exchange,symbol,interval,open_time_ms,open,high,low,close,volume_base,turnover_quote,is_closed
BYBIT,ADAUSDT,240,1769342400000,0.3562,0.3569,0.3502,0.3521,32769235.0,11578838.297,1
BYBIT,ADAUSDT,240,1769356800000,0.3521,0.3521,0.3324,0.3343,152296757.0,52028591.1603,1
BYBIT,ADAUSDT,240,1769371200000,0.3343,0.3396,0.3328,0.3388,45828189.0,15422456.5317,1
BYBIT,ADAUSDT,240,1769385600000,0.3388,0.3494,0.3385,0.3449,48421165.0,16714737.8035,1
BYBIT,ADAUSDT,240,1769400000000,0.3449,0.3497,0.3449,0.348,24692695.0,8582405.7809,1
BYBIT,ADAUSDT,240,1769414400000,0.348,0.3516,0.3447,0.3469,35928353.0,12489406.3923,1
BYBIT,ADAUSDT,240,1769428800000,0.3469,0.3582,0.3465,0.352,77576036.0,27302629.6537,1
BYBIT,ADAUSDT,240,1769443200000,0.352,0.3558,0.3493,0.3519,48885359.0,17248849.7285,1
BYBIT,ADAUSDT,240,1769457600000,0.3519,0.3542,0.3488,0.3519,23033141.0,8105444.0578,1
BYBIT,ADAUSDT,240,1769472000000,0.3519,0.355,0.3507,0.3525,20839784.0,7364411.6943,1
BYBIT,ADAUSDT,240,1769486400000,0.3525,0.3546,0.3507,0.3519,13073783.0,4603578.5211,1
BYBIT,ADAUSDT,240,1769500800000,0.3519,0.3528,0.3487,0.3503,18413497.0,6446904.0875,1
BYBIT,ADAUSDT,240,1769515200000,0.3503,0.3525,0.3475,0.3515,28328302.0,9910996.7593,1
BYBIT,ADAUSDT,240,1769529600000,0.3515,0.3576,0.3489,0.3554,68305670.0,24143584.2163,1
BYBIT,ADAUSDT,240,1769544000000,0.3554,0.3633,0.3554,0.3606,44881898.0,16174921.5673,1
BYBIT,ADAUSDT,240,1769558400000,0.3606,0.3613,0.3558,0.3566,29579411.0,10585653.4347,1
BYBIT,ADAUSDT,240,1769572800000,0.3566,0.3591,0.3548,0.3574,22569547.0,8050767.6764,1
BYBIT,ADAUSDT,240,1769587200000,0.3574,0.3647,0.3562,0.3644,31667155.0,11413549.4274,1
BYBIT,ADAUSDT,240,1769601600000,0.3644,0.3649,0.3544,0.3569,66054230.0,23778331.97,1
BYBIT,ADAUSDT,240,1769616000000,0.3569,0.3613,0.3549,0.3581,37657797.0,13454849.7479,1
BYBIT,ADAUSDT,240,1769630400000,0.3581,0.3613,0.3548,0.3581,24627047.0,8820867.1644,1
BYBIT,ADAUSDT,240,1769644800000,0.3581,0.3589,0.3492,0.3509,49991490.0,17633825.0114,1
BYBIT,ADAUSDT,240,1769659200000,0.3509,0.3522,0.3473,0.3511,28168380.0,9855864.3273,1
BYBIT,ADAUSDT,240,1769673600000,0.3511,0.3515,0.3457,0.3463,25902563.0,9014365.2761,1
BYBIT,ADAUSDT,240,1769688000000,0.3463,0.3469,0.3293,0.333,130389818.0,43940203.1973,1
BYBIT,ADAUSDT,240,1769702400000,0.333,0.3406,0.3268,0.3306,97631357.0,32395613.8564,1
BYBIT,ADAUSDT,240,1769716800000,0.3306,0.3363,0.3298,0.3343,27934496.0,9318516.3913,1
BYBIT,ADAUSDT,240,1769731200000,0.3343,0.3356,0.3178,0.3248,153285313.0,49702720.7649,1
BYBIT,ADAUSDT,240,1769745600000,0.3248,0.3297,0.3195,0.3252,47579932.0,15453233.8931,1
BYBIT,ADAUSDT,240,1769760000000,0.3252,0.329,0.3203,0.3276,30647783.0,9904623.5657,1
BYBIT,ADAUSDT,240,1769774400000,0.3276,0.3282,0.3206,0.3256,65675452.0,21341504.5651,1
BYBIT,ADAUSDT,240,1769788800000,0.3256,0.3317,0.3158,0.3289,86880401.0,28223915.4047,1
BYBIT,ADAUSDT,240,1769803200000,0.3289,0.329,0.3198,0.3207,58806192.0,19064238.0816,1
BYBIT,ADAUSDT,240,1769817600000,0.3207,0.3221,0.3178,0.3183,30043645.0,9608817.9132,1
BYBIT,ADAUSDT,240,1769832000000,0.3183,0.3189,0.3102,0.3122,71404015.0,22410031.5211,1
BYBIT,ADAUSDT,240,1769846400000,0.3122,0.3129,0.3065,0.3102,65465407.0,20280932.5734,1
BYBIT,ADAUSDT,240,1769860800000,0.3102,0.3106,0.2934,0.296,163909783.0,49099248.096,1
BYBIT,ADAUSDT,240,1769875200000,0.296,0.3003,0.2681,0.285,482641817.0,136898592.0974,1
BYBIT,ADAUSDT,240,1769889600000,0.285,0.2955,0.2814,0.2934,95114110.0,27475707.8424,1
BYBIT,ADAUSDT,240,1769904000000,0.2934,0.2976,0.2913,0.2956,42430019.0,12505878.1624,1
BYBIT,ADAUSDT,240,1769918400000,0.2956,0.299,0.2927,0.296,52253416.0,15457221.9669,1
BYBIT,ADAUSDT,240,1769932800000,0.296,0.2979,0.2916,0.2952,43128768.0,12718897.3914,1
BYBIT,ADAUSDT,240,1769947200000,0.2952,0.2966,0.2844,0.2892,126586664.0,36821107.7719,1
BYBIT,ADAUSDT,240,1769961600000,0.2892,0.2928,0.2845,0.2867,74818319.0,21583983.6345,1
BYBIT,ADAUSDT,240,1769976000000,0.2867,0.2909,0.2787,0.2855,104794886.0,29898656.9579,1
BYBIT,ADAUSDT,240,1769990400000,0.2855,0.2933,0.276,0.2862,144775220.0,41133577.4378,1
BYBIT,ADAUSDT,240,1770004800000,0.2862,0.2898,0.2756,0.284,177134061.0,50021538.204,1
BYBIT,ADAUSDT,240,1770019200000,0.284,0.2948,0.284,0.2922,91139837.0,26466506.6975,1
BYBIT,ADAUSDT,240,1770033600000,0.2922,0.3024,0.2922,0.3012,112668816.0,33597625.5217,1
BYBIT,ADAUSDT,240,1770048000000,0.3012,0.3033,0.2988,0.2999,44792458.0,13475050.353,1
BYBIT,ADAUSDT,240,1770062400000,0.2999,0.3012,0.2976,0.2989,33567082.0,10055337.4054,1
BYBIT,ADAUSDT,240,1770076800000,0.2989,0.3002,0.2933,0.2991,44341127.0,13176958.9516,1
BYBIT,ADAUSDT,240,1770091200000,0.2991,0.3017,0.2954,0.2991,40964360.0,12218704.632,1
BYBIT,ADAUSDT,240,1770105600000,0.2991,0.3007,0.2934,0.2971,57289182.0,16979006.4454,1
BYBIT,ADAUSDT,240,1770120000000,0.2971,0.3049,0.293,0.3039,116270310.0,34693688.6546,1
BYBIT,ADAUSDT,240,1770134400000,0.3039,0.3039,0.2815,0.2946,213039998.0,61883947.3164,1
BYBIT,ADAUSDT,240,1770148800000,0.2946,0.3046,0.2895,0.2916,117891367.0,35058398.3332,1
BYBIT,ADAUSDT,240,1770163200000,0.2916,0.3017,0.2905,0.3009,44897340.0,13345511.8741,1
BYBIT,ADAUSDT,240,1770177600000,0.3009,0.3026,0.2961,0.2996,30420560.0,9108263.11,1
BYBIT,ADAUSDT,240,1770192000000,0.2996,0.3025,0.2939,0.297,62413922.0,18595185.6646,1
BYBIT,ADAUSDT,240,1770206400000,0.297,0.2976,0.2831,0.2863,115992582.0,33594269.9905,1
BYBIT,ADAUSDT,240,1770220800000,0.2863,0.2933,0.2811,0.2922,163453621.0,46721546.7811,1
BYBIT,ADAUSDT,240,1770235200000,0.2922,0.2929,0.2794,0.2862,81623407.0,23338442.8345,1
BYBIT,ADAUSDT,240,1770249600000,0.2862,0.2898,0.282,0.2826,87563509.0,25035475.1079,1
BYBIT,ADAUSDT,240,1770264000000,0.2826,0.2865,0.2782,0.2792,109942659.0,31010051.1616,1
BYBIT,ADAUSDT,240,1770278400000,0.2792,0.2839,0.267,0.2719,128875275.0,35389194.8398,1
BYBIT,ADAUSDT,240,1770292800000,0.2719,0.2777,0.2573,0.2622,305248250.0,81380607.2083,1
BYBIT,ADAUSDT,240,1770307200000,0.2622,0.2675,0.2528,0.2535,266306462.0,69111929.4854,1
BYBIT,ADAUSDT,240,1770321600000,0.2535,0.2559,0.2433,0.2451,359062680.0,89230433.7313,1
BYBIT,ADAUSDT,240,1770336000000,0.2451,0.2536,0.2203,0.2487,701598621.0,164300513.72,1
BYBIT,ADAUSDT,240,1770350400000,0.2487,0.2592,0.2477,0.2513,104983499.0,26682594.8614,1
BYBIT,ADAUSDT,240,1770364800000,0.2513,0.2635,0.2486,0.2613,89950988.0,23004556.6892,1
BYBIT,ADAUSDT,240,1770379200000,0.2613,0.2744,0.2596,0.2733,128770058.0,34349468.9824,1
BYBIT,ADAUSDT,240,1770393600000,0.2733,0.2841,0.2723,0.278,135105868.0,37594081.7049,1
BYBIT,ADAUSDT,240,1770408000000,0.278,0.2805,0.2737,0.2758,57635045.0,15952876.6177,1
BYBIT,ADAUSDT,240,1770422400000,0.2758,0.2763,0.2706,0.2758,66569877.0,18209768.2958,1
BYBIT,ADAUSDT,240,1770436800000,0.2758,0.2777,0.2653,0.268,105206439.0,28602052.9399,1
BYBIT,ADAUSDT,240,1770451200000,0.268,0.2703,0.2659,0.267,45135480.0,12092717.7312,1
BYBIT,ADAUSDT,240,1770465600000,0.267,0.2742,0.2667,0.2726,59807864.0,16204817.6758,1
BYBIT,ADAUSDT,240,1770480000000,0.2726,0.2799,0.2711,0.2745,342408083.0,94330868.3774,1
BYBIT,ADAUSDT,240,1770494400000,0.2745,0.2759,0.2702,0.2719,25713257.0,7023862.1477,1
BYBIT,ADAUSDT,240,1770508800000,0.2719,0.2733,0.2691,0.2695,26303535.0,7129814.7626,1
BYBIT,ADAUSDT,240,1770523200000,0.2695,0.2712,0.2684,0.2709,20254476.0,5470458.193,1
BYBIT,ADAUSDT,240,1770537600000,0.2709,0.2761,0.2691,0.2745,49920998.0,13623921.8469,1
BYBIT,ADAUSDT,240,1770552000000,0.2745,0.2754,0.2707,0.2725,56191152.0,15363394.9775,1
BYBIT,ADAUSDT,240,1770566400000,0.2725,0.2747,0.2667,0.2744,58290332.0,15796804.7316,1
BYBIT,ADAUSDT,240,1770580800000,0.2744,0.2764,0.2679,0.2698,54738287.0,14832302.5098,1
BYBIT,ADAUSDT,240,1770595200000,0.2698,0.2738,0.2678,0.2732,41040703.0,11106528.3666,1
BYBIT,ADAUSDT,240,1770609600000,0.2732,0.2733,0.2687,0.2691,22050052.0,5977474.9922,1
BYBIT,ADAUSDT,240,1770624000000,0.2691,0.2698,0.2593,0.2615,56332776.0,14879304.7647,1
BYBIT,ADAUSDT,240,1770638400000,0.2615,0.2681,0.2613,0.2676,58189118.0,15397947.2967,1
BYBIT,ADAUSDT,240,1770652800000,0.2676,0.2735,0.2653,0.271,42853301.0,11575012.596,1
BYBIT,ADAUSDT,240,1770667200000,0.271,0.272,0.2677,0.2697,21988810.0,5936749.4362,1
BYBIT,ADAUSDT,240,1770681600000,0.2697,0.2703,0.2643,0.266,34334738.0,9202923.5072,1
BYBIT,ADAUSDT,240,1770696000000,0.266,0.268,0.2614,0.2628,45062264.0,11905856.5837,1
BYBIT,ADAUSDT,240,1770710400000,0.2628,0.2657,0.2625,0.2627,26021226.0,6869902.8373,1
BYBIT,ADAUSDT,240,1770724800000,0.2627,0.2661,0.261,0.2632,54212091.0,14274977.9065,1
BYBIT,ADAUSDT,240,1770739200000,0.2632,0.265,0.2595,0.2623,46587775.0,12206525.8959,1
BYBIT,ADAUSDT,240,1770753600000,0.2623,0.2629,0.2603,0.2618,16062739.0,4202334.8684,1
BYBIT,ADAUSDT,240,1770768000000,0.2618,0.2647,0.26,0.2624,18292965.0,4803083.4851,1
BYBIT,ADAUSDT,240,1770782400000,0.2624,0.2627,0.2544,0.2553,52272784.0,13450144.9166,1
BYBIT,ADAUSDT,240,1770796800000,0.2553,0.2558,0.2518,0.2551,30545998.0,7758335.2131,1
BYBIT,ADAUSDT,240,1770811200000,0.2551,0.2633,0.2502,0.2529,121836931.0,31130040.9285,1
BYBIT,ADAUSDT,240,1770825600000,0.2529,0.2596,0.251,0.2571,62228537.0,15879991.2714,1
BYBIT,ADAUSDT,240,1770840000000,0.2571,0.2599,0.254,0.2557,42618038.0,10962107.5446,1
BYBIT,ADAUSDT,240,1770854400000,0.2557,0.2595,0.2557,0.2591,21441088.0,5528813.3245,1
BYBIT,ADAUSDT,240,1770868800000,0.2591,0.2629,0.2569,0.2626,36303518.0,9440753.1881,1
BYBIT,ADAUSDT,240,1770883200000,0.2626,0.2696,0.2612,0.2675,59021653.0,15672614.4068,1
BYBIT,ADAUSDT,240,1770897600000,0.2675,0.2679,0.2621,0.2623,50268414.0,13325871.9008,1
BYBIT,ADAUSDT,240,1770912000000,0.2623,0.2644,0.2574,0.2613,62275227.0,16196504.6584,1
BYBIT,ADAUSDT,240,1770926400000,0.2613,0.2646,0.2579,0.2642,25419933.0,6646528.899,1
BYBIT,ADAUSDT,240,1770940800000,0.2642,0.2655,0.2614,0.2627,21277305.0,5591806.7511,1
BYBIT,ADAUSDT,240,1770955200000,0.2627,0.2633,0.258,0.2619,31385514.0,8188423.7079,1
BYBIT,ADAUSDT,240,1770969600000,0.2619,0.2643,0.2616,0.2638,21620383.0,5688141.2992,1
BYBIT,ADAUSDT,240,1770984000000,0.2638,0.2736,0.2619,0.269,76394119.0,20377578.2731,1
BYBIT,ADAUSDT,240,1770998400000,0.269,0.2747,0.2681,0.2724,43955810.0,11965390.6453,1
BYBIT,ADAUSDT,240,1771012800000,0.2724,0.2743,0.2713,0.2727,20872256.0,5695285.2141,1
BYBIT,ADAUSDT,240,1771027200000,0.2727,0.2779,0.2726,0.2773,27222479.0,7490424.1516,1
BYBIT,ADAUSDT,240,1771041600000,0.2773,0.2775,0.2736,0.2756,23809378.0,6557658.5823,1
BYBIT,ADAUSDT,240,1771056000000,0.2756,0.2842,0.2756,0.283,37916293.0,10611994.7541,1
BYBIT,ADAUSDT,240,1771070400000,0.283,0.2869,0.2804,0.2861,46731465.0,13237543.9898,1
BYBIT,ADAUSDT,240,1771084800000,0.2861,0.2997,0.2846,0.2984,85266423.0,24908749.8882,1
BYBIT,ADAUSDT,240,1771099200000,0.2984,0.3006,0.2941,0.2949,57613765.0,17116893.0702,1
BYBIT,ADAUSDT,240,1771113600000,0.2949,0.2983,0.2923,0.2972,64671598.0,19099979.9175,1
BYBIT,ADAUSDT,240,1771128000000,0.2972,0.3009,0.296,0.3005,58579648.0,17483004.2218,1
BYBIT,ADAUSDT,240,1771142400000,0.3005,0.3017,0.2896,0.2904,69292292.0,20426040.8167,1
BYBIT,ADAUSDT,240,1771156800000,0.2904,0.2909,0.2806,0.284,97975183.0,27937522.8874,1
BYBIT,ADAUSDT,240,1771171200000,0.284,0.2843,0.2772,0.279,77105597.0,21607546.5364,1
BYBIT,ADAUSDT,240,1771185600000,0.279,0.2826,0.2776,0.2816,26673062.0,7476342.2785,1
BYBIT,ADAUSDT,240,1771200000000,0.2816,0.2832,0.2792,0.28,15062121.0,4232547.4157,1
BYBIT,ADAUSDT,240,1771214400000,0.28,0.2827,0.2771,0.28,26298568.0,7355800.1216,1
BYBIT,ADAUSDT,240,1771228800000,0.28,0.2856,0.2786,0.2825,39379848.0,11112863.652,1
BYBIT,ADAUSDT,240,1771243200000,0.2825,0.289,0.2764,0.2788,93754046.0,26484691.9866,1
BYBIT,ADAUSDT,240,1771257600000,0.2788,0.2838,0.2783,0.282,38319523.0,10779272.4741,1
BYBIT,ADAUSDT,240,1771272000000,0.282,0.2875,0.2812,0.2856,36594643.0,10426269.2939,1
BYBIT,ADAUSDT,240,1771286400000,0.2856,0.289,0.2827,0.2863,27153942.0,7769747.822,1
BYBIT,ADAUSDT,240,1771300800000,0.2863,0.2896,0.2834,0.2863,30567883.0,8768912.816,1
BYBIT,ADAUSDT,240,1771315200000,0.2863,0.287,0.2791,0.2802,33047912.0,9316572.6683,1
BYBIT,ADAUSDT,240,1771329600000,0.2802,0.2845,0.2771,0.2812,56204580.0,15757146.1729,1
BYBIT,ADAUSDT,240,1771344000000,0.2812,0.2866,0.2782,0.2829,58954423.0,16678803.4348,1
BYBIT,ADAUSDT,240,1771358400000,0.2829,0.2837,0.2801,0.2808,20542300.0,5793255.4246,1
BYBIT,ADAUSDT,240,1771372800000,0.2808,0.2838,0.2788,0.2829,17493585.0,4913178.4502,1
BYBIT,ADAUSDT,240,1771387200000,0.2829,0.2849,0.2815,0.2844,20590809.0,5822736.0346,1
BYBIT,ADAUSDT,240,1771401600000,0.2844,0.2865,0.2802,0.2805,39214103.0,11108981.2621,1
BYBIT,ADAUSDT,240,1771416000000,0.2805,0.2874,0.2784,0.2839,41313112.0,11659629.6001,1
BYBIT,ADAUSDT,240,1771430400000,0.2839,0.2841,0.2712,0.2733,59630626.0,16508492.1427,1
BYBIT,ADAUSDT,240,1771444800000,0.2733,0.2756,0.272,0.2734,29988084.0,8203039.3115,1
BYBIT,ADAUSDT,240,1771459200000,0.2734,0.2757,0.272,0.275,24961751.0,6837132.0957,1
BYBIT,ADAUSDT,240,1771473600000,0.275,0.2772,0.2731,0.2761,18040326.0,4968110.5871,1
BYBIT,ADAUSDT,240,1771488000000,0.2761,0.2763,0.2719,0.272,42576843.0,11645179.5276,1
BYBIT,ADAUSDT,240,1771502400000,0.272,0.2736,0.2683,0.2701,63042029.0,17066384.7359,1
BYBIT,ADAUSDT,240,1771516800000,0.2701,0.2739,0.2669,0.2727,48631042.0,13142994.122,1
BYBIT,ADAUSDT,240,1771531200000,0.2727,0.2733,0.2706,0.2728,17540381.0,4774563.8634,1
BYBIT,ADAUSDT,240,1771545600000,0.2728,0.2751,0.2721,0.2736,14765049.0,4043808.6074,1
BYBIT,ADAUSDT,240,1771560000000,0.2736,0.2759,0.2708,0.2735,26037851.0,7129616.5514,1
BYBIT,ADAUSDT,240,1771574400000,0.2735,0.2798,0.2732,0.2766,28671968.0,7949725.9813,1
BYBIT,ADAUSDT,240,1771588800000,0.2766,0.2887,0.2695,0.2887,98491942.0,27487683.7868,1
BYBIT,ADAUSDT,240,1771603200000,0.2887,0.2937,0.2798,0.2828,103763759.0,29674804.0947,1
BYBIT,ADAUSDT,240,1771617600000,0.2828,0.2858,0.2821,0.2846,16412966.0,4662594.023,1
BYBIT,ADAUSDT,240,1771632000000,0.2846,0.2853,0.2819,0.2829,16976551.0,4807621.6422,1
BYBIT,ADAUSDT,240,1771646400000,0.2829,0.2843,0.2806,0.2812,13876911.0,3917092.3083,1
BYBIT,ADAUSDT,240,1771660800000,0.2812,0.2865,0.281,0.2833,25998665.0,7383962.9181,1
BYBIT,ADAUSDT,240,1771675200000,0.2833,0.285,0.2815,0.2823,25072118.0,7099371.1846,1
BYBIT,ADAUSDT,240,1771689600000,0.2823,0.2826,0.2791,0.2801,24455642.0,6866343.1052,1
BYBIT,ADAUSDT,240,1771704000000,0.2801,0.2813,0.2786,0.2798,21810248.0,6108192.9912,1
BYBIT,ADAUSDT,240,1771718400000,0.2798,0.2799,0.2753,0.2771,25615402.0,7115071.3356,1
BYBIT,ADAUSDT,240,1771732800000,0.2771,0.2775,0.2747,0.2756,15167419.0,4185719.1804,1
BYBIT,ADAUSDT,240,1771747200000,0.2756,0.2774,0.2748,0.2757,13633051.0,3762929.0301,1
BYBIT,ADAUSDT,240,1771761600000,0.2757,0.2759,0.2701,0.2717,36812517.0,10024454.134,1
BYBIT,ADAUSDT,240,1771776000000,0.2717,0.2717,0.2686,0.2697,32423374.0,8752928.6259,1
BYBIT,ADAUSDT,240,1771790400000,0.2697,0.2721,0.2685,0.2715,19449182.0,5256359.1912,1
BYBIT,ADAUSDT,240,1771804800000,0.2715,0.2717,0.2569,0.2609,115835636.0,30320168.7344,1
BYBIT,ADAUSDT,240,1771819200000,0.2609,0.2676,0.2593,0.2665,34764144.0,9167636.6803,1
BYBIT,ADAUSDT,240,1771833600000,0.2665,0.2719,0.2647,0.2712,33355305.0,8995566.7141,1
BYBIT,ADAUSDT,240,1771848000000,0.2712,0.2753,0.2663,0.2668,50607544.0,13720417.2639,1
BYBIT,ADAUSDT,240,1771862400000,0.2668,0.2684,0.2601,0.2618,54692153.0,14439232.4567,1
BYBIT,ADAUSDT,240,1771876800000,0.2618,0.2649,0.2604,0.2621,21827825.0,5741834.6725,1
BYBIT,ADAUSDT,240,1771891200000,0.2621,0.2644,0.2575,0.2585,44133619.0,11498361.25,1
BYBIT,ADAUSDT,240,1771905600000,0.2585,0.259,0.2553,0.2574,31139334.0,8005356.238,1
BYBIT,ADAUSDT,240,1771920000000,0.2574,0.2586,0.2558,0.2573,17849752.0,4589698.0278,1
BYBIT,ADAUSDT,240,1771934400000,0.2573,0.261,0.2534,0.2596,47121008.0,12088775.2927,1
BYBIT,ADAUSDT,240,1771948800000,0.2596,0.2626,0.2592,0.2603,25048551.0,6535426.7096,1
BYBIT,ADAUSDT,240,1771963200000,0.2603,0.2609,0.2575,0.2585,24871433.0,6453321.9831,1
BYBIT,ADAUSDT,240,1771977600000,0.2585,0.2714,0.2577,0.2659,65032487.0,17345361.4392,1
BYBIT,ADAUSDT,240,1771992000000,0.2659,0.2666,0.2619,0.2659,28689943.0,7596147.9666,1
BYBIT,ADAUSDT,240,1772006400000,0.2659,0.2712,0.2654,0.271,32005523.0,8614352.657,1
BYBIT,ADAUSDT,240,1772020800000,0.271,0.2925,0.2709,0.2904,148134607.0,42011595.2028,1
BYBIT,ADAUSDT,240,1772035200000,0.2904,0.3037,0.2904,0.3028,130791405.0,38755049.4041,1
BYBIT,ADAUSDT,240,1772049600000,0.3028,0.3135,0.2937,0.2971,237368275.0,72713065.2933,1
BYBIT,ADAUSDT,240,1772064000000,0.2971,0.3009,0.2935,0.2951,58926779.0,17482520.0184,1
BYBIT,ADAUSDT,240,1772078400000,0.2951,0.2999,0.2926,0.293,49885019.0,14730051.4861,1
BYBIT,ADAUSDT,240,1772092800000,0.293,0.2956,0.2886,0.2892,65225668.0,19083658.4344,1
BYBIT,ADAUSDT,240,1772107200000,0.2892,0.2947,0.2889,0.2913,73144243.0,21302917.7876,1
BYBIT,ADAUSDT,240,1772121600000,0.2913,0.2913,0.2819,0.2881,86122334.0,24642719.6018,1
BYBIT,ADAUSDT,240,1772136000000,0.2881,0.2896,0.2839,0.2868,24314934.0,6961569.4908,1
BYBIT,ADAUSDT,240,1772150400000,0.2868,0.2906,0.2846,0.29,22530087.0,6472185.5734,1
BYBIT,ADAUSDT,240,1772164800000,0.29,0.2961,0.2892,0.2903,39448630.0,11543057.1162,1
BYBIT,ADAUSDT,240,1772179200000,0.2903,0.2937,0.2811,0.2816,52351626.0,15061126.6704,1
BYBIT,ADAUSDT,240,1772193600000,0.2816,0.2847,0.2791,0.2804,62227756.0,17543470.5443,1
BYBIT,ADAUSDT,240,1772208000000,0.2804,0.2805,0.274,0.2754,59108542.0,16376287.7527,1
BYBIT,ADAUSDT,240,1772222400000,0.2754,0.2783,0.2723,0.2774,26725796.0,7370583.2008,1
BYBIT,ADAUSDT,240,1772236800000,0.2774,0.2794,0.2763,0.2766,23791408.0,6604729.8091,1
BYBIT,ADAUSDT,240,1772251200000,0.2766,0.2774,0.2608,0.2649,149006664.0,39910156.2902,1
BYBIT,ADAUSDT,240,1772265600000,0.2649,0.2655,0.2589,0.2626,63161953.0,16579523.3057,1
BYBIT,ADAUSDT,240,1772280000000,0.2626,0.2716,0.2624,0.2677,71926500.0,19207836.7969,1
BYBIT,ADAUSDT,240,1772294400000,0.2677,0.2779,0.266,0.2753,61829056.0,16828453.8028,1
BYBIT,ADAUSDT,240,1772308800000,0.2753,0.2842,0.2743,0.2808,53862617.0,15049996.0791,1
BYBIT,ADAUSDT,240,1772323200000,0.2808,0.292,0.2774,0.2868,61946484.0,17721370.8953,1
BYBIT,ADAUSDT,240,1772337600000,0.2868,0.2877,0.2816,0.2827,32524606.0,9244360.0623,1
BYBIT,ADAUSDT,240,1772352000000,0.2827,0.2834,0.277,0.2778,32725853.0,9143879.4199,1
BYBIT,ADAUSDT,240,1772366400000,0.2778,0.2833,0.2747,0.28,57377102.0,16040918.2915,1
BYBIT,ADAUSDT,240,1772380800000,0.28,0.2819,0.2726,0.2735,62524639.0,17285199.894,1
BYBIT,ADAUSDT,240,1772395200000,0.2735,0.2768,0.269,0.2734,66086140.0,17993493.5372,1
BYBIT,ADAUSDT,240,1772409600000,0.2734,0.2802,0.272,0.277,43891882.0,12113253.8565,1
BYBIT,ADAUSDT,240,1772424000000,0.277,0.2779,0.2688,0.2706,30002199.0,8196335.4053,1
BYBIT,ADAUSDT,240,1772438400000,0.2706,0.2744,0.2682,0.2719,34330127.0,9311482.6393,1
BYBIT,ADAUSDT,240,1772452800000,0.2719,0.2866,0.2695,0.2841,83374322.0,23248847.361,1
BYBIT,ADAUSDT,240,1772467200000,0.2841,0.2885,0.2779,0.2804,77283422.0,21873670.1838,1
BYBIT,ADAUSDT,240,1772481600000,0.2804,0.2823,0.2755,0.2768,43512488.0,12129032.0965,1
BYBIT,ADAUSDT,240,1772496000000,0.2768,0.2769,0.2714,0.2733,50887458.0,13959729.7286,1
BYBIT,ADAUSDT,240,1772510400000,0.2733,0.2737,0.2676,0.2687,41172638.0,11120461.5631,1
BYBIT,ADAUSDT,240,1772524800000,0.2687,0.2699,0.2624,0.2646,71535750.0,18976807.4568,1
BYBIT,ADAUSDT,240,1772539200000,0.2646,0.2672,0.2611,0.265,77197883.0,20370881.9863,1
BYBIT,ADAUSDT,240,1772553600000,0.265,0.272,0.2624,0.2634,112257489.0,29910002.0805,1
BYBIT,ADAUSDT,240,1772568000000,0.2634,0.2648,0.2601,0.2624,59990102.0,15747326.4313,1
BYBIT,ADAUSDT,240,1772582400000,0.2624,0.2662,0.2605,0.2626,47375684.0,12451892.1685,1
BYBIT,ADAUSDT,240,1772596800000,0.2626,0.2653,0.2582,0.2647,79621475.0,20764166.0971,1
BYBIT,ADAUSDT,240,1772611200000,0.2647,0.2742,0.2635,0.2686,123818279.0,33471276.9713,1
BYBIT,ADAUSDT,240,1772625600000,0.2686,0.2812,0.2656,0.2808,116296692.0,31863710.0207,1
BYBIT,ADAUSDT,240,1772640000000,0.2808,0.285,0.2769,0.2822,100104377.0,28162450.8988,1
BYBIT,ADAUSDT,240,1772654400000,0.2822,0.2828,0.2736,0.2761,56369441.0,15709609.6171,1
BYBIT,ADAUSDT,240,1772668800000,0.2761,0.2767,0.2725,0.274,45821605.0,12574700.6588,1
BYBIT,ADAUSDT,240,1772683200000,0.274,0.2764,0.2706,0.2722,38387710.0,10492037.7664,1
BYBIT,ADAUSDT,240,1772697600000,0.2722,0.2775,0.2701,0.2741,53387874.0,14634583.5384,1
BYBIT,ADAUSDT,240,1772712000000,0.2741,0.2779,0.2695,0.271,75567757.0,20662555.2881,1
BYBIT,ADAUSDT,240,1772726400000,0.271,0.2718,0.2649,0.2692,78597714.0,21063471.5686,1
BYBIT,ADAUSDT,240,1772740800000,0.2692,0.2719,0.2676,0.269,26220215.0,7074120.4853,1
BYBIT,ADAUSDT,240,1772755200000,0.269,0.2714,0.267,0.2704,19573110.0,5275974.8081,1
BYBIT,ADAUSDT,240,1772769600000,0.2704,0.2718,0.267,0.2715,23198843.0,6239638.1777,1
BYBIT,ADAUSDT,240,1772784000000,0.2715,0.2716,0.2654,0.2661,51706506.0,13836066.1872,1
BYBIT,ADAUSDT,240,1772798400000,0.2661,0.2689,0.2555,0.2565,164370296.0,43094463.1039,1
BYBIT,ADAUSDT,240,1772812800000,0.2565,0.2604,0.2552,0.2583,51248864.0,13195124.6368,1
BYBIT,ADAUSDT,240,1772827200000,0.2583,0.26,0.2571,0.2588,21668627.0,5600105.2361,1
BYBIT,ADAUSDT,240,1772841600000,0.2588,0.2608,0.2583,0.2586,16234591.0,4209713.7309,1
BYBIT,ADAUSDT,240,1772856000000,0.2586,0.2591,0.2568,0.2582,24731525.0,6379463.9089,1
BYBIT,ADAUSDT,240,1772870400000,0.2582,0.2593,0.2572,0.2585,24175429.0,6239934.9182,1
BYBIT,ADAUSDT,240,1772884800000,0.2585,0.2588,0.2513,0.2548,97082023.0,24695053.0425,1
BYBIT,ADAUSDT,240,1772899200000,0.2548,0.2571,0.2532,0.2541,44288135.0,11297585.1625,1
BYBIT,ADAUSDT,240,1772913600000,0.2541,0.2554,0.2526,0.2543,29100792.0,7404040.214,1
BYBIT,ADAUSDT,240,1772928000000,0.2543,0.2546,0.2506,0.2519,27154218.0,6864564.6859,1
BYBIT,ADAUSDT,240,1772942400000,0.2519,0.2534,0.2494,0.2522,33046279.0,8313960.6489,1
BYBIT,ADAUSDT,240,1772956800000,0.2522,0.2573,0.2507,0.2546,45208650.0,11489828.3887,1
BYBIT,ADAUSDT,240,1772971200000,0.2546,0.2551,0.2479,0.2494,60273533.0,15140397.1982,1
BYBIT,ADAUSDT,240,1772985600000,0.2494,0.2541,0.2482,0.253,28231413.0,7080816.6914,1
BYBIT,ADAUSDT,240,1773000000000,0.253,0.2544,0.2454,0.249,79517117.0,19858236.1962,1
BYBIT,ADAUSDT,240,1773014400000,0.249,0.2565,0.2486,0.2534,57750606.0,14571069.6579,1
BYBIT,ADAUSDT,240,1773028800000,0.2534,0.2593,0.2523,0.2549,45835770.0,11710202.9651,1
BYBIT,ADAUSDT,240,1773043200000,0.2549,0.2585,0.2533,0.2549,41311756.0,10572347.6748,1
BYBIT,ADAUSDT,240,1773057600000,0.2549,0.2599,0.2541,0.2557,72992795.0,18779763.3108,1
BYBIT,ADAUSDT,240,1773072000000,0.2557,0.2628,0.2549,0.2593,75214816.0,19396692.8905,1
BYBIT,ADAUSDT,240,1773086400000,0.2593,0.26,0.2545,0.2549,49865977.0,12819340.6413,1
BYBIT,ADAUSDT,240,1773100800000,0.2549,0.2634,0.2548,0.2587,48626947.0,12616061.8093,1
BYBIT,ADAUSDT,240,1773115200000,0.2587,0.2617,0.2581,0.2602,35227227.0,9152610.4509,1
BYBIT,ADAUSDT,240,1773129600000,0.2602,0.2682,0.2601,0.2641,61960326.0,16415746.1322,1
BYBIT,ADAUSDT,240,1773144000000,0.2641,0.2736,0.2608,0.2711,117571940.0,31351870.2835,1
BYBIT,ADAUSDT,240,1773158400000,0.2711,0.2739,0.2619,0.2622,85097864.0,22820510.0382,1
BYBIT,ADAUSDT,240,1773172800000,0.2622,0.2643,0.2602,0.2619,39740875.0,10416135.2581,1
BYBIT,ADAUSDT,240,1773187200000,0.2619,0.2624,0.2584,0.2595,34919750.0,9084840.8929,1
BYBIT,ADAUSDT,240,1773201600000,0.2595,0.2622,0.2563,0.2574,30994551.0,8021639.92,1
BYBIT,ADAUSDT,240,1773216000000,0.2574,0.2599,0.2568,0.2585,24596675.0,6350997.8444,1
BYBIT,ADAUSDT,240,1773230400000,0.2585,0.2677,0.2578,0.2623,84750130.0,22284957.171,1
BYBIT,ADAUSDT,240,1773244800000,0.2623,0.2667,0.2617,0.2651,44007382.0,11632516.2437,1
BYBIT,ADAUSDT,240,1773259200000,0.2651,0.2661,0.2616,0.2625,25854427.0,6818796.1423,1
BYBIT,ADAUSDT,240,1773273600000,0.2625,0.263,0.2583,0.2588,32042144.0,8344526.2035,1
BYBIT,ADAUSDT,240,1773288000000,0.2588,0.2609,0.2576,0.2605,25139137.0,6519147.4018,1
BYBIT,ADAUSDT,240,1773302400000,0.2605,0.2638,0.2598,0.2619,48548296.0,12710254.3167,1
BYBIT,ADAUSDT,240,1773316800000,0.2619,0.2641,0.258,0.2617,88152141.0,23042513.6447,1
BYBIT,ADAUSDT,240,1773331200000,0.2617,0.2638,0.26,0.2628,34046784.0,8922659.5573,1
BYBIT,ADAUSDT,240,1773345600000,0.2628,0.2657,0.2614,0.2633,46277561.0,12189711.611,1
BYBIT,ADAUSDT,240,1773360000000,0.2633,0.2728,0.2627,0.2716,75362729.0,20302303.3709,1
BYBIT,ADAUSDT,240,1773374400000,0.2716,0.2758,0.2701,0.2714,43391687.0,11840959.6404,1
BYBIT,ADAUSDT,240,1773388800000,0.2714,0.2757,0.2706,0.2742,42256135.0,11560021.8448,1
BYBIT,ADAUSDT,240,1773403200000,0.2742,0.2815,0.2704,0.2713,109996270.0,30419584.6932,1
BYBIT,ADAUSDT,240,1773417600000,0.2713,0.2729,0.2658,0.2671,56712097.0,15251581.7629,1
BYBIT,ADAUSDT,240,1773432000000,0.2671,0.2687,0.2634,0.2653,31771035.0,8451104.3668,1
BYBIT,ADAUSDT,240,1773446400000,0.2653,0.266,0.2628,0.2652,39935239.0,10567257.0949,1
BYBIT,ADAUSDT,240,1773460800000,0.2652,0.2664,0.2609,0.2616,36995617.0,9731583.6219,1
BYBIT,ADAUSDT,240,1773475200000,0.2616,0.2617,0.259,0.2609,39196654.0,10200075.2651,1
BYBIT,ADAUSDT,240,1773489600000,0.2609,0.2618,0.2597,0.2605,22459767.0,5854327.2593,1
BYBIT,ADAUSDT,240,1773504000000,0.2605,0.2615,0.2583,0.259,22729575.0,5903194.9578,1
BYBIT,ADAUSDT,240,1773518400000,0.259,0.2639,0.2586,0.2634,24726590.0,6446064.5578,1
BYBIT,ADAUSDT,240,1773532800000,0.2634,0.266,0.2611,0.2647,24408248.0,6434961.7401,1
BYBIT,ADAUSDT,240,1773547200000,0.2647,0.2671,0.263,0.2645,29352086.0,7782039.8497,1
BYBIT,ADAUSDT,240,1773561600000,0.2645,0.2663,0.2644,0.2655,18789475.0,4985110.3433,1
BYBIT,ADAUSDT,240,1773576000000,0.2655,0.2663,0.2621,0.2635,29417124.0,7758332.4866,1
BYBIT,ADAUSDT,240,1773590400000,0.2635,0.2654,0.2619,0.2635,22518510.0,5930265.1246,1
BYBIT,ADAUSDT,240,1773604800000,0.2635,0.2719,0.2624,0.27,62709211.0,16812473.1149,1
BYBIT,ADAUSDT,240,1773619200000,0.27,0.2804,0.2685,0.2772,77541988.0,21242058.6862,1
BYBIT,ADAUSDT,240,1773633600000,0.2772,0.2925,0.2772,0.2898,135497547.0,38762865.8074,1
BYBIT,ADAUSDT,240,1773648000000,0.2898,0.2935,0.2841,0.2853,80168707.0,23015188.2659,1
BYBIT,ADAUSDT,240,1773662400000,0.2853,0.2891,0.2821,0.2835,95800745.0,27352985.6423,1
BYBIT,ADAUSDT,240,1773676800000,0.2835,0.2896,0.2833,0.2881,55847065.0,16010435.752,1
BYBIT,ADAUSDT,240,1773691200000,0.2881,0.2916,0.2866,0.2902,50658840.0,14641257.0557,1
BYBIT,ADAUSDT,240,1773705600000,0.2902,0.2931,0.284,0.2855,70729173.0,20485953.0471,1
BYBIT,ADAUSDT,240,1773720000000,0.2855,0.2883,0.2816,0.2864,58747424.0,16707312.206,1
BYBIT,ADAUSDT,240,1773734400000,0.2864,0.2884,0.2849,0.2867,31808716.0,9114360.2172,1
BYBIT,ADAUSDT,240,1773748800000,0.2867,0.2894,0.2834,0.2863,59810376.0,17098206.6878,1
BYBIT,ADAUSDT,240,1773763200000,0.2863,0.2913,0.2856,0.2882,36376473.0,10495003.778,1
BYBIT,ADAUSDT,240,1773777600000,0.2882,0.2921,0.2876,0.2887,27135756.0,7871138.7998,1
BYBIT,ADAUSDT,240,1773792000000,0.2887,0.2938,0.2862,0.2915,36739100.0,10644020.3324,1
BYBIT,ADAUSDT,240,1773806400000,0.2915,0.2956,0.2871,0.2883,42163800.0,12261486.8178,1
BYBIT,ADAUSDT,240,1773820800000,0.2883,0.2913,0.2783,0.2794,66712571.0,18963856.2552,1
BYBIT,ADAUSDT,240,1773835200000,0.2794,0.2797,0.2694,0.2713,92292654.0,25321974.7942,1
BYBIT,ADAUSDT,240,1773849600000,0.2713,0.2749,0.2696,0.2722,44048427.0,11982115.4946,1
BYBIT,ADAUSDT,240,1773864000000,0.2722,0.2746,0.2699,0.274,21217883.0,5787310.677,1
BYBIT,ADAUSDT,240,1773878400000,0.274,0.2766,0.2711,0.2744,23107468.0,6324816.6477,1
BYBIT,ADAUSDT,240,1773892800000,0.2744,0.2747,0.266,0.2683,46205104.0,12481490.069,1
BYBIT,ADAUSDT,240,1773907200000,0.2683,0.2718,0.2672,0.2685,50111464.0,13500276.9114,1
BYBIT,ADAUSDT,240,1773921600000,0.2685,0.2686,0.2628,0.2654,82942041.0,21985711.1817,1
BYBIT,ADAUSDT,240,1773936000000,0.2654,0.2689,0.2621,0.2672,30411573.0,8066587.9645,1
BYBIT,ADAUSDT,240,1773950400000,0.2672,0.2687,0.2654,0.2672,20417988.0,5456209.1832,1
BYBIT,ADAUSDT,240,1773964800000,0.2672,0.2708,0.2672,0.2697,17360423.0,4671786.1431,1
BYBIT,ADAUSDT,240,1773979200000,0.2697,0.2728,0.2676,0.2699,31310360.0,8457309.6313,1
BYBIT,ADAUSDT,240,1773993600000,0.2699,0.2725,0.2671,0.2679,24720081.0,6660013.1094,1
BYBIT,ADAUSDT,240,1774008000000,0.2679,0.2688,0.2643,0.2665,39391081.0,10490298.2836,1
BYBIT,ADAUSDT,240,1774022400000,0.2665,0.2667,0.2614,0.2638,29074961.0,7679500.1292,1
BYBIT,ADAUSDT,240,1774036800000,0.2638,0.2677,0.262,0.2659,27319701.0,7242954.8967,1
BYBIT,ADAUSDT,240,1774051200000,0.2659,0.2672,0.2653,0.2658,11963681.0,3183855.4862,1
BYBIT,ADAUSDT,240,1774065600000,0.2658,0.2669,0.2647,0.2647,10904204.0,2899857.4836,1
BYBIT,ADAUSDT,240,1774080000000,0.2647,0.2658,0.2637,0.2645,14239896.0,3764543.7826,1
BYBIT,ADAUSDT,240,1774094400000,0.2645,0.2653,0.2628,0.2646,17443447.0,4607277.2326,1
BYBIT,ADAUSDT,240,1774108800000,0.2646,0.2648,0.2634,0.2647,7918196.0,2091730.1301,1
BYBIT,ADAUSDT,240,1774123200000,0.2647,0.2663,0.2552,0.2571,65815133.0,17139384.0209,1
BYBIT,ADAUSDT,240,1774137600000,0.2571,0.2601,0.2523,0.2581,76080801.0,19482721.9943,1
BYBIT,ADAUSDT,240,1774152000000,0.2581,0.259,0.2564,0.2565,30293880.0,7805571.3551,1
BYBIT,ADAUSDT,240,1774166400000,0.2565,0.2572,0.2545,0.2548,33613485.0,8590873.5383,1
BYBIT,ADAUSDT,240,1774180800000,0.2548,0.2571,0.2548,0.2555,24567697.0,6284189.2459,1
BYBIT,ADAUSDT,240,1774195200000,0.2555,0.2557,0.2505,0.2515,48115802.0,12183605.1475,1
BYBIT,ADAUSDT,240,1774209600000,0.2515,0.2527,0.2477,0.2505,49818477.0,12463692.7782,1
BYBIT,ADAUSDT,240,1774224000000,0.2505,0.254,0.2493,0.2511,36333179.0,9139403.5412,1
BYBIT,ADAUSDT,240,1774238400000,0.2511,0.2528,0.2474,0.2498,49512615.0,12377532.5797,1
BYBIT,ADAUSDT,240,1774252800000,0.2498,0.2644,0.2476,0.2586,336738663.0,87237149.533,1
BYBIT,ADAUSDT,240,1774267200000,0.2586,0.2668,0.2567,0.261,98720330.0,25864722.0138,1
BYBIT,ADAUSDT,240,1774281600000,0.261,0.2636,0.2584,0.2608,52488293.0,13705643.2896,1
BYBIT,ADAUSDT,240,1774296000000,0.2608,0.2644,0.26,0.2615,20787629.0,5447301.3899,1
BYBIT,ADAUSDT,240,1774310400000,0.2615,0.2624,0.2579,0.2614,36107281.0,9377112.937,1
BYBIT,ADAUSDT,240,1774324800000,0.2614,0.2659,0.2595,0.2656,36564418.0,9588184.7146,1
BYBIT,ADAUSDT,240,1774339200000,0.2656,0.2683,0.2618,0.2636,65292592.0,17334953.4593,1
BYBIT,ADAUSDT,240,1774353600000,0.2636,0.2638,0.2589,0.2609,48097730.0,12580923.7513,1
BYBIT,ADAUSDT,240,1774368000000,0.2609,0.2619,0.258,0.26,29525232.0,7667150.0928,1
BYBIT,ADAUSDT,240,1774382400000,0.26,0.2669,0.2597,0.2662,43492878.0,11513072.5872,1
BYBIT,ADAUSDT,240,1774396800000,0.2662,0.269,0.2654,0.2676,44061763.0,11784262.5329,1
BYBIT,ADAUSDT,240,1774411200000,0.2676,0.2716,0.2668,0.2692,47260118.0,12718836.8698,1
BYBIT,ADAUSDT,240,1774425600000,0.2692,0.2747,0.2692,0.273,49223111.0,13394255.406,1
BYBIT,ADAUSDT,240,1774440000000,0.273,0.2767,0.2684,0.2701,70995768.0,19368761.3007,1
BYBIT,ADAUSDT,240,1774454400000,0.2701,0.2726,0.2693,0.2704,32524665.0,8810479.789,1
BYBIT,ADAUSDT,240,1774468800000,0.2704,0.2712,0.268,0.2703,25232069.0,6802073.5278,1
BYBIT,ADAUSDT,240,1774483200000,0.2703,0.2706,0.2656,0.2662,26633553.0,7133328.5823,1
BYBIT,ADAUSDT,240,1774497600000,0.2662,0.2664,0.2607,0.262,39779746.0,10461176.4526,1
BYBIT,ADAUSDT,240,1774512000000,0.262,0.262,0.2565,0.2571,54326680.0,14038682.2953,1
BYBIT,ADAUSDT,240,1774526400000,0.2571,0.2597,0.2542,0.2559,50017405.0,12854794.7514,1
BYBIT,ADAUSDT,240,1774540800000,0.2559,0.2566,0.2528,0.2535,27598768.0,7020446.3577,1
BYBIT,ADAUSDT,240,1774555200000,0.2535,0.2575,0.2524,0.2546,67352124.0,17193910.674,1
BYBIT,ADAUSDT,240,1774569600000,0.2546,0.256,0.2533,0.2543,16705810.0,4251415.5236,1
BYBIT,ADAUSDT,240,1774584000000,0.2543,0.2555,0.2522,0.2546,21350028.0,5418563.8003,1
BYBIT,ADAUSDT,240,1774598400000,0.2546,0.2551,0.2439,0.2472,95872822.0,23867628.9256,1
BYBIT,ADAUSDT,240,1774612800000,0.2472,0.2497,0.2457,0.2474,59926555.0,14817552.3544,1
BYBIT,ADAUSDT,240,1774627200000,0.2474,0.2485,0.245,0.2463,32417124.0,7991454.1142,1
BYBIT,ADAUSDT,240,1774641600000,0.2463,0.247,0.2446,0.2458,20047706.0,4927462.6114,1
BYBIT,ADAUSDT,240,1774656000000,0.2458,0.2471,0.2444,0.2446,20307607.0,4989799.9088,1
BYBIT,ADAUSDT,240,1774670400000,0.2446,0.2484,0.2438,0.2483,18446397.0,4536972.9563,1
BYBIT,ADAUSDT,240,1774684800000,0.2483,0.2492,0.2471,0.2483,22907589.0,5684125.3504,1
BYBIT,ADAUSDT,240,1774699200000,0.2483,0.2528,0.2465,0.2513,52750691.0,13196563.3664,1
BYBIT,ADAUSDT,240,1774713600000,0.2513,0.2517,0.2491,0.2497,22147874.0,5542925.9025,1
BYBIT,ADAUSDT,240,1774728000000,0.2497,0.2505,0.2448,0.2457,37314501.0,9234230.8719,1
BYBIT,ADAUSDT,240,1774742400000,0.2457,0.2472,0.2449,0.2466,16833629.0,4142235.0312,1
BYBIT,ADAUSDT,240,1774756800000,0.2466,0.2466,0.2426,0.2449,39054859.0,9558900.8815,1
BYBIT,ADAUSDT,240,1774771200000,0.2449,0.2453,0.2415,0.2436,40265439.0,9804601.9081,1
BYBIT,ADAUSDT,240,1774785600000,0.2436,0.2436,0.2401,0.2413,45303744.0,10942004.2913,1
BYBIT,ADAUSDT,240,1774800000000,0.2413,0.2422,0.2393,0.2399,28522210.0,6863689.6953,1
BYBIT,ADAUSDT,240,1774814400000,0.2399,0.2419,0.2323,0.2396,107748468.0,25602396.5201,1
BYBIT,ADAUSDT,240,1774828800000,0.2396,0.2476,0.2393,0.246,64077646.0,15626610.338,1
BYBIT,ADAUSDT,240,1774843200000,0.246,0.2493,0.2456,0.2485,46623006.0,11508827.5572,1
BYBIT,ADAUSDT,240,1774857600000,0.2485,0.2527,0.2474,0.2504,79136838.0,19782405.2452,1
BYBIT,ADAUSDT,240,1774872000000,0.2504,0.2515,0.247,0.2482,48273353.0,12038038.2492,1
BYBIT,ADAUSDT,240,1774886400000,0.2482,0.2487,0.2423,0.2435,49830508.0,12215283.9372,1
BYBIT,ADAUSDT,240,1774900800000,0.2435,0.2461,0.2423,0.2433,29449121.0,7190073.7149,1
BYBIT,ADAUSDT,240,1774915200000,0.2433,0.2493,0.2431,0.246,34276554.0,8443133.2703,1
BYBIT,ADAUSDT,240,1774929600000,0.246,0.2464,0.2429,0.2435,37059793.0,9060786.095,1
BYBIT,ADAUSDT,240,1774944000000,0.2435,0.2441,0.2394,0.241,64538438.0,15579629.2506,1
BYBIT,ADAUSDT,240,1774958400000,0.241,0.2454,0.2374,0.2378,82200410.0,19860410.695,1
BYBIT,ADAUSDT,240,1774972800000,0.2378,0.242,0.2342,0.2407,93239966.0,22258314.1191,1
BYBIT,ADAUSDT,240,1774987200000,0.2407,0.2424,0.238,0.2415,43356132.0,10432119.8284,1
BYBIT,ADAUSDT,240,1775001600000,0.2415,0.2464,0.2411,0.2455,68595449.0,16692706.7764,1
BYBIT,ADAUSDT,240,1775016000000,0.2455,0.2547,0.244,0.2497,82556557.0,20619201.1432,1
BYBIT,ADAUSDT,240,1775030400000,0.2497,0.2501,0.2457,0.2482,51721843.0,12810703.7348,1
BYBIT,ADAUSDT,240,1775044800000,0.2482,0.2509,0.2452,0.2491,77856487.0,19333965.4042,1
BYBIT,ADAUSDT,240,1775059200000,0.2491,0.2524,0.248,0.2495,49040311.0,12250700.2555,1
BYBIT,ADAUSDT,240,1775073600000,0.2495,0.2506,0.2471,0.2483,24649842.0,6126878.2685,1
BYBIT,ADAUSDT,240,1775088000000,0.2483,0.2506,0.2375,0.2388,151732101.0,36987270.3352,1
BYBIT,ADAUSDT,240,1775102400000,0.2388,0.239,0.2356,0.2388,65135106.0,15474230.851,1
BYBIT,ADAUSDT,240,1775116800000,0.2388,0.2394,0.2358,0.2368,62492508.0,14853953.7736,1
BYBIT,ADAUSDT,240,1775131200000,0.2368,0.2432,0.2346,0.2396,98078078.0,23369589.6484,1
BYBIT,ADAUSDT,240,1775145600000,0.2396,0.2426,0.2377,0.2395,39345791.0,9442651.5052,1
BYBIT,ADAUSDT,240,1775160000000,0.2395,0.2408,0.2384,0.2392,17024740.0,4078008.5845,1
BYBIT,ADAUSDT,240,1775174400000,0.2392,0.2414,0.2386,0.241,20473561.0,4907721.8962,1
BYBIT,ADAUSDT,240,1775188800000,0.241,0.2452,0.241,0.2435,60603075.0,14757691.5034,1
BYBIT,ADAUSDT,240,1775203200000,0.2435,0.2465,0.2425,0.2455,59360735.0,14493361.2394,1
BYBIT,ADAUSDT,240,1775217600000,0.2455,0.2514,0.2445,0.246,119933160.0,29727134.4104,1
BYBIT,ADAUSDT,240,1775232000000,0.246,0.2506,0.2458,0.2475,50303175.0,12470028.2355,1
BYBIT,ADAUSDT,240,1775246400000,0.2475,0.2487,0.2447,0.2462,21965742.0,5426919.7129,1
BYBIT,ADAUSDT,240,1775260800000,0.2462,0.2469,0.2444,0.2467,19120742.0,4691288.3898,1
BYBIT,ADAUSDT,240,1775275200000,0.2467,0.2472,0.2439,0.2452,29108513.0,7146497.9917,1
BYBIT,ADAUSDT,240,1775289600000,0.2452,0.2457,0.2431,0.2448,17530977.0,4280529.7012,1
BYBIT,ADAUSDT,240,1775304000000,0.2448,0.2467,0.2433,0.245,22667642.0,5553014.1552,1
BYBIT,ADAUSDT,240,1775318400000,0.245,0.25,0.2448,0.2478,25470466.0,6298708.5789,1
BYBIT,ADAUSDT,240,1775332800000,0.2478,0.2484,0.2461,0.2478,25196411.0,6230728.6085,1
BYBIT,ADAUSDT,240,1775347200000,0.2478,0.2485,0.2464,0.2465,15035720.0,3719366.0129,1
BYBIT,ADAUSDT,240,1775361600000,0.2465,0.2467,0.2411,0.2418,34365999.0,8360462.2286,1
BYBIT,ADAUSDT,240,1775376000000,0.2418,0.2431,0.2395,0.2423,34680648.0,8371714.8648,1
BYBIT,ADAUSDT,240,1775390400000,0.2423,0.246,0.2401,0.2435,45551910.0,11046044.8509,1
BYBIT,ADAUSDT,240,1775404800000,0.2435,0.2442,0.2424,0.2434,15087687.0,3671273.7282,1
BYBIT,ADAUSDT,240,1775419200000,0.2434,0.2509,0.2417,0.2508,67489885.0,16621099.4468,1
BYBIT,ADAUSDT,240,1775433600000,0.2508,0.2594,0.2507,0.2569,76417519.0,19515728.8763,1
BYBIT,ADAUSDT,240,1775448000000,0.2569,0.2585,0.2542,0.2551,38780691.0,9947722.2515,1
BYBIT,ADAUSDT,240,1775462400000,0.2551,0.2601,0.2548,0.2555,59550006.0,15340796.9754,1
BYBIT,ADAUSDT,240,1775476800000,0.2555,0.2567,0.2536,0.2542,35283563.0,8995266.1519,1
BYBIT,ADAUSDT,240,1775491200000,0.2542,0.2544,0.2509,0.252,37283288.0,9415795.2806,1
BYBIT,ADAUSDT,240,1775505600000,0.252,0.2527,0.2447,0.246,44196418.0,10968100.7031,1
BYBIT,ADAUSDT,240,1775520000000,0.246,0.2464,0.2433,0.245,48986481.0,12000053.7721,1
BYBIT,ADAUSDT,240,1775534400000,0.245,0.2458,0.2422,0.2433,24378980.0,5940149.4038,1
BYBIT,ADAUSDT,240,1775548800000,0.2433,0.2455,0.241,0.242,46503839.0,11311586.6915,1
BYBIT,ADAUSDT,240,1775563200000,0.242,0.2435,0.2391,0.242,77625751.0,18730429.3118,1
BYBIT,ADAUSDT,240,1775577600000,0.242,0.2468,0.2415,0.2464,43291881.0,10556010.1374,1
BYBIT,ADAUSDT,240,1775592000000,0.2464,0.2663,0.2456,0.2627,154911960.0,39807546.6672,1
BYBIT,ADAUSDT,240,1775606400000,0.2627,0.2643,0.2596,0.2606,50725858.0,13291829.8485,1
BYBIT,ADAUSDT,240,1775620800000,0.2606,0.2637,0.2601,0.2611,30081805.0,7884513.2082,1
BYBIT,ADAUSDT,240,1775635200000,0.2611,0.2614,0.2558,0.2576,31857304.0,8242702.8909,1
BYBIT,ADAUSDT,240,1775649600000,0.2576,0.2597,0.2518,0.2541,73172186.0,18718071.3114,1
BYBIT,ADAUSDT,240,1775664000000,0.2541,0.2562,0.2519,0.2528,26291344.0,6678303.533,1
BYBIT,ADAUSDT,240,1775678400000,0.2528,0.2545,0.2497,0.2505,33797708.0,8508709.0862,1
BYBIT,ADAUSDT,240,1775692800000,0.2505,0.2506,0.2475,0.249,34941940.0,8701502.045,1
BYBIT,ADAUSDT,240,1775707200000,0.249,0.2515,0.2482,0.2505,20873574.0,5210866.85,1
BYBIT,ADAUSDT,240,1775721600000,0.2505,0.2522,0.2492,0.2505,23914430.0,5992974.5937,1
BYBIT,ADAUSDT,240,1775736000000,0.2505,0.2557,0.2487,0.2545,56607349.0,14242096.2274,1
BYBIT,ADAUSDT,240,1775750400000,0.2545,0.2568,0.2527,0.2555,44055226.0,11233279.2555,1
BYBIT,ADAUSDT,240,1775764800000,0.2555,0.2609,0.2533,0.2539,42208497.0,10829189.5727,1
BYBIT,ADAUSDT,240,1775779200000,0.2539,0.2548,0.2511,0.2515,34664491.0,8766903.1718,1
BYBIT,ADAUSDT,240,1775793600000,0.2515,0.2537,0.2493,0.2505,34902154.0,8773537.6938,1
BYBIT,ADAUSDT,240,1775808000000,0.2505,0.2518,0.2495,0.251,34696649.0,8692432.9208,1
BYBIT,ADAUSDT,240,1775822400000,0.251,0.2564,0.2506,0.2538,62899570.0,15920590.3408,1
BYBIT,ADAUSDT,240,1775836800000,0.2538,0.2582,0.2534,0.2579,22328129.0,5705140.8589,1
BYBIT,ADAUSDT,240,1775851200000,0.2579,0.2588,0.2537,0.254,25861633.0,6614202.7296,1
BYBIT,ADAUSDT,240,1775865600000,0.254,0.2552,0.2521,0.253,22986128.0,5827756.7053,1
BYBIT,ADAUSDT,240,1775880000000,0.253,0.2541,0.2494,0.2504,24885263.0,6247338.1328,1
BYBIT,ADAUSDT,240,1775894400000,0.2504,0.2507,0.2488,0.2496,41317243.0,10321877.3134,1
BYBIT,ADAUSDT,240,1775908800000,0.2496,0.2502,0.2462,0.2479,69998063.0,17357876.3525,1
BYBIT,ADAUSDT,240,1775923200000,0.2479,0.2553,0.2477,0.2543,68910484.0,17333902.8497,1
BYBIT,ADAUSDT,240,1775937600000,0.2543,0.2549,0.2484,0.2492,39133069.0,9845907.4865,1
BYBIT,ADAUSDT,240,1775952000000,0.2492,0.2504,0.2421,0.2436,85537309.0,20984324.3896,1
BYBIT,ADAUSDT,240,1775966400000,0.2436,0.2439,0.2412,0.2414,35985177.0,8728653.0894,1
BYBIT,ADAUSDT,240,1775980800000,0.2414,0.2414,0.2384,0.2404,57992135.0,13915981.7037,1
BYBIT,ADAUSDT,240,1775995200000,0.2404,0.2408,0.2371,0.2382,60863475.0,14536759.8158,1
BYBIT,ADAUSDT,240,1776009600000,0.2382,0.2401,0.2375,0.238,30270468.0,7224502.0787,1
BYBIT,ADAUSDT,240,1776024000000,0.238,0.2398,0.2352,0.2359,46888197.0,11129599.0813,1
BYBIT,ADAUSDT,240,1776038400000,0.2359,0.2386,0.2357,0.238,24420704.0,5795990.0034,1
BYBIT,ADAUSDT,240,1776052800000,0.238,0.2396,0.2369,0.238,26855939.0,6397031.4164,1
BYBIT,ADAUSDT,240,1776067200000,0.238,0.2394,0.2372,0.238,20526264.0,4888499.5953,1
BYBIT,ADAUSDT,240,1776081600000,0.238,0.2431,0.2377,0.2392,82186486.0,19773371.5479,1
BYBIT,ADAUSDT,240,1776096000000,0.2392,0.2417,0.2373,0.2413,52381242.0,12533946.2192,1
BYBIT,ADAUSDT,240,1776110400000,0.2413,0.2489,0.2388,0.2486,107885205.0,26375201.4844,1
BYBIT,ADAUSDT,240,1776124800000,0.2486,0.249,0.2435,0.2444,33321906.0,8185081.2244,1
BYBIT,ADAUSDT,240,1776139200000,0.2444,0.2456,0.2407,0.2433,35102491.0,8538142.0531,1
BYBIT,ADAUSDT,240,1776153600000,0.2433,0.245,0.2422,0.2432,36749308.0,8957228.6841,1
BYBIT,ADAUSDT,240,1776168000000,0.2432,0.2494,0.2426,0.2442,87339659.0,21464873.1877,1
BYBIT,ADAUSDT,240,1776182400000,0.2442,0.246,0.2386,0.2402,65857747.0,15940922.6663,1
BYBIT,ADAUSDT,240,1776196800000,0.2402,0.2416,0.2383,0.2394,38199989.0,9166507.4861,1
BYBIT,ADAUSDT,240,1776211200000,0.2394,0.2411,0.2388,0.2395,32077478.0,7694861.582,1
BYBIT,ADAUSDT,240,1776225600000,0.2395,0.2418,0.2378,0.2381,38934125.0,9323396.3486,1
BYBIT,ADAUSDT,240,1776240000000,0.2381,0.2425,0.2381,0.2415,40105928.0,9640177.0562,1
BYBIT,ADAUSDT,240,1776254400000,0.2415,0.2438,0.2397,0.2425,64906690.0,15704848.6305,1
BYBIT,ADAUSDT,240,1776268800000,0.2425,0.2504,0.2423,0.2489,80687417.0,19919889.7161,1
BYBIT,ADAUSDT,240,1776283200000,0.2489,0.2498,0.2446,0.2458,62836498.0,15524874.5312,1
BYBIT,ADAUSDT,240,1776297600000,0.2458,0.2499,0.2436,0.2491,38324987.0,9454213.3742,1
BYBIT,ADAUSDT,240,1776312000000,0.2491,0.2517,0.2483,0.2499,43710318.0,10928714.3869,1
BYBIT,ADAUSDT,240,1776326400000,0.2499,0.2506,0.2468,0.2484,43979935.0,10936697.338,1
BYBIT,ADAUSDT,240,1776340800000,0.2484,0.2545,0.2451,0.2532,136247351.0,34053113.8028,1
BYBIT,ADAUSDT,240,1776355200000,0.2532,0.2606,0.2505,0.2602,129822840.0,33209977.0245,1
BYBIT,ADAUSDT,240,1776369600000,0.2602,0.2613,0.2565,0.259,47813712.0,12363802.9782,1
BYBIT,ADAUSDT,240,1776384000000,0.259,0.2597,0.2538,0.2549,45289498.0,11603017.4864,1
BYBIT,ADAUSDT,240,1776398400000,0.2549,0.2563,0.2518,0.2562,43086834.0,10956748.53,1
BYBIT,ADAUSDT,240,1776412800000,0.2562,0.2598,0.2541,0.2573,70005536.0,17968699.8692,1
BYBIT,ADAUSDT,240,1776427200000,0.2573,0.2679,0.2565,0.2634,123505729.0,32519091.3047,1
BYBIT,ADAUSDT,240,1776441600000,0.2634,0.2661,0.2603,0.261,62551339.0,16472037.1938,1
BYBIT,ADAUSDT,240,1776456000000,0.261,0.2619,0.2571,0.2585,37859619.0,9837288.5874,1
BYBIT,ADAUSDT,240,1776470400000,0.2585,0.2593,0.2559,0.2568,30925910.0,7970549.2122,1
BYBIT,ADAUSDT,240,1776484800000,0.2568,0.2588,0.2556,0.2585,22099467.0,5691357.886,1
BYBIT,ADAUSDT,240,1776499200000,0.2585,0.2586,0.2494,0.2509,69099246.0,17501621.9255,1
BYBIT,ADAUSDT,240,1776513600000,0.2509,0.252,0.2495,0.2509,34153768.0,8572959.4894,1
BYBIT,ADAUSDT,240,1776528000000,0.2509,0.2509,0.2472,0.2486,46381183.0,11541275.0536,1
BYBIT,ADAUSDT,240,1776542400000,0.2486,0.2508,0.2478,0.2489,19367127.0,4828894.8752,1
BYBIT,ADAUSDT,240,1776556800000,0.2489,0.2497,0.2467,0.2478,27333227.0,6780288.0713,1
BYBIT,ADAUSDT,240,1776571200000,0.2478,0.2488,0.2442,0.2457,55603958.0,13701525.7692,1
BYBIT,ADAUSDT,240,1776585600000,0.2457,0.2481,0.2444,0.2472,31255640.0,7683881.6513,1
BYBIT,ADAUSDT,240,1776600000000,0.2472,0.2509,0.2459,0.2487,58311701.0,14501478.1454,1
BYBIT,ADAUSDT,240,1776614400000,0.2487,0.2495,0.244,0.2465,43812883.0,10783729.03,1
BYBIT,ADAUSDT,240,1776628800000,0.2465,0.2465,0.2406,0.2421,68361960.0,16607428.9484,1
BYBIT,ADAUSDT,240,1776643200000,0.2421,0.2462,0.2417,0.2457,30171970.0,7363398.5794,1
BYBIT,ADAUSDT,240,1776657600000,0.2457,0.2492,0.2433,0.2465,34788234.0,8560199.9112,1
BYBIT,ADAUSDT,240,1776672000000,0.2465,0.2485,0.2441,0.2464,36688977.0,9033220.6678,1
BYBIT,ADAUSDT,240,1776686400000,0.2464,0.2492,0.2445,0.2476,53732261.0,13276796.8953,1
BYBIT,ADAUSDT,240,1776700800000,0.2476,0.2501,0.2454,0.2488,37153022.0,9211427.8292,1
BYBIT,ADAUSDT,240,1776715200000,0.2488,0.2514,0.2473,0.2478,49592335.0,12355725.4472,1
BYBIT,ADAUSDT,240,1776729600000,0.2478,0.2496,0.2463,0.2469,26995702.0,6688743.5016,1
BYBIT,ADAUSDT,240,1776744000000,0.2469,0.2502,0.2467,0.2493,36235376.0,9012452.9208,1
BYBIT,ADAUSDT,240,1776758400000,0.2493,0.2523,0.2492,0.25,30867288.0,7729251.6398,1
BYBIT,ADAUSDT,240,1776772800000,0.25,0.2506,0.2472,0.2487,46528249.0,11569249.9639,1
BYBIT,ADAUSDT,240,1776787200000,0.2487,0.2493,0.2437,0.2445,73395008.0,18061003.5722,1
BYBIT,ADAUSDT,240,1776801600000,0.2445,0.2501,0.2444,0.2498,54897287.0,13583184.9145,1
BYBIT,ADAUSDT,240,1776816000000,0.2498,0.2553,0.2487,0.2541,43535842.0,10991680.3043,1
BYBIT,ADAUSDT,240,1776830400000,0.2541,0.2574,0.2531,0.2547,53738847.0,13720232.1553,1
BYBIT,ADAUSDT,240,1776844800000,0.2547,0.2564,0.2542,0.2556,24281573.0,6197211.9345,1
BYBIT,ADAUSDT,240,1776859200000,0.2556,0.2562,0.2539,0.255,46932036.0,11970249.8402,1
BYBIT,ADAUSDT,240,1776873600000,0.255,0.2556,0.2511,0.2523,29757332.0,7532486.1956,1
BYBIT,ADAUSDT,240,1776888000000,0.2523,0.2525,0.248,0.2482,32937066.0,8244149.0725,1
BYBIT,ADAUSDT,240,1776902400000,0.2482,0.2493,0.245,0.2461,50211667.0,12410145.8709,1
BYBIT,ADAUSDT,240,1776916800000,0.2461,0.2484,0.2459,0.2468,28204372.0,6970244.1762,1
BYBIT,ADAUSDT,240,1776931200000,0.2468,0.2479,0.2446,0.2474,28811737.0,7087385.7448,1
BYBIT,ADAUSDT,240,1776945600000,0.2474,0.2508,0.2467,0.2502,41406389.0,10284271.8548,1
BYBIT,ADAUSDT,240,1776960000000,0.2502,0.2508,0.2444,0.2465,61055609.0,15068771.4877,1
BYBIT,ADAUSDT,240,1776974400000,0.2465,0.2502,0.2464,0.2497,25611523.0,6368467.1016,1
BYBIT,ADAUSDT,240,1776988800000,0.2497,0.2517,0.248,0.2483,43003624.0,10741389.6158,1
BYBIT,ADAUSDT,240,1777003200000,0.2483,0.2495,0.2471,0.2488,28996171.0,7196184.8903,1
BYBIT,ADAUSDT,240,1777017600000,0.2488,0.2518,0.2479,0.251,37486402.0,9362952.9695,1
BYBIT,ADAUSDT,240,1777032000000,0.251,0.2521,0.2487,0.252,39660849.0,9937180.0728,1
BYBIT,ADAUSDT,240,1777046400000,0.252,0.2523,0.2505,0.2515,20894084.0,5254980.667,1
BYBIT,ADAUSDT,240,1777060800000,0.2515,0.2527,0.2497,0.2501,22206769.0,5576224.5154,1
BYBIT,ADAUSDT,240,1777075200000,0.2501,0.2519,0.2494,0.2514,42618957.0,10682844.7897,1
BYBIT,ADAUSDT,240,1777089600000,0.2514,0.2527,0.25,0.2511,32709129.0,8225480.3916,1
BYBIT,ADAUSDT,240,1777104000000,0.2511,0.2538,0.2511,0.2516,36225003.0,9154090.8035,1
BYBIT,ADAUSDT,240,1777118400000,0.2516,0.2535,0.2495,0.25,45006214.0,11320199.5128,1
BYBIT,ADAUSDT,240,1777132800000,0.25,0.2504,0.2481,0.2489,28215130.0,7026497.7796,1
BYBIT,ADAUSDT,240,1777147200000,0.2489,0.2504,0.2487,0.25,16671887.0,4160888.5843,1
BYBIT,ADAUSDT,240,1777161600000,0.25,0.2501,0.2483,0.2493,13500039.0,3363026.7935,1
BYBIT,ADAUSDT,240,1777176000000,0.2493,0.2519,0.2487,0.2513,19325836.0,4844635.462,1
BYBIT,ADAUSDT,240,1777190400000,0.2513,0.2542,0.2499,0.2534,49053063.0,12362767.1971,1
BYBIT,ADAUSDT,240,1777204800000,0.2534,0.2537,0.2512,0.2526,25169488.0,6349794.7403,1
BYBIT,ADAUSDT,240,1777219200000,0.2526,0.2535,0.2502,0.2522,26547939.0,6689998.5821,1
BYBIT,ADAUSDT,240,1777233600000,0.2522,0.2533,0.2505,0.252,35203897.0,8871369.4278,1
BYBIT,ADAUSDT,240,1777248000000,0.252,0.256,0.2514,0.254,45312774.0,11534715.3232,1
BYBIT,ADAUSDT,240,1777262400000,0.254,0.2544,0.2461,0.2468,93443278.0,23327207.9212,1
BYBIT,ADAUSDT,240,1777276800000,0.2468,0.2479,0.2464,0.2476,38244173.0,9457902.1542,1
BYBIT,ADAUSDT,240,1777291200000,0.2476,0.2486,0.2429,0.2444,80436702.0,19789234.2862,1
BYBIT,ADAUSDT,240,1777305600000,0.2444,0.2459,0.2439,0.2451,20096195.0,4922950.8801,1
BYBIT,ADAUSDT,240,1777320000000,0.2451,0.2484,0.2448,0.248,21342334.0,5257780.1235,1
BYBIT,ADAUSDT,240,1777334400000,0.248,0.2484,0.2464,0.2471,24154645.0,5975758.4088,1
BYBIT,ADAUSDT,240,1777348800000,0.2471,0.2487,0.2449,0.2468,39859920.0,9844360.4305,1
BYBIT,ADAUSDT,240,1777363200000,0.2468,0.247,0.2449,0.2455,29769245.0,7328506.2348,1
BYBIT,ADAUSDT,240,1777377600000,0.2455,0.2473,0.2441,0.2465,43272496.0,10628223.3612,1
BYBIT,ADAUSDT,240,1777392000000,0.2465,0.2475,0.245,0.2471,21075455.0,5192309.8689,1
BYBIT,ADAUSDT,240,1777406400000,0.2471,0.2481,0.2462,0.2467,14525718.0,3590278.685,1
BYBIT,ADAUSDT,240,1777420800000,0.2467,0.2494,0.246,0.2489,25986994.0,6442743.9104,1
BYBIT,ADAUSDT,240,1777435200000,0.2489,0.2505,0.2482,0.2493,36773300.0,9165646.1682,1
BYBIT,ADAUSDT,240,1777449600000,0.2493,0.254,0.249,0.2512,59680933.0,15030003.7828,1
BYBIT,ADAUSDT,240,1777464000000,0.2512,0.2513,0.2429,0.2439,91666503.0,22647865.1574,1
BYBIT,ADAUSDT,240,1777478400000,0.2439,0.2451,0.2381,0.2415,113103526.0,27293635.1846,1
BYBIT,ADAUSDT,240,1777492800000,0.2415,0.2449,0.2412,0.2444,27390851.0,6667087.6248,1
BYBIT,ADAUSDT,240,1777507200000,0.2444,0.2478,0.2443,0.2466,73979075.0,18195164.5227,1
BYBIT,ADAUSDT,240,1777521600000,0.2466,0.247,0.2443,0.2467,20819496.0,5114202.2746,1
BYBIT,ADAUSDT,240,1777536000000,0.2467,0.2483,0.2452,0.2461,23487523.0,5791967.4105,1
BYBIT,ADAUSDT,240,1777550400000,0.2461,0.2482,0.2447,0.2474,29390593.0,7236890.2117,1
BYBIT,ADAUSDT,240,1777564800000,0.2474,0.2474,0.2452,0.2461,14562371.0,3584424.5709,1
BYBIT,ADAUSDT,240,1777579200000,0.2461,0.2473,0.2453,0.246,17555961.0,4325268.5468,1
BYBIT,ADAUSDT,240,1777593600000,0.246,0.2503,0.2459,0.2485,30046872.0,7449249.6131,1
BYBIT,ADAUSDT,240,1777608000000,0.2485,0.2497,0.2477,0.2486,19982765.0,4969329.282,1
BYBIT,ADAUSDT,240,1777622400000,0.2486,0.2496,0.2467,0.2477,23010132.0,5709383.0175,1
BYBIT,ADAUSDT,240,1777636800000,0.2477,0.2511,0.2476,0.2502,51995689.0,12978612.1435,1
BYBIT,ADAUSDT,240,1777651200000,0.2502,0.2508,0.2488,0.2497,24202848.0,6043960.4243,1
BYBIT,ADAUSDT,240,1777665600000,0.2497,0.25,0.2473,0.2481,30698151.0,7628009.8837,1
BYBIT,ADAUSDT,240,1777680000000,0.2481,0.2486,0.2474,0.2479,14820454.0,3674876.2301,1
BYBIT,ADAUSDT,240,1777694400000,0.2479,0.2481,0.2467,0.2476,16902501.0,4182475.523,1
BYBIT,ADAUSDT,240,1777708800000,0.2476,0.249,0.2473,0.2481,21027080.0,5222630.7517,1
BYBIT,ADAUSDT,240,1777723200000,0.2481,0.25,0.2475,0.25,20205870.0,5024148.4,1
BYBIT,ADAUSDT,240,1777737600000,0.25,0.2512,0.2489,0.251,26838229.0,6709977.1992,1
BYBIT,ADAUSDT,240,1777752000000,0.251,0.2527,0.2499,0.25,36681063.0,9208001.2671,1
BYBIT,ADAUSDT,240,1777766400000,0.25,0.2504,0.2472,0.2478,26022006.0,6464765.0544,1
BYBIT,ADAUSDT,240,1777780800000,0.2478,0.2494,0.2473,0.2487,23786311.0,5907847.0041,1
BYBIT,ADAUSDT,240,1777795200000,0.2487,0.2504,0.248,0.2495,23550671.0,5864420.2954,1
BYBIT,ADAUSDT,240,1777809600000,0.2495,0.2511,0.2493,0.2507,21873080.0,5470925.3845,1
BYBIT,ADAUSDT,240,1777824000000,0.2507,0.2513,0.2502,0.2507,14333086.0,3593686.4458,1
BYBIT,ADAUSDT,240,1777838400000,0.2507,0.2516,0.2481,0.2493,39499374.0,9875769.1928,1
BYBIT,ADAUSDT,240,1777852800000,0.2493,0.2544,0.2472,0.2536,63998171.0,16087237.7541,1
BYBIT,ADAUSDT,240,1777867200000,0.2536,0.2551,0.2508,0.2516,41650356.0,10536073.8036,1
BYBIT,ADAUSDT,240,1777881600000,0.2516,0.2533,0.2468,0.2484,84394285.0,21025594.0527,1
BYBIT,ADAUSDT,240,1777896000000,0.2484,0.2532,0.2481,0.2506,74238809.0,18596029.578,1
BYBIT,ADAUSDT,240,1777910400000,0.2506,0.2528,0.2494,0.251,43870941.0,11016498.0767,1
BYBIT,ADAUSDT,240,1777924800000,0.251,0.2515,0.2492,0.2497,22716088.0,5681696.173,1
BYBIT,ADAUSDT,240,1777939200000,0.2497,0.2529,0.2495,0.2524,22405122.0,5626218.2185,1
BYBIT,ADAUSDT,240,1777953600000,0.2524,0.2581,0.2518,0.2565,45379212.0,11563764.0842,1
BYBIT,ADAUSDT,240,1777968000000,0.2565,0.2598,0.2561,0.2583,45646338.0,11767070.9538,1
BYBIT,ADAUSDT,240,1777982400000,0.2583,0.2595,0.2555,0.2566,47384901.0,12205657.0473,1
BYBIT,ADAUSDT,240,1777996800000,0.2566,0.2587,0.2558,0.2585,20967285.0,5398289.3664,1
BYBIT,ADAUSDT,240,1778011200000,0.2585,0.2655,0.2581,0.2618,88056739.0,23111807.0911,1
BYBIT,ADAUSDT,240,1778025600000,0.2618,0.2642,0.2597,0.2638,37370495.0,9787997.9875,1
BYBIT,ADAUSDT,240,1778040000000,0.2638,0.2652,0.2618,0.2646,36216467.0,9545699.8246,1
BYBIT,ADAUSDT,240,1778054400000,0.2646,0.2736,0.2644,0.2715,106353730.0,28735982.0922,1
BYBIT,ADAUSDT,240,1778068800000,0.2715,0.2721,0.2626,0.2674,111917881.0,29892757.1027,1
BYBIT,ADAUSDT,240,1778083200000,0.2674,0.2681,0.2645,0.2662,37951299.0,10100419.3111,1
BYBIT,ADAUSDT,240,1778097600000,0.2662,0.2687,0.2641,0.2668,34048350.0,9065164.0107,1
BYBIT,ADAUSDT,240,1778112000000,0.2668,0.2671,0.263,0.2635,34994583.0,9266742.0941,1
BYBIT,ADAUSDT,240,1778126400000,0.2635,0.2685,0.2633,0.2683,35489190.0,9448669.1684,1
BYBIT,ADAUSDT,240,1778140800000,0.2683,0.2687,0.2654,0.2677,32958676.0,8806706.3016,1
BYBIT,ADAUSDT,240,1778155200000,0.2677,0.2702,0.2608,0.2617,73385919.0,19442661.2483,1
BYBIT,ADAUSDT,240,1778169600000,0.2617,0.2642,0.2593,0.2629,50266483.0,13168784.4043,1
BYBIT,ADAUSDT,240,1778184000000,0.2629,0.2646,0.2606,0.2625,30699112.0,8051641.0688,1
BYBIT,ADAUSDT,240,1778198400000,0.2625,0.2631,0.2598,0.2617,27223350.0,7115522.0134,1
BYBIT,ADAUSDT,240,1778212800000,0.2617,0.2627,0.2603,0.2619,24310602.0,6356247.3175,1
BYBIT,ADAUSDT,240,1778227200000,0.2619,0.2646,0.2615,0.2642,26081935.0,6870343.3947,1
BYBIT,ADAUSDT,240,1778241600000,0.2642,0.2696,0.2626,0.2696,38550768.0,10238330.363,1
BYBIT,ADAUSDT,240,1778256000000,0.2696,0.2734,0.2676,0.2716,52108302.0,14112635.7957,1
BYBIT,ADAUSDT,240,1778270400000,0.2716,0.2786,0.2708,0.2734,48631416.0,13356932.3704,1
BYBIT,ADAUSDT,240,1778284800000,0.2734,0.2783,0.273,0.2762,36232339.0,10007490.085,1
BYBIT,ADAUSDT,240,1778299200000,0.2762,0.2778,0.2739,0.275,22825007.0,6286970.7585,1
BYBIT,ADAUSDT,240,1778313600000,0.275,0.2764,0.2718,0.2734,24267881.0,6640220.9939,1
BYBIT,ADAUSDT,240,1778328000000,0.2734,0.274,0.2698,0.2702,31539364.0,8569461.9372,1
BYBIT,ADAUSDT,240,1778342400000,0.2702,0.2728,0.2692,0.2727,23627853.0,6411936.1749,1
BYBIT,ADAUSDT,240,1778356800000,0.2727,0.2728,0.2701,0.2706,10194367.0,2768941.0659,1
BYBIT,ADAUSDT,240,1778371200000,0.2706,0.2717,0.2686,0.2698,18741005.0,5059281.0163,1
BYBIT,ADAUSDT,240,1778385600000,0.2698,0.271,0.268,0.2704,23453618.0,6320438.4577,1
BYBIT,ADAUSDT,240,1778400000000,0.2704,0.2735,0.2703,0.2726,27220263.0,7408257.8398,1
BYBIT,ADAUSDT,240,1778414400000,0.2726,0.2823,0.2718,0.2813,68507801.0,18996862.7746,1
BYBIT,ADAUSDT,240,1778428800000,0.2813,0.2886,0.2799,0.2868,108623103.0,30965553.7979,1
BYBIT,ADAUSDT,240,1778443200000,0.2868,0.288,0.275,0.2822,99420242.0,27867555.2184,1
BYBIT,ADAUSDT,240,1778457600000,0.2822,0.2828,0.2736,0.2764,54814287.0,15251281.0563,1
BYBIT,ADAUSDT,240,1778472000000,0.2764,0.2797,0.2751,0.2775,30662456.0,8514874.7716,1
BYBIT,ADAUSDT,240,1778486400000,0.2775,0.2811,0.2756,0.2792,42591823.0,11865384.7279,1
BYBIT,ADAUSDT,240,1778500800000,0.2792,0.2834,0.2774,0.2823,61849566.0,17317578.3492,1
BYBIT,ADAUSDT,240,1778515200000,0.2823,0.2828,0.2793,0.2811,40779375.0,11458937.143,1
BYBIT,ADAUSDT,240,1778529600000,0.2811,0.2818,0.2791,0.2802,27322639.0,7665854.9396,1
BYBIT,ADAUSDT,240,1778544000000,0.2802,0.2817,0.2758,0.2769,36975193.0,10294438.2122,1
BYBIT,ADAUSDT,240,1778558400000,0.2769,0.2783,0.2749,0.2767,33642552.0,9312229.7331,1
BYBIT,ADAUSDT,240,1778572800000,0.2767,0.2775,0.2731,0.2742,42802467.0,11766022.5003,1
BYBIT,ADAUSDT,240,1778587200000,0.2742,0.2752,0.2677,0.269,73183104.0,19866961.8485,1
BYBIT,ADAUSDT,240,1778601600000,0.269,0.2723,0.2671,0.2719,46514530.0,12534208.061,1
BYBIT,ADAUSDT,240,1778616000000,0.2719,0.2728,0.2705,0.271,20792957.0,5647943.8835,1
BYBIT,ADAUSDT,240,1778630400000,0.271,0.2743,0.2708,0.2739,44530347.0,12133654.2313,1
BYBIT,ADAUSDT,240,1778644800000,0.2739,0.2747,0.2723,0.2732,17331286.0,4738171.8232,1
BYBIT,ADAUSDT,240,1778659200000,0.2732,0.2776,0.2701,0.2706,46943878.0,12876812.4413,1
BYBIT,ADAUSDT,240,1778673600000,0.2706,0.2715,0.2611,0.2618,114499138.0,30466859.5618,1
BYBIT,ADAUSDT,240,1778688000000,0.2618,0.2658,0.2617,0.2637,37871425.0,9994711.7015,1
BYBIT,ADAUSDT,240,1778702400000,0.2637,0.2664,0.2628,0.2646,39507011.0,10451003.683,1
BYBIT,ADAUSDT,240,1778716800000,0.2646,0.266,0.2621,0.2627,24054131.0,6360963.5604,1
BYBIT,ADAUSDT,240,1778731200000,0.2627,0.2665,0.2623,0.2644,21615291.0,5731721.4463,1
BYBIT,ADAUSDT,240,1778745600000,0.2644,0.2656,0.2635,0.2638,15185772.0,4015173.4761,1
BYBIT,ADAUSDT,240,1778760000000,0.2638,0.2707,0.2636,0.2701,57719092.0,15439263.9905,1
BYBIT,ADAUSDT,240,1778774400000,0.2701,0.2803,0.2693,0.2738,109242477.0,29986349.2698,1
BYBIT,ADAUSDT,240,1778788800000,0.2738,0.2743,0.2697,0.2704,47163854.0,12835018.6425,1
BYBIT,ADAUSDT,240,1778803200000,0.2704,0.2727,0.2682,0.2697,29358899.0,7941354.0503,1
BYBIT,ADAUSDT,240,1778817600000,0.2697,0.2699,0.2646,0.2682,39835718.0,10631204.3375,1
BYBIT,ADAUSDT,240,1778832000000,0.2682,0.2685,0.2659,0.267,22016626.0,5882350.4661,1
BYBIT,ADAUSDT,240,1778846400000,0.267,0.267,0.2567,0.2581,106119061.0,27594151.663,1
BYBIT,ADAUSDT,240,1778860800000,0.2581,0.2624,0.2576,0.2608,38570239.0,10063453.8538,1
BYBIT,ADAUSDT,240,1778875200000,0.2608,0.2619,0.2599,0.2614,18998532.0,4957679.4707,1
BYBIT,ADAUSDT,240,1778889600000,0.2614,0.2622,0.2606,0.261,13192652.0,3449401.0275,1
BYBIT,ADAUSDT,240,1778904000000,0.261,0.2611,0.2529,0.2552,63930113.0,16412987.2949,1
BYBIT,ADAUSDT,240,1778918400000,0.2552,0.256,0.2519,0.2538,41426904.0,10509872.4984,1
BYBIT,ADAUSDT,240,1778932800000,0.2538,0.2561,0.2536,0.2555,16576001.0,4222024.1913,1
BYBIT,ADAUSDT,240,1778947200000,0.2555,0.2565,0.2549,0.255,10477980.0,2678116.1225,1
BYBIT,ADAUSDT,240,1778961600000,0.255,0.2558,0.2538,0.2549,19054817.0,4855537.6258,1
BYBIT,ADAUSDT,240,1778976000000,0.2549,0.2554,0.2525,0.2542,14809987.0,3759185.342,1
BYBIT,ADAUSDT,240,1778990400000,0.2542,0.2567,0.254,0.2561,12693917.0,3243144.2474,1
BYBIT,ADAUSDT,240,1779004800000,0.2561,0.2581,0.2553,0.2565,16533555.0,4243942.5239,1
BYBIT,ADAUSDT,240,1779019200000,0.2565,0.2571,0.2535,0.2551,18409126.0,4693351.3067,1
BYBIT,ADAUSDT,240,1779033600000,0.2551,0.2554,0.2528,0.255,24502502.0,6228328.6973,1
BYBIT,ADAUSDT,240,1779048000000,0.255,0.256,0.2447,0.252,99662756.0,24876396.3425,1
BYBIT,ADAUSDT,240,1779062400000,0.252,0.253,0.2486,0.25,38361803.0,9624913.5434,1
BYBIT,ADAUSDT,240,1779076800000,0.25,0.252,0.2467,0.2493,52438173.0,13062859.5377,1
BYBIT,ADAUSDT,240,1779091200000,0.2493,0.252,0.2478,0.2503,22814928.0,5697432.1661,1
BYBIT,ADAUSDT,240,1779105600000,0.2503,0.2524,0.246,0.248,61902918.0,15393064.0929,1
BYBIT,ADAUSDT,240,1779120000000,0.248,0.2512,0.2463,0.2507,38020903.0,9458318.0723,1
BYBIT,ADAUSDT,240,1779134400000,0.2507,0.2531,0.2496,0.2516,28326649.0,7122478.758,1
BYBIT,ADAUSDT,240,1779148800000,0.2516,0.2534,0.2504,0.2514,17865040.0,4498482.3811,1
BYBIT,ADAUSDT,240,1779163200000,0.2514,0.2529,0.2504,0.2524,17430804.0,4387405.248,1
BYBIT,ADAUSDT,240,1779177600000,0.2524,0.2524,0.2479,0.2484,37012006.0,9241810.5783,1
BYBIT,ADAUSDT,240,1779192000000,0.2484,0.2511,0.2469,0.2483,44450018.0,11071860.3683,1
BYBIT,ADAUSDT,240,1779206400000,0.2483,0.2499,0.2478,0.2483,23694600.0,5895734.3569,1
BYBIT,ADAUSDT,240,1779220800000,0.2483,0.2496,0.2473,0.2481,15899491.0,3953779.9731,1
BYBIT,ADAUSDT,240,1779235200000,0.2481,0.2486,0.2468,0.2481,17424036.0,4317140.1724,1
BYBIT,ADAUSDT,240,1779249600000,0.2481,0.2509,0.2475,0.249,16772809.0,4186087.2824,1
BYBIT,ADAUSDT,240,1779264000000,0.249,0.2504,0.2481,0.2488,15474933.0,3858605.0886,1
BYBIT,ADAUSDT,240,1779278400000,0.2488,0.2514,0.247,0.2502,50489817.0,12601023.5787,1
BYBIT,ADAUSDT,240,1779292800000,0.2502,0.2513,0.2478,0.2501,43434711.0,10845557.9313,1
BYBIT,ADAUSDT,240,1779307200000,0.2501,0.2507,0.248,0.249,19039516.0,4746484.154,1
BYBIT,ADAUSDT,240,1779321600000,0.249,0.2522,0.2487,0.2519,23052249.0,5781621.6582,1
BYBIT,ADAUSDT,240,1779336000000,0.2519,0.2526,0.2473,0.2489,41578019.0,10361728.5611,1
BYBIT,ADAUSDT,240,1779350400000,0.2489,0.2503,0.2454,0.2465,50435419.0,12476448.8314,1
BYBIT,ADAUSDT,240,1779364800000,0.2465,0.2495,0.246,0.2484,41617134.0,10287970.5875,1
BYBIT,ADAUSDT,240,1779379200000,0.2484,0.2536,0.2476,0.2523,65195758.0,16386364.797,1
BYBIT,ADAUSDT,240,1779393600000,0.2523,0.2531,0.2498,0.2506,24350062.0,6119962.8967,1
BYBIT,ADAUSDT,240,1779408000000,0.2506,0.2519,0.2489,0.2515,20581992.0,5153283.8792,1
BYBIT,ADAUSDT,240,1779422400000,0.2515,0.2528,0.2491,0.2514,20820850.0,5230716.993,1
BYBIT,ADAUSDT,240,1779436800000,0.2514,0.2526,0.2505,0.2525,18066894.0,4545038.2044,1
BYBIT,ADAUSDT,240,1779451200000,0.2525,0.2545,0.2478,0.2495,60514503.0,15204234.5694,1
BYBIT,ADAUSDT,240,1779465600000,0.2495,0.2501,0.2422,0.2442,107908978.0,26466177.6949,1
BYBIT,ADAUSDT,240,1779480000000,0.2442,0.2467,0.2408,0.2422,64092567.0,15653444.7201,1
BYBIT,ADAUSDT,240,1779494400000,0.2422,0.244,0.2414,0.2435,20000511.0,4858552.6986,1
BYBIT,ADAUSDT,240,1779508800000,0.2435,0.2436,0.2355,0.2377,93551024.0,22363267.7221,1
BYBIT,ADAUSDT,240,1779523200000,0.2377,0.2391,0.2368,0.238,51213971.0,12178874.4163,1
BYBIT,ADAUSDT,240,1779537600000,0.238,0.2436,0.2376,0.2422,50163753.0,12081306.943,1
BYBIT,ADAUSDT,240,1779552000000,0.2422,0.2452,0.2416,0.2441,26664289.0,6485630.3769,1
BYBIT,ADAUSDT,240,1779566400000,0.2441,0.2507,0.2436,0.2459,70296325.0,17382943.2076,1
BYBIT,ADAUSDT,240,1779580800000,0.2459,0.2468,0.2447,0.2452,16472963.0,4047697.3258,1
BYBIT,ADAUSDT,240,1779595200000,0.2452,0.2463,0.2449,0.2453,22103562.0,5426640.8012,1
BYBIT,ADAUSDT,240,1779609600000,0.2453,0.2465,0.2448,0.2455,20632647.0,5066949.683,1
BYBIT,ADAUSDT,240,1779624000000,0.2455,0.2456,0.2405,0.2428,35851037.0,8714754.1349,1
BYBIT,ADAUSDT,240,1779638400000,0.2428,0.2434,0.2418,0.2423,15491003.0,3759695.0135,1
BYBIT,ADAUSDT,240,1779652800000,0.2423,0.2427,0.2383,0.2422,35359930.0,8516503.9353,1
BYBIT,ADAUSDT,240,1779667200000,0.2422,0.2431,0.2402,0.2408,22739391.0,5495828.6795,1
BYBIT,ADAUSDT,240,1779681600000,0.2408,0.2448,0.2403,0.2448,34476519.0,8375147.6457,1
BYBIT,ADAUSDT,240,1779696000000,0.2448,0.2461,0.2438,0.2448,25703202.0,6304518.2132,1
BYBIT,ADAUSDT,240,1779710400000,0.2448,0.2473,0.2443,0.246,26055166.0,6398585.1078,1
BYBIT,ADAUSDT,240,1779724800000,0.246,0.2478,0.2448,0.2453,20769888.0,5118752.8563,1
BYBIT,ADAUSDT,240,1779739200000,0.2453,0.2461,0.2422,0.2435,25612590.0,6242878.1014,1
BYBIT,ADAUSDT,240,1779753600000,0.2435,0.2436,0.2392,0.2406,36604357.0,8830842.0017,1
BYBIT,ADAUSDT,240,1779768000000,0.2406,0.243,0.2403,0.2411,20610730.0,4977650.1848,1
BYBIT,ADAUSDT,240,1779782400000,0.2411,0.2456,0.241,0.2442,31039280.0,7556831.7792,1
BYBIT,ADAUSDT,240,1779796800000,0.2442,0.2473,0.2409,0.2425,61725303.0,15057041.8113,1
BYBIT,ADAUSDT,240,1779811200000,0.2425,0.2425,0.2378,0.24,51254477.0,12310230.4318,1
BYBIT,ADAUSDT,240,1779825600000,0.24,0.2407,0.239,0.2398,13258184.0,3180599.0135,1
BYBIT,ADAUSDT,240,1779840000000,0.2398,0.2418,0.239,0.24,18722855.0,4503014.6895,1
BYBIT,ADAUSDT,240,1779854400000,0.24,0.2409,0.2369,0.2403,28720570.0,6865921.2607,1
BYBIT,ADAUSDT,240,1779868800000,0.2403,0.2413,0.2388,0.2395,23434260.0,5622783.1568,1
BYBIT,ADAUSDT,240,1779883200000,0.2395,0.2434,0.2372,0.2413,70061760.0,16819682.5371,1
BYBIT,ADAUSDT,240,1779897600000,0.2413,0.2419,0.2376,0.2409,44927405.0,10758922.2341,1
BYBIT,ADAUSDT,240,1779912000000,0.2409,0.2412,0.2356,0.2371,53779185.0,12794103.3714,1
BYBIT,ADAUSDT,240,1779926400000,0.2371,0.2382,0.2312,0.232,76670273.0,17986284.3866,1
BYBIT,ADAUSDT,240,1779940800000,0.232,0.2321,0.2278,0.2314,75702017.0,17394921.3302,1
BYBIT,ADAUSDT,240,1779955200000,0.2314,0.2319,0.2292,0.23,28918770.0,6662872.3523,1
BYBIT,ADAUSDT,240,1779969600000,0.23,0.2341,0.2289,0.233,72295330.0,16737620.7528,1
BYBIT,ADAUSDT,240,1779984000000,0.233,0.2376,0.2315,0.2344,46607194.0,10948283.9876,1
BYBIT,ADAUSDT,240,1779998400000,0.2344,0.2363,0.2335,0.2347,21357313.0,5016951.4736,1
BYBIT,ADAUSDT,240,1780012800000,0.2347,0.2357,0.2327,0.2332,19088736.0,4477155.2775,1
BYBIT,ADAUSDT,240,1780027200000,0.2332,0.2369,0.2324,0.2347,23163661.0,5437472.4757,1
BYBIT,ADAUSDT,240,1780041600000,0.2347,0.236,0.2325,0.2334,18324791.0,4296769.5052,1
BYBIT,ADAUSDT,240,1780056000000,0.2334,0.238,0.2297,0.2356,70865756.0,16534866.215,1
BYBIT,ADAUSDT,240,1780070400000,0.2356,0.2361,0.2304,0.2327,72580479.0,16968635.9005,1
BYBIT,ADAUSDT,240,1780084800000,0.2327,0.234,0.2315,0.2326,29925694.0,6961156.4783,1
BYBIT,ADAUSDT,240,1780099200000,0.2326,0.2393,0.2324,0.2364,56096984.0,13276568.9946,1
BYBIT,ADAUSDT,240,1780113600000,0.2364,0.2369,0.2336,0.2351,39305018.0,9235413.688,1
BYBIT,ADAUSDT,240,1780128000000,0.2351,0.2354,0.2337,0.235,11985826.0,2813792.7344,1
BYBIT,ADAUSDT,240,1780142400000,0.235,0.2369,0.2347,0.2363,23140205.0,5457577.2755,1
BYBIT,ADAUSDT,240,1780156800000,0.2363,0.2377,0.2355,0.2371,18130664.0,4293143.4754,1
BYBIT,ADAUSDT,240,1780171200000,0.2371,0.2384,0.2351,0.2358,34620434.0,8176106.5471,1
BYBIT,ADAUSDT,240,1780185600000,0.2358,0.2383,0.2353,0.2379,26564488.0,6287476.2749,1
BYBIT,ADAUSDT,240,1780200000000,0.2379,0.2386,0.2359,0.2365,29261427.0,6945014.1046,1
BYBIT,ADAUSDT,240,1780214400000,0.2365,0.238,0.2354,0.237,18477883.0,4374672.8713,1
BYBIT,ADAUSDT,240,1780228800000,0.237,0.2379,0.2333,0.2337,54855535.0,12893331.8775,1
BYBIT,ADAUSDT,240,1780243200000,0.2337,0.2341,0.2317,0.2327,34626149.0,8059118.7724,1
BYBIT,ADAUSDT,240,1780257600000,0.2327,0.237,0.2327,0.2357,42061949.0,9880191.1183,1
BYBIT,ADAUSDT,240,1780272000000,0.2357,0.2375,0.2326,0.2368,47087568.0,11086148.8222,1
BYBIT,ADAUSDT,240,1780286400000,0.2368,0.2375,0.2304,0.2308,58645706.0,13680633.8424,1
BYBIT,ADAUSDT,240,1780300800000,0.2308,0.2322,0.2292,0.2302,51158173.0,11820245.3044,1
BYBIT,ADAUSDT,240,1780315200000,0.2302,0.2314,0.2252,0.2269,94534751.0,21569628.4431,1
BYBIT,ADAUSDT,240,1780329600000,0.2269,0.2319,0.2261,0.2314,39987765.0,9199293.3593,1
BYBIT,ADAUSDT,240,1780344000000,0.2314,0.2317,0.2282,0.231,31557785.0,7259560.0859,1
BYBIT,ADAUSDT,240,1780358400000,0.231,0.2312,0.2243,0.2279,65431302.0,14885770.0116,1
BYBIT,ADAUSDT,240,1780372800000,0.2279,0.2285,0.2224,0.2239,77075871.0,17309096.9634,1
BYBIT,ADAUSDT,240,1780387200000,0.2239,0.2245,0.222,0.2229,37957771.0,8475276.91,1
BYBIT,ADAUSDT,240,1780401600000,0.2229,0.2237,0.2135,0.2153,227434013.0,49721493.5105,1
BYBIT,ADAUSDT,240,1780416000000,0.2153,0.2191,0.2118,0.2155,111906655.0,24210681.2197,1
BYBIT,ADAUSDT,240,1780430400000,0.2155,0.2183,0.2093,0.2129,89170652.0,19025017.4495,1
BYBIT,ADAUSDT,240,1780444800000,0.2129,0.2145,0.2072,0.2086,74460087.0,15742920.8047,1
BYBIT,ADAUSDT,240,1780459200000,0.2086,0.2181,0.2085,0.217,56305982.0,12049887.3443,1
BYBIT,ADAUSDT,240,1780473600000,0.217,0.2183,0.2153,0.2161,40940854.0,8876156.835,1
BYBIT,ADAUSDT,240,1780488000000,0.2161,0.2164,0.2114,0.2118,56466654.0,12105154.6894,1
BYBIT,ADAUSDT,240,1780502400000,0.2118,0.2122,0.2041,0.2047,108042646.0,22464642.0718,1
BYBIT,ADAUSDT,240,1780516800000,0.2047,0.2065,0.1997,0.2002,141975623.0,28779935.9453,1
BYBIT,ADAUSDT,240,1780531200000,0.2002,0.2016,0.1874,0.1998,266017845.0,51664144.9873,1
BYBIT,ADAUSDT,240,1780545600000,0.1998,0.201,0.1946,0.1947,93206988.0,18427521.4066,1
BYBIT,ADAUSDT,240,1780560000000,0.1947,0.1956,0.1867,0.1901,194148388.0,36803945.2937,1
BYBIT,ADAUSDT,240,1780574400000,0.1901,0.1926,0.1869,0.1888,150274567.0,28498218.1548,1
BYBIT,ADAUSDT,240,1780588800000,0.1888,0.1905,0.1856,0.1863,184614246.0,34655114.1947,1
BYBIT,ADAUSDT,240,1780603200000,0.1863,0.1865,0.1784,0.1797,154042291.0,28042219.2701,1
BYBIT,ADAUSDT,240,1780617600000,0.1797,0.1798,0.158,0.1584,394237897.0,66585108.9775,1
BYBIT,ADAUSDT,240,1780632000000,0.1584,0.1692,0.1581,0.1632,399807472.0,65469167.1605,1
BYBIT,ADAUSDT,240,1780646400000,0.1632,0.1661,0.1584,0.1622,181585798.0,29477357.4319,1
BYBIT,ADAUSDT,240,1780660800000,0.1622,0.1651,0.1563,0.1571,261304156.0,42016097.2598,1
BYBIT,ADAUSDT,240,1780675200000,0.1571,0.1637,0.1543,0.1605,231784064.0,36820818.0795,1
BYBIT,ADAUSDT,240,1780689600000,0.1605,0.1637,0.1548,0.1565,157414938.0,25120254.2718,1
BYBIT,ADAUSDT,240,1780704000000,0.1565,0.1623,0.1536,0.155,130487973.0,20548830.4328,1
BYBIT,ADAUSDT,240,1780718400000,0.155,0.1583,0.1484,0.1573,193606517.0,29564692.5298,1
BYBIT,ADAUSDT,240,1780732800000,0.1573,0.1602,0.1533,0.1562,116369815.0,18217658.3542,1
BYBIT,ADAUSDT,240,1780747200000,0.1562,0.1617,0.1548,0.1583,122894555.0,19532422.6516,1
BYBIT,ADAUSDT,240,1780761600000,0.1583,0.16,0.1565,0.1567,62732416.0,9909526.9475,1
BYBIT,ADAUSDT,240,1780776000000,0.1567,0.1586,0.1553,0.1571,42050581.0,6594198.8982,1
BYBIT,ADAUSDT,240,1780790400000,0.1571,0.1622,0.1566,0.1613,82570658.0,13217067.6359,1
BYBIT,ADAUSDT,240,1780804800000,0.1613,0.163,0.1595,0.1622,72286750.0,11667507.9466,1
BYBIT,ADAUSDT,240,1780819200000,0.1622,0.1673,0.1615,0.1646,130712628.0,21563032.0075,1
BYBIT,ADAUSDT,240,1780833600000,0.1646,0.1648,0.1603,0.1621,73142221.0,11847355.0583,1
BYBIT,ADAUSDT,240,1780848000000,0.1621,0.1639,0.1579,0.1585,68705297.0,11039471.0139,1
BYBIT,ADAUSDT,240,1780862400000,0.1585,0.1688,0.158,0.1651,120641439.0,19814107.593,1
BYBIT,ADAUSDT,240,1780876800000,0.1651,0.1665,0.1613,0.1639,54950612.0,9006414.8404,1
BYBIT,ADAUSDT,240,1780891200000,0.1639,0.1642,0.1597,0.1637,39425709.0,6374710.0134,1
BYBIT,ADAUSDT,240,1780905600000,0.1637,0.1681,0.1621,0.1676,91021299.0,14959030.9841,1
BYBIT,ADAUSDT,240,1780920000000,0.1676,0.1714,0.1648,0.1691,112914197.0,18957346.1988,1
BYBIT,ADAUSDT,240,1780934400000,0.1691,0.1724,0.167,0.1718,77955227.0,13261996.7526,1
BYBIT,ADAUSDT,240,1780948800000,0.1718,0.1743,0.1687,0.1702,61882488.0,10609877.5729,1
BYBIT,ADAUSDT,240,1780963200000,0.1702,0.1706,0.1655,0.1662,82990087.0,13863271.8739,1
BYBIT,ADAUSDT,240,1780977600000,0.1662,0.1709,0.1649,0.1701,62770052.0,10597986.0621,1
BYBIT,ADAUSDT,240,1780992000000,0.1701,0.1703,0.1665,0.1674,45546890.0,7641824.1097,1
BYBIT,ADAUSDT,240,1781006400000,0.1674,0.1697,0.1626,0.1629,97985401.0,16271542.7611,1
BYBIT,ADAUSDT,240,1781020800000,0.1629,0.1689,0.1605,0.1683,109795586.0,18084089.8552,1
BYBIT,ADAUSDT,240,1781035200000,0.1683,0.1698,0.1647,0.1651,42252002.0,7048752.687,1
BYBIT,ADAUSDT,240,1781049600000,0.1651,0.1667,0.161,0.1621,51647455.0,8452544.161,1
BYBIT,ADAUSDT,240,1781064000000,0.1621,0.1628,0.1596,0.1612,47724174.0,7686018.4446,1
BYBIT,ADAUSDT,240,1781078400000,0.1612,0.1616,0.1582,0.1593,94548224.0,15086684.7723,1
BYBIT,ADAUSDT,240,1781092800000,0.1593,0.1668,0.1589,0.1649,168854184.0,27582209.6613,1
BYBIT,ADAUSDT,240,1781107200000,0.1649,0.165,0.1601,0.1606,168363029.0,27330528.3907,1
BYBIT,ADAUSDT,240,1781121600000,0.1606,0.1615,0.158,0.1605,80686227.0,12907717.735,1
BYBIT,ADAUSDT,240,1781136000000,0.1605,0.1672,0.1604,0.1665,92311172.0,15098529.6456,1
BYBIT,ADAUSDT,240,1781150400000,0.1665,0.1676,0.1639,0.1666,73922167.0,12252556.8713,1
BYBIT,ADAUSDT,240,1781164800000,0.1666,0.168,0.1653,0.1668,61120349.0,10174209.6615,1
BYBIT,ADAUSDT,240,1781179200000,0.1668,0.1673,0.1641,0.166,83399235.0,13806234.5603,1
BYBIT,ADAUSDT,240,1781193600000,0.166,0.1718,0.1639,0.1692,131082658.0,22026514.7001,1
BYBIT,ADAUSDT,240,1781208000000,0.1692,0.1719,0.1674,0.1706,61315929.0,10405437.1458,1
BYBIT,ADAUSDT,240,1781222400000,0.1706,0.1719,0.1687,0.1718,51629147.0,8803103.6287,1
BYBIT,ADAUSDT,240,1781236800000,0.1718,0.1735,0.168,0.169,73990001.0,12621612.9556,1
BYBIT,ADAUSDT,240,1781251200000,0.169,0.1722,0.169,0.1712,57969649.0,9912018.2025,1
BYBIT,ADAUSDT,240,1781265600000,0.1712,0.1743,0.1674,0.1704,213305087.0,36479384.4026,1
BYBIT,ADAUSDT,240,1781280000000,0.1704,0.1743,0.1694,0.1707,114344877.0,19642596.3838,1
BYBIT,ADAUSDT,240,1781294400000,0.1707,0.1713,0.1685,0.1696,55143185.0,9357223.8815,1
BYBIT,ADAUSDT,240,1781308800000,0.1696,0.1733,0.1693,0.1703,61586264.0,10545654.046,1
BYBIT,ADAUSDT,240,1781323200000,0.1703,0.174,0.1688,0.173,78174890.0,13389932.646,1
BYBIT,ADAUSDT,240,1781337600000,0.173,0.1738,0.1719,0.1734,39572247.0,6842911.9241,1
BYBIT,ADAUSDT,240,1781352000000,0.1734,0.1757,0.173,0.1748,46607979.0,8116319.0089,1
BYBIT,ADAUSDT,240,1781366400000,0.1748,0.1749,0.1714,0.1719,54288596.0,9380963.4314,1
BYBIT,ADAUSDT,240,1781380800000,0.1719,0.1737,0.171,0.1717,50320600.0,8662796.7307,1
BYBIT,ADAUSDT,240,1781395200000,0.1717,0.1736,0.1712,0.1729,35442971.0,6110955.147,1
BYBIT,ADAUSDT,240,1781409600000,0.1729,0.1731,0.1705,0.171,26896133.0,4614279.2276,1
BYBIT,ADAUSDT,240,1781424000000,0.171,0.1718,0.1693,0.1696,38378352.0,6541173.8002,1
BYBIT,ADAUSDT,240,1781438400000,0.1696,0.1698,0.165,0.1669,90703233.0,15164077.0475,1
BYBIT,ADAUSDT,240,1781452800000,0.1669,0.1675,0.1657,0.166,33863364.0,5640862.4871,1
BYBIT,ADAUSDT,240,1781467200000,0.166,0.1837,0.1658,0.1829,124480470.0,21746285.1085,1
BYBIT,ADAUSDT,240,1781481600000,0.1829,0.1868,0.1793,0.1811,108178997.0,19745425.8451,1
BYBIT,ADAUSDT,240,1781496000000,0.1811,0.1818,0.1794,0.18,27643074.0,4993710.8014,1
BYBIT,ADAUSDT,240,1781510400000,0.18,0.1855,0.1798,0.1852,70630143.0,12903059.1661,1
BYBIT,ADAUSDT,240,1781524800000,0.1852,0.1898,0.1843,0.1887,144158265.0,27029928.7384,1
BYBIT,ADAUSDT,240,1781539200000,0.1887,0.1896,0.1849,0.186,92772385.0,17359854.0131,1
BYBIT,ADAUSDT,240,1781553600000,0.186,0.1864,0.1768,0.1783,99669747.0,18027032.6746,1
BYBIT,ADAUSDT,240,1781568000000,0.1783,0.1792,0.1753,0.1771,50487472.0,8935679.4325,1
BYBIT,ADAUSDT,240,1781582400000,0.1771,0.1792,0.1755,0.1787,35747260.0,6339253.3997,1
BYBIT,ADAUSDT,240,1781596800000,0.1787,0.1814,0.1781,0.1787,40865694.0,7333239.2945,1
BYBIT,ADAUSDT,240,1781611200000,0.1787,0.1812,0.1724,0.1739,109620048.0,19300384.236,1
BYBIT,ADAUSDT,240,1781625600000,0.1739,0.1765,0.1718,0.1731,114849906.0,19960035.3509,1
BYBIT,ADAUSDT,240,1781640000000,0.1731,0.1755,0.1719,0.1723,66521499.0,11553908.7221,1
BYBIT,ADAUSDT,240,1781654400000,0.1723,0.1749,0.1706,0.1729,83769030.0,14452102.6114,1
BYBIT,ADAUSDT,240,1781668800000,0.1729,0.1737,0.17,0.1711,43968876.0,7549662.6713,1
BYBIT,ADAUSDT,240,1781683200000,0.1711,0.1713,0.1674,0.1687,92439863.0,15618688.3113,1
BYBIT,ADAUSDT,240,1781697600000,0.1687,0.1715,0.167,0.1714,152250419.0,25690245.1462,1
BYBIT,ADAUSDT,240,1781712000000,0.1714,0.1731,0.1646,0.1655,261381695.0,44173421.2437,1
BYBIT,ADAUSDT,240,1781726400000,0.1655,0.1674,0.1635,0.1667,66488558.0,11031803.2491,1
BYBIT,ADAUSDT,240,1781740800000,0.1667,0.1687,0.1662,0.1666,31112902.0,5209893.7548,1
BYBIT,ADAUSDT,240,1781755200000,0.1666,0.1672,0.1637,0.1666,70582281.0,11650996.715,1
BYBIT,ADAUSDT,240,1781769600000,0.1666,0.1675,0.1645,0.165,37539305.0,6239785.7425,1
BYBIT,ADAUSDT,240,1781784000000,0.165,0.1664,0.1597,0.1603,111314246.0,18181451.8028,1
BYBIT,ADAUSDT,240,1781798400000,0.1603,0.1634,0.16,0.1628,67827942.0,10946778.5724,1
BYBIT,ADAUSDT,240,1781812800000,0.1628,0.1641,0.1623,0.1636,21576025.0,3520003.7524,1
BYBIT,ADAUSDT,240,1781827200000,0.1636,0.1658,0.1609,0.1621,81385778.0,13291952.6803,1
BYBIT,ADAUSDT,240,1781841600000,0.1621,0.1624,0.1586,0.1594,53230048.0,8524600.7417,1
BYBIT,ADAUSDT,240,1781856000000,0.1594,0.161,0.1589,0.1598,31510298.0,5036424.8824,1
BYBIT,ADAUSDT,240,1781870400000,0.1598,0.1628,0.1586,0.1617,50973212.0,8206787.5688,1
BYBIT,ADAUSDT,240,1781884800000,0.1617,0.1623,0.1601,0.1607,42115157.0,6781592.6359,1
BYBIT,ADAUSDT,240,1781899200000,0.1607,0.1623,0.1602,0.162,22897666.0,3693399.5019,1
BYBIT,ADAUSDT,240,1781913600000,0.162,0.1642,0.1615,0.1623,22975632.0,3734872.6438,1
BYBIT,ADAUSDT,240,1781928000000,0.1623,0.165,0.1621,0.1629,29184149.0,4768308.9636,1
BYBIT,ADAUSDT,240,1781942400000,0.1629,0.1639,0.1621,0.1627,25994703.0,4232717.8511,1
BYBIT,ADAUSDT,240,1781956800000,0.1627,0.1634,0.1599,0.1621,59818078.0,9675279.7078,1
BYBIT,ADAUSDT,240,1781971200000,0.1621,0.1624,0.1601,0.1613,27999576.0,4513737.0994,1
BYBIT,ADAUSDT,240,1781985600000,0.1613,0.1638,0.161,0.1631,20067056.0,3257584.7284,1
BYBIT,ADAUSDT,240,1782000000000,0.1631,0.1635,0.1618,0.1624,22160315.0,3603968.0035,1
BYBIT,ADAUSDT,240,1782014400000,0.1624,0.1626,0.16,0.1614,31734723.0,5110703.0451,1
BYBIT,ADAUSDT,240,1782028800000,0.1614,0.1625,0.1597,0.1608,25627279.0,4131302.4534,1
BYBIT,ADAUSDT,240,1782043200000,0.1608,0.1628,0.1602,0.1623,23898321.0,3860070.4203,1
BYBIT,ADAUSDT,240,1782057600000,0.1623,0.1624,0.1608,0.1619,21311337.0,3442633.915,1
BYBIT,ADAUSDT,240,1782072000000,0.1619,0.1622,0.1562,0.1564,92189071.0,14631039.1406,1
BYBIT,ADAUSDT,240,1782086400000,0.1564,0.1628,0.1564,0.1581,59449037.0,9487264.0962,1
BYBIT,ADAUSDT,240,1782100800000,0.1581,0.162,0.1577,0.1616,31118600.0,4983267.7293,1
BYBIT,ADAUSDT,240,1782115200000,0.1616,0.1624,0.1597,0.1616,34534956.0,5565282.9266,1
BYBIT,ADAUSDT,240,1782129600000,0.1616,0.1632,0.1586,0.1593,100962793.0,16256534.9151,1
BYBIT,ADAUSDT,240,1782144000000,0.1593,0.16,0.1575,0.1588,55246025.0,8773985.8737,1
BYBIT,ADAUSDT,240,1782158400000,0.1588,0.1599,0.1569,0.1583,44530597.0,7050297.6046,1
BYBIT,ADAUSDT,240,1782172800000,0.1583,0.1598,0.1574,0.1598,38113829.0,6046718.282,1
BYBIT,ADAUSDT,240,1782187200000,0.1598,0.16,0.1535,0.1545,122547272.0,19080139.5945,1
BYBIT,ADAUSDT,240,1782201600000,0.1545,0.1547,0.1506,0.1536,112170035.0,17125210.5816,1
BYBIT,ADAUSDT,240,1782216000000,0.1536,0.1537,0.1497,0.151,143190824.0,21675099.2642,1
BYBIT,ADAUSDT,240,1782230400000,0.151,0.1519,0.1492,0.15,77614605.0,11667865.8902,1
BYBIT,ADAUSDT,240,1782244800000,0.15,0.1523,0.1498,0.1513,39546601.0,5964477.4764,1
BYBIT,ADAUSDT,240,1782259200000,0.1513,0.1543,0.1511,0.152,45073505.0,6882513.319,1
BYBIT,ADAUSDT,240,1782273600000,0.152,0.153,0.1501,0.1505,34619358.0,5242257.7244,1
BYBIT,ADAUSDT,240,1782288000000,0.1505,0.1511,0.1457,0.1481,231359779.0,34173451.517,1
BYBIT,ADAUSDT,240,1782302400000,0.1481,0.1489,0.1434,0.1437,231822652.0,33756651.6102,1
BYBIT,ADAUSDT,240,1782316800000,0.1437,0.1445,0.1395,0.1411,242482930.0,34311570.6974,1
BYBIT,ADAUSDT,240,1782331200000,0.1411,0.1492,0.1407,0.1475,107145947.0,15596909.4099,1
BYBIT,ADAUSDT,240,1782345600000,0.1475,0.149,0.1469,0.1474,57523684.0,8513581.6826,1
BYBIT,ADAUSDT,240,1782360000000,0.1474,0.1507,0.1469,0.1497,54510518.0,8147114.9987,1
BYBIT,ADAUSDT,240,1782374400000,0.1497,0.15,0.1472,0.1476,29046438.0,4310659.6332,1
BYBIT,ADAUSDT,240,1782388800000,0.1476,0.1487,0.138,0.1431,206793316.0,29617074.7978,1
BYBIT,ADAUSDT,240,1782403200000,0.1431,0.1451,0.1404,0.141,72627600.0,10365621.7016,1
BYBIT,ADAUSDT,240,1782417600000,0.141,0.1443,0.141,0.1437,51221741.0,7314201.076,1
BYBIT,ADAUSDT,240,1782432000000,0.1437,0.1443,0.1383,0.1427,106599688.0,15010784.0369,1
BYBIT,ADAUSDT,240,1782446400000,0.1427,0.1472,0.1414,0.1466,67726708.0,9748488.8722,1
BYBIT,ADAUSDT,240,1782460800000,0.1466,0.1469,0.1426,0.1432,50710015.0,7316151.8471,1
BYBIT,ADAUSDT,240,1782475200000,0.1432,0.1482,0.1411,0.1479,131434719.0,18996716.1375,1
BYBIT,ADAUSDT,240,1782489600000,0.1479,0.1499,0.1463,0.1474,75483431.0,11177891.1454,1
BYBIT,ADAUSDT,240,1782504000000,0.1474,0.1493,0.1462,0.1483,58947742.0,8719177.0417,1
BYBIT,ADAUSDT,240,1782518400000,0.1483,0.1497,0.1472,0.1482,35779246.0,5309080.0304,1
BYBIT,ADAUSDT,240,1782532800000,0.1482,0.149,0.147,0.1476,24604681.0,3638904.3705,1
BYBIT,ADAUSDT,240,1782547200000,0.1476,0.1477,0.1463,0.1471,16979583.0,2496376.5599,1
BYBIT,ADAUSDT,240,1782561600000,0.1471,0.1493,0.1466,0.1487,27973146.0,4143559.419,1
BYBIT,ADAUSDT,240,1782576000000,0.1487,0.1489,0.1447,0.1451,50497982.0,7403582.1855,1
BYBIT,ADAUSDT,240,1782590400000,0.1451,0.146,0.1436,0.1452,35884926.0,5204362.0734,1
BYBIT,ADAUSDT,240,1782604800000,0.1452,0.1459,0.1445,0.1454,18919116.0,2745365.6368,1
BYBIT,ADAUSDT,240,1782619200000,0.1454,0.1454,0.1432,0.1451,37621847.0,5428451.1922,1
BYBIT,ADAUSDT,240,1782633600000,0.1451,0.1465,0.1441,0.1453,25934566.0,3767543.6583,1
BYBIT,ADAUSDT,240,1782648000000,0.1453,0.1455,0.1439,0.1444,23985570.0,3468269.6314,1
BYBIT,ADAUSDT,240,1782662400000,0.1444,0.1445,0.142,0.1428,46136476.0,6606342.101,1
BYBIT,ADAUSDT,240,1782676800000,0.1428,0.1444,0.141,0.1437,61427942.0,8772379.2102,1
BYBIT,ADAUSDT,240,1782691200000,0.1437,0.1459,0.1418,0.145,36958619.0,5311295.8786,1
BYBIT,ADAUSDT,240,1782705600000,0.145,0.1463,0.1425,0.1449,38106024.0,5508884.9797,1
BYBIT,ADAUSDT,240,1782720000000,0.1449,0.1459,0.1436,0.1448,53696329.0,7773316.258,1
BYBIT,ADAUSDT,240,1782734400000,0.1448,0.1469,0.1431,0.1454,80203363.0,11610089.9442,1
BYBIT,ADAUSDT,240,1782748800000,0.1454,0.1487,0.1446,0.1476,39873670.0,5864926.4394,1
BYBIT,ADAUSDT,240,1782763200000,0.1476,0.1477,0.1454,0.1457,28231904.0,4143905.83,1
BYBIT,ADAUSDT,240,1782777600000,0.1457,0.1459,0.1435,0.1442,32253517.0,4661445.432,1
BYBIT,ADAUSDT,240,1782792000000,0.1442,0.1456,0.1438,0.1449,25520201.0,3693549.3846,1
BYBIT,ADAUSDT,240,1782806400000,0.1449,0.145,0.1437,0.1438,24898548.0,3597800.5258,1
BYBIT,ADAUSDT,240,1782820800000,0.1438,0.1455,0.1419,0.1442,81662107.0,11726638.4327,1
BYBIT,ADAUSDT,240,1782835200000,0.1442,0.1464,0.1434,0.1448,66558383.0,9653476.6767,1
BYBIT,ADAUSDT,240,1782849600000,0.1448,0.1449,0.1434,0.1443,33763160.0,4861125.8965,1
BYBIT,ADAUSDT,240,1782864000000,0.1443,0.1506,0.1418,0.1492,95388090.0,13944367.4555,1
BYBIT,ADAUSDT,240,1782878400000,0.1492,0.1529,0.1486,0.1501,134365660.0,20259480.1468,1
BYBIT,ADAUSDT,240,1782892800000,0.1501,0.1523,0.1487,0.1506,59320687.0,8923541.5931,1
BYBIT,ADAUSDT,240,1782907200000,0.1506,0.158,0.1502,0.1552,167610480.0,25828117.7864,1
BYBIT,ADAUSDT,240,1782921600000,0.1552,0.1558,0.1526,0.1532,53261137.0,8215958.8718,1
BYBIT,ADAUSDT,240,1782936000000,0.1532,0.1579,0.1528,0.1537,78790278.0,12267789.7798,1
BYBIT,ADAUSDT,240,1782950400000,0.1537,0.1565,0.1524,0.156,74202645.0,11434940.5597,1
BYBIT,ADAUSDT,240,1782964800000,0.156,0.1562,0.154,0.155,37209584.0,5768553.407,1
BYBIT,ADAUSDT,240,1782979200000,0.155,0.1602,0.1548,0.1595,66630131.0,10528544.9512,1
BYBIT,ADAUSDT,240,1782993600000,0.1595,0.1627,0.1587,0.1606,91066006.0,14648018.5198,1
BYBIT,ADAUSDT,240,1783008000000,0.1606,0.1624,0.1586,0.1596,54396328.0,8700377.8533,1
BYBIT,ADAUSDT,240,1783022400000,0.1596,0.1629,0.1594,0.1615,55492014.0,8949175.6443,1
BYBIT,ADAUSDT,240,1783036800000,0.1615,0.1686,0.1604,0.1667,99809065.0,16467630.6183,1
BYBIT,ADAUSDT,240,1783051200000,0.1667,0.1669,0.1631,0.1651,54469363.0,8971562.4502,1
BYBIT,ADAUSDT,240,1783065600000,0.1651,0.1699,0.1647,0.1695,71118570.0,11904012.7295,1
BYBIT,ADAUSDT,240,1783080000000,0.1695,0.1737,0.1677,0.1735,78093307.0,13316340.8221,1
BYBIT,ADAUSDT,240,1783094400000,0.1735,0.1831,0.1716,0.181,210837744.0,37467124.882,1
BYBIT,ADAUSDT,240,1783108800000,0.181,0.1829,0.1782,0.1798,112454284.0,20278916.4307,1
BYBIT,ADAUSDT,240,1783123200000,0.1798,0.1802,0.1762,0.1771,72193953.0,12857070.2632,1
BYBIT,ADAUSDT,240,1783137600000,0.1771,0.18,0.175,0.1759,54547177.0,9673758.3217,1
BYBIT,ADAUSDT,240,1783152000000,0.1759,0.1775,0.1749,0.1764,45595229.0,8028485.1949,1
BYBIT,ADAUSDT,240,1783166400000,0.1764,0.1919,0.1764,0.1908,154148831.0,28470428.905,1
BYBIT,ADAUSDT,240,1783180800000,0.1908,0.1999,0.1908,0.1932,277709023.0,54259544.4481,1
BYBIT,ADAUSDT,240,1783195200000,0.1932,0.1942,0.1904,0.1921,70723456.0,13589686.238,1
BYBIT,ADAUSDT,240,1783209600000,0.1921,0.1949,0.1891,0.1902,130219510.0,24947860.4118,1
BYBIT,ADAUSDT,240,1783224000000,0.1902,0.1942,0.1881,0.1929,80050913.0,15279272.5831,1
BYBIT,ADAUSDT,240,1783238400000,0.1929,0.1936,0.1851,0.1866,107768100.0,20311391.4819,1
BYBIT,ADAUSDT,240,1783252800000,0.1866,0.1908,0.185,0.1891,85418485.0,16066776.9587,1
BYBIT,ADAUSDT,240,1783267200000,0.1891,0.1913,0.1881,0.189,73453017.0,13925264.2445,1
BYBIT,ADAUSDT,240,1783281600000,0.189,0.193,0.1874,0.1894,95639101.0,18165973.397,1
BYBIT,ADAUSDT,240,1783296000000,0.1894,0.1906,0.1872,0.1879,46272253.0,8740813.9352,1
BYBIT,ADAUSDT,240,1783310400000,0.1879,0.1884,0.1828,0.184,84298338.0,15579957.6514,1
BYBIT,ADAUSDT,240,1783324800000,0.184,0.1863,0.1814,0.1823,69794147.0,12807177.3938,1
BYBIT,ADAUSDT,240,1783339200000,0.1823,0.1864,0.1779,0.1858,176224464.0,31924824.3829,1
BYBIT,ADAUSDT,240,1783353600000,0.1858,0.1866,0.1827,0.184,81027100.0,14934364.9892,1
BYBIT,ADAUSDT,240,1783368000000,0.184,0.1871,0.1826,0.184,51612926.0,9540941.9595,1
BYBIT,ADAUSDT,240,1783382400000,0.184,0.185,0.1805,0.1811,49369129.0,9009999.6348,1
BYBIT,ADAUSDT,240,1783396800000,0.1811,0.1813,0.1786,0.1795,50348480.0,9063120.5209,1
BYBIT,ADAUSDT,240,1783411200000,0.1795,0.1797,0.1764,0.1773,52129402.0,9290451.7184,1
BYBIT,ADAUSDT,240,1783425600000,0.1773,0.1798,0.1753,0.1772,91521066.0,16235174.9326,1
BYBIT,ADAUSDT,240,1783440000000,0.1772,0.1785,0.1748,0.1765,59563621.0,10520313.9392,1
BYBIT,ADAUSDT,240,1783454400000,0.1765,0.1769,0.1732,0.1744,39978412.0,6988688.1642,1
BYBIT,ADAUSDT,240,1783468800000,0.1744,0.1761,0.1703,0.1705,92198232.0,15895180.5544,1
BYBIT,ADAUSDT,240,1783483200000,0.1705,0.1714,0.1681,0.1694,54991245.0,9323442.2041,1
BYBIT,ADAUSDT,240,1783497600000,0.1694,0.1695,0.165,0.167,118232747.0,19701332.8457,1
BYBIT,ADAUSDT,240,1783512000000,0.167,0.1695,0.1646,0.1655,93678752.0,15635507.0675,1
BYBIT,ADAUSDT,240,1783526400000,0.1655,0.1673,0.1654,0.1666,38304044.0,6378837.8049,1
BYBIT,ADAUSDT,240,1783540800000,0.1666,0.1671,0.1652,0.1669,20869365.0,3471950.9001,1
BYBIT,ADAUSDT,240,1783555200000,0.1669,0.1686,0.1656,0.1663,39448002.0,6581279.1473,1
BYBIT,ADAUSDT,240,1783569600000,0.1663,0.1699,0.166,0.1681,55844319.0,9400584.9947,1
BYBIT,ADAUSDT,240,1783584000000,0.1681,0.1698,0.1667,0.1695,56184941.0,9438999.1891,1
BYBIT,ADAUSDT,240,1783598400000,0.1695,0.17,0.166,0.1666,99569358.0,16759632.3473,1
BYBIT,ADAUSDT,240,1783612800000,0.1666,0.1676,0.1649,0.1657,49435838.0,8210472.5667,1
BYBIT,ADAUSDT,240,1783627200000,0.1657,0.1675,0.1654,0.1664,23256345.0,3877690.8473,1
BYBIT,ADAUSDT,240,1783641600000,0.1664,0.1697,0.1655,0.1675,50910799.0,8544808.834,1
BYBIT,ADAUSDT,240,1783656000000,0.1675,0.1682,0.166,0.1664,47977401.0,8011404.9311,1
BYBIT,ADAUSDT,240,1783670400000,0.1664,0.1697,0.1663,0.1678,58456954.0,9824314.2139,1
BYBIT,ADAUSDT,240,1783684800000,0.1678,0.1688,0.1649,0.1663,83512895.0,13926809.4653,1
BYBIT,ADAUSDT,240,1783699200000,0.1663,0.1675,0.1657,0.1666,41799074.0,6963622.9933,1
BYBIT,ADAUSDT,240,1783713600000,0.1666,0.1674,0.1663,0.1665,17232886.0,2875197.7105,1
BYBIT,ADAUSDT,240,1783728000000,0.1665,0.1671,0.166,0.1661,15997287.0,2662838.174,1
BYBIT,ADAUSDT,240,1783742400000,0.1661,0.1678,0.1657,0.1678,25230981.0,4206541.2655,1
BYBIT,ADAUSDT,240,1783756800000,0.1678,0.1684,0.1667,0.1677,37588945.0,6304643.9146,1
BYBIT,ADAUSDT,240,1783771200000,0.1677,0.1744,0.167,0.1716,118903334.0,20306605.4349,1
BYBIT,ADAUSDT,240,1783785600000,0.1716,0.1731,0.1702,0.1715,54443186.0,9323202.7103,1
BYBIT,ADAUSDT,240,1783800000000,0.1715,0.1718,0.1654,0.1657,68908170.0,11607796.5183,1
BYBIT,ADAUSDT,240,1783814400000,0.1657,0.1665,0.1629,0.1663,82465697.0,13563250.3229,1
BYBIT,ADAUSDT,240,1783828800000,0.1663,0.1665,0.1621,0.1637,51612337.0,8453879.8694,1
BYBIT,ADAUSDT,240,1783843200000,0.1637,0.1651,0.1632,0.1643,29334505.0,4812138.8997,1
BYBIT,ADAUSDT,240,1783857600000,0.1643,0.1653,0.1638,0.1644,30702853.0,5055091.8273,1
BYBIT,ADAUSDT,240,1783872000000,0.1644,0.1647,0.1633,0.1642,25786023.0,4229663.2708,1
BYBIT,ADAUSDT,240,1783886400000,0.1642,0.1646,0.1609,0.1619,47606096.0,7722554.182,1
BYBIT,ADAUSDT,240,1783900800000,0.1619,0.1643,0.157,0.1588,99419137.0,15952844.4728,1
BYBIT,ADAUSDT,240,1783915200000,0.1588,0.1605,0.1583,0.1604,35269795.0,5625042.3568,1
BYBIT,ADAUSDT,240,1783929600000,0.1604,0.1606,0.1593,0.1593,23272252.0,3720052.3507,1
BYBIT,ADAUSDT,240,1783944000000,0.1593,0.1601,0.1574,0.1588,57328007.0,9095632.1269,1
BYBIT,ADAUSDT,240,1783958400000,0.1588,0.1591,0.1563,0.1582,45219626.0,7117761.3752,1
BYBIT,ADAUSDT,240,1783972800000,0.1582,0.1583,0.1552,0.1573,36221142.0,5673091.9951,1
BYBIT,ADAUSDT,240,1783987200000,0.1573,0.1584,0.1561,0.1576,27287413.0,4296336.6423,1
BYBIT,ADAUSDT,240,1784001600000,0.1576,0.1604,0.1572,0.1586,38861359.0,6179315.1956,1
BYBIT,ADAUSDT,240,1784016000000,0.1586,0.1593,0.158,0.1591,30922468.0,4904684.2497,1
BYBIT,ADAUSDT,240,1784030400000,0.1591,0.1682,0.1582,0.1655,202665617.0,33156580.7712,1
BYBIT,ADAUSDT,240,1784044800000,0.1655,0.1665,0.1624,0.1634,93103590.0,15276466.6754,1
BYBIT,ADAUSDT,240,1784059200000,0.1634,0.1654,0.1628,0.1654,42363774.0,6957739.0844,1
BYBIT,ADAUSDT,240,1784073600000,0.1654,0.1658,0.1618,0.1641,82867221.0,13550175.4766,1
BYBIT,ADAUSDT,240,1784088000000,0.1641,0.1655,0.1624,0.1631,74953210.0,12275887.437,1
BYBIT,ADAUSDT,240,1784102400000,0.1631,0.1654,0.1627,0.1645,57995386.0,9536093.7963,1
BYBIT,ADAUSDT,240,1784116800000,0.1645,0.1694,0.164,0.1656,112766443.0,18780987.272,1
BYBIT,ADAUSDT,240,1784131200000,0.1656,0.1658,0.1622,0.1634,86956986.0,14252202.6676,1
BYBIT,ADAUSDT,240,1784145600000,0.1634,0.1661,0.1633,0.1649,47315347.0,7801693.1923,1
BYBIT,ADAUSDT,240,1784160000000,0.1649,0.1664,0.1636,0.1649,39316476.0,6476765.1949,1
BYBIT,ADAUSDT,240,1784174400000,0.1649,0.1651,0.1621,0.1629,40562330.0,6654620.4092,1
BYBIT,ADAUSDT,240,1784188800000,0.1629,0.163,0.1609,0.1629,43592075.0,7055661.8953,1
BYBIT,ADAUSDT,240,1784203200000,0.1629,0.1652,0.1614,0.1636,76946640.0,12567725.9545,1
BYBIT,ADAUSDT,240,1784217600000,0.1636,0.1637,0.1617,0.1629,31211977.0,5078307.85,1
BYBIT,ADAUSDT,240,1784232000000,0.1629,0.1636,0.1597,0.1607,47383645.0,7652596.5204,1
BYBIT,ADAUSDT,240,1784246400000,0.1607,0.1618,0.1591,0.1603,53790064.0,8636390.1167,1
BYBIT,ADAUSDT,240,1784260800000,0.1603,0.1606,0.1577,0.1588,38263973.0,6077934.713,1
BYBIT,ADAUSDT,240,1784275200000,0.1588,0.1624,0.1582,0.1609,48371378.0,7771927.1677,1
BYBIT,ADAUSDT,240,1784289600000,0.1609,0.1641,0.1575,0.1639,107664184.0,17361996.248,1
BYBIT,ADAUSDT,240,1784304000000,0.1639,0.167,0.1635,0.166,137223911.0,22692244.8716,1
BYBIT,ADAUSDT,240,1784318400000,0.166,0.1675,0.1649,0.1665,46544831.0,7738252.1796,1
BYBIT,ADAUSDT,240,1784332800000,0.1665,0.1693,0.1665,0.1678,57176952.0,9590546.7246,1
BYBIT,ADAUSDT,240,1784347200000,0.1678,0.168,0.1657,0.1661,34487168.0,5744564.9553,1
BYBIT,ADAUSDT,240,1784361600000,0.1661,0.1668,0.1649,0.1659,25248421.0,4186156.163,1
BYBIT,ADAUSDT,240,1784376000000,0.1659,0.1665,0.1639,0.1644,28520007.0,4700093.9415,1
BYBIT,ADAUSDT,240,1784390400000,0.1644,0.1661,0.1633,0.1657,31436717.0,5175160.8829,1
BYBIT,ADAUSDT,240,1784404800000,0.1657,0.1673,0.1655,0.1666,21614348.0,3602044.9781,1
BYBIT,ADAUSDT,240,1784419200000,0.1666,0.1687,0.1662,0.1668,24974855.0,4176375.0067,1
BYBIT,ADAUSDT,240,1784433600000,0.1668,0.1669,0.1653,0.1656,30055812.0,4988148.4212,1
BYBIT,ADAUSDT,240,1784448000000,0.1656,0.166,0.1644,0.1648,33546046.0,5537321.6997,1
BYBIT,ADAUSDT,240,1784462400000,0.1648,0.167,0.1644,0.1661,27903132.0,4619778.1029,1
BYBIT,ADAUSDT,240,1784476800000,0.1661,0.1664,0.1636,0.1659,41577331.0,6855705.9122,1
BYBIT,ADAUSDT,240,1784491200000,0.1659,0.167,0.1646,0.1661,23235428.0,3855699.8922,1
BYBIT,ADAUSDT,240,1784505600000,0.1661,0.1683,0.1642,0.1655,45066819.0,7490500.7153,1
BYBIT,ADAUSDT,240,1784520000000,0.1655,0.1655,0.1605,0.1624,63060307.0,10251232.798,1
BYBIT,ADAUSDT,240,1784534400000,0.1624,0.1663,0.1613,0.1655,49132521.0,8035724.7086,1
BYBIT,ADAUSDT,240,1784548800000,0.1655,0.167,0.1615,0.1669,67753877.0,11116852.2813,1
BYBIT,ADAUSDT,240,1784563200000,0.1669,0.1706,0.1651,0.1677,108355947.0,18184476.7821,1
BYBIT,ADAUSDT,240,1784577600000,0.1677,0.1719,0.1671,0.1697,56749345.0,9630636.9367,1
BYBIT,ADAUSDT,240,1784592000000,0.1697,0.173,0.1693,0.1724,56628492.0,9683653.8786,1
BYBIT,ADAUSDT,240,1784606400000,0.1724,0.1774,0.1709,0.1763,137539195.0,24075457.6363,1
BYBIT,ADAUSDT,240,1784620800000,0.1763,0.1765,0.1741,0.1746,39632680.0,6929721.3809,1
BYBIT,ADAUSDT,240,1784635200000,0.1746,0.1768,0.1743,0.175,52300029.0,9176942.2419,1
BYBIT,ADAUSDT,240,1784649600000,0.175,0.1751,0.1718,0.1736,64276637.0,11138310.4782,1
BYBIT,ADAUSDT,240,1784664000000,0.1736,0.1742,0.1722,0.1736,22099523.0,3826170.1513,1
BYBIT,ADAUSDT,240,1784678400000,0.1736,0.1754,0.1731,0.1734,28878761.0,5026629.529,1
BYBIT,ADAUSDT,240,1784692800000,0.1734,0.1742,0.1703,0.1709,47904989.0,8223392.5912,1
BYBIT,ADAUSDT,240,1784707200000,0.1709,0.1738,0.1709,0.1729,39123638.0,6753470.5296,1
BYBIT,ADAUSDT,240,1784721600000,0.1729,0.1797,0.1715,0.1779,116560025.0,20484482.8126,1
BYBIT,ADAUSDT,240,1784736000000,0.1779,0.1807,0.1736,0.1744,82184315.0,14580496.5048,1
BYBIT,ADAUSDT,240,1784750400000,0.1744,0.1757,0.1729,0.1744,51511619.0,8973463.617,1
BYBIT,ADAUSDT,240,1784764800000,0.1744,0.1767,0.1734,0.1739,48543076.0,8497816.734,1
BYBIT,ADAUSDT,240,1784779200000,0.1739,0.1754,0.1722,0.1729,22422699.0,3894383.0742,1
BYBIT,ADAUSDT,240,1784793600000,0.1729,0.1757,0.1725,0.1742,30870623.0,5381711.4176,1
BYBIT,ADAUSDT,240,1784808000000,0.1742,0.1751,0.168,0.1705,106107169.0,18125514.9211,1
BYBIT,ADAUSDT,240,1784822400000,0.1705,0.1706,0.1679,0.1696,36719855.0,6210738.4403,1
BYBIT,ADAUSDT,240,1784836800000,0.1696,0.1704,0.168,0.1684,27101592.0,4583866.0095,1
BYBIT,ADAUSDT,240,1784851200000,0.1684,0.1684,0.1662,0.1673,42464257.0,7098010.2676,1
BYBIT,ADAUSDT,240,1784865600000,0.1673,0.1684,0.1663,0.168,22627007.0,3785463.4277,1
BYBIT,ADAUSDT,240,1784880000000,0.168,0.1682,0.1654,0.1662,28490966.0,4741991.3363,1
BYBIT,ADAUSDT,240,1784894400000,0.1662,0.1666,0.1632,0.1647,79279488.0,13055167.7449,1
BYBIT,ADAUSDT,240,1784908800000,0.1647,0.1647,0.1625,0.1636,33452280.0,5465357.7449,1
BYBIT,ADAUSDT,240,1784923200000,0.1636,0.1641,0.163,0.1638,15080762.0,2465650.4857,1
BYBIT,ADAUSDT,240,1784937600000,0.1638,0.1646,0.1635,0.1638,12055089.0,1976792.3919,1
BYBIT,ADAUSDT,240,1784952000000,0.1638,0.164,0.1614,0.1615,23522605.0,3820502.4771,1
BYBIT,ADAUSDT,240,1784966400000,0.1615,0.1626,0.1613,0.1625,14648959.0,2373211.8065,1
BYBIT,ADAUSDT,240,1784980800000,0.1625,0.1648,0.1624,0.1646,19421992.0,3178375.216,1
BYBIT,ADAUSDT,240,1784995200000,0.1646,0.1669,0.164,0.1654,35417694.0,5865779.9434,1
BYBIT,ADAUSDT,240,1785009600000,0.1654,0.1656,0.1636,0.1646,18222434.0,3000308.0797,1
BYBIT,ADAUSDT,240,1785024000000,0.1646,0.1657,0.1644,0.1653,11948187.0,1972087.5779,1
BYBIT,ADAUSDT,240,1785038400000,0.1653,0.1666,0.1649,0.1651,18248695.0,3021880.6474,1
BYBIT,ADAUSDT,240,1785052800000,0.1651,0.1654,0.1646,0.1649,12470463.0,2057431.9205,1
BYBIT,ADAUSDT,240,1785067200000,0.1649,0.1655,0.1638,0.1653,23763075.0,3912291.3148,1
BYBIT,ADAUSDT,240,1785081600000,0.1653,0.1661,0.1641,0.1644,19480895.0,3213258.0361,1
BYBIT,ADAUSDT,240,1785096000000,0.1644,0.1665,0.1641,0.1658,30241060.0,5003667.2628,1
BYBIT,ADAUSDT,240,1785110400000,0.1658,0.166,0.1643,0.1653,20788282.0,3431334.1514,1
BYBIT,ADAUSDT,240,1785124800000,0.1653,0.1672,0.1647,0.1648,35015172.0,5807813.9352,1
BYBIT,ADAUSDT,240,1785139200000,0.1648,0.1657,0.1642,0.1644,21516360.0,3550094.9838,1
BYBIT,ADAUSDT,240,1785153600000,0.1644,0.1656,0.1577,0.1578,139284261.0,22387102.855,1
BYBIT,ADAUSDT,240,1785168000000,0.1578,0.1594,0.1569,0.1589,61689454.0,9775343.9335,1
BYBIT,ADAUSDT,240,1785182400000,0.1589,0.1592,0.1536,0.1555,102753741.0,16032873.9431,1
BYBIT,ADAUSDT,240,1785196800000,0.1555,0.1563,0.1532,0.1547,63033104.0,9753883.5268,1
BYBIT,ADAUSDT,240,1785211200000,0.1547,0.1577,0.1546,0.1571,55685387.0,8704583.0316,1
BYBIT,ADAUSDT,240,1785225600000,0.1571,0.1581,0.1563,0.1569,37397156.0,5872705.5998,1
BYBIT,ADAUSDT,240,1785240000000,0.1569,0.1593,0.1551,0.159,75974554.0,11938801.8169,1
BYBIT,ADAUSDT,240,1785254400000,0.159,0.1598,0.1581,0.159,29113638.0,4624468.2756,1
BYBIT,ADAUSDT,240,1785268800000,0.159,0.1634,0.1587,0.1617,73948086.0,11913743.6685,1
BYBIT,ADAUSDT,240,1785283200000,0.1617,0.1668,0.1613,0.1634,112352012.0,18435109.8905,1
BYBIT,ADAUSDT,240,1785297600000,0.1634,0.165,0.1617,0.1645,46315104.0,7557366.2041,1
BYBIT,ADAUSDT,240,1785312000000,0.1645,0.1649,0.163,0.1639,32367823.0,5307749.7331,1
BYBIT,ADAUSDT,240,1785326400000,0.1639,0.1652,0.162,0.1629,48075526.0,7860933.5467,1
BYBIT,ADAUSDT,240,1785340800000,0.1629,0.1691,0.1622,0.163,100824146.0,16685178.075,1
BYBIT,ADAUSDT,240,1785355200000,0.163,0.1638,0.1603,0.162,58081581.0,9426065.5932,1
BYBIT,ADAUSDT,240,1785369600000,0.162,0.1647,0.1614,0.1623,24715403.0,4025718.4129,1
BYBIT,ADAUSDT,240,1785384000000,0.1623,0.1636,0.1614,0.1632,20953594.0,3407176.273,1
BYBIT,ADAUSDT,240,1785398400000,0.1632,0.1653,0.163,0.1642,31320436.0,5146020.2898,1
BYBIT,ADAUSDT,240,1785412800000,0.1642,0.1761,0.1641,0.1719,218979179.0,37378526.4134,1
BYBIT,ADAUSDT,240,1785427200000,0.1719,0.1732,0.1697,0.1727,75033507.0,12877012.7299,1
BYBIT,ADAUSDT,240,1785441600000,0.1727,0.173,0.1694,0.1696,36364786.0,6202124.7503,1
BYBIT,ADAUSDT,240,1785456000000,0.1696,0.1709,0.1691,0.17,35392937.0,6017173.4406,1
BYBIT,ADAUSDT,240,1785470400000,0.17,0.1704,0.1674,0.1698,46529689.0,7850800.6237,1
BYBIT,ADAUSDT,240,1785484800000,0.1698,0.1719,0.1682,0.17,62323117.0,10595750.047,1
BYBIT,ADAUSDT,240,1785499200000,0.17,0.1716,0.1663,0.1687,78132385.0,13178725.2548,1
BYBIT,ADAUSDT,240,1785513600000,0.1687,0.1727,0.1683,0.1703,57854129.0,9888329.6942,1
BYBIT,ADAUSDT,240,1785528000000,0.1703,0.1705,0.1675,0.1681,48611926.0,8194917.7674,1
BYBIT,ADAUSDT,240,1785542400000,0.1681,0.171,0.1681,0.171,17941137.0,3043706.2314,1
BYBIT,ADAUSDT,240,1785556800000,0.171,0.1722,0.1693,0.1711,27529159.0,4694957.74,1
BYBIT,ADAUSDT,240,1785571200000,0.1711,0.1741,0.171,0.1731,51908182.0,8959963.2359,1
BYBIT,ADAUSDT,240,1785585600000,0.1731,0.1767,0.1723,0.1724,68578296.0,11952155.9614,1
BYBIT,ADAUSDT,240,1785600000000,0.1724,0.175,0.1695,0.1724,109322097.0,18835152.6793,1
BYBIT,ADAUSDT,240,1785614400000,0.1724,0.1754,0.1721,0.1744,35642089.0,6192861.3501,1
BYBIT,ADAUSDT,240,1785628800000,0.1744,0.1808,0.1728,0.18,96088187.0,16990475.1837,1
BYBIT,ADAUSDT,240,1785643200000,0.18,0.1877,0.1798,0.1861,117374884.0,21690366.0766,1
BYBIT,ADAUSDT,240,1785657600000,0.1861,0.1895,0.1851,0.1888,94229912.0,17651478.2779,1
BYBIT,ADAUSDT,240,1785672000000,0.1888,0.1921,0.1864,0.1901,162618194.0,30820126.5569,1
BYBIT,ADAUSDT,240,1785686400000,0.1901,0.1913,0.1883,0.1885,53779350.0,10191646.9028,1
BYBIT,ADAUSDT,240,1785700800000,0.1885,0.1909,0.1867,0.1894,70982469.0,13411347.2522,1
BYBIT,ADAUSDT,240,1785715200000,0.1894,0.1897,0.1847,0.1853,68059434.0,12687972.6938,1
BYBIT,ADAUSDT,240,1785729600000,0.1853,0.187,0.1824,0.1827,65138976.0,12007276.9572,1
BYBIT,ADAUSDT,240,1785744000000,0.1827,0.1884,0.1815,0.1864,97176739.0,18028791.605,1
BYBIT,ADAUSDT,240,1785758400000,0.1864,0.1963,0.1857,0.1958,199938493.0,38340254.8468,1
BYBIT,ADAUSDT,240,1785772800000,0.1958,0.196,0.1906,0.1936,102956721.0,19908567.657,1
BYBIT,ADAUSDT,240,1785787200000,0.1936,0.1957,0.1923,0.1935,112145552.0,21737554.1448,1
BYBIT,ADAUSDT,240,1785801600000,0.1935,0.1972,0.191,0.1966,114735479.0,22239796.6236,1
BYBIT,ADAUSDT,240,1785816000000,0.1966,0.1996,0.1933,0.1945,101554345.0,19895753.8898,1
BYBIT,ADAUSDT,240,1785830400000,0.1945,0.1971,0.1934,0.1942,61557376.0,12009625.1444,1
BYBIT,ADAUSDT,240,1785844800000,0.1942,0.1951,0.1911,0.193,74794189.0,14426268.8446,1
BYBIT,ADAUSDT,240,1785859200000,0.193,0.1936,0.191,0.1923,48445958.0,9316924.5057,1
BYBIT,ADAUSDT,240,1785873600000,0.1923,0.1946,0.1916,0.1928,42767468.0,8254806.33,1
BYBIT,ADAUSDT,240,1785888000000,0.1928,0.1932,0.1896,0.1904,65435433.0,12520849.169,1
BYBIT,ADAUSDT,240,1785902400000,0.1904,0.194,0.1899,0.1939,56417049.0,10815614.4606,1
BYBIT,ADAUSDT,240,1785916800000,0.1939,0.199,0.1931,0.195,110524820.0,21596402.442,1
BYBIT,ADAUSDT,240,1785931200000,0.195,0.1957,0.1883,0.189,149915595.0,28732548.803,1
BYBIT,ADAUSDT,240,1785945600000,0.189,0.1916,0.1888,0.1895,59061181.0,11232685.6639,1
BYBIT,ADAUSDT,240,1785960000000,0.1895,0.1926,0.1885,0.1911,46361745.0,8837521.259,1
BYBIT,ADAUSDT,240,1785974400000,0.1911,0.1924,0.1866,0.1867,73714288.0,13969412.1033,1
BYBIT,ADAUSDT,240,1785988800000,0.1867,0.1891,0.1857,0.1887,38418108.0,7217837.3001,1
BYBIT,ADAUSDT,240,1786003200000,0.1887,0.1926,0.1879,0.1923,54596336.0,10356247.6935,1
BYBIT,ADAUSDT,240,1786017600000,0.1923,0.2111,0.1901,0.2087,307726576.0,62017511.0801,1
BYBIT,ADAUSDT,240,1786032000000,0.2087,0.2115,0.2005,0.202,230055832.0,47333463.5446,1
BYBIT,ADAUSDT,240,1786046400000,0.202,0.2054,0.1994,0.201,78038276.0,15771293.189,1
BYBIT,ADAUSDT,240,1786060800000,0.201,0.2028,0.1987,0.1992,60667520.0,12165050.7535,1
BYBIT,ADAUSDT,240,1786075200000,0.1992,0.2038,0.1985,0.2015,75553013.0,15212452.6082,1
BYBIT,ADAUSDT,240,1786089600000,0.2015,0.2031,0.1997,0.2014,57081610.0,11500396.0566,1
BYBIT,ADAUSDT,240,1786104000000,0.2014,0.2028,0.1964,0.2009,117195625.0,23381397.4837,1
BYBIT,ADAUSDT,240,1786118400000,0.2009,0.2023,0.1973,0.2008,83337362.0,16665595.535,1
BYBIT,ADAUSDT,240,1786132800000,0.2008,0.2032,0.2001,0.2006,45360178.0,9139252.9413,1
BYBIT,ADAUSDT,240,1786147200000,0.2006,0.2024,0.1992,0.201,42176732.0,8470094.8618,1
BYBIT,ADAUSDT,240,1786161600000,0.201,0.2014,0.1988,0.2001,26514972.0,5307868.7227,1
BYBIT,ADAUSDT,240,1786176000000,0.2001,0.2004,0.1983,0.1993,29220133.0,5826152.6324,1
BYBIT,ADAUSDT,240,1786190400000,0.1993,0.2007,0.1986,0.1994,34416627.0,6873046.2693,1
BYBIT,ADAUSDT,240,1786204800000,0.1994,0.2009,0.1994,0.2004,25304095.0,5063323.2988,1
BYBIT,ADAUSDT,240,1786219200000,0.2004,0.2008,0.1976,0.1994,29984209.0,5972132.1204,1
BYBIT,ADAUSDT,240,1786233600000,0.1994,0.1997,0.1978,0.1981,20258764.0,4025517.1218,1
BYBIT,ADAUSDT,240,1786248000000,0.1981,0.1997,0.1966,0.1985,25938458.0,5140007.0571,1
BYBIT,ADAUSDT,240,1786262400000,0.1985,0.199,0.1956,0.1964,40037624.0,7874833.4228,1
BYBIT,ADAUSDT,240,1786276800000,0.1964,0.1981,0.1957,0.1975,28425074.0,5602677.4945,1
BYBIT,ADAUSDT,240,1786291200000,0.1975,0.1988,0.1972,0.1976,12739080.0,2521244.1124,1
BYBIT,ADAUSDT,240,1786305600000,0.1976,0.1993,0.1932,0.1943,64190403.0,12593725.0884,1
BYBIT,ADAUSDT,240,1786320000000,0.1943,0.198,0.1935,0.1959,32222888.0,6314137.4187,1
BYBIT,ADAUSDT,240,1786334400000,0.1959,0.1993,0.1955,0.1981,40543417.0,8023392.6077,1
BYBIT,ADAUSDT,240,1786348800000,0.1981,0.1985,0.1944,0.1964,43689756.0,8559643.9875,1
BYBIT,ADAUSDT,240,1786363200000,0.1964,0.1971,0.1937,0.195,57679260.0,11282170.7176,1
BYBIT,ADAUSDT,240,1786377600000,0.195,0.1965,0.1923,0.1937,59806032.0,11633552.0504,1
BYBIT,ADAUSDT,240,1786392000000,0.1937,0.1945,0.1905,0.1908,38273587.0,7350175.9951,1
BYBIT,ADAUSDT,240,1786406400000,0.1908,0.1915,0.1888,0.1905,41418671.0,7874618.9743,1
BYBIT,ADAUSDT,240,1786420800000,0.1905,0.1907,0.187,0.1885,61722386.0,11629330.7604,1
BYBIT,ADAUSDT,240,1786435200000,0.1885,0.1892,0.1876,0.1886,39405282.0,7430064.8556,1
BYBIT,ADAUSDT,240,1786449600000,0.1886,0.1886,0.1835,0.1849,102949795.0,19144348.7188,1
BYBIT,ADAUSDT,240,1786464000000,0.1849,0.1866,0.1842,0.1858,48368633.0,8963049.912,1
BYBIT,ADAUSDT,240,1786478400000,0.1858,0.1874,0.1844,0.187,43651365.0,8126439.9646,1
BYBIT,ADAUSDT,240,1786492800000,0.187,0.1883,0.1857,0.1875,26374727.0,4932276.6248,1
BYBIT,ADAUSDT,240,1786507200000,0.1875,0.1879,0.1848,0.1852,23097107.0,4297018.8697,1
BYBIT,ADAUSDT,240,1786521600000,0.1852,0.1876,0.1849,0.1857,48056227.0,8948550.9981,1
BYBIT,ADAUSDT,240,1786536000000,0.1857,0.1862,0.1817,0.1817,101909189.0,18727011.9932,1
BYBIT,ADAUSDT,240,1786550400000,0.1817,0.1836,0.1814,0.183,28287027.0,5167349.8487,1
BYBIT,ADAUSDT,240,1786564800000,0.183,0.1835,0.1803,0.1825,37765698.0,6857379.7334,1
BYBIT,ADAUSDT,240,1786579200000,0.1825,0.1841,0.1811,0.1838,26759984.0,4894575.815,1
BYBIT,ADAUSDT,240,1786593600000,0.1838,0.1857,0.1829,0.1856,22824042.0,4208089.4091,1
BYBIT,ADAUSDT,240,1786608000000,0.1856,0.1865,0.1829,0.1832,37715523.0,6969632.9667,1
BYBIT,ADAUSDT,240,1786622400000,0.1832,0.1853,0.1824,0.1825,37625715.0,6916426.9282,1
BYBIT,ADAUSDT,240,1786636800000,0.1825,0.1828,0.1802,0.1814,40596727.0,7361436.9245,1
BYBIT,ADAUSDT,240,1786651200000,0.1814,0.1826,0.1811,0.1823,15059078.0,2740075.2361,1
BYBIT,ADAUSDT,240,1786665600000,0.1823,0.1833,0.1816,0.1822,28344408.0,5174389.0791,1
BYBIT,ADAUSDT,240,1786680000000,0.1822,0.1831,0.1812,0.1816,30801498.0,5606887.9724,1
BYBIT,ADAUSDT,240,1786694400000,0.1816,0.1835,0.1789,0.1799,61411214.0,11091869.3,1
BYBIT,ADAUSDT,240,1786708800000,0.1799,0.1804,0.1778,0.1798,60324622.0,10807222.1059,1
BYBIT,ADAUSDT,240,1786723200000,0.1798,0.181,0.1783,0.1797,36170073.0,6494731.139,1
BYBIT,ADAUSDT,240,1786737600000,0.1797,0.1803,0.1781,0.1801,14449813.0,2588607.9094,1
BYBIT,ADAUSDT,240,1786752000000,0.1801,0.1816,0.1795,0.1804,25128869.0,4535212.9541,1
BYBIT,ADAUSDT,240,1786766400000,0.1804,0.1815,0.1788,0.179,25121166.0,4521486.9058,1
BYBIT,ADAUSDT,240,1786780800000,0.179,0.1795,0.1782,0.1785,17515509.0,3130965.8543,1
BYBIT,ADAUSDT,240,1786795200000,0.1785,0.1791,0.178,0.1788,16202795.0,2893136.1096,1
BYBIT,ADAUSDT,240,1786809600000,0.1788,0.1789,0.1765,0.1779,35541649.0,6307561.1679,1
BYBIT,ADAUSDT,240,1786824000000,0.1779,0.178,0.1756,0.1762,22464574.0,3972071.9624,1
BYBIT,ADAUSDT,240,1786838400000,0.1762,0.1773,0.1759,0.1769,18190271.0,3212578.0033,1
BYBIT,ADAUSDT,240,1786852800000,0.1769,0.1776,0.1764,0.1776,13592521.0,2404047.3965,1
BYBIT,ADAUSDT,240,1786867200000,0.1776,0.1782,0.1752,0.1769,31759937.0,5613364.1068,1
BYBIT,ADAUSDT,240,1786881600000,0.1769,0.1772,0.1757,0.1767,18511728.0,3263650.5486,1
BYBIT,ADAUSDT,240,1786896000000,0.1767,0.1792,0.1745,0.1781,51782127.0,9154208.0366,1
BYBIT,ADAUSDT,240,1786910400000,0.1781,0.1791,0.1744,0.1748,45986299.0,8098921.1949,1
BYBIT,ADAUSDT,240,1786924800000,0.1748,0.1772,0.1736,0.177,45123723.0,7921200.5674,1
BYBIT,ADAUSDT,240,1786939200000,0.177,0.1778,0.1756,0.1761,29107435.0,5144224.891,1
BYBIT,ADAUSDT,240,1786953600000,0.1761,0.1761,0.1723,0.1747,59855598.0,10431970.9348,1
BYBIT,ADAUSDT,240,1786968000000,0.1747,0.1755,0.1729,0.1751,47031599.0,8190463.7118,1
BYBIT,ADAUSDT,240,1786982400000,0.1751,0.1756,0.1734,0.1737,29004395.0,5058308.9803,1
BYBIT,ADAUSDT,240,1786996800000,0.1737,0.1748,0.173,0.174,22537241.0,3914914.2953,1
BYBIT,ADAUSDT,240,1787011200000,0.174,0.1747,0.1709,0.1723,41417223.0,7150432.0078,1
BYBIT,ADAUSDT,240,1787025600000,0.1723,0.1745,0.1721,0.1734,34631496.0,6006743.9849,1
BYBIT,ADAUSDT,240,1787040000000,0.1734,0.174,0.1723,0.1735,23483470.0,4065852.2431,1
BYBIT,ADAUSDT,240,1787054400000,0.1735,0.177,0.1731,0.1755,75404548.0,13198711.1023,1
BYBIT,ADAUSDT,240,1787068800000,0.1755,0.1758,0.1731,0.1733,32222044.0,5622495.5385,1
BYBIT,ADAUSDT,240,1787083200000,0.1733,0.1746,0.1726,0.1745,23732922.0,4116740.724,1
BYBIT,ADAUSDT,240,1787097600000,0.1745,0.1753,0.1731,0.1751,22022938.0,3833668.9353,1
BYBIT,ADAUSDT,240,1787112000000,0.1751,0.1763,0.1739,0.1753,33124974.0,5807341.0974,1
BYBIT,ADAUSDT,240,1787126400000,0.1753,0.1757,0.1734,0.1748,29725942.0,5185456.2877,1
BYBIT,ADAUSDT,240,1787140800000,0.1748,0.1833,0.1735,0.1794,160200780.0,28588836.5229,1
BYBIT,ADAUSDT,240,1787155200000,0.1794,0.1812,0.1777,0.1812,75304548.0,13520655.5094,1
BYBIT,ADAUSDT,240,1787169600000,0.1812,0.1922,0.1809,0.187,155912583.0,29238446.0444,1
BYBIT,ADAUSDT,240,1787184000000,0.187,0.1887,0.1819,0.1823,75841186.0,14058121.6329,1
BYBIT,ADAUSDT,240,1787198400000,0.1823,0.1847,0.1817,0.1841,35427197.0,6496140.1116,1
BYBIT,ADAUSDT,240,1787212800000,0.1841,0.1954,0.1837,0.1931,115032523.0,21853358.468,1
BYBIT,ADAUSDT,240,1787227200000,0.1931,0.198,0.1898,0.1969,149519447.0,28969422.6819,1
BYBIT,ADAUSDT,240,1787241600000,0.1969,0.2035,0.1931,0.1948,158326963.0,31422115.5488,1
BYBIT,ADAUSDT,240,1787256000000,0.1948,0.1998,0.1943,0.1988,66154679.0,13042941.116,1
BYBIT,ADAUSDT,240,1787270400000,0.1988,0.2101,0.1984,0.208,163981022.0,33679078.9784,1
BYBIT,ADAUSDT,240,1787284800000,0.208,0.2115,0.206,0.2096,107631913.0,22475976.4418,1
BYBIT,ADAUSDT,240,1787299200000,0.2096,0.2179,0.2069,0.2114,230044624.0,48970658.413,1
BYBIT,ADAUSDT,240,1787313600000,0.2114,0.2204,0.2107,0.2194,132964162.0,28748741.2487,1
BYBIT,ADAUSDT,240,1787328000000,0.2194,0.2219,0.214,0.2167,126564956.0,27644373.2924,1
BYBIT,ADAUSDT,240,1787342400000,0.2167,0.2334,0.2159,0.2291,175686581.0,39898346.4751,1
BYBIT,ADAUSDT,240,1787356800000,0.2291,0.2489,0.2259,0.2438,173222854.0,40964256.6285,1
BYBIT,ADAUSDT,240,1787371200000,0.2438,0.2587,0.2048,0.2313,423005961.0,98912808.3869,1
BYBIT,ADAUSDT,240,1787385600000,0.2313,0.2337,0.2173,0.224,142254024.0,31900067.9499,1
BYBIT,ADAUSDT,240,1787400000000,0.224,0.228,0.2213,0.2226,82731942.0,18609619.8296,1
BYBIT,ADAUSDT,240,1787414400000,0.2226,0.232,0.2223,0.2312,56546730.0,12897399.605,1
BYBIT,ADAUSDT,240,1787428800000,0.2312,0.2342,0.2226,0.2261,64639853.0,14713437.3806,1
BYBIT,ADAUSDT,240,1787443200000,0.2261,0.2295,0.2179,0.2196,84429526.0,18896044.786,1
BYBIT,ADAUSDT,240,1787457600000,0.2196,0.221,0.2134,0.2178,95877543.0,20771151.4646,1
BYBIT,ADAUSDT,240,1787472000000,0.2178,0.2254,0.2174,0.2249,57586103.0,12735861.5035,1
BYBIT,ADAUSDT,240,1787486400000,0.2249,0.2306,0.2208,0.2246,112496036.0,25389150.8379,1
BYBIT,ADAUSDT,240,1787500800000,0.2246,0.2268,0.2228,0.2237,53413672.0,12007640.6361,1
BYBIT,ADAUSDT,240,1787515200000,0.2237,0.2296,0.222,0.227,51067614.0,11549743.9197,1
BYBIT,ADAUSDT,240,1787529600000,0.227,0.2272,0.217,0.2181,73960285.0,16330025.2628,1
BYBIT,ADAUSDT,240,1787544000000,0.2181,0.2223,0.2177,0.219,55584912.0,12219917.4819,1
BYBIT,ADAUSDT,240,1787558400000,0.219,0.2244,0.2166,0.2234,62084458.0,13649201.4495,1
BYBIT,ADAUSDT,240,1787572800000,0.2234,0.2275,0.2192,0.2213,124421277.0,27769077.0654,1
BYBIT,ADAUSDT,240,1787587200000,0.2213,0.225,0.2169,0.2187,67725662.0,14918486.3742,1
BYBIT,ADAUSDT,240,1787601600000,0.2187,0.2218,0.2175,0.2215,23654222.0,5205180.544,1
BYBIT,ADAUSDT,240,1787616000000,0.2215,0.2289,0.2207,0.2258,64438403.0,14523541.9259,1
BYBIT,ADAUSDT,240,1787630400000,0.2258,0.2284,0.2186,0.2207,70045669.0,15696666.5904,1
BYBIT,ADAUSDT,240,1787644800000,0.2207,0.2227,0.2173,0.2183,51156662.0,11236312.7936,1
BYBIT,ADAUSDT,240,1787659200000,0.2183,0.2187,0.2112,0.2156,108916173.0,23440800.965,1
BYBIT,ADAUSDT,240,1787673600000,0.2156,0.2162,0.2126,0.2141,26696328.0,5724556.8655,1
BYBIT,ADAUSDT,240,1787688000000,0.2141,0.2144,0.2062,0.2089,75838817.0,15927867.4052,1
BYBIT,ADAUSDT,240,1787702400000,0.2089,0.213,0.2076,0.2112,32300812.0,6799696.4295,1
BYBIT,ADAUSDT,240,1787716800000,0.2112,0.2117,0.2086,0.21,21632492.0,4549469.6176,1
BYBIT,ADAUSDT,240,1787731200000,0.21,0.2122,0.2073,0.2103,34896038.0,7326157.5565,1
BYBIT,ADAUSDT,240,1787745600000,0.2103,0.2121,0.2024,0.2046,96364045.0,19932105.1248,1
BYBIT,ADAUSDT,240,1787760000000,0.2046,0.2068,0.2021,0.2058,32328066.0,6614759.7219,1
BYBIT,ADAUSDT,240,1787774400000,0.2058,0.2128,0.2038,0.2123,38923393.0,8129415.0767,1
BYBIT,ADAUSDT,240,1787788800000,0.2123,0.2123,0.2077,0.2091,27455907.0,5766872.5438,1
BYBIT,ADAUSDT,240,1787803200000,0.2091,0.2115,0.2072,0.211,25838161.0,5410709.093,1
BYBIT,ADAUSDT,240,1787817600000,0.211,0.2167,0.2103,0.2113,91339660.0,19497123.2918,1
BYBIT,ADAUSDT,240,1787832000000,0.2113,0.2169,0.2095,0.2145,66704927.0,14242683.2258,1
BYBIT,ADAUSDT,240,1787846400000,0.2145,0.2174,0.2122,0.2136,55497982.0,11928819.6445,1
BYBIT,ADAUSDT,240,1787860800000,0.2136,0.2153,0.2126,0.2136,20825628.0,4453821.1921,1
BYBIT,ADAUSDT,240,1787875200000,0.2136,0.218,0.208,0.2098,60097955.0,12735117.565,1
BYBIT,ADAUSDT,240,1787889600000,0.2098,0.2114,0.2085,0.2092,23655180.0,4962858.9949,1
BYBIT,ADAUSDT,240,1787904000000,0.2092,0.2101,0.2059,0.2091,42728006.0,8891449.9913,1
BYBIT,ADAUSDT,240,1787918400000,0.2091,0.2115,0.2035,0.2043,94546778.0,19580985.1868,1
BYBIT,ADAUSDT,240,1787932800000,0.2043,0.205,0.1988,0.2018,71328950.0,14407325.3949,1
BYBIT,ADAUSDT,240,1787947200000,0.2018,0.2032,0.1997,0.2029,20869807.0,4205459.4744,1
BYBIT,ADAUSDT,240,1787961600000,0.2029,0.2034,0.2005,0.2005,15980624.0,3229474.8366,1
BYBIT,ADAUSDT,240,1787976000000,0.2005,0.2018,0.1994,0.2001,14245274.0,2856794.9452,1
BYBIT,ADAUSDT,240,1787990400000,0.2001,0.2005,0.1987,0.1997,18591916.0,3711405.9489,1
BYBIT,ADAUSDT,240,1788004800000,0.1997,0.2026,0.1995,0.2005,20357815.0,4093953.906,1
BYBIT,ADAUSDT,240,1788019200000,0.2005,0.202,0.1996,0.2015,23664205.0,4753531.8398,1
BYBIT,ADAUSDT,240,1788033600000,0.2015,0.2018,0.2008,0.2016,13599234.0,2737388.5595,1
BYBIT,ADAUSDT,240,1788048000000,0.2016,0.2022,0.2,0.2007,24529349.0,4931899.1351,1
BYBIT,ADAUSDT,240,1788062400000,0.2007,0.2026,0.1995,0.2004,23016768.0,4627951.8582,1
BYBIT,ADAUSDT,240,1788076800000,0.2004,0.2017,0.1997,0.201,15987595.0,3208398.2232,1
BYBIT,ADAUSDT,240,1788091200000,0.201,0.2057,0.201,0.2032,46560372.0,9468008.7949,1
BYBIT,ADAUSDT,240,1788105600000,0.2032,0.2061,0.2025,0.203,30764609.0,6290765.9994,1
BYBIT,ADAUSDT,240,1788120000000,0.203,0.2037,0.1892,0.1925,136413924.0,26799327.7515,1
BYBIT,ADAUSDT,240,1788134400000,0.1925,0.1952,0.1913,0.194,52168896.0,10071000.129,1
BYBIT,ADAUSDT,240,1788148800000,0.194,0.1964,0.1925,0.1961,35750342.0,6967972.027,1
BYBIT,ADAUSDT,240,1788163200000,0.1961,0.1984,0.1951,0.1963,28480747.0,5603188.8323,1
BYBIT,ADAUSDT,240,1788177600000,0.1963,0.1978,0.1934,0.1957,50970186.0,9971644.1542,1
BYBIT,ADAUSDT,240,1788192000000,0.1957,0.2007,0.1945,0.199,51471848.0,10171826.8479,1
BYBIT,ADAUSDT,240,1788206400000,0.199,0.2005,0.1973,0.1978,27889479.0,5534692.946,1
BYBIT,ADAUSDT,240,1788220800000,0.1978,0.2018,0.1974,0.2009,33345500.0,6652847.9681,1
BYBIT,ADAUSDT,240,1788235200000,0.2009,0.2029,0.1995,0.2003,40385837.0,8128779.3027,1
BYBIT,ADAUSDT,240,1788249600000,0.2003,0.2005,0.196,0.1995,46485929.0,9212355.9979,1
BYBIT,ADAUSDT,240,1788264000000,0.1995,0.2004,0.1963,0.1994,40401390.0,8023307.8166,1
BYBIT,ADAUSDT,240,1788278400000,0.1994,0.1994,0.1934,0.1963,68550853.0,13477691.5925,1
BYBIT,ADAUSDT,240,1788292800000,0.1963,0.197,0.1939,0.1965,37036158.0,7244709.1276,1
BYBIT,ADAUSDT,240,1788307200000,0.1965,0.1989,0.1928,0.1975,40509603.0,7941561.396,1
BYBIT,ADAUSDT,240,1788321600000,0.1975,0.1992,0.1958,0.1967,31795989.0,6281834.1962,1
BYBIT,ADAUSDT,240,1788336000000,0.1967,0.1971,0.1918,0.1948,62572754.0,12142134.7658,1
BYBIT,ADAUSDT,240,1788350400000,0.1948,0.1972,0.1934,0.1962,50205942.0,9815156.915,1
BYBIT,ADAUSDT,240,1788364800000,0.1962,0.1975,0.1942,0.1971,31154260.0,6113355.9992,1
BYBIT,ADAUSDT,240,1788379200000,0.1971,0.2011,0.1971,0.2009,38600793.0,7674700.3242,1
BYBIT,ADAUSDT,240,1788393600000,0.2009,0.2076,0.199,0.2048,80632787.0,16455978.9393,1
BYBIT,ADAUSDT,240,1788408000000,0.2048,0.2075,0.2032,0.205,42308850.0,8693864.0656,1
BYBIT,ADAUSDT,240,1788422400000,0.205,0.2095,0.2049,0.2068,51647057.0,10696634.1369,1
BYBIT,ADAUSDT,240,1788436800000,0.2068,0.2207,0.2065,0.2205,109450413.0,23437624.5266,1
BYBIT,ADAUSDT,240,1788451200000,0.2205,0.2249,0.2195,0.2225,95603522.0,21224510.8066,1
BYBIT,ADAUSDT,240,1788465600000,0.2225,0.2254,0.2186,0.221,74139941.0,16461423.9808,1
BYBIT,ADAUSDT,240,1788480000000,0.221,0.226,0.2181,0.224,75253377.0,16726028.6048,1
BYBIT,ADAUSDT,240,1788494400000,0.224,0.2273,0.2197,0.2199,63636421.0,14160381.6384,1
BYBIT,ADAUSDT,240,1788508800000,0.2199,0.2247,0.2186,0.2212,70341672.0,15573373.4318,1
BYBIT,ADAUSDT,240,1788523200000,0.2212,0.2221,0.2091,0.2127,156155382.0,33516082.1927,1
BYBIT,ADAUSDT,240,1788537600000,0.2127,0.2151,0.2105,0.2134,38868913.0,8267698.6871,1
BYBIT,ADAUSDT,240,1788552000000,0.2134,0.2138,0.2093,0.2111,26640659.0,5631273.0172,1
BYBIT,ADAUSDT,240,1788566400000,0.2111,0.2114,0.209,0.2103,32187969.0,6773248.8184,1
BYBIT,ADAUSDT,240,1788580800000,0.2103,0.214,0.2098,0.2136,36947660.0,7826798.8376,1
BYBIT,ADAUSDT,240,1788595200000,0.2136,0.2145,0.2123,0.2134,27109448.0,5778499.8915,1
BYBIT,ADAUSDT,240,1788609600000,0.2134,0.2193,0.213,0.2172,64366807.0,13931981.0706,1
BYBIT,ADAUSDT,240,1788624000000,0.2172,0.2218,0.217,0.2193,55706190.0,12231693.6767,1
BYBIT,ADAUSDT,240,1788638400000,0.2193,0.2214,0.2177,0.2182,43226519.0,9478815.5596,1
BYBIT,ADAUSDT,240,1788652800000,0.2182,0.2236,0.2181,0.2228,51005989.0,11275396.0509,1
BYBIT,ADAUSDT,240,1788667200000,0.2228,0.223,0.2171,0.2189,46293843.0,10193520.5253,1
BYBIT,ADAUSDT,240,1788681600000,0.2189,0.2216,0.2172,0.2206,67291827.0,14734078.8385,1
BYBIT,ADAUSDT,240,1788696000000,0.2206,0.2215,0.215,0.2173,80789749.0,17623444.409,1
BYBIT,ADAUSDT,240,1788710400000,0.2173,0.2199,0.2169,0.2188,28816412.0,6298462.3046,1
BYBIT,ADAUSDT,240,1788724800000,0.2188,0.2236,0.2187,0.2234,51011187.0,11288608.8274,1
BYBIT,ADAUSDT,240,1788739200000,0.2234,0.2264,0.2186,0.2193,87829730.0,19499200.2962,1
BYBIT,ADAUSDT,240,1788753600000,0.2193,0.2217,0.2138,0.2166,86433057.0,18849984.7279,1
BYBIT,ADAUSDT,240,1788768000000,0.2166,0.2204,0.2164,0.2194,37942321.0,8295200.5021,1
BYBIT,ADAUSDT,240,1788782400000,0.2194,0.225,0.2163,0.2171,117180107.0,25868008.2207,1
BYBIT,ADAUSDT,240,1788796800000,0.2171,0.2219,0.217,0.2209,46564913.0,10242233.984,1
BYBIT,ADAUSDT,240,1788811200000,0.2209,0.2217,0.2165,0.2203,50911947.0,11170573.1854,1
BYBIT,ADAUSDT,240,1788825600000,0.2203,0.223,0.2171,0.2184,63559389.0,14005918.0297,1
BYBIT,ADAUSDT,240,1788840000000,0.2184,0.219,0.2155,0.2169,83735417.0,18192667.438,1
BYBIT,ADAUSDT,240,1788854400000,0.2169,0.2217,0.2155,0.2177,70110191.0,15331957.3075,1
BYBIT,ADAUSDT,240,1788868800000,0.2177,0.2305,0.2146,0.2292,168449403.0,37714556.2336,1
BYBIT,ADAUSDT,240,1788883200000,0.2292,0.2321,0.2198,0.2206,134540756.0,30400747.0347,1
BYBIT,ADAUSDT,240,1788897600000,0.2206,0.2226,0.2178,0.2192,63568342.0,13990055.4645,1
BYBIT,ADAUSDT,240,1788912000000,0.2192,0.2208,0.2157,0.2164,55799106.0,12188750.5942,1
BYBIT,ADAUSDT,240,1788926400000,0.2164,0.2219,0.216,0.2215,58984595.0,12954611.1752,1
BYBIT,ADAUSDT,240,1788940800000,0.2215,0.223,0.2166,0.2201,76690341.0,16821822.9514,1
BYBIT,ADAUSDT,240,1788955200000,0.2201,0.2217,0.2132,0.2154,99162008.0,21573961.2418,1
BYBIT,ADAUSDT,240,1788969600000,0.2154,0.2184,0.2136,0.2144,47589878.0,10301564.5347,1
BYBIT,ADAUSDT,240,1788984000000,0.2144,0.2149,0.2079,0.2118,103560067.0,21930518.954,1
BYBIT,ADAUSDT,240,1788998400000,0.2118,0.2138,0.2092,0.2136,51872518.0,10980236.4205,1
BYBIT,ADAUSDT,240,1789012800000,0.2136,0.2149,0.2116,0.2134,42336014.0,9027073.9941,1
BYBIT,ADAUSDT,240,1789027200000,0.2134,0.215,0.2106,0.2123,60983759.0,12985039.5343,1
BYBIT,ADAUSDT,240,1789041600000,0.2123,0.2135,0.2061,0.2095,133492154.0,27994176.5034,1
BYBIT,ADAUSDT,240,1789056000000,0.2095,0.2113,0.2054,0.209,87868769.0,18313549.017,1
BYBIT,ADAUSDT,240,1789070400000,0.209,0.2108,0.204,0.2045,44650954.0,9255290.9025,1
BYBIT,ADAUSDT,240,1789084800000,0.2045,0.2079,0.2038,0.2077,26961297.0,5552995.2714,1
BYBIT,ADAUSDT,240,1789099200000,0.2077,0.2105,0.2074,0.2076,49621157.0,10365143.5697,1
BYBIT,ADAUSDT,240,1789113600000,0.2076,0.2087,0.2007,0.2023,75594708.0,15421924.419,1
BYBIT,ADAUSDT,240,1789128000000,0.2023,0.2163,0.1994,0.2082,218168882.0,45464003.2692,1
BYBIT,ADAUSDT,240,1789142400000,0.2082,0.2103,0.2029,0.206,64851903.0,13379384.4092,1
BYBIT,ADAUSDT,240,1789156800000,0.206,0.2073,0.2036,0.2061,35604268.0,7314148.9527,1
BYBIT,ADAUSDT,240,1789171200000,0.2061,0.2094,0.2056,0.2088,29932259.0,6225239.1076,1
BYBIT,ADAUSDT,240,1789185600000,0.2088,0.2093,0.207,0.2089,25499376.0,5304481.6733,1
BYBIT,ADAUSDT,240,1789200000000,0.2089,0.2096,0.2079,0.2092,23464448.0,4896491.5575,1
BYBIT,ADAUSDT,240,1789214400000,0.2092,0.2094,0.2078,0.2085,19008006.0,3963613.1379,1
BYBIT,ADAUSDT,240,1789228800000,0.2085,0.2086,0.2068,0.2071,27553177.0,5718670.7719,1
BYBIT,ADAUSDT,240,1789243200000,0.2071,0.2082,0.2063,0.2071,20976537.0,4346884.4302,1
BYBIT,ADAUSDT,240,1789257600000,0.2071,0.2083,0.2063,0.2066,25081170.0,5205159.1806,1
BYBIT,ADAUSDT,240,1789272000000,0.2066,0.2085,0.2058,0.2061,21672978.0,4487185.922,1
BYBIT,ADAUSDT,240,1789286400000,0.2061,0.2064,0.203,0.2045,35339147.0,7221175.0245,1
BYBIT,ADAUSDT,240,1789300800000,0.2045,0.208,0.2036,0.2056,30523450.0,6291590.2182,1
BYBIT,ADAUSDT,240,1789315200000,0.2056,0.2096,0.2055,0.208,23892792.0,4971974.3269,1
BYBIT,ADAUSDT,240,1789329600000,0.208,0.2092,0.202,0.2032,43465026.0,8903276.4542,1
BYBIT,ADAUSDT,240,1789344000000,0.2032,0.2086,0.2021,0.2071,45834778.0,9432216.7801,1
BYBIT,ADAUSDT,240,1789358400000,0.2071,0.2112,0.2063,0.2105,41944626.0,8752144.4075,1
BYBIT,ADAUSDT,240,1789372800000,0.2105,0.2126,0.2088,0.2098,57155503.0,12023634.0544,1
BYBIT,ADAUSDT,240,1789387200000,0.2098,0.2109,0.2067,0.2089,77840473.0,16241758.2114,1
BYBIT,ADAUSDT,240,1789401600000,0.2089,0.2149,0.2086,0.2124,68930529.0,14632091.0892,1
BYBIT,ADAUSDT,240,1789416000000,0.2124,0.2158,0.208,0.2084,50970946.0,10801043.6336,1
BYBIT,ADAUSDT,240,1789430400000,0.2084,0.2086,0.2049,0.205,39886790.0,8260588.5725,1
BYBIT,ADAUSDT,240,1789444800000,0.205,0.2056,0.203,0.2035,41234321.0,8425611.6506,1
BYBIT,ADAUSDT,240,1789459200000,0.2035,0.2058,0.203,0.2045,40417585.0,8266217.5106,1
BYBIT,ADAUSDT,240,1789473600000,0.2045,0.2076,0.1981,0.2018,100822548.0,20426912.022,1
BYBIT,ADAUSDT,240,1789488000000,0.2018,0.2046,0.1927,0.198,153341715.0,30423725.152,1
BYBIT,ADAUSDT,240,1789502400000,0.198,0.1986,0.1934,0.1952,54817394.0,10733686.1975,1
BYBIT,ADAUSDT,240,1789516800000,0.1952,0.1958,0.1921,0.1946,50516387.0,9799889.6462,1
BYBIT,ADAUSDT,240,1789531200000,0.1946,0.1967,0.1938,0.1938,39925157.0,7800087.2358,1
BYBIT,ADAUSDT,240,1789545600000,0.1938,0.1955,0.1924,0.1947,41093552.0,7961363.8864,1
BYBIT,ADAUSDT,240,1789560000000,0.1947,0.195,0.1903,0.191,81412123.0,15634252.0403,1
BYBIT,ADAUSDT,240,1789574400000,0.191,0.1971,0.1901,0.1944,132365399.0,25497771.9234,1
BYBIT,ADAUSDT,240,1789588800000,0.1944,0.1964,0.1922,0.1962,45594758.0,8877450.0915,1
BYBIT,ADAUSDT,240,1789603200000,0.1962,0.1973,0.1943,0.196,32588532.0,6384285.2828,1
BYBIT,ADAUSDT,240,1789617600000,0.196,0.199,0.1948,0.1986,36179237.0,7130365.0135,1
BYBIT,ADAUSDT,240,1789632000000,0.1986,0.2003,0.1972,0.1984,40053085.0,7961666.8093,1
BYBIT,ADAUSDT,240,1789646400000,0.1984,0.2041,0.1982,0.2021,72343409.0,14552961.2316,1
BYBIT,ADAUSDT,240,1789660800000,0.2021,0.2035,0.2008,0.2017,37483560.0,7574157.7972,1
BYBIT,ADAUSDT,240,1789675200000,0.2017,0.203,0.1997,0.2026,35616848.0,7172891.8705,1
BYBIT,ADAUSDT,240,1789689600000,0.2026,0.2174,0.2014,0.2164,143895289.0,30503653.7901,1
BYBIT,ADAUSDT,240,1789704000000,0.2164,0.2173,0.212,0.2143,55290148.0,11829296.9683,1
BYBIT,ADAUSDT,240,1789718400000,0.2143,0.2166,0.2127,0.214,44353037.0,9523576.2856,1
BYBIT,ADAUSDT,240,1789732800000,0.214,0.2215,0.2129,0.2199,87350122.0,19029357.9498,1
BYBIT,ADAUSDT,240,1789747200000,0.2199,0.2234,0.2176,0.2224,61758620.0,13626369.7408,1
BYBIT,ADAUSDT,240,1789761600000,0.2224,0.2271,0.2215,0.2244,68095374.0,15277708.7241,1
BYBIT,ADAUSDT,240,1789776000000,0.2244,0.2351,0.2244,0.231,101766293.0,23407586.6293,1
BYBIT,ADAUSDT,240,1789790400000,0.231,0.2318,0.2214,0.2216,82652306.0,18585927.8758,1
BYBIT,ADAUSDT,240,1789804800000,0.2216,0.2272,0.2209,0.2269,52954947.0,11879024.0312,1
BYBIT,ADAUSDT,240,1789819200000,0.2269,0.229,0.225,0.2271,68259538.0,15497321.8241,1
BYBIT,ADAUSDT,240,1789833600000,0.2271,0.2314,0.2254,0.2301,67901933.0,15557635.6056,1
BYBIT,ADAUSDT,240,1789848000000,0.2301,0.2313,0.225,0.2278,68468682.0,15600092.3752,1
BYBIT,ADAUSDT,240,1789862400000,0.2278,0.2302,0.2187,0.2223,113685838.0,25552416.8195,1
BYBIT,ADAUSDT,240,1789876800000,0.2223,0.2225,0.2191,0.2192,33824941.0,7466556.471,1
BYBIT,ADAUSDT,240,1789891200000,0.2192,0.2223,0.218,0.2213,49294701.0,10836770.3429,1
BYBIT,ADAUSDT,240,1789905600000,0.2213,0.2247,0.2202,0.2245,43040778.0,9557155.7075,1
BYBIT,ADAUSDT,240,1789920000000,0.2245,0.2331,0.224,0.2277,110982793.0,25390187.1147,1
BYBIT,ADAUSDT,240,1789934400000,0.2277,0.2293,0.2237,0.2279,40693249.0,9229277.4174,1
BYBIT,ADAUSDT,240,1789948800000,0.2279,0.2343,0.2262,0.2318,75385681.0,17388234.5105,1
BYBIT,ADAUSDT,240,1789963200000,0.2318,0.2345,0.23,0.2322,42208658.0,9793926.313,1
BYBIT,ADAUSDT,240,1789977600000,0.2322,0.2437,0.2319,0.2417,100608819.0,24011269.1584,1
BYBIT,ADAUSDT,240,1789992000000,0.2417,0.2488,0.2395,0.2447,106963733.0,26104093.5853,1
BYBIT,ADAUSDT,240,1790006400000,0.2447,0.2466,0.2401,0.2447,50995040.0,12396780.4467,1
BYBIT,ADAUSDT,240,1790020800000,0.2447,0.2478,0.2431,0.2451,58325589.0,14316617.5045,1
BYBIT,ADAUSDT,240,1790035200000,0.2451,0.2501,0.2424,0.248,89239194.0,21966424.751,1
BYBIT,ADAUSDT,240,1790049600000,0.248,0.2519,0.2405,0.2455,115257473.0,28359156.8078,1
