exchange,symbol,interval,open_time_ms,open,high,low,close,volume_base,turnover_quote,is_closed
BYBIT,BNBUSDT,240,1769342400000,880.1,880.8,876.0,876.9,2900.2,2547253.337,1
BYBIT,BNBUSDT,240,1769356800000,876.9,877.0,855.3,858.2,21820.8,18909901.327,1
BYBIT,BNBUSDT,240,1769371200000,858.2,866.2,855.4,865.7,8325.2,7167521.467,1
BYBIT,BNBUSDT,240,1769385600000,865.7,875.4,864.5,867.5,11306.67,9842215.109,1
BYBIT,BNBUSDT,240,1769400000000,867.5,874.3,867.5,874.3,3623.39,3159302.571,1
BYBIT,BNBUSDT,240,1769414400000,874.3,877.4,868.8,872.5,5841.7,5099917.358,1
BYBIT,BNBUSDT,240,1769428800000,872.5,877.9,868.6,871.5,12244.51,10686374.413,1
BYBIT,BNBUSDT,240,1769443200000,871.5,878.7,868.1,873.9,10777.66,9411667.488,1
BYBIT,BNBUSDT,240,1769457600000,873.9,881.3,871.1,878.9,4649.62,4072688.923,1
BYBIT,BNBUSDT,240,1769472000000,878.9,885.3,875.7,884.2,3455.99,3045334.448,1
BYBIT,BNBUSDT,240,1769486400000,884.2,887.6,881.8,883.1,4292.51,3797471.251,1
BYBIT,BNBUSDT,240,1769500800000,883.1,884.6,876.1,879.8,6893.96,6065248.902,1
BYBIT,BNBUSDT,240,1769515200000,879.8,885.8,878.5,885.3,7392.38,6520813.829,1
BYBIT,BNBUSDT,240,1769529600000,885.3,897.7,884.4,891.6,16349.51,14575113.704,1
BYBIT,BNBUSDT,240,1769544000000,891.6,901.1,891.3,898.1,6002.28,5383568.419,1
BYBIT,BNBUSDT,240,1769558400000,898.1,900.9,894.1,896.7,4845.58,4348812.139,1
BYBIT,BNBUSDT,240,1769572800000,896.7,904.8,895.0,903.0,7682.96,6919903.586,1
BYBIT,BNBUSDT,240,1769587200000,903.0,909.3,902.0,907.4,12382.32,11211586.489,1
BYBIT,BNBUSDT,240,1769601600000,907.4,907.9,896.6,902.3,9130.11,8250666.989,1
BYBIT,BNBUSDT,240,1769616000000,902.3,906.8,897.2,903.6,13465.37,12149128.149,1
BYBIT,BNBUSDT,240,1769630400000,903.6,907.1,898.9,902.4,6966.23,6287702.085,1
BYBIT,BNBUSDT,240,1769644800000,902.4,904.4,892.6,896.2,9998.45,8979239.26,1
BYBIT,BNBUSDT,240,1769659200000,896.2,906.5,894.7,904.5,13692.27,12350412.145,1
BYBIT,BNBUSDT,240,1769673600000,904.5,905.7,892.8,893.6,41771.54,37592178.685,1
BYBIT,BNBUSDT,240,1769688000000,893.6,894.0,855.9,863.3,43154.69,37760547.233,1
BYBIT,BNBUSDT,240,1769702400000,863.3,869.6,852.2,859.8,29553.58,25440967.2,1
BYBIT,BNBUSDT,240,1769716800000,859.8,869.0,858.9,868.1,8228.36,7107031.329,1
BYBIT,BNBUSDT,240,1769731200000,868.1,869.3,834.7,845.2,42386.89,35884796.167,1
BYBIT,BNBUSDT,240,1769745600000,845.2,854.0,835.4,846.6,14698.32,12424352.117,1
BYBIT,BNBUSDT,240,1769760000000,846.6,847.4,832.2,842.2,17450.7,14616583.37,1
BYBIT,BNBUSDT,240,1769774400000,842.2,855.6,835.7,849.8,32745.91,27736590.391,1
BYBIT,BNBUSDT,240,1769788800000,849.8,855.4,831.3,853.7,21255.09,17982254.195,1
BYBIT,BNBUSDT,240,1769803200000,853.7,861.5,845.8,858.2,24029.31,20538544.404,1
BYBIT,BNBUSDT,240,1769817600000,858.2,860.4,851.4,852.8,7884.45,6747160.107,1
BYBIT,BNBUSDT,240,1769832000000,852.8,854.2,845.1,847.3,8097.43,6885367.931,1
BYBIT,BNBUSDT,240,1769846400000,847.3,847.3,831.5,836.2,14859.4,12439882.253,1
BYBIT,BNBUSDT,240,1769860800000,836.2,836.9,801.2,802.7,45373.52,37077031.486,1
BYBIT,BNBUSDT,240,1769875200000,802.7,810.0,748.5,770.6,117691.94,91643260.674,1
BYBIT,BNBUSDT,240,1769889600000,770.6,785.6,765.4,780.8,26281.51,20351582.408,1
BYBIT,BNBUSDT,240,1769904000000,780.8,789.3,778.4,782.9,19838.7,15541016.685,1
BYBIT,BNBUSDT,240,1769918400000,782.9,784.6,773.3,777.7,10321.97,8044810.334,1
BYBIT,BNBUSDT,240,1769932800000,777.7,782.3,767.9,773.7,14387.75,11156570.087,1
BYBIT,BNBUSDT,240,1769947200000,773.7,773.8,741.6,749.5,36485.46,27569616.284,1
BYBIT,BNBUSDT,240,1769961600000,749.5,766.5,745.4,756.7,26690.24,20157895.997,1
BYBIT,BNBUSDT,240,1769976000000,756.7,766.1,739.3,758.1,36835.69,27752164.704,1
BYBIT,BNBUSDT,240,1769990400000,758.1,770.3,728.0,751.4,39348.47,29481029.376,1
BYBIT,BNBUSDT,240,1770004800000,751.4,760.3,728.3,752.2,49635.43,36966621.084,1
BYBIT,BNBUSDT,240,1770019200000,752.2,767.1,752.2,762.1,20515.88,15613395.762,1
BYBIT,BNBUSDT,240,1770033600000,762.1,780.6,761.2,777.2,27182.38,20937041.629,1
BYBIT,BNBUSDT,240,1770048000000,777.2,781.1,769.2,769.6,18181.32,14098258.124,1
BYBIT,BNBUSDT,240,1770062400000,769.6,776.5,766.7,773.6,12266.93,9467293.035,1
BYBIT,BNBUSDT,240,1770076800000,773.6,774.9,762.1,772.0,14253.2,10949644.807,1
BYBIT,BNBUSDT,240,1770091200000,772.0,783.3,770.5,781.6,11829.98,9184198.654,1
BYBIT,BNBUSDT,240,1770105600000,781.6,782.3,765.4,768.3,23649.41,18279272.429,1
BYBIT,BNBUSDT,240,1770120000000,768.3,778.0,763.5,776.5,19268.92,14867473.11,1
BYBIT,BNBUSDT,240,1770134400000,776.5,776.5,735.8,757.6,47340.3,35567198.204,1
BYBIT,BNBUSDT,240,1770148800000,757.6,775.2,751.8,754.5,27621.4,21120586.029,1
BYBIT,BNBUSDT,240,1770163200000,754.5,763.9,751.3,761.2,11425.77,8661929.091,1
BYBIT,BNBUSDT,240,1770177600000,761.2,765.1,753.7,763.8,7947.01,6041772.437,1
BYBIT,BNBUSDT,240,1770192000000,763.8,763.9,746.8,749.9,10828.42,8159652.098,1
BYBIT,BNBUSDT,240,1770206400000,749.9,752.0,726.7,733.4,38401.32,28357190.632,1
BYBIT,BNBUSDT,240,1770220800000,733.4,736.0,706.4,717.4,44734.75,32166870.517,1
BYBIT,BNBUSDT,240,1770235200000,717.4,718.3,686.2,696.8,29389.33,20559840.191,1
BYBIT,BNBUSDT,240,1770249600000,696.8,702.8,690.3,693.8,22561.26,15716504.454,1
BYBIT,BNBUSDT,240,1770264000000,693.8,700.1,685.3,691.0,28042.83,19429001.704,1
BYBIT,BNBUSDT,240,1770278400000,691.0,699.9,674.2,683.0,33112.24,22783027.09,1
BYBIT,BNBUSDT,240,1770292800000,683.0,688.3,646.1,658.2,74485.85,49619740.127,1
BYBIT,BNBUSDT,240,1770307200000,658.2,673.6,633.5,640.9,62116.98,40619053.679,1
BYBIT,BNBUSDT,240,1770321600000,640.9,644.8,601.8,608.0,128342.17,79436411.745,1
BYBIT,BNBUSDT,240,1770336000000,608.0,633.5,569.7,614.8,165488.66,99108545.475,1
BYBIT,BNBUSDT,240,1770350400000,614.8,641.9,612.7,622.3,29777.89,18698614.706,1
BYBIT,BNBUSDT,240,1770364800000,622.3,637.9,616.2,635.5,27900.61,17461067.254,1
BYBIT,BNBUSDT,240,1770379200000,635.5,654.5,632.0,650.6,37656.54,24325187.436,1
BYBIT,BNBUSDT,240,1770393600000,650.6,669.0,648.4,658.2,45675.67,30068577.871,1
BYBIT,BNBUSDT,240,1770408000000,658.2,668.1,654.3,656.5,18333.46,12122519.416,1
BYBIT,BNBUSDT,240,1770422400000,656.5,661.3,649.7,658.6,15249.58,9988487.536,1
BYBIT,BNBUSDT,240,1770436800000,658.6,663.2,631.8,638.1,38205.13,24672827.456,1
BYBIT,BNBUSDT,240,1770451200000,638.1,641.0,630.4,635.0,14441.75,9194255.186,1
BYBIT,BNBUSDT,240,1770465600000,635.0,646.6,633.3,641.7,16284.29,10406446.11,1
BYBIT,BNBUSDT,240,1770480000000,641.7,654.9,638.6,649.7,88837.15,57283271.928,1
BYBIT,BNBUSDT,240,1770494400000,649.7,653.5,643.5,646.6,6610.99,4289841.639,1
BYBIT,BNBUSDT,240,1770508800000,646.6,650.8,642.0,642.2,5912.14,3826970.332,1
BYBIT,BNBUSDT,240,1770523200000,642.2,644.5,638.7,642.6,5220.27,3347127.154,1
BYBIT,BNBUSDT,240,1770537600000,642.6,650.5,636.8,645.1,21780.09,14009858.393,1
BYBIT,BNBUSDT,240,1770552000000,645.1,647.8,640.5,643.4,12892.94,8299895.896,1
BYBIT,BNBUSDT,240,1770566400000,643.4,649.4,631.9,648.1,14432.75,9246614.795,1
BYBIT,BNBUSDT,240,1770580800000,648.1,652.8,635.6,639.4,13750.74,8847538.644,1
BYBIT,BNBUSDT,240,1770595200000,639.4,645.8,633.1,644.6,12012.92,7679753.126,1
BYBIT,BNBUSDT,240,1770609600000,644.6,644.8,630.4,631.5,13234.25,8414290.713,1
BYBIT,BNBUSDT,240,1770624000000,631.5,633.1,615.7,621.4,17444.83,10867182.52,1
BYBIT,BNBUSDT,240,1770638400000,621.4,632.2,621.3,630.6,17541.3,10998887.56,1
BYBIT,BNBUSDT,240,1770652800000,630.6,643.1,626.8,642.2,15395.0,9801996.488,1
BYBIT,BNBUSDT,240,1770667200000,642.2,643.9,633.0,635.9,8325.8,5314548.329,1
BYBIT,BNBUSDT,240,1770681600000,635.9,641.7,629.5,633.0,14367.93,9132145.742,1
BYBIT,BNBUSDT,240,1770696000000,633.0,639.1,627.8,631.2,18548.5,11731701.227,1
BYBIT,BNBUSDT,240,1770710400000,631.2,634.9,624.6,626.0,16903.96,10646709.016,1
BYBIT,BNBUSDT,240,1770724800000,626.0,628.7,613.0,618.8,26680.22,16549731.991,1
BYBIT,BNBUSDT,240,1770739200000,618.8,625.0,613.4,616.8,11230.97,6943480.149,1
BYBIT,BNBUSDT,240,1770753600000,616.8,620.2,614.0,619.5,7112.97,4388660.501,1
BYBIT,BNBUSDT,240,1770768000000,619.5,623.8,614.8,617.0,6722.4,4168343.831,1
BYBIT,BNBUSDT,240,1770782400000,617.0,618.1,597.2,600.2,24999.52,15122953.057,1
BYBIT,BNBUSDT,240,1770796800000,600.2,601.7,586.8,592.5,21148.57,12544979.543,1
BYBIT,BNBUSDT,240,1770811200000,592.5,611.7,588.4,593.3,39193.6,23455453.377,1
BYBIT,BNBUSDT,240,1770825600000,593.3,613.2,591.8,610.2,18819.42,11338406.098,1
BYBIT,BNBUSDT,240,1770840000000,610.2,617.7,604.2,607.7,13986.12,8537393.18,1
BYBIT,BNBUSDT,240,1770854400000,607.7,617.1,607.7,616.5,11979.62,7346453.22,1
BYBIT,BNBUSDT,240,1770868800000,616.5,618.2,611.1,615.0,10879.13,6693032.844,1
BYBIT,BNBUSDT,240,1770883200000,615.0,620.6,610.1,617.3,11265.23,6929628.143,1
BYBIT,BNBUSDT,240,1770897600000,617.3,617.9,607.2,608.5,13769.9,8435899.576,1
BYBIT,BNBUSDT,240,1770912000000,608.5,611.9,599.9,607.7,13628.39,8256521.844,1
BYBIT,BNBUSDT,240,1770926400000,607.7,615.4,603.4,613.9,5686.17,3465967.031,1
BYBIT,BNBUSDT,240,1770940800000,613.9,616.3,607.0,608.5,8763.94,5360033.684,1
BYBIT,BNBUSDT,240,1770955200000,608.5,609.2,591.6,597.6,15608.21,9334650.027,1
BYBIT,BNBUSDT,240,1770969600000,597.6,604.1,597.1,601.4,10694.7,6424730.015,1
BYBIT,BNBUSDT,240,1770984000000,601.4,615.0,594.9,609.9,29369.36,17692345.597,1
BYBIT,BNBUSDT,240,1770998400000,609.9,621.1,608.6,617.7,21194.04,13058393.059,1
BYBIT,BNBUSDT,240,1771012800000,617.7,622.5,615.3,618.6,8602.92,5329117.261,1
BYBIT,BNBUSDT,240,1771027200000,618.6,625.4,616.7,617.3,8087.4,5022635.602,1
BYBIT,BNBUSDT,240,1771041600000,617.3,622.3,615.5,622.1,7599.12,4700632.817,1
BYBIT,BNBUSDT,240,1771056000000,622.1,633.4,621.8,633.0,12419.54,7797524.047,1
BYBIT,BNBUSDT,240,1771070400000,633.0,637.2,626.5,634.5,12894.78,8139765.049,1
BYBIT,BNBUSDT,240,1771084800000,634.5,634.5,628.7,632.4,5537.91,3498419.524,1
BYBIT,BNBUSDT,240,1771099200000,632.4,634.5,628.2,632.4,7480.5,4725676.541,1
BYBIT,BNBUSDT,240,1771113600000,632.4,633.8,626.4,633.2,9597.13,6049692.203,1
BYBIT,BNBUSDT,240,1771128000000,633.2,642.1,633.2,639.5,7539.85,4804210.167,1
BYBIT,BNBUSDT,240,1771142400000,639.5,640.9,625.6,628.9,10674.18,6733130.75,1
BYBIT,BNBUSDT,240,1771156800000,628.9,629.7,615.2,621.1,20624.49,12812242.962,1
BYBIT,BNBUSDT,240,1771171200000,621.1,621.1,608.3,611.4,18605.03,11407044.873,1
BYBIT,BNBUSDT,240,1771185600000,611.4,616.8,609.4,614.6,9135.05,5610989.145,1
BYBIT,BNBUSDT,240,1771200000000,614.6,617.9,610.8,613.1,3425.98,2104807.662,1
BYBIT,BNBUSDT,240,1771214400000,613.1,618.5,609.7,612.8,9273.69,5681792.065,1
BYBIT,BNBUSDT,240,1771228800000,612.8,619.6,612.0,618.2,8210.05,5056871.259,1
BYBIT,BNBUSDT,240,1771243200000,618.2,630.9,604.0,607.1,29621.26,18237246.048,1
BYBIT,BNBUSDT,240,1771257600000,607.1,617.8,606.7,616.3,10372.84,6358806.56,1
BYBIT,BNBUSDT,240,1771272000000,616.3,628.2,615.6,627.0,8753.34,5461049.878,1
BYBIT,BNBUSDT,240,1771286400000,627.0,631.8,621.1,626.7,10517.13,6601670.739,1
BYBIT,BNBUSDT,240,1771300800000,626.7,628.1,620.0,622.6,7289.27,4549317.781,1
BYBIT,BNBUSDT,240,1771315200000,622.6,623.8,614.9,618.0,6674.23,4129952.826,1
BYBIT,BNBUSDT,240,1771329600000,618.0,625.7,608.7,614.7,20373.63,12537429.105,1
BYBIT,BNBUSDT,240,1771344000000,614.7,624.0,611.8,619.8,17080.95,10562331.601,1
BYBIT,BNBUSDT,240,1771358400000,619.8,620.7,615.6,617.3,5548.32,3427430.386,1
BYBIT,BNBUSDT,240,1771372800000,617.3,619.4,612.8,618.5,5492.92,3382366.189,1
BYBIT,BNBUSDT,240,1771387200000,618.5,621.3,614.2,620.7,12437.76,7686373.605,1
BYBIT,BNBUSDT,240,1771401600000,620.7,626.4,612.8,613.7,16049.35,9947863.205,1
BYBIT,BNBUSDT,240,1771416000000,613.7,622.7,607.2,617.8,21508.02,13164673.714,1
BYBIT,BNBUSDT,240,1771430400000,617.8,620.1,600.6,602.4,20008.54,12168690.127,1
BYBIT,BNBUSDT,240,1771444800000,602.4,606.1,601.4,604.5,9196.57,5554537.55,1
BYBIT,BNBUSDT,240,1771459200000,604.5,607.8,602.1,607.6,14473.19,8749870.359,1
BYBIT,BNBUSDT,240,1771473600000,607.6,614.9,606.1,610.5,8919.01,5458669.098,1
BYBIT,BNBUSDT,240,1771488000000,610.5,610.5,603.3,603.8,7663.49,4645485.279,1
BYBIT,BNBUSDT,240,1771502400000,603.8,606.1,595.3,600.0,25189.21,15115287.94,1
BYBIT,BNBUSDT,240,1771516800000,600.0,606.5,595.6,604.2,11718.81,7049257.005,1
BYBIT,BNBUSDT,240,1771531200000,604.2,609.0,602.6,607.5,6317.16,3830467.239,1
BYBIT,BNBUSDT,240,1771545600000,607.5,610.2,605.8,607.6,5547.47,3371122.443,1
BYBIT,BNBUSDT,240,1771560000000,607.6,613.7,604.7,611.9,10965.68,6697260.55,1
BYBIT,BNBUSDT,240,1771574400000,611.9,615.2,607.6,608.4,12621.5,7725620.651,1
BYBIT,BNBUSDT,240,1771588800000,608.4,617.9,600.7,616.6,24515.23,14937167.05,1
BYBIT,BNBUSDT,240,1771603200000,616.6,628.4,615.8,626.2,26765.98,16641527.123,1
BYBIT,BNBUSDT,240,1771617600000,626.2,629.8,624.7,625.9,10292.13,6456233.787,1
BYBIT,BNBUSDT,240,1771632000000,625.9,628.8,623.9,625.2,8538.06,5352318.931,1
BYBIT,BNBUSDT,240,1771646400000,625.2,628.0,624.8,625.8,4082.4,2557525.239,1
BYBIT,BNBUSDT,240,1771660800000,625.8,631.3,625.6,630.1,5859.56,3685821.706,1
BYBIT,BNBUSDT,240,1771675200000,630.1,634.7,627.3,627.5,11917.0,7521053.078,1
BYBIT,BNBUSDT,240,1771689600000,627.5,629.3,623.9,626.6,7829.88,4903435.052,1
BYBIT,BNBUSDT,240,1771704000000,626.6,627.4,624.2,625.5,7010.81,4387539.043,1
BYBIT,BNBUSDT,240,1771718400000,625.5,626.7,620.2,621.2,6194.4,3860630.678,1
BYBIT,BNBUSDT,240,1771732800000,621.2,623.5,618.4,622.1,5323.82,3307406.717,1
BYBIT,BNBUSDT,240,1771747200000,622.1,624.8,620.7,624.4,4882.24,3042323.834,1
BYBIT,BNBUSDT,240,1771761600000,624.4,624.4,613.1,615.5,22770.77,14071017.628,1
BYBIT,BNBUSDT,240,1771776000000,615.5,615.8,609.5,612.0,12762.67,7808547.388,1
BYBIT,BNBUSDT,240,1771790400000,612.0,616.0,610.5,614.4,7144.84,4385145.121,1
BYBIT,BNBUSDT,240,1771804800000,614.4,615.7,582.3,589.5,59231.3,35103711.843,1
BYBIT,BNBUSDT,240,1771819200000,589.5,599.5,585.1,598.8,19416.26,11528885.748,1
BYBIT,BNBUSDT,240,1771833600000,598.8,610.3,596.1,606.1,15240.97,9225105.915,1
BYBIT,BNBUSDT,240,1771848000000,606.1,612.3,603.8,604.3,26401.79,16071836.022,1
BYBIT,BNBUSDT,240,1771862400000,604.3,606.1,591.1,591.7,21869.48,13084657.713,1
BYBIT,BNBUSDT,240,1771876800000,591.7,598.4,589.5,595.8,11478.48,6828126.32,1
BYBIT,BNBUSDT,240,1771891200000,595.8,602.4,589.1,592.8,22317.75,13303915.851,1
BYBIT,BNBUSDT,240,1771905600000,592.8,593.6,585.7,589.2,15281.58,9015827.67,1
BYBIT,BNBUSDT,240,1771920000000,589.2,592.5,585.4,586.6,8566.13,5042434.346,1
BYBIT,BNBUSDT,240,1771934400000,586.6,588.0,576.5,585.6,25010.26,14562341.424,1
BYBIT,BNBUSDT,240,1771948800000,585.6,589.8,583.4,588.2,11298.65,6633543.188,1
BYBIT,BNBUSDT,240,1771963200000,588.2,590.0,582.2,583.2,8058.24,4713778.316,1
BYBIT,BNBUSDT,240,1771977600000,583.2,601.8,581.1,593.8,27730.29,16484032.055,1
BYBIT,BNBUSDT,240,1771992000000,593.8,596.5,589.5,595.8,10978.45,6515855.149,1
BYBIT,BNBUSDT,240,1772006400000,595.8,605.3,595.6,604.8,14948.95,8987972.765,1
BYBIT,BNBUSDT,240,1772020800000,604.8,623.1,604.4,621.4,27253.1,16766045.716,1
BYBIT,BNBUSDT,240,1772035200000,621.4,634.5,620.9,632.3,27742.38,17426984.502,1
BYBIT,BNBUSDT,240,1772049600000,632.3,640.9,624.4,629.7,30232.53,19132456.525,1
BYBIT,BNBUSDT,240,1772064000000,629.7,634.1,625.6,628.1,12415.44,7818822.824,1
BYBIT,BNBUSDT,240,1772078400000,628.1,632.6,625.4,625.7,9131.06,5738031.443,1
BYBIT,BNBUSDT,240,1772092800000,625.7,630.4,622.8,622.9,14158.96,8870652.881,1
BYBIT,BNBUSDT,240,1772107200000,622.9,628.5,618.3,623.0,19092.53,11915091.571,1
BYBIT,BNBUSDT,240,1772121600000,623.0,624.9,613.9,624.1,22972.64,14234696.747,1
BYBIT,BNBUSDT,240,1772136000000,624.1,626.6,620.5,625.5,4731.14,2951852.822,1
BYBIT,BNBUSDT,240,1772150400000,625.5,630.1,622.2,628.9,7634.95,4783296.634,1
BYBIT,BNBUSDT,240,1772164800000,628.9,633.4,624.5,626.8,10765.71,6775104.409,1
BYBIT,BNBUSDT,240,1772179200000,626.8,629.7,612.6,614.3,18433.14,11414165.552,1
BYBIT,BNBUSDT,240,1772193600000,614.3,616.5,609.1,614.0,17498.91,10726778.571,1
BYBIT,BNBUSDT,240,1772208000000,614.0,614.2,606.3,609.3,13553.32,8260076.041,1
BYBIT,BNBUSDT,240,1772222400000,609.3,613.9,605.0,613.5,6183.68,3777519.326,1
BYBIT,BNBUSDT,240,1772236800000,613.5,615.3,611.6,614.4,4908.55,3011202.945,1
BYBIT,BNBUSDT,240,1772251200000,614.4,615.0,590.0,597.0,34203.84,20501060.967,1
BYBIT,BNBUSDT,240,1772265600000,597.0,598.3,588.2,594.2,23164.69,13731746.465,1
BYBIT,BNBUSDT,240,1772280000000,594.2,605.4,593.7,603.7,27425.94,16474924.277,1
BYBIT,BNBUSDT,240,1772294400000,603.7,614.4,600.5,612.8,15472.45,9394546.82,1
BYBIT,BNBUSDT,240,1772308800000,612.8,621.2,611.6,616.7,13776.16,8496153.976,1
BYBIT,BNBUSDT,240,1772323200000,616.7,632.2,614.2,628.6,27112.97,16992242.975,1
BYBIT,BNBUSDT,240,1772337600000,628.6,631.5,623.1,625.4,19997.81,12550216.689,1
BYBIT,BNBUSDT,240,1772352000000,625.4,626.5,618.6,622.7,11551.27,7182245.392,1
BYBIT,BNBUSDT,240,1772366400000,622.7,629.8,619.5,626.3,17060.68,10676716.433,1
BYBIT,BNBUSDT,240,1772380800000,626.3,629.6,617.3,619.4,19181.06,11941415.284,1
BYBIT,BNBUSDT,240,1772395200000,619.4,620.6,610.6,617.6,26780.23,16473453.139,1
BYBIT,BNBUSDT,240,1772409600000,617.6,625.3,613.9,624.0,15025.46,9310203.12,1
BYBIT,BNBUSDT,240,1772424000000,624.0,625.3,612.6,616.1,8866.78,5488778.651,1
BYBIT,BNBUSDT,240,1772438400000,616.1,622.8,612.4,621.7,9708.36,5998752.966,1
BYBIT,BNBUSDT,240,1772452800000,621.7,649.7,618.4,646.4,40432.58,25697827.627,1
BYBIT,BNBUSDT,240,1772467200000,646.4,653.0,635.8,636.2,28769.91,18567686.1,1
BYBIT,BNBUSDT,240,1772481600000,636.2,640.2,632.2,637.3,15646.83,9949439.252,1
BYBIT,BNBUSDT,240,1772496000000,637.3,642.0,632.9,635.0,12573.9,8014698.363,1
BYBIT,BNBUSDT,240,1772510400000,635.0,638.0,628.3,632.9,13453.27,8510381.388,1
BYBIT,BNBUSDT,240,1772524800000,632.9,633.6,620.3,625.8,29349.2,18336612.114,1
BYBIT,BNBUSDT,240,1772539200000,625.8,631.4,620.4,630.1,19554.81,12231079.814,1
BYBIT,BNBUSDT,240,1772553600000,630.1,638.6,628.3,632.6,20439.54,12942618.69,1
BYBIT,BNBUSDT,240,1772568000000,632.6,636.7,628.1,633.1,9619.71,6082100.678,1
BYBIT,BNBUSDT,240,1772582400000,633.1,636.2,625.7,629.0,10862.91,6850309.498,1
BYBIT,BNBUSDT,240,1772596800000,629.0,640.9,626.8,639.8,12066.73,7654466.109,1
BYBIT,BNBUSDT,240,1772611200000,639.8,654.7,638.6,650.2,40062.68,26040652.395,1
BYBIT,BNBUSDT,240,1772625600000,650.2,661.6,645.6,660.8,42399.55,27685716.8,1
BYBIT,BNBUSDT,240,1772640000000,660.8,665.7,654.7,662.3,24018.06,15842744.529,1
BYBIT,BNBUSDT,240,1772654400000,662.3,662.8,656.1,657.5,13050.27,8602908.439,1
BYBIT,BNBUSDT,240,1772668800000,657.5,660.5,651.9,653.9,10711.55,7022935.224,1
BYBIT,BNBUSDT,240,1772683200000,653.9,657.0,648.2,649.8,10337.65,6748312.997,1
BYBIT,BNBUSDT,240,1772697600000,649.8,665.0,649.1,658.9,15483.29,10198133.187,1
BYBIT,BNBUSDT,240,1772712000000,658.9,660.3,647.8,652.6,26348.5,17244891.417,1
BYBIT,BNBUSDT,240,1772726400000,652.6,654.4,645.6,648.1,27471.15,17830841.657,1
BYBIT,BNBUSDT,240,1772740800000,648.1,651.9,645.8,647.5,10429.07,6759604.122,1
BYBIT,BNBUSDT,240,1772755200000,647.5,651.4,645.0,649.4,7917.44,5135933.297,1
BYBIT,BNBUSDT,240,1772769600000,649.4,649.6,640.5,646.5,13935.48,8981335.419,1
BYBIT,BNBUSDT,240,1772784000000,646.5,646.5,636.5,636.8,12332.47,7899020.448,1
BYBIT,BNBUSDT,240,1772798400000,636.8,640.5,624.2,627.6,32287.94,20417447.882,1
BYBIT,BNBUSDT,240,1772812800000,627.6,632.6,625.3,630.3,10628.07,6679667.173,1
BYBIT,BNBUSDT,240,1772827200000,630.3,631.1,626.4,626.8,12290.53,7722399.172,1
BYBIT,BNBUSDT,240,1772841600000,626.8,629.4,625.8,626.6,3423.34,2148560.634,1
BYBIT,BNBUSDT,240,1772856000000,626.6,628.1,623.9,627.4,4482.11,2806102.388,1
BYBIT,BNBUSDT,240,1772870400000,627.4,629.8,625.8,627.3,3249.19,2040619.107,1
BYBIT,BNBUSDT,240,1772884800000,627.3,627.7,623.2,624.9,6338.77,3965514.028,1
BYBIT,BNBUSDT,240,1772899200000,624.9,624.9,617.8,619.2,8606.8,5353430.164,1
BYBIT,BNBUSDT,240,1772913600000,619.2,622.2,617.1,619.8,5968.02,3703309.994,1
BYBIT,BNBUSDT,240,1772928000000,619.8,621.6,614.6,616.6,5341.72,3301445.083,1
BYBIT,BNBUSDT,240,1772942400000,616.6,622.0,613.8,619.5,6343.83,3923389.41,1
BYBIT,BNBUSDT,240,1772956800000,619.5,623.8,617.4,619.8,7676.07,4764477.672,1
BYBIT,BNBUSDT,240,1772971200000,619.8,620.7,612.5,615.8,10448.57,6437288.422,1
BYBIT,BNBUSDT,240,1772985600000,615.8,619.4,611.3,618.7,6663.64,4095783.843,1
BYBIT,BNBUSDT,240,1773000000000,618.7,619.8,607.4,611.5,15915.87,9761350.443,1
BYBIT,BNBUSDT,240,1773014400000,611.5,628.0,610.5,623.0,14567.77,9018249.414,1
BYBIT,BNBUSDT,240,1773028800000,623.0,629.8,617.7,621.5,16641.52,10397815.158,1
BYBIT,BNBUSDT,240,1773043200000,621.5,630.2,621.4,627.0,12896.12,8074621.951,1
BYBIT,BNBUSDT,240,1773057600000,627.0,640.1,627.0,639.0,23404.66,14859077.544,1
BYBIT,BNBUSDT,240,1773072000000,639.0,642.9,633.8,637.9,17160.97,10947758.691,1
BYBIT,BNBUSDT,240,1773086400000,637.9,640.5,633.3,634.2,5951.66,3792405.861,1
BYBIT,BNBUSDT,240,1773100800000,634.2,645.7,633.9,639.3,8579.47,5492382.223,1
BYBIT,BNBUSDT,240,1773115200000,639.3,646.7,639.0,644.1,8791.55,5658528.094,1
BYBIT,BNBUSDT,240,1773129600000,644.1,648.6,643.7,645.1,9111.0,5887088.971,1
BYBIT,BNBUSDT,240,1773144000000,645.1,652.0,637.8,648.8,17798.11,11482763.86,1
BYBIT,BNBUSDT,240,1773158400000,648.8,652.3,639.5,641.4,10104.64,6531021.06,1
BYBIT,BNBUSDT,240,1773172800000,641.4,644.9,639.2,641.5,5688.49,3649965.644,1
BYBIT,BNBUSDT,240,1773187200000,641.5,643.9,638.2,639.5,5552.46,3558793.718,1
BYBIT,BNBUSDT,240,1773201600000,639.5,644.6,637.3,640.1,8552.52,5476243.248,1
BYBIT,BNBUSDT,240,1773216000000,640.1,643.7,634.2,637.8,39261.58,25054273.709,1
BYBIT,BNBUSDT,240,1773230400000,637.8,652.0,636.3,645.5,26197.21,16894197.347,1
BYBIT,BNBUSDT,240,1773244800000,645.5,655.6,645.0,652.9,14030.46,9136398.151,1
BYBIT,BNBUSDT,240,1773259200000,652.9,656.1,649.9,651.2,6820.02,4450899.476,1
BYBIT,BNBUSDT,240,1773273600000,651.2,652.2,641.6,642.8,11481.11,7422528.319,1
BYBIT,BNBUSDT,240,1773288000000,642.8,646.7,641.2,645.4,6619.15,4261663.898,1
BYBIT,BNBUSDT,240,1773302400000,645.4,653.8,645.2,652.1,8250.44,5358498.53,1
BYBIT,BNBUSDT,240,1773316800000,652.1,657.6,645.2,649.7,23513.99,15322823.144,1
BYBIT,BNBUSDT,240,1773331200000,649.7,652.3,646.0,650.7,5212.66,3386279.597,1
BYBIT,BNBUSDT,240,1773345600000,650.7,654.7,648.6,651.4,5913.65,3853877.068,1
BYBIT,BNBUSDT,240,1773360000000,651.4,663.6,650.1,661.4,18451.87,12176559.644,1
BYBIT,BNBUSDT,240,1773374400000,661.4,664.1,658.4,660.9,8379.28,5538404.664,1
BYBIT,BNBUSDT,240,1773388800000,660.9,668.4,660.3,666.3,21268.88,14165515.297,1
BYBIT,BNBUSDT,240,1773403200000,666.3,678.9,660.7,661.7,33797.36,22686127.638,1
BYBIT,BNBUSDT,240,1773417600000,661.7,664.0,653.0,656.7,25890.03,17035040.444,1
BYBIT,BNBUSDT,240,1773432000000,656.7,658.3,653.2,655.3,10180.48,6672547.0,1
BYBIT,BNBUSDT,240,1773446400000,655.3,656.7,652.0,656.3,6131.12,4011495.976,1
BYBIT,BNBUSDT,240,1773460800000,656.3,657.8,650.4,651.6,5292.69,3460957.617,1
BYBIT,BNBUSDT,240,1773475200000,651.6,653.6,649.5,653.1,3696.5,2409657.715,1
BYBIT,BNBUSDT,240,1773489600000,653.1,654.5,651.2,653.1,8476.39,5529801.432,1
BYBIT,BNBUSDT,240,1773504000000,653.1,654.0,651.7,653.2,2436.82,1590864.71,1
BYBIT,BNBUSDT,240,1773518400000,653.2,657.6,652.4,657.3,4313.63,2824319.803,1
BYBIT,BNBUSDT,240,1773532800000,657.3,660.7,653.9,658.5,4208.18,2765679.572,1
BYBIT,BNBUSDT,240,1773547200000,658.5,660.5,657.2,659.5,4715.69,3106389.574,1
BYBIT,BNBUSDT,240,1773561600000,659.5,666.3,659.2,661.2,6597.41,4373422.554,1
BYBIT,BNBUSDT,240,1773576000000,661.2,662.1,656.1,659.3,10006.7,6597359.009,1
BYBIT,BNBUSDT,240,1773590400000,659.3,663.0,657.5,660.0,4363.22,2879626.32,1
BYBIT,BNBUSDT,240,1773604800000,660.0,678.8,659.3,673.6,23806.99,15978240.795,1
BYBIT,BNBUSDT,240,1773619200000,673.6,685.8,670.0,680.4,18334.1,12430024.285,1
BYBIT,BNBUSDT,240,1773633600000,680.4,687.4,676.8,677.7,15734.57,10735950.051,1
BYBIT,BNBUSDT,240,1773648000000,677.7,680.7,673.4,676.7,10194.91,6897365.662,1
BYBIT,BNBUSDT,240,1773662400000,676.7,683.3,669.6,671.2,23386.25,15825243.175,1
BYBIT,BNBUSDT,240,1773676800000,671.2,681.1,670.6,678.2,13623.55,9212690.87,1
BYBIT,BNBUSDT,240,1773691200000,678.2,684.2,673.5,679.0,18298.77,12422540.589,1
BYBIT,BNBUSDT,240,1773705600000,679.0,686.1,674.6,675.7,19827.89,13513472.094,1
BYBIT,BNBUSDT,240,1773720000000,675.7,677.0,671.3,673.7,11474.98,7733565.686,1
BYBIT,BNBUSDT,240,1773734400000,673.7,676.0,666.9,667.2,14108.73,9475543.904,1
BYBIT,BNBUSDT,240,1773748800000,667.2,672.8,662.5,668.0,16579.49,11058224.056,1
BYBIT,BNBUSDT,240,1773763200000,668.0,674.3,667.1,671.6,5803.01,3895787.433,1
BYBIT,BNBUSDT,240,1773777600000,671.6,674.1,667.5,668.3,5419.26,3635364.045,1
BYBIT,BNBUSDT,240,1773792000000,668.3,674.8,665.2,673.1,7505.96,5024525.806,1
BYBIT,BNBUSDT,240,1773806400000,673.1,674.6,669.6,673.6,8071.03,5421881.154,1
BYBIT,BNBUSDT,240,1773820800000,673.6,676.0,660.9,662.5,11589.43,7745884.859,1
BYBIT,BNBUSDT,240,1773835200000,662.5,662.5,644.6,648.2,26772.31,17479645.919,1
BYBIT,BNBUSDT,240,1773849600000,648.2,652.6,644.7,647.6,18213.61,11811763.517,1
BYBIT,BNBUSDT,240,1773864000000,647.6,652.6,643.6,651.8,7205.94,4673395.15,1
BYBIT,BNBUSDT,240,1773878400000,651.8,656.2,648.6,652.2,8116.55,5289441.89,1
BYBIT,BNBUSDT,240,1773892800000,652.2,652.4,640.5,645.0,10056.06,6497310.514,1
BYBIT,BNBUSDT,240,1773907200000,645.0,648.6,643.2,643.6,6466.66,4172806.737,1
BYBIT,BNBUSDT,240,1773921600000,643.6,643.8,633.9,637.4,17407.4,11122548.74,1
BYBIT,BNBUSDT,240,1773936000000,637.4,641.9,632.9,639.6,15065.46,9602893.277,1
BYBIT,BNBUSDT,240,1773950400000,639.6,643.6,637.9,638.9,6025.16,3861377.758,1
BYBIT,BNBUSDT,240,1773964800000,638.9,644.7,638.1,644.0,4881.46,3130625.146,1
BYBIT,BNBUSDT,240,1773979200000,644.0,645.6,639.2,643.8,4025.05,2585496.621,1
BYBIT,BNBUSDT,240,1773993600000,643.8,647.2,639.8,641.2,4728.58,3042864.098,1
BYBIT,BNBUSDT,240,1774008000000,641.2,642.9,636.1,640.2,15581.27,9966621.028,1
BYBIT,BNBUSDT,240,1774022400000,640.2,641.5,636.0,640.0,5675.63,3625747.488,1
BYBIT,BNBUSDT,240,1774036800000,640.0,644.4,637.2,641.9,4816.26,3088271.303,1
BYBIT,BNBUSDT,240,1774051200000,641.9,643.0,639.8,641.9,2346.05,1504107.489,1
BYBIT,BNBUSDT,240,1774065600000,641.9,644.0,641.4,642.7,1677.65,1077843.783,1
BYBIT,BNBUSDT,240,1774080000000,642.7,644.0,641.7,643.4,2931.48,1884102.101,1
BYBIT,BNBUSDT,240,1774094400000,643.4,646.1,641.1,642.5,3056.61,1966876.264,1
BYBIT,BNBUSDT,240,1774108800000,642.5,643.0,640.3,641.2,2083.68,1336779.638,1
BYBIT,BNBUSDT,240,1774123200000,641.2,642.7,627.0,630.0,12376.77,7843534.33,1
BYBIT,BNBUSDT,240,1774137600000,630.0,637.5,622.0,634.4,16579.41,10426294.469,1
BYBIT,BNBUSDT,240,1774152000000,634.4,636.2,631.4,631.5,7556.63,4789980.616,1
BYBIT,BNBUSDT,240,1774166400000,631.5,631.7,627.0,627.5,3663.14,2305815.719,1
BYBIT,BNBUSDT,240,1774180800000,627.5,631.3,627.4,629.3,3618.86,2278861.803,1
BYBIT,BNBUSDT,240,1774195200000,629.3,631.9,626.1,627.1,3894.75,2450398.076,1
BYBIT,BNBUSDT,240,1774209600000,627.1,631.4,621.4,626.0,7935.2,4968461.234,1
BYBIT,BNBUSDT,240,1774224000000,626.0,630.5,621.8,626.2,8649.84,5416713.608,1
BYBIT,BNBUSDT,240,1774238400000,626.2,631.6,619.7,623.8,12064.48,7531570.26,1
BYBIT,BNBUSDT,240,1774252800000,623.8,650.7,621.0,638.1,71931.79,46146882.311,1
BYBIT,BNBUSDT,240,1774267200000,638.1,649.4,635.6,637.1,28116.64,18089071.264,1
BYBIT,BNBUSDT,240,1774281600000,637.1,640.5,632.4,637.4,12759.46,8120641.822,1
BYBIT,BNBUSDT,240,1774296000000,637.4,642.9,635.9,638.8,9452.32,6045966.943,1
BYBIT,BNBUSDT,240,1774310400000,638.8,639.9,631.5,632.2,6259.73,3973661.96,1
BYBIT,BNBUSDT,240,1774324800000,632.2,638.2,626.8,637.6,7983.07,5039108.59,1
BYBIT,BNBUSDT,240,1774339200000,637.6,639.5,633.5,638.6,7415.96,4720755.386,1
BYBIT,BNBUSDT,240,1774353600000,638.6,639.1,626.6,630.7,15364.72,9716285.247,1
BYBIT,BNBUSDT,240,1774368000000,630.7,632.1,626.6,630.0,7450.26,4686005.141,1
BYBIT,BNBUSDT,240,1774382400000,630.0,639.5,629.5,638.0,7601.55,4835413.843,1
BYBIT,BNBUSDT,240,1774396800000,638.0,642.8,637.3,642.0,11329.55,7248940.785,1
BYBIT,BNBUSDT,240,1774411200000,642.0,646.8,641.4,643.1,10137.03,6531799.666,1
BYBIT,BNBUSDT,240,1774425600000,643.1,650.9,643.1,648.2,20886.51,13528853.854,1
BYBIT,BNBUSDT,240,1774440000000,648.2,652.7,641.6,645.3,13282.19,8594491.926,1
BYBIT,BNBUSDT,240,1774454400000,645.3,650.9,643.7,645.7,7205.89,4663444.051,1
BYBIT,BNBUSDT,240,1774468800000,645.7,649.9,643.7,647.4,5209.48,3371902.862,1
BYBIT,BNBUSDT,240,1774483200000,647.4,648.1,640.9,642.5,6918.92,4457784.209,1
BYBIT,BNBUSDT,240,1774497600000,642.5,642.9,632.8,634.9,13850.91,8819862.652,1
BYBIT,BNBUSDT,240,1774512000000,634.9,634.9,627.6,628.8,12396.13,7809875.776,1
BYBIT,BNBUSDT,240,1774526400000,628.8,632.3,624.3,626.3,8065.52,5074122.195,1
BYBIT,BNBUSDT,240,1774540800000,626.3,628.5,622.5,625.2,8893.5,5562097.242,1
BYBIT,BNBUSDT,240,1774555200000,625.2,631.0,624.7,628.5,11476.32,7220233.856,1
BYBIT,BNBUSDT,240,1774569600000,628.5,631.4,626.8,627.9,3418.72,2150777.662,1
BYBIT,BNBUSDT,240,1774584000000,627.9,629.6,624.5,628.2,4389.91,2753991.982,1
BYBIT,BNBUSDT,240,1774598400000,628.2,628.7,606.6,610.7,27349.35,16816442.263,1
BYBIT,BNBUSDT,240,1774612800000,610.7,613.8,605.5,610.2,15347.83,9363407.204,1
BYBIT,BNBUSDT,240,1774627200000,610.2,611.6,606.3,609.8,6143.3,3740551.798,1
BYBIT,BNBUSDT,240,1774641600000,609.8,613.9,608.3,613.6,4745.07,2899121.381,1
BYBIT,BNBUSDT,240,1774656000000,613.6,613.8,609.5,610.8,3168.22,1937393.246,1
BYBIT,BNBUSDT,240,1774670400000,610.8,614.1,610.1,613.6,2065.92,1264646.133,1
BYBIT,BNBUSDT,240,1774684800000,613.6,614.0,610.0,612.7,3066.11,1877572.38,1
BYBIT,BNBUSDT,240,1774699200000,612.7,618.6,611.3,616.9,10358.23,6380688.089,1
BYBIT,BNBUSDT,240,1774713600000,616.9,617.4,615.0,616.2,3187.89,1964533.311,1
BYBIT,BNBUSDT,240,1774728000000,616.2,617.7,610.2,610.7,5369.36,3293944.912,1
BYBIT,BNBUSDT,240,1774742400000,610.7,614.8,609.4,613.6,2358.61,1444309.52,1
BYBIT,BNBUSDT,240,1774756800000,613.6,614.3,611.6,613.3,2181.55,1337282.974,1
BYBIT,BNBUSDT,240,1774771200000,613.3,614.2,610.7,613.2,3733.96,2287559.147,1
BYBIT,BNBUSDT,240,1774785600000,613.2,613.4,607.0,609.2,5835.58,3559047.803,1
BYBIT,BNBUSDT,240,1774800000000,609.2,610.8,607.2,608.8,2699.71,1643694.352,1
BYBIT,BNBUSDT,240,1774814400000,608.8,612.0,595.8,605.7,16155.06,9747300.12,1
BYBIT,BNBUSDT,240,1774828800000,605.7,619.0,604.7,615.4,9962.52,6107442.459,1
BYBIT,BNBUSDT,240,1774843200000,615.4,619.1,615.2,618.0,6107.19,3766182.167,1
BYBIT,BNBUSDT,240,1774857600000,618.0,621.5,616.3,617.6,12937.64,8008381.6,1
BYBIT,BNBUSDT,240,1774872000000,617.6,620.7,613.2,618.2,5940.96,3668161.997,1
BYBIT,BNBUSDT,240,1774886400000,618.2,618.5,607.9,610.4,7650.99,4692821.305,1
BYBIT,BNBUSDT,240,1774900800000,610.4,613.3,607.1,608.8,6760.04,4123683.914,1
BYBIT,BNBUSDT,240,1774915200000,608.8,619.3,607.8,613.1,8465.04,5197388.711,1
BYBIT,BNBUSDT,240,1774929600000,613.1,614.2,608.9,610.7,4191.11,2564827.652,1
BYBIT,BNBUSDT,240,1774944000000,610.7,610.9,598.5,604.9,15567.82,9397680.52,1
BYBIT,BNBUSDT,240,1774958400000,604.9,615.7,603.9,607.7,16349.99,9972194.043,1
BYBIT,BNBUSDT,240,1774972800000,607.7,619.6,607.7,615.5,12896.32,7929873.418,1
BYBIT,BNBUSDT,240,1774987200000,615.5,619.7,615.0,617.1,5780.09,3567543.287,1
BYBIT,BNBUSDT,240,1775001600000,617.1,619.5,613.7,616.6,5349.97,3298175.126,1
BYBIT,BNBUSDT,240,1775016000000,616.6,622.0,614.7,616.0,10086.6,6235894.633,1
BYBIT,BNBUSDT,240,1775030400000,616.0,617.2,613.5,615.1,6223.89,3830021.344,1
BYBIT,BNBUSDT,240,1775044800000,615.1,617.6,609.6,614.6,11949.47,7334344.221,1
BYBIT,BNBUSDT,240,1775059200000,614.6,619.3,611.2,613.4,9160.88,5630509.603,1
BYBIT,BNBUSDT,240,1775073600000,613.4,615.6,609.3,610.4,6806.24,4163775.574,1
BYBIT,BNBUSDT,240,1775088000000,610.4,613.2,591.3,591.6,18909.75,11382816.597,1
BYBIT,BNBUSDT,240,1775102400000,591.6,592.2,586.9,591.4,9829.45,5797211.532,1
BYBIT,BNBUSDT,240,1775116800000,591.4,591.4,576.8,580.9,10924.36,6370450.348,1
BYBIT,BNBUSDT,240,1775131200000,580.9,581.0,570.1,573.8,22015.0,12657797.14,1
BYBIT,BNBUSDT,240,1775145600000,573.8,583.4,573.5,583.1,12534.87,7260390.126,1
BYBIT,BNBUSDT,240,1775160000000,583.1,584.6,580.9,583.1,5367.3,3127834.417,1
BYBIT,BNBUSDT,240,1775174400000,583.1,586.7,581.6,585.4,7679.68,4485202.667,1
BYBIT,BNBUSDT,240,1775188800000,585.4,588.6,584.5,586.0,5358.39,3141540.803,1
BYBIT,BNBUSDT,240,1775203200000,586.0,587.9,582.8,587.0,6819.67,3993979.171,1
BYBIT,BNBUSDT,240,1775217600000,587.0,590.0,583.5,586.7,10252.38,6014576.952,1
BYBIT,BNBUSDT,240,1775232000000,586.7,588.9,586.2,588.1,4364.78,2564898.64,1
BYBIT,BNBUSDT,240,1775246400000,588.1,589.0,586.6,587.9,6254.09,3677198.199,1
BYBIT,BNBUSDT,240,1775260800000,587.9,588.9,586.7,588.7,2457.13,1443766.65,1
BYBIT,BNBUSDT,240,1775275200000,588.7,591.9,587.9,589.8,4195.75,2475120.283,1
BYBIT,BNBUSDT,240,1775289600000,589.8,591.5,588.7,589.2,4041.28,2382975.737,1
BYBIT,BNBUSDT,240,1775304000000,589.2,591.3,587.7,590.7,4007.83,2363480.409,1
BYBIT,BNBUSDT,240,1775318400000,590.7,596.4,589.9,593.1,5441.22,3226626.468,1
BYBIT,BNBUSDT,240,1775332800000,593.1,594.9,592.3,593.0,3117.68,1850235.324,1
BYBIT,BNBUSDT,240,1775347200000,593.0,593.9,591.0,593.2,4510.79,2674086.431,1
BYBIT,BNBUSDT,240,1775361600000,593.2,593.8,587.4,590.1,7885.85,4656085.028,1
BYBIT,BNBUSDT,240,1775376000000,590.1,594.7,589.8,593.7,5287.7,3136428.039,1
BYBIT,BNBUSDT,240,1775390400000,593.7,596.2,586.6,592.8,10415.89,6150118.722,1
BYBIT,BNBUSDT,240,1775404800000,592.8,593.4,591.2,592.1,4175.28,2472684.707,1
BYBIT,BNBUSDT,240,1775419200000,592.1,604.3,590.0,601.3,17360.39,10375616.206,1
BYBIT,BNBUSDT,240,1775433600000,601.3,607.7,600.0,600.5,13608.05,8214824.316,1
BYBIT,BNBUSDT,240,1775448000000,600.5,604.2,598.5,603.7,9435.23,5676486.627,1
BYBIT,BNBUSDT,240,1775462400000,603.7,610.3,603.6,605.2,8347.37,5063487.708,1
BYBIT,BNBUSDT,240,1775476800000,605.2,608.7,604.0,608.3,8247.87,4998231.382,1
BYBIT,BNBUSDT,240,1775491200000,608.3,608.9,602.6,606.5,5842.2,3537532.851,1
BYBIT,BNBUSDT,240,1775505600000,606.5,607.8,595.9,599.9,7817.86,4700201.879,1
BYBIT,BNBUSDT,240,1775520000000,599.9,601.1,596.1,598.7,5028.63,3010683.44,1
BYBIT,BNBUSDT,240,1775534400000,598.7,601.8,596.3,598.8,6300.89,3770909.798,1
BYBIT,BNBUSDT,240,1775548800000,598.8,606.3,596.1,596.7,17327.25,10408382.394,1
BYBIT,BNBUSDT,240,1775563200000,596.7,599.6,591.4,598.1,18868.63,11233651.539,1
BYBIT,BNBUSDT,240,1775577600000,598.1,608.7,598.1,608.1,8280.8,5002557.085,1
BYBIT,BNBUSDT,240,1775592000000,608.1,624.8,606.9,620.2,28942.47,17847150.948,1
BYBIT,BNBUSDT,240,1775606400000,620.2,621.6,613.0,613.3,12576.44,7766762.475,1
BYBIT,BNBUSDT,240,1775620800000,613.3,617.1,611.9,613.1,7422.42,4561807.724,1
BYBIT,BNBUSDT,240,1775635200000,613.1,614.4,610.6,612.8,5706.23,3495012.502,1
BYBIT,BNBUSDT,240,1775649600000,612.8,615.6,601.0,605.0,20248.87,12308739.521,1
BYBIT,BNBUSDT,240,1775664000000,605.0,607.4,602.4,603.9,6305.5,3812744.579,1
BYBIT,BNBUSDT,240,1775678400000,603.9,607.1,599.5,600.9,6509.35,3927382.308,1
BYBIT,BNBUSDT,240,1775692800000,600.9,602.5,596.6,599.8,8079.41,4846230.146,1
BYBIT,BNBUSDT,240,1775707200000,599.8,600.9,598.2,599.6,2934.93,1760145.812,1
BYBIT,BNBUSDT,240,1775721600000,599.6,602.8,598.9,602.2,9548.92,5739824.236,1
BYBIT,BNBUSDT,240,1775736000000,602.2,607.0,597.9,605.8,12140.85,7311838.386,1
BYBIT,BNBUSDT,240,1775750400000,605.8,609.6,603.2,608.5,9927.52,6024445.929,1
BYBIT,BNBUSDT,240,1775764800000,608.5,612.0,601.8,602.8,9778.36,5934330.802,1
BYBIT,BNBUSDT,240,1775779200000,602.8,605.0,599.5,600.8,7523.34,4532125.317,1
BYBIT,BNBUSDT,240,1775793600000,600.8,602.3,598.6,598.8,5771.11,3466047.332,1
BYBIT,BNBUSDT,240,1775808000000,598.8,603.0,596.9,602.2,6983.91,4193324.54,1
BYBIT,BNBUSDT,240,1775822400000,602.2,608.6,600.6,603.0,13265.31,8022617.55,1
BYBIT,BNBUSDT,240,1775836800000,603.0,609.7,603.0,609.3,6165.58,3736620.634,1
BYBIT,BNBUSDT,240,1775851200000,609.3,610.0,605.0,605.1,5855.94,3560164.108,1
BYBIT,BNBUSDT,240,1775865600000,605.1,607.3,603.0,606.3,3410.86,2064365.344,1
BYBIT,BNBUSDT,240,1775880000000,606.3,607.2,604.1,605.6,2838.3,1717879.051,1
BYBIT,BNBUSDT,240,1775894400000,605.6,606.9,604.0,605.1,3923.55,2375690.743,1
BYBIT,BNBUSDT,240,1775908800000,605.1,606.5,603.2,605.2,3683.8,2227166.958,1
BYBIT,BNBUSDT,240,1775923200000,605.2,613.8,605.2,612.8,8260.18,5042780.146,1
BYBIT,BNBUSDT,240,1775937600000,612.8,612.9,605.4,606.8,9324.86,5683858.548,1
BYBIT,BNBUSDT,240,1775952000000,606.8,607.1,589.9,595.1,22448.84,13384077.021,1
BYBIT,BNBUSDT,240,1775966400000,595.1,595.7,592.6,593.9,8465.89,5031365.209,1
BYBIT,BNBUSDT,240,1775980800000,593.9,595.1,592.5,595.0,7085.35,4207073.027,1
BYBIT,BNBUSDT,240,1775995200000,595.0,595.6,588.7,591.2,9977.9,5902722.461,1
BYBIT,BNBUSDT,240,1776009600000,591.2,593.0,590.6,591.9,3514.46,2080328.525,1
BYBIT,BNBUSDT,240,1776024000000,591.9,596.6,590.6,591.8,6967.71,4134403.277,1
BYBIT,BNBUSDT,240,1776038400000,591.8,597.8,591.2,594.5,4166.78,2481217.61,1
BYBIT,BNBUSDT,240,1776052800000,594.5,599.4,594.3,596.9,5251.98,3135868.417,1
BYBIT,BNBUSDT,240,1776067200000,596.9,598.5,595.0,596.9,3021.4,1803633.175,1
BYBIT,BNBUSDT,240,1776081600000,596.9,604.6,595.2,603.2,14257.76,8547658.922,1
BYBIT,BNBUSDT,240,1776096000000,603.2,609.0,602.0,608.4,12696.02,7690694.873,1
BYBIT,BNBUSDT,240,1776110400000,608.4,617.9,606.9,614.6,16787.69,10291240.594,1
BYBIT,BNBUSDT,240,1776124800000,614.6,616.0,610.7,615.9,8646.39,5304165.422,1
BYBIT,BNBUSDT,240,1776139200000,615.9,616.0,611.6,613.3,4625.98,2841212.817,1
BYBIT,BNBUSDT,240,1776153600000,613.3,619.4,613.1,616.5,15301.91,9452580.754,1
BYBIT,BNBUSDT,240,1776168000000,616.5,625.3,615.2,623.4,18334.86,11371216.115,1
BYBIT,BNBUSDT,240,1776182400000,623.4,625.1,611.8,613.8,13527.84,8351217.651,1
BYBIT,BNBUSDT,240,1776196800000,613.8,616.9,612.8,613.7,4949.13,3041552.203,1
BYBIT,BNBUSDT,240,1776211200000,613.7,619.7,613.7,615.8,11426.35,7047786.791,1
BYBIT,BNBUSDT,240,1776225600000,615.8,616.9,610.4,611.2,6172.24,3785996.365,1
BYBIT,BNBUSDT,240,1776240000000,611.2,620.3,610.1,619.3,9975.51,6142075.337,1
BYBIT,BNBUSDT,240,1776254400000,619.3,620.2,615.5,618.8,7467.82,4615608.738,1
BYBIT,BNBUSDT,240,1776268800000,618.8,627.3,618.2,625.0,7809.63,4860596.223,1
BYBIT,BNBUSDT,240,1776283200000,625.0,626.5,621.0,622.2,7406.33,4613596.579,1
BYBIT,BNBUSDT,240,1776297600000,622.2,625.9,620.1,623.9,4572.76,2846717.034,1
BYBIT,BNBUSDT,240,1776312000000,623.9,625.9,621.5,622.1,4159.09,2594290.174,1
BYBIT,BNBUSDT,240,1776326400000,622.1,623.5,618.5,620.6,14045.73,8724299.397,1
BYBIT,BNBUSDT,240,1776340800000,620.6,626.2,614.6,624.5,17200.59,10654395.936,1
BYBIT,BNBUSDT,240,1776355200000,624.5,637.4,623.3,636.3,23159.75,14588000.884,1
BYBIT,BNBUSDT,240,1776369600000,636.3,637.3,631.5,635.5,5869.42,3720723.147,1
BYBIT,BNBUSDT,240,1776384000000,635.5,636.3,627.9,629.0,8546.81,5395565.051,1
BYBIT,BNBUSDT,240,1776398400000,629.0,629.9,626.3,626.9,4908.39,3084167.78,1
BYBIT,BNBUSDT,240,1776412800000,626.9,635.0,626.5,632.2,13548.1,8541039.902,1
BYBIT,BNBUSDT,240,1776427200000,632.2,645.3,631.4,643.1,24438.47,15643900.604,1
BYBIT,BNBUSDT,240,1776441600000,643.1,645.4,638.3,641.0,11641.29,7472451.658,1
BYBIT,BNBUSDT,240,1776456000000,641.0,644.4,638.9,642.9,6654.0,4274215.147,1
BYBIT,BNBUSDT,240,1776470400000,642.9,646.6,639.8,639.9,11356.67,7308661.268,1
BYBIT,BNBUSDT,240,1776484800000,639.9,648.5,639.7,643.1,6823.4,4399217.611,1
BYBIT,BNBUSDT,240,1776499200000,643.1,643.3,630.9,632.9,14440.68,9174951.66,1
BYBIT,BNBUSDT,240,1776513600000,632.9,634.6,630.9,632.9,5351.17,3386982.923,1
BYBIT,BNBUSDT,240,1776528000000,632.9,633.9,627.8,630.1,7187.77,4535761.691,1
BYBIT,BNBUSDT,240,1776542400000,630.1,631.5,629.3,629.5,5806.47,3659492.61,1
BYBIT,BNBUSDT,240,1776556800000,629.5,630.0,620.5,622.8,8927.55,5580037.282,1
BYBIT,BNBUSDT,240,1776571200000,622.8,624.2,617.8,619.8,9335.76,5795933.007,1
BYBIT,BNBUSDT,240,1776585600000,619.8,622.9,617.8,622.0,6893.54,4276635.285,1
BYBIT,BNBUSDT,240,1776600000000,622.0,628.1,621.7,625.7,13710.92,8565837.827,1
BYBIT,BNBUSDT,240,1776614400000,625.7,626.3,618.9,622.5,13545.42,8438016.565,1
BYBIT,BNBUSDT,240,1776628800000,622.5,622.8,613.9,615.7,11010.25,6800464.366,1
BYBIT,BNBUSDT,240,1776643200000,615.7,622.4,615.6,621.5,3839.25,2379428.319,1
BYBIT,BNBUSDT,240,1776657600000,621.5,629.1,616.5,624.3,9076.07,5648111.989,1
BYBIT,BNBUSDT,240,1776672000000,624.3,627.8,622.3,625.0,4661.39,2913276.245,1
BYBIT,BNBUSDT,240,1776686400000,625.0,628.0,620.5,628.0,10336.45,6457732.017,1
BYBIT,BNBUSDT,240,1776700800000,628.0,631.6,626.3,630.3,5392.94,3393982.792,1
BYBIT,BNBUSDT,240,1776715200000,630.3,631.8,627.7,629.0,4177.29,2630050.334,1
BYBIT,BNBUSDT,240,1776729600000,629.0,632.3,627.8,629.6,4394.06,2767295.237,1
BYBIT,BNBUSDT,240,1776744000000,629.6,633.5,628.5,632.5,3155.24,1992615.993,1
BYBIT,BNBUSDT,240,1776758400000,632.5,640.4,631.9,634.0,13070.61,8311003.612,1
BYBIT,BNBUSDT,240,1776772800000,634.0,634.7,628.9,631.3,6909.62,4363209.356,1
BYBIT,BNBUSDT,240,1776787200000,631.3,633.3,624.2,626.2,8445.65,5312142.057,1
BYBIT,BNBUSDT,240,1776801600000,626.2,632.0,625.0,631.3,6070.0,3815752.827,1
BYBIT,BNBUSDT,240,1776816000000,631.3,641.2,630.6,639.4,9390.61,5984583.679,1
BYBIT,BNBUSDT,240,1776830400000,639.4,644.7,638.4,641.9,15099.64,9695463.466,1
BYBIT,BNBUSDT,240,1776844800000,641.9,643.7,640.9,642.6,4602.96,2955882.858,1
BYBIT,BNBUSDT,240,1776859200000,642.6,653.8,642.0,649.1,16996.35,11039909.13,1
BYBIT,BNBUSDT,240,1776873600000,649.1,651.0,643.0,643.8,9679.3,6248049.961,1
BYBIT,BNBUSDT,240,1776888000000,643.8,644.0,636.9,637.0,9546.87,6115599.394,1
BYBIT,BNBUSDT,240,1776902400000,637.0,639.2,632.8,635.2,10574.54,6728997.329,1
BYBIT,BNBUSDT,240,1776916800000,635.2,637.8,634.5,635.4,8401.32,5347062.676,1
BYBIT,BNBUSDT,240,1776931200000,635.4,636.0,630.7,633.0,6603.87,4178058.876,1
BYBIT,BNBUSDT,240,1776945600000,633.0,639.8,631.4,639.4,9509.37,6040106.531,1
BYBIT,BNBUSDT,240,1776960000000,639.4,640.1,630.5,635.5,8735.33,5541802.774,1
BYBIT,BNBUSDT,240,1776974400000,635.5,639.5,635.2,638.4,5428.99,3460421.98,1
BYBIT,BNBUSDT,240,1776988800000,638.4,640.4,633.1,634.3,4437.7,2826414.283,1
BYBIT,BNBUSDT,240,1777003200000,634.3,636.6,631.5,634.6,6342.33,4016850.492,1
BYBIT,BNBUSDT,240,1777017600000,634.6,638.4,633.0,637.7,4807.73,3056009.89,1
BYBIT,BNBUSDT,240,1777032000000,637.7,640.1,635.4,639.1,7194.41,4588279.673,1
BYBIT,BNBUSDT,240,1777046400000,639.1,639.6,634.9,637.9,2846.51,1814444.122,1
BYBIT,BNBUSDT,240,1777060800000,637.9,638.2,635.0,635.8,3098.29,1973316.39,1
BYBIT,BNBUSDT,240,1777075200000,635.8,637.4,634.9,637.2,2622.77,1669034.745,1
BYBIT,BNBUSDT,240,1777089600000,637.2,637.9,635.9,636.6,1846.06,1175869.083,1
BYBIT,BNBUSDT,240,1777104000000,636.6,638.2,634.0,634.4,1864.51,1186927.946,1
BYBIT,BNBUSDT,240,1777118400000,634.4,634.9,628.4,629.3,7730.13,4877964.837,1
BYBIT,BNBUSDT,240,1777132800000,629.3,630.0,626.8,628.3,4591.23,2884538.211,1
BYBIT,BNBUSDT,240,1777147200000,628.3,630.0,627.9,628.1,3740.78,2352006.327,1
BYBIT,BNBUSDT,240,1777161600000,628.1,630.1,626.4,628.1,3819.82,2400315.655,1
BYBIT,BNBUSDT,240,1777176000000,628.1,632.5,627.8,632.1,3977.51,2508843.955,1
BYBIT,BNBUSDT,240,1777190400000,632.1,632.3,629.4,632.1,4545.66,2867186.485,1
BYBIT,BNBUSDT,240,1777204800000,632.1,632.7,630.1,632.0,3571.56,2254957.017,1
BYBIT,BNBUSDT,240,1777219200000,632.0,636.3,630.0,635.6,3984.19,2523788.471,1
BYBIT,BNBUSDT,240,1777233600000,635.6,638.0,632.8,635.5,6377.41,4051713.708,1
BYBIT,BNBUSDT,240,1777248000000,635.5,639.7,633.5,638.1,7379.91,4705693.197,1
BYBIT,BNBUSDT,240,1777262400000,638.1,638.4,624.6,625.3,14284.08,8987165.224,1
BYBIT,BNBUSDT,240,1777276800000,625.3,628.4,624.8,627.0,8607.13,5398923.948,1
BYBIT,BNBUSDT,240,1777291200000,627.0,628.4,618.2,620.6,14630.62,9117781.733,1
BYBIT,BNBUSDT,240,1777305600000,620.6,623.9,620.2,623.1,5695.37,3543972.728,1
BYBIT,BNBUSDT,240,1777320000000,623.1,627.1,622.8,626.4,5560.29,3473936.301,1
BYBIT,BNBUSDT,240,1777334400000,626.4,627.3,622.9,624.2,3297.17,2061916.245,1
BYBIT,BNBUSDT,240,1777348800000,624.2,626.2,621.2,623.8,6721.18,4193484.126,1
BYBIT,BNBUSDT,240,1777363200000,623.8,625.1,620.7,621.4,1931.18,1202281.323,1
BYBIT,BNBUSDT,240,1777377600000,621.4,623.4,618.6,622.4,7053.29,4381396.187,1
BYBIT,BNBUSDT,240,1777392000000,622.4,623.9,621.5,623.8,2526.78,1574034.404,1
BYBIT,BNBUSDT,240,1777406400000,623.8,624.3,622.4,624.2,3382.93,2108900.101,1
BYBIT,BNBUSDT,240,1777420800000,624.2,626.4,622.2,625.7,4034.67,2520582.504,1
BYBIT,BNBUSDT,240,1777435200000,625.7,628.1,624.5,624.7,5511.36,3451771.596,1
BYBIT,BNBUSDT,240,1777449600000,624.7,629.5,624.0,625.7,6434.89,4035485.595,1
BYBIT,BNBUSDT,240,1777464000000,625.7,625.8,615.1,616.0,14401.83,8948685.104,1
BYBIT,BNBUSDT,240,1777478400000,616.0,619.9,609.7,612.9,14737.35,9045716.676,1
BYBIT,BNBUSDT,240,1777492800000,612.9,618.2,612.7,617.0,4710.82,2901333.777,1
BYBIT,BNBUSDT,240,1777507200000,617.0,620.4,615.7,617.6,5096.15,3149666.276,1
BYBIT,BNBUSDT,240,1777521600000,617.6,618.0,612.9,617.3,5558.95,3422789.516,1
BYBIT,BNBUSDT,240,1777536000000,617.3,618.5,614.2,615.4,3679.99,2268133.676,1
BYBIT,BNBUSDT,240,1777550400000,615.4,617.9,613.1,616.7,3640.46,2240190.831,1
BYBIT,BNBUSDT,240,1777564800000,616.7,618.4,615.4,618.1,2518.65,1553717.56,1
BYBIT,BNBUSDT,240,1777579200000,618.1,618.2,614.4,614.9,2331.75,1436383.799,1
BYBIT,BNBUSDT,240,1777593600000,614.9,621.2,614.9,618.2,4561.72,2819831.409,1
BYBIT,BNBUSDT,240,1777608000000,618.2,618.8,615.8,617.0,3448.95,2128277.283,1
BYBIT,BNBUSDT,240,1777622400000,617.0,619.2,615.6,618.6,2907.58,1795535.098,1
BYBIT,BNBUSDT,240,1777636800000,618.6,622.7,618.2,620.6,7467.9,4636341.941,1
BYBIT,BNBUSDT,240,1777651200000,620.6,621.6,618.6,619.0,2680.12,1661042.313,1
BYBIT,BNBUSDT,240,1777665600000,619.0,619.1,613.4,615.1,6099.74,3758756.17,1
BYBIT,BNBUSDT,240,1777680000000,615.1,616.9,614.5,615.9,2700.91,1662993.71,1
BYBIT,BNBUSDT,240,1777694400000,615.9,616.0,613.7,615.4,3105.33,1909411.799,1
BYBIT,BNBUSDT,240,1777708800000,615.4,615.8,614.2,615.2,1855.33,1141256.695,1
BYBIT,BNBUSDT,240,1777723200000,615.2,617.9,614.9,617.8,2576.18,1588013.381,1
BYBIT,BNBUSDT,240,1777737600000,617.8,619.0,617.3,618.6,3203.21,1980375.302,1
BYBIT,BNBUSDT,240,1777752000000,618.6,621.5,617.5,617.8,3991.62,2470698.91,1
BYBIT,BNBUSDT,240,1777766400000,617.8,618.1,614.5,615.8,3775.2,2327179.86,1
BYBIT,BNBUSDT,240,1777780800000,615.8,618.1,614.8,616.7,4287.52,2641966.672,1
BYBIT,BNBUSDT,240,1777795200000,616.7,619.5,616.5,618.7,4185.71,2587869.772,1
BYBIT,BNBUSDT,240,1777809600000,618.7,620.3,617.9,619.7,2734.83,1692918.235,1
BYBIT,BNBUSDT,240,1777824000000,619.7,620.5,618.6,619.2,1797.42,1113449.81,1
BYBIT,BNBUSDT,240,1777838400000,619.2,622.0,616.6,616.9,5828.51,3611101.789,1
BYBIT,BNBUSDT,240,1777852800000,616.9,626.5,615.0,626.5,16366.32,10178085.331,1
BYBIT,BNBUSDT,240,1777867200000,626.5,639.0,626.5,628.2,25323.68,16023120.048,1
BYBIT,BNBUSDT,240,1777881600000,628.2,630.6,619.6,622.6,15203.08,9481735.361,1
BYBIT,BNBUSDT,240,1777896000000,622.6,628.0,620.7,625.0,14876.04,9289885.871,1
BYBIT,BNBUSDT,240,1777910400000,625.0,628.6,623.1,624.6,6757.61,4228780.728,1
BYBIT,BNBUSDT,240,1777924800000,624.6,625.7,622.2,622.2,5463.05,3408927.527,1
BYBIT,BNBUSDT,240,1777939200000,622.2,627.9,622.1,627.4,6272.74,3919297.233,1
BYBIT,BNBUSDT,240,1777953600000,627.4,628.6,625.5,627.2,4130.07,2589671.406,1
BYBIT,BNBUSDT,240,1777968000000,627.2,628.9,625.6,628.5,3620.27,2272366.003,1
BYBIT,BNBUSDT,240,1777982400000,628.5,633.8,627.8,630.7,9516.48,6004202.059,1
BYBIT,BNBUSDT,240,1777996800000,630.7,632.2,627.4,631.5,6781.22,4270582.268,1
BYBIT,BNBUSDT,240,1778011200000,631.5,634.7,629.5,630.3,10924.66,6910068.005,1
BYBIT,BNBUSDT,240,1778025600000,630.3,635.6,628.7,634.9,8042.63,5088784.914,1
BYBIT,BNBUSDT,240,1778040000000,634.9,640.4,632.7,637.9,10553.41,6713371.603,1
BYBIT,BNBUSDT,240,1778054400000,637.9,652.5,637.8,652.3,20665.14,13357296.338,1
BYBIT,BNBUSDT,240,1778068800000,652.3,663.9,643.3,648.3,27668.74,18088423.472,1
BYBIT,BNBUSDT,240,1778083200000,648.3,651.0,646.0,650.2,5651.29,3664910.065,1
BYBIT,BNBUSDT,240,1778097600000,650.2,651.3,644.2,647.5,3940.68,2551393.56,1
BYBIT,BNBUSDT,240,1778112000000,647.5,649.5,641.1,642.2,10753.39,6927969.706,1
BYBIT,BNBUSDT,240,1778126400000,642.2,653.0,641.6,651.6,8228.48,5320378.209,1
BYBIT,BNBUSDT,240,1778140800000,651.6,652.8,645.7,647.6,5503.98,3571335.932,1
BYBIT,BNBUSDT,240,1778155200000,647.6,650.6,638.8,642.0,11868.23,7641216.882,1
BYBIT,BNBUSDT,240,1778169600000,642.0,644.3,638.3,643.1,13904.52,8909716.592,1
BYBIT,BNBUSDT,240,1778184000000,643.1,644.7,633.0,636.6,21544.86,13742516.053,1
BYBIT,BNBUSDT,240,1778198400000,636.6,640.4,635.0,639.3,7569.26,4826604.522,1
BYBIT,BNBUSDT,240,1778212800000,639.3,640.8,634.2,636.5,10330.06,6583872.017,1
BYBIT,BNBUSDT,240,1778227200000,636.5,641.0,635.5,640.6,6038.66,3851694.803,1
BYBIT,BNBUSDT,240,1778241600000,640.6,643.9,637.0,643.6,4802.89,3074734.853,1
BYBIT,BNBUSDT,240,1778256000000,643.6,649.2,642.1,648.0,9369.74,6054441.868,1
BYBIT,BNBUSDT,240,1778270400000,648.0,651.4,645.7,649.2,6650.46,4312545.635,1
BYBIT,BNBUSDT,240,1778284800000,649.2,655.9,648.8,653.4,6831.68,4458403.822,1
BYBIT,BNBUSDT,240,1778299200000,653.4,655.7,648.6,649.7,6604.99,4304334.096,1
BYBIT,BNBUSDT,240,1778313600000,649.7,650.9,648.2,649.9,3247.6,2108969.27,1
BYBIT,BNBUSDT,240,1778328000000,649.9,650.5,646.0,647.4,4194.69,2721765.255,1
BYBIT,BNBUSDT,240,1778342400000,647.4,651.6,646.7,650.8,2950.44,1915644.781,1
BYBIT,BNBUSDT,240,1778356800000,650.8,652.2,649.3,649.5,2689.97,1751452.047,1
BYBIT,BNBUSDT,240,1778371200000,649.5,650.3,644.3,647.3,6751.78,4363718.882,1
BYBIT,BNBUSDT,240,1778385600000,647.3,649.0,646.8,648.0,1323.93,857744.631,1
BYBIT,BNBUSDT,240,1778400000000,648.0,651.6,647.4,649.3,8022.14,5212632.923,1
BYBIT,BNBUSDT,240,1778414400000,649.3,656.0,648.1,655.1,5352.61,3491273.031,1
BYBIT,BNBUSDT,240,1778428800000,655.1,662.4,654.2,661.1,12205.34,8037729.099,1
BYBIT,BNBUSDT,240,1778443200000,661.1,666.6,648.3,663.5,20135.57,13242051.927,1
BYBIT,BNBUSDT,240,1778457600000,663.5,664.8,649.6,651.3,10396.1,6821584.532,1
BYBIT,BNBUSDT,240,1778472000000,651.3,653.7,649.5,650.2,6568.66,4280975.873,1
BYBIT,BNBUSDT,240,1778486400000,650.2,655.5,648.9,655.4,4644.44,3029358.983,1
BYBIT,BNBUSDT,240,1778500800000,655.4,661.3,650.8,661.2,7669.24,5026393.618,1
BYBIT,BNBUSDT,240,1778515200000,661.2,663.4,659.2,663.0,10040.12,6644063.828,1
BYBIT,BNBUSDT,240,1778529600000,663.0,673.0,660.6,670.3,10937.01,7300798.619,1
BYBIT,BNBUSDT,240,1778544000000,670.3,671.3,658.6,661.5,10441.64,6930387.521,1
BYBIT,BNBUSDT,240,1778558400000,661.5,663.7,657.2,658.1,5027.79,3320847.473,1
BYBIT,BNBUSDT,240,1778572800000,658.1,663.0,657.1,663.0,5657.01,3736045.715,1
BYBIT,BNBUSDT,240,1778587200000,663.0,664.4,649.9,651.9,21682.12,14210663.2,1
BYBIT,BNBUSDT,240,1778601600000,651.9,663.0,650.1,662.5,10010.6,6573337.352,1
BYBIT,BNBUSDT,240,1778616000000,662.5,668.0,662.5,664.7,9047.39,6020514.734,1
BYBIT,BNBUSDT,240,1778630400000,664.7,683.1,664.1,681.2,26689.95,18056929.166,1
BYBIT,BNBUSDT,240,1778644800000,681.2,682.3,675.7,678.7,16361.64,11101625.77,1
BYBIT,BNBUSDT,240,1778659200000,678.7,685.6,676.9,678.1,15308.94,10428179.035,1
BYBIT,BNBUSDT,240,1778673600000,678.1,680.1,663.1,663.7,33692.69,22583255.121,1
BYBIT,BNBUSDT,240,1778688000000,663.7,674.3,663.6,670.8,10241.32,6851480.557,1
BYBIT,BNBUSDT,240,1778702400000,670.8,673.4,667.6,671.2,3668.21,2459704.488,1
BYBIT,BNBUSDT,240,1778716800000,671.2,677.1,664.8,665.4,10134.94,6809602.068,1
BYBIT,BNBUSDT,240,1778731200000,665.4,671.7,665.0,668.8,6362.6,4254970.984,1
BYBIT,BNBUSDT,240,1778745600000,668.8,673.7,668.2,670.3,5637.34,3784374.582,1
BYBIT,BNBUSDT,240,1778760000000,670.3,680.4,670.2,679.7,21581.47,14618990.556,1
BYBIT,BNBUSDT,240,1778774400000,679.7,688.1,678.0,679.9,21520.09,14694649.151,1
BYBIT,BNBUSDT,240,1778788800000,679.9,681.9,677.0,678.0,5781.35,3927749.017,1
BYBIT,BNBUSDT,240,1778803200000,678.0,686.0,677.0,681.7,12016.47,8191783.121,1
BYBIT,BNBUSDT,240,1778817600000,681.7,689.1,673.3,684.1,18637.95,12712857.78,1
BYBIT,BNBUSDT,240,1778832000000,684.1,690.7,681.0,686.3,18787.74,12892290.349,1
BYBIT,BNBUSDT,240,1778846400000,686.3,686.5,668.4,671.2,32942.5,22260596.359,1
BYBIT,BNBUSDT,240,1778860800000,671.2,676.4,670.5,673.6,4575.24,3083108.786,1
BYBIT,BNBUSDT,240,1778875200000,673.6,674.2,670.7,672.0,3156.18,2122287.124,1
BYBIT,BNBUSDT,240,1778889600000,672.0,674.8,664.3,664.6,7425.77,4967499.648,1
BYBIT,BNBUSDT,240,1778904000000,664.6,664.6,655.7,660.1,13301.3,8787058.224,1
BYBIT,BNBUSDT,240,1778918400000,660.1,661.4,650.2,653.6,16859.49,11030483.745,1
BYBIT,BNBUSDT,240,1778932800000,653.6,658.3,650.7,654.7,10515.61,6877603.549,1
BYBIT,BNBUSDT,240,1778947200000,654.7,658.1,654.3,655.7,7210.82,4730588.671,1
BYBIT,BNBUSDT,240,1778961600000,655.7,657.2,655.5,655.9,2218.16,1455812.022,1
BYBIT,BNBUSDT,240,1778976000000,655.9,656.9,649.3,652.4,9732.49,6344832.587,1
BYBIT,BNBUSDT,240,1778990400000,652.4,655.8,652.0,654.8,1913.62,1252401.466,1
BYBIT,BNBUSDT,240,1779004800000,654.8,655.1,649.7,654.6,5044.02,3294778.658,1
BYBIT,BNBUSDT,240,1779019200000,654.6,657.4,650.1,651.9,4648.26,3039726.169,1
BYBIT,BNBUSDT,240,1779033600000,651.9,656.0,649.6,655.8,5460.83,3560219.993,1
BYBIT,BNBUSDT,240,1779048000000,655.8,657.3,638.8,649.1,21094.02,13651990.175,1
BYBIT,BNBUSDT,240,1779062400000,649.1,649.3,641.8,643.0,9323.56,6021171.237,1
BYBIT,BNBUSDT,240,1779076800000,643.0,644.2,636.7,641.5,9402.41,6020110.748,1
BYBIT,BNBUSDT,240,1779091200000,641.5,643.3,636.8,641.4,4691.35,3000865.828,1
BYBIT,BNBUSDT,240,1779105600000,641.4,645.1,633.8,636.6,11649.57,7441177.622,1
BYBIT,BNBUSDT,240,1779120000000,636.6,644.6,635.2,644.3,10893.74,6965304.963,1
BYBIT,BNBUSDT,240,1779134400000,644.3,646.1,641.6,643.2,4661.88,3001625.742,1
BYBIT,BNBUSDT,240,1779148800000,643.2,646.7,640.7,642.5,5716.3,3678795.862,1
BYBIT,BNBUSDT,240,1779163200000,642.5,645.9,640.3,645.5,3396.55,2185818.109,1
BYBIT,BNBUSDT,240,1779177600000,645.5,645.5,637.4,639.6,6411.41,4104926.231,1
BYBIT,BNBUSDT,240,1779192000000,639.6,641.7,635.8,638.2,7430.72,4748732.825,1
BYBIT,BNBUSDT,240,1779206400000,638.2,641.5,637.5,639.5,3566.36,2282065.91,1
BYBIT,BNBUSDT,240,1779220800000,639.5,641.4,637.2,639.6,4457.39,2852954.196,1
BYBIT,BNBUSDT,240,1779235200000,639.6,640.6,637.0,639.9,3446.95,2201931.324,1
BYBIT,BNBUSDT,240,1779249600000,639.9,644.7,637.9,643.2,5306.17,3404697.153,1
BYBIT,BNBUSDT,240,1779264000000,643.2,645.0,641.8,643.0,3082.54,1984236.901,1
BYBIT,BNBUSDT,240,1779278400000,643.0,649.7,640.8,648.5,8470.0,5471240.961,1
BYBIT,BNBUSDT,240,1779292800000,648.5,651.0,645.6,650.2,4236.52,2749230.123,1
BYBIT,BNBUSDT,240,1779307200000,650.2,651.2,646.7,649.0,3230.4,2098155.404,1
BYBIT,BNBUSDT,240,1779321600000,649.0,655.0,648.8,654.4,5591.17,3650193.959,1
BYBIT,BNBUSDT,240,1779336000000,654.4,655.2,650.1,652.6,4300.68,2806075.387,1
BYBIT,BNBUSDT,240,1779350400000,652.6,655.8,646.9,647.5,6164.41,4015265.381,1
BYBIT,BNBUSDT,240,1779364800000,647.5,652.9,645.9,652.0,5378.46,3492156.672,1
BYBIT,BNBUSDT,240,1779379200000,652.0,659.5,649.8,657.7,13500.39,8852368.63,1
BYBIT,BNBUSDT,240,1779393600000,657.7,658.9,655.9,658.3,4468.95,2938716.221,1
BYBIT,BNBUSDT,240,1779408000000,658.3,661.2,655.8,659.2,10953.76,7217570.914,1
BYBIT,BNBUSDT,240,1779422400000,659.2,660.1,655.1,659.2,4818.7,3169059.508,1
BYBIT,BNBUSDT,240,1779436800000,659.2,661.0,654.4,657.7,5872.75,3861247.161,1
BYBIT,BNBUSDT,240,1779451200000,657.7,663.8,655.8,658.0,15978.38,10552678.872,1
BYBIT,BNBUSDT,240,1779465600000,658.0,661.2,647.9,651.9,14967.57,9799651.836,1
BYBIT,BNBUSDT,240,1779480000000,651.9,653.7,648.1,650.0,6770.19,4411816.933,1
BYBIT,BNBUSDT,240,1779494400000,650.0,652.7,647.6,651.9,5040.4,3275335.025,1
BYBIT,BNBUSDT,240,1779508800000,651.9,652.4,634.6,636.2,17701.4,11366536.047,1
BYBIT,BNBUSDT,240,1779523200000,636.2,640.7,635.1,639.7,8256.26,5266957.095,1
BYBIT,BNBUSDT,240,1779537600000,639.7,648.6,638.8,647.2,9296.44,5993932.307,1
BYBIT,BNBUSDT,240,1779552000000,647.2,652.7,645.9,652.1,4159.9,2701360.664,1
BYBIT,BNBUSDT,240,1779566400000,652.1,663.7,651.5,655.8,13236.18,8711089.5,1
BYBIT,BNBUSDT,240,1779580800000,655.8,658.5,655.2,656.9,3004.36,1973634.259,1
BYBIT,BNBUSDT,240,1779595200000,656.9,657.8,653.6,656.3,2410.4,1580179.589,1
BYBIT,BNBUSDT,240,1779609600000,656.3,662.4,655.9,661.0,6622.2,4371206.925,1
BYBIT,BNBUSDT,240,1779624000000,661.0,661.1,651.8,655.3,8199.07,5383995.682,1
BYBIT,BNBUSDT,240,1779638400000,655.3,657.3,654.7,655.9,3333.56,2186605.976,1
BYBIT,BNBUSDT,240,1779652800000,655.9,657.4,649.1,656.4,6905.13,4517759.268,1
BYBIT,BNBUSDT,240,1779667200000,656.4,659.7,655.1,656.6,5750.04,3778764.688,1
BYBIT,BNBUSDT,240,1779681600000,656.6,661.8,655.6,661.7,5847.8,3858377.41,1
BYBIT,BNBUSDT,240,1779696000000,661.7,663.2,660.5,662.0,5316.55,3517914.787,1
BYBIT,BNBUSDT,240,1779710400000,662.0,673.1,661.9,667.6,19383.74,12979742.616,1
BYBIT,BNBUSDT,240,1779724800000,667.6,668.0,660.6,662.2,8995.22,5966636.549,1
BYBIT,BNBUSDT,240,1779739200000,662.2,662.9,660.0,662.8,4682.21,3096090.893,1
BYBIT,BNBUSDT,240,1779753600000,662.8,663.4,655.5,657.6,9884.69,6507113.658,1
BYBIT,BNBUSDT,240,1779768000000,657.6,659.4,654.6,657.4,8120.64,5338706.058,1
BYBIT,BNBUSDT,240,1779782400000,657.4,664.2,655.8,662.1,7323.91,4831458.175,1
BYBIT,BNBUSDT,240,1779796800000,662.1,667.9,656.8,659.7,14031.55,9295475.504,1
BYBIT,BNBUSDT,240,1779811200000,659.7,660.6,652.9,656.7,9137.97,6002901.684,1
BYBIT,BNBUSDT,240,1779825600000,656.7,657.5,654.4,655.8,3438.14,2254321.002,1
BYBIT,BNBUSDT,240,1779840000000,655.8,658.6,653.6,654.0,5239.76,3436659.1,1
BYBIT,BNBUSDT,240,1779854400000,654.0,654.3,650.2,653.0,5979.1,3899584.042,1
BYBIT,BNBUSDT,240,1779868800000,653.0,655.4,651.8,653.4,4162.29,2721669.362,1
BYBIT,BNBUSDT,240,1779883200000,653.4,658.2,649.5,657.5,10360.98,6775706.858,1
BYBIT,BNBUSDT,240,1779897600000,657.5,659.6,649.9,653.1,7350.21,4805438.752,1
BYBIT,BNBUSDT,240,1779912000000,653.1,654.7,646.0,648.3,9290.73,6030931.004,1
BYBIT,BNBUSDT,240,1779926400000,648.3,648.9,636.3,637.3,13901.26,8939416.14,1
BYBIT,BNBUSDT,240,1779940800000,637.3,637.3,630.7,634.5,15378.0,9757453.042,1
BYBIT,BNBUSDT,240,1779955200000,634.5,634.8,631.0,632.5,11863.79,7509740.291,1
BYBIT,BNBUSDT,240,1779969600000,632.5,636.3,627.7,634.6,17400.36,10999293.961,1
BYBIT,BNBUSDT,240,1779984000000,634.6,642.4,633.2,639.3,6887.57,4402477.147,1
BYBIT,BNBUSDT,240,1779998400000,639.3,642.6,637.4,638.1,4956.48,3170921.414,1
BYBIT,BNBUSDT,240,1780012800000,638.1,639.5,633.4,635.3,9535.63,6064543.6,1
BYBIT,BNBUSDT,240,1780027200000,635.3,639.3,634.1,636.7,4960.84,3157462.56,1
BYBIT,BNBUSDT,240,1780041600000,636.7,640.8,634.8,636.5,6102.32,3893583.259,1
BYBIT,BNBUSDT,240,1780056000000,636.5,642.7,630.2,639.5,16450.34,10470252.419,1
BYBIT,BNBUSDT,240,1780070400000,639.5,644.6,637.9,641.2,13518.04,8666025.319,1
BYBIT,BNBUSDT,240,1780084800000,641.2,644.0,641.1,642.9,5819.75,3740481.957,1
BYBIT,BNBUSDT,240,1780099200000,642.9,661.1,642.5,658.0,20283.65,13256619.577,1
BYBIT,BNBUSDT,240,1780113600000,658.0,674.3,656.4,672.8,20689.99,13758423.384,1
BYBIT,BNBUSDT,240,1780128000000,672.8,677.3,669.4,673.5,21981.92,14792742.177,1
BYBIT,BNBUSDT,240,1780142400000,673.5,695.2,670.8,694.5,39508.41,27056479.47,1
BYBIT,BNBUSDT,240,1780156800000,694.5,724.5,694.2,720.8,86264.14,61307529.294,1
BYBIT,BNBUSDT,240,1780171200000,720.8,728.6,707.1,718.6,37498.21,26910687.753,1
BYBIT,BNBUSDT,240,1780185600000,718.6,746.0,718.6,739.9,57645.41,42268529.486,1
BYBIT,BNBUSDT,240,1780200000000,739.9,742.3,717.1,719.7,39332.39,28718865.465,1
BYBIT,BNBUSDT,240,1780214400000,719.7,725.4,717.4,722.8,23856.06,17229569.046,1
BYBIT,BNBUSDT,240,1780228800000,722.8,733.9,718.1,720.8,42643.49,30921674.658,1
BYBIT,BNBUSDT,240,1780243200000,720.8,721.9,702.9,708.4,55508.33,39458272.593,1
BYBIT,BNBUSDT,240,1780257600000,708.4,714.7,705.9,710.3,25157.49,17866729.137,1
BYBIT,BNBUSDT,240,1780272000000,710.3,716.8,692.7,703.5,41284.14,29054764.797,1
BYBIT,BNBUSDT,240,1780286400000,703.5,705.6,684.5,686.0,32925.16,22829959.873,1
BYBIT,BNBUSDT,240,1780300800000,686.0,730.1,685.2,697.1,144890.53,102333053.702,1
BYBIT,BNBUSDT,240,1780315200000,697.1,698.2,674.2,677.0,70519.51,48296392.442,1
BYBIT,BNBUSDT,240,1780329600000,677.0,695.9,673.3,695.8,36544.56,25075369.296,1
BYBIT,BNBUSDT,240,1780344000000,695.8,701.3,687.4,692.7,20311.84,14089779.935,1
BYBIT,BNBUSDT,240,1780358400000,692.7,695.2,680.6,693.3,23848.19,16420278.613,1
BYBIT,BNBUSDT,240,1780372800000,693.3,693.8,679.8,681.5,18771.56,12857484.929,1
BYBIT,BNBUSDT,240,1780387200000,681.5,684.7,675.2,677.8,21013.34,14262807.469,1
BYBIT,BNBUSDT,240,1780401600000,677.8,679.7,657.6,662.9,56609.39,37914666.782,1
BYBIT,BNBUSDT,240,1780416000000,662.9,671.3,651.5,659.8,32538.63,21580475.377,1
BYBIT,BNBUSDT,240,1780430400000,659.8,662.9,641.4,650.2,33958.81,22109734.327,1
BYBIT,BNBUSDT,240,1780444800000,650.2,656.9,630.5,633.3,30523.16,19642286.029,1
BYBIT,BNBUSDT,240,1780459200000,633.3,646.3,632.3,643.7,21878.6,14005999.467,1
BYBIT,BNBUSDT,240,1780473600000,643.7,645.7,636.5,636.9,14752.47,9461428.121,1
BYBIT,BNBUSDT,240,1780488000000,636.9,638.8,628.9,632.5,27931.04,17709984.772,1
BYBIT,BNBUSDT,240,1780502400000,632.5,633.2,619.2,622.4,37737.17,23592967.97,1
BYBIT,BNBUSDT,240,1780516800000,622.4,629.6,615.4,620.3,26217.96,16338423.264,1
BYBIT,BNBUSDT,240,1780531200000,620.3,624.0,590.0,618.6,68170.21,41327906.658,1
BYBIT,BNBUSDT,240,1780545600000,618.6,620.8,598.8,599.7,33109.34,20079787.856,1
BYBIT,BNBUSDT,240,1780560000000,599.7,603.3,587.4,594.8,27136.31,16104080.224,1
BYBIT,BNBUSDT,240,1780574400000,594.8,609.0,593.6,605.9,22935.1,13809502.388,1
BYBIT,BNBUSDT,240,1780588800000,605.9,609.9,598.6,605.9,12569.5,7610182.142,1
BYBIT,BNBUSDT,240,1780603200000,605.9,606.9,597.5,604.1,11404.76,6867707.728,1
BYBIT,BNBUSDT,240,1780617600000,604.1,607.7,591.0,595.3,21307.11,12764357.905,1
BYBIT,BNBUSDT,240,1780632000000,595.3,602.6,569.9,592.9,50777.3,29727910.703,1
BYBIT,BNBUSDT,240,1780646400000,592.9,596.7,585.2,589.8,18627.67,11007450.628,1
BYBIT,BNBUSDT,240,1780660800000,589.8,595.9,574.2,578.3,49090.08,28702874.693,1
BYBIT,BNBUSDT,240,1780675200000,578.3,582.9,556.3,566.9,65700.01,37448465.101,1
BYBIT,BNBUSDT,240,1780689600000,566.9,579.2,562.8,571.9,26447.51,15196112.595,1
BYBIT,BNBUSDT,240,1780704000000,571.9,579.7,570.2,572.8,10833.32,6237057.046,1
BYBIT,BNBUSDT,240,1780718400000,572.8,581.4,559.1,578.6,30834.96,17614093.379,1
BYBIT,BNBUSDT,240,1780732800000,578.6,584.2,570.6,573.5,16454.39,9481749.605,1
BYBIT,BNBUSDT,240,1780747200000,573.5,577.2,570.6,575.4,9181.24,5276005.106,1
BYBIT,BNBUSDT,240,1780761600000,575.4,577.3,570.9,573.3,5259.66,3017424.196,1
BYBIT,BNBUSDT,240,1780776000000,573.3,576.5,570.3,574.0,4783.8,2744969.74,1
BYBIT,BNBUSDT,240,1780790400000,574.0,581.3,573.0,580.6,8587.05,4964072.181,1
BYBIT,BNBUSDT,240,1780804800000,580.6,589.7,577.5,589.4,13825.22,8084056.928,1
BYBIT,BNBUSDT,240,1780819200000,589.4,598.7,587.1,593.0,13202.78,7836164.223,1
BYBIT,BNBUSDT,240,1780833600000,593.0,593.6,585.3,591.1,10325.29,6081017.253,1
BYBIT,BNBUSDT,240,1780848000000,591.1,597.4,586.4,588.4,12841.73,7615434.645,1
BYBIT,BNBUSDT,240,1780862400000,588.4,610.4,587.3,604.0,20302.27,12235457.28,1
BYBIT,BNBUSDT,240,1780876800000,604.0,608.0,598.7,602.9,7365.3,4443500.193,1
BYBIT,BNBUSDT,240,1780891200000,602.9,603.3,591.1,595.9,8588.83,5116617.467,1
BYBIT,BNBUSDT,240,1780905600000,595.9,604.0,593.0,601.9,9610.54,5753682.817,1
BYBIT,BNBUSDT,240,1780920000000,601.9,605.9,597.4,603.8,9883.39,5945725.26,1
BYBIT,BNBUSDT,240,1780934400000,603.8,609.6,602.1,607.3,6171.56,3737533.418,1
BYBIT,BNBUSDT,240,1780948800000,607.3,610.4,600.7,601.4,4872.01,2953051.886,1
BYBIT,BNBUSDT,240,1780963200000,601.4,602.4,592.7,598.8,10868.66,6482148.007,1
BYBIT,BNBUSDT,240,1780977600000,598.8,605.3,596.0,603.7,5575.64,3357110.916,1
BYBIT,BNBUSDT,240,1780992000000,603.7,604.2,595.8,596.4,7813.46,4681483.485,1
BYBIT,BNBUSDT,240,1781006400000,596.4,600.3,584.2,586.6,17214.87,10187019.541,1
BYBIT,BNBUSDT,240,1781020800000,586.6,596.6,583.3,596.4,10349.96,6098023.091,1
BYBIT,BNBUSDT,240,1781035200000,596.4,598.4,590.7,593.0,6405.06,3808717.377,1
BYBIT,BNBUSDT,240,1781049600000,593.0,594.6,585.9,587.3,5150.81,3040444.501,1
BYBIT,BNBUSDT,240,1781064000000,587.3,589.4,583.1,588.2,7294.47,4273924.512,1
BYBIT,BNBUSDT,240,1781078400000,588.2,588.3,580.3,582.4,8432.01,4920227.783,1
BYBIT,BNBUSDT,240,1781092800000,582.4,598.4,582.0,596.5,17704.99,10463541.165,1
BYBIT,BNBUSDT,240,1781107200000,596.5,596.8,586.5,587.6,6990.2,4127742.086,1
BYBIT,BNBUSDT,240,1781121600000,587.6,588.8,581.6,586.1,7301.66,4267628.497,1
BYBIT,BNBUSDT,240,1781136000000,586.1,598.3,586.1,596.1,10547.53,6257672.328,1
BYBIT,BNBUSDT,240,1781150400000,596.1,598.0,593.4,597.8,3648.94,2171710.041,1
BYBIT,BNBUSDT,240,1781164800000,597.8,603.3,597.8,600.4,9860.14,5920337.005,1
BYBIT,BNBUSDT,240,1781179200000,600.4,602.7,596.9,598.2,9653.9,5784848.871,1
BYBIT,BNBUSDT,240,1781193600000,598.2,607.2,595.6,604.1,12296.05,7401533.311,1
BYBIT,BNBUSDT,240,1781208000000,604.1,605.9,600.4,605.3,5571.21,3360625.262,1
BYBIT,BNBUSDT,240,1781222400000,605.3,605.9,600.9,601.9,4785.13,2887658.306,1
BYBIT,BNBUSDT,240,1781236800000,601.9,604.6,596.2,599.4,5255.15,3151976.579,1
BYBIT,BNBUSDT,240,1781251200000,599.4,608.6,599.4,606.4,7903.44,4786995.302,1
BYBIT,BNBUSDT,240,1781265600000,606.4,613.1,602.8,604.8,13163.3,7999272.022,1
BYBIT,BNBUSDT,240,1781280000000,604.8,609.0,602.2,603.0,4045.74,2451797.431,1
BYBIT,BNBUSDT,240,1781294400000,603.0,604.3,601.7,603.4,2724.17,1642515.277,1
BYBIT,BNBUSDT,240,1781308800000,603.4,605.8,599.7,600.1,7174.28,4324505.394,1
BYBIT,BNBUSDT,240,1781323200000,600.1,603.6,599.1,602.8,3807.23,2288482.882,1
BYBIT,BNBUSDT,240,1781337600000,602.8,607.0,602.2,606.4,3364.9,2032424.46,1
BYBIT,BNBUSDT,240,1781352000000,606.4,610.9,605.8,610.2,5603.82,3410819.599,1
BYBIT,BNBUSDT,240,1781366400000,610.2,610.3,606.2,608.1,7054.41,4289756.27,1
BYBIT,BNBUSDT,240,1781380800000,608.1,612.3,607.3,609.1,4488.53,2734001.395,1
BYBIT,BNBUSDT,240,1781395200000,609.1,610.6,608.0,609.6,2691.3,1639282.705,1
BYBIT,BNBUSDT,240,1781409600000,609.6,611.7,607.3,609.8,3028.96,1846583.429,1
BYBIT,BNBUSDT,240,1781424000000,609.8,612.8,609.0,612.0,4892.43,2991542.456,1
BYBIT,BNBUSDT,240,1781438400000,612.0,612.1,604.7,607.6,5329.83,3245202.319,1
BYBIT,BNBUSDT,240,1781452800000,607.6,608.2,602.5,602.7,6045.13,3655282.039,1
BYBIT,BNBUSDT,240,1781467200000,602.7,616.9,602.3,616.4,8788.3,5377418.998,1
BYBIT,BNBUSDT,240,1781481600000,616.4,617.9,612.1,617.4,7338.65,4516929.331,1
BYBIT,BNBUSDT,240,1781496000000,617.4,618.6,614.9,615.0,5031.21,3101873.995,1
BYBIT,BNBUSDT,240,1781510400000,615.0,622.7,612.2,620.2,12899.67,7977428.995,1
BYBIT,BNBUSDT,240,1781524800000,620.2,632.5,619.0,628.5,21665.51,13567519.588,1
BYBIT,BNBUSDT,240,1781539200000,628.5,629.1,618.1,620.3,8422.89,5258582.079,1
BYBIT,BNBUSDT,240,1781553600000,620.3,621.2,614.8,617.4,6262.85,3871894.513,1
BYBIT,BNBUSDT,240,1781568000000,617.4,618.7,610.6,614.7,7380.27,4533661.598,1
BYBIT,BNBUSDT,240,1781582400000,614.7,618.7,611.2,615.4,7138.52,4390653.181,1
BYBIT,BNBUSDT,240,1781596800000,615.4,619.1,612.7,613.9,9036.26,5562936.8,1
BYBIT,BNBUSDT,240,1781611200000,613.9,617.5,598.1,606.1,53690.7,32541830.232,1
BYBIT,BNBUSDT,240,1781625600000,606.1,610.4,603.6,606.7,7889.42,4786889.175,1
BYBIT,BNBUSDT,240,1781640000000,606.7,608.6,604.3,604.7,3884.06,2356595.012,1
BYBIT,BNBUSDT,240,1781654400000,604.7,608.2,603.0,604.5,5312.81,3217250.837,1
BYBIT,BNBUSDT,240,1781668800000,604.5,609.7,604.1,606.3,5322.65,3230021.558,1
BYBIT,BNBUSDT,240,1781683200000,606.3,606.4,600.6,603.7,7157.97,4314045.116,1
BYBIT,BNBUSDT,240,1781697600000,603.7,612.5,600.7,605.3,30826.42,18688230.725,1
BYBIT,BNBUSDT,240,1781712000000,605.3,609.5,596.6,598.3,31922.15,19286551.484,1
BYBIT,BNBUSDT,240,1781726400000,598.3,601.9,594.4,601.2,6922.13,4145026.988,1
BYBIT,BNBUSDT,240,1781740800000,601.2,603.8,595.6,596.2,4807.62,2886922.404,1
BYBIT,BNBUSDT,240,1781755200000,596.2,596.6,587.0,589.3,12791.03,7544597.802,1
BYBIT,BNBUSDT,240,1781769600000,589.3,592.3,587.9,589.2,5623.49,3318530.959,1
BYBIT,BNBUSDT,240,1781784000000,589.2,592.1,572.7,573.4,22689.53,13243400.721,1
BYBIT,BNBUSDT,240,1781798400000,573.4,579.3,573.1,578.7,18000.63,10379379.635,1
BYBIT,BNBUSDT,240,1781812800000,578.7,581.0,576.7,578.2,7329.11,4243572.365,1
BYBIT,BNBUSDT,240,1781827200000,578.2,582.9,575.6,577.9,8569.08,4961285.338,1
BYBIT,BNBUSDT,240,1781841600000,577.9,578.7,570.3,574.6,6791.48,3897852.055,1
BYBIT,BNBUSDT,240,1781856000000,574.6,574.9,570.5,572.9,5095.88,2916080.52,1
BYBIT,BNBUSDT,240,1781870400000,572.9,579.2,571.8,578.3,7059.28,4064879.058,1
BYBIT,BNBUSDT,240,1781884800000,578.3,581.5,576.6,579.4,5704.9,3301805.579,1
BYBIT,BNBUSDT,240,1781899200000,579.4,582.2,578.5,581.1,4095.58,2377016.979,1
BYBIT,BNBUSDT,240,1781913600000,581.1,582.4,579.7,580.4,1610.25,935212.235,1
BYBIT,BNBUSDT,240,1781928000000,580.4,589.3,580.0,587.4,5977.02,3494029.044,1
BYBIT,BNBUSDT,240,1781942400000,587.4,587.9,585.2,586.2,4477.62,2625777.539,1
BYBIT,BNBUSDT,240,1781956800000,586.2,588.9,581.8,586.9,9602.09,5618726.464,1
BYBIT,BNBUSDT,240,1781971200000,586.9,587.2,583.8,585.7,2520.39,1476009.227,1
BYBIT,BNBUSDT,240,1781985600000,585.7,588.3,584.8,587.7,3722.99,2185782.001,1
BYBIT,BNBUSDT,240,1782000000000,587.7,590.8,586.7,590.1,2643.78,1557179.363,1
BYBIT,BNBUSDT,240,1782014400000,590.1,591.7,588.5,590.6,3462.2,2042781.471,1
BYBIT,BNBUSDT,240,1782028800000,590.6,591.8,587.2,588.1,4250.03,2503644.891,1
BYBIT,BNBUSDT,240,1782043200000,588.1,590.3,584.9,589.6,8520.07,5008445.523,1
BYBIT,BNBUSDT,240,1782057600000,589.6,592.3,588.3,591.6,4206.6,2484947.878,1
BYBIT,BNBUSDT,240,1782072000000,591.6,591.7,583.2,583.8,7286.2,4275312.163,1
BYBIT,BNBUSDT,240,1782086400000,583.8,595.2,583.6,589.6,11983.12,7083538.188,1
BYBIT,BNBUSDT,240,1782100800000,589.6,594.8,588.8,593.7,4915.5,2909320.452,1
BYBIT,BNBUSDT,240,1782115200000,593.7,597.9,590.8,597.0,6455.66,3834628.184,1
BYBIT,BNBUSDT,240,1782129600000,597.0,602.0,595.1,595.8,13957.21,8352609.519,1
BYBIT,BNBUSDT,240,1782144000000,595.8,596.6,589.9,591.8,9015.16,5347011.508,1
BYBIT,BNBUSDT,240,1782158400000,591.8,592.7,587.4,589.8,4329.08,2554271.525,1
BYBIT,BNBUSDT,240,1782172800000,589.8,592.4,587.5,591.6,4064.06,2399304.645,1
BYBIT,BNBUSDT,240,1782187200000,591.6,591.9,576.7,580.5,16412.8,9561471.223,1
BYBIT,BNBUSDT,240,1782201600000,580.5,580.9,569.9,573.4,17734.24,10164953.07,1
BYBIT,BNBUSDT,240,1782216000000,573.4,576.7,570.8,574.1,11471.31,6580347.613,1
BYBIT,BNBUSDT,240,1782230400000,574.1,576.7,572.1,575.8,5213.3,2995447.487,1
BYBIT,BNBUSDT,240,1782244800000,575.8,578.8,575.1,577.9,4710.76,2717527.951,1
BYBIT,BNBUSDT,240,1782259200000,577.9,581.4,575.0,577.6,9166.91,5302276.446,1
BYBIT,BNBUSDT,240,1782273600000,577.6,581.1,573.8,576.6,6352.36,3668577.371,1
BYBIT,BNBUSDT,240,1782288000000,576.6,581.9,573.3,579.4,7290.53,4201339.563,1
BYBIT,BNBUSDT,240,1782302400000,579.4,580.0,560.6,561.0,25145.41,14317606.763,1
BYBIT,BNBUSDT,240,1782316800000,561.0,563.3,546.1,555.0,28761.41,15950532.144,1
BYBIT,BNBUSDT,240,1782331200000,555.0,565.8,554.1,564.2,14220.51,7984472.349,1
BYBIT,BNBUSDT,240,1782345600000,564.2,566.9,562.8,565.6,7138.81,4033115.025,1
BYBIT,BNBUSDT,240,1782360000000,565.6,572.4,563.5,570.2,7166.99,4081219.92,1
BYBIT,BNBUSDT,240,1782374400000,570.2,570.3,560.7,562.6,9500.95,5376991.48,1
BYBIT,BNBUSDT,240,1782388800000,562.6,568.3,540.1,553.6,52212.38,28879156.873,1
BYBIT,BNBUSDT,240,1782403200000,553.6,559.9,552.0,554.0,10008.62,5563030.75,1
BYBIT,BNBUSDT,240,1782417600000,554.0,562.8,554.0,560.4,5317.01,2970076.352,1
BYBIT,BNBUSDT,240,1782432000000,560.4,564.4,550.1,562.7,19472.15,10851848.332,1
BYBIT,BNBUSDT,240,1782446400000,562.7,570.2,558.8,569.2,9866.85,5559888.674,1
BYBIT,BNBUSDT,240,1782460800000,569.2,569.9,558.6,558.7,14902.4,8423753.637,1
BYBIT,BNBUSDT,240,1782475200000,558.7,567.0,551.5,565.1,25223.68,14100847.197,1
BYBIT,BNBUSDT,240,1782489600000,565.1,568.8,562.7,565.5,8010.82,4536500.526,1
BYBIT,BNBUSDT,240,1782504000000,565.5,568.4,564.1,567.3,5170.94,2928281.938,1
BYBIT,BNBUSDT,240,1782518400000,567.3,568.4,564.9,566.6,3083.44,1746987.002,1
BYBIT,BNBUSDT,240,1782532800000,566.6,567.8,563.6,565.2,2947.29,1666325.788,1
BYBIT,BNBUSDT,240,1782547200000,565.2,565.4,562.1,562.9,3345.75,1886485.25,1
BYBIT,BNBUSDT,240,1782561600000,562.9,566.8,562.1,565.2,3825.71,2159832.475,1
BYBIT,BNBUSDT,240,1782576000000,565.2,566.5,557.4,558.8,6542.03,3678838.189,1
BYBIT,BNBUSDT,240,1782590400000,558.8,562.9,554.1,556.8,5768.14,3225194.673,1
BYBIT,BNBUSDT,240,1782604800000,556.8,558.5,556.1,558.3,2194.89,1223783.229,1
BYBIT,BNBUSDT,240,1782619200000,558.3,558.3,553.6,556.1,2095.51,1164172.926,1
BYBIT,BNBUSDT,240,1782633600000,556.1,558.6,553.8,556.9,2961.13,1647142.061,1
BYBIT,BNBUSDT,240,1782648000000,556.9,557.6,553.2,554.1,5010.86,2781661.585,1
BYBIT,BNBUSDT,240,1782662400000,554.1,554.4,546.9,548.1,7652.86,4215594.144,1
BYBIT,BNBUSDT,240,1782676800000,548.1,555.0,545.4,550.8,12855.78,7079233.463,1
BYBIT,BNBUSDT,240,1782691200000,550.8,556.6,546.3,555.0,8213.46,4532513.254,1
BYBIT,BNBUSDT,240,1782705600000,555.0,555.2,547.9,553.4,6118.78,3377251.911,1
BYBIT,BNBUSDT,240,1782720000000,553.4,555.5,550.1,551.5,5971.37,3302370.438,1
BYBIT,BNBUSDT,240,1782734400000,551.5,558.1,545.7,551.5,16842.3,9294902.537,1
BYBIT,BNBUSDT,240,1782748800000,551.5,562.7,550.1,561.6,10892.3,6090131.684,1
BYBIT,BNBUSDT,240,1782763200000,561.6,562.2,559.1,559.4,4254.16,2383467.307,1
BYBIT,BNBUSDT,240,1782777600000,559.4,560.2,553.5,553.5,6261.58,3482850.377,1
BYBIT,BNBUSDT,240,1782792000000,553.5,554.4,551.3,552.1,3820.23,2110838.037,1
BYBIT,BNBUSDT,240,1782806400000,552.1,552.5,546.5,547.3,8863.48,4869578.162,1
BYBIT,BNBUSDT,240,1782820800000,547.3,551.5,543.2,544.5,12688.85,6931761.278,1
BYBIT,BNBUSDT,240,1782835200000,544.5,548.5,544.4,547.1,7126.61,3893316.652,1
BYBIT,BNBUSDT,240,1782849600000,547.1,547.3,543.9,546.1,4156.18,2264979.842,1
BYBIT,BNBUSDT,240,1782864000000,546.1,552.6,539.5,551.3,12462.69,6807038.727,1
BYBIT,BNBUSDT,240,1782878400000,551.3,552.4,544.6,546.6,5250.63,2877140.734,1
BYBIT,BNBUSDT,240,1782892800000,546.6,547.4,536.8,542.3,13038.91,7066692.182,1
BYBIT,BNBUSDT,240,1782907200000,542.3,555.4,541.0,554.3,15768.09,8652576.271,1
BYBIT,BNBUSDT,240,1782921600000,554.3,554.9,550.1,551.0,9024.23,4984338.211,1
BYBIT,BNBUSDT,240,1782936000000,551.0,559.4,549.7,550.1,10671.21,5910095.228,1
BYBIT,BNBUSDT,240,1782950400000,550.1,558.6,545.8,556.5,9081.7,5019082.78,1
BYBIT,BNBUSDT,240,1782964800000,556.5,556.5,548.3,549.0,6433.4,3551467.423,1
BYBIT,BNBUSDT,240,1782979200000,549.0,561.5,548.9,559.6,15090.25,8385268.22,1
BYBIT,BNBUSDT,240,1782993600000,559.6,566.9,559.0,562.1,19372.22,10903197.061,1
BYBIT,BNBUSDT,240,1783008000000,562.1,563.8,557.5,557.7,7628.4,4278251.645,1
BYBIT,BNBUSDT,240,1783022400000,557.7,559.3,555.8,558.5,5181.39,2888761.545,1
BYBIT,BNBUSDT,240,1783036800000,558.5,561.6,556.7,560.7,5765.5,3226372.951,1
BYBIT,BNBUSDT,240,1783051200000,560.7,563.7,559.7,561.4,4662.48,2618239.115,1
BYBIT,BNBUSDT,240,1783065600000,561.4,567.3,561.2,566.4,5694.86,3213938.673,1
BYBIT,BNBUSDT,240,1783080000000,566.4,568.3,563.1,565.5,6589.64,3726649.788,1
BYBIT,BNBUSDT,240,1783094400000,565.5,571.3,564.4,569.6,5755.84,3272326.11,1
BYBIT,BNBUSDT,240,1783108800000,569.6,575.1,569.4,573.7,7490.46,4290850.36,1
BYBIT,BNBUSDT,240,1783123200000,573.7,575.4,570.8,572.1,3810.41,2182059.235,1
BYBIT,BNBUSDT,240,1783137600000,572.1,572.9,568.3,569.4,5379.28,3067900.823,1
BYBIT,BNBUSDT,240,1783152000000,569.4,576.0,568.9,571.5,7344.64,4200736.829,1
BYBIT,BNBUSDT,240,1783166400000,571.5,577.9,571.4,576.4,9897.72,5687564.438,1
BYBIT,BNBUSDT,240,1783180800000,576.4,578.3,574.0,575.4,9084.82,5234637.818,1
BYBIT,BNBUSDT,240,1783195200000,575.4,578.1,572.3,574.8,12835.41,7384521.679,1
BYBIT,BNBUSDT,240,1783209600000,574.8,575.0,567.4,570.1,7081.46,4042291.372,1
BYBIT,BNBUSDT,240,1783224000000,570.1,575.5,569.6,575.3,4853.37,2774859.593,1
BYBIT,BNBUSDT,240,1783238400000,575.3,578.8,572.0,576.6,11044.37,6359526.387,1
BYBIT,BNBUSDT,240,1783252800000,576.6,589.8,575.9,587.0,21755.66,12720634.749,1
BYBIT,BNBUSDT,240,1783267200000,587.0,591.9,583.2,589.1,13773.36,8093129.61,1
BYBIT,BNBUSDT,240,1783281600000,589.1,593.2,585.6,589.6,11430.95,6739050.152,1
BYBIT,BNBUSDT,240,1783296000000,589.6,592.9,582.5,585.0,12515.46,7364375.178,1
BYBIT,BNBUSDT,240,1783310400000,585.0,585.3,580.6,581.7,5469.17,3185599.313,1
BYBIT,BNBUSDT,240,1783324800000,581.7,582.5,575.7,577.5,8560.9,4953826.799,1
BYBIT,BNBUSDT,240,1783339200000,577.5,584.7,569.8,584.5,22959.38,13210044.654,1
BYBIT,BNBUSDT,240,1783353600000,584.5,586.4,582.5,584.9,11358.85,6638082.613,1
BYBIT,BNBUSDT,240,1783368000000,584.9,591.8,583.3,585.8,10483.99,6160998.361,1
BYBIT,BNBUSDT,240,1783382400000,585.8,587.5,577.7,578.9,6130.19,3574288.399,1
BYBIT,BNBUSDT,240,1783396800000,578.9,580.4,576.0,578.1,6409.52,3708507.472,1
BYBIT,BNBUSDT,240,1783411200000,578.1,580.2,576.3,579.9,3919.27,2266024.995,1
BYBIT,BNBUSDT,240,1783425600000,579.9,585.5,574.8,584.3,13989.89,8117445.961,1
BYBIT,BNBUSDT,240,1783440000000,584.3,586.8,579.6,583.0,6580.61,3838690.804,1
BYBIT,BNBUSDT,240,1783454400000,583.0,583.5,576.0,576.4,4881.48,2828316.137,1
BYBIT,BNBUSDT,240,1783468800000,576.4,578.6,566.8,568.6,16415.74,9379650.519,1
BYBIT,BNBUSDT,240,1783483200000,568.6,569.9,564.8,567.5,5932.03,3362946.432,1
BYBIT,BNBUSDT,240,1783497600000,567.5,569.2,559.9,565.7,20632.63,11633592.795,1
BYBIT,BNBUSDT,240,1783512000000,565.7,567.0,560.6,562.0,10659.38,6012517.086,1
BYBIT,BNBUSDT,240,1783526400000,562.0,567.6,561.4,566.7,8748.38,4935202.246,1
BYBIT,BNBUSDT,240,1783540800000,566.7,568.6,564.3,568.4,3985.36,2257997.969,1
BYBIT,BNBUSDT,240,1783555200000,568.4,572.6,565.2,568.0,3962.35,2251997.356,1
BYBIT,BNBUSDT,240,1783569600000,568.0,576.6,567.4,572.5,5907.0,3384053.089,1
BYBIT,BNBUSDT,240,1783584000000,572.5,573.2,568.5,569.5,4965.5,2835246.397,1
BYBIT,BNBUSDT,240,1783598400000,569.5,572.7,567.5,570.7,6062.25,3454396.804,1
BYBIT,BNBUSDT,240,1783612800000,570.7,573.3,568.8,569.7,5145.66,2938172.973,1
BYBIT,BNBUSDT,240,1783627200000,569.7,570.8,568.2,568.3,2858.61,1628639.269,1
BYBIT,BNBUSDT,240,1783641600000,568.3,576.3,567.7,575.1,5754.7,3296443.124,1
BYBIT,BNBUSDT,240,1783656000000,575.1,577.9,573.6,573.9,3969.66,2287714.48,1
BYBIT,BNBUSDT,240,1783670400000,573.9,577.3,573.7,575.1,3941.94,2269325.536,1
BYBIT,BNBUSDT,240,1783684800000,575.1,576.6,569.1,573.5,7620.83,4368751.166,1
BYBIT,BNBUSDT,240,1783699200000,573.5,578.2,573.4,575.7,3989.55,2297746.206,1
BYBIT,BNBUSDT,240,1783713600000,575.7,576.7,574.3,575.0,1708.32,982950.854,1
BYBIT,BNBUSDT,240,1783728000000,575.0,575.7,572.5,574.7,3927.14,2255688.632,1
BYBIT,BNBUSDT,240,1783742400000,574.7,577.4,574.2,576.6,2073.87,1194374.81,1
BYBIT,BNBUSDT,240,1783756800000,576.6,579.6,576.3,579.0,3301.76,1907985.75,1
BYBIT,BNBUSDT,240,1783771200000,579.0,582.7,577.6,579.5,5334.53,3094820.481,1
BYBIT,BNBUSDT,240,1783785600000,579.5,581.2,579.0,580.3,2032.43,1179083.991,1
BYBIT,BNBUSDT,240,1783800000000,580.3,581.9,574.2,574.2,6547.65,3787427.257,1
BYBIT,BNBUSDT,240,1783814400000,574.2,575.3,569.8,574.9,5683.08,3254515.349,1
BYBIT,BNBUSDT,240,1783828800000,574.9,575.5,569.7,572.0,4244.74,2429474.816,1
BYBIT,BNBUSDT,240,1783843200000,572.0,580.3,571.8,579.8,7950.37,4580715.139,1
BYBIT,BNBUSDT,240,1783857600000,579.8,584.5,579.3,580.9,13361.43,7769899.885,1
BYBIT,BNBUSDT,240,1783872000000,580.9,581.9,578.5,579.6,3434.07,1990961.233,1
BYBIT,BNBUSDT,240,1783886400000,579.6,579.7,572.3,573.4,6430.49,3698493.555,1
BYBIT,BNBUSDT,240,1783900800000,573.4,579.5,566.1,568.6,13573.86,7781093.898,1
BYBIT,BNBUSDT,240,1783915200000,568.6,570.2,565.8,569.7,3707.97,2106816.459,1
BYBIT,BNBUSDT,240,1783929600000,569.7,570.7,568.1,569.3,4654.01,2651368.096,1
BYBIT,BNBUSDT,240,1783944000000,569.3,571.5,565.4,568.5,9403.14,5345201.353,1
BYBIT,BNBUSDT,240,1783958400000,568.5,568.6,561.8,565.9,8806.17,4971559.455,1
BYBIT,BNBUSDT,240,1783972800000,565.9,567.2,562.7,567.1,3097.5,1750730.34,1
BYBIT,BNBUSDT,240,1783987200000,567.1,570.3,566.4,569.8,5124.93,2913962.958,1
BYBIT,BNBUSDT,240,1784001600000,569.8,571.5,568.6,569.9,3691.2,2104072.646,1
BYBIT,BNBUSDT,240,1784016000000,569.9,571.4,568.8,570.6,3109.47,1773331.51,1
BYBIT,BNBUSDT,240,1784030400000,570.6,584.6,569.9,582.7,21639.25,12514355.78,1
BYBIT,BNBUSDT,240,1784044800000,582.7,583.5,579.1,580.6,6487.97,3768944.742,1
BYBIT,BNBUSDT,240,1784059200000,580.6,582.8,578.9,581.7,5635.02,3275023.738,1
BYBIT,BNBUSDT,240,1784073600000,581.7,582.9,579.4,580.9,11483.23,6673009.957,1
BYBIT,BNBUSDT,240,1784088000000,580.9,582.3,576.3,576.4,9611.78,5565515.165,1
BYBIT,BNBUSDT,240,1784102400000,576.4,578.8,575.5,578.8,6678.92,3853087.122,1
BYBIT,BNBUSDT,240,1784116800000,578.8,585.1,576.8,581.4,18640.96,10839013.26,1
BYBIT,BNBUSDT,240,1784131200000,581.4,581.7,576.2,579.3,7225.1,4182566.985,1
BYBIT,BNBUSDT,240,1784145600000,579.3,581.7,579.1,580.3,4490.67,2608127.169,1
BYBIT,BNBUSDT,240,1784160000000,580.3,582.4,577.6,581.2,4637.23,2687675.777,1
BYBIT,BNBUSDT,240,1784174400000,581.2,585.7,578.7,579.8,7657.74,4462980.683,1
BYBIT,BNBUSDT,240,1784188800000,579.8,580.0,574.2,577.9,10476.67,6042675.514,1
BYBIT,BNBUSDT,240,1784203200000,577.9,581.1,575.2,579.3,7825.02,4523923.137,1
BYBIT,BNBUSDT,240,1784217600000,579.3,579.4,573.9,575.4,4878.67,2810732.581,1
BYBIT,BNBUSDT,240,1784232000000,575.4,576.6,571.2,572.1,3865.5,2219467.016,1
BYBIT,BNBUSDT,240,1784246400000,572.1,574.5,569.9,572.1,4810.38,2750496.71,1
BYBIT,BNBUSDT,240,1784260800000,572.1,572.3,565.8,565.8,5756.24,3275000.63,1
BYBIT,BNBUSDT,240,1784275200000,565.8,565.8,562.4,564.4,11247.1,6344399.133,1
BYBIT,BNBUSDT,240,1784289600000,564.4,564.8,555.1,562.6,15238.39,8533529.281,1
BYBIT,BNBUSDT,240,1784304000000,562.6,567.8,561.8,567.8,7601.57,4294345.129,1
BYBIT,BNBUSDT,240,1784318400000,567.8,568.9,566.2,567.7,3714.61,2108345.219,1
BYBIT,BNBUSDT,240,1784332800000,567.7,568.9,566.0,568.1,3299.26,1872039.485,1
BYBIT,BNBUSDT,240,1784347200000,568.1,568.2,565.8,567.6,3080.61,1746408.795,1
BYBIT,BNBUSDT,240,1784361600000,567.6,570.2,567.2,569.4,3585.22,2039027.377,1
BYBIT,BNBUSDT,240,1784376000000,569.4,571.6,568.6,570.4,3761.92,2144085.4,1
BYBIT,BNBUSDT,240,1784390400000,570.4,572.5,569.7,570.4,3687.89,2105281.676,1
BYBIT,BNBUSDT,240,1784404800000,570.4,572.1,569.3,570.4,4075.11,2325433.882,1
BYBIT,BNBUSDT,240,1784419200000,570.4,572.3,568.4,568.7,2352.96,1342217.25,1
BYBIT,BNBUSDT,240,1784433600000,568.7,569.4,566.8,568.6,2689.77,1528567.499,1
BYBIT,BNBUSDT,240,1784448000000,568.6,569.8,566.8,567.8,2547.66,1447631.821,1
BYBIT,BNBUSDT,240,1784462400000,567.8,570.5,566.5,569.7,3961.11,2250872.436,1
BYBIT,BNBUSDT,240,1784476800000,569.7,570.2,566.0,567.8,3706.97,2105806.682,1
BYBIT,BNBUSDT,240,1784491200000,567.8,571.6,567.7,570.8,3509.1,2000174.535,1
BYBIT,BNBUSDT,240,1784505600000,570.8,573.9,567.8,569.8,7445.97,4247896.281,1
BYBIT,BNBUSDT,240,1784520000000,569.8,569.9,562.5,566.3,5456.6,3084146.815,1
BYBIT,BNBUSDT,240,1784534400000,566.3,571.3,564.1,570.9,7764.9,4411641.606,1
BYBIT,BNBUSDT,240,1784548800000,570.9,574.6,564.6,573.8,9315.11,5308665.423,1
BYBIT,BNBUSDT,240,1784563200000,573.8,575.3,570.9,571.2,10148.11,5818283.497,1
BYBIT,BNBUSDT,240,1784577600000,571.2,572.9,569.4,570.9,3953.22,2257076.603,1
BYBIT,BNBUSDT,240,1784592000000,570.9,575.0,570.3,574.9,2602.75,1490819.325,1
BYBIT,BNBUSDT,240,1784606400000,574.9,576.8,573.4,576.6,4488.88,2582503.898,1
BYBIT,BNBUSDT,240,1784620800000,576.6,579.7,576.0,576.6,8345.63,4822031.879,1
BYBIT,BNBUSDT,240,1784635200000,576.6,577.9,574.2,575.1,7383.29,4254411.337,1
BYBIT,BNBUSDT,240,1784649600000,575.1,575.5,571.9,572.4,5791.57,3320481.42,1
BYBIT,BNBUSDT,240,1784664000000,572.4,573.8,571.5,573.7,3225.62,1847609.959,1
BYBIT,BNBUSDT,240,1784678400000,573.7,575.3,570.5,570.8,7098.33,4069369.58,1
BYBIT,BNBUSDT,240,1784692800000,570.8,572.2,566.7,567.9,5105.63,2905006.993,1
BYBIT,BNBUSDT,240,1784707200000,567.9,571.6,567.7,570.8,4792.76,2733597.209,1
BYBIT,BNBUSDT,240,1784721600000,570.8,574.9,569.1,572.4,5336.32,3051093.602,1
BYBIT,BNBUSDT,240,1784736000000,572.4,575.2,568.5,569.8,5178.78,2961032.341,1
BYBIT,BNBUSDT,240,1784750400000,569.8,571.7,568.9,570.6,2922.17,1666422.022,1
BYBIT,BNBUSDT,240,1784764800000,570.6,571.9,569.3,570.1,1745.24,995922.055,1
BYBIT,BNBUSDT,240,1784779200000,570.1,570.4,567.9,569.5,2453.45,1396613.887,1
BYBIT,BNBUSDT,240,1784793600000,569.5,571.3,568.8,569.6,3060.2,1743794.788,1
BYBIT,BNBUSDT,240,1784808000000,569.6,570.1,563.3,567.2,6836.8,3874912.864,1
BYBIT,BNBUSDT,240,1784822400000,567.2,567.4,564.6,566.4,3210.44,1818115.092,1
BYBIT,BNBUSDT,240,1784836800000,566.4,568.6,565.7,567.1,2094.46,1188029.23,1
BYBIT,BNBUSDT,240,1784851200000,567.1,570.0,565.5,568.9,3099.8,1759409.214,1
BYBIT,BNBUSDT,240,1784865600000,568.9,571.1,566.4,569.1,2871.25,1633171.691,1
BYBIT,BNBUSDT,240,1784880000000,569.1,569.4,564.8,566.5,3938.76,2232330.901,1
BYBIT,BNBUSDT,240,1784894400000,566.5,566.5,555.7,561.1,11245.72,6298423.904,1
BYBIT,BNBUSDT,240,1784908800000,561.1,566.1,559.5,564.8,7111.61,4008232.048,1
BYBIT,BNBUSDT,240,1784923200000,564.8,565.5,563.2,564.5,5858.55,3304969.975,1
BYBIT,BNBUSDT,240,1784937600000,564.5,566.0,563.8,564.9,2267.78,1280808.64,1
BYBIT,BNBUSDT,240,1784952000000,564.9,565.5,563.5,564.4,2106.32,1188910.649,1
BYBIT,BNBUSDT,240,1784966400000,564.4,565.8,564.0,565.5,3299.46,1863871.347,1
BYBIT,BNBUSDT,240,1784980800000,565.5,569.1,564.7,567.2,3078.95,1745359.026,1
BYBIT,BNBUSDT,240,1784995200000,567.2,568.8,566.2,568.5,2635.22,1496090.73,1
BYBIT,BNBUSDT,240,1785009600000,568.5,569.8,568.0,568.6,1754.02,997423.233,1
BYBIT,BNBUSDT,240,1785024000000,568.6,570.6,568.6,570.1,2873.15,1636802.321,1
BYBIT,BNBUSDT,240,1785038400000,570.1,572.8,569.6,571.5,2715.1,1551063.407,1
BYBIT,BNBUSDT,240,1785052800000,571.5,572.3,570.0,570.3,3493.03,1994837.692,1
BYBIT,BNBUSDT,240,1785067200000,570.3,573.8,569.8,573.6,4486.76,2565494.95,1
BYBIT,BNBUSDT,240,1785081600000,573.6,574.6,572.0,573.4,3032.74,1737902.11,1
BYBIT,BNBUSDT,240,1785096000000,573.4,576.3,572.5,575.0,6041.15,3471387.347,1
BYBIT,BNBUSDT,240,1785110400000,575.0,575.5,571.3,573.4,3339.45,1914460.462,1
BYBIT,BNBUSDT,240,1785124800000,573.4,576.8,572.8,574.5,3282.19,1886773.515,1
BYBIT,BNBUSDT,240,1785139200000,574.5,574.9,571.4,572.6,4365.89,2501236.025,1
BYBIT,BNBUSDT,240,1785153600000,572.6,576.8,565.1,568.1,12410.09,7067600.163,1
BYBIT,BNBUSDT,240,1785168000000,568.1,575.9,567.5,575.4,8876.27,5087509.174,1
BYBIT,BNBUSDT,240,1785182400000,575.4,575.7,564.9,565.8,7412.51,4219360.505,1
BYBIT,BNBUSDT,240,1785196800000,565.8,566.8,561.8,566.1,5336.88,3014181.758,1
BYBIT,BNBUSDT,240,1785211200000,566.1,566.9,564.1,565.5,3786.0,2140203.957,1
BYBIT,BNBUSDT,240,1785225600000,565.5,567.2,564.5,566.6,3638.43,2059302.218,1
BYBIT,BNBUSDT,240,1785240000000,566.6,575.6,563.1,573.1,13502.94,7687985.89,1
BYBIT,BNBUSDT,240,1785254400000,573.1,573.9,566.8,570.6,4935.11,2817109.87,1
BYBIT,BNBUSDT,240,1785268800000,570.6,571.7,567.9,571.0,3478.24,1983655.162,1
BYBIT,BNBUSDT,240,1785283200000,571.0,573.3,566.7,567.1,4475.85,2554379.133,1
BYBIT,BNBUSDT,240,1785297600000,567.1,571.9,565.6,571.7,3923.38,2232350.517,1
BYBIT,BNBUSDT,240,1785312000000,571.7,573.1,569.9,570.5,4224.56,2413587.962,1
BYBIT,BNBUSDT,240,1785326400000,570.5,570.7,566.9,568.3,5404.76,3072946.881,1
BYBIT,BNBUSDT,240,1785340800000,568.3,573.4,567.0,568.2,14332.65,8173475.143,1
BYBIT,BNBUSDT,240,1785355200000,568.2,572.5,564.9,571.9,9132.48,5191997.548,1
BYBIT,BNBUSDT,240,1785369600000,571.9,577.6,570.8,573.3,9968.96,5726620.12,1
BYBIT,BNBUSDT,240,1785384000000,573.3,575.9,571.3,574.5,3295.66,1889124.604,1
BYBIT,BNBUSDT,240,1785398400000,574.5,591.2,574.1,589.1,27872.84,16291011.952,1
BYBIT,BNBUSDT,240,1785412800000,589.1,591.3,585.5,591.2,13142.82,7726912.022,1
BYBIT,BNBUSDT,240,1785427200000,591.2,596.4,591.2,594.7,12273.84,7290668.282,1
BYBIT,BNBUSDT,240,1785441600000,594.7,595.3,590.7,591.9,8053.21,4773988.569,1
BYBIT,BNBUSDT,240,1785456000000,591.9,594.3,585.7,589.2,9586.06,5658956.021,1
BYBIT,BNBUSDT,240,1785470400000,589.2,592.8,588.3,589.6,8015.15,4734938.318,1
BYBIT,BNBUSDT,240,1785484800000,589.6,593.9,587.9,591.9,7101.25,4197811.933,1
BYBIT,BNBUSDT,240,1785499200000,591.9,595.6,583.5,584.9,23247.64,13684799.256,1
BYBIT,BNBUSDT,240,1785513600000,584.9,589.6,584.7,587.7,6223.71,3656357.242,1
BYBIT,BNBUSDT,240,1785528000000,587.7,588.6,585.8,586.8,4231.28,2483998.676,1
BYBIT,BNBUSDT,240,1785542400000,586.8,591.2,586.7,589.1,4296.75,2531504.056,1
BYBIT,BNBUSDT,240,1785556800000,589.1,592.6,588.4,589.8,5028.82,2971367.184,1
BYBIT,BNBUSDT,240,1785571200000,589.8,590.2,579.0,579.8,15266.26,8890685.888,1
BYBIT,BNBUSDT,240,1785585600000,579.8,579.9,576.0,576.0,17534.87,10138111.117,1
BYBIT,BNBUSDT,240,1785600000000,576.0,578.3,573.2,575.4,13902.52,8006775.067,1
BYBIT,BNBUSDT,240,1785614400000,575.4,576.2,574.4,574.8,4854.42,2792569.563,1
BYBIT,BNBUSDT,240,1785628800000,574.8,582.6,573.4,581.8,10604.92,6125074.298,1
BYBIT,BNBUSDT,240,1785643200000,581.8,585.8,581.8,585.1,9265.0,5414794.927,1
BYBIT,BNBUSDT,240,1785657600000,585.1,585.3,581.3,581.8,2025.08,1180981.33,1
BYBIT,BNBUSDT,240,1785672000000,581.8,587.4,581.0,586.0,6531.71,3815176.701,1
BYBIT,BNBUSDT,240,1785686400000,586.0,590.9,585.8,589.3,5686.49,3344910.839,1
BYBIT,BNBUSDT,240,1785700800000,589.3,590.6,587.4,588.3,3696.92,2177399.753,1
BYBIT,BNBUSDT,240,1785715200000,588.3,588.3,582.7,582.8,4895.03,2862973.665,1
BYBIT,BNBUSDT,240,1785729600000,582.8,584.2,581.4,583.2,5447.41,3174814.221,1
BYBIT,BNBUSDT,240,1785744000000,583.2,587.6,580.5,585.6,8072.13,4724447.117,1
BYBIT,BNBUSDT,240,1785758400000,585.6,593.7,584.1,592.4,11956.84,7047728.197,1
BYBIT,BNBUSDT,240,1785772800000,592.4,594.3,591.0,591.3,8017.47,4751022.258,1
BYBIT,BNBUSDT,240,1785787200000,591.3,592.4,588.8,589.2,3657.9,2159325.02,1
BYBIT,BNBUSDT,240,1785801600000,589.2,592.4,588.6,590.7,5049.53,2979083.598,1
BYBIT,BNBUSDT,240,1785816000000,590.7,593.1,588.9,590.4,4134.98,2440984.229,1
BYBIT,BNBUSDT,240,1785830400000,590.4,591.8,587.5,591.5,6566.88,3867933.48,1
BYBIT,BNBUSDT,240,1785844800000,591.5,594.8,588.5,593.1,12361.12,7321893.052,1
BYBIT,BNBUSDT,240,1785859200000,593.1,594.9,591.9,593.5,4507.31,2675137.56,1
BYBIT,BNBUSDT,240,1785873600000,593.5,594.5,592.4,592.9,2780.61,1649874.187,1
BYBIT,BNBUSDT,240,1785888000000,592.9,605.4,592.1,598.4,24821.78,14861068.477,1
BYBIT,BNBUSDT,240,1785902400000,598.4,602.7,597.6,599.7,4234.63,2541040.788,1
BYBIT,BNBUSDT,240,1785916800000,599.7,600.8,594.9,596.5,5999.55,3586441.877,1
BYBIT,BNBUSDT,240,1785931200000,596.5,603.7,596.2,599.6,15976.89,9580125.167,1
BYBIT,BNBUSDT,240,1785945600000,599.6,602.4,596.3,599.3,13054.42,7819047.104,1
BYBIT,BNBUSDT,240,1785960000000,599.3,599.6,591.4,593.4,15329.71,9108696.345,1
BYBIT,BNBUSDT,240,1785974400000,593.4,596.6,591.5,594.1,6292.41,3737872.842,1
BYBIT,BNBUSDT,240,1785988800000,594.1,598.0,593.6,595.0,4109.68,2447128.695,1
BYBIT,BNBUSDT,240,1786003200000,595.0,595.8,592.0,593.5,5278.49,3134145.812,1
BYBIT,BNBUSDT,240,1786017600000,593.5,594.5,590.4,592.3,10740.84,6366224.956,1
BYBIT,BNBUSDT,240,1786032000000,592.3,593.5,589.5,590.1,10228.53,6049201.575,1
BYBIT,BNBUSDT,240,1786046400000,590.1,592.5,590.0,592.0,2818.49,1666169.454,1
BYBIT,BNBUSDT,240,1786060800000,592.0,594.3,591.7,592.6,4784.01,2837051.178,1
BYBIT,BNBUSDT,240,1786075200000,592.6,592.6,584.9,585.2,9657.46,5674381.11,1
BYBIT,BNBUSDT,240,1786089600000,585.2,591.5,585.0,591.0,5033.28,2964884.014,1
BYBIT,BNBUSDT,240,1786104000000,591.0,593.2,589.8,592.0,5939.73,3515065.991,1
BYBIT,BNBUSDT,240,1786118400000,592.0,594.2,590.7,593.1,3636.65,2154574.974,1
BYBIT,BNBUSDT,240,1786132800000,593.1,593.5,591.8,592.1,2019.54,1196225.844,1
BYBIT,BNBUSDT,240,1786147200000,592.1,593.6,590.3,593.2,2722.38,1610772.919,1
BYBIT,BNBUSDT,240,1786161600000,593.2,594.9,592.3,594.2,2805.44,1665378.266,1
BYBIT,BNBUSDT,240,1786176000000,594.2,596.4,593.3,596.3,2687.5,1598580.741,1
BYBIT,BNBUSDT,240,1786190400000,596.3,611.9,595.0,605.0,33254.84,20114894.764,1
BYBIT,BNBUSDT,240,1786204800000,605.0,607.2,602.6,603.1,4835.75,2923666.747,1
BYBIT,BNBUSDT,240,1786219200000,603.1,603.1,598.9,600.4,5421.06,3255655.251,1
BYBIT,BNBUSDT,240,1786233600000,600.4,604.2,599.7,600.0,6796.7,4089873.732,1
BYBIT,BNBUSDT,240,1786248000000,600.0,603.4,600.0,602.8,4375.97,2635443.387,1
BYBIT,BNBUSDT,240,1786262400000,602.8,604.4,600.7,603.6,4190.31,2526890.859,1
BYBIT,BNBUSDT,240,1786276800000,603.6,611.3,602.6,608.5,13890.03,8444660.298,1
BYBIT,BNBUSDT,240,1786291200000,608.5,609.4,607.4,607.5,3598.63,2190123.892,1
BYBIT,BNBUSDT,240,1786305600000,607.5,610.8,601.7,602.1,8586.89,5203042.949,1
BYBIT,BNBUSDT,240,1786320000000,602.1,606.7,600.9,602.2,5063.53,3056332.504,1
BYBIT,BNBUSDT,240,1786334400000,602.2,604.6,600.6,603.8,3342.61,2015257.984,1
BYBIT,BNBUSDT,240,1786348800000,603.8,606.4,603.2,604.9,2227.78,1346760.948,1
BYBIT,BNBUSDT,240,1786363200000,604.9,605.3,599.2,600.8,10000.01,6013103.664,1
BYBIT,BNBUSDT,240,1786377600000,600.8,602.2,596.6,600.2,5459.0,3271126.193,1
BYBIT,BNBUSDT,240,1786392000000,600.2,601.1,598.0,598.8,1844.29,1105799.382,1
BYBIT,BNBUSDT,240,1786406400000,598.8,600.5,598.5,599.8,3636.08,2178533.467,1
BYBIT,BNBUSDT,240,1786420800000,599.8,602.2,597.9,602.2,4323.65,2593632.807,1
BYBIT,BNBUSDT,240,1786435200000,602.2,608.4,601.9,608.3,12097.04,7331704.239,1
BYBIT,BNBUSDT,240,1786449600000,608.3,614.9,605.3,608.1,23957.04,14634623.663,1
BYBIT,BNBUSDT,240,1786464000000,608.1,611.6,607.7,611.4,3887.52,2369592.022,1
BYBIT,BNBUSDT,240,1786478400000,611.4,617.6,611.0,616.3,8485.09,5208193.33,1
BYBIT,BNBUSDT,240,1786492800000,616.3,620.6,612.8,613.1,16566.68,10217974.211,1
BYBIT,BNBUSDT,240,1786507200000,613.1,615.6,608.9,612.0,5993.8,3667894.494,1
BYBIT,BNBUSDT,240,1786521600000,612.0,615.0,609.6,614.4,9163.1,5615238.778,1
BYBIT,BNBUSDT,240,1786536000000,614.4,615.4,608.4,610.5,10858.2,6643944.797,1
BYBIT,BNBUSDT,240,1786550400000,610.5,611.3,608.6,609.4,2951.79,1800350.753,1
BYBIT,BNBUSDT,240,1786564800000,609.4,611.7,608.2,610.1,4820.2,2940927.793,1
BYBIT,BNBUSDT,240,1786579200000,610.1,612.2,609.4,611.9,3582.62,2188112.779,1
BYBIT,BNBUSDT,240,1786593600000,611.9,614.6,610.5,613.3,5235.96,3209329.289,1
BYBIT,BNBUSDT,240,1786608000000,613.3,614.2,607.4,608.6,5146.85,3142941.686,1
BYBIT,BNBUSDT,240,1786622400000,608.6,611.2,606.2,607.2,6511.29,3964397.867,1
BYBIT,BNBUSDT,240,1786636800000,607.2,609.9,604.1,609.5,8033.72,4876054.48,1
BYBIT,BNBUSDT,240,1786651200000,609.5,611.6,609.1,610.3,2148.97,1311638.97,1
BYBIT,BNBUSDT,240,1786665600000,610.3,612.6,609.4,611.3,2816.6,1720899.028,1
BYBIT,BNBUSDT,240,1786680000000,611.3,612.3,607.0,607.1,3061.08,1863081.456,1
BYBIT,BNBUSDT,240,1786694400000,607.1,608.5,603.2,604.5,5233.14,3169884.219,1
BYBIT,BNBUSDT,240,1786708800000,604.5,606.8,602.5,606.3,6907.51,4172565.7,1
BYBIT,BNBUSDT,240,1786723200000,606.3,607.2,604.7,606.3,2958.4,1792779.275,1
BYBIT,BNBUSDT,240,1786737600000,606.3,608.3,606.0,607.9,2178.2,1321793.312,1
BYBIT,BNBUSDT,240,1786752000000,607.9,610.6,606.9,610.2,3906.62,2377543.885,1
BYBIT,BNBUSDT,240,1786766400000,610.2,612.3,610.0,611.3,4356.62,2662845.516,1
BYBIT,BNBUSDT,240,1786780800000,611.3,612.3,609.6,611.6,3714.31,2270436.449,1
BYBIT,BNBUSDT,240,1786795200000,611.6,612.9,608.5,611.5,3676.35,2246436.019,1
BYBIT,BNBUSDT,240,1786809600000,611.5,611.7,609.6,611.0,3316.63,2026803.582,1
BYBIT,BNBUSDT,240,1786824000000,611.0,611.3,607.0,607.5,2210.06,1345470.761,1
BYBIT,BNBUSDT,240,1786838400000,607.5,607.7,605.9,606.0,2418.23,1467393.828,1
BYBIT,BNBUSDT,240,1786852800000,606.0,606.2,603.9,605.3,3669.58,2221547.18,1
BYBIT,BNBUSDT,240,1786867200000,605.3,608.0,604.5,606.5,2830.51,1716964.092,1
BYBIT,BNBUSDT,240,1786881600000,606.5,608.2,606.3,607.0,2294.38,1393386.704,1
BYBIT,BNBUSDT,240,1786896000000,607.0,607.8,604.9,605.7,2586.2,1567739.198,1
BYBIT,BNBUSDT,240,1786910400000,605.7,605.7,601.0,602.5,5875.29,3542757.667,1
BYBIT,BNBUSDT,240,1786924800000,602.5,605.3,600.4,604.7,6468.82,3899092.72,1
BYBIT,BNBUSDT,240,1786939200000,604.7,607.0,604.3,604.7,4154.75,2515283.539,1
BYBIT,BNBUSDT,240,1786953600000,604.7,605.3,602.6,604.6,3393.12,2050091.361,1
BYBIT,BNBUSDT,240,1786968000000,604.6,607.6,603.4,606.9,5821.82,3524564.593,1
BYBIT,BNBUSDT,240,1786982400000,606.9,607.7,604.7,604.9,3224.86,1954478.202,1
BYBIT,BNBUSDT,240,1786996800000,604.9,606.1,603.9,605.5,2201.35,1331726.795,1
BYBIT,BNBUSDT,240,1787011200000,605.5,605.6,601.7,603.3,2306.43,1392057.731,1
BYBIT,BNBUSDT,240,1787025600000,603.3,604.9,602.6,602.9,2227.2,1343889.129,1
BYBIT,BNBUSDT,240,1787040000000,602.9,603.0,600.4,601.8,4976.25,2992467.764,1
BYBIT,BNBUSDT,240,1787054400000,601.8,603.9,599.5,602.9,5041.16,3032772.197,1
BYBIT,BNBUSDT,240,1787068800000,602.9,604.1,602.2,602.6,1228.96,741082.153,1
BYBIT,BNBUSDT,240,1787083200000,602.6,603.9,602.1,603.7,1120.57,675527.617,1
BYBIT,BNBUSDT,240,1787097600000,603.7,604.4,601.2,601.6,4158.1,2507734.249,1
BYBIT,BNBUSDT,240,1787112000000,601.6,602.4,601.0,601.6,1592.69,958255.118,1
BYBIT,BNBUSDT,240,1787126400000,601.6,603.3,601.4,602.5,2435.99,1467680.167,1
BYBIT,BNBUSDT,240,1787140800000,602.5,620.1,602.5,616.2,31703.92,19467200.926,1
BYBIT,BNBUSDT,240,1787155200000,616.2,620.0,614.0,616.4,13188.27,8140768.263,1
BYBIT,BNBUSDT,240,1787169600000,616.4,636.1,616.2,627.3,27423.06,17207684.336,1
BYBIT,BNBUSDT,240,1787184000000,627.3,630.0,622.1,626.0,11770.49,7374133.329,1
BYBIT,BNBUSDT,240,1787198400000,626.0,632.5,624.2,630.2,4365.11,2737965.323,1
BYBIT,BNBUSDT,240,1787212800000,630.2,648.6,630.1,645.4,16319.97,10470673.07,1
BYBIT,BNBUSDT,240,1787227200000,645.4,652.4,637.7,652.4,12750.77,8206639.094,1
BYBIT,BNBUSDT,240,1787241600000,652.4,654.4,646.4,650.1,10581.3,6879820.501,1
BYBIT,BNBUSDT,240,1787256000000,650.1,658.2,650.0,654.5,6924.68,4529658.842,1
BYBIT,BNBUSDT,240,1787270400000,654.5,666.3,653.0,660.7,19227.4,12684714.238,1
BYBIT,BNBUSDT,240,1787284800000,660.7,673.0,658.6,669.7,22366.57,14907156.158,1
BYBIT,BNBUSDT,240,1787299200000,669.7,686.0,667.6,674.1,30779.34,20812786.786,1
BYBIT,BNBUSDT,240,1787313600000,674.1,682.0,672.9,679.0,8297.22,5624266.254,1
BYBIT,BNBUSDT,240,1787328000000,679.0,682.1,672.5,672.7,10657.38,7221543.847,1
BYBIT,BNBUSDT,240,1787342400000,672.7,692.1,671.4,687.0,15816.25,10847441.524,1
BYBIT,BNBUSDT,240,1787356800000,687.0,722.7,681.5,718.2,33546.74,23661162.101,1
BYBIT,BNBUSDT,240,1787371200000,718.2,726.2,682.1,705.8,60172.85,42186890.582,1
BYBIT,BNBUSDT,240,1787385600000,705.8,709.9,683.9,694.1,17444.51,12136620.562,1
BYBIT,BNBUSDT,240,1787400000000,694.1,698.0,687.6,688.2,6536.48,4529993.895,1
BYBIT,BNBUSDT,240,1787414400000,688.2,699.5,688.0,698.4,6363.1,4428436.59,1
BYBIT,BNBUSDT,240,1787428800000,698.4,700.3,690.8,695.2,6971.02,4848098.061,1
BYBIT,BNBUSDT,240,1787443200000,695.2,701.6,688.2,689.1,10858.63,7550946.886,1
BYBIT,BNBUSDT,240,1787457600000,689.1,690.3,676.9,683.9,20638.97,14109299.624,1
BYBIT,BNBUSDT,240,1787472000000,683.9,695.6,683.7,695.0,4864.38,3358606.836,1
BYBIT,BNBUSDT,240,1787486400000,695.0,700.1,689.4,694.9,6918.15,4811031.62,1
BYBIT,BNBUSDT,240,1787500800000,694.9,700.3,694.9,698.9,6027.29,4208551.679,1
BYBIT,BNBUSDT,240,1787515200000,698.9,707.2,697.7,702.4,7617.05,5350197.359,1
BYBIT,BNBUSDT,240,1787529600000,702.4,705.2,693.4,695.8,8192.19,5730346.051,1
BYBIT,BNBUSDT,240,1787544000000,695.8,703.3,694.4,698.3,4802.22,3356538.306,1
BYBIT,BNBUSDT,240,1787558400000,698.3,707.2,692.6,703.9,10178.32,7121732.088,1
BYBIT,BNBUSDT,240,1787572800000,703.9,716.9,696.0,705.9,22166.7,15667797.338,1
BYBIT,BNBUSDT,240,1787587200000,705.9,712.4,698.2,701.7,9698.83,6828713.352,1
BYBIT,BNBUSDT,240,1787601600000,701.7,705.0,699.6,703.9,3034.43,2131025.868,1
BYBIT,BNBUSDT,240,1787616000000,703.9,718.9,703.4,715.3,9856.39,7018368.654,1
BYBIT,BNBUSDT,240,1787630400000,715.3,718.4,701.8,705.8,7813.23,5556878.03,1
BYBIT,BNBUSDT,240,1787644800000,705.8,708.2,696.2,696.3,8724.9,6115538.893,1
BYBIT,BNBUSDT,240,1787659200000,696.3,699.7,689.7,699.6,11272.92,7838500.726,1
BYBIT,BNBUSDT,240,1787673600000,699.6,701.1,696.1,697.8,4697.88,3280590.617,1
BYBIT,BNBUSDT,240,1787688000000,697.8,698.0,687.5,694.0,7134.78,4943595.341,1
BYBIT,BNBUSDT,240,1787702400000,694.0,697.9,690.4,695.7,3796.75,2636242.662,1
BYBIT,BNBUSDT,240,1787716800000,695.7,700.0,692.2,698.2,3306.12,2302907.409,1
BYBIT,BNBUSDT,240,1787731200000,698.2,708.0,693.6,701.8,11435.47,8027701.384,1
BYBIT,BNBUSDT,240,1787745600000,701.8,703.6,691.5,696.5,8545.95,5962826.582,1
BYBIT,BNBUSDT,240,1787760000000,696.5,701.8,694.3,699.1,2707.02,1890124.776,1
BYBIT,BNBUSDT,240,1787774400000,699.1,708.4,697.1,707.4,6627.45,4659821.642,1
BYBIT,BNBUSDT,240,1787788800000,707.4,707.6,701.7,703.2,2941.18,2070427.588,1
BYBIT,BNBUSDT,240,1787803200000,703.2,707.7,700.6,707.2,3315.39,2333653.171,1
BYBIT,BNBUSDT,240,1787817600000,707.2,715.6,703.7,706.4,11232.55,7972764.977,1
BYBIT,BNBUSDT,240,1787832000000,706.4,713.5,704.5,711.1,6776.12,4798830.257,1
BYBIT,BNBUSDT,240,1787846400000,711.1,713.9,706.2,709.6,5452.34,3874802.955,1
BYBIT,BNBUSDT,240,1787860800000,709.6,712.5,708.5,711.5,2660.95,1889892.503,1
BYBIT,BNBUSDT,240,1787875200000,711.5,718.6,705.7,709.1,8693.18,6202754.719,1
BYBIT,BNBUSDT,240,1787889600000,709.1,713.9,705.8,706.4,5349.47,3796922.06,1
BYBIT,BNBUSDT,240,1787904000000,706.4,709.0,702.3,705.6,4936.43,3479837.679,1
BYBIT,BNBUSDT,240,1787918400000,705.6,707.4,695.2,695.5,8561.34,6000480.464,1
BYBIT,BNBUSDT,240,1787932800000,695.5,695.9,685.1,688.4,12012.61,8299633.685,1
BYBIT,BNBUSDT,240,1787947200000,688.4,691.1,686.2,691.0,2954.3,2033993.415,1
BYBIT,BNBUSDT,240,1787961600000,691.0,692.0,688.0,688.0,1772.1,1223730.791,1
BYBIT,BNBUSDT,240,1787976000000,688.0,690.7,686.4,687.6,1896.52,1305902.103,1
BYBIT,BNBUSDT,240,1787990400000,687.6,689.3,686.6,688.8,2325.05,1599625.622,1
BYBIT,BNBUSDT,240,1788004800000,688.8,692.2,686.9,690.3,3819.21,2635481.146,1
BYBIT,BNBUSDT,240,1788019200000,690.3,693.9,689.8,693.0,2286.23,1581540.892,1
BYBIT,BNBUSDT,240,1788033600000,693.0,693.4,691.4,692.1,1333.2,922929.925,1
BYBIT,BNBUSDT,240,1788048000000,692.1,695.3,690.2,694.2,2720.91,1883797.66,1
BYBIT,BNBUSDT,240,1788062400000,694.2,694.9,691.9,692.8,1211.64,840279.069,1
BYBIT,BNBUSDT,240,1788076800000,692.8,695.0,690.6,692.5,2868.59,1986105.736,1
BYBIT,BNBUSDT,240,1788091200000,692.5,699.8,692.4,699.1,4851.67,3380913.294,1
BYBIT,BNBUSDT,240,1788105600000,699.1,703.7,697.6,699.2,4077.24,2858066.82,1
BYBIT,BNBUSDT,240,1788120000000,699.2,699.8,678.8,684.3,10238.47,7050494.335,1
BYBIT,BNBUSDT,240,1788134400000,684.3,687.9,681.6,684.8,5462.17,3739271.635,1
BYBIT,BNBUSDT,240,1788148800000,684.8,687.8,682.4,686.3,3304.59,2265702.643,1
BYBIT,BNBUSDT,240,1788163200000,686.3,689.4,684.2,686.7,4330.5,2974914.899,1
BYBIT,BNBUSDT,240,1788177600000,686.7,691.2,683.9,689.1,5888.65,4048386.729,1
BYBIT,BNBUSDT,240,1788192000000,689.1,694.4,687.6,691.2,4168.19,2882848.997,1
BYBIT,BNBUSDT,240,1788206400000,691.2,692.7,689.6,690.9,2575.11,1778674.381,1
BYBIT,BNBUSDT,240,1788220800000,690.9,694.4,689.6,693.1,3479.91,2406026.758,1
BYBIT,BNBUSDT,240,1788235200000,693.1,694.1,688.3,689.9,2510.76,1734254.748,1
BYBIT,BNBUSDT,240,1788249600000,689.9,690.3,684.0,686.9,3802.54,2609537.274,1
BYBIT,BNBUSDT,240,1788264000000,686.9,688.3,682.9,686.4,2771.13,1900175.84,1
BYBIT,BNBUSDT,240,1788278400000,686.4,686.4,674.1,679.4,5978.81,4063112.504,1
BYBIT,BNBUSDT,240,1788292800000,679.4,683.6,677.1,682.6,3169.13,2156321.055,1
BYBIT,BNBUSDT,240,1788307200000,682.6,689.3,679.2,687.2,4493.44,3075279.023,1
BYBIT,BNBUSDT,240,1788321600000,687.2,689.4,685.6,687.3,2324.99,1599062.886,1
BYBIT,BNBUSDT,240,1788336000000,687.3,687.8,680.0,683.4,4742.57,3239348.721,1
BYBIT,BNBUSDT,240,1788350400000,683.4,689.2,682.5,687.3,4617.8,3168393.574,1
BYBIT,BNBUSDT,240,1788364800000,687.3,689.0,684.3,686.1,2758.6,1894652.694,1
BYBIT,BNBUSDT,240,1788379200000,686.1,688.8,684.8,688.4,3519.24,2417232.838,1
BYBIT,BNBUSDT,240,1788393600000,688.4,694.8,686.1,692.3,6229.16,4302883.54,1
BYBIT,BNBUSDT,240,1788408000000,692.3,699.5,689.0,697.8,7108.05,4937272.265,1
BYBIT,BNBUSDT,240,1788422400000,697.8,715.7,697.8,711.4,19386.98,13694799.587,1
BYBIT,BNBUSDT,240,1788436800000,711.4,728.1,708.2,727.6,18474.86,13254548.337,1
BYBIT,BNBUSDT,240,1788451200000,727.6,727.9,718.5,724.3,9145.23,6602303.72,1
BYBIT,BNBUSDT,240,1788465600000,724.3,727.4,720.4,724.8,3347.71,2422386.464,1
BYBIT,BNBUSDT,240,1788480000000,724.8,729.9,718.8,723.3,6265.67,4536676.457,1
BYBIT,BNBUSDT,240,1788494400000,723.3,729.4,713.3,713.8,7864.07,5663861.886,1
BYBIT,BNBUSDT,240,1788508800000,713.8,724.7,713.4,723.9,9403.78,6766642.538,1
BYBIT,BNBUSDT,240,1788523200000,723.9,727.3,707.8,716.3,20912.72,14958917.864,1
BYBIT,BNBUSDT,240,1788537600000,716.3,721.3,715.9,719.8,5253.81,3775337.838,1
BYBIT,BNBUSDT,240,1788552000000,719.8,721.3,715.9,721.2,5509.69,3964091.794,1
BYBIT,BNBUSDT,240,1788566400000,721.2,724.9,719.1,723.2,6308.2,4551003.422,1
BYBIT,BNBUSDT,240,1788580800000,723.2,739.2,720.3,737.9,13629.41,9953071.942,1
BYBIT,BNBUSDT,240,1788595200000,737.9,756.7,737.7,747.5,32412.51,24233816.808,1
BYBIT,BNBUSDT,240,1788609600000,747.5,772.4,747.4,769.9,35758.37,27286965.155,1
BYBIT,BNBUSDT,240,1788624000000,769.9,780.7,767.7,772.9,19181.61,14879245.076,1
BYBIT,BNBUSDT,240,1788638400000,772.9,773.7,763.2,765.8,9023.34,6936390.301,1
BYBIT,BNBUSDT,240,1788652800000,765.8,768.5,760.7,764.5,8130.27,6220769.326,1
BYBIT,BNBUSDT,240,1788667200000,764.5,764.8,753.8,756.1,9300.04,7063829.372,1
BYBIT,BNBUSDT,240,1788681600000,756.1,758.6,753.7,757.8,8201.72,6205003.161,1
BYBIT,BNBUSDT,240,1788696000000,757.8,758.0,739.8,745.4,17403.8,13023280.275,1
BYBIT,BNBUSDT,240,1788710400000,745.4,749.9,744.6,748.5,4246.37,3172888.738,1
BYBIT,BNBUSDT,240,1788724800000,748.5,754.6,748.0,752.6,5426.22,4076497.506,1
BYBIT,BNBUSDT,240,1788739200000,752.6,756.1,744.4,745.6,11632.03,8720148.238,1
BYBIT,BNBUSDT,240,1788753600000,745.6,749.7,739.2,743.4,4964.44,3697529.903,1
BYBIT,BNBUSDT,240,1788768000000,743.4,746.4,742.0,744.6,3870.93,2879416.557,1
BYBIT,BNBUSDT,240,1788782400000,744.6,747.4,732.2,734.1,9550.56,7073291.096,1
BYBIT,BNBUSDT,240,1788796800000,734.1,741.7,734.0,741.4,3921.51,2896628.465,1
BYBIT,BNBUSDT,240,1788811200000,741.4,741.5,735.7,739.6,5625.77,4156756.568,1
BYBIT,BNBUSDT,240,1788825600000,739.6,745.1,736.4,742.6,9761.79,7232259.685,1
BYBIT,BNBUSDT,240,1788840000000,742.6,757.4,741.4,754.3,19197.38,14399419.612,1
BYBIT,BNBUSDT,240,1788854400000,754.3,760.9,749.9,752.0,21165.5,15995077.615,1
BYBIT,BNBUSDT,240,1788868800000,752.0,756.8,741.8,756.0,17499.78,13119756.5,1
BYBIT,BNBUSDT,240,1788883200000,756.0,758.0,747.0,748.4,12869.68,9683723.933,1
BYBIT,BNBUSDT,240,1788897600000,748.4,754.6,748.4,751.8,4534.7,3405905.609,1
BYBIT,BNBUSDT,240,1788912000000,751.8,756.4,746.5,749.0,5230.46,3935352.162,1
BYBIT,BNBUSDT,240,1788926400000,749.0,757.3,748.9,754.3,7491.1,5645641.272,1
BYBIT,BNBUSDT,240,1788940800000,754.3,758.1,747.3,749.8,8447.77,6355390.635,1
BYBIT,BNBUSDT,240,1788955200000,749.8,751.2,734.1,738.5,17259.22,12804123.255,1
BYBIT,BNBUSDT,240,1788969600000,738.5,742.0,735.8,736.6,8057.84,5963372.735,1
BYBIT,BNBUSDT,240,1788984000000,736.6,737.4,716.7,722.0,32686.25,23739015.58,1
BYBIT,BNBUSDT,240,1788998400000,722.0,726.0,715.8,723.1,7906.78,5704154.559,1
BYBIT,BNBUSDT,240,1789012800000,723.1,723.4,715.0,718.7,6689.48,4815736.09,1
BYBIT,BNBUSDT,240,1789027200000,718.7,719.2,715.1,716.0,5362.77,3848664.276,1
BYBIT,BNBUSDT,240,1789041600000,716.0,717.9,702.5,707.4,21663.25,15358265.133,1
BYBIT,BNBUSDT,240,1789056000000,707.4,715.6,703.9,713.9,5896.74,4188608.751,1
BYBIT,BNBUSDT,240,1789070400000,713.9,715.8,707.8,708.2,5612.46,3996414.225,1
BYBIT,BNBUSDT,240,1789084800000,708.2,714.5,708.2,711.8,4357.9,3100332.636,1
BYBIT,BNBUSDT,240,1789099200000,711.8,716.9,711.6,713.2,4559.5,3260742.402,1
BYBIT,BNBUSDT,240,1789113600000,713.2,715.6,709.9,712.7,4467.57,3182638.409,1
BYBIT,BNBUSDT,240,1789128000000,712.7,741.2,705.8,728.0,35459.42,25822288.728,1
BYBIT,BNBUSDT,240,1789142400000,728.0,733.1,720.2,724.6,12216.92,8881232.33,1
BYBIT,BNBUSDT,240,1789156800000,724.6,727.6,721.2,726.5,4115.72,2982903.397,1
BYBIT,BNBUSDT,240,1789171200000,726.5,735.8,725.5,733.2,5094.95,3720044.732,1
BYBIT,BNBUSDT,240,1789185600000,733.2,735.0,731.1,733.2,5515.34,4042888.16,1
BYBIT,BNBUSDT,240,1789200000000,733.2,739.8,732.2,736.4,6578.63,4842615.975,1
BYBIT,BNBUSDT,240,1789214400000,736.4,736.9,734.2,734.8,3291.29,2420869.451,1
BYBIT,BNBUSDT,240,1789228800000,734.8,735.3,724.5,725.8,5942.0,4342073.129,1
BYBIT,BNBUSDT,240,1789243200000,725.8,727.3,725.0,727.0,4291.99,3116541.902,1
BYBIT,BNBUSDT,240,1789257600000,727.0,729.4,726.2,726.5,3322.75,2418275.158,1
BYBIT,BNBUSDT,240,1789272000000,726.5,727.0,721.1,721.8,2847.25,2061335.103,1
BYBIT,BNBUSDT,240,1789286400000,721.8,722.2,713.8,716.4,5910.69,4238343.462,1
BYBIT,BNBUSDT,240,1789300800000,716.4,719.9,712.7,718.4,3765.59,2699686.471,1
BYBIT,BNBUSDT,240,1789315200000,718.4,722.7,718.3,720.5,3459.02,2492919.885,1
BYBIT,BNBUSDT,240,1789329600000,720.5,722.5,714.7,715.9,4925.03,3534958.92,1
BYBIT,BNBUSDT,240,1789344000000,715.9,725.1,713.2,722.1,12200.88,8794253.284,1
BYBIT,BNBUSDT,240,1789358400000,722.1,726.7,721.8,724.7,7185.2,5206699.036,1
BYBIT,BNBUSDT,240,1789372800000,724.7,728.5,720.6,721.7,11658.34,8443959.46,1
BYBIT,BNBUSDT,240,1789387200000,721.7,723.3,716.0,721.9,10802.39,7775143.736,1
BYBIT,BNBUSDT,240,1789401600000,721.9,728.2,721.6,725.1,13984.6,10134779.473,1
BYBIT,BNBUSDT,240,1789416000000,725.1,733.4,712.0,720.1,31051.09,22409080.853,1
BYBIT,BNBUSDT,240,1789430400000,720.1,722.1,717.4,720.9,6503.14,4681524.376,1
BYBIT,BNBUSDT,240,1789444800000,720.9,723.3,714.3,714.6,6267.66,4501833.416,1
BYBIT,BNBUSDT,240,1789459200000,714.6,720.0,713.7,718.5,6963.26,4994598.081,1
BYBIT,BNBUSDT,240,1789473600000,718.5,722.0,710.4,718.4,9721.15,6971408.388,1
BYBIT,BNBUSDT,240,1789488000000,718.4,725.5,705.9,719.0,19602.36,14065195.678,1
BYBIT,BNBUSDT,240,1789502400000,719.0,720.2,708.5,711.7,8308.74,5921787.688,1
BYBIT,BNBUSDT,240,1789516800000,711.7,715.6,707.9,713.8,4276.15,3046068.683,1
BYBIT,BNBUSDT,240,1789531200000,713.8,715.8,708.8,709.2,3988.6,2843793.409,1
BYBIT,BNBUSDT,240,1789545600000,709.2,715.5,703.8,713.8,7571.3,5364084.629,1
BYBIT,BNBUSDT,240,1789560000000,713.8,714.1,707.8,711.2,6835.88,4861571.382,1
BYBIT,BNBUSDT,240,1789574400000,711.2,721.1,708.4,718.8,17015.25,12181430.092,1
BYBIT,BNBUSDT,240,1789588800000,718.8,726.4,717.7,725.5,7433.75,5365221.973,1
BYBIT,BNBUSDT,240,1789603200000,725.5,728.7,722.0,725.3,6654.21,4828590.538,1
BYBIT,BNBUSDT,240,1789617600000,725.3,727.0,722.0,723.9,3929.3,2849392.5,1
BYBIT,BNBUSDT,240,1789632000000,723.9,727.2,720.3,724.0,4591.27,3325869.012,1
BYBIT,BNBUSDT,240,1789646400000,724.0,732.7,722.1,727.4,15957.07,11601602.31,1
BYBIT,BNBUSDT,240,1789660800000,727.4,733.6,725.8,732.2,6301.38,4595731.153,1
BYBIT,BNBUSDT,240,1789675200000,732.2,739.4,731.4,738.1,8534.04,6275145.942,1
BYBIT,BNBUSDT,240,1789689600000,738.1,753.8,734.8,751.0,18216.11,13582197.829,1
BYBIT,BNBUSDT,240,1789704000000,751.0,759.2,748.5,752.8,11206.07,8443170.029,1
BYBIT,BNBUSDT,240,1789718400000,752.8,755.3,748.4,748.8,10195.2,7659773.123,1
BYBIT,BNBUSDT,240,1789732800000,748.8,762.2,744.1,756.5,21163.12,15988908.825,1
BYBIT,BNBUSDT,240,1789747200000,756.5,768.8,755.8,765.9,14422.56,11001963.795,1
BYBIT,BNBUSDT,240,1789761600000,765.9,766.0,760.4,760.8,7289.13,5563098.4,1
BYBIT,BNBUSDT,240,1789776000000,760.8,764.2,758.3,759.0,7138.97,5435645.49,1
BYBIT,BNBUSDT,240,1789790400000,759.0,767.4,759.0,760.3,6196.22,4723291.012,1
BYBIT,BNBUSDT,240,1789804800000,760.3,770.3,759.6,767.7,15841.15,12142700.209,1
BYBIT,BNBUSDT,240,1789819200000,767.7,773.8,766.3,766.5,15003.55,11555787.225,1
BYBIT,BNBUSDT,240,1789833600000,766.5,768.4,760.6,762.7,9603.76,7334179.243,1
BYBIT,BNBUSDT,240,1789848000000,762.7,763.2,756.2,761.8,6177.49,4692641.317,1
BYBIT,BNBUSDT,240,1789862400000,761.8,764.0,745.3,749.9,12418.08,9346450.7,1
BYBIT,BNBUSDT,240,1789876800000,749.9,752.9,746.5,747.6,3825.17,2868253.79,1
BYBIT,BNBUSDT,240,1789891200000,747.6,752.9,747.2,752.1,5799.71,4347782.325,1
BYBIT,BNBUSDT,240,1789905600000,752.1,757.0,749.9,756.9,4366.91,3288718.869,1
BYBIT,BNBUSDT,240,1789920000000,756.9,772.3,755.9,769.4,18605.6,14262911.075,1
BYBIT,BNBUSDT,240,1789934400000,769.4,777.7,761.5,772.0,23474.55,18078268.12,1
BYBIT,BNBUSDT,240,1789948800000,772.0,784.6,771.8,776.5,20363.03,15860901.208,1
BYBIT,BNBUSDT,240,1789963200000,776.5,777.3,765.7,768.2,6540.91,5045844.0,1
BYBIT,BNBUSDT,240,1789977600000,768.2,793.9,768.1,790.1,22327.62,17498332.055,1
BYBIT,BNBUSDT,240,1789992000000,790.1,807.5,785.4,802.4,26894.33,21439567.956,1
BYBIT,BNBUSDT,240,1790006400000,802.4,803.2,792.7,799.5,10489.9,8371721.896,1
BYBIT,BNBUSDT,240,1790020800000,799.5,806.8,797.2,799.0,10851.98,8707109.993,1
BYBIT,BNBUSDT,240,1790035200000,799.0,800.6,784.9,789.0,16345.2,12949038.62,1
BYBIT,BNBUSDT,240,1790049600000,789.0,790.4,782.5,784.7,6029.07,4740133.61,1
