exchange,symbol,interval,open_time_ms,open,high,low,close,volume_base,turnover_quote,is_closed
BYBIT,AVAXUSDT,60,1769342400000,11.948,11.948,11.866,11.93,115531.2,1375047.332,1
BYBIT,AVAXUSDT,60,1769346000000,11.93,11.963,11.893,11.958,100622.0,1200463.2938,1
BYBIT,AVAXUSDT,60,1769349600000,11.958,11.96,11.803,11.866,117910.0,1398323.6605,1
BYBIT,AVAXUSDT,60,1769353200000,11.866,11.897,11.813,11.843,57473.5,681491.7443,1
BYBIT,AVAXUSDT,60,1769356800000,11.843,11.843,11.561,11.661,717217.0,8379463.905,1
BYBIT,AVAXUSDT,60,1769360400000,11.661,11.685,11.568,11.624,107874.1,1254020.6584,1
BYBIT,AVAXUSDT,60,1769364000000,11.624,11.629,11.452,11.532,300646.5,3465768.7576,1
BYBIT,AVAXUSDT,60,1769367600000,11.532,11.553,11.221,11.3,493161.2,5602787.2008,1
BYBIT,AVAXUSDT,60,1769371200000,11.3,11.383,11.244,11.35,262537.8,2970456.5742,1
BYBIT,AVAXUSDT,60,1769374800000,11.35,11.451,11.337,11.411,123842.4,1411525.913,1
BYBIT,AVAXUSDT,60,1769378400000,11.411,11.417,11.332,11.38,79770.0,907706.6547,1
BYBIT,AVAXUSDT,60,1769382000000,11.38,11.513,11.324,11.487,217147.0,2485941.7394,1
BYBIT,AVAXUSDT,60,1769385600000,11.487,11.569,11.46,11.563,180691.0,2080421.2838,1
BYBIT,AVAXUSDT,60,1769389200000,11.563,11.743,11.561,11.707,187848.4,2193004.1825,1
BYBIT,AVAXUSDT,60,1769392800000,11.707,11.71,11.601,11.613,96838.8,1126923.9716,1
BYBIT,AVAXUSDT,60,1769396400000,11.613,11.641,11.494,11.526,111963.8,1294367.1222,1
BYBIT,AVAXUSDT,60,1769400000000,11.526,11.647,11.523,11.588,117101.1,1356581.0921,1
BYBIT,AVAXUSDT,60,1769403600000,11.588,11.616,11.572,11.604,53877.4,624893.2271,1
BYBIT,AVAXUSDT,60,1769407200000,11.604,11.681,11.565,11.674,88545.5,1027758.2982,1
BYBIT,AVAXUSDT,60,1769410800000,11.674,11.711,11.632,11.681,93353.2,1089210.4579,1
BYBIT,AVAXUSDT,60,1769414400000,11.681,11.779,11.66,11.69,176319.7,2065835.6035,1
BYBIT,AVAXUSDT,60,1769418000000,11.69,11.693,11.599,11.605,103587.4,1205108.2505,1
BYBIT,AVAXUSDT,60,1769421600000,11.605,11.666,11.6,11.65,48387.9,563623.3595,1
BYBIT,AVAXUSDT,60,1769425200000,11.65,11.699,11.643,11.654,92415.1,1079216.0986,1
BYBIT,AVAXUSDT,60,1769428800000,11.654,11.694,11.642,11.657,56161.1,655426.4671,1
BYBIT,AVAXUSDT,60,1769432400000,11.657,11.729,11.657,11.709,81778.8,956814.0066,1
BYBIT,AVAXUSDT,60,1769436000000,11.709,11.817,11.623,11.784,247133.4,2898978.9142,1
BYBIT,AVAXUSDT,60,1769439600000,11.784,11.913,11.694,11.746,313614.0,3705907.7388,1
BYBIT,AVAXUSDT,60,1769443200000,11.746,11.792,11.674,11.743,149747.0,1757208.508,1
BYBIT,AVAXUSDT,60,1769446800000,11.743,11.769,11.597,11.7,215331.2,2514536.1824,1
BYBIT,AVAXUSDT,60,1769450400000,11.7,11.812,11.684,11.77,182879.4,2147056.9753,1
BYBIT,AVAXUSDT,60,1769454000000,11.77,11.802,11.678,11.692,87538.9,1028409.2125,1
BYBIT,AVAXUSDT,60,1769457600000,11.692,11.717,11.62,11.644,69757.4,814434.0347,1
BYBIT,AVAXUSDT,60,1769461200000,11.644,11.789,11.624,11.748,99862.8,1171287.3551,1
BYBIT,AVAXUSDT,60,1769464800000,11.748,11.775,11.714,11.746,70880.2,833150.7196,1
BYBIT,AVAXUSDT,60,1769468400000,11.746,11.773,11.695,11.712,59328.4,695704.1838,1
BYBIT,AVAXUSDT,60,1769472000000,11.712,11.734,11.686,11.72,49926.2,584505.5071,1
BYBIT,AVAXUSDT,60,1769475600000,11.72,11.804,11.682,11.764,88312.5,1035534.359,1
BYBIT,AVAXUSDT,60,1769479200000,11.764,11.845,11.763,11.831,101302.2,1196357.3644,1
BYBIT,AVAXUSDT,60,1769482800000,11.831,11.834,11.761,11.777,55783.8,657428.2458,1
BYBIT,AVAXUSDT,60,1769486400000,11.777,11.836,11.743,11.763,64108.4,755772.4521,1
BYBIT,AVAXUSDT,60,1769490000000,11.763,11.781,11.734,11.754,31464.0,369878.9164,1
BYBIT,AVAXUSDT,60,1769493600000,11.754,11.765,11.712,11.725,40913.2,480419.1303,1
BYBIT,AVAXUSDT,60,1769497200000,11.725,11.809,11.721,11.747,63555.7,747647.1573,1
BYBIT,AVAXUSDT,60,1769500800000,11.747,11.782,11.741,11.752,45978.5,540721.6551,1
BYBIT,AVAXUSDT,60,1769504400000,11.752,11.752,11.673,11.685,108293.6,1267619.8203,1
BYBIT,AVAXUSDT,60,1769508000000,11.685,11.72,11.658,11.668,65435.8,764936.0208,1
BYBIT,AVAXUSDT,60,1769511600000,11.668,11.692,11.645,11.672,60584.6,706981.1439,1
BYBIT,AVAXUSDT,60,1769515200000,11.672,11.698,11.662,11.684,73366.2,857210.5846,1
BYBIT,AVAXUSDT,60,1769518800000,11.684,11.688,11.602,11.625,66647.1,775477.6608,1
BYBIT,AVAXUSDT,60,1769522400000,11.625,11.74,11.588,11.617,206256.6,2406448.1795,1
BYBIT,AVAXUSDT,60,1769526000000,11.617,11.73,11.584,11.711,109362.2,1273777.0384,1
BYBIT,AVAXUSDT,60,1769529600000,11.711,11.942,11.704,11.887,284344.0,3371754.5585,1
BYBIT,AVAXUSDT,60,1769533200000,11.887,11.91,11.569,11.628,241033.8,2817955.8646,1
BYBIT,AVAXUSDT,60,1769536800000,11.628,11.88,11.607,11.83,143526.2,1682198.5792,1
BYBIT,AVAXUSDT,60,1769540400000,11.83,11.894,11.796,11.847,77601.8,918844.988,1
BYBIT,AVAXUSDT,60,1769544000000,11.847,12.132,11.84,12.072,237441.9,2849442.5233,1
BYBIT,AVAXUSDT,60,1769547600000,12.072,12.107,12.009,12.023,156293.5,1884313.5412,1
BYBIT,AVAXUSDT,60,1769551200000,12.023,12.133,12.023,12.085,77422.0,935182.0443,1
BYBIT,AVAXUSDT,60,1769554800000,12.085,12.196,12.073,12.125,93903.1,1139448.0063,1
BYBIT,AVAXUSDT,60,1769558400000,12.125,12.159,12.055,12.131,144241.6,1749199.5187,1
BYBIT,AVAXUSDT,60,1769562000000,12.131,12.16,12.063,12.108,67554.7,817829.2815,1
BYBIT,AVAXUSDT,60,1769565600000,12.108,12.112,12.018,12.063,78251.5,942894.504,1
BYBIT,AVAXUSDT,60,1769569200000,12.063,12.092,12.032,12.055,53327.1,643355.4982,1
BYBIT,AVAXUSDT,60,1769572800000,12.055,12.076,12.012,12.045,56967.1,685844.7987,1
BYBIT,AVAXUSDT,60,1769576400000,12.045,12.102,12.028,12.086,47981.0,578974.855,1
BYBIT,AVAXUSDT,60,1769580000000,12.086,12.152,12.069,12.142,72258.4,874871.2326,1
BYBIT,AVAXUSDT,60,1769583600000,12.142,12.145,12.06,12.076,30865.2,373224.8417,1
BYBIT,AVAXUSDT,60,1769587200000,12.076,12.092,12.019,12.049,51665.7,622982.4079,1
BYBIT,AVAXUSDT,60,1769590800000,12.049,12.164,12.017,12.164,86700.7,1047343.6852,1
BYBIT,AVAXUSDT,60,1769594400000,12.164,12.221,12.13,12.162,162990.2,1984463.1985,1
BYBIT,AVAXUSDT,60,1769598000000,12.162,12.247,12.111,12.233,124825.6,1519016.8723,1
BYBIT,AVAXUSDT,60,1769601600000,12.233,12.287,12.105,12.151,199015.8,2428234.0565,1
BYBIT,AVAXUSDT,60,1769605200000,12.151,12.231,12.134,12.149,108068.1,1316496.0422,1
BYBIT,AVAXUSDT,60,1769608800000,12.149,12.154,12.043,12.07,105983.2,1281127.9888,1
BYBIT,AVAXUSDT,60,1769612400000,12.07,12.107,11.937,12.002,140075.7,1682049.6263,1
BYBIT,AVAXUSDT,60,1769616000000,12.002,12.045,11.946,12.0,89463.9,1072285.1435,1
BYBIT,AVAXUSDT,60,1769619600000,12.0,12.129,11.918,12.071,164482.1,1976703.0143,1
BYBIT,AVAXUSDT,60,1769623200000,12.071,12.071,11.984,12.029,96777.2,1163293.9448,1
BYBIT,AVAXUSDT,60,1769626800000,12.029,12.083,11.968,12.052,169368.4,2036653.7719,1
BYBIT,AVAXUSDT,60,1769630400000,12.052,12.177,12.02,12.039,137189.8,1659057.7764,1
BYBIT,AVAXUSDT,60,1769634000000,12.039,12.095,11.956,12.065,127236.9,1530908.7441,1
BYBIT,AVAXUSDT,60,1769637600000,12.065,12.12,12.018,12.12,41662.4,503044.0157,1
BYBIT,AVAXUSDT,60,1769641200000,12.12,12.154,12.055,12.066,46785.7,566121.7776,1
BYBIT,AVAXUSDT,60,1769644800000,12.066,12.092,11.949,12.01,62753.4,753393.1133,1
BYBIT,AVAXUSDT,60,1769648400000,12.01,12.039,11.895,11.917,98865.4,1182604.3063,1
BYBIT,AVAXUSDT,60,1769652000000,11.917,11.975,11.733,11.784,253323.9,2998674.6585,1
BYBIT,AVAXUSDT,60,1769655600000,11.784,11.862,11.752,11.78,97013.4,1145085.4516,1
BYBIT,AVAXUSDT,60,1769659200000,11.78,11.803,11.674,11.781,134915.0,1582076.2332,1
BYBIT,AVAXUSDT,60,1769662800000,11.781,11.835,11.774,11.788,73207.9,863981.3733,1
BYBIT,AVAXUSDT,60,1769666400000,11.788,11.831,11.777,11.829,44675.2,527626.7934,1
BYBIT,AVAXUSDT,60,1769670000000,11.829,11.859,11.775,11.79,92944.6,1098055.9948,1
BYBIT,AVAXUSDT,60,1769673600000,11.79,11.808,11.727,11.742,100378.0,1179972.7692,1
BYBIT,AVAXUSDT,60,1769677200000,11.742,11.768,11.718,11.72,58035.7,681140.4414,1
BYBIT,AVAXUSDT,60,1769680800000,11.72,11.733,11.688,11.708,35998.5,421645.0147,1
BYBIT,AVAXUSDT,60,1769684400000,11.708,11.708,11.63,11.652,109882.2,1281462.8123,1
BYBIT,AVAXUSDT,60,1769688000000,11.652,11.656,11.514,11.544,190486.8,2207048.7056,1
BYBIT,AVAXUSDT,60,1769691600000,11.544,11.588,11.525,11.586,97880.3,1131189.5033,1
BYBIT,AVAXUSDT,60,1769695200000,11.586,11.604,11.151,11.163,816343.4,9322729.496,1
BYBIT,AVAXUSDT,60,1769698800000,11.163,11.168,10.858,10.99,1159392.7,12743641.1828,1
BYBIT,AVAXUSDT,60,1769702400000,10.99,11.026,10.925,11.006,336882.0,3696617.6323,1
BYBIT,AVAXUSDT,60,1769706000000,11.006,11.158,10.987,10.991,295326.1,3265710.5623,1
BYBIT,AVAXUSDT,60,1769709600000,10.991,11.03,10.793,10.807,469797.2,5123563.984,1
BYBIT,AVAXUSDT,60,1769713200000,10.807,11.014,10.801,10.976,301873.6,3297366.2535,1
BYBIT,AVAXUSDT,60,1769716800000,10.976,11.044,10.953,11.026,169094.7,1860404.5876,1
BYBIT,AVAXUSDT,60,1769720400000,11.026,11.063,11.007,11.03,108389.5,1196349.295,1
BYBIT,AVAXUSDT,60,1769724000000,11.03,11.051,10.992,11.024,57162.6,629842.2331,1
BYBIT,AVAXUSDT,60,1769727600000,11.024,11.049,10.992,11.036,48648.3,536194.0335,1
BYBIT,AVAXUSDT,60,1769731200000,11.036,11.081,11.021,11.058,120387.8,1330188.7684,1
BYBIT,AVAXUSDT,60,1769734800000,11.058,11.085,10.659,10.951,901246.1,9777037.4577,1
BYBIT,AVAXUSDT,60,1769738400000,10.951,10.963,10.753,10.91,257485.3,2795642.5002,1
BYBIT,AVAXUSDT,60,1769742000000,10.91,10.967,10.887,10.915,68325.1,746564.603,1
BYBIT,AVAXUSDT,60,1769745600000,10.915,11.016,10.914,10.967,119338.6,1309676.7637,1
BYBIT,AVAXUSDT,60,1769749200000,10.967,10.984,10.935,10.942,52815.0,578876.1607,1
BYBIT,AVAXUSDT,60,1769752800000,10.942,10.944,10.702,10.787,253619.5,2738418.3084,1
BYBIT,AVAXUSDT,60,1769756400000,10.787,10.978,10.787,10.942,238378.8,2602474.811,1
BYBIT,AVAXUSDT,60,1769760000000,10.942,10.965,10.843,10.876,130621.1,1423205.2889,1
BYBIT,AVAXUSDT,60,1769763600000,10.876,10.917,10.797,10.847,148089.6,1606077.8427,1
BYBIT,AVAXUSDT,60,1769767200000,10.847,10.931,10.814,10.931,96789.0,1052655.2299,1
BYBIT,AVAXUSDT,60,1769770800000,10.931,11.049,10.91,11.006,128566.1,1409593.5889,1
BYBIT,AVAXUSDT,60,1769774400000,11.006,11.016,10.927,10.956,114102.2,1251309.9347,1
BYBIT,AVAXUSDT,60,1769778000000,10.956,10.966,10.82,10.869,175649.0,1911419.1506,1
BYBIT,AVAXUSDT,60,1769781600000,10.869,11.008,10.869,10.943,191707.9,2097295.7573,1
BYBIT,AVAXUSDT,60,1769785200000,10.943,11.005,10.794,10.927,195905.6,2138118.9314,1
BYBIT,AVAXUSDT,60,1769788800000,10.927,11.003,10.862,10.943,151908.5,1662457.0077,1
BYBIT,AVAXUSDT,60,1769792400000,10.943,11.002,10.863,10.924,171810.6,1879459.0284,1
BYBIT,AVAXUSDT,60,1769796000000,10.924,11.036,10.622,10.993,521613.0,5647595.4396,1
BYBIT,AVAXUSDT,60,1769799600000,10.993,11.045,10.976,10.989,222146.8,2447194.7392,1
BYBIT,AVAXUSDT,60,1769803200000,10.989,10.99,10.814,10.847,309267.5,3367563.0664,1
BYBIT,AVAXUSDT,60,1769806800000,10.847,10.942,10.814,10.912,164416.5,1789916.318,1
BYBIT,AVAXUSDT,60,1769810400000,10.912,10.925,10.833,10.888,55571.6,604405.5808,1
BYBIT,AVAXUSDT,60,1769814000000,10.888,10.904,10.833,10.869,103391.1,1123777.3669,1
BYBIT,AVAXUSDT,60,1769817600000,10.869,10.876,10.829,10.849,87093.0,945198.31,1
BYBIT,AVAXUSDT,60,1769821200000,10.849,10.888,10.827,10.867,58501.6,635428.5893,1
BYBIT,AVAXUSDT,60,1769824800000,10.867,10.886,10.806,10.849,64658.0,700702.4787,1
BYBIT,AVAXUSDT,60,1769828400000,10.849,10.868,10.829,10.832,22961.1,249187.5122,1
BYBIT,AVAXUSDT,60,1769832000000,10.832,10.864,10.801,10.812,39946.8,432828.5951,1
BYBIT,AVAXUSDT,60,1769835600000,10.812,10.819,10.764,10.805,64619.1,697336.3766,1
BYBIT,AVAXUSDT,60,1769839200000,10.805,10.818,10.674,10.723,117223.6,1257136.7263,1
BYBIT,AVAXUSDT,60,1769842800000,10.723,10.733,10.575,10.646,139573.8,1485127.6807,1
BYBIT,AVAXUSDT,60,1769846400000,10.646,10.672,10.415,10.561,589377.9,6199857.5854,1
BYBIT,AVAXUSDT,60,1769850000000,10.561,10.648,10.546,10.593,161665.8,1713212.7638,1
BYBIT,AVAXUSDT,60,1769853600000,10.593,10.638,10.552,10.617,75922.0,804402.3687,1
BYBIT,AVAXUSDT,60,1769857200000,10.617,10.631,10.557,10.586,101523.0,1075067.6179,1
BYBIT,AVAXUSDT,60,1769860800000,10.586,10.599,10.534,10.548,106975.4,1130812.1779,1
BYBIT,AVAXUSDT,60,1769864400000,10.548,10.563,10.44,10.467,141737.6,1486675.1152,1
BYBIT,AVAXUSDT,60,1769868000000,10.467,10.492,9.973,10.114,1118605.6,11350823.1361,1
BYBIT,AVAXUSDT,60,1769871600000,10.114,10.223,10.095,10.158,346430.5,3521521.6646,1
BYBIT,AVAXUSDT,60,1769875200000,10.158,10.291,10.021,10.067,748653.3,7600461.8812,1
BYBIT,AVAXUSDT,60,1769878800000,10.067,10.112,9.528,9.774,2206566.8,21581255.3393,1
BYBIT,AVAXUSDT,60,1769882400000,9.774,9.844,9.139,9.775,2511423.6,24070003.1709,1
BYBIT,AVAXUSDT,60,1769886000000,9.775,9.956,9.761,9.827,780048.3,7680542.0735,1
BYBIT,AVAXUSDT,60,1769889600000,9.827,9.94,9.73,9.871,420288.7,4131155.9471,1
BYBIT,AVAXUSDT,60,1769893200000,9.871,9.996,9.824,9.968,312059.4,3093066.4027,1
BYBIT,AVAXUSDT,60,1769896800000,9.968,9.986,9.89,9.963,129626.3,1289647.5786,1
BYBIT,AVAXUSDT,60,1769900400000,9.963,10.173,9.948,10.111,270966.6,2731788.4337,1
BYBIT,AVAXUSDT,60,1769904000000,10.111,10.199,10.11,10.175,211852.4,2152539.1452,1
BYBIT,AVAXUSDT,60,1769907600000,10.175,10.18,10.089,10.166,145462.2,1473782.3665,1
BYBIT,AVAXUSDT,60,1769911200000,10.166,10.224,10.141,10.202,67994.1,692762.0954,1
BYBIT,AVAXUSDT,60,1769914800000,10.202,10.216,10.178,10.203,35201.5,358878.1566,1
BYBIT,AVAXUSDT,60,1769918400000,10.203,10.238,10.196,10.203,67538.3,689729.66,1
BYBIT,AVAXUSDT,60,1769922000000,10.203,10.227,10.155,10.165,137097.7,1396980.7865,1
BYBIT,AVAXUSDT,60,1769925600000,10.165,10.22,10.141,10.169,99059.1,1008227.7685,1
BYBIT,AVAXUSDT,60,1769929200000,10.169,10.254,10.13,10.182,112003.0,1140847.7308,1
BYBIT,AVAXUSDT,60,1769932800000,10.182,10.217,10.127,10.159,150157.0,1525552.715,1
BYBIT,AVAXUSDT,60,1769936400000,10.159,10.206,10.117,10.191,61917.3,628919.7426,1
BYBIT,AVAXUSDT,60,1769940000000,10.191,10.2,10.012,10.016,196468.9,1982883.5648,1
BYBIT,AVAXUSDT,60,1769943600000,10.016,10.158,10.016,10.12,100913.1,1018736.1646,1
BYBIT,AVAXUSDT,60,1769947200000,10.12,10.126,10.016,10.06,165258.5,1663026.2855,1
BYBIT,AVAXUSDT,60,1769950800000,10.06,10.142,10.032,10.063,122653.0,1238732.996,1
BYBIT,AVAXUSDT,60,1769954400000,10.063,10.099,9.876,10.028,387782.5,3868122.2943,1
BYBIT,AVAXUSDT,60,1769958000000,10.028,10.029,9.724,9.852,454351.2,4472015.8297,1
BYBIT,AVAXUSDT,60,1769961600000,9.852,9.933,9.751,9.857,271025.4,2668489.5694,1
BYBIT,AVAXUSDT,60,1769965200000,9.857,9.897,9.79,9.892,150065.0,1476238.2573,1
BYBIT,AVAXUSDT,60,1769968800000,9.892,10.087,9.89,9.984,265468.2,2656165.3548,1
BYBIT,AVAXUSDT,60,1769972400000,9.984,10.006,9.826,9.88,159130.8,1576302.8397,1
BYBIT,AVAXUSDT,60,1769976000000,9.88,10.023,9.799,9.925,219010.0,2169936.2263,1
BYBIT,AVAXUSDT,60,1769979600000,9.925,9.937,9.814,9.861,170430.3,1682620.7087,1
BYBIT,AVAXUSDT,60,1769983200000,9.861,10.042,9.854,9.975,167685.7,1668881.6267,1
BYBIT,AVAXUSDT,60,1769986800000,9.975,10.067,9.665,9.907,641895.7,6329646.8775,1
BYBIT,AVAXUSDT,60,1769990400000,9.907,10.086,9.837,10.011,272493.7,2723567.7043,1
BYBIT,AVAXUSDT,60,1769994000000,10.011,10.128,9.879,10.058,269765.5,2705234.2157,1
BYBIT,AVAXUSDT,60,1769997600000,10.058,10.08,9.905,9.927,156475.0,1563170.0798,1
BYBIT,AVAXUSDT,60,1770001200000,9.927,9.935,9.52,9.855,764259.9,7402554.2325,1
BYBIT,AVAXUSDT,60,1770004800000,9.855,9.998,9.713,9.826,355245.9,3501841.0795,1
BYBIT,AVAXUSDT,60,1770008400000,9.826,9.835,9.582,9.666,304643.5,2947170.0357,1
BYBIT,AVAXUSDT,60,1770012000000,9.666,9.94,9.531,9.812,814182.8,7931639.0122,1
BYBIT,AVAXUSDT,60,1770015600000,9.812,9.939,9.778,9.876,276500.1,2725314.1067,1
BYBIT,AVAXUSDT,60,1770019200000,9.876,9.97,9.874,9.929,200297.0,1988827.5319,1
BYBIT,AVAXUSDT,60,1770022800000,9.929,10.06,9.86,10.004,323378.1,3223923.0711,1
BYBIT,AVAXUSDT,60,1770026400000,10.004,10.032,9.951,9.967,200290.8,1999005.9027,1
BYBIT,AVAXUSDT,60,1770030000000,9.967,10.033,9.961,9.975,259878.8,2597872.7993,1
BYBIT,AVAXUSDT,60,1770033600000,9.975,10.082,9.975,10.061,138867.2,1394045.6396,1
BYBIT,AVAXUSDT,60,1770037200000,10.061,10.139,10.024,10.107,130987.5,1319838.0053,1
BYBIT,AVAXUSDT,60,1770040800000,10.107,10.235,10.018,10.134,403992.3,4091114.3609,1
BYBIT,AVAXUSDT,60,1770044400000,10.134,10.316,10.116,10.238,325421.7,3328033.3931,1
BYBIT,AVAXUSDT,60,1770048000000,10.238,10.264,10.173,10.184,136829.1,1398829.555,1
BYBIT,AVAXUSDT,60,1770051600000,10.184,10.222,10.131,10.158,116938.0,1190394.372,1
BYBIT,AVAXUSDT,60,1770055200000,10.158,10.207,10.128,10.162,90011.2,914712.863,1
BYBIT,AVAXUSDT,60,1770058800000,10.162,10.175,10.115,10.122,64508.8,654314.5326,1
BYBIT,AVAXUSDT,60,1770062400000,10.122,10.148,10.067,10.099,102590.2,1037186.5069,1
BYBIT,AVAXUSDT,60,1770066000000,10.099,10.17,10.094,10.144,85861.9,871145.9845,1
BYBIT,AVAXUSDT,60,1770069600000,10.144,10.185,10.141,10.17,75753.3,770226.7349,1
BYBIT,AVAXUSDT,60,1770073200000,10.17,10.176,10.125,10.137,102278.1,1038300.6668,1
BYBIT,AVAXUSDT,60,1770076800000,10.137,10.15,10.074,10.138,112495.4,1137372.1964,1
BYBIT,AVAXUSDT,60,1770080400000,10.138,10.139,10.064,10.123,87783.2,886949.972,1
BYBIT,AVAXUSDT,60,1770084000000,10.123,10.123,9.966,9.976,137419.6,1378359.502,1
BYBIT,AVAXUSDT,60,1770087600000,9.976,10.145,9.939,10.13,176652.7,1771680.4939,1
BYBIT,AVAXUSDT,60,1770091200000,10.13,10.197,10.096,10.159,106953.5,1083967.4151,1
BYBIT,AVAXUSDT,60,1770094800000,10.159,10.166,10.072,10.075,67427.9,681557.7535,1
BYBIT,AVAXUSDT,60,1770098400000,10.075,10.129,10.032,10.119,75053.5,755843.6334,1
BYBIT,AVAXUSDT,60,1770102000000,10.119,10.174,10.089,10.141,73789.0,747969.7075,1
BYBIT,AVAXUSDT,60,1770105600000,10.141,10.171,10.088,10.099,140275.5,1421913.3149,1
BYBIT,AVAXUSDT,60,1770109200000,10.099,10.126,9.966,10.046,305818.0,3069124.372,1
BYBIT,AVAXUSDT,60,1770112800000,10.046,10.092,10.022,10.049,58073.8,583662.3742,1
BYBIT,AVAXUSDT,60,1770116400000,10.049,10.106,10.039,10.074,110958.0,1117765.337,1
BYBIT,AVAXUSDT,60,1770120000000,10.074,10.164,10.045,10.137,148018.8,1496914.1588,1
BYBIT,AVAXUSDT,60,1770123600000,10.137,10.164,10.116,10.142,98219.4,995992.2356,1
BYBIT,AVAXUSDT,60,1770127200000,10.142,10.166,9.92,9.926,334496.6,3364720.3542,1
BYBIT,AVAXUSDT,60,1770130800000,9.926,10.17,9.904,10.152,576640.2,5790141.8791,1
BYBIT,AVAXUSDT,60,1770134400000,10.152,10.154,9.913,9.947,371491.7,3711693.327,1
BYBIT,AVAXUSDT,60,1770138000000,9.947,9.952,9.737,9.745,398581.2,3925894.898,1
BYBIT,AVAXUSDT,60,1770141600000,9.745,9.797,9.529,9.554,672446.5,6485191.0022,1
BYBIT,AVAXUSDT,60,1770145200000,9.554,10.013,9.534,9.956,593989.6,5846149.207,1
BYBIT,AVAXUSDT,60,1770148800000,9.956,10.345,9.846,10.207,805196.9,8168332.5432,1
BYBIT,AVAXUSDT,60,1770152400000,10.207,10.266,10.07,10.09,256358.4,2609342.4538,1
BYBIT,AVAXUSDT,60,1770156000000,10.09,10.093,9.931,9.965,167860.1,1680987.9582,1
BYBIT,AVAXUSDT,60,1770159600000,9.965,9.975,9.872,9.921,183987.3,1826828.4697,1
BYBIT,AVAXUSDT,60,1770163200000,9.921,10.021,9.88,9.981,141332.8,1406215.6246,1
BYBIT,AVAXUSDT,60,1770166800000,9.981,10.125,9.981,10.054,113526.6,1144155.1661,1
BYBIT,AVAXUSDT,60,1770170400000,10.054,10.08,9.959,10.006,102704.0,1029823.3207,1
BYBIT,AVAXUSDT,60,1770174000000,10.006,10.131,9.995,10.101,128690.8,1297453.6619,1
BYBIT,AVAXUSDT,60,1770177600000,10.101,10.127,10.079,10.1,73989.5,747535.1502,1
BYBIT,AVAXUSDT,60,1770181200000,10.1,10.111,10.01,10.037,49049.9,493890.8479,1
BYBIT,AVAXUSDT,60,1770184800000,10.037,10.149,10.023,10.126,95822.9,967482.8059,1
BYBIT,AVAXUSDT,60,1770188400000,10.126,10.162,10.071,10.139,181741.5,1838952.9227,1
BYBIT,AVAXUSDT,60,1770192000000,10.139,10.157,10.08,10.137,108398.4,1097708.3147,1
BYBIT,AVAXUSDT,60,1770195600000,10.137,10.144,10.046,10.064,66411.7,669797.0648,1
BYBIT,AVAXUSDT,60,1770199200000,10.064,10.075,10.025,10.033,68927.9,692288.1665,1
BYBIT,AVAXUSDT,60,1770202800000,10.033,10.057,9.921,10.017,189834.3,1893855.2241,1
BYBIT,AVAXUSDT,60,1770206400000,10.017,10.031,9.963,10.004,65418.0,653737.5297,1
BYBIT,AVAXUSDT,60,1770210000000,10.004,10.012,9.855,9.863,132026.8,1312038.0074,1
BYBIT,AVAXUSDT,60,1770213600000,9.863,9.934,9.712,9.722,312446.9,3073716.3205,1
BYBIT,AVAXUSDT,60,1770217200000,9.722,9.86,9.608,9.717,380285.3,3704090.8822,1
BYBIT,AVAXUSDT,60,1770220800000,9.717,9.772,9.575,9.693,407951.2,3941444.8781,1
BYBIT,AVAXUSDT,60,1770224400000,9.693,9.778,9.564,9.697,321199.7,3101580.8805,1
BYBIT,AVAXUSDT,60,1770228000000,9.697,9.888,9.567,9.76,475092.1,4621448.8256,1
BYBIT,AVAXUSDT,60,1770231600000,9.76,9.952,9.707,9.93,272977.6,2681183.3579,1
BYBIT,AVAXUSDT,60,1770235200000,9.93,9.953,9.815,9.832,104606.7,1032776.1151,1
BYBIT,AVAXUSDT,60,1770238800000,9.832,9.865,9.616,9.715,184980.2,1797945.4516,1
BYBIT,AVAXUSDT,60,1770242400000,9.715,9.847,9.535,9.637,375180.3,3633625.2987,1
BYBIT,AVAXUSDT,60,1770246000000,9.637,9.783,9.614,9.709,281054.0,2727186.9094,1
BYBIT,AVAXUSDT,60,1770249600000,9.709,9.764,9.665,9.728,162699.9,1579090.0825,1
BYBIT,AVAXUSDT,60,1770253200000,9.728,9.846,9.644,9.735,296038.9,2888041.4742,1
BYBIT,AVAXUSDT,60,1770256800000,9.735,9.816,9.628,9.648,305361.3,2968024.2906,1
BYBIT,AVAXUSDT,60,1770260400000,9.648,9.717,9.591,9.616,185977.3,1793009.4527,1
BYBIT,AVAXUSDT,60,1770264000000,9.616,9.656,9.533,9.575,311587.4,2986395.3817,1
BYBIT,AVAXUSDT,60,1770267600000,9.575,9.671,9.465,9.557,332730.1,3179718.09,1
BYBIT,AVAXUSDT,60,1770271200000,9.557,9.573,9.442,9.487,242853.6,2305370.7885,1
BYBIT,AVAXUSDT,60,1770274800000,9.487,9.607,9.474,9.497,230986.8,2205600.6405,1
BYBIT,AVAXUSDT,60,1770278400000,9.497,9.624,9.497,9.557,134642.5,1287108.6178,1
BYBIT,AVAXUSDT,60,1770282000000,9.557,9.67,9.542,9.56,160888.0,1545608.3621,1
BYBIT,AVAXUSDT,60,1770285600000,9.56,9.566,9.319,9.351,299675.3,2826769.917,1
BYBIT,AVAXUSDT,60,1770289200000,9.351,9.39,9.175,9.26,499183.1,4630932.6069,1
BYBIT,AVAXUSDT,60,1770292800000,9.26,9.31,9.145,9.246,503851.9,4645338.7738,1
BYBIT,AVAXUSDT,60,1770296400000,9.246,9.316,9.198,9.22,234407.7,2168952.9125,1
BYBIT,AVAXUSDT,60,1770300000000,9.22,9.442,9.169,9.183,476321.7,4430029.0138,1
BYBIT,AVAXUSDT,60,1770303600000,9.183,9.217,8.704,8.86,1675297.7,14926912.9629,1
BYBIT,AVAXUSDT,60,1770307200000,8.86,9.08,8.794,8.99,668528.8,5972542.6147,1
BYBIT,AVAXUSDT,60,1770310800000,8.99,9.036,8.716,8.823,695494.7,6167447.8333,1
BYBIT,AVAXUSDT,60,1770314400000,8.823,8.92,8.716,8.894,448705.6,3951235.2103,1
BYBIT,AVAXUSDT,60,1770318000000,8.894,8.899,8.66,8.691,423572.1,3713495.1951,1
BYBIT,AVAXUSDT,60,1770321600000,8.691,8.773,8.266,8.369,1668988.3,14076996.8706,1
BYBIT,AVAXUSDT,60,1770325200000,8.369,8.572,8.259,8.357,933821.0,7856732.5754,1
BYBIT,AVAXUSDT,60,1770328800000,8.357,8.531,8.238,8.385,664567.5,5567504.7737,1
BYBIT,AVAXUSDT,60,1770332400000,8.385,8.569,8.251,8.303,738106.3,6204241.6406,1
BYBIT,AVAXUSDT,60,1770336000000,8.303,8.338,7.533,8.219,5335410.4,42032491.1963,1
BYBIT,AVAXUSDT,60,1770339600000,8.219,8.465,8.177,8.455,566169.9,4716542.5026,1
BYBIT,AVAXUSDT,60,1770343200000,8.455,8.524,8.246,8.304,376124.6,3143841.0163,1
BYBIT,AVAXUSDT,60,1770346800000,8.304,8.345,8.193,8.259,295384.5,2442895.7451,1
BYBIT,AVAXUSDT,60,1770350400000,8.259,8.397,8.227,8.366,230296.7,1916236.3218,1
BYBIT,AVAXUSDT,60,1770354000000,8.366,8.616,8.348,8.597,385723.1,3266396.6413,1
BYBIT,AVAXUSDT,60,1770357600000,8.597,8.637,8.402,8.415,366252.6,3118790.8109,1
BYBIT,AVAXUSDT,60,1770361200000,8.415,8.48,8.331,8.408,334966.2,2814910.7783,1
BYBIT,AVAXUSDT,60,1770364800000,8.408,8.472,8.326,8.377,323110.7,2711475.4988,1
BYBIT,AVAXUSDT,60,1770368400000,8.377,8.632,8.371,8.596,306487.1,2602483.1237,1
BYBIT,AVAXUSDT,60,1770372000000,8.596,8.7,8.574,8.681,219566.3,1896645.3763,1
BYBIT,AVAXUSDT,60,1770375600000,8.681,8.734,8.651,8.706,180430.9,1568678.8481,1
BYBIT,AVAXUSDT,60,1770379200000,8.706,8.711,8.637,8.704,136078.4,1180252.6229,1
BYBIT,AVAXUSDT,60,1770382800000,8.704,8.842,8.694,8.796,253139.9,2221517.089,1
BYBIT,AVAXUSDT,60,1770386400000,8.796,9.023,8.728,8.971,496090.2,4410264.6303,1
BYBIT,AVAXUSDT,60,1770390000000,8.971,9.064,8.886,9.028,359959.3,3232265.2086,1
BYBIT,AVAXUSDT,60,1770393600000,9.028,9.31,8.992,9.25,393591.1,3608777.8938,1
BYBIT,AVAXUSDT,60,1770397200000,9.25,9.464,9.214,9.336,355193.0,3319985.2421,1
BYBIT,AVAXUSDT,60,1770400800000,9.336,9.356,9.123,9.221,279671.7,2576761.4208,1
BYBIT,AVAXUSDT,60,1770404400000,9.221,9.263,9.149,9.243,174434.2,1607363.3557,1
BYBIT,AVAXUSDT,60,1770408000000,9.243,9.291,9.139,9.159,239362.0,2203600.047,1
BYBIT,AVAXUSDT,60,1770411600000,9.159,9.212,9.107,9.183,121515.5,1112780.0353,1
BYBIT,AVAXUSDT,60,1770415200000,9.183,9.32,9.178,9.309,152086.5,1406882.8685,1
BYBIT,AVAXUSDT,60,1770418800000,9.309,9.368,9.218,9.267,167442.4,1555054.4184,1
BYBIT,AVAXUSDT,60,1770422400000,9.267,9.268,9.137,9.19,169712.5,1562367.5019,1
BYBIT,AVAXUSDT,60,1770426000000,9.19,9.258,9.124,9.237,200920.1,1847533.9915,1
BYBIT,AVAXUSDT,60,1770429600000,9.237,9.252,9.184,9.214,75605.9,697074.2445,1
BYBIT,AVAXUSDT,60,1770433200000,9.214,9.303,9.204,9.28,124393.5,1152738.4445,1
BYBIT,AVAXUSDT,60,1770436800000,9.28,9.361,9.23,9.251,170744.4,1587401.1096,1
BYBIT,AVAXUSDT,60,1770440400000,9.251,9.312,9.227,9.259,113642.5,1053814.034,1
BYBIT,AVAXUSDT,60,1770444000000,9.259,9.323,9.105,9.105,235086.2,2175441.8367,1
BYBIT,AVAXUSDT,60,1770447600000,9.105,9.141,8.897,8.989,505289.1,4554811.3438,1
BYBIT,AVAXUSDT,60,1770451200000,8.989,9.075,8.954,9.053,179646.3,1621670.357,1
BYBIT,AVAXUSDT,60,1770454800000,9.053,9.087,8.977,9.002,128530.3,1159613.9726,1
BYBIT,AVAXUSDT,60,1770458400000,9.002,9.031,8.925,8.972,103660.1,929586.1323,1
BYBIT,AVAXUSDT,60,1770462000000,8.972,8.989,8.938,8.981,101425.2,908968.2902,1
BYBIT,AVAXUSDT,60,1770465600000,8.981,9.255,8.971,9.161,283727.0,2592874.5335,1
BYBIT,AVAXUSDT,60,1770469200000,9.161,9.196,9.063,9.119,98168.4,894563.229,1
BYBIT,AVAXUSDT,60,1770472800000,9.119,9.148,9.022,9.047,104115.3,944971.1424,1
BYBIT,AVAXUSDT,60,1770476400000,9.047,9.209,9.034,9.171,159131.0,1452627.5054,1
BYBIT,AVAXUSDT,60,1770480000000,9.171,9.403,9.136,9.203,3065851.3,28419086.9909,1
BYBIT,AVAXUSDT,60,1770483600000,9.203,9.271,9.145,9.236,89563.9,824389.7366,1
BYBIT,AVAXUSDT,60,1770487200000,9.236,9.374,9.233,9.324,97442.9,907387.8817,1
BYBIT,AVAXUSDT,60,1770490800000,9.324,9.327,9.234,9.253,70644.2,654904.5567,1
BYBIT,AVAXUSDT,60,1770494400000,9.253,9.32,9.236,9.312,86837.8,805738.837,1
BYBIT,AVAXUSDT,60,1770498000000,9.312,9.322,9.235,9.251,66377.8,615451.4664,1
BYBIT,AVAXUSDT,60,1770501600000,9.251,9.295,9.228,9.241,52994.9,490777.4014,1
BYBIT,AVAXUSDT,60,1770505200000,9.241,9.249,9.171,9.217,68864.2,633861.7631,1
BYBIT,AVAXUSDT,60,1770508800000,9.217,9.224,9.173,9.193,81278.9,747436.3325,1
BYBIT,AVAXUSDT,60,1770512400000,9.193,9.251,9.181,9.205,55040.3,507132.7202,1
BYBIT,AVAXUSDT,60,1770516000000,9.205,9.246,9.148,9.172,60803.0,559066.2486,1
BYBIT,AVAXUSDT,60,1770519600000,9.172,9.186,9.113,9.122,61816.3,565981.271,1
BYBIT,AVAXUSDT,60,1770523200000,9.122,9.155,9.091,9.155,73246.1,668274.0898,1
BYBIT,AVAXUSDT,60,1770526800000,9.155,9.17,9.113,9.123,45035.3,411561.2336,1
BYBIT,AVAXUSDT,60,1770530400000,9.123,9.141,9.102,9.114,51429.2,469116.117,1
BYBIT,AVAXUSDT,60,1770534000000,9.114,9.14,9.069,9.137,106048.0,966270.6885,1
BYBIT,AVAXUSDT,60,1770537600000,9.137,9.292,9.118,9.26,163189.5,1502729.2604,1
BYBIT,AVAXUSDT,60,1770541200000,9.26,9.268,9.155,9.17,81085.7,746331.3896,1
BYBIT,AVAXUSDT,60,1770544800000,9.17,9.222,9.1,9.139,122157.3,1118157.2153,1
BYBIT,AVAXUSDT,60,1770548400000,9.139,9.274,9.132,9.264,142936.6,1319304.3688,1
BYBIT,AVAXUSDT,60,1770552000000,9.264,9.279,9.202,9.248,105612.1,975402.9396,1
BYBIT,AVAXUSDT,60,1770555600000,9.248,9.275,9.203,9.264,152035.5,1405216.7171,1
BYBIT,AVAXUSDT,60,1770559200000,9.264,9.283,9.219,9.256,81185.5,750892.8535,1
BYBIT,AVAXUSDT,60,1770562800000,9.256,9.272,9.144,9.169,180828.5,1662963.6776,1
BYBIT,AVAXUSDT,60,1770566400000,9.169,9.199,8.991,9.033,217740.2,1980518.2636,1
BYBIT,AVAXUSDT,60,1770570000000,9.033,9.112,9.028,9.094,90214.1,819321.4265,1
BYBIT,AVAXUSDT,60,1770573600000,9.094,9.22,9.094,9.152,143766.9,1316881.2363,1
BYBIT,AVAXUSDT,60,1770577200000,9.152,9.216,9.148,9.205,68974.7,633717.3199,1
BYBIT,AVAXUSDT,60,1770580800000,9.205,9.209,9.084,9.096,101726.5,929274.1967,1
BYBIT,AVAXUSDT,60,1770584400000,9.096,9.121,9.004,9.045,138374.7,1253107.8887,1
BYBIT,AVAXUSDT,60,1770588000000,9.045,9.084,9.028,9.076,100973.9,913755.5472,1
BYBIT,AVAXUSDT,60,1770591600000,9.076,9.258,8.998,9.073,296711.3,2701096.1232,1
BYBIT,AVAXUSDT,60,1770595200000,9.073,9.126,9.035,9.095,157726.5,1432508.301,1
BYBIT,AVAXUSDT,60,1770598800000,9.095,9.167,9.021,9.074,171617.1,1558040.2651,1
BYBIT,AVAXUSDT,60,1770602400000,9.074,9.169,9.056,9.111,100776.3,918118.4103,1
BYBIT,AVAXUSDT,60,1770606000000,9.111,9.199,9.106,9.18,87413.1,800232.2377,1
BYBIT,AVAXUSDT,60,1770609600000,9.18,9.18,9.091,9.116,63059.6,575578.1192,1
BYBIT,AVAXUSDT,60,1770613200000,9.116,9.14,9.092,9.128,63030.4,574534.8888,1
BYBIT,AVAXUSDT,60,1770616800000,9.128,9.128,9.017,9.053,92751.1,840238.6088,1
BYBIT,AVAXUSDT,60,1770620400000,9.053,9.079,9.015,9.023,110897.9,1003102.9987,1
BYBIT,AVAXUSDT,60,1770624000000,9.023,9.036,8.853,8.917,283145.3,2533900.0427,1
BYBIT,AVAXUSDT,60,1770627600000,8.917,8.933,8.846,8.871,102759.2,913479.1447,1
BYBIT,AVAXUSDT,60,1770631200000,8.871,8.89,8.716,8.755,186211.6,1635210.7669,1
BYBIT,AVAXUSDT,60,1770634800000,8.755,8.812,8.755,8.782,113950.4,1000579.682,1
BYBIT,AVAXUSDT,60,1770638400000,8.782,8.859,8.774,8.827,99972.9,881490.5926,1
BYBIT,AVAXUSDT,60,1770642000000,8.827,8.869,8.766,8.768,72378.2,638533.9395,1
BYBIT,AVAXUSDT,60,1770645600000,8.768,8.942,8.74,8.907,267355.1,2363897.0342,1
BYBIT,AVAXUSDT,60,1770649200000,8.907,8.999,8.859,8.995,221864.0,1982288.3133,1
BYBIT,AVAXUSDT,60,1770652800000,8.995,9.151,8.914,9.064,246503.0,2227493.838,1
BYBIT,AVAXUSDT,60,1770656400000,9.064,9.185,8.997,9.129,232915.3,2119247.3482,1
BYBIT,AVAXUSDT,60,1770660000000,9.129,9.182,9.047,9.087,136422.2,1241950.6502,1
BYBIT,AVAXUSDT,60,1770663600000,9.087,9.128,9.059,9.113,75997.1,691308.0055,1
BYBIT,AVAXUSDT,60,1770667200000,9.113,9.142,9.041,9.087,106531.8,968385.7642,1
BYBIT,AVAXUSDT,60,1770670800000,9.087,9.097,8.982,9.073,165713.8,1498445.8577,1
BYBIT,AVAXUSDT,60,1770674400000,9.073,9.112,9.062,9.075,64038.6,581842.3835,1
BYBIT,AVAXUSDT,60,1770678000000,9.075,9.108,9.038,9.046,100284.5,909586.6629,1
BYBIT,AVAXUSDT,60,1770681600000,9.046,9.062,9.004,9.01,64668.5,583855.1615,1
BYBIT,AVAXUSDT,60,1770685200000,9.01,9.109,9.004,9.092,69193.7,627571.527,1
BYBIT,AVAXUSDT,60,1770688800000,9.092,9.094,9.006,9.022,65875.8,595815.4067,1
BYBIT,AVAXUSDT,60,1770692400000,9.022,9.03,8.861,8.9,202205.1,1803843.6242,1
BYBIT,AVAXUSDT,60,1770696000000,8.9,8.976,8.893,8.961,80218.7,717255.6927,1
BYBIT,AVAXUSDT,60,1770699600000,8.961,8.981,8.872,8.896,62203.6,555482.3268,1
BYBIT,AVAXUSDT,60,1770703200000,8.896,8.912,8.723,8.77,354320.6,3121362.4638,1
BYBIT,AVAXUSDT,60,1770706800000,8.77,8.846,8.764,8.819,134017.1,1181662.7524,1
BYBIT,AVAXUSDT,60,1770710400000,8.819,8.865,8.791,8.856,86386.6,762854.9584,1
BYBIT,AVAXUSDT,60,1770714000000,8.856,8.903,8.831,8.857,109882.3,974726.178,1
BYBIT,AVAXUSDT,60,1770717600000,8.857,8.867,8.818,8.819,56912.9,502912.4677,1
BYBIT,AVAXUSDT,60,1770721200000,8.819,8.846,8.776,8.781,141123.0,1242534.7846,1
BYBIT,AVAXUSDT,60,1770724800000,8.781,8.823,8.761,8.767,57660.7,507106.2177,1
BYBIT,AVAXUSDT,60,1770728400000,8.767,8.818,8.746,8.801,141474.8,1242425.536,1
BYBIT,AVAXUSDT,60,1770732000000,8.801,8.871,8.696,8.76,267386.8,2345673.4045,1
BYBIT,AVAXUSDT,60,1770735600000,8.76,8.836,8.732,8.779,190010.6,1670125.0386,1
BYBIT,AVAXUSDT,60,1770739200000,8.779,8.844,8.729,8.771,137318.6,1206009.3206,1
BYBIT,AVAXUSDT,60,1770742800000,8.771,8.846,8.743,8.817,115297.1,1014897.0876,1
BYBIT,AVAXUSDT,60,1770746400000,8.817,8.826,8.662,8.709,171312.6,1494879.8935,1
BYBIT,AVAXUSDT,60,1770750000000,8.709,8.761,8.678,8.719,79275.0,691010.8078,1
BYBIT,AVAXUSDT,60,1770753600000,8.719,8.735,8.692,8.702,77993.8,679570.0104,1
BYBIT,AVAXUSDT,60,1770757200000,8.702,8.729,8.654,8.679,72457.1,628943.9712,1
BYBIT,AVAXUSDT,60,1770760800000,8.679,8.754,8.679,8.72,57117.9,497857.1269,1
BYBIT,AVAXUSDT,60,1770764400000,8.72,8.747,8.696,8.745,58878.6,513416.3926,1
BYBIT,AVAXUSDT,60,1770768000000,8.745,8.772,8.726,8.761,93546.8,818668.5036,1
BYBIT,AVAXUSDT,60,1770771600000,8.761,8.781,8.739,8.769,32850.7,287841.2445,1
BYBIT,AVAXUSDT,60,1770775200000,8.769,8.883,8.769,8.843,177325.7,1567015.8136,1
BYBIT,AVAXUSDT,60,1770778800000,8.843,8.971,8.772,8.864,442941.4,3945891.05,1
BYBIT,AVAXUSDT,60,1770782400000,8.864,8.882,8.708,8.73,501780.0,4406946.3645,1
BYBIT,AVAXUSDT,60,1770786000000,8.73,8.766,8.661,8.672,112829.7,983341.2024,1
BYBIT,AVAXUSDT,60,1770789600000,8.672,8.687,8.541,8.563,320466.0,2756643.2285,1
BYBIT,AVAXUSDT,60,1770793200000,8.563,8.615,8.551,8.573,109687.1,941192.5664,1
BYBIT,AVAXUSDT,60,1770796800000,8.573,8.585,8.526,8.541,141179.4,1207094.4775,1
BYBIT,AVAXUSDT,60,1770800400000,8.541,8.564,8.512,8.521,89019.7,759526.0682,1
BYBIT,AVAXUSDT,60,1770804000000,8.521,8.542,8.473,8.52,156257.0,1329313.9444,1
BYBIT,AVAXUSDT,60,1770807600000,8.52,8.59,8.514,8.58,135742.9,1161578.7343,1
BYBIT,AVAXUSDT,60,1770811200000,8.58,8.612,8.554,8.579,133216.7,1143626.3826,1
BYBIT,AVAXUSDT,60,1770814800000,8.579,8.67,8.552,8.653,284555.1,2450162.9516,1
BYBIT,AVAXUSDT,60,1770818400000,8.653,8.89,8.524,8.546,701668.1,6141113.7541,1
BYBIT,AVAXUSDT,60,1770822000000,8.546,8.584,8.425,8.512,622243.9,5290436.3157,1
BYBIT,AVAXUSDT,60,1770825600000,8.512,8.668,8.478,8.548,337339.2,2884187.4818,1
BYBIT,AVAXUSDT,60,1770829200000,8.548,8.676,8.518,8.626,194296.0,1671533.3452,1
BYBIT,AVAXUSDT,60,1770832800000,8.626,8.74,8.576,8.707,135728.6,1177599.3339,1
BYBIT,AVAXUSDT,60,1770836400000,8.707,8.76,8.678,8.695,149735.4,1305502.8929,1
BYBIT,AVAXUSDT,60,1770840000000,8.695,8.711,8.63,8.69,92397.4,801414.556,1
BYBIT,AVAXUSDT,60,1770843600000,8.69,8.803,8.67,8.741,145255.2,1271281.9617,1
BYBIT,AVAXUSDT,60,1770847200000,8.741,8.753,8.654,8.668,92879.2,808669.0621,1
BYBIT,AVAXUSDT,60,1770850800000,8.668,8.695,8.581,8.629,140091.6,1208481.1685,1
BYBIT,AVAXUSDT,60,1770854400000,8.629,8.747,8.629,8.716,124058.0,1078983.9077,1
BYBIT,AVAXUSDT,60,1770858000000,8.716,8.785,8.716,8.73,78704.2,688368.2641,1
BYBIT,AVAXUSDT,60,1770861600000,8.73,8.768,8.692,8.718,71616.6,625380.261,1
BYBIT,AVAXUSDT,60,1770865200000,8.718,8.762,8.707,8.749,71873.2,628162.3559,1
BYBIT,AVAXUSDT,60,1770868800000,8.749,8.77,8.717,8.737,75330.0,658863.0819,1
BYBIT,AVAXUSDT,60,1770872400000,8.737,8.779,8.682,8.773,87485.1,764242.6288,1
BYBIT,AVAXUSDT,60,1770876000000,8.773,8.842,8.771,8.813,113347.0,998875.0326,1
BYBIT,AVAXUSDT,60,1770879600000,8.813,8.839,8.776,8.814,53049.2,467233.8087,1
BYBIT,AVAXUSDT,60,1770883200000,8.814,8.835,8.78,8.805,78827.2,694227.1143,1
BYBIT,AVAXUSDT,60,1770886800000,8.805,8.898,8.788,8.879,137427.2,1217122.5619,1
BYBIT,AVAXUSDT,60,1770890400000,8.879,8.954,8.865,8.95,99386.9,884888.5032,1
BYBIT,AVAXUSDT,60,1770894000000,8.95,8.988,8.903,8.91,200212.3,1790562.4838,1
BYBIT,AVAXUSDT,60,1770897600000,8.91,8.923,8.822,8.841,111373.1,987388.9482,1
BYBIT,AVAXUSDT,60,1770901200000,8.841,8.936,8.809,8.933,163519.9,1448870.6786,1
BYBIT,AVAXUSDT,60,1770904800000,8.933,8.968,8.882,8.915,199017.0,1775857.604,1
BYBIT,AVAXUSDT,60,1770908400000,8.915,8.949,8.79,8.797,196351.7,1741882.7903,1
BYBIT,AVAXUSDT,60,1770912000000,8.797,8.809,8.614,8.666,381794.9,3319642.0336,1
BYBIT,AVAXUSDT,60,1770915600000,8.666,8.752,8.645,8.671,158825.4,1380630.5131,1
BYBIT,AVAXUSDT,60,1770919200000,8.671,8.759,8.641,8.73,142086.9,1236842.418,1
BYBIT,AVAXUSDT,60,1770922800000,8.73,8.86,8.696,8.762,167216.7,1470547.0775,1
BYBIT,AVAXUSDT,60,1770926400000,8.762,8.778,8.679,8.7,100720.3,879394.8842,1
BYBIT,AVAXUSDT,60,1770930000000,8.7,8.763,8.699,8.738,59224.3,517313.0505,1
BYBIT,AVAXUSDT,60,1770933600000,8.738,8.832,8.705,8.829,115822.9,1014990.0942,1
BYBIT,AVAXUSDT,60,1770937200000,8.829,8.904,8.818,8.899,123423.9,1094424.4717,1
BYBIT,AVAXUSDT,60,1770940800000,8.899,8.937,8.82,8.847,120757.5,1072643.6121,1
BYBIT,AVAXUSDT,60,1770944400000,8.847,8.91,8.841,8.864,104752.0,929958.2519,1
BYBIT,AVAXUSDT,60,1770948000000,8.864,8.881,8.82,8.861,86977.3,769910.4869,1
BYBIT,AVAXUSDT,60,1770951600000,8.861,8.894,8.814,8.854,74883.4,663029.3706,1
BYBIT,AVAXUSDT,60,1770955200000,8.854,8.856,8.792,8.801,100483.9,886717.363,1
BYBIT,AVAXUSDT,60,1770958800000,8.801,8.835,8.77,8.782,85039.4,748157.6487,1
BYBIT,AVAXUSDT,60,1770962400000,8.782,8.811,8.73,8.805,81924.4,718343.1743,1
BYBIT,AVAXUSDT,60,1770966000000,8.805,8.863,8.8,8.829,110528.6,976577.9929,1
BYBIT,AVAXUSDT,60,1770969600000,8.829,8.91,8.811,8.894,111682.8,990056.6138,1
BYBIT,AVAXUSDT,60,1770973200000,8.894,8.902,8.842,8.875,117668.7,1043574.891,1
BYBIT,AVAXUSDT,60,1770976800000,8.875,8.907,8.86,8.886,81883.8,727682.099,1
BYBIT,AVAXUSDT,60,1770980400000,8.886,8.891,8.843,8.867,89435.5,792810.543,1
BYBIT,AVAXUSDT,60,1770984000000,8.867,8.867,8.823,8.847,52784.8,466917.0578,1
BYBIT,AVAXUSDT,60,1770987600000,8.847,8.949,8.838,8.918,166617.7,1483315.2645,1
BYBIT,AVAXUSDT,60,1770991200000,8.918,9.032,8.874,8.982,313980.9,2812743.7078,1
BYBIT,AVAXUSDT,60,1770994800000,8.982,9.217,8.982,9.1,378326.3,3451176.0241,1
BYBIT,AVAXUSDT,60,1770998400000,9.1,9.248,9.085,9.184,246652.4,2260887.7059,1
BYBIT,AVAXUSDT,60,1771002000000,9.184,9.203,9.138,9.16,100316.9,920031.9453,1
BYBIT,AVAXUSDT,60,1771005600000,9.16,9.195,9.125,9.173,109041.9,998650.1948,1
BYBIT,AVAXUSDT,60,1771009200000,9.173,9.202,9.16,9.176,56140.5,515389.453,1
BYBIT,AVAXUSDT,60,1771012800000,9.176,9.21,9.146,9.201,72308.4,664219.9141,1
BYBIT,AVAXUSDT,60,1771016400000,9.201,9.239,9.196,9.218,71615.4,659969.4877,1
BYBIT,AVAXUSDT,60,1771020000000,9.218,9.245,9.176,9.193,85038.8,783103.2995,1
BYBIT,AVAXUSDT,60,1771023600000,9.193,9.193,9.133,9.14,55932.1,512092.1937,1
BYBIT,AVAXUSDT,60,1771027200000,9.14,9.205,9.115,9.185,96954.5,887592.2739,1
BYBIT,AVAXUSDT,60,1771030800000,9.185,9.194,9.153,9.173,72900.8,668523.769,1
BYBIT,AVAXUSDT,60,1771034400000,9.173,9.189,9.163,9.179,41798.4,383538.1348,1
BYBIT,AVAXUSDT,60,1771038000000,9.179,9.216,9.172,9.205,40399.0,371350.7362,1
BYBIT,AVAXUSDT,60,1771041600000,9.205,9.205,9.166,9.169,41699.0,382969.6756,1
BYBIT,AVAXUSDT,60,1771045200000,9.169,9.185,9.142,9.16,35240.8,323096.8116,1
BYBIT,AVAXUSDT,60,1771048800000,9.16,9.173,9.131,9.171,37169.9,340167.2793,1
BYBIT,AVAXUSDT,60,1771052400000,9.171,9.207,9.169,9.191,53972.4,496135.5005,1
BYBIT,AVAXUSDT,60,1771056000000,9.191,9.287,9.189,9.26,166805.6,1541179.4712,1
BYBIT,AVAXUSDT,60,1771059600000,9.26,9.266,9.228,9.249,74769.7,691223.4299,1
BYBIT,AVAXUSDT,60,1771063200000,9.249,9.25,9.217,9.244,53136.1,490425.6023,1
BYBIT,AVAXUSDT,60,1771066800000,9.244,9.383,9.241,9.367,175206.8,1633122.416,1
BYBIT,AVAXUSDT,60,1771070400000,9.367,9.389,9.297,9.299,142454.2,1332370.2347,1
BYBIT,AVAXUSDT,60,1771074000000,9.299,9.305,9.244,9.286,149860.6,1390354.0093,1
BYBIT,AVAXUSDT,60,1771077600000,9.286,9.384,9.278,9.369,108878.9,1015141.9428,1
BYBIT,AVAXUSDT,60,1771081200000,9.369,9.378,9.325,9.376,100893.8,943819.898,1
BYBIT,AVAXUSDT,60,1771084800000,9.376,9.451,9.334,9.432,121562.7,1141525.8208,1
BYBIT,AVAXUSDT,60,1771088400000,9.432,9.491,9.405,9.464,150068.5,1418831.1653,1
BYBIT,AVAXUSDT,60,1771092000000,9.464,9.56,9.452,9.558,116072.2,1103328.9592,1
BYBIT,AVAXUSDT,60,1771095600000,9.558,9.629,9.487,9.627,150429.8,1438789.0188,1
BYBIT,AVAXUSDT,60,1771099200000,9.627,9.65,9.531,9.59,154723.5,1483835.3374,1
BYBIT,AVAXUSDT,60,1771102800000,9.59,9.648,9.555,9.644,135348.2,1300244.8871,1
BYBIT,AVAXUSDT,60,1771106400000,9.644,9.713,9.628,9.636,120387.3,1164710.3277,1
BYBIT,AVAXUSDT,60,1771110000000,9.636,9.643,9.558,9.588,102958.4,987862.0194,1
BYBIT,AVAXUSDT,60,1771113600000,9.588,9.617,9.526,9.573,157430.5,1506952.0563,1
BYBIT,AVAXUSDT,60,1771117200000,9.573,9.636,9.515,9.565,102603.3,981603.0823,1
BYBIT,AVAXUSDT,60,1771120800000,9.565,9.621,9.488,9.545,107567.4,1026641.5431,1
BYBIT,AVAXUSDT,60,1771124400000,9.545,9.595,9.453,9.59,198432.9,1888615.7571,1
BYBIT,AVAXUSDT,60,1771128000000,9.59,9.707,9.578,9.612,229406.0,2210723.3345,1
BYBIT,AVAXUSDT,60,1771131600000,9.612,9.71,9.609,9.68,89822.1,867941.763,1
BYBIT,AVAXUSDT,60,1771135200000,9.68,9.689,9.602,9.63,76094.4,734607.6518,1
BYBIT,AVAXUSDT,60,1771138800000,9.63,9.743,9.625,9.692,143928.8,1394081.304,1
BYBIT,AVAXUSDT,60,1771142400000,9.692,9.701,9.522,9.575,157683.1,1515739.1703,1
BYBIT,AVAXUSDT,60,1771146000000,9.575,9.645,9.56,9.585,70174.4,673683.8801,1
BYBIT,AVAXUSDT,60,1771149600000,9.585,9.59,9.503,9.545,90348.6,861886.1618,1
BYBIT,AVAXUSDT,60,1771153200000,9.545,9.567,9.511,9.525,44476.9,423891.1524,1
BYBIT,AVAXUSDT,60,1771156800000,9.525,9.538,9.317,9.321,289531.5,2728444.1287,1
BYBIT,AVAXUSDT,60,1771160400000,9.321,9.409,9.268,9.293,297196.6,2778805.6452,1
BYBIT,AVAXUSDT,60,1771164000000,9.293,9.368,9.284,9.366,112336.8,1047942.2315,1
BYBIT,AVAXUSDT,60,1771167600000,9.366,9.393,9.348,9.379,78773.2,738407.0397,1
BYBIT,AVAXUSDT,60,1771171200000,9.379,9.379,9.309,9.355,111782.7,1044449.4895,1
BYBIT,AVAXUSDT,60,1771174800000,9.355,9.371,9.174,9.25,273913.2,2535739.5494,1
BYBIT,AVAXUSDT,60,1771178400000,9.25,9.266,9.166,9.186,189978.0,1751014.2248,1
BYBIT,AVAXUSDT,60,1771182000000,9.186,9.229,9.13,9.177,182726.1,1675887.8759,1
BYBIT,AVAXUSDT,60,1771185600000,9.177,9.23,9.137,9.214,121055.5,1111908.1604,1
BYBIT,AVAXUSDT,60,1771189200000,9.214,9.277,9.211,9.234,92516.7,855243.6583,1
BYBIT,AVAXUSDT,60,1771192800000,9.234,9.299,9.218,9.276,84773.2,785706.1414,1
BYBIT,AVAXUSDT,60,1771196400000,9.276,9.289,9.199,9.278,99165.1,916381.1619,1
BYBIT,AVAXUSDT,60,1771200000000,9.278,9.335,9.249,9.278,136614.6,1269444.7078,1
BYBIT,AVAXUSDT,60,1771203600000,9.278,9.331,9.201,9.24,79179.1,732800.4109,1
BYBIT,AVAXUSDT,60,1771207200000,9.24,9.262,9.201,9.208,59866.9,552363.2101,1
BYBIT,AVAXUSDT,60,1771210800000,9.208,9.236,9.201,9.234,63687.5,587103.039,1
BYBIT,AVAXUSDT,60,1771214400000,9.234,9.311,9.228,9.31,43680.0,404981.3893,1
BYBIT,AVAXUSDT,60,1771218000000,9.31,9.328,9.175,9.197,69242.9,639160.8985,1
BYBIT,AVAXUSDT,60,1771221600000,9.197,9.269,9.191,9.255,49943.3,461216.4721,1
BYBIT,AVAXUSDT,60,1771225200000,9.255,9.295,9.224,9.252,75987.5,702928.5579,1
BYBIT,AVAXUSDT,60,1771228800000,9.252,9.297,9.25,9.273,78546.8,728503.2341,1
BYBIT,AVAXUSDT,60,1771232400000,9.273,9.341,9.269,9.323,112086.5,1043933.0323,1
BYBIT,AVAXUSDT,60,1771236000000,9.323,9.323,9.256,9.263,135591.3,1260156.8676,1
BYBIT,AVAXUSDT,60,1771239600000,9.263,9.284,9.163,9.263,137042.6,1264193.1329,1
BYBIT,AVAXUSDT,60,1771243200000,9.263,9.38,9.256,9.365,253437.0,2364990.3004,1
BYBIT,AVAXUSDT,60,1771246800000,9.365,9.416,9.184,9.203,308417.9,2866036.5381,1
BYBIT,AVAXUSDT,60,1771250400000,9.203,9.264,9.154,9.219,169078.1,1557986.0743,1
BYBIT,AVAXUSDT,60,1771254000000,9.219,9.255,9.038,9.079,407477.9,3710265.826,1
BYBIT,AVAXUSDT,60,1771257600000,9.079,9.14,9.056,9.134,191477.1,1742506.2729,1
BYBIT,AVAXUSDT,60,1771261200000,9.134,9.18,9.103,9.148,128146.9,1172115.5765,1
BYBIT,AVAXUSDT,60,1771264800000,9.148,9.174,9.116,9.121,88433.2,808833.4647,1
BYBIT,AVAXUSDT,60,1771268400000,9.121,9.163,9.107,9.138,73344.3,670322.562,1
BYBIT,AVAXUSDT,60,1771272000000,9.138,9.213,9.109,9.199,118848.3,1087813.6942,1
BYBIT,AVAXUSDT,60,1771275600000,9.199,9.278,9.173,9.27,156093.6,1439556.7516,1
BYBIT,AVAXUSDT,60,1771279200000,9.27,9.304,9.249,9.258,117603.9,1090313.0163,1
BYBIT,AVAXUSDT,60,1771282800000,9.258,9.278,9.246,9.256,54138.1,501189.3046,1
BYBIT,AVAXUSDT,60,1771286400000,9.256,9.275,9.236,9.242,67172.3,621835.4984,1
BYBIT,AVAXUSDT,60,1771290000000,9.242,9.273,9.211,9.219,80738.8,746345.6224,1
BYBIT,AVAXUSDT,60,1771293600000,9.219,9.293,9.176,9.275,69005.1,638089.4028,1
BYBIT,AVAXUSDT,60,1771297200000,9.275,9.276,9.217,9.217,25924.3,239507.2221,1
BYBIT,AVAXUSDT,60,1771300800000,9.217,9.247,9.184,9.225,33233.1,306448.9661,1
BYBIT,AVAXUSDT,60,1771304400000,9.225,9.229,9.128,9.162,57237.0,525112.6242,1
BYBIT,AVAXUSDT,60,1771308000000,9.162,9.202,9.16,9.192,23493.0,215766.1846,1
BYBIT,AVAXUSDT,60,1771311600000,9.192,9.211,9.161,9.191,34786.1,319602.6278,1
BYBIT,AVAXUSDT,60,1771315200000,9.191,9.213,9.145,9.151,78055.8,716392.174,1
BYBIT,AVAXUSDT,60,1771318800000,9.151,9.165,9.103,9.127,82752.6,755042.804,1
BYBIT,AVAXUSDT,60,1771322400000,9.127,9.127,9.049,9.078,80646.0,732232.469,1
BYBIT,AVAXUSDT,60,1771326000000,9.078,9.123,9.065,9.107,43057.7,391858.0372,1
BYBIT,AVAXUSDT,60,1771329600000,9.107,9.176,9.1,9.139,94856.6,866992.7703,1
BYBIT,AVAXUSDT,60,1771333200000,9.139,9.225,9.12,9.195,130695.2,1200435.8384,1
BYBIT,AVAXUSDT,60,1771336800000,9.195,9.224,8.996,9.035,229948.8,2092133.1491,1
BYBIT,AVAXUSDT,60,1771340400000,9.035,9.107,8.991,9.073,570055.5,5146527.1203,1
BYBIT,AVAXUSDT,60,1771344000000,9.073,9.289,9.069,9.141,385899.3,3543508.5399,1
BYBIT,AVAXUSDT,60,1771347600000,9.141,9.162,9.029,9.068,236204.0,2147160.1465,1
BYBIT,AVAXUSDT,60,1771351200000,9.068,9.251,9.058,9.218,161004.0,1474149.2171,1
BYBIT,AVAXUSDT,60,1771354800000,9.218,9.243,9.167,9.172,61896.5,569685.2048,1
BYBIT,AVAXUSDT,60,1771358400000,9.172,9.184,9.124,9.156,41036.5,375805.1022,1
BYBIT,AVAXUSDT,60,1771362000000,9.156,9.187,9.134,9.166,32670.6,299214.9213,1
BYBIT,AVAXUSDT,60,1771365600000,9.166,9.192,9.146,9.153,27865.6,255442.0607,1
BYBIT,AVAXUSDT,60,1771369200000,9.153,9.169,9.122,9.134,63838.1,583568.0003,1
BYBIT,AVAXUSDT,60,1771372800000,9.134,9.144,9.098,9.104,80648.3,735824.1765,1
BYBIT,AVAXUSDT,60,1771376400000,9.104,9.113,9.06,9.101,91223.4,829407.2562,1
BYBIT,AVAXUSDT,60,1771380000000,9.101,9.162,9.099,9.105,57885.8,528547.3697,1
BYBIT,AVAXUSDT,60,1771383600000,9.105,9.129,9.091,9.105,37740.8,343873.8741,1
BYBIT,AVAXUSDT,60,1771387200000,9.105,9.115,9.063,9.069,96856.5,880497.9597,1
BYBIT,AVAXUSDT,60,1771390800000,9.069,9.079,9.027,9.03,70525.9,638757.562,1
BYBIT,AVAXUSDT,60,1771394400000,9.03,9.085,9.03,9.054,49935.5,451990.6863,1
BYBIT,AVAXUSDT,60,1771398000000,9.054,9.142,9.049,9.122,83540.3,760689.423,1
BYBIT,AVAXUSDT,60,1771401600000,9.122,9.204,9.122,9.134,82683.6,756779.5988,1
BYBIT,AVAXUSDT,60,1771405200000,9.134,9.14,9.109,9.113,39992.6,364942.8508,1
BYBIT,AVAXUSDT,60,1771408800000,9.113,9.144,9.079,9.085,68164.9,620542.0241,1
BYBIT,AVAXUSDT,60,1771412400000,9.085,9.097,8.993,9.035,111186.6,1004999.8274,1
BYBIT,AVAXUSDT,60,1771416000000,9.035,9.065,9.008,9.04,78552.3,710119.8293,1
BYBIT,AVAXUSDT,60,1771419600000,9.04,9.057,8.958,8.986,109464.7,985526.3285,1
BYBIT,AVAXUSDT,60,1771423200000,8.986,9.021,8.934,9.011,167368.7,1503572.3157,1
BYBIT,AVAXUSDT,60,1771426800000,9.011,9.198,9.008,9.109,193875.8,1768423.6029,1
BYBIT,AVAXUSDT,60,1771430400000,9.109,9.113,9.004,9.027,120144.3,1085985.7267,1
BYBIT,AVAXUSDT,60,1771434000000,9.027,9.108,9.008,9.011,79364.4,718274.6798,1
BYBIT,AVAXUSDT,60,1771437600000,9.011,9.022,8.894,8.919,341651.1,3054583.2418,1
BYBIT,AVAXUSDT,60,1771441200000,8.919,8.95,8.812,8.874,256778.1,2277854.7996,1
BYBIT,AVAXUSDT,60,1771444800000,8.874,8.914,8.85,8.868,144092.1,1279465.2124,1
BYBIT,AVAXUSDT,60,1771448400000,8.868,8.901,8.842,8.846,91237.7,808929.5488,1
BYBIT,AVAXUSDT,60,1771452000000,8.846,8.86,8.792,8.844,81184.4,716708.7833,1
BYBIT,AVAXUSDT,60,1771455600000,8.844,8.855,8.826,8.852,43424.9,383943.4716,1
BYBIT,AVAXUSDT,60,1771459200000,8.852,8.864,8.824,8.834,85318.8,754779.0011,1
BYBIT,AVAXUSDT,60,1771462800000,8.834,8.906,8.833,8.906,62021.6,550249.7508,1
BYBIT,AVAXUSDT,60,1771466400000,8.906,8.919,8.86,8.891,66681.6,592953.8239,1
BYBIT,AVAXUSDT,60,1771470000000,8.891,8.923,8.881,8.906,68575.0,610345.1313,1
BYBIT,AVAXUSDT,60,1771473600000,8.906,8.934,8.89,8.89,47789.5,425792.3392,1
BYBIT,AVAXUSDT,60,1771477200000,8.89,8.896,8.829,8.864,49428.3,437863.7783,1
BYBIT,AVAXUSDT,60,1771480800000,8.864,8.926,8.86,8.902,33791.2,300650.0261,1
BYBIT,AVAXUSDT,60,1771484400000,8.902,8.919,8.876,8.898,58684.3,522226.4905,1
BYBIT,AVAXUSDT,60,1771488000000,8.898,8.898,8.798,8.827,79880.5,706386.427,1
BYBIT,AVAXUSDT,60,1771491600000,8.827,8.866,8.814,8.825,87128.5,769485.9264,1
BYBIT,AVAXUSDT,60,1771495200000,8.825,8.849,8.793,8.819,69490.6,613167.4746,1
BYBIT,AVAXUSDT,60,1771498800000,8.819,8.834,8.776,8.786,76798.7,675865.4051,1
BYBIT,AVAXUSDT,60,1771502400000,8.786,8.814,8.771,8.789,64572.8,567824.1204,1
BYBIT,AVAXUSDT,60,1771506000000,8.789,8.793,8.654,8.699,231943.3,2022791.8863,1
BYBIT,AVAXUSDT,60,1771509600000,8.699,8.801,8.678,8.776,218035.5,1904006.6966,1
BYBIT,AVAXUSDT,60,1771513200000,8.776,8.859,8.751,8.814,307180.9,2704717.6608,1
BYBIT,AVAXUSDT,60,1771516800000,8.814,8.901,8.731,8.835,513250.7,4539291.0155,1
BYBIT,AVAXUSDT,60,1771520400000,8.835,8.939,8.77,8.798,242508.9,2146992.1363,1
BYBIT,AVAXUSDT,60,1771524000000,8.798,8.908,8.784,8.888,179936.1,1594115.8684,1
BYBIT,AVAXUSDT,60,1771527600000,8.888,8.913,8.824,8.884,93349.2,828185.0553,1
BYBIT,AVAXUSDT,60,1771531200000,8.884,8.921,8.862,8.894,74710.2,664355.9315,1
BYBIT,AVAXUSDT,60,1771534800000,8.894,8.912,8.882,8.89,62312.7,554484.0279,1
BYBIT,AVAXUSDT,60,1771538400000,8.89,8.902,8.851,8.898,60254.3,535185.3025,1
BYBIT,AVAXUSDT,60,1771542000000,8.898,8.916,8.886,8.894,58015.6,516402.7851,1
BYBIT,AVAXUSDT,60,1771545600000,8.894,8.965,8.885,8.936,94150.9,840465.0406,1
BYBIT,AVAXUSDT,60,1771549200000,8.936,8.947,8.91,8.928,61767.4,551501.6637,1
BYBIT,AVAXUSDT,60,1771552800000,8.928,8.948,8.916,8.926,32035.5,286134.3099,1
BYBIT,AVAXUSDT,60,1771556400000,8.926,8.961,8.922,8.937,45904.6,410388.7162,1
BYBIT,AVAXUSDT,60,1771560000000,8.937,8.942,8.877,8.92,83330.1,742729.504,1
BYBIT,AVAXUSDT,60,1771563600000,8.92,9.032,8.903,9.0,159227.7,1430466.7573,1
BYBIT,AVAXUSDT,60,1771567200000,9.0,9.083,8.986,9.079,131362.8,1186002.9063,1
BYBIT,AVAXUSDT,60,1771570800000,9.079,9.288,9.079,9.195,371307.8,3414506.2716,1
BYBIT,AVAXUSDT,60,1771574400000,9.195,9.27,9.19,9.219,162190.3,1498373.5465,1
BYBIT,AVAXUSDT,60,1771578000000,9.219,9.331,9.217,9.282,179089.0,1661271.2351,1
BYBIT,AVAXUSDT,60,1771581600000,9.282,9.36,9.219,9.23,193933.0,1804420.4851,1
BYBIT,AVAXUSDT,60,1771585200000,9.23,9.235,9.094,9.109,233142.9,2133052.9107,1
BYBIT,AVAXUSDT,60,1771588800000,9.109,9.123,9.08,9.098,128408.1,1169211.7848,1
BYBIT,AVAXUSDT,60,1771592400000,9.098,9.123,8.923,8.974,292927.7,2634904.1317,1
BYBIT,AVAXUSDT,60,1771596000000,8.974,9.058,8.968,9.019,154060.7,1388470.9657,1
BYBIT,AVAXUSDT,60,1771599600000,9.019,9.191,9.014,9.171,372871.4,3397419.0923,1
BYBIT,AVAXUSDT,60,1771603200000,9.171,9.242,9.096,9.154,275423.5,2525256.3931,1
BYBIT,AVAXUSDT,60,1771606800000,9.154,9.159,8.993,9.148,287787.9,2611039.7761,1
BYBIT,AVAXUSDT,60,1771610400000,9.148,9.173,9.082,9.132,197172.9,1800275.3254,1
BYBIT,AVAXUSDT,60,1771614000000,9.132,9.152,9.098,9.146,80182.0,731326.6788,1
BYBIT,AVAXUSDT,60,1771617600000,9.146,9.157,9.088,9.128,49251.8,449584.1587,1
BYBIT,AVAXUSDT,60,1771621200000,9.128,9.151,9.108,9.145,65899.3,601789.9093,1
BYBIT,AVAXUSDT,60,1771624800000,9.145,9.165,9.112,9.143,56367.7,515260.7185,1
BYBIT,AVAXUSDT,60,1771628400000,9.143,9.173,9.128,9.165,117836.9,1078380.9544,1
BYBIT,AVAXUSDT,60,1771632000000,9.165,9.173,9.115,9.132,114073.6,1042825.1641,1
BYBIT,AVAXUSDT,60,1771635600000,9.132,9.155,9.116,9.15,48193.7,440159.9672,1
BYBIT,AVAXUSDT,60,1771639200000,9.15,9.196,9.145,9.185,57073.2,523671.9182,1
BYBIT,AVAXUSDT,60,1771642800000,9.185,9.191,9.131,9.16,55460.6,507786.9723,1
BYBIT,AVAXUSDT,60,1771646400000,9.16,9.177,9.142,9.174,43264.2,396174.9547,1
BYBIT,AVAXUSDT,60,1771650000000,9.174,9.206,9.174,9.2,51842.6,476594.5383,1
BYBIT,AVAXUSDT,60,1771653600000,9.2,9.203,9.13,9.147,42385.6,388546.4393,1
BYBIT,AVAXUSDT,60,1771657200000,9.147,9.162,9.133,9.151,38377.4,351053.761,1
BYBIT,AVAXUSDT,60,1771660800000,9.151,9.214,9.138,9.208,67958.1,622848.6883,1
BYBIT,AVAXUSDT,60,1771664400000,9.208,9.258,9.193,9.228,105953.2,978056.6448,1
BYBIT,AVAXUSDT,60,1771668000000,9.228,9.286,9.228,9.258,74625.2,691032.2375,1
BYBIT,AVAXUSDT,60,1771671600000,9.258,9.295,9.251,9.272,63920.3,592836.6809,1
BYBIT,AVAXUSDT,60,1771675200000,9.272,9.287,9.248,9.282,60749.0,562975.0549,1
BYBIT,AVAXUSDT,60,1771678800000,9.282,9.348,9.277,9.345,86874.6,808921.5109,1
BYBIT,AVAXUSDT,60,1771682400000,9.345,9.446,9.326,9.348,229888.9,2159793.054,1
BYBIT,AVAXUSDT,60,1771686000000,9.348,9.367,9.247,9.278,173954.7,1616507.4489,1
BYBIT,AVAXUSDT,60,1771689600000,9.278,9.285,9.192,9.22,176059.0,1625691.4088,1
BYBIT,AVAXUSDT,60,1771693200000,9.22,9.275,9.206,9.263,63630.9,588110.4383,1
BYBIT,AVAXUSDT,60,1771696800000,9.263,9.306,9.26,9.301,76952.2,714386.9065,1
BYBIT,AVAXUSDT,60,1771700400000,9.301,9.303,9.249,9.26,38809.3,360072.1055,1
BYBIT,AVAXUSDT,60,1771704000000,9.26,9.269,9.143,9.148,450133.8,4139891.8208,1
BYBIT,AVAXUSDT,60,1771707600000,9.148,9.194,9.132,9.189,145492.4,1334529.777,1
BYBIT,AVAXUSDT,60,1771711200000,9.189,9.192,9.153,9.156,88055.4,807469.6353,1
BYBIT,AVAXUSDT,60,1771714800000,9.156,9.16,9.097,9.109,404622.1,3685985.3553,1
BYBIT,AVAXUSDT,60,1771718400000,9.109,9.109,9.018,9.055,213782.2,1937781.8762,1
BYBIT,AVAXUSDT,60,1771722000000,9.055,9.094,9.035,9.073,378833.8,3434832.9003,1
BYBIT,AVAXUSDT,60,1771725600000,9.073,9.099,9.026,9.03,106236.7,962290.2711,1
BYBIT,AVAXUSDT,60,1771729200000,9.03,9.058,9.001,9.042,110584.8,999133.3687,1
BYBIT,AVAXUSDT,60,1771732800000,9.042,9.06,9.032,9.036,61730.9,558170.166,1
BYBIT,AVAXUSDT,60,1771736400000,9.036,9.04,8.986,9.002,76240.2,686476.1845,1
BYBIT,AVAXUSDT,60,1771740000000,9.002,9.008,8.955,9.001,125218.0,1124938.3253,1
BYBIT,AVAXUSDT,60,1771743600000,9.001,9.023,8.992,9.007,68764.8,619380.4947,1
BYBIT,AVAXUSDT,60,1771747200000,9.007,9.017,8.968,8.978,67452.3,606238.4429,1
BYBIT,AVAXUSDT,60,1771750800000,8.978,8.991,8.967,8.985,39887.1,358138.0862,1
BYBIT,AVAXUSDT,60,1771754400000,8.985,9.054,8.985,9.022,80121.2,723155.2897,1
BYBIT,AVAXUSDT,60,1771758000000,9.022,9.029,8.993,9.0,58381.9,525993.0889,1
BYBIT,AVAXUSDT,60,1771761600000,9.0,9.003,8.898,8.926,220989.2,1976682.803,1
BYBIT,AVAXUSDT,60,1771765200000,8.926,8.93,8.866,8.899,162846.9,1448454.3374,1
BYBIT,AVAXUSDT,60,1771768800000,8.899,8.9,8.82,8.859,161665.0,1432714.4567,1
BYBIT,AVAXUSDT,60,1771772400000,8.859,8.893,8.809,8.879,127017.7,1124169.2965,1
BYBIT,AVAXUSDT,60,1771776000000,8.879,8.879,8.842,8.871,63144.1,559527.8856,1
BYBIT,AVAXUSDT,60,1771779600000,8.871,8.875,8.791,8.807,173450.6,1529601.3023,1
BYBIT,AVAXUSDT,60,1771783200000,8.807,8.828,8.793,8.811,73594.5,648428.5323,1
BYBIT,AVAXUSDT,60,1771786800000,8.811,8.821,8.787,8.811,53675.0,472753.7237,1
BYBIT,AVAXUSDT,60,1771790400000,8.811,8.815,8.784,8.793,52546.0,462548.9727,1
BYBIT,AVAXUSDT,60,1771794000000,8.793,8.828,8.785,8.817,78209.8,688658.0201,1
BYBIT,AVAXUSDT,60,1771797600000,8.817,8.86,8.808,8.857,101859.5,899599.3997,1
BYBIT,AVAXUSDT,60,1771801200000,8.857,8.882,8.825,8.871,72465.0,641480.0946,1
BYBIT,AVAXUSDT,60,1771804800000,8.871,8.887,8.767,8.777,144109.4,1273290.0435,1
BYBIT,AVAXUSDT,60,1771808400000,8.777,8.779,8.335,8.357,1435460.4,12217973.6472,1
BYBIT,AVAXUSDT,60,1771812000000,8.357,8.427,8.325,8.408,253455.6,2124795.6498,1
BYBIT,AVAXUSDT,60,1771815600000,8.408,8.455,8.357,8.413,295999.2,2488096.3592,1
BYBIT,AVAXUSDT,60,1771819200000,8.413,8.417,8.328,8.358,159471.3,1335405.1458,1
BYBIT,AVAXUSDT,60,1771822800000,8.358,8.439,8.351,8.422,150170.5,1262242.8152,1
BYBIT,AVAXUSDT,60,1771826400000,8.422,8.572,8.417,8.567,251263.3,2140471.3499,1
BYBIT,AVAXUSDT,60,1771830000000,8.567,8.604,8.541,8.556,118036.5,1011367.4772,1
BYBIT,AVAXUSDT,60,1771833600000,8.556,8.556,8.497,8.508,197155.5,1679782.4413,1
BYBIT,AVAXUSDT,60,1771837200000,8.508,8.715,8.508,8.691,287714.8,2483392.5274,1
BYBIT,AVAXUSDT,60,1771840800000,8.691,8.723,8.665,8.675,160246.8,1391113.4232,1
BYBIT,AVAXUSDT,60,1771844400000,8.675,8.712,8.631,8.649,134212.4,1163574.9594,1
BYBIT,AVAXUSDT,60,1771848000000,8.649,8.774,8.646,8.732,199531.0,1737205.3535,1
BYBIT,AVAXUSDT,60,1771851600000,8.732,8.742,8.681,8.684,95302.2,830459.2957,1
BYBIT,AVAXUSDT,60,1771855200000,8.684,8.696,8.578,8.633,199768.5,1725897.2359,1
BYBIT,AVAXUSDT,60,1771858800000,8.633,8.647,8.543,8.559,189785.3,1631231.9832,1
BYBIT,AVAXUSDT,60,1771862400000,8.559,8.612,8.511,8.551,221815.1,1897773.7898,1
BYBIT,AVAXUSDT,60,1771866000000,8.551,8.569,8.327,8.433,379741.8,3201706.7187,1
BYBIT,AVAXUSDT,60,1771869600000,8.433,8.507,8.402,8.411,173622.0,1465568.6666,1
BYBIT,AVAXUSDT,60,1771873200000,8.411,8.435,8.355,8.36,136367.5,1144478.2982,1
BYBIT,AVAXUSDT,60,1771876800000,8.36,8.367,8.262,8.34,248346.4,2065043.0843,1
BYBIT,AVAXUSDT,60,1771880400000,8.34,8.412,8.329,8.396,147338.1,1232764.7547,1
BYBIT,AVAXUSDT,60,1771884000000,8.396,8.442,8.389,8.405,146036.7,1229512.0097,1
BYBIT,AVAXUSDT,60,1771887600000,8.405,8.434,8.351,8.36,84479.9,708486.4549,1
BYBIT,AVAXUSDT,60,1771891200000,8.36,8.43,8.359,8.413,226709.0,1903334.2422,1
BYBIT,AVAXUSDT,60,1771894800000,8.413,8.436,8.207,8.365,447966.1,3725809.2797,1
BYBIT,AVAXUSDT,60,1771898400000,8.365,8.418,8.344,8.379,96876.2,811231.7781,1
BYBIT,AVAXUSDT,60,1771902000000,8.379,8.379,8.269,8.301,136966.9,1138659.4764,1
BYBIT,AVAXUSDT,60,1771905600000,8.301,8.316,8.238,8.267,158232.5,1309937.2725,1
BYBIT,AVAXUSDT,60,1771909200000,8.267,8.305,8.202,8.246,175577.3,1447079.7826,1
BYBIT,AVAXUSDT,60,1771912800000,8.246,8.274,8.222,8.232,99393.7,820142.8492,1
BYBIT,AVAXUSDT,60,1771916400000,8.232,8.274,8.214,8.249,108583.1,895788.1145,1
BYBIT,AVAXUSDT,60,1771920000000,8.249,8.318,8.22,8.302,133433.4,1103030.3695,1
BYBIT,AVAXUSDT,60,1771923600000,8.302,8.303,8.225,8.28,89411.7,739172.2218,1
BYBIT,AVAXUSDT,60,1771927200000,8.28,8.288,8.256,8.272,83311.1,689027.7845,1
BYBIT,AVAXUSDT,60,1771930800000,8.272,8.324,8.252,8.308,197919.1,1640765.1063,1
BYBIT,AVAXUSDT,60,1771934400000,8.308,8.356,8.292,8.295,107480.2,894511.5794,1
BYBIT,AVAXUSDT,60,1771938000000,8.295,8.308,8.192,8.249,266722.8,2201309.581,1
BYBIT,AVAXUSDT,60,1771941600000,8.249,8.371,8.172,8.316,301736.9,2493477.5956,1
BYBIT,AVAXUSDT,60,1771945200000,8.316,8.364,8.295,8.325,187093.8,1558135.9056,1
BYBIT,AVAXUSDT,60,1771948800000,8.325,8.411,8.315,8.387,203032.3,1698601.1613,1
BYBIT,AVAXUSDT,60,1771952400000,8.387,8.404,8.351,8.379,146904.9,1230783.7266,1
BYBIT,AVAXUSDT,60,1771956000000,8.379,8.432,8.338,8.392,130603.9,1094520.2675,1
BYBIT,AVAXUSDT,60,1771959600000,8.392,8.416,8.318,8.342,97352.9,813795.1656,1
BYBIT,AVAXUSDT,60,1771963200000,8.342,8.371,8.33,8.35,42888.4,358190.4947,1
BYBIT,AVAXUSDT,60,1771966800000,8.35,8.35,8.274,8.302,110246.1,915129.7026,1
BYBIT,AVAXUSDT,60,1771970400000,8.302,8.343,8.282,8.312,69680.2,579635.0493,1
BYBIT,AVAXUSDT,60,1771974000000,8.312,8.313,8.248,8.277,67893.1,562276.8619,1
BYBIT,AVAXUSDT,60,1771977600000,8.277,8.33,8.257,8.319,100330.7,831162.9989,1
BYBIT,AVAXUSDT,60,1771981200000,8.319,8.692,8.313,8.613,686925.5,5878465.4463,1
BYBIT,AVAXUSDT,60,1771984800000,8.613,8.704,8.607,8.622,332924.0,2882104.1237,1
BYBIT,AVAXUSDT,60,1771988400000,8.622,8.638,8.501,8.507,200738.6,1717270.8682,1
BYBIT,AVAXUSDT,60,1771992000000,8.507,8.563,8.449,8.53,210960.7,1796913.4674,1
BYBIT,AVAXUSDT,60,1771995600000,8.53,8.534,8.408,8.467,148764.9,1259947.644,1
BYBIT,AVAXUSDT,60,1771999200000,8.467,8.533,8.466,8.496,80230.0,682153.5779,1
BYBIT,AVAXUSDT,60,1772002800000,8.496,8.575,8.496,8.572,142957.3,1221573.2327,1
BYBIT,AVAXUSDT,60,1772006400000,8.572,8.631,8.538,8.622,121041.2,1039010.8569,1
BYBIT,AVAXUSDT,60,1772010000000,8.622,8.745,8.617,8.731,118844.8,1032347.4952,1
BYBIT,AVAXUSDT,60,1772013600000,8.731,8.83,8.731,8.796,288683.5,2532793.1459,1
BYBIT,AVAXUSDT,60,1772017200000,8.796,8.984,8.765,8.969,395121.9,3516765.1603,1
BYBIT,AVAXUSDT,60,1772020800000,8.969,9.333,8.956,9.307,1219998.5,11180842.9255,1
BYBIT,AVAXUSDT,60,1772024400000,9.307,9.51,9.307,9.392,959782.6,9051090.6772,1
BYBIT,AVAXUSDT,60,1772028000000,9.392,9.495,9.32,9.476,601122.8,5653135.7342,1
BYBIT,AVAXUSDT,60,1772031600000,9.476,9.599,9.455,9.53,555188.6,5284569.4607,1
BYBIT,AVAXUSDT,60,1772035200000,9.53,9.817,9.53,9.791,775172.4,7513553.2787,1
BYBIT,AVAXUSDT,60,1772038800000,9.791,9.821,9.61,9.662,861590.7,8350343.8487,1
BYBIT,AVAXUSDT,60,1772042400000,9.662,9.771,9.577,9.733,402010.4,3887216.0814,1
BYBIT,AVAXUSDT,60,1772046000000,9.733,9.772,9.629,9.745,244103.6,2368194.216,1
BYBIT,AVAXUSDT,60,1772049600000,9.745,9.782,9.645,9.682,328736.9,3188501.6563,1
BYBIT,AVAXUSDT,60,1772053200000,9.682,9.836,9.636,9.703,477886.4,4648425.1059,1
BYBIT,AVAXUSDT,60,1772056800000,9.703,9.74,9.529,9.585,282410.0,2720492.8049,1
BYBIT,AVAXUSDT,60,1772060400000,9.585,9.647,9.415,9.515,344099.5,3269060.5494,1
BYBIT,AVAXUSDT,60,1772064000000,9.515,9.633,9.477,9.517,380761.7,3638920.8512,1
BYBIT,AVAXUSDT,60,1772067600000,9.517,9.568,9.492,9.497,148031.0,1410746.9037,1
BYBIT,AVAXUSDT,60,1772071200000,9.497,9.515,9.425,9.477,176697.5,1673453.2758,1
BYBIT,AVAXUSDT,60,1772074800000,9.477,9.493,9.422,9.449,104087.0,984544.8786,1
BYBIT,AVAXUSDT,60,1772078400000,9.449,9.562,9.439,9.499,141530.5,1344522.7984,1
BYBIT,AVAXUSDT,60,1772082000000,9.499,9.505,9.395,9.426,218007.4,2055538.2245,1
BYBIT,AVAXUSDT,60,1772085600000,9.426,9.452,9.34,9.359,316709.9,2973552.7092,1
BYBIT,AVAXUSDT,60,1772089200000,9.359,9.385,9.313,9.317,182730.8,1708306.4501,1
BYBIT,AVAXUSDT,60,1772092800000,9.317,9.376,9.31,9.32,177559.5,1657653.5199,1
BYBIT,AVAXUSDT,60,1772096400000,9.32,9.405,9.313,9.377,322422.1,3020437.3075,1
BYBIT,AVAXUSDT,60,1772100000000,9.377,9.395,9.278,9.292,188414.0,1758675.0531,1
BYBIT,AVAXUSDT,60,1772103600000,9.292,9.3,9.228,9.236,227014.7,2100608.9104,1
BYBIT,AVAXUSDT,60,1772107200000,9.236,9.359,9.231,9.348,168588.9,1566818.7144,1
BYBIT,AVAXUSDT,60,1772110800000,9.348,9.371,9.31,9.326,115123.4,1074835.974,1
BYBIT,AVAXUSDT,60,1772114400000,9.326,9.393,9.272,9.319,384666.6,3589925.6071,1
BYBIT,AVAXUSDT,60,1772118000000,9.319,9.35,9.206,9.301,403487.3,3740130.8444,1
BYBIT,AVAXUSDT,60,1772121600000,9.301,9.32,9.087,9.108,597318.7,5480460.4603,1
BYBIT,AVAXUSDT,60,1772125200000,9.108,9.186,9.088,9.112,222782.8,2036494.5265,1
BYBIT,AVAXUSDT,60,1772128800000,9.112,9.226,9.086,9.212,152645.7,1398903.5323,1
BYBIT,AVAXUSDT,60,1772132400000,9.212,9.36,9.206,9.299,428191.4,3977892.6512,1
BYBIT,AVAXUSDT,60,1772136000000,9.299,9.334,9.229,9.245,185830.8,1723790.9332,1
BYBIT,AVAXUSDT,60,1772139600000,9.245,9.268,9.228,9.241,89761.0,830130.9645,1
BYBIT,AVAXUSDT,60,1772143200000,9.241,9.324,9.236,9.322,134930.3,1253477.7295,1
BYBIT,AVAXUSDT,60,1772146800000,9.322,9.331,9.292,9.3,48505.7,451715.1844,1
BYBIT,AVAXUSDT,60,1772150400000,9.3,9.309,9.246,9.28,105633.4,980434.4624,1
BYBIT,AVAXUSDT,60,1772154000000,9.28,9.305,9.24,9.304,82939.3,769444.7265,1
BYBIT,AVAXUSDT,60,1772157600000,9.304,9.385,9.299,9.348,268885.4,2513072.6288,1
BYBIT,AVAXUSDT,60,1772161200000,9.348,9.426,9.32,9.41,103407.8,968161.9461,1
BYBIT,AVAXUSDT,60,1772164800000,9.41,9.483,9.386,9.397,270978.9,2558271.6998,1
BYBIT,AVAXUSDT,60,1772168400000,9.397,9.425,9.377,9.414,87648.1,824256.8313,1
BYBIT,AVAXUSDT,60,1772172000000,9.414,9.437,9.357,9.402,244452.6,2297776.7079,1
BYBIT,AVAXUSDT,60,1772175600000,9.402,9.413,9.337,9.38,124358.9,1165143.9759,1
BYBIT,AVAXUSDT,60,1772179200000,9.38,9.424,9.354,9.373,170430.2,1599057.5407,1
BYBIT,AVAXUSDT,60,1772182800000,9.373,9.387,9.24,9.268,178766.6,1664479.337,1
BYBIT,AVAXUSDT,60,1772186400000,9.268,9.273,9.074,9.097,438995.4,4028836.9243,1
BYBIT,AVAXUSDT,60,1772190000000,9.097,9.124,8.981,9.026,402474.4,3648572.2933,1
BYBIT,AVAXUSDT,60,1772193600000,9.026,9.052,8.99,9.014,155452.2,1401370.514,1
BYBIT,AVAXUSDT,60,1772197200000,9.014,9.048,8.914,8.998,384617.2,3452664.6356,1
BYBIT,AVAXUSDT,60,1772200800000,8.998,9.007,8.931,8.954,189135.8,1696172.0331,1
BYBIT,AVAXUSDT,60,1772204400000,8.954,9.022,8.94,9.01,167418.3,1504675.933,1
BYBIT,AVAXUSDT,60,1772208000000,9.01,9.012,8.888,8.904,231111.7,2068774.3855,1
BYBIT,AVAXUSDT,60,1772211600000,8.904,8.953,8.853,8.948,191493.9,1704298.0162,1
BYBIT,AVAXUSDT,60,1772215200000,8.948,8.981,8.926,8.931,97755.4,874928.1299,1
BYBIT,AVAXUSDT,60,1772218800000,8.931,8.948,8.845,8.889,297028.0,2641662.4433,1
BYBIT,AVAXUSDT,60,1772222400000,8.889,8.914,8.875,8.897,97701.2,868591.1698,1
BYBIT,AVAXUSDT,60,1772226000000,8.897,8.939,8.867,8.885,77469.5,689831.7502,1
BYBIT,AVAXUSDT,60,1772229600000,8.885,8.902,8.778,8.886,168670.3,1491385.3438,1
BYBIT,AVAXUSDT,60,1772233200000,8.886,8.963,8.881,8.946,139629.8,1247432.4516,1
BYBIT,AVAXUSDT,60,1772236800000,8.946,8.971,8.938,8.956,99464.1,890462.7456,1
BYBIT,AVAXUSDT,60,1772240400000,8.956,8.963,8.893,8.903,64348.7,574033.1441,1
BYBIT,AVAXUSDT,60,1772244000000,8.903,8.932,8.9,8.928,38529.6,343628.0001,1
BYBIT,AVAXUSDT,60,1772247600000,8.928,8.928,8.871,8.88,59551.4,529549.9563,1
BYBIT,AVAXUSDT,60,1772251200000,8.88,8.89,8.836,8.881,112771.0,1000083.0863,1
BYBIT,AVAXUSDT,60,1772254800000,8.881,8.901,8.848,8.878,75880.4,673336.7606,1
BYBIT,AVAXUSDT,60,1772258400000,8.878,8.878,8.504,8.531,1077037.8,9349311.1317,1
BYBIT,AVAXUSDT,60,1772262000000,8.531,8.725,8.482,8.615,412973.9,3557593.1954,1
BYBIT,AVAXUSDT,60,1772265600000,8.615,8.621,8.471,8.48,190080.3,1623214.2604,1
BYBIT,AVAXUSDT,60,1772269200000,8.48,8.501,8.423,8.478,194078.7,1642664.3054,1
BYBIT,AVAXUSDT,60,1772272800000,8.478,8.553,8.43,8.501,229767.8,1950625.3142,1
BYBIT,AVAXUSDT,60,1772276400000,8.501,8.557,8.465,8.467,139169.2,1185617.0882,1
BYBIT,AVAXUSDT,60,1772280000000,8.467,8.514,8.457,8.507,118721.6,1007656.226,1
BYBIT,AVAXUSDT,60,1772283600000,8.507,8.706,8.479,8.695,461774.8,3978283.5539,1
BYBIT,AVAXUSDT,60,1772287200000,8.695,8.742,8.582,8.601,506657.4,4387250.9533,1
BYBIT,AVAXUSDT,60,1772290800000,8.601,8.66,8.544,8.626,232410.9,2000869.1926,1
BYBIT,AVAXUSDT,60,1772294400000,8.626,8.685,8.605,8.676,134103.9,1159111.5058,1
BYBIT,AVAXUSDT,60,1772298000000,8.676,8.744,8.63,8.728,283093.0,2455694.2256,1
BYBIT,AVAXUSDT,60,1772301600000,8.728,8.955,8.712,8.893,291697.9,2574303.9058,1
BYBIT,AVAXUSDT,60,1772305200000,8.893,8.987,8.818,8.925,307452.9,2736936.0206,1
BYBIT,AVAXUSDT,60,1772308800000,8.925,9.171,8.912,9.147,764456.6,6909042.5257,1
BYBIT,AVAXUSDT,60,1772312400000,9.147,9.194,9.087,9.126,310998.8,2841892.0267,1
BYBIT,AVAXUSDT,60,1772316000000,9.126,9.27,9.125,9.204,208562.0,1916375.2139,1
BYBIT,AVAXUSDT,60,1772319600000,9.204,9.211,9.125,9.163,188579.6,1729750.6841,1
BYBIT,AVAXUSDT,60,1772323200000,9.163,9.216,9.13,9.136,138973.4,1276600.4739,1
BYBIT,AVAXUSDT,60,1772326800000,9.136,9.34,9.058,9.268,291638.2,2679495.0638,1
BYBIT,AVAXUSDT,60,1772330400000,9.268,9.43,9.268,9.347,437677.6,4097534.4814,1
BYBIT,AVAXUSDT,60,1772334000000,9.347,9.378,9.236,9.26,178874.8,1661623.1364,1
BYBIT,AVAXUSDT,60,1772337600000,9.26,9.285,9.183,9.263,184218.8,1703078.3185,1
BYBIT,AVAXUSDT,60,1772341200000,9.263,9.3,9.258,9.261,66412.2,616204.7642,1
BYBIT,AVAXUSDT,60,1772344800000,9.261,9.27,9.159,9.182,183914.8,1691722.2331,1
BYBIT,AVAXUSDT,60,1772348400000,9.182,9.235,9.154,9.214,58636.3,539451.2371,1
BYBIT,AVAXUSDT,60,1772352000000,9.214,9.254,9.122,9.135,188607.5,1733963.4733,1
BYBIT,AVAXUSDT,60,1772355600000,9.135,9.224,9.095,9.138,161838.7,1481973.6786,1
BYBIT,AVAXUSDT,60,1772359200000,9.138,9.184,9.095,9.159,133240.4,1217277.7614,1
BYBIT,AVAXUSDT,60,1772362800000,9.159,9.174,9.104,9.118,78909.5,721422.4296,1
BYBIT,AVAXUSDT,60,1772366400000,9.118,9.143,9.061,9.067,165428.1,1504346.9084,1
BYBIT,AVAXUSDT,60,1772370000000,9.067,9.215,9.023,9.16,425914.2,3888931.1694,1
BYBIT,AVAXUSDT,60,1772373600000,9.16,9.233,9.111,9.136,223962.3,2054300.3609,1
BYBIT,AVAXUSDT,60,1772377200000,9.136,9.198,9.126,9.129,159120.7,1458591.6407,1
BYBIT,AVAXUSDT,60,1772380800000,9.129,9.164,8.951,9.017,412286.3,3734481.3837,1
BYBIT,AVAXUSDT,60,1772384400000,9.017,9.042,8.943,8.997,243736.9,2194832.476,1
BYBIT,AVAXUSDT,60,1772388000000,8.997,9.103,8.997,9.033,220953.1,2001375.8677,1
BYBIT,AVAXUSDT,60,1772391600000,9.033,9.034,8.935,8.947,208251.1,1869818.1265,1
BYBIT,AVAXUSDT,60,1772395200000,8.947,8.954,8.839,8.863,294109.5,2612394.4175,1
BYBIT,AVAXUSDT,60,1772398800000,8.863,8.952,8.86,8.94,133803.7,1191833.9694,1
BYBIT,AVAXUSDT,60,1772402400000,8.94,9.073,8.931,8.959,385981.7,3478256.5069,1
BYBIT,AVAXUSDT,60,1772406000000,8.959,9.067,8.946,9.027,145135.6,1309008.7606,1
BYBIT,AVAXUSDT,60,1772409600000,9.027,9.137,9.001,9.089,185166.7,1678105.6196,1
BYBIT,AVAXUSDT,60,1772413200000,9.089,9.2,9.08,9.099,174080.0,1589471.8839,1
BYBIT,AVAXUSDT,60,1772416800000,9.099,9.117,9.018,9.047,197772.5,1791045.5109,1
BYBIT,AVAXUSDT,60,1772420400000,9.047,9.147,9.029,9.118,117794.2,1072292.3535,1
BYBIT,AVAXUSDT,60,1772424000000,9.118,9.138,9.076,9.093,84321.0,768522.467,1
BYBIT,AVAXUSDT,60,1772427600000,9.093,9.11,9.048,9.061,78102.6,709182.8435,1
BYBIT,AVAXUSDT,60,1772431200000,9.061,9.064,8.932,8.952,137599.2,1235414.9039,1
BYBIT,AVAXUSDT,60,1772434800000,8.952,8.952,8.873,8.928,136600.0,1217082.9524,1
BYBIT,AVAXUSDT,60,1772438400000,8.928,8.978,8.858,8.966,189144.2,1685151.9336,1
BYBIT,AVAXUSDT,60,1772442000000,8.966,9.028,8.959,8.959,144660.4,1300781.1503,1
BYBIT,AVAXUSDT,60,1772445600000,8.959,8.969,8.919,8.96,92585.0,828283.7593,1
BYBIT,AVAXUSDT,60,1772449200000,8.96,9.0,8.926,8.971,146977.8,1317201.864,1
BYBIT,AVAXUSDT,60,1772452800000,8.971,8.978,8.932,8.948,146678.8,1313995.735,1
BYBIT,AVAXUSDT,60,1772456400000,8.948,8.971,8.898,8.909,201175.3,1797135.7884,1
BYBIT,AVAXUSDT,60,1772460000000,8.909,9.155,8.894,9.142,453424.1,4090277.207,1
BYBIT,AVAXUSDT,60,1772463600000,9.142,9.395,9.128,9.307,619977.6,5765084.9308,1
BYBIT,AVAXUSDT,60,1772467200000,9.307,9.475,9.307,9.366,538921.2,5059935.9814,1
BYBIT,AVAXUSDT,60,1772470800000,9.366,9.372,9.192,9.273,285499.3,2648886.5911,1
BYBIT,AVAXUSDT,60,1772474400000,9.273,9.291,9.197,9.23,167133.1,1546316.1708,1
BYBIT,AVAXUSDT,60,1772478000000,9.23,9.251,9.181,9.234,205406.8,1893614.7018,1
BYBIT,AVAXUSDT,60,1772481600000,9.234,9.281,9.185,9.217,160591.6,1482012.9354,1
BYBIT,AVAXUSDT,60,1772485200000,9.217,9.226,9.167,9.21,147511.6,1357005.8649,1
BYBIT,AVAXUSDT,60,1772488800000,9.21,9.283,9.21,9.26,107277.3,992312.8099,1
BYBIT,AVAXUSDT,60,1772492400000,9.26,9.266,9.143,9.169,173303.6,1591402.9677,1
BYBIT,AVAXUSDT,60,1772496000000,9.169,9.233,9.139,9.208,173507.4,1592018.7341,1
BYBIT,AVAXUSDT,60,1772499600000,9.208,9.253,9.152,9.154,130653.4,1203262.3716,1
BYBIT,AVAXUSDT,60,1772503200000,9.154,9.178,9.072,9.153,158290.7,1444025.9704,1
BYBIT,AVAXUSDT,60,1772506800000,9.153,9.172,9.1,9.148,57545.0,525758.4212,1
BYBIT,AVAXUSDT,60,1772510400000,9.148,9.173,9.1,9.109,55773.7,509694.841,1
BYBIT,AVAXUSDT,60,1772514000000,9.109,9.191,9.065,9.096,154356.0,1409446.5533,1
BYBIT,AVAXUSDT,60,1772517600000,9.096,9.109,9.06,9.095,72689.6,660995.4579,1
BYBIT,AVAXUSDT,60,1772521200000,9.095,9.14,9.087,9.108,79861.2,727875.9968,1
BYBIT,AVAXUSDT,60,1772524800000,9.108,9.126,8.984,8.995,261841.7,2364745.6506,1
BYBIT,AVAXUSDT,60,1772528400000,8.995,9.043,8.953,8.987,299386.5,2693521.1525,1
BYBIT,AVAXUSDT,60,1772532000000,8.987,9.001,8.936,8.984,158433.1,1420741.3847,1
BYBIT,AVAXUSDT,60,1772535600000,8.984,9.017,8.967,9.012,76425.0,687544.8364,1
BYBIT,AVAXUSDT,60,1772539200000,9.012,9.113,9.004,9.052,100416.5,909250.9227,1
BYBIT,AVAXUSDT,60,1772542800000,9.052,9.058,8.942,8.961,100641.3,904130.1714,1
BYBIT,AVAXUSDT,60,1772546400000,8.961,9.067,8.889,8.958,286771.7,2572111.5939,1
BYBIT,AVAXUSDT,60,1772550000000,8.958,9.18,8.935,9.158,316261.4,2862976.1054,1
BYBIT,AVAXUSDT,60,1772553600000,9.158,9.329,9.087,9.202,532773.6,4909298.9211,1
BYBIT,AVAXUSDT,60,1772557200000,9.202,9.247,9.127,9.236,193416.0,1777918.9617,1
BYBIT,AVAXUSDT,60,1772560800000,9.236,9.312,9.2,9.236,186294.3,1726575.2431,1
BYBIT,AVAXUSDT,60,1772564400000,9.236,9.245,9.157,9.174,177803.1,1635568.0756,1
BYBIT,AVAXUSDT,60,1772568000000,9.174,9.184,9.124,9.141,121810.4,1114982.7777,1
BYBIT,AVAXUSDT,60,1772571600000,9.141,9.141,9.067,9.105,112080.7,1019031.0136,1
BYBIT,AVAXUSDT,60,1772575200000,9.105,9.2,9.096,9.162,85625.6,783702.0778,1
BYBIT,AVAXUSDT,60,1772578800000,9.162,9.243,9.157,9.174,72401.9,666184.3345,1
BYBIT,AVAXUSDT,60,1772582400000,9.174,9.206,9.132,9.172,87330.3,801226.36,1
BYBIT,AVAXUSDT,60,1772586000000,9.172,9.241,9.141,9.18,107201.5,985847.8776,1
BYBIT,AVAXUSDT,60,1772589600000,9.18,9.224,9.146,9.215,53172.3,487978.0834,1
BYBIT,AVAXUSDT,60,1772593200000,9.215,9.22,9.094,9.169,144801.2,1324016.4228,1
BYBIT,AVAXUSDT,60,1772596800000,9.169,9.193,9.057,9.101,482609.8,4396667.6311,1
BYBIT,AVAXUSDT,60,1772600400000,9.101,9.108,9.001,9.043,181549.1,1644333.6981,1
BYBIT,AVAXUSDT,60,1772604000000,9.043,9.101,9.003,9.069,127919.0,1157224.0631,1
BYBIT,AVAXUSDT,60,1772607600000,9.069,9.193,9.045,9.18,174223.8,1586125.7482,1
BYBIT,AVAXUSDT,60,1772611200000,9.18,9.408,9.158,9.376,342455.5,3175915.7028,1
BYBIT,AVAXUSDT,60,1772614800000,9.376,9.49,9.347,9.387,349011.9,3287698.5166,1
BYBIT,AVAXUSDT,60,1772618400000,9.387,9.434,9.317,9.338,182052.5,1705729.3043,1
BYBIT,AVAXUSDT,60,1772622000000,9.338,9.373,9.271,9.297,127755.7,1191398.8875,1
BYBIT,AVAXUSDT,60,1772625600000,9.297,9.317,9.235,9.311,144103.0,1337407.4528,1
BYBIT,AVAXUSDT,60,1772629200000,9.311,9.371,9.307,9.344,153442.4,1433466.453,1
BYBIT,AVAXUSDT,60,1772632800000,9.344,9.524,9.339,9.374,423376.5,3984824.8456,1
BYBIT,AVAXUSDT,60,1772636400000,9.374,9.72,9.371,9.709,513408.6,4900258.6176,1
BYBIT,AVAXUSDT,60,1772640000000,9.709,9.747,9.525,9.571,336521.1,3247811.043,1
BYBIT,AVAXUSDT,60,1772643600000,9.571,9.638,9.504,9.601,174519.8,1670272.1504,1
BYBIT,AVAXUSDT,60,1772647200000,9.601,9.637,9.524,9.633,147129.4,1409980.9812,1
BYBIT,AVAXUSDT,60,1772650800000,9.633,9.781,9.613,9.664,337219.0,3270080.6076,1
BYBIT,AVAXUSDT,60,1772654400000,9.664,9.675,9.573,9.578,134986.3,1299609.664,1
BYBIT,AVAXUSDT,60,1772658000000,9.578,9.585,9.512,9.546,142086.8,1356772.5687,1
BYBIT,AVAXUSDT,60,1772661600000,9.546,9.609,9.457,9.48,248910.6,2370560.9008,1
BYBIT,AVAXUSDT,60,1772665200000,9.48,9.521,9.417,9.492,168779.6,1598038.2741,1
BYBIT,AVAXUSDT,60,1772668800000,9.492,9.499,9.442,9.464,161947.1,1534053.4323,1
BYBIT,AVAXUSDT,60,1772672400000,9.464,9.532,9.408,9.43,200878.4,1900487.1073,1
BYBIT,AVAXUSDT,60,1772676000000,9.43,9.516,9.43,9.475,105826.9,1002385.6523,1
BYBIT,AVAXUSDT,60,1772679600000,9.475,9.495,9.426,9.451,81309.7,769219.5453,1
BYBIT,AVAXUSDT,60,1772683200000,9.451,9.498,9.428,9.468,100572.7,951227.8949,1
BYBIT,AVAXUSDT,60,1772686800000,9.468,9.485,9.384,9.405,110679.0,1042228.8372,1
BYBIT,AVAXUSDT,60,1772690400000,9.405,9.456,9.354,9.438,129261.2,1215362.7251,1
BYBIT,AVAXUSDT,60,1772694000000,9.438,9.444,9.336,9.373,120470.6,1131480.0483,1
BYBIT,AVAXUSDT,60,1772697600000,9.373,9.427,9.356,9.425,102071.7,958398.718,1
BYBIT,AVAXUSDT,60,1772701200000,9.425,9.509,9.423,9.46,134541.5,1274594.7137,1
BYBIT,AVAXUSDT,60,1772704800000,9.46,9.577,9.437,9.548,190363.4,1811885.6631,1
BYBIT,AVAXUSDT,60,1772708400000,9.548,9.555,9.424,9.446,157555.6,1494228.194,1
BYBIT,AVAXUSDT,60,1772712000000,9.446,9.523,9.421,9.5,131008.1,1241096.0503,1
BYBIT,AVAXUSDT,60,1772715600000,9.5,9.505,9.377,9.426,188345.2,1776139.3361,1
BYBIT,AVAXUSDT,60,1772719200000,9.426,9.522,9.413,9.503,179862.1,1701165.2252,1
BYBIT,AVAXUSDT,60,1772722800000,9.503,9.515,9.332,9.398,210254.5,1976039.9321,1
BYBIT,AVAXUSDT,60,1772726400000,9.398,9.402,9.271,9.366,319439.2,2982287.7441,1
BYBIT,AVAXUSDT,60,1772730000000,9.366,9.425,9.25,9.27,197136.1,1836929.375,1
BYBIT,AVAXUSDT,60,1772733600000,9.27,9.362,9.255,9.352,116000.2,1079922.8795,1
BYBIT,AVAXUSDT,60,1772737200000,9.352,9.453,9.348,9.378,169193.3,1589515.9549,1
BYBIT,AVAXUSDT,60,1772740800000,9.378,9.501,9.367,9.469,134817.6,1274035.7704,1
BYBIT,AVAXUSDT,60,1772744400000,9.469,9.505,9.416,9.435,126476.4,1197305.2614,1
BYBIT,AVAXUSDT,60,1772748000000,9.435,9.439,9.384,9.404,78586.9,739285.7761,1
BYBIT,AVAXUSDT,60,1772751600000,9.404,9.422,9.366,9.374,82572.5,774825.7572,1
BYBIT,AVAXUSDT,60,1772755200000,9.374,9.392,9.354,9.377,62353.9,584375.1561,1
BYBIT,AVAXUSDT,60,1772758800000,9.377,9.436,9.32,9.422,172508.5,1621166.9258,1
BYBIT,AVAXUSDT,60,1772762400000,9.422,9.447,9.375,9.387,102632.8,965768.0179,1
BYBIT,AVAXUSDT,60,1772766000000,9.387,9.416,9.372,9.413,42124.0,395763.9814,1
BYBIT,AVAXUSDT,60,1772769600000,9.413,9.42,9.324,9.363,84586.7,792263.4406,1
BYBIT,AVAXUSDT,60,1772773200000,9.363,9.378,9.305,9.362,109420.3,1021772.5141,1
BYBIT,AVAXUSDT,60,1772776800000,9.362,9.392,9.317,9.357,203964.9,1906637.8417,1
BYBIT,AVAXUSDT,60,1772780400000,9.357,9.463,9.343,9.45,118624.7,1116436.8699,1
BYBIT,AVAXUSDT,60,1772784000000,9.45,9.451,9.387,9.397,70149.9,660406.1475,1
BYBIT,AVAXUSDT,60,1772787600000,9.397,9.401,9.277,9.309,147586.3,1374689.2316,1
BYBIT,AVAXUSDT,60,1772791200000,9.309,9.373,9.304,9.33,77832.6,727510.7735,1
BYBIT,AVAXUSDT,60,1772794800000,9.33,9.331,9.235,9.248,145466.4,1349837.0741,1
BYBIT,AVAXUSDT,60,1772798400000,9.248,9.25,9.161,9.207,249674.3,2297823.4992,1
BYBIT,AVAXUSDT,60,1772802000000,9.207,9.235,9.071,9.087,668278.7,6110054.207,1
BYBIT,AVAXUSDT,60,1772805600000,9.087,9.09,8.918,8.954,673116.3,6061625.1883,1
BYBIT,AVAXUSDT,60,1772809200000,8.954,9.038,8.937,8.968,259888.7,2334743.2392,1
BYBIT,AVAXUSDT,60,1772812800000,8.968,8.999,8.927,8.961,256646.5,2299785.2377,1
BYBIT,AVAXUSDT,60,1772816400000,8.961,8.98,8.871,8.912,232374.2,2073225.3487,1
BYBIT,AVAXUSDT,60,1772820000000,8.912,8.975,8.91,8.955,128512.7,1150820.2224,1
BYBIT,AVAXUSDT,60,1772823600000,8.955,8.99,8.944,8.961,72150.3,646646.5657,1
BYBIT,AVAXUSDT,60,1772827200000,8.961,8.972,8.92,8.953,90153.4,806566.4088,1
BYBIT,AVAXUSDT,60,1772830800000,8.953,9.029,8.95,9.026,143443.6,1290266.5652,1
BYBIT,AVAXUSDT,60,1772834400000,9.026,9.062,9.005,9.05,100671.2,908553.5082,1
BYBIT,AVAXUSDT,60,1772838000000,9.05,9.063,9.01,9.011,59415.6,536852.7669,1
BYBIT,AVAXUSDT,60,1772841600000,9.011,9.054,8.998,9.034,69231.3,624822.1903,1
BYBIT,AVAXUSDT,60,1772845200000,9.034,9.042,9.022,9.028,24523.6,221488.3675,1
BYBIT,AVAXUSDT,60,1772848800000,9.028,9.038,9.01,9.034,52386.6,472621.1983,1
BYBIT,AVAXUSDT,60,1772852400000,9.034,9.073,9.01,9.013,63504.2,574126.465,1
BYBIT,AVAXUSDT,60,1772856000000,9.013,9.019,8.972,9.0,87856.2,790245.46,1
BYBIT,AVAXUSDT,60,1772859600000,9.0,9.019,8.993,9.014,52938.1,476824.5198,1
BYBIT,AVAXUSDT,60,1772863200000,9.014,9.014,8.964,8.974,57874.4,519928.0387,1
BYBIT,AVAXUSDT,60,1772866800000,8.974,9.01,8.956,9.009,60361.1,542078.0739,1
BYBIT,AVAXUSDT,60,1772870400000,9.009,9.042,8.994,8.998,83671.7,755276.9849,1
BYBIT,AVAXUSDT,60,1772874000000,8.998,9.021,8.971,9.015,48395.0,435491.7549,1
BYBIT,AVAXUSDT,60,1772877600000,9.015,9.026,8.993,8.995,42106.0,379209.8154,1
BYBIT,AVAXUSDT,60,1772881200000,8.995,9.049,8.982,9.012,61261.7,552204.2097,1
BYBIT,AVAXUSDT,60,1772884800000,9.012,9.02,8.983,8.988,30433.6,273835.5064,1
BYBIT,AVAXUSDT,60,1772888400000,8.988,9.002,8.976,8.992,55619.8,500040.6984,1
BYBIT,AVAXUSDT,60,1772892000000,8.992,9.006,8.935,8.984,124231.0,1113630.5338,1
BYBIT,AVAXUSDT,60,1772895600000,8.984,9.0,8.943,8.956,73940.7,663248.0094,1
BYBIT,AVAXUSDT,60,1772899200000,8.956,8.977,8.949,8.972,28526.6,255683.7909,1
BYBIT,AVAXUSDT,60,1772902800000,8.972,9.01,8.971,8.989,46036.1,413986.8751,1
BYBIT,AVAXUSDT,60,1772906400000,8.989,8.99,8.911,8.934,205678.9,1838847.4011,1
BYBIT,AVAXUSDT,60,1772910000000,8.934,8.934,8.859,8.877,166019.2,1477169.5878,1
BYBIT,AVAXUSDT,60,1772913600000,8.877,8.92,8.875,8.916,70233.0,625356.2844,1
BYBIT,AVAXUSDT,60,1772917200000,8.916,8.935,8.902,8.926,68610.1,612255.6848,1
BYBIT,AVAXUSDT,60,1772920800000,8.926,8.928,8.865,8.881,59003.3,524922.3596,1
BYBIT,AVAXUSDT,60,1772924400000,8.881,8.909,8.875,8.902,75236.4,669055.8552,1
BYBIT,AVAXUSDT,60,1772928000000,8.902,8.918,8.873,8.881,53039.6,472112.4591,1
BYBIT,AVAXUSDT,60,1772931600000,8.881,8.908,8.873,8.9,57769.3,513737.2503,1
BYBIT,AVAXUSDT,60,1772935200000,8.9,8.901,8.806,8.824,132337.6,1170905.7825,1
BYBIT,AVAXUSDT,60,1772938800000,8.824,8.865,8.808,8.843,79756.9,704846.1056,1
BYBIT,AVAXUSDT,60,1772942400000,8.843,8.859,8.789,8.809,75355.2,665257.854,1
BYBIT,AVAXUSDT,60,1772946000000,8.809,8.878,8.809,8.856,56691.0,502341.2845,1
BYBIT,AVAXUSDT,60,1772949600000,8.856,8.86,8.83,8.854,46433.0,410771.3923,1
BYBIT,AVAXUSDT,60,1772953200000,8.854,8.901,8.849,8.875,52247.0,464212.8928,1
BYBIT,AVAXUSDT,60,1772956800000,8.875,8.877,8.836,8.87,71474.0,633111.2876,1
BYBIT,AVAXUSDT,60,1772960400000,8.87,8.938,8.859,8.927,80460.1,717013.1187,1
BYBIT,AVAXUSDT,60,1772964000000,8.927,9.016,8.927,8.973,112146.3,1006638.7383,1
BYBIT,AVAXUSDT,60,1772967600000,8.973,8.974,8.877,8.909,119519.4,1065140.4864,1
BYBIT,AVAXUSDT,60,1772971200000,8.909,9.018,8.844,8.949,256786.3,2297864.7112,1
BYBIT,AVAXUSDT,60,1772974800000,8.949,8.959,8.837,8.888,153491.9,1364013.1335,1
BYBIT,AVAXUSDT,60,1772978400000,8.888,8.921,8.861,8.894,101582.0,903621.7784,1
BYBIT,AVAXUSDT,60,1772982000000,8.894,8.895,8.84,8.864,76541.8,678347.2851,1
BYBIT,AVAXUSDT,60,1772985600000,8.864,8.868,8.807,8.83,70300.4,620979.5957,1
BYBIT,AVAXUSDT,60,1772989200000,8.83,8.875,8.824,8.852,70427.4,623501.4738,1
BYBIT,AVAXUSDT,60,1772992800000,8.852,8.856,8.813,8.842,55165.2,487442.22,1
BYBIT,AVAXUSDT,60,1772996400000,8.842,8.976,8.842,8.953,125196.6,1117555.6292,1
BYBIT,AVAXUSDT,60,1773000000000,8.953,8.99,8.916,8.927,89059.6,796615.5458,1
BYBIT,AVAXUSDT,60,1773003600000,8.927,8.936,8.854,8.899,115137.4,1022952.6379,1
BYBIT,AVAXUSDT,60,1773007200000,8.899,8.899,8.678,8.836,573419.7,5029516.3897,1
BYBIT,AVAXUSDT,60,1773010800000,8.836,8.886,8.785,8.809,161015.8,1423523.5497,1
BYBIT,AVAXUSDT,60,1773014400000,8.809,8.972,8.805,8.894,221405.8,1968485.2238,1
BYBIT,AVAXUSDT,60,1773018000000,8.894,8.925,8.84,8.841,141803.0,1259916.0764,1
BYBIT,AVAXUSDT,60,1773021600000,8.841,8.934,8.806,8.908,147540.6,1308278.0636,1
BYBIT,AVAXUSDT,60,1773025200000,8.908,9.087,8.898,8.967,355541.9,3203591.0043,1
BYBIT,AVAXUSDT,60,1773028800000,8.967,9.039,8.967,8.986,103019.9,928099.8407,1
BYBIT,AVAXUSDT,60,1773032400000,8.986,9.255,8.978,9.208,375529.0,3435408.8555,1
BYBIT,AVAXUSDT,60,1773036000000,9.208,9.286,9.115,9.121,304707.3,2807883.5353,1
BYBIT,AVAXUSDT,60,1773039600000,9.121,9.123,9.011,9.079,211959.0,1920854.4586,1
BYBIT,AVAXUSDT,60,1773043200000,9.079,9.151,9.069,9.078,163628.0,1490627.7991,1
BYBIT,AVAXUSDT,60,1773046800000,9.078,9.17,9.036,9.102,187352.3,1707038.5842,1
BYBIT,AVAXUSDT,60,1773050400000,9.102,9.11,9.034,9.057,114581.7,1039555.9774,1
BYBIT,AVAXUSDT,60,1773054000000,9.057,9.092,9.006,9.078,109421.7,989872.1262,1
BYBIT,AVAXUSDT,60,1773057600000,9.078,9.159,9.075,9.126,142164.7,1297007.248,1
BYBIT,AVAXUSDT,60,1773061200000,9.126,9.329,9.115,9.28,401743.0,3713193.6347,1
BYBIT,AVAXUSDT,60,1773064800000,9.28,9.319,9.197,9.254,397074.8,3680697.7751,1
BYBIT,AVAXUSDT,60,1773068400000,9.254,9.287,9.209,9.274,167441.2,1548316.9865,1
BYBIT,AVAXUSDT,60,1773072000000,9.274,9.335,9.268,9.29,222162.0,2065419.9502,1
BYBIT,AVAXUSDT,60,1773075600000,9.29,9.324,9.232,9.253,161115.4,1494297.7892,1
BYBIT,AVAXUSDT,60,1773079200000,9.253,9.301,9.206,9.243,174885.4,1618969.2844,1
BYBIT,AVAXUSDT,60,1773082800000,9.243,9.525,9.229,9.382,463485.8,4355711.1275,1
BYBIT,AVAXUSDT,60,1773086400000,9.382,9.429,9.331,9.358,205402.5,1926493.6594,1
BYBIT,AVAXUSDT,60,1773090000000,9.358,9.396,9.318,9.351,109805.7,1027395.7369,1
BYBIT,AVAXUSDT,60,1773093600000,9.351,9.37,9.233,9.251,183081.9,1700968.8349,1
BYBIT,AVAXUSDT,60,1773097200000,9.251,9.287,9.222,9.261,100282.9,927814.3829,1
BYBIT,AVAXUSDT,60,1773100800000,9.261,9.364,9.247,9.322,131961.0,1227927.0529,1
BYBIT,AVAXUSDT,60,1773104400000,9.322,9.376,9.302,9.345,97637.0,911638.2191,1
BYBIT,AVAXUSDT,60,1773108000000,9.345,9.503,9.317,9.446,194901.9,1835887.6944,1
BYBIT,AVAXUSDT,60,1773111600000,9.446,9.468,9.308,9.325,146785.5,1380043.2207,1
BYBIT,AVAXUSDT,60,1773115200000,9.325,9.475,9.325,9.428,104006.7,978475.9319,1
BYBIT,AVAXUSDT,60,1773118800000,9.428,9.429,9.369,9.382,97899.8,919973.2609,1
BYBIT,AVAXUSDT,60,1773122400000,9.382,9.385,9.331,9.349,99838.0,934435.1018,1
BYBIT,AVAXUSDT,60,1773126000000,9.349,9.399,9.333,9.396,102106.1,956560.5064,1
BYBIT,AVAXUSDT,60,1773129600000,9.396,9.465,9.394,9.427,135113.8,1274211.657,1
BYBIT,AVAXUSDT,60,1773133200000,9.427,9.597,9.427,9.573,339003.9,3234595.5171,1
BYBIT,AVAXUSDT,60,1773136800000,9.573,9.587,9.491,9.535,158143.6,1509728.3907,1
BYBIT,AVAXUSDT,60,1773140400000,9.535,9.59,9.481,9.491,293714.0,2801836.5383,1
BYBIT,AVAXUSDT,60,1773144000000,9.491,9.502,9.407,9.434,110592.0,1044551.126,1
BYBIT,AVAXUSDT,60,1773147600000,9.434,9.484,9.331,9.375,280403.5,2637969.994,1
BYBIT,AVAXUSDT,60,1773151200000,9.375,9.66,9.305,9.644,439705.1,4167143.433,1
BYBIT,AVAXUSDT,60,1773154800000,9.644,9.804,9.619,9.764,915063.7,8883224.3249,1
BYBIT,AVAXUSDT,60,1773158400000,9.764,9.956,9.688,9.839,700861.1,6899054.2264,1
BYBIT,AVAXUSDT,60,1773162000000,9.839,9.956,9.814,9.874,419473.8,4143769.5601,1
BYBIT,AVAXUSDT,60,1773165600000,9.874,9.881,9.609,9.627,587253.5,5726128.4851,1
BYBIT,AVAXUSDT,60,1773169200000,9.627,9.651,9.539,9.6,190101.6,1823737.0665,1
BYBIT,AVAXUSDT,60,1773172800000,9.6,9.65,9.593,9.62,66904.8,644233.6555,1
BYBIT,AVAXUSDT,60,1773176400000,9.62,9.658,9.504,9.539,204459.2,1959191.2449,1
BYBIT,AVAXUSDT,60,1773180000000,9.539,9.581,9.5,9.502,201593.7,1921254.4222,1
BYBIT,AVAXUSDT,60,1773183600000,9.502,9.531,9.482,9.526,235040.6,2234012.6867,1
BYBIT,AVAXUSDT,60,1773187200000,9.526,9.579,9.493,9.55,155141.5,1477724.4208,1
BYBIT,AVAXUSDT,60,1773190800000,9.55,9.564,9.498,9.55,89095.7,849228.7642,1
BYBIT,AVAXUSDT,60,1773194400000,9.55,9.556,9.471,9.556,95835.4,912096.049,1
BYBIT,AVAXUSDT,60,1773198000000,9.556,9.597,9.535,9.541,62483.9,597336.3704,1
BYBIT,AVAXUSDT,60,1773201600000,9.541,9.693,9.521,9.69,99831.0,960412.3187,1
BYBIT,AVAXUSDT,60,1773205200000,9.69,9.734,9.487,9.497,139992.9,1342289.7712,1
BYBIT,AVAXUSDT,60,1773208800000,9.497,9.629,9.493,9.613,143041.5,1367414.2447,1
BYBIT,AVAXUSDT,60,1773212400000,9.613,9.613,9.478,9.51,123890.4,1182953.7874,1
BYBIT,AVAXUSDT,60,1773216000000,9.51,9.565,9.488,9.544,113236.4,1079010.3297,1
BYBIT,AVAXUSDT,60,1773219600000,9.544,9.565,9.502,9.51,64909.4,618971.1982,1
BYBIT,AVAXUSDT,60,1773223200000,9.51,9.6,9.507,9.575,62497.1,597479.1543,1
BYBIT,AVAXUSDT,60,1773226800000,9.575,9.616,9.534,9.549,95965.7,918365.3365,1
BYBIT,AVAXUSDT,60,1773230400000,9.549,9.674,9.515,9.598,248257.4,2381384.5077,1
BYBIT,AVAXUSDT,60,1773234000000,9.598,9.856,9.594,9.708,432581.8,4210121.7638,1
BYBIT,AVAXUSDT,60,1773237600000,9.708,9.779,9.64,9.677,281595.4,2734835.6239,1
BYBIT,AVAXUSDT,60,1773241200000,9.677,9.688,9.497,9.596,254399.0,2436465.0111,1
BYBIT,AVAXUSDT,60,1773244800000,9.596,9.67,9.563,9.626,176921.5,1700615.3891,1
BYBIT,AVAXUSDT,60,1773248400000,9.626,9.741,9.606,9.668,191735.6,1853289.3129,1
BYBIT,AVAXUSDT,60,1773252000000,9.668,9.75,9.661,9.728,191650.7,1859627.7466,1
BYBIT,AVAXUSDT,60,1773255600000,9.728,9.742,9.686,9.696,111131.1,1078542.0653,1
BYBIT,AVAXUSDT,60,1773259200000,9.696,9.699,9.631,9.656,107600.5,1039364.448,1
BYBIT,AVAXUSDT,60,1773262800000,9.656,9.67,9.609,9.637,132739.2,1279420.1566,1
BYBIT,AVAXUSDT,60,1773266400000,9.637,9.656,9.58,9.6,122522.5,1177334.7791,1
BYBIT,AVAXUSDT,60,1773270000000,9.6,9.618,9.527,9.547,83260.3,796287.423,1
BYBIT,AVAXUSDT,60,1773273600000,9.547,9.557,9.51,9.54,64964.3,619467.5263,1
BYBIT,AVAXUSDT,60,1773277200000,9.54,9.54,9.489,9.504,91203.4,866932.4765,1
BYBIT,AVAXUSDT,60,1773280800000,9.504,9.518,9.427,9.443,264392.0,2503468.4079,1
BYBIT,AVAXUSDT,60,1773284400000,9.443,9.506,9.431,9.481,115658.9,1095400.5019,1
BYBIT,AVAXUSDT,60,1773288000000,9.481,9.519,9.459,9.473,93703.1,889525.0458,1
BYBIT,AVAXUSDT,60,1773291600000,9.473,9.489,9.444,9.469,49218.2,465660.2324,1
BYBIT,AVAXUSDT,60,1773295200000,9.469,9.544,9.455,9.526,78960.9,750975.308,1
BYBIT,AVAXUSDT,60,1773298800000,9.526,9.582,9.502,9.581,87911.6,838827.2513,1
BYBIT,AVAXUSDT,60,1773302400000,9.581,9.641,9.541,9.572,139339.4,1336661.5298,1
BYBIT,AVAXUSDT,60,1773306000000,9.572,9.641,9.504,9.579,107118.6,1024867.1638,1
BYBIT,AVAXUSDT,60,1773309600000,9.579,9.648,9.56,9.61,119057.6,1144259.9797,1
BYBIT,AVAXUSDT,60,1773313200000,9.61,9.615,9.55,9.566,118516.1,1135579.8765,1
BYBIT,AVAXUSDT,60,1773316800000,9.566,9.638,9.536,9.609,79401.7,761380.6771,1
BYBIT,AVAXUSDT,60,1773320400000,9.609,9.635,9.509,9.561,166494.0,1593814.5842,1
BYBIT,AVAXUSDT,60,1773324000000,9.561,9.621,9.436,9.493,236449.1,2250026.724,1
BYBIT,AVAXUSDT,60,1773327600000,9.493,9.624,9.481,9.581,221275.7,2116392.0777,1
BYBIT,AVAXUSDT,60,1773331200000,9.581,9.618,9.526,9.594,141651.7,1357918.5871,1
BYBIT,AVAXUSDT,60,1773334800000,9.594,9.609,9.527,9.547,74910.4,716641.0814,1
BYBIT,AVAXUSDT,60,1773338400000,9.547,9.584,9.529,9.54,69336.9,662613.7213,1
BYBIT,AVAXUSDT,60,1773342000000,9.54,9.618,9.52,9.598,153086.3,1467300.2949,1
BYBIT,AVAXUSDT,60,1773345600000,9.598,9.613,9.583,9.606,77060.6,739869.2682,1
BYBIT,AVAXUSDT,60,1773349200000,9.606,9.661,9.606,9.651,101032.4,973698.5044,1
BYBIT,AVAXUSDT,60,1773352800000,9.651,9.689,9.618,9.642,94804.2,915195.1253,1
BYBIT,AVAXUSDT,60,1773356400000,9.642,9.738,9.64,9.673,229448.8,2224133.1815,1
BYBIT,AVAXUSDT,60,1773360000000,9.673,9.952,9.649,9.821,563330.6,5539866.3475,1
BYBIT,AVAXUSDT,60,1773363600000,9.821,9.967,9.82,9.952,157142.4,1555263.8193,1
BYBIT,AVAXUSDT,60,1773367200000,9.952,10.009,9.867,9.896,237518.5,2364228.1511,1
BYBIT,AVAXUSDT,60,1773370800000,9.896,9.979,9.854,9.953,207296.6,2054312.8917,1
BYBIT,AVAXUSDT,60,1773374400000,9.953,9.954,9.868,9.917,99563.8,986813.5399,1
BYBIT,AVAXUSDT,60,1773378000000,9.917,9.997,9.882,9.949,118902.9,1182866.3584,1
BYBIT,AVAXUSDT,60,1773381600000,9.949,9.967,9.803,9.849,234682.0,2313812.4199,1
BYBIT,AVAXUSDT,60,1773385200000,9.849,9.888,9.819,9.847,147064.6,1448057.3811,1
BYBIT,AVAXUSDT,60,1773388800000,9.847,9.936,9.797,9.84,186622.5,1840184.9882,1
BYBIT,AVAXUSDT,60,1773392400000,9.84,9.962,9.809,9.943,190553.6,1884247.7307,1
BYBIT,AVAXUSDT,60,1773396000000,9.943,10.039,9.939,10.009,270171.1,2698479.12,1
BYBIT,AVAXUSDT,60,1773399600000,10.009,10.015,9.98,10.004,144068.6,1440308.7487,1
BYBIT,AVAXUSDT,60,1773403200000,10.004,10.166,9.987,10.087,589710.3,5940854.6302,1
BYBIT,AVAXUSDT,60,1773406800000,10.087,10.278,10.069,10.209,722668.4,7359569.8064,1
BYBIT,AVAXUSDT,60,1773410400000,10.209,10.252,9.938,9.959,760034.8,7657144.478,1
BYBIT,AVAXUSDT,60,1773414000000,9.959,10.035,9.863,9.891,386622.2,3849599.8343,1
BYBIT,AVAXUSDT,60,1773417600000,9.891,9.924,9.825,9.89,321135.7,3173223.2846,1
BYBIT,AVAXUSDT,60,1773421200000,9.89,9.91,9.711,9.754,350825.6,3437078.6226,1
BYBIT,AVAXUSDT,60,1773424800000,9.754,9.815,9.731,9.77,160467.3,1567088.8295,1
BYBIT,AVAXUSDT,60,1773428400000,9.77,9.785,9.736,9.768,139276.7,1359335.8755,1
BYBIT,AVAXUSDT,60,1773432000000,9.768,9.798,9.747,9.788,107186.5,1047555.7748,1
BYBIT,AVAXUSDT,60,1773435600000,9.788,9.817,9.732,9.756,91082.0,890905.3236,1
BYBIT,AVAXUSDT,60,1773439200000,9.756,9.758,9.651,9.705,258143.5,2501210.5152,1
BYBIT,AVAXUSDT,60,1773442800000,9.705,9.727,9.689,9.713,45884.2,445494.3361,1
BYBIT,AVAXUSDT,60,1773446400000,9.713,9.713,9.64,9.659,92312.6,893726.9332,1
BYBIT,AVAXUSDT,60,1773450000000,9.659,9.704,9.623,9.697,104598.7,1011130.1295,1
BYBIT,AVAXUSDT,60,1773453600000,9.697,9.718,9.669,9.703,36889.5,357582.1548,1
BYBIT,AVAXUSDT,60,1773457200000,9.703,9.752,9.699,9.734,72317.3,703694.7189,1
BYBIT,AVAXUSDT,60,1773460800000,9.734,9.772,9.704,9.708,128039.0,1246802.1782,1
BYBIT,AVAXUSDT,60,1773464400000,9.708,9.71,9.631,9.665,100508.6,971884.5149,1
BYBIT,AVAXUSDT,60,1773468000000,9.665,9.665,9.569,9.614,182760.5,1755457.0991,1
BYBIT,AVAXUSDT,60,1773471600000,9.614,9.614,9.579,9.586,76632.8,735456.7483,1
BYBIT,AVAXUSDT,60,1773475200000,9.586,9.605,9.568,9.591,108994.7,1045236.9476,1
BYBIT,AVAXUSDT,60,1773478800000,9.591,9.607,9.537,9.551,101645.1,972602.5876,1
BYBIT,AVAXUSDT,60,1773482400000,9.551,9.554,9.513,9.544,175413.1,1672719.8672,1
BYBIT,AVAXUSDT,60,1773486000000,9.544,9.583,9.538,9.563,87460.0,836053.7338,1
BYBIT,AVAXUSDT,60,1773489600000,9.563,9.568,9.54,9.559,87595.6,836549.5589,1
BYBIT,AVAXUSDT,60,1773493200000,9.559,9.588,9.547,9.564,64754.2,619325.9292,1
BYBIT,AVAXUSDT,60,1773496800000,9.564,9.577,9.538,9.545,70868.1,677254.2278,1
BYBIT,AVAXUSDT,60,1773500400000,9.545,9.569,9.537,9.555,53284.3,508885.8872,1
BYBIT,AVAXUSDT,60,1773504000000,9.555,9.6,9.542,9.599,43699.7,418332.6154,1
BYBIT,AVAXUSDT,60,1773507600000,9.599,9.599,9.563,9.573,34709.0,332512.1654,1
BYBIT,AVAXUSDT,60,1773511200000,9.573,9.582,9.546,9.563,75647.3,723352.5714,1
BYBIT,AVAXUSDT,60,1773514800000,9.563,9.569,9.552,9.565,28867.7,275959.9529,1
BYBIT,AVAXUSDT,60,1773518400000,9.565,9.593,9.556,9.581,36996.1,354158.4456,1
BYBIT,AVAXUSDT,60,1773522000000,9.581,9.612,9.568,9.607,55158.9,528921.7025,1
BYBIT,AVAXUSDT,60,1773525600000,9.607,9.628,9.601,9.622,76237.5,733104.4055,1
BYBIT,AVAXUSDT,60,1773529200000,9.622,9.726,9.622,9.724,186291.9,1804162.8753,1
BYBIT,AVAXUSDT,60,1773532800000,9.724,9.738,9.674,9.685,105306.2,1021383.951,1
BYBIT,AVAXUSDT,60,1773536400000,9.685,9.723,9.65,9.707,60519.8,586094.7593,1
BYBIT,AVAXUSDT,60,1773540000000,9.707,9.795,9.701,9.777,127994.7,1247964.6877,1
BYBIT,AVAXUSDT,60,1773543600000,9.777,9.796,9.689,9.711,143375.4,1397680.5735,1
BYBIT,AVAXUSDT,60,1773547200000,9.711,9.75,9.671,9.707,54660.5,530539.2945,1
BYBIT,AVAXUSDT,60,1773550800000,9.707,9.747,9.685,9.707,85678.5,832435.6092,1
BYBIT,AVAXUSDT,60,1773554400000,9.707,9.722,9.656,9.7,136438.8,1320462.3081,1
BYBIT,AVAXUSDT,60,1773558000000,9.7,9.741,9.692,9.706,57958.6,563260.9216,1
BYBIT,AVAXUSDT,60,1773561600000,9.706,9.782,9.706,9.78,63136.3,615494.909,1
BYBIT,AVAXUSDT,60,1773565200000,9.78,9.864,9.769,9.779,310112.4,3043703.7935,1
BYBIT,AVAXUSDT,60,1773568800000,9.779,9.823,9.768,9.8,94614.1,926467.0614,1
BYBIT,AVAXUSDT,60,1773572400000,9.8,9.814,9.79,9.795,95813.6,939182.8231,1
BYBIT,AVAXUSDT,60,1773576000000,9.795,9.876,9.789,9.833,96699.6,950670.8494,1
BYBIT,AVAXUSDT,60,1773579600000,9.833,9.837,9.694,9.75,230604.2,2246342.7493,1
BYBIT,AVAXUSDT,60,1773583200000,9.75,9.795,9.703,9.747,138520.1,1349797.4224,1
BYBIT,AVAXUSDT,60,1773586800000,9.747,9.751,9.703,9.708,51906.7,504584.6466,1
BYBIT,AVAXUSDT,60,1773590400000,9.708,9.737,9.675,9.699,110306.8,1069907.7049,1
BYBIT,AVAXUSDT,60,1773594000000,9.699,9.791,9.694,9.764,124073.1,1208937.0862,1
BYBIT,AVAXUSDT,60,1773597600000,9.764,9.789,9.665,9.685,145587.3,1416149.9064,1
BYBIT,AVAXUSDT,60,1773601200000,9.685,9.768,9.676,9.758,151562.9,1473567.226,1
BYBIT,AVAXUSDT,60,1773604800000,9.758,9.825,9.728,9.79,142397.4,1393120.8389,1
BYBIT,AVAXUSDT,60,1773608400000,9.79,9.856,9.747,9.832,141180.8,1383400.8719,1
BYBIT,AVAXUSDT,60,1773612000000,9.832,10.031,9.781,9.97,364841.8,3620179.8812,1
BYBIT,AVAXUSDT,60,1773615600000,9.97,10.036,9.87,9.944,280348.6,2793083.3479,1
BYBIT,AVAXUSDT,60,1773619200000,9.944,9.996,9.891,9.934,151016.9,1501730.7507,1
BYBIT,AVAXUSDT,60,1773622800000,9.934,10.028,9.873,9.997,91684.6,911207.8101,1
BYBIT,AVAXUSDT,60,1773626400000,9.997,10.018,9.889,9.962,81894.0,815043.4895,1
BYBIT,AVAXUSDT,60,1773630000000,9.962,10.399,9.941,10.26,967069.1,9921869.1892,1
BYBIT,AVAXUSDT,60,1773633600000,10.26,10.466,10.26,10.42,496726.6,5147324.1192,1
BYBIT,AVAXUSDT,60,1773637200000,10.42,10.516,10.372,10.488,355188.6,3706981.5877,1
BYBIT,AVAXUSDT,60,1773640800000,10.488,10.498,10.387,10.405,192024.0,2001631.2008,1
BYBIT,AVAXUSDT,60,1773644400000,10.405,10.451,10.342,10.363,231696.0,2408564.2216,1
BYBIT,AVAXUSDT,60,1773648000000,10.363,10.446,10.229,10.243,319435.4,3301498.0074,1
BYBIT,AVAXUSDT,60,1773651600000,10.243,10.306,10.238,10.271,100297.3,1030861.7603,1
BYBIT,AVAXUSDT,60,1773655200000,10.271,10.294,10.184,10.262,175084.0,1793231.8619,1
BYBIT,AVAXUSDT,60,1773658800000,10.262,10.283,10.174,10.203,120591.0,1232775.6785,1
BYBIT,AVAXUSDT,60,1773662400000,10.203,10.269,10.153,10.169,308855.8,3157328.3575,1
BYBIT,AVAXUSDT,60,1773666000000,10.169,10.271,10.144,10.188,335610.4,3423202.8801,1
BYBIT,AVAXUSDT,60,1773669600000,10.188,10.228,10.028,10.137,431086.6,4358816.8065,1
BYBIT,AVAXUSDT,60,1773673200000,10.137,10.187,10.056,10.072,271887.2,2753916.5966,1
BYBIT,AVAXUSDT,60,1773676800000,10.072,10.261,10.069,10.237,173803.1,1768389.237,1
BYBIT,AVAXUSDT,60,1773680400000,10.237,10.296,10.207,10.245,162753.4,1667044.6337,1
BYBIT,AVAXUSDT,60,1773684000000,10.245,10.33,10.224,10.236,172423.0,1771687.7123,1
BYBIT,AVAXUSDT,60,1773687600000,10.236,10.313,10.18,10.27,195134.0,2003517.0854,1
BYBIT,AVAXUSDT,60,1773691200000,10.27,10.368,10.255,10.327,97139.2,1002360.1421,1
BYBIT,AVAXUSDT,60,1773694800000,10.327,10.45,10.314,10.375,196371.1,2036100.6054,1
BYBIT,AVAXUSDT,60,1773698400000,10.375,10.503,10.373,10.497,406141.7,4247663.7417,1
BYBIT,AVAXUSDT,60,1773702000000,10.497,10.514,10.354,10.482,196615.8,2053515.1723,1
BYBIT,AVAXUSDT,60,1773705600000,10.482,10.547,10.445,10.506,335290.8,3517771.3165,1
BYBIT,AVAXUSDT,60,1773709200000,10.506,10.521,10.439,10.492,176414.3,1848297.4845,1
BYBIT,AVAXUSDT,60,1773712800000,10.492,10.504,10.442,10.465,106534.0,1115510.6912,1
BYBIT,AVAXUSDT,60,1773716400000,10.465,10.468,10.269,10.345,220416.8,2281431.2058,1
BYBIT,AVAXUSDT,60,1773720000000,10.345,10.382,10.237,10.284,191208.9,1971958.4833,1
BYBIT,AVAXUSDT,60,1773723600000,10.284,10.319,10.234,10.273,80858.2,830977.8929,1
BYBIT,AVAXUSDT,60,1773727200000,10.273,10.379,10.24,10.289,116462.6,1201722.2502,1
BYBIT,AVAXUSDT,60,1773730800000,10.289,10.393,10.283,10.305,83381.1,862712.6485,1
BYBIT,AVAXUSDT,60,1773734400000,10.305,10.346,10.271,10.285,111019.5,1145067.3812,1
BYBIT,AVAXUSDT,60,1773738000000,10.285,10.299,10.244,10.267,136628.6,1403079.6936,1
BYBIT,AVAXUSDT,60,1773741600000,10.267,10.288,10.206,10.258,174420.8,1786844.0192,1
BYBIT,AVAXUSDT,60,1773745200000,10.258,10.298,10.25,10.255,85343.3,877000.8988,1
BYBIT,AVAXUSDT,60,1773748800000,10.255,10.276,10.197,10.235,126625.0,1295796.342,1
BYBIT,AVAXUSDT,60,1773752400000,10.235,10.303,10.22,10.248,187867.3,1926350.0941,1
BYBIT,AVAXUSDT,60,1773756000000,10.248,10.304,10.226,10.272,147866.0,1518020.4823,1
BYBIT,AVAXUSDT,60,1773759600000,10.272,10.33,10.208,10.256,152910.9,1569037.4409,1
BYBIT,AVAXUSDT,60,1773763200000,10.256,10.32,10.246,10.261,93466.9,961024.2253,1
BYBIT,AVAXUSDT,60,1773766800000,10.261,10.301,10.249,10.294,58024.5,596118.6678,1
BYBIT,AVAXUSDT,60,1773770400000,10.294,10.317,10.27,10.295,49278.0,507435.9911,1
BYBIT,AVAXUSDT,60,1773774000000,10.295,10.3,10.238,10.244,41260.7,423631.8332,1
BYBIT,AVAXUSDT,60,1773777600000,10.244,10.287,10.237,10.282,42040.6,431488.1357,1
BYBIT,AVAXUSDT,60,1773781200000,10.282,10.322,10.265,10.301,50593.5,520972.8281,1
BYBIT,AVAXUSDT,60,1773784800000,10.301,10.337,10.209,10.254,56354.0,578343.1445,1
BYBIT,AVAXUSDT,60,1773788400000,10.254,10.258,10.162,10.187,113696.5,1159636.2427,1
BYBIT,AVAXUSDT,60,1773792000000,10.187,10.218,10.129,10.198,234150.1,2381706.6972,1
BYBIT,AVAXUSDT,60,1773795600000,10.198,10.233,10.19,10.211,38850.7,396770.1269,1
BYBIT,AVAXUSDT,60,1773799200000,10.211,10.284,10.207,10.256,62766.9,643576.8596,1
BYBIT,AVAXUSDT,60,1773802800000,10.256,10.353,10.252,10.304,89386.0,921262.8492,1
BYBIT,AVAXUSDT,60,1773806400000,10.304,10.314,10.223,10.243,40850.2,419102.4565,1
BYBIT,AVAXUSDT,60,1773810000000,10.243,10.325,10.218,10.24,68546.3,703851.1197,1
BYBIT,AVAXUSDT,60,1773813600000,10.24,10.324,10.24,10.26,91938.8,946486.2787,1
BYBIT,AVAXUSDT,60,1773817200000,10.26,10.26,10.216,10.24,37751.3,386386.8908,1
BYBIT,AVAXUSDT,60,1773820800000,10.24,10.283,10.231,10.241,41390.7,424351.3374,1
BYBIT,AVAXUSDT,60,1773824400000,10.241,10.278,10.236,10.247,80575.4,827009.6602,1
BYBIT,AVAXUSDT,60,1773828000000,10.247,10.251,10.194,10.212,114532.5,1170717.7744,1
BYBIT,AVAXUSDT,60,1773831600000,10.212,10.236,9.927,9.976,464368.2,4664219.9255,1
BYBIT,AVAXUSDT,60,1773835200000,9.976,9.976,9.729,9.792,577773.7,5682154.6393,1
BYBIT,AVAXUSDT,60,1773838800000,9.792,9.831,9.745,9.789,163274.4,1598423.5183,1
BYBIT,AVAXUSDT,60,1773842400000,9.789,9.795,9.555,9.566,436546.4,4209770.7094,1
BYBIT,AVAXUSDT,60,1773846000000,9.566,9.584,9.479,9.557,304345.6,2903062.1202,1
BYBIT,AVAXUSDT,60,1773849600000,9.557,9.557,9.483,9.526,196373.2,1869352.6679,1
BYBIT,AVAXUSDT,60,1773853200000,9.526,9.641,9.514,9.618,151954.9,1456121.135,1
BYBIT,AVAXUSDT,60,1773856800000,9.618,9.712,9.558,9.587,316732.0,3056328.5454,1
BYBIT,AVAXUSDT,60,1773860400000,9.587,9.677,9.587,9.61,71757.8,691354.8937,1
BYBIT,AVAXUSDT,60,1773864000000,9.61,9.675,9.532,9.656,153246.1,1471368.4178,1
BYBIT,AVAXUSDT,60,1773867600000,9.656,9.734,9.651,9.714,114620.0,1111115.1404,1
BYBIT,AVAXUSDT,60,1773871200000,9.714,9.714,9.654,9.695,62184.2,602266.0768,1
BYBIT,AVAXUSDT,60,1773874800000,9.695,9.695,9.625,9.677,79770.5,770442.6533,1
BYBIT,AVAXUSDT,60,1773878400000,9.677,9.692,9.644,9.66,47492.5,459146.0504,1
BYBIT,AVAXUSDT,60,1773882000000,9.66,9.679,9.646,9.656,34194.9,330398.4075,1
BYBIT,AVAXUSDT,60,1773885600000,9.656,9.66,9.608,9.615,124747.0,1201173.0128,1
BYBIT,AVAXUSDT,60,1773889200000,9.615,9.743,9.614,9.658,140014.7,1354869.6021,1
BYBIT,AVAXUSDT,60,1773892800000,9.658,9.662,9.607,9.617,55695.6,536199.9982,1
BYBIT,AVAXUSDT,60,1773896400000,9.617,9.626,9.585,9.599,42836.9,411385.6259,1
BYBIT,AVAXUSDT,60,1773900000000,9.599,9.621,9.561,9.593,64895.3,622597.9618,1
BYBIT,AVAXUSDT,60,1773903600000,9.593,9.599,9.43,9.512,212535.7,2021966.686,1
BYBIT,AVAXUSDT,60,1773907200000,9.512,9.543,9.478,9.51,79190.0,752808.4522,1
BYBIT,AVAXUSDT,60,1773910800000,9.51,9.603,9.505,9.598,145324.7,1388820.3185,1
BYBIT,AVAXUSDT,60,1773914400000,9.598,9.607,9.532,9.536,73254.4,701127.5421,1
BYBIT,AVAXUSDT,60,1773918000000,9.536,9.57,9.524,9.54,38491.5,367296.6402,1
BYBIT,AVAXUSDT,60,1773921600000,9.54,9.54,9.421,9.43,174492.6,1653113.1228,1
BYBIT,AVAXUSDT,60,1773925200000,9.43,9.481,9.357,9.466,256887.0,2418226.1029,1
BYBIT,AVAXUSDT,60,1773928800000,9.466,9.508,9.368,9.43,126972.3,1197067.5323,1
BYBIT,AVAXUSDT,60,1773932400000,9.43,9.478,9.328,9.402,251929.6,2361430.4366,1
BYBIT,AVAXUSDT,60,1773936000000,9.402,9.407,9.347,9.373,94941.9,890141.7233,1
BYBIT,AVAXUSDT,60,1773939600000,9.373,9.472,9.331,9.457,80585.9,757666.6991,1
BYBIT,AVAXUSDT,60,1773943200000,9.457,9.457,9.411,9.448,29396.9,277246.5191,1
BYBIT,AVAXUSDT,60,1773946800000,9.448,9.572,9.446,9.498,140805.1,1341096.6732,1
BYBIT,AVAXUSDT,60,1773950400000,9.498,9.539,9.487,9.501,65929.1,627128.2994,1
BYBIT,AVAXUSDT,60,1773954000000,9.501,9.525,9.492,9.505,54722.1,520368.82,1
BYBIT,AVAXUSDT,60,1773957600000,9.505,9.509,9.412,9.458,68778.7,650529.2861,1
BYBIT,AVAXUSDT,60,1773961200000,9.458,9.483,9.427,9.465,74729.3,706442.0286,1
BYBIT,AVAXUSDT,60,1773964800000,9.465,9.517,9.454,9.511,84861.0,805032.5857,1
BYBIT,AVAXUSDT,60,1773968400000,9.511,9.59,9.511,9.549,99491.0,949937.561,1
BYBIT,AVAXUSDT,60,1773972000000,9.549,9.556,9.488,9.533,80415.3,765608.5795,1
BYBIT,AVAXUSDT,60,1773975600000,9.533,9.579,9.515,9.553,71358.2,681427.8322,1
BYBIT,AVAXUSDT,60,1773979200000,9.553,9.579,9.514,9.566,58338.4,557009.9385,1
BYBIT,AVAXUSDT,60,1773982800000,9.566,9.597,9.544,9.561,82810.3,792652.2788,1
BYBIT,AVAXUSDT,60,1773986400000,9.561,9.561,9.504,9.505,70707.5,674079.0733,1
BYBIT,AVAXUSDT,60,1773990000000,9.505,9.547,9.442,9.527,140767.4,1336302.4472,1
BYBIT,AVAXUSDT,60,1773993600000,9.527,9.609,9.519,9.568,159206.5,1523653.8491,1
BYBIT,AVAXUSDT,60,1773997200000,9.568,9.568,9.485,9.518,116472.1,1108897.4399,1
BYBIT,AVAXUSDT,60,1774000800000,9.518,9.551,9.48,9.538,76899.9,731499.845,1
BYBIT,AVAXUSDT,60,1774004400000,9.538,9.583,9.478,9.511,79248.1,755476.3262,1
BYBIT,AVAXUSDT,60,1774008000000,9.511,9.542,9.467,9.483,49359.7,469403.6323,1
BYBIT,AVAXUSDT,60,1774011600000,9.483,9.537,9.436,9.446,172201.1,1632796.944,1
BYBIT,AVAXUSDT,60,1774015200000,9.446,9.527,9.415,9.445,188943.0,1789047.0754,1
BYBIT,AVAXUSDT,60,1774018800000,9.445,9.491,9.415,9.479,116502.4,1101626.5096,1
BYBIT,AVAXUSDT,60,1774022400000,9.479,9.494,9.439,9.474,45611.1,431935.6466,1
BYBIT,AVAXUSDT,60,1774026000000,9.474,9.49,9.41,9.485,75343.2,712290.4799,1
BYBIT,AVAXUSDT,60,1774029600000,9.485,9.52,9.421,9.455,113820.2,1078036.0188,1
BYBIT,AVAXUSDT,60,1774033200000,9.455,9.531,9.416,9.52,76443.9,724383.2397,1
BYBIT,AVAXUSDT,60,1774036800000,9.52,9.538,9.445,9.507,84870.7,805910.7328,1
BYBIT,AVAXUSDT,60,1774040400000,9.507,9.603,9.476,9.568,142487.6,1360431.331,1
BYBIT,AVAXUSDT,60,1774044000000,9.568,9.641,9.563,9.582,140210.7,1345894.3846,1
BYBIT,AVAXUSDT,60,1774047600000,9.582,9.583,9.529,9.565,40904.2,390891.4642,1
BYBIT,AVAXUSDT,60,1774051200000,9.565,9.599,9.535,9.56,74717.2,714759.6964,1
BYBIT,AVAXUSDT,60,1774054800000,9.56,9.586,9.532,9.538,34473.8,329657.7392,1
BYBIT,AVAXUSDT,60,1774058400000,9.538,9.602,9.527,9.595,36166.8,345961.8091,1
BYBIT,AVAXUSDT,60,1774062000000,9.595,9.604,9.566,9.578,28508.1,273179.0739,1
BYBIT,AVAXUSDT,60,1774065600000,9.578,9.604,9.55,9.556,34496.2,330242.6713,1
BYBIT,AVAXUSDT,60,1774069200000,9.556,9.617,9.556,9.579,37948.7,363681.7577,1
BYBIT,AVAXUSDT,60,1774072800000,9.579,9.629,9.574,9.611,64566.5,620129.0449,1
BYBIT,AVAXUSDT,60,1774076400000,9.611,9.624,9.571,9.578,48392.8,464739.808,1
BYBIT,AVAXUSDT,60,1774080000000,9.578,9.581,9.536,9.559,71709.8,685325.6673,1
BYBIT,AVAXUSDT,60,1774083600000,9.559,9.591,9.541,9.542,25667.8,245446.2323,1
BYBIT,AVAXUSDT,60,1774087200000,9.542,9.542,9.492,9.499,75522.2,717754.6268,1
BYBIT,AVAXUSDT,60,1774090800000,9.499,9.508,9.49,9.502,38406.0,364844.6581,1
BYBIT,AVAXUSDT,60,1774094400000,9.502,9.512,9.49,9.499,32483.8,308663.9475,1
BYBIT,AVAXUSDT,60,1774098000000,9.499,9.504,9.469,9.491,31514.7,298969.6923,1
BYBIT,AVAXUSDT,60,1774101600000,9.491,9.543,9.452,9.468,73304.8,696684.3598,1
BYBIT,AVAXUSDT,60,1774105200000,9.468,9.534,9.464,9.534,81688.4,775560.2068,1
BYBIT,AVAXUSDT,60,1774108800000,9.534,9.562,9.485,9.492,77189.0,735375.6544,1
BYBIT,AVAXUSDT,60,1774112400000,9.492,9.506,9.473,9.487,45653.5,433497.599,1
BYBIT,AVAXUSDT,60,1774116000000,9.487,9.502,9.478,9.49,19632.7,186257.4859,1
BYBIT,AVAXUSDT,60,1774119600000,9.49,9.491,9.47,9.486,30248.9,286809.1875,1
BYBIT,AVAXUSDT,60,1774123200000,9.486,9.521,9.48,9.516,31856.4,302932.6494,1
BYBIT,AVAXUSDT,60,1774126800000,9.516,9.526,9.499,9.5,45512.6,432952.5262,1
BYBIT,AVAXUSDT,60,1774130400000,9.5,9.511,9.476,9.487,98563.4,935410.581,1
BYBIT,AVAXUSDT,60,1774134000000,9.487,9.487,9.148,9.208,851615.3,7891324.6389,1
BYBIT,AVAXUSDT,60,1774137600000,9.208,9.261,9.042,9.219,674464.9,6162051.5732,1
BYBIT,AVAXUSDT,60,1774141200000,9.219,9.253,9.192,9.228,129532.0,1194023.061,1
BYBIT,AVAXUSDT,60,1774144800000,9.228,9.313,9.214,9.282,69860.8,647555.1314,1
BYBIT,AVAXUSDT,60,1774148400000,9.282,9.349,9.251,9.273,93440.2,869447.1305,1
BYBIT,AVAXUSDT,60,1774152000000,9.273,9.311,9.259,9.296,91337.1,848395.2506,1
BYBIT,AVAXUSDT,60,1774155600000,9.296,9.297,9.235,9.24,73225.8,678237.0581,1
BYBIT,AVAXUSDT,60,1774159200000,9.24,9.245,9.212,9.239,47949.3,442622.5005,1
BYBIT,AVAXUSDT,60,1774162800000,9.239,9.249,9.186,9.188,53417.2,492722.6132,1
BYBIT,AVAXUSDT,60,1774166400000,9.188,9.19,9.091,9.149,205235.9,1875063.7711,1
BYBIT,AVAXUSDT,60,1774170000000,9.149,9.177,9.112,9.131,69230.7,633197.3766,1
BYBIT,AVAXUSDT,60,1774173600000,9.131,9.131,9.078,9.096,103816.6,945048.8986,1
BYBIT,AVAXUSDT,60,1774177200000,9.096,9.106,9.054,9.056,131222.2,1191177.0371,1
BYBIT,AVAXUSDT,60,1774180800000,9.056,9.139,9.054,9.109,89612.3,815353.3457,1
BYBIT,AVAXUSDT,60,1774184400000,9.109,9.139,9.068,9.098,117497.8,1070006.5274,1
BYBIT,AVAXUSDT,60,1774188000000,9.098,9.13,9.06,9.081,55362.3,503332.107,1
BYBIT,AVAXUSDT,60,1774191600000,9.081,9.105,9.063,9.092,55364.5,502948.0502,1
BYBIT,AVAXUSDT,60,1774195200000,9.092,9.103,9.073,9.08,39709.5,360862.9266,1
BYBIT,AVAXUSDT,60,1774198800000,9.08,9.087,9.053,9.069,41893.9,379838.1472,1
BYBIT,AVAXUSDT,60,1774202400000,9.069,9.075,8.987,9.033,129501.9,1168758.703,1
BYBIT,AVAXUSDT,60,1774206000000,9.033,9.034,8.939,8.97,434784.6,3897551.1623,1
BYBIT,AVAXUSDT,60,1774209600000,8.97,9.024,8.958,8.975,93325.2,838636.7087,1
BYBIT,AVAXUSDT,60,1774213200000,8.975,8.979,8.866,8.969,295299.2,2633880.7338,1
BYBIT,AVAXUSDT,60,1774216800000,8.969,9.083,8.913,9.037,323779.4,2919581.0053,1
BYBIT,AVAXUSDT,60,1774220400000,9.037,9.081,9.005,9.017,160474.0,1453348.7846,1
BYBIT,AVAXUSDT,60,1774224000000,9.017,9.058,8.979,9.036,165337.7,1492044.0839,1
BYBIT,AVAXUSDT,60,1774227600000,9.036,9.104,9.02,9.062,106782.2,969140.5565,1
BYBIT,AVAXUSDT,60,1774231200000,9.062,9.135,9.042,9.109,100722.2,915925.4889,1
BYBIT,AVAXUSDT,60,1774234800000,9.109,9.181,9.084,9.096,88093.7,804910.1922,1
BYBIT,AVAXUSDT,60,1774238400000,9.096,9.152,9.096,9.148,26951.3,245740.7287,1
BYBIT,AVAXUSDT,60,1774242000000,9.148,9.173,9.112,9.149,87470.0,799680.939,1
BYBIT,AVAXUSDT,60,1774245600000,9.149,9.15,8.99,9.024,200224.2,1814019.5337,1
BYBIT,AVAXUSDT,60,1774249200000,9.024,9.052,8.95,9.019,227516.6,2047648.5738,1
BYBIT,AVAXUSDT,60,1774252800000,9.019,9.057,8.968,8.978,111359.3,1005253.72,1
BYBIT,AVAXUSDT,60,1774256400000,8.978,9.01,8.91,9.004,84294.8,754988.9335,1
BYBIT,AVAXUSDT,60,1774260000000,9.004,9.052,8.976,8.998,91834.1,828053.427,1
BYBIT,AVAXUSDT,60,1774263600000,8.998,9.583,8.998,9.376,2944936.4,27558740.4143,1
BYBIT,AVAXUSDT,60,1774267200000,9.376,9.482,9.338,9.455,350850.2,3305262.8079,1
BYBIT,AVAXUSDT,60,1774270800000,9.455,9.634,9.423,9.614,276625.2,2633497.0594,1
BYBIT,AVAXUSDT,60,1774274400000,9.614,9.753,9.576,9.629,463922.0,4486823.4911,1
BYBIT,AVAXUSDT,60,1774278000000,9.629,9.674,9.399,9.417,290834.3,2771481.5998,1
BYBIT,AVAXUSDT,60,1774281600000,9.417,9.471,9.356,9.449,154553.0,1456391.3192,1
BYBIT,AVAXUSDT,60,1774285200000,9.449,9.549,9.424,9.519,168951.9,1602327.0715,1
BYBIT,AVAXUSDT,60,1774288800000,9.519,9.539,9.427,9.522,196256.1,1859287.6035,1
BYBIT,AVAXUSDT,60,1774292400000,9.522,9.57,9.449,9.456,122874.2,1170183.5613,1
BYBIT,AVAXUSDT,60,1774296000000,9.456,9.53,9.441,9.526,50619.1,480378.1873,1
BYBIT,AVAXUSDT,60,1774299600000,9.526,9.57,9.512,9.555,58874.5,561812.2035,1
BYBIT,AVAXUSDT,60,1774303200000,9.555,9.578,9.5,9.55,138018.9,1316139.7095,1
BYBIT,AVAXUSDT,60,1774306800000,9.55,9.563,9.485,9.559,79782.7,759728.9465,1
BYBIT,AVAXUSDT,60,1774310400000,9.559,9.59,9.467,9.526,129113.1,1231705.2286,1
BYBIT,AVAXUSDT,60,1774314000000,9.526,9.537,9.447,9.497,77280.8,733924.6631,1
BYBIT,AVAXUSDT,60,1774317600000,9.497,9.57,9.485,9.507,90817.9,865434.5739,1
BYBIT,AVAXUSDT,60,1774321200000,9.507,9.589,9.502,9.569,59575.6,568431.479,1
BYBIT,AVAXUSDT,60,1774324800000,9.569,9.612,9.488,9.516,153357.5,1465460.4043,1
BYBIT,AVAXUSDT,60,1774328400000,9.516,9.552,9.468,9.527,102578.8,975855.7725,1
BYBIT,AVAXUSDT,60,1774332000000,9.527,9.547,9.493,9.542,94301.7,897967.2354,1
BYBIT,AVAXUSDT,60,1774335600000,9.542,9.609,9.532,9.6,173768.4,1662681.4144,1
BYBIT,AVAXUSDT,60,1774339200000,9.6,9.631,9.56,9.582,196514.1,1886544.7023,1
BYBIT,AVAXUSDT,60,1774342800000,9.582,9.606,9.534,9.59,172924.0,1652766.0483,1
BYBIT,AVAXUSDT,60,1774346400000,9.59,9.591,9.54,9.555,78012.4,745857.5504,1
BYBIT,AVAXUSDT,60,1774350000000,9.555,9.568,9.508,9.543,87244.5,832140.1659,1
BYBIT,AVAXUSDT,60,1774353600000,9.543,9.555,9.51,9.543,119887.7,1142475.3514,1
BYBIT,AVAXUSDT,60,1774357200000,9.543,9.555,9.418,9.449,232244.9,2201358.326,1
BYBIT,AVAXUSDT,60,1774360800000,9.449,9.49,9.385,9.461,270208.5,2549364.2458,1
BYBIT,AVAXUSDT,60,1774364400000,9.461,9.489,9.434,9.437,134476.0,1272936.3043,1
BYBIT,AVAXUSDT,60,1774368000000,9.437,9.468,9.394,9.401,97263.7,916623.5271,1
BYBIT,AVAXUSDT,60,1774371600000,9.401,9.412,9.35,9.377,162233.0,1520142.4984,1
BYBIT,AVAXUSDT,60,1774375200000,9.377,9.445,9.374,9.403,111314.0,1047059.3948,1
BYBIT,AVAXUSDT,60,1774378800000,9.403,9.427,9.375,9.386,54170.8,509200.6325,1
BYBIT,AVAXUSDT,60,1774382400000,9.386,9.575,9.378,9.553,174096.2,1655231.7052,1
BYBIT,AVAXUSDT,60,1774386000000,9.553,9.574,9.502,9.555,86382.5,824164.6127,1
BYBIT,AVAXUSDT,60,1774389600000,9.555,9.592,9.538,9.576,372002.5,3561607.9412,1
BYBIT,AVAXUSDT,60,1774393200000,9.576,9.644,9.559,9.621,117292.9,1127603.3059,1
BYBIT,AVAXUSDT,60,1774396800000,9.621,9.661,9.582,9.632,163225.2,1571929.2243,1
BYBIT,AVAXUSDT,60,1774400400000,9.632,9.658,9.599,9.599,80101.0,770833.9343,1
BYBIT,AVAXUSDT,60,1774404000000,9.599,9.612,9.576,9.58,63248.7,607008.06,1
BYBIT,AVAXUSDT,60,1774407600000,9.58,9.62,9.557,9.613,62255.2,596590.2175,1
BYBIT,AVAXUSDT,60,1774411200000,9.613,9.654,9.602,9.644,40364.3,388356.8715,1
BYBIT,AVAXUSDT,60,1774414800000,9.644,9.685,9.628,9.642,111933.1,1080804.3698,1
BYBIT,AVAXUSDT,60,1774418400000,9.642,9.68,9.615,9.638,105864.1,1021081.7816,1
BYBIT,AVAXUSDT,60,1774422000000,9.638,9.713,9.63,9.648,88026.3,851600.1432,1
BYBIT,AVAXUSDT,60,1774425600000,9.648,9.737,9.621,9.691,125465.7,1214032.7768,1
BYBIT,AVAXUSDT,60,1774429200000,9.691,9.714,9.647,9.702,84701.1,820211.6335,1
BYBIT,AVAXUSDT,60,1774432800000,9.702,9.738,9.693,9.714,51055.1,495974.1767,1
BYBIT,AVAXUSDT,60,1774436400000,9.714,9.78,9.691,9.74,182741.2,1780491.1907,1
BYBIT,AVAXUSDT,60,1774440000000,9.74,9.792,9.668,9.731,141254.6,1373525.1159,1
BYBIT,AVAXUSDT,60,1774443600000,9.731,9.772,9.709,9.728,82052.9,799186.7522,1
BYBIT,AVAXUSDT,60,1774447200000,9.728,9.733,9.69,9.696,100330.0,974342.2357,1
BYBIT,AVAXUSDT,60,1774450800000,9.696,9.708,9.592,9.663,190044.8,1832502.5986,1
BYBIT,AVAXUSDT,60,1774454400000,9.663,9.756,9.643,9.699,146284.3,1419775.6106,1
BYBIT,AVAXUSDT,60,1774458000000,9.699,9.707,9.633,9.651,68565.3,663186.4012,1
BYBIT,AVAXUSDT,60,1774461600000,9.651,9.693,9.643,9.662,63811.6,616613.09,1
BYBIT,AVAXUSDT,60,1774465200000,9.662,9.698,9.65,9.679,40414.5,390915.4254,1
BYBIT,AVAXUSDT,60,1774468800000,9.679,9.681,9.609,9.647,67985.0,655678.9758,1
BYBIT,AVAXUSDT,60,1774472400000,9.647,9.665,9.629,9.641,34733.1,334943.2698,1
BYBIT,AVAXUSDT,60,1774476000000,9.641,9.721,9.633,9.679,60742.0,587947.801,1
BYBIT,AVAXUSDT,60,1774479600000,9.679,9.689,9.655,9.676,28607.3,276736.6974,1
BYBIT,AVAXUSDT,60,1774483200000,9.676,9.688,9.643,9.668,39635.8,383337.829,1
BYBIT,AVAXUSDT,60,1774486800000,9.668,9.684,9.644,9.66,29599.8,286061.1516,1
BYBIT,AVAXUSDT,60,1774490400000,9.66,9.66,9.56,9.59,72620.4,696335.3955,1
BYBIT,AVAXUSDT,60,1774494000000,9.59,9.606,9.534,9.566,45772.0,437983.6489,1
BYBIT,AVAXUSDT,60,1774497600000,9.566,9.568,9.522,9.551,63411.1,605374.4704,1
BYBIT,AVAXUSDT,60,1774501200000,9.551,9.552,9.432,9.442,148823.4,1411946.4245,1
BYBIT,AVAXUSDT,60,1774504800000,9.442,9.448,9.41,9.431,118595.0,1118424.7771,1
BYBIT,AVAXUSDT,60,1774508400000,9.431,9.449,9.402,9.432,79167.6,746432.2239,1
BYBIT,AVAXUSDT,60,1774512000000,9.432,9.439,9.382,9.405,88693.3,834022.8343,1
BYBIT,AVAXUSDT,60,1774515600000,9.405,9.409,9.265,9.289,228674.0,2130470.4147,1
BYBIT,AVAXUSDT,60,1774519200000,9.289,9.29,9.231,9.261,186924.6,1730545.0814,1
BYBIT,AVAXUSDT,60,1774522800000,9.261,9.28,9.226,9.23,107760.6,996680.7355,1
BYBIT,AVAXUSDT,60,1774526400000,9.23,9.247,9.195,9.24,178540.6,1646202.1805,1
BYBIT,AVAXUSDT,60,1774530000000,9.24,9.332,9.234,9.295,152464.7,1415615.6935,1
BYBIT,AVAXUSDT,60,1774533600000,9.295,9.313,9.215,9.239,110833.6,1026886.9303,1
BYBIT,AVAXUSDT,60,1774537200000,9.239,9.241,9.12,9.176,186456.5,1709573.0712,1
BYBIT,AVAXUSDT,60,1774540800000,9.176,9.198,9.128,9.129,246660.4,2256728.6019,1
BYBIT,AVAXUSDT,60,1774544400000,9.129,9.156,9.017,9.05,386982.0,3516324.1617,1
BYBIT,AVAXUSDT,60,1774548000000,9.05,9.063,8.977,9.016,194097.3,1751107.2208,1
BYBIT,AVAXUSDT,60,1774551600000,9.016,9.023,8.985,9.006,113712.7,1024515.0127,1
BYBIT,AVAXUSDT,60,1774555200000,9.006,9.138,8.986,9.09,387105.5,3516799.7297,1
BYBIT,AVAXUSDT,60,1774558800000,9.09,9.135,9.073,9.095,57606.8,524564.9149,1
BYBIT,AVAXUSDT,60,1774562400000,9.095,9.114,9.062,9.111,59478.6,540686.616,1
BYBIT,AVAXUSDT,60,1774566000000,9.111,9.128,9.076,9.096,46929.8,426836.004,1
BYBIT,AVAXUSDT,60,1774569600000,9.096,9.11,9.066,9.105,72011.4,654506.5541,1
BYBIT,AVAXUSDT,60,1774573200000,9.105,9.13,9.066,9.124,88658.1,806719.4805,1
BYBIT,AVAXUSDT,60,1774576800000,9.124,9.141,9.108,9.115,33958.2,309779.7283,1
BYBIT,AVAXUSDT,60,1774580400000,9.115,9.121,9.06,9.072,63166.0,573687.9226,1
BYBIT,AVAXUSDT,60,1774584000000,9.072,9.077,8.99,9.046,156678.5,1415254.5551,1
BYBIT,AVAXUSDT,60,1774587600000,9.046,9.087,9.034,9.071,76713.1,695331.9896,1
BYBIT,AVAXUSDT,60,1774591200000,9.071,9.088,9.046,9.078,53575.5,485980.2126,1
BYBIT,AVAXUSDT,60,1774594800000,9.078,9.091,9.034,9.062,82023.5,743223.3366,1
BYBIT,AVAXUSDT,60,1774598400000,9.062,9.076,8.904,8.97,226133.6,2028505.4975,1
BYBIT,AVAXUSDT,60,1774602000000,8.97,8.982,8.908,8.931,119851.5,1072440.0661,1
BYBIT,AVAXUSDT,60,1774605600000,8.931,8.949,8.696,8.709,536859.9,4726312.7868,1
BYBIT,AVAXUSDT,60,1774609200000,8.709,8.757,8.659,8.75,234710.2,2043256.3237,1
BYBIT,AVAXUSDT,60,1774612800000,8.75,8.777,8.724,8.774,162546.7,1421654.0135,1
BYBIT,AVAXUSDT,60,1774616400000,8.774,8.827,8.736,8.775,211393.4,1858895.5863,1
BYBIT,AVAXUSDT,60,1774620000000,8.775,8.821,8.722,8.79,124444.8,1090368.7357,1
BYBIT,AVAXUSDT,60,1774623600000,8.79,8.878,8.775,8.802,162125.0,1430684.4846,1
BYBIT,AVAXUSDT,60,1774627200000,8.802,8.804,8.743,8.759,83759.0,735010.0412,1
BYBIT,AVAXUSDT,60,1774630800000,8.759,8.813,8.713,8.717,99906.5,876871.6682,1
BYBIT,AVAXUSDT,60,1774634400000,8.717,8.731,8.653,8.719,161579.4,1404647.1396,1
BYBIT,AVAXUSDT,60,1774638000000,8.719,8.764,8.686,8.758,83318.5,728135.4178,1
BYBIT,AVAXUSDT,60,1774641600000,8.758,8.773,8.718,8.761,82496.4,721147.0457,1
BYBIT,AVAXUSDT,60,1774645200000,8.761,8.797,8.761,8.769,31479.1,276409.6176,1
BYBIT,AVAXUSDT,60,1774648800000,8.769,8.778,8.733,8.754,35865.5,314033.204,1
BYBIT,AVAXUSDT,60,1774652400000,8.754,8.794,8.741,8.783,56600.2,496316.6985,1
BYBIT,AVAXUSDT,60,1774656000000,8.783,8.786,8.756,8.76,42836.8,375752.4989,1
BYBIT,AVAXUSDT,60,1774659600000,8.76,8.761,8.699,8.743,49872.3,435489.2416,1
BYBIT,AVAXUSDT,60,1774663200000,8.743,8.772,8.713,8.729,38250.3,334175.0409,1
BYBIT,AVAXUSDT,60,1774666800000,8.729,8.748,8.726,8.733,19378.8,169280.3436,1
BYBIT,AVAXUSDT,60,1774670400000,8.733,8.739,8.705,8.733,36581.7,319267.1871,1
BYBIT,AVAXUSDT,60,1774674000000,8.733,8.764,8.717,8.758,21301.9,186216.1919,1
BYBIT,AVAXUSDT,60,1774677600000,8.758,8.79,8.744,8.777,50282.9,441251.6654,1
BYBIT,AVAXUSDT,60,1774681200000,8.777,8.829,8.771,8.825,33457.4,294365.4907,1
BYBIT,AVAXUSDT,60,1774684800000,8.825,8.843,8.799,8.801,69353.3,611878.3427,1
BYBIT,AVAXUSDT,60,1774688400000,8.801,8.806,8.782,8.79,25385.6,223249.6475,1
BYBIT,AVAXUSDT,60,1774692000000,8.79,8.832,8.771,8.791,63273.5,556682.4384,1
BYBIT,AVAXUSDT,60,1774695600000,8.791,8.812,8.784,8.81,24824.1,218414.6932,1
BYBIT,AVAXUSDT,60,1774699200000,8.81,8.833,8.776,8.776,47680.7,419691.8163,1
BYBIT,AVAXUSDT,60,1774702800000,8.776,8.934,8.76,8.885,221300.0,1963759.4599,1
BYBIT,AVAXUSDT,60,1774706400000,8.885,8.915,8.845,8.869,87002.4,772518.8442,1
BYBIT,AVAXUSDT,60,1774710000000,8.869,8.983,8.862,8.928,153074.0,1368376.4676,1
BYBIT,AVAXUSDT,60,1774713600000,8.928,8.942,8.893,8.913,60019.1,535267.7794,1
BYBIT,AVAXUSDT,60,1774717200000,8.913,8.932,8.853,8.875,40325.8,358112.8897,1
BYBIT,AVAXUSDT,60,1774720800000,8.875,8.917,8.871,8.899,54010.1,480828.9041,1
BYBIT,AVAXUSDT,60,1774724400000,8.899,8.9,8.853,8.876,19678.7,174605.5398,1
BYBIT,AVAXUSDT,60,1774728000000,8.876,8.902,8.872,8.883,35167.6,312723.8041,1
BYBIT,AVAXUSDT,60,1774731600000,8.883,8.883,8.816,8.83,43640.3,386203.3108,1
BYBIT,AVAXUSDT,60,1774735200000,8.83,8.841,8.807,8.829,45410.3,400865.3907,1
BYBIT,AVAXUSDT,60,1774738800000,8.829,8.829,8.718,8.751,158011.0,1383202.1343,1
BYBIT,AVAXUSDT,60,1774742400000,8.751,8.77,8.721,8.743,60754.8,531080.433,1
BYBIT,AVAXUSDT,60,1774746000000,8.743,8.778,8.728,8.756,53194.0,465812.36,1
BYBIT,AVAXUSDT,60,1774749600000,8.756,8.779,8.745,8.769,34944.0,306298.9915,1
BYBIT,AVAXUSDT,60,1774753200000,8.769,8.813,8.757,8.792,51542.2,453037.5658,1
BYBIT,AVAXUSDT,60,1774756800000,8.792,8.8,8.764,8.772,46442.6,407914.9763,1
BYBIT,AVAXUSDT,60,1774760400000,8.772,8.772,8.728,8.763,39012.9,341375.2699,1
BYBIT,AVAXUSDT,60,1774764000000,8.763,8.781,8.745,8.751,30810.0,269972.3874,1
BYBIT,AVAXUSDT,60,1774767600000,8.751,8.753,8.722,8.741,29732.3,259800.536,1
BYBIT,AVAXUSDT,60,1774771200000,8.741,8.753,8.724,8.742,34109.3,298042.7033,1
BYBIT,AVAXUSDT,60,1774774800000,8.742,8.75,8.706,8.714,56336.1,491599.5581,1
BYBIT,AVAXUSDT,60,1774778400000,8.714,8.714,8.661,8.689,50867.8,441886.9752,1
BYBIT,AVAXUSDT,60,1774782000000,8.689,8.745,8.687,8.721,47268.4,412440.468,1
BYBIT,AVAXUSDT,60,1774785600000,8.721,8.721,8.673,8.699,49869.3,433717.488,1
BYBIT,AVAXUSDT,60,1774789200000,8.699,8.702,8.612,8.645,153757.9,1329442.8828,1
BYBIT,AVAXUSDT,60,1774792800000,8.645,8.706,8.638,8.68,105970.0,918984.4196,1
BYBIT,AVAXUSDT,60,1774796400000,8.68,8.702,8.63,8.654,104200.0,903305.5321,1
BYBIT,AVAXUSDT,60,1774800000000,8.654,8.676,8.623,8.629,70364.6,608704.0127,1
BYBIT,AVAXUSDT,60,1774803600000,8.629,8.646,8.559,8.609,174135.1,1496415.4348,1
BYBIT,AVAXUSDT,60,1774807200000,8.609,8.635,8.587,8.618,50914.4,438502.3568,1
BYBIT,AVAXUSDT,60,1774810800000,8.618,8.631,8.596,8.598,36540.2,314711.2414,1
BYBIT,AVAXUSDT,60,1774814400000,8.598,8.676,8.594,8.64,58552.3,506004.1793,1
BYBIT,AVAXUSDT,60,1774818000000,8.64,8.665,8.637,8.66,47953.1,414940.9147,1
BYBIT,AVAXUSDT,60,1774821600000,8.66,8.66,8.364,8.554,511974.2,4340094.8667,1
BYBIT,AVAXUSDT,60,1774825200000,8.554,8.627,8.528,8.594,237952.4,2042395.8242,1
BYBIT,AVAXUSDT,60,1774828800000,8.594,8.748,8.555,8.665,364781.1,3163421.352,1
BYBIT,AVAXUSDT,60,1774832400000,8.665,8.736,8.665,8.722,119687.4,1041366.6486,1
BYBIT,AVAXUSDT,60,1774836000000,8.722,8.854,8.709,8.792,207954.5,1827626.886,1
BYBIT,AVAXUSDT,60,1774839600000,8.792,8.827,8.76,8.8,62547.6,549726.4019,1
BYBIT,AVAXUSDT,60,1774843200000,8.8,8.859,8.8,8.842,120830.1,1066518.7983,1
BYBIT,AVAXUSDT,60,1774846800000,8.842,8.882,8.813,8.829,149538.3,1323336.8875,1
BYBIT,AVAXUSDT,60,1774850400000,8.829,8.851,8.801,8.814,63457.8,559436.2758,1
BYBIT,AVAXUSDT,60,1774854000000,8.814,8.918,8.81,8.912,107905.1,957817.5467,1
BYBIT,AVAXUSDT,60,1774857600000,8.912,9.074,8.912,9.002,350165.4,3151935.5491,1
BYBIT,AVAXUSDT,60,1774861200000,9.002,9.008,8.905,8.907,107305.5,959817.1043,1
BYBIT,AVAXUSDT,60,1774864800000,8.907,8.935,8.889,8.928,107728.7,959409.2662,1
BYBIT,AVAXUSDT,60,1774868400000,8.928,9.045,8.928,8.979,247819.5,2227169.8712,1
BYBIT,AVAXUSDT,60,1774872000000,8.979,9.003,8.96,8.999,61275.4,550385.8561,1
BYBIT,AVAXUSDT,60,1774875600000,8.999,9.03,8.926,8.94,139988.4,1257592.4967,1
BYBIT,AVAXUSDT,60,1774879200000,8.94,8.983,8.866,8.968,143994.3,1284738.3429,1
BYBIT,AVAXUSDT,60,1774882800000,8.968,8.984,8.903,8.944,86291.6,771997.8085,1
BYBIT,AVAXUSDT,60,1774886400000,8.944,8.956,8.88,8.914,81937.3,730781.2514,1
BYBIT,AVAXUSDT,60,1774890000000,8.914,8.932,8.811,8.843,144608.5,1280247.0508,1
BYBIT,AVAXUSDT,60,1774893600000,8.843,8.852,8.765,8.782,102691.9,904023.9749,1
BYBIT,AVAXUSDT,60,1774897200000,8.782,8.803,8.734,8.797,96364.4,844531.4844,1
BYBIT,AVAXUSDT,60,1774900800000,8.797,8.824,8.774,8.79,56713.5,498858.6166,1
BYBIT,AVAXUSDT,60,1774904400000,8.79,8.87,8.778,8.837,62226.4,549470.0647,1
BYBIT,AVAXUSDT,60,1774908000000,8.837,8.85,8.796,8.817,68132.2,600934.5451,1
BYBIT,AVAXUSDT,60,1774911600000,8.817,8.817,8.756,8.805,49857.0,437759.0291,1
BYBIT,AVAXUSDT,60,1774915200000,8.805,8.873,8.788,8.848,148911.4,1313711.8163,1
BYBIT,AVAXUSDT,60,1774918800000,8.848,9.07,8.837,8.996,204705.4,1834827.0667,1
BYBIT,AVAXUSDT,60,1774922400000,8.996,9.068,8.978,9.022,114548.8,1034223.4567,1
BYBIT,AVAXUSDT,60,1774926000000,9.022,9.026,8.957,8.967,70344.4,632236.3429,1
BYBIT,AVAXUSDT,60,1774929600000,8.967,8.997,8.925,8.932,88924.2,796213.2061,1
BYBIT,AVAXUSDT,60,1774933200000,8.932,8.956,8.897,8.943,65823.9,587357.0508,1
BYBIT,AVAXUSDT,60,1774936800000,8.943,8.962,8.893,8.948,75387.2,672500.6992,1
BYBIT,AVAXUSDT,60,1774940400000,8.948,8.955,8.881,8.915,83438.9,743783.8263,1
BYBIT,AVAXUSDT,60,1774944000000,8.915,8.917,8.796,8.81,109904.1,972505.5566,1
BYBIT,AVAXUSDT,60,1774947600000,8.81,8.832,8.689,8.716,209496.5,1833991.6557,1
BYBIT,AVAXUSDT,60,1774951200000,8.716,8.745,8.7,8.721,127137.0,1109169.2575,1
BYBIT,AVAXUSDT,60,1774954800000,8.721,8.791,8.708,8.761,375965.2,3288194.3488,1
BYBIT,AVAXUSDT,60,1774958400000,8.761,8.795,8.737,8.766,120096.9,1053026.4761,1
BYBIT,AVAXUSDT,60,1774962000000,8.766,8.892,8.765,8.865,154193.4,1360816.0082,1
BYBIT,AVAXUSDT,60,1774965600000,8.865,8.953,8.737,8.767,275059.6,2436328.5946,1
BYBIT,AVAXUSDT,60,1774969200000,8.767,8.873,8.736,8.737,166352.6,1464907.6411,1
BYBIT,AVAXUSDT,60,1774972800000,8.737,8.904,8.707,8.86,331726.6,2929006.8246,1
BYBIT,AVAXUSDT,60,1774976400000,8.86,8.957,8.801,8.82,256060.4,2273062.1316,1
BYBIT,AVAXUSDT,60,1774980000000,8.82,8.905,8.82,8.902,116825.0,1035035.237,1
BYBIT,AVAXUSDT,60,1774983600000,8.902,8.922,8.873,8.898,64679.3,575568.5033,1
BYBIT,AVAXUSDT,60,1774987200000,8.898,8.956,8.896,8.937,123502.2,1102317.7959,1
BYBIT,AVAXUSDT,60,1774990800000,8.937,8.949,8.874,8.899,98955.7,880858.4793,1
BYBIT,AVAXUSDT,60,1774994400000,8.899,8.909,8.843,8.885,62028.2,550863.8799,1
BYBIT,AVAXUSDT,60,1774998000000,8.885,8.921,8.876,8.908,55764.2,496440.8774,1
BYBIT,AVAXUSDT,60,1775001600000,8.908,8.974,8.894,8.966,87982.1,786036.746,1
BYBIT,AVAXUSDT,60,1775005200000,8.966,8.977,8.884,8.897,104567.0,934040.5812,1
BYBIT,AVAXUSDT,60,1775008800000,8.897,8.913,8.864,8.877,63596.6,565289.6572,1
BYBIT,AVAXUSDT,60,1775012400000,8.877,8.978,8.877,8.955,78919.0,705798.042,1
BYBIT,AVAXUSDT,60,1775016000000,8.955,8.983,8.944,8.969,130333.5,1168498.6252,1
BYBIT,AVAXUSDT,60,1775019600000,8.969,9.115,8.946,9.08,353696.6,3206040.1628,1
BYBIT,AVAXUSDT,60,1775023200000,9.08,9.427,9.08,9.381,532919.8,4954622.9345,1
BYBIT,AVAXUSDT,60,1775026800000,9.381,9.476,9.326,9.339,301870.4,2835208.1905,1
BYBIT,AVAXUSDT,60,1775030400000,9.339,9.354,9.23,9.239,195515.2,1817244.6755,1
BYBIT,AVAXUSDT,60,1775034000000,9.239,9.243,9.18,9.212,146265.9,1346664.4778,1
BYBIT,AVAXUSDT,60,1775037600000,9.212,9.224,9.146,9.174,84732.2,777322.5525,1
BYBIT,AVAXUSDT,60,1775041200000,9.174,9.226,9.155,9.195,89493.9,821797.4574,1
BYBIT,AVAXUSDT,60,1775044800000,9.195,9.298,9.187,9.225,274038.4,2533274.3072,1
BYBIT,AVAXUSDT,60,1775048400000,9.225,9.252,9.133,9.161,177796.4,1633750.0122,1
BYBIT,AVAXUSDT,60,1775052000000,9.161,9.21,9.139,9.2,94813.9,870092.1144,1
BYBIT,AVAXUSDT,60,1775055600000,9.2,9.219,9.165,9.21,71301.0,655421.5078,1
BYBIT,AVAXUSDT,60,1775059200000,9.21,9.25,9.16,9.229,142589.0,1313756.2311,1
BYBIT,AVAXUSDT,60,1775062800000,9.229,9.301,9.175,9.177,165586.6,1530735.9999,1
BYBIT,AVAXUSDT,60,1775066400000,9.177,9.182,9.115,9.124,103666.9,948038.5886,1
BYBIT,AVAXUSDT,60,1775070000000,9.124,9.181,9.116,9.159,64718.2,592449.5229,1
BYBIT,AVAXUSDT,60,1775073600000,9.159,9.165,9.084,9.119,124559.9,1134938.1166,1
BYBIT,AVAXUSDT,60,1775077200000,9.119,9.208,9.118,9.174,82655.5,757928.6546,1
BYBIT,AVAXUSDT,60,1775080800000,9.174,9.181,9.103,9.112,65272.4,596057.3272,1
BYBIT,AVAXUSDT,60,1775084400000,9.112,9.134,9.1,9.12,53817.2,490766.7188,1
BYBIT,AVAXUSDT,60,1775088000000,9.12,9.184,9.114,9.181,110096.6,1006608.1381,1
BYBIT,AVAXUSDT,60,1775091600000,9.181,9.182,8.853,8.916,732137.7,6584451.0723,1
BYBIT,AVAXUSDT,60,1775095200000,8.916,8.932,8.764,8.795,259467.5,2291105.3401,1
BYBIT,AVAXUSDT,60,1775098800000,8.795,8.825,8.717,8.765,212902.3,1866326.5718,1
BYBIT,AVAXUSDT,60,1775102400000,8.765,8.777,8.653,8.676,249593.5,2174629.6855,1
BYBIT,AVAXUSDT,60,1775106000000,8.676,8.711,8.651,8.703,151051.5,1311439.6234,1
BYBIT,AVAXUSDT,60,1775109600000,8.703,8.73,8.683,8.701,116152.1,1011250.4651,1
BYBIT,AVAXUSDT,60,1775113200000,8.701,8.746,8.671,8.741,124758.4,1087182.7887,1
BYBIT,AVAXUSDT,60,1775116800000,8.741,8.741,8.658,8.661,119341.4,1037920.8029,1
BYBIT,AVAXUSDT,60,1775120400000,8.661,8.671,8.632,8.657,104466.7,903857.0202,1
BYBIT,AVAXUSDT,60,1775124000000,8.657,8.678,8.629,8.671,73134.1,633028.8952,1
BYBIT,AVAXUSDT,60,1775127600000,8.671,8.698,8.635,8.674,116852.6,1013305.5748,1
BYBIT,AVAXUSDT,60,1775131200000,8.674,8.689,8.649,8.654,94997.7,823043.4521,1
BYBIT,AVAXUSDT,60,1775134800000,8.654,8.686,8.609,8.683,235458.4,2034213.4161,1
BYBIT,AVAXUSDT,60,1775138400000,8.683,8.843,8.651,8.81,414628.6,3631091.7735,1
BYBIT,AVAXUSDT,60,1775142000000,8.81,8.814,8.706,8.734,179084.6,1567187.4368,1
BYBIT,AVAXUSDT,60,1775145600000,8.734,8.784,8.683,8.73,146634.7,1281288.918,1
BYBIT,AVAXUSDT,60,1775149200000,8.73,8.775,8.641,8.641,125091.1,1088974.9482,1
BYBIT,AVAXUSDT,60,1775152800000,8.641,8.71,8.631,8.688,77557.6,672225.7172,1
BYBIT,AVAXUSDT,60,1775156400000,8.688,8.714,8.656,8.699,105720.5,918778.4587,1
BYBIT,AVAXUSDT,60,1775160000000,8.699,8.745,8.663,8.709,86075.1,749211.0362,1
BYBIT,AVAXUSDT,60,1775163600000,8.709,8.719,8.678,8.714,64340.3,559531.301,1
BYBIT,AVAXUSDT,60,1775167200000,8.714,8.743,8.695,8.726,48467.1,422633.2836,1
BYBIT,AVAXUSDT,60,1775170800000,8.726,8.755,8.703,8.746,57190.6,499366.7722,1
BYBIT,AVAXUSDT,60,1775174400000,8.746,8.78,8.735,8.779,99164.0,867631.7346,1
BYBIT,AVAXUSDT,60,1775178000000,8.779,8.8,8.735,8.752,60621.3,531285.2957,1
BYBIT,AVAXUSDT,60,1775181600000,8.752,8.814,8.731,8.774,91668.1,803734.4938,1
BYBIT,AVAXUSDT,60,1775185200000,8.774,8.814,8.762,8.799,82900.7,728520.0362,1
BYBIT,AVAXUSDT,60,1775188800000,8.799,8.841,8.768,8.823,122513.2,1078601.9733,1
BYBIT,AVAXUSDT,60,1775192400000,8.823,8.945,8.791,8.889,182026.2,1616867.5969,1
BYBIT,AVAXUSDT,60,1775196000000,8.889,8.945,8.859,8.911,104908.8,934084.6319,1
BYBIT,AVAXUSDT,60,1775199600000,8.911,8.938,8.875,8.895,75728.2,673924.4003,1
BYBIT,AVAXUSDT,60,1775203200000,8.895,8.925,8.882,8.901,50255.5,447256.7846,1
BYBIT,AVAXUSDT,60,1775206800000,8.901,8.957,8.891,8.928,71403.9,636960.5687,1
BYBIT,AVAXUSDT,60,1775210400000,8.928,8.949,8.906,8.937,83654.6,747329.332,1
BYBIT,AVAXUSDT,60,1775214000000,8.937,8.968,8.918,8.953,68408.0,611821.4847,1
BYBIT,AVAXUSDT,60,1775217600000,8.953,9.057,8.934,8.956,270153.1,2431542.5048,1
BYBIT,AVAXUSDT,60,1775221200000,8.956,8.98,8.925,8.979,98621.7,882870.6969,1
BYBIT,AVAXUSDT,60,1775224800000,8.979,9.042,8.953,9.02,130698.7,1176126.1129,1
BYBIT,AVAXUSDT,60,1775228400000,9.02,9.05,8.994,9.01,145340.2,1310896.3927,1
BYBIT,AVAXUSDT,60,1775232000000,9.01,9.121,9.009,9.112,207070.0,1877077.4321,1
BYBIT,AVAXUSDT,60,1775235600000,9.112,9.142,8.998,9.029,201680.4,1832908.6761,1
BYBIT,AVAXUSDT,60,1775239200000,9.029,9.044,8.979,8.992,95537.5,860260.9114,1
BYBIT,AVAXUSDT,60,1775242800000,8.992,8.998,8.925,8.962,94468.1,845661.4463,1
BYBIT,AVAXUSDT,60,1775246400000,8.962,8.983,8.935,8.942,89164.8,798857.4138,1
BYBIT,AVAXUSDT,60,1775250000000,8.942,8.974,8.926,8.943,53147.5,475586.0713,1
BYBIT,AVAXUSDT,60,1775253600000,8.943,8.949,8.894,8.904,77815.1,693987.3264,1
BYBIT,AVAXUSDT,60,1775257200000,8.904,8.91,8.875,8.909,38190.6,339510.3658,1
BYBIT,AVAXUSDT,60,1775260800000,8.909,8.915,8.854,8.864,80627.3,716828.3417,1
BYBIT,AVAXUSDT,60,1775264400000,8.864,8.895,8.854,8.888,48490.5,429841.9298,1
BYBIT,AVAXUSDT,60,1775268000000,8.888,8.912,8.872,8.888,32642.3,290198.2277,1
BYBIT,AVAXUSDT,60,1775271600000,8.888,8.904,8.877,8.891,19735.6,175425.4835,1
BYBIT,AVAXUSDT,60,1775275200000,8.891,8.91,8.868,8.897,38804.2,344651.019,1
BYBIT,AVAXUSDT,60,1775278800000,8.897,8.898,8.86,8.86,36579.0,324907.6896,1
BYBIT,AVAXUSDT,60,1775282400000,8.86,8.909,8.854,8.896,21894.2,194385.2507,1
BYBIT,AVAXUSDT,60,1775286000000,8.896,8.901,8.867,8.868,22073.3,196063.6967,1
BYBIT,AVAXUSDT,60,1775289600000,8.868,8.883,8.839,8.85,97815.0,866298.7811,1
BYBIT,AVAXUSDT,60,1775293200000,8.85,8.876,8.836,8.848,61359.0,543515.331,1
BYBIT,AVAXUSDT,60,1775296800000,8.848,8.895,8.844,8.892,43402.5,385012.9791,1
BYBIT,AVAXUSDT,60,1775300400000,8.892,8.897,8.874,8.887,34515.6,306692.1613,1
BYBIT,AVAXUSDT,60,1775304000000,8.887,8.905,8.873,8.887,34242.3,304371.4105,1
BYBIT,AVAXUSDT,60,1775307600000,8.887,8.896,8.852,8.862,93694.3,831555.3024,1
BYBIT,AVAXUSDT,60,1775311200000,8.862,8.892,8.831,8.889,59213.7,524812.4691,1
BYBIT,AVAXUSDT,60,1775314800000,8.889,8.964,8.881,8.946,396951.4,3546118.5166,1
BYBIT,AVAXUSDT,60,1775318400000,8.946,9.015,8.929,8.932,205628.9,1844764.6731,1
BYBIT,AVAXUSDT,60,1775322000000,8.932,9.047,8.917,9.04,123181.6,1107393.0564,1
BYBIT,AVAXUSDT,60,1775325600000,9.04,9.071,9.01,9.019,119371.3,1079378.9783,1
BYBIT,AVAXUSDT,60,1775329200000,9.019,9.107,8.999,9.013,154512.0,1397896.6675,1
BYBIT,AVAXUSDT,60,1775332800000,9.013,9.029,8.977,8.988,68824.6,619332.6187,1
BYBIT,AVAXUSDT,60,1775336400000,8.988,9.023,8.977,9.001,54201.2,487515.3859,1
BYBIT,AVAXUSDT,60,1775340000000,9.001,9.007,8.982,8.986,31712.7,285236.8498,1
BYBIT,AVAXUSDT,60,1775343600000,8.986,8.987,8.96,8.981,60236.0,540464.6109,1
BYBIT,AVAXUSDT,60,1775347200000,8.981,9.009,8.978,9.004,100030.2,899343.8084,1
BYBIT,AVAXUSDT,60,1775350800000,9.004,9.029,8.96,8.974,63657.5,572531.2117,1
BYBIT,AVAXUSDT,60,1775354400000,8.974,8.986,8.949,8.965,75515.9,676902.4669,1
BYBIT,AVAXUSDT,60,1775358000000,8.965,8.98,8.937,8.948,28098.3,251587.1327,1
BYBIT,AVAXUSDT,60,1775361600000,8.948,8.955,8.919,8.925,56562.2,505502.8269,1
BYBIT,AVAXUSDT,60,1775365200000,8.925,8.926,8.859,8.87,119323.5,1059805.5074,1
BYBIT,AVAXUSDT,60,1775368800000,8.87,8.871,8.782,8.813,229012.1,2018873.7355,1
BYBIT,AVAXUSDT,60,1775372400000,8.813,8.831,8.761,8.796,103962.4,914619.0433,1
BYBIT,AVAXUSDT,60,1775376000000,8.796,8.83,8.782,8.819,164143.8,1444702.1762,1
BYBIT,AVAXUSDT,60,1775379600000,8.819,8.836,8.803,8.819,45016.6,396986.0599,1
BYBIT,AVAXUSDT,60,1775383200000,8.819,8.855,8.8,8.804,68107.6,600820.2421,1
BYBIT,AVAXUSDT,60,1775386800000,8.804,8.824,8.787,8.815,77757.4,684587.1028,1
BYBIT,AVAXUSDT,60,1775390400000,8.815,8.815,8.74,8.781,141119.8,1238364.8678,1
BYBIT,AVAXUSDT,60,1775394000000,8.781,8.811,8.746,8.809,63639.1,559112.3561,1
BYBIT,AVAXUSDT,60,1775397600000,8.809,8.837,8.796,8.812,82445.3,727033.4052,1
BYBIT,AVAXUSDT,60,1775401200000,8.812,8.954,8.795,8.87,276116.6,2454028.1127,1
BYBIT,AVAXUSDT,60,1775404800000,8.87,8.876,8.831,8.838,86406.8,765749.1878,1
BYBIT,AVAXUSDT,60,1775408400000,8.838,8.866,8.805,8.86,89074.9,786719.8316,1
BYBIT,AVAXUSDT,60,1775412000000,8.86,8.863,8.822,8.845,74385.8,658091.3493,1
BYBIT,AVAXUSDT,60,1775415600000,8.845,8.879,8.811,8.841,99231.4,877609.4542,1
BYBIT,AVAXUSDT,60,1775419200000,8.841,8.886,8.84,8.878,77868.5,690404.629,1
BYBIT,AVAXUSDT,60,1775422800000,8.878,8.882,8.827,8.852,48712.6,431392.2949,1
BYBIT,AVAXUSDT,60,1775426400000,8.852,8.965,8.808,8.954,157161.6,1397439.8514,1
BYBIT,AVAXUSDT,60,1775430000000,8.954,9.082,8.938,9.064,264384.4,2387254.8068,1
BYBIT,AVAXUSDT,60,1775433600000,9.064,9.425,9.064,9.419,783188.0,7253984.5243,1
BYBIT,AVAXUSDT,60,1775437200000,9.419,9.605,9.388,9.422,870217.9,8249392.3114,1
BYBIT,AVAXUSDT,60,1775440800000,9.422,9.657,9.421,9.592,601175.4,5755285.8041,1
BYBIT,AVAXUSDT,60,1775444400000,9.592,9.62,9.434,9.446,429421.2,4093858.6688,1
BYBIT,AVAXUSDT,60,1775448000000,9.446,9.509,9.4,9.485,215342.4,2036782.6335,1
BYBIT,AVAXUSDT,60,1775451600000,9.485,9.533,9.454,9.461,130004.0,1233882.3783,1
BYBIT,AVAXUSDT,60,1775455200000,9.461,9.514,9.366,9.387,362952.1,3422128.4133,1
BYBIT,AVAXUSDT,60,1775458800000,9.387,9.419,9.366,9.379,190038.4,1784397.4195,1
BYBIT,AVAXUSDT,60,1775462400000,9.379,9.446,9.376,9.408,147229.0,1384921.4424,1
BYBIT,AVAXUSDT,60,1775466000000,9.408,9.503,9.403,9.439,248006.1,2341451.0812,1
BYBIT,AVAXUSDT,60,1775469600000,9.439,9.488,9.434,9.452,158555.6,1500128.586,1
BYBIT,AVAXUSDT,60,1775473200000,9.452,9.472,9.434,9.443,110576.5,1045050.9109,1
BYBIT,AVAXUSDT,60,1775476800000,9.443,9.459,9.397,9.408,108510.0,1023623.5115,1
BYBIT,AVAXUSDT,60,1775480400000,9.408,9.415,9.331,9.356,206683.1,1935471.7982,1
BYBIT,AVAXUSDT,60,1775484000000,9.356,9.398,9.316,9.356,285776.1,2674858.962,1
BYBIT,AVAXUSDT,60,1775487600000,9.356,9.382,9.329,9.376,113604.7,1062413.6877,1
BYBIT,AVAXUSDT,60,1775491200000,9.376,9.391,9.309,9.329,135237.2,1265149.7971,1
BYBIT,AVAXUSDT,60,1775494800000,9.329,9.346,9.272,9.318,175282.5,1630904.8187,1
BYBIT,AVAXUSDT,60,1775498400000,9.318,9.358,9.298,9.342,154548.3,1442918.3386,1
BYBIT,AVAXUSDT,60,1775502000000,9.342,9.342,9.283,9.314,97366.2,905911.9252,1
BYBIT,AVAXUSDT,60,1775505600000,9.314,9.348,9.302,9.329,48262.4,450220.0751,1
BYBIT,AVAXUSDT,60,1775509200000,9.329,9.329,9.263,9.273,79940.6,743035.2139,1
BYBIT,AVAXUSDT,60,1775512800000,9.273,9.273,9.112,9.113,216476.4,1992430.9545,1
BYBIT,AVAXUSDT,60,1775516400000,9.113,9.114,8.795,8.894,992266.4,8853727.0695,1
BYBIT,AVAXUSDT,60,1775520000000,8.894,8.913,8.798,8.818,376798.5,3335395.9648,1
BYBIT,AVAXUSDT,60,1775523600000,8.818,8.818,8.684,8.703,368720.2,3229018.9553,1
BYBIT,AVAXUSDT,60,1775527200000,8.703,8.706,8.629,8.659,356822.3,3093439.0722,1
BYBIT,AVAXUSDT,60,1775530800000,8.659,8.7,8.639,8.678,214446.7,1858378.7024,1
BYBIT,AVAXUSDT,60,1775534400000,8.678,8.723,8.647,8.696,213003.4,1849430.5169,1
BYBIT,AVAXUSDT,60,1775538000000,8.696,8.7,8.522,8.552,416481.1,3582207.1219,1
BYBIT,AVAXUSDT,60,1775541600000,8.552,8.581,8.46,8.573,707594.8,6022669.0179,1
BYBIT,AVAXUSDT,60,1775545200000,8.573,8.648,8.565,8.64,395429.3,3408711.0678,1
BYBIT,AVAXUSDT,60,1775548800000,8.64,8.702,8.63,8.685,352700.2,3058472.1829,1
BYBIT,AVAXUSDT,60,1775552400000,8.685,8.735,8.668,8.689,248709.0,2162210.0541,1
BYBIT,AVAXUSDT,60,1775556000000,8.689,8.702,8.599,8.616,400821.3,3464684.0699,1
BYBIT,AVAXUSDT,60,1775559600000,8.616,8.631,8.572,8.612,206347.0,1775743.9677,1
BYBIT,AVAXUSDT,60,1775563200000,8.612,8.674,8.546,8.656,433931.3,3734993.04,1
BYBIT,AVAXUSDT,60,1775566800000,8.656,8.682,8.592,8.594,278705.1,2406613.3046,1
BYBIT,AVAXUSDT,60,1775570400000,8.594,8.613,8.524,8.559,351726.3,3014613.4595,1
BYBIT,AVAXUSDT,60,1775574000000,8.559,8.612,8.543,8.581,253165.9,2171968.2594,1
BYBIT,AVAXUSDT,60,1775577600000,8.581,8.627,8.559,8.563,151192.5,1298921.0691,1
BYBIT,AVAXUSDT,60,1775581200000,8.563,8.695,8.555,8.595,278789.9,2402932.231,1
BYBIT,AVAXUSDT,60,1775584800000,8.595,8.649,8.593,8.635,133156.4,1148760.1578,1
BYBIT,AVAXUSDT,60,1775588400000,8.635,8.811,8.627,8.79,453821.6,3962513.8403,1
BYBIT,AVAXUSDT,60,1775592000000,8.79,8.88,8.735,8.759,463028.3,4080910.7647,1
BYBIT,AVAXUSDT,60,1775595600000,8.759,9.126,8.746,9.036,593961.6,5308906.3618,1
BYBIT,AVAXUSDT,60,1775599200000,9.036,9.351,9.036,9.351,759848.0,6980000.1306,1
BYBIT,AVAXUSDT,60,1775602800000,9.351,9.614,9.351,9.425,975771.4,9252987.6983,1
BYBIT,AVAXUSDT,60,1775606400000,9.425,9.475,9.337,9.368,373580.0,3511952.191,1
BYBIT,AVAXUSDT,60,1775610000000,9.368,9.449,9.321,9.417,199041.2,1867876.0436,1
BYBIT,AVAXUSDT,60,1775613600000,9.417,9.52,9.409,9.427,211517.4,2000726.6937,1
BYBIT,AVAXUSDT,60,1775617200000,9.427,9.476,9.415,9.435,158052.8,1492659.7315,1
BYBIT,AVAXUSDT,60,1775620800000,9.435,9.557,9.435,9.457,309236.5,2937778.471,1
BYBIT,AVAXUSDT,60,1775624400000,9.457,9.513,9.42,9.464,231709.4,2192617.5854,1
BYBIT,AVAXUSDT,60,1775628000000,9.464,9.483,9.402,9.412,220140.3,2077352.4204,1
BYBIT,AVAXUSDT,60,1775631600000,9.412,9.444,9.368,9.393,154268.4,1450180.0597,1
BYBIT,AVAXUSDT,60,1775635200000,9.393,9.4,9.355,9.376,100509.6,942607.6029,1
BYBIT,AVAXUSDT,60,1775638800000,9.376,9.403,9.349,9.362,84021.1,788034.4249,1
BYBIT,AVAXUSDT,60,1775642400000,9.362,9.386,9.342,9.353,62379.4,584051.6519,1
BYBIT,AVAXUSDT,60,1775646000000,9.353,9.357,9.276,9.302,173332.7,1614344.563,1
BYBIT,AVAXUSDT,60,1775649600000,9.302,9.365,9.262,9.35,374108.5,3481158.383,1
BYBIT,AVAXUSDT,60,1775653200000,9.35,9.437,9.311,9.324,336646.0,3156613.8573,1
BYBIT,AVAXUSDT,60,1775656800000,9.324,9.339,9.141,9.17,360172.8,3319368.5131,1
BYBIT,AVAXUSDT,60,1775660400000,9.17,9.225,9.16,9.213,134263.6,1234603.2757,1
BYBIT,AVAXUSDT,60,1775664000000,9.213,9.238,9.172,9.221,81065.1,746791.7616,1
BYBIT,AVAXUSDT,60,1775667600000,9.221,9.289,9.199,9.269,105748.8,977895.1771,1
BYBIT,AVAXUSDT,60,1775671200000,9.269,9.278,9.123,9.14,166405.6,1532112.7603,1
BYBIT,AVAXUSDT,60,1775674800000,9.14,9.186,9.109,9.184,112655.1,1029767.2756,1
BYBIT,AVAXUSDT,60,1775678400000,9.184,9.206,9.129,9.142,74746.3,685179.3475,1
BYBIT,AVAXUSDT,60,1775682000000,9.142,9.213,9.128,9.189,120123.7,1102220.4094,1
BYBIT,AVAXUSDT,60,1775685600000,9.189,9.193,9.104,9.112,156838.8,1433862.6222,1
BYBIT,AVAXUSDT,60,1775689200000,9.112,9.112,9.032,9.048,165151.2,1497886.9735,1
BYBIT,AVAXUSDT,60,1775692800000,9.048,9.048,8.936,8.961,247278.0,2221327.4857,1
BYBIT,AVAXUSDT,60,1775696400000,8.961,8.982,8.911,8.976,165099.0,1477319.4106,1
BYBIT,AVAXUSDT,60,1775700000000,8.976,9.047,8.957,9.026,142332.2,1282474.5686,1
BYBIT,AVAXUSDT,60,1775703600000,9.026,9.053,9.007,9.021,90522.5,817672.0937,1
BYBIT,AVAXUSDT,60,1775707200000,9.021,9.062,9.012,9.04,59497.9,537960.7591,1
BYBIT,AVAXUSDT,60,1775710800000,9.04,9.053,8.998,9.009,95524.9,862065.9994,1
BYBIT,AVAXUSDT,60,1775714400000,9.009,9.045,9.006,9.045,93264.7,841776.7816,1
BYBIT,AVAXUSDT,60,1775718000000,9.045,9.086,9.045,9.075,115841.1,1050779.9883,1
BYBIT,AVAXUSDT,60,1775721600000,9.075,9.162,9.047,9.151,303619.8,2769531.6805,1
BYBIT,AVAXUSDT,60,1775725200000,9.151,9.152,9.054,9.122,279325.2,2543701.1057,1
BYBIT,AVAXUSDT,60,1775728800000,9.122,9.148,9.098,9.101,96972.6,884367.1613,1
BYBIT,AVAXUSDT,60,1775732400000,9.101,9.103,9.039,9.08,165307.7,1498455.6998,1
BYBIT,AVAXUSDT,60,1775736000000,9.08,9.118,9.06,9.097,137567.3,1249777.9811,1
BYBIT,AVAXUSDT,60,1775739600000,9.097,9.109,9.055,9.092,141681.6,1286659.4239,1
BYBIT,AVAXUSDT,60,1775743200000,9.092,9.173,9.044,9.152,187928.8,1713652.3239,1
BYBIT,AVAXUSDT,60,1775746800000,9.152,9.363,9.127,9.334,488498.4,4517328.3763,1
BYBIT,AVAXUSDT,60,1775750400000,9.334,9.385,9.237,9.283,264259.4,2461276.1834,1
BYBIT,AVAXUSDT,60,1775754000000,9.283,9.383,9.275,9.361,202534.5,1889385.4828,1
BYBIT,AVAXUSDT,60,1775757600000,9.361,9.363,9.251,9.277,141694.6,1315730.5451,1
BYBIT,AVAXUSDT,60,1775761200000,9.277,9.338,9.242,9.296,156116.8,1450781.1938,1
BYBIT,AVAXUSDT,60,1775764800000,9.296,9.339,9.274,9.319,240958.3,2241538.0317,1
BYBIT,AVAXUSDT,60,1775768400000,9.319,9.455,9.308,9.416,405737.3,3809232.4166,1
BYBIT,AVAXUSDT,60,1775772000000,9.416,9.699,9.394,9.472,736903.6,7047184.909,1
BYBIT,AVAXUSDT,60,1775775600000,9.472,9.514,9.335,9.361,299861.5,2826371.0079,1
BYBIT,AVAXUSDT,60,1775779200000,9.361,9.397,9.307,9.327,184763.9,1725751.9856,1
BYBIT,AVAXUSDT,60,1775782800000,9.327,9.405,9.265,9.338,137756.7,1285914.3885,1
BYBIT,AVAXUSDT,60,1775786400000,9.338,9.375,9.305,9.319,62473.1,583449.1843,1
BYBIT,AVAXUSDT,60,1775790000000,9.319,9.346,9.272,9.303,123575.0,1150658.7775,1
BYBIT,AVAXUSDT,60,1775793600000,9.303,9.403,9.297,9.378,95386.2,891310.0299,1
BYBIT,AVAXUSDT,60,1775797200000,9.378,9.414,9.357,9.367,147490.7,1384274.9185,1
BYBIT,AVAXUSDT,60,1775800800000,9.367,9.399,9.276,9.302,86766.4,809590.5247,1
BYBIT,AVAXUSDT,60,1775804400000,9.302,9.31,9.263,9.27,90982.7,844666.4308,1
BYBIT,AVAXUSDT,60,1775808000000,9.27,9.323,9.241,9.269,112335.4,1041680.4861,1
BYBIT,AVAXUSDT,60,1775811600000,9.269,9.318,9.264,9.303,98079.9,911727.5598,1
BYBIT,AVAXUSDT,60,1775815200000,9.303,9.305,9.255,9.267,74888.3,694820.4711,1
BYBIT,AVAXUSDT,60,1775818800000,9.267,9.333,9.257,9.299,127740.3,1189315.2447,1
BYBIT,AVAXUSDT,60,1775822400000,9.299,9.382,9.289,9.374,248425.6,2322481.4271,1
BYBIT,AVAXUSDT,60,1775826000000,9.374,9.408,9.317,9.365,134820.1,1262082.6791,1
BYBIT,AVAXUSDT,60,1775829600000,9.365,9.466,9.328,9.44,240042.8,2258315.7344,1
BYBIT,AVAXUSDT,60,1775833200000,9.44,9.507,9.377,9.418,286007.1,2697731.3617,1
BYBIT,AVAXUSDT,60,1775836800000,9.418,9.455,9.392,9.418,131460.2,1238984.2613,1
BYBIT,AVAXUSDT,60,1775840400000,9.418,9.419,9.346,9.39,88380.7,829079.491,1
BYBIT,AVAXUSDT,60,1775844000000,9.39,9.521,9.376,9.509,322617.1,3051084.351,1
BYBIT,AVAXUSDT,60,1775847600000,9.509,9.547,9.492,9.52,120141.0,1142868.1815,1
BYBIT,AVAXUSDT,60,1775851200000,9.52,9.55,9.48,9.508,107140.1,1019519.5436,1
BYBIT,AVAXUSDT,60,1775854800000,9.508,9.51,9.395,9.452,116200.4,1097021.4998,1
BYBIT,AVAXUSDT,60,1775858400000,9.452,9.455,9.39,9.41,82861.9,779943.1134,1
BYBIT,AVAXUSDT,60,1775862000000,9.41,9.412,9.372,9.389,75568.4,709605.2829,1
BYBIT,AVAXUSDT,60,1775865600000,9.389,9.394,9.348,9.349,49074.1,459872.7083,1
BYBIT,AVAXUSDT,60,1775869200000,9.349,9.354,9.303,9.338,72983.2,680794.6522,1
BYBIT,AVAXUSDT,60,1775872800000,9.338,9.374,9.323,9.34,107725.1,1007201.6369,1
BYBIT,AVAXUSDT,60,1775876400000,9.34,9.365,9.309,9.317,51445.0,480544.8487,1
BYBIT,AVAXUSDT,60,1775880000000,9.317,9.343,9.292,9.302,50836.0,473236.409,1
BYBIT,AVAXUSDT,60,1775883600000,9.302,9.302,9.248,9.257,90573.5,839836.3287,1
BYBIT,AVAXUSDT,60,1775887200000,9.257,9.279,9.223,9.265,71702.8,663223.7085,1
BYBIT,AVAXUSDT,60,1775890800000,9.265,9.298,9.262,9.279,35288.5,327655.1494,1
BYBIT,AVAXUSDT,60,1775894400000,9.279,9.31,9.272,9.275,55804.4,518441.8075,1
BYBIT,AVAXUSDT,60,1775898000000,9.275,9.307,9.254,9.278,74138.1,687806.5572,1
BYBIT,AVAXUSDT,60,1775901600000,9.278,9.28,9.248,9.26,29862.7,276577.6867,1
BYBIT,AVAXUSDT,60,1775905200000,9.26,9.286,9.252,9.275,55123.2,510959.6743,1
BYBIT,AVAXUSDT,60,1775908800000,9.275,9.294,9.263,9.267,87041.6,807307.3289,1
BYBIT,AVAXUSDT,60,1775912400000,9.267,9.267,9.185,9.233,146387.3,1349627.1946,1
BYBIT,AVAXUSDT,60,1775916000000,9.233,9.276,9.229,9.264,58250.3,539502.5665,1
BYBIT,AVAXUSDT,60,1775919600000,9.264,9.334,9.26,9.327,84819.6,789563.2065,1
BYBIT,AVAXUSDT,60,1775923200000,9.327,9.467,9.324,9.441,148949.0,1400913.1709,1
BYBIT,AVAXUSDT,60,1775926800000,9.441,9.451,9.373,9.385,159422.2,1498843.0891,1
BYBIT,AVAXUSDT,60,1775930400000,9.385,9.516,9.352,9.485,226793.0,2144489.7067,1
BYBIT,AVAXUSDT,60,1775934000000,9.485,9.605,9.478,9.577,230408.8,2199301.3747,1
BYBIT,AVAXUSDT,60,1775937600000,9.577,9.603,9.431,9.462,208895.5,1988493.5834,1
BYBIT,AVAXUSDT,60,1775941200000,9.462,9.492,9.427,9.457,100178.6,947039.6016,1
BYBIT,AVAXUSDT,60,1775944800000,9.457,9.51,9.389,9.41,113909.9,1075577.3415,1
BYBIT,AVAXUSDT,60,1775948400000,9.41,9.41,9.328,9.369,132327.5,1239292.427,1
BYBIT,AVAXUSDT,60,1775952000000,9.369,9.375,9.321,9.36,69111.2,645879.942,1
BYBIT,AVAXUSDT,60,1775955600000,9.36,9.383,9.026,9.073,525811.3,4809800.2808,1
BYBIT,AVAXUSDT,60,1775959200000,9.073,9.132,9.023,9.122,257965.5,2342794.304,1
BYBIT,AVAXUSDT,60,1775962800000,9.122,9.128,9.075,9.078,126904.1,1154490.1724,1
BYBIT,AVAXUSDT,60,1775966400000,9.078,9.087,9.051,9.064,60555.6,549189.2637,1
BYBIT,AVAXUSDT,60,1775970000000,9.064,9.077,9.04,9.064,82114.6,744141.5134,1
BYBIT,AVAXUSDT,60,1775973600000,9.064,9.076,9.038,9.047,71606.2,648528.8587,1
BYBIT,AVAXUSDT,60,1775977200000,9.047,9.047,8.991,9.016,120518.8,1086959.5061,1
BYBIT,AVAXUSDT,60,1775980800000,9.016,9.044,8.999,9.03,96405.8,869545.0208,1
BYBIT,AVAXUSDT,60,1775984400000,9.03,9.04,9.001,9.014,41019.0,369991.054,1
BYBIT,AVAXUSDT,60,1775988000000,9.014,9.033,8.974,8.987,92748.2,835536.9314,1
BYBIT,AVAXUSDT,60,1775991600000,8.987,9.038,8.981,9.025,54607.8,492531.6521,1
BYBIT,AVAXUSDT,60,1775995200000,9.025,9.056,9.0,9.018,136475.3,1231736.6985,1
BYBIT,AVAXUSDT,60,1775998800000,9.018,9.038,8.955,8.959,137195.1,1234799.2513,1
BYBIT,AVAXUSDT,60,1776002400000,8.959,8.999,8.953,8.972,127411.8,1143528.8795,1
BYBIT,AVAXUSDT,60,1776006000000,8.972,8.985,8.925,8.957,96006.8,859849.1441,1
BYBIT,AVAXUSDT,60,1776009600000,8.957,9.013,8.948,9.011,87150.8,782994.5077,1
BYBIT,AVAXUSDT,60,1776013200000,9.011,9.124,9.009,9.105,134593.9,1219806.5429,1
BYBIT,AVAXUSDT,60,1776016800000,9.105,9.158,9.084,9.094,173930.0,1587199.2829,1
BYBIT,AVAXUSDT,60,1776020400000,9.094,9.109,9.063,9.078,77652.0,705696.0207,1
BYBIT,AVAXUSDT,60,1776024000000,9.078,9.145,9.06,9.129,139010.6,1265602.6519,1
BYBIT,AVAXUSDT,60,1776027600000,9.129,9.166,9.108,9.152,66285.9,605503.5029,1
BYBIT,AVAXUSDT,60,1776031200000,9.152,9.152,9.013,9.06,283685.4,2569917.4482,1
BYBIT,AVAXUSDT,60,1776034800000,9.06,9.06,8.996,9.025,107799.1,972123.853,1
BYBIT,AVAXUSDT,60,1776038400000,9.025,9.119,9.01,9.093,140780.2,1274079.5306,1
BYBIT,AVAXUSDT,60,1776042000000,9.093,9.165,9.088,9.13,101647.6,927956.98,1
BYBIT,AVAXUSDT,60,1776045600000,9.13,9.14,9.048,9.052,88275.4,801813.9656,1
BYBIT,AVAXUSDT,60,1776049200000,9.052,9.076,9.038,9.066,40197.7,364052.2159,1
BYBIT,AVAXUSDT,60,1776052800000,9.066,9.107,9.043,9.049,54006.9,490091.3368,1
BYBIT,AVAXUSDT,60,1776056400000,9.049,9.059,9.008,9.059,118191.4,1067247.0978,1
BYBIT,AVAXUSDT,60,1776060000000,9.059,9.188,9.056,9.148,224791.6,2055867.3478,1
BYBIT,AVAXUSDT,60,1776063600000,9.148,9.156,9.042,9.061,112167.0,1017545.7241,1
BYBIT,AVAXUSDT,60,1776067200000,9.061,9.062,9.01,9.024,94407.1,852724.2901,1
BYBIT,AVAXUSDT,60,1776070800000,9.024,9.083,9.022,9.072,73295.5,663770.261,1
BYBIT,AVAXUSDT,60,1776074400000,9.072,9.08,8.977,8.984,113248.7,1022918.1223,1
BYBIT,AVAXUSDT,60,1776078000000,8.984,9.078,8.962,9.057,256090.2,2310435.7164,1
BYBIT,AVAXUSDT,60,1776081600000,9.057,9.184,9.032,9.149,182876.2,1665835.6708,1
BYBIT,AVAXUSDT,60,1776085200000,9.149,9.278,9.097,9.26,375039.6,3449109.7462,1
BYBIT,AVAXUSDT,60,1776088800000,9.26,9.315,9.136,9.312,258822.8,2386459.4932,1
BYBIT,AVAXUSDT,60,1776092400000,9.312,9.322,9.148,9.2,273833.2,2528194.8784,1
BYBIT,AVAXUSDT,60,1776096000000,9.2,9.303,9.144,9.278,282506.3,2611526.4847,1
BYBIT,AVAXUSDT,60,1776099600000,9.278,9.381,9.243,9.252,217570.3,2024479.8564,1
BYBIT,AVAXUSDT,60,1776103200000,9.252,9.261,9.172,9.257,144398.4,1331952.5192,1
BYBIT,AVAXUSDT,60,1776106800000,9.257,9.415,9.252,9.402,262218.2,2451136.9214,1
BYBIT,AVAXUSDT,60,1776110400000,9.402,9.416,9.268,9.287,218674.1,2041300.7468,1
BYBIT,AVAXUSDT,60,1776114000000,9.287,9.324,9.244,9.312,128229.1,1190213.5123,1
BYBIT,AVAXUSDT,60,1776117600000,9.312,9.628,9.301,9.592,745771.8,7091524.1888,1
BYBIT,AVAXUSDT,60,1776121200000,9.592,9.709,9.564,9.656,447745.0,4315765.4414,1
BYBIT,AVAXUSDT,60,1776124800000,9.656,9.7,9.491,9.506,315318.6,3019739.5638,1
BYBIT,AVAXUSDT,60,1776128400000,9.506,9.526,9.463,9.491,121183.3,1150130.6539,1
BYBIT,AVAXUSDT,60,1776132000000,9.491,9.495,9.425,9.455,104769.1,991542.5575,1
BYBIT,AVAXUSDT,60,1776135600000,9.455,9.48,9.434,9.446,56384.8,533233.5067,1
BYBIT,AVAXUSDT,60,1776139200000,9.446,9.466,9.421,9.442,64962.7,613472.3625,1
BYBIT,AVAXUSDT,60,1776142800000,9.442,9.443,9.365,9.381,82984.8,780715.8308,1
BYBIT,AVAXUSDT,60,1776146400000,9.381,9.433,9.38,9.417,106977.9,1006021.4408,1
BYBIT,AVAXUSDT,60,1776150000000,9.417,9.45,9.391,9.408,123753.3,1165601.4096,1
BYBIT,AVAXUSDT,60,1776153600000,9.408,9.448,9.385,9.433,120896.9,1138377.9441,1
BYBIT,AVAXUSDT,60,1776157200000,9.433,9.44,9.38,9.416,128754.1,1210862.3728,1
BYBIT,AVAXUSDT,60,1776160800000,9.416,9.437,9.394,9.401,72517.0,683015.5907,1
BYBIT,AVAXUSDT,60,1776164400000,9.401,9.408,9.371,9.378,111355.8,1045531.3083,1
BYBIT,AVAXUSDT,60,1776168000000,9.378,9.394,9.348,9.369,85058.8,797231.802,1
BYBIT,AVAXUSDT,60,1776171600000,9.369,9.494,9.364,9.491,279403.3,2635812.6635,1
BYBIT,AVAXUSDT,60,1776175200000,9.491,9.528,9.387,9.387,339740.6,3212231.545,1
BYBIT,AVAXUSDT,60,1776178800000,9.387,9.459,9.27,9.421,453717.3,4243199.1683,1
BYBIT,AVAXUSDT,60,1776182400000,9.421,9.487,9.368,9.389,195152.5,1841720.9183,1
BYBIT,AVAXUSDT,60,1776186000000,9.389,9.439,9.313,9.372,127149.3,1191273.076,1
BYBIT,AVAXUSDT,60,1776189600000,9.372,9.397,9.205,9.251,234343.4,2170505.4504,1
BYBIT,AVAXUSDT,60,1776193200000,9.251,9.344,9.242,9.343,136819.1,1272723.5968,1
BYBIT,AVAXUSDT,60,1776196800000,9.343,9.37,9.3,9.313,98202.5,916680.9637,1
BYBIT,AVAXUSDT,60,1776200400000,9.313,9.377,9.313,9.355,82882.3,775404.8804,1
BYBIT,AVAXUSDT,60,1776204000000,9.355,9.38,9.285,9.307,121695.4,1135059.3792,1
BYBIT,AVAXUSDT,60,1776207600000,9.307,9.327,9.269,9.296,88430.6,822737.0166,1
BYBIT,AVAXUSDT,60,1776211200000,9.296,9.37,9.293,9.329,98097.3,915696.1924,1
BYBIT,AVAXUSDT,60,1776214800000,9.329,9.382,9.319,9.357,71083.9,664568.5573,1
BYBIT,AVAXUSDT,60,1776218400000,9.357,9.38,9.277,9.312,70907.2,661258.5024,1
BYBIT,AVAXUSDT,60,1776222000000,9.312,9.348,9.285,9.342,64905.9,605164.4356,1
BYBIT,AVAXUSDT,60,1776225600000,9.342,9.459,9.333,9.402,303071.3,2848901.1729,1
BYBIT,AVAXUSDT,60,1776229200000,9.402,9.451,9.318,9.339,140008.5,1313699.4991,1
BYBIT,AVAXUSDT,60,1776232800000,9.339,9.339,9.284,9.298,59130.1,550409.7995,1
BYBIT,AVAXUSDT,60,1776236400000,9.298,9.32,9.252,9.263,107875.5,1000917.9999,1
BYBIT,AVAXUSDT,60,1776240000000,9.263,9.391,9.254,9.347,139366.9,1301885.0678,1
BYBIT,AVAXUSDT,60,1776243600000,9.347,9.359,9.304,9.317,42029.0,392118.5788,1
BYBIT,AVAXUSDT,60,1776247200000,9.317,9.388,9.288,9.33,70820.6,662063.1921,1
BYBIT,AVAXUSDT,60,1776250800000,9.33,9.456,9.33,9.42,145419.5,1367807.5254,1
BYBIT,AVAXUSDT,60,1776254400000,9.42,9.435,9.381,9.426,91874.6,864851.3955,1
BYBIT,AVAXUSDT,60,1776258000000,9.426,9.444,9.36,9.391,135538.7,1273203.8625,1
BYBIT,AVAXUSDT,60,1776261600000,9.391,9.459,9.366,9.446,119769.1,1127790.2654,1
BYBIT,AVAXUSDT,60,1776265200000,9.446,9.454,9.321,9.362,161956.0,1518883.0416,1
BYBIT,AVAXUSDT,60,1776268800000,9.362,9.45,9.347,9.429,111428.0,1049224.5533,1
BYBIT,AVAXUSDT,60,1776272400000,9.429,9.474,9.403,9.446,138524.4,1308047.6259,1
BYBIT,AVAXUSDT,60,1776276000000,9.446,9.484,9.437,9.471,125272.3,1185352.498,1
BYBIT,AVAXUSDT,60,1776279600000,9.471,9.567,9.449,9.525,192654.4,1832708.9027,1
BYBIT,AVAXUSDT,60,1776283200000,9.525,9.529,9.453,9.471,144488.5,1369827.203,1
BYBIT,AVAXUSDT,60,1776286800000,9.471,9.504,9.412,9.493,127024.7,1201408.7666,1
BYBIT,AVAXUSDT,60,1776290400000,9.493,9.557,9.48,9.481,117128.0,1114498.0125,1
BYBIT,AVAXUSDT,60,1776294000000,9.481,9.482,9.384,9.431,122301.4,1152070.8908,1
BYBIT,AVAXUSDT,60,1776297600000,9.431,9.446,9.365,9.403,65176.4,612681.5717,1
BYBIT,AVAXUSDT,60,1776301200000,9.403,9.403,9.34,9.365,83554.8,782232.8845,1
BYBIT,AVAXUSDT,60,1776304800000,9.365,9.494,9.365,9.44,131020.3,1235823.0872,1
BYBIT,AVAXUSDT,60,1776308400000,9.44,9.51,9.408,9.481,173774.8,1641411.7037,1
BYBIT,AVAXUSDT,60,1776312000000,9.481,9.55,9.464,9.484,159687.6,1518256.0561,1
BYBIT,AVAXUSDT,60,1776315600000,9.484,9.512,9.456,9.492,175014.3,1661683.4838,1
BYBIT,AVAXUSDT,60,1776319200000,9.492,9.563,9.492,9.563,113047.8,1076743.5304,1
BYBIT,AVAXUSDT,60,1776322800000,9.563,9.616,9.486,9.507,169621.1,1620985.3311,1
BYBIT,AVAXUSDT,60,1776326400000,9.507,9.513,9.433,9.437,189806.5,1799063.4179,1
BYBIT,AVAXUSDT,60,1776330000000,9.437,9.504,9.422,9.426,110403.8,1043816.0275,1
BYBIT,AVAXUSDT,60,1776333600000,9.426,9.436,9.331,9.395,191764.0,1797500.3148,1
BYBIT,AVAXUSDT,60,1776337200000,9.395,9.463,9.376,9.46,91320.1,859997.6217,1
BYBIT,AVAXUSDT,60,1776340800000,9.46,9.554,9.459,9.502,193319.8,1838971.6153,1
BYBIT,AVAXUSDT,60,1776344400000,9.502,9.611,9.298,9.406,418436.5,3961471.7992,1
BYBIT,AVAXUSDT,60,1776348000000,9.406,9.416,9.257,9.396,469322.5,4383854.8191,1
BYBIT,AVAXUSDT,60,1776351600000,9.396,9.6,9.383,9.58,535034.2,5090659.5959,1
BYBIT,AVAXUSDT,60,1776355200000,9.58,9.649,9.41,9.451,675093.5,6448406.4607,1
BYBIT,AVAXUSDT,60,1776358800000,9.451,9.544,9.399,9.523,196663.0,1864402.2824,1
BYBIT,AVAXUSDT,60,1776362400000,9.523,9.847,9.486,9.771,730872.2,7063370.6965,1
BYBIT,AVAXUSDT,60,1776366000000,9.771,9.863,9.739,9.848,360714.6,3534291.8985,1
BYBIT,AVAXUSDT,60,1776369600000,9.848,9.879,9.652,9.69,306879.1,2993596.5188,1
BYBIT,AVAXUSDT,60,1776373200000,9.69,9.732,9.64,9.72,165473.1,1603962.4853,1
BYBIT,AVAXUSDT,60,1776376800000,9.72,9.763,9.677,9.71,178307.6,1733979.5098,1
BYBIT,AVAXUSDT,60,1776380400000,9.71,9.779,9.681,9.723,103612.2,1007794.8555,1
BYBIT,AVAXUSDT,60,1776384000000,9.723,9.746,9.665,9.687,101645.6,986062.5078,1
BYBIT,AVAXUSDT,60,1776387600000,9.687,9.713,9.591,9.625,204286.1,1970172.8891,1
BYBIT,AVAXUSDT,60,1776391200000,9.625,9.646,9.547,9.584,146821.5,1407750.1689,1
BYBIT,AVAXUSDT,60,1776394800000,9.584,9.586,9.535,9.551,59723.9,571288.7999,1
BYBIT,AVAXUSDT,60,1776398400000,9.551,9.582,9.526,9.545,110306.3,1053399.7169,1
BYBIT,AVAXUSDT,60,1776402000000,9.545,9.548,9.44,9.451,180588.2,1710678.6632,1
BYBIT,AVAXUSDT,60,1776405600000,9.451,9.576,9.443,9.554,130982.9,1245550.6141,1
BYBIT,AVAXUSDT,60,1776409200000,9.554,9.621,9.554,9.62,99554.8,954848.9502,1
BYBIT,AVAXUSDT,60,1776412800000,9.62,9.698,9.605,9.666,152687.7,1473809.6638,1
BYBIT,AVAXUSDT,60,1776416400000,9.666,9.724,9.6,9.673,288131.9,2779236.481,1
BYBIT,AVAXUSDT,60,1776420000000,9.673,9.696,9.496,9.539,259104.7,2482331.5207,1
BYBIT,AVAXUSDT,60,1776423600000,9.539,9.672,9.524,9.647,166883.4,1602334.3206,1
BYBIT,AVAXUSDT,60,1776427200000,9.647,9.756,9.604,9.727,268116.8,2594080.0884,1
BYBIT,AVAXUSDT,60,1776430800000,9.727,9.912,9.707,9.892,755443.2,7434060.4771,1
BYBIT,AVAXUSDT,60,1776434400000,9.892,10.004,9.86,9.926,437952.5,4343234.512,1
BYBIT,AVAXUSDT,60,1776438000000,9.926,9.931,9.743,9.804,306350.7,3011303.4805,1
BYBIT,AVAXUSDT,60,1776441600000,9.804,9.947,9.797,9.921,207712.1,2048509.4848,1
BYBIT,AVAXUSDT,60,1776445200000,9.921,9.923,9.766,9.826,276958.3,2724458.096,1
BYBIT,AVAXUSDT,60,1776448800000,9.826,9.844,9.734,9.766,159801.4,1560993.4886,1
BYBIT,AVAXUSDT,60,1776452400000,9.766,9.827,9.741,9.784,83546.3,817989.4093,1
BYBIT,AVAXUSDT,60,1776456000000,9.784,9.821,9.712,9.778,94783.7,924562.2187,1
BYBIT,AVAXUSDT,60,1776459600000,9.778,9.837,9.753,9.786,100051.0,980438.1959,1
BYBIT,AVAXUSDT,60,1776463200000,9.786,9.839,9.764,9.794,86851.9,850986.7784,1
BYBIT,AVAXUSDT,60,1776466800000,9.794,9.794,9.681,9.714,120705.1,1173237.988,1
BYBIT,AVAXUSDT,60,1776470400000,9.714,9.763,9.694,9.738,86239.4,838893.4993,1
BYBIT,AVAXUSDT,60,1776474000000,9.738,9.777,9.67,9.696,73173.5,711826.2971,1
BYBIT,AVAXUSDT,60,1776477600000,9.696,9.738,9.668,9.706,58028.7,562607.3594,1
BYBIT,AVAXUSDT,60,1776481200000,9.706,9.707,9.615,9.638,121104.9,1169824.5211,1
BYBIT,AVAXUSDT,60,1776484800000,9.638,9.674,9.612,9.652,234674.0,2262731.1389,1
BYBIT,AVAXUSDT,60,1776488400000,9.652,9.709,9.65,9.692,104309.9,1010950.5032,1
BYBIT,AVAXUSDT,60,1776492000000,9.692,9.72,9.654,9.687,82448.0,799294.7452,1
BYBIT,AVAXUSDT,60,1776495600000,9.687,9.729,9.679,9.699,98410.6,954798.6087,1
BYBIT,AVAXUSDT,60,1776499200000,9.699,9.699,9.505,9.553,316608.3,3030697.6809,1
BYBIT,AVAXUSDT,60,1776502800000,9.553,9.554,9.474,9.517,193272.7,1839689.8312,1
BYBIT,AVAXUSDT,60,1776506400000,9.517,9.519,9.41,9.423,244202.8,2306608.5223,1
BYBIT,AVAXUSDT,60,1776510000000,9.423,9.426,9.342,9.386,236686.4,2220753.8847,1
BYBIT,AVAXUSDT,60,1776513600000,9.386,9.413,9.369,9.409,168010.4,1577570.7775,1
BYBIT,AVAXUSDT,60,1776517200000,9.409,9.419,9.325,9.386,193502.9,1813496.378,1
BYBIT,AVAXUSDT,60,1776520800000,9.386,9.434,9.364,9.416,178377.4,1678348.7743,1
BYBIT,AVAXUSDT,60,1776524400000,9.416,9.442,9.382,9.401,102292.2,963296.372,1
BYBIT,AVAXUSDT,60,1776528000000,9.401,9.433,9.353,9.384,205982.9,1934632.255,1
BYBIT,AVAXUSDT,60,1776531600000,9.384,9.416,9.339,9.393,136360.3,1278258.9367,1
BYBIT,AVAXUSDT,60,1776535200000,9.393,9.394,9.294,9.331,268603.5,2508020.2198,1
BYBIT,AVAXUSDT,60,1776538800000,9.331,9.387,9.327,9.371,120237.9,1125857.3538,1
BYBIT,AVAXUSDT,60,1776542400000,9.371,9.408,9.348,9.393,115930.6,1086672.4835,1
BYBIT,AVAXUSDT,60,1776546000000,9.393,9.403,9.366,9.39,61103.3,573284.4612,1
BYBIT,AVAXUSDT,60,1776549600000,9.39,9.392,9.345,9.377,79812.2,747542.7403,1
BYBIT,AVAXUSDT,60,1776553200000,9.377,9.398,9.318,9.328,64869.7,607560.5208,1
BYBIT,AVAXUSDT,60,1776556800000,9.328,9.332,9.262,9.295,141873.4,1317673.9637,1
BYBIT,AVAXUSDT,60,1776560400000,9.295,9.323,9.242,9.273,98886.5,916896.8278,1
BYBIT,AVAXUSDT,60,1776564000000,9.273,9.275,9.201,9.265,149187.8,1378430.1869,1
BYBIT,AVAXUSDT,60,1776567600000,9.265,9.325,9.234,9.287,88528.5,821998.4392,1
BYBIT,AVAXUSDT,60,1776571200000,9.287,9.316,9.242,9.289,112754.7,1046670.9776,1
BYBIT,AVAXUSDT,60,1776574800000,9.289,9.308,9.262,9.262,51703.3,480225.2083,1
BYBIT,AVAXUSDT,60,1776578400000,9.262,9.3,9.223,9.274,89587.0,829621.0872,1
BYBIT,AVAXUSDT,60,1776582000000,9.274,9.274,9.122,9.205,298263.7,2736337.1534,1
BYBIT,AVAXUSDT,60,1776585600000,9.205,9.213,9.171,9.192,110664.0,1017599.579,1
BYBIT,AVAXUSDT,60,1776589200000,9.192,9.213,9.162,9.169,112279.7,1031971.8309,1
BYBIT,AVAXUSDT,60,1776592800000,9.169,9.193,9.146,9.177,63834.0,585112.7623,1
BYBIT,AVAXUSDT,60,1776596400000,9.177,9.272,9.171,9.238,133331.6,1231611.337,1
BYBIT,AVAXUSDT,60,1776600000000,9.238,9.283,9.233,9.263,116435.3,1077379.9224,1
BYBIT,AVAXUSDT,60,1776603600000,9.263,9.353,9.259,9.29,215583.1,2007160.9224,1
BYBIT,AVAXUSDT,60,1776607200000,9.29,9.352,9.244,9.312,99012.0,920847.2428,1
BYBIT,AVAXUSDT,60,1776610800000,9.312,9.312,9.194,9.275,139867.4,1294215.8227,1
BYBIT,AVAXUSDT,60,1776614400000,9.275,9.29,9.206,9.219,178703.3,1652461.9283,1
BYBIT,AVAXUSDT,60,1776618000000,9.219,9.224,9.133,9.142,196230.4,1801472.8913,1
BYBIT,AVAXUSDT,60,1776621600000,9.142,9.177,9.123,9.17,124743.5,1141771.3795,1
BYBIT,AVAXUSDT,60,1776625200000,9.17,9.227,9.167,9.185,93821.1,862735.1171,1
BYBIT,AVAXUSDT,60,1776628800000,9.185,9.185,9.11,9.143,108802.2,994989.6753,1
BYBIT,AVAXUSDT,60,1776632400000,9.143,9.169,9.097,9.119,122655.8,1120449.3359,1
BYBIT,AVAXUSDT,60,1776636000000,9.119,9.119,8.96,9.001,447550.1,4038559.6167,1
BYBIT,AVAXUSDT,60,1776639600000,9.001,9.011,8.967,9.0,158712.0,1427199.7282,1
BYBIT,AVAXUSDT,60,1776643200000,9.0,9.096,8.982,9.074,214905.1,1943189.854,1
BYBIT,AVAXUSDT,60,1776646800000,9.074,9.135,9.073,9.119,85323.1,776689.168,1
BYBIT,AVAXUSDT,60,1776650400000,9.119,9.133,9.066,9.112,68600.8,624588.6185,1
BYBIT,AVAXUSDT,60,1776654000000,9.112,9.162,9.108,9.153,52898.0,483081.2502,1
BYBIT,AVAXUSDT,60,1776657600000,9.153,9.158,9.109,9.136,56203.8,513119.0905,1
BYBIT,AVAXUSDT,60,1776661200000,9.136,9.136,9.043,9.067,71981.5,653379.4218,1
BYBIT,AVAXUSDT,60,1776664800000,9.067,9.166,9.051,9.14,86398.6,788075.2291,1
BYBIT,AVAXUSDT,60,1776668400000,9.14,9.318,9.14,9.212,320480.6,2960017.3204,1
BYBIT,AVAXUSDT,60,1776672000000,9.212,9.226,9.155,9.16,133914.1,1230743.4245,1
BYBIT,AVAXUSDT,60,1776675600000,9.16,9.24,9.149,9.2,118259.3,1088360.4372,1
BYBIT,AVAXUSDT,60,1776679200000,9.2,9.271,9.196,9.21,109468.0,1011214.6869,1
BYBIT,AVAXUSDT,60,1776682800000,9.21,9.226,9.176,9.207,110960.6,1021194.7062,1
BYBIT,AVAXUSDT,60,1776686400000,9.207,9.263,9.191,9.248,142455.9,1316435.2559,1
BYBIT,AVAXUSDT,60,1776690000000,9.248,9.284,9.21,9.252,163148.2,1509197.2355,1
BYBIT,AVAXUSDT,60,1776693600000,9.252,9.293,9.164,9.201,371544.1,3422942.9456,1
BYBIT,AVAXUSDT,60,1776697200000,9.201,9.241,9.139,9.223,388437.7,3570025.132,1
BYBIT,AVAXUSDT,60,1776700800000,9.223,9.229,9.163,9.168,86163.2,792105.657,1
BYBIT,AVAXUSDT,60,1776704400000,9.168,9.264,9.162,9.255,80455.0,742077.6553,1
BYBIT,AVAXUSDT,60,1776708000000,9.255,9.338,9.255,9.321,222455.6,2069565.5104,1
BYBIT,AVAXUSDT,60,1776711600000,9.321,9.351,9.297,9.314,107289.1,1000349.7116,1
BYBIT,AVAXUSDT,60,1776715200000,9.314,9.391,9.286,9.376,182684.4,1706777.6695,1
BYBIT,AVAXUSDT,60,1776718800000,9.376,9.432,9.347,9.392,212759.2,1997276.3221,1
BYBIT,AVAXUSDT,60,1776722400000,9.392,9.415,9.339,9.354,73501.3,688827.3176,1
BYBIT,AVAXUSDT,60,1776726000000,9.354,9.354,9.255,9.268,122183.9,1135274.0684,1
BYBIT,AVAXUSDT,60,1776729600000,9.268,9.328,9.268,9.316,139033.6,1292309.0311,1
BYBIT,AVAXUSDT,60,1776733200000,9.316,9.358,9.303,9.311,59020.8,550729.1718,1
BYBIT,AVAXUSDT,60,1776736800000,9.311,9.312,9.27,9.273,97916.5,909211.8672,1
BYBIT,AVAXUSDT,60,1776740400000,9.273,9.306,9.243,9.277,86634.3,803169.1603,1
BYBIT,AVAXUSDT,60,1776744000000,9.277,9.319,9.255,9.309,54051.5,501880.115,1
BYBIT,AVAXUSDT,60,1776747600000,9.309,9.375,9.309,9.363,97685.2,913834.166,1
BYBIT,AVAXUSDT,60,1776751200000,9.363,9.371,9.301,9.314,111104.6,1036744.0581,1
BYBIT,AVAXUSDT,60,1776754800000,9.314,9.369,9.281,9.332,110439.2,1030316.9071,1
BYBIT,AVAXUSDT,60,1776758400000,9.332,9.423,9.322,9.357,103386.5,968550.2664,1
BYBIT,AVAXUSDT,60,1776762000000,9.357,9.406,9.327,9.393,101751.0,953275.4071,1
BYBIT,AVAXUSDT,60,1776765600000,9.393,9.431,9.383,9.409,58851.1,553259.7344,1
BYBIT,AVAXUSDT,60,1776769200000,9.409,9.527,9.371,9.435,306035.6,2894137.3556,1
BYBIT,AVAXUSDT,60,1776772800000,9.435,9.453,9.336,9.385,265384.7,2489861.4591,1
BYBIT,AVAXUSDT,60,1776776400000,9.385,9.396,9.331,9.373,88427.6,827544.0554,1
BYBIT,AVAXUSDT,60,1776780000000,9.373,9.465,9.334,9.354,157417.8,1478672.2027,1
BYBIT,AVAXUSDT,60,1776783600000,9.354,9.391,9.317,9.384,142252.7,1330236.8136,1
BYBIT,AVAXUSDT,60,1776787200000,9.384,9.436,9.312,9.318,161411.1,1514990.095,1
BYBIT,AVAXUSDT,60,1776790800000,9.318,9.373,9.206,9.329,266549.3,2475094.3058,1
BYBIT,AVAXUSDT,60,1776794400000,9.329,9.343,9.25,9.312,149044.3,1385989.9733,1
BYBIT,AVAXUSDT,60,1776798000000,9.312,9.341,9.166,9.199,176576.4,1634528.1239,1
BYBIT,AVAXUSDT,60,1776801600000,9.199,9.35,9.188,9.3,250024.5,2315755.4867,1
BYBIT,AVAXUSDT,60,1776805200000,9.3,9.322,9.285,9.301,70914.9,659917.3171,1
BYBIT,AVAXUSDT,60,1776808800000,9.301,9.312,9.26,9.293,58801.2,546013.493,1
BYBIT,AVAXUSDT,60,1776812400000,9.293,9.395,9.292,9.386,88085.1,824361.3125,1
BYBIT,AVAXUSDT,60,1776816000000,9.386,9.418,9.382,9.408,115274.2,1083891.3929,1
BYBIT,AVAXUSDT,60,1776819600000,9.408,9.412,9.361,9.387,71393.5,670517.1088,1
BYBIT,AVAXUSDT,60,1776823200000,9.387,9.588,9.381,9.577,323283.2,3080378.4901,1
BYBIT,AVAXUSDT,60,1776826800000,9.577,9.602,9.494,9.557,124269.5,1187539.4642,1
BYBIT,AVAXUSDT,60,1776830400000,9.557,9.581,9.526,9.553,112513.8,1075071.2674,1
BYBIT,AVAXUSDT,60,1776834000000,9.553,9.671,9.541,9.606,255193.9,2455292.3225,1
BYBIT,AVAXUSDT,60,1776837600000,9.606,9.612,9.576,9.605,72733.1,697658.414,1
BYBIT,AVAXUSDT,60,1776841200000,9.605,9.606,9.545,9.566,83089.3,795147.9982,1
BYBIT,AVAXUSDT,60,1776844800000,9.566,9.587,9.533,9.555,79481.4,759915.5975,1
BYBIT,AVAXUSDT,60,1776848400000,9.555,9.643,9.538,9.596,103978.1,997457.033,1
BYBIT,AVAXUSDT,60,1776852000000,9.596,9.631,9.545,9.57,210878.6,2020975.5061,1
BYBIT,AVAXUSDT,60,1776855600000,9.57,9.596,9.559,9.565,55415.5,530842.4532,1
BYBIT,AVAXUSDT,60,1776859200000,9.565,9.581,9.504,9.515,86201.9,821732.6336,1
BYBIT,AVAXUSDT,60,1776862800000,9.515,9.571,9.482,9.544,136584.3,1302031.8164,1
BYBIT,AVAXUSDT,60,1776866400000,9.544,9.583,9.504,9.559,103240.0,985666.8033,1
BYBIT,AVAXUSDT,60,1776870000000,9.559,9.582,9.536,9.542,127407.7,1218374.3544,1
BYBIT,AVAXUSDT,60,1776873600000,9.542,9.56,9.486,9.487,91411.2,869805.5585,1
BYBIT,AVAXUSDT,60,1776877200000,9.487,9.539,9.487,9.523,80628.7,767403.9706,1
BYBIT,AVAXUSDT,60,1776880800000,9.523,9.566,9.514,9.514,64238.3,613118.7137,1
BYBIT,AVAXUSDT,60,1776884400000,9.514,9.521,9.425,9.469,138243.4,1308840.9816,1
BYBIT,AVAXUSDT,60,1776888000000,9.469,9.472,9.431,9.435,72988.2,689654.2365,1
BYBIT,AVAXUSDT,60,1776891600000,9.435,9.481,9.434,9.468,58872.0,556862.6664,1
BYBIT,AVAXUSDT,60,1776895200000,9.468,9.478,9.41,9.425,67317.4,635110.5433,1
BYBIT,AVAXUSDT,60,1776898800000,9.425,9.426,9.323,9.33,183916.2,1723062.2452,1
BYBIT,AVAXUSDT,60,1776902400000,9.33,9.349,9.207,9.345,431590.2,4007462.544,1
BYBIT,AVAXUSDT,60,1776906000000,9.345,9.346,9.281,9.329,72878.4,678710.2256,1
BYBIT,AVAXUSDT,60,1776909600000,9.329,9.331,9.265,9.293,101221.6,940788.2183,1
BYBIT,AVAXUSDT,60,1776913200000,9.293,9.301,9.217,9.264,92522.9,856328.3329,1
BYBIT,AVAXUSDT,60,1776916800000,9.264,9.31,9.251,9.307,61163.8,567803.4066,1
BYBIT,AVAXUSDT,60,1776920400000,9.307,9.34,9.241,9.267,204693.5,1903232.9787,1
BYBIT,AVAXUSDT,60,1776924000000,9.267,9.332,9.262,9.316,185781.1,1727132.0088,1
BYBIT,AVAXUSDT,60,1776927600000,9.316,9.32,9.274,9.281,96428.6,896085.0679,1
BYBIT,AVAXUSDT,60,1776931200000,9.281,9.287,9.243,9.278,74093.8,686621.2858,1
BYBIT,AVAXUSDT,60,1776934800000,9.278,9.279,9.214,9.238,85776.3,792531.781,1
BYBIT,AVAXUSDT,60,1776938400000,9.238,9.251,9.182,9.217,111955.7,1031558.483,1
BYBIT,AVAXUSDT,60,1776942000000,9.217,9.294,9.211,9.269,67218.8,622043.4022,1
BYBIT,AVAXUSDT,60,1776945600000,9.269,9.306,9.248,9.285,148070.0,1373788.0692,1
BYBIT,AVAXUSDT,60,1776949200000,9.285,9.302,9.257,9.265,50311.7,466737.9811,1
BYBIT,AVAXUSDT,60,1776952800000,9.265,9.354,9.236,9.345,103203.2,960092.4966,1
BYBIT,AVAXUSDT,60,1776956400000,9.345,9.444,9.337,9.389,242168.8,2272784.393,1
BYBIT,AVAXUSDT,60,1776960000000,9.389,9.402,9.323,9.328,67925.0,636329.909,1
BYBIT,AVAXUSDT,60,1776963600000,9.328,9.338,9.14,9.254,289163.4,2669989.2435,1
BYBIT,AVAXUSDT,60,1776967200000,9.254,9.297,9.24,9.248,112698.2,1044770.734,1
BYBIT,AVAXUSDT,60,1776970800000,9.248,9.297,9.231,9.266,114233.4,1057925.7916,1
BYBIT,AVAXUSDT,60,1776974400000,9.266,9.349,9.262,9.312,85364.1,794406.0729,1
BYBIT,AVAXUSDT,60,1776978000000,9.312,9.357,9.291,9.327,39281.2,366193.8799,1
BYBIT,AVAXUSDT,60,1776981600000,9.327,9.374,9.327,9.344,50515.7,472369.572,1
BYBIT,AVAXUSDT,60,1776985200000,9.344,9.397,9.328,9.374,33962.7,318121.4774,1
BYBIT,AVAXUSDT,60,1776988800000,9.374,9.414,9.374,9.409,80679.5,758065.6427,1
BYBIT,AVAXUSDT,60,1776992400000,9.409,9.433,9.362,9.431,65334.9,613993.9666,1
BYBIT,AVAXUSDT,60,1776996000000,9.431,9.434,9.351,9.362,66036.6,620146.119,1
BYBIT,AVAXUSDT,60,1776999600000,9.362,9.365,9.276,9.321,95050.4,885219.7062,1
BYBIT,AVAXUSDT,60,1777003200000,9.321,9.33,9.293,9.306,65870.0,613290.364,1
BYBIT,AVAXUSDT,60,1777006800000,9.306,9.374,9.293,9.356,75888.2,708156.4484,1
BYBIT,AVAXUSDT,60,1777010400000,9.356,9.396,9.343,9.369,66344.8,621888.3778,1
BYBIT,AVAXUSDT,60,1777014000000,9.369,9.399,9.342,9.364,45029.1,421897.2265,1
BYBIT,AVAXUSDT,60,1777017600000,9.364,9.396,9.348,9.364,62679.4,587486.1534,1
BYBIT,AVAXUSDT,60,1777021200000,9.364,9.372,9.32,9.354,64955.1,606711.1327,1
BYBIT,AVAXUSDT,60,1777024800000,9.354,9.41,9.332,9.393,56852.7,533029.7649,1
BYBIT,AVAXUSDT,60,1777028400000,9.393,9.466,9.389,9.434,205869.5,1943434.814,1
BYBIT,AVAXUSDT,60,1777032000000,9.434,9.464,9.386,9.409,122338.0,1153200.815,1
BYBIT,AVAXUSDT,60,1777035600000,9.409,9.45,9.397,9.412,104040.2,980394.2428,1
BYBIT,AVAXUSDT,60,1777039200000,9.412,9.425,9.367,9.406,89587.5,842009.3663,1
BYBIT,AVAXUSDT,60,1777042800000,9.406,9.459,9.339,9.457,145190.3,1365680.9699,1
BYBIT,AVAXUSDT,60,1777046400000,9.457,9.472,9.389,9.423,69775.2,657605.1107,1
BYBIT,AVAXUSDT,60,1777050000000,9.423,9.447,9.396,9.424,86572.0,815722.8759,1
BYBIT,AVAXUSDT,60,1777053600000,9.424,9.436,9.381,9.422,52937.9,498166.1866,1
BYBIT,AVAXUSDT,60,1777057200000,9.422,9.448,9.406,9.429,43873.7,413492.4479,1
BYBIT,AVAXUSDT,60,1777060800000,9.429,9.466,9.392,9.454,77624.4,731591.3164,1
BYBIT,AVAXUSDT,60,1777064400000,9.454,9.471,9.428,9.44,101251.6,956480.6288,1
BYBIT,AVAXUSDT,60,1777068000000,9.44,9.443,9.364,9.383,66829.4,628564.9546,1
BYBIT,AVAXUSDT,60,1777071600000,9.383,9.398,9.371,9.394,34239.3,321370.517,1
BYBIT,AVAXUSDT,60,1777075200000,9.394,9.411,9.376,9.405,84754.4,796084.5841,1
BYBIT,AVAXUSDT,60,1777078800000,9.405,9.446,9.402,9.433,35154.3,331298.8899,1
BYBIT,AVAXUSDT,60,1777082400000,9.433,9.435,9.401,9.427,54873.4,516693.7329,1
BYBIT,AVAXUSDT,60,1777086000000,9.427,9.451,9.415,9.436,26553.6,250447.5278,1
BYBIT,AVAXUSDT,60,1777089600000,9.436,9.454,9.413,9.438,34643.6,326815.5798,1
BYBIT,AVAXUSDT,60,1777093200000,9.438,9.455,9.377,9.44,208619.6,1964000.3076,1
BYBIT,AVAXUSDT,60,1777096800000,9.44,9.491,9.439,9.445,150820.4,1428775.2218,1
BYBIT,AVAXUSDT,60,1777100400000,9.445,9.463,9.426,9.441,53666.4,506887.6625,1
BYBIT,AVAXUSDT,60,1777104000000,9.441,9.46,9.43,9.447,51039.9,482059.8092,1
BYBIT,AVAXUSDT,60,1777107600000,9.447,9.486,9.441,9.468,54938.6,519869.2489,1
BYBIT,AVAXUSDT,60,1777111200000,9.468,9.484,9.458,9.464,43861.4,415458.4775,1
BYBIT,AVAXUSDT,60,1777114800000,9.464,9.464,9.373,9.398,103199.0,971350.266,1
BYBIT,AVAXUSDT,60,1777118400000,9.398,9.398,9.362,9.376,95442.7,895334.2984,1
BYBIT,AVAXUSDT,60,1777122000000,9.376,9.426,9.375,9.405,66640.1,626891.8115,1
BYBIT,AVAXUSDT,60,1777125600000,9.405,9.416,9.381,9.381,34959.4,328530.3277,1
BYBIT,AVAXUSDT,60,1777129200000,9.381,9.39,9.318,9.339,90608.1,847705.5369,1
BYBIT,AVAXUSDT,60,1777132800000,9.339,9.357,9.297,9.328,117466.7,1095741.2787,1
BYBIT,AVAXUSDT,60,1777136400000,9.328,9.335,9.279,9.296,95295.9,886723.4234,1
BYBIT,AVAXUSDT,60,1777140000000,9.296,9.329,9.283,9.311,73410.8,683333.858,1
BYBIT,AVAXUSDT,60,1777143600000,9.311,9.316,9.293,9.299,30144.4,280481.7554,1
BYBIT,AVAXUSDT,60,1777147200000,9.299,9.317,9.283,9.316,32712.3,304191.2366,1
BYBIT,AVAXUSDT,60,1777150800000,9.316,9.334,9.313,9.319,44573.7,415595.6427,1
BYBIT,AVAXUSDT,60,1777154400000,9.319,9.363,9.313,9.34,61548.6,574863.0114,1
BYBIT,AVAXUSDT,60,1777158000000,9.34,9.362,9.335,9.356,30062.2,281025.9851,1
BYBIT,AVAXUSDT,60,1777161600000,9.356,9.358,9.315,9.327,108893.1,1016934.7608,1
BYBIT,AVAXUSDT,60,1777165200000,9.327,9.336,9.31,9.312,39931.3,372263.1748,1
BYBIT,AVAXUSDT,60,1777168800000,9.312,9.358,9.312,9.337,34876.8,325777.0151,1
BYBIT,AVAXUSDT,60,1777172400000,9.337,9.357,9.307,9.334,55897.9,521480.3271,1
BYBIT,AVAXUSDT,60,1777176000000,9.334,9.397,9.317,9.362,73823.4,690340.3876,1
BYBIT,AVAXUSDT,60,1777179600000,9.362,9.429,9.357,9.397,88863.7,835711.0001,1
BYBIT,AVAXUSDT,60,1777183200000,9.397,9.433,9.392,9.411,55914.0,526194.7984,1
BYBIT,AVAXUSDT,60,1777186800000,9.411,9.434,9.397,9.43,34171.1,321778.0018,1
BYBIT,AVAXUSDT,60,1777190400000,9.43,9.447,9.402,9.431,62884.5,592717.0243,1
BYBIT,AVAXUSDT,60,1777194000000,9.431,9.456,9.425,9.444,50136.0,473409.0405,1
BYBIT,AVAXUSDT,60,1777197600000,9.444,9.451,9.43,9.446,39121.9,369343.0787,1
BYBIT,AVAXUSDT,60,1777201200000,9.446,9.522,9.446,9.48,100341.3,951567.3071,1
BYBIT,AVAXUSDT,60,1777204800000,9.48,9.5,9.422,9.434,106863.9,1011044.6636,1
BYBIT,AVAXUSDT,60,1777208400000,9.434,9.446,9.401,9.412,76600.1,722269.7957,1
BYBIT,AVAXUSDT,60,1777212000000,9.412,9.48,9.401,9.462,79252.0,749304.2597,1
BYBIT,AVAXUSDT,60,1777215600000,9.462,9.485,9.451,9.479,39025.1,369532.444,1
BYBIT,AVAXUSDT,60,1777219200000,9.479,9.483,9.427,9.431,65891.0,622884.6368,1
BYBIT,AVAXUSDT,60,1777222800000,9.431,9.434,9.391,9.418,78081.8,735340.8842,1
BYBIT,AVAXUSDT,60,1777226400000,9.418,9.539,9.394,9.473,659741.2,6246719.0897,1
BYBIT,AVAXUSDT,60,1777230000000,9.473,9.514,9.454,9.468,89318.0,846937.6608,1
BYBIT,AVAXUSDT,60,1777233600000,9.468,9.479,9.442,9.444,72350.7,684501.6831,1
BYBIT,AVAXUSDT,60,1777237200000,9.444,9.468,9.372,9.454,151507.2,1428629.2975,1
BYBIT,AVAXUSDT,60,1777240800000,9.454,9.504,9.407,9.44,134913.5,1276502.7399,1
BYBIT,AVAXUSDT,60,1777244400000,9.44,9.488,9.419,9.448,56992.8,538847.738,1
BYBIT,AVAXUSDT,60,1777248000000,9.448,9.513,9.413,9.503,140087.7,1326045.6987,1
BYBIT,AVAXUSDT,60,1777251600000,9.503,9.557,9.468,9.544,168795.1,1607554.6439,1
BYBIT,AVAXUSDT,60,1777255200000,9.544,9.551,9.5,9.529,60484.7,576218.9201,1
BYBIT,AVAXUSDT,60,1777258800000,9.529,9.559,9.502,9.502,121677.0,1159497.8141,1
BYBIT,AVAXUSDT,60,1777262400000,9.502,9.524,9.481,9.493,59618.7,566436.9819,1
BYBIT,AVAXUSDT,60,1777266000000,9.493,9.496,9.257,9.282,445853.5,4159953.3445,1
BYBIT,AVAXUSDT,60,1777269600000,9.282,9.282,9.202,9.244,252815.1,2337397.8625,1
BYBIT,AVAXUSDT,60,1777273200000,9.244,9.257,9.221,9.225,139490.3,1288565.6004,1
BYBIT,AVAXUSDT,60,1777276800000,9.225,9.25,9.211,9.246,136937.4,1263893.8608,1
BYBIT,AVAXUSDT,60,1777280400000,9.246,9.265,9.238,9.247,219292.0,2028957.4287,1
BYBIT,AVAXUSDT,60,1777284000000,9.247,9.267,9.24,9.255,52253.8,483612.2739,1
BYBIT,AVAXUSDT,60,1777287600000,9.255,9.271,9.24,9.26,52928.9,489723.2382,1
BYBIT,AVAXUSDT,60,1777291200000,9.26,9.266,9.233,9.237,76158.6,703833.6419,1
BYBIT,AVAXUSDT,60,1777294800000,9.237,9.253,9.191,9.228,194264.6,1792089.7123,1
BYBIT,AVAXUSDT,60,1777298400000,9.228,9.311,9.223,9.264,142444.7,1320436.6607,1
BYBIT,AVAXUSDT,60,1777302000000,9.264,9.267,9.075,9.13,349256.4,3193301.8214,1
BYBIT,AVAXUSDT,60,1777305600000,9.13,9.17,9.098,9.145,136348.1,1245682.2618,1
BYBIT,AVAXUSDT,60,1777309200000,9.145,9.192,9.145,9.164,65695.0,602564.7207,1
BYBIT,AVAXUSDT,60,1777312800000,9.164,9.198,9.158,9.185,38076.9,349476.5901,1
BYBIT,AVAXUSDT,60,1777316400000,9.185,9.197,9.129,9.169,73530.4,674053.563,1
BYBIT,AVAXUSDT,60,1777320000000,9.169,9.188,9.163,9.168,31938.6,293005.7624,1
BYBIT,AVAXUSDT,60,1777323600000,9.168,9.19,9.156,9.165,89785.6,823563.464,1
BYBIT,AVAXUSDT,60,1777327200000,9.165,9.222,9.161,9.218,75243.4,691658.2267,1
BYBIT,AVAXUSDT,60,1777330800000,9.218,9.276,9.213,9.263,84628.6,782444.0634,1
BYBIT,AVAXUSDT,60,1777334400000,9.263,9.265,9.226,9.249,70790.4,654307.7987,1
BYBIT,AVAXUSDT,60,1777338000000,9.249,9.26,9.233,9.246,40103.3,370819.2569,1
BYBIT,AVAXUSDT,60,1777341600000,9.246,9.27,9.178,9.212,91976.0,847190.8933,1
BYBIT,AVAXUSDT,60,1777345200000,9.212,9.224,9.201,9.218,41356.4,380876.3733,1
BYBIT,AVAXUSDT,60,1777348800000,9.218,9.249,9.206,9.215,71923.4,663313.7736,1
BYBIT,AVAXUSDT,60,1777352400000,9.215,9.257,9.212,9.22,125940.1,1162211.9308,1
BYBIT,AVAXUSDT,60,1777356000000,9.22,9.246,9.155,9.178,109023.2,1002717.8887,1
BYBIT,AVAXUSDT,60,1777359600000,9.178,9.185,9.134,9.174,95805.9,877756.699,1
BYBIT,AVAXUSDT,60,1777363200000,9.174,9.207,9.164,9.186,79674.3,732078.3461,1
BYBIT,AVAXUSDT,60,1777366800000,9.186,9.188,9.131,9.156,51527.4,471925.155,1
BYBIT,AVAXUSDT,60,1777370400000,9.156,9.21,9.149,9.21,155984.4,1432002.3238,1
BYBIT,AVAXUSDT,60,1777374000000,9.21,9.222,9.118,9.152,393518.8,3603629.8078,1
BYBIT,AVAXUSDT,60,1777377600000,9.152,9.195,9.134,9.186,138221.5,1266299.3225,1
BYBIT,AVAXUSDT,60,1777381200000,9.186,9.219,9.13,9.191,140351.2,1287407.8871,1
BYBIT,AVAXUSDT,60,1777384800000,9.191,9.191,9.107,9.168,120325.6,1099908.1125,1
BYBIT,AVAXUSDT,60,1777388400000,9.168,9.189,9.125,9.16,61726.5,564906.214,1
BYBIT,AVAXUSDT,60,1777392000000,9.16,9.177,9.138,9.16,69166.7,633512.1171,1
BYBIT,AVAXUSDT,60,1777395600000,9.16,9.194,9.129,9.158,34199.5,313313.3803,1
BYBIT,AVAXUSDT,60,1777399200000,9.158,9.179,9.122,9.16,62332.4,570515.33,1
BYBIT,AVAXUSDT,60,1777402800000,9.16,9.184,9.138,9.178,51887.1,475588.1779,1
BYBIT,AVAXUSDT,60,1777406400000,9.178,9.195,9.168,9.177,25701.1,235890.1906,1
BYBIT,AVAXUSDT,60,1777410000000,9.177,9.196,9.166,9.173,32587.6,299068.7498,1
BYBIT,AVAXUSDT,60,1777413600000,9.173,9.187,9.152,9.158,27196.4,249292.2224,1
BYBIT,AVAXUSDT,60,1777417200000,9.158,9.174,9.149,9.171,21535.8,197332.4035,1
BYBIT,AVAXUSDT,60,1777420800000,9.171,9.176,9.151,9.169,64857.3,594170.8504,1
BYBIT,AVAXUSDT,60,1777424400000,9.169,9.181,9.136,9.168,40068.9,366746.0251,1
BYBIT,AVAXUSDT,60,1777428000000,9.168,9.187,9.155,9.174,24195.1,221879.903,1
BYBIT,AVAXUSDT,60,1777431600000,9.174,9.258,9.174,9.253,75481.5,696815.9918,1
BYBIT,AVAXUSDT,60,1777435200000,9.253,9.348,9.238,9.328,158873.4,1478189.7012,1
BYBIT,AVAXUSDT,60,1777438800000,9.328,9.351,9.315,9.331,79628.8,743110.9717,1
BYBIT,AVAXUSDT,60,1777442400000,9.331,9.346,9.279,9.293,70331.0,654947.2716,1
BYBIT,AVAXUSDT,60,1777446000000,9.293,9.326,9.277,9.292,51694.0,480875.4708,1
BYBIT,AVAXUSDT,60,1777449600000,9.292,9.298,9.247,9.262,98329.1,911343.5591,1
BYBIT,AVAXUSDT,60,1777453200000,9.262,9.416,9.254,9.394,168107.9,1572409.6129,1
BYBIT,AVAXUSDT,60,1777456800000,9.394,9.44,9.356,9.391,144874.7,1362458.4389,1
BYBIT,AVAXUSDT,60,1777460400000,9.391,9.392,9.329,9.343,82154.1,768654.3573,1
BYBIT,AVAXUSDT,60,1777464000000,9.343,9.345,9.195,9.255,267160.0,2470947.6301,1
BYBIT,AVAXUSDT,60,1777467600000,9.255,9.269,9.147,9.21,329985.4,3040103.736,1
BYBIT,AVAXUSDT,60,1777471200000,9.21,9.242,9.17,9.189,130366.9,1199561.4688,1
BYBIT,AVAXUSDT,60,1777474800000,9.189,9.198,9.077,9.111,266591.9,2432171.8315,1
BYBIT,AVAXUSDT,60,1777478400000,9.111,9.157,9.087,9.106,164458.1,1501060.6148,1
BYBIT,AVAXUSDT,60,1777482000000,9.106,9.185,9.106,9.183,89709.9,819902.7503,1
BYBIT,AVAXUSDT,60,1777485600000,9.183,9.194,8.907,9.059,734271.8,6603053.6238,1
BYBIT,AVAXUSDT,60,1777489200000,9.059,9.071,9.015,9.048,132442.5,1198487.8193,1
BYBIT,AVAXUSDT,60,1777492800000,9.048,9.115,9.042,9.092,131173.4,1189956.2902,1
BYBIT,AVAXUSDT,60,1777496400000,9.092,9.152,9.086,9.112,79892.5,728276.2334,1
BYBIT,AVAXUSDT,60,1777500000000,9.112,9.135,9.098,9.113,41985.8,382762.7767,1
BYBIT,AVAXUSDT,60,1777503600000,9.113,9.127,9.09,9.118,60733.4,553150.181,1
BYBIT,AVAXUSDT,60,1777507200000,9.118,9.223,9.112,9.21,102668.0,940926.4071,1
BYBIT,AVAXUSDT,60,1777510800000,9.21,9.221,9.174,9.192,43802.6,402857.9143,1
BYBIT,AVAXUSDT,60,1777514400000,9.192,9.214,9.087,9.118,134641.7,1232327.8927,1
BYBIT,AVAXUSDT,60,1777518000000,9.118,9.167,9.114,9.16,34848.5,318506.6642,1
BYBIT,AVAXUSDT,60,1777521600000,9.16,9.16,9.074,9.076,80609.1,734257.4132,1
BYBIT,AVAXUSDT,60,1777525200000,9.076,9.114,9.044,9.086,58175.6,528599.8887,1
BYBIT,AVAXUSDT,60,1777528800000,9.086,9.119,9.074,9.101,41595.4,378237.9878,1
BYBIT,AVAXUSDT,60,1777532400000,9.101,9.15,9.093,9.149,73642.2,671950.0012,1
BYBIT,AVAXUSDT,60,1777536000000,9.149,9.164,9.134,9.147,49357.3,451554.2603,1
BYBIT,AVAXUSDT,60,1777539600000,9.147,9.219,9.139,9.175,68285.6,627063.0303,1
BYBIT,AVAXUSDT,60,1777543200000,9.175,9.183,9.126,9.137,49425.9,452185.6397,1
BYBIT,AVAXUSDT,60,1777546800000,9.137,9.181,9.11,9.137,91632.6,838106.1823,1
BYBIT,AVAXUSDT,60,1777550400000,9.137,9.173,9.122,9.122,50427.2,461221.8405,1
BYBIT,AVAXUSDT,60,1777554000000,9.122,9.147,9.083,9.119,80327.0,731926.2709,1
BYBIT,AVAXUSDT,60,1777557600000,9.119,9.158,9.076,9.11,102062.7,930848.6243,1
BYBIT,AVAXUSDT,60,1777561200000,9.11,9.156,9.084,9.132,80379.9,733284.1811,1
BYBIT,AVAXUSDT,60,1777564800000,9.132,9.138,9.082,9.092,60039.3,547086.0385,1
BYBIT,AVAXUSDT,60,1777568400000,9.092,9.106,9.073,9.092,35255.6,320404.3077,1
BYBIT,AVAXUSDT,60,1777572000000,9.092,9.123,9.081,9.095,35417.5,322323.1854,1
BYBIT,AVAXUSDT,60,1777575600000,9.095,9.124,9.087,9.096,49958.4,455017.6583,1
BYBIT,AVAXUSDT,60,1777579200000,9.096,9.109,9.083,9.092,39275.7,357295.4527,1
BYBIT,AVAXUSDT,60,1777582800000,9.092,9.106,9.076,9.076,53491.7,486359.6404,1
BYBIT,AVAXUSDT,60,1777586400000,9.076,9.094,9.057,9.063,39340.5,356934.3914,1
BYBIT,AVAXUSDT,60,1777590000000,9.063,9.09,9.059,9.088,31242.5,283555.0099,1
BYBIT,AVAXUSDT,60,1777593600000,9.088,9.137,9.087,9.104,113493.3,1034675.3009,1
BYBIT,AVAXUSDT,60,1777597200000,9.104,9.136,9.1,9.123,41919.8,382235.9503,1
BYBIT,AVAXUSDT,60,1777600800000,9.123,9.127,9.089,9.104,30459.0,277400.6683,1
BYBIT,AVAXUSDT,60,1777604400000,9.104,9.203,9.094,9.151,140854.3,1290952.6891,1
BYBIT,AVAXUSDT,60,1777608000000,9.151,9.175,9.116,9.116,60866.1,556554.7237,1
BYBIT,AVAXUSDT,60,1777611600000,9.116,9.137,9.101,9.116,49906.8,455060.4056,1
BYBIT,AVAXUSDT,60,1777615200000,9.116,9.121,9.06,9.079,61526.0,559512.4037,1
BYBIT,AVAXUSDT,60,1777618800000,9.079,9.107,9.068,9.098,63867.6,580420.6008,1
BYBIT,AVAXUSDT,60,1777622400000,9.098,9.144,9.095,9.13,79543.9,725880.9691,1
BYBIT,AVAXUSDT,60,1777626000000,9.13,9.131,9.076,9.098,38224.6,348027.4066,1
BYBIT,AVAXUSDT,60,1777629600000,9.098,9.107,9.062,9.107,64781.9,588819.1157,1
BYBIT,AVAXUSDT,60,1777633200000,9.107,9.132,9.09,9.121,38737.8,352838.0738,1
BYBIT,AVAXUSDT,60,1777636800000,9.121,9.19,9.109,9.155,181052.2,1657292.6656,1
BYBIT,AVAXUSDT,60,1777640400000,9.155,9.256,9.155,9.243,162652.1,1497634.2894,1
BYBIT,AVAXUSDT,60,1777644000000,9.243,9.267,9.175,9.212,130558.2,1205004.8762,1
BYBIT,AVAXUSDT,60,1777647600000,9.212,9.236,9.144,9.191,160899.4,1477939.1036,1
BYBIT,AVAXUSDT,60,1777651200000,9.191,9.213,9.137,9.162,102714.2,941551.2352,1
BYBIT,AVAXUSDT,60,1777654800000,9.162,9.184,9.126,9.177,99016.0,906334.132,1
BYBIT,AVAXUSDT,60,1777658400000,9.177,9.184,9.151,9.161,76523.2,701473.924,1
BYBIT,AVAXUSDT,60,1777662000000,9.161,9.177,9.141,9.148,66279.7,607052.7895,1
BYBIT,AVAXUSDT,60,1777665600000,9.148,9.154,9.056,9.08,99554.2,905519.4367,1
BYBIT,AVAXUSDT,60,1777669200000,9.08,9.124,9.072,9.104,103670.0,943427.9495,1
BYBIT,AVAXUSDT,60,1777672800000,9.104,9.121,9.077,9.088,34990.2,318606.2419,1
BYBIT,AVAXUSDT,60,1777676400000,9.088,9.089,9.055,9.083,44555.1,404301.2532,1
BYBIT,AVAXUSDT,60,1777680000000,9.083,9.1,9.068,9.089,59004.9,535764.0845,1
BYBIT,AVAXUSDT,60,1777683600000,9.089,9.113,9.082,9.098,33951.9,308783.5815,1
BYBIT,AVAXUSDT,60,1777687200000,9.098,9.12,9.092,9.105,44690.4,406875.5235,1
BYBIT,AVAXUSDT,60,1777690800000,9.105,9.135,9.09,9.121,60442.4,550331.9361,1
BYBIT,AVAXUSDT,60,1777694400000,9.121,9.125,9.073,9.083,51665.7,470026.0514,1
BYBIT,AVAXUSDT,60,1777698000000,9.083,9.09,9.059,9.072,44295.7,401986.4238,1
BYBIT,AVAXUSDT,60,1777701600000,9.072,9.102,9.067,9.098,41172.9,373855.5742,1
BYBIT,AVAXUSDT,60,1777705200000,9.098,9.103,9.087,9.09,8393.6,76341.1474,1
BYBIT,AVAXUSDT,60,1777708800000,9.09,9.096,9.078,9.093,46597.6,423445.5724,1
BYBIT,AVAXUSDT,60,1777712400000,9.093,9.118,9.09,9.109,49138.0,447518.8645,1
BYBIT,AVAXUSDT,60,1777716000000,9.109,9.121,9.101,9.117,37893.0,345286.9192,1
BYBIT,AVAXUSDT,60,1777719600000,9.117,9.118,9.068,9.078,163315.4,1483908.2903,1
BYBIT,AVAXUSDT,60,1777723200000,9.078,9.096,9.065,9.076,83485.7,758089.0753,1
BYBIT,AVAXUSDT,60,1777726800000,9.076,9.114,9.075,9.108,35165.6,319870.4587,1
BYBIT,AVAXUSDT,60,1777730400000,9.108,9.13,9.103,9.122,49940.3,455302.9664,1
BYBIT,AVAXUSDT,60,1777734000000,9.122,9.152,9.117,9.148,92001.2,840700.1407,1
BYBIT,AVAXUSDT,60,1777737600000,9.148,9.168,9.14,9.162,36974.2,338405.3822,1
BYBIT,AVAXUSDT,60,1777741200000,9.162,9.166,9.132,9.133,31925.4,292122.4268,1
BYBIT,AVAXUSDT,60,1777744800000,9.133,9.15,9.094,9.144,144071.8,1313391.8342,1
BYBIT,AVAXUSDT,60,1777748400000,9.144,9.165,9.14,9.16,19958.3,182703.5345,1
BYBIT,AVAXUSDT,60,1777752000000,9.16,9.185,9.147,9.176,40907.1,375051.8017,1
BYBIT,AVAXUSDT,60,1777755600000,9.176,9.241,9.151,9.197,156236.7,1436543.8692,1
BYBIT,AVAXUSDT,60,1777759200000,9.197,9.214,9.176,9.203,53410.3,490966.2084,1
BYBIT,AVAXUSDT,60,1777762800000,9.203,9.204,9.17,9.178,40139.2,368639.5716,1
BYBIT,AVAXUSDT,60,1777766400000,9.178,9.19,9.12,9.131,81666.1,746604.4666,1
BYBIT,AVAXUSDT,60,1777770000000,9.131,9.131,9.065,9.07,65477.4,595130.8782,1
BYBIT,AVAXUSDT,60,1777773600000,9.07,9.073,9.031,9.052,109789.0,993722.0829,1
BYBIT,AVAXUSDT,60,1777777200000,9.052,9.053,9.016,9.035,85435.7,771775.4422,1
BYBIT,AVAXUSDT,60,1777780800000,9.035,9.036,9.012,9.021,130651.8,1179327.172,1
BYBIT,AVAXUSDT,60,1777784400000,9.021,9.044,9.016,9.026,53551.1,483776.2128,1
BYBIT,AVAXUSDT,60,1777788000000,9.026,9.058,8.989,9.038,126390.4,1139441.0663,1
BYBIT,AVAXUSDT,60,1777791600000,9.038,9.07,9.035,9.045,63076.3,571130.94,1
BYBIT,AVAXUSDT,60,1777795200000,9.045,9.067,9.023,9.023,37353.9,337980.0537,1
BYBIT,AVAXUSDT,60,1777798800000,9.023,9.066,8.962,9.043,574286.9,5171906.2437,1
BYBIT,AVAXUSDT,60,1777802400000,9.043,9.061,9.036,9.039,63801.5,577455.81,1
BYBIT,AVAXUSDT,60,1777806000000,9.039,9.106,9.025,9.074,129846.0,1178774.8695,1
BYBIT,AVAXUSDT,60,1777809600000,9.074,9.126,9.074,9.094,98208.9,893366.3272,1
BYBIT,AVAXUSDT,60,1777813200000,9.094,9.097,9.049,9.056,69587.4,631082.1707,1
BYBIT,AVAXUSDT,60,1777816800000,9.056,9.102,9.052,9.091,65412.5,593781.2247,1
BYBIT,AVAXUSDT,60,1777820400000,9.091,9.118,9.083,9.103,71471.9,650544.6282,1
BYBIT,AVAXUSDT,60,1777824000000,9.103,9.113,9.071,9.087,51929.8,471818.1979,1
BYBIT,AVAXUSDT,60,1777827600000,9.087,9.106,9.06,9.092,37460.9,340402.1522,1
BYBIT,AVAXUSDT,60,1777831200000,9.092,9.114,9.086,9.1,65037.4,591803.1254,1
BYBIT,AVAXUSDT,60,1777834800000,9.1,9.137,9.097,9.124,77508.5,707014.392,1
BYBIT,AVAXUSDT,60,1777838400000,9.124,9.176,9.11,9.122,104227.1,952873.0864,1
BYBIT,AVAXUSDT,60,1777842000000,9.122,9.147,9.048,9.08,97933.7,891433.8705,1
BYBIT,AVAXUSDT,60,1777845600000,9.08,9.191,9.08,9.164,191906.4,1755596.112,1
BYBIT,AVAXUSDT,60,1777849200000,9.164,9.181,9.074,9.079,103288.4,940670.5551,1
BYBIT,AVAXUSDT,60,1777852800000,9.079,9.08,8.989,9.048,158553.1,1430940.824,1
BYBIT,AVAXUSDT,60,1777856400000,9.048,9.205,9.008,9.196,281364.4,2563891.8459,1
BYBIT,AVAXUSDT,60,1777860000000,9.196,9.308,9.179,9.286,365629.5,3380407.2466,1
BYBIT,AVAXUSDT,60,1777863600000,9.286,9.333,9.247,9.292,207151.5,1925478.2855,1
BYBIT,AVAXUSDT,60,1777867200000,9.292,9.375,9.288,9.328,222466.9,2076059.3505,1
BYBIT,AVAXUSDT,60,1777870800000,9.328,9.33,9.252,9.316,143156.9,1330619.9969,1
BYBIT,AVAXUSDT,60,1777874400000,9.316,9.327,9.208,9.263,191120.8,1769201.5188,1
BYBIT,AVAXUSDT,60,1777878000000,9.263,9.282,9.228,9.229,62552.5,578701.5846,1
BYBIT,AVAXUSDT,60,1777881600000,9.229,9.237,9.162,9.198,429537.3,3950997.9815,1
BYBIT,AVAXUSDT,60,1777885200000,9.198,9.31,9.159,9.282,486443.7,4481089.1628,1
BYBIT,AVAXUSDT,60,1777888800000,9.282,9.29,9.028,9.112,821585.3,7485099.7397,1
BYBIT,AVAXUSDT,60,1777892400000,9.112,9.141,9.102,9.136,125041.5,1140469.151,1
BYBIT,AVAXUSDT,60,1777896000000,9.136,9.163,9.094,9.099,111977.1,1022268.5072,1
BYBIT,AVAXUSDT,60,1777899600000,9.099,9.143,9.057,9.106,198903.8,1810347.3093,1
BYBIT,AVAXUSDT,60,1777903200000,9.106,9.273,9.057,9.225,308379.0,2826072.1014,1
BYBIT,AVAXUSDT,60,1777906800000,9.225,9.234,9.087,9.139,475417.8,4350992.0948,1
BYBIT,AVAXUSDT,60,1777910400000,9.139,9.235,9.086,9.186,452951.7,4148323.3638,1
BYBIT,AVAXUSDT,60,1777914000000,9.186,9.298,9.182,9.259,179950.2,1663096.6419,1
BYBIT,AVAXUSDT,60,1777917600000,9.259,9.291,9.227,9.259,132012.3,1222003.986,1
BYBIT,AVAXUSDT,60,1777921200000,9.259,9.268,9.194,9.234,116250.0,1072851.5347,1
BYBIT,AVAXUSDT,60,1777924800000,9.234,9.236,9.131,9.139,131735.7,1207515.9423,1
BYBIT,AVAXUSDT,60,1777928400000,9.139,9.253,9.138,9.227,86399.9,794970.2683,1
BYBIT,AVAXUSDT,60,1777932000000,9.227,9.25,9.174,9.182,75923.3,699232.374,1
BYBIT,AVAXUSDT,60,1777935600000,9.182,9.182,9.138,9.167,70416.1,645014.0612,1
BYBIT,AVAXUSDT,60,1777939200000,9.167,9.212,9.167,9.205,82936.2,762586.1398,1
BYBIT,AVAXUSDT,60,1777942800000,9.205,9.25,9.198,9.233,66183.4,610733.4909,1
BYBIT,AVAXUSDT,60,1777946400000,9.233,9.292,9.222,9.254,88394.6,819020.031,1
BYBIT,AVAXUSDT,60,1777950000000,9.254,9.31,9.238,9.281,85810.2,796259.4723,1
BYBIT,AVAXUSDT,60,1777953600000,9.281,9.292,9.255,9.268,120640.5,1118520.0114,1
BYBIT,AVAXUSDT,60,1777957200000,9.268,9.31,9.255,9.293,110756.4,1028831.2853,1
BYBIT,AVAXUSDT,60,1777960800000,9.293,9.326,9.268,9.325,87510.2,813064.7957,1
BYBIT,AVAXUSDT,60,1777964400000,9.325,9.377,9.31,9.339,172892.2,1615291.0806,1
BYBIT,AVAXUSDT,60,1777968000000,9.339,9.355,9.326,9.348,74509.6,696086.649,1
BYBIT,AVAXUSDT,60,1777971600000,9.348,9.366,9.315,9.342,114517.6,1069602.2219,1
BYBIT,AVAXUSDT,60,1777975200000,9.342,9.43,9.323,9.403,191701.8,1799565.305,1
BYBIT,AVAXUSDT,60,1777978800000,9.403,9.407,9.331,9.395,158004.5,1482042.8087,1
BYBIT,AVAXUSDT,60,1777982400000,9.395,9.424,9.375,9.414,101209.1,951318.1365,1
BYBIT,AVAXUSDT,60,1777986000000,9.414,9.531,9.409,9.475,383156.8,3623471.1714,1
BYBIT,AVAXUSDT,60,1777989600000,9.475,9.513,9.397,9.443,267265.4,2526384.03,1
BYBIT,AVAXUSDT,60,1777993200000,9.443,9.482,9.4,9.403,91141.7,859861.3003,1
BYBIT,AVAXUSDT,60,1777996800000,9.403,9.42,9.329,9.371,192234.8,1802072.5355,1
BYBIT,AVAXUSDT,60,1778000400000,9.371,9.403,9.35,9.37,85603.2,802551.1957,1
BYBIT,AVAXUSDT,60,1778004000000,9.37,9.406,9.37,9.391,64240.2,603106.224,1
BYBIT,AVAXUSDT,60,1778007600000,9.391,9.422,9.379,9.402,67574.5,635377.5803,1
BYBIT,AVAXUSDT,60,1778011200000,9.402,9.459,9.397,9.434,182360.6,1720326.9491,1
BYBIT,AVAXUSDT,60,1778014800000,9.434,9.49,9.425,9.45,174442.6,1649785.241,1
BYBIT,AVAXUSDT,60,1778018400000,9.45,9.485,9.363,9.412,256425.4,2415195.0717,1
BYBIT,AVAXUSDT,60,1778022000000,9.412,9.425,9.365,9.4,62190.8,584393.2088,1
BYBIT,AVAXUSDT,60,1778025600000,9.4,9.416,9.361,9.396,129366.6,1214365.8479,1
BYBIT,AVAXUSDT,60,1778029200000,9.396,9.52,9.388,9.494,123913.5,1172711.5279,1
BYBIT,AVAXUSDT,60,1778032800000,9.494,9.507,9.427,9.482,89590.9,848297.1923,1
BYBIT,AVAXUSDT,60,1778036400000,9.482,9.574,9.479,9.564,192069.8,1831866.8305,1
BYBIT,AVAXUSDT,60,1778040000000,9.564,9.589,9.492,9.514,164512.0,1569793.0349,1
BYBIT,AVAXUSDT,60,1778043600000,9.514,9.552,9.487,9.548,89517.5,852216.8655,1
BYBIT,AVAXUSDT,60,1778047200000,9.548,9.563,9.5,9.52,141615.6,1349514.552,1
BYBIT,AVAXUSDT,60,1778050800000,9.52,9.579,9.517,9.559,155331.7,1483810.6214,1
BYBIT,AVAXUSDT,60,1778054400000,9.559,9.735,9.555,9.722,278272.7,2687573.2562,1
BYBIT,AVAXUSDT,60,1778058000000,9.722,9.739,9.673,9.728,262992.3,2552248.3681,1
BYBIT,AVAXUSDT,60,1778061600000,9.728,9.756,9.695,9.731,150536.5,1465192.7055,1
BYBIT,AVAXUSDT,60,1778065200000,9.731,9.751,9.697,9.742,129842.5,1262857.3319,1
BYBIT,AVAXUSDT,60,1778068800000,9.742,9.774,9.699,9.743,140312.9,1366005.6559,1
BYBIT,AVAXUSDT,60,1778072400000,9.743,9.743,9.543,9.555,358210.5,3448386.3414,1
BYBIT,AVAXUSDT,60,1778076000000,9.555,9.607,9.453,9.543,275274.7,2623238.0784,1
BYBIT,AVAXUSDT,60,1778079600000,9.543,9.624,9.527,9.612,110090.2,1054975.3474,1
BYBIT,AVAXUSDT,60,1778083200000,9.612,9.666,9.571,9.624,110415.6,1062271.248,1
BYBIT,AVAXUSDT,60,1778086800000,9.624,9.645,9.582,9.593,79673.6,766039.8434,1
BYBIT,AVAXUSDT,60,1778090400000,9.593,9.61,9.557,9.568,77232.8,739957.7254,1
BYBIT,AVAXUSDT,60,1778094000000,9.568,9.608,9.549,9.6,78600.7,752972.673,1
BYBIT,AVAXUSDT,60,1778097600000,9.6,9.644,9.559,9.596,85393.7,820182.0084,1
BYBIT,AVAXUSDT,60,1778101200000,9.596,9.662,9.568,9.649,50959.0,490224.2143,1
BYBIT,AVAXUSDT,60,1778104800000,9.649,9.654,9.566,9.586,50074.3,480681.9033,1
BYBIT,AVAXUSDT,60,1778108400000,9.586,9.615,9.521,9.609,72088.3,689896.8451,1
BYBIT,AVAXUSDT,60,1778112000000,9.609,9.625,9.517,9.529,126816.3,1213902.719,1
BYBIT,AVAXUSDT,60,1778115600000,9.529,9.555,9.464,9.517,161704.6,1538151.6393,1
BYBIT,AVAXUSDT,60,1778119200000,9.517,9.528,9.447,9.496,116166.9,1100993.3441,1
BYBIT,AVAXUSDT,60,1778122800000,9.496,9.511,9.458,9.461,82255.6,780207.5388,1
BYBIT,AVAXUSDT,60,1778126400000,9.461,9.562,9.456,9.557,104823.8,998037.1543,1
BYBIT,AVAXUSDT,60,1778130000000,9.557,9.617,9.555,9.582,133937.2,1284059.1895,1
BYBIT,AVAXUSDT,60,1778133600000,9.582,9.66,9.529,9.658,112630.5,1081110.3148,1
BYBIT,AVAXUSDT,60,1778137200000,9.658,9.698,9.641,9.678,196532.5,1899122.586,1
BYBIT,AVAXUSDT,60,1778140800000,9.678,9.681,9.634,9.639,167685.9,1618871.9844,1
BYBIT,AVAXUSDT,60,1778144400000,9.639,9.642,9.557,9.56,175303.7,1681352.3407,1
BYBIT,AVAXUSDT,60,1778148000000,9.56,9.588,9.513,9.564,131674.2,1258419.7983,1
BYBIT,AVAXUSDT,60,1778151600000,9.564,9.601,9.552,9.571,100305.9,960702.3656,1
BYBIT,AVAXUSDT,60,1778155200000,9.571,9.646,9.564,9.636,117653.1,1131662.7747,1
BYBIT,AVAXUSDT,60,1778158800000,9.636,9.645,9.491,9.528,243352.7,2324832.9986,1
BYBIT,AVAXUSDT,60,1778162400000,9.528,9.553,9.405,9.455,339557.5,3213291.8462,1
BYBIT,AVAXUSDT,60,1778166000000,9.455,9.47,9.365,9.412,271544.4,2557573.7889,1
BYBIT,AVAXUSDT,60,1778169600000,9.412,9.473,9.395,9.439,188693.6,1780244.0487,1
BYBIT,AVAXUSDT,60,1778173200000,9.439,9.513,9.395,9.503,271971.0,2571442.5162,1
BYBIT,AVAXUSDT,60,1778176800000,9.503,9.54,9.464,9.496,153232.4,1456663.907,1
BYBIT,AVAXUSDT,60,1778180400000,9.496,9.505,9.455,9.47,139161.1,1319098.9397,1
BYBIT,AVAXUSDT,60,1778184000000,9.47,9.531,9.432,9.434,155154.2,1470810.7174,1
BYBIT,AVAXUSDT,60,1778187600000,9.434,9.483,9.404,9.442,117037.2,1104977.6432,1
BYBIT,AVAXUSDT,60,1778191200000,9.442,9.479,9.411,9.453,98304.9,928513.9535,1
BYBIT,AVAXUSDT,60,1778194800000,9.453,9.507,9.446,9.497,76824.5,728304.5581,1
BYBIT,AVAXUSDT,60,1778198400000,9.497,9.531,9.465,9.5,147072.7,1397900.0722,1
BYBIT,AVAXUSDT,60,1778202000000,9.5,9.519,9.458,9.485,55274.4,524052.8239,1
BYBIT,AVAXUSDT,60,1778205600000,9.485,9.514,9.423,9.482,111665.2,1057207.979,1
BYBIT,AVAXUSDT,60,1778209200000,9.482,9.501,9.422,9.479,96220.0,911249.3259,1
BYBIT,AVAXUSDT,60,1778212800000,9.479,9.526,9.469,9.504,72450.0,688464.7143,1
BYBIT,AVAXUSDT,60,1778216400000,9.504,9.514,9.477,9.478,52001.0,493717.3014,1
BYBIT,AVAXUSDT,60,1778220000000,9.478,9.494,9.444,9.482,64649.9,612318.0422,1
BYBIT,AVAXUSDT,60,1778223600000,9.482,9.521,9.437,9.512,88377.2,838367.3558,1
BYBIT,AVAXUSDT,60,1778227200000,9.512,9.579,9.51,9.55,282998.4,2702488.2993,1
BYBIT,AVAXUSDT,60,1778230800000,9.55,9.623,9.535,9.566,148100.8,1418628.8766,1
BYBIT,AVAXUSDT,60,1778234400000,9.566,9.612,9.553,9.588,94675.2,907437.5324,1
BYBIT,AVAXUSDT,60,1778238000000,9.588,9.606,9.562,9.588,119566.0,1145958.2587,1
BYBIT,AVAXUSDT,60,1778241600000,9.588,9.621,9.555,9.57,153368.6,1470231.1821,1
BYBIT,AVAXUSDT,60,1778245200000,9.57,9.582,9.494,9.545,273523.2,2605393.2382,1
BYBIT,AVAXUSDT,60,1778248800000,9.545,9.713,9.542,9.705,257295.2,2482988.6893,1
BYBIT,AVAXUSDT,60,1778252400000,9.705,9.78,9.618,9.777,255285.6,2475493.636,1
BYBIT,AVAXUSDT,60,1778256000000,9.777,9.794,9.721,9.731,193023.5,1882082.0309,1
BYBIT,AVAXUSDT,60,1778259600000,9.731,9.854,9.698,9.803,275354.8,2698149.9971,1
BYBIT,AVAXUSDT,60,1778263200000,9.803,9.934,9.796,9.891,341388.4,3371445.7098,1
BYBIT,AVAXUSDT,60,1778266800000,9.891,9.95,9.864,9.905,226403.4,2241780.4704,1
BYBIT,AVAXUSDT,60,1778270400000,9.905,9.909,9.857,9.887,113909.1,1125266.9709,1
BYBIT,AVAXUSDT,60,1778274000000,9.887,9.984,9.879,9.979,185949.9,1844123.7478,1
BYBIT,AVAXUSDT,60,1778277600000,9.979,10.017,9.921,9.942,155550.6,1549470.8586,1
BYBIT,AVAXUSDT,60,1778281200000,9.942,9.943,9.862,9.899,93033.8,920859.4622,1
BYBIT,AVAXUSDT,60,1778284800000,9.899,10.008,9.892,9.989,148289.6,1476784.6535,1
BYBIT,AVAXUSDT,60,1778288400000,9.989,10.118,9.988,10.08,196799.3,1978766.2123,1
BYBIT,AVAXUSDT,60,1778292000000,10.08,10.089,10.017,10.03,88636.8,890763.521,1
BYBIT,AVAXUSDT,60,1778295600000,10.03,10.038,9.952,9.976,220941.8,2205945.3218,1
BYBIT,AVAXUSDT,60,1778299200000,9.976,10.029,9.945,9.957,127577.2,1274148.4603,1
BYBIT,AVAXUSDT,60,1778302800000,9.957,10.01,9.937,9.99,104694.4,1044438.2116,1
BYBIT,AVAXUSDT,60,1778306400000,9.99,10.006,9.934,9.954,105050.3,1046837.2825,1
BYBIT,AVAXUSDT,60,1778310000000,9.954,9.984,9.927,9.938,94755.5,943168.5441,1
BYBIT,AVAXUSDT,60,1778313600000,9.938,9.991,9.936,9.961,86908.0,866589.2996,1
BYBIT,AVAXUSDT,60,1778317200000,9.961,9.963,9.872,9.891,131253.6,1299360.7116,1
BYBIT,AVAXUSDT,60,1778320800000,9.891,9.912,9.855,9.899,71699.5,708319.0935,1
BYBIT,AVAXUSDT,60,1778324400000,9.899,9.941,9.897,9.927,58621.7,581837.0233,1
BYBIT,AVAXUSDT,60,1778328000000,9.927,9.945,9.902,9.929,56545.2,561304.1247,1
BYBIT,AVAXUSDT,60,1778331600000,9.929,9.972,9.874,9.898,317677.7,3153574.3468,1
BYBIT,AVAXUSDT,60,1778335200000,9.898,9.904,9.803,9.835,329576.7,3248928.3334,1
BYBIT,AVAXUSDT,60,1778338800000,9.835,9.846,9.791,9.831,89281.8,876976.9034,1
BYBIT,AVAXUSDT,60,1778342400000,9.831,9.877,9.806,9.836,93016.1,915632.6238,1
BYBIT,AVAXUSDT,60,1778346000000,9.836,9.96,9.836,9.938,161615.4,1602896.123,1
BYBIT,AVAXUSDT,60,1778349600000,9.938,9.973,9.927,9.956,70738.3,704174.4945,1
BYBIT,AVAXUSDT,60,1778353200000,9.956,9.992,9.935,9.988,113467.8,1130937.3855,1
BYBIT,AVAXUSDT,60,1778356800000,9.988,9.995,9.938,9.954,67053.5,667987.1664,1
BYBIT,AVAXUSDT,60,1778360400000,9.954,9.984,9.933,9.954,80008.3,796705.5565,1
BYBIT,AVAXUSDT,60,1778364000000,9.954,9.999,9.939,9.974,51143.8,509417.7042,1
BYBIT,AVAXUSDT,60,1778367600000,9.974,10.003,9.928,9.955,65257.5,649248.6052,1
BYBIT,AVAXUSDT,60,1778371200000,9.955,9.986,9.903,9.919,148592.0,1477538.8494,1
BYBIT,AVAXUSDT,60,1778374800000,9.919,9.92,9.854,9.881,81200.6,802335.8883,1
BYBIT,AVAXUSDT,60,1778378400000,9.881,9.921,9.847,9.905,42383.6,419151.7778,1
BYBIT,AVAXUSDT,60,1778382000000,9.905,9.944,9.894,9.9,39883.7,395466.2528,1
BYBIT,AVAXUSDT,60,1778385600000,9.9,9.93,9.888,9.913,34931.5,346175.3683,1
BYBIT,AVAXUSDT,60,1778389200000,9.913,9.941,9.89,9.916,30143.4,298981.4556,1
BYBIT,AVAXUSDT,60,1778392800000,9.916,9.949,9.898,9.936,72796.8,722813.8108,1
BYBIT,AVAXUSDT,60,1778396400000,9.936,10.01,9.921,9.921,157699.1,1571083.819,1
BYBIT,AVAXUSDT,60,1778400000000,9.921,10.06,9.91,10.027,446164.2,4467786.6585,1
BYBIT,AVAXUSDT,60,1778403600000,10.027,10.066,9.971,9.986,120855.7,1209382.06,1
BYBIT,AVAXUSDT,60,1778407200000,9.986,10.011,9.936,9.997,141907.3,1414133.8361,1
BYBIT,AVAXUSDT,60,1778410800000,9.997,10.003,9.927,9.975,88243.0,879553.2039,1
BYBIT,AVAXUSDT,60,1778414400000,9.975,9.998,9.943,9.996,73470.3,732147.7015,1
BYBIT,AVAXUSDT,60,1778418000000,9.996,10.076,9.985,10.068,181728.7,1823606.2116,1
BYBIT,AVAXUSDT,60,1778421600000,10.068,10.134,10.007,10.047,331562.3,3334388.8537,1
BYBIT,AVAXUSDT,60,1778425200000,10.047,10.158,10.044,10.149,343457.5,3470181.8812,1
BYBIT,AVAXUSDT,60,1778428800000,10.149,10.254,10.129,10.242,558537.6,5695324.162,1
BYBIT,AVAXUSDT,60,1778432400000,10.242,10.372,10.19,10.354,590998.1,6086408.4155,1
BYBIT,AVAXUSDT,60,1778436000000,10.354,10.428,10.331,10.391,267673.0,2778657.1134,1
BYBIT,AVAXUSDT,60,1778439600000,10.391,10.482,10.333,10.411,359225.3,3745480.6248,1
BYBIT,AVAXUSDT,60,1778443200000,10.411,10.462,9.944,10.081,1006455.5,10246785.9244,1
BYBIT,AVAXUSDT,60,1778446800000,10.081,10.184,10.03,10.127,473041.9,4784866.1862,1
BYBIT,AVAXUSDT,60,1778450400000,10.127,10.294,10.105,10.276,396195.3,4046525.7264,1
BYBIT,AVAXUSDT,60,1778454000000,10.276,10.294,10.206,10.22,174914.4,1793312.1133,1
BYBIT,AVAXUSDT,60,1778457600000,10.22,10.25,10.102,10.147,294111.9,2991401.6482,1
BYBIT,AVAXUSDT,60,1778461200000,10.147,10.213,10.107,10.135,186269.2,1892188.7905,1
BYBIT,AVAXUSDT,60,1778464800000,10.135,10.138,10.0,10.058,216177.8,2174595.1771,1
BYBIT,AVAXUSDT,60,1778468400000,10.058,10.068,9.967,10.029,364348.2,3647851.7361,1
BYBIT,AVAXUSDT,60,1778472000000,10.029,10.04,9.976,10.024,135929.1,1361236.8038,1
BYBIT,AVAXUSDT,60,1778475600000,10.024,10.112,10.017,10.078,216801.3,2183147.04,1
BYBIT,AVAXUSDT,60,1778479200000,10.078,10.139,10.074,10.097,163477.5,1652962.7671,1
BYBIT,AVAXUSDT,60,1778482800000,10.097,10.099,10.036,10.087,271778.2,2737297.788,1
BYBIT,AVAXUSDT,60,1778486400000,10.087,10.104,10.017,10.067,223370.6,2248072.7001,1
BYBIT,AVAXUSDT,60,1778490000000,10.067,10.15,10.065,10.144,240506.0,2435722.8334,1
BYBIT,AVAXUSDT,60,1778493600000,10.144,10.197,10.092,10.102,220271.0,2234193.105,1
BYBIT,AVAXUSDT,60,1778497200000,10.102,10.149,10.073,10.119,203390.3,2056297.7295,1
BYBIT,AVAXUSDT,60,1778500800000,10.119,10.146,10.057,10.07,203237.6,2052456.2852,1
BYBIT,AVAXUSDT,60,1778504400000,10.07,10.15,10.026,10.097,312064.1,3149588.6225,1
BYBIT,AVAXUSDT,60,1778508000000,10.097,10.163,9.991,10.101,529926.0,5335233.8587,1
BYBIT,AVAXUSDT,60,1778511600000,10.101,10.25,10.077,10.231,307862.1,3136374.2456,1
BYBIT,AVAXUSDT,60,1778515200000,10.231,10.267,10.129,10.171,317028.5,3234843.1627,1
BYBIT,AVAXUSDT,60,1778518800000,10.171,10.225,10.134,10.212,128025.3,1303428.4915,1
BYBIT,AVAXUSDT,60,1778522400000,10.212,10.221,10.146,10.159,100086.1,1018538.048,1
BYBIT,AVAXUSDT,60,1778526000000,10.159,10.218,10.143,10.202,117783.5,1199130.0734,1
BYBIT,AVAXUSDT,60,1778529600000,10.202,10.228,10.16,10.182,167774.9,1709745.4441,1
BYBIT,AVAXUSDT,60,1778533200000,10.182,10.199,10.152,10.157,78012.5,793812.542,1
BYBIT,AVAXUSDT,60,1778536800000,10.157,10.19,10.131,10.142,118191.9,1199669.3636,1
BYBIT,AVAXUSDT,60,1778540400000,10.142,10.161,10.106,10.129,71507.5,724089.1867,1
BYBIT,AVAXUSDT,60,1778544000000,10.129,10.165,10.099,10.147,76109.2,770689.0454,1
BYBIT,AVAXUSDT,60,1778547600000,10.147,10.159,9.974,10.017,290359.2,2917023.7523,1
BYBIT,AVAXUSDT,60,1778551200000,10.017,10.074,10.012,10.053,84247.6,845562.0959,1
BYBIT,AVAXUSDT,60,1778554800000,10.053,10.073,9.997,10.006,78652.8,789437.1249,1
BYBIT,AVAXUSDT,60,1778558400000,10.006,10.047,9.993,10.026,104323.2,1045717.9268,1
BYBIT,AVAXUSDT,60,1778562000000,10.026,10.065,10.019,10.038,110488.8,1110348.2964,1
BYBIT,AVAXUSDT,60,1778565600000,10.038,10.067,10.004,10.014,133971.0,1344161.2079,1
BYBIT,AVAXUSDT,60,1778569200000,10.014,10.024,9.926,10.007,227805.3,2274160.8153,1
BYBIT,AVAXUSDT,60,1778572800000,10.007,10.016,9.931,9.956,156484.7,1560345.6337,1
BYBIT,AVAXUSDT,60,1778576400000,9.956,9.964,9.878,9.91,311623.3,3089420.5369,1
BYBIT,AVAXUSDT,60,1778580000000,9.91,9.924,9.829,9.857,273842.2,2702111.885,1
BYBIT,AVAXUSDT,60,1778583600000,9.857,9.874,9.81,9.857,183553.1,1805959.8624,1
BYBIT,AVAXUSDT,60,1778587200000,9.857,9.921,9.811,9.879,214363.3,2114932.9331,1
BYBIT,AVAXUSDT,60,1778590800000,9.879,9.899,9.762,9.783,319070.6,3136452.7692,1
BYBIT,AVAXUSDT,60,1778594400000,9.783,9.831,9.664,9.734,471560.0,4597650.8114,1
BYBIT,AVAXUSDT,60,1778598000000,9.734,9.766,9.654,9.728,260708.0,2531831.3322,1
BYBIT,AVAXUSDT,60,1778601600000,9.728,9.758,9.677,9.693,217711.8,2116994.8695,1
BYBIT,AVAXUSDT,60,1778605200000,9.693,9.797,9.691,9.786,121431.5,1185250.6377,1
BYBIT,AVAXUSDT,60,1778608800000,9.786,9.842,9.778,9.824,87433.5,857812.5788,1
BYBIT,AVAXUSDT,60,1778612400000,9.824,9.878,9.824,9.86,105424.4,1038648.8115,1
BYBIT,AVAXUSDT,60,1778616000000,9.86,9.877,9.833,9.853,48381.3,476713.3482,1
BYBIT,AVAXUSDT,60,1778619600000,9.853,9.88,9.843,9.864,79370.0,782854.3772,1
BYBIT,AVAXUSDT,60,1778623200000,9.864,9.898,9.858,9.866,55562.2,549014.4138,1
BYBIT,AVAXUSDT,60,1778626800000,9.866,9.88,9.827,9.831,40294.6,396901.6126,1
BYBIT,AVAXUSDT,60,1778630400000,9.831,9.88,9.819,9.867,105344.2,1038471.8873,1
BYBIT,AVAXUSDT,60,1778634000000,9.867,9.967,9.867,9.941,159437.6,1584573.1452,1
BYBIT,AVAXUSDT,60,1778637600000,9.941,9.991,9.927,9.979,90417.1,900674.438,1
BYBIT,AVAXUSDT,60,1778641200000,9.979,10.039,9.968,10.026,77663.3,776942.7148,1
BYBIT,AVAXUSDT,60,1778644800000,10.026,10.058,10.008,10.04,105905.2,1062259.9821,1
BYBIT,AVAXUSDT,60,1778648400000,10.04,10.048,9.951,9.991,113276.4,1132096.5847,1
BYBIT,AVAXUSDT,60,1778652000000,9.991,10.021,9.971,9.973,127239.5,1272469.3425,1
BYBIT,AVAXUSDT,60,1778655600000,9.973,10.007,9.963,10.0,107965.2,1077648.8689,1
BYBIT,AVAXUSDT,60,1778659200000,10.0,10.048,9.981,10.029,108397.0,1085899.2969,1
BYBIT,AVAXUSDT,60,1778662800000,10.029,10.144,10.027,10.144,234248.6,2365648.5656,1
BYBIT,AVAXUSDT,60,1778666400000,10.144,10.154,10.046,10.064,175497.6,1772250.2857,1
BYBIT,AVAXUSDT,60,1778670000000,10.064,10.073,9.929,9.946,230745.6,2302605.6429,1
BYBIT,AVAXUSDT,60,1778673600000,9.946,9.98,9.782,9.856,568475.3,5613409.6801,1
BYBIT,AVAXUSDT,60,1778677200000,9.856,9.908,9.735,9.759,377714.3,3708449.5475,1
BYBIT,AVAXUSDT,60,1778680800000,9.759,9.823,9.697,9.796,332841.8,3248260.1841,1
BYBIT,AVAXUSDT,60,1778684400000,9.796,9.825,9.611,9.632,300483.8,2915649.3312,1
BYBIT,AVAXUSDT,60,1778688000000,9.632,9.749,9.625,9.734,282006.3,2736727.1645,1
BYBIT,AVAXUSDT,60,1778691600000,9.734,9.779,9.734,9.763,131589.6,1284152.8153,1
BYBIT,AVAXUSDT,60,1778695200000,9.763,9.814,9.763,9.772,67069.3,656900.8513,1
BYBIT,AVAXUSDT,60,1778698800000,9.772,9.783,9.706,9.726,84549.6,822485.9146,1
BYBIT,AVAXUSDT,60,1778702400000,9.726,9.788,9.722,9.777,102632.0,1001887.9073,1
BYBIT,AVAXUSDT,60,1778706000000,9.777,9.781,9.698,9.707,57509.1,559121.615,1
BYBIT,AVAXUSDT,60,1778709600000,9.707,9.765,9.685,9.754,66091.9,643070.2808,1
BYBIT,AVAXUSDT,60,1778713200000,9.754,9.772,9.734,9.751,46920.2,457486.2958,1
BYBIT,AVAXUSDT,60,1778716800000,9.751,9.81,9.749,9.788,79453.7,777919.8414,1
BYBIT,AVAXUSDT,60,1778720400000,9.788,9.798,9.767,9.792,44576.2,436113.4231,1
BYBIT,AVAXUSDT,60,1778724000000,9.792,9.808,9.693,9.727,170394.5,1658991.7127,1
BYBIT,AVAXUSDT,60,1778727600000,9.727,9.741,9.621,9.644,246056.6,2378506.9608,1
BYBIT,AVAXUSDT,60,1778731200000,9.644,9.714,9.63,9.706,107742.6,1042799.7694,1
BYBIT,AVAXUSDT,60,1778734800000,9.706,9.794,9.702,9.776,88483.4,862700.4452,1
BYBIT,AVAXUSDT,60,1778738400000,9.776,9.791,9.741,9.741,73658.4,719267.8011,1
BYBIT,AVAXUSDT,60,1778742000000,9.741,9.754,9.692,9.7,76147.0,740431.0476,1
BYBIT,AVAXUSDT,60,1778745600000,9.7,9.728,9.678,9.697,78400.8,760627.3172,1
BYBIT,AVAXUSDT,60,1778749200000,9.697,9.713,9.625,9.664,188869.1,1824632.9208,1
BYBIT,AVAXUSDT,60,1778752800000,9.664,9.721,9.654,9.706,88614.6,858005.4338,1
BYBIT,AVAXUSDT,60,1778756400000,9.706,9.719,9.659,9.663,67749.7,655966.3352,1
BYBIT,AVAXUSDT,60,1778760000000,9.663,9.772,9.654,9.762,122282.1,1189519.9603,1
BYBIT,AVAXUSDT,60,1778763600000,9.762,9.824,9.749,9.772,220281.1,2156317.3279,1
BYBIT,AVAXUSDT,60,1778767200000,9.772,10.046,9.736,10.036,517361.0,5122516.0806,1
BYBIT,AVAXUSDT,60,1778770800000,10.036,10.067,9.974,10.054,269367.4,2698341.407,1
BYBIT,AVAXUSDT,60,1778774400000,10.054,10.101,9.925,10.047,492254.8,4940333.0604,1
BYBIT,AVAXUSDT,60,1778778000000,10.047,10.071,9.941,10.011,271847.3,2720504.4668,1
BYBIT,AVAXUSDT,60,1778781600000,10.011,10.119,9.975,10.089,205999.5,2070717.1496,1
BYBIT,AVAXUSDT,60,1778785200000,10.089,10.133,9.997,10.011,205459.9,2068095.5084,1
BYBIT,AVAXUSDT,60,1778788800000,10.011,10.022,9.936,9.983,117039.1,1167778.1644,1
BYBIT,AVAXUSDT,60,1778792400000,9.983,10.009,9.942,9.973,76372.2,761897.1543,1
BYBIT,AVAXUSDT,60,1778796000000,9.973,10.006,9.958,9.975,47144.9,470776.4111,1
BYBIT,AVAXUSDT,60,1778799600000,9.975,9.975,9.881,9.897,120889.4,1199004.75,1
BYBIT,AVAXUSDT,60,1778803200000,9.897,9.955,9.887,9.941,83384.0,827312.3024,1
BYBIT,AVAXUSDT,60,1778806800000,9.941,9.957,9.861,9.868,64034.3,633777.5572,1
BYBIT,AVAXUSDT,60,1778810400000,9.868,9.922,9.814,9.913,249292.0,2459055.7785,1
BYBIT,AVAXUSDT,60,1778814000000,9.913,9.923,9.859,9.875,117652.6,1163274.9954,1
BYBIT,AVAXUSDT,60,1778817600000,9.875,9.876,9.797,9.803,81180.5,798534.6415,1
BYBIT,AVAXUSDT,60,1778821200000,9.803,9.821,9.675,9.693,266458.1,2593915.5089,1
BYBIT,AVAXUSDT,60,1778824800000,9.693,9.768,9.682,9.748,121912.1,1186195.2982,1
BYBIT,AVAXUSDT,60,1778828400000,9.748,9.847,9.731,9.811,159591.5,1563883.1344,1
BYBIT,AVAXUSDT,60,1778832000000,9.811,9.813,9.738,9.781,120339.3,1176821.9205,1
BYBIT,AVAXUSDT,60,1778835600000,9.781,9.797,9.72,9.742,118967.7,1160613.7674,1
BYBIT,AVAXUSDT,60,1778839200000,9.742,9.823,9.737,9.805,95903.7,937806.627,1
BYBIT,AVAXUSDT,60,1778842800000,9.805,9.813,9.762,9.771,43166.0,422234.8749,1
BYBIT,AVAXUSDT,60,1778846400000,9.771,9.777,9.708,9.717,117637.0,1146299.8809,1
BYBIT,AVAXUSDT,60,1778850000000,9.717,9.721,9.425,9.447,983127.3,9389233.9587,1
BYBIT,AVAXUSDT,60,1778853600000,9.447,9.523,9.399,9.475,663670.4,6281267.3929,1
BYBIT,AVAXUSDT,60,1778857200000,9.475,9.506,9.447,9.479,226887.1,2149609.8923,1
BYBIT,AVAXUSDT,60,1778860800000,9.479,9.581,9.464,9.56,233891.9,2230305.732,1
BYBIT,AVAXUSDT,60,1778864400000,9.56,9.602,9.556,9.589,195404.4,1869762.6116,1
BYBIT,AVAXUSDT,60,1778868000000,9.589,9.607,9.541,9.569,108456.8,1038020.1644,1
BYBIT,AVAXUSDT,60,1778871600000,9.569,9.57,9.529,9.535,75514.9,720723.8455,1
BYBIT,AVAXUSDT,60,1778875200000,9.535,9.545,9.487,9.522,112087.1,1066590.3524,1
BYBIT,AVAXUSDT,60,1778878800000,9.522,9.545,9.495,9.503,69381.2,660912.5272,1
BYBIT,AVAXUSDT,60,1778882400000,9.503,9.549,9.503,9.545,34074.0,324794.0862,1
BYBIT,AVAXUSDT,60,1778886000000,9.545,9.558,9.524,9.531,80404.9,766984.5088,1
BYBIT,AVAXUSDT,60,1778889600000,9.531,9.565,9.515,9.537,73826.7,704579.7005,1
BYBIT,AVAXUSDT,60,1778893200000,9.537,9.552,9.512,9.545,108581.9,1034124.2761,1
BYBIT,AVAXUSDT,60,1778896800000,9.545,9.556,9.516,9.535,32969.0,314469.9065,1
BYBIT,AVAXUSDT,60,1778900400000,9.535,9.548,9.519,9.528,27382.2,261032.8952,1
BYBIT,AVAXUSDT,60,1778904000000,9.528,9.53,9.429,9.475,187202.4,1771321.3049,1
BYBIT,AVAXUSDT,60,1778907600000,9.475,9.483,9.448,9.46,79942.4,756733.13,1
BYBIT,AVAXUSDT,60,1778911200000,9.46,9.464,9.338,9.37,253275.9,2380306.414,1
BYBIT,AVAXUSDT,60,1778914800000,9.37,9.37,9.222,9.336,413719.0,3845866.3055,1
BYBIT,AVAXUSDT,60,1778918400000,9.336,9.371,9.331,9.331,76711.9,717420.611,1
BYBIT,AVAXUSDT,60,1778922000000,9.331,9.337,9.189,9.234,345243.0,3193586.937,1
BYBIT,AVAXUSDT,60,1778925600000,9.234,9.258,9.183,9.237,143409.8,1322218.4587,1
BYBIT,AVAXUSDT,60,1778929200000,9.237,9.281,9.237,9.246,96550.3,894012.8279,1
BYBIT,AVAXUSDT,60,1778932800000,9.246,9.283,9.235,9.269,59721.1,552978.3946,1
BYBIT,AVAXUSDT,60,1778936400000,9.269,9.301,9.255,9.262,85527.7,793735.398,1
BYBIT,AVAXUSDT,60,1778940000000,9.262,9.337,9.246,9.289,102022.3,948054.5764,1
BYBIT,AVAXUSDT,60,1778943600000,9.289,9.325,9.285,9.312,79222.9,737084.5785,1
BYBIT,AVAXUSDT,60,1778947200000,9.312,9.358,9.301,9.331,152539.6,1424094.2591,1
BYBIT,AVAXUSDT,60,1778950800000,9.331,9.366,9.33,9.353,84042.1,785872.9933,1
BYBIT,AVAXUSDT,60,1778954400000,9.353,9.358,9.322,9.329,82033.3,766172.0371,1
BYBIT,AVAXUSDT,60,1778958000000,9.329,9.331,9.305,9.308,55631.1,518496.2513,1
BYBIT,AVAXUSDT,60,1778961600000,9.308,9.33,9.292,9.3,30138.9,280647.6224,1
BYBIT,AVAXUSDT,60,1778965200000,9.3,9.325,9.297,9.312,52777.5,491375.3586,1
BYBIT,AVAXUSDT,60,1778968800000,9.312,9.318,9.287,9.289,27308.6,253949.7936,1
BYBIT,AVAXUSDT,60,1778972400000,9.289,9.3,9.282,9.284,26313.1,244450.3538,1
BYBIT,AVAXUSDT,60,1778976000000,9.284,9.302,9.218,9.234,177809.4,1647636.0068,1
BYBIT,AVAXUSDT,60,1778979600000,9.234,9.262,9.17,9.199,127341.1,1173398.9678,1
BYBIT,AVAXUSDT,60,1778983200000,9.199,9.234,9.197,9.22,67437.0,621730.4432,1
BYBIT,AVAXUSDT,60,1778986800000,9.22,9.284,9.219,9.27,72561.8,671838.1116,1
BYBIT,AVAXUSDT,60,1778990400000,9.27,9.324,9.266,9.304,97056.7,903359.1413,1
BYBIT,AVAXUSDT,60,1778994000000,9.304,9.356,9.302,9.32,69966.8,652508.8777,1
BYBIT,AVAXUSDT,60,1778997600000,9.32,9.342,9.308,9.342,43091.3,401781.4466,1
BYBIT,AVAXUSDT,60,1779001200000,9.342,9.353,9.297,9.316,246750.5,2299776.6584,1
BYBIT,AVAXUSDT,60,1779004800000,9.316,9.32,9.29,9.299,47291.0,439996.0052,1
BYBIT,AVAXUSDT,60,1779008400000,9.299,9.376,9.291,9.359,147443.6,1377838.7182,1
BYBIT,AVAXUSDT,60,1779012000000,9.359,9.417,9.359,9.37,151285.3,1419844.7474,1
BYBIT,AVAXUSDT,60,1779015600000,9.37,9.373,9.339,9.357,54775.7,512308.3802,1
BYBIT,AVAXUSDT,60,1779019200000,9.357,9.384,9.345,9.349,42871.3,401571.8853,1
BYBIT,AVAXUSDT,60,1779022800000,9.349,9.349,9.297,9.327,108602.6,1012773.1619,1
BYBIT,AVAXUSDT,60,1779026400000,9.327,9.328,9.253,9.289,83618.5,776528.8674,1
BYBIT,AVAXUSDT,60,1779030000000,9.289,9.306,9.265,9.288,60578.1,562740.4622,1
BYBIT,AVAXUSDT,60,1779033600000,9.288,9.311,9.26,9.266,77804.4,722559.1562,1
BYBIT,AVAXUSDT,60,1779037200000,9.266,9.272,9.225,9.257,103663.5,958541.5655,1
BYBIT,AVAXUSDT,60,1779040800000,9.257,9.286,9.221,9.276,62063.3,574805.5698,1
BYBIT,AVAXUSDT,60,1779044400000,9.276,9.322,9.273,9.306,59205.3,550295.24,1
BYBIT,AVAXUSDT,60,1779048000000,9.306,9.314,9.275,9.295,59819.6,555888.0452,1
BYBIT,AVAXUSDT,60,1779051600000,9.295,9.339,9.281,9.316,110774.3,1031513.7218,1
BYBIT,AVAXUSDT,60,1779055200000,9.316,9.318,9.208,9.234,114646.5,1060832.0225,1
BYBIT,AVAXUSDT,60,1779058800000,9.234,9.237,8.933,9.188,1535891.2,13930389.8067,1
BYBIT,AVAXUSDT,60,1779062400000,9.188,9.195,9.102,9.189,309217.5,2828477.572,1
BYBIT,AVAXUSDT,60,1779066000000,9.189,9.201,9.109,9.156,149962.1,1372163.6204,1
BYBIT,AVAXUSDT,60,1779069600000,9.156,9.233,9.147,9.196,267769.8,2464744.098,1
BYBIT,AVAXUSDT,60,1779073200000,9.196,9.223,9.162,9.188,71499.3,657158.2471,1
BYBIT,AVAXUSDT,60,1779076800000,9.188,9.222,9.152,9.214,73367.2,674096.0067,1
BYBIT,AVAXUSDT,60,1779080400000,9.214,9.222,9.134,9.152,160367.4,1470663.6896,1
BYBIT,AVAXUSDT,60,1779084000000,9.152,9.17,9.057,9.125,456922.1,4159365.2069,1
BYBIT,AVAXUSDT,60,1779087600000,9.125,9.144,9.072,9.11,128699.1,1172920.0599,1
BYBIT,AVAXUSDT,60,1779091200000,9.11,9.142,9.094,9.13,46375.7,422836.1405,1
BYBIT,AVAXUSDT,60,1779094800000,9.13,9.135,9.072,9.076,57051.9,518958.7927,1
BYBIT,AVAXUSDT,60,1779098400000,9.076,9.081,9.037,9.057,164015.8,1486415.5517,1
BYBIT,AVAXUSDT,60,1779102000000,9.057,9.204,9.047,9.15,148866.2,1360052.9837,1
BYBIT,AVAXUSDT,60,1779105600000,9.15,9.226,9.15,9.196,147475.2,1355085.2497,1
BYBIT,AVAXUSDT,60,1779109200000,9.196,9.2,9.075,9.133,162575.6,1484119.2188,1
BYBIT,AVAXUSDT,60,1779112800000,9.133,9.138,9.015,9.066,306239.6,2779409.5196,1
BYBIT,AVAXUSDT,60,1779116400000,9.066,9.101,9.005,9.086,233659.5,2114092.7289,1
BYBIT,AVAXUSDT,60,1779120000000,9.086,9.114,9.047,9.094,119582.3,1086323.8388,1
BYBIT,AVAXUSDT,60,1779123600000,9.094,9.14,9.086,9.121,56321.6,513756.2423,1
BYBIT,AVAXUSDT,60,1779127200000,9.121,9.124,9.009,9.018,112514.0,1018472.9769,1
BYBIT,AVAXUSDT,60,1779130800000,9.018,9.201,9.013,9.173,262350.1,2396070.3536,1
BYBIT,AVAXUSDT,60,1779134400000,9.173,9.211,9.146,9.174,100395.4,921952.6203,1
BYBIT,AVAXUSDT,60,1779138000000,9.174,9.253,9.161,9.242,93078.4,856943.1617,1
BYBIT,AVAXUSDT,60,1779141600000,9.242,9.265,9.211,9.24,61027.5,563916.5207,1
BYBIT,AVAXUSDT,60,1779145200000,9.24,9.262,9.222,9.244,44727.3,413660.6459,1
BYBIT,AVAXUSDT,60,1779148800000,9.244,9.313,9.242,9.275,79128.8,733926.2043,1
BYBIT,AVAXUSDT,60,1779152400000,9.275,9.277,9.222,9.234,38768.2,358664.3287,1
BYBIT,AVAXUSDT,60,1779156000000,9.234,9.269,9.196,9.202,56728.0,522891.2441,1
BYBIT,AVAXUSDT,60,1779159600000,9.202,9.253,9.19,9.231,54923.7,506365.2226,1
BYBIT,AVAXUSDT,60,1779163200000,9.231,9.268,9.214,9.247,51373.6,474414.9751,1
BYBIT,AVAXUSDT,60,1779166800000,9.247,9.261,9.193,9.242,53598.6,494809.7183,1
BYBIT,AVAXUSDT,60,1779170400000,9.242,9.274,9.233,9.257,55411.9,513006.9362,1
BYBIT,AVAXUSDT,60,1779174000000,9.257,9.288,9.239,9.27,53962.7,499733.9245,1
BYBIT,AVAXUSDT,60,1779177600000,9.27,9.285,9.211,9.235,53454.2,493913.2898,1
BYBIT,AVAXUSDT,60,1779181200000,9.235,9.244,9.16,9.194,82282.8,756457.5402,1
BYBIT,AVAXUSDT,60,1779184800000,9.194,9.196,9.129,9.149,94940.4,870501.1756,1
BYBIT,AVAXUSDT,60,1779188400000,9.149,9.152,9.081,9.098,78845.1,718662.6709,1
BYBIT,AVAXUSDT,60,1779192000000,9.098,9.147,9.085,9.14,93620.8,854372.6268,1
BYBIT,AVAXUSDT,60,1779195600000,9.14,9.152,9.094,9.115,169555.8,1546048.2474,1
BYBIT,AVAXUSDT,60,1779199200000,9.115,9.136,9.014,9.058,153961.9,1396879.1942,1
BYBIT,AVAXUSDT,60,1779202800000,9.058,9.114,9.052,9.094,54335.5,493318.4606,1
BYBIT,AVAXUSDT,60,1779206400000,9.094,9.165,9.082,9.159,70285.7,641369.9243,1
BYBIT,AVAXUSDT,60,1779210000000,9.159,9.181,9.125,9.148,51434.1,470939.6458,1
BYBIT,AVAXUSDT,60,1779213600000,9.148,9.159,9.105,9.128,117170.9,1069983.8983,1
BYBIT,AVAXUSDT,60,1779217200000,9.128,9.173,9.1,9.111,49124.1,448661.9202,1
BYBIT,AVAXUSDT,60,1779220800000,9.111,9.14,9.11,9.132,25467.8,232442.5715,1
BYBIT,AVAXUSDT,60,1779224400000,9.132,9.143,9.118,9.12,48336.0,441401.236,1
BYBIT,AVAXUSDT,60,1779228000000,9.12,9.12,9.06,9.081,56737.7,515625.1317,1
BYBIT,AVAXUSDT,60,1779231600000,9.081,9.131,9.072,9.1,34527.6,314419.1413,1
BYBIT,AVAXUSDT,60,1779235200000,9.1,9.115,9.067,9.1,77989.3,708909.1474,1
BYBIT,AVAXUSDT,60,1779238800000,9.1,9.123,9.058,9.105,42623.3,387372.3794,1
BYBIT,AVAXUSDT,60,1779242400000,9.105,9.121,9.076,9.09,30623.9,278562.9098,1
BYBIT,AVAXUSDT,60,1779246000000,9.09,9.134,9.076,9.108,27570.6,251285.9348,1
BYBIT,AVAXUSDT,60,1779249600000,9.108,9.127,9.089,9.126,22486.3,204789.4849,1
BYBIT,AVAXUSDT,60,1779253200000,9.126,9.204,9.125,9.188,119789.4,1098712.5125,1
BYBIT,AVAXUSDT,60,1779256800000,9.188,9.24,9.188,9.228,61995.3,570929.6268,1
BYBIT,AVAXUSDT,60,1779260400000,9.228,9.234,9.189,9.201,49382.6,454986.074,1
BYBIT,AVAXUSDT,60,1779264000000,9.201,9.262,9.199,9.232,73164.1,675180.2103,1
BYBIT,AVAXUSDT,60,1779267600000,9.232,9.233,9.193,9.198,35786.5,329738.3993,1
BYBIT,AVAXUSDT,60,1779271200000,9.198,9.239,9.196,9.218,30406.6,280311.9822,1
BYBIT,AVAXUSDT,60,1779274800000,9.218,9.234,9.179,9.199,49164.2,452795.5334,1
BYBIT,AVAXUSDT,60,1779278400000,9.199,9.268,9.189,9.246,55236.4,510353.8308,1
BYBIT,AVAXUSDT,60,1779282000000,9.246,9.253,9.146,9.188,137749.8,1265776.5779,1
BYBIT,AVAXUSDT,60,1779285600000,9.188,9.327,9.157,9.307,222043.4,2056667.9028,1
BYBIT,AVAXUSDT,60,1779289200000,9.307,9.357,9.26,9.333,246777.3,2300264.0801,1
BYBIT,AVAXUSDT,60,1779292800000,9.333,9.369,9.266,9.329,159606.8,1487797.5914,1
BYBIT,AVAXUSDT,60,1779296400000,9.329,9.394,9.307,9.337,195565.6,1828621.2911,1
BYBIT,AVAXUSDT,60,1779300000000,9.337,9.346,9.261,9.286,122716.4,1140835.1905,1
BYBIT,AVAXUSDT,60,1779303600000,9.286,9.33,9.269,9.312,77708.4,723356.5144,1
BYBIT,AVAXUSDT,60,1779307200000,9.312,9.33,9.252,9.299,131335.0,1220053.3149,1
BYBIT,AVAXUSDT,60,1779310800000,9.299,9.311,9.261,9.261,69829.9,648800.3529,1
BYBIT,AVAXUSDT,60,1779314400000,9.261,9.275,9.211,9.266,74955.6,692788.8425,1
BYBIT,AVAXUSDT,60,1779318000000,9.266,9.29,9.24,9.289,36407.5,337246.0598,1
BYBIT,AVAXUSDT,60,1779321600000,9.289,9.359,9.285,9.347,69100.1,643925.7568,1
BYBIT,AVAXUSDT,60,1779325200000,9.347,9.382,9.327,9.348,92338.3,862993.2422,1
BYBIT,AVAXUSDT,60,1779328800000,9.348,9.389,9.34,9.356,70500.8,660170.0796,1
BYBIT,AVAXUSDT,60,1779332400000,9.356,9.385,9.347,9.379,40801.5,382237.9909,1
BYBIT,AVAXUSDT,60,1779336000000,9.379,9.398,9.35,9.385,114576.3,1074934.4826,1
BYBIT,AVAXUSDT,60,1779339600000,9.385,9.397,9.295,9.342,78056.9,728894.2519,1
BYBIT,AVAXUSDT,60,1779343200000,9.342,9.41,9.332,9.382,372743.3,3493833.1896,1
BYBIT,AVAXUSDT,60,1779346800000,9.382,9.481,9.366,9.466,128224.3,1206411.2041,1
BYBIT,AVAXUSDT,60,1779350400000,9.466,9.512,9.382,9.408,335617.0,3168760.9759,1
BYBIT,AVAXUSDT,60,1779354000000,9.408,9.447,9.371,9.373,91364.8,859452.8632,1
BYBIT,AVAXUSDT,60,1779357600000,9.373,9.38,9.275,9.313,184948.2,1723114.7235,1
BYBIT,AVAXUSDT,60,1779361200000,9.313,9.333,9.289,9.289,92114.3,857575.7656,1
BYBIT,AVAXUSDT,60,1779364800000,9.289,9.32,9.254,9.299,147235.3,1367648.8683,1
BYBIT,AVAXUSDT,60,1779368400000,9.299,9.344,9.241,9.323,156291.9,1453490.1069,1
BYBIT,AVAXUSDT,60,1779372000000,9.323,9.371,9.285,9.31,172096.3,1605454.9039,1
BYBIT,AVAXUSDT,60,1779375600000,9.31,9.402,9.288,9.374,141996.3,1328646.7542,1
BYBIT,AVAXUSDT,60,1779379200000,9.374,9.39,9.301,9.329,120420.4,1124309.6654,1
BYBIT,AVAXUSDT,60,1779382800000,9.329,9.515,9.328,9.475,389952.0,3686550.6278,1
BYBIT,AVAXUSDT,60,1779386400000,9.475,9.508,9.41,9.45,219390.1,2077857.6172,1
BYBIT,AVAXUSDT,60,1779390000000,9.45,9.502,9.443,9.488,111043.9,1051870.4064,1
BYBIT,AVAXUSDT,60,1779393600000,9.488,9.5,9.452,9.477,58230.0,552115.2957,1
BYBIT,AVAXUSDT,60,1779397200000,9.477,9.499,9.459,9.466,54306.5,515217.7273,1
BYBIT,AVAXUSDT,60,1779400800000,9.466,9.481,9.441,9.45,33066.9,312755.0234,1
BYBIT,AVAXUSDT,60,1779404400000,9.45,9.463,9.422,9.447,55093.2,520427.3291,1
BYBIT,AVAXUSDT,60,1779408000000,9.447,9.456,9.382,9.386,74745.7,703652.8717,1
BYBIT,AVAXUSDT,60,1779411600000,9.386,9.431,9.38,9.428,58746.7,552641.3656,1
BYBIT,AVAXUSDT,60,1779415200000,9.428,9.486,9.428,9.467,61202.2,579358.5555,1
BYBIT,AVAXUSDT,60,1779418800000,9.467,9.504,9.448,9.5,71101.7,674455.3544,1
BYBIT,AVAXUSDT,60,1779422400000,9.5,9.548,9.488,9.515,109507.4,1042781.5567,1
BYBIT,AVAXUSDT,60,1779426000000,9.515,9.574,9.502,9.53,90046.5,858547.4949,1
BYBIT,AVAXUSDT,60,1779429600000,9.53,9.538,9.478,9.488,72967.6,693901.2619,1
BYBIT,AVAXUSDT,60,1779433200000,9.488,9.545,9.452,9.505,144013.5,1369952.4135,1
BYBIT,AVAXUSDT,60,1779436800000,9.505,9.557,9.482,9.505,105763.4,1006031.6251,1
BYBIT,AVAXUSDT,60,1779440400000,9.505,9.545,9.484,9.487,64641.5,614895.6311,1
BYBIT,AVAXUSDT,60,1779444000000,9.487,9.495,9.452,9.492,63756.1,604194.1749,1
BYBIT,AVAXUSDT,60,1779447600000,9.492,9.528,9.461,9.527,76253.7,724340.2444,1
BYBIT,AVAXUSDT,60,1779451200000,9.527,9.585,9.511,9.585,216677.1,2066248.3248,1
BYBIT,AVAXUSDT,60,1779454800000,9.585,9.599,9.485,9.532,245109.5,2340032.7035,1
BYBIT,AVAXUSDT,60,1779458400000,9.532,9.532,9.392,9.416,217997.9,2059626.6072,1
BYBIT,AVAXUSDT,60,1779462000000,9.416,9.458,9.361,9.426,128750.5,1212171.1242,1
BYBIT,AVAXUSDT,60,1779465600000,9.426,9.456,9.388,9.431,175145.7,1648448.7577,1
BYBIT,AVAXUSDT,60,1779469200000,9.431,9.46,9.395,9.4,189817.9,1790650.6895,1
BYBIT,AVAXUSDT,60,1779472800000,9.4,9.4,9.196,9.285,409564.5,3807002.6515,1
BYBIT,AVAXUSDT,60,1779476400000,9.285,9.305,9.139,9.212,528893.1,4870786.2486,1
BYBIT,AVAXUSDT,60,1779480000000,9.212,9.253,9.198,9.246,174209.2,1606554.3409,1
BYBIT,AVAXUSDT,60,1779483600000,9.246,9.279,9.24,9.256,51859.1,480138.6167,1
BYBIT,AVAXUSDT,60,1779487200000,9.256,9.26,9.206,9.227,66791.7,616690.598,1
BYBIT,AVAXUSDT,60,1779490800000,9.227,9.244,9.089,9.145,391379.6,3586530.5579,1
BYBIT,AVAXUSDT,60,1779494400000,9.145,9.168,9.101,9.161,197118.4,1800966.9988,1
BYBIT,AVAXUSDT,60,1779498000000,9.161,9.185,9.141,9.173,221256.8,2026484.8815,1
BYBIT,AVAXUSDT,60,1779501600000,9.173,9.184,9.161,9.183,59180.2,542841.3526,1
BYBIT,AVAXUSDT,60,1779505200000,9.183,9.208,9.18,9.193,47080.4,432874.8444,1
BYBIT,AVAXUSDT,60,1779508800000,9.193,9.193,9.144,9.151,47305.0,433491.5722,1
BYBIT,AVAXUSDT,60,1779512400000,9.151,9.16,9.121,9.141,40804.6,373034.1575,1
BYBIT,AVAXUSDT,60,1779516000000,9.141,9.146,9.103,9.112,37996.0,346592.1143,1
BYBIT,AVAXUSDT,60,1779519600000,9.112,9.118,8.813,8.912,874710.1,7818561.6958,1
BYBIT,AVAXUSDT,60,1779523200000,8.912,8.922,8.828,8.879,505355.9,4488799.261,1
BYBIT,AVAXUSDT,60,1779526800000,8.879,8.889,8.829,8.866,288233.8,2552767.4545,1
BYBIT,AVAXUSDT,60,1779530400000,8.866,8.909,8.863,8.9,100298.7,891964.5803,1
BYBIT,AVAXUSDT,60,1779534000000,8.9,8.918,8.879,8.89,91202.9,811836.3689,1
BYBIT,AVAXUSDT,60,1779537600000,8.89,8.932,8.868,8.921,96976.2,862419.8547,1
BYBIT,AVAXUSDT,60,1779541200000,8.921,9.019,8.921,9.008,268007.1,2409891.1766,1
BYBIT,AVAXUSDT,60,1779544800000,9.008,9.106,8.996,9.101,142058.7,1285225.7528,1
BYBIT,AVAXUSDT,60,1779548400000,9.101,9.165,9.093,9.132,286069.1,2610636.3298,1
BYBIT,AVAXUSDT,60,1779552000000,9.132,9.159,9.103,9.15,89717.8,819269.3854,1
BYBIT,AVAXUSDT,60,1779555600000,9.15,9.171,9.111,9.139,77135.4,704931.0514,1
BYBIT,AVAXUSDT,60,1779559200000,9.139,9.328,9.134,9.269,331013.9,3061797.398,1
BYBIT,AVAXUSDT,60,1779562800000,9.269,9.299,9.248,9.279,77969.6,722955.5155,1
BYBIT,AVAXUSDT,60,1779566400000,9.279,9.547,9.261,9.539,544538.6,5128048.9737,1
BYBIT,AVAXUSDT,60,1779570000000,9.539,9.588,9.432,9.478,230744.2,2195532.6603,1
BYBIT,AVAXUSDT,60,1779573600000,9.478,9.509,9.365,9.409,193661.9,1826239.0035,1
BYBIT,AVAXUSDT,60,1779577200000,9.409,9.418,9.377,9.384,52452.1,492989.9024,1
BYBIT,AVAXUSDT,60,1779580800000,9.384,9.417,9.372,9.402,103209.8,969542.4534,1
BYBIT,AVAXUSDT,60,1779584400000,9.402,9.424,9.382,9.402,40277.1,378730.1393,1
BYBIT,AVAXUSDT,60,1779588000000,9.402,9.411,9.331,9.352,120664.8,1129248.4232,1
BYBIT,AVAXUSDT,60,1779591600000,9.352,9.369,9.312,9.325,56611.2,528605.7384,1
BYBIT,AVAXUSDT,60,1779595200000,9.325,9.355,9.325,9.348,37854.7,353567.6888,1
BYBIT,AVAXUSDT,60,1779598800000,9.348,9.352,9.32,9.345,69866.1,652074.0332,1
BYBIT,AVAXUSDT,60,1779602400000,9.345,9.371,9.315,9.357,63085.1,589148.4016,1
BYBIT,AVAXUSDT,60,1779606000000,9.357,9.367,9.316,9.322,40260.3,375981.0775,1
BYBIT,AVAXUSDT,60,1779609600000,9.322,9.343,9.308,9.341,45452.1,423998.0566,1
BYBIT,AVAXUSDT,60,1779613200000,9.341,9.368,9.328,9.352,74471.1,696481.2722,1
BYBIT,AVAXUSDT,60,1779616800000,9.352,9.38,9.294,9.34,238667.1,2227074.9963,1
BYBIT,AVAXUSDT,60,1779620400000,9.34,9.361,9.334,9.346,51690.0,483127.2799,1
BYBIT,AVAXUSDT,60,1779624000000,9.346,9.347,9.287,9.315,73136.6,681046.4362,1
BYBIT,AVAXUSDT,60,1779627600000,9.315,9.328,9.245,9.273,79207.9,736246.4362,1
BYBIT,AVAXUSDT,60,1779631200000,9.273,9.275,9.128,9.231,299912.3,2759930.9336,1
BYBIT,AVAXUSDT,60,1779634800000,9.231,9.243,9.212,9.231,63189.9,583313.7547,1
BYBIT,AVAXUSDT,60,1779638400000,9.231,9.261,9.211,9.249,103469.0,955556.5819,1
BYBIT,AVAXUSDT,60,1779642000000,9.249,9.264,9.239,9.253,35834.4,331528.9364,1
BYBIT,AVAXUSDT,60,1779645600000,9.253,9.257,9.214,9.228,73458.7,678332.9054,1
BYBIT,AVAXUSDT,60,1779649200000,9.228,9.239,9.204,9.227,38679.1,356478.8114,1
BYBIT,AVAXUSDT,60,1779652800000,9.227,9.233,9.188,9.196,53929.5,496556.3366,1
BYBIT,AVAXUSDT,60,1779656400000,9.196,9.206,9.061,9.074,167005.5,1523019.6197,1
BYBIT,AVAXUSDT,60,1779660000000,9.074,9.204,9.074,9.163,216457.3,1981533.0429,1
BYBIT,AVAXUSDT,60,1779663600000,9.163,9.228,9.158,9.205,79130.5,727312.1259,1
BYBIT,AVAXUSDT,60,1779667200000,9.205,9.235,9.195,9.218,205473.8,1893803.7437,1
BYBIT,AVAXUSDT,60,1779670800000,9.218,9.226,9.145,9.149,70774.2,651381.9196,1
BYBIT,AVAXUSDT,60,1779674400000,9.149,9.22,9.148,9.173,37059.1,340649.1106,1
BYBIT,AVAXUSDT,60,1779678000000,9.173,9.183,9.152,9.162,26863.5,246257.487,1
BYBIT,AVAXUSDT,60,1779681600000,9.162,9.252,9.153,9.249,109705.7,1011486.0028,1
BYBIT,AVAXUSDT,60,1779685200000,9.249,9.302,9.247,9.288,164225.6,1521871.8476,1
BYBIT,AVAXUSDT,60,1779688800000,9.288,9.318,9.265,9.316,64581.4,600249.8937,1
BYBIT,AVAXUSDT,60,1779692400000,9.316,9.355,9.287,9.337,86673.1,807736.51,1
BYBIT,AVAXUSDT,60,1779696000000,9.337,9.36,9.319,9.352,36063.7,336830.3597,1
BYBIT,AVAXUSDT,60,1779699600000,9.352,9.382,9.336,9.367,42076.8,393836.2503,1
BYBIT,AVAXUSDT,60,1779703200000,9.367,9.42,9.366,9.412,141519.7,1329835.2588,1
BYBIT,AVAXUSDT,60,1779706800000,9.412,9.417,9.361,9.372,54614.5,512893.9867,1
BYBIT,AVAXUSDT,60,1779710400000,9.372,9.426,9.359,9.384,182632.9,1716148.5909,1
BYBIT,AVAXUSDT,60,1779714000000,9.384,9.413,9.381,9.403,30440.4,286152.4137,1
BYBIT,AVAXUSDT,60,1779717600000,9.403,9.495,9.403,9.471,163149.4,1542970.2552,1
BYBIT,AVAXUSDT,60,1779721200000,9.471,9.503,9.406,9.428,185309.2,1749324.5406,1
BYBIT,AVAXUSDT,60,1779724800000,9.428,9.48,9.413,9.458,48619.0,459107.0924,1
BYBIT,AVAXUSDT,60,1779728400000,9.458,9.471,9.419,9.432,57313.1,541216.0652,1
BYBIT,AVAXUSDT,60,1779732000000,9.432,9.456,9.389,9.395,49818.6,469316.233,1
BYBIT,AVAXUSDT,60,1779735600000,9.395,9.414,9.358,9.383,84696.9,794784.3831,1
BYBIT,AVAXUSDT,60,1779739200000,9.383,9.399,9.321,9.342,80713.1,755968.0894,1
BYBIT,AVAXUSDT,60,1779742800000,9.342,9.372,9.328,9.336,69841.0,653103.1352,1
BYBIT,AVAXUSDT,60,1779746400000,9.336,9.343,9.268,9.275,105499.7,981891.1624,1
BYBIT,AVAXUSDT,60,1779750000000,9.275,9.32,9.267,9.305,63331.6,588855.097,1
BYBIT,AVAXUSDT,60,1779753600000,9.305,9.309,9.194,9.246,196459.5,1817485.729,1
BYBIT,AVAXUSDT,60,1779757200000,9.246,9.258,9.169,9.203,150364.8,1386140.7901,1
BYBIT,AVAXUSDT,60,1779760800000,9.203,9.218,9.182,9.204,74415.6,684822.0374,1
BYBIT,AVAXUSDT,60,1779764400000,9.204,9.221,9.161,9.221,77202.5,709609.4446,1
BYBIT,AVAXUSDT,60,1779768000000,9.221,9.274,9.205,9.251,78451.8,725393.1223,1
BYBIT,AVAXUSDT,60,1779771600000,9.251,9.328,9.236,9.299,79902.2,742370.9023,1
BYBIT,AVAXUSDT,60,1779775200000,9.299,9.327,9.258,9.299,80474.7,747387.6124,1
BYBIT,AVAXUSDT,60,1779778800000,9.299,9.306,9.231,9.264,82755.7,766337.2125,1
BYBIT,AVAXUSDT,60,1779782400000,9.264,9.294,9.255,9.277,37391.4,346803.5945,1
BYBIT,AVAXUSDT,60,1779786000000,9.277,9.304,9.262,9.285,53699.2,498382.9511,1
BYBIT,AVAXUSDT,60,1779789600000,9.285,9.461,9.263,9.426,252073.8,2372183.8813,1
BYBIT,AVAXUSDT,60,1779793200000,9.426,9.431,9.372,9.373,278238.0,2617610.0333,1
BYBIT,AVAXUSDT,60,1779796800000,9.373,9.395,9.333,9.384,222424.7,2082518.4074,1
BYBIT,AVAXUSDT,60,1779800400000,9.384,9.436,9.323,9.419,179618.3,1686764.6995,1
BYBIT,AVAXUSDT,60,1779804000000,9.419,9.488,9.315,9.351,330494.1,3105801.372,1
BYBIT,AVAXUSDT,60,1779807600000,9.351,9.361,9.228,9.285,339372.3,3152236.1723,1
BYBIT,AVAXUSDT,60,1779811200000,9.285,9.288,9.205,9.252,227559.6,2104472.1845,1
BYBIT,AVAXUSDT,60,1779814800000,9.252,9.273,9.113,9.163,415104.3,3806291.6868,1
BYBIT,AVAXUSDT,60,1779818400000,9.163,9.22,9.126,9.148,179686.8,1647746.3908,1
BYBIT,AVAXUSDT,60,1779822000000,9.148,9.184,9.115,9.166,70057.0,640570.4659,1
BYBIT,AVAXUSDT,60,1779825600000,9.166,9.18,9.152,9.177,30814.2,282535.215,1
BYBIT,AVAXUSDT,60,1779829200000,9.177,9.181,9.119,9.138,74315.8,679927.4887,1
BYBIT,AVAXUSDT,60,1779832800000,9.138,9.161,9.107,9.132,69870.1,638013.1693,1
BYBIT,AVAXUSDT,60,1779836400000,9.132,9.159,9.129,9.132,26866.4,245656.3985,1
BYBIT,AVAXUSDT,60,1779840000000,9.132,9.188,9.132,9.186,71723.1,656553.9688,1
BYBIT,AVAXUSDT,60,1779843600000,9.186,9.194,9.139,9.142,50165.7,459832.5176,1
BYBIT,AVAXUSDT,60,1779847200000,9.142,9.165,9.102,9.165,68893.5,629161.3492,1
BYBIT,AVAXUSDT,60,1779850800000,9.165,9.171,9.123,9.134,37217.3,340538.9487,1
BYBIT,AVAXUSDT,60,1779854400000,9.134,9.141,9.04,9.134,161037.1,1462563.6289,1
BYBIT,AVAXUSDT,60,1779858000000,9.134,9.171,9.13,9.163,47423.1,433861.2236,1
BYBIT,AVAXUSDT,60,1779861600000,9.163,9.196,9.154,9.191,90529.4,831112.9097,1
BYBIT,AVAXUSDT,60,1779865200000,9.191,9.212,9.166,9.191,54192.1,497829.5051,1
BYBIT,AVAXUSDT,60,1779868800000,9.191,9.222,9.152,9.16,87949.7,808800.9025,1
BYBIT,AVAXUSDT,60,1779872400000,9.16,9.164,9.124,9.131,42085.2,384687.6568,1
BYBIT,AVAXUSDT,60,1779876000000,9.131,9.17,9.12,9.153,42417.6,387941.4365,1
BYBIT,AVAXUSDT,60,1779879600000,9.153,9.187,9.145,9.146,54207.6,496998.3814,1
BYBIT,AVAXUSDT,60,1779883200000,9.146,9.24,9.113,9.182,144302.6,1324836.4946,1
BYBIT,AVAXUSDT,60,1779886800000,9.182,9.191,9.073,9.146,196813.4,1794187.7036,1
BYBIT,AVAXUSDT,60,1779890400000,9.146,9.19,9.083,9.166,140863.4,1287000.665,1
BYBIT,AVAXUSDT,60,1779894000000,9.166,9.29,9.162,9.238,314089.3,2902727.3208,1
BYBIT,AVAXUSDT,60,1779897600000,9.238,9.251,9.163,9.206,77218.0,711117.3039,1
BYBIT,AVAXUSDT,60,1779901200000,9.206,9.206,9.084,9.106,118956.2,1086750.7827,1
BYBIT,AVAXUSDT,60,1779904800000,9.106,9.162,9.073,9.157,89385.6,813408.7476,1
BYBIT,AVAXUSDT,60,1779908400000,9.157,9.201,9.154,9.184,47392.4,435171.708,1
BYBIT,AVAXUSDT,60,1779912000000,9.184,9.216,9.172,9.188,78205.0,718507.0594,1
BYBIT,AVAXUSDT,60,1779915600000,9.188,9.195,8.969,9.036,322379.3,2928670.0318,1
BYBIT,AVAXUSDT,60,1779919200000,9.036,9.08,9.006,9.024,141551.8,1279564.2599,1
BYBIT,AVAXUSDT,60,1779922800000,9.024,9.049,8.988,9.035,80754.6,728867.4495,1
BYBIT,AVAXUSDT,60,1779926400000,9.035,9.059,9.013,9.051,96635.3,873497.7033,1
BYBIT,AVAXUSDT,60,1779930000000,9.051,9.058,8.965,9.043,96652.1,870696.4826,1
BYBIT,AVAXUSDT,60,1779933600000,9.043,9.066,9.018,9.048,64190.0,580757.7861,1
BYBIT,AVAXUSDT,60,1779937200000,9.048,9.055,8.847,8.869,544898.5,4861342.3172,1
BYBIT,AVAXUSDT,60,1779940800000,8.869,8.87,8.709,8.82,509702.2,4472414.6431,1
BYBIT,AVAXUSDT,60,1779944400000,8.82,8.83,8.703,8.766,292465.4,2558058.4067,1
BYBIT,AVAXUSDT,60,1779948000000,8.766,8.813,8.746,8.799,132620.3,1163885.9183,1
BYBIT,AVAXUSDT,60,1779951600000,8.799,8.844,8.781,8.84,120933.6,1066478.0961,1
BYBIT,AVAXUSDT,60,1779955200000,8.84,8.845,8.788,8.8,71970.7,634378.0572,1
BYBIT,AVAXUSDT,60,1779958800000,8.8,8.876,8.797,8.864,86064.0,761275.2673,1
BYBIT,AVAXUSDT,60,1779962400000,8.864,8.882,8.794,8.8,139388.9,1231835.1143,1
BYBIT,AVAXUSDT,60,1779966000000,8.8,8.826,8.789,8.813,78332.9,689932.3761,1
BYBIT,AVAXUSDT,60,1779969600000,8.813,8.857,8.766,8.848,99976.6,880137.9446,1
BYBIT,AVAXUSDT,60,1779973200000,8.848,8.874,8.798,8.827,138111.4,1219967.5973,1
BYBIT,AVAXUSDT,60,1779976800000,8.827,8.924,8.736,8.863,317066.6,2800744.5057,1
BYBIT,AVAXUSDT,60,1779980400000,8.863,8.882,8.774,8.845,175243.9,1549448.7197,1
BYBIT,AVAXUSDT,60,1779984000000,8.845,8.979,8.808,8.958,132213.9,1177189.5961,1
BYBIT,AVAXUSDT,60,1779987600000,8.958,9.016,8.924,8.987,121006.4,1085406.8177,1
BYBIT,AVAXUSDT,60,1779991200000,8.987,9.079,8.976,8.984,243035.7,2192344.2035,1
BYBIT,AVAXUSDT,60,1779994800000,8.984,8.986,8.907,8.912,88129.9,787695.967,1
BYBIT,AVAXUSDT,60,1779998400000,8.912,8.965,8.883,8.932,80382.1,717689.8309,1
BYBIT,AVAXUSDT,60,1780002000000,8.932,8.986,8.923,8.967,78141.9,700288.4852,1
BYBIT,AVAXUSDT,60,1780005600000,8.967,8.987,8.893,8.903,55407.2,494329.4796,1
BYBIT,AVAXUSDT,60,1780009200000,8.903,8.939,8.902,8.921,36406.2,324679.4868,1
BYBIT,AVAXUSDT,60,1780012800000,8.921,8.958,8.921,8.943,67912.6,607519.8887,1
BYBIT,AVAXUSDT,60,1780016400000,8.943,8.969,8.924,8.94,35595.7,318300.26,1
BYBIT,AVAXUSDT,60,1780020000000,8.94,8.95,8.863,8.869,42796.5,380758.9136,1
BYBIT,AVAXUSDT,60,1780023600000,8.869,8.934,8.869,8.877,57991.8,516376.2452,1
BYBIT,AVAXUSDT,60,1780027200000,8.877,8.901,8.825,8.901,40447.1,358175.6297,1
BYBIT,AVAXUSDT,60,1780030800000,8.901,8.933,8.894,8.926,61085.0,544843.0947,1
BYBIT,AVAXUSDT,60,1780034400000,8.926,8.977,8.92,8.951,50939.1,455542.3043,1
BYBIT,AVAXUSDT,60,1780038000000,8.951,8.969,8.885,8.923,68154.7,608568.9033,1
BYBIT,AVAXUSDT,60,1780041600000,8.923,8.959,8.917,8.929,63657.8,568743.0444,1
BYBIT,AVAXUSDT,60,1780045200000,8.929,8.974,8.926,8.962,68990.9,618014.4802,1
BYBIT,AVAXUSDT,60,1780048800000,8.962,8.962,8.903,8.91,67334.8,600643.4714,1
BYBIT,AVAXUSDT,60,1780052400000,8.91,8.918,8.831,8.868,84334.3,748132.5299,1
BYBIT,AVAXUSDT,60,1780056000000,8.868,8.872,8.807,8.828,179329.7,1585970.4565,1
BYBIT,AVAXUSDT,60,1780059600000,8.828,8.849,8.784,8.817,95007.5,837338.847,1
BYBIT,AVAXUSDT,60,1780063200000,8.817,8.836,8.647,8.703,647885.4,5646137.1858,1
BYBIT,AVAXUSDT,60,1780066800000,8.703,9.0,8.695,8.92,751982.5,6679075.7408,1
BYBIT,AVAXUSDT,60,1780070400000,8.92,8.971,8.85,8.948,394780.6,3520007.696,1
BYBIT,AVAXUSDT,60,1780074000000,8.948,8.983,8.909,8.922,249576.2,2234453.5711,1
BYBIT,AVAXUSDT,60,1780077600000,8.922,8.947,8.796,8.837,177532.6,1573620.9652,1
BYBIT,AVAXUSDT,60,1780081200000,8.837,8.87,8.768,8.831,95822.4,845361.4505,1
BYBIT,AVAXUSDT,60,1780084800000,8.831,8.875,8.794,8.81,59282.9,523855.094,1
BYBIT,AVAXUSDT,60,1780088400000,8.81,8.848,8.784,8.785,78687.4,693802.1954,1
BYBIT,AVAXUSDT,60,1780092000000,8.785,8.828,8.784,8.81,38939.2,343078.9894,1
BYBIT,AVAXUSDT,60,1780095600000,8.81,8.833,8.782,8.823,39379.8,346890.0992,1
BYBIT,AVAXUSDT,60,1780099200000,8.823,8.876,8.808,8.869,82924.1,733292.8964,1
BYBIT,AVAXUSDT,60,1780102800000,8.869,8.964,8.861,8.945,164993.2,1472968.441,1
BYBIT,AVAXUSDT,60,1780106400000,8.945,9.015,8.945,9.013,64012.0,574985.689,1
BYBIT,AVAXUSDT,60,1780110000000,9.013,9.043,8.957,8.97,94753.7,853653.401,1
BYBIT,AVAXUSDT,60,1780113600000,8.97,8.992,8.818,8.895,263342.5,2337797.1839,1
BYBIT,AVAXUSDT,60,1780117200000,8.895,8.945,8.881,8.935,52892.5,471512.3031,1
BYBIT,AVAXUSDT,60,1780120800000,8.935,8.95,8.909,8.917,28048.7,250402.0653,1
BYBIT,AVAXUSDT,60,1780124400000,8.917,8.925,8.892,8.912,21696.1,193275.8313,1
BYBIT,AVAXUSDT,60,1780128000000,8.912,8.919,8.889,8.892,30832.7,274707.6869,1
BYBIT,AVAXUSDT,60,1780131600000,8.892,8.938,8.879,8.925,33446.0,298019.9439,1
BYBIT,AVAXUSDT,60,1780135200000,8.925,8.936,8.908,8.91,23665.2,211093.6815,1
BYBIT,AVAXUSDT,60,1780138800000,8.91,8.931,8.888,8.917,20605.0,183589.5537,1
BYBIT,AVAXUSDT,60,1780142400000,8.917,8.929,8.903,8.927,21550.0,192105.8223,1
BYBIT,AVAXUSDT,60,1780146000000,8.927,8.961,8.906,8.949,74623.1,667178.2709,1
BYBIT,AVAXUSDT,60,1780149600000,8.949,8.977,8.932,8.962,63960.5,572829.6069,1
BYBIT,AVAXUSDT,60,1780153200000,8.962,8.988,8.943,8.958,43866.7,393145.051,1
BYBIT,AVAXUSDT,60,1780156800000,8.958,8.985,8.947,8.978,29066.5,260753.8117,1
BYBIT,AVAXUSDT,60,1780160400000,8.978,8.99,8.935,8.984,39840.4,357238.2697,1
BYBIT,AVAXUSDT,60,1780164000000,8.984,9.004,8.965,8.99,29340.5,263543.7029,1
BYBIT,AVAXUSDT,60,1780167600000,8.99,8.994,8.956,8.987,41261.3,370293.759,1
BYBIT,AVAXUSDT,60,1780171200000,8.987,9.001,8.972,8.993,34409.4,309257.7956,1
BYBIT,AVAXUSDT,60,1780174800000,8.993,9.011,8.992,8.993,35368.6,318365.8526,1
BYBIT,AVAXUSDT,60,1780178400000,8.993,8.995,8.913,8.935,74744.1,668549.9562,1
BYBIT,AVAXUSDT,60,1780182000000,8.935,8.953,8.908,8.94,18094.7,161547.4995,1
BYBIT,AVAXUSDT,60,1780185600000,8.94,8.976,8.926,8.968,68647.0,614977.9372,1
BYBIT,AVAXUSDT,60,1780189200000,8.968,8.999,8.963,8.98,28387.7,254875.6512,1
BYBIT,AVAXUSDT,60,1780192800000,8.98,9.035,8.967,9.01,60585.6,545549.3353,1
BYBIT,AVAXUSDT,60,1780196400000,9.01,9.021,8.995,9.005,46751.3,421044.0965,1
BYBIT,AVAXUSDT,60,1780200000000,9.005,9.035,8.991,9.027,64672.8,582848.4435,1
BYBIT,AVAXUSDT,60,1780203600000,9.027,9.077,9.013,9.038,109786.2,992765.0369,1
BYBIT,AVAXUSDT,60,1780207200000,9.038,9.047,9.021,9.021,136991.0,1238303.5974,1
BYBIT,AVAXUSDT,60,1780210800000,9.021,9.021,8.966,8.986,57076.3,513160.739,1
BYBIT,AVAXUSDT,60,1780214400000,8.986,9.015,8.973,8.996,24738.4,222480.4211,1
BYBIT,AVAXUSDT,60,1780218000000,8.996,9.032,8.97,8.982,46954.9,422612.278,1
BYBIT,AVAXUSDT,60,1780221600000,8.982,8.99,8.946,8.983,76145.3,683165.4186,1
BYBIT,AVAXUSDT,60,1780225200000,8.983,9.017,8.983,9.009,23310.3,209778.1281,1
BYBIT,AVAXUSDT,60,1780228800000,9.009,9.041,8.99,9.023,48835.9,440765.3219,1
BYBIT,AVAXUSDT,60,1780232400000,9.023,9.045,8.995,9.002,32172.5,290338.993,1
BYBIT,AVAXUSDT,60,1780236000000,9.002,9.005,8.85,8.869,486684.1,4335701.1193,1
BYBIT,AVAXUSDT,60,1780239600000,8.869,8.929,8.865,8.878,59568.8,529751.5734,1
BYBIT,AVAXUSDT,60,1780243200000,8.878,8.892,8.806,8.823,107720.6,952221.4786,1
BYBIT,AVAXUSDT,60,1780246800000,8.823,8.867,8.808,8.862,91793.5,811265.7448,1
BYBIT,AVAXUSDT,60,1780250400000,8.862,8.865,8.827,8.854,47722.4,422214.4111,1
BYBIT,AVAXUSDT,60,1780254000000,8.854,8.865,8.785,8.831,255724.1,2255433.3874,1
BYBIT,AVAXUSDT,60,1780257600000,8.831,8.889,8.831,8.886,46220.7,409489.6142,1
BYBIT,AVAXUSDT,60,1780261200000,8.886,8.946,8.859,8.934,161132.5,1432638.5273,1
BYBIT,AVAXUSDT,60,1780264800000,8.934,8.979,8.905,8.975,65444.1,585889.6672,1
BYBIT,AVAXUSDT,60,1780268400000,8.975,9.025,8.907,8.978,106845.6,957873.5851,1
BYBIT,AVAXUSDT,60,1780272000000,8.978,9.068,8.969,9.032,129726.1,1170595.0093,1
BYBIT,AVAXUSDT,60,1780275600000,9.032,9.037,8.882,8.883,78144.1,700117.1793,1
BYBIT,AVAXUSDT,60,1780279200000,8.883,9.039,8.859,9.024,125110.6,1122600.6762,1
BYBIT,AVAXUSDT,60,1780282800000,9.024,9.069,9.002,9.014,117494.6,1061802.6102,1
BYBIT,AVAXUSDT,60,1780286400000,9.014,9.04,8.89,8.945,112027.9,1002255.6646,1
BYBIT,AVAXUSDT,60,1780290000000,8.945,8.948,8.868,8.884,66099.1,588759.8531,1
BYBIT,AVAXUSDT,60,1780293600000,8.884,8.9,8.808,8.841,141190.3,1249500.0803,1
BYBIT,AVAXUSDT,60,1780297200000,8.841,8.864,8.774,8.786,135972.8,1198676.8768,1
BYBIT,AVAXUSDT,60,1780300800000,8.786,8.839,8.755,8.832,207885.2,1829377.109,1
BYBIT,AVAXUSDT,60,1780304400000,8.832,8.887,8.832,8.858,157366.1,1393924.4842,1
BYBIT,AVAXUSDT,60,1780308000000,8.858,8.871,8.827,8.858,73251.4,648272.6975,1
BYBIT,AVAXUSDT,60,1780311600000,8.858,8.878,8.8,8.827,91631.2,810328.0243,1
BYBIT,AVAXUSDT,60,1780315200000,8.827,8.873,8.761,8.827,166591.7,1469509.4657,1
BYBIT,AVAXUSDT,60,1780318800000,8.827,8.84,8.708,8.774,391711.3,3438521.5885,1
BYBIT,AVAXUSDT,60,1780322400000,8.774,8.805,8.703,8.748,395588.4,3458721.5023,1
BYBIT,AVAXUSDT,60,1780326000000,8.748,8.776,8.672,8.728,269569.2,2352456.3729,1
BYBIT,AVAXUSDT,60,1780329600000,8.728,8.881,8.682,8.871,221868.4,1948451.4527,1
BYBIT,AVAXUSDT,60,1780333200000,8.871,8.949,8.852,8.917,198611.9,1767558.6607,1
BYBIT,AVAXUSDT,60,1780336800000,8.917,8.944,8.883,8.888,81439.0,725803.1387,1
BYBIT,AVAXUSDT,60,1780340400000,8.888,8.965,8.868,8.955,58188.2,519593.4544,1
BYBIT,AVAXUSDT,60,1780344000000,8.955,8.98,8.907,8.934,72545.8,648767.4152,1
BYBIT,AVAXUSDT,60,1780347600000,8.934,8.937,8.848,8.876,110750.9,985034.2926,1
BYBIT,AVAXUSDT,60,1780351200000,8.876,8.929,8.825,8.926,96674.7,857538.378,1
BYBIT,AVAXUSDT,60,1780354800000,8.926,8.955,8.891,8.933,72806.2,650578.8444,1
BYBIT,AVAXUSDT,60,1780358400000,8.933,8.939,8.865,8.879,71039.2,632262.2492,1
BYBIT,AVAXUSDT,60,1780362000000,8.879,8.893,8.767,8.771,121669.3,1074044.2735,1
BYBIT,AVAXUSDT,60,1780365600000,8.771,8.857,8.663,8.857,331009.7,2903746.9778,1
BYBIT,AVAXUSDT,60,1780369200000,8.857,8.89,8.824,8.881,75414.1,667962.6074,1
BYBIT,AVAXUSDT,60,1780372800000,8.881,8.89,8.798,8.806,218924.7,1936052.4418,1
BYBIT,AVAXUSDT,60,1780376400000,8.806,8.83,8.725,8.73,93415.3,819846.0357,1
BYBIT,AVAXUSDT,60,1780380000000,8.73,8.755,8.626,8.707,348468.4,3024138.3666,1
BYBIT,AVAXUSDT,60,1780383600000,8.707,8.746,8.66,8.711,120881.6,1052544.9988,1
BYBIT,AVAXUSDT,60,1780387200000,8.711,8.735,8.687,8.703,79810.1,695088.2,1
BYBIT,AVAXUSDT,60,1780390800000,8.703,8.711,8.651,8.677,95265.7,826866.7395,1
BYBIT,AVAXUSDT,60,1780394400000,8.677,8.737,8.653,8.734,54848.4,477702.9617,1
BYBIT,AVAXUSDT,60,1780398000000,8.734,8.734,8.667,8.676,67971.9,591131.8716,1
BYBIT,AVAXUSDT,60,1780401600000,8.676,8.716,8.647,8.693,118617.7,1029785.5511,1
BYBIT,AVAXUSDT,60,1780405200000,8.693,8.717,8.67,8.686,129107.6,1122367.4458,1
BYBIT,AVAXUSDT,60,1780408800000,8.686,8.69,8.391,8.454,1061586.9,9038309.1431,1
BYBIT,AVAXUSDT,60,1780412400000,8.454,8.471,8.26,8.361,890834.8,7443173.2478,1
BYBIT,AVAXUSDT,60,1780416000000,8.361,8.503,8.32,8.406,480010.0,4047710.2947,1
BYBIT,AVAXUSDT,60,1780419600000,8.406,8.489,8.403,8.446,115524.6,975051.9276,1
BYBIT,AVAXUSDT,60,1780423200000,8.446,8.476,8.31,8.344,173106.8,1449853.938,1
BYBIT,AVAXUSDT,60,1780426800000,8.344,8.367,8.166,8.326,549958.1,4542390.1626,1
BYBIT,AVAXUSDT,60,1780430400000,8.326,8.38,8.261,8.33,255232.7,2120800.6879,1
BYBIT,AVAXUSDT,60,1780434000000,8.33,8.389,8.291,8.326,238014.2,1987688.0049,1
BYBIT,AVAXUSDT,60,1780437600000,8.326,8.326,8.074,8.122,622229.2,5076419.6019,1
BYBIT,AVAXUSDT,60,1780441200000,8.122,8.179,8.018,8.175,489361.8,3960733.1103,1
BYBIT,AVAXUSDT,60,1780444800000,8.175,8.246,8.155,8.212,222223.1,1824362.5215,1
BYBIT,AVAXUSDT,60,1780448400000,8.212,8.262,8.182,8.239,184560.4,1518082.521,1
BYBIT,AVAXUSDT,60,1780452000000,8.239,8.239,8.154,8.18,104848.5,859271.1379,1
BYBIT,AVAXUSDT,60,1780455600000,8.18,8.201,7.984,8.047,388875.8,3135229.5035,1
BYBIT,AVAXUSDT,60,1780459200000,8.047,8.179,8.043,8.164,174584.4,1417089.5192,1
BYBIT,AVAXUSDT,60,1780462800000,8.164,8.308,8.164,8.283,309510.6,2559392.1208,1
BYBIT,AVAXUSDT,60,1780466400000,8.283,8.322,8.257,8.265,184383.5,1528947.5045,1
BYBIT,AVAXUSDT,60,1780470000000,8.265,8.338,8.254,8.317,182332.3,1512664.2744,1
BYBIT,AVAXUSDT,60,1780473600000,8.317,8.333,8.283,8.304,81596.3,677859.0949,1
BYBIT,AVAXUSDT,60,1780477200000,8.304,8.32,8.243,8.275,112672.0,932879.8937,1
BYBIT,AVAXUSDT,60,1780480800000,8.275,8.355,8.272,8.35,64133.9,533880.8398,1
BYBIT,AVAXUSDT,60,1780484400000,8.35,8.365,8.271,8.296,107161.7,892881.5891,1
BYBIT,AVAXUSDT,60,1780488000000,8.296,8.305,8.236,8.3,102766.5,850553.4413,1
BYBIT,AVAXUSDT,60,1780491600000,8.3,8.339,8.248,8.307,114416.4,948357.952,1
BYBIT,AVAXUSDT,60,1780495200000,8.307,8.314,8.223,8.273,186805.2,1542448.6592,1
BYBIT,AVAXUSDT,60,1780498800000,8.273,8.281,8.172,8.185,209085.8,1718654.4109,1
BYBIT,AVAXUSDT,60,1780502400000,8.185,8.194,8.026,8.116,477922.9,3867049.4967,1
BYBIT,AVAXUSDT,60,1780506000000,8.116,8.186,8.061,8.134,160463.2,1303541.9204,1
BYBIT,AVAXUSDT,60,1780509600000,8.134,8.184,8.072,8.181,419697.4,3411042.7431,1
BYBIT,AVAXUSDT,60,1780513200000,8.181,8.191,8.023,8.037,395386.0,3206425.1325,1
BYBIT,AVAXUSDT,60,1780516800000,8.037,8.091,7.887,7.952,515809.3,4118659.2698,1
BYBIT,AVAXUSDT,60,1780520400000,7.952,8.173,7.924,8.166,175995.7,1417732.0093,1
BYBIT,AVAXUSDT,60,1780524000000,8.166,8.186,8.072,8.101,110251.7,895380.9905,1
BYBIT,AVAXUSDT,60,1780527600000,8.101,8.108,8.032,8.043,93512.2,753884.1451,1
BYBIT,AVAXUSDT,60,1780531200000,8.043,8.112,7.923,7.983,326074.8,2611940.9119,1
BYBIT,AVAXUSDT,60,1780534800000,7.983,8.021,7.737,7.759,655099.0,5137327.4371,1
BYBIT,AVAXUSDT,60,1780538400000,7.759,7.883,7.508,7.837,949058.2,7278259.0707,1
BYBIT,AVAXUSDT,60,1780542000000,7.837,8.058,7.836,8.033,175379.8,1398106.5775,1
BYBIT,AVAXUSDT,60,1780545600000,8.033,8.072,7.969,7.981,109589.8,878949.9518,1
BYBIT,AVAXUSDT,60,1780549200000,7.981,7.981,7.853,7.894,116812.9,923079.5314,1
BYBIT,AVAXUSDT,60,1780552800000,7.894,7.996,7.881,7.924,115025.7,914024.1312,1
BYBIT,AVAXUSDT,60,1780556400000,7.924,7.934,7.812,7.817,142968.7,1123026.131,1
BYBIT,AVAXUSDT,60,1780560000000,7.817,7.843,7.731,7.793,314985.8,2454193.7068,1
BYBIT,AVAXUSDT,60,1780563600000,7.793,7.797,7.594,7.712,378448.1,2905956.3546,1
BYBIT,AVAXUSDT,60,1780567200000,7.712,7.714,7.533,7.569,723119.6,5507265.0579,1
BYBIT,AVAXUSDT,60,1780570800000,7.569,7.664,7.538,7.659,421289.8,3206208.309,1
BYBIT,AVAXUSDT,60,1780574400000,7.659,7.822,7.609,7.8,498429.1,3839074.8601,1
BYBIT,AVAXUSDT,60,1780578000000,7.8,7.822,7.672,7.782,573788.5,4447891.9542,1
BYBIT,AVAXUSDT,60,1780581600000,7.782,7.805,7.723,7.765,522144.7,4051952.0674,1
BYBIT,AVAXUSDT,60,1780585200000,7.765,7.855,7.738,7.758,268674.9,2092450.845,1
BYBIT,AVAXUSDT,60,1780588800000,7.758,7.793,7.702,7.753,136212.6,1055320.0541,1
BYBIT,AVAXUSDT,60,1780592400000,7.753,7.79,7.664,7.747,165217.7,1276656.7468,1
BYBIT,AVAXUSDT,60,1780596000000,7.747,7.835,7.684,7.803,128793.1,1001734.2189,1
BYBIT,AVAXUSDT,60,1780599600000,7.803,7.841,7.756,7.773,115792.2,902350.6556,1
BYBIT,AVAXUSDT,60,1780603200000,7.773,7.776,7.699,7.735,177145.3,1368108.0802,1
BYBIT,AVAXUSDT,60,1780606800000,7.735,7.758,7.561,7.588,220501.8,1688403.5515,1
BYBIT,AVAXUSDT,60,1780610400000,7.588,7.673,7.567,7.666,142805.9,1086382.6373,1
BYBIT,AVAXUSDT,60,1780614000000,7.666,7.707,7.612,7.702,100950.7,774041.713,1
BYBIT,AVAXUSDT,60,1780617600000,7.702,7.72,7.625,7.632,101200.7,777428.9394,1
BYBIT,AVAXUSDT,60,1780621200000,7.632,7.679,7.555,7.641,180844.7,1377177.0942,1
BYBIT,AVAXUSDT,60,1780624800000,7.641,7.646,7.41,7.429,448693.9,3371150.1615,1
BYBIT,AVAXUSDT,60,1780628400000,7.429,7.496,7.307,7.311,393029.1,2908957.2683,1
BYBIT,AVAXUSDT,60,1780632000000,7.311,7.485,7.288,7.477,496349.7,3676011.1293,1
BYBIT,AVAXUSDT,60,1780635600000,7.477,7.507,7.246,7.258,741019.7,5448396.5653,1
BYBIT,AVAXUSDT,60,1780639200000,7.258,7.278,6.994,7.177,1205627.9,8604678.0673,1
BYBIT,AVAXUSDT,60,1780642800000,7.177,7.318,7.051,7.299,893147.3,6436904.539,1
BYBIT,AVAXUSDT,60,1780646400000,7.299,7.302,7.117,7.153,458416.7,3296840.3932,1
BYBIT,AVAXUSDT,60,1780650000000,7.153,7.277,7.152,7.25,419297.2,3022267.8531,1
BYBIT,AVAXUSDT,60,1780653600000,7.25,7.264,7.131,7.152,318474.3,2287529.6469,1
BYBIT,AVAXUSDT,60,1780657200000,7.152,7.155,7.058,7.071,606540.8,4315327.1776,1
BYBIT,AVAXUSDT,60,1780660800000,7.071,7.124,7.009,7.08,577779.7,4080440.5612,1
BYBIT,AVAXUSDT,60,1780664400000,7.08,7.22,6.957,6.967,1146810.4,8133202.9105,1
BYBIT,AVAXUSDT,60,1780668000000,6.967,7.123,6.885,7.071,1080668.9,7575151.2524,1
BYBIT,AVAXUSDT,60,1780671600000,7.071,7.084,6.845,6.897,1101294.1,7660679.4913,1
BYBIT,AVAXUSDT,60,1780675200000,6.897,7.076,6.784,7.057,1827969.5,12678553.6525,1
BYBIT,AVAXUSDT,60,1780678800000,7.057,7.104,6.976,7.017,436114.0,3062946.2143,1
BYBIT,AVAXUSDT,60,1780682400000,7.017,7.06,6.803,6.822,834181.3,5759697.0461,1
BYBIT,AVAXUSDT,60,1780686000000,6.822,6.828,6.573,6.69,2161721.8,14449131.0984,1
BYBIT,AVAXUSDT,60,1780689600000,6.69,6.982,6.605,6.901,2484255.1,16986433.7671,1
BYBIT,AVAXUSDT,60,1780693200000,6.901,7.001,6.88,6.949,302812.4,2101612.2688,1
BYBIT,AVAXUSDT,60,1780696800000,6.949,6.952,6.761,6.8,605530.5,4144422.0845,1
BYBIT,AVAXUSDT,60,1780700400000,6.8,6.846,6.627,6.721,365062.0,2453652.3162,1
BYBIT,AVAXUSDT,60,1780704000000,6.721,6.902,6.72,6.893,344743.6,2354365.8736,1
BYBIT,AVAXUSDT,60,1780707600000,6.893,6.928,6.717,6.738,220356.9,1501066.4414,1
BYBIT,AVAXUSDT,60,1780711200000,6.738,6.744,6.645,6.649,249338.7,1670256.1024,1
BYBIT,AVAXUSDT,60,1780714800000,6.649,6.649,6.504,6.518,491124.2,3224460.1201,1
BYBIT,AVAXUSDT,60,1780718400000,6.518,6.544,6.216,6.3,2321231.6,14665663.3678,1
BYBIT,AVAXUSDT,60,1780722000000,6.3,6.579,6.249,6.577,934904.6,6022777.4207,1
BYBIT,AVAXUSDT,60,1780725600000,6.577,6.684,6.539,6.542,538056.3,3559404.3118,1
BYBIT,AVAXUSDT,60,1780729200000,6.542,6.71,6.518,6.673,674782.7,4475168.0109,1
BYBIT,AVAXUSDT,60,1780732800000,6.673,6.755,6.629,6.741,369577.8,2478164.1464,1
BYBIT,AVAXUSDT,60,1780736400000,6.741,6.831,6.694,6.712,873602.9,5901459.2631,1
BYBIT,AVAXUSDT,60,1780740000000,6.712,6.712,6.566,6.612,599922.6,3970802.8482,1
BYBIT,AVAXUSDT,60,1780743600000,6.612,6.702,6.6,6.679,497636.3,3306420.0682,1
BYBIT,AVAXUSDT,60,1780747200000,6.679,6.8,6.644,6.781,625303.9,4201830.9043,1
BYBIT,AVAXUSDT,60,1780750800000,6.781,6.814,6.737,6.758,273809.6,1855783.1982,1
BYBIT,AVAXUSDT,60,1780754400000,6.758,6.824,6.736,6.749,304918.6,2067691.7993,1
BYBIT,AVAXUSDT,60,1780758000000,6.749,6.766,6.595,6.686,432821.8,2884745.8238,1
BYBIT,AVAXUSDT,60,1780761600000,6.686,6.709,6.622,6.692,305341.0,2038570.0769,1
BYBIT,AVAXUSDT,60,1780765200000,6.692,6.701,6.59,6.607,300381.9,1992140.5664,1
BYBIT,AVAXUSDT,60,1780768800000,6.607,6.661,6.593,6.635,190258.4,1260849.1539,1
BYBIT,AVAXUSDT,60,1780772400000,6.635,6.668,6.601,6.602,164912.9,1094194.2446,1
BYBIT,AVAXUSDT,60,1780776000000,6.602,6.626,6.561,6.618,414752.0,2732979.9675,1
BYBIT,AVAXUSDT,60,1780779600000,6.618,6.67,6.614,6.623,314745.5,2090380.074,1
BYBIT,AVAXUSDT,60,1780783200000,6.623,6.652,6.58,6.628,273752.3,1810414.9768,1
BYBIT,AVAXUSDT,60,1780786800000,6.628,6.686,6.625,6.66,119866.3,798223.5496,1
BYBIT,AVAXUSDT,60,1780790400000,6.66,6.699,6.647,6.657,144931.7,967300.3986,1
BYBIT,AVAXUSDT,60,1780794000000,6.657,6.838,6.647,6.779,735595.3,4973530.3455,1
BYBIT,AVAXUSDT,60,1780797600000,6.779,6.792,6.714,6.77,150852.8,1018259.6096,1
BYBIT,AVAXUSDT,60,1780801200000,6.77,6.797,6.718,6.751,91338.1,617321.9077,1
BYBIT,AVAXUSDT,60,1780804800000,6.751,6.78,6.683,6.773,156859.6,1058144.0158,1
BYBIT,AVAXUSDT,60,1780808400000,6.773,6.812,6.745,6.766,171691.5,1163580.5103,1
BYBIT,AVAXUSDT,60,1780812000000,6.766,6.829,6.722,6.786,228003.2,1548112.4052,1
BYBIT,AVAXUSDT,60,1780815600000,6.786,6.83,6.754,6.818,356611.1,2423297.2025,1
BYBIT,AVAXUSDT,60,1780819200000,6.818,6.882,6.771,6.867,388480.2,2655810.8083,1
BYBIT,AVAXUSDT,60,1780822800000,6.867,6.871,6.764,6.765,306536.3,2091778.3728,1
BYBIT,AVAXUSDT,60,1780826400000,6.765,6.775,6.69,6.709,332929.8,2239159.8951,1
BYBIT,AVAXUSDT,60,1780830000000,6.709,6.749,6.691,6.723,154145.1,1036190.4184,1
BYBIT,AVAXUSDT,60,1780833600000,6.723,6.728,6.587,6.646,463518.3,3072825.645,1
BYBIT,AVAXUSDT,60,1780837200000,6.646,6.67,6.621,6.655,87838.3,583637.1015,1
BYBIT,AVAXUSDT,60,1780840800000,6.655,6.772,6.64,6.719,361897.9,2431242.4318,1
BYBIT,AVAXUSDT,60,1780844400000,6.719,6.719,6.664,6.706,213221.0,1426180.5382,1
BYBIT,AVAXUSDT,60,1780848000000,6.706,6.72,6.663,6.694,147332.4,985859.9556,1
BYBIT,AVAXUSDT,60,1780851600000,6.694,6.739,6.657,6.683,214776.7,1438484.3208,1
BYBIT,AVAXUSDT,60,1780855200000,6.683,6.719,6.658,6.665,127276.9,851346.6128,1
BYBIT,AVAXUSDT,60,1780858800000,6.665,6.667,6.502,6.536,586425.6,3855059.2078,1
BYBIT,AVAXUSDT,60,1780862400000,6.536,6.616,6.514,6.604,193032.1,1269138.9303,1
BYBIT,AVAXUSDT,60,1780866000000,6.604,6.623,6.557,6.589,126524.3,833928.4028,1
BYBIT,AVAXUSDT,60,1780869600000,6.589,6.961,6.583,6.746,1551271.5,10580709.8983,1
BYBIT,AVAXUSDT,60,1780873200000,6.746,6.834,6.733,6.814,231648.5,1570834.9472,1
BYBIT,AVAXUSDT,60,1780876800000,6.814,6.86,6.76,6.819,326413.7,2222559.4314,1
BYBIT,AVAXUSDT,60,1780880400000,6.819,6.823,6.63,6.707,423693.7,2839513.1429,1
BYBIT,AVAXUSDT,60,1780884000000,6.707,6.724,6.662,6.694,268096.5,1794521.0233,1
BYBIT,AVAXUSDT,60,1780887600000,6.694,6.732,6.632,6.663,148377.1,989890.7102,1
BYBIT,AVAXUSDT,60,1780891200000,6.663,6.674,6.579,6.583,110171.4,728675.6169,1
BYBIT,AVAXUSDT,60,1780894800000,6.583,6.611,6.532,6.589,535579.5,3515384.6556,1
BYBIT,AVAXUSDT,60,1780898400000,6.589,6.662,6.587,6.643,434548.1,2875360.2576,1
BYBIT,AVAXUSDT,60,1780902000000,6.643,6.699,6.601,6.698,191598.6,1276442.0065,1
BYBIT,AVAXUSDT,60,1780905600000,6.698,6.7,6.623,6.657,141669.2,944775.4249,1
BYBIT,AVAXUSDT,60,1780909200000,6.657,6.711,6.616,6.705,262370.9,1748701.7943,1
BYBIT,AVAXUSDT,60,1780912800000,6.705,6.741,6.659,6.698,219511.8,1471029.3906,1
BYBIT,AVAXUSDT,60,1780916400000,6.698,6.82,6.683,6.779,410298.6,2778906.2159,1
BYBIT,AVAXUSDT,60,1780920000000,6.779,6.818,6.7,6.806,359282.9,2430617.8528,1
BYBIT,AVAXUSDT,60,1780923600000,6.806,6.824,6.695,6.727,277116.5,1869446.9785,1
BYBIT,AVAXUSDT,60,1780927200000,6.727,6.817,6.696,6.813,236751.5,1598342.0667,1
BYBIT,AVAXUSDT,60,1780930800000,6.813,6.876,6.791,6.805,260315.6,1778367.2859,1
BYBIT,AVAXUSDT,60,1780934400000,6.805,6.853,6.781,6.797,179701.2,1223916.5262,1
BYBIT,AVAXUSDT,60,1780938000000,6.797,6.829,6.763,6.826,139620.0,947794.5889,1
BYBIT,AVAXUSDT,60,1780941600000,6.826,6.86,6.786,6.817,117014.0,799143.9283,1
BYBIT,AVAXUSDT,60,1780945200000,6.817,6.842,6.798,6.817,122100.8,833085.5109,1
BYBIT,AVAXUSDT,60,1780948800000,6.817,6.82,6.746,6.793,177511.5,1201672.8084,1
BYBIT,AVAXUSDT,60,1780952400000,6.793,6.879,6.791,6.814,172474.3,1179777.1908,1
BYBIT,AVAXUSDT,60,1780956000000,6.814,6.814,6.767,6.797,171646.9,1165114.4054,1
BYBIT,AVAXUSDT,60,1780959600000,6.797,6.818,6.742,6.761,107857.2,730050.4443,1
BYBIT,AVAXUSDT,60,1780963200000,6.761,6.773,6.586,6.609,729525.4,4857388.116,1
BYBIT,AVAXUSDT,60,1780966800000,6.609,6.665,6.591,6.651,213261.9,1416554.6531,1
BYBIT,AVAXUSDT,60,1780970400000,6.651,6.672,6.594,6.656,93652.4,621376.1651,1
BYBIT,AVAXUSDT,60,1780974000000,6.656,6.678,6.616,6.664,114967.5,764430.3604,1
BYBIT,AVAXUSDT,60,1780977600000,6.664,6.774,6.64,6.739,256546.0,1721385.2058,1
BYBIT,AVAXUSDT,60,1780981200000,6.739,6.789,6.733,6.776,86243.9,583329.5872,1
BYBIT,AVAXUSDT,60,1780984800000,6.776,6.785,6.749,6.75,84378.3,570877.3572,1
BYBIT,AVAXUSDT,60,1780988400000,6.75,6.786,6.722,6.744,150045.1,1012638.613,1
BYBIT,AVAXUSDT,60,1780992000000,6.744,6.746,6.696,6.715,155403.2,1043868.8105,1
BYBIT,AVAXUSDT,60,1780995600000,6.715,6.725,6.656,6.672,174200.3,1163696.3133,1
BYBIT,AVAXUSDT,60,1780999200000,6.672,6.697,6.655,6.691,176775.3,1180079.986,1
BYBIT,AVAXUSDT,60,1781002800000,6.691,6.713,6.662,6.704,116107.5,776264.7665,1
BYBIT,AVAXUSDT,60,1781006400000,6.704,6.741,6.694,6.73,280967.1,1888461.599,1
BYBIT,AVAXUSDT,60,1781010000000,6.73,6.745,6.665,6.684,238708.6,1600734.8848,1
BYBIT,AVAXUSDT,60,1781013600000,6.684,6.701,6.52,6.604,683925.3,4501182.6125,1
BYBIT,AVAXUSDT,60,1781017200000,6.604,6.641,6.514,6.52,328396.0,2161368.9642,1
BYBIT,AVAXUSDT,60,1781020800000,6.52,6.55,6.437,6.516,703432.9,4576296.6817,1
BYBIT,AVAXUSDT,60,1781024400000,6.516,6.637,6.512,6.603,423335.9,2785896.0024,1
BYBIT,AVAXUSDT,60,1781028000000,6.603,6.671,6.584,6.646,327599.3,2177123.8366,1
BYBIT,AVAXUSDT,60,1781031600000,6.646,6.677,6.627,6.655,139427.7,927452.5829,1
BYBIT,AVAXUSDT,60,1781035200000,6.655,6.702,6.652,6.677,227635.9,1521784.9162,1
BYBIT,AVAXUSDT,60,1781038800000,6.677,6.691,6.598,6.62,249605.3,1658370.1549,1
BYBIT,AVAXUSDT,60,1781042400000,6.62,6.652,6.607,6.615,91916.0,609885.6243,1
BYBIT,AVAXUSDT,60,1781046000000,6.615,6.647,6.608,6.635,81572.8,540293.8139,1
BYBIT,AVAXUSDT,60,1781049600000,6.635,6.672,6.597,6.664,117138.5,778193.5505,1
BYBIT,AVAXUSDT,60,1781053200000,6.664,6.676,6.616,6.631,76288.0,507217.585,1
BYBIT,AVAXUSDT,60,1781056800000,6.631,6.648,6.551,6.564,149204.7,982722.4003,1
BYBIT,AVAXUSDT,60,1781060400000,6.564,6.608,6.552,6.577,109395.4,720652.4246,1
BYBIT,AVAXUSDT,60,1781064000000,6.577,6.589,6.525,6.542,58906.1,385727.3319,1
BYBIT,AVAXUSDT,60,1781067600000,6.542,6.559,6.483,6.509,188633.5,1227479.9992,1
BYBIT,AVAXUSDT,60,1781071200000,6.509,6.549,6.488,6.521,228195.9,1488440.4495,1
BYBIT,AVAXUSDT,60,1781074800000,6.521,6.58,6.518,6.558,91794.8,602184.2285,1
BYBIT,AVAXUSDT,60,1781078400000,6.558,6.559,6.428,6.466,429806.7,2784066.5719,1
BYBIT,AVAXUSDT,60,1781082000000,6.466,6.505,6.426,6.489,261572.6,1691882.3718,1
BYBIT,AVAXUSDT,60,1781085600000,6.489,6.499,6.434,6.493,123484.0,798726.1518,1
BYBIT,AVAXUSDT,60,1781089200000,6.493,6.503,6.415,6.456,487904.5,3149376.6961,1
BYBIT,AVAXUSDT,60,1781092800000,6.456,6.596,6.434,6.537,523341.8,3411093.0599,1
BYBIT,AVAXUSDT,60,1781096400000,6.537,6.66,6.523,6.594,395158.0,2603148.9768,1
BYBIT,AVAXUSDT,60,1781100000000,6.594,6.606,6.505,6.55,262719.3,1719227.1243,1
BYBIT,AVAXUSDT,60,1781103600000,6.55,6.613,6.495,6.574,461634.2,3024711.3667,1
BYBIT,AVAXUSDT,60,1781107200000,6.574,6.577,6.454,6.5,288790.3,1883992.4993,1
BYBIT,AVAXUSDT,60,1781110800000,6.5,6.53,6.426,6.484,312200.1,2019676.2451,1
BYBIT,AVAXUSDT,60,1781114400000,6.484,6.53,6.473,6.529,364215.8,2364097.8556,1
BYBIT,AVAXUSDT,60,1781118000000,6.529,6.531,6.437,6.456,397722.2,2575331.5039,1
BYBIT,AVAXUSDT,60,1781121600000,6.456,6.478,6.416,6.437,302487.3,1949648.155,1
BYBIT,AVAXUSDT,60,1781125200000,6.437,6.437,6.295,6.334,268551.5,1710280.4676,1
BYBIT,AVAXUSDT,60,1781128800000,6.334,6.389,6.308,6.327,272355.0,1727947.858,1
BYBIT,AVAXUSDT,60,1781132400000,6.327,6.403,6.301,6.376,235195.6,1492007.1642,1
BYBIT,AVAXUSDT,60,1781136000000,6.376,6.447,6.375,6.428,105772.6,679046.091,1
BYBIT,AVAXUSDT,60,1781139600000,6.428,6.515,6.428,6.495,166101.6,1075787.1974,1
BYBIT,AVAXUSDT,60,1781143200000,6.495,6.504,6.439,6.475,146668.3,949006.239,1
BYBIT,AVAXUSDT,60,1781146800000,6.475,6.673,6.452,6.594,578251.6,3799846.8014,1
BYBIT,AVAXUSDT,60,1781150400000,6.594,6.627,6.566,6.602,162222.3,1069025.6615,1
BYBIT,AVAXUSDT,60,1781154000000,6.602,6.602,6.559,6.562,120817.1,795579.2964,1
BYBIT,AVAXUSDT,60,1781157600000,6.562,6.606,6.544,6.573,163220.0,1073966.2764,1
BYBIT,AVAXUSDT,60,1781161200000,6.573,6.607,6.569,6.588,68529.1,451153.2789,1
BYBIT,AVAXUSDT,60,1781164800000,6.588,6.639,6.583,6.611,190941.2,1262739.5068,1
BYBIT,AVAXUSDT,60,1781168400000,6.611,6.611,6.537,6.574,297454.0,1952329.1173,1
BYBIT,AVAXUSDT,60,1781172000000,6.574,6.583,6.547,6.572,123390.0,810288.5541,1
BYBIT,AVAXUSDT,60,1781175600000,6.572,6.617,6.552,6.595,159733.0,1051038.2973,1
BYBIT,AVAXUSDT,60,1781179200000,6.595,6.595,6.496,6.553,397696.4,2600713.9345,1
BYBIT,AVAXUSDT,60,1781182800000,6.553,6.608,6.531,6.58,266431.4,1752900.2896,1
BYBIT,AVAXUSDT,60,1781186400000,6.58,6.593,6.514,6.538,220604.7,1444662.5162,1
BYBIT,AVAXUSDT,60,1781190000000,6.538,6.567,6.505,6.539,144144.1,941970.902,1
BYBIT,AVAXUSDT,60,1781193600000,6.539,6.556,6.504,6.511,172656.5,1126963.7181,1
BYBIT,AVAXUSDT,60,1781197200000,6.511,6.691,6.469,6.667,706713.6,4654369.614,1
BYBIT,AVAXUSDT,60,1781200800000,6.667,6.69,6.622,6.647,204845.1,1362594.8488,1
BYBIT,AVAXUSDT,60,1781204400000,6.647,6.703,6.628,6.664,200198.9,1334819.7901,1
BYBIT,AVAXUSDT,60,1781208000000,6.664,6.673,6.601,6.629,215891.4,1431055.7156,1
BYBIT,AVAXUSDT,60,1781211600000,6.629,6.669,6.628,6.646,70637.5,469762.0311,1
BYBIT,AVAXUSDT,60,1781215200000,6.646,6.673,6.628,6.642,37793.4,251331.3291,1
BYBIT,AVAXUSDT,60,1781218800000,6.642,6.667,6.619,6.643,96152.7,638413.2277,1
BYBIT,AVAXUSDT,60,1781222400000,6.643,6.662,6.63,6.634,81568.3,542177.5626,1
BYBIT,AVAXUSDT,60,1781226000000,6.634,6.637,6.589,6.624,163889.5,1083011.1602,1
BYBIT,AVAXUSDT,60,1781229600000,6.624,6.672,6.624,6.655,54734.8,363878.5491,1
BYBIT,AVAXUSDT,60,1781233200000,6.655,6.661,6.631,6.653,41807.6,277836.8901,1
BYBIT,AVAXUSDT,60,1781236800000,6.653,6.688,6.636,6.659,118947.7,792757.5806,1
BYBIT,AVAXUSDT,60,1781240400000,6.659,6.66,6.606,6.612,92633.3,613847.5591,1
BYBIT,AVAXUSDT,60,1781244000000,6.612,6.62,6.523,6.539,249024.5,1634125.5766,1
BYBIT,AVAXUSDT,60,1781247600000,6.539,6.578,6.539,6.565,76153.9,499425.0465,1
BYBIT,AVAXUSDT,60,1781251200000,6.565,6.632,6.562,6.618,120161.0,792827.3176,1
BYBIT,AVAXUSDT,60,1781254800000,6.618,6.663,6.608,6.641,82584.3,548213.9092,1
BYBIT,AVAXUSDT,60,1781258400000,6.641,6.659,6.609,6.632,84917.8,563227.9574,1
BYBIT,AVAXUSDT,60,1781262000000,6.632,6.655,6.625,6.633,55717.4,370091.6711,1
BYBIT,AVAXUSDT,60,1781265600000,6.633,6.647,6.601,6.612,77324.0,511907.2213,1
BYBIT,AVAXUSDT,60,1781269200000,6.612,6.617,6.516,6.536,333835.1,2189321.1491,1
BYBIT,AVAXUSDT,60,1781272800000,6.536,6.67,6.528,6.663,372672.8,2456896.9008,1
BYBIT,AVAXUSDT,60,1781276400000,6.663,6.695,6.539,6.546,328976.0,2181373.1838,1
BYBIT,AVAXUSDT,60,1781280000000,6.546,6.618,6.513,6.618,214478.2,1410336.0091,1
BYBIT,AVAXUSDT,60,1781283600000,6.618,6.647,6.585,6.591,130773.5,865378.0451,1
BYBIT,AVAXUSDT,60,1781287200000,6.591,6.612,6.554,6.58,230212.0,1514208.1099,1
BYBIT,AVAXUSDT,60,1781290800000,6.58,6.622,6.576,6.58,98595.9,650400.4843,1
BYBIT,AVAXUSDT,60,1781294400000,6.58,6.602,6.562,6.576,84824.0,557792.0896,1
BYBIT,AVAXUSDT,60,1781298000000,6.576,6.6,6.548,6.56,72581.4,477400.8537,1
BYBIT,AVAXUSDT,60,1781301600000,6.56,6.582,6.547,6.565,48047.3,315342.8405,1
BYBIT,AVAXUSDT,60,1781305200000,6.565,6.572,6.533,6.566,53267.4,348732.1827,1
BYBIT,AVAXUSDT,60,1781308800000,6.566,6.59,6.554,6.579,67592.7,444154.986,1
BYBIT,AVAXUSDT,60,1781312400000,6.579,6.632,6.576,6.615,90548.8,598485.065,1
BYBIT,AVAXUSDT,60,1781316000000,6.615,6.62,6.583,6.599,71602.0,472724.6275,1
BYBIT,AVAXUSDT,60,1781319600000,6.599,6.613,6.567,6.591,57463.6,378455.7158,1
BYBIT,AVAXUSDT,60,1781323200000,6.591,6.617,6.567,6.585,43960.8,289949.0853,1
BYBIT,AVAXUSDT,60,1781326800000,6.585,6.615,6.563,6.587,112541.5,741559.013,1
BYBIT,AVAXUSDT,60,1781330400000,6.587,6.641,6.566,6.63,124891.9,824760.7758,1
BYBIT,AVAXUSDT,60,1781334000000,6.63,6.683,6.612,6.662,360202.7,2397011.9154,1
BYBIT,AVAXUSDT,60,1781337600000,6.662,6.677,6.642,6.656,118387.0,788532.479,1
BYBIT,AVAXUSDT,60,1781341200000,6.656,6.668,6.644,6.648,37036.0,246497.3476,1
BYBIT,AVAXUSDT,60,1781344800000,6.648,6.659,6.626,6.64,127640.0,848207.8126,1
BYBIT,AVAXUSDT,60,1781348400000,6.64,6.674,6.638,6.67,57119.0,380223.3528,1
BYBIT,AVAXUSDT,60,1781352000000,6.67,6.696,6.657,6.675,95120.9,635150.944,1
BYBIT,AVAXUSDT,60,1781355600000,6.675,6.682,6.657,6.672,129578.5,864052.5098,1
BYBIT,AVAXUSDT,60,1781359200000,6.672,6.691,6.663,6.686,65807.2,439482.2265,1
BYBIT,AVAXUSDT,60,1781362800000,6.686,6.76,6.679,6.749,387480.4,2608633.9071,1
BYBIT,AVAXUSDT,60,1781366400000,6.749,6.767,6.674,6.713,241827.4,1623963.1042,1
BYBIT,AVAXUSDT,60,1781370000000,6.713,6.724,6.677,6.692,67900.7,454965.7128,1
BYBIT,AVAXUSDT,60,1781373600000,6.692,6.716,6.684,6.702,37883.5,253917.9521,1
BYBIT,AVAXUSDT,60,1781377200000,6.702,6.729,6.688,6.71,62866.4,421620.2167,1
BYBIT,AVAXUSDT,60,1781380800000,6.71,6.718,6.693,6.715,31143.0,208826.6055,1
BYBIT,AVAXUSDT,60,1781384400000,6.715,6.77,6.699,6.747,103777.2,698500.1045,1
BYBIT,AVAXUSDT,60,1781388000000,6.747,6.748,6.715,6.716,50673.7,341186.7589,1
BYBIT,AVAXUSDT,60,1781391600000,6.716,6.733,6.7,6.715,57019.0,383070.6619,1
BYBIT,AVAXUSDT,60,1781395200000,6.715,6.715,6.687,6.698,64249.0,430603.909,1
BYBIT,AVAXUSDT,60,1781398800000,6.698,6.729,6.684,6.703,51859.6,347944.8044,1
BYBIT,AVAXUSDT,60,1781402400000,6.703,6.728,6.696,6.707,65780.8,441702.5805,1
BYBIT,AVAXUSDT,60,1781406000000,6.707,6.723,6.696,6.716,64410.4,432023.8548,1
BYBIT,AVAXUSDT,60,1781409600000,6.716,6.719,6.657,6.67,98735.8,659459.149,1
BYBIT,AVAXUSDT,60,1781413200000,6.67,6.683,6.644,6.672,76465.6,509488.6042,1
BYBIT,AVAXUSDT,60,1781416800000,6.672,6.692,6.65,6.652,41920.8,279845.1148,1
BYBIT,AVAXUSDT,60,1781420400000,6.652,6.656,6.633,6.65,55019.3,365580.5338,1
BYBIT,AVAXUSDT,60,1781424000000,6.65,6.663,6.641,6.646,32574.3,216769.9463,1
BYBIT,AVAXUSDT,60,1781427600000,6.646,6.673,6.617,6.669,237490.7,1576880.3058,1
BYBIT,AVAXUSDT,60,1781431200000,6.669,6.678,6.639,6.642,50793.9,338388.9995,1
BYBIT,AVAXUSDT,60,1781434800000,6.642,6.655,6.63,6.64,42364.6,281365.5346,1
BYBIT,AVAXUSDT,60,1781438400000,6.64,6.648,6.596,6.603,99962.1,661596.9303,1
BYBIT,AVAXUSDT,60,1781442000000,6.603,6.612,6.547,6.575,342334.9,2249323.2697,1
BYBIT,AVAXUSDT,60,1781445600000,6.575,6.577,6.491,6.526,252186.6,1645608.0418,1
BYBIT,AVAXUSDT,60,1781449200000,6.526,6.537,6.512,6.525,85344.9,556899.9244,1
BYBIT,AVAXUSDT,60,1781452800000,6.525,6.546,6.508,6.52,159580.0,1041682.8862,1
BYBIT,AVAXUSDT,60,1781456400000,6.52,6.525,6.458,6.466,248089.4,1608840.1826,1
BYBIT,AVAXUSDT,60,1781460000000,6.466,6.47,6.37,6.397,482787.5,3098775.5436,1
BYBIT,AVAXUSDT,60,1781463600000,6.397,6.467,6.39,6.427,227639.7,1464955.4032,1
BYBIT,AVAXUSDT,60,1781467200000,6.427,6.481,6.409,6.456,261600.3,1684544.3197,1
BYBIT,AVAXUSDT,60,1781470800000,6.456,6.764,6.449,6.71,573748.3,3783725.6566,1
BYBIT,AVAXUSDT,60,1781474400000,6.71,6.763,6.686,6.72,336548.8,2262516.3886,1
BYBIT,AVAXUSDT,60,1781478000000,6.72,6.789,6.694,6.786,220796.8,1488982.6435,1
BYBIT,AVAXUSDT,60,1781481600000,6.786,6.801,6.725,6.749,277493.8,1877354.6126,1
BYBIT,AVAXUSDT,60,1781485200000,6.749,6.752,6.695,6.714,103386.0,694777.3411,1
BYBIT,AVAXUSDT,60,1781488800000,6.714,6.771,6.706,6.731,102541.9,692293.3716,1
BYBIT,AVAXUSDT,60,1781492400000,6.731,6.775,6.719,6.76,125989.4,851159.7562,1
BYBIT,AVAXUSDT,60,1781496000000,6.76,6.774,6.736,6.743,121607.8,821923.0442,1
BYBIT,AVAXUSDT,60,1781499600000,6.743,6.8,6.732,6.783,134115.6,908846.0532,1
BYBIT,AVAXUSDT,60,1781503200000,6.783,6.8,6.758,6.768,142626.8,967402.8193,1
BYBIT,AVAXUSDT,60,1781506800000,6.768,6.801,6.748,6.753,88131.7,596539.9537,1
BYBIT,AVAXUSDT,60,1781510400000,6.753,6.789,6.747,6.769,76744.4,519499.5396,1
BYBIT,AVAXUSDT,60,1781514000000,6.769,6.786,6.736,6.758,97327.2,657732.7581,1
BYBIT,AVAXUSDT,60,1781517600000,6.758,6.861,6.752,6.835,433664.1,2957598.9794,1
BYBIT,AVAXUSDT,60,1781521200000,6.835,6.948,6.808,6.903,410751.8,2830368.5194,1
BYBIT,AVAXUSDT,60,1781524800000,6.903,6.947,6.871,6.925,237395.7,1639780.4549,1
BYBIT,AVAXUSDT,60,1781528400000,6.925,7.007,6.915,6.97,485554.7,3383135.1758,1
BYBIT,AVAXUSDT,60,1781532000000,6.97,6.974,6.906,6.943,382120.7,2652845.2785,1
BYBIT,AVAXUSDT,60,1781535600000,6.943,7.029,6.907,7.029,707694.6,4928696.2376,1
BYBIT,AVAXUSDT,60,1781539200000,7.029,7.073,7.007,7.029,539312.2,3793750.9128,1
BYBIT,AVAXUSDT,60,1781542800000,7.029,7.046,6.974,7.014,339313.6,2374258.7811,1
BYBIT,AVAXUSDT,60,1781546400000,7.014,7.029,6.969,6.974,124701.4,873201.6698,1
BYBIT,AVAXUSDT,60,1781550000000,6.974,7.002,6.875,6.891,374752.2,2592781.6908,1
BYBIT,AVAXUSDT,60,1781553600000,6.891,6.92,6.865,6.881,246257.3,1699138.5741,1
BYBIT,AVAXUSDT,60,1781557200000,6.881,6.895,6.852,6.871,85697.3,589028.2281,1
BYBIT,AVAXUSDT,60,1781560800000,6.871,6.891,6.803,6.825,136280.9,931624.4748,1
BYBIT,AVAXUSDT,60,1781564400000,6.825,6.844,6.797,6.835,149716.8,1022257.2058,1
BYBIT,AVAXUSDT,60,1781568000000,6.835,6.869,6.821,6.829,75383.4,516093.6542,1
BYBIT,AVAXUSDT,60,1781571600000,6.829,6.868,6.825,6.83,46033.3,315384.5744,1
BYBIT,AVAXUSDT,60,1781575200000,6.83,6.836,6.74,6.767,213780.1,1448197.1853,1
BYBIT,AVAXUSDT,60,1781578800000,6.767,6.829,6.754,6.828,183815.8,1248979.5256,1
BYBIT,AVAXUSDT,60,1781582400000,6.828,6.837,6.755,6.763,124943.0,850526.209,1
BYBIT,AVAXUSDT,60,1781586000000,6.763,6.812,6.763,6.8,87665.3,595922.2871,1
BYBIT,AVAXUSDT,60,1781589600000,6.8,6.861,6.8,6.854,106575.0,727873.8078,1
BYBIT,AVAXUSDT,60,1781593200000,6.854,6.924,6.847,6.918,184920.4,1272531.228,1
BYBIT,AVAXUSDT,60,1781596800000,6.918,7.044,6.908,7.028,180028.0,1255420.776,1
BYBIT,AVAXUSDT,60,1781600400000,7.028,7.034,6.943,6.954,151596.0,1058377.8034,1
BYBIT,AVAXUSDT,60,1781604000000,6.954,6.984,6.937,6.949,151284.8,1052862.7856,1
BYBIT,AVAXUSDT,60,1781607600000,6.949,6.97,6.915,6.946,86474.4,600048.5069,1
BYBIT,AVAXUSDT,60,1781611200000,6.946,6.999,6.92,6.963,171946.7,1195851.5534,1
BYBIT,AVAXUSDT,60,1781614800000,6.963,6.971,6.831,6.831,258927.0,1780818.0897,1
BYBIT,AVAXUSDT,60,1781618400000,6.831,6.865,6.707,6.756,347800.6,2355693.8418,1
BYBIT,AVAXUSDT,60,1781622000000,6.756,6.813,6.745,6.785,133940.3,907756.7888,1
BYBIT,AVAXUSDT,60,1781625600000,6.785,6.8,6.761,6.776,77661.5,526649.6429,1
BYBIT,AVAXUSDT,60,1781629200000,6.776,6.852,6.776,6.847,106698.2,727251.1613,1
BYBIT,AVAXUSDT,60,1781632800000,6.847,6.906,6.842,6.872,222521.6,1528403.8648,1
BYBIT,AVAXUSDT,60,1781636400000,6.872,6.894,6.819,6.859,149203.0,1025006.0312,1
BYBIT,AVAXUSDT,60,1781640000000,6.859,6.946,6.842,6.928,155382.7,1072842.7779,1
BYBIT,AVAXUSDT,60,1781643600000,6.928,6.94,6.883,6.913,135803.1,939975.751,1
BYBIT,AVAXUSDT,60,1781647200000,6.913,6.921,6.876,6.903,59796.3,412672.9097,1
BYBIT,AVAXUSDT,60,1781650800000,6.903,6.91,6.866,6.875,35157.3,242068.6115,1
BYBIT,AVAXUSDT,60,1781654400000,6.875,6.919,6.875,6.893,102817.6,708980.0592,1
BYBIT,AVAXUSDT,60,1781658000000,6.893,6.967,6.867,6.961,117799.2,814638.4067,1
BYBIT,AVAXUSDT,60,1781661600000,6.961,7.017,6.941,6.98,124029.6,865241.6741,1
BYBIT,AVAXUSDT,60,1781665200000,6.98,6.98,6.927,6.95,45937.5,319299.9095,1
BYBIT,AVAXUSDT,60,1781668800000,6.95,6.982,6.934,6.949,35690.4,248294.8326,1
BYBIT,AVAXUSDT,60,1781672400000,6.949,6.971,6.898,6.935,101330.9,701690.4831,1
BYBIT,AVAXUSDT,60,1781676000000,6.935,6.964,6.879,6.9,175352.6,1212343.5811,1
BYBIT,AVAXUSDT,60,1781679600000,6.9,6.952,6.865,6.894,292990.6,2024192.8982,1
BYBIT,AVAXUSDT,60,1781683200000,6.894,6.899,6.788,6.806,339008.8,2315383.7231,1
BYBIT,AVAXUSDT,60,1781686800000,6.806,6.845,6.804,6.834,74206.8,506560.7223,1
BYBIT,AVAXUSDT,60,1781690400000,6.834,6.844,6.807,6.809,62830.4,428940.0138,1
BYBIT,AVAXUSDT,60,1781694000000,6.809,6.818,6.768,6.8,234548.5,1593775.3631,1
BYBIT,AVAXUSDT,60,1781697600000,6.8,6.848,6.763,6.845,191019.4,1300203.2849,1
BYBIT,AVAXUSDT,60,1781701200000,6.845,6.866,6.805,6.827,319899.5,2187027.1641,1
BYBIT,AVAXUSDT,60,1781704800000,6.827,6.869,6.784,6.833,345620.4,2361024.9208,1
BYBIT,AVAXUSDT,60,1781708400000,6.833,6.967,6.821,6.963,294593.7,2033095.3544,1
BYBIT,AVAXUSDT,60,1781712000000,6.963,7.015,6.905,6.906,319188.1,2219117.01,1
BYBIT,AVAXUSDT,60,1781715600000,6.906,6.965,6.88,6.961,229902.2,1589663.457,1
BYBIT,AVAXUSDT,60,1781719200000,6.961,6.961,6.767,6.892,1041458.2,7154389.202,1
BYBIT,AVAXUSDT,60,1781722800000,6.892,6.911,6.693,6.729,837243.1,5668889.8478,1
BYBIT,AVAXUSDT,60,1781726400000,6.729,6.787,6.709,6.784,217313.4,1466741.9366,1
BYBIT,AVAXUSDT,60,1781730000000,6.784,6.789,6.715,6.736,103133.0,696791.4384,1
BYBIT,AVAXUSDT,60,1781733600000,6.736,6.761,6.642,6.731,301908.6,2020202.4675,1
BYBIT,AVAXUSDT,60,1781737200000,6.731,6.772,6.731,6.76,90399.1,610512.6433,1
BYBIT,AVAXUSDT,60,1781740800000,6.76,6.79,6.75,6.755,92721.9,627807.6675,1
BYBIT,AVAXUSDT,60,1781744400000,6.755,6.798,6.755,6.767,62568.9,424133.5452,1
BYBIT,AVAXUSDT,60,1781748000000,6.767,6.792,6.746,6.782,64226.8,434958.5205,1
BYBIT,AVAXUSDT,60,1781751600000,6.782,6.783,6.698,6.706,132952.4,893570.1776,1
BYBIT,AVAXUSDT,60,1781755200000,6.706,6.707,6.617,6.632,316653.7,2106648.9261,1
BYBIT,AVAXUSDT,60,1781758800000,6.632,6.633,6.568,6.615,305812.2,2017582.1377,1
BYBIT,AVAXUSDT,60,1781762400000,6.615,6.644,6.591,6.64,165545.5,1096006.9846,1
BYBIT,AVAXUSDT,60,1781766000000,6.64,6.682,6.616,6.671,111399.7,741495.8131,1
BYBIT,AVAXUSDT,60,1781769600000,6.671,6.692,6.648,6.666,181904.5,1213747.0956,1
BYBIT,AVAXUSDT,60,1781773200000,6.666,6.678,6.637,6.668,106078.6,706395.1084,1
BYBIT,AVAXUSDT,60,1781776800000,6.668,6.67,6.619,6.646,166435.9,1105204.7437,1
BYBIT,AVAXUSDT,60,1781780400000,6.646,6.659,6.602,6.616,142428.7,942485.4374,1
BYBIT,AVAXUSDT,60,1781784000000,6.616,6.664,6.606,6.66,141916.8,943369.3251,1
BYBIT,AVAXUSDT,60,1781787600000,6.66,6.675,6.554,6.613,383488.7,2537673.7752,1
BYBIT,AVAXUSDT,60,1781791200000,6.613,6.669,6.562,6.589,412937.6,2730915.7365,1
BYBIT,AVAXUSDT,60,1781794800000,6.589,6.59,6.207,6.239,2591513.3,16508066.5061,1
BYBIT,AVAXUSDT,60,1781798400000,6.239,6.332,6.222,6.328,504667.4,3171747.1647,1
BYBIT,AVAXUSDT,60,1781802000000,6.328,6.333,6.249,6.284,347678.9,2185016.6175,1
BYBIT,AVAXUSDT,60,1781805600000,6.284,6.314,6.259,6.301,199309.3,1253261.1052,1
BYBIT,AVAXUSDT,60,1781809200000,6.301,6.363,6.292,6.35,209364.1,1325713.0588,1
BYBIT,AVAXUSDT,60,1781812800000,6.35,6.382,6.321,6.347,229927.5,1461281.8929,1
BYBIT,AVAXUSDT,60,1781816400000,6.347,6.35,6.274,6.289,148926.4,939280.67,1
BYBIT,AVAXUSDT,60,1781820000000,6.289,6.308,6.276,6.302,81550.7,513151.8488,1
BYBIT,AVAXUSDT,60,1781823600000,6.302,6.318,6.27,6.313,110422.5,695164.2644,1
BYBIT,AVAXUSDT,60,1781827200000,6.313,6.32,6.285,6.304,145868.7,919123.657,1
BYBIT,AVAXUSDT,60,1781830800000,6.304,6.316,6.266,6.3,135082.6,850429.5207,1
BYBIT,AVAXUSDT,60,1781834400000,6.3,6.32,6.242,6.27,293249.1,1838817.8447,1
BYBIT,AVAXUSDT,60,1781838000000,6.27,6.285,6.105,6.144,1346612.7,8299055.4608,1
BYBIT,AVAXUSDT,60,1781841600000,6.144,6.144,6.022,6.036,776265.0,4717823.2714,1
BYBIT,AVAXUSDT,60,1781845200000,6.036,6.088,6.036,6.065,318090.2,1928357.2401,1
BYBIT,AVAXUSDT,60,1781848800000,6.065,6.079,6.002,6.043,369077.0,2227647.5469,1
BYBIT,AVAXUSDT,60,1781852400000,6.043,6.043,5.963,5.986,867059.4,5198026.6804,1
BYBIT,AVAXUSDT,60,1781856000000,5.986,6.053,5.983,6.052,317974.6,1913224.5855,1
BYBIT,AVAXUSDT,60,1781859600000,6.052,6.097,6.026,6.057,426458.2,2588754.6851,1
BYBIT,AVAXUSDT,60,1781863200000,6.057,6.067,6.001,6.037,287517.5,1734691.1067,1
BYBIT,AVAXUSDT,60,1781866800000,6.037,6.069,6.006,6.042,242873.0,1466698.6906,1
BYBIT,AVAXUSDT,60,1781870400000,6.042,6.12,6.031,6.106,330216.9,2004947.9259,1
BYBIT,AVAXUSDT,60,1781874000000,6.106,6.189,6.081,6.162,433102.8,2660549.1915,1
BYBIT,AVAXUSDT,60,1781877600000,6.162,6.174,6.106,6.114,300600.5,1845854.4339,1
BYBIT,AVAXUSDT,60,1781881200000,6.114,6.148,6.104,6.117,278090.3,1702963.5188,1
BYBIT,AVAXUSDT,60,1781884800000,6.117,6.153,6.066,6.067,383358.4,2346255.4176,1
BYBIT,AVAXUSDT,60,1781888400000,6.067,6.131,5.978,5.987,633328.0,3837907.5469,1
BYBIT,AVAXUSDT,60,1781892000000,5.987,6.047,5.731,5.915,2811499.3,16527254.2483,1
BYBIT,AVAXUSDT,60,1781895600000,5.915,5.916,5.678,5.874,2158880.8,12457656.9893,1
BYBIT,AVAXUSDT,60,1781899200000,5.874,5.933,5.797,5.927,638598.2,3745552.833,1
BYBIT,AVAXUSDT,60,1781902800000,5.927,5.943,5.869,5.937,342005.0,2019348.844,1
BYBIT,AVAXUSDT,60,1781906400000,5.937,5.969,5.923,5.927,329977.0,1962637.6348,1
BYBIT,AVAXUSDT,60,1781910000000,5.927,5.933,5.867,5.892,308162.3,1818917.8388,1
BYBIT,AVAXUSDT,60,1781913600000,5.892,5.962,5.876,5.897,285222.2,1689128.4372,1
BYBIT,AVAXUSDT,60,1781917200000,5.897,5.969,5.893,5.936,195561.6,1160930.5499,1
BYBIT,AVAXUSDT,60,1781920800000,5.936,5.952,5.906,5.936,152909.0,907233.7862,1
BYBIT,AVAXUSDT,60,1781924400000,5.936,5.964,5.901,5.945,214330.0,1271512.186,1
BYBIT,AVAXUSDT,60,1781928000000,5.945,5.988,5.928,5.975,148690.0,885757.9364,1
BYBIT,AVAXUSDT,60,1781931600000,5.975,6.045,5.975,6.023,304635.2,1830879.6867,1
BYBIT,AVAXUSDT,60,1781935200000,6.023,6.043,5.821,5.937,1059533.2,6271513.0261,1
BYBIT,AVAXUSDT,60,1781938800000,5.937,6.267,5.868,6.148,2640148.7,16064557.1702,1
BYBIT,AVAXUSDT,60,1781942400000,6.148,6.176,6.097,6.162,668925.2,4105472.3879,1
BYBIT,AVAXUSDT,60,1781946000000,6.162,6.213,6.162,6.186,369251.1,2283343.3236,1
BYBIT,AVAXUSDT,60,1781949600000,6.186,6.216,6.163,6.212,297591.6,1841787.2059,1
BYBIT,AVAXUSDT,60,1781953200000,6.212,6.219,6.138,6.16,236182.8,1456385.2232,1
BYBIT,AVAXUSDT,60,1781956800000,6.16,6.188,6.139,6.166,171672.7,1058549.0778,1
BYBIT,AVAXUSDT,60,1781960400000,6.166,6.172,6.027,6.121,678553.9,4130353.1413,1
BYBIT,AVAXUSDT,60,1781964000000,6.121,6.159,6.05,6.105,372559.8,2270704.2496,1
BYBIT,AVAXUSDT,60,1781967600000,6.105,6.159,6.089,6.148,213202.5,1306323.0701,1
BYBIT,AVAXUSDT,60,1781971200000,6.148,6.151,6.096,6.139,123636.8,757651.2103,1
BYBIT,AVAXUSDT,60,1781974800000,6.139,6.143,6.067,6.107,222599.0,1357089.9282,1
BYBIT,AVAXUSDT,60,1781978400000,6.107,6.123,6.081,6.087,191654.6,1169981.2491,1
BYBIT,AVAXUSDT,60,1781982000000,6.087,6.116,6.067,6.114,159636.0,972214.3747,1
BYBIT,AVAXUSDT,60,1781985600000,6.114,6.153,6.103,6.138,195299.3,1197404.5273,1
BYBIT,AVAXUSDT,60,1781989200000,6.138,6.203,6.133,6.179,258209.8,1593087.5915,1
BYBIT,AVAXUSDT,60,1781992800000,6.179,6.256,6.164,6.239,266997.3,1660186.1364,1
BYBIT,AVAXUSDT,60,1781996400000,6.239,6.259,6.224,6.235,108264.1,675580.8351,1
BYBIT,AVAXUSDT,60,1782000000000,6.235,6.287,6.23,6.262,259531.4,1623898.8781,1
BYBIT,AVAXUSDT,60,1782003600000,6.262,6.269,6.224,6.245,167259.6,1045651.1492,1
BYBIT,AVAXUSDT,60,1782007200000,6.245,6.245,6.213,6.233,123314.2,768036.172,1
BYBIT,AVAXUSDT,60,1782010800000,6.233,6.27,6.222,6.258,158677.5,990425.3398,1
BYBIT,AVAXUSDT,60,1782014400000,6.258,6.283,6.226,6.233,129755.1,811775.0338,1
BYBIT,AVAXUSDT,60,1782018000000,6.233,6.257,6.201,6.215,184809.4,1150395.0304,1
BYBIT,AVAXUSDT,60,1782021600000,6.215,6.247,6.205,6.238,357748.9,2226330.1305,1
BYBIT,AVAXUSDT,60,1782025200000,6.238,6.342,6.215,6.284,334238.1,2101932.3779,1
BYBIT,AVAXUSDT,60,1782028800000,6.284,6.315,6.229,6.283,361320.0,2268245.9971,1
BYBIT,AVAXUSDT,60,1782032400000,6.283,6.339,6.256,6.31,323385.2,2036772.531,1
BYBIT,AVAXUSDT,60,1782036000000,6.31,6.321,6.278,6.298,233907.7,1473348.3414,1
BYBIT,AVAXUSDT,60,1782039600000,6.298,6.307,6.252,6.262,384214.5,2411577.4636,1
BYBIT,AVAXUSDT,60,1782043200000,6.262,6.285,6.235,6.279,216431.0,1354562.1836,1
BYBIT,AVAXUSDT,60,1782046800000,6.279,6.303,6.264,6.293,99118.5,622497.6661,1
BYBIT,AVAXUSDT,60,1782050400000,6.293,6.367,6.26,6.32,352331.5,2225524.44,1
BYBIT,AVAXUSDT,60,1782054000000,6.32,6.342,6.305,6.326,121633.2,769098.0336,1
BYBIT,AVAXUSDT,60,1782057600000,6.326,6.331,6.235,6.268,218949.8,1373765.1217,1
BYBIT,AVAXUSDT,60,1782061200000,6.268,6.292,6.229,6.243,149138.0,934363.8658,1
BYBIT,AVAXUSDT,60,1782064800000,6.243,6.27,6.223,6.261,183120.3,1143243.8335,1
BYBIT,AVAXUSDT,60,1782068400000,6.261,6.274,6.25,6.259,57069.6,357313.2804,1
BYBIT,AVAXUSDT,60,1782072000000,6.259,6.266,6.18,6.195,255329.1,1585919.8827,1
BYBIT,AVAXUSDT,60,1782075600000,6.195,6.204,6.123,6.169,343870.3,2116358.9503,1
BYBIT,AVAXUSDT,60,1782079200000,6.169,6.196,6.113,6.139,228380.2,1404069.154,1
BYBIT,AVAXUSDT,60,1782082800000,6.139,6.14,6.088,6.108,328415.6,2007432.8925,1
BYBIT,AVAXUSDT,60,1782086400000,6.108,6.208,6.108,6.197,204613.2,1260613.6279,1
BYBIT,AVAXUSDT,60,1782090000000,6.197,6.334,6.187,6.263,596406.7,3738248.3706,1
BYBIT,AVAXUSDT,60,1782093600000,6.263,6.268,6.222,6.227,134436.1,839094.0734,1
BYBIT,AVAXUSDT,60,1782097200000,6.227,6.29,6.195,6.224,218606.2,1363860.438,1
BYBIT,AVAXUSDT,60,1782100800000,6.224,6.282,6.212,6.271,122552.1,765563.1195,1
BYBIT,AVAXUSDT,60,1782104400000,6.271,6.316,6.264,6.297,137884.8,867776.8861,1
BYBIT,AVAXUSDT,60,1782108000000,6.297,6.302,6.191,6.247,545462.1,3405491.236,1
BYBIT,AVAXUSDT,60,1782111600000,6.247,6.304,6.243,6.282,188312.6,1183042.2759,1
BYBIT,AVAXUSDT,60,1782115200000,6.282,6.284,6.216,6.26,253900.2,1587704.3202,1
BYBIT,AVAXUSDT,60,1782118800000,6.26,6.27,6.233,6.236,153179.6,958194.4534,1
BYBIT,AVAXUSDT,60,1782122400000,6.236,6.281,6.235,6.264,100974.7,631969.7324,1
BYBIT,AVAXUSDT,60,1782126000000,6.264,6.378,6.255,6.361,347241.8,2198061.1617,1
BYBIT,AVAXUSDT,60,1782129600000,6.361,6.424,6.345,6.401,380989.8,2428652.9305,1
BYBIT,AVAXUSDT,60,1782133200000,6.401,6.465,6.359,6.459,460774.6,2954479.9877,1
BYBIT,AVAXUSDT,60,1782136800000,6.459,6.463,6.301,6.327,391571.5,2488702.6047,1
BYBIT,AVAXUSDT,60,1782140400000,6.327,6.346,6.278,6.303,252840.9,1597633.5208,1
BYBIT,AVAXUSDT,60,1782144000000,6.303,6.328,6.277,6.307,321152.5,2023263.9508,1
BYBIT,AVAXUSDT,60,1782147600000,6.307,6.323,6.261,6.315,181064.6,1138861.3545,1
BYBIT,AVAXUSDT,60,1782151200000,6.315,6.33,6.255,6.265,134687.5,848309.8537,1
BYBIT,AVAXUSDT,60,1782154800000,6.265,6.275,6.231,6.267,154814.7,968110.4626,1
BYBIT,AVAXUSDT,60,1782158400000,6.267,6.295,6.261,6.274,83701.1,525596.7572,1
BYBIT,AVAXUSDT,60,1782162000000,6.274,6.278,6.212,6.245,110561.5,690336.3613,1
BYBIT,AVAXUSDT,60,1782165600000,6.245,6.265,6.16,6.205,294920.2,1826178.768,1
BYBIT,AVAXUSDT,60,1782169200000,6.205,6.237,6.187,6.236,107223.9,666070.7683,1
BYBIT,AVAXUSDT,60,1782172800000,6.236,6.269,6.207,6.268,172282.7,1074789.8272,1
BYBIT,AVAXUSDT,60,1782176400000,6.268,6.293,6.218,6.264,126228.3,789371.353,1
BYBIT,AVAXUSDT,60,1782180000000,6.264,6.31,6.24,6.297,131901.3,828244.4291,1
BYBIT,AVAXUSDT,60,1782183600000,6.297,6.309,6.271,6.309,142275.6,894427.8714,1
BYBIT,AVAXUSDT,60,1782187200000,6.309,6.332,6.258,6.269,201068.9,1266244.3669,1
BYBIT,AVAXUSDT,60,1782190800000,6.269,6.29,6.204,6.233,190530.4,1189226.3647,1
BYBIT,AVAXUSDT,60,1782194400000,6.233,6.243,6.063,6.163,1016944.4,6235169.8645,1
BYBIT,AVAXUSDT,60,1782198000000,6.163,6.212,6.146,6.152,278935.1,1721539.4101,1
BYBIT,AVAXUSDT,60,1782201600000,6.152,6.162,6.008,6.12,656387.3,3989129.6701,1
BYBIT,AVAXUSDT,60,1782205200000,6.12,6.208,6.12,6.206,318145.6,1964614.2247,1
BYBIT,AVAXUSDT,60,1782208800000,6.206,6.246,6.165,6.196,318704.8,1977389.85,1
BYBIT,AVAXUSDT,60,1782212400000,6.196,6.255,6.195,6.253,252213.3,1571133.7887,1
BYBIT,AVAXUSDT,60,1782216000000,6.253,6.3,6.228,6.241,460453.7,2887018.8351,1
BYBIT,AVAXUSDT,60,1782219600000,6.241,6.302,6.212,6.281,383501.2,2398121.3331,1
BYBIT,AVAXUSDT,60,1782223200000,6.281,6.451,6.27,6.322,648796.2,4115881.8871,1
BYBIT,AVAXUSDT,60,1782226800000,6.322,6.383,6.287,6.367,358992.3,2272090.0659,1
BYBIT,AVAXUSDT,60,1782230400000,6.367,6.403,6.323,6.33,472088.4,3005300.6539,1
BYBIT,AVAXUSDT,60,1782234000000,6.33,6.346,6.269,6.278,261184.2,1646703.0898,1
BYBIT,AVAXUSDT,60,1782237600000,6.278,6.309,6.266,6.297,220582.4,1386641.4922,1
BYBIT,AVAXUSDT,60,1782241200000,6.297,6.351,6.29,6.335,409226.9,2588444.1532,1
BYBIT,AVAXUSDT,60,1782244800000,6.335,6.448,6.335,6.412,594500.6,3817901.9764,1
BYBIT,AVAXUSDT,60,1782248400000,6.412,6.457,6.405,6.427,229764.4,1478748.6773,1
BYBIT,AVAXUSDT,60,1782252000000,6.427,6.522,6.418,6.468,481537.1,3118234.5842,1
BYBIT,AVAXUSDT,60,1782255600000,6.468,6.509,6.437,6.48,208351.0,1349208.5219,1
BYBIT,AVAXUSDT,60,1782259200000,6.48,6.539,6.478,6.509,336286.7,2191804.928,1
BYBIT,AVAXUSDT,60,1782262800000,6.509,6.536,6.45,6.45,290172.0,1884660.7665,1
BYBIT,AVAXUSDT,60,1782266400000,6.45,6.461,6.407,6.433,255303.3,1642991.7925,1
BYBIT,AVAXUSDT,60,1782270000000,6.433,6.448,6.401,6.414,95586.8,613776.0688,1
BYBIT,AVAXUSDT,60,1782273600000,6.414,6.437,6.361,6.421,211231.1,1350113.1293,1
BYBIT,AVAXUSDT,60,1782277200000,6.421,6.453,6.421,6.431,113958.3,733450.1141,1
BYBIT,AVAXUSDT,60,1782280800000,6.431,6.451,6.405,6.415,115108.5,739990.0733,1
BYBIT,AVAXUSDT,60,1782284400000,6.415,6.421,6.348,6.388,258980.6,1654223.3914,1
BYBIT,AVAXUSDT,60,1782288000000,6.388,6.411,6.374,6.403,135597.3,866182.9021,1
BYBIT,AVAXUSDT,60,1782291600000,6.403,6.413,6.383,6.406,66194.5,423543.6993,1
BYBIT,AVAXUSDT,60,1782295200000,6.406,6.428,6.383,6.399,139775.5,895167.9259,1
BYBIT,AVAXUSDT,60,1782298800000,6.399,6.492,6.366,6.442,217030.5,1393618.6811,1
BYBIT,AVAXUSDT,60,1782302400000,6.442,6.444,6.406,6.421,116975.5,751714.2171,1
BYBIT,AVAXUSDT,60,1782306000000,6.421,6.425,6.278,6.301,826965.3,5241689.3838,1
BYBIT,AVAXUSDT,60,1782309600000,6.301,6.353,6.284,6.325,428814.0,2710062.7925,1
BYBIT,AVAXUSDT,60,1782313200000,6.325,6.328,6.201,6.229,423836.2,2651259.4432,1
BYBIT,AVAXUSDT,60,1782316800000,6.229,6.302,6.099,6.141,769471.7,4760117.9098,1
BYBIT,AVAXUSDT,60,1782320400000,6.141,6.169,5.993,6.019,636789.9,3859095.6094,1
BYBIT,AVAXUSDT,60,1782324000000,6.019,6.154,6.0,6.093,362247.6,2204161.6619,1
BYBIT,AVAXUSDT,60,1782327600000,6.093,6.143,6.069,6.139,352225.6,2151360.4386,1
BYBIT,AVAXUSDT,60,1782331200000,6.139,6.362,6.116,6.335,602346.9,3762738.095,1
BYBIT,AVAXUSDT,60,1782334800000,6.335,6.384,6.3,6.376,192989.5,1222922.2052,1
BYBIT,AVAXUSDT,60,1782338400000,6.376,6.488,6.376,6.419,571819.9,3682181.8975,1
BYBIT,AVAXUSDT,60,1782342000000,6.419,6.467,6.399,6.44,186365.8,1199414.7617,1
BYBIT,AVAXUSDT,60,1782345600000,6.44,6.479,6.387,6.399,285915.7,1839067.5777,1
BYBIT,AVAXUSDT,60,1782349200000,6.399,6.428,6.391,6.42,98844.8,633183.1877,1
BYBIT,AVAXUSDT,60,1782352800000,6.42,6.452,6.385,6.407,209253.2,1342783.1688,1
BYBIT,AVAXUSDT,60,1782356400000,6.407,6.43,6.387,6.407,131698.9,843886.6084,1
BYBIT,AVAXUSDT,60,1782360000000,6.407,6.498,6.382,6.479,141835.0,912218.0727,1
BYBIT,AVAXUSDT,60,1782363600000,6.479,6.633,6.477,6.543,645558.0,4242880.3327,1
BYBIT,AVAXUSDT,60,1782367200000,6.543,6.618,6.543,6.572,221073.7,1455172.876,1
BYBIT,AVAXUSDT,60,1782370800000,6.572,6.583,6.511,6.527,220638.3,1442521.0435,1
BYBIT,AVAXUSDT,60,1782374400000,6.527,6.529,6.483,6.505,135426.5,880669.7041,1
BYBIT,AVAXUSDT,60,1782378000000,6.505,6.512,6.484,6.498,85119.5,553346.7374,1
BYBIT,AVAXUSDT,60,1782381600000,6.498,6.504,6.418,6.427,234406.2,1510727.1218,1
BYBIT,AVAXUSDT,60,1782385200000,6.427,6.439,6.378,6.398,181705.4,1165026.4291,1
BYBIT,AVAXUSDT,60,1782388800000,6.398,6.444,6.334,6.373,284773.6,1820018.2914,1
BYBIT,AVAXUSDT,60,1782392400000,6.373,6.387,5.949,5.975,1138566.5,6985876.4389,1
BYBIT,AVAXUSDT,60,1782396000000,5.975,6.227,5.975,6.118,1050686.4,6418852.6985,1
BYBIT,AVAXUSDT,60,1782399600000,6.118,6.129,6.031,6.113,368289.4,2242754.2192,1
BYBIT,AVAXUSDT,60,1782403200000,6.113,6.167,6.067,6.102,206161.4,1261369.2579,1
BYBIT,AVAXUSDT,60,1782406800000,6.102,6.256,6.102,6.253,465268.1,2884751.9799,1
BYBIT,AVAXUSDT,60,1782410400000,6.253,6.256,6.111,6.134,248689.9,1537817.0486,1
BYBIT,AVAXUSDT,60,1782414000000,6.134,6.135,6.043,6.103,259164.3,1576973.2865,1
BYBIT,AVAXUSDT,60,1782417600000,6.103,6.176,6.103,6.136,205475.1,1261849.5706,1
BYBIT,AVAXUSDT,60,1782421200000,6.136,6.249,6.133,6.248,147217.8,911697.8445,1
BYBIT,AVAXUSDT,60,1782424800000,6.248,6.255,6.189,6.199,156427.8,971736.0831,1
BYBIT,AVAXUSDT,60,1782428400000,6.199,6.265,6.196,6.23,121847.0,759697.3224,1
BYBIT,AVAXUSDT,60,1782432000000,6.23,6.243,6.2,6.207,76566.0,476665.4449,1
BYBIT,AVAXUSDT,60,1782435600000,6.207,6.225,6.116,6.124,108173.9,665876.1454,1
BYBIT,AVAXUSDT,60,1782439200000,6.124,6.129,5.979,5.993,398443.2,2399445.9682,1
BYBIT,AVAXUSDT,60,1782442800000,5.993,6.154,5.959,6.139,380457.3,2300981.9268,1
BYBIT,AVAXUSDT,60,1782446400000,6.139,6.154,6.076,6.082,96987.2,593587.6711,1
BYBIT,AVAXUSDT,60,1782450000000,6.082,6.127,6.072,6.104,90325.8,550681.133,1
BYBIT,AVAXUSDT,60,1782453600000,6.104,6.251,6.069,6.243,363474.6,2231317.3077,1
BYBIT,AVAXUSDT,60,1782457200000,6.243,6.331,6.239,6.306,644582.6,4060153.7687,1
BYBIT,AVAXUSDT,60,1782460800000,6.306,6.318,6.21,6.221,272257.6,1703702.0958,1
BYBIT,AVAXUSDT,60,1782464400000,6.221,6.254,6.146,6.154,278371.6,1727323.4943,1
BYBIT,AVAXUSDT,60,1782468000000,6.154,6.175,6.135,6.145,113881.9,700446.1552,1
BYBIT,AVAXUSDT,60,1782471600000,6.145,6.169,6.099,6.131,139403.6,855151.6944,1
BYBIT,AVAXUSDT,60,1782475200000,6.131,6.186,6.067,6.095,327223.9,2001713.9845,1
BYBIT,AVAXUSDT,60,1782478800000,6.095,6.256,6.039,6.25,581349.2,3559920.3422,1
BYBIT,AVAXUSDT,60,1782482400000,6.25,6.282,6.199,6.223,499286.4,3116937.6604,1
BYBIT,AVAXUSDT,60,1782486000000,6.223,6.373,6.207,6.371,531857.0,3359020.5081,1
BYBIT,AVAXUSDT,60,1782489600000,6.371,6.456,6.337,6.379,829767.2,5313745.3596,1
BYBIT,AVAXUSDT,60,1782493200000,6.379,6.522,6.372,6.464,694316.1,4490149.2245,1
BYBIT,AVAXUSDT,60,1782496800000,6.464,6.501,6.386,6.398,222401.6,1435177.7759,1
BYBIT,AVAXUSDT,60,1782500400000,6.398,6.445,6.368,6.376,395859.3,2538459.9319,1
BYBIT,AVAXUSDT,60,1782504000000,6.376,6.446,6.341,6.355,380553.2,2431660.7999,1
BYBIT,AVAXUSDT,60,1782507600000,6.355,6.385,6.332,6.344,125616.6,798032.8441,1
BYBIT,AVAXUSDT,60,1782511200000,6.344,6.547,6.315,6.529,556679.6,3588627.3295,1
BYBIT,AVAXUSDT,60,1782514800000,6.529,6.628,6.523,6.627,474351.2,3118115.6237,1
BYBIT,AVAXUSDT,60,1782518400000,6.627,6.664,6.516,6.585,592296.0,3904452.2747,1
BYBIT,AVAXUSDT,60,1782522000000,6.585,6.586,6.522,6.534,117703.0,770541.3135,1
BYBIT,AVAXUSDT,60,1782525600000,6.534,6.671,6.493,6.651,655028.2,4293331.5706,1
BYBIT,AVAXUSDT,60,1782529200000,6.651,6.651,6.538,6.544,273215.8,1808243.9958,1
BYBIT,AVAXUSDT,60,1782532800000,6.544,6.591,6.537,6.549,218810.8,1435756.4267,1
BYBIT,AVAXUSDT,60,1782536400000,6.549,6.571,6.516,6.563,110706.0,724766.6835,1
BYBIT,AVAXUSDT,60,1782540000000,6.563,6.631,6.535,6.588,166468.0,1095729.6501,1
BYBIT,AVAXUSDT,60,1782543600000,6.588,6.595,6.552,6.557,130531.5,856903.3727,1
BYBIT,AVAXUSDT,60,1782547200000,6.557,6.578,6.538,6.559,70446.7,462158.5089,1
BYBIT,AVAXUSDT,60,1782550800000,6.559,6.568,6.508,6.528,131964.6,861445.5527,1
BYBIT,AVAXUSDT,60,1782554400000,6.528,6.537,6.497,6.52,102506.9,668346.9161,1
BYBIT,AVAXUSDT,60,1782558000000,6.52,6.578,6.444,6.576,528696.3,3441823.1528,1
BYBIT,AVAXUSDT,60,1782561600000,6.576,6.576,6.517,6.536,185536.0,1213112.4555,1
BYBIT,AVAXUSDT,60,1782565200000,6.536,6.585,6.53,6.576,132495.4,869158.5681,1
BYBIT,AVAXUSDT,60,1782568800000,6.576,6.642,6.562,6.61,145455.8,961325.6655,1
BYBIT,AVAXUSDT,60,1782572400000,6.61,6.672,6.603,6.632,216739.7,1438595.6645,1
BYBIT,AVAXUSDT,60,1782576000000,6.632,6.648,6.608,6.618,242498.9,1605919.4502,1
BYBIT,AVAXUSDT,60,1782579600000,6.618,6.619,6.527,6.53,147493.8,966146.8482,1
BYBIT,AVAXUSDT,60,1782583200000,6.53,6.531,6.494,6.502,74811.0,487346.6232,1
BYBIT,AVAXUSDT,60,1782586800000,6.502,6.513,6.398,6.425,193813.3,1248679.2344,1
BYBIT,AVAXUSDT,60,1782590400000,6.425,6.449,6.423,6.427,63700.5,410004.3108,1
BYBIT,AVAXUSDT,60,1782594000000,6.427,6.454,6.37,6.394,149579.0,960295.1268,1
BYBIT,AVAXUSDT,60,1782597600000,6.394,6.43,6.331,6.426,151019.8,963927.9485,1
BYBIT,AVAXUSDT,60,1782601200000,6.426,6.461,6.409,6.427,98503.5,633757.7397,1
BYBIT,AVAXUSDT,60,1782604800000,6.427,6.44,6.407,6.423,130203.3,836215.7161,1
BYBIT,AVAXUSDT,60,1782608400000,6.423,6.424,6.379,6.389,75832.1,485007.821,1
BYBIT,AVAXUSDT,60,1782612000000,6.389,6.418,6.36,6.367,69872.3,446290.8718,1
BYBIT,AVAXUSDT,60,1782615600000,6.367,6.408,6.365,6.4,54491.1,347908.3762,1
BYBIT,AVAXUSDT,60,1782619200000,6.4,6.403,6.371,6.391,65969.4,421399.0203,1
BYBIT,AVAXUSDT,60,1782622800000,6.391,6.393,6.351,6.369,117355.1,747625.6979,1
BYBIT,AVAXUSDT,60,1782626400000,6.369,6.38,6.298,6.325,252946.3,1599202.9767,1
BYBIT,AVAXUSDT,60,1782630000000,6.325,6.354,6.31,6.335,99656.7,630752.0605,1
BYBIT,AVAXUSDT,60,1782633600000,6.335,6.386,6.296,6.364,596243.7,3788412.3994,1
BYBIT,AVAXUSDT,60,1782637200000,6.364,6.392,6.311,6.323,157369.2,1000772.5376,1
BYBIT,AVAXUSDT,60,1782640800000,6.323,6.352,6.311,6.319,97500.7,616797.9797,1
BYBIT,AVAXUSDT,60,1782644400000,6.319,6.359,6.308,6.353,82173.6,520549.7145,1
BYBIT,AVAXUSDT,60,1782648000000,6.353,6.353,6.302,6.318,141782.4,896983.4971,1
BYBIT,AVAXUSDT,60,1782651600000,6.318,6.32,6.277,6.298,144773.0,911344.4028,1
BYBIT,AVAXUSDT,60,1782655200000,6.298,6.34,6.289,6.316,95618.1,604028.4193,1
BYBIT,AVAXUSDT,60,1782658800000,6.316,6.353,6.306,6.322,94640.3,598735.4559,1
BYBIT,AVAXUSDT,60,1782662400000,6.322,6.326,6.266,6.307,209227.5,1316620.993,1
BYBIT,AVAXUSDT,60,1782666000000,6.307,6.333,6.274,6.314,122563.8,772774.4785,1
BYBIT,AVAXUSDT,60,1782669600000,6.314,6.349,6.309,6.344,62838.6,397773.6858,1
BYBIT,AVAXUSDT,60,1782673200000,6.344,6.366,6.303,6.332,146842.0,929570.1526,1
BYBIT,AVAXUSDT,60,1782676800000,6.332,6.469,6.325,6.402,455340.7,2922619.9469,1
BYBIT,AVAXUSDT,60,1782680400000,6.402,6.414,6.291,6.322,268977.7,1709594.4051,1
BYBIT,AVAXUSDT,60,1782684000000,6.322,6.44,6.31,6.345,431053.4,2749985.2079,1
BYBIT,AVAXUSDT,60,1782687600000,6.345,6.482,6.331,6.444,250961.6,1612092.8707,1
BYBIT,AVAXUSDT,60,1782691200000,6.444,6.486,6.358,6.478,287319.1,1846943.8594,1
BYBIT,AVAXUSDT,60,1782694800000,6.478,6.541,6.42,6.502,226469.3,1469395.7022,1
BYBIT,AVAXUSDT,60,1782698400000,6.502,6.536,6.399,6.517,352408.6,2279182.4925,1
BYBIT,AVAXUSDT,60,1782702000000,6.517,6.658,6.516,6.61,399874.3,2638290.5718,1
BYBIT,AVAXUSDT,60,1782705600000,6.61,6.623,6.519,6.583,294540.3,1939066.4266,1
BYBIT,AVAXUSDT,60,1782709200000,6.583,6.612,6.497,6.608,118525.1,777234.093,1
BYBIT,AVAXUSDT,60,1782712800000,6.608,6.645,6.526,6.533,222409.5,1464961.7493,1
BYBIT,AVAXUSDT,60,1782716400000,6.533,6.564,6.491,6.546,239100.5,1560823.4331,1
BYBIT,AVAXUSDT,60,1782720000000,6.546,6.571,6.494,6.524,184941.0,1209626.4429,1
BYBIT,AVAXUSDT,60,1782723600000,6.524,6.608,6.519,6.608,160863.0,1056962.7337,1
BYBIT,AVAXUSDT,60,1782727200000,6.608,6.626,6.56,6.595,170577.7,1124780.1774,1
BYBIT,AVAXUSDT,60,1782730800000,6.595,6.608,6.532,6.569,207853.6,1366135.0581,1
BYBIT,AVAXUSDT,60,1782734400000,6.569,6.707,6.521,6.565,486850.4,3226727.7786,1
BYBIT,AVAXUSDT,60,1782738000000,6.565,6.617,6.518,6.558,398824.5,2618100.1061,1
BYBIT,AVAXUSDT,60,1782741600000,6.558,6.563,6.443,6.561,458596.2,2986099.8854,1
BYBIT,AVAXUSDT,60,1782745200000,6.561,6.667,6.491,6.656,393584.5,2594312.4235,1
BYBIT,AVAXUSDT,60,1782748800000,6.656,6.701,6.623,6.685,301976.9,2013740.1417,1
BYBIT,AVAXUSDT,60,1782752400000,6.685,6.817,6.682,6.752,615052.0,4155229.1086,1
BYBIT,AVAXUSDT,60,1782756000000,6.752,6.763,6.716,6.721,117042.1,788931.3337,1
BYBIT,AVAXUSDT,60,1782759600000,6.721,6.74,6.7,6.719,117758.9,791672.5229,1
BYBIT,AVAXUSDT,60,1782763200000,6.719,6.733,6.665,6.665,118605.0,794464.5911,1
BYBIT,AVAXUSDT,60,1782766800000,6.665,6.718,6.656,6.697,150608.8,1007684.6981,1
BYBIT,AVAXUSDT,60,1782770400000,6.697,6.714,6.683,6.693,48910.8,327671.5862,1
BYBIT,AVAXUSDT,60,1782774000000,6.693,6.696,6.655,6.675,32577.5,217516.9804,1
BYBIT,AVAXUSDT,60,1782777600000,6.675,6.677,6.606,6.648,148351.8,986190.0496,1
BYBIT,AVAXUSDT,60,1782781200000,6.648,6.672,6.622,6.654,91000.6,604615.4986,1
BYBIT,AVAXUSDT,60,1782784800000,6.654,6.673,6.623,6.666,82552.1,549289.3604,1
BYBIT,AVAXUSDT,60,1782788400000,6.666,6.669,6.618,6.624,116298.6,772633.2823,1
BYBIT,AVAXUSDT,60,1782792000000,6.624,6.636,6.597,6.628,84219.7,557361.2871,1
BYBIT,AVAXUSDT,60,1782795600000,6.628,6.633,6.573,6.606,90375.0,596599.1061,1
BYBIT,AVAXUSDT,60,1782799200000,6.606,6.609,6.571,6.593,46782.8,308333.495,1
BYBIT,AVAXUSDT,60,1782802800000,6.593,6.608,6.562,6.575,93472.1,615546.1644,1
BYBIT,AVAXUSDT,60,1782806400000,6.575,6.643,6.56,6.636,287463.5,1897171.2878,1
BYBIT,AVAXUSDT,60,1782810000000,6.636,6.65,6.594,6.631,222222.2,1470933.5163,1
BYBIT,AVAXUSDT,60,1782813600000,6.631,6.634,6.594,6.604,123814.8,818001.0998,1
BYBIT,AVAXUSDT,60,1782817200000,6.604,6.607,6.518,6.529,168377.8,1104817.8415,1
BYBIT,AVAXUSDT,60,1782820800000,6.529,6.53,6.384,6.393,295196.2,1903470.2777,1
BYBIT,AVAXUSDT,60,1782824400000,6.393,6.475,6.381,6.47,230631.0,1480622.5796,1
BYBIT,AVAXUSDT,60,1782828000000,6.47,6.526,6.432,6.445,231280.6,1502222.3573,1
BYBIT,AVAXUSDT,60,1782831600000,6.445,6.529,6.429,6.494,112415.2,727785.5447,1
BYBIT,AVAXUSDT,60,1782835200000,6.494,6.552,6.462,6.535,162323.2,1056266.4671,1
BYBIT,AVAXUSDT,60,1782838800000,6.535,6.577,6.5,6.501,105706.0,691564.753,1
BYBIT,AVAXUSDT,60,1782842400000,6.501,6.558,6.486,6.552,133458.2,869538.8898,1
BYBIT,AVAXUSDT,60,1782846000000,6.552,6.593,6.532,6.57,108210.6,710220.8856,1
BYBIT,AVAXUSDT,60,1782849600000,6.57,6.59,6.536,6.55,76075.4,499425.4845,1
BYBIT,AVAXUSDT,60,1782853200000,6.55,6.557,6.523,6.549,88892.6,581080.2828,1
BYBIT,AVAXUSDT,60,1782856800000,6.549,6.571,6.506,6.514,90940.7,594064.4261,1
BYBIT,AVAXUSDT,60,1782860400000,6.514,6.536,6.5,6.533,30246.9,197123.9515,1
BYBIT,AVAXUSDT,60,1782864000000,6.533,6.551,6.507,6.538,79865.5,521326.9071,1
BYBIT,AVAXUSDT,60,1782867600000,6.538,6.592,6.419,6.565,213024.9,1384778.6432,1
BYBIT,AVAXUSDT,60,1782871200000,6.565,6.621,6.545,6.6,105132.5,693105.6189,1
BYBIT,AVAXUSDT,60,1782874800000,6.6,6.723,6.6,6.702,311147.7,2074724.6289,1
BYBIT,AVAXUSDT,60,1782878400000,6.702,6.718,6.668,6.694,111020.1,743332.8595,1
BYBIT,AVAXUSDT,60,1782882000000,6.694,6.701,6.655,6.676,68834.9,459446.7955,1
BYBIT,AVAXUSDT,60,1782885600000,6.676,6.68,6.6,6.631,187217.9,1243929.4852,1
BYBIT,AVAXUSDT,60,1782889200000,6.631,6.659,6.613,6.649,52453.7,348220.1605,1
BYBIT,AVAXUSDT,60,1782892800000,6.649,6.667,6.613,6.663,73033.7,484667.0706,1
BYBIT,AVAXUSDT,60,1782896400000,6.663,6.692,6.645,6.681,152904.3,1020732.3285,1
BYBIT,AVAXUSDT,60,1782900000000,6.681,6.69,6.616,6.643,152606.2,1014580.1956,1
BYBIT,AVAXUSDT,60,1782903600000,6.643,6.666,6.622,6.654,76333.8,507410.8705,1
BYBIT,AVAXUSDT,60,1782907200000,6.654,6.658,6.589,6.604,130847.4,866849.6039,1
BYBIT,AVAXUSDT,60,1782910800000,6.604,6.658,6.555,6.644,255269.9,1687630.6163,1
BYBIT,AVAXUSDT,60,1782914400000,6.644,6.714,6.626,6.665,195308.6,1302498.2399,1
BYBIT,AVAXUSDT,60,1782918000000,6.665,6.746,6.659,6.726,223029.6,1497903.2383,1
BYBIT,AVAXUSDT,60,1782921600000,6.726,6.754,6.682,6.69,131867.8,886602.1802,1
BYBIT,AVAXUSDT,60,1782925200000,6.69,6.749,6.662,6.74,88015.8,589982.6417,1
BYBIT,AVAXUSDT,60,1782928800000,6.74,6.746,6.697,6.714,127203.0,853882.4997,1
BYBIT,AVAXUSDT,60,1782932400000,6.714,6.73,6.671,6.688,93692.8,627524.1228,1
BYBIT,AVAXUSDT,60,1782936000000,6.688,6.707,6.665,6.706,72396.6,483973.9005,1
BYBIT,AVAXUSDT,60,1782939600000,6.706,6.792,6.702,6.775,155255.9,1047129.3268,1
BYBIT,AVAXUSDT,60,1782943200000,6.775,6.808,6.716,6.725,209297.5,1416533.2616,1
BYBIT,AVAXUSDT,60,1782946800000,6.725,6.725,6.658,6.66,108651.7,726653.6663,1
BYBIT,AVAXUSDT,60,1782950400000,6.66,6.662,6.606,6.637,188985.1,1252725.0692,1
BYBIT,AVAXUSDT,60,1782954000000,6.637,6.725,6.635,6.692,93787.0,625965.1229,1
BYBIT,AVAXUSDT,60,1782957600000,6.692,6.7,6.663,6.665,62741.6,418970.3498,1
BYBIT,AVAXUSDT,60,1782961200000,6.665,6.719,6.647,6.711,141256.6,944944.1646,1
BYBIT,AVAXUSDT,60,1782964800000,6.711,6.725,6.695,6.721,87202.8,584959.8637,1
BYBIT,AVAXUSDT,60,1782968400000,6.721,6.728,6.677,6.688,99819.0,669016.3712,1
BYBIT,AVAXUSDT,60,1782972000000,6.688,6.701,6.657,6.667,95509.4,637688.0277,1
BYBIT,AVAXUSDT,60,1782975600000,6.667,6.686,6.659,6.666,110905.8,740134.1701,1
BYBIT,AVAXUSDT,60,1782979200000,6.666,6.708,6.66,6.706,79706.4,533121.5187,1
BYBIT,AVAXUSDT,60,1782982800000,6.706,6.776,6.69,6.759,166739.6,1123888.5019,1
BYBIT,AVAXUSDT,60,1782986400000,6.759,6.794,6.745,6.793,126605.9,857008.7579,1
BYBIT,AVAXUSDT,60,1782990000000,6.793,6.812,6.759,6.778,171630.3,1164384.0334,1
BYBIT,AVAXUSDT,60,1782993600000,6.778,6.829,6.754,6.813,278601.6,1892086.926,1
BYBIT,AVAXUSDT,60,1782997200000,6.813,6.879,6.786,6.812,321946.7,2200938.147,1
BYBIT,AVAXUSDT,60,1783000800000,6.812,6.843,6.733,6.762,303467.1,2056043.9754,1
BYBIT,AVAXUSDT,60,1783004400000,6.762,6.784,6.733,6.77,96890.5,654919.6787,1
BYBIT,AVAXUSDT,60,1783008000000,6.77,6.779,6.728,6.768,122499.6,827220.8237,1
BYBIT,AVAXUSDT,60,1783011600000,6.768,6.783,6.727,6.747,87929.0,594330.2491,1
BYBIT,AVAXUSDT,60,1783015200000,6.747,6.762,6.741,6.75,60715.9,409945.7654,1
BYBIT,AVAXUSDT,60,1783018800000,6.75,6.759,6.71,6.739,113646.8,765638.2209,1
BYBIT,AVAXUSDT,60,1783022400000,6.739,6.755,6.718,6.747,118801.6,800305.3466,1
BYBIT,AVAXUSDT,60,1783026000000,6.747,6.794,6.745,6.781,153609.9,1039835.4336,1
BYBIT,AVAXUSDT,60,1783029600000,6.781,6.818,6.758,6.807,103922.2,705761.4376,1
BYBIT,AVAXUSDT,60,1783033200000,6.807,6.809,6.782,6.796,58028.1,394512.4768,1
BYBIT,AVAXUSDT,60,1783036800000,6.796,6.808,6.779,6.785,56584.7,384431.5679,1
BYBIT,AVAXUSDT,60,1783040400000,6.785,6.865,6.783,6.848,98867.5,676082.183,1
BYBIT,AVAXUSDT,60,1783044000000,6.848,6.869,6.819,6.855,70925.0,485519.8798,1
BYBIT,AVAXUSDT,60,1783047600000,6.855,6.875,6.821,6.845,113108.8,774255.7829,1
BYBIT,AVAXUSDT,60,1783051200000,6.845,6.849,6.805,6.813,231525.0,1578665.4353,1
BYBIT,AVAXUSDT,60,1783054800000,6.813,6.867,6.805,6.844,105320.1,720017.4956,1
BYBIT,AVAXUSDT,60,1783058400000,6.844,6.874,6.833,6.851,56295.2,385848.1059,1
BYBIT,AVAXUSDT,60,1783062000000,6.851,6.856,6.825,6.836,82722.5,565629.8834,1
BYBIT,AVAXUSDT,60,1783065600000,6.836,6.888,6.823,6.838,178158.0,1220690.4281,1
BYBIT,AVAXUSDT,60,1783069200000,6.838,6.854,6.827,6.833,41093.0,281008.7737,1
BYBIT,AVAXUSDT,60,1783072800000,6.833,6.906,6.831,6.876,189311.7,1299930.8974,1
BYBIT,AVAXUSDT,60,1783076400000,6.876,6.908,6.869,6.895,64071.2,441583.6514,1
BYBIT,AVAXUSDT,60,1783080000000,6.895,6.918,6.843,6.867,217404.3,1494899.2865,1
BYBIT,AVAXUSDT,60,1783083600000,6.867,6.872,6.83,6.847,128931.5,883512.2609,1
BYBIT,AVAXUSDT,60,1783087200000,6.847,6.857,6.801,6.853,153816.8,1050627.822,1
BYBIT,AVAXUSDT,60,1783090800000,6.853,6.891,6.816,6.824,121693.5,834198.668,1
BYBIT,AVAXUSDT,60,1783094400000,6.824,6.83,6.787,6.818,115614.4,786894.4565,1
BYBIT,AVAXUSDT,60,1783098000000,6.818,6.874,6.812,6.862,127234.3,871994.4625,1
BYBIT,AVAXUSDT,60,1783101600000,6.862,6.882,6.849,6.869,94271.9,647044.5256,1
BYBIT,AVAXUSDT,60,1783105200000,6.869,6.935,6.864,6.91,203257.4,1402904.5383,1
BYBIT,AVAXUSDT,60,1783108800000,6.91,7.014,6.907,6.985,401662.5,2798549.8246,1
BYBIT,AVAXUSDT,60,1783112400000,6.985,7.033,6.95,6.998,172634.3,1208054.927,1
BYBIT,AVAXUSDT,60,1783116000000,6.998,7.002,6.93,6.942,88084.2,612829.493,1
BYBIT,AVAXUSDT,60,1783119600000,6.942,6.964,6.915,6.944,64532.9,447194.7356,1
BYBIT,AVAXUSDT,60,1783123200000,6.944,6.967,6.923,6.928,99353.2,689579.4708,1
BYBIT,AVAXUSDT,60,1783126800000,6.928,6.928,6.859,6.876,125216.4,862490.4162,1
BYBIT,AVAXUSDT,60,1783130400000,6.876,6.905,6.863,6.895,85642.9,589906.9899,1
BYBIT,AVAXUSDT,60,1783134000000,6.895,6.932,6.883,6.928,65891.5,455239.5154,1
BYBIT,AVAXUSDT,60,1783137600000,6.928,6.946,6.9,6.923,70835.5,490280.6029,1
BYBIT,AVAXUSDT,60,1783141200000,6.923,6.939,6.891,6.892,90507.4,626200.4278,1
BYBIT,AVAXUSDT,60,1783144800000,6.892,6.914,6.843,6.862,129796.5,891194.9665,1
BYBIT,AVAXUSDT,60,1783148400000,6.862,6.871,6.833,6.862,45853.0,314301.545,1
BYBIT,AVAXUSDT,60,1783152000000,6.862,6.871,6.847,6.855,52693.8,361531.6971,1
BYBIT,AVAXUSDT,60,1783155600000,6.855,6.862,6.813,6.819,77590.3,530245.5682,1
BYBIT,AVAXUSDT,60,1783159200000,6.819,6.843,6.813,6.837,91522.5,625052.9146,1
BYBIT,AVAXUSDT,60,1783162800000,6.837,6.864,6.829,6.853,55233.7,378338.247,1
BYBIT,AVAXUSDT,60,1783166400000,6.853,6.885,6.851,6.882,80631.2,553771.3876,1
BYBIT,AVAXUSDT,60,1783170000000,6.882,6.914,6.861,6.88,66840.2,460075.6286,1
BYBIT,AVAXUSDT,60,1783173600000,6.88,6.946,6.879,6.936,102331.3,708059.1194,1
BYBIT,AVAXUSDT,60,1783177200000,6.936,7.007,6.936,6.984,294143.5,2053420.9025,1
BYBIT,AVAXUSDT,60,1783180800000,6.984,6.995,6.96,6.975,157750.9,1101132.516,1
BYBIT,AVAXUSDT,60,1783184400000,6.975,7.111,6.933,7.084,336470.2,2365241.1661,1
BYBIT,AVAXUSDT,60,1783188000000,7.084,7.093,7.023,7.044,172628.2,1218325.1525,1
BYBIT,AVAXUSDT,60,1783191600000,7.044,7.057,6.996,7.006,113238.7,794880.6875,1
BYBIT,AVAXUSDT,60,1783195200000,7.006,7.018,6.97,6.987,110340.8,771572.1103,1
BYBIT,AVAXUSDT,60,1783198800000,6.987,7.028,6.985,7.013,97595.7,684162.8802,1
BYBIT,AVAXUSDT,60,1783202400000,7.013,7.022,6.975,6.991,40890.8,285935.2777,1
BYBIT,AVAXUSDT,60,1783206000000,6.991,6.991,6.914,6.962,100826.6,700677.0945,1
BYBIT,AVAXUSDT,60,1783209600000,6.962,6.965,6.897,6.914,110855.4,767050.5488,1
BYBIT,AVAXUSDT,60,1783213200000,6.914,6.931,6.873,6.892,133046.1,917013.0276,1
BYBIT,AVAXUSDT,60,1783216800000,6.892,6.898,6.801,6.802,225759.2,1543044.9687,1
BYBIT,AVAXUSDT,60,1783220400000,6.802,6.827,6.782,6.802,125070.2,851010.5011,1
BYBIT,AVAXUSDT,60,1783224000000,6.802,6.814,6.773,6.783,116427.3,790575.1643,1
BYBIT,AVAXUSDT,60,1783227600000,6.783,6.804,6.757,6.774,76171.2,516399.6204,1
BYBIT,AVAXUSDT,60,1783231200000,6.774,6.8,6.748,6.794,122372.4,829296.6661,1
BYBIT,AVAXUSDT,60,1783234800000,6.794,6.823,6.773,6.812,111816.6,759624.9415,1
BYBIT,AVAXUSDT,60,1783238400000,6.812,6.831,6.802,6.814,62906.0,428831.5871,1
BYBIT,AVAXUSDT,60,1783242000000,6.814,6.83,6.771,6.783,194837.9,1324458.4455,1
BYBIT,AVAXUSDT,60,1783245600000,6.783,6.87,6.766,6.845,218685.0,1491133.9951,1
BYBIT,AVAXUSDT,60,1783249200000,6.845,6.888,6.839,6.875,120588.0,827815.7331,1
BYBIT,AVAXUSDT,60,1783252800000,6.875,6.909,6.849,6.877,139189.7,957319.1563,1
BYBIT,AVAXUSDT,60,1783256400000,6.877,6.907,6.861,6.906,62869.8,432852.9261,1
BYBIT,AVAXUSDT,60,1783260000000,6.906,6.906,6.87,6.906,96388.4,664058.3933,1
BYBIT,AVAXUSDT,60,1783263600000,6.906,6.945,6.897,6.922,244298.4,1691722.3855,1
BYBIT,AVAXUSDT,60,1783267200000,6.922,6.939,6.912,6.928,68759.3,476272.2075,1
BYBIT,AVAXUSDT,60,1783270800000,6.928,6.973,6.911,6.918,158121.3,1097859.7529,1
BYBIT,AVAXUSDT,60,1783274400000,6.918,6.947,6.912,6.925,64573.4,447496.0,1
BYBIT,AVAXUSDT,60,1783278000000,6.925,6.936,6.897,6.913,94794.4,655805.2463,1
BYBIT,AVAXUSDT,60,1783281600000,6.913,6.913,6.889,6.899,64004.0,441722.2414,1
BYBIT,AVAXUSDT,60,1783285200000,6.899,6.972,6.875,6.953,123657.8,854706.2313,1
BYBIT,AVAXUSDT,60,1783288800000,6.953,7.006,6.928,6.947,181897.3,1268141.6535,1
BYBIT,AVAXUSDT,60,1783292400000,6.947,6.979,6.914,6.919,73566.1,510456.7933,1
BYBIT,AVAXUSDT,60,1783296000000,6.919,6.928,6.834,6.902,257472.1,1768804.1492,1
BYBIT,AVAXUSDT,60,1783299600000,6.902,6.948,6.878,6.883,185338.8,1281686.8182,1
BYBIT,AVAXUSDT,60,1783303200000,6.883,6.916,6.857,6.899,105167.5,724587.4169,1
BYBIT,AVAXUSDT,60,1783306800000,6.899,6.927,6.878,6.913,61579.0,425131.968,1
BYBIT,AVAXUSDT,60,1783310400000,6.913,6.964,6.903,6.928,67357.8,466866.6707,1
BYBIT,AVAXUSDT,60,1783314000000,6.928,6.93,6.825,6.867,158781.6,1090556.3837,1
BYBIT,AVAXUSDT,60,1783317600000,6.867,6.896,6.851,6.882,164437.8,1131133.1943,1
BYBIT,AVAXUSDT,60,1783321200000,6.882,6.953,6.871,6.928,93646.0,648038.4629,1
BYBIT,AVAXUSDT,60,1783324800000,6.928,6.937,6.85,6.868,96322.9,662735.6135,1
BYBIT,AVAXUSDT,60,1783328400000,6.868,6.868,6.812,6.822,143681.1,982352.8784,1
BYBIT,AVAXUSDT,60,1783332000000,6.822,6.86,6.816,6.851,57828.8,395152.826,1
BYBIT,AVAXUSDT,60,1783335600000,6.851,6.859,6.812,6.813,60151.9,411453.8513,1
BYBIT,AVAXUSDT,60,1783339200000,6.813,6.813,6.71,6.738,663131.0,4478060.357,1
BYBIT,AVAXUSDT,60,1783342800000,6.738,6.807,6.706,6.787,264143.6,1781876.6316,1
BYBIT,AVAXUSDT,60,1783346400000,6.787,6.839,6.771,6.802,248632.8,1692131.3023,1
BYBIT,AVAXUSDT,60,1783350000000,6.802,6.922,6.799,6.915,298069.5,2045148.3891,1
BYBIT,AVAXUSDT,60,1783353600000,6.915,6.988,6.904,6.952,563783.9,3917926.2919,1
BYBIT,AVAXUSDT,60,1783357200000,6.952,6.956,6.889,6.9,113076.7,783325.3535,1
BYBIT,AVAXUSDT,60,1783360800000,6.9,6.98,6.899,6.951,214868.5,1491553.131,1
BYBIT,AVAXUSDT,60,1783364400000,6.951,6.99,6.951,6.956,153395.5,1069103.3585,1
BYBIT,AVAXUSDT,60,1783368000000,6.956,6.957,6.902,6.911,252353.0,1746540.7042,1
BYBIT,AVAXUSDT,60,1783371600000,6.911,7.088,6.911,7.005,481053.6,3378210.4323,1
BYBIT,AVAXUSDT,60,1783375200000,7.005,7.019,6.984,6.995,65140.6,456149.2779,1
BYBIT,AVAXUSDT,60,1783378800000,6.995,7.006,6.914,6.925,243827.2,1695440.5102,1
BYBIT,AVAXUSDT,60,1783382400000,6.925,6.944,6.883,6.894,164787.9,1139644.6829,1
BYBIT,AVAXUSDT,60,1783386000000,6.894,6.894,6.809,6.831,181440.1,1241868.817,1
BYBIT,AVAXUSDT,60,1783389600000,6.831,6.844,6.795,6.819,154544.0,1054044.395,1
BYBIT,AVAXUSDT,60,1783393200000,6.819,6.824,6.776,6.798,82604.0,561408.103,1
BYBIT,AVAXUSDT,60,1783396800000,6.798,6.799,6.742,6.765,177481.0,1200606.2258,1
BYBIT,AVAXUSDT,60,1783400400000,6.765,6.765,6.69,6.75,219860.9,1478934.0779,1
BYBIT,AVAXUSDT,60,1783404000000,6.75,6.785,6.733,6.773,118584.7,800963.0235,1
BYBIT,AVAXUSDT,60,1783407600000,6.773,6.813,6.741,6.76,289141.5,1961111.7907,1
BYBIT,AVAXUSDT,60,1783411200000,6.76,6.763,6.731,6.749,157721.5,1064457.5918,1
BYBIT,AVAXUSDT,60,1783414800000,6.749,6.788,6.742,6.779,93404.4,632357.1988,1
BYBIT,AVAXUSDT,60,1783418400000,6.779,6.796,6.745,6.753,112982.1,765041.036,1
BYBIT,AVAXUSDT,60,1783422000000,6.753,6.795,6.737,6.79,72721.9,492411.3095,1
BYBIT,AVAXUSDT,60,1783425600000,6.79,6.819,6.764,6.766,80554.5,547128.5138,1
BYBIT,AVAXUSDT,60,1783429200000,6.766,6.779,6.721,6.753,190997.4,1289544.0748,1
BYBIT,AVAXUSDT,60,1783432800000,6.753,6.785,6.641,6.719,696764.5,4668236.8699,1
BYBIT,AVAXUSDT,60,1783436400000,6.719,6.79,6.689,6.763,298536.7,2008616.9987,1
BYBIT,AVAXUSDT,60,1783440000000,6.763,6.811,6.738,6.779,305583.2,2071017.7375,1
BYBIT,AVAXUSDT,60,1783443600000,6.779,6.799,6.763,6.798,153527.4,1041178.1135,1
BYBIT,AVAXUSDT,60,1783447200000,6.798,6.805,6.734,6.741,199337.6,1351945.8428,1
BYBIT,AVAXUSDT,60,1783450800000,6.741,6.765,6.689,6.753,145710.6,980215.3202,1
BYBIT,AVAXUSDT,60,1783454400000,6.753,6.769,6.724,6.739,71945.9,485533.602,1
BYBIT,AVAXUSDT,60,1783458000000,6.739,6.746,6.676,6.681,115609.2,775485.7864,1
BYBIT,AVAXUSDT,60,1783461600000,6.681,6.723,6.652,6.703,87109.7,582884.2454,1
BYBIT,AVAXUSDT,60,1783465200000,6.703,6.717,6.678,6.686,42449.8,284421.8506,1
BYBIT,AVAXUSDT,60,1783468800000,6.686,6.695,6.647,6.664,174819.2,1165445.044,1
BYBIT,AVAXUSDT,60,1783472400000,6.664,6.669,6.481,6.495,386285.8,2536987.1676,1
BYBIT,AVAXUSDT,60,1783476000000,6.495,6.495,6.345,6.401,820479.6,5252268.7448,1
BYBIT,AVAXUSDT,60,1783479600000,6.401,6.436,6.378,6.389,211406.4,1356513.9713,1
BYBIT,AVAXUSDT,60,1783483200000,6.389,6.412,6.362,6.399,180544.2,1153119.0983,1
BYBIT,AVAXUSDT,60,1783486800000,6.399,6.444,6.392,6.411,163632.0,1050322.4707,1
BYBIT,AVAXUSDT,60,1783490400000,6.411,6.412,6.372,6.398,107430.8,686920.2443,1
BYBIT,AVAXUSDT,60,1783494000000,6.398,6.455,6.38,6.445,175410.1,1127081.8985,1
BYBIT,AVAXUSDT,60,1783497600000,6.445,6.449,6.313,6.348,597829.7,3799975.4916,1
BYBIT,AVAXUSDT,60,1783501200000,6.348,6.381,6.338,6.37,190547.4,1211687.425,1
BYBIT,AVAXUSDT,60,1783504800000,6.37,6.439,6.347,6.416,214859.3,1374562.4723,1
BYBIT,AVAXUSDT,60,1783508400000,6.416,6.452,6.397,6.437,160191.8,1028828.0879,1
BYBIT,AVAXUSDT,60,1783512000000,6.437,6.438,6.398,6.399,112617.1,722750.8159,1
BYBIT,AVAXUSDT,60,1783515600000,6.399,6.471,6.365,6.448,341558.7,2193842.9476,1
BYBIT,AVAXUSDT,60,1783519200000,6.448,6.464,6.372,6.403,151851.7,976089.4635,1
BYBIT,AVAXUSDT,60,1783522800000,6.403,6.406,6.343,6.378,90110.4,573453.9488,1
BYBIT,AVAXUSDT,60,1783526400000,6.378,6.433,6.375,6.421,133917.6,857796.7379,1
BYBIT,AVAXUSDT,60,1783530000000,6.421,6.468,6.416,6.429,67740.6,436389.6858,1
BYBIT,AVAXUSDT,60,1783533600000,6.429,6.479,6.425,6.459,71944.1,463755.4184,1
BYBIT,AVAXUSDT,60,1783537200000,6.459,6.469,6.439,6.452,52417.2,337986.9225,1
BYBIT,AVAXUSDT,60,1783540800000,6.452,6.464,6.426,6.432,43333.2,279113.8196,1
BYBIT,AVAXUSDT,60,1783544400000,6.432,6.469,6.412,6.453,77481.9,498991.3201,1
BYBIT,AVAXUSDT,60,1783548000000,6.453,6.469,6.449,6.454,22047.8,142406.9994,1
BYBIT,AVAXUSDT,60,1783551600000,6.454,6.472,6.446,6.471,24441.7,157771.9915,1
BYBIT,AVAXUSDT,60,1783555200000,6.471,6.499,6.437,6.448,129173.6,835632.4529,1
BYBIT,AVAXUSDT,60,1783558800000,6.448,6.543,6.446,6.489,202940.3,1319613.9395,1
BYBIT,AVAXUSDT,60,1783562400000,6.489,6.527,6.439,6.439,84940.8,551199.4754,1
BYBIT,AVAXUSDT,60,1783566000000,6.439,6.477,6.423,6.46,57907.5,373679.175,1
BYBIT,AVAXUSDT,60,1783569600000,6.46,6.528,6.459,6.525,70892.6,460874.7711,1
BYBIT,AVAXUSDT,60,1783573200000,6.525,6.608,6.512,6.598,148981.3,975944.8523,1
BYBIT,AVAXUSDT,60,1783576800000,6.598,6.776,6.579,6.765,418107.3,2801045.7293,1
BYBIT,AVAXUSDT,60,1783580400000,6.765,6.808,6.73,6.741,392573.3,2659138.4976,1
BYBIT,AVAXUSDT,60,1783584000000,6.741,6.765,6.721,6.733,171992.8,1159890.3604,1
BYBIT,AVAXUSDT,60,1783587600000,6.733,6.752,6.698,6.726,86253.1,579764.7663,1
BYBIT,AVAXUSDT,60,1783591200000,6.726,6.734,6.66,6.683,80605.2,539540.3102,1
BYBIT,AVAXUSDT,60,1783594800000,6.683,6.71,6.672,6.706,115574.6,773085.4103,1
BYBIT,AVAXUSDT,60,1783598400000,6.706,6.739,6.685,6.721,284637.5,1910061.9892,1
BYBIT,AVAXUSDT,60,1783602000000,6.721,6.779,6.709,6.769,115841.2,780062.5886,1
BYBIT,AVAXUSDT,60,1783605600000,6.769,6.785,6.71,6.718,164237.8,1107335.7292,1
BYBIT,AVAXUSDT,60,1783609200000,6.718,6.777,6.717,6.749,161545.5,1091187.4723,1
BYBIT,AVAXUSDT,60,1783612800000,6.749,6.762,6.691,6.703,99621.5,669063.0451,1
BYBIT,AVAXUSDT,60,1783616400000,6.703,6.747,6.696,6.741,76036.0,511363.384,1
BYBIT,AVAXUSDT,60,1783620000000,6.741,6.772,6.735,6.737,93572.9,631813.8399,1
BYBIT,AVAXUSDT,60,1783623600000,6.737,6.748,6.716,6.72,76196.8,512962.2535,1
BYBIT,AVAXUSDT,60,1783627200000,6.72,6.723,6.68,6.717,89113.4,596932.9698,1
BYBIT,AVAXUSDT,60,1783630800000,6.717,6.739,6.705,6.718,105857.9,711825.6714,1
BYBIT,AVAXUSDT,60,1783634400000,6.718,6.724,6.692,6.695,62772.1,420866.9251,1
BYBIT,AVAXUSDT,60,1783638000000,6.695,6.704,6.673,6.675,42900.6,286842.7891,1
BYBIT,AVAXUSDT,60,1783641600000,6.675,6.692,6.663,6.681,120077.3,801944.3281,1
BYBIT,AVAXUSDT,60,1783645200000,6.681,6.813,6.667,6.771,197303.5,1331685.4386,1
BYBIT,AVAXUSDT,60,1783648800000,6.771,6.795,6.767,6.783,92387.7,626869.0734,1
BYBIT,AVAXUSDT,60,1783652400000,6.783,6.788,6.73,6.775,122612.0,828908.3028,1
BYBIT,AVAXUSDT,60,1783656000000,6.775,6.806,6.77,6.789,103653.6,703673.2387,1
BYBIT,AVAXUSDT,60,1783659600000,6.789,6.831,6.78,6.796,96077.5,653853.1142,1
BYBIT,AVAXUSDT,60,1783663200000,6.796,6.803,6.77,6.777,77689.3,526915.1594,1
BYBIT,AVAXUSDT,60,1783666800000,6.777,6.779,6.738,6.748,272714.2,1844114.9123,1
BYBIT,AVAXUSDT,60,1783670400000,6.748,6.811,6.747,6.771,101273.2,686735.4992,1
BYBIT,AVAXUSDT,60,1783674000000,6.771,6.775,6.732,6.75,86142.9,581993.2863,1
BYBIT,AVAXUSDT,60,1783677600000,6.75,6.784,6.735,6.764,123432.0,834235.7213,1
BYBIT,AVAXUSDT,60,1783681200000,6.764,6.774,6.739,6.746,56512.4,381771.9434,1
BYBIT,AVAXUSDT,60,1783684800000,6.746,6.763,6.718,6.728,132281.2,891876.3355,1
BYBIT,AVAXUSDT,60,1783688400000,6.728,6.781,6.713,6.768,166609.1,1123715.9961,1
BYBIT,AVAXUSDT,60,1783692000000,6.768,6.772,6.643,6.689,355636.1,2379668.7709,1
BYBIT,AVAXUSDT,60,1783695600000,6.689,6.741,6.684,6.74,75942.2,510210.112,1
BYBIT,AVAXUSDT,60,1783699200000,6.74,6.769,6.717,6.752,75157.0,506903.2488,1
BYBIT,AVAXUSDT,60,1783702800000,6.752,6.762,6.729,6.73,45720.1,308555.3612,1
BYBIT,AVAXUSDT,60,1783706400000,6.73,6.756,6.7,6.714,78218.1,526689.1087,1
BYBIT,AVAXUSDT,60,1783710000000,6.714,6.764,6.706,6.738,68475.9,461904.8676,1
BYBIT,AVAXUSDT,60,1783713600000,6.738,6.749,6.727,6.735,53283.7,358920.169,1
BYBIT,AVAXUSDT,60,1783717200000,6.735,6.765,6.735,6.754,98967.5,668399.1288,1
BYBIT,AVAXUSDT,60,1783720800000,6.754,6.764,6.748,6.751,14019.0,94676.4901,1
BYBIT,AVAXUSDT,60,1783724400000,6.751,6.751,6.73,6.734,24437.1,164713.7759,1
BYBIT,AVAXUSDT,60,1783728000000,6.734,6.751,6.72,6.729,47909.8,322615.7575,1
BYBIT,AVAXUSDT,60,1783731600000,6.729,6.742,6.705,6.706,59787.7,402042.8813,1
BYBIT,AVAXUSDT,60,1783735200000,6.706,6.735,6.703,6.728,77751.4,522198.233,1
BYBIT,AVAXUSDT,60,1783738800000,6.728,6.731,6.711,6.721,35512.2,238627.8417,1
BYBIT,AVAXUSDT,60,1783742400000,6.721,6.734,6.711,6.722,30744.2,206651.0067,1
BYBIT,AVAXUSDT,60,1783746000000,6.722,6.722,6.696,6.703,34426.0,230943.0194,1
BYBIT,AVAXUSDT,60,1783749600000,6.703,6.721,6.692,6.705,66279.7,444651.9722,1
BYBIT,AVAXUSDT,60,1783753200000,6.705,6.717,6.701,6.705,44546.0,298891.3775,1
BYBIT,AVAXUSDT,60,1783756800000,6.705,6.713,6.692,6.711,56693.8,380227.0159,1
BYBIT,AVAXUSDT,60,1783760400000,6.711,6.718,6.683,6.692,69385.8,464665.5275,1
BYBIT,AVAXUSDT,60,1783764000000,6.692,6.724,6.688,6.709,61997.2,415718.9654,1
BYBIT,AVAXUSDT,60,1783767600000,6.709,6.749,6.705,6.717,90256.7,607192.8264,1
BYBIT,AVAXUSDT,60,1783771200000,6.717,6.741,6.715,6.73,70089.5,471450.141,1
BYBIT,AVAXUSDT,60,1783774800000,6.73,6.743,6.713,6.739,33013.6,222119.7073,1
BYBIT,AVAXUSDT,60,1783778400000,6.739,6.788,6.736,6.749,78564.4,531270.0492,1
BYBIT,AVAXUSDT,60,1783782000000,6.749,6.787,6.717,6.746,174093.1,1175662.8588,1
BYBIT,AVAXUSDT,60,1783785600000,6.746,6.75,6.723,6.737,58600.5,394823.7922,1
BYBIT,AVAXUSDT,60,1783789200000,6.737,6.773,6.728,6.756,57583.6,388747.2422,1
BYBIT,AVAXUSDT,60,1783792800000,6.756,6.782,6.745,6.757,116126.6,785601.8994,1
BYBIT,AVAXUSDT,60,1783796400000,6.757,6.767,6.738,6.747,40630.8,274254.9447,1
BYBIT,AVAXUSDT,60,1783800000000,6.747,6.758,6.743,6.748,33248.1,224397.0202,1
BYBIT,AVAXUSDT,60,1783803600000,6.748,6.756,6.724,6.73,67331.5,453819.3061,1
BYBIT,AVAXUSDT,60,1783807200000,6.73,6.731,6.675,6.679,158151.9,1059424.8328,1
BYBIT,AVAXUSDT,60,1783810800000,6.679,6.693,6.535,6.546,875483.3,5783169.3895,1
BYBIT,AVAXUSDT,60,1783814400000,6.546,6.546,6.419,6.449,836524.2,5408847.7408,1
BYBIT,AVAXUSDT,60,1783818000000,6.449,6.511,6.44,6.51,143836.5,930894.4021,1
BYBIT,AVAXUSDT,60,1783821600000,6.51,6.511,6.488,6.495,142994.9,929308.3907,1
BYBIT,AVAXUSDT,60,1783825200000,6.495,6.529,6.488,6.521,93171.8,606813.9148,1
BYBIT,AVAXUSDT,60,1783828800000,6.521,6.536,6.402,6.434,377003.0,2437125.8339,1
BYBIT,AVAXUSDT,60,1783832400000,6.434,6.463,6.43,6.442,203309.8,1310758.8194,1
BYBIT,AVAXUSDT,60,1783836000000,6.442,6.442,6.275,6.338,923633.7,5865971.5877,1
BYBIT,AVAXUSDT,60,1783839600000,6.338,6.394,6.319,6.373,226812.1,1443642.2045,1
BYBIT,AVAXUSDT,60,1783843200000,6.373,6.403,6.364,6.39,165741.6,1058490.5827,1
BYBIT,AVAXUSDT,60,1783846800000,6.39,6.417,6.373,6.409,157474.9,1006992.1336,1
BYBIT,AVAXUSDT,60,1783850400000,6.409,6.411,6.394,6.401,95931.5,613969.4504,1
BYBIT,AVAXUSDT,60,1783854000000,6.401,6.443,6.371,6.427,90124.0,578012.1633,1
BYBIT,AVAXUSDT,60,1783857600000,6.427,6.452,6.413,6.43,118457.8,762069.1089,1
BYBIT,AVAXUSDT,60,1783861200000,6.43,6.455,6.425,6.441,260490.7,1677794.4149,1
BYBIT,AVAXUSDT,60,1783864800000,6.441,6.476,6.421,6.453,158085.5,1019770.9052,1
BYBIT,AVAXUSDT,60,1783868400000,6.453,6.466,6.429,6.434,81745.6,527180.079,1
BYBIT,AVAXUSDT,60,1783872000000,6.434,6.44,6.387,6.419,215085.2,1379052.8934,1
BYBIT,AVAXUSDT,60,1783875600000,6.419,6.439,6.397,6.418,70922.9,455202.2905,1
BYBIT,AVAXUSDT,60,1783879200000,6.418,6.476,6.414,6.473,102999.5,664301.0454,1
BYBIT,AVAXUSDT,60,1783882800000,6.473,6.475,6.447,6.466,104605.1,675551.6995,1
BYBIT,AVAXUSDT,60,1783886400000,6.466,6.474,6.444,6.461,77096.8,497691.4136,1
BYBIT,AVAXUSDT,60,1783890000000,6.461,6.479,6.418,6.424,198505.4,1280771.4195,1
BYBIT,AVAXUSDT,60,1783893600000,6.424,6.424,6.368,6.394,161832.8,1033713.5325,1
BYBIT,AVAXUSDT,60,1783897200000,6.394,6.416,6.382,6.403,102531.2,655978.8877,1
BYBIT,AVAXUSDT,60,1783900800000,6.403,6.557,6.398,6.457,388568.5,2521721.9129,1
BYBIT,AVAXUSDT,60,1783904400000,6.457,6.467,6.408,6.42,115474.0,743761.5339,1
BYBIT,AVAXUSDT,60,1783908000000,6.42,6.529,6.404,6.487,174071.3,1127298.0644,1
BYBIT,AVAXUSDT,60,1783911600000,6.487,6.493,6.414,6.486,310918.2,2005965.335,1
BYBIT,AVAXUSDT,60,1783915200000,6.486,6.516,6.459,6.476,259733.1,1684282.1487,1
BYBIT,AVAXUSDT,60,1783918800000,6.476,6.522,6.451,6.49,221989.6,1440606.3068,1
BYBIT,AVAXUSDT,60,1783922400000,6.49,6.511,6.472,6.484,100959.6,655351.2842,1
BYBIT,AVAXUSDT,60,1783926000000,6.484,6.513,6.475,6.504,98613.1,640645.3894,1
BYBIT,AVAXUSDT,60,1783929600000,6.504,6.53,6.485,6.525,73921.0,481184.3989,1
BYBIT,AVAXUSDT,60,1783933200000,6.525,6.667,6.525,6.632,576666.5,3808234.6307,1
BYBIT,AVAXUSDT,60,1783936800000,6.632,6.669,6.601,6.622,405681.9,2692043.995,1
BYBIT,AVAXUSDT,60,1783940400000,6.622,6.666,6.617,6.641,183648.1,1219468.0981,1
BYBIT,AVAXUSDT,60,1783944000000,6.641,6.65,6.561,6.6,290212.1,1913215.7626,1
BYBIT,AVAXUSDT,60,1783947600000,6.6,6.68,6.551,6.556,413184.5,2734745.3751,1
BYBIT,AVAXUSDT,60,1783951200000,6.556,6.675,6.521,6.655,468640.9,3093459.8529,1
BYBIT,AVAXUSDT,60,1783954800000,6.655,6.67,6.548,6.559,564272.8,3741256.0157,1
BYBIT,AVAXUSDT,60,1783958400000,6.559,6.579,6.479,6.506,433780.8,2826590.3163,1
BYBIT,AVAXUSDT,60,1783962000000,6.506,6.517,6.422,6.432,287450.8,1857912.0349,1
BYBIT,AVAXUSDT,60,1783965600000,6.432,6.463,6.416,6.439,171256.0,1102288.2789,1
BYBIT,AVAXUSDT,60,1783969200000,6.439,6.481,6.434,6.47,185363.8,1197302.4342,1
BYBIT,AVAXUSDT,60,1783972800000,6.47,6.484,6.422,6.443,148165.2,956064.2267,1
BYBIT,AVAXUSDT,60,1783976400000,6.443,6.443,6.334,6.393,256621.7,1639451.4122,1
BYBIT,AVAXUSDT,60,1783980000000,6.393,6.425,6.392,6.392,62816.8,402541.1715,1
BYBIT,AVAXUSDT,60,1783983600000,6.392,6.451,6.376,6.448,119589.4,765977.2124,1
BYBIT,AVAXUSDT,60,1783987200000,6.448,6.484,6.435,6.476,147090.8,951443.8597,1
BYBIT,AVAXUSDT,60,1783990800000,6.476,6.498,6.45,6.485,52076.6,337363.8648,1
BYBIT,AVAXUSDT,60,1783994400000,6.485,6.491,6.446,6.448,56335.0,364139.3081,1
BYBIT,AVAXUSDT,60,1783998000000,6.448,6.457,6.415,6.441,67631.9,434912.7448,1
BYBIT,AVAXUSDT,60,1784001600000,6.441,6.471,6.437,6.449,86348.1,557684.0131,1
BYBIT,AVAXUSDT,60,1784005200000,6.449,6.496,6.442,6.488,69242.3,448522.0486,1
BYBIT,AVAXUSDT,60,1784008800000,6.488,6.514,6.476,6.504,126531.2,822038.4137,1
BYBIT,AVAXUSDT,60,1784012400000,6.504,6.508,6.475,6.477,61541.7,399620.313,1
BYBIT,AVAXUSDT,60,1784016000000,6.477,6.531,6.475,6.506,84039.5,546755.2354,1
BYBIT,AVAXUSDT,60,1784019600000,6.506,6.523,6.464,6.47,81976.6,531997.7489,1
BYBIT,AVAXUSDT,60,1784023200000,6.47,6.492,6.449,6.469,110057.5,712155.2889,1
BYBIT,AVAXUSDT,60,1784026800000,6.469,6.469,6.431,6.434,93752.2,604184.9344,1
BYBIT,AVAXUSDT,60,1784030400000,6.434,6.602,6.417,6.585,551172.1,3582973.314,1
BYBIT,AVAXUSDT,60,1784034000000,6.585,6.666,6.557,6.655,452731.1,2995187.1856,1
BYBIT,AVAXUSDT,60,1784037600000,6.655,6.67,6.6,6.652,639012.7,4240135.4364,1
BYBIT,AVAXUSDT,60,1784041200000,6.652,6.706,6.616,6.65,360720.9,2403430.4147,1
BYBIT,AVAXUSDT,60,1784044800000,6.65,6.68,6.637,6.64,157460.6,1049194.329,1
BYBIT,AVAXUSDT,60,1784048400000,6.64,6.665,6.599,6.657,159749.5,1059891.968,1
BYBIT,AVAXUSDT,60,1784052000000,6.657,6.665,6.636,6.665,113582.7,755407.3463,1
BYBIT,AVAXUSDT,60,1784055600000,6.665,6.684,6.647,6.67,99439.6,662745.0053,1
BYBIT,AVAXUSDT,60,1784059200000,6.67,6.675,6.631,6.64,97567.4,649453.2958,1
BYBIT,AVAXUSDT,60,1784062800000,6.64,6.644,6.626,6.631,106068.2,703691.4791,1
BYBIT,AVAXUSDT,60,1784066400000,6.631,6.703,6.62,6.666,130717.5,871633.5368,1
BYBIT,AVAXUSDT,60,1784070000000,6.666,6.712,6.642,6.711,382019.0,2551658.9834,1
BYBIT,AVAXUSDT,60,1784073600000,6.711,6.755,6.661,6.675,252037.3,1689198.8823,1
BYBIT,AVAXUSDT,60,1784077200000,6.675,6.686,6.635,6.639,125564.1,836722.787,1
BYBIT,AVAXUSDT,60,1784080800000,6.639,6.642,6.604,6.605,123933.6,820368.4949,1
BYBIT,AVAXUSDT,60,1784084400000,6.605,6.665,6.601,6.652,136975.9,907485.1952,1
BYBIT,AVAXUSDT,60,1784088000000,6.652,6.668,6.63,6.657,87171.8,579766.0834,1
BYBIT,AVAXUSDT,60,1784091600000,6.657,6.687,6.63,6.683,77840.6,517777.6242,1
BYBIT,AVAXUSDT,60,1784095200000,6.683,6.73,6.678,6.68,166208.0,1114384.8453,1
BYBIT,AVAXUSDT,60,1784098800000,6.68,6.682,6.608,6.618,102784.0,681976.9255,1
BYBIT,AVAXUSDT,60,1784102400000,6.618,6.656,6.611,6.65,76064.9,504601.7389,1
BYBIT,AVAXUSDT,60,1784106000000,6.65,6.686,6.649,6.659,57802.2,385330.785,1
BYBIT,AVAXUSDT,60,1784109600000,6.659,6.68,6.65,6.652,25798.4,171861.6878,1
BYBIT,AVAXUSDT,60,1784113200000,6.652,6.683,6.651,6.665,57529.7,383433.3892,1
BYBIT,AVAXUSDT,60,1784116800000,6.665,6.753,6.655,6.744,320004.4,2145304.9063,1
BYBIT,AVAXUSDT,60,1784120400000,6.744,6.77,6.671,6.695,324476.0,2184168.7095,1
BYBIT,AVAXUSDT,60,1784124000000,6.695,6.722,6.664,6.703,158274.6,1059847.6638,1
BYBIT,AVAXUSDT,60,1784127600000,6.703,6.738,6.685,6.723,226392.2,1519200.1078,1
BYBIT,AVAXUSDT,60,1784131200000,6.723,6.737,6.641,6.693,259606.1,1736091.9901,1
BYBIT,AVAXUSDT,60,1784134800000,6.693,6.728,6.688,6.722,204484.5,1371392.367,1
BYBIT,AVAXUSDT,60,1784138400000,6.722,6.745,6.691,6.694,168574.9,1134182.0333,1
BYBIT,AVAXUSDT,60,1784142000000,6.694,6.708,6.682,6.69,112166.3,751247.7918,1
BYBIT,AVAXUSDT,60,1784145600000,6.69,6.732,6.687,6.695,75876.1,508856.5277,1
BYBIT,AVAXUSDT,60,1784149200000,6.695,6.708,6.67,6.68,75481.8,504901.9767,1
BYBIT,AVAXUSDT,60,1784152800000,6.68,6.711,6.67,6.691,159059.0,1063681.9078,1
BYBIT,AVAXUSDT,60,1784156400000,6.691,6.715,6.684,6.696,48388.9,324225.2866,1
BYBIT,AVAXUSDT,60,1784160000000,6.696,6.721,6.685,6.709,127884.6,856790.4598,1
BYBIT,AVAXUSDT,60,1784163600000,6.709,6.72,6.658,6.708,106255.2,710806.81,1
BYBIT,AVAXUSDT,60,1784167200000,6.708,6.719,6.693,6.717,38326.4,256920.7221,1
BYBIT,AVAXUSDT,60,1784170800000,6.717,6.729,6.699,6.708,57339.4,384910.4629,1
BYBIT,AVAXUSDT,60,1784174400000,6.708,6.714,6.684,6.7,55852.8,374086.2497,1
BYBIT,AVAXUSDT,60,1784178000000,6.7,6.737,6.696,6.709,78725.0,528984.5481,1
BYBIT,AVAXUSDT,60,1784181600000,6.709,6.723,6.649,6.676,125266.5,837817.1382,1
BYBIT,AVAXUSDT,60,1784185200000,6.676,6.68,6.607,6.623,296325.8,1965617.2858,1
BYBIT,AVAXUSDT,60,1784188800000,6.623,6.628,6.545,6.587,435305.6,2862939.0284,1
BYBIT,AVAXUSDT,60,1784192400000,6.587,6.6,6.573,6.577,100781.8,664060.7448,1
BYBIT,AVAXUSDT,60,1784196000000,6.577,6.606,6.567,6.592,43117.2,283929.3845,1
BYBIT,AVAXUSDT,60,1784199600000,6.592,6.592,6.554,6.575,135427.5,889777.4247,1
BYBIT,AVAXUSDT,60,1784203200000,6.575,6.575,6.509,6.532,346486.8,2267906.8229,1
BYBIT,AVAXUSDT,60,1784206800000,6.532,6.628,6.528,6.618,184387.5,1215031.2383,1
BYBIT,AVAXUSDT,60,1784210400000,6.618,6.652,6.602,6.629,125472.6,832249.2118,1
BYBIT,AVAXUSDT,60,1784214000000,6.629,6.654,6.592,6.624,100940.2,668808.6968,1
BYBIT,AVAXUSDT,60,1784217600000,6.624,6.635,6.592,6.602,147021.1,972789.609,1
BYBIT,AVAXUSDT,60,1784221200000,6.602,6.602,6.518,6.535,144294.4,946420.651,1
BYBIT,AVAXUSDT,60,1784224800000,6.535,6.582,6.523,6.574,104042.5,681991.9513,1
BYBIT,AVAXUSDT,60,1784228400000,6.574,6.602,6.573,6.595,76140.7,501849.496,1
BYBIT,AVAXUSDT,60,1784232000000,6.595,6.6,6.574,6.592,30446.9,200660.8162,1
BYBIT,AVAXUSDT,60,1784235600000,6.592,6.619,6.586,6.598,66832.3,441621.4251,1
BYBIT,AVAXUSDT,60,1784239200000,6.598,6.627,6.545,6.553,109408.3,720548.4271,1
BYBIT,AVAXUSDT,60,1784242800000,6.553,6.553,6.472,6.509,219643.2,1427691.2637,1
BYBIT,AVAXUSDT,60,1784246400000,6.509,6.512,6.43,6.497,318450.1,2061237.5558,1
BYBIT,AVAXUSDT,60,1784250000000,6.497,6.52,6.45,6.457,121679.4,789700.1938,1
BYBIT,AVAXUSDT,60,1784253600000,6.457,6.486,6.441,6.472,132848.1,858924.9141,1
BYBIT,AVAXUSDT,60,1784257200000,6.472,6.548,6.472,6.524,66831.9,435912.3698,1
BYBIT,AVAXUSDT,60,1784260800000,6.524,6.526,6.479,6.517,67143.7,436433.6,1
BYBIT,AVAXUSDT,60,1784264400000,6.517,6.52,6.436,6.452,107821.9,698020.6699,1
BYBIT,AVAXUSDT,60,1784268000000,6.452,6.501,6.438,6.497,138768.2,899271.4417,1
BYBIT,AVAXUSDT,60,1784271600000,6.497,6.497,6.462,6.475,53141.1,344223.1585,1
BYBIT,AVAXUSDT,60,1784275200000,6.475,6.477,6.419,6.465,92697.2,597612.9598,1
BYBIT,AVAXUSDT,60,1784278800000,6.465,6.5,6.463,6.495,60415.2,391823.2096,1
BYBIT,AVAXUSDT,60,1784282400000,6.495,6.506,6.486,6.488,36473.9,236979.9253,1
BYBIT,AVAXUSDT,60,1784286000000,6.488,6.497,6.48,6.483,41943.4,272077.7211,1
BYBIT,AVAXUSDT,60,1784289600000,6.483,6.491,6.446,6.449,75478.7,488376.0107,1
BYBIT,AVAXUSDT,60,1784293200000,6.449,6.468,6.368,6.465,362335.6,2320974.8238,1
BYBIT,AVAXUSDT,60,1784296800000,6.465,6.511,6.454,6.455,163668.0,1061100.3745,1
BYBIT,AVAXUSDT,60,1784300400000,6.455,6.478,6.405,6.477,161450.0,1039718.7914,1
BYBIT,AVAXUSDT,60,1784304000000,6.477,6.58,6.459,6.556,228086.0,1487213.724,1
BYBIT,AVAXUSDT,60,1784307600000,6.556,6.616,6.556,6.592,230818.4,1521359.584,1
BYBIT,AVAXUSDT,60,1784311200000,6.592,6.649,6.573,6.619,455739.4,3016286.5314,1
BYBIT,AVAXUSDT,60,1784314800000,6.619,6.619,6.552,6.569,108367.5,712759.3114,1
BYBIT,AVAXUSDT,60,1784318400000,6.569,6.574,6.54,6.557,106630.0,699027.736,1
BYBIT,AVAXUSDT,60,1784322000000,6.557,6.575,6.547,6.565,171162.8,1122443.7983,1
BYBIT,AVAXUSDT,60,1784325600000,6.565,6.572,6.546,6.554,44416.5,291223.9645,1
BYBIT,AVAXUSDT,60,1784329200000,6.554,6.583,6.532,6.583,142289.4,933423.252,1
BYBIT,AVAXUSDT,60,1784332800000,6.583,6.604,6.571,6.587,100140.0,660029.1448,1
BYBIT,AVAXUSDT,60,1784336400000,6.587,6.633,6.581,6.612,107830.3,712449.2971,1
BYBIT,AVAXUSDT,60,1784340000000,6.612,6.639,6.609,6.622,64521.1,427455.4547,1
BYBIT,AVAXUSDT,60,1784343600000,6.622,6.655,6.619,6.641,97193.3,645295.5622,1
BYBIT,AVAXUSDT,60,1784347200000,6.641,6.66,6.598,6.6,68868.0,456703.3544,1
BYBIT,AVAXUSDT,60,1784350800000,6.6,6.622,6.584,6.597,74721.9,493568.1367,1
BYBIT,AVAXUSDT,60,1784354400000,6.597,6.61,6.59,6.605,79269.1,523033.1035,1
BYBIT,AVAXUSDT,60,1784358000000,6.605,6.627,6.591,6.604,60309.6,398387.4503,1
BYBIT,AVAXUSDT,60,1784361600000,6.604,6.618,6.567,6.572,86712.4,571808.2193,1
BYBIT,AVAXUSDT,60,1784365200000,6.572,6.573,6.519,6.538,191501.2,1253164.2978,1
BYBIT,AVAXUSDT,60,1784368800000,6.538,6.549,6.528,6.54,54250.3,354750.5956,1
BYBIT,AVAXUSDT,60,1784372400000,6.54,6.55,6.532,6.54,41091.6,268793.4758,1
BYBIT,AVAXUSDT,60,1784376000000,6.54,6.561,6.51,6.544,106909.0,698626.1378,1
BYBIT,AVAXUSDT,60,1784379600000,6.544,6.546,6.519,6.537,45121.6,294901.1839,1
BYBIT,AVAXUSDT,60,1784383200000,6.537,6.57,6.536,6.564,59809.0,392132.9968,1
BYBIT,AVAXUSDT,60,1784386800000,6.564,6.571,6.539,6.539,45162.9,296144.8578,1
BYBIT,AVAXUSDT,60,1784390400000,6.539,6.556,6.52,6.55,108042.0,706629.7313,1
BYBIT,AVAXUSDT,60,1784394000000,6.55,6.588,6.526,6.566,297439.4,1951955.1281,1
BYBIT,AVAXUSDT,60,1784397600000,6.566,6.595,6.552,6.565,86490.1,568313.6562,1
BYBIT,AVAXUSDT,60,1784401200000,6.565,6.576,6.558,6.567,37561.4,246650.4702,1
BYBIT,AVAXUSDT,60,1784404800000,6.567,6.585,6.562,6.571,35749.7,234910.4212,1
BYBIT,AVAXUSDT,60,1784408400000,6.571,6.601,6.566,6.574,111571.2,735044.8111,1
BYBIT,AVAXUSDT,60,1784412000000,6.574,6.591,6.571,6.586,42690.1,280961.2276,1
BYBIT,AVAXUSDT,60,1784415600000,6.586,6.595,6.567,6.57,37400.1,245998.0889,1
BYBIT,AVAXUSDT,60,1784419200000,6.57,6.601,6.568,6.574,119703.0,787836.6905,1
BYBIT,AVAXUSDT,60,1784422800000,6.574,6.583,6.569,6.572,19424.9,127737.4602,1
BYBIT,AVAXUSDT,60,1784426400000,6.572,6.633,6.572,6.617,73739.6,487348.0116,1
BYBIT,AVAXUSDT,60,1784430000000,6.617,6.621,6.578,6.58,167342.6,1104972.2866,1
BYBIT,AVAXUSDT,60,1784433600000,6.58,6.584,6.553,6.561,69951.3,459255.7352,1
BYBIT,AVAXUSDT,60,1784437200000,6.561,6.589,6.557,6.557,69108.5,454142.207,1
BYBIT,AVAXUSDT,60,1784440800000,6.557,6.577,6.549,6.576,54377.1,356784.6245,1
BYBIT,AVAXUSDT,60,1784444400000,6.576,6.576,6.547,6.552,52872.9,346852.0439,1
BYBIT,AVAXUSDT,60,1784448000000,6.552,6.563,6.54,6.557,62686.7,410756.675,1
BYBIT,AVAXUSDT,60,1784451600000,6.557,6.562,6.485,6.492,190059.6,1237173.9162,1
BYBIT,AVAXUSDT,60,1784455200000,6.492,6.532,6.471,6.502,166942.3,1084047.3552,1
BYBIT,AVAXUSDT,60,1784458800000,6.502,6.52,6.473,6.48,80051.8,520455.4207,1
BYBIT,AVAXUSDT,60,1784462400000,6.48,6.481,6.4,6.427,378572.6,2432449.6381,1
BYBIT,AVAXUSDT,60,1784466000000,6.427,6.441,6.414,6.431,75461.6,485027.2453,1
BYBIT,AVAXUSDT,60,1784469600000,6.431,6.473,6.428,6.464,162240.2,1047268.5138,1
BYBIT,AVAXUSDT,60,1784473200000,6.464,6.469,6.436,6.45,58600.2,377936.3795,1
BYBIT,AVAXUSDT,60,1784476800000,6.45,6.461,6.438,6.44,96216.0,620455.1492,1
BYBIT,AVAXUSDT,60,1784480400000,6.44,6.493,6.408,6.469,186256.9,1202133.8772,1
BYBIT,AVAXUSDT,60,1784484000000,6.469,6.472,6.385,6.405,248975.4,1598085.3728,1
BYBIT,AVAXUSDT,60,1784487600000,6.405,6.432,6.398,6.432,66091.8,423827.8902,1
BYBIT,AVAXUSDT,60,1784491200000,6.432,6.444,6.429,6.444,38722.9,249219.1249,1
BYBIT,AVAXUSDT,60,1784494800000,6.444,6.446,6.402,6.412,88324.0,567521.6504,1
BYBIT,AVAXUSDT,60,1784498400000,6.412,6.485,6.406,6.45,155194.8,1001259.8616,1
BYBIT,AVAXUSDT,60,1784502000000,6.45,6.465,6.418,6.463,180296.6,1160533.3465,1
BYBIT,AVAXUSDT,60,1784505600000,6.463,6.547,6.44,6.482,260127.1,1688799.3795,1
BYBIT,AVAXUSDT,60,1784509200000,6.482,6.571,6.48,6.508,190651.4,1245426.4447,1
BYBIT,AVAXUSDT,60,1784512800000,6.508,6.629,6.505,6.615,300163.4,1974909.3904,1
BYBIT,AVAXUSDT,60,1784516400000,6.615,6.648,6.566,6.595,162068.8,1071787.448,1
BYBIT,AVAXUSDT,60,1784520000000,6.595,6.596,6.53,6.54,141020.6,925282.1301,1
BYBIT,AVAXUSDT,60,1784523600000,6.54,6.541,6.452,6.475,224002.2,1453924.0069,1
BYBIT,AVAXUSDT,60,1784527200000,6.475,6.502,6.44,6.467,166094.1,1074167.4056,1
BYBIT,AVAXUSDT,60,1784530800000,6.467,6.545,6.467,6.542,120380.9,784253.24,1
BYBIT,AVAXUSDT,60,1784534400000,6.542,6.559,6.487,6.505,179673.9,1170979.4619,1
BYBIT,AVAXUSDT,60,1784538000000,6.505,6.568,6.499,6.553,123209.6,806159.478,1
BYBIT,AVAXUSDT,60,1784541600000,6.553,6.57,6.538,6.539,96609.2,633198.4267,1
BYBIT,AVAXUSDT,60,1784545200000,6.539,6.631,6.537,6.624,254985.9,1680415.4947,1
BYBIT,AVAXUSDT,60,1784548800000,6.624,6.624,6.555,6.559,197504.0,1299902.9585,1
BYBIT,AVAXUSDT,60,1784552400000,6.559,6.605,6.514,6.528,166057.0,1088624.4696,1
BYBIT,AVAXUSDT,60,1784556000000,6.528,6.548,6.472,6.523,164012.8,1068718.4438,1
BYBIT,AVAXUSDT,60,1784559600000,6.523,6.63,6.521,6.608,197644.7,1302836.007,1
BYBIT,AVAXUSDT,60,1784563200000,6.608,6.617,6.552,6.573,145440.7,956265.0124,1
BYBIT,AVAXUSDT,60,1784566800000,6.573,6.599,6.562,6.593,93441.3,614798.34,1
BYBIT,AVAXUSDT,60,1784570400000,6.593,6.624,6.562,6.565,133886.4,883667.3729,1
BYBIT,AVAXUSDT,60,1784574000000,6.565,6.57,6.54,6.563,144809.8,949339.4936,1
BYBIT,AVAXUSDT,60,1784577600000,6.563,6.604,6.553,6.596,84964.8,559411.2631,1
BYBIT,AVAXUSDT,60,1784581200000,6.596,6.623,6.579,6.58,105902.9,699646.5862,1
BYBIT,AVAXUSDT,60,1784584800000,6.58,6.584,6.544,6.553,53350.5,350128.6475,1
BYBIT,AVAXUSDT,60,1784588400000,6.553,6.594,6.549,6.576,40141.4,263562.577,1
BYBIT,AVAXUSDT,60,1784592000000,6.576,6.621,6.564,6.613,67101.7,442378.0049,1
BYBIT,AVAXUSDT,60,1784595600000,6.613,6.63,6.597,6.612,86732.6,573417.1965,1
BYBIT,AVAXUSDT,60,1784599200000,6.612,6.64,6.584,6.624,116916.9,773775.2443,1
BYBIT,AVAXUSDT,60,1784602800000,6.624,6.664,6.621,6.637,91969.0,610479.3413,1
BYBIT,AVAXUSDT,60,1784606400000,6.637,6.647,6.601,6.61,113536.9,752106.1579,1
BYBIT,AVAXUSDT,60,1784610000000,6.61,6.663,6.61,6.65,70762.9,469863.1507,1
BYBIT,AVAXUSDT,60,1784613600000,6.65,6.685,6.637,6.671,138076.3,920754.7168,1
BYBIT,AVAXUSDT,60,1784617200000,6.671,6.681,6.642,6.673,123667.3,824450.3634,1
BYBIT,AVAXUSDT,60,1784620800000,6.673,6.682,6.652,6.658,136506.3,909821.8537,1
BYBIT,AVAXUSDT,60,1784624400000,6.658,6.666,6.635,6.654,62240.3,413659.3179,1
BYBIT,AVAXUSDT,60,1784628000000,6.654,6.662,6.616,6.624,148455.9,985927.0256,1
BYBIT,AVAXUSDT,60,1784631600000,6.624,6.64,6.61,6.634,76425.5,506137.1793,1
BYBIT,AVAXUSDT,60,1784635200000,6.634,6.656,6.617,6.645,80725.4,535957.0675,1
BYBIT,AVAXUSDT,60,1784638800000,6.645,6.652,6.611,6.641,115442.4,765627.0942,1
BYBIT,AVAXUSDT,60,1784642400000,6.641,6.645,6.575,6.598,192566.6,1272744.9641,1
BYBIT,AVAXUSDT,60,1784646000000,6.598,6.623,6.578,6.616,82834.8,546099.8907,1
BYBIT,AVAXUSDT,60,1784649600000,6.616,6.637,6.603,6.626,129672.8,858288.223,1
BYBIT,AVAXUSDT,60,1784653200000,6.626,6.633,6.577,6.61,99244.2,655916.3158,1
BYBIT,AVAXUSDT,60,1784656800000,6.61,6.631,6.592,6.607,43708.4,289027.3812,1
BYBIT,AVAXUSDT,60,1784660400000,6.607,6.621,6.598,6.609,45959.5,303706.6307,1
BYBIT,AVAXUSDT,60,1784664000000,6.609,6.609,6.57,6.575,48977.2,322666.1367,1
BYBIT,AVAXUSDT,60,1784667600000,6.575,6.575,6.534,6.559,174683.5,1144615.0749,1
BYBIT,AVAXUSDT,60,1784671200000,6.559,6.563,6.539,6.556,62892.7,411747.955,1
BYBIT,AVAXUSDT,60,1784674800000,6.556,6.567,6.517,6.567,147557.3,964320.272,1
BYBIT,AVAXUSDT,60,1784678400000,6.567,6.612,6.558,6.607,137242.2,905323.3257,1
BYBIT,AVAXUSDT,60,1784682000000,6.607,6.609,6.559,6.58,88347.2,581348.301,1
BYBIT,AVAXUSDT,60,1784685600000,6.58,6.614,6.57,6.592,44943.6,296457.9654,1
BYBIT,AVAXUSDT,60,1784689200000,6.592,6.598,6.541,6.545,97260.1,639195.1472,1
BYBIT,AVAXUSDT,60,1784692800000,6.545,6.58,6.535,6.556,50544.7,331821.5415,1
BYBIT,AVAXUSDT,60,1784696400000,6.556,6.556,6.475,6.495,153741.2,999669.9136,1
BYBIT,AVAXUSDT,60,1784700000000,6.495,6.505,6.458,6.505,130543.8,845654.3527,1
BYBIT,AVAXUSDT,60,1784703600000,6.505,6.506,6.484,6.498,92769.5,602705.3744,1
BYBIT,AVAXUSDT,60,1784707200000,6.498,6.524,6.495,6.513,81981.8,533932.2256,1
BYBIT,AVAXUSDT,60,1784710800000,6.513,6.518,6.478,6.506,69559.2,451859.4597,1
BYBIT,AVAXUSDT,60,1784714400000,6.506,6.525,6.498,6.514,62291.4,405851.0351,1
BYBIT,AVAXUSDT,60,1784718000000,6.514,6.517,6.498,6.512,74994.9,487990.0226,1
BYBIT,AVAXUSDT,60,1784721600000,6.512,6.513,6.485,6.503,151608.0,985628.9334,1
BYBIT,AVAXUSDT,60,1784725200000,6.503,6.56,6.499,6.559,172560.0,1127041.0425,1
BYBIT,AVAXUSDT,60,1784728800000,6.559,6.598,6.53,6.568,152812.6,1003251.7745,1
BYBIT,AVAXUSDT,60,1784732400000,6.568,6.651,6.568,6.635,244284.4,1619172.2451,1
BYBIT,AVAXUSDT,60,1784736000000,6.635,6.656,6.602,6.629,166655.7,1105274.6135,1
BYBIT,AVAXUSDT,60,1784739600000,6.629,6.635,6.601,6.606,147132.7,974374.1291,1
BYBIT,AVAXUSDT,60,1784743200000,6.606,6.624,6.585,6.607,97153.3,641298.4621,1
BYBIT,AVAXUSDT,60,1784746800000,6.607,6.613,6.563,6.594,87585.2,577197.2391,1
BYBIT,AVAXUSDT,60,1784750400000,6.594,6.641,6.589,6.632,197842.4,1307645.3968,1
BYBIT,AVAXUSDT,60,1784754000000,6.632,6.661,6.626,6.64,83736.1,556126.923,1
BYBIT,AVAXUSDT,60,1784757600000,6.64,6.647,6.601,6.629,75762.9,501697.183,1
BYBIT,AVAXUSDT,60,1784761200000,6.629,6.629,6.571,6.622,79897.3,527321.3627,1
BYBIT,AVAXUSDT,60,1784764800000,6.622,6.652,6.6,6.627,162621.1,1077986.3414,1
BYBIT,AVAXUSDT,60,1784768400000,6.627,6.634,6.603,6.612,76109.2,503526.9915,1
BYBIT,AVAXUSDT,60,1784772000000,6.612,6.613,6.565,6.574,166959.2,1098974.025,1
BYBIT,AVAXUSDT,60,1784775600000,6.574,6.58,6.519,6.529,176871.1,1156651.4765,1
BYBIT,AVAXUSDT,60,1784779200000,6.529,6.562,6.515,6.538,129736.6,848188.9402,1
BYBIT,AVAXUSDT,60,1784782800000,6.538,6.578,6.527,6.565,54161.1,354866.1936,1
BYBIT,AVAXUSDT,60,1784786400000,6.565,6.583,6.559,6.579,34163.2,224543.6977,1
BYBIT,AVAXUSDT,60,1784790000000,6.579,6.581,6.515,6.554,188758.1,1235147.8832,1
BYBIT,AVAXUSDT,60,1784793600000,6.554,6.582,6.545,6.576,52358.2,343779.3842,1
BYBIT,AVAXUSDT,60,1784797200000,6.576,6.586,6.566,6.572,50024.4,328956.0739,1
BYBIT,AVAXUSDT,60,1784800800000,6.572,6.592,6.565,6.589,66532.8,437903.7308,1
BYBIT,AVAXUSDT,60,1784804400000,6.589,6.607,6.574,6.581,105952.9,698409.3074,1
BYBIT,AVAXUSDT,60,1784808000000,6.581,6.584,6.463,6.507,405350.9,2639602.7089,1
BYBIT,AVAXUSDT,60,1784811600000,6.507,6.509,6.42,6.444,388903.0,2509612.2336,1
BYBIT,AVAXUSDT,60,1784815200000,6.444,6.5,6.427,6.447,194478.3,1256030.1447,1
BYBIT,AVAXUSDT,60,1784818800000,6.447,6.449,6.389,6.446,346942.6,2228250.869,1
BYBIT,AVAXUSDT,60,1784822400000,6.446,6.447,6.404,6.43,155207.2,997367.0672,1
BYBIT,AVAXUSDT,60,1784826000000,6.43,6.434,6.298,6.321,375691.4,2387301.7269,1
BYBIT,AVAXUSDT,60,1784829600000,6.321,6.321,6.186,6.268,816992.3,5101224.8885,1
BYBIT,AVAXUSDT,60,1784833200000,6.268,6.293,6.254,6.279,177556.3,1113165.5765,1
BYBIT,AVAXUSDT,60,1784836800000,6.279,6.32,6.274,6.308,95389.5,601369.4624,1
BYBIT,AVAXUSDT,60,1784840400000,6.308,6.324,6.287,6.298,136444.4,860630.0716,1
BYBIT,AVAXUSDT,60,1784844000000,6.298,6.308,6.276,6.303,50632.7,318843.2182,1
BYBIT,AVAXUSDT,60,1784847600000,6.303,6.307,6.254,6.263,64997.7,408194.5629,1
BYBIT,AVAXUSDT,60,1784851200000,6.263,6.28,6.223,6.264,264948.2,1655875.9689,1
BYBIT,AVAXUSDT,60,1784854800000,6.264,6.284,6.224,6.231,167383.3,1047876.3122,1
BYBIT,AVAXUSDT,60,1784858400000,6.231,6.257,6.204,6.239,105289.3,656051.9752,1
BYBIT,AVAXUSDT,60,1784862000000,6.239,6.276,6.234,6.266,75935.3,475711.1021,1
BYBIT,AVAXUSDT,60,1784865600000,6.266,6.278,6.253,6.258,81707.3,511832.6123,1
BYBIT,AVAXUSDT,60,1784869200000,6.258,6.301,6.244,6.248,377095.7,2367736.3152,1
BYBIT,AVAXUSDT,60,1784872800000,6.248,6.281,6.231,6.258,130846.6,818996.9375,1
BYBIT,AVAXUSDT,60,1784876400000,6.258,6.316,6.247,6.279,194915.2,1225679.791,1
BYBIT,AVAXUSDT,60,1784880000000,6.279,6.282,6.235,6.255,105077.2,657285.0607,1
BYBIT,AVAXUSDT,60,1784883600000,6.255,6.281,6.22,6.272,226861.6,1419012.6451,1
BYBIT,AVAXUSDT,60,1784887200000,6.272,6.275,6.239,6.269,82243.3,514851.3409,1
BYBIT,AVAXUSDT,60,1784890800000,6.269,6.27,6.233,6.253,81758.5,510837.5725,1
BYBIT,AVAXUSDT,60,1784894400000,6.253,6.255,6.206,6.212,161234.7,1004911.3251,1
BYBIT,AVAXUSDT,60,1784898000000,6.212,6.217,6.133,6.201,567605.8,3504717.2757,1
BYBIT,AVAXUSDT,60,1784901600000,6.201,6.208,6.157,6.202,172061.3,1064337.201,1
BYBIT,AVAXUSDT,60,1784905200000,6.202,6.22,6.177,6.198,162302.6,1006429.4528,1
BYBIT,AVAXUSDT,60,1784908800000,6.198,6.206,6.171,6.191,124318.1,769680.399,1
BYBIT,AVAXUSDT,60,1784912400000,6.191,6.228,6.178,6.219,84490.5,524217.2958,1
BYBIT,AVAXUSDT,60,1784916000000,6.219,6.239,6.208,6.233,70068.8,436044.9129,1
BYBIT,AVAXUSDT,60,1784919600000,6.233,6.24,6.212,6.229,61157.9,380727.5811,1
BYBIT,AVAXUSDT,60,1784923200000,6.229,6.246,6.221,6.237,31694.1,197624.3505,1
BYBIT,AVAXUSDT,60,1784926800000,6.237,6.259,6.225,6.237,100938.3,629814.1691,1
BYBIT,AVAXUSDT,60,1784930400000,6.237,6.274,6.232,6.267,68298.8,427504.9966,1
BYBIT,AVAXUSDT,60,1784934000000,6.267,6.313,6.267,6.301,107280.6,675612.9226,1
BYBIT,AVAXUSDT,60,1784937600000,6.301,6.314,6.236,6.257,377287.4,2365059.3165,1
BYBIT,AVAXUSDT,60,1784941200000,6.257,6.272,6.249,6.266,80978.3,506922.8096,1
BYBIT,AVAXUSDT,60,1784944800000,6.266,6.269,6.247,6.255,60989.3,381572.0159,1
BYBIT,AVAXUSDT,60,1784948400000,6.255,6.262,6.233,6.242,28649.5,178942.0839,1
BYBIT,AVAXUSDT,60,1784952000000,6.242,6.263,6.24,6.257,23740.0,148447.0802,1
BYBIT,AVAXUSDT,60,1784955600000,6.257,6.272,6.255,6.263,63460.5,397483.9203,1
BYBIT,AVAXUSDT,60,1784959200000,6.263,6.279,6.237,6.254,83323.5,521493.5263,1
BYBIT,AVAXUSDT,60,1784962800000,6.254,6.261,6.236,6.242,46225.9,288786.5685,1
BYBIT,AVAXUSDT,60,1784966400000,6.242,6.274,6.227,6.234,98950.0,617982.0473,1
BYBIT,AVAXUSDT,60,1784970000000,6.234,6.287,6.234,6.271,111548.1,698517.0581,1
BYBIT,AVAXUSDT,60,1784973600000,6.271,6.28,6.266,6.277,25481.3,159826.024,1
BYBIT,AVAXUSDT,60,1784977200000,6.277,6.297,6.268,6.285,66014.6,414927.9293,1
BYBIT,AVAXUSDT,60,1784980800000,6.285,6.34,6.277,6.314,193827.9,1222512.6214,1
BYBIT,AVAXUSDT,60,1784984400000,6.314,6.5,6.305,6.473,808492.2,5202073.675,1
BYBIT,AVAXUSDT,60,1784988000000,6.473,6.596,6.472,6.552,898783.8,5866600.1443,1
BYBIT,AVAXUSDT,60,1784991600000,6.552,6.597,6.529,6.575,558011.8,3666966.4431,1
BYBIT,AVAXUSDT,60,1784995200000,6.575,6.728,6.571,6.662,929836.8,6185337.1754,1
BYBIT,AVAXUSDT,60,1784998800000,6.662,6.683,6.64,6.659,408766.9,2722459.0402,1
BYBIT,AVAXUSDT,60,1785002400000,6.659,6.714,6.618,6.691,345053.7,2298433.7289,1
BYBIT,AVAXUSDT,60,1785006000000,6.691,6.718,6.657,6.709,270364.1,1807631.8426,1
BYBIT,AVAXUSDT,60,1785009600000,6.709,6.743,6.673,6.727,309575.9,2078327.9664,1
BYBIT,AVAXUSDT,60,1785013200000,6.727,6.802,6.721,6.75,540275.5,3657305.3122,1
BYBIT,AVAXUSDT,60,1785016800000,6.75,6.841,6.75,6.795,407143.8,2766658.8553,1
BYBIT,AVAXUSDT,60,1785020400000,6.795,6.803,6.724,6.775,433562.0,2932881.3377,1
BYBIT,AVAXUSDT,60,1785024000000,6.775,6.797,6.731,6.776,284428.1,1922333.4357,1
BYBIT,AVAXUSDT,60,1785027600000,6.776,6.811,6.755,6.778,176463.6,1196463.4066,1
BYBIT,AVAXUSDT,60,1785031200000,6.778,6.8,6.75,6.788,120475.4,816645.6026,1
BYBIT,AVAXUSDT,60,1785034800000,6.788,6.79,6.735,6.761,147436.5,996891.1083,1
BYBIT,AVAXUSDT,60,1785038400000,6.761,6.781,6.745,6.753,96692.2,653662.4444,1
BYBIT,AVAXUSDT,60,1785042000000,6.753,6.803,6.737,6.782,314014.3,2127987.1993,1
BYBIT,AVAXUSDT,60,1785045600000,6.782,6.816,6.772,6.791,241941.0,1644305.1071,1
BYBIT,AVAXUSDT,60,1785049200000,6.791,6.829,6.75,6.78,221522.6,1503889.5079,1
BYBIT,AVAXUSDT,60,1785052800000,6.78,6.783,6.734,6.755,181078.3,1224698.349,1
BYBIT,AVAXUSDT,60,1785056400000,6.755,6.755,6.726,6.732,117732.0,793760.3392,1
BYBIT,AVAXUSDT,60,1785060000000,6.732,6.733,6.695,6.719,191492.2,1284934.507,1
BYBIT,AVAXUSDT,60,1785063600000,6.719,6.727,6.687,6.696,85121.5,570852.2767,1
BYBIT,AVAXUSDT,60,1785067200000,6.696,6.716,6.684,6.697,157315.2,1053898.2046,1
BYBIT,AVAXUSDT,60,1785070800000,6.697,6.697,6.661,6.671,158992.4,1061111.9297,1
BYBIT,AVAXUSDT,60,1785074400000,6.671,6.701,6.642,6.667,160316.4,1069490.488,1
BYBIT,AVAXUSDT,60,1785078000000,6.667,6.696,6.662,6.69,88741.5,592949.8048,1
BYBIT,AVAXUSDT,60,1785081600000,6.69,6.721,6.677,6.685,124979.9,836855.9654,1
BYBIT,AVAXUSDT,60,1785085200000,6.685,6.698,6.675,6.68,60389.2,403793.8192,1
BYBIT,AVAXUSDT,60,1785088800000,6.68,6.684,6.668,6.67,42025.6,280587.4111,1
BYBIT,AVAXUSDT,60,1785092400000,6.67,6.674,6.659,6.666,39853.8,265736.5189,1
BYBIT,AVAXUSDT,60,1785096000000,6.666,6.674,6.66,6.672,27035.8,180268.414,1
BYBIT,AVAXUSDT,60,1785099600000,6.672,6.682,6.664,6.671,62210.0,415281.5962,1
BYBIT,AVAXUSDT,60,1785103200000,6.671,6.74,6.671,6.72,187833.9,1261460.7852,1
BYBIT,AVAXUSDT,60,1785106800000,6.72,6.752,6.711,6.743,116093.0,781497.1946,1
BYBIT,AVAXUSDT,60,1785110400000,6.743,6.743,6.708,6.724,108345.9,728618.2095,1
BYBIT,AVAXUSDT,60,1785114000000,6.724,6.73,6.683,6.722,82221.2,551586.0599,1
BYBIT,AVAXUSDT,60,1785117600000,6.722,6.722,6.682,6.684,39138.4,262081.4426,1
BYBIT,AVAXUSDT,60,1785121200000,6.684,6.701,6.67,6.686,61223.2,409378.6912,1
BYBIT,AVAXUSDT,60,1785124800000,6.686,6.709,6.684,6.69,80186.8,537095.508,1
BYBIT,AVAXUSDT,60,1785128400000,6.69,6.707,6.671,6.696,68465.5,457985.8441,1
BYBIT,AVAXUSDT,60,1785132000000,6.696,6.742,6.687,6.698,159159.4,1068255.0325,1
BYBIT,AVAXUSDT,60,1785135600000,6.698,6.71,6.662,6.678,129703.6,867725.1951,1
BYBIT,AVAXUSDT,60,1785139200000,6.678,6.681,6.607,6.628,221844.4,1474104.6743,1
BYBIT,AVAXUSDT,60,1785142800000,6.628,6.635,6.594,6.609,299460.6,1980240.406,1
BYBIT,AVAXUSDT,60,1785146400000,6.609,6.653,6.599,6.648,149840.0,993475.4052,1
BYBIT,AVAXUSDT,60,1785150000000,6.648,6.683,6.635,6.665,109730.5,730501.2236,1
BYBIT,AVAXUSDT,60,1785153600000,6.665,6.695,6.646,6.674,186934.1,1247038.1755,1
BYBIT,AVAXUSDT,60,1785157200000,6.674,6.679,6.604,6.638,187623.9,1246378.6108,1
BYBIT,AVAXUSDT,60,1785160800000,6.638,6.656,6.506,6.524,641722.2,4214194.5213,1
BYBIT,AVAXUSDT,60,1785164400000,6.524,6.566,6.472,6.542,626503.3,4084061.9511,1
BYBIT,AVAXUSDT,60,1785168000000,6.542,6.633,6.528,6.612,294594.3,1943936.6384,1
BYBIT,AVAXUSDT,60,1785171600000,6.612,6.616,6.564,6.575,155361.8,1024495.5114,1
BYBIT,AVAXUSDT,60,1785175200000,6.575,6.58,6.546,6.574,186999.9,1227409.8919,1
BYBIT,AVAXUSDT,60,1785178800000,6.574,6.614,6.561,6.61,181720.2,1198889.1397,1
BYBIT,AVAXUSDT,60,1785182400000,6.61,6.618,6.591,6.598,49600.5,327536.7894,1
BYBIT,AVAXUSDT,60,1785186000000,6.598,6.616,6.557,6.574,166348.2,1097710.3315,1
BYBIT,AVAXUSDT,60,1785189600000,6.574,6.575,6.44,6.447,484760.3,3147824.7991,1
BYBIT,AVAXUSDT,60,1785193200000,6.447,6.447,6.37,6.402,633377.2,4061358.3292,1
BYBIT,AVAXUSDT,60,1785196800000,6.402,6.448,6.385,6.422,256332.4,1644068.0314,1
BYBIT,AVAXUSDT,60,1785200400000,6.422,6.428,6.353,6.369,269596.5,1722630.1695,1
BYBIT,AVAXUSDT,60,1785204000000,6.369,6.422,6.36,6.41,82034.0,525103.631,1
BYBIT,AVAXUSDT,60,1785207600000,6.41,6.436,6.406,6.429,48416.6,311026.9276,1
BYBIT,AVAXUSDT,60,1785211200000,6.429,6.451,6.423,6.442,118689.0,763970.761,1
BYBIT,AVAXUSDT,60,1785214800000,6.442,6.453,6.414,6.418,47899.1,308220.9884,1
BYBIT,AVAXUSDT,60,1785218400000,6.418,6.443,6.399,6.441,85686.9,550552.0881,1
BYBIT,AVAXUSDT,60,1785222000000,6.441,6.465,6.422,6.442,73217.3,471883.9005,1
BYBIT,AVAXUSDT,60,1785225600000,6.442,6.443,6.416,6.433,48686.1,313120.1061,1
BYBIT,AVAXUSDT,60,1785229200000,6.433,6.457,6.426,6.438,79394.6,511095.5764,1
BYBIT,AVAXUSDT,60,1785232800000,6.438,6.479,6.436,6.464,106166.0,685500.5905,1
BYBIT,AVAXUSDT,60,1785236400000,6.464,6.479,6.446,6.457,153150.3,988899.8327,1
BYBIT,AVAXUSDT,60,1785240000000,6.457,6.487,6.452,6.48,167422.8,1083793.0103,1
BYBIT,AVAXUSDT,60,1785243600000,6.48,6.499,6.368,6.415,289941.8,1860514.0922,1
BYBIT,AVAXUSDT,60,1785247200000,6.415,6.457,6.396,6.443,114325.9,735186.2712,1
BYBIT,AVAXUSDT,60,1785250800000,6.443,6.587,6.431,6.57,330472.7,2150783.8457,1
BYBIT,AVAXUSDT,60,1785254400000,6.57,6.572,6.512,6.555,127125.4,831825.717,1
BYBIT,AVAXUSDT,60,1785258000000,6.555,6.558,6.496,6.518,79711.9,519805.0646,1
BYBIT,AVAXUSDT,60,1785261600000,6.518,6.536,6.51,6.532,36622.9,238933.0331,1
BYBIT,AVAXUSDT,60,1785265200000,6.532,6.604,6.531,6.59,157259.2,1032764.3978,1
BYBIT,AVAXUSDT,60,1785268800000,6.59,6.598,6.563,6.578,186040.2,1223588.1605,1
BYBIT,AVAXUSDT,60,1785272400000,6.578,6.627,6.578,6.598,214098.7,1415948.2333,1
BYBIT,AVAXUSDT,60,1785276000000,6.598,6.611,6.53,6.53,83832.0,550990.7207,1
BYBIT,AVAXUSDT,60,1785279600000,6.53,6.573,6.519,6.572,60493.3,395901.8941,1
BYBIT,AVAXUSDT,60,1785283200000,6.572,6.633,6.559,6.561,205640.4,1355857.9075,1
BYBIT,AVAXUSDT,60,1785286800000,6.561,6.565,6.502,6.505,89114.7,582180.4829,1
BYBIT,AVAXUSDT,60,1785290400000,6.505,6.53,6.483,6.501,124906.9,812521.9605,1
BYBIT,AVAXUSDT,60,1785294000000,6.501,6.508,6.404,6.407,207071.2,1333585.5906,1
BYBIT,AVAXUSDT,60,1785297600000,6.407,6.409,6.302,6.409,296242.0,1883049.5074,1
BYBIT,AVAXUSDT,60,1785301200000,6.409,6.428,6.398,6.42,116254.3,745556.8415,1
BYBIT,AVAXUSDT,60,1785304800000,6.42,6.45,6.38,6.43,84481.1,542561.701,1
BYBIT,AVAXUSDT,60,1785308400000,6.43,6.434,6.405,6.423,56164.1,360512.588,1
BYBIT,AVAXUSDT,60,1785312000000,6.423,6.425,6.372,6.404,141222.0,903814.274,1
BYBIT,AVAXUSDT,60,1785315600000,6.404,6.432,6.401,6.412,107241.2,687907.0811,1
BYBIT,AVAXUSDT,60,1785319200000,6.412,6.429,6.387,6.403,81758.0,524044.7247,1
BYBIT,AVAXUSDT,60,1785322800000,6.403,6.416,6.384,6.412,81114.5,519398.2402,1
BYBIT,AVAXUSDT,60,1785326400000,6.412,6.413,6.379,6.385,85978.6,549596.9702,1
BYBIT,AVAXUSDT,60,1785330000000,6.385,6.408,6.354,6.399,216775.6,1383272.1818,1
BYBIT,AVAXUSDT,60,1785333600000,6.399,6.415,6.363,6.375,123705.2,790143.3,1
BYBIT,AVAXUSDT,60,1785337200000,6.375,6.401,6.365,6.379,79615.7,507885.7325,1
BYBIT,AVAXUSDT,60,1785340800000,6.379,6.399,6.358,6.38,52379.8,333982.1004,1
BYBIT,AVAXUSDT,60,1785344400000,6.38,6.434,6.38,6.433,92566.2,592424.136,1
BYBIT,AVAXUSDT,60,1785348000000,6.433,6.494,6.398,6.468,358614.9,2316481.3004,1
BYBIT,AVAXUSDT,60,1785351600000,6.468,6.482,6.337,6.357,293061.0,1871405.6244,1
BYBIT,AVAXUSDT,60,1785355200000,6.357,6.38,6.306,6.342,252842.0,1603484.1769,1
BYBIT,AVAXUSDT,60,1785358800000,6.342,6.389,6.307,6.386,118515.8,751490.418,1
BYBIT,AVAXUSDT,60,1785362400000,6.386,6.418,6.383,6.415,66408.0,425281.933,1
BYBIT,AVAXUSDT,60,1785366000000,6.415,6.434,6.396,6.426,54736.0,351186.0734,1
BYBIT,AVAXUSDT,60,1785369600000,6.426,6.441,6.388,6.399,65420.7,419831.2702,1
BYBIT,AVAXUSDT,60,1785373200000,6.399,6.519,6.397,6.496,86933.2,562319.7986,1
BYBIT,AVAXUSDT,60,1785376800000,6.496,6.524,6.483,6.487,76420.1,497077.7385,1
BYBIT,AVAXUSDT,60,1785380400000,6.487,6.524,6.477,6.482,79417.5,516205.2329,1
BYBIT,AVAXUSDT,60,1785384000000,6.482,6.486,6.42,6.432,94374.3,608296.9295,1
BYBIT,AVAXUSDT,60,1785387600000,6.432,6.474,6.417,6.452,66107.7,426327.1437,1
BYBIT,AVAXUSDT,60,1785391200000,6.452,6.453,6.427,6.431,33579.9,216285.7822,1
BYBIT,AVAXUSDT,60,1785394800000,6.431,6.458,6.413,6.42,63185.0,406751.2986,1
BYBIT,AVAXUSDT,60,1785398400000,6.42,6.446,6.412,6.443,80011.4,514501.9226,1
BYBIT,AVAXUSDT,60,1785402000000,6.443,6.455,6.432,6.435,73220.1,471889.5132,1
BYBIT,AVAXUSDT,60,1785405600000,6.435,6.468,6.433,6.457,55690.0,359536.2476,1
BYBIT,AVAXUSDT,60,1785409200000,6.457,6.504,6.453,6.491,128298.3,832638.015,1
BYBIT,AVAXUSDT,60,1785412800000,6.491,6.508,6.453,6.459,127360.0,825563.7265,1
BYBIT,AVAXUSDT,60,1785416400000,6.459,6.477,6.415,6.476,123693.7,798017.6606,1
BYBIT,AVAXUSDT,60,1785420000000,6.476,6.502,6.439,6.485,103475.3,669449.2021,1
BYBIT,AVAXUSDT,60,1785423600000,6.485,6.495,6.44,6.452,95018.2,614162.6983,1
BYBIT,AVAXUSDT,60,1785427200000,6.452,6.497,6.447,6.475,86998.3,563482.9211,1
BYBIT,AVAXUSDT,60,1785430800000,6.475,6.492,6.464,6.48,62761.0,406544.0701,1
BYBIT,AVAXUSDT,60,1785434400000,6.48,6.493,6.45,6.455,32920.9,212927.5566,1
BYBIT,AVAXUSDT,60,1785438000000,6.455,6.477,6.444,6.468,34055.4,220095.5697,1
BYBIT,AVAXUSDT,60,1785441600000,6.468,6.487,6.447,6.45,104283.9,674257.1199,1
BYBIT,AVAXUSDT,60,1785445200000,6.45,6.468,6.442,6.449,59488.7,384138.7488,1
BYBIT,AVAXUSDT,60,1785448800000,6.449,6.477,6.44,6.455,37396.0,241495.3776,1
BYBIT,AVAXUSDT,60,1785452400000,6.455,6.473,6.431,6.431,89236.4,575153.3421,1
BYBIT,AVAXUSDT,60,1785456000000,6.431,6.446,6.425,6.441,106626.9,685794.1517,1
BYBIT,AVAXUSDT,60,1785459600000,6.441,6.54,6.441,6.477,191011.8,1241411.4811,1
BYBIT,AVAXUSDT,60,1785463200000,6.477,6.487,6.404,6.412,173620.9,1116549.4367,1
BYBIT,AVAXUSDT,60,1785466800000,6.412,6.462,6.388,6.449,103178.8,662956.0303,1
BYBIT,AVAXUSDT,60,1785470400000,6.449,6.459,6.425,6.446,38566.7,248578.4398,1
BYBIT,AVAXUSDT,60,1785474000000,6.446,6.478,6.434,6.454,50949.8,329061.6581,1
BYBIT,AVAXUSDT,60,1785477600000,6.454,6.462,6.417,6.436,100807.9,649683.9736,1
BYBIT,AVAXUSDT,60,1785481200000,6.436,6.468,6.386,6.453,135089.7,867081.1264,1
BYBIT,AVAXUSDT,60,1785484800000,6.453,6.474,6.447,6.459,71845.8,464011.98,1
BYBIT,AVAXUSDT,60,1785488400000,6.459,6.467,6.412,6.418,44382.5,285617.7282,1
BYBIT,AVAXUSDT,60,1785492000000,6.418,6.48,6.398,6.477,88528.0,570674.394,1
BYBIT,AVAXUSDT,60,1785495600000,6.477,6.521,6.445,6.459,115400.3,748522.902,1
BYBIT,AVAXUSDT,60,1785499200000,6.459,6.461,6.413,6.445,127027.0,816447.8431,1
BYBIT,AVAXUSDT,60,1785502800000,6.445,6.5,6.375,6.385,210169.6,1353511.276,1
BYBIT,AVAXUSDT,60,1785506400000,6.385,6.427,6.327,6.406,398124.7,2542138.5438,1
BYBIT,AVAXUSDT,60,1785510000000,6.406,6.413,6.374,6.4,148745.2,951241.8302,1
BYBIT,AVAXUSDT,60,1785513600000,6.4,6.425,6.398,6.416,77013.3,493685.534,1
BYBIT,AVAXUSDT,60,1785517200000,6.416,6.472,6.412,6.458,78630.9,506560.4347,1
BYBIT,AVAXUSDT,60,1785520800000,6.458,6.473,6.437,6.452,67357.2,435102.2184,1
BYBIT,AVAXUSDT,60,1785524400000,6.452,6.459,6.406,6.419,57423.7,369197.1903,1
BYBIT,AVAXUSDT,60,1785528000000,6.419,6.449,6.392,6.396,66891.7,428971.5172,1
BYBIT,AVAXUSDT,60,1785531600000,6.396,6.42,6.382,6.392,65282.6,418026.4915,1
BYBIT,AVAXUSDT,60,1785535200000,6.392,6.411,6.381,6.388,35909.9,229799.9125,1
BYBIT,AVAXUSDT,60,1785538800000,6.388,6.397,6.376,6.382,32364.1,206626.3941,1
BYBIT,AVAXUSDT,60,1785542400000,6.382,6.4,6.376,6.383,71431.9,456367.5669,1
BYBIT,AVAXUSDT,60,1785546000000,6.383,6.415,6.382,6.41,34489.4,220732.4906,1
BYBIT,AVAXUSDT,60,1785549600000,6.41,6.421,6.399,6.411,39634.2,254161.0798,1
BYBIT,AVAXUSDT,60,1785553200000,6.411,6.415,6.393,6.406,36331.9,232751.4503,1
BYBIT,AVAXUSDT,60,1785556800000,6.406,6.445,6.406,6.439,30390.5,195188.4422,1
BYBIT,AVAXUSDT,60,1785560400000,6.439,6.45,6.391,6.404,97101.6,623847.8413,1
BYBIT,AVAXUSDT,60,1785564000000,6.404,6.413,6.389,6.408,76921.0,492202.4685,1
BYBIT,AVAXUSDT,60,1785567600000,6.408,6.422,6.367,6.373,71186.9,454759.5107,1
BYBIT,AVAXUSDT,60,1785571200000,6.373,6.378,6.356,6.37,122549.9,780427.5055,1
BYBIT,AVAXUSDT,60,1785574800000,6.37,6.37,6.336,6.343,71938.3,457098.4933,1
BYBIT,AVAXUSDT,60,1785578400000,6.343,6.35,6.316,6.342,113787.6,720440.4415,1
BYBIT,AVAXUSDT,60,1785582000000,6.342,6.346,6.323,6.328,51462.8,325992.2779,1
BYBIT,AVAXUSDT,60,1785585600000,6.328,6.356,6.321,6.346,69827.6,442695.188,1
BYBIT,AVAXUSDT,60,1785589200000,6.346,6.359,6.343,6.351,30285.0,192303.3765,1
BYBIT,AVAXUSDT,60,1785592800000,6.351,6.364,6.347,6.364,35510.9,225764.3896,1
BYBIT,AVAXUSDT,60,1785596400000,6.364,6.376,6.357,6.371,52478.0,334082.3541,1
BYBIT,AVAXUSDT,60,1785600000000,6.371,6.387,6.346,6.358,113042.4,719964.0568,1
BYBIT,AVAXUSDT,60,1785603600000,6.358,6.364,6.281,6.301,234836.9,1482904.6352,1
BYBIT,AVAXUSDT,60,1785607200000,6.301,6.301,6.035,6.097,1069618.6,6575030.6499,1
BYBIT,AVAXUSDT,60,1785610800000,6.097,6.15,6.082,6.125,213863.4,1309804.9665,1
BYBIT,AVAXUSDT,60,1785614400000,6.125,6.15,6.103,6.145,135416.6,829405.2982,1
BYBIT,AVAXUSDT,60,1785618000000,6.145,6.188,6.143,6.183,177391.9,1094095.1409,1
BYBIT,AVAXUSDT,60,1785621600000,6.183,6.205,6.176,6.179,100412.5,621598.0847,1
BYBIT,AVAXUSDT,60,1785625200000,6.179,6.194,6.178,6.185,48035.8,297091.3871,1
BYBIT,AVAXUSDT,60,1785628800000,6.185,6.201,6.179,6.196,121427.3,751786.4123,1
BYBIT,AVAXUSDT,60,1785632400000,6.196,6.231,6.195,6.219,244405.9,1520286.12,1
BYBIT,AVAXUSDT,60,1785636000000,6.219,6.343,6.211,6.322,313617.0,1973061.6817,1
BYBIT,AVAXUSDT,60,1785639600000,6.322,6.342,6.312,6.318,121143.3,766395.42,1
BYBIT,AVAXUSDT,60,1785643200000,6.318,6.54,6.317,6.474,631307.6,4069558.707,1
BYBIT,AVAXUSDT,60,1785646800000,6.474,6.682,6.474,6.575,1001321.8,6600088.8366,1
BYBIT,AVAXUSDT,60,1785650400000,6.575,6.633,6.569,6.607,302564.9,1995717.2494,1
BYBIT,AVAXUSDT,60,1785654000000,6.607,6.628,6.573,6.607,214052.8,1412779.0225,1
BYBIT,AVAXUSDT,60,1785657600000,6.607,6.613,6.552,6.572,245892.2,1617407.9891,1
BYBIT,AVAXUSDT,60,1785661200000,6.572,6.652,6.55,6.613,271675.4,1795919.2438,1
BYBIT,AVAXUSDT,60,1785664800000,6.613,6.613,6.579,6.588,103185.2,680291.2843,1
BYBIT,AVAXUSDT,60,1785668400000,6.588,6.628,6.575,6.591,164041.8,1083854.4212,1
BYBIT,AVAXUSDT,60,1785672000000,6.591,6.602,6.557,6.562,99487.8,655040.4831,1
BYBIT,AVAXUSDT,60,1785675600000,6.562,6.597,6.554,6.591,95200.2,625976.6104,1
BYBIT,AVAXUSDT,60,1785679200000,6.591,6.606,6.561,6.587,70727.5,465639.6657,1
BYBIT,AVAXUSDT,60,1785682800000,6.587,6.612,6.585,6.592,62136.5,409987.6024,1
BYBIT,AVAXUSDT,60,1785686400000,6.592,6.604,6.561,6.584,138669.4,912217.3415,1
BYBIT,AVAXUSDT,60,1785690000000,6.584,6.643,6.577,6.621,91076.1,602395.0479,1
BYBIT,AVAXUSDT,60,1785693600000,6.621,6.669,6.615,6.621,204087.8,1354619.7072,1
BYBIT,AVAXUSDT,60,1785697200000,6.621,6.621,6.581,6.6,117078.9,772432.9156,1
BYBIT,AVAXUSDT,60,1785700800000,6.6,6.602,6.572,6.583,88448.9,582528.3418,1
BYBIT,AVAXUSDT,60,1785704400000,6.583,6.667,6.582,6.639,105653.0,699385.87,1
BYBIT,AVAXUSDT,60,1785708000000,6.639,6.659,6.565,6.594,157189.2,1038504.5747,1
BYBIT,AVAXUSDT,60,1785711600000,6.594,6.595,6.523,6.548,332487.4,2177371.7295,1
BYBIT,AVAXUSDT,60,1785715200000,6.548,6.557,6.511,6.532,115586.4,754986.3023,1
BYBIT,AVAXUSDT,60,1785718800000,6.532,6.542,6.502,6.512,71839.3,468240.1447,1
BYBIT,AVAXUSDT,60,1785722400000,6.512,6.512,6.464,6.479,164762.4,1067998.8159,1
BYBIT,AVAXUSDT,60,1785726000000,6.479,6.479,6.385,6.421,456672.7,2933480.2549,1
BYBIT,AVAXUSDT,60,1785729600000,6.421,6.445,6.402,6.408,100717.5,646937.4577,1
BYBIT,AVAXUSDT,60,1785733200000,6.408,6.424,6.395,6.424,50987.6,326816.2282,1
BYBIT,AVAXUSDT,60,1785736800000,6.424,6.425,6.385,6.388,58955.9,377848.2101,1
BYBIT,AVAXUSDT,60,1785740400000,6.388,6.412,6.378,6.398,78718.3,503424.9432,1
BYBIT,AVAXUSDT,60,1785744000000,6.398,6.427,6.367,6.423,94886.4,606869.0026,1
BYBIT,AVAXUSDT,60,1785747600000,6.423,6.453,6.4,6.45,88422.2,567974.6697,1
BYBIT,AVAXUSDT,60,1785751200000,6.45,6.457,6.43,6.437,53420.7,344209.9343,1
BYBIT,AVAXUSDT,60,1785754800000,6.437,6.454,6.42,6.437,97880.9,629660.0081,1
BYBIT,AVAXUSDT,60,1785758400000,6.437,6.452,6.419,6.436,47819.7,307669.3751,1
BYBIT,AVAXUSDT,60,1785762000000,6.436,6.545,6.434,6.541,166943.2,1084080.2985,1
BYBIT,AVAXUSDT,60,1785765600000,6.541,6.55,6.505,6.536,170023.8,1110552.5435,1
BYBIT,AVAXUSDT,60,1785769200000,6.536,6.541,6.495,6.508,143299.5,934575.8074,1
BYBIT,AVAXUSDT,60,1785772800000,6.508,6.553,6.508,6.526,108590.7,709378.3453,1
BYBIT,AVAXUSDT,60,1785776400000,6.526,6.546,6.518,6.535,48005.4,313501.2043,1
BYBIT,AVAXUSDT,60,1785780000000,6.535,6.58,6.529,6.564,72293.6,473715.8168,1
BYBIT,AVAXUSDT,60,1785783600000,6.564,6.595,6.562,6.573,90966.2,598178.5639,1
BYBIT,AVAXUSDT,60,1785787200000,6.573,6.589,6.555,6.58,60963.5,400661.4983,1
BYBIT,AVAXUSDT,60,1785790800000,6.58,6.582,6.555,6.573,77908.6,511633.4117,1
BYBIT,AVAXUSDT,60,1785794400000,6.573,6.58,6.541,6.572,110522.0,725161.8362,1
BYBIT,AVAXUSDT,60,1785798000000,6.572,6.572,6.555,6.569,30002.3,196910.8976,1
BYBIT,AVAXUSDT,60,1785801600000,6.569,6.611,6.56,6.586,181862.4,1197899.457,1
BYBIT,AVAXUSDT,60,1785805200000,6.586,6.93,6.583,6.866,1405124.3,9554680.8664,1
BYBIT,AVAXUSDT,60,1785808800000,6.866,6.988,6.777,6.915,798005.7,5481238.2027,1
BYBIT,AVAXUSDT,60,1785812400000,6.915,6.952,6.85,6.864,410173.3,2825686.5275,1
BYBIT,AVAXUSDT,60,1785816000000,6.864,6.911,6.836,6.873,205834.5,1415572.0945,1
BYBIT,AVAXUSDT,60,1785819600000,6.873,6.898,6.823,6.837,228998.8,1571040.2457,1
BYBIT,AVAXUSDT,60,1785823200000,6.837,6.851,6.788,6.8,162482.7,1107577.4459,1
BYBIT,AVAXUSDT,60,1785826800000,6.8,6.831,6.767,6.829,122191.7,830032.3969,1
BYBIT,AVAXUSDT,60,1785830400000,6.829,6.831,6.76,6.764,113747.8,771316.465,1
BYBIT,AVAXUSDT,60,1785834000000,6.764,6.798,6.756,6.798,102493.1,694668.5465,1
BYBIT,AVAXUSDT,60,1785837600000,6.798,6.848,6.785,6.797,141923.3,967001.4716,1
BYBIT,AVAXUSDT,60,1785841200000,6.797,6.821,6.79,6.815,132146.7,899374.7863,1
BYBIT,AVAXUSDT,60,1785844800000,6.815,6.826,6.778,6.797,108756.1,739588.2475,1
BYBIT,AVAXUSDT,60,1785848400000,6.797,6.833,6.716,6.742,267818.8,1811319.7039,1
BYBIT,AVAXUSDT,60,1785852000000,6.742,6.755,6.692,6.735,142050.2,954696.5021,1
BYBIT,AVAXUSDT,60,1785855600000,6.735,6.757,6.684,6.754,204884.4,1376327.8325,1
BYBIT,AVAXUSDT,60,1785859200000,6.754,6.756,6.708,6.717,47555.9,319775.7258,1
BYBIT,AVAXUSDT,60,1785862800000,6.717,6.734,6.697,6.698,53060.5,356450.3438,1
BYBIT,AVAXUSDT,60,1785866400000,6.698,6.744,6.693,6.734,100793.7,677388.5218,1
BYBIT,AVAXUSDT,60,1785870000000,6.734,6.745,6.717,6.727,55236.6,371857.7574,1
BYBIT,AVAXUSDT,60,1785873600000,6.727,6.737,6.692,6.711,104384.6,701130.0512,1
BYBIT,AVAXUSDT,60,1785877200000,6.711,6.725,6.69,6.702,91008.1,610710.022,1
BYBIT,AVAXUSDT,60,1785880800000,6.702,6.717,6.635,6.715,230939.1,1542086.0188,1
BYBIT,AVAXUSDT,60,1785884400000,6.715,6.719,6.679,6.684,81293.9,544534.743,1
BYBIT,AVAXUSDT,60,1785888000000,6.684,6.689,6.652,6.662,132677.6,884846.3397,1
BYBIT,AVAXUSDT,60,1785891600000,6.662,6.678,6.648,6.667,78791.6,525091.9907,1
BYBIT,AVAXUSDT,60,1785895200000,6.667,6.704,6.662,6.693,57467.1,383936.2266,1
BYBIT,AVAXUSDT,60,1785898800000,6.693,6.698,6.593,6.621,334178.6,2215383.5377,1
BYBIT,AVAXUSDT,60,1785902400000,6.621,6.654,6.621,6.649,97331.5,646494.3533,1
BYBIT,AVAXUSDT,60,1785906000000,6.649,6.681,6.647,6.677,77714.9,518286.8489,1
BYBIT,AVAXUSDT,60,1785909600000,6.677,6.719,6.675,6.689,108602.8,727216.2246,1
BYBIT,AVAXUSDT,60,1785913200000,6.689,6.691,6.657,6.68,61447.1,409760.7356,1
BYBIT,AVAXUSDT,60,1785916800000,6.68,6.7,6.656,6.659,90746.9,606148.0505,1
BYBIT,AVAXUSDT,60,1785920400000,6.659,6.681,6.659,6.666,36020.4,240336.1192,1
BYBIT,AVAXUSDT,60,1785924000000,6.666,6.687,6.656,6.663,62438.1,416333.3939,1
BYBIT,AVAXUSDT,60,1785927600000,6.663,6.681,6.651,6.658,85724.2,571347.3958,1
BYBIT,AVAXUSDT,60,1785931200000,6.658,6.716,6.652,6.666,137133.3,916900.9395,1
BYBIT,AVAXUSDT,60,1785934800000,6.666,6.669,6.528,6.614,378313.9,2491128.5805,1
BYBIT,AVAXUSDT,60,1785938400000,6.614,6.646,6.604,6.632,146916.5,973768.2888,1
BYBIT,AVAXUSDT,60,1785942000000,6.632,6.679,6.617,6.644,200301.6,1331690.8319,1
BYBIT,AVAXUSDT,60,1785945600000,6.644,6.7,6.639,6.673,191450.5,1278413.3342,1
BYBIT,AVAXUSDT,60,1785949200000,6.673,6.683,6.648,6.673,175584.9,1170062.2364,1
BYBIT,AVAXUSDT,60,1785952800000,6.673,6.692,6.664,6.679,70393.7,469849.119,1
BYBIT,AVAXUSDT,60,1785956400000,6.679,6.687,6.657,6.657,46860.1,312728.7559,1
BYBIT,AVAXUSDT,60,1785960000000,6.657,6.698,6.657,6.676,89353.9,596328.344,1
BYBIT,AVAXUSDT,60,1785963600000,6.676,6.677,6.638,6.65,98094.0,653146.0488,1
BYBIT,AVAXUSDT,60,1785967200000,6.65,6.667,6.641,6.649,39078.1,260005.5666,1
BYBIT,AVAXUSDT,60,1785970800000,6.649,6.668,6.636,6.657,73920.1,491986.2427,1
BYBIT,AVAXUSDT,60,1785974400000,6.657,6.674,6.646,6.655,49923.7,332446.4691,1
BYBIT,AVAXUSDT,60,1785978000000,6.655,6.663,6.615,6.639,92443.9,613890.7472,1
BYBIT,AVAXUSDT,60,1785981600000,6.639,6.649,6.61,6.645,189359.1,1253509.3543,1
BYBIT,AVAXUSDT,60,1785985200000,6.645,6.665,6.631,6.662,37015.5,246137.2562,1
BYBIT,AVAXUSDT,60,1785988800000,6.662,6.694,6.652,6.666,68864.5,459709.473,1
BYBIT,AVAXUSDT,60,1785992400000,6.666,6.698,6.657,6.668,54369.2,362958.5789,1
BYBIT,AVAXUSDT,60,1785996000000,6.668,6.675,6.647,6.669,30027.1,199991.3328,1
BYBIT,AVAXUSDT,60,1785999600000,6.669,6.694,6.662,6.682,30729.9,205226.503,1
BYBIT,AVAXUSDT,60,1786003200000,6.682,6.688,6.653,6.673,42623.3,284201.26,1
BYBIT,AVAXUSDT,60,1786006800000,6.673,6.674,6.488,6.521,460287.0,3018747.9955,1
BYBIT,AVAXUSDT,60,1786010400000,6.521,6.521,6.346,6.406,954716.3,6131952.0402,1
BYBIT,AVAXUSDT,60,1786014000000,6.406,6.452,6.384,6.439,203701.5,1308115.2572,1
BYBIT,AVAXUSDT,60,1786017600000,6.439,6.445,6.407,6.413,179118.1,1150471.6475,1
BYBIT,AVAXUSDT,60,1786021200000,6.413,6.432,6.393,6.417,98978.4,634532.1196,1
BYBIT,AVAXUSDT,60,1786024800000,6.417,6.45,6.399,6.449,117744.4,756264.0316,1
BYBIT,AVAXUSDT,60,1786028400000,6.449,6.475,6.435,6.467,196264.7,1266898.4615,1
BYBIT,AVAXUSDT,60,1786032000000,6.467,6.502,6.431,6.499,197395.3,1277400.5804,1
BYBIT,AVAXUSDT,60,1786035600000,6.499,6.506,6.454,6.458,87553.8,566785.424,1
BYBIT,AVAXUSDT,60,1786039200000,6.458,6.48,6.439,6.45,138898.7,897177.727,1
BYBIT,AVAXUSDT,60,1786042800000,6.45,6.463,6.439,6.445,45285.1,292165.8367,1
BYBIT,AVAXUSDT,60,1786046400000,6.445,6.466,6.441,6.455,67156.0,433372.4452,1
BYBIT,AVAXUSDT,60,1786050000000,6.455,6.466,6.448,6.458,32043.2,206814.799,1
BYBIT,AVAXUSDT,60,1786053600000,6.458,6.472,6.446,6.449,40961.5,264555.8798,1
BYBIT,AVAXUSDT,60,1786057200000,6.449,6.455,6.408,6.436,100230.9,644058.064,1
BYBIT,AVAXUSDT,60,1786060800000,6.436,6.443,6.397,6.415,135350.9,868354.9165,1
BYBIT,AVAXUSDT,60,1786064400000,6.415,6.43,6.396,6.411,47915.3,307372.976,1
BYBIT,AVAXUSDT,60,1786068000000,6.411,6.431,6.388,6.42,80864.2,518688.4862,1
BYBIT,AVAXUSDT,60,1786071600000,6.42,6.44,6.399,6.401,78328.1,502949.9975,1
BYBIT,AVAXUSDT,60,1786075200000,6.401,6.405,6.377,6.392,212352.3,1356767.668,1
BYBIT,AVAXUSDT,60,1786078800000,6.392,6.407,6.364,6.404,70326.9,448866.1535,1
BYBIT,AVAXUSDT,60,1786082400000,6.404,6.429,6.395,6.415,82338.7,528026.1364,1
BYBIT,AVAXUSDT,60,1786086000000,6.415,6.431,6.397,6.41,80735.6,517961.0243,1
BYBIT,AVAXUSDT,60,1786089600000,6.41,6.435,6.404,6.406,82987.0,532743.6491,1
BYBIT,AVAXUSDT,60,1786093200000,6.406,6.473,6.406,6.45,170898.9,1101764.3586,1
BYBIT,AVAXUSDT,60,1786096800000,6.45,6.457,6.427,6.443,86851.3,559812.0757,1
BYBIT,AVAXUSDT,60,1786100400000,6.443,6.468,6.443,6.46,85217.4,550095.4087,1
BYBIT,AVAXUSDT,60,1786104000000,6.46,6.549,6.458,6.49,299748.4,1942897.8011,1
BYBIT,AVAXUSDT,60,1786107600000,6.49,6.501,6.472,6.475,91509.6,593413.6711,1
BYBIT,AVAXUSDT,60,1786111200000,6.475,6.483,6.4,6.422,156695.0,1009196.2683,1
BYBIT,AVAXUSDT,60,1786114800000,6.422,6.447,6.417,6.434,72285.4,464993.959,1
BYBIT,AVAXUSDT,60,1786118400000,6.434,6.456,6.4,6.401,104590.1,672451.7433,1
BYBIT,AVAXUSDT,60,1786122000000,6.401,6.404,6.355,6.391,238799.6,1522987.1974,1
BYBIT,AVAXUSDT,60,1786125600000,6.391,6.406,6.387,6.402,50214.0,321323.0044,1
BYBIT,AVAXUSDT,60,1786129200000,6.402,6.453,6.402,6.441,49809.7,320394.3773,1
BYBIT,AVAXUSDT,60,1786132800000,6.441,6.447,6.433,6.444,25477.4,164090.3449,1
BYBIT,AVAXUSDT,60,1786136400000,6.444,6.473,6.441,6.442,59084.1,381659.9971,1
BYBIT,AVAXUSDT,60,1786140000000,6.442,6.442,6.417,6.418,23339.3,150075.6305,1
BYBIT,AVAXUSDT,60,1786143600000,6.418,6.44,6.418,6.429,17381.5,111733.2716,1
BYBIT,AVAXUSDT,60,1786147200000,6.429,6.435,6.416,6.433,48876.4,313981.4518,1
BYBIT,AVAXUSDT,60,1786150800000,6.433,6.591,6.431,6.548,309330.9,2024919.6428,1
BYBIT,AVAXUSDT,60,1786154400000,6.548,6.565,6.516,6.53,296493.0,1937872.921,1
BYBIT,AVAXUSDT,60,1786158000000,6.53,6.539,6.512,6.521,61274.0,399748.4714,1
BYBIT,AVAXUSDT,60,1786161600000,6.521,6.543,6.512,6.519,94399.9,615923.1258,1
BYBIT,AVAXUSDT,60,1786165200000,6.519,6.547,6.517,6.524,69648.9,454871.7042,1
BYBIT,AVAXUSDT,60,1786168800000,6.524,6.532,6.505,6.511,71807.3,467945.3911,1
BYBIT,AVAXUSDT,60,1786172400000,6.511,6.524,6.501,6.516,26225.0,170773.774,1
BYBIT,AVAXUSDT,60,1786176000000,6.516,6.539,6.51,6.528,87896.3,573950.0892,1
BYBIT,AVAXUSDT,60,1786179600000,6.528,6.563,6.528,6.537,57850.8,378619.3996,1
BYBIT,AVAXUSDT,60,1786183200000,6.537,6.55,6.502,6.523,70966.8,463068.5859,1
BYBIT,AVAXUSDT,60,1786186800000,6.523,6.576,6.515,6.545,90840.6,594923.0779,1
BYBIT,AVAXUSDT,60,1786190400000,6.545,6.561,6.53,6.533,60140.3,393554.0625,1
BYBIT,AVAXUSDT,60,1786194000000,6.533,6.534,6.512,6.513,48146.0,313997.6357,1
BYBIT,AVAXUSDT,60,1786197600000,6.513,6.562,6.512,6.546,38076.9,248966.5312,1
BYBIT,AVAXUSDT,60,1786201200000,6.546,6.562,6.531,6.541,70112.6,458916.7895,1
BYBIT,AVAXUSDT,60,1786204800000,6.541,6.555,6.534,6.545,58500.4,382863.5896,1
BYBIT,AVAXUSDT,60,1786208400000,6.545,6.555,6.533,6.538,25778.5,168657.4567,1
BYBIT,AVAXUSDT,60,1786212000000,6.538,6.538,6.519,6.53,25227.1,164689.4125,1
BYBIT,AVAXUSDT,60,1786215600000,6.53,6.531,6.515,6.52,14178.1,92494.2376,1
BYBIT,AVAXUSDT,60,1786219200000,6.52,6.527,6.505,6.516,116447.1,758457.3608,1
BYBIT,AVAXUSDT,60,1786222800000,6.516,6.522,6.508,6.512,76081.8,495503.8398,1
BYBIT,AVAXUSDT,60,1786226400000,6.512,6.512,6.452,6.468,179328.1,1161356.9924,1
BYBIT,AVAXUSDT,60,1786230000000,6.468,6.482,6.459,6.476,100284.3,649012.5195,1
BYBIT,AVAXUSDT,60,1786233600000,6.476,6.483,6.452,6.482,40520.6,262104.154,1
BYBIT,AVAXUSDT,60,1786237200000,6.482,6.489,6.469,6.477,38330.2,248323.5454,1
BYBIT,AVAXUSDT,60,1786240800000,6.477,6.489,6.468,6.471,24320.8,157546.3088,1
BYBIT,AVAXUSDT,60,1786244400000,6.471,6.473,6.434,6.457,79078.3,510080.2775,1
BYBIT,AVAXUSDT,60,1786248000000,6.457,6.481,6.451,6.471,39449.3,255108.6945,1
BYBIT,AVAXUSDT,60,1786251600000,6.471,6.471,6.43,6.45,59621.6,384316.6441,1
BYBIT,AVAXUSDT,60,1786255200000,6.45,6.495,6.445,6.488,89621.7,579768.6828,1
BYBIT,AVAXUSDT,60,1786258800000,6.488,6.492,6.468,6.48,39220.8,254029.9819,1
BYBIT,AVAXUSDT,60,1786262400000,6.48,6.497,6.458,6.472,65591.2,424640.8092,1
BYBIT,AVAXUSDT,60,1786266000000,6.472,6.489,6.46,6.479,45331.3,293413.9293,1
BYBIT,AVAXUSDT,60,1786269600000,6.479,6.488,6.474,6.475,30870.6,200083.7247,1
BYBIT,AVAXUSDT,60,1786273200000,6.475,6.481,6.466,6.473,28584.6,184979.2228,1
BYBIT,AVAXUSDT,60,1786276800000,6.473,6.474,6.456,6.463,35878.8,231917.3546,1
BYBIT,AVAXUSDT,60,1786280400000,6.463,6.485,6.457,6.476,87903.5,569133.533,1
BYBIT,AVAXUSDT,60,1786284000000,6.476,6.509,6.474,6.499,62057.5,402799.3426,1
BYBIT,AVAXUSDT,60,1786287600000,6.499,6.552,6.499,6.547,97595.3,636303.8306,1
BYBIT,AVAXUSDT,60,1786291200000,6.547,6.588,6.531,6.536,228681.7,1500342.202,1
BYBIT,AVAXUSDT,60,1786294800000,6.536,6.562,6.535,6.547,51456.3,337080.0982,1
BYBIT,AVAXUSDT,60,1786298400000,6.547,6.554,6.525,6.536,57928.5,378904.809,1
BYBIT,AVAXUSDT,60,1786302000000,6.536,6.57,6.534,6.563,168649.1,1105943.1355,1
BYBIT,AVAXUSDT,60,1786305600000,6.563,6.573,6.543,6.565,55647.1,365125.7809,1
BYBIT,AVAXUSDT,60,1786309200000,6.565,6.583,6.545,6.561,97585.9,640436.9798,1
BYBIT,AVAXUSDT,60,1786312800000,6.561,6.589,6.475,6.491,159584.0,1040479.9758,1
BYBIT,AVAXUSDT,60,1786316400000,6.491,6.499,6.38,6.417,456678.3,2934705.762,1
BYBIT,AVAXUSDT,60,1786320000000,6.417,6.472,6.373,6.459,234388.6,1504635.0172,1
BYBIT,AVAXUSDT,60,1786323600000,6.459,6.537,6.447,6.523,119526.8,776525.622,1
BYBIT,AVAXUSDT,60,1786327200000,6.523,6.526,6.459,6.507,76609.4,497461.5622,1
BYBIT,AVAXUSDT,60,1786330800000,6.507,6.517,6.458,6.48,55553.3,360639.513,1
BYBIT,AVAXUSDT,60,1786334400000,6.48,6.523,6.478,6.495,58110.4,377780.9934,1
BYBIT,AVAXUSDT,60,1786338000000,6.495,6.565,6.492,6.54,112874.0,736848.3299,1
BYBIT,AVAXUSDT,60,1786341600000,6.54,6.57,6.514,6.533,116403.1,760930.4966,1
BYBIT,AVAXUSDT,60,1786345200000,6.533,6.547,6.517,6.532,79671.5,520346.0988,1
BYBIT,AVAXUSDT,60,1786348800000,6.532,6.545,6.503,6.512,49509.6,322551.9163,1
BYBIT,AVAXUSDT,60,1786352400000,6.512,6.52,6.49,6.502,56305.4,366231.9667,1
BYBIT,AVAXUSDT,60,1786356000000,6.502,6.531,6.493,6.521,41906.3,272641.4481,1
BYBIT,AVAXUSDT,60,1786359600000,6.521,6.545,6.513,6.545,40716.1,265855.7311,1
BYBIT,AVAXUSDT,60,1786363200000,6.545,6.58,6.52,6.529,314032.5,2057146.5399,1
BYBIT,AVAXUSDT,60,1786366800000,6.529,6.546,6.51,6.528,120432.5,786348.6505,1
BYBIT,AVAXUSDT,60,1786370400000,6.528,6.561,6.512,6.516,82181.3,537570.7416,1
BYBIT,AVAXUSDT,60,1786374000000,6.516,6.53,6.465,6.484,181042.5,1175049.8211,1
BYBIT,AVAXUSDT,60,1786377600000,6.484,6.484,6.412,6.429,240963.2,1554094.1617,1
BYBIT,AVAXUSDT,60,1786381200000,6.429,6.496,6.421,6.483,93630.3,605197.9479,1
BYBIT,AVAXUSDT,60,1786384800000,6.483,6.493,6.473,6.491,47886.7,310408.675,1
BYBIT,AVAXUSDT,60,1786388400000,6.491,6.491,6.456,6.47,119365.1,772667.3376,1
BYBIT,AVAXUSDT,60,1786392000000,6.47,6.471,6.452,6.453,31877.3,205957.9238,1
BYBIT,AVAXUSDT,60,1786395600000,6.453,6.453,6.412,6.419,80270.4,515760.3701,1
BYBIT,AVAXUSDT,60,1786399200000,6.419,6.437,6.406,6.419,53460.9,343177.5077,1
BYBIT,AVAXUSDT,60,1786402800000,6.419,6.437,6.412,6.43,31256.1,200892.8123,1
BYBIT,AVAXUSDT,60,1786406400000,6.43,6.481,6.426,6.474,122706.1,792164.1929,1
BYBIT,AVAXUSDT,60,1786410000000,6.474,6.534,6.466,6.523,118835.2,773149.8093,1
BYBIT,AVAXUSDT,60,1786413600000,6.523,6.549,6.521,6.537,108918.0,712076.899,1
BYBIT,AVAXUSDT,60,1786417200000,6.537,6.556,6.528,6.537,48299.9,315923.8775,1
BYBIT,AVAXUSDT,60,1786420800000,6.537,6.545,6.507,6.526,60370.7,393864.3962,1
BYBIT,AVAXUSDT,60,1786424400000,6.526,6.526,6.485,6.492,91407.8,594583.3709,1
BYBIT,AVAXUSDT,60,1786428000000,6.492,6.515,6.47,6.485,153787.8,999561.4947,1
BYBIT,AVAXUSDT,60,1786431600000,6.485,6.488,6.468,6.482,59041.9,382545.2636,1
BYBIT,AVAXUSDT,60,1786435200000,6.482,6.492,6.467,6.486,39117.8,253494.9706,1
BYBIT,AVAXUSDT,60,1786438800000,6.486,6.522,6.465,6.507,90380.7,587449.7146,1
BYBIT,AVAXUSDT,60,1786442400000,6.507,6.51,6.455,6.494,110686.0,717239.871,1
BYBIT,AVAXUSDT,60,1786446000000,6.494,6.521,6.491,6.503,77376.3,503465.6599,1
BYBIT,AVAXUSDT,60,1786449600000,6.503,6.509,6.467,6.475,85723.2,556212.3674,1
BYBIT,AVAXUSDT,60,1786453200000,6.475,6.478,6.417,6.421,195675.1,1262098.8012,1
BYBIT,AVAXUSDT,60,1786456800000,6.421,6.426,6.218,6.247,714057.2,4505720.3772,1
BYBIT,AVAXUSDT,60,1786460400000,6.247,6.248,6.107,6.211,1007615.5,6231093.0974,1
BYBIT,AVAXUSDT,60,1786464000000,6.211,6.247,6.183,6.213,248456.9,1544744.2818,1
BYBIT,AVAXUSDT,60,1786467600000,6.213,6.233,6.202,6.205,106637.0,663039.4974,1
BYBIT,AVAXUSDT,60,1786471200000,6.205,6.241,6.201,6.234,94126.5,585144.7739,1
BYBIT,AVAXUSDT,60,1786474800000,6.234,6.275,6.213,6.272,114628.4,716454.1048,1
BYBIT,AVAXUSDT,60,1786478400000,6.272,6.325,6.271,6.303,189652.1,1195691.7075,1
BYBIT,AVAXUSDT,60,1786482000000,6.303,6.317,6.288,6.31,71933.7,453284.5715,1
BYBIT,AVAXUSDT,60,1786485600000,6.31,6.331,6.301,6.316,62378.3,394060.2363,1
BYBIT,AVAXUSDT,60,1786489200000,6.316,6.325,6.301,6.317,30736.9,194010.1809,1
BYBIT,AVAXUSDT,60,1786492800000,6.317,6.321,6.275,6.287,108383.7,682567.8441,1
BYBIT,AVAXUSDT,60,1786496400000,6.287,6.308,6.281,6.289,76320.9,480218.2149,1
BYBIT,AVAXUSDT,60,1786500000000,6.289,6.299,6.277,6.286,77592.2,487757.1176,1
BYBIT,AVAXUSDT,60,1786503600000,6.286,6.305,6.262,6.282,80029.1,503082.1382,1
BYBIT,AVAXUSDT,60,1786507200000,6.282,6.315,6.274,6.288,53849.5,338749.3849,1
BYBIT,AVAXUSDT,60,1786510800000,6.288,6.295,6.281,6.289,30885.4,194215.4128,1
BYBIT,AVAXUSDT,60,1786514400000,6.289,6.289,6.233,6.239,227314.3,1421913.8673,1
BYBIT,AVAXUSDT,60,1786518000000,6.239,6.265,6.207,6.232,113855.5,709566.2392,1
BYBIT,AVAXUSDT,60,1786521600000,6.232,6.246,6.217,6.217,117086.9,729361.1329,1
BYBIT,AVAXUSDT,60,1786525200000,6.217,6.261,6.21,6.247,124292.5,775624.3638,1
BYBIT,AVAXUSDT,60,1786528800000,6.247,6.291,6.246,6.279,168973.2,1059936.4681,1
BYBIT,AVAXUSDT,60,1786532400000,6.279,6.308,6.268,6.306,124080.2,780546.1399,1
BYBIT,AVAXUSDT,60,1786536000000,6.306,6.543,6.3,6.408,1180211.9,7597389.6977,1
BYBIT,AVAXUSDT,60,1786539600000,6.408,6.426,6.344,6.349,290205.6,1854301.6302,1
BYBIT,AVAXUSDT,60,1786543200000,6.349,6.362,6.279,6.292,381717.2,2409999.1516,1
BYBIT,AVAXUSDT,60,1786546800000,6.292,6.396,6.288,6.371,251348.1,1593889.3667,1
BYBIT,AVAXUSDT,60,1786550400000,6.371,6.375,6.323,6.345,95990.2,609492.2078,1
BYBIT,AVAXUSDT,60,1786554000000,6.345,6.367,6.33,6.359,74259.2,471343.3956,1
BYBIT,AVAXUSDT,60,1786557600000,6.359,6.393,6.358,6.376,98647.1,628963.6545,1
BYBIT,AVAXUSDT,60,1786561200000,6.376,6.386,6.32,6.353,163350.8,1038782.4553,1
BYBIT,AVAXUSDT,60,1786564800000,6.353,6.423,6.349,6.386,105454.8,673846.2547,1
BYBIT,AVAXUSDT,60,1786568400000,6.386,6.398,6.305,6.33,139104.0,883813.2232,1
BYBIT,AVAXUSDT,60,1786572000000,6.33,6.348,6.29,6.307,106364.7,671925.4567,1
BYBIT,AVAXUSDT,60,1786575600000,6.307,6.322,6.294,6.314,54679.5,344855.4346,1
BYBIT,AVAXUSDT,60,1786579200000,6.314,6.378,6.312,6.368,115450.9,733757.305,1
BYBIT,AVAXUSDT,60,1786582800000,6.368,6.408,6.358,6.399,97229.2,621180.0857,1
BYBIT,AVAXUSDT,60,1786586400000,6.399,6.423,6.373,6.418,83244.2,532494.7169,1
BYBIT,AVAXUSDT,60,1786590000000,6.418,6.522,6.417,6.507,376643.3,2437365.7844,1
BYBIT,AVAXUSDT,60,1786593600000,6.507,6.547,6.485,6.502,209555.8,1363968.3553,1
BYBIT,AVAXUSDT,60,1786597200000,6.502,6.538,6.484,6.513,172953.6,1126636.7249,1
BYBIT,AVAXUSDT,60,1786600800000,6.513,6.543,6.513,6.532,107940.4,704408.4831,1
BYBIT,AVAXUSDT,60,1786604400000,6.532,6.543,6.506,6.515,192198.5,1253069.0593,1
BYBIT,AVAXUSDT,60,1786608000000,6.515,6.532,6.49,6.513,155212.3,1010601.2341,1
BYBIT,AVAXUSDT,60,1786611600000,6.513,6.514,6.473,6.5,134103.8,870344.9567,1
BYBIT,AVAXUSDT,60,1786615200000,6.5,6.516,6.48,6.513,64435.4,418660.4164,1
BYBIT,AVAXUSDT,60,1786618800000,6.513,6.516,6.479,6.501,76898.7,499380.2222,1
BYBIT,AVAXUSDT,60,1786622400000,6.501,6.549,6.493,6.547,229406.0,1496802.6244,1
BYBIT,AVAXUSDT,60,1786626000000,6.547,6.549,6.481,6.492,147253.2,959442.5793,1
BYBIT,AVAXUSDT,60,1786629600000,6.492,6.523,6.463,6.487,228596.3,1483587.6354,1
BYBIT,AVAXUSDT,60,1786633200000,6.487,6.493,6.405,6.409,183971.9,1183231.607,1
BYBIT,AVAXUSDT,60,1786636800000,6.409,6.417,6.36,6.389,271004.1,1730363.0688,1
BYBIT,AVAXUSDT,60,1786640400000,6.389,6.416,6.387,6.415,73080.4,467985.5688,1
BYBIT,AVAXUSDT,60,1786644000000,6.415,6.438,6.406,6.428,40370.9,259260.2323,1
BYBIT,AVAXUSDT,60,1786647600000,6.428,6.436,6.411,6.419,65720.0,422308.5325,1
BYBIT,AVAXUSDT,60,1786651200000,6.419,6.421,6.404,6.411,37983.7,243547.7522,1
BYBIT,AVAXUSDT,60,1786654800000,6.411,6.425,6.4,6.417,33937.2,217593.0899,1
BYBIT,AVAXUSDT,60,1786658400000,6.417,6.442,6.416,6.442,31153.0,200493.7791,1
BYBIT,AVAXUSDT,60,1786662000000,6.442,6.453,6.433,6.453,34357.0,221399.799,1
BYBIT,AVAXUSDT,60,1786665600000,6.453,6.478,6.446,6.462,152272.9,984079.4907,1
BYBIT,AVAXUSDT,60,1786669200000,6.462,6.484,6.452,6.463,43611.4,281953.9996,1
BYBIT,AVAXUSDT,60,1786672800000,6.463,6.469,6.433,6.446,76477.4,493448.761,1
BYBIT,AVAXUSDT,60,1786676400000,6.446,6.446,6.408,6.412,62133.6,399111.855,1
BYBIT,AVAXUSDT,60,1786680000000,6.412,6.433,6.403,6.428,29993.6,192566.7381,1
BYBIT,AVAXUSDT,60,1786683600000,6.428,6.433,6.41,6.424,24731.5,158788.5591,1
BYBIT,AVAXUSDT,60,1786687200000,6.424,6.425,6.375,6.378,94254.6,602969.301,1
BYBIT,AVAXUSDT,60,1786690800000,6.378,6.403,6.365,6.374,126612.3,807890.4877,1
BYBIT,AVAXUSDT,60,1786694400000,6.374,6.404,6.372,6.39,67529.0,431083.172,1
BYBIT,AVAXUSDT,60,1786698000000,6.39,6.393,6.353,6.354,72319.6,460627.3744,1
BYBIT,AVAXUSDT,60,1786701600000,6.354,6.376,6.347,6.36,49987.0,318014.8175,1
BYBIT,AVAXUSDT,60,1786705200000,6.36,6.368,6.351,6.356,34129.0,217029.0241,1
BYBIT,AVAXUSDT,60,1786708800000,6.356,6.379,6.344,6.378,42696.6,271472.2058,1
BYBIT,AVAXUSDT,60,1786712400000,6.378,6.4,6.359,6.389,74005.0,472350.8884,1
BYBIT,AVAXUSDT,60,1786716000000,6.389,6.399,6.367,6.381,154274.3,983619.0,1
BYBIT,AVAXUSDT,60,1786719600000,6.381,6.446,6.368,6.435,105882.3,678990.0518,1
BYBIT,AVAXUSDT,60,1786723200000,6.435,6.456,6.42,6.439,98007.7,630991.0594,1
BYBIT,AVAXUSDT,60,1786726800000,6.439,6.49,6.437,6.438,98464.0,636343.2705,1
BYBIT,AVAXUSDT,60,1786730400000,6.438,6.443,6.402,6.423,89831.2,577195.899,1
BYBIT,AVAXUSDT,60,1786734000000,6.423,6.457,6.392,6.428,169134.4,1086103.2065,1
BYBIT,AVAXUSDT,60,1786737600000,6.428,6.439,6.419,6.42,28960.9,186146.4004,1
BYBIT,AVAXUSDT,60,1786741200000,6.42,6.425,6.385,6.397,73167.7,468510.3533,1
BYBIT,AVAXUSDT,60,1786744800000,6.397,6.426,6.384,6.426,67801.5,434244.6143,1
BYBIT,AVAXUSDT,60,1786748400000,6.426,6.492,6.424,6.475,96034.3,620714.8425,1
BYBIT,AVAXUSDT,60,1786752000000,6.475,6.514,6.475,6.496,123738.8,803264.8551,1
BYBIT,AVAXUSDT,60,1786755600000,6.496,6.502,6.475,6.485,67453.4,437575.038,1
BYBIT,AVAXUSDT,60,1786759200000,6.485,6.867,6.485,6.764,1196847.5,8005749.3974,1
BYBIT,AVAXUSDT,60,1786762800000,6.764,6.856,6.745,6.768,629786.6,4279949.8297,1
BYBIT,AVAXUSDT,60,1786766400000,6.768,6.79,6.686,6.723,324311.5,2186060.2818,1
BYBIT,AVAXUSDT,60,1786770000000,6.723,6.742,6.676,6.687,148109.2,993293.1232,1
BYBIT,AVAXUSDT,60,1786773600000,6.687,6.701,6.6,6.65,300133.8,1994393.7239,1
BYBIT,AVAXUSDT,60,1786777200000,6.65,6.657,6.616,6.616,115611.4,767460.848,1
BYBIT,AVAXUSDT,60,1786780800000,6.616,6.628,6.59,6.594,256689.2,1696215.6013,1
BYBIT,AVAXUSDT,60,1786784400000,6.594,6.6,6.579,6.586,81990.4,540298.6616,1
BYBIT,AVAXUSDT,60,1786788000000,6.586,6.594,6.575,6.587,133505.6,878969.6609,1
BYBIT,AVAXUSDT,60,1786791600000,6.587,6.587,6.565,6.568,68433.2,449970.3414,1
BYBIT,AVAXUSDT,60,1786795200000,6.568,6.594,6.562,6.587,67885.0,446415.2654,1
BYBIT,AVAXUSDT,60,1786798800000,6.587,6.587,6.546,6.561,84736.3,556337.8155,1
BYBIT,AVAXUSDT,60,1786802400000,6.561,6.577,6.549,6.551,47663.8,312904.7608,1
BYBIT,AVAXUSDT,60,1786806000000,6.551,6.569,6.536,6.559,66657.7,436624.2748,1
BYBIT,AVAXUSDT,60,1786809600000,6.559,6.561,6.476,6.503,293838.1,1912234.0253,1
BYBIT,AVAXUSDT,60,1786813200000,6.503,6.516,6.49,6.501,82962.0,539387.569,1
BYBIT,AVAXUSDT,60,1786816800000,6.501,6.504,6.49,6.493,105189.2,683425.114,1
BYBIT,AVAXUSDT,60,1786820400000,6.493,6.507,6.484,6.503,53022.6,344429.4728,1
BYBIT,AVAXUSDT,60,1786824000000,6.503,6.503,6.489,6.494,27031.0,175597.875,1
BYBIT,AVAXUSDT,60,1786827600000,6.494,6.503,6.489,6.491,63134.5,410029.2793,1
BYBIT,AVAXUSDT,60,1786831200000,6.491,6.492,6.36,6.374,499699.7,3206372.8304,1
BYBIT,AVAXUSDT,60,1786834800000,6.374,6.375,6.302,6.329,472557.7,2989881.1569,1
BYBIT,AVAXUSDT,60,1786838400000,6.329,6.334,6.217,6.32,677446.4,4246649.8213,1
BYBIT,AVAXUSDT,60,1786842000000,6.32,6.344,6.316,6.331,142109.2,899812.9076,1
BYBIT,AVAXUSDT,60,1786845600000,6.331,6.356,6.308,6.353,112735.4,714220.5151,1
BYBIT,AVAXUSDT,60,1786849200000,6.353,6.366,6.345,6.348,81325.2,516901.0376,1
BYBIT,AVAXUSDT,60,1786852800000,6.348,6.351,6.33,6.336,53142.3,336983.4957,1
BYBIT,AVAXUSDT,60,1786856400000,6.336,6.339,6.324,6.331,51137.8,323848.2215,1
BYBIT,AVAXUSDT,60,1786860000000,6.331,6.335,6.316,6.325,43956.9,278042.606,1
BYBIT,AVAXUSDT,60,1786863600000,6.325,6.337,6.32,6.331,38936.3,246423.011,1
BYBIT,AVAXUSDT,60,1786867200000,6.331,6.34,6.321,6.332,50798.1,321622.3603,1
BYBIT,AVAXUSDT,60,1786870800000,6.332,6.355,6.329,6.341,71923.9,456300.7535,1
BYBIT,AVAXUSDT,60,1786874400000,6.341,6.376,6.339,6.367,71302.3,453501.1474,1
BYBIT,AVAXUSDT,60,1786878000000,6.367,6.381,6.343,6.355,84458.6,537468.1385,1
BYBIT,AVAXUSDT,60,1786881600000,6.355,6.379,6.35,6.379,45531.6,289617.7901,1
BYBIT,AVAXUSDT,60,1786885200000,6.379,6.39,6.371,6.378,63630.3,406028.1489,1
BYBIT,AVAXUSDT,60,1786888800000,6.378,6.421,6.378,6.409,281243.0,1800145.4024,1
BYBIT,AVAXUSDT,60,1786892400000,6.409,6.429,6.408,6.426,99046.2,635728.4337,1
BYBIT,AVAXUSDT,60,1786896000000,6.426,6.431,6.36,6.364,159636.6,1020722.859,1
BYBIT,AVAXUSDT,60,1786899600000,6.364,6.375,6.35,6.355,83694.7,532683.1646,1
BYBIT,AVAXUSDT,60,1786903200000,6.355,6.357,6.331,6.333,76418.1,484615.5476,1
BYBIT,AVAXUSDT,60,1786906800000,6.333,6.354,6.333,6.341,61383.8,389284.1988,1
BYBIT,AVAXUSDT,60,1786910400000,6.341,6.347,6.318,6.325,72640.8,460204.0641,1
BYBIT,AVAXUSDT,60,1786914000000,6.325,6.327,6.261,6.294,241728.6,1522951.4458,1
BYBIT,AVAXUSDT,60,1786917600000,6.294,6.329,6.283,6.325,103592.2,653555.775,1
BYBIT,AVAXUSDT,60,1786921200000,6.325,6.332,6.314,6.327,29357.4,185673.2691,1
BYBIT,AVAXUSDT,60,1786924800000,6.327,6.339,6.289,6.306,109538.9,691281.1834,1
BYBIT,AVAXUSDT,60,1786928400000,6.306,6.368,6.303,6.333,148679.2,943530.3633,1
BYBIT,AVAXUSDT,60,1786932000000,6.333,6.381,6.326,6.369,105704.2,672078.9908,1
BYBIT,AVAXUSDT,60,1786935600000,6.369,6.371,6.353,6.362,54987.1,349773.8709,1
BYBIT,AVAXUSDT,60,1786939200000,6.362,6.396,6.362,6.383,54122.6,345264.1234,1
BYBIT,AVAXUSDT,60,1786942800000,6.383,6.386,6.352,6.353,34226.4,217980.8501,1
BYBIT,AVAXUSDT,60,1786946400000,6.353,6.388,6.337,6.375,65131.4,413823.9424,1
BYBIT,AVAXUSDT,60,1786950000000,6.375,6.377,6.357,6.36,40778.5,259579.2306,1
BYBIT,AVAXUSDT,60,1786953600000,6.36,6.362,6.304,6.314,136039.6,860571.25,1
BYBIT,AVAXUSDT,60,1786957200000,6.314,6.328,6.31,6.322,53717.8,339299.9572,1
BYBIT,AVAXUSDT,60,1786960800000,6.322,6.353,6.317,6.345,59657.0,378088.8059,1
BYBIT,AVAXUSDT,60,1786964400000,6.345,6.347,6.315,6.324,49157.0,311251.8218,1
BYBIT,AVAXUSDT,60,1786968000000,6.324,6.328,6.292,6.306,134821.1,850884.8066,1
BYBIT,AVAXUSDT,60,1786971600000,6.306,6.32,6.287,6.304,145048.7,914315.0586,1
BYBIT,AVAXUSDT,60,1786975200000,6.304,6.329,6.29,6.323,97703.4,616064.5803,1
BYBIT,AVAXUSDT,60,1786978800000,6.323,6.342,6.307,6.322,117774.7,744530.6476,1
BYBIT,AVAXUSDT,60,1786982400000,6.322,6.328,6.296,6.296,89128.7,562463.1824,1
BYBIT,AVAXUSDT,60,1786986000000,6.296,6.343,6.292,6.318,98957.0,625325.0747,1
BYBIT,AVAXUSDT,60,1786989600000,6.318,6.354,6.317,6.335,96238.1,610389.0391,1
BYBIT,AVAXUSDT,60,1786993200000,6.335,6.347,6.311,6.337,59449.5,376453.25,1
BYBIT,AVAXUSDT,60,1786996800000,6.337,6.355,6.32,6.338,129866.7,823011.8583,1
BYBIT,AVAXUSDT,60,1787000400000,6.338,6.345,6.328,6.336,67596.2,428311.4805,1
BYBIT,AVAXUSDT,60,1787004000000,6.336,6.341,6.31,6.314,32967.0,208644.0553,1
BYBIT,AVAXUSDT,60,1787007600000,6.314,6.365,6.31,6.347,38047.0,241397.1282,1
BYBIT,AVAXUSDT,60,1787011200000,6.347,6.383,6.343,6.382,76089.4,483836.4131,1
BYBIT,AVAXUSDT,60,1787014800000,6.382,6.448,6.326,6.334,174687.4,1117243.1811,1
BYBIT,AVAXUSDT,60,1787018400000,6.334,6.334,6.238,6.245,283029.6,1776558.4129,1
BYBIT,AVAXUSDT,60,1787022000000,6.245,6.28,6.23,6.272,145300.4,908479.6687,1
BYBIT,AVAXUSDT,60,1787025600000,6.272,6.295,6.264,6.295,56969.3,357941.717,1
BYBIT,AVAXUSDT,60,1787029200000,6.295,6.352,6.287,6.335,92809.2,586952.0417,1
BYBIT,AVAXUSDT,60,1787032800000,6.335,6.366,6.307,6.349,123747.2,785191.0223,1
BYBIT,AVAXUSDT,60,1787036400000,6.349,6.351,6.302,6.31,65248.7,412852.2921,1
BYBIT,AVAXUSDT,60,1787040000000,6.31,6.345,6.293,6.323,108282.6,683791.5224,1
BYBIT,AVAXUSDT,60,1787043600000,6.323,6.335,6.313,6.322,80416.3,508360.6668,1
BYBIT,AVAXUSDT,60,1787047200000,6.322,6.326,6.298,6.31,111129.0,701047.9908,1
BYBIT,AVAXUSDT,60,1787050800000,6.31,6.331,6.31,6.33,34447.4,217872.4968,1
BYBIT,AVAXUSDT,60,1787054400000,6.33,6.333,6.309,6.326,44034.1,278264.4338,1
BYBIT,AVAXUSDT,60,1787058000000,6.326,6.335,6.308,6.319,59833.2,378400.7233,1
BYBIT,AVAXUSDT,60,1787061600000,6.319,6.394,6.319,6.349,158908.2,1010773.3,1
BYBIT,AVAXUSDT,60,1787065200000,6.349,6.371,6.344,6.371,92215.9,586529.9273,1
BYBIT,AVAXUSDT,60,1787068800000,6.371,6.376,6.318,6.335,132800.5,841761.7818,1
BYBIT,AVAXUSDT,60,1787072400000,6.335,6.354,6.326,6.346,46426.3,294411.6453,1
BYBIT,AVAXUSDT,60,1787076000000,6.346,6.36,6.337,6.345,35443.5,225074.2794,1
BYBIT,AVAXUSDT,60,1787079600000,6.345,6.359,6.333,6.343,34789.7,220839.9223,1
BYBIT,AVAXUSDT,60,1787083200000,6.343,6.353,6.309,6.31,46638.6,295238.0733,1
BYBIT,AVAXUSDT,60,1787086800000,6.31,6.318,6.298,6.312,54719.4,345234.3069,1
BYBIT,AVAXUSDT,60,1787090400000,6.312,6.324,6.305,6.315,37887.4,239234.8311,1
BYBIT,AVAXUSDT,60,1787094000000,6.315,6.346,6.315,6.332,21095.3,133612.3909,1
BYBIT,AVAXUSDT,60,1787097600000,6.332,6.343,6.313,6.325,87087.7,550983.5753,1
BYBIT,AVAXUSDT,60,1787101200000,6.325,6.355,6.325,6.348,42978.2,272680.9136,1
BYBIT,AVAXUSDT,60,1787104800000,6.348,6.352,6.332,6.342,250430.0,1588943.4775,1
BYBIT,AVAXUSDT,60,1787108400000,6.342,6.37,6.333,6.359,46070.9,292841.5668,1
BYBIT,AVAXUSDT,60,1787112000000,6.359,6.364,6.343,6.346,55045.0,349747.3707,1
BYBIT,AVAXUSDT,60,1787115600000,6.346,6.36,6.34,6.343,28378.8,180126.683,1
BYBIT,AVAXUSDT,60,1787119200000,6.343,6.363,6.334,6.363,61825.4,392635.9352,1
BYBIT,AVAXUSDT,60,1787122800000,6.363,6.37,6.344,6.348,90827.5,577535.8006,1
BYBIT,AVAXUSDT,60,1787126400000,6.348,6.389,6.346,6.358,138323.2,880807.0224,1
BYBIT,AVAXUSDT,60,1787130000000,6.358,6.368,6.335,6.343,50841.4,322741.6419,1
BYBIT,AVAXUSDT,60,1787133600000,6.343,6.343,6.32,6.335,66639.8,421926.4788,1
BYBIT,AVAXUSDT,60,1787137200000,6.335,6.344,6.301,6.309,67070.6,423933.5934,1
BYBIT,AVAXUSDT,60,1787140800000,6.309,6.367,6.307,6.354,96662.1,613342.2129,1
BYBIT,AVAXUSDT,60,1787144400000,6.354,6.355,6.301,6.306,155948.4,987889.4925,1
BYBIT,AVAXUSDT,60,1787148000000,6.306,6.388,6.284,6.373,253904.8,1608967.6857,1
BYBIT,AVAXUSDT,60,1787151600000,6.373,6.727,6.365,6.555,1713412.0,11289859.9402,1
BYBIT,AVAXUSDT,60,1787155200000,6.555,6.638,6.554,6.604,377810.1,2493289.0603,1
BYBIT,AVAXUSDT,60,1787158800000,6.604,6.607,6.521,6.541,180810.9,1185919.8519,1
BYBIT,AVAXUSDT,60,1787162400000,6.541,6.547,6.496,6.524,172156.5,1122844.2726,1
BYBIT,AVAXUSDT,60,1787166000000,6.524,6.589,6.517,6.585,122029.1,798504.0654,1
BYBIT,AVAXUSDT,60,1787169600000,6.585,6.764,6.583,6.709,424175.4,2838745.1504,1
BYBIT,AVAXUSDT,60,1787173200000,6.709,6.883,6.7,6.825,1117018.2,7606406.5844,1
BYBIT,AVAXUSDT,60,1787176800000,6.825,6.866,6.76,6.793,587945.0,4000210.0813,1
BYBIT,AVAXUSDT,60,1787180400000,6.793,6.809,6.747,6.777,117734.4,798158.7495,1
BYBIT,AVAXUSDT,60,1787184000000,6.777,6.822,6.741,6.784,258080.5,1751984.0757,1
BYBIT,AVAXUSDT,60,1787187600000,6.784,6.8,6.746,6.793,120089.8,814269.2636,1
BYBIT,AVAXUSDT,60,1787191200000,6.793,6.811,6.769,6.771,93921.8,638423.1515,1
BYBIT,AVAXUSDT,60,1787194800000,6.771,6.772,6.693,6.753,152157.0,1024671.5842,1
BYBIT,AVAXUSDT,60,1787198400000,6.753,6.771,6.728,6.76,74545.4,502934.4644,1
BYBIT,AVAXUSDT,60,1787202000000,6.76,6.776,6.744,6.749,38642.0,261040.3236,1
BYBIT,AVAXUSDT,60,1787205600000,6.749,6.803,6.727,6.802,90852.0,614304.7731,1
BYBIT,AVAXUSDT,60,1787209200000,6.802,6.829,6.784,6.807,129464.8,880688.4138,1
BYBIT,AVAXUSDT,60,1787212800000,6.807,6.951,6.794,6.911,368944.7,2541604.6875,1
BYBIT,AVAXUSDT,60,1787216400000,6.911,6.93,6.853,6.869,218361.0,1505284.7326,1
BYBIT,AVAXUSDT,60,1787220000000,6.869,6.965,6.866,6.914,135674.7,939649.2049,1
BYBIT,AVAXUSDT,60,1787223600000,6.914,6.949,6.874,6.888,185580.1,1283085.4383,1
BYBIT,AVAXUSDT,60,1787227200000,6.888,6.904,6.724,6.86,548711.4,3738776.1831,1
BYBIT,AVAXUSDT,60,1787230800000,6.86,6.922,6.827,6.911,250936.8,1726350.4444,1
BYBIT,AVAXUSDT,60,1787234400000,6.911,6.969,6.897,6.968,241573.9,1674643.0501,1
BYBIT,AVAXUSDT,60,1787238000000,6.968,7.14,6.956,7.053,765415.8,5401321.8754,1
BYBIT,AVAXUSDT,60,1787241600000,7.053,7.236,7.045,7.22,882805.6,6298131.3793,1
BYBIT,AVAXUSDT,60,1787245200000,7.22,7.322,7.2,7.263,510088.0,3701837.3044,1
BYBIT,AVAXUSDT,60,1787248800000,7.263,7.28,7.156,7.165,462389.2,3335366.7766,1
BYBIT,AVAXUSDT,60,1787252400000,7.165,7.201,7.126,7.14,207174.1,1482856.5856,1
BYBIT,AVAXUSDT,60,1787256000000,7.14,7.209,7.119,7.209,199058.8,1426045.3424,1
BYBIT,AVAXUSDT,60,1787259600000,7.209,7.221,7.159,7.207,143413.9,1032334.421,1
BYBIT,AVAXUSDT,60,1787263200000,7.207,7.207,7.147,7.171,78401.7,562620.7304,1
BYBIT,AVAXUSDT,60,1787266800000,7.171,7.31,7.167,7.289,224600.8,1631801.5845,1
BYBIT,AVAXUSDT,60,1787270400000,7.289,7.357,7.217,7.27,334703.5,2443430.5939,1
BYBIT,AVAXUSDT,60,1787274000000,7.27,7.334,7.234,7.299,252505.1,1838359.9486,1
BYBIT,AVAXUSDT,60,1787277600000,7.299,7.321,7.252,7.269,159763.6,1163998.8138,1
BYBIT,AVAXUSDT,60,1787281200000,7.269,7.345,7.232,7.301,190961.6,1389712.3109,1
BYBIT,AVAXUSDT,60,1787284800000,7.301,7.353,7.27,7.312,171976.5,1256983.9679,1
BYBIT,AVAXUSDT,60,1787288400000,7.312,7.394,7.275,7.393,263401.8,1932546.4967,1
BYBIT,AVAXUSDT,60,1787292000000,7.393,7.443,7.306,7.358,349918.8,2580509.8828,1
BYBIT,AVAXUSDT,60,1787295600000,7.358,7.495,7.349,7.473,265011.6,1975580.2111,1
BYBIT,AVAXUSDT,60,1787299200000,7.473,7.697,7.471,7.682,447168.7,3394002.545,1
BYBIT,AVAXUSDT,60,1787302800000,7.682,7.688,7.363,7.588,943926.7,7084927.3211,1
BYBIT,AVAXUSDT,60,1787306400000,7.588,7.633,7.531,7.617,241103.4,1825785.5868,1
BYBIT,AVAXUSDT,60,1787310000000,7.617,7.664,7.431,7.491,538595.1,4051746.0194,1
BYBIT,AVAXUSDT,60,1787313600000,7.491,7.581,7.451,7.554,301065.0,2264308.8865,1
BYBIT,AVAXUSDT,60,1787317200000,7.554,7.635,7.465,7.577,338812.2,2560480.731,1
BYBIT,AVAXUSDT,60,1787320800000,7.577,7.654,7.51,7.631,294473.7,2233991.506,1
BYBIT,AVAXUSDT,60,1787324400000,7.631,7.675,7.535,7.617,269268.1,2051767.4857,1
BYBIT,AVAXUSDT,60,1787328000000,7.617,7.654,7.544,7.631,133836.3,1017582.5623,1
BYBIT,AVAXUSDT,60,1787331600000,7.631,7.703,7.603,7.658,290861.0,2229318.7568,1
BYBIT,AVAXUSDT,60,1787335200000,7.658,7.671,7.471,7.521,384798.0,2907636.7193,1
BYBIT,AVAXUSDT,60,1787338800000,7.521,7.582,7.466,7.538,186183.9,1400635.9329,1
BYBIT,AVAXUSDT,60,1787342400000,7.538,7.639,7.512,7.634,115778.2,878161.7949,1
BYBIT,AVAXUSDT,60,1787346000000,7.634,7.781,7.631,7.771,321187.5,2475808.4641,1
BYBIT,AVAXUSDT,60,1787349600000,7.771,7.89,7.75,7.86,271869.0,2125257.2011,1
BYBIT,AVAXUSDT,60,1787353200000,7.86,7.89,7.79,7.835,204621.5,1603266.5758,1
BYBIT,AVAXUSDT,60,1787356800000,7.835,7.896,7.77,7.874,234095.9,1834464.9873,1
BYBIT,AVAXUSDT,60,1787360400000,7.874,7.926,7.822,7.839,262211.4,2065244.8893,1
BYBIT,AVAXUSDT,60,1787364000000,7.839,8.066,7.839,8.059,213672.5,1703924.9161,1
BYBIT,AVAXUSDT,60,1787367600000,8.059,8.118,8.018,8.075,515532.3,4160498.3905,1
BYBIT,AVAXUSDT,60,1787371200000,8.075,8.318,8.023,8.24,480842.1,3933930.4103,1
BYBIT,AVAXUSDT,60,1787374800000,8.24,8.303,6.956,7.694,2602924.1,19748915.6379,1
BYBIT,AVAXUSDT,60,1787378400000,7.694,7.714,7.562,7.666,306654.5,2341858.0453,1
BYBIT,AVAXUSDT,60,1787382000000,7.666,7.733,7.59,7.607,219939.9,1683078.9401,1
BYBIT,AVAXUSDT,60,1787385600000,7.607,7.653,7.464,7.537,411595.3,3101201.2206,1
BYBIT,AVAXUSDT,60,1787389200000,7.537,7.609,7.457,7.527,239192.3,1800463.1682,1
BYBIT,AVAXUSDT,60,1787392800000,7.527,7.543,7.336,7.501,614220.0,4561015.4628,1
BYBIT,AVAXUSDT,60,1787396400000,7.501,7.536,7.458,7.524,158061.5,1185441.8835,1
BYBIT,AVAXUSDT,60,1787400000000,7.524,7.594,7.503,7.554,128533.5,972548.8506,1
BYBIT,AVAXUSDT,60,1787403600000,7.554,7.569,7.509,7.541,89207.0,672627.1177,1
BYBIT,AVAXUSDT,60,1787407200000,7.541,7.549,7.437,7.471,179135.1,1340033.5491,1
BYBIT,AVAXUSDT,60,1787410800000,7.471,7.502,7.424,7.448,98596.5,735695.0589,1
BYBIT,AVAXUSDT,60,1787414400000,7.448,7.637,7.447,7.595,204232.4,1545887.9546,1
BYBIT,AVAXUSDT,60,1787418000000,7.595,7.6,7.545,7.575,128540.0,974054.8441,1
BYBIT,AVAXUSDT,60,1787421600000,7.575,7.589,7.523,7.558,75321.6,569630.7817,1
BYBIT,AVAXUSDT,60,1787425200000,7.558,7.597,7.531,7.561,102397.0,774173.2602,1
BYBIT,AVAXUSDT,60,1787428800000,7.561,7.601,7.543,7.568,111233.7,842345.4044,1
BYBIT,AVAXUSDT,60,1787432400000,7.568,7.569,7.437,7.453,167650.0,1257198.5331,1
BYBIT,AVAXUSDT,60,1787436000000,7.453,7.526,7.409,7.483,187181.3,1398225.3812,1
BYBIT,AVAXUSDT,60,1787439600000,7.483,7.509,7.448,7.492,47480.9,355170.3197,1
BYBIT,AVAXUSDT,60,1787443200000,7.492,7.582,7.462,7.568,191732.0,1441048.7515,1
BYBIT,AVAXUSDT,60,1787446800000,7.568,7.568,7.498,7.513,93975.4,707847.1381,1
BYBIT,AVAXUSDT,60,1787450400000,7.513,7.52,7.421,7.455,193126.9,1442336.5967,1
BYBIT,AVAXUSDT,60,1787454000000,7.455,7.468,7.367,7.403,158435.3,1173730.3814,1
BYBIT,AVAXUSDT,60,1787457600000,7.403,7.441,7.305,7.328,260859.1,1920508.6594,1
BYBIT,AVAXUSDT,60,1787461200000,7.328,7.392,7.27,7.311,247072.0,1811028.2328,1
BYBIT,AVAXUSDT,60,1787464800000,7.311,7.382,7.293,7.339,105282.3,772992.9487,1
BYBIT,AVAXUSDT,60,1787468400000,7.339,7.398,7.327,7.371,82977.4,611518.7664,1
BYBIT,AVAXUSDT,60,1787472000000,7.371,7.44,7.366,7.406,81931.3,606310.2371,1
BYBIT,AVAXUSDT,60,1787475600000,7.406,7.425,7.378,7.417,38940.7,288485.8411,1
BYBIT,AVAXUSDT,60,1787479200000,7.417,7.475,7.414,7.435,102757.2,764665.7331,1
BYBIT,AVAXUSDT,60,1787482800000,7.435,7.529,7.428,7.527,133697.8,1002155.6477,1
BYBIT,AVAXUSDT,60,1787486400000,7.527,7.558,7.477,7.542,150225.6,1130794.0894,1
BYBIT,AVAXUSDT,60,1787490000000,7.542,7.629,7.536,7.613,238098.9,1805324.9996,1
BYBIT,AVAXUSDT,60,1787493600000,7.613,7.658,7.432,7.561,454565.4,3425331.4507,1
BYBIT,AVAXUSDT,60,1787497200000,7.561,7.606,7.511,7.555,201249.3,1522287.5937,1
BYBIT,AVAXUSDT,60,1787500800000,7.555,7.594,7.529,7.577,92926.7,702853.2581,1
BYBIT,AVAXUSDT,60,1787504400000,7.577,7.604,7.528,7.546,179351.7,1357324.9272,1
BYBIT,AVAXUSDT,60,1787508000000,7.546,7.593,7.541,7.588,91044.8,689542.7285,1
BYBIT,AVAXUSDT,60,1787511600000,7.588,7.593,7.537,7.543,96476.6,730121.8226,1
BYBIT,AVAXUSDT,60,1787515200000,7.543,7.576,7.512,7.575,73841.9,557585.2259,1
BYBIT,AVAXUSDT,60,1787518800000,7.575,7.674,7.575,7.627,146871.8,1122066.9292,1
BYBIT,AVAXUSDT,60,1787522400000,7.627,7.658,7.58,7.622,128323.2,978672.4703,1
BYBIT,AVAXUSDT,60,1787526000000,7.622,7.646,7.581,7.606,96123.0,731103.9781,1
BYBIT,AVAXUSDT,60,1787529600000,7.606,7.606,7.461,7.567,242411.5,1823875.9676,1
BYBIT,AVAXUSDT,60,1787533200000,7.567,7.577,7.415,7.422,131199.3,982489.1605,1
BYBIT,AVAXUSDT,60,1787536800000,7.422,7.535,7.394,7.501,97609.5,729916.4212,1
BYBIT,AVAXUSDT,60,1787540400000,7.501,7.503,7.429,7.45,60938.7,454282.3978,1
BYBIT,AVAXUSDT,60,1787544000000,7.45,7.51,7.449,7.503,88392.1,661381.2084,1
BYBIT,AVAXUSDT,60,1787547600000,7.503,7.528,7.45,7.486,99375.2,744547.9316,1
BYBIT,AVAXUSDT,60,1787551200000,7.486,7.511,7.429,7.475,112355.5,838812.6652,1
BYBIT,AVAXUSDT,60,1787554800000,7.475,7.54,7.447,7.454,73073.3,546662.3315,1
BYBIT,AVAXUSDT,60,1787558400000,7.454,7.47,7.402,7.441,109197.0,811430.8482,1
BYBIT,AVAXUSDT,60,1787562000000,7.441,7.497,7.434,7.489,46545.0,348179.6322,1
BYBIT,AVAXUSDT,60,1787565600000,7.489,7.519,7.442,7.459,105244.8,788404.9127,1
BYBIT,AVAXUSDT,60,1787569200000,7.459,7.581,7.413,7.544,132252.7,993053.5958,1
BYBIT,AVAXUSDT,60,1787572800000,7.544,7.615,7.457,7.59,207261.3,1563464.5567,1
BYBIT,AVAXUSDT,60,1787576400000,7.59,7.611,7.438,7.509,353056.3,2660103.1555,1
BYBIT,AVAXUSDT,60,1787580000000,7.509,7.598,7.491,7.563,159082.7,1201011.919,1
BYBIT,AVAXUSDT,60,1787583600000,7.563,7.647,7.508,7.533,214057.3,1623142.5706,1
BYBIT,AVAXUSDT,60,1787587200000,7.533,7.641,7.527,7.554,208535.4,1580238.664,1
BYBIT,AVAXUSDT,60,1787590800000,7.554,7.579,7.48,7.525,193027.2,1450414.6643,1
BYBIT,AVAXUSDT,60,1787594400000,7.525,7.571,7.505,7.518,66347.7,500520.0675,1
BYBIT,AVAXUSDT,60,1787598000000,7.518,7.534,7.507,7.525,88685.6,667010.1703,1
BYBIT,AVAXUSDT,60,1787601600000,7.525,7.564,7.513,7.55,45472.7,342531.4987,1
BYBIT,AVAXUSDT,60,1787605200000,7.55,7.576,7.536,7.57,51246.8,387421.9057,1
BYBIT,AVAXUSDT,60,1787608800000,7.57,7.585,7.511,7.515,45367.1,341956.3919,1
BYBIT,AVAXUSDT,60,1787612400000,7.515,7.546,7.495,7.541,52908.0,397979.1345,1
BYBIT,AVAXUSDT,60,1787616000000,7.541,7.637,7.506,7.621,166674.3,1261348.716,1
BYBIT,AVAXUSDT,60,1787619600000,7.621,7.638,7.582,7.616,73626.6,560712.0244,1
BYBIT,AVAXUSDT,60,1787623200000,7.616,7.731,7.579,7.68,210438.2,1615199.929,1
BYBIT,AVAXUSDT,60,1787626800000,7.68,7.72,7.594,7.621,164856.0,1262907.082,1
BYBIT,AVAXUSDT,60,1787630400000,7.621,7.666,7.607,7.647,120605.9,921299.8494,1
BYBIT,AVAXUSDT,60,1787634000000,7.647,7.7,7.633,7.668,63111.7,484436.7747,1
BYBIT,AVAXUSDT,60,1787637600000,7.668,7.673,7.568,7.582,201953.0,1538944.575,1
BYBIT,AVAXUSDT,60,1787641200000,7.582,7.618,7.473,7.521,210693.4,1590998.8146,1
BYBIT,AVAXUSDT,60,1787644800000,7.521,7.575,7.516,7.527,97234.2,733320.9188,1
BYBIT,AVAXUSDT,60,1787648400000,7.527,7.544,7.484,7.52,84836.5,637704.1537,1
BYBIT,AVAXUSDT,60,1787652000000,7.52,7.538,7.503,7.524,147404.8,1108977.2328,1
BYBIT,AVAXUSDT,60,1787655600000,7.524,7.549,7.508,7.517,41195.1,309943.1832,1
BYBIT,AVAXUSDT,60,1787659200000,7.517,7.536,7.487,7.521,104375.8,784174.6042,1
BYBIT,AVAXUSDT,60,1787662800000,7.521,7.528,7.32,7.412,506213.7,3754070.4206,1
BYBIT,AVAXUSDT,60,1787666400000,7.412,7.51,7.393,7.492,157372.4,1174119.8545,1
BYBIT,AVAXUSDT,60,1787670000000,7.492,7.507,7.448,7.504,73718.4,551601.8784,1
BYBIT,AVAXUSDT,60,1787673600000,7.504,7.533,7.454,7.463,84065.9,630371.9988,1
BYBIT,AVAXUSDT,60,1787677200000,7.463,7.492,7.429,7.481,79711.4,593850.6879,1
BYBIT,AVAXUSDT,60,1787680800000,7.481,7.518,7.473,7.493,36232.1,271667.1592,1
BYBIT,AVAXUSDT,60,1787684400000,7.493,7.499,7.445,7.455,48506.0,361960.2881,1
BYBIT,AVAXUSDT,60,1787688000000,7.455,7.458,7.339,7.343,171308.0,1266032.8315,1
BYBIT,AVAXUSDT,60,1787691600000,7.343,7.366,7.222,7.345,338029.4,2464813.859,1
BYBIT,AVAXUSDT,60,1787695200000,7.345,7.388,7.343,7.385,38277.8,282221.4052,1
BYBIT,AVAXUSDT,60,1787698800000,7.385,7.394,7.311,7.322,58643.5,430916.5792,1
BYBIT,AVAXUSDT,60,1787702400000,7.322,7.359,7.291,7.354,95087.3,696000.3231,1
BYBIT,AVAXUSDT,60,1787706000000,7.354,7.389,7.348,7.369,38692.1,285218.9932,1
BYBIT,AVAXUSDT,60,1787709600000,7.369,7.419,7.351,7.39,66638.8,492686.2227,1
BYBIT,AVAXUSDT,60,1787713200000,7.39,7.395,7.342,7.364,58838.3,433262.7489,1
BYBIT,AVAXUSDT,60,1787716800000,7.364,7.375,7.327,7.33,76919.1,565313.761,1
BYBIT,AVAXUSDT,60,1787720400000,7.33,7.369,7.298,7.369,85117.8,624340.8962,1
BYBIT,AVAXUSDT,60,1787724000000,7.369,7.399,7.361,7.391,108738.9,802822.473,1
BYBIT,AVAXUSDT,60,1787727600000,7.391,7.414,7.384,7.387,72621.2,537388.2425,1
BYBIT,AVAXUSDT,60,1787731200000,7.387,7.408,7.345,7.363,51669.3,381196.2765,1
BYBIT,AVAXUSDT,60,1787734800000,7.363,7.381,7.277,7.312,153309.8,1123016.1698,1
BYBIT,AVAXUSDT,60,1787738400000,7.312,7.409,7.299,7.401,93009.6,685246.1997,1
BYBIT,AVAXUSDT,60,1787742000000,7.401,7.406,7.314,7.332,92571.9,681303.5466,1
BYBIT,AVAXUSDT,60,1787745600000,7.332,7.385,7.274,7.345,173726.4,1273154.8131,1
BYBIT,AVAXUSDT,60,1787749200000,7.345,7.357,7.262,7.303,134508.7,982320.155,1
BYBIT,AVAXUSDT,60,1787752800000,7.303,7.327,7.182,7.198,243845.5,1763658.3036,1
BYBIT,AVAXUSDT,60,1787756400000,7.198,7.247,7.153,7.226,256227.2,1843134.4883,1
BYBIT,AVAXUSDT,60,1787760000000,7.226,7.25,7.188,7.207,64482.1,465273.2959,1
BYBIT,AVAXUSDT,60,1787763600000,7.207,7.289,7.205,7.241,89299.8,647836.2094,1
BYBIT,AVAXUSDT,60,1787767200000,7.241,7.256,7.229,7.245,49592.7,359224.8872,1
BYBIT,AVAXUSDT,60,1787770800000,7.245,7.277,7.237,7.246,45848.4,332682.7631,1
BYBIT,AVAXUSDT,60,1787774400000,7.246,7.268,7.2,7.268,45205.1,327099.8839,1
BYBIT,AVAXUSDT,60,1787778000000,7.268,7.347,7.26,7.342,108551.7,794097.312,1
BYBIT,AVAXUSDT,60,1787781600000,7.342,7.401,7.336,7.363,102178.5,752770.1836,1
BYBIT,AVAXUSDT,60,1787785200000,7.363,7.454,7.358,7.436,108880.2,807689.8743,1
BYBIT,AVAXUSDT,60,1787788800000,7.436,7.441,7.359,7.359,95952.5,710247.3342,1
BYBIT,AVAXUSDT,60,1787792400000,7.359,7.403,7.327,7.379,47294.1,348030.5482,1
BYBIT,AVAXUSDT,60,1787796000000,7.379,7.397,7.335,7.343,35126.2,258757.8187,1
BYBIT,AVAXUSDT,60,1787799600000,7.343,7.375,7.323,7.342,31839.5,233900.972,1
BYBIT,AVAXUSDT,60,1787803200000,7.342,7.371,7.311,7.333,49160.8,360940.2705,1
BYBIT,AVAXUSDT,60,1787806800000,7.333,7.353,7.291,7.344,60844.6,445494.8014,1
BYBIT,AVAXUSDT,60,1787810400000,7.344,7.372,7.316,7.365,65408.4,479804.3958,1
BYBIT,AVAXUSDT,60,1787814000000,7.365,7.385,7.351,7.373,45290.6,333743.1555,1
BYBIT,AVAXUSDT,60,1787817600000,7.373,7.472,7.365,7.467,230181.0,1708617.9267,1
BYBIT,AVAXUSDT,60,1787821200000,7.467,7.513,7.434,7.446,121135.8,904973.5163,1
BYBIT,AVAXUSDT,60,1787824800000,7.446,7.466,7.344,7.412,139757.8,1033642.8214,1
BYBIT,AVAXUSDT,60,1787828400000,7.412,7.431,7.37,7.388,96923.6,716575.4469,1
BYBIT,AVAXUSDT,60,1787832000000,7.388,7.424,7.376,7.392,52813.0,390791.2765,1
BYBIT,AVAXUSDT,60,1787835600000,7.392,7.55,7.389,7.466,1188234.7,8868864.9009,1
BYBIT,AVAXUSDT,60,1787839200000,7.466,7.54,7.449,7.502,144909.8,1086534.1353,1
BYBIT,AVAXUSDT,60,1787842800000,7.502,7.57,7.494,7.516,196953.4,1483849.5918,1
BYBIT,AVAXUSDT,60,1787846400000,7.516,7.547,7.494,7.519,160776.5,1209855.8985,1
BYBIT,AVAXUSDT,60,1787850000000,7.519,7.575,7.509,7.522,80063.4,603839.7836,1
BYBIT,AVAXUSDT,60,1787853600000,7.522,7.527,7.45,7.508,136905.9,1024525.9795,1
BYBIT,AVAXUSDT,60,1787857200000,7.508,7.517,7.473,7.476,56178.3,421049.4108,1
BYBIT,AVAXUSDT,60,1787860800000,7.476,7.521,7.465,7.521,75888.1,568179.192,1
BYBIT,AVAXUSDT,60,1787864400000,7.521,7.526,7.483,7.511,54112.5,406174.0749,1
BYBIT,AVAXUSDT,60,1787868000000,7.511,7.537,7.505,7.514,39705.9,298605.7342,1
BYBIT,AVAXUSDT,60,1787871600000,7.514,7.533,7.503,7.519,36206.3,272157.7955,1
BYBIT,AVAXUSDT,60,1787875200000,7.519,7.531,7.507,7.514,52775.7,396941.0465,1
BYBIT,AVAXUSDT,60,1787878800000,7.514,7.592,7.497,7.516,117419.7,885090.9604,1
BYBIT,AVAXUSDT,60,1787882400000,7.516,7.516,7.397,7.434,221919.9,1652343.6185,1
BYBIT,AVAXUSDT,60,1787886000000,7.434,7.459,7.407,7.438,100924.3,750234.3151,1
BYBIT,AVAXUSDT,60,1787889600000,7.438,7.455,7.402,7.428,68512.1,509137.0341,1
BYBIT,AVAXUSDT,60,1787893200000,7.428,7.467,7.413,7.458,42996.7,319733.2657,1
BYBIT,AVAXUSDT,60,1787896800000,7.458,7.5,7.458,7.482,39237.5,293556.2595,1
BYBIT,AVAXUSDT,60,1787900400000,7.482,7.482,7.389,7.394,104481.6,775412.6766,1
BYBIT,AVAXUSDT,60,1787904000000,7.394,7.432,7.364,7.393,79664.8,589667.9643,1
BYBIT,AVAXUSDT,60,1787907600000,7.393,7.395,7.358,7.359,59703.5,440449.4389,1
BYBIT,AVAXUSDT,60,1787911200000,7.359,7.413,7.314,7.413,178771.6,1314810.7407,1
BYBIT,AVAXUSDT,60,1787914800000,7.413,7.442,7.41,7.422,71600.4,531830.4741,1
BYBIT,AVAXUSDT,60,1787918400000,7.422,7.428,7.383,7.398,52560.2,389065.4643,1
BYBIT,AVAXUSDT,60,1787922000000,7.398,7.41,7.352,7.386,107417.8,792538.3988,1
BYBIT,AVAXUSDT,60,1787925600000,7.386,7.471,7.276,7.432,397102.0,2922383.8061,1
BYBIT,AVAXUSDT,60,1787929200000,7.432,7.454,7.315,7.324,147747.0,1089849.7553,1
BYBIT,AVAXUSDT,60,1787932800000,7.324,7.333,7.198,7.291,407023.1,2960237.8717,1
BYBIT,AVAXUSDT,60,1787936400000,7.291,7.315,7.259,7.282,94374.1,687572.911,1
BYBIT,AVAXUSDT,60,1787940000000,7.282,7.284,7.198,7.241,118245.6,855393.5798,1
BYBIT,AVAXUSDT,60,1787943600000,7.241,7.282,7.238,7.265,42735.2,310282.4864,1
BYBIT,AVAXUSDT,60,1787947200000,7.265,7.283,7.255,7.27,33299.4,241988.654,1
BYBIT,AVAXUSDT,60,1787950800000,7.27,7.295,7.243,7.252,40252.0,292587.6222,1
BYBIT,AVAXUSDT,60,1787954400000,7.252,7.306,7.246,7.301,32822.0,238973.4031,1
BYBIT,AVAXUSDT,60,1787958000000,7.301,7.314,7.294,7.303,39802.8,290706.0673,1
BYBIT,AVAXUSDT,60,1787961600000,7.303,7.326,7.291,7.294,75532.7,552048.6929,1
BYBIT,AVAXUSDT,60,1787965200000,7.294,7.306,7.282,7.297,20706.5,151043.1849,1
BYBIT,AVAXUSDT,60,1787968800000,7.297,7.304,7.252,7.277,33019.2,240084.153,1
BYBIT,AVAXUSDT,60,1787972400000,7.277,7.286,7.255,7.255,54655.8,397543.6985,1
BYBIT,AVAXUSDT,60,1787976000000,7.255,7.302,7.253,7.293,27239.0,198319.3715,1
BYBIT,AVAXUSDT,60,1787979600000,7.293,7.31,7.29,7.309,21034.7,153602.9441,1
BYBIT,AVAXUSDT,60,1787983200000,7.309,7.311,7.255,7.272,56008.7,407471.9875,1
BYBIT,AVAXUSDT,60,1787986800000,7.272,7.282,7.261,7.266,21536.2,156622.6266,1
BYBIT,AVAXUSDT,60,1787990400000,7.266,7.266,7.219,7.236,65330.6,472892.4856,1
BYBIT,AVAXUSDT,60,1787994000000,7.236,7.26,7.235,7.249,35673.3,258534.5975,1
BYBIT,AVAXUSDT,60,1787997600000,7.249,7.28,7.236,7.255,34245.9,248638.9771,1
BYBIT,AVAXUSDT,60,1788001200000,7.255,7.262,7.243,7.256,27015.6,195949.8632,1
BYBIT,AVAXUSDT,60,1788004800000,7.256,7.285,7.253,7.276,20137.3,146477.8811,1
BYBIT,AVAXUSDT,60,1788008400000,7.276,7.298,7.262,7.297,33090.6,240712.5057,1
BYBIT,AVAXUSDT,60,1788012000000,7.297,7.363,7.29,7.354,86509.8,633905.8917,1
BYBIT,AVAXUSDT,60,1788015600000,7.354,7.362,7.313,7.329,70209.5,514998.543,1
BYBIT,AVAXUSDT,60,1788019200000,7.329,7.339,7.298,7.315,43642.6,319383.1958,1
BYBIT,AVAXUSDT,60,1788022800000,7.315,7.318,7.265,7.287,36326.9,264842.8706,1
BYBIT,AVAXUSDT,60,1788026400000,7.287,7.324,7.282,7.312,53399.6,389977.6728,1
BYBIT,AVAXUSDT,60,1788030000000,7.312,7.333,7.305,7.315,43109.8,315616.3691,1
BYBIT,AVAXUSDT,60,1788033600000,7.315,7.331,7.309,7.319,17546.2,128403.2037,1
BYBIT,AVAXUSDT,60,1788037200000,7.319,7.333,7.3,7.301,39482.7,288792.6516,1
BYBIT,AVAXUSDT,60,1788040800000,7.301,7.322,7.298,7.319,18229.1,133212.4973,1
BYBIT,AVAXUSDT,60,1788044400000,7.319,7.329,7.305,7.326,14993.3,109735.3801,1
BYBIT,AVAXUSDT,60,1788048000000,7.326,7.343,7.309,7.309,51814.2,379431.5914,1
BYBIT,AVAXUSDT,60,1788051600000,7.309,7.313,7.233,7.272,107731.1,783425.4692,1
BYBIT,AVAXUSDT,60,1788055200000,7.272,7.288,7.26,7.278,36643.1,266611.3461,1
BYBIT,AVAXUSDT,60,1788058800000,7.278,7.3,7.275,7.287,29484.1,214865.3413,1
BYBIT,AVAXUSDT,60,1788062400000,7.287,7.299,7.26,7.281,22839.2,166367.5389,1
BYBIT,AVAXUSDT,60,1788066000000,7.281,7.302,7.28,7.299,27399.0,199817.1605,1
BYBIT,AVAXUSDT,60,1788069600000,7.299,7.342,7.295,7.34,24157.1,176808.8965,1
BYBIT,AVAXUSDT,60,1788073200000,7.34,7.343,7.312,7.321,52892.7,387486.5229,1
BYBIT,AVAXUSDT,60,1788076800000,7.321,7.339,7.303,7.319,43062.1,315328.4304,1
BYBIT,AVAXUSDT,60,1788080400000,7.319,7.343,7.308,7.334,23497.0,172120.025,1
BYBIT,AVAXUSDT,60,1788084000000,7.334,7.38,7.323,7.375,90282.6,664691.0805,1
BYBIT,AVAXUSDT,60,1788087600000,7.375,7.391,7.352,7.379,91858.9,677401.1539,1
BYBIT,AVAXUSDT,60,1788091200000,7.379,7.409,7.369,7.394,63990.5,472803.8799,1
BYBIT,AVAXUSDT,60,1788094800000,7.394,7.433,7.373,7.42,87042.8,644843.3074,1
BYBIT,AVAXUSDT,60,1788098400000,7.42,7.43,7.393,7.416,53840.6,399112.1239,1
BYBIT,AVAXUSDT,60,1788102000000,7.416,7.427,7.381,7.405,69052.7,511073.6289,1
BYBIT,AVAXUSDT,60,1788105600000,7.405,7.468,7.4,7.441,91429.8,679760.4987,1
BYBIT,AVAXUSDT,60,1788109200000,7.441,7.449,7.375,7.417,57810.7,428510.9098,1
BYBIT,AVAXUSDT,60,1788112800000,7.417,7.454,7.391,7.442,51758.8,384365.7133,1
BYBIT,AVAXUSDT,60,1788116400000,7.442,7.443,7.384,7.405,51644.7,383029.4865,1
BYBIT,AVAXUSDT,60,1788120000000,7.405,7.428,7.323,7.358,124444.0,918590.6862,1
BYBIT,AVAXUSDT,60,1788123600000,7.358,7.365,7.274,7.33,240815.8,1762741.5097,1
BYBIT,AVAXUSDT,60,1788127200000,7.33,7.362,7.26,7.309,87904.8,642737.7088,1
BYBIT,AVAXUSDT,60,1788130800000,7.309,7.309,7.001,7.109,723338.5,5155024.9334,1
BYBIT,AVAXUSDT,60,1788134400000,7.109,7.177,7.071,7.147,172652.2,1229799.6849,1
BYBIT,AVAXUSDT,60,1788138000000,7.147,7.157,7.099,7.104,71780.9,511210.1478,1
BYBIT,AVAXUSDT,60,1788141600000,7.104,7.168,7.075,7.094,55086.8,392150.3108,1
BYBIT,AVAXUSDT,60,1788145200000,7.094,7.151,7.083,7.138,245210.8,1745261.2134,1
BYBIT,AVAXUSDT,60,1788148800000,7.138,7.148,7.119,7.145,53001.9,378047.5123,1
BYBIT,AVAXUSDT,60,1788152400000,7.145,7.23,7.14,7.203,99949.7,719513.0565,1
BYBIT,AVAXUSDT,60,1788156000000,7.203,7.232,7.195,7.217,70624.8,509335.1414,1
BYBIT,AVAXUSDT,60,1788159600000,7.217,7.241,7.208,7.213,54838.2,396120.6006,1
BYBIT,AVAXUSDT,60,1788163200000,7.213,7.239,7.182,7.211,58131.5,418685.2901,1
BYBIT,AVAXUSDT,60,1788166800000,7.211,7.239,7.197,7.218,53587.1,386918.6381,1
BYBIT,AVAXUSDT,60,1788170400000,7.218,7.247,7.187,7.232,91463.6,659586.15,1
BYBIT,AVAXUSDT,60,1788174000000,7.232,7.246,7.175,7.193,112000.5,808000.486,1
BYBIT,AVAXUSDT,60,1788177600000,7.193,7.228,7.148,7.169,136176.3,979746.3186,1
BYBIT,AVAXUSDT,60,1788181200000,7.169,7.196,7.124,7.145,156252.4,1119262.8162,1
BYBIT,AVAXUSDT,60,1788184800000,7.145,7.235,7.138,7.224,112337.0,807256.4551,1
BYBIT,AVAXUSDT,60,1788188400000,7.224,7.23,7.183,7.199,60891.5,438795.9343,1
BYBIT,AVAXUSDT,60,1788192000000,7.199,7.225,7.169,7.197,56623.8,407283.7909,1
BYBIT,AVAXUSDT,60,1788195600000,7.197,7.235,7.175,7.228,55574.9,400393.0431,1
BYBIT,AVAXUSDT,60,1788199200000,7.228,7.261,7.214,7.226,74220.9,536851.0426,1
BYBIT,AVAXUSDT,60,1788202800000,7.226,7.244,7.186,7.208,76385.6,550651.0827,1
BYBIT,AVAXUSDT,60,1788206400000,7.208,7.235,7.201,7.215,57623.3,415826.9043,1
BYBIT,AVAXUSDT,60,1788210000000,7.215,7.246,7.195,7.236,50375.6,363519.2879,1
BYBIT,AVAXUSDT,60,1788213600000,7.236,7.245,7.207,7.22,27353.3,197516.6822,1
BYBIT,AVAXUSDT,60,1788217200000,7.22,7.231,7.203,7.228,41671.9,300817.0697,1
BYBIT,AVAXUSDT,60,1788220800000,7.228,7.281,7.22,7.269,143461.9,1041146.2971,1
BYBIT,AVAXUSDT,60,1788224400000,7.269,7.289,7.243,7.262,68168.2,495314.5999,1
BYBIT,AVAXUSDT,60,1788228000000,7.262,7.265,7.229,7.254,46398.8,336327.2919,1
BYBIT,AVAXUSDT,60,1788231600000,7.254,7.293,7.243,7.273,38674.6,281327.8266,1
BYBIT,AVAXUSDT,60,1788235200000,7.273,7.284,7.256,7.261,48980.9,356117.5753,1
BYBIT,AVAXUSDT,60,1788238800000,7.261,7.333,7.258,7.321,90002.4,657235.0774,1
BYBIT,AVAXUSDT,60,1788242400000,7.321,7.324,7.274,7.295,38006.1,277419.9272,1
BYBIT,AVAXUSDT,60,1788246000000,7.295,7.327,7.285,7.312,39749.2,290504.0099,1
BYBIT,AVAXUSDT,60,1788249600000,7.312,7.317,7.194,7.208,168308.5,1218762.7109,1
BYBIT,AVAXUSDT,60,1788253200000,7.208,7.244,7.197,7.236,54836.2,395939.2798,1
BYBIT,AVAXUSDT,60,1788256800000,7.236,7.282,7.204,7.273,51773.7,375011.2948,1
BYBIT,AVAXUSDT,60,1788260400000,7.273,7.301,7.246,7.277,80154.8,583477.17,1
BYBIT,AVAXUSDT,60,1788264000000,7.277,7.294,7.241,7.265,95332.7,693312.3935,1
BYBIT,AVAXUSDT,60,1788267600000,7.265,7.302,7.209,7.289,83672.4,607576.6286,1
BYBIT,AVAXUSDT,60,1788271200000,7.289,7.355,7.278,7.326,121173.6,887769.5752,1
BYBIT,AVAXUSDT,60,1788274800000,7.326,7.33,7.262,7.299,68713.6,501164.082,1
BYBIT,AVAXUSDT,60,1788278400000,7.299,7.307,7.2,7.26,177356.2,1286552.6926,1
BYBIT,AVAXUSDT,60,1788282000000,7.26,7.297,7.234,7.238,122814.2,892120.3719,1
BYBIT,AVAXUSDT,60,1788285600000,7.238,7.251,7.135,7.22,172127.8,1237416.5413,1
BYBIT,AVAXUSDT,60,1788289200000,7.22,7.246,7.203,7.226,67469.7,487705.1076,1
BYBIT,AVAXUSDT,60,1788292800000,7.226,7.238,7.195,7.227,62707.5,452707.4719,1
BYBIT,AVAXUSDT,60,1788296400000,7.227,7.236,7.161,7.198,62329.7,448472.8784,1
BYBIT,AVAXUSDT,60,1788300000000,7.198,7.21,7.169,7.182,36151.2,259732.0794,1
BYBIT,AVAXUSDT,60,1788303600000,7.182,7.234,7.173,7.212,34147.4,246122.6485,1
BYBIT,AVAXUSDT,60,1788307200000,7.212,7.233,7.172,7.175,82237.5,592081.456,1
BYBIT,AVAXUSDT,60,1788310800000,7.175,7.2,7.1,7.133,114027.6,815292.2389,1
BYBIT,AVAXUSDT,60,1788314400000,7.133,7.184,7.12,7.179,63629.4,455409.9002,1
BYBIT,AVAXUSDT,60,1788318000000,7.179,7.247,7.177,7.199,88031.2,635001.8886,1
BYBIT,AVAXUSDT,60,1788321600000,7.199,7.233,7.178,7.23,29985.7,216075.0116,1
BYBIT,AVAXUSDT,60,1788325200000,7.23,7.256,7.205,7.24,43255.8,313199.2578,1
BYBIT,AVAXUSDT,60,1788328800000,7.24,7.244,7.196,7.219,72685.8,524706.6201,1
BYBIT,AVAXUSDT,60,1788332400000,7.219,7.241,7.201,7.203,38452.0,277694.2618,1
BYBIT,AVAXUSDT,60,1788336000000,7.203,7.22,7.122,7.137,132493.7,951021.4287,1
BYBIT,AVAXUSDT,60,1788339600000,7.137,7.168,7.072,7.104,161678.0,1150775.2582,1
BYBIT,AVAXUSDT,60,1788343200000,7.104,7.112,7.036,7.078,110579.7,782203.1217,1
BYBIT,AVAXUSDT,60,1788346800000,7.078,7.119,7.05,7.114,74122.2,525117.9562,1
BYBIT,AVAXUSDT,60,1788350400000,7.114,7.14,7.086,7.091,55873.5,397441.121,1
BYBIT,AVAXUSDT,60,1788354000000,7.091,7.197,7.091,7.164,82005.8,586123.3612,1
BYBIT,AVAXUSDT,60,1788357600000,7.164,7.189,7.125,7.13,63061.4,451153.4234,1
BYBIT,AVAXUSDT,60,1788361200000,7.13,7.163,7.099,7.143,63209.3,450577.059,1
BYBIT,AVAXUSDT,60,1788364800000,7.143,7.173,7.13,7.138,85761.1,613005.0164,1
BYBIT,AVAXUSDT,60,1788368400000,7.138,7.166,7.095,7.159,62711.3,447328.8559,1
BYBIT,AVAXUSDT,60,1788372000000,7.159,7.183,7.15,7.17,38216.4,273728.0942,1
BYBIT,AVAXUSDT,60,1788375600000,7.17,7.179,7.134,7.162,45007.8,322095.8216,1
BYBIT,AVAXUSDT,60,1788379200000,7.162,7.195,7.159,7.178,80296.5,576442.0615,1
BYBIT,AVAXUSDT,60,1788382800000,7.178,7.187,7.161,7.174,47669.5,341983.0349,1
BYBIT,AVAXUSDT,60,1788386400000,7.174,7.175,7.128,7.142,43344.4,309656.571,1
BYBIT,AVAXUSDT,60,1788390000000,7.142,7.192,7.137,7.189,41647.2,298442.0402,1
BYBIT,AVAXUSDT,60,1788393600000,7.189,7.19,7.149,7.154,56395.3,404106.7375,1
BYBIT,AVAXUSDT,60,1788397200000,7.154,7.239,7.125,7.191,86878.2,625528.1854,1
BYBIT,AVAXUSDT,60,1788400800000,7.191,7.277,7.184,7.265,138624.3,1003244.6941,1
BYBIT,AVAXUSDT,60,1788404400000,7.265,7.276,7.238,7.273,107313.9,779161.3025,1
BYBIT,AVAXUSDT,60,1788408000000,7.273,7.297,7.239,7.292,143425.3,1041022.741,1
BYBIT,AVAXUSDT,60,1788411600000,7.292,7.308,7.206,7.283,100832.6,731664.0212,1
BYBIT,AVAXUSDT,60,1788415200000,7.283,7.289,7.267,7.273,54703.1,398093.3758,1
BYBIT,AVAXUSDT,60,1788418800000,7.273,7.343,7.225,7.256,244787.8,1786418.7694,1
BYBIT,AVAXUSDT,60,1788422400000,7.256,7.296,7.256,7.275,133327.0,970339.4962,1
BYBIT,AVAXUSDT,60,1788426000000,7.275,7.291,7.249,7.259,58556.4,425592.5192,1
BYBIT,AVAXUSDT,60,1788429600000,7.259,7.271,7.225,7.27,62481.0,452968.8203,1
BYBIT,AVAXUSDT,60,1788433200000,7.27,7.301,7.256,7.277,94868.4,690263.8736,1
BYBIT,AVAXUSDT,60,1788436800000,7.277,7.325,7.27,7.311,189514.1,1382976.009,1
BYBIT,AVAXUSDT,60,1788440400000,7.311,7.321,7.269,7.302,148739.8,1084830.0389,1
BYBIT,AVAXUSDT,60,1788444000000,7.302,7.457,7.287,7.457,367858.7,2715249.2854,1
BYBIT,AVAXUSDT,60,1788447600000,7.457,7.518,7.401,7.507,326784.7,2437907.4319,1
BYBIT,AVAXUSDT,60,1788451200000,7.507,7.543,7.462,7.512,371045.6,2782437.4214,1
BYBIT,AVAXUSDT,60,1788454800000,7.512,7.529,7.486,7.502,95455.8,716675.8217,1
BYBIT,AVAXUSDT,60,1788458400000,7.502,7.541,7.5,7.528,70472.7,529664.6431,1
BYBIT,AVAXUSDT,60,1788462000000,7.528,7.563,7.501,7.532,136909.2,1030770.1713,1
BYBIT,AVAXUSDT,60,1788465600000,7.532,7.541,7.501,7.522,76930.8,578547.9096,1
BYBIT,AVAXUSDT,60,1788469200000,7.522,7.575,7.508,7.541,132027.7,995439.8404,1
BYBIT,AVAXUSDT,60,1788472800000,7.541,7.544,7.468,7.497,121260.9,909694.7765,1
BYBIT,AVAXUSDT,60,1788476400000,7.497,7.526,7.486,7.514,54849.4,411807.4421,1
BYBIT,AVAXUSDT,60,1788480000000,7.514,7.52,7.479,7.485,116677.7,874958.7559,1
BYBIT,AVAXUSDT,60,1788483600000,7.485,7.506,7.47,7.493,99399.5,744250.8995,1
BYBIT,AVAXUSDT,60,1788487200000,7.493,7.513,7.482,7.512,35058.8,262765.3049,1
BYBIT,AVAXUSDT,60,1788490800000,7.512,7.525,7.484,7.492,71880.7,538926.5847,1
BYBIT,AVAXUSDT,60,1788494400000,7.492,7.518,7.484,7.489,51231.3,384187.1699,1
BYBIT,AVAXUSDT,60,1788498000000,7.489,7.504,7.431,7.456,142637.8,1064195.7404,1
BYBIT,AVAXUSDT,60,1788501600000,7.456,7.475,7.439,7.466,48674.8,362798.647,1
BYBIT,AVAXUSDT,60,1788505200000,7.466,7.501,7.466,7.471,63297.8,473529.1789,1
BYBIT,AVAXUSDT,60,1788508800000,7.471,7.528,7.466,7.522,150600.0,1129669.1511,1
BYBIT,AVAXUSDT,60,1788512400000,7.522,7.538,7.486,7.492,151744.1,1139576.3587,1
BYBIT,AVAXUSDT,60,1788516000000,7.492,7.503,7.467,7.497,73717.2,551561.2338,1
BYBIT,AVAXUSDT,60,1788519600000,7.497,7.5,7.486,7.488,51048.2,382506.3026,1
BYBIT,AVAXUSDT,60,1788523200000,7.488,7.502,7.256,7.356,788809.6,5800891.4567,1
BYBIT,AVAXUSDT,60,1788526800000,7.356,7.401,7.338,7.372,160510.2,1181569.2057,1
BYBIT,AVAXUSDT,60,1788530400000,7.372,7.382,7.291,7.33,103596.4,760286.7647,1
BYBIT,AVAXUSDT,60,1788534000000,7.33,7.372,7.32,7.36,69789.7,513194.2475,1
BYBIT,AVAXUSDT,60,1788537600000,7.36,7.395,7.35,7.379,83371.3,614653.7501,1
BYBIT,AVAXUSDT,60,1788541200000,7.379,7.379,7.321,7.333,58185.1,427421.0957,1
BYBIT,AVAXUSDT,60,1788544800000,7.333,7.364,7.33,7.361,26996.1,198417.1032,1
BYBIT,AVAXUSDT,60,1788548400000,7.361,7.392,7.361,7.388,40128.8,296109.4068,1
BYBIT,AVAXUSDT,60,1788552000000,7.388,7.401,7.366,7.381,46813.6,345643.84,1
BYBIT,AVAXUSDT,60,1788555600000,7.381,7.384,7.34,7.348,44134.8,325159.3998,1
BYBIT,AVAXUSDT,60,1788559200000,7.348,7.354,7.332,7.338,41004.2,301123.6657,1
BYBIT,AVAXUSDT,60,1788562800000,7.338,7.382,7.334,7.382,25427.0,187179.4381,1
BYBIT,AVAXUSDT,60,1788566400000,7.382,7.401,7.373,7.381,77414.6,571806.825,1
BYBIT,AVAXUSDT,60,1788570000000,7.381,7.401,7.379,7.383,29878.0,220793.3263,1
BYBIT,AVAXUSDT,60,1788573600000,7.383,7.397,7.372,7.387,25865.9,190952.2755,1
BYBIT,AVAXUSDT,60,1788577200000,7.387,7.406,7.381,7.396,35974.5,265917.8276,1
BYBIT,AVAXUSDT,60,1788580800000,7.396,7.409,7.381,7.401,33878.0,250581.0787,1
BYBIT,AVAXUSDT,60,1788584400000,7.401,7.42,7.382,7.413,36897.7,273303.6513,1
BYBIT,AVAXUSDT,60,1788588000000,7.413,7.459,7.413,7.452,81121.5,603323.3172,1
BYBIT,AVAXUSDT,60,1788591600000,7.452,7.531,7.45,7.488,368706.2,2763395.6394,1
BYBIT,AVAXUSDT,60,1788595200000,7.488,7.494,7.462,7.491,62087.1,464282.4231,1
BYBIT,AVAXUSDT,60,1788598800000,7.491,7.505,7.484,7.499,51224.3,383957.8511,1
BYBIT,AVAXUSDT,60,1788602400000,7.499,7.509,7.489,7.496,54440.8,408237.7426,1
BYBIT,AVAXUSDT,60,1788606000000,7.496,7.507,7.472,7.491,71586.3,536057.2091,1
BYBIT,AVAXUSDT,60,1788609600000,7.491,7.557,7.491,7.539,173534.6,1305508.9677,1
BYBIT,AVAXUSDT,60,1788613200000,7.539,7.552,7.508,7.529,114101.2,859313.6092,1
BYBIT,AVAXUSDT,60,1788616800000,7.529,7.59,7.529,7.554,259508.1,1961595.2676,1
BYBIT,AVAXUSDT,60,1788620400000,7.554,7.558,7.519,7.538,72288.1,544870.0361,1
BYBIT,AVAXUSDT,60,1788624000000,7.538,7.57,7.526,7.562,89692.3,676614.6545,1
BYBIT,AVAXUSDT,60,1788627600000,7.562,7.645,7.553,7.617,231806.5,1758356.0287,1
BYBIT,AVAXUSDT,60,1788631200000,7.617,7.632,7.593,7.6,246838.2,1878940.44,1
BYBIT,AVAXUSDT,60,1788634800000,7.6,7.637,7.585,7.589,186426.4,1419478.9376,1
BYBIT,AVAXUSDT,60,1788638400000,7.589,7.608,7.567,7.579,94379.9,716125.1819,1
BYBIT,AVAXUSDT,60,1788642000000,7.579,7.625,7.562,7.616,61759.6,469359.7973,1
BYBIT,AVAXUSDT,60,1788645600000,7.616,7.626,7.583,7.598,60588.5,460651.31,1
BYBIT,AVAXUSDT,60,1788649200000,7.598,7.598,7.567,7.587,55631.1,422075.0112,1
BYBIT,AVAXUSDT,60,1788652800000,7.587,7.624,7.574,7.615,125021.4,950477.4265,1
BYBIT,AVAXUSDT,60,1788656400000,7.615,7.726,7.608,7.689,236095.3,1811313.3367,1
BYBIT,AVAXUSDT,60,1788660000000,7.689,7.701,7.66,7.676,156864.3,1205844.6384,1
BYBIT,AVAXUSDT,60,1788663600000,7.676,7.738,7.65,7.712,138304.8,1065257.5785,1
BYBIT,AVAXUSDT,60,1788667200000,7.712,7.72,7.624,7.638,102070.4,781475.5131,1
BYBIT,AVAXUSDT,60,1788670800000,7.638,7.703,7.632,7.681,90912.7,697569.7042,1
BYBIT,AVAXUSDT,60,1788674400000,7.681,7.683,7.641,7.651,93186.3,713701.7415,1
BYBIT,AVAXUSDT,60,1788678000000,7.651,7.667,7.595,7.646,121918.0,930340.0977,1
BYBIT,AVAXUSDT,60,1788681600000,7.646,7.671,7.616,7.625,51677.9,394622.0949,1
BYBIT,AVAXUSDT,60,1788685200000,7.625,7.675,7.619,7.651,63428.4,484969.6848,1
BYBIT,AVAXUSDT,60,1788688800000,7.651,7.689,7.64,7.684,79727.2,611183.719,1
BYBIT,AVAXUSDT,60,1788692400000,7.684,7.693,7.667,7.685,76480.0,587428.4012,1
BYBIT,AVAXUSDT,60,1788696000000,7.685,7.708,7.669,7.691,99328.6,764031.3721,1
BYBIT,AVAXUSDT,60,1788699600000,7.691,7.702,7.634,7.677,83730.7,641346.433,1
BYBIT,AVAXUSDT,60,1788703200000,7.677,7.678,7.523,7.595,419428.7,3180627.6728,1
BYBIT,AVAXUSDT,60,1788706800000,7.595,7.627,7.552,7.623,117591.3,893205.7286,1
BYBIT,AVAXUSDT,60,1788710400000,7.623,7.652,7.605,7.638,77876.1,594266.7111,1
BYBIT,AVAXUSDT,60,1788714000000,7.638,7.642,7.609,7.615,40397.4,308000.78,1
BYBIT,AVAXUSDT,60,1788717600000,7.615,7.643,7.614,7.624,38258.7,291658.7109,1
BYBIT,AVAXUSDT,60,1788721200000,7.624,7.658,7.616,7.652,54119.0,413436.8752,1
BYBIT,AVAXUSDT,60,1788724800000,7.652,7.846,7.646,7.8,664727.0,5168560.2552,1
BYBIT,AVAXUSDT,60,1788728400000,7.8,7.865,7.761,7.778,432300.1,3373397.4245,1
BYBIT,AVAXUSDT,60,1788732000000,7.778,7.841,7.712,7.811,247468.4,1923609.7782,1
BYBIT,AVAXUSDT,60,1788735600000,7.811,7.934,7.804,7.902,253794.1,2000455.275,1
BYBIT,AVAXUSDT,60,1788739200000,7.902,7.959,7.876,7.897,258041.5,2042978.6838,1
BYBIT,AVAXUSDT,60,1788742800000,7.897,7.924,7.784,7.823,182119.4,1428444.5276,1
BYBIT,AVAXUSDT,60,1788746400000,7.823,7.954,7.788,7.858,239643.8,1884105.37,1
BYBIT,AVAXUSDT,60,1788750000000,7.858,7.871,7.755,7.764,82761.5,645642.6659,1
BYBIT,AVAXUSDT,60,1788753600000,7.764,7.816,7.764,7.811,44295.6,345274.7368,1
BYBIT,AVAXUSDT,60,1788757200000,7.811,7.971,7.807,7.88,127665.3,1009002.099,1
BYBIT,AVAXUSDT,60,1788760800000,7.88,7.925,7.822,7.848,188526.4,1481740.1481,1
BYBIT,AVAXUSDT,60,1788764400000,7.848,7.871,7.717,7.777,198201.3,1544006.3306,1
BYBIT,AVAXUSDT,60,1788768000000,7.777,7.899,7.771,7.882,141908.1,1114122.8997,1
BYBIT,AVAXUSDT,60,1788771600000,7.882,7.97,7.874,7.883,206030.7,1633806.3475,1
BYBIT,AVAXUSDT,60,1788775200000,7.883,7.907,7.836,7.846,95161.4,749114.1872,1
BYBIT,AVAXUSDT,60,1788778800000,7.846,7.862,7.82,7.856,107717.2,845348.0838,1
BYBIT,AVAXUSDT,60,1788782400000,7.856,8.078,7.853,8.041,226176.9,1802545.4283,1
BYBIT,AVAXUSDT,60,1788786000000,8.041,8.126,8.02,8.065,428378.8,3460140.5791,1
BYBIT,AVAXUSDT,60,1788789600000,8.065,8.092,8.018,8.056,234080.6,1885385.8942,1
BYBIT,AVAXUSDT,60,1788793200000,8.056,8.085,7.95,8.085,329374.7,2642428.3824,1
BYBIT,AVAXUSDT,60,1788796800000,8.085,8.088,8.038,8.06,198199.2,1598084.8303,1
BYBIT,AVAXUSDT,60,1788800400000,8.06,8.196,8.043,8.111,210697.6,1711329.4788,1
BYBIT,AVAXUSDT,60,1788804000000,8.111,8.133,8.016,8.104,206661.7,1670197.4847,1
BYBIT,AVAXUSDT,60,1788807600000,8.104,8.151,8.071,8.103,154331.7,1252733.2348,1
BYBIT,AVAXUSDT,60,1788811200000,8.103,8.127,8.037,8.106,179443.3,1449162.7133,1
BYBIT,AVAXUSDT,60,1788814800000,8.106,8.182,8.1,8.1,90423.0,736125.9554,1
BYBIT,AVAXUSDT,60,1788818400000,8.1,8.102,8.024,8.052,114665.9,924117.1374,1
BYBIT,AVAXUSDT,60,1788822000000,8.052,8.095,8.05,8.072,114808.7,926926.7956,1
BYBIT,AVAXUSDT,60,1788825600000,8.072,8.116,8.047,8.115,89465.4,722319.4907,1
BYBIT,AVAXUSDT,60,1788829200000,8.115,8.186,8.098,8.132,90509.5,736510.9659,1
BYBIT,AVAXUSDT,60,1788832800000,8.132,8.133,8.017,8.028,124963.1,1006546.0302,1
BYBIT,AVAXUSDT,60,1788836400000,8.028,8.083,8.024,8.042,217656.5,1752542.6122,1
BYBIT,AVAXUSDT,60,1788840000000,8.042,8.064,8.036,8.042,67527.3,543596.1913,1
BYBIT,AVAXUSDT,60,1788843600000,8.042,8.077,8.032,8.058,111640.2,899518.7897,1
BYBIT,AVAXUSDT,60,1788847200000,8.058,8.059,7.998,8.039,129791.8,1042140.3497,1
BYBIT,AVAXUSDT,60,1788850800000,8.039,8.073,8.035,8.055,83736.8,674501.6595,1
BYBIT,AVAXUSDT,60,1788854400000,8.055,8.073,8.03,8.044,105647.3,850292.0916,1
BYBIT,AVAXUSDT,60,1788858000000,8.044,8.115,8.037,8.11,120113.0,970449.4799,1
BYBIT,AVAXUSDT,60,1788861600000,8.11,8.199,8.056,8.059,241997.4,1970629.8281,1
BYBIT,AVAXUSDT,60,1788865200000,8.059,8.064,8.016,8.039,187988.6,1510580.8087,1
BYBIT,AVAXUSDT,60,1788868800000,8.039,8.043,8.012,8.034,86898.7,697549.7594,1
BYBIT,AVAXUSDT,60,1788872400000,8.034,8.044,7.82,7.907,650337.0,5144251.6868,1
BYBIT,AVAXUSDT,60,1788876000000,7.907,7.993,7.892,7.982,282734.4,2250287.0711,1
BYBIT,AVAXUSDT,60,1788879600000,7.982,8.105,7.979,8.051,296906.3,2392405.477,1
BYBIT,AVAXUSDT,60,1788883200000,8.051,8.064,8.015,8.033,164832.8,1324839.8953,1
BYBIT,AVAXUSDT,60,1788886800000,8.033,8.038,7.986,8.001,114341.4,916311.0939,1
BYBIT,AVAXUSDT,60,1788890400000,8.001,8.039,7.953,7.975,112306.0,898501.4304,1
BYBIT,AVAXUSDT,60,1788894000000,7.975,8.007,7.957,7.969,125299.9,1000641.8795,1
BYBIT,AVAXUSDT,60,1788897600000,7.969,8.034,7.965,7.982,106582.3,852161.1659,1
BYBIT,AVAXUSDT,60,1788901200000,7.982,8.011,7.928,7.948,123457.0,983433.2691,1
BYBIT,AVAXUSDT,60,1788904800000,7.948,7.988,7.944,7.988,55489.6,442061.1515,1
BYBIT,AVAXUSDT,60,1788908400000,7.988,8.011,7.974,8.001,57167.1,456890.3039,1
BYBIT,AVAXUSDT,60,1788912000000,8.001,8.052,7.97,7.99,107588.0,861715.7169,1
BYBIT,AVAXUSDT,60,1788915600000,7.99,8.004,7.944,7.965,82739.4,659322.4569,1
BYBIT,AVAXUSDT,60,1788919200000,7.965,7.986,7.925,7.969,112116.3,891655.1731,1
BYBIT,AVAXUSDT,60,1788922800000,7.969,7.972,7.918,7.944,76064.5,603883.1604,1
BYBIT,AVAXUSDT,60,1788926400000,7.944,8.047,7.943,8.029,105627.8,844656.6378,1
BYBIT,AVAXUSDT,60,1788930000000,8.029,8.041,7.954,7.978,103542.8,828143.303,1
BYBIT,AVAXUSDT,60,1788933600000,7.978,8.043,7.966,8.018,66613.7,534293.7204,1
BYBIT,AVAXUSDT,60,1788937200000,8.018,8.048,8.016,8.026,85295.5,684892.8852,1
BYBIT,AVAXUSDT,60,1788940800000,8.026,8.043,8.019,8.026,52361.8,420488.0346,1
BYBIT,AVAXUSDT,60,1788944400000,8.026,8.026,7.883,7.892,151864.8,1205764.7066,1
BYBIT,AVAXUSDT,60,1788948000000,7.892,7.937,7.891,7.937,118500.9,937998.2424,1
BYBIT,AVAXUSDT,60,1788951600000,7.937,7.977,7.891,7.966,84523.0,670633.9962,1
BYBIT,AVAXUSDT,60,1788955200000,7.966,7.996,7.947,7.976,130673.2,1041927.1902,1
BYBIT,AVAXUSDT,60,1788958800000,7.976,8.015,7.931,7.943,117689.5,938318.4015,1
BYBIT,AVAXUSDT,60,1788962400000,7.943,7.968,7.916,7.944,168926.9,1341272.1383,1
BYBIT,AVAXUSDT,60,1788966000000,7.944,7.975,7.803,7.888,303292.4,2386671.9015,1
BYBIT,AVAXUSDT,60,1788969600000,7.888,7.955,7.877,7.942,175534.8,1388491.3659,1
BYBIT,AVAXUSDT,60,1788973200000,7.942,7.96,7.912,7.928,83924.2,665964.7734,1
BYBIT,AVAXUSDT,60,1788976800000,7.928,7.951,7.92,7.924,83738.3,664194.9163,1
BYBIT,AVAXUSDT,60,1788980400000,7.924,7.938,7.833,7.848,80234.3,632617.5876,1
BYBIT,AVAXUSDT,60,1788984000000,7.848,7.887,7.814,7.878,108902.2,855256.1076,1
BYBIT,AVAXUSDT,60,1788987600000,7.878,7.879,7.779,7.811,117268.7,916988.003,1
BYBIT,AVAXUSDT,60,1788991200000,7.811,7.816,7.676,7.692,261043.6,2020163.9553,1
BYBIT,AVAXUSDT,60,1788994800000,7.692,7.794,7.689,7.792,117154.5,907001.0439,1
BYBIT,AVAXUSDT,60,1788998400000,7.792,7.808,7.746,7.756,122882.9,955402.5735,1
BYBIT,AVAXUSDT,60,1789002000000,7.756,7.815,7.699,7.738,81838.3,634858.6587,1
BYBIT,AVAXUSDT,60,1789005600000,7.738,7.801,7.724,7.801,50716.7,393151.1029,1
BYBIT,AVAXUSDT,60,1789009200000,7.801,7.829,7.785,7.799,87227.5,680860.7471,1
BYBIT,AVAXUSDT,60,1789012800000,7.799,7.845,7.798,7.831,75699.9,592642.637,1
BYBIT,AVAXUSDT,60,1789016400000,7.831,7.86,7.799,7.857,70646.0,553615.6682,1
BYBIT,AVAXUSDT,60,1789020000000,7.857,7.857,7.793,7.84,62569.1,489428.6988,1
BYBIT,AVAXUSDT,60,1789023600000,7.84,7.84,7.718,7.742,79585.3,617008.1145,1
BYBIT,AVAXUSDT,60,1789027200000,7.742,7.774,7.732,7.755,87352.2,676996.8648,1
BYBIT,AVAXUSDT,60,1789030800000,7.755,7.777,7.712,7.73,67304.4,521244.4542,1
BYBIT,AVAXUSDT,60,1789034400000,7.73,7.75,7.701,7.711,63589.2,491618.81,1
BYBIT,AVAXUSDT,60,1789038000000,7.711,7.761,7.683,7.72,106219.2,821589.479,1
BYBIT,AVAXUSDT,60,1789041600000,7.72,7.75,7.539,7.578,510310.3,3891432.5241,1
BYBIT,AVAXUSDT,60,1789045200000,7.578,7.633,7.551,7.619,161681.5,1227899.6115,1
BYBIT,AVAXUSDT,60,1789048800000,7.619,7.634,7.551,7.594,163794.7,1245074.5261,1
BYBIT,AVAXUSDT,60,1789052400000,7.594,7.611,7.557,7.593,99303.7,753188.6919,1
BYBIT,AVAXUSDT,60,1789056000000,7.593,7.595,7.511,7.584,109604.2,826955.1152,1
BYBIT,AVAXUSDT,60,1789059600000,7.584,7.66,7.574,7.614,95683.0,728967.1025,1
BYBIT,AVAXUSDT,60,1789063200000,7.614,7.618,7.538,7.614,119024.8,901335.1506,1
BYBIT,AVAXUSDT,60,1789066800000,7.614,7.625,7.579,7.582,75095.7,570976.9639,1
BYBIT,AVAXUSDT,60,1789070400000,7.582,7.617,7.579,7.593,39764.6,302065.5408,1
BYBIT,AVAXUSDT,60,1789074000000,7.593,7.611,7.559,7.567,55289.8,419765.8159,1
BYBIT,AVAXUSDT,60,1789077600000,7.567,7.582,7.505,7.508,76178.5,574266.3859,1
BYBIT,AVAXUSDT,60,1789081200000,7.508,7.514,7.412,7.417,187737.6,1399837.2455,1
BYBIT,AVAXUSDT,60,1789084800000,7.417,7.479,7.401,7.471,119310.7,887372.5922,1
BYBIT,AVAXUSDT,60,1789088400000,7.471,7.487,7.429,7.474,47370.6,353608.2935,1
BYBIT,AVAXUSDT,60,1789092000000,7.474,7.476,7.433,7.455,30598.7,228030.1763,1
BYBIT,AVAXUSDT,60,1789095600000,7.455,7.466,7.428,7.458,48833.8,363445.4455,1
BYBIT,AVAXUSDT,60,1789099200000,7.458,7.519,7.455,7.502,71241.2,533591.4454,1
BYBIT,AVAXUSDT,60,1789102800000,7.502,7.526,7.497,7.519,69963.0,525596.8857,1
BYBIT,AVAXUSDT,60,1789106400000,7.519,7.534,7.507,7.517,63260.1,475807.6087,1
BYBIT,AVAXUSDT,60,1789110000000,7.517,7.542,7.471,7.478,84266.2,633233.294,1
BYBIT,AVAXUSDT,60,1789113600000,7.478,7.525,7.465,7.498,43196.6,323528.8886,1
BYBIT,AVAXUSDT,60,1789117200000,7.498,7.499,7.364,7.4,160904.1,1194092.2123,1
BYBIT,AVAXUSDT,60,1789120800000,7.4,7.424,7.353,7.354,116450.0,860393.5075,1
BYBIT,AVAXUSDT,60,1789124400000,7.354,7.363,7.287,7.354,181142.2,1325954.8826,1
BYBIT,AVAXUSDT,60,1789128000000,7.354,7.686,7.264,7.579,1937752.7,14602537.7341,1
BYBIT,AVAXUSDT,60,1789131600000,7.579,7.781,7.47,7.771,554720.3,4208437.6628,1
BYBIT,AVAXUSDT,60,1789135200000,7.771,7.839,7.639,7.714,855056.1,6631772.1386,1
BYBIT,AVAXUSDT,60,1789138800000,7.714,7.718,7.525,7.57,406808.0,3104610.4659,1
BYBIT,AVAXUSDT,60,1789142400000,7.57,7.633,7.517,7.595,225418.0,1708502.8736,1
BYBIT,AVAXUSDT,60,1789146000000,7.595,7.604,7.526,7.538,80249.9,607309.4504,1
BYBIT,AVAXUSDT,60,1789149600000,7.538,7.54,7.406,7.426,194101.3,1449580.4535,1
BYBIT,AVAXUSDT,60,1789153200000,7.426,7.468,7.39,7.464,101142.6,752337.858,1
BYBIT,AVAXUSDT,60,1789156800000,7.464,7.491,7.424,7.447,150305.7,1120810.6971,1
BYBIT,AVAXUSDT,60,1789160400000,7.447,7.49,7.415,7.421,68378.8,510006.5715,1
BYBIT,AVAXUSDT,60,1789164000000,7.421,7.453,7.385,7.409,172737.1,1282043.002,1
BYBIT,AVAXUSDT,60,1789167600000,7.409,7.455,7.404,7.455,40676.8,302504.0052,1
BYBIT,AVAXUSDT,60,1789171200000,7.455,7.468,7.438,7.46,48167.7,358966.4431,1
BYBIT,AVAXUSDT,60,1789174800000,7.46,7.487,7.447,7.453,87932.2,656287.5433,1
BYBIT,AVAXUSDT,60,1789178400000,7.453,7.471,7.434,7.453,111365.9,829726.1321,1
BYBIT,AVAXUSDT,60,1789182000000,7.453,7.463,7.429,7.449,54478.8,405689.974,1
BYBIT,AVAXUSDT,60,1789185600000,7.449,7.466,7.418,7.442,196625.6,1463395.2612,1
BYBIT,AVAXUSDT,60,1789189200000,7.442,7.472,7.432,7.435,87484.4,651486.9059,1
BYBIT,AVAXUSDT,60,1789192800000,7.435,7.455,7.413,7.431,76997.9,572593.4012,1
BYBIT,AVAXUSDT,60,1789196400000,7.431,7.458,7.419,7.449,38592.2,287312.958,1
BYBIT,AVAXUSDT,60,1789200000000,7.449,7.463,7.426,7.434,85118.6,633813.0865,1
BYBIT,AVAXUSDT,60,1789203600000,7.434,7.456,7.431,7.443,98594.0,733876.7433,1
BYBIT,AVAXUSDT,60,1789207200000,7.443,7.451,7.425,7.436,43356.8,322536.2908,1
BYBIT,AVAXUSDT,60,1789210800000,7.436,7.445,7.418,7.44,37172.4,276173.5804,1
BYBIT,AVAXUSDT,60,1789214400000,7.44,7.453,7.424,7.431,54534.1,405645.8199,1
BYBIT,AVAXUSDT,60,1789218000000,7.431,7.437,7.406,7.429,83785.1,622085.5474,1
BYBIT,AVAXUSDT,60,1789221600000,7.429,7.433,7.409,7.421,27862.5,206792.2101,1
BYBIT,AVAXUSDT,60,1789225200000,7.421,7.441,7.421,7.427,91935.3,683291.8305,1
BYBIT,AVAXUSDT,60,1789228800000,7.427,7.427,7.392,7.394,50807.7,376463.7225,1
BYBIT,AVAXUSDT,60,1789232400000,7.394,7.412,7.388,7.396,61316.7,453799.2611,1
BYBIT,AVAXUSDT,60,1789236000000,7.396,7.4,7.365,7.372,95404.6,704260.0125,1
BYBIT,AVAXUSDT,60,1789239600000,7.372,7.387,7.351,7.361,109421.7,806663.0353,1
BYBIT,AVAXUSDT,60,1789243200000,7.361,7.403,7.356,7.379,81327.3,600777.577,1
BYBIT,AVAXUSDT,60,1789246800000,7.379,7.411,7.378,7.391,56476.1,417599.5043,1
BYBIT,AVAXUSDT,60,1789250400000,7.391,7.409,7.363,7.371,75484.0,557602.1642,1
BYBIT,AVAXUSDT,60,1789254000000,7.371,7.401,7.371,7.394,17419.5,128696.2274,1
BYBIT,AVAXUSDT,60,1789257600000,7.394,7.394,7.372,7.387,75658.0,558552.1681,1
BYBIT,AVAXUSDT,60,1789261200000,7.387,7.397,7.368,7.393,67424.4,497802.37,1
BYBIT,AVAXUSDT,60,1789264800000,7.393,7.422,7.383,7.399,68207.4,504808.0808,1
BYBIT,AVAXUSDT,60,1789268400000,7.399,7.424,7.394,7.402,52821.5,391254.6841,1
BYBIT,AVAXUSDT,60,1789272000000,7.402,7.402,7.385,7.393,38428.1,284095.1446,1
BYBIT,AVAXUSDT,60,1789275600000,7.393,7.455,7.392,7.437,41902.6,311468.6755,1
BYBIT,AVAXUSDT,60,1789279200000,7.437,7.457,7.377,7.395,70711.0,525396.0925,1
BYBIT,AVAXUSDT,60,1789282800000,7.395,7.402,7.356,7.359,101947.7,752455.2165,1
BYBIT,AVAXUSDT,60,1789286400000,7.359,7.37,7.286,7.296,221944.9,1624414.385,1
BYBIT,AVAXUSDT,60,1789290000000,7.296,7.339,7.274,7.333,131648.3,961658.1446,1
BYBIT,AVAXUSDT,60,1789293600000,7.333,7.337,7.283,7.298,50526.2,369281.0782,1
BYBIT,AVAXUSDT,60,1789297200000,7.298,7.327,7.291,7.32,43225.6,316021.8023,1
BYBIT,AVAXUSDT,60,1789300800000,7.32,7.325,7.297,7.306,40271.4,294390.147,1
BYBIT,AVAXUSDT,60,1789304400000,7.306,7.372,7.288,7.369,101630.3,745316.4255,1
BYBIT,AVAXUSDT,60,1789308000000,7.369,7.424,7.362,7.4,112265.7,830642.7292,1
BYBIT,AVAXUSDT,60,1789311600000,7.4,7.402,7.35,7.356,51097.1,376623.7695,1
BYBIT,AVAXUSDT,60,1789315200000,7.356,7.393,7.354,7.391,42294.4,311986.914,1
BYBIT,AVAXUSDT,60,1789318800000,7.391,7.433,7.388,7.419,65852.1,488388.0381,1
BYBIT,AVAXUSDT,60,1789322400000,7.419,7.435,7.412,7.425,32212.7,239143.3251,1
BYBIT,AVAXUSDT,60,1789326000000,7.425,7.442,7.388,7.407,39859.4,295342.986,1
BYBIT,AVAXUSDT,60,1789329600000,7.407,7.449,7.406,7.442,40485.3,300687.0898,1
BYBIT,AVAXUSDT,60,1789333200000,7.442,7.446,7.418,7.433,29250.8,217530.639,1
BYBIT,AVAXUSDT,60,1789336800000,7.433,7.433,7.275,7.281,232787.3,1708753.6987,1
BYBIT,AVAXUSDT,60,1789340400000,7.281,7.316,7.277,7.284,67381.1,491533.4196,1
BYBIT,AVAXUSDT,60,1789344000000,7.284,7.347,7.248,7.317,182009.7,1326783.5674,1
BYBIT,AVAXUSDT,60,1789347600000,7.317,7.375,7.293,7.362,99427.9,728707.612,1
BYBIT,AVAXUSDT,60,1789351200000,7.362,7.436,7.351,7.408,82655.3,611632.3787,1
BYBIT,AVAXUSDT,60,1789354800000,7.408,7.438,7.385,7.398,56817.9,421052.4453,1
BYBIT,AVAXUSDT,60,1789358400000,7.398,7.418,7.383,7.411,50872.2,376517.927,1
BYBIT,AVAXUSDT,60,1789362000000,7.411,7.415,7.384,7.413,73316.3,542641.9404,1
BYBIT,AVAXUSDT,60,1789365600000,7.413,7.443,7.381,7.402,114012.6,845672.268,1
BYBIT,AVAXUSDT,60,1789369200000,7.402,7.426,7.391,7.416,60486.5,448240.2105,1
BYBIT,AVAXUSDT,60,1789372800000,7.416,7.419,7.367,7.379,101291.1,748614.2971,1
BYBIT,AVAXUSDT,60,1789376400000,7.379,7.429,7.334,7.391,103913.0,766165.0158,1
BYBIT,AVAXUSDT,60,1789380000000,7.391,7.397,7.376,7.38,47801.2,353008.821,1
BYBIT,AVAXUSDT,60,1789383600000,7.38,7.463,7.343,7.456,201907.2,1495865.404,1
BYBIT,AVAXUSDT,60,1789387200000,7.456,7.538,7.441,7.452,295734.5,2215080.948,1
BYBIT,AVAXUSDT,60,1789390800000,7.452,7.505,7.402,7.455,134962.8,1006377.0551,1
BYBIT,AVAXUSDT,60,1789394400000,7.455,7.503,7.423,7.443,153843.1,1147803.9706,1
BYBIT,AVAXUSDT,60,1789398000000,7.443,7.484,7.416,7.455,125657.6,936021.0208,1
BYBIT,AVAXUSDT,60,1789401600000,7.455,7.577,7.448,7.546,130497.7,981733.4775,1
BYBIT,AVAXUSDT,60,1789405200000,7.546,7.616,7.541,7.607,124896.6,947379.2666,1
BYBIT,AVAXUSDT,60,1789408800000,7.607,7.625,7.567,7.606,123413.4,938048.0745,1
BYBIT,AVAXUSDT,60,1789412400000,7.606,7.628,7.577,7.594,124045.9,943202.8016,1
BYBIT,AVAXUSDT,60,1789416000000,7.594,7.799,7.594,7.722,271689.4,2098258.3476,1
BYBIT,AVAXUSDT,60,1789419600000,7.722,7.722,7.617,7.626,109999.0,842601.6683,1
BYBIT,AVAXUSDT,60,1789423200000,7.626,7.672,7.598,7.612,83232.6,634926.9397,1
BYBIT,AVAXUSDT,60,1789426800000,7.612,7.624,7.553,7.558,60401.1,458530.0965,1
BYBIT,AVAXUSDT,60,1789430400000,7.558,7.612,7.557,7.571,187645.7,1421768.2271,1
BYBIT,AVAXUSDT,60,1789434000000,7.571,7.571,7.525,7.544,64969.3,490388.0331,1
BYBIT,AVAXUSDT,60,1789437600000,7.544,7.575,7.533,7.567,64165.6,484773.6198,1
BYBIT,AVAXUSDT,60,1789441200000,7.567,7.567,7.495,7.537,111887.0,842738.9603,1
BYBIT,AVAXUSDT,60,1789444800000,7.537,7.549,7.491,7.519,72068.1,542016.5658,1
BYBIT,AVAXUSDT,60,1789448400000,7.519,7.533,7.462,7.516,92101.7,689955.6899,1
BYBIT,AVAXUSDT,60,1789452000000,7.516,7.526,7.457,7.467,75150.9,562851.4211,1
BYBIT,AVAXUSDT,60,1789455600000,7.467,7.507,7.455,7.459,117844.1,880624.52,1
BYBIT,AVAXUSDT,60,1789459200000,7.459,7.518,7.433,7.518,103854.9,775225.4081,1
BYBIT,AVAXUSDT,60,1789462800000,7.518,7.531,7.488,7.519,77923.1,585250.4378,1
BYBIT,AVAXUSDT,60,1789466400000,7.519,7.534,7.507,7.517,94696.3,712106.0509,1
BYBIT,AVAXUSDT,60,1789470000000,7.517,7.528,7.453,7.469,111017.6,830398.5227,1
BYBIT,AVAXUSDT,60,1789473600000,7.469,7.574,7.464,7.549,158271.2,1190501.7958,1
BYBIT,AVAXUSDT,60,1789477200000,7.549,7.614,7.467,7.534,240930.0,1812488.928,1
BYBIT,AVAXUSDT,60,1789480800000,7.534,7.548,7.322,7.397,267959.2,1986878.4783,1
BYBIT,AVAXUSDT,60,1789484400000,7.397,7.475,7.375,7.423,164954.3,1226018.5245,1
BYBIT,AVAXUSDT,60,1789488000000,7.423,7.464,7.38,7.433,131370.3,975601.3689,1
BYBIT,AVAXUSDT,60,1789491600000,7.433,7.533,7.401,7.502,135574.8,1014104.2607,1
BYBIT,AVAXUSDT,60,1789495200000,7.502,7.535,7.176,7.348,740089.6,5430498.9281,1
BYBIT,AVAXUSDT,60,1789498800000,7.348,7.382,7.306,7.345,174664.3,1282326.8829,1
BYBIT,AVAXUSDT,60,1789502400000,7.345,7.362,7.247,7.309,128016.7,933518.1111,1
BYBIT,AVAXUSDT,60,1789506000000,7.309,7.325,7.216,7.225,132973.6,967363.2485,1
BYBIT,AVAXUSDT,60,1789509600000,7.225,7.293,7.208,7.272,148849.4,1077794.2039,1
BYBIT,AVAXUSDT,60,1789513200000,7.272,7.309,7.259,7.265,65942.2,480563.8244,1
BYBIT,AVAXUSDT,60,1789516800000,7.265,7.28,7.229,7.239,122218.1,886241.611,1
BYBIT,AVAXUSDT,60,1789520400000,7.239,7.269,7.19,7.196,98781.2,713726.0201,1
BYBIT,AVAXUSDT,60,1789524000000,7.196,7.296,7.189,7.265,88660.5,642240.8127,1
BYBIT,AVAXUSDT,60,1789527600000,7.265,7.307,7.254,7.282,87364.1,635933.4936,1
BYBIT,AVAXUSDT,60,1789531200000,7.282,7.338,7.278,7.319,88641.6,648291.3986,1
BYBIT,AVAXUSDT,60,1789534800000,7.319,7.342,7.291,7.325,87921.8,643724.9604,1
BYBIT,AVAXUSDT,60,1789538400000,7.325,7.341,7.276,7.323,131456.7,960002.5796,1
BYBIT,AVAXUSDT,60,1789542000000,7.323,7.342,7.229,7.237,146317.0,1065732.5401,1
BYBIT,AVAXUSDT,60,1789545600000,7.237,7.238,7.18,7.211,180698.3,1300737.6593,1
BYBIT,AVAXUSDT,60,1789549200000,7.211,7.284,7.209,7.275,171733.5,1243236.7405,1
BYBIT,AVAXUSDT,60,1789552800000,7.275,7.281,7.245,7.255,75182.4,546023.6624,1
BYBIT,AVAXUSDT,60,1789556400000,7.255,7.331,7.247,7.314,88936.8,647943.3589,1
BYBIT,AVAXUSDT,60,1789560000000,7.314,7.325,7.26,7.281,99827.1,727812.4543,1
BYBIT,AVAXUSDT,60,1789563600000,7.281,7.295,7.23,7.25,148338.1,1076795.2644,1
BYBIT,AVAXUSDT,60,1789567200000,7.25,7.265,7.214,7.239,179885.0,1302901.062,1
BYBIT,AVAXUSDT,60,1789570800000,7.239,7.27,7.206,7.222,143186.5,1035887.2796,1
BYBIT,AVAXUSDT,60,1789574400000,7.222,7.255,7.211,7.246,55900.1,404189.9205,1
BYBIT,AVAXUSDT,60,1789578000000,7.246,7.259,7.166,7.229,209614.0,1510233.393,1
BYBIT,AVAXUSDT,60,1789581600000,7.229,7.355,7.188,7.269,582522.4,4243839.6213,1
BYBIT,AVAXUSDT,60,1789585200000,7.269,7.359,7.237,7.335,134495.2,982761.1796,1
BYBIT,AVAXUSDT,60,1789588800000,7.335,7.379,7.303,7.377,231906.9,1704261.5632,1
BYBIT,AVAXUSDT,60,1789592400000,7.377,7.406,7.352,7.38,73965.0,545529.9735,1
BYBIT,AVAXUSDT,60,1789596000000,7.38,7.386,7.329,7.339,75727.4,556822.1245,1
BYBIT,AVAXUSDT,60,1789599600000,7.339,7.483,7.325,7.473,153760.6,1142456.426,1
BYBIT,AVAXUSDT,60,1789603200000,7.473,7.563,7.473,7.502,194008.9,1459605.0337,1
BYBIT,AVAXUSDT,60,1789606800000,7.502,7.555,7.482,7.523,78941.0,593640.6361,1
BYBIT,AVAXUSDT,60,1789610400000,7.523,7.546,7.464,7.521,87896.5,660095.919,1
BYBIT,AVAXUSDT,60,1789614000000,7.521,7.567,7.517,7.545,61087.7,460629.4702,1
BYBIT,AVAXUSDT,60,1789617600000,7.545,7.559,7.506,7.543,74595.6,561847.7815,1
BYBIT,AVAXUSDT,60,1789621200000,7.543,7.547,7.499,7.499,68575.8,515597.1688,1
BYBIT,AVAXUSDT,60,1789624800000,7.499,7.53,7.498,7.517,43537.7,327278.1109,1
BYBIT,AVAXUSDT,60,1789628400000,7.517,7.56,7.515,7.534,86382.9,651432.455,1
BYBIT,AVAXUSDT,60,1789632000000,7.534,7.597,7.534,7.582,153597.9,1161556.331,1
BYBIT,AVAXUSDT,60,1789635600000,7.582,7.61,7.519,7.52,167835.0,1271317.0369,1
BYBIT,AVAXUSDT,60,1789639200000,7.52,7.545,7.471,7.538,72014.4,540789.5542,1
BYBIT,AVAXUSDT,60,1789642800000,7.538,7.561,7.513,7.559,69830.3,526600.3039,1
BYBIT,AVAXUSDT,60,1789646400000,7.559,7.633,7.557,7.606,184250.5,1401029.5438,1
BYBIT,AVAXUSDT,60,1789650000000,7.606,7.619,7.536,7.593,150578.4,1140472.4618,1
BYBIT,AVAXUSDT,60,1789653600000,7.593,7.648,7.56,7.568,135137.7,1028185.6489,1
BYBIT,AVAXUSDT,60,1789657200000,7.568,7.603,7.524,7.599,93230.4,705146.9128,1
BYBIT,AVAXUSDT,60,1789660800000,7.599,7.625,7.572,7.623,97772.8,743446.26,1
BYBIT,AVAXUSDT,60,1789664400000,7.623,7.644,7.602,7.605,140844.8,1073634.6247,1
BYBIT,AVAXUSDT,60,1789668000000,7.605,7.614,7.567,7.589,81921.8,622316.0893,1
BYBIT,AVAXUSDT,60,1789671600000,7.589,7.602,7.568,7.584,78944.1,598793.6399,1
BYBIT,AVAXUSDT,60,1789675200000,7.584,7.629,7.57,7.616,106074.4,807600.5456,1
BYBIT,AVAXUSDT,60,1789678800000,7.616,7.628,7.581,7.585,91614.9,697123.4765,1
BYBIT,AVAXUSDT,60,1789682400000,7.585,7.594,7.542,7.594,116019.4,878153.9146,1
BYBIT,AVAXUSDT,60,1789686000000,7.594,7.62,7.582,7.607,73163.0,556237.0853,1
BYBIT,AVAXUSDT,60,1789689600000,7.607,7.662,7.583,7.641,82336.0,627209.327,1
BYBIT,AVAXUSDT,60,1789693200000,7.641,7.711,7.627,7.703,122782.7,941157.0987,1
BYBIT,AVAXUSDT,60,1789696800000,7.703,7.745,7.675,7.724,227513.0,1754661.4746,1
BYBIT,AVAXUSDT,60,1789700400000,7.724,7.956,7.722,7.943,398065.9,3126533.4064,1
BYBIT,AVAXUSDT,60,1789704000000,7.943,7.966,7.847,7.935,355336.1,2809833.3216,1
BYBIT,AVAXUSDT,60,1789707600000,7.935,7.941,7.858,7.871,163278.3,1291490.2007,1
BYBIT,AVAXUSDT,60,1789711200000,7.871,7.911,7.87,7.91,144961.5,1144009.5107,1
BYBIT,AVAXUSDT,60,1789714800000,7.91,7.935,7.893,7.925,125076.6,988930.508,1
BYBIT,AVAXUSDT,60,1789718400000,7.925,7.941,7.898,7.932,88470.1,701162.2603,1
BYBIT,AVAXUSDT,60,1789722000000,7.932,7.953,7.926,7.943,106241.2,843550.2742,1
BYBIT,AVAXUSDT,60,1789725600000,7.943,8.044,7.94,8.008,274116.9,2192571.5146,1
BYBIT,AVAXUSDT,60,1789729200000,8.008,8.025,7.907,7.942,237889.0,1891404.3048,1
BYBIT,AVAXUSDT,60,1789732800000,7.942,8.032,7.923,8.0,205300.2,1639595.294,1
BYBIT,AVAXUSDT,60,1789736400000,8.0,8.171,7.951,8.071,648231.6,5236545.1194,1
BYBIT,AVAXUSDT,60,1789740000000,8.071,8.14,8.04,8.139,322909.7,2607562.2437,1
BYBIT,AVAXUSDT,60,1789743600000,8.139,8.14,8.058,8.106,167778.9,1359224.5722,1
BYBIT,AVAXUSDT,60,1789747200000,8.106,8.124,8.048,8.08,151908.9,1229954.2001,1
BYBIT,AVAXUSDT,60,1789750800000,8.08,8.147,8.041,8.133,178683.4,1447671.3542,1
BYBIT,AVAXUSDT,60,1789754400000,8.133,8.255,8.121,8.199,305973.5,2508337.8766,1
BYBIT,AVAXUSDT,60,1789758000000,8.199,8.34,8.199,8.272,411698.0,3412491.7771,1
BYBIT,AVAXUSDT,60,1789761600000,8.272,8.287,8.22,8.235,170626.7,1407039.088,1
BYBIT,AVAXUSDT,60,1789765200000,8.235,8.29,8.227,8.25,122206.1,1009605.1064,1
BYBIT,AVAXUSDT,60,1789768800000,8.25,8.264,8.173,8.197,117230.7,962516.8735,1
BYBIT,AVAXUSDT,60,1789772400000,8.197,8.21,8.175,8.201,83201.1,681867.2911,1
BYBIT,AVAXUSDT,60,1789776000000,8.201,8.368,8.199,8.349,267896.7,2220596.7127,1
BYBIT,AVAXUSDT,60,1789779600000,8.349,8.774,8.279,8.693,906860.2,7736623.1517,1
BYBIT,AVAXUSDT,60,1789783200000,8.693,8.742,8.532,8.605,463379.0,3999122.5563,1
BYBIT,AVAXUSDT,60,1789786800000,8.605,8.608,8.427,8.488,203888.6,1736031.1907,1
BYBIT,AVAXUSDT,60,1789790400000,8.488,8.562,8.356,8.404,200625.7,1695509.6135,1
BYBIT,AVAXUSDT,60,1789794000000,8.404,8.541,8.402,8.468,128621.8,1091328.2524,1
BYBIT,AVAXUSDT,60,1789797600000,8.468,8.574,8.413,8.471,148933.3,1263398.3802,1
BYBIT,AVAXUSDT,60,1789801200000,8.471,8.636,8.468,8.534,227450.8,1946587.3121,1
BYBIT,AVAXUSDT,60,1789804800000,8.534,8.828,8.534,8.797,386613.0,3360740.364,1
BYBIT,AVAXUSDT,60,1789808400000,8.797,9.054,8.782,8.99,579796.9,5185139.8954,1
BYBIT,AVAXUSDT,60,1789812000000,8.99,9.211,8.895,9.147,594594.4,5386508.0078,1
BYBIT,AVAXUSDT,60,1789815600000,9.147,9.368,9.147,9.317,500673.0,4643775.5673,1
BYBIT,AVAXUSDT,60,1789819200000,9.317,9.362,9.054,9.349,852348.5,7836368.0228,1
BYBIT,AVAXUSDT,60,1789822800000,9.349,9.436,9.171,9.374,630102.3,5867822.0862,1
BYBIT,AVAXUSDT,60,1789826400000,9.374,9.461,9.268,9.422,483012.0,4520771.8564,1
BYBIT,AVAXUSDT,60,1789830000000,9.422,9.487,9.325,9.442,512353.4,4824565.372,1
BYBIT,AVAXUSDT,60,1789833600000,9.442,9.715,9.406,9.691,850944.1,8156751.5528,1
BYBIT,AVAXUSDT,60,1789837200000,9.691,9.842,9.625,9.638,808867.4,7872668.6004,1
BYBIT,AVAXUSDT,60,1789840800000,9.638,9.792,9.531,9.754,591510.0,5734906.2056,1
BYBIT,AVAXUSDT,60,1789844400000,9.754,9.8,9.597,9.608,397737.3,3861978.239,1
BYBIT,AVAXUSDT,60,1789848000000,9.608,9.863,9.561,9.745,982083.4,9521541.078,1
BYBIT,AVAXUSDT,60,1789851600000,9.745,9.796,9.576,9.69,630721.5,6109612.3604,1
BYBIT,AVAXUSDT,60,1789855200000,9.69,9.821,9.597,9.789,349506.3,3392083.7066,1
BYBIT,AVAXUSDT,60,1789858800000,9.789,10.167,9.772,10.085,1008447.1,10078510.7083,1
BYBIT,AVAXUSDT,60,1789862400000,10.085,10.818,10.081,10.319,1970324.8,20657387.155,1
BYBIT,AVAXUSDT,60,1789866000000,10.319,10.42,9.701,9.734,1458585.4,14534213.8224,1
BYBIT,AVAXUSDT,60,1789869600000,9.734,9.812,9.461,9.512,1006386.5,9683899.1594,1
BYBIT,AVAXUSDT,60,1789873200000,9.512,9.669,9.42,9.558,608100.3,5800112.5252,1
BYBIT,AVAXUSDT,60,1789876800000,9.558,9.656,9.483,9.606,282435.3,2705951.1941,1
BYBIT,AVAXUSDT,60,1789880400000,9.606,9.688,9.555,9.596,271401.4,2609793.4254,1
BYBIT,AVAXUSDT,60,1789884000000,9.596,9.766,9.584,9.752,380550.4,3686989.3587,1
BYBIT,AVAXUSDT,60,1789887600000,9.752,9.823,9.51,9.588,550382.2,5326824.7447,1
BYBIT,AVAXUSDT,60,1789891200000,9.588,9.716,9.586,9.632,271048.1,2613706.5692,1
BYBIT,AVAXUSDT,60,1789894800000,9.632,9.886,9.63,9.799,436266.8,4268435.4802,1
BYBIT,AVAXUSDT,60,1789898400000,9.799,9.829,9.704,9.756,255916.0,2498722.1686,1
BYBIT,AVAXUSDT,60,1789902000000,9.756,10.411,9.743,10.398,1020279.8,10251819.1098,1
BYBIT,AVAXUSDT,60,1789905600000,10.398,10.613,10.132,10.366,1705993.9,17663872.7295,1
BYBIT,AVAXUSDT,60,1789909200000,10.366,10.733,10.337,10.572,1160540.7,12218989.058,1
BYBIT,AVAXUSDT,60,1789912800000,10.572,10.949,10.538,10.814,1225597.6,13175073.8542,1
BYBIT,AVAXUSDT,60,1789916400000,10.814,11.42,10.777,11.395,1795207.7,19974729.7723,1
BYBIT,AVAXUSDT,60,1789920000000,11.395,11.422,10.883,11.295,1759151.0,19727006.6534,1
BYBIT,AVAXUSDT,60,1789923600000,11.295,11.394,10.93,11.015,953102.3,10609786.5609,1
BYBIT,AVAXUSDT,60,1789927200000,11.015,11.275,11.005,11.091,675610.3,7533836.6901,1
BYBIT,AVAXUSDT,60,1789930800000,11.091,11.293,11.001,11.14,568959.6,6331528.3292,1
BYBIT,AVAXUSDT,60,1789934400000,11.14,11.381,11.109,11.172,445560.1,5014962.5783,1
BYBIT,AVAXUSDT,60,1789938000000,11.172,11.359,11.024,11.288,383619.2,4287777.9137,1
BYBIT,AVAXUSDT,60,1789941600000,11.288,11.469,11.212,11.246,514682.1,5824237.8181,1
BYBIT,AVAXUSDT,60,1789945200000,11.246,11.411,11.123,11.309,354459.6,3997815.4719,1
BYBIT,AVAXUSDT,60,1789948800000,11.309,11.791,11.309,11.515,904577.4,10473841.9698,1
BYBIT,AVAXUSDT,60,1789952400000,11.515,11.763,11.095,11.097,820705.2,9348570.5564,1
BYBIT,AVAXUSDT,60,1789956000000,11.097,11.272,11.034,11.077,406013.3,4519837.3407,1
BYBIT,AVAXUSDT,60,1789959600000,11.077,11.275,11.057,11.271,225673.2,2521522.872,1
BYBIT,AVAXUSDT,60,1789963200000,11.271,11.613,11.183,11.534,573984.5,6561990.8362,1
BYBIT,AVAXUSDT,60,1789966800000,11.534,11.593,11.304,11.322,313800.6,3583691.9465,1
BYBIT,AVAXUSDT,60,1789970400000,11.322,11.348,11.014,11.121,779870.5,8698250.7501,1
BYBIT,AVAXUSDT,60,1789974000000,11.121,11.212,10.909,10.927,524574.1,5791156.2351,1
BYBIT,AVAXUSDT,60,1789977600000,10.927,11.189,10.898,11.107,927230.0,10240709.5789,1
BYBIT,AVAXUSDT,60,1789981200000,11.107,11.283,11.065,11.244,483622.7,5412944.5659,1
BYBIT,AVAXUSDT,60,1789984800000,11.244,11.485,11.222,11.384,499309.0,5667900.4046,1
BYBIT,AVAXUSDT,60,1789988400000,11.384,11.537,11.268,11.299,413432.6,4726673.4961,1
BYBIT,AVAXUSDT,60,1789992000000,11.299,11.493,11.256,11.443,253116.6,2879138.1249,1
BYBIT,AVAXUSDT,60,1789995600000,11.443,11.443,11.078,11.257,923575.6,10362412.6378,1
BYBIT,AVAXUSDT,60,1789999200000,11.257,11.276,11.087,11.161,615885.3,6881639.7897,1
BYBIT,AVAXUSDT,60,1790002800000,11.161,11.225,11.015,11.065,971546.0,10826296.2151,1
BYBIT,AVAXUSDT,60,1790006400000,11.065,11.141,10.96,11.058,507744.1,5606764.4173,1
BYBIT,AVAXUSDT,60,1790010000000,11.058,11.068,10.747,10.843,737343.2,8045804.9017,1
BYBIT,AVAXUSDT,60,1790013600000,10.843,10.991,10.817,10.899,241365.4,2631674.211,1
BYBIT,AVAXUSDT,60,1790017200000,10.899,11.096,10.89,11.088,409540.7,4503262.6481,1
BYBIT,AVAXUSDT,60,1790020800000,11.088,11.134,10.963,11.134,440625.1,4875190.736,1
BYBIT,AVAXUSDT,60,1790024400000,11.134,11.389,11.087,11.324,1101220.7,12385744.6785,1
BYBIT,AVAXUSDT,60,1790028000000,11.324,11.357,11.144,11.24,588306.8,6604436.9166,1
BYBIT,AVAXUSDT,60,1790031600000,11.24,11.286,11.197,11.226,146039.0,1641262.119,1
BYBIT,AVAXUSDT,60,1790035200000,11.226,11.234,11.102,11.14,219462.1,2448341.0188,1
BYBIT,AVAXUSDT,60,1790038800000,11.14,11.167,11.033,11.165,235487.8,2616121.1065,1
BYBIT,AVAXUSDT,60,1790042400000,11.165,11.226,11.087,11.161,190405.6,2124121.85,1
BYBIT,AVAXUSDT,60,1790046000000,11.161,11.184,10.957,10.998,402262.2,4436240.3539,1
BYBIT,AVAXUSDT,60,1790049600000,10.998,11.024,10.694,10.757,776468.4,8421555.145,1
BYBIT,AVAXUSDT,60,1790053200000,10.757,10.761,10.513,10.702,1055030.0,11237622.5604,1
BYBIT,AVAXUSDT,60,1790056800000,10.702,10.773,10.649,10.677,255066.0,2732640.8439,1
BYBIT,AVAXUSDT,60,1790060400000,10.677,10.735,10.644,10.726,142444.7,1523006.6915,1
BYBIT,AVAXUSDT,60,1790064000000,10.726,10.941,10.7,10.882,623642.9,6743912.417,1
BYBIT,AVAXUSDT,60,1790067600000,10.882,10.931,10.76,10.916,294623.3,3197796.6681,1
BYBIT,AVAXUSDT,60,1790071200000,10.916,10.921,10.785,10.904,192492.5,2089189.2179,1
