exchange,symbol,interval,open_time_ms,open,high,low,close,volume_base,turnover_quote,is_closed
BYBIT,BTCUSDT,240,1769342400000,88522.8,88937.4,88314.0,88407.9,5828.242,516717267.3931,1
BYBIT,BTCUSDT,240,1769356800000,88407.9,88417.3,86142.3,86453.1,26284.739,2295020958.8435,1
BYBIT,BTCUSDT,240,1769371200000,86453.1,86997.7,86031.4,86625.6,14957.738,1293075064.9651,1
BYBIT,BTCUSDT,240,1769385600000,86625.6,87929.7,86446.8,87241.2,10994.609,959395220.0814,1
BYBIT,BTCUSDT,240,1769400000000,87241.2,88043.4,87188.0,87964.3,5748.555,504562502.5259,1
BYBIT,BTCUSDT,240,1769414400000,87964.3,88355.0,87555.0,87816.0,6003.533,527620684.1526,1
BYBIT,BTCUSDT,240,1769428800000,87816.0,88843.9,87268.8,87598.9,17844.582,1570353062.5209,1
BYBIT,BTCUSDT,240,1769443200000,87598.9,88524.2,86923.3,87969.1,13302.022,1167203123.8784,1
BYBIT,BTCUSDT,240,1769457600000,87969.1,88631.2,87489.5,88305.1,6433.805,566365071.8272,1
BYBIT,BTCUSDT,240,1769472000000,88305.1,88893.3,88150.0,88740.0,5056.89,447757119.1662,1
BYBIT,BTCUSDT,240,1769486400000,88740.0,88977.7,88225.6,88282.8,4204.682,372142368.2782,1
BYBIT,BTCUSDT,240,1769500800000,88282.8,88364.6,87688.1,87937.0,6011.5,528898723.6173,1
BYBIT,BTCUSDT,240,1769515200000,87937.0,88400.0,87502.0,87990.6,10739.991,944064342.8255,1
BYBIT,BTCUSDT,240,1769529600000,87990.6,88786.4,87234.0,88373.1,18680.715,1644809885.4413,1
BYBIT,BTCUSDT,240,1769544000000,88373.1,89499.8,88331.3,89202.3,14738.718,1313654713.1311,1
BYBIT,BTCUSDT,240,1769558400000,89202.3,89460.4,88923.8,89080.0,4093.481,365187419.7944,1
BYBIT,BTCUSDT,240,1769572800000,89080.0,89366.3,88800.0,89105.0,4505.054,401135863.6089,1
BYBIT,BTCUSDT,240,1769587200000,89105.0,90132.0,88815.6,90039.7,10705.47,957952210.472,1
BYBIT,BTCUSDT,240,1769601600000,90039.7,90455.7,88836.3,89439.8,18749.289,1682305505.7537,1
BYBIT,BTCUSDT,240,1769616000000,89439.8,90597.0,88951.1,89350.5,20856.487,1869735567.7494,1
BYBIT,BTCUSDT,240,1769630400000,89350.5,89864.1,88813.0,89261.7,8871.082,791958997.0446,1
BYBIT,BTCUSDT,240,1769644800000,89261.7,89312.7,87650.0,88012.2,12492.162,1103674762.0081,1
BYBIT,BTCUSDT,240,1769659200000,88012.2,88389.8,87857.8,88314.5,4337.338,382625507.97,1
BYBIT,BTCUSDT,240,1769673600000,88314.5,88458.8,87690.6,87786.0,8196.602,721161358.6247,1
BYBIT,BTCUSDT,240,1769688000000,87786.0,88142.7,84300.3,84891.6,34311.313,2952705706.2107,1
BYBIT,BTCUSDT,240,1769702400000,84891.6,85595.7,83311.0,83967.6,36259.13,3058361084.7625,1
BYBIT,BTCUSDT,240,1769716800000,83967.6,84703.2,83773.2,84599.8,7641.599,644226379.1954,1
BYBIT,BTCUSDT,240,1769731200000,84599.8,84692.3,81000.0,82628.9,34358.744,2830029632.6193,1
BYBIT,BTCUSDT,240,1769745600000,82628.9,83297.9,82009.8,82755.3,13488.892,1116453083.7446,1
BYBIT,BTCUSDT,240,1769760000000,82755.3,83263.5,82081.7,83103.7,10454.08,863490953.0164,1
BYBIT,BTCUSDT,240,1769774400000,83103.7,83771.2,82316.3,82838.7,19263.357,1599204485.995,1
BYBIT,BTCUSDT,240,1769788800000,82838.7,84635.7,81832.0,84210.7,27689.711,2305832849.2306,1
BYBIT,BTCUSDT,240,1769803200000,84210.7,84481.5,83505.0,84222.5,11864.773,996615130.3749,1
BYBIT,BTCUSDT,240,1769817600000,84222.5,84254.3,83778.4,83990.6,3782.639,317949721.201,1
BYBIT,BTCUSDT,240,1769832000000,83990.6,84116.4,83360.3,83506.1,4662.884,390494701.6384,1
BYBIT,BTCUSDT,240,1769846400000,83506.1,83599.1,82530.0,82978.6,7455.554,618910951.1216,1
BYBIT,BTCUSDT,240,1769860800000,82978.6,83113.3,80750.0,81255.2,22609.668,1845611613.2858,1
BYBIT,BTCUSDT,240,1769875200000,81255.2,82264.5,75689.6,77719.1,79818.317,6298666405.0713,1
BYBIT,BTCUSDT,240,1769889600000,77719.1,79239.7,77033.2,78704.4,22255.099,1739125213.5302,1
BYBIT,BTCUSDT,240,1769904000000,78704.4,79388.5,78252.0,78829.7,8372.237,659417561.4097,1
BYBIT,BTCUSDT,240,1769918400000,78829.7,79074.3,77836.9,78315.5,8722.597,684679264.6447,1
BYBIT,BTCUSDT,240,1769932800000,78315.5,79187.0,78116.0,78715.1,7831.337,615646306.7842,1
BYBIT,BTCUSDT,240,1769947200000,78715.1,78734.5,76725.4,77564.3,20752.1,1613700555.5257,1
BYBIT,BTCUSDT,240,1769961600000,77564.3,78409.1,76950.6,77143.8,13882.563,1077840522.0152,1
BYBIT,BTCUSDT,240,1769976000000,77143.8,77770.7,75663.2,76938.5,26342.734,2022927557.3743,1
BYBIT,BTCUSDT,240,1769990400000,76938.5,78177.9,74567.3,76268.9,30900.03,2355331867.5691,1
BYBIT,BTCUSDT,240,1770004800000,76268.9,76932.9,74849.3,76606.1,22348.159,1695889538.9945,1
BYBIT,BTCUSDT,240,1770019200000,76606.1,77939.0,76576.2,77727.2,13282.113,1026468490.8654,1
BYBIT,BTCUSDT,240,1770033600000,77727.2,79388.0,77492.3,78794.9,26702.763,2092009417.9213,1
BYBIT,BTCUSDT,240,1770048000000,78794.9,79245.4,78228.6,78290.1,12181.861,959652385.7812,1
BYBIT,BTCUSDT,240,1770062400000,78290.1,78951.1,77850.9,78693.9,7041.38,552176712.4666,1
BYBIT,BTCUSDT,240,1770076800000,78693.9,79177.7,77600.1,78709.6,9711.448,761844321.3616,1
BYBIT,BTCUSDT,240,1770091200000,78709.6,78967.5,77909.8,78755.2,6935.861,544751250.3021,1
BYBIT,BTCUSDT,240,1770105600000,78755.2,79040.0,77870.9,78034.7,9000.846,705037594.0112,1
BYBIT,BTCUSDT,240,1770120000000,78034.7,78417.2,77004.1,78097.1,20818.088,1619420576.0086,1
BYBIT,BTCUSDT,240,1770134400000,78097.1,78106.3,72889.7,74889.3,64436.783,4831195043.9677,1
BYBIT,BTCUSDT,240,1770148800000,74889.3,76913.8,74543.8,75723.2,25034.126,1901090890.1798,1
BYBIT,BTCUSDT,240,1770163200000,75723.2,76991.2,75414.0,76673.0,12667.291,966776619.1757,1
BYBIT,BTCUSDT,240,1770177600000,76673.0,76812.2,76076.0,76484.2,5560.912,425227061.093,1
BYBIT,BTCUSDT,240,1770192000000,76484.2,76578.8,75635.2,75998.9,10609.33,807677913.5595,1
BYBIT,BTCUSDT,240,1770206400000,75998.9,76244.9,73728.3,74094.8,31464.292,2356807472.2218,1
BYBIT,BTCUSDT,240,1770220800000,74094.8,74213.5,72090.4,73894.6,46951.433,3437691308.5515,1
BYBIT,BTCUSDT,240,1770235200000,73894.6,74136.0,71805.2,73130.3,21669.487,1579796827.3375,1
BYBIT,BTCUSDT,240,1770249600000,73130.3,73312.1,71120.2,71189.1,25536.05,1841788190.3956,1
BYBIT,BTCUSDT,240,1770264000000,71189.1,71600.0,70085.7,70716.4,27890.061,1976719640.7305,1
BYBIT,BTCUSDT,240,1770278400000,70716.4,71936.3,69865.8,70287.8,24088.783,1706531566.1112,1
BYBIT,BTCUSDT,240,1770292800000,70287.8,70866.3,66655.2,67450.8,69995.024,4802379916.2984,1
BYBIT,BTCUSDT,240,1770307200000,67450.8,68668.8,65148.5,65232.2,57174.174,3813843962.6606,1
BYBIT,BTCUSDT,240,1770321600000,65232.2,65675.0,62250.0,62872.7,81321.923,5184365643.3527,1
BYBIT,BTCUSDT,240,1770336000000,62872.7,65972.8,59888.0,64138.7,79026.033,4952159930.2337,1
BYBIT,BTCUSDT,240,1770350400000,64138.7,66799.9,63926.9,64813.6,32061.862,2097948135.3422,1
BYBIT,BTCUSDT,240,1770364800000,64813.6,66730.0,64434.1,66588.8,19094.238,1251952531.041,1
BYBIT,BTCUSDT,240,1770379200000,66588.8,69151.4,66080.0,68578.9,37859.374,2562702707.6636,1
BYBIT,BTCUSDT,240,1770393600000,68578.9,71479.8,68373.7,70689.8,45584.805,3196938242.928,1
BYBIT,BTCUSDT,240,1770408000000,70689.8,71719.9,69788.2,70532.3,17473.911,1234329691.2323,1
BYBIT,BTCUSDT,240,1770422400000,70532.3,70880.0,69676.2,70879.1,10975.146,770658944.0075,1
BYBIT,BTCUSDT,240,1770436800000,70879.1,71653.2,67307.3,68066.4,33330.07,2306307485.9951,1
BYBIT,BTCUSDT,240,1770451200000,68066.4,68783.7,67577.3,67946.2,14476.74,987249635.1006,1
BYBIT,BTCUSDT,240,1770465600000,67946.2,69972.1,67880.3,69116.4,25380.554,1753191212.5722,1
BYBIT,BTCUSDT,240,1770480000000,69116.4,69950.0,68489.4,69338.2,22270.748,1543573638.6693,1
BYBIT,BTCUSDT,240,1770494400000,69338.2,69691.0,68742.0,69248.2,5175.133,358630361.303,1
BYBIT,BTCUSDT,240,1770508800000,69248.2,69675.1,68839.0,69062.5,4661.991,322832409.2251,1
BYBIT,BTCUSDT,240,1770523200000,69062.5,69691.3,68926.5,69663.7,4338.08,300657239.6274,1
BYBIT,BTCUSDT,240,1770537600000,69663.7,71184.0,69467.9,70953.3,17192.879,1209827100.1536,1
BYBIT,BTCUSDT,240,1770552000000,70953.3,71524.7,70656.6,71153.0,11902.273,846418663.6562,1
BYBIT,BTCUSDT,240,1770566400000,71153.0,71494.9,70195.5,71387.8,9010.446,638406920.1197,1
BYBIT,BTCUSDT,240,1770580800000,71387.8,72254.1,69945.0,70289.8,16607.251,1178774546.2456,1
BYBIT,BTCUSDT,240,1770595200000,70289.8,71418.4,70018.0,71265.3,10550.497,745150477.55,1
BYBIT,BTCUSDT,240,1770609600000,71265.3,71314.3,70271.3,70387.1,7127.859,504081632.0855,1
BYBIT,BTCUSDT,240,1770624000000,70387.1,70581.8,68384.0,68900.0,20197.991,1399583599.828,1
BYBIT,BTCUSDT,240,1770638400000,68900.0,69843.6,68207.2,69533.0,19789.88,1367311997.517,1
BYBIT,BTCUSDT,240,1770652800000,69533.0,71065.5,69051.9,70933.4,19260.335,1353670022.1295,1
BYBIT,BTCUSDT,240,1770667200000,70933.4,71119.9,69780.7,70110.8,9715.88,684138316.6238,1
BYBIT,BTCUSDT,240,1770681600000,70110.8,70508.8,69149.3,69470.5,10046.123,701834226.0367,1
BYBIT,BTCUSDT,240,1770696000000,69470.5,69874.9,68603.7,68885.9,10707.295,741329634.7759,1
BYBIT,BTCUSDT,240,1770710400000,68885.9,69385.2,68365.0,68486.5,8639.737,595458475.9022,1
BYBIT,BTCUSDT,240,1770724800000,68486.5,69552.7,67869.0,69251.0,25388.941,1745988501.3877,1
BYBIT,BTCUSDT,240,1770739200000,69251.0,69982.2,68565.0,69028.3,14444.649,1000832796.0093,1
BYBIT,BTCUSDT,240,1770753600000,69028.3,69100.0,68315.0,68804.3,6343.053,435690737.6971,1
BYBIT,BTCUSDT,240,1770768000000,68804.3,69265.8,67956.1,68151.3,9263.292,636498661.7731,1
BYBIT,BTCUSDT,240,1770782400000,68151.3,68290.0,66501.5,67000.1,21502.977,1446208077.0729,1
BYBIT,BTCUSDT,240,1770796800000,67000.1,67089.9,66306.8,67023.7,11412.603,761825439.8093,1
BYBIT,BTCUSDT,240,1770811200000,67023.7,68812.6,65705.0,66485.2,46528.234,3119528304.7701,1
BYBIT,BTCUSDT,240,1770825600000,66485.2,67837.7,65840.0,67552.4,21620.132,1443438782.3077,1
BYBIT,BTCUSDT,240,1770840000000,67552.4,68329.0,66755.3,67044.5,11267.219,760779418.1319,1
BYBIT,BTCUSDT,240,1770854400000,67044.5,68019.9,67017.0,67554.5,9636.044,650886267.9067,1
BYBIT,BTCUSDT,240,1770868800000,67554.5,67668.4,66626.7,67183.3,7618.706,511242698.6155,1
BYBIT,BTCUSDT,240,1770883200000,67183.3,68271.4,66858.1,68049.0,10541.587,712717161.2757,1
BYBIT,BTCUSDT,240,1770897600000,68049.0,68396.0,66955.7,67100.9,21594.171,1461503100.7005,1
BYBIT,BTCUSDT,240,1770912000000,67100.9,67205.6,65065.0,65759.9,38098.642,2510600906.9575,1
BYBIT,BTCUSDT,240,1770926400000,65759.9,66459.2,65183.2,66244.8,10517.379,692232981.9482,1
BYBIT,BTCUSDT,240,1770940800000,66244.8,66793.4,65824.7,66532.4,9062.22,601453124.4859,1
BYBIT,BTCUSDT,240,1770955200000,66532.4,66650.9,65972.5,66185.1,7917.688,524832828.3467,1
BYBIT,BTCUSDT,240,1770969600000,66185.1,67199.9,66151.7,67136.0,8951.418,597916044.9509,1
BYBIT,BTCUSDT,240,1770984000000,67136.0,69292.2,66818.3,68653.0,35881.304,2436010745.468,1
BYBIT,BTCUSDT,240,1770998400000,68653.0,69450.0,68504.1,68898.8,16571.046,1144196630.0195,1
BYBIT,BTCUSDT,240,1771012800000,68898.8,69053.5,68632.4,68819.2,6045.38,416128492.0619,1
BYBIT,BTCUSDT,240,1771027200000,68819.2,69118.0,68731.7,68938.7,3204.763,220877619.0877,1
BYBIT,BTCUSDT,240,1771041600000,68938.7,69316.0,68691.1,69185.0,3475.457,239637786.6004,1
BYBIT,BTCUSDT,240,1771056000000,69185.0,70550.0,69180.0,70470.4,12747.13,890555766.5437,1
BYBIT,BTCUSDT,240,1771070400000,70470.4,70507.0,69190.0,69756.4,15588.967,1086518617.9381,1
BYBIT,BTCUSDT,240,1771084800000,69756.4,69900.0,69253.7,69847.8,4476.538,311775916.2254,1
BYBIT,BTCUSDT,240,1771099200000,69847.8,70240.0,69625.4,69790.1,5660.968,395795263.176,1
BYBIT,BTCUSDT,240,1771113600000,69790.1,69976.9,69200.0,69926.9,6904.364,480349597.4297,1
BYBIT,BTCUSDT,240,1771128000000,69926.9,70899.5,69925.2,70786.6,9226.26,649351204.744,1
BYBIT,BTCUSDT,240,1771142400000,70786.6,70937.0,70144.8,70265.9,6267.524,441387987.7714,1
BYBIT,BTCUSDT,240,1771156800000,70265.9,70388.4,68735.6,69060.9,16397.741,1137019220.9183,1
BYBIT,BTCUSDT,240,1771171200000,69060.9,69080.0,68051.7,68263.0,15078.603,1033120509.78,1
BYBIT,BTCUSDT,240,1771185600000,68263.0,69055.0,68100.0,68800.0,6673.632,458151434.6924,1
BYBIT,BTCUSDT,240,1771200000000,68800.0,69040.0,68108.8,68389.3,5054.513,346554613.5222,1
BYBIT,BTCUSDT,240,1771214400000,68389.3,68875.0,68202.0,68554.6,5554.101,380641907.9341,1
BYBIT,BTCUSDT,240,1771228800000,68554.6,69029.2,68300.0,68777.0,6524.611,448428862.1799,1
BYBIT,BTCUSDT,240,1771243200000,68777.0,70099.1,67243.6,67505.6,30514.832,2089943062.4486,1
BYBIT,BTCUSDT,240,1771257600000,67505.6,68211.3,67468.5,67878.2,8592.801,582950906.0879,1
BYBIT,BTCUSDT,240,1771272000000,67878.2,68968.8,67787.7,68863.8,7089.149,485893213.5275,1
BYBIT,BTCUSDT,240,1771286400000,68863.8,69228.5,68321.6,68440.9,7059.095,485415778.9001,1
BYBIT,BTCUSDT,240,1771300800000,68440.9,68677.7,67852.4,68350.0,6054.005,413213624.9615,1
BYBIT,BTCUSDT,240,1771315200000,68350.0,68447.7,67650.0,67822.8,6350.726,431606776.8418,1
BYBIT,BTCUSDT,240,1771329600000,67822.8,68340.2,66556.6,67361.0,24416.125,1645222083.5838,1
BYBIT,BTCUSDT,240,1771344000000,67361.0,68217.9,66826.2,67768.4,23991.411,1621776474.2379,1
BYBIT,BTCUSDT,240,1771358400000,67768.4,67930.8,67341.3,67474.9,5496.059,371611847.7698,1
BYBIT,BTCUSDT,240,1771372800000,67474.9,67677.4,66843.5,67591.4,5763.001,387579245.4017,1
BYBIT,BTCUSDT,240,1771387200000,67591.4,68200.0,67461.5,68080.3,5844.866,396350232.423,1
BYBIT,BTCUSDT,240,1771401600000,68080.3,68440.0,67028.5,67330.2,11348.97,769004815.5781,1
BYBIT,BTCUSDT,240,1771416000000,67330.2,68326.7,66668.2,67666.7,19279.34,1299445718.5897,1
BYBIT,BTCUSDT,240,1771430400000,67666.7,67679.7,65814.6,66138.1,20557.769,1371052379.9339,1
BYBIT,BTCUSDT,240,1771444800000,66138.1,66514.1,66032.3,66426.0,6554.297,434509420.9015,1
BYBIT,BTCUSDT,240,1771459200000,66426.0,66982.5,66304.0,66952.6,5492.059,366340412.8127,1
BYBIT,BTCUSDT,240,1771473600000,66952.6,67307.9,66650.0,67179.4,6161.901,412806195.8113,1
BYBIT,BTCUSDT,240,1771488000000,67179.4,67179.4,66436.0,66462.4,7503.265,501450662.2817,1
BYBIT,BTCUSDT,240,1771502400000,66462.4,66722.7,65573.5,66378.2,23718.511,1570225525.9491,1
BYBIT,BTCUSDT,240,1771516800000,66378.2,67187.1,65844.7,67028.6,16775.988,1117739191.1514,1
BYBIT,BTCUSDT,240,1771531200000,67028.6,67167.6,66622.0,66982.1,5290.097,353999019.4259,1
BYBIT,BTCUSDT,240,1771545600000,66982.1,67494.7,66923.1,67332.0,6814.954,458421082.7495,1
BYBIT,BTCUSDT,240,1771560000000,67332.0,68000.0,67079.7,67802.9,9495.72,642372908.6534,1
BYBIT,BTCUSDT,240,1771574400000,67802.9,68299.9,67255.0,67299.9,11241.358,762958890.4818,1
BYBIT,BTCUSDT,240,1771588800000,67299.9,68079.9,66427.5,67553.4,35361.444,2373183918.1674,1
BYBIT,BTCUSDT,240,1771603200000,67553.4,68017.7,66926.8,67623.3,23989.596,1619950973.5449,1
BYBIT,BTCUSDT,240,1771617600000,67623.3,68211.0,67486.3,67989.2,5592.792,379623073.9773,1
BYBIT,BTCUSDT,240,1771632000000,67989.2,68075.7,67511.0,67647.1,3754.859,254658107.046,1
BYBIT,BTCUSDT,240,1771646400000,67647.1,67900.0,67561.4,67822.9,2119.292,143622634.8581,1
BYBIT,BTCUSDT,240,1771660800000,67822.9,68293.1,67779.5,68070.0,4941.179,336568523.8295,1
BYBIT,BTCUSDT,240,1771675200000,68070.0,68687.1,67867.5,68570.5,7729.912,528210119.5593,1
BYBIT,BTCUSDT,240,1771689600000,68570.5,68646.7,68074.6,68521.8,7004.606,478936425.6919,1
BYBIT,BTCUSDT,240,1771704000000,68521.8,68579.0,67846.5,67934.5,6755.304,460801533.4243,1
BYBIT,BTCUSDT,240,1771718400000,67934.5,68186.4,67751.5,68010.0,4770.783,324140360.2244,1
BYBIT,BTCUSDT,240,1771732800000,68010.0,68149.5,67834.2,67974.0,3270.274,222315916.5194,1
BYBIT,BTCUSDT,240,1771747200000,67974.0,68224.4,67865.6,68184.9,2887.584,196517720.6853,1
BYBIT,BTCUSDT,240,1771761600000,68184.9,68200.0,67262.2,67656.0,11880.698,803648116.5638,1
BYBIT,BTCUSDT,240,1771776000000,67656.0,67690.0,67143.5,67386.0,4863.134,327695491.1385,1
BYBIT,BTCUSDT,240,1771790400000,67386.0,67722.0,67291.5,67610.5,3551.877,239837890.3812,1
BYBIT,BTCUSDT,240,1771804800000,67610.5,67652.2,64220.0,64895.1,35845.294,2343603367.9074,1
BYBIT,BTCUSDT,240,1771819200000,64895.1,65979.5,64636.3,65916.7,11598.024,757789498.8646,1
BYBIT,BTCUSDT,240,1771833600000,65916.7,66574.8,65528.0,66166.4,12201.403,806790560.3877,1
BYBIT,BTCUSDT,240,1771848000000,66166.4,66497.9,65488.0,65620.5,17868.806,1179119041.232,1
BYBIT,BTCUSDT,240,1771862400000,65620.5,65691.0,64015.9,64262.9,29262.526,1895171587.9364,1
BYBIT,BTCUSDT,240,1771876800000,64262.9,64985.2,63833.0,64615.3,12958.699,834958324.7389,1
BYBIT,BTCUSDT,240,1771891200000,64615.3,64979.7,63248.8,63557.3,27286.44,1747628929.4868,1
BYBIT,BTCUSDT,240,1771905600000,63557.3,63598.6,62649.2,63152.8,18176.449,1147024720.2708,1
BYBIT,BTCUSDT,240,1771920000000,63152.8,63401.6,62888.0,63191.1,8645.338,546266024.373,1
BYBIT,BTCUSDT,240,1771934400000,63191.1,63999.0,62422.3,63944.3,25585.86,1617467444.4078,1
BYBIT,BTCUSDT,240,1771948800000,63944.3,64710.8,63666.0,64402.0,19810.196,1271835586.4404,1
BYBIT,BTCUSDT,240,1771963200000,64402.0,64564.0,63795.8,64032.5,7692.936,493262372.3756,1
BYBIT,BTCUSDT,240,1771977600000,64032.5,66298.1,63869.5,65371.1,26589.14,1743155889.116,1
BYBIT,BTCUSDT,240,1771992000000,65371.1,65668.7,64730.5,65010.5,14113.732,919373511.4746,1
BYBIT,BTCUSDT,240,1772006400000,65010.5,65668.6,64935.8,65399.8,8590.119,561572275.3289,1
BYBIT,BTCUSDT,240,1772020800000,65399.8,67550.0,65280.3,67367.2,32287.67,2149227823.6227,1
BYBIT,BTCUSDT,240,1772035200000,67367.2,69545.1,67366.8,69008.6,40404.391,2770270020.8038,1
BYBIT,BTCUSDT,240,1772049600000,69008.6,69989.8,67563.6,67958.3,26574.156,1828253373.1886,1
BYBIT,BTCUSDT,240,1772064000000,67958.3,68697.3,67688.0,68192.9,13719.06,935443611.0461,1
BYBIT,BTCUSDT,240,1772078400000,68192.9,68841.7,67781.9,67805.5,9535.921,651410704.4483,1
BYBIT,BTCUSDT,240,1772092800000,67805.5,68710.0,67751.5,68016.2,9613.897,655875880.0578,1
BYBIT,BTCUSDT,240,1772107200000,68016.2,68270.4,66725.0,67357.5,24590.127,1660254100.3867,1
BYBIT,BTCUSDT,240,1772121600000,67357.5,67888.0,66451.1,67555.0,24737.632,1659664330.6542,1
BYBIT,BTCUSDT,240,1772136000000,67555.0,67800.0,67111.0,67447.5,8095.737,546026436.199,1
BYBIT,BTCUSDT,240,1772150400000,67447.5,67679.4,66850.0,67569.9,8485.576,570471876.1103,1
BYBIT,BTCUSDT,240,1772164800000,67569.9,68185.6,67411.7,67642.9,9378.863,635292062.2423,1
BYBIT,BTCUSDT,240,1772179200000,67642.9,68126.9,65920.0,66082.6,19560.019,1308113069.5489,1
BYBIT,BTCUSDT,240,1772193600000,66082.6,66309.0,65616.8,66070.0,19500.105,1286676500.3945,1
BYBIT,BTCUSDT,240,1772208000000,66070.0,66096.6,65079.0,65364.6,16906.346,1106975844.8912,1
BYBIT,BTCUSDT,240,1772222400000,65364.6,65926.8,64888.0,65833.4,9165.138,600417149.6745,1
BYBIT,BTCUSDT,240,1772236800000,65833.4,65993.4,65680.0,65757.5,4559.06,300197026.5153,1
BYBIT,BTCUSDT,240,1772251200000,65757.5,65790.2,62972.3,63787.6,33625.511,2157764637.2315,1
BYBIT,BTCUSDT,240,1772265600000,63787.6,64289.9,63324.5,63814.2,17142.679,1092446826.3516,1
BYBIT,BTCUSDT,240,1772280000000,63814.2,65330.0,63796.0,64802.0,24284.274,1569244691.3766,1
BYBIT,BTCUSDT,240,1772294400000,64802.0,66638.0,64640.0,66316.4,20081.223,1318552302.7409,1
BYBIT,BTCUSDT,240,1772308800000,66316.4,67739.5,66150.0,66939.6,19932.006,1332341645.824,1
BYBIT,BTCUSDT,240,1772323200000,66939.6,68183.2,65973.2,67477.7,20087.385,1351267834.7927,1
BYBIT,BTCUSDT,240,1772337600000,67477.7,67588.6,66756.6,67121.5,8968.834,602320343.672,1
BYBIT,BTCUSDT,240,1772352000000,67121.5,67276.9,66177.6,66443.5,9830.342,654633052.0207,1
BYBIT,BTCUSDT,240,1772366400000,66443.5,67336.7,66069.2,66813.9,14174.888,947161754.306,1
BYBIT,BTCUSDT,240,1772380800000,66813.9,67100.0,65680.0,65925.6,18067.862,1196551965.2198,1
BYBIT,BTCUSDT,240,1772395200000,65925.6,66464.6,65001.0,65746.9,19099.63,1252795167.8788,1
BYBIT,BTCUSDT,240,1772409600000,65746.9,67078.9,65719.3,66796.1,13599.541,903600164.7626,1
BYBIT,BTCUSDT,240,1772424000000,66796.1,66974.0,65510.0,65977.6,10897.537,722226262.9408,1
BYBIT,BTCUSDT,240,1772438400000,65977.6,66711.9,65614.7,66333.0,11137.365,737013076.3252,1
BYBIT,BTCUSDT,240,1772452800000,66333.0,69570.0,65238.5,69096.9,43155.103,2911186529.6913,1
BYBIT,BTCUSDT,240,1772467200000,69096.9,70066.0,68526.5,68930.7,26576.157,1840912680.5271,1
BYBIT,BTCUSDT,240,1772481600000,68930.7,69500.0,68533.8,68799.9,11206.697,774486909.1652,1
BYBIT,BTCUSDT,240,1772496000000,68799.9,69222.0,68183.6,68353.5,8716.012,598408601.8617,1
BYBIT,BTCUSDT,240,1772510400000,68353.5,68537.5,67766.4,68141.9,10729.684,730640893.3711,1
BYBIT,BTCUSDT,240,1772524800000,68141.9,68281.0,66304.0,66999.3,22565.207,1512349362.9536,1
BYBIT,BTCUSDT,240,1772539200000,66999.3,67950.0,66054.3,67703.4,29049.821,1947608633.713,1
BYBIT,BTCUSDT,240,1772553600000,67703.4,68967.8,67432.2,68405.9,30546.84,2085185999.2641,1
BYBIT,BTCUSDT,240,1772568000000,68405.9,68849.2,67780.0,68299.5,11031.837,753099075.8435,1
BYBIT,BTCUSDT,240,1772582400000,68299.5,68880.0,67348.4,67697.1,12945.095,881893517.2512,1
BYBIT,BTCUSDT,240,1772596800000,67697.1,69624.2,67424.0,69460.2,16293.006,1113916751.0514,1
BYBIT,BTCUSDT,240,1772611200000,69460.2,71872.3,69110.0,71080.1,36558.924,2592388699.5514,1
BYBIT,BTCUSDT,240,1772625600000,71080.1,73450.1,70546.7,73351.1,39811.912,2865873960.5852,1
BYBIT,BTCUSDT,240,1772640000000,73351.1,74021.8,72495.6,73576.4,24618.483,1804462334.1355,1
BYBIT,BTCUSDT,240,1772654400000,73576.4,73672.9,72280.0,72640.4,13328.842,972854611.9975,1
BYBIT,BTCUSDT,240,1772668800000,72640.4,73250.0,72268.0,72460.1,11369.18,825856892.8182,1
BYBIT,BTCUSDT,240,1772683200000,72460.1,73068.9,71733.1,72025.6,15246.647,1103379882.8508,1
BYBIT,BTCUSDT,240,1772697600000,72025.6,73537.9,71709.1,72878.8,16157.234,1175968799.4396,1
BYBIT,BTCUSDT,240,1772712000000,72878.8,73035.0,71111.1,71622.8,29339.88,2115254690.1157,1
BYBIT,BTCUSDT,240,1772726400000,71622.8,71628.7,70610.0,70883.5,22299.326,1583678483.3024,1
BYBIT,BTCUSDT,240,1772740800000,70883.5,71536.6,70696.2,70847.6,9595.495,682691277.8329,1
BYBIT,BTCUSDT,240,1772755200000,70847.6,71384.5,70336.2,71038.7,9404.552,667059740.9046,1
BYBIT,BTCUSDT,240,1772769600000,71038.7,71158.2,70100.1,71035.1,13512.776,953525411.8604,1
BYBIT,BTCUSDT,240,1772784000000,71035.1,71044.0,70150.1,70183.7,8870.189,626101560.6687,1
BYBIT,BTCUSDT,240,1772798400000,70183.7,70299.0,68130.1,68461.0,40207.106,2781134201.2697,1
BYBIT,BTCUSDT,240,1772812800000,68461.0,68766.2,67720.0,68091.2,17616.145,1201872474.8269,1
BYBIT,BTCUSDT,240,1772827200000,68091.2,68405.3,67729.1,68075.5,8130.826,553146424.2239,1
BYBIT,BTCUSDT,240,1772841600000,68075.5,68536.8,68012.0,68058.2,4967.128,338948414.2677,1
BYBIT,BTCUSDT,240,1772856000000,68058.2,68119.3,67400.7,67804.8,8537.399,578642850.8324,1
BYBIT,BTCUSDT,240,1772870400000,67804.8,68212.7,67676.7,67972.3,5790.147,393535576.7211,1
BYBIT,BTCUSDT,240,1772884800000,67972.3,68071.4,67565.2,67841.4,6272.672,425754480.5619,1
BYBIT,BTCUSDT,240,1772899200000,67841.4,67917.9,66885.4,67044.1,8741.558,588943577.8702,1
BYBIT,BTCUSDT,240,1772913600000,67044.1,67449.3,67031.1,67227.1,5054.3,340060907.5038,1
BYBIT,BTCUSDT,240,1772928000000,67227.1,67449.4,66772.4,66972.2,6420.019,430668280.2333,1
BYBIT,BTCUSDT,240,1772942400000,66972.2,67432.9,66480.0,67274.9,8222.825,550883208.7957,1
BYBIT,BTCUSDT,240,1772956800000,67274.9,68167.7,67118.4,67479.2,11741.535,794551680.0176,1
BYBIT,BTCUSDT,240,1772971200000,67479.2,67629.4,66777.7,67176.7,11384.392,764392396.3136,1
BYBIT,BTCUSDT,240,1772985600000,67176.7,67435.0,66710.5,67297.6,8272.798,554427111.8001,1
BYBIT,BTCUSDT,240,1773000000000,67297.6,67487.7,65580.0,65943.8,21669.163,1435586821.7508,1
BYBIT,BTCUSDT,240,1773014400000,65943.8,67672.3,65782.7,67171.4,17212.521,1147817781.533,1
BYBIT,BTCUSDT,240,1773028800000,67171.4,68038.7,66830.7,67506.5,16026.573,1080969090.361,1
BYBIT,BTCUSDT,240,1773043200000,67506.5,68431.5,67280.5,67724.0,14520.589,984419708.8007,1
BYBIT,BTCUSDT,240,1773057600000,67724.0,69444.4,67713.9,68820.0,27113.06,1864381156.6439,1
BYBIT,BTCUSDT,240,1773072000000,68820.0,69500.0,68200.0,68944.8,17735.029,1220442484.7621,1
BYBIT,BTCUSDT,240,1773086400000,68944.8,69118.8,68331.6,68390.7,7490.495,515227059.5466,1
BYBIT,BTCUSDT,240,1773100800000,68390.7,70600.0,68355.0,69392.6,20124.011,1401974711.9926,1
BYBIT,BTCUSDT,240,1773115200000,69392.6,70539.9,69392.6,70385.8,12358.732,865590270.972,1
BYBIT,BTCUSDT,240,1773129600000,70385.8,71300.0,70330.2,70560.3,18892.376,1338086228.9832,1
BYBIT,BTCUSDT,240,1773144000000,70560.3,71762.8,69227.3,71311.0,39626.331,2791430935.8998,1
BYBIT,BTCUSDT,240,1773158400000,71311.0,71687.0,69650.5,70003.3,21981.654,1550442202.7852,1
BYBIT,BTCUSDT,240,1773172800000,70003.3,70374.0,69405.1,69907.5,10693.732,746704955.1701,1
BYBIT,BTCUSDT,240,1773187200000,69907.5,70162.3,69448.6,69515.7,7474.97,521915079.9445,1
BYBIT,BTCUSDT,240,1773201600000,69515.7,70239.0,69318.6,69621.6,11321.305,789591346.1106,1
BYBIT,BTCUSDT,240,1773216000000,69621.6,69765.0,69121.4,69136.1,8064.936,560353867.4477,1
BYBIT,BTCUSDT,240,1773230400000,69136.1,71067.5,68921.8,70200.0,41886.182,2938128849.9544,1
BYBIT,BTCUSDT,240,1773244800000,70200.0,71300.0,70120.0,70606.6,18214.128,1287807051.4209,1
BYBIT,BTCUSDT,240,1773259200000,70606.6,70900.0,70080.0,70150.8,6599.552,464972910.2552,1
BYBIT,BTCUSDT,240,1773273600000,70150.8,70319.1,69172.5,69395.7,10252.255,714198967.5552,1
BYBIT,BTCUSDT,240,1773288000000,69395.7,69829.8,69150.0,69786.6,7288.735,506463145.9618,1
BYBIT,BTCUSDT,240,1773302400000,69786.6,70772.4,69540.0,70389.3,15197.854,1065528711.281,1
BYBIT,BTCUSDT,240,1773316800000,70389.3,70638.9,69300.0,70287.7,26743.272,1871972079.9287,1
BYBIT,BTCUSDT,240,1773331200000,70287.7,70533.9,69728.8,70394.3,14721.824,1033632969.5973,1
BYBIT,BTCUSDT,240,1773345600000,70394.3,70737.8,69964.5,70482.0,9415.163,662322908.9102,1
BYBIT,BTCUSDT,240,1773360000000,70482.0,71996.9,70345.6,71370.5,20785.879,1483426565.1443,1
BYBIT,BTCUSDT,240,1773374400000,71370.5,71647.7,71145.0,71591.3,7718.645,551178184.6163,1
BYBIT,BTCUSDT,240,1773388800000,71591.3,72551.8,71350.0,72194.4,17897.639,1289894802.5381,1
BYBIT,BTCUSDT,240,1773403200000,72194.4,73869.8,71689.8,71788.3,41743.544,3040013962.7377,1
BYBIT,BTCUSDT,240,1773417600000,71788.3,72217.8,70777.0,71133.2,25323.492,1807930502.1546,1
BYBIT,BTCUSDT,240,1773432000000,71133.2,71468.0,70517.2,70884.0,11970.48,849424554.7728,1
BYBIT,BTCUSDT,240,1773446400000,70884.0,71133.0,70421.2,71037.8,6913.776,489398759.086,1
BYBIT,BTCUSDT,240,1773460800000,71037.8,71263.8,70262.0,70558.5,7424.644,525306320.973,1
BYBIT,BTCUSDT,240,1773475200000,70558.5,70754.8,70332.3,70699.4,4733.009,333946744.8596,1
BYBIT,BTCUSDT,240,1773489600000,70699.4,70900.0,70444.3,70545.6,5750.138,406409221.1784,1
BYBIT,BTCUSDT,240,1773504000000,70545.6,70704.3,70449.9,70663.1,2535.095,178963743.3795,1
BYBIT,BTCUSDT,240,1773518400000,70663.1,71226.9,70602.3,71178.0,4120.257,292124199.6083,1
BYBIT,BTCUSDT,240,1773532800000,71178.0,71600.0,70811.9,71319.6,6938.442,494296177.3826,1
BYBIT,BTCUSDT,240,1773547200000,71319.6,71820.0,71290.9,71427.0,6336.317,453256691.7507,1
BYBIT,BTCUSDT,240,1773561600000,71427.0,71912.3,71427.0,71806.1,5487.589,393614222.654,1
BYBIT,BTCUSDT,240,1773576000000,71806.1,71806.2,71230.6,71447.5,7545.018,539117704.8894,1
BYBIT,BTCUSDT,240,1773590400000,71447.5,71963.6,71231.8,71514.6,7317.571,523418444.3186,1
BYBIT,BTCUSDT,240,1773604800000,71514.6,73217.2,71383.3,72777.5,21220.978,1535711604.3506,1
BYBIT,BTCUSDT,240,1773619200000,72777.5,74297.5,72226.3,73548.3,19075.712,1397162315.3815,1
BYBIT,BTCUSDT,240,1773633600000,73548.3,74488.2,73352.1,73426.9,16002.996,1181371870.9133,1
BYBIT,BTCUSDT,240,1773648000000,73426.9,73826.2,72805.6,73515.0,12427.447,911330887.8679,1
BYBIT,BTCUSDT,240,1773662400000,73515.0,74499.8,72945.1,73232.9,25346.058,1868752568.689,1
BYBIT,BTCUSDT,240,1773676800000,73232.9,74398.3,73124.0,73931.9,14349.875,1060277748.3749,1
BYBIT,BTCUSDT,240,1773691200000,73931.9,74900.0,73824.1,74854.7,15972.654,1190274616.9951,1
BYBIT,BTCUSDT,240,1773705600000,74854.7,76053.9,74229.7,74434.7,24522.117,1843690039.3812,1
BYBIT,BTCUSDT,240,1773720000000,74434.7,74657.5,73742.8,74219.9,13528.685,1003699702.8581,1
BYBIT,BTCUSDT,240,1773734400000,74219.9,74436.6,73493.0,73996.1,12095.9,894367051.6808,1
BYBIT,BTCUSDT,240,1773748800000,73996.1,74876.6,73323.9,73877.5,21946.522,1623174533.7266,1
BYBIT,BTCUSDT,240,1773763200000,73877.5,74780.9,73822.1,74469.5,10490.151,780421791.4238,1
BYBIT,BTCUSDT,240,1773777600000,74469.5,74777.9,73820.7,73861.6,8226.326,611069720.6703,1
BYBIT,BTCUSDT,240,1773792000000,73861.6,74640.2,73463.5,74417.6,7996.367,592598593.2552,1
BYBIT,BTCUSDT,240,1773806400000,74417.6,74457.9,73658.0,73845.0,6554.642,485126753.7366,1
BYBIT,BTCUSDT,240,1773820800000,73845.0,74249.9,72720.0,72902.3,14642.763,1075633044.5167,1
BYBIT,BTCUSDT,240,1773835200000,72902.3,72938.1,70807.9,71440.4,39766.836,2858310697.1297,1
BYBIT,BTCUSDT,240,1773849600000,71440.4,71967.6,70821.0,71027.0,18487.356,1319460339.9822,1
BYBIT,BTCUSDT,240,1773864000000,71027.0,71396.9,70452.0,71213.7,11814.66,838746151.8645,1
BYBIT,BTCUSDT,240,1773878400000,71213.7,71588.2,70847.9,71174.1,6963.234,495664551.3272,1
BYBIT,BTCUSDT,240,1773892800000,71174.1,71174.1,69432.9,70155.6,17688.323,1243376813.152,1
BYBIT,BTCUSDT,240,1773907200000,70155.6,70525.6,69855.6,69921.2,9949.862,698193294.3806,1
BYBIT,BTCUSDT,240,1773921600000,69921.2,70136.0,68750.0,69376.9,33138.31,2300259813.9509,1
BYBIT,BTCUSDT,240,1773936000000,69376.9,70591.0,69086.4,70241.2,16809.229,1174038724.9392,1
BYBIT,BTCUSDT,240,1773950400000,70241.2,70707.2,69679.4,69881.8,10601.602,743745010.0781,1
BYBIT,BTCUSDT,240,1773964800000,69881.8,70793.2,69800.0,70697.8,7711.763,542691604.5465,1
BYBIT,BTCUSDT,240,1773979200000,70697.8,70933.0,70164.1,70815.2,10270.307,725192526.5331,1
BYBIT,BTCUSDT,240,1773993600000,70815.2,71343.9,70170.6,70443.9,16269.68,1151347910.6979,1
BYBIT,BTCUSDT,240,1774008000000,70443.9,70648.0,69431.7,69833.4,24908.082,1742623357.5166,1
BYBIT,BTCUSDT,240,1774022400000,69833.4,70163.2,69338.0,70152.2,14444.792,1008218939.6063,1
BYBIT,BTCUSDT,240,1774036800000,70152.2,70892.8,69718.0,70476.1,10406.446,732808887.4574,1
BYBIT,BTCUSDT,240,1774051200000,70476.1,70800.0,70408.2,70640.2,3866.124,272970373.9175,1
BYBIT,BTCUSDT,240,1774065600000,70640.2,70850.0,70580.9,70684.3,3974.38,281036028.6336,1
BYBIT,BTCUSDT,240,1774080000000,70684.3,70724.8,70452.5,70610.3,3363.552,237419673.0518,1
BYBIT,BTCUSDT,240,1774094400000,70610.3,71068.0,70415.9,70591.5,6260.844,442933892.1493,1
BYBIT,BTCUSDT,240,1774108800000,70591.5,70623.8,70154.8,70358.6,6427.446,452274994.056,1
BYBIT,BTCUSDT,240,1774123200000,70358.6,70477.0,68500.0,68870.5,11423.179,793467202.3636,1
BYBIT,BTCUSDT,240,1774137600000,68870.5,69557.3,68166.8,69304.1,14896.124,1026371622.6243,1
BYBIT,BTCUSDT,240,1774152000000,69304.1,69487.3,68851.0,68884.0,5197.226,359431803.2332,1
BYBIT,BTCUSDT,240,1774166400000,68884.0,68954.5,68060.0,68181.5,9726.463,666808175.3181,1
BYBIT,BTCUSDT,240,1774180800000,68181.5,69042.4,68158.2,68817.5,10012.387,687868188.7197,1
BYBIT,BTCUSDT,240,1774195200000,68817.5,68859.6,68089.3,68160.5,6826.88,467178457.407,1
BYBIT,BTCUSDT,240,1774209600000,68160.5,68478.1,67300.1,67828.1,16497.262,1120317180.1253,1
BYBIT,BTCUSDT,240,1774224000000,67828.1,68570.0,67412.7,68050.0,11005.846,748008446.9386,1
BYBIT,BTCUSDT,240,1774238400000,68050.0,68885.3,67470.7,68304.0,14344.218,978158556.9321,1
BYBIT,BTCUSDT,240,1774252800000,68304.0,71487.0,67880.0,70094.5,46062.914,3230748449.6718,1
BYBIT,BTCUSDT,240,1774267200000,70094.5,71788.0,69640.5,70092.1,37715.063,2672376330.5384,1
BYBIT,BTCUSDT,240,1774281600000,70092.1,71224.1,70092.0,70639.5,17947.82,1268645885.3236,1
BYBIT,BTCUSDT,240,1774296000000,70639.5,70991.6,70352.6,70865.0,6963.248,492426129.8485,1
BYBIT,BTCUSDT,240,1774310400000,70865.0,71072.4,70224.2,70505.2,7405.5,522636949.6855,1
BYBIT,BTCUSDT,240,1774324800000,70505.2,71393.8,70081.0,71269.9,12701.789,897559800.5751,1
BYBIT,BTCUSDT,240,1774339200000,71269.9,71349.9,70799.8,71122.8,9835.679,699038890.43,1
BYBIT,BTCUSDT,240,1774353600000,71122.8,71156.9,69460.0,69830.1,27287.96,1914817181.6388,1
BYBIT,BTCUSDT,240,1774368000000,69830.1,69986.3,68849.2,69336.6,20351.867,1410859040.5529,1
BYBIT,BTCUSDT,240,1774382400000,69336.6,70823.1,69250.0,70518.3,20750.218,1456010064.688,1
BYBIT,BTCUSDT,240,1774396800000,70518.3,71021.6,70379.2,70688.9,8426.229,595567172.2836,1
BYBIT,BTCUSDT,240,1774411200000,70688.9,71323.5,70670.4,70904.3,10383.718,737975901.325,1
BYBIT,BTCUSDT,240,1774425600000,70904.3,71984.8,70763.4,71644.6,15592.377,1114277509.3612,1
BYBIT,BTCUSDT,240,1774440000000,71644.6,71930.0,70515.5,70788.4,25203.251,1796039470.5778,1
BYBIT,BTCUSDT,240,1774454400000,70788.4,71731.0,70633.1,70850.0,14684.846,1043990005.0591,1
BYBIT,BTCUSDT,240,1774468800000,70850.0,71630.4,70600.0,71304.3,6896.369,490261879.9189,1
BYBIT,BTCUSDT,240,1774483200000,71304.3,71420.9,70646.2,70876.8,5938.608,421751920.6633,1
BYBIT,BTCUSDT,240,1774497600000,70876.8,70884.9,69750.0,70052.7,13377.175,938885792.5425,1
BYBIT,BTCUSDT,240,1774512000000,70052.7,70117.0,69151.3,69237.0,14516.94,1010701936.9679,1
BYBIT,BTCUSDT,240,1774526400000,69237.0,69846.2,68590.0,69056.0,21021.423,1456866179.451,1
BYBIT,BTCUSDT,240,1774540800000,69056.0,69136.0,68100.6,68505.8,14297.279,980872359.3478,1
BYBIT,BTCUSDT,240,1774555200000,68505.8,69506.0,68383.9,68793.4,15506.381,1070327373.4148,1
BYBIT,BTCUSDT,240,1774569600000,68793.4,69150.0,68482.8,68738.9,6813.322,468791882.7521,1
BYBIT,BTCUSDT,240,1774584000000,68738.9,68935.3,68255.2,68500.8,10775.1,738933946.1601,1
BYBIT,BTCUSDT,240,1774598400000,68500.8,68594.0,66174.6,66667.9,29176.351,1963483176.8877,1
BYBIT,BTCUSDT,240,1774612800000,66667.9,66745.8,65688.3,66086.0,26303.882,1741969106.9154,1
BYBIT,BTCUSDT,240,1774627200000,66086.0,66300.3,65504.7,66015.6,18914.344,1246445082.8013,1
BYBIT,BTCUSDT,240,1774641600000,66015.6,66396.7,65786.2,66374.7,6580.727,434730678.7658,1
BYBIT,BTCUSDT,240,1774656000000,66374.7,66493.6,65880.7,66197.4,6639.55,439360744.5351,1
BYBIT,BTCUSDT,240,1774670400000,66197.4,66541.4,66071.2,66529.4,3584.683,237855038.903,1
BYBIT,BTCUSDT,240,1774684800000,66529.4,66534.8,66068.2,66288.1,4855.29,321939451.988,1
BYBIT,BTCUSDT,240,1774699200000,66288.1,67287.8,66190.8,66983.9,12499.013,835211358.3356,1
BYBIT,BTCUSDT,240,1774713600000,66983.9,67072.0,66636.5,66879.9,5351.235,357778193.2841,1
BYBIT,BTCUSDT,240,1774728000000,66879.9,66979.2,66239.1,66345.4,6225.808,414503954.3826,1
BYBIT,BTCUSDT,240,1774742400000,66345.4,67113.3,66250.0,66879.3,5335.975,355671887.6751,1
BYBIT,BTCUSDT,240,1774756800000,66879.3,66909.7,66511.3,66625.7,3926.596,261840130.544,1
BYBIT,BTCUSDT,240,1774771200000,66625.7,66979.9,66369.6,66774.2,5532.734,368690108.8888,1
BYBIT,BTCUSDT,240,1774785600000,66774.2,66845.0,66276.6,66499.3,7268.965,483820616.3479,1
BYBIT,BTCUSDT,240,1774800000000,66499.3,66639.4,66111.2,66320.5,5006.784,332288677.1246,1
BYBIT,BTCUSDT,240,1774814400000,66320.5,66765.9,64935.7,65990.7,20807.797,1370227875.0096,1
BYBIT,BTCUSDT,240,1774828800000,65990.7,67442.5,65747.8,67143.6,20126.934,1342093531.7381,1
BYBIT,BTCUSDT,240,1774843200000,67143.6,67802.3,67129.2,67595.0,10282.443,693473773.0939,1
BYBIT,BTCUSDT,240,1774857600000,67595.0,68000.0,67324.1,67649.5,10516.137,711523603.1435,1
BYBIT,BTCUSDT,240,1774872000000,67649.5,68199.9,67050.1,67602.7,20997.534,1420380769.5677,1
BYBIT,BTCUSDT,240,1774886400000,67602.7,67626.2,66184.2,66512.2,16434.796,1097774623.6619,1
BYBIT,BTCUSDT,240,1774900800000,66512.2,66961.0,66374.3,66767.3,6545.7,436423137.6374,1
BYBIT,BTCUSDT,240,1774915200000,66767.3,68397.1,66504.5,67677.8,16150.087,1092270774.2819,1
BYBIT,BTCUSDT,240,1774929600000,67677.8,67865.6,67067.9,67344.9,9458.951,638205048.1858,1
BYBIT,BTCUSDT,240,1774944000000,67344.9,67475.7,65950.0,66649.7,21026.165,1399375227.8063,1
BYBIT,BTCUSDT,240,1774958400000,66649.7,67744.7,66403.4,66710.0,26240.726,1758791382.9662,1
BYBIT,BTCUSDT,240,1774972800000,66710.0,68599.9,66699.0,67802.9,23281.852,1578345934.412,1
BYBIT,BTCUSDT,240,1774987200000,67802.9,68400.0,67790.6,68244.6,8614.551,586722701.9704,1
BYBIT,BTCUSDT,240,1775001600000,68244.6,68333.0,67543.8,68134.9,10156.825,690131922.4968,1
BYBIT,BTCUSDT,240,1775016000000,68134.9,69301.0,67973.7,68662.3,18823.272,1293439262.1039,1
BYBIT,BTCUSDT,240,1775030400000,68662.3,68858.8,68342.7,68674.7,9127.077,625861792.0755,1
BYBIT,BTCUSDT,240,1775044800000,68674.7,68933.0,67831.7,68879.5,18613.399,1273048011.7356,1
BYBIT,BTCUSDT,240,1775059200000,68879.5,69164.4,67900.0,68140.7,13660.638,934887854.677,1
BYBIT,BTCUSDT,240,1775073600000,68140.7,68498.3,67922.0,68086.0,5052.183,344478724.8139,1
BYBIT,BTCUSDT,240,1775088000000,68086.0,68645.7,66444.0,66540.0,24962.009,1683032117.7702,1
BYBIT,BTCUSDT,240,1775102400000,66540.0,66900.0,66171.1,66889.0,10640.417,707886075.6204,1
BYBIT,BTCUSDT,240,1775116800000,66889.0,66889.1,66106.0,66176.4,9318.005,618585179.0165,1
BYBIT,BTCUSDT,240,1775131200000,66176.4,67081.1,65666.0,66814.9,23555.024,1564021866.148,1
BYBIT,BTCUSDT,240,1775145600000,66814.9,67403.9,66568.2,66946.3,14790.286,990416271.4628,1
BYBIT,BTCUSDT,240,1775160000000,66946.3,67089.8,66680.0,66870.9,4435.378,296716368.8091,1
BYBIT,BTCUSDT,240,1775174400000,66870.9,66976.3,66240.0,66544.4,7729.41,514509497.9161,1
BYBIT,BTCUSDT,240,1775188800000,66544.4,67230.0,66373.0,67011.9,8336.798,557048946.8368,1
BYBIT,BTCUSDT,240,1775203200000,67011.9,67273.3,66647.2,66987.7,7502.803,502076355.1504,1
BYBIT,BTCUSDT,240,1775217600000,66987.7,67344.9,66468.9,66809.1,12331.326,824039161.9309,1
BYBIT,BTCUSDT,240,1775232000000,66809.1,67046.2,66726.0,66859.2,4090.226,273476031.8078,1
BYBIT,BTCUSDT,240,1775246400000,66859.2,66946.0,66785.2,66932.7,2300.773,153854218.3101,1
BYBIT,BTCUSDT,240,1775260800000,66932.7,66945.5,66778.7,66799.6,1772.79,118510071.5979,1
BYBIT,BTCUSDT,240,1775275200000,66799.6,67022.1,66737.0,66980.5,2539.542,169904994.1678,1
BYBIT,BTCUSDT,240,1775289600000,66980.5,67199.9,66857.0,67136.5,3981.84,266947651.2407,1
BYBIT,BTCUSDT,240,1775304000000,67136.5,67543.0,66983.3,67352.4,6243.349,419762211.6556,1
BYBIT,BTCUSDT,240,1775318400000,67352.4,67526.0,67215.3,67262.2,4133.352,278392512.7481,1
BYBIT,BTCUSDT,240,1775332800000,67262.2,67445.9,67125.1,67266.7,2685.45,180687781.1902,1
BYBIT,BTCUSDT,240,1775347200000,67266.7,67274.4,66905.1,67110.0,3179.49,213289063.1348,1
BYBIT,BTCUSDT,240,1775361600000,67110.0,67159.0,66567.0,66780.5,5556.071,371136112.4222,1
BYBIT,BTCUSDT,240,1775376000000,66780.5,67115.9,66774.6,66972.7,3271.901,219027523.2536,1
BYBIT,BTCUSDT,240,1775390400000,66972.7,67828.6,66638.0,67268.6,12945.949,869742306.6069,1
BYBIT,BTCUSDT,240,1775404800000,67268.6,67551.9,67142.7,67331.8,4653.402,313264378.4,1
BYBIT,BTCUSDT,240,1775419200000,67331.8,69115.9,67298.4,69002.4,18542.304,1264297521.2712,1
BYBIT,BTCUSDT,240,1775433600000,69002.4,69564.0,68733.6,69099.7,13577.66,939167796.5643,1
BYBIT,BTCUSDT,240,1775448000000,69099.7,69322.9,68769.3,69085.1,6333.582,437201104.7796,1
BYBIT,BTCUSDT,240,1775462400000,69085.1,70250.0,69043.7,69584.3,13805.275,962532615.9309,1
BYBIT,BTCUSDT,240,1775476800000,69584.3,69939.5,69120.0,69925.8,15930.849,1107067914.7196,1
BYBIT,BTCUSDT,240,1775491200000,69925.8,70351.7,69226.3,69700.5,16609.209,1158470277.1496,1
BYBIT,BTCUSDT,240,1775505600000,69700.5,69950.0,68272.0,68807.5,14241.561,981865158.0029,1
BYBIT,BTCUSDT,240,1775520000000,68807.5,69087.5,68224.7,68741.3,8944.256,613967421.7596,1
BYBIT,BTCUSDT,240,1775534400000,68741.3,68944.0,68404.0,68582.5,5513.145,378377322.5204,1
BYBIT,BTCUSDT,240,1775548800000,68582.5,69224.3,68015.1,68299.9,15708.839,1077938064.3325,1
BYBIT,BTCUSDT,240,1775563200000,68299.9,68641.4,67679.0,68132.6,17738.872,1208616071.6369,1
BYBIT,BTCUSDT,240,1775577600000,68132.6,69089.5,68037.0,68976.5,15645.266,1072526138.9661,1
BYBIT,BTCUSDT,240,1775592000000,68976.5,72766.4,68976.5,71894.6,53389.02,3783164384.4274,1
BYBIT,BTCUSDT,240,1775606400000,71894.6,72107.0,71201.1,71255.1,13161.012,942435641.3156,1
BYBIT,BTCUSDT,240,1775620800000,71255.1,71928.3,71244.1,71612.6,7701.189,551795470.471,1
BYBIT,BTCUSDT,240,1775635200000,71612.6,71953.2,71341.3,71650.0,7180.388,514323440.6212,1
BYBIT,BTCUSDT,240,1775649600000,71650.0,72850.0,70666.4,71270.6,34729.535,2491834666.9177,1
BYBIT,BTCUSDT,240,1775664000000,71270.6,71966.5,70976.8,71283.5,18657.16,1332760820.6794,1
BYBIT,BTCUSDT,240,1775678400000,71283.5,71733.9,70870.0,71033.2,8724.588,621616500.711,1
BYBIT,BTCUSDT,240,1775692800000,71033.2,71163.6,70417.2,70958.9,11701.764,828919281.33,1
BYBIT,BTCUSDT,240,1775707200000,70958.9,71080.0,70662.5,70950.9,6905.711,489645501.0071,1
BYBIT,BTCUSDT,240,1775721600000,70950.9,71582.7,70829.1,71120.0,11391.464,811687657.5482,1
BYBIT,BTCUSDT,240,1775736000000,71120.0,72338.4,70478.4,72118.3,27726.583,1978236679.8815,1
BYBIT,BTCUSDT,240,1775750400000,72118.3,72541.1,71695.5,72053.4,22473.581,1620376115.7995,1
BYBIT,BTCUSDT,240,1775764800000,72053.4,73141.6,71560.0,71755.0,22815.51,1649236058.1705,1
BYBIT,BTCUSDT,240,1775779200000,71755.0,72366.5,71550.2,71841.4,9011.374,648511148.0947,1
BYBIT,BTCUSDT,240,1775793600000,71841.4,72250.0,71377.6,71459.3,7194.428,517066381.8521,1
BYBIT,BTCUSDT,240,1775808000000,71459.3,72236.4,71394.5,72097.2,7064.473,507358603.6088,1
BYBIT,BTCUSDT,240,1775822400000,72097.2,73268.0,71877.0,72429.7,24746.061,1796491438.6161,1
BYBIT,BTCUSDT,240,1775836800000,72429.7,73238.8,72352.2,73203.7,12496.303,910896054.9189,1
BYBIT,BTCUSDT,240,1775851200000,73203.7,73454.9,72664.1,72920.0,10785.548,788273901.1514,1
BYBIT,BTCUSDT,240,1775865600000,72920.0,73063.0,72623.9,72831.6,4011.072,292228749.6424,1
BYBIT,BTCUSDT,240,1775880000000,72831.6,72923.0,72571.4,72715.8,4194.301,305040087.3716,1
BYBIT,BTCUSDT,240,1775894400000,72715.8,72887.1,72580.9,72871.5,3560.012,259084090.3454,1
BYBIT,BTCUSDT,240,1775908800000,72871.5,72957.5,72481.3,72823.2,5550.234,403601864.1548,1
BYBIT,BTCUSDT,240,1775923200000,72823.2,73800.0,72780.0,73658.9,11916.377,874238747.7247,1
BYBIT,BTCUSDT,240,1775937600000,73658.9,73671.3,72859.6,73011.6,7573.017,554870540.0156,1
BYBIT,BTCUSDT,240,1775952000000,73011.6,73104.0,71267.8,71561.6,19217.477,1382801864.8611,1
BYBIT,BTCUSDT,240,1775966400000,71561.6,71749.9,71380.1,71635.0,5001.208,358019025.8854,1
BYBIT,BTCUSDT,240,1775980800000,71635.0,71740.0,71309.4,71426.7,4397.365,314460847.4705,1
BYBIT,BTCUSDT,240,1775995200000,71426.7,71466.6,70567.0,70848.5,16040.716,1138298861.7158,1
BYBIT,BTCUSDT,240,1776009600000,70848.5,71200.0,70777.0,71049.3,5344.796,379503390.1922,1
BYBIT,BTCUSDT,240,1776024000000,71049.3,71418.5,70450.0,70715.0,12234.28,867256028.778,1
BYBIT,BTCUSDT,240,1776038400000,70715.0,71247.8,70580.6,70947.1,5498.093,390372874.1422,1
BYBIT,BTCUSDT,240,1776052800000,70947.1,71128.5,70628.0,70776.0,5343.015,378649171.6955,1
BYBIT,BTCUSDT,240,1776067200000,70776.0,70954.2,70523.4,70889.0,6454.623,456504854.4958,1
BYBIT,BTCUSDT,240,1776081600000,70889.0,72421.6,70724.3,71826.1,28145.342,2015752147.8247,1
BYBIT,BTCUSDT,240,1776096000000,71826.1,73447.3,71626.8,73275.6,25576.684,1854190268.7003,1
BYBIT,BTCUSDT,240,1776110400000,73275.6,74868.2,72967.5,74383.7,23450.093,1735493821.9359,1
BYBIT,BTCUSDT,240,1776124800000,74383.7,74565.0,73932.0,74413.4,8037.636,597140956.9671,1
BYBIT,BTCUSDT,240,1776139200000,74413.4,74932.4,74128.6,74527.2,7927.221,590736319.6811,1
BYBIT,BTCUSDT,240,1776153600000,74527.2,74900.0,74270.6,74342.2,7512.764,560033075.2741,1
BYBIT,BTCUSDT,240,1776168000000,74342.2,76010.3,74226.9,75272.3,32624.012,2451326515.4659,1
BYBIT,BTCUSDT,240,1776182400000,75272.3,75649.0,73783.7,74170.3,20955.724,1561289013.0114,1
BYBIT,BTCUSDT,240,1776196800000,74170.3,74395.0,73754.5,74092.2,9330.256,691270868.9762,1
BYBIT,BTCUSDT,240,1776211200000,74092.2,74765.6,74070.8,74299.9,8342.986,620877836.6721,1
BYBIT,BTCUSDT,240,1776225600000,74299.9,74398.4,73455.5,73701.9,9548.071,705659992.9144,1
BYBIT,BTCUSDT,240,1776240000000,73701.9,74222.0,73630.1,74158.0,9054.195,669914527.3268,1
BYBIT,BTCUSDT,240,1776254400000,74158.0,74474.6,73519.0,73798.3,18675.511,1383217393.363,1
BYBIT,BTCUSDT,240,1776268800000,73798.3,75246.7,73714.4,74960.3,13662.405,1017907493.387,1
BYBIT,BTCUSDT,240,1776283200000,74960.3,75396.0,74456.9,74778.3,10313.134,771498885.7713,1
BYBIT,BTCUSDT,240,1776297600000,74778.3,75225.0,74381.1,74847.0,7547.73,564457736.1886,1
BYBIT,BTCUSDT,240,1776312000000,74847.0,75136.2,74578.0,74668.9,5384.691,403215636.6564,1
BYBIT,BTCUSDT,240,1776326400000,74668.9,74865.0,74229.0,74524.9,10510.587,783113092.9702,1
BYBIT,BTCUSDT,240,1776340800000,74524.9,74976.9,73235.8,74657.0,27700.107,2053724612.0162,1
BYBIT,BTCUSDT,240,1776355200000,74657.0,75388.0,73837.6,75317.4,19301.882,1439139822.812,1
BYBIT,BTCUSDT,240,1776369600000,75317.4,75506.2,74755.1,75105.6,7420.321,557023945.8449,1
BYBIT,BTCUSDT,240,1776384000000,75105.6,75116.8,74480.2,74569.1,7163.782,535399062.5906,1
BYBIT,BTCUSDT,240,1776398400000,74569.1,75066.2,74491.6,75047.1,7185.14,537328212.7549,1
BYBIT,BTCUSDT,240,1776412800000,75047.1,76333.0,74952.0,75553.4,20621.872,1558624306.2719,1
BYBIT,BTCUSDT,240,1776427200000,75553.4,78043.4,75486.2,77736.7,43270.941,3330222741.8075,1
BYBIT,BTCUSDT,240,1776441600000,77736.7,78332.6,76900.0,77350.2,17102.038,1325932905.3798,1
BYBIT,BTCUSDT,240,1776456000000,77350.2,77570.9,76837.8,77018.5,6128.785,473355176.8291,1
BYBIT,BTCUSDT,240,1776470400000,77018.5,77379.9,76904.4,76964.3,5829.13,449761711.9849,1
BYBIT,BTCUSDT,240,1776484800000,76964.3,77232.8,76825.0,76955.9,3584.3,276128058.3726,1
BYBIT,BTCUSDT,240,1776499200000,76955.9,77011.0,75702.1,75993.2,14172.253,1081214826.6402,1
BYBIT,BTCUSDT,240,1776513600000,75993.2,76384.4,75728.1,76120.7,7903.497,601576705.53,1
BYBIT,BTCUSDT,240,1776528000000,76120.7,76174.4,75380.0,75605.0,8675.903,656977048.3073,1
BYBIT,BTCUSDT,240,1776542400000,75605.0,75868.1,75547.5,75650.0,3372.012,255296014.7237,1
BYBIT,BTCUSDT,240,1776556800000,75650.0,75809.7,75302.8,75477.4,4132.467,312123969.0356,1
BYBIT,BTCUSDT,240,1776571200000,75477.4,75748.7,74810.3,75209.0,8327.205,626685715.2334,1
BYBIT,BTCUSDT,240,1776585600000,75209.0,75619.0,74881.2,75564.6,7431.655,558958414.564,1
BYBIT,BTCUSDT,240,1776600000000,75564.6,76211.8,75338.6,75813.4,11547.329,875075809.5227,1
BYBIT,BTCUSDT,240,1776614400000,75813.4,75822.0,74550.0,74919.0,12035.724,903198214.4494,1
BYBIT,BTCUSDT,240,1776628800000,74919.0,74921.4,73700.1,73765.8,13915.545,1031810511.9787,1
BYBIT,BTCUSDT,240,1776643200000,73765.8,74700.0,73653.6,74598.8,9157.009,680293787.6376,1
BYBIT,BTCUSDT,240,1776657600000,74598.8,75544.5,74057.3,74785.8,13634.676,1019940639.4113,1
BYBIT,BTCUSDT,240,1776672000000,74785.8,75371.4,74564.6,75153.2,8347.259,625813473.2842,1
BYBIT,BTCUSDT,240,1776686400000,75153.2,75759.0,74655.0,75667.3,21127.744,1589685721.3492,1
BYBIT,BTCUSDT,240,1776700800000,75667.3,76444.8,75241.9,76246.5,13363.215,1014200830.7749,1
BYBIT,BTCUSDT,240,1776715200000,76246.5,76528.2,75562.9,75789.1,6914.074,525416174.8102,1
BYBIT,BTCUSDT,240,1776729600000,75789.1,76234.5,75440.0,75667.4,8168.478,619037345.6218,1
BYBIT,BTCUSDT,240,1776744000000,75667.4,76283.3,75556.1,76056.0,5906.823,448433727.5202,1
BYBIT,BTCUSDT,240,1776758400000,76056.0,76934.1,76024.4,76415.4,11321.845,865918883.6355,1
BYBIT,BTCUSDT,240,1776772800000,76415.4,76559.6,75359.7,75791.0,19869.514,1508991116.4507,1
BYBIT,BTCUSDT,240,1776787200000,75791.0,76147.4,74769.6,74984.9,17143.725,1293156327.8962,1
BYBIT,BTCUSDT,240,1776801600000,74984.9,76396.8,74940.0,76294.8,10570.567,799652735.5995,1
BYBIT,BTCUSDT,240,1776816000000,76294.8,77700.0,76100.0,77492.0,18956.597,1458768524.7594,1
BYBIT,BTCUSDT,240,1776830400000,77492.0,78432.0,77320.0,77976.0,15594.06,1215576131.4755,1
BYBIT,BTCUSDT,240,1776844800000,77976.0,78406.5,77886.7,78264.6,8737.398,682284372.9019,1
BYBIT,BTCUSDT,240,1776859200000,78264.6,79387.8,78056.4,79224.1,23447.535,1845952074.9115,1
BYBIT,BTCUSDT,240,1776873600000,79224.1,79423.5,78577.7,78794.2,10837.235,855174407.1782,1
BYBIT,BTCUSDT,240,1776888000000,78794.2,78877.6,78110.0,78139.5,7001.451,549410195.3764,1
BYBIT,BTCUSDT,240,1776902400000,78139.5,78548.1,77407.9,77699.4,14990.485,1168567692.8211,1
BYBIT,BTCUSDT,240,1776916800000,77699.4,78310.0,77625.5,78018.0,9459.013,737842363.9264,1
BYBIT,BTCUSDT,240,1776931200000,78018.0,78144.6,77114.5,77650.2,12303.656,954304535.5756,1
BYBIT,BTCUSDT,240,1776945600000,77650.2,78633.0,77347.8,78339.3,17553.502,1368095386.9858,1
BYBIT,BTCUSDT,240,1776960000000,78339.3,78479.0,76900.0,77671.8,27371.226,2127310190.0544,1
BYBIT,BTCUSDT,240,1776974400000,77671.8,78297.0,77603.6,78214.3,6164.314,480787751.293,1
BYBIT,BTCUSDT,240,1776988800000,78214.3,78537.0,77508.3,77700.1,8412.76,656487622.6404,1
BYBIT,BTCUSDT,240,1777003200000,77700.1,78017.7,77416.0,77627.1,7278.924,565500174.3156,1
BYBIT,BTCUSDT,240,1777017600000,77627.1,78357.5,77358.9,78200.0,12503.454,973859568.7128,1
BYBIT,BTCUSDT,240,1777032000000,78200.0,78430.2,77495.0,78004.2,20352.919,1586383968.4456,1
BYBIT,BTCUSDT,240,1777046400000,78004.2,78022.8,77311.9,77589.4,9777.81,758858967.5391,1
BYBIT,BTCUSDT,240,1777060800000,77589.4,77729.1,77200.0,77404.9,4480.576,347085358.876,1
BYBIT,BTCUSDT,240,1777075200000,77404.9,77668.1,77234.3,77630.1,2341.342,181407270.849,1
BYBIT,BTCUSDT,240,1777089600000,77630.1,77655.5,77402.2,77457.4,2214.098,171582863.7229,1
BYBIT,BTCUSDT,240,1777104000000,77457.4,77847.6,77447.1,77647.5,3390.825,263434918.5108,1
BYBIT,BTCUSDT,240,1777118400000,77647.5,77717.9,77256.6,77287.0,3351.906,259842088.8407,1
BYBIT,BTCUSDT,240,1777132800000,77287.0,77415.7,77090.2,77278.8,4605.655,355903177.4996,1
BYBIT,BTCUSDT,240,1777147200000,77278.8,77634.2,77263.3,77591.4,3173.292,245860455.3749,1
BYBIT,BTCUSDT,240,1777161600000,77591.4,77610.5,77284.7,77356.1,2146.692,166303323.0026,1
BYBIT,BTCUSDT,240,1777176000000,77356.1,78179.9,77336.7,78069.3,7179.675,559322701.0496,1
BYBIT,BTCUSDT,240,1777190400000,78069.3,78176.0,77880.6,78052.4,3288.293,256532105.1334,1
BYBIT,BTCUSDT,240,1777204800000,78052.4,78150.0,77689.8,78010.6,6345.169,494358199.6463,1
BYBIT,BTCUSDT,240,1777219200000,78010.6,78483.4,77794.3,78182.9,6630.18,518218324.9147,1
BYBIT,BTCUSDT,240,1777233600000,78182.9,78942.3,77777.2,78622.1,18877.358,1479435068.4295,1
BYBIT,BTCUSDT,240,1777248000000,78622.1,79457.4,78338.7,79069.9,14191.678,1122241790.038,1
BYBIT,BTCUSDT,240,1777262400000,79069.9,79152.5,77424.0,77558.2,17698.134,1379419042.1398,1
BYBIT,BTCUSDT,240,1777276800000,77558.2,77950.0,77503.6,77794.8,5993.868,466095668.1638,1
BYBIT,BTCUSDT,240,1777291200000,77794.8,78244.4,76512.0,76755.6,23515.352,1820690453.0891,1
BYBIT,BTCUSDT,240,1777305600000,76755.6,76900.0,76415.8,76849.2,9162.489,702707165.4246,1
BYBIT,BTCUSDT,240,1777320000000,76849.2,77415.6,76720.0,77328.7,5175.255,398537310.789,1
BYBIT,BTCUSDT,240,1777334400000,77328.7,77448.2,76597.0,76765.5,8659.5,666527591.8343,1
BYBIT,BTCUSDT,240,1777348800000,76765.5,77118.8,76323.0,76826.7,8275.734,634690263.6744,1
BYBIT,BTCUSDT,240,1777363200000,76826.7,76955.6,76071.3,76193.3,7626.333,583229887.8959,1
BYBIT,BTCUSDT,240,1777377600000,76193.3,76395.4,75620.9,76024.0,14143.817,1075205586.3141,1
BYBIT,BTCUSDT,240,1777392000000,76024.0,76347.4,75838.0,76285.9,6829.078,519798713.1002,1
BYBIT,BTCUSDT,240,1777406400000,76285.9,76442.1,76136.1,76300.0,3962.13,302383359.6375,1
BYBIT,BTCUSDT,240,1777420800000,76300.0,77093.9,76140.2,76954.7,7195.381,551211085.6144,1
BYBIT,BTCUSDT,240,1777435200000,76954.7,77420.0,76844.7,77001.9,9149.151,705832246.1214,1
BYBIT,BTCUSDT,240,1777449600000,77001.9,77860.0,76911.1,77544.0,12411.549,962057019.1007,1
BYBIT,BTCUSDT,240,1777464000000,77544.0,77551.5,75661.7,75888.3,20313.313,1555431911.9587,1
BYBIT,BTCUSDT,240,1777478400000,75888.3,76248.6,74900.0,75517.0,22091.026,1667879847.875,1
BYBIT,BTCUSDT,240,1777492800000,75517.0,76060.7,75445.4,75750.0,6383.604,483591084.7826,1
BYBIT,BTCUSDT,240,1777507200000,75750.0,76429.1,75431.7,75882.6,9767.697,742033957.2781,1
BYBIT,BTCUSDT,240,1777521600000,75882.6,76146.0,75272.9,76128.4,7170.374,542689363.7985,1
BYBIT,BTCUSDT,240,1777536000000,76128.4,76323.5,75805.3,76032.0,7018.085,533731759.9624,1
BYBIT,BTCUSDT,240,1777550400000,76032.0,76644.3,76003.7,76422.1,11414.04,871348371.9147,1
BYBIT,BTCUSDT,240,1777564800000,76422.1,76480.0,76065.0,76360.4,5295.253,403990136.5197,1
BYBIT,BTCUSDT,240,1777579200000,76360.4,76547.3,76141.1,76301.0,3904.778,298095053.2168,1
BYBIT,BTCUSDT,240,1777593600000,76301.0,77429.4,76269.5,77078.9,9179.024,706088450.3431,1
BYBIT,BTCUSDT,240,1777608000000,77078.9,77169.7,76835.3,77102.0,5337.53,411162340.9504,1
BYBIT,BTCUSDT,240,1777622400000,77102.0,77580.0,77005.8,77420.1,7988.033,617576562.5421,1
BYBIT,BTCUSDT,240,1777636800000,77420.1,78900.0,77355.6,78399.2,25667.99,2008430509.773,1
BYBIT,BTCUSDT,240,1777651200000,78399.2,78649.0,78080.0,78311.1,7577.327,593767475.278,1
BYBIT,BTCUSDT,240,1777665600000,78311.1,78382.3,77703.0,78189.3,5900.416,460601255.7589,1
BYBIT,BTCUSDT,240,1777680000000,78189.3,78493.9,78110.4,78371.6,2992.667,234356393.1384,1
BYBIT,BTCUSDT,240,1777694400000,78371.6,78439.1,77992.6,78187.1,3911.031,305814866.1159,1
BYBIT,BTCUSDT,240,1777708800000,78187.1,78363.7,78050.0,78105.9,2665.032,208411813.2458,1
BYBIT,BTCUSDT,240,1777723200000,78105.9,78450.0,78065.1,78450.0,2790.05,218454137.4357,1
BYBIT,BTCUSDT,240,1777737600000,78450.0,78569.0,78265.3,78445.8,2324.61,182296100.2845,1
BYBIT,BTCUSDT,240,1777752000000,78445.8,79182.5,78367.0,78655.1,6686.433,526926405.0658,1
BYBIT,BTCUSDT,240,1777766400000,78655.1,78728.3,78060.7,78156.9,4761.623,372710421.3726,1
BYBIT,BTCUSDT,240,1777780800000,78156.9,78433.1,78025.0,78320.1,3733.779,292136227.9338,1
BYBIT,BTCUSDT,240,1777795200000,78320.1,78820.3,78307.6,78631.2,5001.7,392957427.2908,1
BYBIT,BTCUSDT,240,1777809600000,78631.2,78861.6,78550.2,78631.5,4406.936,346781827.9449,1
BYBIT,BTCUSDT,240,1777824000000,78631.5,78820.0,78522.6,78733.5,2746.633,216098196.2026,1
BYBIT,BTCUSDT,240,1777838400000,78733.5,79421.0,78444.0,78529.9,13518.478,1067294218.078,1
BYBIT,BTCUSDT,240,1777852800000,78529.9,80433.0,78220.0,80279.5,27049.875,2153405107.3226,1
BYBIT,BTCUSDT,240,1777867200000,80279.5,80600.9,79455.0,79662.5,11153.646,892861118.8438,1
BYBIT,BTCUSDT,240,1777881600000,79662.5,79886.9,78170.4,78753.7,22762.754,1795563842.1508,1
BYBIT,BTCUSDT,240,1777896000000,78753.7,80507.0,78430.5,79983.5,25767.175,2049798931.919,1
BYBIT,BTCUSDT,240,1777910400000,79983.5,80742.2,79567.9,80007.2,13775.701,1104541434.6076,1
BYBIT,BTCUSDT,240,1777924800000,80007.2,80360.0,79705.7,79818.9,4427.571,354268375.3067,1
BYBIT,BTCUSDT,240,1777939200000,79818.9,81064.0,79752.5,80839.0,10204.926,821972265.4069,1
BYBIT,BTCUSDT,240,1777953600000,80839.0,81300.0,80675.0,80821.9,9534.294,771962936.2093,1
BYBIT,BTCUSDT,240,1777968000000,80821.9,81084.6,80474.4,80972.9,7224.643,583484851.5983,1
BYBIT,BTCUSDT,240,1777982400000,80972.9,81694.6,80876.8,81490.6,18056.108,1468899863.6147,1
BYBIT,BTCUSDT,240,1777996800000,81490.6,81643.3,81005.0,81553.0,7401.48,602135874.4013,1
BYBIT,BTCUSDT,240,1778011200000,81553.0,81787.0,80711.3,80851.6,12720.316,1033318492.7291,1
BYBIT,BTCUSDT,240,1778025600000,80851.6,81750.0,80638.0,81543.4,10814.782,878137658.0925,1
BYBIT,BTCUSDT,240,1778040000000,81543.4,81600.0,81013.4,81332.1,6154.698,500618556.2787,1
BYBIT,BTCUSDT,240,1778054400000,81332.1,82811.0,81276.4,82486.4,18211.762,1495642996.0211,1
BYBIT,BTCUSDT,240,1778068800000,82486.4,82514.7,81086.7,81662.2,18663.121,1525335433.2595,1
BYBIT,BTCUSDT,240,1778083200000,81662.2,81880.0,81133.4,81411.8,7496.166,610869326.7754,1
BYBIT,BTCUSDT,240,1778097600000,81411.8,81664.1,80929.1,81394.2,5887.064,478704080.3326,1
BYBIT,BTCUSDT,240,1778112000000,81394.2,81442.7,80788.0,80807.2,7069.301,572907561.734,1
BYBIT,BTCUSDT,240,1778126400000,80807.2,81671.0,80675.9,81481.3,8010.627,650305562.0697,1
BYBIT,BTCUSDT,240,1778140800000,81481.3,81564.0,80532.2,80835.0,9507.745,769573616.6834,1
BYBIT,BTCUSDT,240,1778155200000,80835.0,81148.0,79635.0,79864.0,18470.918,1483947495.8122,1
BYBIT,BTCUSDT,240,1778169600000,79864.0,80247.1,79461.7,80112.0,11237.962,898276298.2538,1
BYBIT,BTCUSDT,240,1778184000000,80112.0,80348.5,79539.0,79975.4,5458.426,435969693.0786,1
BYBIT,BTCUSDT,240,1778198400000,79975.4,80105.5,79120.0,79533.0,7619.391,606432269.7872,1
BYBIT,BTCUSDT,240,1778212800000,79533.0,79740.9,79204.0,79642.6,5343.315,424902188.4252,1
BYBIT,BTCUSDT,240,1778227200000,79642.6,80300.0,79630.0,80185.2,8354.331,668208238.3077,1
BYBIT,BTCUSDT,240,1778241600000,80185.2,80477.6,79505.0,80120.6,15783.105,1261448455.0287,1
BYBIT,BTCUSDT,240,1778256000000,80120.6,80274.8,79689.7,80143.2,7380.904,590461040.8389,1
BYBIT,BTCUSDT,240,1778270400000,80143.2,80385.6,80046.2,80158.1,2842.03,227941301.4599,1
BYBIT,BTCUSDT,240,1778284800000,80158.1,80537.3,80083.0,80345.6,3446.78,276770727.8497,1
BYBIT,BTCUSDT,240,1778299200000,80345.6,80641.4,80084.0,80189.3,4068.565,326674430.1938,1
BYBIT,BTCUSDT,240,1778313600000,80189.3,80400.0,80116.5,80307.8,2907.415,233360579.0469,1
BYBIT,BTCUSDT,240,1778328000000,80307.8,80567.5,80182.7,80493.0,3273.091,263063106.7559,1
BYBIT,BTCUSDT,240,1778342400000,80493.0,81049.9,80446.2,80893.9,6071.341,490308758.6041,1
BYBIT,BTCUSDT,240,1778356800000,80893.9,80898.5,80570.0,80628.0,1662.832,134224346.5413,1
BYBIT,BTCUSDT,240,1778371200000,80628.0,80850.0,80523.8,80733.4,3799.274,306542635.2809,1
BYBIT,BTCUSDT,240,1778385600000,80733.4,80808.0,80603.9,80698.8,2219.541,179119232.3872,1
BYBIT,BTCUSDT,240,1778400000000,80698.8,80947.5,80643.6,80783.4,3677.915,297157533.9139,1
BYBIT,BTCUSDT,240,1778414400000,80783.4,81400.0,80744.2,81376.4,6226.316,504682734.5674,1
BYBIT,BTCUSDT,240,1778428800000,81376.4,81552.7,81100.1,81396.1,5590.865,454763899.246,1
BYBIT,BTCUSDT,240,1778443200000,81396.1,82450.0,80206.3,82181.9,23153.447,1883671811.7792,1
BYBIT,BTCUSDT,240,1778457600000,82181.9,82350.0,80482.1,80695.7,13560.334,1101976702.6042,1
BYBIT,BTCUSDT,240,1778472000000,80695.7,81017.0,80598.8,80705.0,4508.525,364155142.1832,1
BYBIT,BTCUSDT,240,1778486400000,80705.0,81168.9,80580.2,81161.4,4750.899,384455136.9585,1
BYBIT,BTCUSDT,240,1778500800000,81161.4,81425.0,80410.0,81403.8,12040.07,975537611.2339,1
BYBIT,BTCUSDT,240,1778515200000,81403.8,82107.6,81304.3,81920.3,12344.221,1009305835.5609,1
BYBIT,BTCUSDT,240,1778529600000,81920.3,82039.1,81551.0,81699.8,3599.872,294356977.727,1
BYBIT,BTCUSDT,240,1778544000000,81699.8,81768.1,80660.1,81015.5,8873.674,720040600.9593,1
BYBIT,BTCUSDT,240,1778558400000,81015.5,81278.6,80760.0,80816.1,6066.799,491657901.5149,1
BYBIT,BTCUSDT,240,1778572800000,80816.1,80939.8,80460.0,80738.0,7058.83,569840382.6804,1
BYBIT,BTCUSDT,240,1778587200000,80738.0,81000.0,80115.0,80292.0,16691.14,1345098293.1141,1
BYBIT,BTCUSDT,240,1778601600000,80292.0,80830.0,79800.1,80791.6,10894.841,875380003.4103,1
BYBIT,BTCUSDT,240,1778616000000,80791.6,80840.0,80382.9,80459.8,3502.578,282388164.1178,1
BYBIT,BTCUSDT,240,1778630400000,80459.8,81274.4,80362.9,81214.2,6444.005,521756290.0304,1
BYBIT,BTCUSDT,240,1778644800000,81214.2,81245.8,80850.0,80981.1,3652.604,296002586.173,1
BYBIT,BTCUSDT,240,1778659200000,80981.1,81305.9,80456.1,80460.1,6950.475,562273078.1109,1
BYBIT,BTCUSDT,240,1778673600000,80460.1,80560.0,78754.2,78792.5,25089.417,1999306148.7945,1
BYBIT,BTCUSDT,240,1778688000000,78792.5,79769.7,78724.9,79608.6,10885.386,862711053.6937,1
BYBIT,BTCUSDT,240,1778702400000,79608.6,79743.2,79185.7,79285.8,5089.814,404270804.1824,1
BYBIT,BTCUSDT,240,1778716800000,79285.8,79663.9,78863.2,79003.0,7833.053,621270156.9551,1
BYBIT,BTCUSDT,240,1778731200000,79003.0,79974.3,78930.1,79711.0,7271.016,578985304.504,1
BYBIT,BTCUSDT,240,1778745600000,79711.0,79900.0,79191.0,79215.0,6678.882,531326787.8943,1
BYBIT,BTCUSDT,240,1778760000000,79215.0,81295.5,79190.5,81244.0,21908.564,1761116244.1875,1
BYBIT,BTCUSDT,240,1778774400000,81244.0,81999.0,81018.8,81374.5,22616.803,1844124253.8755,1
BYBIT,BTCUSDT,240,1778788800000,81374.5,81542.9,81018.0,81052.6,5116.52,415922919.0654,1
BYBIT,BTCUSDT,240,1778803200000,81052.6,81639.1,80700.0,81019.0,9981.726,809756091.048,1
BYBIT,BTCUSDT,240,1778817600000,81019.0,81065.8,80258.0,80788.9,12941.285,1043251864.4266,1
BYBIT,BTCUSDT,240,1778832000000,80788.9,80800.8,80312.0,80578.5,9495.419,764500232.3191,1
BYBIT,BTCUSDT,240,1778846400000,80578.5,80604.3,78610.0,79120.2,29535.674,2342936085.389,1
BYBIT,BTCUSDT,240,1778860800000,79120.2,79525.1,79003.3,79092.9,6222.284,493020130.8306,1
BYBIT,BTCUSDT,240,1778875200000,79092.9,79183.4,78846.1,79069.5,3758.202,297077984.5911,1
BYBIT,BTCUSDT,240,1778889600000,79069.5,79192.8,78964.8,79030.0,2164.45,171182821.4309,1
BYBIT,BTCUSDT,240,1778904000000,79030.0,79088.3,78010.0,78329.8,10657.301,836597886.6437,1
BYBIT,BTCUSDT,240,1778918400000,78329.8,78500.0,77601.0,78041.1,10548.107,823011762.2282,1
BYBIT,BTCUSDT,240,1778932800000,78041.1,78318.0,77795.4,78189.9,4798.603,374526193.0706,1
BYBIT,BTCUSDT,240,1778947200000,78189.9,78337.4,78072.9,78226.9,3796.34,296893732.3975,1
BYBIT,BTCUSDT,240,1778961600000,78226.9,78288.4,78084.1,78106.5,2030.159,158768211.5026,1
BYBIT,BTCUSDT,240,1778976000000,78106.5,78207.1,77675.0,77984.9,4950.271,385631981.6445,1
BYBIT,BTCUSDT,240,1778990400000,77984.9,78284.4,77956.4,78142.9,3503.699,273670063.4486,1
BYBIT,BTCUSDT,240,1779004800000,78142.9,78569.9,77995.2,78382.9,4855.205,380273221.7803,1
BYBIT,BTCUSDT,240,1779019200000,78382.9,78528.7,77792.2,78002.8,5649.032,441224866.7603,1
BYBIT,BTCUSDT,240,1779033600000,78002.8,78444.4,77781.6,78370.0,4303.77,336049062.4381,1
BYBIT,BTCUSDT,240,1779048000000,78370.0,78457.1,76671.5,77416.4,16965.81,1315177928.3084,1
BYBIT,BTCUSDT,240,1779062400000,77416.4,77443.8,76659.1,76900.4,12073.837,929616203.2987,1
BYBIT,BTCUSDT,240,1779076800000,76900.4,77061.5,76540.0,77043.1,10064.973,773614349.6471,1
BYBIT,BTCUSDT,240,1779091200000,77043.1,77378.1,76616.2,77262.0,7785.576,599317523.7181,1
BYBIT,BTCUSDT,240,1779105600000,77262.0,77766.4,75999.9,76381.2,30448.904,2337801938.4571,1
BYBIT,BTCUSDT,240,1779120000000,76381.2,76972.9,76105.3,76903.8,14706.6,1125418399.8185,1
BYBIT,BTCUSDT,240,1779134400000,76903.8,77193.3,76753.8,76963.9,7420.613,571371517.7187,1
BYBIT,BTCUSDT,240,1779148800000,76963.9,77377.6,76433.4,76755.2,7227.057,555743445.8753,1
BYBIT,BTCUSDT,240,1779163200000,76755.2,77256.7,76600.1,77196.8,4560.874,350958111.547,1
BYBIT,BTCUSDT,240,1779177600000,77196.8,77298.1,76588.3,76671.0,6531.351,502201915.5872,1
BYBIT,BTCUSDT,240,1779192000000,76671.0,77024.9,76105.0,76497.0,12212.394,935065081.3573,1
BYBIT,BTCUSDT,240,1779206400000,76497.0,77054.0,76379.4,76789.5,7000.624,537736338.069,1
BYBIT,BTCUSDT,240,1779220800000,76789.5,77014.9,76613.0,76806.1,3532.482,271489269.2229,1
BYBIT,BTCUSDT,240,1779235200000,76806.1,76898.0,76465.9,76688.7,4332.574,332195293.6179,1
BYBIT,BTCUSDT,240,1779249600000,76688.7,77445.0,76643.6,77253.9,6396.299,493724861.7306,1
BYBIT,BTCUSDT,240,1779264000000,77253.9,77635.0,77163.6,77350.1,5498.826,425871578.1837,1
BYBIT,BTCUSDT,240,1779278400000,77350.1,77838.9,76850.0,77421.9,16123.801,1247356317.1026,1
BYBIT,BTCUSDT,240,1779292800000,77421.9,77691.9,76977.7,77638.1,7810.597,604447716.6036,1
BYBIT,BTCUSDT,240,1779307200000,77638.1,77738.6,77176.9,77518.9,4493.565,348317163.8363,1
BYBIT,BTCUSDT,240,1779321600000,77518.9,78142.8,77476.0,78050.0,6686.704,521021074.7899,1
BYBIT,BTCUSDT,240,1779336000000,78050.0,78153.6,77479.5,77840.1,5981.924,465207578.9781,1
BYBIT,BTCUSDT,240,1779350400000,77840.1,78173.0,77073.4,77159.5,10654.58,826081867.1785,1
BYBIT,BTCUSDT,240,1779364800000,77159.5,77375.0,76680.1,77225.5,12397.704,955240813.9218,1
BYBIT,BTCUSDT,240,1779379200000,77225.5,78070.1,76970.0,77666.6,15822.028,1228392821.7859,1
BYBIT,BTCUSDT,240,1779393600000,77666.6,77782.8,77498.7,77588.4,3284.373,255054390.8523,1
BYBIT,BTCUSDT,240,1779408000000,77588.4,77771.7,77280.1,77738.7,4443.079,344571822.7501,1
BYBIT,BTCUSDT,240,1779422400000,77738.7,77865.0,77227.6,77366.9,6514.694,504716217.6131,1
BYBIT,BTCUSDT,240,1779436800000,77366.9,77504.0,77155.0,77394.9,4818.766,372456109.6191,1
BYBIT,BTCUSDT,240,1779451200000,77394.9,77550.0,76530.0,76755.9,14284.266,1099474359.0652,1
BYBIT,BTCUSDT,240,1779465600000,76755.9,77070.0,75611.7,75831.3,20701.842,1579017729.6119,1
BYBIT,BTCUSDT,240,1779480000000,75831.3,76065.7,75311.0,75509.6,8508.134,644397640.4454,1
BYBIT,BTCUSDT,240,1779494400000,75509.6,75626.4,75185.1,75592.4,6129.865,462282445.1016,1
BYBIT,BTCUSDT,240,1779508800000,75592.4,75614.1,74221.4,74568.3,11902.226,891668420.5488,1
BYBIT,BTCUSDT,240,1779523200000,74568.3,74844.7,74302.7,74757.8,8039.45,599621098.6607,1
BYBIT,BTCUSDT,240,1779537600000,74757.8,75674.2,74607.9,75487.4,11371.284,855311965.7066,1
BYBIT,BTCUSDT,240,1779552000000,75487.4,75992.3,75327.8,75949.8,8266.35,625517923.8898,1
BYBIT,BTCUSDT,240,1779566400000,75949.8,77371.9,75906.2,76709.0,21527.454,1650691496.3881,1
BYBIT,BTCUSDT,240,1779580800000,76709.0,76980.0,76591.1,76704.8,3135.308,240766353.8143,1
BYBIT,BTCUSDT,240,1779595200000,76704.8,77056.9,76613.7,76778.5,4976.403,382256075.5474,1
BYBIT,BTCUSDT,240,1779609600000,76778.5,77490.0,76701.6,77280.6,6990.166,538746516.2978,1
BYBIT,BTCUSDT,240,1779624000000,77280.6,77290.0,76144.1,76329.9,12188.793,933803477.9238,1
BYBIT,BTCUSDT,240,1779638400000,76329.9,76760.0,76329.9,76734.9,4650.13,356147434.1134,1
BYBIT,BTCUSDT,240,1779652800000,76734.9,77200.0,76062.2,77032.5,10752.706,823923077.438,1
BYBIT,BTCUSDT,240,1779667200000,77032.5,77449.9,76859.9,76994.4,5682.144,438292145.4341,1
BYBIT,BTCUSDT,240,1779681600000,76994.4,77641.0,76952.4,77381.7,9533.514,737415046.6464,1
BYBIT,BTCUSDT,240,1779696000000,77381.7,77682.0,77244.8,77327.7,4624.021,358228598.2109,1
BYBIT,BTCUSDT,240,1779710400000,77327.7,77885.0,77247.9,77597.9,6728.183,521681448.2178,1
BYBIT,BTCUSDT,240,1779724800000,77597.9,77788.0,77310.0,77402.7,4401.508,341396290.7277,1
BYBIT,BTCUSDT,240,1779739200000,77402.7,77472.0,76974.1,77280.5,5809.692,448691266.4693,1
BYBIT,BTCUSDT,240,1779753600000,77280.5,77316.3,76436.0,76625.3,9486.55,727861410.421,1
BYBIT,BTCUSDT,240,1779768000000,76625.3,77023.1,76559.9,76687.1,5582.963,428492084.2607,1
BYBIT,BTCUSDT,240,1779782400000,76687.1,77589.1,76536.2,77159.9,10935.522,843626452.338,1
BYBIT,BTCUSDT,240,1779796800000,77159.9,78049.0,76216.4,76464.2,29601.642,2279187200.5502,1
BYBIT,BTCUSDT,240,1779811200000,76464.2,76689.1,75733.0,76019.8,17944.579,1366387337.6224,1
BYBIT,BTCUSDT,240,1779825600000,76019.8,76143.1,75627.9,75897.4,5846.857,443662384.9288,1
BYBIT,BTCUSDT,240,1779840000000,75897.4,76077.9,75550.0,75621.3,5407.481,410049599.2749,1
BYBIT,BTCUSDT,240,1779854400000,75621.3,75929.1,75235.7,75920.0,9423.104,712092565.5431,1
BYBIT,BTCUSDT,240,1779868800000,75920.0,76028.5,75655.0,75729.6,6171.893,468208777.8571,1
BYBIT,BTCUSDT,240,1779883200000,75729.6,76136.8,74707.5,75297.1,22927.312,1724987059.0711,1
BYBIT,BTCUSDT,240,1779897600000,75297.1,75379.0,74626.9,75034.6,12126.591,909337473.6875,1
BYBIT,BTCUSDT,240,1779912000000,75034.6,75379.0,74201.2,74412.4,14018.103,1045913179.9138,1
BYBIT,BTCUSDT,240,1779926400000,74412.4,74557.7,73020.0,73231.8,18679.827,1379041462.8938,1
BYBIT,BTCUSDT,240,1779940800000,73231.8,73479.6,72687.4,73460.3,14676.538,1071966551.7769,1
BYBIT,BTCUSDT,240,1779955200000,73460.3,73588.9,73171.7,73474.1,6591.577,483725170.4045,1
BYBIT,BTCUSDT,240,1779969600000,73474.1,73561.4,72552.0,72896.6,26425.484,1930287836.5788,1
BYBIT,BTCUSDT,240,1779984000000,72896.6,73729.0,72696.2,73397.4,12208.694,895469369.1041,1
BYBIT,BTCUSDT,240,1779998400000,73397.4,73920.0,73195.7,73597.6,7960.729,585712446.6253,1
BYBIT,BTCUSDT,240,1780012800000,73597.6,73853.8,73140.5,73264.0,8742.019,642492280.7032,1
BYBIT,BTCUSDT,240,1780027200000,73264.0,73911.1,73169.5,73480.0,8254.993,607218790.1834,1
BYBIT,BTCUSDT,240,1780041600000,73480.0,73877.5,73311.2,73449.9,5103.658,375911169.7037,1
BYBIT,BTCUSDT,240,1780056000000,73449.9,74187.8,72460.7,73774.1,31899.405,2338393997.9202,1
BYBIT,BTCUSDT,240,1780070400000,73774.1,74310.0,73123.9,73491.1,19140.793,1411454020.6165,1
BYBIT,BTCUSDT,240,1780084800000,73491.1,73819.7,73276.2,73437.3,5223.571,383876590.3418,1
BYBIT,BTCUSDT,240,1780099200000,73437.3,73756.4,73372.7,73495.8,2889.108,212589647.4257,1
BYBIT,BTCUSDT,240,1780113600000,73495.8,73694.2,73160.3,73515.7,5332.696,391673734.3247,1
BYBIT,BTCUSDT,240,1780128000000,73515.7,73646.0,73464.9,73569.4,1616.334,118889891.2369,1
BYBIT,BTCUSDT,240,1780142400000,73569.4,74076.8,73556.0,73889.3,4920.815,363419749.6378,1
BYBIT,BTCUSDT,240,1780156800000,73889.3,74117.7,73780.4,73978.8,3493.421,258383465.6047,1
BYBIT,BTCUSDT,240,1780171200000,73978.8,74025.3,73740.4,73854.1,2967.04,219204777.8103,1
BYBIT,BTCUSDT,240,1780185600000,73854.1,74246.1,73817.6,74109.9,5153.625,381684534.6299,1
BYBIT,BTCUSDT,240,1780200000000,74109.9,74197.4,73800.0,73842.4,2721.069,201404268.3688,1
BYBIT,BTCUSDT,240,1780214400000,73842.4,74003.4,73687.6,73911.0,3239.131,239237050.2233,1
BYBIT,BTCUSDT,240,1780228800000,73911.0,74007.2,73467.8,73617.0,7304.031,538098676.5102,1
BYBIT,BTCUSDT,240,1780243200000,73617.0,73699.5,73351.0,73520.6,4344.459,319422271.5783,1
BYBIT,BTCUSDT,240,1780257600000,73520.6,74173.8,73452.3,73649.6,7216.921,532344714.4875,1
BYBIT,BTCUSDT,240,1780272000000,73649.6,74057.6,73176.0,73726.2,7136.325,525735393.5441,1
BYBIT,BTCUSDT,240,1780286400000,73726.2,73806.0,72654.8,72770.2,10887.089,796273288.6124,1
BYBIT,BTCUSDT,240,1780300800000,72770.2,73064.9,72160.5,72449.7,15435.863,1121862271.1442,1
BYBIT,BTCUSDT,240,1780315200000,72449.7,72590.0,71040.0,71103.9,37862.932,2716341079.3711,1
BYBIT,BTCUSDT,240,1780329600000,71103.9,71800.0,70650.4,71576.1,17637.372,1257547312.5505,1
BYBIT,BTCUSDT,240,1780344000000,71576.1,71683.1,70805.0,71391.3,9769.841,695938425.4861,1
BYBIT,BTCUSDT,240,1780358400000,71391.3,71398.4,70063.9,70933.9,17499.682,1236990410.7076,1
BYBIT,BTCUSDT,240,1780372800000,70933.9,71039.2,69705.1,70080.8,17567.917,1234843756.2073,1
BYBIT,BTCUSDT,240,1780387200000,70080.8,70150.7,69290.0,69434.2,14398.827,1002241374.352,1
BYBIT,BTCUSDT,240,1780401600000,69434.2,69519.0,67030.4,67269.4,50275.328,3427914378.3884,1
BYBIT,BTCUSDT,240,1780416000000,67269.4,68112.1,66356.0,67287.9,30787.235,2072190233.2926,1
BYBIT,BTCUSDT,240,1780430400000,67287.9,67891.4,66160.0,66725.2,27803.105,1861335888.2973,1
BYBIT,BTCUSDT,240,1780444800000,66725.2,67174.6,65400.0,65818.7,20923.698,1388738128.6375,1
BYBIT,BTCUSDT,240,1780459200000,65818.7,67497.5,65797.2,67188.5,21332.5,1427610620.1928,1
BYBIT,BTCUSDT,240,1780473600000,67188.5,67450.0,66627.5,67044.9,11483.074,770286359.494,1
BYBIT,BTCUSDT,240,1780488000000,67044.9,67220.0,66041.3,66046.9,18439.66,1229090103.8665,1
BYBIT,BTCUSDT,240,1780502400000,66046.9,66346.9,65201.2,65428.4,25141.954,1654224572.5268,1
BYBIT,BTCUSDT,240,1780516800000,65428.4,65827.8,64035.3,64115.2,29630.292,1925275791.3773,1
BYBIT,BTCUSDT,240,1780531200000,64115.2,64500.0,61333.0,64335.8,52983.519,3340904259.1564,1
BYBIT,BTCUSDT,240,1780545600000,64335.8,64734.4,63376.4,63562.6,19393.792,1242644470.9806,1
BYBIT,BTCUSDT,240,1780560000000,63562.6,63881.6,62133.0,62519.2,28932.98,1816057286.0919,1
BYBIT,BTCUSDT,240,1780574400000,62519.2,64473.6,62355.7,63866.9,32598.853,2075268953.7203,1
BYBIT,BTCUSDT,240,1780588800000,63866.9,64121.5,62904.7,63597.3,18085.713,1150158563.2919,1
BYBIT,BTCUSDT,240,1780603200000,63597.3,63893.6,63072.4,63849.1,11470.29,727917495.1693,1
BYBIT,BTCUSDT,240,1780617600000,63849.1,63954.5,62297.6,62695.3,12291.045,774055591.6483,1
BYBIT,BTCUSDT,240,1780632000000,62695.3,63684.4,61076.6,63080.1,39999.908,2491623174.1834,1
BYBIT,BTCUSDT,240,1780646400000,63080.1,63268.5,61925.2,61925.2,18734.737,1173038912.6798,1
BYBIT,BTCUSDT,240,1780660800000,61925.2,62430.0,60013.0,60400.7,50811.779,3101298523.6976,1
BYBIT,BTCUSDT,240,1780675200000,60400.7,61529.7,59081.4,60269.6,52174.865,3143978830.4078,1
BYBIT,BTCUSDT,240,1780689600000,60269.6,61992.8,59902.9,61026.6,34604.321,2121114408.0651,1
BYBIT,BTCUSDT,240,1780704000000,61026.6,61496.4,60488.7,60661.7,10694.646,652370093.0698,1
BYBIT,BTCUSDT,240,1780718400000,60661.7,61268.3,59428.7,60975.3,30673.283,1855303783.3172,1
BYBIT,BTCUSDT,240,1780732800000,60975.3,61473.0,60073.8,60771.6,15275.559,927395142.8134,1
BYBIT,BTCUSDT,240,1780747200000,60771.6,61168.3,60350.6,60754.3,12002.597,729802681.8789,1
BYBIT,BTCUSDT,240,1780761600000,60754.3,60950.0,60365.4,60557.8,8515.826,516219078.9287,1
BYBIT,BTCUSDT,240,1780776000000,60557.8,60967.8,60394.0,60855.6,6989.383,424359378.8709,1
BYBIT,BTCUSDT,240,1780790400000,60855.6,61747.0,60711.1,61668.6,13884.131,851442000.9914,1
BYBIT,BTCUSDT,240,1780804800000,61668.6,62381.8,61443.2,62368.6,12838.989,795331891.7454,1
BYBIT,BTCUSDT,240,1780819200000,62368.6,62950.0,62220.1,62598.2,15093.296,944133831.9197,1
BYBIT,BTCUSDT,240,1780833600000,62598.2,62617.3,61524.5,62070.7,21651.172,1340531761.0562,1
BYBIT,BTCUSDT,240,1780848000000,62070.7,62313.4,61138.5,61299.8,12755.656,787084347.1721,1
BYBIT,BTCUSDT,240,1780862400000,61299.8,64250.0,61178.7,63306.5,32071.236,2014187077.7103,1
BYBIT,BTCUSDT,240,1780876800000,63306.5,63842.9,62678.8,63095.9,11187.174,707286507.2752,1
BYBIT,BTCUSDT,240,1780891200000,63095.9,63331.4,62374.0,63263.5,10258.675,644922149.6106,1
BYBIT,BTCUSDT,240,1780905600000,63263.5,63888.6,62951.3,63451.4,12877.922,815928471.7712,1
BYBIT,BTCUSDT,240,1780920000000,63451.4,64220.9,62672.7,63745.6,28619.965,1820127757.0596,1
BYBIT,BTCUSDT,240,1780934400000,63745.6,64025.9,63226.3,63342.1,10703.509,680083710.0811,1
BYBIT,BTCUSDT,240,1780948800000,63342.1,63840.7,62939.0,63056.4,10615.317,672246811.4162,1
BYBIT,BTCUSDT,240,1780963200000,63056.4,63155.2,62386.1,62844.7,12161.418,762439203.3846,1
BYBIT,BTCUSDT,240,1780977600000,62844.7,63501.0,62718.5,63170.6,11365.111,718095946.2878,1
BYBIT,BTCUSDT,240,1780992000000,63170.6,63182.3,62462.9,62676.2,11488.195,720758612.7998,1
BYBIT,BTCUSDT,240,1781006400000,62676.2,62878.0,61000.3,61104.9,31522.904,1949161899.5757,1
BYBIT,BTCUSDT,240,1781020800000,61104.9,62087.1,60705.0,62071.5,25430.709,1562323644.0232,1
BYBIT,BTCUSDT,240,1781035200000,62071.5,62250.1,61520.0,61699.9,10705.522,661988631.2648,1
BYBIT,BTCUSDT,240,1781049600000,61699.9,61948.5,61206.0,61517.2,9099.38,560222227.5855,1
BYBIT,BTCUSDT,240,1781064000000,61517.2,61766.4,61039.8,61655.2,8913.019,546988083.4048,1
BYBIT,BTCUSDT,240,1781078400000,61655.2,61702.6,60614.5,60998.0,14222.891,869576203.3991,1
BYBIT,BTCUSDT,240,1781092800000,60998.0,62846.8,60917.1,62606.5,29654.997,1836811337.0377,1
BYBIT,BTCUSDT,240,1781107200000,62606.5,62620.0,61550.4,61916.4,15852.486,982757516.5085,1
BYBIT,BTCUSDT,240,1781121600000,61916.4,61922.3,61069.5,61476.4,13173.493,809394772.716,1
BYBIT,BTCUSDT,240,1781136000000,61476.4,63023.2,61476.4,62671.5,16871.743,1050278841.023,1
BYBIT,BTCUSDT,240,1781150400000,62671.5,63037.9,62518.2,62692.6,8078.345,506595606.5402,1
BYBIT,BTCUSDT,240,1781164800000,62692.6,63235.9,62692.1,63075.2,7695.799,484680165.3562,1
BYBIT,BTCUSDT,240,1781179200000,63075.2,63216.6,62468.2,62726.3,18008.615,1131513295.2644,1
BYBIT,BTCUSDT,240,1781193600000,62726.3,63900.0,62315.0,63580.1,23915.799,1512592406.9985,1
BYBIT,BTCUSDT,240,1781208000000,63580.1,63699.9,63239.8,63600.0,6048.007,383881842.6033,1
BYBIT,BTCUSDT,240,1781222400000,63600.0,63780.0,63258.0,63494.7,6033.242,383123515.2183,1
BYBIT,BTCUSDT,240,1781236800000,63494.7,63849.6,62810.0,63063.2,10555.615,667508870.6031,1
BYBIT,BTCUSDT,240,1781251200000,63063.2,63934.9,63061.0,63730.5,10225.513,650733376.0609,1
BYBIT,BTCUSDT,240,1781265600000,63730.5,64371.8,63010.1,63565.7,23415.782,1491717838.661,1
BYBIT,BTCUSDT,240,1781280000000,63565.7,64080.8,63477.3,63549.1,8559.483,545883214.87,1
BYBIT,BTCUSDT,240,1781294400000,63549.1,63666.9,63358.7,63547.1,4404.738,279672570.3135,1
BYBIT,BTCUSDT,240,1781308800000,63547.1,63816.6,63372.8,63493.9,4551.259,289556040.3418,1
BYBIT,BTCUSDT,240,1781323200000,63493.9,63867.3,63445.8,63821.6,4924.359,313554712.3281,1
BYBIT,BTCUSDT,240,1781337600000,63821.6,63947.9,63694.6,63936.3,4005.667,255646684.3189,1
BYBIT,BTCUSDT,240,1781352000000,63936.3,64316.4,63884.7,64263.6,6859.668,439906364.3791,1
BYBIT,BTCUSDT,240,1781366400000,64263.6,64310.9,63876.1,64267.0,7936.646,508305885.6536,1
BYBIT,BTCUSDT,240,1781380800000,64267.0,64746.9,64185.1,64416.6,6491.441,418487308.3247,1
BYBIT,BTCUSDT,240,1781395200000,64416.6,64685.9,64337.8,64508.8,3144.667,202891201.2641,1
BYBIT,BTCUSDT,240,1781409600000,64508.8,64528.3,64176.6,64401.5,4034.431,259536037.3327,1
BYBIT,BTCUSDT,240,1781424000000,64401.5,64641.8,64288.2,64516.1,4149.914,267687959.7505,1
BYBIT,BTCUSDT,240,1781438400000,64516.1,64533.1,63831.0,63991.6,7847.072,503125878.4517,1
BYBIT,BTCUSDT,240,1781452800000,63991.6,64211.1,63643.7,63775.1,5742.524,366709135.7358,1
BYBIT,BTCUSDT,240,1781467200000,63775.1,65770.0,63760.9,65710.0,27550.769,1791762421.2723,1
BYBIT,BTCUSDT,240,1781481600000,65710.0,65983.0,65317.0,65895.4,8522.913,559400598.9484,1
BYBIT,BTCUSDT,240,1781496000000,65895.4,65997.9,65564.4,65644.0,6728.265,442463139.6013,1
BYBIT,BTCUSDT,240,1781510400000,65644.0,66372.8,65468.6,66202.4,12393.678,817465343.2411,1
BYBIT,BTCUSDT,240,1781524800000,66202.4,67276.0,66067.3,67256.4,23227.693,1547723361.0229,1
BYBIT,BTCUSDT,240,1781539200000,67256.4,67265.8,66275.2,66580.1,11812.7,789488746.7334,1
BYBIT,BTCUSDT,240,1781553600000,66580.1,66656.3,66060.1,66287.2,6334.733,420158937.7814,1
BYBIT,BTCUSDT,240,1781568000000,66287.2,66434.7,65605.5,66121.5,11432.238,753923812.6719,1
BYBIT,BTCUSDT,240,1781582400000,66121.5,66566.9,65763.1,66338.4,8565.146,566884322.7894,1
BYBIT,BTCUSDT,240,1781596800000,66338.4,66970.0,66304.8,66460.3,11157.042,743132215.2043,1
BYBIT,BTCUSDT,240,1781611200000,66460.3,66795.3,65327.4,65835.3,17953.331,1184579500.0771,1
BYBIT,BTCUSDT,240,1781625600000,65835.3,66263.6,65525.0,65656.3,7472.173,491947463.5079,1
BYBIT,BTCUSDT,240,1781640000000,65656.3,65918.4,65558.8,65640.0,3573.587,234852106.2421,1
BYBIT,BTCUSDT,240,1781654400000,65640.0,66108.3,65421.3,65828.4,6125.871,402977172.7417,1
BYBIT,BTCUSDT,240,1781668800000,65828.4,66020.9,65159.5,65505.9,7000.013,458711060.231,1
BYBIT,BTCUSDT,240,1781683200000,65505.9,65545.3,64529.6,64773.7,12223.378,793531573.496,1
BYBIT,BTCUSDT,240,1781697600000,64773.7,65838.6,64552.6,65712.8,17691.176,1153135473.1088,1
BYBIT,BTCUSDT,240,1781712000000,65712.8,66444.7,64001.8,64267.2,37346.105,2436280720.3336,1
BYBIT,BTCUSDT,240,1781726400000,64267.2,64502.8,63869.6,64476.6,8882.461,570754877.5848,1
BYBIT,BTCUSDT,240,1781740800000,64476.6,64781.8,64220.0,64255.4,6089.267,392747169.0795,1
BYBIT,BTCUSDT,240,1781755200000,64255.4,64478.2,63656.3,64467.1,11689.092,748166902.8084,1
BYBIT,BTCUSDT,240,1781769600000,64467.1,64619.4,63851.1,63943.0,10457.649,671301477.7735,1
BYBIT,BTCUSDT,240,1781784000000,63943.0,64409.8,62216.9,62326.1,35852.596,2273205482.0169,1
BYBIT,BTCUSDT,240,1781798400000,62326.1,62971.6,62216.4,62915.9,18737.507,1173508437.9102,1
BYBIT,BTCUSDT,240,1781812800000,62915.9,63238.3,62703.9,62920.1,6595.602,415277679.074,1
BYBIT,BTCUSDT,240,1781827200000,62920.1,63076.6,62345.3,62742.7,8735.303,547810001.215,1
BYBIT,BTCUSDT,240,1781841600000,62742.7,62888.6,62365.1,62589.8,9553.785,598350474.8119,1
BYBIT,BTCUSDT,240,1781856000000,62589.8,62755.5,62271.6,62596.7,7947.769,496547014.6562,1
BYBIT,BTCUSDT,240,1781870400000,62596.7,63397.3,62309.7,63187.0,15134.311,952655900.6642,1
BYBIT,BTCUSDT,240,1781884800000,63187.0,63363.5,62827.2,62999.9,6740.316,425339244.3702,1
BYBIT,BTCUSDT,240,1781899200000,62999.9,63641.1,62926.9,63508.9,5091.751,322366714.1227,1
BYBIT,BTCUSDT,240,1781913600000,63508.9,63767.2,63286.0,63443.1,5145.801,326803889.7839,1
BYBIT,BTCUSDT,240,1781928000000,63443.1,63945.7,63365.0,63624.3,6719.291,427988306.5832,1
BYBIT,BTCUSDT,240,1781942400000,63624.3,63790.4,63360.0,63652.9,5849.785,371801770.573,1
BYBIT,BTCUSDT,240,1781956800000,63652.9,64356.6,63154.5,64135.6,16480.558,1050911727.6791,1
BYBIT,BTCUSDT,240,1781971200000,64135.6,64140.6,63700.8,63908.6,4825.41,308307072.3515,1
BYBIT,BTCUSDT,240,1781985600000,63908.6,64339.3,63822.7,64265.4,3212.342,206020845.1976,1
BYBIT,BTCUSDT,240,1782000000000,64265.4,64449.0,64169.2,64394.1,3455.762,222146096.4953,1
BYBIT,BTCUSDT,240,1782014400000,64394.1,64589.1,64137.0,64158.5,4109.954,264302932.7938,1
BYBIT,BTCUSDT,240,1782028800000,64158.5,64452.2,63867.9,64140.0,7402.647,474930168.3149,1
BYBIT,BTCUSDT,240,1782043200000,64140.0,64327.1,63915.6,64194.3,5330.595,341667879.3295,1
BYBIT,BTCUSDT,240,1782057600000,64194.3,64267.5,63909.8,64169.9,3132.229,200797068.6387,1
BYBIT,BTCUSDT,240,1782072000000,64169.9,64239.7,63209.3,63283.4,12677.968,806764258.6106,1
BYBIT,BTCUSDT,240,1782086400000,63283.4,64827.6,63279.8,63931.6,18718.692,1201296587.2218,1
BYBIT,BTCUSDT,240,1782100800000,63931.6,64387.6,63835.0,64184.1,7724.638,495323842.5467,1
BYBIT,BTCUSDT,240,1782115200000,64184.1,64757.2,64008.7,64630.4,8588.75,552932785.8933,1
BYBIT,BTCUSDT,240,1782129600000,64630.4,65596.0,64558.4,64801.0,26485.407,1722908176.2129,1
BYBIT,BTCUSDT,240,1782144000000,64801.0,64828.5,64203.5,64445.2,14059.99,907216807.1814,1
BYBIT,BTCUSDT,240,1782158400000,64445.2,64635.0,63771.0,63989.3,8939.96,573785908.9884,1
BYBIT,BTCUSDT,240,1782172800000,63989.3,64252.8,63796.9,64035.1,7662.718,490875421.3775,1
BYBIT,BTCUSDT,240,1782187200000,64035.1,64063.7,62530.0,62853.8,19053.074,1202785882.3501,1
BYBIT,BTCUSDT,240,1782201600000,62853.8,62916.5,61878.4,62470.1,19725.452,1230086956.0042,1
BYBIT,BTCUSDT,240,1782216000000,62470.1,62822.5,61921.9,62459.2,20503.943,1278808164.8775,1
BYBIT,BTCUSDT,240,1782230400000,62459.2,62804.4,62068.0,62358.3,9279.755,579352696.1006,1
BYBIT,BTCUSDT,240,1782244800000,62358.3,62772.3,62337.5,62693.7,4738.551,296415185.1173,1
BYBIT,BTCUSDT,240,1782259200000,62693.7,63113.4,62427.0,62707.1,8151.31,511973894.9854,1
BYBIT,BTCUSDT,240,1782273600000,62707.1,63060.4,62501.0,62629.9,5530.139,347053969.2823,1
BYBIT,BTCUSDT,240,1782288000000,62629.9,63232.7,62277.0,62887.9,8227.191,515661555.3568,1
BYBIT,BTCUSDT,240,1782302400000,62887.9,62950.0,60220.0,60238.3,42611.441,2613747899.2527,1
BYBIT,BTCUSDT,240,1782316800000,60238.3,60637.1,59065.8,59923.7,36828.429,2201202873.4469,1
BYBIT,BTCUSDT,240,1782331200000,59923.7,61239.6,59814.4,61054.7,21940.215,1333325616.9053,1
BYBIT,BTCUSDT,240,1782345600000,61054.7,61146.0,60650.0,60853.3,7225.68,439600803.0551,1
BYBIT,BTCUSDT,240,1782360000000,60853.3,61942.3,60755.1,61881.2,13692.632,842421191.3284,1
BYBIT,BTCUSDT,240,1782374400000,61881.2,61894.7,61031.2,61252.3,11553.729,709864019.1672,1
BYBIT,BTCUSDT,240,1782388800000,61252.3,61765.8,58042.6,59531.7,74394.561,4430447233.5839,1
BYBIT,BTCUSDT,240,1782403200000,59531.7,60037.7,59103.7,59295.3,20683.521,1230310428.6667,1
BYBIT,BTCUSDT,240,1782417600000,59295.3,60236.8,59290.8,59767.3,13717.98,820503871.5817,1
BYBIT,BTCUSDT,240,1782432000000,59767.3,60101.7,58289.5,60003.6,27868.746,1646605502.1949,1
BYBIT,BTCUSDT,240,1782446400000,60003.6,60731.3,59672.2,60487.0,15600.283,938704653.8093,1
BYBIT,BTCUSDT,240,1782460800000,60487.0,60539.3,59214.1,59389.2,15378.916,919785375.3476,1
BYBIT,BTCUSDT,240,1782475200000,59389.2,60475.3,58450.0,60291.9,44181.139,2629487719.268,1
BYBIT,BTCUSDT,240,1782489600000,60291.9,60585.0,59505.0,59735.5,11744.51,704603151.3956,1
BYBIT,BTCUSDT,240,1782504000000,59735.5,60090.0,59541.5,60073.4,6384.556,381885966.8125,1
BYBIT,BTCUSDT,240,1782518400000,60073.4,60392.0,59839.4,60277.2,4895.864,294447315.459,1
BYBIT,BTCUSDT,240,1782532800000,60277.2,60557.7,60082.3,60525.6,5560.405,335430704.0892,1
BYBIT,BTCUSDT,240,1782547200000,60525.6,60525.6,60170.0,60335.4,3637.346,219553568.6973,1
BYBIT,BTCUSDT,240,1782561600000,60335.4,60918.3,60209.5,60812.8,8030.188,486677786.1136,1
BYBIT,BTCUSDT,240,1782576000000,60812.8,60823.3,60025.0,60141.3,8692.875,525487543.5143,1
BYBIT,BTCUSDT,240,1782590400000,60141.3,60450.0,59807.5,59995.3,6526.404,392548764.4643,1
BYBIT,BTCUSDT,240,1782604800000,59995.3,60308.4,59943.5,60169.7,3322.545,199799714.3007,1
BYBIT,BTCUSDT,240,1782619200000,60169.7,60236.4,59715.9,60188.8,5876.903,352461077.7719,1
BYBIT,BTCUSDT,240,1782633600000,60188.8,60522.5,60032.7,60320.4,4896.018,295046724.8572,1
BYBIT,BTCUSDT,240,1782648000000,60320.4,60443.5,59784.9,59862.2,6292.134,377943149.4749,1
BYBIT,BTCUSDT,240,1782662400000,59862.2,59919.6,59225.4,59450.6,10912.982,650054844.9872,1
BYBIT,BTCUSDT,240,1782676800000,59450.6,59882.3,58860.0,59550.4,13806.231,820640916.6812,1
BYBIT,BTCUSDT,240,1782691200000,59550.4,60223.4,58850.6,60017.7,17764.42,1057140436.5857,1
BYBIT,BTCUSDT,240,1782705600000,60017.7,60321.7,59340.0,59988.7,11491.637,688246261.8695,1
BYBIT,BTCUSDT,240,1782720000000,59988.7,60307.7,59704.2,59933.1,13225.024,793507235.02,1
BYBIT,BTCUSDT,240,1782734400000,59933.1,60775.0,58973.4,59793.1,44363.841,2654126855.8863,1
BYBIT,BTCUSDT,240,1782748800000,59793.1,60666.0,59555.6,60401.7,15737.004,948516868.0127,1
BYBIT,BTCUSDT,240,1782763200000,60401.7,60578.9,60169.5,60224.0,4241.09,255948716.5815,1
BYBIT,BTCUSDT,240,1782777600000,60224.0,60249.0,59566.0,59587.3,9848.546,589601259.3923,1
BYBIT,BTCUSDT,240,1782792000000,59587.3,59690.3,59324.3,59495.9,8180.559,486674432.1474,1
BYBIT,BTCUSDT,240,1782806400000,59495.9,59528.3,59090.0,59160.1,9741.401,577471013.0029,1
BYBIT,BTCUSDT,240,1782820800000,59160.1,59247.3,58156.7,58358.8,40491.737,2374181286.3896,1
BYBIT,BTCUSDT,240,1782835200000,58358.8,58823.4,58233.4,58793.5,10081.897,589828042.0355,1
BYBIT,BTCUSDT,240,1782849600000,58793.5,58860.0,58472.2,58603.5,4345.542,254836052.0732,1
BYBIT,BTCUSDT,240,1782864000000,58603.5,59325.6,57755.8,59177.2,22102.571,1295637012.6271,1
BYBIT,BTCUSDT,240,1782878400000,59177.2,59444.0,58499.9,58747.7,11730.047,691382054.9611,1
BYBIT,BTCUSDT,240,1782892800000,58747.7,59078.6,58463.0,58592.0,9048.743,531583463.2211,1
BYBIT,BTCUSDT,240,1782907200000,58592.0,60522.0,58293.9,60121.7,35500.421,2112512027.9815,1
BYBIT,BTCUSDT,240,1782921600000,60121.7,60333.0,59759.4,60002.7,12898.59,774890633.729,1
BYBIT,BTCUSDT,240,1782936000000,60002.7,61325.3,59845.5,60000.0,19250.249,1165276967.7777,1
BYBIT,BTCUSDT,240,1782950400000,60000.0,61107.5,59556.1,61038.9,13927.117,838402511.4464,1
BYBIT,BTCUSDT,240,1782964800000,61038.9,61039.0,60075.0,60126.7,10559.565,638929035.0433,1
BYBIT,BTCUSDT,240,1782979200000,60126.7,61400.0,60110.7,61329.0,16897.008,1030093257.5258,1
BYBIT,BTCUSDT,240,1782993600000,61329.0,62188.7,61115.6,61588.7,25948.778,1600177912.6078,1
BYBIT,BTCUSDT,240,1783008000000,61588.7,61925.0,61107.2,61445.2,13230.041,814235958.592,1
BYBIT,BTCUSDT,240,1783022400000,61445.2,61637.4,61305.7,61532.7,4931.446,303122616.2384,1
BYBIT,BTCUSDT,240,1783036800000,61532.7,61707.7,61210.4,61406.2,6082.743,373755265.3876,1
BYBIT,BTCUSDT,240,1783051200000,61406.2,61849.9,61307.9,61740.1,5496.045,338812548.852,1
BYBIT,BTCUSDT,240,1783065600000,61740.1,62078.9,61466.3,61990.1,7141.083,441385482.5295,1
BYBIT,BTCUSDT,240,1783080000000,61990.1,62374.6,61666.6,61896.3,12350.134,765809806.7669,1
BYBIT,BTCUSDT,240,1783094400000,61896.3,62291.6,61881.7,62174.3,5032.466,312712435.3459,1
BYBIT,BTCUSDT,240,1783108800000,62174.3,62946.1,62150.0,62555.6,11679.052,731378542.8797,1
BYBIT,BTCUSDT,240,1783123200000,62555.6,62940.1,62375.1,62600.0,6257.765,391938104.8508,1
BYBIT,BTCUSDT,240,1783137600000,62600.0,62724.3,62311.8,62542.5,3942.479,246454226.0907,1
BYBIT,BTCUSDT,240,1783152000000,62542.5,62650.0,62386.6,62457.1,3035.545,189710301.4582,1
BYBIT,BTCUSDT,240,1783166400000,62457.1,63066.7,62457.1,62909.5,7086.088,444801749.1659,1
BYBIT,BTCUSDT,240,1783180800000,62909.5,63450.0,62754.8,63263.2,9555.765,603288786.1326,1
BYBIT,BTCUSDT,240,1783195200000,63263.2,63430.0,62900.1,63112.2,4276.829,270192708.2126,1
BYBIT,BTCUSDT,240,1783209600000,63112.2,63115.0,62560.7,62738.6,7019.27,440778713.5428,1
BYBIT,BTCUSDT,240,1783224000000,62738.6,63036.9,62621.6,62989.5,4735.745,297425865.3857,1
BYBIT,BTCUSDT,240,1783238400000,62989.5,63086.2,62389.4,62625.8,7266.9,455711355.0245,1
BYBIT,BTCUSDT,240,1783252800000,62625.8,62924.4,62526.8,62709.7,6058.681,380033507.3799,1
BYBIT,BTCUSDT,240,1783267200000,62709.7,62857.9,62569.8,62744.4,5148.995,322750521.8145,1
BYBIT,BTCUSDT,240,1783281600000,62744.4,63987.1,62578.8,63614.4,14981.52,950648541.9701,1
BYBIT,BTCUSDT,240,1783296000000,63614.4,63895.0,63103.0,63269.9,10135.176,643573897.6643,1
BYBIT,BTCUSDT,240,1783310400000,63269.9,63369.8,62852.7,63058.3,8288.087,522570665.0723,1
BYBIT,BTCUSDT,240,1783324800000,63058.3,63216.9,62438.0,62447.8,10755.114,675553929.1603,1
BYBIT,BTCUSDT,240,1783339200000,62447.8,63530.0,61272.5,63524.0,53207.375,3305813009.4321,1
BYBIT,BTCUSDT,240,1783353600000,63524.0,63969.3,63358.7,63720.6,22439.649,1428979283.9959,1
BYBIT,BTCUSDT,240,1783368000000,63720.6,64703.2,63577.7,64020.0,13495.049,866418014.9848,1
BYBIT,BTCUSDT,240,1783382400000,64020.0,64303.0,63111.3,63165.1,17186.838,1095459926.0275,1
BYBIT,BTCUSDT,240,1783396800000,63165.1,63425.8,62761.6,63062.7,13425.139,847378922.7115,1
BYBIT,BTCUSDT,240,1783411200000,63062.7,63469.8,62953.0,63378.7,10813.67,683978697.1808,1
BYBIT,BTCUSDT,240,1783425600000,63378.7,64125.5,62635.5,63916.2,30384.625,1926347612.9043,1
BYBIT,BTCUSDT,240,1783440000000,63916.2,64234.0,63354.5,63793.1,14100.419,900386222.9463,1
BYBIT,BTCUSDT,240,1783454400000,63793.1,63883.5,63173.1,63332.5,7372.035,468252116.798,1
BYBIT,BTCUSDT,240,1783468800000,63332.5,63743.7,62496.0,62734.2,13635.357,859745970.8396,1
BYBIT,BTCUSDT,240,1783483200000,62734.2,62877.9,62444.1,62855.3,8299.477,520220521.7028,1
BYBIT,BTCUSDT,240,1783497600000,62855.3,62918.1,61680.4,62278.3,20621.838,1280915450.2737,1
BYBIT,BTCUSDT,240,1783512000000,62278.3,62400.0,61500.0,61673.6,18144.176,1123008280.8614,1
BYBIT,BTCUSDT,240,1783526400000,61673.6,62375.7,61661.6,62255.7,9200.172,571165428.2019,1
BYBIT,BTCUSDT,240,1783540800000,62255.7,62331.0,61920.0,62256.0,4760.642,295934396.5139,1
BYBIT,BTCUSDT,240,1783555200000,62256.0,62629.0,61667.6,61943.8,11036.95,685114774.1218,1
BYBIT,BTCUSDT,240,1783569600000,61943.8,63266.0,61927.6,62977.6,16411.974,1028419660.9308,1
BYBIT,BTCUSDT,240,1783584000000,62977.6,63072.7,62583.0,62756.6,6411.571,402824296.7802,1
BYBIT,BTCUSDT,240,1783598400000,62756.6,63249.8,62429.1,62831.5,20662.258,1297777307.5232,1
BYBIT,BTCUSDT,240,1783612800000,62831.5,63479.9,62524.0,63219.2,11559.845,728680392.1319,1
BYBIT,BTCUSDT,240,1783627200000,63219.2,63395.0,63030.8,63196.8,3919.042,247834225.3256,1
BYBIT,BTCUSDT,240,1783641600000,63196.8,64030.0,62890.6,63929.4,13722.444,873283171.3934,1
BYBIT,BTCUSDT,240,1783656000000,63929.4,64183.8,63782.1,63966.0,7178.113,459302242.0818,1
BYBIT,BTCUSDT,240,1783670400000,63966.0,64499.9,63962.1,64408.2,10350.839,665510897.4887,1
BYBIT,BTCUSDT,240,1783684800000,64408.2,64688.2,63750.1,64021.6,15590.78,1000853520.6427,1
BYBIT,BTCUSDT,240,1783699200000,64021.6,64207.9,63713.0,63901.8,7500.633,479521396.9621,1
BYBIT,BTCUSDT,240,1783713600000,63901.8,64192.8,63635.0,64141.1,5047.859,322701931.2865,1
BYBIT,BTCUSDT,240,1783728000000,64141.1,64292.1,63942.8,64124.7,2800.985,179506086.881,1
BYBIT,BTCUSDT,240,1783742400000,64124.7,64260.1,64052.2,64136.7,2546.24,163397196.4409,1
BYBIT,BTCUSDT,240,1783756800000,64136.7,64286.5,64122.2,64183.5,2196.815,140994885.1551,1
BYBIT,BTCUSDT,240,1783771200000,64183.5,64490.9,63855.5,64145.9,6463.814,415049589.7643,1
BYBIT,BTCUSDT,240,1783785600000,64145.9,64373.3,64057.7,64265.5,3438.391,220842756.0492,1
BYBIT,BTCUSDT,240,1783800000000,64265.5,64442.0,63762.6,63782.3,5473.896,350633853.1091,1
BYBIT,BTCUSDT,240,1783814400000,63782.3,64192.0,63660.0,64192.0,5998.619,383602565.2963,1
BYBIT,BTCUSDT,240,1783828800000,64192.0,64219.9,63594.3,63857.4,7331.015,468182505.4759,1
BYBIT,BTCUSDT,240,1783843200000,63857.4,64076.7,63730.3,63983.0,4359.37,278650455.1594,1
BYBIT,BTCUSDT,240,1783857600000,63983.0,64282.2,63928.1,64150.0,3898.153,249846747.5433,1
BYBIT,BTCUSDT,240,1783872000000,64150.0,64250.0,63975.0,64205.4,2858.11,183171408.1135,1
BYBIT,BTCUSDT,240,1783886400000,64205.4,64234.5,63625.1,63745.0,6168.084,393883089.1592,1
BYBIT,BTCUSDT,240,1783900800000,63745.0,64412.0,62700.0,62779.0,21309.857,1353289729.6161,1
BYBIT,BTCUSDT,240,1783915200000,62779.0,63031.7,62394.5,62947.9,11955.75,750242883.6123,1
BYBIT,BTCUSDT,240,1783929600000,62947.9,63249.7,62811.4,62878.7,8372.131,527590249.8482,1
BYBIT,BTCUSDT,240,1783944000000,62878.7,62969.6,62073.0,62584.9,19589.301,1225050268.7182,1
BYBIT,BTCUSDT,240,1783958400000,62584.9,62606.5,61777.6,62253.3,12716.58,789807056.2286,1
BYBIT,BTCUSDT,240,1783972800000,62253.3,62328.4,61848.0,62311.4,7199.438,447132242.6726,1
BYBIT,BTCUSDT,240,1783987200000,62311.4,62652.5,62235.4,62545.8,8527.22,532740153.3973,1
BYBIT,BTCUSDT,240,1784001600000,62545.8,62861.8,62480.6,62521.9,6246.065,391469027.4609,1
BYBIT,BTCUSDT,240,1784016000000,62521.9,62900.0,62464.0,62812.3,4898.792,307147498.0322,1
BYBIT,BTCUSDT,240,1784030400000,62812.3,65000.0,62755.0,64739.7,41047.988,2623837335.2403,1
BYBIT,BTCUSDT,240,1784044800000,64739.7,64882.1,64251.0,64550.9,12412.85,801934018.5416,1
BYBIT,BTCUSDT,240,1784059200000,64550.9,65084.1,64388.5,65013.4,8557.544,554318810.4397,1
BYBIT,BTCUSDT,240,1784073600000,65013.4,65037.0,64460.9,64765.2,5607.93,362789750.5367,1
BYBIT,BTCUSDT,240,1784088000000,64765.2,65273.7,64449.1,64524.0,10954.117,710286053.2386,1
BYBIT,BTCUSDT,240,1784102400000,64524.0,64894.2,64524.0,64702.4,4735.025,306335394.5331,1
BYBIT,BTCUSDT,240,1784116800000,64702.4,65566.6,64574.4,65384.9,22023.015,1436034697.4412,1
BYBIT,BTCUSDT,240,1784131200000,65384.9,65428.0,64687.6,64951.6,9961.406,647381053.1349,1
BYBIT,BTCUSDT,240,1784145600000,64951.6,65037.4,64641.5,64717.1,3506.693,227378396.7753,1
BYBIT,BTCUSDT,240,1784160000000,64717.1,64821.6,64337.9,64589.0,6049.674,390767822.4638,1
BYBIT,BTCUSDT,240,1784174400000,64589.0,64974.7,64051.2,64197.9,7686.273,496060202.739,1
BYBIT,BTCUSDT,240,1784188800000,64197.9,64333.0,63848.7,64218.1,8387.44,537602090.411,1
BYBIT,BTCUSDT,240,1784203200000,64218.1,64878.4,63824.0,64675.3,16680.663,1074632125.8303,1
BYBIT,BTCUSDT,240,1784217600000,64675.3,64687.9,63952.6,64236.0,9312.307,598429762.4763,1
BYBIT,BTCUSDT,240,1784232000000,64236.0,64248.0,63701.8,63795.3,4694.7,300286083.5189,1
BYBIT,BTCUSDT,240,1784246400000,63795.3,64033.2,63351.2,63537.9,9843.575,626421740.4993,1
BYBIT,BTCUSDT,240,1784260800000,63537.9,63556.4,62673.1,62791.6,16299.787,1026869489.3392,1
BYBIT,BTCUSDT,240,1784275200000,62791.6,63331.0,62609.7,63265.9,9721.301,612252608.7628,1
BYBIT,BTCUSDT,240,1784289600000,63265.9,63498.9,62502.0,63443.3,23024.529,1451287917.9374,1
BYBIT,BTCUSDT,240,1784304000000,63443.3,64360.0,63277.4,64120.7,16519.795,1055858891.1,1
BYBIT,BTCUSDT,240,1784318400000,64120.7,64189.8,63853.0,63911.1,3827.784,245050252.6428,1
BYBIT,BTCUSDT,240,1784332800000,63911.1,64012.7,63858.7,63988.1,1618.915,103493687.0606,1
BYBIT,BTCUSDT,240,1784347200000,63988.1,63994.5,63894.0,63974.3,1386.911,88699708.4793,1
BYBIT,BTCUSDT,240,1784361600000,63974.3,64060.0,63902.0,64026.1,1270.349,81261304.2657,1
BYBIT,BTCUSDT,240,1784376000000,64026.1,64232.6,63926.1,64091.0,3540.425,226877915.607,1
BYBIT,BTCUSDT,240,1784390400000,64091.0,64650.5,64054.1,64525.2,7182.893,462516525.09,1
BYBIT,BTCUSDT,240,1784404800000,64525.2,64847.1,64473.4,64806.0,6480.286,419281964.4253,1
BYBIT,BTCUSDT,240,1784419200000,64806.0,64948.0,64595.7,64689.0,4411.141,285687009.8432,1
BYBIT,BTCUSDT,240,1784433600000,64689.0,64794.5,64587.8,64696.0,3409.003,220503623.1294,1
BYBIT,BTCUSDT,240,1784448000000,64696.0,64729.4,64410.0,64446.4,4062.994,262344037.1084,1
BYBIT,BTCUSDT,240,1784462400000,64446.4,64641.7,64250.0,64548.0,4655.83,299974547.1289,1
BYBIT,BTCUSDT,240,1784476800000,64548.0,64734.1,64224.3,64432.2,4884.623,314985473.8105,1
BYBIT,BTCUSDT,240,1784491200000,64432.2,64880.4,64313.0,64698.2,5894.515,380727114.5269,1
BYBIT,BTCUSDT,240,1784505600000,64698.2,65100.0,64372.3,64842.1,10582.192,685613147.9146,1
BYBIT,BTCUSDT,240,1784520000000,64842.1,64844.4,63678.8,64247.2,12335.953,790653111.3678,1
BYBIT,BTCUSDT,240,1784534400000,64247.2,65053.9,63802.6,64975.9,11743.623,756446869.9972,1
BYBIT,BTCUSDT,240,1784548800000,64975.9,65718.0,64030.0,65573.8,21532.944,1396000921.0546,1
BYBIT,BTCUSDT,240,1784563200000,65573.8,65769.3,65013.1,65117.5,12996.08,849921879.9626,1
BYBIT,BTCUSDT,240,1784577600000,65117.5,65423.5,65025.3,65221.1,4857.978,316825755.3662,1
BYBIT,BTCUSDT,240,1784592000000,65221.1,65636.7,65114.0,65537.9,6760.838,442072964.0484,1
BYBIT,BTCUSDT,240,1784606400000,65537.9,66244.9,65446.2,66163.9,11220.682,738702867.009,1
BYBIT,BTCUSDT,240,1784620800000,66163.9,66394.0,66109.4,66320.1,8538.899,565692202.6393,1
BYBIT,BTCUSDT,240,1784635200000,66320.1,66937.7,66236.1,66640.4,16835.92,1121809130.1873,1
BYBIT,BTCUSDT,240,1784649600000,66640.4,66733.7,66026.0,66411.1,9528.847,632153388.4653,1
BYBIT,BTCUSDT,240,1784664000000,66411.1,66546.7,66170.7,66524.0,3635.508,241205219.215,1
BYBIT,BTCUSDT,240,1784678400000,66524.0,66709.5,66136.7,66175.4,5233.336,347650135.7496,1
BYBIT,BTCUSDT,240,1784692800000,66175.4,66402.9,65666.6,65812.3,8515.307,561729232.0525,1
BYBIT,BTCUSDT,240,1784707200000,65812.3,66131.8,65810.3,65987.3,6228.914,410901183.9845,1
BYBIT,BTCUSDT,240,1784721600000,65987.3,66175.4,65509.8,66008.2,14537.799,956683568.5625,1
BYBIT,BTCUSDT,240,1784736000000,66008.2,66364.7,65647.8,65883.7,8521.88,562637181.0749,1
BYBIT,BTCUSDT,240,1784750400000,65883.7,66100.0,65757.8,66080.8,4120.253,271714560.5448,1
BYBIT,BTCUSDT,240,1784764800000,66080.8,66285.5,65536.8,65621.7,6200.359,408437525.2094,1
BYBIT,BTCUSDT,240,1784779200000,65621.7,65784.7,65314.9,65402.7,6227.678,408075049.1786,1
BYBIT,BTCUSDT,240,1784793600000,65402.7,65756.7,65369.7,65530.1,4349.376,285403946.9435,1
BYBIT,BTCUSDT,240,1784808000000,65530.1,65558.1,64684.0,64927.2,18377.606,1195020500.4322,1
BYBIT,BTCUSDT,240,1784822400000,64927.2,64932.2,64581.8,64819.5,7468.892,483693649.712,1
BYBIT,BTCUSDT,240,1784836800000,64819.5,65198.3,64805.2,65065.8,6135.541,399301027.3987,1
BYBIT,BTCUSDT,240,1784851200000,65065.8,65442.3,64712.8,65419.9,7471.44,486199641.1944,1
BYBIT,BTCUSDT,240,1784865600000,65419.9,65784.7,65207.7,65472.8,7877.268,515837936.5441,1
BYBIT,BTCUSDT,240,1784880000000,65472.8,65488.0,64815.1,65047.8,7229.031,470519781.3413,1
BYBIT,BTCUSDT,240,1784894400000,65047.8,65109.8,63700.7,64059.8,29661.803,1903665139.233,1
BYBIT,BTCUSDT,240,1784908800000,64059.8,64255.1,63845.0,64192.3,6057.446,388077330.739,1
BYBIT,BTCUSDT,240,1784923200000,64192.3,64249.7,64081.0,64113.0,2511.885,161118213.8114,1
BYBIT,BTCUSDT,240,1784937600000,64113.0,64145.0,63975.0,64044.3,2481.467,158909067.7793,1
BYBIT,BTCUSDT,240,1784952000000,64044.3,64171.9,63910.0,63967.6,2397.38,153492099.5259,1
BYBIT,BTCUSDT,240,1784966400000,63967.6,64072.0,63750.1,64029.1,3797.371,242637573.3594,1
BYBIT,BTCUSDT,240,1784980800000,64029.1,64241.2,63996.0,64145.5,2455.633,157505190.9958,1
BYBIT,BTCUSDT,240,1784995200000,64145.5,64422.4,64075.6,64355.3,4048.19,260235084.8378,1
BYBIT,BTCUSDT,240,1785009600000,64355.3,64406.7,64215.9,64335.1,2347.872,151027231.6917,1
BYBIT,BTCUSDT,240,1785024000000,64335.1,64550.9,64313.1,64516.0,2305.673,148621370.8829,1
BYBIT,BTCUSDT,240,1785038400000,64516.0,64568.9,64256.8,64342.3,2992.859,192714733.6712,1
BYBIT,BTCUSDT,240,1785052800000,64342.3,64550.0,64318.1,64479.7,2273.044,146536909.7474,1
BYBIT,BTCUSDT,240,1785067200000,64479.7,64800.0,64375.6,64733.1,6266.968,405028592.9569,1
BYBIT,BTCUSDT,240,1785081600000,64733.1,64912.0,64634.7,64667.5,3558.029,230383245.3603,1
BYBIT,BTCUSDT,240,1785096000000,64667.5,65559.4,64601.6,65376.0,10288.893,670759848.6052,1
BYBIT,BTCUSDT,240,1785110400000,65376.0,65398.1,64868.1,65259.3,6093.855,396975094.4145,1
BYBIT,BTCUSDT,240,1785124800000,65259.3,65749.2,65183.9,65201.4,7436.033,486488779.715,1
BYBIT,BTCUSDT,240,1785139200000,65201.4,65406.2,65051.2,65072.6,4891.661,318978268.2692,1
BYBIT,BTCUSDT,240,1785153600000,65072.6,65692.9,64374.1,64514.6,22499.194,1461759667.2212,1
BYBIT,BTCUSDT,240,1785168000000,64514.6,65069.6,64476.4,64946.7,7622.76,494223978.3716,1
BYBIT,BTCUSDT,240,1785182400000,64946.7,65025.1,63565.0,63724.5,13889.316,889328642.7795,1
BYBIT,BTCUSDT,240,1785196800000,63724.5,63793.6,63023.1,63310.3,13866.646,878160453.6227,1
BYBIT,BTCUSDT,240,1785211200000,63310.3,63630.0,63183.4,63465.8,6198.336,393255028.2789,1
BYBIT,BTCUSDT,240,1785225600000,63465.8,63567.5,63250.1,63427.3,6755.86,428442195.5192,1
BYBIT,BTCUSDT,240,1785240000000,63427.3,64048.7,62707.4,63899.8,23112.764,1464200410.6124,1
BYBIT,BTCUSDT,240,1785254400000,63899.8,64087.5,63471.3,63872.3,8519.175,543281230.1766,1
BYBIT,BTCUSDT,240,1785268800000,63872.3,64047.8,63525.0,63901.7,6901.469,440455796.3928,1
BYBIT,BTCUSDT,240,1785283200000,63901.7,64174.2,63622.4,63719.9,7645.014,488490569.4172,1
BYBIT,BTCUSDT,240,1785297600000,63719.9,64540.8,63557.2,64537.9,8440.739,541554601.1871,1
BYBIT,BTCUSDT,240,1785312000000,64537.9,64721.3,64240.0,64484.7,8064.574,520169208.2274,1
BYBIT,BTCUSDT,240,1785326400000,64484.7,64690.3,63860.2,63941.4,15121.267,971273209.9467,1
BYBIT,BTCUSDT,240,1785340800000,63941.4,64733.0,63464.8,63556.1,28509.624,1827474776.3411,1
BYBIT,BTCUSDT,240,1785355200000,63556.1,64098.8,63176.0,63952.6,12052.917,767285865.4275,1
BYBIT,BTCUSDT,240,1785369600000,63952.6,64390.0,63580.0,64141.4,7448.58,477021710.3052,1
BYBIT,BTCUSDT,240,1785384000000,64141.4,64166.0,63879.9,63984.1,4494.086,287717863.7645,1
BYBIT,BTCUSDT,240,1785398400000,63984.1,64868.6,63950.0,64758.0,8494.913,547994011.6214,1
BYBIT,BTCUSDT,240,1785412800000,64758.0,65186.3,64569.3,64700.0,13457.855,872625124.9876,1
BYBIT,BTCUSDT,240,1785427200000,64700.0,64965.0,64654.3,64776.5,4202.061,272336082.9763,1
BYBIT,BTCUSDT,240,1785441600000,64776.5,65080.0,64635.3,64751.1,6959.797,451454276.1682,1
BYBIT,BTCUSDT,240,1785456000000,64751.1,65391.6,64139.3,64334.4,14229.458,919948650.4847,1
BYBIT,BTCUSDT,240,1785470400000,64334.4,64458.0,63785.4,63905.1,9021.045,578736744.4391,1
BYBIT,BTCUSDT,240,1785484800000,63905.1,63982.8,63567.3,63773.3,8359.242,533337122.4749,1
BYBIT,BTCUSDT,240,1785499200000,63773.3,63801.0,62384.9,62691.0,30001.68,1887687707.9374,1
BYBIT,BTCUSDT,240,1785513600000,62691.0,63268.2,62677.0,62939.3,8789.04,553640198.7656,1
BYBIT,BTCUSDT,240,1785528000000,62939.3,63030.0,62804.4,62857.8,3551.007,223477094.3887,1
BYBIT,BTCUSDT,240,1785542400000,62857.8,63070.0,62856.6,62974.2,2471.031,155601795.5781,1
BYBIT,BTCUSDT,240,1785556800000,62974.2,63110.3,62963.0,63011.1,1699.181,107105297.6863,1
BYBIT,BTCUSDT,240,1785571200000,63011.1,63118.3,62950.4,63049.0,1752.842,110509435.2722,1
BYBIT,BTCUSDT,240,1785585600000,63049.0,63109.5,62968.0,62972.7,1608.332,101426741.8471,1
BYBIT,BTCUSDT,240,1785600000000,62972.7,62999.6,62240.0,62496.8,11128.981,696373432.4029,1
BYBIT,BTCUSDT,240,1785614400000,62496.8,62843.3,62453.3,62790.3,4026.862,252511703.7727,1
BYBIT,BTCUSDT,240,1785628800000,62790.3,63550.5,62782.1,63439.9,11164.013,706147291.8877,1
BYBIT,BTCUSDT,240,1785643200000,63439.9,63617.2,63376.6,63469.1,3669.961,232950342.2569,1
BYBIT,BTCUSDT,240,1785657600000,63469.1,63508.1,62953.0,62999.8,6664.705,421340132.3047,1
BYBIT,BTCUSDT,240,1785672000000,62999.8,63217.1,62970.0,63074.8,3335.049,210427201.8355,1
BYBIT,BTCUSDT,240,1785686400000,63074.8,63590.0,63030.1,63424.9,4407.599,279073440.8096,1
BYBIT,BTCUSDT,240,1785700800000,63424.9,63770.0,63304.8,63545.9,6677.529,424159691.6896,1
BYBIT,BTCUSDT,240,1785715200000,63545.9,63574.4,62741.8,62830.0,6897.127,435440509.0341,1
BYBIT,BTCUSDT,240,1785729600000,62830.0,62968.3,62500.0,62591.5,7909.192,496061402.6259,1
BYBIT,BTCUSDT,240,1785744000000,62591.5,62832.0,62266.6,62533.9,10271.0,642734267.146,1
BYBIT,BTCUSDT,240,1785758400000,62533.9,63970.0,62404.4,63661.8,28140.917,1781799012.8867,1
BYBIT,BTCUSDT,240,1785772800000,63661.8,64067.8,63624.2,63838.2,8442.617,539119854.7542,1
BYBIT,BTCUSDT,240,1785787200000,63838.2,64000.0,63361.2,63504.0,6158.074,391819750.8497,1
BYBIT,BTCUSDT,240,1785801600000,63504.0,63964.5,63286.4,63776.3,8434.264,536961857.667,1
BYBIT,BTCUSDT,240,1785816000000,63776.3,64230.0,63474.7,63662.7,9513.254,607709830.2623,1
BYBIT,BTCUSDT,240,1785830400000,63662.7,63920.0,63423.9,63891.1,5733.39,364947185.6832,1
BYBIT,BTCUSDT,240,1785844800000,63891.1,64269.1,63581.5,64095.0,14991.106,958490699.5916,1
BYBIT,BTCUSDT,240,1785859200000,64095.0,64388.3,63857.6,64206.0,8228.251,527987614.9079,1
BYBIT,BTCUSDT,240,1785873600000,64206.0,64500.0,63977.0,64076.5,8399.387,539564449.8807,1
BYBIT,BTCUSDT,240,1785888000000,64076.5,64488.0,63918.5,64153.9,9273.331,595240530.9915,1
BYBIT,BTCUSDT,240,1785902400000,64153.9,64500.0,63958.7,64141.4,6327.017,406335970.6833,1
BYBIT,BTCUSDT,240,1785916800000,64141.4,64262.4,63984.0,64045.0,4065.196,260656786.1984,1
BYBIT,BTCUSDT,240,1785931200000,64045.0,64717.5,63850.0,64352.0,26372.927,1696837684.874,1
BYBIT,BTCUSDT,240,1785945600000,64352.0,64912.3,64352.0,64806.4,8551.881,553344301.7748,1
BYBIT,BTCUSDT,240,1785960000000,64806.4,65000.0,64543.8,64627.3,7497.4,485725697.8926,1
BYBIT,BTCUSDT,240,1785974400000,64627.3,64691.0,64405.0,64493.9,4204.001,271328863.6457,1
BYBIT,BTCUSDT,240,1785988800000,64493.9,64980.0,64462.5,64791.2,5849.288,379094021.6123,1
BYBIT,BTCUSDT,240,1786003200000,64791.2,64977.0,64471.4,64591.8,7314.907,473249356.8756,1
BYBIT,BTCUSDT,240,1786017600000,64591.8,64961.0,64137.1,64600.7,17551.227,1132447313.6741,1
BYBIT,BTCUSDT,240,1786032000000,64600.7,64807.7,64315.7,64412.4,5876.467,379218861.0184,1
BYBIT,BTCUSDT,240,1786046400000,64412.4,64502.3,64155.0,64288.4,4133.068,265934372.9037,1
BYBIT,BTCUSDT,240,1786060800000,64288.4,64528.4,64191.7,64257.1,6009.453,386552562.466,1
BYBIT,BTCUSDT,240,1786075200000,64257.1,64435.3,64112.0,64288.8,6561.709,421823194.6955,1
BYBIT,BTCUSDT,240,1786089600000,64288.8,65198.3,64266.4,65001.8,14903.419,966218065.5172,1
BYBIT,BTCUSDT,240,1786104000000,65001.8,65366.8,64751.9,64889.9,21625.757,1407777235.1783,1
BYBIT,BTCUSDT,240,1786118400000,64889.9,65050.0,64494.7,64922.5,9245.032,598612934.2343,1
BYBIT,BTCUSDT,240,1786132800000,64922.5,65080.0,64800.7,64883.1,2594.304,168435454.1027,1
BYBIT,BTCUSDT,240,1786147200000,64883.1,65048.9,64773.4,64998.7,2414.18,156693441.1984,1
BYBIT,BTCUSDT,240,1786161600000,64998.7,65034.8,64919.5,64934.4,1338.992,86991154.538,1
BYBIT,BTCUSDT,240,1786176000000,64934.4,65022.5,64915.2,64930.5,1412.619,91765920.5887,1
BYBIT,BTCUSDT,240,1786190400000,64930.5,65175.3,64880.0,65043.1,3186.511,207275042.606,1
BYBIT,BTCUSDT,240,1786204800000,65043.1,65129.3,64975.4,65036.9,1455.184,94643939.4075,1
BYBIT,BTCUSDT,240,1786219200000,65036.9,65060.4,64896.7,64929.4,1240.856,80621035.7719,1
BYBIT,BTCUSDT,240,1786233600000,64929.4,64974.8,64694.4,64758.4,3279.419,212567911.7643,1
BYBIT,BTCUSDT,240,1786248000000,64758.4,64830.7,64741.6,64792.4,1966.367,127409047.0643,1
BYBIT,BTCUSDT,240,1786262400000,64792.4,64979.9,64761.0,64921.7,2819.117,182913627.1401,1
BYBIT,BTCUSDT,240,1786276800000,64921.7,65282.3,64863.4,65203.0,6060.512,394741919.6984,1
BYBIT,BTCUSDT,240,1786291200000,65203.0,65238.8,65146.0,65154.1,1395.57,90979327.7022,1
BYBIT,BTCUSDT,240,1786305600000,65154.1,65547.0,64801.1,64863.5,8436.613,549665695.6129,1
BYBIT,BTCUSDT,240,1786320000000,64863.5,65372.7,64791.0,64948.7,8383.758,545314767.7288,1
BYBIT,BTCUSDT,240,1786334400000,64948.7,65344.9,64892.7,65183.8,4081.895,265988289.9842,1
BYBIT,BTCUSDT,240,1786348800000,65183.8,65300.0,64924.2,65100.3,4725.418,307535278.451,1
BYBIT,BTCUSDT,240,1786363200000,65100.3,65215.8,64142.2,64256.0,23441.475,1512619502.9148,1
BYBIT,BTCUSDT,240,1786377600000,64256.0,64326.5,63779.2,64020.0,15833.003,1013021471.2986,1
BYBIT,BTCUSDT,240,1786392000000,64020.0,64174.4,63880.8,63946.8,3573.051,228743438.2982,1
BYBIT,BTCUSDT,240,1786406400000,63946.8,64154.4,63855.9,64112.5,3169.613,202861101.8084,1
BYBIT,BTCUSDT,240,1786420800000,64112.5,64128.9,63804.1,64034.9,3962.71,253493101.3939,1
BYBIT,BTCUSDT,240,1786435200000,64034.9,64376.7,64011.4,64350.0,5357.438,344071105.1823,1
BYBIT,BTCUSDT,240,1786449600000,64350.0,64486.3,63395.2,63580.7,19434.475,1241519694.5537,1
BYBIT,BTCUSDT,240,1786464000000,63580.7,63643.8,63183.1,63503.3,11029.08,699529675.0157,1
BYBIT,BTCUSDT,240,1786478400000,63503.3,63744.5,63503.3,63560.5,7118.132,452953828.8118,1
BYBIT,BTCUSDT,240,1786492800000,63560.5,63879.1,63494.2,63800.0,4322.057,275472547.8192,1
BYBIT,BTCUSDT,240,1786507200000,63800.0,63867.7,63570.1,63800.3,4445.19,283222967.9731,1
BYBIT,BTCUSDT,240,1786521600000,63800.3,64224.2,63738.5,64209.8,8339.366,533907600.9904,1
BYBIT,BTCUSDT,240,1786536000000,64209.8,64477.0,63280.0,63413.0,24699.783,1577237098.2847,1
BYBIT,BTCUSDT,240,1786550400000,63413.0,63546.0,63260.1,63396.0,5521.354,350130627.3514,1
BYBIT,BTCUSDT,240,1786564800000,63396.0,63633.0,63330.0,63450.8,4130.381,262114558.7614,1
BYBIT,BTCUSDT,240,1786579200000,63450.8,63690.0,63341.7,63622.1,5318.005,337848054.4562,1
BYBIT,BTCUSDT,240,1786593600000,63622.1,63994.4,63563.0,63838.0,6865.3,438068766.9579,1
BYBIT,BTCUSDT,240,1786608000000,63838.0,63887.8,63317.5,63459.7,9006.882,572801395.3218,1
BYBIT,BTCUSDT,240,1786622400000,63459.7,63975.7,63386.0,63386.0,11671.243,743497217.3077,1
BYBIT,BTCUSDT,240,1786636800000,63386.0,63548.0,62810.5,63388.5,18121.185,1145001627.6242,1
BYBIT,BTCUSDT,240,1786651200000,63388.5,63617.0,63337.4,63461.9,4574.563,290347913.7517,1
BYBIT,BTCUSDT,240,1786665600000,63461.9,63597.6,63268.0,63288.2,3927.181,249231117.4696,1
BYBIT,BTCUSDT,240,1786680000000,63288.2,63451.5,62870.1,62870.2,9983.412,629791579.9326,1
BYBIT,BTCUSDT,240,1786694400000,62870.2,62953.8,62651.0,62834.7,11657.216,732113398.7277,1
BYBIT,BTCUSDT,240,1786708800000,62834.7,63058.2,62505.1,62952.3,12783.858,801842270.565,1
BYBIT,BTCUSDT,240,1786723200000,62952.3,63218.0,62796.3,62935.4,7707.987,485853954.3896,1
BYBIT,BTCUSDT,240,1786737600000,62935.4,63040.0,62761.8,63018.5,2685.33,168893080.0323,1
BYBIT,BTCUSDT,240,1786752000000,63018.5,63159.9,62961.1,63026.1,2032.52,128124141.823,1
BYBIT,BTCUSDT,240,1786766400000,63026.1,63129.4,63000.8,63047.1,1745.888,110095850.9654,1
BYBIT,BTCUSDT,240,1786780800000,63047.1,63056.0,62883.3,62989.9,2009.994,126576013.7919,1
BYBIT,BTCUSDT,240,1786795200000,62989.9,63099.7,62914.5,63065.7,1777.069,111970142.116,1
BYBIT,BTCUSDT,240,1786809600000,63065.7,63095.2,63000.1,63095.2,1120.337,70640828.5936,1
BYBIT,BTCUSDT,240,1786824000000,63095.2,63146.0,63041.6,63059.2,1266.25,79898300.5177,1
BYBIT,BTCUSDT,240,1786838400000,63059.2,63126.3,62970.1,63098.1,1888.294,119048284.9761,1
BYBIT,BTCUSDT,240,1786852800000,63098.1,63130.4,63003.8,63027.4,1031.016,65000340.1815,1
BYBIT,BTCUSDT,240,1786867200000,63027.4,63040.1,62930.2,62987.0,1315.438,82847157.0729,1
BYBIT,BTCUSDT,240,1786881600000,62987.0,63116.8,62959.0,63111.0,1215.058,76612368.6028,1
BYBIT,BTCUSDT,240,1786896000000,63111.0,63366.0,63056.9,63075.8,4207.757,265961499.406,1
BYBIT,BTCUSDT,240,1786910400000,63075.8,63112.6,62676.4,62873.2,5424.207,341011126.873,1
BYBIT,BTCUSDT,240,1786924800000,62873.2,63500.0,62711.4,63399.9,9148.644,578003330.7636,1
BYBIT,BTCUSDT,240,1786939200000,63399.9,63715.8,63399.9,63502.0,9606.49,610348736.7427,1
BYBIT,BTCUSDT,240,1786953600000,63502.0,63766.4,63270.1,63594.9,8325.071,528660017.1118,1
BYBIT,BTCUSDT,240,1786968000000,63594.9,64197.1,63411.0,64171.2,15147.915,966277021.2071,1
BYBIT,BTCUSDT,240,1786982400000,64171.2,64664.0,63939.1,64275.1,14885.214,957000271.3434,1
BYBIT,BTCUSDT,240,1786996800000,64275.1,64548.0,64231.0,64498.1,4322.793,278222095.9007,1
BYBIT,BTCUSDT,240,1787011200000,64498.1,64535.9,64007.6,64144.2,5978.688,383764971.3149,1
BYBIT,BTCUSDT,240,1787025600000,64144.2,64430.4,64055.0,64172.0,5601.377,359747091.4089,1
BYBIT,BTCUSDT,240,1787040000000,64172.0,64377.0,64051.3,64323.1,3810.096,244664402.8105,1
BYBIT,BTCUSDT,240,1787054400000,64323.1,65041.7,64017.8,64832.4,18481.845,1193661591.2246,1
BYBIT,BTCUSDT,240,1787068800000,64832.4,64868.7,64610.5,64617.0,5839.721,378014297.0562,1
BYBIT,BTCUSDT,240,1787083200000,64617.0,64757.9,64530.7,64693.2,3292.61,212724687.2503,1
BYBIT,BTCUSDT,240,1787097600000,64693.2,64710.1,64241.9,64293.5,6645.788,428078327.1567,1
BYBIT,BTCUSDT,240,1787112000000,64293.5,64380.0,64136.0,64271.0,5244.909,337085022.5957,1
BYBIT,BTCUSDT,240,1787126400000,64271.0,64510.9,64215.6,64479.0,4597.165,296028926.8209,1
BYBIT,BTCUSDT,240,1787140800000,64479.0,69893.2,64437.4,68523.3,85688.957,5722159698.0331,1
BYBIT,BTCUSDT,240,1787155200000,68523.3,69000.0,67792.4,68399.9,22353.639,1527956700.1123,1
BYBIT,BTCUSDT,240,1787169600000,68399.9,70052.6,68350.7,69305.0,27487.188,1905624881.7364,1
BYBIT,BTCUSDT,240,1787184000000,69305.0,69899.5,68875.0,69173.8,12439.208,863541071.2633,1
BYBIT,BTCUSDT,240,1787198400000,69173.8,70018.0,69145.6,69820.2,10739.551,747681066.2043,1
BYBIT,BTCUSDT,240,1787212800000,69820.2,72516.8,69777.1,71884.6,41352.544,2959405765.2953,1
BYBIT,BTCUSDT,240,1787227200000,71884.6,72825.6,71028.8,72432.8,28289.074,2033356059.6779,1
BYBIT,BTCUSDT,240,1787241600000,72432.8,72947.5,72167.0,72648.1,13275.127,963485391.5155,1
BYBIT,BTCUSDT,240,1787256000000,72648.1,73399.7,72439.7,72992.3,12013.747,875931095.3463,1
BYBIT,BTCUSDT,240,1787270400000,72992.3,75750.0,72987.5,74482.8,30881.048,2300371992.3407,1
BYBIT,BTCUSDT,240,1787284800000,74482.8,76913.0,74482.8,76312.4,26842.548,2033668504.812,1
BYBIT,BTCUSDT,240,1787299200000,76312.4,79559.2,76260.7,76753.7,52025.807,4045475450.6273,1
BYBIT,BTCUSDT,240,1787313600000,76753.7,77896.3,76219.0,77224.7,22045.2,1699924470.9537,1
BYBIT,BTCUSDT,240,1787328000000,77224.7,77704.1,76602.8,76985.9,11030.663,851122613.5577,1
BYBIT,BTCUSDT,240,1787342400000,76985.9,78751.9,76796.3,78307.5,14198.265,1109221364.8606,1
BYBIT,BTCUSDT,240,1787356800000,78307.5,78826.9,77621.5,78387.6,9471.216,740829662.7027,1
BYBIT,BTCUSDT,240,1787371200000,78387.6,78800.0,76451.4,77278.0,19707.487,1525325212.6232,1
BYBIT,BTCUSDT,240,1787385600000,77278.0,77424.2,76511.1,77126.3,9409.658,724727953.6205,1
BYBIT,BTCUSDT,240,1787400000000,77126.3,77376.3,76853.8,76980.4,4320.524,333254364.782,1
BYBIT,BTCUSDT,240,1787414400000,76980.4,77564.3,76960.4,77410.2,4674.404,361310087.2713,1
BYBIT,BTCUSDT,240,1787428800000,77410.2,77463.0,76755.8,77073.5,3993.196,307725612.742,1
BYBIT,BTCUSDT,240,1787443200000,77073.5,77427.8,76820.6,76932.6,4322.896,333483937.3124,1
BYBIT,BTCUSDT,240,1787457600000,76932.6,77041.9,75550.0,76016.4,14788.472,1127692129.9016,1
BYBIT,BTCUSDT,240,1787472000000,76016.4,77400.0,75959.2,77292.2,9107.296,699109485.925,1
BYBIT,BTCUSDT,240,1787486400000,77292.2,77803.9,76698.3,77128.1,11386.05,879740802.2947,1
BYBIT,BTCUSDT,240,1787500800000,77128.1,77512.4,77074.1,77314.1,4500.899,347805118.9869,1
BYBIT,BTCUSDT,240,1787515200000,77314.1,78044.4,77161.9,77712.6,7862.389,610619406.6218,1
BYBIT,BTCUSDT,240,1787529600000,77712.6,77724.4,76836.6,76927.1,8639.719,667548794.0413,1
BYBIT,BTCUSDT,240,1787544000000,76927.1,77777.0,76606.9,77309.2,8226.174,634938316.8519,1
BYBIT,BTCUSDT,240,1787558400000,77309.2,78595.6,76800.1,78416.8,15633.297,1216457022.0488,1
BYBIT,BTCUSDT,240,1787572800000,78416.8,79979.2,77733.5,79057.5,37002.222,2924307878.6997,1
BYBIT,BTCUSDT,240,1787587200000,79057.5,79838.6,78369.9,78704.0,18591.499,1468133499.3337,1
BYBIT,BTCUSDT,240,1787601600000,78704.0,79016.9,78510.6,78953.1,5660.473,446093971.224,1
BYBIT,BTCUSDT,240,1787616000000,78953.1,81260.0,78675.4,80450.8,20879.911,1676032574.077,1
BYBIT,BTCUSDT,240,1787630400000,80450.8,80898.0,79261.0,79667.1,11509.734,923918204.0561,1
BYBIT,BTCUSDT,240,1787644800000,79667.1,80210.0,78831.4,79092.0,12188.36,968704172.6678,1
BYBIT,BTCUSDT,240,1787659200000,79092.0,79503.4,78041.5,79467.2,21817.819,1720354161.7819,1
BYBIT,BTCUSDT,240,1787673600000,79467.2,79548.0,78664.1,78881.9,9156.046,723856897.1665,1
BYBIT,BTCUSDT,240,1787688000000,78881.9,78971.1,77800.0,78498.1,15409.938,1209064599.7917,1
BYBIT,BTCUSDT,240,1787702400000,78498.1,79220.0,78239.8,79050.0,7332.736,577478478.9592,1
BYBIT,BTCUSDT,240,1787716800000,79050.0,79179.6,78588.6,78884.1,5830.058,460184432.5957,1
BYBIT,BTCUSDT,240,1787731200000,78884.1,79097.6,78190.1,78434.6,8027.568,630729012.474,1
BYBIT,BTCUSDT,240,1787745600000,78434.6,78679.1,77553.4,77978.6,17577.141,1373508800.0519,1
BYBIT,BTCUSDT,240,1787760000000,77978.6,78632.3,77805.4,78422.6,8161.541,638982785.332,1
BYBIT,BTCUSDT,240,1787774400000,78422.6,79142.3,78149.9,78989.8,6568.996,516951310.0785,1
BYBIT,BTCUSDT,240,1787788800000,78989.8,79000.0,78500.0,78792.4,4848.682,382018398.1712,1
BYBIT,BTCUSDT,240,1787803200000,78792.4,79072.5,78558.0,79043.4,4811.832,378968217.6545,1
BYBIT,BTCUSDT,240,1787817600000,79043.4,80499.0,79010.4,79446.1,18601.464,1483663558.5625,1
BYBIT,BTCUSDT,240,1787832000000,79446.1,80807.0,78877.3,80260.0,20088.423,1605715907.6658,1
BYBIT,BTCUSDT,240,1787846400000,80260.0,80819.0,79700.5,79868.5,12731.747,1022269054.2487,1
BYBIT,BTCUSDT,240,1787860800000,79868.5,80407.0,79829.1,80209.3,4525.029,362503573.0562,1
BYBIT,BTCUSDT,240,1787875200000,80209.3,81499.9,79610.2,79774.2,14608.701,1175349153.9198,1
BYBIT,BTCUSDT,240,1787889600000,79774.2,79966.7,79491.1,79644.9,7029.483,560318847.8348,1
BYBIT,BTCUSDT,240,1787904000000,79644.9,79821.9,78951.9,79559.8,9750.719,774527308.4526,1
BYBIT,BTCUSDT,240,1787918400000,79559.8,79848.9,78240.9,78285.0,28716.15,2270230996.9847,1
BYBIT,BTCUSDT,240,1787932800000,78285.0,78369.4,76824.3,77547.7,26358.809,2047203866.8014,1
BYBIT,BTCUSDT,240,1787947200000,77547.7,77813.3,77213.7,77809.8,5758.687,446439555.8746,1
BYBIT,BTCUSDT,240,1787961600000,77809.8,77920.0,77461.1,77467.7,4346.525,337732678.9699,1
BYBIT,BTCUSDT,240,1787976000000,77467.7,77683.0,77342.5,77574.8,3300.53,255845755.1802,1
BYBIT,BTCUSDT,240,1787990400000,77574.8,77725.0,77438.3,77560.8,2585.462,200610064.8549,1
BYBIT,BTCUSDT,240,1788004800000,77560.8,78133.4,77469.6,77822.5,5129.345,399254770.2109,1
BYBIT,BTCUSDT,240,1788019200000,77822.5,78327.6,77812.6,78151.2,4394.388,343145665.8566,1
BYBIT,BTCUSDT,240,1788033600000,78151.2,78267.4,78011.5,78196.6,1811.707,141576815.8356,1
BYBIT,BTCUSDT,240,1788048000000,78196.6,78298.0,77946.5,78100.5,2275.282,177661513.2726,1
BYBIT,BTCUSDT,240,1788062400000,78100.5,78318.8,77921.8,78079.3,1996.768,156010798.4738,1
BYBIT,BTCUSDT,240,1788076800000,78079.3,78212.6,77922.7,78137.6,2787.109,217584248.8697,1
BYBIT,BTCUSDT,240,1788091200000,78137.6,78939.8,78137.6,78791.6,10141.008,797606099.2619,1
BYBIT,BTCUSDT,240,1788105600000,78791.6,79367.5,78666.4,78832.3,9167.104,724202848.1586,1
BYBIT,BTCUSDT,240,1788120000000,78832.3,78904.6,76900.0,77639.1,15796.237,1233263338.0594,1
BYBIT,BTCUSDT,240,1788134400000,77639.1,78149.0,77336.8,77715.1,10348.316,804430807.5571,1
BYBIT,BTCUSDT,240,1788148800000,77715.1,78288.0,77417.6,78169.9,8509.886,663131521.2859,1
BYBIT,BTCUSDT,240,1788163200000,78169.9,78783.0,77941.1,78286.1,9174.328,719727131.1847,1
BYBIT,BTCUSDT,240,1788177600000,78286.1,78749.1,77560.1,78548.6,20502.228,1602436522.7571,1
BYBIT,BTCUSDT,240,1788192000000,78548.6,79280.8,78448.4,78863.6,10691.933,842843296.9789,1
BYBIT,BTCUSDT,240,1788206400000,78863.6,79166.7,78359.9,78541.8,5373.832,423202477.9329,1
BYBIT,BTCUSDT,240,1788220800000,78541.8,78871.9,78124.4,78653.9,7538.747,591786224.9481,1
BYBIT,BTCUSDT,240,1788235200000,78653.9,79200.0,78470.1,78606.5,7204.653,568107278.6494,1
BYBIT,BTCUSDT,240,1788249600000,78606.5,78633.9,77714.2,78048.9,12078.846,942095395.3602,1
BYBIT,BTCUSDT,240,1788264000000,78048.9,78398.4,77385.4,77872.3,16698.613,1301427738.0641,1
BYBIT,BTCUSDT,240,1788278400000,77872.3,77944.8,76364.0,77276.8,18874.756,1455686188.7053,1
BYBIT,BTCUSDT,240,1788292800000,77276.8,77610.3,76859.0,77392.6,7134.855,551353400.104,1
BYBIT,BTCUSDT,240,1788307200000,77392.6,77777.9,76680.0,77528.8,8766.999,677128221.8361,1
BYBIT,BTCUSDT,240,1788321600000,77528.8,77741.1,77255.2,77437.0,5062.275,392582415.658,1
BYBIT,BTCUSDT,240,1788336000000,77437.0,77517.3,76199.1,76794.6,14260.834,1093910870.4316,1
BYBIT,BTCUSDT,240,1788350400000,76794.6,77460.0,76573.3,77262.6,15024.064,1157172447.0739,1
BYBIT,BTCUSDT,240,1788364800000,77262.6,77548.1,76905.0,77298.6,7530.493,581931885.8009,1
BYBIT,BTCUSDT,240,1788379200000,77298.6,77490.0,76967.9,77298.1,4505.38,348021453.0353,1
BYBIT,BTCUSDT,240,1788393600000,77298.1,77884.9,76923.0,77669.8,7398.602,573426907.5433,1
BYBIT,BTCUSDT,240,1788408000000,77669.8,78149.0,77062.1,77630.8,10649.99,827427828.0588,1
BYBIT,BTCUSDT,240,1788422400000,77630.8,78044.1,77421.2,77903.5,7400.043,575320663.4284,1
BYBIT,BTCUSDT,240,1788436800000,77903.5,81350.0,77843.1,81321.4,37852.007,3018062583.1626,1
BYBIT,BTCUSDT,240,1788451200000,81321.4,81771.4,80587.1,81713.9,16933.138,1374264649.1401,1
BYBIT,BTCUSDT,240,1788465600000,81713.9,82276.6,80850.0,81224.6,13960.029,1137101626.2933,1
BYBIT,BTCUSDT,240,1788480000000,81224.6,81399.0,80631.6,80803.2,7585.43,613941901.2956,1
BYBIT,BTCUSDT,240,1788494400000,80803.2,81261.0,80535.5,80626.2,6997.924,566070395.3103,1
BYBIT,BTCUSDT,240,1788508800000,80626.2,81388.0,80467.5,81187.7,8993.47,728605251.3991,1
BYBIT,BTCUSDT,240,1788523200000,81187.7,81338.1,78603.9,79384.9,33501.174,2664206278.5658,1
BYBIT,BTCUSDT,240,1788537600000,79384.9,79840.4,79300.0,79738.6,6745.886,536911681.1093,1
BYBIT,BTCUSDT,240,1788552000000,79738.6,79827.8,79468.8,79621.0,3104.81,247349539.6296,1
BYBIT,BTCUSDT,240,1788566400000,79621.0,79689.5,79438.0,79546.3,2466.853,196261504.5713,1
BYBIT,BTCUSDT,240,1788580800000,79546.3,79728.9,79394.1,79666.0,2073.221,164974182.9689,1
BYBIT,BTCUSDT,240,1788595200000,79666.0,79699.5,79526.1,79571.8,1848.373,147150286.6589,1
BYBIT,BTCUSDT,240,1788609600000,79571.8,79780.2,79499.0,79756.4,2477.383,197349944.637,1
BYBIT,BTCUSDT,240,1788624000000,79756.4,80188.1,79649.0,79705.5,5607.019,448176376.9272,1
BYBIT,BTCUSDT,240,1788638400000,79705.5,79898.3,79640.0,79795.3,2674.328,213300949.7109,1
BYBIT,BTCUSDT,240,1788652800000,79795.3,80067.0,79782.3,79991.0,3150.353,251778919.4739,1
BYBIT,BTCUSDT,240,1788667200000,79991.0,80082.0,79483.3,79773.6,4817.862,384327007.0233,1
BYBIT,BTCUSDT,240,1788681600000,79773.6,79997.1,79721.9,79882.4,2641.144,210965115.6905,1
BYBIT,BTCUSDT,240,1788696000000,79882.4,79978.0,79132.2,79675.0,6215.441,494754888.4977,1
BYBIT,BTCUSDT,240,1788710400000,79675.0,79948.2,79546.0,79780.0,2971.42,236947842.0329,1
BYBIT,BTCUSDT,240,1788724800000,79780.0,80522.7,79603.8,80299.6,6505.643,520749352.5709,1
BYBIT,BTCUSDT,240,1788739200000,80299.6,80413.0,79520.6,79559.4,8200.805,655967916.0804,1
BYBIT,BTCUSDT,240,1788753600000,79559.4,79880.7,78924.0,79353.0,8104.374,643988032.5155,1
BYBIT,BTCUSDT,240,1788768000000,79353.0,79514.3,79231.4,79375.6,4309.974,342168842.3913,1
BYBIT,BTCUSDT,240,1788782400000,79375.6,79612.8,78633.3,78787.8,9608.001,759939438.716,1
BYBIT,BTCUSDT,240,1788796800000,78787.8,79378.8,78764.8,79325.0,4228.457,334345773.7188,1
BYBIT,BTCUSDT,240,1788811200000,79325.0,79362.0,78731.2,79072.5,3963.899,313369412.4595,1
BYBIT,BTCUSDT,240,1788825600000,79072.5,79472.2,78667.1,78869.4,6091.429,481820802.1478,1
BYBIT,BTCUSDT,240,1788840000000,78869.4,78898.0,78116.2,78442.6,11820.374,927607572.8378,1
BYBIT,BTCUSDT,240,1788854400000,78442.6,78978.0,78244.3,78386.8,9296.782,729937078.4191,1
BYBIT,BTCUSDT,240,1788868800000,78386.8,78890.0,77579.4,78871.7,15627.607,1222277608.8589,1
BYBIT,BTCUSDT,240,1788883200000,78871.7,78955.0,78228.8,78405.8,7264.162,570714238.0297,1
BYBIT,BTCUSDT,240,1788897600000,78405.8,78635.2,78359.6,78425.6,3368.554,264366071.8299,1
BYBIT,BTCUSDT,240,1788912000000,78425.6,78900.0,78421.2,78599.8,3754.824,295518329.5944,1
BYBIT,BTCUSDT,240,1788926400000,78599.8,79376.6,78599.8,79245.9,7911.008,625563650.4566,1
BYBIT,BTCUSDT,240,1788940800000,79245.9,79743.8,78707.0,79287.8,10404.211,824055469.7849,1
BYBIT,BTCUSDT,240,1788955200000,79287.8,79657.6,78018.7,78571.9,19031.687,1501955930.6066,1
BYBIT,BTCUSDT,240,1788969600000,78571.9,78900.0,78100.1,78193.7,7355.579,577776218.309,1
BYBIT,BTCUSDT,240,1788984000000,78193.7,78316.3,77716.7,78263.4,7777.807,607012235.8024,1
BYBIT,BTCUSDT,240,1788998400000,78263.4,78508.8,77905.2,78289.2,6093.186,476635031.5069,1
BYBIT,BTCUSDT,240,1789012800000,78289.2,78536.7,77828.5,78062.3,6593.861,515928696.719,1
BYBIT,BTCUSDT,240,1789027200000,78062.3,78200.0,77650.9,77810.0,5933.256,462576233.2089,1
BYBIT,BTCUSDT,240,1789041600000,77810.0,77960.0,76607.0,77224.0,23711.058,1829349704.2936,1
BYBIT,BTCUSDT,240,1789056000000,77224.0,77514.8,76759.9,77134.2,9184.45,708239475.9211,1
BYBIT,BTCUSDT,240,1789070400000,77134.2,77320.0,76394.1,76535.2,6877.644,528282873.2672,1
BYBIT,BTCUSDT,240,1789084800000,76535.2,76996.2,76521.6,76857.7,4718.391,362323927.8256,1
BYBIT,BTCUSDT,240,1789099200000,76857.7,77395.2,76842.4,77180.8,5158.716,398088628.2318,1
BYBIT,BTCUSDT,240,1789113600000,77180.8,77469.5,76709.0,77003.5,6610.324,509194406.6721,1
BYBIT,BTCUSDT,240,1789128000000,77003.5,79909.7,75903.0,77686.0,46074.473,3592048915.882,1
BYBIT,BTCUSDT,240,1789142400000,77686.0,78035.7,76840.1,77243.9,13435.887,1040627447.4828,1
BYBIT,BTCUSDT,240,1789156800000,77243.9,77470.0,76911.1,77178.6,5352.965,413122539.1397,1
BYBIT,BTCUSDT,240,1789171200000,77178.6,77340.0,77156.5,77239.9,1733.429,133903673.1997,1
BYBIT,BTCUSDT,240,1789185600000,77239.9,77320.0,77130.1,77234.3,2033.19,157014788.3589,1
BYBIT,BTCUSDT,240,1789200000000,77234.3,77362.8,77227.4,77325.7,1775.629,137267523.9095,1
BYBIT,BTCUSDT,240,1789214400000,77325.7,77482.5,77159.3,77350.1,3199.894,247460153.4896,1
BYBIT,BTCUSDT,240,1789228800000,77350.1,77386.2,77022.6,77088.3,2371.988,183079608.5713,1
BYBIT,BTCUSDT,240,1789243200000,77088.3,77270.0,77088.3,77244.7,1493.162,115247399.7529,1
BYBIT,BTCUSDT,240,1789257600000,77244.7,77318.1,77125.8,77164.1,1732.969,133848366.7159,1
BYBIT,BTCUSDT,240,1789272000000,77164.1,77289.8,77006.5,77082.9,1802.054,139028241.7368,1
BYBIT,BTCUSDT,240,1789286400000,77082.9,77144.5,76425.0,76747.6,6031.972,462823323.6131,1
BYBIT,BTCUSDT,240,1789300800000,76747.6,77238.8,76517.1,77100.1,5345.077,411193589.3167,1
BYBIT,BTCUSDT,240,1789315200000,77100.1,77399.6,77097.1,77252.9,2959.402,228669084.7027,1
BYBIT,BTCUSDT,240,1789329600000,77252.9,77443.0,76584.7,76789.0,6699.054,515255070.5371,1
BYBIT,BTCUSDT,240,1789344000000,76789.0,77836.7,76305.4,77568.6,10595.44,817900940.9928,1
BYBIT,BTCUSDT,240,1789358400000,77568.6,77888.9,77313.0,77850.5,6186.545,480215069.3807,1
BYBIT,BTCUSDT,240,1789372800000,77850.5,78344.3,77561.6,77746.0,9064.598,705974194.4665,1
BYBIT,BTCUSDT,240,1789387200000,77746.0,78680.0,77429.5,78542.8,17300.913,1353054459.0996,1
BYBIT,BTCUSDT,240,1789401600000,78542.8,79296.0,78390.1,78950.9,12002.833,947277303.4393,1
BYBIT,BTCUSDT,240,1789416000000,78950.9,79577.3,78081.5,78158.1,10359.039,816680651.3844,1
BYBIT,BTCUSDT,240,1789430400000,78158.1,78226.1,77613.2,77648.5,7891.017,614504586.8934,1
BYBIT,BTCUSDT,240,1789444800000,77648.5,77715.3,76837.8,76890.1,10054.625,777601294.1016,1
BYBIT,BTCUSDT,240,1789459200000,76890.1,77184.8,76667.4,76887.1,9072.898,697759803.7335,1
BYBIT,BTCUSDT,240,1789473600000,76887.1,77093.6,75559.4,76476.9,22171.623,1690412094.103,1
BYBIT,BTCUSDT,240,1789488000000,76476.9,77320.0,74919.6,76149.0,30018.402,2284556446.5865,1
BYBIT,BTCUSDT,240,1789502400000,76149.0,76210.1,75097.6,75608.0,9936.744,751496039.1553,1
BYBIT,BTCUSDT,240,1789516800000,75608.0,76095.4,75426.5,75794.7,5549.586,420424490.5895,1
BYBIT,BTCUSDT,240,1789531200000,75794.7,76067.0,75640.1,75719.8,5510.619,418001370.0894,1
BYBIT,BTCUSDT,240,1789545600000,75719.8,76285.5,75306.5,76206.7,8321.435,631067336.4329,1
BYBIT,BTCUSDT,240,1789560000000,76206.7,76272.8,75383.1,75753.0,12567.159,951823266.9126,1
BYBIT,BTCUSDT,240,1789574400000,75753.0,76529.1,75000.5,76034.6,29854.952,2261993338.958,1
BYBIT,BTCUSDT,240,1789588800000,76034.6,76397.0,75605.0,76169.9,6469.759,491780975.6392,1
BYBIT,BTCUSDT,240,1789603200000,76169.9,76748.8,76016.1,76402.3,6914.282,528197841.3291,1
BYBIT,BTCUSDT,240,1789617600000,76402.3,76660.0,76139.7,76434.7,5138.73,392787163.0686,1
BYBIT,BTCUSDT,240,1789632000000,76434.7,76783.1,76134.0,76448.6,6812.857,520749516.9632,1
BYBIT,BTCUSDT,240,1789646400000,76448.6,77144.0,75981.0,76745.8,20568.97,1575694312.2074,1
BYBIT,BTCUSDT,240,1789660800000,76745.8,76945.5,76428.9,76559.4,6322.727,484725370.1757,1
BYBIT,BTCUSDT,240,1789675200000,76559.4,76708.2,76205.0,76385.1,4188.19,320043897.7778,1
BYBIT,BTCUSDT,240,1789689600000,76385.1,77572.7,76242.5,77343.7,8705.919,670893310.9095,1
BYBIT,BTCUSDT,240,1789704000000,77343.7,77824.5,77181.6,77781.1,9842.528,763207363.0625,1
BYBIT,BTCUSDT,240,1789718400000,77781.1,78470.0,77620.6,78034.9,13698.523,1069876169.2453,1
BYBIT,BTCUSDT,240,1789732800000,78034.9,81157.8,77932.0,80705.4,36600.582,2928926653.6852,1
BYBIT,BTCUSDT,240,1789747200000,80705.4,81389.9,80535.0,81172.9,14340.666,1161088262.5359,1
BYBIT,BTCUSDT,240,1789761600000,81172.9,81356.7,80821.0,80870.4,7072.856,573522275.301,1
BYBIT,BTCUSDT,240,1789776000000,80870.4,81735.0,80807.5,81094.0,7133.492,580051895.8389,1
BYBIT,BTCUSDT,240,1789790400000,81094.0,81225.4,80888.9,81087.4,3636.165,294658666.9374,1
BYBIT,BTCUSDT,240,1789804800000,81087.4,81499.0,81040.0,81281.1,4492.557,365175316.3645,1
BYBIT,BTCUSDT,240,1789819200000,81281.1,81954.6,81140.6,81610.9,6655.342,542616492.7803,1
BYBIT,BTCUSDT,240,1789833600000,81610.9,81872.3,81264.0,81324.2,5735.673,467713320.0888,1
BYBIT,BTCUSDT,240,1789848000000,81324.2,81398.8,80861.1,81234.9,4465.617,362178291.1569,1
BYBIT,BTCUSDT,240,1789862400000,81234.9,81311.3,80092.3,80460.9,8427.413,679476893.2613,1
BYBIT,BTCUSDT,240,1789876800000,80460.9,80640.5,80175.2,80274.5,4606.431,370334804.4987,1
BYBIT,BTCUSDT,240,1789891200000,80274.5,80558.2,80125.8,80443.0,4465.928,358873469.4564,1
BYBIT,BTCUSDT,240,1789905600000,80443.0,80940.8,80285.1,80870.9,5550.929,447514746.9062,1
BYBIT,BTCUSDT,240,1789920000000,80870.9,81479.4,80760.9,81153.5,7919.957,642993412.5566,1
BYBIT,BTCUSDT,240,1789934400000,81153.5,81313.7,80550.0,81141.1,6545.95,530185371.2585,1
BYBIT,BTCUSDT,240,1789948800000,81141.1,82080.0,80820.0,81398.6,13308.076,1083794003.4711,1
BYBIT,BTCUSDT,240,1789963200000,81398.6,81855.0,81188.2,81704.8,6745.235,549945723.5856,1
BYBIT,BTCUSDT,240,1789977600000,81704.8,85349.9,81699.2,84858.8,38573.958,3235308853.4776,1
BYBIT,BTCUSDT,240,1789992000000,84858.8,86325.7,84736.7,85879.7,29809.132,2548179344.3367,1
BYBIT,BTCUSDT,240,1790006400000,85879.7,86887.9,85561.9,86456.7,14837.882,1277864581.693,1
BYBIT,BTCUSDT,240,1790020800000,86456.7,87383.6,86266.0,86579.8,12671.171,1099761948.3732,1
BYBIT,BTCUSDT,240,1790035200000,86579.8,86595.1,85268.3,85653.4,12917.775,1107323242.0186,1
BYBIT,BTCUSDT,240,1790049600000,85653.4,85700.0,85066.3,85330.0,8909.882,760540626.4568,1
