cohort,htf,ltf,window,segment,status,start,end,average_R,average_holding_seconds_known_time_lower_bound,breakeven_rate,breakevens,calmar,completed_trades,daily_return_observations,entries,equity_pnl,expectancy,exposure_fraction_upper_bound,exposure_policy,fees,fees_as_percent_gross_edge,final_equity,gross_edge_before_fees,gross_loss,gross_profit,inference_status,initial_equity,long_entries,longest_loss_streak,longest_win_streak,loss_rate,losses,max_drawdown_duration_seconds,max_drawdown_fraction,median_R,monte_carlo_status,net_pnl,open_trades,payoff_ratio,profit_factor,ratio_status,ready,ready_filled_rate,realized_account_balance_pnl,realized_contribution_drawdown_usdt,setups,sharpe,short_entries,slippage_cost,sortino,trade_entry_allowed,trades_per_month,undefined_ratio_policy,unrealized_pnl,win_rate,wins
bybit,60,15,REFERENCE,0,REPLAY_COMPLETE,2021-04-08T00:00:00+00:00,2024-01-24T00:00:00+00:00,-0.9999999999999999,5400.0,0.0,0,,1,1021,1,-23.399999999999864,-23.4,7.141691152464904e-05,UNION_ENTRY_BAR_START_TO_EXIT_INCLUDES_UNKNOWN_PRE_TOUCH_PART_OF_ENTRY_BAR,0.5242125375357671,,1146.6000000000001,-22.875787462464235,23.4,0,INSUFFICIENT_SAMPLE,1170,1,1,0,1.0,1,81690300.0,0.019999999999999882,-0.9999999999999999,WITHHELD_BELOW_50_COMPARABLE_CLOSED_TRADES,-23.4,0,,0.0,WITHHELD_BELOW_90_DAILY_RETURNS_OR_30_CLOSED_TRADES,2,0.5,-23.399999999999864,23.4,3651,,0,0.174736604469891,,False,0.029811459353574928,NULL_WHEN_NO_TRADES_OR_NO_LOSSES,0,0.0,0
bybit,60,15,VALIDATION,0,REPLAY_COMPLETE,2024-01-24T00:00:00+00:00,2024-12-29T00:00:00+00:00,,,,0,,0,340,0,0,,0.0,UNION_ENTRY_BAR_START_TO_EXIT_INCLUDES_UNKNOWN_PRE_TOUCH_PART_OF_ENTRY_BAR,0.0,,1170,0,0,0,INSUFFICIENT_SAMPLE,1170,0,0,0,,0,0.0,0.0,,WITHHELD_BELOW_50_COMPARABLE_CLOSED_TRADES,0,0,,,WITHHELD_BELOW_90_DAILY_RETURNS_OR_30_CLOSED_TRADES,2,0.0,0,0.0,1468,,0,0.0,,False,0.0,NULL_WHEN_NO_TRADES_OR_NO_LOSSES,0,,0
bybit,60,15,HOLDOUT,0,REPLAY_COMPLETE,2024-12-29T00:00:00+00:00,2025-12-05T00:00:00+00:00,-1.0,13500.0,0.0,0,,1,341,1,-23.40000000000009,-23.400000000000002,0.0004887585532746823,UNION_ENTRY_BAR_START_TO_EXIT_INCLUDES_UNKNOWN_PRE_TOUCH_PART_OF_ENTRY_BAR,4.05572492931438,,1146.6,-19.344275070685622,23.400000000000002,0,INSUFFICIENT_SAMPLE,1170,1,1,0,1.0,1,24540300.0,0.06782828412810718,-1.0,WITHHELD_BELOW_50_COMPARABLE_CLOSED_TRADES,-23.400000000000002,0,,0.0,WITHHELD_BELOW_90_DAILY_RETURNS_OR_30_CLOSED_TRADES,5,0.2,-23.40000000000009,23.400000000000002,1449,,0,1.3519075900767354,,False,0.08925953079178886,NULL_WHEN_NO_TRADES_OR_NO_LOSSES,0,0.0,0
bybit,60,15,WALK_00,0,REPLAY_COMPLETE,2021-07-07T00:00:00+00:00,2021-10-05T00:00:00+00:00,,,,0,,0,90,0,0,,0.0,UNION_ENTRY_BAR_START_TO_EXIT_INCLUDES_UNKNOWN_PRE_TOUCH_PART_OF_ENTRY_BAR,0.0,,1170,0,0,0,INSUFFICIENT_SAMPLE,1170,0,0,0,,0,0.0,0.0,,WITHHELD_BELOW_50_COMPARABLE_CLOSED_TRADES,0,0,,,WITHHELD_BELOW_90_DAILY_RETURNS_OR_30_CLOSED_TRADES,0,,0,0.0,658,,0,0.0,,False,0.0,NULL_WHEN_NO_TRADES_OR_NO_LOSSES,0,,0
bybit,60,15,WALK_01,0,REPLAY_COMPLETE,2021-10-05T00:00:00+00:00,2022-01-03T00:00:00+00:00,,,,0,,0,90,0,0,,0.0,UNION_ENTRY_BAR_START_TO_EXIT_INCLUDES_UNKNOWN_PRE_TOUCH_PART_OF_ENTRY_BAR,0.0,,1170,0,0,0,INSUFFICIENT_SAMPLE,1170,0,0,0,,0,0.0,0.0,,WITHHELD_BELOW_50_COMPARABLE_CLOSED_TRADES,0,0,,,WITHHELD_BELOW_90_DAILY_RETURNS_OR_30_CLOSED_TRADES,0,,0,0.0,642,,0,0.0,,False,0.0,NULL_WHEN_NO_TRADES_OR_NO_LOSSES,0,,0
bybit,60,15,WALK_02,0,REPLAY_COMPLETE,2022-01-03T00:00:00+00:00,2022-04-03T00:00:00+00:00,,,,0,,0,90,0,0,,0.0,UNION_ENTRY_BAR_START_TO_EXIT_INCLUDES_UNKNOWN_PRE_TOUCH_PART_OF_ENTRY_BAR,0.0,,1170,0,0,0,INSUFFICIENT_SAMPLE,1170,0,0,0,,0,0.0,0.0,,WITHHELD_BELOW_50_COMPARABLE_CLOSED_TRADES,0,0,,,WITHHELD_BELOW_90_DAILY_RETURNS_OR_30_CLOSED_TRADES,0,,0,0.0,596,,0,0.0,,False,0.0,NULL_WHEN_NO_TRADES_OR_NO_LOSSES,0,,0
bybit,60,15,WALK_03,0,REPLAY_COMPLETE,2022-04-03T00:00:00+00:00,2022-07-02T00:00:00+00:00,,,,0,,0,90,0,0,,0.0,UNION_ENTRY_BAR_START_TO_EXIT_INCLUDES_UNKNOWN_PRE_TOUCH_PART_OF_ENTRY_BAR,0.0,,1170,0,0,0,INSUFFICIENT_SAMPLE,1170,0,0,0,,0,0.0,0.0,,WITHHELD_BELOW_50_COMPARABLE_CLOSED_TRADES,0,0,,,WITHHELD_BELOW_90_DAILY_RETURNS_OR_30_CLOSED_TRADES,0,,0,0.0,624,,0,0.0,,False,0.0,NULL_WHEN_NO_TRADES_OR_NO_LOSSES,0,,0
bybit,60,15,WALK_04,0,REPLAY_COMPLETE,2022-07-02T00:00:00+00:00,2022-09-30T00:00:00+00:00,,,,0,,0,90,0,0,,0.0,UNION_ENTRY_BAR_START_TO_EXIT_INCLUDES_UNKNOWN_PRE_TOUCH_PART_OF_ENTRY_BAR,0.0,,1170,0,0,0,INSUFFICIENT_SAMPLE,1170,0,0,0,,0,0.0,0.0,,WITHHELD_BELOW_50_COMPARABLE_CLOSED_TRADES,0,0,,,WITHHELD_BELOW_90_DAILY_RETURNS_OR_30_CLOSED_TRADES,1,0.0,0,0.0,649,,0,0.0,,False,0.0,NULL_WHEN_NO_TRADES_OR_NO_LOSSES,0,,0
bybit,60,15,WALK_05,0,REPLAY_COMPLETE,2022-09-30T00:00:00+00:00,2022-12-29T00:00:00+00:00,,,,0,,0,90,0,0,,0.0,UNION_ENTRY_BAR_START_TO_EXIT_INCLUDES_UNKNOWN_PRE_TOUCH_PART_OF_ENTRY_BAR,0.0,,1170,0,0,0,INSUFFICIENT_SAMPLE,1170,0,0,0,,0,0.0,0.0,,WITHHELD_BELOW_50_COMPARABLE_CLOSED_TRADES,0,0,,,WITHHELD_BELOW_90_DAILY_RETURNS_OR_30_CLOSED_TRADES,0,,0,0.0,657,,0,0.0,,False,0.0,NULL_WHEN_NO_TRADES_OR_NO_LOSSES,0,,0
bybit,60,15,WALK_06,0,REPLAY_COMPLETE,2022-12-29T00:00:00+00:00,2023-03-29T00:00:00+00:00,,,,0,,0,90,0,0,,0.0,UNION_ENTRY_BAR_START_TO_EXIT_INCLUDES_UNKNOWN_PRE_TOUCH_PART_OF_ENTRY_BAR,0.0,,1170,0,0,0,INSUFFICIENT_SAMPLE,1170,0,0,0,,0,0.0,0.0,,WITHHELD_BELOW_50_COMPARABLE_CLOSED_TRADES,0,0,,,WITHHELD_BELOW_90_DAILY_RETURNS_OR_30_CLOSED_TRADES,0,,0,0.0,599,,0,0.0,,False,0.0,NULL_WHEN_NO_TRADES_OR_NO_LOSSES,0,,0
bybit,60,15,WALK_07,0,REPLAY_COMPLETE,2023-03-29T00:00:00+00:00,2023-06-27T00:00:00+00:00,,,,0,,0,90,0,0,,0.0,UNION_ENTRY_BAR_START_TO_EXIT_INCLUDES_UNKNOWN_PRE_TOUCH_PART_OF_ENTRY_BAR,0.0,,1170,0,0,0,INSUFFICIENT_SAMPLE,1170,0,0,0,,0,0.0,0.0,,WITHHELD_BELOW_50_COMPARABLE_CLOSED_TRADES,0,0,,,WITHHELD_BELOW_90_DAILY_RETURNS_OR_30_CLOSED_TRADES,0,,0,0.0,601,,0,0.0,,False,0.0,NULL_WHEN_NO_TRADES_OR_NO_LOSSES,0,,0
bybit,60,15,WALK_08,0,REPLAY_COMPLETE,2023-06-27T00:00:00+00:00,2023-09-25T00:00:00+00:00,,,,0,,0,90,0,0,,0.0,UNION_ENTRY_BAR_START_TO_EXIT_INCLUDES_UNKNOWN_PRE_TOUCH_PART_OF_ENTRY_BAR,0.0,,1170,0,0,0,INSUFFICIENT_SAMPLE,1170,0,0,0,,0,0.0,0.0,,WITHHELD_BELOW_50_COMPARABLE_CLOSED_TRADES,0,0,,,WITHHELD_BELOW_90_DAILY_RETURNS_OR_30_CLOSED_TRADES,0,,0,0.0,646,,0,0.0,,False,0.0,NULL_WHEN_NO_TRADES_OR_NO_LOSSES,0,,0
bybit,60,15,WALK_09,0,REPLAY_COMPLETE,2023-09-25T00:00:00+00:00,2023-12-24T00:00:00+00:00,,,,0,,0,90,0,0,,0.0,UNION_ENTRY_BAR_START_TO_EXIT_INCLUDES_UNKNOWN_PRE_TOUCH_PART_OF_ENTRY_BAR,0.0,,1170,0,0,0,INSUFFICIENT_SAMPLE,1170,0,0,0,,0,0.0,0.0,,WITHHELD_BELOW_50_COMPARABLE_CLOSED_TRADES,0,0,,,WITHHELD_BELOW_90_DAILY_RETURNS_OR_30_CLOSED_TRADES,0,,0,0.0,595,,0,0.0,,False,0.0,NULL_WHEN_NO_TRADES_OR_NO_LOSSES,0,,0
bybit,60,15,WALK_10,0,REPLAY_COMPLETE,2023-12-24T00:00:00+00:00,2024-03-23T00:00:00+00:00,,,,0,,0,90,0,0,,0.0,UNION_ENTRY_BAR_START_TO_EXIT_INCLUDES_UNKNOWN_PRE_TOUCH_PART_OF_ENTRY_BAR,0.0,,1170,0,0,0,INSUFFICIENT_SAMPLE,1170,0,0,0,,0,0.0,0.0,,WITHHELD_BELOW_50_COMPARABLE_CLOSED_TRADES,0,0,,,WITHHELD_BELOW_90_DAILY_RETURNS_OR_30_CLOSED_TRADES,1,0.0,0,0.0,546,,0,0.0,,False,0.0,NULL_WHEN_NO_TRADES_OR_NO_LOSSES,0,,0
bybit,60,15,WALK_11,0,REPLAY_COMPLETE,2024-03-23T00:00:00+00:00,2024-06-21T00:00:00+00:00,,,,0,,0,90,0,0,,0.0,UNION_ENTRY_BAR_START_TO_EXIT_INCLUDES_UNKNOWN_PRE_TOUCH_PART_OF_ENTRY_BAR,0.0,,1170,0,0,0,INSUFFICIENT_SAMPLE,1170,0,0,0,,0,0.0,0.0,,WITHHELD_BELOW_50_COMPARABLE_CLOSED_TRADES,0,0,,,WITHHELD_BELOW_90_DAILY_RETURNS_OR_30_CLOSED_TRADES,1,0.0,0,0.0,623,,0,0.0,,False,0.0,NULL_WHEN_NO_TRADES_OR_NO_LOSSES,0,,0
bybit,60,15,WALK_12,0,REPLAY_COMPLETE,2024-06-21T00:00:00+00:00,2024-09-19T00:00:00+00:00,,,,0,,0,90,0,0,,0.0,UNION_ENTRY_BAR_START_TO_EXIT_INCLUDES_UNKNOWN_PRE_TOUCH_PART_OF_ENTRY_BAR,0.0,,1170,0,0,0,INSUFFICIENT_SAMPLE,1170,0,0,0,,0,0.0,0.0,,WITHHELD_BELOW_50_COMPARABLE_CLOSED_TRADES,0,0,,,WITHHELD_BELOW_90_DAILY_RETURNS_OR_30_CLOSED_TRADES,0,,0,0.0,633,,0,0.0,,False,0.0,NULL_WHEN_NO_TRADES_OR_NO_LOSSES,0,,0
bybit,60,15,WALK_13,0,REPLAY_COMPLETE,2024-09-19T00:00:00+00:00,2024-12-18T00:00:00+00:00,,,,0,,0,90,0,0,,0.0,UNION_ENTRY_BAR_START_TO_EXIT_INCLUDES_UNKNOWN_PRE_TOUCH_PART_OF_ENTRY_BAR,0.0,,1170,0,0,0,INSUFFICIENT_SAMPLE,1170,0,0,0,,0,0.0,0.0,,WITHHELD_BELOW_50_COMPARABLE_CLOSED_TRADES,0,0,,,WITHHELD_BELOW_90_DAILY_RETURNS_OR_30_CLOSED_TRADES,1,0.0,0,0.0,612,,0,0.0,,False,0.0,NULL_WHEN_NO_TRADES_OR_NO_LOSSES,0,,0
bybit,60,15,WALK_14,0,REPLAY_COMPLETE,2024-12-18T00:00:00+00:00,2025-03-18T00:00:00+00:00,-1.0,13500.0,0.0,0,,1,90,1,-23.40000000000009,-23.400000000000002,0.001851851851851852,UNION_ENTRY_BAR_START_TO_EXIT_INCLUDES_UNKNOWN_PRE_TOUCH_PART_OF_ENTRY_BAR,4.05572492931438,,1146.6,-19.344275070685622,23.400000000000002,0,INSUFFICIENT_SAMPLE,1170,1,1,0,1.0,1,1903500.0,0.06782828412810718,-1.0,WITHHELD_BELOW_50_COMPARABLE_CLOSED_TRADES,-23.400000000000002,0,,0.0,WITHHELD_BELOW_90_DAILY_RETURNS_OR_30_CLOSED_TRADES,1,1.0,-23.40000000000009,23.400000000000002,604,,0,1.3519075900767354,,False,0.33819444444444446,NULL_WHEN_NO_TRADES_OR_NO_LOSSES,0,0.0,0
bybit,60,15,WALK_15,0,REPLAY_COMPLETE,2025-03-18T00:00:00+00:00,2025-06-16T00:00:00+00:00,,,,0,,0,90,0,0,,0.0,UNION_ENTRY_BAR_START_TO_EXIT_INCLUDES_UNKNOWN_PRE_TOUCH_PART_OF_ENTRY_BAR,0.0,,1170,0,0,0,INSUFFICIENT_SAMPLE,1170,0,0,0,,0,0.0,0.0,,WITHHELD_BELOW_50_COMPARABLE_CLOSED_TRADES,0,0,,,WITHHELD_BELOW_90_DAILY_RETURNS_OR_30_CLOSED_TRADES,2,0.0,0,0.0,608,,0,0.0,,False,0.0,NULL_WHEN_NO_TRADES_OR_NO_LOSSES,0,,0
bybit,60,15,WALK_16,0,REPLAY_COMPLETE,2025-06-16T00:00:00+00:00,2025-09-14T00:00:00+00:00,,,,0,,0,90,0,0,,0.0,UNION_ENTRY_BAR_START_TO_EXIT_INCLUDES_UNKNOWN_PRE_TOUCH_PART_OF_ENTRY_BAR,0.0,,1170,0,0,0,INSUFFICIENT_SAMPLE,1170,0,0,0,,0,0.0,0.0,,WITHHELD_BELOW_50_COMPARABLE_CLOSED_TRADES,0,0,,,WITHHELD_BELOW_90_DAILY_RETURNS_OR_30_CLOSED_TRADES,2,0.0,0,0.0,620,,0,0.0,,False,0.0,NULL_WHEN_NO_TRADES_OR_NO_LOSSES,0,,0
bybit,60,15,WALK_17,0,REPLAY_COMPLETE,2025-09-14T00:00:00+00:00,2025-12-05T00:00:00+00:00,,,,0,,0,82,0,0,,0.0,UNION_ENTRY_BAR_START_TO_EXIT_INCLUDES_UNKNOWN_PRE_TOUCH_PART_OF_ENTRY_BAR,0.0,,1170,0,0,0,INSUFFICIENT_SAMPLE,1170,0,0,0,,0,0.0,0.0,,WITHHELD_BELOW_50_COMPARABLE_CLOSED_TRADES,0,0,,,WITHHELD_BELOW_90_DAILY_RETURNS_OR_30_CLOSED_TRADES,0,,0,0.0,569,,0,0.0,,False,0.0,NULL_WHEN_NO_TRADES_OR_NO_LOSSES,0,,0
bybit,240,15,REFERENCE,0,REPLAY_COMPLETE,2021-04-08T00:00:00+00:00,2024-01-24T00:00:00+00:00,-0.9999999999999999,5400.0,0.0,0,,1,1021,1,-23.399999999999864,-23.4,7.141691152464904e-05,UNION_ENTRY_BAR_START_TO_EXIT_INCLUDES_UNKNOWN_PRE_TOUCH_PART_OF_ENTRY_BAR,0.5242125375357671,,1146.6000000000001,-22.875787462464235,23.4,0,INSUFFICIENT_SAMPLE,1170,1,1,0,1.0,1,81690300.0,0.019999999999999882,-0.9999999999999999,WITHHELD_BELOW_50_COMPARABLE_CLOSED_TRADES,-23.4,0,,0.0,WITHHELD_BELOW_90_DAILY_RETURNS_OR_30_CLOSED_TRADES,1,1.0,-23.399999999999864,23.4,1488,,0,0.174736604469891,,False,0.029811459353574928,NULL_WHEN_NO_TRADES_OR_NO_LOSSES,0,0.0,0
bybit,240,15,VALIDATION,0,REPLAY_COMPLETE,2024-01-24T00:00:00+00:00,2024-12-29T00:00:00+00:00,,,,0,,0,340,0,0,,0.0,UNION_ENTRY_BAR_START_TO_EXIT_INCLUDES_UNKNOWN_PRE_TOUCH_PART_OF_ENTRY_BAR,0.0,,1170,0,0,0,INSUFFICIENT_SAMPLE,1170,0,0,0,,0,0.0,0.0,,WITHHELD_BELOW_50_COMPARABLE_CLOSED_TRADES,0,0,,,WITHHELD_BELOW_90_DAILY_RETURNS_OR_30_CLOSED_TRADES,1,0.0,0,0.0,635,,0,0.0,,False,0.0,NULL_WHEN_NO_TRADES_OR_NO_LOSSES,0,,0
bybit,240,15,HOLDOUT,0,REPLAY_COMPLETE,2024-12-29T00:00:00+00:00,2025-12-05T00:00:00+00:00,,,,0,,0,341,0,0,,0.0,UNION_ENTRY_BAR_START_TO_EXIT_INCLUDES_UNKNOWN_PRE_TOUCH_PART_OF_ENTRY_BAR,0.0,,1170,0,0,0,INSUFFICIENT_SAMPLE,1170,0,0,0,,0,0.0,0.0,,WITHHELD_BELOW_50_COMPARABLE_CLOSED_TRADES,0,0,,,WITHHELD_BELOW_90_DAILY_RETURNS_OR_30_CLOSED_TRADES,0,,0,0.0,601,,0,0.0,,False,0.0,NULL_WHEN_NO_TRADES_OR_NO_LOSSES,0,,0
bybit,240,15,WALK_00,0,REPLAY_COMPLETE,2021-07-07T00:00:00+00:00,2021-10-05T00:00:00+00:00,,,,0,,0,90,0,0,,0.0,UNION_ENTRY_BAR_START_TO_EXIT_INCLUDES_UNKNOWN_PRE_TOUCH_PART_OF_ENTRY_BAR,0.0,,1170,0,0,0,INSUFFICIENT_SAMPLE,1170,0,0,0,,0,0.0,0.0,,WITHHELD_BELOW_50_COMPARABLE_CLOSED_TRADES,0,0,,,WITHHELD_BELOW_90_DAILY_RETURNS_OR_30_CLOSED_TRADES,0,,0,0.0,238,,0,0.0,,False,0.0,NULL_WHEN_NO_TRADES_OR_NO_LOSSES,0,,0
bybit,240,15,WALK_01,0,REPLAY_COMPLETE,2021-10-05T00:00:00+00:00,2022-01-03T00:00:00+00:00,,,,0,,0,90,0,0,,0.0,UNION_ENTRY_BAR_START_TO_EXIT_INCLUDES_UNKNOWN_PRE_TOUCH_PART_OF_ENTRY_BAR,0.0,,1170,0,0,0,INSUFFICIENT_SAMPLE,1170,0,0,0,,0,0.0,0.0,,WITHHELD_BELOW_50_COMPARABLE_CLOSED_TRADES,0,0,,,WITHHELD_BELOW_90_DAILY_RETURNS_OR_30_CLOSED_TRADES,0,,0,0.0,227,,0,0.0,,False,0.0,NULL_WHEN_NO_TRADES_OR_NO_LOSSES,0,,0
bybit,240,15,WALK_02,0,REPLAY_COMPLETE,2022-01-03T00:00:00+00:00,2022-04-03T00:00:00+00:00,,,,0,,0,90,0,0,,0.0,UNION_ENTRY_BAR_START_TO_EXIT_INCLUDES_UNKNOWN_PRE_TOUCH_PART_OF_ENTRY_BAR,0.0,,1170,0,0,0,INSUFFICIENT_SAMPLE,1170,0,0,0,,0,0.0,0.0,,WITHHELD_BELOW_50_COMPARABLE_CLOSED_TRADES,0,0,,,WITHHELD_BELOW_90_DAILY_RETURNS_OR_30_CLOSED_TRADES,0,,0,0.0,229,,0,0.0,,False,0.0,NULL_WHEN_NO_TRADES_OR_NO_LOSSES,0,,0
bybit,240,15,WALK_03,0,REPLAY_COMPLETE,2022-04-03T00:00:00+00:00,2022-07-02T00:00:00+00:00,,,,0,,0,90,0,0,,0.0,UNION_ENTRY_BAR_START_TO_EXIT_INCLUDES_UNKNOWN_PRE_TOUCH_PART_OF_ENTRY_BAR,0.0,,1170,0,0,0,INSUFFICIENT_SAMPLE,1170,0,0,0,,0,0.0,0.0,,WITHHELD_BELOW_50_COMPARABLE_CLOSED_TRADES,0,0,,,WITHHELD_BELOW_90_DAILY_RETURNS_OR_30_CLOSED_TRADES,0,,0,0.0,254,,0,0.0,,False,0.0,NULL_WHEN_NO_TRADES_OR_NO_LOSSES,0,,0
bybit,240,15,WALK_04,0,REPLAY_COMPLETE,2022-07-02T00:00:00+00:00,2022-09-30T00:00:00+00:00,,,,0,,0,90,0,0,,0.0,UNION_ENTRY_BAR_START_TO_EXIT_INCLUDES_UNKNOWN_PRE_TOUCH_PART_OF_ENTRY_BAR,0.0,,1170,0,0,0,INSUFFICIENT_SAMPLE,1170,0,0,0,,0,0.0,0.0,,WITHHELD_BELOW_50_COMPARABLE_CLOSED_TRADES,0,0,,,WITHHELD_BELOW_90_DAILY_RETURNS_OR_30_CLOSED_TRADES,0,,0,0.0,260,,0,0.0,,False,0.0,NULL_WHEN_NO_TRADES_OR_NO_LOSSES,0,,0
bybit,240,15,WALK_05,0,REPLAY_COMPLETE,2022-09-30T00:00:00+00:00,2022-12-29T00:00:00+00:00,,,,0,,0,90,0,0,,0.0,UNION_ENTRY_BAR_START_TO_EXIT_INCLUDES_UNKNOWN_PRE_TOUCH_PART_OF_ENTRY_BAR,0.0,,1170,0,0,0,INSUFFICIENT_SAMPLE,1170,0,0,0,,0,0.0,0.0,,WITHHELD_BELOW_50_COMPARABLE_CLOSED_TRADES,0,0,,,WITHHELD_BELOW_90_DAILY_RETURNS_OR_30_CLOSED_TRADES,0,,0,0.0,268,,0,0.0,,False,0.0,NULL_WHEN_NO_TRADES_OR_NO_LOSSES,0,,0
bybit,240,15,WALK_06,0,REPLAY_COMPLETE,2022-12-29T00:00:00+00:00,2023-03-29T00:00:00+00:00,,,,0,,0,90,0,0,,0.0,UNION_ENTRY_BAR_START_TO_EXIT_INCLUDES_UNKNOWN_PRE_TOUCH_PART_OF_ENTRY_BAR,0.0,,1170,0,0,0,INSUFFICIENT_SAMPLE,1170,0,0,0,,0,0.0,0.0,,WITHHELD_BELOW_50_COMPARABLE_CLOSED_TRADES,0,0,,,WITHHELD_BELOW_90_DAILY_RETURNS_OR_30_CLOSED_TRADES,0,,0,0.0,239,,0,0.0,,False,0.0,NULL_WHEN_NO_TRADES_OR_NO_LOSSES,0,,0
bybit,240,15,WALK_07,0,REPLAY_COMPLETE,2023-03-29T00:00:00+00:00,2023-06-27T00:00:00+00:00,,,,0,,0,90,0,0,,0.0,UNION_ENTRY_BAR_START_TO_EXIT_INCLUDES_UNKNOWN_PRE_TOUCH_PART_OF_ENTRY_BAR,0.0,,1170,0,0,0,INSUFFICIENT_SAMPLE,1170,0,0,0,,0,0.0,0.0,,WITHHELD_BELOW_50_COMPARABLE_CLOSED_TRADES,0,0,,,WITHHELD_BELOW_90_DAILY_RETURNS_OR_30_CLOSED_TRADES,0,,0,0.0,242,,0,0.0,,False,0.0,NULL_WHEN_NO_TRADES_OR_NO_LOSSES,0,,0
bybit,240,15,WALK_08,0,REPLAY_COMPLETE,2023-06-27T00:00:00+00:00,2023-09-25T00:00:00+00:00,,,,0,,0,90,0,0,,0.0,UNION_ENTRY_BAR_START_TO_EXIT_INCLUDES_UNKNOWN_PRE_TOUCH_PART_OF_ENTRY_BAR,0.0,,1170,0,0,0,INSUFFICIENT_SAMPLE,1170,0,0,0,,0,0.0,0.0,,WITHHELD_BELOW_50_COMPARABLE_CLOSED_TRADES,0,0,,,WITHHELD_BELOW_90_DAILY_RETURNS_OR_30_CLOSED_TRADES,0,,0,0.0,287,,0,0.0,,False,0.0,NULL_WHEN_NO_TRADES_OR_NO_LOSSES,0,,0
bybit,240,15,WALK_09,0,REPLAY_COMPLETE,2023-09-25T00:00:00+00:00,2023-12-24T00:00:00+00:00,,,,0,,0,90,0,0,,0.0,UNION_ENTRY_BAR_START_TO_EXIT_INCLUDES_UNKNOWN_PRE_TOUCH_PART_OF_ENTRY_BAR,0.0,,1170,0,0,0,INSUFFICIENT_SAMPLE,1170,0,0,0,,0,0.0,0.0,,WITHHELD_BELOW_50_COMPARABLE_CLOSED_TRADES,0,0,,,WITHHELD_BELOW_90_DAILY_RETURNS_OR_30_CLOSED_TRADES,0,,0,0.0,256,,0,0.0,,False,0.0,NULL_WHEN_NO_TRADES_OR_NO_LOSSES,0,,0
bybit,240,15,WALK_10,0,REPLAY_COMPLETE,2023-12-24T00:00:00+00:00,2024-03-23T00:00:00+00:00,,,,0,,0,90,0,0,,0.0,UNION_ENTRY_BAR_START_TO_EXIT_INCLUDES_UNKNOWN_PRE_TOUCH_PART_OF_ENTRY_BAR,0.0,,1170,0,0,0,INSUFFICIENT_SAMPLE,1170,0,0,0,,0,0.0,0.0,,WITHHELD_BELOW_50_COMPARABLE_CLOSED_TRADES,0,0,,,WITHHELD_BELOW_90_DAILY_RETURNS_OR_30_CLOSED_TRADES,0,,0,0.0,223,,0,0.0,,False,0.0,NULL_WHEN_NO_TRADES_OR_NO_LOSSES,0,,0
bybit,240,15,WALK_11,0,REPLAY_COMPLETE,2024-03-23T00:00:00+00:00,2024-06-21T00:00:00+00:00,,,,0,,0,90,0,0,,0.0,UNION_ENTRY_BAR_START_TO_EXIT_INCLUDES_UNKNOWN_PRE_TOUCH_PART_OF_ENTRY_BAR,0.0,,1170,0,0,0,INSUFFICIENT_SAMPLE,1170,0,0,0,,0,0.0,0.0,,WITHHELD_BELOW_50_COMPARABLE_CLOSED_TRADES,0,0,,,WITHHELD_BELOW_90_DAILY_RETURNS_OR_30_CLOSED_TRADES,0,,0,0.0,262,,0,0.0,,False,0.0,NULL_WHEN_NO_TRADES_OR_NO_LOSSES,0,,0
bybit,240,15,WALK_12,0,REPLAY_COMPLETE,2024-06-21T00:00:00+00:00,2024-09-19T00:00:00+00:00,,,,0,,0,90,0,0,,0.0,UNION_ENTRY_BAR_START_TO_EXIT_INCLUDES_UNKNOWN_PRE_TOUCH_PART_OF_ENTRY_BAR,0.0,,1170,0,0,0,INSUFFICIENT_SAMPLE,1170,0,0,0,,0,0.0,0.0,,WITHHELD_BELOW_50_COMPARABLE_CLOSED_TRADES,0,0,,,WITHHELD_BELOW_90_DAILY_RETURNS_OR_30_CLOSED_TRADES,1,0.0,0,0.0,281,,0,0.0,,False,0.0,NULL_WHEN_NO_TRADES_OR_NO_LOSSES,0,,0
bybit,240,15,WALK_13,0,REPLAY_COMPLETE,2024-09-19T00:00:00+00:00,2024-12-18T00:00:00+00:00,,,,0,,0,90,0,0,,0.0,UNION_ENTRY_BAR_START_TO_EXIT_INCLUDES_UNKNOWN_PRE_TOUCH_PART_OF_ENTRY_BAR,0.0,,1170,0,0,0,INSUFFICIENT_SAMPLE,1170,0,0,0,,0,0.0,0.0,,WITHHELD_BELOW_50_COMPARABLE_CLOSED_TRADES,0,0,,,WITHHELD_BELOW_90_DAILY_RETURNS_OR_30_CLOSED_TRADES,0,,0,0.0,282,,0,0.0,,False,0.0,NULL_WHEN_NO_TRADES_OR_NO_LOSSES,0,,0
bybit,240,15,WALK_14,0,REPLAY_COMPLETE,2024-12-18T00:00:00+00:00,2025-03-18T00:00:00+00:00,,,,0,,0,90,0,0,,0.0,UNION_ENTRY_BAR_START_TO_EXIT_INCLUDES_UNKNOWN_PRE_TOUCH_PART_OF_ENTRY_BAR,0.0,,1170,0,0,0,INSUFFICIENT_SAMPLE,1170,0,0,0,,0,0.0,0.0,,WITHHELD_BELOW_50_COMPARABLE_CLOSED_TRADES,0,0,,,WITHHELD_BELOW_90_DAILY_RETURNS_OR_30_CLOSED_TRADES,0,,0,0.0,253,,0,0.0,,False,0.0,NULL_WHEN_NO_TRADES_OR_NO_LOSSES,0,,0
bybit,240,15,WALK_15,0,REPLAY_COMPLETE,2025-03-18T00:00:00+00:00,2025-06-16T00:00:00+00:00,,,,0,,0,90,0,0,,0.0,UNION_ENTRY_BAR_START_TO_EXIT_INCLUDES_UNKNOWN_PRE_TOUCH_PART_OF_ENTRY_BAR,0.0,,1170,0,0,0,INSUFFICIENT_SAMPLE,1170,0,0,0,,0,0.0,0.0,,WITHHELD_BELOW_50_COMPARABLE_CLOSED_TRADES,0,0,,,WITHHELD_BELOW_90_DAILY_RETURNS_OR_30_CLOSED_TRADES,0,,0,0.0,240,,0,0.0,,False,0.0,NULL_WHEN_NO_TRADES_OR_NO_LOSSES,0,,0
bybit,240,15,WALK_16,0,REPLAY_COMPLETE,2025-06-16T00:00:00+00:00,2025-09-14T00:00:00+00:00,,,,0,,0,90,0,0,,0.0,UNION_ENTRY_BAR_START_TO_EXIT_INCLUDES_UNKNOWN_PRE_TOUCH_PART_OF_ENTRY_BAR,0.0,,1170,0,0,0,INSUFFICIENT_SAMPLE,1170,0,0,0,,0,0.0,0.0,,WITHHELD_BELOW_50_COMPARABLE_CLOSED_TRADES,0,0,,,WITHHELD_BELOW_90_DAILY_RETURNS_OR_30_CLOSED_TRADES,0,,0,0.0,244,,0,0.0,,False,0.0,NULL_WHEN_NO_TRADES_OR_NO_LOSSES,0,,0
bybit,240,15,WALK_17,0,REPLAY_COMPLETE,2025-09-14T00:00:00+00:00,2025-12-05T00:00:00+00:00,,,,0,,0,82,0,0,,0.0,UNION_ENTRY_BAR_START_TO_EXIT_INCLUDES_UNKNOWN_PRE_TOUCH_PART_OF_ENTRY_BAR,0.0,,1170,0,0,0,INSUFFICIENT_SAMPLE,1170,0,0,0,,0,0.0,0.0,,WITHHELD_BELOW_50_COMPARABLE_CLOSED_TRADES,0,0,,,WITHHELD_BELOW_90_DAILY_RETURNS_OR_30_CLOSED_TRADES,0,,0,0.0,220,,0,0.0,,False,0.0,NULL_WHEN_NO_TRADES_OR_NO_LOSSES,0,,0
bybit,240,60,REFERENCE,0,REPLAY_COMPLETE,2021-04-08T00:00:00+00:00,2024-01-24T00:00:00+00:00,-1.0000000000000002,0.0,0.0,0,,1,1021,1,-23.399999999999864,-23.400000000000006,4.080966372837088e-05,UNION_ENTRY_BAR_START_TO_EXIT_INCLUDES_UNKNOWN_PRE_TOUCH_PART_OF_ENTRY_BAR,4.046091152278212,,1146.6000000000001,-19.353908847721794,23.400000000000006,0,INSUFFICIENT_SAMPLE,1170,1,1,0,1.0,1,38124000.0,0.019999999999999882,-1.0000000000000002,WITHHELD_BELOW_50_COMPARABLE_CLOSED_TRADES,-23.400000000000006,0,,0.0,WITHHELD_BELOW_90_DAILY_RETURNS_OR_30_CLOSED_TRADES,2,0.5,-23.399999999999864,23.400000000000006,900,,0,1.3486963305509434,,False,0.029811459353574928,NULL_WHEN_NO_TRADES_OR_NO_LOSSES,0,0.0,0
bybit,240,60,VALIDATION,0,REPLAY_COMPLETE,2024-01-24T00:00:00+00:00,2024-12-29T00:00:00+00:00,,,,0,,0,340,0,0,,0.0,UNION_ENTRY_BAR_START_TO_EXIT_INCLUDES_UNKNOWN_PRE_TOUCH_PART_OF_ENTRY_BAR,0.0,,1170,0,0,0,INSUFFICIENT_SAMPLE,1170,0,0,0,,0,0.0,0.0,,WITHHELD_BELOW_50_COMPARABLE_CLOSED_TRADES,0,0,,,WITHHELD_BELOW_90_DAILY_RETURNS_OR_30_CLOSED_TRADES,0,,0,0.0,390,,0,0.0,,False,0.0,NULL_WHEN_NO_TRADES_OR_NO_LOSSES,0,,0
bybit,240,60,HOLDOUT,0,REPLAY_COMPLETE,2024-12-29T00:00:00+00:00,2025-12-05T00:00:00+00:00,,,,0,,0,341,0,0,,0.0,UNION_ENTRY_BAR_START_TO_EXIT_INCLUDES_UNKNOWN_PRE_TOUCH_PART_OF_ENTRY_BAR,0.0,,1170,0,0,0,INSUFFICIENT_SAMPLE,1170,0,0,0,,0,0.0,0.0,,WITHHELD_BELOW_50_COMPARABLE_CLOSED_TRADES,0,0,,,WITHHELD_BELOW_90_DAILY_RETURNS_OR_30_CLOSED_TRADES,0,,0,0.0,368,,0,0.0,,False,0.0,NULL_WHEN_NO_TRADES_OR_NO_LOSSES,0,,0
bybit,240,60,WALK_00,0,REPLAY_COMPLETE,2021-07-07T00:00:00+00:00,2021-10-05T00:00:00+00:00,,,,0,,0,90,0,0,,0.0,UNION_ENTRY_BAR_START_TO_EXIT_INCLUDES_UNKNOWN_PRE_TOUCH_PART_OF_ENTRY_BAR,0.0,,1170,0,0,0,INSUFFICIENT_SAMPLE,1170,0,0,0,,0,0.0,0.0,,WITHHELD_BELOW_50_COMPARABLE_CLOSED_TRADES,0,0,,,WITHHELD_BELOW_90_DAILY_RETURNS_OR_30_CLOSED_TRADES,1,0.0,0,0.0,132,,0,0.0,,False,0.0,NULL_WHEN_NO_TRADES_OR_NO_LOSSES,0,,0
bybit,240,60,WALK_01,0,REPLAY_COMPLETE,2021-10-05T00:00:00+00:00,2022-01-03T00:00:00+00:00,,,,0,,0,90,0,0,,0.0,UNION_ENTRY_BAR_START_TO_EXIT_INCLUDES_UNKNOWN_PRE_TOUCH_PART_OF_ENTRY_BAR,0.0,,1170,0,0,0,INSUFFICIENT_SAMPLE,1170,0,0,0,,0,0.0,0.0,,WITHHELD_BELOW_50_COMPARABLE_CLOSED_TRADES,0,0,,,WITHHELD_BELOW_90_DAILY_RETURNS_OR_30_CLOSED_TRADES,0,,0,0.0,148,,0,0.0,,False,0.0,NULL_WHEN_NO_TRADES_OR_NO_LOSSES,0,,0
bybit,240,60,WALK_02,0,REPLAY_COMPLETE,2022-01-03T00:00:00+00:00,2022-04-03T00:00:00+00:00,,,,0,,0,90,0,0,,0.0,UNION_ENTRY_BAR_START_TO_EXIT_INCLUDES_UNKNOWN_PRE_TOUCH_PART_OF_ENTRY_BAR,0.0,,1170,0,0,0,INSUFFICIENT_SAMPLE,1170,0,0,0,,0,0.0,0.0,,WITHHELD_BELOW_50_COMPARABLE_CLOSED_TRADES,0,0,,,WITHHELD_BELOW_90_DAILY_RETURNS_OR_30_CLOSED_TRADES,0,,0,0.0,153,,0,0.0,,False,0.0,NULL_WHEN_NO_TRADES_OR_NO_LOSSES,0,,0
bybit,240,60,WALK_03,0,REPLAY_COMPLETE,2022-04-03T00:00:00+00:00,2022-07-02T00:00:00+00:00,,,,0,,0,90,0,0,,0.0,UNION_ENTRY_BAR_START_TO_EXIT_INCLUDES_UNKNOWN_PRE_TOUCH_PART_OF_ENTRY_BAR,0.0,,1170,0,0,0,INSUFFICIENT_SAMPLE,1170,0,0,0,,0,0.0,0.0,,WITHHELD_BELOW_50_COMPARABLE_CLOSED_TRADES,0,0,,,WITHHELD_BELOW_90_DAILY_RETURNS_OR_30_CLOSED_TRADES,0,,0,0.0,143,,0,0.0,,False,0.0,NULL_WHEN_NO_TRADES_OR_NO_LOSSES,0,,0
bybit,240,60,WALK_04,0,REPLAY_COMPLETE,2022-07-02T00:00:00+00:00,2022-09-30T00:00:00+00:00,,,,0,,0,90,0,0,,0.0,UNION_ENTRY_BAR_START_TO_EXIT_INCLUDES_UNKNOWN_PRE_TOUCH_PART_OF_ENTRY_BAR,0.0,,1170,0,0,0,INSUFFICIENT_SAMPLE,1170,0,0,0,,0,0.0,0.0,,WITHHELD_BELOW_50_COMPARABLE_CLOSED_TRADES,0,0,,,WITHHELD_BELOW_90_DAILY_RETURNS_OR_30_CLOSED_TRADES,0,,0,0.0,147,,0,0.0,,False,0.0,NULL_WHEN_NO_TRADES_OR_NO_LOSSES,0,,0
bybit,240,60,WALK_05,0,REPLAY_COMPLETE,2022-09-30T00:00:00+00:00,2022-12-29T00:00:00+00:00,-1.0000000000000002,0.0,0.0,0,,1,90,1,-23.399999999999864,-23.400000000000006,0.000462962962962963,UNION_ENTRY_BAR_START_TO_EXIT_INCLUDES_UNKNOWN_PRE_TOUCH_PART_OF_ENTRY_BAR,4.046091152278212,,1146.6000000000001,-19.353908847721794,23.400000000000006,0,INSUFFICIENT_SAMPLE,1170,1,1,0,1.0,1,4341600.0,0.019999999999999882,-1.0000000000000002,WITHHELD_BELOW_50_COMPARABLE_CLOSED_TRADES,-23.400000000000006,0,,0.0,WITHHELD_BELOW_90_DAILY_RETURNS_OR_30_CLOSED_TRADES,1,1.0,-23.399999999999864,23.400000000000006,155,,0,1.3486963305509434,,False,0.33819444444444446,NULL_WHEN_NO_TRADES_OR_NO_LOSSES,0,0.0,0
bybit,240,60,WALK_06,0,REPLAY_COMPLETE,2022-12-29T00:00:00+00:00,2023-03-29T00:00:00+00:00,,,,0,,0,90,0,0,,0.0,UNION_ENTRY_BAR_START_TO_EXIT_INCLUDES_UNKNOWN_PRE_TOUCH_PART_OF_ENTRY_BAR,0.0,,1170,0,0,0,INSUFFICIENT_SAMPLE,1170,0,0,0,,0,0.0,0.0,,WITHHELD_BELOW_50_COMPARABLE_CLOSED_TRADES,0,0,,,WITHHELD_BELOW_90_DAILY_RETURNS_OR_30_CLOSED_TRADES,0,,0,0.0,145,,0,0.0,,False,0.0,NULL_WHEN_NO_TRADES_OR_NO_LOSSES,0,,0
bybit,240,60,WALK_07,0,REPLAY_COMPLETE,2023-03-29T00:00:00+00:00,2023-06-27T00:00:00+00:00,,,,0,,0,90,0,0,,0.0,UNION_ENTRY_BAR_START_TO_EXIT_INCLUDES_UNKNOWN_PRE_TOUCH_PART_OF_ENTRY_BAR,0.0,,1170,0,0,0,INSUFFICIENT_SAMPLE,1170,0,0,0,,0,0.0,0.0,,WITHHELD_BELOW_50_COMPARABLE_CLOSED_TRADES,0,0,,,WITHHELD_BELOW_90_DAILY_RETURNS_OR_30_CLOSED_TRADES,0,,0,0.0,156,,0,0.0,,False,0.0,NULL_WHEN_NO_TRADES_OR_NO_LOSSES,0,,0
bybit,240,60,WALK_08,0,REPLAY_COMPLETE,2023-06-27T00:00:00+00:00,2023-09-25T00:00:00+00:00,,,,0,,0,90,0,0,,0.0,UNION_ENTRY_BAR_START_TO_EXIT_INCLUDES_UNKNOWN_PRE_TOUCH_PART_OF_ENTRY_BAR,0.0,,1170,0,0,0,INSUFFICIENT_SAMPLE,1170,0,0,0,,0,0.0,0.0,,WITHHELD_BELOW_50_COMPARABLE_CLOSED_TRADES,0,0,,,WITHHELD_BELOW_90_DAILY_RETURNS_OR_30_CLOSED_TRADES,0,,0,0.0,165,,0,0.0,,False,0.0,NULL_WHEN_NO_TRADES_OR_NO_LOSSES,0,,0
bybit,240,60,WALK_09,0,REPLAY_COMPLETE,2023-09-25T00:00:00+00:00,2023-12-24T00:00:00+00:00,,,,0,,0,90,0,0,,0.0,UNION_ENTRY_BAR_START_TO_EXIT_INCLUDES_UNKNOWN_PRE_TOUCH_PART_OF_ENTRY_BAR,0.0,,1170,0,0,0,INSUFFICIENT_SAMPLE,1170,0,0,0,,0,0.0,0.0,,WITHHELD_BELOW_50_COMPARABLE_CLOSED_TRADES,0,0,,,WITHHELD_BELOW_90_DAILY_RETURNS_OR_30_CLOSED_TRADES,0,,0,0.0,165,,0,0.0,,False,0.0,NULL_WHEN_NO_TRADES_OR_NO_LOSSES,0,,0
bybit,240,60,WALK_10,0,REPLAY_COMPLETE,2023-12-24T00:00:00+00:00,2024-03-23T00:00:00+00:00,,,,0,,0,90,0,0,,0.0,UNION_ENTRY_BAR_START_TO_EXIT_INCLUDES_UNKNOWN_PRE_TOUCH_PART_OF_ENTRY_BAR,0.0,,1170,0,0,0,INSUFFICIENT_SAMPLE,1170,0,0,0,,0,0.0,0.0,,WITHHELD_BELOW_50_COMPARABLE_CLOSED_TRADES,0,0,,,WITHHELD_BELOW_90_DAILY_RETURNS_OR_30_CLOSED_TRADES,0,,0,0.0,150,,0,0.0,,False,0.0,NULL_WHEN_NO_TRADES_OR_NO_LOSSES,0,,0
bybit,240,60,WALK_11,0,REPLAY_COMPLETE,2024-03-23T00:00:00+00:00,2024-06-21T00:00:00+00:00,,,,0,,0,90,0,0,,0.0,UNION_ENTRY_BAR_START_TO_EXIT_INCLUDES_UNKNOWN_PRE_TOUCH_PART_OF_ENTRY_BAR,0.0,,1170,0,0,0,INSUFFICIENT_SAMPLE,1170,0,0,0,,0,0.0,0.0,,WITHHELD_BELOW_50_COMPARABLE_CLOSED_TRADES,0,0,,,WITHHELD_BELOW_90_DAILY_RETURNS_OR_30_CLOSED_TRADES,0,,0,0.0,165,,0,0.0,,False,0.0,NULL_WHEN_NO_TRADES_OR_NO_LOSSES,0,,0
bybit,240,60,WALK_12,0,REPLAY_COMPLETE,2024-06-21T00:00:00+00:00,2024-09-19T00:00:00+00:00,,,,0,,0,90,0,0,,0.0,UNION_ENTRY_BAR_START_TO_EXIT_INCLUDES_UNKNOWN_PRE_TOUCH_PART_OF_ENTRY_BAR,0.0,,1170,0,0,0,INSUFFICIENT_SAMPLE,1170,0,0,0,,0,0.0,0.0,,WITHHELD_BELOW_50_COMPARABLE_CLOSED_TRADES,0,0,,,WITHHELD_BELOW_90_DAILY_RETURNS_OR_30_CLOSED_TRADES,0,,0,0.0,169,,0,0.0,,False,0.0,NULL_WHEN_NO_TRADES_OR_NO_LOSSES,0,,0
bybit,240,60,WALK_13,0,REPLAY_COMPLETE,2024-09-19T00:00:00+00:00,2024-12-18T00:00:00+00:00,,,,0,,0,90,0,0,,0.0,UNION_ENTRY_BAR_START_TO_EXIT_INCLUDES_UNKNOWN_PRE_TOUCH_PART_OF_ENTRY_BAR,0.0,,1170,0,0,0,INSUFFICIENT_SAMPLE,1170,0,0,0,,0,0.0,0.0,,WITHHELD_BELOW_50_COMPARABLE_CLOSED_TRADES,0,0,,,WITHHELD_BELOW_90_DAILY_RETURNS_OR_30_CLOSED_TRADES,0,,0,0.0,160,,0,0.0,,False,0.0,NULL_WHEN_NO_TRADES_OR_NO_LOSSES,0,,0
bybit,240,60,WALK_14,0,REPLAY_COMPLETE,2024-12-18T00:00:00+00:00,2025-03-18T00:00:00+00:00,,,,0,,0,90,0,0,,0.0,UNION_ENTRY_BAR_START_TO_EXIT_INCLUDES_UNKNOWN_PRE_TOUCH_PART_OF_ENTRY_BAR,0.0,,1170,0,0,0,INSUFFICIENT_SAMPLE,1170,0,0,0,,0,0.0,0.0,,WITHHELD_BELOW_50_COMPARABLE_CLOSED_TRADES,0,0,,,WITHHELD_BELOW_90_DAILY_RETURNS_OR_30_CLOSED_TRADES,0,,0,0.0,151,,0,0.0,,False,0.0,NULL_WHEN_NO_TRADES_OR_NO_LOSSES,0,,0
bybit,240,60,WALK_15,0,REPLAY_COMPLETE,2025-03-18T00:00:00+00:00,2025-06-16T00:00:00+00:00,,,,0,,0,90,0,0,,0.0,UNION_ENTRY_BAR_START_TO_EXIT_INCLUDES_UNKNOWN_PRE_TOUCH_PART_OF_ENTRY_BAR,0.0,,1170,0,0,0,INSUFFICIENT_SAMPLE,1170,0,0,0,,0,0.0,0.0,,WITHHELD_BELOW_50_COMPARABLE_CLOSED_TRADES,0,0,,,WITHHELD_BELOW_90_DAILY_RETURNS_OR_30_CLOSED_TRADES,0,,0,0.0,155,,0,0.0,,False,0.0,NULL_WHEN_NO_TRADES_OR_NO_LOSSES,0,,0
bybit,240,60,WALK_16,0,REPLAY_COMPLETE,2025-06-16T00:00:00+00:00,2025-09-14T00:00:00+00:00,,,,0,,0,90,0,0,,0.0,UNION_ENTRY_BAR_START_TO_EXIT_INCLUDES_UNKNOWN_PRE_TOUCH_PART_OF_ENTRY_BAR,0.0,,1170,0,0,0,INSUFFICIENT_SAMPLE,1170,0,0,0,,0,0.0,0.0,,WITHHELD_BELOW_50_COMPARABLE_CLOSED_TRADES,0,0,,,WITHHELD_BELOW_90_DAILY_RETURNS_OR_30_CLOSED_TRADES,0,,0,0.0,154,,0,0.0,,False,0.0,NULL_WHEN_NO_TRADES_OR_NO_LOSSES,0,,0
bybit,240,60,WALK_17,0,REPLAY_COMPLETE,2025-09-14T00:00:00+00:00,2025-12-05T00:00:00+00:00,,,,0,,0,82,0,0,,0.0,UNION_ENTRY_BAR_START_TO_EXIT_INCLUDES_UNKNOWN_PRE_TOUCH_PART_OF_ENTRY_BAR,0.0,,1170,0,0,0,INSUFFICIENT_SAMPLE,1170,0,0,0,,0,0.0,0.0,,WITHHELD_BELOW_50_COMPARABLE_CLOSED_TRADES,0,0,,,WITHHELD_BELOW_90_DAILY_RETURNS_OR_30_CLOSED_TRADES,0,,0,0.0,129,,0,0.0,,False,0.0,NULL_WHEN_NO_TRADES_OR_NO_LOSSES,0,,0
binance,15,5,REFERENCE,0,REPLAY_COMPLETE,2020-09-05T00:00:00+00:00,2020-11-30T06:00:00+00:00,,,,0,,0,86,0,0,,0.0,UNION_ENTRY_BAR_START_TO_EXIT_INCLUDES_UNKNOWN_PRE_TOUCH_PART_OF_ENTRY_BAR,0.0,,1170,0,0,0,INSUFFICIENT_SAMPLE,1170,0,0,0,,0,0.0,0.0,,WITHHELD_BELOW_50_COMPARABLE_CLOSED_TRADES,0,0,,,WITHHELD_BELOW_90_DAILY_RETURNS_OR_30_CLOSED_TRADES,5,0.0,0,0.0,4150,,0,0.0,,False,0.0,NULL_WHEN_NO_TRADES_OR_NO_LOSSES,0,,0
binance,15,5,REFERENCE,1,REPLAY_COMPLETE,2020-12-02T07:00:00+00:00,2020-12-21T13:45:00+00:00,,,,0,,0,18,0,0,,0.0,UNION_ENTRY_BAR_START_TO_EXIT_INCLUDES_UNKNOWN_PRE_TOUCH_PART_OF_ENTRY_BAR,0.0,,1170,0,0,0,INSUFFICIENT_SAMPLE,1170,0,0,0,,0,0.0,0.0,,WITHHELD_BELOW_50_COMPARABLE_CLOSED_TRADES,0,0,,,WITHHELD_BELOW_90_DAILY_RETURNS_OR_30_CLOSED_TRADES,1,0.0,0,0.0,748,,0,0.0,,False,0.0,NULL_WHEN_NO_TRADES_OR_NO_LOSSES,0,,0
binance,15,5,REFERENCE,2,REPLAY_COMPLETE,2020-12-23T18:00:00+00:00,2020-12-25T02:00:00+00:00,,,,0,,0,1,0,0,,0.0,UNION_ENTRY_BAR_START_TO_EXIT_INCLUDES_UNKNOWN_PRE_TOUCH_PART_OF_ENTRY_BAR,0.0,,1170,0,0,0,INSUFFICIENT_SAMPLE,1170,0,0,0,,0,0.0,0.0,,WITHHELD_BELOW_50_COMPARABLE_CLOSED_TRADES,0,0,,,WITHHELD_BELOW_90_DAILY_RETURNS_OR_30_CLOSED_TRADES,0,,0,0.0,113,,0,0.0,,False,0.0,NULL_WHEN_NO_TRADES_OR_NO_LOSSES,0,,0
binance,15,5,REFERENCE,3,REPLAY_COMPLETE,2020-12-27T03:00:00+00:00,2021-02-11T03:40:00+00:00,,,,0,,0,45,0,0,,0.0,UNION_ENTRY_BAR_START_TO_EXIT_INCLUDES_UNKNOWN_PRE_TOUCH_PART_OF_ENTRY_BAR,0.0,,1170,0,0,0,INSUFFICIENT_SAMPLE,1170,0,0,0,,0,0.0,0.0,,WITHHELD_BELOW_50_COMPARABLE_CLOSED_TRADES,0,0,,,WITHHELD_BELOW_90_DAILY_RETURNS_OR_30_CLOSED_TRADES,2,0.0,0,0.0,1678,,0,0.0,,False,0.0,NULL_WHEN_NO_TRADES_OR_NO_LOSSES,0,,0
binance,15,5,REFERENCE,4,REPLAY_COMPLETE,2021-02-13T05:00:00+00:00,2021-03-06T02:00:00+00:00,,,,0,,0,20,0,0,,0.0,UNION_ENTRY_BAR_START_TO_EXIT_INCLUDES_UNKNOWN_PRE_TOUCH_PART_OF_ENTRY_BAR,0.0,,1170,0,0,0,INSUFFICIENT_SAMPLE,1170,0,0,0,,0,0.0,0.0,,WITHHELD_BELOW_50_COMPARABLE_CLOSED_TRADES,0,0,,,WITHHELD_BELOW_90_DAILY_RETURNS_OR_30_CLOSED_TRADES,0,,0,0.0,799,,0,0.0,,False,0.0,NULL_WHEN_NO_TRADES_OR_NO_LOSSES,0,,0
binance,15,5,REFERENCE,5,REPLAY_COMPLETE,2021-03-08T03:30:00+00:00,2021-04-20T02:00:00+00:00,-0.9999999999999999,4800.0,0.0,0,,1,42,1,-23.40000000000009,-23.4,0.0013747371825974446,UNION_ENTRY_BAR_START_TO_EXIT_INCLUDES_UNKNOWN_PRE_TOUCH_PART_OF_ENTRY_BAR,3.7504328170833023,,1146.6,-19.649567182916698,23.4,0,INSUFFICIENT_SAMPLE,1170,1,1,0,1.0,1,1064700.0,0.04126133715623983,-0.9999999999999999,WITHHELD_BELOW_50_COMPARABLE_CLOSED_TRADES,-23.4,0,,0.0,WITHHELD_BELOW_90_DAILY_RETURNS_OR_30_CLOSED_TRADES,2,0.5,-23.40000000000009,23.4,1690,,0,1.2501435363841216,,False,0.7088791848617175,NULL_WHEN_NO_TRADES_OR_NO_LOSSES,0,0.0,0
binance,15,5,REFERENCE,6,REPLAY_COMPLETE,2021-04-22T04:30:00+00:00,2021-04-25T04:00:00+00:00,,,,0,,0,2,0,0,,0.0,UNION_ENTRY_BAR_START_TO_EXIT_INCLUDES_UNKNOWN_PRE_TOUCH_PART_OF_ENTRY_BAR,0.0,,1170,0,0,0,INSUFFICIENT_SAMPLE,1170,0,0,0,,0,0.0,0.0,,WITHHELD_BELOW_50_COMPARABLE_CLOSED_TRADES,0,0,,,WITHHELD_BELOW_90_DAILY_RETURNS_OR_30_CLOSED_TRADES,0,,0,0.0,196,,0,0.0,,False,0.0,NULL_WHEN_NO_TRADES_OR_NO_LOSSES,0,,0
binance,15,5,REFERENCE,7,REPLAY_COMPLETE,2021-04-27T08:45:00+00:00,2021-08-13T02:00:00+00:00,-0.9999999999999999,2400.0,0.0,0,,2,107,2,-46.33200000000011,-23.165999999999997,0.0005802146794313896,UNION_ENTRY_BAR_START_TO_EXIT_INCLUDES_UNKNOWN_PRE_TOUCH_PART_OF_ENTRY_BAR,5.842515656985493,,1123.668,-40.4894843430145,46.331999999999994,0,INSUFFICIENT_SAMPLE,1170,1,2,0,1.0,2,6506700.0,0.04383688064615124,-0.9999999999999999,WITHHELD_BELOW_50_COMPARABLE_CLOSED_TRADES,-46.331999999999994,0,,0.0,WITHHELD_BELOW_90_DAILY_RETURNS_OR_30_CLOSED_TRADES,4,0.5,-46.33200000000011,46.331999999999994,4107,,1,1.947503677315872,,False,0.5651290977661735,NULL_WHEN_NO_TRADES_OR_NO_LOSSES,0,0.0,0
binance,15,5,REFERENCE,8,REPLAY_COMPLETE,2021-08-15T06:30:00+00:00,2021-09-29T07:00:00+00:00,-1.0000000000000002,15300.0,0.0,0,,1,44,1,-23.40000000000009,-23.400000000000006,0.004010488971155329,UNION_ENTRY_BAR_START_TO_EXIT_INCLUDES_UNKNOWN_PRE_TOUCH_PART_OF_ENTRY_BAR,3.9143476703008266,,1146.6,-19.485652329699178,23.400000000000006,0,INSUFFICIENT_SAMPLE,1170,0,1,0,1.0,1,2420700.0,0.040154826513748215,-1.0000000000000002,WITHHELD_BELOW_50_COMPARABLE_CLOSED_TRADES,-23.400000000000006,0,,0.0,WITHHELD_BELOW_90_DAILY_RETURNS_OR_30_CLOSED_TRADES,2,0.5,-23.40000000000009,23.400000000000006,1695,,1,1.304781829531478,,False,0.6760758907913003,NULL_WHEN_NO_TRADES_OR_NO_LOSSES,0,0.0,0
binance,15,5,REFERENCE,9,REPLAY_COMPLETE,2021-10-01T09:00:00+00:00,2023-03-24T12:40:00+00:00,-0.22788976306292663,18850.0,0.0,0,,6,538,6,-33.77081675271074,-5.6284694587851,0.0024665756459465726,UNION_ENTRY_BAR_START_TO_EXIT_INCLUDES_UNKNOWN_PRE_TOUCH_PART_OF_ENTRY_BAR,19.66133666769854,,1136.2291832472893,-14.109480085012056,94.3944047637534,60.623588011042806,INSUFFICIENT_SAMPLE,1170,2,3,2,0.6666666666666666,4,39667200.0,0.11459020557018809,-1.0,WITHHELD_BELOW_50_COMPARABLE_CLOSED_TRADES,-33.770816752710594,0,1.284474183883444,0.642237091941722,WITHHELD_BELOW_90_DAILY_RETURNS_OR_30_CLOSED_TRADES,29,0.20689655172413793,-33.77081675271074,70.99440476375341,18138,,4,6.553778587004165,,False,0.3387258816558901,NULL_WHEN_NO_TRADES_OR_NO_LOSSES,0,0.3333333333333333,2
binance,15,5,REFERENCE,10,REPLAY_COMPLETE,2023-03-26T14:00:00+00:00,2023-11-15T00:00:00+00:00,,,,0,,0,233,0,0,,0.0,UNION_ENTRY_BAR_START_TO_EXIT_INCLUDES_UNKNOWN_PRE_TOUCH_PART_OF_ENTRY_BAR,0.0,,1170,0,0,0,INSUFFICIENT_SAMPLE,1170,0,0,0,,0,0.0,0.0,,WITHHELD_BELOW_50_COMPARABLE_CLOSED_TRADES,0,0,,,WITHHELD_BELOW_90_DAILY_RETURNS_OR_30_CLOSED_TRADES,7,0.0,0,0.0,6298,,0,0.0,,False,0.0,NULL_WHEN_NO_TRADES_OR_NO_LOSSES,0,,0
binance,15,5,VALIDATION,10,REPLAY_COMPLETE,2023-11-15T00:00:00+00:00,2024-12-08T00:00:00+00:00,-0.6712383080406152,4275.0,0.0,0,,4,389,4,-61.866803758159676,-15.466700939539889,0.0005444872893459012,UNION_ENTRY_BAR_START_TO_EXIT_INCLUDES_UNKNOWN_PRE_TOUCH_PART_OF_ENTRY_BAR,11.186634434123357,,1108.1331962418403,-50.6801693240362,68.94696318860899,7.080159430449437,INSUFFICIENT_SAMPLE,1170,1,2,1,0.75,3,10158900.0,0.06409542915000202,-1.0,WITHHELD_BELOW_50_COMPARABLE_CLOSED_TRADES,-61.866803758159556,0,0.30806981640719366,0.10268993880239789,WITHHELD_BELOW_90_DAILY_RETURNS_OR_30_CLOSED_TRADES,37,0.10810810810810811,-61.866803758159676,61.86680375815956,15282,,3,3.7288762666557864,,False,0.3129820051413882,NULL_WHEN_NO_TRADES_OR_NO_LOSSES,0,0.25,1
binance,15,5,HOLDOUT,10,REPLAY_COMPLETE,2024-12-08T00:00:00+00:00,2026-01-01T00:00:00+00:00,-1.0,3075.0,0.0,0,,8,389,8,-174.60726357931094,-21.825907947413853,0.0008033419023136247,UNION_ENTRY_BAR_START_TO_EXIT_INCLUDES_UNKNOWN_PRE_TOUCH_PART_OF_ENTRY_BAR,25.01008590359322,,995.3927364206891,-149.5971776757176,174.60726357931082,0,INSUFFICIENT_SAMPLE,1170,2,8,0,1.0,8,29870400.0,0.14923697741821448,-1.0,WITHHELD_BELOW_50_COMPARABLE_CLOSED_TRADES,-174.60726357931082,0,,0.0,WITHHELD_BELOW_90_DAILY_RETURNS_OR_30_CLOSED_TRADES,43,0.18604651162790697,-174.60726357931094,174.60726357931085,17770,,6,8.336689650777641,,False,0.6259640102827764,NULL_WHEN_NO_TRADES_OR_NO_LOSSES,0,0.0,0
binance,15,5,WALK_00,1,REPLAY_COMPLETE,2020-12-04T00:00:00+00:00,2020-12-21T13:45:00+00:00,,,,0,,0,17,0,0,,0.0,UNION_ENTRY_BAR_START_TO_EXIT_INCLUDES_UNKNOWN_PRE_TOUCH_PART_OF_ENTRY_BAR,0.0,,1170,0,0,0,INSUFFICIENT_SAMPLE,1170,0,0,0,,0,0.0,0.0,,WITHHELD_BELOW_50_COMPARABLE_CLOSED_TRADES,0,0,,,WITHHELD_BELOW_90_DAILY_RETURNS_OR_30_CLOSED_TRADES,1,0.0,0,0.0,748,,0,0.0,,False,0.0,NULL_WHEN_NO_TRADES_OR_NO_LOSSES,0,,0
binance,15,5,WALK_00,2,REPLAY_COMPLETE,2020-12-23T18:00:00+00:00,2020-12-25T02:00:00+00:00,,,,0,,0,1,0,0,,0.0,UNION_ENTRY_BAR_START_TO_EXIT_INCLUDES_UNKNOWN_PRE_TOUCH_PART_OF_ENTRY_BAR,0.0,,1170,0,0,0,INSUFFICIENT_SAMPLE,1170,0,0,0,,0,0.0,0.0,,WITHHELD_BELOW_50_COMPARABLE_CLOSED_TRADES,0,0,,,WITHHELD_BELOW_90_DAILY_RETURNS_OR_30_CLOSED_TRADES,0,,0,0.0,113,,0,0.0,,False,0.0,NULL_WHEN_NO_TRADES_OR_NO_LOSSES,0,,0
binance,15,5,WALK_00,3,REPLAY_COMPLETE,2020-12-27T03:00:00+00:00,2021-02-11T03:40:00+00:00,,,,0,,0,45,0,0,,0.0,UNION_ENTRY_BAR_START_TO_EXIT_INCLUDES_UNKNOWN_PRE_TOUCH_PART_OF_ENTRY_BAR,0.0,,1170,0,0,0,INSUFFICIENT_SAMPLE,1170,0,0,0,,0,0.0,0.0,,WITHHELD_BELOW_50_COMPARABLE_CLOSED_TRADES,0,0,,,WITHHELD_BELOW_90_DAILY_RETURNS_OR_30_CLOSED_TRADES,2,0.0,0,0.0,1678,,0,0.0,,False,0.0,NULL_WHEN_NO_TRADES_OR_NO_LOSSES,0,,0
binance,15,5,WALK_00,4,REPLAY_COMPLETE,2021-02-13T05:00:00+00:00,2021-03-04T00:00:00+00:00,,,,0,,0,18,0,0,,0.0,UNION_ENTRY_BAR_START_TO_EXIT_INCLUDES_UNKNOWN_PRE_TOUCH_PART_OF_ENTRY_BAR,0.0,,1170,0,0,0,INSUFFICIENT_SAMPLE,1170,0,0,0,,0,0.0,0.0,,WITHHELD_BELOW_50_COMPARABLE_CLOSED_TRADES,0,0,,,WITHHELD_BELOW_90_DAILY_RETURNS_OR_30_CLOSED_TRADES,0,,0,0.0,717,,0,0.0,,False,0.0,NULL_WHEN_NO_TRADES_OR_NO_LOSSES,0,,0
binance,15,5,WALK_01,4,REPLAY_COMPLETE,2021-03-04T00:00:00+00:00,2021-03-06T02:00:00+00:00,,,,0,,0,2,0,0,,0.0,UNION_ENTRY_BAR_START_TO_EXIT_INCLUDES_UNKNOWN_PRE_TOUCH_PART_OF_ENTRY_BAR,0.0,,1170,0,0,0,INSUFFICIENT_SAMPLE,1170,0,0,0,,0,0.0,0.0,,WITHHELD_BELOW_50_COMPARABLE_CLOSED_TRADES,0,0,,,WITHHELD_BELOW_90_DAILY_RETURNS_OR_30_CLOSED_TRADES,0,,0,0.0,799,,0,0.0,,False,0.0,NULL_WHEN_NO_TRADES_OR_NO_LOSSES,0,,0
binance,15,5,WALK_01,5,REPLAY_COMPLETE,2021-03-08T03:30:00+00:00,2021-04-20T02:00:00+00:00,-0.9999999999999999,4800.0,0.0,0,,1,42,1,-23.40000000000009,-23.4,0.0013747371825974446,UNION_ENTRY_BAR_START_TO_EXIT_INCLUDES_UNKNOWN_PRE_TOUCH_PART_OF_ENTRY_BAR,3.7504328170833023,,1146.6,-19.649567182916698,23.4,0,INSUFFICIENT_SAMPLE,1170,1,1,0,1.0,1,1064700.0,0.04126133715623983,-0.9999999999999999,WITHHELD_BELOW_50_COMPARABLE_CLOSED_TRADES,-23.4,0,,0.0,WITHHELD_BELOW_90_DAILY_RETURNS_OR_30_CLOSED_TRADES,2,0.5,-23.40000000000009,23.4,1690,,0,1.2501435363841216,,False,0.7088791848617175,NULL_WHEN_NO_TRADES_OR_NO_LOSSES,0,0.0,0
binance,15,5,WALK_01,6,REPLAY_COMPLETE,2021-04-22T04:30:00+00:00,2021-04-25T04:00:00+00:00,,,,0,,0,2,0,0,,0.0,UNION_ENTRY_BAR_START_TO_EXIT_INCLUDES_UNKNOWN_PRE_TOUCH_PART_OF_ENTRY_BAR,0.0,,1170,0,0,0,INSUFFICIENT_SAMPLE,1170,0,0,0,,0,0.0,0.0,,WITHHELD_BELOW_50_COMPARABLE_CLOSED_TRADES,0,0,,,WITHHELD_BELOW_90_DAILY_RETURNS_OR_30_CLOSED_TRADES,0,,0,0.0,196,,0,0.0,,False,0.0,NULL_WHEN_NO_TRADES_OR_NO_LOSSES,0,,0
binance,15,5,WALK_01,7,REPLAY_COMPLETE,2021-04-27T08:45:00+00:00,2021-06-02T00:00:00+00:00,-0.9999999999999999,2400.0,0.0,0,,2,35,2,-46.33200000000011,-23.165999999999997,0.0017538731365097924,UNION_ENTRY_BAR_START_TO_EXIT_INCLUDES_UNKNOWN_PRE_TOUCH_PART_OF_ENTRY_BAR,5.842515656985493,,1123.668,-40.4894843430145,46.331999999999994,0,INSUFFICIENT_SAMPLE,1170,1,2,0,1.0,2,2556600.0,0.04383688064615124,-0.9999999999999999,WITHHELD_BELOW_50_COMPARABLE_CLOSED_TRADES,-46.331999999999994,0,,0.0,WITHHELD_BELOW_90_DAILY_RETURNS_OR_30_CLOSED_TRADES,3,0.6666666666666666,-46.33200000000011,46.331999999999994,1314,,1,1.947503677315872,,False,1.7082724349605378,NULL_WHEN_NO_TRADES_OR_NO_LOSSES,0,0.0,0
binance,15,5,WALK_02,7,REPLAY_COMPLETE,2021-06-02T00:00:00+00:00,2021-08-13T02:00:00+00:00,,,,0,,0,72,0,0,,0.0,UNION_ENTRY_BAR_START_TO_EXIT_INCLUDES_UNKNOWN_PRE_TOUCH_PART_OF_ENTRY_BAR,0.0,,1170,0,0,0,INSUFFICIENT_SAMPLE,1170,0,0,0,,0,0.0,0.0,,WITHHELD_BELOW_50_COMPARABLE_CLOSED_TRADES,0,0,,,WITHHELD_BELOW_90_DAILY_RETURNS_OR_30_CLOSED_TRADES,1,0.0,0,0.0,4107,,0,0.0,,False,0.0,NULL_WHEN_NO_TRADES_OR_NO_LOSSES,0,,0
binance,15,5,WALK_02,8,REPLAY_COMPLETE,2021-08-15T06:30:00+00:00,2021-08-31T00:00:00+00:00,,,,0,,0,15,0,0,,0.0,UNION_ENTRY_BAR_START_TO_EXIT_INCLUDES_UNKNOWN_PRE_TOUCH_PART_OF_ENTRY_BAR,0.0,,1170,0,0,0,INSUFFICIENT_SAMPLE,1170,0,0,0,,0,0.0,0.0,,WITHHELD_BELOW_50_COMPARABLE_CLOSED_TRADES,0,0,,,WITHHELD_BELOW_90_DAILY_RETURNS_OR_30_CLOSED_TRADES,1,0.0,0,0.0,621,,0,0.0,,False,0.0,NULL_WHEN_NO_TRADES_OR_NO_LOSSES,0,,0
binance,15,5,WALK_03,8,REPLAY_COMPLETE,2021-08-31T00:00:00+00:00,2021-09-29T07:00:00+00:00,-1.0000000000000002,15300.0,0.0,0,,1,29,1,-23.40000000000009,-23.400000000000006,0.006164058795637743,UNION_ENTRY_BAR_START_TO_EXIT_INCLUDES_UNKNOWN_PRE_TOUCH_PART_OF_ENTRY_BAR,3.9143476703008266,,1146.6,-19.485652329699178,23.400000000000006,0,INSUFFICIENT_SAMPLE,1170,0,1,0,1.0,1,2420700.0,0.040154826513748215,-1.0000000000000002,WITHHELD_BELOW_50_COMPARABLE_CLOSED_TRADES,-23.400000000000006,0,,0.0,WITHHELD_BELOW_90_DAILY_RETURNS_OR_30_CLOSED_TRADES,1,1.0,-23.40000000000009,23.400000000000006,1695,,1,1.304781829531478,,False,1.039118065433855,NULL_WHEN_NO_TRADES_OR_NO_LOSSES,0,0.0,0
binance,15,5,WALK_03,9,REPLAY_COMPLETE,2021-10-01T09:00:00+00:00,2021-11-29T00:00:00+00:00,-1.0,0.0,0.0,0,,1,58,1,-23.40000000000009,-23.400000000000002,5.922767116796968e-05,UNION_ENTRY_BAR_START_TO_EXIT_INCLUDES_UNKNOWN_PRE_TOUCH_PART_OF_ENTRY_BAR,2.665949793020641,,1146.6,-20.73405020697936,23.400000000000002,0,INSUFFICIENT_SAMPLE,1170,1,1,0,1.0,1,2822400.0,0.020000000000000077,-1.0,WITHHELD_BELOW_50_COMPARABLE_CLOSED_TRADES,-23.400000000000002,0,,0.0,WITHHELD_BELOW_90_DAILY_RETURNS_OR_30_CLOSED_TRADES,3,0.3333333333333333,-23.40000000000009,23.400000000000002,1991,,0,0.888649137190682,,False,0.5191897654584222,NULL_WHEN_NO_TRADES_OR_NO_LOSSES,0,0.0,0
binance,15,5,WALK_04,9,REPLAY_COMPLETE,2021-11-29T00:00:00+00:00,2022-02-27T00:00:00+00:00,1.31633071081122,45300.0,0.0,0,,2,90,2,61.86080409290071,30.930402046450414,0.011728395061728396,UNION_ENTRY_BAR_START_TO_EXIT_INCLUDES_UNKNOWN_PRE_TOUCH_PART_OF_ENTRY_BAR,5.820572988124263,8.59996241086545,1231.8608040929007,67.6813770810251,0,61.86080409290083,INSUFFICIENT_SAMPLE,1170,0,0,2,0.0,0,5925600.0,0.07020769554409258,1.31633071081122,WITHHELD_BELOW_50_COMPARABLE_CLOSED_TRADES,61.86080409290083,0,,,WITHHELD_BELOW_90_DAILY_RETURNS_OR_30_CLOSED_TRADES,6,0.3333333333333333,61.86080409290071,0.0,5041,,2,1.9401937809038678,,False,0.6763888888888889,NULL_WHEN_NO_TRADES_OR_NO_LOSSES,0,1.0,2
binance,15,5,WALK_05,9,REPLAY_COMPLETE,2022-02-27T00:00:00+00:00,2022-05-28T00:00:00+00:00,,,,0,,0,90,0,0,,0.0,UNION_ENTRY_BAR_START_TO_EXIT_INCLUDES_UNKNOWN_PRE_TOUCH_PART_OF_ENTRY_BAR,0.0,,1170,0,0,0,INSUFFICIENT_SAMPLE,1170,0,0,0,,0,0.0,0.0,,WITHHELD_BELOW_50_COMPARABLE_CLOSED_TRADES,0,0,,,WITHHELD_BELOW_90_DAILY_RETURNS_OR_30_CLOSED_TRADES,3,0.0,0,0.0,6032,,0,0.0,,False,0.0,NULL_WHEN_NO_TRADES_OR_NO_LOSSES,0,,0
binance,15,5,WALK_06,9,REPLAY_COMPLETE,2022-05-28T00:00:00+00:00,2022-08-26T00:00:00+00:00,-1.0000000000000002,7800.0,0.0,0,,1,90,1,-23.399999999999864,-23.400000000000006,0.0010416666666666667,UNION_ENTRY_BAR_START_TO_EXIT_INCLUDES_UNKNOWN_PRE_TOUCH_PART_OF_ENTRY_BAR,3.457314059327586,,1146.6000000000001,-19.94268594067242,23.400000000000006,0,INSUFFICIENT_SAMPLE,1170,0,1,0,1.0,1,4432200.0,0.028880822487720857,-1.0000000000000002,WITHHELD_BELOW_50_COMPARABLE_CLOSED_TRADES,-23.400000000000006,0,,0.0,WITHHELD_BELOW_90_DAILY_RETURNS_OR_30_CLOSED_TRADES,5,0.2,-23.399999999999864,23.400000000000006,6184,,1,1.1524372681662753,,False,0.33819444444444446,NULL_WHEN_NO_TRADES_OR_NO_LOSSES,0,0.0,0
binance,15,5,WALK_07,9,REPLAY_COMPLETE,2022-08-26T00:00:00+00:00,2022-11-24T00:00:00+00:00,-1.0,7350.0,0.0,0,,2,90,2,-46.33199999999988,-23.166000000000004,0.0019675925925925924,UNION_ENTRY_BAR_START_TO_EXIT_INCLUDES_UNKNOWN_PRE_TOUCH_PART_OF_ENTRY_BAR,7.638527675347351,,1123.6680000000001,-38.693472324652646,46.33200000000001,0,INSUFFICIENT_SAMPLE,1170,1,2,0,1.0,2,5353200.0,0.08780543057616935,-1.0,WITHHELD_BELOW_50_COMPARABLE_CLOSED_TRADES,-46.33200000000001,0,,0.0,WITHHELD_BELOW_90_DAILY_RETURNS_OR_30_CLOSED_TRADES,6,0.3333333333333333,-46.33199999999988,46.33200000000001,6224,,1,2.5461744458900832,,False,0.6763888888888889,NULL_WHEN_NO_TRADES_OR_NO_LOSSES,0,0.0,0
binance,15,5,WALK_08,9,REPLAY_COMPLETE,2022-11-24T00:00:00+00:00,2023-02-22T00:00:00+00:00,,,,0,,0,90,0,0,,0.0,UNION_ENTRY_BAR_START_TO_EXIT_INCLUDES_UNKNOWN_PRE_TOUCH_PART_OF_ENTRY_BAR,0.0,,1170,0,0,0,INSUFFICIENT_SAMPLE,1170,0,0,0,,0,0.0,0.0,,WITHHELD_BELOW_50_COMPARABLE_CLOSED_TRADES,0,0,,,WITHHELD_BELOW_90_DAILY_RETURNS_OR_30_CLOSED_TRADES,5,0.0,0,0.0,5866,,0,0.0,,False,0.0,NULL_WHEN_NO_TRADES_OR_NO_LOSSES,0,,0
binance,15,5,WALK_09,9,REPLAY_COMPLETE,2023-02-22T00:00:00+00:00,2023-03-24T12:40:00+00:00,,,,0,,0,30,0,0,,0.0,UNION_ENTRY_BAR_START_TO_EXIT_INCLUDES_UNKNOWN_PRE_TOUCH_PART_OF_ENTRY_BAR,0.0,,1170,0,0,0,INSUFFICIENT_SAMPLE,1170,0,0,0,,0,0.0,0.0,,WITHHELD_BELOW_50_COMPARABLE_CLOSED_TRADES,0,0,,,WITHHELD_BELOW_90_DAILY_RETURNS_OR_30_CLOSED_TRADES,2,0.0,0,0.0,3801,,0,0.0,,False,0.0,NULL_WHEN_NO_TRADES_OR_NO_LOSSES,0,,0
binance,15,5,WALK_09,10,REPLAY_COMPLETE,2023-03-26T14:00:00+00:00,2023-05-23T00:00:00+00:00,,,,0,,0,57,0,0,,0.0,UNION_ENTRY_BAR_START_TO_EXIT_INCLUDES_UNKNOWN_PRE_TOUCH_PART_OF_ENTRY_BAR,0.0,,1170,0,0,0,INSUFFICIENT_SAMPLE,1170,0,0,0,,0,0.0,0.0,,WITHHELD_BELOW_50_COMPARABLE_CLOSED_TRADES,0,0,,,WITHHELD_BELOW_90_DAILY_RETURNS_OR_30_CLOSED_TRADES,2,0.0,0,0.0,1851,,0,0.0,,False,0.0,NULL_WHEN_NO_TRADES_OR_NO_LOSSES,0,,0
binance,15,5,WALK_10,10,REPLAY_COMPLETE,2023-05-23T00:00:00+00:00,2023-08-21T00:00:00+00:00,,,,0,,0,90,0,0,,0.0,UNION_ENTRY_BAR_START_TO_EXIT_INCLUDES_UNKNOWN_PRE_TOUCH_PART_OF_ENTRY_BAR,0.0,,1170,0,0,0,INSUFFICIENT_SAMPLE,1170,0,0,0,,0,0.0,0.0,,WITHHELD_BELOW_50_COMPARABLE_CLOSED_TRADES,0,0,,,WITHHELD_BELOW_90_DAILY_RETURNS_OR_30_CLOSED_TRADES,3,0.0,0,0.0,4258,,0,0.0,,False,0.0,NULL_WHEN_NO_TRADES_OR_NO_LOSSES,0,,0
binance,15,5,WALK_11,10,REPLAY_COMPLETE,2023-08-21T00:00:00+00:00,2023-11-19T00:00:00+00:00,,,,0,,0,90,0,0,,0.0,UNION_ENTRY_BAR_START_TO_EXIT_INCLUDES_UNKNOWN_PRE_TOUCH_PART_OF_ENTRY_BAR,0.0,,1170,0,0,0,INSUFFICIENT_SAMPLE,1170,0,0,0,,0,0.0,0.0,,WITHHELD_BELOW_50_COMPARABLE_CLOSED_TRADES,0,0,,,WITHHELD_BELOW_90_DAILY_RETURNS_OR_30_CLOSED_TRADES,3,0.0,0,0.0,4568,,0,0.0,,False,0.0,NULL_WHEN_NO_TRADES_OR_NO_LOSSES,0,,0
binance,15,5,WALK_12,10,REPLAY_COMPLETE,2023-11-19T00:00:00+00:00,2024-02-17T00:00:00+00:00,,,,0,,0,90,0,0,,0.0,UNION_ENTRY_BAR_START_TO_EXIT_INCLUDES_UNKNOWN_PRE_TOUCH_PART_OF_ENTRY_BAR,0.0,,1170,0,0,0,INSUFFICIENT_SAMPLE,1170,0,0,0,,0,0.0,0.0,,WITHHELD_BELOW_50_COMPARABLE_CLOSED_TRADES,0,0,,,WITHHELD_BELOW_90_DAILY_RETURNS_OR_30_CLOSED_TRADES,9,0.0,0,0.0,5291,,0,0.0,,False,0.0,NULL_WHEN_NO_TRADES_OR_NO_LOSSES,0,,0
binance,15,5,WALK_13,10,REPLAY_COMPLETE,2024-02-17T00:00:00+00:00,2024-05-17T00:00:00+00:00,,,,0,,0,90,0,0,,0.0,UNION_ENTRY_BAR_START_TO_EXIT_INCLUDES_UNKNOWN_PRE_TOUCH_PART_OF_ENTRY_BAR,0.0,,1170,0,0,0,INSUFFICIENT_SAMPLE,1170,0,0,0,,0,0.0,0.0,,WITHHELD_BELOW_50_COMPARABLE_CLOSED_TRADES,0,0,,,WITHHELD_BELOW_90_DAILY_RETURNS_OR_30_CLOSED_TRADES,9,0.0,0,0.0,5983,,0,0.0,,False,0.0,NULL_WHEN_NO_TRADES_OR_NO_LOSSES,0,,0
binance,15,5,WALK_14,10,REPLAY_COMPLETE,2024-05-17T00:00:00+00:00,2024-08-15T00:00:00+00:00,-1.0,6900.0,0.0,0,,2,90,2,-46.33200000000011,-23.166000000000004,0.001851851851851852,UNION_ENTRY_BAR_START_TO_EXIT_INCLUDES_UNKNOWN_PRE_TOUCH_PART_OF_ENTRY_BAR,6.738609027918734,,1123.668,-39.59339097208127,46.33200000000001,0,INSUFFICIENT_SAMPLE,1170,0,2,0,1.0,2,533700.0,0.05097508053683202,-1.0,WITHHELD_BELOW_50_COMPARABLE_CLOSED_TRADES,-46.33200000000001,0,,0.0,WITHHELD_BELOW_90_DAILY_RETURNS_OR_30_CLOSED_TRADES,8,0.25,-46.33200000000011,46.33200000000001,6310,,2,2.2462015154184245,,False,0.6763888888888889,NULL_WHEN_NO_TRADES_OR_NO_LOSSES,0,0.0,0
binance,15,5,WALK_15,10,REPLAY_COMPLETE,2024-08-15T00:00:00+00:00,2024-11-13T00:00:00+00:00,,,,0,,0,90,0,0,,0.0,UNION_ENTRY_BAR_START_TO_EXIT_INCLUDES_UNKNOWN_PRE_TOUCH_PART_OF_ENTRY_BAR,0.0,,1170,0,0,0,INSUFFICIENT_SAMPLE,1170,0,0,0,,0,0.0,0.0,,WITHHELD_BELOW_50_COMPARABLE_CLOSED_TRADES,0,0,,,WITHHELD_BELOW_90_DAILY_RETURNS_OR_30_CLOSED_TRADES,8,0.0,0,0.0,6057,,0,0.0,,False,0.0,NULL_WHEN_NO_TRADES_OR_NO_LOSSES,0,,0
binance,15,5,WALK_16,10,REPLAY_COMPLETE,2024-11-13T00:00:00+00:00,2025-02-11T00:00:00+00:00,-0.561651077387487,1200.0,0.0,0,,3,90,3,-39.251840569550495,-13.083946856516853,0.0005787037037037037,UNION_ENTRY_BAR_START_TO_EXIT_INCLUDES_UNKNOWN_PRE_TOUCH_PART_OF_ENTRY_BAR,8.106175220738734,,1130.7481594304495,-31.14566534881183,46.62393493694897,7.372094367398415,INSUFFICIENT_SAMPLE,1170,1,2,1,0.6666666666666666,2,6619500.0,0.052330641804361165,-0.9999999999999999,WITHHELD_BELOW_50_COMPARABLE_CLOSED_TRADES,-39.25184056955056,0,0.316236472848889,0.1581182364244445,WITHHELD_BELOW_90_DAILY_RETURNS_OR_30_CLOSED_TRADES,7,0.42857142857142855,-39.251840569550495,46.62393493694898,6488,,2,2.7020572691681513,,False,1.0145833333333334,NULL_WHEN_NO_TRADES_OR_NO_LOSSES,0,0.3333333333333333,1
binance,15,5,WALK_17,10,REPLAY_COMPLETE,2025-02-11T00:00:00+00:00,2025-05-12T00:00:00+00:00,-1.0,8850.0,0.0,0,,2,90,2,-46.33200000000011,-23.166000000000004,0.0023533950617283953,UNION_ENTRY_BAR_START_TO_EXIT_INCLUDES_UNKNOWN_PRE_TOUCH_PART_OF_ENTRY_BAR,6.705046607185107,,1123.668,-39.6269533928149,46.33200000000001,0,INSUFFICIENT_SAMPLE,1170,1,2,0,1.0,2,7534800.0,0.03960000000000009,-1.0,WITHHELD_BELOW_50_COMPARABLE_CLOSED_TRADES,-46.33200000000001,0,,0.0,WITHHELD_BELOW_90_DAILY_RETURNS_OR_30_CLOSED_TRADES,10,0.2,-46.33200000000011,46.33200000000001,6933,,1,2.235014040050743,,False,0.6763888888888889,NULL_WHEN_NO_TRADES_OR_NO_LOSSES,0,0.0,0
binance,15,5,WALK_18,10,REPLAY_COMPLETE,2025-05-12T00:00:00+00:00,2025-08-10T00:00:00+00:00,-1.0,600.0,0.0,0,,2,90,2,-46.33200000000011,-23.166000000000004,0.0002314814814814815,UNION_ENTRY_BAR_START_TO_EXIT_INCLUDES_UNKNOWN_PRE_TOUCH_PART_OF_ENTRY_BAR,7.970707405269635,,1123.668,-38.36129259473037,46.33200000000001,0,INSUFFICIENT_SAMPLE,1170,0,2,0,1.0,2,5191200.0,0.03960000000000009,-1.0,WITHHELD_BELOW_50_COMPARABLE_CLOSED_TRADES,-46.33200000000001,0,,0.0,WITHHELD_BELOW_90_DAILY_RETURNS_OR_30_CLOSED_TRADES,17,0.11764705882352941,-46.33200000000011,46.33200000000001,6631,,2,2.6569010402474893,,False,0.6763888888888889,NULL_WHEN_NO_TRADES_OR_NO_LOSSES,0,0.0,0
binance,15,5,WALK_19,10,REPLAY_COMPLETE,2025-08-10T00:00:00+00:00,2025-11-08T00:00:00+00:00,-1.0,600.0,0.0,0,,1,90,1,-23.399999999999864,-23.400000000000002,0.00011574074074074075,UNION_ENTRY_BAR_START_TO_EXIT_INCLUDES_UNKNOWN_PRE_TOUCH_PART_OF_ENTRY_BAR,2.5503966053082805,,1146.6000000000001,-20.849603394691723,23.400000000000002,0,INSUFFICIENT_SAMPLE,1170,0,1,0,1.0,1,1861200.0,0.019999999999999882,-1.0,WITHHELD_BELOW_50_COMPARABLE_CLOSED_TRADES,-23.400000000000002,0,,0.0,WITHHELD_BELOW_90_DAILY_RETURNS_OR_30_CLOSED_TRADES,7,0.14285714285714285,-23.399999999999864,23.400000000000002,6597,,1,0.850131401790711,,False,0.33819444444444446,NULL_WHEN_NO_TRADES_OR_NO_LOSSES,0,0.0,0
binance,15,5,WALK_20,10,REPLAY_COMPLETE,2025-11-08T00:00:00+00:00,2026-01-01T00:00:00+00:00,-0.9999999999999999,1200.0,0.0,0,,1,54,1,-23.40000000000009,-23.4,0.0003215020576131687,UNION_ENTRY_BAR_START_TO_EXIT_INCLUDES_UNKNOWN_PRE_TOUCH_PART_OF_ENTRY_BAR,3.297338287043406,,1146.6,-20.102661712956596,23.4,0,INSUFFICIENT_SAMPLE,1170,1,1,0,1.0,1,2623200.0,0.02375737504872239,-0.9999999999999999,WITHHELD_BELOW_50_COMPARABLE_CLOSED_TRADES,-23.4,0,,0.0,WITHHELD_BELOW_90_DAILY_RETURNS_OR_30_CLOSED_TRADES,6,0.16666666666666666,-23.40000000000009,23.4,5408,,0,1.0991120022058476,,False,0.5636574074074073,NULL_WHEN_NO_TRADES_OR_NO_LOSSES,0,0.0,0
binance,60,5,REFERENCE,0,REPLAY_COMPLETE,2020-09-05T00:00:00+00:00,2020-11-30T06:00:00+00:00,,,,0,,0,86,0,0,,0.0,UNION_ENTRY_BAR_START_TO_EXIT_INCLUDES_UNKNOWN_PRE_TOUCH_PART_OF_ENTRY_BAR,0.0,,1170,0,0,0,INSUFFICIENT_SAMPLE,1170,0,0,0,,0,0.0,0.0,,WITHHELD_BELOW_50_COMPARABLE_CLOSED_TRADES,0,0,,,WITHHELD_BELOW_90_DAILY_RETURNS_OR_30_CLOSED_TRADES,0,,0,0.0,2019,,0,0.0,,False,0.0,NULL_WHEN_NO_TRADES_OR_NO_LOSSES,0,,0
binance,60,5,REFERENCE,1,REPLAY_COMPLETE,2020-12-02T07:00:00+00:00,2020-12-21T13:45:00+00:00,,,,0,,0,18,0,0,,0.0,UNION_ENTRY_BAR_START_TO_EXIT_INCLUDES_UNKNOWN_PRE_TOUCH_PART_OF_ENTRY_BAR,0.0,,1170,0,0,0,INSUFFICIENT_SAMPLE,1170,0,0,0,,0,0.0,0.0,,WITHHELD_BELOW_50_COMPARABLE_CLOSED_TRADES,0,0,,,WITHHELD_BELOW_90_DAILY_RETURNS_OR_30_CLOSED_TRADES,0,,0,0.0,336,,0,0.0,,False,0.0,NULL_WHEN_NO_TRADES_OR_NO_LOSSES,0,,0
binance,60,5,REFERENCE,2,REPLAY_COMPLETE,2020-12-23T18:00:00+00:00,2020-12-25T02:00:00+00:00,,,,0,,0,1,0,0,,0.0,UNION_ENTRY_BAR_START_TO_EXIT_INCLUDES_UNKNOWN_PRE_TOUCH_PART_OF_ENTRY_BAR,0.0,,1170,0,0,0,INSUFFICIENT_SAMPLE,1170,0,0,0,,0,0.0,0.0,,WITHHELD_BELOW_50_COMPARABLE_CLOSED_TRADES,0,0,,,WITHHELD_BELOW_90_DAILY_RETURNS_OR_30_CLOSED_TRADES,0,,0,0.0,43,,0,0.0,,False,0.0,NULL_WHEN_NO_TRADES_OR_NO_LOSSES,0,,0
binance,60,5,REFERENCE,3,REPLAY_COMPLETE,2020-12-27T03:00:00+00:00,2021-02-11T03:40:00+00:00,,,,0,,0,45,0,0,,0.0,UNION_ENTRY_BAR_START_TO_EXIT_INCLUDES_UNKNOWN_PRE_TOUCH_PART_OF_ENTRY_BAR,0.0,,1170,0,0,0,INSUFFICIENT_SAMPLE,1170,0,0,0,,0,0.0,0.0,,WITHHELD_BELOW_50_COMPARABLE_CLOSED_TRADES,0,0,,,WITHHELD_BELOW_90_DAILY_RETURNS_OR_30_CLOSED_TRADES,1,0.0,0,0.0,805,,0,0.0,,False,0.0,NULL_WHEN_NO_TRADES_OR_NO_LOSSES,0,,0
binance,60,5,REFERENCE,4,REPLAY_COMPLETE,2021-02-13T05:00:00+00:00,2021-03-06T02:00:00+00:00,,,,0,,0,20,0,0,,0.0,UNION_ENTRY_BAR_START_TO_EXIT_INCLUDES_UNKNOWN_PRE_TOUCH_PART_OF_ENTRY_BAR,0.0,,1170,0,0,0,INSUFFICIENT_SAMPLE,1170,0,0,0,,0,0.0,0.0,,WITHHELD_BELOW_50_COMPARABLE_CLOSED_TRADES,0,0,,,WITHHELD_BELOW_90_DAILY_RETURNS_OR_30_CLOSED_TRADES,0,,0,0.0,383,,0,0.0,,False,0.0,NULL_WHEN_NO_TRADES_OR_NO_LOSSES,0,,0
binance,60,5,REFERENCE,5,REPLAY_COMPLETE,2021-03-08T03:30:00+00:00,2021-04-20T02:00:00+00:00,,,,0,,0,42,0,0,,0.0,UNION_ENTRY_BAR_START_TO_EXIT_INCLUDES_UNKNOWN_PRE_TOUCH_PART_OF_ENTRY_BAR,0.0,,1170,0,0,0,INSUFFICIENT_SAMPLE,1170,0,0,0,,0,0.0,0.0,,WITHHELD_BELOW_50_COMPARABLE_CLOSED_TRADES,0,0,,,WITHHELD_BELOW_90_DAILY_RETURNS_OR_30_CLOSED_TRADES,0,,0,0.0,777,,0,0.0,,False,0.0,NULL_WHEN_NO_TRADES_OR_NO_LOSSES,0,,0
binance,60,5,REFERENCE,6,REPLAY_COMPLETE,2021-04-22T04:30:00+00:00,2021-04-25T04:00:00+00:00,,,,0,,0,2,0,0,,0.0,UNION_ENTRY_BAR_START_TO_EXIT_INCLUDES_UNKNOWN_PRE_TOUCH_PART_OF_ENTRY_BAR,0.0,,1170,0,0,0,INSUFFICIENT_SAMPLE,1170,0,0,0,,0,0.0,0.0,,WITHHELD_BELOW_50_COMPARABLE_CLOSED_TRADES,0,0,,,WITHHELD_BELOW_90_DAILY_RETURNS_OR_30_CLOSED_TRADES,0,,0,0.0,76,,0,0.0,,False,0.0,NULL_WHEN_NO_TRADES_OR_NO_LOSSES,0,,0
binance,60,5,REFERENCE,7,REPLAY_COMPLETE,2021-04-27T08:45:00+00:00,2021-08-13T02:00:00+00:00,,,,0,,0,107,0,0,,0.0,UNION_ENTRY_BAR_START_TO_EXIT_INCLUDES_UNKNOWN_PRE_TOUCH_PART_OF_ENTRY_BAR,0.0,,1170,0,0,0,INSUFFICIENT_SAMPLE,1170,0,0,0,,0,0.0,0.0,,WITHHELD_BELOW_50_COMPARABLE_CLOSED_TRADES,0,0,,,WITHHELD_BELOW_90_DAILY_RETURNS_OR_30_CLOSED_TRADES,0,,0,0.0,1859,,0,0.0,,False,0.0,NULL_WHEN_NO_TRADES_OR_NO_LOSSES,0,,0
binance,60,5,REFERENCE,8,REPLAY_COMPLETE,2021-08-15T06:30:00+00:00,2021-09-29T07:00:00+00:00,,,,0,,0,44,0,0,,0.0,UNION_ENTRY_BAR_START_TO_EXIT_INCLUDES_UNKNOWN_PRE_TOUCH_PART_OF_ENTRY_BAR,0.0,,1170,0,0,0,INSUFFICIENT_SAMPLE,1170,0,0,0,,0,0.0,0.0,,WITHHELD_BELOW_50_COMPARABLE_CLOSED_TRADES,0,0,,,WITHHELD_BELOW_90_DAILY_RETURNS_OR_30_CLOSED_TRADES,0,,0,0.0,804,,0,0.0,,False,0.0,NULL_WHEN_NO_TRADES_OR_NO_LOSSES,0,,0
binance,60,5,REFERENCE,9,REPLAY_COMPLETE,2021-10-01T09:00:00+00:00,2023-03-24T12:40:00+00:00,,,,0,,0,538,0,0,,0.0,UNION_ENTRY_BAR_START_TO_EXIT_INCLUDES_UNKNOWN_PRE_TOUCH_PART_OF_ENTRY_BAR,0.0,,1170,0,0,0,INSUFFICIENT_SAMPLE,1170,0,0,0,,0,0.0,0.0,,WITHHELD_BELOW_50_COMPARABLE_CLOSED_TRADES,0,0,,,WITHHELD_BELOW_90_DAILY_RETURNS_OR_30_CLOSED_TRADES,4,0.0,0,0.0,9066,,0,0.0,,False,0.0,NULL_WHEN_NO_TRADES_OR_NO_LOSSES,0,,0
binance,60,5,REFERENCE,10,REPLAY_COMPLETE,2023-03-26T14:00:00+00:00,2023-11-15T00:00:00+00:00,,,,0,,0,233,0,0,,0.0,UNION_ENTRY_BAR_START_TO_EXIT_INCLUDES_UNKNOWN_PRE_TOUCH_PART_OF_ENTRY_BAR,0.0,,1170,0,0,0,INSUFFICIENT_SAMPLE,1170,0,0,0,,0,0.0,0.0,,WITHHELD_BELOW_50_COMPARABLE_CLOSED_TRADES,0,0,,,WITHHELD_BELOW_90_DAILY_RETURNS_OR_30_CLOSED_TRADES,0,,0,0.0,3456,,0,0.0,,False,0.0,NULL_WHEN_NO_TRADES_OR_NO_LOSSES,0,,0
binance,60,5,VALIDATION,10,REPLAY_COMPLETE,2023-11-15T00:00:00+00:00,2024-12-08T00:00:00+00:00,-1.0,3600.0,0.0,0,,1,389,1,-23.40000000000009,-23.400000000000002,0.00011603827477863468,UNION_ENTRY_BAR_START_TO_EXIT_INCLUDES_UNKNOWN_PRE_TOUCH_PART_OF_ENTRY_BAR,3.8523086812863605,,1146.6,-19.54769131871364,23.400000000000002,0,INSUFFICIENT_SAMPLE,1170,1,1,0,1.0,1,5215800.0,0.039977155773193676,-1.0,WITHHELD_BELOW_50_COMPARABLE_CLOSED_TRADES,-23.400000000000002,0,,0.0,WITHHELD_BELOW_90_DAILY_RETURNS_OR_30_CLOSED_TRADES,6,0.16666666666666666,-23.40000000000009,23.400000000000002,7919,,0,1.284102163218369,,False,0.07824550128534705,NULL_WHEN_NO_TRADES_OR_NO_LOSSES,0,0.0,0
binance,60,5,HOLDOUT,10,REPLAY_COMPLETE,2024-12-08T00:00:00+00:00,2026-01-01T00:00:00+00:00,-1.0,10200.0,0.0,0,,1,389,1,-23.40000000000009,-23.400000000000002,0.00031241073978863183,UNION_ENTRY_BAR_START_TO_EXIT_INCLUDES_UNKNOWN_PRE_TOUCH_PART_OF_ENTRY_BAR,2.8691235181548977,,1146.6,-20.5308764818451,23.400000000000002,0,INSUFFICIENT_SAMPLE,1170,1,1,0,1.0,1,30811800.0,0.03959979692910046,-1.0,WITHHELD_BELOW_50_COMPARABLE_CLOSED_TRADES,-23.400000000000002,0,,0.0,WITHHELD_BELOW_90_DAILY_RETURNS_OR_30_CLOSED_TRADES,8,0.125,-23.40000000000009,23.400000000000002,8457,,0,0.9563737230714378,,False,0.07824550128534705,NULL_WHEN_NO_TRADES_OR_NO_LOSSES,0,0.0,0
binance,60,5,WALK_00,1,REPLAY_COMPLETE,2020-12-04T00:00:00+00:00,2020-12-21T13:45:00+00:00,,,,0,,0,17,0,0,,0.0,UNION_ENTRY_BAR_START_TO_EXIT_INCLUDES_UNKNOWN_PRE_TOUCH_PART_OF_ENTRY_BAR,0.0,,1170,0,0,0,INSUFFICIENT_SAMPLE,1170,0,0,0,,0,0.0,0.0,,WITHHELD_BELOW_50_COMPARABLE_CLOSED_TRADES,0,0,,,WITHHELD_BELOW_90_DAILY_RETURNS_OR_30_CLOSED_TRADES,0,,0,0.0,336,,0,0.0,,False,0.0,NULL_WHEN_NO_TRADES_OR_NO_LOSSES,0,,0
binance,60,5,WALK_00,2,REPLAY_COMPLETE,2020-12-23T18:00:00+00:00,2020-12-25T02:00:00+00:00,,,,0,,0,1,0,0,,0.0,UNION_ENTRY_BAR_START_TO_EXIT_INCLUDES_UNKNOWN_PRE_TOUCH_PART_OF_ENTRY_BAR,0.0,,1170,0,0,0,INSUFFICIENT_SAMPLE,1170,0,0,0,,0,0.0,0.0,,WITHHELD_BELOW_50_COMPARABLE_CLOSED_TRADES,0,0,,,WITHHELD_BELOW_90_DAILY_RETURNS_OR_30_CLOSED_TRADES,0,,0,0.0,43,,0,0.0,,False,0.0,NULL_WHEN_NO_TRADES_OR_NO_LOSSES,0,,0
binance,60,5,WALK_00,3,REPLAY_COMPLETE,2020-12-27T03:00:00+00:00,2021-02-11T03:40:00+00:00,,,,0,,0,45,0,0,,0.0,UNION_ENTRY_BAR_START_TO_EXIT_INCLUDES_UNKNOWN_PRE_TOUCH_PART_OF_ENTRY_BAR,0.0,,1170,0,0,0,INSUFFICIENT_SAMPLE,1170,0,0,0,,0,0.0,0.0,,WITHHELD_BELOW_50_COMPARABLE_CLOSED_TRADES,0,0,,,WITHHELD_BELOW_90_DAILY_RETURNS_OR_30_CLOSED_TRADES,1,0.0,0,0.0,805,,0,0.0,,False,0.0,NULL_WHEN_NO_TRADES_OR_NO_LOSSES,0,,0
binance,60,5,WALK_00,4,REPLAY_COMPLETE,2021-02-13T05:00:00+00:00,2021-03-04T00:00:00+00:00,,,,0,,0,18,0,0,,0.0,UNION_ENTRY_BAR_START_TO_EXIT_INCLUDES_UNKNOWN_PRE_TOUCH_PART_OF_ENTRY_BAR,0.0,,1170,0,0,0,INSUFFICIENT_SAMPLE,1170,0,0,0,,0,0.0,0.0,,WITHHELD_BELOW_50_COMPARABLE_CLOSED_TRADES,0,0,,,WITHHELD_BELOW_90_DAILY_RETURNS_OR_30_CLOSED_TRADES,0,,0,0.0,339,,0,0.0,,False,0.0,NULL_WHEN_NO_TRADES_OR_NO_LOSSES,0,,0
binance,60,5,WALK_01,4,REPLAY_COMPLETE,2021-03-04T00:00:00+00:00,2021-03-06T02:00:00+00:00,,,,0,,0,2,0,0,,0.0,UNION_ENTRY_BAR_START_TO_EXIT_INCLUDES_UNKNOWN_PRE_TOUCH_PART_OF_ENTRY_BAR,0.0,,1170,0,0,0,INSUFFICIENT_SAMPLE,1170,0,0,0,,0,0.0,0.0,,WITHHELD_BELOW_50_COMPARABLE_CLOSED_TRADES,0,0,,,WITHHELD_BELOW_90_DAILY_RETURNS_OR_30_CLOSED_TRADES,0,,0,0.0,383,,0,0.0,,False,0.0,NULL_WHEN_NO_TRADES_OR_NO_LOSSES,0,,0
binance,60,5,WALK_01,5,REPLAY_COMPLETE,2021-03-08T03:30:00+00:00,2021-04-20T02:00:00+00:00,,,,0,,0,42,0,0,,0.0,UNION_ENTRY_BAR_START_TO_EXIT_INCLUDES_UNKNOWN_PRE_TOUCH_PART_OF_ENTRY_BAR,0.0,,1170,0,0,0,INSUFFICIENT_SAMPLE,1170,0,0,0,,0,0.0,0.0,,WITHHELD_BELOW_50_COMPARABLE_CLOSED_TRADES,0,0,,,WITHHELD_BELOW_90_DAILY_RETURNS_OR_30_CLOSED_TRADES,0,,0,0.0,777,,0,0.0,,False,0.0,NULL_WHEN_NO_TRADES_OR_NO_LOSSES,0,,0
binance,60,5,WALK_01,6,REPLAY_COMPLETE,2021-04-22T04:30:00+00:00,2021-04-25T04:00:00+00:00,,,,0,,0,2,0,0,,0.0,UNION_ENTRY_BAR_START_TO_EXIT_INCLUDES_UNKNOWN_PRE_TOUCH_PART_OF_ENTRY_BAR,0.0,,1170,0,0,0,INSUFFICIENT_SAMPLE,1170,0,0,0,,0,0.0,0.0,,WITHHELD_BELOW_50_COMPARABLE_CLOSED_TRADES,0,0,,,WITHHELD_BELOW_90_DAILY_RETURNS_OR_30_CLOSED_TRADES,0,,0,0.0,76,,0,0.0,,False,0.0,NULL_WHEN_NO_TRADES_OR_NO_LOSSES,0,,0
binance,60,5,WALK_01,7,REPLAY_COMPLETE,2021-04-27T08:45:00+00:00,2021-06-02T00:00:00+00:00,,,,0,,0,35,0,0,,0.0,UNION_ENTRY_BAR_START_TO_EXIT_INCLUDES_UNKNOWN_PRE_TOUCH_PART_OF_ENTRY_BAR,0.0,,1170,0,0,0,INSUFFICIENT_SAMPLE,1170,0,0,0,,0,0.0,0.0,,WITHHELD_BELOW_50_COMPARABLE_CLOSED_TRADES,0,0,,,WITHHELD_BELOW_90_DAILY_RETURNS_OR_30_CLOSED_TRADES,0,,0,0.0,570,,0,0.0,,False,0.0,NULL_WHEN_NO_TRADES_OR_NO_LOSSES,0,,0
binance,60,5,WALK_02,7,REPLAY_COMPLETE,2021-06-02T00:00:00+00:00,2021-08-13T02:00:00+00:00,,,,0,,0,72,0,0,,0.0,UNION_ENTRY_BAR_START_TO_EXIT_INCLUDES_UNKNOWN_PRE_TOUCH_PART_OF_ENTRY_BAR,0.0,,1170,0,0,0,INSUFFICIENT_SAMPLE,1170,0,0,0,,0,0.0,0.0,,WITHHELD_BELOW_50_COMPARABLE_CLOSED_TRADES,0,0,,,WITHHELD_BELOW_90_DAILY_RETURNS_OR_30_CLOSED_TRADES,0,,0,0.0,1859,,0,0.0,,False,0.0,NULL_WHEN_NO_TRADES_OR_NO_LOSSES,0,,0
binance,60,5,WALK_02,8,REPLAY_COMPLETE,2021-08-15T06:30:00+00:00,2021-08-31T00:00:00+00:00,,,,0,,0,15,0,0,,0.0,UNION_ENTRY_BAR_START_TO_EXIT_INCLUDES_UNKNOWN_PRE_TOUCH_PART_OF_ENTRY_BAR,0.0,,1170,0,0,0,INSUFFICIENT_SAMPLE,1170,0,0,0,,0,0.0,0.0,,WITHHELD_BELOW_50_COMPARABLE_CLOSED_TRADES,0,0,,,WITHHELD_BELOW_90_DAILY_RETURNS_OR_30_CLOSED_TRADES,0,,0,0.0,289,,0,0.0,,False,0.0,NULL_WHEN_NO_TRADES_OR_NO_LOSSES,0,,0
binance,60,5,WALK_03,8,REPLAY_COMPLETE,2021-08-31T00:00:00+00:00,2021-09-29T07:00:00+00:00,,,,0,,0,29,0,0,,0.0,UNION_ENTRY_BAR_START_TO_EXIT_INCLUDES_UNKNOWN_PRE_TOUCH_PART_OF_ENTRY_BAR,0.0,,1170,0,0,0,INSUFFICIENT_SAMPLE,1170,0,0,0,,0,0.0,0.0,,WITHHELD_BELOW_50_COMPARABLE_CLOSED_TRADES,0,0,,,WITHHELD_BELOW_90_DAILY_RETURNS_OR_30_CLOSED_TRADES,0,,0,0.0,804,,0,0.0,,False,0.0,NULL_WHEN_NO_TRADES_OR_NO_LOSSES,0,,0
binance,60,5,WALK_03,9,REPLAY_COMPLETE,2021-10-01T09:00:00+00:00,2021-11-29T00:00:00+00:00,,,,0,,0,58,0,0,,0.0,UNION_ENTRY_BAR_START_TO_EXIT_INCLUDES_UNKNOWN_PRE_TOUCH_PART_OF_ENTRY_BAR,0.0,,1170,0,0,0,INSUFFICIENT_SAMPLE,1170,0,0,0,,0,0.0,0.0,,WITHHELD_BELOW_50_COMPARABLE_CLOSED_TRADES,0,0,,,WITHHELD_BELOW_90_DAILY_RETURNS_OR_30_CLOSED_TRADES,0,,0,0.0,1011,,0,0.0,,False,0.0,NULL_WHEN_NO_TRADES_OR_NO_LOSSES,0,,0
binance,60,5,WALK_04,9,REPLAY_COMPLETE,2021-11-29T00:00:00+00:00,2022-02-27T00:00:00+00:00,,,,0,,0,90,0,0,,0.0,UNION_ENTRY_BAR_START_TO_EXIT_INCLUDES_UNKNOWN_PRE_TOUCH_PART_OF_ENTRY_BAR,0.0,,1170,0,0,0,INSUFFICIENT_SAMPLE,1170,0,0,0,,0,0.0,0.0,,WITHHELD_BELOW_50_COMPARABLE_CLOSED_TRADES,0,0,,,WITHHELD_BELOW_90_DAILY_RETURNS_OR_30_CLOSED_TRADES,1,0.0,0,0.0,2460,,0,0.0,,False,0.0,NULL_WHEN_NO_TRADES_OR_NO_LOSSES,0,,0
binance,60,5,WALK_05,9,REPLAY_COMPLETE,2022-02-27T00:00:00+00:00,2022-05-28T00:00:00+00:00,,,,0,,0,90,0,0,,0.0,UNION_ENTRY_BAR_START_TO_EXIT_INCLUDES_UNKNOWN_PRE_TOUCH_PART_OF_ENTRY_BAR,0.0,,1170,0,0,0,INSUFFICIENT_SAMPLE,1170,0,0,0,,0,0.0,0.0,,WITHHELD_BELOW_50_COMPARABLE_CLOSED_TRADES,0,0,,,WITHHELD_BELOW_90_DAILY_RETURNS_OR_30_CLOSED_TRADES,0,,0,0.0,2913,,0,0.0,,False,0.0,NULL_WHEN_NO_TRADES_OR_NO_LOSSES,0,,0
binance,60,5,WALK_06,9,REPLAY_COMPLETE,2022-05-28T00:00:00+00:00,2022-08-26T00:00:00+00:00,,,,0,,0,90,0,0,,0.0,UNION_ENTRY_BAR_START_TO_EXIT_INCLUDES_UNKNOWN_PRE_TOUCH_PART_OF_ENTRY_BAR,0.0,,1170,0,0,0,INSUFFICIENT_SAMPLE,1170,0,0,0,,0,0.0,0.0,,WITHHELD_BELOW_50_COMPARABLE_CLOSED_TRADES,0,0,,,WITHHELD_BELOW_90_DAILY_RETURNS_OR_30_CLOSED_TRADES,0,,0,0.0,2962,,0,0.0,,False,0.0,NULL_WHEN_NO_TRADES_OR_NO_LOSSES,0,,0
binance,60,5,WALK_07,9,REPLAY_COMPLETE,2022-08-26T00:00:00+00:00,2022-11-24T00:00:00+00:00,,,,0,,0,90,0,0,,0.0,UNION_ENTRY_BAR_START_TO_EXIT_INCLUDES_UNKNOWN_PRE_TOUCH_PART_OF_ENTRY_BAR,0.0,,1170,0,0,0,INSUFFICIENT_SAMPLE,1170,0,0,0,,0,0.0,0.0,,WITHHELD_BELOW_50_COMPARABLE_CLOSED_TRADES,0,0,,,WITHHELD_BELOW_90_DAILY_RETURNS_OR_30_CLOSED_TRADES,0,,0,0.0,3138,,0,0.0,,False,0.0,NULL_WHEN_NO_TRADES_OR_NO_LOSSES,0,,0
binance,60,5,WALK_08,9,REPLAY_COMPLETE,2022-11-24T00:00:00+00:00,2023-02-22T00:00:00+00:00,,,,0,,0,90,0,0,,0.0,UNION_ENTRY_BAR_START_TO_EXIT_INCLUDES_UNKNOWN_PRE_TOUCH_PART_OF_ENTRY_BAR,0.0,,1170,0,0,0,INSUFFICIENT_SAMPLE,1170,0,0,0,,0,0.0,0.0,,WITHHELD_BELOW_50_COMPARABLE_CLOSED_TRADES,0,0,,,WITHHELD_BELOW_90_DAILY_RETURNS_OR_30_CLOSED_TRADES,2,0.0,0,0.0,3067,,0,0.0,,False,0.0,NULL_WHEN_NO_TRADES_OR_NO_LOSSES,0,,0
binance,60,5,WALK_09,9,REPLAY_COMPLETE,2023-02-22T00:00:00+00:00,2023-03-24T12:40:00+00:00,,,,0,,0,30,0,0,,0.0,UNION_ENTRY_BAR_START_TO_EXIT_INCLUDES_UNKNOWN_PRE_TOUCH_PART_OF_ENTRY_BAR,0.0,,1170,0,0,0,INSUFFICIENT_SAMPLE,1170,0,0,0,,0,0.0,0.0,,WITHHELD_BELOW_50_COMPARABLE_CLOSED_TRADES,0,0,,,WITHHELD_BELOW_90_DAILY_RETURNS_OR_30_CLOSED_TRADES,1,0.0,0,0.0,1912,,0,0.0,,False,0.0,NULL_WHEN_NO_TRADES_OR_NO_LOSSES,0,,0
binance,60,5,WALK_09,10,REPLAY_COMPLETE,2023-03-26T14:00:00+00:00,2023-05-23T00:00:00+00:00,,,,0,,0,57,0,0,,0.0,UNION_ENTRY_BAR_START_TO_EXIT_INCLUDES_UNKNOWN_PRE_TOUCH_PART_OF_ENTRY_BAR,0.0,,1170,0,0,0,INSUFFICIENT_SAMPLE,1170,0,0,0,,0,0.0,0.0,,WITHHELD_BELOW_50_COMPARABLE_CLOSED_TRADES,0,0,,,WITHHELD_BELOW_90_DAILY_RETURNS_OR_30_CLOSED_TRADES,0,,0,0.0,902,,0,0.0,,False,0.0,NULL_WHEN_NO_TRADES_OR_NO_LOSSES,0,,0
binance,60,5,WALK_10,10,REPLAY_COMPLETE,2023-05-23T00:00:00+00:00,2023-08-21T00:00:00+00:00,,,,0,,0,90,0,0,,0.0,UNION_ENTRY_BAR_START_TO_EXIT_INCLUDES_UNKNOWN_PRE_TOUCH_PART_OF_ENTRY_BAR,0.0,,1170,0,0,0,INSUFFICIENT_SAMPLE,1170,0,0,0,,0,0.0,0.0,,WITHHELD_BELOW_50_COMPARABLE_CLOSED_TRADES,0,0,,,WITHHELD_BELOW_90_DAILY_RETURNS_OR_30_CLOSED_TRADES,0,,0,0.0,2260,,0,0.0,,False,0.0,NULL_WHEN_NO_TRADES_OR_NO_LOSSES,0,,0
binance,60,5,WALK_11,10,REPLAY_COMPLETE,2023-08-21T00:00:00+00:00,2023-11-19T00:00:00+00:00,,,,0,,0,90,0,0,,0.0,UNION_ENTRY_BAR_START_TO_EXIT_INCLUDES_UNKNOWN_PRE_TOUCH_PART_OF_ENTRY_BAR,0.0,,1170,0,0,0,INSUFFICIENT_SAMPLE,1170,0,0,0,,0,0.0,0.0,,WITHHELD_BELOW_50_COMPARABLE_CLOSED_TRADES,0,0,,,WITHHELD_BELOW_90_DAILY_RETURNS_OR_30_CLOSED_TRADES,0,,0,0.0,2580,,0,0.0,,False,0.0,NULL_WHEN_NO_TRADES_OR_NO_LOSSES,0,,0
binance,60,5,WALK_12,10,REPLAY_COMPLETE,2023-11-19T00:00:00+00:00,2024-02-17T00:00:00+00:00,,,,0,,0,90,0,0,,0.0,UNION_ENTRY_BAR_START_TO_EXIT_INCLUDES_UNKNOWN_PRE_TOUCH_PART_OF_ENTRY_BAR,0.0,,1170,0,0,0,INSUFFICIENT_SAMPLE,1170,0,0,0,,0,0.0,0.0,,WITHHELD_BELOW_50_COMPARABLE_CLOSED_TRADES,0,0,,,WITHHELD_BELOW_90_DAILY_RETURNS_OR_30_CLOSED_TRADES,1,0.0,0,0.0,2809,,0,0.0,,False,0.0,NULL_WHEN_NO_TRADES_OR_NO_LOSSES,0,,0
binance,60,5,WALK_13,10,REPLAY_COMPLETE,2024-02-17T00:00:00+00:00,2024-05-17T00:00:00+00:00,,,,0,,0,90,0,0,,0.0,UNION_ENTRY_BAR_START_TO_EXIT_INCLUDES_UNKNOWN_PRE_TOUCH_PART_OF_ENTRY_BAR,0.0,,1170,0,0,0,INSUFFICIENT_SAMPLE,1170,0,0,0,,0,0.0,0.0,,WITHHELD_BELOW_50_COMPARABLE_CLOSED_TRADES,0,0,,,WITHHELD_BELOW_90_DAILY_RETURNS_OR_30_CLOSED_TRADES,0,,0,0.0,3032,,0,0.0,,False,0.0,NULL_WHEN_NO_TRADES_OR_NO_LOSSES,0,,0
binance,60,5,WALK_14,10,REPLAY_COMPLETE,2024-05-17T00:00:00+00:00,2024-08-15T00:00:00+00:00,,,,0,,0,90,0,0,,0.0,UNION_ENTRY_BAR_START_TO_EXIT_INCLUDES_UNKNOWN_PRE_TOUCH_PART_OF_ENTRY_BAR,0.0,,1170,0,0,0,INSUFFICIENT_SAMPLE,1170,0,0,0,,0,0.0,0.0,,WITHHELD_BELOW_50_COMPARABLE_CLOSED_TRADES,0,0,,,WITHHELD_BELOW_90_DAILY_RETURNS_OR_30_CLOSED_TRADES,1,0.0,0,0.0,3225,,0,0.0,,False,0.0,NULL_WHEN_NO_TRADES_OR_NO_LOSSES,0,,0
binance,60,5,WALK_15,10,REPLAY_COMPLETE,2024-08-15T00:00:00+00:00,2024-11-13T00:00:00+00:00,-1.0,3600.0,0.0,0,,1,90,1,-23.40000000000009,-23.400000000000002,0.0005015432098765432,UNION_ENTRY_BAR_START_TO_EXIT_INCLUDES_UNKNOWN_PRE_TOUCH_PART_OF_ENTRY_BAR,3.8523086812863605,,1146.6,-19.54769131871364,23.400000000000002,0,INSUFFICIENT_SAMPLE,1170,1,1,0,1.0,1,3055800.0,0.039977155773193676,-1.0,WITHHELD_BELOW_50_COMPARABLE_CLOSED_TRADES,-23.400000000000002,0,,0.0,WITHHELD_BELOW_90_DAILY_RETURNS_OR_30_CLOSED_TRADES,3,0.3333333333333333,-23.40000000000009,23.400000000000002,3119,,0,1.284102163218369,,False,0.33819444444444446,NULL_WHEN_NO_TRADES_OR_NO_LOSSES,0,0.0,0
binance,60,5,WALK_16,10,REPLAY_COMPLETE,2024-11-13T00:00:00+00:00,2025-02-11T00:00:00+00:00,-1.0,10200.0,0.0,0,,1,90,1,-23.40000000000009,-23.400000000000002,0.0013503086419753086,UNION_ENTRY_BAR_START_TO_EXIT_INCLUDES_UNKNOWN_PRE_TOUCH_PART_OF_ENTRY_BAR,2.8691235181548977,,1146.6,-20.5308764818451,23.400000000000002,0,INSUFFICIENT_SAMPLE,1170,1,1,0,1.0,1,2818200.0,0.03959979692910046,-1.0,WITHHELD_BELOW_50_COMPARABLE_CLOSED_TRADES,-23.400000000000002,0,,0.0,WITHHELD_BELOW_90_DAILY_RETURNS_OR_30_CLOSED_TRADES,2,0.5,-23.40000000000009,23.400000000000002,3134,,0,0.9563737230714378,,False,0.33819444444444446,NULL_WHEN_NO_TRADES_OR_NO_LOSSES,0,0.0,0
binance,60,5,WALK_17,10,REPLAY_COMPLETE,2025-02-11T00:00:00+00:00,2025-05-12T00:00:00+00:00,,,,0,,0,90,0,0,,0.0,UNION_ENTRY_BAR_START_TO_EXIT_INCLUDES_UNKNOWN_PRE_TOUCH_PART_OF_ENTRY_BAR,0.0,,1170,0,0,0,INSUFFICIENT_SAMPLE,1170,0,0,0,,0,0.0,0.0,,WITHHELD_BELOW_50_COMPARABLE_CLOSED_TRADES,0,0,,,WITHHELD_BELOW_90_DAILY_RETURNS_OR_30_CLOSED_TRADES,0,,0,0.0,3180,,0,0.0,,False,0.0,NULL_WHEN_NO_TRADES_OR_NO_LOSSES,0,,0
binance,60,5,WALK_18,10,REPLAY_COMPLETE,2025-05-12T00:00:00+00:00,2025-08-10T00:00:00+00:00,,,,0,,0,90,0,0,,0.0,UNION_ENTRY_BAR_START_TO_EXIT_INCLUDES_UNKNOWN_PRE_TOUCH_PART_OF_ENTRY_BAR,0.0,,1170,0,0,0,INSUFFICIENT_SAMPLE,1170,0,0,0,,0,0.0,0.0,,WITHHELD_BELOW_50_COMPARABLE_CLOSED_TRADES,0,0,,,WITHHELD_BELOW_90_DAILY_RETURNS_OR_30_CLOSED_TRADES,3,0.0,0,0.0,3148,,0,0.0,,False,0.0,NULL_WHEN_NO_TRADES_OR_NO_LOSSES,0,,0
binance,60,5,WALK_19,10,REPLAY_COMPLETE,2025-08-10T00:00:00+00:00,2025-11-08T00:00:00+00:00,,,,0,,0,90,0,0,,0.0,UNION_ENTRY_BAR_START_TO_EXIT_INCLUDES_UNKNOWN_PRE_TOUCH_PART_OF_ENTRY_BAR,0.0,,1170,0,0,0,INSUFFICIENT_SAMPLE,1170,0,0,0,,0,0.0,0.0,,WITHHELD_BELOW_50_COMPARABLE_CLOSED_TRADES,0,0,,,WITHHELD_BELOW_90_DAILY_RETURNS_OR_30_CLOSED_TRADES,3,0.0,0,0.0,3124,,0,0.0,,False,0.0,NULL_WHEN_NO_TRADES_OR_NO_LOSSES,0,,0
binance,60,5,WALK_20,10,REPLAY_COMPLETE,2025-11-08T00:00:00+00:00,2026-01-01T00:00:00+00:00,,,,0,,0,54,0,0,,0.0,UNION_ENTRY_BAR_START_TO_EXIT_INCLUDES_UNKNOWN_PRE_TOUCH_PART_OF_ENTRY_BAR,0.0,,1170,0,0,0,INSUFFICIENT_SAMPLE,1170,0,0,0,,0,0.0,0.0,,WITHHELD_BELOW_50_COMPARABLE_CLOSED_TRADES,0,0,,,WITHHELD_BELOW_90_DAILY_RETURNS_OR_30_CLOSED_TRADES,0,,0,0.0,2514,,0,0.0,,False,0.0,NULL_WHEN_NO_TRADES_OR_NO_LOSSES,0,,0
binance,60,15,REFERENCE,0,REPLAY_COMPLETE,2020-09-05T00:00:00+00:00,2020-11-30T06:00:00+00:00,,,,0,,0,86,0,0,,0.0,UNION_ENTRY_BAR_START_TO_EXIT_INCLUDES_UNKNOWN_PRE_TOUCH_PART_OF_ENTRY_BAR,0.0,,1170,0,0,0,INSUFFICIENT_SAMPLE,1170,0,0,0,,0,0.0,0.0,,WITHHELD_BELOW_50_COMPARABLE_CLOSED_TRADES,0,0,,,WITHHELD_BELOW_90_DAILY_RETURNS_OR_30_CLOSED_TRADES,0,,0,0.0,1321,,0,0.0,,False,0.0,NULL_WHEN_NO_TRADES_OR_NO_LOSSES,0,,0
binance,60,15,REFERENCE,1,REPLAY_COMPLETE,2020-12-06T07:00:00+00:00,2020-12-21T13:45:00+00:00,,,,0,,0,14,0,0,,0.0,UNION_ENTRY_BAR_START_TO_EXIT_INCLUDES_UNKNOWN_PRE_TOUCH_PART_OF_ENTRY_BAR,0.0,,1170,0,0,0,INSUFFICIENT_SAMPLE,1170,0,0,0,,0,0.0,0.0,,WITHHELD_BELOW_50_COMPARABLE_CLOSED_TRADES,0,0,,,WITHHELD_BELOW_90_DAILY_RETURNS_OR_30_CLOSED_TRADES,0,,0,0.0,235,,0,0.0,,False,0.0,NULL_WHEN_NO_TRADES_OR_NO_LOSSES,0,,0
binance,60,15,REFERENCE,2,INSUFFICIENT_CONTIGUOUS_WARMUP,,,,,,,,,,,,,,,,,,,,,,,,,,,,,,,,,,,,,,,,,,,,,,,,,,,
binance,60,15,REFERENCE,3,REPLAY_COMPLETE,2020-12-31T03:00:00+00:00,2021-02-11T03:30:00+00:00,,,,0,,0,41,0,0,,0.0,UNION_ENTRY_BAR_START_TO_EXIT_INCLUDES_UNKNOWN_PRE_TOUCH_PART_OF_ENTRY_BAR,0.0,,1170,0,0,0,INSUFFICIENT_SAMPLE,1170,0,0,0,,0,0.0,0.0,,WITHHELD_BELOW_50_COMPARABLE_CLOSED_TRADES,0,0,,,WITHHELD_BELOW_90_DAILY_RETURNS_OR_30_CLOSED_TRADES,0,,0,0.0,537,,0,0.0,,False,0.0,NULL_WHEN_NO_TRADES_OR_NO_LOSSES,0,,0
binance,60,15,REFERENCE,4,REPLAY_COMPLETE,2021-02-17T05:00:00+00:00,2021-03-06T02:00:00+00:00,,,,0,,0,16,0,0,,0.0,UNION_ENTRY_BAR_START_TO_EXIT_INCLUDES_UNKNOWN_PRE_TOUCH_PART_OF_ENTRY_BAR,0.0,,1170,0,0,0,INSUFFICIENT_SAMPLE,1170,0,0,0,,0,0.0,0.0,,WITHHELD_BELOW_50_COMPARABLE_CLOSED_TRADES,0,0,,,WITHHELD_BELOW_90_DAILY_RETURNS_OR_30_CLOSED_TRADES,0,,0,0.0,257,,0,0.0,,False,0.0,NULL_WHEN_NO_TRADES_OR_NO_LOSSES,0,,0
binance,60,15,REFERENCE,5,REPLAY_COMPLETE,2021-03-12T03:30:00+00:00,2021-04-20T02:00:00+00:00,,,,0,,0,38,0,0,,0.0,UNION_ENTRY_BAR_START_TO_EXIT_INCLUDES_UNKNOWN_PRE_TOUCH_PART_OF_ENTRY_BAR,0.0,,1170,0,0,0,INSUFFICIENT_SAMPLE,1170,0,0,0,,0,0.0,0.0,,WITHHELD_BELOW_50_COMPARABLE_CLOSED_TRADES,0,0,,,WITHHELD_BELOW_90_DAILY_RETURNS_OR_30_CLOSED_TRADES,0,,0,0.0,486,,0,0.0,,False,0.0,NULL_WHEN_NO_TRADES_OR_NO_LOSSES,0,,0
binance,60,15,REFERENCE,6,INSUFFICIENT_CONTIGUOUS_WARMUP,,,,,,,,,,,,,,,,,,,,,,,,,,,,,,,,,,,,,,,,,,,,,,,,,,,
binance,60,15,REFERENCE,7,REPLAY_COMPLETE,2021-05-01T08:45:00+00:00,2021-08-13T02:00:00+00:00,,,,0,,0,103,0,0,,0.0,UNION_ENTRY_BAR_START_TO_EXIT_INCLUDES_UNKNOWN_PRE_TOUCH_PART_OF_ENTRY_BAR,0.0,,1170,0,0,0,INSUFFICIENT_SAMPLE,1170,0,0,0,,0,0.0,0.0,,WITHHELD_BELOW_50_COMPARABLE_CLOSED_TRADES,0,0,,,WITHHELD_BELOW_90_DAILY_RETURNS_OR_30_CLOSED_TRADES,1,0.0,0,0.0,1301,,0,0.0,,False,0.0,NULL_WHEN_NO_TRADES_OR_NO_LOSSES,0,,0
binance,60,15,REFERENCE,8,REPLAY_COMPLETE,2021-08-19T06:30:00+00:00,2021-09-29T07:00:00+00:00,,,,0,,0,40,0,0,,0.0,UNION_ENTRY_BAR_START_TO_EXIT_INCLUDES_UNKNOWN_PRE_TOUCH_PART_OF_ENTRY_BAR,0.0,,1170,0,0,0,INSUFFICIENT_SAMPLE,1170,0,0,0,,0,0.0,0.0,,WITHHELD_BELOW_50_COMPARABLE_CLOSED_TRADES,0,0,,,WITHHELD_BELOW_90_DAILY_RETURNS_OR_30_CLOSED_TRADES,0,,0,0.0,553,,0,0.0,,False,0.0,NULL_WHEN_NO_TRADES_OR_NO_LOSSES,0,,0
binance,60,15,REFERENCE,9,REPLAY_COMPLETE,2021-10-05T09:00:00+00:00,2023-03-24T12:30:00+00:00,-1.0,5700.0,0.0,0,,3,534,3,-68.80535999999984,-22.935120000000005,0.0004282321797017947,UNION_ENTRY_BAR_START_TO_EXIT_INCLUDES_UNKNOWN_PRE_TOUCH_PART_OF_ENTRY_BAR,9.88533115505864,,1101.1946400000002,-58.92002884494137,68.80536000000001,0,INSUFFICIENT_SAMPLE,1170,1,3,0,1.0,3,14683500.0,0.13221224914034327,-1.0,WITHHELD_BELOW_50_COMPARABLE_CLOSED_TRADES,-68.80536000000001,0,,0.0,WITHHELD_BELOW_90_DAILY_RETURNS_OR_30_CLOSED_TRADES,4,0.75,-68.80535999999984,68.80536000000001,5983,,2,3.2951081600227345,,False,0.17063105851208782,NULL_WHEN_NO_TRADES_OR_NO_LOSSES,0,0.0,0
binance,60,15,REFERENCE,10,REPLAY_COMPLETE,2023-03-30T14:00:00+00:00,2023-11-15T00:00:00+00:00,-1.0,900.0,0.0,0,,1,229,1,-23.399999999999864,-23.400000000000002,9.081002542680712e-05,UNION_ENTRY_BAR_START_TO_EXIT_INCLUDES_UNKNOWN_PRE_TOUCH_PART_OF_ENTRY_BAR,3.268808475740157,,1146.6000000000001,-20.131191524259847,23.400000000000002,0,INSUFFICIENT_SAMPLE,1170,1,1,0,1.0,1,13093200.0,0.019999999999999882,-1.0,WITHHELD_BELOW_50_COMPARABLE_CLOSED_TRADES,-23.400000000000002,0,,0.0,WITHHELD_BELOW_90_DAILY_RETURNS_OR_30_CLOSED_TRADES,2,0.5,-23.399999999999864,23.400000000000002,2409,,0,1.0896020635833497,,False,0.13267344714856522,NULL_WHEN_NO_TRADES_OR_NO_LOSSES,0,0.0,0
binance,60,15,VALIDATION,10,REPLAY_COMPLETE,2023-11-15T00:00:00+00:00,2024-12-08T00:00:00+00:00,-0.9999999999999999,33300.0,0.0,0,,1,389,1,-23.40000000000009,-23.4,0.001017566409597258,UNION_ENTRY_BAR_START_TO_EXIT_INCLUDES_UNKNOWN_PRE_TOUCH_PART_OF_ENTRY_BAR,2.862915201880866,,1146.6,-20.537084798119135,23.4,0,INSUFFICIENT_SAMPLE,1170,1,1,0,1.0,1,13611600.0,0.03776910216133819,-0.9999999999999999,WITHHELD_BELOW_50_COMPARABLE_CLOSED_TRADES,-23.4,0,,0.0,WITHHELD_BELOW_90_DAILY_RETURNS_OR_30_CLOSED_TRADES,4,0.25,-23.40000000000009,23.4,5227,,0,0.9543042839822062,,False,0.07824550128534705,NULL_WHEN_NO_TRADES_OR_NO_LOSSES,0,0.0,0
binance,60,15,HOLDOUT,10,REPLAY_COMPLETE,2024-12-08T00:00:00+00:00,2026-01-01T00:00:00+00:00,-1.0,3600.0,0.0,0,,1,389,1,-23.399999999999864,-23.400000000000002,0.00013389031705227078,UNION_ENTRY_BAR_START_TO_EXIT_INCLUDES_UNKNOWN_PRE_TOUCH_PART_OF_ENTRY_BAR,2.584519321868544,,1146.6000000000001,-20.815480678131458,23.400000000000002,0,INSUFFICIENT_SAMPLE,1170,1,1,0,1.0,1,28681200.0,0.03447129545812443,-1.0,WITHHELD_BELOW_50_COMPARABLE_CLOSED_TRADES,-23.400000000000002,0,,0.0,WITHHELD_BELOW_90_DAILY_RETURNS_OR_30_CLOSED_TRADES,5,0.2,-23.399999999999864,23.400000000000002,4957,,0,0.8615056424635592,,False,0.07824550128534705,NULL_WHEN_NO_TRADES_OR_NO_LOSSES,0,0.0,0
binance,60,15,WALK_00,1,REPLAY_COMPLETE,2020-12-06T07:00:00+00:00,2020-12-21T13:45:00+00:00,,,,0,,0,14,0,0,,0.0,UNION_ENTRY_BAR_START_TO_EXIT_INCLUDES_UNKNOWN_PRE_TOUCH_PART_OF_ENTRY_BAR,0.0,,1170,0,0,0,INSUFFICIENT_SAMPLE,1170,0,0,0,,0,0.0,0.0,,WITHHELD_BELOW_50_COMPARABLE_CLOSED_TRADES,0,0,,,WITHHELD_BELOW_90_DAILY_RETURNS_OR_30_CLOSED_TRADES,0,,0,0.0,235,,0,0.0,,False,0.0,NULL_WHEN_NO_TRADES_OR_NO_LOSSES,0,,0
binance,60,15,WALK_00,2,INSUFFICIENT_CONTIGUOUS_WARMUP,,,,,,,,,,,,,,,,,,,,,,,,,,,,,,,,,,,,,,,,,,,,,,,,,,,
binance,60,15,WALK_00,3,REPLAY_COMPLETE,2020-12-31T03:00:00+00:00,2021-02-11T03:30:00+00:00,,,,0,,0,41,0,0,,0.0,UNION_ENTRY_BAR_START_TO_EXIT_INCLUDES_UNKNOWN_PRE_TOUCH_PART_OF_ENTRY_BAR,0.0,,1170,0,0,0,INSUFFICIENT_SAMPLE,1170,0,0,0,,0,0.0,0.0,,WITHHELD_BELOW_50_COMPARABLE_CLOSED_TRADES,0,0,,,WITHHELD_BELOW_90_DAILY_RETURNS_OR_30_CLOSED_TRADES,0,,0,0.0,537,,0,0.0,,False,0.0,NULL_WHEN_NO_TRADES_OR_NO_LOSSES,0,,0
binance,60,15,WALK_00,4,REPLAY_COMPLETE,2021-02-17T05:00:00+00:00,2021-03-04T00:00:00+00:00,,,,0,,0,14,0,0,,0.0,UNION_ENTRY_BAR_START_TO_EXIT_INCLUDES_UNKNOWN_PRE_TOUCH_PART_OF_ENTRY_BAR,0.0,,1170,0,0,0,INSUFFICIENT_SAMPLE,1170,0,0,0,,0,0.0,0.0,,WITHHELD_BELOW_50_COMPARABLE_CLOSED_TRADES,0,0,,,WITHHELD_BELOW_90_DAILY_RETURNS_OR_30_CLOSED_TRADES,0,,0,0.0,230,,0,0.0,,False,0.0,NULL_WHEN_NO_TRADES_OR_NO_LOSSES,0,,0
binance,60,15,WALK_01,4,REPLAY_COMPLETE,2021-03-04T00:00:00+00:00,2021-03-06T02:00:00+00:00,,,,0,,0,2,0,0,,0.0,UNION_ENTRY_BAR_START_TO_EXIT_INCLUDES_UNKNOWN_PRE_TOUCH_PART_OF_ENTRY_BAR,0.0,,1170,0,0,0,INSUFFICIENT_SAMPLE,1170,0,0,0,,0,0.0,0.0,,WITHHELD_BELOW_50_COMPARABLE_CLOSED_TRADES,0,0,,,WITHHELD_BELOW_90_DAILY_RETURNS_OR_30_CLOSED_TRADES,0,,0,0.0,257,,0,0.0,,False,0.0,NULL_WHEN_NO_TRADES_OR_NO_LOSSES,0,,0
binance,60,15,WALK_01,5,REPLAY_COMPLETE,2021-03-12T03:30:00+00:00,2021-04-20T02:00:00+00:00,,,,0,,0,38,0,0,,0.0,UNION_ENTRY_BAR_START_TO_EXIT_INCLUDES_UNKNOWN_PRE_TOUCH_PART_OF_ENTRY_BAR,0.0,,1170,0,0,0,INSUFFICIENT_SAMPLE,1170,0,0,0,,0,0.0,0.0,,WITHHELD_BELOW_50_COMPARABLE_CLOSED_TRADES,0,0,,,WITHHELD_BELOW_90_DAILY_RETURNS_OR_30_CLOSED_TRADES,0,,0,0.0,486,,0,0.0,,False,0.0,NULL_WHEN_NO_TRADES_OR_NO_LOSSES,0,,0
binance,60,15,WALK_01,6,INSUFFICIENT_CONTIGUOUS_WARMUP,,,,,,,,,,,,,,,,,,,,,,,,,,,,,,,,,,,,,,,,,,,,,,,,,,,
binance,60,15,WALK_01,7,REPLAY_COMPLETE,2021-05-01T08:45:00+00:00,2021-06-02T00:00:00+00:00,,,,0,,0,31,0,0,,0.0,UNION_ENTRY_BAR_START_TO_EXIT_INCLUDES_UNKNOWN_PRE_TOUCH_PART_OF_ENTRY_BAR,0.0,,1170,0,0,0,INSUFFICIENT_SAMPLE,1170,0,0,0,,0,0.0,0.0,,WITHHELD_BELOW_50_COMPARABLE_CLOSED_TRADES,0,0,,,WITHHELD_BELOW_90_DAILY_RETURNS_OR_30_CLOSED_TRADES,0,,0,0.0,408,,0,0.0,,False,0.0,NULL_WHEN_NO_TRADES_OR_NO_LOSSES,0,,0
binance,60,15,WALK_02,7,REPLAY_COMPLETE,2021-06-02T00:00:00+00:00,2021-08-13T02:00:00+00:00,,,,0,,0,72,0,0,,0.0,UNION_ENTRY_BAR_START_TO_EXIT_INCLUDES_UNKNOWN_PRE_TOUCH_PART_OF_ENTRY_BAR,0.0,,1170,0,0,0,INSUFFICIENT_SAMPLE,1170,0,0,0,,0,0.0,0.0,,WITHHELD_BELOW_50_COMPARABLE_CLOSED_TRADES,0,0,,,WITHHELD_BELOW_90_DAILY_RETURNS_OR_30_CLOSED_TRADES,1,0.0,0,0.0,1301,,0,0.0,,False,0.0,NULL_WHEN_NO_TRADES_OR_NO_LOSSES,0,,0
binance,60,15,WALK_02,8,REPLAY_COMPLETE,2021-08-19T06:30:00+00:00,2021-08-31T00:00:00+00:00,,,,0,,0,11,0,0,,0.0,UNION_ENTRY_BAR_START_TO_EXIT_INCLUDES_UNKNOWN_PRE_TOUCH_PART_OF_ENTRY_BAR,0.0,,1170,0,0,0,INSUFFICIENT_SAMPLE,1170,0,0,0,,0,0.0,0.0,,WITHHELD_BELOW_50_COMPARABLE_CLOSED_TRADES,0,0,,,WITHHELD_BELOW_90_DAILY_RETURNS_OR_30_CLOSED_TRADES,0,,0,0.0,210,,0,0.0,,False,0.0,NULL_WHEN_NO_TRADES_OR_NO_LOSSES,0,,0
binance,60,15,WALK_03,8,REPLAY_COMPLETE,2021-08-31T00:00:00+00:00,2021-09-29T07:00:00+00:00,,,,0,,0,29,0,0,,0.0,UNION_ENTRY_BAR_START_TO_EXIT_INCLUDES_UNKNOWN_PRE_TOUCH_PART_OF_ENTRY_BAR,0.0,,1170,0,0,0,INSUFFICIENT_SAMPLE,1170,0,0,0,,0,0.0,0.0,,WITHHELD_BELOW_50_COMPARABLE_CLOSED_TRADES,0,0,,,WITHHELD_BELOW_90_DAILY_RETURNS_OR_30_CLOSED_TRADES,0,,0,0.0,553,,0,0.0,,False,0.0,NULL_WHEN_NO_TRADES_OR_NO_LOSSES,0,,0
binance,60,15,WALK_03,9,REPLAY_COMPLETE,2021-10-05T09:00:00+00:00,2021-11-29T00:00:00+00:00,,,,0,,0,54,0,0,,0.0,UNION_ENTRY_BAR_START_TO_EXIT_INCLUDES_UNKNOWN_PRE_TOUCH_PART_OF_ENTRY_BAR,0.0,,1170,0,0,0,INSUFFICIENT_SAMPLE,1170,0,0,0,,0,0.0,0.0,,WITHHELD_BELOW_50_COMPARABLE_CLOSED_TRADES,0,0,,,WITHHELD_BELOW_90_DAILY_RETURNS_OR_30_CLOSED_TRADES,0,,0,0.0,658,,0,0.0,,False,0.0,NULL_WHEN_NO_TRADES_OR_NO_LOSSES,0,,0
binance,60,15,WALK_04,9,REPLAY_COMPLETE,2021-11-29T00:00:00+00:00,2022-02-27T00:00:00+00:00,,,,0,,0,90,0,0,,0.0,UNION_ENTRY_BAR_START_TO_EXIT_INCLUDES_UNKNOWN_PRE_TOUCH_PART_OF_ENTRY_BAR,0.0,,1170,0,0,0,INSUFFICIENT_SAMPLE,1170,0,0,0,,0,0.0,0.0,,WITHHELD_BELOW_50_COMPARABLE_CLOSED_TRADES,0,0,,,WITHHELD_BELOW_90_DAILY_RETURNS_OR_30_CLOSED_TRADES,0,,0,0.0,1524,,0,0.0,,False,0.0,NULL_WHEN_NO_TRADES_OR_NO_LOSSES,0,,0
binance,60,15,WALK_05,9,REPLAY_COMPLETE,2022-02-27T00:00:00+00:00,2022-05-28T00:00:00+00:00,,,,0,,0,90,0,0,,0.0,UNION_ENTRY_BAR_START_TO_EXIT_INCLUDES_UNKNOWN_PRE_TOUCH_PART_OF_ENTRY_BAR,0.0,,1170,0,0,0,INSUFFICIENT_SAMPLE,1170,0,0,0,,0,0.0,0.0,,WITHHELD_BELOW_50_COMPARABLE_CLOSED_TRADES,0,0,,,WITHHELD_BELOW_90_DAILY_RETURNS_OR_30_CLOSED_TRADES,0,,0,0.0,1840,,0,0.0,,False,0.0,NULL_WHEN_NO_TRADES_OR_NO_LOSSES,0,,0
binance,60,15,WALK_06,9,REPLAY_COMPLETE,2022-05-28T00:00:00+00:00,2022-08-26T00:00:00+00:00,,,,0,,0,90,0,0,,0.0,UNION_ENTRY_BAR_START_TO_EXIT_INCLUDES_UNKNOWN_PRE_TOUCH_PART_OF_ENTRY_BAR,0.0,,1170,0,0,0,INSUFFICIENT_SAMPLE,1170,0,0,0,,0,0.0,0.0,,WITHHELD_BELOW_50_COMPARABLE_CLOSED_TRADES,0,0,,,WITHHELD_BELOW_90_DAILY_RETURNS_OR_30_CLOSED_TRADES,0,,0,0.0,1971,,0,0.0,,False,0.0,NULL_WHEN_NO_TRADES_OR_NO_LOSSES,0,,0
binance,60,15,WALK_07,9,REPLAY_COMPLETE,2022-08-26T00:00:00+00:00,2022-11-24T00:00:00+00:00,-1.0,5700.0,0.0,0,,3,90,3,-68.80535999999984,-22.935120000000005,0.0025462962962962965,UNION_ENTRY_BAR_START_TO_EXIT_INCLUDES_UNKNOWN_PRE_TOUCH_PART_OF_ENTRY_BAR,9.88533115505864,,1101.1946400000002,-58.92002884494137,68.80536000000001,0,INSUFFICIENT_SAMPLE,1170,1,3,0,1.0,3,4270500.0,0.13221224914034327,-1.0,WITHHELD_BELOW_50_COMPARABLE_CLOSED_TRADES,-68.80536000000001,0,,0.0,WITHHELD_BELOW_90_DAILY_RETURNS_OR_30_CLOSED_TRADES,4,0.75,-68.80535999999984,68.80536000000001,2130,,2,3.2951081600227345,,False,1.0145833333333334,NULL_WHEN_NO_TRADES_OR_NO_LOSSES,0,0.0,0
binance,60,15,WALK_08,9,REPLAY_COMPLETE,2022-11-24T00:00:00+00:00,2023-02-22T00:00:00+00:00,,,,0,,0,90,0,0,,0.0,UNION_ENTRY_BAR_START_TO_EXIT_INCLUDES_UNKNOWN_PRE_TOUCH_PART_OF_ENTRY_BAR,0.0,,1170,0,0,0,INSUFFICIENT_SAMPLE,1170,0,0,0,,0,0.0,0.0,,WITHHELD_BELOW_50_COMPARABLE_CLOSED_TRADES,0,0,,,WITHHELD_BELOW_90_DAILY_RETURNS_OR_30_CLOSED_TRADES,0,,0,0.0,2108,,0,0.0,,False,0.0,NULL_WHEN_NO_TRADES_OR_NO_LOSSES,0,,0
binance,60,15,WALK_09,9,REPLAY_COMPLETE,2023-02-22T00:00:00+00:00,2023-03-24T12:30:00+00:00,,,,0,,0,30,0,0,,0.0,UNION_ENTRY_BAR_START_TO_EXIT_INCLUDES_UNKNOWN_PRE_TOUCH_PART_OF_ENTRY_BAR,0.0,,1170,0,0,0,INSUFFICIENT_SAMPLE,1170,0,0,0,,0,0.0,0.0,,WITHHELD_BELOW_50_COMPARABLE_CLOSED_TRADES,0,0,,,WITHHELD_BELOW_90_DAILY_RETURNS_OR_30_CLOSED_TRADES,0,,0,0.0,1296,,0,0.0,,False,0.0,NULL_WHEN_NO_TRADES_OR_NO_LOSSES,0,,0
binance,60,15,WALK_09,10,REPLAY_COMPLETE,2023-03-30T14:00:00+00:00,2023-05-23T00:00:00+00:00,,,,0,,0,53,0,0,,0.0,UNION_ENTRY_BAR_START_TO_EXIT_INCLUDES_UNKNOWN_PRE_TOUCH_PART_OF_ENTRY_BAR,0.0,,1170,0,0,0,INSUFFICIENT_SAMPLE,1170,0,0,0,,0,0.0,0.0,,WITHHELD_BELOW_50_COMPARABLE_CLOSED_TRADES,0,0,,,WITHHELD_BELOW_90_DAILY_RETURNS_OR_30_CLOSED_TRADES,1,0.0,0,0.0,621,,0,0.0,,False,0.0,NULL_WHEN_NO_TRADES_OR_NO_LOSSES,0,,0
binance,60,15,WALK_10,10,REPLAY_COMPLETE,2023-05-23T00:00:00+00:00,2023-08-21T00:00:00+00:00,-1.0,900.0,0.0,0,,1,90,1,-23.399999999999864,-23.400000000000002,0.0002314814814814815,UNION_ENTRY_BAR_START_TO_EXIT_INCLUDES_UNKNOWN_PRE_TOUCH_PART_OF_ENTRY_BAR,3.268808475740157,,1146.6000000000001,-20.131191524259847,23.400000000000002,0,INSUFFICIENT_SAMPLE,1170,1,1,0,1.0,1,5662800.0,0.019999999999999882,-1.0,WITHHELD_BELOW_50_COMPARABLE_CLOSED_TRADES,-23.400000000000002,0,,0.0,WITHHELD_BELOW_90_DAILY_RETURNS_OR_30_CLOSED_TRADES,1,1.0,-23.399999999999864,23.400000000000002,1569,,0,1.0896020635833497,,False,0.33819444444444446,NULL_WHEN_NO_TRADES_OR_NO_LOSSES,0,0.0,0
binance,60,15,WALK_11,10,REPLAY_COMPLETE,2023-08-21T00:00:00+00:00,2023-11-19T00:00:00+00:00,,,,0,,0,90,0,0,,0.0,UNION_ENTRY_BAR_START_TO_EXIT_INCLUDES_UNKNOWN_PRE_TOUCH_PART_OF_ENTRY_BAR,0.0,,1170,0,0,0,INSUFFICIENT_SAMPLE,1170,0,0,0,,0,0.0,0.0,,WITHHELD_BELOW_50_COMPARABLE_CLOSED_TRADES,0,0,,,WITHHELD_BELOW_90_DAILY_RETURNS_OR_30_CLOSED_TRADES,0,,0,0.0,1814,,0,0.0,,False,0.0,NULL_WHEN_NO_TRADES_OR_NO_LOSSES,0,,0
binance,60,15,WALK_12,10,REPLAY_COMPLETE,2023-11-19T00:00:00+00:00,2024-02-17T00:00:00+00:00,,,,0,,0,90,0,0,,0.0,UNION_ENTRY_BAR_START_TO_EXIT_INCLUDES_UNKNOWN_PRE_TOUCH_PART_OF_ENTRY_BAR,0.0,,1170,0,0,0,INSUFFICIENT_SAMPLE,1170,0,0,0,,0,0.0,0.0,,WITHHELD_BELOW_50_COMPARABLE_CLOSED_TRADES,0,0,,,WITHHELD_BELOW_90_DAILY_RETURNS_OR_30_CLOSED_TRADES,0,,0,0.0,1944,,0,0.0,,False,0.0,NULL_WHEN_NO_TRADES_OR_NO_LOSSES,0,,0
binance,60,15,WALK_13,10,REPLAY_COMPLETE,2024-02-17T00:00:00+00:00,2024-05-17T00:00:00+00:00,,,,0,,0,90,0,0,,0.0,UNION_ENTRY_BAR_START_TO_EXIT_INCLUDES_UNKNOWN_PRE_TOUCH_PART_OF_ENTRY_BAR,0.0,,1170,0,0,0,INSUFFICIENT_SAMPLE,1170,0,0,0,,0,0.0,0.0,,WITHHELD_BELOW_50_COMPARABLE_CLOSED_TRADES,0,0,,,WITHHELD_BELOW_90_DAILY_RETURNS_OR_30_CLOSED_TRADES,0,,0,0.0,2046,,0,0.0,,False,0.0,NULL_WHEN_NO_TRADES_OR_NO_LOSSES,0,,0
binance,60,15,WALK_14,10,REPLAY_COMPLETE,2024-05-17T00:00:00+00:00,2024-08-15T00:00:00+00:00,-0.9999999999999999,33300.0,0.0,0,,1,90,1,-23.40000000000009,-23.4,0.004398148148148148,UNION_ENTRY_BAR_START_TO_EXIT_INCLUDES_UNKNOWN_PRE_TOUCH_PART_OF_ENTRY_BAR,2.862915201880866,,1146.6,-20.537084798119135,23.4,0,INSUFFICIENT_SAMPLE,1170,1,1,0,1.0,1,3675600.0,0.03776910216133819,-0.9999999999999999,WITHHELD_BELOW_50_COMPARABLE_CLOSED_TRADES,-23.4,0,,0.0,WITHHELD_BELOW_90_DAILY_RETURNS_OR_30_CLOSED_TRADES,1,1.0,-23.40000000000009,23.4,2054,,0,0.9543042839822062,,False,0.33819444444444446,NULL_WHEN_NO_TRADES_OR_NO_LOSSES,0,0.0,0
binance,60,15,WALK_15,10,REPLAY_COMPLETE,2024-08-15T00:00:00+00:00,2024-11-13T00:00:00+00:00,,,,0,,0,90,0,0,,0.0,UNION_ENTRY_BAR_START_TO_EXIT_INCLUDES_UNKNOWN_PRE_TOUCH_PART_OF_ENTRY_BAR,0.0,,1170,0,0,0,INSUFFICIENT_SAMPLE,1170,0,0,0,,0,0.0,0.0,,WITHHELD_BELOW_50_COMPARABLE_CLOSED_TRADES,0,0,,,WITHHELD_BELOW_90_DAILY_RETURNS_OR_30_CLOSED_TRADES,1,0.0,0,0.0,1974,,0,0.0,,False,0.0,NULL_WHEN_NO_TRADES_OR_NO_LOSSES,0,,0
binance,60,15,WALK_16,10,REPLAY_COMPLETE,2024-11-13T00:00:00+00:00,2025-02-11T00:00:00+00:00,-1.0,3600.0,0.0,0,,1,90,1,-23.399999999999864,-23.400000000000002,0.0005787037037037037,UNION_ENTRY_BAR_START_TO_EXIT_INCLUDES_UNKNOWN_PRE_TOUCH_PART_OF_ENTRY_BAR,2.584519321868544,,1146.6000000000001,-20.815480678131458,23.400000000000002,0,INSUFFICIENT_SAMPLE,1170,1,1,0,1.0,1,687600.0,0.03447129545812443,-1.0,WITHHELD_BELOW_50_COMPARABLE_CLOSED_TRADES,-23.400000000000002,0,,0.0,WITHHELD_BELOW_90_DAILY_RETURNS_OR_30_CLOSED_TRADES,1,1.0,-23.399999999999864,23.400000000000002,1961,,0,0.8615056424635592,,False,0.33819444444444446,NULL_WHEN_NO_TRADES_OR_NO_LOSSES,0,0.0,0
binance,60,15,WALK_17,10,REPLAY_COMPLETE,2025-02-11T00:00:00+00:00,2025-05-12T00:00:00+00:00,,,,0,,0,90,0,0,,0.0,UNION_ENTRY_BAR_START_TO_EXIT_INCLUDES_UNKNOWN_PRE_TOUCH_PART_OF_ENTRY_BAR,0.0,,1170,0,0,0,INSUFFICIENT_SAMPLE,1170,0,0,0,,0,0.0,0.0,,WITHHELD_BELOW_50_COMPARABLE_CLOSED_TRADES,0,0,,,WITHHELD_BELOW_90_DAILY_RETURNS_OR_30_CLOSED_TRADES,0,,0,0.0,2028,,0,0.0,,False,0.0,NULL_WHEN_NO_TRADES_OR_NO_LOSSES,0,,0
binance,60,15,WALK_18,10,REPLAY_COMPLETE,2025-05-12T00:00:00+00:00,2025-08-10T00:00:00+00:00,,,,0,,0,90,0,0,,0.0,UNION_ENTRY_BAR_START_TO_EXIT_INCLUDES_UNKNOWN_PRE_TOUCH_PART_OF_ENTRY_BAR,0.0,,1170,0,0,0,INSUFFICIENT_SAMPLE,1170,0,0,0,,0,0.0,0.0,,WITHHELD_BELOW_50_COMPARABLE_CLOSED_TRADES,0,0,,,WITHHELD_BELOW_90_DAILY_RETURNS_OR_30_CLOSED_TRADES,1,0.0,0,0.0,2045,,0,0.0,,False,0.0,NULL_WHEN_NO_TRADES_OR_NO_LOSSES,0,,0
binance,60,15,WALK_19,10,REPLAY_COMPLETE,2025-08-10T00:00:00+00:00,2025-11-08T00:00:00+00:00,,,,0,,0,90,0,0,,0.0,UNION_ENTRY_BAR_START_TO_EXIT_INCLUDES_UNKNOWN_PRE_TOUCH_PART_OF_ENTRY_BAR,0.0,,1170,0,0,0,INSUFFICIENT_SAMPLE,1170,0,0,0,,0,0.0,0.0,,WITHHELD_BELOW_50_COMPARABLE_CLOSED_TRADES,0,0,,,WITHHELD_BELOW_90_DAILY_RETURNS_OR_30_CLOSED_TRADES,2,0.0,0,0.0,1820,,0,0.0,,False,0.0,NULL_WHEN_NO_TRADES_OR_NO_LOSSES,0,,0
binance,60,15,WALK_20,10,REPLAY_COMPLETE,2025-11-08T00:00:00+00:00,2026-01-01T00:00:00+00:00,,,,0,,0,54,0,0,,0.0,UNION_ENTRY_BAR_START_TO_EXIT_INCLUDES_UNKNOWN_PRE_TOUCH_PART_OF_ENTRY_BAR,0.0,,1170,0,0,0,INSUFFICIENT_SAMPLE,1170,0,0,0,,0,0.0,0.0,,WITHHELD_BELOW_50_COMPARABLE_CLOSED_TRADES,0,0,,,WITHHELD_BELOW_90_DAILY_RETURNS_OR_30_CLOSED_TRADES,0,,0,0.0,1159,,0,0.0,,False,0.0,NULL_WHEN_NO_TRADES_OR_NO_LOSSES,0,,0
binance,240,5,REFERENCE,0,REPLAY_COMPLETE,2020-09-05T00:00:00+00:00,2020-11-30T06:00:00+00:00,,,,0,,0,86,0,0,,0.0,UNION_ENTRY_BAR_START_TO_EXIT_INCLUDES_UNKNOWN_PRE_TOUCH_PART_OF_ENTRY_BAR,0.0,,1170,0,0,0,INSUFFICIENT_SAMPLE,1170,0,0,0,,0,0.0,0.0,,WITHHELD_BELOW_50_COMPARABLE_CLOSED_TRADES,0,0,,,WITHHELD_BELOW_90_DAILY_RETURNS_OR_30_CLOSED_TRADES,0,,0,0.0,693,,0,0.0,,False,0.0,NULL_WHEN_NO_TRADES_OR_NO_LOSSES,0,,0
binance,240,5,REFERENCE,1,REPLAY_COMPLETE,2020-12-02T07:00:00+00:00,2020-12-21T13:45:00+00:00,,,,0,,0,18,0,0,,0.0,UNION_ENTRY_BAR_START_TO_EXIT_INCLUDES_UNKNOWN_PRE_TOUCH_PART_OF_ENTRY_BAR,0.0,,1170,0,0,0,INSUFFICIENT_SAMPLE,1170,0,0,0,,0,0.0,0.0,,WITHHELD_BELOW_50_COMPARABLE_CLOSED_TRADES,0,0,,,WITHHELD_BELOW_90_DAILY_RETURNS_OR_30_CLOSED_TRADES,0,,0,0.0,91,,0,0.0,,False,0.0,NULL_WHEN_NO_TRADES_OR_NO_LOSSES,0,,0
binance,240,5,REFERENCE,2,REPLAY_COMPLETE,2020-12-23T18:00:00+00:00,2020-12-25T02:00:00+00:00,,,,0,,0,1,0,0,,0.0,UNION_ENTRY_BAR_START_TO_EXIT_INCLUDES_UNKNOWN_PRE_TOUCH_PART_OF_ENTRY_BAR,0.0,,1170,0,0,0,INSUFFICIENT_SAMPLE,1170,0,0,0,,0,0.0,0.0,,WITHHELD_BELOW_50_COMPARABLE_CLOSED_TRADES,0,0,,,WITHHELD_BELOW_90_DAILY_RETURNS_OR_30_CLOSED_TRADES,0,,0,0.0,11,,0,0.0,,False,0.0,NULL_WHEN_NO_TRADES_OR_NO_LOSSES,0,,0
binance,240,5,REFERENCE,3,REPLAY_COMPLETE,2020-12-27T03:00:00+00:00,2021-02-11T03:40:00+00:00,,,,0,,0,45,0,0,,0.0,UNION_ENTRY_BAR_START_TO_EXIT_INCLUDES_UNKNOWN_PRE_TOUCH_PART_OF_ENTRY_BAR,0.0,,1170,0,0,0,INSUFFICIENT_SAMPLE,1170,0,0,0,,0,0.0,0.0,,WITHHELD_BELOW_50_COMPARABLE_CLOSED_TRADES,0,0,,,WITHHELD_BELOW_90_DAILY_RETURNS_OR_30_CLOSED_TRADES,0,,0,0.0,258,,0,0.0,,False,0.0,NULL_WHEN_NO_TRADES_OR_NO_LOSSES,0,,0
binance,240,5,REFERENCE,4,REPLAY_COMPLETE,2021-02-13T05:00:00+00:00,2021-03-06T02:00:00+00:00,,,,0,,0,20,0,0,,0.0,UNION_ENTRY_BAR_START_TO_EXIT_INCLUDES_UNKNOWN_PRE_TOUCH_PART_OF_ENTRY_BAR,0.0,,1170,0,0,0,INSUFFICIENT_SAMPLE,1170,0,0,0,,0,0.0,0.0,,WITHHELD_BELOW_50_COMPARABLE_CLOSED_TRADES,0,0,,,WITHHELD_BELOW_90_DAILY_RETURNS_OR_30_CLOSED_TRADES,0,,0,0.0,118,,0,0.0,,False,0.0,NULL_WHEN_NO_TRADES_OR_NO_LOSSES,0,,0
binance,240,5,REFERENCE,5,REPLAY_COMPLETE,2021-03-08T03:30:00+00:00,2021-04-20T02:00:00+00:00,,,,0,,0,42,0,0,,0.0,UNION_ENTRY_BAR_START_TO_EXIT_INCLUDES_UNKNOWN_PRE_TOUCH_PART_OF_ENTRY_BAR,0.0,,1170,0,0,0,INSUFFICIENT_SAMPLE,1170,0,0,0,,0,0.0,0.0,,WITHHELD_BELOW_50_COMPARABLE_CLOSED_TRADES,0,0,,,WITHHELD_BELOW_90_DAILY_RETURNS_OR_30_CLOSED_TRADES,0,,0,0.0,267,,0,0.0,,False,0.0,NULL_WHEN_NO_TRADES_OR_NO_LOSSES,0,,0
binance,240,5,REFERENCE,6,REPLAY_COMPLETE,2021-04-22T04:30:00+00:00,2021-04-25T04:00:00+00:00,,,,0,,0,2,0,0,,0.0,UNION_ENTRY_BAR_START_TO_EXIT_INCLUDES_UNKNOWN_PRE_TOUCH_PART_OF_ENTRY_BAR,0.0,,1170,0,0,0,INSUFFICIENT_SAMPLE,1170,0,0,0,,0,0.0,0.0,,WITHHELD_BELOW_50_COMPARABLE_CLOSED_TRADES,0,0,,,WITHHELD_BELOW_90_DAILY_RETURNS_OR_30_CLOSED_TRADES,0,,0,0.0,12,,0,0.0,,False,0.0,NULL_WHEN_NO_TRADES_OR_NO_LOSSES,0,,0
binance,240,5,REFERENCE,7,REPLAY_COMPLETE,2021-04-27T08:45:00+00:00,2021-08-13T02:00:00+00:00,,,,0,,0,107,0,0,,0.0,UNION_ENTRY_BAR_START_TO_EXIT_INCLUDES_UNKNOWN_PRE_TOUCH_PART_OF_ENTRY_BAR,0.0,,1170,0,0,0,INSUFFICIENT_SAMPLE,1170,0,0,0,,0,0.0,0.0,,WITHHELD_BELOW_50_COMPARABLE_CLOSED_TRADES,0,0,,,WITHHELD_BELOW_90_DAILY_RETURNS_OR_30_CLOSED_TRADES,0,,0,0.0,671,,0,0.0,,False,0.0,NULL_WHEN_NO_TRADES_OR_NO_LOSSES,0,,0
binance,240,5,REFERENCE,8,REPLAY_COMPLETE,2021-08-15T06:30:00+00:00,2021-09-29T07:00:00+00:00,,,,0,,0,44,0,0,,0.0,UNION_ENTRY_BAR_START_TO_EXIT_INCLUDES_UNKNOWN_PRE_TOUCH_PART_OF_ENTRY_BAR,0.0,,1170,0,0,0,INSUFFICIENT_SAMPLE,1170,0,0,0,,0,0.0,0.0,,WITHHELD_BELOW_50_COMPARABLE_CLOSED_TRADES,0,0,,,WITHHELD_BELOW_90_DAILY_RETURNS_OR_30_CLOSED_TRADES,0,,0,0.0,282,,0,0.0,,False,0.0,NULL_WHEN_NO_TRADES_OR_NO_LOSSES,0,,0
binance,240,5,REFERENCE,9,REPLAY_COMPLETE,2021-10-01T09:00:00+00:00,2023-03-24T12:40:00+00:00,,,,0,,0,538,0,0,,0.0,UNION_ENTRY_BAR_START_TO_EXIT_INCLUDES_UNKNOWN_PRE_TOUCH_PART_OF_ENTRY_BAR,0.0,,1170,0,0,0,INSUFFICIENT_SAMPLE,1170,0,0,0,,0,0.0,0.0,,WITHHELD_BELOW_50_COMPARABLE_CLOSED_TRADES,0,0,,,WITHHELD_BELOW_90_DAILY_RETURNS_OR_30_CLOSED_TRADES,0,,0,0.0,3379,,0,0.0,,False,0.0,NULL_WHEN_NO_TRADES_OR_NO_LOSSES,0,,0
binance,240,5,REFERENCE,10,REPLAY_COMPLETE,2023-03-26T14:00:00+00:00,2023-11-15T00:00:00+00:00,,,,0,,0,233,0,0,,0.0,UNION_ENTRY_BAR_START_TO_EXIT_INCLUDES_UNKNOWN_PRE_TOUCH_PART_OF_ENTRY_BAR,0.0,,1170,0,0,0,INSUFFICIENT_SAMPLE,1170,0,0,0,,0,0.0,0.0,,WITHHELD_BELOW_50_COMPARABLE_CLOSED_TRADES,0,0,,,WITHHELD_BELOW_90_DAILY_RETURNS_OR_30_CLOSED_TRADES,0,,0,0.0,1379,,0,0.0,,False,0.0,NULL_WHEN_NO_TRADES_OR_NO_LOSSES,0,,0
binance,240,5,VALIDATION,10,REPLAY_COMPLETE,2023-11-15T00:00:00+00:00,2024-12-08T00:00:00+00:00,,,,0,,0,389,0,0,,0.0,UNION_ENTRY_BAR_START_TO_EXIT_INCLUDES_UNKNOWN_PRE_TOUCH_PART_OF_ENTRY_BAR,0.0,,1170,0,0,0,INSUFFICIENT_SAMPLE,1170,0,0,0,,0,0.0,0.0,,WITHHELD_BELOW_50_COMPARABLE_CLOSED_TRADES,0,0,,,WITHHELD_BELOW_90_DAILY_RETURNS_OR_30_CLOSED_TRADES,0,,0,0.0,3024,,0,0.0,,False,0.0,NULL_WHEN_NO_TRADES_OR_NO_LOSSES,0,,0
binance,240,5,HOLDOUT,10,REPLAY_COMPLETE,2024-12-08T00:00:00+00:00,2026-01-01T00:00:00+00:00,,,,0,,0,389,0,0,,0.0,UNION_ENTRY_BAR_START_TO_EXIT_INCLUDES_UNKNOWN_PRE_TOUCH_PART_OF_ENTRY_BAR,0.0,,1170,0,0,0,INSUFFICIENT_SAMPLE,1170,0,0,0,,0,0.0,0.0,,WITHHELD_BELOW_50_COMPARABLE_CLOSED_TRADES,0,0,,,WITHHELD_BELOW_90_DAILY_RETURNS_OR_30_CLOSED_TRADES,0,,0,0.0,3017,,0,0.0,,False,0.0,NULL_WHEN_NO_TRADES_OR_NO_LOSSES,0,,0
binance,240,5,WALK_00,1,REPLAY_COMPLETE,2020-12-04T00:00:00+00:00,2020-12-21T13:45:00+00:00,,,,0,,0,17,0,0,,0.0,UNION_ENTRY_BAR_START_TO_EXIT_INCLUDES_UNKNOWN_PRE_TOUCH_PART_OF_ENTRY_BAR,0.0,,1170,0,0,0,INSUFFICIENT_SAMPLE,1170,0,0,0,,0,0.0,0.0,,WITHHELD_BELOW_50_COMPARABLE_CLOSED_TRADES,0,0,,,WITHHELD_BELOW_90_DAILY_RETURNS_OR_30_CLOSED_TRADES,0,,0,0.0,91,,0,0.0,,False,0.0,NULL_WHEN_NO_TRADES_OR_NO_LOSSES,0,,0
binance,240,5,WALK_00,2,REPLAY_COMPLETE,2020-12-23T18:00:00+00:00,2020-12-25T02:00:00+00:00,,,,0,,0,1,0,0,,0.0,UNION_ENTRY_BAR_START_TO_EXIT_INCLUDES_UNKNOWN_PRE_TOUCH_PART_OF_ENTRY_BAR,0.0,,1170,0,0,0,INSUFFICIENT_SAMPLE,1170,0,0,0,,0,0.0,0.0,,WITHHELD_BELOW_50_COMPARABLE_CLOSED_TRADES,0,0,,,WITHHELD_BELOW_90_DAILY_RETURNS_OR_30_CLOSED_TRADES,0,,0,0.0,11,,0,0.0,,False,0.0,NULL_WHEN_NO_TRADES_OR_NO_LOSSES,0,,0
binance,240,5,WALK_00,3,REPLAY_COMPLETE,2020-12-27T03:00:00+00:00,2021-02-11T03:40:00+00:00,,,,0,,0,45,0,0,,0.0,UNION_ENTRY_BAR_START_TO_EXIT_INCLUDES_UNKNOWN_PRE_TOUCH_PART_OF_ENTRY_BAR,0.0,,1170,0,0,0,INSUFFICIENT_SAMPLE,1170,0,0,0,,0,0.0,0.0,,WITHHELD_BELOW_50_COMPARABLE_CLOSED_TRADES,0,0,,,WITHHELD_BELOW_90_DAILY_RETURNS_OR_30_CLOSED_TRADES,0,,0,0.0,258,,0,0.0,,False,0.0,NULL_WHEN_NO_TRADES_OR_NO_LOSSES,0,,0
binance,240,5,WALK_00,4,REPLAY_COMPLETE,2021-02-13T05:00:00+00:00,2021-03-04T00:00:00+00:00,,,,0,,0,18,0,0,,0.0,UNION_ENTRY_BAR_START_TO_EXIT_INCLUDES_UNKNOWN_PRE_TOUCH_PART_OF_ENTRY_BAR,0.0,,1170,0,0,0,INSUFFICIENT_SAMPLE,1170,0,0,0,,0,0.0,0.0,,WITHHELD_BELOW_50_COMPARABLE_CLOSED_TRADES,0,0,,,WITHHELD_BELOW_90_DAILY_RETURNS_OR_30_CLOSED_TRADES,0,,0,0.0,103,,0,0.0,,False,0.0,NULL_WHEN_NO_TRADES_OR_NO_LOSSES,0,,0
binance,240,5,WALK_01,4,REPLAY_COMPLETE,2021-03-04T00:00:00+00:00,2021-03-06T02:00:00+00:00,,,,0,,0,2,0,0,,0.0,UNION_ENTRY_BAR_START_TO_EXIT_INCLUDES_UNKNOWN_PRE_TOUCH_PART_OF_ENTRY_BAR,0.0,,1170,0,0,0,INSUFFICIENT_SAMPLE,1170,0,0,0,,0,0.0,0.0,,WITHHELD_BELOW_50_COMPARABLE_CLOSED_TRADES,0,0,,,WITHHELD_BELOW_90_DAILY_RETURNS_OR_30_CLOSED_TRADES,0,,0,0.0,118,,0,0.0,,False,0.0,NULL_WHEN_NO_TRADES_OR_NO_LOSSES,0,,0
binance,240,5,WALK_01,5,REPLAY_COMPLETE,2021-03-08T03:30:00+00:00,2021-04-20T02:00:00+00:00,,,,0,,0,42,0,0,,0.0,UNION_ENTRY_BAR_START_TO_EXIT_INCLUDES_UNKNOWN_PRE_TOUCH_PART_OF_ENTRY_BAR,0.0,,1170,0,0,0,INSUFFICIENT_SAMPLE,1170,0,0,0,,0,0.0,0.0,,WITHHELD_BELOW_50_COMPARABLE_CLOSED_TRADES,0,0,,,WITHHELD_BELOW_90_DAILY_RETURNS_OR_30_CLOSED_TRADES,0,,0,0.0,267,,0,0.0,,False,0.0,NULL_WHEN_NO_TRADES_OR_NO_LOSSES,0,,0
binance,240,5,WALK_01,6,REPLAY_COMPLETE,2021-04-22T04:30:00+00:00,2021-04-25T04:00:00+00:00,,,,0,,0,2,0,0,,0.0,UNION_ENTRY_BAR_START_TO_EXIT_INCLUDES_UNKNOWN_PRE_TOUCH_PART_OF_ENTRY_BAR,0.0,,1170,0,0,0,INSUFFICIENT_SAMPLE,1170,0,0,0,,0,0.0,0.0,,WITHHELD_BELOW_50_COMPARABLE_CLOSED_TRADES,0,0,,,WITHHELD_BELOW_90_DAILY_RETURNS_OR_30_CLOSED_TRADES,0,,0,0.0,12,,0,0.0,,False,0.0,NULL_WHEN_NO_TRADES_OR_NO_LOSSES,0,,0
binance,240,5,WALK_01,7,REPLAY_COMPLETE,2021-04-27T08:45:00+00:00,2021-06-02T00:00:00+00:00,,,,0,,0,35,0,0,,0.0,UNION_ENTRY_BAR_START_TO_EXIT_INCLUDES_UNKNOWN_PRE_TOUCH_PART_OF_ENTRY_BAR,0.0,,1170,0,0,0,INSUFFICIENT_SAMPLE,1170,0,0,0,,0,0.0,0.0,,WITHHELD_BELOW_50_COMPARABLE_CLOSED_TRADES,0,0,,,WITHHELD_BELOW_90_DAILY_RETURNS_OR_30_CLOSED_TRADES,0,,0,0.0,208,,0,0.0,,False,0.0,NULL_WHEN_NO_TRADES_OR_NO_LOSSES,0,,0
binance,240,5,WALK_02,7,REPLAY_COMPLETE,2021-06-02T00:00:00+00:00,2021-08-13T02:00:00+00:00,,,,0,,0,72,0,0,,0.0,UNION_ENTRY_BAR_START_TO_EXIT_INCLUDES_UNKNOWN_PRE_TOUCH_PART_OF_ENTRY_BAR,0.0,,1170,0,0,0,INSUFFICIENT_SAMPLE,1170,0,0,0,,0,0.0,0.0,,WITHHELD_BELOW_50_COMPARABLE_CLOSED_TRADES,0,0,,,WITHHELD_BELOW_90_DAILY_RETURNS_OR_30_CLOSED_TRADES,0,,0,0.0,671,,0,0.0,,False,0.0,NULL_WHEN_NO_TRADES_OR_NO_LOSSES,0,,0
binance,240,5,WALK_02,8,REPLAY_COMPLETE,2021-08-15T06:30:00+00:00,2021-08-31T00:00:00+00:00,,,,0,,0,15,0,0,,0.0,UNION_ENTRY_BAR_START_TO_EXIT_INCLUDES_UNKNOWN_PRE_TOUCH_PART_OF_ENTRY_BAR,0.0,,1170,0,0,0,INSUFFICIENT_SAMPLE,1170,0,0,0,,0,0.0,0.0,,WITHHELD_BELOW_50_COMPARABLE_CLOSED_TRADES,0,0,,,WITHHELD_BELOW_90_DAILY_RETURNS_OR_30_CLOSED_TRADES,0,,0,0.0,97,,0,0.0,,False,0.0,NULL_WHEN_NO_TRADES_OR_NO_LOSSES,0,,0
binance,240,5,WALK_03,8,REPLAY_COMPLETE,2021-08-31T00:00:00+00:00,2021-09-29T07:00:00+00:00,,,,0,,0,29,0,0,,0.0,UNION_ENTRY_BAR_START_TO_EXIT_INCLUDES_UNKNOWN_PRE_TOUCH_PART_OF_ENTRY_BAR,0.0,,1170,0,0,0,INSUFFICIENT_SAMPLE,1170,0,0,0,,0,0.0,0.0,,WITHHELD_BELOW_50_COMPARABLE_CLOSED_TRADES,0,0,,,WITHHELD_BELOW_90_DAILY_RETURNS_OR_30_CLOSED_TRADES,0,,0,0.0,282,,0,0.0,,False,0.0,NULL_WHEN_NO_TRADES_OR_NO_LOSSES,0,,0
binance,240,5,WALK_03,9,REPLAY_COMPLETE,2021-10-01T09:00:00+00:00,2021-11-29T00:00:00+00:00,,,,0,,0,58,0,0,,0.0,UNION_ENTRY_BAR_START_TO_EXIT_INCLUDES_UNKNOWN_PRE_TOUCH_PART_OF_ENTRY_BAR,0.0,,1170,0,0,0,INSUFFICIENT_SAMPLE,1170,0,0,0,,0,0.0,0.0,,WITHHELD_BELOW_50_COMPARABLE_CLOSED_TRADES,0,0,,,WITHHELD_BELOW_90_DAILY_RETURNS_OR_30_CLOSED_TRADES,0,,0,0.0,359,,0,0.0,,False,0.0,NULL_WHEN_NO_TRADES_OR_NO_LOSSES,0,,0
binance,240,5,WALK_04,9,REPLAY_COMPLETE,2021-11-29T00:00:00+00:00,2022-02-27T00:00:00+00:00,,,,0,,0,90,0,0,,0.0,UNION_ENTRY_BAR_START_TO_EXIT_INCLUDES_UNKNOWN_PRE_TOUCH_PART_OF_ENTRY_BAR,0.0,,1170,0,0,0,INSUFFICIENT_SAMPLE,1170,0,0,0,,0,0.0,0.0,,WITHHELD_BELOW_50_COMPARABLE_CLOSED_TRADES,0,0,,,WITHHELD_BELOW_90_DAILY_RETURNS_OR_30_CLOSED_TRADES,0,,0,0.0,878,,0,0.0,,False,0.0,NULL_WHEN_NO_TRADES_OR_NO_LOSSES,0,,0
binance,240,5,WALK_05,9,REPLAY_COMPLETE,2022-02-27T00:00:00+00:00,2022-05-28T00:00:00+00:00,,,,0,,0,90,0,0,,0.0,UNION_ENTRY_BAR_START_TO_EXIT_INCLUDES_UNKNOWN_PRE_TOUCH_PART_OF_ENTRY_BAR,0.0,,1170,0,0,0,INSUFFICIENT_SAMPLE,1170,0,0,0,,0,0.0,0.0,,WITHHELD_BELOW_50_COMPARABLE_CLOSED_TRADES,0,0,,,WITHHELD_BELOW_90_DAILY_RETURNS_OR_30_CLOSED_TRADES,0,,0,0.0,1066,,0,0.0,,False,0.0,NULL_WHEN_NO_TRADES_OR_NO_LOSSES,0,,0
binance,240,5,WALK_06,9,REPLAY_COMPLETE,2022-05-28T00:00:00+00:00,2022-08-26T00:00:00+00:00,,,,0,,0,90,0,0,,0.0,UNION_ENTRY_BAR_START_TO_EXIT_INCLUDES_UNKNOWN_PRE_TOUCH_PART_OF_ENTRY_BAR,0.0,,1170,0,0,0,INSUFFICIENT_SAMPLE,1170,0,0,0,,0,0.0,0.0,,WITHHELD_BELOW_50_COMPARABLE_CLOSED_TRADES,0,0,,,WITHHELD_BELOW_90_DAILY_RETURNS_OR_30_CLOSED_TRADES,0,,0,0.0,1111,,0,0.0,,False,0.0,NULL_WHEN_NO_TRADES_OR_NO_LOSSES,0,,0
binance,240,5,WALK_07,9,REPLAY_COMPLETE,2022-08-26T00:00:00+00:00,2022-11-24T00:00:00+00:00,,,,0,,0,90,0,0,,0.0,UNION_ENTRY_BAR_START_TO_EXIT_INCLUDES_UNKNOWN_PRE_TOUCH_PART_OF_ENTRY_BAR,0.0,,1170,0,0,0,INSUFFICIENT_SAMPLE,1170,0,0,0,,0,0.0,0.0,,WITHHELD_BELOW_50_COMPARABLE_CLOSED_TRADES,0,0,,,WITHHELD_BELOW_90_DAILY_RETURNS_OR_30_CLOSED_TRADES,0,,0,0.0,1160,,0,0.0,,False,0.0,NULL_WHEN_NO_TRADES_OR_NO_LOSSES,0,,0
binance,240,5,WALK_08,9,REPLAY_COMPLETE,2022-11-24T00:00:00+00:00,2023-02-22T00:00:00+00:00,,,,0,,0,90,0,0,,0.0,UNION_ENTRY_BAR_START_TO_EXIT_INCLUDES_UNKNOWN_PRE_TOUCH_PART_OF_ENTRY_BAR,0.0,,1170,0,0,0,INSUFFICIENT_SAMPLE,1170,0,0,0,,0,0.0,0.0,,WITHHELD_BELOW_50_COMPARABLE_CLOSED_TRADES,0,0,,,WITHHELD_BELOW_90_DAILY_RETURNS_OR_30_CLOSED_TRADES,0,,0,0.0,1132,,0,0.0,,False,0.0,NULL_WHEN_NO_TRADES_OR_NO_LOSSES,0,,0
binance,240,5,WALK_09,9,REPLAY_COMPLETE,2023-02-22T00:00:00+00:00,2023-03-24T12:40:00+00:00,,,,0,,0,30,0,0,,0.0,UNION_ENTRY_BAR_START_TO_EXIT_INCLUDES_UNKNOWN_PRE_TOUCH_PART_OF_ENTRY_BAR,0.0,,1170,0,0,0,INSUFFICIENT_SAMPLE,1170,0,0,0,,0,0.0,0.0,,WITHHELD_BELOW_50_COMPARABLE_CLOSED_TRADES,0,0,,,WITHHELD_BELOW_90_DAILY_RETURNS_OR_30_CLOSED_TRADES,0,,0,0.0,727,,0,0.0,,False,0.0,NULL_WHEN_NO_TRADES_OR_NO_LOSSES,0,,0
binance,240,5,WALK_09,10,REPLAY_COMPLETE,2023-03-26T14:00:00+00:00,2023-05-23T00:00:00+00:00,,,,0,,0,57,0,0,,0.0,UNION_ENTRY_BAR_START_TO_EXIT_INCLUDES_UNKNOWN_PRE_TOUCH_PART_OF_ENTRY_BAR,0.0,,1170,0,0,0,INSUFFICIENT_SAMPLE,1170,0,0,0,,0,0.0,0.0,,WITHHELD_BELOW_50_COMPARABLE_CLOSED_TRADES,0,0,,,WITHHELD_BELOW_90_DAILY_RETURNS_OR_30_CLOSED_TRADES,0,,0,0.0,354,,0,0.0,,False,0.0,NULL_WHEN_NO_TRADES_OR_NO_LOSSES,0,,0
binance,240,5,WALK_10,10,REPLAY_COMPLETE,2023-05-23T00:00:00+00:00,2023-08-21T00:00:00+00:00,,,,0,,0,90,0,0,,0.0,UNION_ENTRY_BAR_START_TO_EXIT_INCLUDES_UNKNOWN_PRE_TOUCH_PART_OF_ENTRY_BAR,0.0,,1170,0,0,0,INSUFFICIENT_SAMPLE,1170,0,0,0,,0,0.0,0.0,,WITHHELD_BELOW_50_COMPARABLE_CLOSED_TRADES,0,0,,,WITHHELD_BELOW_90_DAILY_RETURNS_OR_30_CLOSED_TRADES,0,,0,0.0,905,,0,0.0,,False,0.0,NULL_WHEN_NO_TRADES_OR_NO_LOSSES,0,,0
binance,240,5,WALK_11,10,REPLAY_COMPLETE,2023-08-21T00:00:00+00:00,2023-11-19T00:00:00+00:00,,,,0,,0,90,0,0,,0.0,UNION_ENTRY_BAR_START_TO_EXIT_INCLUDES_UNKNOWN_PRE_TOUCH_PART_OF_ENTRY_BAR,0.0,,1170,0,0,0,INSUFFICIENT_SAMPLE,1170,0,0,0,,0,0.0,0.0,,WITHHELD_BELOW_50_COMPARABLE_CLOSED_TRADES,0,0,,,WITHHELD_BELOW_90_DAILY_RETURNS_OR_30_CLOSED_TRADES,0,,0,0.0,1016,,0,0.0,,False,0.0,NULL_WHEN_NO_TRADES_OR_NO_LOSSES,0,,0
binance,240,5,WALK_12,10,REPLAY_COMPLETE,2023-11-19T00:00:00+00:00,2024-02-17T00:00:00+00:00,,,,0,,0,90,0,0,,0.0,UNION_ENTRY_BAR_START_TO_EXIT_INCLUDES_UNKNOWN_PRE_TOUCH_PART_OF_ENTRY_BAR,0.0,,1170,0,0,0,INSUFFICIENT_SAMPLE,1170,0,0,0,,0,0.0,0.0,,WITHHELD_BELOW_50_COMPARABLE_CLOSED_TRADES,0,0,,,WITHHELD_BELOW_90_DAILY_RETURNS_OR_30_CLOSED_TRADES,0,,0,0.0,1033,,0,0.0,,False,0.0,NULL_WHEN_NO_TRADES_OR_NO_LOSSES,0,,0
binance,240,5,WALK_13,10,REPLAY_COMPLETE,2024-02-17T00:00:00+00:00,2024-05-17T00:00:00+00:00,,,,0,,0,90,0,0,,0.0,UNION_ENTRY_BAR_START_TO_EXIT_INCLUDES_UNKNOWN_PRE_TOUCH_PART_OF_ENTRY_BAR,0.0,,1170,0,0,0,INSUFFICIENT_SAMPLE,1170,0,0,0,,0,0.0,0.0,,WITHHELD_BELOW_50_COMPARABLE_CLOSED_TRADES,0,0,,,WITHHELD_BELOW_90_DAILY_RETURNS_OR_30_CLOSED_TRADES,0,,0,0.0,1112,,0,0.0,,False,0.0,NULL_WHEN_NO_TRADES_OR_NO_LOSSES,0,,0
binance,240,5,WALK_14,10,REPLAY_COMPLETE,2024-05-17T00:00:00+00:00,2024-08-15T00:00:00+00:00,,,,0,,0,90,0,0,,0.0,UNION_ENTRY_BAR_START_TO_EXIT_INCLUDES_UNKNOWN_PRE_TOUCH_PART_OF_ENTRY_BAR,0.0,,1170,0,0,0,INSUFFICIENT_SAMPLE,1170,0,0,0,,0,0.0,0.0,,WITHHELD_BELOW_50_COMPARABLE_CLOSED_TRADES,0,0,,,WITHHELD_BELOW_90_DAILY_RETURNS_OR_30_CLOSED_TRADES,0,,0,0.0,1218,,0,0.0,,False,0.0,NULL_WHEN_NO_TRADES_OR_NO_LOSSES,0,,0
binance,240,5,WALK_15,10,REPLAY_COMPLETE,2024-08-15T00:00:00+00:00,2024-11-13T00:00:00+00:00,,,,0,,0,90,0,0,,0.0,UNION_ENTRY_BAR_START_TO_EXIT_INCLUDES_UNKNOWN_PRE_TOUCH_PART_OF_ENTRY_BAR,0.0,,1170,0,0,0,INSUFFICIENT_SAMPLE,1170,0,0,0,,0,0.0,0.0,,WITHHELD_BELOW_50_COMPARABLE_CLOSED_TRADES,0,0,,,WITHHELD_BELOW_90_DAILY_RETURNS_OR_30_CLOSED_TRADES,0,,0,0.0,1210,,0,0.0,,False,0.0,NULL_WHEN_NO_TRADES_OR_NO_LOSSES,0,,0
binance,240,5,WALK_16,10,REPLAY_COMPLETE,2024-11-13T00:00:00+00:00,2025-02-11T00:00:00+00:00,,,,0,,0,90,0,0,,0.0,UNION_ENTRY_BAR_START_TO_EXIT_INCLUDES_UNKNOWN_PRE_TOUCH_PART_OF_ENTRY_BAR,0.0,,1170,0,0,0,INSUFFICIENT_SAMPLE,1170,0,0,0,,0,0.0,0.0,,WITHHELD_BELOW_50_COMPARABLE_CLOSED_TRADES,0,0,,,WITHHELD_BELOW_90_DAILY_RETURNS_OR_30_CLOSED_TRADES,0,,0,0.0,1140,,0,0.0,,False,0.0,NULL_WHEN_NO_TRADES_OR_NO_LOSSES,0,,0
binance,240,5,WALK_17,10,REPLAY_COMPLETE,2025-02-11T00:00:00+00:00,2025-05-12T00:00:00+00:00,,,,0,,0,90,0,0,,0.0,UNION_ENTRY_BAR_START_TO_EXIT_INCLUDES_UNKNOWN_PRE_TOUCH_PART_OF_ENTRY_BAR,0.0,,1170,0,0,0,INSUFFICIENT_SAMPLE,1170,0,0,0,,0,0.0,0.0,,WITHHELD_BELOW_50_COMPARABLE_CLOSED_TRADES,0,0,,,WITHHELD_BELOW_90_DAILY_RETURNS_OR_30_CLOSED_TRADES,0,,0,0.0,1099,,0,0.0,,False,0.0,NULL_WHEN_NO_TRADES_OR_NO_LOSSES,0,,0
binance,240,5,WALK_18,10,REPLAY_COMPLETE,2025-05-12T00:00:00+00:00,2025-08-10T00:00:00+00:00,,,,0,,0,90,0,0,,0.0,UNION_ENTRY_BAR_START_TO_EXIT_INCLUDES_UNKNOWN_PRE_TOUCH_PART_OF_ENTRY_BAR,0.0,,1170,0,0,0,INSUFFICIENT_SAMPLE,1170,0,0,0,,0,0.0,0.0,,WITHHELD_BELOW_50_COMPARABLE_CLOSED_TRADES,0,0,,,WITHHELD_BELOW_90_DAILY_RETURNS_OR_30_CLOSED_TRADES,0,,0,0.0,1127,,0,0.0,,False,0.0,NULL_WHEN_NO_TRADES_OR_NO_LOSSES,0,,0
binance,240,5,WALK_19,10,REPLAY_COMPLETE,2025-08-10T00:00:00+00:00,2025-11-08T00:00:00+00:00,,,,0,,0,90,0,0,,0.0,UNION_ENTRY_BAR_START_TO_EXIT_INCLUDES_UNKNOWN_PRE_TOUCH_PART_OF_ENTRY_BAR,0.0,,1170,0,0,0,INSUFFICIENT_SAMPLE,1170,0,0,0,,0,0.0,0.0,,WITHHELD_BELOW_50_COMPARABLE_CLOSED_TRADES,0,0,,,WITHHELD_BELOW_90_DAILY_RETURNS_OR_30_CLOSED_TRADES,0,,0,0.0,1090,,0,0.0,,False,0.0,NULL_WHEN_NO_TRADES_OR_NO_LOSSES,0,,0
binance,240,5,WALK_20,10,REPLAY_COMPLETE,2025-11-08T00:00:00+00:00,2026-01-01T00:00:00+00:00,,,,0,,0,54,0,0,,0.0,UNION_ENTRY_BAR_START_TO_EXIT_INCLUDES_UNKNOWN_PRE_TOUCH_PART_OF_ENTRY_BAR,0.0,,1170,0,0,0,INSUFFICIENT_SAMPLE,1170,0,0,0,,0,0.0,0.0,,WITHHELD_BELOW_50_COMPARABLE_CLOSED_TRADES,0,0,,,WITHHELD_BELOW_90_DAILY_RETURNS_OR_30_CLOSED_TRADES,0,,0,0.0,832,,0,0.0,,False,0.0,NULL_WHEN_NO_TRADES_OR_NO_LOSSES,0,,0
binance,240,15,REFERENCE,0,REPLAY_COMPLETE,2020-09-05T00:00:00+00:00,2020-11-30T06:00:00+00:00,,,,0,,0,86,0,0,,0.0,UNION_ENTRY_BAR_START_TO_EXIT_INCLUDES_UNKNOWN_PRE_TOUCH_PART_OF_ENTRY_BAR,0.0,,1170,0,0,0,INSUFFICIENT_SAMPLE,1170,0,0,0,,0,0.0,0.0,,WITHHELD_BELOW_50_COMPARABLE_CLOSED_TRADES,0,0,,,WITHHELD_BELOW_90_DAILY_RETURNS_OR_30_CLOSED_TRADES,0,,0,0.0,531,,0,0.0,,False,0.0,NULL_WHEN_NO_TRADES_OR_NO_LOSSES,0,,0
binance,240,15,REFERENCE,1,REPLAY_COMPLETE,2020-12-06T07:00:00+00:00,2020-12-21T13:45:00+00:00,,,,0,,0,14,0,0,,0.0,UNION_ENTRY_BAR_START_TO_EXIT_INCLUDES_UNKNOWN_PRE_TOUCH_PART_OF_ENTRY_BAR,0.0,,1170,0,0,0,INSUFFICIENT_SAMPLE,1170,0,0,0,,0,0.0,0.0,,WITHHELD_BELOW_50_COMPARABLE_CLOSED_TRADES,0,0,,,WITHHELD_BELOW_90_DAILY_RETURNS_OR_30_CLOSED_TRADES,0,,0,0.0,71,,0,0.0,,False,0.0,NULL_WHEN_NO_TRADES_OR_NO_LOSSES,0,,0
binance,240,15,REFERENCE,2,INSUFFICIENT_CONTIGUOUS_WARMUP,,,,,,,,,,,,,,,,,,,,,,,,,,,,,,,,,,,,,,,,,,,,,,,,,,,
binance,240,15,REFERENCE,3,REPLAY_COMPLETE,2020-12-31T03:00:00+00:00,2021-02-11T03:30:00+00:00,,,,0,,0,41,0,0,,0.0,UNION_ENTRY_BAR_START_TO_EXIT_INCLUDES_UNKNOWN_PRE_TOUCH_PART_OF_ENTRY_BAR,0.0,,1170,0,0,0,INSUFFICIENT_SAMPLE,1170,0,0,0,,0,0.0,0.0,,WITHHELD_BELOW_50_COMPARABLE_CLOSED_TRADES,0,0,,,WITHHELD_BELOW_90_DAILY_RETURNS_OR_30_CLOSED_TRADES,0,,0,0.0,204,,0,0.0,,False,0.0,NULL_WHEN_NO_TRADES_OR_NO_LOSSES,0,,0
binance,240,15,REFERENCE,4,REPLAY_COMPLETE,2021-02-17T05:00:00+00:00,2021-03-06T02:00:00+00:00,,,,0,,0,16,0,0,,0.0,UNION_ENTRY_BAR_START_TO_EXIT_INCLUDES_UNKNOWN_PRE_TOUCH_PART_OF_ENTRY_BAR,0.0,,1170,0,0,0,INSUFFICIENT_SAMPLE,1170,0,0,0,,0,0.0,0.0,,WITHHELD_BELOW_50_COMPARABLE_CLOSED_TRADES,0,0,,,WITHHELD_BELOW_90_DAILY_RETURNS_OR_30_CLOSED_TRADES,0,,0,0.0,95,,0,0.0,,False,0.0,NULL_WHEN_NO_TRADES_OR_NO_LOSSES,0,,0
binance,240,15,REFERENCE,5,REPLAY_COMPLETE,2021-03-12T03:30:00+00:00,2021-04-20T02:00:00+00:00,,,,0,,0,38,0,0,,0.0,UNION_ENTRY_BAR_START_TO_EXIT_INCLUDES_UNKNOWN_PRE_TOUCH_PART_OF_ENTRY_BAR,0.0,,1170,0,0,0,INSUFFICIENT_SAMPLE,1170,0,0,0,,0,0.0,0.0,,WITHHELD_BELOW_50_COMPARABLE_CLOSED_TRADES,0,0,,,WITHHELD_BELOW_90_DAILY_RETURNS_OR_30_CLOSED_TRADES,0,,0,0.0,203,,0,0.0,,False,0.0,NULL_WHEN_NO_TRADES_OR_NO_LOSSES,0,,0
binance,240,15,REFERENCE,6,INSUFFICIENT_CONTIGUOUS_WARMUP,,,,,,,,,,,,,,,,,,,,,,,,,,,,,,,,,,,,,,,,,,,,,,,,,,,
binance,240,15,REFERENCE,7,REPLAY_COMPLETE,2021-05-01T08:45:00+00:00,2021-08-13T02:00:00+00:00,,,,0,,0,103,0,0,,0.0,UNION_ENTRY_BAR_START_TO_EXIT_INCLUDES_UNKNOWN_PRE_TOUCH_PART_OF_ENTRY_BAR,0.0,,1170,0,0,0,INSUFFICIENT_SAMPLE,1170,0,0,0,,0,0.0,0.0,,WITHHELD_BELOW_50_COMPARABLE_CLOSED_TRADES,0,0,,,WITHHELD_BELOW_90_DAILY_RETURNS_OR_30_CLOSED_TRADES,0,,0,0.0,501,,0,0.0,,False,0.0,NULL_WHEN_NO_TRADES_OR_NO_LOSSES,0,,0
binance,240,15,REFERENCE,8,REPLAY_COMPLETE,2021-08-19T06:30:00+00:00,2021-09-29T07:00:00+00:00,,,,0,,0,40,0,0,,0.0,UNION_ENTRY_BAR_START_TO_EXIT_INCLUDES_UNKNOWN_PRE_TOUCH_PART_OF_ENTRY_BAR,0.0,,1170,0,0,0,INSUFFICIENT_SAMPLE,1170,0,0,0,,0,0.0,0.0,,WITHHELD_BELOW_50_COMPARABLE_CLOSED_TRADES,0,0,,,WITHHELD_BELOW_90_DAILY_RETURNS_OR_30_CLOSED_TRADES,0,,0,0.0,224,,0,0.0,,False,0.0,NULL_WHEN_NO_TRADES_OR_NO_LOSSES,0,,0
binance,240,15,REFERENCE,9,REPLAY_COMPLETE,2021-10-05T09:00:00+00:00,2023-03-24T12:30:00+00:00,,,,0,,0,534,0,0,,0.0,UNION_ENTRY_BAR_START_TO_EXIT_INCLUDES_UNKNOWN_PRE_TOUCH_PART_OF_ENTRY_BAR,0.0,,1170,0,0,0,INSUFFICIENT_SAMPLE,1170,0,0,0,,0,0.0,0.0,,WITHHELD_BELOW_50_COMPARABLE_CLOSED_TRADES,0,0,,,WITHHELD_BELOW_90_DAILY_RETURNS_OR_30_CLOSED_TRADES,1,0.0,0,0.0,2589,,0,0.0,,False,0.0,NULL_WHEN_NO_TRADES_OR_NO_LOSSES,0,,0
binance,240,15,REFERENCE,10,REPLAY_COMPLETE,2023-03-30T14:00:00+00:00,2023-11-15T00:00:00+00:00,,,,0,,0,229,0,0,,0.0,UNION_ENTRY_BAR_START_TO_EXIT_INCLUDES_UNKNOWN_PRE_TOUCH_PART_OF_ENTRY_BAR,0.0,,1170,0,0,0,INSUFFICIENT_SAMPLE,1170,0,0,0,,0,0.0,0.0,,WITHHELD_BELOW_50_COMPARABLE_CLOSED_TRADES,0,0,,,WITHHELD_BELOW_90_DAILY_RETURNS_OR_30_CLOSED_TRADES,1,0.0,0,0.0,1102,,0,0.0,,False,0.0,NULL_WHEN_NO_TRADES_OR_NO_LOSSES,0,,0
binance,240,15,VALIDATION,10,REPLAY_COMPLETE,2023-11-15T00:00:00+00:00,2024-12-08T00:00:00+00:00,,,,0,,0,389,0,0,,0.0,UNION_ENTRY_BAR_START_TO_EXIT_INCLUDES_UNKNOWN_PRE_TOUCH_PART_OF_ENTRY_BAR,0.0,,1170,0,0,0,INSUFFICIENT_SAMPLE,1170,0,0,0,,0,0.0,0.0,,WITHHELD_BELOW_50_COMPARABLE_CLOSED_TRADES,0,0,,,WITHHELD_BELOW_90_DAILY_RETURNS_OR_30_CLOSED_TRADES,1,0.0,0,0.0,2335,,0,0.0,,False,0.0,NULL_WHEN_NO_TRADES_OR_NO_LOSSES,0,,0
binance,240,15,HOLDOUT,10,REPLAY_COMPLETE,2024-12-08T00:00:00+00:00,2026-01-01T00:00:00+00:00,-1.0000000000000002,27000.0,0.0,0,,1,389,1,-23.399999999999864,-23.400000000000006,0.0008301199657240789,UNION_ENTRY_BAR_START_TO_EXIT_INCLUDES_UNKNOWN_PRE_TOUCH_PART_OF_ENTRY_BAR,2.8377314749202625,,1146.6000000000001,-20.56226852507974,23.400000000000006,0,INSUFFICIENT_SAMPLE,1170,0,1,0,1.0,1,30085200.0,0.073591540100002,-1.0000000000000002,WITHHELD_BELOW_50_COMPARABLE_CLOSED_TRADES,-23.400000000000006,0,,0.0,WITHHELD_BELOW_90_DAILY_RETURNS_OR_30_CLOSED_TRADES,1,1.0,-23.399999999999864,23.400000000000006,2102,,1,0.9459097069856602,,False,0.07824550128534705,NULL_WHEN_NO_TRADES_OR_NO_LOSSES,0,0.0,0
binance,240,15,WALK_00,1,REPLAY_COMPLETE,2020-12-06T07:00:00+00:00,2020-12-21T13:45:00+00:00,,,,0,,0,14,0,0,,0.0,UNION_ENTRY_BAR_START_TO_EXIT_INCLUDES_UNKNOWN_PRE_TOUCH_PART_OF_ENTRY_BAR,0.0,,1170,0,0,0,INSUFFICIENT_SAMPLE,1170,0,0,0,,0,0.0,0.0,,WITHHELD_BELOW_50_COMPARABLE_CLOSED_TRADES,0,0,,,WITHHELD_BELOW_90_DAILY_RETURNS_OR_30_CLOSED_TRADES,0,,0,0.0,71,,0,0.0,,False,0.0,NULL_WHEN_NO_TRADES_OR_NO_LOSSES,0,,0
binance,240,15,WALK_00,2,INSUFFICIENT_CONTIGUOUS_WARMUP,,,,,,,,,,,,,,,,,,,,,,,,,,,,,,,,,,,,,,,,,,,,,,,,,,,
binance,240,15,WALK_00,3,REPLAY_COMPLETE,2020-12-31T03:00:00+00:00,2021-02-11T03:30:00+00:00,,,,0,,0,41,0,0,,0.0,UNION_ENTRY_BAR_START_TO_EXIT_INCLUDES_UNKNOWN_PRE_TOUCH_PART_OF_ENTRY_BAR,0.0,,1170,0,0,0,INSUFFICIENT_SAMPLE,1170,0,0,0,,0,0.0,0.0,,WITHHELD_BELOW_50_COMPARABLE_CLOSED_TRADES,0,0,,,WITHHELD_BELOW_90_DAILY_RETURNS_OR_30_CLOSED_TRADES,0,,0,0.0,204,,0,0.0,,False,0.0,NULL_WHEN_NO_TRADES_OR_NO_LOSSES,0,,0
binance,240,15,WALK_00,4,REPLAY_COMPLETE,2021-02-17T05:00:00+00:00,2021-03-04T00:00:00+00:00,,,,0,,0,14,0,0,,0.0,UNION_ENTRY_BAR_START_TO_EXIT_INCLUDES_UNKNOWN_PRE_TOUCH_PART_OF_ENTRY_BAR,0.0,,1170,0,0,0,INSUFFICIENT_SAMPLE,1170,0,0,0,,0,0.0,0.0,,WITHHELD_BELOW_50_COMPARABLE_CLOSED_TRADES,0,0,,,WITHHELD_BELOW_90_DAILY_RETURNS_OR_30_CLOSED_TRADES,0,,0,0.0,86,,0,0.0,,False,0.0,NULL_WHEN_NO_TRADES_OR_NO_LOSSES,0,,0
binance,240,15,WALK_01,4,REPLAY_COMPLETE,2021-03-04T00:00:00+00:00,2021-03-06T02:00:00+00:00,,,,0,,0,2,0,0,,0.0,UNION_ENTRY_BAR_START_TO_EXIT_INCLUDES_UNKNOWN_PRE_TOUCH_PART_OF_ENTRY_BAR,0.0,,1170,0,0,0,INSUFFICIENT_SAMPLE,1170,0,0,0,,0,0.0,0.0,,WITHHELD_BELOW_50_COMPARABLE_CLOSED_TRADES,0,0,,,WITHHELD_BELOW_90_DAILY_RETURNS_OR_30_CLOSED_TRADES,0,,0,0.0,95,,0,0.0,,False,0.0,NULL_WHEN_NO_TRADES_OR_NO_LOSSES,0,,0
binance,240,15,WALK_01,5,REPLAY_COMPLETE,2021-03-12T03:30:00+00:00,2021-04-20T02:00:00+00:00,,,,0,,0,38,0,0,,0.0,UNION_ENTRY_BAR_START_TO_EXIT_INCLUDES_UNKNOWN_PRE_TOUCH_PART_OF_ENTRY_BAR,0.0,,1170,0,0,0,INSUFFICIENT_SAMPLE,1170,0,0,0,,0,0.0,0.0,,WITHHELD_BELOW_50_COMPARABLE_CLOSED_TRADES,0,0,,,WITHHELD_BELOW_90_DAILY_RETURNS_OR_30_CLOSED_TRADES,0,,0,0.0,203,,0,0.0,,False,0.0,NULL_WHEN_NO_TRADES_OR_NO_LOSSES,0,,0
binance,240,15,WALK_01,6,INSUFFICIENT_CONTIGUOUS_WARMUP,,,,,,,,,,,,,,,,,,,,,,,,,,,,,,,,,,,,,,,,,,,,,,,,,,,
binance,240,15,WALK_01,7,REPLAY_COMPLETE,2021-05-01T08:45:00+00:00,2021-06-02T00:00:00+00:00,,,,0,,0,31,0,0,,0.0,UNION_ENTRY_BAR_START_TO_EXIT_INCLUDES_UNKNOWN_PRE_TOUCH_PART_OF_ENTRY_BAR,0.0,,1170,0,0,0,INSUFFICIENT_SAMPLE,1170,0,0,0,,0,0.0,0.0,,WITHHELD_BELOW_50_COMPARABLE_CLOSED_TRADES,0,0,,,WITHHELD_BELOW_90_DAILY_RETURNS_OR_30_CLOSED_TRADES,0,,0,0.0,158,,0,0.0,,False,0.0,NULL_WHEN_NO_TRADES_OR_NO_LOSSES,0,,0
binance,240,15,WALK_02,7,REPLAY_COMPLETE,2021-06-02T00:00:00+00:00,2021-08-13T02:00:00+00:00,,,,0,,0,72,0,0,,0.0,UNION_ENTRY_BAR_START_TO_EXIT_INCLUDES_UNKNOWN_PRE_TOUCH_PART_OF_ENTRY_BAR,0.0,,1170,0,0,0,INSUFFICIENT_SAMPLE,1170,0,0,0,,0,0.0,0.0,,WITHHELD_BELOW_50_COMPARABLE_CLOSED_TRADES,0,0,,,WITHHELD_BELOW_90_DAILY_RETURNS_OR_30_CLOSED_TRADES,0,,0,0.0,501,,0,0.0,,False,0.0,NULL_WHEN_NO_TRADES_OR_NO_LOSSES,0,,0
binance,240,15,WALK_02,8,REPLAY_COMPLETE,2021-08-19T06:30:00+00:00,2021-08-31T00:00:00+00:00,,,,0,,0,11,0,0,,0.0,UNION_ENTRY_BAR_START_TO_EXIT_INCLUDES_UNKNOWN_PRE_TOUCH_PART_OF_ENTRY_BAR,0.0,,1170,0,0,0,INSUFFICIENT_SAMPLE,1170,0,0,0,,0,0.0,0.0,,WITHHELD_BELOW_50_COMPARABLE_CLOSED_TRADES,0,0,,,WITHHELD_BELOW_90_DAILY_RETURNS_OR_30_CLOSED_TRADES,0,,0,0.0,83,,0,0.0,,False,0.0,NULL_WHEN_NO_TRADES_OR_NO_LOSSES,0,,0
binance,240,15,WALK_03,8,REPLAY_COMPLETE,2021-08-31T00:00:00+00:00,2021-09-29T07:00:00+00:00,,,,0,,0,29,0,0,,0.0,UNION_ENTRY_BAR_START_TO_EXIT_INCLUDES_UNKNOWN_PRE_TOUCH_PART_OF_ENTRY_BAR,0.0,,1170,0,0,0,INSUFFICIENT_SAMPLE,1170,0,0,0,,0,0.0,0.0,,WITHHELD_BELOW_50_COMPARABLE_CLOSED_TRADES,0,0,,,WITHHELD_BELOW_90_DAILY_RETURNS_OR_30_CLOSED_TRADES,0,,0,0.0,224,,0,0.0,,False,0.0,NULL_WHEN_NO_TRADES_OR_NO_LOSSES,0,,0
binance,240,15,WALK_03,9,REPLAY_COMPLETE,2021-10-05T09:00:00+00:00,2021-11-29T00:00:00+00:00,,,,0,,0,54,0,0,,0.0,UNION_ENTRY_BAR_START_TO_EXIT_INCLUDES_UNKNOWN_PRE_TOUCH_PART_OF_ENTRY_BAR,0.0,,1170,0,0,0,INSUFFICIENT_SAMPLE,1170,0,0,0,,0,0.0,0.0,,WITHHELD_BELOW_50_COMPARABLE_CLOSED_TRADES,0,0,,,WITHHELD_BELOW_90_DAILY_RETURNS_OR_30_CLOSED_TRADES,0,,0,0.0,270,,0,0.0,,False,0.0,NULL_WHEN_NO_TRADES_OR_NO_LOSSES,0,,0
binance,240,15,WALK_04,9,REPLAY_COMPLETE,2021-11-29T00:00:00+00:00,2022-02-27T00:00:00+00:00,,,,0,,0,90,0,0,,0.0,UNION_ENTRY_BAR_START_TO_EXIT_INCLUDES_UNKNOWN_PRE_TOUCH_PART_OF_ENTRY_BAR,0.0,,1170,0,0,0,INSUFFICIENT_SAMPLE,1170,0,0,0,,0,0.0,0.0,,WITHHELD_BELOW_50_COMPARABLE_CLOSED_TRADES,0,0,,,WITHHELD_BELOW_90_DAILY_RETURNS_OR_30_CLOSED_TRADES,0,,0,0.0,642,,0,0.0,,False,0.0,NULL_WHEN_NO_TRADES_OR_NO_LOSSES,0,,0
binance,240,15,WALK_05,9,REPLAY_COMPLETE,2022-02-27T00:00:00+00:00,2022-05-28T00:00:00+00:00,,,,0,,0,90,0,0,,0.0,UNION_ENTRY_BAR_START_TO_EXIT_INCLUDES_UNKNOWN_PRE_TOUCH_PART_OF_ENTRY_BAR,0.0,,1170,0,0,0,INSUFFICIENT_SAMPLE,1170,0,0,0,,0,0.0,0.0,,WITHHELD_BELOW_50_COMPARABLE_CLOSED_TRADES,0,0,,,WITHHELD_BELOW_90_DAILY_RETURNS_OR_30_CLOSED_TRADES,0,,0,0.0,789,,0,0.0,,False,0.0,NULL_WHEN_NO_TRADES_OR_NO_LOSSES,0,,0
binance,240,15,WALK_06,9,REPLAY_COMPLETE,2022-05-28T00:00:00+00:00,2022-08-26T00:00:00+00:00,,,,0,,0,90,0,0,,0.0,UNION_ENTRY_BAR_START_TO_EXIT_INCLUDES_UNKNOWN_PRE_TOUCH_PART_OF_ENTRY_BAR,0.0,,1170,0,0,0,INSUFFICIENT_SAMPLE,1170,0,0,0,,0,0.0,0.0,,WITHHELD_BELOW_50_COMPARABLE_CLOSED_TRADES,0,0,,,WITHHELD_BELOW_90_DAILY_RETURNS_OR_30_CLOSED_TRADES,0,,0,0.0,848,,0,0.0,,False,0.0,NULL_WHEN_NO_TRADES_OR_NO_LOSSES,0,,0
binance,240,15,WALK_07,9,REPLAY_COMPLETE,2022-08-26T00:00:00+00:00,2022-11-24T00:00:00+00:00,,,,0,,0,90,0,0,,0.0,UNION_ENTRY_BAR_START_TO_EXIT_INCLUDES_UNKNOWN_PRE_TOUCH_PART_OF_ENTRY_BAR,0.0,,1170,0,0,0,INSUFFICIENT_SAMPLE,1170,0,0,0,,0,0.0,0.0,,WITHHELD_BELOW_50_COMPARABLE_CLOSED_TRADES,0,0,,,WITHHELD_BELOW_90_DAILY_RETURNS_OR_30_CLOSED_TRADES,0,,0,0.0,891,,0,0.0,,False,0.0,NULL_WHEN_NO_TRADES_OR_NO_LOSSES,0,,0
binance,240,15,WALK_08,9,REPLAY_COMPLETE,2022-11-24T00:00:00+00:00,2023-02-22T00:00:00+00:00,,,,0,,0,90,0,0,,0.0,UNION_ENTRY_BAR_START_TO_EXIT_INCLUDES_UNKNOWN_PRE_TOUCH_PART_OF_ENTRY_BAR,0.0,,1170,0,0,0,INSUFFICIENT_SAMPLE,1170,0,0,0,,0,0.0,0.0,,WITHHELD_BELOW_50_COMPARABLE_CLOSED_TRADES,0,0,,,WITHHELD_BELOW_90_DAILY_RETURNS_OR_30_CLOSED_TRADES,0,,0,0.0,892,,0,0.0,,False,0.0,NULL_WHEN_NO_TRADES_OR_NO_LOSSES,0,,0
binance,240,15,WALK_09,9,REPLAY_COMPLETE,2023-02-22T00:00:00+00:00,2023-03-24T12:30:00+00:00,,,,0,,0,30,0,0,,0.0,UNION_ENTRY_BAR_START_TO_EXIT_INCLUDES_UNKNOWN_PRE_TOUCH_PART_OF_ENTRY_BAR,0.0,,1170,0,0,0,INSUFFICIENT_SAMPLE,1170,0,0,0,,0,0.0,0.0,,WITHHELD_BELOW_50_COMPARABLE_CLOSED_TRADES,0,0,,,WITHHELD_BELOW_90_DAILY_RETURNS_OR_30_CLOSED_TRADES,1,0.0,0,0.0,587,,0,0.0,,False,0.0,NULL_WHEN_NO_TRADES_OR_NO_LOSSES,0,,0
binance,240,15,WALK_09,10,REPLAY_COMPLETE,2023-03-30T14:00:00+00:00,2023-05-23T00:00:00+00:00,,,,0,,0,53,0,0,,0.0,UNION_ENTRY_BAR_START_TO_EXIT_INCLUDES_UNKNOWN_PRE_TOUCH_PART_OF_ENTRY_BAR,0.0,,1170,0,0,0,INSUFFICIENT_SAMPLE,1170,0,0,0,,0,0.0,0.0,,WITHHELD_BELOW_50_COMPARABLE_CLOSED_TRADES,0,0,,,WITHHELD_BELOW_90_DAILY_RETURNS_OR_30_CLOSED_TRADES,0,,0,0.0,281,,0,0.0,,False,0.0,NULL_WHEN_NO_TRADES_OR_NO_LOSSES,0,,0
binance,240,15,WALK_10,10,REPLAY_COMPLETE,2023-05-23T00:00:00+00:00,2023-08-21T00:00:00+00:00,,,,0,,0,90,0,0,,0.0,UNION_ENTRY_BAR_START_TO_EXIT_INCLUDES_UNKNOWN_PRE_TOUCH_PART_OF_ENTRY_BAR,0.0,,1170,0,0,0,INSUFFICIENT_SAMPLE,1170,0,0,0,,0,0.0,0.0,,WITHHELD_BELOW_50_COMPARABLE_CLOSED_TRADES,0,0,,,WITHHELD_BELOW_90_DAILY_RETURNS_OR_30_CLOSED_TRADES,0,,0,0.0,713,,0,0.0,,False,0.0,NULL_WHEN_NO_TRADES_OR_NO_LOSSES,0,,0
binance,240,15,WALK_11,10,REPLAY_COMPLETE,2023-08-21T00:00:00+00:00,2023-11-19T00:00:00+00:00,,,,0,,0,90,0,0,,0.0,UNION_ENTRY_BAR_START_TO_EXIT_INCLUDES_UNKNOWN_PRE_TOUCH_PART_OF_ENTRY_BAR,0.0,,1170,0,0,0,INSUFFICIENT_SAMPLE,1170,0,0,0,,0,0.0,0.0,,WITHHELD_BELOW_50_COMPARABLE_CLOSED_TRADES,0,0,,,WITHHELD_BELOW_90_DAILY_RETURNS_OR_30_CLOSED_TRADES,1,0.0,0,0.0,816,,0,0.0,,False,0.0,NULL_WHEN_NO_TRADES_OR_NO_LOSSES,0,,0
binance,240,15,WALK_12,10,REPLAY_COMPLETE,2023-11-19T00:00:00+00:00,2024-02-17T00:00:00+00:00,,,,0,,0,90,0,0,,0.0,UNION_ENTRY_BAR_START_TO_EXIT_INCLUDES_UNKNOWN_PRE_TOUCH_PART_OF_ENTRY_BAR,0.0,,1170,0,0,0,INSUFFICIENT_SAMPLE,1170,0,0,0,,0,0.0,0.0,,WITHHELD_BELOW_50_COMPARABLE_CLOSED_TRADES,0,0,,,WITHHELD_BELOW_90_DAILY_RETURNS_OR_30_CLOSED_TRADES,0,,0,0.0,826,,0,0.0,,False,0.0,NULL_WHEN_NO_TRADES_OR_NO_LOSSES,0,,0
binance,240,15,WALK_13,10,REPLAY_COMPLETE,2024-02-17T00:00:00+00:00,2024-05-17T00:00:00+00:00,,,,0,,0,90,0,0,,0.0,UNION_ENTRY_BAR_START_TO_EXIT_INCLUDES_UNKNOWN_PRE_TOUCH_PART_OF_ENTRY_BAR,0.0,,1170,0,0,0,INSUFFICIENT_SAMPLE,1170,0,0,0,,0,0.0,0.0,,WITHHELD_BELOW_50_COMPARABLE_CLOSED_TRADES,0,0,,,WITHHELD_BELOW_90_DAILY_RETURNS_OR_30_CLOSED_TRADES,0,,0,0.0,848,,0,0.0,,False,0.0,NULL_WHEN_NO_TRADES_OR_NO_LOSSES,0,,0
binance,240,15,WALK_14,10,REPLAY_COMPLETE,2024-05-17T00:00:00+00:00,2024-08-15T00:00:00+00:00,,,,0,,0,90,0,0,,0.0,UNION_ENTRY_BAR_START_TO_EXIT_INCLUDES_UNKNOWN_PRE_TOUCH_PART_OF_ENTRY_BAR,0.0,,1170,0,0,0,INSUFFICIENT_SAMPLE,1170,0,0,0,,0,0.0,0.0,,WITHHELD_BELOW_50_COMPARABLE_CLOSED_TRADES,0,0,,,WITHHELD_BELOW_90_DAILY_RETURNS_OR_30_CLOSED_TRADES,1,0.0,0,0.0,909,,0,0.0,,False,0.0,NULL_WHEN_NO_TRADES_OR_NO_LOSSES,0,,0
binance,240,15,WALK_15,10,REPLAY_COMPLETE,2024-08-15T00:00:00+00:00,2024-11-13T00:00:00+00:00,,,,0,,0,90,0,0,,0.0,UNION_ENTRY_BAR_START_TO_EXIT_INCLUDES_UNKNOWN_PRE_TOUCH_PART_OF_ENTRY_BAR,0.0,,1170,0,0,0,INSUFFICIENT_SAMPLE,1170,0,0,0,,0,0.0,0.0,,WITHHELD_BELOW_50_COMPARABLE_CLOSED_TRADES,0,0,,,WITHHELD_BELOW_90_DAILY_RETURNS_OR_30_CLOSED_TRADES,0,,0,0.0,918,,0,0.0,,False,0.0,NULL_WHEN_NO_TRADES_OR_NO_LOSSES,0,,0
binance,240,15,WALK_16,10,REPLAY_COMPLETE,2024-11-13T00:00:00+00:00,2025-02-11T00:00:00+00:00,-1.0000000000000002,27000.0,0.0,0,,1,90,1,-23.399999999999864,-23.400000000000006,0.003587962962962963,UNION_ENTRY_BAR_START_TO_EXIT_INCLUDES_UNKNOWN_PRE_TOUCH_PART_OF_ENTRY_BAR,2.8377314749202625,,1146.6000000000001,-20.56226852507974,23.400000000000006,0,INSUFFICIENT_SAMPLE,1170,0,1,0,1.0,1,2091600.0,0.073591540100002,-1.0000000000000002,WITHHELD_BELOW_50_COMPARABLE_CLOSED_TRADES,-23.400000000000006,0,,0.0,WITHHELD_BELOW_90_DAILY_RETURNS_OR_30_CLOSED_TRADES,1,1.0,-23.399999999999864,23.400000000000006,876,,1,0.9459097069856602,,False,0.33819444444444446,NULL_WHEN_NO_TRADES_OR_NO_LOSSES,0,0.0,0
binance,240,15,WALK_17,10,REPLAY_COMPLETE,2025-02-11T00:00:00+00:00,2025-05-12T00:00:00+00:00,,,,0,,0,90,0,0,,0.0,UNION_ENTRY_BAR_START_TO_EXIT_INCLUDES_UNKNOWN_PRE_TOUCH_PART_OF_ENTRY_BAR,0.0,,1170,0,0,0,INSUFFICIENT_SAMPLE,1170,0,0,0,,0,0.0,0.0,,WITHHELD_BELOW_50_COMPARABLE_CLOSED_TRADES,0,0,,,WITHHELD_BELOW_90_DAILY_RETURNS_OR_30_CLOSED_TRADES,0,,0,0.0,838,,0,0.0,,False,0.0,NULL_WHEN_NO_TRADES_OR_NO_LOSSES,0,,0
binance,240,15,WALK_18,10,REPLAY_COMPLETE,2025-05-12T00:00:00+00:00,2025-08-10T00:00:00+00:00,,,,0,,0,90,0,0,,0.0,UNION_ENTRY_BAR_START_TO_EXIT_INCLUDES_UNKNOWN_PRE_TOUCH_PART_OF_ENTRY_BAR,0.0,,1170,0,0,0,INSUFFICIENT_SAMPLE,1170,0,0,0,,0,0.0,0.0,,WITHHELD_BELOW_50_COMPARABLE_CLOSED_TRADES,0,0,,,WITHHELD_BELOW_90_DAILY_RETURNS_OR_30_CLOSED_TRADES,0,,0,0.0,837,,0,0.0,,False,0.0,NULL_WHEN_NO_TRADES_OR_NO_LOSSES,0,,0
binance,240,15,WALK_19,10,REPLAY_COMPLETE,2025-08-10T00:00:00+00:00,2025-11-08T00:00:00+00:00,,,,0,,0,90,0,0,,0.0,UNION_ENTRY_BAR_START_TO_EXIT_INCLUDES_UNKNOWN_PRE_TOUCH_PART_OF_ENTRY_BAR,0.0,,1170,0,0,0,INSUFFICIENT_SAMPLE,1170,0,0,0,,0,0.0,0.0,,WITHHELD_BELOW_50_COMPARABLE_CLOSED_TRADES,0,0,,,WITHHELD_BELOW_90_DAILY_RETURNS_OR_30_CLOSED_TRADES,0,,0,0.0,750,,0,0.0,,False,0.0,NULL_WHEN_NO_TRADES_OR_NO_LOSSES,0,,0
binance,240,15,WALK_20,10,REPLAY_COMPLETE,2025-11-08T00:00:00+00:00,2026-01-01T00:00:00+00:00,,,,0,,0,54,0,0,,0.0,UNION_ENTRY_BAR_START_TO_EXIT_INCLUDES_UNKNOWN_PRE_TOUCH_PART_OF_ENTRY_BAR,0.0,,1170,0,0,0,INSUFFICIENT_SAMPLE,1170,0,0,0,,0,0.0,0.0,,WITHHELD_BELOW_50_COMPARABLE_CLOSED_TRADES,0,0,,,WITHHELD_BELOW_90_DAILY_RETURNS_OR_30_CLOSED_TRADES,0,,0,0.0,466,,0,0.0,,False,0.0,NULL_WHEN_NO_TRADES_OR_NO_LOSSES,0,,0
binance,240,60,REFERENCE,0,REPLAY_COMPLETE,2020-09-05T00:00:00+00:00,2020-11-30T06:00:00+00:00,,,,0,,0,86,0,0,,0.0,UNION_ENTRY_BAR_START_TO_EXIT_INCLUDES_UNKNOWN_PRE_TOUCH_PART_OF_ENTRY_BAR,0.0,,1170,0,0,0,INSUFFICIENT_SAMPLE,1170,0,0,0,,0,0.0,0.0,,WITHHELD_BELOW_50_COMPARABLE_CLOSED_TRADES,0,0,,,WITHHELD_BELOW_90_DAILY_RETURNS_OR_30_CLOSED_TRADES,0,,0,0.0,329,,0,0.0,,False,0.0,NULL_WHEN_NO_TRADES_OR_NO_LOSSES,0,,0
binance,240,60,REFERENCE,1,INSUFFICIENT_CONTIGUOUS_WARMUP,,,,,,,,,,,,,,,,,,,,,,,,,,,,,,,,,,,,,,,,,,,,,,,,,,,
binance,240,60,REFERENCE,2,INSUFFICIENT_CONTIGUOUS_WARMUP,,,,,,,,,,,,,,,,,,,,,,,,,,,,,,,,,,,,,,,,,,,,,,,,,,,
binance,240,60,REFERENCE,3,REPLAY_COMPLETE,2021-01-18T03:00:00+00:00,2021-02-11T03:00:00+00:00,,,,0,,0,23,0,0,,0.0,UNION_ENTRY_BAR_START_TO_EXIT_INCLUDES_UNKNOWN_PRE_TOUCH_PART_OF_ENTRY_BAR,0.0,,1170,0,0,0,INSUFFICIENT_SAMPLE,1170,0,0,0,,0,0.0,0.0,,WITHHELD_BELOW_50_COMPARABLE_CLOSED_TRADES,0,0,,,WITHHELD_BELOW_90_DAILY_RETURNS_OR_30_CLOSED_TRADES,0,,0,0.0,102,,0,0.0,,False,0.0,NULL_WHEN_NO_TRADES_OR_NO_LOSSES,0,,0
binance,240,60,REFERENCE,4,INSUFFICIENT_CONTIGUOUS_WARMUP,,,,,,,,,,,,,,,,,,,,,,,,,,,,,,,,,,,,,,,,,,,,,,,,,,,
binance,240,60,REFERENCE,5,REPLAY_COMPLETE,2021-03-30T04:00:00+00:00,2021-04-20T02:00:00+00:00,,,,0,,0,20,0,0,,0.0,UNION_ENTRY_BAR_START_TO_EXIT_INCLUDES_UNKNOWN_PRE_TOUCH_PART_OF_ENTRY_BAR,0.0,,1170,0,0,0,INSUFFICIENT_SAMPLE,1170,0,0,0,,0,0.0,0.0,,WITHHELD_BELOW_50_COMPARABLE_CLOSED_TRADES,0,0,,,WITHHELD_BELOW_90_DAILY_RETURNS_OR_30_CLOSED_TRADES,0,,0,0.0,129,,0,0.0,,False,0.0,NULL_WHEN_NO_TRADES_OR_NO_LOSSES,0,,0
binance,240,60,REFERENCE,6,INSUFFICIENT_CONTIGUOUS_WARMUP,,,,,,,,,,,,,,,,,,,,,,,,,,,,,,,,,,,,,,,,,,,,,,,,,,,
binance,240,60,REFERENCE,7,REPLAY_COMPLETE,2021-05-19T09:00:00+00:00,2021-08-13T02:00:00+00:00,,,,0,,0,85,0,0,,0.0,UNION_ENTRY_BAR_START_TO_EXIT_INCLUDES_UNKNOWN_PRE_TOUCH_PART_OF_ENTRY_BAR,0.0,,1170,0,0,0,INSUFFICIENT_SAMPLE,1170,0,0,0,,0,0.0,0.0,,WITHHELD_BELOW_50_COMPARABLE_CLOSED_TRADES,0,0,,,WITHHELD_BELOW_90_DAILY_RETURNS_OR_30_CLOSED_TRADES,0,,0,0.0,294,,0,0.0,,False,0.0,NULL_WHEN_NO_TRADES_OR_NO_LOSSES,0,,0
binance,240,60,REFERENCE,8,REPLAY_COMPLETE,2021-09-06T07:00:00+00:00,2021-09-29T07:00:00+00:00,,,,0,,0,22,0,0,,0.0,UNION_ENTRY_BAR_START_TO_EXIT_INCLUDES_UNKNOWN_PRE_TOUCH_PART_OF_ENTRY_BAR,0.0,,1170,0,0,0,INSUFFICIENT_SAMPLE,1170,0,0,0,,0,0.0,0.0,,WITHHELD_BELOW_50_COMPARABLE_CLOSED_TRADES,0,0,,,WITHHELD_BELOW_90_DAILY_RETURNS_OR_30_CLOSED_TRADES,0,,0,0.0,116,,0,0.0,,False,0.0,NULL_WHEN_NO_TRADES_OR_NO_LOSSES,0,,0
binance,240,60,REFERENCE,9,REPLAY_COMPLETE,2021-10-23T09:00:00+00:00,2023-03-24T12:00:00+00:00,-0.9999999999999999,154800.0,0.0,0,,1,516,1,-23.40000000000009,-23.4,0.003545242123922327,UNION_ENTRY_BAR_START_TO_EXIT_INCLUDES_UNKNOWN_PRE_TOUCH_PART_OF_ENTRY_BAR,1.923607819352366,,1146.6,-21.476392180647633,23.4,0,INSUFFICIENT_SAMPLE,1170,1,1,0,1.0,1,1987200.0,0.06888511129090993,-0.9999999999999999,WITHHELD_BELOW_50_COMPARABLE_CLOSED_TRADES,-23.4,0,,0.0,WITHHELD_BELOW_90_DAILY_RETURNS_OR_30_CLOSED_TRADES,1,1.0,-23.40000000000009,23.4,1586,,0,0.6412017730431665,,False,0.05885907662557409,NULL_WHEN_NO_TRADES_OR_NO_LOSSES,0,0.0,0
binance,240,60,REFERENCE,10,REPLAY_COMPLETE,2023-04-17T14:00:00+00:00,2023-11-15T00:00:00+00:00,,,,0,,0,211,0,0,,0.0,UNION_ENTRY_BAR_START_TO_EXIT_INCLUDES_UNKNOWN_PRE_TOUCH_PART_OF_ENTRY_BAR,0.0,,1170,0,0,0,INSUFFICIENT_SAMPLE,1170,0,0,0,,0,0.0,0.0,,WITHHELD_BELOW_50_COMPARABLE_CLOSED_TRADES,0,0,,,WITHHELD_BELOW_90_DAILY_RETURNS_OR_30_CLOSED_TRADES,0,,0,0.0,681,,0,0.0,,False,0.0,NULL_WHEN_NO_TRADES_OR_NO_LOSSES,0,,0
binance,240,60,VALIDATION,10,REPLAY_COMPLETE,2023-11-15T00:00:00+00:00,2024-12-08T00:00:00+00:00,,,,0,,0,389,0,0,,0.0,UNION_ENTRY_BAR_START_TO_EXIT_INCLUDES_UNKNOWN_PRE_TOUCH_PART_OF_ENTRY_BAR,0.0,,1170,0,0,0,INSUFFICIENT_SAMPLE,1170,0,0,0,,0,0.0,0.0,,WITHHELD_BELOW_50_COMPARABLE_CLOSED_TRADES,0,0,,,WITHHELD_BELOW_90_DAILY_RETURNS_OR_30_CLOSED_TRADES,1,0.0,0,0.0,1399,,0,0.0,,False,0.0,NULL_WHEN_NO_TRADES_OR_NO_LOSSES,0,,0
binance,240,60,HOLDOUT,10,REPLAY_COMPLETE,2024-12-08T00:00:00+00:00,2026-01-01T00:00:00+00:00,,,,0,,0,389,0,0,,0.0,UNION_ENTRY_BAR_START_TO_EXIT_INCLUDES_UNKNOWN_PRE_TOUCH_PART_OF_ENTRY_BAR,0.0,,1170,0,0,0,INSUFFICIENT_SAMPLE,1170,0,0,0,,0,0.0,0.0,,WITHHELD_BELOW_50_COMPARABLE_CLOSED_TRADES,0,0,,,WITHHELD_BELOW_90_DAILY_RETURNS_OR_30_CLOSED_TRADES,0,,0,0.0,1401,,0,0.0,,False,0.0,NULL_WHEN_NO_TRADES_OR_NO_LOSSES,0,,0
binance,240,60,WALK_00,1,INSUFFICIENT_CONTIGUOUS_WARMUP,,,,,,,,,,,,,,,,,,,,,,,,,,,,,,,,,,,,,,,,,,,,,,,,,,,
binance,240,60,WALK_00,2,INSUFFICIENT_CONTIGUOUS_WARMUP,,,,,,,,,,,,,,,,,,,,,,,,,,,,,,,,,,,,,,,,,,,,,,,,,,,
binance,240,60,WALK_00,3,REPLAY_COMPLETE,2021-01-18T03:00:00+00:00,2021-02-11T03:00:00+00:00,,,,0,,0,23,0,0,,0.0,UNION_ENTRY_BAR_START_TO_EXIT_INCLUDES_UNKNOWN_PRE_TOUCH_PART_OF_ENTRY_BAR,0.0,,1170,0,0,0,INSUFFICIENT_SAMPLE,1170,0,0,0,,0,0.0,0.0,,WITHHELD_BELOW_50_COMPARABLE_CLOSED_TRADES,0,0,,,WITHHELD_BELOW_90_DAILY_RETURNS_OR_30_CLOSED_TRADES,0,,0,0.0,102,,0,0.0,,False,0.0,NULL_WHEN_NO_TRADES_OR_NO_LOSSES,0,,0
binance,240,60,WALK_00,4,INSUFFICIENT_CONTIGUOUS_WARMUP,,,,,,,,,,,,,,,,,,,,,,,,,,,,,,,,,,,,,,,,,,,,,,,,,,,
binance,240,60,WALK_01,4,INSUFFICIENT_CONTIGUOUS_WARMUP,,,,,,,,,,,,,,,,,,,,,,,,,,,,,,,,,,,,,,,,,,,,,,,,,,,
binance,240,60,WALK_01,5,REPLAY_COMPLETE,2021-03-30T04:00:00+00:00,2021-04-20T02:00:00+00:00,,,,0,,0,20,0,0,,0.0,UNION_ENTRY_BAR_START_TO_EXIT_INCLUDES_UNKNOWN_PRE_TOUCH_PART_OF_ENTRY_BAR,0.0,,1170,0,0,0,INSUFFICIENT_SAMPLE,1170,0,0,0,,0,0.0,0.0,,WITHHELD_BELOW_50_COMPARABLE_CLOSED_TRADES,0,0,,,WITHHELD_BELOW_90_DAILY_RETURNS_OR_30_CLOSED_TRADES,0,,0,0.0,129,,0,0.0,,False,0.0,NULL_WHEN_NO_TRADES_OR_NO_LOSSES,0,,0
binance,240,60,WALK_01,6,INSUFFICIENT_CONTIGUOUS_WARMUP,,,,,,,,,,,,,,,,,,,,,,,,,,,,,,,,,,,,,,,,,,,,,,,,,,,
binance,240,60,WALK_01,7,REPLAY_COMPLETE,2021-05-19T09:00:00+00:00,2021-06-02T00:00:00+00:00,,,,0,,0,13,0,0,,0.0,UNION_ENTRY_BAR_START_TO_EXIT_INCLUDES_UNKNOWN_PRE_TOUCH_PART_OF_ENTRY_BAR,0.0,,1170,0,0,0,INSUFFICIENT_SAMPLE,1170,0,0,0,,0,0.0,0.0,,WITHHELD_BELOW_50_COMPARABLE_CLOSED_TRADES,0,0,,,WITHHELD_BELOW_90_DAILY_RETURNS_OR_30_CLOSED_TRADES,0,,0,0.0,87,,0,0.0,,False,0.0,NULL_WHEN_NO_TRADES_OR_NO_LOSSES,0,,0
binance,240,60,WALK_02,7,REPLAY_COMPLETE,2021-06-02T00:00:00+00:00,2021-08-13T02:00:00+00:00,,,,0,,0,72,0,0,,0.0,UNION_ENTRY_BAR_START_TO_EXIT_INCLUDES_UNKNOWN_PRE_TOUCH_PART_OF_ENTRY_BAR,0.0,,1170,0,0,0,INSUFFICIENT_SAMPLE,1170,0,0,0,,0,0.0,0.0,,WITHHELD_BELOW_50_COMPARABLE_CLOSED_TRADES,0,0,,,WITHHELD_BELOW_90_DAILY_RETURNS_OR_30_CLOSED_TRADES,0,,0,0.0,294,,0,0.0,,False,0.0,NULL_WHEN_NO_TRADES_OR_NO_LOSSES,0,,0
binance,240,60,WALK_02,8,INSUFFICIENT_CONTIGUOUS_WARMUP,,,,,,,,,,,,,,,,,,,,,,,,,,,,,,,,,,,,,,,,,,,,,,,,,,,
binance,240,60,WALK_03,8,REPLAY_COMPLETE,2021-09-06T07:00:00+00:00,2021-09-29T07:00:00+00:00,,,,0,,0,22,0,0,,0.0,UNION_ENTRY_BAR_START_TO_EXIT_INCLUDES_UNKNOWN_PRE_TOUCH_PART_OF_ENTRY_BAR,0.0,,1170,0,0,0,INSUFFICIENT_SAMPLE,1170,0,0,0,,0,0.0,0.0,,WITHHELD_BELOW_50_COMPARABLE_CLOSED_TRADES,0,0,,,WITHHELD_BELOW_90_DAILY_RETURNS_OR_30_CLOSED_TRADES,0,,0,0.0,116,,0,0.0,,False,0.0,NULL_WHEN_NO_TRADES_OR_NO_LOSSES,0,,0
binance,240,60,WALK_03,9,REPLAY_COMPLETE,2021-10-23T09:00:00+00:00,2021-11-29T00:00:00+00:00,,,,0,,0,36,0,0,,0.0,UNION_ENTRY_BAR_START_TO_EXIT_INCLUDES_UNKNOWN_PRE_TOUCH_PART_OF_ENTRY_BAR,0.0,,1170,0,0,0,INSUFFICIENT_SAMPLE,1170,0,0,0,,0,0.0,0.0,,WITHHELD_BELOW_50_COMPARABLE_CLOSED_TRADES,0,0,,,WITHHELD_BELOW_90_DAILY_RETURNS_OR_30_CLOSED_TRADES,0,,0,0.0,172,,0,0.0,,False,0.0,NULL_WHEN_NO_TRADES_OR_NO_LOSSES,0,,0
binance,240,60,WALK_04,9,REPLAY_COMPLETE,2021-11-29T00:00:00+00:00,2022-02-27T00:00:00+00:00,,,,0,,0,90,0,0,,0.0,UNION_ENTRY_BAR_START_TO_EXIT_INCLUDES_UNKNOWN_PRE_TOUCH_PART_OF_ENTRY_BAR,0.0,,1170,0,0,0,INSUFFICIENT_SAMPLE,1170,0,0,0,,0,0.0,0.0,,WITHHELD_BELOW_50_COMPARABLE_CLOSED_TRADES,0,0,,,WITHHELD_BELOW_90_DAILY_RETURNS_OR_30_CLOSED_TRADES,0,,0,0.0,393,,0,0.0,,False,0.0,NULL_WHEN_NO_TRADES_OR_NO_LOSSES,0,,0
binance,240,60,WALK_05,9,REPLAY_COMPLETE,2022-02-27T00:00:00+00:00,2022-05-28T00:00:00+00:00,,,,0,,0,90,0,0,,0.0,UNION_ENTRY_BAR_START_TO_EXIT_INCLUDES_UNKNOWN_PRE_TOUCH_PART_OF_ENTRY_BAR,0.0,,1170,0,0,0,INSUFFICIENT_SAMPLE,1170,0,0,0,,0,0.0,0.0,,WITHHELD_BELOW_50_COMPARABLE_CLOSED_TRADES,0,0,,,WITHHELD_BELOW_90_DAILY_RETURNS_OR_30_CLOSED_TRADES,0,,0,0.0,470,,0,0.0,,False,0.0,NULL_WHEN_NO_TRADES_OR_NO_LOSSES,0,,0
binance,240,60,WALK_06,9,REPLAY_COMPLETE,2022-05-28T00:00:00+00:00,2022-08-26T00:00:00+00:00,,,,0,,0,90,0,0,,0.0,UNION_ENTRY_BAR_START_TO_EXIT_INCLUDES_UNKNOWN_PRE_TOUCH_PART_OF_ENTRY_BAR,0.0,,1170,0,0,0,INSUFFICIENT_SAMPLE,1170,0,0,0,,0,0.0,0.0,,WITHHELD_BELOW_50_COMPARABLE_CLOSED_TRADES,0,0,,,WITHHELD_BELOW_90_DAILY_RETURNS_OR_30_CLOSED_TRADES,0,,0,0.0,521,,0,0.0,,False,0.0,NULL_WHEN_NO_TRADES_OR_NO_LOSSES,0,,0
binance,240,60,WALK_07,9,REPLAY_COMPLETE,2022-08-26T00:00:00+00:00,2022-11-24T00:00:00+00:00,,,,0,,0,90,0,0,,0.0,UNION_ENTRY_BAR_START_TO_EXIT_INCLUDES_UNKNOWN_PRE_TOUCH_PART_OF_ENTRY_BAR,0.0,,1170,0,0,0,INSUFFICIENT_SAMPLE,1170,0,0,0,,0,0.0,0.0,,WITHHELD_BELOW_50_COMPARABLE_CLOSED_TRADES,0,0,,,WITHHELD_BELOW_90_DAILY_RETURNS_OR_30_CLOSED_TRADES,0,,0,0.0,556,,0,0.0,,False,0.0,NULL_WHEN_NO_TRADES_OR_NO_LOSSES,0,,0
binance,240,60,WALK_08,9,REPLAY_COMPLETE,2022-11-24T00:00:00+00:00,2023-02-22T00:00:00+00:00,,,,0,,0,90,0,0,,0.0,UNION_ENTRY_BAR_START_TO_EXIT_INCLUDES_UNKNOWN_PRE_TOUCH_PART_OF_ENTRY_BAR,0.0,,1170,0,0,0,INSUFFICIENT_SAMPLE,1170,0,0,0,,0,0.0,0.0,,WITHHELD_BELOW_50_COMPARABLE_CLOSED_TRADES,0,0,,,WITHHELD_BELOW_90_DAILY_RETURNS_OR_30_CLOSED_TRADES,0,,0,0.0,548,,0,0.0,,False,0.0,NULL_WHEN_NO_TRADES_OR_NO_LOSSES,0,,0
binance,240,60,WALK_09,9,REPLAY_COMPLETE,2023-02-22T00:00:00+00:00,2023-03-24T12:00:00+00:00,,,,0,,0,30,0,0,,0.0,UNION_ENTRY_BAR_START_TO_EXIT_INCLUDES_UNKNOWN_PRE_TOUCH_PART_OF_ENTRY_BAR,0.0,,1170,0,0,0,INSUFFICIENT_SAMPLE,1170,0,0,0,,0,0.0,0.0,,WITHHELD_BELOW_50_COMPARABLE_CLOSED_TRADES,0,0,,,WITHHELD_BELOW_90_DAILY_RETURNS_OR_30_CLOSED_TRADES,1,0.0,0,0.0,353,,0,0.0,,False,0.0,NULL_WHEN_NO_TRADES_OR_NO_LOSSES,0,,0
binance,240,60,WALK_09,10,REPLAY_COMPLETE,2023-04-17T14:00:00+00:00,2023-05-23T00:00:00+00:00,,,,0,,0,35,0,0,,0.0,UNION_ENTRY_BAR_START_TO_EXIT_INCLUDES_UNKNOWN_PRE_TOUCH_PART_OF_ENTRY_BAR,0.0,,1170,0,0,0,INSUFFICIENT_SAMPLE,1170,0,0,0,,0,0.0,0.0,,WITHHELD_BELOW_50_COMPARABLE_CLOSED_TRADES,0,0,,,WITHHELD_BELOW_90_DAILY_RETURNS_OR_30_CLOSED_TRADES,0,,0,0.0,173,,0,0.0,,False,0.0,NULL_WHEN_NO_TRADES_OR_NO_LOSSES,0,,0
binance,240,60,WALK_10,10,REPLAY_COMPLETE,2023-05-23T00:00:00+00:00,2023-08-21T00:00:00+00:00,,,,0,,0,90,0,0,,0.0,UNION_ENTRY_BAR_START_TO_EXIT_INCLUDES_UNKNOWN_PRE_TOUCH_PART_OF_ENTRY_BAR,0.0,,1170,0,0,0,INSUFFICIENT_SAMPLE,1170,0,0,0,,0,0.0,0.0,,WITHHELD_BELOW_50_COMPARABLE_CLOSED_TRADES,0,0,,,WITHHELD_BELOW_90_DAILY_RETURNS_OR_30_CLOSED_TRADES,0,,0,0.0,419,,0,0.0,,False,0.0,NULL_WHEN_NO_TRADES_OR_NO_LOSSES,0,,0
binance,240,60,WALK_11,10,REPLAY_COMPLETE,2023-08-21T00:00:00+00:00,2023-11-19T00:00:00+00:00,,,,0,,0,90,0,0,,0.0,UNION_ENTRY_BAR_START_TO_EXIT_INCLUDES_UNKNOWN_PRE_TOUCH_PART_OF_ENTRY_BAR,0.0,,1170,0,0,0,INSUFFICIENT_SAMPLE,1170,0,0,0,,0,0.0,0.0,,WITHHELD_BELOW_50_COMPARABLE_CLOSED_TRADES,0,0,,,WITHHELD_BELOW_90_DAILY_RETURNS_OR_30_CLOSED_TRADES,0,,0,0.0,507,,0,0.0,,False,0.0,NULL_WHEN_NO_TRADES_OR_NO_LOSSES,0,,0
binance,240,60,WALK_12,10,REPLAY_COMPLETE,2023-11-19T00:00:00+00:00,2024-02-17T00:00:00+00:00,,,,0,,0,90,0,0,,0.0,UNION_ENTRY_BAR_START_TO_EXIT_INCLUDES_UNKNOWN_PRE_TOUCH_PART_OF_ENTRY_BAR,0.0,,1170,0,0,0,INSUFFICIENT_SAMPLE,1170,0,0,0,,0,0.0,0.0,,WITHHELD_BELOW_50_COMPARABLE_CLOSED_TRADES,0,0,,,WITHHELD_BELOW_90_DAILY_RETURNS_OR_30_CLOSED_TRADES,0,,0,0.0,501,,0,0.0,,False,0.0,NULL_WHEN_NO_TRADES_OR_NO_LOSSES,0,,0
binance,240,60,WALK_13,10,REPLAY_COMPLETE,2024-02-17T00:00:00+00:00,2024-05-17T00:00:00+00:00,,,,0,,0,90,0,0,,0.0,UNION_ENTRY_BAR_START_TO_EXIT_INCLUDES_UNKNOWN_PRE_TOUCH_PART_OF_ENTRY_BAR,0.0,,1170,0,0,0,INSUFFICIENT_SAMPLE,1170,0,0,0,,0,0.0,0.0,,WITHHELD_BELOW_50_COMPARABLE_CLOSED_TRADES,0,0,,,WITHHELD_BELOW_90_DAILY_RETURNS_OR_30_CLOSED_TRADES,0,,0,0.0,535,,0,0.0,,False,0.0,NULL_WHEN_NO_TRADES_OR_NO_LOSSES,0,,0
binance,240,60,WALK_14,10,REPLAY_COMPLETE,2024-05-17T00:00:00+00:00,2024-08-15T00:00:00+00:00,,,,0,,0,90,0,0,,0.0,UNION_ENTRY_BAR_START_TO_EXIT_INCLUDES_UNKNOWN_PRE_TOUCH_PART_OF_ENTRY_BAR,0.0,,1170,0,0,0,INSUFFICIENT_SAMPLE,1170,0,0,0,,0,0.0,0.0,,WITHHELD_BELOW_50_COMPARABLE_CLOSED_TRADES,0,0,,,WITHHELD_BELOW_90_DAILY_RETURNS_OR_30_CLOSED_TRADES,0,,0,0.0,563,,0,0.0,,False,0.0,NULL_WHEN_NO_TRADES_OR_NO_LOSSES,0,,0
binance,240,60,WALK_15,10,REPLAY_COMPLETE,2024-08-15T00:00:00+00:00,2024-11-13T00:00:00+00:00,,,,0,,0,90,0,0,,0.0,UNION_ENTRY_BAR_START_TO_EXIT_INCLUDES_UNKNOWN_PRE_TOUCH_PART_OF_ENTRY_BAR,0.0,,1170,0,0,0,INSUFFICIENT_SAMPLE,1170,0,0,0,,0,0.0,0.0,,WITHHELD_BELOW_50_COMPARABLE_CLOSED_TRADES,0,0,,,WITHHELD_BELOW_90_DAILY_RETURNS_OR_30_CLOSED_TRADES,0,,0,0.0,518,,0,0.0,,False,0.0,NULL_WHEN_NO_TRADES_OR_NO_LOSSES,0,,0
binance,240,60,WALK_16,10,REPLAY_COMPLETE,2024-11-13T00:00:00+00:00,2025-02-11T00:00:00+00:00,,,,0,,0,90,0,0,,0.0,UNION_ENTRY_BAR_START_TO_EXIT_INCLUDES_UNKNOWN_PRE_TOUCH_PART_OF_ENTRY_BAR,0.0,,1170,0,0,0,INSUFFICIENT_SAMPLE,1170,0,0,0,,0,0.0,0.0,,WITHHELD_BELOW_50_COMPARABLE_CLOSED_TRADES,0,0,,,WITHHELD_BELOW_90_DAILY_RETURNS_OR_30_CLOSED_TRADES,0,,0,0.0,514,,0,0.0,,False,0.0,NULL_WHEN_NO_TRADES_OR_NO_LOSSES,0,,0
binance,240,60,WALK_17,10,REPLAY_COMPLETE,2025-02-11T00:00:00+00:00,2025-05-12T00:00:00+00:00,,,,0,,0,90,0,0,,0.0,UNION_ENTRY_BAR_START_TO_EXIT_INCLUDES_UNKNOWN_PRE_TOUCH_PART_OF_ENTRY_BAR,0.0,,1170,0,0,0,INSUFFICIENT_SAMPLE,1170,0,0,0,,0,0.0,0.0,,WITHHELD_BELOW_50_COMPARABLE_CLOSED_TRADES,0,0,,,WITHHELD_BELOW_90_DAILY_RETURNS_OR_30_CLOSED_TRADES,0,,0,0.0,516,,0,0.0,,False,0.0,NULL_WHEN_NO_TRADES_OR_NO_LOSSES,0,,0
binance,240,60,WALK_18,10,REPLAY_COMPLETE,2025-05-12T00:00:00+00:00,2025-08-10T00:00:00+00:00,,,,0,,0,90,0,0,,0.0,UNION_ENTRY_BAR_START_TO_EXIT_INCLUDES_UNKNOWN_PRE_TOUCH_PART_OF_ENTRY_BAR,0.0,,1170,0,0,0,INSUFFICIENT_SAMPLE,1170,0,0,0,,0,0.0,0.0,,WITHHELD_BELOW_50_COMPARABLE_CLOSED_TRADES,0,0,,,WITHHELD_BELOW_90_DAILY_RETURNS_OR_30_CLOSED_TRADES,0,,0,0.0,506,,0,0.0,,False,0.0,NULL_WHEN_NO_TRADES_OR_NO_LOSSES,0,,0
binance,240,60,WALK_19,10,REPLAY_COMPLETE,2025-08-10T00:00:00+00:00,2025-11-08T00:00:00+00:00,,,,0,,0,90,0,0,,0.0,UNION_ENTRY_BAR_START_TO_EXIT_INCLUDES_UNKNOWN_PRE_TOUCH_PART_OF_ENTRY_BAR,0.0,,1170,0,0,0,INSUFFICIENT_SAMPLE,1170,0,0,0,,0,0.0,0.0,,WITHHELD_BELOW_50_COMPARABLE_CLOSED_TRADES,0,0,,,WITHHELD_BELOW_90_DAILY_RETURNS_OR_30_CLOSED_TRADES,0,,0,0.0,507,,0,0.0,,False,0.0,NULL_WHEN_NO_TRADES_OR_NO_LOSSES,0,,0
binance,240,60,WALK_20,10,REPLAY_COMPLETE,2025-11-08T00:00:00+00:00,2026-01-01T00:00:00+00:00,,,,0,,0,54,0,0,,0.0,UNION_ENTRY_BAR_START_TO_EXIT_INCLUDES_UNKNOWN_PRE_TOUCH_PART_OF_ENTRY_BAR,0.0,,1170,0,0,0,INSUFFICIENT_SAMPLE,1170,0,0,0,,0,0.0,0.0,,WITHHELD_BELOW_50_COMPARABLE_CLOSED_TRADES,0,0,,,WITHHELD_BELOW_90_DAILY_RETURNS_OR_30_CLOSED_TRADES,0,,0,0.0,419,,0,0.0,,False,0.0,NULL_WHEN_NO_TRADES_OR_NO_LOSSES,0,,0
