study,case,role,cohort,htf,ltf,start,end,variant,allocation,stop_policy,average_R,average_holding_seconds_known_time_lower_bound,average_loss,average_win,breakeven_rate,breakevens,calmar,completed_trades,daily_return_observations,descriptive_break_even_win_rate,entries,equity_pnl,exit_change_evidence,expectancy,exposure_fraction_upper_bound,exposure_policy,fees,fees_as_percent_gross_edge,final_equity,gross_edge_before_fees,gross_loss,gross_profit,inference_status,initial_equity,long_entries,longest_loss_streak,longest_win_streak,loss_rate,losses,max_drawdown_duration_seconds,max_drawdown_fraction,median_R,monte_carlo_status,net_pnl,open_trades,payoff_ratio,post_tp1_be_stops,profit_factor,ratio_status,ready,ready_filled_rate,realized_account_balance_pnl,realized_contribution_drawdown_usdt,setups,sharpe,short_entries,slippage_cost,sortino,tp1_hit_rate,tp2_hit_rate,tp3_hit_rate,tp_hit_rate_policy,trade_entry_allowed,trades_per_month,undefined_ratio_policy,unrealized_pnl,win_rate,wins,baseline_a_exact_match,same_frozen_entry_signals,not_a_pooled_portfolio
binance_15_5,HOLDOUT_SEGMENT_10,EXTERNAL,binance,15,5,2024-12-08T00:00:00+00:00,2026-01-01T00:00:00+00:00,A_40_30_30_BE_TP1,"[0.4, 0.3, 0.3]",TP1,-1.0,3075.0,21.825907947413853,,0.0,0,,8,389,,8,-174.60726357931094,INSUFFICIENT_SAMPLE,-21.825907947413853,0.0008033419023136247,UNION_ENTRY_BAR_START_TO_EXIT_INCLUDES_UNKNOWN_PRE_TOUCH_PART_OF_ENTRY_BAR,25.01008590359322,,995.3927364206891,-149.5971776757176,174.60726357931082,0,INSUFFICIENT_SAMPLE,1170,2,8,0,1.0,8,29870400.0,0.14923697741821448,-1.0,WITHHELD_BELOW_50_COMPARABLE_CLOSED_TRADES,-174.60726357931082,0,,0,0.0,WITHHELD_BELOW_90_DAILY_RETURNS_OR_30_CLOSED_TRADES,43,0.18604651162790697,-174.60726357931094,174.60726357931085,17770,,6,8.336689650777641,,0.0,0.0,0.0,OBSERVED_HITS_PER_ENTRY_CENSORED_OPEN_TRADES_NOT_ASSUMED_FAILED,False,0.6259640102827764,NULL_WHEN_NO_TRADES_OR_NO_LOSSES,0,0.0,0,True,True,True
binance_15_5,HOLDOUT_SEGMENT_10,EXTERNAL,binance,15,5,2024-12-08T00:00:00+00:00,2026-01-01T00:00:00+00:00,B_30_30_40_BE_TP1,"[0.3, 0.3, 0.4]",TP1,-1.0,3075.0,21.825907947413853,,0.0,0,,8,389,,8,-174.60726357931094,INSUFFICIENT_SAMPLE,-21.825907947413853,0.0008033419023136247,UNION_ENTRY_BAR_START_TO_EXIT_INCLUDES_UNKNOWN_PRE_TOUCH_PART_OF_ENTRY_BAR,25.01008590359322,,995.3927364206891,-149.5971776757176,174.60726357931082,0,INSUFFICIENT_SAMPLE,1170,2,8,0,1.0,8,29870400.0,0.14923697741821448,-1.0,WITHHELD_BELOW_50_COMPARABLE_CLOSED_TRADES,-174.60726357931082,0,,0,0.0,WITHHELD_BELOW_90_DAILY_RETURNS_OR_30_CLOSED_TRADES,43,0.18604651162790697,-174.60726357931094,174.60726357931085,17770,,6,8.336689650777641,,0.0,0.0,0.0,OBSERVED_HITS_PER_ENTRY_CENSORED_OPEN_TRADES_NOT_ASSUMED_FAILED,False,0.6259640102827764,NULL_WHEN_NO_TRADES_OR_NO_LOSSES,0,0.0,0,False,True,True
binance_15_5,HOLDOUT_SEGMENT_10,EXTERNAL,binance,15,5,2024-12-08T00:00:00+00:00,2026-01-01T00:00:00+00:00,C_25_25_50_BE_TP1,"[0.25, 0.25, 0.5]",TP1,-1.0,3075.0,21.825907947413853,,0.0,0,,8,389,,8,-174.60726357931094,INSUFFICIENT_SAMPLE,-21.825907947413853,0.0008033419023136247,UNION_ENTRY_BAR_START_TO_EXIT_INCLUDES_UNKNOWN_PRE_TOUCH_PART_OF_ENTRY_BAR,25.01008590359322,,995.3927364206891,-149.5971776757176,174.60726357931082,0,INSUFFICIENT_SAMPLE,1170,2,8,0,1.0,8,29870400.0,0.14923697741821448,-1.0,WITHHELD_BELOW_50_COMPARABLE_CLOSED_TRADES,-174.60726357931082,0,,0,0.0,WITHHELD_BELOW_90_DAILY_RETURNS_OR_30_CLOSED_TRADES,43,0.18604651162790697,-174.60726357931094,174.60726357931085,17770,,6,8.336689650777641,,0.0,0.0,0.0,OBSERVED_HITS_PER_ENTRY_CENSORED_OPEN_TRADES_NOT_ASSUMED_FAILED,False,0.6259640102827764,NULL_WHEN_NO_TRADES_OR_NO_LOSSES,0,0.0,0,False,True,True
binance_15_5,HOLDOUT_SEGMENT_10,EXTERNAL,binance,15,5,2024-12-08T00:00:00+00:00,2026-01-01T00:00:00+00:00,D_25_35_40_BE_TP1,"[0.25, 0.35, 0.4]",TP1,-1.0,3075.0,21.825907947413853,,0.0,0,,8,389,,8,-174.60726357931094,INSUFFICIENT_SAMPLE,-21.825907947413853,0.0008033419023136247,UNION_ENTRY_BAR_START_TO_EXIT_INCLUDES_UNKNOWN_PRE_TOUCH_PART_OF_ENTRY_BAR,25.01008590359322,,995.3927364206891,-149.5971776757176,174.60726357931082,0,INSUFFICIENT_SAMPLE,1170,2,8,0,1.0,8,29870400.0,0.14923697741821448,-1.0,WITHHELD_BELOW_50_COMPARABLE_CLOSED_TRADES,-174.60726357931082,0,,0,0.0,WITHHELD_BELOW_90_DAILY_RETURNS_OR_30_CLOSED_TRADES,43,0.18604651162790697,-174.60726357931094,174.60726357931085,17770,,6,8.336689650777641,,0.0,0.0,0.0,OBSERVED_HITS_PER_ENTRY_CENSORED_OPEN_TRADES_NOT_ASSUMED_FAILED,False,0.6259640102827764,NULL_WHEN_NO_TRADES_OR_NO_LOSSES,0,0.0,0,False,True,True
binance_15_5,HOLDOUT_SEGMENT_10,EXTERNAL,binance,15,5,2024-12-08T00:00:00+00:00,2026-01-01T00:00:00+00:00,A_BE_LATER_CLOSE,"[0.4, 0.3, 0.3]",LATER_CLOSE,-1.0,3075.0,21.825907947413853,,0.0,0,,8,389,,8,-174.60726357931094,INSUFFICIENT_SAMPLE,-21.825907947413853,0.0008033419023136247,UNION_ENTRY_BAR_START_TO_EXIT_INCLUDES_UNKNOWN_PRE_TOUCH_PART_OF_ENTRY_BAR,25.01008590359322,,995.3927364206891,-149.5971776757176,174.60726357931082,0,INSUFFICIENT_SAMPLE,1170,2,8,0,1.0,8,29870400.0,0.14923697741821448,-1.0,WITHHELD_BELOW_50_COMPARABLE_CLOSED_TRADES,-174.60726357931082,0,,0,0.0,WITHHELD_BELOW_90_DAILY_RETURNS_OR_30_CLOSED_TRADES,43,0.18604651162790697,-174.60726357931094,174.60726357931085,17770,,6,8.336689650777641,,0.0,0.0,0.0,OBSERVED_HITS_PER_ENTRY_CENSORED_OPEN_TRADES_NOT_ASSUMED_FAILED,False,0.6259640102827764,NULL_WHEN_NO_TRADES_OR_NO_LOSSES,0,0.0,0,False,True,True
binance_15_5,HOLDOUT_SEGMENT_10,EXTERNAL,binance,15,5,2024-12-08T00:00:00+00:00,2026-01-01T00:00:00+00:00,A_ORIGINAL_SL_UNTIL_TP2,"[0.4, 0.3, 0.3]",TP2,-1.0,3075.0,21.825907947413853,,0.0,0,,8,389,,8,-174.60726357931094,INSUFFICIENT_SAMPLE,-21.825907947413853,0.0008033419023136247,UNION_ENTRY_BAR_START_TO_EXIT_INCLUDES_UNKNOWN_PRE_TOUCH_PART_OF_ENTRY_BAR,25.01008590359322,,995.3927364206891,-149.5971776757176,174.60726357931082,0,INSUFFICIENT_SAMPLE,1170,2,8,0,1.0,8,29870400.0,0.14923697741821448,-1.0,WITHHELD_BELOW_50_COMPARABLE_CLOSED_TRADES,-174.60726357931082,0,,0,0.0,WITHHELD_BELOW_90_DAILY_RETURNS_OR_30_CLOSED_TRADES,43,0.18604651162790697,-174.60726357931094,174.60726357931085,17770,,6,8.336689650777641,,0.0,0.0,0.0,OBSERVED_HITS_PER_ENTRY_CENSORED_OPEN_TRADES_NOT_ASSUMED_FAILED,False,0.6259640102827764,NULL_WHEN_NO_TRADES_OR_NO_LOSSES,0,0.0,0,False,True,True
binance_15_5,HOLDOUT_SEGMENT_10,EXTERNAL,binance,15,5,2024-12-08T00:00:00+00:00,2026-01-01T00:00:00+00:00,A_STRUCTURAL_AFTER_TP1,"[0.4, 0.3, 0.3]",STRUCTURAL,-1.0,3075.0,21.825907947413853,,0.0,0,,8,389,,8,-174.60726357931094,INSUFFICIENT_SAMPLE,-21.825907947413853,0.0008033419023136247,UNION_ENTRY_BAR_START_TO_EXIT_INCLUDES_UNKNOWN_PRE_TOUCH_PART_OF_ENTRY_BAR,25.01008590359322,,995.3927364206891,-149.5971776757176,174.60726357931082,0,INSUFFICIENT_SAMPLE,1170,2,8,0,1.0,8,29870400.0,0.14923697741821448,-1.0,WITHHELD_BELOW_50_COMPARABLE_CLOSED_TRADES,-174.60726357931082,0,,0,0.0,WITHHELD_BELOW_90_DAILY_RETURNS_OR_30_CLOSED_TRADES,43,0.18604651162790697,-174.60726357931094,174.60726357931085,17770,,6,8.336689650777641,,0.0,0.0,0.0,OBSERVED_HITS_PER_ENTRY_CENSORED_OPEN_TRADES_NOT_ASSUMED_FAILED,False,0.6259640102827764,NULL_WHEN_NO_TRADES_OR_NO_LOSSES,0,0.0,0,False,True,True
binance_15_5,REFERENCE_SEGMENT_00,EXTERNAL,binance,15,5,2020-09-05T00:00:00+00:00,2020-11-30T06:00:00+00:00,A_40_30_30_BE_TP1,"[0.4, 0.3, 0.3]",TP1,,,,,,0,,0,86,,0,0,INSUFFICIENT_SAMPLE,,0.0,UNION_ENTRY_BAR_START_TO_EXIT_INCLUDES_UNKNOWN_PRE_TOUCH_PART_OF_ENTRY_BAR,0.0,,1170,0,0,0,INSUFFICIENT_SAMPLE,1170,0,0,0,,0,0.0,0.0,,WITHHELD_BELOW_50_COMPARABLE_CLOSED_TRADES,0,0,,0,,WITHHELD_BELOW_90_DAILY_RETURNS_OR_30_CLOSED_TRADES,5,0.0,0,0.0,4150,,0,0.0,,,,,OBSERVED_HITS_PER_ENTRY_CENSORED_OPEN_TRADES_NOT_ASSUMED_FAILED,False,0.0,NULL_WHEN_NO_TRADES_OR_NO_LOSSES,0,,0,True,True,True
binance_15_5,REFERENCE_SEGMENT_00,EXTERNAL,binance,15,5,2020-09-05T00:00:00+00:00,2020-11-30T06:00:00+00:00,B_30_30_40_BE_TP1,"[0.3, 0.3, 0.4]",TP1,,,,,,0,,0,86,,0,0,INSUFFICIENT_SAMPLE,,0.0,UNION_ENTRY_BAR_START_TO_EXIT_INCLUDES_UNKNOWN_PRE_TOUCH_PART_OF_ENTRY_BAR,0.0,,1170,0,0,0,INSUFFICIENT_SAMPLE,1170,0,0,0,,0,0.0,0.0,,WITHHELD_BELOW_50_COMPARABLE_CLOSED_TRADES,0,0,,0,,WITHHELD_BELOW_90_DAILY_RETURNS_OR_30_CLOSED_TRADES,5,0.0,0,0.0,4150,,0,0.0,,,,,OBSERVED_HITS_PER_ENTRY_CENSORED_OPEN_TRADES_NOT_ASSUMED_FAILED,False,0.0,NULL_WHEN_NO_TRADES_OR_NO_LOSSES,0,,0,False,True,True
binance_15_5,REFERENCE_SEGMENT_00,EXTERNAL,binance,15,5,2020-09-05T00:00:00+00:00,2020-11-30T06:00:00+00:00,C_25_25_50_BE_TP1,"[0.25, 0.25, 0.5]",TP1,,,,,,0,,0,86,,0,0,INSUFFICIENT_SAMPLE,,0.0,UNION_ENTRY_BAR_START_TO_EXIT_INCLUDES_UNKNOWN_PRE_TOUCH_PART_OF_ENTRY_BAR,0.0,,1170,0,0,0,INSUFFICIENT_SAMPLE,1170,0,0,0,,0,0.0,0.0,,WITHHELD_BELOW_50_COMPARABLE_CLOSED_TRADES,0,0,,0,,WITHHELD_BELOW_90_DAILY_RETURNS_OR_30_CLOSED_TRADES,5,0.0,0,0.0,4150,,0,0.0,,,,,OBSERVED_HITS_PER_ENTRY_CENSORED_OPEN_TRADES_NOT_ASSUMED_FAILED,False,0.0,NULL_WHEN_NO_TRADES_OR_NO_LOSSES,0,,0,False,True,True
binance_15_5,REFERENCE_SEGMENT_00,EXTERNAL,binance,15,5,2020-09-05T00:00:00+00:00,2020-11-30T06:00:00+00:00,D_25_35_40_BE_TP1,"[0.25, 0.35, 0.4]",TP1,,,,,,0,,0,86,,0,0,INSUFFICIENT_SAMPLE,,0.0,UNION_ENTRY_BAR_START_TO_EXIT_INCLUDES_UNKNOWN_PRE_TOUCH_PART_OF_ENTRY_BAR,0.0,,1170,0,0,0,INSUFFICIENT_SAMPLE,1170,0,0,0,,0,0.0,0.0,,WITHHELD_BELOW_50_COMPARABLE_CLOSED_TRADES,0,0,,0,,WITHHELD_BELOW_90_DAILY_RETURNS_OR_30_CLOSED_TRADES,5,0.0,0,0.0,4150,,0,0.0,,,,,OBSERVED_HITS_PER_ENTRY_CENSORED_OPEN_TRADES_NOT_ASSUMED_FAILED,False,0.0,NULL_WHEN_NO_TRADES_OR_NO_LOSSES,0,,0,False,True,True
binance_15_5,REFERENCE_SEGMENT_00,EXTERNAL,binance,15,5,2020-09-05T00:00:00+00:00,2020-11-30T06:00:00+00:00,A_BE_LATER_CLOSE,"[0.4, 0.3, 0.3]",LATER_CLOSE,,,,,,0,,0,86,,0,0,INSUFFICIENT_SAMPLE,,0.0,UNION_ENTRY_BAR_START_TO_EXIT_INCLUDES_UNKNOWN_PRE_TOUCH_PART_OF_ENTRY_BAR,0.0,,1170,0,0,0,INSUFFICIENT_SAMPLE,1170,0,0,0,,0,0.0,0.0,,WITHHELD_BELOW_50_COMPARABLE_CLOSED_TRADES,0,0,,0,,WITHHELD_BELOW_90_DAILY_RETURNS_OR_30_CLOSED_TRADES,5,0.0,0,0.0,4150,,0,0.0,,,,,OBSERVED_HITS_PER_ENTRY_CENSORED_OPEN_TRADES_NOT_ASSUMED_FAILED,False,0.0,NULL_WHEN_NO_TRADES_OR_NO_LOSSES,0,,0,False,True,True
binance_15_5,REFERENCE_SEGMENT_00,EXTERNAL,binance,15,5,2020-09-05T00:00:00+00:00,2020-11-30T06:00:00+00:00,A_ORIGINAL_SL_UNTIL_TP2,"[0.4, 0.3, 0.3]",TP2,,,,,,0,,0,86,,0,0,INSUFFICIENT_SAMPLE,,0.0,UNION_ENTRY_BAR_START_TO_EXIT_INCLUDES_UNKNOWN_PRE_TOUCH_PART_OF_ENTRY_BAR,0.0,,1170,0,0,0,INSUFFICIENT_SAMPLE,1170,0,0,0,,0,0.0,0.0,,WITHHELD_BELOW_50_COMPARABLE_CLOSED_TRADES,0,0,,0,,WITHHELD_BELOW_90_DAILY_RETURNS_OR_30_CLOSED_TRADES,5,0.0,0,0.0,4150,,0,0.0,,,,,OBSERVED_HITS_PER_ENTRY_CENSORED_OPEN_TRADES_NOT_ASSUMED_FAILED,False,0.0,NULL_WHEN_NO_TRADES_OR_NO_LOSSES,0,,0,False,True,True
binance_15_5,REFERENCE_SEGMENT_00,EXTERNAL,binance,15,5,2020-09-05T00:00:00+00:00,2020-11-30T06:00:00+00:00,A_STRUCTURAL_AFTER_TP1,"[0.4, 0.3, 0.3]",STRUCTURAL,,,,,,0,,0,86,,0,0,INSUFFICIENT_SAMPLE,,0.0,UNION_ENTRY_BAR_START_TO_EXIT_INCLUDES_UNKNOWN_PRE_TOUCH_PART_OF_ENTRY_BAR,0.0,,1170,0,0,0,INSUFFICIENT_SAMPLE,1170,0,0,0,,0,0.0,0.0,,WITHHELD_BELOW_50_COMPARABLE_CLOSED_TRADES,0,0,,0,,WITHHELD_BELOW_90_DAILY_RETURNS_OR_30_CLOSED_TRADES,5,0.0,0,0.0,4150,,0,0.0,,,,,OBSERVED_HITS_PER_ENTRY_CENSORED_OPEN_TRADES_NOT_ASSUMED_FAILED,False,0.0,NULL_WHEN_NO_TRADES_OR_NO_LOSSES,0,,0,False,True,True
binance_15_5,REFERENCE_SEGMENT_01,EXTERNAL,binance,15,5,2020-12-02T07:00:00+00:00,2020-12-21T13:45:00+00:00,A_40_30_30_BE_TP1,"[0.4, 0.3, 0.3]",TP1,,,,,,0,,0,18,,0,0,INSUFFICIENT_SAMPLE,,0.0,UNION_ENTRY_BAR_START_TO_EXIT_INCLUDES_UNKNOWN_PRE_TOUCH_PART_OF_ENTRY_BAR,0.0,,1170,0,0,0,INSUFFICIENT_SAMPLE,1170,0,0,0,,0,0.0,0.0,,WITHHELD_BELOW_50_COMPARABLE_CLOSED_TRADES,0,0,,0,,WITHHELD_BELOW_90_DAILY_RETURNS_OR_30_CLOSED_TRADES,1,0.0,0,0.0,748,,0,0.0,,,,,OBSERVED_HITS_PER_ENTRY_CENSORED_OPEN_TRADES_NOT_ASSUMED_FAILED,False,0.0,NULL_WHEN_NO_TRADES_OR_NO_LOSSES,0,,0,True,True,True
binance_15_5,REFERENCE_SEGMENT_01,EXTERNAL,binance,15,5,2020-12-02T07:00:00+00:00,2020-12-21T13:45:00+00:00,B_30_30_40_BE_TP1,"[0.3, 0.3, 0.4]",TP1,,,,,,0,,0,18,,0,0,INSUFFICIENT_SAMPLE,,0.0,UNION_ENTRY_BAR_START_TO_EXIT_INCLUDES_UNKNOWN_PRE_TOUCH_PART_OF_ENTRY_BAR,0.0,,1170,0,0,0,INSUFFICIENT_SAMPLE,1170,0,0,0,,0,0.0,0.0,,WITHHELD_BELOW_50_COMPARABLE_CLOSED_TRADES,0,0,,0,,WITHHELD_BELOW_90_DAILY_RETURNS_OR_30_CLOSED_TRADES,1,0.0,0,0.0,748,,0,0.0,,,,,OBSERVED_HITS_PER_ENTRY_CENSORED_OPEN_TRADES_NOT_ASSUMED_FAILED,False,0.0,NULL_WHEN_NO_TRADES_OR_NO_LOSSES,0,,0,False,True,True
binance_15_5,REFERENCE_SEGMENT_01,EXTERNAL,binance,15,5,2020-12-02T07:00:00+00:00,2020-12-21T13:45:00+00:00,C_25_25_50_BE_TP1,"[0.25, 0.25, 0.5]",TP1,,,,,,0,,0,18,,0,0,INSUFFICIENT_SAMPLE,,0.0,UNION_ENTRY_BAR_START_TO_EXIT_INCLUDES_UNKNOWN_PRE_TOUCH_PART_OF_ENTRY_BAR,0.0,,1170,0,0,0,INSUFFICIENT_SAMPLE,1170,0,0,0,,0,0.0,0.0,,WITHHELD_BELOW_50_COMPARABLE_CLOSED_TRADES,0,0,,0,,WITHHELD_BELOW_90_DAILY_RETURNS_OR_30_CLOSED_TRADES,1,0.0,0,0.0,748,,0,0.0,,,,,OBSERVED_HITS_PER_ENTRY_CENSORED_OPEN_TRADES_NOT_ASSUMED_FAILED,False,0.0,NULL_WHEN_NO_TRADES_OR_NO_LOSSES,0,,0,False,True,True
binance_15_5,REFERENCE_SEGMENT_01,EXTERNAL,binance,15,5,2020-12-02T07:00:00+00:00,2020-12-21T13:45:00+00:00,D_25_35_40_BE_TP1,"[0.25, 0.35, 0.4]",TP1,,,,,,0,,0,18,,0,0,INSUFFICIENT_SAMPLE,,0.0,UNION_ENTRY_BAR_START_TO_EXIT_INCLUDES_UNKNOWN_PRE_TOUCH_PART_OF_ENTRY_BAR,0.0,,1170,0,0,0,INSUFFICIENT_SAMPLE,1170,0,0,0,,0,0.0,0.0,,WITHHELD_BELOW_50_COMPARABLE_CLOSED_TRADES,0,0,,0,,WITHHELD_BELOW_90_DAILY_RETURNS_OR_30_CLOSED_TRADES,1,0.0,0,0.0,748,,0,0.0,,,,,OBSERVED_HITS_PER_ENTRY_CENSORED_OPEN_TRADES_NOT_ASSUMED_FAILED,False,0.0,NULL_WHEN_NO_TRADES_OR_NO_LOSSES,0,,0,False,True,True
binance_15_5,REFERENCE_SEGMENT_01,EXTERNAL,binance,15,5,2020-12-02T07:00:00+00:00,2020-12-21T13:45:00+00:00,A_BE_LATER_CLOSE,"[0.4, 0.3, 0.3]",LATER_CLOSE,,,,,,0,,0,18,,0,0,INSUFFICIENT_SAMPLE,,0.0,UNION_ENTRY_BAR_START_TO_EXIT_INCLUDES_UNKNOWN_PRE_TOUCH_PART_OF_ENTRY_BAR,0.0,,1170,0,0,0,INSUFFICIENT_SAMPLE,1170,0,0,0,,0,0.0,0.0,,WITHHELD_BELOW_50_COMPARABLE_CLOSED_TRADES,0,0,,0,,WITHHELD_BELOW_90_DAILY_RETURNS_OR_30_CLOSED_TRADES,1,0.0,0,0.0,748,,0,0.0,,,,,OBSERVED_HITS_PER_ENTRY_CENSORED_OPEN_TRADES_NOT_ASSUMED_FAILED,False,0.0,NULL_WHEN_NO_TRADES_OR_NO_LOSSES,0,,0,False,True,True
binance_15_5,REFERENCE_SEGMENT_01,EXTERNAL,binance,15,5,2020-12-02T07:00:00+00:00,2020-12-21T13:45:00+00:00,A_ORIGINAL_SL_UNTIL_TP2,"[0.4, 0.3, 0.3]",TP2,,,,,,0,,0,18,,0,0,INSUFFICIENT_SAMPLE,,0.0,UNION_ENTRY_BAR_START_TO_EXIT_INCLUDES_UNKNOWN_PRE_TOUCH_PART_OF_ENTRY_BAR,0.0,,1170,0,0,0,INSUFFICIENT_SAMPLE,1170,0,0,0,,0,0.0,0.0,,WITHHELD_BELOW_50_COMPARABLE_CLOSED_TRADES,0,0,,0,,WITHHELD_BELOW_90_DAILY_RETURNS_OR_30_CLOSED_TRADES,1,0.0,0,0.0,748,,0,0.0,,,,,OBSERVED_HITS_PER_ENTRY_CENSORED_OPEN_TRADES_NOT_ASSUMED_FAILED,False,0.0,NULL_WHEN_NO_TRADES_OR_NO_LOSSES,0,,0,False,True,True
binance_15_5,REFERENCE_SEGMENT_01,EXTERNAL,binance,15,5,2020-12-02T07:00:00+00:00,2020-12-21T13:45:00+00:00,A_STRUCTURAL_AFTER_TP1,"[0.4, 0.3, 0.3]",STRUCTURAL,,,,,,0,,0,18,,0,0,INSUFFICIENT_SAMPLE,,0.0,UNION_ENTRY_BAR_START_TO_EXIT_INCLUDES_UNKNOWN_PRE_TOUCH_PART_OF_ENTRY_BAR,0.0,,1170,0,0,0,INSUFFICIENT_SAMPLE,1170,0,0,0,,0,0.0,0.0,,WITHHELD_BELOW_50_COMPARABLE_CLOSED_TRADES,0,0,,0,,WITHHELD_BELOW_90_DAILY_RETURNS_OR_30_CLOSED_TRADES,1,0.0,0,0.0,748,,0,0.0,,,,,OBSERVED_HITS_PER_ENTRY_CENSORED_OPEN_TRADES_NOT_ASSUMED_FAILED,False,0.0,NULL_WHEN_NO_TRADES_OR_NO_LOSSES,0,,0,False,True,True
binance_15_5,REFERENCE_SEGMENT_02,EXTERNAL,binance,15,5,2020-12-23T18:00:00+00:00,2020-12-25T02:00:00+00:00,A_40_30_30_BE_TP1,"[0.4, 0.3, 0.3]",TP1,,,,,,0,,0,1,,0,0,INSUFFICIENT_SAMPLE,,0.0,UNION_ENTRY_BAR_START_TO_EXIT_INCLUDES_UNKNOWN_PRE_TOUCH_PART_OF_ENTRY_BAR,0.0,,1170,0,0,0,INSUFFICIENT_SAMPLE,1170,0,0,0,,0,0.0,0.0,,WITHHELD_BELOW_50_COMPARABLE_CLOSED_TRADES,0,0,,0,,WITHHELD_BELOW_90_DAILY_RETURNS_OR_30_CLOSED_TRADES,0,,0,0.0,113,,0,0.0,,,,,OBSERVED_HITS_PER_ENTRY_CENSORED_OPEN_TRADES_NOT_ASSUMED_FAILED,False,0.0,NULL_WHEN_NO_TRADES_OR_NO_LOSSES,0,,0,True,True,True
binance_15_5,REFERENCE_SEGMENT_02,EXTERNAL,binance,15,5,2020-12-23T18:00:00+00:00,2020-12-25T02:00:00+00:00,B_30_30_40_BE_TP1,"[0.3, 0.3, 0.4]",TP1,,,,,,0,,0,1,,0,0,INSUFFICIENT_SAMPLE,,0.0,UNION_ENTRY_BAR_START_TO_EXIT_INCLUDES_UNKNOWN_PRE_TOUCH_PART_OF_ENTRY_BAR,0.0,,1170,0,0,0,INSUFFICIENT_SAMPLE,1170,0,0,0,,0,0.0,0.0,,WITHHELD_BELOW_50_COMPARABLE_CLOSED_TRADES,0,0,,0,,WITHHELD_BELOW_90_DAILY_RETURNS_OR_30_CLOSED_TRADES,0,,0,0.0,113,,0,0.0,,,,,OBSERVED_HITS_PER_ENTRY_CENSORED_OPEN_TRADES_NOT_ASSUMED_FAILED,False,0.0,NULL_WHEN_NO_TRADES_OR_NO_LOSSES,0,,0,False,True,True
binance_15_5,REFERENCE_SEGMENT_02,EXTERNAL,binance,15,5,2020-12-23T18:00:00+00:00,2020-12-25T02:00:00+00:00,C_25_25_50_BE_TP1,"[0.25, 0.25, 0.5]",TP1,,,,,,0,,0,1,,0,0,INSUFFICIENT_SAMPLE,,0.0,UNION_ENTRY_BAR_START_TO_EXIT_INCLUDES_UNKNOWN_PRE_TOUCH_PART_OF_ENTRY_BAR,0.0,,1170,0,0,0,INSUFFICIENT_SAMPLE,1170,0,0,0,,0,0.0,0.0,,WITHHELD_BELOW_50_COMPARABLE_CLOSED_TRADES,0,0,,0,,WITHHELD_BELOW_90_DAILY_RETURNS_OR_30_CLOSED_TRADES,0,,0,0.0,113,,0,0.0,,,,,OBSERVED_HITS_PER_ENTRY_CENSORED_OPEN_TRADES_NOT_ASSUMED_FAILED,False,0.0,NULL_WHEN_NO_TRADES_OR_NO_LOSSES,0,,0,False,True,True
binance_15_5,REFERENCE_SEGMENT_02,EXTERNAL,binance,15,5,2020-12-23T18:00:00+00:00,2020-12-25T02:00:00+00:00,D_25_35_40_BE_TP1,"[0.25, 0.35, 0.4]",TP1,,,,,,0,,0,1,,0,0,INSUFFICIENT_SAMPLE,,0.0,UNION_ENTRY_BAR_START_TO_EXIT_INCLUDES_UNKNOWN_PRE_TOUCH_PART_OF_ENTRY_BAR,0.0,,1170,0,0,0,INSUFFICIENT_SAMPLE,1170,0,0,0,,0,0.0,0.0,,WITHHELD_BELOW_50_COMPARABLE_CLOSED_TRADES,0,0,,0,,WITHHELD_BELOW_90_DAILY_RETURNS_OR_30_CLOSED_TRADES,0,,0,0.0,113,,0,0.0,,,,,OBSERVED_HITS_PER_ENTRY_CENSORED_OPEN_TRADES_NOT_ASSUMED_FAILED,False,0.0,NULL_WHEN_NO_TRADES_OR_NO_LOSSES,0,,0,False,True,True
binance_15_5,REFERENCE_SEGMENT_02,EXTERNAL,binance,15,5,2020-12-23T18:00:00+00:00,2020-12-25T02:00:00+00:00,A_BE_LATER_CLOSE,"[0.4, 0.3, 0.3]",LATER_CLOSE,,,,,,0,,0,1,,0,0,INSUFFICIENT_SAMPLE,,0.0,UNION_ENTRY_BAR_START_TO_EXIT_INCLUDES_UNKNOWN_PRE_TOUCH_PART_OF_ENTRY_BAR,0.0,,1170,0,0,0,INSUFFICIENT_SAMPLE,1170,0,0,0,,0,0.0,0.0,,WITHHELD_BELOW_50_COMPARABLE_CLOSED_TRADES,0,0,,0,,WITHHELD_BELOW_90_DAILY_RETURNS_OR_30_CLOSED_TRADES,0,,0,0.0,113,,0,0.0,,,,,OBSERVED_HITS_PER_ENTRY_CENSORED_OPEN_TRADES_NOT_ASSUMED_FAILED,False,0.0,NULL_WHEN_NO_TRADES_OR_NO_LOSSES,0,,0,False,True,True
binance_15_5,REFERENCE_SEGMENT_02,EXTERNAL,binance,15,5,2020-12-23T18:00:00+00:00,2020-12-25T02:00:00+00:00,A_ORIGINAL_SL_UNTIL_TP2,"[0.4, 0.3, 0.3]",TP2,,,,,,0,,0,1,,0,0,INSUFFICIENT_SAMPLE,,0.0,UNION_ENTRY_BAR_START_TO_EXIT_INCLUDES_UNKNOWN_PRE_TOUCH_PART_OF_ENTRY_BAR,0.0,,1170,0,0,0,INSUFFICIENT_SAMPLE,1170,0,0,0,,0,0.0,0.0,,WITHHELD_BELOW_50_COMPARABLE_CLOSED_TRADES,0,0,,0,,WITHHELD_BELOW_90_DAILY_RETURNS_OR_30_CLOSED_TRADES,0,,0,0.0,113,,0,0.0,,,,,OBSERVED_HITS_PER_ENTRY_CENSORED_OPEN_TRADES_NOT_ASSUMED_FAILED,False,0.0,NULL_WHEN_NO_TRADES_OR_NO_LOSSES,0,,0,False,True,True
binance_15_5,REFERENCE_SEGMENT_02,EXTERNAL,binance,15,5,2020-12-23T18:00:00+00:00,2020-12-25T02:00:00+00:00,A_STRUCTURAL_AFTER_TP1,"[0.4, 0.3, 0.3]",STRUCTURAL,,,,,,0,,0,1,,0,0,INSUFFICIENT_SAMPLE,,0.0,UNION_ENTRY_BAR_START_TO_EXIT_INCLUDES_UNKNOWN_PRE_TOUCH_PART_OF_ENTRY_BAR,0.0,,1170,0,0,0,INSUFFICIENT_SAMPLE,1170,0,0,0,,0,0.0,0.0,,WITHHELD_BELOW_50_COMPARABLE_CLOSED_TRADES,0,0,,0,,WITHHELD_BELOW_90_DAILY_RETURNS_OR_30_CLOSED_TRADES,0,,0,0.0,113,,0,0.0,,,,,OBSERVED_HITS_PER_ENTRY_CENSORED_OPEN_TRADES_NOT_ASSUMED_FAILED,False,0.0,NULL_WHEN_NO_TRADES_OR_NO_LOSSES,0,,0,False,True,True
binance_15_5,REFERENCE_SEGMENT_03,EXTERNAL,binance,15,5,2020-12-27T03:00:00+00:00,2021-02-11T03:40:00+00:00,A_40_30_30_BE_TP1,"[0.4, 0.3, 0.3]",TP1,,,,,,0,,0,45,,0,0,INSUFFICIENT_SAMPLE,,0.0,UNION_ENTRY_BAR_START_TO_EXIT_INCLUDES_UNKNOWN_PRE_TOUCH_PART_OF_ENTRY_BAR,0.0,,1170,0,0,0,INSUFFICIENT_SAMPLE,1170,0,0,0,,0,0.0,0.0,,WITHHELD_BELOW_50_COMPARABLE_CLOSED_TRADES,0,0,,0,,WITHHELD_BELOW_90_DAILY_RETURNS_OR_30_CLOSED_TRADES,2,0.0,0,0.0,1678,,0,0.0,,,,,OBSERVED_HITS_PER_ENTRY_CENSORED_OPEN_TRADES_NOT_ASSUMED_FAILED,False,0.0,NULL_WHEN_NO_TRADES_OR_NO_LOSSES,0,,0,True,True,True
binance_15_5,REFERENCE_SEGMENT_03,EXTERNAL,binance,15,5,2020-12-27T03:00:00+00:00,2021-02-11T03:40:00+00:00,B_30_30_40_BE_TP1,"[0.3, 0.3, 0.4]",TP1,,,,,,0,,0,45,,0,0,INSUFFICIENT_SAMPLE,,0.0,UNION_ENTRY_BAR_START_TO_EXIT_INCLUDES_UNKNOWN_PRE_TOUCH_PART_OF_ENTRY_BAR,0.0,,1170,0,0,0,INSUFFICIENT_SAMPLE,1170,0,0,0,,0,0.0,0.0,,WITHHELD_BELOW_50_COMPARABLE_CLOSED_TRADES,0,0,,0,,WITHHELD_BELOW_90_DAILY_RETURNS_OR_30_CLOSED_TRADES,2,0.0,0,0.0,1678,,0,0.0,,,,,OBSERVED_HITS_PER_ENTRY_CENSORED_OPEN_TRADES_NOT_ASSUMED_FAILED,False,0.0,NULL_WHEN_NO_TRADES_OR_NO_LOSSES,0,,0,False,True,True
binance_15_5,REFERENCE_SEGMENT_03,EXTERNAL,binance,15,5,2020-12-27T03:00:00+00:00,2021-02-11T03:40:00+00:00,C_25_25_50_BE_TP1,"[0.25, 0.25, 0.5]",TP1,,,,,,0,,0,45,,0,0,INSUFFICIENT_SAMPLE,,0.0,UNION_ENTRY_BAR_START_TO_EXIT_INCLUDES_UNKNOWN_PRE_TOUCH_PART_OF_ENTRY_BAR,0.0,,1170,0,0,0,INSUFFICIENT_SAMPLE,1170,0,0,0,,0,0.0,0.0,,WITHHELD_BELOW_50_COMPARABLE_CLOSED_TRADES,0,0,,0,,WITHHELD_BELOW_90_DAILY_RETURNS_OR_30_CLOSED_TRADES,2,0.0,0,0.0,1678,,0,0.0,,,,,OBSERVED_HITS_PER_ENTRY_CENSORED_OPEN_TRADES_NOT_ASSUMED_FAILED,False,0.0,NULL_WHEN_NO_TRADES_OR_NO_LOSSES,0,,0,False,True,True
binance_15_5,REFERENCE_SEGMENT_03,EXTERNAL,binance,15,5,2020-12-27T03:00:00+00:00,2021-02-11T03:40:00+00:00,D_25_35_40_BE_TP1,"[0.25, 0.35, 0.4]",TP1,,,,,,0,,0,45,,0,0,INSUFFICIENT_SAMPLE,,0.0,UNION_ENTRY_BAR_START_TO_EXIT_INCLUDES_UNKNOWN_PRE_TOUCH_PART_OF_ENTRY_BAR,0.0,,1170,0,0,0,INSUFFICIENT_SAMPLE,1170,0,0,0,,0,0.0,0.0,,WITHHELD_BELOW_50_COMPARABLE_CLOSED_TRADES,0,0,,0,,WITHHELD_BELOW_90_DAILY_RETURNS_OR_30_CLOSED_TRADES,2,0.0,0,0.0,1678,,0,0.0,,,,,OBSERVED_HITS_PER_ENTRY_CENSORED_OPEN_TRADES_NOT_ASSUMED_FAILED,False,0.0,NULL_WHEN_NO_TRADES_OR_NO_LOSSES,0,,0,False,True,True
binance_15_5,REFERENCE_SEGMENT_03,EXTERNAL,binance,15,5,2020-12-27T03:00:00+00:00,2021-02-11T03:40:00+00:00,A_BE_LATER_CLOSE,"[0.4, 0.3, 0.3]",LATER_CLOSE,,,,,,0,,0,45,,0,0,INSUFFICIENT_SAMPLE,,0.0,UNION_ENTRY_BAR_START_TO_EXIT_INCLUDES_UNKNOWN_PRE_TOUCH_PART_OF_ENTRY_BAR,0.0,,1170,0,0,0,INSUFFICIENT_SAMPLE,1170,0,0,0,,0,0.0,0.0,,WITHHELD_BELOW_50_COMPARABLE_CLOSED_TRADES,0,0,,0,,WITHHELD_BELOW_90_DAILY_RETURNS_OR_30_CLOSED_TRADES,2,0.0,0,0.0,1678,,0,0.0,,,,,OBSERVED_HITS_PER_ENTRY_CENSORED_OPEN_TRADES_NOT_ASSUMED_FAILED,False,0.0,NULL_WHEN_NO_TRADES_OR_NO_LOSSES,0,,0,False,True,True
binance_15_5,REFERENCE_SEGMENT_03,EXTERNAL,binance,15,5,2020-12-27T03:00:00+00:00,2021-02-11T03:40:00+00:00,A_ORIGINAL_SL_UNTIL_TP2,"[0.4, 0.3, 0.3]",TP2,,,,,,0,,0,45,,0,0,INSUFFICIENT_SAMPLE,,0.0,UNION_ENTRY_BAR_START_TO_EXIT_INCLUDES_UNKNOWN_PRE_TOUCH_PART_OF_ENTRY_BAR,0.0,,1170,0,0,0,INSUFFICIENT_SAMPLE,1170,0,0,0,,0,0.0,0.0,,WITHHELD_BELOW_50_COMPARABLE_CLOSED_TRADES,0,0,,0,,WITHHELD_BELOW_90_DAILY_RETURNS_OR_30_CLOSED_TRADES,2,0.0,0,0.0,1678,,0,0.0,,,,,OBSERVED_HITS_PER_ENTRY_CENSORED_OPEN_TRADES_NOT_ASSUMED_FAILED,False,0.0,NULL_WHEN_NO_TRADES_OR_NO_LOSSES,0,,0,False,True,True
binance_15_5,REFERENCE_SEGMENT_03,EXTERNAL,binance,15,5,2020-12-27T03:00:00+00:00,2021-02-11T03:40:00+00:00,A_STRUCTURAL_AFTER_TP1,"[0.4, 0.3, 0.3]",STRUCTURAL,,,,,,0,,0,45,,0,0,INSUFFICIENT_SAMPLE,,0.0,UNION_ENTRY_BAR_START_TO_EXIT_INCLUDES_UNKNOWN_PRE_TOUCH_PART_OF_ENTRY_BAR,0.0,,1170,0,0,0,INSUFFICIENT_SAMPLE,1170,0,0,0,,0,0.0,0.0,,WITHHELD_BELOW_50_COMPARABLE_CLOSED_TRADES,0,0,,0,,WITHHELD_BELOW_90_DAILY_RETURNS_OR_30_CLOSED_TRADES,2,0.0,0,0.0,1678,,0,0.0,,,,,OBSERVED_HITS_PER_ENTRY_CENSORED_OPEN_TRADES_NOT_ASSUMED_FAILED,False,0.0,NULL_WHEN_NO_TRADES_OR_NO_LOSSES,0,,0,False,True,True
binance_15_5,REFERENCE_SEGMENT_04,EXTERNAL,binance,15,5,2021-02-13T05:00:00+00:00,2021-03-06T02:00:00+00:00,A_40_30_30_BE_TP1,"[0.4, 0.3, 0.3]",TP1,,,,,,0,,0,20,,0,0,INSUFFICIENT_SAMPLE,,0.0,UNION_ENTRY_BAR_START_TO_EXIT_INCLUDES_UNKNOWN_PRE_TOUCH_PART_OF_ENTRY_BAR,0.0,,1170,0,0,0,INSUFFICIENT_SAMPLE,1170,0,0,0,,0,0.0,0.0,,WITHHELD_BELOW_50_COMPARABLE_CLOSED_TRADES,0,0,,0,,WITHHELD_BELOW_90_DAILY_RETURNS_OR_30_CLOSED_TRADES,0,,0,0.0,799,,0,0.0,,,,,OBSERVED_HITS_PER_ENTRY_CENSORED_OPEN_TRADES_NOT_ASSUMED_FAILED,False,0.0,NULL_WHEN_NO_TRADES_OR_NO_LOSSES,0,,0,True,True,True
binance_15_5,REFERENCE_SEGMENT_04,EXTERNAL,binance,15,5,2021-02-13T05:00:00+00:00,2021-03-06T02:00:00+00:00,B_30_30_40_BE_TP1,"[0.3, 0.3, 0.4]",TP1,,,,,,0,,0,20,,0,0,INSUFFICIENT_SAMPLE,,0.0,UNION_ENTRY_BAR_START_TO_EXIT_INCLUDES_UNKNOWN_PRE_TOUCH_PART_OF_ENTRY_BAR,0.0,,1170,0,0,0,INSUFFICIENT_SAMPLE,1170,0,0,0,,0,0.0,0.0,,WITHHELD_BELOW_50_COMPARABLE_CLOSED_TRADES,0,0,,0,,WITHHELD_BELOW_90_DAILY_RETURNS_OR_30_CLOSED_TRADES,0,,0,0.0,799,,0,0.0,,,,,OBSERVED_HITS_PER_ENTRY_CENSORED_OPEN_TRADES_NOT_ASSUMED_FAILED,False,0.0,NULL_WHEN_NO_TRADES_OR_NO_LOSSES,0,,0,False,True,True
binance_15_5,REFERENCE_SEGMENT_04,EXTERNAL,binance,15,5,2021-02-13T05:00:00+00:00,2021-03-06T02:00:00+00:00,C_25_25_50_BE_TP1,"[0.25, 0.25, 0.5]",TP1,,,,,,0,,0,20,,0,0,INSUFFICIENT_SAMPLE,,0.0,UNION_ENTRY_BAR_START_TO_EXIT_INCLUDES_UNKNOWN_PRE_TOUCH_PART_OF_ENTRY_BAR,0.0,,1170,0,0,0,INSUFFICIENT_SAMPLE,1170,0,0,0,,0,0.0,0.0,,WITHHELD_BELOW_50_COMPARABLE_CLOSED_TRADES,0,0,,0,,WITHHELD_BELOW_90_DAILY_RETURNS_OR_30_CLOSED_TRADES,0,,0,0.0,799,,0,0.0,,,,,OBSERVED_HITS_PER_ENTRY_CENSORED_OPEN_TRADES_NOT_ASSUMED_FAILED,False,0.0,NULL_WHEN_NO_TRADES_OR_NO_LOSSES,0,,0,False,True,True
binance_15_5,REFERENCE_SEGMENT_04,EXTERNAL,binance,15,5,2021-02-13T05:00:00+00:00,2021-03-06T02:00:00+00:00,D_25_35_40_BE_TP1,"[0.25, 0.35, 0.4]",TP1,,,,,,0,,0,20,,0,0,INSUFFICIENT_SAMPLE,,0.0,UNION_ENTRY_BAR_START_TO_EXIT_INCLUDES_UNKNOWN_PRE_TOUCH_PART_OF_ENTRY_BAR,0.0,,1170,0,0,0,INSUFFICIENT_SAMPLE,1170,0,0,0,,0,0.0,0.0,,WITHHELD_BELOW_50_COMPARABLE_CLOSED_TRADES,0,0,,0,,WITHHELD_BELOW_90_DAILY_RETURNS_OR_30_CLOSED_TRADES,0,,0,0.0,799,,0,0.0,,,,,OBSERVED_HITS_PER_ENTRY_CENSORED_OPEN_TRADES_NOT_ASSUMED_FAILED,False,0.0,NULL_WHEN_NO_TRADES_OR_NO_LOSSES,0,,0,False,True,True
binance_15_5,REFERENCE_SEGMENT_04,EXTERNAL,binance,15,5,2021-02-13T05:00:00+00:00,2021-03-06T02:00:00+00:00,A_BE_LATER_CLOSE,"[0.4, 0.3, 0.3]",LATER_CLOSE,,,,,,0,,0,20,,0,0,INSUFFICIENT_SAMPLE,,0.0,UNION_ENTRY_BAR_START_TO_EXIT_INCLUDES_UNKNOWN_PRE_TOUCH_PART_OF_ENTRY_BAR,0.0,,1170,0,0,0,INSUFFICIENT_SAMPLE,1170,0,0,0,,0,0.0,0.0,,WITHHELD_BELOW_50_COMPARABLE_CLOSED_TRADES,0,0,,0,,WITHHELD_BELOW_90_DAILY_RETURNS_OR_30_CLOSED_TRADES,0,,0,0.0,799,,0,0.0,,,,,OBSERVED_HITS_PER_ENTRY_CENSORED_OPEN_TRADES_NOT_ASSUMED_FAILED,False,0.0,NULL_WHEN_NO_TRADES_OR_NO_LOSSES,0,,0,False,True,True
binance_15_5,REFERENCE_SEGMENT_04,EXTERNAL,binance,15,5,2021-02-13T05:00:00+00:00,2021-03-06T02:00:00+00:00,A_ORIGINAL_SL_UNTIL_TP2,"[0.4, 0.3, 0.3]",TP2,,,,,,0,,0,20,,0,0,INSUFFICIENT_SAMPLE,,0.0,UNION_ENTRY_BAR_START_TO_EXIT_INCLUDES_UNKNOWN_PRE_TOUCH_PART_OF_ENTRY_BAR,0.0,,1170,0,0,0,INSUFFICIENT_SAMPLE,1170,0,0,0,,0,0.0,0.0,,WITHHELD_BELOW_50_COMPARABLE_CLOSED_TRADES,0,0,,0,,WITHHELD_BELOW_90_DAILY_RETURNS_OR_30_CLOSED_TRADES,0,,0,0.0,799,,0,0.0,,,,,OBSERVED_HITS_PER_ENTRY_CENSORED_OPEN_TRADES_NOT_ASSUMED_FAILED,False,0.0,NULL_WHEN_NO_TRADES_OR_NO_LOSSES,0,,0,False,True,True
binance_15_5,REFERENCE_SEGMENT_04,EXTERNAL,binance,15,5,2021-02-13T05:00:00+00:00,2021-03-06T02:00:00+00:00,A_STRUCTURAL_AFTER_TP1,"[0.4, 0.3, 0.3]",STRUCTURAL,,,,,,0,,0,20,,0,0,INSUFFICIENT_SAMPLE,,0.0,UNION_ENTRY_BAR_START_TO_EXIT_INCLUDES_UNKNOWN_PRE_TOUCH_PART_OF_ENTRY_BAR,0.0,,1170,0,0,0,INSUFFICIENT_SAMPLE,1170,0,0,0,,0,0.0,0.0,,WITHHELD_BELOW_50_COMPARABLE_CLOSED_TRADES,0,0,,0,,WITHHELD_BELOW_90_DAILY_RETURNS_OR_30_CLOSED_TRADES,0,,0,0.0,799,,0,0.0,,,,,OBSERVED_HITS_PER_ENTRY_CENSORED_OPEN_TRADES_NOT_ASSUMED_FAILED,False,0.0,NULL_WHEN_NO_TRADES_OR_NO_LOSSES,0,,0,False,True,True
binance_15_5,REFERENCE_SEGMENT_05,EXTERNAL,binance,15,5,2021-03-08T03:30:00+00:00,2021-04-20T02:00:00+00:00,A_40_30_30_BE_TP1,"[0.4, 0.3, 0.3]",TP1,-0.9999999999999999,4800.0,23.4,,0.0,0,,1,42,,1,-23.40000000000009,INSUFFICIENT_SAMPLE,-23.4,0.0013747371825974446,UNION_ENTRY_BAR_START_TO_EXIT_INCLUDES_UNKNOWN_PRE_TOUCH_PART_OF_ENTRY_BAR,3.7504328170833023,,1146.6,-19.649567182916698,23.4,0,INSUFFICIENT_SAMPLE,1170,1,1,0,1.0,1,1064700.0,0.04126133715623983,-0.9999999999999999,WITHHELD_BELOW_50_COMPARABLE_CLOSED_TRADES,-23.4,0,,0,0.0,WITHHELD_BELOW_90_DAILY_RETURNS_OR_30_CLOSED_TRADES,2,0.5,-23.40000000000009,23.4,1690,,0,1.2501435363841216,,0.0,0.0,0.0,OBSERVED_HITS_PER_ENTRY_CENSORED_OPEN_TRADES_NOT_ASSUMED_FAILED,False,0.7088791848617175,NULL_WHEN_NO_TRADES_OR_NO_LOSSES,0,0.0,0,True,True,True
binance_15_5,REFERENCE_SEGMENT_05,EXTERNAL,binance,15,5,2021-03-08T03:30:00+00:00,2021-04-20T02:00:00+00:00,B_30_30_40_BE_TP1,"[0.3, 0.3, 0.4]",TP1,-0.9999999999999999,4800.0,23.4,,0.0,0,,1,42,,1,-23.40000000000009,INSUFFICIENT_SAMPLE,-23.4,0.0013747371825974446,UNION_ENTRY_BAR_START_TO_EXIT_INCLUDES_UNKNOWN_PRE_TOUCH_PART_OF_ENTRY_BAR,3.7504328170833023,,1146.6,-19.649567182916698,23.4,0,INSUFFICIENT_SAMPLE,1170,1,1,0,1.0,1,1064700.0,0.04126133715623983,-0.9999999999999999,WITHHELD_BELOW_50_COMPARABLE_CLOSED_TRADES,-23.4,0,,0,0.0,WITHHELD_BELOW_90_DAILY_RETURNS_OR_30_CLOSED_TRADES,2,0.5,-23.40000000000009,23.4,1690,,0,1.2501435363841216,,0.0,0.0,0.0,OBSERVED_HITS_PER_ENTRY_CENSORED_OPEN_TRADES_NOT_ASSUMED_FAILED,False,0.7088791848617175,NULL_WHEN_NO_TRADES_OR_NO_LOSSES,0,0.0,0,False,True,True
binance_15_5,REFERENCE_SEGMENT_05,EXTERNAL,binance,15,5,2021-03-08T03:30:00+00:00,2021-04-20T02:00:00+00:00,C_25_25_50_BE_TP1,"[0.25, 0.25, 0.5]",TP1,-0.9999999999999999,4800.0,23.4,,0.0,0,,1,42,,1,-23.40000000000009,INSUFFICIENT_SAMPLE,-23.4,0.0013747371825974446,UNION_ENTRY_BAR_START_TO_EXIT_INCLUDES_UNKNOWN_PRE_TOUCH_PART_OF_ENTRY_BAR,3.7504328170833023,,1146.6,-19.649567182916698,23.4,0,INSUFFICIENT_SAMPLE,1170,1,1,0,1.0,1,1064700.0,0.04126133715623983,-0.9999999999999999,WITHHELD_BELOW_50_COMPARABLE_CLOSED_TRADES,-23.4,0,,0,0.0,WITHHELD_BELOW_90_DAILY_RETURNS_OR_30_CLOSED_TRADES,2,0.5,-23.40000000000009,23.4,1690,,0,1.2501435363841216,,0.0,0.0,0.0,OBSERVED_HITS_PER_ENTRY_CENSORED_OPEN_TRADES_NOT_ASSUMED_FAILED,False,0.7088791848617175,NULL_WHEN_NO_TRADES_OR_NO_LOSSES,0,0.0,0,False,True,True
binance_15_5,REFERENCE_SEGMENT_05,EXTERNAL,binance,15,5,2021-03-08T03:30:00+00:00,2021-04-20T02:00:00+00:00,D_25_35_40_BE_TP1,"[0.25, 0.35, 0.4]",TP1,-0.9999999999999999,4800.0,23.4,,0.0,0,,1,42,,1,-23.40000000000009,INSUFFICIENT_SAMPLE,-23.4,0.0013747371825974446,UNION_ENTRY_BAR_START_TO_EXIT_INCLUDES_UNKNOWN_PRE_TOUCH_PART_OF_ENTRY_BAR,3.7504328170833023,,1146.6,-19.649567182916698,23.4,0,INSUFFICIENT_SAMPLE,1170,1,1,0,1.0,1,1064700.0,0.04126133715623983,-0.9999999999999999,WITHHELD_BELOW_50_COMPARABLE_CLOSED_TRADES,-23.4,0,,0,0.0,WITHHELD_BELOW_90_DAILY_RETURNS_OR_30_CLOSED_TRADES,2,0.5,-23.40000000000009,23.4,1690,,0,1.2501435363841216,,0.0,0.0,0.0,OBSERVED_HITS_PER_ENTRY_CENSORED_OPEN_TRADES_NOT_ASSUMED_FAILED,False,0.7088791848617175,NULL_WHEN_NO_TRADES_OR_NO_LOSSES,0,0.0,0,False,True,True
binance_15_5,REFERENCE_SEGMENT_05,EXTERNAL,binance,15,5,2021-03-08T03:30:00+00:00,2021-04-20T02:00:00+00:00,A_BE_LATER_CLOSE,"[0.4, 0.3, 0.3]",LATER_CLOSE,-0.9999999999999999,4800.0,23.4,,0.0,0,,1,42,,1,-23.40000000000009,INSUFFICIENT_SAMPLE,-23.4,0.0013747371825974446,UNION_ENTRY_BAR_START_TO_EXIT_INCLUDES_UNKNOWN_PRE_TOUCH_PART_OF_ENTRY_BAR,3.7504328170833023,,1146.6,-19.649567182916698,23.4,0,INSUFFICIENT_SAMPLE,1170,1,1,0,1.0,1,1064700.0,0.04126133715623983,-0.9999999999999999,WITHHELD_BELOW_50_COMPARABLE_CLOSED_TRADES,-23.4,0,,0,0.0,WITHHELD_BELOW_90_DAILY_RETURNS_OR_30_CLOSED_TRADES,2,0.5,-23.40000000000009,23.4,1690,,0,1.2501435363841216,,0.0,0.0,0.0,OBSERVED_HITS_PER_ENTRY_CENSORED_OPEN_TRADES_NOT_ASSUMED_FAILED,False,0.7088791848617175,NULL_WHEN_NO_TRADES_OR_NO_LOSSES,0,0.0,0,False,True,True
binance_15_5,REFERENCE_SEGMENT_05,EXTERNAL,binance,15,5,2021-03-08T03:30:00+00:00,2021-04-20T02:00:00+00:00,A_ORIGINAL_SL_UNTIL_TP2,"[0.4, 0.3, 0.3]",TP2,-0.9999999999999999,4800.0,23.4,,0.0,0,,1,42,,1,-23.40000000000009,INSUFFICIENT_SAMPLE,-23.4,0.0013747371825974446,UNION_ENTRY_BAR_START_TO_EXIT_INCLUDES_UNKNOWN_PRE_TOUCH_PART_OF_ENTRY_BAR,3.7504328170833023,,1146.6,-19.649567182916698,23.4,0,INSUFFICIENT_SAMPLE,1170,1,1,0,1.0,1,1064700.0,0.04126133715623983,-0.9999999999999999,WITHHELD_BELOW_50_COMPARABLE_CLOSED_TRADES,-23.4,0,,0,0.0,WITHHELD_BELOW_90_DAILY_RETURNS_OR_30_CLOSED_TRADES,2,0.5,-23.40000000000009,23.4,1690,,0,1.2501435363841216,,0.0,0.0,0.0,OBSERVED_HITS_PER_ENTRY_CENSORED_OPEN_TRADES_NOT_ASSUMED_FAILED,False,0.7088791848617175,NULL_WHEN_NO_TRADES_OR_NO_LOSSES,0,0.0,0,False,True,True
binance_15_5,REFERENCE_SEGMENT_05,EXTERNAL,binance,15,5,2021-03-08T03:30:00+00:00,2021-04-20T02:00:00+00:00,A_STRUCTURAL_AFTER_TP1,"[0.4, 0.3, 0.3]",STRUCTURAL,-0.9999999999999999,4800.0,23.4,,0.0,0,,1,42,,1,-23.40000000000009,INSUFFICIENT_SAMPLE,-23.4,0.0013747371825974446,UNION_ENTRY_BAR_START_TO_EXIT_INCLUDES_UNKNOWN_PRE_TOUCH_PART_OF_ENTRY_BAR,3.7504328170833023,,1146.6,-19.649567182916698,23.4,0,INSUFFICIENT_SAMPLE,1170,1,1,0,1.0,1,1064700.0,0.04126133715623983,-0.9999999999999999,WITHHELD_BELOW_50_COMPARABLE_CLOSED_TRADES,-23.4,0,,0,0.0,WITHHELD_BELOW_90_DAILY_RETURNS_OR_30_CLOSED_TRADES,2,0.5,-23.40000000000009,23.4,1690,,0,1.2501435363841216,,0.0,0.0,0.0,OBSERVED_HITS_PER_ENTRY_CENSORED_OPEN_TRADES_NOT_ASSUMED_FAILED,False,0.7088791848617175,NULL_WHEN_NO_TRADES_OR_NO_LOSSES,0,0.0,0,False,True,True
binance_15_5,REFERENCE_SEGMENT_06,EXTERNAL,binance,15,5,2021-04-22T04:30:00+00:00,2021-04-25T04:00:00+00:00,A_40_30_30_BE_TP1,"[0.4, 0.3, 0.3]",TP1,,,,,,0,,0,2,,0,0,INSUFFICIENT_SAMPLE,,0.0,UNION_ENTRY_BAR_START_TO_EXIT_INCLUDES_UNKNOWN_PRE_TOUCH_PART_OF_ENTRY_BAR,0.0,,1170,0,0,0,INSUFFICIENT_SAMPLE,1170,0,0,0,,0,0.0,0.0,,WITHHELD_BELOW_50_COMPARABLE_CLOSED_TRADES,0,0,,0,,WITHHELD_BELOW_90_DAILY_RETURNS_OR_30_CLOSED_TRADES,0,,0,0.0,196,,0,0.0,,,,,OBSERVED_HITS_PER_ENTRY_CENSORED_OPEN_TRADES_NOT_ASSUMED_FAILED,False,0.0,NULL_WHEN_NO_TRADES_OR_NO_LOSSES,0,,0,True,True,True
binance_15_5,REFERENCE_SEGMENT_06,EXTERNAL,binance,15,5,2021-04-22T04:30:00+00:00,2021-04-25T04:00:00+00:00,B_30_30_40_BE_TP1,"[0.3, 0.3, 0.4]",TP1,,,,,,0,,0,2,,0,0,INSUFFICIENT_SAMPLE,,0.0,UNION_ENTRY_BAR_START_TO_EXIT_INCLUDES_UNKNOWN_PRE_TOUCH_PART_OF_ENTRY_BAR,0.0,,1170,0,0,0,INSUFFICIENT_SAMPLE,1170,0,0,0,,0,0.0,0.0,,WITHHELD_BELOW_50_COMPARABLE_CLOSED_TRADES,0,0,,0,,WITHHELD_BELOW_90_DAILY_RETURNS_OR_30_CLOSED_TRADES,0,,0,0.0,196,,0,0.0,,,,,OBSERVED_HITS_PER_ENTRY_CENSORED_OPEN_TRADES_NOT_ASSUMED_FAILED,False,0.0,NULL_WHEN_NO_TRADES_OR_NO_LOSSES,0,,0,False,True,True
binance_15_5,REFERENCE_SEGMENT_06,EXTERNAL,binance,15,5,2021-04-22T04:30:00+00:00,2021-04-25T04:00:00+00:00,C_25_25_50_BE_TP1,"[0.25, 0.25, 0.5]",TP1,,,,,,0,,0,2,,0,0,INSUFFICIENT_SAMPLE,,0.0,UNION_ENTRY_BAR_START_TO_EXIT_INCLUDES_UNKNOWN_PRE_TOUCH_PART_OF_ENTRY_BAR,0.0,,1170,0,0,0,INSUFFICIENT_SAMPLE,1170,0,0,0,,0,0.0,0.0,,WITHHELD_BELOW_50_COMPARABLE_CLOSED_TRADES,0,0,,0,,WITHHELD_BELOW_90_DAILY_RETURNS_OR_30_CLOSED_TRADES,0,,0,0.0,196,,0,0.0,,,,,OBSERVED_HITS_PER_ENTRY_CENSORED_OPEN_TRADES_NOT_ASSUMED_FAILED,False,0.0,NULL_WHEN_NO_TRADES_OR_NO_LOSSES,0,,0,False,True,True
binance_15_5,REFERENCE_SEGMENT_06,EXTERNAL,binance,15,5,2021-04-22T04:30:00+00:00,2021-04-25T04:00:00+00:00,D_25_35_40_BE_TP1,"[0.25, 0.35, 0.4]",TP1,,,,,,0,,0,2,,0,0,INSUFFICIENT_SAMPLE,,0.0,UNION_ENTRY_BAR_START_TO_EXIT_INCLUDES_UNKNOWN_PRE_TOUCH_PART_OF_ENTRY_BAR,0.0,,1170,0,0,0,INSUFFICIENT_SAMPLE,1170,0,0,0,,0,0.0,0.0,,WITHHELD_BELOW_50_COMPARABLE_CLOSED_TRADES,0,0,,0,,WITHHELD_BELOW_90_DAILY_RETURNS_OR_30_CLOSED_TRADES,0,,0,0.0,196,,0,0.0,,,,,OBSERVED_HITS_PER_ENTRY_CENSORED_OPEN_TRADES_NOT_ASSUMED_FAILED,False,0.0,NULL_WHEN_NO_TRADES_OR_NO_LOSSES,0,,0,False,True,True
binance_15_5,REFERENCE_SEGMENT_06,EXTERNAL,binance,15,5,2021-04-22T04:30:00+00:00,2021-04-25T04:00:00+00:00,A_BE_LATER_CLOSE,"[0.4, 0.3, 0.3]",LATER_CLOSE,,,,,,0,,0,2,,0,0,INSUFFICIENT_SAMPLE,,0.0,UNION_ENTRY_BAR_START_TO_EXIT_INCLUDES_UNKNOWN_PRE_TOUCH_PART_OF_ENTRY_BAR,0.0,,1170,0,0,0,INSUFFICIENT_SAMPLE,1170,0,0,0,,0,0.0,0.0,,WITHHELD_BELOW_50_COMPARABLE_CLOSED_TRADES,0,0,,0,,WITHHELD_BELOW_90_DAILY_RETURNS_OR_30_CLOSED_TRADES,0,,0,0.0,196,,0,0.0,,,,,OBSERVED_HITS_PER_ENTRY_CENSORED_OPEN_TRADES_NOT_ASSUMED_FAILED,False,0.0,NULL_WHEN_NO_TRADES_OR_NO_LOSSES,0,,0,False,True,True
binance_15_5,REFERENCE_SEGMENT_06,EXTERNAL,binance,15,5,2021-04-22T04:30:00+00:00,2021-04-25T04:00:00+00:00,A_ORIGINAL_SL_UNTIL_TP2,"[0.4, 0.3, 0.3]",TP2,,,,,,0,,0,2,,0,0,INSUFFICIENT_SAMPLE,,0.0,UNION_ENTRY_BAR_START_TO_EXIT_INCLUDES_UNKNOWN_PRE_TOUCH_PART_OF_ENTRY_BAR,0.0,,1170,0,0,0,INSUFFICIENT_SAMPLE,1170,0,0,0,,0,0.0,0.0,,WITHHELD_BELOW_50_COMPARABLE_CLOSED_TRADES,0,0,,0,,WITHHELD_BELOW_90_DAILY_RETURNS_OR_30_CLOSED_TRADES,0,,0,0.0,196,,0,0.0,,,,,OBSERVED_HITS_PER_ENTRY_CENSORED_OPEN_TRADES_NOT_ASSUMED_FAILED,False,0.0,NULL_WHEN_NO_TRADES_OR_NO_LOSSES,0,,0,False,True,True
binance_15_5,REFERENCE_SEGMENT_06,EXTERNAL,binance,15,5,2021-04-22T04:30:00+00:00,2021-04-25T04:00:00+00:00,A_STRUCTURAL_AFTER_TP1,"[0.4, 0.3, 0.3]",STRUCTURAL,,,,,,0,,0,2,,0,0,INSUFFICIENT_SAMPLE,,0.0,UNION_ENTRY_BAR_START_TO_EXIT_INCLUDES_UNKNOWN_PRE_TOUCH_PART_OF_ENTRY_BAR,0.0,,1170,0,0,0,INSUFFICIENT_SAMPLE,1170,0,0,0,,0,0.0,0.0,,WITHHELD_BELOW_50_COMPARABLE_CLOSED_TRADES,0,0,,0,,WITHHELD_BELOW_90_DAILY_RETURNS_OR_30_CLOSED_TRADES,0,,0,0.0,196,,0,0.0,,,,,OBSERVED_HITS_PER_ENTRY_CENSORED_OPEN_TRADES_NOT_ASSUMED_FAILED,False,0.0,NULL_WHEN_NO_TRADES_OR_NO_LOSSES,0,,0,False,True,True
binance_15_5,REFERENCE_SEGMENT_07,EXTERNAL,binance,15,5,2021-04-27T08:45:00+00:00,2021-08-13T02:00:00+00:00,A_40_30_30_BE_TP1,"[0.4, 0.3, 0.3]",TP1,-0.9999999999999999,2400.0,23.165999999999997,,0.0,0,,2,107,,2,-46.33200000000011,INSUFFICIENT_SAMPLE,-23.165999999999997,0.0005802146794313896,UNION_ENTRY_BAR_START_TO_EXIT_INCLUDES_UNKNOWN_PRE_TOUCH_PART_OF_ENTRY_BAR,5.842515656985493,,1123.668,-40.4894843430145,46.331999999999994,0,INSUFFICIENT_SAMPLE,1170,1,2,0,1.0,2,6506700.0,0.04383688064615124,-0.9999999999999999,WITHHELD_BELOW_50_COMPARABLE_CLOSED_TRADES,-46.331999999999994,0,,0,0.0,WITHHELD_BELOW_90_DAILY_RETURNS_OR_30_CLOSED_TRADES,4,0.5,-46.33200000000011,46.331999999999994,4107,,1,1.947503677315872,,0.0,0.0,0.0,OBSERVED_HITS_PER_ENTRY_CENSORED_OPEN_TRADES_NOT_ASSUMED_FAILED,False,0.5651290977661735,NULL_WHEN_NO_TRADES_OR_NO_LOSSES,0,0.0,0,True,True,True
binance_15_5,REFERENCE_SEGMENT_07,EXTERNAL,binance,15,5,2021-04-27T08:45:00+00:00,2021-08-13T02:00:00+00:00,B_30_30_40_BE_TP1,"[0.3, 0.3, 0.4]",TP1,-0.9999999999999999,2400.0,23.165999999999997,,0.0,0,,2,107,,2,-46.33200000000011,INSUFFICIENT_SAMPLE,-23.165999999999997,0.0005802146794313896,UNION_ENTRY_BAR_START_TO_EXIT_INCLUDES_UNKNOWN_PRE_TOUCH_PART_OF_ENTRY_BAR,5.842515656985493,,1123.668,-40.4894843430145,46.331999999999994,0,INSUFFICIENT_SAMPLE,1170,1,2,0,1.0,2,6506700.0,0.04383688064615124,-0.9999999999999999,WITHHELD_BELOW_50_COMPARABLE_CLOSED_TRADES,-46.331999999999994,0,,0,0.0,WITHHELD_BELOW_90_DAILY_RETURNS_OR_30_CLOSED_TRADES,4,0.5,-46.33200000000011,46.331999999999994,4107,,1,1.947503677315872,,0.0,0.0,0.0,OBSERVED_HITS_PER_ENTRY_CENSORED_OPEN_TRADES_NOT_ASSUMED_FAILED,False,0.5651290977661735,NULL_WHEN_NO_TRADES_OR_NO_LOSSES,0,0.0,0,False,True,True
binance_15_5,REFERENCE_SEGMENT_07,EXTERNAL,binance,15,5,2021-04-27T08:45:00+00:00,2021-08-13T02:00:00+00:00,C_25_25_50_BE_TP1,"[0.25, 0.25, 0.5]",TP1,-0.9999999999999999,2400.0,23.165999999999997,,0.0,0,,2,107,,2,-46.33200000000011,INSUFFICIENT_SAMPLE,-23.165999999999997,0.0005802146794313896,UNION_ENTRY_BAR_START_TO_EXIT_INCLUDES_UNKNOWN_PRE_TOUCH_PART_OF_ENTRY_BAR,5.842515656985493,,1123.668,-40.4894843430145,46.331999999999994,0,INSUFFICIENT_SAMPLE,1170,1,2,0,1.0,2,6506700.0,0.04383688064615124,-0.9999999999999999,WITHHELD_BELOW_50_COMPARABLE_CLOSED_TRADES,-46.331999999999994,0,,0,0.0,WITHHELD_BELOW_90_DAILY_RETURNS_OR_30_CLOSED_TRADES,4,0.5,-46.33200000000011,46.331999999999994,4107,,1,1.947503677315872,,0.0,0.0,0.0,OBSERVED_HITS_PER_ENTRY_CENSORED_OPEN_TRADES_NOT_ASSUMED_FAILED,False,0.5651290977661735,NULL_WHEN_NO_TRADES_OR_NO_LOSSES,0,0.0,0,False,True,True
binance_15_5,REFERENCE_SEGMENT_07,EXTERNAL,binance,15,5,2021-04-27T08:45:00+00:00,2021-08-13T02:00:00+00:00,D_25_35_40_BE_TP1,"[0.25, 0.35, 0.4]",TP1,-0.9999999999999999,2400.0,23.165999999999997,,0.0,0,,2,107,,2,-46.33200000000011,INSUFFICIENT_SAMPLE,-23.165999999999997,0.0005802146794313896,UNION_ENTRY_BAR_START_TO_EXIT_INCLUDES_UNKNOWN_PRE_TOUCH_PART_OF_ENTRY_BAR,5.842515656985493,,1123.668,-40.4894843430145,46.331999999999994,0,INSUFFICIENT_SAMPLE,1170,1,2,0,1.0,2,6506700.0,0.04383688064615124,-0.9999999999999999,WITHHELD_BELOW_50_COMPARABLE_CLOSED_TRADES,-46.331999999999994,0,,0,0.0,WITHHELD_BELOW_90_DAILY_RETURNS_OR_30_CLOSED_TRADES,4,0.5,-46.33200000000011,46.331999999999994,4107,,1,1.947503677315872,,0.0,0.0,0.0,OBSERVED_HITS_PER_ENTRY_CENSORED_OPEN_TRADES_NOT_ASSUMED_FAILED,False,0.5651290977661735,NULL_WHEN_NO_TRADES_OR_NO_LOSSES,0,0.0,0,False,True,True
binance_15_5,REFERENCE_SEGMENT_07,EXTERNAL,binance,15,5,2021-04-27T08:45:00+00:00,2021-08-13T02:00:00+00:00,A_BE_LATER_CLOSE,"[0.4, 0.3, 0.3]",LATER_CLOSE,-0.9999999999999999,2400.0,23.165999999999997,,0.0,0,,2,107,,2,-46.33200000000011,INSUFFICIENT_SAMPLE,-23.165999999999997,0.0005802146794313896,UNION_ENTRY_BAR_START_TO_EXIT_INCLUDES_UNKNOWN_PRE_TOUCH_PART_OF_ENTRY_BAR,5.842515656985493,,1123.668,-40.4894843430145,46.331999999999994,0,INSUFFICIENT_SAMPLE,1170,1,2,0,1.0,2,6506700.0,0.04383688064615124,-0.9999999999999999,WITHHELD_BELOW_50_COMPARABLE_CLOSED_TRADES,-46.331999999999994,0,,0,0.0,WITHHELD_BELOW_90_DAILY_RETURNS_OR_30_CLOSED_TRADES,4,0.5,-46.33200000000011,46.331999999999994,4107,,1,1.947503677315872,,0.0,0.0,0.0,OBSERVED_HITS_PER_ENTRY_CENSORED_OPEN_TRADES_NOT_ASSUMED_FAILED,False,0.5651290977661735,NULL_WHEN_NO_TRADES_OR_NO_LOSSES,0,0.0,0,False,True,True
binance_15_5,REFERENCE_SEGMENT_07,EXTERNAL,binance,15,5,2021-04-27T08:45:00+00:00,2021-08-13T02:00:00+00:00,A_ORIGINAL_SL_UNTIL_TP2,"[0.4, 0.3, 0.3]",TP2,-0.9999999999999999,2400.0,23.165999999999997,,0.0,0,,2,107,,2,-46.33200000000011,INSUFFICIENT_SAMPLE,-23.165999999999997,0.0005802146794313896,UNION_ENTRY_BAR_START_TO_EXIT_INCLUDES_UNKNOWN_PRE_TOUCH_PART_OF_ENTRY_BAR,5.842515656985493,,1123.668,-40.4894843430145,46.331999999999994,0,INSUFFICIENT_SAMPLE,1170,1,2,0,1.0,2,6506700.0,0.04383688064615124,-0.9999999999999999,WITHHELD_BELOW_50_COMPARABLE_CLOSED_TRADES,-46.331999999999994,0,,0,0.0,WITHHELD_BELOW_90_DAILY_RETURNS_OR_30_CLOSED_TRADES,4,0.5,-46.33200000000011,46.331999999999994,4107,,1,1.947503677315872,,0.0,0.0,0.0,OBSERVED_HITS_PER_ENTRY_CENSORED_OPEN_TRADES_NOT_ASSUMED_FAILED,False,0.5651290977661735,NULL_WHEN_NO_TRADES_OR_NO_LOSSES,0,0.0,0,False,True,True
binance_15_5,REFERENCE_SEGMENT_07,EXTERNAL,binance,15,5,2021-04-27T08:45:00+00:00,2021-08-13T02:00:00+00:00,A_STRUCTURAL_AFTER_TP1,"[0.4, 0.3, 0.3]",STRUCTURAL,-0.9999999999999999,2400.0,23.165999999999997,,0.0,0,,2,107,,2,-46.33200000000011,INSUFFICIENT_SAMPLE,-23.165999999999997,0.0005802146794313896,UNION_ENTRY_BAR_START_TO_EXIT_INCLUDES_UNKNOWN_PRE_TOUCH_PART_OF_ENTRY_BAR,5.842515656985493,,1123.668,-40.4894843430145,46.331999999999994,0,INSUFFICIENT_SAMPLE,1170,1,2,0,1.0,2,6506700.0,0.04383688064615124,-0.9999999999999999,WITHHELD_BELOW_50_COMPARABLE_CLOSED_TRADES,-46.331999999999994,0,,0,0.0,WITHHELD_BELOW_90_DAILY_RETURNS_OR_30_CLOSED_TRADES,4,0.5,-46.33200000000011,46.331999999999994,4107,,1,1.947503677315872,,0.0,0.0,0.0,OBSERVED_HITS_PER_ENTRY_CENSORED_OPEN_TRADES_NOT_ASSUMED_FAILED,False,0.5651290977661735,NULL_WHEN_NO_TRADES_OR_NO_LOSSES,0,0.0,0,False,True,True
binance_15_5,REFERENCE_SEGMENT_08,EXTERNAL,binance,15,5,2021-08-15T06:30:00+00:00,2021-09-29T07:00:00+00:00,A_40_30_30_BE_TP1,"[0.4, 0.3, 0.3]",TP1,-1.0000000000000002,15300.0,23.400000000000006,,0.0,0,,1,44,,1,-23.40000000000009,INSUFFICIENT_SAMPLE,-23.400000000000006,0.004010488971155329,UNION_ENTRY_BAR_START_TO_EXIT_INCLUDES_UNKNOWN_PRE_TOUCH_PART_OF_ENTRY_BAR,3.9143476703008266,,1146.6,-19.485652329699178,23.400000000000006,0,INSUFFICIENT_SAMPLE,1170,0,1,0,1.0,1,2420700.0,0.040154826513748215,-1.0000000000000002,WITHHELD_BELOW_50_COMPARABLE_CLOSED_TRADES,-23.400000000000006,0,,0,0.0,WITHHELD_BELOW_90_DAILY_RETURNS_OR_30_CLOSED_TRADES,2,0.5,-23.40000000000009,23.400000000000006,1695,,1,1.304781829531478,,0.0,0.0,0.0,OBSERVED_HITS_PER_ENTRY_CENSORED_OPEN_TRADES_NOT_ASSUMED_FAILED,False,0.6760758907913003,NULL_WHEN_NO_TRADES_OR_NO_LOSSES,0,0.0,0,True,True,True
binance_15_5,REFERENCE_SEGMENT_08,EXTERNAL,binance,15,5,2021-08-15T06:30:00+00:00,2021-09-29T07:00:00+00:00,B_30_30_40_BE_TP1,"[0.3, 0.3, 0.4]",TP1,-1.0000000000000002,15300.0,23.400000000000006,,0.0,0,,1,44,,1,-23.40000000000009,INSUFFICIENT_SAMPLE,-23.400000000000006,0.004010488971155329,UNION_ENTRY_BAR_START_TO_EXIT_INCLUDES_UNKNOWN_PRE_TOUCH_PART_OF_ENTRY_BAR,3.9143476703008266,,1146.6,-19.485652329699178,23.400000000000006,0,INSUFFICIENT_SAMPLE,1170,0,1,0,1.0,1,2420700.0,0.040154826513748215,-1.0000000000000002,WITHHELD_BELOW_50_COMPARABLE_CLOSED_TRADES,-23.400000000000006,0,,0,0.0,WITHHELD_BELOW_90_DAILY_RETURNS_OR_30_CLOSED_TRADES,2,0.5,-23.40000000000009,23.400000000000006,1695,,1,1.304781829531478,,0.0,0.0,0.0,OBSERVED_HITS_PER_ENTRY_CENSORED_OPEN_TRADES_NOT_ASSUMED_FAILED,False,0.6760758907913003,NULL_WHEN_NO_TRADES_OR_NO_LOSSES,0,0.0,0,False,True,True
binance_15_5,REFERENCE_SEGMENT_08,EXTERNAL,binance,15,5,2021-08-15T06:30:00+00:00,2021-09-29T07:00:00+00:00,C_25_25_50_BE_TP1,"[0.25, 0.25, 0.5]",TP1,-1.0000000000000002,15300.0,23.400000000000006,,0.0,0,,1,44,,1,-23.40000000000009,INSUFFICIENT_SAMPLE,-23.400000000000006,0.004010488971155329,UNION_ENTRY_BAR_START_TO_EXIT_INCLUDES_UNKNOWN_PRE_TOUCH_PART_OF_ENTRY_BAR,3.9143476703008266,,1146.6,-19.485652329699178,23.400000000000006,0,INSUFFICIENT_SAMPLE,1170,0,1,0,1.0,1,2420700.0,0.040154826513748215,-1.0000000000000002,WITHHELD_BELOW_50_COMPARABLE_CLOSED_TRADES,-23.400000000000006,0,,0,0.0,WITHHELD_BELOW_90_DAILY_RETURNS_OR_30_CLOSED_TRADES,2,0.5,-23.40000000000009,23.400000000000006,1695,,1,1.304781829531478,,0.0,0.0,0.0,OBSERVED_HITS_PER_ENTRY_CENSORED_OPEN_TRADES_NOT_ASSUMED_FAILED,False,0.6760758907913003,NULL_WHEN_NO_TRADES_OR_NO_LOSSES,0,0.0,0,False,True,True
binance_15_5,REFERENCE_SEGMENT_08,EXTERNAL,binance,15,5,2021-08-15T06:30:00+00:00,2021-09-29T07:00:00+00:00,D_25_35_40_BE_TP1,"[0.25, 0.35, 0.4]",TP1,-1.0000000000000002,15300.0,23.400000000000006,,0.0,0,,1,44,,1,-23.40000000000009,INSUFFICIENT_SAMPLE,-23.400000000000006,0.004010488971155329,UNION_ENTRY_BAR_START_TO_EXIT_INCLUDES_UNKNOWN_PRE_TOUCH_PART_OF_ENTRY_BAR,3.9143476703008266,,1146.6,-19.485652329699178,23.400000000000006,0,INSUFFICIENT_SAMPLE,1170,0,1,0,1.0,1,2420700.0,0.040154826513748215,-1.0000000000000002,WITHHELD_BELOW_50_COMPARABLE_CLOSED_TRADES,-23.400000000000006,0,,0,0.0,WITHHELD_BELOW_90_DAILY_RETURNS_OR_30_CLOSED_TRADES,2,0.5,-23.40000000000009,23.400000000000006,1695,,1,1.304781829531478,,0.0,0.0,0.0,OBSERVED_HITS_PER_ENTRY_CENSORED_OPEN_TRADES_NOT_ASSUMED_FAILED,False,0.6760758907913003,NULL_WHEN_NO_TRADES_OR_NO_LOSSES,0,0.0,0,False,True,True
binance_15_5,REFERENCE_SEGMENT_08,EXTERNAL,binance,15,5,2021-08-15T06:30:00+00:00,2021-09-29T07:00:00+00:00,A_BE_LATER_CLOSE,"[0.4, 0.3, 0.3]",LATER_CLOSE,-1.0000000000000002,15300.0,23.400000000000006,,0.0,0,,1,44,,1,-23.40000000000009,INSUFFICIENT_SAMPLE,-23.400000000000006,0.004010488971155329,UNION_ENTRY_BAR_START_TO_EXIT_INCLUDES_UNKNOWN_PRE_TOUCH_PART_OF_ENTRY_BAR,3.9143476703008266,,1146.6,-19.485652329699178,23.400000000000006,0,INSUFFICIENT_SAMPLE,1170,0,1,0,1.0,1,2420700.0,0.040154826513748215,-1.0000000000000002,WITHHELD_BELOW_50_COMPARABLE_CLOSED_TRADES,-23.400000000000006,0,,0,0.0,WITHHELD_BELOW_90_DAILY_RETURNS_OR_30_CLOSED_TRADES,2,0.5,-23.40000000000009,23.400000000000006,1695,,1,1.304781829531478,,0.0,0.0,0.0,OBSERVED_HITS_PER_ENTRY_CENSORED_OPEN_TRADES_NOT_ASSUMED_FAILED,False,0.6760758907913003,NULL_WHEN_NO_TRADES_OR_NO_LOSSES,0,0.0,0,False,True,True
binance_15_5,REFERENCE_SEGMENT_08,EXTERNAL,binance,15,5,2021-08-15T06:30:00+00:00,2021-09-29T07:00:00+00:00,A_ORIGINAL_SL_UNTIL_TP2,"[0.4, 0.3, 0.3]",TP2,-1.0000000000000002,15300.0,23.400000000000006,,0.0,0,,1,44,,1,-23.40000000000009,INSUFFICIENT_SAMPLE,-23.400000000000006,0.004010488971155329,UNION_ENTRY_BAR_START_TO_EXIT_INCLUDES_UNKNOWN_PRE_TOUCH_PART_OF_ENTRY_BAR,3.9143476703008266,,1146.6,-19.485652329699178,23.400000000000006,0,INSUFFICIENT_SAMPLE,1170,0,1,0,1.0,1,2420700.0,0.040154826513748215,-1.0000000000000002,WITHHELD_BELOW_50_COMPARABLE_CLOSED_TRADES,-23.400000000000006,0,,0,0.0,WITHHELD_BELOW_90_DAILY_RETURNS_OR_30_CLOSED_TRADES,2,0.5,-23.40000000000009,23.400000000000006,1695,,1,1.304781829531478,,0.0,0.0,0.0,OBSERVED_HITS_PER_ENTRY_CENSORED_OPEN_TRADES_NOT_ASSUMED_FAILED,False,0.6760758907913003,NULL_WHEN_NO_TRADES_OR_NO_LOSSES,0,0.0,0,False,True,True
binance_15_5,REFERENCE_SEGMENT_08,EXTERNAL,binance,15,5,2021-08-15T06:30:00+00:00,2021-09-29T07:00:00+00:00,A_STRUCTURAL_AFTER_TP1,"[0.4, 0.3, 0.3]",STRUCTURAL,-1.0000000000000002,15300.0,23.400000000000006,,0.0,0,,1,44,,1,-23.40000000000009,INSUFFICIENT_SAMPLE,-23.400000000000006,0.004010488971155329,UNION_ENTRY_BAR_START_TO_EXIT_INCLUDES_UNKNOWN_PRE_TOUCH_PART_OF_ENTRY_BAR,3.9143476703008266,,1146.6,-19.485652329699178,23.400000000000006,0,INSUFFICIENT_SAMPLE,1170,0,1,0,1.0,1,2420700.0,0.040154826513748215,-1.0000000000000002,WITHHELD_BELOW_50_COMPARABLE_CLOSED_TRADES,-23.400000000000006,0,,0,0.0,WITHHELD_BELOW_90_DAILY_RETURNS_OR_30_CLOSED_TRADES,2,0.5,-23.40000000000009,23.400000000000006,1695,,1,1.304781829531478,,0.0,0.0,0.0,OBSERVED_HITS_PER_ENTRY_CENSORED_OPEN_TRADES_NOT_ASSUMED_FAILED,False,0.6760758907913003,NULL_WHEN_NO_TRADES_OR_NO_LOSSES,0,0.0,0,False,True,True
binance_15_5,REFERENCE_SEGMENT_09,EXTERNAL,binance,15,5,2021-10-01T09:00:00+00:00,2023-03-24T12:40:00+00:00,A_40_30_30_BE_TP1,"[0.4, 0.3, 0.3]",TP1,-0.22788976306292663,18850.0,23.59860119093835,30.311794005521403,0.0,0,,6,538,0.4377374920910995,6,-33.77081675271074,INSUFFICIENT_SAMPLE,-5.6284694587851,0.0024665756459465726,UNION_ENTRY_BAR_START_TO_EXIT_INCLUDES_UNKNOWN_PRE_TOUCH_PART_OF_ENTRY_BAR,19.66133666769854,,1136.2291832472893,-14.109480085012056,94.3944047637534,60.623588011042806,INSUFFICIENT_SAMPLE,1170,2,3,2,0.6666666666666666,4,39667200.0,0.11459020557018809,-1.0,WITHHELD_BELOW_50_COMPARABLE_CLOSED_TRADES,-33.770816752710594,0,1.284474183883444,2,0.642237091941722,WITHHELD_BELOW_90_DAILY_RETURNS_OR_30_CLOSED_TRADES,29,0.20689655172413793,-33.77081675271074,70.99440476375341,18138,,4,6.553778587004165,,0.3333333333333333,0.0,0.0,OBSERVED_HITS_PER_ENTRY_CENSORED_OPEN_TRADES_NOT_ASSUMED_FAILED,False,0.3387258816558901,NULL_WHEN_NO_TRADES_OR_NO_LOSSES,0,0.3333333333333333,2,True,True,True
binance_15_5,REFERENCE_SEGMENT_09,EXTERNAL,binance,15,5,2021-10-01T09:00:00+00:00,2023-03-24T12:40:00+00:00,B_30_30_40_BE_TP1,"[0.3, 0.3, 0.4]",TP1,-0.337583988963862,18850.0,23.375086187904746,22.710277101916308,0.0,0,,6,538,0.5072128007520261,6,-48.07979054778639,INSUFFICIENT_SAMPLE,-8.013298424631062,0.0024665756459465726,UNION_ENTRY_BAR_START_TO_EXIT_INCLUDES_UNKNOWN_PRE_TOUCH_PART_OF_ENTRY_BAR,19.49964108287067,,1121.9202094522136,-28.5801494649157,93.50034475161898,45.420554203832616,INSUFFICIENT_SAMPLE,1170,2,3,2,0.6666666666666666,4,39667200.0,0.12560627652178039,-1.0,WITHHELD_BELOW_50_COMPARABLE_CLOSED_TRADES,-48.07979054778637,0,0.9715590744502821,2,0.48577953722514106,WITHHELD_BELOW_90_DAILY_RETURNS_OR_30_CLOSED_TRADES,29,0.20689655172413793,-48.07979054778639,70.10034475161898,18138,,4,6.4998794777454485,,0.3333333333333333,0.0,0.0,OBSERVED_HITS_PER_ENTRY_CENSORED_OPEN_TRADES_NOT_ASSUMED_FAILED,False,0.3387258816558901,NULL_WHEN_NO_TRADES_OR_NO_LOSSES,0,0.3333333333333333,2,False,True,True
binance_15_5,REFERENCE_SEGMENT_09,EXTERNAL,binance,15,5,2021-10-01T09:00:00+00:00,2023-03-24T12:40:00+00:00,C_25_25_50_BE_TP1,"[0.25, 0.25, 0.5]",TP1,-0.3924311019143298,18850.0,23.263501937712697,18.91541075066993,0.0,0,,6,538,0.5515434243073835,6,-55.223186249510945,INSUFFICIENT_SAMPLE,-9.203864374918489,0.0024665756459465726,UNION_ENTRY_BAR_START_TO_EXIT_INCLUDES_UNKNOWN_PRE_TOUCH_PART_OF_ENTRY_BAR,19.418896442425062,,1114.776813750489,-35.80428980708587,93.05400775085079,37.83082150133986,INSUFFICIENT_SAMPLE,1170,2,3,2,0.6666666666666666,4,39667200.0,0.1311069358465848,-1.0,WITHHELD_BELOW_50_COMPARABLE_CLOSED_TRADES,-55.22318624951093,0,0.8130938670074418,2,0.4065469335037209,WITHHELD_BELOW_90_DAILY_RETURNS_OR_30_CLOSED_TRADES,29,0.20689655172413793,-55.223186249510945,69.6540077508508,18138,,4,6.472964307554682,,0.3333333333333333,0.0,0.0,OBSERVED_HITS_PER_ENTRY_CENSORED_OPEN_TRADES_NOT_ASSUMED_FAILED,False,0.3387258816558901,NULL_WHEN_NO_TRADES_OR_NO_LOSSES,0,0.3333333333333333,2,False,True,True
binance_15_5,REFERENCE_SEGMENT_09,EXTERNAL,binance,15,5,2021-10-01T09:00:00+00:00,2023-03-24T12:40:00+00:00,D_25_35_40_BE_TP1,"[0.25, 0.35, 0.4]",TP1,-0.3924311019143298,18850.0,23.263501937712697,18.91541075066993,0.0,0,,6,538,0.5515434243073835,6,-55.223186249510945,INSUFFICIENT_SAMPLE,-9.203864374918489,0.0024665756459465726,UNION_ENTRY_BAR_START_TO_EXIT_INCLUDES_UNKNOWN_PRE_TOUCH_PART_OF_ENTRY_BAR,19.418896442425062,,1114.776813750489,-35.80428980708587,93.05400775085079,37.83082150133986,INSUFFICIENT_SAMPLE,1170,2,3,2,0.6666666666666666,4,39667200.0,0.1311069358465848,-1.0,WITHHELD_BELOW_50_COMPARABLE_CLOSED_TRADES,-55.22318624951093,0,0.8130938670074418,2,0.4065469335037209,WITHHELD_BELOW_90_DAILY_RETURNS_OR_30_CLOSED_TRADES,29,0.20689655172413793,-55.223186249510945,69.6540077508508,18138,,4,6.472964307554682,,0.3333333333333333,0.0,0.0,OBSERVED_HITS_PER_ENTRY_CENSORED_OPEN_TRADES_NOT_ASSUMED_FAILED,False,0.3387258816558901,NULL_WHEN_NO_TRADES_OR_NO_LOSSES,0,0.3333333333333333,2,False,True,True
binance_15_5,REFERENCE_SEGMENT_09,EXTERNAL,binance,15,5,2021-10-01T09:00:00+00:00,2023-03-24T12:40:00+00:00,A_BE_LATER_CLOSE,"[0.4, 0.3, 0.3]",LATER_CLOSE,-0.22788976306292663,18850.0,23.59860119093835,30.311794005521403,0.0,0,,6,538,0.4377374920910995,6,-33.77081675271074,INSUFFICIENT_SAMPLE,-5.6284694587851,0.0024665756459465726,UNION_ENTRY_BAR_START_TO_EXIT_INCLUDES_UNKNOWN_PRE_TOUCH_PART_OF_ENTRY_BAR,19.66133666769854,,1136.2291832472893,-14.109480085012056,94.3944047637534,60.623588011042806,INSUFFICIENT_SAMPLE,1170,2,3,2,0.6666666666666666,4,39667200.0,0.11459020557018809,-1.0,WITHHELD_BELOW_50_COMPARABLE_CLOSED_TRADES,-33.770816752710594,0,1.284474183883444,2,0.642237091941722,WITHHELD_BELOW_90_DAILY_RETURNS_OR_30_CLOSED_TRADES,29,0.20689655172413793,-33.77081675271074,70.99440476375341,18138,,4,6.553778587004165,,0.3333333333333333,0.0,0.0,OBSERVED_HITS_PER_ENTRY_CENSORED_OPEN_TRADES_NOT_ASSUMED_FAILED,False,0.3387258816558901,NULL_WHEN_NO_TRADES_OR_NO_LOSSES,0,0.3333333333333333,2,False,True,True
binance_15_5,REFERENCE_SEGMENT_09,EXTERNAL,binance,15,5,2021-10-01T09:00:00+00:00,2023-03-24T12:40:00+00:00,A_ORIGINAL_SL_UNTIL_TP2,"[0.4, 0.3, 0.3]",TP2,-0.42788976306292564,30250.0,20.31664521679489,41.38585009962152,0.0,0,,6,538,0.32926780533930033,6,-60.19737598435313,INSUFFICIENT_SAMPLE,-10.032895997392155,0.003934928771993096,UNION_ENTRY_BAR_START_TO_EXIT_INCLUDES_UNKNOWN_PRE_TOUCH_PART_OF_ENTRY_BAR,19.38699951071155,,1109.8026240156469,-40.81037647364137,101.58322608397445,41.38585009962152,INSUFFICIENT_SAMPLE,1170,2,4,1,0.8333333333333334,5,39667200.0,0.13518317635615612,-1.0,WITHHELD_BELOW_50_COMPARABLE_CLOSED_TRADES,-60.19737598435293,0,2.037041532103422,0,0.4074083064206844,WITHHELD_BELOW_90_DAILY_RETURNS_OR_30_CLOSED_TRADES,29,0.20689655172413793,-60.19737598435313,78.18322608397445,18138,,4,6.462331796314667,,0.3333333333333333,0.0,0.0,OBSERVED_HITS_PER_ENTRY_CENSORED_OPEN_TRADES_NOT_ASSUMED_FAILED,False,0.3387258816558901,NULL_WHEN_NO_TRADES_OR_NO_LOSSES,0,0.16666666666666666,1,False,True,True
binance_15_5,REFERENCE_SEGMENT_09,EXTERNAL,binance,15,5,2021-10-01T09:00:00+00:00,2023-03-24T12:40:00+00:00,A_STRUCTURAL_AFTER_TP1,"[0.4, 0.3, 0.3]",STRUCTURAL,0.2620428010637276,12500.0,24.59985038953797,64.36325634396576,0.0,0,,6,538,0.2765174384391592,6,30.327111129779496,INSUFFICIENT_SAMPLE,5.054518521629939,0.0016486771941575003,UNION_ENTRY_BAR_START_TO_EXIT_INCLUDES_UNKNOWN_PRE_TOUCH_PART_OF_ENTRY_BAR,20.389325477325567,40.20259868665355,1200.3271111297795,50.71643660710522,98.39940155815188,128.72651268793152,INSUFFICIENT_SAMPLE,1170,2,3,2,0.6666666666666666,4,15766800.0,0.08780543057616944,-1.0,WITHHELD_BELOW_50_COMPARABLE_CLOSED_TRADES,30.327111129779635,0,2.616408446587086,0,1.308204223293543,WITHHELD_BELOW_90_DAILY_RETURNS_OR_30_CLOSED_TRADES,29,0.20689655172413793,30.327111129779496,74.99940155815187,18138,,4,6.796444126289773,,0.3333333333333333,0.0,0.0,OBSERVED_HITS_PER_ENTRY_CENSORED_OPEN_TRADES_NOT_ASSUMED_FAILED,False,0.3387258816558901,NULL_WHEN_NO_TRADES_OR_NO_LOSSES,0,0.3333333333333333,2,False,True,True
binance_15_5,REFERENCE_SEGMENT_10,EXTERNAL,binance,15,5,2023-03-26T14:00:00+00:00,2023-11-15T00:00:00+00:00,A_40_30_30_BE_TP1,"[0.4, 0.3, 0.3]",TP1,,,,,,0,,0,233,,0,0,INSUFFICIENT_SAMPLE,,0.0,UNION_ENTRY_BAR_START_TO_EXIT_INCLUDES_UNKNOWN_PRE_TOUCH_PART_OF_ENTRY_BAR,0.0,,1170,0,0,0,INSUFFICIENT_SAMPLE,1170,0,0,0,,0,0.0,0.0,,WITHHELD_BELOW_50_COMPARABLE_CLOSED_TRADES,0,0,,0,,WITHHELD_BELOW_90_DAILY_RETURNS_OR_30_CLOSED_TRADES,7,0.0,0,0.0,6298,,0,0.0,,,,,OBSERVED_HITS_PER_ENTRY_CENSORED_OPEN_TRADES_NOT_ASSUMED_FAILED,False,0.0,NULL_WHEN_NO_TRADES_OR_NO_LOSSES,0,,0,True,True,True
binance_15_5,REFERENCE_SEGMENT_10,EXTERNAL,binance,15,5,2023-03-26T14:00:00+00:00,2023-11-15T00:00:00+00:00,B_30_30_40_BE_TP1,"[0.3, 0.3, 0.4]",TP1,,,,,,0,,0,233,,0,0,INSUFFICIENT_SAMPLE,,0.0,UNION_ENTRY_BAR_START_TO_EXIT_INCLUDES_UNKNOWN_PRE_TOUCH_PART_OF_ENTRY_BAR,0.0,,1170,0,0,0,INSUFFICIENT_SAMPLE,1170,0,0,0,,0,0.0,0.0,,WITHHELD_BELOW_50_COMPARABLE_CLOSED_TRADES,0,0,,0,,WITHHELD_BELOW_90_DAILY_RETURNS_OR_30_CLOSED_TRADES,7,0.0,0,0.0,6298,,0,0.0,,,,,OBSERVED_HITS_PER_ENTRY_CENSORED_OPEN_TRADES_NOT_ASSUMED_FAILED,False,0.0,NULL_WHEN_NO_TRADES_OR_NO_LOSSES,0,,0,False,True,True
binance_15_5,REFERENCE_SEGMENT_10,EXTERNAL,binance,15,5,2023-03-26T14:00:00+00:00,2023-11-15T00:00:00+00:00,C_25_25_50_BE_TP1,"[0.25, 0.25, 0.5]",TP1,,,,,,0,,0,233,,0,0,INSUFFICIENT_SAMPLE,,0.0,UNION_ENTRY_BAR_START_TO_EXIT_INCLUDES_UNKNOWN_PRE_TOUCH_PART_OF_ENTRY_BAR,0.0,,1170,0,0,0,INSUFFICIENT_SAMPLE,1170,0,0,0,,0,0.0,0.0,,WITHHELD_BELOW_50_COMPARABLE_CLOSED_TRADES,0,0,,0,,WITHHELD_BELOW_90_DAILY_RETURNS_OR_30_CLOSED_TRADES,7,0.0,0,0.0,6298,,0,0.0,,,,,OBSERVED_HITS_PER_ENTRY_CENSORED_OPEN_TRADES_NOT_ASSUMED_FAILED,False,0.0,NULL_WHEN_NO_TRADES_OR_NO_LOSSES,0,,0,False,True,True
binance_15_5,REFERENCE_SEGMENT_10,EXTERNAL,binance,15,5,2023-03-26T14:00:00+00:00,2023-11-15T00:00:00+00:00,D_25_35_40_BE_TP1,"[0.25, 0.35, 0.4]",TP1,,,,,,0,,0,233,,0,0,INSUFFICIENT_SAMPLE,,0.0,UNION_ENTRY_BAR_START_TO_EXIT_INCLUDES_UNKNOWN_PRE_TOUCH_PART_OF_ENTRY_BAR,0.0,,1170,0,0,0,INSUFFICIENT_SAMPLE,1170,0,0,0,,0,0.0,0.0,,WITHHELD_BELOW_50_COMPARABLE_CLOSED_TRADES,0,0,,0,,WITHHELD_BELOW_90_DAILY_RETURNS_OR_30_CLOSED_TRADES,7,0.0,0,0.0,6298,,0,0.0,,,,,OBSERVED_HITS_PER_ENTRY_CENSORED_OPEN_TRADES_NOT_ASSUMED_FAILED,False,0.0,NULL_WHEN_NO_TRADES_OR_NO_LOSSES,0,,0,False,True,True
binance_15_5,REFERENCE_SEGMENT_10,EXTERNAL,binance,15,5,2023-03-26T14:00:00+00:00,2023-11-15T00:00:00+00:00,A_BE_LATER_CLOSE,"[0.4, 0.3, 0.3]",LATER_CLOSE,,,,,,0,,0,233,,0,0,INSUFFICIENT_SAMPLE,,0.0,UNION_ENTRY_BAR_START_TO_EXIT_INCLUDES_UNKNOWN_PRE_TOUCH_PART_OF_ENTRY_BAR,0.0,,1170,0,0,0,INSUFFICIENT_SAMPLE,1170,0,0,0,,0,0.0,0.0,,WITHHELD_BELOW_50_COMPARABLE_CLOSED_TRADES,0,0,,0,,WITHHELD_BELOW_90_DAILY_RETURNS_OR_30_CLOSED_TRADES,7,0.0,0,0.0,6298,,0,0.0,,,,,OBSERVED_HITS_PER_ENTRY_CENSORED_OPEN_TRADES_NOT_ASSUMED_FAILED,False,0.0,NULL_WHEN_NO_TRADES_OR_NO_LOSSES,0,,0,False,True,True
binance_15_5,REFERENCE_SEGMENT_10,EXTERNAL,binance,15,5,2023-03-26T14:00:00+00:00,2023-11-15T00:00:00+00:00,A_ORIGINAL_SL_UNTIL_TP2,"[0.4, 0.3, 0.3]",TP2,,,,,,0,,0,233,,0,0,INSUFFICIENT_SAMPLE,,0.0,UNION_ENTRY_BAR_START_TO_EXIT_INCLUDES_UNKNOWN_PRE_TOUCH_PART_OF_ENTRY_BAR,0.0,,1170,0,0,0,INSUFFICIENT_SAMPLE,1170,0,0,0,,0,0.0,0.0,,WITHHELD_BELOW_50_COMPARABLE_CLOSED_TRADES,0,0,,0,,WITHHELD_BELOW_90_DAILY_RETURNS_OR_30_CLOSED_TRADES,7,0.0,0,0.0,6298,,0,0.0,,,,,OBSERVED_HITS_PER_ENTRY_CENSORED_OPEN_TRADES_NOT_ASSUMED_FAILED,False,0.0,NULL_WHEN_NO_TRADES_OR_NO_LOSSES,0,,0,False,True,True
binance_15_5,REFERENCE_SEGMENT_10,EXTERNAL,binance,15,5,2023-03-26T14:00:00+00:00,2023-11-15T00:00:00+00:00,A_STRUCTURAL_AFTER_TP1,"[0.4, 0.3, 0.3]",STRUCTURAL,,,,,,0,,0,233,,0,0,INSUFFICIENT_SAMPLE,,0.0,UNION_ENTRY_BAR_START_TO_EXIT_INCLUDES_UNKNOWN_PRE_TOUCH_PART_OF_ENTRY_BAR,0.0,,1170,0,0,0,INSUFFICIENT_SAMPLE,1170,0,0,0,,0,0.0,0.0,,WITHHELD_BELOW_50_COMPARABLE_CLOSED_TRADES,0,0,,0,,WITHHELD_BELOW_90_DAILY_RETURNS_OR_30_CLOSED_TRADES,7,0.0,0,0.0,6298,,0,0.0,,,,,OBSERVED_HITS_PER_ENTRY_CENSORED_OPEN_TRADES_NOT_ASSUMED_FAILED,False,0.0,NULL_WHEN_NO_TRADES_OR_NO_LOSSES,0,,0,False,True,True
binance_15_5,VALIDATION_SEGMENT_10,EXTERNAL,binance,15,5,2023-11-15T00:00:00+00:00,2024-12-08T00:00:00+00:00,A_40_30_30_BE_TP1,"[0.4, 0.3, 0.3]",TP1,-0.6712383080406152,4275.0,22.982321062869662,7.080159430449437,0.0,0,,4,389,0.7644851883721675,4,-61.866803758159676,INSUFFICIENT_SAMPLE,-15.466700939539889,0.0005444872893459012,UNION_ENTRY_BAR_START_TO_EXIT_INCLUDES_UNKNOWN_PRE_TOUCH_PART_OF_ENTRY_BAR,11.186634434123357,,1108.1331962418403,-50.6801693240362,68.94696318860899,7.080159430449437,INSUFFICIENT_SAMPLE,1170,1,2,1,0.75,3,10158900.0,0.06409542915000202,-1.0,WITHHELD_BELOW_50_COMPARABLE_CLOSED_TRADES,-61.866803758159556,0,0.30806981640719366,1,0.10268993880239789,WITHHELD_BELOW_90_DAILY_RETURNS_OR_30_CLOSED_TRADES,37,0.10810810810810811,-61.866803758159676,61.86680375815956,15282,,3,3.7288762666557864,,0.25,0.0,0.0,OBSERVED_HITS_PER_ENTRY_CENSORED_OPEN_TRADES_NOT_ASSUMED_FAILED,False,0.3129820051413882,NULL_WHEN_NO_TRADES_OR_NO_LOSSES,0,0.25,1,True,True,True
binance_15_5,VALIDATION_SEGMENT_10,EXTERNAL,binance,15,5,2023-11-15T00:00:00+00:00,2024-12-08T00:00:00+00:00,B_30_30_40_BE_TP1,"[0.3, 0.3, 0.4]",TP1,-0.6909287310304616,4275.0,22.97052079715225,5.310119572837069,0.0,0,,4,389,0.8122348184706585,4,-63.60144281861972,INSUFFICIENT_SAMPLE,-15.90036070465492,0.0005444872893459012,UNION_ENTRY_BAR_START_TO_EXIT_INCLUDES_UNKNOWN_PRE_TOUCH_PART_OF_ENTRY_BAR,11.181489414180092,,1106.3985571813803,-52.41995340443958,68.91156239145675,5.310119572837069,INSUFFICIENT_SAMPLE,1170,1,2,1,0.75,3,10158900.0,0.0655604665940253,-1.0,WITHHELD_BELOW_50_COMPARABLE_CLOSED_TRADES,-63.60144281861968,0,0.23117105701388302,1,0.07705701900462768,WITHHELD_BELOW_90_DAILY_RETURNS_OR_30_CLOSED_TRADES,37,0.10810810810810811,-63.60144281861972,63.60144281861969,15282,,3,3.727161190348069,,0.25,0.0,0.0,OBSERVED_HITS_PER_ENTRY_CENSORED_OPEN_TRADES_NOT_ASSUMED_FAILED,False,0.3129820051413882,NULL_WHEN_NO_TRADES_OR_NO_LOSSES,0,0.25,1,False,True,True
binance_15_5,VALIDATION_SEGMENT_10,EXTERNAL,binance,15,5,2023-11-15T00:00:00+00:00,2024-12-08T00:00:00+00:00,C_25_25_50_BE_TP1,"[0.25, 0.25, 0.5]",TP1,-0.7007739425253847,4275.0,22.964620664293538,4.425099644030885,0.0,0,,4,389,0.8384394001027464,4,-64.46876234885008,INSUFFICIENT_SAMPLE,-16.117190587212434,0.0005444872893459012,UNION_ENTRY_BAR_START_TO_EXIT_INCLUDES_UNKNOWN_PRE_TOUCH_PART_OF_ENTRY_BAR,11.178916904208462,,1105.53123765115,-53.28984544464127,68.89386199288062,4.425099644030885,INSUFFICIENT_SAMPLE,1170,1,2,1,0.75,3,10158900.0,0.06629298531603724,-1.0,WITHHELD_BELOW_50_COMPARABLE_CLOSED_TRADES,-64.46876234884974,0,0.19269204175931529,1,0.06423068058643842,WITHHELD_BELOW_90_DAILY_RETURNS_OR_30_CLOSED_TRADES,37,0.10810810810810811,-64.46876234885008,64.46876234884974,15282,,3,3.7263036521942103,,0.25,0.0,0.0,OBSERVED_HITS_PER_ENTRY_CENSORED_OPEN_TRADES_NOT_ASSUMED_FAILED,False,0.3129820051413882,NULL_WHEN_NO_TRADES_OR_NO_LOSSES,0,0.25,1,False,True,True
binance_15_5,VALIDATION_SEGMENT_10,EXTERNAL,binance,15,5,2023-11-15T00:00:00+00:00,2024-12-08T00:00:00+00:00,D_25_35_40_BE_TP1,"[0.25, 0.35, 0.4]",TP1,-0.7007739425253847,4275.0,22.964620664293538,4.425099644030885,0.0,0,,4,389,0.8384394001027464,4,-64.46876234885008,INSUFFICIENT_SAMPLE,-16.117190587212434,0.0005444872893459012,UNION_ENTRY_BAR_START_TO_EXIT_INCLUDES_UNKNOWN_PRE_TOUCH_PART_OF_ENTRY_BAR,11.178916904208462,,1105.53123765115,-53.28984544464127,68.89386199288062,4.425099644030885,INSUFFICIENT_SAMPLE,1170,1,2,1,0.75,3,10158900.0,0.06629298531603724,-1.0,WITHHELD_BELOW_50_COMPARABLE_CLOSED_TRADES,-64.46876234884974,0,0.19269204175931529,1,0.06423068058643842,WITHHELD_BELOW_90_DAILY_RETURNS_OR_30_CLOSED_TRADES,37,0.10810810810810811,-64.46876234885008,64.46876234884974,15282,,3,3.7263036521942103,,0.25,0.0,0.0,OBSERVED_HITS_PER_ENTRY_CENSORED_OPEN_TRADES_NOT_ASSUMED_FAILED,False,0.3129820051413882,NULL_WHEN_NO_TRADES_OR_NO_LOSSES,0,0.25,1,False,True,True
binance_15_5,VALIDATION_SEGMENT_10,EXTERNAL,binance,15,5,2023-11-15T00:00:00+00:00,2024-12-08T00:00:00+00:00,A_BE_LATER_CLOSE,"[0.4, 0.3, 0.3]",LATER_CLOSE,-0.6712383080406152,4275.0,22.982321062869662,7.080159430449437,0.0,0,,4,389,0.7644851883721675,4,-61.866803758159676,INSUFFICIENT_SAMPLE,-15.466700939539889,0.0005444872893459012,UNION_ENTRY_BAR_START_TO_EXIT_INCLUDES_UNKNOWN_PRE_TOUCH_PART_OF_ENTRY_BAR,11.186634434123357,,1108.1331962418403,-50.6801693240362,68.94696318860899,7.080159430449437,INSUFFICIENT_SAMPLE,1170,1,2,1,0.75,3,10158900.0,0.06409542915000202,-1.0,WITHHELD_BELOW_50_COMPARABLE_CLOSED_TRADES,-61.866803758159556,0,0.30806981640719366,1,0.10268993880239789,WITHHELD_BELOW_90_DAILY_RETURNS_OR_30_CLOSED_TRADES,37,0.10810810810810811,-61.866803758159676,61.86680375815956,15282,,3,3.7288762666557864,,0.25,0.0,0.0,OBSERVED_HITS_PER_ENTRY_CENSORED_OPEN_TRADES_NOT_ASSUMED_FAILED,False,0.3129820051413882,NULL_WHEN_NO_TRADES_OR_NO_LOSSES,0,0.25,1,False,True,True
binance_15_5,VALIDATION_SEGMENT_10,EXTERNAL,binance,15,5,2023-11-15T00:00:00+00:00,2024-12-08T00:00:00+00:00,A_ORIGINAL_SL_UNTIL_TP2,"[0.4, 0.3, 0.3]",TP2,-0.821238308040615,5175.0,18.77028485953988,,0.0,0,,4,389,,4,-75.08113943815965,INSUFFICIENT_SAMPLE,-18.77028485953988,0.0006515995429877178,UNION_ENTRY_BAR_START_TO_EXIT_INCLUDES_UNKNOWN_PRE_TOUCH_PART_OF_ENTRY_BAR,11.14744010133083,,1094.9188605618403,-63.9336993368287,75.08113943815952,0,INSUFFICIENT_SAMPLE,1170,1,4,0,1.0,4,10158900.0,0.07525596220288885,-1.0,WITHHELD_BELOW_50_COMPARABLE_CLOSED_TRADES,-75.08113943815952,0,,0,0.0,WITHHELD_BELOW_90_DAILY_RETURNS_OR_30_CLOSED_TRADES,37,0.10810810810810811,-75.08113943815965,75.08113943815954,15282,,3,3.7158109583944734,,0.25,0.0,0.0,OBSERVED_HITS_PER_ENTRY_CENSORED_OPEN_TRADES_NOT_ASSUMED_FAILED,False,0.3129820051413882,NULL_WHEN_NO_TRADES_OR_NO_LOSSES,0,0.0,0,False,True,True
binance_15_5,VALIDATION_SEGMENT_10,EXTERNAL,binance,15,5,2023-11-15T00:00:00+00:00,2024-12-08T00:00:00+00:00,A_STRUCTURAL_AFTER_TP1,"[0.4, 0.3, 0.3]",STRUCTURAL,-0.5737017976475955,4125.0,23.040773679168492,15.848051875273732,0.0,0,,4,389,0.5924780023740412,4,-53.2742691622318,INSUFFICIENT_SAMPLE,-13.318567290557937,0.0005266352470722651,UNION_ENTRY_BAR_START_TO_EXIT_INCLUDES_UNKNOWN_PRE_TOUCH_PART_OF_ENTRY_BAR,11.212120290441797,,1116.7257308377682,-42.06214887178995,69.12232103750549,15.848051875273732,INSUFFICIENT_SAMPLE,1170,1,2,1,0.75,3,10158900.0,0.056838366162638376,-1.0,WITHHELD_BELOW_50_COMPARABLE_CLOSED_TRADES,-53.27426916223175,0,0.6878263766638267,0,0.2292754588879422,WITHHELD_BELOW_90_DAILY_RETURNS_OR_30_CLOSED_TRADES,37,0.10810810810810811,-53.2742691622318,53.27426916223175,15282,,3,3.737371897155951,,0.25,0.0,0.0,OBSERVED_HITS_PER_ENTRY_CENSORED_OPEN_TRADES_NOT_ASSUMED_FAILED,False,0.3129820051413882,NULL_WHEN_NO_TRADES_OR_NO_LOSSES,0,0.25,1,False,True,True
binance_240_15,HOLDOUT_SEGMENT_10,EXTERNAL,binance,240,15,2024-12-08T00:00:00+00:00,2026-01-01T00:00:00+00:00,A_40_30_30_BE_TP1,"[0.4, 0.3, 0.3]",TP1,-1.0000000000000002,27000.0,23.400000000000006,,0.0,0,,1,389,,1,-23.399999999999864,INSUFFICIENT_SAMPLE,-23.400000000000006,0.0008301199657240789,UNION_ENTRY_BAR_START_TO_EXIT_INCLUDES_UNKNOWN_PRE_TOUCH_PART_OF_ENTRY_BAR,2.8377314749202625,,1146.6000000000001,-20.56226852507974,23.400000000000006,0,INSUFFICIENT_SAMPLE,1170,0,1,0,1.0,1,30085200.0,0.073591540100002,-1.0000000000000002,WITHHELD_BELOW_50_COMPARABLE_CLOSED_TRADES,-23.400000000000006,0,,0,0.0,WITHHELD_BELOW_90_DAILY_RETURNS_OR_30_CLOSED_TRADES,1,1.0,-23.399999999999864,23.400000000000006,2102,,1,0.9459097069856602,,0.0,0.0,0.0,OBSERVED_HITS_PER_ENTRY_CENSORED_OPEN_TRADES_NOT_ASSUMED_FAILED,False,0.07824550128534705,NULL_WHEN_NO_TRADES_OR_NO_LOSSES,0,0.0,0,True,True,True
binance_240_15,HOLDOUT_SEGMENT_10,EXTERNAL,binance,240,15,2024-12-08T00:00:00+00:00,2026-01-01T00:00:00+00:00,B_30_30_40_BE_TP1,"[0.3, 0.3, 0.4]",TP1,-1.0000000000000002,27000.0,23.400000000000006,,0.0,0,,1,389,,1,-23.399999999999864,INSUFFICIENT_SAMPLE,-23.400000000000006,0.0008301199657240789,UNION_ENTRY_BAR_START_TO_EXIT_INCLUDES_UNKNOWN_PRE_TOUCH_PART_OF_ENTRY_BAR,2.8377314749202625,,1146.6000000000001,-20.56226852507974,23.400000000000006,0,INSUFFICIENT_SAMPLE,1170,0,1,0,1.0,1,30085200.0,0.073591540100002,-1.0000000000000002,WITHHELD_BELOW_50_COMPARABLE_CLOSED_TRADES,-23.400000000000006,0,,0,0.0,WITHHELD_BELOW_90_DAILY_RETURNS_OR_30_CLOSED_TRADES,1,1.0,-23.399999999999864,23.400000000000006,2102,,1,0.9459097069856602,,0.0,0.0,0.0,OBSERVED_HITS_PER_ENTRY_CENSORED_OPEN_TRADES_NOT_ASSUMED_FAILED,False,0.07824550128534705,NULL_WHEN_NO_TRADES_OR_NO_LOSSES,0,0.0,0,False,True,True
binance_240_15,HOLDOUT_SEGMENT_10,EXTERNAL,binance,240,15,2024-12-08T00:00:00+00:00,2026-01-01T00:00:00+00:00,C_25_25_50_BE_TP1,"[0.25, 0.25, 0.5]",TP1,-1.0000000000000002,27000.0,23.400000000000006,,0.0,0,,1,389,,1,-23.399999999999864,INSUFFICIENT_SAMPLE,-23.400000000000006,0.0008301199657240789,UNION_ENTRY_BAR_START_TO_EXIT_INCLUDES_UNKNOWN_PRE_TOUCH_PART_OF_ENTRY_BAR,2.8377314749202625,,1146.6000000000001,-20.56226852507974,23.400000000000006,0,INSUFFICIENT_SAMPLE,1170,0,1,0,1.0,1,30085200.0,0.073591540100002,-1.0000000000000002,WITHHELD_BELOW_50_COMPARABLE_CLOSED_TRADES,-23.400000000000006,0,,0,0.0,WITHHELD_BELOW_90_DAILY_RETURNS_OR_30_CLOSED_TRADES,1,1.0,-23.399999999999864,23.400000000000006,2102,,1,0.9459097069856602,,0.0,0.0,0.0,OBSERVED_HITS_PER_ENTRY_CENSORED_OPEN_TRADES_NOT_ASSUMED_FAILED,False,0.07824550128534705,NULL_WHEN_NO_TRADES_OR_NO_LOSSES,0,0.0,0,False,True,True
binance_240_15,HOLDOUT_SEGMENT_10,EXTERNAL,binance,240,15,2024-12-08T00:00:00+00:00,2026-01-01T00:00:00+00:00,D_25_35_40_BE_TP1,"[0.25, 0.35, 0.4]",TP1,-1.0000000000000002,27000.0,23.400000000000006,,0.0,0,,1,389,,1,-23.399999999999864,INSUFFICIENT_SAMPLE,-23.400000000000006,0.0008301199657240789,UNION_ENTRY_BAR_START_TO_EXIT_INCLUDES_UNKNOWN_PRE_TOUCH_PART_OF_ENTRY_BAR,2.8377314749202625,,1146.6000000000001,-20.56226852507974,23.400000000000006,0,INSUFFICIENT_SAMPLE,1170,0,1,0,1.0,1,30085200.0,0.073591540100002,-1.0000000000000002,WITHHELD_BELOW_50_COMPARABLE_CLOSED_TRADES,-23.400000000000006,0,,0,0.0,WITHHELD_BELOW_90_DAILY_RETURNS_OR_30_CLOSED_TRADES,1,1.0,-23.399999999999864,23.400000000000006,2102,,1,0.9459097069856602,,0.0,0.0,0.0,OBSERVED_HITS_PER_ENTRY_CENSORED_OPEN_TRADES_NOT_ASSUMED_FAILED,False,0.07824550128534705,NULL_WHEN_NO_TRADES_OR_NO_LOSSES,0,0.0,0,False,True,True
binance_240_15,HOLDOUT_SEGMENT_10,EXTERNAL,binance,240,15,2024-12-08T00:00:00+00:00,2026-01-01T00:00:00+00:00,A_BE_LATER_CLOSE,"[0.4, 0.3, 0.3]",LATER_CLOSE,-1.0000000000000002,27000.0,23.400000000000006,,0.0,0,,1,389,,1,-23.399999999999864,INSUFFICIENT_SAMPLE,-23.400000000000006,0.0008301199657240789,UNION_ENTRY_BAR_START_TO_EXIT_INCLUDES_UNKNOWN_PRE_TOUCH_PART_OF_ENTRY_BAR,2.8377314749202625,,1146.6000000000001,-20.56226852507974,23.400000000000006,0,INSUFFICIENT_SAMPLE,1170,0,1,0,1.0,1,30085200.0,0.073591540100002,-1.0000000000000002,WITHHELD_BELOW_50_COMPARABLE_CLOSED_TRADES,-23.400000000000006,0,,0,0.0,WITHHELD_BELOW_90_DAILY_RETURNS_OR_30_CLOSED_TRADES,1,1.0,-23.399999999999864,23.400000000000006,2102,,1,0.9459097069856602,,0.0,0.0,0.0,OBSERVED_HITS_PER_ENTRY_CENSORED_OPEN_TRADES_NOT_ASSUMED_FAILED,False,0.07824550128534705,NULL_WHEN_NO_TRADES_OR_NO_LOSSES,0,0.0,0,False,True,True
binance_240_15,HOLDOUT_SEGMENT_10,EXTERNAL,binance,240,15,2024-12-08T00:00:00+00:00,2026-01-01T00:00:00+00:00,A_ORIGINAL_SL_UNTIL_TP2,"[0.4, 0.3, 0.3]",TP2,-1.0000000000000002,27000.0,23.400000000000006,,0.0,0,,1,389,,1,-23.399999999999864,INSUFFICIENT_SAMPLE,-23.400000000000006,0.0008301199657240789,UNION_ENTRY_BAR_START_TO_EXIT_INCLUDES_UNKNOWN_PRE_TOUCH_PART_OF_ENTRY_BAR,2.8377314749202625,,1146.6000000000001,-20.56226852507974,23.400000000000006,0,INSUFFICIENT_SAMPLE,1170,0,1,0,1.0,1,30085200.0,0.073591540100002,-1.0000000000000002,WITHHELD_BELOW_50_COMPARABLE_CLOSED_TRADES,-23.400000000000006,0,,0,0.0,WITHHELD_BELOW_90_DAILY_RETURNS_OR_30_CLOSED_TRADES,1,1.0,-23.399999999999864,23.400000000000006,2102,,1,0.9459097069856602,,0.0,0.0,0.0,OBSERVED_HITS_PER_ENTRY_CENSORED_OPEN_TRADES_NOT_ASSUMED_FAILED,False,0.07824550128534705,NULL_WHEN_NO_TRADES_OR_NO_LOSSES,0,0.0,0,False,True,True
binance_240_15,HOLDOUT_SEGMENT_10,EXTERNAL,binance,240,15,2024-12-08T00:00:00+00:00,2026-01-01T00:00:00+00:00,A_STRUCTURAL_AFTER_TP1,"[0.4, 0.3, 0.3]",STRUCTURAL,-1.0000000000000002,27000.0,23.400000000000006,,0.0,0,,1,389,,1,-23.399999999999864,INSUFFICIENT_SAMPLE,-23.400000000000006,0.0008301199657240789,UNION_ENTRY_BAR_START_TO_EXIT_INCLUDES_UNKNOWN_PRE_TOUCH_PART_OF_ENTRY_BAR,2.8377314749202625,,1146.6000000000001,-20.56226852507974,23.400000000000006,0,INSUFFICIENT_SAMPLE,1170,0,1,0,1.0,1,30085200.0,0.073591540100002,-1.0000000000000002,WITHHELD_BELOW_50_COMPARABLE_CLOSED_TRADES,-23.400000000000006,0,,0,0.0,WITHHELD_BELOW_90_DAILY_RETURNS_OR_30_CLOSED_TRADES,1,1.0,-23.399999999999864,23.400000000000006,2102,,1,0.9459097069856602,,0.0,0.0,0.0,OBSERVED_HITS_PER_ENTRY_CENSORED_OPEN_TRADES_NOT_ASSUMED_FAILED,False,0.07824550128534705,NULL_WHEN_NO_TRADES_OR_NO_LOSSES,0,0.0,0,False,True,True
binance_240_15,REFERENCE_SEGMENT_00,EXTERNAL,binance,240,15,2020-09-05T00:00:00+00:00,2020-11-30T06:00:00+00:00,A_40_30_30_BE_TP1,"[0.4, 0.3, 0.3]",TP1,,,,,,0,,0,86,,0,0,INSUFFICIENT_SAMPLE,,0.0,UNION_ENTRY_BAR_START_TO_EXIT_INCLUDES_UNKNOWN_PRE_TOUCH_PART_OF_ENTRY_BAR,0.0,,1170,0,0,0,INSUFFICIENT_SAMPLE,1170,0,0,0,,0,0.0,0.0,,WITHHELD_BELOW_50_COMPARABLE_CLOSED_TRADES,0,0,,0,,WITHHELD_BELOW_90_DAILY_RETURNS_OR_30_CLOSED_TRADES,0,,0,0.0,531,,0,0.0,,,,,OBSERVED_HITS_PER_ENTRY_CENSORED_OPEN_TRADES_NOT_ASSUMED_FAILED,False,0.0,NULL_WHEN_NO_TRADES_OR_NO_LOSSES,0,,0,True,True,True
binance_240_15,REFERENCE_SEGMENT_00,EXTERNAL,binance,240,15,2020-09-05T00:00:00+00:00,2020-11-30T06:00:00+00:00,B_30_30_40_BE_TP1,"[0.3, 0.3, 0.4]",TP1,,,,,,0,,0,86,,0,0,INSUFFICIENT_SAMPLE,,0.0,UNION_ENTRY_BAR_START_TO_EXIT_INCLUDES_UNKNOWN_PRE_TOUCH_PART_OF_ENTRY_BAR,0.0,,1170,0,0,0,INSUFFICIENT_SAMPLE,1170,0,0,0,,0,0.0,0.0,,WITHHELD_BELOW_50_COMPARABLE_CLOSED_TRADES,0,0,,0,,WITHHELD_BELOW_90_DAILY_RETURNS_OR_30_CLOSED_TRADES,0,,0,0.0,531,,0,0.0,,,,,OBSERVED_HITS_PER_ENTRY_CENSORED_OPEN_TRADES_NOT_ASSUMED_FAILED,False,0.0,NULL_WHEN_NO_TRADES_OR_NO_LOSSES,0,,0,False,True,True
binance_240_15,REFERENCE_SEGMENT_00,EXTERNAL,binance,240,15,2020-09-05T00:00:00+00:00,2020-11-30T06:00:00+00:00,C_25_25_50_BE_TP1,"[0.25, 0.25, 0.5]",TP1,,,,,,0,,0,86,,0,0,INSUFFICIENT_SAMPLE,,0.0,UNION_ENTRY_BAR_START_TO_EXIT_INCLUDES_UNKNOWN_PRE_TOUCH_PART_OF_ENTRY_BAR,0.0,,1170,0,0,0,INSUFFICIENT_SAMPLE,1170,0,0,0,,0,0.0,0.0,,WITHHELD_BELOW_50_COMPARABLE_CLOSED_TRADES,0,0,,0,,WITHHELD_BELOW_90_DAILY_RETURNS_OR_30_CLOSED_TRADES,0,,0,0.0,531,,0,0.0,,,,,OBSERVED_HITS_PER_ENTRY_CENSORED_OPEN_TRADES_NOT_ASSUMED_FAILED,False,0.0,NULL_WHEN_NO_TRADES_OR_NO_LOSSES,0,,0,False,True,True
binance_240_15,REFERENCE_SEGMENT_00,EXTERNAL,binance,240,15,2020-09-05T00:00:00+00:00,2020-11-30T06:00:00+00:00,D_25_35_40_BE_TP1,"[0.25, 0.35, 0.4]",TP1,,,,,,0,,0,86,,0,0,INSUFFICIENT_SAMPLE,,0.0,UNION_ENTRY_BAR_START_TO_EXIT_INCLUDES_UNKNOWN_PRE_TOUCH_PART_OF_ENTRY_BAR,0.0,,1170,0,0,0,INSUFFICIENT_SAMPLE,1170,0,0,0,,0,0.0,0.0,,WITHHELD_BELOW_50_COMPARABLE_CLOSED_TRADES,0,0,,0,,WITHHELD_BELOW_90_DAILY_RETURNS_OR_30_CLOSED_TRADES,0,,0,0.0,531,,0,0.0,,,,,OBSERVED_HITS_PER_ENTRY_CENSORED_OPEN_TRADES_NOT_ASSUMED_FAILED,False,0.0,NULL_WHEN_NO_TRADES_OR_NO_LOSSES,0,,0,False,True,True
binance_240_15,REFERENCE_SEGMENT_00,EXTERNAL,binance,240,15,2020-09-05T00:00:00+00:00,2020-11-30T06:00:00+00:00,A_BE_LATER_CLOSE,"[0.4, 0.3, 0.3]",LATER_CLOSE,,,,,,0,,0,86,,0,0,INSUFFICIENT_SAMPLE,,0.0,UNION_ENTRY_BAR_START_TO_EXIT_INCLUDES_UNKNOWN_PRE_TOUCH_PART_OF_ENTRY_BAR,0.0,,1170,0,0,0,INSUFFICIENT_SAMPLE,1170,0,0,0,,0,0.0,0.0,,WITHHELD_BELOW_50_COMPARABLE_CLOSED_TRADES,0,0,,0,,WITHHELD_BELOW_90_DAILY_RETURNS_OR_30_CLOSED_TRADES,0,,0,0.0,531,,0,0.0,,,,,OBSERVED_HITS_PER_ENTRY_CENSORED_OPEN_TRADES_NOT_ASSUMED_FAILED,False,0.0,NULL_WHEN_NO_TRADES_OR_NO_LOSSES,0,,0,False,True,True
binance_240_15,REFERENCE_SEGMENT_00,EXTERNAL,binance,240,15,2020-09-05T00:00:00+00:00,2020-11-30T06:00:00+00:00,A_ORIGINAL_SL_UNTIL_TP2,"[0.4, 0.3, 0.3]",TP2,,,,,,0,,0,86,,0,0,INSUFFICIENT_SAMPLE,,0.0,UNION_ENTRY_BAR_START_TO_EXIT_INCLUDES_UNKNOWN_PRE_TOUCH_PART_OF_ENTRY_BAR,0.0,,1170,0,0,0,INSUFFICIENT_SAMPLE,1170,0,0,0,,0,0.0,0.0,,WITHHELD_BELOW_50_COMPARABLE_CLOSED_TRADES,0,0,,0,,WITHHELD_BELOW_90_DAILY_RETURNS_OR_30_CLOSED_TRADES,0,,0,0.0,531,,0,0.0,,,,,OBSERVED_HITS_PER_ENTRY_CENSORED_OPEN_TRADES_NOT_ASSUMED_FAILED,False,0.0,NULL_WHEN_NO_TRADES_OR_NO_LOSSES,0,,0,False,True,True
binance_240_15,REFERENCE_SEGMENT_00,EXTERNAL,binance,240,15,2020-09-05T00:00:00+00:00,2020-11-30T06:00:00+00:00,A_STRUCTURAL_AFTER_TP1,"[0.4, 0.3, 0.3]",STRUCTURAL,,,,,,0,,0,86,,0,0,INSUFFICIENT_SAMPLE,,0.0,UNION_ENTRY_BAR_START_TO_EXIT_INCLUDES_UNKNOWN_PRE_TOUCH_PART_OF_ENTRY_BAR,0.0,,1170,0,0,0,INSUFFICIENT_SAMPLE,1170,0,0,0,,0,0.0,0.0,,WITHHELD_BELOW_50_COMPARABLE_CLOSED_TRADES,0,0,,0,,WITHHELD_BELOW_90_DAILY_RETURNS_OR_30_CLOSED_TRADES,0,,0,0.0,531,,0,0.0,,,,,OBSERVED_HITS_PER_ENTRY_CENSORED_OPEN_TRADES_NOT_ASSUMED_FAILED,False,0.0,NULL_WHEN_NO_TRADES_OR_NO_LOSSES,0,,0,False,True,True
binance_240_15,REFERENCE_SEGMENT_01,EXTERNAL,binance,240,15,2020-12-06T07:00:00+00:00,2020-12-21T13:45:00+00:00,A_40_30_30_BE_TP1,"[0.4, 0.3, 0.3]",TP1,,,,,,0,,0,14,,0,0,INSUFFICIENT_SAMPLE,,0.0,UNION_ENTRY_BAR_START_TO_EXIT_INCLUDES_UNKNOWN_PRE_TOUCH_PART_OF_ENTRY_BAR,0.0,,1170,0,0,0,INSUFFICIENT_SAMPLE,1170,0,0,0,,0,0.0,0.0,,WITHHELD_BELOW_50_COMPARABLE_CLOSED_TRADES,0,0,,0,,WITHHELD_BELOW_90_DAILY_RETURNS_OR_30_CLOSED_TRADES,0,,0,0.0,71,,0,0.0,,,,,OBSERVED_HITS_PER_ENTRY_CENSORED_OPEN_TRADES_NOT_ASSUMED_FAILED,False,0.0,NULL_WHEN_NO_TRADES_OR_NO_LOSSES,0,,0,True,True,True
binance_240_15,REFERENCE_SEGMENT_01,EXTERNAL,binance,240,15,2020-12-06T07:00:00+00:00,2020-12-21T13:45:00+00:00,B_30_30_40_BE_TP1,"[0.3, 0.3, 0.4]",TP1,,,,,,0,,0,14,,0,0,INSUFFICIENT_SAMPLE,,0.0,UNION_ENTRY_BAR_START_TO_EXIT_INCLUDES_UNKNOWN_PRE_TOUCH_PART_OF_ENTRY_BAR,0.0,,1170,0,0,0,INSUFFICIENT_SAMPLE,1170,0,0,0,,0,0.0,0.0,,WITHHELD_BELOW_50_COMPARABLE_CLOSED_TRADES,0,0,,0,,WITHHELD_BELOW_90_DAILY_RETURNS_OR_30_CLOSED_TRADES,0,,0,0.0,71,,0,0.0,,,,,OBSERVED_HITS_PER_ENTRY_CENSORED_OPEN_TRADES_NOT_ASSUMED_FAILED,False,0.0,NULL_WHEN_NO_TRADES_OR_NO_LOSSES,0,,0,False,True,True
binance_240_15,REFERENCE_SEGMENT_01,EXTERNAL,binance,240,15,2020-12-06T07:00:00+00:00,2020-12-21T13:45:00+00:00,C_25_25_50_BE_TP1,"[0.25, 0.25, 0.5]",TP1,,,,,,0,,0,14,,0,0,INSUFFICIENT_SAMPLE,,0.0,UNION_ENTRY_BAR_START_TO_EXIT_INCLUDES_UNKNOWN_PRE_TOUCH_PART_OF_ENTRY_BAR,0.0,,1170,0,0,0,INSUFFICIENT_SAMPLE,1170,0,0,0,,0,0.0,0.0,,WITHHELD_BELOW_50_COMPARABLE_CLOSED_TRADES,0,0,,0,,WITHHELD_BELOW_90_DAILY_RETURNS_OR_30_CLOSED_TRADES,0,,0,0.0,71,,0,0.0,,,,,OBSERVED_HITS_PER_ENTRY_CENSORED_OPEN_TRADES_NOT_ASSUMED_FAILED,False,0.0,NULL_WHEN_NO_TRADES_OR_NO_LOSSES,0,,0,False,True,True
binance_240_15,REFERENCE_SEGMENT_01,EXTERNAL,binance,240,15,2020-12-06T07:00:00+00:00,2020-12-21T13:45:00+00:00,D_25_35_40_BE_TP1,"[0.25, 0.35, 0.4]",TP1,,,,,,0,,0,14,,0,0,INSUFFICIENT_SAMPLE,,0.0,UNION_ENTRY_BAR_START_TO_EXIT_INCLUDES_UNKNOWN_PRE_TOUCH_PART_OF_ENTRY_BAR,0.0,,1170,0,0,0,INSUFFICIENT_SAMPLE,1170,0,0,0,,0,0.0,0.0,,WITHHELD_BELOW_50_COMPARABLE_CLOSED_TRADES,0,0,,0,,WITHHELD_BELOW_90_DAILY_RETURNS_OR_30_CLOSED_TRADES,0,,0,0.0,71,,0,0.0,,,,,OBSERVED_HITS_PER_ENTRY_CENSORED_OPEN_TRADES_NOT_ASSUMED_FAILED,False,0.0,NULL_WHEN_NO_TRADES_OR_NO_LOSSES,0,,0,False,True,True
binance_240_15,REFERENCE_SEGMENT_01,EXTERNAL,binance,240,15,2020-12-06T07:00:00+00:00,2020-12-21T13:45:00+00:00,A_BE_LATER_CLOSE,"[0.4, 0.3, 0.3]",LATER_CLOSE,,,,,,0,,0,14,,0,0,INSUFFICIENT_SAMPLE,,0.0,UNION_ENTRY_BAR_START_TO_EXIT_INCLUDES_UNKNOWN_PRE_TOUCH_PART_OF_ENTRY_BAR,0.0,,1170,0,0,0,INSUFFICIENT_SAMPLE,1170,0,0,0,,0,0.0,0.0,,WITHHELD_BELOW_50_COMPARABLE_CLOSED_TRADES,0,0,,0,,WITHHELD_BELOW_90_DAILY_RETURNS_OR_30_CLOSED_TRADES,0,,0,0.0,71,,0,0.0,,,,,OBSERVED_HITS_PER_ENTRY_CENSORED_OPEN_TRADES_NOT_ASSUMED_FAILED,False,0.0,NULL_WHEN_NO_TRADES_OR_NO_LOSSES,0,,0,False,True,True
binance_240_15,REFERENCE_SEGMENT_01,EXTERNAL,binance,240,15,2020-12-06T07:00:00+00:00,2020-12-21T13:45:00+00:00,A_ORIGINAL_SL_UNTIL_TP2,"[0.4, 0.3, 0.3]",TP2,,,,,,0,,0,14,,0,0,INSUFFICIENT_SAMPLE,,0.0,UNION_ENTRY_BAR_START_TO_EXIT_INCLUDES_UNKNOWN_PRE_TOUCH_PART_OF_ENTRY_BAR,0.0,,1170,0,0,0,INSUFFICIENT_SAMPLE,1170,0,0,0,,0,0.0,0.0,,WITHHELD_BELOW_50_COMPARABLE_CLOSED_TRADES,0,0,,0,,WITHHELD_BELOW_90_DAILY_RETURNS_OR_30_CLOSED_TRADES,0,,0,0.0,71,,0,0.0,,,,,OBSERVED_HITS_PER_ENTRY_CENSORED_OPEN_TRADES_NOT_ASSUMED_FAILED,False,0.0,NULL_WHEN_NO_TRADES_OR_NO_LOSSES,0,,0,False,True,True
binance_240_15,REFERENCE_SEGMENT_01,EXTERNAL,binance,240,15,2020-12-06T07:00:00+00:00,2020-12-21T13:45:00+00:00,A_STRUCTURAL_AFTER_TP1,"[0.4, 0.3, 0.3]",STRUCTURAL,,,,,,0,,0,14,,0,0,INSUFFICIENT_SAMPLE,,0.0,UNION_ENTRY_BAR_START_TO_EXIT_INCLUDES_UNKNOWN_PRE_TOUCH_PART_OF_ENTRY_BAR,0.0,,1170,0,0,0,INSUFFICIENT_SAMPLE,1170,0,0,0,,0,0.0,0.0,,WITHHELD_BELOW_50_COMPARABLE_CLOSED_TRADES,0,0,,0,,WITHHELD_BELOW_90_DAILY_RETURNS_OR_30_CLOSED_TRADES,0,,0,0.0,71,,0,0.0,,,,,OBSERVED_HITS_PER_ENTRY_CENSORED_OPEN_TRADES_NOT_ASSUMED_FAILED,False,0.0,NULL_WHEN_NO_TRADES_OR_NO_LOSSES,0,,0,False,True,True
binance_240_15,REFERENCE_SEGMENT_03,EXTERNAL,binance,240,15,2020-12-31T03:00:00+00:00,2021-02-11T03:30:00+00:00,A_40_30_30_BE_TP1,"[0.4, 0.3, 0.3]",TP1,,,,,,0,,0,41,,0,0,INSUFFICIENT_SAMPLE,,0.0,UNION_ENTRY_BAR_START_TO_EXIT_INCLUDES_UNKNOWN_PRE_TOUCH_PART_OF_ENTRY_BAR,0.0,,1170,0,0,0,INSUFFICIENT_SAMPLE,1170,0,0,0,,0,0.0,0.0,,WITHHELD_BELOW_50_COMPARABLE_CLOSED_TRADES,0,0,,0,,WITHHELD_BELOW_90_DAILY_RETURNS_OR_30_CLOSED_TRADES,0,,0,0.0,204,,0,0.0,,,,,OBSERVED_HITS_PER_ENTRY_CENSORED_OPEN_TRADES_NOT_ASSUMED_FAILED,False,0.0,NULL_WHEN_NO_TRADES_OR_NO_LOSSES,0,,0,True,True,True
binance_240_15,REFERENCE_SEGMENT_03,EXTERNAL,binance,240,15,2020-12-31T03:00:00+00:00,2021-02-11T03:30:00+00:00,B_30_30_40_BE_TP1,"[0.3, 0.3, 0.4]",TP1,,,,,,0,,0,41,,0,0,INSUFFICIENT_SAMPLE,,0.0,UNION_ENTRY_BAR_START_TO_EXIT_INCLUDES_UNKNOWN_PRE_TOUCH_PART_OF_ENTRY_BAR,0.0,,1170,0,0,0,INSUFFICIENT_SAMPLE,1170,0,0,0,,0,0.0,0.0,,WITHHELD_BELOW_50_COMPARABLE_CLOSED_TRADES,0,0,,0,,WITHHELD_BELOW_90_DAILY_RETURNS_OR_30_CLOSED_TRADES,0,,0,0.0,204,,0,0.0,,,,,OBSERVED_HITS_PER_ENTRY_CENSORED_OPEN_TRADES_NOT_ASSUMED_FAILED,False,0.0,NULL_WHEN_NO_TRADES_OR_NO_LOSSES,0,,0,False,True,True
binance_240_15,REFERENCE_SEGMENT_03,EXTERNAL,binance,240,15,2020-12-31T03:00:00+00:00,2021-02-11T03:30:00+00:00,C_25_25_50_BE_TP1,"[0.25, 0.25, 0.5]",TP1,,,,,,0,,0,41,,0,0,INSUFFICIENT_SAMPLE,,0.0,UNION_ENTRY_BAR_START_TO_EXIT_INCLUDES_UNKNOWN_PRE_TOUCH_PART_OF_ENTRY_BAR,0.0,,1170,0,0,0,INSUFFICIENT_SAMPLE,1170,0,0,0,,0,0.0,0.0,,WITHHELD_BELOW_50_COMPARABLE_CLOSED_TRADES,0,0,,0,,WITHHELD_BELOW_90_DAILY_RETURNS_OR_30_CLOSED_TRADES,0,,0,0.0,204,,0,0.0,,,,,OBSERVED_HITS_PER_ENTRY_CENSORED_OPEN_TRADES_NOT_ASSUMED_FAILED,False,0.0,NULL_WHEN_NO_TRADES_OR_NO_LOSSES,0,,0,False,True,True
binance_240_15,REFERENCE_SEGMENT_03,EXTERNAL,binance,240,15,2020-12-31T03:00:00+00:00,2021-02-11T03:30:00+00:00,D_25_35_40_BE_TP1,"[0.25, 0.35, 0.4]",TP1,,,,,,0,,0,41,,0,0,INSUFFICIENT_SAMPLE,,0.0,UNION_ENTRY_BAR_START_TO_EXIT_INCLUDES_UNKNOWN_PRE_TOUCH_PART_OF_ENTRY_BAR,0.0,,1170,0,0,0,INSUFFICIENT_SAMPLE,1170,0,0,0,,0,0.0,0.0,,WITHHELD_BELOW_50_COMPARABLE_CLOSED_TRADES,0,0,,0,,WITHHELD_BELOW_90_DAILY_RETURNS_OR_30_CLOSED_TRADES,0,,0,0.0,204,,0,0.0,,,,,OBSERVED_HITS_PER_ENTRY_CENSORED_OPEN_TRADES_NOT_ASSUMED_FAILED,False,0.0,NULL_WHEN_NO_TRADES_OR_NO_LOSSES,0,,0,False,True,True
binance_240_15,REFERENCE_SEGMENT_03,EXTERNAL,binance,240,15,2020-12-31T03:00:00+00:00,2021-02-11T03:30:00+00:00,A_BE_LATER_CLOSE,"[0.4, 0.3, 0.3]",LATER_CLOSE,,,,,,0,,0,41,,0,0,INSUFFICIENT_SAMPLE,,0.0,UNION_ENTRY_BAR_START_TO_EXIT_INCLUDES_UNKNOWN_PRE_TOUCH_PART_OF_ENTRY_BAR,0.0,,1170,0,0,0,INSUFFICIENT_SAMPLE,1170,0,0,0,,0,0.0,0.0,,WITHHELD_BELOW_50_COMPARABLE_CLOSED_TRADES,0,0,,0,,WITHHELD_BELOW_90_DAILY_RETURNS_OR_30_CLOSED_TRADES,0,,0,0.0,204,,0,0.0,,,,,OBSERVED_HITS_PER_ENTRY_CENSORED_OPEN_TRADES_NOT_ASSUMED_FAILED,False,0.0,NULL_WHEN_NO_TRADES_OR_NO_LOSSES,0,,0,False,True,True
binance_240_15,REFERENCE_SEGMENT_03,EXTERNAL,binance,240,15,2020-12-31T03:00:00+00:00,2021-02-11T03:30:00+00:00,A_ORIGINAL_SL_UNTIL_TP2,"[0.4, 0.3, 0.3]",TP2,,,,,,0,,0,41,,0,0,INSUFFICIENT_SAMPLE,,0.0,UNION_ENTRY_BAR_START_TO_EXIT_INCLUDES_UNKNOWN_PRE_TOUCH_PART_OF_ENTRY_BAR,0.0,,1170,0,0,0,INSUFFICIENT_SAMPLE,1170,0,0,0,,0,0.0,0.0,,WITHHELD_BELOW_50_COMPARABLE_CLOSED_TRADES,0,0,,0,,WITHHELD_BELOW_90_DAILY_RETURNS_OR_30_CLOSED_TRADES,0,,0,0.0,204,,0,0.0,,,,,OBSERVED_HITS_PER_ENTRY_CENSORED_OPEN_TRADES_NOT_ASSUMED_FAILED,False,0.0,NULL_WHEN_NO_TRADES_OR_NO_LOSSES,0,,0,False,True,True
binance_240_15,REFERENCE_SEGMENT_03,EXTERNAL,binance,240,15,2020-12-31T03:00:00+00:00,2021-02-11T03:30:00+00:00,A_STRUCTURAL_AFTER_TP1,"[0.4, 0.3, 0.3]",STRUCTURAL,,,,,,0,,0,41,,0,0,INSUFFICIENT_SAMPLE,,0.0,UNION_ENTRY_BAR_START_TO_EXIT_INCLUDES_UNKNOWN_PRE_TOUCH_PART_OF_ENTRY_BAR,0.0,,1170,0,0,0,INSUFFICIENT_SAMPLE,1170,0,0,0,,0,0.0,0.0,,WITHHELD_BELOW_50_COMPARABLE_CLOSED_TRADES,0,0,,0,,WITHHELD_BELOW_90_DAILY_RETURNS_OR_30_CLOSED_TRADES,0,,0,0.0,204,,0,0.0,,,,,OBSERVED_HITS_PER_ENTRY_CENSORED_OPEN_TRADES_NOT_ASSUMED_FAILED,False,0.0,NULL_WHEN_NO_TRADES_OR_NO_LOSSES,0,,0,False,True,True
binance_240_15,REFERENCE_SEGMENT_04,EXTERNAL,binance,240,15,2021-02-17T05:00:00+00:00,2021-03-06T02:00:00+00:00,A_40_30_30_BE_TP1,"[0.4, 0.3, 0.3]",TP1,,,,,,0,,0,16,,0,0,INSUFFICIENT_SAMPLE,,0.0,UNION_ENTRY_BAR_START_TO_EXIT_INCLUDES_UNKNOWN_PRE_TOUCH_PART_OF_ENTRY_BAR,0.0,,1170,0,0,0,INSUFFICIENT_SAMPLE,1170,0,0,0,,0,0.0,0.0,,WITHHELD_BELOW_50_COMPARABLE_CLOSED_TRADES,0,0,,0,,WITHHELD_BELOW_90_DAILY_RETURNS_OR_30_CLOSED_TRADES,0,,0,0.0,95,,0,0.0,,,,,OBSERVED_HITS_PER_ENTRY_CENSORED_OPEN_TRADES_NOT_ASSUMED_FAILED,False,0.0,NULL_WHEN_NO_TRADES_OR_NO_LOSSES,0,,0,True,True,True
binance_240_15,REFERENCE_SEGMENT_04,EXTERNAL,binance,240,15,2021-02-17T05:00:00+00:00,2021-03-06T02:00:00+00:00,B_30_30_40_BE_TP1,"[0.3, 0.3, 0.4]",TP1,,,,,,0,,0,16,,0,0,INSUFFICIENT_SAMPLE,,0.0,UNION_ENTRY_BAR_START_TO_EXIT_INCLUDES_UNKNOWN_PRE_TOUCH_PART_OF_ENTRY_BAR,0.0,,1170,0,0,0,INSUFFICIENT_SAMPLE,1170,0,0,0,,0,0.0,0.0,,WITHHELD_BELOW_50_COMPARABLE_CLOSED_TRADES,0,0,,0,,WITHHELD_BELOW_90_DAILY_RETURNS_OR_30_CLOSED_TRADES,0,,0,0.0,95,,0,0.0,,,,,OBSERVED_HITS_PER_ENTRY_CENSORED_OPEN_TRADES_NOT_ASSUMED_FAILED,False,0.0,NULL_WHEN_NO_TRADES_OR_NO_LOSSES,0,,0,False,True,True
binance_240_15,REFERENCE_SEGMENT_04,EXTERNAL,binance,240,15,2021-02-17T05:00:00+00:00,2021-03-06T02:00:00+00:00,C_25_25_50_BE_TP1,"[0.25, 0.25, 0.5]",TP1,,,,,,0,,0,16,,0,0,INSUFFICIENT_SAMPLE,,0.0,UNION_ENTRY_BAR_START_TO_EXIT_INCLUDES_UNKNOWN_PRE_TOUCH_PART_OF_ENTRY_BAR,0.0,,1170,0,0,0,INSUFFICIENT_SAMPLE,1170,0,0,0,,0,0.0,0.0,,WITHHELD_BELOW_50_COMPARABLE_CLOSED_TRADES,0,0,,0,,WITHHELD_BELOW_90_DAILY_RETURNS_OR_30_CLOSED_TRADES,0,,0,0.0,95,,0,0.0,,,,,OBSERVED_HITS_PER_ENTRY_CENSORED_OPEN_TRADES_NOT_ASSUMED_FAILED,False,0.0,NULL_WHEN_NO_TRADES_OR_NO_LOSSES,0,,0,False,True,True
binance_240_15,REFERENCE_SEGMENT_04,EXTERNAL,binance,240,15,2021-02-17T05:00:00+00:00,2021-03-06T02:00:00+00:00,D_25_35_40_BE_TP1,"[0.25, 0.35, 0.4]",TP1,,,,,,0,,0,16,,0,0,INSUFFICIENT_SAMPLE,,0.0,UNION_ENTRY_BAR_START_TO_EXIT_INCLUDES_UNKNOWN_PRE_TOUCH_PART_OF_ENTRY_BAR,0.0,,1170,0,0,0,INSUFFICIENT_SAMPLE,1170,0,0,0,,0,0.0,0.0,,WITHHELD_BELOW_50_COMPARABLE_CLOSED_TRADES,0,0,,0,,WITHHELD_BELOW_90_DAILY_RETURNS_OR_30_CLOSED_TRADES,0,,0,0.0,95,,0,0.0,,,,,OBSERVED_HITS_PER_ENTRY_CENSORED_OPEN_TRADES_NOT_ASSUMED_FAILED,False,0.0,NULL_WHEN_NO_TRADES_OR_NO_LOSSES,0,,0,False,True,True
binance_240_15,REFERENCE_SEGMENT_04,EXTERNAL,binance,240,15,2021-02-17T05:00:00+00:00,2021-03-06T02:00:00+00:00,A_BE_LATER_CLOSE,"[0.4, 0.3, 0.3]",LATER_CLOSE,,,,,,0,,0,16,,0,0,INSUFFICIENT_SAMPLE,,0.0,UNION_ENTRY_BAR_START_TO_EXIT_INCLUDES_UNKNOWN_PRE_TOUCH_PART_OF_ENTRY_BAR,0.0,,1170,0,0,0,INSUFFICIENT_SAMPLE,1170,0,0,0,,0,0.0,0.0,,WITHHELD_BELOW_50_COMPARABLE_CLOSED_TRADES,0,0,,0,,WITHHELD_BELOW_90_DAILY_RETURNS_OR_30_CLOSED_TRADES,0,,0,0.0,95,,0,0.0,,,,,OBSERVED_HITS_PER_ENTRY_CENSORED_OPEN_TRADES_NOT_ASSUMED_FAILED,False,0.0,NULL_WHEN_NO_TRADES_OR_NO_LOSSES,0,,0,False,True,True
binance_240_15,REFERENCE_SEGMENT_04,EXTERNAL,binance,240,15,2021-02-17T05:00:00+00:00,2021-03-06T02:00:00+00:00,A_ORIGINAL_SL_UNTIL_TP2,"[0.4, 0.3, 0.3]",TP2,,,,,,0,,0,16,,0,0,INSUFFICIENT_SAMPLE,,0.0,UNION_ENTRY_BAR_START_TO_EXIT_INCLUDES_UNKNOWN_PRE_TOUCH_PART_OF_ENTRY_BAR,0.0,,1170,0,0,0,INSUFFICIENT_SAMPLE,1170,0,0,0,,0,0.0,0.0,,WITHHELD_BELOW_50_COMPARABLE_CLOSED_TRADES,0,0,,0,,WITHHELD_BELOW_90_DAILY_RETURNS_OR_30_CLOSED_TRADES,0,,0,0.0,95,,0,0.0,,,,,OBSERVED_HITS_PER_ENTRY_CENSORED_OPEN_TRADES_NOT_ASSUMED_FAILED,False,0.0,NULL_WHEN_NO_TRADES_OR_NO_LOSSES,0,,0,False,True,True
binance_240_15,REFERENCE_SEGMENT_04,EXTERNAL,binance,240,15,2021-02-17T05:00:00+00:00,2021-03-06T02:00:00+00:00,A_STRUCTURAL_AFTER_TP1,"[0.4, 0.3, 0.3]",STRUCTURAL,,,,,,0,,0,16,,0,0,INSUFFICIENT_SAMPLE,,0.0,UNION_ENTRY_BAR_START_TO_EXIT_INCLUDES_UNKNOWN_PRE_TOUCH_PART_OF_ENTRY_BAR,0.0,,1170,0,0,0,INSUFFICIENT_SAMPLE,1170,0,0,0,,0,0.0,0.0,,WITHHELD_BELOW_50_COMPARABLE_CLOSED_TRADES,0,0,,0,,WITHHELD_BELOW_90_DAILY_RETURNS_OR_30_CLOSED_TRADES,0,,0,0.0,95,,0,0.0,,,,,OBSERVED_HITS_PER_ENTRY_CENSORED_OPEN_TRADES_NOT_ASSUMED_FAILED,False,0.0,NULL_WHEN_NO_TRADES_OR_NO_LOSSES,0,,0,False,True,True
binance_240_15,REFERENCE_SEGMENT_05,EXTERNAL,binance,240,15,2021-03-12T03:30:00+00:00,2021-04-20T02:00:00+00:00,A_40_30_30_BE_TP1,"[0.4, 0.3, 0.3]",TP1,,,,,,0,,0,38,,0,0,INSUFFICIENT_SAMPLE,,0.0,UNION_ENTRY_BAR_START_TO_EXIT_INCLUDES_UNKNOWN_PRE_TOUCH_PART_OF_ENTRY_BAR,0.0,,1170,0,0,0,INSUFFICIENT_SAMPLE,1170,0,0,0,,0,0.0,0.0,,WITHHELD_BELOW_50_COMPARABLE_CLOSED_TRADES,0,0,,0,,WITHHELD_BELOW_90_DAILY_RETURNS_OR_30_CLOSED_TRADES,0,,0,0.0,203,,0,0.0,,,,,OBSERVED_HITS_PER_ENTRY_CENSORED_OPEN_TRADES_NOT_ASSUMED_FAILED,False,0.0,NULL_WHEN_NO_TRADES_OR_NO_LOSSES,0,,0,True,True,True
binance_240_15,REFERENCE_SEGMENT_05,EXTERNAL,binance,240,15,2021-03-12T03:30:00+00:00,2021-04-20T02:00:00+00:00,B_30_30_40_BE_TP1,"[0.3, 0.3, 0.4]",TP1,,,,,,0,,0,38,,0,0,INSUFFICIENT_SAMPLE,,0.0,UNION_ENTRY_BAR_START_TO_EXIT_INCLUDES_UNKNOWN_PRE_TOUCH_PART_OF_ENTRY_BAR,0.0,,1170,0,0,0,INSUFFICIENT_SAMPLE,1170,0,0,0,,0,0.0,0.0,,WITHHELD_BELOW_50_COMPARABLE_CLOSED_TRADES,0,0,,0,,WITHHELD_BELOW_90_DAILY_RETURNS_OR_30_CLOSED_TRADES,0,,0,0.0,203,,0,0.0,,,,,OBSERVED_HITS_PER_ENTRY_CENSORED_OPEN_TRADES_NOT_ASSUMED_FAILED,False,0.0,NULL_WHEN_NO_TRADES_OR_NO_LOSSES,0,,0,False,True,True
binance_240_15,REFERENCE_SEGMENT_05,EXTERNAL,binance,240,15,2021-03-12T03:30:00+00:00,2021-04-20T02:00:00+00:00,C_25_25_50_BE_TP1,"[0.25, 0.25, 0.5]",TP1,,,,,,0,,0,38,,0,0,INSUFFICIENT_SAMPLE,,0.0,UNION_ENTRY_BAR_START_TO_EXIT_INCLUDES_UNKNOWN_PRE_TOUCH_PART_OF_ENTRY_BAR,0.0,,1170,0,0,0,INSUFFICIENT_SAMPLE,1170,0,0,0,,0,0.0,0.0,,WITHHELD_BELOW_50_COMPARABLE_CLOSED_TRADES,0,0,,0,,WITHHELD_BELOW_90_DAILY_RETURNS_OR_30_CLOSED_TRADES,0,,0,0.0,203,,0,0.0,,,,,OBSERVED_HITS_PER_ENTRY_CENSORED_OPEN_TRADES_NOT_ASSUMED_FAILED,False,0.0,NULL_WHEN_NO_TRADES_OR_NO_LOSSES,0,,0,False,True,True
binance_240_15,REFERENCE_SEGMENT_05,EXTERNAL,binance,240,15,2021-03-12T03:30:00+00:00,2021-04-20T02:00:00+00:00,D_25_35_40_BE_TP1,"[0.25, 0.35, 0.4]",TP1,,,,,,0,,0,38,,0,0,INSUFFICIENT_SAMPLE,,0.0,UNION_ENTRY_BAR_START_TO_EXIT_INCLUDES_UNKNOWN_PRE_TOUCH_PART_OF_ENTRY_BAR,0.0,,1170,0,0,0,INSUFFICIENT_SAMPLE,1170,0,0,0,,0,0.0,0.0,,WITHHELD_BELOW_50_COMPARABLE_CLOSED_TRADES,0,0,,0,,WITHHELD_BELOW_90_DAILY_RETURNS_OR_30_CLOSED_TRADES,0,,0,0.0,203,,0,0.0,,,,,OBSERVED_HITS_PER_ENTRY_CENSORED_OPEN_TRADES_NOT_ASSUMED_FAILED,False,0.0,NULL_WHEN_NO_TRADES_OR_NO_LOSSES,0,,0,False,True,True
binance_240_15,REFERENCE_SEGMENT_05,EXTERNAL,binance,240,15,2021-03-12T03:30:00+00:00,2021-04-20T02:00:00+00:00,A_BE_LATER_CLOSE,"[0.4, 0.3, 0.3]",LATER_CLOSE,,,,,,0,,0,38,,0,0,INSUFFICIENT_SAMPLE,,0.0,UNION_ENTRY_BAR_START_TO_EXIT_INCLUDES_UNKNOWN_PRE_TOUCH_PART_OF_ENTRY_BAR,0.0,,1170,0,0,0,INSUFFICIENT_SAMPLE,1170,0,0,0,,0,0.0,0.0,,WITHHELD_BELOW_50_COMPARABLE_CLOSED_TRADES,0,0,,0,,WITHHELD_BELOW_90_DAILY_RETURNS_OR_30_CLOSED_TRADES,0,,0,0.0,203,,0,0.0,,,,,OBSERVED_HITS_PER_ENTRY_CENSORED_OPEN_TRADES_NOT_ASSUMED_FAILED,False,0.0,NULL_WHEN_NO_TRADES_OR_NO_LOSSES,0,,0,False,True,True
binance_240_15,REFERENCE_SEGMENT_05,EXTERNAL,binance,240,15,2021-03-12T03:30:00+00:00,2021-04-20T02:00:00+00:00,A_ORIGINAL_SL_UNTIL_TP2,"[0.4, 0.3, 0.3]",TP2,,,,,,0,,0,38,,0,0,INSUFFICIENT_SAMPLE,,0.0,UNION_ENTRY_BAR_START_TO_EXIT_INCLUDES_UNKNOWN_PRE_TOUCH_PART_OF_ENTRY_BAR,0.0,,1170,0,0,0,INSUFFICIENT_SAMPLE,1170,0,0,0,,0,0.0,0.0,,WITHHELD_BELOW_50_COMPARABLE_CLOSED_TRADES,0,0,,0,,WITHHELD_BELOW_90_DAILY_RETURNS_OR_30_CLOSED_TRADES,0,,0,0.0,203,,0,0.0,,,,,OBSERVED_HITS_PER_ENTRY_CENSORED_OPEN_TRADES_NOT_ASSUMED_FAILED,False,0.0,NULL_WHEN_NO_TRADES_OR_NO_LOSSES,0,,0,False,True,True
binance_240_15,REFERENCE_SEGMENT_05,EXTERNAL,binance,240,15,2021-03-12T03:30:00+00:00,2021-04-20T02:00:00+00:00,A_STRUCTURAL_AFTER_TP1,"[0.4, 0.3, 0.3]",STRUCTURAL,,,,,,0,,0,38,,0,0,INSUFFICIENT_SAMPLE,,0.0,UNION_ENTRY_BAR_START_TO_EXIT_INCLUDES_UNKNOWN_PRE_TOUCH_PART_OF_ENTRY_BAR,0.0,,1170,0,0,0,INSUFFICIENT_SAMPLE,1170,0,0,0,,0,0.0,0.0,,WITHHELD_BELOW_50_COMPARABLE_CLOSED_TRADES,0,0,,0,,WITHHELD_BELOW_90_DAILY_RETURNS_OR_30_CLOSED_TRADES,0,,0,0.0,203,,0,0.0,,,,,OBSERVED_HITS_PER_ENTRY_CENSORED_OPEN_TRADES_NOT_ASSUMED_FAILED,False,0.0,NULL_WHEN_NO_TRADES_OR_NO_LOSSES,0,,0,False,True,True
binance_240_15,REFERENCE_SEGMENT_07,EXTERNAL,binance,240,15,2021-05-01T08:45:00+00:00,2021-08-13T02:00:00+00:00,A_40_30_30_BE_TP1,"[0.4, 0.3, 0.3]",TP1,,,,,,0,,0,103,,0,0,INSUFFICIENT_SAMPLE,,0.0,UNION_ENTRY_BAR_START_TO_EXIT_INCLUDES_UNKNOWN_PRE_TOUCH_PART_OF_ENTRY_BAR,0.0,,1170,0,0,0,INSUFFICIENT_SAMPLE,1170,0,0,0,,0,0.0,0.0,,WITHHELD_BELOW_50_COMPARABLE_CLOSED_TRADES,0,0,,0,,WITHHELD_BELOW_90_DAILY_RETURNS_OR_30_CLOSED_TRADES,0,,0,0.0,501,,0,0.0,,,,,OBSERVED_HITS_PER_ENTRY_CENSORED_OPEN_TRADES_NOT_ASSUMED_FAILED,False,0.0,NULL_WHEN_NO_TRADES_OR_NO_LOSSES,0,,0,True,True,True
binance_240_15,REFERENCE_SEGMENT_07,EXTERNAL,binance,240,15,2021-05-01T08:45:00+00:00,2021-08-13T02:00:00+00:00,B_30_30_40_BE_TP1,"[0.3, 0.3, 0.4]",TP1,,,,,,0,,0,103,,0,0,INSUFFICIENT_SAMPLE,,0.0,UNION_ENTRY_BAR_START_TO_EXIT_INCLUDES_UNKNOWN_PRE_TOUCH_PART_OF_ENTRY_BAR,0.0,,1170,0,0,0,INSUFFICIENT_SAMPLE,1170,0,0,0,,0,0.0,0.0,,WITHHELD_BELOW_50_COMPARABLE_CLOSED_TRADES,0,0,,0,,WITHHELD_BELOW_90_DAILY_RETURNS_OR_30_CLOSED_TRADES,0,,0,0.0,501,,0,0.0,,,,,OBSERVED_HITS_PER_ENTRY_CENSORED_OPEN_TRADES_NOT_ASSUMED_FAILED,False,0.0,NULL_WHEN_NO_TRADES_OR_NO_LOSSES,0,,0,False,True,True
binance_240_15,REFERENCE_SEGMENT_07,EXTERNAL,binance,240,15,2021-05-01T08:45:00+00:00,2021-08-13T02:00:00+00:00,C_25_25_50_BE_TP1,"[0.25, 0.25, 0.5]",TP1,,,,,,0,,0,103,,0,0,INSUFFICIENT_SAMPLE,,0.0,UNION_ENTRY_BAR_START_TO_EXIT_INCLUDES_UNKNOWN_PRE_TOUCH_PART_OF_ENTRY_BAR,0.0,,1170,0,0,0,INSUFFICIENT_SAMPLE,1170,0,0,0,,0,0.0,0.0,,WITHHELD_BELOW_50_COMPARABLE_CLOSED_TRADES,0,0,,0,,WITHHELD_BELOW_90_DAILY_RETURNS_OR_30_CLOSED_TRADES,0,,0,0.0,501,,0,0.0,,,,,OBSERVED_HITS_PER_ENTRY_CENSORED_OPEN_TRADES_NOT_ASSUMED_FAILED,False,0.0,NULL_WHEN_NO_TRADES_OR_NO_LOSSES,0,,0,False,True,True
binance_240_15,REFERENCE_SEGMENT_07,EXTERNAL,binance,240,15,2021-05-01T08:45:00+00:00,2021-08-13T02:00:00+00:00,D_25_35_40_BE_TP1,"[0.25, 0.35, 0.4]",TP1,,,,,,0,,0,103,,0,0,INSUFFICIENT_SAMPLE,,0.0,UNION_ENTRY_BAR_START_TO_EXIT_INCLUDES_UNKNOWN_PRE_TOUCH_PART_OF_ENTRY_BAR,0.0,,1170,0,0,0,INSUFFICIENT_SAMPLE,1170,0,0,0,,0,0.0,0.0,,WITHHELD_BELOW_50_COMPARABLE_CLOSED_TRADES,0,0,,0,,WITHHELD_BELOW_90_DAILY_RETURNS_OR_30_CLOSED_TRADES,0,,0,0.0,501,,0,0.0,,,,,OBSERVED_HITS_PER_ENTRY_CENSORED_OPEN_TRADES_NOT_ASSUMED_FAILED,False,0.0,NULL_WHEN_NO_TRADES_OR_NO_LOSSES,0,,0,False,True,True
binance_240_15,REFERENCE_SEGMENT_07,EXTERNAL,binance,240,15,2021-05-01T08:45:00+00:00,2021-08-13T02:00:00+00:00,A_BE_LATER_CLOSE,"[0.4, 0.3, 0.3]",LATER_CLOSE,,,,,,0,,0,103,,0,0,INSUFFICIENT_SAMPLE,,0.0,UNION_ENTRY_BAR_START_TO_EXIT_INCLUDES_UNKNOWN_PRE_TOUCH_PART_OF_ENTRY_BAR,0.0,,1170,0,0,0,INSUFFICIENT_SAMPLE,1170,0,0,0,,0,0.0,0.0,,WITHHELD_BELOW_50_COMPARABLE_CLOSED_TRADES,0,0,,0,,WITHHELD_BELOW_90_DAILY_RETURNS_OR_30_CLOSED_TRADES,0,,0,0.0,501,,0,0.0,,,,,OBSERVED_HITS_PER_ENTRY_CENSORED_OPEN_TRADES_NOT_ASSUMED_FAILED,False,0.0,NULL_WHEN_NO_TRADES_OR_NO_LOSSES,0,,0,False,True,True
binance_240_15,REFERENCE_SEGMENT_07,EXTERNAL,binance,240,15,2021-05-01T08:45:00+00:00,2021-08-13T02:00:00+00:00,A_ORIGINAL_SL_UNTIL_TP2,"[0.4, 0.3, 0.3]",TP2,,,,,,0,,0,103,,0,0,INSUFFICIENT_SAMPLE,,0.0,UNION_ENTRY_BAR_START_TO_EXIT_INCLUDES_UNKNOWN_PRE_TOUCH_PART_OF_ENTRY_BAR,0.0,,1170,0,0,0,INSUFFICIENT_SAMPLE,1170,0,0,0,,0,0.0,0.0,,WITHHELD_BELOW_50_COMPARABLE_CLOSED_TRADES,0,0,,0,,WITHHELD_BELOW_90_DAILY_RETURNS_OR_30_CLOSED_TRADES,0,,0,0.0,501,,0,0.0,,,,,OBSERVED_HITS_PER_ENTRY_CENSORED_OPEN_TRADES_NOT_ASSUMED_FAILED,False,0.0,NULL_WHEN_NO_TRADES_OR_NO_LOSSES,0,,0,False,True,True
binance_240_15,REFERENCE_SEGMENT_07,EXTERNAL,binance,240,15,2021-05-01T08:45:00+00:00,2021-08-13T02:00:00+00:00,A_STRUCTURAL_AFTER_TP1,"[0.4, 0.3, 0.3]",STRUCTURAL,,,,,,0,,0,103,,0,0,INSUFFICIENT_SAMPLE,,0.0,UNION_ENTRY_BAR_START_TO_EXIT_INCLUDES_UNKNOWN_PRE_TOUCH_PART_OF_ENTRY_BAR,0.0,,1170,0,0,0,INSUFFICIENT_SAMPLE,1170,0,0,0,,0,0.0,0.0,,WITHHELD_BELOW_50_COMPARABLE_CLOSED_TRADES,0,0,,0,,WITHHELD_BELOW_90_DAILY_RETURNS_OR_30_CLOSED_TRADES,0,,0,0.0,501,,0,0.0,,,,,OBSERVED_HITS_PER_ENTRY_CENSORED_OPEN_TRADES_NOT_ASSUMED_FAILED,False,0.0,NULL_WHEN_NO_TRADES_OR_NO_LOSSES,0,,0,False,True,True
binance_240_15,REFERENCE_SEGMENT_08,EXTERNAL,binance,240,15,2021-08-19T06:30:00+00:00,2021-09-29T07:00:00+00:00,A_40_30_30_BE_TP1,"[0.4, 0.3, 0.3]",TP1,,,,,,0,,0,40,,0,0,INSUFFICIENT_SAMPLE,,0.0,UNION_ENTRY_BAR_START_TO_EXIT_INCLUDES_UNKNOWN_PRE_TOUCH_PART_OF_ENTRY_BAR,0.0,,1170,0,0,0,INSUFFICIENT_SAMPLE,1170,0,0,0,,0,0.0,0.0,,WITHHELD_BELOW_50_COMPARABLE_CLOSED_TRADES,0,0,,0,,WITHHELD_BELOW_90_DAILY_RETURNS_OR_30_CLOSED_TRADES,0,,0,0.0,224,,0,0.0,,,,,OBSERVED_HITS_PER_ENTRY_CENSORED_OPEN_TRADES_NOT_ASSUMED_FAILED,False,0.0,NULL_WHEN_NO_TRADES_OR_NO_LOSSES,0,,0,True,True,True
binance_240_15,REFERENCE_SEGMENT_08,EXTERNAL,binance,240,15,2021-08-19T06:30:00+00:00,2021-09-29T07:00:00+00:00,B_30_30_40_BE_TP1,"[0.3, 0.3, 0.4]",TP1,,,,,,0,,0,40,,0,0,INSUFFICIENT_SAMPLE,,0.0,UNION_ENTRY_BAR_START_TO_EXIT_INCLUDES_UNKNOWN_PRE_TOUCH_PART_OF_ENTRY_BAR,0.0,,1170,0,0,0,INSUFFICIENT_SAMPLE,1170,0,0,0,,0,0.0,0.0,,WITHHELD_BELOW_50_COMPARABLE_CLOSED_TRADES,0,0,,0,,WITHHELD_BELOW_90_DAILY_RETURNS_OR_30_CLOSED_TRADES,0,,0,0.0,224,,0,0.0,,,,,OBSERVED_HITS_PER_ENTRY_CENSORED_OPEN_TRADES_NOT_ASSUMED_FAILED,False,0.0,NULL_WHEN_NO_TRADES_OR_NO_LOSSES,0,,0,False,True,True
binance_240_15,REFERENCE_SEGMENT_08,EXTERNAL,binance,240,15,2021-08-19T06:30:00+00:00,2021-09-29T07:00:00+00:00,C_25_25_50_BE_TP1,"[0.25, 0.25, 0.5]",TP1,,,,,,0,,0,40,,0,0,INSUFFICIENT_SAMPLE,,0.0,UNION_ENTRY_BAR_START_TO_EXIT_INCLUDES_UNKNOWN_PRE_TOUCH_PART_OF_ENTRY_BAR,0.0,,1170,0,0,0,INSUFFICIENT_SAMPLE,1170,0,0,0,,0,0.0,0.0,,WITHHELD_BELOW_50_COMPARABLE_CLOSED_TRADES,0,0,,0,,WITHHELD_BELOW_90_DAILY_RETURNS_OR_30_CLOSED_TRADES,0,,0,0.0,224,,0,0.0,,,,,OBSERVED_HITS_PER_ENTRY_CENSORED_OPEN_TRADES_NOT_ASSUMED_FAILED,False,0.0,NULL_WHEN_NO_TRADES_OR_NO_LOSSES,0,,0,False,True,True
binance_240_15,REFERENCE_SEGMENT_08,EXTERNAL,binance,240,15,2021-08-19T06:30:00+00:00,2021-09-29T07:00:00+00:00,D_25_35_40_BE_TP1,"[0.25, 0.35, 0.4]",TP1,,,,,,0,,0,40,,0,0,INSUFFICIENT_SAMPLE,,0.0,UNION_ENTRY_BAR_START_TO_EXIT_INCLUDES_UNKNOWN_PRE_TOUCH_PART_OF_ENTRY_BAR,0.0,,1170,0,0,0,INSUFFICIENT_SAMPLE,1170,0,0,0,,0,0.0,0.0,,WITHHELD_BELOW_50_COMPARABLE_CLOSED_TRADES,0,0,,0,,WITHHELD_BELOW_90_DAILY_RETURNS_OR_30_CLOSED_TRADES,0,,0,0.0,224,,0,0.0,,,,,OBSERVED_HITS_PER_ENTRY_CENSORED_OPEN_TRADES_NOT_ASSUMED_FAILED,False,0.0,NULL_WHEN_NO_TRADES_OR_NO_LOSSES,0,,0,False,True,True
binance_240_15,REFERENCE_SEGMENT_08,EXTERNAL,binance,240,15,2021-08-19T06:30:00+00:00,2021-09-29T07:00:00+00:00,A_BE_LATER_CLOSE,"[0.4, 0.3, 0.3]",LATER_CLOSE,,,,,,0,,0,40,,0,0,INSUFFICIENT_SAMPLE,,0.0,UNION_ENTRY_BAR_START_TO_EXIT_INCLUDES_UNKNOWN_PRE_TOUCH_PART_OF_ENTRY_BAR,0.0,,1170,0,0,0,INSUFFICIENT_SAMPLE,1170,0,0,0,,0,0.0,0.0,,WITHHELD_BELOW_50_COMPARABLE_CLOSED_TRADES,0,0,,0,,WITHHELD_BELOW_90_DAILY_RETURNS_OR_30_CLOSED_TRADES,0,,0,0.0,224,,0,0.0,,,,,OBSERVED_HITS_PER_ENTRY_CENSORED_OPEN_TRADES_NOT_ASSUMED_FAILED,False,0.0,NULL_WHEN_NO_TRADES_OR_NO_LOSSES,0,,0,False,True,True
binance_240_15,REFERENCE_SEGMENT_08,EXTERNAL,binance,240,15,2021-08-19T06:30:00+00:00,2021-09-29T07:00:00+00:00,A_ORIGINAL_SL_UNTIL_TP2,"[0.4, 0.3, 0.3]",TP2,,,,,,0,,0,40,,0,0,INSUFFICIENT_SAMPLE,,0.0,UNION_ENTRY_BAR_START_TO_EXIT_INCLUDES_UNKNOWN_PRE_TOUCH_PART_OF_ENTRY_BAR,0.0,,1170,0,0,0,INSUFFICIENT_SAMPLE,1170,0,0,0,,0,0.0,0.0,,WITHHELD_BELOW_50_COMPARABLE_CLOSED_TRADES,0,0,,0,,WITHHELD_BELOW_90_DAILY_RETURNS_OR_30_CLOSED_TRADES,0,,0,0.0,224,,0,0.0,,,,,OBSERVED_HITS_PER_ENTRY_CENSORED_OPEN_TRADES_NOT_ASSUMED_FAILED,False,0.0,NULL_WHEN_NO_TRADES_OR_NO_LOSSES,0,,0,False,True,True
binance_240_15,REFERENCE_SEGMENT_08,EXTERNAL,binance,240,15,2021-08-19T06:30:00+00:00,2021-09-29T07:00:00+00:00,A_STRUCTURAL_AFTER_TP1,"[0.4, 0.3, 0.3]",STRUCTURAL,,,,,,0,,0,40,,0,0,INSUFFICIENT_SAMPLE,,0.0,UNION_ENTRY_BAR_START_TO_EXIT_INCLUDES_UNKNOWN_PRE_TOUCH_PART_OF_ENTRY_BAR,0.0,,1170,0,0,0,INSUFFICIENT_SAMPLE,1170,0,0,0,,0,0.0,0.0,,WITHHELD_BELOW_50_COMPARABLE_CLOSED_TRADES,0,0,,0,,WITHHELD_BELOW_90_DAILY_RETURNS_OR_30_CLOSED_TRADES,0,,0,0.0,224,,0,0.0,,,,,OBSERVED_HITS_PER_ENTRY_CENSORED_OPEN_TRADES_NOT_ASSUMED_FAILED,False,0.0,NULL_WHEN_NO_TRADES_OR_NO_LOSSES,0,,0,False,True,True
binance_240_15,REFERENCE_SEGMENT_09,EXTERNAL,binance,240,15,2021-10-05T09:00:00+00:00,2023-03-24T12:30:00+00:00,A_40_30_30_BE_TP1,"[0.4, 0.3, 0.3]",TP1,,,,,,0,,0,534,,0,0,INSUFFICIENT_SAMPLE,,0.0,UNION_ENTRY_BAR_START_TO_EXIT_INCLUDES_UNKNOWN_PRE_TOUCH_PART_OF_ENTRY_BAR,0.0,,1170,0,0,0,INSUFFICIENT_SAMPLE,1170,0,0,0,,0,0.0,0.0,,WITHHELD_BELOW_50_COMPARABLE_CLOSED_TRADES,0,0,,0,,WITHHELD_BELOW_90_DAILY_RETURNS_OR_30_CLOSED_TRADES,1,0.0,0,0.0,2589,,0,0.0,,,,,OBSERVED_HITS_PER_ENTRY_CENSORED_OPEN_TRADES_NOT_ASSUMED_FAILED,False,0.0,NULL_WHEN_NO_TRADES_OR_NO_LOSSES,0,,0,True,True,True
binance_240_15,REFERENCE_SEGMENT_09,EXTERNAL,binance,240,15,2021-10-05T09:00:00+00:00,2023-03-24T12:30:00+00:00,B_30_30_40_BE_TP1,"[0.3, 0.3, 0.4]",TP1,,,,,,0,,0,534,,0,0,INSUFFICIENT_SAMPLE,,0.0,UNION_ENTRY_BAR_START_TO_EXIT_INCLUDES_UNKNOWN_PRE_TOUCH_PART_OF_ENTRY_BAR,0.0,,1170,0,0,0,INSUFFICIENT_SAMPLE,1170,0,0,0,,0,0.0,0.0,,WITHHELD_BELOW_50_COMPARABLE_CLOSED_TRADES,0,0,,0,,WITHHELD_BELOW_90_DAILY_RETURNS_OR_30_CLOSED_TRADES,1,0.0,0,0.0,2589,,0,0.0,,,,,OBSERVED_HITS_PER_ENTRY_CENSORED_OPEN_TRADES_NOT_ASSUMED_FAILED,False,0.0,NULL_WHEN_NO_TRADES_OR_NO_LOSSES,0,,0,False,True,True
binance_240_15,REFERENCE_SEGMENT_09,EXTERNAL,binance,240,15,2021-10-05T09:00:00+00:00,2023-03-24T12:30:00+00:00,C_25_25_50_BE_TP1,"[0.25, 0.25, 0.5]",TP1,,,,,,0,,0,534,,0,0,INSUFFICIENT_SAMPLE,,0.0,UNION_ENTRY_BAR_START_TO_EXIT_INCLUDES_UNKNOWN_PRE_TOUCH_PART_OF_ENTRY_BAR,0.0,,1170,0,0,0,INSUFFICIENT_SAMPLE,1170,0,0,0,,0,0.0,0.0,,WITHHELD_BELOW_50_COMPARABLE_CLOSED_TRADES,0,0,,0,,WITHHELD_BELOW_90_DAILY_RETURNS_OR_30_CLOSED_TRADES,1,0.0,0,0.0,2589,,0,0.0,,,,,OBSERVED_HITS_PER_ENTRY_CENSORED_OPEN_TRADES_NOT_ASSUMED_FAILED,False,0.0,NULL_WHEN_NO_TRADES_OR_NO_LOSSES,0,,0,False,True,True
binance_240_15,REFERENCE_SEGMENT_09,EXTERNAL,binance,240,15,2021-10-05T09:00:00+00:00,2023-03-24T12:30:00+00:00,D_25_35_40_BE_TP1,"[0.25, 0.35, 0.4]",TP1,,,,,,0,,0,534,,0,0,INSUFFICIENT_SAMPLE,,0.0,UNION_ENTRY_BAR_START_TO_EXIT_INCLUDES_UNKNOWN_PRE_TOUCH_PART_OF_ENTRY_BAR,0.0,,1170,0,0,0,INSUFFICIENT_SAMPLE,1170,0,0,0,,0,0.0,0.0,,WITHHELD_BELOW_50_COMPARABLE_CLOSED_TRADES,0,0,,0,,WITHHELD_BELOW_90_DAILY_RETURNS_OR_30_CLOSED_TRADES,1,0.0,0,0.0,2589,,0,0.0,,,,,OBSERVED_HITS_PER_ENTRY_CENSORED_OPEN_TRADES_NOT_ASSUMED_FAILED,False,0.0,NULL_WHEN_NO_TRADES_OR_NO_LOSSES,0,,0,False,True,True
binance_240_15,REFERENCE_SEGMENT_09,EXTERNAL,binance,240,15,2021-10-05T09:00:00+00:00,2023-03-24T12:30:00+00:00,A_BE_LATER_CLOSE,"[0.4, 0.3, 0.3]",LATER_CLOSE,,,,,,0,,0,534,,0,0,INSUFFICIENT_SAMPLE,,0.0,UNION_ENTRY_BAR_START_TO_EXIT_INCLUDES_UNKNOWN_PRE_TOUCH_PART_OF_ENTRY_BAR,0.0,,1170,0,0,0,INSUFFICIENT_SAMPLE,1170,0,0,0,,0,0.0,0.0,,WITHHELD_BELOW_50_COMPARABLE_CLOSED_TRADES,0,0,,0,,WITHHELD_BELOW_90_DAILY_RETURNS_OR_30_CLOSED_TRADES,1,0.0,0,0.0,2589,,0,0.0,,,,,OBSERVED_HITS_PER_ENTRY_CENSORED_OPEN_TRADES_NOT_ASSUMED_FAILED,False,0.0,NULL_WHEN_NO_TRADES_OR_NO_LOSSES,0,,0,False,True,True
binance_240_15,REFERENCE_SEGMENT_09,EXTERNAL,binance,240,15,2021-10-05T09:00:00+00:00,2023-03-24T12:30:00+00:00,A_ORIGINAL_SL_UNTIL_TP2,"[0.4, 0.3, 0.3]",TP2,,,,,,0,,0,534,,0,0,INSUFFICIENT_SAMPLE,,0.0,UNION_ENTRY_BAR_START_TO_EXIT_INCLUDES_UNKNOWN_PRE_TOUCH_PART_OF_ENTRY_BAR,0.0,,1170,0,0,0,INSUFFICIENT_SAMPLE,1170,0,0,0,,0,0.0,0.0,,WITHHELD_BELOW_50_COMPARABLE_CLOSED_TRADES,0,0,,0,,WITHHELD_BELOW_90_DAILY_RETURNS_OR_30_CLOSED_TRADES,1,0.0,0,0.0,2589,,0,0.0,,,,,OBSERVED_HITS_PER_ENTRY_CENSORED_OPEN_TRADES_NOT_ASSUMED_FAILED,False,0.0,NULL_WHEN_NO_TRADES_OR_NO_LOSSES,0,,0,False,True,True
binance_240_15,REFERENCE_SEGMENT_09,EXTERNAL,binance,240,15,2021-10-05T09:00:00+00:00,2023-03-24T12:30:00+00:00,A_STRUCTURAL_AFTER_TP1,"[0.4, 0.3, 0.3]",STRUCTURAL,,,,,,0,,0,534,,0,0,INSUFFICIENT_SAMPLE,,0.0,UNION_ENTRY_BAR_START_TO_EXIT_INCLUDES_UNKNOWN_PRE_TOUCH_PART_OF_ENTRY_BAR,0.0,,1170,0,0,0,INSUFFICIENT_SAMPLE,1170,0,0,0,,0,0.0,0.0,,WITHHELD_BELOW_50_COMPARABLE_CLOSED_TRADES,0,0,,0,,WITHHELD_BELOW_90_DAILY_RETURNS_OR_30_CLOSED_TRADES,1,0.0,0,0.0,2589,,0,0.0,,,,,OBSERVED_HITS_PER_ENTRY_CENSORED_OPEN_TRADES_NOT_ASSUMED_FAILED,False,0.0,NULL_WHEN_NO_TRADES_OR_NO_LOSSES,0,,0,False,True,True
binance_240_15,REFERENCE_SEGMENT_10,EXTERNAL,binance,240,15,2023-03-30T14:00:00+00:00,2023-11-15T00:00:00+00:00,A_40_30_30_BE_TP1,"[0.4, 0.3, 0.3]",TP1,,,,,,0,,0,229,,0,0,INSUFFICIENT_SAMPLE,,0.0,UNION_ENTRY_BAR_START_TO_EXIT_INCLUDES_UNKNOWN_PRE_TOUCH_PART_OF_ENTRY_BAR,0.0,,1170,0,0,0,INSUFFICIENT_SAMPLE,1170,0,0,0,,0,0.0,0.0,,WITHHELD_BELOW_50_COMPARABLE_CLOSED_TRADES,0,0,,0,,WITHHELD_BELOW_90_DAILY_RETURNS_OR_30_CLOSED_TRADES,1,0.0,0,0.0,1102,,0,0.0,,,,,OBSERVED_HITS_PER_ENTRY_CENSORED_OPEN_TRADES_NOT_ASSUMED_FAILED,False,0.0,NULL_WHEN_NO_TRADES_OR_NO_LOSSES,0,,0,True,True,True
binance_240_15,REFERENCE_SEGMENT_10,EXTERNAL,binance,240,15,2023-03-30T14:00:00+00:00,2023-11-15T00:00:00+00:00,B_30_30_40_BE_TP1,"[0.3, 0.3, 0.4]",TP1,,,,,,0,,0,229,,0,0,INSUFFICIENT_SAMPLE,,0.0,UNION_ENTRY_BAR_START_TO_EXIT_INCLUDES_UNKNOWN_PRE_TOUCH_PART_OF_ENTRY_BAR,0.0,,1170,0,0,0,INSUFFICIENT_SAMPLE,1170,0,0,0,,0,0.0,0.0,,WITHHELD_BELOW_50_COMPARABLE_CLOSED_TRADES,0,0,,0,,WITHHELD_BELOW_90_DAILY_RETURNS_OR_30_CLOSED_TRADES,1,0.0,0,0.0,1102,,0,0.0,,,,,OBSERVED_HITS_PER_ENTRY_CENSORED_OPEN_TRADES_NOT_ASSUMED_FAILED,False,0.0,NULL_WHEN_NO_TRADES_OR_NO_LOSSES,0,,0,False,True,True
binance_240_15,REFERENCE_SEGMENT_10,EXTERNAL,binance,240,15,2023-03-30T14:00:00+00:00,2023-11-15T00:00:00+00:00,C_25_25_50_BE_TP1,"[0.25, 0.25, 0.5]",TP1,,,,,,0,,0,229,,0,0,INSUFFICIENT_SAMPLE,,0.0,UNION_ENTRY_BAR_START_TO_EXIT_INCLUDES_UNKNOWN_PRE_TOUCH_PART_OF_ENTRY_BAR,0.0,,1170,0,0,0,INSUFFICIENT_SAMPLE,1170,0,0,0,,0,0.0,0.0,,WITHHELD_BELOW_50_COMPARABLE_CLOSED_TRADES,0,0,,0,,WITHHELD_BELOW_90_DAILY_RETURNS_OR_30_CLOSED_TRADES,1,0.0,0,0.0,1102,,0,0.0,,,,,OBSERVED_HITS_PER_ENTRY_CENSORED_OPEN_TRADES_NOT_ASSUMED_FAILED,False,0.0,NULL_WHEN_NO_TRADES_OR_NO_LOSSES,0,,0,False,True,True
binance_240_15,REFERENCE_SEGMENT_10,EXTERNAL,binance,240,15,2023-03-30T14:00:00+00:00,2023-11-15T00:00:00+00:00,D_25_35_40_BE_TP1,"[0.25, 0.35, 0.4]",TP1,,,,,,0,,0,229,,0,0,INSUFFICIENT_SAMPLE,,0.0,UNION_ENTRY_BAR_START_TO_EXIT_INCLUDES_UNKNOWN_PRE_TOUCH_PART_OF_ENTRY_BAR,0.0,,1170,0,0,0,INSUFFICIENT_SAMPLE,1170,0,0,0,,0,0.0,0.0,,WITHHELD_BELOW_50_COMPARABLE_CLOSED_TRADES,0,0,,0,,WITHHELD_BELOW_90_DAILY_RETURNS_OR_30_CLOSED_TRADES,1,0.0,0,0.0,1102,,0,0.0,,,,,OBSERVED_HITS_PER_ENTRY_CENSORED_OPEN_TRADES_NOT_ASSUMED_FAILED,False,0.0,NULL_WHEN_NO_TRADES_OR_NO_LOSSES,0,,0,False,True,True
binance_240_15,REFERENCE_SEGMENT_10,EXTERNAL,binance,240,15,2023-03-30T14:00:00+00:00,2023-11-15T00:00:00+00:00,A_BE_LATER_CLOSE,"[0.4, 0.3, 0.3]",LATER_CLOSE,,,,,,0,,0,229,,0,0,INSUFFICIENT_SAMPLE,,0.0,UNION_ENTRY_BAR_START_TO_EXIT_INCLUDES_UNKNOWN_PRE_TOUCH_PART_OF_ENTRY_BAR,0.0,,1170,0,0,0,INSUFFICIENT_SAMPLE,1170,0,0,0,,0,0.0,0.0,,WITHHELD_BELOW_50_COMPARABLE_CLOSED_TRADES,0,0,,0,,WITHHELD_BELOW_90_DAILY_RETURNS_OR_30_CLOSED_TRADES,1,0.0,0,0.0,1102,,0,0.0,,,,,OBSERVED_HITS_PER_ENTRY_CENSORED_OPEN_TRADES_NOT_ASSUMED_FAILED,False,0.0,NULL_WHEN_NO_TRADES_OR_NO_LOSSES,0,,0,False,True,True
binance_240_15,REFERENCE_SEGMENT_10,EXTERNAL,binance,240,15,2023-03-30T14:00:00+00:00,2023-11-15T00:00:00+00:00,A_ORIGINAL_SL_UNTIL_TP2,"[0.4, 0.3, 0.3]",TP2,,,,,,0,,0,229,,0,0,INSUFFICIENT_SAMPLE,,0.0,UNION_ENTRY_BAR_START_TO_EXIT_INCLUDES_UNKNOWN_PRE_TOUCH_PART_OF_ENTRY_BAR,0.0,,1170,0,0,0,INSUFFICIENT_SAMPLE,1170,0,0,0,,0,0.0,0.0,,WITHHELD_BELOW_50_COMPARABLE_CLOSED_TRADES,0,0,,0,,WITHHELD_BELOW_90_DAILY_RETURNS_OR_30_CLOSED_TRADES,1,0.0,0,0.0,1102,,0,0.0,,,,,OBSERVED_HITS_PER_ENTRY_CENSORED_OPEN_TRADES_NOT_ASSUMED_FAILED,False,0.0,NULL_WHEN_NO_TRADES_OR_NO_LOSSES,0,,0,False,True,True
binance_240_15,REFERENCE_SEGMENT_10,EXTERNAL,binance,240,15,2023-03-30T14:00:00+00:00,2023-11-15T00:00:00+00:00,A_STRUCTURAL_AFTER_TP1,"[0.4, 0.3, 0.3]",STRUCTURAL,,,,,,0,,0,229,,0,0,INSUFFICIENT_SAMPLE,,0.0,UNION_ENTRY_BAR_START_TO_EXIT_INCLUDES_UNKNOWN_PRE_TOUCH_PART_OF_ENTRY_BAR,0.0,,1170,0,0,0,INSUFFICIENT_SAMPLE,1170,0,0,0,,0,0.0,0.0,,WITHHELD_BELOW_50_COMPARABLE_CLOSED_TRADES,0,0,,0,,WITHHELD_BELOW_90_DAILY_RETURNS_OR_30_CLOSED_TRADES,1,0.0,0,0.0,1102,,0,0.0,,,,,OBSERVED_HITS_PER_ENTRY_CENSORED_OPEN_TRADES_NOT_ASSUMED_FAILED,False,0.0,NULL_WHEN_NO_TRADES_OR_NO_LOSSES,0,,0,False,True,True
binance_240_15,VALIDATION_SEGMENT_10,EXTERNAL,binance,240,15,2023-11-15T00:00:00+00:00,2024-12-08T00:00:00+00:00,A_40_30_30_BE_TP1,"[0.4, 0.3, 0.3]",TP1,,,,,,0,,0,389,,0,0,INSUFFICIENT_SAMPLE,,0.0,UNION_ENTRY_BAR_START_TO_EXIT_INCLUDES_UNKNOWN_PRE_TOUCH_PART_OF_ENTRY_BAR,0.0,,1170,0,0,0,INSUFFICIENT_SAMPLE,1170,0,0,0,,0,0.0,0.0,,WITHHELD_BELOW_50_COMPARABLE_CLOSED_TRADES,0,0,,0,,WITHHELD_BELOW_90_DAILY_RETURNS_OR_30_CLOSED_TRADES,1,0.0,0,0.0,2335,,0,0.0,,,,,OBSERVED_HITS_PER_ENTRY_CENSORED_OPEN_TRADES_NOT_ASSUMED_FAILED,False,0.0,NULL_WHEN_NO_TRADES_OR_NO_LOSSES,0,,0,True,True,True
binance_240_15,VALIDATION_SEGMENT_10,EXTERNAL,binance,240,15,2023-11-15T00:00:00+00:00,2024-12-08T00:00:00+00:00,B_30_30_40_BE_TP1,"[0.3, 0.3, 0.4]",TP1,,,,,,0,,0,389,,0,0,INSUFFICIENT_SAMPLE,,0.0,UNION_ENTRY_BAR_START_TO_EXIT_INCLUDES_UNKNOWN_PRE_TOUCH_PART_OF_ENTRY_BAR,0.0,,1170,0,0,0,INSUFFICIENT_SAMPLE,1170,0,0,0,,0,0.0,0.0,,WITHHELD_BELOW_50_COMPARABLE_CLOSED_TRADES,0,0,,0,,WITHHELD_BELOW_90_DAILY_RETURNS_OR_30_CLOSED_TRADES,1,0.0,0,0.0,2335,,0,0.0,,,,,OBSERVED_HITS_PER_ENTRY_CENSORED_OPEN_TRADES_NOT_ASSUMED_FAILED,False,0.0,NULL_WHEN_NO_TRADES_OR_NO_LOSSES,0,,0,False,True,True
binance_240_15,VALIDATION_SEGMENT_10,EXTERNAL,binance,240,15,2023-11-15T00:00:00+00:00,2024-12-08T00:00:00+00:00,C_25_25_50_BE_TP1,"[0.25, 0.25, 0.5]",TP1,,,,,,0,,0,389,,0,0,INSUFFICIENT_SAMPLE,,0.0,UNION_ENTRY_BAR_START_TO_EXIT_INCLUDES_UNKNOWN_PRE_TOUCH_PART_OF_ENTRY_BAR,0.0,,1170,0,0,0,INSUFFICIENT_SAMPLE,1170,0,0,0,,0,0.0,0.0,,WITHHELD_BELOW_50_COMPARABLE_CLOSED_TRADES,0,0,,0,,WITHHELD_BELOW_90_DAILY_RETURNS_OR_30_CLOSED_TRADES,1,0.0,0,0.0,2335,,0,0.0,,,,,OBSERVED_HITS_PER_ENTRY_CENSORED_OPEN_TRADES_NOT_ASSUMED_FAILED,False,0.0,NULL_WHEN_NO_TRADES_OR_NO_LOSSES,0,,0,False,True,True
binance_240_15,VALIDATION_SEGMENT_10,EXTERNAL,binance,240,15,2023-11-15T00:00:00+00:00,2024-12-08T00:00:00+00:00,D_25_35_40_BE_TP1,"[0.25, 0.35, 0.4]",TP1,,,,,,0,,0,389,,0,0,INSUFFICIENT_SAMPLE,,0.0,UNION_ENTRY_BAR_START_TO_EXIT_INCLUDES_UNKNOWN_PRE_TOUCH_PART_OF_ENTRY_BAR,0.0,,1170,0,0,0,INSUFFICIENT_SAMPLE,1170,0,0,0,,0,0.0,0.0,,WITHHELD_BELOW_50_COMPARABLE_CLOSED_TRADES,0,0,,0,,WITHHELD_BELOW_90_DAILY_RETURNS_OR_30_CLOSED_TRADES,1,0.0,0,0.0,2335,,0,0.0,,,,,OBSERVED_HITS_PER_ENTRY_CENSORED_OPEN_TRADES_NOT_ASSUMED_FAILED,False,0.0,NULL_WHEN_NO_TRADES_OR_NO_LOSSES,0,,0,False,True,True
binance_240_15,VALIDATION_SEGMENT_10,EXTERNAL,binance,240,15,2023-11-15T00:00:00+00:00,2024-12-08T00:00:00+00:00,A_BE_LATER_CLOSE,"[0.4, 0.3, 0.3]",LATER_CLOSE,,,,,,0,,0,389,,0,0,INSUFFICIENT_SAMPLE,,0.0,UNION_ENTRY_BAR_START_TO_EXIT_INCLUDES_UNKNOWN_PRE_TOUCH_PART_OF_ENTRY_BAR,0.0,,1170,0,0,0,INSUFFICIENT_SAMPLE,1170,0,0,0,,0,0.0,0.0,,WITHHELD_BELOW_50_COMPARABLE_CLOSED_TRADES,0,0,,0,,WITHHELD_BELOW_90_DAILY_RETURNS_OR_30_CLOSED_TRADES,1,0.0,0,0.0,2335,,0,0.0,,,,,OBSERVED_HITS_PER_ENTRY_CENSORED_OPEN_TRADES_NOT_ASSUMED_FAILED,False,0.0,NULL_WHEN_NO_TRADES_OR_NO_LOSSES,0,,0,False,True,True
binance_240_15,VALIDATION_SEGMENT_10,EXTERNAL,binance,240,15,2023-11-15T00:00:00+00:00,2024-12-08T00:00:00+00:00,A_ORIGINAL_SL_UNTIL_TP2,"[0.4, 0.3, 0.3]",TP2,,,,,,0,,0,389,,0,0,INSUFFICIENT_SAMPLE,,0.0,UNION_ENTRY_BAR_START_TO_EXIT_INCLUDES_UNKNOWN_PRE_TOUCH_PART_OF_ENTRY_BAR,0.0,,1170,0,0,0,INSUFFICIENT_SAMPLE,1170,0,0,0,,0,0.0,0.0,,WITHHELD_BELOW_50_COMPARABLE_CLOSED_TRADES,0,0,,0,,WITHHELD_BELOW_90_DAILY_RETURNS_OR_30_CLOSED_TRADES,1,0.0,0,0.0,2335,,0,0.0,,,,,OBSERVED_HITS_PER_ENTRY_CENSORED_OPEN_TRADES_NOT_ASSUMED_FAILED,False,0.0,NULL_WHEN_NO_TRADES_OR_NO_LOSSES,0,,0,False,True,True
binance_240_15,VALIDATION_SEGMENT_10,EXTERNAL,binance,240,15,2023-11-15T00:00:00+00:00,2024-12-08T00:00:00+00:00,A_STRUCTURAL_AFTER_TP1,"[0.4, 0.3, 0.3]",STRUCTURAL,,,,,,0,,0,389,,0,0,INSUFFICIENT_SAMPLE,,0.0,UNION_ENTRY_BAR_START_TO_EXIT_INCLUDES_UNKNOWN_PRE_TOUCH_PART_OF_ENTRY_BAR,0.0,,1170,0,0,0,INSUFFICIENT_SAMPLE,1170,0,0,0,,0,0.0,0.0,,WITHHELD_BELOW_50_COMPARABLE_CLOSED_TRADES,0,0,,0,,WITHHELD_BELOW_90_DAILY_RETURNS_OR_30_CLOSED_TRADES,1,0.0,0,0.0,2335,,0,0.0,,,,,OBSERVED_HITS_PER_ENTRY_CENSORED_OPEN_TRADES_NOT_ASSUMED_FAILED,False,0.0,NULL_WHEN_NO_TRADES_OR_NO_LOSSES,0,,0,False,True,True
binance_240_5,HOLDOUT_SEGMENT_10,EXTERNAL,binance,240,5,2024-12-08T00:00:00+00:00,2026-01-01T00:00:00+00:00,A_40_30_30_BE_TP1,"[0.4, 0.3, 0.3]",TP1,,,,,,0,,0,389,,0,0,INSUFFICIENT_SAMPLE,,0.0,UNION_ENTRY_BAR_START_TO_EXIT_INCLUDES_UNKNOWN_PRE_TOUCH_PART_OF_ENTRY_BAR,0.0,,1170,0,0,0,INSUFFICIENT_SAMPLE,1170,0,0,0,,0,0.0,0.0,,WITHHELD_BELOW_50_COMPARABLE_CLOSED_TRADES,0,0,,0,,WITHHELD_BELOW_90_DAILY_RETURNS_OR_30_CLOSED_TRADES,0,,0,0.0,3017,,0,0.0,,,,,OBSERVED_HITS_PER_ENTRY_CENSORED_OPEN_TRADES_NOT_ASSUMED_FAILED,False,0.0,NULL_WHEN_NO_TRADES_OR_NO_LOSSES,0,,0,True,True,True
binance_240_5,HOLDOUT_SEGMENT_10,EXTERNAL,binance,240,5,2024-12-08T00:00:00+00:00,2026-01-01T00:00:00+00:00,B_30_30_40_BE_TP1,"[0.3, 0.3, 0.4]",TP1,,,,,,0,,0,389,,0,0,INSUFFICIENT_SAMPLE,,0.0,UNION_ENTRY_BAR_START_TO_EXIT_INCLUDES_UNKNOWN_PRE_TOUCH_PART_OF_ENTRY_BAR,0.0,,1170,0,0,0,INSUFFICIENT_SAMPLE,1170,0,0,0,,0,0.0,0.0,,WITHHELD_BELOW_50_COMPARABLE_CLOSED_TRADES,0,0,,0,,WITHHELD_BELOW_90_DAILY_RETURNS_OR_30_CLOSED_TRADES,0,,0,0.0,3017,,0,0.0,,,,,OBSERVED_HITS_PER_ENTRY_CENSORED_OPEN_TRADES_NOT_ASSUMED_FAILED,False,0.0,NULL_WHEN_NO_TRADES_OR_NO_LOSSES,0,,0,False,True,True
binance_240_5,HOLDOUT_SEGMENT_10,EXTERNAL,binance,240,5,2024-12-08T00:00:00+00:00,2026-01-01T00:00:00+00:00,C_25_25_50_BE_TP1,"[0.25, 0.25, 0.5]",TP1,,,,,,0,,0,389,,0,0,INSUFFICIENT_SAMPLE,,0.0,UNION_ENTRY_BAR_START_TO_EXIT_INCLUDES_UNKNOWN_PRE_TOUCH_PART_OF_ENTRY_BAR,0.0,,1170,0,0,0,INSUFFICIENT_SAMPLE,1170,0,0,0,,0,0.0,0.0,,WITHHELD_BELOW_50_COMPARABLE_CLOSED_TRADES,0,0,,0,,WITHHELD_BELOW_90_DAILY_RETURNS_OR_30_CLOSED_TRADES,0,,0,0.0,3017,,0,0.0,,,,,OBSERVED_HITS_PER_ENTRY_CENSORED_OPEN_TRADES_NOT_ASSUMED_FAILED,False,0.0,NULL_WHEN_NO_TRADES_OR_NO_LOSSES,0,,0,False,True,True
binance_240_5,HOLDOUT_SEGMENT_10,EXTERNAL,binance,240,5,2024-12-08T00:00:00+00:00,2026-01-01T00:00:00+00:00,D_25_35_40_BE_TP1,"[0.25, 0.35, 0.4]",TP1,,,,,,0,,0,389,,0,0,INSUFFICIENT_SAMPLE,,0.0,UNION_ENTRY_BAR_START_TO_EXIT_INCLUDES_UNKNOWN_PRE_TOUCH_PART_OF_ENTRY_BAR,0.0,,1170,0,0,0,INSUFFICIENT_SAMPLE,1170,0,0,0,,0,0.0,0.0,,WITHHELD_BELOW_50_COMPARABLE_CLOSED_TRADES,0,0,,0,,WITHHELD_BELOW_90_DAILY_RETURNS_OR_30_CLOSED_TRADES,0,,0,0.0,3017,,0,0.0,,,,,OBSERVED_HITS_PER_ENTRY_CENSORED_OPEN_TRADES_NOT_ASSUMED_FAILED,False,0.0,NULL_WHEN_NO_TRADES_OR_NO_LOSSES,0,,0,False,True,True
binance_240_5,HOLDOUT_SEGMENT_10,EXTERNAL,binance,240,5,2024-12-08T00:00:00+00:00,2026-01-01T00:00:00+00:00,A_BE_LATER_CLOSE,"[0.4, 0.3, 0.3]",LATER_CLOSE,,,,,,0,,0,389,,0,0,INSUFFICIENT_SAMPLE,,0.0,UNION_ENTRY_BAR_START_TO_EXIT_INCLUDES_UNKNOWN_PRE_TOUCH_PART_OF_ENTRY_BAR,0.0,,1170,0,0,0,INSUFFICIENT_SAMPLE,1170,0,0,0,,0,0.0,0.0,,WITHHELD_BELOW_50_COMPARABLE_CLOSED_TRADES,0,0,,0,,WITHHELD_BELOW_90_DAILY_RETURNS_OR_30_CLOSED_TRADES,0,,0,0.0,3017,,0,0.0,,,,,OBSERVED_HITS_PER_ENTRY_CENSORED_OPEN_TRADES_NOT_ASSUMED_FAILED,False,0.0,NULL_WHEN_NO_TRADES_OR_NO_LOSSES,0,,0,False,True,True
binance_240_5,HOLDOUT_SEGMENT_10,EXTERNAL,binance,240,5,2024-12-08T00:00:00+00:00,2026-01-01T00:00:00+00:00,A_ORIGINAL_SL_UNTIL_TP2,"[0.4, 0.3, 0.3]",TP2,,,,,,0,,0,389,,0,0,INSUFFICIENT_SAMPLE,,0.0,UNION_ENTRY_BAR_START_TO_EXIT_INCLUDES_UNKNOWN_PRE_TOUCH_PART_OF_ENTRY_BAR,0.0,,1170,0,0,0,INSUFFICIENT_SAMPLE,1170,0,0,0,,0,0.0,0.0,,WITHHELD_BELOW_50_COMPARABLE_CLOSED_TRADES,0,0,,0,,WITHHELD_BELOW_90_DAILY_RETURNS_OR_30_CLOSED_TRADES,0,,0,0.0,3017,,0,0.0,,,,,OBSERVED_HITS_PER_ENTRY_CENSORED_OPEN_TRADES_NOT_ASSUMED_FAILED,False,0.0,NULL_WHEN_NO_TRADES_OR_NO_LOSSES,0,,0,False,True,True
binance_240_5,HOLDOUT_SEGMENT_10,EXTERNAL,binance,240,5,2024-12-08T00:00:00+00:00,2026-01-01T00:00:00+00:00,A_STRUCTURAL_AFTER_TP1,"[0.4, 0.3, 0.3]",STRUCTURAL,,,,,,0,,0,389,,0,0,INSUFFICIENT_SAMPLE,,0.0,UNION_ENTRY_BAR_START_TO_EXIT_INCLUDES_UNKNOWN_PRE_TOUCH_PART_OF_ENTRY_BAR,0.0,,1170,0,0,0,INSUFFICIENT_SAMPLE,1170,0,0,0,,0,0.0,0.0,,WITHHELD_BELOW_50_COMPARABLE_CLOSED_TRADES,0,0,,0,,WITHHELD_BELOW_90_DAILY_RETURNS_OR_30_CLOSED_TRADES,0,,0,0.0,3017,,0,0.0,,,,,OBSERVED_HITS_PER_ENTRY_CENSORED_OPEN_TRADES_NOT_ASSUMED_FAILED,False,0.0,NULL_WHEN_NO_TRADES_OR_NO_LOSSES,0,,0,False,True,True
binance_240_5,REFERENCE_SEGMENT_00,EXTERNAL,binance,240,5,2020-09-05T00:00:00+00:00,2020-11-30T06:00:00+00:00,A_40_30_30_BE_TP1,"[0.4, 0.3, 0.3]",TP1,,,,,,0,,0,86,,0,0,INSUFFICIENT_SAMPLE,,0.0,UNION_ENTRY_BAR_START_TO_EXIT_INCLUDES_UNKNOWN_PRE_TOUCH_PART_OF_ENTRY_BAR,0.0,,1170,0,0,0,INSUFFICIENT_SAMPLE,1170,0,0,0,,0,0.0,0.0,,WITHHELD_BELOW_50_COMPARABLE_CLOSED_TRADES,0,0,,0,,WITHHELD_BELOW_90_DAILY_RETURNS_OR_30_CLOSED_TRADES,0,,0,0.0,693,,0,0.0,,,,,OBSERVED_HITS_PER_ENTRY_CENSORED_OPEN_TRADES_NOT_ASSUMED_FAILED,False,0.0,NULL_WHEN_NO_TRADES_OR_NO_LOSSES,0,,0,True,True,True
binance_240_5,REFERENCE_SEGMENT_00,EXTERNAL,binance,240,5,2020-09-05T00:00:00+00:00,2020-11-30T06:00:00+00:00,B_30_30_40_BE_TP1,"[0.3, 0.3, 0.4]",TP1,,,,,,0,,0,86,,0,0,INSUFFICIENT_SAMPLE,,0.0,UNION_ENTRY_BAR_START_TO_EXIT_INCLUDES_UNKNOWN_PRE_TOUCH_PART_OF_ENTRY_BAR,0.0,,1170,0,0,0,INSUFFICIENT_SAMPLE,1170,0,0,0,,0,0.0,0.0,,WITHHELD_BELOW_50_COMPARABLE_CLOSED_TRADES,0,0,,0,,WITHHELD_BELOW_90_DAILY_RETURNS_OR_30_CLOSED_TRADES,0,,0,0.0,693,,0,0.0,,,,,OBSERVED_HITS_PER_ENTRY_CENSORED_OPEN_TRADES_NOT_ASSUMED_FAILED,False,0.0,NULL_WHEN_NO_TRADES_OR_NO_LOSSES,0,,0,False,True,True
binance_240_5,REFERENCE_SEGMENT_00,EXTERNAL,binance,240,5,2020-09-05T00:00:00+00:00,2020-11-30T06:00:00+00:00,C_25_25_50_BE_TP1,"[0.25, 0.25, 0.5]",TP1,,,,,,0,,0,86,,0,0,INSUFFICIENT_SAMPLE,,0.0,UNION_ENTRY_BAR_START_TO_EXIT_INCLUDES_UNKNOWN_PRE_TOUCH_PART_OF_ENTRY_BAR,0.0,,1170,0,0,0,INSUFFICIENT_SAMPLE,1170,0,0,0,,0,0.0,0.0,,WITHHELD_BELOW_50_COMPARABLE_CLOSED_TRADES,0,0,,0,,WITHHELD_BELOW_90_DAILY_RETURNS_OR_30_CLOSED_TRADES,0,,0,0.0,693,,0,0.0,,,,,OBSERVED_HITS_PER_ENTRY_CENSORED_OPEN_TRADES_NOT_ASSUMED_FAILED,False,0.0,NULL_WHEN_NO_TRADES_OR_NO_LOSSES,0,,0,False,True,True
binance_240_5,REFERENCE_SEGMENT_00,EXTERNAL,binance,240,5,2020-09-05T00:00:00+00:00,2020-11-30T06:00:00+00:00,D_25_35_40_BE_TP1,"[0.25, 0.35, 0.4]",TP1,,,,,,0,,0,86,,0,0,INSUFFICIENT_SAMPLE,,0.0,UNION_ENTRY_BAR_START_TO_EXIT_INCLUDES_UNKNOWN_PRE_TOUCH_PART_OF_ENTRY_BAR,0.0,,1170,0,0,0,INSUFFICIENT_SAMPLE,1170,0,0,0,,0,0.0,0.0,,WITHHELD_BELOW_50_COMPARABLE_CLOSED_TRADES,0,0,,0,,WITHHELD_BELOW_90_DAILY_RETURNS_OR_30_CLOSED_TRADES,0,,0,0.0,693,,0,0.0,,,,,OBSERVED_HITS_PER_ENTRY_CENSORED_OPEN_TRADES_NOT_ASSUMED_FAILED,False,0.0,NULL_WHEN_NO_TRADES_OR_NO_LOSSES,0,,0,False,True,True
binance_240_5,REFERENCE_SEGMENT_00,EXTERNAL,binance,240,5,2020-09-05T00:00:00+00:00,2020-11-30T06:00:00+00:00,A_BE_LATER_CLOSE,"[0.4, 0.3, 0.3]",LATER_CLOSE,,,,,,0,,0,86,,0,0,INSUFFICIENT_SAMPLE,,0.0,UNION_ENTRY_BAR_START_TO_EXIT_INCLUDES_UNKNOWN_PRE_TOUCH_PART_OF_ENTRY_BAR,0.0,,1170,0,0,0,INSUFFICIENT_SAMPLE,1170,0,0,0,,0,0.0,0.0,,WITHHELD_BELOW_50_COMPARABLE_CLOSED_TRADES,0,0,,0,,WITHHELD_BELOW_90_DAILY_RETURNS_OR_30_CLOSED_TRADES,0,,0,0.0,693,,0,0.0,,,,,OBSERVED_HITS_PER_ENTRY_CENSORED_OPEN_TRADES_NOT_ASSUMED_FAILED,False,0.0,NULL_WHEN_NO_TRADES_OR_NO_LOSSES,0,,0,False,True,True
binance_240_5,REFERENCE_SEGMENT_00,EXTERNAL,binance,240,5,2020-09-05T00:00:00+00:00,2020-11-30T06:00:00+00:00,A_ORIGINAL_SL_UNTIL_TP2,"[0.4, 0.3, 0.3]",TP2,,,,,,0,,0,86,,0,0,INSUFFICIENT_SAMPLE,,0.0,UNION_ENTRY_BAR_START_TO_EXIT_INCLUDES_UNKNOWN_PRE_TOUCH_PART_OF_ENTRY_BAR,0.0,,1170,0,0,0,INSUFFICIENT_SAMPLE,1170,0,0,0,,0,0.0,0.0,,WITHHELD_BELOW_50_COMPARABLE_CLOSED_TRADES,0,0,,0,,WITHHELD_BELOW_90_DAILY_RETURNS_OR_30_CLOSED_TRADES,0,,0,0.0,693,,0,0.0,,,,,OBSERVED_HITS_PER_ENTRY_CENSORED_OPEN_TRADES_NOT_ASSUMED_FAILED,False,0.0,NULL_WHEN_NO_TRADES_OR_NO_LOSSES,0,,0,False,True,True
binance_240_5,REFERENCE_SEGMENT_00,EXTERNAL,binance,240,5,2020-09-05T00:00:00+00:00,2020-11-30T06:00:00+00:00,A_STRUCTURAL_AFTER_TP1,"[0.4, 0.3, 0.3]",STRUCTURAL,,,,,,0,,0,86,,0,0,INSUFFICIENT_SAMPLE,,0.0,UNION_ENTRY_BAR_START_TO_EXIT_INCLUDES_UNKNOWN_PRE_TOUCH_PART_OF_ENTRY_BAR,0.0,,1170,0,0,0,INSUFFICIENT_SAMPLE,1170,0,0,0,,0,0.0,0.0,,WITHHELD_BELOW_50_COMPARABLE_CLOSED_TRADES,0,0,,0,,WITHHELD_BELOW_90_DAILY_RETURNS_OR_30_CLOSED_TRADES,0,,0,0.0,693,,0,0.0,,,,,OBSERVED_HITS_PER_ENTRY_CENSORED_OPEN_TRADES_NOT_ASSUMED_FAILED,False,0.0,NULL_WHEN_NO_TRADES_OR_NO_LOSSES,0,,0,False,True,True
binance_240_5,REFERENCE_SEGMENT_01,EXTERNAL,binance,240,5,2020-12-02T07:00:00+00:00,2020-12-21T13:45:00+00:00,A_40_30_30_BE_TP1,"[0.4, 0.3, 0.3]",TP1,,,,,,0,,0,18,,0,0,INSUFFICIENT_SAMPLE,,0.0,UNION_ENTRY_BAR_START_TO_EXIT_INCLUDES_UNKNOWN_PRE_TOUCH_PART_OF_ENTRY_BAR,0.0,,1170,0,0,0,INSUFFICIENT_SAMPLE,1170,0,0,0,,0,0.0,0.0,,WITHHELD_BELOW_50_COMPARABLE_CLOSED_TRADES,0,0,,0,,WITHHELD_BELOW_90_DAILY_RETURNS_OR_30_CLOSED_TRADES,0,,0,0.0,91,,0,0.0,,,,,OBSERVED_HITS_PER_ENTRY_CENSORED_OPEN_TRADES_NOT_ASSUMED_FAILED,False,0.0,NULL_WHEN_NO_TRADES_OR_NO_LOSSES,0,,0,True,True,True
binance_240_5,REFERENCE_SEGMENT_01,EXTERNAL,binance,240,5,2020-12-02T07:00:00+00:00,2020-12-21T13:45:00+00:00,B_30_30_40_BE_TP1,"[0.3, 0.3, 0.4]",TP1,,,,,,0,,0,18,,0,0,INSUFFICIENT_SAMPLE,,0.0,UNION_ENTRY_BAR_START_TO_EXIT_INCLUDES_UNKNOWN_PRE_TOUCH_PART_OF_ENTRY_BAR,0.0,,1170,0,0,0,INSUFFICIENT_SAMPLE,1170,0,0,0,,0,0.0,0.0,,WITHHELD_BELOW_50_COMPARABLE_CLOSED_TRADES,0,0,,0,,WITHHELD_BELOW_90_DAILY_RETURNS_OR_30_CLOSED_TRADES,0,,0,0.0,91,,0,0.0,,,,,OBSERVED_HITS_PER_ENTRY_CENSORED_OPEN_TRADES_NOT_ASSUMED_FAILED,False,0.0,NULL_WHEN_NO_TRADES_OR_NO_LOSSES,0,,0,False,True,True
binance_240_5,REFERENCE_SEGMENT_01,EXTERNAL,binance,240,5,2020-12-02T07:00:00+00:00,2020-12-21T13:45:00+00:00,C_25_25_50_BE_TP1,"[0.25, 0.25, 0.5]",TP1,,,,,,0,,0,18,,0,0,INSUFFICIENT_SAMPLE,,0.0,UNION_ENTRY_BAR_START_TO_EXIT_INCLUDES_UNKNOWN_PRE_TOUCH_PART_OF_ENTRY_BAR,0.0,,1170,0,0,0,INSUFFICIENT_SAMPLE,1170,0,0,0,,0,0.0,0.0,,WITHHELD_BELOW_50_COMPARABLE_CLOSED_TRADES,0,0,,0,,WITHHELD_BELOW_90_DAILY_RETURNS_OR_30_CLOSED_TRADES,0,,0,0.0,91,,0,0.0,,,,,OBSERVED_HITS_PER_ENTRY_CENSORED_OPEN_TRADES_NOT_ASSUMED_FAILED,False,0.0,NULL_WHEN_NO_TRADES_OR_NO_LOSSES,0,,0,False,True,True
binance_240_5,REFERENCE_SEGMENT_01,EXTERNAL,binance,240,5,2020-12-02T07:00:00+00:00,2020-12-21T13:45:00+00:00,D_25_35_40_BE_TP1,"[0.25, 0.35, 0.4]",TP1,,,,,,0,,0,18,,0,0,INSUFFICIENT_SAMPLE,,0.0,UNION_ENTRY_BAR_START_TO_EXIT_INCLUDES_UNKNOWN_PRE_TOUCH_PART_OF_ENTRY_BAR,0.0,,1170,0,0,0,INSUFFICIENT_SAMPLE,1170,0,0,0,,0,0.0,0.0,,WITHHELD_BELOW_50_COMPARABLE_CLOSED_TRADES,0,0,,0,,WITHHELD_BELOW_90_DAILY_RETURNS_OR_30_CLOSED_TRADES,0,,0,0.0,91,,0,0.0,,,,,OBSERVED_HITS_PER_ENTRY_CENSORED_OPEN_TRADES_NOT_ASSUMED_FAILED,False,0.0,NULL_WHEN_NO_TRADES_OR_NO_LOSSES,0,,0,False,True,True
binance_240_5,REFERENCE_SEGMENT_01,EXTERNAL,binance,240,5,2020-12-02T07:00:00+00:00,2020-12-21T13:45:00+00:00,A_BE_LATER_CLOSE,"[0.4, 0.3, 0.3]",LATER_CLOSE,,,,,,0,,0,18,,0,0,INSUFFICIENT_SAMPLE,,0.0,UNION_ENTRY_BAR_START_TO_EXIT_INCLUDES_UNKNOWN_PRE_TOUCH_PART_OF_ENTRY_BAR,0.0,,1170,0,0,0,INSUFFICIENT_SAMPLE,1170,0,0,0,,0,0.0,0.0,,WITHHELD_BELOW_50_COMPARABLE_CLOSED_TRADES,0,0,,0,,WITHHELD_BELOW_90_DAILY_RETURNS_OR_30_CLOSED_TRADES,0,,0,0.0,91,,0,0.0,,,,,OBSERVED_HITS_PER_ENTRY_CENSORED_OPEN_TRADES_NOT_ASSUMED_FAILED,False,0.0,NULL_WHEN_NO_TRADES_OR_NO_LOSSES,0,,0,False,True,True
binance_240_5,REFERENCE_SEGMENT_01,EXTERNAL,binance,240,5,2020-12-02T07:00:00+00:00,2020-12-21T13:45:00+00:00,A_ORIGINAL_SL_UNTIL_TP2,"[0.4, 0.3, 0.3]",TP2,,,,,,0,,0,18,,0,0,INSUFFICIENT_SAMPLE,,0.0,UNION_ENTRY_BAR_START_TO_EXIT_INCLUDES_UNKNOWN_PRE_TOUCH_PART_OF_ENTRY_BAR,0.0,,1170,0,0,0,INSUFFICIENT_SAMPLE,1170,0,0,0,,0,0.0,0.0,,WITHHELD_BELOW_50_COMPARABLE_CLOSED_TRADES,0,0,,0,,WITHHELD_BELOW_90_DAILY_RETURNS_OR_30_CLOSED_TRADES,0,,0,0.0,91,,0,0.0,,,,,OBSERVED_HITS_PER_ENTRY_CENSORED_OPEN_TRADES_NOT_ASSUMED_FAILED,False,0.0,NULL_WHEN_NO_TRADES_OR_NO_LOSSES,0,,0,False,True,True
binance_240_5,REFERENCE_SEGMENT_01,EXTERNAL,binance,240,5,2020-12-02T07:00:00+00:00,2020-12-21T13:45:00+00:00,A_STRUCTURAL_AFTER_TP1,"[0.4, 0.3, 0.3]",STRUCTURAL,,,,,,0,,0,18,,0,0,INSUFFICIENT_SAMPLE,,0.0,UNION_ENTRY_BAR_START_TO_EXIT_INCLUDES_UNKNOWN_PRE_TOUCH_PART_OF_ENTRY_BAR,0.0,,1170,0,0,0,INSUFFICIENT_SAMPLE,1170,0,0,0,,0,0.0,0.0,,WITHHELD_BELOW_50_COMPARABLE_CLOSED_TRADES,0,0,,0,,WITHHELD_BELOW_90_DAILY_RETURNS_OR_30_CLOSED_TRADES,0,,0,0.0,91,,0,0.0,,,,,OBSERVED_HITS_PER_ENTRY_CENSORED_OPEN_TRADES_NOT_ASSUMED_FAILED,False,0.0,NULL_WHEN_NO_TRADES_OR_NO_LOSSES,0,,0,False,True,True
binance_240_5,REFERENCE_SEGMENT_02,EXTERNAL,binance,240,5,2020-12-23T18:00:00+00:00,2020-12-25T02:00:00+00:00,A_40_30_30_BE_TP1,"[0.4, 0.3, 0.3]",TP1,,,,,,0,,0,1,,0,0,INSUFFICIENT_SAMPLE,,0.0,UNION_ENTRY_BAR_START_TO_EXIT_INCLUDES_UNKNOWN_PRE_TOUCH_PART_OF_ENTRY_BAR,0.0,,1170,0,0,0,INSUFFICIENT_SAMPLE,1170,0,0,0,,0,0.0,0.0,,WITHHELD_BELOW_50_COMPARABLE_CLOSED_TRADES,0,0,,0,,WITHHELD_BELOW_90_DAILY_RETURNS_OR_30_CLOSED_TRADES,0,,0,0.0,11,,0,0.0,,,,,OBSERVED_HITS_PER_ENTRY_CENSORED_OPEN_TRADES_NOT_ASSUMED_FAILED,False,0.0,NULL_WHEN_NO_TRADES_OR_NO_LOSSES,0,,0,True,True,True
binance_240_5,REFERENCE_SEGMENT_02,EXTERNAL,binance,240,5,2020-12-23T18:00:00+00:00,2020-12-25T02:00:00+00:00,B_30_30_40_BE_TP1,"[0.3, 0.3, 0.4]",TP1,,,,,,0,,0,1,,0,0,INSUFFICIENT_SAMPLE,,0.0,UNION_ENTRY_BAR_START_TO_EXIT_INCLUDES_UNKNOWN_PRE_TOUCH_PART_OF_ENTRY_BAR,0.0,,1170,0,0,0,INSUFFICIENT_SAMPLE,1170,0,0,0,,0,0.0,0.0,,WITHHELD_BELOW_50_COMPARABLE_CLOSED_TRADES,0,0,,0,,WITHHELD_BELOW_90_DAILY_RETURNS_OR_30_CLOSED_TRADES,0,,0,0.0,11,,0,0.0,,,,,OBSERVED_HITS_PER_ENTRY_CENSORED_OPEN_TRADES_NOT_ASSUMED_FAILED,False,0.0,NULL_WHEN_NO_TRADES_OR_NO_LOSSES,0,,0,False,True,True
binance_240_5,REFERENCE_SEGMENT_02,EXTERNAL,binance,240,5,2020-12-23T18:00:00+00:00,2020-12-25T02:00:00+00:00,C_25_25_50_BE_TP1,"[0.25, 0.25, 0.5]",TP1,,,,,,0,,0,1,,0,0,INSUFFICIENT_SAMPLE,,0.0,UNION_ENTRY_BAR_START_TO_EXIT_INCLUDES_UNKNOWN_PRE_TOUCH_PART_OF_ENTRY_BAR,0.0,,1170,0,0,0,INSUFFICIENT_SAMPLE,1170,0,0,0,,0,0.0,0.0,,WITHHELD_BELOW_50_COMPARABLE_CLOSED_TRADES,0,0,,0,,WITHHELD_BELOW_90_DAILY_RETURNS_OR_30_CLOSED_TRADES,0,,0,0.0,11,,0,0.0,,,,,OBSERVED_HITS_PER_ENTRY_CENSORED_OPEN_TRADES_NOT_ASSUMED_FAILED,False,0.0,NULL_WHEN_NO_TRADES_OR_NO_LOSSES,0,,0,False,True,True
binance_240_5,REFERENCE_SEGMENT_02,EXTERNAL,binance,240,5,2020-12-23T18:00:00+00:00,2020-12-25T02:00:00+00:00,D_25_35_40_BE_TP1,"[0.25, 0.35, 0.4]",TP1,,,,,,0,,0,1,,0,0,INSUFFICIENT_SAMPLE,,0.0,UNION_ENTRY_BAR_START_TO_EXIT_INCLUDES_UNKNOWN_PRE_TOUCH_PART_OF_ENTRY_BAR,0.0,,1170,0,0,0,INSUFFICIENT_SAMPLE,1170,0,0,0,,0,0.0,0.0,,WITHHELD_BELOW_50_COMPARABLE_CLOSED_TRADES,0,0,,0,,WITHHELD_BELOW_90_DAILY_RETURNS_OR_30_CLOSED_TRADES,0,,0,0.0,11,,0,0.0,,,,,OBSERVED_HITS_PER_ENTRY_CENSORED_OPEN_TRADES_NOT_ASSUMED_FAILED,False,0.0,NULL_WHEN_NO_TRADES_OR_NO_LOSSES,0,,0,False,True,True
binance_240_5,REFERENCE_SEGMENT_02,EXTERNAL,binance,240,5,2020-12-23T18:00:00+00:00,2020-12-25T02:00:00+00:00,A_BE_LATER_CLOSE,"[0.4, 0.3, 0.3]",LATER_CLOSE,,,,,,0,,0,1,,0,0,INSUFFICIENT_SAMPLE,,0.0,UNION_ENTRY_BAR_START_TO_EXIT_INCLUDES_UNKNOWN_PRE_TOUCH_PART_OF_ENTRY_BAR,0.0,,1170,0,0,0,INSUFFICIENT_SAMPLE,1170,0,0,0,,0,0.0,0.0,,WITHHELD_BELOW_50_COMPARABLE_CLOSED_TRADES,0,0,,0,,WITHHELD_BELOW_90_DAILY_RETURNS_OR_30_CLOSED_TRADES,0,,0,0.0,11,,0,0.0,,,,,OBSERVED_HITS_PER_ENTRY_CENSORED_OPEN_TRADES_NOT_ASSUMED_FAILED,False,0.0,NULL_WHEN_NO_TRADES_OR_NO_LOSSES,0,,0,False,True,True
binance_240_5,REFERENCE_SEGMENT_02,EXTERNAL,binance,240,5,2020-12-23T18:00:00+00:00,2020-12-25T02:00:00+00:00,A_ORIGINAL_SL_UNTIL_TP2,"[0.4, 0.3, 0.3]",TP2,,,,,,0,,0,1,,0,0,INSUFFICIENT_SAMPLE,,0.0,UNION_ENTRY_BAR_START_TO_EXIT_INCLUDES_UNKNOWN_PRE_TOUCH_PART_OF_ENTRY_BAR,0.0,,1170,0,0,0,INSUFFICIENT_SAMPLE,1170,0,0,0,,0,0.0,0.0,,WITHHELD_BELOW_50_COMPARABLE_CLOSED_TRADES,0,0,,0,,WITHHELD_BELOW_90_DAILY_RETURNS_OR_30_CLOSED_TRADES,0,,0,0.0,11,,0,0.0,,,,,OBSERVED_HITS_PER_ENTRY_CENSORED_OPEN_TRADES_NOT_ASSUMED_FAILED,False,0.0,NULL_WHEN_NO_TRADES_OR_NO_LOSSES,0,,0,False,True,True
binance_240_5,REFERENCE_SEGMENT_02,EXTERNAL,binance,240,5,2020-12-23T18:00:00+00:00,2020-12-25T02:00:00+00:00,A_STRUCTURAL_AFTER_TP1,"[0.4, 0.3, 0.3]",STRUCTURAL,,,,,,0,,0,1,,0,0,INSUFFICIENT_SAMPLE,,0.0,UNION_ENTRY_BAR_START_TO_EXIT_INCLUDES_UNKNOWN_PRE_TOUCH_PART_OF_ENTRY_BAR,0.0,,1170,0,0,0,INSUFFICIENT_SAMPLE,1170,0,0,0,,0,0.0,0.0,,WITHHELD_BELOW_50_COMPARABLE_CLOSED_TRADES,0,0,,0,,WITHHELD_BELOW_90_DAILY_RETURNS_OR_30_CLOSED_TRADES,0,,0,0.0,11,,0,0.0,,,,,OBSERVED_HITS_PER_ENTRY_CENSORED_OPEN_TRADES_NOT_ASSUMED_FAILED,False,0.0,NULL_WHEN_NO_TRADES_OR_NO_LOSSES,0,,0,False,True,True
binance_240_5,REFERENCE_SEGMENT_03,EXTERNAL,binance,240,5,2020-12-27T03:00:00+00:00,2021-02-11T03:40:00+00:00,A_40_30_30_BE_TP1,"[0.4, 0.3, 0.3]",TP1,,,,,,0,,0,45,,0,0,INSUFFICIENT_SAMPLE,,0.0,UNION_ENTRY_BAR_START_TO_EXIT_INCLUDES_UNKNOWN_PRE_TOUCH_PART_OF_ENTRY_BAR,0.0,,1170,0,0,0,INSUFFICIENT_SAMPLE,1170,0,0,0,,0,0.0,0.0,,WITHHELD_BELOW_50_COMPARABLE_CLOSED_TRADES,0,0,,0,,WITHHELD_BELOW_90_DAILY_RETURNS_OR_30_CLOSED_TRADES,0,,0,0.0,258,,0,0.0,,,,,OBSERVED_HITS_PER_ENTRY_CENSORED_OPEN_TRADES_NOT_ASSUMED_FAILED,False,0.0,NULL_WHEN_NO_TRADES_OR_NO_LOSSES,0,,0,True,True,True
binance_240_5,REFERENCE_SEGMENT_03,EXTERNAL,binance,240,5,2020-12-27T03:00:00+00:00,2021-02-11T03:40:00+00:00,B_30_30_40_BE_TP1,"[0.3, 0.3, 0.4]",TP1,,,,,,0,,0,45,,0,0,INSUFFICIENT_SAMPLE,,0.0,UNION_ENTRY_BAR_START_TO_EXIT_INCLUDES_UNKNOWN_PRE_TOUCH_PART_OF_ENTRY_BAR,0.0,,1170,0,0,0,INSUFFICIENT_SAMPLE,1170,0,0,0,,0,0.0,0.0,,WITHHELD_BELOW_50_COMPARABLE_CLOSED_TRADES,0,0,,0,,WITHHELD_BELOW_90_DAILY_RETURNS_OR_30_CLOSED_TRADES,0,,0,0.0,258,,0,0.0,,,,,OBSERVED_HITS_PER_ENTRY_CENSORED_OPEN_TRADES_NOT_ASSUMED_FAILED,False,0.0,NULL_WHEN_NO_TRADES_OR_NO_LOSSES,0,,0,False,True,True
binance_240_5,REFERENCE_SEGMENT_03,EXTERNAL,binance,240,5,2020-12-27T03:00:00+00:00,2021-02-11T03:40:00+00:00,C_25_25_50_BE_TP1,"[0.25, 0.25, 0.5]",TP1,,,,,,0,,0,45,,0,0,INSUFFICIENT_SAMPLE,,0.0,UNION_ENTRY_BAR_START_TO_EXIT_INCLUDES_UNKNOWN_PRE_TOUCH_PART_OF_ENTRY_BAR,0.0,,1170,0,0,0,INSUFFICIENT_SAMPLE,1170,0,0,0,,0,0.0,0.0,,WITHHELD_BELOW_50_COMPARABLE_CLOSED_TRADES,0,0,,0,,WITHHELD_BELOW_90_DAILY_RETURNS_OR_30_CLOSED_TRADES,0,,0,0.0,258,,0,0.0,,,,,OBSERVED_HITS_PER_ENTRY_CENSORED_OPEN_TRADES_NOT_ASSUMED_FAILED,False,0.0,NULL_WHEN_NO_TRADES_OR_NO_LOSSES,0,,0,False,True,True
binance_240_5,REFERENCE_SEGMENT_03,EXTERNAL,binance,240,5,2020-12-27T03:00:00+00:00,2021-02-11T03:40:00+00:00,D_25_35_40_BE_TP1,"[0.25, 0.35, 0.4]",TP1,,,,,,0,,0,45,,0,0,INSUFFICIENT_SAMPLE,,0.0,UNION_ENTRY_BAR_START_TO_EXIT_INCLUDES_UNKNOWN_PRE_TOUCH_PART_OF_ENTRY_BAR,0.0,,1170,0,0,0,INSUFFICIENT_SAMPLE,1170,0,0,0,,0,0.0,0.0,,WITHHELD_BELOW_50_COMPARABLE_CLOSED_TRADES,0,0,,0,,WITHHELD_BELOW_90_DAILY_RETURNS_OR_30_CLOSED_TRADES,0,,0,0.0,258,,0,0.0,,,,,OBSERVED_HITS_PER_ENTRY_CENSORED_OPEN_TRADES_NOT_ASSUMED_FAILED,False,0.0,NULL_WHEN_NO_TRADES_OR_NO_LOSSES,0,,0,False,True,True
binance_240_5,REFERENCE_SEGMENT_03,EXTERNAL,binance,240,5,2020-12-27T03:00:00+00:00,2021-02-11T03:40:00+00:00,A_BE_LATER_CLOSE,"[0.4, 0.3, 0.3]",LATER_CLOSE,,,,,,0,,0,45,,0,0,INSUFFICIENT_SAMPLE,,0.0,UNION_ENTRY_BAR_START_TO_EXIT_INCLUDES_UNKNOWN_PRE_TOUCH_PART_OF_ENTRY_BAR,0.0,,1170,0,0,0,INSUFFICIENT_SAMPLE,1170,0,0,0,,0,0.0,0.0,,WITHHELD_BELOW_50_COMPARABLE_CLOSED_TRADES,0,0,,0,,WITHHELD_BELOW_90_DAILY_RETURNS_OR_30_CLOSED_TRADES,0,,0,0.0,258,,0,0.0,,,,,OBSERVED_HITS_PER_ENTRY_CENSORED_OPEN_TRADES_NOT_ASSUMED_FAILED,False,0.0,NULL_WHEN_NO_TRADES_OR_NO_LOSSES,0,,0,False,True,True
binance_240_5,REFERENCE_SEGMENT_03,EXTERNAL,binance,240,5,2020-12-27T03:00:00+00:00,2021-02-11T03:40:00+00:00,A_ORIGINAL_SL_UNTIL_TP2,"[0.4, 0.3, 0.3]",TP2,,,,,,0,,0,45,,0,0,INSUFFICIENT_SAMPLE,,0.0,UNION_ENTRY_BAR_START_TO_EXIT_INCLUDES_UNKNOWN_PRE_TOUCH_PART_OF_ENTRY_BAR,0.0,,1170,0,0,0,INSUFFICIENT_SAMPLE,1170,0,0,0,,0,0.0,0.0,,WITHHELD_BELOW_50_COMPARABLE_CLOSED_TRADES,0,0,,0,,WITHHELD_BELOW_90_DAILY_RETURNS_OR_30_CLOSED_TRADES,0,,0,0.0,258,,0,0.0,,,,,OBSERVED_HITS_PER_ENTRY_CENSORED_OPEN_TRADES_NOT_ASSUMED_FAILED,False,0.0,NULL_WHEN_NO_TRADES_OR_NO_LOSSES,0,,0,False,True,True
binance_240_5,REFERENCE_SEGMENT_03,EXTERNAL,binance,240,5,2020-12-27T03:00:00+00:00,2021-02-11T03:40:00+00:00,A_STRUCTURAL_AFTER_TP1,"[0.4, 0.3, 0.3]",STRUCTURAL,,,,,,0,,0,45,,0,0,INSUFFICIENT_SAMPLE,,0.0,UNION_ENTRY_BAR_START_TO_EXIT_INCLUDES_UNKNOWN_PRE_TOUCH_PART_OF_ENTRY_BAR,0.0,,1170,0,0,0,INSUFFICIENT_SAMPLE,1170,0,0,0,,0,0.0,0.0,,WITHHELD_BELOW_50_COMPARABLE_CLOSED_TRADES,0,0,,0,,WITHHELD_BELOW_90_DAILY_RETURNS_OR_30_CLOSED_TRADES,0,,0,0.0,258,,0,0.0,,,,,OBSERVED_HITS_PER_ENTRY_CENSORED_OPEN_TRADES_NOT_ASSUMED_FAILED,False,0.0,NULL_WHEN_NO_TRADES_OR_NO_LOSSES,0,,0,False,True,True
binance_240_5,REFERENCE_SEGMENT_04,EXTERNAL,binance,240,5,2021-02-13T05:00:00+00:00,2021-03-06T02:00:00+00:00,A_40_30_30_BE_TP1,"[0.4, 0.3, 0.3]",TP1,,,,,,0,,0,20,,0,0,INSUFFICIENT_SAMPLE,,0.0,UNION_ENTRY_BAR_START_TO_EXIT_INCLUDES_UNKNOWN_PRE_TOUCH_PART_OF_ENTRY_BAR,0.0,,1170,0,0,0,INSUFFICIENT_SAMPLE,1170,0,0,0,,0,0.0,0.0,,WITHHELD_BELOW_50_COMPARABLE_CLOSED_TRADES,0,0,,0,,WITHHELD_BELOW_90_DAILY_RETURNS_OR_30_CLOSED_TRADES,0,,0,0.0,118,,0,0.0,,,,,OBSERVED_HITS_PER_ENTRY_CENSORED_OPEN_TRADES_NOT_ASSUMED_FAILED,False,0.0,NULL_WHEN_NO_TRADES_OR_NO_LOSSES,0,,0,True,True,True
binance_240_5,REFERENCE_SEGMENT_04,EXTERNAL,binance,240,5,2021-02-13T05:00:00+00:00,2021-03-06T02:00:00+00:00,B_30_30_40_BE_TP1,"[0.3, 0.3, 0.4]",TP1,,,,,,0,,0,20,,0,0,INSUFFICIENT_SAMPLE,,0.0,UNION_ENTRY_BAR_START_TO_EXIT_INCLUDES_UNKNOWN_PRE_TOUCH_PART_OF_ENTRY_BAR,0.0,,1170,0,0,0,INSUFFICIENT_SAMPLE,1170,0,0,0,,0,0.0,0.0,,WITHHELD_BELOW_50_COMPARABLE_CLOSED_TRADES,0,0,,0,,WITHHELD_BELOW_90_DAILY_RETURNS_OR_30_CLOSED_TRADES,0,,0,0.0,118,,0,0.0,,,,,OBSERVED_HITS_PER_ENTRY_CENSORED_OPEN_TRADES_NOT_ASSUMED_FAILED,False,0.0,NULL_WHEN_NO_TRADES_OR_NO_LOSSES,0,,0,False,True,True
binance_240_5,REFERENCE_SEGMENT_04,EXTERNAL,binance,240,5,2021-02-13T05:00:00+00:00,2021-03-06T02:00:00+00:00,C_25_25_50_BE_TP1,"[0.25, 0.25, 0.5]",TP1,,,,,,0,,0,20,,0,0,INSUFFICIENT_SAMPLE,,0.0,UNION_ENTRY_BAR_START_TO_EXIT_INCLUDES_UNKNOWN_PRE_TOUCH_PART_OF_ENTRY_BAR,0.0,,1170,0,0,0,INSUFFICIENT_SAMPLE,1170,0,0,0,,0,0.0,0.0,,WITHHELD_BELOW_50_COMPARABLE_CLOSED_TRADES,0,0,,0,,WITHHELD_BELOW_90_DAILY_RETURNS_OR_30_CLOSED_TRADES,0,,0,0.0,118,,0,0.0,,,,,OBSERVED_HITS_PER_ENTRY_CENSORED_OPEN_TRADES_NOT_ASSUMED_FAILED,False,0.0,NULL_WHEN_NO_TRADES_OR_NO_LOSSES,0,,0,False,True,True
binance_240_5,REFERENCE_SEGMENT_04,EXTERNAL,binance,240,5,2021-02-13T05:00:00+00:00,2021-03-06T02:00:00+00:00,D_25_35_40_BE_TP1,"[0.25, 0.35, 0.4]",TP1,,,,,,0,,0,20,,0,0,INSUFFICIENT_SAMPLE,,0.0,UNION_ENTRY_BAR_START_TO_EXIT_INCLUDES_UNKNOWN_PRE_TOUCH_PART_OF_ENTRY_BAR,0.0,,1170,0,0,0,INSUFFICIENT_SAMPLE,1170,0,0,0,,0,0.0,0.0,,WITHHELD_BELOW_50_COMPARABLE_CLOSED_TRADES,0,0,,0,,WITHHELD_BELOW_90_DAILY_RETURNS_OR_30_CLOSED_TRADES,0,,0,0.0,118,,0,0.0,,,,,OBSERVED_HITS_PER_ENTRY_CENSORED_OPEN_TRADES_NOT_ASSUMED_FAILED,False,0.0,NULL_WHEN_NO_TRADES_OR_NO_LOSSES,0,,0,False,True,True
binance_240_5,REFERENCE_SEGMENT_04,EXTERNAL,binance,240,5,2021-02-13T05:00:00+00:00,2021-03-06T02:00:00+00:00,A_BE_LATER_CLOSE,"[0.4, 0.3, 0.3]",LATER_CLOSE,,,,,,0,,0,20,,0,0,INSUFFICIENT_SAMPLE,,0.0,UNION_ENTRY_BAR_START_TO_EXIT_INCLUDES_UNKNOWN_PRE_TOUCH_PART_OF_ENTRY_BAR,0.0,,1170,0,0,0,INSUFFICIENT_SAMPLE,1170,0,0,0,,0,0.0,0.0,,WITHHELD_BELOW_50_COMPARABLE_CLOSED_TRADES,0,0,,0,,WITHHELD_BELOW_90_DAILY_RETURNS_OR_30_CLOSED_TRADES,0,,0,0.0,118,,0,0.0,,,,,OBSERVED_HITS_PER_ENTRY_CENSORED_OPEN_TRADES_NOT_ASSUMED_FAILED,False,0.0,NULL_WHEN_NO_TRADES_OR_NO_LOSSES,0,,0,False,True,True
binance_240_5,REFERENCE_SEGMENT_04,EXTERNAL,binance,240,5,2021-02-13T05:00:00+00:00,2021-03-06T02:00:00+00:00,A_ORIGINAL_SL_UNTIL_TP2,"[0.4, 0.3, 0.3]",TP2,,,,,,0,,0,20,,0,0,INSUFFICIENT_SAMPLE,,0.0,UNION_ENTRY_BAR_START_TO_EXIT_INCLUDES_UNKNOWN_PRE_TOUCH_PART_OF_ENTRY_BAR,0.0,,1170,0,0,0,INSUFFICIENT_SAMPLE,1170,0,0,0,,0,0.0,0.0,,WITHHELD_BELOW_50_COMPARABLE_CLOSED_TRADES,0,0,,0,,WITHHELD_BELOW_90_DAILY_RETURNS_OR_30_CLOSED_TRADES,0,,0,0.0,118,,0,0.0,,,,,OBSERVED_HITS_PER_ENTRY_CENSORED_OPEN_TRADES_NOT_ASSUMED_FAILED,False,0.0,NULL_WHEN_NO_TRADES_OR_NO_LOSSES,0,,0,False,True,True
binance_240_5,REFERENCE_SEGMENT_04,EXTERNAL,binance,240,5,2021-02-13T05:00:00+00:00,2021-03-06T02:00:00+00:00,A_STRUCTURAL_AFTER_TP1,"[0.4, 0.3, 0.3]",STRUCTURAL,,,,,,0,,0,20,,0,0,INSUFFICIENT_SAMPLE,,0.0,UNION_ENTRY_BAR_START_TO_EXIT_INCLUDES_UNKNOWN_PRE_TOUCH_PART_OF_ENTRY_BAR,0.0,,1170,0,0,0,INSUFFICIENT_SAMPLE,1170,0,0,0,,0,0.0,0.0,,WITHHELD_BELOW_50_COMPARABLE_CLOSED_TRADES,0,0,,0,,WITHHELD_BELOW_90_DAILY_RETURNS_OR_30_CLOSED_TRADES,0,,0,0.0,118,,0,0.0,,,,,OBSERVED_HITS_PER_ENTRY_CENSORED_OPEN_TRADES_NOT_ASSUMED_FAILED,False,0.0,NULL_WHEN_NO_TRADES_OR_NO_LOSSES,0,,0,False,True,True
binance_240_5,REFERENCE_SEGMENT_05,EXTERNAL,binance,240,5,2021-03-08T03:30:00+00:00,2021-04-20T02:00:00+00:00,A_40_30_30_BE_TP1,"[0.4, 0.3, 0.3]",TP1,,,,,,0,,0,42,,0,0,INSUFFICIENT_SAMPLE,,0.0,UNION_ENTRY_BAR_START_TO_EXIT_INCLUDES_UNKNOWN_PRE_TOUCH_PART_OF_ENTRY_BAR,0.0,,1170,0,0,0,INSUFFICIENT_SAMPLE,1170,0,0,0,,0,0.0,0.0,,WITHHELD_BELOW_50_COMPARABLE_CLOSED_TRADES,0,0,,0,,WITHHELD_BELOW_90_DAILY_RETURNS_OR_30_CLOSED_TRADES,0,,0,0.0,267,,0,0.0,,,,,OBSERVED_HITS_PER_ENTRY_CENSORED_OPEN_TRADES_NOT_ASSUMED_FAILED,False,0.0,NULL_WHEN_NO_TRADES_OR_NO_LOSSES,0,,0,True,True,True
binance_240_5,REFERENCE_SEGMENT_05,EXTERNAL,binance,240,5,2021-03-08T03:30:00+00:00,2021-04-20T02:00:00+00:00,B_30_30_40_BE_TP1,"[0.3, 0.3, 0.4]",TP1,,,,,,0,,0,42,,0,0,INSUFFICIENT_SAMPLE,,0.0,UNION_ENTRY_BAR_START_TO_EXIT_INCLUDES_UNKNOWN_PRE_TOUCH_PART_OF_ENTRY_BAR,0.0,,1170,0,0,0,INSUFFICIENT_SAMPLE,1170,0,0,0,,0,0.0,0.0,,WITHHELD_BELOW_50_COMPARABLE_CLOSED_TRADES,0,0,,0,,WITHHELD_BELOW_90_DAILY_RETURNS_OR_30_CLOSED_TRADES,0,,0,0.0,267,,0,0.0,,,,,OBSERVED_HITS_PER_ENTRY_CENSORED_OPEN_TRADES_NOT_ASSUMED_FAILED,False,0.0,NULL_WHEN_NO_TRADES_OR_NO_LOSSES,0,,0,False,True,True
binance_240_5,REFERENCE_SEGMENT_05,EXTERNAL,binance,240,5,2021-03-08T03:30:00+00:00,2021-04-20T02:00:00+00:00,C_25_25_50_BE_TP1,"[0.25, 0.25, 0.5]",TP1,,,,,,0,,0,42,,0,0,INSUFFICIENT_SAMPLE,,0.0,UNION_ENTRY_BAR_START_TO_EXIT_INCLUDES_UNKNOWN_PRE_TOUCH_PART_OF_ENTRY_BAR,0.0,,1170,0,0,0,INSUFFICIENT_SAMPLE,1170,0,0,0,,0,0.0,0.0,,WITHHELD_BELOW_50_COMPARABLE_CLOSED_TRADES,0,0,,0,,WITHHELD_BELOW_90_DAILY_RETURNS_OR_30_CLOSED_TRADES,0,,0,0.0,267,,0,0.0,,,,,OBSERVED_HITS_PER_ENTRY_CENSORED_OPEN_TRADES_NOT_ASSUMED_FAILED,False,0.0,NULL_WHEN_NO_TRADES_OR_NO_LOSSES,0,,0,False,True,True
binance_240_5,REFERENCE_SEGMENT_05,EXTERNAL,binance,240,5,2021-03-08T03:30:00+00:00,2021-04-20T02:00:00+00:00,D_25_35_40_BE_TP1,"[0.25, 0.35, 0.4]",TP1,,,,,,0,,0,42,,0,0,INSUFFICIENT_SAMPLE,,0.0,UNION_ENTRY_BAR_START_TO_EXIT_INCLUDES_UNKNOWN_PRE_TOUCH_PART_OF_ENTRY_BAR,0.0,,1170,0,0,0,INSUFFICIENT_SAMPLE,1170,0,0,0,,0,0.0,0.0,,WITHHELD_BELOW_50_COMPARABLE_CLOSED_TRADES,0,0,,0,,WITHHELD_BELOW_90_DAILY_RETURNS_OR_30_CLOSED_TRADES,0,,0,0.0,267,,0,0.0,,,,,OBSERVED_HITS_PER_ENTRY_CENSORED_OPEN_TRADES_NOT_ASSUMED_FAILED,False,0.0,NULL_WHEN_NO_TRADES_OR_NO_LOSSES,0,,0,False,True,True
binance_240_5,REFERENCE_SEGMENT_05,EXTERNAL,binance,240,5,2021-03-08T03:30:00+00:00,2021-04-20T02:00:00+00:00,A_BE_LATER_CLOSE,"[0.4, 0.3, 0.3]",LATER_CLOSE,,,,,,0,,0,42,,0,0,INSUFFICIENT_SAMPLE,,0.0,UNION_ENTRY_BAR_START_TO_EXIT_INCLUDES_UNKNOWN_PRE_TOUCH_PART_OF_ENTRY_BAR,0.0,,1170,0,0,0,INSUFFICIENT_SAMPLE,1170,0,0,0,,0,0.0,0.0,,WITHHELD_BELOW_50_COMPARABLE_CLOSED_TRADES,0,0,,0,,WITHHELD_BELOW_90_DAILY_RETURNS_OR_30_CLOSED_TRADES,0,,0,0.0,267,,0,0.0,,,,,OBSERVED_HITS_PER_ENTRY_CENSORED_OPEN_TRADES_NOT_ASSUMED_FAILED,False,0.0,NULL_WHEN_NO_TRADES_OR_NO_LOSSES,0,,0,False,True,True
binance_240_5,REFERENCE_SEGMENT_05,EXTERNAL,binance,240,5,2021-03-08T03:30:00+00:00,2021-04-20T02:00:00+00:00,A_ORIGINAL_SL_UNTIL_TP2,"[0.4, 0.3, 0.3]",TP2,,,,,,0,,0,42,,0,0,INSUFFICIENT_SAMPLE,,0.0,UNION_ENTRY_BAR_START_TO_EXIT_INCLUDES_UNKNOWN_PRE_TOUCH_PART_OF_ENTRY_BAR,0.0,,1170,0,0,0,INSUFFICIENT_SAMPLE,1170,0,0,0,,0,0.0,0.0,,WITHHELD_BELOW_50_COMPARABLE_CLOSED_TRADES,0,0,,0,,WITHHELD_BELOW_90_DAILY_RETURNS_OR_30_CLOSED_TRADES,0,,0,0.0,267,,0,0.0,,,,,OBSERVED_HITS_PER_ENTRY_CENSORED_OPEN_TRADES_NOT_ASSUMED_FAILED,False,0.0,NULL_WHEN_NO_TRADES_OR_NO_LOSSES,0,,0,False,True,True
binance_240_5,REFERENCE_SEGMENT_05,EXTERNAL,binance,240,5,2021-03-08T03:30:00+00:00,2021-04-20T02:00:00+00:00,A_STRUCTURAL_AFTER_TP1,"[0.4, 0.3, 0.3]",STRUCTURAL,,,,,,0,,0,42,,0,0,INSUFFICIENT_SAMPLE,,0.0,UNION_ENTRY_BAR_START_TO_EXIT_INCLUDES_UNKNOWN_PRE_TOUCH_PART_OF_ENTRY_BAR,0.0,,1170,0,0,0,INSUFFICIENT_SAMPLE,1170,0,0,0,,0,0.0,0.0,,WITHHELD_BELOW_50_COMPARABLE_CLOSED_TRADES,0,0,,0,,WITHHELD_BELOW_90_DAILY_RETURNS_OR_30_CLOSED_TRADES,0,,0,0.0,267,,0,0.0,,,,,OBSERVED_HITS_PER_ENTRY_CENSORED_OPEN_TRADES_NOT_ASSUMED_FAILED,False,0.0,NULL_WHEN_NO_TRADES_OR_NO_LOSSES,0,,0,False,True,True
binance_240_5,REFERENCE_SEGMENT_06,EXTERNAL,binance,240,5,2021-04-22T04:30:00+00:00,2021-04-25T04:00:00+00:00,A_40_30_30_BE_TP1,"[0.4, 0.3, 0.3]",TP1,,,,,,0,,0,2,,0,0,INSUFFICIENT_SAMPLE,,0.0,UNION_ENTRY_BAR_START_TO_EXIT_INCLUDES_UNKNOWN_PRE_TOUCH_PART_OF_ENTRY_BAR,0.0,,1170,0,0,0,INSUFFICIENT_SAMPLE,1170,0,0,0,,0,0.0,0.0,,WITHHELD_BELOW_50_COMPARABLE_CLOSED_TRADES,0,0,,0,,WITHHELD_BELOW_90_DAILY_RETURNS_OR_30_CLOSED_TRADES,0,,0,0.0,12,,0,0.0,,,,,OBSERVED_HITS_PER_ENTRY_CENSORED_OPEN_TRADES_NOT_ASSUMED_FAILED,False,0.0,NULL_WHEN_NO_TRADES_OR_NO_LOSSES,0,,0,True,True,True
binance_240_5,REFERENCE_SEGMENT_06,EXTERNAL,binance,240,5,2021-04-22T04:30:00+00:00,2021-04-25T04:00:00+00:00,B_30_30_40_BE_TP1,"[0.3, 0.3, 0.4]",TP1,,,,,,0,,0,2,,0,0,INSUFFICIENT_SAMPLE,,0.0,UNION_ENTRY_BAR_START_TO_EXIT_INCLUDES_UNKNOWN_PRE_TOUCH_PART_OF_ENTRY_BAR,0.0,,1170,0,0,0,INSUFFICIENT_SAMPLE,1170,0,0,0,,0,0.0,0.0,,WITHHELD_BELOW_50_COMPARABLE_CLOSED_TRADES,0,0,,0,,WITHHELD_BELOW_90_DAILY_RETURNS_OR_30_CLOSED_TRADES,0,,0,0.0,12,,0,0.0,,,,,OBSERVED_HITS_PER_ENTRY_CENSORED_OPEN_TRADES_NOT_ASSUMED_FAILED,False,0.0,NULL_WHEN_NO_TRADES_OR_NO_LOSSES,0,,0,False,True,True
binance_240_5,REFERENCE_SEGMENT_06,EXTERNAL,binance,240,5,2021-04-22T04:30:00+00:00,2021-04-25T04:00:00+00:00,C_25_25_50_BE_TP1,"[0.25, 0.25, 0.5]",TP1,,,,,,0,,0,2,,0,0,INSUFFICIENT_SAMPLE,,0.0,UNION_ENTRY_BAR_START_TO_EXIT_INCLUDES_UNKNOWN_PRE_TOUCH_PART_OF_ENTRY_BAR,0.0,,1170,0,0,0,INSUFFICIENT_SAMPLE,1170,0,0,0,,0,0.0,0.0,,WITHHELD_BELOW_50_COMPARABLE_CLOSED_TRADES,0,0,,0,,WITHHELD_BELOW_90_DAILY_RETURNS_OR_30_CLOSED_TRADES,0,,0,0.0,12,,0,0.0,,,,,OBSERVED_HITS_PER_ENTRY_CENSORED_OPEN_TRADES_NOT_ASSUMED_FAILED,False,0.0,NULL_WHEN_NO_TRADES_OR_NO_LOSSES,0,,0,False,True,True
binance_240_5,REFERENCE_SEGMENT_06,EXTERNAL,binance,240,5,2021-04-22T04:30:00+00:00,2021-04-25T04:00:00+00:00,D_25_35_40_BE_TP1,"[0.25, 0.35, 0.4]",TP1,,,,,,0,,0,2,,0,0,INSUFFICIENT_SAMPLE,,0.0,UNION_ENTRY_BAR_START_TO_EXIT_INCLUDES_UNKNOWN_PRE_TOUCH_PART_OF_ENTRY_BAR,0.0,,1170,0,0,0,INSUFFICIENT_SAMPLE,1170,0,0,0,,0,0.0,0.0,,WITHHELD_BELOW_50_COMPARABLE_CLOSED_TRADES,0,0,,0,,WITHHELD_BELOW_90_DAILY_RETURNS_OR_30_CLOSED_TRADES,0,,0,0.0,12,,0,0.0,,,,,OBSERVED_HITS_PER_ENTRY_CENSORED_OPEN_TRADES_NOT_ASSUMED_FAILED,False,0.0,NULL_WHEN_NO_TRADES_OR_NO_LOSSES,0,,0,False,True,True
binance_240_5,REFERENCE_SEGMENT_06,EXTERNAL,binance,240,5,2021-04-22T04:30:00+00:00,2021-04-25T04:00:00+00:00,A_BE_LATER_CLOSE,"[0.4, 0.3, 0.3]",LATER_CLOSE,,,,,,0,,0,2,,0,0,INSUFFICIENT_SAMPLE,,0.0,UNION_ENTRY_BAR_START_TO_EXIT_INCLUDES_UNKNOWN_PRE_TOUCH_PART_OF_ENTRY_BAR,0.0,,1170,0,0,0,INSUFFICIENT_SAMPLE,1170,0,0,0,,0,0.0,0.0,,WITHHELD_BELOW_50_COMPARABLE_CLOSED_TRADES,0,0,,0,,WITHHELD_BELOW_90_DAILY_RETURNS_OR_30_CLOSED_TRADES,0,,0,0.0,12,,0,0.0,,,,,OBSERVED_HITS_PER_ENTRY_CENSORED_OPEN_TRADES_NOT_ASSUMED_FAILED,False,0.0,NULL_WHEN_NO_TRADES_OR_NO_LOSSES,0,,0,False,True,True
binance_240_5,REFERENCE_SEGMENT_06,EXTERNAL,binance,240,5,2021-04-22T04:30:00+00:00,2021-04-25T04:00:00+00:00,A_ORIGINAL_SL_UNTIL_TP2,"[0.4, 0.3, 0.3]",TP2,,,,,,0,,0,2,,0,0,INSUFFICIENT_SAMPLE,,0.0,UNION_ENTRY_BAR_START_TO_EXIT_INCLUDES_UNKNOWN_PRE_TOUCH_PART_OF_ENTRY_BAR,0.0,,1170,0,0,0,INSUFFICIENT_SAMPLE,1170,0,0,0,,0,0.0,0.0,,WITHHELD_BELOW_50_COMPARABLE_CLOSED_TRADES,0,0,,0,,WITHHELD_BELOW_90_DAILY_RETURNS_OR_30_CLOSED_TRADES,0,,0,0.0,12,,0,0.0,,,,,OBSERVED_HITS_PER_ENTRY_CENSORED_OPEN_TRADES_NOT_ASSUMED_FAILED,False,0.0,NULL_WHEN_NO_TRADES_OR_NO_LOSSES,0,,0,False,True,True
binance_240_5,REFERENCE_SEGMENT_06,EXTERNAL,binance,240,5,2021-04-22T04:30:00+00:00,2021-04-25T04:00:00+00:00,A_STRUCTURAL_AFTER_TP1,"[0.4, 0.3, 0.3]",STRUCTURAL,,,,,,0,,0,2,,0,0,INSUFFICIENT_SAMPLE,,0.0,UNION_ENTRY_BAR_START_TO_EXIT_INCLUDES_UNKNOWN_PRE_TOUCH_PART_OF_ENTRY_BAR,0.0,,1170,0,0,0,INSUFFICIENT_SAMPLE,1170,0,0,0,,0,0.0,0.0,,WITHHELD_BELOW_50_COMPARABLE_CLOSED_TRADES,0,0,,0,,WITHHELD_BELOW_90_DAILY_RETURNS_OR_30_CLOSED_TRADES,0,,0,0.0,12,,0,0.0,,,,,OBSERVED_HITS_PER_ENTRY_CENSORED_OPEN_TRADES_NOT_ASSUMED_FAILED,False,0.0,NULL_WHEN_NO_TRADES_OR_NO_LOSSES,0,,0,False,True,True
binance_240_5,REFERENCE_SEGMENT_07,EXTERNAL,binance,240,5,2021-04-27T08:45:00+00:00,2021-08-13T02:00:00+00:00,A_40_30_30_BE_TP1,"[0.4, 0.3, 0.3]",TP1,,,,,,0,,0,107,,0,0,INSUFFICIENT_SAMPLE,,0.0,UNION_ENTRY_BAR_START_TO_EXIT_INCLUDES_UNKNOWN_PRE_TOUCH_PART_OF_ENTRY_BAR,0.0,,1170,0,0,0,INSUFFICIENT_SAMPLE,1170,0,0,0,,0,0.0,0.0,,WITHHELD_BELOW_50_COMPARABLE_CLOSED_TRADES,0,0,,0,,WITHHELD_BELOW_90_DAILY_RETURNS_OR_30_CLOSED_TRADES,0,,0,0.0,671,,0,0.0,,,,,OBSERVED_HITS_PER_ENTRY_CENSORED_OPEN_TRADES_NOT_ASSUMED_FAILED,False,0.0,NULL_WHEN_NO_TRADES_OR_NO_LOSSES,0,,0,True,True,True
binance_240_5,REFERENCE_SEGMENT_07,EXTERNAL,binance,240,5,2021-04-27T08:45:00+00:00,2021-08-13T02:00:00+00:00,B_30_30_40_BE_TP1,"[0.3, 0.3, 0.4]",TP1,,,,,,0,,0,107,,0,0,INSUFFICIENT_SAMPLE,,0.0,UNION_ENTRY_BAR_START_TO_EXIT_INCLUDES_UNKNOWN_PRE_TOUCH_PART_OF_ENTRY_BAR,0.0,,1170,0,0,0,INSUFFICIENT_SAMPLE,1170,0,0,0,,0,0.0,0.0,,WITHHELD_BELOW_50_COMPARABLE_CLOSED_TRADES,0,0,,0,,WITHHELD_BELOW_90_DAILY_RETURNS_OR_30_CLOSED_TRADES,0,,0,0.0,671,,0,0.0,,,,,OBSERVED_HITS_PER_ENTRY_CENSORED_OPEN_TRADES_NOT_ASSUMED_FAILED,False,0.0,NULL_WHEN_NO_TRADES_OR_NO_LOSSES,0,,0,False,True,True
binance_240_5,REFERENCE_SEGMENT_07,EXTERNAL,binance,240,5,2021-04-27T08:45:00+00:00,2021-08-13T02:00:00+00:00,C_25_25_50_BE_TP1,"[0.25, 0.25, 0.5]",TP1,,,,,,0,,0,107,,0,0,INSUFFICIENT_SAMPLE,,0.0,UNION_ENTRY_BAR_START_TO_EXIT_INCLUDES_UNKNOWN_PRE_TOUCH_PART_OF_ENTRY_BAR,0.0,,1170,0,0,0,INSUFFICIENT_SAMPLE,1170,0,0,0,,0,0.0,0.0,,WITHHELD_BELOW_50_COMPARABLE_CLOSED_TRADES,0,0,,0,,WITHHELD_BELOW_90_DAILY_RETURNS_OR_30_CLOSED_TRADES,0,,0,0.0,671,,0,0.0,,,,,OBSERVED_HITS_PER_ENTRY_CENSORED_OPEN_TRADES_NOT_ASSUMED_FAILED,False,0.0,NULL_WHEN_NO_TRADES_OR_NO_LOSSES,0,,0,False,True,True
binance_240_5,REFERENCE_SEGMENT_07,EXTERNAL,binance,240,5,2021-04-27T08:45:00+00:00,2021-08-13T02:00:00+00:00,D_25_35_40_BE_TP1,"[0.25, 0.35, 0.4]",TP1,,,,,,0,,0,107,,0,0,INSUFFICIENT_SAMPLE,,0.0,UNION_ENTRY_BAR_START_TO_EXIT_INCLUDES_UNKNOWN_PRE_TOUCH_PART_OF_ENTRY_BAR,0.0,,1170,0,0,0,INSUFFICIENT_SAMPLE,1170,0,0,0,,0,0.0,0.0,,WITHHELD_BELOW_50_COMPARABLE_CLOSED_TRADES,0,0,,0,,WITHHELD_BELOW_90_DAILY_RETURNS_OR_30_CLOSED_TRADES,0,,0,0.0,671,,0,0.0,,,,,OBSERVED_HITS_PER_ENTRY_CENSORED_OPEN_TRADES_NOT_ASSUMED_FAILED,False,0.0,NULL_WHEN_NO_TRADES_OR_NO_LOSSES,0,,0,False,True,True
binance_240_5,REFERENCE_SEGMENT_07,EXTERNAL,binance,240,5,2021-04-27T08:45:00+00:00,2021-08-13T02:00:00+00:00,A_BE_LATER_CLOSE,"[0.4, 0.3, 0.3]",LATER_CLOSE,,,,,,0,,0,107,,0,0,INSUFFICIENT_SAMPLE,,0.0,UNION_ENTRY_BAR_START_TO_EXIT_INCLUDES_UNKNOWN_PRE_TOUCH_PART_OF_ENTRY_BAR,0.0,,1170,0,0,0,INSUFFICIENT_SAMPLE,1170,0,0,0,,0,0.0,0.0,,WITHHELD_BELOW_50_COMPARABLE_CLOSED_TRADES,0,0,,0,,WITHHELD_BELOW_90_DAILY_RETURNS_OR_30_CLOSED_TRADES,0,,0,0.0,671,,0,0.0,,,,,OBSERVED_HITS_PER_ENTRY_CENSORED_OPEN_TRADES_NOT_ASSUMED_FAILED,False,0.0,NULL_WHEN_NO_TRADES_OR_NO_LOSSES,0,,0,False,True,True
binance_240_5,REFERENCE_SEGMENT_07,EXTERNAL,binance,240,5,2021-04-27T08:45:00+00:00,2021-08-13T02:00:00+00:00,A_ORIGINAL_SL_UNTIL_TP2,"[0.4, 0.3, 0.3]",TP2,,,,,,0,,0,107,,0,0,INSUFFICIENT_SAMPLE,,0.0,UNION_ENTRY_BAR_START_TO_EXIT_INCLUDES_UNKNOWN_PRE_TOUCH_PART_OF_ENTRY_BAR,0.0,,1170,0,0,0,INSUFFICIENT_SAMPLE,1170,0,0,0,,0,0.0,0.0,,WITHHELD_BELOW_50_COMPARABLE_CLOSED_TRADES,0,0,,0,,WITHHELD_BELOW_90_DAILY_RETURNS_OR_30_CLOSED_TRADES,0,,0,0.0,671,,0,0.0,,,,,OBSERVED_HITS_PER_ENTRY_CENSORED_OPEN_TRADES_NOT_ASSUMED_FAILED,False,0.0,NULL_WHEN_NO_TRADES_OR_NO_LOSSES,0,,0,False,True,True
binance_240_5,REFERENCE_SEGMENT_07,EXTERNAL,binance,240,5,2021-04-27T08:45:00+00:00,2021-08-13T02:00:00+00:00,A_STRUCTURAL_AFTER_TP1,"[0.4, 0.3, 0.3]",STRUCTURAL,,,,,,0,,0,107,,0,0,INSUFFICIENT_SAMPLE,,0.0,UNION_ENTRY_BAR_START_TO_EXIT_INCLUDES_UNKNOWN_PRE_TOUCH_PART_OF_ENTRY_BAR,0.0,,1170,0,0,0,INSUFFICIENT_SAMPLE,1170,0,0,0,,0,0.0,0.0,,WITHHELD_BELOW_50_COMPARABLE_CLOSED_TRADES,0,0,,0,,WITHHELD_BELOW_90_DAILY_RETURNS_OR_30_CLOSED_TRADES,0,,0,0.0,671,,0,0.0,,,,,OBSERVED_HITS_PER_ENTRY_CENSORED_OPEN_TRADES_NOT_ASSUMED_FAILED,False,0.0,NULL_WHEN_NO_TRADES_OR_NO_LOSSES,0,,0,False,True,True
binance_240_5,REFERENCE_SEGMENT_08,EXTERNAL,binance,240,5,2021-08-15T06:30:00+00:00,2021-09-29T07:00:00+00:00,A_40_30_30_BE_TP1,"[0.4, 0.3, 0.3]",TP1,,,,,,0,,0,44,,0,0,INSUFFICIENT_SAMPLE,,0.0,UNION_ENTRY_BAR_START_TO_EXIT_INCLUDES_UNKNOWN_PRE_TOUCH_PART_OF_ENTRY_BAR,0.0,,1170,0,0,0,INSUFFICIENT_SAMPLE,1170,0,0,0,,0,0.0,0.0,,WITHHELD_BELOW_50_COMPARABLE_CLOSED_TRADES,0,0,,0,,WITHHELD_BELOW_90_DAILY_RETURNS_OR_30_CLOSED_TRADES,0,,0,0.0,282,,0,0.0,,,,,OBSERVED_HITS_PER_ENTRY_CENSORED_OPEN_TRADES_NOT_ASSUMED_FAILED,False,0.0,NULL_WHEN_NO_TRADES_OR_NO_LOSSES,0,,0,True,True,True
binance_240_5,REFERENCE_SEGMENT_08,EXTERNAL,binance,240,5,2021-08-15T06:30:00+00:00,2021-09-29T07:00:00+00:00,B_30_30_40_BE_TP1,"[0.3, 0.3, 0.4]",TP1,,,,,,0,,0,44,,0,0,INSUFFICIENT_SAMPLE,,0.0,UNION_ENTRY_BAR_START_TO_EXIT_INCLUDES_UNKNOWN_PRE_TOUCH_PART_OF_ENTRY_BAR,0.0,,1170,0,0,0,INSUFFICIENT_SAMPLE,1170,0,0,0,,0,0.0,0.0,,WITHHELD_BELOW_50_COMPARABLE_CLOSED_TRADES,0,0,,0,,WITHHELD_BELOW_90_DAILY_RETURNS_OR_30_CLOSED_TRADES,0,,0,0.0,282,,0,0.0,,,,,OBSERVED_HITS_PER_ENTRY_CENSORED_OPEN_TRADES_NOT_ASSUMED_FAILED,False,0.0,NULL_WHEN_NO_TRADES_OR_NO_LOSSES,0,,0,False,True,True
binance_240_5,REFERENCE_SEGMENT_08,EXTERNAL,binance,240,5,2021-08-15T06:30:00+00:00,2021-09-29T07:00:00+00:00,C_25_25_50_BE_TP1,"[0.25, 0.25, 0.5]",TP1,,,,,,0,,0,44,,0,0,INSUFFICIENT_SAMPLE,,0.0,UNION_ENTRY_BAR_START_TO_EXIT_INCLUDES_UNKNOWN_PRE_TOUCH_PART_OF_ENTRY_BAR,0.0,,1170,0,0,0,INSUFFICIENT_SAMPLE,1170,0,0,0,,0,0.0,0.0,,WITHHELD_BELOW_50_COMPARABLE_CLOSED_TRADES,0,0,,0,,WITHHELD_BELOW_90_DAILY_RETURNS_OR_30_CLOSED_TRADES,0,,0,0.0,282,,0,0.0,,,,,OBSERVED_HITS_PER_ENTRY_CENSORED_OPEN_TRADES_NOT_ASSUMED_FAILED,False,0.0,NULL_WHEN_NO_TRADES_OR_NO_LOSSES,0,,0,False,True,True
binance_240_5,REFERENCE_SEGMENT_08,EXTERNAL,binance,240,5,2021-08-15T06:30:00+00:00,2021-09-29T07:00:00+00:00,D_25_35_40_BE_TP1,"[0.25, 0.35, 0.4]",TP1,,,,,,0,,0,44,,0,0,INSUFFICIENT_SAMPLE,,0.0,UNION_ENTRY_BAR_START_TO_EXIT_INCLUDES_UNKNOWN_PRE_TOUCH_PART_OF_ENTRY_BAR,0.0,,1170,0,0,0,INSUFFICIENT_SAMPLE,1170,0,0,0,,0,0.0,0.0,,WITHHELD_BELOW_50_COMPARABLE_CLOSED_TRADES,0,0,,0,,WITHHELD_BELOW_90_DAILY_RETURNS_OR_30_CLOSED_TRADES,0,,0,0.0,282,,0,0.0,,,,,OBSERVED_HITS_PER_ENTRY_CENSORED_OPEN_TRADES_NOT_ASSUMED_FAILED,False,0.0,NULL_WHEN_NO_TRADES_OR_NO_LOSSES,0,,0,False,True,True
binance_240_5,REFERENCE_SEGMENT_08,EXTERNAL,binance,240,5,2021-08-15T06:30:00+00:00,2021-09-29T07:00:00+00:00,A_BE_LATER_CLOSE,"[0.4, 0.3, 0.3]",LATER_CLOSE,,,,,,0,,0,44,,0,0,INSUFFICIENT_SAMPLE,,0.0,UNION_ENTRY_BAR_START_TO_EXIT_INCLUDES_UNKNOWN_PRE_TOUCH_PART_OF_ENTRY_BAR,0.0,,1170,0,0,0,INSUFFICIENT_SAMPLE,1170,0,0,0,,0,0.0,0.0,,WITHHELD_BELOW_50_COMPARABLE_CLOSED_TRADES,0,0,,0,,WITHHELD_BELOW_90_DAILY_RETURNS_OR_30_CLOSED_TRADES,0,,0,0.0,282,,0,0.0,,,,,OBSERVED_HITS_PER_ENTRY_CENSORED_OPEN_TRADES_NOT_ASSUMED_FAILED,False,0.0,NULL_WHEN_NO_TRADES_OR_NO_LOSSES,0,,0,False,True,True
binance_240_5,REFERENCE_SEGMENT_08,EXTERNAL,binance,240,5,2021-08-15T06:30:00+00:00,2021-09-29T07:00:00+00:00,A_ORIGINAL_SL_UNTIL_TP2,"[0.4, 0.3, 0.3]",TP2,,,,,,0,,0,44,,0,0,INSUFFICIENT_SAMPLE,,0.0,UNION_ENTRY_BAR_START_TO_EXIT_INCLUDES_UNKNOWN_PRE_TOUCH_PART_OF_ENTRY_BAR,0.0,,1170,0,0,0,INSUFFICIENT_SAMPLE,1170,0,0,0,,0,0.0,0.0,,WITHHELD_BELOW_50_COMPARABLE_CLOSED_TRADES,0,0,,0,,WITHHELD_BELOW_90_DAILY_RETURNS_OR_30_CLOSED_TRADES,0,,0,0.0,282,,0,0.0,,,,,OBSERVED_HITS_PER_ENTRY_CENSORED_OPEN_TRADES_NOT_ASSUMED_FAILED,False,0.0,NULL_WHEN_NO_TRADES_OR_NO_LOSSES,0,,0,False,True,True
binance_240_5,REFERENCE_SEGMENT_08,EXTERNAL,binance,240,5,2021-08-15T06:30:00+00:00,2021-09-29T07:00:00+00:00,A_STRUCTURAL_AFTER_TP1,"[0.4, 0.3, 0.3]",STRUCTURAL,,,,,,0,,0,44,,0,0,INSUFFICIENT_SAMPLE,,0.0,UNION_ENTRY_BAR_START_TO_EXIT_INCLUDES_UNKNOWN_PRE_TOUCH_PART_OF_ENTRY_BAR,0.0,,1170,0,0,0,INSUFFICIENT_SAMPLE,1170,0,0,0,,0,0.0,0.0,,WITHHELD_BELOW_50_COMPARABLE_CLOSED_TRADES,0,0,,0,,WITHHELD_BELOW_90_DAILY_RETURNS_OR_30_CLOSED_TRADES,0,,0,0.0,282,,0,0.0,,,,,OBSERVED_HITS_PER_ENTRY_CENSORED_OPEN_TRADES_NOT_ASSUMED_FAILED,False,0.0,NULL_WHEN_NO_TRADES_OR_NO_LOSSES,0,,0,False,True,True
binance_240_5,REFERENCE_SEGMENT_09,EXTERNAL,binance,240,5,2021-10-01T09:00:00+00:00,2023-03-24T12:40:00+00:00,A_40_30_30_BE_TP1,"[0.4, 0.3, 0.3]",TP1,,,,,,0,,0,538,,0,0,INSUFFICIENT_SAMPLE,,0.0,UNION_ENTRY_BAR_START_TO_EXIT_INCLUDES_UNKNOWN_PRE_TOUCH_PART_OF_ENTRY_BAR,0.0,,1170,0,0,0,INSUFFICIENT_SAMPLE,1170,0,0,0,,0,0.0,0.0,,WITHHELD_BELOW_50_COMPARABLE_CLOSED_TRADES,0,0,,0,,WITHHELD_BELOW_90_DAILY_RETURNS_OR_30_CLOSED_TRADES,0,,0,0.0,3379,,0,0.0,,,,,OBSERVED_HITS_PER_ENTRY_CENSORED_OPEN_TRADES_NOT_ASSUMED_FAILED,False,0.0,NULL_WHEN_NO_TRADES_OR_NO_LOSSES,0,,0,True,True,True
binance_240_5,REFERENCE_SEGMENT_09,EXTERNAL,binance,240,5,2021-10-01T09:00:00+00:00,2023-03-24T12:40:00+00:00,B_30_30_40_BE_TP1,"[0.3, 0.3, 0.4]",TP1,,,,,,0,,0,538,,0,0,INSUFFICIENT_SAMPLE,,0.0,UNION_ENTRY_BAR_START_TO_EXIT_INCLUDES_UNKNOWN_PRE_TOUCH_PART_OF_ENTRY_BAR,0.0,,1170,0,0,0,INSUFFICIENT_SAMPLE,1170,0,0,0,,0,0.0,0.0,,WITHHELD_BELOW_50_COMPARABLE_CLOSED_TRADES,0,0,,0,,WITHHELD_BELOW_90_DAILY_RETURNS_OR_30_CLOSED_TRADES,0,,0,0.0,3379,,0,0.0,,,,,OBSERVED_HITS_PER_ENTRY_CENSORED_OPEN_TRADES_NOT_ASSUMED_FAILED,False,0.0,NULL_WHEN_NO_TRADES_OR_NO_LOSSES,0,,0,False,True,True
binance_240_5,REFERENCE_SEGMENT_09,EXTERNAL,binance,240,5,2021-10-01T09:00:00+00:00,2023-03-24T12:40:00+00:00,C_25_25_50_BE_TP1,"[0.25, 0.25, 0.5]",TP1,,,,,,0,,0,538,,0,0,INSUFFICIENT_SAMPLE,,0.0,UNION_ENTRY_BAR_START_TO_EXIT_INCLUDES_UNKNOWN_PRE_TOUCH_PART_OF_ENTRY_BAR,0.0,,1170,0,0,0,INSUFFICIENT_SAMPLE,1170,0,0,0,,0,0.0,0.0,,WITHHELD_BELOW_50_COMPARABLE_CLOSED_TRADES,0,0,,0,,WITHHELD_BELOW_90_DAILY_RETURNS_OR_30_CLOSED_TRADES,0,,0,0.0,3379,,0,0.0,,,,,OBSERVED_HITS_PER_ENTRY_CENSORED_OPEN_TRADES_NOT_ASSUMED_FAILED,False,0.0,NULL_WHEN_NO_TRADES_OR_NO_LOSSES,0,,0,False,True,True
binance_240_5,REFERENCE_SEGMENT_09,EXTERNAL,binance,240,5,2021-10-01T09:00:00+00:00,2023-03-24T12:40:00+00:00,D_25_35_40_BE_TP1,"[0.25, 0.35, 0.4]",TP1,,,,,,0,,0,538,,0,0,INSUFFICIENT_SAMPLE,,0.0,UNION_ENTRY_BAR_START_TO_EXIT_INCLUDES_UNKNOWN_PRE_TOUCH_PART_OF_ENTRY_BAR,0.0,,1170,0,0,0,INSUFFICIENT_SAMPLE,1170,0,0,0,,0,0.0,0.0,,WITHHELD_BELOW_50_COMPARABLE_CLOSED_TRADES,0,0,,0,,WITHHELD_BELOW_90_DAILY_RETURNS_OR_30_CLOSED_TRADES,0,,0,0.0,3379,,0,0.0,,,,,OBSERVED_HITS_PER_ENTRY_CENSORED_OPEN_TRADES_NOT_ASSUMED_FAILED,False,0.0,NULL_WHEN_NO_TRADES_OR_NO_LOSSES,0,,0,False,True,True
binance_240_5,REFERENCE_SEGMENT_09,EXTERNAL,binance,240,5,2021-10-01T09:00:00+00:00,2023-03-24T12:40:00+00:00,A_BE_LATER_CLOSE,"[0.4, 0.3, 0.3]",LATER_CLOSE,,,,,,0,,0,538,,0,0,INSUFFICIENT_SAMPLE,,0.0,UNION_ENTRY_BAR_START_TO_EXIT_INCLUDES_UNKNOWN_PRE_TOUCH_PART_OF_ENTRY_BAR,0.0,,1170,0,0,0,INSUFFICIENT_SAMPLE,1170,0,0,0,,0,0.0,0.0,,WITHHELD_BELOW_50_COMPARABLE_CLOSED_TRADES,0,0,,0,,WITHHELD_BELOW_90_DAILY_RETURNS_OR_30_CLOSED_TRADES,0,,0,0.0,3379,,0,0.0,,,,,OBSERVED_HITS_PER_ENTRY_CENSORED_OPEN_TRADES_NOT_ASSUMED_FAILED,False,0.0,NULL_WHEN_NO_TRADES_OR_NO_LOSSES,0,,0,False,True,True
binance_240_5,REFERENCE_SEGMENT_09,EXTERNAL,binance,240,5,2021-10-01T09:00:00+00:00,2023-03-24T12:40:00+00:00,A_ORIGINAL_SL_UNTIL_TP2,"[0.4, 0.3, 0.3]",TP2,,,,,,0,,0,538,,0,0,INSUFFICIENT_SAMPLE,,0.0,UNION_ENTRY_BAR_START_TO_EXIT_INCLUDES_UNKNOWN_PRE_TOUCH_PART_OF_ENTRY_BAR,0.0,,1170,0,0,0,INSUFFICIENT_SAMPLE,1170,0,0,0,,0,0.0,0.0,,WITHHELD_BELOW_50_COMPARABLE_CLOSED_TRADES,0,0,,0,,WITHHELD_BELOW_90_DAILY_RETURNS_OR_30_CLOSED_TRADES,0,,0,0.0,3379,,0,0.0,,,,,OBSERVED_HITS_PER_ENTRY_CENSORED_OPEN_TRADES_NOT_ASSUMED_FAILED,False,0.0,NULL_WHEN_NO_TRADES_OR_NO_LOSSES,0,,0,False,True,True
binance_240_5,REFERENCE_SEGMENT_09,EXTERNAL,binance,240,5,2021-10-01T09:00:00+00:00,2023-03-24T12:40:00+00:00,A_STRUCTURAL_AFTER_TP1,"[0.4, 0.3, 0.3]",STRUCTURAL,,,,,,0,,0,538,,0,0,INSUFFICIENT_SAMPLE,,0.0,UNION_ENTRY_BAR_START_TO_EXIT_INCLUDES_UNKNOWN_PRE_TOUCH_PART_OF_ENTRY_BAR,0.0,,1170,0,0,0,INSUFFICIENT_SAMPLE,1170,0,0,0,,0,0.0,0.0,,WITHHELD_BELOW_50_COMPARABLE_CLOSED_TRADES,0,0,,0,,WITHHELD_BELOW_90_DAILY_RETURNS_OR_30_CLOSED_TRADES,0,,0,0.0,3379,,0,0.0,,,,,OBSERVED_HITS_PER_ENTRY_CENSORED_OPEN_TRADES_NOT_ASSUMED_FAILED,False,0.0,NULL_WHEN_NO_TRADES_OR_NO_LOSSES,0,,0,False,True,True
binance_240_5,REFERENCE_SEGMENT_10,EXTERNAL,binance,240,5,2023-03-26T14:00:00+00:00,2023-11-15T00:00:00+00:00,A_40_30_30_BE_TP1,"[0.4, 0.3, 0.3]",TP1,,,,,,0,,0,233,,0,0,INSUFFICIENT_SAMPLE,,0.0,UNION_ENTRY_BAR_START_TO_EXIT_INCLUDES_UNKNOWN_PRE_TOUCH_PART_OF_ENTRY_BAR,0.0,,1170,0,0,0,INSUFFICIENT_SAMPLE,1170,0,0,0,,0,0.0,0.0,,WITHHELD_BELOW_50_COMPARABLE_CLOSED_TRADES,0,0,,0,,WITHHELD_BELOW_90_DAILY_RETURNS_OR_30_CLOSED_TRADES,0,,0,0.0,1379,,0,0.0,,,,,OBSERVED_HITS_PER_ENTRY_CENSORED_OPEN_TRADES_NOT_ASSUMED_FAILED,False,0.0,NULL_WHEN_NO_TRADES_OR_NO_LOSSES,0,,0,True,True,True
binance_240_5,REFERENCE_SEGMENT_10,EXTERNAL,binance,240,5,2023-03-26T14:00:00+00:00,2023-11-15T00:00:00+00:00,B_30_30_40_BE_TP1,"[0.3, 0.3, 0.4]",TP1,,,,,,0,,0,233,,0,0,INSUFFICIENT_SAMPLE,,0.0,UNION_ENTRY_BAR_START_TO_EXIT_INCLUDES_UNKNOWN_PRE_TOUCH_PART_OF_ENTRY_BAR,0.0,,1170,0,0,0,INSUFFICIENT_SAMPLE,1170,0,0,0,,0,0.0,0.0,,WITHHELD_BELOW_50_COMPARABLE_CLOSED_TRADES,0,0,,0,,WITHHELD_BELOW_90_DAILY_RETURNS_OR_30_CLOSED_TRADES,0,,0,0.0,1379,,0,0.0,,,,,OBSERVED_HITS_PER_ENTRY_CENSORED_OPEN_TRADES_NOT_ASSUMED_FAILED,False,0.0,NULL_WHEN_NO_TRADES_OR_NO_LOSSES,0,,0,False,True,True
binance_240_5,REFERENCE_SEGMENT_10,EXTERNAL,binance,240,5,2023-03-26T14:00:00+00:00,2023-11-15T00:00:00+00:00,C_25_25_50_BE_TP1,"[0.25, 0.25, 0.5]",TP1,,,,,,0,,0,233,,0,0,INSUFFICIENT_SAMPLE,,0.0,UNION_ENTRY_BAR_START_TO_EXIT_INCLUDES_UNKNOWN_PRE_TOUCH_PART_OF_ENTRY_BAR,0.0,,1170,0,0,0,INSUFFICIENT_SAMPLE,1170,0,0,0,,0,0.0,0.0,,WITHHELD_BELOW_50_COMPARABLE_CLOSED_TRADES,0,0,,0,,WITHHELD_BELOW_90_DAILY_RETURNS_OR_30_CLOSED_TRADES,0,,0,0.0,1379,,0,0.0,,,,,OBSERVED_HITS_PER_ENTRY_CENSORED_OPEN_TRADES_NOT_ASSUMED_FAILED,False,0.0,NULL_WHEN_NO_TRADES_OR_NO_LOSSES,0,,0,False,True,True
binance_240_5,REFERENCE_SEGMENT_10,EXTERNAL,binance,240,5,2023-03-26T14:00:00+00:00,2023-11-15T00:00:00+00:00,D_25_35_40_BE_TP1,"[0.25, 0.35, 0.4]",TP1,,,,,,0,,0,233,,0,0,INSUFFICIENT_SAMPLE,,0.0,UNION_ENTRY_BAR_START_TO_EXIT_INCLUDES_UNKNOWN_PRE_TOUCH_PART_OF_ENTRY_BAR,0.0,,1170,0,0,0,INSUFFICIENT_SAMPLE,1170,0,0,0,,0,0.0,0.0,,WITHHELD_BELOW_50_COMPARABLE_CLOSED_TRADES,0,0,,0,,WITHHELD_BELOW_90_DAILY_RETURNS_OR_30_CLOSED_TRADES,0,,0,0.0,1379,,0,0.0,,,,,OBSERVED_HITS_PER_ENTRY_CENSORED_OPEN_TRADES_NOT_ASSUMED_FAILED,False,0.0,NULL_WHEN_NO_TRADES_OR_NO_LOSSES,0,,0,False,True,True
binance_240_5,REFERENCE_SEGMENT_10,EXTERNAL,binance,240,5,2023-03-26T14:00:00+00:00,2023-11-15T00:00:00+00:00,A_BE_LATER_CLOSE,"[0.4, 0.3, 0.3]",LATER_CLOSE,,,,,,0,,0,233,,0,0,INSUFFICIENT_SAMPLE,,0.0,UNION_ENTRY_BAR_START_TO_EXIT_INCLUDES_UNKNOWN_PRE_TOUCH_PART_OF_ENTRY_BAR,0.0,,1170,0,0,0,INSUFFICIENT_SAMPLE,1170,0,0,0,,0,0.0,0.0,,WITHHELD_BELOW_50_COMPARABLE_CLOSED_TRADES,0,0,,0,,WITHHELD_BELOW_90_DAILY_RETURNS_OR_30_CLOSED_TRADES,0,,0,0.0,1379,,0,0.0,,,,,OBSERVED_HITS_PER_ENTRY_CENSORED_OPEN_TRADES_NOT_ASSUMED_FAILED,False,0.0,NULL_WHEN_NO_TRADES_OR_NO_LOSSES,0,,0,False,True,True
binance_240_5,REFERENCE_SEGMENT_10,EXTERNAL,binance,240,5,2023-03-26T14:00:00+00:00,2023-11-15T00:00:00+00:00,A_ORIGINAL_SL_UNTIL_TP2,"[0.4, 0.3, 0.3]",TP2,,,,,,0,,0,233,,0,0,INSUFFICIENT_SAMPLE,,0.0,UNION_ENTRY_BAR_START_TO_EXIT_INCLUDES_UNKNOWN_PRE_TOUCH_PART_OF_ENTRY_BAR,0.0,,1170,0,0,0,INSUFFICIENT_SAMPLE,1170,0,0,0,,0,0.0,0.0,,WITHHELD_BELOW_50_COMPARABLE_CLOSED_TRADES,0,0,,0,,WITHHELD_BELOW_90_DAILY_RETURNS_OR_30_CLOSED_TRADES,0,,0,0.0,1379,,0,0.0,,,,,OBSERVED_HITS_PER_ENTRY_CENSORED_OPEN_TRADES_NOT_ASSUMED_FAILED,False,0.0,NULL_WHEN_NO_TRADES_OR_NO_LOSSES,0,,0,False,True,True
binance_240_5,REFERENCE_SEGMENT_10,EXTERNAL,binance,240,5,2023-03-26T14:00:00+00:00,2023-11-15T00:00:00+00:00,A_STRUCTURAL_AFTER_TP1,"[0.4, 0.3, 0.3]",STRUCTURAL,,,,,,0,,0,233,,0,0,INSUFFICIENT_SAMPLE,,0.0,UNION_ENTRY_BAR_START_TO_EXIT_INCLUDES_UNKNOWN_PRE_TOUCH_PART_OF_ENTRY_BAR,0.0,,1170,0,0,0,INSUFFICIENT_SAMPLE,1170,0,0,0,,0,0.0,0.0,,WITHHELD_BELOW_50_COMPARABLE_CLOSED_TRADES,0,0,,0,,WITHHELD_BELOW_90_DAILY_RETURNS_OR_30_CLOSED_TRADES,0,,0,0.0,1379,,0,0.0,,,,,OBSERVED_HITS_PER_ENTRY_CENSORED_OPEN_TRADES_NOT_ASSUMED_FAILED,False,0.0,NULL_WHEN_NO_TRADES_OR_NO_LOSSES,0,,0,False,True,True
binance_240_5,VALIDATION_SEGMENT_10,EXTERNAL,binance,240,5,2023-11-15T00:00:00+00:00,2024-12-08T00:00:00+00:00,A_40_30_30_BE_TP1,"[0.4, 0.3, 0.3]",TP1,,,,,,0,,0,389,,0,0,INSUFFICIENT_SAMPLE,,0.0,UNION_ENTRY_BAR_START_TO_EXIT_INCLUDES_UNKNOWN_PRE_TOUCH_PART_OF_ENTRY_BAR,0.0,,1170,0,0,0,INSUFFICIENT_SAMPLE,1170,0,0,0,,0,0.0,0.0,,WITHHELD_BELOW_50_COMPARABLE_CLOSED_TRADES,0,0,,0,,WITHHELD_BELOW_90_DAILY_RETURNS_OR_30_CLOSED_TRADES,0,,0,0.0,3024,,0,0.0,,,,,OBSERVED_HITS_PER_ENTRY_CENSORED_OPEN_TRADES_NOT_ASSUMED_FAILED,False,0.0,NULL_WHEN_NO_TRADES_OR_NO_LOSSES,0,,0,True,True,True
binance_240_5,VALIDATION_SEGMENT_10,EXTERNAL,binance,240,5,2023-11-15T00:00:00+00:00,2024-12-08T00:00:00+00:00,B_30_30_40_BE_TP1,"[0.3, 0.3, 0.4]",TP1,,,,,,0,,0,389,,0,0,INSUFFICIENT_SAMPLE,,0.0,UNION_ENTRY_BAR_START_TO_EXIT_INCLUDES_UNKNOWN_PRE_TOUCH_PART_OF_ENTRY_BAR,0.0,,1170,0,0,0,INSUFFICIENT_SAMPLE,1170,0,0,0,,0,0.0,0.0,,WITHHELD_BELOW_50_COMPARABLE_CLOSED_TRADES,0,0,,0,,WITHHELD_BELOW_90_DAILY_RETURNS_OR_30_CLOSED_TRADES,0,,0,0.0,3024,,0,0.0,,,,,OBSERVED_HITS_PER_ENTRY_CENSORED_OPEN_TRADES_NOT_ASSUMED_FAILED,False,0.0,NULL_WHEN_NO_TRADES_OR_NO_LOSSES,0,,0,False,True,True
binance_240_5,VALIDATION_SEGMENT_10,EXTERNAL,binance,240,5,2023-11-15T00:00:00+00:00,2024-12-08T00:00:00+00:00,C_25_25_50_BE_TP1,"[0.25, 0.25, 0.5]",TP1,,,,,,0,,0,389,,0,0,INSUFFICIENT_SAMPLE,,0.0,UNION_ENTRY_BAR_START_TO_EXIT_INCLUDES_UNKNOWN_PRE_TOUCH_PART_OF_ENTRY_BAR,0.0,,1170,0,0,0,INSUFFICIENT_SAMPLE,1170,0,0,0,,0,0.0,0.0,,WITHHELD_BELOW_50_COMPARABLE_CLOSED_TRADES,0,0,,0,,WITHHELD_BELOW_90_DAILY_RETURNS_OR_30_CLOSED_TRADES,0,,0,0.0,3024,,0,0.0,,,,,OBSERVED_HITS_PER_ENTRY_CENSORED_OPEN_TRADES_NOT_ASSUMED_FAILED,False,0.0,NULL_WHEN_NO_TRADES_OR_NO_LOSSES,0,,0,False,True,True
binance_240_5,VALIDATION_SEGMENT_10,EXTERNAL,binance,240,5,2023-11-15T00:00:00+00:00,2024-12-08T00:00:00+00:00,D_25_35_40_BE_TP1,"[0.25, 0.35, 0.4]",TP1,,,,,,0,,0,389,,0,0,INSUFFICIENT_SAMPLE,,0.0,UNION_ENTRY_BAR_START_TO_EXIT_INCLUDES_UNKNOWN_PRE_TOUCH_PART_OF_ENTRY_BAR,0.0,,1170,0,0,0,INSUFFICIENT_SAMPLE,1170,0,0,0,,0,0.0,0.0,,WITHHELD_BELOW_50_COMPARABLE_CLOSED_TRADES,0,0,,0,,WITHHELD_BELOW_90_DAILY_RETURNS_OR_30_CLOSED_TRADES,0,,0,0.0,3024,,0,0.0,,,,,OBSERVED_HITS_PER_ENTRY_CENSORED_OPEN_TRADES_NOT_ASSUMED_FAILED,False,0.0,NULL_WHEN_NO_TRADES_OR_NO_LOSSES,0,,0,False,True,True
binance_240_5,VALIDATION_SEGMENT_10,EXTERNAL,binance,240,5,2023-11-15T00:00:00+00:00,2024-12-08T00:00:00+00:00,A_BE_LATER_CLOSE,"[0.4, 0.3, 0.3]",LATER_CLOSE,,,,,,0,,0,389,,0,0,INSUFFICIENT_SAMPLE,,0.0,UNION_ENTRY_BAR_START_TO_EXIT_INCLUDES_UNKNOWN_PRE_TOUCH_PART_OF_ENTRY_BAR,0.0,,1170,0,0,0,INSUFFICIENT_SAMPLE,1170,0,0,0,,0,0.0,0.0,,WITHHELD_BELOW_50_COMPARABLE_CLOSED_TRADES,0,0,,0,,WITHHELD_BELOW_90_DAILY_RETURNS_OR_30_CLOSED_TRADES,0,,0,0.0,3024,,0,0.0,,,,,OBSERVED_HITS_PER_ENTRY_CENSORED_OPEN_TRADES_NOT_ASSUMED_FAILED,False,0.0,NULL_WHEN_NO_TRADES_OR_NO_LOSSES,0,,0,False,True,True
binance_240_5,VALIDATION_SEGMENT_10,EXTERNAL,binance,240,5,2023-11-15T00:00:00+00:00,2024-12-08T00:00:00+00:00,A_ORIGINAL_SL_UNTIL_TP2,"[0.4, 0.3, 0.3]",TP2,,,,,,0,,0,389,,0,0,INSUFFICIENT_SAMPLE,,0.0,UNION_ENTRY_BAR_START_TO_EXIT_INCLUDES_UNKNOWN_PRE_TOUCH_PART_OF_ENTRY_BAR,0.0,,1170,0,0,0,INSUFFICIENT_SAMPLE,1170,0,0,0,,0,0.0,0.0,,WITHHELD_BELOW_50_COMPARABLE_CLOSED_TRADES,0,0,,0,,WITHHELD_BELOW_90_DAILY_RETURNS_OR_30_CLOSED_TRADES,0,,0,0.0,3024,,0,0.0,,,,,OBSERVED_HITS_PER_ENTRY_CENSORED_OPEN_TRADES_NOT_ASSUMED_FAILED,False,0.0,NULL_WHEN_NO_TRADES_OR_NO_LOSSES,0,,0,False,True,True
binance_240_5,VALIDATION_SEGMENT_10,EXTERNAL,binance,240,5,2023-11-15T00:00:00+00:00,2024-12-08T00:00:00+00:00,A_STRUCTURAL_AFTER_TP1,"[0.4, 0.3, 0.3]",STRUCTURAL,,,,,,0,,0,389,,0,0,INSUFFICIENT_SAMPLE,,0.0,UNION_ENTRY_BAR_START_TO_EXIT_INCLUDES_UNKNOWN_PRE_TOUCH_PART_OF_ENTRY_BAR,0.0,,1170,0,0,0,INSUFFICIENT_SAMPLE,1170,0,0,0,,0,0.0,0.0,,WITHHELD_BELOW_50_COMPARABLE_CLOSED_TRADES,0,0,,0,,WITHHELD_BELOW_90_DAILY_RETURNS_OR_30_CLOSED_TRADES,0,,0,0.0,3024,,0,0.0,,,,,OBSERVED_HITS_PER_ENTRY_CENSORED_OPEN_TRADES_NOT_ASSUMED_FAILED,False,0.0,NULL_WHEN_NO_TRADES_OR_NO_LOSSES,0,,0,False,True,True
binance_240_60,HOLDOUT_SEGMENT_10,EXTERNAL,binance,240,60,2024-12-08T00:00:00+00:00,2026-01-01T00:00:00+00:00,A_40_30_30_BE_TP1,"[0.4, 0.3, 0.3]",TP1,,,,,,0,,0,389,,0,0,INSUFFICIENT_SAMPLE,,0.0,UNION_ENTRY_BAR_START_TO_EXIT_INCLUDES_UNKNOWN_PRE_TOUCH_PART_OF_ENTRY_BAR,0.0,,1170,0,0,0,INSUFFICIENT_SAMPLE,1170,0,0,0,,0,0.0,0.0,,WITHHELD_BELOW_50_COMPARABLE_CLOSED_TRADES,0,0,,0,,WITHHELD_BELOW_90_DAILY_RETURNS_OR_30_CLOSED_TRADES,0,,0,0.0,1401,,0,0.0,,,,,OBSERVED_HITS_PER_ENTRY_CENSORED_OPEN_TRADES_NOT_ASSUMED_FAILED,False,0.0,NULL_WHEN_NO_TRADES_OR_NO_LOSSES,0,,0,True,True,True
binance_240_60,HOLDOUT_SEGMENT_10,EXTERNAL,binance,240,60,2024-12-08T00:00:00+00:00,2026-01-01T00:00:00+00:00,B_30_30_40_BE_TP1,"[0.3, 0.3, 0.4]",TP1,,,,,,0,,0,389,,0,0,INSUFFICIENT_SAMPLE,,0.0,UNION_ENTRY_BAR_START_TO_EXIT_INCLUDES_UNKNOWN_PRE_TOUCH_PART_OF_ENTRY_BAR,0.0,,1170,0,0,0,INSUFFICIENT_SAMPLE,1170,0,0,0,,0,0.0,0.0,,WITHHELD_BELOW_50_COMPARABLE_CLOSED_TRADES,0,0,,0,,WITHHELD_BELOW_90_DAILY_RETURNS_OR_30_CLOSED_TRADES,0,,0,0.0,1401,,0,0.0,,,,,OBSERVED_HITS_PER_ENTRY_CENSORED_OPEN_TRADES_NOT_ASSUMED_FAILED,False,0.0,NULL_WHEN_NO_TRADES_OR_NO_LOSSES,0,,0,False,True,True
binance_240_60,HOLDOUT_SEGMENT_10,EXTERNAL,binance,240,60,2024-12-08T00:00:00+00:00,2026-01-01T00:00:00+00:00,C_25_25_50_BE_TP1,"[0.25, 0.25, 0.5]",TP1,,,,,,0,,0,389,,0,0,INSUFFICIENT_SAMPLE,,0.0,UNION_ENTRY_BAR_START_TO_EXIT_INCLUDES_UNKNOWN_PRE_TOUCH_PART_OF_ENTRY_BAR,0.0,,1170,0,0,0,INSUFFICIENT_SAMPLE,1170,0,0,0,,0,0.0,0.0,,WITHHELD_BELOW_50_COMPARABLE_CLOSED_TRADES,0,0,,0,,WITHHELD_BELOW_90_DAILY_RETURNS_OR_30_CLOSED_TRADES,0,,0,0.0,1401,,0,0.0,,,,,OBSERVED_HITS_PER_ENTRY_CENSORED_OPEN_TRADES_NOT_ASSUMED_FAILED,False,0.0,NULL_WHEN_NO_TRADES_OR_NO_LOSSES,0,,0,False,True,True
binance_240_60,HOLDOUT_SEGMENT_10,EXTERNAL,binance,240,60,2024-12-08T00:00:00+00:00,2026-01-01T00:00:00+00:00,D_25_35_40_BE_TP1,"[0.25, 0.35, 0.4]",TP1,,,,,,0,,0,389,,0,0,INSUFFICIENT_SAMPLE,,0.0,UNION_ENTRY_BAR_START_TO_EXIT_INCLUDES_UNKNOWN_PRE_TOUCH_PART_OF_ENTRY_BAR,0.0,,1170,0,0,0,INSUFFICIENT_SAMPLE,1170,0,0,0,,0,0.0,0.0,,WITHHELD_BELOW_50_COMPARABLE_CLOSED_TRADES,0,0,,0,,WITHHELD_BELOW_90_DAILY_RETURNS_OR_30_CLOSED_TRADES,0,,0,0.0,1401,,0,0.0,,,,,OBSERVED_HITS_PER_ENTRY_CENSORED_OPEN_TRADES_NOT_ASSUMED_FAILED,False,0.0,NULL_WHEN_NO_TRADES_OR_NO_LOSSES,0,,0,False,True,True
binance_240_60,HOLDOUT_SEGMENT_10,EXTERNAL,binance,240,60,2024-12-08T00:00:00+00:00,2026-01-01T00:00:00+00:00,A_BE_LATER_CLOSE,"[0.4, 0.3, 0.3]",LATER_CLOSE,,,,,,0,,0,389,,0,0,INSUFFICIENT_SAMPLE,,0.0,UNION_ENTRY_BAR_START_TO_EXIT_INCLUDES_UNKNOWN_PRE_TOUCH_PART_OF_ENTRY_BAR,0.0,,1170,0,0,0,INSUFFICIENT_SAMPLE,1170,0,0,0,,0,0.0,0.0,,WITHHELD_BELOW_50_COMPARABLE_CLOSED_TRADES,0,0,,0,,WITHHELD_BELOW_90_DAILY_RETURNS_OR_30_CLOSED_TRADES,0,,0,0.0,1401,,0,0.0,,,,,OBSERVED_HITS_PER_ENTRY_CENSORED_OPEN_TRADES_NOT_ASSUMED_FAILED,False,0.0,NULL_WHEN_NO_TRADES_OR_NO_LOSSES,0,,0,False,True,True
binance_240_60,HOLDOUT_SEGMENT_10,EXTERNAL,binance,240,60,2024-12-08T00:00:00+00:00,2026-01-01T00:00:00+00:00,A_ORIGINAL_SL_UNTIL_TP2,"[0.4, 0.3, 0.3]",TP2,,,,,,0,,0,389,,0,0,INSUFFICIENT_SAMPLE,,0.0,UNION_ENTRY_BAR_START_TO_EXIT_INCLUDES_UNKNOWN_PRE_TOUCH_PART_OF_ENTRY_BAR,0.0,,1170,0,0,0,INSUFFICIENT_SAMPLE,1170,0,0,0,,0,0.0,0.0,,WITHHELD_BELOW_50_COMPARABLE_CLOSED_TRADES,0,0,,0,,WITHHELD_BELOW_90_DAILY_RETURNS_OR_30_CLOSED_TRADES,0,,0,0.0,1401,,0,0.0,,,,,OBSERVED_HITS_PER_ENTRY_CENSORED_OPEN_TRADES_NOT_ASSUMED_FAILED,False,0.0,NULL_WHEN_NO_TRADES_OR_NO_LOSSES,0,,0,False,True,True
binance_240_60,HOLDOUT_SEGMENT_10,EXTERNAL,binance,240,60,2024-12-08T00:00:00+00:00,2026-01-01T00:00:00+00:00,A_STRUCTURAL_AFTER_TP1,"[0.4, 0.3, 0.3]",STRUCTURAL,,,,,,0,,0,389,,0,0,INSUFFICIENT_SAMPLE,,0.0,UNION_ENTRY_BAR_START_TO_EXIT_INCLUDES_UNKNOWN_PRE_TOUCH_PART_OF_ENTRY_BAR,0.0,,1170,0,0,0,INSUFFICIENT_SAMPLE,1170,0,0,0,,0,0.0,0.0,,WITHHELD_BELOW_50_COMPARABLE_CLOSED_TRADES,0,0,,0,,WITHHELD_BELOW_90_DAILY_RETURNS_OR_30_CLOSED_TRADES,0,,0,0.0,1401,,0,0.0,,,,,OBSERVED_HITS_PER_ENTRY_CENSORED_OPEN_TRADES_NOT_ASSUMED_FAILED,False,0.0,NULL_WHEN_NO_TRADES_OR_NO_LOSSES,0,,0,False,True,True
binance_240_60,REFERENCE_SEGMENT_00,EXTERNAL,binance,240,60,2020-09-05T00:00:00+00:00,2020-11-30T06:00:00+00:00,A_40_30_30_BE_TP1,"[0.4, 0.3, 0.3]",TP1,,,,,,0,,0,86,,0,0,INSUFFICIENT_SAMPLE,,0.0,UNION_ENTRY_BAR_START_TO_EXIT_INCLUDES_UNKNOWN_PRE_TOUCH_PART_OF_ENTRY_BAR,0.0,,1170,0,0,0,INSUFFICIENT_SAMPLE,1170,0,0,0,,0,0.0,0.0,,WITHHELD_BELOW_50_COMPARABLE_CLOSED_TRADES,0,0,,0,,WITHHELD_BELOW_90_DAILY_RETURNS_OR_30_CLOSED_TRADES,0,,0,0.0,329,,0,0.0,,,,,OBSERVED_HITS_PER_ENTRY_CENSORED_OPEN_TRADES_NOT_ASSUMED_FAILED,False,0.0,NULL_WHEN_NO_TRADES_OR_NO_LOSSES,0,,0,True,True,True
binance_240_60,REFERENCE_SEGMENT_00,EXTERNAL,binance,240,60,2020-09-05T00:00:00+00:00,2020-11-30T06:00:00+00:00,B_30_30_40_BE_TP1,"[0.3, 0.3, 0.4]",TP1,,,,,,0,,0,86,,0,0,INSUFFICIENT_SAMPLE,,0.0,UNION_ENTRY_BAR_START_TO_EXIT_INCLUDES_UNKNOWN_PRE_TOUCH_PART_OF_ENTRY_BAR,0.0,,1170,0,0,0,INSUFFICIENT_SAMPLE,1170,0,0,0,,0,0.0,0.0,,WITHHELD_BELOW_50_COMPARABLE_CLOSED_TRADES,0,0,,0,,WITHHELD_BELOW_90_DAILY_RETURNS_OR_30_CLOSED_TRADES,0,,0,0.0,329,,0,0.0,,,,,OBSERVED_HITS_PER_ENTRY_CENSORED_OPEN_TRADES_NOT_ASSUMED_FAILED,False,0.0,NULL_WHEN_NO_TRADES_OR_NO_LOSSES,0,,0,False,True,True
binance_240_60,REFERENCE_SEGMENT_00,EXTERNAL,binance,240,60,2020-09-05T00:00:00+00:00,2020-11-30T06:00:00+00:00,C_25_25_50_BE_TP1,"[0.25, 0.25, 0.5]",TP1,,,,,,0,,0,86,,0,0,INSUFFICIENT_SAMPLE,,0.0,UNION_ENTRY_BAR_START_TO_EXIT_INCLUDES_UNKNOWN_PRE_TOUCH_PART_OF_ENTRY_BAR,0.0,,1170,0,0,0,INSUFFICIENT_SAMPLE,1170,0,0,0,,0,0.0,0.0,,WITHHELD_BELOW_50_COMPARABLE_CLOSED_TRADES,0,0,,0,,WITHHELD_BELOW_90_DAILY_RETURNS_OR_30_CLOSED_TRADES,0,,0,0.0,329,,0,0.0,,,,,OBSERVED_HITS_PER_ENTRY_CENSORED_OPEN_TRADES_NOT_ASSUMED_FAILED,False,0.0,NULL_WHEN_NO_TRADES_OR_NO_LOSSES,0,,0,False,True,True
binance_240_60,REFERENCE_SEGMENT_00,EXTERNAL,binance,240,60,2020-09-05T00:00:00+00:00,2020-11-30T06:00:00+00:00,D_25_35_40_BE_TP1,"[0.25, 0.35, 0.4]",TP1,,,,,,0,,0,86,,0,0,INSUFFICIENT_SAMPLE,,0.0,UNION_ENTRY_BAR_START_TO_EXIT_INCLUDES_UNKNOWN_PRE_TOUCH_PART_OF_ENTRY_BAR,0.0,,1170,0,0,0,INSUFFICIENT_SAMPLE,1170,0,0,0,,0,0.0,0.0,,WITHHELD_BELOW_50_COMPARABLE_CLOSED_TRADES,0,0,,0,,WITHHELD_BELOW_90_DAILY_RETURNS_OR_30_CLOSED_TRADES,0,,0,0.0,329,,0,0.0,,,,,OBSERVED_HITS_PER_ENTRY_CENSORED_OPEN_TRADES_NOT_ASSUMED_FAILED,False,0.0,NULL_WHEN_NO_TRADES_OR_NO_LOSSES,0,,0,False,True,True
binance_240_60,REFERENCE_SEGMENT_00,EXTERNAL,binance,240,60,2020-09-05T00:00:00+00:00,2020-11-30T06:00:00+00:00,A_BE_LATER_CLOSE,"[0.4, 0.3, 0.3]",LATER_CLOSE,,,,,,0,,0,86,,0,0,INSUFFICIENT_SAMPLE,,0.0,UNION_ENTRY_BAR_START_TO_EXIT_INCLUDES_UNKNOWN_PRE_TOUCH_PART_OF_ENTRY_BAR,0.0,,1170,0,0,0,INSUFFICIENT_SAMPLE,1170,0,0,0,,0,0.0,0.0,,WITHHELD_BELOW_50_COMPARABLE_CLOSED_TRADES,0,0,,0,,WITHHELD_BELOW_90_DAILY_RETURNS_OR_30_CLOSED_TRADES,0,,0,0.0,329,,0,0.0,,,,,OBSERVED_HITS_PER_ENTRY_CENSORED_OPEN_TRADES_NOT_ASSUMED_FAILED,False,0.0,NULL_WHEN_NO_TRADES_OR_NO_LOSSES,0,,0,False,True,True
binance_240_60,REFERENCE_SEGMENT_00,EXTERNAL,binance,240,60,2020-09-05T00:00:00+00:00,2020-11-30T06:00:00+00:00,A_ORIGINAL_SL_UNTIL_TP2,"[0.4, 0.3, 0.3]",TP2,,,,,,0,,0,86,,0,0,INSUFFICIENT_SAMPLE,,0.0,UNION_ENTRY_BAR_START_TO_EXIT_INCLUDES_UNKNOWN_PRE_TOUCH_PART_OF_ENTRY_BAR,0.0,,1170,0,0,0,INSUFFICIENT_SAMPLE,1170,0,0,0,,0,0.0,0.0,,WITHHELD_BELOW_50_COMPARABLE_CLOSED_TRADES,0,0,,0,,WITHHELD_BELOW_90_DAILY_RETURNS_OR_30_CLOSED_TRADES,0,,0,0.0,329,,0,0.0,,,,,OBSERVED_HITS_PER_ENTRY_CENSORED_OPEN_TRADES_NOT_ASSUMED_FAILED,False,0.0,NULL_WHEN_NO_TRADES_OR_NO_LOSSES,0,,0,False,True,True
binance_240_60,REFERENCE_SEGMENT_00,EXTERNAL,binance,240,60,2020-09-05T00:00:00+00:00,2020-11-30T06:00:00+00:00,A_STRUCTURAL_AFTER_TP1,"[0.4, 0.3, 0.3]",STRUCTURAL,,,,,,0,,0,86,,0,0,INSUFFICIENT_SAMPLE,,0.0,UNION_ENTRY_BAR_START_TO_EXIT_INCLUDES_UNKNOWN_PRE_TOUCH_PART_OF_ENTRY_BAR,0.0,,1170,0,0,0,INSUFFICIENT_SAMPLE,1170,0,0,0,,0,0.0,0.0,,WITHHELD_BELOW_50_COMPARABLE_CLOSED_TRADES,0,0,,0,,WITHHELD_BELOW_90_DAILY_RETURNS_OR_30_CLOSED_TRADES,0,,0,0.0,329,,0,0.0,,,,,OBSERVED_HITS_PER_ENTRY_CENSORED_OPEN_TRADES_NOT_ASSUMED_FAILED,False,0.0,NULL_WHEN_NO_TRADES_OR_NO_LOSSES,0,,0,False,True,True
binance_240_60,REFERENCE_SEGMENT_03,EXTERNAL,binance,240,60,2021-01-18T03:00:00+00:00,2021-02-11T03:00:00+00:00,A_40_30_30_BE_TP1,"[0.4, 0.3, 0.3]",TP1,,,,,,0,,0,23,,0,0,INSUFFICIENT_SAMPLE,,0.0,UNION_ENTRY_BAR_START_TO_EXIT_INCLUDES_UNKNOWN_PRE_TOUCH_PART_OF_ENTRY_BAR,0.0,,1170,0,0,0,INSUFFICIENT_SAMPLE,1170,0,0,0,,0,0.0,0.0,,WITHHELD_BELOW_50_COMPARABLE_CLOSED_TRADES,0,0,,0,,WITHHELD_BELOW_90_DAILY_RETURNS_OR_30_CLOSED_TRADES,0,,0,0.0,102,,0,0.0,,,,,OBSERVED_HITS_PER_ENTRY_CENSORED_OPEN_TRADES_NOT_ASSUMED_FAILED,False,0.0,NULL_WHEN_NO_TRADES_OR_NO_LOSSES,0,,0,True,True,True
binance_240_60,REFERENCE_SEGMENT_03,EXTERNAL,binance,240,60,2021-01-18T03:00:00+00:00,2021-02-11T03:00:00+00:00,B_30_30_40_BE_TP1,"[0.3, 0.3, 0.4]",TP1,,,,,,0,,0,23,,0,0,INSUFFICIENT_SAMPLE,,0.0,UNION_ENTRY_BAR_START_TO_EXIT_INCLUDES_UNKNOWN_PRE_TOUCH_PART_OF_ENTRY_BAR,0.0,,1170,0,0,0,INSUFFICIENT_SAMPLE,1170,0,0,0,,0,0.0,0.0,,WITHHELD_BELOW_50_COMPARABLE_CLOSED_TRADES,0,0,,0,,WITHHELD_BELOW_90_DAILY_RETURNS_OR_30_CLOSED_TRADES,0,,0,0.0,102,,0,0.0,,,,,OBSERVED_HITS_PER_ENTRY_CENSORED_OPEN_TRADES_NOT_ASSUMED_FAILED,False,0.0,NULL_WHEN_NO_TRADES_OR_NO_LOSSES,0,,0,False,True,True
binance_240_60,REFERENCE_SEGMENT_03,EXTERNAL,binance,240,60,2021-01-18T03:00:00+00:00,2021-02-11T03:00:00+00:00,C_25_25_50_BE_TP1,"[0.25, 0.25, 0.5]",TP1,,,,,,0,,0,23,,0,0,INSUFFICIENT_SAMPLE,,0.0,UNION_ENTRY_BAR_START_TO_EXIT_INCLUDES_UNKNOWN_PRE_TOUCH_PART_OF_ENTRY_BAR,0.0,,1170,0,0,0,INSUFFICIENT_SAMPLE,1170,0,0,0,,0,0.0,0.0,,WITHHELD_BELOW_50_COMPARABLE_CLOSED_TRADES,0,0,,0,,WITHHELD_BELOW_90_DAILY_RETURNS_OR_30_CLOSED_TRADES,0,,0,0.0,102,,0,0.0,,,,,OBSERVED_HITS_PER_ENTRY_CENSORED_OPEN_TRADES_NOT_ASSUMED_FAILED,False,0.0,NULL_WHEN_NO_TRADES_OR_NO_LOSSES,0,,0,False,True,True
binance_240_60,REFERENCE_SEGMENT_03,EXTERNAL,binance,240,60,2021-01-18T03:00:00+00:00,2021-02-11T03:00:00+00:00,D_25_35_40_BE_TP1,"[0.25, 0.35, 0.4]",TP1,,,,,,0,,0,23,,0,0,INSUFFICIENT_SAMPLE,,0.0,UNION_ENTRY_BAR_START_TO_EXIT_INCLUDES_UNKNOWN_PRE_TOUCH_PART_OF_ENTRY_BAR,0.0,,1170,0,0,0,INSUFFICIENT_SAMPLE,1170,0,0,0,,0,0.0,0.0,,WITHHELD_BELOW_50_COMPARABLE_CLOSED_TRADES,0,0,,0,,WITHHELD_BELOW_90_DAILY_RETURNS_OR_30_CLOSED_TRADES,0,,0,0.0,102,,0,0.0,,,,,OBSERVED_HITS_PER_ENTRY_CENSORED_OPEN_TRADES_NOT_ASSUMED_FAILED,False,0.0,NULL_WHEN_NO_TRADES_OR_NO_LOSSES,0,,0,False,True,True
binance_240_60,REFERENCE_SEGMENT_03,EXTERNAL,binance,240,60,2021-01-18T03:00:00+00:00,2021-02-11T03:00:00+00:00,A_BE_LATER_CLOSE,"[0.4, 0.3, 0.3]",LATER_CLOSE,,,,,,0,,0,23,,0,0,INSUFFICIENT_SAMPLE,,0.0,UNION_ENTRY_BAR_START_TO_EXIT_INCLUDES_UNKNOWN_PRE_TOUCH_PART_OF_ENTRY_BAR,0.0,,1170,0,0,0,INSUFFICIENT_SAMPLE,1170,0,0,0,,0,0.0,0.0,,WITHHELD_BELOW_50_COMPARABLE_CLOSED_TRADES,0,0,,0,,WITHHELD_BELOW_90_DAILY_RETURNS_OR_30_CLOSED_TRADES,0,,0,0.0,102,,0,0.0,,,,,OBSERVED_HITS_PER_ENTRY_CENSORED_OPEN_TRADES_NOT_ASSUMED_FAILED,False,0.0,NULL_WHEN_NO_TRADES_OR_NO_LOSSES,0,,0,False,True,True
binance_240_60,REFERENCE_SEGMENT_03,EXTERNAL,binance,240,60,2021-01-18T03:00:00+00:00,2021-02-11T03:00:00+00:00,A_ORIGINAL_SL_UNTIL_TP2,"[0.4, 0.3, 0.3]",TP2,,,,,,0,,0,23,,0,0,INSUFFICIENT_SAMPLE,,0.0,UNION_ENTRY_BAR_START_TO_EXIT_INCLUDES_UNKNOWN_PRE_TOUCH_PART_OF_ENTRY_BAR,0.0,,1170,0,0,0,INSUFFICIENT_SAMPLE,1170,0,0,0,,0,0.0,0.0,,WITHHELD_BELOW_50_COMPARABLE_CLOSED_TRADES,0,0,,0,,WITHHELD_BELOW_90_DAILY_RETURNS_OR_30_CLOSED_TRADES,0,,0,0.0,102,,0,0.0,,,,,OBSERVED_HITS_PER_ENTRY_CENSORED_OPEN_TRADES_NOT_ASSUMED_FAILED,False,0.0,NULL_WHEN_NO_TRADES_OR_NO_LOSSES,0,,0,False,True,True
binance_240_60,REFERENCE_SEGMENT_03,EXTERNAL,binance,240,60,2021-01-18T03:00:00+00:00,2021-02-11T03:00:00+00:00,A_STRUCTURAL_AFTER_TP1,"[0.4, 0.3, 0.3]",STRUCTURAL,,,,,,0,,0,23,,0,0,INSUFFICIENT_SAMPLE,,0.0,UNION_ENTRY_BAR_START_TO_EXIT_INCLUDES_UNKNOWN_PRE_TOUCH_PART_OF_ENTRY_BAR,0.0,,1170,0,0,0,INSUFFICIENT_SAMPLE,1170,0,0,0,,0,0.0,0.0,,WITHHELD_BELOW_50_COMPARABLE_CLOSED_TRADES,0,0,,0,,WITHHELD_BELOW_90_DAILY_RETURNS_OR_30_CLOSED_TRADES,0,,0,0.0,102,,0,0.0,,,,,OBSERVED_HITS_PER_ENTRY_CENSORED_OPEN_TRADES_NOT_ASSUMED_FAILED,False,0.0,NULL_WHEN_NO_TRADES_OR_NO_LOSSES,0,,0,False,True,True
binance_240_60,REFERENCE_SEGMENT_05,EXTERNAL,binance,240,60,2021-03-30T04:00:00+00:00,2021-04-20T02:00:00+00:00,A_40_30_30_BE_TP1,"[0.4, 0.3, 0.3]",TP1,,,,,,0,,0,20,,0,0,INSUFFICIENT_SAMPLE,,0.0,UNION_ENTRY_BAR_START_TO_EXIT_INCLUDES_UNKNOWN_PRE_TOUCH_PART_OF_ENTRY_BAR,0.0,,1170,0,0,0,INSUFFICIENT_SAMPLE,1170,0,0,0,,0,0.0,0.0,,WITHHELD_BELOW_50_COMPARABLE_CLOSED_TRADES,0,0,,0,,WITHHELD_BELOW_90_DAILY_RETURNS_OR_30_CLOSED_TRADES,0,,0,0.0,129,,0,0.0,,,,,OBSERVED_HITS_PER_ENTRY_CENSORED_OPEN_TRADES_NOT_ASSUMED_FAILED,False,0.0,NULL_WHEN_NO_TRADES_OR_NO_LOSSES,0,,0,True,True,True
binance_240_60,REFERENCE_SEGMENT_05,EXTERNAL,binance,240,60,2021-03-30T04:00:00+00:00,2021-04-20T02:00:00+00:00,B_30_30_40_BE_TP1,"[0.3, 0.3, 0.4]",TP1,,,,,,0,,0,20,,0,0,INSUFFICIENT_SAMPLE,,0.0,UNION_ENTRY_BAR_START_TO_EXIT_INCLUDES_UNKNOWN_PRE_TOUCH_PART_OF_ENTRY_BAR,0.0,,1170,0,0,0,INSUFFICIENT_SAMPLE,1170,0,0,0,,0,0.0,0.0,,WITHHELD_BELOW_50_COMPARABLE_CLOSED_TRADES,0,0,,0,,WITHHELD_BELOW_90_DAILY_RETURNS_OR_30_CLOSED_TRADES,0,,0,0.0,129,,0,0.0,,,,,OBSERVED_HITS_PER_ENTRY_CENSORED_OPEN_TRADES_NOT_ASSUMED_FAILED,False,0.0,NULL_WHEN_NO_TRADES_OR_NO_LOSSES,0,,0,False,True,True
binance_240_60,REFERENCE_SEGMENT_05,EXTERNAL,binance,240,60,2021-03-30T04:00:00+00:00,2021-04-20T02:00:00+00:00,C_25_25_50_BE_TP1,"[0.25, 0.25, 0.5]",TP1,,,,,,0,,0,20,,0,0,INSUFFICIENT_SAMPLE,,0.0,UNION_ENTRY_BAR_START_TO_EXIT_INCLUDES_UNKNOWN_PRE_TOUCH_PART_OF_ENTRY_BAR,0.0,,1170,0,0,0,INSUFFICIENT_SAMPLE,1170,0,0,0,,0,0.0,0.0,,WITHHELD_BELOW_50_COMPARABLE_CLOSED_TRADES,0,0,,0,,WITHHELD_BELOW_90_DAILY_RETURNS_OR_30_CLOSED_TRADES,0,,0,0.0,129,,0,0.0,,,,,OBSERVED_HITS_PER_ENTRY_CENSORED_OPEN_TRADES_NOT_ASSUMED_FAILED,False,0.0,NULL_WHEN_NO_TRADES_OR_NO_LOSSES,0,,0,False,True,True
binance_240_60,REFERENCE_SEGMENT_05,EXTERNAL,binance,240,60,2021-03-30T04:00:00+00:00,2021-04-20T02:00:00+00:00,D_25_35_40_BE_TP1,"[0.25, 0.35, 0.4]",TP1,,,,,,0,,0,20,,0,0,INSUFFICIENT_SAMPLE,,0.0,UNION_ENTRY_BAR_START_TO_EXIT_INCLUDES_UNKNOWN_PRE_TOUCH_PART_OF_ENTRY_BAR,0.0,,1170,0,0,0,INSUFFICIENT_SAMPLE,1170,0,0,0,,0,0.0,0.0,,WITHHELD_BELOW_50_COMPARABLE_CLOSED_TRADES,0,0,,0,,WITHHELD_BELOW_90_DAILY_RETURNS_OR_30_CLOSED_TRADES,0,,0,0.0,129,,0,0.0,,,,,OBSERVED_HITS_PER_ENTRY_CENSORED_OPEN_TRADES_NOT_ASSUMED_FAILED,False,0.0,NULL_WHEN_NO_TRADES_OR_NO_LOSSES,0,,0,False,True,True
binance_240_60,REFERENCE_SEGMENT_05,EXTERNAL,binance,240,60,2021-03-30T04:00:00+00:00,2021-04-20T02:00:00+00:00,A_BE_LATER_CLOSE,"[0.4, 0.3, 0.3]",LATER_CLOSE,,,,,,0,,0,20,,0,0,INSUFFICIENT_SAMPLE,,0.0,UNION_ENTRY_BAR_START_TO_EXIT_INCLUDES_UNKNOWN_PRE_TOUCH_PART_OF_ENTRY_BAR,0.0,,1170,0,0,0,INSUFFICIENT_SAMPLE,1170,0,0,0,,0,0.0,0.0,,WITHHELD_BELOW_50_COMPARABLE_CLOSED_TRADES,0,0,,0,,WITHHELD_BELOW_90_DAILY_RETURNS_OR_30_CLOSED_TRADES,0,,0,0.0,129,,0,0.0,,,,,OBSERVED_HITS_PER_ENTRY_CENSORED_OPEN_TRADES_NOT_ASSUMED_FAILED,False,0.0,NULL_WHEN_NO_TRADES_OR_NO_LOSSES,0,,0,False,True,True
binance_240_60,REFERENCE_SEGMENT_05,EXTERNAL,binance,240,60,2021-03-30T04:00:00+00:00,2021-04-20T02:00:00+00:00,A_ORIGINAL_SL_UNTIL_TP2,"[0.4, 0.3, 0.3]",TP2,,,,,,0,,0,20,,0,0,INSUFFICIENT_SAMPLE,,0.0,UNION_ENTRY_BAR_START_TO_EXIT_INCLUDES_UNKNOWN_PRE_TOUCH_PART_OF_ENTRY_BAR,0.0,,1170,0,0,0,INSUFFICIENT_SAMPLE,1170,0,0,0,,0,0.0,0.0,,WITHHELD_BELOW_50_COMPARABLE_CLOSED_TRADES,0,0,,0,,WITHHELD_BELOW_90_DAILY_RETURNS_OR_30_CLOSED_TRADES,0,,0,0.0,129,,0,0.0,,,,,OBSERVED_HITS_PER_ENTRY_CENSORED_OPEN_TRADES_NOT_ASSUMED_FAILED,False,0.0,NULL_WHEN_NO_TRADES_OR_NO_LOSSES,0,,0,False,True,True
binance_240_60,REFERENCE_SEGMENT_05,EXTERNAL,binance,240,60,2021-03-30T04:00:00+00:00,2021-04-20T02:00:00+00:00,A_STRUCTURAL_AFTER_TP1,"[0.4, 0.3, 0.3]",STRUCTURAL,,,,,,0,,0,20,,0,0,INSUFFICIENT_SAMPLE,,0.0,UNION_ENTRY_BAR_START_TO_EXIT_INCLUDES_UNKNOWN_PRE_TOUCH_PART_OF_ENTRY_BAR,0.0,,1170,0,0,0,INSUFFICIENT_SAMPLE,1170,0,0,0,,0,0.0,0.0,,WITHHELD_BELOW_50_COMPARABLE_CLOSED_TRADES,0,0,,0,,WITHHELD_BELOW_90_DAILY_RETURNS_OR_30_CLOSED_TRADES,0,,0,0.0,129,,0,0.0,,,,,OBSERVED_HITS_PER_ENTRY_CENSORED_OPEN_TRADES_NOT_ASSUMED_FAILED,False,0.0,NULL_WHEN_NO_TRADES_OR_NO_LOSSES,0,,0,False,True,True
binance_240_60,REFERENCE_SEGMENT_07,EXTERNAL,binance,240,60,2021-05-19T09:00:00+00:00,2021-08-13T02:00:00+00:00,A_40_30_30_BE_TP1,"[0.4, 0.3, 0.3]",TP1,,,,,,0,,0,85,,0,0,INSUFFICIENT_SAMPLE,,0.0,UNION_ENTRY_BAR_START_TO_EXIT_INCLUDES_UNKNOWN_PRE_TOUCH_PART_OF_ENTRY_BAR,0.0,,1170,0,0,0,INSUFFICIENT_SAMPLE,1170,0,0,0,,0,0.0,0.0,,WITHHELD_BELOW_50_COMPARABLE_CLOSED_TRADES,0,0,,0,,WITHHELD_BELOW_90_DAILY_RETURNS_OR_30_CLOSED_TRADES,0,,0,0.0,294,,0,0.0,,,,,OBSERVED_HITS_PER_ENTRY_CENSORED_OPEN_TRADES_NOT_ASSUMED_FAILED,False,0.0,NULL_WHEN_NO_TRADES_OR_NO_LOSSES,0,,0,True,True,True
binance_240_60,REFERENCE_SEGMENT_07,EXTERNAL,binance,240,60,2021-05-19T09:00:00+00:00,2021-08-13T02:00:00+00:00,B_30_30_40_BE_TP1,"[0.3, 0.3, 0.4]",TP1,,,,,,0,,0,85,,0,0,INSUFFICIENT_SAMPLE,,0.0,UNION_ENTRY_BAR_START_TO_EXIT_INCLUDES_UNKNOWN_PRE_TOUCH_PART_OF_ENTRY_BAR,0.0,,1170,0,0,0,INSUFFICIENT_SAMPLE,1170,0,0,0,,0,0.0,0.0,,WITHHELD_BELOW_50_COMPARABLE_CLOSED_TRADES,0,0,,0,,WITHHELD_BELOW_90_DAILY_RETURNS_OR_30_CLOSED_TRADES,0,,0,0.0,294,,0,0.0,,,,,OBSERVED_HITS_PER_ENTRY_CENSORED_OPEN_TRADES_NOT_ASSUMED_FAILED,False,0.0,NULL_WHEN_NO_TRADES_OR_NO_LOSSES,0,,0,False,True,True
binance_240_60,REFERENCE_SEGMENT_07,EXTERNAL,binance,240,60,2021-05-19T09:00:00+00:00,2021-08-13T02:00:00+00:00,C_25_25_50_BE_TP1,"[0.25, 0.25, 0.5]",TP1,,,,,,0,,0,85,,0,0,INSUFFICIENT_SAMPLE,,0.0,UNION_ENTRY_BAR_START_TO_EXIT_INCLUDES_UNKNOWN_PRE_TOUCH_PART_OF_ENTRY_BAR,0.0,,1170,0,0,0,INSUFFICIENT_SAMPLE,1170,0,0,0,,0,0.0,0.0,,WITHHELD_BELOW_50_COMPARABLE_CLOSED_TRADES,0,0,,0,,WITHHELD_BELOW_90_DAILY_RETURNS_OR_30_CLOSED_TRADES,0,,0,0.0,294,,0,0.0,,,,,OBSERVED_HITS_PER_ENTRY_CENSORED_OPEN_TRADES_NOT_ASSUMED_FAILED,False,0.0,NULL_WHEN_NO_TRADES_OR_NO_LOSSES,0,,0,False,True,True
binance_240_60,REFERENCE_SEGMENT_07,EXTERNAL,binance,240,60,2021-05-19T09:00:00+00:00,2021-08-13T02:00:00+00:00,D_25_35_40_BE_TP1,"[0.25, 0.35, 0.4]",TP1,,,,,,0,,0,85,,0,0,INSUFFICIENT_SAMPLE,,0.0,UNION_ENTRY_BAR_START_TO_EXIT_INCLUDES_UNKNOWN_PRE_TOUCH_PART_OF_ENTRY_BAR,0.0,,1170,0,0,0,INSUFFICIENT_SAMPLE,1170,0,0,0,,0,0.0,0.0,,WITHHELD_BELOW_50_COMPARABLE_CLOSED_TRADES,0,0,,0,,WITHHELD_BELOW_90_DAILY_RETURNS_OR_30_CLOSED_TRADES,0,,0,0.0,294,,0,0.0,,,,,OBSERVED_HITS_PER_ENTRY_CENSORED_OPEN_TRADES_NOT_ASSUMED_FAILED,False,0.0,NULL_WHEN_NO_TRADES_OR_NO_LOSSES,0,,0,False,True,True
binance_240_60,REFERENCE_SEGMENT_07,EXTERNAL,binance,240,60,2021-05-19T09:00:00+00:00,2021-08-13T02:00:00+00:00,A_BE_LATER_CLOSE,"[0.4, 0.3, 0.3]",LATER_CLOSE,,,,,,0,,0,85,,0,0,INSUFFICIENT_SAMPLE,,0.0,UNION_ENTRY_BAR_START_TO_EXIT_INCLUDES_UNKNOWN_PRE_TOUCH_PART_OF_ENTRY_BAR,0.0,,1170,0,0,0,INSUFFICIENT_SAMPLE,1170,0,0,0,,0,0.0,0.0,,WITHHELD_BELOW_50_COMPARABLE_CLOSED_TRADES,0,0,,0,,WITHHELD_BELOW_90_DAILY_RETURNS_OR_30_CLOSED_TRADES,0,,0,0.0,294,,0,0.0,,,,,OBSERVED_HITS_PER_ENTRY_CENSORED_OPEN_TRADES_NOT_ASSUMED_FAILED,False,0.0,NULL_WHEN_NO_TRADES_OR_NO_LOSSES,0,,0,False,True,True
binance_240_60,REFERENCE_SEGMENT_07,EXTERNAL,binance,240,60,2021-05-19T09:00:00+00:00,2021-08-13T02:00:00+00:00,A_ORIGINAL_SL_UNTIL_TP2,"[0.4, 0.3, 0.3]",TP2,,,,,,0,,0,85,,0,0,INSUFFICIENT_SAMPLE,,0.0,UNION_ENTRY_BAR_START_TO_EXIT_INCLUDES_UNKNOWN_PRE_TOUCH_PART_OF_ENTRY_BAR,0.0,,1170,0,0,0,INSUFFICIENT_SAMPLE,1170,0,0,0,,0,0.0,0.0,,WITHHELD_BELOW_50_COMPARABLE_CLOSED_TRADES,0,0,,0,,WITHHELD_BELOW_90_DAILY_RETURNS_OR_30_CLOSED_TRADES,0,,0,0.0,294,,0,0.0,,,,,OBSERVED_HITS_PER_ENTRY_CENSORED_OPEN_TRADES_NOT_ASSUMED_FAILED,False,0.0,NULL_WHEN_NO_TRADES_OR_NO_LOSSES,0,,0,False,True,True
binance_240_60,REFERENCE_SEGMENT_07,EXTERNAL,binance,240,60,2021-05-19T09:00:00+00:00,2021-08-13T02:00:00+00:00,A_STRUCTURAL_AFTER_TP1,"[0.4, 0.3, 0.3]",STRUCTURAL,,,,,,0,,0,85,,0,0,INSUFFICIENT_SAMPLE,,0.0,UNION_ENTRY_BAR_START_TO_EXIT_INCLUDES_UNKNOWN_PRE_TOUCH_PART_OF_ENTRY_BAR,0.0,,1170,0,0,0,INSUFFICIENT_SAMPLE,1170,0,0,0,,0,0.0,0.0,,WITHHELD_BELOW_50_COMPARABLE_CLOSED_TRADES,0,0,,0,,WITHHELD_BELOW_90_DAILY_RETURNS_OR_30_CLOSED_TRADES,0,,0,0.0,294,,0,0.0,,,,,OBSERVED_HITS_PER_ENTRY_CENSORED_OPEN_TRADES_NOT_ASSUMED_FAILED,False,0.0,NULL_WHEN_NO_TRADES_OR_NO_LOSSES,0,,0,False,True,True
binance_240_60,REFERENCE_SEGMENT_08,EXTERNAL,binance,240,60,2021-09-06T07:00:00+00:00,2021-09-29T07:00:00+00:00,A_40_30_30_BE_TP1,"[0.4, 0.3, 0.3]",TP1,,,,,,0,,0,22,,0,0,INSUFFICIENT_SAMPLE,,0.0,UNION_ENTRY_BAR_START_TO_EXIT_INCLUDES_UNKNOWN_PRE_TOUCH_PART_OF_ENTRY_BAR,0.0,,1170,0,0,0,INSUFFICIENT_SAMPLE,1170,0,0,0,,0,0.0,0.0,,WITHHELD_BELOW_50_COMPARABLE_CLOSED_TRADES,0,0,,0,,WITHHELD_BELOW_90_DAILY_RETURNS_OR_30_CLOSED_TRADES,0,,0,0.0,116,,0,0.0,,,,,OBSERVED_HITS_PER_ENTRY_CENSORED_OPEN_TRADES_NOT_ASSUMED_FAILED,False,0.0,NULL_WHEN_NO_TRADES_OR_NO_LOSSES,0,,0,True,True,True
binance_240_60,REFERENCE_SEGMENT_08,EXTERNAL,binance,240,60,2021-09-06T07:00:00+00:00,2021-09-29T07:00:00+00:00,B_30_30_40_BE_TP1,"[0.3, 0.3, 0.4]",TP1,,,,,,0,,0,22,,0,0,INSUFFICIENT_SAMPLE,,0.0,UNION_ENTRY_BAR_START_TO_EXIT_INCLUDES_UNKNOWN_PRE_TOUCH_PART_OF_ENTRY_BAR,0.0,,1170,0,0,0,INSUFFICIENT_SAMPLE,1170,0,0,0,,0,0.0,0.0,,WITHHELD_BELOW_50_COMPARABLE_CLOSED_TRADES,0,0,,0,,WITHHELD_BELOW_90_DAILY_RETURNS_OR_30_CLOSED_TRADES,0,,0,0.0,116,,0,0.0,,,,,OBSERVED_HITS_PER_ENTRY_CENSORED_OPEN_TRADES_NOT_ASSUMED_FAILED,False,0.0,NULL_WHEN_NO_TRADES_OR_NO_LOSSES,0,,0,False,True,True
binance_240_60,REFERENCE_SEGMENT_08,EXTERNAL,binance,240,60,2021-09-06T07:00:00+00:00,2021-09-29T07:00:00+00:00,C_25_25_50_BE_TP1,"[0.25, 0.25, 0.5]",TP1,,,,,,0,,0,22,,0,0,INSUFFICIENT_SAMPLE,,0.0,UNION_ENTRY_BAR_START_TO_EXIT_INCLUDES_UNKNOWN_PRE_TOUCH_PART_OF_ENTRY_BAR,0.0,,1170,0,0,0,INSUFFICIENT_SAMPLE,1170,0,0,0,,0,0.0,0.0,,WITHHELD_BELOW_50_COMPARABLE_CLOSED_TRADES,0,0,,0,,WITHHELD_BELOW_90_DAILY_RETURNS_OR_30_CLOSED_TRADES,0,,0,0.0,116,,0,0.0,,,,,OBSERVED_HITS_PER_ENTRY_CENSORED_OPEN_TRADES_NOT_ASSUMED_FAILED,False,0.0,NULL_WHEN_NO_TRADES_OR_NO_LOSSES,0,,0,False,True,True
binance_240_60,REFERENCE_SEGMENT_08,EXTERNAL,binance,240,60,2021-09-06T07:00:00+00:00,2021-09-29T07:00:00+00:00,D_25_35_40_BE_TP1,"[0.25, 0.35, 0.4]",TP1,,,,,,0,,0,22,,0,0,INSUFFICIENT_SAMPLE,,0.0,UNION_ENTRY_BAR_START_TO_EXIT_INCLUDES_UNKNOWN_PRE_TOUCH_PART_OF_ENTRY_BAR,0.0,,1170,0,0,0,INSUFFICIENT_SAMPLE,1170,0,0,0,,0,0.0,0.0,,WITHHELD_BELOW_50_COMPARABLE_CLOSED_TRADES,0,0,,0,,WITHHELD_BELOW_90_DAILY_RETURNS_OR_30_CLOSED_TRADES,0,,0,0.0,116,,0,0.0,,,,,OBSERVED_HITS_PER_ENTRY_CENSORED_OPEN_TRADES_NOT_ASSUMED_FAILED,False,0.0,NULL_WHEN_NO_TRADES_OR_NO_LOSSES,0,,0,False,True,True
binance_240_60,REFERENCE_SEGMENT_08,EXTERNAL,binance,240,60,2021-09-06T07:00:00+00:00,2021-09-29T07:00:00+00:00,A_BE_LATER_CLOSE,"[0.4, 0.3, 0.3]",LATER_CLOSE,,,,,,0,,0,22,,0,0,INSUFFICIENT_SAMPLE,,0.0,UNION_ENTRY_BAR_START_TO_EXIT_INCLUDES_UNKNOWN_PRE_TOUCH_PART_OF_ENTRY_BAR,0.0,,1170,0,0,0,INSUFFICIENT_SAMPLE,1170,0,0,0,,0,0.0,0.0,,WITHHELD_BELOW_50_COMPARABLE_CLOSED_TRADES,0,0,,0,,WITHHELD_BELOW_90_DAILY_RETURNS_OR_30_CLOSED_TRADES,0,,0,0.0,116,,0,0.0,,,,,OBSERVED_HITS_PER_ENTRY_CENSORED_OPEN_TRADES_NOT_ASSUMED_FAILED,False,0.0,NULL_WHEN_NO_TRADES_OR_NO_LOSSES,0,,0,False,True,True
binance_240_60,REFERENCE_SEGMENT_08,EXTERNAL,binance,240,60,2021-09-06T07:00:00+00:00,2021-09-29T07:00:00+00:00,A_ORIGINAL_SL_UNTIL_TP2,"[0.4, 0.3, 0.3]",TP2,,,,,,0,,0,22,,0,0,INSUFFICIENT_SAMPLE,,0.0,UNION_ENTRY_BAR_START_TO_EXIT_INCLUDES_UNKNOWN_PRE_TOUCH_PART_OF_ENTRY_BAR,0.0,,1170,0,0,0,INSUFFICIENT_SAMPLE,1170,0,0,0,,0,0.0,0.0,,WITHHELD_BELOW_50_COMPARABLE_CLOSED_TRADES,0,0,,0,,WITHHELD_BELOW_90_DAILY_RETURNS_OR_30_CLOSED_TRADES,0,,0,0.0,116,,0,0.0,,,,,OBSERVED_HITS_PER_ENTRY_CENSORED_OPEN_TRADES_NOT_ASSUMED_FAILED,False,0.0,NULL_WHEN_NO_TRADES_OR_NO_LOSSES,0,,0,False,True,True
binance_240_60,REFERENCE_SEGMENT_08,EXTERNAL,binance,240,60,2021-09-06T07:00:00+00:00,2021-09-29T07:00:00+00:00,A_STRUCTURAL_AFTER_TP1,"[0.4, 0.3, 0.3]",STRUCTURAL,,,,,,0,,0,22,,0,0,INSUFFICIENT_SAMPLE,,0.0,UNION_ENTRY_BAR_START_TO_EXIT_INCLUDES_UNKNOWN_PRE_TOUCH_PART_OF_ENTRY_BAR,0.0,,1170,0,0,0,INSUFFICIENT_SAMPLE,1170,0,0,0,,0,0.0,0.0,,WITHHELD_BELOW_50_COMPARABLE_CLOSED_TRADES,0,0,,0,,WITHHELD_BELOW_90_DAILY_RETURNS_OR_30_CLOSED_TRADES,0,,0,0.0,116,,0,0.0,,,,,OBSERVED_HITS_PER_ENTRY_CENSORED_OPEN_TRADES_NOT_ASSUMED_FAILED,False,0.0,NULL_WHEN_NO_TRADES_OR_NO_LOSSES,0,,0,False,True,True
binance_240_60,REFERENCE_SEGMENT_09,EXTERNAL,binance,240,60,2021-10-23T09:00:00+00:00,2023-03-24T12:00:00+00:00,A_40_30_30_BE_TP1,"[0.4, 0.3, 0.3]",TP1,-0.9999999999999999,154800.0,23.4,,0.0,0,,1,516,,1,-23.40000000000009,INSUFFICIENT_SAMPLE,-23.4,0.003545242123922327,UNION_ENTRY_BAR_START_TO_EXIT_INCLUDES_UNKNOWN_PRE_TOUCH_PART_OF_ENTRY_BAR,1.923607819352366,,1146.6,-21.476392180647633,23.4,0,INSUFFICIENT_SAMPLE,1170,1,1,0,1.0,1,1987200.0,0.06888511129090993,-0.9999999999999999,WITHHELD_BELOW_50_COMPARABLE_CLOSED_TRADES,-23.4,0,,0,0.0,WITHHELD_BELOW_90_DAILY_RETURNS_OR_30_CLOSED_TRADES,1,1.0,-23.40000000000009,23.4,1586,,0,0.6412017730431665,,0.0,0.0,0.0,OBSERVED_HITS_PER_ENTRY_CENSORED_OPEN_TRADES_NOT_ASSUMED_FAILED,False,0.05885907662557409,NULL_WHEN_NO_TRADES_OR_NO_LOSSES,0,0.0,0,True,True,True
binance_240_60,REFERENCE_SEGMENT_09,EXTERNAL,binance,240,60,2021-10-23T09:00:00+00:00,2023-03-24T12:00:00+00:00,B_30_30_40_BE_TP1,"[0.3, 0.3, 0.4]",TP1,-0.9999999999999999,154800.0,23.4,,0.0,0,,1,516,,1,-23.40000000000009,INSUFFICIENT_SAMPLE,-23.4,0.003545242123922327,UNION_ENTRY_BAR_START_TO_EXIT_INCLUDES_UNKNOWN_PRE_TOUCH_PART_OF_ENTRY_BAR,1.923607819352366,,1146.6,-21.476392180647633,23.4,0,INSUFFICIENT_SAMPLE,1170,1,1,0,1.0,1,1987200.0,0.06888511129090993,-0.9999999999999999,WITHHELD_BELOW_50_COMPARABLE_CLOSED_TRADES,-23.4,0,,0,0.0,WITHHELD_BELOW_90_DAILY_RETURNS_OR_30_CLOSED_TRADES,1,1.0,-23.40000000000009,23.4,1586,,0,0.6412017730431665,,0.0,0.0,0.0,OBSERVED_HITS_PER_ENTRY_CENSORED_OPEN_TRADES_NOT_ASSUMED_FAILED,False,0.05885907662557409,NULL_WHEN_NO_TRADES_OR_NO_LOSSES,0,0.0,0,False,True,True
binance_240_60,REFERENCE_SEGMENT_09,EXTERNAL,binance,240,60,2021-10-23T09:00:00+00:00,2023-03-24T12:00:00+00:00,C_25_25_50_BE_TP1,"[0.25, 0.25, 0.5]",TP1,-0.9999999999999999,154800.0,23.4,,0.0,0,,1,516,,1,-23.40000000000009,INSUFFICIENT_SAMPLE,-23.4,0.003545242123922327,UNION_ENTRY_BAR_START_TO_EXIT_INCLUDES_UNKNOWN_PRE_TOUCH_PART_OF_ENTRY_BAR,1.923607819352366,,1146.6,-21.476392180647633,23.4,0,INSUFFICIENT_SAMPLE,1170,1,1,0,1.0,1,1987200.0,0.06888511129090993,-0.9999999999999999,WITHHELD_BELOW_50_COMPARABLE_CLOSED_TRADES,-23.4,0,,0,0.0,WITHHELD_BELOW_90_DAILY_RETURNS_OR_30_CLOSED_TRADES,1,1.0,-23.40000000000009,23.4,1586,,0,0.6412017730431665,,0.0,0.0,0.0,OBSERVED_HITS_PER_ENTRY_CENSORED_OPEN_TRADES_NOT_ASSUMED_FAILED,False,0.05885907662557409,NULL_WHEN_NO_TRADES_OR_NO_LOSSES,0,0.0,0,False,True,True
binance_240_60,REFERENCE_SEGMENT_09,EXTERNAL,binance,240,60,2021-10-23T09:00:00+00:00,2023-03-24T12:00:00+00:00,D_25_35_40_BE_TP1,"[0.25, 0.35, 0.4]",TP1,-0.9999999999999999,154800.0,23.4,,0.0,0,,1,516,,1,-23.40000000000009,INSUFFICIENT_SAMPLE,-23.4,0.003545242123922327,UNION_ENTRY_BAR_START_TO_EXIT_INCLUDES_UNKNOWN_PRE_TOUCH_PART_OF_ENTRY_BAR,1.923607819352366,,1146.6,-21.476392180647633,23.4,0,INSUFFICIENT_SAMPLE,1170,1,1,0,1.0,1,1987200.0,0.06888511129090993,-0.9999999999999999,WITHHELD_BELOW_50_COMPARABLE_CLOSED_TRADES,-23.4,0,,0,0.0,WITHHELD_BELOW_90_DAILY_RETURNS_OR_30_CLOSED_TRADES,1,1.0,-23.40000000000009,23.4,1586,,0,0.6412017730431665,,0.0,0.0,0.0,OBSERVED_HITS_PER_ENTRY_CENSORED_OPEN_TRADES_NOT_ASSUMED_FAILED,False,0.05885907662557409,NULL_WHEN_NO_TRADES_OR_NO_LOSSES,0,0.0,0,False,True,True
binance_240_60,REFERENCE_SEGMENT_09,EXTERNAL,binance,240,60,2021-10-23T09:00:00+00:00,2023-03-24T12:00:00+00:00,A_BE_LATER_CLOSE,"[0.4, 0.3, 0.3]",LATER_CLOSE,-0.9999999999999999,154800.0,23.4,,0.0,0,,1,516,,1,-23.40000000000009,INSUFFICIENT_SAMPLE,-23.4,0.003545242123922327,UNION_ENTRY_BAR_START_TO_EXIT_INCLUDES_UNKNOWN_PRE_TOUCH_PART_OF_ENTRY_BAR,1.923607819352366,,1146.6,-21.476392180647633,23.4,0,INSUFFICIENT_SAMPLE,1170,1,1,0,1.0,1,1987200.0,0.06888511129090993,-0.9999999999999999,WITHHELD_BELOW_50_COMPARABLE_CLOSED_TRADES,-23.4,0,,0,0.0,WITHHELD_BELOW_90_DAILY_RETURNS_OR_30_CLOSED_TRADES,1,1.0,-23.40000000000009,23.4,1586,,0,0.6412017730431665,,0.0,0.0,0.0,OBSERVED_HITS_PER_ENTRY_CENSORED_OPEN_TRADES_NOT_ASSUMED_FAILED,False,0.05885907662557409,NULL_WHEN_NO_TRADES_OR_NO_LOSSES,0,0.0,0,False,True,True
binance_240_60,REFERENCE_SEGMENT_09,EXTERNAL,binance,240,60,2021-10-23T09:00:00+00:00,2023-03-24T12:00:00+00:00,A_ORIGINAL_SL_UNTIL_TP2,"[0.4, 0.3, 0.3]",TP2,-0.9999999999999999,154800.0,23.4,,0.0,0,,1,516,,1,-23.40000000000009,INSUFFICIENT_SAMPLE,-23.4,0.003545242123922327,UNION_ENTRY_BAR_START_TO_EXIT_INCLUDES_UNKNOWN_PRE_TOUCH_PART_OF_ENTRY_BAR,1.923607819352366,,1146.6,-21.476392180647633,23.4,0,INSUFFICIENT_SAMPLE,1170,1,1,0,1.0,1,1987200.0,0.06888511129090993,-0.9999999999999999,WITHHELD_BELOW_50_COMPARABLE_CLOSED_TRADES,-23.4,0,,0,0.0,WITHHELD_BELOW_90_DAILY_RETURNS_OR_30_CLOSED_TRADES,1,1.0,-23.40000000000009,23.4,1586,,0,0.6412017730431665,,0.0,0.0,0.0,OBSERVED_HITS_PER_ENTRY_CENSORED_OPEN_TRADES_NOT_ASSUMED_FAILED,False,0.05885907662557409,NULL_WHEN_NO_TRADES_OR_NO_LOSSES,0,0.0,0,False,True,True
binance_240_60,REFERENCE_SEGMENT_09,EXTERNAL,binance,240,60,2021-10-23T09:00:00+00:00,2023-03-24T12:00:00+00:00,A_STRUCTURAL_AFTER_TP1,"[0.4, 0.3, 0.3]",STRUCTURAL,-0.9999999999999999,154800.0,23.4,,0.0,0,,1,516,,1,-23.40000000000009,INSUFFICIENT_SAMPLE,-23.4,0.003545242123922327,UNION_ENTRY_BAR_START_TO_EXIT_INCLUDES_UNKNOWN_PRE_TOUCH_PART_OF_ENTRY_BAR,1.923607819352366,,1146.6,-21.476392180647633,23.4,0,INSUFFICIENT_SAMPLE,1170,1,1,0,1.0,1,1987200.0,0.06888511129090993,-0.9999999999999999,WITHHELD_BELOW_50_COMPARABLE_CLOSED_TRADES,-23.4,0,,0,0.0,WITHHELD_BELOW_90_DAILY_RETURNS_OR_30_CLOSED_TRADES,1,1.0,-23.40000000000009,23.4,1586,,0,0.6412017730431665,,0.0,0.0,0.0,OBSERVED_HITS_PER_ENTRY_CENSORED_OPEN_TRADES_NOT_ASSUMED_FAILED,False,0.05885907662557409,NULL_WHEN_NO_TRADES_OR_NO_LOSSES,0,0.0,0,False,True,True
binance_240_60,REFERENCE_SEGMENT_10,EXTERNAL,binance,240,60,2023-04-17T14:00:00+00:00,2023-11-15T00:00:00+00:00,A_40_30_30_BE_TP1,"[0.4, 0.3, 0.3]",TP1,,,,,,0,,0,211,,0,0,INSUFFICIENT_SAMPLE,,0.0,UNION_ENTRY_BAR_START_TO_EXIT_INCLUDES_UNKNOWN_PRE_TOUCH_PART_OF_ENTRY_BAR,0.0,,1170,0,0,0,INSUFFICIENT_SAMPLE,1170,0,0,0,,0,0.0,0.0,,WITHHELD_BELOW_50_COMPARABLE_CLOSED_TRADES,0,0,,0,,WITHHELD_BELOW_90_DAILY_RETURNS_OR_30_CLOSED_TRADES,0,,0,0.0,681,,0,0.0,,,,,OBSERVED_HITS_PER_ENTRY_CENSORED_OPEN_TRADES_NOT_ASSUMED_FAILED,False,0.0,NULL_WHEN_NO_TRADES_OR_NO_LOSSES,0,,0,True,True,True
binance_240_60,REFERENCE_SEGMENT_10,EXTERNAL,binance,240,60,2023-04-17T14:00:00+00:00,2023-11-15T00:00:00+00:00,B_30_30_40_BE_TP1,"[0.3, 0.3, 0.4]",TP1,,,,,,0,,0,211,,0,0,INSUFFICIENT_SAMPLE,,0.0,UNION_ENTRY_BAR_START_TO_EXIT_INCLUDES_UNKNOWN_PRE_TOUCH_PART_OF_ENTRY_BAR,0.0,,1170,0,0,0,INSUFFICIENT_SAMPLE,1170,0,0,0,,0,0.0,0.0,,WITHHELD_BELOW_50_COMPARABLE_CLOSED_TRADES,0,0,,0,,WITHHELD_BELOW_90_DAILY_RETURNS_OR_30_CLOSED_TRADES,0,,0,0.0,681,,0,0.0,,,,,OBSERVED_HITS_PER_ENTRY_CENSORED_OPEN_TRADES_NOT_ASSUMED_FAILED,False,0.0,NULL_WHEN_NO_TRADES_OR_NO_LOSSES,0,,0,False,True,True
binance_240_60,REFERENCE_SEGMENT_10,EXTERNAL,binance,240,60,2023-04-17T14:00:00+00:00,2023-11-15T00:00:00+00:00,C_25_25_50_BE_TP1,"[0.25, 0.25, 0.5]",TP1,,,,,,0,,0,211,,0,0,INSUFFICIENT_SAMPLE,,0.0,UNION_ENTRY_BAR_START_TO_EXIT_INCLUDES_UNKNOWN_PRE_TOUCH_PART_OF_ENTRY_BAR,0.0,,1170,0,0,0,INSUFFICIENT_SAMPLE,1170,0,0,0,,0,0.0,0.0,,WITHHELD_BELOW_50_COMPARABLE_CLOSED_TRADES,0,0,,0,,WITHHELD_BELOW_90_DAILY_RETURNS_OR_30_CLOSED_TRADES,0,,0,0.0,681,,0,0.0,,,,,OBSERVED_HITS_PER_ENTRY_CENSORED_OPEN_TRADES_NOT_ASSUMED_FAILED,False,0.0,NULL_WHEN_NO_TRADES_OR_NO_LOSSES,0,,0,False,True,True
binance_240_60,REFERENCE_SEGMENT_10,EXTERNAL,binance,240,60,2023-04-17T14:00:00+00:00,2023-11-15T00:00:00+00:00,D_25_35_40_BE_TP1,"[0.25, 0.35, 0.4]",TP1,,,,,,0,,0,211,,0,0,INSUFFICIENT_SAMPLE,,0.0,UNION_ENTRY_BAR_START_TO_EXIT_INCLUDES_UNKNOWN_PRE_TOUCH_PART_OF_ENTRY_BAR,0.0,,1170,0,0,0,INSUFFICIENT_SAMPLE,1170,0,0,0,,0,0.0,0.0,,WITHHELD_BELOW_50_COMPARABLE_CLOSED_TRADES,0,0,,0,,WITHHELD_BELOW_90_DAILY_RETURNS_OR_30_CLOSED_TRADES,0,,0,0.0,681,,0,0.0,,,,,OBSERVED_HITS_PER_ENTRY_CENSORED_OPEN_TRADES_NOT_ASSUMED_FAILED,False,0.0,NULL_WHEN_NO_TRADES_OR_NO_LOSSES,0,,0,False,True,True
binance_240_60,REFERENCE_SEGMENT_10,EXTERNAL,binance,240,60,2023-04-17T14:00:00+00:00,2023-11-15T00:00:00+00:00,A_BE_LATER_CLOSE,"[0.4, 0.3, 0.3]",LATER_CLOSE,,,,,,0,,0,211,,0,0,INSUFFICIENT_SAMPLE,,0.0,UNION_ENTRY_BAR_START_TO_EXIT_INCLUDES_UNKNOWN_PRE_TOUCH_PART_OF_ENTRY_BAR,0.0,,1170,0,0,0,INSUFFICIENT_SAMPLE,1170,0,0,0,,0,0.0,0.0,,WITHHELD_BELOW_50_COMPARABLE_CLOSED_TRADES,0,0,,0,,WITHHELD_BELOW_90_DAILY_RETURNS_OR_30_CLOSED_TRADES,0,,0,0.0,681,,0,0.0,,,,,OBSERVED_HITS_PER_ENTRY_CENSORED_OPEN_TRADES_NOT_ASSUMED_FAILED,False,0.0,NULL_WHEN_NO_TRADES_OR_NO_LOSSES,0,,0,False,True,True
binance_240_60,REFERENCE_SEGMENT_10,EXTERNAL,binance,240,60,2023-04-17T14:00:00+00:00,2023-11-15T00:00:00+00:00,A_ORIGINAL_SL_UNTIL_TP2,"[0.4, 0.3, 0.3]",TP2,,,,,,0,,0,211,,0,0,INSUFFICIENT_SAMPLE,,0.0,UNION_ENTRY_BAR_START_TO_EXIT_INCLUDES_UNKNOWN_PRE_TOUCH_PART_OF_ENTRY_BAR,0.0,,1170,0,0,0,INSUFFICIENT_SAMPLE,1170,0,0,0,,0,0.0,0.0,,WITHHELD_BELOW_50_COMPARABLE_CLOSED_TRADES,0,0,,0,,WITHHELD_BELOW_90_DAILY_RETURNS_OR_30_CLOSED_TRADES,0,,0,0.0,681,,0,0.0,,,,,OBSERVED_HITS_PER_ENTRY_CENSORED_OPEN_TRADES_NOT_ASSUMED_FAILED,False,0.0,NULL_WHEN_NO_TRADES_OR_NO_LOSSES,0,,0,False,True,True
binance_240_60,REFERENCE_SEGMENT_10,EXTERNAL,binance,240,60,2023-04-17T14:00:00+00:00,2023-11-15T00:00:00+00:00,A_STRUCTURAL_AFTER_TP1,"[0.4, 0.3, 0.3]",STRUCTURAL,,,,,,0,,0,211,,0,0,INSUFFICIENT_SAMPLE,,0.0,UNION_ENTRY_BAR_START_TO_EXIT_INCLUDES_UNKNOWN_PRE_TOUCH_PART_OF_ENTRY_BAR,0.0,,1170,0,0,0,INSUFFICIENT_SAMPLE,1170,0,0,0,,0,0.0,0.0,,WITHHELD_BELOW_50_COMPARABLE_CLOSED_TRADES,0,0,,0,,WITHHELD_BELOW_90_DAILY_RETURNS_OR_30_CLOSED_TRADES,0,,0,0.0,681,,0,0.0,,,,,OBSERVED_HITS_PER_ENTRY_CENSORED_OPEN_TRADES_NOT_ASSUMED_FAILED,False,0.0,NULL_WHEN_NO_TRADES_OR_NO_LOSSES,0,,0,False,True,True
binance_240_60,VALIDATION_SEGMENT_10,EXTERNAL,binance,240,60,2023-11-15T00:00:00+00:00,2024-12-08T00:00:00+00:00,A_40_30_30_BE_TP1,"[0.4, 0.3, 0.3]",TP1,,,,,,0,,0,389,,0,0,INSUFFICIENT_SAMPLE,,0.0,UNION_ENTRY_BAR_START_TO_EXIT_INCLUDES_UNKNOWN_PRE_TOUCH_PART_OF_ENTRY_BAR,0.0,,1170,0,0,0,INSUFFICIENT_SAMPLE,1170,0,0,0,,0,0.0,0.0,,WITHHELD_BELOW_50_COMPARABLE_CLOSED_TRADES,0,0,,0,,WITHHELD_BELOW_90_DAILY_RETURNS_OR_30_CLOSED_TRADES,1,0.0,0,0.0,1399,,0,0.0,,,,,OBSERVED_HITS_PER_ENTRY_CENSORED_OPEN_TRADES_NOT_ASSUMED_FAILED,False,0.0,NULL_WHEN_NO_TRADES_OR_NO_LOSSES,0,,0,True,True,True
binance_240_60,VALIDATION_SEGMENT_10,EXTERNAL,binance,240,60,2023-11-15T00:00:00+00:00,2024-12-08T00:00:00+00:00,B_30_30_40_BE_TP1,"[0.3, 0.3, 0.4]",TP1,,,,,,0,,0,389,,0,0,INSUFFICIENT_SAMPLE,,0.0,UNION_ENTRY_BAR_START_TO_EXIT_INCLUDES_UNKNOWN_PRE_TOUCH_PART_OF_ENTRY_BAR,0.0,,1170,0,0,0,INSUFFICIENT_SAMPLE,1170,0,0,0,,0,0.0,0.0,,WITHHELD_BELOW_50_COMPARABLE_CLOSED_TRADES,0,0,,0,,WITHHELD_BELOW_90_DAILY_RETURNS_OR_30_CLOSED_TRADES,1,0.0,0,0.0,1399,,0,0.0,,,,,OBSERVED_HITS_PER_ENTRY_CENSORED_OPEN_TRADES_NOT_ASSUMED_FAILED,False,0.0,NULL_WHEN_NO_TRADES_OR_NO_LOSSES,0,,0,False,True,True
binance_240_60,VALIDATION_SEGMENT_10,EXTERNAL,binance,240,60,2023-11-15T00:00:00+00:00,2024-12-08T00:00:00+00:00,C_25_25_50_BE_TP1,"[0.25, 0.25, 0.5]",TP1,,,,,,0,,0,389,,0,0,INSUFFICIENT_SAMPLE,,0.0,UNION_ENTRY_BAR_START_TO_EXIT_INCLUDES_UNKNOWN_PRE_TOUCH_PART_OF_ENTRY_BAR,0.0,,1170,0,0,0,INSUFFICIENT_SAMPLE,1170,0,0,0,,0,0.0,0.0,,WITHHELD_BELOW_50_COMPARABLE_CLOSED_TRADES,0,0,,0,,WITHHELD_BELOW_90_DAILY_RETURNS_OR_30_CLOSED_TRADES,1,0.0,0,0.0,1399,,0,0.0,,,,,OBSERVED_HITS_PER_ENTRY_CENSORED_OPEN_TRADES_NOT_ASSUMED_FAILED,False,0.0,NULL_WHEN_NO_TRADES_OR_NO_LOSSES,0,,0,False,True,True
binance_240_60,VALIDATION_SEGMENT_10,EXTERNAL,binance,240,60,2023-11-15T00:00:00+00:00,2024-12-08T00:00:00+00:00,D_25_35_40_BE_TP1,"[0.25, 0.35, 0.4]",TP1,,,,,,0,,0,389,,0,0,INSUFFICIENT_SAMPLE,,0.0,UNION_ENTRY_BAR_START_TO_EXIT_INCLUDES_UNKNOWN_PRE_TOUCH_PART_OF_ENTRY_BAR,0.0,,1170,0,0,0,INSUFFICIENT_SAMPLE,1170,0,0,0,,0,0.0,0.0,,WITHHELD_BELOW_50_COMPARABLE_CLOSED_TRADES,0,0,,0,,WITHHELD_BELOW_90_DAILY_RETURNS_OR_30_CLOSED_TRADES,1,0.0,0,0.0,1399,,0,0.0,,,,,OBSERVED_HITS_PER_ENTRY_CENSORED_OPEN_TRADES_NOT_ASSUMED_FAILED,False,0.0,NULL_WHEN_NO_TRADES_OR_NO_LOSSES,0,,0,False,True,True
binance_240_60,VALIDATION_SEGMENT_10,EXTERNAL,binance,240,60,2023-11-15T00:00:00+00:00,2024-12-08T00:00:00+00:00,A_BE_LATER_CLOSE,"[0.4, 0.3, 0.3]",LATER_CLOSE,,,,,,0,,0,389,,0,0,INSUFFICIENT_SAMPLE,,0.0,UNION_ENTRY_BAR_START_TO_EXIT_INCLUDES_UNKNOWN_PRE_TOUCH_PART_OF_ENTRY_BAR,0.0,,1170,0,0,0,INSUFFICIENT_SAMPLE,1170,0,0,0,,0,0.0,0.0,,WITHHELD_BELOW_50_COMPARABLE_CLOSED_TRADES,0,0,,0,,WITHHELD_BELOW_90_DAILY_RETURNS_OR_30_CLOSED_TRADES,1,0.0,0,0.0,1399,,0,0.0,,,,,OBSERVED_HITS_PER_ENTRY_CENSORED_OPEN_TRADES_NOT_ASSUMED_FAILED,False,0.0,NULL_WHEN_NO_TRADES_OR_NO_LOSSES,0,,0,False,True,True
binance_240_60,VALIDATION_SEGMENT_10,EXTERNAL,binance,240,60,2023-11-15T00:00:00+00:00,2024-12-08T00:00:00+00:00,A_ORIGINAL_SL_UNTIL_TP2,"[0.4, 0.3, 0.3]",TP2,,,,,,0,,0,389,,0,0,INSUFFICIENT_SAMPLE,,0.0,UNION_ENTRY_BAR_START_TO_EXIT_INCLUDES_UNKNOWN_PRE_TOUCH_PART_OF_ENTRY_BAR,0.0,,1170,0,0,0,INSUFFICIENT_SAMPLE,1170,0,0,0,,0,0.0,0.0,,WITHHELD_BELOW_50_COMPARABLE_CLOSED_TRADES,0,0,,0,,WITHHELD_BELOW_90_DAILY_RETURNS_OR_30_CLOSED_TRADES,1,0.0,0,0.0,1399,,0,0.0,,,,,OBSERVED_HITS_PER_ENTRY_CENSORED_OPEN_TRADES_NOT_ASSUMED_FAILED,False,0.0,NULL_WHEN_NO_TRADES_OR_NO_LOSSES,0,,0,False,True,True
binance_240_60,VALIDATION_SEGMENT_10,EXTERNAL,binance,240,60,2023-11-15T00:00:00+00:00,2024-12-08T00:00:00+00:00,A_STRUCTURAL_AFTER_TP1,"[0.4, 0.3, 0.3]",STRUCTURAL,,,,,,0,,0,389,,0,0,INSUFFICIENT_SAMPLE,,0.0,UNION_ENTRY_BAR_START_TO_EXIT_INCLUDES_UNKNOWN_PRE_TOUCH_PART_OF_ENTRY_BAR,0.0,,1170,0,0,0,INSUFFICIENT_SAMPLE,1170,0,0,0,,0,0.0,0.0,,WITHHELD_BELOW_50_COMPARABLE_CLOSED_TRADES,0,0,,0,,WITHHELD_BELOW_90_DAILY_RETURNS_OR_30_CLOSED_TRADES,1,0.0,0,0.0,1399,,0,0.0,,,,,OBSERVED_HITS_PER_ENTRY_CENSORED_OPEN_TRADES_NOT_ASSUMED_FAILED,False,0.0,NULL_WHEN_NO_TRADES_OR_NO_LOSSES,0,,0,False,True,True
binance_60_15,HOLDOUT_SEGMENT_10,EXTERNAL,binance,60,15,2024-12-08T00:00:00+00:00,2026-01-01T00:00:00+00:00,A_40_30_30_BE_TP1,"[0.4, 0.3, 0.3]",TP1,-1.0,3600.0,23.400000000000002,,0.0,0,,1,389,,1,-23.399999999999864,INSUFFICIENT_SAMPLE,-23.400000000000002,0.00013389031705227078,UNION_ENTRY_BAR_START_TO_EXIT_INCLUDES_UNKNOWN_PRE_TOUCH_PART_OF_ENTRY_BAR,2.584519321868544,,1146.6000000000001,-20.815480678131458,23.400000000000002,0,INSUFFICIENT_SAMPLE,1170,1,1,0,1.0,1,28681200.0,0.03447129545812443,-1.0,WITHHELD_BELOW_50_COMPARABLE_CLOSED_TRADES,-23.400000000000002,0,,0,0.0,WITHHELD_BELOW_90_DAILY_RETURNS_OR_30_CLOSED_TRADES,5,0.2,-23.399999999999864,23.400000000000002,4957,,0,0.8615056424635592,,0.0,0.0,0.0,OBSERVED_HITS_PER_ENTRY_CENSORED_OPEN_TRADES_NOT_ASSUMED_FAILED,False,0.07824550128534705,NULL_WHEN_NO_TRADES_OR_NO_LOSSES,0,0.0,0,True,True,True
binance_60_15,HOLDOUT_SEGMENT_10,EXTERNAL,binance,60,15,2024-12-08T00:00:00+00:00,2026-01-01T00:00:00+00:00,B_30_30_40_BE_TP1,"[0.3, 0.3, 0.4]",TP1,-1.0,3600.0,23.400000000000002,,0.0,0,,1,389,,1,-23.399999999999864,INSUFFICIENT_SAMPLE,-23.400000000000002,0.00013389031705227078,UNION_ENTRY_BAR_START_TO_EXIT_INCLUDES_UNKNOWN_PRE_TOUCH_PART_OF_ENTRY_BAR,2.584519321868544,,1146.6000000000001,-20.815480678131458,23.400000000000002,0,INSUFFICIENT_SAMPLE,1170,1,1,0,1.0,1,28681200.0,0.03447129545812443,-1.0,WITHHELD_BELOW_50_COMPARABLE_CLOSED_TRADES,-23.400000000000002,0,,0,0.0,WITHHELD_BELOW_90_DAILY_RETURNS_OR_30_CLOSED_TRADES,5,0.2,-23.399999999999864,23.400000000000002,4957,,0,0.8615056424635592,,0.0,0.0,0.0,OBSERVED_HITS_PER_ENTRY_CENSORED_OPEN_TRADES_NOT_ASSUMED_FAILED,False,0.07824550128534705,NULL_WHEN_NO_TRADES_OR_NO_LOSSES,0,0.0,0,False,True,True
binance_60_15,HOLDOUT_SEGMENT_10,EXTERNAL,binance,60,15,2024-12-08T00:00:00+00:00,2026-01-01T00:00:00+00:00,C_25_25_50_BE_TP1,"[0.25, 0.25, 0.5]",TP1,-1.0,3600.0,23.400000000000002,,0.0,0,,1,389,,1,-23.399999999999864,INSUFFICIENT_SAMPLE,-23.400000000000002,0.00013389031705227078,UNION_ENTRY_BAR_START_TO_EXIT_INCLUDES_UNKNOWN_PRE_TOUCH_PART_OF_ENTRY_BAR,2.584519321868544,,1146.6000000000001,-20.815480678131458,23.400000000000002,0,INSUFFICIENT_SAMPLE,1170,1,1,0,1.0,1,28681200.0,0.03447129545812443,-1.0,WITHHELD_BELOW_50_COMPARABLE_CLOSED_TRADES,-23.400000000000002,0,,0,0.0,WITHHELD_BELOW_90_DAILY_RETURNS_OR_30_CLOSED_TRADES,5,0.2,-23.399999999999864,23.400000000000002,4957,,0,0.8615056424635592,,0.0,0.0,0.0,OBSERVED_HITS_PER_ENTRY_CENSORED_OPEN_TRADES_NOT_ASSUMED_FAILED,False,0.07824550128534705,NULL_WHEN_NO_TRADES_OR_NO_LOSSES,0,0.0,0,False,True,True
binance_60_15,HOLDOUT_SEGMENT_10,EXTERNAL,binance,60,15,2024-12-08T00:00:00+00:00,2026-01-01T00:00:00+00:00,D_25_35_40_BE_TP1,"[0.25, 0.35, 0.4]",TP1,-1.0,3600.0,23.400000000000002,,0.0,0,,1,389,,1,-23.399999999999864,INSUFFICIENT_SAMPLE,-23.400000000000002,0.00013389031705227078,UNION_ENTRY_BAR_START_TO_EXIT_INCLUDES_UNKNOWN_PRE_TOUCH_PART_OF_ENTRY_BAR,2.584519321868544,,1146.6000000000001,-20.815480678131458,23.400000000000002,0,INSUFFICIENT_SAMPLE,1170,1,1,0,1.0,1,28681200.0,0.03447129545812443,-1.0,WITHHELD_BELOW_50_COMPARABLE_CLOSED_TRADES,-23.400000000000002,0,,0,0.0,WITHHELD_BELOW_90_DAILY_RETURNS_OR_30_CLOSED_TRADES,5,0.2,-23.399999999999864,23.400000000000002,4957,,0,0.8615056424635592,,0.0,0.0,0.0,OBSERVED_HITS_PER_ENTRY_CENSORED_OPEN_TRADES_NOT_ASSUMED_FAILED,False,0.07824550128534705,NULL_WHEN_NO_TRADES_OR_NO_LOSSES,0,0.0,0,False,True,True
binance_60_15,HOLDOUT_SEGMENT_10,EXTERNAL,binance,60,15,2024-12-08T00:00:00+00:00,2026-01-01T00:00:00+00:00,A_BE_LATER_CLOSE,"[0.4, 0.3, 0.3]",LATER_CLOSE,-1.0,3600.0,23.400000000000002,,0.0,0,,1,389,,1,-23.399999999999864,INSUFFICIENT_SAMPLE,-23.400000000000002,0.00013389031705227078,UNION_ENTRY_BAR_START_TO_EXIT_INCLUDES_UNKNOWN_PRE_TOUCH_PART_OF_ENTRY_BAR,2.584519321868544,,1146.6000000000001,-20.815480678131458,23.400000000000002,0,INSUFFICIENT_SAMPLE,1170,1,1,0,1.0,1,28681200.0,0.03447129545812443,-1.0,WITHHELD_BELOW_50_COMPARABLE_CLOSED_TRADES,-23.400000000000002,0,,0,0.0,WITHHELD_BELOW_90_DAILY_RETURNS_OR_30_CLOSED_TRADES,5,0.2,-23.399999999999864,23.400000000000002,4957,,0,0.8615056424635592,,0.0,0.0,0.0,OBSERVED_HITS_PER_ENTRY_CENSORED_OPEN_TRADES_NOT_ASSUMED_FAILED,False,0.07824550128534705,NULL_WHEN_NO_TRADES_OR_NO_LOSSES,0,0.0,0,False,True,True
binance_60_15,HOLDOUT_SEGMENT_10,EXTERNAL,binance,60,15,2024-12-08T00:00:00+00:00,2026-01-01T00:00:00+00:00,A_ORIGINAL_SL_UNTIL_TP2,"[0.4, 0.3, 0.3]",TP2,-1.0,3600.0,23.400000000000002,,0.0,0,,1,389,,1,-23.399999999999864,INSUFFICIENT_SAMPLE,-23.400000000000002,0.00013389031705227078,UNION_ENTRY_BAR_START_TO_EXIT_INCLUDES_UNKNOWN_PRE_TOUCH_PART_OF_ENTRY_BAR,2.584519321868544,,1146.6000000000001,-20.815480678131458,23.400000000000002,0,INSUFFICIENT_SAMPLE,1170,1,1,0,1.0,1,28681200.0,0.03447129545812443,-1.0,WITHHELD_BELOW_50_COMPARABLE_CLOSED_TRADES,-23.400000000000002,0,,0,0.0,WITHHELD_BELOW_90_DAILY_RETURNS_OR_30_CLOSED_TRADES,5,0.2,-23.399999999999864,23.400000000000002,4957,,0,0.8615056424635592,,0.0,0.0,0.0,OBSERVED_HITS_PER_ENTRY_CENSORED_OPEN_TRADES_NOT_ASSUMED_FAILED,False,0.07824550128534705,NULL_WHEN_NO_TRADES_OR_NO_LOSSES,0,0.0,0,False,True,True
binance_60_15,HOLDOUT_SEGMENT_10,EXTERNAL,binance,60,15,2024-12-08T00:00:00+00:00,2026-01-01T00:00:00+00:00,A_STRUCTURAL_AFTER_TP1,"[0.4, 0.3, 0.3]",STRUCTURAL,-1.0,3600.0,23.400000000000002,,0.0,0,,1,389,,1,-23.399999999999864,INSUFFICIENT_SAMPLE,-23.400000000000002,0.00013389031705227078,UNION_ENTRY_BAR_START_TO_EXIT_INCLUDES_UNKNOWN_PRE_TOUCH_PART_OF_ENTRY_BAR,2.584519321868544,,1146.6000000000001,-20.815480678131458,23.400000000000002,0,INSUFFICIENT_SAMPLE,1170,1,1,0,1.0,1,28681200.0,0.03447129545812443,-1.0,WITHHELD_BELOW_50_COMPARABLE_CLOSED_TRADES,-23.400000000000002,0,,0,0.0,WITHHELD_BELOW_90_DAILY_RETURNS_OR_30_CLOSED_TRADES,5,0.2,-23.399999999999864,23.400000000000002,4957,,0,0.8615056424635592,,0.0,0.0,0.0,OBSERVED_HITS_PER_ENTRY_CENSORED_OPEN_TRADES_NOT_ASSUMED_FAILED,False,0.07824550128534705,NULL_WHEN_NO_TRADES_OR_NO_LOSSES,0,0.0,0,False,True,True
binance_60_15,REFERENCE_SEGMENT_00,EXTERNAL,binance,60,15,2020-09-05T00:00:00+00:00,2020-11-30T06:00:00+00:00,A_40_30_30_BE_TP1,"[0.4, 0.3, 0.3]",TP1,,,,,,0,,0,86,,0,0,INSUFFICIENT_SAMPLE,,0.0,UNION_ENTRY_BAR_START_TO_EXIT_INCLUDES_UNKNOWN_PRE_TOUCH_PART_OF_ENTRY_BAR,0.0,,1170,0,0,0,INSUFFICIENT_SAMPLE,1170,0,0,0,,0,0.0,0.0,,WITHHELD_BELOW_50_COMPARABLE_CLOSED_TRADES,0,0,,0,,WITHHELD_BELOW_90_DAILY_RETURNS_OR_30_CLOSED_TRADES,0,,0,0.0,1321,,0,0.0,,,,,OBSERVED_HITS_PER_ENTRY_CENSORED_OPEN_TRADES_NOT_ASSUMED_FAILED,False,0.0,NULL_WHEN_NO_TRADES_OR_NO_LOSSES,0,,0,True,True,True
binance_60_15,REFERENCE_SEGMENT_00,EXTERNAL,binance,60,15,2020-09-05T00:00:00+00:00,2020-11-30T06:00:00+00:00,B_30_30_40_BE_TP1,"[0.3, 0.3, 0.4]",TP1,,,,,,0,,0,86,,0,0,INSUFFICIENT_SAMPLE,,0.0,UNION_ENTRY_BAR_START_TO_EXIT_INCLUDES_UNKNOWN_PRE_TOUCH_PART_OF_ENTRY_BAR,0.0,,1170,0,0,0,INSUFFICIENT_SAMPLE,1170,0,0,0,,0,0.0,0.0,,WITHHELD_BELOW_50_COMPARABLE_CLOSED_TRADES,0,0,,0,,WITHHELD_BELOW_90_DAILY_RETURNS_OR_30_CLOSED_TRADES,0,,0,0.0,1321,,0,0.0,,,,,OBSERVED_HITS_PER_ENTRY_CENSORED_OPEN_TRADES_NOT_ASSUMED_FAILED,False,0.0,NULL_WHEN_NO_TRADES_OR_NO_LOSSES,0,,0,False,True,True
binance_60_15,REFERENCE_SEGMENT_00,EXTERNAL,binance,60,15,2020-09-05T00:00:00+00:00,2020-11-30T06:00:00+00:00,C_25_25_50_BE_TP1,"[0.25, 0.25, 0.5]",TP1,,,,,,0,,0,86,,0,0,INSUFFICIENT_SAMPLE,,0.0,UNION_ENTRY_BAR_START_TO_EXIT_INCLUDES_UNKNOWN_PRE_TOUCH_PART_OF_ENTRY_BAR,0.0,,1170,0,0,0,INSUFFICIENT_SAMPLE,1170,0,0,0,,0,0.0,0.0,,WITHHELD_BELOW_50_COMPARABLE_CLOSED_TRADES,0,0,,0,,WITHHELD_BELOW_90_DAILY_RETURNS_OR_30_CLOSED_TRADES,0,,0,0.0,1321,,0,0.0,,,,,OBSERVED_HITS_PER_ENTRY_CENSORED_OPEN_TRADES_NOT_ASSUMED_FAILED,False,0.0,NULL_WHEN_NO_TRADES_OR_NO_LOSSES,0,,0,False,True,True
binance_60_15,REFERENCE_SEGMENT_00,EXTERNAL,binance,60,15,2020-09-05T00:00:00+00:00,2020-11-30T06:00:00+00:00,D_25_35_40_BE_TP1,"[0.25, 0.35, 0.4]",TP1,,,,,,0,,0,86,,0,0,INSUFFICIENT_SAMPLE,,0.0,UNION_ENTRY_BAR_START_TO_EXIT_INCLUDES_UNKNOWN_PRE_TOUCH_PART_OF_ENTRY_BAR,0.0,,1170,0,0,0,INSUFFICIENT_SAMPLE,1170,0,0,0,,0,0.0,0.0,,WITHHELD_BELOW_50_COMPARABLE_CLOSED_TRADES,0,0,,0,,WITHHELD_BELOW_90_DAILY_RETURNS_OR_30_CLOSED_TRADES,0,,0,0.0,1321,,0,0.0,,,,,OBSERVED_HITS_PER_ENTRY_CENSORED_OPEN_TRADES_NOT_ASSUMED_FAILED,False,0.0,NULL_WHEN_NO_TRADES_OR_NO_LOSSES,0,,0,False,True,True
binance_60_15,REFERENCE_SEGMENT_00,EXTERNAL,binance,60,15,2020-09-05T00:00:00+00:00,2020-11-30T06:00:00+00:00,A_BE_LATER_CLOSE,"[0.4, 0.3, 0.3]",LATER_CLOSE,,,,,,0,,0,86,,0,0,INSUFFICIENT_SAMPLE,,0.0,UNION_ENTRY_BAR_START_TO_EXIT_INCLUDES_UNKNOWN_PRE_TOUCH_PART_OF_ENTRY_BAR,0.0,,1170,0,0,0,INSUFFICIENT_SAMPLE,1170,0,0,0,,0,0.0,0.0,,WITHHELD_BELOW_50_COMPARABLE_CLOSED_TRADES,0,0,,0,,WITHHELD_BELOW_90_DAILY_RETURNS_OR_30_CLOSED_TRADES,0,,0,0.0,1321,,0,0.0,,,,,OBSERVED_HITS_PER_ENTRY_CENSORED_OPEN_TRADES_NOT_ASSUMED_FAILED,False,0.0,NULL_WHEN_NO_TRADES_OR_NO_LOSSES,0,,0,False,True,True
binance_60_15,REFERENCE_SEGMENT_00,EXTERNAL,binance,60,15,2020-09-05T00:00:00+00:00,2020-11-30T06:00:00+00:00,A_ORIGINAL_SL_UNTIL_TP2,"[0.4, 0.3, 0.3]",TP2,,,,,,0,,0,86,,0,0,INSUFFICIENT_SAMPLE,,0.0,UNION_ENTRY_BAR_START_TO_EXIT_INCLUDES_UNKNOWN_PRE_TOUCH_PART_OF_ENTRY_BAR,0.0,,1170,0,0,0,INSUFFICIENT_SAMPLE,1170,0,0,0,,0,0.0,0.0,,WITHHELD_BELOW_50_COMPARABLE_CLOSED_TRADES,0,0,,0,,WITHHELD_BELOW_90_DAILY_RETURNS_OR_30_CLOSED_TRADES,0,,0,0.0,1321,,0,0.0,,,,,OBSERVED_HITS_PER_ENTRY_CENSORED_OPEN_TRADES_NOT_ASSUMED_FAILED,False,0.0,NULL_WHEN_NO_TRADES_OR_NO_LOSSES,0,,0,False,True,True
binance_60_15,REFERENCE_SEGMENT_00,EXTERNAL,binance,60,15,2020-09-05T00:00:00+00:00,2020-11-30T06:00:00+00:00,A_STRUCTURAL_AFTER_TP1,"[0.4, 0.3, 0.3]",STRUCTURAL,,,,,,0,,0,86,,0,0,INSUFFICIENT_SAMPLE,,0.0,UNION_ENTRY_BAR_START_TO_EXIT_INCLUDES_UNKNOWN_PRE_TOUCH_PART_OF_ENTRY_BAR,0.0,,1170,0,0,0,INSUFFICIENT_SAMPLE,1170,0,0,0,,0,0.0,0.0,,WITHHELD_BELOW_50_COMPARABLE_CLOSED_TRADES,0,0,,0,,WITHHELD_BELOW_90_DAILY_RETURNS_OR_30_CLOSED_TRADES,0,,0,0.0,1321,,0,0.0,,,,,OBSERVED_HITS_PER_ENTRY_CENSORED_OPEN_TRADES_NOT_ASSUMED_FAILED,False,0.0,NULL_WHEN_NO_TRADES_OR_NO_LOSSES,0,,0,False,True,True
binance_60_15,REFERENCE_SEGMENT_01,EXTERNAL,binance,60,15,2020-12-06T07:00:00+00:00,2020-12-21T13:45:00+00:00,A_40_30_30_BE_TP1,"[0.4, 0.3, 0.3]",TP1,,,,,,0,,0,14,,0,0,INSUFFICIENT_SAMPLE,,0.0,UNION_ENTRY_BAR_START_TO_EXIT_INCLUDES_UNKNOWN_PRE_TOUCH_PART_OF_ENTRY_BAR,0.0,,1170,0,0,0,INSUFFICIENT_SAMPLE,1170,0,0,0,,0,0.0,0.0,,WITHHELD_BELOW_50_COMPARABLE_CLOSED_TRADES,0,0,,0,,WITHHELD_BELOW_90_DAILY_RETURNS_OR_30_CLOSED_TRADES,0,,0,0.0,235,,0,0.0,,,,,OBSERVED_HITS_PER_ENTRY_CENSORED_OPEN_TRADES_NOT_ASSUMED_FAILED,False,0.0,NULL_WHEN_NO_TRADES_OR_NO_LOSSES,0,,0,True,True,True
binance_60_15,REFERENCE_SEGMENT_01,EXTERNAL,binance,60,15,2020-12-06T07:00:00+00:00,2020-12-21T13:45:00+00:00,B_30_30_40_BE_TP1,"[0.3, 0.3, 0.4]",TP1,,,,,,0,,0,14,,0,0,INSUFFICIENT_SAMPLE,,0.0,UNION_ENTRY_BAR_START_TO_EXIT_INCLUDES_UNKNOWN_PRE_TOUCH_PART_OF_ENTRY_BAR,0.0,,1170,0,0,0,INSUFFICIENT_SAMPLE,1170,0,0,0,,0,0.0,0.0,,WITHHELD_BELOW_50_COMPARABLE_CLOSED_TRADES,0,0,,0,,WITHHELD_BELOW_90_DAILY_RETURNS_OR_30_CLOSED_TRADES,0,,0,0.0,235,,0,0.0,,,,,OBSERVED_HITS_PER_ENTRY_CENSORED_OPEN_TRADES_NOT_ASSUMED_FAILED,False,0.0,NULL_WHEN_NO_TRADES_OR_NO_LOSSES,0,,0,False,True,True
binance_60_15,REFERENCE_SEGMENT_01,EXTERNAL,binance,60,15,2020-12-06T07:00:00+00:00,2020-12-21T13:45:00+00:00,C_25_25_50_BE_TP1,"[0.25, 0.25, 0.5]",TP1,,,,,,0,,0,14,,0,0,INSUFFICIENT_SAMPLE,,0.0,UNION_ENTRY_BAR_START_TO_EXIT_INCLUDES_UNKNOWN_PRE_TOUCH_PART_OF_ENTRY_BAR,0.0,,1170,0,0,0,INSUFFICIENT_SAMPLE,1170,0,0,0,,0,0.0,0.0,,WITHHELD_BELOW_50_COMPARABLE_CLOSED_TRADES,0,0,,0,,WITHHELD_BELOW_90_DAILY_RETURNS_OR_30_CLOSED_TRADES,0,,0,0.0,235,,0,0.0,,,,,OBSERVED_HITS_PER_ENTRY_CENSORED_OPEN_TRADES_NOT_ASSUMED_FAILED,False,0.0,NULL_WHEN_NO_TRADES_OR_NO_LOSSES,0,,0,False,True,True
binance_60_15,REFERENCE_SEGMENT_01,EXTERNAL,binance,60,15,2020-12-06T07:00:00+00:00,2020-12-21T13:45:00+00:00,D_25_35_40_BE_TP1,"[0.25, 0.35, 0.4]",TP1,,,,,,0,,0,14,,0,0,INSUFFICIENT_SAMPLE,,0.0,UNION_ENTRY_BAR_START_TO_EXIT_INCLUDES_UNKNOWN_PRE_TOUCH_PART_OF_ENTRY_BAR,0.0,,1170,0,0,0,INSUFFICIENT_SAMPLE,1170,0,0,0,,0,0.0,0.0,,WITHHELD_BELOW_50_COMPARABLE_CLOSED_TRADES,0,0,,0,,WITHHELD_BELOW_90_DAILY_RETURNS_OR_30_CLOSED_TRADES,0,,0,0.0,235,,0,0.0,,,,,OBSERVED_HITS_PER_ENTRY_CENSORED_OPEN_TRADES_NOT_ASSUMED_FAILED,False,0.0,NULL_WHEN_NO_TRADES_OR_NO_LOSSES,0,,0,False,True,True
binance_60_15,REFERENCE_SEGMENT_01,EXTERNAL,binance,60,15,2020-12-06T07:00:00+00:00,2020-12-21T13:45:00+00:00,A_BE_LATER_CLOSE,"[0.4, 0.3, 0.3]",LATER_CLOSE,,,,,,0,,0,14,,0,0,INSUFFICIENT_SAMPLE,,0.0,UNION_ENTRY_BAR_START_TO_EXIT_INCLUDES_UNKNOWN_PRE_TOUCH_PART_OF_ENTRY_BAR,0.0,,1170,0,0,0,INSUFFICIENT_SAMPLE,1170,0,0,0,,0,0.0,0.0,,WITHHELD_BELOW_50_COMPARABLE_CLOSED_TRADES,0,0,,0,,WITHHELD_BELOW_90_DAILY_RETURNS_OR_30_CLOSED_TRADES,0,,0,0.0,235,,0,0.0,,,,,OBSERVED_HITS_PER_ENTRY_CENSORED_OPEN_TRADES_NOT_ASSUMED_FAILED,False,0.0,NULL_WHEN_NO_TRADES_OR_NO_LOSSES,0,,0,False,True,True
binance_60_15,REFERENCE_SEGMENT_01,EXTERNAL,binance,60,15,2020-12-06T07:00:00+00:00,2020-12-21T13:45:00+00:00,A_ORIGINAL_SL_UNTIL_TP2,"[0.4, 0.3, 0.3]",TP2,,,,,,0,,0,14,,0,0,INSUFFICIENT_SAMPLE,,0.0,UNION_ENTRY_BAR_START_TO_EXIT_INCLUDES_UNKNOWN_PRE_TOUCH_PART_OF_ENTRY_BAR,0.0,,1170,0,0,0,INSUFFICIENT_SAMPLE,1170,0,0,0,,0,0.0,0.0,,WITHHELD_BELOW_50_COMPARABLE_CLOSED_TRADES,0,0,,0,,WITHHELD_BELOW_90_DAILY_RETURNS_OR_30_CLOSED_TRADES,0,,0,0.0,235,,0,0.0,,,,,OBSERVED_HITS_PER_ENTRY_CENSORED_OPEN_TRADES_NOT_ASSUMED_FAILED,False,0.0,NULL_WHEN_NO_TRADES_OR_NO_LOSSES,0,,0,False,True,True
binance_60_15,REFERENCE_SEGMENT_01,EXTERNAL,binance,60,15,2020-12-06T07:00:00+00:00,2020-12-21T13:45:00+00:00,A_STRUCTURAL_AFTER_TP1,"[0.4, 0.3, 0.3]",STRUCTURAL,,,,,,0,,0,14,,0,0,INSUFFICIENT_SAMPLE,,0.0,UNION_ENTRY_BAR_START_TO_EXIT_INCLUDES_UNKNOWN_PRE_TOUCH_PART_OF_ENTRY_BAR,0.0,,1170,0,0,0,INSUFFICIENT_SAMPLE,1170,0,0,0,,0,0.0,0.0,,WITHHELD_BELOW_50_COMPARABLE_CLOSED_TRADES,0,0,,0,,WITHHELD_BELOW_90_DAILY_RETURNS_OR_30_CLOSED_TRADES,0,,0,0.0,235,,0,0.0,,,,,OBSERVED_HITS_PER_ENTRY_CENSORED_OPEN_TRADES_NOT_ASSUMED_FAILED,False,0.0,NULL_WHEN_NO_TRADES_OR_NO_LOSSES,0,,0,False,True,True
binance_60_15,REFERENCE_SEGMENT_03,EXTERNAL,binance,60,15,2020-12-31T03:00:00+00:00,2021-02-11T03:30:00+00:00,A_40_30_30_BE_TP1,"[0.4, 0.3, 0.3]",TP1,,,,,,0,,0,41,,0,0,INSUFFICIENT_SAMPLE,,0.0,UNION_ENTRY_BAR_START_TO_EXIT_INCLUDES_UNKNOWN_PRE_TOUCH_PART_OF_ENTRY_BAR,0.0,,1170,0,0,0,INSUFFICIENT_SAMPLE,1170,0,0,0,,0,0.0,0.0,,WITHHELD_BELOW_50_COMPARABLE_CLOSED_TRADES,0,0,,0,,WITHHELD_BELOW_90_DAILY_RETURNS_OR_30_CLOSED_TRADES,0,,0,0.0,537,,0,0.0,,,,,OBSERVED_HITS_PER_ENTRY_CENSORED_OPEN_TRADES_NOT_ASSUMED_FAILED,False,0.0,NULL_WHEN_NO_TRADES_OR_NO_LOSSES,0,,0,True,True,True
binance_60_15,REFERENCE_SEGMENT_03,EXTERNAL,binance,60,15,2020-12-31T03:00:00+00:00,2021-02-11T03:30:00+00:00,B_30_30_40_BE_TP1,"[0.3, 0.3, 0.4]",TP1,,,,,,0,,0,41,,0,0,INSUFFICIENT_SAMPLE,,0.0,UNION_ENTRY_BAR_START_TO_EXIT_INCLUDES_UNKNOWN_PRE_TOUCH_PART_OF_ENTRY_BAR,0.0,,1170,0,0,0,INSUFFICIENT_SAMPLE,1170,0,0,0,,0,0.0,0.0,,WITHHELD_BELOW_50_COMPARABLE_CLOSED_TRADES,0,0,,0,,WITHHELD_BELOW_90_DAILY_RETURNS_OR_30_CLOSED_TRADES,0,,0,0.0,537,,0,0.0,,,,,OBSERVED_HITS_PER_ENTRY_CENSORED_OPEN_TRADES_NOT_ASSUMED_FAILED,False,0.0,NULL_WHEN_NO_TRADES_OR_NO_LOSSES,0,,0,False,True,True
binance_60_15,REFERENCE_SEGMENT_03,EXTERNAL,binance,60,15,2020-12-31T03:00:00+00:00,2021-02-11T03:30:00+00:00,C_25_25_50_BE_TP1,"[0.25, 0.25, 0.5]",TP1,,,,,,0,,0,41,,0,0,INSUFFICIENT_SAMPLE,,0.0,UNION_ENTRY_BAR_START_TO_EXIT_INCLUDES_UNKNOWN_PRE_TOUCH_PART_OF_ENTRY_BAR,0.0,,1170,0,0,0,INSUFFICIENT_SAMPLE,1170,0,0,0,,0,0.0,0.0,,WITHHELD_BELOW_50_COMPARABLE_CLOSED_TRADES,0,0,,0,,WITHHELD_BELOW_90_DAILY_RETURNS_OR_30_CLOSED_TRADES,0,,0,0.0,537,,0,0.0,,,,,OBSERVED_HITS_PER_ENTRY_CENSORED_OPEN_TRADES_NOT_ASSUMED_FAILED,False,0.0,NULL_WHEN_NO_TRADES_OR_NO_LOSSES,0,,0,False,True,True
binance_60_15,REFERENCE_SEGMENT_03,EXTERNAL,binance,60,15,2020-12-31T03:00:00+00:00,2021-02-11T03:30:00+00:00,D_25_35_40_BE_TP1,"[0.25, 0.35, 0.4]",TP1,,,,,,0,,0,41,,0,0,INSUFFICIENT_SAMPLE,,0.0,UNION_ENTRY_BAR_START_TO_EXIT_INCLUDES_UNKNOWN_PRE_TOUCH_PART_OF_ENTRY_BAR,0.0,,1170,0,0,0,INSUFFICIENT_SAMPLE,1170,0,0,0,,0,0.0,0.0,,WITHHELD_BELOW_50_COMPARABLE_CLOSED_TRADES,0,0,,0,,WITHHELD_BELOW_90_DAILY_RETURNS_OR_30_CLOSED_TRADES,0,,0,0.0,537,,0,0.0,,,,,OBSERVED_HITS_PER_ENTRY_CENSORED_OPEN_TRADES_NOT_ASSUMED_FAILED,False,0.0,NULL_WHEN_NO_TRADES_OR_NO_LOSSES,0,,0,False,True,True
binance_60_15,REFERENCE_SEGMENT_03,EXTERNAL,binance,60,15,2020-12-31T03:00:00+00:00,2021-02-11T03:30:00+00:00,A_BE_LATER_CLOSE,"[0.4, 0.3, 0.3]",LATER_CLOSE,,,,,,0,,0,41,,0,0,INSUFFICIENT_SAMPLE,,0.0,UNION_ENTRY_BAR_START_TO_EXIT_INCLUDES_UNKNOWN_PRE_TOUCH_PART_OF_ENTRY_BAR,0.0,,1170,0,0,0,INSUFFICIENT_SAMPLE,1170,0,0,0,,0,0.0,0.0,,WITHHELD_BELOW_50_COMPARABLE_CLOSED_TRADES,0,0,,0,,WITHHELD_BELOW_90_DAILY_RETURNS_OR_30_CLOSED_TRADES,0,,0,0.0,537,,0,0.0,,,,,OBSERVED_HITS_PER_ENTRY_CENSORED_OPEN_TRADES_NOT_ASSUMED_FAILED,False,0.0,NULL_WHEN_NO_TRADES_OR_NO_LOSSES,0,,0,False,True,True
binance_60_15,REFERENCE_SEGMENT_03,EXTERNAL,binance,60,15,2020-12-31T03:00:00+00:00,2021-02-11T03:30:00+00:00,A_ORIGINAL_SL_UNTIL_TP2,"[0.4, 0.3, 0.3]",TP2,,,,,,0,,0,41,,0,0,INSUFFICIENT_SAMPLE,,0.0,UNION_ENTRY_BAR_START_TO_EXIT_INCLUDES_UNKNOWN_PRE_TOUCH_PART_OF_ENTRY_BAR,0.0,,1170,0,0,0,INSUFFICIENT_SAMPLE,1170,0,0,0,,0,0.0,0.0,,WITHHELD_BELOW_50_COMPARABLE_CLOSED_TRADES,0,0,,0,,WITHHELD_BELOW_90_DAILY_RETURNS_OR_30_CLOSED_TRADES,0,,0,0.0,537,,0,0.0,,,,,OBSERVED_HITS_PER_ENTRY_CENSORED_OPEN_TRADES_NOT_ASSUMED_FAILED,False,0.0,NULL_WHEN_NO_TRADES_OR_NO_LOSSES,0,,0,False,True,True
binance_60_15,REFERENCE_SEGMENT_03,EXTERNAL,binance,60,15,2020-12-31T03:00:00+00:00,2021-02-11T03:30:00+00:00,A_STRUCTURAL_AFTER_TP1,"[0.4, 0.3, 0.3]",STRUCTURAL,,,,,,0,,0,41,,0,0,INSUFFICIENT_SAMPLE,,0.0,UNION_ENTRY_BAR_START_TO_EXIT_INCLUDES_UNKNOWN_PRE_TOUCH_PART_OF_ENTRY_BAR,0.0,,1170,0,0,0,INSUFFICIENT_SAMPLE,1170,0,0,0,,0,0.0,0.0,,WITHHELD_BELOW_50_COMPARABLE_CLOSED_TRADES,0,0,,0,,WITHHELD_BELOW_90_DAILY_RETURNS_OR_30_CLOSED_TRADES,0,,0,0.0,537,,0,0.0,,,,,OBSERVED_HITS_PER_ENTRY_CENSORED_OPEN_TRADES_NOT_ASSUMED_FAILED,False,0.0,NULL_WHEN_NO_TRADES_OR_NO_LOSSES,0,,0,False,True,True
binance_60_15,REFERENCE_SEGMENT_04,EXTERNAL,binance,60,15,2021-02-17T05:00:00+00:00,2021-03-06T02:00:00+00:00,A_40_30_30_BE_TP1,"[0.4, 0.3, 0.3]",TP1,,,,,,0,,0,16,,0,0,INSUFFICIENT_SAMPLE,,0.0,UNION_ENTRY_BAR_START_TO_EXIT_INCLUDES_UNKNOWN_PRE_TOUCH_PART_OF_ENTRY_BAR,0.0,,1170,0,0,0,INSUFFICIENT_SAMPLE,1170,0,0,0,,0,0.0,0.0,,WITHHELD_BELOW_50_COMPARABLE_CLOSED_TRADES,0,0,,0,,WITHHELD_BELOW_90_DAILY_RETURNS_OR_30_CLOSED_TRADES,0,,0,0.0,257,,0,0.0,,,,,OBSERVED_HITS_PER_ENTRY_CENSORED_OPEN_TRADES_NOT_ASSUMED_FAILED,False,0.0,NULL_WHEN_NO_TRADES_OR_NO_LOSSES,0,,0,True,True,True
binance_60_15,REFERENCE_SEGMENT_04,EXTERNAL,binance,60,15,2021-02-17T05:00:00+00:00,2021-03-06T02:00:00+00:00,B_30_30_40_BE_TP1,"[0.3, 0.3, 0.4]",TP1,,,,,,0,,0,16,,0,0,INSUFFICIENT_SAMPLE,,0.0,UNION_ENTRY_BAR_START_TO_EXIT_INCLUDES_UNKNOWN_PRE_TOUCH_PART_OF_ENTRY_BAR,0.0,,1170,0,0,0,INSUFFICIENT_SAMPLE,1170,0,0,0,,0,0.0,0.0,,WITHHELD_BELOW_50_COMPARABLE_CLOSED_TRADES,0,0,,0,,WITHHELD_BELOW_90_DAILY_RETURNS_OR_30_CLOSED_TRADES,0,,0,0.0,257,,0,0.0,,,,,OBSERVED_HITS_PER_ENTRY_CENSORED_OPEN_TRADES_NOT_ASSUMED_FAILED,False,0.0,NULL_WHEN_NO_TRADES_OR_NO_LOSSES,0,,0,False,True,True
binance_60_15,REFERENCE_SEGMENT_04,EXTERNAL,binance,60,15,2021-02-17T05:00:00+00:00,2021-03-06T02:00:00+00:00,C_25_25_50_BE_TP1,"[0.25, 0.25, 0.5]",TP1,,,,,,0,,0,16,,0,0,INSUFFICIENT_SAMPLE,,0.0,UNION_ENTRY_BAR_START_TO_EXIT_INCLUDES_UNKNOWN_PRE_TOUCH_PART_OF_ENTRY_BAR,0.0,,1170,0,0,0,INSUFFICIENT_SAMPLE,1170,0,0,0,,0,0.0,0.0,,WITHHELD_BELOW_50_COMPARABLE_CLOSED_TRADES,0,0,,0,,WITHHELD_BELOW_90_DAILY_RETURNS_OR_30_CLOSED_TRADES,0,,0,0.0,257,,0,0.0,,,,,OBSERVED_HITS_PER_ENTRY_CENSORED_OPEN_TRADES_NOT_ASSUMED_FAILED,False,0.0,NULL_WHEN_NO_TRADES_OR_NO_LOSSES,0,,0,False,True,True
binance_60_15,REFERENCE_SEGMENT_04,EXTERNAL,binance,60,15,2021-02-17T05:00:00+00:00,2021-03-06T02:00:00+00:00,D_25_35_40_BE_TP1,"[0.25, 0.35, 0.4]",TP1,,,,,,0,,0,16,,0,0,INSUFFICIENT_SAMPLE,,0.0,UNION_ENTRY_BAR_START_TO_EXIT_INCLUDES_UNKNOWN_PRE_TOUCH_PART_OF_ENTRY_BAR,0.0,,1170,0,0,0,INSUFFICIENT_SAMPLE,1170,0,0,0,,0,0.0,0.0,,WITHHELD_BELOW_50_COMPARABLE_CLOSED_TRADES,0,0,,0,,WITHHELD_BELOW_90_DAILY_RETURNS_OR_30_CLOSED_TRADES,0,,0,0.0,257,,0,0.0,,,,,OBSERVED_HITS_PER_ENTRY_CENSORED_OPEN_TRADES_NOT_ASSUMED_FAILED,False,0.0,NULL_WHEN_NO_TRADES_OR_NO_LOSSES,0,,0,False,True,True
binance_60_15,REFERENCE_SEGMENT_04,EXTERNAL,binance,60,15,2021-02-17T05:00:00+00:00,2021-03-06T02:00:00+00:00,A_BE_LATER_CLOSE,"[0.4, 0.3, 0.3]",LATER_CLOSE,,,,,,0,,0,16,,0,0,INSUFFICIENT_SAMPLE,,0.0,UNION_ENTRY_BAR_START_TO_EXIT_INCLUDES_UNKNOWN_PRE_TOUCH_PART_OF_ENTRY_BAR,0.0,,1170,0,0,0,INSUFFICIENT_SAMPLE,1170,0,0,0,,0,0.0,0.0,,WITHHELD_BELOW_50_COMPARABLE_CLOSED_TRADES,0,0,,0,,WITHHELD_BELOW_90_DAILY_RETURNS_OR_30_CLOSED_TRADES,0,,0,0.0,257,,0,0.0,,,,,OBSERVED_HITS_PER_ENTRY_CENSORED_OPEN_TRADES_NOT_ASSUMED_FAILED,False,0.0,NULL_WHEN_NO_TRADES_OR_NO_LOSSES,0,,0,False,True,True
binance_60_15,REFERENCE_SEGMENT_04,EXTERNAL,binance,60,15,2021-02-17T05:00:00+00:00,2021-03-06T02:00:00+00:00,A_ORIGINAL_SL_UNTIL_TP2,"[0.4, 0.3, 0.3]",TP2,,,,,,0,,0,16,,0,0,INSUFFICIENT_SAMPLE,,0.0,UNION_ENTRY_BAR_START_TO_EXIT_INCLUDES_UNKNOWN_PRE_TOUCH_PART_OF_ENTRY_BAR,0.0,,1170,0,0,0,INSUFFICIENT_SAMPLE,1170,0,0,0,,0,0.0,0.0,,WITHHELD_BELOW_50_COMPARABLE_CLOSED_TRADES,0,0,,0,,WITHHELD_BELOW_90_DAILY_RETURNS_OR_30_CLOSED_TRADES,0,,0,0.0,257,,0,0.0,,,,,OBSERVED_HITS_PER_ENTRY_CENSORED_OPEN_TRADES_NOT_ASSUMED_FAILED,False,0.0,NULL_WHEN_NO_TRADES_OR_NO_LOSSES,0,,0,False,True,True
binance_60_15,REFERENCE_SEGMENT_04,EXTERNAL,binance,60,15,2021-02-17T05:00:00+00:00,2021-03-06T02:00:00+00:00,A_STRUCTURAL_AFTER_TP1,"[0.4, 0.3, 0.3]",STRUCTURAL,,,,,,0,,0,16,,0,0,INSUFFICIENT_SAMPLE,,0.0,UNION_ENTRY_BAR_START_TO_EXIT_INCLUDES_UNKNOWN_PRE_TOUCH_PART_OF_ENTRY_BAR,0.0,,1170,0,0,0,INSUFFICIENT_SAMPLE,1170,0,0,0,,0,0.0,0.0,,WITHHELD_BELOW_50_COMPARABLE_CLOSED_TRADES,0,0,,0,,WITHHELD_BELOW_90_DAILY_RETURNS_OR_30_CLOSED_TRADES,0,,0,0.0,257,,0,0.0,,,,,OBSERVED_HITS_PER_ENTRY_CENSORED_OPEN_TRADES_NOT_ASSUMED_FAILED,False,0.0,NULL_WHEN_NO_TRADES_OR_NO_LOSSES,0,,0,False,True,True
binance_60_15,REFERENCE_SEGMENT_05,EXTERNAL,binance,60,15,2021-03-12T03:30:00+00:00,2021-04-20T02:00:00+00:00,A_40_30_30_BE_TP1,"[0.4, 0.3, 0.3]",TP1,,,,,,0,,0,38,,0,0,INSUFFICIENT_SAMPLE,,0.0,UNION_ENTRY_BAR_START_TO_EXIT_INCLUDES_UNKNOWN_PRE_TOUCH_PART_OF_ENTRY_BAR,0.0,,1170,0,0,0,INSUFFICIENT_SAMPLE,1170,0,0,0,,0,0.0,0.0,,WITHHELD_BELOW_50_COMPARABLE_CLOSED_TRADES,0,0,,0,,WITHHELD_BELOW_90_DAILY_RETURNS_OR_30_CLOSED_TRADES,0,,0,0.0,486,,0,0.0,,,,,OBSERVED_HITS_PER_ENTRY_CENSORED_OPEN_TRADES_NOT_ASSUMED_FAILED,False,0.0,NULL_WHEN_NO_TRADES_OR_NO_LOSSES,0,,0,True,True,True
binance_60_15,REFERENCE_SEGMENT_05,EXTERNAL,binance,60,15,2021-03-12T03:30:00+00:00,2021-04-20T02:00:00+00:00,B_30_30_40_BE_TP1,"[0.3, 0.3, 0.4]",TP1,,,,,,0,,0,38,,0,0,INSUFFICIENT_SAMPLE,,0.0,UNION_ENTRY_BAR_START_TO_EXIT_INCLUDES_UNKNOWN_PRE_TOUCH_PART_OF_ENTRY_BAR,0.0,,1170,0,0,0,INSUFFICIENT_SAMPLE,1170,0,0,0,,0,0.0,0.0,,WITHHELD_BELOW_50_COMPARABLE_CLOSED_TRADES,0,0,,0,,WITHHELD_BELOW_90_DAILY_RETURNS_OR_30_CLOSED_TRADES,0,,0,0.0,486,,0,0.0,,,,,OBSERVED_HITS_PER_ENTRY_CENSORED_OPEN_TRADES_NOT_ASSUMED_FAILED,False,0.0,NULL_WHEN_NO_TRADES_OR_NO_LOSSES,0,,0,False,True,True
binance_60_15,REFERENCE_SEGMENT_05,EXTERNAL,binance,60,15,2021-03-12T03:30:00+00:00,2021-04-20T02:00:00+00:00,C_25_25_50_BE_TP1,"[0.25, 0.25, 0.5]",TP1,,,,,,0,,0,38,,0,0,INSUFFICIENT_SAMPLE,,0.0,UNION_ENTRY_BAR_START_TO_EXIT_INCLUDES_UNKNOWN_PRE_TOUCH_PART_OF_ENTRY_BAR,0.0,,1170,0,0,0,INSUFFICIENT_SAMPLE,1170,0,0,0,,0,0.0,0.0,,WITHHELD_BELOW_50_COMPARABLE_CLOSED_TRADES,0,0,,0,,WITHHELD_BELOW_90_DAILY_RETURNS_OR_30_CLOSED_TRADES,0,,0,0.0,486,,0,0.0,,,,,OBSERVED_HITS_PER_ENTRY_CENSORED_OPEN_TRADES_NOT_ASSUMED_FAILED,False,0.0,NULL_WHEN_NO_TRADES_OR_NO_LOSSES,0,,0,False,True,True
binance_60_15,REFERENCE_SEGMENT_05,EXTERNAL,binance,60,15,2021-03-12T03:30:00+00:00,2021-04-20T02:00:00+00:00,D_25_35_40_BE_TP1,"[0.25, 0.35, 0.4]",TP1,,,,,,0,,0,38,,0,0,INSUFFICIENT_SAMPLE,,0.0,UNION_ENTRY_BAR_START_TO_EXIT_INCLUDES_UNKNOWN_PRE_TOUCH_PART_OF_ENTRY_BAR,0.0,,1170,0,0,0,INSUFFICIENT_SAMPLE,1170,0,0,0,,0,0.0,0.0,,WITHHELD_BELOW_50_COMPARABLE_CLOSED_TRADES,0,0,,0,,WITHHELD_BELOW_90_DAILY_RETURNS_OR_30_CLOSED_TRADES,0,,0,0.0,486,,0,0.0,,,,,OBSERVED_HITS_PER_ENTRY_CENSORED_OPEN_TRADES_NOT_ASSUMED_FAILED,False,0.0,NULL_WHEN_NO_TRADES_OR_NO_LOSSES,0,,0,False,True,True
binance_60_15,REFERENCE_SEGMENT_05,EXTERNAL,binance,60,15,2021-03-12T03:30:00+00:00,2021-04-20T02:00:00+00:00,A_BE_LATER_CLOSE,"[0.4, 0.3, 0.3]",LATER_CLOSE,,,,,,0,,0,38,,0,0,INSUFFICIENT_SAMPLE,,0.0,UNION_ENTRY_BAR_START_TO_EXIT_INCLUDES_UNKNOWN_PRE_TOUCH_PART_OF_ENTRY_BAR,0.0,,1170,0,0,0,INSUFFICIENT_SAMPLE,1170,0,0,0,,0,0.0,0.0,,WITHHELD_BELOW_50_COMPARABLE_CLOSED_TRADES,0,0,,0,,WITHHELD_BELOW_90_DAILY_RETURNS_OR_30_CLOSED_TRADES,0,,0,0.0,486,,0,0.0,,,,,OBSERVED_HITS_PER_ENTRY_CENSORED_OPEN_TRADES_NOT_ASSUMED_FAILED,False,0.0,NULL_WHEN_NO_TRADES_OR_NO_LOSSES,0,,0,False,True,True
binance_60_15,REFERENCE_SEGMENT_05,EXTERNAL,binance,60,15,2021-03-12T03:30:00+00:00,2021-04-20T02:00:00+00:00,A_ORIGINAL_SL_UNTIL_TP2,"[0.4, 0.3, 0.3]",TP2,,,,,,0,,0,38,,0,0,INSUFFICIENT_SAMPLE,,0.0,UNION_ENTRY_BAR_START_TO_EXIT_INCLUDES_UNKNOWN_PRE_TOUCH_PART_OF_ENTRY_BAR,0.0,,1170,0,0,0,INSUFFICIENT_SAMPLE,1170,0,0,0,,0,0.0,0.0,,WITHHELD_BELOW_50_COMPARABLE_CLOSED_TRADES,0,0,,0,,WITHHELD_BELOW_90_DAILY_RETURNS_OR_30_CLOSED_TRADES,0,,0,0.0,486,,0,0.0,,,,,OBSERVED_HITS_PER_ENTRY_CENSORED_OPEN_TRADES_NOT_ASSUMED_FAILED,False,0.0,NULL_WHEN_NO_TRADES_OR_NO_LOSSES,0,,0,False,True,True
binance_60_15,REFERENCE_SEGMENT_05,EXTERNAL,binance,60,15,2021-03-12T03:30:00+00:00,2021-04-20T02:00:00+00:00,A_STRUCTURAL_AFTER_TP1,"[0.4, 0.3, 0.3]",STRUCTURAL,,,,,,0,,0,38,,0,0,INSUFFICIENT_SAMPLE,,0.0,UNION_ENTRY_BAR_START_TO_EXIT_INCLUDES_UNKNOWN_PRE_TOUCH_PART_OF_ENTRY_BAR,0.0,,1170,0,0,0,INSUFFICIENT_SAMPLE,1170,0,0,0,,0,0.0,0.0,,WITHHELD_BELOW_50_COMPARABLE_CLOSED_TRADES,0,0,,0,,WITHHELD_BELOW_90_DAILY_RETURNS_OR_30_CLOSED_TRADES,0,,0,0.0,486,,0,0.0,,,,,OBSERVED_HITS_PER_ENTRY_CENSORED_OPEN_TRADES_NOT_ASSUMED_FAILED,False,0.0,NULL_WHEN_NO_TRADES_OR_NO_LOSSES,0,,0,False,True,True
binance_60_15,REFERENCE_SEGMENT_07,EXTERNAL,binance,60,15,2021-05-01T08:45:00+00:00,2021-08-13T02:00:00+00:00,A_40_30_30_BE_TP1,"[0.4, 0.3, 0.3]",TP1,,,,,,0,,0,103,,0,0,INSUFFICIENT_SAMPLE,,0.0,UNION_ENTRY_BAR_START_TO_EXIT_INCLUDES_UNKNOWN_PRE_TOUCH_PART_OF_ENTRY_BAR,0.0,,1170,0,0,0,INSUFFICIENT_SAMPLE,1170,0,0,0,,0,0.0,0.0,,WITHHELD_BELOW_50_COMPARABLE_CLOSED_TRADES,0,0,,0,,WITHHELD_BELOW_90_DAILY_RETURNS_OR_30_CLOSED_TRADES,1,0.0,0,0.0,1301,,0,0.0,,,,,OBSERVED_HITS_PER_ENTRY_CENSORED_OPEN_TRADES_NOT_ASSUMED_FAILED,False,0.0,NULL_WHEN_NO_TRADES_OR_NO_LOSSES,0,,0,True,True,True
binance_60_15,REFERENCE_SEGMENT_07,EXTERNAL,binance,60,15,2021-05-01T08:45:00+00:00,2021-08-13T02:00:00+00:00,B_30_30_40_BE_TP1,"[0.3, 0.3, 0.4]",TP1,,,,,,0,,0,103,,0,0,INSUFFICIENT_SAMPLE,,0.0,UNION_ENTRY_BAR_START_TO_EXIT_INCLUDES_UNKNOWN_PRE_TOUCH_PART_OF_ENTRY_BAR,0.0,,1170,0,0,0,INSUFFICIENT_SAMPLE,1170,0,0,0,,0,0.0,0.0,,WITHHELD_BELOW_50_COMPARABLE_CLOSED_TRADES,0,0,,0,,WITHHELD_BELOW_90_DAILY_RETURNS_OR_30_CLOSED_TRADES,1,0.0,0,0.0,1301,,0,0.0,,,,,OBSERVED_HITS_PER_ENTRY_CENSORED_OPEN_TRADES_NOT_ASSUMED_FAILED,False,0.0,NULL_WHEN_NO_TRADES_OR_NO_LOSSES,0,,0,False,True,True
binance_60_15,REFERENCE_SEGMENT_07,EXTERNAL,binance,60,15,2021-05-01T08:45:00+00:00,2021-08-13T02:00:00+00:00,C_25_25_50_BE_TP1,"[0.25, 0.25, 0.5]",TP1,,,,,,0,,0,103,,0,0,INSUFFICIENT_SAMPLE,,0.0,UNION_ENTRY_BAR_START_TO_EXIT_INCLUDES_UNKNOWN_PRE_TOUCH_PART_OF_ENTRY_BAR,0.0,,1170,0,0,0,INSUFFICIENT_SAMPLE,1170,0,0,0,,0,0.0,0.0,,WITHHELD_BELOW_50_COMPARABLE_CLOSED_TRADES,0,0,,0,,WITHHELD_BELOW_90_DAILY_RETURNS_OR_30_CLOSED_TRADES,1,0.0,0,0.0,1301,,0,0.0,,,,,OBSERVED_HITS_PER_ENTRY_CENSORED_OPEN_TRADES_NOT_ASSUMED_FAILED,False,0.0,NULL_WHEN_NO_TRADES_OR_NO_LOSSES,0,,0,False,True,True
binance_60_15,REFERENCE_SEGMENT_07,EXTERNAL,binance,60,15,2021-05-01T08:45:00+00:00,2021-08-13T02:00:00+00:00,D_25_35_40_BE_TP1,"[0.25, 0.35, 0.4]",TP1,,,,,,0,,0,103,,0,0,INSUFFICIENT_SAMPLE,,0.0,UNION_ENTRY_BAR_START_TO_EXIT_INCLUDES_UNKNOWN_PRE_TOUCH_PART_OF_ENTRY_BAR,0.0,,1170,0,0,0,INSUFFICIENT_SAMPLE,1170,0,0,0,,0,0.0,0.0,,WITHHELD_BELOW_50_COMPARABLE_CLOSED_TRADES,0,0,,0,,WITHHELD_BELOW_90_DAILY_RETURNS_OR_30_CLOSED_TRADES,1,0.0,0,0.0,1301,,0,0.0,,,,,OBSERVED_HITS_PER_ENTRY_CENSORED_OPEN_TRADES_NOT_ASSUMED_FAILED,False,0.0,NULL_WHEN_NO_TRADES_OR_NO_LOSSES,0,,0,False,True,True
binance_60_15,REFERENCE_SEGMENT_07,EXTERNAL,binance,60,15,2021-05-01T08:45:00+00:00,2021-08-13T02:00:00+00:00,A_BE_LATER_CLOSE,"[0.4, 0.3, 0.3]",LATER_CLOSE,,,,,,0,,0,103,,0,0,INSUFFICIENT_SAMPLE,,0.0,UNION_ENTRY_BAR_START_TO_EXIT_INCLUDES_UNKNOWN_PRE_TOUCH_PART_OF_ENTRY_BAR,0.0,,1170,0,0,0,INSUFFICIENT_SAMPLE,1170,0,0,0,,0,0.0,0.0,,WITHHELD_BELOW_50_COMPARABLE_CLOSED_TRADES,0,0,,0,,WITHHELD_BELOW_90_DAILY_RETURNS_OR_30_CLOSED_TRADES,1,0.0,0,0.0,1301,,0,0.0,,,,,OBSERVED_HITS_PER_ENTRY_CENSORED_OPEN_TRADES_NOT_ASSUMED_FAILED,False,0.0,NULL_WHEN_NO_TRADES_OR_NO_LOSSES,0,,0,False,True,True
binance_60_15,REFERENCE_SEGMENT_07,EXTERNAL,binance,60,15,2021-05-01T08:45:00+00:00,2021-08-13T02:00:00+00:00,A_ORIGINAL_SL_UNTIL_TP2,"[0.4, 0.3, 0.3]",TP2,,,,,,0,,0,103,,0,0,INSUFFICIENT_SAMPLE,,0.0,UNION_ENTRY_BAR_START_TO_EXIT_INCLUDES_UNKNOWN_PRE_TOUCH_PART_OF_ENTRY_BAR,0.0,,1170,0,0,0,INSUFFICIENT_SAMPLE,1170,0,0,0,,0,0.0,0.0,,WITHHELD_BELOW_50_COMPARABLE_CLOSED_TRADES,0,0,,0,,WITHHELD_BELOW_90_DAILY_RETURNS_OR_30_CLOSED_TRADES,1,0.0,0,0.0,1301,,0,0.0,,,,,OBSERVED_HITS_PER_ENTRY_CENSORED_OPEN_TRADES_NOT_ASSUMED_FAILED,False,0.0,NULL_WHEN_NO_TRADES_OR_NO_LOSSES,0,,0,False,True,True
binance_60_15,REFERENCE_SEGMENT_07,EXTERNAL,binance,60,15,2021-05-01T08:45:00+00:00,2021-08-13T02:00:00+00:00,A_STRUCTURAL_AFTER_TP1,"[0.4, 0.3, 0.3]",STRUCTURAL,,,,,,0,,0,103,,0,0,INSUFFICIENT_SAMPLE,,0.0,UNION_ENTRY_BAR_START_TO_EXIT_INCLUDES_UNKNOWN_PRE_TOUCH_PART_OF_ENTRY_BAR,0.0,,1170,0,0,0,INSUFFICIENT_SAMPLE,1170,0,0,0,,0,0.0,0.0,,WITHHELD_BELOW_50_COMPARABLE_CLOSED_TRADES,0,0,,0,,WITHHELD_BELOW_90_DAILY_RETURNS_OR_30_CLOSED_TRADES,1,0.0,0,0.0,1301,,0,0.0,,,,,OBSERVED_HITS_PER_ENTRY_CENSORED_OPEN_TRADES_NOT_ASSUMED_FAILED,False,0.0,NULL_WHEN_NO_TRADES_OR_NO_LOSSES,0,,0,False,True,True
binance_60_15,REFERENCE_SEGMENT_08,EXTERNAL,binance,60,15,2021-08-19T06:30:00+00:00,2021-09-29T07:00:00+00:00,A_40_30_30_BE_TP1,"[0.4, 0.3, 0.3]",TP1,,,,,,0,,0,40,,0,0,INSUFFICIENT_SAMPLE,,0.0,UNION_ENTRY_BAR_START_TO_EXIT_INCLUDES_UNKNOWN_PRE_TOUCH_PART_OF_ENTRY_BAR,0.0,,1170,0,0,0,INSUFFICIENT_SAMPLE,1170,0,0,0,,0,0.0,0.0,,WITHHELD_BELOW_50_COMPARABLE_CLOSED_TRADES,0,0,,0,,WITHHELD_BELOW_90_DAILY_RETURNS_OR_30_CLOSED_TRADES,0,,0,0.0,553,,0,0.0,,,,,OBSERVED_HITS_PER_ENTRY_CENSORED_OPEN_TRADES_NOT_ASSUMED_FAILED,False,0.0,NULL_WHEN_NO_TRADES_OR_NO_LOSSES,0,,0,True,True,True
binance_60_15,REFERENCE_SEGMENT_08,EXTERNAL,binance,60,15,2021-08-19T06:30:00+00:00,2021-09-29T07:00:00+00:00,B_30_30_40_BE_TP1,"[0.3, 0.3, 0.4]",TP1,,,,,,0,,0,40,,0,0,INSUFFICIENT_SAMPLE,,0.0,UNION_ENTRY_BAR_START_TO_EXIT_INCLUDES_UNKNOWN_PRE_TOUCH_PART_OF_ENTRY_BAR,0.0,,1170,0,0,0,INSUFFICIENT_SAMPLE,1170,0,0,0,,0,0.0,0.0,,WITHHELD_BELOW_50_COMPARABLE_CLOSED_TRADES,0,0,,0,,WITHHELD_BELOW_90_DAILY_RETURNS_OR_30_CLOSED_TRADES,0,,0,0.0,553,,0,0.0,,,,,OBSERVED_HITS_PER_ENTRY_CENSORED_OPEN_TRADES_NOT_ASSUMED_FAILED,False,0.0,NULL_WHEN_NO_TRADES_OR_NO_LOSSES,0,,0,False,True,True
binance_60_15,REFERENCE_SEGMENT_08,EXTERNAL,binance,60,15,2021-08-19T06:30:00+00:00,2021-09-29T07:00:00+00:00,C_25_25_50_BE_TP1,"[0.25, 0.25, 0.5]",TP1,,,,,,0,,0,40,,0,0,INSUFFICIENT_SAMPLE,,0.0,UNION_ENTRY_BAR_START_TO_EXIT_INCLUDES_UNKNOWN_PRE_TOUCH_PART_OF_ENTRY_BAR,0.0,,1170,0,0,0,INSUFFICIENT_SAMPLE,1170,0,0,0,,0,0.0,0.0,,WITHHELD_BELOW_50_COMPARABLE_CLOSED_TRADES,0,0,,0,,WITHHELD_BELOW_90_DAILY_RETURNS_OR_30_CLOSED_TRADES,0,,0,0.0,553,,0,0.0,,,,,OBSERVED_HITS_PER_ENTRY_CENSORED_OPEN_TRADES_NOT_ASSUMED_FAILED,False,0.0,NULL_WHEN_NO_TRADES_OR_NO_LOSSES,0,,0,False,True,True
binance_60_15,REFERENCE_SEGMENT_08,EXTERNAL,binance,60,15,2021-08-19T06:30:00+00:00,2021-09-29T07:00:00+00:00,D_25_35_40_BE_TP1,"[0.25, 0.35, 0.4]",TP1,,,,,,0,,0,40,,0,0,INSUFFICIENT_SAMPLE,,0.0,UNION_ENTRY_BAR_START_TO_EXIT_INCLUDES_UNKNOWN_PRE_TOUCH_PART_OF_ENTRY_BAR,0.0,,1170,0,0,0,INSUFFICIENT_SAMPLE,1170,0,0,0,,0,0.0,0.0,,WITHHELD_BELOW_50_COMPARABLE_CLOSED_TRADES,0,0,,0,,WITHHELD_BELOW_90_DAILY_RETURNS_OR_30_CLOSED_TRADES,0,,0,0.0,553,,0,0.0,,,,,OBSERVED_HITS_PER_ENTRY_CENSORED_OPEN_TRADES_NOT_ASSUMED_FAILED,False,0.0,NULL_WHEN_NO_TRADES_OR_NO_LOSSES,0,,0,False,True,True
binance_60_15,REFERENCE_SEGMENT_08,EXTERNAL,binance,60,15,2021-08-19T06:30:00+00:00,2021-09-29T07:00:00+00:00,A_BE_LATER_CLOSE,"[0.4, 0.3, 0.3]",LATER_CLOSE,,,,,,0,,0,40,,0,0,INSUFFICIENT_SAMPLE,,0.0,UNION_ENTRY_BAR_START_TO_EXIT_INCLUDES_UNKNOWN_PRE_TOUCH_PART_OF_ENTRY_BAR,0.0,,1170,0,0,0,INSUFFICIENT_SAMPLE,1170,0,0,0,,0,0.0,0.0,,WITHHELD_BELOW_50_COMPARABLE_CLOSED_TRADES,0,0,,0,,WITHHELD_BELOW_90_DAILY_RETURNS_OR_30_CLOSED_TRADES,0,,0,0.0,553,,0,0.0,,,,,OBSERVED_HITS_PER_ENTRY_CENSORED_OPEN_TRADES_NOT_ASSUMED_FAILED,False,0.0,NULL_WHEN_NO_TRADES_OR_NO_LOSSES,0,,0,False,True,True
binance_60_15,REFERENCE_SEGMENT_08,EXTERNAL,binance,60,15,2021-08-19T06:30:00+00:00,2021-09-29T07:00:00+00:00,A_ORIGINAL_SL_UNTIL_TP2,"[0.4, 0.3, 0.3]",TP2,,,,,,0,,0,40,,0,0,INSUFFICIENT_SAMPLE,,0.0,UNION_ENTRY_BAR_START_TO_EXIT_INCLUDES_UNKNOWN_PRE_TOUCH_PART_OF_ENTRY_BAR,0.0,,1170,0,0,0,INSUFFICIENT_SAMPLE,1170,0,0,0,,0,0.0,0.0,,WITHHELD_BELOW_50_COMPARABLE_CLOSED_TRADES,0,0,,0,,WITHHELD_BELOW_90_DAILY_RETURNS_OR_30_CLOSED_TRADES,0,,0,0.0,553,,0,0.0,,,,,OBSERVED_HITS_PER_ENTRY_CENSORED_OPEN_TRADES_NOT_ASSUMED_FAILED,False,0.0,NULL_WHEN_NO_TRADES_OR_NO_LOSSES,0,,0,False,True,True
binance_60_15,REFERENCE_SEGMENT_08,EXTERNAL,binance,60,15,2021-08-19T06:30:00+00:00,2021-09-29T07:00:00+00:00,A_STRUCTURAL_AFTER_TP1,"[0.4, 0.3, 0.3]",STRUCTURAL,,,,,,0,,0,40,,0,0,INSUFFICIENT_SAMPLE,,0.0,UNION_ENTRY_BAR_START_TO_EXIT_INCLUDES_UNKNOWN_PRE_TOUCH_PART_OF_ENTRY_BAR,0.0,,1170,0,0,0,INSUFFICIENT_SAMPLE,1170,0,0,0,,0,0.0,0.0,,WITHHELD_BELOW_50_COMPARABLE_CLOSED_TRADES,0,0,,0,,WITHHELD_BELOW_90_DAILY_RETURNS_OR_30_CLOSED_TRADES,0,,0,0.0,553,,0,0.0,,,,,OBSERVED_HITS_PER_ENTRY_CENSORED_OPEN_TRADES_NOT_ASSUMED_FAILED,False,0.0,NULL_WHEN_NO_TRADES_OR_NO_LOSSES,0,,0,False,True,True
binance_60_15,REFERENCE_SEGMENT_09,EXTERNAL,binance,60,15,2021-10-05T09:00:00+00:00,2023-03-24T12:30:00+00:00,A_40_30_30_BE_TP1,"[0.4, 0.3, 0.3]",TP1,-1.0,5700.0,22.935120000000005,,0.0,0,,3,534,,3,-68.80535999999984,INSUFFICIENT_SAMPLE,-22.935120000000005,0.0004282321797017947,UNION_ENTRY_BAR_START_TO_EXIT_INCLUDES_UNKNOWN_PRE_TOUCH_PART_OF_ENTRY_BAR,9.88533115505864,,1101.1946400000002,-58.92002884494137,68.80536000000001,0,INSUFFICIENT_SAMPLE,1170,1,3,0,1.0,3,14683500.0,0.13221224914034327,-1.0,WITHHELD_BELOW_50_COMPARABLE_CLOSED_TRADES,-68.80536000000001,0,,0,0.0,WITHHELD_BELOW_90_DAILY_RETURNS_OR_30_CLOSED_TRADES,4,0.75,-68.80535999999984,68.80536000000001,5983,,2,3.2951081600227345,,0.0,0.0,0.0,OBSERVED_HITS_PER_ENTRY_CENSORED_OPEN_TRADES_NOT_ASSUMED_FAILED,False,0.17063105851208782,NULL_WHEN_NO_TRADES_OR_NO_LOSSES,0,0.0,0,True,True,True
binance_60_15,REFERENCE_SEGMENT_09,EXTERNAL,binance,60,15,2021-10-05T09:00:00+00:00,2023-03-24T12:30:00+00:00,B_30_30_40_BE_TP1,"[0.3, 0.3, 0.4]",TP1,-1.0,5700.0,22.935120000000005,,0.0,0,,3,534,,3,-68.80535999999984,INSUFFICIENT_SAMPLE,-22.935120000000005,0.0004282321797017947,UNION_ENTRY_BAR_START_TO_EXIT_INCLUDES_UNKNOWN_PRE_TOUCH_PART_OF_ENTRY_BAR,9.88533115505864,,1101.1946400000002,-58.92002884494137,68.80536000000001,0,INSUFFICIENT_SAMPLE,1170,1,3,0,1.0,3,14683500.0,0.13221224914034327,-1.0,WITHHELD_BELOW_50_COMPARABLE_CLOSED_TRADES,-68.80536000000001,0,,0,0.0,WITHHELD_BELOW_90_DAILY_RETURNS_OR_30_CLOSED_TRADES,4,0.75,-68.80535999999984,68.80536000000001,5983,,2,3.2951081600227345,,0.0,0.0,0.0,OBSERVED_HITS_PER_ENTRY_CENSORED_OPEN_TRADES_NOT_ASSUMED_FAILED,False,0.17063105851208782,NULL_WHEN_NO_TRADES_OR_NO_LOSSES,0,0.0,0,False,True,True
binance_60_15,REFERENCE_SEGMENT_09,EXTERNAL,binance,60,15,2021-10-05T09:00:00+00:00,2023-03-24T12:30:00+00:00,C_25_25_50_BE_TP1,"[0.25, 0.25, 0.5]",TP1,-1.0,5700.0,22.935120000000005,,0.0,0,,3,534,,3,-68.80535999999984,INSUFFICIENT_SAMPLE,-22.935120000000005,0.0004282321797017947,UNION_ENTRY_BAR_START_TO_EXIT_INCLUDES_UNKNOWN_PRE_TOUCH_PART_OF_ENTRY_BAR,9.88533115505864,,1101.1946400000002,-58.92002884494137,68.80536000000001,0,INSUFFICIENT_SAMPLE,1170,1,3,0,1.0,3,14683500.0,0.13221224914034327,-1.0,WITHHELD_BELOW_50_COMPARABLE_CLOSED_TRADES,-68.80536000000001,0,,0,0.0,WITHHELD_BELOW_90_DAILY_RETURNS_OR_30_CLOSED_TRADES,4,0.75,-68.80535999999984,68.80536000000001,5983,,2,3.2951081600227345,,0.0,0.0,0.0,OBSERVED_HITS_PER_ENTRY_CENSORED_OPEN_TRADES_NOT_ASSUMED_FAILED,False,0.17063105851208782,NULL_WHEN_NO_TRADES_OR_NO_LOSSES,0,0.0,0,False,True,True
binance_60_15,REFERENCE_SEGMENT_09,EXTERNAL,binance,60,15,2021-10-05T09:00:00+00:00,2023-03-24T12:30:00+00:00,D_25_35_40_BE_TP1,"[0.25, 0.35, 0.4]",TP1,-1.0,5700.0,22.935120000000005,,0.0,0,,3,534,,3,-68.80535999999984,INSUFFICIENT_SAMPLE,-22.935120000000005,0.0004282321797017947,UNION_ENTRY_BAR_START_TO_EXIT_INCLUDES_UNKNOWN_PRE_TOUCH_PART_OF_ENTRY_BAR,9.88533115505864,,1101.1946400000002,-58.92002884494137,68.80536000000001,0,INSUFFICIENT_SAMPLE,1170,1,3,0,1.0,3,14683500.0,0.13221224914034327,-1.0,WITHHELD_BELOW_50_COMPARABLE_CLOSED_TRADES,-68.80536000000001,0,,0,0.0,WITHHELD_BELOW_90_DAILY_RETURNS_OR_30_CLOSED_TRADES,4,0.75,-68.80535999999984,68.80536000000001,5983,,2,3.2951081600227345,,0.0,0.0,0.0,OBSERVED_HITS_PER_ENTRY_CENSORED_OPEN_TRADES_NOT_ASSUMED_FAILED,False,0.17063105851208782,NULL_WHEN_NO_TRADES_OR_NO_LOSSES,0,0.0,0,False,True,True
binance_60_15,REFERENCE_SEGMENT_09,EXTERNAL,binance,60,15,2021-10-05T09:00:00+00:00,2023-03-24T12:30:00+00:00,A_BE_LATER_CLOSE,"[0.4, 0.3, 0.3]",LATER_CLOSE,-1.0,5700.0,22.935120000000005,,0.0,0,,3,534,,3,-68.80535999999984,INSUFFICIENT_SAMPLE,-22.935120000000005,0.0004282321797017947,UNION_ENTRY_BAR_START_TO_EXIT_INCLUDES_UNKNOWN_PRE_TOUCH_PART_OF_ENTRY_BAR,9.88533115505864,,1101.1946400000002,-58.92002884494137,68.80536000000001,0,INSUFFICIENT_SAMPLE,1170,1,3,0,1.0,3,14683500.0,0.13221224914034327,-1.0,WITHHELD_BELOW_50_COMPARABLE_CLOSED_TRADES,-68.80536000000001,0,,0,0.0,WITHHELD_BELOW_90_DAILY_RETURNS_OR_30_CLOSED_TRADES,4,0.75,-68.80535999999984,68.80536000000001,5983,,2,3.2951081600227345,,0.0,0.0,0.0,OBSERVED_HITS_PER_ENTRY_CENSORED_OPEN_TRADES_NOT_ASSUMED_FAILED,False,0.17063105851208782,NULL_WHEN_NO_TRADES_OR_NO_LOSSES,0,0.0,0,False,True,True
binance_60_15,REFERENCE_SEGMENT_09,EXTERNAL,binance,60,15,2021-10-05T09:00:00+00:00,2023-03-24T12:30:00+00:00,A_ORIGINAL_SL_UNTIL_TP2,"[0.4, 0.3, 0.3]",TP2,-1.0,5700.0,22.935120000000005,,0.0,0,,3,534,,3,-68.80535999999984,INSUFFICIENT_SAMPLE,-22.935120000000005,0.0004282321797017947,UNION_ENTRY_BAR_START_TO_EXIT_INCLUDES_UNKNOWN_PRE_TOUCH_PART_OF_ENTRY_BAR,9.88533115505864,,1101.1946400000002,-58.92002884494137,68.80536000000001,0,INSUFFICIENT_SAMPLE,1170,1,3,0,1.0,3,14683500.0,0.13221224914034327,-1.0,WITHHELD_BELOW_50_COMPARABLE_CLOSED_TRADES,-68.80536000000001,0,,0,0.0,WITHHELD_BELOW_90_DAILY_RETURNS_OR_30_CLOSED_TRADES,4,0.75,-68.80535999999984,68.80536000000001,5983,,2,3.2951081600227345,,0.0,0.0,0.0,OBSERVED_HITS_PER_ENTRY_CENSORED_OPEN_TRADES_NOT_ASSUMED_FAILED,False,0.17063105851208782,NULL_WHEN_NO_TRADES_OR_NO_LOSSES,0,0.0,0,False,True,True
binance_60_15,REFERENCE_SEGMENT_09,EXTERNAL,binance,60,15,2021-10-05T09:00:00+00:00,2023-03-24T12:30:00+00:00,A_STRUCTURAL_AFTER_TP1,"[0.4, 0.3, 0.3]",STRUCTURAL,-1.0,5700.0,22.935120000000005,,0.0,0,,3,534,,3,-68.80535999999984,INSUFFICIENT_SAMPLE,-22.935120000000005,0.0004282321797017947,UNION_ENTRY_BAR_START_TO_EXIT_INCLUDES_UNKNOWN_PRE_TOUCH_PART_OF_ENTRY_BAR,9.88533115505864,,1101.1946400000002,-58.92002884494137,68.80536000000001,0,INSUFFICIENT_SAMPLE,1170,1,3,0,1.0,3,14683500.0,0.13221224914034327,-1.0,WITHHELD_BELOW_50_COMPARABLE_CLOSED_TRADES,-68.80536000000001,0,,0,0.0,WITHHELD_BELOW_90_DAILY_RETURNS_OR_30_CLOSED_TRADES,4,0.75,-68.80535999999984,68.80536000000001,5983,,2,3.2951081600227345,,0.0,0.0,0.0,OBSERVED_HITS_PER_ENTRY_CENSORED_OPEN_TRADES_NOT_ASSUMED_FAILED,False,0.17063105851208782,NULL_WHEN_NO_TRADES_OR_NO_LOSSES,0,0.0,0,False,True,True
binance_60_15,REFERENCE_SEGMENT_10,EXTERNAL,binance,60,15,2023-03-30T14:00:00+00:00,2023-11-15T00:00:00+00:00,A_40_30_30_BE_TP1,"[0.4, 0.3, 0.3]",TP1,-1.0,900.0,23.400000000000002,,0.0,0,,1,229,,1,-23.399999999999864,INSUFFICIENT_SAMPLE,-23.400000000000002,9.081002542680712e-05,UNION_ENTRY_BAR_START_TO_EXIT_INCLUDES_UNKNOWN_PRE_TOUCH_PART_OF_ENTRY_BAR,3.268808475740157,,1146.6000000000001,-20.131191524259847,23.400000000000002,0,INSUFFICIENT_SAMPLE,1170,1,1,0,1.0,1,13093200.0,0.019999999999999882,-1.0,WITHHELD_BELOW_50_COMPARABLE_CLOSED_TRADES,-23.400000000000002,0,,0,0.0,WITHHELD_BELOW_90_DAILY_RETURNS_OR_30_CLOSED_TRADES,2,0.5,-23.399999999999864,23.400000000000002,2409,,0,1.0896020635833497,,0.0,0.0,0.0,OBSERVED_HITS_PER_ENTRY_CENSORED_OPEN_TRADES_NOT_ASSUMED_FAILED,False,0.13267344714856522,NULL_WHEN_NO_TRADES_OR_NO_LOSSES,0,0.0,0,True,True,True
binance_60_15,REFERENCE_SEGMENT_10,EXTERNAL,binance,60,15,2023-03-30T14:00:00+00:00,2023-11-15T00:00:00+00:00,B_30_30_40_BE_TP1,"[0.3, 0.3, 0.4]",TP1,-1.0,900.0,23.400000000000002,,0.0,0,,1,229,,1,-23.399999999999864,INSUFFICIENT_SAMPLE,-23.400000000000002,9.081002542680712e-05,UNION_ENTRY_BAR_START_TO_EXIT_INCLUDES_UNKNOWN_PRE_TOUCH_PART_OF_ENTRY_BAR,3.268808475740157,,1146.6000000000001,-20.131191524259847,23.400000000000002,0,INSUFFICIENT_SAMPLE,1170,1,1,0,1.0,1,13093200.0,0.019999999999999882,-1.0,WITHHELD_BELOW_50_COMPARABLE_CLOSED_TRADES,-23.400000000000002,0,,0,0.0,WITHHELD_BELOW_90_DAILY_RETURNS_OR_30_CLOSED_TRADES,2,0.5,-23.399999999999864,23.400000000000002,2409,,0,1.0896020635833497,,0.0,0.0,0.0,OBSERVED_HITS_PER_ENTRY_CENSORED_OPEN_TRADES_NOT_ASSUMED_FAILED,False,0.13267344714856522,NULL_WHEN_NO_TRADES_OR_NO_LOSSES,0,0.0,0,False,True,True
binance_60_15,REFERENCE_SEGMENT_10,EXTERNAL,binance,60,15,2023-03-30T14:00:00+00:00,2023-11-15T00:00:00+00:00,C_25_25_50_BE_TP1,"[0.25, 0.25, 0.5]",TP1,-1.0,900.0,23.400000000000002,,0.0,0,,1,229,,1,-23.399999999999864,INSUFFICIENT_SAMPLE,-23.400000000000002,9.081002542680712e-05,UNION_ENTRY_BAR_START_TO_EXIT_INCLUDES_UNKNOWN_PRE_TOUCH_PART_OF_ENTRY_BAR,3.268808475740157,,1146.6000000000001,-20.131191524259847,23.400000000000002,0,INSUFFICIENT_SAMPLE,1170,1,1,0,1.0,1,13093200.0,0.019999999999999882,-1.0,WITHHELD_BELOW_50_COMPARABLE_CLOSED_TRADES,-23.400000000000002,0,,0,0.0,WITHHELD_BELOW_90_DAILY_RETURNS_OR_30_CLOSED_TRADES,2,0.5,-23.399999999999864,23.400000000000002,2409,,0,1.0896020635833497,,0.0,0.0,0.0,OBSERVED_HITS_PER_ENTRY_CENSORED_OPEN_TRADES_NOT_ASSUMED_FAILED,False,0.13267344714856522,NULL_WHEN_NO_TRADES_OR_NO_LOSSES,0,0.0,0,False,True,True
binance_60_15,REFERENCE_SEGMENT_10,EXTERNAL,binance,60,15,2023-03-30T14:00:00+00:00,2023-11-15T00:00:00+00:00,D_25_35_40_BE_TP1,"[0.25, 0.35, 0.4]",TP1,-1.0,900.0,23.400000000000002,,0.0,0,,1,229,,1,-23.399999999999864,INSUFFICIENT_SAMPLE,-23.400000000000002,9.081002542680712e-05,UNION_ENTRY_BAR_START_TO_EXIT_INCLUDES_UNKNOWN_PRE_TOUCH_PART_OF_ENTRY_BAR,3.268808475740157,,1146.6000000000001,-20.131191524259847,23.400000000000002,0,INSUFFICIENT_SAMPLE,1170,1,1,0,1.0,1,13093200.0,0.019999999999999882,-1.0,WITHHELD_BELOW_50_COMPARABLE_CLOSED_TRADES,-23.400000000000002,0,,0,0.0,WITHHELD_BELOW_90_DAILY_RETURNS_OR_30_CLOSED_TRADES,2,0.5,-23.399999999999864,23.400000000000002,2409,,0,1.0896020635833497,,0.0,0.0,0.0,OBSERVED_HITS_PER_ENTRY_CENSORED_OPEN_TRADES_NOT_ASSUMED_FAILED,False,0.13267344714856522,NULL_WHEN_NO_TRADES_OR_NO_LOSSES,0,0.0,0,False,True,True
binance_60_15,REFERENCE_SEGMENT_10,EXTERNAL,binance,60,15,2023-03-30T14:00:00+00:00,2023-11-15T00:00:00+00:00,A_BE_LATER_CLOSE,"[0.4, 0.3, 0.3]",LATER_CLOSE,-1.0,900.0,23.400000000000002,,0.0,0,,1,229,,1,-23.399999999999864,INSUFFICIENT_SAMPLE,-23.400000000000002,9.081002542680712e-05,UNION_ENTRY_BAR_START_TO_EXIT_INCLUDES_UNKNOWN_PRE_TOUCH_PART_OF_ENTRY_BAR,3.268808475740157,,1146.6000000000001,-20.131191524259847,23.400000000000002,0,INSUFFICIENT_SAMPLE,1170,1,1,0,1.0,1,13093200.0,0.019999999999999882,-1.0,WITHHELD_BELOW_50_COMPARABLE_CLOSED_TRADES,-23.400000000000002,0,,0,0.0,WITHHELD_BELOW_90_DAILY_RETURNS_OR_30_CLOSED_TRADES,2,0.5,-23.399999999999864,23.400000000000002,2409,,0,1.0896020635833497,,0.0,0.0,0.0,OBSERVED_HITS_PER_ENTRY_CENSORED_OPEN_TRADES_NOT_ASSUMED_FAILED,False,0.13267344714856522,NULL_WHEN_NO_TRADES_OR_NO_LOSSES,0,0.0,0,False,True,True
binance_60_15,REFERENCE_SEGMENT_10,EXTERNAL,binance,60,15,2023-03-30T14:00:00+00:00,2023-11-15T00:00:00+00:00,A_ORIGINAL_SL_UNTIL_TP2,"[0.4, 0.3, 0.3]",TP2,-1.0,900.0,23.400000000000002,,0.0,0,,1,229,,1,-23.399999999999864,INSUFFICIENT_SAMPLE,-23.400000000000002,9.081002542680712e-05,UNION_ENTRY_BAR_START_TO_EXIT_INCLUDES_UNKNOWN_PRE_TOUCH_PART_OF_ENTRY_BAR,3.268808475740157,,1146.6000000000001,-20.131191524259847,23.400000000000002,0,INSUFFICIENT_SAMPLE,1170,1,1,0,1.0,1,13093200.0,0.019999999999999882,-1.0,WITHHELD_BELOW_50_COMPARABLE_CLOSED_TRADES,-23.400000000000002,0,,0,0.0,WITHHELD_BELOW_90_DAILY_RETURNS_OR_30_CLOSED_TRADES,2,0.5,-23.399999999999864,23.400000000000002,2409,,0,1.0896020635833497,,0.0,0.0,0.0,OBSERVED_HITS_PER_ENTRY_CENSORED_OPEN_TRADES_NOT_ASSUMED_FAILED,False,0.13267344714856522,NULL_WHEN_NO_TRADES_OR_NO_LOSSES,0,0.0,0,False,True,True
binance_60_15,REFERENCE_SEGMENT_10,EXTERNAL,binance,60,15,2023-03-30T14:00:00+00:00,2023-11-15T00:00:00+00:00,A_STRUCTURAL_AFTER_TP1,"[0.4, 0.3, 0.3]",STRUCTURAL,-1.0,900.0,23.400000000000002,,0.0,0,,1,229,,1,-23.399999999999864,INSUFFICIENT_SAMPLE,-23.400000000000002,9.081002542680712e-05,UNION_ENTRY_BAR_START_TO_EXIT_INCLUDES_UNKNOWN_PRE_TOUCH_PART_OF_ENTRY_BAR,3.268808475740157,,1146.6000000000001,-20.131191524259847,23.400000000000002,0,INSUFFICIENT_SAMPLE,1170,1,1,0,1.0,1,13093200.0,0.019999999999999882,-1.0,WITHHELD_BELOW_50_COMPARABLE_CLOSED_TRADES,-23.400000000000002,0,,0,0.0,WITHHELD_BELOW_90_DAILY_RETURNS_OR_30_CLOSED_TRADES,2,0.5,-23.399999999999864,23.400000000000002,2409,,0,1.0896020635833497,,0.0,0.0,0.0,OBSERVED_HITS_PER_ENTRY_CENSORED_OPEN_TRADES_NOT_ASSUMED_FAILED,False,0.13267344714856522,NULL_WHEN_NO_TRADES_OR_NO_LOSSES,0,0.0,0,False,True,True
binance_60_15,VALIDATION_SEGMENT_10,EXTERNAL,binance,60,15,2023-11-15T00:00:00+00:00,2024-12-08T00:00:00+00:00,A_40_30_30_BE_TP1,"[0.4, 0.3, 0.3]",TP1,-0.9999999999999999,33300.0,23.4,,0.0,0,,1,389,,1,-23.40000000000009,INSUFFICIENT_SAMPLE,-23.4,0.001017566409597258,UNION_ENTRY_BAR_START_TO_EXIT_INCLUDES_UNKNOWN_PRE_TOUCH_PART_OF_ENTRY_BAR,2.862915201880866,,1146.6,-20.537084798119135,23.4,0,INSUFFICIENT_SAMPLE,1170,1,1,0,1.0,1,13611600.0,0.03776910216133819,-0.9999999999999999,WITHHELD_BELOW_50_COMPARABLE_CLOSED_TRADES,-23.4,0,,0,0.0,WITHHELD_BELOW_90_DAILY_RETURNS_OR_30_CLOSED_TRADES,4,0.25,-23.40000000000009,23.4,5227,,0,0.9543042839822062,,0.0,0.0,0.0,OBSERVED_HITS_PER_ENTRY_CENSORED_OPEN_TRADES_NOT_ASSUMED_FAILED,False,0.07824550128534705,NULL_WHEN_NO_TRADES_OR_NO_LOSSES,0,0.0,0,True,True,True
binance_60_15,VALIDATION_SEGMENT_10,EXTERNAL,binance,60,15,2023-11-15T00:00:00+00:00,2024-12-08T00:00:00+00:00,B_30_30_40_BE_TP1,"[0.3, 0.3, 0.4]",TP1,-0.9999999999999999,33300.0,23.4,,0.0,0,,1,389,,1,-23.40000000000009,INSUFFICIENT_SAMPLE,-23.4,0.001017566409597258,UNION_ENTRY_BAR_START_TO_EXIT_INCLUDES_UNKNOWN_PRE_TOUCH_PART_OF_ENTRY_BAR,2.862915201880866,,1146.6,-20.537084798119135,23.4,0,INSUFFICIENT_SAMPLE,1170,1,1,0,1.0,1,13611600.0,0.03776910216133819,-0.9999999999999999,WITHHELD_BELOW_50_COMPARABLE_CLOSED_TRADES,-23.4,0,,0,0.0,WITHHELD_BELOW_90_DAILY_RETURNS_OR_30_CLOSED_TRADES,4,0.25,-23.40000000000009,23.4,5227,,0,0.9543042839822062,,0.0,0.0,0.0,OBSERVED_HITS_PER_ENTRY_CENSORED_OPEN_TRADES_NOT_ASSUMED_FAILED,False,0.07824550128534705,NULL_WHEN_NO_TRADES_OR_NO_LOSSES,0,0.0,0,False,True,True
binance_60_15,VALIDATION_SEGMENT_10,EXTERNAL,binance,60,15,2023-11-15T00:00:00+00:00,2024-12-08T00:00:00+00:00,C_25_25_50_BE_TP1,"[0.25, 0.25, 0.5]",TP1,-0.9999999999999999,33300.0,23.4,,0.0,0,,1,389,,1,-23.40000000000009,INSUFFICIENT_SAMPLE,-23.4,0.001017566409597258,UNION_ENTRY_BAR_START_TO_EXIT_INCLUDES_UNKNOWN_PRE_TOUCH_PART_OF_ENTRY_BAR,2.862915201880866,,1146.6,-20.537084798119135,23.4,0,INSUFFICIENT_SAMPLE,1170,1,1,0,1.0,1,13611600.0,0.03776910216133819,-0.9999999999999999,WITHHELD_BELOW_50_COMPARABLE_CLOSED_TRADES,-23.4,0,,0,0.0,WITHHELD_BELOW_90_DAILY_RETURNS_OR_30_CLOSED_TRADES,4,0.25,-23.40000000000009,23.4,5227,,0,0.9543042839822062,,0.0,0.0,0.0,OBSERVED_HITS_PER_ENTRY_CENSORED_OPEN_TRADES_NOT_ASSUMED_FAILED,False,0.07824550128534705,NULL_WHEN_NO_TRADES_OR_NO_LOSSES,0,0.0,0,False,True,True
binance_60_15,VALIDATION_SEGMENT_10,EXTERNAL,binance,60,15,2023-11-15T00:00:00+00:00,2024-12-08T00:00:00+00:00,D_25_35_40_BE_TP1,"[0.25, 0.35, 0.4]",TP1,-0.9999999999999999,33300.0,23.4,,0.0,0,,1,389,,1,-23.40000000000009,INSUFFICIENT_SAMPLE,-23.4,0.001017566409597258,UNION_ENTRY_BAR_START_TO_EXIT_INCLUDES_UNKNOWN_PRE_TOUCH_PART_OF_ENTRY_BAR,2.862915201880866,,1146.6,-20.537084798119135,23.4,0,INSUFFICIENT_SAMPLE,1170,1,1,0,1.0,1,13611600.0,0.03776910216133819,-0.9999999999999999,WITHHELD_BELOW_50_COMPARABLE_CLOSED_TRADES,-23.4,0,,0,0.0,WITHHELD_BELOW_90_DAILY_RETURNS_OR_30_CLOSED_TRADES,4,0.25,-23.40000000000009,23.4,5227,,0,0.9543042839822062,,0.0,0.0,0.0,OBSERVED_HITS_PER_ENTRY_CENSORED_OPEN_TRADES_NOT_ASSUMED_FAILED,False,0.07824550128534705,NULL_WHEN_NO_TRADES_OR_NO_LOSSES,0,0.0,0,False,True,True
binance_60_15,VALIDATION_SEGMENT_10,EXTERNAL,binance,60,15,2023-11-15T00:00:00+00:00,2024-12-08T00:00:00+00:00,A_BE_LATER_CLOSE,"[0.4, 0.3, 0.3]",LATER_CLOSE,-0.9999999999999999,33300.0,23.4,,0.0,0,,1,389,,1,-23.40000000000009,INSUFFICIENT_SAMPLE,-23.4,0.001017566409597258,UNION_ENTRY_BAR_START_TO_EXIT_INCLUDES_UNKNOWN_PRE_TOUCH_PART_OF_ENTRY_BAR,2.862915201880866,,1146.6,-20.537084798119135,23.4,0,INSUFFICIENT_SAMPLE,1170,1,1,0,1.0,1,13611600.0,0.03776910216133819,-0.9999999999999999,WITHHELD_BELOW_50_COMPARABLE_CLOSED_TRADES,-23.4,0,,0,0.0,WITHHELD_BELOW_90_DAILY_RETURNS_OR_30_CLOSED_TRADES,4,0.25,-23.40000000000009,23.4,5227,,0,0.9543042839822062,,0.0,0.0,0.0,OBSERVED_HITS_PER_ENTRY_CENSORED_OPEN_TRADES_NOT_ASSUMED_FAILED,False,0.07824550128534705,NULL_WHEN_NO_TRADES_OR_NO_LOSSES,0,0.0,0,False,True,True
binance_60_15,VALIDATION_SEGMENT_10,EXTERNAL,binance,60,15,2023-11-15T00:00:00+00:00,2024-12-08T00:00:00+00:00,A_ORIGINAL_SL_UNTIL_TP2,"[0.4, 0.3, 0.3]",TP2,-0.9999999999999999,33300.0,23.4,,0.0,0,,1,389,,1,-23.40000000000009,INSUFFICIENT_SAMPLE,-23.4,0.001017566409597258,UNION_ENTRY_BAR_START_TO_EXIT_INCLUDES_UNKNOWN_PRE_TOUCH_PART_OF_ENTRY_BAR,2.862915201880866,,1146.6,-20.537084798119135,23.4,0,INSUFFICIENT_SAMPLE,1170,1,1,0,1.0,1,13611600.0,0.03776910216133819,-0.9999999999999999,WITHHELD_BELOW_50_COMPARABLE_CLOSED_TRADES,-23.4,0,,0,0.0,WITHHELD_BELOW_90_DAILY_RETURNS_OR_30_CLOSED_TRADES,4,0.25,-23.40000000000009,23.4,5227,,0,0.9543042839822062,,0.0,0.0,0.0,OBSERVED_HITS_PER_ENTRY_CENSORED_OPEN_TRADES_NOT_ASSUMED_FAILED,False,0.07824550128534705,NULL_WHEN_NO_TRADES_OR_NO_LOSSES,0,0.0,0,False,True,True
binance_60_15,VALIDATION_SEGMENT_10,EXTERNAL,binance,60,15,2023-11-15T00:00:00+00:00,2024-12-08T00:00:00+00:00,A_STRUCTURAL_AFTER_TP1,"[0.4, 0.3, 0.3]",STRUCTURAL,-0.9999999999999999,33300.0,23.4,,0.0,0,,1,389,,1,-23.40000000000009,INSUFFICIENT_SAMPLE,-23.4,0.001017566409597258,UNION_ENTRY_BAR_START_TO_EXIT_INCLUDES_UNKNOWN_PRE_TOUCH_PART_OF_ENTRY_BAR,2.862915201880866,,1146.6,-20.537084798119135,23.4,0,INSUFFICIENT_SAMPLE,1170,1,1,0,1.0,1,13611600.0,0.03776910216133819,-0.9999999999999999,WITHHELD_BELOW_50_COMPARABLE_CLOSED_TRADES,-23.4,0,,0,0.0,WITHHELD_BELOW_90_DAILY_RETURNS_OR_30_CLOSED_TRADES,4,0.25,-23.40000000000009,23.4,5227,,0,0.9543042839822062,,0.0,0.0,0.0,OBSERVED_HITS_PER_ENTRY_CENSORED_OPEN_TRADES_NOT_ASSUMED_FAILED,False,0.07824550128534705,NULL_WHEN_NO_TRADES_OR_NO_LOSSES,0,0.0,0,False,True,True
binance_60_5,HOLDOUT_SEGMENT_10,EXTERNAL,binance,60,5,2024-12-08T00:00:00+00:00,2026-01-01T00:00:00+00:00,A_40_30_30_BE_TP1,"[0.4, 0.3, 0.3]",TP1,-1.0,10200.0,23.400000000000002,,0.0,0,,1,389,,1,-23.40000000000009,INSUFFICIENT_SAMPLE,-23.400000000000002,0.00031241073978863183,UNION_ENTRY_BAR_START_TO_EXIT_INCLUDES_UNKNOWN_PRE_TOUCH_PART_OF_ENTRY_BAR,2.8691235181548977,,1146.6,-20.5308764818451,23.400000000000002,0,INSUFFICIENT_SAMPLE,1170,1,1,0,1.0,1,30811800.0,0.03959979692910046,-1.0,WITHHELD_BELOW_50_COMPARABLE_CLOSED_TRADES,-23.400000000000002,0,,0,0.0,WITHHELD_BELOW_90_DAILY_RETURNS_OR_30_CLOSED_TRADES,8,0.125,-23.40000000000009,23.400000000000002,8457,,0,0.9563737230714378,,0.0,0.0,0.0,OBSERVED_HITS_PER_ENTRY_CENSORED_OPEN_TRADES_NOT_ASSUMED_FAILED,False,0.07824550128534705,NULL_WHEN_NO_TRADES_OR_NO_LOSSES,0,0.0,0,True,True,True
binance_60_5,HOLDOUT_SEGMENT_10,EXTERNAL,binance,60,5,2024-12-08T00:00:00+00:00,2026-01-01T00:00:00+00:00,B_30_30_40_BE_TP1,"[0.3, 0.3, 0.4]",TP1,-1.0,10200.0,23.400000000000002,,0.0,0,,1,389,,1,-23.40000000000009,INSUFFICIENT_SAMPLE,-23.400000000000002,0.00031241073978863183,UNION_ENTRY_BAR_START_TO_EXIT_INCLUDES_UNKNOWN_PRE_TOUCH_PART_OF_ENTRY_BAR,2.8691235181548977,,1146.6,-20.5308764818451,23.400000000000002,0,INSUFFICIENT_SAMPLE,1170,1,1,0,1.0,1,30811800.0,0.03959979692910046,-1.0,WITHHELD_BELOW_50_COMPARABLE_CLOSED_TRADES,-23.400000000000002,0,,0,0.0,WITHHELD_BELOW_90_DAILY_RETURNS_OR_30_CLOSED_TRADES,8,0.125,-23.40000000000009,23.400000000000002,8457,,0,0.9563737230714378,,0.0,0.0,0.0,OBSERVED_HITS_PER_ENTRY_CENSORED_OPEN_TRADES_NOT_ASSUMED_FAILED,False,0.07824550128534705,NULL_WHEN_NO_TRADES_OR_NO_LOSSES,0,0.0,0,False,True,True
binance_60_5,HOLDOUT_SEGMENT_10,EXTERNAL,binance,60,5,2024-12-08T00:00:00+00:00,2026-01-01T00:00:00+00:00,C_25_25_50_BE_TP1,"[0.25, 0.25, 0.5]",TP1,-1.0,10200.0,23.400000000000002,,0.0,0,,1,389,,1,-23.40000000000009,INSUFFICIENT_SAMPLE,-23.400000000000002,0.00031241073978863183,UNION_ENTRY_BAR_START_TO_EXIT_INCLUDES_UNKNOWN_PRE_TOUCH_PART_OF_ENTRY_BAR,2.8691235181548977,,1146.6,-20.5308764818451,23.400000000000002,0,INSUFFICIENT_SAMPLE,1170,1,1,0,1.0,1,30811800.0,0.03959979692910046,-1.0,WITHHELD_BELOW_50_COMPARABLE_CLOSED_TRADES,-23.400000000000002,0,,0,0.0,WITHHELD_BELOW_90_DAILY_RETURNS_OR_30_CLOSED_TRADES,8,0.125,-23.40000000000009,23.400000000000002,8457,,0,0.9563737230714378,,0.0,0.0,0.0,OBSERVED_HITS_PER_ENTRY_CENSORED_OPEN_TRADES_NOT_ASSUMED_FAILED,False,0.07824550128534705,NULL_WHEN_NO_TRADES_OR_NO_LOSSES,0,0.0,0,False,True,True
binance_60_5,HOLDOUT_SEGMENT_10,EXTERNAL,binance,60,5,2024-12-08T00:00:00+00:00,2026-01-01T00:00:00+00:00,D_25_35_40_BE_TP1,"[0.25, 0.35, 0.4]",TP1,-1.0,10200.0,23.400000000000002,,0.0,0,,1,389,,1,-23.40000000000009,INSUFFICIENT_SAMPLE,-23.400000000000002,0.00031241073978863183,UNION_ENTRY_BAR_START_TO_EXIT_INCLUDES_UNKNOWN_PRE_TOUCH_PART_OF_ENTRY_BAR,2.8691235181548977,,1146.6,-20.5308764818451,23.400000000000002,0,INSUFFICIENT_SAMPLE,1170,1,1,0,1.0,1,30811800.0,0.03959979692910046,-1.0,WITHHELD_BELOW_50_COMPARABLE_CLOSED_TRADES,-23.400000000000002,0,,0,0.0,WITHHELD_BELOW_90_DAILY_RETURNS_OR_30_CLOSED_TRADES,8,0.125,-23.40000000000009,23.400000000000002,8457,,0,0.9563737230714378,,0.0,0.0,0.0,OBSERVED_HITS_PER_ENTRY_CENSORED_OPEN_TRADES_NOT_ASSUMED_FAILED,False,0.07824550128534705,NULL_WHEN_NO_TRADES_OR_NO_LOSSES,0,0.0,0,False,True,True
binance_60_5,HOLDOUT_SEGMENT_10,EXTERNAL,binance,60,5,2024-12-08T00:00:00+00:00,2026-01-01T00:00:00+00:00,A_BE_LATER_CLOSE,"[0.4, 0.3, 0.3]",LATER_CLOSE,-1.0,10200.0,23.400000000000002,,0.0,0,,1,389,,1,-23.40000000000009,INSUFFICIENT_SAMPLE,-23.400000000000002,0.00031241073978863183,UNION_ENTRY_BAR_START_TO_EXIT_INCLUDES_UNKNOWN_PRE_TOUCH_PART_OF_ENTRY_BAR,2.8691235181548977,,1146.6,-20.5308764818451,23.400000000000002,0,INSUFFICIENT_SAMPLE,1170,1,1,0,1.0,1,30811800.0,0.03959979692910046,-1.0,WITHHELD_BELOW_50_COMPARABLE_CLOSED_TRADES,-23.400000000000002,0,,0,0.0,WITHHELD_BELOW_90_DAILY_RETURNS_OR_30_CLOSED_TRADES,8,0.125,-23.40000000000009,23.400000000000002,8457,,0,0.9563737230714378,,0.0,0.0,0.0,OBSERVED_HITS_PER_ENTRY_CENSORED_OPEN_TRADES_NOT_ASSUMED_FAILED,False,0.07824550128534705,NULL_WHEN_NO_TRADES_OR_NO_LOSSES,0,0.0,0,False,True,True
binance_60_5,HOLDOUT_SEGMENT_10,EXTERNAL,binance,60,5,2024-12-08T00:00:00+00:00,2026-01-01T00:00:00+00:00,A_ORIGINAL_SL_UNTIL_TP2,"[0.4, 0.3, 0.3]",TP2,-1.0,10200.0,23.400000000000002,,0.0,0,,1,389,,1,-23.40000000000009,INSUFFICIENT_SAMPLE,-23.400000000000002,0.00031241073978863183,UNION_ENTRY_BAR_START_TO_EXIT_INCLUDES_UNKNOWN_PRE_TOUCH_PART_OF_ENTRY_BAR,2.8691235181548977,,1146.6,-20.5308764818451,23.400000000000002,0,INSUFFICIENT_SAMPLE,1170,1,1,0,1.0,1,30811800.0,0.03959979692910046,-1.0,WITHHELD_BELOW_50_COMPARABLE_CLOSED_TRADES,-23.400000000000002,0,,0,0.0,WITHHELD_BELOW_90_DAILY_RETURNS_OR_30_CLOSED_TRADES,8,0.125,-23.40000000000009,23.400000000000002,8457,,0,0.9563737230714378,,0.0,0.0,0.0,OBSERVED_HITS_PER_ENTRY_CENSORED_OPEN_TRADES_NOT_ASSUMED_FAILED,False,0.07824550128534705,NULL_WHEN_NO_TRADES_OR_NO_LOSSES,0,0.0,0,False,True,True
binance_60_5,HOLDOUT_SEGMENT_10,EXTERNAL,binance,60,5,2024-12-08T00:00:00+00:00,2026-01-01T00:00:00+00:00,A_STRUCTURAL_AFTER_TP1,"[0.4, 0.3, 0.3]",STRUCTURAL,-1.0,10200.0,23.400000000000002,,0.0,0,,1,389,,1,-23.40000000000009,INSUFFICIENT_SAMPLE,-23.400000000000002,0.00031241073978863183,UNION_ENTRY_BAR_START_TO_EXIT_INCLUDES_UNKNOWN_PRE_TOUCH_PART_OF_ENTRY_BAR,2.8691235181548977,,1146.6,-20.5308764818451,23.400000000000002,0,INSUFFICIENT_SAMPLE,1170,1,1,0,1.0,1,30811800.0,0.03959979692910046,-1.0,WITHHELD_BELOW_50_COMPARABLE_CLOSED_TRADES,-23.400000000000002,0,,0,0.0,WITHHELD_BELOW_90_DAILY_RETURNS_OR_30_CLOSED_TRADES,8,0.125,-23.40000000000009,23.400000000000002,8457,,0,0.9563737230714378,,0.0,0.0,0.0,OBSERVED_HITS_PER_ENTRY_CENSORED_OPEN_TRADES_NOT_ASSUMED_FAILED,False,0.07824550128534705,NULL_WHEN_NO_TRADES_OR_NO_LOSSES,0,0.0,0,False,True,True
binance_60_5,REFERENCE_SEGMENT_00,EXTERNAL,binance,60,5,2020-09-05T00:00:00+00:00,2020-11-30T06:00:00+00:00,A_40_30_30_BE_TP1,"[0.4, 0.3, 0.3]",TP1,,,,,,0,,0,86,,0,0,INSUFFICIENT_SAMPLE,,0.0,UNION_ENTRY_BAR_START_TO_EXIT_INCLUDES_UNKNOWN_PRE_TOUCH_PART_OF_ENTRY_BAR,0.0,,1170,0,0,0,INSUFFICIENT_SAMPLE,1170,0,0,0,,0,0.0,0.0,,WITHHELD_BELOW_50_COMPARABLE_CLOSED_TRADES,0,0,,0,,WITHHELD_BELOW_90_DAILY_RETURNS_OR_30_CLOSED_TRADES,0,,0,0.0,2019,,0,0.0,,,,,OBSERVED_HITS_PER_ENTRY_CENSORED_OPEN_TRADES_NOT_ASSUMED_FAILED,False,0.0,NULL_WHEN_NO_TRADES_OR_NO_LOSSES,0,,0,True,True,True
binance_60_5,REFERENCE_SEGMENT_00,EXTERNAL,binance,60,5,2020-09-05T00:00:00+00:00,2020-11-30T06:00:00+00:00,B_30_30_40_BE_TP1,"[0.3, 0.3, 0.4]",TP1,,,,,,0,,0,86,,0,0,INSUFFICIENT_SAMPLE,,0.0,UNION_ENTRY_BAR_START_TO_EXIT_INCLUDES_UNKNOWN_PRE_TOUCH_PART_OF_ENTRY_BAR,0.0,,1170,0,0,0,INSUFFICIENT_SAMPLE,1170,0,0,0,,0,0.0,0.0,,WITHHELD_BELOW_50_COMPARABLE_CLOSED_TRADES,0,0,,0,,WITHHELD_BELOW_90_DAILY_RETURNS_OR_30_CLOSED_TRADES,0,,0,0.0,2019,,0,0.0,,,,,OBSERVED_HITS_PER_ENTRY_CENSORED_OPEN_TRADES_NOT_ASSUMED_FAILED,False,0.0,NULL_WHEN_NO_TRADES_OR_NO_LOSSES,0,,0,False,True,True
binance_60_5,REFERENCE_SEGMENT_00,EXTERNAL,binance,60,5,2020-09-05T00:00:00+00:00,2020-11-30T06:00:00+00:00,C_25_25_50_BE_TP1,"[0.25, 0.25, 0.5]",TP1,,,,,,0,,0,86,,0,0,INSUFFICIENT_SAMPLE,,0.0,UNION_ENTRY_BAR_START_TO_EXIT_INCLUDES_UNKNOWN_PRE_TOUCH_PART_OF_ENTRY_BAR,0.0,,1170,0,0,0,INSUFFICIENT_SAMPLE,1170,0,0,0,,0,0.0,0.0,,WITHHELD_BELOW_50_COMPARABLE_CLOSED_TRADES,0,0,,0,,WITHHELD_BELOW_90_DAILY_RETURNS_OR_30_CLOSED_TRADES,0,,0,0.0,2019,,0,0.0,,,,,OBSERVED_HITS_PER_ENTRY_CENSORED_OPEN_TRADES_NOT_ASSUMED_FAILED,False,0.0,NULL_WHEN_NO_TRADES_OR_NO_LOSSES,0,,0,False,True,True
binance_60_5,REFERENCE_SEGMENT_00,EXTERNAL,binance,60,5,2020-09-05T00:00:00+00:00,2020-11-30T06:00:00+00:00,D_25_35_40_BE_TP1,"[0.25, 0.35, 0.4]",TP1,,,,,,0,,0,86,,0,0,INSUFFICIENT_SAMPLE,,0.0,UNION_ENTRY_BAR_START_TO_EXIT_INCLUDES_UNKNOWN_PRE_TOUCH_PART_OF_ENTRY_BAR,0.0,,1170,0,0,0,INSUFFICIENT_SAMPLE,1170,0,0,0,,0,0.0,0.0,,WITHHELD_BELOW_50_COMPARABLE_CLOSED_TRADES,0,0,,0,,WITHHELD_BELOW_90_DAILY_RETURNS_OR_30_CLOSED_TRADES,0,,0,0.0,2019,,0,0.0,,,,,OBSERVED_HITS_PER_ENTRY_CENSORED_OPEN_TRADES_NOT_ASSUMED_FAILED,False,0.0,NULL_WHEN_NO_TRADES_OR_NO_LOSSES,0,,0,False,True,True
binance_60_5,REFERENCE_SEGMENT_00,EXTERNAL,binance,60,5,2020-09-05T00:00:00+00:00,2020-11-30T06:00:00+00:00,A_BE_LATER_CLOSE,"[0.4, 0.3, 0.3]",LATER_CLOSE,,,,,,0,,0,86,,0,0,INSUFFICIENT_SAMPLE,,0.0,UNION_ENTRY_BAR_START_TO_EXIT_INCLUDES_UNKNOWN_PRE_TOUCH_PART_OF_ENTRY_BAR,0.0,,1170,0,0,0,INSUFFICIENT_SAMPLE,1170,0,0,0,,0,0.0,0.0,,WITHHELD_BELOW_50_COMPARABLE_CLOSED_TRADES,0,0,,0,,WITHHELD_BELOW_90_DAILY_RETURNS_OR_30_CLOSED_TRADES,0,,0,0.0,2019,,0,0.0,,,,,OBSERVED_HITS_PER_ENTRY_CENSORED_OPEN_TRADES_NOT_ASSUMED_FAILED,False,0.0,NULL_WHEN_NO_TRADES_OR_NO_LOSSES,0,,0,False,True,True
binance_60_5,REFERENCE_SEGMENT_00,EXTERNAL,binance,60,5,2020-09-05T00:00:00+00:00,2020-11-30T06:00:00+00:00,A_ORIGINAL_SL_UNTIL_TP2,"[0.4, 0.3, 0.3]",TP2,,,,,,0,,0,86,,0,0,INSUFFICIENT_SAMPLE,,0.0,UNION_ENTRY_BAR_START_TO_EXIT_INCLUDES_UNKNOWN_PRE_TOUCH_PART_OF_ENTRY_BAR,0.0,,1170,0,0,0,INSUFFICIENT_SAMPLE,1170,0,0,0,,0,0.0,0.0,,WITHHELD_BELOW_50_COMPARABLE_CLOSED_TRADES,0,0,,0,,WITHHELD_BELOW_90_DAILY_RETURNS_OR_30_CLOSED_TRADES,0,,0,0.0,2019,,0,0.0,,,,,OBSERVED_HITS_PER_ENTRY_CENSORED_OPEN_TRADES_NOT_ASSUMED_FAILED,False,0.0,NULL_WHEN_NO_TRADES_OR_NO_LOSSES,0,,0,False,True,True
binance_60_5,REFERENCE_SEGMENT_00,EXTERNAL,binance,60,5,2020-09-05T00:00:00+00:00,2020-11-30T06:00:00+00:00,A_STRUCTURAL_AFTER_TP1,"[0.4, 0.3, 0.3]",STRUCTURAL,,,,,,0,,0,86,,0,0,INSUFFICIENT_SAMPLE,,0.0,UNION_ENTRY_BAR_START_TO_EXIT_INCLUDES_UNKNOWN_PRE_TOUCH_PART_OF_ENTRY_BAR,0.0,,1170,0,0,0,INSUFFICIENT_SAMPLE,1170,0,0,0,,0,0.0,0.0,,WITHHELD_BELOW_50_COMPARABLE_CLOSED_TRADES,0,0,,0,,WITHHELD_BELOW_90_DAILY_RETURNS_OR_30_CLOSED_TRADES,0,,0,0.0,2019,,0,0.0,,,,,OBSERVED_HITS_PER_ENTRY_CENSORED_OPEN_TRADES_NOT_ASSUMED_FAILED,False,0.0,NULL_WHEN_NO_TRADES_OR_NO_LOSSES,0,,0,False,True,True
binance_60_5,REFERENCE_SEGMENT_01,EXTERNAL,binance,60,5,2020-12-02T07:00:00+00:00,2020-12-21T13:45:00+00:00,A_40_30_30_BE_TP1,"[0.4, 0.3, 0.3]",TP1,,,,,,0,,0,18,,0,0,INSUFFICIENT_SAMPLE,,0.0,UNION_ENTRY_BAR_START_TO_EXIT_INCLUDES_UNKNOWN_PRE_TOUCH_PART_OF_ENTRY_BAR,0.0,,1170,0,0,0,INSUFFICIENT_SAMPLE,1170,0,0,0,,0,0.0,0.0,,WITHHELD_BELOW_50_COMPARABLE_CLOSED_TRADES,0,0,,0,,WITHHELD_BELOW_90_DAILY_RETURNS_OR_30_CLOSED_TRADES,0,,0,0.0,336,,0,0.0,,,,,OBSERVED_HITS_PER_ENTRY_CENSORED_OPEN_TRADES_NOT_ASSUMED_FAILED,False,0.0,NULL_WHEN_NO_TRADES_OR_NO_LOSSES,0,,0,True,True,True
binance_60_5,REFERENCE_SEGMENT_01,EXTERNAL,binance,60,5,2020-12-02T07:00:00+00:00,2020-12-21T13:45:00+00:00,B_30_30_40_BE_TP1,"[0.3, 0.3, 0.4]",TP1,,,,,,0,,0,18,,0,0,INSUFFICIENT_SAMPLE,,0.0,UNION_ENTRY_BAR_START_TO_EXIT_INCLUDES_UNKNOWN_PRE_TOUCH_PART_OF_ENTRY_BAR,0.0,,1170,0,0,0,INSUFFICIENT_SAMPLE,1170,0,0,0,,0,0.0,0.0,,WITHHELD_BELOW_50_COMPARABLE_CLOSED_TRADES,0,0,,0,,WITHHELD_BELOW_90_DAILY_RETURNS_OR_30_CLOSED_TRADES,0,,0,0.0,336,,0,0.0,,,,,OBSERVED_HITS_PER_ENTRY_CENSORED_OPEN_TRADES_NOT_ASSUMED_FAILED,False,0.0,NULL_WHEN_NO_TRADES_OR_NO_LOSSES,0,,0,False,True,True
binance_60_5,REFERENCE_SEGMENT_01,EXTERNAL,binance,60,5,2020-12-02T07:00:00+00:00,2020-12-21T13:45:00+00:00,C_25_25_50_BE_TP1,"[0.25, 0.25, 0.5]",TP1,,,,,,0,,0,18,,0,0,INSUFFICIENT_SAMPLE,,0.0,UNION_ENTRY_BAR_START_TO_EXIT_INCLUDES_UNKNOWN_PRE_TOUCH_PART_OF_ENTRY_BAR,0.0,,1170,0,0,0,INSUFFICIENT_SAMPLE,1170,0,0,0,,0,0.0,0.0,,WITHHELD_BELOW_50_COMPARABLE_CLOSED_TRADES,0,0,,0,,WITHHELD_BELOW_90_DAILY_RETURNS_OR_30_CLOSED_TRADES,0,,0,0.0,336,,0,0.0,,,,,OBSERVED_HITS_PER_ENTRY_CENSORED_OPEN_TRADES_NOT_ASSUMED_FAILED,False,0.0,NULL_WHEN_NO_TRADES_OR_NO_LOSSES,0,,0,False,True,True
binance_60_5,REFERENCE_SEGMENT_01,EXTERNAL,binance,60,5,2020-12-02T07:00:00+00:00,2020-12-21T13:45:00+00:00,D_25_35_40_BE_TP1,"[0.25, 0.35, 0.4]",TP1,,,,,,0,,0,18,,0,0,INSUFFICIENT_SAMPLE,,0.0,UNION_ENTRY_BAR_START_TO_EXIT_INCLUDES_UNKNOWN_PRE_TOUCH_PART_OF_ENTRY_BAR,0.0,,1170,0,0,0,INSUFFICIENT_SAMPLE,1170,0,0,0,,0,0.0,0.0,,WITHHELD_BELOW_50_COMPARABLE_CLOSED_TRADES,0,0,,0,,WITHHELD_BELOW_90_DAILY_RETURNS_OR_30_CLOSED_TRADES,0,,0,0.0,336,,0,0.0,,,,,OBSERVED_HITS_PER_ENTRY_CENSORED_OPEN_TRADES_NOT_ASSUMED_FAILED,False,0.0,NULL_WHEN_NO_TRADES_OR_NO_LOSSES,0,,0,False,True,True
binance_60_5,REFERENCE_SEGMENT_01,EXTERNAL,binance,60,5,2020-12-02T07:00:00+00:00,2020-12-21T13:45:00+00:00,A_BE_LATER_CLOSE,"[0.4, 0.3, 0.3]",LATER_CLOSE,,,,,,0,,0,18,,0,0,INSUFFICIENT_SAMPLE,,0.0,UNION_ENTRY_BAR_START_TO_EXIT_INCLUDES_UNKNOWN_PRE_TOUCH_PART_OF_ENTRY_BAR,0.0,,1170,0,0,0,INSUFFICIENT_SAMPLE,1170,0,0,0,,0,0.0,0.0,,WITHHELD_BELOW_50_COMPARABLE_CLOSED_TRADES,0,0,,0,,WITHHELD_BELOW_90_DAILY_RETURNS_OR_30_CLOSED_TRADES,0,,0,0.0,336,,0,0.0,,,,,OBSERVED_HITS_PER_ENTRY_CENSORED_OPEN_TRADES_NOT_ASSUMED_FAILED,False,0.0,NULL_WHEN_NO_TRADES_OR_NO_LOSSES,0,,0,False,True,True
binance_60_5,REFERENCE_SEGMENT_01,EXTERNAL,binance,60,5,2020-12-02T07:00:00+00:00,2020-12-21T13:45:00+00:00,A_ORIGINAL_SL_UNTIL_TP2,"[0.4, 0.3, 0.3]",TP2,,,,,,0,,0,18,,0,0,INSUFFICIENT_SAMPLE,,0.0,UNION_ENTRY_BAR_START_TO_EXIT_INCLUDES_UNKNOWN_PRE_TOUCH_PART_OF_ENTRY_BAR,0.0,,1170,0,0,0,INSUFFICIENT_SAMPLE,1170,0,0,0,,0,0.0,0.0,,WITHHELD_BELOW_50_COMPARABLE_CLOSED_TRADES,0,0,,0,,WITHHELD_BELOW_90_DAILY_RETURNS_OR_30_CLOSED_TRADES,0,,0,0.0,336,,0,0.0,,,,,OBSERVED_HITS_PER_ENTRY_CENSORED_OPEN_TRADES_NOT_ASSUMED_FAILED,False,0.0,NULL_WHEN_NO_TRADES_OR_NO_LOSSES,0,,0,False,True,True
binance_60_5,REFERENCE_SEGMENT_01,EXTERNAL,binance,60,5,2020-12-02T07:00:00+00:00,2020-12-21T13:45:00+00:00,A_STRUCTURAL_AFTER_TP1,"[0.4, 0.3, 0.3]",STRUCTURAL,,,,,,0,,0,18,,0,0,INSUFFICIENT_SAMPLE,,0.0,UNION_ENTRY_BAR_START_TO_EXIT_INCLUDES_UNKNOWN_PRE_TOUCH_PART_OF_ENTRY_BAR,0.0,,1170,0,0,0,INSUFFICIENT_SAMPLE,1170,0,0,0,,0,0.0,0.0,,WITHHELD_BELOW_50_COMPARABLE_CLOSED_TRADES,0,0,,0,,WITHHELD_BELOW_90_DAILY_RETURNS_OR_30_CLOSED_TRADES,0,,0,0.0,336,,0,0.0,,,,,OBSERVED_HITS_PER_ENTRY_CENSORED_OPEN_TRADES_NOT_ASSUMED_FAILED,False,0.0,NULL_WHEN_NO_TRADES_OR_NO_LOSSES,0,,0,False,True,True
binance_60_5,REFERENCE_SEGMENT_02,EXTERNAL,binance,60,5,2020-12-23T18:00:00+00:00,2020-12-25T02:00:00+00:00,A_40_30_30_BE_TP1,"[0.4, 0.3, 0.3]",TP1,,,,,,0,,0,1,,0,0,INSUFFICIENT_SAMPLE,,0.0,UNION_ENTRY_BAR_START_TO_EXIT_INCLUDES_UNKNOWN_PRE_TOUCH_PART_OF_ENTRY_BAR,0.0,,1170,0,0,0,INSUFFICIENT_SAMPLE,1170,0,0,0,,0,0.0,0.0,,WITHHELD_BELOW_50_COMPARABLE_CLOSED_TRADES,0,0,,0,,WITHHELD_BELOW_90_DAILY_RETURNS_OR_30_CLOSED_TRADES,0,,0,0.0,43,,0,0.0,,,,,OBSERVED_HITS_PER_ENTRY_CENSORED_OPEN_TRADES_NOT_ASSUMED_FAILED,False,0.0,NULL_WHEN_NO_TRADES_OR_NO_LOSSES,0,,0,True,True,True
binance_60_5,REFERENCE_SEGMENT_02,EXTERNAL,binance,60,5,2020-12-23T18:00:00+00:00,2020-12-25T02:00:00+00:00,B_30_30_40_BE_TP1,"[0.3, 0.3, 0.4]",TP1,,,,,,0,,0,1,,0,0,INSUFFICIENT_SAMPLE,,0.0,UNION_ENTRY_BAR_START_TO_EXIT_INCLUDES_UNKNOWN_PRE_TOUCH_PART_OF_ENTRY_BAR,0.0,,1170,0,0,0,INSUFFICIENT_SAMPLE,1170,0,0,0,,0,0.0,0.0,,WITHHELD_BELOW_50_COMPARABLE_CLOSED_TRADES,0,0,,0,,WITHHELD_BELOW_90_DAILY_RETURNS_OR_30_CLOSED_TRADES,0,,0,0.0,43,,0,0.0,,,,,OBSERVED_HITS_PER_ENTRY_CENSORED_OPEN_TRADES_NOT_ASSUMED_FAILED,False,0.0,NULL_WHEN_NO_TRADES_OR_NO_LOSSES,0,,0,False,True,True
binance_60_5,REFERENCE_SEGMENT_02,EXTERNAL,binance,60,5,2020-12-23T18:00:00+00:00,2020-12-25T02:00:00+00:00,C_25_25_50_BE_TP1,"[0.25, 0.25, 0.5]",TP1,,,,,,0,,0,1,,0,0,INSUFFICIENT_SAMPLE,,0.0,UNION_ENTRY_BAR_START_TO_EXIT_INCLUDES_UNKNOWN_PRE_TOUCH_PART_OF_ENTRY_BAR,0.0,,1170,0,0,0,INSUFFICIENT_SAMPLE,1170,0,0,0,,0,0.0,0.0,,WITHHELD_BELOW_50_COMPARABLE_CLOSED_TRADES,0,0,,0,,WITHHELD_BELOW_90_DAILY_RETURNS_OR_30_CLOSED_TRADES,0,,0,0.0,43,,0,0.0,,,,,OBSERVED_HITS_PER_ENTRY_CENSORED_OPEN_TRADES_NOT_ASSUMED_FAILED,False,0.0,NULL_WHEN_NO_TRADES_OR_NO_LOSSES,0,,0,False,True,True
binance_60_5,REFERENCE_SEGMENT_02,EXTERNAL,binance,60,5,2020-12-23T18:00:00+00:00,2020-12-25T02:00:00+00:00,D_25_35_40_BE_TP1,"[0.25, 0.35, 0.4]",TP1,,,,,,0,,0,1,,0,0,INSUFFICIENT_SAMPLE,,0.0,UNION_ENTRY_BAR_START_TO_EXIT_INCLUDES_UNKNOWN_PRE_TOUCH_PART_OF_ENTRY_BAR,0.0,,1170,0,0,0,INSUFFICIENT_SAMPLE,1170,0,0,0,,0,0.0,0.0,,WITHHELD_BELOW_50_COMPARABLE_CLOSED_TRADES,0,0,,0,,WITHHELD_BELOW_90_DAILY_RETURNS_OR_30_CLOSED_TRADES,0,,0,0.0,43,,0,0.0,,,,,OBSERVED_HITS_PER_ENTRY_CENSORED_OPEN_TRADES_NOT_ASSUMED_FAILED,False,0.0,NULL_WHEN_NO_TRADES_OR_NO_LOSSES,0,,0,False,True,True
binance_60_5,REFERENCE_SEGMENT_02,EXTERNAL,binance,60,5,2020-12-23T18:00:00+00:00,2020-12-25T02:00:00+00:00,A_BE_LATER_CLOSE,"[0.4, 0.3, 0.3]",LATER_CLOSE,,,,,,0,,0,1,,0,0,INSUFFICIENT_SAMPLE,,0.0,UNION_ENTRY_BAR_START_TO_EXIT_INCLUDES_UNKNOWN_PRE_TOUCH_PART_OF_ENTRY_BAR,0.0,,1170,0,0,0,INSUFFICIENT_SAMPLE,1170,0,0,0,,0,0.0,0.0,,WITHHELD_BELOW_50_COMPARABLE_CLOSED_TRADES,0,0,,0,,WITHHELD_BELOW_90_DAILY_RETURNS_OR_30_CLOSED_TRADES,0,,0,0.0,43,,0,0.0,,,,,OBSERVED_HITS_PER_ENTRY_CENSORED_OPEN_TRADES_NOT_ASSUMED_FAILED,False,0.0,NULL_WHEN_NO_TRADES_OR_NO_LOSSES,0,,0,False,True,True
binance_60_5,REFERENCE_SEGMENT_02,EXTERNAL,binance,60,5,2020-12-23T18:00:00+00:00,2020-12-25T02:00:00+00:00,A_ORIGINAL_SL_UNTIL_TP2,"[0.4, 0.3, 0.3]",TP2,,,,,,0,,0,1,,0,0,INSUFFICIENT_SAMPLE,,0.0,UNION_ENTRY_BAR_START_TO_EXIT_INCLUDES_UNKNOWN_PRE_TOUCH_PART_OF_ENTRY_BAR,0.0,,1170,0,0,0,INSUFFICIENT_SAMPLE,1170,0,0,0,,0,0.0,0.0,,WITHHELD_BELOW_50_COMPARABLE_CLOSED_TRADES,0,0,,0,,WITHHELD_BELOW_90_DAILY_RETURNS_OR_30_CLOSED_TRADES,0,,0,0.0,43,,0,0.0,,,,,OBSERVED_HITS_PER_ENTRY_CENSORED_OPEN_TRADES_NOT_ASSUMED_FAILED,False,0.0,NULL_WHEN_NO_TRADES_OR_NO_LOSSES,0,,0,False,True,True
binance_60_5,REFERENCE_SEGMENT_02,EXTERNAL,binance,60,5,2020-12-23T18:00:00+00:00,2020-12-25T02:00:00+00:00,A_STRUCTURAL_AFTER_TP1,"[0.4, 0.3, 0.3]",STRUCTURAL,,,,,,0,,0,1,,0,0,INSUFFICIENT_SAMPLE,,0.0,UNION_ENTRY_BAR_START_TO_EXIT_INCLUDES_UNKNOWN_PRE_TOUCH_PART_OF_ENTRY_BAR,0.0,,1170,0,0,0,INSUFFICIENT_SAMPLE,1170,0,0,0,,0,0.0,0.0,,WITHHELD_BELOW_50_COMPARABLE_CLOSED_TRADES,0,0,,0,,WITHHELD_BELOW_90_DAILY_RETURNS_OR_30_CLOSED_TRADES,0,,0,0.0,43,,0,0.0,,,,,OBSERVED_HITS_PER_ENTRY_CENSORED_OPEN_TRADES_NOT_ASSUMED_FAILED,False,0.0,NULL_WHEN_NO_TRADES_OR_NO_LOSSES,0,,0,False,True,True
binance_60_5,REFERENCE_SEGMENT_03,EXTERNAL,binance,60,5,2020-12-27T03:00:00+00:00,2021-02-11T03:40:00+00:00,A_40_30_30_BE_TP1,"[0.4, 0.3, 0.3]",TP1,,,,,,0,,0,45,,0,0,INSUFFICIENT_SAMPLE,,0.0,UNION_ENTRY_BAR_START_TO_EXIT_INCLUDES_UNKNOWN_PRE_TOUCH_PART_OF_ENTRY_BAR,0.0,,1170,0,0,0,INSUFFICIENT_SAMPLE,1170,0,0,0,,0,0.0,0.0,,WITHHELD_BELOW_50_COMPARABLE_CLOSED_TRADES,0,0,,0,,WITHHELD_BELOW_90_DAILY_RETURNS_OR_30_CLOSED_TRADES,1,0.0,0,0.0,805,,0,0.0,,,,,OBSERVED_HITS_PER_ENTRY_CENSORED_OPEN_TRADES_NOT_ASSUMED_FAILED,False,0.0,NULL_WHEN_NO_TRADES_OR_NO_LOSSES,0,,0,True,True,True
binance_60_5,REFERENCE_SEGMENT_03,EXTERNAL,binance,60,5,2020-12-27T03:00:00+00:00,2021-02-11T03:40:00+00:00,B_30_30_40_BE_TP1,"[0.3, 0.3, 0.4]",TP1,,,,,,0,,0,45,,0,0,INSUFFICIENT_SAMPLE,,0.0,UNION_ENTRY_BAR_START_TO_EXIT_INCLUDES_UNKNOWN_PRE_TOUCH_PART_OF_ENTRY_BAR,0.0,,1170,0,0,0,INSUFFICIENT_SAMPLE,1170,0,0,0,,0,0.0,0.0,,WITHHELD_BELOW_50_COMPARABLE_CLOSED_TRADES,0,0,,0,,WITHHELD_BELOW_90_DAILY_RETURNS_OR_30_CLOSED_TRADES,1,0.0,0,0.0,805,,0,0.0,,,,,OBSERVED_HITS_PER_ENTRY_CENSORED_OPEN_TRADES_NOT_ASSUMED_FAILED,False,0.0,NULL_WHEN_NO_TRADES_OR_NO_LOSSES,0,,0,False,True,True
binance_60_5,REFERENCE_SEGMENT_03,EXTERNAL,binance,60,5,2020-12-27T03:00:00+00:00,2021-02-11T03:40:00+00:00,C_25_25_50_BE_TP1,"[0.25, 0.25, 0.5]",TP1,,,,,,0,,0,45,,0,0,INSUFFICIENT_SAMPLE,,0.0,UNION_ENTRY_BAR_START_TO_EXIT_INCLUDES_UNKNOWN_PRE_TOUCH_PART_OF_ENTRY_BAR,0.0,,1170,0,0,0,INSUFFICIENT_SAMPLE,1170,0,0,0,,0,0.0,0.0,,WITHHELD_BELOW_50_COMPARABLE_CLOSED_TRADES,0,0,,0,,WITHHELD_BELOW_90_DAILY_RETURNS_OR_30_CLOSED_TRADES,1,0.0,0,0.0,805,,0,0.0,,,,,OBSERVED_HITS_PER_ENTRY_CENSORED_OPEN_TRADES_NOT_ASSUMED_FAILED,False,0.0,NULL_WHEN_NO_TRADES_OR_NO_LOSSES,0,,0,False,True,True
binance_60_5,REFERENCE_SEGMENT_03,EXTERNAL,binance,60,5,2020-12-27T03:00:00+00:00,2021-02-11T03:40:00+00:00,D_25_35_40_BE_TP1,"[0.25, 0.35, 0.4]",TP1,,,,,,0,,0,45,,0,0,INSUFFICIENT_SAMPLE,,0.0,UNION_ENTRY_BAR_START_TO_EXIT_INCLUDES_UNKNOWN_PRE_TOUCH_PART_OF_ENTRY_BAR,0.0,,1170,0,0,0,INSUFFICIENT_SAMPLE,1170,0,0,0,,0,0.0,0.0,,WITHHELD_BELOW_50_COMPARABLE_CLOSED_TRADES,0,0,,0,,WITHHELD_BELOW_90_DAILY_RETURNS_OR_30_CLOSED_TRADES,1,0.0,0,0.0,805,,0,0.0,,,,,OBSERVED_HITS_PER_ENTRY_CENSORED_OPEN_TRADES_NOT_ASSUMED_FAILED,False,0.0,NULL_WHEN_NO_TRADES_OR_NO_LOSSES,0,,0,False,True,True
binance_60_5,REFERENCE_SEGMENT_03,EXTERNAL,binance,60,5,2020-12-27T03:00:00+00:00,2021-02-11T03:40:00+00:00,A_BE_LATER_CLOSE,"[0.4, 0.3, 0.3]",LATER_CLOSE,,,,,,0,,0,45,,0,0,INSUFFICIENT_SAMPLE,,0.0,UNION_ENTRY_BAR_START_TO_EXIT_INCLUDES_UNKNOWN_PRE_TOUCH_PART_OF_ENTRY_BAR,0.0,,1170,0,0,0,INSUFFICIENT_SAMPLE,1170,0,0,0,,0,0.0,0.0,,WITHHELD_BELOW_50_COMPARABLE_CLOSED_TRADES,0,0,,0,,WITHHELD_BELOW_90_DAILY_RETURNS_OR_30_CLOSED_TRADES,1,0.0,0,0.0,805,,0,0.0,,,,,OBSERVED_HITS_PER_ENTRY_CENSORED_OPEN_TRADES_NOT_ASSUMED_FAILED,False,0.0,NULL_WHEN_NO_TRADES_OR_NO_LOSSES,0,,0,False,True,True
binance_60_5,REFERENCE_SEGMENT_03,EXTERNAL,binance,60,5,2020-12-27T03:00:00+00:00,2021-02-11T03:40:00+00:00,A_ORIGINAL_SL_UNTIL_TP2,"[0.4, 0.3, 0.3]",TP2,,,,,,0,,0,45,,0,0,INSUFFICIENT_SAMPLE,,0.0,UNION_ENTRY_BAR_START_TO_EXIT_INCLUDES_UNKNOWN_PRE_TOUCH_PART_OF_ENTRY_BAR,0.0,,1170,0,0,0,INSUFFICIENT_SAMPLE,1170,0,0,0,,0,0.0,0.0,,WITHHELD_BELOW_50_COMPARABLE_CLOSED_TRADES,0,0,,0,,WITHHELD_BELOW_90_DAILY_RETURNS_OR_30_CLOSED_TRADES,1,0.0,0,0.0,805,,0,0.0,,,,,OBSERVED_HITS_PER_ENTRY_CENSORED_OPEN_TRADES_NOT_ASSUMED_FAILED,False,0.0,NULL_WHEN_NO_TRADES_OR_NO_LOSSES,0,,0,False,True,True
binance_60_5,REFERENCE_SEGMENT_03,EXTERNAL,binance,60,5,2020-12-27T03:00:00+00:00,2021-02-11T03:40:00+00:00,A_STRUCTURAL_AFTER_TP1,"[0.4, 0.3, 0.3]",STRUCTURAL,,,,,,0,,0,45,,0,0,INSUFFICIENT_SAMPLE,,0.0,UNION_ENTRY_BAR_START_TO_EXIT_INCLUDES_UNKNOWN_PRE_TOUCH_PART_OF_ENTRY_BAR,0.0,,1170,0,0,0,INSUFFICIENT_SAMPLE,1170,0,0,0,,0,0.0,0.0,,WITHHELD_BELOW_50_COMPARABLE_CLOSED_TRADES,0,0,,0,,WITHHELD_BELOW_90_DAILY_RETURNS_OR_30_CLOSED_TRADES,1,0.0,0,0.0,805,,0,0.0,,,,,OBSERVED_HITS_PER_ENTRY_CENSORED_OPEN_TRADES_NOT_ASSUMED_FAILED,False,0.0,NULL_WHEN_NO_TRADES_OR_NO_LOSSES,0,,0,False,True,True
binance_60_5,REFERENCE_SEGMENT_04,EXTERNAL,binance,60,5,2021-02-13T05:00:00+00:00,2021-03-06T02:00:00+00:00,A_40_30_30_BE_TP1,"[0.4, 0.3, 0.3]",TP1,,,,,,0,,0,20,,0,0,INSUFFICIENT_SAMPLE,,0.0,UNION_ENTRY_BAR_START_TO_EXIT_INCLUDES_UNKNOWN_PRE_TOUCH_PART_OF_ENTRY_BAR,0.0,,1170,0,0,0,INSUFFICIENT_SAMPLE,1170,0,0,0,,0,0.0,0.0,,WITHHELD_BELOW_50_COMPARABLE_CLOSED_TRADES,0,0,,0,,WITHHELD_BELOW_90_DAILY_RETURNS_OR_30_CLOSED_TRADES,0,,0,0.0,383,,0,0.0,,,,,OBSERVED_HITS_PER_ENTRY_CENSORED_OPEN_TRADES_NOT_ASSUMED_FAILED,False,0.0,NULL_WHEN_NO_TRADES_OR_NO_LOSSES,0,,0,True,True,True
binance_60_5,REFERENCE_SEGMENT_04,EXTERNAL,binance,60,5,2021-02-13T05:00:00+00:00,2021-03-06T02:00:00+00:00,B_30_30_40_BE_TP1,"[0.3, 0.3, 0.4]",TP1,,,,,,0,,0,20,,0,0,INSUFFICIENT_SAMPLE,,0.0,UNION_ENTRY_BAR_START_TO_EXIT_INCLUDES_UNKNOWN_PRE_TOUCH_PART_OF_ENTRY_BAR,0.0,,1170,0,0,0,INSUFFICIENT_SAMPLE,1170,0,0,0,,0,0.0,0.0,,WITHHELD_BELOW_50_COMPARABLE_CLOSED_TRADES,0,0,,0,,WITHHELD_BELOW_90_DAILY_RETURNS_OR_30_CLOSED_TRADES,0,,0,0.0,383,,0,0.0,,,,,OBSERVED_HITS_PER_ENTRY_CENSORED_OPEN_TRADES_NOT_ASSUMED_FAILED,False,0.0,NULL_WHEN_NO_TRADES_OR_NO_LOSSES,0,,0,False,True,True
binance_60_5,REFERENCE_SEGMENT_04,EXTERNAL,binance,60,5,2021-02-13T05:00:00+00:00,2021-03-06T02:00:00+00:00,C_25_25_50_BE_TP1,"[0.25, 0.25, 0.5]",TP1,,,,,,0,,0,20,,0,0,INSUFFICIENT_SAMPLE,,0.0,UNION_ENTRY_BAR_START_TO_EXIT_INCLUDES_UNKNOWN_PRE_TOUCH_PART_OF_ENTRY_BAR,0.0,,1170,0,0,0,INSUFFICIENT_SAMPLE,1170,0,0,0,,0,0.0,0.0,,WITHHELD_BELOW_50_COMPARABLE_CLOSED_TRADES,0,0,,0,,WITHHELD_BELOW_90_DAILY_RETURNS_OR_30_CLOSED_TRADES,0,,0,0.0,383,,0,0.0,,,,,OBSERVED_HITS_PER_ENTRY_CENSORED_OPEN_TRADES_NOT_ASSUMED_FAILED,False,0.0,NULL_WHEN_NO_TRADES_OR_NO_LOSSES,0,,0,False,True,True
binance_60_5,REFERENCE_SEGMENT_04,EXTERNAL,binance,60,5,2021-02-13T05:00:00+00:00,2021-03-06T02:00:00+00:00,D_25_35_40_BE_TP1,"[0.25, 0.35, 0.4]",TP1,,,,,,0,,0,20,,0,0,INSUFFICIENT_SAMPLE,,0.0,UNION_ENTRY_BAR_START_TO_EXIT_INCLUDES_UNKNOWN_PRE_TOUCH_PART_OF_ENTRY_BAR,0.0,,1170,0,0,0,INSUFFICIENT_SAMPLE,1170,0,0,0,,0,0.0,0.0,,WITHHELD_BELOW_50_COMPARABLE_CLOSED_TRADES,0,0,,0,,WITHHELD_BELOW_90_DAILY_RETURNS_OR_30_CLOSED_TRADES,0,,0,0.0,383,,0,0.0,,,,,OBSERVED_HITS_PER_ENTRY_CENSORED_OPEN_TRADES_NOT_ASSUMED_FAILED,False,0.0,NULL_WHEN_NO_TRADES_OR_NO_LOSSES,0,,0,False,True,True
binance_60_5,REFERENCE_SEGMENT_04,EXTERNAL,binance,60,5,2021-02-13T05:00:00+00:00,2021-03-06T02:00:00+00:00,A_BE_LATER_CLOSE,"[0.4, 0.3, 0.3]",LATER_CLOSE,,,,,,0,,0,20,,0,0,INSUFFICIENT_SAMPLE,,0.0,UNION_ENTRY_BAR_START_TO_EXIT_INCLUDES_UNKNOWN_PRE_TOUCH_PART_OF_ENTRY_BAR,0.0,,1170,0,0,0,INSUFFICIENT_SAMPLE,1170,0,0,0,,0,0.0,0.0,,WITHHELD_BELOW_50_COMPARABLE_CLOSED_TRADES,0,0,,0,,WITHHELD_BELOW_90_DAILY_RETURNS_OR_30_CLOSED_TRADES,0,,0,0.0,383,,0,0.0,,,,,OBSERVED_HITS_PER_ENTRY_CENSORED_OPEN_TRADES_NOT_ASSUMED_FAILED,False,0.0,NULL_WHEN_NO_TRADES_OR_NO_LOSSES,0,,0,False,True,True
binance_60_5,REFERENCE_SEGMENT_04,EXTERNAL,binance,60,5,2021-02-13T05:00:00+00:00,2021-03-06T02:00:00+00:00,A_ORIGINAL_SL_UNTIL_TP2,"[0.4, 0.3, 0.3]",TP2,,,,,,0,,0,20,,0,0,INSUFFICIENT_SAMPLE,,0.0,UNION_ENTRY_BAR_START_TO_EXIT_INCLUDES_UNKNOWN_PRE_TOUCH_PART_OF_ENTRY_BAR,0.0,,1170,0,0,0,INSUFFICIENT_SAMPLE,1170,0,0,0,,0,0.0,0.0,,WITHHELD_BELOW_50_COMPARABLE_CLOSED_TRADES,0,0,,0,,WITHHELD_BELOW_90_DAILY_RETURNS_OR_30_CLOSED_TRADES,0,,0,0.0,383,,0,0.0,,,,,OBSERVED_HITS_PER_ENTRY_CENSORED_OPEN_TRADES_NOT_ASSUMED_FAILED,False,0.0,NULL_WHEN_NO_TRADES_OR_NO_LOSSES,0,,0,False,True,True
binance_60_5,REFERENCE_SEGMENT_04,EXTERNAL,binance,60,5,2021-02-13T05:00:00+00:00,2021-03-06T02:00:00+00:00,A_STRUCTURAL_AFTER_TP1,"[0.4, 0.3, 0.3]",STRUCTURAL,,,,,,0,,0,20,,0,0,INSUFFICIENT_SAMPLE,,0.0,UNION_ENTRY_BAR_START_TO_EXIT_INCLUDES_UNKNOWN_PRE_TOUCH_PART_OF_ENTRY_BAR,0.0,,1170,0,0,0,INSUFFICIENT_SAMPLE,1170,0,0,0,,0,0.0,0.0,,WITHHELD_BELOW_50_COMPARABLE_CLOSED_TRADES,0,0,,0,,WITHHELD_BELOW_90_DAILY_RETURNS_OR_30_CLOSED_TRADES,0,,0,0.0,383,,0,0.0,,,,,OBSERVED_HITS_PER_ENTRY_CENSORED_OPEN_TRADES_NOT_ASSUMED_FAILED,False,0.0,NULL_WHEN_NO_TRADES_OR_NO_LOSSES,0,,0,False,True,True
binance_60_5,REFERENCE_SEGMENT_05,EXTERNAL,binance,60,5,2021-03-08T03:30:00+00:00,2021-04-20T02:00:00+00:00,A_40_30_30_BE_TP1,"[0.4, 0.3, 0.3]",TP1,,,,,,0,,0,42,,0,0,INSUFFICIENT_SAMPLE,,0.0,UNION_ENTRY_BAR_START_TO_EXIT_INCLUDES_UNKNOWN_PRE_TOUCH_PART_OF_ENTRY_BAR,0.0,,1170,0,0,0,INSUFFICIENT_SAMPLE,1170,0,0,0,,0,0.0,0.0,,WITHHELD_BELOW_50_COMPARABLE_CLOSED_TRADES,0,0,,0,,WITHHELD_BELOW_90_DAILY_RETURNS_OR_30_CLOSED_TRADES,0,,0,0.0,777,,0,0.0,,,,,OBSERVED_HITS_PER_ENTRY_CENSORED_OPEN_TRADES_NOT_ASSUMED_FAILED,False,0.0,NULL_WHEN_NO_TRADES_OR_NO_LOSSES,0,,0,True,True,True
binance_60_5,REFERENCE_SEGMENT_05,EXTERNAL,binance,60,5,2021-03-08T03:30:00+00:00,2021-04-20T02:00:00+00:00,B_30_30_40_BE_TP1,"[0.3, 0.3, 0.4]",TP1,,,,,,0,,0,42,,0,0,INSUFFICIENT_SAMPLE,,0.0,UNION_ENTRY_BAR_START_TO_EXIT_INCLUDES_UNKNOWN_PRE_TOUCH_PART_OF_ENTRY_BAR,0.0,,1170,0,0,0,INSUFFICIENT_SAMPLE,1170,0,0,0,,0,0.0,0.0,,WITHHELD_BELOW_50_COMPARABLE_CLOSED_TRADES,0,0,,0,,WITHHELD_BELOW_90_DAILY_RETURNS_OR_30_CLOSED_TRADES,0,,0,0.0,777,,0,0.0,,,,,OBSERVED_HITS_PER_ENTRY_CENSORED_OPEN_TRADES_NOT_ASSUMED_FAILED,False,0.0,NULL_WHEN_NO_TRADES_OR_NO_LOSSES,0,,0,False,True,True
binance_60_5,REFERENCE_SEGMENT_05,EXTERNAL,binance,60,5,2021-03-08T03:30:00+00:00,2021-04-20T02:00:00+00:00,C_25_25_50_BE_TP1,"[0.25, 0.25, 0.5]",TP1,,,,,,0,,0,42,,0,0,INSUFFICIENT_SAMPLE,,0.0,UNION_ENTRY_BAR_START_TO_EXIT_INCLUDES_UNKNOWN_PRE_TOUCH_PART_OF_ENTRY_BAR,0.0,,1170,0,0,0,INSUFFICIENT_SAMPLE,1170,0,0,0,,0,0.0,0.0,,WITHHELD_BELOW_50_COMPARABLE_CLOSED_TRADES,0,0,,0,,WITHHELD_BELOW_90_DAILY_RETURNS_OR_30_CLOSED_TRADES,0,,0,0.0,777,,0,0.0,,,,,OBSERVED_HITS_PER_ENTRY_CENSORED_OPEN_TRADES_NOT_ASSUMED_FAILED,False,0.0,NULL_WHEN_NO_TRADES_OR_NO_LOSSES,0,,0,False,True,True
binance_60_5,REFERENCE_SEGMENT_05,EXTERNAL,binance,60,5,2021-03-08T03:30:00+00:00,2021-04-20T02:00:00+00:00,D_25_35_40_BE_TP1,"[0.25, 0.35, 0.4]",TP1,,,,,,0,,0,42,,0,0,INSUFFICIENT_SAMPLE,,0.0,UNION_ENTRY_BAR_START_TO_EXIT_INCLUDES_UNKNOWN_PRE_TOUCH_PART_OF_ENTRY_BAR,0.0,,1170,0,0,0,INSUFFICIENT_SAMPLE,1170,0,0,0,,0,0.0,0.0,,WITHHELD_BELOW_50_COMPARABLE_CLOSED_TRADES,0,0,,0,,WITHHELD_BELOW_90_DAILY_RETURNS_OR_30_CLOSED_TRADES,0,,0,0.0,777,,0,0.0,,,,,OBSERVED_HITS_PER_ENTRY_CENSORED_OPEN_TRADES_NOT_ASSUMED_FAILED,False,0.0,NULL_WHEN_NO_TRADES_OR_NO_LOSSES,0,,0,False,True,True
binance_60_5,REFERENCE_SEGMENT_05,EXTERNAL,binance,60,5,2021-03-08T03:30:00+00:00,2021-04-20T02:00:00+00:00,A_BE_LATER_CLOSE,"[0.4, 0.3, 0.3]",LATER_CLOSE,,,,,,0,,0,42,,0,0,INSUFFICIENT_SAMPLE,,0.0,UNION_ENTRY_BAR_START_TO_EXIT_INCLUDES_UNKNOWN_PRE_TOUCH_PART_OF_ENTRY_BAR,0.0,,1170,0,0,0,INSUFFICIENT_SAMPLE,1170,0,0,0,,0,0.0,0.0,,WITHHELD_BELOW_50_COMPARABLE_CLOSED_TRADES,0,0,,0,,WITHHELD_BELOW_90_DAILY_RETURNS_OR_30_CLOSED_TRADES,0,,0,0.0,777,,0,0.0,,,,,OBSERVED_HITS_PER_ENTRY_CENSORED_OPEN_TRADES_NOT_ASSUMED_FAILED,False,0.0,NULL_WHEN_NO_TRADES_OR_NO_LOSSES,0,,0,False,True,True
binance_60_5,REFERENCE_SEGMENT_05,EXTERNAL,binance,60,5,2021-03-08T03:30:00+00:00,2021-04-20T02:00:00+00:00,A_ORIGINAL_SL_UNTIL_TP2,"[0.4, 0.3, 0.3]",TP2,,,,,,0,,0,42,,0,0,INSUFFICIENT_SAMPLE,,0.0,UNION_ENTRY_BAR_START_TO_EXIT_INCLUDES_UNKNOWN_PRE_TOUCH_PART_OF_ENTRY_BAR,0.0,,1170,0,0,0,INSUFFICIENT_SAMPLE,1170,0,0,0,,0,0.0,0.0,,WITHHELD_BELOW_50_COMPARABLE_CLOSED_TRADES,0,0,,0,,WITHHELD_BELOW_90_DAILY_RETURNS_OR_30_CLOSED_TRADES,0,,0,0.0,777,,0,0.0,,,,,OBSERVED_HITS_PER_ENTRY_CENSORED_OPEN_TRADES_NOT_ASSUMED_FAILED,False,0.0,NULL_WHEN_NO_TRADES_OR_NO_LOSSES,0,,0,False,True,True
binance_60_5,REFERENCE_SEGMENT_05,EXTERNAL,binance,60,5,2021-03-08T03:30:00+00:00,2021-04-20T02:00:00+00:00,A_STRUCTURAL_AFTER_TP1,"[0.4, 0.3, 0.3]",STRUCTURAL,,,,,,0,,0,42,,0,0,INSUFFICIENT_SAMPLE,,0.0,UNION_ENTRY_BAR_START_TO_EXIT_INCLUDES_UNKNOWN_PRE_TOUCH_PART_OF_ENTRY_BAR,0.0,,1170,0,0,0,INSUFFICIENT_SAMPLE,1170,0,0,0,,0,0.0,0.0,,WITHHELD_BELOW_50_COMPARABLE_CLOSED_TRADES,0,0,,0,,WITHHELD_BELOW_90_DAILY_RETURNS_OR_30_CLOSED_TRADES,0,,0,0.0,777,,0,0.0,,,,,OBSERVED_HITS_PER_ENTRY_CENSORED_OPEN_TRADES_NOT_ASSUMED_FAILED,False,0.0,NULL_WHEN_NO_TRADES_OR_NO_LOSSES,0,,0,False,True,True
binance_60_5,REFERENCE_SEGMENT_06,EXTERNAL,binance,60,5,2021-04-22T04:30:00+00:00,2021-04-25T04:00:00+00:00,A_40_30_30_BE_TP1,"[0.4, 0.3, 0.3]",TP1,,,,,,0,,0,2,,0,0,INSUFFICIENT_SAMPLE,,0.0,UNION_ENTRY_BAR_START_TO_EXIT_INCLUDES_UNKNOWN_PRE_TOUCH_PART_OF_ENTRY_BAR,0.0,,1170,0,0,0,INSUFFICIENT_SAMPLE,1170,0,0,0,,0,0.0,0.0,,WITHHELD_BELOW_50_COMPARABLE_CLOSED_TRADES,0,0,,0,,WITHHELD_BELOW_90_DAILY_RETURNS_OR_30_CLOSED_TRADES,0,,0,0.0,76,,0,0.0,,,,,OBSERVED_HITS_PER_ENTRY_CENSORED_OPEN_TRADES_NOT_ASSUMED_FAILED,False,0.0,NULL_WHEN_NO_TRADES_OR_NO_LOSSES,0,,0,True,True,True
binance_60_5,REFERENCE_SEGMENT_06,EXTERNAL,binance,60,5,2021-04-22T04:30:00+00:00,2021-04-25T04:00:00+00:00,B_30_30_40_BE_TP1,"[0.3, 0.3, 0.4]",TP1,,,,,,0,,0,2,,0,0,INSUFFICIENT_SAMPLE,,0.0,UNION_ENTRY_BAR_START_TO_EXIT_INCLUDES_UNKNOWN_PRE_TOUCH_PART_OF_ENTRY_BAR,0.0,,1170,0,0,0,INSUFFICIENT_SAMPLE,1170,0,0,0,,0,0.0,0.0,,WITHHELD_BELOW_50_COMPARABLE_CLOSED_TRADES,0,0,,0,,WITHHELD_BELOW_90_DAILY_RETURNS_OR_30_CLOSED_TRADES,0,,0,0.0,76,,0,0.0,,,,,OBSERVED_HITS_PER_ENTRY_CENSORED_OPEN_TRADES_NOT_ASSUMED_FAILED,False,0.0,NULL_WHEN_NO_TRADES_OR_NO_LOSSES,0,,0,False,True,True
binance_60_5,REFERENCE_SEGMENT_06,EXTERNAL,binance,60,5,2021-04-22T04:30:00+00:00,2021-04-25T04:00:00+00:00,C_25_25_50_BE_TP1,"[0.25, 0.25, 0.5]",TP1,,,,,,0,,0,2,,0,0,INSUFFICIENT_SAMPLE,,0.0,UNION_ENTRY_BAR_START_TO_EXIT_INCLUDES_UNKNOWN_PRE_TOUCH_PART_OF_ENTRY_BAR,0.0,,1170,0,0,0,INSUFFICIENT_SAMPLE,1170,0,0,0,,0,0.0,0.0,,WITHHELD_BELOW_50_COMPARABLE_CLOSED_TRADES,0,0,,0,,WITHHELD_BELOW_90_DAILY_RETURNS_OR_30_CLOSED_TRADES,0,,0,0.0,76,,0,0.0,,,,,OBSERVED_HITS_PER_ENTRY_CENSORED_OPEN_TRADES_NOT_ASSUMED_FAILED,False,0.0,NULL_WHEN_NO_TRADES_OR_NO_LOSSES,0,,0,False,True,True
binance_60_5,REFERENCE_SEGMENT_06,EXTERNAL,binance,60,5,2021-04-22T04:30:00+00:00,2021-04-25T04:00:00+00:00,D_25_35_40_BE_TP1,"[0.25, 0.35, 0.4]",TP1,,,,,,0,,0,2,,0,0,INSUFFICIENT_SAMPLE,,0.0,UNION_ENTRY_BAR_START_TO_EXIT_INCLUDES_UNKNOWN_PRE_TOUCH_PART_OF_ENTRY_BAR,0.0,,1170,0,0,0,INSUFFICIENT_SAMPLE,1170,0,0,0,,0,0.0,0.0,,WITHHELD_BELOW_50_COMPARABLE_CLOSED_TRADES,0,0,,0,,WITHHELD_BELOW_90_DAILY_RETURNS_OR_30_CLOSED_TRADES,0,,0,0.0,76,,0,0.0,,,,,OBSERVED_HITS_PER_ENTRY_CENSORED_OPEN_TRADES_NOT_ASSUMED_FAILED,False,0.0,NULL_WHEN_NO_TRADES_OR_NO_LOSSES,0,,0,False,True,True
binance_60_5,REFERENCE_SEGMENT_06,EXTERNAL,binance,60,5,2021-04-22T04:30:00+00:00,2021-04-25T04:00:00+00:00,A_BE_LATER_CLOSE,"[0.4, 0.3, 0.3]",LATER_CLOSE,,,,,,0,,0,2,,0,0,INSUFFICIENT_SAMPLE,,0.0,UNION_ENTRY_BAR_START_TO_EXIT_INCLUDES_UNKNOWN_PRE_TOUCH_PART_OF_ENTRY_BAR,0.0,,1170,0,0,0,INSUFFICIENT_SAMPLE,1170,0,0,0,,0,0.0,0.0,,WITHHELD_BELOW_50_COMPARABLE_CLOSED_TRADES,0,0,,0,,WITHHELD_BELOW_90_DAILY_RETURNS_OR_30_CLOSED_TRADES,0,,0,0.0,76,,0,0.0,,,,,OBSERVED_HITS_PER_ENTRY_CENSORED_OPEN_TRADES_NOT_ASSUMED_FAILED,False,0.0,NULL_WHEN_NO_TRADES_OR_NO_LOSSES,0,,0,False,True,True
binance_60_5,REFERENCE_SEGMENT_06,EXTERNAL,binance,60,5,2021-04-22T04:30:00+00:00,2021-04-25T04:00:00+00:00,A_ORIGINAL_SL_UNTIL_TP2,"[0.4, 0.3, 0.3]",TP2,,,,,,0,,0,2,,0,0,INSUFFICIENT_SAMPLE,,0.0,UNION_ENTRY_BAR_START_TO_EXIT_INCLUDES_UNKNOWN_PRE_TOUCH_PART_OF_ENTRY_BAR,0.0,,1170,0,0,0,INSUFFICIENT_SAMPLE,1170,0,0,0,,0,0.0,0.0,,WITHHELD_BELOW_50_COMPARABLE_CLOSED_TRADES,0,0,,0,,WITHHELD_BELOW_90_DAILY_RETURNS_OR_30_CLOSED_TRADES,0,,0,0.0,76,,0,0.0,,,,,OBSERVED_HITS_PER_ENTRY_CENSORED_OPEN_TRADES_NOT_ASSUMED_FAILED,False,0.0,NULL_WHEN_NO_TRADES_OR_NO_LOSSES,0,,0,False,True,True
binance_60_5,REFERENCE_SEGMENT_06,EXTERNAL,binance,60,5,2021-04-22T04:30:00+00:00,2021-04-25T04:00:00+00:00,A_STRUCTURAL_AFTER_TP1,"[0.4, 0.3, 0.3]",STRUCTURAL,,,,,,0,,0,2,,0,0,INSUFFICIENT_SAMPLE,,0.0,UNION_ENTRY_BAR_START_TO_EXIT_INCLUDES_UNKNOWN_PRE_TOUCH_PART_OF_ENTRY_BAR,0.0,,1170,0,0,0,INSUFFICIENT_SAMPLE,1170,0,0,0,,0,0.0,0.0,,WITHHELD_BELOW_50_COMPARABLE_CLOSED_TRADES,0,0,,0,,WITHHELD_BELOW_90_DAILY_RETURNS_OR_30_CLOSED_TRADES,0,,0,0.0,76,,0,0.0,,,,,OBSERVED_HITS_PER_ENTRY_CENSORED_OPEN_TRADES_NOT_ASSUMED_FAILED,False,0.0,NULL_WHEN_NO_TRADES_OR_NO_LOSSES,0,,0,False,True,True
binance_60_5,REFERENCE_SEGMENT_07,EXTERNAL,binance,60,5,2021-04-27T08:45:00+00:00,2021-08-13T02:00:00+00:00,A_40_30_30_BE_TP1,"[0.4, 0.3, 0.3]",TP1,,,,,,0,,0,107,,0,0,INSUFFICIENT_SAMPLE,,0.0,UNION_ENTRY_BAR_START_TO_EXIT_INCLUDES_UNKNOWN_PRE_TOUCH_PART_OF_ENTRY_BAR,0.0,,1170,0,0,0,INSUFFICIENT_SAMPLE,1170,0,0,0,,0,0.0,0.0,,WITHHELD_BELOW_50_COMPARABLE_CLOSED_TRADES,0,0,,0,,WITHHELD_BELOW_90_DAILY_RETURNS_OR_30_CLOSED_TRADES,0,,0,0.0,1859,,0,0.0,,,,,OBSERVED_HITS_PER_ENTRY_CENSORED_OPEN_TRADES_NOT_ASSUMED_FAILED,False,0.0,NULL_WHEN_NO_TRADES_OR_NO_LOSSES,0,,0,True,True,True
binance_60_5,REFERENCE_SEGMENT_07,EXTERNAL,binance,60,5,2021-04-27T08:45:00+00:00,2021-08-13T02:00:00+00:00,B_30_30_40_BE_TP1,"[0.3, 0.3, 0.4]",TP1,,,,,,0,,0,107,,0,0,INSUFFICIENT_SAMPLE,,0.0,UNION_ENTRY_BAR_START_TO_EXIT_INCLUDES_UNKNOWN_PRE_TOUCH_PART_OF_ENTRY_BAR,0.0,,1170,0,0,0,INSUFFICIENT_SAMPLE,1170,0,0,0,,0,0.0,0.0,,WITHHELD_BELOW_50_COMPARABLE_CLOSED_TRADES,0,0,,0,,WITHHELD_BELOW_90_DAILY_RETURNS_OR_30_CLOSED_TRADES,0,,0,0.0,1859,,0,0.0,,,,,OBSERVED_HITS_PER_ENTRY_CENSORED_OPEN_TRADES_NOT_ASSUMED_FAILED,False,0.0,NULL_WHEN_NO_TRADES_OR_NO_LOSSES,0,,0,False,True,True
binance_60_5,REFERENCE_SEGMENT_07,EXTERNAL,binance,60,5,2021-04-27T08:45:00+00:00,2021-08-13T02:00:00+00:00,C_25_25_50_BE_TP1,"[0.25, 0.25, 0.5]",TP1,,,,,,0,,0,107,,0,0,INSUFFICIENT_SAMPLE,,0.0,UNION_ENTRY_BAR_START_TO_EXIT_INCLUDES_UNKNOWN_PRE_TOUCH_PART_OF_ENTRY_BAR,0.0,,1170,0,0,0,INSUFFICIENT_SAMPLE,1170,0,0,0,,0,0.0,0.0,,WITHHELD_BELOW_50_COMPARABLE_CLOSED_TRADES,0,0,,0,,WITHHELD_BELOW_90_DAILY_RETURNS_OR_30_CLOSED_TRADES,0,,0,0.0,1859,,0,0.0,,,,,OBSERVED_HITS_PER_ENTRY_CENSORED_OPEN_TRADES_NOT_ASSUMED_FAILED,False,0.0,NULL_WHEN_NO_TRADES_OR_NO_LOSSES,0,,0,False,True,True
binance_60_5,REFERENCE_SEGMENT_07,EXTERNAL,binance,60,5,2021-04-27T08:45:00+00:00,2021-08-13T02:00:00+00:00,D_25_35_40_BE_TP1,"[0.25, 0.35, 0.4]",TP1,,,,,,0,,0,107,,0,0,INSUFFICIENT_SAMPLE,,0.0,UNION_ENTRY_BAR_START_TO_EXIT_INCLUDES_UNKNOWN_PRE_TOUCH_PART_OF_ENTRY_BAR,0.0,,1170,0,0,0,INSUFFICIENT_SAMPLE,1170,0,0,0,,0,0.0,0.0,,WITHHELD_BELOW_50_COMPARABLE_CLOSED_TRADES,0,0,,0,,WITHHELD_BELOW_90_DAILY_RETURNS_OR_30_CLOSED_TRADES,0,,0,0.0,1859,,0,0.0,,,,,OBSERVED_HITS_PER_ENTRY_CENSORED_OPEN_TRADES_NOT_ASSUMED_FAILED,False,0.0,NULL_WHEN_NO_TRADES_OR_NO_LOSSES,0,,0,False,True,True
binance_60_5,REFERENCE_SEGMENT_07,EXTERNAL,binance,60,5,2021-04-27T08:45:00+00:00,2021-08-13T02:00:00+00:00,A_BE_LATER_CLOSE,"[0.4, 0.3, 0.3]",LATER_CLOSE,,,,,,0,,0,107,,0,0,INSUFFICIENT_SAMPLE,,0.0,UNION_ENTRY_BAR_START_TO_EXIT_INCLUDES_UNKNOWN_PRE_TOUCH_PART_OF_ENTRY_BAR,0.0,,1170,0,0,0,INSUFFICIENT_SAMPLE,1170,0,0,0,,0,0.0,0.0,,WITHHELD_BELOW_50_COMPARABLE_CLOSED_TRADES,0,0,,0,,WITHHELD_BELOW_90_DAILY_RETURNS_OR_30_CLOSED_TRADES,0,,0,0.0,1859,,0,0.0,,,,,OBSERVED_HITS_PER_ENTRY_CENSORED_OPEN_TRADES_NOT_ASSUMED_FAILED,False,0.0,NULL_WHEN_NO_TRADES_OR_NO_LOSSES,0,,0,False,True,True
binance_60_5,REFERENCE_SEGMENT_07,EXTERNAL,binance,60,5,2021-04-27T08:45:00+00:00,2021-08-13T02:00:00+00:00,A_ORIGINAL_SL_UNTIL_TP2,"[0.4, 0.3, 0.3]",TP2,,,,,,0,,0,107,,0,0,INSUFFICIENT_SAMPLE,,0.0,UNION_ENTRY_BAR_START_TO_EXIT_INCLUDES_UNKNOWN_PRE_TOUCH_PART_OF_ENTRY_BAR,0.0,,1170,0,0,0,INSUFFICIENT_SAMPLE,1170,0,0,0,,0,0.0,0.0,,WITHHELD_BELOW_50_COMPARABLE_CLOSED_TRADES,0,0,,0,,WITHHELD_BELOW_90_DAILY_RETURNS_OR_30_CLOSED_TRADES,0,,0,0.0,1859,,0,0.0,,,,,OBSERVED_HITS_PER_ENTRY_CENSORED_OPEN_TRADES_NOT_ASSUMED_FAILED,False,0.0,NULL_WHEN_NO_TRADES_OR_NO_LOSSES,0,,0,False,True,True
binance_60_5,REFERENCE_SEGMENT_07,EXTERNAL,binance,60,5,2021-04-27T08:45:00+00:00,2021-08-13T02:00:00+00:00,A_STRUCTURAL_AFTER_TP1,"[0.4, 0.3, 0.3]",STRUCTURAL,,,,,,0,,0,107,,0,0,INSUFFICIENT_SAMPLE,,0.0,UNION_ENTRY_BAR_START_TO_EXIT_INCLUDES_UNKNOWN_PRE_TOUCH_PART_OF_ENTRY_BAR,0.0,,1170,0,0,0,INSUFFICIENT_SAMPLE,1170,0,0,0,,0,0.0,0.0,,WITHHELD_BELOW_50_COMPARABLE_CLOSED_TRADES,0,0,,0,,WITHHELD_BELOW_90_DAILY_RETURNS_OR_30_CLOSED_TRADES,0,,0,0.0,1859,,0,0.0,,,,,OBSERVED_HITS_PER_ENTRY_CENSORED_OPEN_TRADES_NOT_ASSUMED_FAILED,False,0.0,NULL_WHEN_NO_TRADES_OR_NO_LOSSES,0,,0,False,True,True
binance_60_5,REFERENCE_SEGMENT_08,EXTERNAL,binance,60,5,2021-08-15T06:30:00+00:00,2021-09-29T07:00:00+00:00,A_40_30_30_BE_TP1,"[0.4, 0.3, 0.3]",TP1,,,,,,0,,0,44,,0,0,INSUFFICIENT_SAMPLE,,0.0,UNION_ENTRY_BAR_START_TO_EXIT_INCLUDES_UNKNOWN_PRE_TOUCH_PART_OF_ENTRY_BAR,0.0,,1170,0,0,0,INSUFFICIENT_SAMPLE,1170,0,0,0,,0,0.0,0.0,,WITHHELD_BELOW_50_COMPARABLE_CLOSED_TRADES,0,0,,0,,WITHHELD_BELOW_90_DAILY_RETURNS_OR_30_CLOSED_TRADES,0,,0,0.0,804,,0,0.0,,,,,OBSERVED_HITS_PER_ENTRY_CENSORED_OPEN_TRADES_NOT_ASSUMED_FAILED,False,0.0,NULL_WHEN_NO_TRADES_OR_NO_LOSSES,0,,0,True,True,True
binance_60_5,REFERENCE_SEGMENT_08,EXTERNAL,binance,60,5,2021-08-15T06:30:00+00:00,2021-09-29T07:00:00+00:00,B_30_30_40_BE_TP1,"[0.3, 0.3, 0.4]",TP1,,,,,,0,,0,44,,0,0,INSUFFICIENT_SAMPLE,,0.0,UNION_ENTRY_BAR_START_TO_EXIT_INCLUDES_UNKNOWN_PRE_TOUCH_PART_OF_ENTRY_BAR,0.0,,1170,0,0,0,INSUFFICIENT_SAMPLE,1170,0,0,0,,0,0.0,0.0,,WITHHELD_BELOW_50_COMPARABLE_CLOSED_TRADES,0,0,,0,,WITHHELD_BELOW_90_DAILY_RETURNS_OR_30_CLOSED_TRADES,0,,0,0.0,804,,0,0.0,,,,,OBSERVED_HITS_PER_ENTRY_CENSORED_OPEN_TRADES_NOT_ASSUMED_FAILED,False,0.0,NULL_WHEN_NO_TRADES_OR_NO_LOSSES,0,,0,False,True,True
binance_60_5,REFERENCE_SEGMENT_08,EXTERNAL,binance,60,5,2021-08-15T06:30:00+00:00,2021-09-29T07:00:00+00:00,C_25_25_50_BE_TP1,"[0.25, 0.25, 0.5]",TP1,,,,,,0,,0,44,,0,0,INSUFFICIENT_SAMPLE,,0.0,UNION_ENTRY_BAR_START_TO_EXIT_INCLUDES_UNKNOWN_PRE_TOUCH_PART_OF_ENTRY_BAR,0.0,,1170,0,0,0,INSUFFICIENT_SAMPLE,1170,0,0,0,,0,0.0,0.0,,WITHHELD_BELOW_50_COMPARABLE_CLOSED_TRADES,0,0,,0,,WITHHELD_BELOW_90_DAILY_RETURNS_OR_30_CLOSED_TRADES,0,,0,0.0,804,,0,0.0,,,,,OBSERVED_HITS_PER_ENTRY_CENSORED_OPEN_TRADES_NOT_ASSUMED_FAILED,False,0.0,NULL_WHEN_NO_TRADES_OR_NO_LOSSES,0,,0,False,True,True
binance_60_5,REFERENCE_SEGMENT_08,EXTERNAL,binance,60,5,2021-08-15T06:30:00+00:00,2021-09-29T07:00:00+00:00,D_25_35_40_BE_TP1,"[0.25, 0.35, 0.4]",TP1,,,,,,0,,0,44,,0,0,INSUFFICIENT_SAMPLE,,0.0,UNION_ENTRY_BAR_START_TO_EXIT_INCLUDES_UNKNOWN_PRE_TOUCH_PART_OF_ENTRY_BAR,0.0,,1170,0,0,0,INSUFFICIENT_SAMPLE,1170,0,0,0,,0,0.0,0.0,,WITHHELD_BELOW_50_COMPARABLE_CLOSED_TRADES,0,0,,0,,WITHHELD_BELOW_90_DAILY_RETURNS_OR_30_CLOSED_TRADES,0,,0,0.0,804,,0,0.0,,,,,OBSERVED_HITS_PER_ENTRY_CENSORED_OPEN_TRADES_NOT_ASSUMED_FAILED,False,0.0,NULL_WHEN_NO_TRADES_OR_NO_LOSSES,0,,0,False,True,True
binance_60_5,REFERENCE_SEGMENT_08,EXTERNAL,binance,60,5,2021-08-15T06:30:00+00:00,2021-09-29T07:00:00+00:00,A_BE_LATER_CLOSE,"[0.4, 0.3, 0.3]",LATER_CLOSE,,,,,,0,,0,44,,0,0,INSUFFICIENT_SAMPLE,,0.0,UNION_ENTRY_BAR_START_TO_EXIT_INCLUDES_UNKNOWN_PRE_TOUCH_PART_OF_ENTRY_BAR,0.0,,1170,0,0,0,INSUFFICIENT_SAMPLE,1170,0,0,0,,0,0.0,0.0,,WITHHELD_BELOW_50_COMPARABLE_CLOSED_TRADES,0,0,,0,,WITHHELD_BELOW_90_DAILY_RETURNS_OR_30_CLOSED_TRADES,0,,0,0.0,804,,0,0.0,,,,,OBSERVED_HITS_PER_ENTRY_CENSORED_OPEN_TRADES_NOT_ASSUMED_FAILED,False,0.0,NULL_WHEN_NO_TRADES_OR_NO_LOSSES,0,,0,False,True,True
binance_60_5,REFERENCE_SEGMENT_08,EXTERNAL,binance,60,5,2021-08-15T06:30:00+00:00,2021-09-29T07:00:00+00:00,A_ORIGINAL_SL_UNTIL_TP2,"[0.4, 0.3, 0.3]",TP2,,,,,,0,,0,44,,0,0,INSUFFICIENT_SAMPLE,,0.0,UNION_ENTRY_BAR_START_TO_EXIT_INCLUDES_UNKNOWN_PRE_TOUCH_PART_OF_ENTRY_BAR,0.0,,1170,0,0,0,INSUFFICIENT_SAMPLE,1170,0,0,0,,0,0.0,0.0,,WITHHELD_BELOW_50_COMPARABLE_CLOSED_TRADES,0,0,,0,,WITHHELD_BELOW_90_DAILY_RETURNS_OR_30_CLOSED_TRADES,0,,0,0.0,804,,0,0.0,,,,,OBSERVED_HITS_PER_ENTRY_CENSORED_OPEN_TRADES_NOT_ASSUMED_FAILED,False,0.0,NULL_WHEN_NO_TRADES_OR_NO_LOSSES,0,,0,False,True,True
binance_60_5,REFERENCE_SEGMENT_08,EXTERNAL,binance,60,5,2021-08-15T06:30:00+00:00,2021-09-29T07:00:00+00:00,A_STRUCTURAL_AFTER_TP1,"[0.4, 0.3, 0.3]",STRUCTURAL,,,,,,0,,0,44,,0,0,INSUFFICIENT_SAMPLE,,0.0,UNION_ENTRY_BAR_START_TO_EXIT_INCLUDES_UNKNOWN_PRE_TOUCH_PART_OF_ENTRY_BAR,0.0,,1170,0,0,0,INSUFFICIENT_SAMPLE,1170,0,0,0,,0,0.0,0.0,,WITHHELD_BELOW_50_COMPARABLE_CLOSED_TRADES,0,0,,0,,WITHHELD_BELOW_90_DAILY_RETURNS_OR_30_CLOSED_TRADES,0,,0,0.0,804,,0,0.0,,,,,OBSERVED_HITS_PER_ENTRY_CENSORED_OPEN_TRADES_NOT_ASSUMED_FAILED,False,0.0,NULL_WHEN_NO_TRADES_OR_NO_LOSSES,0,,0,False,True,True
binance_60_5,REFERENCE_SEGMENT_09,EXTERNAL,binance,60,5,2021-10-01T09:00:00+00:00,2023-03-24T12:40:00+00:00,A_40_30_30_BE_TP1,"[0.4, 0.3, 0.3]",TP1,,,,,,0,,0,538,,0,0,INSUFFICIENT_SAMPLE,,0.0,UNION_ENTRY_BAR_START_TO_EXIT_INCLUDES_UNKNOWN_PRE_TOUCH_PART_OF_ENTRY_BAR,0.0,,1170,0,0,0,INSUFFICIENT_SAMPLE,1170,0,0,0,,0,0.0,0.0,,WITHHELD_BELOW_50_COMPARABLE_CLOSED_TRADES,0,0,,0,,WITHHELD_BELOW_90_DAILY_RETURNS_OR_30_CLOSED_TRADES,4,0.0,0,0.0,9066,,0,0.0,,,,,OBSERVED_HITS_PER_ENTRY_CENSORED_OPEN_TRADES_NOT_ASSUMED_FAILED,False,0.0,NULL_WHEN_NO_TRADES_OR_NO_LOSSES,0,,0,True,True,True
binance_60_5,REFERENCE_SEGMENT_09,EXTERNAL,binance,60,5,2021-10-01T09:00:00+00:00,2023-03-24T12:40:00+00:00,B_30_30_40_BE_TP1,"[0.3, 0.3, 0.4]",TP1,,,,,,0,,0,538,,0,0,INSUFFICIENT_SAMPLE,,0.0,UNION_ENTRY_BAR_START_TO_EXIT_INCLUDES_UNKNOWN_PRE_TOUCH_PART_OF_ENTRY_BAR,0.0,,1170,0,0,0,INSUFFICIENT_SAMPLE,1170,0,0,0,,0,0.0,0.0,,WITHHELD_BELOW_50_COMPARABLE_CLOSED_TRADES,0,0,,0,,WITHHELD_BELOW_90_DAILY_RETURNS_OR_30_CLOSED_TRADES,4,0.0,0,0.0,9066,,0,0.0,,,,,OBSERVED_HITS_PER_ENTRY_CENSORED_OPEN_TRADES_NOT_ASSUMED_FAILED,False,0.0,NULL_WHEN_NO_TRADES_OR_NO_LOSSES,0,,0,False,True,True
binance_60_5,REFERENCE_SEGMENT_09,EXTERNAL,binance,60,5,2021-10-01T09:00:00+00:00,2023-03-24T12:40:00+00:00,C_25_25_50_BE_TP1,"[0.25, 0.25, 0.5]",TP1,,,,,,0,,0,538,,0,0,INSUFFICIENT_SAMPLE,,0.0,UNION_ENTRY_BAR_START_TO_EXIT_INCLUDES_UNKNOWN_PRE_TOUCH_PART_OF_ENTRY_BAR,0.0,,1170,0,0,0,INSUFFICIENT_SAMPLE,1170,0,0,0,,0,0.0,0.0,,WITHHELD_BELOW_50_COMPARABLE_CLOSED_TRADES,0,0,,0,,WITHHELD_BELOW_90_DAILY_RETURNS_OR_30_CLOSED_TRADES,4,0.0,0,0.0,9066,,0,0.0,,,,,OBSERVED_HITS_PER_ENTRY_CENSORED_OPEN_TRADES_NOT_ASSUMED_FAILED,False,0.0,NULL_WHEN_NO_TRADES_OR_NO_LOSSES,0,,0,False,True,True
binance_60_5,REFERENCE_SEGMENT_09,EXTERNAL,binance,60,5,2021-10-01T09:00:00+00:00,2023-03-24T12:40:00+00:00,D_25_35_40_BE_TP1,"[0.25, 0.35, 0.4]",TP1,,,,,,0,,0,538,,0,0,INSUFFICIENT_SAMPLE,,0.0,UNION_ENTRY_BAR_START_TO_EXIT_INCLUDES_UNKNOWN_PRE_TOUCH_PART_OF_ENTRY_BAR,0.0,,1170,0,0,0,INSUFFICIENT_SAMPLE,1170,0,0,0,,0,0.0,0.0,,WITHHELD_BELOW_50_COMPARABLE_CLOSED_TRADES,0,0,,0,,WITHHELD_BELOW_90_DAILY_RETURNS_OR_30_CLOSED_TRADES,4,0.0,0,0.0,9066,,0,0.0,,,,,OBSERVED_HITS_PER_ENTRY_CENSORED_OPEN_TRADES_NOT_ASSUMED_FAILED,False,0.0,NULL_WHEN_NO_TRADES_OR_NO_LOSSES,0,,0,False,True,True
binance_60_5,REFERENCE_SEGMENT_09,EXTERNAL,binance,60,5,2021-10-01T09:00:00+00:00,2023-03-24T12:40:00+00:00,A_BE_LATER_CLOSE,"[0.4, 0.3, 0.3]",LATER_CLOSE,,,,,,0,,0,538,,0,0,INSUFFICIENT_SAMPLE,,0.0,UNION_ENTRY_BAR_START_TO_EXIT_INCLUDES_UNKNOWN_PRE_TOUCH_PART_OF_ENTRY_BAR,0.0,,1170,0,0,0,INSUFFICIENT_SAMPLE,1170,0,0,0,,0,0.0,0.0,,WITHHELD_BELOW_50_COMPARABLE_CLOSED_TRADES,0,0,,0,,WITHHELD_BELOW_90_DAILY_RETURNS_OR_30_CLOSED_TRADES,4,0.0,0,0.0,9066,,0,0.0,,,,,OBSERVED_HITS_PER_ENTRY_CENSORED_OPEN_TRADES_NOT_ASSUMED_FAILED,False,0.0,NULL_WHEN_NO_TRADES_OR_NO_LOSSES,0,,0,False,True,True
binance_60_5,REFERENCE_SEGMENT_09,EXTERNAL,binance,60,5,2021-10-01T09:00:00+00:00,2023-03-24T12:40:00+00:00,A_ORIGINAL_SL_UNTIL_TP2,"[0.4, 0.3, 0.3]",TP2,,,,,,0,,0,538,,0,0,INSUFFICIENT_SAMPLE,,0.0,UNION_ENTRY_BAR_START_TO_EXIT_INCLUDES_UNKNOWN_PRE_TOUCH_PART_OF_ENTRY_BAR,0.0,,1170,0,0,0,INSUFFICIENT_SAMPLE,1170,0,0,0,,0,0.0,0.0,,WITHHELD_BELOW_50_COMPARABLE_CLOSED_TRADES,0,0,,0,,WITHHELD_BELOW_90_DAILY_RETURNS_OR_30_CLOSED_TRADES,4,0.0,0,0.0,9066,,0,0.0,,,,,OBSERVED_HITS_PER_ENTRY_CENSORED_OPEN_TRADES_NOT_ASSUMED_FAILED,False,0.0,NULL_WHEN_NO_TRADES_OR_NO_LOSSES,0,,0,False,True,True
binance_60_5,REFERENCE_SEGMENT_09,EXTERNAL,binance,60,5,2021-10-01T09:00:00+00:00,2023-03-24T12:40:00+00:00,A_STRUCTURAL_AFTER_TP1,"[0.4, 0.3, 0.3]",STRUCTURAL,,,,,,0,,0,538,,0,0,INSUFFICIENT_SAMPLE,,0.0,UNION_ENTRY_BAR_START_TO_EXIT_INCLUDES_UNKNOWN_PRE_TOUCH_PART_OF_ENTRY_BAR,0.0,,1170,0,0,0,INSUFFICIENT_SAMPLE,1170,0,0,0,,0,0.0,0.0,,WITHHELD_BELOW_50_COMPARABLE_CLOSED_TRADES,0,0,,0,,WITHHELD_BELOW_90_DAILY_RETURNS_OR_30_CLOSED_TRADES,4,0.0,0,0.0,9066,,0,0.0,,,,,OBSERVED_HITS_PER_ENTRY_CENSORED_OPEN_TRADES_NOT_ASSUMED_FAILED,False,0.0,NULL_WHEN_NO_TRADES_OR_NO_LOSSES,0,,0,False,True,True
binance_60_5,REFERENCE_SEGMENT_10,EXTERNAL,binance,60,5,2023-03-26T14:00:00+00:00,2023-11-15T00:00:00+00:00,A_40_30_30_BE_TP1,"[0.4, 0.3, 0.3]",TP1,,,,,,0,,0,233,,0,0,INSUFFICIENT_SAMPLE,,0.0,UNION_ENTRY_BAR_START_TO_EXIT_INCLUDES_UNKNOWN_PRE_TOUCH_PART_OF_ENTRY_BAR,0.0,,1170,0,0,0,INSUFFICIENT_SAMPLE,1170,0,0,0,,0,0.0,0.0,,WITHHELD_BELOW_50_COMPARABLE_CLOSED_TRADES,0,0,,0,,WITHHELD_BELOW_90_DAILY_RETURNS_OR_30_CLOSED_TRADES,0,,0,0.0,3456,,0,0.0,,,,,OBSERVED_HITS_PER_ENTRY_CENSORED_OPEN_TRADES_NOT_ASSUMED_FAILED,False,0.0,NULL_WHEN_NO_TRADES_OR_NO_LOSSES,0,,0,True,True,True
binance_60_5,REFERENCE_SEGMENT_10,EXTERNAL,binance,60,5,2023-03-26T14:00:00+00:00,2023-11-15T00:00:00+00:00,B_30_30_40_BE_TP1,"[0.3, 0.3, 0.4]",TP1,,,,,,0,,0,233,,0,0,INSUFFICIENT_SAMPLE,,0.0,UNION_ENTRY_BAR_START_TO_EXIT_INCLUDES_UNKNOWN_PRE_TOUCH_PART_OF_ENTRY_BAR,0.0,,1170,0,0,0,INSUFFICIENT_SAMPLE,1170,0,0,0,,0,0.0,0.0,,WITHHELD_BELOW_50_COMPARABLE_CLOSED_TRADES,0,0,,0,,WITHHELD_BELOW_90_DAILY_RETURNS_OR_30_CLOSED_TRADES,0,,0,0.0,3456,,0,0.0,,,,,OBSERVED_HITS_PER_ENTRY_CENSORED_OPEN_TRADES_NOT_ASSUMED_FAILED,False,0.0,NULL_WHEN_NO_TRADES_OR_NO_LOSSES,0,,0,False,True,True
binance_60_5,REFERENCE_SEGMENT_10,EXTERNAL,binance,60,5,2023-03-26T14:00:00+00:00,2023-11-15T00:00:00+00:00,C_25_25_50_BE_TP1,"[0.25, 0.25, 0.5]",TP1,,,,,,0,,0,233,,0,0,INSUFFICIENT_SAMPLE,,0.0,UNION_ENTRY_BAR_START_TO_EXIT_INCLUDES_UNKNOWN_PRE_TOUCH_PART_OF_ENTRY_BAR,0.0,,1170,0,0,0,INSUFFICIENT_SAMPLE,1170,0,0,0,,0,0.0,0.0,,WITHHELD_BELOW_50_COMPARABLE_CLOSED_TRADES,0,0,,0,,WITHHELD_BELOW_90_DAILY_RETURNS_OR_30_CLOSED_TRADES,0,,0,0.0,3456,,0,0.0,,,,,OBSERVED_HITS_PER_ENTRY_CENSORED_OPEN_TRADES_NOT_ASSUMED_FAILED,False,0.0,NULL_WHEN_NO_TRADES_OR_NO_LOSSES,0,,0,False,True,True
binance_60_5,REFERENCE_SEGMENT_10,EXTERNAL,binance,60,5,2023-03-26T14:00:00+00:00,2023-11-15T00:00:00+00:00,D_25_35_40_BE_TP1,"[0.25, 0.35, 0.4]",TP1,,,,,,0,,0,233,,0,0,INSUFFICIENT_SAMPLE,,0.0,UNION_ENTRY_BAR_START_TO_EXIT_INCLUDES_UNKNOWN_PRE_TOUCH_PART_OF_ENTRY_BAR,0.0,,1170,0,0,0,INSUFFICIENT_SAMPLE,1170,0,0,0,,0,0.0,0.0,,WITHHELD_BELOW_50_COMPARABLE_CLOSED_TRADES,0,0,,0,,WITHHELD_BELOW_90_DAILY_RETURNS_OR_30_CLOSED_TRADES,0,,0,0.0,3456,,0,0.0,,,,,OBSERVED_HITS_PER_ENTRY_CENSORED_OPEN_TRADES_NOT_ASSUMED_FAILED,False,0.0,NULL_WHEN_NO_TRADES_OR_NO_LOSSES,0,,0,False,True,True
binance_60_5,REFERENCE_SEGMENT_10,EXTERNAL,binance,60,5,2023-03-26T14:00:00+00:00,2023-11-15T00:00:00+00:00,A_BE_LATER_CLOSE,"[0.4, 0.3, 0.3]",LATER_CLOSE,,,,,,0,,0,233,,0,0,INSUFFICIENT_SAMPLE,,0.0,UNION_ENTRY_BAR_START_TO_EXIT_INCLUDES_UNKNOWN_PRE_TOUCH_PART_OF_ENTRY_BAR,0.0,,1170,0,0,0,INSUFFICIENT_SAMPLE,1170,0,0,0,,0,0.0,0.0,,WITHHELD_BELOW_50_COMPARABLE_CLOSED_TRADES,0,0,,0,,WITHHELD_BELOW_90_DAILY_RETURNS_OR_30_CLOSED_TRADES,0,,0,0.0,3456,,0,0.0,,,,,OBSERVED_HITS_PER_ENTRY_CENSORED_OPEN_TRADES_NOT_ASSUMED_FAILED,False,0.0,NULL_WHEN_NO_TRADES_OR_NO_LOSSES,0,,0,False,True,True
binance_60_5,REFERENCE_SEGMENT_10,EXTERNAL,binance,60,5,2023-03-26T14:00:00+00:00,2023-11-15T00:00:00+00:00,A_ORIGINAL_SL_UNTIL_TP2,"[0.4, 0.3, 0.3]",TP2,,,,,,0,,0,233,,0,0,INSUFFICIENT_SAMPLE,,0.0,UNION_ENTRY_BAR_START_TO_EXIT_INCLUDES_UNKNOWN_PRE_TOUCH_PART_OF_ENTRY_BAR,0.0,,1170,0,0,0,INSUFFICIENT_SAMPLE,1170,0,0,0,,0,0.0,0.0,,WITHHELD_BELOW_50_COMPARABLE_CLOSED_TRADES,0,0,,0,,WITHHELD_BELOW_90_DAILY_RETURNS_OR_30_CLOSED_TRADES,0,,0,0.0,3456,,0,0.0,,,,,OBSERVED_HITS_PER_ENTRY_CENSORED_OPEN_TRADES_NOT_ASSUMED_FAILED,False,0.0,NULL_WHEN_NO_TRADES_OR_NO_LOSSES,0,,0,False,True,True
binance_60_5,REFERENCE_SEGMENT_10,EXTERNAL,binance,60,5,2023-03-26T14:00:00+00:00,2023-11-15T00:00:00+00:00,A_STRUCTURAL_AFTER_TP1,"[0.4, 0.3, 0.3]",STRUCTURAL,,,,,,0,,0,233,,0,0,INSUFFICIENT_SAMPLE,,0.0,UNION_ENTRY_BAR_START_TO_EXIT_INCLUDES_UNKNOWN_PRE_TOUCH_PART_OF_ENTRY_BAR,0.0,,1170,0,0,0,INSUFFICIENT_SAMPLE,1170,0,0,0,,0,0.0,0.0,,WITHHELD_BELOW_50_COMPARABLE_CLOSED_TRADES,0,0,,0,,WITHHELD_BELOW_90_DAILY_RETURNS_OR_30_CLOSED_TRADES,0,,0,0.0,3456,,0,0.0,,,,,OBSERVED_HITS_PER_ENTRY_CENSORED_OPEN_TRADES_NOT_ASSUMED_FAILED,False,0.0,NULL_WHEN_NO_TRADES_OR_NO_LOSSES,0,,0,False,True,True
binance_60_5,VALIDATION_SEGMENT_10,EXTERNAL,binance,60,5,2023-11-15T00:00:00+00:00,2024-12-08T00:00:00+00:00,A_40_30_30_BE_TP1,"[0.4, 0.3, 0.3]",TP1,-1.0,3600.0,23.400000000000002,,0.0,0,,1,389,,1,-23.40000000000009,INSUFFICIENT_SAMPLE,-23.400000000000002,0.00011603827477863468,UNION_ENTRY_BAR_START_TO_EXIT_INCLUDES_UNKNOWN_PRE_TOUCH_PART_OF_ENTRY_BAR,3.8523086812863605,,1146.6,-19.54769131871364,23.400000000000002,0,INSUFFICIENT_SAMPLE,1170,1,1,0,1.0,1,5215800.0,0.039977155773193676,-1.0,WITHHELD_BELOW_50_COMPARABLE_CLOSED_TRADES,-23.400000000000002,0,,0,0.0,WITHHELD_BELOW_90_DAILY_RETURNS_OR_30_CLOSED_TRADES,6,0.16666666666666666,-23.40000000000009,23.400000000000002,7919,,0,1.284102163218369,,0.0,0.0,0.0,OBSERVED_HITS_PER_ENTRY_CENSORED_OPEN_TRADES_NOT_ASSUMED_FAILED,False,0.07824550128534705,NULL_WHEN_NO_TRADES_OR_NO_LOSSES,0,0.0,0,True,True,True
binance_60_5,VALIDATION_SEGMENT_10,EXTERNAL,binance,60,5,2023-11-15T00:00:00+00:00,2024-12-08T00:00:00+00:00,B_30_30_40_BE_TP1,"[0.3, 0.3, 0.4]",TP1,-1.0,3600.0,23.400000000000002,,0.0,0,,1,389,,1,-23.40000000000009,INSUFFICIENT_SAMPLE,-23.400000000000002,0.00011603827477863468,UNION_ENTRY_BAR_START_TO_EXIT_INCLUDES_UNKNOWN_PRE_TOUCH_PART_OF_ENTRY_BAR,3.8523086812863605,,1146.6,-19.54769131871364,23.400000000000002,0,INSUFFICIENT_SAMPLE,1170,1,1,0,1.0,1,5215800.0,0.039977155773193676,-1.0,WITHHELD_BELOW_50_COMPARABLE_CLOSED_TRADES,-23.400000000000002,0,,0,0.0,WITHHELD_BELOW_90_DAILY_RETURNS_OR_30_CLOSED_TRADES,6,0.16666666666666666,-23.40000000000009,23.400000000000002,7919,,0,1.284102163218369,,0.0,0.0,0.0,OBSERVED_HITS_PER_ENTRY_CENSORED_OPEN_TRADES_NOT_ASSUMED_FAILED,False,0.07824550128534705,NULL_WHEN_NO_TRADES_OR_NO_LOSSES,0,0.0,0,False,True,True
binance_60_5,VALIDATION_SEGMENT_10,EXTERNAL,binance,60,5,2023-11-15T00:00:00+00:00,2024-12-08T00:00:00+00:00,C_25_25_50_BE_TP1,"[0.25, 0.25, 0.5]",TP1,-1.0,3600.0,23.400000000000002,,0.0,0,,1,389,,1,-23.40000000000009,INSUFFICIENT_SAMPLE,-23.400000000000002,0.00011603827477863468,UNION_ENTRY_BAR_START_TO_EXIT_INCLUDES_UNKNOWN_PRE_TOUCH_PART_OF_ENTRY_BAR,3.8523086812863605,,1146.6,-19.54769131871364,23.400000000000002,0,INSUFFICIENT_SAMPLE,1170,1,1,0,1.0,1,5215800.0,0.039977155773193676,-1.0,WITHHELD_BELOW_50_COMPARABLE_CLOSED_TRADES,-23.400000000000002,0,,0,0.0,WITHHELD_BELOW_90_DAILY_RETURNS_OR_30_CLOSED_TRADES,6,0.16666666666666666,-23.40000000000009,23.400000000000002,7919,,0,1.284102163218369,,0.0,0.0,0.0,OBSERVED_HITS_PER_ENTRY_CENSORED_OPEN_TRADES_NOT_ASSUMED_FAILED,False,0.07824550128534705,NULL_WHEN_NO_TRADES_OR_NO_LOSSES,0,0.0,0,False,True,True
binance_60_5,VALIDATION_SEGMENT_10,EXTERNAL,binance,60,5,2023-11-15T00:00:00+00:00,2024-12-08T00:00:00+00:00,D_25_35_40_BE_TP1,"[0.25, 0.35, 0.4]",TP1,-1.0,3600.0,23.400000000000002,,0.0,0,,1,389,,1,-23.40000000000009,INSUFFICIENT_SAMPLE,-23.400000000000002,0.00011603827477863468,UNION_ENTRY_BAR_START_TO_EXIT_INCLUDES_UNKNOWN_PRE_TOUCH_PART_OF_ENTRY_BAR,3.8523086812863605,,1146.6,-19.54769131871364,23.400000000000002,0,INSUFFICIENT_SAMPLE,1170,1,1,0,1.0,1,5215800.0,0.039977155773193676,-1.0,WITHHELD_BELOW_50_COMPARABLE_CLOSED_TRADES,-23.400000000000002,0,,0,0.0,WITHHELD_BELOW_90_DAILY_RETURNS_OR_30_CLOSED_TRADES,6,0.16666666666666666,-23.40000000000009,23.400000000000002,7919,,0,1.284102163218369,,0.0,0.0,0.0,OBSERVED_HITS_PER_ENTRY_CENSORED_OPEN_TRADES_NOT_ASSUMED_FAILED,False,0.07824550128534705,NULL_WHEN_NO_TRADES_OR_NO_LOSSES,0,0.0,0,False,True,True
binance_60_5,VALIDATION_SEGMENT_10,EXTERNAL,binance,60,5,2023-11-15T00:00:00+00:00,2024-12-08T00:00:00+00:00,A_BE_LATER_CLOSE,"[0.4, 0.3, 0.3]",LATER_CLOSE,-1.0,3600.0,23.400000000000002,,0.0,0,,1,389,,1,-23.40000000000009,INSUFFICIENT_SAMPLE,-23.400000000000002,0.00011603827477863468,UNION_ENTRY_BAR_START_TO_EXIT_INCLUDES_UNKNOWN_PRE_TOUCH_PART_OF_ENTRY_BAR,3.8523086812863605,,1146.6,-19.54769131871364,23.400000000000002,0,INSUFFICIENT_SAMPLE,1170,1,1,0,1.0,1,5215800.0,0.039977155773193676,-1.0,WITHHELD_BELOW_50_COMPARABLE_CLOSED_TRADES,-23.400000000000002,0,,0,0.0,WITHHELD_BELOW_90_DAILY_RETURNS_OR_30_CLOSED_TRADES,6,0.16666666666666666,-23.40000000000009,23.400000000000002,7919,,0,1.284102163218369,,0.0,0.0,0.0,OBSERVED_HITS_PER_ENTRY_CENSORED_OPEN_TRADES_NOT_ASSUMED_FAILED,False,0.07824550128534705,NULL_WHEN_NO_TRADES_OR_NO_LOSSES,0,0.0,0,False,True,True
binance_60_5,VALIDATION_SEGMENT_10,EXTERNAL,binance,60,5,2023-11-15T00:00:00+00:00,2024-12-08T00:00:00+00:00,A_ORIGINAL_SL_UNTIL_TP2,"[0.4, 0.3, 0.3]",TP2,-1.0,3600.0,23.400000000000002,,0.0,0,,1,389,,1,-23.40000000000009,INSUFFICIENT_SAMPLE,-23.400000000000002,0.00011603827477863468,UNION_ENTRY_BAR_START_TO_EXIT_INCLUDES_UNKNOWN_PRE_TOUCH_PART_OF_ENTRY_BAR,3.8523086812863605,,1146.6,-19.54769131871364,23.400000000000002,0,INSUFFICIENT_SAMPLE,1170,1,1,0,1.0,1,5215800.0,0.039977155773193676,-1.0,WITHHELD_BELOW_50_COMPARABLE_CLOSED_TRADES,-23.400000000000002,0,,0,0.0,WITHHELD_BELOW_90_DAILY_RETURNS_OR_30_CLOSED_TRADES,6,0.16666666666666666,-23.40000000000009,23.400000000000002,7919,,0,1.284102163218369,,0.0,0.0,0.0,OBSERVED_HITS_PER_ENTRY_CENSORED_OPEN_TRADES_NOT_ASSUMED_FAILED,False,0.07824550128534705,NULL_WHEN_NO_TRADES_OR_NO_LOSSES,0,0.0,0,False,True,True
binance_60_5,VALIDATION_SEGMENT_10,EXTERNAL,binance,60,5,2023-11-15T00:00:00+00:00,2024-12-08T00:00:00+00:00,A_STRUCTURAL_AFTER_TP1,"[0.4, 0.3, 0.3]",STRUCTURAL,-1.0,3600.0,23.400000000000002,,0.0,0,,1,389,,1,-23.40000000000009,INSUFFICIENT_SAMPLE,-23.400000000000002,0.00011603827477863468,UNION_ENTRY_BAR_START_TO_EXIT_INCLUDES_UNKNOWN_PRE_TOUCH_PART_OF_ENTRY_BAR,3.8523086812863605,,1146.6,-19.54769131871364,23.400000000000002,0,INSUFFICIENT_SAMPLE,1170,1,1,0,1.0,1,5215800.0,0.039977155773193676,-1.0,WITHHELD_BELOW_50_COMPARABLE_CLOSED_TRADES,-23.400000000000002,0,,0,0.0,WITHHELD_BELOW_90_DAILY_RETURNS_OR_30_CLOSED_TRADES,6,0.16666666666666666,-23.40000000000009,23.400000000000002,7919,,0,1.284102163218369,,0.0,0.0,0.0,OBSERVED_HITS_PER_ENTRY_CENSORED_OPEN_TRADES_NOT_ASSUMED_FAILED,False,0.07824550128534705,NULL_WHEN_NO_TRADES_OR_NO_LOSSES,0,0.0,0,False,True,True
bybit_240_15,HOLDOUT_SEGMENT_00,EXTERNAL,bybit,240,15,2024-12-29T00:00:00+00:00,2025-12-05T00:00:00+00:00,A_40_30_30_BE_TP1,"[0.4, 0.3, 0.3]",TP1,,,,,,0,,0,341,,0,0,INSUFFICIENT_SAMPLE,,0.0,UNION_ENTRY_BAR_START_TO_EXIT_INCLUDES_UNKNOWN_PRE_TOUCH_PART_OF_ENTRY_BAR,0.0,,1170,0,0,0,INSUFFICIENT_SAMPLE,1170,0,0,0,,0,0.0,0.0,,WITHHELD_BELOW_50_COMPARABLE_CLOSED_TRADES,0,0,,0,,WITHHELD_BELOW_90_DAILY_RETURNS_OR_30_CLOSED_TRADES,0,,0,0.0,601,,0,0.0,,,,,OBSERVED_HITS_PER_ENTRY_CENSORED_OPEN_TRADES_NOT_ASSUMED_FAILED,False,0.0,NULL_WHEN_NO_TRADES_OR_NO_LOSSES,0,,0,True,True,True
bybit_240_15,HOLDOUT_SEGMENT_00,EXTERNAL,bybit,240,15,2024-12-29T00:00:00+00:00,2025-12-05T00:00:00+00:00,B_30_30_40_BE_TP1,"[0.3, 0.3, 0.4]",TP1,,,,,,0,,0,341,,0,0,INSUFFICIENT_SAMPLE,,0.0,UNION_ENTRY_BAR_START_TO_EXIT_INCLUDES_UNKNOWN_PRE_TOUCH_PART_OF_ENTRY_BAR,0.0,,1170,0,0,0,INSUFFICIENT_SAMPLE,1170,0,0,0,,0,0.0,0.0,,WITHHELD_BELOW_50_COMPARABLE_CLOSED_TRADES,0,0,,0,,WITHHELD_BELOW_90_DAILY_RETURNS_OR_30_CLOSED_TRADES,0,,0,0.0,601,,0,0.0,,,,,OBSERVED_HITS_PER_ENTRY_CENSORED_OPEN_TRADES_NOT_ASSUMED_FAILED,False,0.0,NULL_WHEN_NO_TRADES_OR_NO_LOSSES,0,,0,False,True,True
bybit_240_15,HOLDOUT_SEGMENT_00,EXTERNAL,bybit,240,15,2024-12-29T00:00:00+00:00,2025-12-05T00:00:00+00:00,C_25_25_50_BE_TP1,"[0.25, 0.25, 0.5]",TP1,,,,,,0,,0,341,,0,0,INSUFFICIENT_SAMPLE,,0.0,UNION_ENTRY_BAR_START_TO_EXIT_INCLUDES_UNKNOWN_PRE_TOUCH_PART_OF_ENTRY_BAR,0.0,,1170,0,0,0,INSUFFICIENT_SAMPLE,1170,0,0,0,,0,0.0,0.0,,WITHHELD_BELOW_50_COMPARABLE_CLOSED_TRADES,0,0,,0,,WITHHELD_BELOW_90_DAILY_RETURNS_OR_30_CLOSED_TRADES,0,,0,0.0,601,,0,0.0,,,,,OBSERVED_HITS_PER_ENTRY_CENSORED_OPEN_TRADES_NOT_ASSUMED_FAILED,False,0.0,NULL_WHEN_NO_TRADES_OR_NO_LOSSES,0,,0,False,True,True
bybit_240_15,HOLDOUT_SEGMENT_00,EXTERNAL,bybit,240,15,2024-12-29T00:00:00+00:00,2025-12-05T00:00:00+00:00,D_25_35_40_BE_TP1,"[0.25, 0.35, 0.4]",TP1,,,,,,0,,0,341,,0,0,INSUFFICIENT_SAMPLE,,0.0,UNION_ENTRY_BAR_START_TO_EXIT_INCLUDES_UNKNOWN_PRE_TOUCH_PART_OF_ENTRY_BAR,0.0,,1170,0,0,0,INSUFFICIENT_SAMPLE,1170,0,0,0,,0,0.0,0.0,,WITHHELD_BELOW_50_COMPARABLE_CLOSED_TRADES,0,0,,0,,WITHHELD_BELOW_90_DAILY_RETURNS_OR_30_CLOSED_TRADES,0,,0,0.0,601,,0,0.0,,,,,OBSERVED_HITS_PER_ENTRY_CENSORED_OPEN_TRADES_NOT_ASSUMED_FAILED,False,0.0,NULL_WHEN_NO_TRADES_OR_NO_LOSSES,0,,0,False,True,True
bybit_240_15,HOLDOUT_SEGMENT_00,EXTERNAL,bybit,240,15,2024-12-29T00:00:00+00:00,2025-12-05T00:00:00+00:00,A_BE_LATER_CLOSE,"[0.4, 0.3, 0.3]",LATER_CLOSE,,,,,,0,,0,341,,0,0,INSUFFICIENT_SAMPLE,,0.0,UNION_ENTRY_BAR_START_TO_EXIT_INCLUDES_UNKNOWN_PRE_TOUCH_PART_OF_ENTRY_BAR,0.0,,1170,0,0,0,INSUFFICIENT_SAMPLE,1170,0,0,0,,0,0.0,0.0,,WITHHELD_BELOW_50_COMPARABLE_CLOSED_TRADES,0,0,,0,,WITHHELD_BELOW_90_DAILY_RETURNS_OR_30_CLOSED_TRADES,0,,0,0.0,601,,0,0.0,,,,,OBSERVED_HITS_PER_ENTRY_CENSORED_OPEN_TRADES_NOT_ASSUMED_FAILED,False,0.0,NULL_WHEN_NO_TRADES_OR_NO_LOSSES,0,,0,False,True,True
bybit_240_15,HOLDOUT_SEGMENT_00,EXTERNAL,bybit,240,15,2024-12-29T00:00:00+00:00,2025-12-05T00:00:00+00:00,A_ORIGINAL_SL_UNTIL_TP2,"[0.4, 0.3, 0.3]",TP2,,,,,,0,,0,341,,0,0,INSUFFICIENT_SAMPLE,,0.0,UNION_ENTRY_BAR_START_TO_EXIT_INCLUDES_UNKNOWN_PRE_TOUCH_PART_OF_ENTRY_BAR,0.0,,1170,0,0,0,INSUFFICIENT_SAMPLE,1170,0,0,0,,0,0.0,0.0,,WITHHELD_BELOW_50_COMPARABLE_CLOSED_TRADES,0,0,,0,,WITHHELD_BELOW_90_DAILY_RETURNS_OR_30_CLOSED_TRADES,0,,0,0.0,601,,0,0.0,,,,,OBSERVED_HITS_PER_ENTRY_CENSORED_OPEN_TRADES_NOT_ASSUMED_FAILED,False,0.0,NULL_WHEN_NO_TRADES_OR_NO_LOSSES,0,,0,False,True,True
bybit_240_15,HOLDOUT_SEGMENT_00,EXTERNAL,bybit,240,15,2024-12-29T00:00:00+00:00,2025-12-05T00:00:00+00:00,A_STRUCTURAL_AFTER_TP1,"[0.4, 0.3, 0.3]",STRUCTURAL,,,,,,0,,0,341,,0,0,INSUFFICIENT_SAMPLE,,0.0,UNION_ENTRY_BAR_START_TO_EXIT_INCLUDES_UNKNOWN_PRE_TOUCH_PART_OF_ENTRY_BAR,0.0,,1170,0,0,0,INSUFFICIENT_SAMPLE,1170,0,0,0,,0,0.0,0.0,,WITHHELD_BELOW_50_COMPARABLE_CLOSED_TRADES,0,0,,0,,WITHHELD_BELOW_90_DAILY_RETURNS_OR_30_CLOSED_TRADES,0,,0,0.0,601,,0,0.0,,,,,OBSERVED_HITS_PER_ENTRY_CENSORED_OPEN_TRADES_NOT_ASSUMED_FAILED,False,0.0,NULL_WHEN_NO_TRADES_OR_NO_LOSSES,0,,0,False,True,True
bybit_240_15,REFERENCE_SEGMENT_00,EXTERNAL,bybit,240,15,2021-04-08T00:00:00+00:00,2024-01-24T00:00:00+00:00,A_40_30_30_BE_TP1,"[0.4, 0.3, 0.3]",TP1,-0.9999999999999999,5400.0,23.4,,0.0,0,,1,1021,,1,-23.399999999999864,INSUFFICIENT_SAMPLE,-23.4,7.141691152464904e-05,UNION_ENTRY_BAR_START_TO_EXIT_INCLUDES_UNKNOWN_PRE_TOUCH_PART_OF_ENTRY_BAR,0.5242125375357671,,1146.6000000000001,-22.875787462464235,23.4,0,INSUFFICIENT_SAMPLE,1170,1,1,0,1.0,1,81690300.0,0.019999999999999882,-0.9999999999999999,WITHHELD_BELOW_50_COMPARABLE_CLOSED_TRADES,-23.4,0,,0,0.0,WITHHELD_BELOW_90_DAILY_RETURNS_OR_30_CLOSED_TRADES,1,1.0,-23.399999999999864,23.4,1488,,0,0.174736604469891,,0.0,0.0,0.0,OBSERVED_HITS_PER_ENTRY_CENSORED_OPEN_TRADES_NOT_ASSUMED_FAILED,False,0.029811459353574928,NULL_WHEN_NO_TRADES_OR_NO_LOSSES,0,0.0,0,True,True,True
bybit_240_15,REFERENCE_SEGMENT_00,EXTERNAL,bybit,240,15,2021-04-08T00:00:00+00:00,2024-01-24T00:00:00+00:00,B_30_30_40_BE_TP1,"[0.3, 0.3, 0.4]",TP1,-0.9999999999999999,5400.0,23.4,,0.0,0,,1,1021,,1,-23.399999999999864,INSUFFICIENT_SAMPLE,-23.4,7.141691152464904e-05,UNION_ENTRY_BAR_START_TO_EXIT_INCLUDES_UNKNOWN_PRE_TOUCH_PART_OF_ENTRY_BAR,0.5242125375357671,,1146.6000000000001,-22.875787462464235,23.4,0,INSUFFICIENT_SAMPLE,1170,1,1,0,1.0,1,81690300.0,0.019999999999999882,-0.9999999999999999,WITHHELD_BELOW_50_COMPARABLE_CLOSED_TRADES,-23.4,0,,0,0.0,WITHHELD_BELOW_90_DAILY_RETURNS_OR_30_CLOSED_TRADES,1,1.0,-23.399999999999864,23.4,1488,,0,0.174736604469891,,0.0,0.0,0.0,OBSERVED_HITS_PER_ENTRY_CENSORED_OPEN_TRADES_NOT_ASSUMED_FAILED,False,0.029811459353574928,NULL_WHEN_NO_TRADES_OR_NO_LOSSES,0,0.0,0,False,True,True
bybit_240_15,REFERENCE_SEGMENT_00,EXTERNAL,bybit,240,15,2021-04-08T00:00:00+00:00,2024-01-24T00:00:00+00:00,C_25_25_50_BE_TP1,"[0.25, 0.25, 0.5]",TP1,-0.9999999999999999,5400.0,23.4,,0.0,0,,1,1021,,1,-23.399999999999864,INSUFFICIENT_SAMPLE,-23.4,7.141691152464904e-05,UNION_ENTRY_BAR_START_TO_EXIT_INCLUDES_UNKNOWN_PRE_TOUCH_PART_OF_ENTRY_BAR,0.5242125375357671,,1146.6000000000001,-22.875787462464235,23.4,0,INSUFFICIENT_SAMPLE,1170,1,1,0,1.0,1,81690300.0,0.019999999999999882,-0.9999999999999999,WITHHELD_BELOW_50_COMPARABLE_CLOSED_TRADES,-23.4,0,,0,0.0,WITHHELD_BELOW_90_DAILY_RETURNS_OR_30_CLOSED_TRADES,1,1.0,-23.399999999999864,23.4,1488,,0,0.174736604469891,,0.0,0.0,0.0,OBSERVED_HITS_PER_ENTRY_CENSORED_OPEN_TRADES_NOT_ASSUMED_FAILED,False,0.029811459353574928,NULL_WHEN_NO_TRADES_OR_NO_LOSSES,0,0.0,0,False,True,True
bybit_240_15,REFERENCE_SEGMENT_00,EXTERNAL,bybit,240,15,2021-04-08T00:00:00+00:00,2024-01-24T00:00:00+00:00,D_25_35_40_BE_TP1,"[0.25, 0.35, 0.4]",TP1,-0.9999999999999999,5400.0,23.4,,0.0,0,,1,1021,,1,-23.399999999999864,INSUFFICIENT_SAMPLE,-23.4,7.141691152464904e-05,UNION_ENTRY_BAR_START_TO_EXIT_INCLUDES_UNKNOWN_PRE_TOUCH_PART_OF_ENTRY_BAR,0.5242125375357671,,1146.6000000000001,-22.875787462464235,23.4,0,INSUFFICIENT_SAMPLE,1170,1,1,0,1.0,1,81690300.0,0.019999999999999882,-0.9999999999999999,WITHHELD_BELOW_50_COMPARABLE_CLOSED_TRADES,-23.4,0,,0,0.0,WITHHELD_BELOW_90_DAILY_RETURNS_OR_30_CLOSED_TRADES,1,1.0,-23.399999999999864,23.4,1488,,0,0.174736604469891,,0.0,0.0,0.0,OBSERVED_HITS_PER_ENTRY_CENSORED_OPEN_TRADES_NOT_ASSUMED_FAILED,False,0.029811459353574928,NULL_WHEN_NO_TRADES_OR_NO_LOSSES,0,0.0,0,False,True,True
bybit_240_15,REFERENCE_SEGMENT_00,EXTERNAL,bybit,240,15,2021-04-08T00:00:00+00:00,2024-01-24T00:00:00+00:00,A_BE_LATER_CLOSE,"[0.4, 0.3, 0.3]",LATER_CLOSE,-0.9999999999999999,5400.0,23.4,,0.0,0,,1,1021,,1,-23.399999999999864,INSUFFICIENT_SAMPLE,-23.4,7.141691152464904e-05,UNION_ENTRY_BAR_START_TO_EXIT_INCLUDES_UNKNOWN_PRE_TOUCH_PART_OF_ENTRY_BAR,0.5242125375357671,,1146.6000000000001,-22.875787462464235,23.4,0,INSUFFICIENT_SAMPLE,1170,1,1,0,1.0,1,81690300.0,0.019999999999999882,-0.9999999999999999,WITHHELD_BELOW_50_COMPARABLE_CLOSED_TRADES,-23.4,0,,0,0.0,WITHHELD_BELOW_90_DAILY_RETURNS_OR_30_CLOSED_TRADES,1,1.0,-23.399999999999864,23.4,1488,,0,0.174736604469891,,0.0,0.0,0.0,OBSERVED_HITS_PER_ENTRY_CENSORED_OPEN_TRADES_NOT_ASSUMED_FAILED,False,0.029811459353574928,NULL_WHEN_NO_TRADES_OR_NO_LOSSES,0,0.0,0,False,True,True
bybit_240_15,REFERENCE_SEGMENT_00,EXTERNAL,bybit,240,15,2021-04-08T00:00:00+00:00,2024-01-24T00:00:00+00:00,A_ORIGINAL_SL_UNTIL_TP2,"[0.4, 0.3, 0.3]",TP2,-0.9999999999999999,5400.0,23.4,,0.0,0,,1,1021,,1,-23.399999999999864,INSUFFICIENT_SAMPLE,-23.4,7.141691152464904e-05,UNION_ENTRY_BAR_START_TO_EXIT_INCLUDES_UNKNOWN_PRE_TOUCH_PART_OF_ENTRY_BAR,0.5242125375357671,,1146.6000000000001,-22.875787462464235,23.4,0,INSUFFICIENT_SAMPLE,1170,1,1,0,1.0,1,81690300.0,0.019999999999999882,-0.9999999999999999,WITHHELD_BELOW_50_COMPARABLE_CLOSED_TRADES,-23.4,0,,0,0.0,WITHHELD_BELOW_90_DAILY_RETURNS_OR_30_CLOSED_TRADES,1,1.0,-23.399999999999864,23.4,1488,,0,0.174736604469891,,0.0,0.0,0.0,OBSERVED_HITS_PER_ENTRY_CENSORED_OPEN_TRADES_NOT_ASSUMED_FAILED,False,0.029811459353574928,NULL_WHEN_NO_TRADES_OR_NO_LOSSES,0,0.0,0,False,True,True
bybit_240_15,REFERENCE_SEGMENT_00,EXTERNAL,bybit,240,15,2021-04-08T00:00:00+00:00,2024-01-24T00:00:00+00:00,A_STRUCTURAL_AFTER_TP1,"[0.4, 0.3, 0.3]",STRUCTURAL,-0.9999999999999999,5400.0,23.4,,0.0,0,,1,1021,,1,-23.399999999999864,INSUFFICIENT_SAMPLE,-23.4,7.141691152464904e-05,UNION_ENTRY_BAR_START_TO_EXIT_INCLUDES_UNKNOWN_PRE_TOUCH_PART_OF_ENTRY_BAR,0.5242125375357671,,1146.6000000000001,-22.875787462464235,23.4,0,INSUFFICIENT_SAMPLE,1170,1,1,0,1.0,1,81690300.0,0.019999999999999882,-0.9999999999999999,WITHHELD_BELOW_50_COMPARABLE_CLOSED_TRADES,-23.4,0,,0,0.0,WITHHELD_BELOW_90_DAILY_RETURNS_OR_30_CLOSED_TRADES,1,1.0,-23.399999999999864,23.4,1488,,0,0.174736604469891,,0.0,0.0,0.0,OBSERVED_HITS_PER_ENTRY_CENSORED_OPEN_TRADES_NOT_ASSUMED_FAILED,False,0.029811459353574928,NULL_WHEN_NO_TRADES_OR_NO_LOSSES,0,0.0,0,False,True,True
bybit_240_15,VALIDATION_SEGMENT_00,EXTERNAL,bybit,240,15,2024-01-24T00:00:00+00:00,2024-12-29T00:00:00+00:00,A_40_30_30_BE_TP1,"[0.4, 0.3, 0.3]",TP1,,,,,,0,,0,340,,0,0,INSUFFICIENT_SAMPLE,,0.0,UNION_ENTRY_BAR_START_TO_EXIT_INCLUDES_UNKNOWN_PRE_TOUCH_PART_OF_ENTRY_BAR,0.0,,1170,0,0,0,INSUFFICIENT_SAMPLE,1170,0,0,0,,0,0.0,0.0,,WITHHELD_BELOW_50_COMPARABLE_CLOSED_TRADES,0,0,,0,,WITHHELD_BELOW_90_DAILY_RETURNS_OR_30_CLOSED_TRADES,1,0.0,0,0.0,635,,0,0.0,,,,,OBSERVED_HITS_PER_ENTRY_CENSORED_OPEN_TRADES_NOT_ASSUMED_FAILED,False,0.0,NULL_WHEN_NO_TRADES_OR_NO_LOSSES,0,,0,True,True,True
bybit_240_15,VALIDATION_SEGMENT_00,EXTERNAL,bybit,240,15,2024-01-24T00:00:00+00:00,2024-12-29T00:00:00+00:00,B_30_30_40_BE_TP1,"[0.3, 0.3, 0.4]",TP1,,,,,,0,,0,340,,0,0,INSUFFICIENT_SAMPLE,,0.0,UNION_ENTRY_BAR_START_TO_EXIT_INCLUDES_UNKNOWN_PRE_TOUCH_PART_OF_ENTRY_BAR,0.0,,1170,0,0,0,INSUFFICIENT_SAMPLE,1170,0,0,0,,0,0.0,0.0,,WITHHELD_BELOW_50_COMPARABLE_CLOSED_TRADES,0,0,,0,,WITHHELD_BELOW_90_DAILY_RETURNS_OR_30_CLOSED_TRADES,1,0.0,0,0.0,635,,0,0.0,,,,,OBSERVED_HITS_PER_ENTRY_CENSORED_OPEN_TRADES_NOT_ASSUMED_FAILED,False,0.0,NULL_WHEN_NO_TRADES_OR_NO_LOSSES,0,,0,False,True,True
bybit_240_15,VALIDATION_SEGMENT_00,EXTERNAL,bybit,240,15,2024-01-24T00:00:00+00:00,2024-12-29T00:00:00+00:00,C_25_25_50_BE_TP1,"[0.25, 0.25, 0.5]",TP1,,,,,,0,,0,340,,0,0,INSUFFICIENT_SAMPLE,,0.0,UNION_ENTRY_BAR_START_TO_EXIT_INCLUDES_UNKNOWN_PRE_TOUCH_PART_OF_ENTRY_BAR,0.0,,1170,0,0,0,INSUFFICIENT_SAMPLE,1170,0,0,0,,0,0.0,0.0,,WITHHELD_BELOW_50_COMPARABLE_CLOSED_TRADES,0,0,,0,,WITHHELD_BELOW_90_DAILY_RETURNS_OR_30_CLOSED_TRADES,1,0.0,0,0.0,635,,0,0.0,,,,,OBSERVED_HITS_PER_ENTRY_CENSORED_OPEN_TRADES_NOT_ASSUMED_FAILED,False,0.0,NULL_WHEN_NO_TRADES_OR_NO_LOSSES,0,,0,False,True,True
bybit_240_15,VALIDATION_SEGMENT_00,EXTERNAL,bybit,240,15,2024-01-24T00:00:00+00:00,2024-12-29T00:00:00+00:00,D_25_35_40_BE_TP1,"[0.25, 0.35, 0.4]",TP1,,,,,,0,,0,340,,0,0,INSUFFICIENT_SAMPLE,,0.0,UNION_ENTRY_BAR_START_TO_EXIT_INCLUDES_UNKNOWN_PRE_TOUCH_PART_OF_ENTRY_BAR,0.0,,1170,0,0,0,INSUFFICIENT_SAMPLE,1170,0,0,0,,0,0.0,0.0,,WITHHELD_BELOW_50_COMPARABLE_CLOSED_TRADES,0,0,,0,,WITHHELD_BELOW_90_DAILY_RETURNS_OR_30_CLOSED_TRADES,1,0.0,0,0.0,635,,0,0.0,,,,,OBSERVED_HITS_PER_ENTRY_CENSORED_OPEN_TRADES_NOT_ASSUMED_FAILED,False,0.0,NULL_WHEN_NO_TRADES_OR_NO_LOSSES,0,,0,False,True,True
bybit_240_15,VALIDATION_SEGMENT_00,EXTERNAL,bybit,240,15,2024-01-24T00:00:00+00:00,2024-12-29T00:00:00+00:00,A_BE_LATER_CLOSE,"[0.4, 0.3, 0.3]",LATER_CLOSE,,,,,,0,,0,340,,0,0,INSUFFICIENT_SAMPLE,,0.0,UNION_ENTRY_BAR_START_TO_EXIT_INCLUDES_UNKNOWN_PRE_TOUCH_PART_OF_ENTRY_BAR,0.0,,1170,0,0,0,INSUFFICIENT_SAMPLE,1170,0,0,0,,0,0.0,0.0,,WITHHELD_BELOW_50_COMPARABLE_CLOSED_TRADES,0,0,,0,,WITHHELD_BELOW_90_DAILY_RETURNS_OR_30_CLOSED_TRADES,1,0.0,0,0.0,635,,0,0.0,,,,,OBSERVED_HITS_PER_ENTRY_CENSORED_OPEN_TRADES_NOT_ASSUMED_FAILED,False,0.0,NULL_WHEN_NO_TRADES_OR_NO_LOSSES,0,,0,False,True,True
bybit_240_15,VALIDATION_SEGMENT_00,EXTERNAL,bybit,240,15,2024-01-24T00:00:00+00:00,2024-12-29T00:00:00+00:00,A_ORIGINAL_SL_UNTIL_TP2,"[0.4, 0.3, 0.3]",TP2,,,,,,0,,0,340,,0,0,INSUFFICIENT_SAMPLE,,0.0,UNION_ENTRY_BAR_START_TO_EXIT_INCLUDES_UNKNOWN_PRE_TOUCH_PART_OF_ENTRY_BAR,0.0,,1170,0,0,0,INSUFFICIENT_SAMPLE,1170,0,0,0,,0,0.0,0.0,,WITHHELD_BELOW_50_COMPARABLE_CLOSED_TRADES,0,0,,0,,WITHHELD_BELOW_90_DAILY_RETURNS_OR_30_CLOSED_TRADES,1,0.0,0,0.0,635,,0,0.0,,,,,OBSERVED_HITS_PER_ENTRY_CENSORED_OPEN_TRADES_NOT_ASSUMED_FAILED,False,0.0,NULL_WHEN_NO_TRADES_OR_NO_LOSSES,0,,0,False,True,True
bybit_240_15,VALIDATION_SEGMENT_00,EXTERNAL,bybit,240,15,2024-01-24T00:00:00+00:00,2024-12-29T00:00:00+00:00,A_STRUCTURAL_AFTER_TP1,"[0.4, 0.3, 0.3]",STRUCTURAL,,,,,,0,,0,340,,0,0,INSUFFICIENT_SAMPLE,,0.0,UNION_ENTRY_BAR_START_TO_EXIT_INCLUDES_UNKNOWN_PRE_TOUCH_PART_OF_ENTRY_BAR,0.0,,1170,0,0,0,INSUFFICIENT_SAMPLE,1170,0,0,0,,0,0.0,0.0,,WITHHELD_BELOW_50_COMPARABLE_CLOSED_TRADES,0,0,,0,,WITHHELD_BELOW_90_DAILY_RETURNS_OR_30_CLOSED_TRADES,1,0.0,0,0.0,635,,0,0.0,,,,,OBSERVED_HITS_PER_ENTRY_CENSORED_OPEN_TRADES_NOT_ASSUMED_FAILED,False,0.0,NULL_WHEN_NO_TRADES_OR_NO_LOSSES,0,,0,False,True,True
bybit_240_60,HOLDOUT_SEGMENT_00,EXTERNAL,bybit,240,60,2024-12-29T00:00:00+00:00,2025-12-05T00:00:00+00:00,A_40_30_30_BE_TP1,"[0.4, 0.3, 0.3]",TP1,,,,,,0,,0,341,,0,0,INSUFFICIENT_SAMPLE,,0.0,UNION_ENTRY_BAR_START_TO_EXIT_INCLUDES_UNKNOWN_PRE_TOUCH_PART_OF_ENTRY_BAR,0.0,,1170,0,0,0,INSUFFICIENT_SAMPLE,1170,0,0,0,,0,0.0,0.0,,WITHHELD_BELOW_50_COMPARABLE_CLOSED_TRADES,0,0,,0,,WITHHELD_BELOW_90_DAILY_RETURNS_OR_30_CLOSED_TRADES,0,,0,0.0,368,,0,0.0,,,,,OBSERVED_HITS_PER_ENTRY_CENSORED_OPEN_TRADES_NOT_ASSUMED_FAILED,False,0.0,NULL_WHEN_NO_TRADES_OR_NO_LOSSES,0,,0,True,True,True
bybit_240_60,HOLDOUT_SEGMENT_00,EXTERNAL,bybit,240,60,2024-12-29T00:00:00+00:00,2025-12-05T00:00:00+00:00,B_30_30_40_BE_TP1,"[0.3, 0.3, 0.4]",TP1,,,,,,0,,0,341,,0,0,INSUFFICIENT_SAMPLE,,0.0,UNION_ENTRY_BAR_START_TO_EXIT_INCLUDES_UNKNOWN_PRE_TOUCH_PART_OF_ENTRY_BAR,0.0,,1170,0,0,0,INSUFFICIENT_SAMPLE,1170,0,0,0,,0,0.0,0.0,,WITHHELD_BELOW_50_COMPARABLE_CLOSED_TRADES,0,0,,0,,WITHHELD_BELOW_90_DAILY_RETURNS_OR_30_CLOSED_TRADES,0,,0,0.0,368,,0,0.0,,,,,OBSERVED_HITS_PER_ENTRY_CENSORED_OPEN_TRADES_NOT_ASSUMED_FAILED,False,0.0,NULL_WHEN_NO_TRADES_OR_NO_LOSSES,0,,0,False,True,True
bybit_240_60,HOLDOUT_SEGMENT_00,EXTERNAL,bybit,240,60,2024-12-29T00:00:00+00:00,2025-12-05T00:00:00+00:00,C_25_25_50_BE_TP1,"[0.25, 0.25, 0.5]",TP1,,,,,,0,,0,341,,0,0,INSUFFICIENT_SAMPLE,,0.0,UNION_ENTRY_BAR_START_TO_EXIT_INCLUDES_UNKNOWN_PRE_TOUCH_PART_OF_ENTRY_BAR,0.0,,1170,0,0,0,INSUFFICIENT_SAMPLE,1170,0,0,0,,0,0.0,0.0,,WITHHELD_BELOW_50_COMPARABLE_CLOSED_TRADES,0,0,,0,,WITHHELD_BELOW_90_DAILY_RETURNS_OR_30_CLOSED_TRADES,0,,0,0.0,368,,0,0.0,,,,,OBSERVED_HITS_PER_ENTRY_CENSORED_OPEN_TRADES_NOT_ASSUMED_FAILED,False,0.0,NULL_WHEN_NO_TRADES_OR_NO_LOSSES,0,,0,False,True,True
bybit_240_60,HOLDOUT_SEGMENT_00,EXTERNAL,bybit,240,60,2024-12-29T00:00:00+00:00,2025-12-05T00:00:00+00:00,D_25_35_40_BE_TP1,"[0.25, 0.35, 0.4]",TP1,,,,,,0,,0,341,,0,0,INSUFFICIENT_SAMPLE,,0.0,UNION_ENTRY_BAR_START_TO_EXIT_INCLUDES_UNKNOWN_PRE_TOUCH_PART_OF_ENTRY_BAR,0.0,,1170,0,0,0,INSUFFICIENT_SAMPLE,1170,0,0,0,,0,0.0,0.0,,WITHHELD_BELOW_50_COMPARABLE_CLOSED_TRADES,0,0,,0,,WITHHELD_BELOW_90_DAILY_RETURNS_OR_30_CLOSED_TRADES,0,,0,0.0,368,,0,0.0,,,,,OBSERVED_HITS_PER_ENTRY_CENSORED_OPEN_TRADES_NOT_ASSUMED_FAILED,False,0.0,NULL_WHEN_NO_TRADES_OR_NO_LOSSES,0,,0,False,True,True
bybit_240_60,HOLDOUT_SEGMENT_00,EXTERNAL,bybit,240,60,2024-12-29T00:00:00+00:00,2025-12-05T00:00:00+00:00,A_BE_LATER_CLOSE,"[0.4, 0.3, 0.3]",LATER_CLOSE,,,,,,0,,0,341,,0,0,INSUFFICIENT_SAMPLE,,0.0,UNION_ENTRY_BAR_START_TO_EXIT_INCLUDES_UNKNOWN_PRE_TOUCH_PART_OF_ENTRY_BAR,0.0,,1170,0,0,0,INSUFFICIENT_SAMPLE,1170,0,0,0,,0,0.0,0.0,,WITHHELD_BELOW_50_COMPARABLE_CLOSED_TRADES,0,0,,0,,WITHHELD_BELOW_90_DAILY_RETURNS_OR_30_CLOSED_TRADES,0,,0,0.0,368,,0,0.0,,,,,OBSERVED_HITS_PER_ENTRY_CENSORED_OPEN_TRADES_NOT_ASSUMED_FAILED,False,0.0,NULL_WHEN_NO_TRADES_OR_NO_LOSSES,0,,0,False,True,True
bybit_240_60,HOLDOUT_SEGMENT_00,EXTERNAL,bybit,240,60,2024-12-29T00:00:00+00:00,2025-12-05T00:00:00+00:00,A_ORIGINAL_SL_UNTIL_TP2,"[0.4, 0.3, 0.3]",TP2,,,,,,0,,0,341,,0,0,INSUFFICIENT_SAMPLE,,0.0,UNION_ENTRY_BAR_START_TO_EXIT_INCLUDES_UNKNOWN_PRE_TOUCH_PART_OF_ENTRY_BAR,0.0,,1170,0,0,0,INSUFFICIENT_SAMPLE,1170,0,0,0,,0,0.0,0.0,,WITHHELD_BELOW_50_COMPARABLE_CLOSED_TRADES,0,0,,0,,WITHHELD_BELOW_90_DAILY_RETURNS_OR_30_CLOSED_TRADES,0,,0,0.0,368,,0,0.0,,,,,OBSERVED_HITS_PER_ENTRY_CENSORED_OPEN_TRADES_NOT_ASSUMED_FAILED,False,0.0,NULL_WHEN_NO_TRADES_OR_NO_LOSSES,0,,0,False,True,True
bybit_240_60,HOLDOUT_SEGMENT_00,EXTERNAL,bybit,240,60,2024-12-29T00:00:00+00:00,2025-12-05T00:00:00+00:00,A_STRUCTURAL_AFTER_TP1,"[0.4, 0.3, 0.3]",STRUCTURAL,,,,,,0,,0,341,,0,0,INSUFFICIENT_SAMPLE,,0.0,UNION_ENTRY_BAR_START_TO_EXIT_INCLUDES_UNKNOWN_PRE_TOUCH_PART_OF_ENTRY_BAR,0.0,,1170,0,0,0,INSUFFICIENT_SAMPLE,1170,0,0,0,,0,0.0,0.0,,WITHHELD_BELOW_50_COMPARABLE_CLOSED_TRADES,0,0,,0,,WITHHELD_BELOW_90_DAILY_RETURNS_OR_30_CLOSED_TRADES,0,,0,0.0,368,,0,0.0,,,,,OBSERVED_HITS_PER_ENTRY_CENSORED_OPEN_TRADES_NOT_ASSUMED_FAILED,False,0.0,NULL_WHEN_NO_TRADES_OR_NO_LOSSES,0,,0,False,True,True
bybit_240_60,REFERENCE_SEGMENT_00,EXTERNAL,bybit,240,60,2021-04-08T00:00:00+00:00,2024-01-24T00:00:00+00:00,A_40_30_30_BE_TP1,"[0.4, 0.3, 0.3]",TP1,-1.0000000000000002,0.0,23.400000000000006,,0.0,0,,1,1021,,1,-23.399999999999864,INSUFFICIENT_SAMPLE,-23.400000000000006,4.080966372837088e-05,UNION_ENTRY_BAR_START_TO_EXIT_INCLUDES_UNKNOWN_PRE_TOUCH_PART_OF_ENTRY_BAR,4.046091152278212,,1146.6000000000001,-19.353908847721794,23.400000000000006,0,INSUFFICIENT_SAMPLE,1170,1,1,0,1.0,1,38124000.0,0.019999999999999882,-1.0000000000000002,WITHHELD_BELOW_50_COMPARABLE_CLOSED_TRADES,-23.400000000000006,0,,0,0.0,WITHHELD_BELOW_90_DAILY_RETURNS_OR_30_CLOSED_TRADES,2,0.5,-23.399999999999864,23.400000000000006,900,,0,1.3486963305509434,,0.0,0.0,0.0,OBSERVED_HITS_PER_ENTRY_CENSORED_OPEN_TRADES_NOT_ASSUMED_FAILED,False,0.029811459353574928,NULL_WHEN_NO_TRADES_OR_NO_LOSSES,0,0.0,0,True,True,True
bybit_240_60,REFERENCE_SEGMENT_00,EXTERNAL,bybit,240,60,2021-04-08T00:00:00+00:00,2024-01-24T00:00:00+00:00,B_30_30_40_BE_TP1,"[0.3, 0.3, 0.4]",TP1,-1.0000000000000002,0.0,23.400000000000006,,0.0,0,,1,1021,,1,-23.399999999999864,INSUFFICIENT_SAMPLE,-23.400000000000006,4.080966372837088e-05,UNION_ENTRY_BAR_START_TO_EXIT_INCLUDES_UNKNOWN_PRE_TOUCH_PART_OF_ENTRY_BAR,4.046091152278212,,1146.6000000000001,-19.353908847721794,23.400000000000006,0,INSUFFICIENT_SAMPLE,1170,1,1,0,1.0,1,38124000.0,0.019999999999999882,-1.0000000000000002,WITHHELD_BELOW_50_COMPARABLE_CLOSED_TRADES,-23.400000000000006,0,,0,0.0,WITHHELD_BELOW_90_DAILY_RETURNS_OR_30_CLOSED_TRADES,2,0.5,-23.399999999999864,23.400000000000006,900,,0,1.3486963305509434,,0.0,0.0,0.0,OBSERVED_HITS_PER_ENTRY_CENSORED_OPEN_TRADES_NOT_ASSUMED_FAILED,False,0.029811459353574928,NULL_WHEN_NO_TRADES_OR_NO_LOSSES,0,0.0,0,False,True,True
bybit_240_60,REFERENCE_SEGMENT_00,EXTERNAL,bybit,240,60,2021-04-08T00:00:00+00:00,2024-01-24T00:00:00+00:00,C_25_25_50_BE_TP1,"[0.25, 0.25, 0.5]",TP1,-1.0000000000000002,0.0,23.400000000000006,,0.0,0,,1,1021,,1,-23.399999999999864,INSUFFICIENT_SAMPLE,-23.400000000000006,4.080966372837088e-05,UNION_ENTRY_BAR_START_TO_EXIT_INCLUDES_UNKNOWN_PRE_TOUCH_PART_OF_ENTRY_BAR,4.046091152278212,,1146.6000000000001,-19.353908847721794,23.400000000000006,0,INSUFFICIENT_SAMPLE,1170,1,1,0,1.0,1,38124000.0,0.019999999999999882,-1.0000000000000002,WITHHELD_BELOW_50_COMPARABLE_CLOSED_TRADES,-23.400000000000006,0,,0,0.0,WITHHELD_BELOW_90_DAILY_RETURNS_OR_30_CLOSED_TRADES,2,0.5,-23.399999999999864,23.400000000000006,900,,0,1.3486963305509434,,0.0,0.0,0.0,OBSERVED_HITS_PER_ENTRY_CENSORED_OPEN_TRADES_NOT_ASSUMED_FAILED,False,0.029811459353574928,NULL_WHEN_NO_TRADES_OR_NO_LOSSES,0,0.0,0,False,True,True
bybit_240_60,REFERENCE_SEGMENT_00,EXTERNAL,bybit,240,60,2021-04-08T00:00:00+00:00,2024-01-24T00:00:00+00:00,D_25_35_40_BE_TP1,"[0.25, 0.35, 0.4]",TP1,-1.0000000000000002,0.0,23.400000000000006,,0.0,0,,1,1021,,1,-23.399999999999864,INSUFFICIENT_SAMPLE,-23.400000000000006,4.080966372837088e-05,UNION_ENTRY_BAR_START_TO_EXIT_INCLUDES_UNKNOWN_PRE_TOUCH_PART_OF_ENTRY_BAR,4.046091152278212,,1146.6000000000001,-19.353908847721794,23.400000000000006,0,INSUFFICIENT_SAMPLE,1170,1,1,0,1.0,1,38124000.0,0.019999999999999882,-1.0000000000000002,WITHHELD_BELOW_50_COMPARABLE_CLOSED_TRADES,-23.400000000000006,0,,0,0.0,WITHHELD_BELOW_90_DAILY_RETURNS_OR_30_CLOSED_TRADES,2,0.5,-23.399999999999864,23.400000000000006,900,,0,1.3486963305509434,,0.0,0.0,0.0,OBSERVED_HITS_PER_ENTRY_CENSORED_OPEN_TRADES_NOT_ASSUMED_FAILED,False,0.029811459353574928,NULL_WHEN_NO_TRADES_OR_NO_LOSSES,0,0.0,0,False,True,True
bybit_240_60,REFERENCE_SEGMENT_00,EXTERNAL,bybit,240,60,2021-04-08T00:00:00+00:00,2024-01-24T00:00:00+00:00,A_BE_LATER_CLOSE,"[0.4, 0.3, 0.3]",LATER_CLOSE,-1.0000000000000002,0.0,23.400000000000006,,0.0,0,,1,1021,,1,-23.399999999999864,INSUFFICIENT_SAMPLE,-23.400000000000006,4.080966372837088e-05,UNION_ENTRY_BAR_START_TO_EXIT_INCLUDES_UNKNOWN_PRE_TOUCH_PART_OF_ENTRY_BAR,4.046091152278212,,1146.6000000000001,-19.353908847721794,23.400000000000006,0,INSUFFICIENT_SAMPLE,1170,1,1,0,1.0,1,38124000.0,0.019999999999999882,-1.0000000000000002,WITHHELD_BELOW_50_COMPARABLE_CLOSED_TRADES,-23.400000000000006,0,,0,0.0,WITHHELD_BELOW_90_DAILY_RETURNS_OR_30_CLOSED_TRADES,2,0.5,-23.399999999999864,23.400000000000006,900,,0,1.3486963305509434,,0.0,0.0,0.0,OBSERVED_HITS_PER_ENTRY_CENSORED_OPEN_TRADES_NOT_ASSUMED_FAILED,False,0.029811459353574928,NULL_WHEN_NO_TRADES_OR_NO_LOSSES,0,0.0,0,False,True,True
bybit_240_60,REFERENCE_SEGMENT_00,EXTERNAL,bybit,240,60,2021-04-08T00:00:00+00:00,2024-01-24T00:00:00+00:00,A_ORIGINAL_SL_UNTIL_TP2,"[0.4, 0.3, 0.3]",TP2,-1.0000000000000002,0.0,23.400000000000006,,0.0,0,,1,1021,,1,-23.399999999999864,INSUFFICIENT_SAMPLE,-23.400000000000006,4.080966372837088e-05,UNION_ENTRY_BAR_START_TO_EXIT_INCLUDES_UNKNOWN_PRE_TOUCH_PART_OF_ENTRY_BAR,4.046091152278212,,1146.6000000000001,-19.353908847721794,23.400000000000006,0,INSUFFICIENT_SAMPLE,1170,1,1,0,1.0,1,38124000.0,0.019999999999999882,-1.0000000000000002,WITHHELD_BELOW_50_COMPARABLE_CLOSED_TRADES,-23.400000000000006,0,,0,0.0,WITHHELD_BELOW_90_DAILY_RETURNS_OR_30_CLOSED_TRADES,2,0.5,-23.399999999999864,23.400000000000006,900,,0,1.3486963305509434,,0.0,0.0,0.0,OBSERVED_HITS_PER_ENTRY_CENSORED_OPEN_TRADES_NOT_ASSUMED_FAILED,False,0.029811459353574928,NULL_WHEN_NO_TRADES_OR_NO_LOSSES,0,0.0,0,False,True,True
bybit_240_60,REFERENCE_SEGMENT_00,EXTERNAL,bybit,240,60,2021-04-08T00:00:00+00:00,2024-01-24T00:00:00+00:00,A_STRUCTURAL_AFTER_TP1,"[0.4, 0.3, 0.3]",STRUCTURAL,-1.0000000000000002,0.0,23.400000000000006,,0.0,0,,1,1021,,1,-23.399999999999864,INSUFFICIENT_SAMPLE,-23.400000000000006,4.080966372837088e-05,UNION_ENTRY_BAR_START_TO_EXIT_INCLUDES_UNKNOWN_PRE_TOUCH_PART_OF_ENTRY_BAR,4.046091152278212,,1146.6000000000001,-19.353908847721794,23.400000000000006,0,INSUFFICIENT_SAMPLE,1170,1,1,0,1.0,1,38124000.0,0.019999999999999882,-1.0000000000000002,WITHHELD_BELOW_50_COMPARABLE_CLOSED_TRADES,-23.400000000000006,0,,0,0.0,WITHHELD_BELOW_90_DAILY_RETURNS_OR_30_CLOSED_TRADES,2,0.5,-23.399999999999864,23.400000000000006,900,,0,1.3486963305509434,,0.0,0.0,0.0,OBSERVED_HITS_PER_ENTRY_CENSORED_OPEN_TRADES_NOT_ASSUMED_FAILED,False,0.029811459353574928,NULL_WHEN_NO_TRADES_OR_NO_LOSSES,0,0.0,0,False,True,True
bybit_240_60,VALIDATION_SEGMENT_00,EXTERNAL,bybit,240,60,2024-01-24T00:00:00+00:00,2024-12-29T00:00:00+00:00,A_40_30_30_BE_TP1,"[0.4, 0.3, 0.3]",TP1,,,,,,0,,0,340,,0,0,INSUFFICIENT_SAMPLE,,0.0,UNION_ENTRY_BAR_START_TO_EXIT_INCLUDES_UNKNOWN_PRE_TOUCH_PART_OF_ENTRY_BAR,0.0,,1170,0,0,0,INSUFFICIENT_SAMPLE,1170,0,0,0,,0,0.0,0.0,,WITHHELD_BELOW_50_COMPARABLE_CLOSED_TRADES,0,0,,0,,WITHHELD_BELOW_90_DAILY_RETURNS_OR_30_CLOSED_TRADES,0,,0,0.0,390,,0,0.0,,,,,OBSERVED_HITS_PER_ENTRY_CENSORED_OPEN_TRADES_NOT_ASSUMED_FAILED,False,0.0,NULL_WHEN_NO_TRADES_OR_NO_LOSSES,0,,0,True,True,True
bybit_240_60,VALIDATION_SEGMENT_00,EXTERNAL,bybit,240,60,2024-01-24T00:00:00+00:00,2024-12-29T00:00:00+00:00,B_30_30_40_BE_TP1,"[0.3, 0.3, 0.4]",TP1,,,,,,0,,0,340,,0,0,INSUFFICIENT_SAMPLE,,0.0,UNION_ENTRY_BAR_START_TO_EXIT_INCLUDES_UNKNOWN_PRE_TOUCH_PART_OF_ENTRY_BAR,0.0,,1170,0,0,0,INSUFFICIENT_SAMPLE,1170,0,0,0,,0,0.0,0.0,,WITHHELD_BELOW_50_COMPARABLE_CLOSED_TRADES,0,0,,0,,WITHHELD_BELOW_90_DAILY_RETURNS_OR_30_CLOSED_TRADES,0,,0,0.0,390,,0,0.0,,,,,OBSERVED_HITS_PER_ENTRY_CENSORED_OPEN_TRADES_NOT_ASSUMED_FAILED,False,0.0,NULL_WHEN_NO_TRADES_OR_NO_LOSSES,0,,0,False,True,True
bybit_240_60,VALIDATION_SEGMENT_00,EXTERNAL,bybit,240,60,2024-01-24T00:00:00+00:00,2024-12-29T00:00:00+00:00,C_25_25_50_BE_TP1,"[0.25, 0.25, 0.5]",TP1,,,,,,0,,0,340,,0,0,INSUFFICIENT_SAMPLE,,0.0,UNION_ENTRY_BAR_START_TO_EXIT_INCLUDES_UNKNOWN_PRE_TOUCH_PART_OF_ENTRY_BAR,0.0,,1170,0,0,0,INSUFFICIENT_SAMPLE,1170,0,0,0,,0,0.0,0.0,,WITHHELD_BELOW_50_COMPARABLE_CLOSED_TRADES,0,0,,0,,WITHHELD_BELOW_90_DAILY_RETURNS_OR_30_CLOSED_TRADES,0,,0,0.0,390,,0,0.0,,,,,OBSERVED_HITS_PER_ENTRY_CENSORED_OPEN_TRADES_NOT_ASSUMED_FAILED,False,0.0,NULL_WHEN_NO_TRADES_OR_NO_LOSSES,0,,0,False,True,True
bybit_240_60,VALIDATION_SEGMENT_00,EXTERNAL,bybit,240,60,2024-01-24T00:00:00+00:00,2024-12-29T00:00:00+00:00,D_25_35_40_BE_TP1,"[0.25, 0.35, 0.4]",TP1,,,,,,0,,0,340,,0,0,INSUFFICIENT_SAMPLE,,0.0,UNION_ENTRY_BAR_START_TO_EXIT_INCLUDES_UNKNOWN_PRE_TOUCH_PART_OF_ENTRY_BAR,0.0,,1170,0,0,0,INSUFFICIENT_SAMPLE,1170,0,0,0,,0,0.0,0.0,,WITHHELD_BELOW_50_COMPARABLE_CLOSED_TRADES,0,0,,0,,WITHHELD_BELOW_90_DAILY_RETURNS_OR_30_CLOSED_TRADES,0,,0,0.0,390,,0,0.0,,,,,OBSERVED_HITS_PER_ENTRY_CENSORED_OPEN_TRADES_NOT_ASSUMED_FAILED,False,0.0,NULL_WHEN_NO_TRADES_OR_NO_LOSSES,0,,0,False,True,True
bybit_240_60,VALIDATION_SEGMENT_00,EXTERNAL,bybit,240,60,2024-01-24T00:00:00+00:00,2024-12-29T00:00:00+00:00,A_BE_LATER_CLOSE,"[0.4, 0.3, 0.3]",LATER_CLOSE,,,,,,0,,0,340,,0,0,INSUFFICIENT_SAMPLE,,0.0,UNION_ENTRY_BAR_START_TO_EXIT_INCLUDES_UNKNOWN_PRE_TOUCH_PART_OF_ENTRY_BAR,0.0,,1170,0,0,0,INSUFFICIENT_SAMPLE,1170,0,0,0,,0,0.0,0.0,,WITHHELD_BELOW_50_COMPARABLE_CLOSED_TRADES,0,0,,0,,WITHHELD_BELOW_90_DAILY_RETURNS_OR_30_CLOSED_TRADES,0,,0,0.0,390,,0,0.0,,,,,OBSERVED_HITS_PER_ENTRY_CENSORED_OPEN_TRADES_NOT_ASSUMED_FAILED,False,0.0,NULL_WHEN_NO_TRADES_OR_NO_LOSSES,0,,0,False,True,True
bybit_240_60,VALIDATION_SEGMENT_00,EXTERNAL,bybit,240,60,2024-01-24T00:00:00+00:00,2024-12-29T00:00:00+00:00,A_ORIGINAL_SL_UNTIL_TP2,"[0.4, 0.3, 0.3]",TP2,,,,,,0,,0,340,,0,0,INSUFFICIENT_SAMPLE,,0.0,UNION_ENTRY_BAR_START_TO_EXIT_INCLUDES_UNKNOWN_PRE_TOUCH_PART_OF_ENTRY_BAR,0.0,,1170,0,0,0,INSUFFICIENT_SAMPLE,1170,0,0,0,,0,0.0,0.0,,WITHHELD_BELOW_50_COMPARABLE_CLOSED_TRADES,0,0,,0,,WITHHELD_BELOW_90_DAILY_RETURNS_OR_30_CLOSED_TRADES,0,,0,0.0,390,,0,0.0,,,,,OBSERVED_HITS_PER_ENTRY_CENSORED_OPEN_TRADES_NOT_ASSUMED_FAILED,False,0.0,NULL_WHEN_NO_TRADES_OR_NO_LOSSES,0,,0,False,True,True
bybit_240_60,VALIDATION_SEGMENT_00,EXTERNAL,bybit,240,60,2024-01-24T00:00:00+00:00,2024-12-29T00:00:00+00:00,A_STRUCTURAL_AFTER_TP1,"[0.4, 0.3, 0.3]",STRUCTURAL,,,,,,0,,0,340,,0,0,INSUFFICIENT_SAMPLE,,0.0,UNION_ENTRY_BAR_START_TO_EXIT_INCLUDES_UNKNOWN_PRE_TOUCH_PART_OF_ENTRY_BAR,0.0,,1170,0,0,0,INSUFFICIENT_SAMPLE,1170,0,0,0,,0,0.0,0.0,,WITHHELD_BELOW_50_COMPARABLE_CLOSED_TRADES,0,0,,0,,WITHHELD_BELOW_90_DAILY_RETURNS_OR_30_CLOSED_TRADES,0,,0,0.0,390,,0,0.0,,,,,OBSERVED_HITS_PER_ENTRY_CENSORED_OPEN_TRADES_NOT_ASSUMED_FAILED,False,0.0,NULL_WHEN_NO_TRADES_OR_NO_LOSSES,0,,0,False,True,True
bybit_60_15,HOLDOUT_SEGMENT_00,EXTERNAL,bybit,60,15,2024-12-29T00:00:00+00:00,2025-12-05T00:00:00+00:00,A_40_30_30_BE_TP1,"[0.4, 0.3, 0.3]",TP1,-1.0,13500.0,23.400000000000002,,0.0,0,,1,341,,1,-23.40000000000009,INSUFFICIENT_SAMPLE,-23.400000000000002,0.0004887585532746823,UNION_ENTRY_BAR_START_TO_EXIT_INCLUDES_UNKNOWN_PRE_TOUCH_PART_OF_ENTRY_BAR,4.05572492931438,,1146.6,-19.344275070685622,23.400000000000002,0,INSUFFICIENT_SAMPLE,1170,1,1,0,1.0,1,24540300.0,0.06782828412810718,-1.0,WITHHELD_BELOW_50_COMPARABLE_CLOSED_TRADES,-23.400000000000002,0,,0,0.0,WITHHELD_BELOW_90_DAILY_RETURNS_OR_30_CLOSED_TRADES,5,0.2,-23.40000000000009,23.400000000000002,1449,,0,1.3519075900767354,,0.0,0.0,0.0,OBSERVED_HITS_PER_ENTRY_CENSORED_OPEN_TRADES_NOT_ASSUMED_FAILED,False,0.08925953079178886,NULL_WHEN_NO_TRADES_OR_NO_LOSSES,0,0.0,0,True,True,True
bybit_60_15,HOLDOUT_SEGMENT_00,EXTERNAL,bybit,60,15,2024-12-29T00:00:00+00:00,2025-12-05T00:00:00+00:00,B_30_30_40_BE_TP1,"[0.3, 0.3, 0.4]",TP1,-1.0,13500.0,23.400000000000002,,0.0,0,,1,341,,1,-23.40000000000009,INSUFFICIENT_SAMPLE,-23.400000000000002,0.0004887585532746823,UNION_ENTRY_BAR_START_TO_EXIT_INCLUDES_UNKNOWN_PRE_TOUCH_PART_OF_ENTRY_BAR,4.05572492931438,,1146.6,-19.344275070685622,23.400000000000002,0,INSUFFICIENT_SAMPLE,1170,1,1,0,1.0,1,24540300.0,0.06782828412810718,-1.0,WITHHELD_BELOW_50_COMPARABLE_CLOSED_TRADES,-23.400000000000002,0,,0,0.0,WITHHELD_BELOW_90_DAILY_RETURNS_OR_30_CLOSED_TRADES,5,0.2,-23.40000000000009,23.400000000000002,1449,,0,1.3519075900767354,,0.0,0.0,0.0,OBSERVED_HITS_PER_ENTRY_CENSORED_OPEN_TRADES_NOT_ASSUMED_FAILED,False,0.08925953079178886,NULL_WHEN_NO_TRADES_OR_NO_LOSSES,0,0.0,0,False,True,True
bybit_60_15,HOLDOUT_SEGMENT_00,EXTERNAL,bybit,60,15,2024-12-29T00:00:00+00:00,2025-12-05T00:00:00+00:00,C_25_25_50_BE_TP1,"[0.25, 0.25, 0.5]",TP1,-1.0,13500.0,23.400000000000002,,0.0,0,,1,341,,1,-23.40000000000009,INSUFFICIENT_SAMPLE,-23.400000000000002,0.0004887585532746823,UNION_ENTRY_BAR_START_TO_EXIT_INCLUDES_UNKNOWN_PRE_TOUCH_PART_OF_ENTRY_BAR,4.05572492931438,,1146.6,-19.344275070685622,23.400000000000002,0,INSUFFICIENT_SAMPLE,1170,1,1,0,1.0,1,24540300.0,0.06782828412810718,-1.0,WITHHELD_BELOW_50_COMPARABLE_CLOSED_TRADES,-23.400000000000002,0,,0,0.0,WITHHELD_BELOW_90_DAILY_RETURNS_OR_30_CLOSED_TRADES,5,0.2,-23.40000000000009,23.400000000000002,1449,,0,1.3519075900767354,,0.0,0.0,0.0,OBSERVED_HITS_PER_ENTRY_CENSORED_OPEN_TRADES_NOT_ASSUMED_FAILED,False,0.08925953079178886,NULL_WHEN_NO_TRADES_OR_NO_LOSSES,0,0.0,0,False,True,True
bybit_60_15,HOLDOUT_SEGMENT_00,EXTERNAL,bybit,60,15,2024-12-29T00:00:00+00:00,2025-12-05T00:00:00+00:00,D_25_35_40_BE_TP1,"[0.25, 0.35, 0.4]",TP1,-1.0,13500.0,23.400000000000002,,0.0,0,,1,341,,1,-23.40000000000009,INSUFFICIENT_SAMPLE,-23.400000000000002,0.0004887585532746823,UNION_ENTRY_BAR_START_TO_EXIT_INCLUDES_UNKNOWN_PRE_TOUCH_PART_OF_ENTRY_BAR,4.05572492931438,,1146.6,-19.344275070685622,23.400000000000002,0,INSUFFICIENT_SAMPLE,1170,1,1,0,1.0,1,24540300.0,0.06782828412810718,-1.0,WITHHELD_BELOW_50_COMPARABLE_CLOSED_TRADES,-23.400000000000002,0,,0,0.0,WITHHELD_BELOW_90_DAILY_RETURNS_OR_30_CLOSED_TRADES,5,0.2,-23.40000000000009,23.400000000000002,1449,,0,1.3519075900767354,,0.0,0.0,0.0,OBSERVED_HITS_PER_ENTRY_CENSORED_OPEN_TRADES_NOT_ASSUMED_FAILED,False,0.08925953079178886,NULL_WHEN_NO_TRADES_OR_NO_LOSSES,0,0.0,0,False,True,True
bybit_60_15,HOLDOUT_SEGMENT_00,EXTERNAL,bybit,60,15,2024-12-29T00:00:00+00:00,2025-12-05T00:00:00+00:00,A_BE_LATER_CLOSE,"[0.4, 0.3, 0.3]",LATER_CLOSE,-1.0,13500.0,23.400000000000002,,0.0,0,,1,341,,1,-23.40000000000009,INSUFFICIENT_SAMPLE,-23.400000000000002,0.0004887585532746823,UNION_ENTRY_BAR_START_TO_EXIT_INCLUDES_UNKNOWN_PRE_TOUCH_PART_OF_ENTRY_BAR,4.05572492931438,,1146.6,-19.344275070685622,23.400000000000002,0,INSUFFICIENT_SAMPLE,1170,1,1,0,1.0,1,24540300.0,0.06782828412810718,-1.0,WITHHELD_BELOW_50_COMPARABLE_CLOSED_TRADES,-23.400000000000002,0,,0,0.0,WITHHELD_BELOW_90_DAILY_RETURNS_OR_30_CLOSED_TRADES,5,0.2,-23.40000000000009,23.400000000000002,1449,,0,1.3519075900767354,,0.0,0.0,0.0,OBSERVED_HITS_PER_ENTRY_CENSORED_OPEN_TRADES_NOT_ASSUMED_FAILED,False,0.08925953079178886,NULL_WHEN_NO_TRADES_OR_NO_LOSSES,0,0.0,0,False,True,True
bybit_60_15,HOLDOUT_SEGMENT_00,EXTERNAL,bybit,60,15,2024-12-29T00:00:00+00:00,2025-12-05T00:00:00+00:00,A_ORIGINAL_SL_UNTIL_TP2,"[0.4, 0.3, 0.3]",TP2,-1.0,13500.0,23.400000000000002,,0.0,0,,1,341,,1,-23.40000000000009,INSUFFICIENT_SAMPLE,-23.400000000000002,0.0004887585532746823,UNION_ENTRY_BAR_START_TO_EXIT_INCLUDES_UNKNOWN_PRE_TOUCH_PART_OF_ENTRY_BAR,4.05572492931438,,1146.6,-19.344275070685622,23.400000000000002,0,INSUFFICIENT_SAMPLE,1170,1,1,0,1.0,1,24540300.0,0.06782828412810718,-1.0,WITHHELD_BELOW_50_COMPARABLE_CLOSED_TRADES,-23.400000000000002,0,,0,0.0,WITHHELD_BELOW_90_DAILY_RETURNS_OR_30_CLOSED_TRADES,5,0.2,-23.40000000000009,23.400000000000002,1449,,0,1.3519075900767354,,0.0,0.0,0.0,OBSERVED_HITS_PER_ENTRY_CENSORED_OPEN_TRADES_NOT_ASSUMED_FAILED,False,0.08925953079178886,NULL_WHEN_NO_TRADES_OR_NO_LOSSES,0,0.0,0,False,True,True
bybit_60_15,HOLDOUT_SEGMENT_00,EXTERNAL,bybit,60,15,2024-12-29T00:00:00+00:00,2025-12-05T00:00:00+00:00,A_STRUCTURAL_AFTER_TP1,"[0.4, 0.3, 0.3]",STRUCTURAL,-1.0,13500.0,23.400000000000002,,0.0,0,,1,341,,1,-23.40000000000009,INSUFFICIENT_SAMPLE,-23.400000000000002,0.0004887585532746823,UNION_ENTRY_BAR_START_TO_EXIT_INCLUDES_UNKNOWN_PRE_TOUCH_PART_OF_ENTRY_BAR,4.05572492931438,,1146.6,-19.344275070685622,23.400000000000002,0,INSUFFICIENT_SAMPLE,1170,1,1,0,1.0,1,24540300.0,0.06782828412810718,-1.0,WITHHELD_BELOW_50_COMPARABLE_CLOSED_TRADES,-23.400000000000002,0,,0,0.0,WITHHELD_BELOW_90_DAILY_RETURNS_OR_30_CLOSED_TRADES,5,0.2,-23.40000000000009,23.400000000000002,1449,,0,1.3519075900767354,,0.0,0.0,0.0,OBSERVED_HITS_PER_ENTRY_CENSORED_OPEN_TRADES_NOT_ASSUMED_FAILED,False,0.08925953079178886,NULL_WHEN_NO_TRADES_OR_NO_LOSSES,0,0.0,0,False,True,True
bybit_60_15,REFERENCE_SEGMENT_00,EXTERNAL,bybit,60,15,2021-04-08T00:00:00+00:00,2024-01-24T00:00:00+00:00,A_40_30_30_BE_TP1,"[0.4, 0.3, 0.3]",TP1,-0.9999999999999999,5400.0,23.4,,0.0,0,,1,1021,,1,-23.399999999999864,INSUFFICIENT_SAMPLE,-23.4,7.141691152464904e-05,UNION_ENTRY_BAR_START_TO_EXIT_INCLUDES_UNKNOWN_PRE_TOUCH_PART_OF_ENTRY_BAR,0.5242125375357671,,1146.6000000000001,-22.875787462464235,23.4,0,INSUFFICIENT_SAMPLE,1170,1,1,0,1.0,1,81690300.0,0.019999999999999882,-0.9999999999999999,WITHHELD_BELOW_50_COMPARABLE_CLOSED_TRADES,-23.4,0,,0,0.0,WITHHELD_BELOW_90_DAILY_RETURNS_OR_30_CLOSED_TRADES,2,0.5,-23.399999999999864,23.4,3651,,0,0.174736604469891,,0.0,0.0,0.0,OBSERVED_HITS_PER_ENTRY_CENSORED_OPEN_TRADES_NOT_ASSUMED_FAILED,False,0.029811459353574928,NULL_WHEN_NO_TRADES_OR_NO_LOSSES,0,0.0,0,True,True,True
bybit_60_15,REFERENCE_SEGMENT_00,EXTERNAL,bybit,60,15,2021-04-08T00:00:00+00:00,2024-01-24T00:00:00+00:00,B_30_30_40_BE_TP1,"[0.3, 0.3, 0.4]",TP1,-0.9999999999999999,5400.0,23.4,,0.0,0,,1,1021,,1,-23.399999999999864,INSUFFICIENT_SAMPLE,-23.4,7.141691152464904e-05,UNION_ENTRY_BAR_START_TO_EXIT_INCLUDES_UNKNOWN_PRE_TOUCH_PART_OF_ENTRY_BAR,0.5242125375357671,,1146.6000000000001,-22.875787462464235,23.4,0,INSUFFICIENT_SAMPLE,1170,1,1,0,1.0,1,81690300.0,0.019999999999999882,-0.9999999999999999,WITHHELD_BELOW_50_COMPARABLE_CLOSED_TRADES,-23.4,0,,0,0.0,WITHHELD_BELOW_90_DAILY_RETURNS_OR_30_CLOSED_TRADES,2,0.5,-23.399999999999864,23.4,3651,,0,0.174736604469891,,0.0,0.0,0.0,OBSERVED_HITS_PER_ENTRY_CENSORED_OPEN_TRADES_NOT_ASSUMED_FAILED,False,0.029811459353574928,NULL_WHEN_NO_TRADES_OR_NO_LOSSES,0,0.0,0,False,True,True
bybit_60_15,REFERENCE_SEGMENT_00,EXTERNAL,bybit,60,15,2021-04-08T00:00:00+00:00,2024-01-24T00:00:00+00:00,C_25_25_50_BE_TP1,"[0.25, 0.25, 0.5]",TP1,-0.9999999999999999,5400.0,23.4,,0.0,0,,1,1021,,1,-23.399999999999864,INSUFFICIENT_SAMPLE,-23.4,7.141691152464904e-05,UNION_ENTRY_BAR_START_TO_EXIT_INCLUDES_UNKNOWN_PRE_TOUCH_PART_OF_ENTRY_BAR,0.5242125375357671,,1146.6000000000001,-22.875787462464235,23.4,0,INSUFFICIENT_SAMPLE,1170,1,1,0,1.0,1,81690300.0,0.019999999999999882,-0.9999999999999999,WITHHELD_BELOW_50_COMPARABLE_CLOSED_TRADES,-23.4,0,,0,0.0,WITHHELD_BELOW_90_DAILY_RETURNS_OR_30_CLOSED_TRADES,2,0.5,-23.399999999999864,23.4,3651,,0,0.174736604469891,,0.0,0.0,0.0,OBSERVED_HITS_PER_ENTRY_CENSORED_OPEN_TRADES_NOT_ASSUMED_FAILED,False,0.029811459353574928,NULL_WHEN_NO_TRADES_OR_NO_LOSSES,0,0.0,0,False,True,True
bybit_60_15,REFERENCE_SEGMENT_00,EXTERNAL,bybit,60,15,2021-04-08T00:00:00+00:00,2024-01-24T00:00:00+00:00,D_25_35_40_BE_TP1,"[0.25, 0.35, 0.4]",TP1,-0.9999999999999999,5400.0,23.4,,0.0,0,,1,1021,,1,-23.399999999999864,INSUFFICIENT_SAMPLE,-23.4,7.141691152464904e-05,UNION_ENTRY_BAR_START_TO_EXIT_INCLUDES_UNKNOWN_PRE_TOUCH_PART_OF_ENTRY_BAR,0.5242125375357671,,1146.6000000000001,-22.875787462464235,23.4,0,INSUFFICIENT_SAMPLE,1170,1,1,0,1.0,1,81690300.0,0.019999999999999882,-0.9999999999999999,WITHHELD_BELOW_50_COMPARABLE_CLOSED_TRADES,-23.4,0,,0,0.0,WITHHELD_BELOW_90_DAILY_RETURNS_OR_30_CLOSED_TRADES,2,0.5,-23.399999999999864,23.4,3651,,0,0.174736604469891,,0.0,0.0,0.0,OBSERVED_HITS_PER_ENTRY_CENSORED_OPEN_TRADES_NOT_ASSUMED_FAILED,False,0.029811459353574928,NULL_WHEN_NO_TRADES_OR_NO_LOSSES,0,0.0,0,False,True,True
bybit_60_15,REFERENCE_SEGMENT_00,EXTERNAL,bybit,60,15,2021-04-08T00:00:00+00:00,2024-01-24T00:00:00+00:00,A_BE_LATER_CLOSE,"[0.4, 0.3, 0.3]",LATER_CLOSE,-0.9999999999999999,5400.0,23.4,,0.0,0,,1,1021,,1,-23.399999999999864,INSUFFICIENT_SAMPLE,-23.4,7.141691152464904e-05,UNION_ENTRY_BAR_START_TO_EXIT_INCLUDES_UNKNOWN_PRE_TOUCH_PART_OF_ENTRY_BAR,0.5242125375357671,,1146.6000000000001,-22.875787462464235,23.4,0,INSUFFICIENT_SAMPLE,1170,1,1,0,1.0,1,81690300.0,0.019999999999999882,-0.9999999999999999,WITHHELD_BELOW_50_COMPARABLE_CLOSED_TRADES,-23.4,0,,0,0.0,WITHHELD_BELOW_90_DAILY_RETURNS_OR_30_CLOSED_TRADES,2,0.5,-23.399999999999864,23.4,3651,,0,0.174736604469891,,0.0,0.0,0.0,OBSERVED_HITS_PER_ENTRY_CENSORED_OPEN_TRADES_NOT_ASSUMED_FAILED,False,0.029811459353574928,NULL_WHEN_NO_TRADES_OR_NO_LOSSES,0,0.0,0,False,True,True
bybit_60_15,REFERENCE_SEGMENT_00,EXTERNAL,bybit,60,15,2021-04-08T00:00:00+00:00,2024-01-24T00:00:00+00:00,A_ORIGINAL_SL_UNTIL_TP2,"[0.4, 0.3, 0.3]",TP2,-0.9999999999999999,5400.0,23.4,,0.0,0,,1,1021,,1,-23.399999999999864,INSUFFICIENT_SAMPLE,-23.4,7.141691152464904e-05,UNION_ENTRY_BAR_START_TO_EXIT_INCLUDES_UNKNOWN_PRE_TOUCH_PART_OF_ENTRY_BAR,0.5242125375357671,,1146.6000000000001,-22.875787462464235,23.4,0,INSUFFICIENT_SAMPLE,1170,1,1,0,1.0,1,81690300.0,0.019999999999999882,-0.9999999999999999,WITHHELD_BELOW_50_COMPARABLE_CLOSED_TRADES,-23.4,0,,0,0.0,WITHHELD_BELOW_90_DAILY_RETURNS_OR_30_CLOSED_TRADES,2,0.5,-23.399999999999864,23.4,3651,,0,0.174736604469891,,0.0,0.0,0.0,OBSERVED_HITS_PER_ENTRY_CENSORED_OPEN_TRADES_NOT_ASSUMED_FAILED,False,0.029811459353574928,NULL_WHEN_NO_TRADES_OR_NO_LOSSES,0,0.0,0,False,True,True
bybit_60_15,REFERENCE_SEGMENT_00,EXTERNAL,bybit,60,15,2021-04-08T00:00:00+00:00,2024-01-24T00:00:00+00:00,A_STRUCTURAL_AFTER_TP1,"[0.4, 0.3, 0.3]",STRUCTURAL,-0.9999999999999999,5400.0,23.4,,0.0,0,,1,1021,,1,-23.399999999999864,INSUFFICIENT_SAMPLE,-23.4,7.141691152464904e-05,UNION_ENTRY_BAR_START_TO_EXIT_INCLUDES_UNKNOWN_PRE_TOUCH_PART_OF_ENTRY_BAR,0.5242125375357671,,1146.6000000000001,-22.875787462464235,23.4,0,INSUFFICIENT_SAMPLE,1170,1,1,0,1.0,1,81690300.0,0.019999999999999882,-0.9999999999999999,WITHHELD_BELOW_50_COMPARABLE_CLOSED_TRADES,-23.4,0,,0,0.0,WITHHELD_BELOW_90_DAILY_RETURNS_OR_30_CLOSED_TRADES,2,0.5,-23.399999999999864,23.4,3651,,0,0.174736604469891,,0.0,0.0,0.0,OBSERVED_HITS_PER_ENTRY_CENSORED_OPEN_TRADES_NOT_ASSUMED_FAILED,False,0.029811459353574928,NULL_WHEN_NO_TRADES_OR_NO_LOSSES,0,0.0,0,False,True,True
bybit_60_15,VALIDATION_SEGMENT_00,EXTERNAL,bybit,60,15,2024-01-24T00:00:00+00:00,2024-12-29T00:00:00+00:00,A_40_30_30_BE_TP1,"[0.4, 0.3, 0.3]",TP1,,,,,,0,,0,340,,0,0,INSUFFICIENT_SAMPLE,,0.0,UNION_ENTRY_BAR_START_TO_EXIT_INCLUDES_UNKNOWN_PRE_TOUCH_PART_OF_ENTRY_BAR,0.0,,1170,0,0,0,INSUFFICIENT_SAMPLE,1170,0,0,0,,0,0.0,0.0,,WITHHELD_BELOW_50_COMPARABLE_CLOSED_TRADES,0,0,,0,,WITHHELD_BELOW_90_DAILY_RETURNS_OR_30_CLOSED_TRADES,2,0.0,0,0.0,1468,,0,0.0,,,,,OBSERVED_HITS_PER_ENTRY_CENSORED_OPEN_TRADES_NOT_ASSUMED_FAILED,False,0.0,NULL_WHEN_NO_TRADES_OR_NO_LOSSES,0,,0,True,True,True
bybit_60_15,VALIDATION_SEGMENT_00,EXTERNAL,bybit,60,15,2024-01-24T00:00:00+00:00,2024-12-29T00:00:00+00:00,B_30_30_40_BE_TP1,"[0.3, 0.3, 0.4]",TP1,,,,,,0,,0,340,,0,0,INSUFFICIENT_SAMPLE,,0.0,UNION_ENTRY_BAR_START_TO_EXIT_INCLUDES_UNKNOWN_PRE_TOUCH_PART_OF_ENTRY_BAR,0.0,,1170,0,0,0,INSUFFICIENT_SAMPLE,1170,0,0,0,,0,0.0,0.0,,WITHHELD_BELOW_50_COMPARABLE_CLOSED_TRADES,0,0,,0,,WITHHELD_BELOW_90_DAILY_RETURNS_OR_30_CLOSED_TRADES,2,0.0,0,0.0,1468,,0,0.0,,,,,OBSERVED_HITS_PER_ENTRY_CENSORED_OPEN_TRADES_NOT_ASSUMED_FAILED,False,0.0,NULL_WHEN_NO_TRADES_OR_NO_LOSSES,0,,0,False,True,True
bybit_60_15,VALIDATION_SEGMENT_00,EXTERNAL,bybit,60,15,2024-01-24T00:00:00+00:00,2024-12-29T00:00:00+00:00,C_25_25_50_BE_TP1,"[0.25, 0.25, 0.5]",TP1,,,,,,0,,0,340,,0,0,INSUFFICIENT_SAMPLE,,0.0,UNION_ENTRY_BAR_START_TO_EXIT_INCLUDES_UNKNOWN_PRE_TOUCH_PART_OF_ENTRY_BAR,0.0,,1170,0,0,0,INSUFFICIENT_SAMPLE,1170,0,0,0,,0,0.0,0.0,,WITHHELD_BELOW_50_COMPARABLE_CLOSED_TRADES,0,0,,0,,WITHHELD_BELOW_90_DAILY_RETURNS_OR_30_CLOSED_TRADES,2,0.0,0,0.0,1468,,0,0.0,,,,,OBSERVED_HITS_PER_ENTRY_CENSORED_OPEN_TRADES_NOT_ASSUMED_FAILED,False,0.0,NULL_WHEN_NO_TRADES_OR_NO_LOSSES,0,,0,False,True,True
bybit_60_15,VALIDATION_SEGMENT_00,EXTERNAL,bybit,60,15,2024-01-24T00:00:00+00:00,2024-12-29T00:00:00+00:00,D_25_35_40_BE_TP1,"[0.25, 0.35, 0.4]",TP1,,,,,,0,,0,340,,0,0,INSUFFICIENT_SAMPLE,,0.0,UNION_ENTRY_BAR_START_TO_EXIT_INCLUDES_UNKNOWN_PRE_TOUCH_PART_OF_ENTRY_BAR,0.0,,1170,0,0,0,INSUFFICIENT_SAMPLE,1170,0,0,0,,0,0.0,0.0,,WITHHELD_BELOW_50_COMPARABLE_CLOSED_TRADES,0,0,,0,,WITHHELD_BELOW_90_DAILY_RETURNS_OR_30_CLOSED_TRADES,2,0.0,0,0.0,1468,,0,0.0,,,,,OBSERVED_HITS_PER_ENTRY_CENSORED_OPEN_TRADES_NOT_ASSUMED_FAILED,False,0.0,NULL_WHEN_NO_TRADES_OR_NO_LOSSES,0,,0,False,True,True
bybit_60_15,VALIDATION_SEGMENT_00,EXTERNAL,bybit,60,15,2024-01-24T00:00:00+00:00,2024-12-29T00:00:00+00:00,A_BE_LATER_CLOSE,"[0.4, 0.3, 0.3]",LATER_CLOSE,,,,,,0,,0,340,,0,0,INSUFFICIENT_SAMPLE,,0.0,UNION_ENTRY_BAR_START_TO_EXIT_INCLUDES_UNKNOWN_PRE_TOUCH_PART_OF_ENTRY_BAR,0.0,,1170,0,0,0,INSUFFICIENT_SAMPLE,1170,0,0,0,,0,0.0,0.0,,WITHHELD_BELOW_50_COMPARABLE_CLOSED_TRADES,0,0,,0,,WITHHELD_BELOW_90_DAILY_RETURNS_OR_30_CLOSED_TRADES,2,0.0,0,0.0,1468,,0,0.0,,,,,OBSERVED_HITS_PER_ENTRY_CENSORED_OPEN_TRADES_NOT_ASSUMED_FAILED,False,0.0,NULL_WHEN_NO_TRADES_OR_NO_LOSSES,0,,0,False,True,True
bybit_60_15,VALIDATION_SEGMENT_00,EXTERNAL,bybit,60,15,2024-01-24T00:00:00+00:00,2024-12-29T00:00:00+00:00,A_ORIGINAL_SL_UNTIL_TP2,"[0.4, 0.3, 0.3]",TP2,,,,,,0,,0,340,,0,0,INSUFFICIENT_SAMPLE,,0.0,UNION_ENTRY_BAR_START_TO_EXIT_INCLUDES_UNKNOWN_PRE_TOUCH_PART_OF_ENTRY_BAR,0.0,,1170,0,0,0,INSUFFICIENT_SAMPLE,1170,0,0,0,,0,0.0,0.0,,WITHHELD_BELOW_50_COMPARABLE_CLOSED_TRADES,0,0,,0,,WITHHELD_BELOW_90_DAILY_RETURNS_OR_30_CLOSED_TRADES,2,0.0,0,0.0,1468,,0,0.0,,,,,OBSERVED_HITS_PER_ENTRY_CENSORED_OPEN_TRADES_NOT_ASSUMED_FAILED,False,0.0,NULL_WHEN_NO_TRADES_OR_NO_LOSSES,0,,0,False,True,True
bybit_60_15,VALIDATION_SEGMENT_00,EXTERNAL,bybit,60,15,2024-01-24T00:00:00+00:00,2024-12-29T00:00:00+00:00,A_STRUCTURAL_AFTER_TP1,"[0.4, 0.3, 0.3]",STRUCTURAL,,,,,,0,,0,340,,0,0,INSUFFICIENT_SAMPLE,,0.0,UNION_ENTRY_BAR_START_TO_EXIT_INCLUDES_UNKNOWN_PRE_TOUCH_PART_OF_ENTRY_BAR,0.0,,1170,0,0,0,INSUFFICIENT_SAMPLE,1170,0,0,0,,0,0.0,0.0,,WITHHELD_BELOW_50_COMPARABLE_CLOSED_TRADES,0,0,,0,,WITHHELD_BELOW_90_DAILY_RETURNS_OR_30_CLOSED_TRADES,2,0.0,0,0.0,1468,,0,0.0,,,,,OBSERVED_HITS_PER_ENTRY_CENSORED_OPEN_TRADES_NOT_ASSUMED_FAILED,False,0.0,NULL_WHEN_NO_TRADES_OR_NO_LOSSES,0,,0,False,True,True
development_15_5,limit_15_5,DEVELOPMENT,BYBIT_2026_DEVELOPMENT,15,5,2026-01-27T12:30:00+00:00,2026-09-22T11:15:00+00:00,A_40_30_30_BE_TP1,"[0.4, 0.3, 0.3]",TP1,0.4214600658692828,158100.0,,9.862165541341218,0.0,0,,1,237,,1,9.862165541341255,INSUFFICIENT_SAMPLE,9.862165541341218,0.007704767324782209,UNION_ENTRY_BAR_START_TO_EXIT_INCLUDES_UNKNOWN_PRE_TOUCH_PART_OF_ENTRY_BAR,1.5243904761953253,13.387634275434968,1179.8621655413413,11.386556017536543,0,9.862165541341218,INSUFFICIENT_SAMPLE,1170.0,0,0,1,0.0,0,202500.0,0.030596191197452122,0.4214600658692828,WITHHELD_BELOW_50_COMPARABLE_CLOSED_TRADES,9.862165541341218,0,,1,,WITHHELD_BELOW_90_DAILY_RETURNS_OR_30_CLOSED_TRADES,25,0.04,9.862165541341255,0.0,12656,,1,0.5081306345192887,,1.0,0.0,0.0,OBSERVED_HITS_PER_ENTRY_CENSORED_OPEN_TRADES_NOT_ASSUMED_FAILED,False,0.12791664842621372,NULL_WHEN_NO_TRADES_OR_NO_LOSSES,0,1.0,1,True,True,True
development_15_5,limit_15_5,DEVELOPMENT,BYBIT_2026_DEVELOPMENT,15,5,2026-01-27T12:30:00+00:00,2026-09-22T11:15:00+00:00,B_30_30_40_BE_TP1,"[0.3, 0.3, 0.4]",TP1,0.31609504940196126,158100.0,,7.396624156005894,0.0,0,,1,237,,1,7.396624156006055,INSUFFICIENT_SAMPLE,7.396624156005894,0.007704767324782209,UNION_ENTRY_BAR_START_TO_EXIT_INCLUDES_UNKNOWN_PRE_TOUCH_PART_OF_ENTRY_BAR,1.5258689139638655,17.101374044205755,1177.396624156006,8.922493069969757,0,7.396624156005894,INSUFFICIENT_SAMPLE,1170.0,0,0,1,0.0,0,202500.0,0.032653706358345795,0.31609504940196126,WITHHELD_BELOW_50_COMPARABLE_CLOSED_TRADES,7.396624156005894,0,,1,,WITHHELD_BELOW_90_DAILY_RETURNS_OR_30_CLOSED_TRADES,25,0.04,7.396624156006055,0.0,12656,,1,0.5086233485659917,,1.0,0.0,0.0,OBSERVED_HITS_PER_ENTRY_CENSORED_OPEN_TRADES_NOT_ASSUMED_FAILED,False,0.12791664842621372,NULL_WHEN_NO_TRADES_OR_NO_LOSSES,0,1.0,1,False,True,True
development_15_5,limit_15_5,DEVELOPMENT,BYBIT_2026_DEVELOPMENT,15,5,2026-01-27T12:30:00+00:00,2026-09-22T11:15:00+00:00,C_25_25_50_BE_TP1,"[0.25, 0.25, 0.5]",TP1,0.2634125411683005,158100.0,,6.163853463338231,0.0,0,,1,237,,1,6.163853463338455,INSUFFICIENT_SAMPLE,6.163853463338231,0.007704767324782209,UNION_ENTRY_BAR_START_TO_EXIT_INCLUDES_UNKNOWN_PRE_TOUCH_PART_OF_ENTRY_BAR,1.5266081328481356,19.85066973879913,1176.1638534633385,7.690461596186367,0,6.163853463338231,INSUFFICIENT_SAMPLE,1170.0,0,0,1,0.0,0,202500.0,0.03494000830490899,0.2634125411683005,WITHHELD_BELOW_50_COMPARABLE_CLOSED_TRADES,6.163853463338231,0,,1,,WITHHELD_BELOW_90_DAILY_RETURNS_OR_30_CLOSED_TRADES,25,0.04,6.163853463338455,0.0,12656,,1,0.5088697055893432,,1.0,0.0,0.0,OBSERVED_HITS_PER_ENTRY_CENSORED_OPEN_TRADES_NOT_ASSUMED_FAILED,False,0.12791664842621372,NULL_WHEN_NO_TRADES_OR_NO_LOSSES,0,1.0,1,False,True,True
development_15_5,limit_15_5,DEVELOPMENT,BYBIT_2026_DEVELOPMENT,15,5,2026-01-27T12:30:00+00:00,2026-09-22T11:15:00+00:00,D_25_35_40_BE_TP1,"[0.25, 0.35, 0.4]",TP1,0.2634125411683005,158100.0,,6.163853463338231,0.0,0,,1,237,,1,6.163853463338455,INSUFFICIENT_SAMPLE,6.163853463338231,0.007704767324782209,UNION_ENTRY_BAR_START_TO_EXIT_INCLUDES_UNKNOWN_PRE_TOUCH_PART_OF_ENTRY_BAR,1.5266081328481356,19.85066973879913,1176.1638534633385,7.690461596186367,0,6.163853463338231,INSUFFICIENT_SAMPLE,1170.0,0,0,1,0.0,0,202500.0,0.03494000830490899,0.2634125411683005,WITHHELD_BELOW_50_COMPARABLE_CLOSED_TRADES,6.163853463338231,0,,1,,WITHHELD_BELOW_90_DAILY_RETURNS_OR_30_CLOSED_TRADES,25,0.04,6.163853463338455,0.0,12656,,1,0.5088697055893432,,1.0,0.0,0.0,OBSERVED_HITS_PER_ENTRY_CENSORED_OPEN_TRADES_NOT_ASSUMED_FAILED,False,0.12791664842621372,NULL_WHEN_NO_TRADES_OR_NO_LOSSES,0,1.0,1,False,True,True
development_15_5,limit_15_5,DEVELOPMENT,BYBIT_2026_DEVELOPMENT,15,5,2026-01-27T12:30:00+00:00,2026-09-22T11:15:00+00:00,A_BE_LATER_CLOSE,"[0.4, 0.3, 0.3]",LATER_CLOSE,0.4214600658692828,158100.0,,9.862165541341218,0.0,0,,1,237,,1,9.862165541341255,INSUFFICIENT_SAMPLE,9.862165541341218,0.007704767324782209,UNION_ENTRY_BAR_START_TO_EXIT_INCLUDES_UNKNOWN_PRE_TOUCH_PART_OF_ENTRY_BAR,1.5243904761953253,13.387634275434968,1179.8621655413413,11.386556017536543,0,9.862165541341218,INSUFFICIENT_SAMPLE,1170.0,0,0,1,0.0,0,202500.0,0.030596191197452122,0.4214600658692828,WITHHELD_BELOW_50_COMPARABLE_CLOSED_TRADES,9.862165541341218,0,,1,,WITHHELD_BELOW_90_DAILY_RETURNS_OR_30_CLOSED_TRADES,25,0.04,9.862165541341255,0.0,12656,,1,0.5081306345192887,,1.0,0.0,0.0,OBSERVED_HITS_PER_ENTRY_CENSORED_OPEN_TRADES_NOT_ASSUMED_FAILED,False,0.12791664842621372,NULL_WHEN_NO_TRADES_OR_NO_LOSSES,0,1.0,1,False,True,True
development_15_5,limit_15_5,DEVELOPMENT,BYBIT_2026_DEVELOPMENT,15,5,2026-01-27T12:30:00+00:00,2026-09-22T11:15:00+00:00,A_ORIGINAL_SL_UNTIL_TP2,"[0.4, 0.3, 0.3]",TP2,-0.17853993413071514,184200.0,4.177834458658735,,0.0,0,,1,237,,1,-4.177834458658708,INSUFFICIENT_SAMPLE,-4.177834458658735,0.008974302849888368,UNION_ENTRY_BAR_START_TO_EXIT_INCLUDES_UNKNOWN_PRE_TOUCH_PART_OF_ENTRY_BAR,1.5328094248261468,,1165.8221655413413,-2.6450250338325887,4.177834458658735,0,INSUFFICIENT_SAMPLE,1170.0,0,1,0,1.0,1,202500.0,0.03962870749807681,-0.17853993413071514,WITHHELD_BELOW_50_COMPARABLE_CLOSED_TRADES,-4.177834458658735,0,,0,0.0,WITHHELD_BELOW_90_DAILY_RETURNS_OR_30_CLOSED_TRADES,25,0.04,-4.177834458658708,4.177834458658735,12656,,1,0.510936389578486,,1.0,0.0,0.0,OBSERVED_HITS_PER_ENTRY_CENSORED_OPEN_TRADES_NOT_ASSUMED_FAILED,False,0.12791664842621372,NULL_WHEN_NO_TRADES_OR_NO_LOSSES,0,0.0,0,False,True,True
development_15_5,limit_15_5,DEVELOPMENT,BYBIT_2026_DEVELOPMENT,15,5,2026-01-27T12:30:00+00:00,2026-09-22T11:15:00+00:00,A_STRUCTURAL_AFTER_TP1,"[0.4, 0.3, 0.3]",STRUCTURAL,0.887076317983049,61800.0,,20.757585840803348,0.0,0,,1,237,,1,20.757585840803358,INSUFFICIENT_SAMPLE,20.757585840803348,0.003020619008011207,UNION_ENTRY_BAR_START_TO_EXIT_INCLUDES_UNKNOWN_PRE_TOUCH_PART_OF_ENTRY_BAR,1.5178571440149562,6.814037974685588,1190.7575858408034,22.275442984818305,0,20.757585840803348,INSUFFICIENT_SAMPLE,1170.0,0,0,1,0.0,0,220200.0,0.030596191197452122,0.887076317983049,WITHHELD_BELOW_50_COMPARABLE_CLOSED_TRADES,20.757585840803348,0,,0,,WITHHELD_BELOW_90_DAILY_RETURNS_OR_30_CLOSED_TRADES,25,0.04,20.757585840803358,0.0,12656,,1,0.5059532925942286,,1.0,0.0,0.0,OBSERVED_HITS_PER_ENTRY_CENSORED_OPEN_TRADES_NOT_ASSUMED_FAILED,False,0.12791664842621372,NULL_WHEN_NO_TRADES_OR_NO_LOSSES,0,1.0,1,False,True,True
development_240_15,final_240_15,DEVELOPMENT,BYBIT_2026_DEVELOPMENT,240,15,2026-01-31T12:30:00+00:00,2026-09-22T11:15:00+00:00,A_40_30_30_BE_TP1,"[0.4, 0.3, 0.3]",TP1,-1.0,900.0,23.400000000000002,,0.0,0,,1,233,,1,-23.40000000000009,INSUFFICIENT_SAMPLE,-23.400000000000002,8.905115989135759e-05,UNION_ENTRY_BAR_START_TO_EXIT_INCLUDES_UNKNOWN_PRE_TOUCH_PART_OF_ENTRY_BAR,3.89415810699416,,1146.6,-19.505841893005844,23.400000000000002,0,INSUFFICIENT_SAMPLE,1170.0,1,1,0,1.0,1,1032300.0,0.020000000000000077,-1.0,WITHHELD_BELOW_50_COMPARABLE_CLOSED_TRADES,-23.400000000000002,0,,0,0.0,WITHHELD_BELOW_90_DAILY_RETURNS_OR_30_CLOSED_TRADES,1,1.0,-23.40000000000009,23.400000000000002,1667,,0,1.2980519740199372,,0.0,0.0,0.0,OBSERVED_HITS_PER_ENTRY_CENSORED_OPEN_TRADES_NOT_ASSUMED_FAILED,False,0.13010374460127344,NULL_WHEN_NO_TRADES_OR_NO_LOSSES,0,0.0,0,True,True,True
development_240_15,final_240_15,DEVELOPMENT,BYBIT_2026_DEVELOPMENT,240,15,2026-01-31T12:30:00+00:00,2026-09-22T11:15:00+00:00,B_30_30_40_BE_TP1,"[0.3, 0.3, 0.4]",TP1,-1.0,900.0,23.400000000000002,,0.0,0,,1,233,,1,-23.40000000000009,INSUFFICIENT_SAMPLE,-23.400000000000002,8.905115989135759e-05,UNION_ENTRY_BAR_START_TO_EXIT_INCLUDES_UNKNOWN_PRE_TOUCH_PART_OF_ENTRY_BAR,3.89415810699416,,1146.6,-19.505841893005844,23.400000000000002,0,INSUFFICIENT_SAMPLE,1170.0,1,1,0,1.0,1,1032300.0,0.020000000000000077,-1.0,WITHHELD_BELOW_50_COMPARABLE_CLOSED_TRADES,-23.400000000000002,0,,0,0.0,WITHHELD_BELOW_90_DAILY_RETURNS_OR_30_CLOSED_TRADES,1,1.0,-23.40000000000009,23.400000000000002,1667,,0,1.2980519740199372,,0.0,0.0,0.0,OBSERVED_HITS_PER_ENTRY_CENSORED_OPEN_TRADES_NOT_ASSUMED_FAILED,False,0.13010374460127344,NULL_WHEN_NO_TRADES_OR_NO_LOSSES,0,0.0,0,False,True,True
development_240_15,final_240_15,DEVELOPMENT,BYBIT_2026_DEVELOPMENT,240,15,2026-01-31T12:30:00+00:00,2026-09-22T11:15:00+00:00,C_25_25_50_BE_TP1,"[0.25, 0.25, 0.5]",TP1,-1.0,900.0,23.400000000000002,,0.0,0,,1,233,,1,-23.40000000000009,INSUFFICIENT_SAMPLE,-23.400000000000002,8.905115989135759e-05,UNION_ENTRY_BAR_START_TO_EXIT_INCLUDES_UNKNOWN_PRE_TOUCH_PART_OF_ENTRY_BAR,3.89415810699416,,1146.6,-19.505841893005844,23.400000000000002,0,INSUFFICIENT_SAMPLE,1170.0,1,1,0,1.0,1,1032300.0,0.020000000000000077,-1.0,WITHHELD_BELOW_50_COMPARABLE_CLOSED_TRADES,-23.400000000000002,0,,0,0.0,WITHHELD_BELOW_90_DAILY_RETURNS_OR_30_CLOSED_TRADES,1,1.0,-23.40000000000009,23.400000000000002,1667,,0,1.2980519740199372,,0.0,0.0,0.0,OBSERVED_HITS_PER_ENTRY_CENSORED_OPEN_TRADES_NOT_ASSUMED_FAILED,False,0.13010374460127344,NULL_WHEN_NO_TRADES_OR_NO_LOSSES,0,0.0,0,False,True,True
development_240_15,final_240_15,DEVELOPMENT,BYBIT_2026_DEVELOPMENT,240,15,2026-01-31T12:30:00+00:00,2026-09-22T11:15:00+00:00,D_25_35_40_BE_TP1,"[0.25, 0.35, 0.4]",TP1,-1.0,900.0,23.400000000000002,,0.0,0,,1,233,,1,-23.40000000000009,INSUFFICIENT_SAMPLE,-23.400000000000002,8.905115989135759e-05,UNION_ENTRY_BAR_START_TO_EXIT_INCLUDES_UNKNOWN_PRE_TOUCH_PART_OF_ENTRY_BAR,3.89415810699416,,1146.6,-19.505841893005844,23.400000000000002,0,INSUFFICIENT_SAMPLE,1170.0,1,1,0,1.0,1,1032300.0,0.020000000000000077,-1.0,WITHHELD_BELOW_50_COMPARABLE_CLOSED_TRADES,-23.400000000000002,0,,0,0.0,WITHHELD_BELOW_90_DAILY_RETURNS_OR_30_CLOSED_TRADES,1,1.0,-23.40000000000009,23.400000000000002,1667,,0,1.2980519740199372,,0.0,0.0,0.0,OBSERVED_HITS_PER_ENTRY_CENSORED_OPEN_TRADES_NOT_ASSUMED_FAILED,False,0.13010374460127344,NULL_WHEN_NO_TRADES_OR_NO_LOSSES,0,0.0,0,False,True,True
development_240_15,final_240_15,DEVELOPMENT,BYBIT_2026_DEVELOPMENT,240,15,2026-01-31T12:30:00+00:00,2026-09-22T11:15:00+00:00,A_BE_LATER_CLOSE,"[0.4, 0.3, 0.3]",LATER_CLOSE,-1.0,900.0,23.400000000000002,,0.0,0,,1,233,,1,-23.40000000000009,INSUFFICIENT_SAMPLE,-23.400000000000002,8.905115989135759e-05,UNION_ENTRY_BAR_START_TO_EXIT_INCLUDES_UNKNOWN_PRE_TOUCH_PART_OF_ENTRY_BAR,3.89415810699416,,1146.6,-19.505841893005844,23.400000000000002,0,INSUFFICIENT_SAMPLE,1170.0,1,1,0,1.0,1,1032300.0,0.020000000000000077,-1.0,WITHHELD_BELOW_50_COMPARABLE_CLOSED_TRADES,-23.400000000000002,0,,0,0.0,WITHHELD_BELOW_90_DAILY_RETURNS_OR_30_CLOSED_TRADES,1,1.0,-23.40000000000009,23.400000000000002,1667,,0,1.2980519740199372,,0.0,0.0,0.0,OBSERVED_HITS_PER_ENTRY_CENSORED_OPEN_TRADES_NOT_ASSUMED_FAILED,False,0.13010374460127344,NULL_WHEN_NO_TRADES_OR_NO_LOSSES,0,0.0,0,False,True,True
development_240_15,final_240_15,DEVELOPMENT,BYBIT_2026_DEVELOPMENT,240,15,2026-01-31T12:30:00+00:00,2026-09-22T11:15:00+00:00,A_ORIGINAL_SL_UNTIL_TP2,"[0.4, 0.3, 0.3]",TP2,-1.0,900.0,23.400000000000002,,0.0,0,,1,233,,1,-23.40000000000009,INSUFFICIENT_SAMPLE,-23.400000000000002,8.905115989135759e-05,UNION_ENTRY_BAR_START_TO_EXIT_INCLUDES_UNKNOWN_PRE_TOUCH_PART_OF_ENTRY_BAR,3.89415810699416,,1146.6,-19.505841893005844,23.400000000000002,0,INSUFFICIENT_SAMPLE,1170.0,1,1,0,1.0,1,1032300.0,0.020000000000000077,-1.0,WITHHELD_BELOW_50_COMPARABLE_CLOSED_TRADES,-23.400000000000002,0,,0,0.0,WITHHELD_BELOW_90_DAILY_RETURNS_OR_30_CLOSED_TRADES,1,1.0,-23.40000000000009,23.400000000000002,1667,,0,1.2980519740199372,,0.0,0.0,0.0,OBSERVED_HITS_PER_ENTRY_CENSORED_OPEN_TRADES_NOT_ASSUMED_FAILED,False,0.13010374460127344,NULL_WHEN_NO_TRADES_OR_NO_LOSSES,0,0.0,0,False,True,True
development_240_15,final_240_15,DEVELOPMENT,BYBIT_2026_DEVELOPMENT,240,15,2026-01-31T12:30:00+00:00,2026-09-22T11:15:00+00:00,A_STRUCTURAL_AFTER_TP1,"[0.4, 0.3, 0.3]",STRUCTURAL,-1.0,900.0,23.400000000000002,,0.0,0,,1,233,,1,-23.40000000000009,INSUFFICIENT_SAMPLE,-23.400000000000002,8.905115989135759e-05,UNION_ENTRY_BAR_START_TO_EXIT_INCLUDES_UNKNOWN_PRE_TOUCH_PART_OF_ENTRY_BAR,3.89415810699416,,1146.6,-19.505841893005844,23.400000000000002,0,INSUFFICIENT_SAMPLE,1170.0,1,1,0,1.0,1,1032300.0,0.020000000000000077,-1.0,WITHHELD_BELOW_50_COMPARABLE_CLOSED_TRADES,-23.400000000000002,0,,0,0.0,WITHHELD_BELOW_90_DAILY_RETURNS_OR_30_CLOSED_TRADES,1,1.0,-23.40000000000009,23.400000000000002,1667,,0,1.2980519740199372,,0.0,0.0,0.0,OBSERVED_HITS_PER_ENTRY_CENSORED_OPEN_TRADES_NOT_ASSUMED_FAILED,False,0.13010374460127344,NULL_WHEN_NO_TRADES_OR_NO_LOSSES,0,0.0,0,False,True,True
development_240_5,final_240_5,DEVELOPMENT,BYBIT_2026_DEVELOPMENT,240,5,2026-01-27T12:00:00+00:00,2026-09-22T11:15:00+00:00,A_40_30_30_BE_TP1,"[0.4, 0.3, 0.3]",TP1,-1.0000000000000002,147900.0,23.400000000000006,,0.0,0,,1,237,,1,-23.399999999999864,INSUFFICIENT_SAMPLE,-23.400000000000006,0.007207995914496243,UNION_ENTRY_BAR_START_TO_EXIT_INCLUDES_UNKNOWN_PRE_TOUCH_PART_OF_ENTRY_BAR,2.6318948404329605,,1146.6000000000001,-20.768105159567043,23.400000000000006,0,INSUFFICIENT_SAMPLE,1170.0,1,1,0,1.0,1,15049800.0,0.0777445851217497,-1.0000000000000002,WITHHELD_BELOW_50_COMPARABLE_CLOSED_TRADES,-23.400000000000006,0,,0,0.0,WITHHELD_BELOW_90_DAILY_RETURNS_OR_30_CLOSED_TRADES,1,1.0,-23.399999999999864,23.400000000000006,2184,,0,0.8772974845117969,,0.0,0.0,0.0,OBSERVED_HITS_PER_ENTRY_CENSORED_OPEN_TRADES_NOT_ASSUMED_FAILED,False,0.12790544977019042,NULL_WHEN_NO_TRADES_OR_NO_LOSSES,0,0.0,0,True,True,True
development_240_5,final_240_5,DEVELOPMENT,BYBIT_2026_DEVELOPMENT,240,5,2026-01-27T12:00:00+00:00,2026-09-22T11:15:00+00:00,B_30_30_40_BE_TP1,"[0.3, 0.3, 0.4]",TP1,-1.0000000000000002,147900.0,23.400000000000006,,0.0,0,,1,237,,1,-23.399999999999864,INSUFFICIENT_SAMPLE,-23.400000000000006,0.007207995914496243,UNION_ENTRY_BAR_START_TO_EXIT_INCLUDES_UNKNOWN_PRE_TOUCH_PART_OF_ENTRY_BAR,2.6318948404329605,,1146.6000000000001,-20.768105159567043,23.400000000000006,0,INSUFFICIENT_SAMPLE,1170.0,1,1,0,1.0,1,15049800.0,0.0777445851217497,-1.0000000000000002,WITHHELD_BELOW_50_COMPARABLE_CLOSED_TRADES,-23.400000000000006,0,,0,0.0,WITHHELD_BELOW_90_DAILY_RETURNS_OR_30_CLOSED_TRADES,1,1.0,-23.399999999999864,23.400000000000006,2184,,0,0.8772974845117969,,0.0,0.0,0.0,OBSERVED_HITS_PER_ENTRY_CENSORED_OPEN_TRADES_NOT_ASSUMED_FAILED,False,0.12790544977019042,NULL_WHEN_NO_TRADES_OR_NO_LOSSES,0,0.0,0,False,True,True
development_240_5,final_240_5,DEVELOPMENT,BYBIT_2026_DEVELOPMENT,240,5,2026-01-27T12:00:00+00:00,2026-09-22T11:15:00+00:00,C_25_25_50_BE_TP1,"[0.25, 0.25, 0.5]",TP1,-1.0000000000000002,147900.0,23.400000000000006,,0.0,0,,1,237,,1,-23.399999999999864,INSUFFICIENT_SAMPLE,-23.400000000000006,0.007207995914496243,UNION_ENTRY_BAR_START_TO_EXIT_INCLUDES_UNKNOWN_PRE_TOUCH_PART_OF_ENTRY_BAR,2.6318948404329605,,1146.6000000000001,-20.768105159567043,23.400000000000006,0,INSUFFICIENT_SAMPLE,1170.0,1,1,0,1.0,1,15049800.0,0.0777445851217497,-1.0000000000000002,WITHHELD_BELOW_50_COMPARABLE_CLOSED_TRADES,-23.400000000000006,0,,0,0.0,WITHHELD_BELOW_90_DAILY_RETURNS_OR_30_CLOSED_TRADES,1,1.0,-23.399999999999864,23.400000000000006,2184,,0,0.8772974845117969,,0.0,0.0,0.0,OBSERVED_HITS_PER_ENTRY_CENSORED_OPEN_TRADES_NOT_ASSUMED_FAILED,False,0.12790544977019042,NULL_WHEN_NO_TRADES_OR_NO_LOSSES,0,0.0,0,False,True,True
development_240_5,final_240_5,DEVELOPMENT,BYBIT_2026_DEVELOPMENT,240,5,2026-01-27T12:00:00+00:00,2026-09-22T11:15:00+00:00,D_25_35_40_BE_TP1,"[0.25, 0.35, 0.4]",TP1,-1.0000000000000002,147900.0,23.400000000000006,,0.0,0,,1,237,,1,-23.399999999999864,INSUFFICIENT_SAMPLE,-23.400000000000006,0.007207995914496243,UNION_ENTRY_BAR_START_TO_EXIT_INCLUDES_UNKNOWN_PRE_TOUCH_PART_OF_ENTRY_BAR,2.6318948404329605,,1146.6000000000001,-20.768105159567043,23.400000000000006,0,INSUFFICIENT_SAMPLE,1170.0,1,1,0,1.0,1,15049800.0,0.0777445851217497,-1.0000000000000002,WITHHELD_BELOW_50_COMPARABLE_CLOSED_TRADES,-23.400000000000006,0,,0,0.0,WITHHELD_BELOW_90_DAILY_RETURNS_OR_30_CLOSED_TRADES,1,1.0,-23.399999999999864,23.400000000000006,2184,,0,0.8772974845117969,,0.0,0.0,0.0,OBSERVED_HITS_PER_ENTRY_CENSORED_OPEN_TRADES_NOT_ASSUMED_FAILED,False,0.12790544977019042,NULL_WHEN_NO_TRADES_OR_NO_LOSSES,0,0.0,0,False,True,True
development_240_5,final_240_5,DEVELOPMENT,BYBIT_2026_DEVELOPMENT,240,5,2026-01-27T12:00:00+00:00,2026-09-22T11:15:00+00:00,A_BE_LATER_CLOSE,"[0.4, 0.3, 0.3]",LATER_CLOSE,-1.0000000000000002,147900.0,23.400000000000006,,0.0,0,,1,237,,1,-23.399999999999864,INSUFFICIENT_SAMPLE,-23.400000000000006,0.007207995914496243,UNION_ENTRY_BAR_START_TO_EXIT_INCLUDES_UNKNOWN_PRE_TOUCH_PART_OF_ENTRY_BAR,2.6318948404329605,,1146.6000000000001,-20.768105159567043,23.400000000000006,0,INSUFFICIENT_SAMPLE,1170.0,1,1,0,1.0,1,15049800.0,0.0777445851217497,-1.0000000000000002,WITHHELD_BELOW_50_COMPARABLE_CLOSED_TRADES,-23.400000000000006,0,,0,0.0,WITHHELD_BELOW_90_DAILY_RETURNS_OR_30_CLOSED_TRADES,1,1.0,-23.399999999999864,23.400000000000006,2184,,0,0.8772974845117969,,0.0,0.0,0.0,OBSERVED_HITS_PER_ENTRY_CENSORED_OPEN_TRADES_NOT_ASSUMED_FAILED,False,0.12790544977019042,NULL_WHEN_NO_TRADES_OR_NO_LOSSES,0,0.0,0,False,True,True
development_240_5,final_240_5,DEVELOPMENT,BYBIT_2026_DEVELOPMENT,240,5,2026-01-27T12:00:00+00:00,2026-09-22T11:15:00+00:00,A_ORIGINAL_SL_UNTIL_TP2,"[0.4, 0.3, 0.3]",TP2,-1.0000000000000002,147900.0,23.400000000000006,,0.0,0,,1,237,,1,-23.399999999999864,INSUFFICIENT_SAMPLE,-23.400000000000006,0.007207995914496243,UNION_ENTRY_BAR_START_TO_EXIT_INCLUDES_UNKNOWN_PRE_TOUCH_PART_OF_ENTRY_BAR,2.6318948404329605,,1146.6000000000001,-20.768105159567043,23.400000000000006,0,INSUFFICIENT_SAMPLE,1170.0,1,1,0,1.0,1,15049800.0,0.0777445851217497,-1.0000000000000002,WITHHELD_BELOW_50_COMPARABLE_CLOSED_TRADES,-23.400000000000006,0,,0,0.0,WITHHELD_BELOW_90_DAILY_RETURNS_OR_30_CLOSED_TRADES,1,1.0,-23.399999999999864,23.400000000000006,2184,,0,0.8772974845117969,,0.0,0.0,0.0,OBSERVED_HITS_PER_ENTRY_CENSORED_OPEN_TRADES_NOT_ASSUMED_FAILED,False,0.12790544977019042,NULL_WHEN_NO_TRADES_OR_NO_LOSSES,0,0.0,0,False,True,True
development_240_5,final_240_5,DEVELOPMENT,BYBIT_2026_DEVELOPMENT,240,5,2026-01-27T12:00:00+00:00,2026-09-22T11:15:00+00:00,A_STRUCTURAL_AFTER_TP1,"[0.4, 0.3, 0.3]",STRUCTURAL,-1.0000000000000002,147900.0,23.400000000000006,,0.0,0,,1,237,,1,-23.399999999999864,INSUFFICIENT_SAMPLE,-23.400000000000006,0.007207995914496243,UNION_ENTRY_BAR_START_TO_EXIT_INCLUDES_UNKNOWN_PRE_TOUCH_PART_OF_ENTRY_BAR,2.6318948404329605,,1146.6000000000001,-20.768105159567043,23.400000000000006,0,INSUFFICIENT_SAMPLE,1170.0,1,1,0,1.0,1,15049800.0,0.0777445851217497,-1.0000000000000002,WITHHELD_BELOW_50_COMPARABLE_CLOSED_TRADES,-23.400000000000006,0,,0,0.0,WITHHELD_BELOW_90_DAILY_RETURNS_OR_30_CLOSED_TRADES,1,1.0,-23.399999999999864,23.400000000000006,2184,,0,0.8772974845117969,,0.0,0.0,0.0,OBSERVED_HITS_PER_ENTRY_CENSORED_OPEN_TRADES_NOT_ASSUMED_FAILED,False,0.12790544977019042,NULL_WHEN_NO_TRADES_OR_NO_LOSSES,0,0.0,0,False,True,True
development_240_60,final_240_60,DEVELOPMENT,BYBIT_2026_DEVELOPMENT,240,60,2026-02-18T12:00:00+00:00,2026-09-22T11:00:00+00:00,A_40_30_30_BE_TP1,"[0.4, 0.3, 0.3]",TP1,-0.2614131268571165,97200.0,23.623317313261737,11.165865663086947,0.0,0,,2,215,0.6790420266357498,2,-12.457451650174562,INSUFFICIENT_SAMPLE,-6.228725825087395,0.010804553347482154,UNION_ENTRY_BAR_START_TO_EXIT_INCLUDES_UNKNOWN_PRE_TOUCH_PART_OF_ENTRY_BAR,4.108051483055993,,1157.5425483498254,-8.349400167118796,23.623317313261737,11.165865663086947,INSUFFICIENT_SAMPLE,1170.0,0,1,1,0.5,1,12549600.0,0.05886436130142952,-0.2614131268571165,WITHHELD_BELOW_50_COMPARABLE_CLOSED_TRADES,-12.45745165017479,0,0.47266289975365217,1,0.47266289975365217,WITHHELD_BELOW_90_DAILY_RETURNS_OR_30_CLOSED_TRADES,2,1.0,-12.457451650174562,23.623317313261737,1003,,2,1.3693502151499246,,0.5,0.0,0.0,OBSERVED_HITS_PER_ENTRY_CENSORED_OPEN_TRADES_NOT_ASSUMED_FAILED,False,0.281883079297704,NULL_WHEN_NO_TRADES_OR_NO_LOSSES,0,0.5,1,True,True,True
development_240_60,final_240_60,DEVELOPMENT,BYBIT_2026_DEVELOPMENT,240,60,2026-02-18T12:00:00+00:00,2026-09-22T11:00:00+00:00,B_30_30_40_BE_TP1,"[0.3, 0.3, 0.4]",TP1,-0.3210598451428369,97200.0,23.567487984946307,8.374399247315234,0.0,0,,2,215,0.737823905443601,2,-15.193088737630887,INSUFFICIENT_SAMPLE,-7.596544368815537,0.010804553347482154,UNION_ENTRY_BAR_START_TO_EXIT_INCLUDES_UNKNOWN_PRE_TOUCH_PART_OF_ENTRY_BAR,4.1080696520822455,,1154.806911262369,-11.08501908554883,23.567487984946307,8.374399247315234,INSUFFICIENT_SAMPLE,1170.0,0,1,1,0.5,1,12549600.0,0.06514582225717155,-0.3210598451428369,WITHHELD_BELOW_50_COMPARABLE_CLOSED_TRADES,-15.193088737631074,0,0.3553369477758668,1,0.3553369477758668,WITHHELD_BELOW_90_DAILY_RETURNS_OR_30_CLOSED_TRADES,2,1.0,-15.193088737630887,23.567487984946307,1003,,2,1.3693561620674706,,0.5,0.0,0.0,OBSERVED_HITS_PER_ENTRY_CENSORED_OPEN_TRADES_NOT_ASSUMED_FAILED,False,0.281883079297704,NULL_WHEN_NO_TRADES_OR_NO_LOSSES,0,0.5,1,False,True,True
development_240_60,final_240_60,DEVELOPMENT,BYBIT_2026_DEVELOPMENT,240,60,2026-02-18T12:00:00+00:00,2026-09-22T11:00:00+00:00,C_25_25_50_BE_TP1,"[0.25, 0.25, 0.5]",TP1,-0.3508832042856971,97200.0,23.53957332078859,6.978666039429378,0.0,0,,2,215,0.771328025936961,2,-16.56090728135905,INSUFFICIENT_SAMPLE,-8.280453640679607,0.010804553347482154,UNION_ENTRY_BAR_START_TO_EXIT_INCLUDES_UNKNOWN_PRE_TOUCH_PART_OF_ENTRY_BAR,4.108078736595371,,1153.439092718641,-12.452828544763841,23.53957332078859,6.978666039429378,INSUFFICIENT_SAMPLE,1170.0,0,1,1,0.5,1,12549600.0,0.06826623885143213,-0.3508832042856971,WITHHELD_BELOW_50_COMPARABLE_CLOSED_TRADES,-16.560907281359214,0,0.29646527336441914,1,0.29646527336441914,WITHHELD_BELOW_90_DAILY_RETURNS_OR_30_CLOSED_TRADES,2,1.0,-16.56090728135905,23.53957332078859,1003,,2,1.369359135526244,,0.5,0.0,0.0,OBSERVED_HITS_PER_ENTRY_CENSORED_OPEN_TRADES_NOT_ASSUMED_FAILED,False,0.281883079297704,NULL_WHEN_NO_TRADES_OR_NO_LOSSES,0,0.5,1,False,True,True
development_240_60,final_240_60,DEVELOPMENT,BYBIT_2026_DEVELOPMENT,240,60,2026-02-18T12:00:00+00:00,2026-09-22T11:00:00+00:00,D_25_35_40_BE_TP1,"[0.25, 0.35, 0.4]",TP1,-0.3508832042856971,97200.0,23.53957332078859,6.978666039429378,0.0,0,,2,215,0.771328025936961,2,-16.56090728135905,INSUFFICIENT_SAMPLE,-8.280453640679607,0.010804553347482154,UNION_ENTRY_BAR_START_TO_EXIT_INCLUDES_UNKNOWN_PRE_TOUCH_PART_OF_ENTRY_BAR,4.108078736595371,,1153.439092718641,-12.452828544763841,23.53957332078859,6.978666039429378,INSUFFICIENT_SAMPLE,1170.0,0,1,1,0.5,1,12549600.0,0.06826623885143213,-0.3508832042856971,WITHHELD_BELOW_50_COMPARABLE_CLOSED_TRADES,-16.560907281359214,0,0.29646527336441914,1,0.29646527336441914,WITHHELD_BELOW_90_DAILY_RETURNS_OR_30_CLOSED_TRADES,2,1.0,-16.56090728135905,23.53957332078859,1003,,2,1.369359135526244,,0.5,0.0,0.0,OBSERVED_HITS_PER_ENTRY_CENSORED_OPEN_TRADES_NOT_ASSUMED_FAILED,False,0.281883079297704,NULL_WHEN_NO_TRADES_OR_NO_LOSSES,0,0.5,1,False,True,True
development_240_60,final_240_60,DEVELOPMENT,BYBIT_2026_DEVELOPMENT,240,60,2026-02-18T12:00:00+00:00,2026-09-22T11:00:00+00:00,A_BE_LATER_CLOSE,"[0.4, 0.3, 0.3]",LATER_CLOSE,-0.2614131268571165,97200.0,23.623317313261737,11.165865663086947,0.0,0,,2,215,0.6790420266357498,2,-12.457451650174562,INSUFFICIENT_SAMPLE,-6.228725825087395,0.010804553347482154,UNION_ENTRY_BAR_START_TO_EXIT_INCLUDES_UNKNOWN_PRE_TOUCH_PART_OF_ENTRY_BAR,4.108051483055993,,1157.5425483498254,-8.349400167118796,23.623317313261737,11.165865663086947,INSUFFICIENT_SAMPLE,1170.0,0,1,1,0.5,1,12549600.0,0.05886436130142952,-0.2614131268571165,WITHHELD_BELOW_50_COMPARABLE_CLOSED_TRADES,-12.45745165017479,0,0.47266289975365217,1,0.47266289975365217,WITHHELD_BELOW_90_DAILY_RETURNS_OR_30_CLOSED_TRADES,2,1.0,-12.457451650174562,23.623317313261737,1003,,2,1.3693502151499246,,0.5,0.0,0.0,OBSERVED_HITS_PER_ENTRY_CENSORED_OPEN_TRADES_NOT_ASSUMED_FAILED,False,0.281883079297704,NULL_WHEN_NO_TRADES_OR_NO_LOSSES,0,0.5,1,False,True,True
development_240_60,final_240_60,DEVELOPMENT,BYBIT_2026_DEVELOPMENT,240,60,2026-02-18T12:00:00+00:00,2026-09-22T11:00:00+00:00,A_ORIGINAL_SL_UNTIL_TP2,"[0.4, 0.3, 0.3]",TP2,-0.5614131268571178,99000.0,13.108325825087427,,0.0,0,,2,215,,2,-26.216651650174754,INSUFFICIENT_SAMPLE,-13.108325825087427,0.010997491800115763,UNION_ENTRY_BAR_START_TO_EXIT_INCLUDES_UNKNOWN_PRE_TOUCH_PART_OF_ENTRY_BAR,4.108142866254139,,1143.7833483498252,-22.108508783920712,26.216651650174853,0,INSUFFICIENT_SAMPLE,1170.0,0,2,0,1.0,2,12549600.0,0.07005122738980081,-0.5614131268571178,WITHHELD_BELOW_50_COMPARABLE_CLOSED_TRADES,-26.216651650174853,0,,0,0.0,WITHHELD_BELOW_90_DAILY_RETURNS_OR_30_CLOSED_TRADES,2,1.0,-26.216651650174754,26.216651650174853,1003,,2,1.3693801258527896,,0.5,0.0,0.0,OBSERVED_HITS_PER_ENTRY_CENSORED_OPEN_TRADES_NOT_ASSUMED_FAILED,False,0.281883079297704,NULL_WHEN_NO_TRADES_OR_NO_LOSSES,0,0.0,0,False,True,True
development_240_60,final_240_60,DEVELOPMENT,BYBIT_2026_DEVELOPMENT,240,60,2026-02-18T12:00:00+00:00,2026-09-22T11:00:00+00:00,A_STRUCTURAL_AFTER_TP1,"[0.4, 0.3, 0.3]",STRUCTURAL,0.46495911885494173,32400.0,24.303201735248226,45.160086762411275,0.0,0,,2,215,0.3498711659190609,2,20.856885027163344,INSUFFICIENT_SAMPLE,10.428442513581524,0.0038587690526721975,UNION_ENTRY_BAR_START_TO_EXIT_INCLUDES_UNKNOWN_PRE_TOUCH_PART_OF_ENTRY_BAR,4.107830222326468,16.454544669442868,1190.8568850271633,24.96471524948952,24.303201735248226,45.160086762411275,INSUFFICIENT_SAMPLE,1170.0,0,1,1,0.5,1,12585600.0,0.03142344007109019,0.46495911885494173,WITHHELD_BELOW_50_COMPARABLE_CLOSED_TRADES,20.85688502716305,0,1.8581949511990923,0,1.8581949511990923,WITHHELD_BELOW_90_DAILY_RETURNS_OR_30_CLOSED_TRADES,2,1.0,20.856885027163344,24.303201735248226,1003,,2,1.369277794135316,,0.5,0.0,0.0,OBSERVED_HITS_PER_ENTRY_CENSORED_OPEN_TRADES_NOT_ASSUMED_FAILED,False,0.281883079297704,NULL_WHEN_NO_TRADES_OR_NO_LOSSES,0,0.5,1,False,True,True
development_60_15,final_60_15,DEVELOPMENT,BYBIT_2026_DEVELOPMENT,60,15,2026-01-31T12:30:00+00:00,2026-09-22T11:15:00+00:00,A_40_30_30_BE_TP1,"[0.4, 0.3, 0.3]",TP1,-1.0,900.0,23.400000000000002,,0.0,0,,1,233,,1,-23.40000000000009,INSUFFICIENT_SAMPLE,-23.400000000000002,8.905115989135759e-05,UNION_ENTRY_BAR_START_TO_EXIT_INCLUDES_UNKNOWN_PRE_TOUCH_PART_OF_ENTRY_BAR,4.041688980139645,,1146.6,-19.358311019860356,23.400000000000002,0,INSUFFICIENT_SAMPLE,1170.0,1,1,0,1.0,1,11479500.0,0.023238261312207843,-1.0,WITHHELD_BELOW_50_COMPARABLE_CLOSED_TRADES,-23.400000000000002,0,,0,0.0,WITHHELD_BELOW_90_DAILY_RETURNS_OR_30_CLOSED_TRADES,6,0.16666666666666666,-23.40000000000009,23.400000000000002,4097,,0,1.3472289396029362,,0.0,0.0,0.0,OBSERVED_HITS_PER_ENTRY_CENSORED_OPEN_TRADES_NOT_ASSUMED_FAILED,False,0.13010374460127344,NULL_WHEN_NO_TRADES_OR_NO_LOSSES,0,0.0,0,True,True,True
development_60_15,final_60_15,DEVELOPMENT,BYBIT_2026_DEVELOPMENT,60,15,2026-01-31T12:30:00+00:00,2026-09-22T11:15:00+00:00,B_30_30_40_BE_TP1,"[0.3, 0.3, 0.4]",TP1,-1.0,900.0,23.400000000000002,,0.0,0,,1,233,,1,-23.40000000000009,INSUFFICIENT_SAMPLE,-23.400000000000002,8.905115989135759e-05,UNION_ENTRY_BAR_START_TO_EXIT_INCLUDES_UNKNOWN_PRE_TOUCH_PART_OF_ENTRY_BAR,4.041688980139645,,1146.6,-19.358311019860356,23.400000000000002,0,INSUFFICIENT_SAMPLE,1170.0,1,1,0,1.0,1,11479500.0,0.023238261312207843,-1.0,WITHHELD_BELOW_50_COMPARABLE_CLOSED_TRADES,-23.400000000000002,0,,0,0.0,WITHHELD_BELOW_90_DAILY_RETURNS_OR_30_CLOSED_TRADES,6,0.16666666666666666,-23.40000000000009,23.400000000000002,4097,,0,1.3472289396029362,,0.0,0.0,0.0,OBSERVED_HITS_PER_ENTRY_CENSORED_OPEN_TRADES_NOT_ASSUMED_FAILED,False,0.13010374460127344,NULL_WHEN_NO_TRADES_OR_NO_LOSSES,0,0.0,0,False,True,True
development_60_15,final_60_15,DEVELOPMENT,BYBIT_2026_DEVELOPMENT,60,15,2026-01-31T12:30:00+00:00,2026-09-22T11:15:00+00:00,C_25_25_50_BE_TP1,"[0.25, 0.25, 0.5]",TP1,-1.0,900.0,23.400000000000002,,0.0,0,,1,233,,1,-23.40000000000009,INSUFFICIENT_SAMPLE,-23.400000000000002,8.905115989135759e-05,UNION_ENTRY_BAR_START_TO_EXIT_INCLUDES_UNKNOWN_PRE_TOUCH_PART_OF_ENTRY_BAR,4.041688980139645,,1146.6,-19.358311019860356,23.400000000000002,0,INSUFFICIENT_SAMPLE,1170.0,1,1,0,1.0,1,11479500.0,0.023238261312207843,-1.0,WITHHELD_BELOW_50_COMPARABLE_CLOSED_TRADES,-23.400000000000002,0,,0,0.0,WITHHELD_BELOW_90_DAILY_RETURNS_OR_30_CLOSED_TRADES,6,0.16666666666666666,-23.40000000000009,23.400000000000002,4097,,0,1.3472289396029362,,0.0,0.0,0.0,OBSERVED_HITS_PER_ENTRY_CENSORED_OPEN_TRADES_NOT_ASSUMED_FAILED,False,0.13010374460127344,NULL_WHEN_NO_TRADES_OR_NO_LOSSES,0,0.0,0,False,True,True
development_60_15,final_60_15,DEVELOPMENT,BYBIT_2026_DEVELOPMENT,60,15,2026-01-31T12:30:00+00:00,2026-09-22T11:15:00+00:00,D_25_35_40_BE_TP1,"[0.25, 0.35, 0.4]",TP1,-1.0,900.0,23.400000000000002,,0.0,0,,1,233,,1,-23.40000000000009,INSUFFICIENT_SAMPLE,-23.400000000000002,8.905115989135759e-05,UNION_ENTRY_BAR_START_TO_EXIT_INCLUDES_UNKNOWN_PRE_TOUCH_PART_OF_ENTRY_BAR,4.041688980139645,,1146.6,-19.358311019860356,23.400000000000002,0,INSUFFICIENT_SAMPLE,1170.0,1,1,0,1.0,1,11479500.0,0.023238261312207843,-1.0,WITHHELD_BELOW_50_COMPARABLE_CLOSED_TRADES,-23.400000000000002,0,,0,0.0,WITHHELD_BELOW_90_DAILY_RETURNS_OR_30_CLOSED_TRADES,6,0.16666666666666666,-23.40000000000009,23.400000000000002,4097,,0,1.3472289396029362,,0.0,0.0,0.0,OBSERVED_HITS_PER_ENTRY_CENSORED_OPEN_TRADES_NOT_ASSUMED_FAILED,False,0.13010374460127344,NULL_WHEN_NO_TRADES_OR_NO_LOSSES,0,0.0,0,False,True,True
development_60_15,final_60_15,DEVELOPMENT,BYBIT_2026_DEVELOPMENT,60,15,2026-01-31T12:30:00+00:00,2026-09-22T11:15:00+00:00,A_BE_LATER_CLOSE,"[0.4, 0.3, 0.3]",LATER_CLOSE,-1.0,900.0,23.400000000000002,,0.0,0,,1,233,,1,-23.40000000000009,INSUFFICIENT_SAMPLE,-23.400000000000002,8.905115989135759e-05,UNION_ENTRY_BAR_START_TO_EXIT_INCLUDES_UNKNOWN_PRE_TOUCH_PART_OF_ENTRY_BAR,4.041688980139645,,1146.6,-19.358311019860356,23.400000000000002,0,INSUFFICIENT_SAMPLE,1170.0,1,1,0,1.0,1,11479500.0,0.023238261312207843,-1.0,WITHHELD_BELOW_50_COMPARABLE_CLOSED_TRADES,-23.400000000000002,0,,0,0.0,WITHHELD_BELOW_90_DAILY_RETURNS_OR_30_CLOSED_TRADES,6,0.16666666666666666,-23.40000000000009,23.400000000000002,4097,,0,1.3472289396029362,,0.0,0.0,0.0,OBSERVED_HITS_PER_ENTRY_CENSORED_OPEN_TRADES_NOT_ASSUMED_FAILED,False,0.13010374460127344,NULL_WHEN_NO_TRADES_OR_NO_LOSSES,0,0.0,0,False,True,True
development_60_15,final_60_15,DEVELOPMENT,BYBIT_2026_DEVELOPMENT,60,15,2026-01-31T12:30:00+00:00,2026-09-22T11:15:00+00:00,A_ORIGINAL_SL_UNTIL_TP2,"[0.4, 0.3, 0.3]",TP2,-1.0,900.0,23.400000000000002,,0.0,0,,1,233,,1,-23.40000000000009,INSUFFICIENT_SAMPLE,-23.400000000000002,8.905115989135759e-05,UNION_ENTRY_BAR_START_TO_EXIT_INCLUDES_UNKNOWN_PRE_TOUCH_PART_OF_ENTRY_BAR,4.041688980139645,,1146.6,-19.358311019860356,23.400000000000002,0,INSUFFICIENT_SAMPLE,1170.0,1,1,0,1.0,1,11479500.0,0.023238261312207843,-1.0,WITHHELD_BELOW_50_COMPARABLE_CLOSED_TRADES,-23.400000000000002,0,,0,0.0,WITHHELD_BELOW_90_DAILY_RETURNS_OR_30_CLOSED_TRADES,6,0.16666666666666666,-23.40000000000009,23.400000000000002,4097,,0,1.3472289396029362,,0.0,0.0,0.0,OBSERVED_HITS_PER_ENTRY_CENSORED_OPEN_TRADES_NOT_ASSUMED_FAILED,False,0.13010374460127344,NULL_WHEN_NO_TRADES_OR_NO_LOSSES,0,0.0,0,False,True,True
development_60_15,final_60_15,DEVELOPMENT,BYBIT_2026_DEVELOPMENT,60,15,2026-01-31T12:30:00+00:00,2026-09-22T11:15:00+00:00,A_STRUCTURAL_AFTER_TP1,"[0.4, 0.3, 0.3]",STRUCTURAL,-1.0,900.0,23.400000000000002,,0.0,0,,1,233,,1,-23.40000000000009,INSUFFICIENT_SAMPLE,-23.400000000000002,8.905115989135759e-05,UNION_ENTRY_BAR_START_TO_EXIT_INCLUDES_UNKNOWN_PRE_TOUCH_PART_OF_ENTRY_BAR,4.041688980139645,,1146.6,-19.358311019860356,23.400000000000002,0,INSUFFICIENT_SAMPLE,1170.0,1,1,0,1.0,1,11479500.0,0.023238261312207843,-1.0,WITHHELD_BELOW_50_COMPARABLE_CLOSED_TRADES,-23.400000000000002,0,,0,0.0,WITHHELD_BELOW_90_DAILY_RETURNS_OR_30_CLOSED_TRADES,6,0.16666666666666666,-23.40000000000009,23.400000000000002,4097,,0,1.3472289396029362,,0.0,0.0,0.0,OBSERVED_HITS_PER_ENTRY_CENSORED_OPEN_TRADES_NOT_ASSUMED_FAILED,False,0.13010374460127344,NULL_WHEN_NO_TRADES_OR_NO_LOSSES,0,0.0,0,False,True,True
development_60_5,limit_60_5,DEVELOPMENT,BYBIT_2026_DEVELOPMENT,60,5,2026-01-27T12:00:00+00:00,2026-09-22T11:15:00+00:00,A_40_30_30_BE_TP1,"[0.4, 0.3, 0.3]",TP1,-1.0,184200.0,23.400000000000002,,0.0,0,,1,237,,1,-23.399999999999864,INSUFFICIENT_SAMPLE,-23.400000000000002,0.008973517181002408,UNION_ENTRY_BAR_START_TO_EXIT_INCLUDES_UNKNOWN_PRE_TOUCH_PART_OF_ENTRY_BAR,1.544335808320855,,1146.6000000000001,-21.855664191679146,23.400000000000002,0,INSUFFICIENT_SAMPLE,1170.0,0,1,0,1.0,1,202500.0,0.06535608677470964,-1.0,WITHHELD_BELOW_50_COMPARABLE_CLOSED_TRADES,-23.400000000000002,0,,0,0.0,WITHHELD_BELOW_90_DAILY_RETURNS_OR_30_CLOSED_TRADES,5,0.2,-23.399999999999864,23.400000000000002,6367,,1,0.5147777491380959,,0.0,0.0,0.0,OBSERVED_HITS_PER_ENTRY_CENSORED_OPEN_TRADES_NOT_ASSUMED_FAILED,False,0.12790544977019042,NULL_WHEN_NO_TRADES_OR_NO_LOSSES,0,0.0,0,True,True,True
development_60_5,limit_60_5,DEVELOPMENT,BYBIT_2026_DEVELOPMENT,60,5,2026-01-27T12:00:00+00:00,2026-09-22T11:15:00+00:00,B_30_30_40_BE_TP1,"[0.3, 0.3, 0.4]",TP1,-1.0,184200.0,23.400000000000002,,0.0,0,,1,237,,1,-23.399999999999864,INSUFFICIENT_SAMPLE,-23.400000000000002,0.008973517181002408,UNION_ENTRY_BAR_START_TO_EXIT_INCLUDES_UNKNOWN_PRE_TOUCH_PART_OF_ENTRY_BAR,1.544335808320855,,1146.6000000000001,-21.855664191679146,23.400000000000002,0,INSUFFICIENT_SAMPLE,1170.0,0,1,0,1.0,1,202500.0,0.06535608677470964,-1.0,WITHHELD_BELOW_50_COMPARABLE_CLOSED_TRADES,-23.400000000000002,0,,0,0.0,WITHHELD_BELOW_90_DAILY_RETURNS_OR_30_CLOSED_TRADES,5,0.2,-23.399999999999864,23.400000000000002,6367,,1,0.5147777491380959,,0.0,0.0,0.0,OBSERVED_HITS_PER_ENTRY_CENSORED_OPEN_TRADES_NOT_ASSUMED_FAILED,False,0.12790544977019042,NULL_WHEN_NO_TRADES_OR_NO_LOSSES,0,0.0,0,False,True,True
development_60_5,limit_60_5,DEVELOPMENT,BYBIT_2026_DEVELOPMENT,60,5,2026-01-27T12:00:00+00:00,2026-09-22T11:15:00+00:00,C_25_25_50_BE_TP1,"[0.25, 0.25, 0.5]",TP1,-1.0,184200.0,23.400000000000002,,0.0,0,,1,237,,1,-23.399999999999864,INSUFFICIENT_SAMPLE,-23.400000000000002,0.008973517181002408,UNION_ENTRY_BAR_START_TO_EXIT_INCLUDES_UNKNOWN_PRE_TOUCH_PART_OF_ENTRY_BAR,1.544335808320855,,1146.6000000000001,-21.855664191679146,23.400000000000002,0,INSUFFICIENT_SAMPLE,1170.0,0,1,0,1.0,1,202500.0,0.06535608677470964,-1.0,WITHHELD_BELOW_50_COMPARABLE_CLOSED_TRADES,-23.400000000000002,0,,0,0.0,WITHHELD_BELOW_90_DAILY_RETURNS_OR_30_CLOSED_TRADES,5,0.2,-23.399999999999864,23.400000000000002,6367,,1,0.5147777491380959,,0.0,0.0,0.0,OBSERVED_HITS_PER_ENTRY_CENSORED_OPEN_TRADES_NOT_ASSUMED_FAILED,False,0.12790544977019042,NULL_WHEN_NO_TRADES_OR_NO_LOSSES,0,0.0,0,False,True,True
development_60_5,limit_60_5,DEVELOPMENT,BYBIT_2026_DEVELOPMENT,60,5,2026-01-27T12:00:00+00:00,2026-09-22T11:15:00+00:00,D_25_35_40_BE_TP1,"[0.25, 0.35, 0.4]",TP1,-1.0,184200.0,23.400000000000002,,0.0,0,,1,237,,1,-23.399999999999864,INSUFFICIENT_SAMPLE,-23.400000000000002,0.008973517181002408,UNION_ENTRY_BAR_START_TO_EXIT_INCLUDES_UNKNOWN_PRE_TOUCH_PART_OF_ENTRY_BAR,1.544335808320855,,1146.6000000000001,-21.855664191679146,23.400000000000002,0,INSUFFICIENT_SAMPLE,1170.0,0,1,0,1.0,1,202500.0,0.06535608677470964,-1.0,WITHHELD_BELOW_50_COMPARABLE_CLOSED_TRADES,-23.400000000000002,0,,0,0.0,WITHHELD_BELOW_90_DAILY_RETURNS_OR_30_CLOSED_TRADES,5,0.2,-23.399999999999864,23.400000000000002,6367,,1,0.5147777491380959,,0.0,0.0,0.0,OBSERVED_HITS_PER_ENTRY_CENSORED_OPEN_TRADES_NOT_ASSUMED_FAILED,False,0.12790544977019042,NULL_WHEN_NO_TRADES_OR_NO_LOSSES,0,0.0,0,False,True,True
development_60_5,limit_60_5,DEVELOPMENT,BYBIT_2026_DEVELOPMENT,60,5,2026-01-27T12:00:00+00:00,2026-09-22T11:15:00+00:00,A_BE_LATER_CLOSE,"[0.4, 0.3, 0.3]",LATER_CLOSE,-1.0,184200.0,23.400000000000002,,0.0,0,,1,237,,1,-23.399999999999864,INSUFFICIENT_SAMPLE,-23.400000000000002,0.008973517181002408,UNION_ENTRY_BAR_START_TO_EXIT_INCLUDES_UNKNOWN_PRE_TOUCH_PART_OF_ENTRY_BAR,1.544335808320855,,1146.6000000000001,-21.855664191679146,23.400000000000002,0,INSUFFICIENT_SAMPLE,1170.0,0,1,0,1.0,1,202500.0,0.06535608677470964,-1.0,WITHHELD_BELOW_50_COMPARABLE_CLOSED_TRADES,-23.400000000000002,0,,0,0.0,WITHHELD_BELOW_90_DAILY_RETURNS_OR_30_CLOSED_TRADES,5,0.2,-23.399999999999864,23.400000000000002,6367,,1,0.5147777491380959,,0.0,0.0,0.0,OBSERVED_HITS_PER_ENTRY_CENSORED_OPEN_TRADES_NOT_ASSUMED_FAILED,False,0.12790544977019042,NULL_WHEN_NO_TRADES_OR_NO_LOSSES,0,0.0,0,False,True,True
development_60_5,limit_60_5,DEVELOPMENT,BYBIT_2026_DEVELOPMENT,60,5,2026-01-27T12:00:00+00:00,2026-09-22T11:15:00+00:00,A_ORIGINAL_SL_UNTIL_TP2,"[0.4, 0.3, 0.3]",TP2,-1.0,184200.0,23.400000000000002,,0.0,0,,1,237,,1,-23.399999999999864,INSUFFICIENT_SAMPLE,-23.400000000000002,0.008973517181002408,UNION_ENTRY_BAR_START_TO_EXIT_INCLUDES_UNKNOWN_PRE_TOUCH_PART_OF_ENTRY_BAR,1.544335808320855,,1146.6000000000001,-21.855664191679146,23.400000000000002,0,INSUFFICIENT_SAMPLE,1170.0,0,1,0,1.0,1,202500.0,0.06535608677470964,-1.0,WITHHELD_BELOW_50_COMPARABLE_CLOSED_TRADES,-23.400000000000002,0,,0,0.0,WITHHELD_BELOW_90_DAILY_RETURNS_OR_30_CLOSED_TRADES,5,0.2,-23.399999999999864,23.400000000000002,6367,,1,0.5147777491380959,,0.0,0.0,0.0,OBSERVED_HITS_PER_ENTRY_CENSORED_OPEN_TRADES_NOT_ASSUMED_FAILED,False,0.12790544977019042,NULL_WHEN_NO_TRADES_OR_NO_LOSSES,0,0.0,0,False,True,True
development_60_5,limit_60_5,DEVELOPMENT,BYBIT_2026_DEVELOPMENT,60,5,2026-01-27T12:00:00+00:00,2026-09-22T11:15:00+00:00,A_STRUCTURAL_AFTER_TP1,"[0.4, 0.3, 0.3]",STRUCTURAL,-1.0,184200.0,23.400000000000002,,0.0,0,,1,237,,1,-23.399999999999864,INSUFFICIENT_SAMPLE,-23.400000000000002,0.008973517181002408,UNION_ENTRY_BAR_START_TO_EXIT_INCLUDES_UNKNOWN_PRE_TOUCH_PART_OF_ENTRY_BAR,1.544335808320855,,1146.6000000000001,-21.855664191679146,23.400000000000002,0,INSUFFICIENT_SAMPLE,1170.0,0,1,0,1.0,1,202500.0,0.06535608677470964,-1.0,WITHHELD_BELOW_50_COMPARABLE_CLOSED_TRADES,-23.400000000000002,0,,0,0.0,WITHHELD_BELOW_90_DAILY_RETURNS_OR_30_CLOSED_TRADES,5,0.2,-23.399999999999864,23.400000000000002,6367,,1,0.5147777491380959,,0.0,0.0,0.0,OBSERVED_HITS_PER_ENTRY_CENSORED_OPEN_TRADES_NOT_ASSUMED_FAILED,False,0.12790544977019042,NULL_WHEN_NO_TRADES_OR_NO_LOSSES,0,0.0,0,False,True,True
exit_untouched_btc_2019,EXIT_HOLDOUT_SEGMENT_17,EXIT_UNTOUCHED_RESERVE,binance,60,5,2019-10-01T00:00:00+00:00,2019-11-13T02:00:00+00:00,A_40_30_30_BE_TP1,"[0.4, 0.3, 0.3]",TP1,,,,,,0,,0,43,,0,0,INSUFFICIENT_SAMPLE,,0.0,UNION_ENTRY_BAR_START_TO_EXIT_INCLUDES_UNKNOWN_PRE_TOUCH_PART_OF_ENTRY_BAR,0.0,,1170,0,0,0,INSUFFICIENT_SAMPLE,1170,0,0,0,,0,0.0,0.0,,WITHHELD_BELOW_50_COMPARABLE_CLOSED_TRADES,0,0,,0,,WITHHELD_BELOW_90_DAILY_RETURNS_OR_30_CLOSED_TRADES,0,,0,0.0,282,,0,0.0,,,,,OBSERVED_HITS_PER_ENTRY_CENSORED_OPEN_TRADES_NOT_ASSUMED_FAILED,False,0.0,NULL_WHEN_NO_TRADES_OR_NO_LOSSES,0,,0,True,True,True
exit_untouched_btc_2019,EXIT_HOLDOUT_SEGMENT_17,EXIT_UNTOUCHED_RESERVE,binance,60,5,2019-10-01T00:00:00+00:00,2019-11-13T02:00:00+00:00,B_30_30_40_BE_TP1,"[0.3, 0.3, 0.4]",TP1,,,,,,0,,0,43,,0,0,INSUFFICIENT_SAMPLE,,0.0,UNION_ENTRY_BAR_START_TO_EXIT_INCLUDES_UNKNOWN_PRE_TOUCH_PART_OF_ENTRY_BAR,0.0,,1170,0,0,0,INSUFFICIENT_SAMPLE,1170,0,0,0,,0,0.0,0.0,,WITHHELD_BELOW_50_COMPARABLE_CLOSED_TRADES,0,0,,0,,WITHHELD_BELOW_90_DAILY_RETURNS_OR_30_CLOSED_TRADES,0,,0,0.0,282,,0,0.0,,,,,OBSERVED_HITS_PER_ENTRY_CENSORED_OPEN_TRADES_NOT_ASSUMED_FAILED,False,0.0,NULL_WHEN_NO_TRADES_OR_NO_LOSSES,0,,0,False,True,True
exit_untouched_btc_2019,EXIT_HOLDOUT_SEGMENT_17,EXIT_UNTOUCHED_RESERVE,binance,60,5,2019-10-01T00:00:00+00:00,2019-11-13T02:00:00+00:00,C_25_25_50_BE_TP1,"[0.25, 0.25, 0.5]",TP1,,,,,,0,,0,43,,0,0,INSUFFICIENT_SAMPLE,,0.0,UNION_ENTRY_BAR_START_TO_EXIT_INCLUDES_UNKNOWN_PRE_TOUCH_PART_OF_ENTRY_BAR,0.0,,1170,0,0,0,INSUFFICIENT_SAMPLE,1170,0,0,0,,0,0.0,0.0,,WITHHELD_BELOW_50_COMPARABLE_CLOSED_TRADES,0,0,,0,,WITHHELD_BELOW_90_DAILY_RETURNS_OR_30_CLOSED_TRADES,0,,0,0.0,282,,0,0.0,,,,,OBSERVED_HITS_PER_ENTRY_CENSORED_OPEN_TRADES_NOT_ASSUMED_FAILED,False,0.0,NULL_WHEN_NO_TRADES_OR_NO_LOSSES,0,,0,False,True,True
exit_untouched_btc_2019,EXIT_HOLDOUT_SEGMENT_17,EXIT_UNTOUCHED_RESERVE,binance,60,5,2019-10-01T00:00:00+00:00,2019-11-13T02:00:00+00:00,D_25_35_40_BE_TP1,"[0.25, 0.35, 0.4]",TP1,,,,,,0,,0,43,,0,0,INSUFFICIENT_SAMPLE,,0.0,UNION_ENTRY_BAR_START_TO_EXIT_INCLUDES_UNKNOWN_PRE_TOUCH_PART_OF_ENTRY_BAR,0.0,,1170,0,0,0,INSUFFICIENT_SAMPLE,1170,0,0,0,,0,0.0,0.0,,WITHHELD_BELOW_50_COMPARABLE_CLOSED_TRADES,0,0,,0,,WITHHELD_BELOW_90_DAILY_RETURNS_OR_30_CLOSED_TRADES,0,,0,0.0,282,,0,0.0,,,,,OBSERVED_HITS_PER_ENTRY_CENSORED_OPEN_TRADES_NOT_ASSUMED_FAILED,False,0.0,NULL_WHEN_NO_TRADES_OR_NO_LOSSES,0,,0,False,True,True
exit_untouched_btc_2019,EXIT_HOLDOUT_SEGMENT_17,EXIT_UNTOUCHED_RESERVE,binance,60,5,2019-10-01T00:00:00+00:00,2019-11-13T02:00:00+00:00,A_BE_LATER_CLOSE,"[0.4, 0.3, 0.3]",LATER_CLOSE,,,,,,0,,0,43,,0,0,INSUFFICIENT_SAMPLE,,0.0,UNION_ENTRY_BAR_START_TO_EXIT_INCLUDES_UNKNOWN_PRE_TOUCH_PART_OF_ENTRY_BAR,0.0,,1170,0,0,0,INSUFFICIENT_SAMPLE,1170,0,0,0,,0,0.0,0.0,,WITHHELD_BELOW_50_COMPARABLE_CLOSED_TRADES,0,0,,0,,WITHHELD_BELOW_90_DAILY_RETURNS_OR_30_CLOSED_TRADES,0,,0,0.0,282,,0,0.0,,,,,OBSERVED_HITS_PER_ENTRY_CENSORED_OPEN_TRADES_NOT_ASSUMED_FAILED,False,0.0,NULL_WHEN_NO_TRADES_OR_NO_LOSSES,0,,0,False,True,True
exit_untouched_btc_2019,EXIT_HOLDOUT_SEGMENT_17,EXIT_UNTOUCHED_RESERVE,binance,60,5,2019-10-01T00:00:00+00:00,2019-11-13T02:00:00+00:00,A_ORIGINAL_SL_UNTIL_TP2,"[0.4, 0.3, 0.3]",TP2,,,,,,0,,0,43,,0,0,INSUFFICIENT_SAMPLE,,0.0,UNION_ENTRY_BAR_START_TO_EXIT_INCLUDES_UNKNOWN_PRE_TOUCH_PART_OF_ENTRY_BAR,0.0,,1170,0,0,0,INSUFFICIENT_SAMPLE,1170,0,0,0,,0,0.0,0.0,,WITHHELD_BELOW_50_COMPARABLE_CLOSED_TRADES,0,0,,0,,WITHHELD_BELOW_90_DAILY_RETURNS_OR_30_CLOSED_TRADES,0,,0,0.0,282,,0,0.0,,,,,OBSERVED_HITS_PER_ENTRY_CENSORED_OPEN_TRADES_NOT_ASSUMED_FAILED,False,0.0,NULL_WHEN_NO_TRADES_OR_NO_LOSSES,0,,0,False,True,True
exit_untouched_btc_2019,EXIT_HOLDOUT_SEGMENT_17,EXIT_UNTOUCHED_RESERVE,binance,60,5,2019-10-01T00:00:00+00:00,2019-11-13T02:00:00+00:00,A_STRUCTURAL_AFTER_TP1,"[0.4, 0.3, 0.3]",STRUCTURAL,,,,,,0,,0,43,,0,0,INSUFFICIENT_SAMPLE,,0.0,UNION_ENTRY_BAR_START_TO_EXIT_INCLUDES_UNKNOWN_PRE_TOUCH_PART_OF_ENTRY_BAR,0.0,,1170,0,0,0,INSUFFICIENT_SAMPLE,1170,0,0,0,,0,0.0,0.0,,WITHHELD_BELOW_50_COMPARABLE_CLOSED_TRADES,0,0,,0,,WITHHELD_BELOW_90_DAILY_RETURNS_OR_30_CLOSED_TRADES,0,,0,0.0,282,,0,0.0,,,,,OBSERVED_HITS_PER_ENTRY_CENSORED_OPEN_TRADES_NOT_ASSUMED_FAILED,False,0.0,NULL_WHEN_NO_TRADES_OR_NO_LOSSES,0,,0,False,True,True
exit_untouched_btc_2019,EXIT_HOLDOUT_SEGMENT_19,EXIT_UNTOUCHED_RESERVE,binance,60,5,2019-11-15T05:35:00+00:00,2019-11-25T02:00:00+00:00,A_40_30_30_BE_TP1,"[0.4, 0.3, 0.3]",TP1,,,,,,0,,0,9,,0,0,INSUFFICIENT_SAMPLE,,0.0,UNION_ENTRY_BAR_START_TO_EXIT_INCLUDES_UNKNOWN_PRE_TOUCH_PART_OF_ENTRY_BAR,0.0,,1170,0,0,0,INSUFFICIENT_SAMPLE,1170,0,0,0,,0,0.0,0.0,,WITHHELD_BELOW_50_COMPARABLE_CLOSED_TRADES,0,0,,0,,WITHHELD_BELOW_90_DAILY_RETURNS_OR_30_CLOSED_TRADES,0,,0,0.0,23,,0,0.0,,,,,OBSERVED_HITS_PER_ENTRY_CENSORED_OPEN_TRADES_NOT_ASSUMED_FAILED,False,0.0,NULL_WHEN_NO_TRADES_OR_NO_LOSSES,0,,0,True,True,True
exit_untouched_btc_2019,EXIT_HOLDOUT_SEGMENT_19,EXIT_UNTOUCHED_RESERVE,binance,60,5,2019-11-15T05:35:00+00:00,2019-11-25T02:00:00+00:00,B_30_30_40_BE_TP1,"[0.3, 0.3, 0.4]",TP1,,,,,,0,,0,9,,0,0,INSUFFICIENT_SAMPLE,,0.0,UNION_ENTRY_BAR_START_TO_EXIT_INCLUDES_UNKNOWN_PRE_TOUCH_PART_OF_ENTRY_BAR,0.0,,1170,0,0,0,INSUFFICIENT_SAMPLE,1170,0,0,0,,0,0.0,0.0,,WITHHELD_BELOW_50_COMPARABLE_CLOSED_TRADES,0,0,,0,,WITHHELD_BELOW_90_DAILY_RETURNS_OR_30_CLOSED_TRADES,0,,0,0.0,23,,0,0.0,,,,,OBSERVED_HITS_PER_ENTRY_CENSORED_OPEN_TRADES_NOT_ASSUMED_FAILED,False,0.0,NULL_WHEN_NO_TRADES_OR_NO_LOSSES,0,,0,False,True,True
exit_untouched_btc_2019,EXIT_HOLDOUT_SEGMENT_19,EXIT_UNTOUCHED_RESERVE,binance,60,5,2019-11-15T05:35:00+00:00,2019-11-25T02:00:00+00:00,C_25_25_50_BE_TP1,"[0.25, 0.25, 0.5]",TP1,,,,,,0,,0,9,,0,0,INSUFFICIENT_SAMPLE,,0.0,UNION_ENTRY_BAR_START_TO_EXIT_INCLUDES_UNKNOWN_PRE_TOUCH_PART_OF_ENTRY_BAR,0.0,,1170,0,0,0,INSUFFICIENT_SAMPLE,1170,0,0,0,,0,0.0,0.0,,WITHHELD_BELOW_50_COMPARABLE_CLOSED_TRADES,0,0,,0,,WITHHELD_BELOW_90_DAILY_RETURNS_OR_30_CLOSED_TRADES,0,,0,0.0,23,,0,0.0,,,,,OBSERVED_HITS_PER_ENTRY_CENSORED_OPEN_TRADES_NOT_ASSUMED_FAILED,False,0.0,NULL_WHEN_NO_TRADES_OR_NO_LOSSES,0,,0,False,True,True
exit_untouched_btc_2019,EXIT_HOLDOUT_SEGMENT_19,EXIT_UNTOUCHED_RESERVE,binance,60,5,2019-11-15T05:35:00+00:00,2019-11-25T02:00:00+00:00,D_25_35_40_BE_TP1,"[0.25, 0.35, 0.4]",TP1,,,,,,0,,0,9,,0,0,INSUFFICIENT_SAMPLE,,0.0,UNION_ENTRY_BAR_START_TO_EXIT_INCLUDES_UNKNOWN_PRE_TOUCH_PART_OF_ENTRY_BAR,0.0,,1170,0,0,0,INSUFFICIENT_SAMPLE,1170,0,0,0,,0,0.0,0.0,,WITHHELD_BELOW_50_COMPARABLE_CLOSED_TRADES,0,0,,0,,WITHHELD_BELOW_90_DAILY_RETURNS_OR_30_CLOSED_TRADES,0,,0,0.0,23,,0,0.0,,,,,OBSERVED_HITS_PER_ENTRY_CENSORED_OPEN_TRADES_NOT_ASSUMED_FAILED,False,0.0,NULL_WHEN_NO_TRADES_OR_NO_LOSSES,0,,0,False,True,True
exit_untouched_btc_2019,EXIT_HOLDOUT_SEGMENT_19,EXIT_UNTOUCHED_RESERVE,binance,60,5,2019-11-15T05:35:00+00:00,2019-11-25T02:00:00+00:00,A_BE_LATER_CLOSE,"[0.4, 0.3, 0.3]",LATER_CLOSE,,,,,,0,,0,9,,0,0,INSUFFICIENT_SAMPLE,,0.0,UNION_ENTRY_BAR_START_TO_EXIT_INCLUDES_UNKNOWN_PRE_TOUCH_PART_OF_ENTRY_BAR,0.0,,1170,0,0,0,INSUFFICIENT_SAMPLE,1170,0,0,0,,0,0.0,0.0,,WITHHELD_BELOW_50_COMPARABLE_CLOSED_TRADES,0,0,,0,,WITHHELD_BELOW_90_DAILY_RETURNS_OR_30_CLOSED_TRADES,0,,0,0.0,23,,0,0.0,,,,,OBSERVED_HITS_PER_ENTRY_CENSORED_OPEN_TRADES_NOT_ASSUMED_FAILED,False,0.0,NULL_WHEN_NO_TRADES_OR_NO_LOSSES,0,,0,False,True,True
exit_untouched_btc_2019,EXIT_HOLDOUT_SEGMENT_19,EXIT_UNTOUCHED_RESERVE,binance,60,5,2019-11-15T05:35:00+00:00,2019-11-25T02:00:00+00:00,A_ORIGINAL_SL_UNTIL_TP2,"[0.4, 0.3, 0.3]",TP2,,,,,,0,,0,9,,0,0,INSUFFICIENT_SAMPLE,,0.0,UNION_ENTRY_BAR_START_TO_EXIT_INCLUDES_UNKNOWN_PRE_TOUCH_PART_OF_ENTRY_BAR,0.0,,1170,0,0,0,INSUFFICIENT_SAMPLE,1170,0,0,0,,0,0.0,0.0,,WITHHELD_BELOW_50_COMPARABLE_CLOSED_TRADES,0,0,,0,,WITHHELD_BELOW_90_DAILY_RETURNS_OR_30_CLOSED_TRADES,0,,0,0.0,23,,0,0.0,,,,,OBSERVED_HITS_PER_ENTRY_CENSORED_OPEN_TRADES_NOT_ASSUMED_FAILED,False,0.0,NULL_WHEN_NO_TRADES_OR_NO_LOSSES,0,,0,False,True,True
exit_untouched_btc_2019,EXIT_HOLDOUT_SEGMENT_19,EXIT_UNTOUCHED_RESERVE,binance,60,5,2019-11-15T05:35:00+00:00,2019-11-25T02:00:00+00:00,A_STRUCTURAL_AFTER_TP1,"[0.4, 0.3, 0.3]",STRUCTURAL,,,,,,0,,0,9,,0,0,INSUFFICIENT_SAMPLE,,0.0,UNION_ENTRY_BAR_START_TO_EXIT_INCLUDES_UNKNOWN_PRE_TOUCH_PART_OF_ENTRY_BAR,0.0,,1170,0,0,0,INSUFFICIENT_SAMPLE,1170,0,0,0,,0,0.0,0.0,,WITHHELD_BELOW_50_COMPARABLE_CLOSED_TRADES,0,0,,0,,WITHHELD_BELOW_90_DAILY_RETURNS_OR_30_CLOSED_TRADES,0,,0,0.0,23,,0,0.0,,,,,OBSERVED_HITS_PER_ENTRY_CENSORED_OPEN_TRADES_NOT_ASSUMED_FAILED,False,0.0,NULL_WHEN_NO_TRADES_OR_NO_LOSSES,0,,0,False,True,True
exit_untouched_btc_2019,EXIT_HOLDOUT_SEGMENT_20,EXIT_UNTOUCHED_RESERVE,binance,60,5,2019-11-27T04:00:00+00:00,2020-01-01T00:00:00+00:00,A_40_30_30_BE_TP1,"[0.4, 0.3, 0.3]",TP1,,,,,,0,,0,34,,0,0,INSUFFICIENT_SAMPLE,,0.0,UNION_ENTRY_BAR_START_TO_EXIT_INCLUDES_UNKNOWN_PRE_TOUCH_PART_OF_ENTRY_BAR,0.0,,1170,0,0,0,INSUFFICIENT_SAMPLE,1170,0,0,0,,0,0.0,0.0,,WITHHELD_BELOW_50_COMPARABLE_CLOSED_TRADES,0,0,,0,,WITHHELD_BELOW_90_DAILY_RETURNS_OR_30_CLOSED_TRADES,0,,0,0.0,90,,0,0.0,,,,,OBSERVED_HITS_PER_ENTRY_CENSORED_OPEN_TRADES_NOT_ASSUMED_FAILED,False,0.0,NULL_WHEN_NO_TRADES_OR_NO_LOSSES,0,,0,True,True,True
exit_untouched_btc_2019,EXIT_HOLDOUT_SEGMENT_20,EXIT_UNTOUCHED_RESERVE,binance,60,5,2019-11-27T04:00:00+00:00,2020-01-01T00:00:00+00:00,B_30_30_40_BE_TP1,"[0.3, 0.3, 0.4]",TP1,,,,,,0,,0,34,,0,0,INSUFFICIENT_SAMPLE,,0.0,UNION_ENTRY_BAR_START_TO_EXIT_INCLUDES_UNKNOWN_PRE_TOUCH_PART_OF_ENTRY_BAR,0.0,,1170,0,0,0,INSUFFICIENT_SAMPLE,1170,0,0,0,,0,0.0,0.0,,WITHHELD_BELOW_50_COMPARABLE_CLOSED_TRADES,0,0,,0,,WITHHELD_BELOW_90_DAILY_RETURNS_OR_30_CLOSED_TRADES,0,,0,0.0,90,,0,0.0,,,,,OBSERVED_HITS_PER_ENTRY_CENSORED_OPEN_TRADES_NOT_ASSUMED_FAILED,False,0.0,NULL_WHEN_NO_TRADES_OR_NO_LOSSES,0,,0,False,True,True
exit_untouched_btc_2019,EXIT_HOLDOUT_SEGMENT_20,EXIT_UNTOUCHED_RESERVE,binance,60,5,2019-11-27T04:00:00+00:00,2020-01-01T00:00:00+00:00,C_25_25_50_BE_TP1,"[0.25, 0.25, 0.5]",TP1,,,,,,0,,0,34,,0,0,INSUFFICIENT_SAMPLE,,0.0,UNION_ENTRY_BAR_START_TO_EXIT_INCLUDES_UNKNOWN_PRE_TOUCH_PART_OF_ENTRY_BAR,0.0,,1170,0,0,0,INSUFFICIENT_SAMPLE,1170,0,0,0,,0,0.0,0.0,,WITHHELD_BELOW_50_COMPARABLE_CLOSED_TRADES,0,0,,0,,WITHHELD_BELOW_90_DAILY_RETURNS_OR_30_CLOSED_TRADES,0,,0,0.0,90,,0,0.0,,,,,OBSERVED_HITS_PER_ENTRY_CENSORED_OPEN_TRADES_NOT_ASSUMED_FAILED,False,0.0,NULL_WHEN_NO_TRADES_OR_NO_LOSSES,0,,0,False,True,True
exit_untouched_btc_2019,EXIT_HOLDOUT_SEGMENT_20,EXIT_UNTOUCHED_RESERVE,binance,60,5,2019-11-27T04:00:00+00:00,2020-01-01T00:00:00+00:00,D_25_35_40_BE_TP1,"[0.25, 0.35, 0.4]",TP1,,,,,,0,,0,34,,0,0,INSUFFICIENT_SAMPLE,,0.0,UNION_ENTRY_BAR_START_TO_EXIT_INCLUDES_UNKNOWN_PRE_TOUCH_PART_OF_ENTRY_BAR,0.0,,1170,0,0,0,INSUFFICIENT_SAMPLE,1170,0,0,0,,0,0.0,0.0,,WITHHELD_BELOW_50_COMPARABLE_CLOSED_TRADES,0,0,,0,,WITHHELD_BELOW_90_DAILY_RETURNS_OR_30_CLOSED_TRADES,0,,0,0.0,90,,0,0.0,,,,,OBSERVED_HITS_PER_ENTRY_CENSORED_OPEN_TRADES_NOT_ASSUMED_FAILED,False,0.0,NULL_WHEN_NO_TRADES_OR_NO_LOSSES,0,,0,False,True,True
exit_untouched_btc_2019,EXIT_HOLDOUT_SEGMENT_20,EXIT_UNTOUCHED_RESERVE,binance,60,5,2019-11-27T04:00:00+00:00,2020-01-01T00:00:00+00:00,A_BE_LATER_CLOSE,"[0.4, 0.3, 0.3]",LATER_CLOSE,,,,,,0,,0,34,,0,0,INSUFFICIENT_SAMPLE,,0.0,UNION_ENTRY_BAR_START_TO_EXIT_INCLUDES_UNKNOWN_PRE_TOUCH_PART_OF_ENTRY_BAR,0.0,,1170,0,0,0,INSUFFICIENT_SAMPLE,1170,0,0,0,,0,0.0,0.0,,WITHHELD_BELOW_50_COMPARABLE_CLOSED_TRADES,0,0,,0,,WITHHELD_BELOW_90_DAILY_RETURNS_OR_30_CLOSED_TRADES,0,,0,0.0,90,,0,0.0,,,,,OBSERVED_HITS_PER_ENTRY_CENSORED_OPEN_TRADES_NOT_ASSUMED_FAILED,False,0.0,NULL_WHEN_NO_TRADES_OR_NO_LOSSES,0,,0,False,True,True
exit_untouched_btc_2019,EXIT_HOLDOUT_SEGMENT_20,EXIT_UNTOUCHED_RESERVE,binance,60,5,2019-11-27T04:00:00+00:00,2020-01-01T00:00:00+00:00,A_ORIGINAL_SL_UNTIL_TP2,"[0.4, 0.3, 0.3]",TP2,,,,,,0,,0,34,,0,0,INSUFFICIENT_SAMPLE,,0.0,UNION_ENTRY_BAR_START_TO_EXIT_INCLUDES_UNKNOWN_PRE_TOUCH_PART_OF_ENTRY_BAR,0.0,,1170,0,0,0,INSUFFICIENT_SAMPLE,1170,0,0,0,,0,0.0,0.0,,WITHHELD_BELOW_50_COMPARABLE_CLOSED_TRADES,0,0,,0,,WITHHELD_BELOW_90_DAILY_RETURNS_OR_30_CLOSED_TRADES,0,,0,0.0,90,,0,0.0,,,,,OBSERVED_HITS_PER_ENTRY_CENSORED_OPEN_TRADES_NOT_ASSUMED_FAILED,False,0.0,NULL_WHEN_NO_TRADES_OR_NO_LOSSES,0,,0,False,True,True
exit_untouched_btc_2019,EXIT_HOLDOUT_SEGMENT_20,EXIT_UNTOUCHED_RESERVE,binance,60,5,2019-11-27T04:00:00+00:00,2020-01-01T00:00:00+00:00,A_STRUCTURAL_AFTER_TP1,"[0.4, 0.3, 0.3]",STRUCTURAL,,,,,,0,,0,34,,0,0,INSUFFICIENT_SAMPLE,,0.0,UNION_ENTRY_BAR_START_TO_EXIT_INCLUDES_UNKNOWN_PRE_TOUCH_PART_OF_ENTRY_BAR,0.0,,1170,0,0,0,INSUFFICIENT_SAMPLE,1170,0,0,0,,0,0.0,0.0,,WITHHELD_BELOW_50_COMPARABLE_CLOSED_TRADES,0,0,,0,,WITHHELD_BELOW_90_DAILY_RETURNS_OR_30_CLOSED_TRADES,0,,0,0.0,90,,0,0.0,,,,,OBSERVED_HITS_PER_ENTRY_CENSORED_OPEN_TRADES_NOT_ASSUMED_FAILED,False,0.0,NULL_WHEN_NO_TRADES_OR_NO_LOSSES,0,,0,False,True,True
