cohort,htf,ltf,window,segment,status,dimension,value,ready,filled,fill_rate,first_outcomes
bybit,60,15,REFERENCE,0,REPLAY_COMPLETE,symbol,BTCUSDT,0,0,,{}
bybit,60,15,REFERENCE,0,REPLAY_COMPLETE,symbol,ETHUSDT,2,1,0.5,"{""LIMIT_NOT_FILLED_BEFORE_OB_FIRST_TEST_CONSUMED"": 1, ""VIRTUAL_TRADE_CLOSED"": 1}"
bybit,60,15,REFERENCE,0,REPLAY_COMPLETE,direction,LONG,1,1,1.0,"{""VIRTUAL_TRADE_CLOSED"": 1}"
bybit,60,15,REFERENCE,0,REPLAY_COMPLETE,direction,SHORT,1,0,0.0,"{""LIMIT_NOT_FILLED_BEFORE_OB_FIRST_TEST_CONSUMED"": 1}"
bybit,60,15,REFERENCE,0,REPLAY_COMPLETE,ready_regime,BULL,0,0,,{}
bybit,60,15,REFERENCE,0,REPLAY_COMPLETE,ready_regime,BEAR,0,0,,{}
bybit,60,15,REFERENCE,0,REPLAY_COMPLETE,ready_regime,SIDEWAYS,2,1,0.5,"{""LIMIT_NOT_FILLED_BEFORE_OB_FIRST_TEST_CONSUMED"": 1, ""VIRTUAL_TRADE_CLOSED"": 1}"
bybit,60,15,REFERENCE,0,REPLAY_COMPLETE,ready_regime,UNKNOWN,0,0,,{}
bybit,60,15,REFERENCE,0,REPLAY_COMPLETE,ready_volatility_bucket,LOW,0,0,,{}
bybit,60,15,REFERENCE,0,REPLAY_COMPLETE,ready_volatility_bucket,MEDIUM,0,0,,{}
bybit,60,15,REFERENCE,0,REPLAY_COMPLETE,ready_volatility_bucket,HIGH,2,1,0.5,"{""LIMIT_NOT_FILLED_BEFORE_OB_FIRST_TEST_CONSUMED"": 1, ""VIRTUAL_TRADE_CLOSED"": 1}"
bybit,60,15,REFERENCE,0,REPLAY_COMPLETE,ready_volatility_bucket,UNKNOWN,0,0,,{}
bybit,60,15,VALIDATION,0,REPLAY_COMPLETE,symbol,BTCUSDT,2,0,0.0,"{""LIMIT_NOT_FILLED_BEFORE_OB_FIRST_TEST_CONSUMED"": 1, ""TARGET_EVIDENCE_WITHDRAWN"": 1}"
bybit,60,15,VALIDATION,0,REPLAY_COMPLETE,symbol,ETHUSDT,0,0,,{}
bybit,60,15,VALIDATION,0,REPLAY_COMPLETE,direction,LONG,2,0,0.0,"{""LIMIT_NOT_FILLED_BEFORE_OB_FIRST_TEST_CONSUMED"": 1, ""TARGET_EVIDENCE_WITHDRAWN"": 1}"
bybit,60,15,VALIDATION,0,REPLAY_COMPLETE,direction,SHORT,0,0,,{}
bybit,60,15,VALIDATION,0,REPLAY_COMPLETE,ready_regime,BULL,2,0,0.0,"{""LIMIT_NOT_FILLED_BEFORE_OB_FIRST_TEST_CONSUMED"": 1, ""TARGET_EVIDENCE_WITHDRAWN"": 1}"
bybit,60,15,VALIDATION,0,REPLAY_COMPLETE,ready_regime,BEAR,0,0,,{}
bybit,60,15,VALIDATION,0,REPLAY_COMPLETE,ready_regime,SIDEWAYS,0,0,,{}
bybit,60,15,VALIDATION,0,REPLAY_COMPLETE,ready_regime,UNKNOWN,0,0,,{}
bybit,60,15,VALIDATION,0,REPLAY_COMPLETE,ready_volatility_bucket,LOW,0,0,,{}
bybit,60,15,VALIDATION,0,REPLAY_COMPLETE,ready_volatility_bucket,MEDIUM,2,0,0.0,"{""LIMIT_NOT_FILLED_BEFORE_OB_FIRST_TEST_CONSUMED"": 1, ""TARGET_EVIDENCE_WITHDRAWN"": 1}"
bybit,60,15,VALIDATION,0,REPLAY_COMPLETE,ready_volatility_bucket,HIGH,0,0,,{}
bybit,60,15,VALIDATION,0,REPLAY_COMPLETE,ready_volatility_bucket,UNKNOWN,0,0,,{}
bybit,60,15,HOLDOUT,0,REPLAY_COMPLETE,symbol,BTCUSDT,1,0,0.0,"{""ISOLATED_MARGIN_BUDGET"": 1}"
bybit,60,15,HOLDOUT,0,REPLAY_COMPLETE,symbol,ETHUSDT,4,1,0.25,"{""ISOLATED_MARGIN_BUDGET"": 2, ""TARGET_EVIDENCE_WITHDRAWN"": 1, ""VIRTUAL_TRADE_CLOSED"": 1}"
bybit,60,15,HOLDOUT,0,REPLAY_COMPLETE,direction,LONG,4,1,0.25,"{""ISOLATED_MARGIN_BUDGET"": 2, ""TARGET_EVIDENCE_WITHDRAWN"": 1, ""VIRTUAL_TRADE_CLOSED"": 1}"
bybit,60,15,HOLDOUT,0,REPLAY_COMPLETE,direction,SHORT,1,0,0.0,"{""ISOLATED_MARGIN_BUDGET"": 1}"
bybit,60,15,HOLDOUT,0,REPLAY_COMPLETE,ready_regime,BULL,2,0,0.0,"{""ISOLATED_MARGIN_BUDGET"": 2}"
bybit,60,15,HOLDOUT,0,REPLAY_COMPLETE,ready_regime,BEAR,2,1,0.5,"{""TARGET_EVIDENCE_WITHDRAWN"": 1, ""VIRTUAL_TRADE_CLOSED"": 1}"
bybit,60,15,HOLDOUT,0,REPLAY_COMPLETE,ready_regime,SIDEWAYS,1,0,0.0,"{""ISOLATED_MARGIN_BUDGET"": 1}"
bybit,60,15,HOLDOUT,0,REPLAY_COMPLETE,ready_regime,UNKNOWN,0,0,,{}
bybit,60,15,HOLDOUT,0,REPLAY_COMPLETE,ready_volatility_bucket,LOW,0,0,,{}
bybit,60,15,HOLDOUT,0,REPLAY_COMPLETE,ready_volatility_bucket,MEDIUM,4,1,0.25,"{""ISOLATED_MARGIN_BUDGET"": 2, ""TARGET_EVIDENCE_WITHDRAWN"": 1, ""VIRTUAL_TRADE_CLOSED"": 1}"
bybit,60,15,HOLDOUT,0,REPLAY_COMPLETE,ready_volatility_bucket,HIGH,1,0,0.0,"{""ISOLATED_MARGIN_BUDGET"": 1}"
bybit,60,15,HOLDOUT,0,REPLAY_COMPLETE,ready_volatility_bucket,UNKNOWN,0,0,,{}
bybit,60,15,WALK_00,0,REPLAY_COMPLETE,symbol,BTCUSDT,0,0,,{}
bybit,60,15,WALK_00,0,REPLAY_COMPLETE,symbol,ETHUSDT,0,0,,{}
bybit,60,15,WALK_00,0,REPLAY_COMPLETE,direction,LONG,0,0,,{}
bybit,60,15,WALK_00,0,REPLAY_COMPLETE,direction,SHORT,0,0,,{}
bybit,60,15,WALK_00,0,REPLAY_COMPLETE,ready_regime,BULL,0,0,,{}
bybit,60,15,WALK_00,0,REPLAY_COMPLETE,ready_regime,BEAR,0,0,,{}
bybit,60,15,WALK_00,0,REPLAY_COMPLETE,ready_regime,SIDEWAYS,0,0,,{}
bybit,60,15,WALK_00,0,REPLAY_COMPLETE,ready_regime,UNKNOWN,0,0,,{}
bybit,60,15,WALK_00,0,REPLAY_COMPLETE,ready_volatility_bucket,LOW,0,0,,{}
bybit,60,15,WALK_00,0,REPLAY_COMPLETE,ready_volatility_bucket,MEDIUM,0,0,,{}
bybit,60,15,WALK_00,0,REPLAY_COMPLETE,ready_volatility_bucket,HIGH,0,0,,{}
bybit,60,15,WALK_00,0,REPLAY_COMPLETE,ready_volatility_bucket,UNKNOWN,0,0,,{}
bybit,60,15,WALK_01,0,REPLAY_COMPLETE,symbol,BTCUSDT,0,0,,{}
bybit,60,15,WALK_01,0,REPLAY_COMPLETE,symbol,ETHUSDT,0,0,,{}
bybit,60,15,WALK_01,0,REPLAY_COMPLETE,direction,LONG,0,0,,{}
bybit,60,15,WALK_01,0,REPLAY_COMPLETE,direction,SHORT,0,0,,{}
bybit,60,15,WALK_01,0,REPLAY_COMPLETE,ready_regime,BULL,0,0,,{}
bybit,60,15,WALK_01,0,REPLAY_COMPLETE,ready_regime,BEAR,0,0,,{}
bybit,60,15,WALK_01,0,REPLAY_COMPLETE,ready_regime,SIDEWAYS,0,0,,{}
bybit,60,15,WALK_01,0,REPLAY_COMPLETE,ready_regime,UNKNOWN,0,0,,{}
bybit,60,15,WALK_01,0,REPLAY_COMPLETE,ready_volatility_bucket,LOW,0,0,,{}
bybit,60,15,WALK_01,0,REPLAY_COMPLETE,ready_volatility_bucket,MEDIUM,0,0,,{}
bybit,60,15,WALK_01,0,REPLAY_COMPLETE,ready_volatility_bucket,HIGH,0,0,,{}
bybit,60,15,WALK_01,0,REPLAY_COMPLETE,ready_volatility_bucket,UNKNOWN,0,0,,{}
bybit,60,15,WALK_02,0,REPLAY_COMPLETE,symbol,BTCUSDT,0,0,,{}
bybit,60,15,WALK_02,0,REPLAY_COMPLETE,symbol,ETHUSDT,0,0,,{}
bybit,60,15,WALK_02,0,REPLAY_COMPLETE,direction,LONG,0,0,,{}
bybit,60,15,WALK_02,0,REPLAY_COMPLETE,direction,SHORT,0,0,,{}
bybit,60,15,WALK_02,0,REPLAY_COMPLETE,ready_regime,BULL,0,0,,{}
bybit,60,15,WALK_02,0,REPLAY_COMPLETE,ready_regime,BEAR,0,0,,{}
bybit,60,15,WALK_02,0,REPLAY_COMPLETE,ready_regime,SIDEWAYS,0,0,,{}
bybit,60,15,WALK_02,0,REPLAY_COMPLETE,ready_regime,UNKNOWN,0,0,,{}
bybit,60,15,WALK_02,0,REPLAY_COMPLETE,ready_volatility_bucket,LOW,0,0,,{}
bybit,60,15,WALK_02,0,REPLAY_COMPLETE,ready_volatility_bucket,MEDIUM,0,0,,{}
bybit,60,15,WALK_02,0,REPLAY_COMPLETE,ready_volatility_bucket,HIGH,0,0,,{}
bybit,60,15,WALK_02,0,REPLAY_COMPLETE,ready_volatility_bucket,UNKNOWN,0,0,,{}
bybit,60,15,WALK_03,0,REPLAY_COMPLETE,symbol,BTCUSDT,0,0,,{}
bybit,60,15,WALK_03,0,REPLAY_COMPLETE,symbol,ETHUSDT,0,0,,{}
bybit,60,15,WALK_03,0,REPLAY_COMPLETE,direction,LONG,0,0,,{}
bybit,60,15,WALK_03,0,REPLAY_COMPLETE,direction,SHORT,0,0,,{}
bybit,60,15,WALK_03,0,REPLAY_COMPLETE,ready_regime,BULL,0,0,,{}
bybit,60,15,WALK_03,0,REPLAY_COMPLETE,ready_regime,BEAR,0,0,,{}
bybit,60,15,WALK_03,0,REPLAY_COMPLETE,ready_regime,SIDEWAYS,0,0,,{}
bybit,60,15,WALK_03,0,REPLAY_COMPLETE,ready_regime,UNKNOWN,0,0,,{}
bybit,60,15,WALK_03,0,REPLAY_COMPLETE,ready_volatility_bucket,LOW,0,0,,{}
bybit,60,15,WALK_03,0,REPLAY_COMPLETE,ready_volatility_bucket,MEDIUM,0,0,,{}
bybit,60,15,WALK_03,0,REPLAY_COMPLETE,ready_volatility_bucket,HIGH,0,0,,{}
bybit,60,15,WALK_03,0,REPLAY_COMPLETE,ready_volatility_bucket,UNKNOWN,0,0,,{}
bybit,60,15,WALK_04,0,REPLAY_COMPLETE,symbol,BTCUSDT,0,0,,{}
bybit,60,15,WALK_04,0,REPLAY_COMPLETE,symbol,ETHUSDT,1,0,0.0,"{""LIMIT_NOT_FILLED_BEFORE_OB_FIRST_TEST_CONSUMED"": 1}"
bybit,60,15,WALK_04,0,REPLAY_COMPLETE,direction,LONG,0,0,,{}
bybit,60,15,WALK_04,0,REPLAY_COMPLETE,direction,SHORT,1,0,0.0,"{""LIMIT_NOT_FILLED_BEFORE_OB_FIRST_TEST_CONSUMED"": 1}"
bybit,60,15,WALK_04,0,REPLAY_COMPLETE,ready_regime,BULL,0,0,,{}
bybit,60,15,WALK_04,0,REPLAY_COMPLETE,ready_regime,BEAR,0,0,,{}
bybit,60,15,WALK_04,0,REPLAY_COMPLETE,ready_regime,SIDEWAYS,1,0,0.0,"{""LIMIT_NOT_FILLED_BEFORE_OB_FIRST_TEST_CONSUMED"": 1}"
bybit,60,15,WALK_04,0,REPLAY_COMPLETE,ready_regime,UNKNOWN,0,0,,{}
bybit,60,15,WALK_04,0,REPLAY_COMPLETE,ready_volatility_bucket,LOW,0,0,,{}
bybit,60,15,WALK_04,0,REPLAY_COMPLETE,ready_volatility_bucket,MEDIUM,0,0,,{}
bybit,60,15,WALK_04,0,REPLAY_COMPLETE,ready_volatility_bucket,HIGH,1,0,0.0,"{""LIMIT_NOT_FILLED_BEFORE_OB_FIRST_TEST_CONSUMED"": 1}"
bybit,60,15,WALK_04,0,REPLAY_COMPLETE,ready_volatility_bucket,UNKNOWN,0,0,,{}
bybit,60,15,WALK_05,0,REPLAY_COMPLETE,symbol,BTCUSDT,0,0,,{}
bybit,60,15,WALK_05,0,REPLAY_COMPLETE,symbol,ETHUSDT,0,0,,{}
bybit,60,15,WALK_05,0,REPLAY_COMPLETE,direction,LONG,0,0,,{}
bybit,60,15,WALK_05,0,REPLAY_COMPLETE,direction,SHORT,0,0,,{}
bybit,60,15,WALK_05,0,REPLAY_COMPLETE,ready_regime,BULL,0,0,,{}
bybit,60,15,WALK_05,0,REPLAY_COMPLETE,ready_regime,BEAR,0,0,,{}
bybit,60,15,WALK_05,0,REPLAY_COMPLETE,ready_regime,SIDEWAYS,0,0,,{}
bybit,60,15,WALK_05,0,REPLAY_COMPLETE,ready_regime,UNKNOWN,0,0,,{}
bybit,60,15,WALK_05,0,REPLAY_COMPLETE,ready_volatility_bucket,LOW,0,0,,{}
bybit,60,15,WALK_05,0,REPLAY_COMPLETE,ready_volatility_bucket,MEDIUM,0,0,,{}
bybit,60,15,WALK_05,0,REPLAY_COMPLETE,ready_volatility_bucket,HIGH,0,0,,{}
bybit,60,15,WALK_05,0,REPLAY_COMPLETE,ready_volatility_bucket,UNKNOWN,0,0,,{}
bybit,60,15,WALK_06,0,REPLAY_COMPLETE,symbol,BTCUSDT,0,0,,{}
bybit,60,15,WALK_06,0,REPLAY_COMPLETE,symbol,ETHUSDT,0,0,,{}
bybit,60,15,WALK_06,0,REPLAY_COMPLETE,direction,LONG,0,0,,{}
bybit,60,15,WALK_06,0,REPLAY_COMPLETE,direction,SHORT,0,0,,{}
bybit,60,15,WALK_06,0,REPLAY_COMPLETE,ready_regime,BULL,0,0,,{}
bybit,60,15,WALK_06,0,REPLAY_COMPLETE,ready_regime,BEAR,0,0,,{}
bybit,60,15,WALK_06,0,REPLAY_COMPLETE,ready_regime,SIDEWAYS,0,0,,{}
bybit,60,15,WALK_06,0,REPLAY_COMPLETE,ready_regime,UNKNOWN,0,0,,{}
bybit,60,15,WALK_06,0,REPLAY_COMPLETE,ready_volatility_bucket,LOW,0,0,,{}
bybit,60,15,WALK_06,0,REPLAY_COMPLETE,ready_volatility_bucket,MEDIUM,0,0,,{}
bybit,60,15,WALK_06,0,REPLAY_COMPLETE,ready_volatility_bucket,HIGH,0,0,,{}
bybit,60,15,WALK_06,0,REPLAY_COMPLETE,ready_volatility_bucket,UNKNOWN,0,0,,{}
bybit,60,15,WALK_07,0,REPLAY_COMPLETE,symbol,BTCUSDT,0,0,,{}
bybit,60,15,WALK_07,0,REPLAY_COMPLETE,symbol,ETHUSDT,0,0,,{}
bybit,60,15,WALK_07,0,REPLAY_COMPLETE,direction,LONG,0,0,,{}
bybit,60,15,WALK_07,0,REPLAY_COMPLETE,direction,SHORT,0,0,,{}
bybit,60,15,WALK_07,0,REPLAY_COMPLETE,ready_regime,BULL,0,0,,{}
bybit,60,15,WALK_07,0,REPLAY_COMPLETE,ready_regime,BEAR,0,0,,{}
bybit,60,15,WALK_07,0,REPLAY_COMPLETE,ready_regime,SIDEWAYS,0,0,,{}
bybit,60,15,WALK_07,0,REPLAY_COMPLETE,ready_regime,UNKNOWN,0,0,,{}
bybit,60,15,WALK_07,0,REPLAY_COMPLETE,ready_volatility_bucket,LOW,0,0,,{}
bybit,60,15,WALK_07,0,REPLAY_COMPLETE,ready_volatility_bucket,MEDIUM,0,0,,{}
bybit,60,15,WALK_07,0,REPLAY_COMPLETE,ready_volatility_bucket,HIGH,0,0,,{}
bybit,60,15,WALK_07,0,REPLAY_COMPLETE,ready_volatility_bucket,UNKNOWN,0,0,,{}
bybit,60,15,WALK_08,0,REPLAY_COMPLETE,symbol,BTCUSDT,0,0,,{}
bybit,60,15,WALK_08,0,REPLAY_COMPLETE,symbol,ETHUSDT,0,0,,{}
bybit,60,15,WALK_08,0,REPLAY_COMPLETE,direction,LONG,0,0,,{}
bybit,60,15,WALK_08,0,REPLAY_COMPLETE,direction,SHORT,0,0,,{}
bybit,60,15,WALK_08,0,REPLAY_COMPLETE,ready_regime,BULL,0,0,,{}
bybit,60,15,WALK_08,0,REPLAY_COMPLETE,ready_regime,BEAR,0,0,,{}
bybit,60,15,WALK_08,0,REPLAY_COMPLETE,ready_regime,SIDEWAYS,0,0,,{}
bybit,60,15,WALK_08,0,REPLAY_COMPLETE,ready_regime,UNKNOWN,0,0,,{}
bybit,60,15,WALK_08,0,REPLAY_COMPLETE,ready_volatility_bucket,LOW,0,0,,{}
bybit,60,15,WALK_08,0,REPLAY_COMPLETE,ready_volatility_bucket,MEDIUM,0,0,,{}
bybit,60,15,WALK_08,0,REPLAY_COMPLETE,ready_volatility_bucket,HIGH,0,0,,{}
bybit,60,15,WALK_08,0,REPLAY_COMPLETE,ready_volatility_bucket,UNKNOWN,0,0,,{}
bybit,60,15,WALK_09,0,REPLAY_COMPLETE,symbol,BTCUSDT,0,0,,{}
bybit,60,15,WALK_09,0,REPLAY_COMPLETE,symbol,ETHUSDT,0,0,,{}
bybit,60,15,WALK_09,0,REPLAY_COMPLETE,direction,LONG,0,0,,{}
bybit,60,15,WALK_09,0,REPLAY_COMPLETE,direction,SHORT,0,0,,{}
bybit,60,15,WALK_09,0,REPLAY_COMPLETE,ready_regime,BULL,0,0,,{}
bybit,60,15,WALK_09,0,REPLAY_COMPLETE,ready_regime,BEAR,0,0,,{}
bybit,60,15,WALK_09,0,REPLAY_COMPLETE,ready_regime,SIDEWAYS,0,0,,{}
bybit,60,15,WALK_09,0,REPLAY_COMPLETE,ready_regime,UNKNOWN,0,0,,{}
bybit,60,15,WALK_09,0,REPLAY_COMPLETE,ready_volatility_bucket,LOW,0,0,,{}
bybit,60,15,WALK_09,0,REPLAY_COMPLETE,ready_volatility_bucket,MEDIUM,0,0,,{}
bybit,60,15,WALK_09,0,REPLAY_COMPLETE,ready_volatility_bucket,HIGH,0,0,,{}
bybit,60,15,WALK_09,0,REPLAY_COMPLETE,ready_volatility_bucket,UNKNOWN,0,0,,{}
bybit,60,15,WALK_10,0,REPLAY_COMPLETE,symbol,BTCUSDT,1,0,0.0,"{""TARGET_EVIDENCE_WITHDRAWN"": 1}"
bybit,60,15,WALK_10,0,REPLAY_COMPLETE,symbol,ETHUSDT,0,0,,{}
bybit,60,15,WALK_10,0,REPLAY_COMPLETE,direction,LONG,1,0,0.0,"{""TARGET_EVIDENCE_WITHDRAWN"": 1}"
bybit,60,15,WALK_10,0,REPLAY_COMPLETE,direction,SHORT,0,0,,{}
bybit,60,15,WALK_10,0,REPLAY_COMPLETE,ready_regime,BULL,1,0,0.0,"{""TARGET_EVIDENCE_WITHDRAWN"": 1}"
bybit,60,15,WALK_10,0,REPLAY_COMPLETE,ready_regime,BEAR,0,0,,{}
bybit,60,15,WALK_10,0,REPLAY_COMPLETE,ready_regime,SIDEWAYS,0,0,,{}
bybit,60,15,WALK_10,0,REPLAY_COMPLETE,ready_regime,UNKNOWN,0,0,,{}
bybit,60,15,WALK_10,0,REPLAY_COMPLETE,ready_volatility_bucket,LOW,0,0,,{}
bybit,60,15,WALK_10,0,REPLAY_COMPLETE,ready_volatility_bucket,MEDIUM,1,0,0.0,"{""TARGET_EVIDENCE_WITHDRAWN"": 1}"
bybit,60,15,WALK_10,0,REPLAY_COMPLETE,ready_volatility_bucket,HIGH,0,0,,{}
bybit,60,15,WALK_10,0,REPLAY_COMPLETE,ready_volatility_bucket,UNKNOWN,0,0,,{}
bybit,60,15,WALK_11,0,REPLAY_COMPLETE,symbol,BTCUSDT,1,0,0.0,"{""TARGET_EVIDENCE_WITHDRAWN"": 1}"
bybit,60,15,WALK_11,0,REPLAY_COMPLETE,symbol,ETHUSDT,0,0,,{}
bybit,60,15,WALK_11,0,REPLAY_COMPLETE,direction,LONG,1,0,0.0,"{""TARGET_EVIDENCE_WITHDRAWN"": 1}"
bybit,60,15,WALK_11,0,REPLAY_COMPLETE,direction,SHORT,0,0,,{}
bybit,60,15,WALK_11,0,REPLAY_COMPLETE,ready_regime,BULL,1,0,0.0,"{""TARGET_EVIDENCE_WITHDRAWN"": 1}"
bybit,60,15,WALK_11,0,REPLAY_COMPLETE,ready_regime,BEAR,0,0,,{}
bybit,60,15,WALK_11,0,REPLAY_COMPLETE,ready_regime,SIDEWAYS,0,0,,{}
bybit,60,15,WALK_11,0,REPLAY_COMPLETE,ready_regime,UNKNOWN,0,0,,{}
bybit,60,15,WALK_11,0,REPLAY_COMPLETE,ready_volatility_bucket,LOW,0,0,,{}
bybit,60,15,WALK_11,0,REPLAY_COMPLETE,ready_volatility_bucket,MEDIUM,0,0,,{}
bybit,60,15,WALK_11,0,REPLAY_COMPLETE,ready_volatility_bucket,HIGH,1,0,0.0,"{""TARGET_EVIDENCE_WITHDRAWN"": 1}"
bybit,60,15,WALK_11,0,REPLAY_COMPLETE,ready_volatility_bucket,UNKNOWN,0,0,,{}
bybit,60,15,WALK_12,0,REPLAY_COMPLETE,symbol,BTCUSDT,0,0,,{}
bybit,60,15,WALK_12,0,REPLAY_COMPLETE,symbol,ETHUSDT,0,0,,{}
bybit,60,15,WALK_12,0,REPLAY_COMPLETE,direction,LONG,0,0,,{}
bybit,60,15,WALK_12,0,REPLAY_COMPLETE,direction,SHORT,0,0,,{}
bybit,60,15,WALK_12,0,REPLAY_COMPLETE,ready_regime,BULL,0,0,,{}
bybit,60,15,WALK_12,0,REPLAY_COMPLETE,ready_regime,BEAR,0,0,,{}
bybit,60,15,WALK_12,0,REPLAY_COMPLETE,ready_regime,SIDEWAYS,0,0,,{}
bybit,60,15,WALK_12,0,REPLAY_COMPLETE,ready_regime,UNKNOWN,0,0,,{}
bybit,60,15,WALK_12,0,REPLAY_COMPLETE,ready_volatility_bucket,LOW,0,0,,{}
bybit,60,15,WALK_12,0,REPLAY_COMPLETE,ready_volatility_bucket,MEDIUM,0,0,,{}
bybit,60,15,WALK_12,0,REPLAY_COMPLETE,ready_volatility_bucket,HIGH,0,0,,{}
bybit,60,15,WALK_12,0,REPLAY_COMPLETE,ready_volatility_bucket,UNKNOWN,0,0,,{}
bybit,60,15,WALK_13,0,REPLAY_COMPLETE,symbol,BTCUSDT,1,0,0.0,"{""LIMIT_NOT_FILLED_BEFORE_OB_FIRST_TEST_CONSUMED"": 1}"
bybit,60,15,WALK_13,0,REPLAY_COMPLETE,symbol,ETHUSDT,0,0,,{}
bybit,60,15,WALK_13,0,REPLAY_COMPLETE,direction,LONG,1,0,0.0,"{""LIMIT_NOT_FILLED_BEFORE_OB_FIRST_TEST_CONSUMED"": 1}"
bybit,60,15,WALK_13,0,REPLAY_COMPLETE,direction,SHORT,0,0,,{}
bybit,60,15,WALK_13,0,REPLAY_COMPLETE,ready_regime,BULL,1,0,0.0,"{""LIMIT_NOT_FILLED_BEFORE_OB_FIRST_TEST_CONSUMED"": 1}"
bybit,60,15,WALK_13,0,REPLAY_COMPLETE,ready_regime,BEAR,0,0,,{}
bybit,60,15,WALK_13,0,REPLAY_COMPLETE,ready_regime,SIDEWAYS,0,0,,{}
bybit,60,15,WALK_13,0,REPLAY_COMPLETE,ready_regime,UNKNOWN,0,0,,{}
bybit,60,15,WALK_13,0,REPLAY_COMPLETE,ready_volatility_bucket,LOW,0,0,,{}
bybit,60,15,WALK_13,0,REPLAY_COMPLETE,ready_volatility_bucket,MEDIUM,1,0,0.0,"{""LIMIT_NOT_FILLED_BEFORE_OB_FIRST_TEST_CONSUMED"": 1}"
bybit,60,15,WALK_13,0,REPLAY_COMPLETE,ready_volatility_bucket,HIGH,0,0,,{}
bybit,60,15,WALK_13,0,REPLAY_COMPLETE,ready_volatility_bucket,UNKNOWN,0,0,,{}
bybit,60,15,WALK_14,0,REPLAY_COMPLETE,symbol,BTCUSDT,0,0,,{}
bybit,60,15,WALK_14,0,REPLAY_COMPLETE,symbol,ETHUSDT,1,1,1.0,"{""VIRTUAL_TRADE_CLOSED"": 1}"
bybit,60,15,WALK_14,0,REPLAY_COMPLETE,direction,LONG,1,1,1.0,"{""VIRTUAL_TRADE_CLOSED"": 1}"
bybit,60,15,WALK_14,0,REPLAY_COMPLETE,direction,SHORT,0,0,,{}
bybit,60,15,WALK_14,0,REPLAY_COMPLETE,ready_regime,BULL,0,0,,{}
bybit,60,15,WALK_14,0,REPLAY_COMPLETE,ready_regime,BEAR,1,1,1.0,"{""VIRTUAL_TRADE_CLOSED"": 1}"
bybit,60,15,WALK_14,0,REPLAY_COMPLETE,ready_regime,SIDEWAYS,0,0,,{}
bybit,60,15,WALK_14,0,REPLAY_COMPLETE,ready_regime,UNKNOWN,0,0,,{}
bybit,60,15,WALK_14,0,REPLAY_COMPLETE,ready_volatility_bucket,LOW,0,0,,{}
bybit,60,15,WALK_14,0,REPLAY_COMPLETE,ready_volatility_bucket,MEDIUM,1,1,1.0,"{""VIRTUAL_TRADE_CLOSED"": 1}"
bybit,60,15,WALK_14,0,REPLAY_COMPLETE,ready_volatility_bucket,HIGH,0,0,,{}
bybit,60,15,WALK_14,0,REPLAY_COMPLETE,ready_volatility_bucket,UNKNOWN,0,0,,{}
bybit,60,15,WALK_15,0,REPLAY_COMPLETE,symbol,BTCUSDT,1,0,0.0,"{""ISOLATED_MARGIN_BUDGET"": 1}"
bybit,60,15,WALK_15,0,REPLAY_COMPLETE,symbol,ETHUSDT,1,0,0.0,"{""ISOLATED_MARGIN_BUDGET"": 1}"
bybit,60,15,WALK_15,0,REPLAY_COMPLETE,direction,LONG,2,0,0.0,"{""ISOLATED_MARGIN_BUDGET"": 2}"
bybit,60,15,WALK_15,0,REPLAY_COMPLETE,direction,SHORT,0,0,,{}
bybit,60,15,WALK_15,0,REPLAY_COMPLETE,ready_regime,BULL,1,0,0.0,"{""ISOLATED_MARGIN_BUDGET"": 1}"
bybit,60,15,WALK_15,0,REPLAY_COMPLETE,ready_regime,BEAR,0,0,,{}
bybit,60,15,WALK_15,0,REPLAY_COMPLETE,ready_regime,SIDEWAYS,1,0,0.0,"{""ISOLATED_MARGIN_BUDGET"": 1}"
bybit,60,15,WALK_15,0,REPLAY_COMPLETE,ready_regime,UNKNOWN,0,0,,{}
bybit,60,15,WALK_15,0,REPLAY_COMPLETE,ready_volatility_bucket,LOW,0,0,,{}
bybit,60,15,WALK_15,0,REPLAY_COMPLETE,ready_volatility_bucket,MEDIUM,1,0,0.0,"{""ISOLATED_MARGIN_BUDGET"": 1}"
bybit,60,15,WALK_15,0,REPLAY_COMPLETE,ready_volatility_bucket,HIGH,1,0,0.0,"{""ISOLATED_MARGIN_BUDGET"": 1}"
bybit,60,15,WALK_15,0,REPLAY_COMPLETE,ready_volatility_bucket,UNKNOWN,0,0,,{}
bybit,60,15,WALK_16,0,REPLAY_COMPLETE,symbol,BTCUSDT,0,0,,{}
bybit,60,15,WALK_16,0,REPLAY_COMPLETE,symbol,ETHUSDT,2,0,0.0,"{""ISOLATED_MARGIN_BUDGET"": 1, ""TARGET_EVIDENCE_WITHDRAWN"": 1}"
bybit,60,15,WALK_16,0,REPLAY_COMPLETE,direction,LONG,1,0,0.0,"{""TARGET_EVIDENCE_WITHDRAWN"": 1}"
bybit,60,15,WALK_16,0,REPLAY_COMPLETE,direction,SHORT,1,0,0.0,"{""ISOLATED_MARGIN_BUDGET"": 1}"
bybit,60,15,WALK_16,0,REPLAY_COMPLETE,ready_regime,BULL,1,0,0.0,"{""ISOLATED_MARGIN_BUDGET"": 1}"
bybit,60,15,WALK_16,0,REPLAY_COMPLETE,ready_regime,BEAR,1,0,0.0,"{""TARGET_EVIDENCE_WITHDRAWN"": 1}"
bybit,60,15,WALK_16,0,REPLAY_COMPLETE,ready_regime,SIDEWAYS,0,0,,{}
bybit,60,15,WALK_16,0,REPLAY_COMPLETE,ready_regime,UNKNOWN,0,0,,{}
bybit,60,15,WALK_16,0,REPLAY_COMPLETE,ready_volatility_bucket,LOW,0,0,,{}
bybit,60,15,WALK_16,0,REPLAY_COMPLETE,ready_volatility_bucket,MEDIUM,2,0,0.0,"{""ISOLATED_MARGIN_BUDGET"": 1, ""TARGET_EVIDENCE_WITHDRAWN"": 1}"
bybit,60,15,WALK_16,0,REPLAY_COMPLETE,ready_volatility_bucket,HIGH,0,0,,{}
bybit,60,15,WALK_16,0,REPLAY_COMPLETE,ready_volatility_bucket,UNKNOWN,0,0,,{}
bybit,60,15,WALK_17,0,REPLAY_COMPLETE,symbol,BTCUSDT,0,0,,{}
bybit,60,15,WALK_17,0,REPLAY_COMPLETE,symbol,ETHUSDT,0,0,,{}
bybit,60,15,WALK_17,0,REPLAY_COMPLETE,direction,LONG,0,0,,{}
bybit,60,15,WALK_17,0,REPLAY_COMPLETE,direction,SHORT,0,0,,{}
bybit,60,15,WALK_17,0,REPLAY_COMPLETE,ready_regime,BULL,0,0,,{}
bybit,60,15,WALK_17,0,REPLAY_COMPLETE,ready_regime,BEAR,0,0,,{}
bybit,60,15,WALK_17,0,REPLAY_COMPLETE,ready_regime,SIDEWAYS,0,0,,{}
bybit,60,15,WALK_17,0,REPLAY_COMPLETE,ready_regime,UNKNOWN,0,0,,{}
bybit,60,15,WALK_17,0,REPLAY_COMPLETE,ready_volatility_bucket,LOW,0,0,,{}
bybit,60,15,WALK_17,0,REPLAY_COMPLETE,ready_volatility_bucket,MEDIUM,0,0,,{}
bybit,60,15,WALK_17,0,REPLAY_COMPLETE,ready_volatility_bucket,HIGH,0,0,,{}
bybit,60,15,WALK_17,0,REPLAY_COMPLETE,ready_volatility_bucket,UNKNOWN,0,0,,{}
bybit,240,15,REFERENCE,0,REPLAY_COMPLETE,symbol,BTCUSDT,0,0,,{}
bybit,240,15,REFERENCE,0,REPLAY_COMPLETE,symbol,ETHUSDT,1,1,1.0,"{""VIRTUAL_TRADE_CLOSED"": 1}"
bybit,240,15,REFERENCE,0,REPLAY_COMPLETE,direction,LONG,1,1,1.0,"{""VIRTUAL_TRADE_CLOSED"": 1}"
bybit,240,15,REFERENCE,0,REPLAY_COMPLETE,direction,SHORT,0,0,,{}
bybit,240,15,REFERENCE,0,REPLAY_COMPLETE,ready_regime,BULL,0,0,,{}
bybit,240,15,REFERENCE,0,REPLAY_COMPLETE,ready_regime,BEAR,1,1,1.0,"{""VIRTUAL_TRADE_CLOSED"": 1}"
bybit,240,15,REFERENCE,0,REPLAY_COMPLETE,ready_regime,SIDEWAYS,0,0,,{}
bybit,240,15,REFERENCE,0,REPLAY_COMPLETE,ready_regime,UNKNOWN,0,0,,{}
bybit,240,15,REFERENCE,0,REPLAY_COMPLETE,ready_volatility_bucket,LOW,0,0,,{}
bybit,240,15,REFERENCE,0,REPLAY_COMPLETE,ready_volatility_bucket,MEDIUM,0,0,,{}
bybit,240,15,REFERENCE,0,REPLAY_COMPLETE,ready_volatility_bucket,HIGH,1,1,1.0,"{""VIRTUAL_TRADE_CLOSED"": 1}"
bybit,240,15,REFERENCE,0,REPLAY_COMPLETE,ready_volatility_bucket,UNKNOWN,0,0,,{}
bybit,240,15,VALIDATION,0,REPLAY_COMPLETE,symbol,BTCUSDT,0,0,,{}
bybit,240,15,VALIDATION,0,REPLAY_COMPLETE,symbol,ETHUSDT,1,0,0.0,"{""LIMIT_NOT_FILLED_BEFORE_OB_FIRST_TEST_CONSUMED"": 1}"
bybit,240,15,VALIDATION,0,REPLAY_COMPLETE,direction,LONG,1,0,0.0,"{""LIMIT_NOT_FILLED_BEFORE_OB_FIRST_TEST_CONSUMED"": 1}"
bybit,240,15,VALIDATION,0,REPLAY_COMPLETE,direction,SHORT,0,0,,{}
bybit,240,15,VALIDATION,0,REPLAY_COMPLETE,ready_regime,BULL,0,0,,{}
bybit,240,15,VALIDATION,0,REPLAY_COMPLETE,ready_regime,BEAR,1,0,0.0,"{""LIMIT_NOT_FILLED_BEFORE_OB_FIRST_TEST_CONSUMED"": 1}"
bybit,240,15,VALIDATION,0,REPLAY_COMPLETE,ready_regime,SIDEWAYS,0,0,,{}
bybit,240,15,VALIDATION,0,REPLAY_COMPLETE,ready_regime,UNKNOWN,0,0,,{}
bybit,240,15,VALIDATION,0,REPLAY_COMPLETE,ready_volatility_bucket,LOW,0,0,,{}
bybit,240,15,VALIDATION,0,REPLAY_COMPLETE,ready_volatility_bucket,MEDIUM,1,0,0.0,"{""LIMIT_NOT_FILLED_BEFORE_OB_FIRST_TEST_CONSUMED"": 1}"
bybit,240,15,VALIDATION,0,REPLAY_COMPLETE,ready_volatility_bucket,HIGH,0,0,,{}
bybit,240,15,VALIDATION,0,REPLAY_COMPLETE,ready_volatility_bucket,UNKNOWN,0,0,,{}
bybit,240,15,HOLDOUT,0,REPLAY_COMPLETE,symbol,BTCUSDT,0,0,,{}
bybit,240,15,HOLDOUT,0,REPLAY_COMPLETE,symbol,ETHUSDT,0,0,,{}
bybit,240,15,HOLDOUT,0,REPLAY_COMPLETE,direction,LONG,0,0,,{}
bybit,240,15,HOLDOUT,0,REPLAY_COMPLETE,direction,SHORT,0,0,,{}
bybit,240,15,HOLDOUT,0,REPLAY_COMPLETE,ready_regime,BULL,0,0,,{}
bybit,240,15,HOLDOUT,0,REPLAY_COMPLETE,ready_regime,BEAR,0,0,,{}
bybit,240,15,HOLDOUT,0,REPLAY_COMPLETE,ready_regime,SIDEWAYS,0,0,,{}
bybit,240,15,HOLDOUT,0,REPLAY_COMPLETE,ready_regime,UNKNOWN,0,0,,{}
bybit,240,15,HOLDOUT,0,REPLAY_COMPLETE,ready_volatility_bucket,LOW,0,0,,{}
bybit,240,15,HOLDOUT,0,REPLAY_COMPLETE,ready_volatility_bucket,MEDIUM,0,0,,{}
bybit,240,15,HOLDOUT,0,REPLAY_COMPLETE,ready_volatility_bucket,HIGH,0,0,,{}
bybit,240,15,HOLDOUT,0,REPLAY_COMPLETE,ready_volatility_bucket,UNKNOWN,0,0,,{}
bybit,240,15,WALK_00,0,REPLAY_COMPLETE,symbol,BTCUSDT,0,0,,{}
bybit,240,15,WALK_00,0,REPLAY_COMPLETE,symbol,ETHUSDT,0,0,,{}
bybit,240,15,WALK_00,0,REPLAY_COMPLETE,direction,LONG,0,0,,{}
bybit,240,15,WALK_00,0,REPLAY_COMPLETE,direction,SHORT,0,0,,{}
bybit,240,15,WALK_00,0,REPLAY_COMPLETE,ready_regime,BULL,0,0,,{}
bybit,240,15,WALK_00,0,REPLAY_COMPLETE,ready_regime,BEAR,0,0,,{}
bybit,240,15,WALK_00,0,REPLAY_COMPLETE,ready_regime,SIDEWAYS,0,0,,{}
bybit,240,15,WALK_00,0,REPLAY_COMPLETE,ready_regime,UNKNOWN,0,0,,{}
bybit,240,15,WALK_00,0,REPLAY_COMPLETE,ready_volatility_bucket,LOW,0,0,,{}
bybit,240,15,WALK_00,0,REPLAY_COMPLETE,ready_volatility_bucket,MEDIUM,0,0,,{}
bybit,240,15,WALK_00,0,REPLAY_COMPLETE,ready_volatility_bucket,HIGH,0,0,,{}
bybit,240,15,WALK_00,0,REPLAY_COMPLETE,ready_volatility_bucket,UNKNOWN,0,0,,{}
bybit,240,15,WALK_01,0,REPLAY_COMPLETE,symbol,BTCUSDT,0,0,,{}
bybit,240,15,WALK_01,0,REPLAY_COMPLETE,symbol,ETHUSDT,0,0,,{}
bybit,240,15,WALK_01,0,REPLAY_COMPLETE,direction,LONG,0,0,,{}
bybit,240,15,WALK_01,0,REPLAY_COMPLETE,direction,SHORT,0,0,,{}
bybit,240,15,WALK_01,0,REPLAY_COMPLETE,ready_regime,BULL,0,0,,{}
bybit,240,15,WALK_01,0,REPLAY_COMPLETE,ready_regime,BEAR,0,0,,{}
bybit,240,15,WALK_01,0,REPLAY_COMPLETE,ready_regime,SIDEWAYS,0,0,,{}
bybit,240,15,WALK_01,0,REPLAY_COMPLETE,ready_regime,UNKNOWN,0,0,,{}
bybit,240,15,WALK_01,0,REPLAY_COMPLETE,ready_volatility_bucket,LOW,0,0,,{}
bybit,240,15,WALK_01,0,REPLAY_COMPLETE,ready_volatility_bucket,MEDIUM,0,0,,{}
bybit,240,15,WALK_01,0,REPLAY_COMPLETE,ready_volatility_bucket,HIGH,0,0,,{}
bybit,240,15,WALK_01,0,REPLAY_COMPLETE,ready_volatility_bucket,UNKNOWN,0,0,,{}
bybit,240,15,WALK_02,0,REPLAY_COMPLETE,symbol,BTCUSDT,0,0,,{}
bybit,240,15,WALK_02,0,REPLAY_COMPLETE,symbol,ETHUSDT,0,0,,{}
bybit,240,15,WALK_02,0,REPLAY_COMPLETE,direction,LONG,0,0,,{}
bybit,240,15,WALK_02,0,REPLAY_COMPLETE,direction,SHORT,0,0,,{}
bybit,240,15,WALK_02,0,REPLAY_COMPLETE,ready_regime,BULL,0,0,,{}
bybit,240,15,WALK_02,0,REPLAY_COMPLETE,ready_regime,BEAR,0,0,,{}
bybit,240,15,WALK_02,0,REPLAY_COMPLETE,ready_regime,SIDEWAYS,0,0,,{}
bybit,240,15,WALK_02,0,REPLAY_COMPLETE,ready_regime,UNKNOWN,0,0,,{}
bybit,240,15,WALK_02,0,REPLAY_COMPLETE,ready_volatility_bucket,LOW,0,0,,{}
bybit,240,15,WALK_02,0,REPLAY_COMPLETE,ready_volatility_bucket,MEDIUM,0,0,,{}
bybit,240,15,WALK_02,0,REPLAY_COMPLETE,ready_volatility_bucket,HIGH,0,0,,{}
bybit,240,15,WALK_02,0,REPLAY_COMPLETE,ready_volatility_bucket,UNKNOWN,0,0,,{}
bybit,240,15,WALK_03,0,REPLAY_COMPLETE,symbol,BTCUSDT,0,0,,{}
bybit,240,15,WALK_03,0,REPLAY_COMPLETE,symbol,ETHUSDT,0,0,,{}
bybit,240,15,WALK_03,0,REPLAY_COMPLETE,direction,LONG,0,0,,{}
bybit,240,15,WALK_03,0,REPLAY_COMPLETE,direction,SHORT,0,0,,{}
bybit,240,15,WALK_03,0,REPLAY_COMPLETE,ready_regime,BULL,0,0,,{}
bybit,240,15,WALK_03,0,REPLAY_COMPLETE,ready_regime,BEAR,0,0,,{}
bybit,240,15,WALK_03,0,REPLAY_COMPLETE,ready_regime,SIDEWAYS,0,0,,{}
bybit,240,15,WALK_03,0,REPLAY_COMPLETE,ready_regime,UNKNOWN,0,0,,{}
bybit,240,15,WALK_03,0,REPLAY_COMPLETE,ready_volatility_bucket,LOW,0,0,,{}
bybit,240,15,WALK_03,0,REPLAY_COMPLETE,ready_volatility_bucket,MEDIUM,0,0,,{}
bybit,240,15,WALK_03,0,REPLAY_COMPLETE,ready_volatility_bucket,HIGH,0,0,,{}
bybit,240,15,WALK_03,0,REPLAY_COMPLETE,ready_volatility_bucket,UNKNOWN,0,0,,{}
bybit,240,15,WALK_04,0,REPLAY_COMPLETE,symbol,BTCUSDT,0,0,,{}
bybit,240,15,WALK_04,0,REPLAY_COMPLETE,symbol,ETHUSDT,0,0,,{}
bybit,240,15,WALK_04,0,REPLAY_COMPLETE,direction,LONG,0,0,,{}
bybit,240,15,WALK_04,0,REPLAY_COMPLETE,direction,SHORT,0,0,,{}
bybit,240,15,WALK_04,0,REPLAY_COMPLETE,ready_regime,BULL,0,0,,{}
bybit,240,15,WALK_04,0,REPLAY_COMPLETE,ready_regime,BEAR,0,0,,{}
bybit,240,15,WALK_04,0,REPLAY_COMPLETE,ready_regime,SIDEWAYS,0,0,,{}
bybit,240,15,WALK_04,0,REPLAY_COMPLETE,ready_regime,UNKNOWN,0,0,,{}
bybit,240,15,WALK_04,0,REPLAY_COMPLETE,ready_volatility_bucket,LOW,0,0,,{}
bybit,240,15,WALK_04,0,REPLAY_COMPLETE,ready_volatility_bucket,MEDIUM,0,0,,{}
bybit,240,15,WALK_04,0,REPLAY_COMPLETE,ready_volatility_bucket,HIGH,0,0,,{}
bybit,240,15,WALK_04,0,REPLAY_COMPLETE,ready_volatility_bucket,UNKNOWN,0,0,,{}
bybit,240,15,WALK_05,0,REPLAY_COMPLETE,symbol,BTCUSDT,0,0,,{}
bybit,240,15,WALK_05,0,REPLAY_COMPLETE,symbol,ETHUSDT,0,0,,{}
bybit,240,15,WALK_05,0,REPLAY_COMPLETE,direction,LONG,0,0,,{}
bybit,240,15,WALK_05,0,REPLAY_COMPLETE,direction,SHORT,0,0,,{}
bybit,240,15,WALK_05,0,REPLAY_COMPLETE,ready_regime,BULL,0,0,,{}
bybit,240,15,WALK_05,0,REPLAY_COMPLETE,ready_regime,BEAR,0,0,,{}
bybit,240,15,WALK_05,0,REPLAY_COMPLETE,ready_regime,SIDEWAYS,0,0,,{}
bybit,240,15,WALK_05,0,REPLAY_COMPLETE,ready_regime,UNKNOWN,0,0,,{}
bybit,240,15,WALK_05,0,REPLAY_COMPLETE,ready_volatility_bucket,LOW,0,0,,{}
bybit,240,15,WALK_05,0,REPLAY_COMPLETE,ready_volatility_bucket,MEDIUM,0,0,,{}
bybit,240,15,WALK_05,0,REPLAY_COMPLETE,ready_volatility_bucket,HIGH,0,0,,{}
bybit,240,15,WALK_05,0,REPLAY_COMPLETE,ready_volatility_bucket,UNKNOWN,0,0,,{}
bybit,240,15,WALK_06,0,REPLAY_COMPLETE,symbol,BTCUSDT,0,0,,{}
bybit,240,15,WALK_06,0,REPLAY_COMPLETE,symbol,ETHUSDT,0,0,,{}
bybit,240,15,WALK_06,0,REPLAY_COMPLETE,direction,LONG,0,0,,{}
bybit,240,15,WALK_06,0,REPLAY_COMPLETE,direction,SHORT,0,0,,{}
bybit,240,15,WALK_06,0,REPLAY_COMPLETE,ready_regime,BULL,0,0,,{}
bybit,240,15,WALK_06,0,REPLAY_COMPLETE,ready_regime,BEAR,0,0,,{}
bybit,240,15,WALK_06,0,REPLAY_COMPLETE,ready_regime,SIDEWAYS,0,0,,{}
bybit,240,15,WALK_06,0,REPLAY_COMPLETE,ready_regime,UNKNOWN,0,0,,{}
bybit,240,15,WALK_06,0,REPLAY_COMPLETE,ready_volatility_bucket,LOW,0,0,,{}
bybit,240,15,WALK_06,0,REPLAY_COMPLETE,ready_volatility_bucket,MEDIUM,0,0,,{}
bybit,240,15,WALK_06,0,REPLAY_COMPLETE,ready_volatility_bucket,HIGH,0,0,,{}
bybit,240,15,WALK_06,0,REPLAY_COMPLETE,ready_volatility_bucket,UNKNOWN,0,0,,{}
bybit,240,15,WALK_07,0,REPLAY_COMPLETE,symbol,BTCUSDT,0,0,,{}
bybit,240,15,WALK_07,0,REPLAY_COMPLETE,symbol,ETHUSDT,0,0,,{}
bybit,240,15,WALK_07,0,REPLAY_COMPLETE,direction,LONG,0,0,,{}
bybit,240,15,WALK_07,0,REPLAY_COMPLETE,direction,SHORT,0,0,,{}
bybit,240,15,WALK_07,0,REPLAY_COMPLETE,ready_regime,BULL,0,0,,{}
bybit,240,15,WALK_07,0,REPLAY_COMPLETE,ready_regime,BEAR,0,0,,{}
bybit,240,15,WALK_07,0,REPLAY_COMPLETE,ready_regime,SIDEWAYS,0,0,,{}
bybit,240,15,WALK_07,0,REPLAY_COMPLETE,ready_regime,UNKNOWN,0,0,,{}
bybit,240,15,WALK_07,0,REPLAY_COMPLETE,ready_volatility_bucket,LOW,0,0,,{}
bybit,240,15,WALK_07,0,REPLAY_COMPLETE,ready_volatility_bucket,MEDIUM,0,0,,{}
bybit,240,15,WALK_07,0,REPLAY_COMPLETE,ready_volatility_bucket,HIGH,0,0,,{}
bybit,240,15,WALK_07,0,REPLAY_COMPLETE,ready_volatility_bucket,UNKNOWN,0,0,,{}
bybit,240,15,WALK_08,0,REPLAY_COMPLETE,symbol,BTCUSDT,0,0,,{}
bybit,240,15,WALK_08,0,REPLAY_COMPLETE,symbol,ETHUSDT,0,0,,{}
bybit,240,15,WALK_08,0,REPLAY_COMPLETE,direction,LONG,0,0,,{}
bybit,240,15,WALK_08,0,REPLAY_COMPLETE,direction,SHORT,0,0,,{}
bybit,240,15,WALK_08,0,REPLAY_COMPLETE,ready_regime,BULL,0,0,,{}
bybit,240,15,WALK_08,0,REPLAY_COMPLETE,ready_regime,BEAR,0,0,,{}
bybit,240,15,WALK_08,0,REPLAY_COMPLETE,ready_regime,SIDEWAYS,0,0,,{}
bybit,240,15,WALK_08,0,REPLAY_COMPLETE,ready_regime,UNKNOWN,0,0,,{}
bybit,240,15,WALK_08,0,REPLAY_COMPLETE,ready_volatility_bucket,LOW,0,0,,{}
bybit,240,15,WALK_08,0,REPLAY_COMPLETE,ready_volatility_bucket,MEDIUM,0,0,,{}
bybit,240,15,WALK_08,0,REPLAY_COMPLETE,ready_volatility_bucket,HIGH,0,0,,{}
bybit,240,15,WALK_08,0,REPLAY_COMPLETE,ready_volatility_bucket,UNKNOWN,0,0,,{}
bybit,240,15,WALK_09,0,REPLAY_COMPLETE,symbol,BTCUSDT,0,0,,{}
bybit,240,15,WALK_09,0,REPLAY_COMPLETE,symbol,ETHUSDT,0,0,,{}
bybit,240,15,WALK_09,0,REPLAY_COMPLETE,direction,LONG,0,0,,{}
bybit,240,15,WALK_09,0,REPLAY_COMPLETE,direction,SHORT,0,0,,{}
bybit,240,15,WALK_09,0,REPLAY_COMPLETE,ready_regime,BULL,0,0,,{}
bybit,240,15,WALK_09,0,REPLAY_COMPLETE,ready_regime,BEAR,0,0,,{}
bybit,240,15,WALK_09,0,REPLAY_COMPLETE,ready_regime,SIDEWAYS,0,0,,{}
bybit,240,15,WALK_09,0,REPLAY_COMPLETE,ready_regime,UNKNOWN,0,0,,{}
bybit,240,15,WALK_09,0,REPLAY_COMPLETE,ready_volatility_bucket,LOW,0,0,,{}
bybit,240,15,WALK_09,0,REPLAY_COMPLETE,ready_volatility_bucket,MEDIUM,0,0,,{}
bybit,240,15,WALK_09,0,REPLAY_COMPLETE,ready_volatility_bucket,HIGH,0,0,,{}
bybit,240,15,WALK_09,0,REPLAY_COMPLETE,ready_volatility_bucket,UNKNOWN,0,0,,{}
bybit,240,15,WALK_10,0,REPLAY_COMPLETE,symbol,BTCUSDT,0,0,,{}
bybit,240,15,WALK_10,0,REPLAY_COMPLETE,symbol,ETHUSDT,0,0,,{}
bybit,240,15,WALK_10,0,REPLAY_COMPLETE,direction,LONG,0,0,,{}
bybit,240,15,WALK_10,0,REPLAY_COMPLETE,direction,SHORT,0,0,,{}
bybit,240,15,WALK_10,0,REPLAY_COMPLETE,ready_regime,BULL,0,0,,{}
bybit,240,15,WALK_10,0,REPLAY_COMPLETE,ready_regime,BEAR,0,0,,{}
bybit,240,15,WALK_10,0,REPLAY_COMPLETE,ready_regime,SIDEWAYS,0,0,,{}
bybit,240,15,WALK_10,0,REPLAY_COMPLETE,ready_regime,UNKNOWN,0,0,,{}
bybit,240,15,WALK_10,0,REPLAY_COMPLETE,ready_volatility_bucket,LOW,0,0,,{}
bybit,240,15,WALK_10,0,REPLAY_COMPLETE,ready_volatility_bucket,MEDIUM,0,0,,{}
bybit,240,15,WALK_10,0,REPLAY_COMPLETE,ready_volatility_bucket,HIGH,0,0,,{}
bybit,240,15,WALK_10,0,REPLAY_COMPLETE,ready_volatility_bucket,UNKNOWN,0,0,,{}
bybit,240,15,WALK_11,0,REPLAY_COMPLETE,symbol,BTCUSDT,0,0,,{}
bybit,240,15,WALK_11,0,REPLAY_COMPLETE,symbol,ETHUSDT,0,0,,{}
bybit,240,15,WALK_11,0,REPLAY_COMPLETE,direction,LONG,0,0,,{}
bybit,240,15,WALK_11,0,REPLAY_COMPLETE,direction,SHORT,0,0,,{}
bybit,240,15,WALK_11,0,REPLAY_COMPLETE,ready_regime,BULL,0,0,,{}
bybit,240,15,WALK_11,0,REPLAY_COMPLETE,ready_regime,BEAR,0,0,,{}
bybit,240,15,WALK_11,0,REPLAY_COMPLETE,ready_regime,SIDEWAYS,0,0,,{}
bybit,240,15,WALK_11,0,REPLAY_COMPLETE,ready_regime,UNKNOWN,0,0,,{}
bybit,240,15,WALK_11,0,REPLAY_COMPLETE,ready_volatility_bucket,LOW,0,0,,{}
bybit,240,15,WALK_11,0,REPLAY_COMPLETE,ready_volatility_bucket,MEDIUM,0,0,,{}
bybit,240,15,WALK_11,0,REPLAY_COMPLETE,ready_volatility_bucket,HIGH,0,0,,{}
bybit,240,15,WALK_11,0,REPLAY_COMPLETE,ready_volatility_bucket,UNKNOWN,0,0,,{}
bybit,240,15,WALK_12,0,REPLAY_COMPLETE,symbol,BTCUSDT,0,0,,{}
bybit,240,15,WALK_12,0,REPLAY_COMPLETE,symbol,ETHUSDT,1,0,0.0,"{""LIMIT_NOT_FILLED_BEFORE_OB_FIRST_TEST_CONSUMED"": 1}"
bybit,240,15,WALK_12,0,REPLAY_COMPLETE,direction,LONG,1,0,0.0,"{""LIMIT_NOT_FILLED_BEFORE_OB_FIRST_TEST_CONSUMED"": 1}"
bybit,240,15,WALK_12,0,REPLAY_COMPLETE,direction,SHORT,0,0,,{}
bybit,240,15,WALK_12,0,REPLAY_COMPLETE,ready_regime,BULL,0,0,,{}
bybit,240,15,WALK_12,0,REPLAY_COMPLETE,ready_regime,BEAR,1,0,0.0,"{""LIMIT_NOT_FILLED_BEFORE_OB_FIRST_TEST_CONSUMED"": 1}"
bybit,240,15,WALK_12,0,REPLAY_COMPLETE,ready_regime,SIDEWAYS,0,0,,{}
bybit,240,15,WALK_12,0,REPLAY_COMPLETE,ready_regime,UNKNOWN,0,0,,{}
bybit,240,15,WALK_12,0,REPLAY_COMPLETE,ready_volatility_bucket,LOW,0,0,,{}
bybit,240,15,WALK_12,0,REPLAY_COMPLETE,ready_volatility_bucket,MEDIUM,1,0,0.0,"{""LIMIT_NOT_FILLED_BEFORE_OB_FIRST_TEST_CONSUMED"": 1}"
bybit,240,15,WALK_12,0,REPLAY_COMPLETE,ready_volatility_bucket,HIGH,0,0,,{}
bybit,240,15,WALK_12,0,REPLAY_COMPLETE,ready_volatility_bucket,UNKNOWN,0,0,,{}
bybit,240,15,WALK_13,0,REPLAY_COMPLETE,symbol,BTCUSDT,0,0,,{}
bybit,240,15,WALK_13,0,REPLAY_COMPLETE,symbol,ETHUSDT,0,0,,{}
bybit,240,15,WALK_13,0,REPLAY_COMPLETE,direction,LONG,0,0,,{}
bybit,240,15,WALK_13,0,REPLAY_COMPLETE,direction,SHORT,0,0,,{}
bybit,240,15,WALK_13,0,REPLAY_COMPLETE,ready_regime,BULL,0,0,,{}
bybit,240,15,WALK_13,0,REPLAY_COMPLETE,ready_regime,BEAR,0,0,,{}
bybit,240,15,WALK_13,0,REPLAY_COMPLETE,ready_regime,SIDEWAYS,0,0,,{}
bybit,240,15,WALK_13,0,REPLAY_COMPLETE,ready_regime,UNKNOWN,0,0,,{}
bybit,240,15,WALK_13,0,REPLAY_COMPLETE,ready_volatility_bucket,LOW,0,0,,{}
bybit,240,15,WALK_13,0,REPLAY_COMPLETE,ready_volatility_bucket,MEDIUM,0,0,,{}
bybit,240,15,WALK_13,0,REPLAY_COMPLETE,ready_volatility_bucket,HIGH,0,0,,{}
bybit,240,15,WALK_13,0,REPLAY_COMPLETE,ready_volatility_bucket,UNKNOWN,0,0,,{}
bybit,240,15,WALK_14,0,REPLAY_COMPLETE,symbol,BTCUSDT,0,0,,{}
bybit,240,15,WALK_14,0,REPLAY_COMPLETE,symbol,ETHUSDT,0,0,,{}
bybit,240,15,WALK_14,0,REPLAY_COMPLETE,direction,LONG,0,0,,{}
bybit,240,15,WALK_14,0,REPLAY_COMPLETE,direction,SHORT,0,0,,{}
bybit,240,15,WALK_14,0,REPLAY_COMPLETE,ready_regime,BULL,0,0,,{}
bybit,240,15,WALK_14,0,REPLAY_COMPLETE,ready_regime,BEAR,0,0,,{}
bybit,240,15,WALK_14,0,REPLAY_COMPLETE,ready_regime,SIDEWAYS,0,0,,{}
bybit,240,15,WALK_14,0,REPLAY_COMPLETE,ready_regime,UNKNOWN,0,0,,{}
bybit,240,15,WALK_14,0,REPLAY_COMPLETE,ready_volatility_bucket,LOW,0,0,,{}
bybit,240,15,WALK_14,0,REPLAY_COMPLETE,ready_volatility_bucket,MEDIUM,0,0,,{}
bybit,240,15,WALK_14,0,REPLAY_COMPLETE,ready_volatility_bucket,HIGH,0,0,,{}
bybit,240,15,WALK_14,0,REPLAY_COMPLETE,ready_volatility_bucket,UNKNOWN,0,0,,{}
bybit,240,15,WALK_15,0,REPLAY_COMPLETE,symbol,BTCUSDT,0,0,,{}
bybit,240,15,WALK_15,0,REPLAY_COMPLETE,symbol,ETHUSDT,0,0,,{}
bybit,240,15,WALK_15,0,REPLAY_COMPLETE,direction,LONG,0,0,,{}
bybit,240,15,WALK_15,0,REPLAY_COMPLETE,direction,SHORT,0,0,,{}
bybit,240,15,WALK_15,0,REPLAY_COMPLETE,ready_regime,BULL,0,0,,{}
bybit,240,15,WALK_15,0,REPLAY_COMPLETE,ready_regime,BEAR,0,0,,{}
bybit,240,15,WALK_15,0,REPLAY_COMPLETE,ready_regime,SIDEWAYS,0,0,,{}
bybit,240,15,WALK_15,0,REPLAY_COMPLETE,ready_regime,UNKNOWN,0,0,,{}
bybit,240,15,WALK_15,0,REPLAY_COMPLETE,ready_volatility_bucket,LOW,0,0,,{}
bybit,240,15,WALK_15,0,REPLAY_COMPLETE,ready_volatility_bucket,MEDIUM,0,0,,{}
bybit,240,15,WALK_15,0,REPLAY_COMPLETE,ready_volatility_bucket,HIGH,0,0,,{}
bybit,240,15,WALK_15,0,REPLAY_COMPLETE,ready_volatility_bucket,UNKNOWN,0,0,,{}
bybit,240,15,WALK_16,0,REPLAY_COMPLETE,symbol,BTCUSDT,0,0,,{}
bybit,240,15,WALK_16,0,REPLAY_COMPLETE,symbol,ETHUSDT,0,0,,{}
bybit,240,15,WALK_16,0,REPLAY_COMPLETE,direction,LONG,0,0,,{}
bybit,240,15,WALK_16,0,REPLAY_COMPLETE,direction,SHORT,0,0,,{}
bybit,240,15,WALK_16,0,REPLAY_COMPLETE,ready_regime,BULL,0,0,,{}
bybit,240,15,WALK_16,0,REPLAY_COMPLETE,ready_regime,BEAR,0,0,,{}
bybit,240,15,WALK_16,0,REPLAY_COMPLETE,ready_regime,SIDEWAYS,0,0,,{}
bybit,240,15,WALK_16,0,REPLAY_COMPLETE,ready_regime,UNKNOWN,0,0,,{}
bybit,240,15,WALK_16,0,REPLAY_COMPLETE,ready_volatility_bucket,LOW,0,0,,{}
bybit,240,15,WALK_16,0,REPLAY_COMPLETE,ready_volatility_bucket,MEDIUM,0,0,,{}
bybit,240,15,WALK_16,0,REPLAY_COMPLETE,ready_volatility_bucket,HIGH,0,0,,{}
bybit,240,15,WALK_16,0,REPLAY_COMPLETE,ready_volatility_bucket,UNKNOWN,0,0,,{}
bybit,240,15,WALK_17,0,REPLAY_COMPLETE,symbol,BTCUSDT,0,0,,{}
bybit,240,15,WALK_17,0,REPLAY_COMPLETE,symbol,ETHUSDT,0,0,,{}
bybit,240,15,WALK_17,0,REPLAY_COMPLETE,direction,LONG,0,0,,{}
bybit,240,15,WALK_17,0,REPLAY_COMPLETE,direction,SHORT,0,0,,{}
bybit,240,15,WALK_17,0,REPLAY_COMPLETE,ready_regime,BULL,0,0,,{}
bybit,240,15,WALK_17,0,REPLAY_COMPLETE,ready_regime,BEAR,0,0,,{}
bybit,240,15,WALK_17,0,REPLAY_COMPLETE,ready_regime,SIDEWAYS,0,0,,{}
bybit,240,15,WALK_17,0,REPLAY_COMPLETE,ready_regime,UNKNOWN,0,0,,{}
bybit,240,15,WALK_17,0,REPLAY_COMPLETE,ready_volatility_bucket,LOW,0,0,,{}
bybit,240,15,WALK_17,0,REPLAY_COMPLETE,ready_volatility_bucket,MEDIUM,0,0,,{}
bybit,240,15,WALK_17,0,REPLAY_COMPLETE,ready_volatility_bucket,HIGH,0,0,,{}
bybit,240,15,WALK_17,0,REPLAY_COMPLETE,ready_volatility_bucket,UNKNOWN,0,0,,{}
bybit,240,60,REFERENCE,0,REPLAY_COMPLETE,symbol,BTCUSDT,1,1,1.0,"{""VIRTUAL_TRADE_CLOSED"": 1}"
bybit,240,60,REFERENCE,0,REPLAY_COMPLETE,symbol,ETHUSDT,1,0,0.0,"{""LIMIT_NOT_FILLED_BEFORE_OB_FIRST_TEST_CONSUMED"": 1}"
bybit,240,60,REFERENCE,0,REPLAY_COMPLETE,direction,LONG,2,1,0.5,"{""LIMIT_NOT_FILLED_BEFORE_OB_FIRST_TEST_CONSUMED"": 1, ""VIRTUAL_TRADE_CLOSED"": 1}"
bybit,240,60,REFERENCE,0,REPLAY_COMPLETE,direction,SHORT,0,0,,{}
bybit,240,60,REFERENCE,0,REPLAY_COMPLETE,ready_regime,BULL,0,0,,{}
bybit,240,60,REFERENCE,0,REPLAY_COMPLETE,ready_regime,BEAR,0,0,,{}
bybit,240,60,REFERENCE,0,REPLAY_COMPLETE,ready_regime,SIDEWAYS,2,1,0.5,"{""LIMIT_NOT_FILLED_BEFORE_OB_FIRST_TEST_CONSUMED"": 1, ""VIRTUAL_TRADE_CLOSED"": 1}"
bybit,240,60,REFERENCE,0,REPLAY_COMPLETE,ready_regime,UNKNOWN,0,0,,{}
bybit,240,60,REFERENCE,0,REPLAY_COMPLETE,ready_volatility_bucket,LOW,1,1,1.0,"{""VIRTUAL_TRADE_CLOSED"": 1}"
bybit,240,60,REFERENCE,0,REPLAY_COMPLETE,ready_volatility_bucket,MEDIUM,0,0,,{}
bybit,240,60,REFERENCE,0,REPLAY_COMPLETE,ready_volatility_bucket,HIGH,1,0,0.0,"{""LIMIT_NOT_FILLED_BEFORE_OB_FIRST_TEST_CONSUMED"": 1}"
bybit,240,60,REFERENCE,0,REPLAY_COMPLETE,ready_volatility_bucket,UNKNOWN,0,0,,{}
bybit,240,60,VALIDATION,0,REPLAY_COMPLETE,symbol,BTCUSDT,0,0,,{}
bybit,240,60,VALIDATION,0,REPLAY_COMPLETE,symbol,ETHUSDT,0,0,,{}
bybit,240,60,VALIDATION,0,REPLAY_COMPLETE,direction,LONG,0,0,,{}
bybit,240,60,VALIDATION,0,REPLAY_COMPLETE,direction,SHORT,0,0,,{}
bybit,240,60,VALIDATION,0,REPLAY_COMPLETE,ready_regime,BULL,0,0,,{}
bybit,240,60,VALIDATION,0,REPLAY_COMPLETE,ready_regime,BEAR,0,0,,{}
bybit,240,60,VALIDATION,0,REPLAY_COMPLETE,ready_regime,SIDEWAYS,0,0,,{}
bybit,240,60,VALIDATION,0,REPLAY_COMPLETE,ready_regime,UNKNOWN,0,0,,{}
bybit,240,60,VALIDATION,0,REPLAY_COMPLETE,ready_volatility_bucket,LOW,0,0,,{}
bybit,240,60,VALIDATION,0,REPLAY_COMPLETE,ready_volatility_bucket,MEDIUM,0,0,,{}
bybit,240,60,VALIDATION,0,REPLAY_COMPLETE,ready_volatility_bucket,HIGH,0,0,,{}
bybit,240,60,VALIDATION,0,REPLAY_COMPLETE,ready_volatility_bucket,UNKNOWN,0,0,,{}
bybit,240,60,HOLDOUT,0,REPLAY_COMPLETE,symbol,BTCUSDT,0,0,,{}
bybit,240,60,HOLDOUT,0,REPLAY_COMPLETE,symbol,ETHUSDT,0,0,,{}
bybit,240,60,HOLDOUT,0,REPLAY_COMPLETE,direction,LONG,0,0,,{}
bybit,240,60,HOLDOUT,0,REPLAY_COMPLETE,direction,SHORT,0,0,,{}
bybit,240,60,HOLDOUT,0,REPLAY_COMPLETE,ready_regime,BULL,0,0,,{}
bybit,240,60,HOLDOUT,0,REPLAY_COMPLETE,ready_regime,BEAR,0,0,,{}
bybit,240,60,HOLDOUT,0,REPLAY_COMPLETE,ready_regime,SIDEWAYS,0,0,,{}
bybit,240,60,HOLDOUT,0,REPLAY_COMPLETE,ready_regime,UNKNOWN,0,0,,{}
bybit,240,60,HOLDOUT,0,REPLAY_COMPLETE,ready_volatility_bucket,LOW,0,0,,{}
bybit,240,60,HOLDOUT,0,REPLAY_COMPLETE,ready_volatility_bucket,MEDIUM,0,0,,{}
bybit,240,60,HOLDOUT,0,REPLAY_COMPLETE,ready_volatility_bucket,HIGH,0,0,,{}
bybit,240,60,HOLDOUT,0,REPLAY_COMPLETE,ready_volatility_bucket,UNKNOWN,0,0,,{}
bybit,240,60,WALK_00,0,REPLAY_COMPLETE,symbol,BTCUSDT,0,0,,{}
bybit,240,60,WALK_00,0,REPLAY_COMPLETE,symbol,ETHUSDT,1,0,0.0,"{""LIMIT_NOT_FILLED_BEFORE_OB_FIRST_TEST_CONSUMED"": 1}"
bybit,240,60,WALK_00,0,REPLAY_COMPLETE,direction,LONG,1,0,0.0,"{""LIMIT_NOT_FILLED_BEFORE_OB_FIRST_TEST_CONSUMED"": 1}"
bybit,240,60,WALK_00,0,REPLAY_COMPLETE,direction,SHORT,0,0,,{}
bybit,240,60,WALK_00,0,REPLAY_COMPLETE,ready_regime,BULL,0,0,,{}
bybit,240,60,WALK_00,0,REPLAY_COMPLETE,ready_regime,BEAR,0,0,,{}
bybit,240,60,WALK_00,0,REPLAY_COMPLETE,ready_regime,SIDEWAYS,1,0,0.0,"{""LIMIT_NOT_FILLED_BEFORE_OB_FIRST_TEST_CONSUMED"": 1}"
bybit,240,60,WALK_00,0,REPLAY_COMPLETE,ready_regime,UNKNOWN,0,0,,{}
bybit,240,60,WALK_00,0,REPLAY_COMPLETE,ready_volatility_bucket,LOW,0,0,,{}
bybit,240,60,WALK_00,0,REPLAY_COMPLETE,ready_volatility_bucket,MEDIUM,0,0,,{}
bybit,240,60,WALK_00,0,REPLAY_COMPLETE,ready_volatility_bucket,HIGH,1,0,0.0,"{""LIMIT_NOT_FILLED_BEFORE_OB_FIRST_TEST_CONSUMED"": 1}"
bybit,240,60,WALK_00,0,REPLAY_COMPLETE,ready_volatility_bucket,UNKNOWN,0,0,,{}
bybit,240,60,WALK_01,0,REPLAY_COMPLETE,symbol,BTCUSDT,0,0,,{}
bybit,240,60,WALK_01,0,REPLAY_COMPLETE,symbol,ETHUSDT,0,0,,{}
bybit,240,60,WALK_01,0,REPLAY_COMPLETE,direction,LONG,0,0,,{}
bybit,240,60,WALK_01,0,REPLAY_COMPLETE,direction,SHORT,0,0,,{}
bybit,240,60,WALK_01,0,REPLAY_COMPLETE,ready_regime,BULL,0,0,,{}
bybit,240,60,WALK_01,0,REPLAY_COMPLETE,ready_regime,BEAR,0,0,,{}
bybit,240,60,WALK_01,0,REPLAY_COMPLETE,ready_regime,SIDEWAYS,0,0,,{}
bybit,240,60,WALK_01,0,REPLAY_COMPLETE,ready_regime,UNKNOWN,0,0,,{}
bybit,240,60,WALK_01,0,REPLAY_COMPLETE,ready_volatility_bucket,LOW,0,0,,{}
bybit,240,60,WALK_01,0,REPLAY_COMPLETE,ready_volatility_bucket,MEDIUM,0,0,,{}
bybit,240,60,WALK_01,0,REPLAY_COMPLETE,ready_volatility_bucket,HIGH,0,0,,{}
bybit,240,60,WALK_01,0,REPLAY_COMPLETE,ready_volatility_bucket,UNKNOWN,0,0,,{}
bybit,240,60,WALK_02,0,REPLAY_COMPLETE,symbol,BTCUSDT,0,0,,{}
bybit,240,60,WALK_02,0,REPLAY_COMPLETE,symbol,ETHUSDT,0,0,,{}
bybit,240,60,WALK_02,0,REPLAY_COMPLETE,direction,LONG,0,0,,{}
bybit,240,60,WALK_02,0,REPLAY_COMPLETE,direction,SHORT,0,0,,{}
bybit,240,60,WALK_02,0,REPLAY_COMPLETE,ready_regime,BULL,0,0,,{}
bybit,240,60,WALK_02,0,REPLAY_COMPLETE,ready_regime,BEAR,0,0,,{}
bybit,240,60,WALK_02,0,REPLAY_COMPLETE,ready_regime,SIDEWAYS,0,0,,{}
bybit,240,60,WALK_02,0,REPLAY_COMPLETE,ready_regime,UNKNOWN,0,0,,{}
bybit,240,60,WALK_02,0,REPLAY_COMPLETE,ready_volatility_bucket,LOW,0,0,,{}
bybit,240,60,WALK_02,0,REPLAY_COMPLETE,ready_volatility_bucket,MEDIUM,0,0,,{}
bybit,240,60,WALK_02,0,REPLAY_COMPLETE,ready_volatility_bucket,HIGH,0,0,,{}
bybit,240,60,WALK_02,0,REPLAY_COMPLETE,ready_volatility_bucket,UNKNOWN,0,0,,{}
bybit,240,60,WALK_03,0,REPLAY_COMPLETE,symbol,BTCUSDT,0,0,,{}
bybit,240,60,WALK_03,0,REPLAY_COMPLETE,symbol,ETHUSDT,0,0,,{}
bybit,240,60,WALK_03,0,REPLAY_COMPLETE,direction,LONG,0,0,,{}
bybit,240,60,WALK_03,0,REPLAY_COMPLETE,direction,SHORT,0,0,,{}
bybit,240,60,WALK_03,0,REPLAY_COMPLETE,ready_regime,BULL,0,0,,{}
bybit,240,60,WALK_03,0,REPLAY_COMPLETE,ready_regime,BEAR,0,0,,{}
bybit,240,60,WALK_03,0,REPLAY_COMPLETE,ready_regime,SIDEWAYS,0,0,,{}
bybit,240,60,WALK_03,0,REPLAY_COMPLETE,ready_regime,UNKNOWN,0,0,,{}
bybit,240,60,WALK_03,0,REPLAY_COMPLETE,ready_volatility_bucket,LOW,0,0,,{}
bybit,240,60,WALK_03,0,REPLAY_COMPLETE,ready_volatility_bucket,MEDIUM,0,0,,{}
bybit,240,60,WALK_03,0,REPLAY_COMPLETE,ready_volatility_bucket,HIGH,0,0,,{}
bybit,240,60,WALK_03,0,REPLAY_COMPLETE,ready_volatility_bucket,UNKNOWN,0,0,,{}
bybit,240,60,WALK_04,0,REPLAY_COMPLETE,symbol,BTCUSDT,0,0,,{}
bybit,240,60,WALK_04,0,REPLAY_COMPLETE,symbol,ETHUSDT,0,0,,{}
bybit,240,60,WALK_04,0,REPLAY_COMPLETE,direction,LONG,0,0,,{}
bybit,240,60,WALK_04,0,REPLAY_COMPLETE,direction,SHORT,0,0,,{}
bybit,240,60,WALK_04,0,REPLAY_COMPLETE,ready_regime,BULL,0,0,,{}
bybit,240,60,WALK_04,0,REPLAY_COMPLETE,ready_regime,BEAR,0,0,,{}
bybit,240,60,WALK_04,0,REPLAY_COMPLETE,ready_regime,SIDEWAYS,0,0,,{}
bybit,240,60,WALK_04,0,REPLAY_COMPLETE,ready_regime,UNKNOWN,0,0,,{}
bybit,240,60,WALK_04,0,REPLAY_COMPLETE,ready_volatility_bucket,LOW,0,0,,{}
bybit,240,60,WALK_04,0,REPLAY_COMPLETE,ready_volatility_bucket,MEDIUM,0,0,,{}
bybit,240,60,WALK_04,0,REPLAY_COMPLETE,ready_volatility_bucket,HIGH,0,0,,{}
bybit,240,60,WALK_04,0,REPLAY_COMPLETE,ready_volatility_bucket,UNKNOWN,0,0,,{}
bybit,240,60,WALK_05,0,REPLAY_COMPLETE,symbol,BTCUSDT,1,1,1.0,"{""VIRTUAL_TRADE_CLOSED"": 1}"
bybit,240,60,WALK_05,0,REPLAY_COMPLETE,symbol,ETHUSDT,0,0,,{}
bybit,240,60,WALK_05,0,REPLAY_COMPLETE,direction,LONG,1,1,1.0,"{""VIRTUAL_TRADE_CLOSED"": 1}"
bybit,240,60,WALK_05,0,REPLAY_COMPLETE,direction,SHORT,0,0,,{}
bybit,240,60,WALK_05,0,REPLAY_COMPLETE,ready_regime,BULL,0,0,,{}
bybit,240,60,WALK_05,0,REPLAY_COMPLETE,ready_regime,BEAR,0,0,,{}
bybit,240,60,WALK_05,0,REPLAY_COMPLETE,ready_regime,SIDEWAYS,1,1,1.0,"{""VIRTUAL_TRADE_CLOSED"": 1}"
bybit,240,60,WALK_05,0,REPLAY_COMPLETE,ready_regime,UNKNOWN,0,0,,{}
bybit,240,60,WALK_05,0,REPLAY_COMPLETE,ready_volatility_bucket,LOW,1,1,1.0,"{""VIRTUAL_TRADE_CLOSED"": 1}"
bybit,240,60,WALK_05,0,REPLAY_COMPLETE,ready_volatility_bucket,MEDIUM,0,0,,{}
bybit,240,60,WALK_05,0,REPLAY_COMPLETE,ready_volatility_bucket,HIGH,0,0,,{}
bybit,240,60,WALK_05,0,REPLAY_COMPLETE,ready_volatility_bucket,UNKNOWN,0,0,,{}
bybit,240,60,WALK_06,0,REPLAY_COMPLETE,symbol,BTCUSDT,0,0,,{}
bybit,240,60,WALK_06,0,REPLAY_COMPLETE,symbol,ETHUSDT,0,0,,{}
bybit,240,60,WALK_06,0,REPLAY_COMPLETE,direction,LONG,0,0,,{}
bybit,240,60,WALK_06,0,REPLAY_COMPLETE,direction,SHORT,0,0,,{}
bybit,240,60,WALK_06,0,REPLAY_COMPLETE,ready_regime,BULL,0,0,,{}
bybit,240,60,WALK_06,0,REPLAY_COMPLETE,ready_regime,BEAR,0,0,,{}
bybit,240,60,WALK_06,0,REPLAY_COMPLETE,ready_regime,SIDEWAYS,0,0,,{}
bybit,240,60,WALK_06,0,REPLAY_COMPLETE,ready_regime,UNKNOWN,0,0,,{}
bybit,240,60,WALK_06,0,REPLAY_COMPLETE,ready_volatility_bucket,LOW,0,0,,{}
bybit,240,60,WALK_06,0,REPLAY_COMPLETE,ready_volatility_bucket,MEDIUM,0,0,,{}
bybit,240,60,WALK_06,0,REPLAY_COMPLETE,ready_volatility_bucket,HIGH,0,0,,{}
bybit,240,60,WALK_06,0,REPLAY_COMPLETE,ready_volatility_bucket,UNKNOWN,0,0,,{}
bybit,240,60,WALK_07,0,REPLAY_COMPLETE,symbol,BTCUSDT,0,0,,{}
bybit,240,60,WALK_07,0,REPLAY_COMPLETE,symbol,ETHUSDT,0,0,,{}
bybit,240,60,WALK_07,0,REPLAY_COMPLETE,direction,LONG,0,0,,{}
bybit,240,60,WALK_07,0,REPLAY_COMPLETE,direction,SHORT,0,0,,{}
bybit,240,60,WALK_07,0,REPLAY_COMPLETE,ready_regime,BULL,0,0,,{}
bybit,240,60,WALK_07,0,REPLAY_COMPLETE,ready_regime,BEAR,0,0,,{}
bybit,240,60,WALK_07,0,REPLAY_COMPLETE,ready_regime,SIDEWAYS,0,0,,{}
bybit,240,60,WALK_07,0,REPLAY_COMPLETE,ready_regime,UNKNOWN,0,0,,{}
bybit,240,60,WALK_07,0,REPLAY_COMPLETE,ready_volatility_bucket,LOW,0,0,,{}
bybit,240,60,WALK_07,0,REPLAY_COMPLETE,ready_volatility_bucket,MEDIUM,0,0,,{}
bybit,240,60,WALK_07,0,REPLAY_COMPLETE,ready_volatility_bucket,HIGH,0,0,,{}
bybit,240,60,WALK_07,0,REPLAY_COMPLETE,ready_volatility_bucket,UNKNOWN,0,0,,{}
bybit,240,60,WALK_08,0,REPLAY_COMPLETE,symbol,BTCUSDT,0,0,,{}
bybit,240,60,WALK_08,0,REPLAY_COMPLETE,symbol,ETHUSDT,0,0,,{}
bybit,240,60,WALK_08,0,REPLAY_COMPLETE,direction,LONG,0,0,,{}
bybit,240,60,WALK_08,0,REPLAY_COMPLETE,direction,SHORT,0,0,,{}
bybit,240,60,WALK_08,0,REPLAY_COMPLETE,ready_regime,BULL,0,0,,{}
bybit,240,60,WALK_08,0,REPLAY_COMPLETE,ready_regime,BEAR,0,0,,{}
bybit,240,60,WALK_08,0,REPLAY_COMPLETE,ready_regime,SIDEWAYS,0,0,,{}
bybit,240,60,WALK_08,0,REPLAY_COMPLETE,ready_regime,UNKNOWN,0,0,,{}
bybit,240,60,WALK_08,0,REPLAY_COMPLETE,ready_volatility_bucket,LOW,0,0,,{}
bybit,240,60,WALK_08,0,REPLAY_COMPLETE,ready_volatility_bucket,MEDIUM,0,0,,{}
bybit,240,60,WALK_08,0,REPLAY_COMPLETE,ready_volatility_bucket,HIGH,0,0,,{}
bybit,240,60,WALK_08,0,REPLAY_COMPLETE,ready_volatility_bucket,UNKNOWN,0,0,,{}
bybit,240,60,WALK_09,0,REPLAY_COMPLETE,symbol,BTCUSDT,0,0,,{}
bybit,240,60,WALK_09,0,REPLAY_COMPLETE,symbol,ETHUSDT,0,0,,{}
bybit,240,60,WALK_09,0,REPLAY_COMPLETE,direction,LONG,0,0,,{}
bybit,240,60,WALK_09,0,REPLAY_COMPLETE,direction,SHORT,0,0,,{}
bybit,240,60,WALK_09,0,REPLAY_COMPLETE,ready_regime,BULL,0,0,,{}
bybit,240,60,WALK_09,0,REPLAY_COMPLETE,ready_regime,BEAR,0,0,,{}
bybit,240,60,WALK_09,0,REPLAY_COMPLETE,ready_regime,SIDEWAYS,0,0,,{}
bybit,240,60,WALK_09,0,REPLAY_COMPLETE,ready_regime,UNKNOWN,0,0,,{}
bybit,240,60,WALK_09,0,REPLAY_COMPLETE,ready_volatility_bucket,LOW,0,0,,{}
bybit,240,60,WALK_09,0,REPLAY_COMPLETE,ready_volatility_bucket,MEDIUM,0,0,,{}
bybit,240,60,WALK_09,0,REPLAY_COMPLETE,ready_volatility_bucket,HIGH,0,0,,{}
bybit,240,60,WALK_09,0,REPLAY_COMPLETE,ready_volatility_bucket,UNKNOWN,0,0,,{}
bybit,240,60,WALK_10,0,REPLAY_COMPLETE,symbol,BTCUSDT,0,0,,{}
bybit,240,60,WALK_10,0,REPLAY_COMPLETE,symbol,ETHUSDT,0,0,,{}
bybit,240,60,WALK_10,0,REPLAY_COMPLETE,direction,LONG,0,0,,{}
bybit,240,60,WALK_10,0,REPLAY_COMPLETE,direction,SHORT,0,0,,{}
bybit,240,60,WALK_10,0,REPLAY_COMPLETE,ready_regime,BULL,0,0,,{}
bybit,240,60,WALK_10,0,REPLAY_COMPLETE,ready_regime,BEAR,0,0,,{}
bybit,240,60,WALK_10,0,REPLAY_COMPLETE,ready_regime,SIDEWAYS,0,0,,{}
bybit,240,60,WALK_10,0,REPLAY_COMPLETE,ready_regime,UNKNOWN,0,0,,{}
bybit,240,60,WALK_10,0,REPLAY_COMPLETE,ready_volatility_bucket,LOW,0,0,,{}
bybit,240,60,WALK_10,0,REPLAY_COMPLETE,ready_volatility_bucket,MEDIUM,0,0,,{}
bybit,240,60,WALK_10,0,REPLAY_COMPLETE,ready_volatility_bucket,HIGH,0,0,,{}
bybit,240,60,WALK_10,0,REPLAY_COMPLETE,ready_volatility_bucket,UNKNOWN,0,0,,{}
bybit,240,60,WALK_11,0,REPLAY_COMPLETE,symbol,BTCUSDT,0,0,,{}
bybit,240,60,WALK_11,0,REPLAY_COMPLETE,symbol,ETHUSDT,0,0,,{}
bybit,240,60,WALK_11,0,REPLAY_COMPLETE,direction,LONG,0,0,,{}
bybit,240,60,WALK_11,0,REPLAY_COMPLETE,direction,SHORT,0,0,,{}
bybit,240,60,WALK_11,0,REPLAY_COMPLETE,ready_regime,BULL,0,0,,{}
bybit,240,60,WALK_11,0,REPLAY_COMPLETE,ready_regime,BEAR,0,0,,{}
bybit,240,60,WALK_11,0,REPLAY_COMPLETE,ready_regime,SIDEWAYS,0,0,,{}
bybit,240,60,WALK_11,0,REPLAY_COMPLETE,ready_regime,UNKNOWN,0,0,,{}
bybit,240,60,WALK_11,0,REPLAY_COMPLETE,ready_volatility_bucket,LOW,0,0,,{}
bybit,240,60,WALK_11,0,REPLAY_COMPLETE,ready_volatility_bucket,MEDIUM,0,0,,{}
bybit,240,60,WALK_11,0,REPLAY_COMPLETE,ready_volatility_bucket,HIGH,0,0,,{}
bybit,240,60,WALK_11,0,REPLAY_COMPLETE,ready_volatility_bucket,UNKNOWN,0,0,,{}
bybit,240,60,WALK_12,0,REPLAY_COMPLETE,symbol,BTCUSDT,0,0,,{}
bybit,240,60,WALK_12,0,REPLAY_COMPLETE,symbol,ETHUSDT,0,0,,{}
bybit,240,60,WALK_12,0,REPLAY_COMPLETE,direction,LONG,0,0,,{}
bybit,240,60,WALK_12,0,REPLAY_COMPLETE,direction,SHORT,0,0,,{}
bybit,240,60,WALK_12,0,REPLAY_COMPLETE,ready_regime,BULL,0,0,,{}
bybit,240,60,WALK_12,0,REPLAY_COMPLETE,ready_regime,BEAR,0,0,,{}
bybit,240,60,WALK_12,0,REPLAY_COMPLETE,ready_regime,SIDEWAYS,0,0,,{}
bybit,240,60,WALK_12,0,REPLAY_COMPLETE,ready_regime,UNKNOWN,0,0,,{}
bybit,240,60,WALK_12,0,REPLAY_COMPLETE,ready_volatility_bucket,LOW,0,0,,{}
bybit,240,60,WALK_12,0,REPLAY_COMPLETE,ready_volatility_bucket,MEDIUM,0,0,,{}
bybit,240,60,WALK_12,0,REPLAY_COMPLETE,ready_volatility_bucket,HIGH,0,0,,{}
bybit,240,60,WALK_12,0,REPLAY_COMPLETE,ready_volatility_bucket,UNKNOWN,0,0,,{}
bybit,240,60,WALK_13,0,REPLAY_COMPLETE,symbol,BTCUSDT,0,0,,{}
bybit,240,60,WALK_13,0,REPLAY_COMPLETE,symbol,ETHUSDT,0,0,,{}
bybit,240,60,WALK_13,0,REPLAY_COMPLETE,direction,LONG,0,0,,{}
bybit,240,60,WALK_13,0,REPLAY_COMPLETE,direction,SHORT,0,0,,{}
bybit,240,60,WALK_13,0,REPLAY_COMPLETE,ready_regime,BULL,0,0,,{}
bybit,240,60,WALK_13,0,REPLAY_COMPLETE,ready_regime,BEAR,0,0,,{}
bybit,240,60,WALK_13,0,REPLAY_COMPLETE,ready_regime,SIDEWAYS,0,0,,{}
bybit,240,60,WALK_13,0,REPLAY_COMPLETE,ready_regime,UNKNOWN,0,0,,{}
bybit,240,60,WALK_13,0,REPLAY_COMPLETE,ready_volatility_bucket,LOW,0,0,,{}
bybit,240,60,WALK_13,0,REPLAY_COMPLETE,ready_volatility_bucket,MEDIUM,0,0,,{}
bybit,240,60,WALK_13,0,REPLAY_COMPLETE,ready_volatility_bucket,HIGH,0,0,,{}
bybit,240,60,WALK_13,0,REPLAY_COMPLETE,ready_volatility_bucket,UNKNOWN,0,0,,{}
bybit,240,60,WALK_14,0,REPLAY_COMPLETE,symbol,BTCUSDT,0,0,,{}
bybit,240,60,WALK_14,0,REPLAY_COMPLETE,symbol,ETHUSDT,0,0,,{}
bybit,240,60,WALK_14,0,REPLAY_COMPLETE,direction,LONG,0,0,,{}
bybit,240,60,WALK_14,0,REPLAY_COMPLETE,direction,SHORT,0,0,,{}
bybit,240,60,WALK_14,0,REPLAY_COMPLETE,ready_regime,BULL,0,0,,{}
bybit,240,60,WALK_14,0,REPLAY_COMPLETE,ready_regime,BEAR,0,0,,{}
bybit,240,60,WALK_14,0,REPLAY_COMPLETE,ready_regime,SIDEWAYS,0,0,,{}
bybit,240,60,WALK_14,0,REPLAY_COMPLETE,ready_regime,UNKNOWN,0,0,,{}
bybit,240,60,WALK_14,0,REPLAY_COMPLETE,ready_volatility_bucket,LOW,0,0,,{}
bybit,240,60,WALK_14,0,REPLAY_COMPLETE,ready_volatility_bucket,MEDIUM,0,0,,{}
bybit,240,60,WALK_14,0,REPLAY_COMPLETE,ready_volatility_bucket,HIGH,0,0,,{}
bybit,240,60,WALK_14,0,REPLAY_COMPLETE,ready_volatility_bucket,UNKNOWN,0,0,,{}
bybit,240,60,WALK_15,0,REPLAY_COMPLETE,symbol,BTCUSDT,0,0,,{}
bybit,240,60,WALK_15,0,REPLAY_COMPLETE,symbol,ETHUSDT,0,0,,{}
bybit,240,60,WALK_15,0,REPLAY_COMPLETE,direction,LONG,0,0,,{}
bybit,240,60,WALK_15,0,REPLAY_COMPLETE,direction,SHORT,0,0,,{}
bybit,240,60,WALK_15,0,REPLAY_COMPLETE,ready_regime,BULL,0,0,,{}
bybit,240,60,WALK_15,0,REPLAY_COMPLETE,ready_regime,BEAR,0,0,,{}
bybit,240,60,WALK_15,0,REPLAY_COMPLETE,ready_regime,SIDEWAYS,0,0,,{}
bybit,240,60,WALK_15,0,REPLAY_COMPLETE,ready_regime,UNKNOWN,0,0,,{}
bybit,240,60,WALK_15,0,REPLAY_COMPLETE,ready_volatility_bucket,LOW,0,0,,{}
bybit,240,60,WALK_15,0,REPLAY_COMPLETE,ready_volatility_bucket,MEDIUM,0,0,,{}
bybit,240,60,WALK_15,0,REPLAY_COMPLETE,ready_volatility_bucket,HIGH,0,0,,{}
bybit,240,60,WALK_15,0,REPLAY_COMPLETE,ready_volatility_bucket,UNKNOWN,0,0,,{}
bybit,240,60,WALK_16,0,REPLAY_COMPLETE,symbol,BTCUSDT,0,0,,{}
bybit,240,60,WALK_16,0,REPLAY_COMPLETE,symbol,ETHUSDT,0,0,,{}
bybit,240,60,WALK_16,0,REPLAY_COMPLETE,direction,LONG,0,0,,{}
bybit,240,60,WALK_16,0,REPLAY_COMPLETE,direction,SHORT,0,0,,{}
bybit,240,60,WALK_16,0,REPLAY_COMPLETE,ready_regime,BULL,0,0,,{}
bybit,240,60,WALK_16,0,REPLAY_COMPLETE,ready_regime,BEAR,0,0,,{}
bybit,240,60,WALK_16,0,REPLAY_COMPLETE,ready_regime,SIDEWAYS,0,0,,{}
bybit,240,60,WALK_16,0,REPLAY_COMPLETE,ready_regime,UNKNOWN,0,0,,{}
bybit,240,60,WALK_16,0,REPLAY_COMPLETE,ready_volatility_bucket,LOW,0,0,,{}
bybit,240,60,WALK_16,0,REPLAY_COMPLETE,ready_volatility_bucket,MEDIUM,0,0,,{}
bybit,240,60,WALK_16,0,REPLAY_COMPLETE,ready_volatility_bucket,HIGH,0,0,,{}
bybit,240,60,WALK_16,0,REPLAY_COMPLETE,ready_volatility_bucket,UNKNOWN,0,0,,{}
bybit,240,60,WALK_17,0,REPLAY_COMPLETE,symbol,BTCUSDT,0,0,,{}
bybit,240,60,WALK_17,0,REPLAY_COMPLETE,symbol,ETHUSDT,0,0,,{}
bybit,240,60,WALK_17,0,REPLAY_COMPLETE,direction,LONG,0,0,,{}
bybit,240,60,WALK_17,0,REPLAY_COMPLETE,direction,SHORT,0,0,,{}
bybit,240,60,WALK_17,0,REPLAY_COMPLETE,ready_regime,BULL,0,0,,{}
bybit,240,60,WALK_17,0,REPLAY_COMPLETE,ready_regime,BEAR,0,0,,{}
bybit,240,60,WALK_17,0,REPLAY_COMPLETE,ready_regime,SIDEWAYS,0,0,,{}
bybit,240,60,WALK_17,0,REPLAY_COMPLETE,ready_regime,UNKNOWN,0,0,,{}
bybit,240,60,WALK_17,0,REPLAY_COMPLETE,ready_volatility_bucket,LOW,0,0,,{}
bybit,240,60,WALK_17,0,REPLAY_COMPLETE,ready_volatility_bucket,MEDIUM,0,0,,{}
bybit,240,60,WALK_17,0,REPLAY_COMPLETE,ready_volatility_bucket,HIGH,0,0,,{}
bybit,240,60,WALK_17,0,REPLAY_COMPLETE,ready_volatility_bucket,UNKNOWN,0,0,,{}
binance,15,5,REFERENCE,0,REPLAY_COMPLETE,symbol,BTCUSDT,2,0,0.0,"{""ISOLATED_MARGIN_BUDGET"": 2}"
binance,15,5,REFERENCE,0,REPLAY_COMPLETE,symbol,ETHUSDT,0,0,,{}
binance,15,5,REFERENCE,0,REPLAY_COMPLETE,symbol,SOLUSDT,1,0,0.0,"{""LIMIT_NOT_FILLED_BEFORE_OB_FIRST_TEST_CONSUMED"": 1}"
binance,15,5,REFERENCE,0,REPLAY_COMPLETE,symbol,XRPUSDT,0,0,,{}
binance,15,5,REFERENCE,0,REPLAY_COMPLETE,symbol,BNBUSDT,1,0,0.0,"{""ISOLATED_MARGIN_BUDGET"": 1}"
binance,15,5,REFERENCE,0,REPLAY_COMPLETE,symbol,DOGEUSDT,0,0,,{}
binance,15,5,REFERENCE,0,REPLAY_COMPLETE,symbol,ADAUSDT,1,0,0.0,"{""LIMIT_NOT_FILLED_BEFORE_OB_FIRST_TEST_CONSUMED"": 1}"
binance,15,5,REFERENCE,0,REPLAY_COMPLETE,direction,LONG,3,0,0.0,"{""ISOLATED_MARGIN_BUDGET"": 2, ""LIMIT_NOT_FILLED_BEFORE_OB_FIRST_TEST_CONSUMED"": 1}"
binance,15,5,REFERENCE,0,REPLAY_COMPLETE,direction,SHORT,2,0,0.0,"{""ISOLATED_MARGIN_BUDGET"": 1, ""LIMIT_NOT_FILLED_BEFORE_OB_FIRST_TEST_CONSUMED"": 1}"
binance,15,5,REFERENCE,0,REPLAY_COMPLETE,ready_regime,BULL,1,0,0.0,"{""ISOLATED_MARGIN_BUDGET"": 1}"
binance,15,5,REFERENCE,0,REPLAY_COMPLETE,ready_regime,BEAR,2,0,0.0,"{""LIMIT_NOT_FILLED_BEFORE_OB_FIRST_TEST_CONSUMED"": 2}"
binance,15,5,REFERENCE,0,REPLAY_COMPLETE,ready_regime,SIDEWAYS,2,0,0.0,"{""ISOLATED_MARGIN_BUDGET"": 2}"
binance,15,5,REFERENCE,0,REPLAY_COMPLETE,ready_regime,UNKNOWN,0,0,,{}
binance,15,5,REFERENCE,0,REPLAY_COMPLETE,ready_volatility_bucket,LOW,1,0,0.0,"{""ISOLATED_MARGIN_BUDGET"": 1}"
binance,15,5,REFERENCE,0,REPLAY_COMPLETE,ready_volatility_bucket,MEDIUM,2,0,0.0,"{""ISOLATED_MARGIN_BUDGET"": 2}"
binance,15,5,REFERENCE,0,REPLAY_COMPLETE,ready_volatility_bucket,HIGH,2,0,0.0,"{""LIMIT_NOT_FILLED_BEFORE_OB_FIRST_TEST_CONSUMED"": 2}"
binance,15,5,REFERENCE,0,REPLAY_COMPLETE,ready_volatility_bucket,UNKNOWN,0,0,,{}
binance,15,5,REFERENCE,1,REPLAY_COMPLETE,symbol,BTCUSDT,0,0,,{}
binance,15,5,REFERENCE,1,REPLAY_COMPLETE,symbol,ETHUSDT,1,0,0.0,"{""ISOLATED_MARGIN_BUDGET"": 1}"
binance,15,5,REFERENCE,1,REPLAY_COMPLETE,symbol,SOLUSDT,0,0,,{}
binance,15,5,REFERENCE,1,REPLAY_COMPLETE,symbol,XRPUSDT,0,0,,{}
binance,15,5,REFERENCE,1,REPLAY_COMPLETE,symbol,BNBUSDT,0,0,,{}
binance,15,5,REFERENCE,1,REPLAY_COMPLETE,symbol,DOGEUSDT,0,0,,{}
binance,15,5,REFERENCE,1,REPLAY_COMPLETE,symbol,ADAUSDT,0,0,,{}
binance,15,5,REFERENCE,1,REPLAY_COMPLETE,direction,LONG,0,0,,{}
binance,15,5,REFERENCE,1,REPLAY_COMPLETE,direction,SHORT,1,0,0.0,"{""ISOLATED_MARGIN_BUDGET"": 1}"
binance,15,5,REFERENCE,1,REPLAY_COMPLETE,ready_regime,BULL,0,0,,{}
binance,15,5,REFERENCE,1,REPLAY_COMPLETE,ready_regime,BEAR,0,0,,{}
binance,15,5,REFERENCE,1,REPLAY_COMPLETE,ready_regime,SIDEWAYS,0,0,,{}
binance,15,5,REFERENCE,1,REPLAY_COMPLETE,ready_regime,UNKNOWN,1,0,0.0,"{""ISOLATED_MARGIN_BUDGET"": 1}"
binance,15,5,REFERENCE,1,REPLAY_COMPLETE,ready_volatility_bucket,LOW,0,0,,{}
binance,15,5,REFERENCE,1,REPLAY_COMPLETE,ready_volatility_bucket,MEDIUM,0,0,,{}
binance,15,5,REFERENCE,1,REPLAY_COMPLETE,ready_volatility_bucket,HIGH,0,0,,{}
binance,15,5,REFERENCE,1,REPLAY_COMPLETE,ready_volatility_bucket,UNKNOWN,1,0,0.0,"{""ISOLATED_MARGIN_BUDGET"": 1}"
binance,15,5,REFERENCE,2,REPLAY_COMPLETE,symbol,BTCUSDT,0,0,,{}
binance,15,5,REFERENCE,2,REPLAY_COMPLETE,symbol,ETHUSDT,0,0,,{}
binance,15,5,REFERENCE,2,REPLAY_COMPLETE,symbol,SOLUSDT,0,0,,{}
binance,15,5,REFERENCE,2,REPLAY_COMPLETE,symbol,XRPUSDT,0,0,,{}
binance,15,5,REFERENCE,2,REPLAY_COMPLETE,symbol,BNBUSDT,0,0,,{}
binance,15,5,REFERENCE,2,REPLAY_COMPLETE,symbol,DOGEUSDT,0,0,,{}
binance,15,5,REFERENCE,2,REPLAY_COMPLETE,symbol,ADAUSDT,0,0,,{}
binance,15,5,REFERENCE,2,REPLAY_COMPLETE,direction,LONG,0,0,,{}
binance,15,5,REFERENCE,2,REPLAY_COMPLETE,direction,SHORT,0,0,,{}
binance,15,5,REFERENCE,2,REPLAY_COMPLETE,ready_regime,BULL,0,0,,{}
binance,15,5,REFERENCE,2,REPLAY_COMPLETE,ready_regime,BEAR,0,0,,{}
binance,15,5,REFERENCE,2,REPLAY_COMPLETE,ready_regime,SIDEWAYS,0,0,,{}
binance,15,5,REFERENCE,2,REPLAY_COMPLETE,ready_regime,UNKNOWN,0,0,,{}
binance,15,5,REFERENCE,2,REPLAY_COMPLETE,ready_volatility_bucket,LOW,0,0,,{}
binance,15,5,REFERENCE,2,REPLAY_COMPLETE,ready_volatility_bucket,MEDIUM,0,0,,{}
binance,15,5,REFERENCE,2,REPLAY_COMPLETE,ready_volatility_bucket,HIGH,0,0,,{}
binance,15,5,REFERENCE,2,REPLAY_COMPLETE,ready_volatility_bucket,UNKNOWN,0,0,,{}
binance,15,5,REFERENCE,3,REPLAY_COMPLETE,symbol,BTCUSDT,0,0,,{}
binance,15,5,REFERENCE,3,REPLAY_COMPLETE,symbol,ETHUSDT,1,0,0.0,"{""ISOLATED_MARGIN_BUDGET"": 1}"
binance,15,5,REFERENCE,3,REPLAY_COMPLETE,symbol,SOLUSDT,0,0,,{}
binance,15,5,REFERENCE,3,REPLAY_COMPLETE,symbol,XRPUSDT,0,0,,{}
binance,15,5,REFERENCE,3,REPLAY_COMPLETE,symbol,BNBUSDT,1,0,0.0,"{""TARGET_EVIDENCE_WITHDRAWN"": 1}"
binance,15,5,REFERENCE,3,REPLAY_COMPLETE,symbol,DOGEUSDT,0,0,,{}
binance,15,5,REFERENCE,3,REPLAY_COMPLETE,symbol,ADAUSDT,0,0,,{}
binance,15,5,REFERENCE,3,REPLAY_COMPLETE,direction,LONG,2,0,0.0,"{""ISOLATED_MARGIN_BUDGET"": 1, ""TARGET_EVIDENCE_WITHDRAWN"": 1}"
binance,15,5,REFERENCE,3,REPLAY_COMPLETE,direction,SHORT,0,0,,{}
binance,15,5,REFERENCE,3,REPLAY_COMPLETE,ready_regime,BULL,2,0,0.0,"{""ISOLATED_MARGIN_BUDGET"": 1, ""TARGET_EVIDENCE_WITHDRAWN"": 1}"
binance,15,5,REFERENCE,3,REPLAY_COMPLETE,ready_regime,BEAR,0,0,,{}
binance,15,5,REFERENCE,3,REPLAY_COMPLETE,ready_regime,SIDEWAYS,0,0,,{}
binance,15,5,REFERENCE,3,REPLAY_COMPLETE,ready_regime,UNKNOWN,0,0,,{}
binance,15,5,REFERENCE,3,REPLAY_COMPLETE,ready_volatility_bucket,LOW,0,0,,{}
binance,15,5,REFERENCE,3,REPLAY_COMPLETE,ready_volatility_bucket,MEDIUM,0,0,,{}
binance,15,5,REFERENCE,3,REPLAY_COMPLETE,ready_volatility_bucket,HIGH,2,0,0.0,"{""ISOLATED_MARGIN_BUDGET"": 1, ""TARGET_EVIDENCE_WITHDRAWN"": 1}"
binance,15,5,REFERENCE,3,REPLAY_COMPLETE,ready_volatility_bucket,UNKNOWN,0,0,,{}
binance,15,5,REFERENCE,4,REPLAY_COMPLETE,symbol,BTCUSDT,0,0,,{}
binance,15,5,REFERENCE,4,REPLAY_COMPLETE,symbol,ETHUSDT,0,0,,{}
binance,15,5,REFERENCE,4,REPLAY_COMPLETE,symbol,SOLUSDT,0,0,,{}
binance,15,5,REFERENCE,4,REPLAY_COMPLETE,symbol,XRPUSDT,0,0,,{}
binance,15,5,REFERENCE,4,REPLAY_COMPLETE,symbol,BNBUSDT,0,0,,{}
binance,15,5,REFERENCE,4,REPLAY_COMPLETE,symbol,DOGEUSDT,0,0,,{}
binance,15,5,REFERENCE,4,REPLAY_COMPLETE,symbol,ADAUSDT,0,0,,{}
binance,15,5,REFERENCE,4,REPLAY_COMPLETE,direction,LONG,0,0,,{}
binance,15,5,REFERENCE,4,REPLAY_COMPLETE,direction,SHORT,0,0,,{}
binance,15,5,REFERENCE,4,REPLAY_COMPLETE,ready_regime,BULL,0,0,,{}
binance,15,5,REFERENCE,4,REPLAY_COMPLETE,ready_regime,BEAR,0,0,,{}
binance,15,5,REFERENCE,4,REPLAY_COMPLETE,ready_regime,SIDEWAYS,0,0,,{}
binance,15,5,REFERENCE,4,REPLAY_COMPLETE,ready_regime,UNKNOWN,0,0,,{}
binance,15,5,REFERENCE,4,REPLAY_COMPLETE,ready_volatility_bucket,LOW,0,0,,{}
binance,15,5,REFERENCE,4,REPLAY_COMPLETE,ready_volatility_bucket,MEDIUM,0,0,,{}
binance,15,5,REFERENCE,4,REPLAY_COMPLETE,ready_volatility_bucket,HIGH,0,0,,{}
binance,15,5,REFERENCE,4,REPLAY_COMPLETE,ready_volatility_bucket,UNKNOWN,0,0,,{}
binance,15,5,REFERENCE,5,REPLAY_COMPLETE,symbol,BTCUSDT,0,0,,{}
binance,15,5,REFERENCE,5,REPLAY_COMPLETE,symbol,ETHUSDT,1,1,1.0,"{""VIRTUAL_TRADE_CLOSED"": 1}"
binance,15,5,REFERENCE,5,REPLAY_COMPLETE,symbol,SOLUSDT,1,0,0.0,"{""LIMIT_NOT_FILLED_BEFORE_OB_FIRST_TEST_CONSUMED"": 1}"
binance,15,5,REFERENCE,5,REPLAY_COMPLETE,symbol,XRPUSDT,0,0,,{}
binance,15,5,REFERENCE,5,REPLAY_COMPLETE,symbol,BNBUSDT,0,0,,{}
binance,15,5,REFERENCE,5,REPLAY_COMPLETE,symbol,DOGEUSDT,0,0,,{}
binance,15,5,REFERENCE,5,REPLAY_COMPLETE,symbol,ADAUSDT,0,0,,{}
binance,15,5,REFERENCE,5,REPLAY_COMPLETE,direction,LONG,2,1,0.5,"{""LIMIT_NOT_FILLED_BEFORE_OB_FIRST_TEST_CONSUMED"": 1, ""VIRTUAL_TRADE_CLOSED"": 1}"
binance,15,5,REFERENCE,5,REPLAY_COMPLETE,direction,SHORT,0,0,,{}
binance,15,5,REFERENCE,5,REPLAY_COMPLETE,ready_regime,BULL,1,1,1.0,"{""VIRTUAL_TRADE_CLOSED"": 1}"
binance,15,5,REFERENCE,5,REPLAY_COMPLETE,ready_regime,BEAR,0,0,,{}
binance,15,5,REFERENCE,5,REPLAY_COMPLETE,ready_regime,SIDEWAYS,0,0,,{}
binance,15,5,REFERENCE,5,REPLAY_COMPLETE,ready_regime,UNKNOWN,1,0,0.0,"{""LIMIT_NOT_FILLED_BEFORE_OB_FIRST_TEST_CONSUMED"": 1}"
binance,15,5,REFERENCE,5,REPLAY_COMPLETE,ready_volatility_bucket,LOW,0,0,,{}
binance,15,5,REFERENCE,5,REPLAY_COMPLETE,ready_volatility_bucket,MEDIUM,0,0,,{}
binance,15,5,REFERENCE,5,REPLAY_COMPLETE,ready_volatility_bucket,HIGH,1,1,1.0,"{""VIRTUAL_TRADE_CLOSED"": 1}"
binance,15,5,REFERENCE,5,REPLAY_COMPLETE,ready_volatility_bucket,UNKNOWN,1,0,0.0,"{""LIMIT_NOT_FILLED_BEFORE_OB_FIRST_TEST_CONSUMED"": 1}"
binance,15,5,REFERENCE,6,REPLAY_COMPLETE,symbol,BTCUSDT,0,0,,{}
binance,15,5,REFERENCE,6,REPLAY_COMPLETE,symbol,ETHUSDT,0,0,,{}
binance,15,5,REFERENCE,6,REPLAY_COMPLETE,symbol,SOLUSDT,0,0,,{}
binance,15,5,REFERENCE,6,REPLAY_COMPLETE,symbol,XRPUSDT,0,0,,{}
binance,15,5,REFERENCE,6,REPLAY_COMPLETE,symbol,BNBUSDT,0,0,,{}
binance,15,5,REFERENCE,6,REPLAY_COMPLETE,symbol,DOGEUSDT,0,0,,{}
binance,15,5,REFERENCE,6,REPLAY_COMPLETE,symbol,ADAUSDT,0,0,,{}
binance,15,5,REFERENCE,6,REPLAY_COMPLETE,direction,LONG,0,0,,{}
binance,15,5,REFERENCE,6,REPLAY_COMPLETE,direction,SHORT,0,0,,{}
binance,15,5,REFERENCE,6,REPLAY_COMPLETE,ready_regime,BULL,0,0,,{}
binance,15,5,REFERENCE,6,REPLAY_COMPLETE,ready_regime,BEAR,0,0,,{}
binance,15,5,REFERENCE,6,REPLAY_COMPLETE,ready_regime,SIDEWAYS,0,0,,{}
binance,15,5,REFERENCE,6,REPLAY_COMPLETE,ready_regime,UNKNOWN,0,0,,{}
binance,15,5,REFERENCE,6,REPLAY_COMPLETE,ready_volatility_bucket,LOW,0,0,,{}
binance,15,5,REFERENCE,6,REPLAY_COMPLETE,ready_volatility_bucket,MEDIUM,0,0,,{}
binance,15,5,REFERENCE,6,REPLAY_COMPLETE,ready_volatility_bucket,HIGH,0,0,,{}
binance,15,5,REFERENCE,6,REPLAY_COMPLETE,ready_volatility_bucket,UNKNOWN,0,0,,{}
binance,15,5,REFERENCE,7,REPLAY_COMPLETE,symbol,BTCUSDT,0,0,,{}
binance,15,5,REFERENCE,7,REPLAY_COMPLETE,symbol,ETHUSDT,1,1,1.0,"{""VIRTUAL_TRADE_CLOSED"": 1}"
binance,15,5,REFERENCE,7,REPLAY_COMPLETE,symbol,SOLUSDT,0,0,,{}
binance,15,5,REFERENCE,7,REPLAY_COMPLETE,symbol,XRPUSDT,1,1,1.0,"{""VIRTUAL_TRADE_CLOSED"": 1}"
binance,15,5,REFERENCE,7,REPLAY_COMPLETE,symbol,BNBUSDT,1,0,0.0,"{""ISOLATED_MARGIN_BUDGET"": 1}"
binance,15,5,REFERENCE,7,REPLAY_COMPLETE,symbol,DOGEUSDT,0,0,,{}
binance,15,5,REFERENCE,7,REPLAY_COMPLETE,symbol,ADAUSDT,1,0,0.0,"{""ISOLATED_MARGIN_BUDGET"": 1}"
binance,15,5,REFERENCE,7,REPLAY_COMPLETE,direction,LONG,1,1,1.0,"{""VIRTUAL_TRADE_CLOSED"": 1}"
binance,15,5,REFERENCE,7,REPLAY_COMPLETE,direction,SHORT,3,1,0.3333333333333333,"{""ISOLATED_MARGIN_BUDGET"": 2, ""VIRTUAL_TRADE_CLOSED"": 1}"
binance,15,5,REFERENCE,7,REPLAY_COMPLETE,ready_regime,BULL,0,0,,{}
binance,15,5,REFERENCE,7,REPLAY_COMPLETE,ready_regime,BEAR,0,0,,{}
binance,15,5,REFERENCE,7,REPLAY_COMPLETE,ready_regime,SIDEWAYS,1,0,0.0,"{""ISOLATED_MARGIN_BUDGET"": 1}"
binance,15,5,REFERENCE,7,REPLAY_COMPLETE,ready_regime,UNKNOWN,3,2,0.6666666666666666,"{""ISOLATED_MARGIN_BUDGET"": 1, ""VIRTUAL_TRADE_CLOSED"": 2}"
binance,15,5,REFERENCE,7,REPLAY_COMPLETE,ready_volatility_bucket,LOW,0,0,,{}
binance,15,5,REFERENCE,7,REPLAY_COMPLETE,ready_volatility_bucket,MEDIUM,1,0,0.0,"{""ISOLATED_MARGIN_BUDGET"": 1}"
binance,15,5,REFERENCE,7,REPLAY_COMPLETE,ready_volatility_bucket,HIGH,0,0,,{}
binance,15,5,REFERENCE,7,REPLAY_COMPLETE,ready_volatility_bucket,UNKNOWN,3,2,0.6666666666666666,"{""ISOLATED_MARGIN_BUDGET"": 1, ""VIRTUAL_TRADE_CLOSED"": 2}"
binance,15,5,REFERENCE,8,REPLAY_COMPLETE,symbol,BTCUSDT,0,0,,{}
binance,15,5,REFERENCE,8,REPLAY_COMPLETE,symbol,ETHUSDT,1,0,0.0,"{""ISOLATED_MARGIN_BUDGET"": 1}"
binance,15,5,REFERENCE,8,REPLAY_COMPLETE,symbol,SOLUSDT,0,0,,{}
binance,15,5,REFERENCE,8,REPLAY_COMPLETE,symbol,XRPUSDT,0,0,,{}
binance,15,5,REFERENCE,8,REPLAY_COMPLETE,symbol,BNBUSDT,0,0,,{}
binance,15,5,REFERENCE,8,REPLAY_COMPLETE,symbol,DOGEUSDT,1,1,1.0,"{""VIRTUAL_TRADE_CLOSED"": 1}"
binance,15,5,REFERENCE,8,REPLAY_COMPLETE,symbol,ADAUSDT,0,0,,{}
binance,15,5,REFERENCE,8,REPLAY_COMPLETE,direction,LONG,1,0,0.0,"{""ISOLATED_MARGIN_BUDGET"": 1}"
binance,15,5,REFERENCE,8,REPLAY_COMPLETE,direction,SHORT,1,1,1.0,"{""VIRTUAL_TRADE_CLOSED"": 1}"
binance,15,5,REFERENCE,8,REPLAY_COMPLETE,ready_regime,BULL,0,0,,{}
binance,15,5,REFERENCE,8,REPLAY_COMPLETE,ready_regime,BEAR,0,0,,{}
binance,15,5,REFERENCE,8,REPLAY_COMPLETE,ready_regime,SIDEWAYS,0,0,,{}
binance,15,5,REFERENCE,8,REPLAY_COMPLETE,ready_regime,UNKNOWN,2,1,0.5,"{""ISOLATED_MARGIN_BUDGET"": 1, ""VIRTUAL_TRADE_CLOSED"": 1}"
binance,15,5,REFERENCE,8,REPLAY_COMPLETE,ready_volatility_bucket,LOW,0,0,,{}
binance,15,5,REFERENCE,8,REPLAY_COMPLETE,ready_volatility_bucket,MEDIUM,0,0,,{}
binance,15,5,REFERENCE,8,REPLAY_COMPLETE,ready_volatility_bucket,HIGH,0,0,,{}
binance,15,5,REFERENCE,8,REPLAY_COMPLETE,ready_volatility_bucket,UNKNOWN,2,1,0.5,"{""ISOLATED_MARGIN_BUDGET"": 1, ""VIRTUAL_TRADE_CLOSED"": 1}"
binance,15,5,REFERENCE,9,REPLAY_COMPLETE,symbol,BTCUSDT,2,0,0.0,"{""LIMIT_NOT_FILLED_BEFORE_OB_FIRST_TEST_CONSUMED"": 1, ""TARGET_EVIDENCE_WITHDRAWN"": 1}"
binance,15,5,REFERENCE,9,REPLAY_COMPLETE,symbol,ETHUSDT,13,2,0.15384615384615385,"{""ISOLATED_MARGIN_BUDGET"": 5, ""LIMIT_NOT_FILLED_BEFORE_OB_FIRST_TEST_CONSUMED"": 6, ""VIRTUAL_TRADE_CLOSED"": 2}"
binance,15,5,REFERENCE,9,REPLAY_COMPLETE,symbol,SOLUSDT,2,1,0.5,"{""LIMIT_NOT_FILLED_BEFORE_OB_FIRST_TEST_CONSUMED"": 1, ""VIRTUAL_TRADE_CLOSED"": 1}"
binance,15,5,REFERENCE,9,REPLAY_COMPLETE,symbol,XRPUSDT,3,0,0.0,"{""ISOLATED_MARGIN_BUDGET"": 1, ""LIMIT_NOT_FILLED_BEFORE_OB_FIRST_TEST_CONSUMED"": 2}"
binance,15,5,REFERENCE,9,REPLAY_COMPLETE,symbol,BNBUSDT,2,1,0.5,"{""LIMIT_NOT_FILLED_BEFORE_OB_FIRST_TEST_CONSUMED"": 1, ""VIRTUAL_TRADE_CLOSED"": 1}"
binance,15,5,REFERENCE,9,REPLAY_COMPLETE,symbol,DOGEUSDT,4,1,0.25,"{""ISOLATED_MARGIN_BUDGET"": 1, ""LIMIT_NOT_FILLED_BEFORE_OB_FIRST_TEST_CONSUMED"": 2, ""VIRTUAL_TRADE_CLOSED"": 1}"
binance,15,5,REFERENCE,9,REPLAY_COMPLETE,symbol,ADAUSDT,3,1,0.3333333333333333,"{""ISOLATED_MARGIN_BUDGET"": 2, ""VIRTUAL_TRADE_CLOSED"": 1}"
binance,15,5,REFERENCE,9,REPLAY_COMPLETE,direction,LONG,17,2,0.11764705882352941,"{""ISOLATED_MARGIN_BUDGET"": 6, ""LIMIT_NOT_FILLED_BEFORE_OB_FIRST_TEST_CONSUMED"": 8, ""TARGET_EVIDENCE_WITHDRAWN"": 1, ""VIRTUAL_TRADE_CLOSED"": 2}"
binance,15,5,REFERENCE,9,REPLAY_COMPLETE,direction,SHORT,12,4,0.3333333333333333,"{""ISOLATED_MARGIN_BUDGET"": 3, ""LIMIT_NOT_FILLED_BEFORE_OB_FIRST_TEST_CONSUMED"": 5, ""VIRTUAL_TRADE_CLOSED"": 4}"
binance,15,5,REFERENCE,9,REPLAY_COMPLETE,ready_regime,BULL,7,0,0.0,"{""ISOLATED_MARGIN_BUDGET"": 2, ""LIMIT_NOT_FILLED_BEFORE_OB_FIRST_TEST_CONSUMED"": 5}"
binance,15,5,REFERENCE,9,REPLAY_COMPLETE,ready_regime,BEAR,8,2,0.25,"{""ISOLATED_MARGIN_BUDGET"": 2, ""LIMIT_NOT_FILLED_BEFORE_OB_FIRST_TEST_CONSUMED"": 4, ""VIRTUAL_TRADE_CLOSED"": 2}"
binance,15,5,REFERENCE,9,REPLAY_COMPLETE,ready_regime,SIDEWAYS,12,3,0.25,"{""ISOLATED_MARGIN_BUDGET"": 5, ""LIMIT_NOT_FILLED_BEFORE_OB_FIRST_TEST_CONSUMED"": 4, ""VIRTUAL_TRADE_CLOSED"": 3}"
binance,15,5,REFERENCE,9,REPLAY_COMPLETE,ready_regime,UNKNOWN,2,1,0.5,"{""TARGET_EVIDENCE_WITHDRAWN"": 1, ""VIRTUAL_TRADE_CLOSED"": 1}"
binance,15,5,REFERENCE,9,REPLAY_COMPLETE,ready_volatility_bucket,LOW,0,0,,{}
binance,15,5,REFERENCE,9,REPLAY_COMPLETE,ready_volatility_bucket,MEDIUM,12,3,0.25,"{""ISOLATED_MARGIN_BUDGET"": 3, ""LIMIT_NOT_FILLED_BEFORE_OB_FIRST_TEST_CONSUMED"": 6, ""VIRTUAL_TRADE_CLOSED"": 3}"
binance,15,5,REFERENCE,9,REPLAY_COMPLETE,ready_volatility_bucket,HIGH,15,2,0.13333333333333333,"{""ISOLATED_MARGIN_BUDGET"": 6, ""LIMIT_NOT_FILLED_BEFORE_OB_FIRST_TEST_CONSUMED"": 7, ""VIRTUAL_TRADE_CLOSED"": 2}"
binance,15,5,REFERENCE,9,REPLAY_COMPLETE,ready_volatility_bucket,UNKNOWN,2,1,0.5,"{""TARGET_EVIDENCE_WITHDRAWN"": 1, ""VIRTUAL_TRADE_CLOSED"": 1}"
binance,15,5,REFERENCE,10,REPLAY_COMPLETE,symbol,BTCUSDT,5,0,0.0,"{""ISOLATED_MARGIN_BUDGET"": 2, ""LIMIT_NOT_FILLED_BEFORE_OB_FIRST_TEST_CONSUMED"": 2, ""TARGET_EVIDENCE_WITHDRAWN"": 1}"
binance,15,5,REFERENCE,10,REPLAY_COMPLETE,symbol,ETHUSDT,1,0,0.0,"{""ISOLATED_MARGIN_BUDGET"": 1}"
binance,15,5,REFERENCE,10,REPLAY_COMPLETE,symbol,SOLUSDT,0,0,,{}
binance,15,5,REFERENCE,10,REPLAY_COMPLETE,symbol,XRPUSDT,1,0,0.0,"{""ISOLATED_MARGIN_BUDGET"": 1}"
binance,15,5,REFERENCE,10,REPLAY_COMPLETE,symbol,BNBUSDT,0,0,,{}
binance,15,5,REFERENCE,10,REPLAY_COMPLETE,symbol,DOGEUSDT,0,0,,{}
binance,15,5,REFERENCE,10,REPLAY_COMPLETE,symbol,ADAUSDT,0,0,,{}
binance,15,5,REFERENCE,10,REPLAY_COMPLETE,direction,LONG,4,0,0.0,"{""ISOLATED_MARGIN_BUDGET"": 3, ""LIMIT_NOT_FILLED_BEFORE_OB_FIRST_TEST_CONSUMED"": 1}"
binance,15,5,REFERENCE,10,REPLAY_COMPLETE,direction,SHORT,3,0,0.0,"{""ISOLATED_MARGIN_BUDGET"": 1, ""LIMIT_NOT_FILLED_BEFORE_OB_FIRST_TEST_CONSUMED"": 1, ""TARGET_EVIDENCE_WITHDRAWN"": 1}"
binance,15,5,REFERENCE,10,REPLAY_COMPLETE,ready_regime,BULL,2,0,0.0,"{""ISOLATED_MARGIN_BUDGET"": 2}"
binance,15,5,REFERENCE,10,REPLAY_COMPLETE,ready_regime,BEAR,0,0,,{}
binance,15,5,REFERENCE,10,REPLAY_COMPLETE,ready_regime,SIDEWAYS,5,0,0.0,"{""ISOLATED_MARGIN_BUDGET"": 2, ""LIMIT_NOT_FILLED_BEFORE_OB_FIRST_TEST_CONSUMED"": 2, ""TARGET_EVIDENCE_WITHDRAWN"": 1}"
binance,15,5,REFERENCE,10,REPLAY_COMPLETE,ready_regime,UNKNOWN,0,0,,{}
binance,15,5,REFERENCE,10,REPLAY_COMPLETE,ready_volatility_bucket,LOW,3,0,0.0,"{""ISOLATED_MARGIN_BUDGET"": 1, ""LIMIT_NOT_FILLED_BEFORE_OB_FIRST_TEST_CONSUMED"": 2}"
binance,15,5,REFERENCE,10,REPLAY_COMPLETE,ready_volatility_bucket,MEDIUM,3,0,0.0,"{""ISOLATED_MARGIN_BUDGET"": 2, ""TARGET_EVIDENCE_WITHDRAWN"": 1}"
binance,15,5,REFERENCE,10,REPLAY_COMPLETE,ready_volatility_bucket,HIGH,1,0,0.0,"{""ISOLATED_MARGIN_BUDGET"": 1}"
binance,15,5,REFERENCE,10,REPLAY_COMPLETE,ready_volatility_bucket,UNKNOWN,0,0,,{}
binance,15,5,VALIDATION,10,REPLAY_COMPLETE,symbol,BTCUSDT,12,1,0.08333333333333333,"{""ISOLATED_MARGIN_BUDGET"": 4, ""LIMIT_NOT_FILLED_BEFORE_OB_FIRST_TEST_CONSUMED"": 6, ""TARGET_EVIDENCE_WITHDRAWN"": 1, ""VIRTUAL_TRADE_CLOSED"": 1}"
binance,15,5,VALIDATION,10,REPLAY_COMPLETE,symbol,ETHUSDT,6,0,0.0,"{""ISOLATED_MARGIN_BUDGET"": 3, ""LIMIT_NOT_FILLED_BEFORE_OB_FIRST_TEST_CONSUMED"": 3}"
binance,15,5,VALIDATION,10,REPLAY_COMPLETE,symbol,SOLUSDT,6,1,0.16666666666666666,"{""ISOLATED_MARGIN_BUDGET"": 3, ""LIMIT_NOT_FILLED_BEFORE_OB_FIRST_TEST_CONSUMED"": 1, ""TARGET_EVIDENCE_WITHDRAWN"": 1, ""VIRTUAL_TRADE_CLOSED"": 1}"
binance,15,5,VALIDATION,10,REPLAY_COMPLETE,symbol,XRPUSDT,3,0,0.0,"{""ISOLATED_MARGIN_BUDGET"": 2, ""TARGET_EVIDENCE_WITHDRAWN"": 1}"
binance,15,5,VALIDATION,10,REPLAY_COMPLETE,symbol,BNBUSDT,3,0,0.0,"{""ISOLATED_MARGIN_BUDGET"": 3}"
binance,15,5,VALIDATION,10,REPLAY_COMPLETE,symbol,DOGEUSDT,3,1,0.3333333333333333,"{""ISOLATED_MARGIN_BUDGET"": 1, ""TARGET_EVIDENCE_WITHDRAWN"": 1, ""VIRTUAL_TRADE_CLOSED"": 1}"
binance,15,5,VALIDATION,10,REPLAY_COMPLETE,symbol,ADAUSDT,4,1,0.25,"{""ISOLATED_MARGIN_BUDGET"": 3, ""VIRTUAL_TRADE_CLOSED"": 1}"
binance,15,5,VALIDATION,10,REPLAY_COMPLETE,direction,LONG,23,1,0.043478260869565216,"{""ISOLATED_MARGIN_BUDGET"": 12, ""LIMIT_NOT_FILLED_BEFORE_OB_FIRST_TEST_CONSUMED"": 6, ""TARGET_EVIDENCE_WITHDRAWN"": 4, ""VIRTUAL_TRADE_CLOSED"": 1}"
binance,15,5,VALIDATION,10,REPLAY_COMPLETE,direction,SHORT,14,3,0.21428571428571427,"{""ISOLATED_MARGIN_BUDGET"": 7, ""LIMIT_NOT_FILLED_BEFORE_OB_FIRST_TEST_CONSUMED"": 4, ""VIRTUAL_TRADE_CLOSED"": 3}"
binance,15,5,VALIDATION,10,REPLAY_COMPLETE,ready_regime,BULL,14,2,0.14285714285714285,"{""ISOLATED_MARGIN_BUDGET"": 6, ""LIMIT_NOT_FILLED_BEFORE_OB_FIRST_TEST_CONSUMED"": 3, ""TARGET_EVIDENCE_WITHDRAWN"": 3, ""VIRTUAL_TRADE_CLOSED"": 2}"
binance,15,5,VALIDATION,10,REPLAY_COMPLETE,ready_regime,BEAR,4,0,0.0,"{""ISOLATED_MARGIN_BUDGET"": 3, ""LIMIT_NOT_FILLED_BEFORE_OB_FIRST_TEST_CONSUMED"": 1}"
binance,15,5,VALIDATION,10,REPLAY_COMPLETE,ready_regime,SIDEWAYS,19,2,0.10526315789473684,"{""ISOLATED_MARGIN_BUDGET"": 10, ""LIMIT_NOT_FILLED_BEFORE_OB_FIRST_TEST_CONSUMED"": 6, ""TARGET_EVIDENCE_WITHDRAWN"": 1, ""VIRTUAL_TRADE_CLOSED"": 2}"
binance,15,5,VALIDATION,10,REPLAY_COMPLETE,ready_regime,UNKNOWN,0,0,,{}
binance,15,5,VALIDATION,10,REPLAY_COMPLETE,ready_volatility_bucket,LOW,2,0,0.0,"{""ISOLATED_MARGIN_BUDGET"": 1, ""LIMIT_NOT_FILLED_BEFORE_OB_FIRST_TEST_CONSUMED"": 1}"
binance,15,5,VALIDATION,10,REPLAY_COMPLETE,ready_volatility_bucket,MEDIUM,24,1,0.041666666666666664,"{""ISOLATED_MARGIN_BUDGET"": 13, ""LIMIT_NOT_FILLED_BEFORE_OB_FIRST_TEST_CONSUMED"": 8, ""TARGET_EVIDENCE_WITHDRAWN"": 2, ""VIRTUAL_TRADE_CLOSED"": 1}"
binance,15,5,VALIDATION,10,REPLAY_COMPLETE,ready_volatility_bucket,HIGH,11,3,0.2727272727272727,"{""ISOLATED_MARGIN_BUDGET"": 5, ""LIMIT_NOT_FILLED_BEFORE_OB_FIRST_TEST_CONSUMED"": 1, ""TARGET_EVIDENCE_WITHDRAWN"": 2, ""VIRTUAL_TRADE_CLOSED"": 3}"
binance,15,5,VALIDATION,10,REPLAY_COMPLETE,ready_volatility_bucket,UNKNOWN,0,0,,{}
binance,15,5,HOLDOUT,10,REPLAY_COMPLETE,symbol,BTCUSDT,13,0,0.0,"{""ISOLATED_MARGIN_BUDGET"": 8, ""LIMIT_NOT_FILLED_BEFORE_OB_FIRST_TEST_CONSUMED"": 2, ""TARGET_EVIDENCE_WITHDRAWN"": 3}"
binance,15,5,HOLDOUT,10,REPLAY_COMPLETE,symbol,ETHUSDT,6,1,0.16666666666666666,"{""ISOLATED_MARGIN_BUDGET"": 3, ""LIMIT_NOT_FILLED_BEFORE_OB_FIRST_TEST_CONSUMED"": 2, ""VIRTUAL_TRADE_CLOSED"": 1}"
binance,15,5,HOLDOUT,10,REPLAY_COMPLETE,symbol,SOLUSDT,3,1,0.3333333333333333,"{""ISOLATED_MARGIN_BUDGET"": 1, ""TARGET_EVIDENCE_WITHDRAWN"": 1, ""VIRTUAL_TRADE_CLOSED"": 1}"
binance,15,5,HOLDOUT,10,REPLAY_COMPLETE,symbol,XRPUSDT,3,2,0.6666666666666666,"{""LIMIT_NOT_FILLED_BEFORE_OB_FIRST_TEST_CONSUMED"": 1, ""VIRTUAL_TRADE_CLOSED"": 2}"
binance,15,5,HOLDOUT,10,REPLAY_COMPLETE,symbol,BNBUSDT,6,0,0.0,"{""ISOLATED_MARGIN_BUDGET"": 2, ""LIMIT_NOT_FILLED_BEFORE_OB_FIRST_TEST_CONSUMED"": 4}"
binance,15,5,HOLDOUT,10,REPLAY_COMPLETE,symbol,DOGEUSDT,7,0,0.0,"{""ISOLATED_MARGIN_BUDGET"": 6, ""LIMIT_NOT_FILLED_BEFORE_OB_FIRST_TEST_CONSUMED"": 1}"
binance,15,5,HOLDOUT,10,REPLAY_COMPLETE,symbol,ADAUSDT,5,4,0.8,"{""LIMIT_NOT_FILLED_BEFORE_OB_FIRST_TEST_CONSUMED"": 1, ""VIRTUAL_TRADE_CLOSED"": 4}"
binance,15,5,HOLDOUT,10,REPLAY_COMPLETE,direction,LONG,23,2,0.08695652173913043,"{""ISOLATED_MARGIN_BUDGET"": 12, ""LIMIT_NOT_FILLED_BEFORE_OB_FIRST_TEST_CONSUMED"": 6, ""TARGET_EVIDENCE_WITHDRAWN"": 3, ""VIRTUAL_TRADE_CLOSED"": 2}"
binance,15,5,HOLDOUT,10,REPLAY_COMPLETE,direction,SHORT,20,6,0.3,"{""ISOLATED_MARGIN_BUDGET"": 8, ""LIMIT_NOT_FILLED_BEFORE_OB_FIRST_TEST_CONSUMED"": 5, ""TARGET_EVIDENCE_WITHDRAWN"": 1, ""VIRTUAL_TRADE_CLOSED"": 6}"
binance,15,5,HOLDOUT,10,REPLAY_COMPLETE,ready_regime,BULL,14,2,0.14285714285714285,"{""ISOLATED_MARGIN_BUDGET"": 6, ""LIMIT_NOT_FILLED_BEFORE_OB_FIRST_TEST_CONSUMED"": 5, ""TARGET_EVIDENCE_WITHDRAWN"": 1, ""VIRTUAL_TRADE_CLOSED"": 2}"
binance,15,5,HOLDOUT,10,REPLAY_COMPLETE,ready_regime,BEAR,16,5,0.3125,"{""ISOLATED_MARGIN_BUDGET"": 9, ""LIMIT_NOT_FILLED_BEFORE_OB_FIRST_TEST_CONSUMED"": 1, ""TARGET_EVIDENCE_WITHDRAWN"": 1, ""VIRTUAL_TRADE_CLOSED"": 5}"
binance,15,5,HOLDOUT,10,REPLAY_COMPLETE,ready_regime,SIDEWAYS,13,1,0.07692307692307693,"{""ISOLATED_MARGIN_BUDGET"": 5, ""LIMIT_NOT_FILLED_BEFORE_OB_FIRST_TEST_CONSUMED"": 5, ""TARGET_EVIDENCE_WITHDRAWN"": 2, ""VIRTUAL_TRADE_CLOSED"": 1}"
binance,15,5,HOLDOUT,10,REPLAY_COMPLETE,ready_regime,UNKNOWN,0,0,,{}
binance,15,5,HOLDOUT,10,REPLAY_COMPLETE,ready_volatility_bucket,LOW,10,0,0.0,"{""ISOLATED_MARGIN_BUDGET"": 5, ""LIMIT_NOT_FILLED_BEFORE_OB_FIRST_TEST_CONSUMED"": 3, ""TARGET_EVIDENCE_WITHDRAWN"": 2}"
binance,15,5,HOLDOUT,10,REPLAY_COMPLETE,ready_volatility_bucket,MEDIUM,17,2,0.11764705882352941,"{""ISOLATED_MARGIN_BUDGET"": 9, ""LIMIT_NOT_FILLED_BEFORE_OB_FIRST_TEST_CONSUMED"": 5, ""TARGET_EVIDENCE_WITHDRAWN"": 1, ""VIRTUAL_TRADE_CLOSED"": 2}"
binance,15,5,HOLDOUT,10,REPLAY_COMPLETE,ready_volatility_bucket,HIGH,16,6,0.375,"{""ISOLATED_MARGIN_BUDGET"": 6, ""LIMIT_NOT_FILLED_BEFORE_OB_FIRST_TEST_CONSUMED"": 3, ""TARGET_EVIDENCE_WITHDRAWN"": 1, ""VIRTUAL_TRADE_CLOSED"": 6}"
binance,15,5,HOLDOUT,10,REPLAY_COMPLETE,ready_volatility_bucket,UNKNOWN,0,0,,{}
binance,15,5,WALK_00,1,REPLAY_COMPLETE,symbol,BTCUSDT,0,0,,{}
binance,15,5,WALK_00,1,REPLAY_COMPLETE,symbol,ETHUSDT,1,0,0.0,"{""ISOLATED_MARGIN_BUDGET"": 1}"
binance,15,5,WALK_00,1,REPLAY_COMPLETE,symbol,SOLUSDT,0,0,,{}
binance,15,5,WALK_00,1,REPLAY_COMPLETE,symbol,XRPUSDT,0,0,,{}
binance,15,5,WALK_00,1,REPLAY_COMPLETE,symbol,BNBUSDT,0,0,,{}
binance,15,5,WALK_00,1,REPLAY_COMPLETE,symbol,DOGEUSDT,0,0,,{}
binance,15,5,WALK_00,1,REPLAY_COMPLETE,symbol,ADAUSDT,0,0,,{}
binance,15,5,WALK_00,1,REPLAY_COMPLETE,direction,LONG,0,0,,{}
binance,15,5,WALK_00,1,REPLAY_COMPLETE,direction,SHORT,1,0,0.0,"{""ISOLATED_MARGIN_BUDGET"": 1}"
binance,15,5,WALK_00,1,REPLAY_COMPLETE,ready_regime,BULL,0,0,,{}
binance,15,5,WALK_00,1,REPLAY_COMPLETE,ready_regime,BEAR,0,0,,{}
binance,15,5,WALK_00,1,REPLAY_COMPLETE,ready_regime,SIDEWAYS,0,0,,{}
binance,15,5,WALK_00,1,REPLAY_COMPLETE,ready_regime,UNKNOWN,1,0,0.0,"{""ISOLATED_MARGIN_BUDGET"": 1}"
binance,15,5,WALK_00,1,REPLAY_COMPLETE,ready_volatility_bucket,LOW,0,0,,{}
binance,15,5,WALK_00,1,REPLAY_COMPLETE,ready_volatility_bucket,MEDIUM,0,0,,{}
binance,15,5,WALK_00,1,REPLAY_COMPLETE,ready_volatility_bucket,HIGH,0,0,,{}
binance,15,5,WALK_00,1,REPLAY_COMPLETE,ready_volatility_bucket,UNKNOWN,1,0,0.0,"{""ISOLATED_MARGIN_BUDGET"": 1}"
binance,15,5,WALK_00,2,REPLAY_COMPLETE,symbol,BTCUSDT,0,0,,{}
binance,15,5,WALK_00,2,REPLAY_COMPLETE,symbol,ETHUSDT,0,0,,{}
binance,15,5,WALK_00,2,REPLAY_COMPLETE,symbol,SOLUSDT,0,0,,{}
binance,15,5,WALK_00,2,REPLAY_COMPLETE,symbol,XRPUSDT,0,0,,{}
binance,15,5,WALK_00,2,REPLAY_COMPLETE,symbol,BNBUSDT,0,0,,{}
binance,15,5,WALK_00,2,REPLAY_COMPLETE,symbol,DOGEUSDT,0,0,,{}
binance,15,5,WALK_00,2,REPLAY_COMPLETE,symbol,ADAUSDT,0,0,,{}
binance,15,5,WALK_00,2,REPLAY_COMPLETE,direction,LONG,0,0,,{}
binance,15,5,WALK_00,2,REPLAY_COMPLETE,direction,SHORT,0,0,,{}
binance,15,5,WALK_00,2,REPLAY_COMPLETE,ready_regime,BULL,0,0,,{}
binance,15,5,WALK_00,2,REPLAY_COMPLETE,ready_regime,BEAR,0,0,,{}
binance,15,5,WALK_00,2,REPLAY_COMPLETE,ready_regime,SIDEWAYS,0,0,,{}
binance,15,5,WALK_00,2,REPLAY_COMPLETE,ready_regime,UNKNOWN,0,0,,{}
binance,15,5,WALK_00,2,REPLAY_COMPLETE,ready_volatility_bucket,LOW,0,0,,{}
binance,15,5,WALK_00,2,REPLAY_COMPLETE,ready_volatility_bucket,MEDIUM,0,0,,{}
binance,15,5,WALK_00,2,REPLAY_COMPLETE,ready_volatility_bucket,HIGH,0,0,,{}
binance,15,5,WALK_00,2,REPLAY_COMPLETE,ready_volatility_bucket,UNKNOWN,0,0,,{}
binance,15,5,WALK_00,3,REPLAY_COMPLETE,symbol,BTCUSDT,0,0,,{}
binance,15,5,WALK_00,3,REPLAY_COMPLETE,symbol,ETHUSDT,1,0,0.0,"{""ISOLATED_MARGIN_BUDGET"": 1}"
binance,15,5,WALK_00,3,REPLAY_COMPLETE,symbol,SOLUSDT,0,0,,{}
binance,15,5,WALK_00,3,REPLAY_COMPLETE,symbol,XRPUSDT,0,0,,{}
binance,15,5,WALK_00,3,REPLAY_COMPLETE,symbol,BNBUSDT,1,0,0.0,"{""TARGET_EVIDENCE_WITHDRAWN"": 1}"
binance,15,5,WALK_00,3,REPLAY_COMPLETE,symbol,DOGEUSDT,0,0,,{}
binance,15,5,WALK_00,3,REPLAY_COMPLETE,symbol,ADAUSDT,0,0,,{}
binance,15,5,WALK_00,3,REPLAY_COMPLETE,direction,LONG,2,0,0.0,"{""ISOLATED_MARGIN_BUDGET"": 1, ""TARGET_EVIDENCE_WITHDRAWN"": 1}"
binance,15,5,WALK_00,3,REPLAY_COMPLETE,direction,SHORT,0,0,,{}
binance,15,5,WALK_00,3,REPLAY_COMPLETE,ready_regime,BULL,2,0,0.0,"{""ISOLATED_MARGIN_BUDGET"": 1, ""TARGET_EVIDENCE_WITHDRAWN"": 1}"
binance,15,5,WALK_00,3,REPLAY_COMPLETE,ready_regime,BEAR,0,0,,{}
binance,15,5,WALK_00,3,REPLAY_COMPLETE,ready_regime,SIDEWAYS,0,0,,{}
binance,15,5,WALK_00,3,REPLAY_COMPLETE,ready_regime,UNKNOWN,0,0,,{}
binance,15,5,WALK_00,3,REPLAY_COMPLETE,ready_volatility_bucket,LOW,0,0,,{}
binance,15,5,WALK_00,3,REPLAY_COMPLETE,ready_volatility_bucket,MEDIUM,0,0,,{}
binance,15,5,WALK_00,3,REPLAY_COMPLETE,ready_volatility_bucket,HIGH,2,0,0.0,"{""ISOLATED_MARGIN_BUDGET"": 1, ""TARGET_EVIDENCE_WITHDRAWN"": 1}"
binance,15,5,WALK_00,3,REPLAY_COMPLETE,ready_volatility_bucket,UNKNOWN,0,0,,{}
binance,15,5,WALK_00,4,REPLAY_COMPLETE,symbol,BTCUSDT,0,0,,{}
binance,15,5,WALK_00,4,REPLAY_COMPLETE,symbol,ETHUSDT,0,0,,{}
binance,15,5,WALK_00,4,REPLAY_COMPLETE,symbol,SOLUSDT,0,0,,{}
binance,15,5,WALK_00,4,REPLAY_COMPLETE,symbol,XRPUSDT,0,0,,{}
binance,15,5,WALK_00,4,REPLAY_COMPLETE,symbol,BNBUSDT,0,0,,{}
binance,15,5,WALK_00,4,REPLAY_COMPLETE,symbol,DOGEUSDT,0,0,,{}
binance,15,5,WALK_00,4,REPLAY_COMPLETE,symbol,ADAUSDT,0,0,,{}
binance,15,5,WALK_00,4,REPLAY_COMPLETE,direction,LONG,0,0,,{}
binance,15,5,WALK_00,4,REPLAY_COMPLETE,direction,SHORT,0,0,,{}
binance,15,5,WALK_00,4,REPLAY_COMPLETE,ready_regime,BULL,0,0,,{}
binance,15,5,WALK_00,4,REPLAY_COMPLETE,ready_regime,BEAR,0,0,,{}
binance,15,5,WALK_00,4,REPLAY_COMPLETE,ready_regime,SIDEWAYS,0,0,,{}
binance,15,5,WALK_00,4,REPLAY_COMPLETE,ready_regime,UNKNOWN,0,0,,{}
binance,15,5,WALK_00,4,REPLAY_COMPLETE,ready_volatility_bucket,LOW,0,0,,{}
binance,15,5,WALK_00,4,REPLAY_COMPLETE,ready_volatility_bucket,MEDIUM,0,0,,{}
binance,15,5,WALK_00,4,REPLAY_COMPLETE,ready_volatility_bucket,HIGH,0,0,,{}
binance,15,5,WALK_00,4,REPLAY_COMPLETE,ready_volatility_bucket,UNKNOWN,0,0,,{}
binance,15,5,WALK_01,4,REPLAY_COMPLETE,symbol,BTCUSDT,0,0,,{}
binance,15,5,WALK_01,4,REPLAY_COMPLETE,symbol,ETHUSDT,0,0,,{}
binance,15,5,WALK_01,4,REPLAY_COMPLETE,symbol,SOLUSDT,0,0,,{}
binance,15,5,WALK_01,4,REPLAY_COMPLETE,symbol,XRPUSDT,0,0,,{}
binance,15,5,WALK_01,4,REPLAY_COMPLETE,symbol,BNBUSDT,0,0,,{}
binance,15,5,WALK_01,4,REPLAY_COMPLETE,symbol,DOGEUSDT,0,0,,{}
binance,15,5,WALK_01,4,REPLAY_COMPLETE,symbol,ADAUSDT,0,0,,{}
binance,15,5,WALK_01,4,REPLAY_COMPLETE,direction,LONG,0,0,,{}
binance,15,5,WALK_01,4,REPLAY_COMPLETE,direction,SHORT,0,0,,{}
binance,15,5,WALK_01,4,REPLAY_COMPLETE,ready_regime,BULL,0,0,,{}
binance,15,5,WALK_01,4,REPLAY_COMPLETE,ready_regime,BEAR,0,0,,{}
binance,15,5,WALK_01,4,REPLAY_COMPLETE,ready_regime,SIDEWAYS,0,0,,{}
binance,15,5,WALK_01,4,REPLAY_COMPLETE,ready_regime,UNKNOWN,0,0,,{}
binance,15,5,WALK_01,4,REPLAY_COMPLETE,ready_volatility_bucket,LOW,0,0,,{}
binance,15,5,WALK_01,4,REPLAY_COMPLETE,ready_volatility_bucket,MEDIUM,0,0,,{}
binance,15,5,WALK_01,4,REPLAY_COMPLETE,ready_volatility_bucket,HIGH,0,0,,{}
binance,15,5,WALK_01,4,REPLAY_COMPLETE,ready_volatility_bucket,UNKNOWN,0,0,,{}
binance,15,5,WALK_01,5,REPLAY_COMPLETE,symbol,BTCUSDT,0,0,,{}
binance,15,5,WALK_01,5,REPLAY_COMPLETE,symbol,ETHUSDT,1,1,1.0,"{""VIRTUAL_TRADE_CLOSED"": 1}"
binance,15,5,WALK_01,5,REPLAY_COMPLETE,symbol,SOLUSDT,1,0,0.0,"{""LIMIT_NOT_FILLED_BEFORE_OB_FIRST_TEST_CONSUMED"": 1}"
binance,15,5,WALK_01,5,REPLAY_COMPLETE,symbol,XRPUSDT,0,0,,{}
binance,15,5,WALK_01,5,REPLAY_COMPLETE,symbol,BNBUSDT,0,0,,{}
binance,15,5,WALK_01,5,REPLAY_COMPLETE,symbol,DOGEUSDT,0,0,,{}
binance,15,5,WALK_01,5,REPLAY_COMPLETE,symbol,ADAUSDT,0,0,,{}
binance,15,5,WALK_01,5,REPLAY_COMPLETE,direction,LONG,2,1,0.5,"{""LIMIT_NOT_FILLED_BEFORE_OB_FIRST_TEST_CONSUMED"": 1, ""VIRTUAL_TRADE_CLOSED"": 1}"
binance,15,5,WALK_01,5,REPLAY_COMPLETE,direction,SHORT,0,0,,{}
binance,15,5,WALK_01,5,REPLAY_COMPLETE,ready_regime,BULL,1,1,1.0,"{""VIRTUAL_TRADE_CLOSED"": 1}"
binance,15,5,WALK_01,5,REPLAY_COMPLETE,ready_regime,BEAR,0,0,,{}
binance,15,5,WALK_01,5,REPLAY_COMPLETE,ready_regime,SIDEWAYS,0,0,,{}
binance,15,5,WALK_01,5,REPLAY_COMPLETE,ready_regime,UNKNOWN,1,0,0.0,"{""LIMIT_NOT_FILLED_BEFORE_OB_FIRST_TEST_CONSUMED"": 1}"
binance,15,5,WALK_01,5,REPLAY_COMPLETE,ready_volatility_bucket,LOW,0,0,,{}
binance,15,5,WALK_01,5,REPLAY_COMPLETE,ready_volatility_bucket,MEDIUM,0,0,,{}
binance,15,5,WALK_01,5,REPLAY_COMPLETE,ready_volatility_bucket,HIGH,1,1,1.0,"{""VIRTUAL_TRADE_CLOSED"": 1}"
binance,15,5,WALK_01,5,REPLAY_COMPLETE,ready_volatility_bucket,UNKNOWN,1,0,0.0,"{""LIMIT_NOT_FILLED_BEFORE_OB_FIRST_TEST_CONSUMED"": 1}"
binance,15,5,WALK_01,6,REPLAY_COMPLETE,symbol,BTCUSDT,0,0,,{}
binance,15,5,WALK_01,6,REPLAY_COMPLETE,symbol,ETHUSDT,0,0,,{}
binance,15,5,WALK_01,6,REPLAY_COMPLETE,symbol,SOLUSDT,0,0,,{}
binance,15,5,WALK_01,6,REPLAY_COMPLETE,symbol,XRPUSDT,0,0,,{}
binance,15,5,WALK_01,6,REPLAY_COMPLETE,symbol,BNBUSDT,0,0,,{}
binance,15,5,WALK_01,6,REPLAY_COMPLETE,symbol,DOGEUSDT,0,0,,{}
binance,15,5,WALK_01,6,REPLAY_COMPLETE,symbol,ADAUSDT,0,0,,{}
binance,15,5,WALK_01,6,REPLAY_COMPLETE,direction,LONG,0,0,,{}
binance,15,5,WALK_01,6,REPLAY_COMPLETE,direction,SHORT,0,0,,{}
binance,15,5,WALK_01,6,REPLAY_COMPLETE,ready_regime,BULL,0,0,,{}
binance,15,5,WALK_01,6,REPLAY_COMPLETE,ready_regime,BEAR,0,0,,{}
binance,15,5,WALK_01,6,REPLAY_COMPLETE,ready_regime,SIDEWAYS,0,0,,{}
binance,15,5,WALK_01,6,REPLAY_COMPLETE,ready_regime,UNKNOWN,0,0,,{}
binance,15,5,WALK_01,6,REPLAY_COMPLETE,ready_volatility_bucket,LOW,0,0,,{}
binance,15,5,WALK_01,6,REPLAY_COMPLETE,ready_volatility_bucket,MEDIUM,0,0,,{}
binance,15,5,WALK_01,6,REPLAY_COMPLETE,ready_volatility_bucket,HIGH,0,0,,{}
binance,15,5,WALK_01,6,REPLAY_COMPLETE,ready_volatility_bucket,UNKNOWN,0,0,,{}
binance,15,5,WALK_01,7,REPLAY_COMPLETE,symbol,BTCUSDT,0,0,,{}
binance,15,5,WALK_01,7,REPLAY_COMPLETE,symbol,ETHUSDT,1,1,1.0,"{""VIRTUAL_TRADE_CLOSED"": 1}"
binance,15,5,WALK_01,7,REPLAY_COMPLETE,symbol,SOLUSDT,0,0,,{}
binance,15,5,WALK_01,7,REPLAY_COMPLETE,symbol,XRPUSDT,1,1,1.0,"{""VIRTUAL_TRADE_CLOSED"": 1}"
binance,15,5,WALK_01,7,REPLAY_COMPLETE,symbol,BNBUSDT,1,0,0.0,"{""ISOLATED_MARGIN_BUDGET"": 1}"
binance,15,5,WALK_01,7,REPLAY_COMPLETE,symbol,DOGEUSDT,0,0,,{}
binance,15,5,WALK_01,7,REPLAY_COMPLETE,symbol,ADAUSDT,0,0,,{}
binance,15,5,WALK_01,7,REPLAY_COMPLETE,direction,LONG,1,1,1.0,"{""VIRTUAL_TRADE_CLOSED"": 1}"
binance,15,5,WALK_01,7,REPLAY_COMPLETE,direction,SHORT,2,1,0.5,"{""ISOLATED_MARGIN_BUDGET"": 1, ""VIRTUAL_TRADE_CLOSED"": 1}"
binance,15,5,WALK_01,7,REPLAY_COMPLETE,ready_regime,BULL,0,0,,{}
binance,15,5,WALK_01,7,REPLAY_COMPLETE,ready_regime,BEAR,0,0,,{}
binance,15,5,WALK_01,7,REPLAY_COMPLETE,ready_regime,SIDEWAYS,0,0,,{}
binance,15,5,WALK_01,7,REPLAY_COMPLETE,ready_regime,UNKNOWN,3,2,0.6666666666666666,"{""ISOLATED_MARGIN_BUDGET"": 1, ""VIRTUAL_TRADE_CLOSED"": 2}"
binance,15,5,WALK_01,7,REPLAY_COMPLETE,ready_volatility_bucket,LOW,0,0,,{}
binance,15,5,WALK_01,7,REPLAY_COMPLETE,ready_volatility_bucket,MEDIUM,0,0,,{}
binance,15,5,WALK_01,7,REPLAY_COMPLETE,ready_volatility_bucket,HIGH,0,0,,{}
binance,15,5,WALK_01,7,REPLAY_COMPLETE,ready_volatility_bucket,UNKNOWN,3,2,0.6666666666666666,"{""ISOLATED_MARGIN_BUDGET"": 1, ""VIRTUAL_TRADE_CLOSED"": 2}"
binance,15,5,WALK_02,7,REPLAY_COMPLETE,symbol,BTCUSDT,0,0,,{}
binance,15,5,WALK_02,7,REPLAY_COMPLETE,symbol,ETHUSDT,0,0,,{}
binance,15,5,WALK_02,7,REPLAY_COMPLETE,symbol,SOLUSDT,0,0,,{}
binance,15,5,WALK_02,7,REPLAY_COMPLETE,symbol,XRPUSDT,0,0,,{}
binance,15,5,WALK_02,7,REPLAY_COMPLETE,symbol,BNBUSDT,0,0,,{}
binance,15,5,WALK_02,7,REPLAY_COMPLETE,symbol,DOGEUSDT,0,0,,{}
binance,15,5,WALK_02,7,REPLAY_COMPLETE,symbol,ADAUSDT,1,0,0.0,"{""ISOLATED_MARGIN_BUDGET"": 1}"
binance,15,5,WALK_02,7,REPLAY_COMPLETE,direction,LONG,0,0,,{}
binance,15,5,WALK_02,7,REPLAY_COMPLETE,direction,SHORT,1,0,0.0,"{""ISOLATED_MARGIN_BUDGET"": 1}"
binance,15,5,WALK_02,7,REPLAY_COMPLETE,ready_regime,BULL,0,0,,{}
binance,15,5,WALK_02,7,REPLAY_COMPLETE,ready_regime,BEAR,0,0,,{}
binance,15,5,WALK_02,7,REPLAY_COMPLETE,ready_regime,SIDEWAYS,1,0,0.0,"{""ISOLATED_MARGIN_BUDGET"": 1}"
binance,15,5,WALK_02,7,REPLAY_COMPLETE,ready_regime,UNKNOWN,0,0,,{}
binance,15,5,WALK_02,7,REPLAY_COMPLETE,ready_volatility_bucket,LOW,0,0,,{}
binance,15,5,WALK_02,7,REPLAY_COMPLETE,ready_volatility_bucket,MEDIUM,1,0,0.0,"{""ISOLATED_MARGIN_BUDGET"": 1}"
binance,15,5,WALK_02,7,REPLAY_COMPLETE,ready_volatility_bucket,HIGH,0,0,,{}
binance,15,5,WALK_02,7,REPLAY_COMPLETE,ready_volatility_bucket,UNKNOWN,0,0,,{}
binance,15,5,WALK_02,8,REPLAY_COMPLETE,symbol,BTCUSDT,0,0,,{}
binance,15,5,WALK_02,8,REPLAY_COMPLETE,symbol,ETHUSDT,1,0,0.0,"{""ISOLATED_MARGIN_BUDGET"": 1}"
binance,15,5,WALK_02,8,REPLAY_COMPLETE,symbol,SOLUSDT,0,0,,{}
binance,15,5,WALK_02,8,REPLAY_COMPLETE,symbol,XRPUSDT,0,0,,{}
binance,15,5,WALK_02,8,REPLAY_COMPLETE,symbol,BNBUSDT,0,0,,{}
binance,15,5,WALK_02,8,REPLAY_COMPLETE,symbol,DOGEUSDT,0,0,,{}
binance,15,5,WALK_02,8,REPLAY_COMPLETE,symbol,ADAUSDT,0,0,,{}
binance,15,5,WALK_02,8,REPLAY_COMPLETE,direction,LONG,1,0,0.0,"{""ISOLATED_MARGIN_BUDGET"": 1}"
binance,15,5,WALK_02,8,REPLAY_COMPLETE,direction,SHORT,0,0,,{}
binance,15,5,WALK_02,8,REPLAY_COMPLETE,ready_regime,BULL,0,0,,{}
binance,15,5,WALK_02,8,REPLAY_COMPLETE,ready_regime,BEAR,0,0,,{}
binance,15,5,WALK_02,8,REPLAY_COMPLETE,ready_regime,SIDEWAYS,0,0,,{}
binance,15,5,WALK_02,8,REPLAY_COMPLETE,ready_regime,UNKNOWN,1,0,0.0,"{""ISOLATED_MARGIN_BUDGET"": 1}"
binance,15,5,WALK_02,8,REPLAY_COMPLETE,ready_volatility_bucket,LOW,0,0,,{}
binance,15,5,WALK_02,8,REPLAY_COMPLETE,ready_volatility_bucket,MEDIUM,0,0,,{}
binance,15,5,WALK_02,8,REPLAY_COMPLETE,ready_volatility_bucket,HIGH,0,0,,{}
binance,15,5,WALK_02,8,REPLAY_COMPLETE,ready_volatility_bucket,UNKNOWN,1,0,0.0,"{""ISOLATED_MARGIN_BUDGET"": 1}"
binance,15,5,WALK_03,8,REPLAY_COMPLETE,symbol,BTCUSDT,0,0,,{}
binance,15,5,WALK_03,8,REPLAY_COMPLETE,symbol,ETHUSDT,0,0,,{}
binance,15,5,WALK_03,8,REPLAY_COMPLETE,symbol,SOLUSDT,0,0,,{}
binance,15,5,WALK_03,8,REPLAY_COMPLETE,symbol,XRPUSDT,0,0,,{}
binance,15,5,WALK_03,8,REPLAY_COMPLETE,symbol,BNBUSDT,0,0,,{}
binance,15,5,WALK_03,8,REPLAY_COMPLETE,symbol,DOGEUSDT,1,1,1.0,"{""VIRTUAL_TRADE_CLOSED"": 1}"
binance,15,5,WALK_03,8,REPLAY_COMPLETE,symbol,ADAUSDT,0,0,,{}
binance,15,5,WALK_03,8,REPLAY_COMPLETE,direction,LONG,0,0,,{}
binance,15,5,WALK_03,8,REPLAY_COMPLETE,direction,SHORT,1,1,1.0,"{""VIRTUAL_TRADE_CLOSED"": 1}"
binance,15,5,WALK_03,8,REPLAY_COMPLETE,ready_regime,BULL,0,0,,{}
binance,15,5,WALK_03,8,REPLAY_COMPLETE,ready_regime,BEAR,0,0,,{}
binance,15,5,WALK_03,8,REPLAY_COMPLETE,ready_regime,SIDEWAYS,0,0,,{}
binance,15,5,WALK_03,8,REPLAY_COMPLETE,ready_regime,UNKNOWN,1,1,1.0,"{""VIRTUAL_TRADE_CLOSED"": 1}"
binance,15,5,WALK_03,8,REPLAY_COMPLETE,ready_volatility_bucket,LOW,0,0,,{}
binance,15,5,WALK_03,8,REPLAY_COMPLETE,ready_volatility_bucket,MEDIUM,0,0,,{}
binance,15,5,WALK_03,8,REPLAY_COMPLETE,ready_volatility_bucket,HIGH,0,0,,{}
binance,15,5,WALK_03,8,REPLAY_COMPLETE,ready_volatility_bucket,UNKNOWN,1,1,1.0,"{""VIRTUAL_TRADE_CLOSED"": 1}"
binance,15,5,WALK_03,9,REPLAY_COMPLETE,symbol,BTCUSDT,1,0,0.0,"{""TARGET_EVIDENCE_WITHDRAWN"": 1}"
binance,15,5,WALK_03,9,REPLAY_COMPLETE,symbol,ETHUSDT,0,0,,{}
binance,15,5,WALK_03,9,REPLAY_COMPLETE,symbol,SOLUSDT,0,0,,{}
binance,15,5,WALK_03,9,REPLAY_COMPLETE,symbol,XRPUSDT,0,0,,{}
binance,15,5,WALK_03,9,REPLAY_COMPLETE,symbol,BNBUSDT,0,0,,{}
binance,15,5,WALK_03,9,REPLAY_COMPLETE,symbol,DOGEUSDT,2,1,0.5,"{""ISOLATED_MARGIN_BUDGET"": 1, ""VIRTUAL_TRADE_CLOSED"": 1}"
binance,15,5,WALK_03,9,REPLAY_COMPLETE,symbol,ADAUSDT,0,0,,{}
binance,15,5,WALK_03,9,REPLAY_COMPLETE,direction,LONG,2,1,0.5,"{""TARGET_EVIDENCE_WITHDRAWN"": 1, ""VIRTUAL_TRADE_CLOSED"": 1}"
binance,15,5,WALK_03,9,REPLAY_COMPLETE,direction,SHORT,1,0,0.0,"{""ISOLATED_MARGIN_BUDGET"": 1}"
binance,15,5,WALK_03,9,REPLAY_COMPLETE,ready_regime,BULL,0,0,,{}
binance,15,5,WALK_03,9,REPLAY_COMPLETE,ready_regime,BEAR,0,0,,{}
binance,15,5,WALK_03,9,REPLAY_COMPLETE,ready_regime,SIDEWAYS,1,0,0.0,"{""ISOLATED_MARGIN_BUDGET"": 1}"
binance,15,5,WALK_03,9,REPLAY_COMPLETE,ready_regime,UNKNOWN,2,1,0.5,"{""TARGET_EVIDENCE_WITHDRAWN"": 1, ""VIRTUAL_TRADE_CLOSED"": 1}"
binance,15,5,WALK_03,9,REPLAY_COMPLETE,ready_volatility_bucket,LOW,0,0,,{}
binance,15,5,WALK_03,9,REPLAY_COMPLETE,ready_volatility_bucket,MEDIUM,0,0,,{}
binance,15,5,WALK_03,9,REPLAY_COMPLETE,ready_volatility_bucket,HIGH,1,0,0.0,"{""ISOLATED_MARGIN_BUDGET"": 1}"
binance,15,5,WALK_03,9,REPLAY_COMPLETE,ready_volatility_bucket,UNKNOWN,2,1,0.5,"{""TARGET_EVIDENCE_WITHDRAWN"": 1, ""VIRTUAL_TRADE_CLOSED"": 1}"
binance,15,5,WALK_04,9,REPLAY_COMPLETE,symbol,BTCUSDT,1,0,0.0,"{""LIMIT_NOT_FILLED_BEFORE_OB_FIRST_TEST_CONSUMED"": 1}"
binance,15,5,WALK_04,9,REPLAY_COMPLETE,symbol,ETHUSDT,3,1,0.3333333333333333,"{""LIMIT_NOT_FILLED_BEFORE_OB_FIRST_TEST_CONSUMED"": 2, ""VIRTUAL_TRADE_CLOSED"": 1}"
binance,15,5,WALK_04,9,REPLAY_COMPLETE,symbol,SOLUSDT,0,0,,{}
binance,15,5,WALK_04,9,REPLAY_COMPLETE,symbol,XRPUSDT,1,0,0.0,"{""LIMIT_NOT_FILLED_BEFORE_OB_FIRST_TEST_CONSUMED"": 1}"
binance,15,5,WALK_04,9,REPLAY_COMPLETE,symbol,BNBUSDT,1,1,1.0,"{""VIRTUAL_TRADE_CLOSED"": 1}"
binance,15,5,WALK_04,9,REPLAY_COMPLETE,symbol,DOGEUSDT,0,0,,{}
binance,15,5,WALK_04,9,REPLAY_COMPLETE,symbol,ADAUSDT,0,0,,{}
binance,15,5,WALK_04,9,REPLAY_COMPLETE,direction,LONG,2,0,0.0,"{""LIMIT_NOT_FILLED_BEFORE_OB_FIRST_TEST_CONSUMED"": 2}"
binance,15,5,WALK_04,9,REPLAY_COMPLETE,direction,SHORT,4,2,0.5,"{""LIMIT_NOT_FILLED_BEFORE_OB_FIRST_TEST_CONSUMED"": 2, ""VIRTUAL_TRADE_CLOSED"": 2}"
binance,15,5,WALK_04,9,REPLAY_COMPLETE,ready_regime,BULL,0,0,,{}
binance,15,5,WALK_04,9,REPLAY_COMPLETE,ready_regime,BEAR,4,1,0.25,"{""LIMIT_NOT_FILLED_BEFORE_OB_FIRST_TEST_CONSUMED"": 3, ""VIRTUAL_TRADE_CLOSED"": 1}"
binance,15,5,WALK_04,9,REPLAY_COMPLETE,ready_regime,SIDEWAYS,2,1,0.5,"{""LIMIT_NOT_FILLED_BEFORE_OB_FIRST_TEST_CONSUMED"": 1, ""VIRTUAL_TRADE_CLOSED"": 1}"
binance,15,5,WALK_04,9,REPLAY_COMPLETE,ready_regime,UNKNOWN,0,0,,{}
binance,15,5,WALK_04,9,REPLAY_COMPLETE,ready_volatility_bucket,LOW,0,0,,{}
binance,15,5,WALK_04,9,REPLAY_COMPLETE,ready_volatility_bucket,MEDIUM,4,1,0.25,"{""LIMIT_NOT_FILLED_BEFORE_OB_FIRST_TEST_CONSUMED"": 3, ""VIRTUAL_TRADE_CLOSED"": 1}"
binance,15,5,WALK_04,9,REPLAY_COMPLETE,ready_volatility_bucket,HIGH,2,1,0.5,"{""LIMIT_NOT_FILLED_BEFORE_OB_FIRST_TEST_CONSUMED"": 1, ""VIRTUAL_TRADE_CLOSED"": 1}"
binance,15,5,WALK_04,9,REPLAY_COMPLETE,ready_volatility_bucket,UNKNOWN,0,0,,{}
binance,15,5,WALK_05,9,REPLAY_COMPLETE,symbol,BTCUSDT,0,0,,{}
binance,15,5,WALK_05,9,REPLAY_COMPLETE,symbol,ETHUSDT,2,0,0.0,"{""ISOLATED_MARGIN_BUDGET"": 1, ""LIMIT_NOT_FILLED_BEFORE_OB_FIRST_TEST_CONSUMED"": 1}"
binance,15,5,WALK_05,9,REPLAY_COMPLETE,symbol,SOLUSDT,0,0,,{}
binance,15,5,WALK_05,9,REPLAY_COMPLETE,symbol,XRPUSDT,0,0,,{}
binance,15,5,WALK_05,9,REPLAY_COMPLETE,symbol,BNBUSDT,1,0,0.0,"{""LIMIT_NOT_FILLED_BEFORE_OB_FIRST_TEST_CONSUMED"": 1}"
binance,15,5,WALK_05,9,REPLAY_COMPLETE,symbol,DOGEUSDT,0,0,,{}
binance,15,5,WALK_05,9,REPLAY_COMPLETE,symbol,ADAUSDT,0,0,,{}
binance,15,5,WALK_05,9,REPLAY_COMPLETE,direction,LONG,2,0,0.0,"{""ISOLATED_MARGIN_BUDGET"": 1, ""LIMIT_NOT_FILLED_BEFORE_OB_FIRST_TEST_CONSUMED"": 1}"
binance,15,5,WALK_05,9,REPLAY_COMPLETE,direction,SHORT,1,0,0.0,"{""LIMIT_NOT_FILLED_BEFORE_OB_FIRST_TEST_CONSUMED"": 1}"
binance,15,5,WALK_05,9,REPLAY_COMPLETE,ready_regime,BULL,1,0,0.0,"{""LIMIT_NOT_FILLED_BEFORE_OB_FIRST_TEST_CONSUMED"": 1}"
binance,15,5,WALK_05,9,REPLAY_COMPLETE,ready_regime,BEAR,1,0,0.0,"{""LIMIT_NOT_FILLED_BEFORE_OB_FIRST_TEST_CONSUMED"": 1}"
binance,15,5,WALK_05,9,REPLAY_COMPLETE,ready_regime,SIDEWAYS,1,0,0.0,"{""ISOLATED_MARGIN_BUDGET"": 1}"
binance,15,5,WALK_05,9,REPLAY_COMPLETE,ready_regime,UNKNOWN,0,0,,{}
binance,15,5,WALK_05,9,REPLAY_COMPLETE,ready_volatility_bucket,LOW,0,0,,{}
binance,15,5,WALK_05,9,REPLAY_COMPLETE,ready_volatility_bucket,MEDIUM,1,0,0.0,"{""LIMIT_NOT_FILLED_BEFORE_OB_FIRST_TEST_CONSUMED"": 1}"
binance,15,5,WALK_05,9,REPLAY_COMPLETE,ready_volatility_bucket,HIGH,2,0,0.0,"{""ISOLATED_MARGIN_BUDGET"": 1, ""LIMIT_NOT_FILLED_BEFORE_OB_FIRST_TEST_CONSUMED"": 1}"
binance,15,5,WALK_05,9,REPLAY_COMPLETE,ready_volatility_bucket,UNKNOWN,0,0,,{}
binance,15,5,WALK_06,9,REPLAY_COMPLETE,symbol,BTCUSDT,0,0,,{}
binance,15,5,WALK_06,9,REPLAY_COMPLETE,symbol,ETHUSDT,5,1,0.2,"{""ISOLATED_MARGIN_BUDGET"": 2, ""LIMIT_NOT_FILLED_BEFORE_OB_FIRST_TEST_CONSUMED"": 2, ""VIRTUAL_TRADE_CLOSED"": 1}"
binance,15,5,WALK_06,9,REPLAY_COMPLETE,symbol,SOLUSDT,0,0,,{}
binance,15,5,WALK_06,9,REPLAY_COMPLETE,symbol,XRPUSDT,0,0,,{}
binance,15,5,WALK_06,9,REPLAY_COMPLETE,symbol,BNBUSDT,0,0,,{}
binance,15,5,WALK_06,9,REPLAY_COMPLETE,symbol,DOGEUSDT,0,0,,{}
binance,15,5,WALK_06,9,REPLAY_COMPLETE,symbol,ADAUSDT,0,0,,{}
binance,15,5,WALK_06,9,REPLAY_COMPLETE,direction,LONG,3,0,0.0,"{""ISOLATED_MARGIN_BUDGET"": 1, ""LIMIT_NOT_FILLED_BEFORE_OB_FIRST_TEST_CONSUMED"": 2}"
binance,15,5,WALK_06,9,REPLAY_COMPLETE,direction,SHORT,2,1,0.5,"{""ISOLATED_MARGIN_BUDGET"": 1, ""VIRTUAL_TRADE_CLOSED"": 1}"
binance,15,5,WALK_06,9,REPLAY_COMPLETE,ready_regime,BULL,3,0,0.0,"{""ISOLATED_MARGIN_BUDGET"": 1, ""LIMIT_NOT_FILLED_BEFORE_OB_FIRST_TEST_CONSUMED"": 2}"
binance,15,5,WALK_06,9,REPLAY_COMPLETE,ready_regime,BEAR,2,1,0.5,"{""ISOLATED_MARGIN_BUDGET"": 1, ""VIRTUAL_TRADE_CLOSED"": 1}"
binance,15,5,WALK_06,9,REPLAY_COMPLETE,ready_regime,SIDEWAYS,0,0,,{}
binance,15,5,WALK_06,9,REPLAY_COMPLETE,ready_regime,UNKNOWN,0,0,,{}
binance,15,5,WALK_06,9,REPLAY_COMPLETE,ready_volatility_bucket,LOW,0,0,,{}
binance,15,5,WALK_06,9,REPLAY_COMPLETE,ready_volatility_bucket,MEDIUM,0,0,,{}
binance,15,5,WALK_06,9,REPLAY_COMPLETE,ready_volatility_bucket,HIGH,5,1,0.2,"{""ISOLATED_MARGIN_BUDGET"": 2, ""LIMIT_NOT_FILLED_BEFORE_OB_FIRST_TEST_CONSUMED"": 2, ""VIRTUAL_TRADE_CLOSED"": 1}"
binance,15,5,WALK_06,9,REPLAY_COMPLETE,ready_volatility_bucket,UNKNOWN,0,0,,{}
binance,15,5,WALK_07,9,REPLAY_COMPLETE,symbol,BTCUSDT,0,0,,{}
binance,15,5,WALK_07,9,REPLAY_COMPLETE,symbol,ETHUSDT,1,0,0.0,"{""LIMIT_NOT_FILLED_BEFORE_OB_FIRST_TEST_CONSUMED"": 1}"
binance,15,5,WALK_07,9,REPLAY_COMPLETE,symbol,SOLUSDT,1,1,1.0,"{""VIRTUAL_TRADE_CLOSED"": 1}"
binance,15,5,WALK_07,9,REPLAY_COMPLETE,symbol,XRPUSDT,0,0,,{}
binance,15,5,WALK_07,9,REPLAY_COMPLETE,symbol,BNBUSDT,0,0,,{}
binance,15,5,WALK_07,9,REPLAY_COMPLETE,symbol,DOGEUSDT,1,0,0.0,"{""LIMIT_NOT_FILLED_BEFORE_OB_FIRST_TEST_CONSUMED"": 1}"
binance,15,5,WALK_07,9,REPLAY_COMPLETE,symbol,ADAUSDT,3,1,0.3333333333333333,"{""ISOLATED_MARGIN_BUDGET"": 2, ""VIRTUAL_TRADE_CLOSED"": 1}"
binance,15,5,WALK_07,9,REPLAY_COMPLETE,direction,LONG,4,1,0.25,"{""ISOLATED_MARGIN_BUDGET"": 2, ""LIMIT_NOT_FILLED_BEFORE_OB_FIRST_TEST_CONSUMED"": 1, ""VIRTUAL_TRADE_CLOSED"": 1}"
binance,15,5,WALK_07,9,REPLAY_COMPLETE,direction,SHORT,2,1,0.5,"{""LIMIT_NOT_FILLED_BEFORE_OB_FIRST_TEST_CONSUMED"": 1, ""VIRTUAL_TRADE_CLOSED"": 1}"
binance,15,5,WALK_07,9,REPLAY_COMPLETE,ready_regime,BULL,1,0,0.0,"{""LIMIT_NOT_FILLED_BEFORE_OB_FIRST_TEST_CONSUMED"": 1}"
binance,15,5,WALK_07,9,REPLAY_COMPLETE,ready_regime,BEAR,0,0,,{}
binance,15,5,WALK_07,9,REPLAY_COMPLETE,ready_regime,SIDEWAYS,5,2,0.4,"{""ISOLATED_MARGIN_BUDGET"": 2, ""LIMIT_NOT_FILLED_BEFORE_OB_FIRST_TEST_CONSUMED"": 1, ""VIRTUAL_TRADE_CLOSED"": 2}"
binance,15,5,WALK_07,9,REPLAY_COMPLETE,ready_regime,UNKNOWN,0,0,,{}
binance,15,5,WALK_07,9,REPLAY_COMPLETE,ready_volatility_bucket,LOW,0,0,,{}
binance,15,5,WALK_07,9,REPLAY_COMPLETE,ready_volatility_bucket,MEDIUM,3,2,0.6666666666666666,"{""ISOLATED_MARGIN_BUDGET"": 1, ""VIRTUAL_TRADE_CLOSED"": 2}"
binance,15,5,WALK_07,9,REPLAY_COMPLETE,ready_volatility_bucket,HIGH,3,0,0.0,"{""ISOLATED_MARGIN_BUDGET"": 1, ""LIMIT_NOT_FILLED_BEFORE_OB_FIRST_TEST_CONSUMED"": 2}"
binance,15,5,WALK_07,9,REPLAY_COMPLETE,ready_volatility_bucket,UNKNOWN,0,0,,{}
binance,15,5,WALK_08,9,REPLAY_COMPLETE,symbol,BTCUSDT,0,0,,{}
binance,15,5,WALK_08,9,REPLAY_COMPLETE,symbol,ETHUSDT,1,0,0.0,"{""ISOLATED_MARGIN_BUDGET"": 1}"
binance,15,5,WALK_08,9,REPLAY_COMPLETE,symbol,SOLUSDT,1,0,0.0,"{""PRICE_NOT_FILLED_BEFORE_OBSERVATION_END"": 1}"
binance,15,5,WALK_08,9,REPLAY_COMPLETE,symbol,XRPUSDT,2,0,0.0,"{""ISOLATED_MARGIN_BUDGET"": 1, ""LIMIT_NOT_FILLED_BEFORE_OB_FIRST_TEST_CONSUMED"": 1}"
binance,15,5,WALK_08,9,REPLAY_COMPLETE,symbol,BNBUSDT,0,0,,{}
binance,15,5,WALK_08,9,REPLAY_COMPLETE,symbol,DOGEUSDT,1,0,0.0,"{""LIMIT_NOT_FILLED_BEFORE_OB_FIRST_TEST_CONSUMED"": 1}"
binance,15,5,WALK_08,9,REPLAY_COMPLETE,symbol,ADAUSDT,0,0,,{}
binance,15,5,WALK_08,9,REPLAY_COMPLETE,direction,LONG,3,0,0.0,"{""ISOLATED_MARGIN_BUDGET"": 1, ""LIMIT_NOT_FILLED_BEFORE_OB_FIRST_TEST_CONSUMED"": 1, ""PRICE_NOT_FILLED_BEFORE_OBSERVATION_END"": 1}"
binance,15,5,WALK_08,9,REPLAY_COMPLETE,direction,SHORT,2,0,0.0,"{""ISOLATED_MARGIN_BUDGET"": 1, ""LIMIT_NOT_FILLED_BEFORE_OB_FIRST_TEST_CONSUMED"": 1}"
binance,15,5,WALK_08,9,REPLAY_COMPLETE,ready_regime,BULL,2,0,0.0,"{""ISOLATED_MARGIN_BUDGET"": 1, ""LIMIT_NOT_FILLED_BEFORE_OB_FIRST_TEST_CONSUMED"": 1}"
binance,15,5,WALK_08,9,REPLAY_COMPLETE,ready_regime,BEAR,1,0,0.0,"{""ISOLATED_MARGIN_BUDGET"": 1}"
binance,15,5,WALK_08,9,REPLAY_COMPLETE,ready_regime,SIDEWAYS,2,0,0.0,"{""LIMIT_NOT_FILLED_BEFORE_OB_FIRST_TEST_CONSUMED"": 1, ""PRICE_NOT_FILLED_BEFORE_OBSERVATION_END"": 1}"
binance,15,5,WALK_08,9,REPLAY_COMPLETE,ready_regime,UNKNOWN,0,0,,{}
binance,15,5,WALK_08,9,REPLAY_COMPLETE,ready_volatility_bucket,LOW,0,0,,{}
binance,15,5,WALK_08,9,REPLAY_COMPLETE,ready_volatility_bucket,MEDIUM,3,0,0.0,"{""ISOLATED_MARGIN_BUDGET"": 1, ""LIMIT_NOT_FILLED_BEFORE_OB_FIRST_TEST_CONSUMED"": 2}"
binance,15,5,WALK_08,9,REPLAY_COMPLETE,ready_volatility_bucket,HIGH,2,0,0.0,"{""ISOLATED_MARGIN_BUDGET"": 1, ""PRICE_NOT_FILLED_BEFORE_OBSERVATION_END"": 1}"
binance,15,5,WALK_08,9,REPLAY_COMPLETE,ready_volatility_bucket,UNKNOWN,0,0,,{}
binance,15,5,WALK_09,9,REPLAY_COMPLETE,symbol,BTCUSDT,0,0,,{}
binance,15,5,WALK_09,9,REPLAY_COMPLETE,symbol,ETHUSDT,1,0,0.0,"{""TARGET_EVIDENCE_WITHDRAWN"": 1}"
binance,15,5,WALK_09,9,REPLAY_COMPLETE,symbol,SOLUSDT,1,0,0.0,"{""TARGET_EVIDENCE_WITHDRAWN"": 1}"
binance,15,5,WALK_09,9,REPLAY_COMPLETE,symbol,XRPUSDT,0,0,,{}
binance,15,5,WALK_09,9,REPLAY_COMPLETE,symbol,BNBUSDT,0,0,,{}
binance,15,5,WALK_09,9,REPLAY_COMPLETE,symbol,DOGEUSDT,0,0,,{}
binance,15,5,WALK_09,9,REPLAY_COMPLETE,symbol,ADAUSDT,0,0,,{}
binance,15,5,WALK_09,9,REPLAY_COMPLETE,direction,LONG,2,0,0.0,"{""TARGET_EVIDENCE_WITHDRAWN"": 2}"
binance,15,5,WALK_09,9,REPLAY_COMPLETE,direction,SHORT,0,0,,{}
binance,15,5,WALK_09,9,REPLAY_COMPLETE,ready_regime,BULL,0,0,,{}
binance,15,5,WALK_09,9,REPLAY_COMPLETE,ready_regime,BEAR,0,0,,{}
binance,15,5,WALK_09,9,REPLAY_COMPLETE,ready_regime,SIDEWAYS,2,0,0.0,"{""TARGET_EVIDENCE_WITHDRAWN"": 2}"
binance,15,5,WALK_09,9,REPLAY_COMPLETE,ready_regime,UNKNOWN,0,0,,{}
binance,15,5,WALK_09,9,REPLAY_COMPLETE,ready_volatility_bucket,LOW,0,0,,{}
binance,15,5,WALK_09,9,REPLAY_COMPLETE,ready_volatility_bucket,MEDIUM,1,0,0.0,"{""TARGET_EVIDENCE_WITHDRAWN"": 1}"
binance,15,5,WALK_09,9,REPLAY_COMPLETE,ready_volatility_bucket,HIGH,1,0,0.0,"{""TARGET_EVIDENCE_WITHDRAWN"": 1}"
binance,15,5,WALK_09,9,REPLAY_COMPLETE,ready_volatility_bucket,UNKNOWN,0,0,,{}
binance,15,5,WALK_09,10,REPLAY_COMPLETE,symbol,BTCUSDT,2,0,0.0,"{""LIMIT_NOT_FILLED_BEFORE_OB_FIRST_TEST_CONSUMED"": 1, ""TARGET_EVIDENCE_WITHDRAWN"": 1}"
binance,15,5,WALK_09,10,REPLAY_COMPLETE,symbol,ETHUSDT,0,0,,{}
binance,15,5,WALK_09,10,REPLAY_COMPLETE,symbol,SOLUSDT,0,0,,{}
binance,15,5,WALK_09,10,REPLAY_COMPLETE,symbol,XRPUSDT,0,0,,{}
binance,15,5,WALK_09,10,REPLAY_COMPLETE,symbol,BNBUSDT,0,0,,{}
binance,15,5,WALK_09,10,REPLAY_COMPLETE,symbol,DOGEUSDT,0,0,,{}
binance,15,5,WALK_09,10,REPLAY_COMPLETE,symbol,ADAUSDT,0,0,,{}
binance,15,5,WALK_09,10,REPLAY_COMPLETE,direction,LONG,0,0,,{}
binance,15,5,WALK_09,10,REPLAY_COMPLETE,direction,SHORT,2,0,0.0,"{""LIMIT_NOT_FILLED_BEFORE_OB_FIRST_TEST_CONSUMED"": 1, ""TARGET_EVIDENCE_WITHDRAWN"": 1}"
binance,15,5,WALK_09,10,REPLAY_COMPLETE,ready_regime,BULL,0,0,,{}
binance,15,5,WALK_09,10,REPLAY_COMPLETE,ready_regime,BEAR,0,0,,{}
binance,15,5,WALK_09,10,REPLAY_COMPLETE,ready_regime,SIDEWAYS,2,0,0.0,"{""LIMIT_NOT_FILLED_BEFORE_OB_FIRST_TEST_CONSUMED"": 1, ""TARGET_EVIDENCE_WITHDRAWN"": 1}"
binance,15,5,WALK_09,10,REPLAY_COMPLETE,ready_regime,UNKNOWN,0,0,,{}
binance,15,5,WALK_09,10,REPLAY_COMPLETE,ready_volatility_bucket,LOW,1,0,0.0,"{""LIMIT_NOT_FILLED_BEFORE_OB_FIRST_TEST_CONSUMED"": 1}"
binance,15,5,WALK_09,10,REPLAY_COMPLETE,ready_volatility_bucket,MEDIUM,1,0,0.0,"{""TARGET_EVIDENCE_WITHDRAWN"": 1}"
binance,15,5,WALK_09,10,REPLAY_COMPLETE,ready_volatility_bucket,HIGH,0,0,,{}
binance,15,5,WALK_09,10,REPLAY_COMPLETE,ready_volatility_bucket,UNKNOWN,0,0,,{}
binance,15,5,WALK_10,10,REPLAY_COMPLETE,symbol,BTCUSDT,1,0,0.0,"{""ISOLATED_MARGIN_BUDGET"": 1}"
binance,15,5,WALK_10,10,REPLAY_COMPLETE,symbol,ETHUSDT,1,0,0.0,"{""ISOLATED_MARGIN_BUDGET"": 1}"
binance,15,5,WALK_10,10,REPLAY_COMPLETE,symbol,SOLUSDT,0,0,,{}
binance,15,5,WALK_10,10,REPLAY_COMPLETE,symbol,XRPUSDT,1,0,0.0,"{""ISOLATED_MARGIN_BUDGET"": 1}"
binance,15,5,WALK_10,10,REPLAY_COMPLETE,symbol,BNBUSDT,0,0,,{}
binance,15,5,WALK_10,10,REPLAY_COMPLETE,symbol,DOGEUSDT,0,0,,{}
binance,15,5,WALK_10,10,REPLAY_COMPLETE,symbol,ADAUSDT,0,0,,{}
binance,15,5,WALK_10,10,REPLAY_COMPLETE,direction,LONG,3,0,0.0,"{""ISOLATED_MARGIN_BUDGET"": 3}"
binance,15,5,WALK_10,10,REPLAY_COMPLETE,direction,SHORT,0,0,,{}
binance,15,5,WALK_10,10,REPLAY_COMPLETE,ready_regime,BULL,2,0,0.0,"{""ISOLATED_MARGIN_BUDGET"": 2}"
binance,15,5,WALK_10,10,REPLAY_COMPLETE,ready_regime,BEAR,0,0,,{}
binance,15,5,WALK_10,10,REPLAY_COMPLETE,ready_regime,SIDEWAYS,1,0,0.0,"{""ISOLATED_MARGIN_BUDGET"": 1}"
binance,15,5,WALK_10,10,REPLAY_COMPLETE,ready_regime,UNKNOWN,0,0,,{}
binance,15,5,WALK_10,10,REPLAY_COMPLETE,ready_volatility_bucket,LOW,0,0,,{}
binance,15,5,WALK_10,10,REPLAY_COMPLETE,ready_volatility_bucket,MEDIUM,2,0,0.0,"{""ISOLATED_MARGIN_BUDGET"": 2}"
binance,15,5,WALK_10,10,REPLAY_COMPLETE,ready_volatility_bucket,HIGH,1,0,0.0,"{""ISOLATED_MARGIN_BUDGET"": 1}"
binance,15,5,WALK_10,10,REPLAY_COMPLETE,ready_volatility_bucket,UNKNOWN,0,0,,{}
binance,15,5,WALK_11,10,REPLAY_COMPLETE,symbol,BTCUSDT,2,0,0.0,"{""ISOLATED_MARGIN_BUDGET"": 1, ""LIMIT_NOT_FILLED_BEFORE_OB_FIRST_TEST_CONSUMED"": 1}"
binance,15,5,WALK_11,10,REPLAY_COMPLETE,symbol,ETHUSDT,0,0,,{}
binance,15,5,WALK_11,10,REPLAY_COMPLETE,symbol,SOLUSDT,0,0,,{}
binance,15,5,WALK_11,10,REPLAY_COMPLETE,symbol,XRPUSDT,0,0,,{}
binance,15,5,WALK_11,10,REPLAY_COMPLETE,symbol,BNBUSDT,1,0,0.0,"{""PRICE_NOT_FILLED_BEFORE_OBSERVATION_END"": 1}"
binance,15,5,WALK_11,10,REPLAY_COMPLETE,symbol,DOGEUSDT,0,0,,{}
binance,15,5,WALK_11,10,REPLAY_COMPLETE,symbol,ADAUSDT,0,0,,{}
binance,15,5,WALK_11,10,REPLAY_COMPLETE,direction,LONG,2,0,0.0,"{""LIMIT_NOT_FILLED_BEFORE_OB_FIRST_TEST_CONSUMED"": 1, ""PRICE_NOT_FILLED_BEFORE_OBSERVATION_END"": 1}"
binance,15,5,WALK_11,10,REPLAY_COMPLETE,direction,SHORT,1,0,0.0,"{""ISOLATED_MARGIN_BUDGET"": 1}"
binance,15,5,WALK_11,10,REPLAY_COMPLETE,ready_regime,BULL,1,0,0.0,"{""PRICE_NOT_FILLED_BEFORE_OBSERVATION_END"": 1}"
binance,15,5,WALK_11,10,REPLAY_COMPLETE,ready_regime,BEAR,0,0,,{}
binance,15,5,WALK_11,10,REPLAY_COMPLETE,ready_regime,SIDEWAYS,2,0,0.0,"{""ISOLATED_MARGIN_BUDGET"": 1, ""LIMIT_NOT_FILLED_BEFORE_OB_FIRST_TEST_CONSUMED"": 1}"
binance,15,5,WALK_11,10,REPLAY_COMPLETE,ready_regime,UNKNOWN,0,0,,{}
binance,15,5,WALK_11,10,REPLAY_COMPLETE,ready_volatility_bucket,LOW,2,0,0.0,"{""ISOLATED_MARGIN_BUDGET"": 1, ""LIMIT_NOT_FILLED_BEFORE_OB_FIRST_TEST_CONSUMED"": 1}"
binance,15,5,WALK_11,10,REPLAY_COMPLETE,ready_volatility_bucket,MEDIUM,1,0,0.0,"{""PRICE_NOT_FILLED_BEFORE_OBSERVATION_END"": 1}"
binance,15,5,WALK_11,10,REPLAY_COMPLETE,ready_volatility_bucket,HIGH,0,0,,{}
binance,15,5,WALK_11,10,REPLAY_COMPLETE,ready_volatility_bucket,UNKNOWN,0,0,,{}
binance,15,5,WALK_12,10,REPLAY_COMPLETE,symbol,BTCUSDT,3,0,0.0,"{""ISOLATED_MARGIN_BUDGET"": 2, ""TARGET_EVIDENCE_WITHDRAWN"": 1}"
binance,15,5,WALK_12,10,REPLAY_COMPLETE,symbol,ETHUSDT,1,0,0.0,"{""ISOLATED_MARGIN_BUDGET"": 1}"
binance,15,5,WALK_12,10,REPLAY_COMPLETE,symbol,SOLUSDT,2,0,0.0,"{""ISOLATED_MARGIN_BUDGET"": 2}"
binance,15,5,WALK_12,10,REPLAY_COMPLETE,symbol,XRPUSDT,0,0,,{}
binance,15,5,WALK_12,10,REPLAY_COMPLETE,symbol,BNBUSDT,1,0,0.0,"{""ISOLATED_MARGIN_BUDGET"": 1}"
binance,15,5,WALK_12,10,REPLAY_COMPLETE,symbol,DOGEUSDT,1,0,0.0,"{""TARGET_EVIDENCE_WITHDRAWN"": 1}"
binance,15,5,WALK_12,10,REPLAY_COMPLETE,symbol,ADAUSDT,1,0,0.0,"{""ISOLATED_MARGIN_BUDGET"": 1}"
binance,15,5,WALK_12,10,REPLAY_COMPLETE,direction,LONG,8,0,0.0,"{""ISOLATED_MARGIN_BUDGET"": 6, ""TARGET_EVIDENCE_WITHDRAWN"": 2}"
binance,15,5,WALK_12,10,REPLAY_COMPLETE,direction,SHORT,1,0,0.0,"{""ISOLATED_MARGIN_BUDGET"": 1}"
binance,15,5,WALK_12,10,REPLAY_COMPLETE,ready_regime,BULL,4,0,0.0,"{""ISOLATED_MARGIN_BUDGET"": 3, ""TARGET_EVIDENCE_WITHDRAWN"": 1}"
binance,15,5,WALK_12,10,REPLAY_COMPLETE,ready_regime,BEAR,0,0,,{}
binance,15,5,WALK_12,10,REPLAY_COMPLETE,ready_regime,SIDEWAYS,5,0,0.0,"{""ISOLATED_MARGIN_BUDGET"": 4, ""TARGET_EVIDENCE_WITHDRAWN"": 1}"
binance,15,5,WALK_12,10,REPLAY_COMPLETE,ready_regime,UNKNOWN,0,0,,{}
binance,15,5,WALK_12,10,REPLAY_COMPLETE,ready_volatility_bucket,LOW,0,0,,{}
binance,15,5,WALK_12,10,REPLAY_COMPLETE,ready_volatility_bucket,MEDIUM,7,0,0.0,"{""ISOLATED_MARGIN_BUDGET"": 5, ""TARGET_EVIDENCE_WITHDRAWN"": 2}"
binance,15,5,WALK_12,10,REPLAY_COMPLETE,ready_volatility_bucket,HIGH,2,0,0.0,"{""ISOLATED_MARGIN_BUDGET"": 2}"
binance,15,5,WALK_12,10,REPLAY_COMPLETE,ready_volatility_bucket,UNKNOWN,0,0,,{}
binance,15,5,WALK_13,10,REPLAY_COMPLETE,symbol,BTCUSDT,3,0,0.0,"{""ISOLATED_MARGIN_BUDGET"": 1, ""LIMIT_NOT_FILLED_BEFORE_OB_FIRST_TEST_CONSUMED"": 2}"
binance,15,5,WALK_13,10,REPLAY_COMPLETE,symbol,ETHUSDT,1,0,0.0,"{""PRICE_NOT_FILLED_BEFORE_OBSERVATION_END"": 1}"
binance,15,5,WALK_13,10,REPLAY_COMPLETE,symbol,SOLUSDT,1,0,0.0,"{""ISOLATED_MARGIN_BUDGET"": 1}"
binance,15,5,WALK_13,10,REPLAY_COMPLETE,symbol,XRPUSDT,3,0,0.0,"{""ISOLATED_MARGIN_BUDGET"": 2, ""TARGET_EVIDENCE_WITHDRAWN"": 1}"
binance,15,5,WALK_13,10,REPLAY_COMPLETE,symbol,BNBUSDT,0,0,,{}
binance,15,5,WALK_13,10,REPLAY_COMPLETE,symbol,DOGEUSDT,0,0,,{}
binance,15,5,WALK_13,10,REPLAY_COMPLETE,symbol,ADAUSDT,1,0,0.0,"{""ISOLATED_MARGIN_BUDGET"": 1}"
binance,15,5,WALK_13,10,REPLAY_COMPLETE,direction,LONG,5,0,0.0,"{""ISOLATED_MARGIN_BUDGET"": 2, ""LIMIT_NOT_FILLED_BEFORE_OB_FIRST_TEST_CONSUMED"": 2, ""TARGET_EVIDENCE_WITHDRAWN"": 1}"
binance,15,5,WALK_13,10,REPLAY_COMPLETE,direction,SHORT,4,0,0.0,"{""ISOLATED_MARGIN_BUDGET"": 3, ""PRICE_NOT_FILLED_BEFORE_OBSERVATION_END"": 1}"
binance,15,5,WALK_13,10,REPLAY_COMPLETE,ready_regime,BULL,3,0,0.0,"{""ISOLATED_MARGIN_BUDGET"": 1, ""LIMIT_NOT_FILLED_BEFORE_OB_FIRST_TEST_CONSUMED"": 1, ""TARGET_EVIDENCE_WITHDRAWN"": 1}"
binance,15,5,WALK_13,10,REPLAY_COMPLETE,ready_regime,BEAR,3,0,0.0,"{""ISOLATED_MARGIN_BUDGET"": 2, ""LIMIT_NOT_FILLED_BEFORE_OB_FIRST_TEST_CONSUMED"": 1}"
binance,15,5,WALK_13,10,REPLAY_COMPLETE,ready_regime,SIDEWAYS,3,0,0.0,"{""ISOLATED_MARGIN_BUDGET"": 2, ""PRICE_NOT_FILLED_BEFORE_OBSERVATION_END"": 1}"
binance,15,5,WALK_13,10,REPLAY_COMPLETE,ready_regime,UNKNOWN,0,0,,{}
binance,15,5,WALK_13,10,REPLAY_COMPLETE,ready_volatility_bucket,LOW,0,0,,{}
binance,15,5,WALK_13,10,REPLAY_COMPLETE,ready_volatility_bucket,MEDIUM,6,0,0.0,"{""ISOLATED_MARGIN_BUDGET"": 3, ""LIMIT_NOT_FILLED_BEFORE_OB_FIRST_TEST_CONSUMED"": 2, ""PRICE_NOT_FILLED_BEFORE_OBSERVATION_END"": 1}"
binance,15,5,WALK_13,10,REPLAY_COMPLETE,ready_volatility_bucket,HIGH,3,0,0.0,"{""ISOLATED_MARGIN_BUDGET"": 2, ""TARGET_EVIDENCE_WITHDRAWN"": 1}"
binance,15,5,WALK_13,10,REPLAY_COMPLETE,ready_volatility_bucket,UNKNOWN,0,0,,{}
binance,15,5,WALK_14,10,REPLAY_COMPLETE,symbol,BTCUSDT,4,1,0.25,"{""ISOLATED_MARGIN_BUDGET"": 1, ""LIMIT_NOT_FILLED_BEFORE_OB_FIRST_TEST_CONSUMED"": 2, ""VIRTUAL_TRADE_CLOSED"": 1}"
binance,15,5,WALK_14,10,REPLAY_COMPLETE,symbol,ETHUSDT,2,0,0.0,"{""ISOLATED_MARGIN_BUDGET"": 1, ""LIMIT_NOT_FILLED_BEFORE_OB_FIRST_TEST_CONSUMED"": 1}"
binance,15,5,WALK_14,10,REPLAY_COMPLETE,symbol,SOLUSDT,1,1,1.0,"{""VIRTUAL_TRADE_CLOSED"": 1}"
binance,15,5,WALK_14,10,REPLAY_COMPLETE,symbol,XRPUSDT,0,0,,{}
binance,15,5,WALK_14,10,REPLAY_COMPLETE,symbol,BNBUSDT,1,0,0.0,"{""ISOLATED_MARGIN_BUDGET"": 1}"
binance,15,5,WALK_14,10,REPLAY_COMPLETE,symbol,DOGEUSDT,0,0,,{}
binance,15,5,WALK_14,10,REPLAY_COMPLETE,symbol,ADAUSDT,0,0,,{}
binance,15,5,WALK_14,10,REPLAY_COMPLETE,direction,LONG,3,0,0.0,"{""ISOLATED_MARGIN_BUDGET"": 2, ""LIMIT_NOT_FILLED_BEFORE_OB_FIRST_TEST_CONSUMED"": 1}"
binance,15,5,WALK_14,10,REPLAY_COMPLETE,direction,SHORT,5,2,0.4,"{""ISOLATED_MARGIN_BUDGET"": 1, ""LIMIT_NOT_FILLED_BEFORE_OB_FIRST_TEST_CONSUMED"": 2, ""VIRTUAL_TRADE_CLOSED"": 2}"
binance,15,5,WALK_14,10,REPLAY_COMPLETE,ready_regime,BULL,1,0,0.0,"{""ISOLATED_MARGIN_BUDGET"": 1}"
binance,15,5,WALK_14,10,REPLAY_COMPLETE,ready_regime,BEAR,1,0,0.0,"{""ISOLATED_MARGIN_BUDGET"": 1}"
binance,15,5,WALK_14,10,REPLAY_COMPLETE,ready_regime,SIDEWAYS,6,2,0.3333333333333333,"{""ISOLATED_MARGIN_BUDGET"": 1, ""LIMIT_NOT_FILLED_BEFORE_OB_FIRST_TEST_CONSUMED"": 3, ""VIRTUAL_TRADE_CLOSED"": 2}"
binance,15,5,WALK_14,10,REPLAY_COMPLETE,ready_regime,UNKNOWN,0,0,,{}
binance,15,5,WALK_14,10,REPLAY_COMPLETE,ready_volatility_bucket,LOW,0,0,,{}
binance,15,5,WALK_14,10,REPLAY_COMPLETE,ready_volatility_bucket,MEDIUM,6,1,0.16666666666666666,"{""ISOLATED_MARGIN_BUDGET"": 2, ""LIMIT_NOT_FILLED_BEFORE_OB_FIRST_TEST_CONSUMED"": 3, ""VIRTUAL_TRADE_CLOSED"": 1}"
binance,15,5,WALK_14,10,REPLAY_COMPLETE,ready_volatility_bucket,HIGH,2,1,0.5,"{""ISOLATED_MARGIN_BUDGET"": 1, ""VIRTUAL_TRADE_CLOSED"": 1}"
binance,15,5,WALK_14,10,REPLAY_COMPLETE,ready_volatility_bucket,UNKNOWN,0,0,,{}
binance,15,5,WALK_15,10,REPLAY_COMPLETE,symbol,BTCUSDT,2,0,0.0,"{""LIMIT_NOT_FILLED_BEFORE_OB_FIRST_TEST_CONSUMED"": 2}"
binance,15,5,WALK_15,10,REPLAY_COMPLETE,symbol,ETHUSDT,2,0,0.0,"{""ISOLATED_MARGIN_BUDGET"": 1, ""LIMIT_NOT_FILLED_BEFORE_OB_FIRST_TEST_CONSUMED"": 1}"
binance,15,5,WALK_15,10,REPLAY_COMPLETE,symbol,SOLUSDT,1,0,0.0,"{""LIMIT_NOT_FILLED_BEFORE_OB_FIRST_TEST_CONSUMED"": 1}"
binance,15,5,WALK_15,10,REPLAY_COMPLETE,symbol,XRPUSDT,0,0,,{}
binance,15,5,WALK_15,10,REPLAY_COMPLETE,symbol,BNBUSDT,1,0,0.0,"{""ISOLATED_MARGIN_BUDGET"": 1}"
binance,15,5,WALK_15,10,REPLAY_COMPLETE,symbol,DOGEUSDT,1,0,0.0,"{""ISOLATED_MARGIN_BUDGET"": 1}"
binance,15,5,WALK_15,10,REPLAY_COMPLETE,symbol,ADAUSDT,1,0,0.0,"{""ISOLATED_MARGIN_BUDGET"": 1}"
binance,15,5,WALK_15,10,REPLAY_COMPLETE,direction,LONG,5,0,0.0,"{""ISOLATED_MARGIN_BUDGET"": 2, ""LIMIT_NOT_FILLED_BEFORE_OB_FIRST_TEST_CONSUMED"": 3}"
binance,15,5,WALK_15,10,REPLAY_COMPLETE,direction,SHORT,3,0,0.0,"{""ISOLATED_MARGIN_BUDGET"": 2, ""LIMIT_NOT_FILLED_BEFORE_OB_FIRST_TEST_CONSUMED"": 1}"
binance,15,5,WALK_15,10,REPLAY_COMPLETE,ready_regime,BULL,2,0,0.0,"{""ISOLATED_MARGIN_BUDGET"": 1, ""LIMIT_NOT_FILLED_BEFORE_OB_FIRST_TEST_CONSUMED"": 1}"
binance,15,5,WALK_15,10,REPLAY_COMPLETE,ready_regime,BEAR,0,0,,{}
binance,15,5,WALK_15,10,REPLAY_COMPLETE,ready_regime,SIDEWAYS,6,0,0.0,"{""ISOLATED_MARGIN_BUDGET"": 3, ""LIMIT_NOT_FILLED_BEFORE_OB_FIRST_TEST_CONSUMED"": 3}"
binance,15,5,WALK_15,10,REPLAY_COMPLETE,ready_regime,UNKNOWN,0,0,,{}
binance,15,5,WALK_15,10,REPLAY_COMPLETE,ready_volatility_bucket,LOW,2,0,0.0,"{""ISOLATED_MARGIN_BUDGET"": 1, ""LIMIT_NOT_FILLED_BEFORE_OB_FIRST_TEST_CONSUMED"": 1}"
binance,15,5,WALK_15,10,REPLAY_COMPLETE,ready_volatility_bucket,MEDIUM,6,0,0.0,"{""ISOLATED_MARGIN_BUDGET"": 3, ""LIMIT_NOT_FILLED_BEFORE_OB_FIRST_TEST_CONSUMED"": 3}"
binance,15,5,WALK_15,10,REPLAY_COMPLETE,ready_volatility_bucket,HIGH,0,0,,{}
binance,15,5,WALK_15,10,REPLAY_COMPLETE,ready_volatility_bucket,UNKNOWN,0,0,,{}
binance,15,5,WALK_16,10,REPLAY_COMPLETE,symbol,BTCUSDT,0,0,,{}
binance,15,5,WALK_16,10,REPLAY_COMPLETE,symbol,ETHUSDT,0,0,,{}
binance,15,5,WALK_16,10,REPLAY_COMPLETE,symbol,SOLUSDT,2,0,0.0,"{""ISOLATED_MARGIN_BUDGET"": 1, ""TARGET_EVIDENCE_WITHDRAWN"": 1}"
binance,15,5,WALK_16,10,REPLAY_COMPLETE,symbol,XRPUSDT,1,1,1.0,"{""VIRTUAL_TRADE_CLOSED"": 1}"
binance,15,5,WALK_16,10,REPLAY_COMPLETE,symbol,BNBUSDT,2,0,0.0,"{""LIMIT_NOT_FILLED_BEFORE_OB_FIRST_TEST_CONSUMED"": 2}"
binance,15,5,WALK_16,10,REPLAY_COMPLETE,symbol,DOGEUSDT,1,1,1.0,"{""VIRTUAL_TRADE_CLOSED"": 1}"
binance,15,5,WALK_16,10,REPLAY_COMPLETE,symbol,ADAUSDT,1,1,1.0,"{""VIRTUAL_TRADE_CLOSED"": 1}"
binance,15,5,WALK_16,10,REPLAY_COMPLETE,direction,LONG,4,1,0.25,"{""ISOLATED_MARGIN_BUDGET"": 1, ""LIMIT_NOT_FILLED_BEFORE_OB_FIRST_TEST_CONSUMED"": 1, ""TARGET_EVIDENCE_WITHDRAWN"": 1, ""VIRTUAL_TRADE_CLOSED"": 1}"
binance,15,5,WALK_16,10,REPLAY_COMPLETE,direction,SHORT,3,2,0.6666666666666666,"{""LIMIT_NOT_FILLED_BEFORE_OB_FIRST_TEST_CONSUMED"": 1, ""VIRTUAL_TRADE_CLOSED"": 2}"
binance,15,5,WALK_16,10,REPLAY_COMPLETE,ready_regime,BULL,4,3,0.75,"{""TARGET_EVIDENCE_WITHDRAWN"": 1, ""VIRTUAL_TRADE_CLOSED"": 3}"
binance,15,5,WALK_16,10,REPLAY_COMPLETE,ready_regime,BEAR,2,0,0.0,"{""ISOLATED_MARGIN_BUDGET"": 1, ""LIMIT_NOT_FILLED_BEFORE_OB_FIRST_TEST_CONSUMED"": 1}"
binance,15,5,WALK_16,10,REPLAY_COMPLETE,ready_regime,SIDEWAYS,1,0,0.0,"{""LIMIT_NOT_FILLED_BEFORE_OB_FIRST_TEST_CONSUMED"": 1}"
binance,15,5,WALK_16,10,REPLAY_COMPLETE,ready_regime,UNKNOWN,0,0,,{}
binance,15,5,WALK_16,10,REPLAY_COMPLETE,ready_volatility_bucket,LOW,0,0,,{}
binance,15,5,WALK_16,10,REPLAY_COMPLETE,ready_volatility_bucket,MEDIUM,3,0,0.0,"{""ISOLATED_MARGIN_BUDGET"": 1, ""LIMIT_NOT_FILLED_BEFORE_OB_FIRST_TEST_CONSUMED"": 2}"
binance,15,5,WALK_16,10,REPLAY_COMPLETE,ready_volatility_bucket,HIGH,4,3,0.75,"{""TARGET_EVIDENCE_WITHDRAWN"": 1, ""VIRTUAL_TRADE_CLOSED"": 3}"
binance,15,5,WALK_16,10,REPLAY_COMPLETE,ready_volatility_bucket,UNKNOWN,0,0,,{}
binance,15,5,WALK_17,10,REPLAY_COMPLETE,symbol,BTCUSDT,5,0,0.0,"{""ISOLATED_MARGIN_BUDGET"": 3, ""TARGET_EVIDENCE_WITHDRAWN"": 2}"
binance,15,5,WALK_17,10,REPLAY_COMPLETE,symbol,ETHUSDT,1,0,0.0,"{""ISOLATED_MARGIN_BUDGET"": 1}"
binance,15,5,WALK_17,10,REPLAY_COMPLETE,symbol,SOLUSDT,0,0,,{}
binance,15,5,WALK_17,10,REPLAY_COMPLETE,symbol,XRPUSDT,1,0,0.0,"{""LIMIT_NOT_FILLED_BEFORE_OB_FIRST_TEST_CONSUMED"": 1}"
binance,15,5,WALK_17,10,REPLAY_COMPLETE,symbol,BNBUSDT,0,0,,{}
binance,15,5,WALK_17,10,REPLAY_COMPLETE,symbol,DOGEUSDT,1,0,0.0,"{""ISOLATED_MARGIN_BUDGET"": 1}"
binance,15,5,WALK_17,10,REPLAY_COMPLETE,symbol,ADAUSDT,2,2,1.0,"{""VIRTUAL_TRADE_CLOSED"": 2}"
binance,15,5,WALK_17,10,REPLAY_COMPLETE,direction,LONG,8,1,0.125,"{""ISOLATED_MARGIN_BUDGET"": 5, ""LIMIT_NOT_FILLED_BEFORE_OB_FIRST_TEST_CONSUMED"": 1, ""TARGET_EVIDENCE_WITHDRAWN"": 1, ""VIRTUAL_TRADE_CLOSED"": 1}"
binance,15,5,WALK_17,10,REPLAY_COMPLETE,direction,SHORT,2,1,0.5,"{""TARGET_EVIDENCE_WITHDRAWN"": 1, ""VIRTUAL_TRADE_CLOSED"": 1}"
binance,15,5,WALK_17,10,REPLAY_COMPLETE,ready_regime,BULL,1,0,0.0,"{""ISOLATED_MARGIN_BUDGET"": 1}"
binance,15,5,WALK_17,10,REPLAY_COMPLETE,ready_regime,BEAR,5,2,0.4,"{""ISOLATED_MARGIN_BUDGET"": 3, ""VIRTUAL_TRADE_CLOSED"": 2}"
binance,15,5,WALK_17,10,REPLAY_COMPLETE,ready_regime,SIDEWAYS,4,0,0.0,"{""ISOLATED_MARGIN_BUDGET"": 1, ""LIMIT_NOT_FILLED_BEFORE_OB_FIRST_TEST_CONSUMED"": 1, ""TARGET_EVIDENCE_WITHDRAWN"": 2}"
binance,15,5,WALK_17,10,REPLAY_COMPLETE,ready_regime,UNKNOWN,0,0,,{}
binance,15,5,WALK_17,10,REPLAY_COMPLETE,ready_volatility_bucket,LOW,0,0,,{}
binance,15,5,WALK_17,10,REPLAY_COMPLETE,ready_volatility_bucket,MEDIUM,5,0,0.0,"{""ISOLATED_MARGIN_BUDGET"": 3, ""TARGET_EVIDENCE_WITHDRAWN"": 2}"
binance,15,5,WALK_17,10,REPLAY_COMPLETE,ready_volatility_bucket,HIGH,5,2,0.4,"{""ISOLATED_MARGIN_BUDGET"": 2, ""LIMIT_NOT_FILLED_BEFORE_OB_FIRST_TEST_CONSUMED"": 1, ""VIRTUAL_TRADE_CLOSED"": 2}"
binance,15,5,WALK_17,10,REPLAY_COMPLETE,ready_volatility_bucket,UNKNOWN,0,0,,{}
binance,15,5,WALK_18,10,REPLAY_COMPLETE,symbol,BTCUSDT,5,0,0.0,"{""ISOLATED_MARGIN_BUDGET"": 1, ""LIMIT_NOT_FILLED_BEFORE_OB_FIRST_TEST_CONSUMED"": 1, ""TARGET_EVIDENCE_WITHDRAWN"": 3}"
binance,15,5,WALK_18,10,REPLAY_COMPLETE,symbol,ETHUSDT,3,1,0.3333333333333333,"{""ISOLATED_MARGIN_BUDGET"": 1, ""LIMIT_NOT_FILLED_BEFORE_OB_FIRST_TEST_CONSUMED"": 1, ""VIRTUAL_TRADE_CLOSED"": 1}"
binance,15,5,WALK_18,10,REPLAY_COMPLETE,symbol,SOLUSDT,0,0,,{}
binance,15,5,WALK_18,10,REPLAY_COMPLETE,symbol,XRPUSDT,0,0,,{}
binance,15,5,WALK_18,10,REPLAY_COMPLETE,symbol,BNBUSDT,4,0,0.0,"{""ISOLATED_MARGIN_BUDGET"": 2, ""LIMIT_NOT_FILLED_BEFORE_OB_FIRST_TEST_CONSUMED"": 2}"
binance,15,5,WALK_18,10,REPLAY_COMPLETE,symbol,DOGEUSDT,3,0,0.0,"{""ISOLATED_MARGIN_BUDGET"": 2, ""LIMIT_NOT_FILLED_BEFORE_OB_FIRST_TEST_CONSUMED"": 1}"
binance,15,5,WALK_18,10,REPLAY_COMPLETE,symbol,ADAUSDT,2,1,0.5,"{""LIMIT_NOT_FILLED_BEFORE_OB_FIRST_TEST_CONSUMED"": 1, ""VIRTUAL_TRADE_CLOSED"": 1}"
binance,15,5,WALK_18,10,REPLAY_COMPLETE,direction,LONG,8,0,0.0,"{""ISOLATED_MARGIN_BUDGET"": 2, ""LIMIT_NOT_FILLED_BEFORE_OB_FIRST_TEST_CONSUMED"": 3, ""TARGET_EVIDENCE_WITHDRAWN"": 3}"
binance,15,5,WALK_18,10,REPLAY_COMPLETE,direction,SHORT,9,2,0.2222222222222222,"{""ISOLATED_MARGIN_BUDGET"": 4, ""LIMIT_NOT_FILLED_BEFORE_OB_FIRST_TEST_CONSUMED"": 3, ""VIRTUAL_TRADE_CLOSED"": 2}"
binance,15,5,WALK_18,10,REPLAY_COMPLETE,ready_regime,BULL,13,1,0.07692307692307693,"{""ISOLATED_MARGIN_BUDGET"": 5, ""LIMIT_NOT_FILLED_BEFORE_OB_FIRST_TEST_CONSUMED"": 5, ""TARGET_EVIDENCE_WITHDRAWN"": 2, ""VIRTUAL_TRADE_CLOSED"": 1}"
binance,15,5,WALK_18,10,REPLAY_COMPLETE,ready_regime,BEAR,1,0,0.0,"{""ISOLATED_MARGIN_BUDGET"": 1}"
binance,15,5,WALK_18,10,REPLAY_COMPLETE,ready_regime,SIDEWAYS,3,1,0.3333333333333333,"{""LIMIT_NOT_FILLED_BEFORE_OB_FIRST_TEST_CONSUMED"": 1, ""TARGET_EVIDENCE_WITHDRAWN"": 1, ""VIRTUAL_TRADE_CLOSED"": 1}"
binance,15,5,WALK_18,10,REPLAY_COMPLETE,ready_regime,UNKNOWN,0,0,,{}
binance,15,5,WALK_18,10,REPLAY_COMPLETE,ready_volatility_bucket,LOW,8,0,0.0,"{""ISOLATED_MARGIN_BUDGET"": 3, ""LIMIT_NOT_FILLED_BEFORE_OB_FIRST_TEST_CONSUMED"": 2, ""TARGET_EVIDENCE_WITHDRAWN"": 3}"
binance,15,5,WALK_18,10,REPLAY_COMPLETE,ready_volatility_bucket,MEDIUM,5,2,0.4,"{""ISOLATED_MARGIN_BUDGET"": 1, ""LIMIT_NOT_FILLED_BEFORE_OB_FIRST_TEST_CONSUMED"": 2, ""VIRTUAL_TRADE_CLOSED"": 2}"
binance,15,5,WALK_18,10,REPLAY_COMPLETE,ready_volatility_bucket,HIGH,4,0,0.0,"{""ISOLATED_MARGIN_BUDGET"": 2, ""LIMIT_NOT_FILLED_BEFORE_OB_FIRST_TEST_CONSUMED"": 2}"
binance,15,5,WALK_18,10,REPLAY_COMPLETE,ready_volatility_bucket,UNKNOWN,0,0,,{}
binance,15,5,WALK_19,10,REPLAY_COMPLETE,symbol,BTCUSDT,3,0,0.0,"{""ISOLATED_MARGIN_BUDGET"": 2, ""LIMIT_NOT_FILLED_BEFORE_OB_FIRST_TEST_CONSUMED"": 1}"
binance,15,5,WALK_19,10,REPLAY_COMPLETE,symbol,ETHUSDT,1,0,0.0,"{""LIMIT_NOT_FILLED_BEFORE_OB_FIRST_TEST_CONSUMED"": 1}"
binance,15,5,WALK_19,10,REPLAY_COMPLETE,symbol,SOLUSDT,2,1,0.5,"{""PRICE_NOT_FILLED_BEFORE_OBSERVATION_END"": 1, ""VIRTUAL_TRADE_CLOSED"": 1}"
binance,15,5,WALK_19,10,REPLAY_COMPLETE,symbol,XRPUSDT,0,0,,{}
binance,15,5,WALK_19,10,REPLAY_COMPLETE,symbol,BNBUSDT,0,0,,{}
binance,15,5,WALK_19,10,REPLAY_COMPLETE,symbol,DOGEUSDT,1,0,0.0,"{""ISOLATED_MARGIN_BUDGET"": 1}"
binance,15,5,WALK_19,10,REPLAY_COMPLETE,symbol,ADAUSDT,0,0,,{}
binance,15,5,WALK_19,10,REPLAY_COMPLETE,direction,LONG,3,0,0.0,"{""ISOLATED_MARGIN_BUDGET"": 2, ""LIMIT_NOT_FILLED_BEFORE_OB_FIRST_TEST_CONSUMED"": 1}"
binance,15,5,WALK_19,10,REPLAY_COMPLETE,direction,SHORT,4,1,0.25,"{""ISOLATED_MARGIN_BUDGET"": 1, ""LIMIT_NOT_FILLED_BEFORE_OB_FIRST_TEST_CONSUMED"": 1, ""PRICE_NOT_FILLED_BEFORE_OBSERVATION_END"": 1, ""VIRTUAL_TRADE_CLOSED"": 1}"
binance,15,5,WALK_19,10,REPLAY_COMPLETE,ready_regime,BULL,0,0,,{}
binance,15,5,WALK_19,10,REPLAY_COMPLETE,ready_regime,BEAR,2,1,0.5,"{""PRICE_NOT_FILLED_BEFORE_OBSERVATION_END"": 1, ""VIRTUAL_TRADE_CLOSED"": 1}"
binance,15,5,WALK_19,10,REPLAY_COMPLETE,ready_regime,SIDEWAYS,5,0,0.0,"{""ISOLATED_MARGIN_BUDGET"": 3, ""LIMIT_NOT_FILLED_BEFORE_OB_FIRST_TEST_CONSUMED"": 2}"
binance,15,5,WALK_19,10,REPLAY_COMPLETE,ready_regime,UNKNOWN,0,0,,{}
binance,15,5,WALK_19,10,REPLAY_COMPLETE,ready_volatility_bucket,LOW,3,0,0.0,"{""ISOLATED_MARGIN_BUDGET"": 2, ""LIMIT_NOT_FILLED_BEFORE_OB_FIRST_TEST_CONSUMED"": 1}"
binance,15,5,WALK_19,10,REPLAY_COMPLETE,ready_volatility_bucket,MEDIUM,1,0,0.0,"{""LIMIT_NOT_FILLED_BEFORE_OB_FIRST_TEST_CONSUMED"": 1}"
binance,15,5,WALK_19,10,REPLAY_COMPLETE,ready_volatility_bucket,HIGH,3,1,0.3333333333333333,"{""ISOLATED_MARGIN_BUDGET"": 1, ""PRICE_NOT_FILLED_BEFORE_OBSERVATION_END"": 1, ""VIRTUAL_TRADE_CLOSED"": 1}"
binance,15,5,WALK_19,10,REPLAY_COMPLETE,ready_volatility_bucket,UNKNOWN,0,0,,{}
binance,15,5,WALK_20,10,REPLAY_COMPLETE,symbol,BTCUSDT,1,0,0.0,"{""ISOLATED_MARGIN_BUDGET"": 1}"
binance,15,5,WALK_20,10,REPLAY_COMPLETE,symbol,ETHUSDT,1,0,0.0,"{""ISOLATED_MARGIN_BUDGET"": 1}"
binance,15,5,WALK_20,10,REPLAY_COMPLETE,symbol,SOLUSDT,1,0,0.0,"{""TARGET_EVIDENCE_WITHDRAWN"": 1}"
binance,15,5,WALK_20,10,REPLAY_COMPLETE,symbol,XRPUSDT,1,1,1.0,"{""VIRTUAL_TRADE_CLOSED"": 1}"
binance,15,5,WALK_20,10,REPLAY_COMPLETE,symbol,BNBUSDT,0,0,,{}
binance,15,5,WALK_20,10,REPLAY_COMPLETE,symbol,DOGEUSDT,2,0,0.0,"{""ISOLATED_MARGIN_BUDGET"": 2}"
binance,15,5,WALK_20,10,REPLAY_COMPLETE,symbol,ADAUSDT,0,0,,{}
binance,15,5,WALK_20,10,REPLAY_COMPLETE,direction,LONG,3,1,0.3333333333333333,"{""ISOLATED_MARGIN_BUDGET"": 2, ""VIRTUAL_TRADE_CLOSED"": 1}"
binance,15,5,WALK_20,10,REPLAY_COMPLETE,direction,SHORT,3,0,0.0,"{""ISOLATED_MARGIN_BUDGET"": 2, ""TARGET_EVIDENCE_WITHDRAWN"": 1}"
binance,15,5,WALK_20,10,REPLAY_COMPLETE,ready_regime,BULL,0,0,,{}
binance,15,5,WALK_20,10,REPLAY_COMPLETE,ready_regime,BEAR,6,1,0.16666666666666666,"{""ISOLATED_MARGIN_BUDGET"": 4, ""TARGET_EVIDENCE_WITHDRAWN"": 1, ""VIRTUAL_TRADE_CLOSED"": 1}"
binance,15,5,WALK_20,10,REPLAY_COMPLETE,ready_regime,SIDEWAYS,0,0,,{}
binance,15,5,WALK_20,10,REPLAY_COMPLETE,ready_regime,UNKNOWN,0,0,,{}
binance,15,5,WALK_20,10,REPLAY_COMPLETE,ready_volatility_bucket,LOW,0,0,,{}
binance,15,5,WALK_20,10,REPLAY_COMPLETE,ready_volatility_bucket,MEDIUM,3,0,0.0,"{""ISOLATED_MARGIN_BUDGET"": 3}"
binance,15,5,WALK_20,10,REPLAY_COMPLETE,ready_volatility_bucket,HIGH,3,1,0.3333333333333333,"{""ISOLATED_MARGIN_BUDGET"": 1, ""TARGET_EVIDENCE_WITHDRAWN"": 1, ""VIRTUAL_TRADE_CLOSED"": 1}"
binance,15,5,WALK_20,10,REPLAY_COMPLETE,ready_volatility_bucket,UNKNOWN,0,0,,{}
binance,60,5,REFERENCE,0,REPLAY_COMPLETE,symbol,BTCUSDT,0,0,,{}
binance,60,5,REFERENCE,0,REPLAY_COMPLETE,symbol,ETHUSDT,0,0,,{}
binance,60,5,REFERENCE,0,REPLAY_COMPLETE,symbol,SOLUSDT,0,0,,{}
binance,60,5,REFERENCE,0,REPLAY_COMPLETE,symbol,XRPUSDT,0,0,,{}
binance,60,5,REFERENCE,0,REPLAY_COMPLETE,symbol,BNBUSDT,0,0,,{}
binance,60,5,REFERENCE,0,REPLAY_COMPLETE,symbol,DOGEUSDT,0,0,,{}
binance,60,5,REFERENCE,0,REPLAY_COMPLETE,symbol,ADAUSDT,0,0,,{}
binance,60,5,REFERENCE,0,REPLAY_COMPLETE,direction,LONG,0,0,,{}
binance,60,5,REFERENCE,0,REPLAY_COMPLETE,direction,SHORT,0,0,,{}
binance,60,5,REFERENCE,0,REPLAY_COMPLETE,ready_regime,BULL,0,0,,{}
binance,60,5,REFERENCE,0,REPLAY_COMPLETE,ready_regime,BEAR,0,0,,{}
binance,60,5,REFERENCE,0,REPLAY_COMPLETE,ready_regime,SIDEWAYS,0,0,,{}
binance,60,5,REFERENCE,0,REPLAY_COMPLETE,ready_regime,UNKNOWN,0,0,,{}
binance,60,5,REFERENCE,0,REPLAY_COMPLETE,ready_volatility_bucket,LOW,0,0,,{}
binance,60,5,REFERENCE,0,REPLAY_COMPLETE,ready_volatility_bucket,MEDIUM,0,0,,{}
binance,60,5,REFERENCE,0,REPLAY_COMPLETE,ready_volatility_bucket,HIGH,0,0,,{}
binance,60,5,REFERENCE,0,REPLAY_COMPLETE,ready_volatility_bucket,UNKNOWN,0,0,,{}
binance,60,5,REFERENCE,1,REPLAY_COMPLETE,symbol,BTCUSDT,0,0,,{}
binance,60,5,REFERENCE,1,REPLAY_COMPLETE,symbol,ETHUSDT,0,0,,{}
binance,60,5,REFERENCE,1,REPLAY_COMPLETE,symbol,SOLUSDT,0,0,,{}
binance,60,5,REFERENCE,1,REPLAY_COMPLETE,symbol,XRPUSDT,0,0,,{}
binance,60,5,REFERENCE,1,REPLAY_COMPLETE,symbol,BNBUSDT,0,0,,{}
binance,60,5,REFERENCE,1,REPLAY_COMPLETE,symbol,DOGEUSDT,0,0,,{}
binance,60,5,REFERENCE,1,REPLAY_COMPLETE,symbol,ADAUSDT,0,0,,{}
binance,60,5,REFERENCE,1,REPLAY_COMPLETE,direction,LONG,0,0,,{}
binance,60,5,REFERENCE,1,REPLAY_COMPLETE,direction,SHORT,0,0,,{}
binance,60,5,REFERENCE,1,REPLAY_COMPLETE,ready_regime,BULL,0,0,,{}
binance,60,5,REFERENCE,1,REPLAY_COMPLETE,ready_regime,BEAR,0,0,,{}
binance,60,5,REFERENCE,1,REPLAY_COMPLETE,ready_regime,SIDEWAYS,0,0,,{}
binance,60,5,REFERENCE,1,REPLAY_COMPLETE,ready_regime,UNKNOWN,0,0,,{}
binance,60,5,REFERENCE,1,REPLAY_COMPLETE,ready_volatility_bucket,LOW,0,0,,{}
binance,60,5,REFERENCE,1,REPLAY_COMPLETE,ready_volatility_bucket,MEDIUM,0,0,,{}
binance,60,5,REFERENCE,1,REPLAY_COMPLETE,ready_volatility_bucket,HIGH,0,0,,{}
binance,60,5,REFERENCE,1,REPLAY_COMPLETE,ready_volatility_bucket,UNKNOWN,0,0,,{}
binance,60,5,REFERENCE,2,REPLAY_COMPLETE,symbol,BTCUSDT,0,0,,{}
binance,60,5,REFERENCE,2,REPLAY_COMPLETE,symbol,ETHUSDT,0,0,,{}
binance,60,5,REFERENCE,2,REPLAY_COMPLETE,symbol,SOLUSDT,0,0,,{}
binance,60,5,REFERENCE,2,REPLAY_COMPLETE,symbol,XRPUSDT,0,0,,{}
binance,60,5,REFERENCE,2,REPLAY_COMPLETE,symbol,BNBUSDT,0,0,,{}
binance,60,5,REFERENCE,2,REPLAY_COMPLETE,symbol,DOGEUSDT,0,0,,{}
binance,60,5,REFERENCE,2,REPLAY_COMPLETE,symbol,ADAUSDT,0,0,,{}
binance,60,5,REFERENCE,2,REPLAY_COMPLETE,direction,LONG,0,0,,{}
binance,60,5,REFERENCE,2,REPLAY_COMPLETE,direction,SHORT,0,0,,{}
binance,60,5,REFERENCE,2,REPLAY_COMPLETE,ready_regime,BULL,0,0,,{}
binance,60,5,REFERENCE,2,REPLAY_COMPLETE,ready_regime,BEAR,0,0,,{}
binance,60,5,REFERENCE,2,REPLAY_COMPLETE,ready_regime,SIDEWAYS,0,0,,{}
binance,60,5,REFERENCE,2,REPLAY_COMPLETE,ready_regime,UNKNOWN,0,0,,{}
binance,60,5,REFERENCE,2,REPLAY_COMPLETE,ready_volatility_bucket,LOW,0,0,,{}
binance,60,5,REFERENCE,2,REPLAY_COMPLETE,ready_volatility_bucket,MEDIUM,0,0,,{}
binance,60,5,REFERENCE,2,REPLAY_COMPLETE,ready_volatility_bucket,HIGH,0,0,,{}
binance,60,5,REFERENCE,2,REPLAY_COMPLETE,ready_volatility_bucket,UNKNOWN,0,0,,{}
binance,60,5,REFERENCE,3,REPLAY_COMPLETE,symbol,BTCUSDT,0,0,,{}
binance,60,5,REFERENCE,3,REPLAY_COMPLETE,symbol,ETHUSDT,0,0,,{}
binance,60,5,REFERENCE,3,REPLAY_COMPLETE,symbol,SOLUSDT,0,0,,{}
binance,60,5,REFERENCE,3,REPLAY_COMPLETE,symbol,XRPUSDT,0,0,,{}
binance,60,5,REFERENCE,3,REPLAY_COMPLETE,symbol,BNBUSDT,1,0,0.0,"{""TARGET_EVIDENCE_WITHDRAWN"": 1}"
binance,60,5,REFERENCE,3,REPLAY_COMPLETE,symbol,DOGEUSDT,0,0,,{}
binance,60,5,REFERENCE,3,REPLAY_COMPLETE,symbol,ADAUSDT,0,0,,{}
binance,60,5,REFERENCE,3,REPLAY_COMPLETE,direction,LONG,1,0,0.0,"{""TARGET_EVIDENCE_WITHDRAWN"": 1}"
binance,60,5,REFERENCE,3,REPLAY_COMPLETE,direction,SHORT,0,0,,{}
binance,60,5,REFERENCE,3,REPLAY_COMPLETE,ready_regime,BULL,1,0,0.0,"{""TARGET_EVIDENCE_WITHDRAWN"": 1}"
binance,60,5,REFERENCE,3,REPLAY_COMPLETE,ready_regime,BEAR,0,0,,{}
binance,60,5,REFERENCE,3,REPLAY_COMPLETE,ready_regime,SIDEWAYS,0,0,,{}
binance,60,5,REFERENCE,3,REPLAY_COMPLETE,ready_regime,UNKNOWN,0,0,,{}
binance,60,5,REFERENCE,3,REPLAY_COMPLETE,ready_volatility_bucket,LOW,0,0,,{}
binance,60,5,REFERENCE,3,REPLAY_COMPLETE,ready_volatility_bucket,MEDIUM,0,0,,{}
binance,60,5,REFERENCE,3,REPLAY_COMPLETE,ready_volatility_bucket,HIGH,1,0,0.0,"{""TARGET_EVIDENCE_WITHDRAWN"": 1}"
binance,60,5,REFERENCE,3,REPLAY_COMPLETE,ready_volatility_bucket,UNKNOWN,0,0,,{}
binance,60,5,REFERENCE,4,REPLAY_COMPLETE,symbol,BTCUSDT,0,0,,{}
binance,60,5,REFERENCE,4,REPLAY_COMPLETE,symbol,ETHUSDT,0,0,,{}
binance,60,5,REFERENCE,4,REPLAY_COMPLETE,symbol,SOLUSDT,0,0,,{}
binance,60,5,REFERENCE,4,REPLAY_COMPLETE,symbol,XRPUSDT,0,0,,{}
binance,60,5,REFERENCE,4,REPLAY_COMPLETE,symbol,BNBUSDT,0,0,,{}
binance,60,5,REFERENCE,4,REPLAY_COMPLETE,symbol,DOGEUSDT,0,0,,{}
binance,60,5,REFERENCE,4,REPLAY_COMPLETE,symbol,ADAUSDT,0,0,,{}
binance,60,5,REFERENCE,4,REPLAY_COMPLETE,direction,LONG,0,0,,{}
binance,60,5,REFERENCE,4,REPLAY_COMPLETE,direction,SHORT,0,0,,{}
binance,60,5,REFERENCE,4,REPLAY_COMPLETE,ready_regime,BULL,0,0,,{}
binance,60,5,REFERENCE,4,REPLAY_COMPLETE,ready_regime,BEAR,0,0,,{}
binance,60,5,REFERENCE,4,REPLAY_COMPLETE,ready_regime,SIDEWAYS,0,0,,{}
binance,60,5,REFERENCE,4,REPLAY_COMPLETE,ready_regime,UNKNOWN,0,0,,{}
binance,60,5,REFERENCE,4,REPLAY_COMPLETE,ready_volatility_bucket,LOW,0,0,,{}
binance,60,5,REFERENCE,4,REPLAY_COMPLETE,ready_volatility_bucket,MEDIUM,0,0,,{}
binance,60,5,REFERENCE,4,REPLAY_COMPLETE,ready_volatility_bucket,HIGH,0,0,,{}
binance,60,5,REFERENCE,4,REPLAY_COMPLETE,ready_volatility_bucket,UNKNOWN,0,0,,{}
binance,60,5,REFERENCE,5,REPLAY_COMPLETE,symbol,BTCUSDT,0,0,,{}
binance,60,5,REFERENCE,5,REPLAY_COMPLETE,symbol,ETHUSDT,0,0,,{}
binance,60,5,REFERENCE,5,REPLAY_COMPLETE,symbol,SOLUSDT,0,0,,{}
binance,60,5,REFERENCE,5,REPLAY_COMPLETE,symbol,XRPUSDT,0,0,,{}
binance,60,5,REFERENCE,5,REPLAY_COMPLETE,symbol,BNBUSDT,0,0,,{}
binance,60,5,REFERENCE,5,REPLAY_COMPLETE,symbol,DOGEUSDT,0,0,,{}
binance,60,5,REFERENCE,5,REPLAY_COMPLETE,symbol,ADAUSDT,0,0,,{}
binance,60,5,REFERENCE,5,REPLAY_COMPLETE,direction,LONG,0,0,,{}
binance,60,5,REFERENCE,5,REPLAY_COMPLETE,direction,SHORT,0,0,,{}
binance,60,5,REFERENCE,5,REPLAY_COMPLETE,ready_regime,BULL,0,0,,{}
binance,60,5,REFERENCE,5,REPLAY_COMPLETE,ready_regime,BEAR,0,0,,{}
binance,60,5,REFERENCE,5,REPLAY_COMPLETE,ready_regime,SIDEWAYS,0,0,,{}
binance,60,5,REFERENCE,5,REPLAY_COMPLETE,ready_regime,UNKNOWN,0,0,,{}
binance,60,5,REFERENCE,5,REPLAY_COMPLETE,ready_volatility_bucket,LOW,0,0,,{}
binance,60,5,REFERENCE,5,REPLAY_COMPLETE,ready_volatility_bucket,MEDIUM,0,0,,{}
binance,60,5,REFERENCE,5,REPLAY_COMPLETE,ready_volatility_bucket,HIGH,0,0,,{}
binance,60,5,REFERENCE,5,REPLAY_COMPLETE,ready_volatility_bucket,UNKNOWN,0,0,,{}
binance,60,5,REFERENCE,6,REPLAY_COMPLETE,symbol,BTCUSDT,0,0,,{}
binance,60,5,REFERENCE,6,REPLAY_COMPLETE,symbol,ETHUSDT,0,0,,{}
binance,60,5,REFERENCE,6,REPLAY_COMPLETE,symbol,SOLUSDT,0,0,,{}
binance,60,5,REFERENCE,6,REPLAY_COMPLETE,symbol,XRPUSDT,0,0,,{}
binance,60,5,REFERENCE,6,REPLAY_COMPLETE,symbol,BNBUSDT,0,0,,{}
binance,60,5,REFERENCE,6,REPLAY_COMPLETE,symbol,DOGEUSDT,0,0,,{}
binance,60,5,REFERENCE,6,REPLAY_COMPLETE,symbol,ADAUSDT,0,0,,{}
binance,60,5,REFERENCE,6,REPLAY_COMPLETE,direction,LONG,0,0,,{}
binance,60,5,REFERENCE,6,REPLAY_COMPLETE,direction,SHORT,0,0,,{}
binance,60,5,REFERENCE,6,REPLAY_COMPLETE,ready_regime,BULL,0,0,,{}
binance,60,5,REFERENCE,6,REPLAY_COMPLETE,ready_regime,BEAR,0,0,,{}
binance,60,5,REFERENCE,6,REPLAY_COMPLETE,ready_regime,SIDEWAYS,0,0,,{}
binance,60,5,REFERENCE,6,REPLAY_COMPLETE,ready_regime,UNKNOWN,0,0,,{}
binance,60,5,REFERENCE,6,REPLAY_COMPLETE,ready_volatility_bucket,LOW,0,0,,{}
binance,60,5,REFERENCE,6,REPLAY_COMPLETE,ready_volatility_bucket,MEDIUM,0,0,,{}
binance,60,5,REFERENCE,6,REPLAY_COMPLETE,ready_volatility_bucket,HIGH,0,0,,{}
binance,60,5,REFERENCE,6,REPLAY_COMPLETE,ready_volatility_bucket,UNKNOWN,0,0,,{}
binance,60,5,REFERENCE,7,REPLAY_COMPLETE,symbol,BTCUSDT,0,0,,{}
binance,60,5,REFERENCE,7,REPLAY_COMPLETE,symbol,ETHUSDT,0,0,,{}
binance,60,5,REFERENCE,7,REPLAY_COMPLETE,symbol,SOLUSDT,0,0,,{}
binance,60,5,REFERENCE,7,REPLAY_COMPLETE,symbol,XRPUSDT,0,0,,{}
binance,60,5,REFERENCE,7,REPLAY_COMPLETE,symbol,BNBUSDT,0,0,,{}
binance,60,5,REFERENCE,7,REPLAY_COMPLETE,symbol,DOGEUSDT,0,0,,{}
binance,60,5,REFERENCE,7,REPLAY_COMPLETE,symbol,ADAUSDT,0,0,,{}
binance,60,5,REFERENCE,7,REPLAY_COMPLETE,direction,LONG,0,0,,{}
binance,60,5,REFERENCE,7,REPLAY_COMPLETE,direction,SHORT,0,0,,{}
binance,60,5,REFERENCE,7,REPLAY_COMPLETE,ready_regime,BULL,0,0,,{}
binance,60,5,REFERENCE,7,REPLAY_COMPLETE,ready_regime,BEAR,0,0,,{}
binance,60,5,REFERENCE,7,REPLAY_COMPLETE,ready_regime,SIDEWAYS,0,0,,{}
binance,60,5,REFERENCE,7,REPLAY_COMPLETE,ready_regime,UNKNOWN,0,0,,{}
binance,60,5,REFERENCE,7,REPLAY_COMPLETE,ready_volatility_bucket,LOW,0,0,,{}
binance,60,5,REFERENCE,7,REPLAY_COMPLETE,ready_volatility_bucket,MEDIUM,0,0,,{}
binance,60,5,REFERENCE,7,REPLAY_COMPLETE,ready_volatility_bucket,HIGH,0,0,,{}
binance,60,5,REFERENCE,7,REPLAY_COMPLETE,ready_volatility_bucket,UNKNOWN,0,0,,{}
binance,60,5,REFERENCE,8,REPLAY_COMPLETE,symbol,BTCUSDT,0,0,,{}
binance,60,5,REFERENCE,8,REPLAY_COMPLETE,symbol,ETHUSDT,0,0,,{}
binance,60,5,REFERENCE,8,REPLAY_COMPLETE,symbol,SOLUSDT,0,0,,{}
binance,60,5,REFERENCE,8,REPLAY_COMPLETE,symbol,XRPUSDT,0,0,,{}
binance,60,5,REFERENCE,8,REPLAY_COMPLETE,symbol,BNBUSDT,0,0,,{}
binance,60,5,REFERENCE,8,REPLAY_COMPLETE,symbol,DOGEUSDT,0,0,,{}
binance,60,5,REFERENCE,8,REPLAY_COMPLETE,symbol,ADAUSDT,0,0,,{}
binance,60,5,REFERENCE,8,REPLAY_COMPLETE,direction,LONG,0,0,,{}
binance,60,5,REFERENCE,8,REPLAY_COMPLETE,direction,SHORT,0,0,,{}
binance,60,5,REFERENCE,8,REPLAY_COMPLETE,ready_regime,BULL,0,0,,{}
binance,60,5,REFERENCE,8,REPLAY_COMPLETE,ready_regime,BEAR,0,0,,{}
binance,60,5,REFERENCE,8,REPLAY_COMPLETE,ready_regime,SIDEWAYS,0,0,,{}
binance,60,5,REFERENCE,8,REPLAY_COMPLETE,ready_regime,UNKNOWN,0,0,,{}
binance,60,5,REFERENCE,8,REPLAY_COMPLETE,ready_volatility_bucket,LOW,0,0,,{}
binance,60,5,REFERENCE,8,REPLAY_COMPLETE,ready_volatility_bucket,MEDIUM,0,0,,{}
binance,60,5,REFERENCE,8,REPLAY_COMPLETE,ready_volatility_bucket,HIGH,0,0,,{}
binance,60,5,REFERENCE,8,REPLAY_COMPLETE,ready_volatility_bucket,UNKNOWN,0,0,,{}
binance,60,5,REFERENCE,9,REPLAY_COMPLETE,symbol,BTCUSDT,1,0,0.0,"{""ISOLATED_MARGIN_BUDGET"": 1}"
binance,60,5,REFERENCE,9,REPLAY_COMPLETE,symbol,ETHUSDT,1,0,0.0,"{""ISOLATED_MARGIN_BUDGET"": 1}"
binance,60,5,REFERENCE,9,REPLAY_COMPLETE,symbol,SOLUSDT,1,0,0.0,"{""LIMIT_NOT_FILLED_BEFORE_OB_FIRST_TEST_CONSUMED"": 1}"
binance,60,5,REFERENCE,9,REPLAY_COMPLETE,symbol,XRPUSDT,1,0,0.0,"{""LIMIT_NOT_FILLED_BEFORE_OB_FIRST_TEST_CONSUMED"": 1}"
binance,60,5,REFERENCE,9,REPLAY_COMPLETE,symbol,BNBUSDT,0,0,,{}
binance,60,5,REFERENCE,9,REPLAY_COMPLETE,symbol,DOGEUSDT,0,0,,{}
binance,60,5,REFERENCE,9,REPLAY_COMPLETE,symbol,ADAUSDT,0,0,,{}
binance,60,5,REFERENCE,9,REPLAY_COMPLETE,direction,LONG,4,0,0.0,"{""ISOLATED_MARGIN_BUDGET"": 2, ""LIMIT_NOT_FILLED_BEFORE_OB_FIRST_TEST_CONSUMED"": 2}"
binance,60,5,REFERENCE,9,REPLAY_COMPLETE,direction,SHORT,0,0,,{}
binance,60,5,REFERENCE,9,REPLAY_COMPLETE,ready_regime,BULL,0,0,,{}
binance,60,5,REFERENCE,9,REPLAY_COMPLETE,ready_regime,BEAR,2,0,0.0,"{""ISOLATED_MARGIN_BUDGET"": 1, ""LIMIT_NOT_FILLED_BEFORE_OB_FIRST_TEST_CONSUMED"": 1}"
binance,60,5,REFERENCE,9,REPLAY_COMPLETE,ready_regime,SIDEWAYS,2,0,0.0,"{""ISOLATED_MARGIN_BUDGET"": 1, ""LIMIT_NOT_FILLED_BEFORE_OB_FIRST_TEST_CONSUMED"": 1}"
binance,60,5,REFERENCE,9,REPLAY_COMPLETE,ready_regime,UNKNOWN,0,0,,{}
binance,60,5,REFERENCE,9,REPLAY_COMPLETE,ready_volatility_bucket,LOW,0,0,,{}
binance,60,5,REFERENCE,9,REPLAY_COMPLETE,ready_volatility_bucket,MEDIUM,2,0,0.0,"{""ISOLATED_MARGIN_BUDGET"": 2}"
binance,60,5,REFERENCE,9,REPLAY_COMPLETE,ready_volatility_bucket,HIGH,2,0,0.0,"{""LIMIT_NOT_FILLED_BEFORE_OB_FIRST_TEST_CONSUMED"": 2}"
binance,60,5,REFERENCE,9,REPLAY_COMPLETE,ready_volatility_bucket,UNKNOWN,0,0,,{}
binance,60,5,REFERENCE,10,REPLAY_COMPLETE,symbol,BTCUSDT,0,0,,{}
binance,60,5,REFERENCE,10,REPLAY_COMPLETE,symbol,ETHUSDT,0,0,,{}
binance,60,5,REFERENCE,10,REPLAY_COMPLETE,symbol,SOLUSDT,0,0,,{}
binance,60,5,REFERENCE,10,REPLAY_COMPLETE,symbol,XRPUSDT,0,0,,{}
binance,60,5,REFERENCE,10,REPLAY_COMPLETE,symbol,BNBUSDT,0,0,,{}
binance,60,5,REFERENCE,10,REPLAY_COMPLETE,symbol,DOGEUSDT,0,0,,{}
binance,60,5,REFERENCE,10,REPLAY_COMPLETE,symbol,ADAUSDT,0,0,,{}
binance,60,5,REFERENCE,10,REPLAY_COMPLETE,direction,LONG,0,0,,{}
binance,60,5,REFERENCE,10,REPLAY_COMPLETE,direction,SHORT,0,0,,{}
binance,60,5,REFERENCE,10,REPLAY_COMPLETE,ready_regime,BULL,0,0,,{}
binance,60,5,REFERENCE,10,REPLAY_COMPLETE,ready_regime,BEAR,0,0,,{}
binance,60,5,REFERENCE,10,REPLAY_COMPLETE,ready_regime,SIDEWAYS,0,0,,{}
binance,60,5,REFERENCE,10,REPLAY_COMPLETE,ready_regime,UNKNOWN,0,0,,{}
binance,60,5,REFERENCE,10,REPLAY_COMPLETE,ready_volatility_bucket,LOW,0,0,,{}
binance,60,5,REFERENCE,10,REPLAY_COMPLETE,ready_volatility_bucket,MEDIUM,0,0,,{}
binance,60,5,REFERENCE,10,REPLAY_COMPLETE,ready_volatility_bucket,HIGH,0,0,,{}
binance,60,5,REFERENCE,10,REPLAY_COMPLETE,ready_volatility_bucket,UNKNOWN,0,0,,{}
binance,60,5,VALIDATION,10,REPLAY_COMPLETE,symbol,BTCUSDT,2,0,0.0,"{""ISOLATED_MARGIN_BUDGET"": 1, ""TARGET_EVIDENCE_WITHDRAWN"": 1}"
binance,60,5,VALIDATION,10,REPLAY_COMPLETE,symbol,ETHUSDT,1,1,1.0,"{""VIRTUAL_TRADE_CLOSED"": 1}"
binance,60,5,VALIDATION,10,REPLAY_COMPLETE,symbol,SOLUSDT,0,0,,{}
binance,60,5,VALIDATION,10,REPLAY_COMPLETE,symbol,XRPUSDT,0,0,,{}
binance,60,5,VALIDATION,10,REPLAY_COMPLETE,symbol,BNBUSDT,0,0,,{}
binance,60,5,VALIDATION,10,REPLAY_COMPLETE,symbol,DOGEUSDT,1,0,0.0,"{""ISOLATED_MARGIN_BUDGET"": 1}"
binance,60,5,VALIDATION,10,REPLAY_COMPLETE,symbol,ADAUSDT,2,0,0.0,"{""ISOLATED_MARGIN_BUDGET"": 1, ""LIMIT_NOT_FILLED_BEFORE_OB_FIRST_TEST_CONSUMED"": 1}"
binance,60,5,VALIDATION,10,REPLAY_COMPLETE,direction,LONG,4,1,0.25,"{""ISOLATED_MARGIN_BUDGET"": 2, ""TARGET_EVIDENCE_WITHDRAWN"": 1, ""VIRTUAL_TRADE_CLOSED"": 1}"
binance,60,5,VALIDATION,10,REPLAY_COMPLETE,direction,SHORT,2,0,0.0,"{""ISOLATED_MARGIN_BUDGET"": 1, ""LIMIT_NOT_FILLED_BEFORE_OB_FIRST_TEST_CONSUMED"": 1}"
binance,60,5,VALIDATION,10,REPLAY_COMPLETE,ready_regime,BULL,1,0,0.0,"{""TARGET_EVIDENCE_WITHDRAWN"": 1}"
binance,60,5,VALIDATION,10,REPLAY_COMPLETE,ready_regime,BEAR,2,0,0.0,"{""ISOLATED_MARGIN_BUDGET"": 2}"
binance,60,5,VALIDATION,10,REPLAY_COMPLETE,ready_regime,SIDEWAYS,3,1,0.3333333333333333,"{""ISOLATED_MARGIN_BUDGET"": 1, ""LIMIT_NOT_FILLED_BEFORE_OB_FIRST_TEST_CONSUMED"": 1, ""VIRTUAL_TRADE_CLOSED"": 1}"
binance,60,5,VALIDATION,10,REPLAY_COMPLETE,ready_regime,UNKNOWN,0,0,,{}
binance,60,5,VALIDATION,10,REPLAY_COMPLETE,ready_volatility_bucket,LOW,0,0,,{}
binance,60,5,VALIDATION,10,REPLAY_COMPLETE,ready_volatility_bucket,MEDIUM,5,1,0.2,"{""ISOLATED_MARGIN_BUDGET"": 2, ""LIMIT_NOT_FILLED_BEFORE_OB_FIRST_TEST_CONSUMED"": 1, ""TARGET_EVIDENCE_WITHDRAWN"": 1, ""VIRTUAL_TRADE_CLOSED"": 1}"
binance,60,5,VALIDATION,10,REPLAY_COMPLETE,ready_volatility_bucket,HIGH,1,0,0.0,"{""ISOLATED_MARGIN_BUDGET"": 1}"
binance,60,5,VALIDATION,10,REPLAY_COMPLETE,ready_volatility_bucket,UNKNOWN,0,0,,{}
binance,60,5,HOLDOUT,10,REPLAY_COMPLETE,symbol,BTCUSDT,1,0,0.0,"{""TARGET_EVIDENCE_WITHDRAWN"": 1}"
binance,60,5,HOLDOUT,10,REPLAY_COMPLETE,symbol,ETHUSDT,2,0,0.0,"{""LIMIT_NOT_FILLED_BEFORE_OB_FIRST_TEST_CONSUMED"": 2}"
binance,60,5,HOLDOUT,10,REPLAY_COMPLETE,symbol,SOLUSDT,2,0,0.0,"{""ISOLATED_MARGIN_BUDGET"": 1, ""LIMIT_NOT_FILLED_BEFORE_OB_FIRST_TEST_CONSUMED"": 1}"
binance,60,5,HOLDOUT,10,REPLAY_COMPLETE,symbol,XRPUSDT,0,0,,{}
binance,60,5,HOLDOUT,10,REPLAY_COMPLETE,symbol,BNBUSDT,0,0,,{}
binance,60,5,HOLDOUT,10,REPLAY_COMPLETE,symbol,DOGEUSDT,2,0,0.0,"{""ISOLATED_MARGIN_BUDGET"": 1, ""LIMIT_NOT_FILLED_BEFORE_OB_FIRST_TEST_CONSUMED"": 1}"
binance,60,5,HOLDOUT,10,REPLAY_COMPLETE,symbol,ADAUSDT,1,1,1.0,"{""VIRTUAL_TRADE_CLOSED"": 1}"
binance,60,5,HOLDOUT,10,REPLAY_COMPLETE,direction,LONG,3,1,0.3333333333333333,"{""LIMIT_NOT_FILLED_BEFORE_OB_FIRST_TEST_CONSUMED"": 1, ""TARGET_EVIDENCE_WITHDRAWN"": 1, ""VIRTUAL_TRADE_CLOSED"": 1}"
binance,60,5,HOLDOUT,10,REPLAY_COMPLETE,direction,SHORT,5,0,0.0,"{""ISOLATED_MARGIN_BUDGET"": 2, ""LIMIT_NOT_FILLED_BEFORE_OB_FIRST_TEST_CONSUMED"": 3}"
binance,60,5,HOLDOUT,10,REPLAY_COMPLETE,ready_regime,BULL,1,0,0.0,"{""LIMIT_NOT_FILLED_BEFORE_OB_FIRST_TEST_CONSUMED"": 1}"
binance,60,5,HOLDOUT,10,REPLAY_COMPLETE,ready_regime,BEAR,4,1,0.25,"{""ISOLATED_MARGIN_BUDGET"": 1, ""LIMIT_NOT_FILLED_BEFORE_OB_FIRST_TEST_CONSUMED"": 2, ""VIRTUAL_TRADE_CLOSED"": 1}"
binance,60,5,HOLDOUT,10,REPLAY_COMPLETE,ready_regime,SIDEWAYS,3,0,0.0,"{""ISOLATED_MARGIN_BUDGET"": 1, ""LIMIT_NOT_FILLED_BEFORE_OB_FIRST_TEST_CONSUMED"": 1, ""TARGET_EVIDENCE_WITHDRAWN"": 1}"
binance,60,5,HOLDOUT,10,REPLAY_COMPLETE,ready_regime,UNKNOWN,0,0,,{}
binance,60,5,HOLDOUT,10,REPLAY_COMPLETE,ready_volatility_bucket,LOW,1,0,0.0,"{""TARGET_EVIDENCE_WITHDRAWN"": 1}"
binance,60,5,HOLDOUT,10,REPLAY_COMPLETE,ready_volatility_bucket,MEDIUM,3,0,0.0,"{""LIMIT_NOT_FILLED_BEFORE_OB_FIRST_TEST_CONSUMED"": 3}"
binance,60,5,HOLDOUT,10,REPLAY_COMPLETE,ready_volatility_bucket,HIGH,4,1,0.25,"{""ISOLATED_MARGIN_BUDGET"": 2, ""LIMIT_NOT_FILLED_BEFORE_OB_FIRST_TEST_CONSUMED"": 1, ""VIRTUAL_TRADE_CLOSED"": 1}"
binance,60,5,HOLDOUT,10,REPLAY_COMPLETE,ready_volatility_bucket,UNKNOWN,0,0,,{}
binance,60,5,WALK_00,1,REPLAY_COMPLETE,symbol,BTCUSDT,0,0,,{}
binance,60,5,WALK_00,1,REPLAY_COMPLETE,symbol,ETHUSDT,0,0,,{}
binance,60,5,WALK_00,1,REPLAY_COMPLETE,symbol,SOLUSDT,0,0,,{}
binance,60,5,WALK_00,1,REPLAY_COMPLETE,symbol,XRPUSDT,0,0,,{}
binance,60,5,WALK_00,1,REPLAY_COMPLETE,symbol,BNBUSDT,0,0,,{}
binance,60,5,WALK_00,1,REPLAY_COMPLETE,symbol,DOGEUSDT,0,0,,{}
binance,60,5,WALK_00,1,REPLAY_COMPLETE,symbol,ADAUSDT,0,0,,{}
binance,60,5,WALK_00,1,REPLAY_COMPLETE,direction,LONG,0,0,,{}
binance,60,5,WALK_00,1,REPLAY_COMPLETE,direction,SHORT,0,0,,{}
binance,60,5,WALK_00,1,REPLAY_COMPLETE,ready_regime,BULL,0,0,,{}
binance,60,5,WALK_00,1,REPLAY_COMPLETE,ready_regime,BEAR,0,0,,{}
binance,60,5,WALK_00,1,REPLAY_COMPLETE,ready_regime,SIDEWAYS,0,0,,{}
binance,60,5,WALK_00,1,REPLAY_COMPLETE,ready_regime,UNKNOWN,0,0,,{}
binance,60,5,WALK_00,1,REPLAY_COMPLETE,ready_volatility_bucket,LOW,0,0,,{}
binance,60,5,WALK_00,1,REPLAY_COMPLETE,ready_volatility_bucket,MEDIUM,0,0,,{}
binance,60,5,WALK_00,1,REPLAY_COMPLETE,ready_volatility_bucket,HIGH,0,0,,{}
binance,60,5,WALK_00,1,REPLAY_COMPLETE,ready_volatility_bucket,UNKNOWN,0,0,,{}
binance,60,5,WALK_00,2,REPLAY_COMPLETE,symbol,BTCUSDT,0,0,,{}
binance,60,5,WALK_00,2,REPLAY_COMPLETE,symbol,ETHUSDT,0,0,,{}
binance,60,5,WALK_00,2,REPLAY_COMPLETE,symbol,SOLUSDT,0,0,,{}
binance,60,5,WALK_00,2,REPLAY_COMPLETE,symbol,XRPUSDT,0,0,,{}
binance,60,5,WALK_00,2,REPLAY_COMPLETE,symbol,BNBUSDT,0,0,,{}
binance,60,5,WALK_00,2,REPLAY_COMPLETE,symbol,DOGEUSDT,0,0,,{}
binance,60,5,WALK_00,2,REPLAY_COMPLETE,symbol,ADAUSDT,0,0,,{}
binance,60,5,WALK_00,2,REPLAY_COMPLETE,direction,LONG,0,0,,{}
binance,60,5,WALK_00,2,REPLAY_COMPLETE,direction,SHORT,0,0,,{}
binance,60,5,WALK_00,2,REPLAY_COMPLETE,ready_regime,BULL,0,0,,{}
binance,60,5,WALK_00,2,REPLAY_COMPLETE,ready_regime,BEAR,0,0,,{}
binance,60,5,WALK_00,2,REPLAY_COMPLETE,ready_regime,SIDEWAYS,0,0,,{}
binance,60,5,WALK_00,2,REPLAY_COMPLETE,ready_regime,UNKNOWN,0,0,,{}
binance,60,5,WALK_00,2,REPLAY_COMPLETE,ready_volatility_bucket,LOW,0,0,,{}
binance,60,5,WALK_00,2,REPLAY_COMPLETE,ready_volatility_bucket,MEDIUM,0,0,,{}
binance,60,5,WALK_00,2,REPLAY_COMPLETE,ready_volatility_bucket,HIGH,0,0,,{}
binance,60,5,WALK_00,2,REPLAY_COMPLETE,ready_volatility_bucket,UNKNOWN,0,0,,{}
binance,60,5,WALK_00,3,REPLAY_COMPLETE,symbol,BTCUSDT,0,0,,{}
binance,60,5,WALK_00,3,REPLAY_COMPLETE,symbol,ETHUSDT,0,0,,{}
binance,60,5,WALK_00,3,REPLAY_COMPLETE,symbol,SOLUSDT,0,0,,{}
binance,60,5,WALK_00,3,REPLAY_COMPLETE,symbol,XRPUSDT,0,0,,{}
binance,60,5,WALK_00,3,REPLAY_COMPLETE,symbol,BNBUSDT,1,0,0.0,"{""TARGET_EVIDENCE_WITHDRAWN"": 1}"
binance,60,5,WALK_00,3,REPLAY_COMPLETE,symbol,DOGEUSDT,0,0,,{}
binance,60,5,WALK_00,3,REPLAY_COMPLETE,symbol,ADAUSDT,0,0,,{}
binance,60,5,WALK_00,3,REPLAY_COMPLETE,direction,LONG,1,0,0.0,"{""TARGET_EVIDENCE_WITHDRAWN"": 1}"
binance,60,5,WALK_00,3,REPLAY_COMPLETE,direction,SHORT,0,0,,{}
binance,60,5,WALK_00,3,REPLAY_COMPLETE,ready_regime,BULL,1,0,0.0,"{""TARGET_EVIDENCE_WITHDRAWN"": 1}"
binance,60,5,WALK_00,3,REPLAY_COMPLETE,ready_regime,BEAR,0,0,,{}
binance,60,5,WALK_00,3,REPLAY_COMPLETE,ready_regime,SIDEWAYS,0,0,,{}
binance,60,5,WALK_00,3,REPLAY_COMPLETE,ready_regime,UNKNOWN,0,0,,{}
binance,60,5,WALK_00,3,REPLAY_COMPLETE,ready_volatility_bucket,LOW,0,0,,{}
binance,60,5,WALK_00,3,REPLAY_COMPLETE,ready_volatility_bucket,MEDIUM,0,0,,{}
binance,60,5,WALK_00,3,REPLAY_COMPLETE,ready_volatility_bucket,HIGH,1,0,0.0,"{""TARGET_EVIDENCE_WITHDRAWN"": 1}"
binance,60,5,WALK_00,3,REPLAY_COMPLETE,ready_volatility_bucket,UNKNOWN,0,0,,{}
binance,60,5,WALK_00,4,REPLAY_COMPLETE,symbol,BTCUSDT,0,0,,{}
binance,60,5,WALK_00,4,REPLAY_COMPLETE,symbol,ETHUSDT,0,0,,{}
binance,60,5,WALK_00,4,REPLAY_COMPLETE,symbol,SOLUSDT,0,0,,{}
binance,60,5,WALK_00,4,REPLAY_COMPLETE,symbol,XRPUSDT,0,0,,{}
binance,60,5,WALK_00,4,REPLAY_COMPLETE,symbol,BNBUSDT,0,0,,{}
binance,60,5,WALK_00,4,REPLAY_COMPLETE,symbol,DOGEUSDT,0,0,,{}
binance,60,5,WALK_00,4,REPLAY_COMPLETE,symbol,ADAUSDT,0,0,,{}
binance,60,5,WALK_00,4,REPLAY_COMPLETE,direction,LONG,0,0,,{}
binance,60,5,WALK_00,4,REPLAY_COMPLETE,direction,SHORT,0,0,,{}
binance,60,5,WALK_00,4,REPLAY_COMPLETE,ready_regime,BULL,0,0,,{}
binance,60,5,WALK_00,4,REPLAY_COMPLETE,ready_regime,BEAR,0,0,,{}
binance,60,5,WALK_00,4,REPLAY_COMPLETE,ready_regime,SIDEWAYS,0,0,,{}
binance,60,5,WALK_00,4,REPLAY_COMPLETE,ready_regime,UNKNOWN,0,0,,{}
binance,60,5,WALK_00,4,REPLAY_COMPLETE,ready_volatility_bucket,LOW,0,0,,{}
binance,60,5,WALK_00,4,REPLAY_COMPLETE,ready_volatility_bucket,MEDIUM,0,0,,{}
binance,60,5,WALK_00,4,REPLAY_COMPLETE,ready_volatility_bucket,HIGH,0,0,,{}
binance,60,5,WALK_00,4,REPLAY_COMPLETE,ready_volatility_bucket,UNKNOWN,0,0,,{}
binance,60,5,WALK_01,4,REPLAY_COMPLETE,symbol,BTCUSDT,0,0,,{}
binance,60,5,WALK_01,4,REPLAY_COMPLETE,symbol,ETHUSDT,0,0,,{}
binance,60,5,WALK_01,4,REPLAY_COMPLETE,symbol,SOLUSDT,0,0,,{}
binance,60,5,WALK_01,4,REPLAY_COMPLETE,symbol,XRPUSDT,0,0,,{}
binance,60,5,WALK_01,4,REPLAY_COMPLETE,symbol,BNBUSDT,0,0,,{}
binance,60,5,WALK_01,4,REPLAY_COMPLETE,symbol,DOGEUSDT,0,0,,{}
binance,60,5,WALK_01,4,REPLAY_COMPLETE,symbol,ADAUSDT,0,0,,{}
binance,60,5,WALK_01,4,REPLAY_COMPLETE,direction,LONG,0,0,,{}
binance,60,5,WALK_01,4,REPLAY_COMPLETE,direction,SHORT,0,0,,{}
binance,60,5,WALK_01,4,REPLAY_COMPLETE,ready_regime,BULL,0,0,,{}
binance,60,5,WALK_01,4,REPLAY_COMPLETE,ready_regime,BEAR,0,0,,{}
binance,60,5,WALK_01,4,REPLAY_COMPLETE,ready_regime,SIDEWAYS,0,0,,{}
binance,60,5,WALK_01,4,REPLAY_COMPLETE,ready_regime,UNKNOWN,0,0,,{}
binance,60,5,WALK_01,4,REPLAY_COMPLETE,ready_volatility_bucket,LOW,0,0,,{}
binance,60,5,WALK_01,4,REPLAY_COMPLETE,ready_volatility_bucket,MEDIUM,0,0,,{}
binance,60,5,WALK_01,4,REPLAY_COMPLETE,ready_volatility_bucket,HIGH,0,0,,{}
binance,60,5,WALK_01,4,REPLAY_COMPLETE,ready_volatility_bucket,UNKNOWN,0,0,,{}
binance,60,5,WALK_01,5,REPLAY_COMPLETE,symbol,BTCUSDT,0,0,,{}
binance,60,5,WALK_01,5,REPLAY_COMPLETE,symbol,ETHUSDT,0,0,,{}
binance,60,5,WALK_01,5,REPLAY_COMPLETE,symbol,SOLUSDT,0,0,,{}
binance,60,5,WALK_01,5,REPLAY_COMPLETE,symbol,XRPUSDT,0,0,,{}
binance,60,5,WALK_01,5,REPLAY_COMPLETE,symbol,BNBUSDT,0,0,,{}
binance,60,5,WALK_01,5,REPLAY_COMPLETE,symbol,DOGEUSDT,0,0,,{}
binance,60,5,WALK_01,5,REPLAY_COMPLETE,symbol,ADAUSDT,0,0,,{}
binance,60,5,WALK_01,5,REPLAY_COMPLETE,direction,LONG,0,0,,{}
binance,60,5,WALK_01,5,REPLAY_COMPLETE,direction,SHORT,0,0,,{}
binance,60,5,WALK_01,5,REPLAY_COMPLETE,ready_regime,BULL,0,0,,{}
binance,60,5,WALK_01,5,REPLAY_COMPLETE,ready_regime,BEAR,0,0,,{}
binance,60,5,WALK_01,5,REPLAY_COMPLETE,ready_regime,SIDEWAYS,0,0,,{}
binance,60,5,WALK_01,5,REPLAY_COMPLETE,ready_regime,UNKNOWN,0,0,,{}
binance,60,5,WALK_01,5,REPLAY_COMPLETE,ready_volatility_bucket,LOW,0,0,,{}
binance,60,5,WALK_01,5,REPLAY_COMPLETE,ready_volatility_bucket,MEDIUM,0,0,,{}
binance,60,5,WALK_01,5,REPLAY_COMPLETE,ready_volatility_bucket,HIGH,0,0,,{}
binance,60,5,WALK_01,5,REPLAY_COMPLETE,ready_volatility_bucket,UNKNOWN,0,0,,{}
binance,60,5,WALK_01,6,REPLAY_COMPLETE,symbol,BTCUSDT,0,0,,{}
binance,60,5,WALK_01,6,REPLAY_COMPLETE,symbol,ETHUSDT,0,0,,{}
binance,60,5,WALK_01,6,REPLAY_COMPLETE,symbol,SOLUSDT,0,0,,{}
binance,60,5,WALK_01,6,REPLAY_COMPLETE,symbol,XRPUSDT,0,0,,{}
binance,60,5,WALK_01,6,REPLAY_COMPLETE,symbol,BNBUSDT,0,0,,{}
binance,60,5,WALK_01,6,REPLAY_COMPLETE,symbol,DOGEUSDT,0,0,,{}
binance,60,5,WALK_01,6,REPLAY_COMPLETE,symbol,ADAUSDT,0,0,,{}
binance,60,5,WALK_01,6,REPLAY_COMPLETE,direction,LONG,0,0,,{}
binance,60,5,WALK_01,6,REPLAY_COMPLETE,direction,SHORT,0,0,,{}
binance,60,5,WALK_01,6,REPLAY_COMPLETE,ready_regime,BULL,0,0,,{}
binance,60,5,WALK_01,6,REPLAY_COMPLETE,ready_regime,BEAR,0,0,,{}
binance,60,5,WALK_01,6,REPLAY_COMPLETE,ready_regime,SIDEWAYS,0,0,,{}
binance,60,5,WALK_01,6,REPLAY_COMPLETE,ready_regime,UNKNOWN,0,0,,{}
binance,60,5,WALK_01,6,REPLAY_COMPLETE,ready_volatility_bucket,LOW,0,0,,{}
binance,60,5,WALK_01,6,REPLAY_COMPLETE,ready_volatility_bucket,MEDIUM,0,0,,{}
binance,60,5,WALK_01,6,REPLAY_COMPLETE,ready_volatility_bucket,HIGH,0,0,,{}
binance,60,5,WALK_01,6,REPLAY_COMPLETE,ready_volatility_bucket,UNKNOWN,0,0,,{}
binance,60,5,WALK_01,7,REPLAY_COMPLETE,symbol,BTCUSDT,0,0,,{}
binance,60,5,WALK_01,7,REPLAY_COMPLETE,symbol,ETHUSDT,0,0,,{}
binance,60,5,WALK_01,7,REPLAY_COMPLETE,symbol,SOLUSDT,0,0,,{}
binance,60,5,WALK_01,7,REPLAY_COMPLETE,symbol,XRPUSDT,0,0,,{}
binance,60,5,WALK_01,7,REPLAY_COMPLETE,symbol,BNBUSDT,0,0,,{}
binance,60,5,WALK_01,7,REPLAY_COMPLETE,symbol,DOGEUSDT,0,0,,{}
binance,60,5,WALK_01,7,REPLAY_COMPLETE,symbol,ADAUSDT,0,0,,{}
binance,60,5,WALK_01,7,REPLAY_COMPLETE,direction,LONG,0,0,,{}
binance,60,5,WALK_01,7,REPLAY_COMPLETE,direction,SHORT,0,0,,{}
binance,60,5,WALK_01,7,REPLAY_COMPLETE,ready_regime,BULL,0,0,,{}
binance,60,5,WALK_01,7,REPLAY_COMPLETE,ready_regime,BEAR,0,0,,{}
binance,60,5,WALK_01,7,REPLAY_COMPLETE,ready_regime,SIDEWAYS,0,0,,{}
binance,60,5,WALK_01,7,REPLAY_COMPLETE,ready_regime,UNKNOWN,0,0,,{}
binance,60,5,WALK_01,7,REPLAY_COMPLETE,ready_volatility_bucket,LOW,0,0,,{}
binance,60,5,WALK_01,7,REPLAY_COMPLETE,ready_volatility_bucket,MEDIUM,0,0,,{}
binance,60,5,WALK_01,7,REPLAY_COMPLETE,ready_volatility_bucket,HIGH,0,0,,{}
binance,60,5,WALK_01,7,REPLAY_COMPLETE,ready_volatility_bucket,UNKNOWN,0,0,,{}
binance,60,5,WALK_02,7,REPLAY_COMPLETE,symbol,BTCUSDT,0,0,,{}
binance,60,5,WALK_02,7,REPLAY_COMPLETE,symbol,ETHUSDT,0,0,,{}
binance,60,5,WALK_02,7,REPLAY_COMPLETE,symbol,SOLUSDT,0,0,,{}
binance,60,5,WALK_02,7,REPLAY_COMPLETE,symbol,XRPUSDT,0,0,,{}
binance,60,5,WALK_02,7,REPLAY_COMPLETE,symbol,BNBUSDT,0,0,,{}
binance,60,5,WALK_02,7,REPLAY_COMPLETE,symbol,DOGEUSDT,0,0,,{}
binance,60,5,WALK_02,7,REPLAY_COMPLETE,symbol,ADAUSDT,0,0,,{}
binance,60,5,WALK_02,7,REPLAY_COMPLETE,direction,LONG,0,0,,{}
binance,60,5,WALK_02,7,REPLAY_COMPLETE,direction,SHORT,0,0,,{}
binance,60,5,WALK_02,7,REPLAY_COMPLETE,ready_regime,BULL,0,0,,{}
binance,60,5,WALK_02,7,REPLAY_COMPLETE,ready_regime,BEAR,0,0,,{}
binance,60,5,WALK_02,7,REPLAY_COMPLETE,ready_regime,SIDEWAYS,0,0,,{}
binance,60,5,WALK_02,7,REPLAY_COMPLETE,ready_regime,UNKNOWN,0,0,,{}
binance,60,5,WALK_02,7,REPLAY_COMPLETE,ready_volatility_bucket,LOW,0,0,,{}
binance,60,5,WALK_02,7,REPLAY_COMPLETE,ready_volatility_bucket,MEDIUM,0,0,,{}
binance,60,5,WALK_02,7,REPLAY_COMPLETE,ready_volatility_bucket,HIGH,0,0,,{}
binance,60,5,WALK_02,7,REPLAY_COMPLETE,ready_volatility_bucket,UNKNOWN,0,0,,{}
binance,60,5,WALK_02,8,REPLAY_COMPLETE,symbol,BTCUSDT,0,0,,{}
binance,60,5,WALK_02,8,REPLAY_COMPLETE,symbol,ETHUSDT,0,0,,{}
binance,60,5,WALK_02,8,REPLAY_COMPLETE,symbol,SOLUSDT,0,0,,{}
binance,60,5,WALK_02,8,REPLAY_COMPLETE,symbol,XRPUSDT,0,0,,{}
binance,60,5,WALK_02,8,REPLAY_COMPLETE,symbol,BNBUSDT,0,0,,{}
binance,60,5,WALK_02,8,REPLAY_COMPLETE,symbol,DOGEUSDT,0,0,,{}
binance,60,5,WALK_02,8,REPLAY_COMPLETE,symbol,ADAUSDT,0,0,,{}
binance,60,5,WALK_02,8,REPLAY_COMPLETE,direction,LONG,0,0,,{}
binance,60,5,WALK_02,8,REPLAY_COMPLETE,direction,SHORT,0,0,,{}
binance,60,5,WALK_02,8,REPLAY_COMPLETE,ready_regime,BULL,0,0,,{}
binance,60,5,WALK_02,8,REPLAY_COMPLETE,ready_regime,BEAR,0,0,,{}
binance,60,5,WALK_02,8,REPLAY_COMPLETE,ready_regime,SIDEWAYS,0,0,,{}
binance,60,5,WALK_02,8,REPLAY_COMPLETE,ready_regime,UNKNOWN,0,0,,{}
binance,60,5,WALK_02,8,REPLAY_COMPLETE,ready_volatility_bucket,LOW,0,0,,{}
binance,60,5,WALK_02,8,REPLAY_COMPLETE,ready_volatility_bucket,MEDIUM,0,0,,{}
binance,60,5,WALK_02,8,REPLAY_COMPLETE,ready_volatility_bucket,HIGH,0,0,,{}
binance,60,5,WALK_02,8,REPLAY_COMPLETE,ready_volatility_bucket,UNKNOWN,0,0,,{}
binance,60,5,WALK_03,8,REPLAY_COMPLETE,symbol,BTCUSDT,0,0,,{}
binance,60,5,WALK_03,8,REPLAY_COMPLETE,symbol,ETHUSDT,0,0,,{}
binance,60,5,WALK_03,8,REPLAY_COMPLETE,symbol,SOLUSDT,0,0,,{}
binance,60,5,WALK_03,8,REPLAY_COMPLETE,symbol,XRPUSDT,0,0,,{}
binance,60,5,WALK_03,8,REPLAY_COMPLETE,symbol,BNBUSDT,0,0,,{}
binance,60,5,WALK_03,8,REPLAY_COMPLETE,symbol,DOGEUSDT,0,0,,{}
binance,60,5,WALK_03,8,REPLAY_COMPLETE,symbol,ADAUSDT,0,0,,{}
binance,60,5,WALK_03,8,REPLAY_COMPLETE,direction,LONG,0,0,,{}
binance,60,5,WALK_03,8,REPLAY_COMPLETE,direction,SHORT,0,0,,{}
binance,60,5,WALK_03,8,REPLAY_COMPLETE,ready_regime,BULL,0,0,,{}
binance,60,5,WALK_03,8,REPLAY_COMPLETE,ready_regime,BEAR,0,0,,{}
binance,60,5,WALK_03,8,REPLAY_COMPLETE,ready_regime,SIDEWAYS,0,0,,{}
binance,60,5,WALK_03,8,REPLAY_COMPLETE,ready_regime,UNKNOWN,0,0,,{}
binance,60,5,WALK_03,8,REPLAY_COMPLETE,ready_volatility_bucket,LOW,0,0,,{}
binance,60,5,WALK_03,8,REPLAY_COMPLETE,ready_volatility_bucket,MEDIUM,0,0,,{}
binance,60,5,WALK_03,8,REPLAY_COMPLETE,ready_volatility_bucket,HIGH,0,0,,{}
binance,60,5,WALK_03,8,REPLAY_COMPLETE,ready_volatility_bucket,UNKNOWN,0,0,,{}
binance,60,5,WALK_03,9,REPLAY_COMPLETE,symbol,BTCUSDT,0,0,,{}
binance,60,5,WALK_03,9,REPLAY_COMPLETE,symbol,ETHUSDT,0,0,,{}
binance,60,5,WALK_03,9,REPLAY_COMPLETE,symbol,SOLUSDT,0,0,,{}
binance,60,5,WALK_03,9,REPLAY_COMPLETE,symbol,XRPUSDT,0,0,,{}
binance,60,5,WALK_03,9,REPLAY_COMPLETE,symbol,BNBUSDT,0,0,,{}
binance,60,5,WALK_03,9,REPLAY_COMPLETE,symbol,DOGEUSDT,0,0,,{}
binance,60,5,WALK_03,9,REPLAY_COMPLETE,symbol,ADAUSDT,0,0,,{}
binance,60,5,WALK_03,9,REPLAY_COMPLETE,direction,LONG,0,0,,{}
binance,60,5,WALK_03,9,REPLAY_COMPLETE,direction,SHORT,0,0,,{}
binance,60,5,WALK_03,9,REPLAY_COMPLETE,ready_regime,BULL,0,0,,{}
binance,60,5,WALK_03,9,REPLAY_COMPLETE,ready_regime,BEAR,0,0,,{}
binance,60,5,WALK_03,9,REPLAY_COMPLETE,ready_regime,SIDEWAYS,0,0,,{}
binance,60,5,WALK_03,9,REPLAY_COMPLETE,ready_regime,UNKNOWN,0,0,,{}
binance,60,5,WALK_03,9,REPLAY_COMPLETE,ready_volatility_bucket,LOW,0,0,,{}
binance,60,5,WALK_03,9,REPLAY_COMPLETE,ready_volatility_bucket,MEDIUM,0,0,,{}
binance,60,5,WALK_03,9,REPLAY_COMPLETE,ready_volatility_bucket,HIGH,0,0,,{}
binance,60,5,WALK_03,9,REPLAY_COMPLETE,ready_volatility_bucket,UNKNOWN,0,0,,{}
binance,60,5,WALK_04,9,REPLAY_COMPLETE,symbol,BTCUSDT,1,0,0.0,"{""ISOLATED_MARGIN_BUDGET"": 1}"
binance,60,5,WALK_04,9,REPLAY_COMPLETE,symbol,ETHUSDT,0,0,,{}
binance,60,5,WALK_04,9,REPLAY_COMPLETE,symbol,SOLUSDT,0,0,,{}
binance,60,5,WALK_04,9,REPLAY_COMPLETE,symbol,XRPUSDT,0,0,,{}
binance,60,5,WALK_04,9,REPLAY_COMPLETE,symbol,BNBUSDT,0,0,,{}
binance,60,5,WALK_04,9,REPLAY_COMPLETE,symbol,DOGEUSDT,0,0,,{}
binance,60,5,WALK_04,9,REPLAY_COMPLETE,symbol,ADAUSDT,0,0,,{}
binance,60,5,WALK_04,9,REPLAY_COMPLETE,direction,LONG,1,0,0.0,"{""ISOLATED_MARGIN_BUDGET"": 1}"
binance,60,5,WALK_04,9,REPLAY_COMPLETE,direction,SHORT,0,0,,{}
binance,60,5,WALK_04,9,REPLAY_COMPLETE,ready_regime,BULL,0,0,,{}
binance,60,5,WALK_04,9,REPLAY_COMPLETE,ready_regime,BEAR,1,0,0.0,"{""ISOLATED_MARGIN_BUDGET"": 1}"
binance,60,5,WALK_04,9,REPLAY_COMPLETE,ready_regime,SIDEWAYS,0,0,,{}
binance,60,5,WALK_04,9,REPLAY_COMPLETE,ready_regime,UNKNOWN,0,0,,{}
binance,60,5,WALK_04,9,REPLAY_COMPLETE,ready_volatility_bucket,LOW,0,0,,{}
binance,60,5,WALK_04,9,REPLAY_COMPLETE,ready_volatility_bucket,MEDIUM,1,0,0.0,"{""ISOLATED_MARGIN_BUDGET"": 1}"
binance,60,5,WALK_04,9,REPLAY_COMPLETE,ready_volatility_bucket,HIGH,0,0,,{}
binance,60,5,WALK_04,9,REPLAY_COMPLETE,ready_volatility_bucket,UNKNOWN,0,0,,{}
binance,60,5,WALK_05,9,REPLAY_COMPLETE,symbol,BTCUSDT,0,0,,{}
binance,60,5,WALK_05,9,REPLAY_COMPLETE,symbol,ETHUSDT,0,0,,{}
binance,60,5,WALK_05,9,REPLAY_COMPLETE,symbol,SOLUSDT,0,0,,{}
binance,60,5,WALK_05,9,REPLAY_COMPLETE,symbol,XRPUSDT,0,0,,{}
binance,60,5,WALK_05,9,REPLAY_COMPLETE,symbol,BNBUSDT,0,0,,{}
binance,60,5,WALK_05,9,REPLAY_COMPLETE,symbol,DOGEUSDT,0,0,,{}
binance,60,5,WALK_05,9,REPLAY_COMPLETE,symbol,ADAUSDT,0,0,,{}
binance,60,5,WALK_05,9,REPLAY_COMPLETE,direction,LONG,0,0,,{}
binance,60,5,WALK_05,9,REPLAY_COMPLETE,direction,SHORT,0,0,,{}
binance,60,5,WALK_05,9,REPLAY_COMPLETE,ready_regime,BULL,0,0,,{}
binance,60,5,WALK_05,9,REPLAY_COMPLETE,ready_regime,BEAR,0,0,,{}
binance,60,5,WALK_05,9,REPLAY_COMPLETE,ready_regime,SIDEWAYS,0,0,,{}
binance,60,5,WALK_05,9,REPLAY_COMPLETE,ready_regime,UNKNOWN,0,0,,{}
binance,60,5,WALK_05,9,REPLAY_COMPLETE,ready_volatility_bucket,LOW,0,0,,{}
binance,60,5,WALK_05,9,REPLAY_COMPLETE,ready_volatility_bucket,MEDIUM,0,0,,{}
binance,60,5,WALK_05,9,REPLAY_COMPLETE,ready_volatility_bucket,HIGH,0,0,,{}
binance,60,5,WALK_05,9,REPLAY_COMPLETE,ready_volatility_bucket,UNKNOWN,0,0,,{}
binance,60,5,WALK_06,9,REPLAY_COMPLETE,symbol,BTCUSDT,0,0,,{}
binance,60,5,WALK_06,9,REPLAY_COMPLETE,symbol,ETHUSDT,0,0,,{}
binance,60,5,WALK_06,9,REPLAY_COMPLETE,symbol,SOLUSDT,0,0,,{}
binance,60,5,WALK_06,9,REPLAY_COMPLETE,symbol,XRPUSDT,0,0,,{}
binance,60,5,WALK_06,9,REPLAY_COMPLETE,symbol,BNBUSDT,0,0,,{}
binance,60,5,WALK_06,9,REPLAY_COMPLETE,symbol,DOGEUSDT,0,0,,{}
binance,60,5,WALK_06,9,REPLAY_COMPLETE,symbol,ADAUSDT,0,0,,{}
binance,60,5,WALK_06,9,REPLAY_COMPLETE,direction,LONG,0,0,,{}
binance,60,5,WALK_06,9,REPLAY_COMPLETE,direction,SHORT,0,0,,{}
binance,60,5,WALK_06,9,REPLAY_COMPLETE,ready_regime,BULL,0,0,,{}
binance,60,5,WALK_06,9,REPLAY_COMPLETE,ready_regime,BEAR,0,0,,{}
binance,60,5,WALK_06,9,REPLAY_COMPLETE,ready_regime,SIDEWAYS,0,0,,{}
binance,60,5,WALK_06,9,REPLAY_COMPLETE,ready_regime,UNKNOWN,0,0,,{}
binance,60,5,WALK_06,9,REPLAY_COMPLETE,ready_volatility_bucket,LOW,0,0,,{}
binance,60,5,WALK_06,9,REPLAY_COMPLETE,ready_volatility_bucket,MEDIUM,0,0,,{}
binance,60,5,WALK_06,9,REPLAY_COMPLETE,ready_volatility_bucket,HIGH,0,0,,{}
binance,60,5,WALK_06,9,REPLAY_COMPLETE,ready_volatility_bucket,UNKNOWN,0,0,,{}
binance,60,5,WALK_07,9,REPLAY_COMPLETE,symbol,BTCUSDT,0,0,,{}
binance,60,5,WALK_07,9,REPLAY_COMPLETE,symbol,ETHUSDT,0,0,,{}
binance,60,5,WALK_07,9,REPLAY_COMPLETE,symbol,SOLUSDT,0,0,,{}
binance,60,5,WALK_07,9,REPLAY_COMPLETE,symbol,XRPUSDT,0,0,,{}
binance,60,5,WALK_07,9,REPLAY_COMPLETE,symbol,BNBUSDT,0,0,,{}
binance,60,5,WALK_07,9,REPLAY_COMPLETE,symbol,DOGEUSDT,0,0,,{}
binance,60,5,WALK_07,9,REPLAY_COMPLETE,symbol,ADAUSDT,0,0,,{}
binance,60,5,WALK_07,9,REPLAY_COMPLETE,direction,LONG,0,0,,{}
binance,60,5,WALK_07,9,REPLAY_COMPLETE,direction,SHORT,0,0,,{}
binance,60,5,WALK_07,9,REPLAY_COMPLETE,ready_regime,BULL,0,0,,{}
binance,60,5,WALK_07,9,REPLAY_COMPLETE,ready_regime,BEAR,0,0,,{}
binance,60,5,WALK_07,9,REPLAY_COMPLETE,ready_regime,SIDEWAYS,0,0,,{}
binance,60,5,WALK_07,9,REPLAY_COMPLETE,ready_regime,UNKNOWN,0,0,,{}
binance,60,5,WALK_07,9,REPLAY_COMPLETE,ready_volatility_bucket,LOW,0,0,,{}
binance,60,5,WALK_07,9,REPLAY_COMPLETE,ready_volatility_bucket,MEDIUM,0,0,,{}
binance,60,5,WALK_07,9,REPLAY_COMPLETE,ready_volatility_bucket,HIGH,0,0,,{}
binance,60,5,WALK_07,9,REPLAY_COMPLETE,ready_volatility_bucket,UNKNOWN,0,0,,{}
binance,60,5,WALK_08,9,REPLAY_COMPLETE,symbol,BTCUSDT,0,0,,{}
binance,60,5,WALK_08,9,REPLAY_COMPLETE,symbol,ETHUSDT,0,0,,{}
binance,60,5,WALK_08,9,REPLAY_COMPLETE,symbol,SOLUSDT,1,0,0.0,"{""PRICE_NOT_FILLED_BEFORE_OBSERVATION_END"": 1}"
binance,60,5,WALK_08,9,REPLAY_COMPLETE,symbol,XRPUSDT,1,0,0.0,"{""LIMIT_NOT_FILLED_BEFORE_OB_FIRST_TEST_CONSUMED"": 1}"
binance,60,5,WALK_08,9,REPLAY_COMPLETE,symbol,BNBUSDT,0,0,,{}
binance,60,5,WALK_08,9,REPLAY_COMPLETE,symbol,DOGEUSDT,0,0,,{}
binance,60,5,WALK_08,9,REPLAY_COMPLETE,symbol,ADAUSDT,0,0,,{}
binance,60,5,WALK_08,9,REPLAY_COMPLETE,direction,LONG,2,0,0.0,"{""LIMIT_NOT_FILLED_BEFORE_OB_FIRST_TEST_CONSUMED"": 1, ""PRICE_NOT_FILLED_BEFORE_OBSERVATION_END"": 1}"
binance,60,5,WALK_08,9,REPLAY_COMPLETE,direction,SHORT,0,0,,{}
binance,60,5,WALK_08,9,REPLAY_COMPLETE,ready_regime,BULL,0,0,,{}
binance,60,5,WALK_08,9,REPLAY_COMPLETE,ready_regime,BEAR,1,0,0.0,"{""LIMIT_NOT_FILLED_BEFORE_OB_FIRST_TEST_CONSUMED"": 1}"
binance,60,5,WALK_08,9,REPLAY_COMPLETE,ready_regime,SIDEWAYS,1,0,0.0,"{""PRICE_NOT_FILLED_BEFORE_OBSERVATION_END"": 1}"
binance,60,5,WALK_08,9,REPLAY_COMPLETE,ready_regime,UNKNOWN,0,0,,{}
binance,60,5,WALK_08,9,REPLAY_COMPLETE,ready_volatility_bucket,LOW,0,0,,{}
binance,60,5,WALK_08,9,REPLAY_COMPLETE,ready_volatility_bucket,MEDIUM,0,0,,{}
binance,60,5,WALK_08,9,REPLAY_COMPLETE,ready_volatility_bucket,HIGH,2,0,0.0,"{""LIMIT_NOT_FILLED_BEFORE_OB_FIRST_TEST_CONSUMED"": 1, ""PRICE_NOT_FILLED_BEFORE_OBSERVATION_END"": 1}"
binance,60,5,WALK_08,9,REPLAY_COMPLETE,ready_volatility_bucket,UNKNOWN,0,0,,{}
binance,60,5,WALK_09,9,REPLAY_COMPLETE,symbol,BTCUSDT,0,0,,{}
binance,60,5,WALK_09,9,REPLAY_COMPLETE,symbol,ETHUSDT,0,0,,{}
binance,60,5,WALK_09,9,REPLAY_COMPLETE,symbol,SOLUSDT,1,0,0.0,"{""TARGET_EVIDENCE_WITHDRAWN"": 1}"
binance,60,5,WALK_09,9,REPLAY_COMPLETE,symbol,XRPUSDT,0,0,,{}
binance,60,5,WALK_09,9,REPLAY_COMPLETE,symbol,BNBUSDT,0,0,,{}
binance,60,5,WALK_09,9,REPLAY_COMPLETE,symbol,DOGEUSDT,0,0,,{}
binance,60,5,WALK_09,9,REPLAY_COMPLETE,symbol,ADAUSDT,0,0,,{}
binance,60,5,WALK_09,9,REPLAY_COMPLETE,direction,LONG,1,0,0.0,"{""TARGET_EVIDENCE_WITHDRAWN"": 1}"
binance,60,5,WALK_09,9,REPLAY_COMPLETE,direction,SHORT,0,0,,{}
binance,60,5,WALK_09,9,REPLAY_COMPLETE,ready_regime,BULL,0,0,,{}
binance,60,5,WALK_09,9,REPLAY_COMPLETE,ready_regime,BEAR,0,0,,{}
binance,60,5,WALK_09,9,REPLAY_COMPLETE,ready_regime,SIDEWAYS,1,0,0.0,"{""TARGET_EVIDENCE_WITHDRAWN"": 1}"
binance,60,5,WALK_09,9,REPLAY_COMPLETE,ready_regime,UNKNOWN,0,0,,{}
binance,60,5,WALK_09,9,REPLAY_COMPLETE,ready_volatility_bucket,LOW,0,0,,{}
binance,60,5,WALK_09,9,REPLAY_COMPLETE,ready_volatility_bucket,MEDIUM,0,0,,{}
binance,60,5,WALK_09,9,REPLAY_COMPLETE,ready_volatility_bucket,HIGH,1,0,0.0,"{""TARGET_EVIDENCE_WITHDRAWN"": 1}"
binance,60,5,WALK_09,9,REPLAY_COMPLETE,ready_volatility_bucket,UNKNOWN,0,0,,{}
binance,60,5,WALK_09,10,REPLAY_COMPLETE,symbol,BTCUSDT,0,0,,{}
binance,60,5,WALK_09,10,REPLAY_COMPLETE,symbol,ETHUSDT,0,0,,{}
binance,60,5,WALK_09,10,REPLAY_COMPLETE,symbol,SOLUSDT,0,0,,{}
binance,60,5,WALK_09,10,REPLAY_COMPLETE,symbol,XRPUSDT,0,0,,{}
binance,60,5,WALK_09,10,REPLAY_COMPLETE,symbol,BNBUSDT,0,0,,{}
binance,60,5,WALK_09,10,REPLAY_COMPLETE,symbol,DOGEUSDT,0,0,,{}
binance,60,5,WALK_09,10,REPLAY_COMPLETE,symbol,ADAUSDT,0,0,,{}
binance,60,5,WALK_09,10,REPLAY_COMPLETE,direction,LONG,0,0,,{}
binance,60,5,WALK_09,10,REPLAY_COMPLETE,direction,SHORT,0,0,,{}
binance,60,5,WALK_09,10,REPLAY_COMPLETE,ready_regime,BULL,0,0,,{}
binance,60,5,WALK_09,10,REPLAY_COMPLETE,ready_regime,BEAR,0,0,,{}
binance,60,5,WALK_09,10,REPLAY_COMPLETE,ready_regime,SIDEWAYS,0,0,,{}
binance,60,5,WALK_09,10,REPLAY_COMPLETE,ready_regime,UNKNOWN,0,0,,{}
binance,60,5,WALK_09,10,REPLAY_COMPLETE,ready_volatility_bucket,LOW,0,0,,{}
binance,60,5,WALK_09,10,REPLAY_COMPLETE,ready_volatility_bucket,MEDIUM,0,0,,{}
binance,60,5,WALK_09,10,REPLAY_COMPLETE,ready_volatility_bucket,HIGH,0,0,,{}
binance,60,5,WALK_09,10,REPLAY_COMPLETE,ready_volatility_bucket,UNKNOWN,0,0,,{}
binance,60,5,WALK_10,10,REPLAY_COMPLETE,symbol,BTCUSDT,0,0,,{}
binance,60,5,WALK_10,10,REPLAY_COMPLETE,symbol,ETHUSDT,0,0,,{}
binance,60,5,WALK_10,10,REPLAY_COMPLETE,symbol,SOLUSDT,0,0,,{}
binance,60,5,WALK_10,10,REPLAY_COMPLETE,symbol,XRPUSDT,0,0,,{}
binance,60,5,WALK_10,10,REPLAY_COMPLETE,symbol,BNBUSDT,0,0,,{}
binance,60,5,WALK_10,10,REPLAY_COMPLETE,symbol,DOGEUSDT,0,0,,{}
binance,60,5,WALK_10,10,REPLAY_COMPLETE,symbol,ADAUSDT,0,0,,{}
binance,60,5,WALK_10,10,REPLAY_COMPLETE,direction,LONG,0,0,,{}
binance,60,5,WALK_10,10,REPLAY_COMPLETE,direction,SHORT,0,0,,{}
binance,60,5,WALK_10,10,REPLAY_COMPLETE,ready_regime,BULL,0,0,,{}
binance,60,5,WALK_10,10,REPLAY_COMPLETE,ready_regime,BEAR,0,0,,{}
binance,60,5,WALK_10,10,REPLAY_COMPLETE,ready_regime,SIDEWAYS,0,0,,{}
binance,60,5,WALK_10,10,REPLAY_COMPLETE,ready_regime,UNKNOWN,0,0,,{}
binance,60,5,WALK_10,10,REPLAY_COMPLETE,ready_volatility_bucket,LOW,0,0,,{}
binance,60,5,WALK_10,10,REPLAY_COMPLETE,ready_volatility_bucket,MEDIUM,0,0,,{}
binance,60,5,WALK_10,10,REPLAY_COMPLETE,ready_volatility_bucket,HIGH,0,0,,{}
binance,60,5,WALK_10,10,REPLAY_COMPLETE,ready_volatility_bucket,UNKNOWN,0,0,,{}
binance,60,5,WALK_11,10,REPLAY_COMPLETE,symbol,BTCUSDT,0,0,,{}
binance,60,5,WALK_11,10,REPLAY_COMPLETE,symbol,ETHUSDT,0,0,,{}
binance,60,5,WALK_11,10,REPLAY_COMPLETE,symbol,SOLUSDT,0,0,,{}
binance,60,5,WALK_11,10,REPLAY_COMPLETE,symbol,XRPUSDT,0,0,,{}
binance,60,5,WALK_11,10,REPLAY_COMPLETE,symbol,BNBUSDT,0,0,,{}
binance,60,5,WALK_11,10,REPLAY_COMPLETE,symbol,DOGEUSDT,0,0,,{}
binance,60,5,WALK_11,10,REPLAY_COMPLETE,symbol,ADAUSDT,0,0,,{}
binance,60,5,WALK_11,10,REPLAY_COMPLETE,direction,LONG,0,0,,{}
binance,60,5,WALK_11,10,REPLAY_COMPLETE,direction,SHORT,0,0,,{}
binance,60,5,WALK_11,10,REPLAY_COMPLETE,ready_regime,BULL,0,0,,{}
binance,60,5,WALK_11,10,REPLAY_COMPLETE,ready_regime,BEAR,0,0,,{}
binance,60,5,WALK_11,10,REPLAY_COMPLETE,ready_regime,SIDEWAYS,0,0,,{}
binance,60,5,WALK_11,10,REPLAY_COMPLETE,ready_regime,UNKNOWN,0,0,,{}
binance,60,5,WALK_11,10,REPLAY_COMPLETE,ready_volatility_bucket,LOW,0,0,,{}
binance,60,5,WALK_11,10,REPLAY_COMPLETE,ready_volatility_bucket,MEDIUM,0,0,,{}
binance,60,5,WALK_11,10,REPLAY_COMPLETE,ready_volatility_bucket,HIGH,0,0,,{}
binance,60,5,WALK_11,10,REPLAY_COMPLETE,ready_volatility_bucket,UNKNOWN,0,0,,{}
binance,60,5,WALK_12,10,REPLAY_COMPLETE,symbol,BTCUSDT,1,0,0.0,"{""ISOLATED_MARGIN_BUDGET"": 1}"
binance,60,5,WALK_12,10,REPLAY_COMPLETE,symbol,ETHUSDT,0,0,,{}
binance,60,5,WALK_12,10,REPLAY_COMPLETE,symbol,SOLUSDT,0,0,,{}
binance,60,5,WALK_12,10,REPLAY_COMPLETE,symbol,XRPUSDT,0,0,,{}
binance,60,5,WALK_12,10,REPLAY_COMPLETE,symbol,BNBUSDT,0,0,,{}
binance,60,5,WALK_12,10,REPLAY_COMPLETE,symbol,DOGEUSDT,0,0,,{}
binance,60,5,WALK_12,10,REPLAY_COMPLETE,symbol,ADAUSDT,0,0,,{}
binance,60,5,WALK_12,10,REPLAY_COMPLETE,direction,LONG,0,0,,{}
binance,60,5,WALK_12,10,REPLAY_COMPLETE,direction,SHORT,1,0,0.0,"{""ISOLATED_MARGIN_BUDGET"": 1}"
binance,60,5,WALK_12,10,REPLAY_COMPLETE,ready_regime,BULL,0,0,,{}
binance,60,5,WALK_12,10,REPLAY_COMPLETE,ready_regime,BEAR,0,0,,{}
binance,60,5,WALK_12,10,REPLAY_COMPLETE,ready_regime,SIDEWAYS,1,0,0.0,"{""ISOLATED_MARGIN_BUDGET"": 1}"
binance,60,5,WALK_12,10,REPLAY_COMPLETE,ready_regime,UNKNOWN,0,0,,{}
binance,60,5,WALK_12,10,REPLAY_COMPLETE,ready_volatility_bucket,LOW,0,0,,{}
binance,60,5,WALK_12,10,REPLAY_COMPLETE,ready_volatility_bucket,MEDIUM,1,0,0.0,"{""ISOLATED_MARGIN_BUDGET"": 1}"
binance,60,5,WALK_12,10,REPLAY_COMPLETE,ready_volatility_bucket,HIGH,0,0,,{}
binance,60,5,WALK_12,10,REPLAY_COMPLETE,ready_volatility_bucket,UNKNOWN,0,0,,{}
binance,60,5,WALK_13,10,REPLAY_COMPLETE,symbol,BTCUSDT,0,0,,{}
binance,60,5,WALK_13,10,REPLAY_COMPLETE,symbol,ETHUSDT,0,0,,{}
binance,60,5,WALK_13,10,REPLAY_COMPLETE,symbol,SOLUSDT,0,0,,{}
binance,60,5,WALK_13,10,REPLAY_COMPLETE,symbol,XRPUSDT,0,0,,{}
binance,60,5,WALK_13,10,REPLAY_COMPLETE,symbol,BNBUSDT,0,0,,{}
binance,60,5,WALK_13,10,REPLAY_COMPLETE,symbol,DOGEUSDT,0,0,,{}
binance,60,5,WALK_13,10,REPLAY_COMPLETE,symbol,ADAUSDT,0,0,,{}
binance,60,5,WALK_13,10,REPLAY_COMPLETE,direction,LONG,0,0,,{}
binance,60,5,WALK_13,10,REPLAY_COMPLETE,direction,SHORT,0,0,,{}
binance,60,5,WALK_13,10,REPLAY_COMPLETE,ready_regime,BULL,0,0,,{}
binance,60,5,WALK_13,10,REPLAY_COMPLETE,ready_regime,BEAR,0,0,,{}
binance,60,5,WALK_13,10,REPLAY_COMPLETE,ready_regime,SIDEWAYS,0,0,,{}
binance,60,5,WALK_13,10,REPLAY_COMPLETE,ready_regime,UNKNOWN,0,0,,{}
binance,60,5,WALK_13,10,REPLAY_COMPLETE,ready_volatility_bucket,LOW,0,0,,{}
binance,60,5,WALK_13,10,REPLAY_COMPLETE,ready_volatility_bucket,MEDIUM,0,0,,{}
binance,60,5,WALK_13,10,REPLAY_COMPLETE,ready_volatility_bucket,HIGH,0,0,,{}
binance,60,5,WALK_13,10,REPLAY_COMPLETE,ready_volatility_bucket,UNKNOWN,0,0,,{}
binance,60,5,WALK_14,10,REPLAY_COMPLETE,symbol,BTCUSDT,0,0,,{}
binance,60,5,WALK_14,10,REPLAY_COMPLETE,symbol,ETHUSDT,0,0,,{}
binance,60,5,WALK_14,10,REPLAY_COMPLETE,symbol,SOLUSDT,0,0,,{}
binance,60,5,WALK_14,10,REPLAY_COMPLETE,symbol,XRPUSDT,0,0,,{}
binance,60,5,WALK_14,10,REPLAY_COMPLETE,symbol,BNBUSDT,0,0,,{}
binance,60,5,WALK_14,10,REPLAY_COMPLETE,symbol,DOGEUSDT,1,0,0.0,"{""ISOLATED_MARGIN_BUDGET"": 1}"
binance,60,5,WALK_14,10,REPLAY_COMPLETE,symbol,ADAUSDT,0,0,,{}
binance,60,5,WALK_14,10,REPLAY_COMPLETE,direction,LONG,1,0,0.0,"{""ISOLATED_MARGIN_BUDGET"": 1}"
binance,60,5,WALK_14,10,REPLAY_COMPLETE,direction,SHORT,0,0,,{}
binance,60,5,WALK_14,10,REPLAY_COMPLETE,ready_regime,BULL,0,0,,{}
binance,60,5,WALK_14,10,REPLAY_COMPLETE,ready_regime,BEAR,1,0,0.0,"{""ISOLATED_MARGIN_BUDGET"": 1}"
binance,60,5,WALK_14,10,REPLAY_COMPLETE,ready_regime,SIDEWAYS,0,0,,{}
binance,60,5,WALK_14,10,REPLAY_COMPLETE,ready_regime,UNKNOWN,0,0,,{}
binance,60,5,WALK_14,10,REPLAY_COMPLETE,ready_volatility_bucket,LOW,0,0,,{}
binance,60,5,WALK_14,10,REPLAY_COMPLETE,ready_volatility_bucket,MEDIUM,1,0,0.0,"{""ISOLATED_MARGIN_BUDGET"": 1}"
binance,60,5,WALK_14,10,REPLAY_COMPLETE,ready_volatility_bucket,HIGH,0,0,,{}
binance,60,5,WALK_14,10,REPLAY_COMPLETE,ready_volatility_bucket,UNKNOWN,0,0,,{}
binance,60,5,WALK_15,10,REPLAY_COMPLETE,symbol,BTCUSDT,1,0,0.0,"{""TARGET_EVIDENCE_WITHDRAWN"": 1}"
binance,60,5,WALK_15,10,REPLAY_COMPLETE,symbol,ETHUSDT,1,1,1.0,"{""VIRTUAL_TRADE_CLOSED"": 1}"
binance,60,5,WALK_15,10,REPLAY_COMPLETE,symbol,SOLUSDT,0,0,,{}
binance,60,5,WALK_15,10,REPLAY_COMPLETE,symbol,XRPUSDT,0,0,,{}
binance,60,5,WALK_15,10,REPLAY_COMPLETE,symbol,BNBUSDT,0,0,,{}
binance,60,5,WALK_15,10,REPLAY_COMPLETE,symbol,DOGEUSDT,0,0,,{}
binance,60,5,WALK_15,10,REPLAY_COMPLETE,symbol,ADAUSDT,1,0,0.0,"{""ISOLATED_MARGIN_BUDGET"": 1}"
binance,60,5,WALK_15,10,REPLAY_COMPLETE,direction,LONG,3,1,0.3333333333333333,"{""ISOLATED_MARGIN_BUDGET"": 1, ""TARGET_EVIDENCE_WITHDRAWN"": 1, ""VIRTUAL_TRADE_CLOSED"": 1}"
binance,60,5,WALK_15,10,REPLAY_COMPLETE,direction,SHORT,0,0,,{}
binance,60,5,WALK_15,10,REPLAY_COMPLETE,ready_regime,BULL,1,0,0.0,"{""TARGET_EVIDENCE_WITHDRAWN"": 1}"
binance,60,5,WALK_15,10,REPLAY_COMPLETE,ready_regime,BEAR,1,0,0.0,"{""ISOLATED_MARGIN_BUDGET"": 1}"
binance,60,5,WALK_15,10,REPLAY_COMPLETE,ready_regime,SIDEWAYS,1,1,1.0,"{""VIRTUAL_TRADE_CLOSED"": 1}"
binance,60,5,WALK_15,10,REPLAY_COMPLETE,ready_regime,UNKNOWN,0,0,,{}
binance,60,5,WALK_15,10,REPLAY_COMPLETE,ready_volatility_bucket,LOW,0,0,,{}
binance,60,5,WALK_15,10,REPLAY_COMPLETE,ready_volatility_bucket,MEDIUM,2,1,0.5,"{""TARGET_EVIDENCE_WITHDRAWN"": 1, ""VIRTUAL_TRADE_CLOSED"": 1}"
binance,60,5,WALK_15,10,REPLAY_COMPLETE,ready_volatility_bucket,HIGH,1,0,0.0,"{""ISOLATED_MARGIN_BUDGET"": 1}"
binance,60,5,WALK_15,10,REPLAY_COMPLETE,ready_volatility_bucket,UNKNOWN,0,0,,{}
binance,60,5,WALK_16,10,REPLAY_COMPLETE,symbol,BTCUSDT,0,0,,{}
binance,60,5,WALK_16,10,REPLAY_COMPLETE,symbol,ETHUSDT,0,0,,{}
binance,60,5,WALK_16,10,REPLAY_COMPLETE,symbol,SOLUSDT,1,0,0.0,"{""ISOLATED_MARGIN_BUDGET"": 1}"
binance,60,5,WALK_16,10,REPLAY_COMPLETE,symbol,XRPUSDT,0,0,,{}
binance,60,5,WALK_16,10,REPLAY_COMPLETE,symbol,BNBUSDT,0,0,,{}
binance,60,5,WALK_16,10,REPLAY_COMPLETE,symbol,DOGEUSDT,0,0,,{}
binance,60,5,WALK_16,10,REPLAY_COMPLETE,symbol,ADAUSDT,1,1,1.0,"{""VIRTUAL_TRADE_CLOSED"": 1}"
binance,60,5,WALK_16,10,REPLAY_COMPLETE,direction,LONG,1,1,1.0,"{""VIRTUAL_TRADE_CLOSED"": 1}"
binance,60,5,WALK_16,10,REPLAY_COMPLETE,direction,SHORT,1,0,0.0,"{""ISOLATED_MARGIN_BUDGET"": 1}"
binance,60,5,WALK_16,10,REPLAY_COMPLETE,ready_regime,BULL,0,0,,{}
binance,60,5,WALK_16,10,REPLAY_COMPLETE,ready_regime,BEAR,2,1,0.5,"{""ISOLATED_MARGIN_BUDGET"": 1, ""VIRTUAL_TRADE_CLOSED"": 1}"
binance,60,5,WALK_16,10,REPLAY_COMPLETE,ready_regime,SIDEWAYS,0,0,,{}
binance,60,5,WALK_16,10,REPLAY_COMPLETE,ready_regime,UNKNOWN,0,0,,{}
binance,60,5,WALK_16,10,REPLAY_COMPLETE,ready_volatility_bucket,LOW,0,0,,{}
binance,60,5,WALK_16,10,REPLAY_COMPLETE,ready_volatility_bucket,MEDIUM,0,0,,{}
binance,60,5,WALK_16,10,REPLAY_COMPLETE,ready_volatility_bucket,HIGH,2,1,0.5,"{""ISOLATED_MARGIN_BUDGET"": 1, ""VIRTUAL_TRADE_CLOSED"": 1}"
binance,60,5,WALK_16,10,REPLAY_COMPLETE,ready_volatility_bucket,UNKNOWN,0,0,,{}
binance,60,5,WALK_17,10,REPLAY_COMPLETE,symbol,BTCUSDT,0,0,,{}
binance,60,5,WALK_17,10,REPLAY_COMPLETE,symbol,ETHUSDT,0,0,,{}
binance,60,5,WALK_17,10,REPLAY_COMPLETE,symbol,SOLUSDT,0,0,,{}
binance,60,5,WALK_17,10,REPLAY_COMPLETE,symbol,XRPUSDT,0,0,,{}
binance,60,5,WALK_17,10,REPLAY_COMPLETE,symbol,BNBUSDT,0,0,,{}
binance,60,5,WALK_17,10,REPLAY_COMPLETE,symbol,DOGEUSDT,0,0,,{}
binance,60,5,WALK_17,10,REPLAY_COMPLETE,symbol,ADAUSDT,0,0,,{}
binance,60,5,WALK_17,10,REPLAY_COMPLETE,direction,LONG,0,0,,{}
binance,60,5,WALK_17,10,REPLAY_COMPLETE,direction,SHORT,0,0,,{}
binance,60,5,WALK_17,10,REPLAY_COMPLETE,ready_regime,BULL,0,0,,{}
binance,60,5,WALK_17,10,REPLAY_COMPLETE,ready_regime,BEAR,0,0,,{}
binance,60,5,WALK_17,10,REPLAY_COMPLETE,ready_regime,SIDEWAYS,0,0,,{}
binance,60,5,WALK_17,10,REPLAY_COMPLETE,ready_regime,UNKNOWN,0,0,,{}
binance,60,5,WALK_17,10,REPLAY_COMPLETE,ready_volatility_bucket,LOW,0,0,,{}
binance,60,5,WALK_17,10,REPLAY_COMPLETE,ready_volatility_bucket,MEDIUM,0,0,,{}
binance,60,5,WALK_17,10,REPLAY_COMPLETE,ready_volatility_bucket,HIGH,0,0,,{}
binance,60,5,WALK_17,10,REPLAY_COMPLETE,ready_volatility_bucket,UNKNOWN,0,0,,{}
binance,60,5,WALK_18,10,REPLAY_COMPLETE,symbol,BTCUSDT,1,0,0.0,"{""TARGET_EVIDENCE_WITHDRAWN"": 1}"
binance,60,5,WALK_18,10,REPLAY_COMPLETE,symbol,ETHUSDT,1,0,0.0,"{""LIMIT_NOT_FILLED_BEFORE_OB_FIRST_TEST_CONSUMED"": 1}"
binance,60,5,WALK_18,10,REPLAY_COMPLETE,symbol,SOLUSDT,1,0,0.0,"{""LIMIT_NOT_FILLED_BEFORE_OB_FIRST_TEST_CONSUMED"": 1}"
binance,60,5,WALK_18,10,REPLAY_COMPLETE,symbol,XRPUSDT,0,0,,{}
binance,60,5,WALK_18,10,REPLAY_COMPLETE,symbol,BNBUSDT,0,0,,{}
binance,60,5,WALK_18,10,REPLAY_COMPLETE,symbol,DOGEUSDT,0,0,,{}
binance,60,5,WALK_18,10,REPLAY_COMPLETE,symbol,ADAUSDT,0,0,,{}
binance,60,5,WALK_18,10,REPLAY_COMPLETE,direction,LONG,1,0,0.0,"{""TARGET_EVIDENCE_WITHDRAWN"": 1}"
binance,60,5,WALK_18,10,REPLAY_COMPLETE,direction,SHORT,2,0,0.0,"{""LIMIT_NOT_FILLED_BEFORE_OB_FIRST_TEST_CONSUMED"": 2}"
binance,60,5,WALK_18,10,REPLAY_COMPLETE,ready_regime,BULL,1,0,0.0,"{""LIMIT_NOT_FILLED_BEFORE_OB_FIRST_TEST_CONSUMED"": 1}"
binance,60,5,WALK_18,10,REPLAY_COMPLETE,ready_regime,BEAR,0,0,,{}
binance,60,5,WALK_18,10,REPLAY_COMPLETE,ready_regime,SIDEWAYS,2,0,0.0,"{""LIMIT_NOT_FILLED_BEFORE_OB_FIRST_TEST_CONSUMED"": 1, ""TARGET_EVIDENCE_WITHDRAWN"": 1}"
binance,60,5,WALK_18,10,REPLAY_COMPLETE,ready_regime,UNKNOWN,0,0,,{}
binance,60,5,WALK_18,10,REPLAY_COMPLETE,ready_volatility_bucket,LOW,1,0,0.0,"{""TARGET_EVIDENCE_WITHDRAWN"": 1}"
binance,60,5,WALK_18,10,REPLAY_COMPLETE,ready_volatility_bucket,MEDIUM,2,0,0.0,"{""LIMIT_NOT_FILLED_BEFORE_OB_FIRST_TEST_CONSUMED"": 2}"
binance,60,5,WALK_18,10,REPLAY_COMPLETE,ready_volatility_bucket,HIGH,0,0,,{}
binance,60,5,WALK_18,10,REPLAY_COMPLETE,ready_volatility_bucket,UNKNOWN,0,0,,{}
binance,60,5,WALK_19,10,REPLAY_COMPLETE,symbol,BTCUSDT,0,0,,{}
binance,60,5,WALK_19,10,REPLAY_COMPLETE,symbol,ETHUSDT,1,0,0.0,"{""LIMIT_NOT_FILLED_BEFORE_OB_FIRST_TEST_CONSUMED"": 1}"
binance,60,5,WALK_19,10,REPLAY_COMPLETE,symbol,SOLUSDT,0,0,,{}
binance,60,5,WALK_19,10,REPLAY_COMPLETE,symbol,XRPUSDT,0,0,,{}
binance,60,5,WALK_19,10,REPLAY_COMPLETE,symbol,BNBUSDT,0,0,,{}
binance,60,5,WALK_19,10,REPLAY_COMPLETE,symbol,DOGEUSDT,2,0,0.0,"{""ISOLATED_MARGIN_BUDGET"": 1, ""LIMIT_NOT_FILLED_BEFORE_OB_FIRST_TEST_CONSUMED"": 1}"
binance,60,5,WALK_19,10,REPLAY_COMPLETE,symbol,ADAUSDT,0,0,,{}
binance,60,5,WALK_19,10,REPLAY_COMPLETE,direction,LONG,1,0,0.0,"{""LIMIT_NOT_FILLED_BEFORE_OB_FIRST_TEST_CONSUMED"": 1}"
binance,60,5,WALK_19,10,REPLAY_COMPLETE,direction,SHORT,2,0,0.0,"{""ISOLATED_MARGIN_BUDGET"": 1, ""LIMIT_NOT_FILLED_BEFORE_OB_FIRST_TEST_CONSUMED"": 1}"
binance,60,5,WALK_19,10,REPLAY_COMPLETE,ready_regime,BULL,0,0,,{}
binance,60,5,WALK_19,10,REPLAY_COMPLETE,ready_regime,BEAR,2,0,0.0,"{""LIMIT_NOT_FILLED_BEFORE_OB_FIRST_TEST_CONSUMED"": 2}"
binance,60,5,WALK_19,10,REPLAY_COMPLETE,ready_regime,SIDEWAYS,1,0,0.0,"{""ISOLATED_MARGIN_BUDGET"": 1}"
binance,60,5,WALK_19,10,REPLAY_COMPLETE,ready_regime,UNKNOWN,0,0,,{}
binance,60,5,WALK_19,10,REPLAY_COMPLETE,ready_volatility_bucket,LOW,0,0,,{}
binance,60,5,WALK_19,10,REPLAY_COMPLETE,ready_volatility_bucket,MEDIUM,1,0,0.0,"{""LIMIT_NOT_FILLED_BEFORE_OB_FIRST_TEST_CONSUMED"": 1}"
binance,60,5,WALK_19,10,REPLAY_COMPLETE,ready_volatility_bucket,HIGH,2,0,0.0,"{""ISOLATED_MARGIN_BUDGET"": 1, ""LIMIT_NOT_FILLED_BEFORE_OB_FIRST_TEST_CONSUMED"": 1}"
binance,60,5,WALK_19,10,REPLAY_COMPLETE,ready_volatility_bucket,UNKNOWN,0,0,,{}
binance,60,5,WALK_20,10,REPLAY_COMPLETE,symbol,BTCUSDT,0,0,,{}
binance,60,5,WALK_20,10,REPLAY_COMPLETE,symbol,ETHUSDT,0,0,,{}
binance,60,5,WALK_20,10,REPLAY_COMPLETE,symbol,SOLUSDT,0,0,,{}
binance,60,5,WALK_20,10,REPLAY_COMPLETE,symbol,XRPUSDT,0,0,,{}
binance,60,5,WALK_20,10,REPLAY_COMPLETE,symbol,BNBUSDT,0,0,,{}
binance,60,5,WALK_20,10,REPLAY_COMPLETE,symbol,DOGEUSDT,0,0,,{}
binance,60,5,WALK_20,10,REPLAY_COMPLETE,symbol,ADAUSDT,0,0,,{}
binance,60,5,WALK_20,10,REPLAY_COMPLETE,direction,LONG,0,0,,{}
binance,60,5,WALK_20,10,REPLAY_COMPLETE,direction,SHORT,0,0,,{}
binance,60,5,WALK_20,10,REPLAY_COMPLETE,ready_regime,BULL,0,0,,{}
binance,60,5,WALK_20,10,REPLAY_COMPLETE,ready_regime,BEAR,0,0,,{}
binance,60,5,WALK_20,10,REPLAY_COMPLETE,ready_regime,SIDEWAYS,0,0,,{}
binance,60,5,WALK_20,10,REPLAY_COMPLETE,ready_regime,UNKNOWN,0,0,,{}
binance,60,5,WALK_20,10,REPLAY_COMPLETE,ready_volatility_bucket,LOW,0,0,,{}
binance,60,5,WALK_20,10,REPLAY_COMPLETE,ready_volatility_bucket,MEDIUM,0,0,,{}
binance,60,5,WALK_20,10,REPLAY_COMPLETE,ready_volatility_bucket,HIGH,0,0,,{}
binance,60,5,WALK_20,10,REPLAY_COMPLETE,ready_volatility_bucket,UNKNOWN,0,0,,{}
binance,60,15,REFERENCE,0,REPLAY_COMPLETE,symbol,BTCUSDT,0,0,,{}
binance,60,15,REFERENCE,0,REPLAY_COMPLETE,symbol,ETHUSDT,0,0,,{}
binance,60,15,REFERENCE,0,REPLAY_COMPLETE,symbol,SOLUSDT,0,0,,{}
binance,60,15,REFERENCE,0,REPLAY_COMPLETE,symbol,XRPUSDT,0,0,,{}
binance,60,15,REFERENCE,0,REPLAY_COMPLETE,symbol,BNBUSDT,0,0,,{}
binance,60,15,REFERENCE,0,REPLAY_COMPLETE,symbol,DOGEUSDT,0,0,,{}
binance,60,15,REFERENCE,0,REPLAY_COMPLETE,symbol,ADAUSDT,0,0,,{}
binance,60,15,REFERENCE,0,REPLAY_COMPLETE,direction,LONG,0,0,,{}
binance,60,15,REFERENCE,0,REPLAY_COMPLETE,direction,SHORT,0,0,,{}
binance,60,15,REFERENCE,0,REPLAY_COMPLETE,ready_regime,BULL,0,0,,{}
binance,60,15,REFERENCE,0,REPLAY_COMPLETE,ready_regime,BEAR,0,0,,{}
binance,60,15,REFERENCE,0,REPLAY_COMPLETE,ready_regime,SIDEWAYS,0,0,,{}
binance,60,15,REFERENCE,0,REPLAY_COMPLETE,ready_regime,UNKNOWN,0,0,,{}
binance,60,15,REFERENCE,0,REPLAY_COMPLETE,ready_volatility_bucket,LOW,0,0,,{}
binance,60,15,REFERENCE,0,REPLAY_COMPLETE,ready_volatility_bucket,MEDIUM,0,0,,{}
binance,60,15,REFERENCE,0,REPLAY_COMPLETE,ready_volatility_bucket,HIGH,0,0,,{}
binance,60,15,REFERENCE,0,REPLAY_COMPLETE,ready_volatility_bucket,UNKNOWN,0,0,,{}
binance,60,15,REFERENCE,1,REPLAY_COMPLETE,symbol,BTCUSDT,0,0,,{}
binance,60,15,REFERENCE,1,REPLAY_COMPLETE,symbol,ETHUSDT,0,0,,{}
binance,60,15,REFERENCE,1,REPLAY_COMPLETE,symbol,SOLUSDT,0,0,,{}
binance,60,15,REFERENCE,1,REPLAY_COMPLETE,symbol,XRPUSDT,0,0,,{}
binance,60,15,REFERENCE,1,REPLAY_COMPLETE,symbol,BNBUSDT,0,0,,{}
binance,60,15,REFERENCE,1,REPLAY_COMPLETE,symbol,DOGEUSDT,0,0,,{}
binance,60,15,REFERENCE,1,REPLAY_COMPLETE,symbol,ADAUSDT,0,0,,{}
binance,60,15,REFERENCE,1,REPLAY_COMPLETE,direction,LONG,0,0,,{}
binance,60,15,REFERENCE,1,REPLAY_COMPLETE,direction,SHORT,0,0,,{}
binance,60,15,REFERENCE,1,REPLAY_COMPLETE,ready_regime,BULL,0,0,,{}
binance,60,15,REFERENCE,1,REPLAY_COMPLETE,ready_regime,BEAR,0,0,,{}
binance,60,15,REFERENCE,1,REPLAY_COMPLETE,ready_regime,SIDEWAYS,0,0,,{}
binance,60,15,REFERENCE,1,REPLAY_COMPLETE,ready_regime,UNKNOWN,0,0,,{}
binance,60,15,REFERENCE,1,REPLAY_COMPLETE,ready_volatility_bucket,LOW,0,0,,{}
binance,60,15,REFERENCE,1,REPLAY_COMPLETE,ready_volatility_bucket,MEDIUM,0,0,,{}
binance,60,15,REFERENCE,1,REPLAY_COMPLETE,ready_volatility_bucket,HIGH,0,0,,{}
binance,60,15,REFERENCE,1,REPLAY_COMPLETE,ready_volatility_bucket,UNKNOWN,0,0,,{}
binance,60,15,REFERENCE,3,REPLAY_COMPLETE,symbol,BTCUSDT,0,0,,{}
binance,60,15,REFERENCE,3,REPLAY_COMPLETE,symbol,ETHUSDT,0,0,,{}
binance,60,15,REFERENCE,3,REPLAY_COMPLETE,symbol,SOLUSDT,0,0,,{}
binance,60,15,REFERENCE,3,REPLAY_COMPLETE,symbol,XRPUSDT,0,0,,{}
binance,60,15,REFERENCE,3,REPLAY_COMPLETE,symbol,BNBUSDT,0,0,,{}
binance,60,15,REFERENCE,3,REPLAY_COMPLETE,symbol,DOGEUSDT,0,0,,{}
binance,60,15,REFERENCE,3,REPLAY_COMPLETE,symbol,ADAUSDT,0,0,,{}
binance,60,15,REFERENCE,3,REPLAY_COMPLETE,direction,LONG,0,0,,{}
binance,60,15,REFERENCE,3,REPLAY_COMPLETE,direction,SHORT,0,0,,{}
binance,60,15,REFERENCE,3,REPLAY_COMPLETE,ready_regime,BULL,0,0,,{}
binance,60,15,REFERENCE,3,REPLAY_COMPLETE,ready_regime,BEAR,0,0,,{}
binance,60,15,REFERENCE,3,REPLAY_COMPLETE,ready_regime,SIDEWAYS,0,0,,{}
binance,60,15,REFERENCE,3,REPLAY_COMPLETE,ready_regime,UNKNOWN,0,0,,{}
binance,60,15,REFERENCE,3,REPLAY_COMPLETE,ready_volatility_bucket,LOW,0,0,,{}
binance,60,15,REFERENCE,3,REPLAY_COMPLETE,ready_volatility_bucket,MEDIUM,0,0,,{}
binance,60,15,REFERENCE,3,REPLAY_COMPLETE,ready_volatility_bucket,HIGH,0,0,,{}
binance,60,15,REFERENCE,3,REPLAY_COMPLETE,ready_volatility_bucket,UNKNOWN,0,0,,{}
binance,60,15,REFERENCE,4,REPLAY_COMPLETE,symbol,BTCUSDT,0,0,,{}
binance,60,15,REFERENCE,4,REPLAY_COMPLETE,symbol,ETHUSDT,0,0,,{}
binance,60,15,REFERENCE,4,REPLAY_COMPLETE,symbol,SOLUSDT,0,0,,{}
binance,60,15,REFERENCE,4,REPLAY_COMPLETE,symbol,XRPUSDT,0,0,,{}
binance,60,15,REFERENCE,4,REPLAY_COMPLETE,symbol,BNBUSDT,0,0,,{}
binance,60,15,REFERENCE,4,REPLAY_COMPLETE,symbol,DOGEUSDT,0,0,,{}
binance,60,15,REFERENCE,4,REPLAY_COMPLETE,symbol,ADAUSDT,0,0,,{}
binance,60,15,REFERENCE,4,REPLAY_COMPLETE,direction,LONG,0,0,,{}
binance,60,15,REFERENCE,4,REPLAY_COMPLETE,direction,SHORT,0,0,,{}
binance,60,15,REFERENCE,4,REPLAY_COMPLETE,ready_regime,BULL,0,0,,{}
binance,60,15,REFERENCE,4,REPLAY_COMPLETE,ready_regime,BEAR,0,0,,{}
binance,60,15,REFERENCE,4,REPLAY_COMPLETE,ready_regime,SIDEWAYS,0,0,,{}
binance,60,15,REFERENCE,4,REPLAY_COMPLETE,ready_regime,UNKNOWN,0,0,,{}
binance,60,15,REFERENCE,4,REPLAY_COMPLETE,ready_volatility_bucket,LOW,0,0,,{}
binance,60,15,REFERENCE,4,REPLAY_COMPLETE,ready_volatility_bucket,MEDIUM,0,0,,{}
binance,60,15,REFERENCE,4,REPLAY_COMPLETE,ready_volatility_bucket,HIGH,0,0,,{}
binance,60,15,REFERENCE,4,REPLAY_COMPLETE,ready_volatility_bucket,UNKNOWN,0,0,,{}
binance,60,15,REFERENCE,5,REPLAY_COMPLETE,symbol,BTCUSDT,0,0,,{}
binance,60,15,REFERENCE,5,REPLAY_COMPLETE,symbol,ETHUSDT,0,0,,{}
binance,60,15,REFERENCE,5,REPLAY_COMPLETE,symbol,SOLUSDT,0,0,,{}
binance,60,15,REFERENCE,5,REPLAY_COMPLETE,symbol,XRPUSDT,0,0,,{}
binance,60,15,REFERENCE,5,REPLAY_COMPLETE,symbol,BNBUSDT,0,0,,{}
binance,60,15,REFERENCE,5,REPLAY_COMPLETE,symbol,DOGEUSDT,0,0,,{}
binance,60,15,REFERENCE,5,REPLAY_COMPLETE,symbol,ADAUSDT,0,0,,{}
binance,60,15,REFERENCE,5,REPLAY_COMPLETE,direction,LONG,0,0,,{}
binance,60,15,REFERENCE,5,REPLAY_COMPLETE,direction,SHORT,0,0,,{}
binance,60,15,REFERENCE,5,REPLAY_COMPLETE,ready_regime,BULL,0,0,,{}
binance,60,15,REFERENCE,5,REPLAY_COMPLETE,ready_regime,BEAR,0,0,,{}
binance,60,15,REFERENCE,5,REPLAY_COMPLETE,ready_regime,SIDEWAYS,0,0,,{}
binance,60,15,REFERENCE,5,REPLAY_COMPLETE,ready_regime,UNKNOWN,0,0,,{}
binance,60,15,REFERENCE,5,REPLAY_COMPLETE,ready_volatility_bucket,LOW,0,0,,{}
binance,60,15,REFERENCE,5,REPLAY_COMPLETE,ready_volatility_bucket,MEDIUM,0,0,,{}
binance,60,15,REFERENCE,5,REPLAY_COMPLETE,ready_volatility_bucket,HIGH,0,0,,{}
binance,60,15,REFERENCE,5,REPLAY_COMPLETE,ready_volatility_bucket,UNKNOWN,0,0,,{}
binance,60,15,REFERENCE,7,REPLAY_COMPLETE,symbol,BTCUSDT,0,0,,{}
binance,60,15,REFERENCE,7,REPLAY_COMPLETE,symbol,ETHUSDT,0,0,,{}
binance,60,15,REFERENCE,7,REPLAY_COMPLETE,symbol,SOLUSDT,0,0,,{}
binance,60,15,REFERENCE,7,REPLAY_COMPLETE,symbol,XRPUSDT,0,0,,{}
binance,60,15,REFERENCE,7,REPLAY_COMPLETE,symbol,BNBUSDT,0,0,,{}
binance,60,15,REFERENCE,7,REPLAY_COMPLETE,symbol,DOGEUSDT,0,0,,{}
binance,60,15,REFERENCE,7,REPLAY_COMPLETE,symbol,ADAUSDT,1,0,0.0,"{""LIMIT_NOT_FILLED_BEFORE_OB_FIRST_TEST_CONSUMED"": 1}"
binance,60,15,REFERENCE,7,REPLAY_COMPLETE,direction,LONG,1,0,0.0,"{""LIMIT_NOT_FILLED_BEFORE_OB_FIRST_TEST_CONSUMED"": 1}"
binance,60,15,REFERENCE,7,REPLAY_COMPLETE,direction,SHORT,0,0,,{}
binance,60,15,REFERENCE,7,REPLAY_COMPLETE,ready_regime,BULL,0,0,,{}
binance,60,15,REFERENCE,7,REPLAY_COMPLETE,ready_regime,BEAR,0,0,,{}
binance,60,15,REFERENCE,7,REPLAY_COMPLETE,ready_regime,SIDEWAYS,1,0,0.0,"{""LIMIT_NOT_FILLED_BEFORE_OB_FIRST_TEST_CONSUMED"": 1}"
binance,60,15,REFERENCE,7,REPLAY_COMPLETE,ready_regime,UNKNOWN,0,0,,{}
binance,60,15,REFERENCE,7,REPLAY_COMPLETE,ready_volatility_bucket,LOW,0,0,,{}
binance,60,15,REFERENCE,7,REPLAY_COMPLETE,ready_volatility_bucket,MEDIUM,1,0,0.0,"{""LIMIT_NOT_FILLED_BEFORE_OB_FIRST_TEST_CONSUMED"": 1}"
binance,60,15,REFERENCE,7,REPLAY_COMPLETE,ready_volatility_bucket,HIGH,0,0,,{}
binance,60,15,REFERENCE,7,REPLAY_COMPLETE,ready_volatility_bucket,UNKNOWN,0,0,,{}
binance,60,15,REFERENCE,8,REPLAY_COMPLETE,symbol,BTCUSDT,0,0,,{}
binance,60,15,REFERENCE,8,REPLAY_COMPLETE,symbol,ETHUSDT,0,0,,{}
binance,60,15,REFERENCE,8,REPLAY_COMPLETE,symbol,SOLUSDT,0,0,,{}
binance,60,15,REFERENCE,8,REPLAY_COMPLETE,symbol,XRPUSDT,0,0,,{}
binance,60,15,REFERENCE,8,REPLAY_COMPLETE,symbol,BNBUSDT,0,0,,{}
binance,60,15,REFERENCE,8,REPLAY_COMPLETE,symbol,DOGEUSDT,0,0,,{}
binance,60,15,REFERENCE,8,REPLAY_COMPLETE,symbol,ADAUSDT,0,0,,{}
binance,60,15,REFERENCE,8,REPLAY_COMPLETE,direction,LONG,0,0,,{}
binance,60,15,REFERENCE,8,REPLAY_COMPLETE,direction,SHORT,0,0,,{}
binance,60,15,REFERENCE,8,REPLAY_COMPLETE,ready_regime,BULL,0,0,,{}
binance,60,15,REFERENCE,8,REPLAY_COMPLETE,ready_regime,BEAR,0,0,,{}
binance,60,15,REFERENCE,8,REPLAY_COMPLETE,ready_regime,SIDEWAYS,0,0,,{}
binance,60,15,REFERENCE,8,REPLAY_COMPLETE,ready_regime,UNKNOWN,0,0,,{}
binance,60,15,REFERENCE,8,REPLAY_COMPLETE,ready_volatility_bucket,LOW,0,0,,{}
binance,60,15,REFERENCE,8,REPLAY_COMPLETE,ready_volatility_bucket,MEDIUM,0,0,,{}
binance,60,15,REFERENCE,8,REPLAY_COMPLETE,ready_volatility_bucket,HIGH,0,0,,{}
binance,60,15,REFERENCE,8,REPLAY_COMPLETE,ready_volatility_bucket,UNKNOWN,0,0,,{}
binance,60,15,REFERENCE,9,REPLAY_COMPLETE,symbol,BTCUSDT,1,0,0.0,"{""LIMIT_NOT_FILLED_BEFORE_OB_FIRST_TEST_CONSUMED"": 1}"
binance,60,15,REFERENCE,9,REPLAY_COMPLETE,symbol,ETHUSDT,0,0,,{}
binance,60,15,REFERENCE,9,REPLAY_COMPLETE,symbol,SOLUSDT,1,1,1.0,"{""VIRTUAL_TRADE_CLOSED"": 1}"
binance,60,15,REFERENCE,9,REPLAY_COMPLETE,symbol,XRPUSDT,1,1,1.0,"{""VIRTUAL_TRADE_CLOSED"": 1}"
binance,60,15,REFERENCE,9,REPLAY_COMPLETE,symbol,BNBUSDT,0,0,,{}
binance,60,15,REFERENCE,9,REPLAY_COMPLETE,symbol,DOGEUSDT,1,1,1.0,"{""VIRTUAL_TRADE_CLOSED"": 1}"
binance,60,15,REFERENCE,9,REPLAY_COMPLETE,symbol,ADAUSDT,0,0,,{}
binance,60,15,REFERENCE,9,REPLAY_COMPLETE,direction,LONG,2,1,0.5,"{""LIMIT_NOT_FILLED_BEFORE_OB_FIRST_TEST_CONSUMED"": 1, ""VIRTUAL_TRADE_CLOSED"": 1}"
binance,60,15,REFERENCE,9,REPLAY_COMPLETE,direction,SHORT,2,2,1.0,"{""VIRTUAL_TRADE_CLOSED"": 2}"
binance,60,15,REFERENCE,9,REPLAY_COMPLETE,ready_regime,BULL,0,0,,{}
binance,60,15,REFERENCE,9,REPLAY_COMPLETE,ready_regime,BEAR,1,1,1.0,"{""VIRTUAL_TRADE_CLOSED"": 1}"
binance,60,15,REFERENCE,9,REPLAY_COMPLETE,ready_regime,SIDEWAYS,3,2,0.6666666666666666,"{""LIMIT_NOT_FILLED_BEFORE_OB_FIRST_TEST_CONSUMED"": 1, ""VIRTUAL_TRADE_CLOSED"": 2}"
binance,60,15,REFERENCE,9,REPLAY_COMPLETE,ready_regime,UNKNOWN,0,0,,{}
binance,60,15,REFERENCE,9,REPLAY_COMPLETE,ready_volatility_bucket,LOW,1,0,0.0,"{""LIMIT_NOT_FILLED_BEFORE_OB_FIRST_TEST_CONSUMED"": 1}"
binance,60,15,REFERENCE,9,REPLAY_COMPLETE,ready_volatility_bucket,MEDIUM,2,2,1.0,"{""VIRTUAL_TRADE_CLOSED"": 2}"
binance,60,15,REFERENCE,9,REPLAY_COMPLETE,ready_volatility_bucket,HIGH,1,1,1.0,"{""VIRTUAL_TRADE_CLOSED"": 1}"
binance,60,15,REFERENCE,9,REPLAY_COMPLETE,ready_volatility_bucket,UNKNOWN,0,0,,{}
binance,60,15,REFERENCE,10,REPLAY_COMPLETE,symbol,BTCUSDT,0,0,,{}
binance,60,15,REFERENCE,10,REPLAY_COMPLETE,symbol,ETHUSDT,0,0,,{}
binance,60,15,REFERENCE,10,REPLAY_COMPLETE,symbol,SOLUSDT,0,0,,{}
binance,60,15,REFERENCE,10,REPLAY_COMPLETE,symbol,XRPUSDT,0,0,,{}
binance,60,15,REFERENCE,10,REPLAY_COMPLETE,symbol,BNBUSDT,1,0,0.0,"{""LIMIT_NOT_FILLED_BEFORE_OB_FIRST_TEST_CONSUMED"": 1}"
binance,60,15,REFERENCE,10,REPLAY_COMPLETE,symbol,DOGEUSDT,0,0,,{}
binance,60,15,REFERENCE,10,REPLAY_COMPLETE,symbol,ADAUSDT,1,1,1.0,"{""VIRTUAL_TRADE_CLOSED"": 1}"
binance,60,15,REFERENCE,10,REPLAY_COMPLETE,direction,LONG,2,1,0.5,"{""LIMIT_NOT_FILLED_BEFORE_OB_FIRST_TEST_CONSUMED"": 1, ""VIRTUAL_TRADE_CLOSED"": 1}"
binance,60,15,REFERENCE,10,REPLAY_COMPLETE,direction,SHORT,0,0,,{}
binance,60,15,REFERENCE,10,REPLAY_COMPLETE,ready_regime,BULL,0,0,,{}
binance,60,15,REFERENCE,10,REPLAY_COMPLETE,ready_regime,BEAR,1,1,1.0,"{""VIRTUAL_TRADE_CLOSED"": 1}"
binance,60,15,REFERENCE,10,REPLAY_COMPLETE,ready_regime,SIDEWAYS,0,0,,{}
binance,60,15,REFERENCE,10,REPLAY_COMPLETE,ready_regime,UNKNOWN,1,0,0.0,"{""LIMIT_NOT_FILLED_BEFORE_OB_FIRST_TEST_CONSUMED"": 1}"
binance,60,15,REFERENCE,10,REPLAY_COMPLETE,ready_volatility_bucket,LOW,0,0,,{}
binance,60,15,REFERENCE,10,REPLAY_COMPLETE,ready_volatility_bucket,MEDIUM,1,1,1.0,"{""VIRTUAL_TRADE_CLOSED"": 1}"
binance,60,15,REFERENCE,10,REPLAY_COMPLETE,ready_volatility_bucket,HIGH,0,0,,{}
binance,60,15,REFERENCE,10,REPLAY_COMPLETE,ready_volatility_bucket,UNKNOWN,1,0,0.0,"{""LIMIT_NOT_FILLED_BEFORE_OB_FIRST_TEST_CONSUMED"": 1}"
binance,60,15,VALIDATION,10,REPLAY_COMPLETE,symbol,BTCUSDT,1,0,0.0,"{""ISOLATED_MARGIN_BUDGET"": 1}"
binance,60,15,VALIDATION,10,REPLAY_COMPLETE,symbol,ETHUSDT,0,0,,{}
binance,60,15,VALIDATION,10,REPLAY_COMPLETE,symbol,SOLUSDT,0,0,,{}
binance,60,15,VALIDATION,10,REPLAY_COMPLETE,symbol,XRPUSDT,0,0,,{}
binance,60,15,VALIDATION,10,REPLAY_COMPLETE,symbol,BNBUSDT,2,1,0.5,"{""TARGET_EVIDENCE_WITHDRAWN"": 1, ""VIRTUAL_TRADE_CLOSED"": 1}"
binance,60,15,VALIDATION,10,REPLAY_COMPLETE,symbol,DOGEUSDT,0,0,,{}
binance,60,15,VALIDATION,10,REPLAY_COMPLETE,symbol,ADAUSDT,1,0,0.0,"{""LIMIT_NOT_FILLED_BEFORE_OB_FIRST_TEST_CONSUMED"": 1}"
binance,60,15,VALIDATION,10,REPLAY_COMPLETE,direction,LONG,3,1,0.3333333333333333,"{""LIMIT_NOT_FILLED_BEFORE_OB_FIRST_TEST_CONSUMED"": 1, ""TARGET_EVIDENCE_WITHDRAWN"": 1, ""VIRTUAL_TRADE_CLOSED"": 1}"
binance,60,15,VALIDATION,10,REPLAY_COMPLETE,direction,SHORT,1,0,0.0,"{""ISOLATED_MARGIN_BUDGET"": 1}"
binance,60,15,VALIDATION,10,REPLAY_COMPLETE,ready_regime,BULL,0,0,,{}
binance,60,15,VALIDATION,10,REPLAY_COMPLETE,ready_regime,BEAR,1,0,0.0,"{""LIMIT_NOT_FILLED_BEFORE_OB_FIRST_TEST_CONSUMED"": 1}"
binance,60,15,VALIDATION,10,REPLAY_COMPLETE,ready_regime,SIDEWAYS,3,1,0.3333333333333333,"{""ISOLATED_MARGIN_BUDGET"": 1, ""TARGET_EVIDENCE_WITHDRAWN"": 1, ""VIRTUAL_TRADE_CLOSED"": 1}"
binance,60,15,VALIDATION,10,REPLAY_COMPLETE,ready_regime,UNKNOWN,0,0,,{}
binance,60,15,VALIDATION,10,REPLAY_COMPLETE,ready_volatility_bucket,LOW,1,0,0.0,"{""ISOLATED_MARGIN_BUDGET"": 1}"
binance,60,15,VALIDATION,10,REPLAY_COMPLETE,ready_volatility_bucket,MEDIUM,3,1,0.3333333333333333,"{""LIMIT_NOT_FILLED_BEFORE_OB_FIRST_TEST_CONSUMED"": 1, ""TARGET_EVIDENCE_WITHDRAWN"": 1, ""VIRTUAL_TRADE_CLOSED"": 1}"
binance,60,15,VALIDATION,10,REPLAY_COMPLETE,ready_volatility_bucket,HIGH,0,0,,{}
binance,60,15,VALIDATION,10,REPLAY_COMPLETE,ready_volatility_bucket,UNKNOWN,0,0,,{}
binance,60,15,HOLDOUT,10,REPLAY_COMPLETE,symbol,BTCUSDT,1,0,0.0,"{""LIMIT_NOT_FILLED_BEFORE_OB_FIRST_TEST_CONSUMED"": 1}"
binance,60,15,HOLDOUT,10,REPLAY_COMPLETE,symbol,ETHUSDT,1,0,0.0,"{""ISOLATED_MARGIN_BUDGET"": 1}"
binance,60,15,HOLDOUT,10,REPLAY_COMPLETE,symbol,SOLUSDT,0,0,,{}
binance,60,15,HOLDOUT,10,REPLAY_COMPLETE,symbol,XRPUSDT,0,0,,{}
binance,60,15,HOLDOUT,10,REPLAY_COMPLETE,symbol,BNBUSDT,3,1,0.3333333333333333,"{""TARGET_EVIDENCE_WITHDRAWN"": 2, ""VIRTUAL_TRADE_CLOSED"": 1}"
binance,60,15,HOLDOUT,10,REPLAY_COMPLETE,symbol,DOGEUSDT,0,0,,{}
binance,60,15,HOLDOUT,10,REPLAY_COMPLETE,symbol,ADAUSDT,0,0,,{}
binance,60,15,HOLDOUT,10,REPLAY_COMPLETE,direction,LONG,5,1,0.2,"{""ISOLATED_MARGIN_BUDGET"": 1, ""LIMIT_NOT_FILLED_BEFORE_OB_FIRST_TEST_CONSUMED"": 1, ""TARGET_EVIDENCE_WITHDRAWN"": 2, ""VIRTUAL_TRADE_CLOSED"": 1}"
binance,60,15,HOLDOUT,10,REPLAY_COMPLETE,direction,SHORT,0,0,,{}
binance,60,15,HOLDOUT,10,REPLAY_COMPLETE,ready_regime,BULL,3,1,0.3333333333333333,"{""ISOLATED_MARGIN_BUDGET"": 1, ""TARGET_EVIDENCE_WITHDRAWN"": 1, ""VIRTUAL_TRADE_CLOSED"": 1}"
binance,60,15,HOLDOUT,10,REPLAY_COMPLETE,ready_regime,BEAR,0,0,,{}
binance,60,15,HOLDOUT,10,REPLAY_COMPLETE,ready_regime,SIDEWAYS,2,0,0.0,"{""LIMIT_NOT_FILLED_BEFORE_OB_FIRST_TEST_CONSUMED"": 1, ""TARGET_EVIDENCE_WITHDRAWN"": 1}"
binance,60,15,HOLDOUT,10,REPLAY_COMPLETE,ready_regime,UNKNOWN,0,0,,{}
binance,60,15,HOLDOUT,10,REPLAY_COMPLETE,ready_volatility_bucket,LOW,1,0,0.0,"{""LIMIT_NOT_FILLED_BEFORE_OB_FIRST_TEST_CONSUMED"": 1}"
binance,60,15,HOLDOUT,10,REPLAY_COMPLETE,ready_volatility_bucket,MEDIUM,3,1,0.3333333333333333,"{""TARGET_EVIDENCE_WITHDRAWN"": 2, ""VIRTUAL_TRADE_CLOSED"": 1}"
binance,60,15,HOLDOUT,10,REPLAY_COMPLETE,ready_volatility_bucket,HIGH,1,0,0.0,"{""ISOLATED_MARGIN_BUDGET"": 1}"
binance,60,15,HOLDOUT,10,REPLAY_COMPLETE,ready_volatility_bucket,UNKNOWN,0,0,,{}
binance,60,15,WALK_00,1,REPLAY_COMPLETE,symbol,BTCUSDT,0,0,,{}
binance,60,15,WALK_00,1,REPLAY_COMPLETE,symbol,ETHUSDT,0,0,,{}
binance,60,15,WALK_00,1,REPLAY_COMPLETE,symbol,SOLUSDT,0,0,,{}
binance,60,15,WALK_00,1,REPLAY_COMPLETE,symbol,XRPUSDT,0,0,,{}
binance,60,15,WALK_00,1,REPLAY_COMPLETE,symbol,BNBUSDT,0,0,,{}
binance,60,15,WALK_00,1,REPLAY_COMPLETE,symbol,DOGEUSDT,0,0,,{}
binance,60,15,WALK_00,1,REPLAY_COMPLETE,symbol,ADAUSDT,0,0,,{}
binance,60,15,WALK_00,1,REPLAY_COMPLETE,direction,LONG,0,0,,{}
binance,60,15,WALK_00,1,REPLAY_COMPLETE,direction,SHORT,0,0,,{}
binance,60,15,WALK_00,1,REPLAY_COMPLETE,ready_regime,BULL,0,0,,{}
binance,60,15,WALK_00,1,REPLAY_COMPLETE,ready_regime,BEAR,0,0,,{}
binance,60,15,WALK_00,1,REPLAY_COMPLETE,ready_regime,SIDEWAYS,0,0,,{}
binance,60,15,WALK_00,1,REPLAY_COMPLETE,ready_regime,UNKNOWN,0,0,,{}
binance,60,15,WALK_00,1,REPLAY_COMPLETE,ready_volatility_bucket,LOW,0,0,,{}
binance,60,15,WALK_00,1,REPLAY_COMPLETE,ready_volatility_bucket,MEDIUM,0,0,,{}
binance,60,15,WALK_00,1,REPLAY_COMPLETE,ready_volatility_bucket,HIGH,0,0,,{}
binance,60,15,WALK_00,1,REPLAY_COMPLETE,ready_volatility_bucket,UNKNOWN,0,0,,{}
binance,60,15,WALK_00,3,REPLAY_COMPLETE,symbol,BTCUSDT,0,0,,{}
binance,60,15,WALK_00,3,REPLAY_COMPLETE,symbol,ETHUSDT,0,0,,{}
binance,60,15,WALK_00,3,REPLAY_COMPLETE,symbol,SOLUSDT,0,0,,{}
binance,60,15,WALK_00,3,REPLAY_COMPLETE,symbol,XRPUSDT,0,0,,{}
binance,60,15,WALK_00,3,REPLAY_COMPLETE,symbol,BNBUSDT,0,0,,{}
binance,60,15,WALK_00,3,REPLAY_COMPLETE,symbol,DOGEUSDT,0,0,,{}
binance,60,15,WALK_00,3,REPLAY_COMPLETE,symbol,ADAUSDT,0,0,,{}
binance,60,15,WALK_00,3,REPLAY_COMPLETE,direction,LONG,0,0,,{}
binance,60,15,WALK_00,3,REPLAY_COMPLETE,direction,SHORT,0,0,,{}
binance,60,15,WALK_00,3,REPLAY_COMPLETE,ready_regime,BULL,0,0,,{}
binance,60,15,WALK_00,3,REPLAY_COMPLETE,ready_regime,BEAR,0,0,,{}
binance,60,15,WALK_00,3,REPLAY_COMPLETE,ready_regime,SIDEWAYS,0,0,,{}
binance,60,15,WALK_00,3,REPLAY_COMPLETE,ready_regime,UNKNOWN,0,0,,{}
binance,60,15,WALK_00,3,REPLAY_COMPLETE,ready_volatility_bucket,LOW,0,0,,{}
binance,60,15,WALK_00,3,REPLAY_COMPLETE,ready_volatility_bucket,MEDIUM,0,0,,{}
binance,60,15,WALK_00,3,REPLAY_COMPLETE,ready_volatility_bucket,HIGH,0,0,,{}
binance,60,15,WALK_00,3,REPLAY_COMPLETE,ready_volatility_bucket,UNKNOWN,0,0,,{}
binance,60,15,WALK_00,4,REPLAY_COMPLETE,symbol,BTCUSDT,0,0,,{}
binance,60,15,WALK_00,4,REPLAY_COMPLETE,symbol,ETHUSDT,0,0,,{}
binance,60,15,WALK_00,4,REPLAY_COMPLETE,symbol,SOLUSDT,0,0,,{}
binance,60,15,WALK_00,4,REPLAY_COMPLETE,symbol,XRPUSDT,0,0,,{}
binance,60,15,WALK_00,4,REPLAY_COMPLETE,symbol,BNBUSDT,0,0,,{}
binance,60,15,WALK_00,4,REPLAY_COMPLETE,symbol,DOGEUSDT,0,0,,{}
binance,60,15,WALK_00,4,REPLAY_COMPLETE,symbol,ADAUSDT,0,0,,{}
binance,60,15,WALK_00,4,REPLAY_COMPLETE,direction,LONG,0,0,,{}
binance,60,15,WALK_00,4,REPLAY_COMPLETE,direction,SHORT,0,0,,{}
binance,60,15,WALK_00,4,REPLAY_COMPLETE,ready_regime,BULL,0,0,,{}
binance,60,15,WALK_00,4,REPLAY_COMPLETE,ready_regime,BEAR,0,0,,{}
binance,60,15,WALK_00,4,REPLAY_COMPLETE,ready_regime,SIDEWAYS,0,0,,{}
binance,60,15,WALK_00,4,REPLAY_COMPLETE,ready_regime,UNKNOWN,0,0,,{}
binance,60,15,WALK_00,4,REPLAY_COMPLETE,ready_volatility_bucket,LOW,0,0,,{}
binance,60,15,WALK_00,4,REPLAY_COMPLETE,ready_volatility_bucket,MEDIUM,0,0,,{}
binance,60,15,WALK_00,4,REPLAY_COMPLETE,ready_volatility_bucket,HIGH,0,0,,{}
binance,60,15,WALK_00,4,REPLAY_COMPLETE,ready_volatility_bucket,UNKNOWN,0,0,,{}
binance,60,15,WALK_01,4,REPLAY_COMPLETE,symbol,BTCUSDT,0,0,,{}
binance,60,15,WALK_01,4,REPLAY_COMPLETE,symbol,ETHUSDT,0,0,,{}
binance,60,15,WALK_01,4,REPLAY_COMPLETE,symbol,SOLUSDT,0,0,,{}
binance,60,15,WALK_01,4,REPLAY_COMPLETE,symbol,XRPUSDT,0,0,,{}
binance,60,15,WALK_01,4,REPLAY_COMPLETE,symbol,BNBUSDT,0,0,,{}
binance,60,15,WALK_01,4,REPLAY_COMPLETE,symbol,DOGEUSDT,0,0,,{}
binance,60,15,WALK_01,4,REPLAY_COMPLETE,symbol,ADAUSDT,0,0,,{}
binance,60,15,WALK_01,4,REPLAY_COMPLETE,direction,LONG,0,0,,{}
binance,60,15,WALK_01,4,REPLAY_COMPLETE,direction,SHORT,0,0,,{}
binance,60,15,WALK_01,4,REPLAY_COMPLETE,ready_regime,BULL,0,0,,{}
binance,60,15,WALK_01,4,REPLAY_COMPLETE,ready_regime,BEAR,0,0,,{}
binance,60,15,WALK_01,4,REPLAY_COMPLETE,ready_regime,SIDEWAYS,0,0,,{}
binance,60,15,WALK_01,4,REPLAY_COMPLETE,ready_regime,UNKNOWN,0,0,,{}
binance,60,15,WALK_01,4,REPLAY_COMPLETE,ready_volatility_bucket,LOW,0,0,,{}
binance,60,15,WALK_01,4,REPLAY_COMPLETE,ready_volatility_bucket,MEDIUM,0,0,,{}
binance,60,15,WALK_01,4,REPLAY_COMPLETE,ready_volatility_bucket,HIGH,0,0,,{}
binance,60,15,WALK_01,4,REPLAY_COMPLETE,ready_volatility_bucket,UNKNOWN,0,0,,{}
binance,60,15,WALK_01,5,REPLAY_COMPLETE,symbol,BTCUSDT,0,0,,{}
binance,60,15,WALK_01,5,REPLAY_COMPLETE,symbol,ETHUSDT,0,0,,{}
binance,60,15,WALK_01,5,REPLAY_COMPLETE,symbol,SOLUSDT,0,0,,{}
binance,60,15,WALK_01,5,REPLAY_COMPLETE,symbol,XRPUSDT,0,0,,{}
binance,60,15,WALK_01,5,REPLAY_COMPLETE,symbol,BNBUSDT,0,0,,{}
binance,60,15,WALK_01,5,REPLAY_COMPLETE,symbol,DOGEUSDT,0,0,,{}
binance,60,15,WALK_01,5,REPLAY_COMPLETE,symbol,ADAUSDT,0,0,,{}
binance,60,15,WALK_01,5,REPLAY_COMPLETE,direction,LONG,0,0,,{}
binance,60,15,WALK_01,5,REPLAY_COMPLETE,direction,SHORT,0,0,,{}
binance,60,15,WALK_01,5,REPLAY_COMPLETE,ready_regime,BULL,0,0,,{}
binance,60,15,WALK_01,5,REPLAY_COMPLETE,ready_regime,BEAR,0,0,,{}
binance,60,15,WALK_01,5,REPLAY_COMPLETE,ready_regime,SIDEWAYS,0,0,,{}
binance,60,15,WALK_01,5,REPLAY_COMPLETE,ready_regime,UNKNOWN,0,0,,{}
binance,60,15,WALK_01,5,REPLAY_COMPLETE,ready_volatility_bucket,LOW,0,0,,{}
binance,60,15,WALK_01,5,REPLAY_COMPLETE,ready_volatility_bucket,MEDIUM,0,0,,{}
binance,60,15,WALK_01,5,REPLAY_COMPLETE,ready_volatility_bucket,HIGH,0,0,,{}
binance,60,15,WALK_01,5,REPLAY_COMPLETE,ready_volatility_bucket,UNKNOWN,0,0,,{}
binance,60,15,WALK_01,7,REPLAY_COMPLETE,symbol,BTCUSDT,0,0,,{}
binance,60,15,WALK_01,7,REPLAY_COMPLETE,symbol,ETHUSDT,0,0,,{}
binance,60,15,WALK_01,7,REPLAY_COMPLETE,symbol,SOLUSDT,0,0,,{}
binance,60,15,WALK_01,7,REPLAY_COMPLETE,symbol,XRPUSDT,0,0,,{}
binance,60,15,WALK_01,7,REPLAY_COMPLETE,symbol,BNBUSDT,0,0,,{}
binance,60,15,WALK_01,7,REPLAY_COMPLETE,symbol,DOGEUSDT,0,0,,{}
binance,60,15,WALK_01,7,REPLAY_COMPLETE,symbol,ADAUSDT,0,0,,{}
binance,60,15,WALK_01,7,REPLAY_COMPLETE,direction,LONG,0,0,,{}
binance,60,15,WALK_01,7,REPLAY_COMPLETE,direction,SHORT,0,0,,{}
binance,60,15,WALK_01,7,REPLAY_COMPLETE,ready_regime,BULL,0,0,,{}
binance,60,15,WALK_01,7,REPLAY_COMPLETE,ready_regime,BEAR,0,0,,{}
binance,60,15,WALK_01,7,REPLAY_COMPLETE,ready_regime,SIDEWAYS,0,0,,{}
binance,60,15,WALK_01,7,REPLAY_COMPLETE,ready_regime,UNKNOWN,0,0,,{}
binance,60,15,WALK_01,7,REPLAY_COMPLETE,ready_volatility_bucket,LOW,0,0,,{}
binance,60,15,WALK_01,7,REPLAY_COMPLETE,ready_volatility_bucket,MEDIUM,0,0,,{}
binance,60,15,WALK_01,7,REPLAY_COMPLETE,ready_volatility_bucket,HIGH,0,0,,{}
binance,60,15,WALK_01,7,REPLAY_COMPLETE,ready_volatility_bucket,UNKNOWN,0,0,,{}
binance,60,15,WALK_02,7,REPLAY_COMPLETE,symbol,BTCUSDT,0,0,,{}
binance,60,15,WALK_02,7,REPLAY_COMPLETE,symbol,ETHUSDT,0,0,,{}
binance,60,15,WALK_02,7,REPLAY_COMPLETE,symbol,SOLUSDT,0,0,,{}
binance,60,15,WALK_02,7,REPLAY_COMPLETE,symbol,XRPUSDT,0,0,,{}
binance,60,15,WALK_02,7,REPLAY_COMPLETE,symbol,BNBUSDT,0,0,,{}
binance,60,15,WALK_02,7,REPLAY_COMPLETE,symbol,DOGEUSDT,0,0,,{}
binance,60,15,WALK_02,7,REPLAY_COMPLETE,symbol,ADAUSDT,1,0,0.0,"{""LIMIT_NOT_FILLED_BEFORE_OB_FIRST_TEST_CONSUMED"": 1}"
binance,60,15,WALK_02,7,REPLAY_COMPLETE,direction,LONG,1,0,0.0,"{""LIMIT_NOT_FILLED_BEFORE_OB_FIRST_TEST_CONSUMED"": 1}"
binance,60,15,WALK_02,7,REPLAY_COMPLETE,direction,SHORT,0,0,,{}
binance,60,15,WALK_02,7,REPLAY_COMPLETE,ready_regime,BULL,0,0,,{}
binance,60,15,WALK_02,7,REPLAY_COMPLETE,ready_regime,BEAR,0,0,,{}
binance,60,15,WALK_02,7,REPLAY_COMPLETE,ready_regime,SIDEWAYS,1,0,0.0,"{""LIMIT_NOT_FILLED_BEFORE_OB_FIRST_TEST_CONSUMED"": 1}"
binance,60,15,WALK_02,7,REPLAY_COMPLETE,ready_regime,UNKNOWN,0,0,,{}
binance,60,15,WALK_02,7,REPLAY_COMPLETE,ready_volatility_bucket,LOW,0,0,,{}
binance,60,15,WALK_02,7,REPLAY_COMPLETE,ready_volatility_bucket,MEDIUM,1,0,0.0,"{""LIMIT_NOT_FILLED_BEFORE_OB_FIRST_TEST_CONSUMED"": 1}"
binance,60,15,WALK_02,7,REPLAY_COMPLETE,ready_volatility_bucket,HIGH,0,0,,{}
binance,60,15,WALK_02,7,REPLAY_COMPLETE,ready_volatility_bucket,UNKNOWN,0,0,,{}
binance,60,15,WALK_02,8,REPLAY_COMPLETE,symbol,BTCUSDT,0,0,,{}
binance,60,15,WALK_02,8,REPLAY_COMPLETE,symbol,ETHUSDT,0,0,,{}
binance,60,15,WALK_02,8,REPLAY_COMPLETE,symbol,SOLUSDT,0,0,,{}
binance,60,15,WALK_02,8,REPLAY_COMPLETE,symbol,XRPUSDT,0,0,,{}
binance,60,15,WALK_02,8,REPLAY_COMPLETE,symbol,BNBUSDT,0,0,,{}
binance,60,15,WALK_02,8,REPLAY_COMPLETE,symbol,DOGEUSDT,0,0,,{}
binance,60,15,WALK_02,8,REPLAY_COMPLETE,symbol,ADAUSDT,0,0,,{}
binance,60,15,WALK_02,8,REPLAY_COMPLETE,direction,LONG,0,0,,{}
binance,60,15,WALK_02,8,REPLAY_COMPLETE,direction,SHORT,0,0,,{}
binance,60,15,WALK_02,8,REPLAY_COMPLETE,ready_regime,BULL,0,0,,{}
binance,60,15,WALK_02,8,REPLAY_COMPLETE,ready_regime,BEAR,0,0,,{}
binance,60,15,WALK_02,8,REPLAY_COMPLETE,ready_regime,SIDEWAYS,0,0,,{}
binance,60,15,WALK_02,8,REPLAY_COMPLETE,ready_regime,UNKNOWN,0,0,,{}
binance,60,15,WALK_02,8,REPLAY_COMPLETE,ready_volatility_bucket,LOW,0,0,,{}
binance,60,15,WALK_02,8,REPLAY_COMPLETE,ready_volatility_bucket,MEDIUM,0,0,,{}
binance,60,15,WALK_02,8,REPLAY_COMPLETE,ready_volatility_bucket,HIGH,0,0,,{}
binance,60,15,WALK_02,8,REPLAY_COMPLETE,ready_volatility_bucket,UNKNOWN,0,0,,{}
binance,60,15,WALK_03,8,REPLAY_COMPLETE,symbol,BTCUSDT,0,0,,{}
binance,60,15,WALK_03,8,REPLAY_COMPLETE,symbol,ETHUSDT,0,0,,{}
binance,60,15,WALK_03,8,REPLAY_COMPLETE,symbol,SOLUSDT,0,0,,{}
binance,60,15,WALK_03,8,REPLAY_COMPLETE,symbol,XRPUSDT,0,0,,{}
binance,60,15,WALK_03,8,REPLAY_COMPLETE,symbol,BNBUSDT,0,0,,{}
binance,60,15,WALK_03,8,REPLAY_COMPLETE,symbol,DOGEUSDT,0,0,,{}
binance,60,15,WALK_03,8,REPLAY_COMPLETE,symbol,ADAUSDT,0,0,,{}
binance,60,15,WALK_03,8,REPLAY_COMPLETE,direction,LONG,0,0,,{}
binance,60,15,WALK_03,8,REPLAY_COMPLETE,direction,SHORT,0,0,,{}
binance,60,15,WALK_03,8,REPLAY_COMPLETE,ready_regime,BULL,0,0,,{}
binance,60,15,WALK_03,8,REPLAY_COMPLETE,ready_regime,BEAR,0,0,,{}
binance,60,15,WALK_03,8,REPLAY_COMPLETE,ready_regime,SIDEWAYS,0,0,,{}
binance,60,15,WALK_03,8,REPLAY_COMPLETE,ready_regime,UNKNOWN,0,0,,{}
binance,60,15,WALK_03,8,REPLAY_COMPLETE,ready_volatility_bucket,LOW,0,0,,{}
binance,60,15,WALK_03,8,REPLAY_COMPLETE,ready_volatility_bucket,MEDIUM,0,0,,{}
binance,60,15,WALK_03,8,REPLAY_COMPLETE,ready_volatility_bucket,HIGH,0,0,,{}
binance,60,15,WALK_03,8,REPLAY_COMPLETE,ready_volatility_bucket,UNKNOWN,0,0,,{}
binance,60,15,WALK_03,9,REPLAY_COMPLETE,symbol,BTCUSDT,0,0,,{}
binance,60,15,WALK_03,9,REPLAY_COMPLETE,symbol,ETHUSDT,0,0,,{}
binance,60,15,WALK_03,9,REPLAY_COMPLETE,symbol,SOLUSDT,0,0,,{}
binance,60,15,WALK_03,9,REPLAY_COMPLETE,symbol,XRPUSDT,0,0,,{}
binance,60,15,WALK_03,9,REPLAY_COMPLETE,symbol,BNBUSDT,0,0,,{}
binance,60,15,WALK_03,9,REPLAY_COMPLETE,symbol,DOGEUSDT,0,0,,{}
binance,60,15,WALK_03,9,REPLAY_COMPLETE,symbol,ADAUSDT,0,0,,{}
binance,60,15,WALK_03,9,REPLAY_COMPLETE,direction,LONG,0,0,,{}
binance,60,15,WALK_03,9,REPLAY_COMPLETE,direction,SHORT,0,0,,{}
binance,60,15,WALK_03,9,REPLAY_COMPLETE,ready_regime,BULL,0,0,,{}
binance,60,15,WALK_03,9,REPLAY_COMPLETE,ready_regime,BEAR,0,0,,{}
binance,60,15,WALK_03,9,REPLAY_COMPLETE,ready_regime,SIDEWAYS,0,0,,{}
binance,60,15,WALK_03,9,REPLAY_COMPLETE,ready_regime,UNKNOWN,0,0,,{}
binance,60,15,WALK_03,9,REPLAY_COMPLETE,ready_volatility_bucket,LOW,0,0,,{}
binance,60,15,WALK_03,9,REPLAY_COMPLETE,ready_volatility_bucket,MEDIUM,0,0,,{}
binance,60,15,WALK_03,9,REPLAY_COMPLETE,ready_volatility_bucket,HIGH,0,0,,{}
binance,60,15,WALK_03,9,REPLAY_COMPLETE,ready_volatility_bucket,UNKNOWN,0,0,,{}
binance,60,15,WALK_04,9,REPLAY_COMPLETE,symbol,BTCUSDT,0,0,,{}
binance,60,15,WALK_04,9,REPLAY_COMPLETE,symbol,ETHUSDT,0,0,,{}
binance,60,15,WALK_04,9,REPLAY_COMPLETE,symbol,SOLUSDT,0,0,,{}
binance,60,15,WALK_04,9,REPLAY_COMPLETE,symbol,XRPUSDT,0,0,,{}
binance,60,15,WALK_04,9,REPLAY_COMPLETE,symbol,BNBUSDT,0,0,,{}
binance,60,15,WALK_04,9,REPLAY_COMPLETE,symbol,DOGEUSDT,0,0,,{}
binance,60,15,WALK_04,9,REPLAY_COMPLETE,symbol,ADAUSDT,0,0,,{}
binance,60,15,WALK_04,9,REPLAY_COMPLETE,direction,LONG,0,0,,{}
binance,60,15,WALK_04,9,REPLAY_COMPLETE,direction,SHORT,0,0,,{}
binance,60,15,WALK_04,9,REPLAY_COMPLETE,ready_regime,BULL,0,0,,{}
binance,60,15,WALK_04,9,REPLAY_COMPLETE,ready_regime,BEAR,0,0,,{}
binance,60,15,WALK_04,9,REPLAY_COMPLETE,ready_regime,SIDEWAYS,0,0,,{}
binance,60,15,WALK_04,9,REPLAY_COMPLETE,ready_regime,UNKNOWN,0,0,,{}
binance,60,15,WALK_04,9,REPLAY_COMPLETE,ready_volatility_bucket,LOW,0,0,,{}
binance,60,15,WALK_04,9,REPLAY_COMPLETE,ready_volatility_bucket,MEDIUM,0,0,,{}
binance,60,15,WALK_04,9,REPLAY_COMPLETE,ready_volatility_bucket,HIGH,0,0,,{}
binance,60,15,WALK_04,9,REPLAY_COMPLETE,ready_volatility_bucket,UNKNOWN,0,0,,{}
binance,60,15,WALK_05,9,REPLAY_COMPLETE,symbol,BTCUSDT,0,0,,{}
binance,60,15,WALK_05,9,REPLAY_COMPLETE,symbol,ETHUSDT,0,0,,{}
binance,60,15,WALK_05,9,REPLAY_COMPLETE,symbol,SOLUSDT,0,0,,{}
binance,60,15,WALK_05,9,REPLAY_COMPLETE,symbol,XRPUSDT,0,0,,{}
binance,60,15,WALK_05,9,REPLAY_COMPLETE,symbol,BNBUSDT,0,0,,{}
binance,60,15,WALK_05,9,REPLAY_COMPLETE,symbol,DOGEUSDT,0,0,,{}
binance,60,15,WALK_05,9,REPLAY_COMPLETE,symbol,ADAUSDT,0,0,,{}
binance,60,15,WALK_05,9,REPLAY_COMPLETE,direction,LONG,0,0,,{}
binance,60,15,WALK_05,9,REPLAY_COMPLETE,direction,SHORT,0,0,,{}
binance,60,15,WALK_05,9,REPLAY_COMPLETE,ready_regime,BULL,0,0,,{}
binance,60,15,WALK_05,9,REPLAY_COMPLETE,ready_regime,BEAR,0,0,,{}
binance,60,15,WALK_05,9,REPLAY_COMPLETE,ready_regime,SIDEWAYS,0,0,,{}
binance,60,15,WALK_05,9,REPLAY_COMPLETE,ready_regime,UNKNOWN,0,0,,{}
binance,60,15,WALK_05,9,REPLAY_COMPLETE,ready_volatility_bucket,LOW,0,0,,{}
binance,60,15,WALK_05,9,REPLAY_COMPLETE,ready_volatility_bucket,MEDIUM,0,0,,{}
binance,60,15,WALK_05,9,REPLAY_COMPLETE,ready_volatility_bucket,HIGH,0,0,,{}
binance,60,15,WALK_05,9,REPLAY_COMPLETE,ready_volatility_bucket,UNKNOWN,0,0,,{}
binance,60,15,WALK_06,9,REPLAY_COMPLETE,symbol,BTCUSDT,0,0,,{}
binance,60,15,WALK_06,9,REPLAY_COMPLETE,symbol,ETHUSDT,0,0,,{}
binance,60,15,WALK_06,9,REPLAY_COMPLETE,symbol,SOLUSDT,0,0,,{}
binance,60,15,WALK_06,9,REPLAY_COMPLETE,symbol,XRPUSDT,0,0,,{}
binance,60,15,WALK_06,9,REPLAY_COMPLETE,symbol,BNBUSDT,0,0,,{}
binance,60,15,WALK_06,9,REPLAY_COMPLETE,symbol,DOGEUSDT,0,0,,{}
binance,60,15,WALK_06,9,REPLAY_COMPLETE,symbol,ADAUSDT,0,0,,{}
binance,60,15,WALK_06,9,REPLAY_COMPLETE,direction,LONG,0,0,,{}
binance,60,15,WALK_06,9,REPLAY_COMPLETE,direction,SHORT,0,0,,{}
binance,60,15,WALK_06,9,REPLAY_COMPLETE,ready_regime,BULL,0,0,,{}
binance,60,15,WALK_06,9,REPLAY_COMPLETE,ready_regime,BEAR,0,0,,{}
binance,60,15,WALK_06,9,REPLAY_COMPLETE,ready_regime,SIDEWAYS,0,0,,{}
binance,60,15,WALK_06,9,REPLAY_COMPLETE,ready_regime,UNKNOWN,0,0,,{}
binance,60,15,WALK_06,9,REPLAY_COMPLETE,ready_volatility_bucket,LOW,0,0,,{}
binance,60,15,WALK_06,9,REPLAY_COMPLETE,ready_volatility_bucket,MEDIUM,0,0,,{}
binance,60,15,WALK_06,9,REPLAY_COMPLETE,ready_volatility_bucket,HIGH,0,0,,{}
binance,60,15,WALK_06,9,REPLAY_COMPLETE,ready_volatility_bucket,UNKNOWN,0,0,,{}
binance,60,15,WALK_07,9,REPLAY_COMPLETE,symbol,BTCUSDT,1,0,0.0,"{""LIMIT_NOT_FILLED_BEFORE_OB_FIRST_TEST_CONSUMED"": 1}"
binance,60,15,WALK_07,9,REPLAY_COMPLETE,symbol,ETHUSDT,0,0,,{}
binance,60,15,WALK_07,9,REPLAY_COMPLETE,symbol,SOLUSDT,1,1,1.0,"{""VIRTUAL_TRADE_CLOSED"": 1}"
binance,60,15,WALK_07,9,REPLAY_COMPLETE,symbol,XRPUSDT,1,1,1.0,"{""VIRTUAL_TRADE_CLOSED"": 1}"
binance,60,15,WALK_07,9,REPLAY_COMPLETE,symbol,BNBUSDT,0,0,,{}
binance,60,15,WALK_07,9,REPLAY_COMPLETE,symbol,DOGEUSDT,1,1,1.0,"{""VIRTUAL_TRADE_CLOSED"": 1}"
binance,60,15,WALK_07,9,REPLAY_COMPLETE,symbol,ADAUSDT,0,0,,{}
binance,60,15,WALK_07,9,REPLAY_COMPLETE,direction,LONG,2,1,0.5,"{""LIMIT_NOT_FILLED_BEFORE_OB_FIRST_TEST_CONSUMED"": 1, ""VIRTUAL_TRADE_CLOSED"": 1}"
binance,60,15,WALK_07,9,REPLAY_COMPLETE,direction,SHORT,2,2,1.0,"{""VIRTUAL_TRADE_CLOSED"": 2}"
binance,60,15,WALK_07,9,REPLAY_COMPLETE,ready_regime,BULL,1,1,1.0,"{""VIRTUAL_TRADE_CLOSED"": 1}"
binance,60,15,WALK_07,9,REPLAY_COMPLETE,ready_regime,BEAR,1,1,1.0,"{""VIRTUAL_TRADE_CLOSED"": 1}"
binance,60,15,WALK_07,9,REPLAY_COMPLETE,ready_regime,SIDEWAYS,2,1,0.5,"{""LIMIT_NOT_FILLED_BEFORE_OB_FIRST_TEST_CONSUMED"": 1, ""VIRTUAL_TRADE_CLOSED"": 1}"
binance,60,15,WALK_07,9,REPLAY_COMPLETE,ready_regime,UNKNOWN,0,0,,{}
binance,60,15,WALK_07,9,REPLAY_COMPLETE,ready_volatility_bucket,LOW,1,0,0.0,"{""LIMIT_NOT_FILLED_BEFORE_OB_FIRST_TEST_CONSUMED"": 1}"
binance,60,15,WALK_07,9,REPLAY_COMPLETE,ready_volatility_bucket,MEDIUM,1,1,1.0,"{""VIRTUAL_TRADE_CLOSED"": 1}"
binance,60,15,WALK_07,9,REPLAY_COMPLETE,ready_volatility_bucket,HIGH,2,2,1.0,"{""VIRTUAL_TRADE_CLOSED"": 2}"
binance,60,15,WALK_07,9,REPLAY_COMPLETE,ready_volatility_bucket,UNKNOWN,0,0,,{}
binance,60,15,WALK_08,9,REPLAY_COMPLETE,symbol,BTCUSDT,0,0,,{}
binance,60,15,WALK_08,9,REPLAY_COMPLETE,symbol,ETHUSDT,0,0,,{}
binance,60,15,WALK_08,9,REPLAY_COMPLETE,symbol,SOLUSDT,0,0,,{}
binance,60,15,WALK_08,9,REPLAY_COMPLETE,symbol,XRPUSDT,0,0,,{}
binance,60,15,WALK_08,9,REPLAY_COMPLETE,symbol,BNBUSDT,0,0,,{}
binance,60,15,WALK_08,9,REPLAY_COMPLETE,symbol,DOGEUSDT,0,0,,{}
binance,60,15,WALK_08,9,REPLAY_COMPLETE,symbol,ADAUSDT,0,0,,{}
binance,60,15,WALK_08,9,REPLAY_COMPLETE,direction,LONG,0,0,,{}
binance,60,15,WALK_08,9,REPLAY_COMPLETE,direction,SHORT,0,0,,{}
binance,60,15,WALK_08,9,REPLAY_COMPLETE,ready_regime,BULL,0,0,,{}
binance,60,15,WALK_08,9,REPLAY_COMPLETE,ready_regime,BEAR,0,0,,{}
binance,60,15,WALK_08,9,REPLAY_COMPLETE,ready_regime,SIDEWAYS,0,0,,{}
binance,60,15,WALK_08,9,REPLAY_COMPLETE,ready_regime,UNKNOWN,0,0,,{}
binance,60,15,WALK_08,9,REPLAY_COMPLETE,ready_volatility_bucket,LOW,0,0,,{}
binance,60,15,WALK_08,9,REPLAY_COMPLETE,ready_volatility_bucket,MEDIUM,0,0,,{}
binance,60,15,WALK_08,9,REPLAY_COMPLETE,ready_volatility_bucket,HIGH,0,0,,{}
binance,60,15,WALK_08,9,REPLAY_COMPLETE,ready_volatility_bucket,UNKNOWN,0,0,,{}
binance,60,15,WALK_09,9,REPLAY_COMPLETE,symbol,BTCUSDT,0,0,,{}
binance,60,15,WALK_09,9,REPLAY_COMPLETE,symbol,ETHUSDT,0,0,,{}
binance,60,15,WALK_09,9,REPLAY_COMPLETE,symbol,SOLUSDT,0,0,,{}
binance,60,15,WALK_09,9,REPLAY_COMPLETE,symbol,XRPUSDT,0,0,,{}
binance,60,15,WALK_09,9,REPLAY_COMPLETE,symbol,BNBUSDT,0,0,,{}
binance,60,15,WALK_09,9,REPLAY_COMPLETE,symbol,DOGEUSDT,0,0,,{}
binance,60,15,WALK_09,9,REPLAY_COMPLETE,symbol,ADAUSDT,0,0,,{}
binance,60,15,WALK_09,9,REPLAY_COMPLETE,direction,LONG,0,0,,{}
binance,60,15,WALK_09,9,REPLAY_COMPLETE,direction,SHORT,0,0,,{}
binance,60,15,WALK_09,9,REPLAY_COMPLETE,ready_regime,BULL,0,0,,{}
binance,60,15,WALK_09,9,REPLAY_COMPLETE,ready_regime,BEAR,0,0,,{}
binance,60,15,WALK_09,9,REPLAY_COMPLETE,ready_regime,SIDEWAYS,0,0,,{}
binance,60,15,WALK_09,9,REPLAY_COMPLETE,ready_regime,UNKNOWN,0,0,,{}
binance,60,15,WALK_09,9,REPLAY_COMPLETE,ready_volatility_bucket,LOW,0,0,,{}
binance,60,15,WALK_09,9,REPLAY_COMPLETE,ready_volatility_bucket,MEDIUM,0,0,,{}
binance,60,15,WALK_09,9,REPLAY_COMPLETE,ready_volatility_bucket,HIGH,0,0,,{}
binance,60,15,WALK_09,9,REPLAY_COMPLETE,ready_volatility_bucket,UNKNOWN,0,0,,{}
binance,60,15,WALK_09,10,REPLAY_COMPLETE,symbol,BTCUSDT,0,0,,{}
binance,60,15,WALK_09,10,REPLAY_COMPLETE,symbol,ETHUSDT,0,0,,{}
binance,60,15,WALK_09,10,REPLAY_COMPLETE,symbol,SOLUSDT,0,0,,{}
binance,60,15,WALK_09,10,REPLAY_COMPLETE,symbol,XRPUSDT,0,0,,{}
binance,60,15,WALK_09,10,REPLAY_COMPLETE,symbol,BNBUSDT,1,0,0.0,"{""LIMIT_NOT_FILLED_BEFORE_OB_FIRST_TEST_CONSUMED"": 1}"
binance,60,15,WALK_09,10,REPLAY_COMPLETE,symbol,DOGEUSDT,0,0,,{}
binance,60,15,WALK_09,10,REPLAY_COMPLETE,symbol,ADAUSDT,0,0,,{}
binance,60,15,WALK_09,10,REPLAY_COMPLETE,direction,LONG,1,0,0.0,"{""LIMIT_NOT_FILLED_BEFORE_OB_FIRST_TEST_CONSUMED"": 1}"
binance,60,15,WALK_09,10,REPLAY_COMPLETE,direction,SHORT,0,0,,{}
binance,60,15,WALK_09,10,REPLAY_COMPLETE,ready_regime,BULL,0,0,,{}
binance,60,15,WALK_09,10,REPLAY_COMPLETE,ready_regime,BEAR,0,0,,{}
binance,60,15,WALK_09,10,REPLAY_COMPLETE,ready_regime,SIDEWAYS,0,0,,{}
binance,60,15,WALK_09,10,REPLAY_COMPLETE,ready_regime,UNKNOWN,1,0,0.0,"{""LIMIT_NOT_FILLED_BEFORE_OB_FIRST_TEST_CONSUMED"": 1}"
binance,60,15,WALK_09,10,REPLAY_COMPLETE,ready_volatility_bucket,LOW,0,0,,{}
binance,60,15,WALK_09,10,REPLAY_COMPLETE,ready_volatility_bucket,MEDIUM,0,0,,{}
binance,60,15,WALK_09,10,REPLAY_COMPLETE,ready_volatility_bucket,HIGH,0,0,,{}
binance,60,15,WALK_09,10,REPLAY_COMPLETE,ready_volatility_bucket,UNKNOWN,1,0,0.0,"{""LIMIT_NOT_FILLED_BEFORE_OB_FIRST_TEST_CONSUMED"": 1}"
binance,60,15,WALK_10,10,REPLAY_COMPLETE,symbol,BTCUSDT,0,0,,{}
binance,60,15,WALK_10,10,REPLAY_COMPLETE,symbol,ETHUSDT,0,0,,{}
binance,60,15,WALK_10,10,REPLAY_COMPLETE,symbol,SOLUSDT,0,0,,{}
binance,60,15,WALK_10,10,REPLAY_COMPLETE,symbol,XRPUSDT,0,0,,{}
binance,60,15,WALK_10,10,REPLAY_COMPLETE,symbol,BNBUSDT,0,0,,{}
binance,60,15,WALK_10,10,REPLAY_COMPLETE,symbol,DOGEUSDT,0,0,,{}
binance,60,15,WALK_10,10,REPLAY_COMPLETE,symbol,ADAUSDT,1,1,1.0,"{""VIRTUAL_TRADE_CLOSED"": 1}"
binance,60,15,WALK_10,10,REPLAY_COMPLETE,direction,LONG,1,1,1.0,"{""VIRTUAL_TRADE_CLOSED"": 1}"
binance,60,15,WALK_10,10,REPLAY_COMPLETE,direction,SHORT,0,0,,{}
binance,60,15,WALK_10,10,REPLAY_COMPLETE,ready_regime,BULL,0,0,,{}
binance,60,15,WALK_10,10,REPLAY_COMPLETE,ready_regime,BEAR,1,1,1.0,"{""VIRTUAL_TRADE_CLOSED"": 1}"
binance,60,15,WALK_10,10,REPLAY_COMPLETE,ready_regime,SIDEWAYS,0,0,,{}
binance,60,15,WALK_10,10,REPLAY_COMPLETE,ready_regime,UNKNOWN,0,0,,{}
binance,60,15,WALK_10,10,REPLAY_COMPLETE,ready_volatility_bucket,LOW,0,0,,{}
binance,60,15,WALK_10,10,REPLAY_COMPLETE,ready_volatility_bucket,MEDIUM,1,1,1.0,"{""VIRTUAL_TRADE_CLOSED"": 1}"
binance,60,15,WALK_10,10,REPLAY_COMPLETE,ready_volatility_bucket,HIGH,0,0,,{}
binance,60,15,WALK_10,10,REPLAY_COMPLETE,ready_volatility_bucket,UNKNOWN,0,0,,{}
binance,60,15,WALK_11,10,REPLAY_COMPLETE,symbol,BTCUSDT,0,0,,{}
binance,60,15,WALK_11,10,REPLAY_COMPLETE,symbol,ETHUSDT,0,0,,{}
binance,60,15,WALK_11,10,REPLAY_COMPLETE,symbol,SOLUSDT,0,0,,{}
binance,60,15,WALK_11,10,REPLAY_COMPLETE,symbol,XRPUSDT,0,0,,{}
binance,60,15,WALK_11,10,REPLAY_COMPLETE,symbol,BNBUSDT,0,0,,{}
binance,60,15,WALK_11,10,REPLAY_COMPLETE,symbol,DOGEUSDT,0,0,,{}
binance,60,15,WALK_11,10,REPLAY_COMPLETE,symbol,ADAUSDT,0,0,,{}
binance,60,15,WALK_11,10,REPLAY_COMPLETE,direction,LONG,0,0,,{}
binance,60,15,WALK_11,10,REPLAY_COMPLETE,direction,SHORT,0,0,,{}
binance,60,15,WALK_11,10,REPLAY_COMPLETE,ready_regime,BULL,0,0,,{}
binance,60,15,WALK_11,10,REPLAY_COMPLETE,ready_regime,BEAR,0,0,,{}
binance,60,15,WALK_11,10,REPLAY_COMPLETE,ready_regime,SIDEWAYS,0,0,,{}
binance,60,15,WALK_11,10,REPLAY_COMPLETE,ready_regime,UNKNOWN,0,0,,{}
binance,60,15,WALK_11,10,REPLAY_COMPLETE,ready_volatility_bucket,LOW,0,0,,{}
binance,60,15,WALK_11,10,REPLAY_COMPLETE,ready_volatility_bucket,MEDIUM,0,0,,{}
binance,60,15,WALK_11,10,REPLAY_COMPLETE,ready_volatility_bucket,HIGH,0,0,,{}
binance,60,15,WALK_11,10,REPLAY_COMPLETE,ready_volatility_bucket,UNKNOWN,0,0,,{}
binance,60,15,WALK_12,10,REPLAY_COMPLETE,symbol,BTCUSDT,0,0,,{}
binance,60,15,WALK_12,10,REPLAY_COMPLETE,symbol,ETHUSDT,0,0,,{}
binance,60,15,WALK_12,10,REPLAY_COMPLETE,symbol,SOLUSDT,0,0,,{}
binance,60,15,WALK_12,10,REPLAY_COMPLETE,symbol,XRPUSDT,0,0,,{}
binance,60,15,WALK_12,10,REPLAY_COMPLETE,symbol,BNBUSDT,0,0,,{}
binance,60,15,WALK_12,10,REPLAY_COMPLETE,symbol,DOGEUSDT,0,0,,{}
binance,60,15,WALK_12,10,REPLAY_COMPLETE,symbol,ADAUSDT,0,0,,{}
binance,60,15,WALK_12,10,REPLAY_COMPLETE,direction,LONG,0,0,,{}
binance,60,15,WALK_12,10,REPLAY_COMPLETE,direction,SHORT,0,0,,{}
binance,60,15,WALK_12,10,REPLAY_COMPLETE,ready_regime,BULL,0,0,,{}
binance,60,15,WALK_12,10,REPLAY_COMPLETE,ready_regime,BEAR,0,0,,{}
binance,60,15,WALK_12,10,REPLAY_COMPLETE,ready_regime,SIDEWAYS,0,0,,{}
binance,60,15,WALK_12,10,REPLAY_COMPLETE,ready_regime,UNKNOWN,0,0,,{}
binance,60,15,WALK_12,10,REPLAY_COMPLETE,ready_volatility_bucket,LOW,0,0,,{}
binance,60,15,WALK_12,10,REPLAY_COMPLETE,ready_volatility_bucket,MEDIUM,0,0,,{}
binance,60,15,WALK_12,10,REPLAY_COMPLETE,ready_volatility_bucket,HIGH,0,0,,{}
binance,60,15,WALK_12,10,REPLAY_COMPLETE,ready_volatility_bucket,UNKNOWN,0,0,,{}
binance,60,15,WALK_13,10,REPLAY_COMPLETE,symbol,BTCUSDT,0,0,,{}
binance,60,15,WALK_13,10,REPLAY_COMPLETE,symbol,ETHUSDT,0,0,,{}
binance,60,15,WALK_13,10,REPLAY_COMPLETE,symbol,SOLUSDT,0,0,,{}
binance,60,15,WALK_13,10,REPLAY_COMPLETE,symbol,XRPUSDT,0,0,,{}
binance,60,15,WALK_13,10,REPLAY_COMPLETE,symbol,BNBUSDT,0,0,,{}
binance,60,15,WALK_13,10,REPLAY_COMPLETE,symbol,DOGEUSDT,0,0,,{}
binance,60,15,WALK_13,10,REPLAY_COMPLETE,symbol,ADAUSDT,0,0,,{}
binance,60,15,WALK_13,10,REPLAY_COMPLETE,direction,LONG,0,0,,{}
binance,60,15,WALK_13,10,REPLAY_COMPLETE,direction,SHORT,0,0,,{}
binance,60,15,WALK_13,10,REPLAY_COMPLETE,ready_regime,BULL,0,0,,{}
binance,60,15,WALK_13,10,REPLAY_COMPLETE,ready_regime,BEAR,0,0,,{}
binance,60,15,WALK_13,10,REPLAY_COMPLETE,ready_regime,SIDEWAYS,0,0,,{}
binance,60,15,WALK_13,10,REPLAY_COMPLETE,ready_regime,UNKNOWN,0,0,,{}
binance,60,15,WALK_13,10,REPLAY_COMPLETE,ready_volatility_bucket,LOW,0,0,,{}
binance,60,15,WALK_13,10,REPLAY_COMPLETE,ready_volatility_bucket,MEDIUM,0,0,,{}
binance,60,15,WALK_13,10,REPLAY_COMPLETE,ready_volatility_bucket,HIGH,0,0,,{}
binance,60,15,WALK_13,10,REPLAY_COMPLETE,ready_volatility_bucket,UNKNOWN,0,0,,{}
binance,60,15,WALK_14,10,REPLAY_COMPLETE,symbol,BTCUSDT,0,0,,{}
binance,60,15,WALK_14,10,REPLAY_COMPLETE,symbol,ETHUSDT,0,0,,{}
binance,60,15,WALK_14,10,REPLAY_COMPLETE,symbol,SOLUSDT,0,0,,{}
binance,60,15,WALK_14,10,REPLAY_COMPLETE,symbol,XRPUSDT,0,0,,{}
binance,60,15,WALK_14,10,REPLAY_COMPLETE,symbol,BNBUSDT,1,1,1.0,"{""VIRTUAL_TRADE_CLOSED"": 1}"
binance,60,15,WALK_14,10,REPLAY_COMPLETE,symbol,DOGEUSDT,0,0,,{}
binance,60,15,WALK_14,10,REPLAY_COMPLETE,symbol,ADAUSDT,0,0,,{}
binance,60,15,WALK_14,10,REPLAY_COMPLETE,direction,LONG,1,1,1.0,"{""VIRTUAL_TRADE_CLOSED"": 1}"
binance,60,15,WALK_14,10,REPLAY_COMPLETE,direction,SHORT,0,0,,{}
binance,60,15,WALK_14,10,REPLAY_COMPLETE,ready_regime,BULL,0,0,,{}
binance,60,15,WALK_14,10,REPLAY_COMPLETE,ready_regime,BEAR,0,0,,{}
binance,60,15,WALK_14,10,REPLAY_COMPLETE,ready_regime,SIDEWAYS,1,1,1.0,"{""VIRTUAL_TRADE_CLOSED"": 1}"
binance,60,15,WALK_14,10,REPLAY_COMPLETE,ready_regime,UNKNOWN,0,0,,{}
binance,60,15,WALK_14,10,REPLAY_COMPLETE,ready_volatility_bucket,LOW,0,0,,{}
binance,60,15,WALK_14,10,REPLAY_COMPLETE,ready_volatility_bucket,MEDIUM,1,1,1.0,"{""VIRTUAL_TRADE_CLOSED"": 1}"
binance,60,15,WALK_14,10,REPLAY_COMPLETE,ready_volatility_bucket,HIGH,0,0,,{}
binance,60,15,WALK_14,10,REPLAY_COMPLETE,ready_volatility_bucket,UNKNOWN,0,0,,{}
binance,60,15,WALK_15,10,REPLAY_COMPLETE,symbol,BTCUSDT,1,0,0.0,"{""ISOLATED_MARGIN_BUDGET"": 1}"
binance,60,15,WALK_15,10,REPLAY_COMPLETE,symbol,ETHUSDT,0,0,,{}
binance,60,15,WALK_15,10,REPLAY_COMPLETE,symbol,SOLUSDT,0,0,,{}
binance,60,15,WALK_15,10,REPLAY_COMPLETE,symbol,XRPUSDT,0,0,,{}
binance,60,15,WALK_15,10,REPLAY_COMPLETE,symbol,BNBUSDT,0,0,,{}
binance,60,15,WALK_15,10,REPLAY_COMPLETE,symbol,DOGEUSDT,0,0,,{}
binance,60,15,WALK_15,10,REPLAY_COMPLETE,symbol,ADAUSDT,0,0,,{}
binance,60,15,WALK_15,10,REPLAY_COMPLETE,direction,LONG,0,0,,{}
binance,60,15,WALK_15,10,REPLAY_COMPLETE,direction,SHORT,1,0,0.0,"{""ISOLATED_MARGIN_BUDGET"": 1}"
binance,60,15,WALK_15,10,REPLAY_COMPLETE,ready_regime,BULL,0,0,,{}
binance,60,15,WALK_15,10,REPLAY_COMPLETE,ready_regime,BEAR,0,0,,{}
binance,60,15,WALK_15,10,REPLAY_COMPLETE,ready_regime,SIDEWAYS,1,0,0.0,"{""ISOLATED_MARGIN_BUDGET"": 1}"
binance,60,15,WALK_15,10,REPLAY_COMPLETE,ready_regime,UNKNOWN,0,0,,{}
binance,60,15,WALK_15,10,REPLAY_COMPLETE,ready_volatility_bucket,LOW,1,0,0.0,"{""ISOLATED_MARGIN_BUDGET"": 1}"
binance,60,15,WALK_15,10,REPLAY_COMPLETE,ready_volatility_bucket,MEDIUM,0,0,,{}
binance,60,15,WALK_15,10,REPLAY_COMPLETE,ready_volatility_bucket,HIGH,0,0,,{}
binance,60,15,WALK_15,10,REPLAY_COMPLETE,ready_volatility_bucket,UNKNOWN,0,0,,{}
binance,60,15,WALK_16,10,REPLAY_COMPLETE,symbol,BTCUSDT,0,0,,{}
binance,60,15,WALK_16,10,REPLAY_COMPLETE,symbol,ETHUSDT,0,0,,{}
binance,60,15,WALK_16,10,REPLAY_COMPLETE,symbol,SOLUSDT,0,0,,{}
binance,60,15,WALK_16,10,REPLAY_COMPLETE,symbol,XRPUSDT,0,0,,{}
binance,60,15,WALK_16,10,REPLAY_COMPLETE,symbol,BNBUSDT,1,1,1.0,"{""VIRTUAL_TRADE_CLOSED"": 1}"
binance,60,15,WALK_16,10,REPLAY_COMPLETE,symbol,DOGEUSDT,0,0,,{}
binance,60,15,WALK_16,10,REPLAY_COMPLETE,symbol,ADAUSDT,0,0,,{}
binance,60,15,WALK_16,10,REPLAY_COMPLETE,direction,LONG,1,1,1.0,"{""VIRTUAL_TRADE_CLOSED"": 1}"
binance,60,15,WALK_16,10,REPLAY_COMPLETE,direction,SHORT,0,0,,{}
binance,60,15,WALK_16,10,REPLAY_COMPLETE,ready_regime,BULL,1,1,1.0,"{""VIRTUAL_TRADE_CLOSED"": 1}"
binance,60,15,WALK_16,10,REPLAY_COMPLETE,ready_regime,BEAR,0,0,,{}
binance,60,15,WALK_16,10,REPLAY_COMPLETE,ready_regime,SIDEWAYS,0,0,,{}
binance,60,15,WALK_16,10,REPLAY_COMPLETE,ready_regime,UNKNOWN,0,0,,{}
binance,60,15,WALK_16,10,REPLAY_COMPLETE,ready_volatility_bucket,LOW,0,0,,{}
binance,60,15,WALK_16,10,REPLAY_COMPLETE,ready_volatility_bucket,MEDIUM,1,1,1.0,"{""VIRTUAL_TRADE_CLOSED"": 1}"
binance,60,15,WALK_16,10,REPLAY_COMPLETE,ready_volatility_bucket,HIGH,0,0,,{}
binance,60,15,WALK_16,10,REPLAY_COMPLETE,ready_volatility_bucket,UNKNOWN,0,0,,{}
binance,60,15,WALK_17,10,REPLAY_COMPLETE,symbol,BTCUSDT,0,0,,{}
binance,60,15,WALK_17,10,REPLAY_COMPLETE,symbol,ETHUSDT,0,0,,{}
binance,60,15,WALK_17,10,REPLAY_COMPLETE,symbol,SOLUSDT,0,0,,{}
binance,60,15,WALK_17,10,REPLAY_COMPLETE,symbol,XRPUSDT,0,0,,{}
binance,60,15,WALK_17,10,REPLAY_COMPLETE,symbol,BNBUSDT,0,0,,{}
binance,60,15,WALK_17,10,REPLAY_COMPLETE,symbol,DOGEUSDT,0,0,,{}
binance,60,15,WALK_17,10,REPLAY_COMPLETE,symbol,ADAUSDT,0,0,,{}
binance,60,15,WALK_17,10,REPLAY_COMPLETE,direction,LONG,0,0,,{}
binance,60,15,WALK_17,10,REPLAY_COMPLETE,direction,SHORT,0,0,,{}
binance,60,15,WALK_17,10,REPLAY_COMPLETE,ready_regime,BULL,0,0,,{}
binance,60,15,WALK_17,10,REPLAY_COMPLETE,ready_regime,BEAR,0,0,,{}
binance,60,15,WALK_17,10,REPLAY_COMPLETE,ready_regime,SIDEWAYS,0,0,,{}
binance,60,15,WALK_17,10,REPLAY_COMPLETE,ready_regime,UNKNOWN,0,0,,{}
binance,60,15,WALK_17,10,REPLAY_COMPLETE,ready_volatility_bucket,LOW,0,0,,{}
binance,60,15,WALK_17,10,REPLAY_COMPLETE,ready_volatility_bucket,MEDIUM,0,0,,{}
binance,60,15,WALK_17,10,REPLAY_COMPLETE,ready_volatility_bucket,HIGH,0,0,,{}
binance,60,15,WALK_17,10,REPLAY_COMPLETE,ready_volatility_bucket,UNKNOWN,0,0,,{}
binance,60,15,WALK_18,10,REPLAY_COMPLETE,symbol,BTCUSDT,0,0,,{}
binance,60,15,WALK_18,10,REPLAY_COMPLETE,symbol,ETHUSDT,0,0,,{}
binance,60,15,WALK_18,10,REPLAY_COMPLETE,symbol,SOLUSDT,0,0,,{}
binance,60,15,WALK_18,10,REPLAY_COMPLETE,symbol,XRPUSDT,0,0,,{}
binance,60,15,WALK_18,10,REPLAY_COMPLETE,symbol,BNBUSDT,1,0,0.0,"{""TARGET_EVIDENCE_WITHDRAWN"": 1}"
binance,60,15,WALK_18,10,REPLAY_COMPLETE,symbol,DOGEUSDT,0,0,,{}
binance,60,15,WALK_18,10,REPLAY_COMPLETE,symbol,ADAUSDT,0,0,,{}
binance,60,15,WALK_18,10,REPLAY_COMPLETE,direction,LONG,1,0,0.0,"{""TARGET_EVIDENCE_WITHDRAWN"": 1}"
binance,60,15,WALK_18,10,REPLAY_COMPLETE,direction,SHORT,0,0,,{}
binance,60,15,WALK_18,10,REPLAY_COMPLETE,ready_regime,BULL,0,0,,{}
binance,60,15,WALK_18,10,REPLAY_COMPLETE,ready_regime,BEAR,0,0,,{}
binance,60,15,WALK_18,10,REPLAY_COMPLETE,ready_regime,SIDEWAYS,1,0,0.0,"{""TARGET_EVIDENCE_WITHDRAWN"": 1}"
binance,60,15,WALK_18,10,REPLAY_COMPLETE,ready_regime,UNKNOWN,0,0,,{}
binance,60,15,WALK_18,10,REPLAY_COMPLETE,ready_volatility_bucket,LOW,0,0,,{}
binance,60,15,WALK_18,10,REPLAY_COMPLETE,ready_volatility_bucket,MEDIUM,1,0,0.0,"{""TARGET_EVIDENCE_WITHDRAWN"": 1}"
binance,60,15,WALK_18,10,REPLAY_COMPLETE,ready_volatility_bucket,HIGH,0,0,,{}
binance,60,15,WALK_18,10,REPLAY_COMPLETE,ready_volatility_bucket,UNKNOWN,0,0,,{}
binance,60,15,WALK_19,10,REPLAY_COMPLETE,symbol,BTCUSDT,1,0,0.0,"{""LIMIT_NOT_FILLED_BEFORE_OB_FIRST_TEST_CONSUMED"": 1}"
binance,60,15,WALK_19,10,REPLAY_COMPLETE,symbol,ETHUSDT,0,0,,{}
binance,60,15,WALK_19,10,REPLAY_COMPLETE,symbol,SOLUSDT,0,0,,{}
binance,60,15,WALK_19,10,REPLAY_COMPLETE,symbol,XRPUSDT,0,0,,{}
binance,60,15,WALK_19,10,REPLAY_COMPLETE,symbol,BNBUSDT,1,0,0.0,"{""TARGET_EVIDENCE_WITHDRAWN"": 1}"
binance,60,15,WALK_19,10,REPLAY_COMPLETE,symbol,DOGEUSDT,0,0,,{}
binance,60,15,WALK_19,10,REPLAY_COMPLETE,symbol,ADAUSDT,0,0,,{}
binance,60,15,WALK_19,10,REPLAY_COMPLETE,direction,LONG,2,0,0.0,"{""LIMIT_NOT_FILLED_BEFORE_OB_FIRST_TEST_CONSUMED"": 1, ""TARGET_EVIDENCE_WITHDRAWN"": 1}"
binance,60,15,WALK_19,10,REPLAY_COMPLETE,direction,SHORT,0,0,,{}
binance,60,15,WALK_19,10,REPLAY_COMPLETE,ready_regime,BULL,1,0,0.0,"{""TARGET_EVIDENCE_WITHDRAWN"": 1}"
binance,60,15,WALK_19,10,REPLAY_COMPLETE,ready_regime,BEAR,0,0,,{}
binance,60,15,WALK_19,10,REPLAY_COMPLETE,ready_regime,SIDEWAYS,1,0,0.0,"{""LIMIT_NOT_FILLED_BEFORE_OB_FIRST_TEST_CONSUMED"": 1}"
binance,60,15,WALK_19,10,REPLAY_COMPLETE,ready_regime,UNKNOWN,0,0,,{}
binance,60,15,WALK_19,10,REPLAY_COMPLETE,ready_volatility_bucket,LOW,1,0,0.0,"{""LIMIT_NOT_FILLED_BEFORE_OB_FIRST_TEST_CONSUMED"": 1}"
binance,60,15,WALK_19,10,REPLAY_COMPLETE,ready_volatility_bucket,MEDIUM,1,0,0.0,"{""TARGET_EVIDENCE_WITHDRAWN"": 1}"
binance,60,15,WALK_19,10,REPLAY_COMPLETE,ready_volatility_bucket,HIGH,0,0,,{}
binance,60,15,WALK_19,10,REPLAY_COMPLETE,ready_volatility_bucket,UNKNOWN,0,0,,{}
binance,60,15,WALK_20,10,REPLAY_COMPLETE,symbol,BTCUSDT,0,0,,{}
binance,60,15,WALK_20,10,REPLAY_COMPLETE,symbol,ETHUSDT,0,0,,{}
binance,60,15,WALK_20,10,REPLAY_COMPLETE,symbol,SOLUSDT,0,0,,{}
binance,60,15,WALK_20,10,REPLAY_COMPLETE,symbol,XRPUSDT,0,0,,{}
binance,60,15,WALK_20,10,REPLAY_COMPLETE,symbol,BNBUSDT,0,0,,{}
binance,60,15,WALK_20,10,REPLAY_COMPLETE,symbol,DOGEUSDT,0,0,,{}
binance,60,15,WALK_20,10,REPLAY_COMPLETE,symbol,ADAUSDT,0,0,,{}
binance,60,15,WALK_20,10,REPLAY_COMPLETE,direction,LONG,0,0,,{}
binance,60,15,WALK_20,10,REPLAY_COMPLETE,direction,SHORT,0,0,,{}
binance,60,15,WALK_20,10,REPLAY_COMPLETE,ready_regime,BULL,0,0,,{}
binance,60,15,WALK_20,10,REPLAY_COMPLETE,ready_regime,BEAR,0,0,,{}
binance,60,15,WALK_20,10,REPLAY_COMPLETE,ready_regime,SIDEWAYS,0,0,,{}
binance,60,15,WALK_20,10,REPLAY_COMPLETE,ready_regime,UNKNOWN,0,0,,{}
binance,60,15,WALK_20,10,REPLAY_COMPLETE,ready_volatility_bucket,LOW,0,0,,{}
binance,60,15,WALK_20,10,REPLAY_COMPLETE,ready_volatility_bucket,MEDIUM,0,0,,{}
binance,60,15,WALK_20,10,REPLAY_COMPLETE,ready_volatility_bucket,HIGH,0,0,,{}
binance,60,15,WALK_20,10,REPLAY_COMPLETE,ready_volatility_bucket,UNKNOWN,0,0,,{}
binance,240,5,REFERENCE,0,REPLAY_COMPLETE,symbol,BTCUSDT,0,0,,{}
binance,240,5,REFERENCE,0,REPLAY_COMPLETE,symbol,ETHUSDT,0,0,,{}
binance,240,5,REFERENCE,0,REPLAY_COMPLETE,symbol,SOLUSDT,0,0,,{}
binance,240,5,REFERENCE,0,REPLAY_COMPLETE,symbol,XRPUSDT,0,0,,{}
binance,240,5,REFERENCE,0,REPLAY_COMPLETE,symbol,BNBUSDT,0,0,,{}
binance,240,5,REFERENCE,0,REPLAY_COMPLETE,symbol,DOGEUSDT,0,0,,{}
binance,240,5,REFERENCE,0,REPLAY_COMPLETE,symbol,ADAUSDT,0,0,,{}
binance,240,5,REFERENCE,0,REPLAY_COMPLETE,direction,LONG,0,0,,{}
binance,240,5,REFERENCE,0,REPLAY_COMPLETE,direction,SHORT,0,0,,{}
binance,240,5,REFERENCE,0,REPLAY_COMPLETE,ready_regime,BULL,0,0,,{}
binance,240,5,REFERENCE,0,REPLAY_COMPLETE,ready_regime,BEAR,0,0,,{}
binance,240,5,REFERENCE,0,REPLAY_COMPLETE,ready_regime,SIDEWAYS,0,0,,{}
binance,240,5,REFERENCE,0,REPLAY_COMPLETE,ready_regime,UNKNOWN,0,0,,{}
binance,240,5,REFERENCE,0,REPLAY_COMPLETE,ready_volatility_bucket,LOW,0,0,,{}
binance,240,5,REFERENCE,0,REPLAY_COMPLETE,ready_volatility_bucket,MEDIUM,0,0,,{}
binance,240,5,REFERENCE,0,REPLAY_COMPLETE,ready_volatility_bucket,HIGH,0,0,,{}
binance,240,5,REFERENCE,0,REPLAY_COMPLETE,ready_volatility_bucket,UNKNOWN,0,0,,{}
binance,240,5,REFERENCE,1,REPLAY_COMPLETE,symbol,BTCUSDT,0,0,,{}
binance,240,5,REFERENCE,1,REPLAY_COMPLETE,symbol,ETHUSDT,0,0,,{}
binance,240,5,REFERENCE,1,REPLAY_COMPLETE,symbol,SOLUSDT,0,0,,{}
binance,240,5,REFERENCE,1,REPLAY_COMPLETE,symbol,XRPUSDT,0,0,,{}
binance,240,5,REFERENCE,1,REPLAY_COMPLETE,symbol,BNBUSDT,0,0,,{}
binance,240,5,REFERENCE,1,REPLAY_COMPLETE,symbol,DOGEUSDT,0,0,,{}
binance,240,5,REFERENCE,1,REPLAY_COMPLETE,symbol,ADAUSDT,0,0,,{}
binance,240,5,REFERENCE,1,REPLAY_COMPLETE,direction,LONG,0,0,,{}
binance,240,5,REFERENCE,1,REPLAY_COMPLETE,direction,SHORT,0,0,,{}
binance,240,5,REFERENCE,1,REPLAY_COMPLETE,ready_regime,BULL,0,0,,{}
binance,240,5,REFERENCE,1,REPLAY_COMPLETE,ready_regime,BEAR,0,0,,{}
binance,240,5,REFERENCE,1,REPLAY_COMPLETE,ready_regime,SIDEWAYS,0,0,,{}
binance,240,5,REFERENCE,1,REPLAY_COMPLETE,ready_regime,UNKNOWN,0,0,,{}
binance,240,5,REFERENCE,1,REPLAY_COMPLETE,ready_volatility_bucket,LOW,0,0,,{}
binance,240,5,REFERENCE,1,REPLAY_COMPLETE,ready_volatility_bucket,MEDIUM,0,0,,{}
binance,240,5,REFERENCE,1,REPLAY_COMPLETE,ready_volatility_bucket,HIGH,0,0,,{}
binance,240,5,REFERENCE,1,REPLAY_COMPLETE,ready_volatility_bucket,UNKNOWN,0,0,,{}
binance,240,5,REFERENCE,2,REPLAY_COMPLETE,symbol,BTCUSDT,0,0,,{}
binance,240,5,REFERENCE,2,REPLAY_COMPLETE,symbol,ETHUSDT,0,0,,{}
binance,240,5,REFERENCE,2,REPLAY_COMPLETE,symbol,SOLUSDT,0,0,,{}
binance,240,5,REFERENCE,2,REPLAY_COMPLETE,symbol,XRPUSDT,0,0,,{}
binance,240,5,REFERENCE,2,REPLAY_COMPLETE,symbol,BNBUSDT,0,0,,{}
binance,240,5,REFERENCE,2,REPLAY_COMPLETE,symbol,DOGEUSDT,0,0,,{}
binance,240,5,REFERENCE,2,REPLAY_COMPLETE,symbol,ADAUSDT,0,0,,{}
binance,240,5,REFERENCE,2,REPLAY_COMPLETE,direction,LONG,0,0,,{}
binance,240,5,REFERENCE,2,REPLAY_COMPLETE,direction,SHORT,0,0,,{}
binance,240,5,REFERENCE,2,REPLAY_COMPLETE,ready_regime,BULL,0,0,,{}
binance,240,5,REFERENCE,2,REPLAY_COMPLETE,ready_regime,BEAR,0,0,,{}
binance,240,5,REFERENCE,2,REPLAY_COMPLETE,ready_regime,SIDEWAYS,0,0,,{}
binance,240,5,REFERENCE,2,REPLAY_COMPLETE,ready_regime,UNKNOWN,0,0,,{}
binance,240,5,REFERENCE,2,REPLAY_COMPLETE,ready_volatility_bucket,LOW,0,0,,{}
binance,240,5,REFERENCE,2,REPLAY_COMPLETE,ready_volatility_bucket,MEDIUM,0,0,,{}
binance,240,5,REFERENCE,2,REPLAY_COMPLETE,ready_volatility_bucket,HIGH,0,0,,{}
binance,240,5,REFERENCE,2,REPLAY_COMPLETE,ready_volatility_bucket,UNKNOWN,0,0,,{}
binance,240,5,REFERENCE,3,REPLAY_COMPLETE,symbol,BTCUSDT,0,0,,{}
binance,240,5,REFERENCE,3,REPLAY_COMPLETE,symbol,ETHUSDT,0,0,,{}
binance,240,5,REFERENCE,3,REPLAY_COMPLETE,symbol,SOLUSDT,0,0,,{}
binance,240,5,REFERENCE,3,REPLAY_COMPLETE,symbol,XRPUSDT,0,0,,{}
binance,240,5,REFERENCE,3,REPLAY_COMPLETE,symbol,BNBUSDT,0,0,,{}
binance,240,5,REFERENCE,3,REPLAY_COMPLETE,symbol,DOGEUSDT,0,0,,{}
binance,240,5,REFERENCE,3,REPLAY_COMPLETE,symbol,ADAUSDT,0,0,,{}
binance,240,5,REFERENCE,3,REPLAY_COMPLETE,direction,LONG,0,0,,{}
binance,240,5,REFERENCE,3,REPLAY_COMPLETE,direction,SHORT,0,0,,{}
binance,240,5,REFERENCE,3,REPLAY_COMPLETE,ready_regime,BULL,0,0,,{}
binance,240,5,REFERENCE,3,REPLAY_COMPLETE,ready_regime,BEAR,0,0,,{}
binance,240,5,REFERENCE,3,REPLAY_COMPLETE,ready_regime,SIDEWAYS,0,0,,{}
binance,240,5,REFERENCE,3,REPLAY_COMPLETE,ready_regime,UNKNOWN,0,0,,{}
binance,240,5,REFERENCE,3,REPLAY_COMPLETE,ready_volatility_bucket,LOW,0,0,,{}
binance,240,5,REFERENCE,3,REPLAY_COMPLETE,ready_volatility_bucket,MEDIUM,0,0,,{}
binance,240,5,REFERENCE,3,REPLAY_COMPLETE,ready_volatility_bucket,HIGH,0,0,,{}
binance,240,5,REFERENCE,3,REPLAY_COMPLETE,ready_volatility_bucket,UNKNOWN,0,0,,{}
binance,240,5,REFERENCE,4,REPLAY_COMPLETE,symbol,BTCUSDT,0,0,,{}
binance,240,5,REFERENCE,4,REPLAY_COMPLETE,symbol,ETHUSDT,0,0,,{}
binance,240,5,REFERENCE,4,REPLAY_COMPLETE,symbol,SOLUSDT,0,0,,{}
binance,240,5,REFERENCE,4,REPLAY_COMPLETE,symbol,XRPUSDT,0,0,,{}
binance,240,5,REFERENCE,4,REPLAY_COMPLETE,symbol,BNBUSDT,0,0,,{}
binance,240,5,REFERENCE,4,REPLAY_COMPLETE,symbol,DOGEUSDT,0,0,,{}
binance,240,5,REFERENCE,4,REPLAY_COMPLETE,symbol,ADAUSDT,0,0,,{}
binance,240,5,REFERENCE,4,REPLAY_COMPLETE,direction,LONG,0,0,,{}
binance,240,5,REFERENCE,4,REPLAY_COMPLETE,direction,SHORT,0,0,,{}
binance,240,5,REFERENCE,4,REPLAY_COMPLETE,ready_regime,BULL,0,0,,{}
binance,240,5,REFERENCE,4,REPLAY_COMPLETE,ready_regime,BEAR,0,0,,{}
binance,240,5,REFERENCE,4,REPLAY_COMPLETE,ready_regime,SIDEWAYS,0,0,,{}
binance,240,5,REFERENCE,4,REPLAY_COMPLETE,ready_regime,UNKNOWN,0,0,,{}
binance,240,5,REFERENCE,4,REPLAY_COMPLETE,ready_volatility_bucket,LOW,0,0,,{}
binance,240,5,REFERENCE,4,REPLAY_COMPLETE,ready_volatility_bucket,MEDIUM,0,0,,{}
binance,240,5,REFERENCE,4,REPLAY_COMPLETE,ready_volatility_bucket,HIGH,0,0,,{}
binance,240,5,REFERENCE,4,REPLAY_COMPLETE,ready_volatility_bucket,UNKNOWN,0,0,,{}
binance,240,5,REFERENCE,5,REPLAY_COMPLETE,symbol,BTCUSDT,0,0,,{}
binance,240,5,REFERENCE,5,REPLAY_COMPLETE,symbol,ETHUSDT,0,0,,{}
binance,240,5,REFERENCE,5,REPLAY_COMPLETE,symbol,SOLUSDT,0,0,,{}
binance,240,5,REFERENCE,5,REPLAY_COMPLETE,symbol,XRPUSDT,0,0,,{}
binance,240,5,REFERENCE,5,REPLAY_COMPLETE,symbol,BNBUSDT,0,0,,{}
binance,240,5,REFERENCE,5,REPLAY_COMPLETE,symbol,DOGEUSDT,0,0,,{}
binance,240,5,REFERENCE,5,REPLAY_COMPLETE,symbol,ADAUSDT,0,0,,{}
binance,240,5,REFERENCE,5,REPLAY_COMPLETE,direction,LONG,0,0,,{}
binance,240,5,REFERENCE,5,REPLAY_COMPLETE,direction,SHORT,0,0,,{}
binance,240,5,REFERENCE,5,REPLAY_COMPLETE,ready_regime,BULL,0,0,,{}
binance,240,5,REFERENCE,5,REPLAY_COMPLETE,ready_regime,BEAR,0,0,,{}
binance,240,5,REFERENCE,5,REPLAY_COMPLETE,ready_regime,SIDEWAYS,0,0,,{}
binance,240,5,REFERENCE,5,REPLAY_COMPLETE,ready_regime,UNKNOWN,0,0,,{}
binance,240,5,REFERENCE,5,REPLAY_COMPLETE,ready_volatility_bucket,LOW,0,0,,{}
binance,240,5,REFERENCE,5,REPLAY_COMPLETE,ready_volatility_bucket,MEDIUM,0,0,,{}
binance,240,5,REFERENCE,5,REPLAY_COMPLETE,ready_volatility_bucket,HIGH,0,0,,{}
binance,240,5,REFERENCE,5,REPLAY_COMPLETE,ready_volatility_bucket,UNKNOWN,0,0,,{}
binance,240,5,REFERENCE,6,REPLAY_COMPLETE,symbol,BTCUSDT,0,0,,{}
binance,240,5,REFERENCE,6,REPLAY_COMPLETE,symbol,ETHUSDT,0,0,,{}
binance,240,5,REFERENCE,6,REPLAY_COMPLETE,symbol,SOLUSDT,0,0,,{}
binance,240,5,REFERENCE,6,REPLAY_COMPLETE,symbol,XRPUSDT,0,0,,{}
binance,240,5,REFERENCE,6,REPLAY_COMPLETE,symbol,BNBUSDT,0,0,,{}
binance,240,5,REFERENCE,6,REPLAY_COMPLETE,symbol,DOGEUSDT,0,0,,{}
binance,240,5,REFERENCE,6,REPLAY_COMPLETE,symbol,ADAUSDT,0,0,,{}
binance,240,5,REFERENCE,6,REPLAY_COMPLETE,direction,LONG,0,0,,{}
binance,240,5,REFERENCE,6,REPLAY_COMPLETE,direction,SHORT,0,0,,{}
binance,240,5,REFERENCE,6,REPLAY_COMPLETE,ready_regime,BULL,0,0,,{}
binance,240,5,REFERENCE,6,REPLAY_COMPLETE,ready_regime,BEAR,0,0,,{}
binance,240,5,REFERENCE,6,REPLAY_COMPLETE,ready_regime,SIDEWAYS,0,0,,{}
binance,240,5,REFERENCE,6,REPLAY_COMPLETE,ready_regime,UNKNOWN,0,0,,{}
binance,240,5,REFERENCE,6,REPLAY_COMPLETE,ready_volatility_bucket,LOW,0,0,,{}
binance,240,5,REFERENCE,6,REPLAY_COMPLETE,ready_volatility_bucket,MEDIUM,0,0,,{}
binance,240,5,REFERENCE,6,REPLAY_COMPLETE,ready_volatility_bucket,HIGH,0,0,,{}
binance,240,5,REFERENCE,6,REPLAY_COMPLETE,ready_volatility_bucket,UNKNOWN,0,0,,{}
binance,240,5,REFERENCE,7,REPLAY_COMPLETE,symbol,BTCUSDT,0,0,,{}
binance,240,5,REFERENCE,7,REPLAY_COMPLETE,symbol,ETHUSDT,0,0,,{}
binance,240,5,REFERENCE,7,REPLAY_COMPLETE,symbol,SOLUSDT,0,0,,{}
binance,240,5,REFERENCE,7,REPLAY_COMPLETE,symbol,XRPUSDT,0,0,,{}
binance,240,5,REFERENCE,7,REPLAY_COMPLETE,symbol,BNBUSDT,0,0,,{}
binance,240,5,REFERENCE,7,REPLAY_COMPLETE,symbol,DOGEUSDT,0,0,,{}
binance,240,5,REFERENCE,7,REPLAY_COMPLETE,symbol,ADAUSDT,0,0,,{}
binance,240,5,REFERENCE,7,REPLAY_COMPLETE,direction,LONG,0,0,,{}
binance,240,5,REFERENCE,7,REPLAY_COMPLETE,direction,SHORT,0,0,,{}
binance,240,5,REFERENCE,7,REPLAY_COMPLETE,ready_regime,BULL,0,0,,{}
binance,240,5,REFERENCE,7,REPLAY_COMPLETE,ready_regime,BEAR,0,0,,{}
binance,240,5,REFERENCE,7,REPLAY_COMPLETE,ready_regime,SIDEWAYS,0,0,,{}
binance,240,5,REFERENCE,7,REPLAY_COMPLETE,ready_regime,UNKNOWN,0,0,,{}
binance,240,5,REFERENCE,7,REPLAY_COMPLETE,ready_volatility_bucket,LOW,0,0,,{}
binance,240,5,REFERENCE,7,REPLAY_COMPLETE,ready_volatility_bucket,MEDIUM,0,0,,{}
binance,240,5,REFERENCE,7,REPLAY_COMPLETE,ready_volatility_bucket,HIGH,0,0,,{}
binance,240,5,REFERENCE,7,REPLAY_COMPLETE,ready_volatility_bucket,UNKNOWN,0,0,,{}
binance,240,5,REFERENCE,8,REPLAY_COMPLETE,symbol,BTCUSDT,0,0,,{}
binance,240,5,REFERENCE,8,REPLAY_COMPLETE,symbol,ETHUSDT,0,0,,{}
binance,240,5,REFERENCE,8,REPLAY_COMPLETE,symbol,SOLUSDT,0,0,,{}
binance,240,5,REFERENCE,8,REPLAY_COMPLETE,symbol,XRPUSDT,0,0,,{}
binance,240,5,REFERENCE,8,REPLAY_COMPLETE,symbol,BNBUSDT,0,0,,{}
binance,240,5,REFERENCE,8,REPLAY_COMPLETE,symbol,DOGEUSDT,0,0,,{}
binance,240,5,REFERENCE,8,REPLAY_COMPLETE,symbol,ADAUSDT,0,0,,{}
binance,240,5,REFERENCE,8,REPLAY_COMPLETE,direction,LONG,0,0,,{}
binance,240,5,REFERENCE,8,REPLAY_COMPLETE,direction,SHORT,0,0,,{}
binance,240,5,REFERENCE,8,REPLAY_COMPLETE,ready_regime,BULL,0,0,,{}
binance,240,5,REFERENCE,8,REPLAY_COMPLETE,ready_regime,BEAR,0,0,,{}
binance,240,5,REFERENCE,8,REPLAY_COMPLETE,ready_regime,SIDEWAYS,0,0,,{}
binance,240,5,REFERENCE,8,REPLAY_COMPLETE,ready_regime,UNKNOWN,0,0,,{}
binance,240,5,REFERENCE,8,REPLAY_COMPLETE,ready_volatility_bucket,LOW,0,0,,{}
binance,240,5,REFERENCE,8,REPLAY_COMPLETE,ready_volatility_bucket,MEDIUM,0,0,,{}
binance,240,5,REFERENCE,8,REPLAY_COMPLETE,ready_volatility_bucket,HIGH,0,0,,{}
binance,240,5,REFERENCE,8,REPLAY_COMPLETE,ready_volatility_bucket,UNKNOWN,0,0,,{}
binance,240,5,REFERENCE,9,REPLAY_COMPLETE,symbol,BTCUSDT,0,0,,{}
binance,240,5,REFERENCE,9,REPLAY_COMPLETE,symbol,ETHUSDT,0,0,,{}
binance,240,5,REFERENCE,9,REPLAY_COMPLETE,symbol,SOLUSDT,0,0,,{}
binance,240,5,REFERENCE,9,REPLAY_COMPLETE,symbol,XRPUSDT,0,0,,{}
binance,240,5,REFERENCE,9,REPLAY_COMPLETE,symbol,BNBUSDT,0,0,,{}
binance,240,5,REFERENCE,9,REPLAY_COMPLETE,symbol,DOGEUSDT,0,0,,{}
binance,240,5,REFERENCE,9,REPLAY_COMPLETE,symbol,ADAUSDT,0,0,,{}
binance,240,5,REFERENCE,9,REPLAY_COMPLETE,direction,LONG,0,0,,{}
binance,240,5,REFERENCE,9,REPLAY_COMPLETE,direction,SHORT,0,0,,{}
binance,240,5,REFERENCE,9,REPLAY_COMPLETE,ready_regime,BULL,0,0,,{}
binance,240,5,REFERENCE,9,REPLAY_COMPLETE,ready_regime,BEAR,0,0,,{}
binance,240,5,REFERENCE,9,REPLAY_COMPLETE,ready_regime,SIDEWAYS,0,0,,{}
binance,240,5,REFERENCE,9,REPLAY_COMPLETE,ready_regime,UNKNOWN,0,0,,{}
binance,240,5,REFERENCE,9,REPLAY_COMPLETE,ready_volatility_bucket,LOW,0,0,,{}
binance,240,5,REFERENCE,9,REPLAY_COMPLETE,ready_volatility_bucket,MEDIUM,0,0,,{}
binance,240,5,REFERENCE,9,REPLAY_COMPLETE,ready_volatility_bucket,HIGH,0,0,,{}
binance,240,5,REFERENCE,9,REPLAY_COMPLETE,ready_volatility_bucket,UNKNOWN,0,0,,{}
binance,240,5,REFERENCE,10,REPLAY_COMPLETE,symbol,BTCUSDT,0,0,,{}
binance,240,5,REFERENCE,10,REPLAY_COMPLETE,symbol,ETHUSDT,0,0,,{}
binance,240,5,REFERENCE,10,REPLAY_COMPLETE,symbol,SOLUSDT,0,0,,{}
binance,240,5,REFERENCE,10,REPLAY_COMPLETE,symbol,XRPUSDT,0,0,,{}
binance,240,5,REFERENCE,10,REPLAY_COMPLETE,symbol,BNBUSDT,0,0,,{}
binance,240,5,REFERENCE,10,REPLAY_COMPLETE,symbol,DOGEUSDT,0,0,,{}
binance,240,5,REFERENCE,10,REPLAY_COMPLETE,symbol,ADAUSDT,0,0,,{}
binance,240,5,REFERENCE,10,REPLAY_COMPLETE,direction,LONG,0,0,,{}
binance,240,5,REFERENCE,10,REPLAY_COMPLETE,direction,SHORT,0,0,,{}
binance,240,5,REFERENCE,10,REPLAY_COMPLETE,ready_regime,BULL,0,0,,{}
binance,240,5,REFERENCE,10,REPLAY_COMPLETE,ready_regime,BEAR,0,0,,{}
binance,240,5,REFERENCE,10,REPLAY_COMPLETE,ready_regime,SIDEWAYS,0,0,,{}
binance,240,5,REFERENCE,10,REPLAY_COMPLETE,ready_regime,UNKNOWN,0,0,,{}
binance,240,5,REFERENCE,10,REPLAY_COMPLETE,ready_volatility_bucket,LOW,0,0,,{}
binance,240,5,REFERENCE,10,REPLAY_COMPLETE,ready_volatility_bucket,MEDIUM,0,0,,{}
binance,240,5,REFERENCE,10,REPLAY_COMPLETE,ready_volatility_bucket,HIGH,0,0,,{}
binance,240,5,REFERENCE,10,REPLAY_COMPLETE,ready_volatility_bucket,UNKNOWN,0,0,,{}
binance,240,5,VALIDATION,10,REPLAY_COMPLETE,symbol,BTCUSDT,0,0,,{}
binance,240,5,VALIDATION,10,REPLAY_COMPLETE,symbol,ETHUSDT,0,0,,{}
binance,240,5,VALIDATION,10,REPLAY_COMPLETE,symbol,SOLUSDT,0,0,,{}
binance,240,5,VALIDATION,10,REPLAY_COMPLETE,symbol,XRPUSDT,0,0,,{}
binance,240,5,VALIDATION,10,REPLAY_COMPLETE,symbol,BNBUSDT,0,0,,{}
binance,240,5,VALIDATION,10,REPLAY_COMPLETE,symbol,DOGEUSDT,0,0,,{}
binance,240,5,VALIDATION,10,REPLAY_COMPLETE,symbol,ADAUSDT,0,0,,{}
binance,240,5,VALIDATION,10,REPLAY_COMPLETE,direction,LONG,0,0,,{}
binance,240,5,VALIDATION,10,REPLAY_COMPLETE,direction,SHORT,0,0,,{}
binance,240,5,VALIDATION,10,REPLAY_COMPLETE,ready_regime,BULL,0,0,,{}
binance,240,5,VALIDATION,10,REPLAY_COMPLETE,ready_regime,BEAR,0,0,,{}
binance,240,5,VALIDATION,10,REPLAY_COMPLETE,ready_regime,SIDEWAYS,0,0,,{}
binance,240,5,VALIDATION,10,REPLAY_COMPLETE,ready_regime,UNKNOWN,0,0,,{}
binance,240,5,VALIDATION,10,REPLAY_COMPLETE,ready_volatility_bucket,LOW,0,0,,{}
binance,240,5,VALIDATION,10,REPLAY_COMPLETE,ready_volatility_bucket,MEDIUM,0,0,,{}
binance,240,5,VALIDATION,10,REPLAY_COMPLETE,ready_volatility_bucket,HIGH,0,0,,{}
binance,240,5,VALIDATION,10,REPLAY_COMPLETE,ready_volatility_bucket,UNKNOWN,0,0,,{}
binance,240,5,HOLDOUT,10,REPLAY_COMPLETE,symbol,BTCUSDT,0,0,,{}
binance,240,5,HOLDOUT,10,REPLAY_COMPLETE,symbol,ETHUSDT,0,0,,{}
binance,240,5,HOLDOUT,10,REPLAY_COMPLETE,symbol,SOLUSDT,0,0,,{}
binance,240,5,HOLDOUT,10,REPLAY_COMPLETE,symbol,XRPUSDT,0,0,,{}
binance,240,5,HOLDOUT,10,REPLAY_COMPLETE,symbol,BNBUSDT,0,0,,{}
binance,240,5,HOLDOUT,10,REPLAY_COMPLETE,symbol,DOGEUSDT,0,0,,{}
binance,240,5,HOLDOUT,10,REPLAY_COMPLETE,symbol,ADAUSDT,0,0,,{}
binance,240,5,HOLDOUT,10,REPLAY_COMPLETE,direction,LONG,0,0,,{}
binance,240,5,HOLDOUT,10,REPLAY_COMPLETE,direction,SHORT,0,0,,{}
binance,240,5,HOLDOUT,10,REPLAY_COMPLETE,ready_regime,BULL,0,0,,{}
binance,240,5,HOLDOUT,10,REPLAY_COMPLETE,ready_regime,BEAR,0,0,,{}
binance,240,5,HOLDOUT,10,REPLAY_COMPLETE,ready_regime,SIDEWAYS,0,0,,{}
binance,240,5,HOLDOUT,10,REPLAY_COMPLETE,ready_regime,UNKNOWN,0,0,,{}
binance,240,5,HOLDOUT,10,REPLAY_COMPLETE,ready_volatility_bucket,LOW,0,0,,{}
binance,240,5,HOLDOUT,10,REPLAY_COMPLETE,ready_volatility_bucket,MEDIUM,0,0,,{}
binance,240,5,HOLDOUT,10,REPLAY_COMPLETE,ready_volatility_bucket,HIGH,0,0,,{}
binance,240,5,HOLDOUT,10,REPLAY_COMPLETE,ready_volatility_bucket,UNKNOWN,0,0,,{}
binance,240,5,WALK_00,1,REPLAY_COMPLETE,symbol,BTCUSDT,0,0,,{}
binance,240,5,WALK_00,1,REPLAY_COMPLETE,symbol,ETHUSDT,0,0,,{}
binance,240,5,WALK_00,1,REPLAY_COMPLETE,symbol,SOLUSDT,0,0,,{}
binance,240,5,WALK_00,1,REPLAY_COMPLETE,symbol,XRPUSDT,0,0,,{}
binance,240,5,WALK_00,1,REPLAY_COMPLETE,symbol,BNBUSDT,0,0,,{}
binance,240,5,WALK_00,1,REPLAY_COMPLETE,symbol,DOGEUSDT,0,0,,{}
binance,240,5,WALK_00,1,REPLAY_COMPLETE,symbol,ADAUSDT,0,0,,{}
binance,240,5,WALK_00,1,REPLAY_COMPLETE,direction,LONG,0,0,,{}
binance,240,5,WALK_00,1,REPLAY_COMPLETE,direction,SHORT,0,0,,{}
binance,240,5,WALK_00,1,REPLAY_COMPLETE,ready_regime,BULL,0,0,,{}
binance,240,5,WALK_00,1,REPLAY_COMPLETE,ready_regime,BEAR,0,0,,{}
binance,240,5,WALK_00,1,REPLAY_COMPLETE,ready_regime,SIDEWAYS,0,0,,{}
binance,240,5,WALK_00,1,REPLAY_COMPLETE,ready_regime,UNKNOWN,0,0,,{}
binance,240,5,WALK_00,1,REPLAY_COMPLETE,ready_volatility_bucket,LOW,0,0,,{}
binance,240,5,WALK_00,1,REPLAY_COMPLETE,ready_volatility_bucket,MEDIUM,0,0,,{}
binance,240,5,WALK_00,1,REPLAY_COMPLETE,ready_volatility_bucket,HIGH,0,0,,{}
binance,240,5,WALK_00,1,REPLAY_COMPLETE,ready_volatility_bucket,UNKNOWN,0,0,,{}
binance,240,5,WALK_00,2,REPLAY_COMPLETE,symbol,BTCUSDT,0,0,,{}
binance,240,5,WALK_00,2,REPLAY_COMPLETE,symbol,ETHUSDT,0,0,,{}
binance,240,5,WALK_00,2,REPLAY_COMPLETE,symbol,SOLUSDT,0,0,,{}
binance,240,5,WALK_00,2,REPLAY_COMPLETE,symbol,XRPUSDT,0,0,,{}
binance,240,5,WALK_00,2,REPLAY_COMPLETE,symbol,BNBUSDT,0,0,,{}
binance,240,5,WALK_00,2,REPLAY_COMPLETE,symbol,DOGEUSDT,0,0,,{}
binance,240,5,WALK_00,2,REPLAY_COMPLETE,symbol,ADAUSDT,0,0,,{}
binance,240,5,WALK_00,2,REPLAY_COMPLETE,direction,LONG,0,0,,{}
binance,240,5,WALK_00,2,REPLAY_COMPLETE,direction,SHORT,0,0,,{}
binance,240,5,WALK_00,2,REPLAY_COMPLETE,ready_regime,BULL,0,0,,{}
binance,240,5,WALK_00,2,REPLAY_COMPLETE,ready_regime,BEAR,0,0,,{}
binance,240,5,WALK_00,2,REPLAY_COMPLETE,ready_regime,SIDEWAYS,0,0,,{}
binance,240,5,WALK_00,2,REPLAY_COMPLETE,ready_regime,UNKNOWN,0,0,,{}
binance,240,5,WALK_00,2,REPLAY_COMPLETE,ready_volatility_bucket,LOW,0,0,,{}
binance,240,5,WALK_00,2,REPLAY_COMPLETE,ready_volatility_bucket,MEDIUM,0,0,,{}
binance,240,5,WALK_00,2,REPLAY_COMPLETE,ready_volatility_bucket,HIGH,0,0,,{}
binance,240,5,WALK_00,2,REPLAY_COMPLETE,ready_volatility_bucket,UNKNOWN,0,0,,{}
binance,240,5,WALK_00,3,REPLAY_COMPLETE,symbol,BTCUSDT,0,0,,{}
binance,240,5,WALK_00,3,REPLAY_COMPLETE,symbol,ETHUSDT,0,0,,{}
binance,240,5,WALK_00,3,REPLAY_COMPLETE,symbol,SOLUSDT,0,0,,{}
binance,240,5,WALK_00,3,REPLAY_COMPLETE,symbol,XRPUSDT,0,0,,{}
binance,240,5,WALK_00,3,REPLAY_COMPLETE,symbol,BNBUSDT,0,0,,{}
binance,240,5,WALK_00,3,REPLAY_COMPLETE,symbol,DOGEUSDT,0,0,,{}
binance,240,5,WALK_00,3,REPLAY_COMPLETE,symbol,ADAUSDT,0,0,,{}
binance,240,5,WALK_00,3,REPLAY_COMPLETE,direction,LONG,0,0,,{}
binance,240,5,WALK_00,3,REPLAY_COMPLETE,direction,SHORT,0,0,,{}
binance,240,5,WALK_00,3,REPLAY_COMPLETE,ready_regime,BULL,0,0,,{}
binance,240,5,WALK_00,3,REPLAY_COMPLETE,ready_regime,BEAR,0,0,,{}
binance,240,5,WALK_00,3,REPLAY_COMPLETE,ready_regime,SIDEWAYS,0,0,,{}
binance,240,5,WALK_00,3,REPLAY_COMPLETE,ready_regime,UNKNOWN,0,0,,{}
binance,240,5,WALK_00,3,REPLAY_COMPLETE,ready_volatility_bucket,LOW,0,0,,{}
binance,240,5,WALK_00,3,REPLAY_COMPLETE,ready_volatility_bucket,MEDIUM,0,0,,{}
binance,240,5,WALK_00,3,REPLAY_COMPLETE,ready_volatility_bucket,HIGH,0,0,,{}
binance,240,5,WALK_00,3,REPLAY_COMPLETE,ready_volatility_bucket,UNKNOWN,0,0,,{}
binance,240,5,WALK_00,4,REPLAY_COMPLETE,symbol,BTCUSDT,0,0,,{}
binance,240,5,WALK_00,4,REPLAY_COMPLETE,symbol,ETHUSDT,0,0,,{}
binance,240,5,WALK_00,4,REPLAY_COMPLETE,symbol,SOLUSDT,0,0,,{}
binance,240,5,WALK_00,4,REPLAY_COMPLETE,symbol,XRPUSDT,0,0,,{}
binance,240,5,WALK_00,4,REPLAY_COMPLETE,symbol,BNBUSDT,0,0,,{}
binance,240,5,WALK_00,4,REPLAY_COMPLETE,symbol,DOGEUSDT,0,0,,{}
binance,240,5,WALK_00,4,REPLAY_COMPLETE,symbol,ADAUSDT,0,0,,{}
binance,240,5,WALK_00,4,REPLAY_COMPLETE,direction,LONG,0,0,,{}
binance,240,5,WALK_00,4,REPLAY_COMPLETE,direction,SHORT,0,0,,{}
binance,240,5,WALK_00,4,REPLAY_COMPLETE,ready_regime,BULL,0,0,,{}
binance,240,5,WALK_00,4,REPLAY_COMPLETE,ready_regime,BEAR,0,0,,{}
binance,240,5,WALK_00,4,REPLAY_COMPLETE,ready_regime,SIDEWAYS,0,0,,{}
binance,240,5,WALK_00,4,REPLAY_COMPLETE,ready_regime,UNKNOWN,0,0,,{}
binance,240,5,WALK_00,4,REPLAY_COMPLETE,ready_volatility_bucket,LOW,0,0,,{}
binance,240,5,WALK_00,4,REPLAY_COMPLETE,ready_volatility_bucket,MEDIUM,0,0,,{}
binance,240,5,WALK_00,4,REPLAY_COMPLETE,ready_volatility_bucket,HIGH,0,0,,{}
binance,240,5,WALK_00,4,REPLAY_COMPLETE,ready_volatility_bucket,UNKNOWN,0,0,,{}
binance,240,5,WALK_01,4,REPLAY_COMPLETE,symbol,BTCUSDT,0,0,,{}
binance,240,5,WALK_01,4,REPLAY_COMPLETE,symbol,ETHUSDT,0,0,,{}
binance,240,5,WALK_01,4,REPLAY_COMPLETE,symbol,SOLUSDT,0,0,,{}
binance,240,5,WALK_01,4,REPLAY_COMPLETE,symbol,XRPUSDT,0,0,,{}
binance,240,5,WALK_01,4,REPLAY_COMPLETE,symbol,BNBUSDT,0,0,,{}
binance,240,5,WALK_01,4,REPLAY_COMPLETE,symbol,DOGEUSDT,0,0,,{}
binance,240,5,WALK_01,4,REPLAY_COMPLETE,symbol,ADAUSDT,0,0,,{}
binance,240,5,WALK_01,4,REPLAY_COMPLETE,direction,LONG,0,0,,{}
binance,240,5,WALK_01,4,REPLAY_COMPLETE,direction,SHORT,0,0,,{}
binance,240,5,WALK_01,4,REPLAY_COMPLETE,ready_regime,BULL,0,0,,{}
binance,240,5,WALK_01,4,REPLAY_COMPLETE,ready_regime,BEAR,0,0,,{}
binance,240,5,WALK_01,4,REPLAY_COMPLETE,ready_regime,SIDEWAYS,0,0,,{}
binance,240,5,WALK_01,4,REPLAY_COMPLETE,ready_regime,UNKNOWN,0,0,,{}
binance,240,5,WALK_01,4,REPLAY_COMPLETE,ready_volatility_bucket,LOW,0,0,,{}
binance,240,5,WALK_01,4,REPLAY_COMPLETE,ready_volatility_bucket,MEDIUM,0,0,,{}
binance,240,5,WALK_01,4,REPLAY_COMPLETE,ready_volatility_bucket,HIGH,0,0,,{}
binance,240,5,WALK_01,4,REPLAY_COMPLETE,ready_volatility_bucket,UNKNOWN,0,0,,{}
binance,240,5,WALK_01,5,REPLAY_COMPLETE,symbol,BTCUSDT,0,0,,{}
binance,240,5,WALK_01,5,REPLAY_COMPLETE,symbol,ETHUSDT,0,0,,{}
binance,240,5,WALK_01,5,REPLAY_COMPLETE,symbol,SOLUSDT,0,0,,{}
binance,240,5,WALK_01,5,REPLAY_COMPLETE,symbol,XRPUSDT,0,0,,{}
binance,240,5,WALK_01,5,REPLAY_COMPLETE,symbol,BNBUSDT,0,0,,{}
binance,240,5,WALK_01,5,REPLAY_COMPLETE,symbol,DOGEUSDT,0,0,,{}
binance,240,5,WALK_01,5,REPLAY_COMPLETE,symbol,ADAUSDT,0,0,,{}
binance,240,5,WALK_01,5,REPLAY_COMPLETE,direction,LONG,0,0,,{}
binance,240,5,WALK_01,5,REPLAY_COMPLETE,direction,SHORT,0,0,,{}
binance,240,5,WALK_01,5,REPLAY_COMPLETE,ready_regime,BULL,0,0,,{}
binance,240,5,WALK_01,5,REPLAY_COMPLETE,ready_regime,BEAR,0,0,,{}
binance,240,5,WALK_01,5,REPLAY_COMPLETE,ready_regime,SIDEWAYS,0,0,,{}
binance,240,5,WALK_01,5,REPLAY_COMPLETE,ready_regime,UNKNOWN,0,0,,{}
binance,240,5,WALK_01,5,REPLAY_COMPLETE,ready_volatility_bucket,LOW,0,0,,{}
binance,240,5,WALK_01,5,REPLAY_COMPLETE,ready_volatility_bucket,MEDIUM,0,0,,{}
binance,240,5,WALK_01,5,REPLAY_COMPLETE,ready_volatility_bucket,HIGH,0,0,,{}
binance,240,5,WALK_01,5,REPLAY_COMPLETE,ready_volatility_bucket,UNKNOWN,0,0,,{}
binance,240,5,WALK_01,6,REPLAY_COMPLETE,symbol,BTCUSDT,0,0,,{}
binance,240,5,WALK_01,6,REPLAY_COMPLETE,symbol,ETHUSDT,0,0,,{}
binance,240,5,WALK_01,6,REPLAY_COMPLETE,symbol,SOLUSDT,0,0,,{}
binance,240,5,WALK_01,6,REPLAY_COMPLETE,symbol,XRPUSDT,0,0,,{}
binance,240,5,WALK_01,6,REPLAY_COMPLETE,symbol,BNBUSDT,0,0,,{}
binance,240,5,WALK_01,6,REPLAY_COMPLETE,symbol,DOGEUSDT,0,0,,{}
binance,240,5,WALK_01,6,REPLAY_COMPLETE,symbol,ADAUSDT,0,0,,{}
binance,240,5,WALK_01,6,REPLAY_COMPLETE,direction,LONG,0,0,,{}
binance,240,5,WALK_01,6,REPLAY_COMPLETE,direction,SHORT,0,0,,{}
binance,240,5,WALK_01,6,REPLAY_COMPLETE,ready_regime,BULL,0,0,,{}
binance,240,5,WALK_01,6,REPLAY_COMPLETE,ready_regime,BEAR,0,0,,{}
binance,240,5,WALK_01,6,REPLAY_COMPLETE,ready_regime,SIDEWAYS,0,0,,{}
binance,240,5,WALK_01,6,REPLAY_COMPLETE,ready_regime,UNKNOWN,0,0,,{}
binance,240,5,WALK_01,6,REPLAY_COMPLETE,ready_volatility_bucket,LOW,0,0,,{}
binance,240,5,WALK_01,6,REPLAY_COMPLETE,ready_volatility_bucket,MEDIUM,0,0,,{}
binance,240,5,WALK_01,6,REPLAY_COMPLETE,ready_volatility_bucket,HIGH,0,0,,{}
binance,240,5,WALK_01,6,REPLAY_COMPLETE,ready_volatility_bucket,UNKNOWN,0,0,,{}
binance,240,5,WALK_01,7,REPLAY_COMPLETE,symbol,BTCUSDT,0,0,,{}
binance,240,5,WALK_01,7,REPLAY_COMPLETE,symbol,ETHUSDT,0,0,,{}
binance,240,5,WALK_01,7,REPLAY_COMPLETE,symbol,SOLUSDT,0,0,,{}
binance,240,5,WALK_01,7,REPLAY_COMPLETE,symbol,XRPUSDT,0,0,,{}
binance,240,5,WALK_01,7,REPLAY_COMPLETE,symbol,BNBUSDT,0,0,,{}
binance,240,5,WALK_01,7,REPLAY_COMPLETE,symbol,DOGEUSDT,0,0,,{}
binance,240,5,WALK_01,7,REPLAY_COMPLETE,symbol,ADAUSDT,0,0,,{}
binance,240,5,WALK_01,7,REPLAY_COMPLETE,direction,LONG,0,0,,{}
binance,240,5,WALK_01,7,REPLAY_COMPLETE,direction,SHORT,0,0,,{}
binance,240,5,WALK_01,7,REPLAY_COMPLETE,ready_regime,BULL,0,0,,{}
binance,240,5,WALK_01,7,REPLAY_COMPLETE,ready_regime,BEAR,0,0,,{}
binance,240,5,WALK_01,7,REPLAY_COMPLETE,ready_regime,SIDEWAYS,0,0,,{}
binance,240,5,WALK_01,7,REPLAY_COMPLETE,ready_regime,UNKNOWN,0,0,,{}
binance,240,5,WALK_01,7,REPLAY_COMPLETE,ready_volatility_bucket,LOW,0,0,,{}
binance,240,5,WALK_01,7,REPLAY_COMPLETE,ready_volatility_bucket,MEDIUM,0,0,,{}
binance,240,5,WALK_01,7,REPLAY_COMPLETE,ready_volatility_bucket,HIGH,0,0,,{}
binance,240,5,WALK_01,7,REPLAY_COMPLETE,ready_volatility_bucket,UNKNOWN,0,0,,{}
binance,240,5,WALK_02,7,REPLAY_COMPLETE,symbol,BTCUSDT,0,0,,{}
binance,240,5,WALK_02,7,REPLAY_COMPLETE,symbol,ETHUSDT,0,0,,{}
binance,240,5,WALK_02,7,REPLAY_COMPLETE,symbol,SOLUSDT,0,0,,{}
binance,240,5,WALK_02,7,REPLAY_COMPLETE,symbol,XRPUSDT,0,0,,{}
binance,240,5,WALK_02,7,REPLAY_COMPLETE,symbol,BNBUSDT,0,0,,{}
binance,240,5,WALK_02,7,REPLAY_COMPLETE,symbol,DOGEUSDT,0,0,,{}
binance,240,5,WALK_02,7,REPLAY_COMPLETE,symbol,ADAUSDT,0,0,,{}
binance,240,5,WALK_02,7,REPLAY_COMPLETE,direction,LONG,0,0,,{}
binance,240,5,WALK_02,7,REPLAY_COMPLETE,direction,SHORT,0,0,,{}
binance,240,5,WALK_02,7,REPLAY_COMPLETE,ready_regime,BULL,0,0,,{}
binance,240,5,WALK_02,7,REPLAY_COMPLETE,ready_regime,BEAR,0,0,,{}
binance,240,5,WALK_02,7,REPLAY_COMPLETE,ready_regime,SIDEWAYS,0,0,,{}
binance,240,5,WALK_02,7,REPLAY_COMPLETE,ready_regime,UNKNOWN,0,0,,{}
binance,240,5,WALK_02,7,REPLAY_COMPLETE,ready_volatility_bucket,LOW,0,0,,{}
binance,240,5,WALK_02,7,REPLAY_COMPLETE,ready_volatility_bucket,MEDIUM,0,0,,{}
binance,240,5,WALK_02,7,REPLAY_COMPLETE,ready_volatility_bucket,HIGH,0,0,,{}
binance,240,5,WALK_02,7,REPLAY_COMPLETE,ready_volatility_bucket,UNKNOWN,0,0,,{}
binance,240,5,WALK_02,8,REPLAY_COMPLETE,symbol,BTCUSDT,0,0,,{}
binance,240,5,WALK_02,8,REPLAY_COMPLETE,symbol,ETHUSDT,0,0,,{}
binance,240,5,WALK_02,8,REPLAY_COMPLETE,symbol,SOLUSDT,0,0,,{}
binance,240,5,WALK_02,8,REPLAY_COMPLETE,symbol,XRPUSDT,0,0,,{}
binance,240,5,WALK_02,8,REPLAY_COMPLETE,symbol,BNBUSDT,0,0,,{}
binance,240,5,WALK_02,8,REPLAY_COMPLETE,symbol,DOGEUSDT,0,0,,{}
binance,240,5,WALK_02,8,REPLAY_COMPLETE,symbol,ADAUSDT,0,0,,{}
binance,240,5,WALK_02,8,REPLAY_COMPLETE,direction,LONG,0,0,,{}
binance,240,5,WALK_02,8,REPLAY_COMPLETE,direction,SHORT,0,0,,{}
binance,240,5,WALK_02,8,REPLAY_COMPLETE,ready_regime,BULL,0,0,,{}
binance,240,5,WALK_02,8,REPLAY_COMPLETE,ready_regime,BEAR,0,0,,{}
binance,240,5,WALK_02,8,REPLAY_COMPLETE,ready_regime,SIDEWAYS,0,0,,{}
binance,240,5,WALK_02,8,REPLAY_COMPLETE,ready_regime,UNKNOWN,0,0,,{}
binance,240,5,WALK_02,8,REPLAY_COMPLETE,ready_volatility_bucket,LOW,0,0,,{}
binance,240,5,WALK_02,8,REPLAY_COMPLETE,ready_volatility_bucket,MEDIUM,0,0,,{}
binance,240,5,WALK_02,8,REPLAY_COMPLETE,ready_volatility_bucket,HIGH,0,0,,{}
binance,240,5,WALK_02,8,REPLAY_COMPLETE,ready_volatility_bucket,UNKNOWN,0,0,,{}
binance,240,5,WALK_03,8,REPLAY_COMPLETE,symbol,BTCUSDT,0,0,,{}
binance,240,5,WALK_03,8,REPLAY_COMPLETE,symbol,ETHUSDT,0,0,,{}
binance,240,5,WALK_03,8,REPLAY_COMPLETE,symbol,SOLUSDT,0,0,,{}
binance,240,5,WALK_03,8,REPLAY_COMPLETE,symbol,XRPUSDT,0,0,,{}
binance,240,5,WALK_03,8,REPLAY_COMPLETE,symbol,BNBUSDT,0,0,,{}
binance,240,5,WALK_03,8,REPLAY_COMPLETE,symbol,DOGEUSDT,0,0,,{}
binance,240,5,WALK_03,8,REPLAY_COMPLETE,symbol,ADAUSDT,0,0,,{}
binance,240,5,WALK_03,8,REPLAY_COMPLETE,direction,LONG,0,0,,{}
binance,240,5,WALK_03,8,REPLAY_COMPLETE,direction,SHORT,0,0,,{}
binance,240,5,WALK_03,8,REPLAY_COMPLETE,ready_regime,BULL,0,0,,{}
binance,240,5,WALK_03,8,REPLAY_COMPLETE,ready_regime,BEAR,0,0,,{}
binance,240,5,WALK_03,8,REPLAY_COMPLETE,ready_regime,SIDEWAYS,0,0,,{}
binance,240,5,WALK_03,8,REPLAY_COMPLETE,ready_regime,UNKNOWN,0,0,,{}
binance,240,5,WALK_03,8,REPLAY_COMPLETE,ready_volatility_bucket,LOW,0,0,,{}
binance,240,5,WALK_03,8,REPLAY_COMPLETE,ready_volatility_bucket,MEDIUM,0,0,,{}
binance,240,5,WALK_03,8,REPLAY_COMPLETE,ready_volatility_bucket,HIGH,0,0,,{}
binance,240,5,WALK_03,8,REPLAY_COMPLETE,ready_volatility_bucket,UNKNOWN,0,0,,{}
binance,240,5,WALK_03,9,REPLAY_COMPLETE,symbol,BTCUSDT,0,0,,{}
binance,240,5,WALK_03,9,REPLAY_COMPLETE,symbol,ETHUSDT,0,0,,{}
binance,240,5,WALK_03,9,REPLAY_COMPLETE,symbol,SOLUSDT,0,0,,{}
binance,240,5,WALK_03,9,REPLAY_COMPLETE,symbol,XRPUSDT,0,0,,{}
binance,240,5,WALK_03,9,REPLAY_COMPLETE,symbol,BNBUSDT,0,0,,{}
binance,240,5,WALK_03,9,REPLAY_COMPLETE,symbol,DOGEUSDT,0,0,,{}
binance,240,5,WALK_03,9,REPLAY_COMPLETE,symbol,ADAUSDT,0,0,,{}
binance,240,5,WALK_03,9,REPLAY_COMPLETE,direction,LONG,0,0,,{}
binance,240,5,WALK_03,9,REPLAY_COMPLETE,direction,SHORT,0,0,,{}
binance,240,5,WALK_03,9,REPLAY_COMPLETE,ready_regime,BULL,0,0,,{}
binance,240,5,WALK_03,9,REPLAY_COMPLETE,ready_regime,BEAR,0,0,,{}
binance,240,5,WALK_03,9,REPLAY_COMPLETE,ready_regime,SIDEWAYS,0,0,,{}
binance,240,5,WALK_03,9,REPLAY_COMPLETE,ready_regime,UNKNOWN,0,0,,{}
binance,240,5,WALK_03,9,REPLAY_COMPLETE,ready_volatility_bucket,LOW,0,0,,{}
binance,240,5,WALK_03,9,REPLAY_COMPLETE,ready_volatility_bucket,MEDIUM,0,0,,{}
binance,240,5,WALK_03,9,REPLAY_COMPLETE,ready_volatility_bucket,HIGH,0,0,,{}
binance,240,5,WALK_03,9,REPLAY_COMPLETE,ready_volatility_bucket,UNKNOWN,0,0,,{}
binance,240,5,WALK_04,9,REPLAY_COMPLETE,symbol,BTCUSDT,0,0,,{}
binance,240,5,WALK_04,9,REPLAY_COMPLETE,symbol,ETHUSDT,0,0,,{}
binance,240,5,WALK_04,9,REPLAY_COMPLETE,symbol,SOLUSDT,0,0,,{}
binance,240,5,WALK_04,9,REPLAY_COMPLETE,symbol,XRPUSDT,0,0,,{}
binance,240,5,WALK_04,9,REPLAY_COMPLETE,symbol,BNBUSDT,0,0,,{}
binance,240,5,WALK_04,9,REPLAY_COMPLETE,symbol,DOGEUSDT,0,0,,{}
binance,240,5,WALK_04,9,REPLAY_COMPLETE,symbol,ADAUSDT,0,0,,{}
binance,240,5,WALK_04,9,REPLAY_COMPLETE,direction,LONG,0,0,,{}
binance,240,5,WALK_04,9,REPLAY_COMPLETE,direction,SHORT,0,0,,{}
binance,240,5,WALK_04,9,REPLAY_COMPLETE,ready_regime,BULL,0,0,,{}
binance,240,5,WALK_04,9,REPLAY_COMPLETE,ready_regime,BEAR,0,0,,{}
binance,240,5,WALK_04,9,REPLAY_COMPLETE,ready_regime,SIDEWAYS,0,0,,{}
binance,240,5,WALK_04,9,REPLAY_COMPLETE,ready_regime,UNKNOWN,0,0,,{}
binance,240,5,WALK_04,9,REPLAY_COMPLETE,ready_volatility_bucket,LOW,0,0,,{}
binance,240,5,WALK_04,9,REPLAY_COMPLETE,ready_volatility_bucket,MEDIUM,0,0,,{}
binance,240,5,WALK_04,9,REPLAY_COMPLETE,ready_volatility_bucket,HIGH,0,0,,{}
binance,240,5,WALK_04,9,REPLAY_COMPLETE,ready_volatility_bucket,UNKNOWN,0,0,,{}
binance,240,5,WALK_05,9,REPLAY_COMPLETE,symbol,BTCUSDT,0,0,,{}
binance,240,5,WALK_05,9,REPLAY_COMPLETE,symbol,ETHUSDT,0,0,,{}
binance,240,5,WALK_05,9,REPLAY_COMPLETE,symbol,SOLUSDT,0,0,,{}
binance,240,5,WALK_05,9,REPLAY_COMPLETE,symbol,XRPUSDT,0,0,,{}
binance,240,5,WALK_05,9,REPLAY_COMPLETE,symbol,BNBUSDT,0,0,,{}
binance,240,5,WALK_05,9,REPLAY_COMPLETE,symbol,DOGEUSDT,0,0,,{}
binance,240,5,WALK_05,9,REPLAY_COMPLETE,symbol,ADAUSDT,0,0,,{}
binance,240,5,WALK_05,9,REPLAY_COMPLETE,direction,LONG,0,0,,{}
binance,240,5,WALK_05,9,REPLAY_COMPLETE,direction,SHORT,0,0,,{}
binance,240,5,WALK_05,9,REPLAY_COMPLETE,ready_regime,BULL,0,0,,{}
binance,240,5,WALK_05,9,REPLAY_COMPLETE,ready_regime,BEAR,0,0,,{}
binance,240,5,WALK_05,9,REPLAY_COMPLETE,ready_regime,SIDEWAYS,0,0,,{}
binance,240,5,WALK_05,9,REPLAY_COMPLETE,ready_regime,UNKNOWN,0,0,,{}
binance,240,5,WALK_05,9,REPLAY_COMPLETE,ready_volatility_bucket,LOW,0,0,,{}
binance,240,5,WALK_05,9,REPLAY_COMPLETE,ready_volatility_bucket,MEDIUM,0,0,,{}
binance,240,5,WALK_05,9,REPLAY_COMPLETE,ready_volatility_bucket,HIGH,0,0,,{}
binance,240,5,WALK_05,9,REPLAY_COMPLETE,ready_volatility_bucket,UNKNOWN,0,0,,{}
binance,240,5,WALK_06,9,REPLAY_COMPLETE,symbol,BTCUSDT,0,0,,{}
binance,240,5,WALK_06,9,REPLAY_COMPLETE,symbol,ETHUSDT,0,0,,{}
binance,240,5,WALK_06,9,REPLAY_COMPLETE,symbol,SOLUSDT,0,0,,{}
binance,240,5,WALK_06,9,REPLAY_COMPLETE,symbol,XRPUSDT,0,0,,{}
binance,240,5,WALK_06,9,REPLAY_COMPLETE,symbol,BNBUSDT,0,0,,{}
binance,240,5,WALK_06,9,REPLAY_COMPLETE,symbol,DOGEUSDT,0,0,,{}
binance,240,5,WALK_06,9,REPLAY_COMPLETE,symbol,ADAUSDT,0,0,,{}
binance,240,5,WALK_06,9,REPLAY_COMPLETE,direction,LONG,0,0,,{}
binance,240,5,WALK_06,9,REPLAY_COMPLETE,direction,SHORT,0,0,,{}
binance,240,5,WALK_06,9,REPLAY_COMPLETE,ready_regime,BULL,0,0,,{}
binance,240,5,WALK_06,9,REPLAY_COMPLETE,ready_regime,BEAR,0,0,,{}
binance,240,5,WALK_06,9,REPLAY_COMPLETE,ready_regime,SIDEWAYS,0,0,,{}
binance,240,5,WALK_06,9,REPLAY_COMPLETE,ready_regime,UNKNOWN,0,0,,{}
binance,240,5,WALK_06,9,REPLAY_COMPLETE,ready_volatility_bucket,LOW,0,0,,{}
binance,240,5,WALK_06,9,REPLAY_COMPLETE,ready_volatility_bucket,MEDIUM,0,0,,{}
binance,240,5,WALK_06,9,REPLAY_COMPLETE,ready_volatility_bucket,HIGH,0,0,,{}
binance,240,5,WALK_06,9,REPLAY_COMPLETE,ready_volatility_bucket,UNKNOWN,0,0,,{}
binance,240,5,WALK_07,9,REPLAY_COMPLETE,symbol,BTCUSDT,0,0,,{}
binance,240,5,WALK_07,9,REPLAY_COMPLETE,symbol,ETHUSDT,0,0,,{}
binance,240,5,WALK_07,9,REPLAY_COMPLETE,symbol,SOLUSDT,0,0,,{}
binance,240,5,WALK_07,9,REPLAY_COMPLETE,symbol,XRPUSDT,0,0,,{}
binance,240,5,WALK_07,9,REPLAY_COMPLETE,symbol,BNBUSDT,0,0,,{}
binance,240,5,WALK_07,9,REPLAY_COMPLETE,symbol,DOGEUSDT,0,0,,{}
binance,240,5,WALK_07,9,REPLAY_COMPLETE,symbol,ADAUSDT,0,0,,{}
binance,240,5,WALK_07,9,REPLAY_COMPLETE,direction,LONG,0,0,,{}
binance,240,5,WALK_07,9,REPLAY_COMPLETE,direction,SHORT,0,0,,{}
binance,240,5,WALK_07,9,REPLAY_COMPLETE,ready_regime,BULL,0,0,,{}
binance,240,5,WALK_07,9,REPLAY_COMPLETE,ready_regime,BEAR,0,0,,{}
binance,240,5,WALK_07,9,REPLAY_COMPLETE,ready_regime,SIDEWAYS,0,0,,{}
binance,240,5,WALK_07,9,REPLAY_COMPLETE,ready_regime,UNKNOWN,0,0,,{}
binance,240,5,WALK_07,9,REPLAY_COMPLETE,ready_volatility_bucket,LOW,0,0,,{}
binance,240,5,WALK_07,9,REPLAY_COMPLETE,ready_volatility_bucket,MEDIUM,0,0,,{}
binance,240,5,WALK_07,9,REPLAY_COMPLETE,ready_volatility_bucket,HIGH,0,0,,{}
binance,240,5,WALK_07,9,REPLAY_COMPLETE,ready_volatility_bucket,UNKNOWN,0,0,,{}
binance,240,5,WALK_08,9,REPLAY_COMPLETE,symbol,BTCUSDT,0,0,,{}
binance,240,5,WALK_08,9,REPLAY_COMPLETE,symbol,ETHUSDT,0,0,,{}
binance,240,5,WALK_08,9,REPLAY_COMPLETE,symbol,SOLUSDT,0,0,,{}
binance,240,5,WALK_08,9,REPLAY_COMPLETE,symbol,XRPUSDT,0,0,,{}
binance,240,5,WALK_08,9,REPLAY_COMPLETE,symbol,BNBUSDT,0,0,,{}
binance,240,5,WALK_08,9,REPLAY_COMPLETE,symbol,DOGEUSDT,0,0,,{}
binance,240,5,WALK_08,9,REPLAY_COMPLETE,symbol,ADAUSDT,0,0,,{}
binance,240,5,WALK_08,9,REPLAY_COMPLETE,direction,LONG,0,0,,{}
binance,240,5,WALK_08,9,REPLAY_COMPLETE,direction,SHORT,0,0,,{}
binance,240,5,WALK_08,9,REPLAY_COMPLETE,ready_regime,BULL,0,0,,{}
binance,240,5,WALK_08,9,REPLAY_COMPLETE,ready_regime,BEAR,0,0,,{}
binance,240,5,WALK_08,9,REPLAY_COMPLETE,ready_regime,SIDEWAYS,0,0,,{}
binance,240,5,WALK_08,9,REPLAY_COMPLETE,ready_regime,UNKNOWN,0,0,,{}
binance,240,5,WALK_08,9,REPLAY_COMPLETE,ready_volatility_bucket,LOW,0,0,,{}
binance,240,5,WALK_08,9,REPLAY_COMPLETE,ready_volatility_bucket,MEDIUM,0,0,,{}
binance,240,5,WALK_08,9,REPLAY_COMPLETE,ready_volatility_bucket,HIGH,0,0,,{}
binance,240,5,WALK_08,9,REPLAY_COMPLETE,ready_volatility_bucket,UNKNOWN,0,0,,{}
binance,240,5,WALK_09,9,REPLAY_COMPLETE,symbol,BTCUSDT,0,0,,{}
binance,240,5,WALK_09,9,REPLAY_COMPLETE,symbol,ETHUSDT,0,0,,{}
binance,240,5,WALK_09,9,REPLAY_COMPLETE,symbol,SOLUSDT,0,0,,{}
binance,240,5,WALK_09,9,REPLAY_COMPLETE,symbol,XRPUSDT,0,0,,{}
binance,240,5,WALK_09,9,REPLAY_COMPLETE,symbol,BNBUSDT,0,0,,{}
binance,240,5,WALK_09,9,REPLAY_COMPLETE,symbol,DOGEUSDT,0,0,,{}
binance,240,5,WALK_09,9,REPLAY_COMPLETE,symbol,ADAUSDT,0,0,,{}
binance,240,5,WALK_09,9,REPLAY_COMPLETE,direction,LONG,0,0,,{}
binance,240,5,WALK_09,9,REPLAY_COMPLETE,direction,SHORT,0,0,,{}
binance,240,5,WALK_09,9,REPLAY_COMPLETE,ready_regime,BULL,0,0,,{}
binance,240,5,WALK_09,9,REPLAY_COMPLETE,ready_regime,BEAR,0,0,,{}
binance,240,5,WALK_09,9,REPLAY_COMPLETE,ready_regime,SIDEWAYS,0,0,,{}
binance,240,5,WALK_09,9,REPLAY_COMPLETE,ready_regime,UNKNOWN,0,0,,{}
binance,240,5,WALK_09,9,REPLAY_COMPLETE,ready_volatility_bucket,LOW,0,0,,{}
binance,240,5,WALK_09,9,REPLAY_COMPLETE,ready_volatility_bucket,MEDIUM,0,0,,{}
binance,240,5,WALK_09,9,REPLAY_COMPLETE,ready_volatility_bucket,HIGH,0,0,,{}
binance,240,5,WALK_09,9,REPLAY_COMPLETE,ready_volatility_bucket,UNKNOWN,0,0,,{}
binance,240,5,WALK_09,10,REPLAY_COMPLETE,symbol,BTCUSDT,0,0,,{}
binance,240,5,WALK_09,10,REPLAY_COMPLETE,symbol,ETHUSDT,0,0,,{}
binance,240,5,WALK_09,10,REPLAY_COMPLETE,symbol,SOLUSDT,0,0,,{}
binance,240,5,WALK_09,10,REPLAY_COMPLETE,symbol,XRPUSDT,0,0,,{}
binance,240,5,WALK_09,10,REPLAY_COMPLETE,symbol,BNBUSDT,0,0,,{}
binance,240,5,WALK_09,10,REPLAY_COMPLETE,symbol,DOGEUSDT,0,0,,{}
binance,240,5,WALK_09,10,REPLAY_COMPLETE,symbol,ADAUSDT,0,0,,{}
binance,240,5,WALK_09,10,REPLAY_COMPLETE,direction,LONG,0,0,,{}
binance,240,5,WALK_09,10,REPLAY_COMPLETE,direction,SHORT,0,0,,{}
binance,240,5,WALK_09,10,REPLAY_COMPLETE,ready_regime,BULL,0,0,,{}
binance,240,5,WALK_09,10,REPLAY_COMPLETE,ready_regime,BEAR,0,0,,{}
binance,240,5,WALK_09,10,REPLAY_COMPLETE,ready_regime,SIDEWAYS,0,0,,{}
binance,240,5,WALK_09,10,REPLAY_COMPLETE,ready_regime,UNKNOWN,0,0,,{}
binance,240,5,WALK_09,10,REPLAY_COMPLETE,ready_volatility_bucket,LOW,0,0,,{}
binance,240,5,WALK_09,10,REPLAY_COMPLETE,ready_volatility_bucket,MEDIUM,0,0,,{}
binance,240,5,WALK_09,10,REPLAY_COMPLETE,ready_volatility_bucket,HIGH,0,0,,{}
binance,240,5,WALK_09,10,REPLAY_COMPLETE,ready_volatility_bucket,UNKNOWN,0,0,,{}
binance,240,5,WALK_10,10,REPLAY_COMPLETE,symbol,BTCUSDT,0,0,,{}
binance,240,5,WALK_10,10,REPLAY_COMPLETE,symbol,ETHUSDT,0,0,,{}
binance,240,5,WALK_10,10,REPLAY_COMPLETE,symbol,SOLUSDT,0,0,,{}
binance,240,5,WALK_10,10,REPLAY_COMPLETE,symbol,XRPUSDT,0,0,,{}
binance,240,5,WALK_10,10,REPLAY_COMPLETE,symbol,BNBUSDT,0,0,,{}
binance,240,5,WALK_10,10,REPLAY_COMPLETE,symbol,DOGEUSDT,0,0,,{}
binance,240,5,WALK_10,10,REPLAY_COMPLETE,symbol,ADAUSDT,0,0,,{}
binance,240,5,WALK_10,10,REPLAY_COMPLETE,direction,LONG,0,0,,{}
binance,240,5,WALK_10,10,REPLAY_COMPLETE,direction,SHORT,0,0,,{}
binance,240,5,WALK_10,10,REPLAY_COMPLETE,ready_regime,BULL,0,0,,{}
binance,240,5,WALK_10,10,REPLAY_COMPLETE,ready_regime,BEAR,0,0,,{}
binance,240,5,WALK_10,10,REPLAY_COMPLETE,ready_regime,SIDEWAYS,0,0,,{}
binance,240,5,WALK_10,10,REPLAY_COMPLETE,ready_regime,UNKNOWN,0,0,,{}
binance,240,5,WALK_10,10,REPLAY_COMPLETE,ready_volatility_bucket,LOW,0,0,,{}
binance,240,5,WALK_10,10,REPLAY_COMPLETE,ready_volatility_bucket,MEDIUM,0,0,,{}
binance,240,5,WALK_10,10,REPLAY_COMPLETE,ready_volatility_bucket,HIGH,0,0,,{}
binance,240,5,WALK_10,10,REPLAY_COMPLETE,ready_volatility_bucket,UNKNOWN,0,0,,{}
binance,240,5,WALK_11,10,REPLAY_COMPLETE,symbol,BTCUSDT,0,0,,{}
binance,240,5,WALK_11,10,REPLAY_COMPLETE,symbol,ETHUSDT,0,0,,{}
binance,240,5,WALK_11,10,REPLAY_COMPLETE,symbol,SOLUSDT,0,0,,{}
binance,240,5,WALK_11,10,REPLAY_COMPLETE,symbol,XRPUSDT,0,0,,{}
binance,240,5,WALK_11,10,REPLAY_COMPLETE,symbol,BNBUSDT,0,0,,{}
binance,240,5,WALK_11,10,REPLAY_COMPLETE,symbol,DOGEUSDT,0,0,,{}
binance,240,5,WALK_11,10,REPLAY_COMPLETE,symbol,ADAUSDT,0,0,,{}
binance,240,5,WALK_11,10,REPLAY_COMPLETE,direction,LONG,0,0,,{}
binance,240,5,WALK_11,10,REPLAY_COMPLETE,direction,SHORT,0,0,,{}
binance,240,5,WALK_11,10,REPLAY_COMPLETE,ready_regime,BULL,0,0,,{}
binance,240,5,WALK_11,10,REPLAY_COMPLETE,ready_regime,BEAR,0,0,,{}
binance,240,5,WALK_11,10,REPLAY_COMPLETE,ready_regime,SIDEWAYS,0,0,,{}
binance,240,5,WALK_11,10,REPLAY_COMPLETE,ready_regime,UNKNOWN,0,0,,{}
binance,240,5,WALK_11,10,REPLAY_COMPLETE,ready_volatility_bucket,LOW,0,0,,{}
binance,240,5,WALK_11,10,REPLAY_COMPLETE,ready_volatility_bucket,MEDIUM,0,0,,{}
binance,240,5,WALK_11,10,REPLAY_COMPLETE,ready_volatility_bucket,HIGH,0,0,,{}
binance,240,5,WALK_11,10,REPLAY_COMPLETE,ready_volatility_bucket,UNKNOWN,0,0,,{}
binance,240,5,WALK_12,10,REPLAY_COMPLETE,symbol,BTCUSDT,0,0,,{}
binance,240,5,WALK_12,10,REPLAY_COMPLETE,symbol,ETHUSDT,0,0,,{}
binance,240,5,WALK_12,10,REPLAY_COMPLETE,symbol,SOLUSDT,0,0,,{}
binance,240,5,WALK_12,10,REPLAY_COMPLETE,symbol,XRPUSDT,0,0,,{}
binance,240,5,WALK_12,10,REPLAY_COMPLETE,symbol,BNBUSDT,0,0,,{}
binance,240,5,WALK_12,10,REPLAY_COMPLETE,symbol,DOGEUSDT,0,0,,{}
binance,240,5,WALK_12,10,REPLAY_COMPLETE,symbol,ADAUSDT,0,0,,{}
binance,240,5,WALK_12,10,REPLAY_COMPLETE,direction,LONG,0,0,,{}
binance,240,5,WALK_12,10,REPLAY_COMPLETE,direction,SHORT,0,0,,{}
binance,240,5,WALK_12,10,REPLAY_COMPLETE,ready_regime,BULL,0,0,,{}
binance,240,5,WALK_12,10,REPLAY_COMPLETE,ready_regime,BEAR,0,0,,{}
binance,240,5,WALK_12,10,REPLAY_COMPLETE,ready_regime,SIDEWAYS,0,0,,{}
binance,240,5,WALK_12,10,REPLAY_COMPLETE,ready_regime,UNKNOWN,0,0,,{}
binance,240,5,WALK_12,10,REPLAY_COMPLETE,ready_volatility_bucket,LOW,0,0,,{}
binance,240,5,WALK_12,10,REPLAY_COMPLETE,ready_volatility_bucket,MEDIUM,0,0,,{}
binance,240,5,WALK_12,10,REPLAY_COMPLETE,ready_volatility_bucket,HIGH,0,0,,{}
binance,240,5,WALK_12,10,REPLAY_COMPLETE,ready_volatility_bucket,UNKNOWN,0,0,,{}
binance,240,5,WALK_13,10,REPLAY_COMPLETE,symbol,BTCUSDT,0,0,,{}
binance,240,5,WALK_13,10,REPLAY_COMPLETE,symbol,ETHUSDT,0,0,,{}
binance,240,5,WALK_13,10,REPLAY_COMPLETE,symbol,SOLUSDT,0,0,,{}
binance,240,5,WALK_13,10,REPLAY_COMPLETE,symbol,XRPUSDT,0,0,,{}
binance,240,5,WALK_13,10,REPLAY_COMPLETE,symbol,BNBUSDT,0,0,,{}
binance,240,5,WALK_13,10,REPLAY_COMPLETE,symbol,DOGEUSDT,0,0,,{}
binance,240,5,WALK_13,10,REPLAY_COMPLETE,symbol,ADAUSDT,0,0,,{}
binance,240,5,WALK_13,10,REPLAY_COMPLETE,direction,LONG,0,0,,{}
binance,240,5,WALK_13,10,REPLAY_COMPLETE,direction,SHORT,0,0,,{}
binance,240,5,WALK_13,10,REPLAY_COMPLETE,ready_regime,BULL,0,0,,{}
binance,240,5,WALK_13,10,REPLAY_COMPLETE,ready_regime,BEAR,0,0,,{}
binance,240,5,WALK_13,10,REPLAY_COMPLETE,ready_regime,SIDEWAYS,0,0,,{}
binance,240,5,WALK_13,10,REPLAY_COMPLETE,ready_regime,UNKNOWN,0,0,,{}
binance,240,5,WALK_13,10,REPLAY_COMPLETE,ready_volatility_bucket,LOW,0,0,,{}
binance,240,5,WALK_13,10,REPLAY_COMPLETE,ready_volatility_bucket,MEDIUM,0,0,,{}
binance,240,5,WALK_13,10,REPLAY_COMPLETE,ready_volatility_bucket,HIGH,0,0,,{}
binance,240,5,WALK_13,10,REPLAY_COMPLETE,ready_volatility_bucket,UNKNOWN,0,0,,{}
binance,240,5,WALK_14,10,REPLAY_COMPLETE,symbol,BTCUSDT,0,0,,{}
binance,240,5,WALK_14,10,REPLAY_COMPLETE,symbol,ETHUSDT,0,0,,{}
binance,240,5,WALK_14,10,REPLAY_COMPLETE,symbol,SOLUSDT,0,0,,{}
binance,240,5,WALK_14,10,REPLAY_COMPLETE,symbol,XRPUSDT,0,0,,{}
binance,240,5,WALK_14,10,REPLAY_COMPLETE,symbol,BNBUSDT,0,0,,{}
binance,240,5,WALK_14,10,REPLAY_COMPLETE,symbol,DOGEUSDT,0,0,,{}
binance,240,5,WALK_14,10,REPLAY_COMPLETE,symbol,ADAUSDT,0,0,,{}
binance,240,5,WALK_14,10,REPLAY_COMPLETE,direction,LONG,0,0,,{}
binance,240,5,WALK_14,10,REPLAY_COMPLETE,direction,SHORT,0,0,,{}
binance,240,5,WALK_14,10,REPLAY_COMPLETE,ready_regime,BULL,0,0,,{}
binance,240,5,WALK_14,10,REPLAY_COMPLETE,ready_regime,BEAR,0,0,,{}
binance,240,5,WALK_14,10,REPLAY_COMPLETE,ready_regime,SIDEWAYS,0,0,,{}
binance,240,5,WALK_14,10,REPLAY_COMPLETE,ready_regime,UNKNOWN,0,0,,{}
binance,240,5,WALK_14,10,REPLAY_COMPLETE,ready_volatility_bucket,LOW,0,0,,{}
binance,240,5,WALK_14,10,REPLAY_COMPLETE,ready_volatility_bucket,MEDIUM,0,0,,{}
binance,240,5,WALK_14,10,REPLAY_COMPLETE,ready_volatility_bucket,HIGH,0,0,,{}
binance,240,5,WALK_14,10,REPLAY_COMPLETE,ready_volatility_bucket,UNKNOWN,0,0,,{}
binance,240,5,WALK_15,10,REPLAY_COMPLETE,symbol,BTCUSDT,0,0,,{}
binance,240,5,WALK_15,10,REPLAY_COMPLETE,symbol,ETHUSDT,0,0,,{}
binance,240,5,WALK_15,10,REPLAY_COMPLETE,symbol,SOLUSDT,0,0,,{}
binance,240,5,WALK_15,10,REPLAY_COMPLETE,symbol,XRPUSDT,0,0,,{}
binance,240,5,WALK_15,10,REPLAY_COMPLETE,symbol,BNBUSDT,0,0,,{}
binance,240,5,WALK_15,10,REPLAY_COMPLETE,symbol,DOGEUSDT,0,0,,{}
binance,240,5,WALK_15,10,REPLAY_COMPLETE,symbol,ADAUSDT,0,0,,{}
binance,240,5,WALK_15,10,REPLAY_COMPLETE,direction,LONG,0,0,,{}
binance,240,5,WALK_15,10,REPLAY_COMPLETE,direction,SHORT,0,0,,{}
binance,240,5,WALK_15,10,REPLAY_COMPLETE,ready_regime,BULL,0,0,,{}
binance,240,5,WALK_15,10,REPLAY_COMPLETE,ready_regime,BEAR,0,0,,{}
binance,240,5,WALK_15,10,REPLAY_COMPLETE,ready_regime,SIDEWAYS,0,0,,{}
binance,240,5,WALK_15,10,REPLAY_COMPLETE,ready_regime,UNKNOWN,0,0,,{}
binance,240,5,WALK_15,10,REPLAY_COMPLETE,ready_volatility_bucket,LOW,0,0,,{}
binance,240,5,WALK_15,10,REPLAY_COMPLETE,ready_volatility_bucket,MEDIUM,0,0,,{}
binance,240,5,WALK_15,10,REPLAY_COMPLETE,ready_volatility_bucket,HIGH,0,0,,{}
binance,240,5,WALK_15,10,REPLAY_COMPLETE,ready_volatility_bucket,UNKNOWN,0,0,,{}
binance,240,5,WALK_16,10,REPLAY_COMPLETE,symbol,BTCUSDT,0,0,,{}
binance,240,5,WALK_16,10,REPLAY_COMPLETE,symbol,ETHUSDT,0,0,,{}
binance,240,5,WALK_16,10,REPLAY_COMPLETE,symbol,SOLUSDT,0,0,,{}
binance,240,5,WALK_16,10,REPLAY_COMPLETE,symbol,XRPUSDT,0,0,,{}
binance,240,5,WALK_16,10,REPLAY_COMPLETE,symbol,BNBUSDT,0,0,,{}
binance,240,5,WALK_16,10,REPLAY_COMPLETE,symbol,DOGEUSDT,0,0,,{}
binance,240,5,WALK_16,10,REPLAY_COMPLETE,symbol,ADAUSDT,0,0,,{}
binance,240,5,WALK_16,10,REPLAY_COMPLETE,direction,LONG,0,0,,{}
binance,240,5,WALK_16,10,REPLAY_COMPLETE,direction,SHORT,0,0,,{}
binance,240,5,WALK_16,10,REPLAY_COMPLETE,ready_regime,BULL,0,0,,{}
binance,240,5,WALK_16,10,REPLAY_COMPLETE,ready_regime,BEAR,0,0,,{}
binance,240,5,WALK_16,10,REPLAY_COMPLETE,ready_regime,SIDEWAYS,0,0,,{}
binance,240,5,WALK_16,10,REPLAY_COMPLETE,ready_regime,UNKNOWN,0,0,,{}
binance,240,5,WALK_16,10,REPLAY_COMPLETE,ready_volatility_bucket,LOW,0,0,,{}
binance,240,5,WALK_16,10,REPLAY_COMPLETE,ready_volatility_bucket,MEDIUM,0,0,,{}
binance,240,5,WALK_16,10,REPLAY_COMPLETE,ready_volatility_bucket,HIGH,0,0,,{}
binance,240,5,WALK_16,10,REPLAY_COMPLETE,ready_volatility_bucket,UNKNOWN,0,0,,{}
binance,240,5,WALK_17,10,REPLAY_COMPLETE,symbol,BTCUSDT,0,0,,{}
binance,240,5,WALK_17,10,REPLAY_COMPLETE,symbol,ETHUSDT,0,0,,{}
binance,240,5,WALK_17,10,REPLAY_COMPLETE,symbol,SOLUSDT,0,0,,{}
binance,240,5,WALK_17,10,REPLAY_COMPLETE,symbol,XRPUSDT,0,0,,{}
binance,240,5,WALK_17,10,REPLAY_COMPLETE,symbol,BNBUSDT,0,0,,{}
binance,240,5,WALK_17,10,REPLAY_COMPLETE,symbol,DOGEUSDT,0,0,,{}
binance,240,5,WALK_17,10,REPLAY_COMPLETE,symbol,ADAUSDT,0,0,,{}
binance,240,5,WALK_17,10,REPLAY_COMPLETE,direction,LONG,0,0,,{}
binance,240,5,WALK_17,10,REPLAY_COMPLETE,direction,SHORT,0,0,,{}
binance,240,5,WALK_17,10,REPLAY_COMPLETE,ready_regime,BULL,0,0,,{}
binance,240,5,WALK_17,10,REPLAY_COMPLETE,ready_regime,BEAR,0,0,,{}
binance,240,5,WALK_17,10,REPLAY_COMPLETE,ready_regime,SIDEWAYS,0,0,,{}
binance,240,5,WALK_17,10,REPLAY_COMPLETE,ready_regime,UNKNOWN,0,0,,{}
binance,240,5,WALK_17,10,REPLAY_COMPLETE,ready_volatility_bucket,LOW,0,0,,{}
binance,240,5,WALK_17,10,REPLAY_COMPLETE,ready_volatility_bucket,MEDIUM,0,0,,{}
binance,240,5,WALK_17,10,REPLAY_COMPLETE,ready_volatility_bucket,HIGH,0,0,,{}
binance,240,5,WALK_17,10,REPLAY_COMPLETE,ready_volatility_bucket,UNKNOWN,0,0,,{}
binance,240,5,WALK_18,10,REPLAY_COMPLETE,symbol,BTCUSDT,0,0,,{}
binance,240,5,WALK_18,10,REPLAY_COMPLETE,symbol,ETHUSDT,0,0,,{}
binance,240,5,WALK_18,10,REPLAY_COMPLETE,symbol,SOLUSDT,0,0,,{}
binance,240,5,WALK_18,10,REPLAY_COMPLETE,symbol,XRPUSDT,0,0,,{}
binance,240,5,WALK_18,10,REPLAY_COMPLETE,symbol,BNBUSDT,0,0,,{}
binance,240,5,WALK_18,10,REPLAY_COMPLETE,symbol,DOGEUSDT,0,0,,{}
binance,240,5,WALK_18,10,REPLAY_COMPLETE,symbol,ADAUSDT,0,0,,{}
binance,240,5,WALK_18,10,REPLAY_COMPLETE,direction,LONG,0,0,,{}
binance,240,5,WALK_18,10,REPLAY_COMPLETE,direction,SHORT,0,0,,{}
binance,240,5,WALK_18,10,REPLAY_COMPLETE,ready_regime,BULL,0,0,,{}
binance,240,5,WALK_18,10,REPLAY_COMPLETE,ready_regime,BEAR,0,0,,{}
binance,240,5,WALK_18,10,REPLAY_COMPLETE,ready_regime,SIDEWAYS,0,0,,{}
binance,240,5,WALK_18,10,REPLAY_COMPLETE,ready_regime,UNKNOWN,0,0,,{}
binance,240,5,WALK_18,10,REPLAY_COMPLETE,ready_volatility_bucket,LOW,0,0,,{}
binance,240,5,WALK_18,10,REPLAY_COMPLETE,ready_volatility_bucket,MEDIUM,0,0,,{}
binance,240,5,WALK_18,10,REPLAY_COMPLETE,ready_volatility_bucket,HIGH,0,0,,{}
binance,240,5,WALK_18,10,REPLAY_COMPLETE,ready_volatility_bucket,UNKNOWN,0,0,,{}
binance,240,5,WALK_19,10,REPLAY_COMPLETE,symbol,BTCUSDT,0,0,,{}
binance,240,5,WALK_19,10,REPLAY_COMPLETE,symbol,ETHUSDT,0,0,,{}
binance,240,5,WALK_19,10,REPLAY_COMPLETE,symbol,SOLUSDT,0,0,,{}
binance,240,5,WALK_19,10,REPLAY_COMPLETE,symbol,XRPUSDT,0,0,,{}
binance,240,5,WALK_19,10,REPLAY_COMPLETE,symbol,BNBUSDT,0,0,,{}
binance,240,5,WALK_19,10,REPLAY_COMPLETE,symbol,DOGEUSDT,0,0,,{}
binance,240,5,WALK_19,10,REPLAY_COMPLETE,symbol,ADAUSDT,0,0,,{}
binance,240,5,WALK_19,10,REPLAY_COMPLETE,direction,LONG,0,0,,{}
binance,240,5,WALK_19,10,REPLAY_COMPLETE,direction,SHORT,0,0,,{}
binance,240,5,WALK_19,10,REPLAY_COMPLETE,ready_regime,BULL,0,0,,{}
binance,240,5,WALK_19,10,REPLAY_COMPLETE,ready_regime,BEAR,0,0,,{}
binance,240,5,WALK_19,10,REPLAY_COMPLETE,ready_regime,SIDEWAYS,0,0,,{}
binance,240,5,WALK_19,10,REPLAY_COMPLETE,ready_regime,UNKNOWN,0,0,,{}
binance,240,5,WALK_19,10,REPLAY_COMPLETE,ready_volatility_bucket,LOW,0,0,,{}
binance,240,5,WALK_19,10,REPLAY_COMPLETE,ready_volatility_bucket,MEDIUM,0,0,,{}
binance,240,5,WALK_19,10,REPLAY_COMPLETE,ready_volatility_bucket,HIGH,0,0,,{}
binance,240,5,WALK_19,10,REPLAY_COMPLETE,ready_volatility_bucket,UNKNOWN,0,0,,{}
binance,240,5,WALK_20,10,REPLAY_COMPLETE,symbol,BTCUSDT,0,0,,{}
binance,240,5,WALK_20,10,REPLAY_COMPLETE,symbol,ETHUSDT,0,0,,{}
binance,240,5,WALK_20,10,REPLAY_COMPLETE,symbol,SOLUSDT,0,0,,{}
binance,240,5,WALK_20,10,REPLAY_COMPLETE,symbol,XRPUSDT,0,0,,{}
binance,240,5,WALK_20,10,REPLAY_COMPLETE,symbol,BNBUSDT,0,0,,{}
binance,240,5,WALK_20,10,REPLAY_COMPLETE,symbol,DOGEUSDT,0,0,,{}
binance,240,5,WALK_20,10,REPLAY_COMPLETE,symbol,ADAUSDT,0,0,,{}
binance,240,5,WALK_20,10,REPLAY_COMPLETE,direction,LONG,0,0,,{}
binance,240,5,WALK_20,10,REPLAY_COMPLETE,direction,SHORT,0,0,,{}
binance,240,5,WALK_20,10,REPLAY_COMPLETE,ready_regime,BULL,0,0,,{}
binance,240,5,WALK_20,10,REPLAY_COMPLETE,ready_regime,BEAR,0,0,,{}
binance,240,5,WALK_20,10,REPLAY_COMPLETE,ready_regime,SIDEWAYS,0,0,,{}
binance,240,5,WALK_20,10,REPLAY_COMPLETE,ready_regime,UNKNOWN,0,0,,{}
binance,240,5,WALK_20,10,REPLAY_COMPLETE,ready_volatility_bucket,LOW,0,0,,{}
binance,240,5,WALK_20,10,REPLAY_COMPLETE,ready_volatility_bucket,MEDIUM,0,0,,{}
binance,240,5,WALK_20,10,REPLAY_COMPLETE,ready_volatility_bucket,HIGH,0,0,,{}
binance,240,5,WALK_20,10,REPLAY_COMPLETE,ready_volatility_bucket,UNKNOWN,0,0,,{}
binance,240,15,REFERENCE,0,REPLAY_COMPLETE,symbol,BTCUSDT,0,0,,{}
binance,240,15,REFERENCE,0,REPLAY_COMPLETE,symbol,ETHUSDT,0,0,,{}
binance,240,15,REFERENCE,0,REPLAY_COMPLETE,symbol,SOLUSDT,0,0,,{}
binance,240,15,REFERENCE,0,REPLAY_COMPLETE,symbol,XRPUSDT,0,0,,{}
binance,240,15,REFERENCE,0,REPLAY_COMPLETE,symbol,BNBUSDT,0,0,,{}
binance,240,15,REFERENCE,0,REPLAY_COMPLETE,symbol,DOGEUSDT,0,0,,{}
binance,240,15,REFERENCE,0,REPLAY_COMPLETE,symbol,ADAUSDT,0,0,,{}
binance,240,15,REFERENCE,0,REPLAY_COMPLETE,direction,LONG,0,0,,{}
binance,240,15,REFERENCE,0,REPLAY_COMPLETE,direction,SHORT,0,0,,{}
binance,240,15,REFERENCE,0,REPLAY_COMPLETE,ready_regime,BULL,0,0,,{}
binance,240,15,REFERENCE,0,REPLAY_COMPLETE,ready_regime,BEAR,0,0,,{}
binance,240,15,REFERENCE,0,REPLAY_COMPLETE,ready_regime,SIDEWAYS,0,0,,{}
binance,240,15,REFERENCE,0,REPLAY_COMPLETE,ready_regime,UNKNOWN,0,0,,{}
binance,240,15,REFERENCE,0,REPLAY_COMPLETE,ready_volatility_bucket,LOW,0,0,,{}
binance,240,15,REFERENCE,0,REPLAY_COMPLETE,ready_volatility_bucket,MEDIUM,0,0,,{}
binance,240,15,REFERENCE,0,REPLAY_COMPLETE,ready_volatility_bucket,HIGH,0,0,,{}
binance,240,15,REFERENCE,0,REPLAY_COMPLETE,ready_volatility_bucket,UNKNOWN,0,0,,{}
binance,240,15,REFERENCE,1,REPLAY_COMPLETE,symbol,BTCUSDT,0,0,,{}
binance,240,15,REFERENCE,1,REPLAY_COMPLETE,symbol,ETHUSDT,0,0,,{}
binance,240,15,REFERENCE,1,REPLAY_COMPLETE,symbol,SOLUSDT,0,0,,{}
binance,240,15,REFERENCE,1,REPLAY_COMPLETE,symbol,XRPUSDT,0,0,,{}
binance,240,15,REFERENCE,1,REPLAY_COMPLETE,symbol,BNBUSDT,0,0,,{}
binance,240,15,REFERENCE,1,REPLAY_COMPLETE,symbol,DOGEUSDT,0,0,,{}
binance,240,15,REFERENCE,1,REPLAY_COMPLETE,symbol,ADAUSDT,0,0,,{}
binance,240,15,REFERENCE,1,REPLAY_COMPLETE,direction,LONG,0,0,,{}
binance,240,15,REFERENCE,1,REPLAY_COMPLETE,direction,SHORT,0,0,,{}
binance,240,15,REFERENCE,1,REPLAY_COMPLETE,ready_regime,BULL,0,0,,{}
binance,240,15,REFERENCE,1,REPLAY_COMPLETE,ready_regime,BEAR,0,0,,{}
binance,240,15,REFERENCE,1,REPLAY_COMPLETE,ready_regime,SIDEWAYS,0,0,,{}
binance,240,15,REFERENCE,1,REPLAY_COMPLETE,ready_regime,UNKNOWN,0,0,,{}
binance,240,15,REFERENCE,1,REPLAY_COMPLETE,ready_volatility_bucket,LOW,0,0,,{}
binance,240,15,REFERENCE,1,REPLAY_COMPLETE,ready_volatility_bucket,MEDIUM,0,0,,{}
binance,240,15,REFERENCE,1,REPLAY_COMPLETE,ready_volatility_bucket,HIGH,0,0,,{}
binance,240,15,REFERENCE,1,REPLAY_COMPLETE,ready_volatility_bucket,UNKNOWN,0,0,,{}
binance,240,15,REFERENCE,3,REPLAY_COMPLETE,symbol,BTCUSDT,0,0,,{}
binance,240,15,REFERENCE,3,REPLAY_COMPLETE,symbol,ETHUSDT,0,0,,{}
binance,240,15,REFERENCE,3,REPLAY_COMPLETE,symbol,SOLUSDT,0,0,,{}
binance,240,15,REFERENCE,3,REPLAY_COMPLETE,symbol,XRPUSDT,0,0,,{}
binance,240,15,REFERENCE,3,REPLAY_COMPLETE,symbol,BNBUSDT,0,0,,{}
binance,240,15,REFERENCE,3,REPLAY_COMPLETE,symbol,DOGEUSDT,0,0,,{}
binance,240,15,REFERENCE,3,REPLAY_COMPLETE,symbol,ADAUSDT,0,0,,{}
binance,240,15,REFERENCE,3,REPLAY_COMPLETE,direction,LONG,0,0,,{}
binance,240,15,REFERENCE,3,REPLAY_COMPLETE,direction,SHORT,0,0,,{}
binance,240,15,REFERENCE,3,REPLAY_COMPLETE,ready_regime,BULL,0,0,,{}
binance,240,15,REFERENCE,3,REPLAY_COMPLETE,ready_regime,BEAR,0,0,,{}
binance,240,15,REFERENCE,3,REPLAY_COMPLETE,ready_regime,SIDEWAYS,0,0,,{}
binance,240,15,REFERENCE,3,REPLAY_COMPLETE,ready_regime,UNKNOWN,0,0,,{}
binance,240,15,REFERENCE,3,REPLAY_COMPLETE,ready_volatility_bucket,LOW,0,0,,{}
binance,240,15,REFERENCE,3,REPLAY_COMPLETE,ready_volatility_bucket,MEDIUM,0,0,,{}
binance,240,15,REFERENCE,3,REPLAY_COMPLETE,ready_volatility_bucket,HIGH,0,0,,{}
binance,240,15,REFERENCE,3,REPLAY_COMPLETE,ready_volatility_bucket,UNKNOWN,0,0,,{}
binance,240,15,REFERENCE,4,REPLAY_COMPLETE,symbol,BTCUSDT,0,0,,{}
binance,240,15,REFERENCE,4,REPLAY_COMPLETE,symbol,ETHUSDT,0,0,,{}
binance,240,15,REFERENCE,4,REPLAY_COMPLETE,symbol,SOLUSDT,0,0,,{}
binance,240,15,REFERENCE,4,REPLAY_COMPLETE,symbol,XRPUSDT,0,0,,{}
binance,240,15,REFERENCE,4,REPLAY_COMPLETE,symbol,BNBUSDT,0,0,,{}
binance,240,15,REFERENCE,4,REPLAY_COMPLETE,symbol,DOGEUSDT,0,0,,{}
binance,240,15,REFERENCE,4,REPLAY_COMPLETE,symbol,ADAUSDT,0,0,,{}
binance,240,15,REFERENCE,4,REPLAY_COMPLETE,direction,LONG,0,0,,{}
binance,240,15,REFERENCE,4,REPLAY_COMPLETE,direction,SHORT,0,0,,{}
binance,240,15,REFERENCE,4,REPLAY_COMPLETE,ready_regime,BULL,0,0,,{}
binance,240,15,REFERENCE,4,REPLAY_COMPLETE,ready_regime,BEAR,0,0,,{}
binance,240,15,REFERENCE,4,REPLAY_COMPLETE,ready_regime,SIDEWAYS,0,0,,{}
binance,240,15,REFERENCE,4,REPLAY_COMPLETE,ready_regime,UNKNOWN,0,0,,{}
binance,240,15,REFERENCE,4,REPLAY_COMPLETE,ready_volatility_bucket,LOW,0,0,,{}
binance,240,15,REFERENCE,4,REPLAY_COMPLETE,ready_volatility_bucket,MEDIUM,0,0,,{}
binance,240,15,REFERENCE,4,REPLAY_COMPLETE,ready_volatility_bucket,HIGH,0,0,,{}
binance,240,15,REFERENCE,4,REPLAY_COMPLETE,ready_volatility_bucket,UNKNOWN,0,0,,{}
binance,240,15,REFERENCE,5,REPLAY_COMPLETE,symbol,BTCUSDT,0,0,,{}
binance,240,15,REFERENCE,5,REPLAY_COMPLETE,symbol,ETHUSDT,0,0,,{}
binance,240,15,REFERENCE,5,REPLAY_COMPLETE,symbol,SOLUSDT,0,0,,{}
binance,240,15,REFERENCE,5,REPLAY_COMPLETE,symbol,XRPUSDT,0,0,,{}
binance,240,15,REFERENCE,5,REPLAY_COMPLETE,symbol,BNBUSDT,0,0,,{}
binance,240,15,REFERENCE,5,REPLAY_COMPLETE,symbol,DOGEUSDT,0,0,,{}
binance,240,15,REFERENCE,5,REPLAY_COMPLETE,symbol,ADAUSDT,0,0,,{}
binance,240,15,REFERENCE,5,REPLAY_COMPLETE,direction,LONG,0,0,,{}
binance,240,15,REFERENCE,5,REPLAY_COMPLETE,direction,SHORT,0,0,,{}
binance,240,15,REFERENCE,5,REPLAY_COMPLETE,ready_regime,BULL,0,0,,{}
binance,240,15,REFERENCE,5,REPLAY_COMPLETE,ready_regime,BEAR,0,0,,{}
binance,240,15,REFERENCE,5,REPLAY_COMPLETE,ready_regime,SIDEWAYS,0,0,,{}
binance,240,15,REFERENCE,5,REPLAY_COMPLETE,ready_regime,UNKNOWN,0,0,,{}
binance,240,15,REFERENCE,5,REPLAY_COMPLETE,ready_volatility_bucket,LOW,0,0,,{}
binance,240,15,REFERENCE,5,REPLAY_COMPLETE,ready_volatility_bucket,MEDIUM,0,0,,{}
binance,240,15,REFERENCE,5,REPLAY_COMPLETE,ready_volatility_bucket,HIGH,0,0,,{}
binance,240,15,REFERENCE,5,REPLAY_COMPLETE,ready_volatility_bucket,UNKNOWN,0,0,,{}
binance,240,15,REFERENCE,7,REPLAY_COMPLETE,symbol,BTCUSDT,0,0,,{}
binance,240,15,REFERENCE,7,REPLAY_COMPLETE,symbol,ETHUSDT,0,0,,{}
binance,240,15,REFERENCE,7,REPLAY_COMPLETE,symbol,SOLUSDT,0,0,,{}
binance,240,15,REFERENCE,7,REPLAY_COMPLETE,symbol,XRPUSDT,0,0,,{}
binance,240,15,REFERENCE,7,REPLAY_COMPLETE,symbol,BNBUSDT,0,0,,{}
binance,240,15,REFERENCE,7,REPLAY_COMPLETE,symbol,DOGEUSDT,0,0,,{}
binance,240,15,REFERENCE,7,REPLAY_COMPLETE,symbol,ADAUSDT,0,0,,{}
binance,240,15,REFERENCE,7,REPLAY_COMPLETE,direction,LONG,0,0,,{}
binance,240,15,REFERENCE,7,REPLAY_COMPLETE,direction,SHORT,0,0,,{}
binance,240,15,REFERENCE,7,REPLAY_COMPLETE,ready_regime,BULL,0,0,,{}
binance,240,15,REFERENCE,7,REPLAY_COMPLETE,ready_regime,BEAR,0,0,,{}
binance,240,15,REFERENCE,7,REPLAY_COMPLETE,ready_regime,SIDEWAYS,0,0,,{}
binance,240,15,REFERENCE,7,REPLAY_COMPLETE,ready_regime,UNKNOWN,0,0,,{}
binance,240,15,REFERENCE,7,REPLAY_COMPLETE,ready_volatility_bucket,LOW,0,0,,{}
binance,240,15,REFERENCE,7,REPLAY_COMPLETE,ready_volatility_bucket,MEDIUM,0,0,,{}
binance,240,15,REFERENCE,7,REPLAY_COMPLETE,ready_volatility_bucket,HIGH,0,0,,{}
binance,240,15,REFERENCE,7,REPLAY_COMPLETE,ready_volatility_bucket,UNKNOWN,0,0,,{}
binance,240,15,REFERENCE,8,REPLAY_COMPLETE,symbol,BTCUSDT,0,0,,{}
binance,240,15,REFERENCE,8,REPLAY_COMPLETE,symbol,ETHUSDT,0,0,,{}
binance,240,15,REFERENCE,8,REPLAY_COMPLETE,symbol,SOLUSDT,0,0,,{}
binance,240,15,REFERENCE,8,REPLAY_COMPLETE,symbol,XRPUSDT,0,0,,{}
binance,240,15,REFERENCE,8,REPLAY_COMPLETE,symbol,BNBUSDT,0,0,,{}
binance,240,15,REFERENCE,8,REPLAY_COMPLETE,symbol,DOGEUSDT,0,0,,{}
binance,240,15,REFERENCE,8,REPLAY_COMPLETE,symbol,ADAUSDT,0,0,,{}
binance,240,15,REFERENCE,8,REPLAY_COMPLETE,direction,LONG,0,0,,{}
binance,240,15,REFERENCE,8,REPLAY_COMPLETE,direction,SHORT,0,0,,{}
binance,240,15,REFERENCE,8,REPLAY_COMPLETE,ready_regime,BULL,0,0,,{}
binance,240,15,REFERENCE,8,REPLAY_COMPLETE,ready_regime,BEAR,0,0,,{}
binance,240,15,REFERENCE,8,REPLAY_COMPLETE,ready_regime,SIDEWAYS,0,0,,{}
binance,240,15,REFERENCE,8,REPLAY_COMPLETE,ready_regime,UNKNOWN,0,0,,{}
binance,240,15,REFERENCE,8,REPLAY_COMPLETE,ready_volatility_bucket,LOW,0,0,,{}
binance,240,15,REFERENCE,8,REPLAY_COMPLETE,ready_volatility_bucket,MEDIUM,0,0,,{}
binance,240,15,REFERENCE,8,REPLAY_COMPLETE,ready_volatility_bucket,HIGH,0,0,,{}
binance,240,15,REFERENCE,8,REPLAY_COMPLETE,ready_volatility_bucket,UNKNOWN,0,0,,{}
binance,240,15,REFERENCE,9,REPLAY_COMPLETE,symbol,BTCUSDT,0,0,,{}
binance,240,15,REFERENCE,9,REPLAY_COMPLETE,symbol,ETHUSDT,0,0,,{}
binance,240,15,REFERENCE,9,REPLAY_COMPLETE,symbol,SOLUSDT,0,0,,{}
binance,240,15,REFERENCE,9,REPLAY_COMPLETE,symbol,XRPUSDT,0,0,,{}
binance,240,15,REFERENCE,9,REPLAY_COMPLETE,symbol,BNBUSDT,0,0,,{}
binance,240,15,REFERENCE,9,REPLAY_COMPLETE,symbol,DOGEUSDT,0,0,,{}
binance,240,15,REFERENCE,9,REPLAY_COMPLETE,symbol,ADAUSDT,1,0,0.0,"{""LIMIT_NOT_FILLED_BEFORE_OB_FIRST_TEST_CONSUMED"": 1}"
binance,240,15,REFERENCE,9,REPLAY_COMPLETE,direction,LONG,1,0,0.0,"{""LIMIT_NOT_FILLED_BEFORE_OB_FIRST_TEST_CONSUMED"": 1}"
binance,240,15,REFERENCE,9,REPLAY_COMPLETE,direction,SHORT,0,0,,{}
binance,240,15,REFERENCE,9,REPLAY_COMPLETE,ready_regime,BULL,0,0,,{}
binance,240,15,REFERENCE,9,REPLAY_COMPLETE,ready_regime,BEAR,0,0,,{}
binance,240,15,REFERENCE,9,REPLAY_COMPLETE,ready_regime,SIDEWAYS,1,0,0.0,"{""LIMIT_NOT_FILLED_BEFORE_OB_FIRST_TEST_CONSUMED"": 1}"
binance,240,15,REFERENCE,9,REPLAY_COMPLETE,ready_regime,UNKNOWN,0,0,,{}
binance,240,15,REFERENCE,9,REPLAY_COMPLETE,ready_volatility_bucket,LOW,0,0,,{}
binance,240,15,REFERENCE,9,REPLAY_COMPLETE,ready_volatility_bucket,MEDIUM,1,0,0.0,"{""LIMIT_NOT_FILLED_BEFORE_OB_FIRST_TEST_CONSUMED"": 1}"
binance,240,15,REFERENCE,9,REPLAY_COMPLETE,ready_volatility_bucket,HIGH,0,0,,{}
binance,240,15,REFERENCE,9,REPLAY_COMPLETE,ready_volatility_bucket,UNKNOWN,0,0,,{}
binance,240,15,REFERENCE,10,REPLAY_COMPLETE,symbol,BTCUSDT,0,0,,{}
binance,240,15,REFERENCE,10,REPLAY_COMPLETE,symbol,ETHUSDT,1,0,0.0,"{""LIMIT_NOT_FILLED_BEFORE_OB_FIRST_TEST_CONSUMED"": 1}"
binance,240,15,REFERENCE,10,REPLAY_COMPLETE,symbol,SOLUSDT,0,0,,{}
binance,240,15,REFERENCE,10,REPLAY_COMPLETE,symbol,XRPUSDT,0,0,,{}
binance,240,15,REFERENCE,10,REPLAY_COMPLETE,symbol,BNBUSDT,0,0,,{}
binance,240,15,REFERENCE,10,REPLAY_COMPLETE,symbol,DOGEUSDT,0,0,,{}
binance,240,15,REFERENCE,10,REPLAY_COMPLETE,symbol,ADAUSDT,0,0,,{}
binance,240,15,REFERENCE,10,REPLAY_COMPLETE,direction,LONG,1,0,0.0,"{""LIMIT_NOT_FILLED_BEFORE_OB_FIRST_TEST_CONSUMED"": 1}"
binance,240,15,REFERENCE,10,REPLAY_COMPLETE,direction,SHORT,0,0,,{}
binance,240,15,REFERENCE,10,REPLAY_COMPLETE,ready_regime,BULL,0,0,,{}
binance,240,15,REFERENCE,10,REPLAY_COMPLETE,ready_regime,BEAR,0,0,,{}
binance,240,15,REFERENCE,10,REPLAY_COMPLETE,ready_regime,SIDEWAYS,1,0,0.0,"{""LIMIT_NOT_FILLED_BEFORE_OB_FIRST_TEST_CONSUMED"": 1}"
binance,240,15,REFERENCE,10,REPLAY_COMPLETE,ready_regime,UNKNOWN,0,0,,{}
binance,240,15,REFERENCE,10,REPLAY_COMPLETE,ready_volatility_bucket,LOW,1,0,0.0,"{""LIMIT_NOT_FILLED_BEFORE_OB_FIRST_TEST_CONSUMED"": 1}"
binance,240,15,REFERENCE,10,REPLAY_COMPLETE,ready_volatility_bucket,MEDIUM,0,0,,{}
binance,240,15,REFERENCE,10,REPLAY_COMPLETE,ready_volatility_bucket,HIGH,0,0,,{}
binance,240,15,REFERENCE,10,REPLAY_COMPLETE,ready_volatility_bucket,UNKNOWN,0,0,,{}
binance,240,15,VALIDATION,10,REPLAY_COMPLETE,symbol,BTCUSDT,0,0,,{}
binance,240,15,VALIDATION,10,REPLAY_COMPLETE,symbol,ETHUSDT,1,0,0.0,"{""ISOLATED_MARGIN_BUDGET"": 1}"
binance,240,15,VALIDATION,10,REPLAY_COMPLETE,symbol,SOLUSDT,0,0,,{}
binance,240,15,VALIDATION,10,REPLAY_COMPLETE,symbol,XRPUSDT,0,0,,{}
binance,240,15,VALIDATION,10,REPLAY_COMPLETE,symbol,BNBUSDT,0,0,,{}
binance,240,15,VALIDATION,10,REPLAY_COMPLETE,symbol,DOGEUSDT,0,0,,{}
binance,240,15,VALIDATION,10,REPLAY_COMPLETE,symbol,ADAUSDT,0,0,,{}
binance,240,15,VALIDATION,10,REPLAY_COMPLETE,direction,LONG,1,0,0.0,"{""ISOLATED_MARGIN_BUDGET"": 1}"
binance,240,15,VALIDATION,10,REPLAY_COMPLETE,direction,SHORT,0,0,,{}
binance,240,15,VALIDATION,10,REPLAY_COMPLETE,ready_regime,BULL,0,0,,{}
binance,240,15,VALIDATION,10,REPLAY_COMPLETE,ready_regime,BEAR,1,0,0.0,"{""ISOLATED_MARGIN_BUDGET"": 1}"
binance,240,15,VALIDATION,10,REPLAY_COMPLETE,ready_regime,SIDEWAYS,0,0,,{}
binance,240,15,VALIDATION,10,REPLAY_COMPLETE,ready_regime,UNKNOWN,0,0,,{}
binance,240,15,VALIDATION,10,REPLAY_COMPLETE,ready_volatility_bucket,LOW,0,0,,{}
binance,240,15,VALIDATION,10,REPLAY_COMPLETE,ready_volatility_bucket,MEDIUM,1,0,0.0,"{""ISOLATED_MARGIN_BUDGET"": 1}"
binance,240,15,VALIDATION,10,REPLAY_COMPLETE,ready_volatility_bucket,HIGH,0,0,,{}
binance,240,15,VALIDATION,10,REPLAY_COMPLETE,ready_volatility_bucket,UNKNOWN,0,0,,{}
binance,240,15,HOLDOUT,10,REPLAY_COMPLETE,symbol,BTCUSDT,0,0,,{}
binance,240,15,HOLDOUT,10,REPLAY_COMPLETE,symbol,ETHUSDT,0,0,,{}
binance,240,15,HOLDOUT,10,REPLAY_COMPLETE,symbol,SOLUSDT,0,0,,{}
binance,240,15,HOLDOUT,10,REPLAY_COMPLETE,symbol,XRPUSDT,0,0,,{}
binance,240,15,HOLDOUT,10,REPLAY_COMPLETE,symbol,BNBUSDT,0,0,,{}
binance,240,15,HOLDOUT,10,REPLAY_COMPLETE,symbol,DOGEUSDT,1,1,1.0,"{""VIRTUAL_TRADE_CLOSED"": 1}"
binance,240,15,HOLDOUT,10,REPLAY_COMPLETE,symbol,ADAUSDT,0,0,,{}
binance,240,15,HOLDOUT,10,REPLAY_COMPLETE,direction,LONG,0,0,,{}
binance,240,15,HOLDOUT,10,REPLAY_COMPLETE,direction,SHORT,1,1,1.0,"{""VIRTUAL_TRADE_CLOSED"": 1}"
binance,240,15,HOLDOUT,10,REPLAY_COMPLETE,ready_regime,BULL,1,1,1.0,"{""VIRTUAL_TRADE_CLOSED"": 1}"
binance,240,15,HOLDOUT,10,REPLAY_COMPLETE,ready_regime,BEAR,0,0,,{}
binance,240,15,HOLDOUT,10,REPLAY_COMPLETE,ready_regime,SIDEWAYS,0,0,,{}
binance,240,15,HOLDOUT,10,REPLAY_COMPLETE,ready_regime,UNKNOWN,0,0,,{}
binance,240,15,HOLDOUT,10,REPLAY_COMPLETE,ready_volatility_bucket,LOW,0,0,,{}
binance,240,15,HOLDOUT,10,REPLAY_COMPLETE,ready_volatility_bucket,MEDIUM,0,0,,{}
binance,240,15,HOLDOUT,10,REPLAY_COMPLETE,ready_volatility_bucket,HIGH,1,1,1.0,"{""VIRTUAL_TRADE_CLOSED"": 1}"
binance,240,15,HOLDOUT,10,REPLAY_COMPLETE,ready_volatility_bucket,UNKNOWN,0,0,,{}
binance,240,15,WALK_00,1,REPLAY_COMPLETE,symbol,BTCUSDT,0,0,,{}
binance,240,15,WALK_00,1,REPLAY_COMPLETE,symbol,ETHUSDT,0,0,,{}
binance,240,15,WALK_00,1,REPLAY_COMPLETE,symbol,SOLUSDT,0,0,,{}
binance,240,15,WALK_00,1,REPLAY_COMPLETE,symbol,XRPUSDT,0,0,,{}
binance,240,15,WALK_00,1,REPLAY_COMPLETE,symbol,BNBUSDT,0,0,,{}
binance,240,15,WALK_00,1,REPLAY_COMPLETE,symbol,DOGEUSDT,0,0,,{}
binance,240,15,WALK_00,1,REPLAY_COMPLETE,symbol,ADAUSDT,0,0,,{}
binance,240,15,WALK_00,1,REPLAY_COMPLETE,direction,LONG,0,0,,{}
binance,240,15,WALK_00,1,REPLAY_COMPLETE,direction,SHORT,0,0,,{}
binance,240,15,WALK_00,1,REPLAY_COMPLETE,ready_regime,BULL,0,0,,{}
binance,240,15,WALK_00,1,REPLAY_COMPLETE,ready_regime,BEAR,0,0,,{}
binance,240,15,WALK_00,1,REPLAY_COMPLETE,ready_regime,SIDEWAYS,0,0,,{}
binance,240,15,WALK_00,1,REPLAY_COMPLETE,ready_regime,UNKNOWN,0,0,,{}
binance,240,15,WALK_00,1,REPLAY_COMPLETE,ready_volatility_bucket,LOW,0,0,,{}
binance,240,15,WALK_00,1,REPLAY_COMPLETE,ready_volatility_bucket,MEDIUM,0,0,,{}
binance,240,15,WALK_00,1,REPLAY_COMPLETE,ready_volatility_bucket,HIGH,0,0,,{}
binance,240,15,WALK_00,1,REPLAY_COMPLETE,ready_volatility_bucket,UNKNOWN,0,0,,{}
binance,240,15,WALK_00,3,REPLAY_COMPLETE,symbol,BTCUSDT,0,0,,{}
binance,240,15,WALK_00,3,REPLAY_COMPLETE,symbol,ETHUSDT,0,0,,{}
binance,240,15,WALK_00,3,REPLAY_COMPLETE,symbol,SOLUSDT,0,0,,{}
binance,240,15,WALK_00,3,REPLAY_COMPLETE,symbol,XRPUSDT,0,0,,{}
binance,240,15,WALK_00,3,REPLAY_COMPLETE,symbol,BNBUSDT,0,0,,{}
binance,240,15,WALK_00,3,REPLAY_COMPLETE,symbol,DOGEUSDT,0,0,,{}
binance,240,15,WALK_00,3,REPLAY_COMPLETE,symbol,ADAUSDT,0,0,,{}
binance,240,15,WALK_00,3,REPLAY_COMPLETE,direction,LONG,0,0,,{}
binance,240,15,WALK_00,3,REPLAY_COMPLETE,direction,SHORT,0,0,,{}
binance,240,15,WALK_00,3,REPLAY_COMPLETE,ready_regime,BULL,0,0,,{}
binance,240,15,WALK_00,3,REPLAY_COMPLETE,ready_regime,BEAR,0,0,,{}
binance,240,15,WALK_00,3,REPLAY_COMPLETE,ready_regime,SIDEWAYS,0,0,,{}
binance,240,15,WALK_00,3,REPLAY_COMPLETE,ready_regime,UNKNOWN,0,0,,{}
binance,240,15,WALK_00,3,REPLAY_COMPLETE,ready_volatility_bucket,LOW,0,0,,{}
binance,240,15,WALK_00,3,REPLAY_COMPLETE,ready_volatility_bucket,MEDIUM,0,0,,{}
binance,240,15,WALK_00,3,REPLAY_COMPLETE,ready_volatility_bucket,HIGH,0,0,,{}
binance,240,15,WALK_00,3,REPLAY_COMPLETE,ready_volatility_bucket,UNKNOWN,0,0,,{}
binance,240,15,WALK_00,4,REPLAY_COMPLETE,symbol,BTCUSDT,0,0,,{}
binance,240,15,WALK_00,4,REPLAY_COMPLETE,symbol,ETHUSDT,0,0,,{}
binance,240,15,WALK_00,4,REPLAY_COMPLETE,symbol,SOLUSDT,0,0,,{}
binance,240,15,WALK_00,4,REPLAY_COMPLETE,symbol,XRPUSDT,0,0,,{}
binance,240,15,WALK_00,4,REPLAY_COMPLETE,symbol,BNBUSDT,0,0,,{}
binance,240,15,WALK_00,4,REPLAY_COMPLETE,symbol,DOGEUSDT,0,0,,{}
binance,240,15,WALK_00,4,REPLAY_COMPLETE,symbol,ADAUSDT,0,0,,{}
binance,240,15,WALK_00,4,REPLAY_COMPLETE,direction,LONG,0,0,,{}
binance,240,15,WALK_00,4,REPLAY_COMPLETE,direction,SHORT,0,0,,{}
binance,240,15,WALK_00,4,REPLAY_COMPLETE,ready_regime,BULL,0,0,,{}
binance,240,15,WALK_00,4,REPLAY_COMPLETE,ready_regime,BEAR,0,0,,{}
binance,240,15,WALK_00,4,REPLAY_COMPLETE,ready_regime,SIDEWAYS,0,0,,{}
binance,240,15,WALK_00,4,REPLAY_COMPLETE,ready_regime,UNKNOWN,0,0,,{}
binance,240,15,WALK_00,4,REPLAY_COMPLETE,ready_volatility_bucket,LOW,0,0,,{}
binance,240,15,WALK_00,4,REPLAY_COMPLETE,ready_volatility_bucket,MEDIUM,0,0,,{}
binance,240,15,WALK_00,4,REPLAY_COMPLETE,ready_volatility_bucket,HIGH,0,0,,{}
binance,240,15,WALK_00,4,REPLAY_COMPLETE,ready_volatility_bucket,UNKNOWN,0,0,,{}
binance,240,15,WALK_01,4,REPLAY_COMPLETE,symbol,BTCUSDT,0,0,,{}
binance,240,15,WALK_01,4,REPLAY_COMPLETE,symbol,ETHUSDT,0,0,,{}
binance,240,15,WALK_01,4,REPLAY_COMPLETE,symbol,SOLUSDT,0,0,,{}
binance,240,15,WALK_01,4,REPLAY_COMPLETE,symbol,XRPUSDT,0,0,,{}
binance,240,15,WALK_01,4,REPLAY_COMPLETE,symbol,BNBUSDT,0,0,,{}
binance,240,15,WALK_01,4,REPLAY_COMPLETE,symbol,DOGEUSDT,0,0,,{}
binance,240,15,WALK_01,4,REPLAY_COMPLETE,symbol,ADAUSDT,0,0,,{}
binance,240,15,WALK_01,4,REPLAY_COMPLETE,direction,LONG,0,0,,{}
binance,240,15,WALK_01,4,REPLAY_COMPLETE,direction,SHORT,0,0,,{}
binance,240,15,WALK_01,4,REPLAY_COMPLETE,ready_regime,BULL,0,0,,{}
binance,240,15,WALK_01,4,REPLAY_COMPLETE,ready_regime,BEAR,0,0,,{}
binance,240,15,WALK_01,4,REPLAY_COMPLETE,ready_regime,SIDEWAYS,0,0,,{}
binance,240,15,WALK_01,4,REPLAY_COMPLETE,ready_regime,UNKNOWN,0,0,,{}
binance,240,15,WALK_01,4,REPLAY_COMPLETE,ready_volatility_bucket,LOW,0,0,,{}
binance,240,15,WALK_01,4,REPLAY_COMPLETE,ready_volatility_bucket,MEDIUM,0,0,,{}
binance,240,15,WALK_01,4,REPLAY_COMPLETE,ready_volatility_bucket,HIGH,0,0,,{}
binance,240,15,WALK_01,4,REPLAY_COMPLETE,ready_volatility_bucket,UNKNOWN,0,0,,{}
binance,240,15,WALK_01,5,REPLAY_COMPLETE,symbol,BTCUSDT,0,0,,{}
binance,240,15,WALK_01,5,REPLAY_COMPLETE,symbol,ETHUSDT,0,0,,{}
binance,240,15,WALK_01,5,REPLAY_COMPLETE,symbol,SOLUSDT,0,0,,{}
binance,240,15,WALK_01,5,REPLAY_COMPLETE,symbol,XRPUSDT,0,0,,{}
binance,240,15,WALK_01,5,REPLAY_COMPLETE,symbol,BNBUSDT,0,0,,{}
binance,240,15,WALK_01,5,REPLAY_COMPLETE,symbol,DOGEUSDT,0,0,,{}
binance,240,15,WALK_01,5,REPLAY_COMPLETE,symbol,ADAUSDT,0,0,,{}
binance,240,15,WALK_01,5,REPLAY_COMPLETE,direction,LONG,0,0,,{}
binance,240,15,WALK_01,5,REPLAY_COMPLETE,direction,SHORT,0,0,,{}
binance,240,15,WALK_01,5,REPLAY_COMPLETE,ready_regime,BULL,0,0,,{}
binance,240,15,WALK_01,5,REPLAY_COMPLETE,ready_regime,BEAR,0,0,,{}
binance,240,15,WALK_01,5,REPLAY_COMPLETE,ready_regime,SIDEWAYS,0,0,,{}
binance,240,15,WALK_01,5,REPLAY_COMPLETE,ready_regime,UNKNOWN,0,0,,{}
binance,240,15,WALK_01,5,REPLAY_COMPLETE,ready_volatility_bucket,LOW,0,0,,{}
binance,240,15,WALK_01,5,REPLAY_COMPLETE,ready_volatility_bucket,MEDIUM,0,0,,{}
binance,240,15,WALK_01,5,REPLAY_COMPLETE,ready_volatility_bucket,HIGH,0,0,,{}
binance,240,15,WALK_01,5,REPLAY_COMPLETE,ready_volatility_bucket,UNKNOWN,0,0,,{}
binance,240,15,WALK_01,7,REPLAY_COMPLETE,symbol,BTCUSDT,0,0,,{}
binance,240,15,WALK_01,7,REPLAY_COMPLETE,symbol,ETHUSDT,0,0,,{}
binance,240,15,WALK_01,7,REPLAY_COMPLETE,symbol,SOLUSDT,0,0,,{}
binance,240,15,WALK_01,7,REPLAY_COMPLETE,symbol,XRPUSDT,0,0,,{}
binance,240,15,WALK_01,7,REPLAY_COMPLETE,symbol,BNBUSDT,0,0,,{}
binance,240,15,WALK_01,7,REPLAY_COMPLETE,symbol,DOGEUSDT,0,0,,{}
binance,240,15,WALK_01,7,REPLAY_COMPLETE,symbol,ADAUSDT,0,0,,{}
binance,240,15,WALK_01,7,REPLAY_COMPLETE,direction,LONG,0,0,,{}
binance,240,15,WALK_01,7,REPLAY_COMPLETE,direction,SHORT,0,0,,{}
binance,240,15,WALK_01,7,REPLAY_COMPLETE,ready_regime,BULL,0,0,,{}
binance,240,15,WALK_01,7,REPLAY_COMPLETE,ready_regime,BEAR,0,0,,{}
binance,240,15,WALK_01,7,REPLAY_COMPLETE,ready_regime,SIDEWAYS,0,0,,{}
binance,240,15,WALK_01,7,REPLAY_COMPLETE,ready_regime,UNKNOWN,0,0,,{}
binance,240,15,WALK_01,7,REPLAY_COMPLETE,ready_volatility_bucket,LOW,0,0,,{}
binance,240,15,WALK_01,7,REPLAY_COMPLETE,ready_volatility_bucket,MEDIUM,0,0,,{}
binance,240,15,WALK_01,7,REPLAY_COMPLETE,ready_volatility_bucket,HIGH,0,0,,{}
binance,240,15,WALK_01,7,REPLAY_COMPLETE,ready_volatility_bucket,UNKNOWN,0,0,,{}
binance,240,15,WALK_02,7,REPLAY_COMPLETE,symbol,BTCUSDT,0,0,,{}
binance,240,15,WALK_02,7,REPLAY_COMPLETE,symbol,ETHUSDT,0,0,,{}
binance,240,15,WALK_02,7,REPLAY_COMPLETE,symbol,SOLUSDT,0,0,,{}
binance,240,15,WALK_02,7,REPLAY_COMPLETE,symbol,XRPUSDT,0,0,,{}
binance,240,15,WALK_02,7,REPLAY_COMPLETE,symbol,BNBUSDT,0,0,,{}
binance,240,15,WALK_02,7,REPLAY_COMPLETE,symbol,DOGEUSDT,0,0,,{}
binance,240,15,WALK_02,7,REPLAY_COMPLETE,symbol,ADAUSDT,0,0,,{}
binance,240,15,WALK_02,7,REPLAY_COMPLETE,direction,LONG,0,0,,{}
binance,240,15,WALK_02,7,REPLAY_COMPLETE,direction,SHORT,0,0,,{}
binance,240,15,WALK_02,7,REPLAY_COMPLETE,ready_regime,BULL,0,0,,{}
binance,240,15,WALK_02,7,REPLAY_COMPLETE,ready_regime,BEAR,0,0,,{}
binance,240,15,WALK_02,7,REPLAY_COMPLETE,ready_regime,SIDEWAYS,0,0,,{}
binance,240,15,WALK_02,7,REPLAY_COMPLETE,ready_regime,UNKNOWN,0,0,,{}
binance,240,15,WALK_02,7,REPLAY_COMPLETE,ready_volatility_bucket,LOW,0,0,,{}
binance,240,15,WALK_02,7,REPLAY_COMPLETE,ready_volatility_bucket,MEDIUM,0,0,,{}
binance,240,15,WALK_02,7,REPLAY_COMPLETE,ready_volatility_bucket,HIGH,0,0,,{}
binance,240,15,WALK_02,7,REPLAY_COMPLETE,ready_volatility_bucket,UNKNOWN,0,0,,{}
binance,240,15,WALK_02,8,REPLAY_COMPLETE,symbol,BTCUSDT,0,0,,{}
binance,240,15,WALK_02,8,REPLAY_COMPLETE,symbol,ETHUSDT,0,0,,{}
binance,240,15,WALK_02,8,REPLAY_COMPLETE,symbol,SOLUSDT,0,0,,{}
binance,240,15,WALK_02,8,REPLAY_COMPLETE,symbol,XRPUSDT,0,0,,{}
binance,240,15,WALK_02,8,REPLAY_COMPLETE,symbol,BNBUSDT,0,0,,{}
binance,240,15,WALK_02,8,REPLAY_COMPLETE,symbol,DOGEUSDT,0,0,,{}
binance,240,15,WALK_02,8,REPLAY_COMPLETE,symbol,ADAUSDT,0,0,,{}
binance,240,15,WALK_02,8,REPLAY_COMPLETE,direction,LONG,0,0,,{}
binance,240,15,WALK_02,8,REPLAY_COMPLETE,direction,SHORT,0,0,,{}
binance,240,15,WALK_02,8,REPLAY_COMPLETE,ready_regime,BULL,0,0,,{}
binance,240,15,WALK_02,8,REPLAY_COMPLETE,ready_regime,BEAR,0,0,,{}
binance,240,15,WALK_02,8,REPLAY_COMPLETE,ready_regime,SIDEWAYS,0,0,,{}
binance,240,15,WALK_02,8,REPLAY_COMPLETE,ready_regime,UNKNOWN,0,0,,{}
binance,240,15,WALK_02,8,REPLAY_COMPLETE,ready_volatility_bucket,LOW,0,0,,{}
binance,240,15,WALK_02,8,REPLAY_COMPLETE,ready_volatility_bucket,MEDIUM,0,0,,{}
binance,240,15,WALK_02,8,REPLAY_COMPLETE,ready_volatility_bucket,HIGH,0,0,,{}
binance,240,15,WALK_02,8,REPLAY_COMPLETE,ready_volatility_bucket,UNKNOWN,0,0,,{}
binance,240,15,WALK_03,8,REPLAY_COMPLETE,symbol,BTCUSDT,0,0,,{}
binance,240,15,WALK_03,8,REPLAY_COMPLETE,symbol,ETHUSDT,0,0,,{}
binance,240,15,WALK_03,8,REPLAY_COMPLETE,symbol,SOLUSDT,0,0,,{}
binance,240,15,WALK_03,8,REPLAY_COMPLETE,symbol,XRPUSDT,0,0,,{}
binance,240,15,WALK_03,8,REPLAY_COMPLETE,symbol,BNBUSDT,0,0,,{}
binance,240,15,WALK_03,8,REPLAY_COMPLETE,symbol,DOGEUSDT,0,0,,{}
binance,240,15,WALK_03,8,REPLAY_COMPLETE,symbol,ADAUSDT,0,0,,{}
binance,240,15,WALK_03,8,REPLAY_COMPLETE,direction,LONG,0,0,,{}
binance,240,15,WALK_03,8,REPLAY_COMPLETE,direction,SHORT,0,0,,{}
binance,240,15,WALK_03,8,REPLAY_COMPLETE,ready_regime,BULL,0,0,,{}
binance,240,15,WALK_03,8,REPLAY_COMPLETE,ready_regime,BEAR,0,0,,{}
binance,240,15,WALK_03,8,REPLAY_COMPLETE,ready_regime,SIDEWAYS,0,0,,{}
binance,240,15,WALK_03,8,REPLAY_COMPLETE,ready_regime,UNKNOWN,0,0,,{}
binance,240,15,WALK_03,8,REPLAY_COMPLETE,ready_volatility_bucket,LOW,0,0,,{}
binance,240,15,WALK_03,8,REPLAY_COMPLETE,ready_volatility_bucket,MEDIUM,0,0,,{}
binance,240,15,WALK_03,8,REPLAY_COMPLETE,ready_volatility_bucket,HIGH,0,0,,{}
binance,240,15,WALK_03,8,REPLAY_COMPLETE,ready_volatility_bucket,UNKNOWN,0,0,,{}
binance,240,15,WALK_03,9,REPLAY_COMPLETE,symbol,BTCUSDT,0,0,,{}
binance,240,15,WALK_03,9,REPLAY_COMPLETE,symbol,ETHUSDT,0,0,,{}
binance,240,15,WALK_03,9,REPLAY_COMPLETE,symbol,SOLUSDT,0,0,,{}
binance,240,15,WALK_03,9,REPLAY_COMPLETE,symbol,XRPUSDT,0,0,,{}
binance,240,15,WALK_03,9,REPLAY_COMPLETE,symbol,BNBUSDT,0,0,,{}
binance,240,15,WALK_03,9,REPLAY_COMPLETE,symbol,DOGEUSDT,0,0,,{}
binance,240,15,WALK_03,9,REPLAY_COMPLETE,symbol,ADAUSDT,0,0,,{}
binance,240,15,WALK_03,9,REPLAY_COMPLETE,direction,LONG,0,0,,{}
binance,240,15,WALK_03,9,REPLAY_COMPLETE,direction,SHORT,0,0,,{}
binance,240,15,WALK_03,9,REPLAY_COMPLETE,ready_regime,BULL,0,0,,{}
binance,240,15,WALK_03,9,REPLAY_COMPLETE,ready_regime,BEAR,0,0,,{}
binance,240,15,WALK_03,9,REPLAY_COMPLETE,ready_regime,SIDEWAYS,0,0,,{}
binance,240,15,WALK_03,9,REPLAY_COMPLETE,ready_regime,UNKNOWN,0,0,,{}
binance,240,15,WALK_03,9,REPLAY_COMPLETE,ready_volatility_bucket,LOW,0,0,,{}
binance,240,15,WALK_03,9,REPLAY_COMPLETE,ready_volatility_bucket,MEDIUM,0,0,,{}
binance,240,15,WALK_03,9,REPLAY_COMPLETE,ready_volatility_bucket,HIGH,0,0,,{}
binance,240,15,WALK_03,9,REPLAY_COMPLETE,ready_volatility_bucket,UNKNOWN,0,0,,{}
binance,240,15,WALK_04,9,REPLAY_COMPLETE,symbol,BTCUSDT,0,0,,{}
binance,240,15,WALK_04,9,REPLAY_COMPLETE,symbol,ETHUSDT,0,0,,{}
binance,240,15,WALK_04,9,REPLAY_COMPLETE,symbol,SOLUSDT,0,0,,{}
binance,240,15,WALK_04,9,REPLAY_COMPLETE,symbol,XRPUSDT,0,0,,{}
binance,240,15,WALK_04,9,REPLAY_COMPLETE,symbol,BNBUSDT,0,0,,{}
binance,240,15,WALK_04,9,REPLAY_COMPLETE,symbol,DOGEUSDT,0,0,,{}
binance,240,15,WALK_04,9,REPLAY_COMPLETE,symbol,ADAUSDT,0,0,,{}
binance,240,15,WALK_04,9,REPLAY_COMPLETE,direction,LONG,0,0,,{}
binance,240,15,WALK_04,9,REPLAY_COMPLETE,direction,SHORT,0,0,,{}
binance,240,15,WALK_04,9,REPLAY_COMPLETE,ready_regime,BULL,0,0,,{}
binance,240,15,WALK_04,9,REPLAY_COMPLETE,ready_regime,BEAR,0,0,,{}
binance,240,15,WALK_04,9,REPLAY_COMPLETE,ready_regime,SIDEWAYS,0,0,,{}
binance,240,15,WALK_04,9,REPLAY_COMPLETE,ready_regime,UNKNOWN,0,0,,{}
binance,240,15,WALK_04,9,REPLAY_COMPLETE,ready_volatility_bucket,LOW,0,0,,{}
binance,240,15,WALK_04,9,REPLAY_COMPLETE,ready_volatility_bucket,MEDIUM,0,0,,{}
binance,240,15,WALK_04,9,REPLAY_COMPLETE,ready_volatility_bucket,HIGH,0,0,,{}
binance,240,15,WALK_04,9,REPLAY_COMPLETE,ready_volatility_bucket,UNKNOWN,0,0,,{}
binance,240,15,WALK_05,9,REPLAY_COMPLETE,symbol,BTCUSDT,0,0,,{}
binance,240,15,WALK_05,9,REPLAY_COMPLETE,symbol,ETHUSDT,0,0,,{}
binance,240,15,WALK_05,9,REPLAY_COMPLETE,symbol,SOLUSDT,0,0,,{}
binance,240,15,WALK_05,9,REPLAY_COMPLETE,symbol,XRPUSDT,0,0,,{}
binance,240,15,WALK_05,9,REPLAY_COMPLETE,symbol,BNBUSDT,0,0,,{}
binance,240,15,WALK_05,9,REPLAY_COMPLETE,symbol,DOGEUSDT,0,0,,{}
binance,240,15,WALK_05,9,REPLAY_COMPLETE,symbol,ADAUSDT,0,0,,{}
binance,240,15,WALK_05,9,REPLAY_COMPLETE,direction,LONG,0,0,,{}
binance,240,15,WALK_05,9,REPLAY_COMPLETE,direction,SHORT,0,0,,{}
binance,240,15,WALK_05,9,REPLAY_COMPLETE,ready_regime,BULL,0,0,,{}
binance,240,15,WALK_05,9,REPLAY_COMPLETE,ready_regime,BEAR,0,0,,{}
binance,240,15,WALK_05,9,REPLAY_COMPLETE,ready_regime,SIDEWAYS,0,0,,{}
binance,240,15,WALK_05,9,REPLAY_COMPLETE,ready_regime,UNKNOWN,0,0,,{}
binance,240,15,WALK_05,9,REPLAY_COMPLETE,ready_volatility_bucket,LOW,0,0,,{}
binance,240,15,WALK_05,9,REPLAY_COMPLETE,ready_volatility_bucket,MEDIUM,0,0,,{}
binance,240,15,WALK_05,9,REPLAY_COMPLETE,ready_volatility_bucket,HIGH,0,0,,{}
binance,240,15,WALK_05,9,REPLAY_COMPLETE,ready_volatility_bucket,UNKNOWN,0,0,,{}
binance,240,15,WALK_06,9,REPLAY_COMPLETE,symbol,BTCUSDT,0,0,,{}
binance,240,15,WALK_06,9,REPLAY_COMPLETE,symbol,ETHUSDT,0,0,,{}
binance,240,15,WALK_06,9,REPLAY_COMPLETE,symbol,SOLUSDT,0,0,,{}
binance,240,15,WALK_06,9,REPLAY_COMPLETE,symbol,XRPUSDT,0,0,,{}
binance,240,15,WALK_06,9,REPLAY_COMPLETE,symbol,BNBUSDT,0,0,,{}
binance,240,15,WALK_06,9,REPLAY_COMPLETE,symbol,DOGEUSDT,0,0,,{}
binance,240,15,WALK_06,9,REPLAY_COMPLETE,symbol,ADAUSDT,0,0,,{}
binance,240,15,WALK_06,9,REPLAY_COMPLETE,direction,LONG,0,0,,{}
binance,240,15,WALK_06,9,REPLAY_COMPLETE,direction,SHORT,0,0,,{}
binance,240,15,WALK_06,9,REPLAY_COMPLETE,ready_regime,BULL,0,0,,{}
binance,240,15,WALK_06,9,REPLAY_COMPLETE,ready_regime,BEAR,0,0,,{}
binance,240,15,WALK_06,9,REPLAY_COMPLETE,ready_regime,SIDEWAYS,0,0,,{}
binance,240,15,WALK_06,9,REPLAY_COMPLETE,ready_regime,UNKNOWN,0,0,,{}
binance,240,15,WALK_06,9,REPLAY_COMPLETE,ready_volatility_bucket,LOW,0,0,,{}
binance,240,15,WALK_06,9,REPLAY_COMPLETE,ready_volatility_bucket,MEDIUM,0,0,,{}
binance,240,15,WALK_06,9,REPLAY_COMPLETE,ready_volatility_bucket,HIGH,0,0,,{}
binance,240,15,WALK_06,9,REPLAY_COMPLETE,ready_volatility_bucket,UNKNOWN,0,0,,{}
binance,240,15,WALK_07,9,REPLAY_COMPLETE,symbol,BTCUSDT,0,0,,{}
binance,240,15,WALK_07,9,REPLAY_COMPLETE,symbol,ETHUSDT,0,0,,{}
binance,240,15,WALK_07,9,REPLAY_COMPLETE,symbol,SOLUSDT,0,0,,{}
binance,240,15,WALK_07,9,REPLAY_COMPLETE,symbol,XRPUSDT,0,0,,{}
binance,240,15,WALK_07,9,REPLAY_COMPLETE,symbol,BNBUSDT,0,0,,{}
binance,240,15,WALK_07,9,REPLAY_COMPLETE,symbol,DOGEUSDT,0,0,,{}
binance,240,15,WALK_07,9,REPLAY_COMPLETE,symbol,ADAUSDT,0,0,,{}
binance,240,15,WALK_07,9,REPLAY_COMPLETE,direction,LONG,0,0,,{}
binance,240,15,WALK_07,9,REPLAY_COMPLETE,direction,SHORT,0,0,,{}
binance,240,15,WALK_07,9,REPLAY_COMPLETE,ready_regime,BULL,0,0,,{}
binance,240,15,WALK_07,9,REPLAY_COMPLETE,ready_regime,BEAR,0,0,,{}
binance,240,15,WALK_07,9,REPLAY_COMPLETE,ready_regime,SIDEWAYS,0,0,,{}
binance,240,15,WALK_07,9,REPLAY_COMPLETE,ready_regime,UNKNOWN,0,0,,{}
binance,240,15,WALK_07,9,REPLAY_COMPLETE,ready_volatility_bucket,LOW,0,0,,{}
binance,240,15,WALK_07,9,REPLAY_COMPLETE,ready_volatility_bucket,MEDIUM,0,0,,{}
binance,240,15,WALK_07,9,REPLAY_COMPLETE,ready_volatility_bucket,HIGH,0,0,,{}
binance,240,15,WALK_07,9,REPLAY_COMPLETE,ready_volatility_bucket,UNKNOWN,0,0,,{}
binance,240,15,WALK_08,9,REPLAY_COMPLETE,symbol,BTCUSDT,0,0,,{}
binance,240,15,WALK_08,9,REPLAY_COMPLETE,symbol,ETHUSDT,0,0,,{}
binance,240,15,WALK_08,9,REPLAY_COMPLETE,symbol,SOLUSDT,0,0,,{}
binance,240,15,WALK_08,9,REPLAY_COMPLETE,symbol,XRPUSDT,0,0,,{}
binance,240,15,WALK_08,9,REPLAY_COMPLETE,symbol,BNBUSDT,0,0,,{}
binance,240,15,WALK_08,9,REPLAY_COMPLETE,symbol,DOGEUSDT,0,0,,{}
binance,240,15,WALK_08,9,REPLAY_COMPLETE,symbol,ADAUSDT,0,0,,{}
binance,240,15,WALK_08,9,REPLAY_COMPLETE,direction,LONG,0,0,,{}
binance,240,15,WALK_08,9,REPLAY_COMPLETE,direction,SHORT,0,0,,{}
binance,240,15,WALK_08,9,REPLAY_COMPLETE,ready_regime,BULL,0,0,,{}
binance,240,15,WALK_08,9,REPLAY_COMPLETE,ready_regime,BEAR,0,0,,{}
binance,240,15,WALK_08,9,REPLAY_COMPLETE,ready_regime,SIDEWAYS,0,0,,{}
binance,240,15,WALK_08,9,REPLAY_COMPLETE,ready_regime,UNKNOWN,0,0,,{}
binance,240,15,WALK_08,9,REPLAY_COMPLETE,ready_volatility_bucket,LOW,0,0,,{}
binance,240,15,WALK_08,9,REPLAY_COMPLETE,ready_volatility_bucket,MEDIUM,0,0,,{}
binance,240,15,WALK_08,9,REPLAY_COMPLETE,ready_volatility_bucket,HIGH,0,0,,{}
binance,240,15,WALK_08,9,REPLAY_COMPLETE,ready_volatility_bucket,UNKNOWN,0,0,,{}
binance,240,15,WALK_09,9,REPLAY_COMPLETE,symbol,BTCUSDT,0,0,,{}
binance,240,15,WALK_09,9,REPLAY_COMPLETE,symbol,ETHUSDT,0,0,,{}
binance,240,15,WALK_09,9,REPLAY_COMPLETE,symbol,SOLUSDT,0,0,,{}
binance,240,15,WALK_09,9,REPLAY_COMPLETE,symbol,XRPUSDT,0,0,,{}
binance,240,15,WALK_09,9,REPLAY_COMPLETE,symbol,BNBUSDT,0,0,,{}
binance,240,15,WALK_09,9,REPLAY_COMPLETE,symbol,DOGEUSDT,0,0,,{}
binance,240,15,WALK_09,9,REPLAY_COMPLETE,symbol,ADAUSDT,1,0,0.0,"{""LIMIT_NOT_FILLED_BEFORE_OB_FIRST_TEST_CONSUMED"": 1}"
binance,240,15,WALK_09,9,REPLAY_COMPLETE,direction,LONG,1,0,0.0,"{""LIMIT_NOT_FILLED_BEFORE_OB_FIRST_TEST_CONSUMED"": 1}"
binance,240,15,WALK_09,9,REPLAY_COMPLETE,direction,SHORT,0,0,,{}
binance,240,15,WALK_09,9,REPLAY_COMPLETE,ready_regime,BULL,0,0,,{}
binance,240,15,WALK_09,9,REPLAY_COMPLETE,ready_regime,BEAR,0,0,,{}
binance,240,15,WALK_09,9,REPLAY_COMPLETE,ready_regime,SIDEWAYS,1,0,0.0,"{""LIMIT_NOT_FILLED_BEFORE_OB_FIRST_TEST_CONSUMED"": 1}"
binance,240,15,WALK_09,9,REPLAY_COMPLETE,ready_regime,UNKNOWN,0,0,,{}
binance,240,15,WALK_09,9,REPLAY_COMPLETE,ready_volatility_bucket,LOW,0,0,,{}
binance,240,15,WALK_09,9,REPLAY_COMPLETE,ready_volatility_bucket,MEDIUM,1,0,0.0,"{""LIMIT_NOT_FILLED_BEFORE_OB_FIRST_TEST_CONSUMED"": 1}"
binance,240,15,WALK_09,9,REPLAY_COMPLETE,ready_volatility_bucket,HIGH,0,0,,{}
binance,240,15,WALK_09,9,REPLAY_COMPLETE,ready_volatility_bucket,UNKNOWN,0,0,,{}
binance,240,15,WALK_09,10,REPLAY_COMPLETE,symbol,BTCUSDT,0,0,,{}
binance,240,15,WALK_09,10,REPLAY_COMPLETE,symbol,ETHUSDT,0,0,,{}
binance,240,15,WALK_09,10,REPLAY_COMPLETE,symbol,SOLUSDT,0,0,,{}
binance,240,15,WALK_09,10,REPLAY_COMPLETE,symbol,XRPUSDT,0,0,,{}
binance,240,15,WALK_09,10,REPLAY_COMPLETE,symbol,BNBUSDT,0,0,,{}
binance,240,15,WALK_09,10,REPLAY_COMPLETE,symbol,DOGEUSDT,0,0,,{}
binance,240,15,WALK_09,10,REPLAY_COMPLETE,symbol,ADAUSDT,0,0,,{}
binance,240,15,WALK_09,10,REPLAY_COMPLETE,direction,LONG,0,0,,{}
binance,240,15,WALK_09,10,REPLAY_COMPLETE,direction,SHORT,0,0,,{}
binance,240,15,WALK_09,10,REPLAY_COMPLETE,ready_regime,BULL,0,0,,{}
binance,240,15,WALK_09,10,REPLAY_COMPLETE,ready_regime,BEAR,0,0,,{}
binance,240,15,WALK_09,10,REPLAY_COMPLETE,ready_regime,SIDEWAYS,0,0,,{}
binance,240,15,WALK_09,10,REPLAY_COMPLETE,ready_regime,UNKNOWN,0,0,,{}
binance,240,15,WALK_09,10,REPLAY_COMPLETE,ready_volatility_bucket,LOW,0,0,,{}
binance,240,15,WALK_09,10,REPLAY_COMPLETE,ready_volatility_bucket,MEDIUM,0,0,,{}
binance,240,15,WALK_09,10,REPLAY_COMPLETE,ready_volatility_bucket,HIGH,0,0,,{}
binance,240,15,WALK_09,10,REPLAY_COMPLETE,ready_volatility_bucket,UNKNOWN,0,0,,{}
binance,240,15,WALK_10,10,REPLAY_COMPLETE,symbol,BTCUSDT,0,0,,{}
binance,240,15,WALK_10,10,REPLAY_COMPLETE,symbol,ETHUSDT,0,0,,{}
binance,240,15,WALK_10,10,REPLAY_COMPLETE,symbol,SOLUSDT,0,0,,{}
binance,240,15,WALK_10,10,REPLAY_COMPLETE,symbol,XRPUSDT,0,0,,{}
binance,240,15,WALK_10,10,REPLAY_COMPLETE,symbol,BNBUSDT,0,0,,{}
binance,240,15,WALK_10,10,REPLAY_COMPLETE,symbol,DOGEUSDT,0,0,,{}
binance,240,15,WALK_10,10,REPLAY_COMPLETE,symbol,ADAUSDT,0,0,,{}
binance,240,15,WALK_10,10,REPLAY_COMPLETE,direction,LONG,0,0,,{}
binance,240,15,WALK_10,10,REPLAY_COMPLETE,direction,SHORT,0,0,,{}
binance,240,15,WALK_10,10,REPLAY_COMPLETE,ready_regime,BULL,0,0,,{}
binance,240,15,WALK_10,10,REPLAY_COMPLETE,ready_regime,BEAR,0,0,,{}
binance,240,15,WALK_10,10,REPLAY_COMPLETE,ready_regime,SIDEWAYS,0,0,,{}
binance,240,15,WALK_10,10,REPLAY_COMPLETE,ready_regime,UNKNOWN,0,0,,{}
binance,240,15,WALK_10,10,REPLAY_COMPLETE,ready_volatility_bucket,LOW,0,0,,{}
binance,240,15,WALK_10,10,REPLAY_COMPLETE,ready_volatility_bucket,MEDIUM,0,0,,{}
binance,240,15,WALK_10,10,REPLAY_COMPLETE,ready_volatility_bucket,HIGH,0,0,,{}
binance,240,15,WALK_10,10,REPLAY_COMPLETE,ready_volatility_bucket,UNKNOWN,0,0,,{}
binance,240,15,WALK_11,10,REPLAY_COMPLETE,symbol,BTCUSDT,0,0,,{}
binance,240,15,WALK_11,10,REPLAY_COMPLETE,symbol,ETHUSDT,1,0,0.0,"{""LIMIT_NOT_FILLED_BEFORE_OB_FIRST_TEST_CONSUMED"": 1}"
binance,240,15,WALK_11,10,REPLAY_COMPLETE,symbol,SOLUSDT,0,0,,{}
binance,240,15,WALK_11,10,REPLAY_COMPLETE,symbol,XRPUSDT,0,0,,{}
binance,240,15,WALK_11,10,REPLAY_COMPLETE,symbol,BNBUSDT,0,0,,{}
binance,240,15,WALK_11,10,REPLAY_COMPLETE,symbol,DOGEUSDT,0,0,,{}
binance,240,15,WALK_11,10,REPLAY_COMPLETE,symbol,ADAUSDT,0,0,,{}
binance,240,15,WALK_11,10,REPLAY_COMPLETE,direction,LONG,1,0,0.0,"{""LIMIT_NOT_FILLED_BEFORE_OB_FIRST_TEST_CONSUMED"": 1}"
binance,240,15,WALK_11,10,REPLAY_COMPLETE,direction,SHORT,0,0,,{}
binance,240,15,WALK_11,10,REPLAY_COMPLETE,ready_regime,BULL,0,0,,{}
binance,240,15,WALK_11,10,REPLAY_COMPLETE,ready_regime,BEAR,0,0,,{}
binance,240,15,WALK_11,10,REPLAY_COMPLETE,ready_regime,SIDEWAYS,1,0,0.0,"{""LIMIT_NOT_FILLED_BEFORE_OB_FIRST_TEST_CONSUMED"": 1}"
binance,240,15,WALK_11,10,REPLAY_COMPLETE,ready_regime,UNKNOWN,0,0,,{}
binance,240,15,WALK_11,10,REPLAY_COMPLETE,ready_volatility_bucket,LOW,1,0,0.0,"{""LIMIT_NOT_FILLED_BEFORE_OB_FIRST_TEST_CONSUMED"": 1}"
binance,240,15,WALK_11,10,REPLAY_COMPLETE,ready_volatility_bucket,MEDIUM,0,0,,{}
binance,240,15,WALK_11,10,REPLAY_COMPLETE,ready_volatility_bucket,HIGH,0,0,,{}
binance,240,15,WALK_11,10,REPLAY_COMPLETE,ready_volatility_bucket,UNKNOWN,0,0,,{}
binance,240,15,WALK_12,10,REPLAY_COMPLETE,symbol,BTCUSDT,0,0,,{}
binance,240,15,WALK_12,10,REPLAY_COMPLETE,symbol,ETHUSDT,0,0,,{}
binance,240,15,WALK_12,10,REPLAY_COMPLETE,symbol,SOLUSDT,0,0,,{}
binance,240,15,WALK_12,10,REPLAY_COMPLETE,symbol,XRPUSDT,0,0,,{}
binance,240,15,WALK_12,10,REPLAY_COMPLETE,symbol,BNBUSDT,0,0,,{}
binance,240,15,WALK_12,10,REPLAY_COMPLETE,symbol,DOGEUSDT,0,0,,{}
binance,240,15,WALK_12,10,REPLAY_COMPLETE,symbol,ADAUSDT,0,0,,{}
binance,240,15,WALK_12,10,REPLAY_COMPLETE,direction,LONG,0,0,,{}
binance,240,15,WALK_12,10,REPLAY_COMPLETE,direction,SHORT,0,0,,{}
binance,240,15,WALK_12,10,REPLAY_COMPLETE,ready_regime,BULL,0,0,,{}
binance,240,15,WALK_12,10,REPLAY_COMPLETE,ready_regime,BEAR,0,0,,{}
binance,240,15,WALK_12,10,REPLAY_COMPLETE,ready_regime,SIDEWAYS,0,0,,{}
binance,240,15,WALK_12,10,REPLAY_COMPLETE,ready_regime,UNKNOWN,0,0,,{}
binance,240,15,WALK_12,10,REPLAY_COMPLETE,ready_volatility_bucket,LOW,0,0,,{}
binance,240,15,WALK_12,10,REPLAY_COMPLETE,ready_volatility_bucket,MEDIUM,0,0,,{}
binance,240,15,WALK_12,10,REPLAY_COMPLETE,ready_volatility_bucket,HIGH,0,0,,{}
binance,240,15,WALK_12,10,REPLAY_COMPLETE,ready_volatility_bucket,UNKNOWN,0,0,,{}
binance,240,15,WALK_13,10,REPLAY_COMPLETE,symbol,BTCUSDT,0,0,,{}
binance,240,15,WALK_13,10,REPLAY_COMPLETE,symbol,ETHUSDT,0,0,,{}
binance,240,15,WALK_13,10,REPLAY_COMPLETE,symbol,SOLUSDT,0,0,,{}
binance,240,15,WALK_13,10,REPLAY_COMPLETE,symbol,XRPUSDT,0,0,,{}
binance,240,15,WALK_13,10,REPLAY_COMPLETE,symbol,BNBUSDT,0,0,,{}
binance,240,15,WALK_13,10,REPLAY_COMPLETE,symbol,DOGEUSDT,0,0,,{}
binance,240,15,WALK_13,10,REPLAY_COMPLETE,symbol,ADAUSDT,0,0,,{}
binance,240,15,WALK_13,10,REPLAY_COMPLETE,direction,LONG,0,0,,{}
binance,240,15,WALK_13,10,REPLAY_COMPLETE,direction,SHORT,0,0,,{}
binance,240,15,WALK_13,10,REPLAY_COMPLETE,ready_regime,BULL,0,0,,{}
binance,240,15,WALK_13,10,REPLAY_COMPLETE,ready_regime,BEAR,0,0,,{}
binance,240,15,WALK_13,10,REPLAY_COMPLETE,ready_regime,SIDEWAYS,0,0,,{}
binance,240,15,WALK_13,10,REPLAY_COMPLETE,ready_regime,UNKNOWN,0,0,,{}
binance,240,15,WALK_13,10,REPLAY_COMPLETE,ready_volatility_bucket,LOW,0,0,,{}
binance,240,15,WALK_13,10,REPLAY_COMPLETE,ready_volatility_bucket,MEDIUM,0,0,,{}
binance,240,15,WALK_13,10,REPLAY_COMPLETE,ready_volatility_bucket,HIGH,0,0,,{}
binance,240,15,WALK_13,10,REPLAY_COMPLETE,ready_volatility_bucket,UNKNOWN,0,0,,{}
binance,240,15,WALK_14,10,REPLAY_COMPLETE,symbol,BTCUSDT,0,0,,{}
binance,240,15,WALK_14,10,REPLAY_COMPLETE,symbol,ETHUSDT,1,0,0.0,"{""ISOLATED_MARGIN_BUDGET"": 1}"
binance,240,15,WALK_14,10,REPLAY_COMPLETE,symbol,SOLUSDT,0,0,,{}
binance,240,15,WALK_14,10,REPLAY_COMPLETE,symbol,XRPUSDT,0,0,,{}
binance,240,15,WALK_14,10,REPLAY_COMPLETE,symbol,BNBUSDT,0,0,,{}
binance,240,15,WALK_14,10,REPLAY_COMPLETE,symbol,DOGEUSDT,0,0,,{}
binance,240,15,WALK_14,10,REPLAY_COMPLETE,symbol,ADAUSDT,0,0,,{}
binance,240,15,WALK_14,10,REPLAY_COMPLETE,direction,LONG,1,0,0.0,"{""ISOLATED_MARGIN_BUDGET"": 1}"
binance,240,15,WALK_14,10,REPLAY_COMPLETE,direction,SHORT,0,0,,{}
binance,240,15,WALK_14,10,REPLAY_COMPLETE,ready_regime,BULL,0,0,,{}
binance,240,15,WALK_14,10,REPLAY_COMPLETE,ready_regime,BEAR,1,0,0.0,"{""ISOLATED_MARGIN_BUDGET"": 1}"
binance,240,15,WALK_14,10,REPLAY_COMPLETE,ready_regime,SIDEWAYS,0,0,,{}
binance,240,15,WALK_14,10,REPLAY_COMPLETE,ready_regime,UNKNOWN,0,0,,{}
binance,240,15,WALK_14,10,REPLAY_COMPLETE,ready_volatility_bucket,LOW,0,0,,{}
binance,240,15,WALK_14,10,REPLAY_COMPLETE,ready_volatility_bucket,MEDIUM,1,0,0.0,"{""ISOLATED_MARGIN_BUDGET"": 1}"
binance,240,15,WALK_14,10,REPLAY_COMPLETE,ready_volatility_bucket,HIGH,0,0,,{}
binance,240,15,WALK_14,10,REPLAY_COMPLETE,ready_volatility_bucket,UNKNOWN,0,0,,{}
binance,240,15,WALK_15,10,REPLAY_COMPLETE,symbol,BTCUSDT,0,0,,{}
binance,240,15,WALK_15,10,REPLAY_COMPLETE,symbol,ETHUSDT,0,0,,{}
binance,240,15,WALK_15,10,REPLAY_COMPLETE,symbol,SOLUSDT,0,0,,{}
binance,240,15,WALK_15,10,REPLAY_COMPLETE,symbol,XRPUSDT,0,0,,{}
binance,240,15,WALK_15,10,REPLAY_COMPLETE,symbol,BNBUSDT,0,0,,{}
binance,240,15,WALK_15,10,REPLAY_COMPLETE,symbol,DOGEUSDT,0,0,,{}
binance,240,15,WALK_15,10,REPLAY_COMPLETE,symbol,ADAUSDT,0,0,,{}
binance,240,15,WALK_15,10,REPLAY_COMPLETE,direction,LONG,0,0,,{}
binance,240,15,WALK_15,10,REPLAY_COMPLETE,direction,SHORT,0,0,,{}
binance,240,15,WALK_15,10,REPLAY_COMPLETE,ready_regime,BULL,0,0,,{}
binance,240,15,WALK_15,10,REPLAY_COMPLETE,ready_regime,BEAR,0,0,,{}
binance,240,15,WALK_15,10,REPLAY_COMPLETE,ready_regime,SIDEWAYS,0,0,,{}
binance,240,15,WALK_15,10,REPLAY_COMPLETE,ready_regime,UNKNOWN,0,0,,{}
binance,240,15,WALK_15,10,REPLAY_COMPLETE,ready_volatility_bucket,LOW,0,0,,{}
binance,240,15,WALK_15,10,REPLAY_COMPLETE,ready_volatility_bucket,MEDIUM,0,0,,{}
binance,240,15,WALK_15,10,REPLAY_COMPLETE,ready_volatility_bucket,HIGH,0,0,,{}
binance,240,15,WALK_15,10,REPLAY_COMPLETE,ready_volatility_bucket,UNKNOWN,0,0,,{}
binance,240,15,WALK_16,10,REPLAY_COMPLETE,symbol,BTCUSDT,0,0,,{}
binance,240,15,WALK_16,10,REPLAY_COMPLETE,symbol,ETHUSDT,0,0,,{}
binance,240,15,WALK_16,10,REPLAY_COMPLETE,symbol,SOLUSDT,0,0,,{}
binance,240,15,WALK_16,10,REPLAY_COMPLETE,symbol,XRPUSDT,0,0,,{}
binance,240,15,WALK_16,10,REPLAY_COMPLETE,symbol,BNBUSDT,0,0,,{}
binance,240,15,WALK_16,10,REPLAY_COMPLETE,symbol,DOGEUSDT,1,1,1.0,"{""VIRTUAL_TRADE_CLOSED"": 1}"
binance,240,15,WALK_16,10,REPLAY_COMPLETE,symbol,ADAUSDT,0,0,,{}
binance,240,15,WALK_16,10,REPLAY_COMPLETE,direction,LONG,0,0,,{}
binance,240,15,WALK_16,10,REPLAY_COMPLETE,direction,SHORT,1,1,1.0,"{""VIRTUAL_TRADE_CLOSED"": 1}"
binance,240,15,WALK_16,10,REPLAY_COMPLETE,ready_regime,BULL,1,1,1.0,"{""VIRTUAL_TRADE_CLOSED"": 1}"
binance,240,15,WALK_16,10,REPLAY_COMPLETE,ready_regime,BEAR,0,0,,{}
binance,240,15,WALK_16,10,REPLAY_COMPLETE,ready_regime,SIDEWAYS,0,0,,{}
binance,240,15,WALK_16,10,REPLAY_COMPLETE,ready_regime,UNKNOWN,0,0,,{}
binance,240,15,WALK_16,10,REPLAY_COMPLETE,ready_volatility_bucket,LOW,0,0,,{}
binance,240,15,WALK_16,10,REPLAY_COMPLETE,ready_volatility_bucket,MEDIUM,0,0,,{}
binance,240,15,WALK_16,10,REPLAY_COMPLETE,ready_volatility_bucket,HIGH,1,1,1.0,"{""VIRTUAL_TRADE_CLOSED"": 1}"
binance,240,15,WALK_16,10,REPLAY_COMPLETE,ready_volatility_bucket,UNKNOWN,0,0,,{}
binance,240,15,WALK_17,10,REPLAY_COMPLETE,symbol,BTCUSDT,0,0,,{}
binance,240,15,WALK_17,10,REPLAY_COMPLETE,symbol,ETHUSDT,0,0,,{}
binance,240,15,WALK_17,10,REPLAY_COMPLETE,symbol,SOLUSDT,0,0,,{}
binance,240,15,WALK_17,10,REPLAY_COMPLETE,symbol,XRPUSDT,0,0,,{}
binance,240,15,WALK_17,10,REPLAY_COMPLETE,symbol,BNBUSDT,0,0,,{}
binance,240,15,WALK_17,10,REPLAY_COMPLETE,symbol,DOGEUSDT,0,0,,{}
binance,240,15,WALK_17,10,REPLAY_COMPLETE,symbol,ADAUSDT,0,0,,{}
binance,240,15,WALK_17,10,REPLAY_COMPLETE,direction,LONG,0,0,,{}
binance,240,15,WALK_17,10,REPLAY_COMPLETE,direction,SHORT,0,0,,{}
binance,240,15,WALK_17,10,REPLAY_COMPLETE,ready_regime,BULL,0,0,,{}
binance,240,15,WALK_17,10,REPLAY_COMPLETE,ready_regime,BEAR,0,0,,{}
binance,240,15,WALK_17,10,REPLAY_COMPLETE,ready_regime,SIDEWAYS,0,0,,{}
binance,240,15,WALK_17,10,REPLAY_COMPLETE,ready_regime,UNKNOWN,0,0,,{}
binance,240,15,WALK_17,10,REPLAY_COMPLETE,ready_volatility_bucket,LOW,0,0,,{}
binance,240,15,WALK_17,10,REPLAY_COMPLETE,ready_volatility_bucket,MEDIUM,0,0,,{}
binance,240,15,WALK_17,10,REPLAY_COMPLETE,ready_volatility_bucket,HIGH,0,0,,{}
binance,240,15,WALK_17,10,REPLAY_COMPLETE,ready_volatility_bucket,UNKNOWN,0,0,,{}
binance,240,15,WALK_18,10,REPLAY_COMPLETE,symbol,BTCUSDT,0,0,,{}
binance,240,15,WALK_18,10,REPLAY_COMPLETE,symbol,ETHUSDT,0,0,,{}
binance,240,15,WALK_18,10,REPLAY_COMPLETE,symbol,SOLUSDT,0,0,,{}
binance,240,15,WALK_18,10,REPLAY_COMPLETE,symbol,XRPUSDT,0,0,,{}
binance,240,15,WALK_18,10,REPLAY_COMPLETE,symbol,BNBUSDT,0,0,,{}
binance,240,15,WALK_18,10,REPLAY_COMPLETE,symbol,DOGEUSDT,0,0,,{}
binance,240,15,WALK_18,10,REPLAY_COMPLETE,symbol,ADAUSDT,0,0,,{}
binance,240,15,WALK_18,10,REPLAY_COMPLETE,direction,LONG,0,0,,{}
binance,240,15,WALK_18,10,REPLAY_COMPLETE,direction,SHORT,0,0,,{}
binance,240,15,WALK_18,10,REPLAY_COMPLETE,ready_regime,BULL,0,0,,{}
binance,240,15,WALK_18,10,REPLAY_COMPLETE,ready_regime,BEAR,0,0,,{}
binance,240,15,WALK_18,10,REPLAY_COMPLETE,ready_regime,SIDEWAYS,0,0,,{}
binance,240,15,WALK_18,10,REPLAY_COMPLETE,ready_regime,UNKNOWN,0,0,,{}
binance,240,15,WALK_18,10,REPLAY_COMPLETE,ready_volatility_bucket,LOW,0,0,,{}
binance,240,15,WALK_18,10,REPLAY_COMPLETE,ready_volatility_bucket,MEDIUM,0,0,,{}
binance,240,15,WALK_18,10,REPLAY_COMPLETE,ready_volatility_bucket,HIGH,0,0,,{}
binance,240,15,WALK_18,10,REPLAY_COMPLETE,ready_volatility_bucket,UNKNOWN,0,0,,{}
binance,240,15,WALK_19,10,REPLAY_COMPLETE,symbol,BTCUSDT,0,0,,{}
binance,240,15,WALK_19,10,REPLAY_COMPLETE,symbol,ETHUSDT,0,0,,{}
binance,240,15,WALK_19,10,REPLAY_COMPLETE,symbol,SOLUSDT,0,0,,{}
binance,240,15,WALK_19,10,REPLAY_COMPLETE,symbol,XRPUSDT,0,0,,{}
binance,240,15,WALK_19,10,REPLAY_COMPLETE,symbol,BNBUSDT,0,0,,{}
binance,240,15,WALK_19,10,REPLAY_COMPLETE,symbol,DOGEUSDT,0,0,,{}
binance,240,15,WALK_19,10,REPLAY_COMPLETE,symbol,ADAUSDT,0,0,,{}
binance,240,15,WALK_19,10,REPLAY_COMPLETE,direction,LONG,0,0,,{}
binance,240,15,WALK_19,10,REPLAY_COMPLETE,direction,SHORT,0,0,,{}
binance,240,15,WALK_19,10,REPLAY_COMPLETE,ready_regime,BULL,0,0,,{}
binance,240,15,WALK_19,10,REPLAY_COMPLETE,ready_regime,BEAR,0,0,,{}
binance,240,15,WALK_19,10,REPLAY_COMPLETE,ready_regime,SIDEWAYS,0,0,,{}
binance,240,15,WALK_19,10,REPLAY_COMPLETE,ready_regime,UNKNOWN,0,0,,{}
binance,240,15,WALK_19,10,REPLAY_COMPLETE,ready_volatility_bucket,LOW,0,0,,{}
binance,240,15,WALK_19,10,REPLAY_COMPLETE,ready_volatility_bucket,MEDIUM,0,0,,{}
binance,240,15,WALK_19,10,REPLAY_COMPLETE,ready_volatility_bucket,HIGH,0,0,,{}
binance,240,15,WALK_19,10,REPLAY_COMPLETE,ready_volatility_bucket,UNKNOWN,0,0,,{}
binance,240,15,WALK_20,10,REPLAY_COMPLETE,symbol,BTCUSDT,0,0,,{}
binance,240,15,WALK_20,10,REPLAY_COMPLETE,symbol,ETHUSDT,0,0,,{}
binance,240,15,WALK_20,10,REPLAY_COMPLETE,symbol,SOLUSDT,0,0,,{}
binance,240,15,WALK_20,10,REPLAY_COMPLETE,symbol,XRPUSDT,0,0,,{}
binance,240,15,WALK_20,10,REPLAY_COMPLETE,symbol,BNBUSDT,0,0,,{}
binance,240,15,WALK_20,10,REPLAY_COMPLETE,symbol,DOGEUSDT,0,0,,{}
binance,240,15,WALK_20,10,REPLAY_COMPLETE,symbol,ADAUSDT,0,0,,{}
binance,240,15,WALK_20,10,REPLAY_COMPLETE,direction,LONG,0,0,,{}
binance,240,15,WALK_20,10,REPLAY_COMPLETE,direction,SHORT,0,0,,{}
binance,240,15,WALK_20,10,REPLAY_COMPLETE,ready_regime,BULL,0,0,,{}
binance,240,15,WALK_20,10,REPLAY_COMPLETE,ready_regime,BEAR,0,0,,{}
binance,240,15,WALK_20,10,REPLAY_COMPLETE,ready_regime,SIDEWAYS,0,0,,{}
binance,240,15,WALK_20,10,REPLAY_COMPLETE,ready_regime,UNKNOWN,0,0,,{}
binance,240,15,WALK_20,10,REPLAY_COMPLETE,ready_volatility_bucket,LOW,0,0,,{}
binance,240,15,WALK_20,10,REPLAY_COMPLETE,ready_volatility_bucket,MEDIUM,0,0,,{}
binance,240,15,WALK_20,10,REPLAY_COMPLETE,ready_volatility_bucket,HIGH,0,0,,{}
binance,240,15,WALK_20,10,REPLAY_COMPLETE,ready_volatility_bucket,UNKNOWN,0,0,,{}
binance,240,60,REFERENCE,0,REPLAY_COMPLETE,symbol,BTCUSDT,0,0,,{}
binance,240,60,REFERENCE,0,REPLAY_COMPLETE,symbol,ETHUSDT,0,0,,{}
binance,240,60,REFERENCE,0,REPLAY_COMPLETE,symbol,SOLUSDT,0,0,,{}
binance,240,60,REFERENCE,0,REPLAY_COMPLETE,symbol,XRPUSDT,0,0,,{}
binance,240,60,REFERENCE,0,REPLAY_COMPLETE,symbol,BNBUSDT,0,0,,{}
binance,240,60,REFERENCE,0,REPLAY_COMPLETE,symbol,DOGEUSDT,0,0,,{}
binance,240,60,REFERENCE,0,REPLAY_COMPLETE,symbol,ADAUSDT,0,0,,{}
binance,240,60,REFERENCE,0,REPLAY_COMPLETE,direction,LONG,0,0,,{}
binance,240,60,REFERENCE,0,REPLAY_COMPLETE,direction,SHORT,0,0,,{}
binance,240,60,REFERENCE,0,REPLAY_COMPLETE,ready_regime,BULL,0,0,,{}
binance,240,60,REFERENCE,0,REPLAY_COMPLETE,ready_regime,BEAR,0,0,,{}
binance,240,60,REFERENCE,0,REPLAY_COMPLETE,ready_regime,SIDEWAYS,0,0,,{}
binance,240,60,REFERENCE,0,REPLAY_COMPLETE,ready_regime,UNKNOWN,0,0,,{}
binance,240,60,REFERENCE,0,REPLAY_COMPLETE,ready_volatility_bucket,LOW,0,0,,{}
binance,240,60,REFERENCE,0,REPLAY_COMPLETE,ready_volatility_bucket,MEDIUM,0,0,,{}
binance,240,60,REFERENCE,0,REPLAY_COMPLETE,ready_volatility_bucket,HIGH,0,0,,{}
binance,240,60,REFERENCE,0,REPLAY_COMPLETE,ready_volatility_bucket,UNKNOWN,0,0,,{}
binance,240,60,REFERENCE,3,REPLAY_COMPLETE,symbol,BTCUSDT,0,0,,{}
binance,240,60,REFERENCE,3,REPLAY_COMPLETE,symbol,ETHUSDT,0,0,,{}
binance,240,60,REFERENCE,3,REPLAY_COMPLETE,symbol,SOLUSDT,0,0,,{}
binance,240,60,REFERENCE,3,REPLAY_COMPLETE,symbol,XRPUSDT,0,0,,{}
binance,240,60,REFERENCE,3,REPLAY_COMPLETE,symbol,BNBUSDT,0,0,,{}
binance,240,60,REFERENCE,3,REPLAY_COMPLETE,symbol,DOGEUSDT,0,0,,{}
binance,240,60,REFERENCE,3,REPLAY_COMPLETE,symbol,ADAUSDT,0,0,,{}
binance,240,60,REFERENCE,3,REPLAY_COMPLETE,direction,LONG,0,0,,{}
binance,240,60,REFERENCE,3,REPLAY_COMPLETE,direction,SHORT,0,0,,{}
binance,240,60,REFERENCE,3,REPLAY_COMPLETE,ready_regime,BULL,0,0,,{}
binance,240,60,REFERENCE,3,REPLAY_COMPLETE,ready_regime,BEAR,0,0,,{}
binance,240,60,REFERENCE,3,REPLAY_COMPLETE,ready_regime,SIDEWAYS,0,0,,{}
binance,240,60,REFERENCE,3,REPLAY_COMPLETE,ready_regime,UNKNOWN,0,0,,{}
binance,240,60,REFERENCE,3,REPLAY_COMPLETE,ready_volatility_bucket,LOW,0,0,,{}
binance,240,60,REFERENCE,3,REPLAY_COMPLETE,ready_volatility_bucket,MEDIUM,0,0,,{}
binance,240,60,REFERENCE,3,REPLAY_COMPLETE,ready_volatility_bucket,HIGH,0,0,,{}
binance,240,60,REFERENCE,3,REPLAY_COMPLETE,ready_volatility_bucket,UNKNOWN,0,0,,{}
binance,240,60,REFERENCE,5,REPLAY_COMPLETE,symbol,BTCUSDT,0,0,,{}
binance,240,60,REFERENCE,5,REPLAY_COMPLETE,symbol,ETHUSDT,0,0,,{}
binance,240,60,REFERENCE,5,REPLAY_COMPLETE,symbol,SOLUSDT,0,0,,{}
binance,240,60,REFERENCE,5,REPLAY_COMPLETE,symbol,XRPUSDT,0,0,,{}
binance,240,60,REFERENCE,5,REPLAY_COMPLETE,symbol,BNBUSDT,0,0,,{}
binance,240,60,REFERENCE,5,REPLAY_COMPLETE,symbol,DOGEUSDT,0,0,,{}
binance,240,60,REFERENCE,5,REPLAY_COMPLETE,symbol,ADAUSDT,0,0,,{}
binance,240,60,REFERENCE,5,REPLAY_COMPLETE,direction,LONG,0,0,,{}
binance,240,60,REFERENCE,5,REPLAY_COMPLETE,direction,SHORT,0,0,,{}
binance,240,60,REFERENCE,5,REPLAY_COMPLETE,ready_regime,BULL,0,0,,{}
binance,240,60,REFERENCE,5,REPLAY_COMPLETE,ready_regime,BEAR,0,0,,{}
binance,240,60,REFERENCE,5,REPLAY_COMPLETE,ready_regime,SIDEWAYS,0,0,,{}
binance,240,60,REFERENCE,5,REPLAY_COMPLETE,ready_regime,UNKNOWN,0,0,,{}
binance,240,60,REFERENCE,5,REPLAY_COMPLETE,ready_volatility_bucket,LOW,0,0,,{}
binance,240,60,REFERENCE,5,REPLAY_COMPLETE,ready_volatility_bucket,MEDIUM,0,0,,{}
binance,240,60,REFERENCE,5,REPLAY_COMPLETE,ready_volatility_bucket,HIGH,0,0,,{}
binance,240,60,REFERENCE,5,REPLAY_COMPLETE,ready_volatility_bucket,UNKNOWN,0,0,,{}
binance,240,60,REFERENCE,7,REPLAY_COMPLETE,symbol,BTCUSDT,0,0,,{}
binance,240,60,REFERENCE,7,REPLAY_COMPLETE,symbol,ETHUSDT,0,0,,{}
binance,240,60,REFERENCE,7,REPLAY_COMPLETE,symbol,SOLUSDT,0,0,,{}
binance,240,60,REFERENCE,7,REPLAY_COMPLETE,symbol,XRPUSDT,0,0,,{}
binance,240,60,REFERENCE,7,REPLAY_COMPLETE,symbol,BNBUSDT,0,0,,{}
binance,240,60,REFERENCE,7,REPLAY_COMPLETE,symbol,DOGEUSDT,0,0,,{}
binance,240,60,REFERENCE,7,REPLAY_COMPLETE,symbol,ADAUSDT,0,0,,{}
binance,240,60,REFERENCE,7,REPLAY_COMPLETE,direction,LONG,0,0,,{}
binance,240,60,REFERENCE,7,REPLAY_COMPLETE,direction,SHORT,0,0,,{}
binance,240,60,REFERENCE,7,REPLAY_COMPLETE,ready_regime,BULL,0,0,,{}
binance,240,60,REFERENCE,7,REPLAY_COMPLETE,ready_regime,BEAR,0,0,,{}
binance,240,60,REFERENCE,7,REPLAY_COMPLETE,ready_regime,SIDEWAYS,0,0,,{}
binance,240,60,REFERENCE,7,REPLAY_COMPLETE,ready_regime,UNKNOWN,0,0,,{}
binance,240,60,REFERENCE,7,REPLAY_COMPLETE,ready_volatility_bucket,LOW,0,0,,{}
binance,240,60,REFERENCE,7,REPLAY_COMPLETE,ready_volatility_bucket,MEDIUM,0,0,,{}
binance,240,60,REFERENCE,7,REPLAY_COMPLETE,ready_volatility_bucket,HIGH,0,0,,{}
binance,240,60,REFERENCE,7,REPLAY_COMPLETE,ready_volatility_bucket,UNKNOWN,0,0,,{}
binance,240,60,REFERENCE,8,REPLAY_COMPLETE,symbol,BTCUSDT,0,0,,{}
binance,240,60,REFERENCE,8,REPLAY_COMPLETE,symbol,ETHUSDT,0,0,,{}
binance,240,60,REFERENCE,8,REPLAY_COMPLETE,symbol,SOLUSDT,0,0,,{}
binance,240,60,REFERENCE,8,REPLAY_COMPLETE,symbol,XRPUSDT,0,0,,{}
binance,240,60,REFERENCE,8,REPLAY_COMPLETE,symbol,BNBUSDT,0,0,,{}
binance,240,60,REFERENCE,8,REPLAY_COMPLETE,symbol,DOGEUSDT,0,0,,{}
binance,240,60,REFERENCE,8,REPLAY_COMPLETE,symbol,ADAUSDT,0,0,,{}
binance,240,60,REFERENCE,8,REPLAY_COMPLETE,direction,LONG,0,0,,{}
binance,240,60,REFERENCE,8,REPLAY_COMPLETE,direction,SHORT,0,0,,{}
binance,240,60,REFERENCE,8,REPLAY_COMPLETE,ready_regime,BULL,0,0,,{}
binance,240,60,REFERENCE,8,REPLAY_COMPLETE,ready_regime,BEAR,0,0,,{}
binance,240,60,REFERENCE,8,REPLAY_COMPLETE,ready_regime,SIDEWAYS,0,0,,{}
binance,240,60,REFERENCE,8,REPLAY_COMPLETE,ready_regime,UNKNOWN,0,0,,{}
binance,240,60,REFERENCE,8,REPLAY_COMPLETE,ready_volatility_bucket,LOW,0,0,,{}
binance,240,60,REFERENCE,8,REPLAY_COMPLETE,ready_volatility_bucket,MEDIUM,0,0,,{}
binance,240,60,REFERENCE,8,REPLAY_COMPLETE,ready_volatility_bucket,HIGH,0,0,,{}
binance,240,60,REFERENCE,8,REPLAY_COMPLETE,ready_volatility_bucket,UNKNOWN,0,0,,{}
binance,240,60,REFERENCE,9,REPLAY_COMPLETE,symbol,BTCUSDT,0,0,,{}
binance,240,60,REFERENCE,9,REPLAY_COMPLETE,symbol,ETHUSDT,0,0,,{}
binance,240,60,REFERENCE,9,REPLAY_COMPLETE,symbol,SOLUSDT,0,0,,{}
binance,240,60,REFERENCE,9,REPLAY_COMPLETE,symbol,XRPUSDT,0,0,,{}
binance,240,60,REFERENCE,9,REPLAY_COMPLETE,symbol,BNBUSDT,0,0,,{}
binance,240,60,REFERENCE,9,REPLAY_COMPLETE,symbol,DOGEUSDT,0,0,,{}
binance,240,60,REFERENCE,9,REPLAY_COMPLETE,symbol,ADAUSDT,1,1,1.0,"{""VIRTUAL_TRADE_CLOSED"": 1}"
binance,240,60,REFERENCE,9,REPLAY_COMPLETE,direction,LONG,1,1,1.0,"{""VIRTUAL_TRADE_CLOSED"": 1}"
binance,240,60,REFERENCE,9,REPLAY_COMPLETE,direction,SHORT,0,0,,{}
binance,240,60,REFERENCE,9,REPLAY_COMPLETE,ready_regime,BULL,0,0,,{}
binance,240,60,REFERENCE,9,REPLAY_COMPLETE,ready_regime,BEAR,0,0,,{}
binance,240,60,REFERENCE,9,REPLAY_COMPLETE,ready_regime,SIDEWAYS,1,1,1.0,"{""VIRTUAL_TRADE_CLOSED"": 1}"
binance,240,60,REFERENCE,9,REPLAY_COMPLETE,ready_regime,UNKNOWN,0,0,,{}
binance,240,60,REFERENCE,9,REPLAY_COMPLETE,ready_volatility_bucket,LOW,0,0,,{}
binance,240,60,REFERENCE,9,REPLAY_COMPLETE,ready_volatility_bucket,MEDIUM,1,1,1.0,"{""VIRTUAL_TRADE_CLOSED"": 1}"
binance,240,60,REFERENCE,9,REPLAY_COMPLETE,ready_volatility_bucket,HIGH,0,0,,{}
binance,240,60,REFERENCE,9,REPLAY_COMPLETE,ready_volatility_bucket,UNKNOWN,0,0,,{}
binance,240,60,REFERENCE,10,REPLAY_COMPLETE,symbol,BTCUSDT,0,0,,{}
binance,240,60,REFERENCE,10,REPLAY_COMPLETE,symbol,ETHUSDT,0,0,,{}
binance,240,60,REFERENCE,10,REPLAY_COMPLETE,symbol,SOLUSDT,0,0,,{}
binance,240,60,REFERENCE,10,REPLAY_COMPLETE,symbol,XRPUSDT,0,0,,{}
binance,240,60,REFERENCE,10,REPLAY_COMPLETE,symbol,BNBUSDT,0,0,,{}
binance,240,60,REFERENCE,10,REPLAY_COMPLETE,symbol,DOGEUSDT,0,0,,{}
binance,240,60,REFERENCE,10,REPLAY_COMPLETE,symbol,ADAUSDT,0,0,,{}
binance,240,60,REFERENCE,10,REPLAY_COMPLETE,direction,LONG,0,0,,{}
binance,240,60,REFERENCE,10,REPLAY_COMPLETE,direction,SHORT,0,0,,{}
binance,240,60,REFERENCE,10,REPLAY_COMPLETE,ready_regime,BULL,0,0,,{}
binance,240,60,REFERENCE,10,REPLAY_COMPLETE,ready_regime,BEAR,0,0,,{}
binance,240,60,REFERENCE,10,REPLAY_COMPLETE,ready_regime,SIDEWAYS,0,0,,{}
binance,240,60,REFERENCE,10,REPLAY_COMPLETE,ready_regime,UNKNOWN,0,0,,{}
binance,240,60,REFERENCE,10,REPLAY_COMPLETE,ready_volatility_bucket,LOW,0,0,,{}
binance,240,60,REFERENCE,10,REPLAY_COMPLETE,ready_volatility_bucket,MEDIUM,0,0,,{}
binance,240,60,REFERENCE,10,REPLAY_COMPLETE,ready_volatility_bucket,HIGH,0,0,,{}
binance,240,60,REFERENCE,10,REPLAY_COMPLETE,ready_volatility_bucket,UNKNOWN,0,0,,{}
binance,240,60,VALIDATION,10,REPLAY_COMPLETE,symbol,BTCUSDT,0,0,,{}
binance,240,60,VALIDATION,10,REPLAY_COMPLETE,symbol,ETHUSDT,0,0,,{}
binance,240,60,VALIDATION,10,REPLAY_COMPLETE,symbol,SOLUSDT,0,0,,{}
binance,240,60,VALIDATION,10,REPLAY_COMPLETE,symbol,XRPUSDT,0,0,,{}
binance,240,60,VALIDATION,10,REPLAY_COMPLETE,symbol,BNBUSDT,0,0,,{}
binance,240,60,VALIDATION,10,REPLAY_COMPLETE,symbol,DOGEUSDT,0,0,,{}
binance,240,60,VALIDATION,10,REPLAY_COMPLETE,symbol,ADAUSDT,1,0,0.0,"{""LIMIT_NOT_FILLED_BEFORE_OB_FIRST_TEST_CONSUMED"": 1}"
binance,240,60,VALIDATION,10,REPLAY_COMPLETE,direction,LONG,0,0,,{}
binance,240,60,VALIDATION,10,REPLAY_COMPLETE,direction,SHORT,1,0,0.0,"{""LIMIT_NOT_FILLED_BEFORE_OB_FIRST_TEST_CONSUMED"": 1}"
binance,240,60,VALIDATION,10,REPLAY_COMPLETE,ready_regime,BULL,0,0,,{}
binance,240,60,VALIDATION,10,REPLAY_COMPLETE,ready_regime,BEAR,0,0,,{}
binance,240,60,VALIDATION,10,REPLAY_COMPLETE,ready_regime,SIDEWAYS,1,0,0.0,"{""LIMIT_NOT_FILLED_BEFORE_OB_FIRST_TEST_CONSUMED"": 1}"
binance,240,60,VALIDATION,10,REPLAY_COMPLETE,ready_regime,UNKNOWN,0,0,,{}
binance,240,60,VALIDATION,10,REPLAY_COMPLETE,ready_volatility_bucket,LOW,0,0,,{}
binance,240,60,VALIDATION,10,REPLAY_COMPLETE,ready_volatility_bucket,MEDIUM,1,0,0.0,"{""LIMIT_NOT_FILLED_BEFORE_OB_FIRST_TEST_CONSUMED"": 1}"
binance,240,60,VALIDATION,10,REPLAY_COMPLETE,ready_volatility_bucket,HIGH,0,0,,{}
binance,240,60,VALIDATION,10,REPLAY_COMPLETE,ready_volatility_bucket,UNKNOWN,0,0,,{}
binance,240,60,HOLDOUT,10,REPLAY_COMPLETE,symbol,BTCUSDT,0,0,,{}
binance,240,60,HOLDOUT,10,REPLAY_COMPLETE,symbol,ETHUSDT,0,0,,{}
binance,240,60,HOLDOUT,10,REPLAY_COMPLETE,symbol,SOLUSDT,0,0,,{}
binance,240,60,HOLDOUT,10,REPLAY_COMPLETE,symbol,XRPUSDT,0,0,,{}
binance,240,60,HOLDOUT,10,REPLAY_COMPLETE,symbol,BNBUSDT,0,0,,{}
binance,240,60,HOLDOUT,10,REPLAY_COMPLETE,symbol,DOGEUSDT,0,0,,{}
binance,240,60,HOLDOUT,10,REPLAY_COMPLETE,symbol,ADAUSDT,0,0,,{}
binance,240,60,HOLDOUT,10,REPLAY_COMPLETE,direction,LONG,0,0,,{}
binance,240,60,HOLDOUT,10,REPLAY_COMPLETE,direction,SHORT,0,0,,{}
binance,240,60,HOLDOUT,10,REPLAY_COMPLETE,ready_regime,BULL,0,0,,{}
binance,240,60,HOLDOUT,10,REPLAY_COMPLETE,ready_regime,BEAR,0,0,,{}
binance,240,60,HOLDOUT,10,REPLAY_COMPLETE,ready_regime,SIDEWAYS,0,0,,{}
binance,240,60,HOLDOUT,10,REPLAY_COMPLETE,ready_regime,UNKNOWN,0,0,,{}
binance,240,60,HOLDOUT,10,REPLAY_COMPLETE,ready_volatility_bucket,LOW,0,0,,{}
binance,240,60,HOLDOUT,10,REPLAY_COMPLETE,ready_volatility_bucket,MEDIUM,0,0,,{}
binance,240,60,HOLDOUT,10,REPLAY_COMPLETE,ready_volatility_bucket,HIGH,0,0,,{}
binance,240,60,HOLDOUT,10,REPLAY_COMPLETE,ready_volatility_bucket,UNKNOWN,0,0,,{}
binance,240,60,WALK_00,3,REPLAY_COMPLETE,symbol,BTCUSDT,0,0,,{}
binance,240,60,WALK_00,3,REPLAY_COMPLETE,symbol,ETHUSDT,0,0,,{}
binance,240,60,WALK_00,3,REPLAY_COMPLETE,symbol,SOLUSDT,0,0,,{}
binance,240,60,WALK_00,3,REPLAY_COMPLETE,symbol,XRPUSDT,0,0,,{}
binance,240,60,WALK_00,3,REPLAY_COMPLETE,symbol,BNBUSDT,0,0,,{}
binance,240,60,WALK_00,3,REPLAY_COMPLETE,symbol,DOGEUSDT,0,0,,{}
binance,240,60,WALK_00,3,REPLAY_COMPLETE,symbol,ADAUSDT,0,0,,{}
binance,240,60,WALK_00,3,REPLAY_COMPLETE,direction,LONG,0,0,,{}
binance,240,60,WALK_00,3,REPLAY_COMPLETE,direction,SHORT,0,0,,{}
binance,240,60,WALK_00,3,REPLAY_COMPLETE,ready_regime,BULL,0,0,,{}
binance,240,60,WALK_00,3,REPLAY_COMPLETE,ready_regime,BEAR,0,0,,{}
binance,240,60,WALK_00,3,REPLAY_COMPLETE,ready_regime,SIDEWAYS,0,0,,{}
binance,240,60,WALK_00,3,REPLAY_COMPLETE,ready_regime,UNKNOWN,0,0,,{}
binance,240,60,WALK_00,3,REPLAY_COMPLETE,ready_volatility_bucket,LOW,0,0,,{}
binance,240,60,WALK_00,3,REPLAY_COMPLETE,ready_volatility_bucket,MEDIUM,0,0,,{}
binance,240,60,WALK_00,3,REPLAY_COMPLETE,ready_volatility_bucket,HIGH,0,0,,{}
binance,240,60,WALK_00,3,REPLAY_COMPLETE,ready_volatility_bucket,UNKNOWN,0,0,,{}
binance,240,60,WALK_01,5,REPLAY_COMPLETE,symbol,BTCUSDT,0,0,,{}
binance,240,60,WALK_01,5,REPLAY_COMPLETE,symbol,ETHUSDT,0,0,,{}
binance,240,60,WALK_01,5,REPLAY_COMPLETE,symbol,SOLUSDT,0,0,,{}
binance,240,60,WALK_01,5,REPLAY_COMPLETE,symbol,XRPUSDT,0,0,,{}
binance,240,60,WALK_01,5,REPLAY_COMPLETE,symbol,BNBUSDT,0,0,,{}
binance,240,60,WALK_01,5,REPLAY_COMPLETE,symbol,DOGEUSDT,0,0,,{}
binance,240,60,WALK_01,5,REPLAY_COMPLETE,symbol,ADAUSDT,0,0,,{}
binance,240,60,WALK_01,5,REPLAY_COMPLETE,direction,LONG,0,0,,{}
binance,240,60,WALK_01,5,REPLAY_COMPLETE,direction,SHORT,0,0,,{}
binance,240,60,WALK_01,5,REPLAY_COMPLETE,ready_regime,BULL,0,0,,{}
binance,240,60,WALK_01,5,REPLAY_COMPLETE,ready_regime,BEAR,0,0,,{}
binance,240,60,WALK_01,5,REPLAY_COMPLETE,ready_regime,SIDEWAYS,0,0,,{}
binance,240,60,WALK_01,5,REPLAY_COMPLETE,ready_regime,UNKNOWN,0,0,,{}
binance,240,60,WALK_01,5,REPLAY_COMPLETE,ready_volatility_bucket,LOW,0,0,,{}
binance,240,60,WALK_01,5,REPLAY_COMPLETE,ready_volatility_bucket,MEDIUM,0,0,,{}
binance,240,60,WALK_01,5,REPLAY_COMPLETE,ready_volatility_bucket,HIGH,0,0,,{}
binance,240,60,WALK_01,5,REPLAY_COMPLETE,ready_volatility_bucket,UNKNOWN,0,0,,{}
binance,240,60,WALK_01,7,REPLAY_COMPLETE,symbol,BTCUSDT,0,0,,{}
binance,240,60,WALK_01,7,REPLAY_COMPLETE,symbol,ETHUSDT,0,0,,{}
binance,240,60,WALK_01,7,REPLAY_COMPLETE,symbol,SOLUSDT,0,0,,{}
binance,240,60,WALK_01,7,REPLAY_COMPLETE,symbol,XRPUSDT,0,0,,{}
binance,240,60,WALK_01,7,REPLAY_COMPLETE,symbol,BNBUSDT,0,0,,{}
binance,240,60,WALK_01,7,REPLAY_COMPLETE,symbol,DOGEUSDT,0,0,,{}
binance,240,60,WALK_01,7,REPLAY_COMPLETE,symbol,ADAUSDT,0,0,,{}
binance,240,60,WALK_01,7,REPLAY_COMPLETE,direction,LONG,0,0,,{}
binance,240,60,WALK_01,7,REPLAY_COMPLETE,direction,SHORT,0,0,,{}
binance,240,60,WALK_01,7,REPLAY_COMPLETE,ready_regime,BULL,0,0,,{}
binance,240,60,WALK_01,7,REPLAY_COMPLETE,ready_regime,BEAR,0,0,,{}
binance,240,60,WALK_01,7,REPLAY_COMPLETE,ready_regime,SIDEWAYS,0,0,,{}
binance,240,60,WALK_01,7,REPLAY_COMPLETE,ready_regime,UNKNOWN,0,0,,{}
binance,240,60,WALK_01,7,REPLAY_COMPLETE,ready_volatility_bucket,LOW,0,0,,{}
binance,240,60,WALK_01,7,REPLAY_COMPLETE,ready_volatility_bucket,MEDIUM,0,0,,{}
binance,240,60,WALK_01,7,REPLAY_COMPLETE,ready_volatility_bucket,HIGH,0,0,,{}
binance,240,60,WALK_01,7,REPLAY_COMPLETE,ready_volatility_bucket,UNKNOWN,0,0,,{}
binance,240,60,WALK_02,7,REPLAY_COMPLETE,symbol,BTCUSDT,0,0,,{}
binance,240,60,WALK_02,7,REPLAY_COMPLETE,symbol,ETHUSDT,0,0,,{}
binance,240,60,WALK_02,7,REPLAY_COMPLETE,symbol,SOLUSDT,0,0,,{}
binance,240,60,WALK_02,7,REPLAY_COMPLETE,symbol,XRPUSDT,0,0,,{}
binance,240,60,WALK_02,7,REPLAY_COMPLETE,symbol,BNBUSDT,0,0,,{}
binance,240,60,WALK_02,7,REPLAY_COMPLETE,symbol,DOGEUSDT,0,0,,{}
binance,240,60,WALK_02,7,REPLAY_COMPLETE,symbol,ADAUSDT,0,0,,{}
binance,240,60,WALK_02,7,REPLAY_COMPLETE,direction,LONG,0,0,,{}
binance,240,60,WALK_02,7,REPLAY_COMPLETE,direction,SHORT,0,0,,{}
binance,240,60,WALK_02,7,REPLAY_COMPLETE,ready_regime,BULL,0,0,,{}
binance,240,60,WALK_02,7,REPLAY_COMPLETE,ready_regime,BEAR,0,0,,{}
binance,240,60,WALK_02,7,REPLAY_COMPLETE,ready_regime,SIDEWAYS,0,0,,{}
binance,240,60,WALK_02,7,REPLAY_COMPLETE,ready_regime,UNKNOWN,0,0,,{}
binance,240,60,WALK_02,7,REPLAY_COMPLETE,ready_volatility_bucket,LOW,0,0,,{}
binance,240,60,WALK_02,7,REPLAY_COMPLETE,ready_volatility_bucket,MEDIUM,0,0,,{}
binance,240,60,WALK_02,7,REPLAY_COMPLETE,ready_volatility_bucket,HIGH,0,0,,{}
binance,240,60,WALK_02,7,REPLAY_COMPLETE,ready_volatility_bucket,UNKNOWN,0,0,,{}
binance,240,60,WALK_03,8,REPLAY_COMPLETE,symbol,BTCUSDT,0,0,,{}
binance,240,60,WALK_03,8,REPLAY_COMPLETE,symbol,ETHUSDT,0,0,,{}
binance,240,60,WALK_03,8,REPLAY_COMPLETE,symbol,SOLUSDT,0,0,,{}
binance,240,60,WALK_03,8,REPLAY_COMPLETE,symbol,XRPUSDT,0,0,,{}
binance,240,60,WALK_03,8,REPLAY_COMPLETE,symbol,BNBUSDT,0,0,,{}
binance,240,60,WALK_03,8,REPLAY_COMPLETE,symbol,DOGEUSDT,0,0,,{}
binance,240,60,WALK_03,8,REPLAY_COMPLETE,symbol,ADAUSDT,0,0,,{}
binance,240,60,WALK_03,8,REPLAY_COMPLETE,direction,LONG,0,0,,{}
binance,240,60,WALK_03,8,REPLAY_COMPLETE,direction,SHORT,0,0,,{}
binance,240,60,WALK_03,8,REPLAY_COMPLETE,ready_regime,BULL,0,0,,{}
binance,240,60,WALK_03,8,REPLAY_COMPLETE,ready_regime,BEAR,0,0,,{}
binance,240,60,WALK_03,8,REPLAY_COMPLETE,ready_regime,SIDEWAYS,0,0,,{}
binance,240,60,WALK_03,8,REPLAY_COMPLETE,ready_regime,UNKNOWN,0,0,,{}
binance,240,60,WALK_03,8,REPLAY_COMPLETE,ready_volatility_bucket,LOW,0,0,,{}
binance,240,60,WALK_03,8,REPLAY_COMPLETE,ready_volatility_bucket,MEDIUM,0,0,,{}
binance,240,60,WALK_03,8,REPLAY_COMPLETE,ready_volatility_bucket,HIGH,0,0,,{}
binance,240,60,WALK_03,8,REPLAY_COMPLETE,ready_volatility_bucket,UNKNOWN,0,0,,{}
binance,240,60,WALK_03,9,REPLAY_COMPLETE,symbol,BTCUSDT,0,0,,{}
binance,240,60,WALK_03,9,REPLAY_COMPLETE,symbol,ETHUSDT,0,0,,{}
binance,240,60,WALK_03,9,REPLAY_COMPLETE,symbol,SOLUSDT,0,0,,{}
binance,240,60,WALK_03,9,REPLAY_COMPLETE,symbol,XRPUSDT,0,0,,{}
binance,240,60,WALK_03,9,REPLAY_COMPLETE,symbol,BNBUSDT,0,0,,{}
binance,240,60,WALK_03,9,REPLAY_COMPLETE,symbol,DOGEUSDT,0,0,,{}
binance,240,60,WALK_03,9,REPLAY_COMPLETE,symbol,ADAUSDT,0,0,,{}
binance,240,60,WALK_03,9,REPLAY_COMPLETE,direction,LONG,0,0,,{}
binance,240,60,WALK_03,9,REPLAY_COMPLETE,direction,SHORT,0,0,,{}
binance,240,60,WALK_03,9,REPLAY_COMPLETE,ready_regime,BULL,0,0,,{}
binance,240,60,WALK_03,9,REPLAY_COMPLETE,ready_regime,BEAR,0,0,,{}
binance,240,60,WALK_03,9,REPLAY_COMPLETE,ready_regime,SIDEWAYS,0,0,,{}
binance,240,60,WALK_03,9,REPLAY_COMPLETE,ready_regime,UNKNOWN,0,0,,{}
binance,240,60,WALK_03,9,REPLAY_COMPLETE,ready_volatility_bucket,LOW,0,0,,{}
binance,240,60,WALK_03,9,REPLAY_COMPLETE,ready_volatility_bucket,MEDIUM,0,0,,{}
binance,240,60,WALK_03,9,REPLAY_COMPLETE,ready_volatility_bucket,HIGH,0,0,,{}
binance,240,60,WALK_03,9,REPLAY_COMPLETE,ready_volatility_bucket,UNKNOWN,0,0,,{}
binance,240,60,WALK_04,9,REPLAY_COMPLETE,symbol,BTCUSDT,0,0,,{}
binance,240,60,WALK_04,9,REPLAY_COMPLETE,symbol,ETHUSDT,0,0,,{}
binance,240,60,WALK_04,9,REPLAY_COMPLETE,symbol,SOLUSDT,0,0,,{}
binance,240,60,WALK_04,9,REPLAY_COMPLETE,symbol,XRPUSDT,0,0,,{}
binance,240,60,WALK_04,9,REPLAY_COMPLETE,symbol,BNBUSDT,0,0,,{}
binance,240,60,WALK_04,9,REPLAY_COMPLETE,symbol,DOGEUSDT,0,0,,{}
binance,240,60,WALK_04,9,REPLAY_COMPLETE,symbol,ADAUSDT,0,0,,{}
binance,240,60,WALK_04,9,REPLAY_COMPLETE,direction,LONG,0,0,,{}
binance,240,60,WALK_04,9,REPLAY_COMPLETE,direction,SHORT,0,0,,{}
binance,240,60,WALK_04,9,REPLAY_COMPLETE,ready_regime,BULL,0,0,,{}
binance,240,60,WALK_04,9,REPLAY_COMPLETE,ready_regime,BEAR,0,0,,{}
binance,240,60,WALK_04,9,REPLAY_COMPLETE,ready_regime,SIDEWAYS,0,0,,{}
binance,240,60,WALK_04,9,REPLAY_COMPLETE,ready_regime,UNKNOWN,0,0,,{}
binance,240,60,WALK_04,9,REPLAY_COMPLETE,ready_volatility_bucket,LOW,0,0,,{}
binance,240,60,WALK_04,9,REPLAY_COMPLETE,ready_volatility_bucket,MEDIUM,0,0,,{}
binance,240,60,WALK_04,9,REPLAY_COMPLETE,ready_volatility_bucket,HIGH,0,0,,{}
binance,240,60,WALK_04,9,REPLAY_COMPLETE,ready_volatility_bucket,UNKNOWN,0,0,,{}
binance,240,60,WALK_05,9,REPLAY_COMPLETE,symbol,BTCUSDT,0,0,,{}
binance,240,60,WALK_05,9,REPLAY_COMPLETE,symbol,ETHUSDT,0,0,,{}
binance,240,60,WALK_05,9,REPLAY_COMPLETE,symbol,SOLUSDT,0,0,,{}
binance,240,60,WALK_05,9,REPLAY_COMPLETE,symbol,XRPUSDT,0,0,,{}
binance,240,60,WALK_05,9,REPLAY_COMPLETE,symbol,BNBUSDT,0,0,,{}
binance,240,60,WALK_05,9,REPLAY_COMPLETE,symbol,DOGEUSDT,0,0,,{}
binance,240,60,WALK_05,9,REPLAY_COMPLETE,symbol,ADAUSDT,0,0,,{}
binance,240,60,WALK_05,9,REPLAY_COMPLETE,direction,LONG,0,0,,{}
binance,240,60,WALK_05,9,REPLAY_COMPLETE,direction,SHORT,0,0,,{}
binance,240,60,WALK_05,9,REPLAY_COMPLETE,ready_regime,BULL,0,0,,{}
binance,240,60,WALK_05,9,REPLAY_COMPLETE,ready_regime,BEAR,0,0,,{}
binance,240,60,WALK_05,9,REPLAY_COMPLETE,ready_regime,SIDEWAYS,0,0,,{}
binance,240,60,WALK_05,9,REPLAY_COMPLETE,ready_regime,UNKNOWN,0,0,,{}
binance,240,60,WALK_05,9,REPLAY_COMPLETE,ready_volatility_bucket,LOW,0,0,,{}
binance,240,60,WALK_05,9,REPLAY_COMPLETE,ready_volatility_bucket,MEDIUM,0,0,,{}
binance,240,60,WALK_05,9,REPLAY_COMPLETE,ready_volatility_bucket,HIGH,0,0,,{}
binance,240,60,WALK_05,9,REPLAY_COMPLETE,ready_volatility_bucket,UNKNOWN,0,0,,{}
binance,240,60,WALK_06,9,REPLAY_COMPLETE,symbol,BTCUSDT,0,0,,{}
binance,240,60,WALK_06,9,REPLAY_COMPLETE,symbol,ETHUSDT,0,0,,{}
binance,240,60,WALK_06,9,REPLAY_COMPLETE,symbol,SOLUSDT,0,0,,{}
binance,240,60,WALK_06,9,REPLAY_COMPLETE,symbol,XRPUSDT,0,0,,{}
binance,240,60,WALK_06,9,REPLAY_COMPLETE,symbol,BNBUSDT,0,0,,{}
binance,240,60,WALK_06,9,REPLAY_COMPLETE,symbol,DOGEUSDT,0,0,,{}
binance,240,60,WALK_06,9,REPLAY_COMPLETE,symbol,ADAUSDT,0,0,,{}
binance,240,60,WALK_06,9,REPLAY_COMPLETE,direction,LONG,0,0,,{}
binance,240,60,WALK_06,9,REPLAY_COMPLETE,direction,SHORT,0,0,,{}
binance,240,60,WALK_06,9,REPLAY_COMPLETE,ready_regime,BULL,0,0,,{}
binance,240,60,WALK_06,9,REPLAY_COMPLETE,ready_regime,BEAR,0,0,,{}
binance,240,60,WALK_06,9,REPLAY_COMPLETE,ready_regime,SIDEWAYS,0,0,,{}
binance,240,60,WALK_06,9,REPLAY_COMPLETE,ready_regime,UNKNOWN,0,0,,{}
binance,240,60,WALK_06,9,REPLAY_COMPLETE,ready_volatility_bucket,LOW,0,0,,{}
binance,240,60,WALK_06,9,REPLAY_COMPLETE,ready_volatility_bucket,MEDIUM,0,0,,{}
binance,240,60,WALK_06,9,REPLAY_COMPLETE,ready_volatility_bucket,HIGH,0,0,,{}
binance,240,60,WALK_06,9,REPLAY_COMPLETE,ready_volatility_bucket,UNKNOWN,0,0,,{}
binance,240,60,WALK_07,9,REPLAY_COMPLETE,symbol,BTCUSDT,0,0,,{}
binance,240,60,WALK_07,9,REPLAY_COMPLETE,symbol,ETHUSDT,0,0,,{}
binance,240,60,WALK_07,9,REPLAY_COMPLETE,symbol,SOLUSDT,0,0,,{}
binance,240,60,WALK_07,9,REPLAY_COMPLETE,symbol,XRPUSDT,0,0,,{}
binance,240,60,WALK_07,9,REPLAY_COMPLETE,symbol,BNBUSDT,0,0,,{}
binance,240,60,WALK_07,9,REPLAY_COMPLETE,symbol,DOGEUSDT,0,0,,{}
binance,240,60,WALK_07,9,REPLAY_COMPLETE,symbol,ADAUSDT,0,0,,{}
binance,240,60,WALK_07,9,REPLAY_COMPLETE,direction,LONG,0,0,,{}
binance,240,60,WALK_07,9,REPLAY_COMPLETE,direction,SHORT,0,0,,{}
binance,240,60,WALK_07,9,REPLAY_COMPLETE,ready_regime,BULL,0,0,,{}
binance,240,60,WALK_07,9,REPLAY_COMPLETE,ready_regime,BEAR,0,0,,{}
binance,240,60,WALK_07,9,REPLAY_COMPLETE,ready_regime,SIDEWAYS,0,0,,{}
binance,240,60,WALK_07,9,REPLAY_COMPLETE,ready_regime,UNKNOWN,0,0,,{}
binance,240,60,WALK_07,9,REPLAY_COMPLETE,ready_volatility_bucket,LOW,0,0,,{}
binance,240,60,WALK_07,9,REPLAY_COMPLETE,ready_volatility_bucket,MEDIUM,0,0,,{}
binance,240,60,WALK_07,9,REPLAY_COMPLETE,ready_volatility_bucket,HIGH,0,0,,{}
binance,240,60,WALK_07,9,REPLAY_COMPLETE,ready_volatility_bucket,UNKNOWN,0,0,,{}
binance,240,60,WALK_08,9,REPLAY_COMPLETE,symbol,BTCUSDT,0,0,,{}
binance,240,60,WALK_08,9,REPLAY_COMPLETE,symbol,ETHUSDT,0,0,,{}
binance,240,60,WALK_08,9,REPLAY_COMPLETE,symbol,SOLUSDT,0,0,,{}
binance,240,60,WALK_08,9,REPLAY_COMPLETE,symbol,XRPUSDT,0,0,,{}
binance,240,60,WALK_08,9,REPLAY_COMPLETE,symbol,BNBUSDT,0,0,,{}
binance,240,60,WALK_08,9,REPLAY_COMPLETE,symbol,DOGEUSDT,0,0,,{}
binance,240,60,WALK_08,9,REPLAY_COMPLETE,symbol,ADAUSDT,0,0,,{}
binance,240,60,WALK_08,9,REPLAY_COMPLETE,direction,LONG,0,0,,{}
binance,240,60,WALK_08,9,REPLAY_COMPLETE,direction,SHORT,0,0,,{}
binance,240,60,WALK_08,9,REPLAY_COMPLETE,ready_regime,BULL,0,0,,{}
binance,240,60,WALK_08,9,REPLAY_COMPLETE,ready_regime,BEAR,0,0,,{}
binance,240,60,WALK_08,9,REPLAY_COMPLETE,ready_regime,SIDEWAYS,0,0,,{}
binance,240,60,WALK_08,9,REPLAY_COMPLETE,ready_regime,UNKNOWN,0,0,,{}
binance,240,60,WALK_08,9,REPLAY_COMPLETE,ready_volatility_bucket,LOW,0,0,,{}
binance,240,60,WALK_08,9,REPLAY_COMPLETE,ready_volatility_bucket,MEDIUM,0,0,,{}
binance,240,60,WALK_08,9,REPLAY_COMPLETE,ready_volatility_bucket,HIGH,0,0,,{}
binance,240,60,WALK_08,9,REPLAY_COMPLETE,ready_volatility_bucket,UNKNOWN,0,0,,{}
binance,240,60,WALK_09,9,REPLAY_COMPLETE,symbol,BTCUSDT,0,0,,{}
binance,240,60,WALK_09,9,REPLAY_COMPLETE,symbol,ETHUSDT,0,0,,{}
binance,240,60,WALK_09,9,REPLAY_COMPLETE,symbol,SOLUSDT,0,0,,{}
binance,240,60,WALK_09,9,REPLAY_COMPLETE,symbol,XRPUSDT,0,0,,{}
binance,240,60,WALK_09,9,REPLAY_COMPLETE,symbol,BNBUSDT,0,0,,{}
binance,240,60,WALK_09,9,REPLAY_COMPLETE,symbol,DOGEUSDT,0,0,,{}
binance,240,60,WALK_09,9,REPLAY_COMPLETE,symbol,ADAUSDT,1,0,0.0,"{""TARGET_EVIDENCE_WITHDRAWN"": 1}"
binance,240,60,WALK_09,9,REPLAY_COMPLETE,direction,LONG,1,0,0.0,"{""TARGET_EVIDENCE_WITHDRAWN"": 1}"
binance,240,60,WALK_09,9,REPLAY_COMPLETE,direction,SHORT,0,0,,{}
binance,240,60,WALK_09,9,REPLAY_COMPLETE,ready_regime,BULL,0,0,,{}
binance,240,60,WALK_09,9,REPLAY_COMPLETE,ready_regime,BEAR,0,0,,{}
binance,240,60,WALK_09,9,REPLAY_COMPLETE,ready_regime,SIDEWAYS,1,0,0.0,"{""TARGET_EVIDENCE_WITHDRAWN"": 1}"
binance,240,60,WALK_09,9,REPLAY_COMPLETE,ready_regime,UNKNOWN,0,0,,{}
binance,240,60,WALK_09,9,REPLAY_COMPLETE,ready_volatility_bucket,LOW,0,0,,{}
binance,240,60,WALK_09,9,REPLAY_COMPLETE,ready_volatility_bucket,MEDIUM,1,0,0.0,"{""TARGET_EVIDENCE_WITHDRAWN"": 1}"
binance,240,60,WALK_09,9,REPLAY_COMPLETE,ready_volatility_bucket,HIGH,0,0,,{}
binance,240,60,WALK_09,9,REPLAY_COMPLETE,ready_volatility_bucket,UNKNOWN,0,0,,{}
binance,240,60,WALK_09,10,REPLAY_COMPLETE,symbol,BTCUSDT,0,0,,{}
binance,240,60,WALK_09,10,REPLAY_COMPLETE,symbol,ETHUSDT,0,0,,{}
binance,240,60,WALK_09,10,REPLAY_COMPLETE,symbol,SOLUSDT,0,0,,{}
binance,240,60,WALK_09,10,REPLAY_COMPLETE,symbol,XRPUSDT,0,0,,{}
binance,240,60,WALK_09,10,REPLAY_COMPLETE,symbol,BNBUSDT,0,0,,{}
binance,240,60,WALK_09,10,REPLAY_COMPLETE,symbol,DOGEUSDT,0,0,,{}
binance,240,60,WALK_09,10,REPLAY_COMPLETE,symbol,ADAUSDT,0,0,,{}
binance,240,60,WALK_09,10,REPLAY_COMPLETE,direction,LONG,0,0,,{}
binance,240,60,WALK_09,10,REPLAY_COMPLETE,direction,SHORT,0,0,,{}
binance,240,60,WALK_09,10,REPLAY_COMPLETE,ready_regime,BULL,0,0,,{}
binance,240,60,WALK_09,10,REPLAY_COMPLETE,ready_regime,BEAR,0,0,,{}
binance,240,60,WALK_09,10,REPLAY_COMPLETE,ready_regime,SIDEWAYS,0,0,,{}
binance,240,60,WALK_09,10,REPLAY_COMPLETE,ready_regime,UNKNOWN,0,0,,{}
binance,240,60,WALK_09,10,REPLAY_COMPLETE,ready_volatility_bucket,LOW,0,0,,{}
binance,240,60,WALK_09,10,REPLAY_COMPLETE,ready_volatility_bucket,MEDIUM,0,0,,{}
binance,240,60,WALK_09,10,REPLAY_COMPLETE,ready_volatility_bucket,HIGH,0,0,,{}
binance,240,60,WALK_09,10,REPLAY_COMPLETE,ready_volatility_bucket,UNKNOWN,0,0,,{}
binance,240,60,WALK_10,10,REPLAY_COMPLETE,symbol,BTCUSDT,0,0,,{}
binance,240,60,WALK_10,10,REPLAY_COMPLETE,symbol,ETHUSDT,0,0,,{}
binance,240,60,WALK_10,10,REPLAY_COMPLETE,symbol,SOLUSDT,0,0,,{}
binance,240,60,WALK_10,10,REPLAY_COMPLETE,symbol,XRPUSDT,0,0,,{}
binance,240,60,WALK_10,10,REPLAY_COMPLETE,symbol,BNBUSDT,0,0,,{}
binance,240,60,WALK_10,10,REPLAY_COMPLETE,symbol,DOGEUSDT,0,0,,{}
binance,240,60,WALK_10,10,REPLAY_COMPLETE,symbol,ADAUSDT,0,0,,{}
binance,240,60,WALK_10,10,REPLAY_COMPLETE,direction,LONG,0,0,,{}
binance,240,60,WALK_10,10,REPLAY_COMPLETE,direction,SHORT,0,0,,{}
binance,240,60,WALK_10,10,REPLAY_COMPLETE,ready_regime,BULL,0,0,,{}
binance,240,60,WALK_10,10,REPLAY_COMPLETE,ready_regime,BEAR,0,0,,{}
binance,240,60,WALK_10,10,REPLAY_COMPLETE,ready_regime,SIDEWAYS,0,0,,{}
binance,240,60,WALK_10,10,REPLAY_COMPLETE,ready_regime,UNKNOWN,0,0,,{}
binance,240,60,WALK_10,10,REPLAY_COMPLETE,ready_volatility_bucket,LOW,0,0,,{}
binance,240,60,WALK_10,10,REPLAY_COMPLETE,ready_volatility_bucket,MEDIUM,0,0,,{}
binance,240,60,WALK_10,10,REPLAY_COMPLETE,ready_volatility_bucket,HIGH,0,0,,{}
binance,240,60,WALK_10,10,REPLAY_COMPLETE,ready_volatility_bucket,UNKNOWN,0,0,,{}
binance,240,60,WALK_11,10,REPLAY_COMPLETE,symbol,BTCUSDT,0,0,,{}
binance,240,60,WALK_11,10,REPLAY_COMPLETE,symbol,ETHUSDT,0,0,,{}
binance,240,60,WALK_11,10,REPLAY_COMPLETE,symbol,SOLUSDT,0,0,,{}
binance,240,60,WALK_11,10,REPLAY_COMPLETE,symbol,XRPUSDT,0,0,,{}
binance,240,60,WALK_11,10,REPLAY_COMPLETE,symbol,BNBUSDT,0,0,,{}
binance,240,60,WALK_11,10,REPLAY_COMPLETE,symbol,DOGEUSDT,0,0,,{}
binance,240,60,WALK_11,10,REPLAY_COMPLETE,symbol,ADAUSDT,0,0,,{}
binance,240,60,WALK_11,10,REPLAY_COMPLETE,direction,LONG,0,0,,{}
binance,240,60,WALK_11,10,REPLAY_COMPLETE,direction,SHORT,0,0,,{}
binance,240,60,WALK_11,10,REPLAY_COMPLETE,ready_regime,BULL,0,0,,{}
binance,240,60,WALK_11,10,REPLAY_COMPLETE,ready_regime,BEAR,0,0,,{}
binance,240,60,WALK_11,10,REPLAY_COMPLETE,ready_regime,SIDEWAYS,0,0,,{}
binance,240,60,WALK_11,10,REPLAY_COMPLETE,ready_regime,UNKNOWN,0,0,,{}
binance,240,60,WALK_11,10,REPLAY_COMPLETE,ready_volatility_bucket,LOW,0,0,,{}
binance,240,60,WALK_11,10,REPLAY_COMPLETE,ready_volatility_bucket,MEDIUM,0,0,,{}
binance,240,60,WALK_11,10,REPLAY_COMPLETE,ready_volatility_bucket,HIGH,0,0,,{}
binance,240,60,WALK_11,10,REPLAY_COMPLETE,ready_volatility_bucket,UNKNOWN,0,0,,{}
binance,240,60,WALK_12,10,REPLAY_COMPLETE,symbol,BTCUSDT,0,0,,{}
binance,240,60,WALK_12,10,REPLAY_COMPLETE,symbol,ETHUSDT,0,0,,{}
binance,240,60,WALK_12,10,REPLAY_COMPLETE,symbol,SOLUSDT,0,0,,{}
binance,240,60,WALK_12,10,REPLAY_COMPLETE,symbol,XRPUSDT,0,0,,{}
binance,240,60,WALK_12,10,REPLAY_COMPLETE,symbol,BNBUSDT,0,0,,{}
binance,240,60,WALK_12,10,REPLAY_COMPLETE,symbol,DOGEUSDT,0,0,,{}
binance,240,60,WALK_12,10,REPLAY_COMPLETE,symbol,ADAUSDT,0,0,,{}
binance,240,60,WALK_12,10,REPLAY_COMPLETE,direction,LONG,0,0,,{}
binance,240,60,WALK_12,10,REPLAY_COMPLETE,direction,SHORT,0,0,,{}
binance,240,60,WALK_12,10,REPLAY_COMPLETE,ready_regime,BULL,0,0,,{}
binance,240,60,WALK_12,10,REPLAY_COMPLETE,ready_regime,BEAR,0,0,,{}
binance,240,60,WALK_12,10,REPLAY_COMPLETE,ready_regime,SIDEWAYS,0,0,,{}
binance,240,60,WALK_12,10,REPLAY_COMPLETE,ready_regime,UNKNOWN,0,0,,{}
binance,240,60,WALK_12,10,REPLAY_COMPLETE,ready_volatility_bucket,LOW,0,0,,{}
binance,240,60,WALK_12,10,REPLAY_COMPLETE,ready_volatility_bucket,MEDIUM,0,0,,{}
binance,240,60,WALK_12,10,REPLAY_COMPLETE,ready_volatility_bucket,HIGH,0,0,,{}
binance,240,60,WALK_12,10,REPLAY_COMPLETE,ready_volatility_bucket,UNKNOWN,0,0,,{}
binance,240,60,WALK_13,10,REPLAY_COMPLETE,symbol,BTCUSDT,0,0,,{}
binance,240,60,WALK_13,10,REPLAY_COMPLETE,symbol,ETHUSDT,0,0,,{}
binance,240,60,WALK_13,10,REPLAY_COMPLETE,symbol,SOLUSDT,0,0,,{}
binance,240,60,WALK_13,10,REPLAY_COMPLETE,symbol,XRPUSDT,0,0,,{}
binance,240,60,WALK_13,10,REPLAY_COMPLETE,symbol,BNBUSDT,0,0,,{}
binance,240,60,WALK_13,10,REPLAY_COMPLETE,symbol,DOGEUSDT,0,0,,{}
binance,240,60,WALK_13,10,REPLAY_COMPLETE,symbol,ADAUSDT,0,0,,{}
binance,240,60,WALK_13,10,REPLAY_COMPLETE,direction,LONG,0,0,,{}
binance,240,60,WALK_13,10,REPLAY_COMPLETE,direction,SHORT,0,0,,{}
binance,240,60,WALK_13,10,REPLAY_COMPLETE,ready_regime,BULL,0,0,,{}
binance,240,60,WALK_13,10,REPLAY_COMPLETE,ready_regime,BEAR,0,0,,{}
binance,240,60,WALK_13,10,REPLAY_COMPLETE,ready_regime,SIDEWAYS,0,0,,{}
binance,240,60,WALK_13,10,REPLAY_COMPLETE,ready_regime,UNKNOWN,0,0,,{}
binance,240,60,WALK_13,10,REPLAY_COMPLETE,ready_volatility_bucket,LOW,0,0,,{}
binance,240,60,WALK_13,10,REPLAY_COMPLETE,ready_volatility_bucket,MEDIUM,0,0,,{}
binance,240,60,WALK_13,10,REPLAY_COMPLETE,ready_volatility_bucket,HIGH,0,0,,{}
binance,240,60,WALK_13,10,REPLAY_COMPLETE,ready_volatility_bucket,UNKNOWN,0,0,,{}
binance,240,60,WALK_14,10,REPLAY_COMPLETE,symbol,BTCUSDT,0,0,,{}
binance,240,60,WALK_14,10,REPLAY_COMPLETE,symbol,ETHUSDT,0,0,,{}
binance,240,60,WALK_14,10,REPLAY_COMPLETE,symbol,SOLUSDT,0,0,,{}
binance,240,60,WALK_14,10,REPLAY_COMPLETE,symbol,XRPUSDT,0,0,,{}
binance,240,60,WALK_14,10,REPLAY_COMPLETE,symbol,BNBUSDT,0,0,,{}
binance,240,60,WALK_14,10,REPLAY_COMPLETE,symbol,DOGEUSDT,0,0,,{}
binance,240,60,WALK_14,10,REPLAY_COMPLETE,symbol,ADAUSDT,0,0,,{}
binance,240,60,WALK_14,10,REPLAY_COMPLETE,direction,LONG,0,0,,{}
binance,240,60,WALK_14,10,REPLAY_COMPLETE,direction,SHORT,0,0,,{}
binance,240,60,WALK_14,10,REPLAY_COMPLETE,ready_regime,BULL,0,0,,{}
binance,240,60,WALK_14,10,REPLAY_COMPLETE,ready_regime,BEAR,0,0,,{}
binance,240,60,WALK_14,10,REPLAY_COMPLETE,ready_regime,SIDEWAYS,0,0,,{}
binance,240,60,WALK_14,10,REPLAY_COMPLETE,ready_regime,UNKNOWN,0,0,,{}
binance,240,60,WALK_14,10,REPLAY_COMPLETE,ready_volatility_bucket,LOW,0,0,,{}
binance,240,60,WALK_14,10,REPLAY_COMPLETE,ready_volatility_bucket,MEDIUM,0,0,,{}
binance,240,60,WALK_14,10,REPLAY_COMPLETE,ready_volatility_bucket,HIGH,0,0,,{}
binance,240,60,WALK_14,10,REPLAY_COMPLETE,ready_volatility_bucket,UNKNOWN,0,0,,{}
binance,240,60,WALK_15,10,REPLAY_COMPLETE,symbol,BTCUSDT,0,0,,{}
binance,240,60,WALK_15,10,REPLAY_COMPLETE,symbol,ETHUSDT,0,0,,{}
binance,240,60,WALK_15,10,REPLAY_COMPLETE,symbol,SOLUSDT,0,0,,{}
binance,240,60,WALK_15,10,REPLAY_COMPLETE,symbol,XRPUSDT,0,0,,{}
binance,240,60,WALK_15,10,REPLAY_COMPLETE,symbol,BNBUSDT,0,0,,{}
binance,240,60,WALK_15,10,REPLAY_COMPLETE,symbol,DOGEUSDT,0,0,,{}
binance,240,60,WALK_15,10,REPLAY_COMPLETE,symbol,ADAUSDT,0,0,,{}
binance,240,60,WALK_15,10,REPLAY_COMPLETE,direction,LONG,0,0,,{}
binance,240,60,WALK_15,10,REPLAY_COMPLETE,direction,SHORT,0,0,,{}
binance,240,60,WALK_15,10,REPLAY_COMPLETE,ready_regime,BULL,0,0,,{}
binance,240,60,WALK_15,10,REPLAY_COMPLETE,ready_regime,BEAR,0,0,,{}
binance,240,60,WALK_15,10,REPLAY_COMPLETE,ready_regime,SIDEWAYS,0,0,,{}
binance,240,60,WALK_15,10,REPLAY_COMPLETE,ready_regime,UNKNOWN,0,0,,{}
binance,240,60,WALK_15,10,REPLAY_COMPLETE,ready_volatility_bucket,LOW,0,0,,{}
binance,240,60,WALK_15,10,REPLAY_COMPLETE,ready_volatility_bucket,MEDIUM,0,0,,{}
binance,240,60,WALK_15,10,REPLAY_COMPLETE,ready_volatility_bucket,HIGH,0,0,,{}
binance,240,60,WALK_15,10,REPLAY_COMPLETE,ready_volatility_bucket,UNKNOWN,0,0,,{}
binance,240,60,WALK_16,10,REPLAY_COMPLETE,symbol,BTCUSDT,0,0,,{}
binance,240,60,WALK_16,10,REPLAY_COMPLETE,symbol,ETHUSDT,0,0,,{}
binance,240,60,WALK_16,10,REPLAY_COMPLETE,symbol,SOLUSDT,0,0,,{}
binance,240,60,WALK_16,10,REPLAY_COMPLETE,symbol,XRPUSDT,0,0,,{}
binance,240,60,WALK_16,10,REPLAY_COMPLETE,symbol,BNBUSDT,0,0,,{}
binance,240,60,WALK_16,10,REPLAY_COMPLETE,symbol,DOGEUSDT,0,0,,{}
binance,240,60,WALK_16,10,REPLAY_COMPLETE,symbol,ADAUSDT,0,0,,{}
binance,240,60,WALK_16,10,REPLAY_COMPLETE,direction,LONG,0,0,,{}
binance,240,60,WALK_16,10,REPLAY_COMPLETE,direction,SHORT,0,0,,{}
binance,240,60,WALK_16,10,REPLAY_COMPLETE,ready_regime,BULL,0,0,,{}
binance,240,60,WALK_16,10,REPLAY_COMPLETE,ready_regime,BEAR,0,0,,{}
binance,240,60,WALK_16,10,REPLAY_COMPLETE,ready_regime,SIDEWAYS,0,0,,{}
binance,240,60,WALK_16,10,REPLAY_COMPLETE,ready_regime,UNKNOWN,0,0,,{}
binance,240,60,WALK_16,10,REPLAY_COMPLETE,ready_volatility_bucket,LOW,0,0,,{}
binance,240,60,WALK_16,10,REPLAY_COMPLETE,ready_volatility_bucket,MEDIUM,0,0,,{}
binance,240,60,WALK_16,10,REPLAY_COMPLETE,ready_volatility_bucket,HIGH,0,0,,{}
binance,240,60,WALK_16,10,REPLAY_COMPLETE,ready_volatility_bucket,UNKNOWN,0,0,,{}
binance,240,60,WALK_17,10,REPLAY_COMPLETE,symbol,BTCUSDT,0,0,,{}
binance,240,60,WALK_17,10,REPLAY_COMPLETE,symbol,ETHUSDT,0,0,,{}
binance,240,60,WALK_17,10,REPLAY_COMPLETE,symbol,SOLUSDT,0,0,,{}
binance,240,60,WALK_17,10,REPLAY_COMPLETE,symbol,XRPUSDT,0,0,,{}
binance,240,60,WALK_17,10,REPLAY_COMPLETE,symbol,BNBUSDT,0,0,,{}
binance,240,60,WALK_17,10,REPLAY_COMPLETE,symbol,DOGEUSDT,0,0,,{}
binance,240,60,WALK_17,10,REPLAY_COMPLETE,symbol,ADAUSDT,0,0,,{}
binance,240,60,WALK_17,10,REPLAY_COMPLETE,direction,LONG,0,0,,{}
binance,240,60,WALK_17,10,REPLAY_COMPLETE,direction,SHORT,0,0,,{}
binance,240,60,WALK_17,10,REPLAY_COMPLETE,ready_regime,BULL,0,0,,{}
binance,240,60,WALK_17,10,REPLAY_COMPLETE,ready_regime,BEAR,0,0,,{}
binance,240,60,WALK_17,10,REPLAY_COMPLETE,ready_regime,SIDEWAYS,0,0,,{}
binance,240,60,WALK_17,10,REPLAY_COMPLETE,ready_regime,UNKNOWN,0,0,,{}
binance,240,60,WALK_17,10,REPLAY_COMPLETE,ready_volatility_bucket,LOW,0,0,,{}
binance,240,60,WALK_17,10,REPLAY_COMPLETE,ready_volatility_bucket,MEDIUM,0,0,,{}
binance,240,60,WALK_17,10,REPLAY_COMPLETE,ready_volatility_bucket,HIGH,0,0,,{}
binance,240,60,WALK_17,10,REPLAY_COMPLETE,ready_volatility_bucket,UNKNOWN,0,0,,{}
binance,240,60,WALK_18,10,REPLAY_COMPLETE,symbol,BTCUSDT,0,0,,{}
binance,240,60,WALK_18,10,REPLAY_COMPLETE,symbol,ETHUSDT,0,0,,{}
binance,240,60,WALK_18,10,REPLAY_COMPLETE,symbol,SOLUSDT,0,0,,{}
binance,240,60,WALK_18,10,REPLAY_COMPLETE,symbol,XRPUSDT,0,0,,{}
binance,240,60,WALK_18,10,REPLAY_COMPLETE,symbol,BNBUSDT,0,0,,{}
binance,240,60,WALK_18,10,REPLAY_COMPLETE,symbol,DOGEUSDT,0,0,,{}
binance,240,60,WALK_18,10,REPLAY_COMPLETE,symbol,ADAUSDT,0,0,,{}
binance,240,60,WALK_18,10,REPLAY_COMPLETE,direction,LONG,0,0,,{}
binance,240,60,WALK_18,10,REPLAY_COMPLETE,direction,SHORT,0,0,,{}
binance,240,60,WALK_18,10,REPLAY_COMPLETE,ready_regime,BULL,0,0,,{}
binance,240,60,WALK_18,10,REPLAY_COMPLETE,ready_regime,BEAR,0,0,,{}
binance,240,60,WALK_18,10,REPLAY_COMPLETE,ready_regime,SIDEWAYS,0,0,,{}
binance,240,60,WALK_18,10,REPLAY_COMPLETE,ready_regime,UNKNOWN,0,0,,{}
binance,240,60,WALK_18,10,REPLAY_COMPLETE,ready_volatility_bucket,LOW,0,0,,{}
binance,240,60,WALK_18,10,REPLAY_COMPLETE,ready_volatility_bucket,MEDIUM,0,0,,{}
binance,240,60,WALK_18,10,REPLAY_COMPLETE,ready_volatility_bucket,HIGH,0,0,,{}
binance,240,60,WALK_18,10,REPLAY_COMPLETE,ready_volatility_bucket,UNKNOWN,0,0,,{}
binance,240,60,WALK_19,10,REPLAY_COMPLETE,symbol,BTCUSDT,0,0,,{}
binance,240,60,WALK_19,10,REPLAY_COMPLETE,symbol,ETHUSDT,0,0,,{}
binance,240,60,WALK_19,10,REPLAY_COMPLETE,symbol,SOLUSDT,0,0,,{}
binance,240,60,WALK_19,10,REPLAY_COMPLETE,symbol,XRPUSDT,0,0,,{}
binance,240,60,WALK_19,10,REPLAY_COMPLETE,symbol,BNBUSDT,0,0,,{}
binance,240,60,WALK_19,10,REPLAY_COMPLETE,symbol,DOGEUSDT,0,0,,{}
binance,240,60,WALK_19,10,REPLAY_COMPLETE,symbol,ADAUSDT,0,0,,{}
binance,240,60,WALK_19,10,REPLAY_COMPLETE,direction,LONG,0,0,,{}
binance,240,60,WALK_19,10,REPLAY_COMPLETE,direction,SHORT,0,0,,{}
binance,240,60,WALK_19,10,REPLAY_COMPLETE,ready_regime,BULL,0,0,,{}
binance,240,60,WALK_19,10,REPLAY_COMPLETE,ready_regime,BEAR,0,0,,{}
binance,240,60,WALK_19,10,REPLAY_COMPLETE,ready_regime,SIDEWAYS,0,0,,{}
binance,240,60,WALK_19,10,REPLAY_COMPLETE,ready_regime,UNKNOWN,0,0,,{}
binance,240,60,WALK_19,10,REPLAY_COMPLETE,ready_volatility_bucket,LOW,0,0,,{}
binance,240,60,WALK_19,10,REPLAY_COMPLETE,ready_volatility_bucket,MEDIUM,0,0,,{}
binance,240,60,WALK_19,10,REPLAY_COMPLETE,ready_volatility_bucket,HIGH,0,0,,{}
binance,240,60,WALK_19,10,REPLAY_COMPLETE,ready_volatility_bucket,UNKNOWN,0,0,,{}
binance,240,60,WALK_20,10,REPLAY_COMPLETE,symbol,BTCUSDT,0,0,,{}
binance,240,60,WALK_20,10,REPLAY_COMPLETE,symbol,ETHUSDT,0,0,,{}
binance,240,60,WALK_20,10,REPLAY_COMPLETE,symbol,SOLUSDT,0,0,,{}
binance,240,60,WALK_20,10,REPLAY_COMPLETE,symbol,XRPUSDT,0,0,,{}
binance,240,60,WALK_20,10,REPLAY_COMPLETE,symbol,BNBUSDT,0,0,,{}
binance,240,60,WALK_20,10,REPLAY_COMPLETE,symbol,DOGEUSDT,0,0,,{}
binance,240,60,WALK_20,10,REPLAY_COMPLETE,symbol,ADAUSDT,0,0,,{}
binance,240,60,WALK_20,10,REPLAY_COMPLETE,direction,LONG,0,0,,{}
binance,240,60,WALK_20,10,REPLAY_COMPLETE,direction,SHORT,0,0,,{}
binance,240,60,WALK_20,10,REPLAY_COMPLETE,ready_regime,BULL,0,0,,{}
binance,240,60,WALK_20,10,REPLAY_COMPLETE,ready_regime,BEAR,0,0,,{}
binance,240,60,WALK_20,10,REPLAY_COMPLETE,ready_regime,SIDEWAYS,0,0,,{}
binance,240,60,WALK_20,10,REPLAY_COMPLETE,ready_regime,UNKNOWN,0,0,,{}
binance,240,60,WALK_20,10,REPLAY_COMPLETE,ready_volatility_bucket,LOW,0,0,,{}
binance,240,60,WALK_20,10,REPLAY_COMPLETE,ready_volatility_bucket,MEDIUM,0,0,,{}
binance,240,60,WALK_20,10,REPLAY_COMPLETE,ready_volatility_bucket,HIGH,0,0,,{}
binance,240,60,WALK_20,10,REPLAY_COMPLETE,ready_volatility_bucket,UNKNOWN,0,0,,{}
