study,case,variant,signal_id,symbol,direction,status,entry,exit,net_pnl,R,fees,slippage,quantity,risk,individual_trade_nav_max_drawdown,paired_shadow_match,fills
binance_15_5,HOLDOUT_SEGMENT_10,A_40_30_30_BE_TP1,725ea91264f0d58f88ee58d8,XRPUSDT,SHORT,CLOSED,2025-01-20T06:45:00+00:00,2025-01-20T06:50:00+00:00,-23.400000000000002,-1.0,3.523457275641012,1.1744850104642897,936.4373088598588,23.400000000000002,0.020000000000000077,True,"[{""action"": ""VIRTUAL_EXIT"", ""balance_change"": -21.644234324996802, ""entry_fee_allocation"": 1.7557656750031985, ""exit_fee"": 1.7676916006378136, ""gross_pnl"": -19.876542724358988, ""net_pnl"": -23.400000000000002, ""price"": 3.1461291, ""quantity"": 936.4373088598588, ""reason"": ""STOP_FIRST_CONSERVATIVE"", ""reference_price"": 3.1455, ""sequence"": 3, ""signal_id"": ""725ea91264f0d58f88ee58d8"", ""slippage_cost"": 0.5891127110035752, ""symbol"": ""XRPUSDT"", ""time"": ""2025-01-20T06:50:00+00:00"", ""trade_entry_allowed"": false}]"
binance_15_5,HOLDOUT_SEGMENT_10,B_30_30_40_BE_TP1,725ea91264f0d58f88ee58d8,XRPUSDT,SHORT,CLOSED,2025-01-20T06:45:00+00:00,2025-01-20T06:50:00+00:00,-23.400000000000002,-1.0,3.523457275641012,1.1744850104642897,936.4373088598588,23.400000000000002,0.020000000000000077,True,"[{""action"": ""VIRTUAL_EXIT"", ""balance_change"": -21.644234324996802, ""entry_fee_allocation"": 1.7557656750031985, ""exit_fee"": 1.7676916006378136, ""gross_pnl"": -19.876542724358988, ""net_pnl"": -23.400000000000002, ""price"": 3.1461291, ""quantity"": 936.4373088598588, ""reason"": ""STOP_FIRST_CONSERVATIVE"", ""reference_price"": 3.1455, ""sequence"": 3, ""signal_id"": ""725ea91264f0d58f88ee58d8"", ""slippage_cost"": 0.5891127110035752, ""symbol"": ""XRPUSDT"", ""time"": ""2025-01-20T06:50:00+00:00"", ""trade_entry_allowed"": false}]"
binance_15_5,HOLDOUT_SEGMENT_10,C_25_25_50_BE_TP1,725ea91264f0d58f88ee58d8,XRPUSDT,SHORT,CLOSED,2025-01-20T06:45:00+00:00,2025-01-20T06:50:00+00:00,-23.400000000000002,-1.0,3.523457275641012,1.1744850104642897,936.4373088598588,23.400000000000002,0.020000000000000077,True,"[{""action"": ""VIRTUAL_EXIT"", ""balance_change"": -21.644234324996802, ""entry_fee_allocation"": 1.7557656750031985, ""exit_fee"": 1.7676916006378136, ""gross_pnl"": -19.876542724358988, ""net_pnl"": -23.400000000000002, ""price"": 3.1461291, ""quantity"": 936.4373088598588, ""reason"": ""STOP_FIRST_CONSERVATIVE"", ""reference_price"": 3.1455, ""sequence"": 3, ""signal_id"": ""725ea91264f0d58f88ee58d8"", ""slippage_cost"": 0.5891127110035752, ""symbol"": ""XRPUSDT"", ""time"": ""2025-01-20T06:50:00+00:00"", ""trade_entry_allowed"": false}]"
binance_15_5,HOLDOUT_SEGMENT_10,D_25_35_40_BE_TP1,725ea91264f0d58f88ee58d8,XRPUSDT,SHORT,CLOSED,2025-01-20T06:45:00+00:00,2025-01-20T06:50:00+00:00,-23.400000000000002,-1.0,3.523457275641012,1.1744850104642897,936.4373088598588,23.400000000000002,0.020000000000000077,True,"[{""action"": ""VIRTUAL_EXIT"", ""balance_change"": -21.644234324996802, ""entry_fee_allocation"": 1.7557656750031985, ""exit_fee"": 1.7676916006378136, ""gross_pnl"": -19.876542724358988, ""net_pnl"": -23.400000000000002, ""price"": 3.1461291, ""quantity"": 936.4373088598588, ""reason"": ""STOP_FIRST_CONSERVATIVE"", ""reference_price"": 3.1455, ""sequence"": 3, ""signal_id"": ""725ea91264f0d58f88ee58d8"", ""slippage_cost"": 0.5891127110035752, ""symbol"": ""XRPUSDT"", ""time"": ""2025-01-20T06:50:00+00:00"", ""trade_entry_allowed"": false}]"
binance_15_5,HOLDOUT_SEGMENT_10,A_BE_LATER_CLOSE,725ea91264f0d58f88ee58d8,XRPUSDT,SHORT,CLOSED,2025-01-20T06:45:00+00:00,2025-01-20T06:50:00+00:00,-23.400000000000002,-1.0,3.523457275641012,1.1744850104642897,936.4373088598588,23.400000000000002,0.020000000000000077,True,"[{""action"": ""VIRTUAL_EXIT"", ""balance_change"": -21.644234324996802, ""entry_fee_allocation"": 1.7557656750031985, ""exit_fee"": 1.7676916006378136, ""gross_pnl"": -19.876542724358988, ""net_pnl"": -23.400000000000002, ""price"": 3.1461291, ""quantity"": 936.4373088598588, ""reason"": ""STOP_FIRST_CONSERVATIVE"", ""reference_price"": 3.1455, ""sequence"": 3, ""signal_id"": ""725ea91264f0d58f88ee58d8"", ""slippage_cost"": 0.5891127110035752, ""symbol"": ""XRPUSDT"", ""time"": ""2025-01-20T06:50:00+00:00"", ""trade_entry_allowed"": false}]"
binance_15_5,HOLDOUT_SEGMENT_10,A_ORIGINAL_SL_UNTIL_TP2,725ea91264f0d58f88ee58d8,XRPUSDT,SHORT,CLOSED,2025-01-20T06:45:00+00:00,2025-01-20T06:50:00+00:00,-23.400000000000002,-1.0,3.523457275641012,1.1744850104642897,936.4373088598588,23.400000000000002,0.020000000000000077,True,"[{""action"": ""VIRTUAL_EXIT"", ""balance_change"": -21.644234324996802, ""entry_fee_allocation"": 1.7557656750031985, ""exit_fee"": 1.7676916006378136, ""gross_pnl"": -19.876542724358988, ""net_pnl"": -23.400000000000002, ""price"": 3.1461291, ""quantity"": 936.4373088598588, ""reason"": ""STOP_FIRST_CONSERVATIVE"", ""reference_price"": 3.1455, ""sequence"": 3, ""signal_id"": ""725ea91264f0d58f88ee58d8"", ""slippage_cost"": 0.5891127110035752, ""symbol"": ""XRPUSDT"", ""time"": ""2025-01-20T06:50:00+00:00"", ""trade_entry_allowed"": false}]"
binance_15_5,HOLDOUT_SEGMENT_10,A_STRUCTURAL_AFTER_TP1,725ea91264f0d58f88ee58d8,XRPUSDT,SHORT,CLOSED,2025-01-20T06:45:00+00:00,2025-01-20T06:50:00+00:00,-23.400000000000002,-1.0,3.523457275641012,1.1744850104642897,936.4373088598588,23.400000000000002,0.020000000000000077,True,"[{""action"": ""VIRTUAL_EXIT"", ""balance_change"": -21.644234324996802, ""entry_fee_allocation"": 1.7557656750031985, ""exit_fee"": 1.7676916006378136, ""gross_pnl"": -19.876542724358988, ""net_pnl"": -23.400000000000002, ""price"": 3.1461291, ""quantity"": 936.4373088598588, ""reason"": ""STOP_FIRST_CONSERVATIVE"", ""reference_price"": 3.1455, ""sequence"": 3, ""signal_id"": ""725ea91264f0d58f88ee58d8"", ""slippage_cost"": 0.5891127110035752, ""symbol"": ""XRPUSDT"", ""time"": ""2025-01-20T06:50:00+00:00"", ""trade_entry_allowed"": false}]"
binance_15_5,HOLDOUT_SEGMENT_10,A_40_30_30_BE_TP1,63876e9995a3c6664f3f537b,ADAUSDT,SHORT,CLOSED,2025-02-13T19:05:00+00:00,2025-02-13T19:05:00+00:00,-22.932,-1.0,2.9365084684821503,0.9788353954943806,3040.7189216539055,22.932,0.020000000000000014,True,"[{""action"": ""VIRTUAL_EXIT"", ""balance_change"": -21.46974441321838, ""entry_fee_allocation"": 1.4622555867816198, ""exit_fee"": 1.4742528817005305, ""gross_pnl"": -19.99549153151785, ""net_pnl"": -22.932, ""price"": 0.80806158, ""quantity"": 3040.7189216539055, ""reason"": ""STOP_FIRST_CONSERVATIVE"", ""reference_price"": 0.8079, ""sequence"": 3, ""signal_id"": ""63876e9995a3c6664f3f537b"", ""slippage_cost"": 0.4913193633608213, ""symbol"": ""ADAUSDT"", ""time"": ""2025-02-13T19:05:00+00:00"", ""trade_entry_allowed"": false}]"
binance_15_5,HOLDOUT_SEGMENT_10,B_30_30_40_BE_TP1,63876e9995a3c6664f3f537b,ADAUSDT,SHORT,CLOSED,2025-02-13T19:05:00+00:00,2025-02-13T19:05:00+00:00,-22.932,-1.0,2.9365084684821503,0.9788353954943806,3040.7189216539055,22.932,0.020000000000000014,True,"[{""action"": ""VIRTUAL_EXIT"", ""balance_change"": -21.46974441321838, ""entry_fee_allocation"": 1.4622555867816198, ""exit_fee"": 1.4742528817005305, ""gross_pnl"": -19.99549153151785, ""net_pnl"": -22.932, ""price"": 0.80806158, ""quantity"": 3040.7189216539055, ""reason"": ""STOP_FIRST_CONSERVATIVE"", ""reference_price"": 0.8079, ""sequence"": 3, ""signal_id"": ""63876e9995a3c6664f3f537b"", ""slippage_cost"": 0.4913193633608213, ""symbol"": ""ADAUSDT"", ""time"": ""2025-02-13T19:05:00+00:00"", ""trade_entry_allowed"": false}]"
binance_15_5,HOLDOUT_SEGMENT_10,C_25_25_50_BE_TP1,63876e9995a3c6664f3f537b,ADAUSDT,SHORT,CLOSED,2025-02-13T19:05:00+00:00,2025-02-13T19:05:00+00:00,-22.932,-1.0,2.9365084684821503,0.9788353954943806,3040.7189216539055,22.932,0.020000000000000014,True,"[{""action"": ""VIRTUAL_EXIT"", ""balance_change"": -21.46974441321838, ""entry_fee_allocation"": 1.4622555867816198, ""exit_fee"": 1.4742528817005305, ""gross_pnl"": -19.99549153151785, ""net_pnl"": -22.932, ""price"": 0.80806158, ""quantity"": 3040.7189216539055, ""reason"": ""STOP_FIRST_CONSERVATIVE"", ""reference_price"": 0.8079, ""sequence"": 3, ""signal_id"": ""63876e9995a3c6664f3f537b"", ""slippage_cost"": 0.4913193633608213, ""symbol"": ""ADAUSDT"", ""time"": ""2025-02-13T19:05:00+00:00"", ""trade_entry_allowed"": false}]"
binance_15_5,HOLDOUT_SEGMENT_10,D_25_35_40_BE_TP1,63876e9995a3c6664f3f537b,ADAUSDT,SHORT,CLOSED,2025-02-13T19:05:00+00:00,2025-02-13T19:05:00+00:00,-22.932,-1.0,2.9365084684821503,0.9788353954943806,3040.7189216539055,22.932,0.020000000000000014,True,"[{""action"": ""VIRTUAL_EXIT"", ""balance_change"": -21.46974441321838, ""entry_fee_allocation"": 1.4622555867816198, ""exit_fee"": 1.4742528817005305, ""gross_pnl"": -19.99549153151785, ""net_pnl"": -22.932, ""price"": 0.80806158, ""quantity"": 3040.7189216539055, ""reason"": ""STOP_FIRST_CONSERVATIVE"", ""reference_price"": 0.8079, ""sequence"": 3, ""signal_id"": ""63876e9995a3c6664f3f537b"", ""slippage_cost"": 0.4913193633608213, ""symbol"": ""ADAUSDT"", ""time"": ""2025-02-13T19:05:00+00:00"", ""trade_entry_allowed"": false}]"
binance_15_5,HOLDOUT_SEGMENT_10,A_BE_LATER_CLOSE,63876e9995a3c6664f3f537b,ADAUSDT,SHORT,CLOSED,2025-02-13T19:05:00+00:00,2025-02-13T19:05:00+00:00,-22.932,-1.0,2.9365084684821503,0.9788353954943806,3040.7189216539055,22.932,0.020000000000000014,True,"[{""action"": ""VIRTUAL_EXIT"", ""balance_change"": -21.46974441321838, ""entry_fee_allocation"": 1.4622555867816198, ""exit_fee"": 1.4742528817005305, ""gross_pnl"": -19.99549153151785, ""net_pnl"": -22.932, ""price"": 0.80806158, ""quantity"": 3040.7189216539055, ""reason"": ""STOP_FIRST_CONSERVATIVE"", ""reference_price"": 0.8079, ""sequence"": 3, ""signal_id"": ""63876e9995a3c6664f3f537b"", ""slippage_cost"": 0.4913193633608213, ""symbol"": ""ADAUSDT"", ""time"": ""2025-02-13T19:05:00+00:00"", ""trade_entry_allowed"": false}]"
binance_15_5,HOLDOUT_SEGMENT_10,A_ORIGINAL_SL_UNTIL_TP2,63876e9995a3c6664f3f537b,ADAUSDT,SHORT,CLOSED,2025-02-13T19:05:00+00:00,2025-02-13T19:05:00+00:00,-22.932,-1.0,2.9365084684821503,0.9788353954943806,3040.7189216539055,22.932,0.020000000000000014,True,"[{""action"": ""VIRTUAL_EXIT"", ""balance_change"": -21.46974441321838, ""entry_fee_allocation"": 1.4622555867816198, ""exit_fee"": 1.4742528817005305, ""gross_pnl"": -19.99549153151785, ""net_pnl"": -22.932, ""price"": 0.80806158, ""quantity"": 3040.7189216539055, ""reason"": ""STOP_FIRST_CONSERVATIVE"", ""reference_price"": 0.8079, ""sequence"": 3, ""signal_id"": ""63876e9995a3c6664f3f537b"", ""slippage_cost"": 0.4913193633608213, ""symbol"": ""ADAUSDT"", ""time"": ""2025-02-13T19:05:00+00:00"", ""trade_entry_allowed"": false}]"
binance_15_5,HOLDOUT_SEGMENT_10,A_STRUCTURAL_AFTER_TP1,63876e9995a3c6664f3f537b,ADAUSDT,SHORT,CLOSED,2025-02-13T19:05:00+00:00,2025-02-13T19:05:00+00:00,-22.932,-1.0,2.9365084684821503,0.9788353954943806,3040.7189216539055,22.932,0.020000000000000014,True,"[{""action"": ""VIRTUAL_EXIT"", ""balance_change"": -21.46974441321838, ""entry_fee_allocation"": 1.4622555867816198, ""exit_fee"": 1.4742528817005305, ""gross_pnl"": -19.99549153151785, ""net_pnl"": -22.932, ""price"": 0.80806158, ""quantity"": 3040.7189216539055, ""reason"": ""STOP_FIRST_CONSERVATIVE"", ""reference_price"": 0.8079, ""sequence"": 3, ""signal_id"": ""63876e9995a3c6664f3f537b"", ""slippage_cost"": 0.4913193633608213, ""symbol"": ""ADAUSDT"", ""time"": ""2025-02-13T19:05:00+00:00"", ""trade_entry_allowed"": false}]"
binance_15_5,HOLDOUT_SEGMENT_10,A_40_30_30_BE_TP1,ba5fa16035ea0a4042962469,ADAUSDT,LONG,CLOSED,2025-03-18T01:35:00+00:00,2025-03-18T06:30:00+00:00,-22.473360000000003,-1.0000000000000002,3.6344372065592543,1.2114783637553472,4299.376690167179,22.47336,0.035262381348393886,True,"[{""action"": ""VIRTUAL_EXIT"", ""balance_change"": -20.650489719882344, ""entry_fee_allocation"": 1.8228702801176593, ""exit_fee"": 1.8115669264415948, ""gross_pnl"": -18.838922793440748, ""net_pnl"": -22.473360000000003, ""price"": 0.70225952, ""quantity"": 4299.376690167179, ""reason"": ""STOP_FIRST_CONSERVATIVE"", ""reference_price"": 0.7024, ""sequence"": 3, ""signal_id"": ""ba5fa16035ea0a4042962469"", ""slippage_cost"": 0.6039764374346783, ""symbol"": ""ADAUSDT"", ""time"": ""2025-03-18T06:30:00+00:00"", ""trade_entry_allowed"": false}]"
binance_15_5,HOLDOUT_SEGMENT_10,B_30_30_40_BE_TP1,ba5fa16035ea0a4042962469,ADAUSDT,LONG,CLOSED,2025-03-18T01:35:00+00:00,2025-03-18T06:30:00+00:00,-22.473360000000003,-1.0000000000000002,3.6344372065592543,1.2114783637553472,4299.376690167179,22.47336,0.035262381348393886,True,"[{""action"": ""VIRTUAL_EXIT"", ""balance_change"": -20.650489719882344, ""entry_fee_allocation"": 1.8228702801176593, ""exit_fee"": 1.8115669264415948, ""gross_pnl"": -18.838922793440748, ""net_pnl"": -22.473360000000003, ""price"": 0.70225952, ""quantity"": 4299.376690167179, ""reason"": ""STOP_FIRST_CONSERVATIVE"", ""reference_price"": 0.7024, ""sequence"": 3, ""signal_id"": ""ba5fa16035ea0a4042962469"", ""slippage_cost"": 0.6039764374346783, ""symbol"": ""ADAUSDT"", ""time"": ""2025-03-18T06:30:00+00:00"", ""trade_entry_allowed"": false}]"
binance_15_5,HOLDOUT_SEGMENT_10,C_25_25_50_BE_TP1,ba5fa16035ea0a4042962469,ADAUSDT,LONG,CLOSED,2025-03-18T01:35:00+00:00,2025-03-18T06:30:00+00:00,-22.473360000000003,-1.0000000000000002,3.6344372065592543,1.2114783637553472,4299.376690167179,22.47336,0.035262381348393886,True,"[{""action"": ""VIRTUAL_EXIT"", ""balance_change"": -20.650489719882344, ""entry_fee_allocation"": 1.8228702801176593, ""exit_fee"": 1.8115669264415948, ""gross_pnl"": -18.838922793440748, ""net_pnl"": -22.473360000000003, ""price"": 0.70225952, ""quantity"": 4299.376690167179, ""reason"": ""STOP_FIRST_CONSERVATIVE"", ""reference_price"": 0.7024, ""sequence"": 3, ""signal_id"": ""ba5fa16035ea0a4042962469"", ""slippage_cost"": 0.6039764374346783, ""symbol"": ""ADAUSDT"", ""time"": ""2025-03-18T06:30:00+00:00"", ""trade_entry_allowed"": false}]"
binance_15_5,HOLDOUT_SEGMENT_10,D_25_35_40_BE_TP1,ba5fa16035ea0a4042962469,ADAUSDT,LONG,CLOSED,2025-03-18T01:35:00+00:00,2025-03-18T06:30:00+00:00,-22.473360000000003,-1.0000000000000002,3.6344372065592543,1.2114783637553472,4299.376690167179,22.47336,0.035262381348393886,True,"[{""action"": ""VIRTUAL_EXIT"", ""balance_change"": -20.650489719882344, ""entry_fee_allocation"": 1.8228702801176593, ""exit_fee"": 1.8115669264415948, ""gross_pnl"": -18.838922793440748, ""net_pnl"": -22.473360000000003, ""price"": 0.70225952, ""quantity"": 4299.376690167179, ""reason"": ""STOP_FIRST_CONSERVATIVE"", ""reference_price"": 0.7024, ""sequence"": 3, ""signal_id"": ""ba5fa16035ea0a4042962469"", ""slippage_cost"": 0.6039764374346783, ""symbol"": ""ADAUSDT"", ""time"": ""2025-03-18T06:30:00+00:00"", ""trade_entry_allowed"": false}]"
binance_15_5,HOLDOUT_SEGMENT_10,A_BE_LATER_CLOSE,ba5fa16035ea0a4042962469,ADAUSDT,LONG,CLOSED,2025-03-18T01:35:00+00:00,2025-03-18T06:30:00+00:00,-22.473360000000003,-1.0000000000000002,3.6344372065592543,1.2114783637553472,4299.376690167179,22.47336,0.035262381348393886,True,"[{""action"": ""VIRTUAL_EXIT"", ""balance_change"": -20.650489719882344, ""entry_fee_allocation"": 1.8228702801176593, ""exit_fee"": 1.8115669264415948, ""gross_pnl"": -18.838922793440748, ""net_pnl"": -22.473360000000003, ""price"": 0.70225952, ""quantity"": 4299.376690167179, ""reason"": ""STOP_FIRST_CONSERVATIVE"", ""reference_price"": 0.7024, ""sequence"": 3, ""signal_id"": ""ba5fa16035ea0a4042962469"", ""slippage_cost"": 0.6039764374346783, ""symbol"": ""ADAUSDT"", ""time"": ""2025-03-18T06:30:00+00:00"", ""trade_entry_allowed"": false}]"
binance_15_5,HOLDOUT_SEGMENT_10,A_ORIGINAL_SL_UNTIL_TP2,ba5fa16035ea0a4042962469,ADAUSDT,LONG,CLOSED,2025-03-18T01:35:00+00:00,2025-03-18T06:30:00+00:00,-22.473360000000003,-1.0000000000000002,3.6344372065592543,1.2114783637553472,4299.376690167179,22.47336,0.035262381348393886,True,"[{""action"": ""VIRTUAL_EXIT"", ""balance_change"": -20.650489719882344, ""entry_fee_allocation"": 1.8228702801176593, ""exit_fee"": 1.8115669264415948, ""gross_pnl"": -18.838922793440748, ""net_pnl"": -22.473360000000003, ""price"": 0.70225952, ""quantity"": 4299.376690167179, ""reason"": ""STOP_FIRST_CONSERVATIVE"", ""reference_price"": 0.7024, ""sequence"": 3, ""signal_id"": ""ba5fa16035ea0a4042962469"", ""slippage_cost"": 0.6039764374346783, ""symbol"": ""ADAUSDT"", ""time"": ""2025-03-18T06:30:00+00:00"", ""trade_entry_allowed"": false}]"
binance_15_5,HOLDOUT_SEGMENT_10,A_STRUCTURAL_AFTER_TP1,ba5fa16035ea0a4042962469,ADAUSDT,LONG,CLOSED,2025-03-18T01:35:00+00:00,2025-03-18T06:30:00+00:00,-22.473360000000003,-1.0000000000000002,3.6344372065592543,1.2114783637553472,4299.376690167179,22.47336,0.035262381348393886,True,"[{""action"": ""VIRTUAL_EXIT"", ""balance_change"": -20.650489719882344, ""entry_fee_allocation"": 1.8228702801176593, ""exit_fee"": 1.8115669264415948, ""gross_pnl"": -18.838922793440748, ""net_pnl"": -22.473360000000003, ""price"": 0.70225952, ""quantity"": 4299.376690167179, ""reason"": ""STOP_FIRST_CONSERVATIVE"", ""reference_price"": 0.7024, ""sequence"": 3, ""signal_id"": ""ba5fa16035ea0a4042962469"", ""slippage_cost"": 0.6039764374346783, ""symbol"": ""ADAUSDT"", ""time"": ""2025-03-18T06:30:00+00:00"", ""trade_entry_allowed"": false}]"
binance_15_5,HOLDOUT_SEGMENT_10,A_40_30_30_BE_TP1,6861c1d2a44d561a1a125df7,ADAUSDT,SHORT,CLOSED,2025-04-09T21:00:00+00:00,2025-04-09T22:00:00+00:00,-22.023892799999995,-1.0,2.4420032698857446,0.8140003392461065,3165.1723064116773,22.023892799999995,0.0243707189087383,True,"[{""action"": ""VIRTUAL_EXIT"", ""balance_change"": -20.808765731916157, ""entry_fee_allocation"": 1.215127068083838, ""exit_fee"": 1.2268762018019066, ""gross_pnl"": -19.58188953011425, ""net_pnl"": -22.023892799999995, ""price"": 0.64602918, ""quantity"": 3165.1723064116773, ""reason"": ""STOP_FIRST_CONSERVATIVE"", ""reference_price"": 0.6459, ""sequence"": 3, ""signal_id"": ""6861c1d2a44d561a1a125df7"", ""slippage_cost"": 0.4088769585421054, ""symbol"": ""ADAUSDT"", ""time"": ""2025-04-09T22:00:00+00:00"", ""trade_entry_allowed"": false}]"
binance_15_5,HOLDOUT_SEGMENT_10,B_30_30_40_BE_TP1,6861c1d2a44d561a1a125df7,ADAUSDT,SHORT,CLOSED,2025-04-09T21:00:00+00:00,2025-04-09T22:00:00+00:00,-22.023892799999995,-1.0,2.4420032698857446,0.8140003392461065,3165.1723064116773,22.023892799999995,0.0243707189087383,True,"[{""action"": ""VIRTUAL_EXIT"", ""balance_change"": -20.808765731916157, ""entry_fee_allocation"": 1.215127068083838, ""exit_fee"": 1.2268762018019066, ""gross_pnl"": -19.58188953011425, ""net_pnl"": -22.023892799999995, ""price"": 0.64602918, ""quantity"": 3165.1723064116773, ""reason"": ""STOP_FIRST_CONSERVATIVE"", ""reference_price"": 0.6459, ""sequence"": 3, ""signal_id"": ""6861c1d2a44d561a1a125df7"", ""slippage_cost"": 0.4088769585421054, ""symbol"": ""ADAUSDT"", ""time"": ""2025-04-09T22:00:00+00:00"", ""trade_entry_allowed"": false}]"
binance_15_5,HOLDOUT_SEGMENT_10,C_25_25_50_BE_TP1,6861c1d2a44d561a1a125df7,ADAUSDT,SHORT,CLOSED,2025-04-09T21:00:00+00:00,2025-04-09T22:00:00+00:00,-22.023892799999995,-1.0,2.4420032698857446,0.8140003392461065,3165.1723064116773,22.023892799999995,0.0243707189087383,True,"[{""action"": ""VIRTUAL_EXIT"", ""balance_change"": -20.808765731916157, ""entry_fee_allocation"": 1.215127068083838, ""exit_fee"": 1.2268762018019066, ""gross_pnl"": -19.58188953011425, ""net_pnl"": -22.023892799999995, ""price"": 0.64602918, ""quantity"": 3165.1723064116773, ""reason"": ""STOP_FIRST_CONSERVATIVE"", ""reference_price"": 0.6459, ""sequence"": 3, ""signal_id"": ""6861c1d2a44d561a1a125df7"", ""slippage_cost"": 0.4088769585421054, ""symbol"": ""ADAUSDT"", ""time"": ""2025-04-09T22:00:00+00:00"", ""trade_entry_allowed"": false}]"
binance_15_5,HOLDOUT_SEGMENT_10,D_25_35_40_BE_TP1,6861c1d2a44d561a1a125df7,ADAUSDT,SHORT,CLOSED,2025-04-09T21:00:00+00:00,2025-04-09T22:00:00+00:00,-22.023892799999995,-1.0,2.4420032698857446,0.8140003392461065,3165.1723064116773,22.023892799999995,0.0243707189087383,True,"[{""action"": ""VIRTUAL_EXIT"", ""balance_change"": -20.808765731916157, ""entry_fee_allocation"": 1.215127068083838, ""exit_fee"": 1.2268762018019066, ""gross_pnl"": -19.58188953011425, ""net_pnl"": -22.023892799999995, ""price"": 0.64602918, ""quantity"": 3165.1723064116773, ""reason"": ""STOP_FIRST_CONSERVATIVE"", ""reference_price"": 0.6459, ""sequence"": 3, ""signal_id"": ""6861c1d2a44d561a1a125df7"", ""slippage_cost"": 0.4088769585421054, ""symbol"": ""ADAUSDT"", ""time"": ""2025-04-09T22:00:00+00:00"", ""trade_entry_allowed"": false}]"
binance_15_5,HOLDOUT_SEGMENT_10,A_BE_LATER_CLOSE,6861c1d2a44d561a1a125df7,ADAUSDT,SHORT,CLOSED,2025-04-09T21:00:00+00:00,2025-04-09T22:00:00+00:00,-22.023892799999995,-1.0,2.4420032698857446,0.8140003392461065,3165.1723064116773,22.023892799999995,0.0243707189087383,True,"[{""action"": ""VIRTUAL_EXIT"", ""balance_change"": -20.808765731916157, ""entry_fee_allocation"": 1.215127068083838, ""exit_fee"": 1.2268762018019066, ""gross_pnl"": -19.58188953011425, ""net_pnl"": -22.023892799999995, ""price"": 0.64602918, ""quantity"": 3165.1723064116773, ""reason"": ""STOP_FIRST_CONSERVATIVE"", ""reference_price"": 0.6459, ""sequence"": 3, ""signal_id"": ""6861c1d2a44d561a1a125df7"", ""slippage_cost"": 0.4088769585421054, ""symbol"": ""ADAUSDT"", ""time"": ""2025-04-09T22:00:00+00:00"", ""trade_entry_allowed"": false}]"
binance_15_5,HOLDOUT_SEGMENT_10,A_ORIGINAL_SL_UNTIL_TP2,6861c1d2a44d561a1a125df7,ADAUSDT,SHORT,CLOSED,2025-04-09T21:00:00+00:00,2025-04-09T22:00:00+00:00,-22.023892799999995,-1.0,2.4420032698857446,0.8140003392461065,3165.1723064116773,22.023892799999995,0.0243707189087383,True,"[{""action"": ""VIRTUAL_EXIT"", ""balance_change"": -20.808765731916157, ""entry_fee_allocation"": 1.215127068083838, ""exit_fee"": 1.2268762018019066, ""gross_pnl"": -19.58188953011425, ""net_pnl"": -22.023892799999995, ""price"": 0.64602918, ""quantity"": 3165.1723064116773, ""reason"": ""STOP_FIRST_CONSERVATIVE"", ""reference_price"": 0.6459, ""sequence"": 3, ""signal_id"": ""6861c1d2a44d561a1a125df7"", ""slippage_cost"": 0.4088769585421054, ""symbol"": ""ADAUSDT"", ""time"": ""2025-04-09T22:00:00+00:00"", ""trade_entry_allowed"": false}]"
binance_15_5,HOLDOUT_SEGMENT_10,A_STRUCTURAL_AFTER_TP1,6861c1d2a44d561a1a125df7,ADAUSDT,SHORT,CLOSED,2025-04-09T21:00:00+00:00,2025-04-09T22:00:00+00:00,-22.023892799999995,-1.0,2.4420032698857446,0.8140003392461065,3165.1723064116773,22.023892799999995,0.0243707189087383,True,"[{""action"": ""VIRTUAL_EXIT"", ""balance_change"": -20.808765731916157, ""entry_fee_allocation"": 1.215127068083838, ""exit_fee"": 1.2268762018019066, ""gross_pnl"": -19.58188953011425, ""net_pnl"": -22.023892799999995, ""price"": 0.64602918, ""quantity"": 3165.1723064116773, ""reason"": ""STOP_FIRST_CONSERVATIVE"", ""reference_price"": 0.6459, ""sequence"": 3, ""signal_id"": ""6861c1d2a44d561a1a125df7"", ""slippage_cost"": 0.4088769585421054, ""symbol"": ""ADAUSDT"", ""time"": ""2025-04-09T22:00:00+00:00"", ""trade_entry_allowed"": false}]"
binance_15_5,HOLDOUT_SEGMENT_10,A_40_30_30_BE_TP1,a443795efd22b5cbdda054f2,ETHUSDT,SHORT,CLOSED,2025-06-10T22:05:00+00:00,2025-06-10T22:10:00+00:00,-21.583414943999998,-1.0,3.659988201302572,1.2199953989635366,1.0899288001000984,21.583414943999998,0.019999999999999976,True,"[{""action"": ""VIRTUAL_EXIT"", ""balance_change"": -19.75879787137152, ""entry_fee_allocation"": 1.8246170726284767, ""exit_fee"": 1.8353711286740952, ""gross_pnl"": -17.923426742697426, ""net_pnl"": -21.583414943999998, ""price"": 2806.5612, ""quantity"": 1.0899288001000984, ""reason"": ""STOP_FIRST_CONSERVATIVE"", ""reference_price"": 2806.0, ""sequence"": 3, ""signal_id"": ""a443795efd22b5cbdda054f2"", ""slippage_cost"": 0.611668042616283, ""symbol"": ""ETHUSDT"", ""time"": ""2025-06-10T22:10:00+00:00"", ""trade_entry_allowed"": false}]"
binance_15_5,HOLDOUT_SEGMENT_10,B_30_30_40_BE_TP1,a443795efd22b5cbdda054f2,ETHUSDT,SHORT,CLOSED,2025-06-10T22:05:00+00:00,2025-06-10T22:10:00+00:00,-21.583414943999998,-1.0,3.659988201302572,1.2199953989635366,1.0899288001000984,21.583414943999998,0.019999999999999976,True,"[{""action"": ""VIRTUAL_EXIT"", ""balance_change"": -19.75879787137152, ""entry_fee_allocation"": 1.8246170726284767, ""exit_fee"": 1.8353711286740952, ""gross_pnl"": -17.923426742697426, ""net_pnl"": -21.583414943999998, ""price"": 2806.5612, ""quantity"": 1.0899288001000984, ""reason"": ""STOP_FIRST_CONSERVATIVE"", ""reference_price"": 2806.0, ""sequence"": 3, ""signal_id"": ""a443795efd22b5cbdda054f2"", ""slippage_cost"": 0.611668042616283, ""symbol"": ""ETHUSDT"", ""time"": ""2025-06-10T22:10:00+00:00"", ""trade_entry_allowed"": false}]"
binance_15_5,HOLDOUT_SEGMENT_10,C_25_25_50_BE_TP1,a443795efd22b5cbdda054f2,ETHUSDT,SHORT,CLOSED,2025-06-10T22:05:00+00:00,2025-06-10T22:10:00+00:00,-21.583414943999998,-1.0,3.659988201302572,1.2199953989635366,1.0899288001000984,21.583414943999998,0.019999999999999976,True,"[{""action"": ""VIRTUAL_EXIT"", ""balance_change"": -19.75879787137152, ""entry_fee_allocation"": 1.8246170726284767, ""exit_fee"": 1.8353711286740952, ""gross_pnl"": -17.923426742697426, ""net_pnl"": -21.583414943999998, ""price"": 2806.5612, ""quantity"": 1.0899288001000984, ""reason"": ""STOP_FIRST_CONSERVATIVE"", ""reference_price"": 2806.0, ""sequence"": 3, ""signal_id"": ""a443795efd22b5cbdda054f2"", ""slippage_cost"": 0.611668042616283, ""symbol"": ""ETHUSDT"", ""time"": ""2025-06-10T22:10:00+00:00"", ""trade_entry_allowed"": false}]"
binance_15_5,HOLDOUT_SEGMENT_10,D_25_35_40_BE_TP1,a443795efd22b5cbdda054f2,ETHUSDT,SHORT,CLOSED,2025-06-10T22:05:00+00:00,2025-06-10T22:10:00+00:00,-21.583414943999998,-1.0,3.659988201302572,1.2199953989635366,1.0899288001000984,21.583414943999998,0.019999999999999976,True,"[{""action"": ""VIRTUAL_EXIT"", ""balance_change"": -19.75879787137152, ""entry_fee_allocation"": 1.8246170726284767, ""exit_fee"": 1.8353711286740952, ""gross_pnl"": -17.923426742697426, ""net_pnl"": -21.583414943999998, ""price"": 2806.5612, ""quantity"": 1.0899288001000984, ""reason"": ""STOP_FIRST_CONSERVATIVE"", ""reference_price"": 2806.0, ""sequence"": 3, ""signal_id"": ""a443795efd22b5cbdda054f2"", ""slippage_cost"": 0.611668042616283, ""symbol"": ""ETHUSDT"", ""time"": ""2025-06-10T22:10:00+00:00"", ""trade_entry_allowed"": false}]"
binance_15_5,HOLDOUT_SEGMENT_10,A_BE_LATER_CLOSE,a443795efd22b5cbdda054f2,ETHUSDT,SHORT,CLOSED,2025-06-10T22:05:00+00:00,2025-06-10T22:10:00+00:00,-21.583414943999998,-1.0,3.659988201302572,1.2199953989635366,1.0899288001000984,21.583414943999998,0.019999999999999976,True,"[{""action"": ""VIRTUAL_EXIT"", ""balance_change"": -19.75879787137152, ""entry_fee_allocation"": 1.8246170726284767, ""exit_fee"": 1.8353711286740952, ""gross_pnl"": -17.923426742697426, ""net_pnl"": -21.583414943999998, ""price"": 2806.5612, ""quantity"": 1.0899288001000984, ""reason"": ""STOP_FIRST_CONSERVATIVE"", ""reference_price"": 2806.0, ""sequence"": 3, ""signal_id"": ""a443795efd22b5cbdda054f2"", ""slippage_cost"": 0.611668042616283, ""symbol"": ""ETHUSDT"", ""time"": ""2025-06-10T22:10:00+00:00"", ""trade_entry_allowed"": false}]"
binance_15_5,HOLDOUT_SEGMENT_10,A_ORIGINAL_SL_UNTIL_TP2,a443795efd22b5cbdda054f2,ETHUSDT,SHORT,CLOSED,2025-06-10T22:05:00+00:00,2025-06-10T22:10:00+00:00,-21.583414943999998,-1.0,3.659988201302572,1.2199953989635366,1.0899288001000984,21.583414943999998,0.019999999999999976,True,"[{""action"": ""VIRTUAL_EXIT"", ""balance_change"": -19.75879787137152, ""entry_fee_allocation"": 1.8246170726284767, ""exit_fee"": 1.8353711286740952, ""gross_pnl"": -17.923426742697426, ""net_pnl"": -21.583414943999998, ""price"": 2806.5612, ""quantity"": 1.0899288001000984, ""reason"": ""STOP_FIRST_CONSERVATIVE"", ""reference_price"": 2806.0, ""sequence"": 3, ""signal_id"": ""a443795efd22b5cbdda054f2"", ""slippage_cost"": 0.611668042616283, ""symbol"": ""ETHUSDT"", ""time"": ""2025-06-10T22:10:00+00:00"", ""trade_entry_allowed"": false}]"
binance_15_5,HOLDOUT_SEGMENT_10,A_STRUCTURAL_AFTER_TP1,a443795efd22b5cbdda054f2,ETHUSDT,SHORT,CLOSED,2025-06-10T22:05:00+00:00,2025-06-10T22:10:00+00:00,-21.583414943999998,-1.0,3.659988201302572,1.2199953989635366,1.0899288001000984,21.583414943999998,0.019999999999999976,True,"[{""action"": ""VIRTUAL_EXIT"", ""balance_change"": -19.75879787137152, ""entry_fee_allocation"": 1.8246170726284767, ""exit_fee"": 1.8353711286740952, ""gross_pnl"": -17.923426742697426, ""net_pnl"": -21.583414943999998, ""price"": 2806.5612, ""quantity"": 1.0899288001000984, ""reason"": ""STOP_FIRST_CONSERVATIVE"", ""reference_price"": 2806.0, ""sequence"": 3, ""signal_id"": ""a443795efd22b5cbdda054f2"", ""slippage_cost"": 0.611668042616283, ""symbol"": ""ETHUSDT"", ""time"": ""2025-06-10T22:10:00+00:00"", ""trade_entry_allowed"": false}]"
binance_15_5,HOLDOUT_SEGMENT_10,A_40_30_30_BE_TP1,d4e7adc586c7fb6b33c34304,ADAUSDT,SHORT,CLOSED,2025-07-17T08:40:00+00:00,2025-07-17T08:55:00+00:00,-21.15174664512,-1.0000000000000002,3.691938521994355,1.2306455248316257,3958.3323410473286,21.151746645119996,0.020000000000000056,True,"[{""action"": ""VIRTUAL_EXIT"", ""balance_change"": -19.311015326559758, ""entry_fee_allocation"": 1.8407313185602399, ""exit_fee"": 1.8512072034341152, ""gross_pnl"": -17.459808123125644, ""net_pnl"": -21.15174664512, ""price"": 0.77945586, ""quantity"": 3958.3323410473286, ""reason"": ""STOP_FIRST_CONSERVATIVE"", ""reference_price"": 0.7793, ""sequence"": 3, ""signal_id"": ""d4e7adc586c7fb6b33c34304"", ""slippage_cost"": 0.616945678675667, ""symbol"": ""ADAUSDT"", ""time"": ""2025-07-17T08:55:00+00:00"", ""trade_entry_allowed"": false}]"
binance_15_5,HOLDOUT_SEGMENT_10,B_30_30_40_BE_TP1,d4e7adc586c7fb6b33c34304,ADAUSDT,SHORT,CLOSED,2025-07-17T08:40:00+00:00,2025-07-17T08:55:00+00:00,-21.15174664512,-1.0000000000000002,3.691938521994355,1.2306455248316257,3958.3323410473286,21.151746645119996,0.020000000000000056,True,"[{""action"": ""VIRTUAL_EXIT"", ""balance_change"": -19.311015326559758, ""entry_fee_allocation"": 1.8407313185602399, ""exit_fee"": 1.8512072034341152, ""gross_pnl"": -17.459808123125644, ""net_pnl"": -21.15174664512, ""price"": 0.77945586, ""quantity"": 3958.3323410473286, ""reason"": ""STOP_FIRST_CONSERVATIVE"", ""reference_price"": 0.7793, ""sequence"": 3, ""signal_id"": ""d4e7adc586c7fb6b33c34304"", ""slippage_cost"": 0.616945678675667, ""symbol"": ""ADAUSDT"", ""time"": ""2025-07-17T08:55:00+00:00"", ""trade_entry_allowed"": false}]"
binance_15_5,HOLDOUT_SEGMENT_10,C_25_25_50_BE_TP1,d4e7adc586c7fb6b33c34304,ADAUSDT,SHORT,CLOSED,2025-07-17T08:40:00+00:00,2025-07-17T08:55:00+00:00,-21.15174664512,-1.0000000000000002,3.691938521994355,1.2306455248316257,3958.3323410473286,21.151746645119996,0.020000000000000056,True,"[{""action"": ""VIRTUAL_EXIT"", ""balance_change"": -19.311015326559758, ""entry_fee_allocation"": 1.8407313185602399, ""exit_fee"": 1.8512072034341152, ""gross_pnl"": -17.459808123125644, ""net_pnl"": -21.15174664512, ""price"": 0.77945586, ""quantity"": 3958.3323410473286, ""reason"": ""STOP_FIRST_CONSERVATIVE"", ""reference_price"": 0.7793, ""sequence"": 3, ""signal_id"": ""d4e7adc586c7fb6b33c34304"", ""slippage_cost"": 0.616945678675667, ""symbol"": ""ADAUSDT"", ""time"": ""2025-07-17T08:55:00+00:00"", ""trade_entry_allowed"": false}]"
binance_15_5,HOLDOUT_SEGMENT_10,D_25_35_40_BE_TP1,d4e7adc586c7fb6b33c34304,ADAUSDT,SHORT,CLOSED,2025-07-17T08:40:00+00:00,2025-07-17T08:55:00+00:00,-21.15174664512,-1.0000000000000002,3.691938521994355,1.2306455248316257,3958.3323410473286,21.151746645119996,0.020000000000000056,True,"[{""action"": ""VIRTUAL_EXIT"", ""balance_change"": -19.311015326559758, ""entry_fee_allocation"": 1.8407313185602399, ""exit_fee"": 1.8512072034341152, ""gross_pnl"": -17.459808123125644, ""net_pnl"": -21.15174664512, ""price"": 0.77945586, ""quantity"": 3958.3323410473286, ""reason"": ""STOP_FIRST_CONSERVATIVE"", ""reference_price"": 0.7793, ""sequence"": 3, ""signal_id"": ""d4e7adc586c7fb6b33c34304"", ""slippage_cost"": 0.616945678675667, ""symbol"": ""ADAUSDT"", ""time"": ""2025-07-17T08:55:00+00:00"", ""trade_entry_allowed"": false}]"
binance_15_5,HOLDOUT_SEGMENT_10,A_BE_LATER_CLOSE,d4e7adc586c7fb6b33c34304,ADAUSDT,SHORT,CLOSED,2025-07-17T08:40:00+00:00,2025-07-17T08:55:00+00:00,-21.15174664512,-1.0000000000000002,3.691938521994355,1.2306455248316257,3958.3323410473286,21.151746645119996,0.020000000000000056,True,"[{""action"": ""VIRTUAL_EXIT"", ""balance_change"": -19.311015326559758, ""entry_fee_allocation"": 1.8407313185602399, ""exit_fee"": 1.8512072034341152, ""gross_pnl"": -17.459808123125644, ""net_pnl"": -21.15174664512, ""price"": 0.77945586, ""quantity"": 3958.3323410473286, ""reason"": ""STOP_FIRST_CONSERVATIVE"", ""reference_price"": 0.7793, ""sequence"": 3, ""signal_id"": ""d4e7adc586c7fb6b33c34304"", ""slippage_cost"": 0.616945678675667, ""symbol"": ""ADAUSDT"", ""time"": ""2025-07-17T08:55:00+00:00"", ""trade_entry_allowed"": false}]"
binance_15_5,HOLDOUT_SEGMENT_10,A_ORIGINAL_SL_UNTIL_TP2,d4e7adc586c7fb6b33c34304,ADAUSDT,SHORT,CLOSED,2025-07-17T08:40:00+00:00,2025-07-17T08:55:00+00:00,-21.15174664512,-1.0000000000000002,3.691938521994355,1.2306455248316257,3958.3323410473286,21.151746645119996,0.020000000000000056,True,"[{""action"": ""VIRTUAL_EXIT"", ""balance_change"": -19.311015326559758, ""entry_fee_allocation"": 1.8407313185602399, ""exit_fee"": 1.8512072034341152, ""gross_pnl"": -17.459808123125644, ""net_pnl"": -21.15174664512, ""price"": 0.77945586, ""quantity"": 3958.3323410473286, ""reason"": ""STOP_FIRST_CONSERVATIVE"", ""reference_price"": 0.7793, ""sequence"": 3, ""signal_id"": ""d4e7adc586c7fb6b33c34304"", ""slippage_cost"": 0.616945678675667, ""symbol"": ""ADAUSDT"", ""time"": ""2025-07-17T08:55:00+00:00"", ""trade_entry_allowed"": false}]"
binance_15_5,HOLDOUT_SEGMENT_10,A_STRUCTURAL_AFTER_TP1,d4e7adc586c7fb6b33c34304,ADAUSDT,SHORT,CLOSED,2025-07-17T08:40:00+00:00,2025-07-17T08:55:00+00:00,-21.15174664512,-1.0000000000000002,3.691938521994355,1.2306455248316257,3958.3323410473286,21.151746645119996,0.020000000000000056,True,"[{""action"": ""VIRTUAL_EXIT"", ""balance_change"": -19.311015326559758, ""entry_fee_allocation"": 1.8407313185602399, ""exit_fee"": 1.8512072034341152, ""gross_pnl"": -17.459808123125644, ""net_pnl"": -21.15174664512, ""price"": 0.77945586, ""quantity"": 3958.3323410473286, ""reason"": ""STOP_FIRST_CONSERVATIVE"", ""reference_price"": 0.7793, ""sequence"": 3, ""signal_id"": ""d4e7adc586c7fb6b33c34304"", ""slippage_cost"": 0.616945678675667, ""symbol"": ""ADAUSDT"", ""time"": ""2025-07-17T08:55:00+00:00"", ""trade_entry_allowed"": false}]"
binance_15_5,HOLDOUT_SEGMENT_10,A_40_30_30_BE_TP1,52fadd0d4f61e14b1ee1cc63,SOLUSDT,SHORT,CLOSED,2025-10-17T11:05:00+00:00,2025-10-17T11:15:00+00:00,-20.7287117122176,-1.0000000000000002,2.25924940099375,0.753082425009533,10.483065021428603,20.728711712217596,0.019999999999999952,True,"[{""action"": ""VIRTUAL_EXIT"", ""balance_change"": -19.60462785041409, ""entry_fee_allocation"": 1.1240838618035078, ""exit_fee"": 1.1351655391902422, ""gross_pnl"": -18.469462311223847, ""net_pnl"": -20.7287117122176, ""price"": 180.476088, ""quantity"": 10.483065021428603, ""reason"": ""STOP_FIRST_CONSERVATIVE"", ""reference_price"": 180.44, ""sequence"": 3, ""signal_id"": ""52fadd0d4f61e14b1ee1cc63"", ""slippage_cost"": 0.3783128504933842, ""symbol"": ""SOLUSDT"", ""time"": ""2025-10-17T11:15:00+00:00"", ""trade_entry_allowed"": false}]"
binance_15_5,HOLDOUT_SEGMENT_10,B_30_30_40_BE_TP1,52fadd0d4f61e14b1ee1cc63,SOLUSDT,SHORT,CLOSED,2025-10-17T11:05:00+00:00,2025-10-17T11:15:00+00:00,-20.7287117122176,-1.0000000000000002,2.25924940099375,0.753082425009533,10.483065021428603,20.728711712217596,0.019999999999999952,True,"[{""action"": ""VIRTUAL_EXIT"", ""balance_change"": -19.60462785041409, ""entry_fee_allocation"": 1.1240838618035078, ""exit_fee"": 1.1351655391902422, ""gross_pnl"": -18.469462311223847, ""net_pnl"": -20.7287117122176, ""price"": 180.476088, ""quantity"": 10.483065021428603, ""reason"": ""STOP_FIRST_CONSERVATIVE"", ""reference_price"": 180.44, ""sequence"": 3, ""signal_id"": ""52fadd0d4f61e14b1ee1cc63"", ""slippage_cost"": 0.3783128504933842, ""symbol"": ""SOLUSDT"", ""time"": ""2025-10-17T11:15:00+00:00"", ""trade_entry_allowed"": false}]"
binance_15_5,HOLDOUT_SEGMENT_10,C_25_25_50_BE_TP1,52fadd0d4f61e14b1ee1cc63,SOLUSDT,SHORT,CLOSED,2025-10-17T11:05:00+00:00,2025-10-17T11:15:00+00:00,-20.7287117122176,-1.0000000000000002,2.25924940099375,0.753082425009533,10.483065021428603,20.728711712217596,0.019999999999999952,True,"[{""action"": ""VIRTUAL_EXIT"", ""balance_change"": -19.60462785041409, ""entry_fee_allocation"": 1.1240838618035078, ""exit_fee"": 1.1351655391902422, ""gross_pnl"": -18.469462311223847, ""net_pnl"": -20.7287117122176, ""price"": 180.476088, ""quantity"": 10.483065021428603, ""reason"": ""STOP_FIRST_CONSERVATIVE"", ""reference_price"": 180.44, ""sequence"": 3, ""signal_id"": ""52fadd0d4f61e14b1ee1cc63"", ""slippage_cost"": 0.3783128504933842, ""symbol"": ""SOLUSDT"", ""time"": ""2025-10-17T11:15:00+00:00"", ""trade_entry_allowed"": false}]"
binance_15_5,HOLDOUT_SEGMENT_10,D_25_35_40_BE_TP1,52fadd0d4f61e14b1ee1cc63,SOLUSDT,SHORT,CLOSED,2025-10-17T11:05:00+00:00,2025-10-17T11:15:00+00:00,-20.7287117122176,-1.0000000000000002,2.25924940099375,0.753082425009533,10.483065021428603,20.728711712217596,0.019999999999999952,True,"[{""action"": ""VIRTUAL_EXIT"", ""balance_change"": -19.60462785041409, ""entry_fee_allocation"": 1.1240838618035078, ""exit_fee"": 1.1351655391902422, ""gross_pnl"": -18.469462311223847, ""net_pnl"": -20.7287117122176, ""price"": 180.476088, ""quantity"": 10.483065021428603, ""reason"": ""STOP_FIRST_CONSERVATIVE"", ""reference_price"": 180.44, ""sequence"": 3, ""signal_id"": ""52fadd0d4f61e14b1ee1cc63"", ""slippage_cost"": 0.3783128504933842, ""symbol"": ""SOLUSDT"", ""time"": ""2025-10-17T11:15:00+00:00"", ""trade_entry_allowed"": false}]"
binance_15_5,HOLDOUT_SEGMENT_10,A_BE_LATER_CLOSE,52fadd0d4f61e14b1ee1cc63,SOLUSDT,SHORT,CLOSED,2025-10-17T11:05:00+00:00,2025-10-17T11:15:00+00:00,-20.7287117122176,-1.0000000000000002,2.25924940099375,0.753082425009533,10.483065021428603,20.728711712217596,0.019999999999999952,True,"[{""action"": ""VIRTUAL_EXIT"", ""balance_change"": -19.60462785041409, ""entry_fee_allocation"": 1.1240838618035078, ""exit_fee"": 1.1351655391902422, ""gross_pnl"": -18.469462311223847, ""net_pnl"": -20.7287117122176, ""price"": 180.476088, ""quantity"": 10.483065021428603, ""reason"": ""STOP_FIRST_CONSERVATIVE"", ""reference_price"": 180.44, ""sequence"": 3, ""signal_id"": ""52fadd0d4f61e14b1ee1cc63"", ""slippage_cost"": 0.3783128504933842, ""symbol"": ""SOLUSDT"", ""time"": ""2025-10-17T11:15:00+00:00"", ""trade_entry_allowed"": false}]"
binance_15_5,HOLDOUT_SEGMENT_10,A_ORIGINAL_SL_UNTIL_TP2,52fadd0d4f61e14b1ee1cc63,SOLUSDT,SHORT,CLOSED,2025-10-17T11:05:00+00:00,2025-10-17T11:15:00+00:00,-20.7287117122176,-1.0000000000000002,2.25924940099375,0.753082425009533,10.483065021428603,20.728711712217596,0.019999999999999952,True,"[{""action"": ""VIRTUAL_EXIT"", ""balance_change"": -19.60462785041409, ""entry_fee_allocation"": 1.1240838618035078, ""exit_fee"": 1.1351655391902422, ""gross_pnl"": -18.469462311223847, ""net_pnl"": -20.7287117122176, ""price"": 180.476088, ""quantity"": 10.483065021428603, ""reason"": ""STOP_FIRST_CONSERVATIVE"", ""reference_price"": 180.44, ""sequence"": 3, ""signal_id"": ""52fadd0d4f61e14b1ee1cc63"", ""slippage_cost"": 0.3783128504933842, ""symbol"": ""SOLUSDT"", ""time"": ""2025-10-17T11:15:00+00:00"", ""trade_entry_allowed"": false}]"
binance_15_5,HOLDOUT_SEGMENT_10,A_STRUCTURAL_AFTER_TP1,52fadd0d4f61e14b1ee1cc63,SOLUSDT,SHORT,CLOSED,2025-10-17T11:05:00+00:00,2025-10-17T11:15:00+00:00,-20.7287117122176,-1.0000000000000002,2.25924940099375,0.753082425009533,10.483065021428603,20.728711712217596,0.019999999999999952,True,"[{""action"": ""VIRTUAL_EXIT"", ""balance_change"": -19.60462785041409, ""entry_fee_allocation"": 1.1240838618035078, ""exit_fee"": 1.1351655391902422, ""gross_pnl"": -18.469462311223847, ""net_pnl"": -20.7287117122176, ""price"": 180.476088, ""quantity"": 10.483065021428603, ""reason"": ""STOP_FIRST_CONSERVATIVE"", ""reference_price"": 180.44, ""sequence"": 3, ""signal_id"": ""52fadd0d4f61e14b1ee1cc63"", ""slippage_cost"": 0.3783128504933842, ""symbol"": ""SOLUSDT"", ""time"": ""2025-10-17T11:15:00+00:00"", ""trade_entry_allowed"": false}]"
binance_15_5,HOLDOUT_SEGMENT_10,A_40_30_30_BE_TP1,3e2e3005b20ec944bb0b97df,XRPUSDT,LONG,CLOSED,2025-12-01T15:15:00+00:00,2025-12-01T15:35:00+00:00,-20.314137477973244,-1.0,2.862503558734382,0.9541671930128213,1187.337919768676,20.314137477973244,0.023757375048722405,True,"[{""action"": ""VIRTUAL_EXIT"", ""balance_change"": -18.877650208430282, ""entry_fee_allocation"": 1.4364872695429627, ""exit_fee"": 1.4260162891914194, ""gross_pnl"": -17.451633919238862, ""net_pnl"": -20.314137477973244, ""price"": 2.00169958, ""quantity"": 1187.337919768676, ""reason"": ""STOP_FIRST_CONSERVATIVE"", ""reference_price"": 2.0021, ""sequence"": 3, ""signal_id"": ""3e2e3005b20ec944bb0b97df"", ""slippage_cost"": 0.47543384983385395, ""symbol"": ""XRPUSDT"", ""time"": ""2025-12-01T15:35:00+00:00"", ""trade_entry_allowed"": false}]"
binance_15_5,HOLDOUT_SEGMENT_10,B_30_30_40_BE_TP1,3e2e3005b20ec944bb0b97df,XRPUSDT,LONG,CLOSED,2025-12-01T15:15:00+00:00,2025-12-01T15:35:00+00:00,-20.314137477973244,-1.0,2.862503558734382,0.9541671930128213,1187.337919768676,20.314137477973244,0.023757375048722405,True,"[{""action"": ""VIRTUAL_EXIT"", ""balance_change"": -18.877650208430282, ""entry_fee_allocation"": 1.4364872695429627, ""exit_fee"": 1.4260162891914194, ""gross_pnl"": -17.451633919238862, ""net_pnl"": -20.314137477973244, ""price"": 2.00169958, ""quantity"": 1187.337919768676, ""reason"": ""STOP_FIRST_CONSERVATIVE"", ""reference_price"": 2.0021, ""sequence"": 3, ""signal_id"": ""3e2e3005b20ec944bb0b97df"", ""slippage_cost"": 0.47543384983385395, ""symbol"": ""XRPUSDT"", ""time"": ""2025-12-01T15:35:00+00:00"", ""trade_entry_allowed"": false}]"
binance_15_5,HOLDOUT_SEGMENT_10,C_25_25_50_BE_TP1,3e2e3005b20ec944bb0b97df,XRPUSDT,LONG,CLOSED,2025-12-01T15:15:00+00:00,2025-12-01T15:35:00+00:00,-20.314137477973244,-1.0,2.862503558734382,0.9541671930128213,1187.337919768676,20.314137477973244,0.023757375048722405,True,"[{""action"": ""VIRTUAL_EXIT"", ""balance_change"": -18.877650208430282, ""entry_fee_allocation"": 1.4364872695429627, ""exit_fee"": 1.4260162891914194, ""gross_pnl"": -17.451633919238862, ""net_pnl"": -20.314137477973244, ""price"": 2.00169958, ""quantity"": 1187.337919768676, ""reason"": ""STOP_FIRST_CONSERVATIVE"", ""reference_price"": 2.0021, ""sequence"": 3, ""signal_id"": ""3e2e3005b20ec944bb0b97df"", ""slippage_cost"": 0.47543384983385395, ""symbol"": ""XRPUSDT"", ""time"": ""2025-12-01T15:35:00+00:00"", ""trade_entry_allowed"": false}]"
binance_15_5,HOLDOUT_SEGMENT_10,D_25_35_40_BE_TP1,3e2e3005b20ec944bb0b97df,XRPUSDT,LONG,CLOSED,2025-12-01T15:15:00+00:00,2025-12-01T15:35:00+00:00,-20.314137477973244,-1.0,2.862503558734382,0.9541671930128213,1187.337919768676,20.314137477973244,0.023757375048722405,True,"[{""action"": ""VIRTUAL_EXIT"", ""balance_change"": -18.877650208430282, ""entry_fee_allocation"": 1.4364872695429627, ""exit_fee"": 1.4260162891914194, ""gross_pnl"": -17.451633919238862, ""net_pnl"": -20.314137477973244, ""price"": 2.00169958, ""quantity"": 1187.337919768676, ""reason"": ""STOP_FIRST_CONSERVATIVE"", ""reference_price"": 2.0021, ""sequence"": 3, ""signal_id"": ""3e2e3005b20ec944bb0b97df"", ""slippage_cost"": 0.47543384983385395, ""symbol"": ""XRPUSDT"", ""time"": ""2025-12-01T15:35:00+00:00"", ""trade_entry_allowed"": false}]"
binance_15_5,HOLDOUT_SEGMENT_10,A_BE_LATER_CLOSE,3e2e3005b20ec944bb0b97df,XRPUSDT,LONG,CLOSED,2025-12-01T15:15:00+00:00,2025-12-01T15:35:00+00:00,-20.314137477973244,-1.0,2.862503558734382,0.9541671930128213,1187.337919768676,20.314137477973244,0.023757375048722405,True,"[{""action"": ""VIRTUAL_EXIT"", ""balance_change"": -18.877650208430282, ""entry_fee_allocation"": 1.4364872695429627, ""exit_fee"": 1.4260162891914194, ""gross_pnl"": -17.451633919238862, ""net_pnl"": -20.314137477973244, ""price"": 2.00169958, ""quantity"": 1187.337919768676, ""reason"": ""STOP_FIRST_CONSERVATIVE"", ""reference_price"": 2.0021, ""sequence"": 3, ""signal_id"": ""3e2e3005b20ec944bb0b97df"", ""slippage_cost"": 0.47543384983385395, ""symbol"": ""XRPUSDT"", ""time"": ""2025-12-01T15:35:00+00:00"", ""trade_entry_allowed"": false}]"
binance_15_5,HOLDOUT_SEGMENT_10,A_ORIGINAL_SL_UNTIL_TP2,3e2e3005b20ec944bb0b97df,XRPUSDT,LONG,CLOSED,2025-12-01T15:15:00+00:00,2025-12-01T15:35:00+00:00,-20.314137477973244,-1.0,2.862503558734382,0.9541671930128213,1187.337919768676,20.314137477973244,0.023757375048722405,True,"[{""action"": ""VIRTUAL_EXIT"", ""balance_change"": -18.877650208430282, ""entry_fee_allocation"": 1.4364872695429627, ""exit_fee"": 1.4260162891914194, ""gross_pnl"": -17.451633919238862, ""net_pnl"": -20.314137477973244, ""price"": 2.00169958, ""quantity"": 1187.337919768676, ""reason"": ""STOP_FIRST_CONSERVATIVE"", ""reference_price"": 2.0021, ""sequence"": 3, ""signal_id"": ""3e2e3005b20ec944bb0b97df"", ""slippage_cost"": 0.47543384983385395, ""symbol"": ""XRPUSDT"", ""time"": ""2025-12-01T15:35:00+00:00"", ""trade_entry_allowed"": false}]"
binance_15_5,HOLDOUT_SEGMENT_10,A_STRUCTURAL_AFTER_TP1,3e2e3005b20ec944bb0b97df,XRPUSDT,LONG,CLOSED,2025-12-01T15:15:00+00:00,2025-12-01T15:35:00+00:00,-20.314137477973244,-1.0,2.862503558734382,0.9541671930128213,1187.337919768676,20.314137477973244,0.023757375048722405,True,"[{""action"": ""VIRTUAL_EXIT"", ""balance_change"": -18.877650208430282, ""entry_fee_allocation"": 1.4364872695429627, ""exit_fee"": 1.4260162891914194, ""gross_pnl"": -17.451633919238862, ""net_pnl"": -20.314137477973244, ""price"": 2.00169958, ""quantity"": 1187.337919768676, ""reason"": ""STOP_FIRST_CONSERVATIVE"", ""reference_price"": 2.0021, ""sequence"": 3, ""signal_id"": ""3e2e3005b20ec944bb0b97df"", ""slippage_cost"": 0.47543384983385395, ""symbol"": ""XRPUSDT"", ""time"": ""2025-12-01T15:35:00+00:00"", ""trade_entry_allowed"": false}]"
binance_15_5,REFERENCE_SEGMENT_05,A_40_30_30_BE_TP1,fce6746f6816e885ef06160a,ETHUSDT,LONG,CLOSED,2021-04-07T17:45:00+00:00,2021-04-07T19:05:00+00:00,-23.4,-0.9999999999999999,3.7504328170833023,1.2501435363841216,1.5915010874040456,23.400000000000002,0.04126133715623983,True,"[{""action"": ""VIRTUAL_EXIT"", ""balance_change"": -21.518888721303473, ""entry_fee_allocation"": 1.8811112786965263, ""exit_fee"": 1.869321538386776, ""gross_pnl"": -19.649567182916698, ""net_pnl"": -23.4, ""price"": 1957.6084, ""quantity"": 1.5915010874040456, ""reason"": ""STOP_FIRST_CONSERVATIVE"", ""reference_price"": 1958.0, ""sequence"": 3, ""signal_id"": ""fce6746f6816e885ef06160a"", ""slippage_cost"": 0.6232318258273062, ""symbol"": ""ETHUSDT"", ""time"": ""2021-04-07T19:05:00+00:00"", ""trade_entry_allowed"": false}]"
binance_15_5,REFERENCE_SEGMENT_05,B_30_30_40_BE_TP1,fce6746f6816e885ef06160a,ETHUSDT,LONG,CLOSED,2021-04-07T17:45:00+00:00,2021-04-07T19:05:00+00:00,-23.4,-0.9999999999999999,3.7504328170833023,1.2501435363841216,1.5915010874040456,23.400000000000002,0.04126133715623983,True,"[{""action"": ""VIRTUAL_EXIT"", ""balance_change"": -21.518888721303473, ""entry_fee_allocation"": 1.8811112786965263, ""exit_fee"": 1.869321538386776, ""gross_pnl"": -19.649567182916698, ""net_pnl"": -23.4, ""price"": 1957.6084, ""quantity"": 1.5915010874040456, ""reason"": ""STOP_FIRST_CONSERVATIVE"", ""reference_price"": 1958.0, ""sequence"": 3, ""signal_id"": ""fce6746f6816e885ef06160a"", ""slippage_cost"": 0.6232318258273062, ""symbol"": ""ETHUSDT"", ""time"": ""2021-04-07T19:05:00+00:00"", ""trade_entry_allowed"": false}]"
binance_15_5,REFERENCE_SEGMENT_05,C_25_25_50_BE_TP1,fce6746f6816e885ef06160a,ETHUSDT,LONG,CLOSED,2021-04-07T17:45:00+00:00,2021-04-07T19:05:00+00:00,-23.4,-0.9999999999999999,3.7504328170833023,1.2501435363841216,1.5915010874040456,23.400000000000002,0.04126133715623983,True,"[{""action"": ""VIRTUAL_EXIT"", ""balance_change"": -21.518888721303473, ""entry_fee_allocation"": 1.8811112786965263, ""exit_fee"": 1.869321538386776, ""gross_pnl"": -19.649567182916698, ""net_pnl"": -23.4, ""price"": 1957.6084, ""quantity"": 1.5915010874040456, ""reason"": ""STOP_FIRST_CONSERVATIVE"", ""reference_price"": 1958.0, ""sequence"": 3, ""signal_id"": ""fce6746f6816e885ef06160a"", ""slippage_cost"": 0.6232318258273062, ""symbol"": ""ETHUSDT"", ""time"": ""2021-04-07T19:05:00+00:00"", ""trade_entry_allowed"": false}]"
binance_15_5,REFERENCE_SEGMENT_05,D_25_35_40_BE_TP1,fce6746f6816e885ef06160a,ETHUSDT,LONG,CLOSED,2021-04-07T17:45:00+00:00,2021-04-07T19:05:00+00:00,-23.4,-0.9999999999999999,3.7504328170833023,1.2501435363841216,1.5915010874040456,23.400000000000002,0.04126133715623983,True,"[{""action"": ""VIRTUAL_EXIT"", ""balance_change"": -21.518888721303473, ""entry_fee_allocation"": 1.8811112786965263, ""exit_fee"": 1.869321538386776, ""gross_pnl"": -19.649567182916698, ""net_pnl"": -23.4, ""price"": 1957.6084, ""quantity"": 1.5915010874040456, ""reason"": ""STOP_FIRST_CONSERVATIVE"", ""reference_price"": 1958.0, ""sequence"": 3, ""signal_id"": ""fce6746f6816e885ef06160a"", ""slippage_cost"": 0.6232318258273062, ""symbol"": ""ETHUSDT"", ""time"": ""2021-04-07T19:05:00+00:00"", ""trade_entry_allowed"": false}]"
binance_15_5,REFERENCE_SEGMENT_05,A_BE_LATER_CLOSE,fce6746f6816e885ef06160a,ETHUSDT,LONG,CLOSED,2021-04-07T17:45:00+00:00,2021-04-07T19:05:00+00:00,-23.4,-0.9999999999999999,3.7504328170833023,1.2501435363841216,1.5915010874040456,23.400000000000002,0.04126133715623983,True,"[{""action"": ""VIRTUAL_EXIT"", ""balance_change"": -21.518888721303473, ""entry_fee_allocation"": 1.8811112786965263, ""exit_fee"": 1.869321538386776, ""gross_pnl"": -19.649567182916698, ""net_pnl"": -23.4, ""price"": 1957.6084, ""quantity"": 1.5915010874040456, ""reason"": ""STOP_FIRST_CONSERVATIVE"", ""reference_price"": 1958.0, ""sequence"": 3, ""signal_id"": ""fce6746f6816e885ef06160a"", ""slippage_cost"": 0.6232318258273062, ""symbol"": ""ETHUSDT"", ""time"": ""2021-04-07T19:05:00+00:00"", ""trade_entry_allowed"": false}]"
binance_15_5,REFERENCE_SEGMENT_05,A_ORIGINAL_SL_UNTIL_TP2,fce6746f6816e885ef06160a,ETHUSDT,LONG,CLOSED,2021-04-07T17:45:00+00:00,2021-04-07T19:05:00+00:00,-23.4,-0.9999999999999999,3.7504328170833023,1.2501435363841216,1.5915010874040456,23.400000000000002,0.04126133715623983,True,"[{""action"": ""VIRTUAL_EXIT"", ""balance_change"": -21.518888721303473, ""entry_fee_allocation"": 1.8811112786965263, ""exit_fee"": 1.869321538386776, ""gross_pnl"": -19.649567182916698, ""net_pnl"": -23.4, ""price"": 1957.6084, ""quantity"": 1.5915010874040456, ""reason"": ""STOP_FIRST_CONSERVATIVE"", ""reference_price"": 1958.0, ""sequence"": 3, ""signal_id"": ""fce6746f6816e885ef06160a"", ""slippage_cost"": 0.6232318258273062, ""symbol"": ""ETHUSDT"", ""time"": ""2021-04-07T19:05:00+00:00"", ""trade_entry_allowed"": false}]"
binance_15_5,REFERENCE_SEGMENT_05,A_STRUCTURAL_AFTER_TP1,fce6746f6816e885ef06160a,ETHUSDT,LONG,CLOSED,2021-04-07T17:45:00+00:00,2021-04-07T19:05:00+00:00,-23.4,-0.9999999999999999,3.7504328170833023,1.2501435363841216,1.5915010874040456,23.400000000000002,0.04126133715623983,True,"[{""action"": ""VIRTUAL_EXIT"", ""balance_change"": -21.518888721303473, ""entry_fee_allocation"": 1.8811112786965263, ""exit_fee"": 1.869321538386776, ""gross_pnl"": -19.649567182916698, ""net_pnl"": -23.4, ""price"": 1957.6084, ""quantity"": 1.5915010874040456, ""reason"": ""STOP_FIRST_CONSERVATIVE"", ""reference_price"": 1958.0, ""sequence"": 3, ""signal_id"": ""fce6746f6816e885ef06160a"", ""slippage_cost"": 0.6232318258273062, ""symbol"": ""ETHUSDT"", ""time"": ""2021-04-07T19:05:00+00:00"", ""trade_entry_allowed"": false}]"
binance_15_5,REFERENCE_SEGMENT_07,A_40_30_30_BE_TP1,a157590c8095c72385af1b35,XRPUSDT,SHORT,CLOSED,2021-04-30T04:25:00+00:00,2021-04-30T04:35:00+00:00,-23.4,-0.9999999999999999,3.762965725586845,1.2543211732204214,2214.784710987083,23.400000000000002,0.020316769315890135,True,"[{""action"": ""VIRTUAL_EXIT"", ""balance_change"": -21.5244082474889, ""entry_fee_allocation"": 1.8755917525110988, ""exit_fee"": 1.8873739730757466, ""gross_pnl"": -19.637034274413153, ""net_pnl"": -23.4, ""price"": 1.4202839999999999, ""quantity"": 2214.784710987083, ""reason"": ""STOP_FIRST_CONSERVATIVE"", ""reference_price"": 1.42, ""sequence"": 3, ""signal_id"": ""a157590c8095c72385af1b35"", ""slippage_cost"": 0.628998857920223, ""symbol"": ""XRPUSDT"", ""time"": ""2021-04-30T04:35:00+00:00"", ""trade_entry_allowed"": false}]"
binance_15_5,REFERENCE_SEGMENT_07,B_30_30_40_BE_TP1,a157590c8095c72385af1b35,XRPUSDT,SHORT,CLOSED,2021-04-30T04:25:00+00:00,2021-04-30T04:35:00+00:00,-23.4,-0.9999999999999999,3.762965725586845,1.2543211732204214,2214.784710987083,23.400000000000002,0.020316769315890135,True,"[{""action"": ""VIRTUAL_EXIT"", ""balance_change"": -21.5244082474889, ""entry_fee_allocation"": 1.8755917525110988, ""exit_fee"": 1.8873739730757466, ""gross_pnl"": -19.637034274413153, ""net_pnl"": -23.4, ""price"": 1.4202839999999999, ""quantity"": 2214.784710987083, ""reason"": ""STOP_FIRST_CONSERVATIVE"", ""reference_price"": 1.42, ""sequence"": 3, ""signal_id"": ""a157590c8095c72385af1b35"", ""slippage_cost"": 0.628998857920223, ""symbol"": ""XRPUSDT"", ""time"": ""2021-04-30T04:35:00+00:00"", ""trade_entry_allowed"": false}]"
binance_15_5,REFERENCE_SEGMENT_07,C_25_25_50_BE_TP1,a157590c8095c72385af1b35,XRPUSDT,SHORT,CLOSED,2021-04-30T04:25:00+00:00,2021-04-30T04:35:00+00:00,-23.4,-0.9999999999999999,3.762965725586845,1.2543211732204214,2214.784710987083,23.400000000000002,0.020316769315890135,True,"[{""action"": ""VIRTUAL_EXIT"", ""balance_change"": -21.5244082474889, ""entry_fee_allocation"": 1.8755917525110988, ""exit_fee"": 1.8873739730757466, ""gross_pnl"": -19.637034274413153, ""net_pnl"": -23.4, ""price"": 1.4202839999999999, ""quantity"": 2214.784710987083, ""reason"": ""STOP_FIRST_CONSERVATIVE"", ""reference_price"": 1.42, ""sequence"": 3, ""signal_id"": ""a157590c8095c72385af1b35"", ""slippage_cost"": 0.628998857920223, ""symbol"": ""XRPUSDT"", ""time"": ""2021-04-30T04:35:00+00:00"", ""trade_entry_allowed"": false}]"
binance_15_5,REFERENCE_SEGMENT_07,D_25_35_40_BE_TP1,a157590c8095c72385af1b35,XRPUSDT,SHORT,CLOSED,2021-04-30T04:25:00+00:00,2021-04-30T04:35:00+00:00,-23.4,-0.9999999999999999,3.762965725586845,1.2543211732204214,2214.784710987083,23.400000000000002,0.020316769315890135,True,"[{""action"": ""VIRTUAL_EXIT"", ""balance_change"": -21.5244082474889, ""entry_fee_allocation"": 1.8755917525110988, ""exit_fee"": 1.8873739730757466, ""gross_pnl"": -19.637034274413153, ""net_pnl"": -23.4, ""price"": 1.4202839999999999, ""quantity"": 2214.784710987083, ""reason"": ""STOP_FIRST_CONSERVATIVE"", ""reference_price"": 1.42, ""sequence"": 3, ""signal_id"": ""a157590c8095c72385af1b35"", ""slippage_cost"": 0.628998857920223, ""symbol"": ""XRPUSDT"", ""time"": ""2021-04-30T04:35:00+00:00"", ""trade_entry_allowed"": false}]"
binance_15_5,REFERENCE_SEGMENT_07,A_BE_LATER_CLOSE,a157590c8095c72385af1b35,XRPUSDT,SHORT,CLOSED,2021-04-30T04:25:00+00:00,2021-04-30T04:35:00+00:00,-23.4,-0.9999999999999999,3.762965725586845,1.2543211732204214,2214.784710987083,23.400000000000002,0.020316769315890135,True,"[{""action"": ""VIRTUAL_EXIT"", ""balance_change"": -21.5244082474889, ""entry_fee_allocation"": 1.8755917525110988, ""exit_fee"": 1.8873739730757466, ""gross_pnl"": -19.637034274413153, ""net_pnl"": -23.4, ""price"": 1.4202839999999999, ""quantity"": 2214.784710987083, ""reason"": ""STOP_FIRST_CONSERVATIVE"", ""reference_price"": 1.42, ""sequence"": 3, ""signal_id"": ""a157590c8095c72385af1b35"", ""slippage_cost"": 0.628998857920223, ""symbol"": ""XRPUSDT"", ""time"": ""2021-04-30T04:35:00+00:00"", ""trade_entry_allowed"": false}]"
binance_15_5,REFERENCE_SEGMENT_07,A_ORIGINAL_SL_UNTIL_TP2,a157590c8095c72385af1b35,XRPUSDT,SHORT,CLOSED,2021-04-30T04:25:00+00:00,2021-04-30T04:35:00+00:00,-23.4,-0.9999999999999999,3.762965725586845,1.2543211732204214,2214.784710987083,23.400000000000002,0.020316769315890135,True,"[{""action"": ""VIRTUAL_EXIT"", ""balance_change"": -21.5244082474889, ""entry_fee_allocation"": 1.8755917525110988, ""exit_fee"": 1.8873739730757466, ""gross_pnl"": -19.637034274413153, ""net_pnl"": -23.4, ""price"": 1.4202839999999999, ""quantity"": 2214.784710987083, ""reason"": ""STOP_FIRST_CONSERVATIVE"", ""reference_price"": 1.42, ""sequence"": 3, ""signal_id"": ""a157590c8095c72385af1b35"", ""slippage_cost"": 0.628998857920223, ""symbol"": ""XRPUSDT"", ""time"": ""2021-04-30T04:35:00+00:00"", ""trade_entry_allowed"": false}]"
binance_15_5,REFERENCE_SEGMENT_07,A_STRUCTURAL_AFTER_TP1,a157590c8095c72385af1b35,XRPUSDT,SHORT,CLOSED,2021-04-30T04:25:00+00:00,2021-04-30T04:35:00+00:00,-23.4,-0.9999999999999999,3.762965725586845,1.2543211732204214,2214.784710987083,23.400000000000002,0.020316769315890135,True,"[{""action"": ""VIRTUAL_EXIT"", ""balance_change"": -21.5244082474889, ""entry_fee_allocation"": 1.8755917525110988, ""exit_fee"": 1.8873739730757466, ""gross_pnl"": -19.637034274413153, ""net_pnl"": -23.4, ""price"": 1.4202839999999999, ""quantity"": 2214.784710987083, ""reason"": ""STOP_FIRST_CONSERVATIVE"", ""reference_price"": 1.42, ""sequence"": 3, ""signal_id"": ""a157590c8095c72385af1b35"", ""slippage_cost"": 0.628998857920223, ""symbol"": ""XRPUSDT"", ""time"": ""2021-04-30T04:35:00+00:00"", ""trade_entry_allowed"": false}]"
binance_15_5,REFERENCE_SEGMENT_07,A_40_30_30_BE_TP1,9a6960c5ba93bfcdf199905b,ETHUSDT,LONG,CLOSED,2021-05-29T18:15:00+00:00,2021-05-29T19:25:00+00:00,-22.931999999999995,-0.9999999999999999,2.079549931398648,0.6931825040954507,0.7756547735477518,22.932,0.04383688064615124,True,"[{""action"": ""VIRTUAL_EXIT"", ""balance_change"": -21.88596929928009, ""entry_fee_allocation"": 1.0460307007199046, ""exit_fee"": 1.0335192306787437, ""gross_pnl"": -20.85245006860135, ""net_pnl"": -22.931999999999995, ""price"": 2220.745762, ""quantity"": 0.7756547735477518, ""reason"": ""STOP_FIRST_CONSERVATIVE"", ""reference_price"": 2221.19, ""sequence"": 3, ""signal_id"": ""9a6960c5ba93bfcdf199905b"", ""slippage_cost"": 0.3445753252913381, ""symbol"": ""ETHUSDT"", ""time"": ""2021-05-29T19:25:00+00:00"", ""trade_entry_allowed"": false}]"
binance_15_5,REFERENCE_SEGMENT_07,B_30_30_40_BE_TP1,9a6960c5ba93bfcdf199905b,ETHUSDT,LONG,CLOSED,2021-05-29T18:15:00+00:00,2021-05-29T19:25:00+00:00,-22.931999999999995,-0.9999999999999999,2.079549931398648,0.6931825040954507,0.7756547735477518,22.932,0.04383688064615124,True,"[{""action"": ""VIRTUAL_EXIT"", ""balance_change"": -21.88596929928009, ""entry_fee_allocation"": 1.0460307007199046, ""exit_fee"": 1.0335192306787437, ""gross_pnl"": -20.85245006860135, ""net_pnl"": -22.931999999999995, ""price"": 2220.745762, ""quantity"": 0.7756547735477518, ""reason"": ""STOP_FIRST_CONSERVATIVE"", ""reference_price"": 2221.19, ""sequence"": 3, ""signal_id"": ""9a6960c5ba93bfcdf199905b"", ""slippage_cost"": 0.3445753252913381, ""symbol"": ""ETHUSDT"", ""time"": ""2021-05-29T19:25:00+00:00"", ""trade_entry_allowed"": false}]"
binance_15_5,REFERENCE_SEGMENT_07,C_25_25_50_BE_TP1,9a6960c5ba93bfcdf199905b,ETHUSDT,LONG,CLOSED,2021-05-29T18:15:00+00:00,2021-05-29T19:25:00+00:00,-22.931999999999995,-0.9999999999999999,2.079549931398648,0.6931825040954507,0.7756547735477518,22.932,0.04383688064615124,True,"[{""action"": ""VIRTUAL_EXIT"", ""balance_change"": -21.88596929928009, ""entry_fee_allocation"": 1.0460307007199046, ""exit_fee"": 1.0335192306787437, ""gross_pnl"": -20.85245006860135, ""net_pnl"": -22.931999999999995, ""price"": 2220.745762, ""quantity"": 0.7756547735477518, ""reason"": ""STOP_FIRST_CONSERVATIVE"", ""reference_price"": 2221.19, ""sequence"": 3, ""signal_id"": ""9a6960c5ba93bfcdf199905b"", ""slippage_cost"": 0.3445753252913381, ""symbol"": ""ETHUSDT"", ""time"": ""2021-05-29T19:25:00+00:00"", ""trade_entry_allowed"": false}]"
binance_15_5,REFERENCE_SEGMENT_07,D_25_35_40_BE_TP1,9a6960c5ba93bfcdf199905b,ETHUSDT,LONG,CLOSED,2021-05-29T18:15:00+00:00,2021-05-29T19:25:00+00:00,-22.931999999999995,-0.9999999999999999,2.079549931398648,0.6931825040954507,0.7756547735477518,22.932,0.04383688064615124,True,"[{""action"": ""VIRTUAL_EXIT"", ""balance_change"": -21.88596929928009, ""entry_fee_allocation"": 1.0460307007199046, ""exit_fee"": 1.0335192306787437, ""gross_pnl"": -20.85245006860135, ""net_pnl"": -22.931999999999995, ""price"": 2220.745762, ""quantity"": 0.7756547735477518, ""reason"": ""STOP_FIRST_CONSERVATIVE"", ""reference_price"": 2221.19, ""sequence"": 3, ""signal_id"": ""9a6960c5ba93bfcdf199905b"", ""slippage_cost"": 0.3445753252913381, ""symbol"": ""ETHUSDT"", ""time"": ""2021-05-29T19:25:00+00:00"", ""trade_entry_allowed"": false}]"
binance_15_5,REFERENCE_SEGMENT_07,A_BE_LATER_CLOSE,9a6960c5ba93bfcdf199905b,ETHUSDT,LONG,CLOSED,2021-05-29T18:15:00+00:00,2021-05-29T19:25:00+00:00,-22.931999999999995,-0.9999999999999999,2.079549931398648,0.6931825040954507,0.7756547735477518,22.932,0.04383688064615124,True,"[{""action"": ""VIRTUAL_EXIT"", ""balance_change"": -21.88596929928009, ""entry_fee_allocation"": 1.0460307007199046, ""exit_fee"": 1.0335192306787437, ""gross_pnl"": -20.85245006860135, ""net_pnl"": -22.931999999999995, ""price"": 2220.745762, ""quantity"": 0.7756547735477518, ""reason"": ""STOP_FIRST_CONSERVATIVE"", ""reference_price"": 2221.19, ""sequence"": 3, ""signal_id"": ""9a6960c5ba93bfcdf199905b"", ""slippage_cost"": 0.3445753252913381, ""symbol"": ""ETHUSDT"", ""time"": ""2021-05-29T19:25:00+00:00"", ""trade_entry_allowed"": false}]"
binance_15_5,REFERENCE_SEGMENT_07,A_ORIGINAL_SL_UNTIL_TP2,9a6960c5ba93bfcdf199905b,ETHUSDT,LONG,CLOSED,2021-05-29T18:15:00+00:00,2021-05-29T19:25:00+00:00,-22.931999999999995,-0.9999999999999999,2.079549931398648,0.6931825040954507,0.7756547735477518,22.932,0.04383688064615124,True,"[{""action"": ""VIRTUAL_EXIT"", ""balance_change"": -21.88596929928009, ""entry_fee_allocation"": 1.0460307007199046, ""exit_fee"": 1.0335192306787437, ""gross_pnl"": -20.85245006860135, ""net_pnl"": -22.931999999999995, ""price"": 2220.745762, ""quantity"": 0.7756547735477518, ""reason"": ""STOP_FIRST_CONSERVATIVE"", ""reference_price"": 2221.19, ""sequence"": 3, ""signal_id"": ""9a6960c5ba93bfcdf199905b"", ""slippage_cost"": 0.3445753252913381, ""symbol"": ""ETHUSDT"", ""time"": ""2021-05-29T19:25:00+00:00"", ""trade_entry_allowed"": false}]"
binance_15_5,REFERENCE_SEGMENT_07,A_STRUCTURAL_AFTER_TP1,9a6960c5ba93bfcdf199905b,ETHUSDT,LONG,CLOSED,2021-05-29T18:15:00+00:00,2021-05-29T19:25:00+00:00,-22.931999999999995,-0.9999999999999999,2.079549931398648,0.6931825040954507,0.7756547735477518,22.932,0.04383688064615124,True,"[{""action"": ""VIRTUAL_EXIT"", ""balance_change"": -21.88596929928009, ""entry_fee_allocation"": 1.0460307007199046, ""exit_fee"": 1.0335192306787437, ""gross_pnl"": -20.85245006860135, ""net_pnl"": -22.931999999999995, ""price"": 2220.745762, ""quantity"": 0.7756547735477518, ""reason"": ""STOP_FIRST_CONSERVATIVE"", ""reference_price"": 2221.19, ""sequence"": 3, ""signal_id"": ""9a6960c5ba93bfcdf199905b"", ""slippage_cost"": 0.3445753252913381, ""symbol"": ""ETHUSDT"", ""time"": ""2021-05-29T19:25:00+00:00"", ""trade_entry_allowed"": false}]"
binance_15_5,REFERENCE_SEGMENT_08,A_40_30_30_BE_TP1,ee72cba3424d513371b1c73e,DOGEUSDT,SHORT,CLOSED,2021-09-01T05:50:00+00:00,2021-09-01T10:05:00+00:00,-23.400000000000006,-1.0000000000000002,3.9143476703008266,1.304781829531478,11628.314998508316,23.400000000000002,0.040154826513748215,True,"[{""action"": ""VIRTUAL_EXIT"", ""balance_change"": -21.4486718605485, ""entry_fee_allocation"": 1.9513281394515034, ""exit_fee"": 1.963019530849323, ""gross_pnl"": -19.485652329699178, ""net_pnl"": -23.400000000000006, ""price"": 0.28135625999999997, ""quantity"": 11628.314998508316, ""reason"": ""STOP_FIRST_CONSERVATIVE"", ""reference_price"": 0.2813, ""sequence"": 3, ""signal_id"": ""ee72cba3424d513371b1c73e"", ""slippage_cost"": 0.6542090018157832, ""symbol"": ""DOGEUSDT"", ""time"": ""2021-09-01T10:05:00+00:00"", ""trade_entry_allowed"": false}]"
binance_15_5,REFERENCE_SEGMENT_08,B_30_30_40_BE_TP1,ee72cba3424d513371b1c73e,DOGEUSDT,SHORT,CLOSED,2021-09-01T05:50:00+00:00,2021-09-01T10:05:00+00:00,-23.400000000000006,-1.0000000000000002,3.9143476703008266,1.304781829531478,11628.314998508316,23.400000000000002,0.040154826513748215,True,"[{""action"": ""VIRTUAL_EXIT"", ""balance_change"": -21.4486718605485, ""entry_fee_allocation"": 1.9513281394515034, ""exit_fee"": 1.963019530849323, ""gross_pnl"": -19.485652329699178, ""net_pnl"": -23.400000000000006, ""price"": 0.28135625999999997, ""quantity"": 11628.314998508316, ""reason"": ""STOP_FIRST_CONSERVATIVE"", ""reference_price"": 0.2813, ""sequence"": 3, ""signal_id"": ""ee72cba3424d513371b1c73e"", ""slippage_cost"": 0.6542090018157832, ""symbol"": ""DOGEUSDT"", ""time"": ""2021-09-01T10:05:00+00:00"", ""trade_entry_allowed"": false}]"
binance_15_5,REFERENCE_SEGMENT_08,C_25_25_50_BE_TP1,ee72cba3424d513371b1c73e,DOGEUSDT,SHORT,CLOSED,2021-09-01T05:50:00+00:00,2021-09-01T10:05:00+00:00,-23.400000000000006,-1.0000000000000002,3.9143476703008266,1.304781829531478,11628.314998508316,23.400000000000002,0.040154826513748215,True,"[{""action"": ""VIRTUAL_EXIT"", ""balance_change"": -21.4486718605485, ""entry_fee_allocation"": 1.9513281394515034, ""exit_fee"": 1.963019530849323, ""gross_pnl"": -19.485652329699178, ""net_pnl"": -23.400000000000006, ""price"": 0.28135625999999997, ""quantity"": 11628.314998508316, ""reason"": ""STOP_FIRST_CONSERVATIVE"", ""reference_price"": 0.2813, ""sequence"": 3, ""signal_id"": ""ee72cba3424d513371b1c73e"", ""slippage_cost"": 0.6542090018157832, ""symbol"": ""DOGEUSDT"", ""time"": ""2021-09-01T10:05:00+00:00"", ""trade_entry_allowed"": false}]"
binance_15_5,REFERENCE_SEGMENT_08,D_25_35_40_BE_TP1,ee72cba3424d513371b1c73e,DOGEUSDT,SHORT,CLOSED,2021-09-01T05:50:00+00:00,2021-09-01T10:05:00+00:00,-23.400000000000006,-1.0000000000000002,3.9143476703008266,1.304781829531478,11628.314998508316,23.400000000000002,0.040154826513748215,True,"[{""action"": ""VIRTUAL_EXIT"", ""balance_change"": -21.4486718605485, ""entry_fee_allocation"": 1.9513281394515034, ""exit_fee"": 1.963019530849323, ""gross_pnl"": -19.485652329699178, ""net_pnl"": -23.400000000000006, ""price"": 0.28135625999999997, ""quantity"": 11628.314998508316, ""reason"": ""STOP_FIRST_CONSERVATIVE"", ""reference_price"": 0.2813, ""sequence"": 3, ""signal_id"": ""ee72cba3424d513371b1c73e"", ""slippage_cost"": 0.6542090018157832, ""symbol"": ""DOGEUSDT"", ""time"": ""2021-09-01T10:05:00+00:00"", ""trade_entry_allowed"": false}]"
binance_15_5,REFERENCE_SEGMENT_08,A_BE_LATER_CLOSE,ee72cba3424d513371b1c73e,DOGEUSDT,SHORT,CLOSED,2021-09-01T05:50:00+00:00,2021-09-01T10:05:00+00:00,-23.400000000000006,-1.0000000000000002,3.9143476703008266,1.304781829531478,11628.314998508316,23.400000000000002,0.040154826513748215,True,"[{""action"": ""VIRTUAL_EXIT"", ""balance_change"": -21.4486718605485, ""entry_fee_allocation"": 1.9513281394515034, ""exit_fee"": 1.963019530849323, ""gross_pnl"": -19.485652329699178, ""net_pnl"": -23.400000000000006, ""price"": 0.28135625999999997, ""quantity"": 11628.314998508316, ""reason"": ""STOP_FIRST_CONSERVATIVE"", ""reference_price"": 0.2813, ""sequence"": 3, ""signal_id"": ""ee72cba3424d513371b1c73e"", ""slippage_cost"": 0.6542090018157832, ""symbol"": ""DOGEUSDT"", ""time"": ""2021-09-01T10:05:00+00:00"", ""trade_entry_allowed"": false}]"
binance_15_5,REFERENCE_SEGMENT_08,A_ORIGINAL_SL_UNTIL_TP2,ee72cba3424d513371b1c73e,DOGEUSDT,SHORT,CLOSED,2021-09-01T05:50:00+00:00,2021-09-01T10:05:00+00:00,-23.400000000000006,-1.0000000000000002,3.9143476703008266,1.304781829531478,11628.314998508316,23.400000000000002,0.040154826513748215,True,"[{""action"": ""VIRTUAL_EXIT"", ""balance_change"": -21.4486718605485, ""entry_fee_allocation"": 1.9513281394515034, ""exit_fee"": 1.963019530849323, ""gross_pnl"": -19.485652329699178, ""net_pnl"": -23.400000000000006, ""price"": 0.28135625999999997, ""quantity"": 11628.314998508316, ""reason"": ""STOP_FIRST_CONSERVATIVE"", ""reference_price"": 0.2813, ""sequence"": 3, ""signal_id"": ""ee72cba3424d513371b1c73e"", ""slippage_cost"": 0.6542090018157832, ""symbol"": ""DOGEUSDT"", ""time"": ""2021-09-01T10:05:00+00:00"", ""trade_entry_allowed"": false}]"
binance_15_5,REFERENCE_SEGMENT_08,A_STRUCTURAL_AFTER_TP1,ee72cba3424d513371b1c73e,DOGEUSDT,SHORT,CLOSED,2021-09-01T05:50:00+00:00,2021-09-01T10:05:00+00:00,-23.400000000000006,-1.0000000000000002,3.9143476703008266,1.304781829531478,11628.314998508316,23.400000000000002,0.040154826513748215,True,"[{""action"": ""VIRTUAL_EXIT"", ""balance_change"": -21.4486718605485, ""entry_fee_allocation"": 1.9513281394515034, ""exit_fee"": 1.963019530849323, ""gross_pnl"": -19.485652329699178, ""net_pnl"": -23.400000000000006, ""price"": 0.28135625999999997, ""quantity"": 11628.314998508316, ""reason"": ""STOP_FIRST_CONSERVATIVE"", ""reference_price"": 0.2813, ""sequence"": 3, ""signal_id"": ""ee72cba3424d513371b1c73e"", ""slippage_cost"": 0.6542090018157832, ""symbol"": ""DOGEUSDT"", ""time"": ""2021-09-01T10:05:00+00:00"", ""trade_entry_allowed"": false}]"
binance_15_5,REFERENCE_SEGMENT_09,A_40_30_30_BE_TP1,07c4c8f2f6ca4282a802689a,DOGEUSDT,LONG,CLOSED,2021-10-27T08:05:00+00:00,2021-10-27T08:05:00+00:00,-23.400000000000002,-1.0,2.665949793020641,0.888649137190682,9215.417260175833,23.400000000000002,0.020000000000000077,True,"[{""action"": ""VIRTUAL_EXIT"", ""balance_change"": -22.060804888427587, ""entry_fee_allocation"": 1.3391951115724143, ""exit_fee"": 1.3267546814482267, ""gross_pnl"": -20.73405020697936, ""net_pnl"": -23.400000000000002, ""price"": 0.239952, ""quantity"": 9215.417260175833, ""reason"": ""STOP_FIRST_CONSERVATIVE"", ""reference_price"": 0.24, ""sequence"": 3, ""signal_id"": ""07c4c8f2f6ca4282a802689a"", ""slippage_cost"": 0.4423400284883708, ""symbol"": ""DOGEUSDT"", ""time"": ""2021-10-27T08:05:00+00:00"", ""trade_entry_allowed"": false}]"
binance_15_5,REFERENCE_SEGMENT_09,B_30_30_40_BE_TP1,07c4c8f2f6ca4282a802689a,DOGEUSDT,LONG,CLOSED,2021-10-27T08:05:00+00:00,2021-10-27T08:05:00+00:00,-23.400000000000002,-1.0,2.665949793020641,0.888649137190682,9215.417260175833,23.400000000000002,0.020000000000000077,True,"[{""action"": ""VIRTUAL_EXIT"", ""balance_change"": -22.060804888427587, ""entry_fee_allocation"": 1.3391951115724143, ""exit_fee"": 1.3267546814482267, ""gross_pnl"": -20.73405020697936, ""net_pnl"": -23.400000000000002, ""price"": 0.239952, ""quantity"": 9215.417260175833, ""reason"": ""STOP_FIRST_CONSERVATIVE"", ""reference_price"": 0.24, ""sequence"": 3, ""signal_id"": ""07c4c8f2f6ca4282a802689a"", ""slippage_cost"": 0.4423400284883708, ""symbol"": ""DOGEUSDT"", ""time"": ""2021-10-27T08:05:00+00:00"", ""trade_entry_allowed"": false}]"
binance_15_5,REFERENCE_SEGMENT_09,C_25_25_50_BE_TP1,07c4c8f2f6ca4282a802689a,DOGEUSDT,LONG,CLOSED,2021-10-27T08:05:00+00:00,2021-10-27T08:05:00+00:00,-23.400000000000002,-1.0,2.665949793020641,0.888649137190682,9215.417260175833,23.400000000000002,0.020000000000000077,True,"[{""action"": ""VIRTUAL_EXIT"", ""balance_change"": -22.060804888427587, ""entry_fee_allocation"": 1.3391951115724143, ""exit_fee"": 1.3267546814482267, ""gross_pnl"": -20.73405020697936, ""net_pnl"": -23.400000000000002, ""price"": 0.239952, ""quantity"": 9215.417260175833, ""reason"": ""STOP_FIRST_CONSERVATIVE"", ""reference_price"": 0.24, ""sequence"": 3, ""signal_id"": ""07c4c8f2f6ca4282a802689a"", ""slippage_cost"": 0.4423400284883708, ""symbol"": ""DOGEUSDT"", ""time"": ""2021-10-27T08:05:00+00:00"", ""trade_entry_allowed"": false}]"
binance_15_5,REFERENCE_SEGMENT_09,D_25_35_40_BE_TP1,07c4c8f2f6ca4282a802689a,DOGEUSDT,LONG,CLOSED,2021-10-27T08:05:00+00:00,2021-10-27T08:05:00+00:00,-23.400000000000002,-1.0,2.665949793020641,0.888649137190682,9215.417260175833,23.400000000000002,0.020000000000000077,True,"[{""action"": ""VIRTUAL_EXIT"", ""balance_change"": -22.060804888427587, ""entry_fee_allocation"": 1.3391951115724143, ""exit_fee"": 1.3267546814482267, ""gross_pnl"": -20.73405020697936, ""net_pnl"": -23.400000000000002, ""price"": 0.239952, ""quantity"": 9215.417260175833, ""reason"": ""STOP_FIRST_CONSERVATIVE"", ""reference_price"": 0.24, ""sequence"": 3, ""signal_id"": ""07c4c8f2f6ca4282a802689a"", ""slippage_cost"": 0.4423400284883708, ""symbol"": ""DOGEUSDT"", ""time"": ""2021-10-27T08:05:00+00:00"", ""trade_entry_allowed"": false}]"
binance_15_5,REFERENCE_SEGMENT_09,A_BE_LATER_CLOSE,07c4c8f2f6ca4282a802689a,DOGEUSDT,LONG,CLOSED,2021-10-27T08:05:00+00:00,2021-10-27T08:05:00+00:00,-23.400000000000002,-1.0,2.665949793020641,0.888649137190682,9215.417260175833,23.400000000000002,0.020000000000000077,True,"[{""action"": ""VIRTUAL_EXIT"", ""balance_change"": -22.060804888427587, ""entry_fee_allocation"": 1.3391951115724143, ""exit_fee"": 1.3267546814482267, ""gross_pnl"": -20.73405020697936, ""net_pnl"": -23.400000000000002, ""price"": 0.239952, ""quantity"": 9215.417260175833, ""reason"": ""STOP_FIRST_CONSERVATIVE"", ""reference_price"": 0.24, ""sequence"": 3, ""signal_id"": ""07c4c8f2f6ca4282a802689a"", ""slippage_cost"": 0.4423400284883708, ""symbol"": ""DOGEUSDT"", ""time"": ""2021-10-27T08:05:00+00:00"", ""trade_entry_allowed"": false}]"
binance_15_5,REFERENCE_SEGMENT_09,A_ORIGINAL_SL_UNTIL_TP2,07c4c8f2f6ca4282a802689a,DOGEUSDT,LONG,CLOSED,2021-10-27T08:05:00+00:00,2021-10-27T08:05:00+00:00,-23.400000000000002,-1.0,2.665949793020641,0.888649137190682,9215.417260175833,23.400000000000002,0.020000000000000077,True,"[{""action"": ""VIRTUAL_EXIT"", ""balance_change"": -22.060804888427587, ""entry_fee_allocation"": 1.3391951115724143, ""exit_fee"": 1.3267546814482267, ""gross_pnl"": -20.73405020697936, ""net_pnl"": -23.400000000000002, ""price"": 0.239952, ""quantity"": 9215.417260175833, ""reason"": ""STOP_FIRST_CONSERVATIVE"", ""reference_price"": 0.24, ""sequence"": 3, ""signal_id"": ""07c4c8f2f6ca4282a802689a"", ""slippage_cost"": 0.4423400284883708, ""symbol"": ""DOGEUSDT"", ""time"": ""2021-10-27T08:05:00+00:00"", ""trade_entry_allowed"": false}]"
binance_15_5,REFERENCE_SEGMENT_09,A_STRUCTURAL_AFTER_TP1,07c4c8f2f6ca4282a802689a,DOGEUSDT,LONG,CLOSED,2021-10-27T08:05:00+00:00,2021-10-27T08:05:00+00:00,-23.400000000000002,-1.0,2.665949793020641,0.888649137190682,9215.417260175833,23.400000000000002,0.020000000000000077,True,"[{""action"": ""VIRTUAL_EXIT"", ""balance_change"": -22.060804888427587, ""entry_fee_allocation"": 1.3391951115724143, ""exit_fee"": 1.3267546814482267, ""gross_pnl"": -20.73405020697936, ""net_pnl"": -23.400000000000002, ""price"": 0.239952, ""quantity"": 9215.417260175833, ""reason"": ""STOP_FIRST_CONSERVATIVE"", ""reference_price"": 0.24, ""sequence"": 3, ""signal_id"": ""07c4c8f2f6ca4282a802689a"", ""slippage_cost"": 0.4423400284883708, ""symbol"": ""DOGEUSDT"", ""time"": ""2021-10-27T08:05:00+00:00"", ""trade_entry_allowed"": false}]"
binance_15_5,REFERENCE_SEGMENT_09,A_40_30_30_BE_TP1,13805e51dfbbaac6a5b789c7,ETHUSDT,SHORT,CLOSED,2021-12-19T22:55:00+00:00,2021-12-20T21:10:00+00:00,55.1450500996214,2.404720482278973,3.21289556732168,1.070967566263592,0.6817706573480303,22.932,0.06353678161585084,True,"[{""action"": ""VIRTUAL_EXIT"", ""balance_change"": 55.79463216656589, ""entry_fee_allocation"": 0.6495820669443693, ""exit_fee"": 0.6157358461367476, ""gross_pnl"": 56.41036801270264, ""net_pnl"": 55.14505009962152, ""price"": 3763.0924680000003, ""quantity"": 0.27270826293921213, ""reason"": ""TP1"", ""reference_price"": 3762.34, ""sequence"": 3, ""signal_id"": ""13805e51dfbbaac6a5b789c7"", ""slippage_cost"": 0.20520424119737998, ""symbol"": ""ETHUSDT"", ""time"": ""2021-12-20T09:55:00+00:00"", ""trade_entry_allowed"": false}, {""action"": ""VIRTUAL_EXIT"", ""balance_change"": 0.9743731004164309, ""entry_fee_allocation"": 0.9743731004165537, ""exit_fee"": 0.9732045538240095, ""gross_pnl"": 1.9475776542404404, ""net_pnl"": -1.2279066652354231e-13, ""price"": 3965.1838249537145, ""quantity"": 0.4090623944088182, ""reason"": ""STOP_FIRST_CONSERVATIVE"", ""reference_price"": 3964.3909467643616, ""sequence"": 5, ""signal_id"": ""13805e51dfbbaac6a5b789c7"", ""slippage_cost"": 0.32433665061122763, ""symbol"": ""ETHUSDT"", ""time"": ""2021-12-20T21:10:00+00:00"", ""trade_entry_allowed"": false}]"
binance_15_5,REFERENCE_SEGMENT_09,B_30_30_40_BE_TP1,13805e51dfbbaac6a5b789c7,ETHUSDT,SHORT,CLOSED,2021-12-19T22:55:00+00:00,2021-12-20T21:10:00+00:00,41.358787574716004,1.8035403617092276,3.2211623647581615,1.0737226143994516,0.6817706573480303,22.932,0.07413762685200051,True,"[{""action"": ""VIRTUAL_EXIT"", ""balance_change"": 41.845974124924425, ""entry_fee_allocation"": 0.48718655020827684, ""exit_fee"": 0.4618018846025607, ""gross_pnl"": 42.30777600952698, ""net_pnl"": 41.358787574716146, ""price"": 3763.0924680000003, ""quantity"": 0.2045311972044091, ""reason"": ""TP1"", ""reference_price"": 3762.34, ""sequence"": 3, ""signal_id"": ""13805e51dfbbaac6a5b789c7"", ""slippage_cost"": 0.15390318089803498, ""symbol"": ""ETHUSDT"", ""time"": ""2021-12-20T09:55:00+00:00"", ""trade_entry_allowed"": false}, {""action"": ""VIRTUAL_EXIT"", ""balance_change"": 1.1367686171525024, ""entry_fee_allocation"": 1.1367686171526459, ""exit_fee"": 1.1354053127946777, ""gross_pnl"": 2.27217392994718, ""net_pnl"": -1.4344081478157023e-13, ""price"": 3965.1838249537145, ""quantity"": 0.4772394601436212, ""reason"": ""STOP_FIRST_CONSERVATIVE"", ""reference_price"": 3964.3909467643616, ""sequence"": 5, ""signal_id"": ""13805e51dfbbaac6a5b789c7"", ""slippage_cost"": 0.37839275904643216, ""symbol"": ""ETHUSDT"", ""time"": ""2021-12-20T21:10:00+00:00"", ""trade_entry_allowed"": false}]"
binance_15_5,REFERENCE_SEGMENT_09,C_25_25_50_BE_TP1,13805e51dfbbaac6a5b789c7,ETHUSDT,SHORT,CLOSED,2021-12-19T22:55:00+00:00,2021-12-20T21:10:00+00:00,34.46565631226329,1.5029503014243544,3.225295763476402,1.0751001384673813,0.6817706573480303,22.932,0.07943927033522184,True,"[{""action"": ""VIRTUAL_EXIT"", ""balance_change"": 34.87164510410368, ""entry_fee_allocation"": 0.40598879184023073, ""exit_fee"": 0.3848349038354673, ""gross_pnl"": 35.256480007939146, ""net_pnl"": 34.46565631226345, ""price"": 3763.0924680000003, ""quantity"": 0.17044266433700758, ""reason"": ""TP1"", ""reference_price"": 3762.34, ""sequence"": 3, ""signal_id"": ""13805e51dfbbaac6a5b789c7"", ""slippage_cost"": 0.1282526507483625, ""symbol"": ""ETHUSDT"", ""time"": ""2021-12-20T09:55:00+00:00"", ""trade_entry_allowed"": false}, {""action"": ""VIRTUAL_EXIT"", ""balance_change"": 1.2179663755205385, ""entry_fee_allocation"": 1.2179663755206922, ""exit_fee"": 1.216505692280012, ""gross_pnl"": 2.4344720678005505, ""net_pnl"": -1.5365486660812167e-13, ""price"": 3965.1838249537145, ""quantity"": 0.5113279930110227, ""reason"": ""STOP_FIRST_CONSERVATIVE"", ""reference_price"": 3964.3909467643616, ""sequence"": 5, ""signal_id"": ""13805e51dfbbaac6a5b789c7"", ""slippage_cost"": 0.4054208132640345, ""symbol"": ""ETHUSDT"", ""time"": ""2021-12-20T21:10:00+00:00"", ""trade_entry_allowed"": false}]"
binance_15_5,REFERENCE_SEGMENT_09,D_25_35_40_BE_TP1,13805e51dfbbaac6a5b789c7,ETHUSDT,SHORT,CLOSED,2021-12-19T22:55:00+00:00,2021-12-20T21:10:00+00:00,34.46565631226329,1.5029503014243544,3.225295763476402,1.0751001384673813,0.6817706573480303,22.932,0.07943927033522184,True,"[{""action"": ""VIRTUAL_EXIT"", ""balance_change"": 34.87164510410368, ""entry_fee_allocation"": 0.40598879184023073, ""exit_fee"": 0.3848349038354673, ""gross_pnl"": 35.256480007939146, ""net_pnl"": 34.46565631226345, ""price"": 3763.0924680000003, ""quantity"": 0.17044266433700758, ""reason"": ""TP1"", ""reference_price"": 3762.34, ""sequence"": 3, ""signal_id"": ""13805e51dfbbaac6a5b789c7"", ""slippage_cost"": 0.1282526507483625, ""symbol"": ""ETHUSDT"", ""time"": ""2021-12-20T09:55:00+00:00"", ""trade_entry_allowed"": false}, {""action"": ""VIRTUAL_EXIT"", ""balance_change"": 1.2179663755205385, ""entry_fee_allocation"": 1.2179663755206922, ""exit_fee"": 1.216505692280012, ""gross_pnl"": 2.4344720678005505, ""net_pnl"": -1.5365486660812167e-13, ""price"": 3965.1838249537145, ""quantity"": 0.5113279930110227, ""reason"": ""STOP_FIRST_CONSERVATIVE"", ""reference_price"": 3964.3909467643616, ""sequence"": 5, ""signal_id"": ""13805e51dfbbaac6a5b789c7"", ""slippage_cost"": 0.4054208132640345, ""symbol"": ""ETHUSDT"", ""time"": ""2021-12-20T21:10:00+00:00"", ""trade_entry_allowed"": false}]"
binance_15_5,REFERENCE_SEGMENT_09,A_BE_LATER_CLOSE,13805e51dfbbaac6a5b789c7,ETHUSDT,SHORT,CLOSED,2021-12-19T22:55:00+00:00,2021-12-20T21:10:00+00:00,55.1450500996214,2.404720482278973,3.21289556732168,1.070967566263592,0.6817706573480303,22.932,0.06353678161585084,True,"[{""action"": ""VIRTUAL_EXIT"", ""balance_change"": 55.79463216656589, ""entry_fee_allocation"": 0.6495820669443693, ""exit_fee"": 0.6157358461367476, ""gross_pnl"": 56.41036801270264, ""net_pnl"": 55.14505009962152, ""price"": 3763.0924680000003, ""quantity"": 0.27270826293921213, ""reason"": ""TP1"", ""reference_price"": 3762.34, ""sequence"": 3, ""signal_id"": ""13805e51dfbbaac6a5b789c7"", ""slippage_cost"": 0.20520424119737998, ""symbol"": ""ETHUSDT"", ""time"": ""2021-12-20T09:55:00+00:00"", ""trade_entry_allowed"": false}, {""action"": ""VIRTUAL_EXIT"", ""balance_change"": 0.9743731004164309, ""entry_fee_allocation"": 0.9743731004165537, ""exit_fee"": 0.9732045538240095, ""gross_pnl"": 1.9475776542404404, ""net_pnl"": -1.2279066652354231e-13, ""price"": 3965.1838249537145, ""quantity"": 0.4090623944088182, ""reason"": ""STOP_FIRST_CONSERVATIVE"", ""reference_price"": 3964.3909467643616, ""sequence"": 5, ""signal_id"": ""13805e51dfbbaac6a5b789c7"", ""slippage_cost"": 0.32433665061122763, ""symbol"": ""ETHUSDT"", ""time"": ""2021-12-20T21:10:00+00:00"", ""trade_entry_allowed"": false}]"
binance_15_5,REFERENCE_SEGMENT_09,A_ORIGINAL_SL_UNTIL_TP2,13805e51dfbbaac6a5b789c7,ETHUSDT,SHORT,CLOSED,2021-12-19T22:55:00+00:00,2021-12-21T03:55:00+00:00,41.38585009962152,1.804720482278978,3.2211461369798853,1.073717206221585,0.6817706573480303,22.932,0.07425867700732594,True,"[{""action"": ""VIRTUAL_EXIT"", ""balance_change"": 55.79463216656589, ""entry_fee_allocation"": 0.6495820669443693, ""exit_fee"": 0.6157358461367476, ""gross_pnl"": 56.41036801270264, ""net_pnl"": 55.14505009962152, ""price"": 3763.0924680000003, ""quantity"": 0.27270826293921213, ""reason"": ""TP1"", ""reference_price"": 3762.34, ""sequence"": 3, ""signal_id"": ""13805e51dfbbaac6a5b789c7"", ""slippage_cost"": 0.20520424119737998, ""symbol"": ""ETHUSDT"", ""time"": ""2021-12-20T09:55:00+00:00"", ""trade_entry_allowed"": false}, {""action"": ""VIRTUAL_EXIT"", ""balance_change"": -12.784826899583443, ""entry_fee_allocation"": 0.9743731004165537, ""exit_fee"": 0.9814551234822145, ""gross_pnl"": -11.803371776101228, ""net_pnl"": -13.759199999999996, ""price"": 3998.7996, ""quantity"": 0.4090623944088182, ""reason"": ""STOP_FIRST_CONSERVATIVE"", ""reference_price"": 3998.0, ""sequence"": 4, ""signal_id"": ""13805e51dfbbaac6a5b789c7"", ""slippage_cost"": 0.3270862905692205, ""symbol"": ""ETHUSDT"", ""time"": ""2021-12-21T03:55:00+00:00"", ""trade_entry_allowed"": false}]"
binance_15_5,REFERENCE_SEGMENT_09,A_STRUCTURAL_AFTER_TP1,13805e51dfbbaac6a5b789c7,ETHUSDT,SHORT,CLOSED,2021-12-19T22:55:00+00:00,2021-12-20T10:50:00+00:00,118.66634252497312,5.174705325526475,3.1748056458193705,1.058273464583095,0.6817706573480303,22.932,0.039407454622921265,True,"[{""action"": ""VIRTUAL_EXIT"", ""balance_change"": 55.79463216656589, ""entry_fee_allocation"": 0.6495820669443693, ""exit_fee"": 0.6157358461367476, ""gross_pnl"": 56.41036801270264, ""net_pnl"": 55.14505009962152, ""price"": 3763.0924680000003, ""quantity"": 0.27270826293921213, ""reason"": ""TP1"", ""reference_price"": 3762.34, ""sequence"": 3, ""signal_id"": ""13805e51dfbbaac6a5b789c7"", ""slippage_cost"": 0.20520424119737998, ""symbol"": ""ETHUSDT"", ""time"": ""2021-12-20T09:55:00+00:00"", ""trade_entry_allowed"": false}, {""action"": ""VIRTUAL_EXIT"", ""balance_change"": 64.49566552576816, ""entry_fee_allocation"": 0.9743731004165537, ""exit_fee"": 0.9351146323216998, ""gross_pnl"": 65.43078015808986, ""net_pnl"": 63.521292425351604, ""price"": 3809.991846, ""quantity"": 0.4090623944088182, ""reason"": ""STOP_FIRST_CONSERVATIVE"", ""reference_price"": 3809.23, ""sequence"": 6, ""signal_id"": ""13805e51dfbbaac6a5b789c7"", ""slippage_cost"": 0.31164254893073046, ""symbol"": ""ETHUSDT"", ""time"": ""2021-12-20T10:50:00+00:00"", ""trade_entry_allowed"": false}]"
binance_15_5,REFERENCE_SEGMENT_09,A_40_30_30_BE_TP1,3c18b83161b1150a52905a91,BNBUSDT,SHORT,CLOSED,2022-01-07T16:55:00+00:00,2022-01-07T19:50:00+00:00,5.478537911421407,0.2279409393434677,2.4912659610400962,0.8304223390221984,4.597692730744258,24.034901001992427,0.012180356921630782,True,"[{""action"": ""VIRTUAL_EXIT"", ""balance_change"": 5.977747480094134, ""entry_fee_allocation"": 0.49920956867271465, ""exit_fee"": 0.4953257247498083, ""gross_pnl"": 6.473073204843942, ""net_pnl"": 5.478537911421419, ""price"": 448.88976, ""quantity"": 1.8390770922977033, ""reason"": ""TP1"", ""reference_price"": 448.8, ""sequence"": 3, ""signal_id"": ""3c18b83161b1150a52905a91"", ""slippage_cost"": 0.16507555980466485, ""symbol"": ""BNBUSDT"", ""time"": ""2022-01-07T18:50:00+00:00"", ""trade_entry_allowed"": false}, {""action"": ""VIRTUAL_EXIT"", ""balance_change"": 0.7488143530090597, ""entry_fee_allocation"": 0.748814353009072, ""exit_fee"": 0.7479163146085016, ""gross_pnl"": 1.4967306676175614, ""net_pnl"": -1.2212453270876722e-14, ""price"": 451.86693413951633, ""quantity"": 2.758615638446555, ""reason"": ""STOP_FIRST_CONSERVATIVE"", ""reference_price"": 451.7765788237516, ""sequence"": 5, ""signal_id"": ""3c18b83161b1150a52905a91"", ""slippage_cost"": 0.24925558708534754, ""symbol"": ""BNBUSDT"", ""time"": ""2022-01-07T19:50:00+00:00"", ""trade_entry_allowed"": false}]"
binance_15_5,REFERENCE_SEGMENT_09,B_30_30_40_BE_TP1,3c18b83161b1150a52905a91,BNBUSDT,SHORT,CLOSED,2022-01-07T16:55:00+00:00,2022-01-07T19:50:00+00:00,4.10890343356605,0.1709557045076006,2.492087248954061,0.8306960469185901,4.597692730744258,24.034901001992427,0.012487795474302555,True,"[{""action"": ""VIRTUAL_EXIT"", ""balance_change"": 4.483310610070601, ""entry_fee_allocation"": 0.374407176504536, ""exit_fee"": 0.37149429356235625, ""gross_pnl"": 4.854804903632957, ""net_pnl"": 4.108903433566065, ""price"": 448.88976, ""quantity"": 1.3793078192232775, ""reason"": ""TP1"", ""reference_price"": 448.8, ""sequence"": 3, ""signal_id"": ""3c18b83161b1150a52905a91"", ""slippage_cost"": 0.12380666985349863, ""symbol"": ""BNBUSDT"", ""time"": ""2022-01-07T18:50:00+00:00"", ""trade_entry_allowed"": false}, {""action"": ""VIRTUAL_EXIT"", ""balance_change"": 0.8736167451772365, ""entry_fee_allocation"": 0.8736167451772505, ""exit_fee"": 0.8725690337099183, ""gross_pnl"": 1.7461857788871549, ""net_pnl"": -1.3988810110276972e-14, ""price"": 451.86693413951633, ""quantity"": 3.218384911520981, ""reason"": ""STOP_FIRST_CONSERVATIVE"", ""reference_price"": 451.7765788237516, ""sequence"": 5, ""signal_id"": ""3c18b83161b1150a52905a91"", ""slippage_cost"": 0.29079818493290543, ""symbol"": ""BNBUSDT"", ""time"": ""2022-01-07T19:50:00+00:00"", ""trade_entry_allowed"": false}]"
binance_15_5,REFERENCE_SEGMENT_09,C_25_25_50_BE_TP1,3c18b83161b1150a52905a91,BNBUSDT,SHORT,CLOSED,2022-01-07T16:55:00+00:00,2022-01-07T19:50:00+00:00,3.424086194638372,0.142463087089667,2.4924978929110435,0.8308329008667861,4.597692730744258,24.034901001992427,0.013375351393737706,True,"[{""action"": ""VIRTUAL_EXIT"", ""balance_change"": 3.7360921750588334, ""entry_fee_allocation"": 0.31200598042044664, ""exit_fee"": 0.3095785779686302, ""gross_pnl"": 4.045670753027464, ""net_pnl"": 3.424086194638387, ""price"": 448.88976, ""quantity"": 1.1494231826860646, ""reason"": ""TP1"", ""reference_price"": 448.8, ""sequence"": 3, ""signal_id"": ""3c18b83161b1150a52905a91"", ""slippage_cost"": 0.10317222487791552, ""symbol"": ""BNBUSDT"", ""time"": ""2022-01-07T18:50:00+00:00"", ""trade_entry_allowed"": false}, {""action"": ""VIRTUAL_EXIT"", ""balance_change"": 0.9360179412613249, ""entry_fee_allocation"": 0.9360179412613399, ""exit_fee"": 0.9348953932606269, ""gross_pnl"": 1.8709133345219517, ""net_pnl"": -1.4988010832439613e-14, ""price"": 451.86693413951633, ""quantity"": 3.4482695480581937, ""reason"": ""STOP_FIRST_CONSERVATIVE"", ""reference_price"": 451.7765788237516, ""sequence"": 5, ""signal_id"": ""3c18b83161b1150a52905a91"", ""slippage_cost"": 0.3115694838566844, ""symbol"": ""BNBUSDT"", ""time"": ""2022-01-07T19:50:00+00:00"", ""trade_entry_allowed"": false}]"
binance_15_5,REFERENCE_SEGMENT_09,D_25_35_40_BE_TP1,3c18b83161b1150a52905a91,BNBUSDT,SHORT,CLOSED,2022-01-07T16:55:00+00:00,2022-01-07T19:50:00+00:00,3.424086194638372,0.142463087089667,2.4924978929110435,0.8308329008667861,4.597692730744258,24.034901001992427,0.013375351393737706,True,"[{""action"": ""VIRTUAL_EXIT"", ""balance_change"": 3.7360921750588334, ""entry_fee_allocation"": 0.31200598042044664, ""exit_fee"": 0.3095785779686302, ""gross_pnl"": 4.045670753027464, ""net_pnl"": 3.424086194638387, ""price"": 448.88976, ""quantity"": 1.1494231826860646, ""reason"": ""TP1"", ""reference_price"": 448.8, ""sequence"": 3, ""signal_id"": ""3c18b83161b1150a52905a91"", ""slippage_cost"": 0.10317222487791552, ""symbol"": ""BNBUSDT"", ""time"": ""2022-01-07T18:50:00+00:00"", ""trade_entry_allowed"": false}, {""action"": ""VIRTUAL_EXIT"", ""balance_change"": 0.9360179412613249, ""entry_fee_allocation"": 0.9360179412613399, ""exit_fee"": 0.9348953932606269, ""gross_pnl"": 1.8709133345219517, ""net_pnl"": -1.4988010832439613e-14, ""price"": 451.86693413951633, ""quantity"": 3.4482695480581937, ""reason"": ""STOP_FIRST_CONSERVATIVE"", ""reference_price"": 451.7765788237516, ""sequence"": 5, ""signal_id"": ""3c18b83161b1150a52905a91"", ""slippage_cost"": 0.3115694838566844, ""symbol"": ""BNBUSDT"", ""time"": ""2022-01-07T19:50:00+00:00"", ""trade_entry_allowed"": false}]"
binance_15_5,REFERENCE_SEGMENT_09,A_BE_LATER_CLOSE,3c18b83161b1150a52905a91,BNBUSDT,SHORT,CLOSED,2022-01-07T16:55:00+00:00,2022-01-07T19:50:00+00:00,5.478537911421407,0.2279409393434677,2.4912659610400962,0.8304223390221984,4.597692730744258,24.034901001992427,0.012180356921630782,True,"[{""action"": ""VIRTUAL_EXIT"", ""balance_change"": 5.977747480094134, ""entry_fee_allocation"": 0.49920956867271465, ""exit_fee"": 0.4953257247498083, ""gross_pnl"": 6.473073204843942, ""net_pnl"": 5.478537911421419, ""price"": 448.88976, ""quantity"": 1.8390770922977033, ""reason"": ""TP1"", ""reference_price"": 448.8, ""sequence"": 3, ""signal_id"": ""3c18b83161b1150a52905a91"", ""slippage_cost"": 0.16507555980466485, ""symbol"": ""BNBUSDT"", ""time"": ""2022-01-07T18:50:00+00:00"", ""trade_entry_allowed"": false}, {""action"": ""VIRTUAL_EXIT"", ""balance_change"": 0.7488143530090597, ""entry_fee_allocation"": 0.748814353009072, ""exit_fee"": 0.7479163146085016, ""gross_pnl"": 1.4967306676175614, ""net_pnl"": -1.2212453270876722e-14, ""price"": 451.86693413951633, ""quantity"": 2.758615638446555, ""reason"": ""STOP_FIRST_CONSERVATIVE"", ""reference_price"": 451.7765788237516, ""sequence"": 5, ""signal_id"": ""3c18b83161b1150a52905a91"", ""slippage_cost"": 0.24925558708534754, ""symbol"": ""BNBUSDT"", ""time"": ""2022-01-07T19:50:00+00:00"", ""trade_entry_allowed"": false}]"
binance_15_5,REFERENCE_SEGMENT_09,A_ORIGINAL_SL_UNTIL_TP2,3c18b83161b1150a52905a91,BNBUSDT,SHORT,CLOSED,2022-01-07T16:55:00+00:00,2022-01-08T08:05:00+00:00,-8.942402689774037,-0.37205906065653177,2.4999133369752524,0.8333042212907684,4.597692730744258,24.034901001992427,0.025612315827519105,True,"[{""action"": ""VIRTUAL_EXIT"", ""balance_change"": 5.977747480094134, ""entry_fee_allocation"": 0.49920956867271465, ""exit_fee"": 0.4953257247498083, ""gross_pnl"": 6.473073204843942, ""net_pnl"": 5.478537911421419, ""price"": 448.88976, ""quantity"": 1.8390770922977033, ""reason"": ""TP1"", ""reference_price"": 448.8, ""sequence"": 3, ""signal_id"": ""3c18b83161b1150a52905a91"", ""slippage_cost"": 0.16507555980466485, ""symbol"": ""BNBUSDT"", ""time"": ""2022-01-07T18:50:00+00:00"", ""trade_entry_allowed"": false}, {""action"": ""VIRTUAL_EXIT"", ""balance_change"": -13.672126248186384, ""entry_fee_allocation"": 0.748814353009072, ""exit_fee"": 0.7565636905436576, ""gross_pnl"": -12.915562557642726, ""net_pnl"": -14.420940601195456, ""price"": 457.09139999999996, ""quantity"": 2.758615638446555, ""reason"": ""STOP_FIRST_CONSERVATIVE"", ""reference_price"": 457.0, ""sequence"": 4, ""signal_id"": ""3c18b83161b1150a52905a91"", ""slippage_cost"": 0.2521374693539175, ""symbol"": ""BNBUSDT"", ""time"": ""2022-01-08T08:05:00+00:00"", ""trade_entry_allowed"": false}]"
binance_15_5,REFERENCE_SEGMENT_09,A_STRUCTURAL_AFTER_TP1,3c18b83161b1150a52905a91,BNBUSDT,SHORT,CLOSED,2022-01-07T16:55:00+00:00,2022-01-07T19:35:00+00:00,9.555110485566816,0.39755148085589054,2.4888214841817238,0.8296076763353312,4.597692730744258,24.034901001992427,0.012180356921630782,True,"[{""action"": ""VIRTUAL_EXIT"", ""balance_change"": 5.977747480094134, ""entry_fee_allocation"": 0.49920956867271465, ""exit_fee"": 0.4953257247498083, ""gross_pnl"": 6.473073204843942, ""net_pnl"": 5.478537911421419, ""price"": 448.88976, ""quantity"": 1.8390770922977033, ""reason"": ""TP1"", ""reference_price"": 448.8, ""sequence"": 3, ""signal_id"": ""3c18b83161b1150a52905a91"", ""slippage_cost"": 0.16507555980466485, ""symbol"": ""BNBUSDT"", ""time"": ""2022-01-07T18:50:00+00:00"", ""trade_entry_allowed"": false}, {""action"": ""VIRTUAL_EXIT"", ""balance_change"": 4.825386927154469, ""entry_fee_allocation"": 0.748814353009072, ""exit_fee"": 0.7454718377501292, ""gross_pnl"": 5.570858764904598, ""net_pnl"": 4.076572574145397, ""price"": 450.39006, ""quantity"": 2.758615638446555, ""reason"": ""STOP_FIRST_CONSERVATIVE"", ""reference_price"": 450.3, ""sequence"": 5, ""signal_id"": ""3c18b83161b1150a52905a91"", ""slippage_cost"": 0.24844092439848028, ""symbol"": ""BNBUSDT"", ""time"": ""2022-01-07T19:35:00+00:00"", ""trade_entry_allowed"": false}]"
binance_15_5,REFERENCE_SEGMENT_09,A_40_30_30_BE_TP1,3f07c928a201fdbb1d193bf2,ETHUSDT,SHORT,CLOSED,2022-07-05T16:25:00+00:00,2022-07-05T18:35:00+00:00,-24.144471760220856,-1.0000000000000002,3.5673086184465563,1.1891020972934487,2.692786256177879,24.144471760220853,0.02888082248772095,True,"[{""action"": ""VIRTUAL_EXIT"", ""balance_change"": -22.36699059994011, ""entry_fee_allocation"": 1.7774811602807459, ""exit_fee"": 1.7898274581658105, ""gross_pnl"": -20.5771631417743, ""net_pnl"": -24.144471760220856, ""price"": 1107.791514, ""quantity"": 2.692786256177879, ""reason"": ""STOP_FIRST_CONSERVATIVE"", ""reference_price"": 1107.57, ""sequence"": 3, ""signal_id"": ""3f07c928a201fdbb1d193bf2"", ""slippage_cost"": 0.5964898547511756, ""symbol"": ""ETHUSDT"", ""time"": ""2022-07-05T18:35:00+00:00"", ""trade_entry_allowed"": false}]"
binance_15_5,REFERENCE_SEGMENT_09,B_30_30_40_BE_TP1,3f07c928a201fdbb1d193bf2,ETHUSDT,SHORT,CLOSED,2022-07-05T16:25:00+00:00,2022-07-05T18:35:00+00:00,-24.144471760220856,-1.0000000000000002,3.5673086184465563,1.1891020972934487,2.692786256177879,24.144471760220853,0.02888082248772095,True,"[{""action"": ""VIRTUAL_EXIT"", ""balance_change"": -22.36699059994011, ""entry_fee_allocation"": 1.7774811602807459, ""exit_fee"": 1.7898274581658105, ""gross_pnl"": -20.5771631417743, ""net_pnl"": -24.144471760220856, ""price"": 1107.791514, ""quantity"": 2.692786256177879, ""reason"": ""STOP_FIRST_CONSERVATIVE"", ""reference_price"": 1107.57, ""sequence"": 3, ""signal_id"": ""3f07c928a201fdbb1d193bf2"", ""slippage_cost"": 0.5964898547511756, ""symbol"": ""ETHUSDT"", ""time"": ""2022-07-05T18:35:00+00:00"", ""trade_entry_allowed"": false}]"
binance_15_5,REFERENCE_SEGMENT_09,C_25_25_50_BE_TP1,3f07c928a201fdbb1d193bf2,ETHUSDT,SHORT,CLOSED,2022-07-05T16:25:00+00:00,2022-07-05T18:35:00+00:00,-24.144471760220856,-1.0000000000000002,3.5673086184465563,1.1891020972934487,2.692786256177879,24.144471760220853,0.02888082248772095,True,"[{""action"": ""VIRTUAL_EXIT"", ""balance_change"": -22.36699059994011, ""entry_fee_allocation"": 1.7774811602807459, ""exit_fee"": 1.7898274581658105, ""gross_pnl"": -20.5771631417743, ""net_pnl"": -24.144471760220856, ""price"": 1107.791514, ""quantity"": 2.692786256177879, ""reason"": ""STOP_FIRST_CONSERVATIVE"", ""reference_price"": 1107.57, ""sequence"": 3, ""signal_id"": ""3f07c928a201fdbb1d193bf2"", ""slippage_cost"": 0.5964898547511756, ""symbol"": ""ETHUSDT"", ""time"": ""2022-07-05T18:35:00+00:00"", ""trade_entry_allowed"": false}]"
binance_15_5,REFERENCE_SEGMENT_09,D_25_35_40_BE_TP1,3f07c928a201fdbb1d193bf2,ETHUSDT,SHORT,CLOSED,2022-07-05T16:25:00+00:00,2022-07-05T18:35:00+00:00,-24.144471760220856,-1.0000000000000002,3.5673086184465563,1.1891020972934487,2.692786256177879,24.144471760220853,0.02888082248772095,True,"[{""action"": ""VIRTUAL_EXIT"", ""balance_change"": -22.36699059994011, ""entry_fee_allocation"": 1.7774811602807459, ""exit_fee"": 1.7898274581658105, ""gross_pnl"": -20.5771631417743, ""net_pnl"": -24.144471760220856, ""price"": 1107.791514, ""quantity"": 2.692786256177879, ""reason"": ""STOP_FIRST_CONSERVATIVE"", ""reference_price"": 1107.57, ""sequence"": 3, ""signal_id"": ""3f07c928a201fdbb1d193bf2"", ""slippage_cost"": 0.5964898547511756, ""symbol"": ""ETHUSDT"", ""time"": ""2022-07-05T18:35:00+00:00"", ""trade_entry_allowed"": false}]"
binance_15_5,REFERENCE_SEGMENT_09,A_BE_LATER_CLOSE,3f07c928a201fdbb1d193bf2,ETHUSDT,SHORT,CLOSED,2022-07-05T16:25:00+00:00,2022-07-05T18:35:00+00:00,-24.144471760220856,-1.0000000000000002,3.5673086184465563,1.1891020972934487,2.692786256177879,24.144471760220853,0.02888082248772095,True,"[{""action"": ""VIRTUAL_EXIT"", ""balance_change"": -22.36699059994011, ""entry_fee_allocation"": 1.7774811602807459, ""exit_fee"": 1.7898274581658105, ""gross_pnl"": -20.5771631417743, ""net_pnl"": -24.144471760220856, ""price"": 1107.791514, ""quantity"": 2.692786256177879, ""reason"": ""STOP_FIRST_CONSERVATIVE"", ""reference_price"": 1107.57, ""sequence"": 3, ""signal_id"": ""3f07c928a201fdbb1d193bf2"", ""slippage_cost"": 0.5964898547511756, ""symbol"": ""ETHUSDT"", ""time"": ""2022-07-05T18:35:00+00:00"", ""trade_entry_allowed"": false}]"
binance_15_5,REFERENCE_SEGMENT_09,A_ORIGINAL_SL_UNTIL_TP2,3f07c928a201fdbb1d193bf2,ETHUSDT,SHORT,CLOSED,2022-07-05T16:25:00+00:00,2022-07-05T18:35:00+00:00,-24.144471760220856,-1.0000000000000002,3.5673086184465563,1.1891020972934487,2.692786256177879,24.144471760220853,0.02888082248772095,True,"[{""action"": ""VIRTUAL_EXIT"", ""balance_change"": -22.36699059994011, ""entry_fee_allocation"": 1.7774811602807459, ""exit_fee"": 1.7898274581658105, ""gross_pnl"": -20.5771631417743, ""net_pnl"": -24.144471760220856, ""price"": 1107.791514, ""quantity"": 2.692786256177879, ""reason"": ""STOP_FIRST_CONSERVATIVE"", ""reference_price"": 1107.57, ""sequence"": 3, ""signal_id"": ""3f07c928a201fdbb1d193bf2"", ""slippage_cost"": 0.5964898547511756, ""symbol"": ""ETHUSDT"", ""time"": ""2022-07-05T18:35:00+00:00"", ""trade_entry_allowed"": false}]"
binance_15_5,REFERENCE_SEGMENT_09,A_STRUCTURAL_AFTER_TP1,3f07c928a201fdbb1d193bf2,ETHUSDT,SHORT,CLOSED,2022-07-05T16:25:00+00:00,2022-07-05T18:35:00+00:00,-24.144471760220856,-1.0000000000000002,3.5673086184465563,1.1891020972934487,2.692786256177879,24.144471760220853,0.02888082248772095,True,"[{""action"": ""VIRTUAL_EXIT"", ""balance_change"": -22.36699059994011, ""entry_fee_allocation"": 1.7774811602807459, ""exit_fee"": 1.7898274581658105, ""gross_pnl"": -20.5771631417743, ""net_pnl"": -24.144471760220856, ""price"": 1107.791514, ""quantity"": 2.692786256177879, ""reason"": ""STOP_FIRST_CONSERVATIVE"", ""reference_price"": 1107.57, ""sequence"": 3, ""signal_id"": ""3f07c928a201fdbb1d193bf2"", ""slippage_cost"": 0.5964898547511756, ""symbol"": ""ETHUSDT"", ""time"": ""2022-07-05T18:35:00+00:00"", ""trade_entry_allowed"": false}]"
binance_15_5,REFERENCE_SEGMENT_09,A_40_30_30_BE_TP1,6313bb8636d83f1a325ef6cb,ADAUSDT,SHORT,CLOSED,2022-09-22T23:10:00+00:00,2022-09-23T03:10:00+00:00,-23.661582325016436,-1.0,3.6241929717003165,1.2080635707269956,6492.87095951346,23.661582325016436,0.06918921487364244,True,"[{""action"": ""VIRTUAL_EXIT"", ""balance_change"": -21.855497055972272, ""entry_fee_allocation"": 1.8060852690441633, ""exit_fee"": 1.818107702656153, ""gross_pnl"": -20.03738935331612, ""net_pnl"": -23.661582325016436, ""price"": 0.46669332, ""quantity"": 6492.87095951346, ""reason"": ""STOP_FIRST_CONSERVATIVE"", ""reference_price"": 0.4666, ""sequence"": 3, ""signal_id"": ""6313bb8636d83f1a325ef6cb"", ""slippage_cost"": 0.6059147179418469, ""symbol"": ""ADAUSDT"", ""time"": ""2022-09-23T03:10:00+00:00"", ""trade_entry_allowed"": false}]"
binance_15_5,REFERENCE_SEGMENT_09,B_30_30_40_BE_TP1,6313bb8636d83f1a325ef6cb,ADAUSDT,SHORT,CLOSED,2022-09-22T23:10:00+00:00,2022-09-23T03:10:00+00:00,-23.661582325016436,-1.0,3.6241929717003165,1.2080635707269956,6492.87095951346,23.661582325016436,0.06918921487364244,True,"[{""action"": ""VIRTUAL_EXIT"", ""balance_change"": -21.855497055972272, ""entry_fee_allocation"": 1.8060852690441633, ""exit_fee"": 1.818107702656153, ""gross_pnl"": -20.03738935331612, ""net_pnl"": -23.661582325016436, ""price"": 0.46669332, ""quantity"": 6492.87095951346, ""reason"": ""STOP_FIRST_CONSERVATIVE"", ""reference_price"": 0.4666, ""sequence"": 3, ""signal_id"": ""6313bb8636d83f1a325ef6cb"", ""slippage_cost"": 0.6059147179418469, ""symbol"": ""ADAUSDT"", ""time"": ""2022-09-23T03:10:00+00:00"", ""trade_entry_allowed"": false}]"
binance_15_5,REFERENCE_SEGMENT_09,C_25_25_50_BE_TP1,6313bb8636d83f1a325ef6cb,ADAUSDT,SHORT,CLOSED,2022-09-22T23:10:00+00:00,2022-09-23T03:10:00+00:00,-23.661582325016436,-1.0,3.6241929717003165,1.2080635707269956,6492.87095951346,23.661582325016436,0.06918921487364244,True,"[{""action"": ""VIRTUAL_EXIT"", ""balance_change"": -21.855497055972272, ""entry_fee_allocation"": 1.8060852690441633, ""exit_fee"": 1.818107702656153, ""gross_pnl"": -20.03738935331612, ""net_pnl"": -23.661582325016436, ""price"": 0.46669332, ""quantity"": 6492.87095951346, ""reason"": ""STOP_FIRST_CONSERVATIVE"", ""reference_price"": 0.4666, ""sequence"": 3, ""signal_id"": ""6313bb8636d83f1a325ef6cb"", ""slippage_cost"": 0.6059147179418469, ""symbol"": ""ADAUSDT"", ""time"": ""2022-09-23T03:10:00+00:00"", ""trade_entry_allowed"": false}]"
binance_15_5,REFERENCE_SEGMENT_09,D_25_35_40_BE_TP1,6313bb8636d83f1a325ef6cb,ADAUSDT,SHORT,CLOSED,2022-09-22T23:10:00+00:00,2022-09-23T03:10:00+00:00,-23.661582325016436,-1.0,3.6241929717003165,1.2080635707269956,6492.87095951346,23.661582325016436,0.06918921487364244,True,"[{""action"": ""VIRTUAL_EXIT"", ""balance_change"": -21.855497055972272, ""entry_fee_allocation"": 1.8060852690441633, ""exit_fee"": 1.818107702656153, ""gross_pnl"": -20.03738935331612, ""net_pnl"": -23.661582325016436, ""price"": 0.46669332, ""quantity"": 6492.87095951346, ""reason"": ""STOP_FIRST_CONSERVATIVE"", ""reference_price"": 0.4666, ""sequence"": 3, ""signal_id"": ""6313bb8636d83f1a325ef6cb"", ""slippage_cost"": 0.6059147179418469, ""symbol"": ""ADAUSDT"", ""time"": ""2022-09-23T03:10:00+00:00"", ""trade_entry_allowed"": false}]"
binance_15_5,REFERENCE_SEGMENT_09,A_BE_LATER_CLOSE,6313bb8636d83f1a325ef6cb,ADAUSDT,SHORT,CLOSED,2022-09-22T23:10:00+00:00,2022-09-23T03:10:00+00:00,-23.661582325016436,-1.0,3.6241929717003165,1.2080635707269956,6492.87095951346,23.661582325016436,0.06918921487364244,True,"[{""action"": ""VIRTUAL_EXIT"", ""balance_change"": -21.855497055972272, ""entry_fee_allocation"": 1.8060852690441633, ""exit_fee"": 1.818107702656153, ""gross_pnl"": -20.03738935331612, ""net_pnl"": -23.661582325016436, ""price"": 0.46669332, ""quantity"": 6492.87095951346, ""reason"": ""STOP_FIRST_CONSERVATIVE"", ""reference_price"": 0.4666, ""sequence"": 3, ""signal_id"": ""6313bb8636d83f1a325ef6cb"", ""slippage_cost"": 0.6059147179418469, ""symbol"": ""ADAUSDT"", ""time"": ""2022-09-23T03:10:00+00:00"", ""trade_entry_allowed"": false}]"
binance_15_5,REFERENCE_SEGMENT_09,A_ORIGINAL_SL_UNTIL_TP2,6313bb8636d83f1a325ef6cb,ADAUSDT,SHORT,CLOSED,2022-09-22T23:10:00+00:00,2022-09-23T03:10:00+00:00,-23.661582325016436,-1.0,3.6241929717003165,1.2080635707269956,6492.87095951346,23.661582325016436,0.06918921487364244,True,"[{""action"": ""VIRTUAL_EXIT"", ""balance_change"": -21.855497055972272, ""entry_fee_allocation"": 1.8060852690441633, ""exit_fee"": 1.818107702656153, ""gross_pnl"": -20.03738935331612, ""net_pnl"": -23.661582325016436, ""price"": 0.46669332, ""quantity"": 6492.87095951346, ""reason"": ""STOP_FIRST_CONSERVATIVE"", ""reference_price"": 0.4666, ""sequence"": 3, ""signal_id"": ""6313bb8636d83f1a325ef6cb"", ""slippage_cost"": 0.6059147179418469, ""symbol"": ""ADAUSDT"", ""time"": ""2022-09-23T03:10:00+00:00"", ""trade_entry_allowed"": false}]"
binance_15_5,REFERENCE_SEGMENT_09,A_STRUCTURAL_AFTER_TP1,6313bb8636d83f1a325ef6cb,ADAUSDT,SHORT,CLOSED,2022-09-22T23:10:00+00:00,2022-09-23T03:10:00+00:00,-23.661582325016436,-1.0,3.6241929717003165,1.2080635707269956,6492.87095951346,23.661582325016436,0.06918921487364244,True,"[{""action"": ""VIRTUAL_EXIT"", ""balance_change"": -21.855497055972272, ""entry_fee_allocation"": 1.8060852690441633, ""exit_fee"": 1.818107702656153, ""gross_pnl"": -20.03738935331612, ""net_pnl"": -23.661582325016436, ""price"": 0.46669332, ""quantity"": 6492.87095951346, ""reason"": ""STOP_FIRST_CONSERVATIVE"", ""reference_price"": 0.4666, ""sequence"": 3, ""signal_id"": ""6313bb8636d83f1a325ef6cb"", ""slippage_cost"": 0.6059147179418469, ""symbol"": ""ADAUSDT"", ""time"": ""2022-09-23T03:10:00+00:00"", ""trade_entry_allowed"": false}]"
binance_15_5,REFERENCE_SEGMENT_09,A_40_30_30_BE_TP1,935a1f1b77c7038c3baf87fc,SOLUSDT,LONG,CLOSED,2022-10-27T20:20:00+00:00,2022-10-27T20:25:00+00:00,-23.18835067851611,-1.0000000000000002,4.0997237561692454,1.366573876507248,111.24954831035414,23.188350678516105,0.01999999999999984,True,"[{""action"": ""VIRTUAL_EXIT"", ""balance_change"": -21.13276221235478, ""entry_fee_allocation"": 2.055588466161327, ""exit_fee"": 2.044135290007919, ""gross_pnl"": -19.08862692234686, ""net_pnl"": -23.18835067851611, ""price"": 30.623874, ""quantity"": 111.24954831035414, ""reason"": ""STOP_FIRST_CONSERVATIVE"", ""reference_price"": 30.63, ""sequence"": 3, ""signal_id"": ""935a1f1b77c7038c3baf87fc"", ""slippage_cost"": 0.6815147329490403, ""symbol"": ""SOLUSDT"", ""time"": ""2022-10-27T20:25:00+00:00"", ""trade_entry_allowed"": false}]"
binance_15_5,REFERENCE_SEGMENT_09,B_30_30_40_BE_TP1,935a1f1b77c7038c3baf87fc,SOLUSDT,LONG,CLOSED,2022-10-27T20:20:00+00:00,2022-10-27T20:25:00+00:00,-23.18835067851611,-1.0000000000000002,4.0997237561692454,1.366573876507248,111.24954831035414,23.188350678516105,0.01999999999999984,True,"[{""action"": ""VIRTUAL_EXIT"", ""balance_change"": -21.13276221235478, ""entry_fee_allocation"": 2.055588466161327, ""exit_fee"": 2.044135290007919, ""gross_pnl"": -19.08862692234686, ""net_pnl"": -23.18835067851611, ""price"": 30.623874, ""quantity"": 111.24954831035414, ""reason"": ""STOP_FIRST_CONSERVATIVE"", ""reference_price"": 30.63, ""sequence"": 3, ""signal_id"": ""935a1f1b77c7038c3baf87fc"", ""slippage_cost"": 0.6815147329490403, ""symbol"": ""SOLUSDT"", ""time"": ""2022-10-27T20:25:00+00:00"", ""trade_entry_allowed"": false}]"
binance_15_5,REFERENCE_SEGMENT_09,C_25_25_50_BE_TP1,935a1f1b77c7038c3baf87fc,SOLUSDT,LONG,CLOSED,2022-10-27T20:20:00+00:00,2022-10-27T20:25:00+00:00,-23.18835067851611,-1.0000000000000002,4.0997237561692454,1.366573876507248,111.24954831035414,23.188350678516105,0.01999999999999984,True,"[{""action"": ""VIRTUAL_EXIT"", ""balance_change"": -21.13276221235478, ""entry_fee_allocation"": 2.055588466161327, ""exit_fee"": 2.044135290007919, ""gross_pnl"": -19.08862692234686, ""net_pnl"": -23.18835067851611, ""price"": 30.623874, ""quantity"": 111.24954831035414, ""reason"": ""STOP_FIRST_CONSERVATIVE"", ""reference_price"": 30.63, ""sequence"": 3, ""signal_id"": ""935a1f1b77c7038c3baf87fc"", ""slippage_cost"": 0.6815147329490403, ""symbol"": ""SOLUSDT"", ""time"": ""2022-10-27T20:25:00+00:00"", ""trade_entry_allowed"": false}]"
binance_15_5,REFERENCE_SEGMENT_09,D_25_35_40_BE_TP1,935a1f1b77c7038c3baf87fc,SOLUSDT,LONG,CLOSED,2022-10-27T20:20:00+00:00,2022-10-27T20:25:00+00:00,-23.18835067851611,-1.0000000000000002,4.0997237561692454,1.366573876507248,111.24954831035414,23.188350678516105,0.01999999999999984,True,"[{""action"": ""VIRTUAL_EXIT"", ""balance_change"": -21.13276221235478, ""entry_fee_allocation"": 2.055588466161327, ""exit_fee"": 2.044135290007919, ""gross_pnl"": -19.08862692234686, ""net_pnl"": -23.18835067851611, ""price"": 30.623874, ""quantity"": 111.24954831035414, ""reason"": ""STOP_FIRST_CONSERVATIVE"", ""reference_price"": 30.63, ""sequence"": 3, ""signal_id"": ""935a1f1b77c7038c3baf87fc"", ""slippage_cost"": 0.6815147329490403, ""symbol"": ""SOLUSDT"", ""time"": ""2022-10-27T20:25:00+00:00"", ""trade_entry_allowed"": false}]"
binance_15_5,REFERENCE_SEGMENT_09,A_BE_LATER_CLOSE,935a1f1b77c7038c3baf87fc,SOLUSDT,LONG,CLOSED,2022-10-27T20:20:00+00:00,2022-10-27T20:25:00+00:00,-23.18835067851611,-1.0000000000000002,4.0997237561692454,1.366573876507248,111.24954831035414,23.188350678516105,0.01999999999999984,True,"[{""action"": ""VIRTUAL_EXIT"", ""balance_change"": -21.13276221235478, ""entry_fee_allocation"": 2.055588466161327, ""exit_fee"": 2.044135290007919, ""gross_pnl"": -19.08862692234686, ""net_pnl"": -23.18835067851611, ""price"": 30.623874, ""quantity"": 111.24954831035414, ""reason"": ""STOP_FIRST_CONSERVATIVE"", ""reference_price"": 30.63, ""sequence"": 3, ""signal_id"": ""935a1f1b77c7038c3baf87fc"", ""slippage_cost"": 0.6815147329490403, ""symbol"": ""SOLUSDT"", ""time"": ""2022-10-27T20:25:00+00:00"", ""trade_entry_allowed"": false}]"
binance_15_5,REFERENCE_SEGMENT_09,A_ORIGINAL_SL_UNTIL_TP2,935a1f1b77c7038c3baf87fc,SOLUSDT,LONG,CLOSED,2022-10-27T20:20:00+00:00,2022-10-27T20:25:00+00:00,-23.18835067851611,-1.0000000000000002,4.0997237561692454,1.366573876507248,111.24954831035414,23.188350678516105,0.01999999999999984,True,"[{""action"": ""VIRTUAL_EXIT"", ""balance_change"": -21.13276221235478, ""entry_fee_allocation"": 2.055588466161327, ""exit_fee"": 2.044135290007919, ""gross_pnl"": -19.08862692234686, ""net_pnl"": -23.18835067851611, ""price"": 30.623874, ""quantity"": 111.24954831035414, ""reason"": ""STOP_FIRST_CONSERVATIVE"", ""reference_price"": 30.63, ""sequence"": 3, ""signal_id"": ""935a1f1b77c7038c3baf87fc"", ""slippage_cost"": 0.6815147329490403, ""symbol"": ""SOLUSDT"", ""time"": ""2022-10-27T20:25:00+00:00"", ""trade_entry_allowed"": false}]"
binance_15_5,REFERENCE_SEGMENT_09,A_STRUCTURAL_AFTER_TP1,935a1f1b77c7038c3baf87fc,SOLUSDT,LONG,CLOSED,2022-10-27T20:20:00+00:00,2022-10-27T20:25:00+00:00,-23.18835067851611,-1.0000000000000002,4.0997237561692454,1.366573876507248,111.24954831035414,23.188350678516105,0.01999999999999984,True,"[{""action"": ""VIRTUAL_EXIT"", ""balance_change"": -21.13276221235478, ""entry_fee_allocation"": 2.055588466161327, ""exit_fee"": 2.044135290007919, ""gross_pnl"": -19.08862692234686, ""net_pnl"": -23.18835067851611, ""price"": 30.623874, ""quantity"": 111.24954831035414, ""reason"": ""STOP_FIRST_CONSERVATIVE"", ""reference_price"": 30.63, ""sequence"": 3, ""signal_id"": ""935a1f1b77c7038c3baf87fc"", ""slippage_cost"": 0.6815147329490403, ""symbol"": ""SOLUSDT"", ""time"": ""2022-10-27T20:25:00+00:00"", ""trade_entry_allowed"": false}]"
binance_15_5,VALIDATION_SEGMENT_10,A_40_30_30_BE_TP1,828118799494b9a217c41ed4,SOLUSDT,SHORT,CLOSED,2024-08-06T04:35:00+00:00,2024-08-06T05:00:00+00:00,-23.400000000000006,-1.0000000000000002,3.223003543984756,1.0743337505551254,19.102662705460123,23.400000000000002,0.02299788800057306,True,"[{""action"": ""VIRTUAL_EXIT"", ""balance_change"": -21.794551326944433, ""entry_fee_allocation"": 1.6054486730555735, ""exit_fee"": 1.6175548709291827, ""gross_pnl"": -20.17699645601525, ""net_pnl"": -23.400000000000006, ""price"": 141.12822, ""quantity"": 19.102662705460123, ""reason"": ""STOP_FIRST_CONSERVATIVE"", ""reference_price"": 141.1, ""sequence"": 3, ""signal_id"": ""828118799494b9a217c41ed4"", ""slippage_cost"": 0.5390771415481721, ""symbol"": ""SOLUSDT"", ""time"": ""2024-08-06T05:00:00+00:00"", ""trade_entry_allowed"": false}]"
binance_15_5,VALIDATION_SEGMENT_10,B_30_30_40_BE_TP1,828118799494b9a217c41ed4,SOLUSDT,SHORT,CLOSED,2024-08-06T04:35:00+00:00,2024-08-06T05:00:00+00:00,-23.400000000000006,-1.0000000000000002,3.223003543984756,1.0743337505551254,19.102662705460123,23.400000000000002,0.02299788800057306,True,"[{""action"": ""VIRTUAL_EXIT"", ""balance_change"": -21.794551326944433, ""entry_fee_allocation"": 1.6054486730555735, ""exit_fee"": 1.6175548709291827, ""gross_pnl"": -20.17699645601525, ""net_pnl"": -23.400000000000006, ""price"": 141.12822, ""quantity"": 19.102662705460123, ""reason"": ""STOP_FIRST_CONSERVATIVE"", ""reference_price"": 141.1, ""sequence"": 3, ""signal_id"": ""828118799494b9a217c41ed4"", ""slippage_cost"": 0.5390771415481721, ""symbol"": ""SOLUSDT"", ""time"": ""2024-08-06T05:00:00+00:00"", ""trade_entry_allowed"": false}]"
binance_15_5,VALIDATION_SEGMENT_10,C_25_25_50_BE_TP1,828118799494b9a217c41ed4,SOLUSDT,SHORT,CLOSED,2024-08-06T04:35:00+00:00,2024-08-06T05:00:00+00:00,-23.400000000000006,-1.0000000000000002,3.223003543984756,1.0743337505551254,19.102662705460123,23.400000000000002,0.02299788800057306,True,"[{""action"": ""VIRTUAL_EXIT"", ""balance_change"": -21.794551326944433, ""entry_fee_allocation"": 1.6054486730555735, ""exit_fee"": 1.6175548709291827, ""gross_pnl"": -20.17699645601525, ""net_pnl"": -23.400000000000006, ""price"": 141.12822, ""quantity"": 19.102662705460123, ""reason"": ""STOP_FIRST_CONSERVATIVE"", ""reference_price"": 141.1, ""sequence"": 3, ""signal_id"": ""828118799494b9a217c41ed4"", ""slippage_cost"": 0.5390771415481721, ""symbol"": ""SOLUSDT"", ""time"": ""2024-08-06T05:00:00+00:00"", ""trade_entry_allowed"": false}]"
binance_15_5,VALIDATION_SEGMENT_10,D_25_35_40_BE_TP1,828118799494b9a217c41ed4,SOLUSDT,SHORT,CLOSED,2024-08-06T04:35:00+00:00,2024-08-06T05:00:00+00:00,-23.400000000000006,-1.0000000000000002,3.223003543984756,1.0743337505551254,19.102662705460123,23.400000000000002,0.02299788800057306,True,"[{""action"": ""VIRTUAL_EXIT"", ""balance_change"": -21.794551326944433, ""entry_fee_allocation"": 1.6054486730555735, ""exit_fee"": 1.6175548709291827, ""gross_pnl"": -20.17699645601525, ""net_pnl"": -23.400000000000006, ""price"": 141.12822, ""quantity"": 19.102662705460123, ""reason"": ""STOP_FIRST_CONSERVATIVE"", ""reference_price"": 141.1, ""sequence"": 3, ""signal_id"": ""828118799494b9a217c41ed4"", ""slippage_cost"": 0.5390771415481721, ""symbol"": ""SOLUSDT"", ""time"": ""2024-08-06T05:00:00+00:00"", ""trade_entry_allowed"": false}]"
binance_15_5,VALIDATION_SEGMENT_10,A_BE_LATER_CLOSE,828118799494b9a217c41ed4,SOLUSDT,SHORT,CLOSED,2024-08-06T04:35:00+00:00,2024-08-06T05:00:00+00:00,-23.400000000000006,-1.0000000000000002,3.223003543984756,1.0743337505551254,19.102662705460123,23.400000000000002,0.02299788800057306,True,"[{""action"": ""VIRTUAL_EXIT"", ""balance_change"": -21.794551326944433, ""entry_fee_allocation"": 1.6054486730555735, ""exit_fee"": 1.6175548709291827, ""gross_pnl"": -20.17699645601525, ""net_pnl"": -23.400000000000006, ""price"": 141.12822, ""quantity"": 19.102662705460123, ""reason"": ""STOP_FIRST_CONSERVATIVE"", ""reference_price"": 141.1, ""sequence"": 3, ""signal_id"": ""828118799494b9a217c41ed4"", ""slippage_cost"": 0.5390771415481721, ""symbol"": ""SOLUSDT"", ""time"": ""2024-08-06T05:00:00+00:00"", ""trade_entry_allowed"": false}]"
binance_15_5,VALIDATION_SEGMENT_10,A_ORIGINAL_SL_UNTIL_TP2,828118799494b9a217c41ed4,SOLUSDT,SHORT,CLOSED,2024-08-06T04:35:00+00:00,2024-08-06T05:00:00+00:00,-23.400000000000006,-1.0000000000000002,3.223003543984756,1.0743337505551254,19.102662705460123,23.400000000000002,0.02299788800057306,True,"[{""action"": ""VIRTUAL_EXIT"", ""balance_change"": -21.794551326944433, ""entry_fee_allocation"": 1.6054486730555735, ""exit_fee"": 1.6175548709291827, ""gross_pnl"": -20.17699645601525, ""net_pnl"": -23.400000000000006, ""price"": 141.12822, ""quantity"": 19.102662705460123, ""reason"": ""STOP_FIRST_CONSERVATIVE"", ""reference_price"": 141.1, ""sequence"": 3, ""signal_id"": ""828118799494b9a217c41ed4"", ""slippage_cost"": 0.5390771415481721, ""symbol"": ""SOLUSDT"", ""time"": ""2024-08-06T05:00:00+00:00"", ""trade_entry_allowed"": false}]"
binance_15_5,VALIDATION_SEGMENT_10,A_STRUCTURAL_AFTER_TP1,828118799494b9a217c41ed4,SOLUSDT,SHORT,CLOSED,2024-08-06T04:35:00+00:00,2024-08-06T05:00:00+00:00,-23.400000000000006,-1.0000000000000002,3.223003543984756,1.0743337505551254,19.102662705460123,23.400000000000002,0.02299788800057306,True,"[{""action"": ""VIRTUAL_EXIT"", ""balance_change"": -21.794551326944433, ""entry_fee_allocation"": 1.6054486730555735, ""exit_fee"": 1.6175548709291827, ""gross_pnl"": -20.17699645601525, ""net_pnl"": -23.400000000000006, ""price"": 141.12822, ""quantity"": 19.102662705460123, ""reason"": ""STOP_FIRST_CONSERVATIVE"", ""reference_price"": 141.1, ""sequence"": 3, ""signal_id"": ""828118799494b9a217c41ed4"", ""slippage_cost"": 0.5390771415481721, ""symbol"": ""SOLUSDT"", ""time"": ""2024-08-06T05:00:00+00:00"", ""trade_entry_allowed"": false}]"
binance_15_5,VALIDATION_SEGMENT_10,A_40_30_30_BE_TP1,9ad7b1ce48b87c6370db1829,BTCUSDT,SHORT,CLOSED,2024-08-12T07:45:00+00:00,2024-08-12T11:10:00+00:00,-22.932,-1.0,3.515605483933978,1.171867764863299,0.04951708865947242,22.932,0.05097508053683202,True,"[{""action"": ""VIRTUAL_EXIT"", ""balance_change"": -21.18002217638783, ""entry_fee_allocation"": 1.7519778236121692, ""exit_fee"": 1.763627660321809, ""gross_pnl"": -19.41639451606602, ""net_pnl"": -22.932, ""price"": 59360.909808, ""quantity"": 0.04951708865947242, ""reason"": ""STOP_FIRST_CONSERVATIVE"", ""reference_price"": 59349.04, ""sequence"": 3, ""signal_id"": ""9ad7b1ce48b87c6370db1829"", ""slippage_cost"": 0.5877583351067085, ""symbol"": ""BTCUSDT"", ""time"": ""2024-08-12T11:10:00+00:00"", ""trade_entry_allowed"": false}]"
binance_15_5,VALIDATION_SEGMENT_10,B_30_30_40_BE_TP1,9ad7b1ce48b87c6370db1829,BTCUSDT,SHORT,CLOSED,2024-08-12T07:45:00+00:00,2024-08-12T11:10:00+00:00,-22.932,-1.0,3.515605483933978,1.171867764863299,0.04951708865947242,22.932,0.05097508053683202,True,"[{""action"": ""VIRTUAL_EXIT"", ""balance_change"": -21.18002217638783, ""entry_fee_allocation"": 1.7519778236121692, ""exit_fee"": 1.763627660321809, ""gross_pnl"": -19.41639451606602, ""net_pnl"": -22.932, ""price"": 59360.909808, ""quantity"": 0.04951708865947242, ""reason"": ""STOP_FIRST_CONSERVATIVE"", ""reference_price"": 59349.04, ""sequence"": 3, ""signal_id"": ""9ad7b1ce48b87c6370db1829"", ""slippage_cost"": 0.5877583351067085, ""symbol"": ""BTCUSDT"", ""time"": ""2024-08-12T11:10:00+00:00"", ""trade_entry_allowed"": false}]"
binance_15_5,VALIDATION_SEGMENT_10,C_25_25_50_BE_TP1,9ad7b1ce48b87c6370db1829,BTCUSDT,SHORT,CLOSED,2024-08-12T07:45:00+00:00,2024-08-12T11:10:00+00:00,-22.932,-1.0,3.515605483933978,1.171867764863299,0.04951708865947242,22.932,0.05097508053683202,True,"[{""action"": ""VIRTUAL_EXIT"", ""balance_change"": -21.18002217638783, ""entry_fee_allocation"": 1.7519778236121692, ""exit_fee"": 1.763627660321809, ""gross_pnl"": -19.41639451606602, ""net_pnl"": -22.932, ""price"": 59360.909808, ""quantity"": 0.04951708865947242, ""reason"": ""STOP_FIRST_CONSERVATIVE"", ""reference_price"": 59349.04, ""sequence"": 3, ""signal_id"": ""9ad7b1ce48b87c6370db1829"", ""slippage_cost"": 0.5877583351067085, ""symbol"": ""BTCUSDT"", ""time"": ""2024-08-12T11:10:00+00:00"", ""trade_entry_allowed"": false}]"
binance_15_5,VALIDATION_SEGMENT_10,D_25_35_40_BE_TP1,9ad7b1ce48b87c6370db1829,BTCUSDT,SHORT,CLOSED,2024-08-12T07:45:00+00:00,2024-08-12T11:10:00+00:00,-22.932,-1.0,3.515605483933978,1.171867764863299,0.04951708865947242,22.932,0.05097508053683202,True,"[{""action"": ""VIRTUAL_EXIT"", ""balance_change"": -21.18002217638783, ""entry_fee_allocation"": 1.7519778236121692, ""exit_fee"": 1.763627660321809, ""gross_pnl"": -19.41639451606602, ""net_pnl"": -22.932, ""price"": 59360.909808, ""quantity"": 0.04951708865947242, ""reason"": ""STOP_FIRST_CONSERVATIVE"", ""reference_price"": 59349.04, ""sequence"": 3, ""signal_id"": ""9ad7b1ce48b87c6370db1829"", ""slippage_cost"": 0.5877583351067085, ""symbol"": ""BTCUSDT"", ""time"": ""2024-08-12T11:10:00+00:00"", ""trade_entry_allowed"": false}]"
binance_15_5,VALIDATION_SEGMENT_10,A_BE_LATER_CLOSE,9ad7b1ce48b87c6370db1829,BTCUSDT,SHORT,CLOSED,2024-08-12T07:45:00+00:00,2024-08-12T11:10:00+00:00,-22.932,-1.0,3.515605483933978,1.171867764863299,0.04951708865947242,22.932,0.05097508053683202,True,"[{""action"": ""VIRTUAL_EXIT"", ""balance_change"": -21.18002217638783, ""entry_fee_allocation"": 1.7519778236121692, ""exit_fee"": 1.763627660321809, ""gross_pnl"": -19.41639451606602, ""net_pnl"": -22.932, ""price"": 59360.909808, ""quantity"": 0.04951708865947242, ""reason"": ""STOP_FIRST_CONSERVATIVE"", ""reference_price"": 59349.04, ""sequence"": 3, ""signal_id"": ""9ad7b1ce48b87c6370db1829"", ""slippage_cost"": 0.5877583351067085, ""symbol"": ""BTCUSDT"", ""time"": ""2024-08-12T11:10:00+00:00"", ""trade_entry_allowed"": false}]"
binance_15_5,VALIDATION_SEGMENT_10,A_ORIGINAL_SL_UNTIL_TP2,9ad7b1ce48b87c6370db1829,BTCUSDT,SHORT,CLOSED,2024-08-12T07:45:00+00:00,2024-08-12T11:10:00+00:00,-22.932,-1.0,3.515605483933978,1.171867764863299,0.04951708865947242,22.932,0.05097508053683202,True,"[{""action"": ""VIRTUAL_EXIT"", ""balance_change"": -21.18002217638783, ""entry_fee_allocation"": 1.7519778236121692, ""exit_fee"": 1.763627660321809, ""gross_pnl"": -19.41639451606602, ""net_pnl"": -22.932, ""price"": 59360.909808, ""quantity"": 0.04951708865947242, ""reason"": ""STOP_FIRST_CONSERVATIVE"", ""reference_price"": 59349.04, ""sequence"": 3, ""signal_id"": ""9ad7b1ce48b87c6370db1829"", ""slippage_cost"": 0.5877583351067085, ""symbol"": ""BTCUSDT"", ""time"": ""2024-08-12T11:10:00+00:00"", ""trade_entry_allowed"": false}]"
binance_15_5,VALIDATION_SEGMENT_10,A_STRUCTURAL_AFTER_TP1,9ad7b1ce48b87c6370db1829,BTCUSDT,SHORT,CLOSED,2024-08-12T07:45:00+00:00,2024-08-12T11:10:00+00:00,-22.932,-1.0,3.515605483933978,1.171867764863299,0.04951708865947242,22.932,0.05097508053683202,True,"[{""action"": ""VIRTUAL_EXIT"", ""balance_change"": -21.18002217638783, ""entry_fee_allocation"": 1.7519778236121692, ""exit_fee"": 1.763627660321809, ""gross_pnl"": -19.41639451606602, ""net_pnl"": -22.932, ""price"": 59360.909808, ""quantity"": 0.04951708865947242, ""reason"": ""STOP_FIRST_CONSERVATIVE"", ""reference_price"": 59349.04, ""sequence"": 3, ""signal_id"": ""9ad7b1ce48b87c6370db1829"", ""slippage_cost"": 0.5877583351067085, ""symbol"": ""BTCUSDT"", ""time"": ""2024-08-12T11:10:00+00:00"", ""trade_entry_allowed"": false}]"
binance_15_5,VALIDATION_SEGMENT_10,A_40_30_30_BE_TP1,332459bdcc550afa69fac362,DOGEUSDT,LONG,CLOSED,2024-11-26T09:00:00+00:00,2024-11-26T09:50:00+00:00,7.080159430449437,0.3150467678375391,1.840107136437979,0.6133694268247165,3961.1742350938284,22.47336,0.013255562062017072,True,"[{""action"": ""VIRTUAL_EXIT"", ""balance_change"": 7.447110425749026, ""entry_fee_allocation"": 0.3669509952995693, ""exit_fee"": 0.37164224690316067, ""gross_pnl"": 7.818752672652186, ""net_pnl"": 7.080159430449457, ""price"": 0.39092180000000004, ""quantity"": 1584.4696940375316, ""reason"": ""TP1"", ""reference_price"": 0.391, ""sequence"": 3, ""signal_id"": ""332459bdcc550afa69fac362"", ""slippage_cost"": 0.12390553007369177, ""symbol"": ""DOGEUSDT"", ""time"": ""2024-11-26T09:10:00+00:00"", ""trade_entry_allowed"": false}, {""action"": ""VIRTUAL_EXIT"", ""balance_change"": 0.5504264929493348, ""entry_fee_allocation"": 0.550426492949354, ""exit_fee"": 0.5510874012858951, ""gross_pnl"": 1.1015138942352298, ""net_pnl"": -1.9206858326015208e-14, ""price"": 0.3864506446960176, ""quantity"": 2376.704541056297, ""reason"": ""STOP_FIRST_CONSERVATIVE"", ""reference_price"": 0.3865279502860748, ""sequence"": 5, ""signal_id"": ""332459bdcc550afa69fac362"", ""slippage_cost"": 0.1837325469379773, ""symbol"": ""DOGEUSDT"", ""time"": ""2024-11-26T09:50:00+00:00"", ""trade_entry_allowed"": false}]"
binance_15_5,VALIDATION_SEGMENT_10,B_30_30_40_BE_TP1,332459bdcc550afa69fac362,DOGEUSDT,LONG,CLOSED,2024-11-26T09:00:00+00:00,2024-11-26T09:50:00+00:00,5.310119572837069,0.2362850758781539,1.8390444749265047,0.613015135462623,3961.1742350938284,22.47336,0.015454550698219311,True,"[{""action"": ""VIRTUAL_EXIT"", ""balance_change"": 5.585332819311768, ""entry_fee_allocation"": 0.275213246474677, ""exit_fee"": 0.27873168517737046, ""gross_pnl"": 5.864064504489138, ""net_pnl"": 5.310119572837091, ""price"": 0.39092180000000004, ""quantity"": 1188.3522705281484, ""reason"": ""TP1"", ""reference_price"": 0.391, ""sequence"": 3, ""signal_id"": ""332459bdcc550afa69fac362"", ""slippage_cost"": 0.0929291475552688, ""symbol"": ""DOGEUSDT"", ""time"": ""2024-11-26T09:10:00+00:00"", ""trade_entry_allowed"": false}, {""action"": ""VIRTUAL_EXIT"", ""balance_change"": 0.6421642417742238, ""entry_fee_allocation"": 0.6421642417742462, ""exit_fee"": 0.6429353015002109, ""gross_pnl"": 1.2850995432744348, ""net_pnl"": -2.2426505097428162e-14, ""price"": 0.3864506446960176, ""quantity"": 2772.8219645656795, ""reason"": ""STOP_FIRST_CONSERVATIVE"", ""reference_price"": 0.3865279502860748, ""sequence"": 5, ""signal_id"": ""332459bdcc550afa69fac362"", ""slippage_cost"": 0.21435463809430683, ""symbol"": ""DOGEUSDT"", ""time"": ""2024-11-26T09:50:00+00:00"", ""trade_entry_allowed"": false}]"
binance_15_5,VALIDATION_SEGMENT_10,C_25_25_50_BE_TP1,332459bdcc550afa69fac362,DOGEUSDT,LONG,CLOSED,2024-11-26T09:00:00+00:00,2024-11-26T09:50:00+00:00,4.425099644030885,0.19690422989846135,1.8385131441707676,0.6128379897815763,3961.1742350938284,22.47336,0.01655294995674052,True,"[{""action"": ""VIRTUAL_EXIT"", ""balance_change"": 4.65444401609314, ""entry_fee_allocation"": 0.22934437206223082, ""exit_fee"": 0.2322764043144754, ""gross_pnl"": 4.886720420407616, ""net_pnl"": 4.425099644030909, ""price"": 0.39092180000000004, ""quantity"": 990.2935587734571, ""reason"": ""TP1"", ""reference_price"": 0.391, ""sequence"": 3, ""signal_id"": ""332459bdcc550afa69fac362"", ""slippage_cost"": 0.07744095629605735, ""symbol"": ""DOGEUSDT"", ""time"": ""2024-11-26T09:10:00+00:00"", ""trade_entry_allowed"": false}, {""action"": ""VIRTUAL_EXIT"", ""balance_change"": 0.6880331161866686, ""entry_fee_allocation"": 0.6880331161866925, ""exit_fee"": 0.6888592516073688, ""gross_pnl"": 1.3768923677940375, ""net_pnl"": -2.3869795029440866e-14, ""price"": 0.3864506446960176, ""quantity"": 2970.880676320371, ""reason"": ""STOP_FIRST_CONSERVATIVE"", ""reference_price"": 0.3865279502860748, ""sequence"": 5, ""signal_id"": ""332459bdcc550afa69fac362"", ""slippage_cost"": 0.22966568367247162, ""symbol"": ""DOGEUSDT"", ""time"": ""2024-11-26T09:50:00+00:00"", ""trade_entry_allowed"": false}]"
binance_15_5,VALIDATION_SEGMENT_10,D_25_35_40_BE_TP1,332459bdcc550afa69fac362,DOGEUSDT,LONG,CLOSED,2024-11-26T09:00:00+00:00,2024-11-26T09:50:00+00:00,4.425099644030885,0.19690422989846135,1.8385131441707676,0.6128379897815763,3961.1742350938284,22.47336,0.01655294995674052,True,"[{""action"": ""VIRTUAL_EXIT"", ""balance_change"": 4.65444401609314, ""entry_fee_allocation"": 0.22934437206223082, ""exit_fee"": 0.2322764043144754, ""gross_pnl"": 4.886720420407616, ""net_pnl"": 4.425099644030909, ""price"": 0.39092180000000004, ""quantity"": 990.2935587734571, ""reason"": ""TP1"", ""reference_price"": 0.391, ""sequence"": 3, ""signal_id"": ""332459bdcc550afa69fac362"", ""slippage_cost"": 0.07744095629605735, ""symbol"": ""DOGEUSDT"", ""time"": ""2024-11-26T09:10:00+00:00"", ""trade_entry_allowed"": false}, {""action"": ""VIRTUAL_EXIT"", ""balance_change"": 0.6880331161866686, ""entry_fee_allocation"": 0.6880331161866925, ""exit_fee"": 0.6888592516073688, ""gross_pnl"": 1.3768923677940375, ""net_pnl"": -2.3869795029440866e-14, ""price"": 0.3864506446960176, ""quantity"": 2970.880676320371, ""reason"": ""STOP_FIRST_CONSERVATIVE"", ""reference_price"": 0.3865279502860748, ""sequence"": 5, ""signal_id"": ""332459bdcc550afa69fac362"", ""slippage_cost"": 0.22966568367247162, ""symbol"": ""DOGEUSDT"", ""time"": ""2024-11-26T09:50:00+00:00"", ""trade_entry_allowed"": false}]"
binance_15_5,VALIDATION_SEGMENT_10,A_BE_LATER_CLOSE,332459bdcc550afa69fac362,DOGEUSDT,LONG,CLOSED,2024-11-26T09:00:00+00:00,2024-11-26T09:50:00+00:00,7.080159430449437,0.3150467678375391,1.840107136437979,0.6133694268247165,3961.1742350938284,22.47336,0.013255562062017072,True,"[{""action"": ""VIRTUAL_EXIT"", ""balance_change"": 7.447110425749026, ""entry_fee_allocation"": 0.3669509952995693, ""exit_fee"": 0.37164224690316067, ""gross_pnl"": 7.818752672652186, ""net_pnl"": 7.080159430449457, ""price"": 0.39092180000000004, ""quantity"": 1584.4696940375316, ""reason"": ""TP1"", ""reference_price"": 0.391, ""sequence"": 3, ""signal_id"": ""332459bdcc550afa69fac362"", ""slippage_cost"": 0.12390553007369177, ""symbol"": ""DOGEUSDT"", ""time"": ""2024-11-26T09:10:00+00:00"", ""trade_entry_allowed"": false}, {""action"": ""VIRTUAL_EXIT"", ""balance_change"": 0.5504264929493348, ""entry_fee_allocation"": 0.550426492949354, ""exit_fee"": 0.5510874012858951, ""gross_pnl"": 1.1015138942352298, ""net_pnl"": -1.9206858326015208e-14, ""price"": 0.3864506446960176, ""quantity"": 2376.704541056297, ""reason"": ""STOP_FIRST_CONSERVATIVE"", ""reference_price"": 0.3865279502860748, ""sequence"": 5, ""signal_id"": ""332459bdcc550afa69fac362"", ""slippage_cost"": 0.1837325469379773, ""symbol"": ""DOGEUSDT"", ""time"": ""2024-11-26T09:50:00+00:00"", ""trade_entry_allowed"": false}]"
binance_15_5,VALIDATION_SEGMENT_10,A_ORIGINAL_SL_UNTIL_TP2,332459bdcc550afa69fac362,DOGEUSDT,LONG,CLOSED,2024-11-26T09:00:00+00:00,2024-11-26T10:50:00+00:00,-6.403856569550542,-0.28495323216246,1.832011869677923,0.6106704647789652,3961.1742350938284,22.47336,0.025022353524908718,True,"[{""action"": ""VIRTUAL_EXIT"", ""balance_change"": 7.447110425749026, ""entry_fee_allocation"": 0.3669509952995693, ""exit_fee"": 0.37164224690316067, ""gross_pnl"": 7.818752672652186, ""net_pnl"": 7.080159430449457, ""price"": 0.39092180000000004, ""quantity"": 1584.4696940375316, ""reason"": ""TP1"", ""reference_price"": 0.391, ""sequence"": 3, ""signal_id"": ""332459bdcc550afa69fac362"", ""slippage_cost"": 0.12390553007369177, ""symbol"": ""DOGEUSDT"", ""time"": ""2024-11-26T09:10:00+00:00"", ""trade_entry_allowed"": false}, {""action"": ""VIRTUAL_EXIT"", ""balance_change"": -12.933589507050645, ""entry_fee_allocation"": 0.550426492949354, ""exit_fee"": 0.542992134525839, ""gross_pnl"": -12.390597372524805, ""net_pnl"": -13.484015999999999, ""price"": 0.38077383000000004, ""quantity"": 2376.704541056297, ""reason"": ""STOP_FIRST_CONSERVATIVE"", ""reference_price"": 0.38085, ""sequence"": 4, ""signal_id"": ""332459bdcc550afa69fac362"", ""slippage_cost"": 0.18103358489222612, ""symbol"": ""DOGEUSDT"", ""time"": ""2024-11-26T10:50:00+00:00"", ""trade_entry_allowed"": false}]"
binance_15_5,VALIDATION_SEGMENT_10,A_STRUCTURAL_AFTER_TP1,332459bdcc550afa69fac362,DOGEUSDT,LONG,CLOSED,2024-11-26T09:00:00+00:00,2024-11-26T09:40:00+00:00,15.848051875273732,0.705192809409618,1.8453710302411555,0.6151244090889352,3961.1742350938284,22.47336,0.005604283543264749,True,"[{""action"": ""VIRTUAL_EXIT"", ""balance_change"": 7.447110425749026, ""entry_fee_allocation"": 0.3669509952995693, ""exit_fee"": 0.37164224690316067, ""gross_pnl"": 7.818752672652186, ""net_pnl"": 7.080159430449457, ""price"": 0.39092180000000004, ""quantity"": 1584.4696940375316, ""reason"": ""TP1"", ""reference_price"": 0.391, ""sequence"": 3, ""signal_id"": ""332459bdcc550afa69fac362"", ""slippage_cost"": 0.12390553007369177, ""symbol"": ""DOGEUSDT"", ""time"": ""2024-11-26T09:10:00+00:00"", ""trade_entry_allowed"": false}, {""action"": ""VIRTUAL_EXIT"", ""balance_change"": 9.318318937773629, ""entry_fee_allocation"": 0.550426492949354, ""exit_fee"": 0.5563512950890716, ""gross_pnl"": 9.8746702328627, ""net_pnl"": 8.767892444824275, ""price"": 0.390141956, ""quantity"": 2376.704541056297, ""reason"": ""STOP_FIRST_CONSERVATIVE"", ""reference_price"": 0.39022, ""sequence"": 5, ""signal_id"": ""332459bdcc550afa69fac362"", ""slippage_cost"": 0.18548752920219605, ""symbol"": ""DOGEUSDT"", ""time"": ""2024-11-26T09:40:00+00:00"", ""trade_entry_allowed"": false}]"
binance_15_5,VALIDATION_SEGMENT_10,A_40_30_30_BE_TP1,5cd06e85bb03ccbfb7906c56,ADAUSDT,SHORT,CLOSED,2024-12-01T20:50:00+00:00,2024-12-01T20:55:00+00:00,-22.614963188608986,-1.0,2.6079182697666443,0.8693053244126454,1971.844788463227,22.614963188608986,0.019999999999999973,True,"[{""action"": ""VIRTUAL_EXIT"", ""balance_change"": -21.317006167201317, ""entry_fee_allocation"": 1.2979570214076692, ""exit_fee"": 1.3099612483589749, ""gross_pnl"": -20.007044918842343, ""net_pnl"": -22.614963188608986, ""price"": 1.1072214, ""quantity"": 1971.844788463227, ""reason"": ""STOP_FIRST_CONSERVATIVE"", ""reference_price"": 1.107, ""sequence"": 3, ""signal_id"": ""5cd06e85bb03ccbfb7906c56"", ""slippage_cost"": 0.43656643616583385, ""symbol"": ""ADAUSDT"", ""time"": ""2024-12-01T20:55:00+00:00"", ""trade_entry_allowed"": false}]"
binance_15_5,VALIDATION_SEGMENT_10,B_30_30_40_BE_TP1,5cd06e85bb03ccbfb7906c56,ADAUSDT,SHORT,CLOSED,2024-12-01T20:50:00+00:00,2024-12-01T20:55:00+00:00,-22.614963188608986,-1.0,2.6079182697666443,0.8693053244126454,1971.844788463227,22.614963188608986,0.019999999999999973,True,"[{""action"": ""VIRTUAL_EXIT"", ""balance_change"": -21.317006167201317, ""entry_fee_allocation"": 1.2979570214076692, ""exit_fee"": 1.3099612483589749, ""gross_pnl"": -20.007044918842343, ""net_pnl"": -22.614963188608986, ""price"": 1.1072214, ""quantity"": 1971.844788463227, ""reason"": ""STOP_FIRST_CONSERVATIVE"", ""reference_price"": 1.107, ""sequence"": 3, ""signal_id"": ""5cd06e85bb03ccbfb7906c56"", ""slippage_cost"": 0.43656643616583385, ""symbol"": ""ADAUSDT"", ""time"": ""2024-12-01T20:55:00+00:00"", ""trade_entry_allowed"": false}]"
binance_15_5,VALIDATION_SEGMENT_10,C_25_25_50_BE_TP1,5cd06e85bb03ccbfb7906c56,ADAUSDT,SHORT,CLOSED,2024-12-01T20:50:00+00:00,2024-12-01T20:55:00+00:00,-22.614963188608986,-1.0,2.6079182697666443,0.8693053244126454,1971.844788463227,22.614963188608986,0.019999999999999973,True,"[{""action"": ""VIRTUAL_EXIT"", ""balance_change"": -21.317006167201317, ""entry_fee_allocation"": 1.2979570214076692, ""exit_fee"": 1.3099612483589749, ""gross_pnl"": -20.007044918842343, ""net_pnl"": -22.614963188608986, ""price"": 1.1072214, ""quantity"": 1971.844788463227, ""reason"": ""STOP_FIRST_CONSERVATIVE"", ""reference_price"": 1.107, ""sequence"": 3, ""signal_id"": ""5cd06e85bb03ccbfb7906c56"", ""slippage_cost"": 0.43656643616583385, ""symbol"": ""ADAUSDT"", ""time"": ""2024-12-01T20:55:00+00:00"", ""trade_entry_allowed"": false}]"
binance_15_5,VALIDATION_SEGMENT_10,D_25_35_40_BE_TP1,5cd06e85bb03ccbfb7906c56,ADAUSDT,SHORT,CLOSED,2024-12-01T20:50:00+00:00,2024-12-01T20:55:00+00:00,-22.614963188608986,-1.0,2.6079182697666443,0.8693053244126454,1971.844788463227,22.614963188608986,0.019999999999999973,True,"[{""action"": ""VIRTUAL_EXIT"", ""balance_change"": -21.317006167201317, ""entry_fee_allocation"": 1.2979570214076692, ""exit_fee"": 1.3099612483589749, ""gross_pnl"": -20.007044918842343, ""net_pnl"": -22.614963188608986, ""price"": 1.1072214, ""quantity"": 1971.844788463227, ""reason"": ""STOP_FIRST_CONSERVATIVE"", ""reference_price"": 1.107, ""sequence"": 3, ""signal_id"": ""5cd06e85bb03ccbfb7906c56"", ""slippage_cost"": 0.43656643616583385, ""symbol"": ""ADAUSDT"", ""time"": ""2024-12-01T20:55:00+00:00"", ""trade_entry_allowed"": false}]"
binance_15_5,VALIDATION_SEGMENT_10,A_BE_LATER_CLOSE,5cd06e85bb03ccbfb7906c56,ADAUSDT,SHORT,CLOSED,2024-12-01T20:50:00+00:00,2024-12-01T20:55:00+00:00,-22.614963188608986,-1.0,2.6079182697666443,0.8693053244126454,1971.844788463227,22.614963188608986,0.019999999999999973,True,"[{""action"": ""VIRTUAL_EXIT"", ""balance_change"": -21.317006167201317, ""entry_fee_allocation"": 1.2979570214076692, ""exit_fee"": 1.3099612483589749, ""gross_pnl"": -20.007044918842343, ""net_pnl"": -22.614963188608986, ""price"": 1.1072214, ""quantity"": 1971.844788463227, ""reason"": ""STOP_FIRST_CONSERVATIVE"", ""reference_price"": 1.107, ""sequence"": 3, ""signal_id"": ""5cd06e85bb03ccbfb7906c56"", ""slippage_cost"": 0.43656643616583385, ""symbol"": ""ADAUSDT"", ""time"": ""2024-12-01T20:55:00+00:00"", ""trade_entry_allowed"": false}]"
binance_15_5,VALIDATION_SEGMENT_10,A_ORIGINAL_SL_UNTIL_TP2,5cd06e85bb03ccbfb7906c56,ADAUSDT,SHORT,CLOSED,2024-12-01T20:50:00+00:00,2024-12-01T20:55:00+00:00,-22.614963188608986,-1.0,2.6079182697666443,0.8693053244126454,1971.844788463227,22.614963188608986,0.019999999999999973,True,"[{""action"": ""VIRTUAL_EXIT"", ""balance_change"": -21.317006167201317, ""entry_fee_allocation"": 1.2979570214076692, ""exit_fee"": 1.3099612483589749, ""gross_pnl"": -20.007044918842343, ""net_pnl"": -22.614963188608986, ""price"": 1.1072214, ""quantity"": 1971.844788463227, ""reason"": ""STOP_FIRST_CONSERVATIVE"", ""reference_price"": 1.107, ""sequence"": 3, ""signal_id"": ""5cd06e85bb03ccbfb7906c56"", ""slippage_cost"": 0.43656643616583385, ""symbol"": ""ADAUSDT"", ""time"": ""2024-12-01T20:55:00+00:00"", ""trade_entry_allowed"": false}]"
binance_15_5,VALIDATION_SEGMENT_10,A_STRUCTURAL_AFTER_TP1,5cd06e85bb03ccbfb7906c56,ADAUSDT,SHORT,CLOSED,2024-12-01T20:50:00+00:00,2024-12-01T20:55:00+00:00,-22.614963188608986,-1.0,2.6079182697666443,0.8693053244126454,1971.844788463227,22.614963188608986,0.019999999999999973,True,"[{""action"": ""VIRTUAL_EXIT"", ""balance_change"": -21.317006167201317, ""entry_fee_allocation"": 1.2979570214076692, ""exit_fee"": 1.3099612483589749, ""gross_pnl"": -20.007044918842343, ""net_pnl"": -22.614963188608986, ""price"": 1.1072214, ""quantity"": 1971.844788463227, ""reason"": ""STOP_FIRST_CONSERVATIVE"", ""reference_price"": 1.107, ""sequence"": 3, ""signal_id"": ""5cd06e85bb03ccbfb7906c56"", ""slippage_cost"": 0.43656643616583385, ""symbol"": ""ADAUSDT"", ""time"": ""2024-12-01T20:55:00+00:00"", ""trade_entry_allowed"": false}]"
binance_240_15,HOLDOUT_SEGMENT_10,A_40_30_30_BE_TP1,bdfa4b05a4982707300a19d8,DOGEUSDT,SHORT,CLOSED,2025-01-17T16:45:00+00:00,2025-01-18T00:15:00+00:00,-23.400000000000006,-1.0000000000000002,2.8377314749202625,0.9459097069856602,5587.910217374712,23.400000000000002,0.073591540100002,True,"[{""action"": ""VIRTUAL_EXIT"", ""balance_change"": -21.987302943097397, ""entry_fee_allocation"": 1.4126970569026074, ""exit_fee"": 1.425034418017655, ""gross_pnl"": -20.56226852507974, ""net_pnl"": -23.400000000000006, ""price"": 0.42503499, ""quantity"": 5587.910217374712, ""reason"": ""STOP_FIRST_CONSERVATIVE"", ""reference_price"": 0.42495, ""sequence"": 3, ""signal_id"": ""bdfa4b05a4982707300a19d8"", ""slippage_cost"": 0.4749164893747159, ""symbol"": ""DOGEUSDT"", ""time"": ""2025-01-18T00:15:00+00:00"", ""trade_entry_allowed"": false}]"
binance_240_15,HOLDOUT_SEGMENT_10,B_30_30_40_BE_TP1,bdfa4b05a4982707300a19d8,DOGEUSDT,SHORT,CLOSED,2025-01-17T16:45:00+00:00,2025-01-18T00:15:00+00:00,-23.400000000000006,-1.0000000000000002,2.8377314749202625,0.9459097069856602,5587.910217374712,23.400000000000002,0.073591540100002,True,"[{""action"": ""VIRTUAL_EXIT"", ""balance_change"": -21.987302943097397, ""entry_fee_allocation"": 1.4126970569026074, ""exit_fee"": 1.425034418017655, ""gross_pnl"": -20.56226852507974, ""net_pnl"": -23.400000000000006, ""price"": 0.42503499, ""quantity"": 5587.910217374712, ""reason"": ""STOP_FIRST_CONSERVATIVE"", ""reference_price"": 0.42495, ""sequence"": 3, ""signal_id"": ""bdfa4b05a4982707300a19d8"", ""slippage_cost"": 0.4749164893747159, ""symbol"": ""DOGEUSDT"", ""time"": ""2025-01-18T00:15:00+00:00"", ""trade_entry_allowed"": false}]"
binance_240_15,HOLDOUT_SEGMENT_10,C_25_25_50_BE_TP1,bdfa4b05a4982707300a19d8,DOGEUSDT,SHORT,CLOSED,2025-01-17T16:45:00+00:00,2025-01-18T00:15:00+00:00,-23.400000000000006,-1.0000000000000002,2.8377314749202625,0.9459097069856602,5587.910217374712,23.400000000000002,0.073591540100002,True,"[{""action"": ""VIRTUAL_EXIT"", ""balance_change"": -21.987302943097397, ""entry_fee_allocation"": 1.4126970569026074, ""exit_fee"": 1.425034418017655, ""gross_pnl"": -20.56226852507974, ""net_pnl"": -23.400000000000006, ""price"": 0.42503499, ""quantity"": 5587.910217374712, ""reason"": ""STOP_FIRST_CONSERVATIVE"", ""reference_price"": 0.42495, ""sequence"": 3, ""signal_id"": ""bdfa4b05a4982707300a19d8"", ""slippage_cost"": 0.4749164893747159, ""symbol"": ""DOGEUSDT"", ""time"": ""2025-01-18T00:15:00+00:00"", ""trade_entry_allowed"": false}]"
binance_240_15,HOLDOUT_SEGMENT_10,D_25_35_40_BE_TP1,bdfa4b05a4982707300a19d8,DOGEUSDT,SHORT,CLOSED,2025-01-17T16:45:00+00:00,2025-01-18T00:15:00+00:00,-23.400000000000006,-1.0000000000000002,2.8377314749202625,0.9459097069856602,5587.910217374712,23.400000000000002,0.073591540100002,True,"[{""action"": ""VIRTUAL_EXIT"", ""balance_change"": -21.987302943097397, ""entry_fee_allocation"": 1.4126970569026074, ""exit_fee"": 1.425034418017655, ""gross_pnl"": -20.56226852507974, ""net_pnl"": -23.400000000000006, ""price"": 0.42503499, ""quantity"": 5587.910217374712, ""reason"": ""STOP_FIRST_CONSERVATIVE"", ""reference_price"": 0.42495, ""sequence"": 3, ""signal_id"": ""bdfa4b05a4982707300a19d8"", ""slippage_cost"": 0.4749164893747159, ""symbol"": ""DOGEUSDT"", ""time"": ""2025-01-18T00:15:00+00:00"", ""trade_entry_allowed"": false}]"
binance_240_15,HOLDOUT_SEGMENT_10,A_BE_LATER_CLOSE,bdfa4b05a4982707300a19d8,DOGEUSDT,SHORT,CLOSED,2025-01-17T16:45:00+00:00,2025-01-18T00:15:00+00:00,-23.400000000000006,-1.0000000000000002,2.8377314749202625,0.9459097069856602,5587.910217374712,23.400000000000002,0.073591540100002,True,"[{""action"": ""VIRTUAL_EXIT"", ""balance_change"": -21.987302943097397, ""entry_fee_allocation"": 1.4126970569026074, ""exit_fee"": 1.425034418017655, ""gross_pnl"": -20.56226852507974, ""net_pnl"": -23.400000000000006, ""price"": 0.42503499, ""quantity"": 5587.910217374712, ""reason"": ""STOP_FIRST_CONSERVATIVE"", ""reference_price"": 0.42495, ""sequence"": 3, ""signal_id"": ""bdfa4b05a4982707300a19d8"", ""slippage_cost"": 0.4749164893747159, ""symbol"": ""DOGEUSDT"", ""time"": ""2025-01-18T00:15:00+00:00"", ""trade_entry_allowed"": false}]"
binance_240_15,HOLDOUT_SEGMENT_10,A_ORIGINAL_SL_UNTIL_TP2,bdfa4b05a4982707300a19d8,DOGEUSDT,SHORT,CLOSED,2025-01-17T16:45:00+00:00,2025-01-18T00:15:00+00:00,-23.400000000000006,-1.0000000000000002,2.8377314749202625,0.9459097069856602,5587.910217374712,23.400000000000002,0.073591540100002,True,"[{""action"": ""VIRTUAL_EXIT"", ""balance_change"": -21.987302943097397, ""entry_fee_allocation"": 1.4126970569026074, ""exit_fee"": 1.425034418017655, ""gross_pnl"": -20.56226852507974, ""net_pnl"": -23.400000000000006, ""price"": 0.42503499, ""quantity"": 5587.910217374712, ""reason"": ""STOP_FIRST_CONSERVATIVE"", ""reference_price"": 0.42495, ""sequence"": 3, ""signal_id"": ""bdfa4b05a4982707300a19d8"", ""slippage_cost"": 0.4749164893747159, ""symbol"": ""DOGEUSDT"", ""time"": ""2025-01-18T00:15:00+00:00"", ""trade_entry_allowed"": false}]"
binance_240_15,HOLDOUT_SEGMENT_10,A_STRUCTURAL_AFTER_TP1,bdfa4b05a4982707300a19d8,DOGEUSDT,SHORT,CLOSED,2025-01-17T16:45:00+00:00,2025-01-18T00:15:00+00:00,-23.400000000000006,-1.0000000000000002,2.8377314749202625,0.9459097069856602,5587.910217374712,23.400000000000002,0.073591540100002,True,"[{""action"": ""VIRTUAL_EXIT"", ""balance_change"": -21.987302943097397, ""entry_fee_allocation"": 1.4126970569026074, ""exit_fee"": 1.425034418017655, ""gross_pnl"": -20.56226852507974, ""net_pnl"": -23.400000000000006, ""price"": 0.42503499, ""quantity"": 5587.910217374712, ""reason"": ""STOP_FIRST_CONSERVATIVE"", ""reference_price"": 0.42495, ""sequence"": 3, ""signal_id"": ""bdfa4b05a4982707300a19d8"", ""slippage_cost"": 0.4749164893747159, ""symbol"": ""DOGEUSDT"", ""time"": ""2025-01-18T00:15:00+00:00"", ""trade_entry_allowed"": false}]"
binance_240_60,REFERENCE_SEGMENT_09,A_40_30_30_BE_TP1,69a381b2e6c80112b14c12c9,ADAUSDT,LONG,CLOSED,2023-02-28T22:00:00+00:00,2023-03-02T17:00:00+00:00,-23.4,-0.9999999999999999,1.923607819352366,0.6412017730431665,4616.19373160617,23.400000000000002,0.06888511129090993,True,"[{""action"": ""VIRTUAL_EXIT"", ""balance_change"": -22.431753172669623, ""entry_fee_allocation"": 0.9682468273303773, ""exit_fee"": 0.9553609920219888, ""gross_pnl"": -21.476392180647633, ""net_pnl"": -23.4, ""price"": 0.344931, ""quantity"": 4616.19373160617, ""reason"": ""STOP_FIRST_CONSERVATIVE"", ""reference_price"": 0.345, ""sequence"": 3, ""signal_id"": ""69a381b2e6c80112b14c12c9"", ""slippage_cost"": 0.3185173674807599, ""symbol"": ""ADAUSDT"", ""time"": ""2023-03-02T17:00:00+00:00"", ""trade_entry_allowed"": false}]"
binance_240_60,REFERENCE_SEGMENT_09,B_30_30_40_BE_TP1,69a381b2e6c80112b14c12c9,ADAUSDT,LONG,CLOSED,2023-02-28T22:00:00+00:00,2023-03-02T17:00:00+00:00,-23.4,-0.9999999999999999,1.923607819352366,0.6412017730431665,4616.19373160617,23.400000000000002,0.06888511129090993,True,"[{""action"": ""VIRTUAL_EXIT"", ""balance_change"": -22.431753172669623, ""entry_fee_allocation"": 0.9682468273303773, ""exit_fee"": 0.9553609920219888, ""gross_pnl"": -21.476392180647633, ""net_pnl"": -23.4, ""price"": 0.344931, ""quantity"": 4616.19373160617, ""reason"": ""STOP_FIRST_CONSERVATIVE"", ""reference_price"": 0.345, ""sequence"": 3, ""signal_id"": ""69a381b2e6c80112b14c12c9"", ""slippage_cost"": 0.3185173674807599, ""symbol"": ""ADAUSDT"", ""time"": ""2023-03-02T17:00:00+00:00"", ""trade_entry_allowed"": false}]"
binance_240_60,REFERENCE_SEGMENT_09,C_25_25_50_BE_TP1,69a381b2e6c80112b14c12c9,ADAUSDT,LONG,CLOSED,2023-02-28T22:00:00+00:00,2023-03-02T17:00:00+00:00,-23.4,-0.9999999999999999,1.923607819352366,0.6412017730431665,4616.19373160617,23.400000000000002,0.06888511129090993,True,"[{""action"": ""VIRTUAL_EXIT"", ""balance_change"": -22.431753172669623, ""entry_fee_allocation"": 0.9682468273303773, ""exit_fee"": 0.9553609920219888, ""gross_pnl"": -21.476392180647633, ""net_pnl"": -23.4, ""price"": 0.344931, ""quantity"": 4616.19373160617, ""reason"": ""STOP_FIRST_CONSERVATIVE"", ""reference_price"": 0.345, ""sequence"": 3, ""signal_id"": ""69a381b2e6c80112b14c12c9"", ""slippage_cost"": 0.3185173674807599, ""symbol"": ""ADAUSDT"", ""time"": ""2023-03-02T17:00:00+00:00"", ""trade_entry_allowed"": false}]"
binance_240_60,REFERENCE_SEGMENT_09,D_25_35_40_BE_TP1,69a381b2e6c80112b14c12c9,ADAUSDT,LONG,CLOSED,2023-02-28T22:00:00+00:00,2023-03-02T17:00:00+00:00,-23.4,-0.9999999999999999,1.923607819352366,0.6412017730431665,4616.19373160617,23.400000000000002,0.06888511129090993,True,"[{""action"": ""VIRTUAL_EXIT"", ""balance_change"": -22.431753172669623, ""entry_fee_allocation"": 0.9682468273303773, ""exit_fee"": 0.9553609920219888, ""gross_pnl"": -21.476392180647633, ""net_pnl"": -23.4, ""price"": 0.344931, ""quantity"": 4616.19373160617, ""reason"": ""STOP_FIRST_CONSERVATIVE"", ""reference_price"": 0.345, ""sequence"": 3, ""signal_id"": ""69a381b2e6c80112b14c12c9"", ""slippage_cost"": 0.3185173674807599, ""symbol"": ""ADAUSDT"", ""time"": ""2023-03-02T17:00:00+00:00"", ""trade_entry_allowed"": false}]"
binance_240_60,REFERENCE_SEGMENT_09,A_BE_LATER_CLOSE,69a381b2e6c80112b14c12c9,ADAUSDT,LONG,CLOSED,2023-02-28T22:00:00+00:00,2023-03-02T17:00:00+00:00,-23.4,-0.9999999999999999,1.923607819352366,0.6412017730431665,4616.19373160617,23.400000000000002,0.06888511129090993,True,"[{""action"": ""VIRTUAL_EXIT"", ""balance_change"": -22.431753172669623, ""entry_fee_allocation"": 0.9682468273303773, ""exit_fee"": 0.9553609920219888, ""gross_pnl"": -21.476392180647633, ""net_pnl"": -23.4, ""price"": 0.344931, ""quantity"": 4616.19373160617, ""reason"": ""STOP_FIRST_CONSERVATIVE"", ""reference_price"": 0.345, ""sequence"": 3, ""signal_id"": ""69a381b2e6c80112b14c12c9"", ""slippage_cost"": 0.3185173674807599, ""symbol"": ""ADAUSDT"", ""time"": ""2023-03-02T17:00:00+00:00"", ""trade_entry_allowed"": false}]"
binance_240_60,REFERENCE_SEGMENT_09,A_ORIGINAL_SL_UNTIL_TP2,69a381b2e6c80112b14c12c9,ADAUSDT,LONG,CLOSED,2023-02-28T22:00:00+00:00,2023-03-02T17:00:00+00:00,-23.4,-0.9999999999999999,1.923607819352366,0.6412017730431665,4616.19373160617,23.400000000000002,0.06888511129090993,True,"[{""action"": ""VIRTUAL_EXIT"", ""balance_change"": -22.431753172669623, ""entry_fee_allocation"": 0.9682468273303773, ""exit_fee"": 0.9553609920219888, ""gross_pnl"": -21.476392180647633, ""net_pnl"": -23.4, ""price"": 0.344931, ""quantity"": 4616.19373160617, ""reason"": ""STOP_FIRST_CONSERVATIVE"", ""reference_price"": 0.345, ""sequence"": 3, ""signal_id"": ""69a381b2e6c80112b14c12c9"", ""slippage_cost"": 0.3185173674807599, ""symbol"": ""ADAUSDT"", ""time"": ""2023-03-02T17:00:00+00:00"", ""trade_entry_allowed"": false}]"
binance_240_60,REFERENCE_SEGMENT_09,A_STRUCTURAL_AFTER_TP1,69a381b2e6c80112b14c12c9,ADAUSDT,LONG,CLOSED,2023-02-28T22:00:00+00:00,2023-03-02T17:00:00+00:00,-23.4,-0.9999999999999999,1.923607819352366,0.6412017730431665,4616.19373160617,23.400000000000002,0.06888511129090993,True,"[{""action"": ""VIRTUAL_EXIT"", ""balance_change"": -22.431753172669623, ""entry_fee_allocation"": 0.9682468273303773, ""exit_fee"": 0.9553609920219888, ""gross_pnl"": -21.476392180647633, ""net_pnl"": -23.4, ""price"": 0.344931, ""quantity"": 4616.19373160617, ""reason"": ""STOP_FIRST_CONSERVATIVE"", ""reference_price"": 0.345, ""sequence"": 3, ""signal_id"": ""69a381b2e6c80112b14c12c9"", ""slippage_cost"": 0.3185173674807599, ""symbol"": ""ADAUSDT"", ""time"": ""2023-03-02T17:00:00+00:00"", ""trade_entry_allowed"": false}]"
binance_60_15,HOLDOUT_SEGMENT_10,A_40_30_30_BE_TP1,838fa9a192e59c37d9b9d925,BNBUSDT,LONG,CLOSED,2025-02-03T00:45:00+00:00,2025-02-03T01:45:00+00:00,-23.400000000000002,-1.0,2.584519321868544,0.8615056424635592,3.614850549939774,23.400000000000002,0.03447129545812443,True,"[{""action"": ""VIRTUAL_EXIT"", ""balance_change"": -22.10149569486229, ""entry_fee_allocation"": 1.2985043051377114, ""exit_fee"": 1.2860150167308326, ""gross_pnl"": -20.815480678131458, ""net_pnl"": -23.400000000000002, ""price"": 592.93139, ""quantity"": 3.614850549939774, ""reason"": ""STOP_FIRST_CONSERVATIVE"", ""reference_price"": 593.05, ""sequence"": 3, ""signal_id"": ""838fa9a192e59c37d9b9d925"", ""slippage_cost"": 0.4287574237283192, ""symbol"": ""BNBUSDT"", ""time"": ""2025-02-03T01:45:00+00:00"", ""trade_entry_allowed"": false}]"
binance_60_15,HOLDOUT_SEGMENT_10,B_30_30_40_BE_TP1,838fa9a192e59c37d9b9d925,BNBUSDT,LONG,CLOSED,2025-02-03T00:45:00+00:00,2025-02-03T01:45:00+00:00,-23.400000000000002,-1.0,2.584519321868544,0.8615056424635592,3.614850549939774,23.400000000000002,0.03447129545812443,True,"[{""action"": ""VIRTUAL_EXIT"", ""balance_change"": -22.10149569486229, ""entry_fee_allocation"": 1.2985043051377114, ""exit_fee"": 1.2860150167308326, ""gross_pnl"": -20.815480678131458, ""net_pnl"": -23.400000000000002, ""price"": 592.93139, ""quantity"": 3.614850549939774, ""reason"": ""STOP_FIRST_CONSERVATIVE"", ""reference_price"": 593.05, ""sequence"": 3, ""signal_id"": ""838fa9a192e59c37d9b9d925"", ""slippage_cost"": 0.4287574237283192, ""symbol"": ""BNBUSDT"", ""time"": ""2025-02-03T01:45:00+00:00"", ""trade_entry_allowed"": false}]"
binance_60_15,HOLDOUT_SEGMENT_10,C_25_25_50_BE_TP1,838fa9a192e59c37d9b9d925,BNBUSDT,LONG,CLOSED,2025-02-03T00:45:00+00:00,2025-02-03T01:45:00+00:00,-23.400000000000002,-1.0,2.584519321868544,0.8615056424635592,3.614850549939774,23.400000000000002,0.03447129545812443,True,"[{""action"": ""VIRTUAL_EXIT"", ""balance_change"": -22.10149569486229, ""entry_fee_allocation"": 1.2985043051377114, ""exit_fee"": 1.2860150167308326, ""gross_pnl"": -20.815480678131458, ""net_pnl"": -23.400000000000002, ""price"": 592.93139, ""quantity"": 3.614850549939774, ""reason"": ""STOP_FIRST_CONSERVATIVE"", ""reference_price"": 593.05, ""sequence"": 3, ""signal_id"": ""838fa9a192e59c37d9b9d925"", ""slippage_cost"": 0.4287574237283192, ""symbol"": ""BNBUSDT"", ""time"": ""2025-02-03T01:45:00+00:00"", ""trade_entry_allowed"": false}]"
binance_60_15,HOLDOUT_SEGMENT_10,D_25_35_40_BE_TP1,838fa9a192e59c37d9b9d925,BNBUSDT,LONG,CLOSED,2025-02-03T00:45:00+00:00,2025-02-03T01:45:00+00:00,-23.400000000000002,-1.0,2.584519321868544,0.8615056424635592,3.614850549939774,23.400000000000002,0.03447129545812443,True,"[{""action"": ""VIRTUAL_EXIT"", ""balance_change"": -22.10149569486229, ""entry_fee_allocation"": 1.2985043051377114, ""exit_fee"": 1.2860150167308326, ""gross_pnl"": -20.815480678131458, ""net_pnl"": -23.400000000000002, ""price"": 592.93139, ""quantity"": 3.614850549939774, ""reason"": ""STOP_FIRST_CONSERVATIVE"", ""reference_price"": 593.05, ""sequence"": 3, ""signal_id"": ""838fa9a192e59c37d9b9d925"", ""slippage_cost"": 0.4287574237283192, ""symbol"": ""BNBUSDT"", ""time"": ""2025-02-03T01:45:00+00:00"", ""trade_entry_allowed"": false}]"
binance_60_15,HOLDOUT_SEGMENT_10,A_BE_LATER_CLOSE,838fa9a192e59c37d9b9d925,BNBUSDT,LONG,CLOSED,2025-02-03T00:45:00+00:00,2025-02-03T01:45:00+00:00,-23.400000000000002,-1.0,2.584519321868544,0.8615056424635592,3.614850549939774,23.400000000000002,0.03447129545812443,True,"[{""action"": ""VIRTUAL_EXIT"", ""balance_change"": -22.10149569486229, ""entry_fee_allocation"": 1.2985043051377114, ""exit_fee"": 1.2860150167308326, ""gross_pnl"": -20.815480678131458, ""net_pnl"": -23.400000000000002, ""price"": 592.93139, ""quantity"": 3.614850549939774, ""reason"": ""STOP_FIRST_CONSERVATIVE"", ""reference_price"": 593.05, ""sequence"": 3, ""signal_id"": ""838fa9a192e59c37d9b9d925"", ""slippage_cost"": 0.4287574237283192, ""symbol"": ""BNBUSDT"", ""time"": ""2025-02-03T01:45:00+00:00"", ""trade_entry_allowed"": false}]"
binance_60_15,HOLDOUT_SEGMENT_10,A_ORIGINAL_SL_UNTIL_TP2,838fa9a192e59c37d9b9d925,BNBUSDT,LONG,CLOSED,2025-02-03T00:45:00+00:00,2025-02-03T01:45:00+00:00,-23.400000000000002,-1.0,2.584519321868544,0.8615056424635592,3.614850549939774,23.400000000000002,0.03447129545812443,True,"[{""action"": ""VIRTUAL_EXIT"", ""balance_change"": -22.10149569486229, ""entry_fee_allocation"": 1.2985043051377114, ""exit_fee"": 1.2860150167308326, ""gross_pnl"": -20.815480678131458, ""net_pnl"": -23.400000000000002, ""price"": 592.93139, ""quantity"": 3.614850549939774, ""reason"": ""STOP_FIRST_CONSERVATIVE"", ""reference_price"": 593.05, ""sequence"": 3, ""signal_id"": ""838fa9a192e59c37d9b9d925"", ""slippage_cost"": 0.4287574237283192, ""symbol"": ""BNBUSDT"", ""time"": ""2025-02-03T01:45:00+00:00"", ""trade_entry_allowed"": false}]"
binance_60_15,HOLDOUT_SEGMENT_10,A_STRUCTURAL_AFTER_TP1,838fa9a192e59c37d9b9d925,BNBUSDT,LONG,CLOSED,2025-02-03T00:45:00+00:00,2025-02-03T01:45:00+00:00,-23.400000000000002,-1.0,2.584519321868544,0.8615056424635592,3.614850549939774,23.400000000000002,0.03447129545812443,True,"[{""action"": ""VIRTUAL_EXIT"", ""balance_change"": -22.10149569486229, ""entry_fee_allocation"": 1.2985043051377114, ""exit_fee"": 1.2860150167308326, ""gross_pnl"": -20.815480678131458, ""net_pnl"": -23.400000000000002, ""price"": 592.93139, ""quantity"": 3.614850549939774, ""reason"": ""STOP_FIRST_CONSERVATIVE"", ""reference_price"": 593.05, ""sequence"": 3, ""signal_id"": ""838fa9a192e59c37d9b9d925"", ""slippage_cost"": 0.4287574237283192, ""symbol"": ""BNBUSDT"", ""time"": ""2025-02-03T01:45:00+00:00"", ""trade_entry_allowed"": false}]"
binance_60_15,REFERENCE_SEGMENT_09,A_40_30_30_BE_TP1,8abb9a8a7362d80f0e285464,DOGEUSDT,SHORT,CLOSED,2022-10-05T11:30:00+00:00,2022-10-05T16:15:00+00:00,-23.400000000000002,-1.0,3.7779053666932025,1.259301054386392,48323.14099716006,23.400000000000002,0.09643091330731288,True,"[{""action"": ""VIRTUAL_EXIT"", ""balance_change"": -21.516933945043395, ""entry_fee_allocation"": 1.8830660549566092, ""exit_fee"": 1.8948393117365934, ""gross_pnl"": -19.6220946333068, ""net_pnl"": -23.400000000000002, ""price"": 0.065353068, ""quantity"": 48323.14099716006, ""reason"": ""STOP_FIRST_CONSERVATIVE"", ""reference_price"": 0.06534, ""sequence"": 3, ""signal_id"": ""8abb9a8a7362d80f0e285464"", ""slippage_cost"": 0.6314868065511275, ""symbol"": ""DOGEUSDT"", ""time"": ""2022-10-05T16:15:00+00:00"", ""trade_entry_allowed"": false}]"
binance_60_15,REFERENCE_SEGMENT_09,B_30_30_40_BE_TP1,8abb9a8a7362d80f0e285464,DOGEUSDT,SHORT,CLOSED,2022-10-05T11:30:00+00:00,2022-10-05T16:15:00+00:00,-23.400000000000002,-1.0,3.7779053666932025,1.259301054386392,48323.14099716006,23.400000000000002,0.09643091330731288,True,"[{""action"": ""VIRTUAL_EXIT"", ""balance_change"": -21.516933945043395, ""entry_fee_allocation"": 1.8830660549566092, ""exit_fee"": 1.8948393117365934, ""gross_pnl"": -19.6220946333068, ""net_pnl"": -23.400000000000002, ""price"": 0.065353068, ""quantity"": 48323.14099716006, ""reason"": ""STOP_FIRST_CONSERVATIVE"", ""reference_price"": 0.06534, ""sequence"": 3, ""signal_id"": ""8abb9a8a7362d80f0e285464"", ""slippage_cost"": 0.6314868065511275, ""symbol"": ""DOGEUSDT"", ""time"": ""2022-10-05T16:15:00+00:00"", ""trade_entry_allowed"": false}]"
binance_60_15,REFERENCE_SEGMENT_09,C_25_25_50_BE_TP1,8abb9a8a7362d80f0e285464,DOGEUSDT,SHORT,CLOSED,2022-10-05T11:30:00+00:00,2022-10-05T16:15:00+00:00,-23.400000000000002,-1.0,3.7779053666932025,1.259301054386392,48323.14099716006,23.400000000000002,0.09643091330731288,True,"[{""action"": ""VIRTUAL_EXIT"", ""balance_change"": -21.516933945043395, ""entry_fee_allocation"": 1.8830660549566092, ""exit_fee"": 1.8948393117365934, ""gross_pnl"": -19.6220946333068, ""net_pnl"": -23.400000000000002, ""price"": 0.065353068, ""quantity"": 48323.14099716006, ""reason"": ""STOP_FIRST_CONSERVATIVE"", ""reference_price"": 0.06534, ""sequence"": 3, ""signal_id"": ""8abb9a8a7362d80f0e285464"", ""slippage_cost"": 0.6314868065511275, ""symbol"": ""DOGEUSDT"", ""time"": ""2022-10-05T16:15:00+00:00"", ""trade_entry_allowed"": false}]"
binance_60_15,REFERENCE_SEGMENT_09,D_25_35_40_BE_TP1,8abb9a8a7362d80f0e285464,DOGEUSDT,SHORT,CLOSED,2022-10-05T11:30:00+00:00,2022-10-05T16:15:00+00:00,-23.400000000000002,-1.0,3.7779053666932025,1.259301054386392,48323.14099716006,23.400000000000002,0.09643091330731288,True,"[{""action"": ""VIRTUAL_EXIT"", ""balance_change"": -21.516933945043395, ""entry_fee_allocation"": 1.8830660549566092, ""exit_fee"": 1.8948393117365934, ""gross_pnl"": -19.6220946333068, ""net_pnl"": -23.400000000000002, ""price"": 0.065353068, ""quantity"": 48323.14099716006, ""reason"": ""STOP_FIRST_CONSERVATIVE"", ""reference_price"": 0.06534, ""sequence"": 3, ""signal_id"": ""8abb9a8a7362d80f0e285464"", ""slippage_cost"": 0.6314868065511275, ""symbol"": ""DOGEUSDT"", ""time"": ""2022-10-05T16:15:00+00:00"", ""trade_entry_allowed"": false}]"
binance_60_15,REFERENCE_SEGMENT_09,A_BE_LATER_CLOSE,8abb9a8a7362d80f0e285464,DOGEUSDT,SHORT,CLOSED,2022-10-05T11:30:00+00:00,2022-10-05T16:15:00+00:00,-23.400000000000002,-1.0,3.7779053666932025,1.259301054386392,48323.14099716006,23.400000000000002,0.09643091330731288,True,"[{""action"": ""VIRTUAL_EXIT"", ""balance_change"": -21.516933945043395, ""entry_fee_allocation"": 1.8830660549566092, ""exit_fee"": 1.8948393117365934, ""gross_pnl"": -19.6220946333068, ""net_pnl"": -23.400000000000002, ""price"": 0.065353068, ""quantity"": 48323.14099716006, ""reason"": ""STOP_FIRST_CONSERVATIVE"", ""reference_price"": 0.06534, ""sequence"": 3, ""signal_id"": ""8abb9a8a7362d80f0e285464"", ""slippage_cost"": 0.6314868065511275, ""symbol"": ""DOGEUSDT"", ""time"": ""2022-10-05T16:15:00+00:00"", ""trade_entry_allowed"": false}]"
binance_60_15,REFERENCE_SEGMENT_09,A_ORIGINAL_SL_UNTIL_TP2,8abb9a8a7362d80f0e285464,DOGEUSDT,SHORT,CLOSED,2022-10-05T11:30:00+00:00,2022-10-05T16:15:00+00:00,-23.400000000000002,-1.0,3.7779053666932025,1.259301054386392,48323.14099716006,23.400000000000002,0.09643091330731288,True,"[{""action"": ""VIRTUAL_EXIT"", ""balance_change"": -21.516933945043395, ""entry_fee_allocation"": 1.8830660549566092, ""exit_fee"": 1.8948393117365934, ""gross_pnl"": -19.6220946333068, ""net_pnl"": -23.400000000000002, ""price"": 0.065353068, ""quantity"": 48323.14099716006, ""reason"": ""STOP_FIRST_CONSERVATIVE"", ""reference_price"": 0.06534, ""sequence"": 3, ""signal_id"": ""8abb9a8a7362d80f0e285464"", ""slippage_cost"": 0.6314868065511275, ""symbol"": ""DOGEUSDT"", ""time"": ""2022-10-05T16:15:00+00:00"", ""trade_entry_allowed"": false}]"
binance_60_15,REFERENCE_SEGMENT_09,A_STRUCTURAL_AFTER_TP1,8abb9a8a7362d80f0e285464,DOGEUSDT,SHORT,CLOSED,2022-10-05T11:30:00+00:00,2022-10-05T16:15:00+00:00,-23.400000000000002,-1.0,3.7779053666932025,1.259301054386392,48323.14099716006,23.400000000000002,0.09643091330731288,True,"[{""action"": ""VIRTUAL_EXIT"", ""balance_change"": -21.516933945043395, ""entry_fee_allocation"": 1.8830660549566092, ""exit_fee"": 1.8948393117365934, ""gross_pnl"": -19.6220946333068, ""net_pnl"": -23.400000000000002, ""price"": 0.065353068, ""quantity"": 48323.14099716006, ""reason"": ""STOP_FIRST_CONSERVATIVE"", ""reference_price"": 0.06534, ""sequence"": 3, ""signal_id"": ""8abb9a8a7362d80f0e285464"", ""slippage_cost"": 0.6314868065511275, ""symbol"": ""DOGEUSDT"", ""time"": ""2022-10-05T16:15:00+00:00"", ""trade_entry_allowed"": false}]"
binance_60_15,REFERENCE_SEGMENT_09,A_40_30_30_BE_TP1,e6149069c92ba2442d0a3cf3,XRPUSDT,LONG,CLOSED,2022-11-08T19:45:00+00:00,2022-11-08T19:45:00+00:00,-22.932000000000002,-1.0,2.9547809847056294,0.9849262352099049,7034.182511142447,22.932000000000002,0.02000000000000001,True,"[{""action"": ""VIRTUAL_EXIT"", ""balance_change"": -21.4486163419426, ""entry_fee_allocation"": 1.4833836580574031, ""exit_fee"": 1.4713973266482265, ""gross_pnl"": -19.977219015294374, ""net_pnl"": -22.932000000000002, ""price"": 0.34863026, ""quantity"": 7034.182511142447, ""reason"": ""STOP_FIRST_CONSERVATIVE"", ""reference_price"": 0.3487, ""sequence"": 3, ""signal_id"": ""e6149069c92ba2442d0a3cf3"", ""slippage_cost"": 0.4905638883269674, ""symbol"": ""XRPUSDT"", ""time"": ""2022-11-08T19:45:00+00:00"", ""trade_entry_allowed"": false}]"
binance_60_15,REFERENCE_SEGMENT_09,B_30_30_40_BE_TP1,e6149069c92ba2442d0a3cf3,XRPUSDT,LONG,CLOSED,2022-11-08T19:45:00+00:00,2022-11-08T19:45:00+00:00,-22.932000000000002,-1.0,2.9547809847056294,0.9849262352099049,7034.182511142447,22.932000000000002,0.02000000000000001,True,"[{""action"": ""VIRTUAL_EXIT"", ""balance_change"": -21.4486163419426, ""entry_fee_allocation"": 1.4833836580574031, ""exit_fee"": 1.4713973266482265, ""gross_pnl"": -19.977219015294374, ""net_pnl"": -22.932000000000002, ""price"": 0.34863026, ""quantity"": 7034.182511142447, ""reason"": ""STOP_FIRST_CONSERVATIVE"", ""reference_price"": 0.3487, ""sequence"": 3, ""signal_id"": ""e6149069c92ba2442d0a3cf3"", ""slippage_cost"": 0.4905638883269674, ""symbol"": ""XRPUSDT"", ""time"": ""2022-11-08T19:45:00+00:00"", ""trade_entry_allowed"": false}]"
binance_60_15,REFERENCE_SEGMENT_09,C_25_25_50_BE_TP1,e6149069c92ba2442d0a3cf3,XRPUSDT,LONG,CLOSED,2022-11-08T19:45:00+00:00,2022-11-08T19:45:00+00:00,-22.932000000000002,-1.0,2.9547809847056294,0.9849262352099049,7034.182511142447,22.932000000000002,0.02000000000000001,True,"[{""action"": ""VIRTUAL_EXIT"", ""balance_change"": -21.4486163419426, ""entry_fee_allocation"": 1.4833836580574031, ""exit_fee"": 1.4713973266482265, ""gross_pnl"": -19.977219015294374, ""net_pnl"": -22.932000000000002, ""price"": 0.34863026, ""quantity"": 7034.182511142447, ""reason"": ""STOP_FIRST_CONSERVATIVE"", ""reference_price"": 0.3487, ""sequence"": 3, ""signal_id"": ""e6149069c92ba2442d0a3cf3"", ""slippage_cost"": 0.4905638883269674, ""symbol"": ""XRPUSDT"", ""time"": ""2022-11-08T19:45:00+00:00"", ""trade_entry_allowed"": false}]"
binance_60_15,REFERENCE_SEGMENT_09,D_25_35_40_BE_TP1,e6149069c92ba2442d0a3cf3,XRPUSDT,LONG,CLOSED,2022-11-08T19:45:00+00:00,2022-11-08T19:45:00+00:00,-22.932000000000002,-1.0,2.9547809847056294,0.9849262352099049,7034.182511142447,22.932000000000002,0.02000000000000001,True,"[{""action"": ""VIRTUAL_EXIT"", ""balance_change"": -21.4486163419426, ""entry_fee_allocation"": 1.4833836580574031, ""exit_fee"": 1.4713973266482265, ""gross_pnl"": -19.977219015294374, ""net_pnl"": -22.932000000000002, ""price"": 0.34863026, ""quantity"": 7034.182511142447, ""reason"": ""STOP_FIRST_CONSERVATIVE"", ""reference_price"": 0.3487, ""sequence"": 3, ""signal_id"": ""e6149069c92ba2442d0a3cf3"", ""slippage_cost"": 0.4905638883269674, ""symbol"": ""XRPUSDT"", ""time"": ""2022-11-08T19:45:00+00:00"", ""trade_entry_allowed"": false}]"
binance_60_15,REFERENCE_SEGMENT_09,A_BE_LATER_CLOSE,e6149069c92ba2442d0a3cf3,XRPUSDT,LONG,CLOSED,2022-11-08T19:45:00+00:00,2022-11-08T19:45:00+00:00,-22.932000000000002,-1.0,2.9547809847056294,0.9849262352099049,7034.182511142447,22.932000000000002,0.02000000000000001,True,"[{""action"": ""VIRTUAL_EXIT"", ""balance_change"": -21.4486163419426, ""entry_fee_allocation"": 1.4833836580574031, ""exit_fee"": 1.4713973266482265, ""gross_pnl"": -19.977219015294374, ""net_pnl"": -22.932000000000002, ""price"": 0.34863026, ""quantity"": 7034.182511142447, ""reason"": ""STOP_FIRST_CONSERVATIVE"", ""reference_price"": 0.3487, ""sequence"": 3, ""signal_id"": ""e6149069c92ba2442d0a3cf3"", ""slippage_cost"": 0.4905638883269674, ""symbol"": ""XRPUSDT"", ""time"": ""2022-11-08T19:45:00+00:00"", ""trade_entry_allowed"": false}]"
binance_60_15,REFERENCE_SEGMENT_09,A_ORIGINAL_SL_UNTIL_TP2,e6149069c92ba2442d0a3cf3,XRPUSDT,LONG,CLOSED,2022-11-08T19:45:00+00:00,2022-11-08T19:45:00+00:00,-22.932000000000002,-1.0,2.9547809847056294,0.9849262352099049,7034.182511142447,22.932000000000002,0.02000000000000001,True,"[{""action"": ""VIRTUAL_EXIT"", ""balance_change"": -21.4486163419426, ""entry_fee_allocation"": 1.4833836580574031, ""exit_fee"": 1.4713973266482265, ""gross_pnl"": -19.977219015294374, ""net_pnl"": -22.932000000000002, ""price"": 0.34863026, ""quantity"": 7034.182511142447, ""reason"": ""STOP_FIRST_CONSERVATIVE"", ""reference_price"": 0.3487, ""sequence"": 3, ""signal_id"": ""e6149069c92ba2442d0a3cf3"", ""slippage_cost"": 0.4905638883269674, ""symbol"": ""XRPUSDT"", ""time"": ""2022-11-08T19:45:00+00:00"", ""trade_entry_allowed"": false}]"
binance_60_15,REFERENCE_SEGMENT_09,A_STRUCTURAL_AFTER_TP1,e6149069c92ba2442d0a3cf3,XRPUSDT,LONG,CLOSED,2022-11-08T19:45:00+00:00,2022-11-08T19:45:00+00:00,-22.932000000000002,-1.0,2.9547809847056294,0.9849262352099049,7034.182511142447,22.932000000000002,0.02000000000000001,True,"[{""action"": ""VIRTUAL_EXIT"", ""balance_change"": -21.4486163419426, ""entry_fee_allocation"": 1.4833836580574031, ""exit_fee"": 1.4713973266482265, ""gross_pnl"": -19.977219015294374, ""net_pnl"": -22.932000000000002, ""price"": 0.34863026, ""quantity"": 7034.182511142447, ""reason"": ""STOP_FIRST_CONSERVATIVE"", ""reference_price"": 0.3487, ""sequence"": 3, ""signal_id"": ""e6149069c92ba2442d0a3cf3"", ""slippage_cost"": 0.4905638883269674, ""symbol"": ""XRPUSDT"", ""time"": ""2022-11-08T19:45:00+00:00"", ""trade_entry_allowed"": false}]"
binance_60_15,REFERENCE_SEGMENT_09,A_40_30_30_BE_TP1,7de4fbc14e1518e48af3a248,SOLUSDT,SHORT,CLOSED,2022-11-23T19:15:00+00:00,2022-11-23T19:15:00+00:00,-22.473360000000007,-1.0000000000000002,3.1526448036598085,1.0508808704264376,182.69834325913823,22.473360000000003,0.01999999999999996,True,"[{""action"": ""VIRTUAL_EXIT"", ""balance_change"": -20.902833812729, ""entry_fee_allocation"": 1.5705261872710021, ""exit_fee"": 1.5821186163888061, ""gross_pnl"": -19.320715196340196, ""net_pnl"": -22.473360000000007, ""price"": 14.432886, ""quantity"": 182.69834325913823, ""reason"": ""STOP_FIRST_CONSERVATIVE"", ""reference_price"": 14.43, ""sequence"": 3, ""signal_id"": ""7de4fbc14e1518e48af3a248"", ""slippage_cost"": 0.5272674186459033, ""symbol"": ""SOLUSDT"", ""time"": ""2022-11-23T19:15:00+00:00"", ""trade_entry_allowed"": false}]"
binance_60_15,REFERENCE_SEGMENT_09,B_30_30_40_BE_TP1,7de4fbc14e1518e48af3a248,SOLUSDT,SHORT,CLOSED,2022-11-23T19:15:00+00:00,2022-11-23T19:15:00+00:00,-22.473360000000007,-1.0000000000000002,3.1526448036598085,1.0508808704264376,182.69834325913823,22.473360000000003,0.01999999999999996,True,"[{""action"": ""VIRTUAL_EXIT"", ""balance_change"": -20.902833812729, ""entry_fee_allocation"": 1.5705261872710021, ""exit_fee"": 1.5821186163888061, ""gross_pnl"": -19.320715196340196, ""net_pnl"": -22.473360000000007, ""price"": 14.432886, ""quantity"": 182.69834325913823, ""reason"": ""STOP_FIRST_CONSERVATIVE"", ""reference_price"": 14.43, ""sequence"": 3, ""signal_id"": ""7de4fbc14e1518e48af3a248"", ""slippage_cost"": 0.5272674186459033, ""symbol"": ""SOLUSDT"", ""time"": ""2022-11-23T19:15:00+00:00"", ""trade_entry_allowed"": false}]"
binance_60_15,REFERENCE_SEGMENT_09,C_25_25_50_BE_TP1,7de4fbc14e1518e48af3a248,SOLUSDT,SHORT,CLOSED,2022-11-23T19:15:00+00:00,2022-11-23T19:15:00+00:00,-22.473360000000007,-1.0000000000000002,3.1526448036598085,1.0508808704264376,182.69834325913823,22.473360000000003,0.01999999999999996,True,"[{""action"": ""VIRTUAL_EXIT"", ""balance_change"": -20.902833812729, ""entry_fee_allocation"": 1.5705261872710021, ""exit_fee"": 1.5821186163888061, ""gross_pnl"": -19.320715196340196, ""net_pnl"": -22.473360000000007, ""price"": 14.432886, ""quantity"": 182.69834325913823, ""reason"": ""STOP_FIRST_CONSERVATIVE"", ""reference_price"": 14.43, ""sequence"": 3, ""signal_id"": ""7de4fbc14e1518e48af3a248"", ""slippage_cost"": 0.5272674186459033, ""symbol"": ""SOLUSDT"", ""time"": ""2022-11-23T19:15:00+00:00"", ""trade_entry_allowed"": false}]"
binance_60_15,REFERENCE_SEGMENT_09,D_25_35_40_BE_TP1,7de4fbc14e1518e48af3a248,SOLUSDT,SHORT,CLOSED,2022-11-23T19:15:00+00:00,2022-11-23T19:15:00+00:00,-22.473360000000007,-1.0000000000000002,3.1526448036598085,1.0508808704264376,182.69834325913823,22.473360000000003,0.01999999999999996,True,"[{""action"": ""VIRTUAL_EXIT"", ""balance_change"": -20.902833812729, ""entry_fee_allocation"": 1.5705261872710021, ""exit_fee"": 1.5821186163888061, ""gross_pnl"": -19.320715196340196, ""net_pnl"": -22.473360000000007, ""price"": 14.432886, ""quantity"": 182.69834325913823, ""reason"": ""STOP_FIRST_CONSERVATIVE"", ""reference_price"": 14.43, ""sequence"": 3, ""signal_id"": ""7de4fbc14e1518e48af3a248"", ""slippage_cost"": 0.5272674186459033, ""symbol"": ""SOLUSDT"", ""time"": ""2022-11-23T19:15:00+00:00"", ""trade_entry_allowed"": false}]"
binance_60_15,REFERENCE_SEGMENT_09,A_BE_LATER_CLOSE,7de4fbc14e1518e48af3a248,SOLUSDT,SHORT,CLOSED,2022-11-23T19:15:00+00:00,2022-11-23T19:15:00+00:00,-22.473360000000007,-1.0000000000000002,3.1526448036598085,1.0508808704264376,182.69834325913823,22.473360000000003,0.01999999999999996,True,"[{""action"": ""VIRTUAL_EXIT"", ""balance_change"": -20.902833812729, ""entry_fee_allocation"": 1.5705261872710021, ""exit_fee"": 1.5821186163888061, ""gross_pnl"": -19.320715196340196, ""net_pnl"": -22.473360000000007, ""price"": 14.432886, ""quantity"": 182.69834325913823, ""reason"": ""STOP_FIRST_CONSERVATIVE"", ""reference_price"": 14.43, ""sequence"": 3, ""signal_id"": ""7de4fbc14e1518e48af3a248"", ""slippage_cost"": 0.5272674186459033, ""symbol"": ""SOLUSDT"", ""time"": ""2022-11-23T19:15:00+00:00"", ""trade_entry_allowed"": false}]"
binance_60_15,REFERENCE_SEGMENT_09,A_ORIGINAL_SL_UNTIL_TP2,7de4fbc14e1518e48af3a248,SOLUSDT,SHORT,CLOSED,2022-11-23T19:15:00+00:00,2022-11-23T19:15:00+00:00,-22.473360000000007,-1.0000000000000002,3.1526448036598085,1.0508808704264376,182.69834325913823,22.473360000000003,0.01999999999999996,True,"[{""action"": ""VIRTUAL_EXIT"", ""balance_change"": -20.902833812729, ""entry_fee_allocation"": 1.5705261872710021, ""exit_fee"": 1.5821186163888061, ""gross_pnl"": -19.320715196340196, ""net_pnl"": -22.473360000000007, ""price"": 14.432886, ""quantity"": 182.69834325913823, ""reason"": ""STOP_FIRST_CONSERVATIVE"", ""reference_price"": 14.43, ""sequence"": 3, ""signal_id"": ""7de4fbc14e1518e48af3a248"", ""slippage_cost"": 0.5272674186459033, ""symbol"": ""SOLUSDT"", ""time"": ""2022-11-23T19:15:00+00:00"", ""trade_entry_allowed"": false}]"
binance_60_15,REFERENCE_SEGMENT_09,A_STRUCTURAL_AFTER_TP1,7de4fbc14e1518e48af3a248,SOLUSDT,SHORT,CLOSED,2022-11-23T19:15:00+00:00,2022-11-23T19:15:00+00:00,-22.473360000000007,-1.0000000000000002,3.1526448036598085,1.0508808704264376,182.69834325913823,22.473360000000003,0.01999999999999996,True,"[{""action"": ""VIRTUAL_EXIT"", ""balance_change"": -20.902833812729, ""entry_fee_allocation"": 1.5705261872710021, ""exit_fee"": 1.5821186163888061, ""gross_pnl"": -19.320715196340196, ""net_pnl"": -22.473360000000007, ""price"": 14.432886, ""quantity"": 182.69834325913823, ""reason"": ""STOP_FIRST_CONSERVATIVE"", ""reference_price"": 14.43, ""sequence"": 3, ""signal_id"": ""7de4fbc14e1518e48af3a248"", ""slippage_cost"": 0.5272674186459033, ""symbol"": ""SOLUSDT"", ""time"": ""2022-11-23T19:15:00+00:00"", ""trade_entry_allowed"": false}]"
binance_60_15,REFERENCE_SEGMENT_10,A_40_30_30_BE_TP1,a410e4b0205940ae3c55ca67,ADAUSDT,LONG,CLOSED,2023-06-16T11:15:00+00:00,2023-06-16T11:30:00+00:00,-23.400000000000002,-1.0,3.268808475740157,1.0896020635833497,10578.660811486803,23.400000000000002,0.019999999999999882,True,"[{""action"": ""VIRTUAL_EXIT"", ""balance_change"": -21.759556404672647, ""entry_fee_allocation"": 1.6404435953273564, ""exit_fee"": 1.6283648804128006, ""gross_pnl"": -20.131191524259847, ""net_pnl"": -23.400000000000002, ""price"": 0.25654868, ""quantity"": 10578.660811486803, ""reason"": ""STOP_FIRST_CONSERVATIVE"", ""reference_price"": 0.2566, ""sequence"": 3, ""signal_id"": ""a410e4b0205940ae3c55ca67"", ""slippage_cost"": 0.5428968728457286, ""symbol"": ""ADAUSDT"", ""time"": ""2023-06-16T11:30:00+00:00"", ""trade_entry_allowed"": false}]"
binance_60_15,REFERENCE_SEGMENT_10,B_30_30_40_BE_TP1,a410e4b0205940ae3c55ca67,ADAUSDT,LONG,CLOSED,2023-06-16T11:15:00+00:00,2023-06-16T11:30:00+00:00,-23.400000000000002,-1.0,3.268808475740157,1.0896020635833497,10578.660811486803,23.400000000000002,0.019999999999999882,True,"[{""action"": ""VIRTUAL_EXIT"", ""balance_change"": -21.759556404672647, ""entry_fee_allocation"": 1.6404435953273564, ""exit_fee"": 1.6283648804128006, ""gross_pnl"": -20.131191524259847, ""net_pnl"": -23.400000000000002, ""price"": 0.25654868, ""quantity"": 10578.660811486803, ""reason"": ""STOP_FIRST_CONSERVATIVE"", ""reference_price"": 0.2566, ""sequence"": 3, ""signal_id"": ""a410e4b0205940ae3c55ca67"", ""slippage_cost"": 0.5428968728457286, ""symbol"": ""ADAUSDT"", ""time"": ""2023-06-16T11:30:00+00:00"", ""trade_entry_allowed"": false}]"
binance_60_15,REFERENCE_SEGMENT_10,C_25_25_50_BE_TP1,a410e4b0205940ae3c55ca67,ADAUSDT,LONG,CLOSED,2023-06-16T11:15:00+00:00,2023-06-16T11:30:00+00:00,-23.400000000000002,-1.0,3.268808475740157,1.0896020635833497,10578.660811486803,23.400000000000002,0.019999999999999882,True,"[{""action"": ""VIRTUAL_EXIT"", ""balance_change"": -21.759556404672647, ""entry_fee_allocation"": 1.6404435953273564, ""exit_fee"": 1.6283648804128006, ""gross_pnl"": -20.131191524259847, ""net_pnl"": -23.400000000000002, ""price"": 0.25654868, ""quantity"": 10578.660811486803, ""reason"": ""STOP_FIRST_CONSERVATIVE"", ""reference_price"": 0.2566, ""sequence"": 3, ""signal_id"": ""a410e4b0205940ae3c55ca67"", ""slippage_cost"": 0.5428968728457286, ""symbol"": ""ADAUSDT"", ""time"": ""2023-06-16T11:30:00+00:00"", ""trade_entry_allowed"": false}]"
binance_60_15,REFERENCE_SEGMENT_10,D_25_35_40_BE_TP1,a410e4b0205940ae3c55ca67,ADAUSDT,LONG,CLOSED,2023-06-16T11:15:00+00:00,2023-06-16T11:30:00+00:00,-23.400000000000002,-1.0,3.268808475740157,1.0896020635833497,10578.660811486803,23.400000000000002,0.019999999999999882,True,"[{""action"": ""VIRTUAL_EXIT"", ""balance_change"": -21.759556404672647, ""entry_fee_allocation"": 1.6404435953273564, ""exit_fee"": 1.6283648804128006, ""gross_pnl"": -20.131191524259847, ""net_pnl"": -23.400000000000002, ""price"": 0.25654868, ""quantity"": 10578.660811486803, ""reason"": ""STOP_FIRST_CONSERVATIVE"", ""reference_price"": 0.2566, ""sequence"": 3, ""signal_id"": ""a410e4b0205940ae3c55ca67"", ""slippage_cost"": 0.5428968728457286, ""symbol"": ""ADAUSDT"", ""time"": ""2023-06-16T11:30:00+00:00"", ""trade_entry_allowed"": false}]"
binance_60_15,REFERENCE_SEGMENT_10,A_BE_LATER_CLOSE,a410e4b0205940ae3c55ca67,ADAUSDT,LONG,CLOSED,2023-06-16T11:15:00+00:00,2023-06-16T11:30:00+00:00,-23.400000000000002,-1.0,3.268808475740157,1.0896020635833497,10578.660811486803,23.400000000000002,0.019999999999999882,True,"[{""action"": ""VIRTUAL_EXIT"", ""balance_change"": -21.759556404672647, ""entry_fee_allocation"": 1.6404435953273564, ""exit_fee"": 1.6283648804128006, ""gross_pnl"": -20.131191524259847, ""net_pnl"": -23.400000000000002, ""price"": 0.25654868, ""quantity"": 10578.660811486803, ""reason"": ""STOP_FIRST_CONSERVATIVE"", ""reference_price"": 0.2566, ""sequence"": 3, ""signal_id"": ""a410e4b0205940ae3c55ca67"", ""slippage_cost"": 0.5428968728457286, ""symbol"": ""ADAUSDT"", ""time"": ""2023-06-16T11:30:00+00:00"", ""trade_entry_allowed"": false}]"
binance_60_15,REFERENCE_SEGMENT_10,A_ORIGINAL_SL_UNTIL_TP2,a410e4b0205940ae3c55ca67,ADAUSDT,LONG,CLOSED,2023-06-16T11:15:00+00:00,2023-06-16T11:30:00+00:00,-23.400000000000002,-1.0,3.268808475740157,1.0896020635833497,10578.660811486803,23.400000000000002,0.019999999999999882,True,"[{""action"": ""VIRTUAL_EXIT"", ""balance_change"": -21.759556404672647, ""entry_fee_allocation"": 1.6404435953273564, ""exit_fee"": 1.6283648804128006, ""gross_pnl"": -20.131191524259847, ""net_pnl"": -23.400000000000002, ""price"": 0.25654868, ""quantity"": 10578.660811486803, ""reason"": ""STOP_FIRST_CONSERVATIVE"", ""reference_price"": 0.2566, ""sequence"": 3, ""signal_id"": ""a410e4b0205940ae3c55ca67"", ""slippage_cost"": 0.5428968728457286, ""symbol"": ""ADAUSDT"", ""time"": ""2023-06-16T11:30:00+00:00"", ""trade_entry_allowed"": false}]"
binance_60_15,REFERENCE_SEGMENT_10,A_STRUCTURAL_AFTER_TP1,a410e4b0205940ae3c55ca67,ADAUSDT,LONG,CLOSED,2023-06-16T11:15:00+00:00,2023-06-16T11:30:00+00:00,-23.400000000000002,-1.0,3.268808475740157,1.0896020635833497,10578.660811486803,23.400000000000002,0.019999999999999882,True,"[{""action"": ""VIRTUAL_EXIT"", ""balance_change"": -21.759556404672647, ""entry_fee_allocation"": 1.6404435953273564, ""exit_fee"": 1.6283648804128006, ""gross_pnl"": -20.131191524259847, ""net_pnl"": -23.400000000000002, ""price"": 0.25654868, ""quantity"": 10578.660811486803, ""reason"": ""STOP_FIRST_CONSERVATIVE"", ""reference_price"": 0.2566, ""sequence"": 3, ""signal_id"": ""a410e4b0205940ae3c55ca67"", ""slippage_cost"": 0.5428968728457286, ""symbol"": ""ADAUSDT"", ""time"": ""2023-06-16T11:30:00+00:00"", ""trade_entry_allowed"": false}]"
binance_60_15,VALIDATION_SEGMENT_10,A_40_30_30_BE_TP1,1e56be1a7e88d6c594f846c9,BNBUSDT,LONG,CLOSED,2024-07-03T10:45:00+00:00,2024-07-03T20:00:00+00:00,-23.4,-0.9999999999999999,2.862915201880866,0.9543042839822062,4.310539404388488,23.400000000000002,0.03776910216133819,True,"[{""action"": ""VIRTUAL_EXIT"", ""balance_change"": -21.96238127362013, ""entry_fee_allocation"": 1.4376187263798685, ""exit_fee"": 1.4252964755009971, ""gross_pnl"": -20.537084798119135, ""net_pnl"": -23.4, ""price"": 551.0897600000001, ""quantity"": 4.310539404388488, ""reason"": ""STOP_FIRST_CONSERVATIVE"", ""reference_price"": 551.2, ""sequence"": 3, ""signal_id"": ""1e56be1a7e88d6c594f846c9"", ""slippage_cost"": 0.4751938639396841, ""symbol"": ""BNBUSDT"", ""time"": ""2024-07-03T20:00:00+00:00"", ""trade_entry_allowed"": false}]"
binance_60_15,VALIDATION_SEGMENT_10,B_30_30_40_BE_TP1,1e56be1a7e88d6c594f846c9,BNBUSDT,LONG,CLOSED,2024-07-03T10:45:00+00:00,2024-07-03T20:00:00+00:00,-23.4,-0.9999999999999999,2.862915201880866,0.9543042839822062,4.310539404388488,23.400000000000002,0.03776910216133819,True,"[{""action"": ""VIRTUAL_EXIT"", ""balance_change"": -21.96238127362013, ""entry_fee_allocation"": 1.4376187263798685, ""exit_fee"": 1.4252964755009971, ""gross_pnl"": -20.537084798119135, ""net_pnl"": -23.4, ""price"": 551.0897600000001, ""quantity"": 4.310539404388488, ""reason"": ""STOP_FIRST_CONSERVATIVE"", ""reference_price"": 551.2, ""sequence"": 3, ""signal_id"": ""1e56be1a7e88d6c594f846c9"", ""slippage_cost"": 0.4751938639396841, ""symbol"": ""BNBUSDT"", ""time"": ""2024-07-03T20:00:00+00:00"", ""trade_entry_allowed"": false}]"
binance_60_15,VALIDATION_SEGMENT_10,C_25_25_50_BE_TP1,1e56be1a7e88d6c594f846c9,BNBUSDT,LONG,CLOSED,2024-07-03T10:45:00+00:00,2024-07-03T20:00:00+00:00,-23.4,-0.9999999999999999,2.862915201880866,0.9543042839822062,4.310539404388488,23.400000000000002,0.03776910216133819,True,"[{""action"": ""VIRTUAL_EXIT"", ""balance_change"": -21.96238127362013, ""entry_fee_allocation"": 1.4376187263798685, ""exit_fee"": 1.4252964755009971, ""gross_pnl"": -20.537084798119135, ""net_pnl"": -23.4, ""price"": 551.0897600000001, ""quantity"": 4.310539404388488, ""reason"": ""STOP_FIRST_CONSERVATIVE"", ""reference_price"": 551.2, ""sequence"": 3, ""signal_id"": ""1e56be1a7e88d6c594f846c9"", ""slippage_cost"": 0.4751938639396841, ""symbol"": ""BNBUSDT"", ""time"": ""2024-07-03T20:00:00+00:00"", ""trade_entry_allowed"": false}]"
binance_60_15,VALIDATION_SEGMENT_10,D_25_35_40_BE_TP1,1e56be1a7e88d6c594f846c9,BNBUSDT,LONG,CLOSED,2024-07-03T10:45:00+00:00,2024-07-03T20:00:00+00:00,-23.4,-0.9999999999999999,2.862915201880866,0.9543042839822062,4.310539404388488,23.400000000000002,0.03776910216133819,True,"[{""action"": ""VIRTUAL_EXIT"", ""balance_change"": -21.96238127362013, ""entry_fee_allocation"": 1.4376187263798685, ""exit_fee"": 1.4252964755009971, ""gross_pnl"": -20.537084798119135, ""net_pnl"": -23.4, ""price"": 551.0897600000001, ""quantity"": 4.310539404388488, ""reason"": ""STOP_FIRST_CONSERVATIVE"", ""reference_price"": 551.2, ""sequence"": 3, ""signal_id"": ""1e56be1a7e88d6c594f846c9"", ""slippage_cost"": 0.4751938639396841, ""symbol"": ""BNBUSDT"", ""time"": ""2024-07-03T20:00:00+00:00"", ""trade_entry_allowed"": false}]"
binance_60_15,VALIDATION_SEGMENT_10,A_BE_LATER_CLOSE,1e56be1a7e88d6c594f846c9,BNBUSDT,LONG,CLOSED,2024-07-03T10:45:00+00:00,2024-07-03T20:00:00+00:00,-23.4,-0.9999999999999999,2.862915201880866,0.9543042839822062,4.310539404388488,23.400000000000002,0.03776910216133819,True,"[{""action"": ""VIRTUAL_EXIT"", ""balance_change"": -21.96238127362013, ""entry_fee_allocation"": 1.4376187263798685, ""exit_fee"": 1.4252964755009971, ""gross_pnl"": -20.537084798119135, ""net_pnl"": -23.4, ""price"": 551.0897600000001, ""quantity"": 4.310539404388488, ""reason"": ""STOP_FIRST_CONSERVATIVE"", ""reference_price"": 551.2, ""sequence"": 3, ""signal_id"": ""1e56be1a7e88d6c594f846c9"", ""slippage_cost"": 0.4751938639396841, ""symbol"": ""BNBUSDT"", ""time"": ""2024-07-03T20:00:00+00:00"", ""trade_entry_allowed"": false}]"
binance_60_15,VALIDATION_SEGMENT_10,A_ORIGINAL_SL_UNTIL_TP2,1e56be1a7e88d6c594f846c9,BNBUSDT,LONG,CLOSED,2024-07-03T10:45:00+00:00,2024-07-03T20:00:00+00:00,-23.4,-0.9999999999999999,2.862915201880866,0.9543042839822062,4.310539404388488,23.400000000000002,0.03776910216133819,True,"[{""action"": ""VIRTUAL_EXIT"", ""balance_change"": -21.96238127362013, ""entry_fee_allocation"": 1.4376187263798685, ""exit_fee"": 1.4252964755009971, ""gross_pnl"": -20.537084798119135, ""net_pnl"": -23.4, ""price"": 551.0897600000001, ""quantity"": 4.310539404388488, ""reason"": ""STOP_FIRST_CONSERVATIVE"", ""reference_price"": 551.2, ""sequence"": 3, ""signal_id"": ""1e56be1a7e88d6c594f846c9"", ""slippage_cost"": 0.4751938639396841, ""symbol"": ""BNBUSDT"", ""time"": ""2024-07-03T20:00:00+00:00"", ""trade_entry_allowed"": false}]"
binance_60_15,VALIDATION_SEGMENT_10,A_STRUCTURAL_AFTER_TP1,1e56be1a7e88d6c594f846c9,BNBUSDT,LONG,CLOSED,2024-07-03T10:45:00+00:00,2024-07-03T20:00:00+00:00,-23.4,-0.9999999999999999,2.862915201880866,0.9543042839822062,4.310539404388488,23.400000000000002,0.03776910216133819,True,"[{""action"": ""VIRTUAL_EXIT"", ""balance_change"": -21.96238127362013, ""entry_fee_allocation"": 1.4376187263798685, ""exit_fee"": 1.4252964755009971, ""gross_pnl"": -20.537084798119135, ""net_pnl"": -23.4, ""price"": 551.0897600000001, ""quantity"": 4.310539404388488, ""reason"": ""STOP_FIRST_CONSERVATIVE"", ""reference_price"": 551.2, ""sequence"": 3, ""signal_id"": ""1e56be1a7e88d6c594f846c9"", ""slippage_cost"": 0.4751938639396841, ""symbol"": ""BNBUSDT"", ""time"": ""2024-07-03T20:00:00+00:00"", ""trade_entry_allowed"": false}]"
binance_60_5,HOLDOUT_SEGMENT_10,A_40_30_30_BE_TP1,7ee3f1426d1215ff8423b8e7,ADAUSDT,LONG,CLOSED,2025-01-09T07:35:00+00:00,2025-01-09T10:25:00+00:00,-23.400000000000002,-1.0,2.8691235181548977,0.9563737230714378,2622.6974956486606,23.400000000000002,0.03959979692910046,True,"[{""action"": ""VIRTUAL_EXIT"", ""balance_change"": -21.959278977978, ""entry_fee_allocation"": 1.4407210220220026, ""exit_fee"": 1.4284024961328954, ""gross_pnl"": -20.5308764818451, ""net_pnl"": -23.400000000000002, ""price"": 0.90771842, ""quantity"": 2622.6974956486606, ""reason"": ""STOP_FIRST_CONSERVATIVE"", ""reference_price"": 0.9079, ""sequence"": 3, ""signal_id"": ""7ee3f1426d1215ff8423b8e7"", ""slippage_cost"": 0.47622941125992185, ""symbol"": ""ADAUSDT"", ""time"": ""2025-01-09T10:25:00+00:00"", ""trade_entry_allowed"": false}]"
binance_60_5,HOLDOUT_SEGMENT_10,B_30_30_40_BE_TP1,7ee3f1426d1215ff8423b8e7,ADAUSDT,LONG,CLOSED,2025-01-09T07:35:00+00:00,2025-01-09T10:25:00+00:00,-23.400000000000002,-1.0,2.8691235181548977,0.9563737230714378,2622.6974956486606,23.400000000000002,0.03959979692910046,True,"[{""action"": ""VIRTUAL_EXIT"", ""balance_change"": -21.959278977978, ""entry_fee_allocation"": 1.4407210220220026, ""exit_fee"": 1.4284024961328954, ""gross_pnl"": -20.5308764818451, ""net_pnl"": -23.400000000000002, ""price"": 0.90771842, ""quantity"": 2622.6974956486606, ""reason"": ""STOP_FIRST_CONSERVATIVE"", ""reference_price"": 0.9079, ""sequence"": 3, ""signal_id"": ""7ee3f1426d1215ff8423b8e7"", ""slippage_cost"": 0.47622941125992185, ""symbol"": ""ADAUSDT"", ""time"": ""2025-01-09T10:25:00+00:00"", ""trade_entry_allowed"": false}]"
binance_60_5,HOLDOUT_SEGMENT_10,C_25_25_50_BE_TP1,7ee3f1426d1215ff8423b8e7,ADAUSDT,LONG,CLOSED,2025-01-09T07:35:00+00:00,2025-01-09T10:25:00+00:00,-23.400000000000002,-1.0,2.8691235181548977,0.9563737230714378,2622.6974956486606,23.400000000000002,0.03959979692910046,True,"[{""action"": ""VIRTUAL_EXIT"", ""balance_change"": -21.959278977978, ""entry_fee_allocation"": 1.4407210220220026, ""exit_fee"": 1.4284024961328954, ""gross_pnl"": -20.5308764818451, ""net_pnl"": -23.400000000000002, ""price"": 0.90771842, ""quantity"": 2622.6974956486606, ""reason"": ""STOP_FIRST_CONSERVATIVE"", ""reference_price"": 0.9079, ""sequence"": 3, ""signal_id"": ""7ee3f1426d1215ff8423b8e7"", ""slippage_cost"": 0.47622941125992185, ""symbol"": ""ADAUSDT"", ""time"": ""2025-01-09T10:25:00+00:00"", ""trade_entry_allowed"": false}]"
binance_60_5,HOLDOUT_SEGMENT_10,D_25_35_40_BE_TP1,7ee3f1426d1215ff8423b8e7,ADAUSDT,LONG,CLOSED,2025-01-09T07:35:00+00:00,2025-01-09T10:25:00+00:00,-23.400000000000002,-1.0,2.8691235181548977,0.9563737230714378,2622.6974956486606,23.400000000000002,0.03959979692910046,True,"[{""action"": ""VIRTUAL_EXIT"", ""balance_change"": -21.959278977978, ""entry_fee_allocation"": 1.4407210220220026, ""exit_fee"": 1.4284024961328954, ""gross_pnl"": -20.5308764818451, ""net_pnl"": -23.400000000000002, ""price"": 0.90771842, ""quantity"": 2622.6974956486606, ""reason"": ""STOP_FIRST_CONSERVATIVE"", ""reference_price"": 0.9079, ""sequence"": 3, ""signal_id"": ""7ee3f1426d1215ff8423b8e7"", ""slippage_cost"": 0.47622941125992185, ""symbol"": ""ADAUSDT"", ""time"": ""2025-01-09T10:25:00+00:00"", ""trade_entry_allowed"": false}]"
binance_60_5,HOLDOUT_SEGMENT_10,A_BE_LATER_CLOSE,7ee3f1426d1215ff8423b8e7,ADAUSDT,LONG,CLOSED,2025-01-09T07:35:00+00:00,2025-01-09T10:25:00+00:00,-23.400000000000002,-1.0,2.8691235181548977,0.9563737230714378,2622.6974956486606,23.400000000000002,0.03959979692910046,True,"[{""action"": ""VIRTUAL_EXIT"", ""balance_change"": -21.959278977978, ""entry_fee_allocation"": 1.4407210220220026, ""exit_fee"": 1.4284024961328954, ""gross_pnl"": -20.5308764818451, ""net_pnl"": -23.400000000000002, ""price"": 0.90771842, ""quantity"": 2622.6974956486606, ""reason"": ""STOP_FIRST_CONSERVATIVE"", ""reference_price"": 0.9079, ""sequence"": 3, ""signal_id"": ""7ee3f1426d1215ff8423b8e7"", ""slippage_cost"": 0.47622941125992185, ""symbol"": ""ADAUSDT"", ""time"": ""2025-01-09T10:25:00+00:00"", ""trade_entry_allowed"": false}]"
binance_60_5,HOLDOUT_SEGMENT_10,A_ORIGINAL_SL_UNTIL_TP2,7ee3f1426d1215ff8423b8e7,ADAUSDT,LONG,CLOSED,2025-01-09T07:35:00+00:00,2025-01-09T10:25:00+00:00,-23.400000000000002,-1.0,2.8691235181548977,0.9563737230714378,2622.6974956486606,23.400000000000002,0.03959979692910046,True,"[{""action"": ""VIRTUAL_EXIT"", ""balance_change"": -21.959278977978, ""entry_fee_allocation"": 1.4407210220220026, ""exit_fee"": 1.4284024961328954, ""gross_pnl"": -20.5308764818451, ""net_pnl"": -23.400000000000002, ""price"": 0.90771842, ""quantity"": 2622.6974956486606, ""reason"": ""STOP_FIRST_CONSERVATIVE"", ""reference_price"": 0.9079, ""sequence"": 3, ""signal_id"": ""7ee3f1426d1215ff8423b8e7"", ""slippage_cost"": 0.47622941125992185, ""symbol"": ""ADAUSDT"", ""time"": ""2025-01-09T10:25:00+00:00"", ""trade_entry_allowed"": false}]"
binance_60_5,HOLDOUT_SEGMENT_10,A_STRUCTURAL_AFTER_TP1,7ee3f1426d1215ff8423b8e7,ADAUSDT,LONG,CLOSED,2025-01-09T07:35:00+00:00,2025-01-09T10:25:00+00:00,-23.400000000000002,-1.0,2.8691235181548977,0.9563737230714378,2622.6974956486606,23.400000000000002,0.03959979692910046,True,"[{""action"": ""VIRTUAL_EXIT"", ""balance_change"": -21.959278977978, ""entry_fee_allocation"": 1.4407210220220026, ""exit_fee"": 1.4284024961328954, ""gross_pnl"": -20.5308764818451, ""net_pnl"": -23.400000000000002, ""price"": 0.90771842, ""quantity"": 2622.6974956486606, ""reason"": ""STOP_FIRST_CONSERVATIVE"", ""reference_price"": 0.9079, ""sequence"": 3, ""signal_id"": ""7ee3f1426d1215ff8423b8e7"", ""slippage_cost"": 0.47622941125992185, ""symbol"": ""ADAUSDT"", ""time"": ""2025-01-09T10:25:00+00:00"", ""trade_entry_allowed"": false}]"
binance_60_5,VALIDATION_SEGMENT_10,A_40_30_30_BE_TP1,79fb6138ae7ad995ce47e039,ETHUSDT,LONG,CLOSED,2024-10-08T14:35:00+00:00,2024-10-08T15:35:00+00:00,-23.400000000000002,-1.0,3.8523086812863605,1.284102163218369,1.3321363351929412,23.400000000000002,0.039977155773193676,True,"[{""action"": ""VIRTUAL_EXIT"", ""balance_change"": -21.467981351961207, ""entry_fee_allocation"": 1.9320186480387944, ""exit_fee"": 1.9202900332475663, ""gross_pnl"": -19.54769131871364, ""net_pnl"": -23.400000000000002, ""price"": 2402.5194, ""quantity"": 1.3321363351929412, ""reason"": ""STOP_FIRST_CONSERVATIVE"", ""reference_price"": 2403.0, ""sequence"": 3, ""signal_id"": ""79fb6138ae7ad995ce47e039"", ""slippage_cost"": 0.6402247226935511, ""symbol"": ""ETHUSDT"", ""time"": ""2024-10-08T15:35:00+00:00"", ""trade_entry_allowed"": false}]"
binance_60_5,VALIDATION_SEGMENT_10,B_30_30_40_BE_TP1,79fb6138ae7ad995ce47e039,ETHUSDT,LONG,CLOSED,2024-10-08T14:35:00+00:00,2024-10-08T15:35:00+00:00,-23.400000000000002,-1.0,3.8523086812863605,1.284102163218369,1.3321363351929412,23.400000000000002,0.039977155773193676,True,"[{""action"": ""VIRTUAL_EXIT"", ""balance_change"": -21.467981351961207, ""entry_fee_allocation"": 1.9320186480387944, ""exit_fee"": 1.9202900332475663, ""gross_pnl"": -19.54769131871364, ""net_pnl"": -23.400000000000002, ""price"": 2402.5194, ""quantity"": 1.3321363351929412, ""reason"": ""STOP_FIRST_CONSERVATIVE"", ""reference_price"": 2403.0, ""sequence"": 3, ""signal_id"": ""79fb6138ae7ad995ce47e039"", ""slippage_cost"": 0.6402247226935511, ""symbol"": ""ETHUSDT"", ""time"": ""2024-10-08T15:35:00+00:00"", ""trade_entry_allowed"": false}]"
binance_60_5,VALIDATION_SEGMENT_10,C_25_25_50_BE_TP1,79fb6138ae7ad995ce47e039,ETHUSDT,LONG,CLOSED,2024-10-08T14:35:00+00:00,2024-10-08T15:35:00+00:00,-23.400000000000002,-1.0,3.8523086812863605,1.284102163218369,1.3321363351929412,23.400000000000002,0.039977155773193676,True,"[{""action"": ""VIRTUAL_EXIT"", ""balance_change"": -21.467981351961207, ""entry_fee_allocation"": 1.9320186480387944, ""exit_fee"": 1.9202900332475663, ""gross_pnl"": -19.54769131871364, ""net_pnl"": -23.400000000000002, ""price"": 2402.5194, ""quantity"": 1.3321363351929412, ""reason"": ""STOP_FIRST_CONSERVATIVE"", ""reference_price"": 2403.0, ""sequence"": 3, ""signal_id"": ""79fb6138ae7ad995ce47e039"", ""slippage_cost"": 0.6402247226935511, ""symbol"": ""ETHUSDT"", ""time"": ""2024-10-08T15:35:00+00:00"", ""trade_entry_allowed"": false}]"
binance_60_5,VALIDATION_SEGMENT_10,D_25_35_40_BE_TP1,79fb6138ae7ad995ce47e039,ETHUSDT,LONG,CLOSED,2024-10-08T14:35:00+00:00,2024-10-08T15:35:00+00:00,-23.400000000000002,-1.0,3.8523086812863605,1.284102163218369,1.3321363351929412,23.400000000000002,0.039977155773193676,True,"[{""action"": ""VIRTUAL_EXIT"", ""balance_change"": -21.467981351961207, ""entry_fee_allocation"": 1.9320186480387944, ""exit_fee"": 1.9202900332475663, ""gross_pnl"": -19.54769131871364, ""net_pnl"": -23.400000000000002, ""price"": 2402.5194, ""quantity"": 1.3321363351929412, ""reason"": ""STOP_FIRST_CONSERVATIVE"", ""reference_price"": 2403.0, ""sequence"": 3, ""signal_id"": ""79fb6138ae7ad995ce47e039"", ""slippage_cost"": 0.6402247226935511, ""symbol"": ""ETHUSDT"", ""time"": ""2024-10-08T15:35:00+00:00"", ""trade_entry_allowed"": false}]"
binance_60_5,VALIDATION_SEGMENT_10,A_BE_LATER_CLOSE,79fb6138ae7ad995ce47e039,ETHUSDT,LONG,CLOSED,2024-10-08T14:35:00+00:00,2024-10-08T15:35:00+00:00,-23.400000000000002,-1.0,3.8523086812863605,1.284102163218369,1.3321363351929412,23.400000000000002,0.039977155773193676,True,"[{""action"": ""VIRTUAL_EXIT"", ""balance_change"": -21.467981351961207, ""entry_fee_allocation"": 1.9320186480387944, ""exit_fee"": 1.9202900332475663, ""gross_pnl"": -19.54769131871364, ""net_pnl"": -23.400000000000002, ""price"": 2402.5194, ""quantity"": 1.3321363351929412, ""reason"": ""STOP_FIRST_CONSERVATIVE"", ""reference_price"": 2403.0, ""sequence"": 3, ""signal_id"": ""79fb6138ae7ad995ce47e039"", ""slippage_cost"": 0.6402247226935511, ""symbol"": ""ETHUSDT"", ""time"": ""2024-10-08T15:35:00+00:00"", ""trade_entry_allowed"": false}]"
binance_60_5,VALIDATION_SEGMENT_10,A_ORIGINAL_SL_UNTIL_TP2,79fb6138ae7ad995ce47e039,ETHUSDT,LONG,CLOSED,2024-10-08T14:35:00+00:00,2024-10-08T15:35:00+00:00,-23.400000000000002,-1.0,3.8523086812863605,1.284102163218369,1.3321363351929412,23.400000000000002,0.039977155773193676,True,"[{""action"": ""VIRTUAL_EXIT"", ""balance_change"": -21.467981351961207, ""entry_fee_allocation"": 1.9320186480387944, ""exit_fee"": 1.9202900332475663, ""gross_pnl"": -19.54769131871364, ""net_pnl"": -23.400000000000002, ""price"": 2402.5194, ""quantity"": 1.3321363351929412, ""reason"": ""STOP_FIRST_CONSERVATIVE"", ""reference_price"": 2403.0, ""sequence"": 3, ""signal_id"": ""79fb6138ae7ad995ce47e039"", ""slippage_cost"": 0.6402247226935511, ""symbol"": ""ETHUSDT"", ""time"": ""2024-10-08T15:35:00+00:00"", ""trade_entry_allowed"": false}]"
binance_60_5,VALIDATION_SEGMENT_10,A_STRUCTURAL_AFTER_TP1,79fb6138ae7ad995ce47e039,ETHUSDT,LONG,CLOSED,2024-10-08T14:35:00+00:00,2024-10-08T15:35:00+00:00,-23.400000000000002,-1.0,3.8523086812863605,1.284102163218369,1.3321363351929412,23.400000000000002,0.039977155773193676,True,"[{""action"": ""VIRTUAL_EXIT"", ""balance_change"": -21.467981351961207, ""entry_fee_allocation"": 1.9320186480387944, ""exit_fee"": 1.9202900332475663, ""gross_pnl"": -19.54769131871364, ""net_pnl"": -23.400000000000002, ""price"": 2402.5194, ""quantity"": 1.3321363351929412, ""reason"": ""STOP_FIRST_CONSERVATIVE"", ""reference_price"": 2403.0, ""sequence"": 3, ""signal_id"": ""79fb6138ae7ad995ce47e039"", ""slippage_cost"": 0.6402247226935511, ""symbol"": ""ETHUSDT"", ""time"": ""2024-10-08T15:35:00+00:00"", ""trade_entry_allowed"": false}]"
bybit_240_15,REFERENCE_SEGMENT_00,A_40_30_30_BE_TP1,6ca9b83dc1eac2dd089dda1b,ETHUSDT,LONG,CLOSED,2021-06-22T12:30:00+00:00,2021-06-22T14:00:00+00:00,-23.4,-0.9999999999999999,0.5242125375357671,0.174736604469891,0.24594854667382834,23.400000000000002,0.019999999999999882,True,"[{""action"": ""VIRTUAL_EXIT"", ""balance_change"": -23.131030994993377, ""entry_fee_allocation"": 0.26896900500662285, ""exit_fee"": 0.25524353252914433, ""gross_pnl"": -22.875787462464235, ""net_pnl"": -23.4, ""price"": 1729.654, ""quantity"": 0.24594854667382834, ""reason"": ""STOP_FIRST_CONSERVATIVE"", ""reference_price"": 1730.0, ""sequence"": 3, ""signal_id"": ""6ca9b83dc1eac2dd089dda1b"", ""slippage_cost"": 0.0850981971491455, ""symbol"": ""ETHUSDT"", ""time"": ""2021-06-22T14:00:00+00:00"", ""trade_entry_allowed"": false}]"
bybit_240_15,REFERENCE_SEGMENT_00,B_30_30_40_BE_TP1,6ca9b83dc1eac2dd089dda1b,ETHUSDT,LONG,CLOSED,2021-06-22T12:30:00+00:00,2021-06-22T14:00:00+00:00,-23.4,-0.9999999999999999,0.5242125375357671,0.174736604469891,0.24594854667382834,23.400000000000002,0.019999999999999882,True,"[{""action"": ""VIRTUAL_EXIT"", ""balance_change"": -23.131030994993377, ""entry_fee_allocation"": 0.26896900500662285, ""exit_fee"": 0.25524353252914433, ""gross_pnl"": -22.875787462464235, ""net_pnl"": -23.4, ""price"": 1729.654, ""quantity"": 0.24594854667382834, ""reason"": ""STOP_FIRST_CONSERVATIVE"", ""reference_price"": 1730.0, ""sequence"": 3, ""signal_id"": ""6ca9b83dc1eac2dd089dda1b"", ""slippage_cost"": 0.0850981971491455, ""symbol"": ""ETHUSDT"", ""time"": ""2021-06-22T14:00:00+00:00"", ""trade_entry_allowed"": false}]"
bybit_240_15,REFERENCE_SEGMENT_00,C_25_25_50_BE_TP1,6ca9b83dc1eac2dd089dda1b,ETHUSDT,LONG,CLOSED,2021-06-22T12:30:00+00:00,2021-06-22T14:00:00+00:00,-23.4,-0.9999999999999999,0.5242125375357671,0.174736604469891,0.24594854667382834,23.400000000000002,0.019999999999999882,True,"[{""action"": ""VIRTUAL_EXIT"", ""balance_change"": -23.131030994993377, ""entry_fee_allocation"": 0.26896900500662285, ""exit_fee"": 0.25524353252914433, ""gross_pnl"": -22.875787462464235, ""net_pnl"": -23.4, ""price"": 1729.654, ""quantity"": 0.24594854667382834, ""reason"": ""STOP_FIRST_CONSERVATIVE"", ""reference_price"": 1730.0, ""sequence"": 3, ""signal_id"": ""6ca9b83dc1eac2dd089dda1b"", ""slippage_cost"": 0.0850981971491455, ""symbol"": ""ETHUSDT"", ""time"": ""2021-06-22T14:00:00+00:00"", ""trade_entry_allowed"": false}]"
bybit_240_15,REFERENCE_SEGMENT_00,D_25_35_40_BE_TP1,6ca9b83dc1eac2dd089dda1b,ETHUSDT,LONG,CLOSED,2021-06-22T12:30:00+00:00,2021-06-22T14:00:00+00:00,-23.4,-0.9999999999999999,0.5242125375357671,0.174736604469891,0.24594854667382834,23.400000000000002,0.019999999999999882,True,"[{""action"": ""VIRTUAL_EXIT"", ""balance_change"": -23.131030994993377, ""entry_fee_allocation"": 0.26896900500662285, ""exit_fee"": 0.25524353252914433, ""gross_pnl"": -22.875787462464235, ""net_pnl"": -23.4, ""price"": 1729.654, ""quantity"": 0.24594854667382834, ""reason"": ""STOP_FIRST_CONSERVATIVE"", ""reference_price"": 1730.0, ""sequence"": 3, ""signal_id"": ""6ca9b83dc1eac2dd089dda1b"", ""slippage_cost"": 0.0850981971491455, ""symbol"": ""ETHUSDT"", ""time"": ""2021-06-22T14:00:00+00:00"", ""trade_entry_allowed"": false}]"
bybit_240_15,REFERENCE_SEGMENT_00,A_BE_LATER_CLOSE,6ca9b83dc1eac2dd089dda1b,ETHUSDT,LONG,CLOSED,2021-06-22T12:30:00+00:00,2021-06-22T14:00:00+00:00,-23.4,-0.9999999999999999,0.5242125375357671,0.174736604469891,0.24594854667382834,23.400000000000002,0.019999999999999882,True,"[{""action"": ""VIRTUAL_EXIT"", ""balance_change"": -23.131030994993377, ""entry_fee_allocation"": 0.26896900500662285, ""exit_fee"": 0.25524353252914433, ""gross_pnl"": -22.875787462464235, ""net_pnl"": -23.4, ""price"": 1729.654, ""quantity"": 0.24594854667382834, ""reason"": ""STOP_FIRST_CONSERVATIVE"", ""reference_price"": 1730.0, ""sequence"": 3, ""signal_id"": ""6ca9b83dc1eac2dd089dda1b"", ""slippage_cost"": 0.0850981971491455, ""symbol"": ""ETHUSDT"", ""time"": ""2021-06-22T14:00:00+00:00"", ""trade_entry_allowed"": false}]"
bybit_240_15,REFERENCE_SEGMENT_00,A_ORIGINAL_SL_UNTIL_TP2,6ca9b83dc1eac2dd089dda1b,ETHUSDT,LONG,CLOSED,2021-06-22T12:30:00+00:00,2021-06-22T14:00:00+00:00,-23.4,-0.9999999999999999,0.5242125375357671,0.174736604469891,0.24594854667382834,23.400000000000002,0.019999999999999882,True,"[{""action"": ""VIRTUAL_EXIT"", ""balance_change"": -23.131030994993377, ""entry_fee_allocation"": 0.26896900500662285, ""exit_fee"": 0.25524353252914433, ""gross_pnl"": -22.875787462464235, ""net_pnl"": -23.4, ""price"": 1729.654, ""quantity"": 0.24594854667382834, ""reason"": ""STOP_FIRST_CONSERVATIVE"", ""reference_price"": 1730.0, ""sequence"": 3, ""signal_id"": ""6ca9b83dc1eac2dd089dda1b"", ""slippage_cost"": 0.0850981971491455, ""symbol"": ""ETHUSDT"", ""time"": ""2021-06-22T14:00:00+00:00"", ""trade_entry_allowed"": false}]"
bybit_240_15,REFERENCE_SEGMENT_00,A_STRUCTURAL_AFTER_TP1,6ca9b83dc1eac2dd089dda1b,ETHUSDT,LONG,CLOSED,2021-06-22T12:30:00+00:00,2021-06-22T14:00:00+00:00,-23.4,-0.9999999999999999,0.5242125375357671,0.174736604469891,0.24594854667382834,23.400000000000002,0.019999999999999882,True,"[{""action"": ""VIRTUAL_EXIT"", ""balance_change"": -23.131030994993377, ""entry_fee_allocation"": 0.26896900500662285, ""exit_fee"": 0.25524353252914433, ""gross_pnl"": -22.875787462464235, ""net_pnl"": -23.4, ""price"": 1729.654, ""quantity"": 0.24594854667382834, ""reason"": ""STOP_FIRST_CONSERVATIVE"", ""reference_price"": 1730.0, ""sequence"": 3, ""signal_id"": ""6ca9b83dc1eac2dd089dda1b"", ""slippage_cost"": 0.0850981971491455, ""symbol"": ""ETHUSDT"", ""time"": ""2021-06-22T14:00:00+00:00"", ""trade_entry_allowed"": false}]"
bybit_240_60,REFERENCE_SEGMENT_00,A_40_30_30_BE_TP1,babc7800ae7124d0dcd99958,BTCUSDT,LONG,CLOSED,2022-11-08T19:00:00+00:00,2022-11-08T19:00:00+00:00,-23.400000000000006,-1.0000000000000002,4.046091152278212,1.3486963305509434,0.17652169134481224,23.400000000000002,0.019999999999999882,True,"[{""action"": ""VIRTUAL_EXIT"", ""balance_change"": -21.371148251206584, ""entry_fee_allocation"": 2.0288517487934223, ""exit_fee"": 2.017239403484789, ""gross_pnl"": -19.353908847721794, ""net_pnl"": -23.400000000000006, ""price"": 19046.19, ""quantity"": 0.17652169134481224, ""reason"": ""STOP_FIRST_CONSERVATIVE"", ""reference_price"": 19050.0, ""sequence"": 3, ""signal_id"": ""babc7800ae7124d0dcd99958"", ""slippage_cost"": 0.6725476440239658, ""symbol"": ""BTCUSDT"", ""time"": ""2022-11-08T19:00:00+00:00"", ""trade_entry_allowed"": false}]"
bybit_240_60,REFERENCE_SEGMENT_00,B_30_30_40_BE_TP1,babc7800ae7124d0dcd99958,BTCUSDT,LONG,CLOSED,2022-11-08T19:00:00+00:00,2022-11-08T19:00:00+00:00,-23.400000000000006,-1.0000000000000002,4.046091152278212,1.3486963305509434,0.17652169134481224,23.400000000000002,0.019999999999999882,True,"[{""action"": ""VIRTUAL_EXIT"", ""balance_change"": -21.371148251206584, ""entry_fee_allocation"": 2.0288517487934223, ""exit_fee"": 2.017239403484789, ""gross_pnl"": -19.353908847721794, ""net_pnl"": -23.400000000000006, ""price"": 19046.19, ""quantity"": 0.17652169134481224, ""reason"": ""STOP_FIRST_CONSERVATIVE"", ""reference_price"": 19050.0, ""sequence"": 3, ""signal_id"": ""babc7800ae7124d0dcd99958"", ""slippage_cost"": 0.6725476440239658, ""symbol"": ""BTCUSDT"", ""time"": ""2022-11-08T19:00:00+00:00"", ""trade_entry_allowed"": false}]"
bybit_240_60,REFERENCE_SEGMENT_00,C_25_25_50_BE_TP1,babc7800ae7124d0dcd99958,BTCUSDT,LONG,CLOSED,2022-11-08T19:00:00+00:00,2022-11-08T19:00:00+00:00,-23.400000000000006,-1.0000000000000002,4.046091152278212,1.3486963305509434,0.17652169134481224,23.400000000000002,0.019999999999999882,True,"[{""action"": ""VIRTUAL_EXIT"", ""balance_change"": -21.371148251206584, ""entry_fee_allocation"": 2.0288517487934223, ""exit_fee"": 2.017239403484789, ""gross_pnl"": -19.353908847721794, ""net_pnl"": -23.400000000000006, ""price"": 19046.19, ""quantity"": 0.17652169134481224, ""reason"": ""STOP_FIRST_CONSERVATIVE"", ""reference_price"": 19050.0, ""sequence"": 3, ""signal_id"": ""babc7800ae7124d0dcd99958"", ""slippage_cost"": 0.6725476440239658, ""symbol"": ""BTCUSDT"", ""time"": ""2022-11-08T19:00:00+00:00"", ""trade_entry_allowed"": false}]"
bybit_240_60,REFERENCE_SEGMENT_00,D_25_35_40_BE_TP1,babc7800ae7124d0dcd99958,BTCUSDT,LONG,CLOSED,2022-11-08T19:00:00+00:00,2022-11-08T19:00:00+00:00,-23.400000000000006,-1.0000000000000002,4.046091152278212,1.3486963305509434,0.17652169134481224,23.400000000000002,0.019999999999999882,True,"[{""action"": ""VIRTUAL_EXIT"", ""balance_change"": -21.371148251206584, ""entry_fee_allocation"": 2.0288517487934223, ""exit_fee"": 2.017239403484789, ""gross_pnl"": -19.353908847721794, ""net_pnl"": -23.400000000000006, ""price"": 19046.19, ""quantity"": 0.17652169134481224, ""reason"": ""STOP_FIRST_CONSERVATIVE"", ""reference_price"": 19050.0, ""sequence"": 3, ""signal_id"": ""babc7800ae7124d0dcd99958"", ""slippage_cost"": 0.6725476440239658, ""symbol"": ""BTCUSDT"", ""time"": ""2022-11-08T19:00:00+00:00"", ""trade_entry_allowed"": false}]"
bybit_240_60,REFERENCE_SEGMENT_00,A_BE_LATER_CLOSE,babc7800ae7124d0dcd99958,BTCUSDT,LONG,CLOSED,2022-11-08T19:00:00+00:00,2022-11-08T19:00:00+00:00,-23.400000000000006,-1.0000000000000002,4.046091152278212,1.3486963305509434,0.17652169134481224,23.400000000000002,0.019999999999999882,True,"[{""action"": ""VIRTUAL_EXIT"", ""balance_change"": -21.371148251206584, ""entry_fee_allocation"": 2.0288517487934223, ""exit_fee"": 2.017239403484789, ""gross_pnl"": -19.353908847721794, ""net_pnl"": -23.400000000000006, ""price"": 19046.19, ""quantity"": 0.17652169134481224, ""reason"": ""STOP_FIRST_CONSERVATIVE"", ""reference_price"": 19050.0, ""sequence"": 3, ""signal_id"": ""babc7800ae7124d0dcd99958"", ""slippage_cost"": 0.6725476440239658, ""symbol"": ""BTCUSDT"", ""time"": ""2022-11-08T19:00:00+00:00"", ""trade_entry_allowed"": false}]"
bybit_240_60,REFERENCE_SEGMENT_00,A_ORIGINAL_SL_UNTIL_TP2,babc7800ae7124d0dcd99958,BTCUSDT,LONG,CLOSED,2022-11-08T19:00:00+00:00,2022-11-08T19:00:00+00:00,-23.400000000000006,-1.0000000000000002,4.046091152278212,1.3486963305509434,0.17652169134481224,23.400000000000002,0.019999999999999882,True,"[{""action"": ""VIRTUAL_EXIT"", ""balance_change"": -21.371148251206584, ""entry_fee_allocation"": 2.0288517487934223, ""exit_fee"": 2.017239403484789, ""gross_pnl"": -19.353908847721794, ""net_pnl"": -23.400000000000006, ""price"": 19046.19, ""quantity"": 0.17652169134481224, ""reason"": ""STOP_FIRST_CONSERVATIVE"", ""reference_price"": 19050.0, ""sequence"": 3, ""signal_id"": ""babc7800ae7124d0dcd99958"", ""slippage_cost"": 0.6725476440239658, ""symbol"": ""BTCUSDT"", ""time"": ""2022-11-08T19:00:00+00:00"", ""trade_entry_allowed"": false}]"
bybit_240_60,REFERENCE_SEGMENT_00,A_STRUCTURAL_AFTER_TP1,babc7800ae7124d0dcd99958,BTCUSDT,LONG,CLOSED,2022-11-08T19:00:00+00:00,2022-11-08T19:00:00+00:00,-23.400000000000006,-1.0000000000000002,4.046091152278212,1.3486963305509434,0.17652169134481224,23.400000000000002,0.019999999999999882,True,"[{""action"": ""VIRTUAL_EXIT"", ""balance_change"": -21.371148251206584, ""entry_fee_allocation"": 2.0288517487934223, ""exit_fee"": 2.017239403484789, ""gross_pnl"": -19.353908847721794, ""net_pnl"": -23.400000000000006, ""price"": 19046.19, ""quantity"": 0.17652169134481224, ""reason"": ""STOP_FIRST_CONSERVATIVE"", ""reference_price"": 19050.0, ""sequence"": 3, ""signal_id"": ""babc7800ae7124d0dcd99958"", ""slippage_cost"": 0.6725476440239658, ""symbol"": ""BTCUSDT"", ""time"": ""2022-11-08T19:00:00+00:00"", ""trade_entry_allowed"": false}]"
bybit_60_15,HOLDOUT_SEGMENT_00,A_40_30_30_BE_TP1,03b31fb08bf2df48cb19b763,ETHUSDT,LONG,CLOSED,2025-02-23T22:45:00+00:00,2025-02-24T02:30:00+00:00,-23.400000000000002,-1.0,4.05572492931438,1.3519075900767354,1.2157005054465315,23.400000000000002,0.06782828412810718,True,"[{""action"": ""VIRTUAL_EXIT"", ""balance_change"": -21.366334252821606, ""entry_fee_allocation"": 2.0336657471783957, ""exit_fee"": 2.022059182135984, ""gross_pnl"": -19.344275070685622, ""net_pnl"": -23.400000000000002, ""price"": 2772.1454599999997, ""quantity"": 1.2157005054465315, ""reason"": ""STOP_FIRST_CONSERVATIVE"", ""reference_price"": 2772.7, ""sequence"": 3, ""signal_id"": ""03b31fb08bf2df48cb19b763"", ""slippage_cost"": 0.6741545582904268, ""symbol"": ""ETHUSDT"", ""time"": ""2025-02-24T02:30:00+00:00"", ""trade_entry_allowed"": false}]"
bybit_60_15,HOLDOUT_SEGMENT_00,B_30_30_40_BE_TP1,03b31fb08bf2df48cb19b763,ETHUSDT,LONG,CLOSED,2025-02-23T22:45:00+00:00,2025-02-24T02:30:00+00:00,-23.400000000000002,-1.0,4.05572492931438,1.3519075900767354,1.2157005054465315,23.400000000000002,0.06782828412810718,True,"[{""action"": ""VIRTUAL_EXIT"", ""balance_change"": -21.366334252821606, ""entry_fee_allocation"": 2.0336657471783957, ""exit_fee"": 2.022059182135984, ""gross_pnl"": -19.344275070685622, ""net_pnl"": -23.400000000000002, ""price"": 2772.1454599999997, ""quantity"": 1.2157005054465315, ""reason"": ""STOP_FIRST_CONSERVATIVE"", ""reference_price"": 2772.7, ""sequence"": 3, ""signal_id"": ""03b31fb08bf2df48cb19b763"", ""slippage_cost"": 0.6741545582904268, ""symbol"": ""ETHUSDT"", ""time"": ""2025-02-24T02:30:00+00:00"", ""trade_entry_allowed"": false}]"
bybit_60_15,HOLDOUT_SEGMENT_00,C_25_25_50_BE_TP1,03b31fb08bf2df48cb19b763,ETHUSDT,LONG,CLOSED,2025-02-23T22:45:00+00:00,2025-02-24T02:30:00+00:00,-23.400000000000002,-1.0,4.05572492931438,1.3519075900767354,1.2157005054465315,23.400000000000002,0.06782828412810718,True,"[{""action"": ""VIRTUAL_EXIT"", ""balance_change"": -21.366334252821606, ""entry_fee_allocation"": 2.0336657471783957, ""exit_fee"": 2.022059182135984, ""gross_pnl"": -19.344275070685622, ""net_pnl"": -23.400000000000002, ""price"": 2772.1454599999997, ""quantity"": 1.2157005054465315, ""reason"": ""STOP_FIRST_CONSERVATIVE"", ""reference_price"": 2772.7, ""sequence"": 3, ""signal_id"": ""03b31fb08bf2df48cb19b763"", ""slippage_cost"": 0.6741545582904268, ""symbol"": ""ETHUSDT"", ""time"": ""2025-02-24T02:30:00+00:00"", ""trade_entry_allowed"": false}]"
bybit_60_15,HOLDOUT_SEGMENT_00,D_25_35_40_BE_TP1,03b31fb08bf2df48cb19b763,ETHUSDT,LONG,CLOSED,2025-02-23T22:45:00+00:00,2025-02-24T02:30:00+00:00,-23.400000000000002,-1.0,4.05572492931438,1.3519075900767354,1.2157005054465315,23.400000000000002,0.06782828412810718,True,"[{""action"": ""VIRTUAL_EXIT"", ""balance_change"": -21.366334252821606, ""entry_fee_allocation"": 2.0336657471783957, ""exit_fee"": 2.022059182135984, ""gross_pnl"": -19.344275070685622, ""net_pnl"": -23.400000000000002, ""price"": 2772.1454599999997, ""quantity"": 1.2157005054465315, ""reason"": ""STOP_FIRST_CONSERVATIVE"", ""reference_price"": 2772.7, ""sequence"": 3, ""signal_id"": ""03b31fb08bf2df48cb19b763"", ""slippage_cost"": 0.6741545582904268, ""symbol"": ""ETHUSDT"", ""time"": ""2025-02-24T02:30:00+00:00"", ""trade_entry_allowed"": false}]"
bybit_60_15,HOLDOUT_SEGMENT_00,A_BE_LATER_CLOSE,03b31fb08bf2df48cb19b763,ETHUSDT,LONG,CLOSED,2025-02-23T22:45:00+00:00,2025-02-24T02:30:00+00:00,-23.400000000000002,-1.0,4.05572492931438,1.3519075900767354,1.2157005054465315,23.400000000000002,0.06782828412810718,True,"[{""action"": ""VIRTUAL_EXIT"", ""balance_change"": -21.366334252821606, ""entry_fee_allocation"": 2.0336657471783957, ""exit_fee"": 2.022059182135984, ""gross_pnl"": -19.344275070685622, ""net_pnl"": -23.400000000000002, ""price"": 2772.1454599999997, ""quantity"": 1.2157005054465315, ""reason"": ""STOP_FIRST_CONSERVATIVE"", ""reference_price"": 2772.7, ""sequence"": 3, ""signal_id"": ""03b31fb08bf2df48cb19b763"", ""slippage_cost"": 0.6741545582904268, ""symbol"": ""ETHUSDT"", ""time"": ""2025-02-24T02:30:00+00:00"", ""trade_entry_allowed"": false}]"
bybit_60_15,HOLDOUT_SEGMENT_00,A_ORIGINAL_SL_UNTIL_TP2,03b31fb08bf2df48cb19b763,ETHUSDT,LONG,CLOSED,2025-02-23T22:45:00+00:00,2025-02-24T02:30:00+00:00,-23.400000000000002,-1.0,4.05572492931438,1.3519075900767354,1.2157005054465315,23.400000000000002,0.06782828412810718,True,"[{""action"": ""VIRTUAL_EXIT"", ""balance_change"": -21.366334252821606, ""entry_fee_allocation"": 2.0336657471783957, ""exit_fee"": 2.022059182135984, ""gross_pnl"": -19.344275070685622, ""net_pnl"": -23.400000000000002, ""price"": 2772.1454599999997, ""quantity"": 1.2157005054465315, ""reason"": ""STOP_FIRST_CONSERVATIVE"", ""reference_price"": 2772.7, ""sequence"": 3, ""signal_id"": ""03b31fb08bf2df48cb19b763"", ""slippage_cost"": 0.6741545582904268, ""symbol"": ""ETHUSDT"", ""time"": ""2025-02-24T02:30:00+00:00"", ""trade_entry_allowed"": false}]"
bybit_60_15,HOLDOUT_SEGMENT_00,A_STRUCTURAL_AFTER_TP1,03b31fb08bf2df48cb19b763,ETHUSDT,LONG,CLOSED,2025-02-23T22:45:00+00:00,2025-02-24T02:30:00+00:00,-23.400000000000002,-1.0,4.05572492931438,1.3519075900767354,1.2157005054465315,23.400000000000002,0.06782828412810718,True,"[{""action"": ""VIRTUAL_EXIT"", ""balance_change"": -21.366334252821606, ""entry_fee_allocation"": 2.0336657471783957, ""exit_fee"": 2.022059182135984, ""gross_pnl"": -19.344275070685622, ""net_pnl"": -23.400000000000002, ""price"": 2772.1454599999997, ""quantity"": 1.2157005054465315, ""reason"": ""STOP_FIRST_CONSERVATIVE"", ""reference_price"": 2772.7, ""sequence"": 3, ""signal_id"": ""03b31fb08bf2df48cb19b763"", ""slippage_cost"": 0.6741545582904268, ""symbol"": ""ETHUSDT"", ""time"": ""2025-02-24T02:30:00+00:00"", ""trade_entry_allowed"": false}]"
bybit_60_15,REFERENCE_SEGMENT_00,A_40_30_30_BE_TP1,2af99ab7969e866388ca5c40,ETHUSDT,LONG,CLOSED,2021-06-22T12:30:00+00:00,2021-06-22T14:00:00+00:00,-23.4,-0.9999999999999999,0.5242125375357671,0.174736604469891,0.24594854667382834,23.400000000000002,0.019999999999999882,True,"[{""action"": ""VIRTUAL_EXIT"", ""balance_change"": -23.131030994993377, ""entry_fee_allocation"": 0.26896900500662285, ""exit_fee"": 0.25524353252914433, ""gross_pnl"": -22.875787462464235, ""net_pnl"": -23.4, ""price"": 1729.654, ""quantity"": 0.24594854667382834, ""reason"": ""STOP_FIRST_CONSERVATIVE"", ""reference_price"": 1730.0, ""sequence"": 3, ""signal_id"": ""2af99ab7969e866388ca5c40"", ""slippage_cost"": 0.0850981971491455, ""symbol"": ""ETHUSDT"", ""time"": ""2021-06-22T14:00:00+00:00"", ""trade_entry_allowed"": false}]"
bybit_60_15,REFERENCE_SEGMENT_00,B_30_30_40_BE_TP1,2af99ab7969e866388ca5c40,ETHUSDT,LONG,CLOSED,2021-06-22T12:30:00+00:00,2021-06-22T14:00:00+00:00,-23.4,-0.9999999999999999,0.5242125375357671,0.174736604469891,0.24594854667382834,23.400000000000002,0.019999999999999882,True,"[{""action"": ""VIRTUAL_EXIT"", ""balance_change"": -23.131030994993377, ""entry_fee_allocation"": 0.26896900500662285, ""exit_fee"": 0.25524353252914433, ""gross_pnl"": -22.875787462464235, ""net_pnl"": -23.4, ""price"": 1729.654, ""quantity"": 0.24594854667382834, ""reason"": ""STOP_FIRST_CONSERVATIVE"", ""reference_price"": 1730.0, ""sequence"": 3, ""signal_id"": ""2af99ab7969e866388ca5c40"", ""slippage_cost"": 0.0850981971491455, ""symbol"": ""ETHUSDT"", ""time"": ""2021-06-22T14:00:00+00:00"", ""trade_entry_allowed"": false}]"
bybit_60_15,REFERENCE_SEGMENT_00,C_25_25_50_BE_TP1,2af99ab7969e866388ca5c40,ETHUSDT,LONG,CLOSED,2021-06-22T12:30:00+00:00,2021-06-22T14:00:00+00:00,-23.4,-0.9999999999999999,0.5242125375357671,0.174736604469891,0.24594854667382834,23.400000000000002,0.019999999999999882,True,"[{""action"": ""VIRTUAL_EXIT"", ""balance_change"": -23.131030994993377, ""entry_fee_allocation"": 0.26896900500662285, ""exit_fee"": 0.25524353252914433, ""gross_pnl"": -22.875787462464235, ""net_pnl"": -23.4, ""price"": 1729.654, ""quantity"": 0.24594854667382834, ""reason"": ""STOP_FIRST_CONSERVATIVE"", ""reference_price"": 1730.0, ""sequence"": 3, ""signal_id"": ""2af99ab7969e866388ca5c40"", ""slippage_cost"": 0.0850981971491455, ""symbol"": ""ETHUSDT"", ""time"": ""2021-06-22T14:00:00+00:00"", ""trade_entry_allowed"": false}]"
bybit_60_15,REFERENCE_SEGMENT_00,D_25_35_40_BE_TP1,2af99ab7969e866388ca5c40,ETHUSDT,LONG,CLOSED,2021-06-22T12:30:00+00:00,2021-06-22T14:00:00+00:00,-23.4,-0.9999999999999999,0.5242125375357671,0.174736604469891,0.24594854667382834,23.400000000000002,0.019999999999999882,True,"[{""action"": ""VIRTUAL_EXIT"", ""balance_change"": -23.131030994993377, ""entry_fee_allocation"": 0.26896900500662285, ""exit_fee"": 0.25524353252914433, ""gross_pnl"": -22.875787462464235, ""net_pnl"": -23.4, ""price"": 1729.654, ""quantity"": 0.24594854667382834, ""reason"": ""STOP_FIRST_CONSERVATIVE"", ""reference_price"": 1730.0, ""sequence"": 3, ""signal_id"": ""2af99ab7969e866388ca5c40"", ""slippage_cost"": 0.0850981971491455, ""symbol"": ""ETHUSDT"", ""time"": ""2021-06-22T14:00:00+00:00"", ""trade_entry_allowed"": false}]"
bybit_60_15,REFERENCE_SEGMENT_00,A_BE_LATER_CLOSE,2af99ab7969e866388ca5c40,ETHUSDT,LONG,CLOSED,2021-06-22T12:30:00+00:00,2021-06-22T14:00:00+00:00,-23.4,-0.9999999999999999,0.5242125375357671,0.174736604469891,0.24594854667382834,23.400000000000002,0.019999999999999882,True,"[{""action"": ""VIRTUAL_EXIT"", ""balance_change"": -23.131030994993377, ""entry_fee_allocation"": 0.26896900500662285, ""exit_fee"": 0.25524353252914433, ""gross_pnl"": -22.875787462464235, ""net_pnl"": -23.4, ""price"": 1729.654, ""quantity"": 0.24594854667382834, ""reason"": ""STOP_FIRST_CONSERVATIVE"", ""reference_price"": 1730.0, ""sequence"": 3, ""signal_id"": ""2af99ab7969e866388ca5c40"", ""slippage_cost"": 0.0850981971491455, ""symbol"": ""ETHUSDT"", ""time"": ""2021-06-22T14:00:00+00:00"", ""trade_entry_allowed"": false}]"
bybit_60_15,REFERENCE_SEGMENT_00,A_ORIGINAL_SL_UNTIL_TP2,2af99ab7969e866388ca5c40,ETHUSDT,LONG,CLOSED,2021-06-22T12:30:00+00:00,2021-06-22T14:00:00+00:00,-23.4,-0.9999999999999999,0.5242125375357671,0.174736604469891,0.24594854667382834,23.400000000000002,0.019999999999999882,True,"[{""action"": ""VIRTUAL_EXIT"", ""balance_change"": -23.131030994993377, ""entry_fee_allocation"": 0.26896900500662285, ""exit_fee"": 0.25524353252914433, ""gross_pnl"": -22.875787462464235, ""net_pnl"": -23.4, ""price"": 1729.654, ""quantity"": 0.24594854667382834, ""reason"": ""STOP_FIRST_CONSERVATIVE"", ""reference_price"": 1730.0, ""sequence"": 3, ""signal_id"": ""2af99ab7969e866388ca5c40"", ""slippage_cost"": 0.0850981971491455, ""symbol"": ""ETHUSDT"", ""time"": ""2021-06-22T14:00:00+00:00"", ""trade_entry_allowed"": false}]"
bybit_60_15,REFERENCE_SEGMENT_00,A_STRUCTURAL_AFTER_TP1,2af99ab7969e866388ca5c40,ETHUSDT,LONG,CLOSED,2021-06-22T12:30:00+00:00,2021-06-22T14:00:00+00:00,-23.4,-0.9999999999999999,0.5242125375357671,0.174736604469891,0.24594854667382834,23.400000000000002,0.019999999999999882,True,"[{""action"": ""VIRTUAL_EXIT"", ""balance_change"": -23.131030994993377, ""entry_fee_allocation"": 0.26896900500662285, ""exit_fee"": 0.25524353252914433, ""gross_pnl"": -22.875787462464235, ""net_pnl"": -23.4, ""price"": 1729.654, ""quantity"": 0.24594854667382834, ""reason"": ""STOP_FIRST_CONSERVATIVE"", ""reference_price"": 1730.0, ""sequence"": 3, ""signal_id"": ""2af99ab7969e866388ca5c40"", ""slippage_cost"": 0.0850981971491455, ""symbol"": ""ETHUSDT"", ""time"": ""2021-06-22T14:00:00+00:00"", ""trade_entry_allowed"": false}]"
development_15_5,limit_15_5,A_40_30_30_BE_TP1,7f9ef0e73c09c10eac6a738f,XRPUSDT,SHORT,CLOSED,2026-09-19T05:30:00+00:00,2026-09-21T01:25:00+00:00,9.862165541341218,0.4214600658692828,1.5243904761953253,0.5081306345192887,889.203601772543,23.400000000000002,0.030596191197452122,True,"[{""action"": ""VIRTUAL_EXIT"", ""balance_change"": 10.168410023302433, ""entry_fee_allocation"": 0.3062444819611695, ""exit_fee"": 0.29996345787246453, ""gross_pnl"": 10.468373481174899, ""net_pnl"": 9.862165541341264, ""price"": 1.40558106, ""quantity"": 355.68144070901724, ""reason"": ""TP1"", ""reference_price"": 1.4053, ""sequence"": 3, ""signal_id"": ""7f9ef0e73c09c10eac6a738f"", ""slippage_cost"": 0.099967825725696, ""symbol"": ""XRPUSDT"", ""time"": ""2026-09-19T21:25:00+00:00"", ""trade_entry_allowed"": false}, {""action"": ""VIRTUAL_EXIT"", ""balance_change"": 0.4593667229417074, ""entry_fee_allocation"": 0.4593667229417542, ""exit_fee"": 0.4588158134199372, ""gross_pnl"": 0.9181825363616446, ""net_pnl"": -4.679590048795035e-14, ""price"": 1.433291957061763, ""quantity"": 533.5221610635258, ""reason"": ""STOP_FIRST_CONSERVATIVE"", ""reference_price"": 1.4330053559905649, ""sequence"": 5, ""signal_id"": ""7f9ef0e73c09c10eac6a738f"", ""slippage_cost"": 0.15290802286876157, ""symbol"": ""XRPUSDT"", ""time"": ""2026-09-21T01:25:00+00:00"", ""trade_entry_allowed"": false}]"
development_15_5,limit_15_5,B_30_30_40_BE_TP1,7f9ef0e73c09c10eac6a738f,XRPUSDT,SHORT,CLOSED,2026-09-19T05:30:00+00:00,2026-09-21T01:25:00+00:00,7.396624156005894,0.31609504940196126,1.5258689139638655,0.5086233485659917,889.203601772543,23.400000000000002,0.032653706358345795,True,"[{""action"": ""VIRTUAL_EXIT"", ""balance_change"": 7.626307517476825, ""entry_fee_allocation"": 0.2296833614708771, ""exit_fee"": 0.2249725934043484, ""gross_pnl"": 7.851280110881173, ""net_pnl"": 7.396624156005948, ""price"": 1.40558106, ""quantity"": 266.7610805317629, ""reason"": ""TP1"", ""reference_price"": 1.4053, ""sequence"": 3, ""signal_id"": ""7f9ef0e73c09c10eac6a738f"", ""slippage_cost"": 0.074975869294272, ""symbol"": ""XRPUSDT"", ""time"": ""2026-09-19T21:25:00+00:00"", ""trade_entry_allowed"": false}, {""action"": ""VIRTUAL_EXIT"", ""balance_change"": 0.5359278434319921, ""entry_fee_allocation"": 0.5359278434320466, ""exit_fee"": 0.5352851156565934, ""gross_pnl"": 1.0712129590885855, ""net_pnl"": -5.4511950509095186e-14, ""price"": 1.433291957061763, ""quantity"": 622.4425212407801, ""reason"": ""STOP_FIRST_CONSERVATIVE"", ""reference_price"": 1.4330053559905649, ""sequence"": 5, ""signal_id"": ""7f9ef0e73c09c10eac6a738f"", ""slippage_cost"": 0.1783926933468885, ""symbol"": ""XRPUSDT"", ""time"": ""2026-09-21T01:25:00+00:00"", ""trade_entry_allowed"": false}]"
development_15_5,limit_15_5,C_25_25_50_BE_TP1,7f9ef0e73c09c10eac6a738f,XRPUSDT,SHORT,CLOSED,2026-09-19T05:30:00+00:00,2026-09-21T01:25:00+00:00,6.163853463338231,0.2634125411683005,1.5266081328481356,0.5088697055893432,889.203601772543,23.400000000000002,0.03494000830490899,True,"[{""action"": ""VIRTUAL_EXIT"", ""balance_change"": 6.355256264564021, ""entry_fee_allocation"": 0.19140280122573092, ""exit_fee"": 0.18747716117029034, ""gross_pnl"": 6.542733425734311, ""net_pnl"": 6.16385346333829, ""price"": 1.40558106, ""quantity"": 222.30090044313576, ""reason"": ""TP1"", ""reference_price"": 1.4053, ""sequence"": 3, ""signal_id"": ""7f9ef0e73c09c10eac6a738f"", ""slippage_cost"": 0.062479891078559995, ""symbol"": ""XRPUSDT"", ""time"": ""2026-09-19T21:25:00+00:00"", ""trade_entry_allowed"": false}, {""action"": ""VIRTUAL_EXIT"", ""balance_change"": 0.5742084036771344, ""entry_fee_allocation"": 0.5742084036771927, ""exit_fee"": 0.5735197667749214, ""gross_pnl"": 1.1477281704520559, ""net_pnl"": -5.828670879282072e-14, ""price"": 1.433291957061763, ""quantity"": 666.9027013294073, ""reason"": ""STOP_FIRST_CONSERVATIVE"", ""reference_price"": 1.4330053559905649, ""sequence"": 5, ""signal_id"": ""7f9ef0e73c09c10eac6a738f"", ""slippage_cost"": 0.19113502858595197, ""symbol"": ""XRPUSDT"", ""time"": ""2026-09-21T01:25:00+00:00"", ""trade_entry_allowed"": false}]"
development_15_5,limit_15_5,D_25_35_40_BE_TP1,7f9ef0e73c09c10eac6a738f,XRPUSDT,SHORT,CLOSED,2026-09-19T05:30:00+00:00,2026-09-21T01:25:00+00:00,6.163853463338231,0.2634125411683005,1.5266081328481356,0.5088697055893432,889.203601772543,23.400000000000002,0.03494000830490899,True,"[{""action"": ""VIRTUAL_EXIT"", ""balance_change"": 6.355256264564021, ""entry_fee_allocation"": 0.19140280122573092, ""exit_fee"": 0.18747716117029034, ""gross_pnl"": 6.542733425734311, ""net_pnl"": 6.16385346333829, ""price"": 1.40558106, ""quantity"": 222.30090044313576, ""reason"": ""TP1"", ""reference_price"": 1.4053, ""sequence"": 3, ""signal_id"": ""7f9ef0e73c09c10eac6a738f"", ""slippage_cost"": 0.062479891078559995, ""symbol"": ""XRPUSDT"", ""time"": ""2026-09-19T21:25:00+00:00"", ""trade_entry_allowed"": false}, {""action"": ""VIRTUAL_EXIT"", ""balance_change"": 0.5742084036771344, ""entry_fee_allocation"": 0.5742084036771927, ""exit_fee"": 0.5735197667749214, ""gross_pnl"": 1.1477281704520559, ""net_pnl"": -5.828670879282072e-14, ""price"": 1.433291957061763, ""quantity"": 666.9027013294073, ""reason"": ""STOP_FIRST_CONSERVATIVE"", ""reference_price"": 1.4330053559905649, ""sequence"": 5, ""signal_id"": ""7f9ef0e73c09c10eac6a738f"", ""slippage_cost"": 0.19113502858595197, ""symbol"": ""XRPUSDT"", ""time"": ""2026-09-21T01:25:00+00:00"", ""trade_entry_allowed"": false}]"
development_15_5,limit_15_5,A_BE_LATER_CLOSE,7f9ef0e73c09c10eac6a738f,XRPUSDT,SHORT,CLOSED,2026-09-19T05:30:00+00:00,2026-09-21T01:25:00+00:00,9.862165541341218,0.4214600658692828,1.5243904761953253,0.5081306345192887,889.203601772543,23.400000000000002,0.030596191197452122,True,"[{""action"": ""VIRTUAL_EXIT"", ""balance_change"": 10.168410023302433, ""entry_fee_allocation"": 0.3062444819611695, ""exit_fee"": 0.29996345787246453, ""gross_pnl"": 10.468373481174899, ""net_pnl"": 9.862165541341264, ""price"": 1.40558106, ""quantity"": 355.68144070901724, ""reason"": ""TP1"", ""reference_price"": 1.4053, ""sequence"": 3, ""signal_id"": ""7f9ef0e73c09c10eac6a738f"", ""slippage_cost"": 0.099967825725696, ""symbol"": ""XRPUSDT"", ""time"": ""2026-09-19T21:25:00+00:00"", ""trade_entry_allowed"": false}, {""action"": ""VIRTUAL_EXIT"", ""balance_change"": 0.4593667229417074, ""entry_fee_allocation"": 0.4593667229417542, ""exit_fee"": 0.4588158134199372, ""gross_pnl"": 0.9181825363616446, ""net_pnl"": -4.679590048795035e-14, ""price"": 1.433291957061763, ""quantity"": 533.5221610635258, ""reason"": ""STOP_FIRST_CONSERVATIVE"", ""reference_price"": 1.4330053559905649, ""sequence"": 5, ""signal_id"": ""7f9ef0e73c09c10eac6a738f"", ""slippage_cost"": 0.15290802286876157, ""symbol"": ""XRPUSDT"", ""time"": ""2026-09-21T01:25:00+00:00"", ""trade_entry_allowed"": false}]"
development_15_5,limit_15_5,A_ORIGINAL_SL_UNTIL_TP2,7f9ef0e73c09c10eac6a738f,XRPUSDT,SHORT,CLOSED,2026-09-19T05:30:00+00:00,2026-09-21T08:40:00+00:00,-4.177834458658735,-0.17853993413071514,1.5328094248261468,0.510936389578486,889.203601772543,23.400000000000002,0.03962870749807681,True,"[{""action"": ""VIRTUAL_EXIT"", ""balance_change"": 10.168410023302433, ""entry_fee_allocation"": 0.3062444819611695, ""exit_fee"": 0.29996345787246453, ""gross_pnl"": 10.468373481174899, ""net_pnl"": 9.862165541341264, ""price"": 1.40558106, ""quantity"": 355.68144070901724, ""reason"": ""TP1"", ""reference_price"": 1.4053, ""sequence"": 3, ""signal_id"": ""7f9ef0e73c09c10eac6a738f"", ""slippage_cost"": 0.099967825725696, ""symbol"": ""XRPUSDT"", ""time"": ""2026-09-19T21:25:00+00:00"", ""trade_entry_allowed"": false}, {""action"": ""VIRTUAL_EXIT"", ""balance_change"": -13.580633277058245, ""entry_fee_allocation"": 0.4593667229417542, ""exit_fee"": 0.4672347620507587, ""gross_pnl"": -13.113398515007487, ""net_pnl"": -14.04, ""price"": 1.45959186, ""quantity"": 533.5221610635258, ""reason"": ""STOP_FIRST_CONSERVATIVE"", ""reference_price"": 1.4593, ""sequence"": 4, ""signal_id"": ""7f9ef0e73c09c10eac6a738f"", ""slippage_cost"": 0.15571377792795882, ""symbol"": ""XRPUSDT"", ""time"": ""2026-09-21T08:40:00+00:00"", ""trade_entry_allowed"": false}]"
development_15_5,limit_15_5,A_STRUCTURAL_AFTER_TP1,7f9ef0e73c09c10eac6a738f,XRPUSDT,SHORT,CLOSED,2026-09-19T05:30:00+00:00,2026-09-19T22:40:00+00:00,20.757585840803348,0.887076317983049,1.5178571440149562,0.5059532925942286,889.203601772543,23.400000000000002,0.030596191197452122,True,"[{""action"": ""VIRTUAL_EXIT"", ""balance_change"": 10.168410023302433, ""entry_fee_allocation"": 0.3062444819611695, ""exit_fee"": 0.29996345787246453, ""gross_pnl"": 10.468373481174899, ""net_pnl"": 9.862165541341264, ""price"": 1.40558106, ""quantity"": 355.68144070901724, ""reason"": ""TP1"", ""reference_price"": 1.4053, ""sequence"": 3, ""signal_id"": ""7f9ef0e73c09c10eac6a738f"", ""slippage_cost"": 0.099967825725696, ""symbol"": ""XRPUSDT"", ""time"": ""2026-09-19T21:25:00+00:00"", ""trade_entry_allowed"": false}, {""action"": ""VIRTUAL_EXIT"", ""balance_change"": 11.354787022403837, ""entry_fee_allocation"": 0.4593667229417542, ""exit_fee"": 0.45228248123956816, ""gross_pnl"": 11.807069503643405, ""net_pnl"": 10.895420299462083, ""price"": 1.4128825200000001, ""quantity"": 533.5221610635258, ""reason"": ""STOP_FIRST_CONSERVATIVE"", ""reference_price"": 1.4126, ""sequence"": 6, ""signal_id"": ""7f9ef0e73c09c10eac6a738f"", ""slippage_cost"": 0.15073068094370137, ""symbol"": ""XRPUSDT"", ""time"": ""2026-09-19T22:40:00+00:00"", ""trade_entry_allowed"": false}]"
development_240_15,final_240_15,A_40_30_30_BE_TP1,b15c3672f5c912a686373246,BNBUSDT,LONG,CLOSED,2026-09-10T12:45:00+00:00,2026-09-10T13:00:00+00:00,-23.400000000000002,-1.0,3.89415810699416,1.2980519740199372,4.571949759946288,23.400000000000002,0.020000000000000077,True,"[{""action"": ""VIRTUAL_EXIT"", ""balance_change"": -21.44706919393502, ""entry_fee_allocation"": 1.952930806064982, ""exit_fee"": 1.9412273009291785, ""gross_pnl"": -19.505841893005844, ""net_pnl"": -23.400000000000002, ""price"": 707.6584399999999, ""quantity"": 4.571949759946288, ""reason"": ""STOP_FIRST_CONSERVATIVE"", ""reference_price"": 707.8, ""sequence"": 3, ""signal_id"": ""b15c3672f5c912a686373246"", ""slippage_cost"": 0.647205208018119, ""symbol"": ""BNBUSDT"", ""time"": ""2026-09-10T13:00:00+00:00"", ""trade_entry_allowed"": false}]"
development_240_15,final_240_15,B_30_30_40_BE_TP1,b15c3672f5c912a686373246,BNBUSDT,LONG,CLOSED,2026-09-10T12:45:00+00:00,2026-09-10T13:00:00+00:00,-23.400000000000002,-1.0,3.89415810699416,1.2980519740199372,4.571949759946288,23.400000000000002,0.020000000000000077,True,"[{""action"": ""VIRTUAL_EXIT"", ""balance_change"": -21.44706919393502, ""entry_fee_allocation"": 1.952930806064982, ""exit_fee"": 1.9412273009291785, ""gross_pnl"": -19.505841893005844, ""net_pnl"": -23.400000000000002, ""price"": 707.6584399999999, ""quantity"": 4.571949759946288, ""reason"": ""STOP_FIRST_CONSERVATIVE"", ""reference_price"": 707.8, ""sequence"": 3, ""signal_id"": ""b15c3672f5c912a686373246"", ""slippage_cost"": 0.647205208018119, ""symbol"": ""BNBUSDT"", ""time"": ""2026-09-10T13:00:00+00:00"", ""trade_entry_allowed"": false}]"
development_240_15,final_240_15,C_25_25_50_BE_TP1,b15c3672f5c912a686373246,BNBUSDT,LONG,CLOSED,2026-09-10T12:45:00+00:00,2026-09-10T13:00:00+00:00,-23.400000000000002,-1.0,3.89415810699416,1.2980519740199372,4.571949759946288,23.400000000000002,0.020000000000000077,True,"[{""action"": ""VIRTUAL_EXIT"", ""balance_change"": -21.44706919393502, ""entry_fee_allocation"": 1.952930806064982, ""exit_fee"": 1.9412273009291785, ""gross_pnl"": -19.505841893005844, ""net_pnl"": -23.400000000000002, ""price"": 707.6584399999999, ""quantity"": 4.571949759946288, ""reason"": ""STOP_FIRST_CONSERVATIVE"", ""reference_price"": 707.8, ""sequence"": 3, ""signal_id"": ""b15c3672f5c912a686373246"", ""slippage_cost"": 0.647205208018119, ""symbol"": ""BNBUSDT"", ""time"": ""2026-09-10T13:00:00+00:00"", ""trade_entry_allowed"": false}]"
development_240_15,final_240_15,D_25_35_40_BE_TP1,b15c3672f5c912a686373246,BNBUSDT,LONG,CLOSED,2026-09-10T12:45:00+00:00,2026-09-10T13:00:00+00:00,-23.400000000000002,-1.0,3.89415810699416,1.2980519740199372,4.571949759946288,23.400000000000002,0.020000000000000077,True,"[{""action"": ""VIRTUAL_EXIT"", ""balance_change"": -21.44706919393502, ""entry_fee_allocation"": 1.952930806064982, ""exit_fee"": 1.9412273009291785, ""gross_pnl"": -19.505841893005844, ""net_pnl"": -23.400000000000002, ""price"": 707.6584399999999, ""quantity"": 4.571949759946288, ""reason"": ""STOP_FIRST_CONSERVATIVE"", ""reference_price"": 707.8, ""sequence"": 3, ""signal_id"": ""b15c3672f5c912a686373246"", ""slippage_cost"": 0.647205208018119, ""symbol"": ""BNBUSDT"", ""time"": ""2026-09-10T13:00:00+00:00"", ""trade_entry_allowed"": false}]"
development_240_15,final_240_15,A_BE_LATER_CLOSE,b15c3672f5c912a686373246,BNBUSDT,LONG,CLOSED,2026-09-10T12:45:00+00:00,2026-09-10T13:00:00+00:00,-23.400000000000002,-1.0,3.89415810699416,1.2980519740199372,4.571949759946288,23.400000000000002,0.020000000000000077,True,"[{""action"": ""VIRTUAL_EXIT"", ""balance_change"": -21.44706919393502, ""entry_fee_allocation"": 1.952930806064982, ""exit_fee"": 1.9412273009291785, ""gross_pnl"": -19.505841893005844, ""net_pnl"": -23.400000000000002, ""price"": 707.6584399999999, ""quantity"": 4.571949759946288, ""reason"": ""STOP_FIRST_CONSERVATIVE"", ""reference_price"": 707.8, ""sequence"": 3, ""signal_id"": ""b15c3672f5c912a686373246"", ""slippage_cost"": 0.647205208018119, ""symbol"": ""BNBUSDT"", ""time"": ""2026-09-10T13:00:00+00:00"", ""trade_entry_allowed"": false}]"
development_240_15,final_240_15,A_ORIGINAL_SL_UNTIL_TP2,b15c3672f5c912a686373246,BNBUSDT,LONG,CLOSED,2026-09-10T12:45:00+00:00,2026-09-10T13:00:00+00:00,-23.400000000000002,-1.0,3.89415810699416,1.2980519740199372,4.571949759946288,23.400000000000002,0.020000000000000077,True,"[{""action"": ""VIRTUAL_EXIT"", ""balance_change"": -21.44706919393502, ""entry_fee_allocation"": 1.952930806064982, ""exit_fee"": 1.9412273009291785, ""gross_pnl"": -19.505841893005844, ""net_pnl"": -23.400000000000002, ""price"": 707.6584399999999, ""quantity"": 4.571949759946288, ""reason"": ""STOP_FIRST_CONSERVATIVE"", ""reference_price"": 707.8, ""sequence"": 3, ""signal_id"": ""b15c3672f5c912a686373246"", ""slippage_cost"": 0.647205208018119, ""symbol"": ""BNBUSDT"", ""time"": ""2026-09-10T13:00:00+00:00"", ""trade_entry_allowed"": false}]"
development_240_15,final_240_15,A_STRUCTURAL_AFTER_TP1,b15c3672f5c912a686373246,BNBUSDT,LONG,CLOSED,2026-09-10T12:45:00+00:00,2026-09-10T13:00:00+00:00,-23.400000000000002,-1.0,3.89415810699416,1.2980519740199372,4.571949759946288,23.400000000000002,0.020000000000000077,True,"[{""action"": ""VIRTUAL_EXIT"", ""balance_change"": -21.44706919393502, ""entry_fee_allocation"": 1.952930806064982, ""exit_fee"": 1.9412273009291785, ""gross_pnl"": -19.505841893005844, ""net_pnl"": -23.400000000000002, ""price"": 707.6584399999999, ""quantity"": 4.571949759946288, ""reason"": ""STOP_FIRST_CONSERVATIVE"", ""reference_price"": 707.8, ""sequence"": 3, ""signal_id"": ""b15c3672f5c912a686373246"", ""slippage_cost"": 0.647205208018119, ""symbol"": ""BNBUSDT"", ""time"": ""2026-09-10T13:00:00+00:00"", ""trade_entry_allowed"": false}]"
development_240_5,final_240_5,A_40_30_30_BE_TP1,6368e0eee22ede75c86aa9da,BNBUSDT,LONG,CLOSED,2026-03-31T10:00:00+00:00,2026-04-02T03:05:00+00:00,-23.400000000000006,-1.0000000000000002,2.6318948404329605,0.8772974845117969,3.6644818856034,23.400000000000002,0.0777445851217497,True,"[{""action"": ""VIRTUAL_EXIT"", ""balance_change"": -22.077822148235654, ""entry_fee_allocation"": 1.3221778517643503, ""exit_fee"": 1.30971698866861, ""gross_pnl"": -20.768105159567043, ""net_pnl"": -23.400000000000006, ""price"": 595.68084, ""quantity"": 3.6644818856034, ""reason"": ""STOP_FIRST_CONSERVATIVE"", ""reference_price"": 595.8, ""sequence"": 3, ""signal_id"": ""6368e0eee22ede75c86aa9da"", ""slippage_cost"": 0.43665966148837393, ""symbol"": ""BNBUSDT"", ""time"": ""2026-04-02T03:05:00+00:00"", ""trade_entry_allowed"": false}]"
development_240_5,final_240_5,B_30_30_40_BE_TP1,6368e0eee22ede75c86aa9da,BNBUSDT,LONG,CLOSED,2026-03-31T10:00:00+00:00,2026-04-02T03:05:00+00:00,-23.400000000000006,-1.0000000000000002,2.6318948404329605,0.8772974845117969,3.6644818856034,23.400000000000002,0.0777445851217497,True,"[{""action"": ""VIRTUAL_EXIT"", ""balance_change"": -22.077822148235654, ""entry_fee_allocation"": 1.3221778517643503, ""exit_fee"": 1.30971698866861, ""gross_pnl"": -20.768105159567043, ""net_pnl"": -23.400000000000006, ""price"": 595.68084, ""quantity"": 3.6644818856034, ""reason"": ""STOP_FIRST_CONSERVATIVE"", ""reference_price"": 595.8, ""sequence"": 3, ""signal_id"": ""6368e0eee22ede75c86aa9da"", ""slippage_cost"": 0.43665966148837393, ""symbol"": ""BNBUSDT"", ""time"": ""2026-04-02T03:05:00+00:00"", ""trade_entry_allowed"": false}]"
development_240_5,final_240_5,C_25_25_50_BE_TP1,6368e0eee22ede75c86aa9da,BNBUSDT,LONG,CLOSED,2026-03-31T10:00:00+00:00,2026-04-02T03:05:00+00:00,-23.400000000000006,-1.0000000000000002,2.6318948404329605,0.8772974845117969,3.6644818856034,23.400000000000002,0.0777445851217497,True,"[{""action"": ""VIRTUAL_EXIT"", ""balance_change"": -22.077822148235654, ""entry_fee_allocation"": 1.3221778517643503, ""exit_fee"": 1.30971698866861, ""gross_pnl"": -20.768105159567043, ""net_pnl"": -23.400000000000006, ""price"": 595.68084, ""quantity"": 3.6644818856034, ""reason"": ""STOP_FIRST_CONSERVATIVE"", ""reference_price"": 595.8, ""sequence"": 3, ""signal_id"": ""6368e0eee22ede75c86aa9da"", ""slippage_cost"": 0.43665966148837393, ""symbol"": ""BNBUSDT"", ""time"": ""2026-04-02T03:05:00+00:00"", ""trade_entry_allowed"": false}]"
development_240_5,final_240_5,D_25_35_40_BE_TP1,6368e0eee22ede75c86aa9da,BNBUSDT,LONG,CLOSED,2026-03-31T10:00:00+00:00,2026-04-02T03:05:00+00:00,-23.400000000000006,-1.0000000000000002,2.6318948404329605,0.8772974845117969,3.6644818856034,23.400000000000002,0.0777445851217497,True,"[{""action"": ""VIRTUAL_EXIT"", ""balance_change"": -22.077822148235654, ""entry_fee_allocation"": 1.3221778517643503, ""exit_fee"": 1.30971698866861, ""gross_pnl"": -20.768105159567043, ""net_pnl"": -23.400000000000006, ""price"": 595.68084, ""quantity"": 3.6644818856034, ""reason"": ""STOP_FIRST_CONSERVATIVE"", ""reference_price"": 595.8, ""sequence"": 3, ""signal_id"": ""6368e0eee22ede75c86aa9da"", ""slippage_cost"": 0.43665966148837393, ""symbol"": ""BNBUSDT"", ""time"": ""2026-04-02T03:05:00+00:00"", ""trade_entry_allowed"": false}]"
development_240_5,final_240_5,A_BE_LATER_CLOSE,6368e0eee22ede75c86aa9da,BNBUSDT,LONG,CLOSED,2026-03-31T10:00:00+00:00,2026-04-02T03:05:00+00:00,-23.400000000000006,-1.0000000000000002,2.6318948404329605,0.8772974845117969,3.6644818856034,23.400000000000002,0.0777445851217497,True,"[{""action"": ""VIRTUAL_EXIT"", ""balance_change"": -22.077822148235654, ""entry_fee_allocation"": 1.3221778517643503, ""exit_fee"": 1.30971698866861, ""gross_pnl"": -20.768105159567043, ""net_pnl"": -23.400000000000006, ""price"": 595.68084, ""quantity"": 3.6644818856034, ""reason"": ""STOP_FIRST_CONSERVATIVE"", ""reference_price"": 595.8, ""sequence"": 3, ""signal_id"": ""6368e0eee22ede75c86aa9da"", ""slippage_cost"": 0.43665966148837393, ""symbol"": ""BNBUSDT"", ""time"": ""2026-04-02T03:05:00+00:00"", ""trade_entry_allowed"": false}]"
development_240_5,final_240_5,A_ORIGINAL_SL_UNTIL_TP2,6368e0eee22ede75c86aa9da,BNBUSDT,LONG,CLOSED,2026-03-31T10:00:00+00:00,2026-04-02T03:05:00+00:00,-23.400000000000006,-1.0000000000000002,2.6318948404329605,0.8772974845117969,3.6644818856034,23.400000000000002,0.0777445851217497,True,"[{""action"": ""VIRTUAL_EXIT"", ""balance_change"": -22.077822148235654, ""entry_fee_allocation"": 1.3221778517643503, ""exit_fee"": 1.30971698866861, ""gross_pnl"": -20.768105159567043, ""net_pnl"": -23.400000000000006, ""price"": 595.68084, ""quantity"": 3.6644818856034, ""reason"": ""STOP_FIRST_CONSERVATIVE"", ""reference_price"": 595.8, ""sequence"": 3, ""signal_id"": ""6368e0eee22ede75c86aa9da"", ""slippage_cost"": 0.43665966148837393, ""symbol"": ""BNBUSDT"", ""time"": ""2026-04-02T03:05:00+00:00"", ""trade_entry_allowed"": false}]"
development_240_5,final_240_5,A_STRUCTURAL_AFTER_TP1,6368e0eee22ede75c86aa9da,BNBUSDT,LONG,CLOSED,2026-03-31T10:00:00+00:00,2026-04-02T03:05:00+00:00,-23.400000000000006,-1.0000000000000002,2.6318948404329605,0.8772974845117969,3.6644818856034,23.400000000000002,0.0777445851217497,True,"[{""action"": ""VIRTUAL_EXIT"", ""balance_change"": -22.077822148235654, ""entry_fee_allocation"": 1.3221778517643503, ""exit_fee"": 1.30971698866861, ""gross_pnl"": -20.768105159567043, ""net_pnl"": -23.400000000000006, ""price"": 595.68084, ""quantity"": 3.6644818856034, ""reason"": ""STOP_FIRST_CONSERVATIVE"", ""reference_price"": 595.8, ""sequence"": 3, ""signal_id"": ""6368e0eee22ede75c86aa9da"", ""slippage_cost"": 0.43665966148837393, ""symbol"": ""BNBUSDT"", ""time"": ""2026-04-02T03:05:00+00:00"", ""trade_entry_allowed"": false}]"
development_240_60,final_240_60,A_40_30_30_BE_TP1,562f49bbf510d68fc4d4c67c,BTCUSDT,SHORT,CLOSED,2026-04-29T10:00:00+00:00,2026-05-01T13:00:00+00:00,11.165865663086947,0.4771737462857669,3.4074648710080995,1.135822252035462,0.036631877612064025,23.400000000000002,0.03965751153207103,True,"[{""action"": ""VIRTUAL_EXIT"", ""balance_change"": 11.849107436952602, ""entry_fee_allocation"": 0.6832417738657113, ""exit_fee"": 0.6757268732795719, ""gross_pnl"": 12.524834310232174, ""net_pnl"": 11.16586566308689, ""price"": 76860.06894, ""quantity"": 0.01465275104482561, ""reason"": ""TP1"", ""reference_price"": 76844.7, ""sequence"": 3, ""signal_id"": ""562f49bbf510d68fc4d4c67c"", ""slippage_cost"": 0.22519725164286641, ""symbol"": ""BTCUSDT"", ""time"": ""2026-04-29T14:00:00+00:00"", ""trade_entry_allowed"": false}, {""action"": ""VIRTUAL_EXIT"", ""balance_change"": 1.0248626607986238, ""entry_fee_allocation"": 1.024862660798567, ""exit_fee"": 1.023633563064249, ""gross_pnl"": 2.048496223862873, ""net_pnl"": 5.684341886080802e-14, ""price"": 77621.64402763045, ""quantity"": 0.021979126567238414, ""reason"": ""STOP_FIRST_CONSERVATIVE"", ""reference_price"": 77606.12280306984, ""sequence"": 5, ""signal_id"": ""562f49bbf510d68fc4d4c67c"", ""slippage_cost"": 0.341142959096154, ""symbol"": ""BTCUSDT"", ""time"": ""2026-05-01T13:00:00+00:00"", ""trade_entry_allowed"": false}]"
development_240_60,final_240_60,B_30_30_40_BE_TP1,562f49bbf510d68fc4d4c67c,BTCUSDT,SHORT,CLOSED,2026-04-29T10:00:00+00:00,2026-05-01T13:00:00+00:00,8.374399247315234,0.35788030971432616,3.409138746532248,1.1363800989741044,0.036631877612064025,23.400000000000002,0.046067165568542505,True,"[{""action"": ""VIRTUAL_EXIT"", ""balance_change"": 8.886830577714452, ""entry_fee_allocation"": 0.5124313303992835, ""exit_fee"": 0.506795154959679, ""gross_pnl"": 9.393625732674131, ""net_pnl"": 8.374399247315168, ""price"": 76860.06894, ""quantity"": 0.010989563283619207, ""reason"": ""TP1"", ""reference_price"": 76844.7, ""sequence"": 3, ""signal_id"": ""562f49bbf510d68fc4d4c67c"", ""slippage_cost"": 0.1688979387321498, ""symbol"": ""BTCUSDT"", ""time"": ""2026-04-29T14:00:00+00:00"", ""trade_entry_allowed"": false}, {""action"": ""VIRTUAL_EXIT"", ""balance_change"": 1.1956731042650606, ""entry_fee_allocation"": 1.1956731042649946, ""exit_fee"": 1.1942391569082906, ""gross_pnl"": 2.389912261173351, ""net_pnl"": 6.59472476627343e-14, ""price"": 77621.64402763045, ""quantity"": 0.025642314328444816, ""reason"": ""STOP_FIRST_CONSERVATIVE"", ""reference_price"": 77606.12280306984, ""sequence"": 5, ""signal_id"": ""562f49bbf510d68fc4d4c67c"", ""slippage_cost"": 0.398000118945513, ""symbol"": ""BTCUSDT"", ""time"": ""2026-05-01T13:00:00+00:00"", ""trade_entry_allowed"": false}]"
development_240_60,final_240_60,C_25_25_50_BE_TP1,562f49bbf510d68fc4d4c67c,BTCUSDT,SHORT,CLOSED,2026-04-29T10:00:00+00:00,2026-05-01T13:00:00+00:00,6.978666039429378,0.29823359142860584,3.409975684294322,1.1366590224434256,0.036631877612064025,23.400000000000002,0.049251264134114424,True,"[{""action"": ""VIRTUAL_EXIT"", ""balance_change"": 7.405692148095376, ""entry_fee_allocation"": 0.42702610866606955, ""exit_fee"": 0.4223292957997325, ""gross_pnl"": 7.828021443895109, ""net_pnl"": 6.9786660394293065, ""price"": 76860.06894, ""quantity"": 0.009157969403016006, ""reason"": ""TP1"", ""reference_price"": 76844.7, ""sequence"": 3, ""signal_id"": ""562f49bbf510d68fc4d4c67c"", ""slippage_cost"": 0.1407482822767915, ""symbol"": ""BTCUSDT"", ""time"": ""2026-04-29T14:00:00+00:00"", ""trade_entry_allowed"": false}, {""action"": ""VIRTUAL_EXIT"", ""balance_change"": 1.2810783259982796, ""entry_fee_allocation"": 1.2810783259982086, ""exit_fee"": 1.2795419538303114, ""gross_pnl"": 2.560620279828591, ""net_pnl"": 7.105427357601002e-14, ""price"": 77621.64402763045, ""quantity"": 0.02747390820904802, ""reason"": ""STOP_FIRST_CONSERVATIVE"", ""reference_price"": 77606.12280306984, ""sequence"": 5, ""signal_id"": ""562f49bbf510d68fc4d4c67c"", ""slippage_cost"": 0.4264286988701926, ""symbol"": ""BTCUSDT"", ""time"": ""2026-05-01T13:00:00+00:00"", ""trade_entry_allowed"": false}]"
development_240_60,final_240_60,D_25_35_40_BE_TP1,562f49bbf510d68fc4d4c67c,BTCUSDT,SHORT,CLOSED,2026-04-29T10:00:00+00:00,2026-05-01T13:00:00+00:00,6.978666039429378,0.29823359142860584,3.409975684294322,1.1366590224434256,0.036631877612064025,23.400000000000002,0.049251264134114424,True,"[{""action"": ""VIRTUAL_EXIT"", ""balance_change"": 7.405692148095376, ""entry_fee_allocation"": 0.42702610866606955, ""exit_fee"": 0.4223292957997325, ""gross_pnl"": 7.828021443895109, ""net_pnl"": 6.9786660394293065, ""price"": 76860.06894, ""quantity"": 0.009157969403016006, ""reason"": ""TP1"", ""reference_price"": 76844.7, ""sequence"": 3, ""signal_id"": ""562f49bbf510d68fc4d4c67c"", ""slippage_cost"": 0.1407482822767915, ""symbol"": ""BTCUSDT"", ""time"": ""2026-04-29T14:00:00+00:00"", ""trade_entry_allowed"": false}, {""action"": ""VIRTUAL_EXIT"", ""balance_change"": 1.2810783259982796, ""entry_fee_allocation"": 1.2810783259982086, ""exit_fee"": 1.2795419538303114, ""gross_pnl"": 2.560620279828591, ""net_pnl"": 7.105427357601002e-14, ""price"": 77621.64402763045, ""quantity"": 0.02747390820904802, ""reason"": ""STOP_FIRST_CONSERVATIVE"", ""reference_price"": 77606.12280306984, ""sequence"": 5, ""signal_id"": ""562f49bbf510d68fc4d4c67c"", ""slippage_cost"": 0.4264286988701926, ""symbol"": ""BTCUSDT"", ""time"": ""2026-05-01T13:00:00+00:00"", ""trade_entry_allowed"": false}]"
development_240_60,final_240_60,A_BE_LATER_CLOSE,562f49bbf510d68fc4d4c67c,BTCUSDT,SHORT,CLOSED,2026-04-29T10:00:00+00:00,2026-05-01T13:00:00+00:00,11.165865663086947,0.4771737462857669,3.4074648710080995,1.135822252035462,0.036631877612064025,23.400000000000002,0.03965751153207103,True,"[{""action"": ""VIRTUAL_EXIT"", ""balance_change"": 11.849107436952602, ""entry_fee_allocation"": 0.6832417738657113, ""exit_fee"": 0.6757268732795719, ""gross_pnl"": 12.524834310232174, ""net_pnl"": 11.16586566308689, ""price"": 76860.06894, ""quantity"": 0.01465275104482561, ""reason"": ""TP1"", ""reference_price"": 76844.7, ""sequence"": 3, ""signal_id"": ""562f49bbf510d68fc4d4c67c"", ""slippage_cost"": 0.22519725164286641, ""symbol"": ""BTCUSDT"", ""time"": ""2026-04-29T14:00:00+00:00"", ""trade_entry_allowed"": false}, {""action"": ""VIRTUAL_EXIT"", ""balance_change"": 1.0248626607986238, ""entry_fee_allocation"": 1.024862660798567, ""exit_fee"": 1.023633563064249, ""gross_pnl"": 2.048496223862873, ""net_pnl"": 5.684341886080802e-14, ""price"": 77621.64402763045, ""quantity"": 0.021979126567238414, ""reason"": ""STOP_FIRST_CONSERVATIVE"", ""reference_price"": 77606.12280306984, ""sequence"": 5, ""signal_id"": ""562f49bbf510d68fc4d4c67c"", ""slippage_cost"": 0.341142959096154, ""symbol"": ""BTCUSDT"", ""time"": ""2026-05-01T13:00:00+00:00"", ""trade_entry_allowed"": false}]"
development_240_60,final_240_60,A_ORIGINAL_SL_UNTIL_TP2,562f49bbf510d68fc4d4c67c,BTCUSDT,SHORT,CLOSED,2026-04-29T10:00:00+00:00,2026-05-01T14:00:00+00:00,-2.8741343369131105,-0.12282625371423549,3.415883819638921,1.1386280070946881,0.036631877612064025,23.400000000000002,0.05107268101000074,True,"[{""action"": ""VIRTUAL_EXIT"", ""balance_change"": 11.849107436952602, ""entry_fee_allocation"": 0.6832417738657113, ""exit_fee"": 0.6757268732795719, ""gross_pnl"": 12.524834310232174, ""net_pnl"": 11.16586566308689, ""price"": 76860.06894, ""quantity"": 0.01465275104482561, ""reason"": ""TP1"", ""reference_price"": 76844.7, ""sequence"": 3, ""signal_id"": ""562f49bbf510d68fc4d4c67c"", ""slippage_cost"": 0.22519725164286641, ""symbol"": ""BTCUSDT"", ""time"": ""2026-04-29T14:00:00+00:00"", ""trade_entry_allowed"": false}, {""action"": ""VIRTUAL_EXIT"", ""balance_change"": -13.015137339201434, ""entry_fee_allocation"": 1.024862660798567, ""exit_fee"": 1.0320525116950707, ""gross_pnl"": -11.983084827506364, ""net_pnl"": -14.040000000000001, ""price"": 78260.04887999999, ""quantity"": 0.021979126567238414, ""reason"": ""STOP_FIRST_CONSERVATIVE"", ""reference_price"": 78244.4, ""sequence"": 4, ""signal_id"": ""562f49bbf510d68fc4d4c67c"", ""slippage_cost"": 0.34394871415538014, ""symbol"": ""BTCUSDT"", ""time"": ""2026-05-01T14:00:00+00:00"", ""trade_entry_allowed"": false}]"
development_240_60,final_240_60,A_STRUCTURAL_AFTER_TP1,562f49bbf510d68fc4d4c67c,BTCUSDT,SHORT,CLOSED,2026-04-29T10:00:00+00:00,2026-04-30T01:00:00+00:00,45.160086762411275,1.9299182377098834,3.387080568929752,1.12902884335793,0.036631877612064025,23.400000000000002,0.011656571501112474,True,"[{""action"": ""VIRTUAL_EXIT"", ""balance_change"": 11.849107436952602, ""entry_fee_allocation"": 0.6832417738657113, ""exit_fee"": 0.6757268732795719, ""gross_pnl"": 12.524834310232174, ""net_pnl"": 11.16586566308689, ""price"": 76860.06894, ""quantity"": 0.01465275104482561, ""reason"": ""TP1"", ""reference_price"": 76844.7, ""sequence"": 3, ""signal_id"": ""562f49bbf510d68fc4d4c67c"", ""slippage_cost"": 0.22519725164286641, ""symbol"": ""BTCUSDT"", ""time"": ""2026-04-29T14:00:00+00:00"", ""trade_entry_allowed"": false}, {""action"": ""VIRTUAL_EXIT"", ""balance_change"": 35.01908376012295, ""entry_fee_allocation"": 1.024862660798567, ""exit_fee"": 1.0032492609859016, ""gross_pnl"": 36.02233302110886, ""net_pnl"": 33.994221099324385, ""price"": 76075.91214, ""quantity"": 0.021979126567238414, ""reason"": ""STOP_FIRST_CONSERVATIVE"", ""reference_price"": 76060.7, ""sequence"": 6, ""signal_id"": ""562f49bbf510d68fc4d4c67c"", ""slippage_cost"": 0.33434955041862213, ""symbol"": ""BTCUSDT"", ""time"": ""2026-04-30T01:00:00+00:00"", ""trade_entry_allowed"": false}]"
development_240_60,final_240_60,A_40_30_30_BE_TP1,d0220592f1743192e87311f9,AVAXUSDT,SHORT,CLOSED,2026-09-20T12:00:00+00:00,2026-09-20T15:00:00+00:00,-23.623317313261737,-0.9999999999999999,0.7005866120478933,0.2335279631144625,55.016131369509495,23.62331731326174,0.02142513605709449,True,"[{""action"": ""VIRTUAL_EXIT"", ""balance_change"": -23.279900826448156, ""entry_fee_allocation"": 0.3434164868135825, ""exit_fee"": 0.3571701252343108, ""gross_pnl"": -22.922730701213844, ""net_pnl"": -23.623317313261737, ""price"": 10.820163599999999, ""quantity"": 55.016131369509495, ""reason"": ""STOP_FIRST_CONSERVATIVE"", ""reference_price"": 10.818, ""sequence"": 3, ""signal_id"": ""d0220592f1743192e87311f9"", ""slippage_cost"": 0.11903290183103647, ""symbol"": ""AVAXUSDT"", ""time"": ""2026-09-20T15:00:00+00:00"", ""trade_entry_allowed"": false}]"
development_240_60,final_240_60,B_30_30_40_BE_TP1,d0220592f1743192e87311f9,AVAXUSDT,SHORT,CLOSED,2026-09-20T12:00:00+00:00,2026-09-20T15:00:00+00:00,-23.623317313261737,-0.9999999999999999,0.7005866120478933,0.2335279631144625,55.016131369509495,23.62331731326174,0.02142513605709449,True,"[{""action"": ""VIRTUAL_EXIT"", ""balance_change"": -23.279900826448156, ""entry_fee_allocation"": 0.3434164868135825, ""exit_fee"": 0.3571701252343108, ""gross_pnl"": -22.922730701213844, ""net_pnl"": -23.623317313261737, ""price"": 10.820163599999999, ""quantity"": 55.016131369509495, ""reason"": ""STOP_FIRST_CONSERVATIVE"", ""reference_price"": 10.818, ""sequence"": 3, ""signal_id"": ""d0220592f1743192e87311f9"", ""slippage_cost"": 0.11903290183103647, ""symbol"": ""AVAXUSDT"", ""time"": ""2026-09-20T15:00:00+00:00"", ""trade_entry_allowed"": false}]"
development_240_60,final_240_60,C_25_25_50_BE_TP1,d0220592f1743192e87311f9,AVAXUSDT,SHORT,CLOSED,2026-09-20T12:00:00+00:00,2026-09-20T15:00:00+00:00,-23.623317313261737,-0.9999999999999999,0.7005866120478933,0.2335279631144625,55.016131369509495,23.62331731326174,0.02142513605709449,True,"[{""action"": ""VIRTUAL_EXIT"", ""balance_change"": -23.279900826448156, ""entry_fee_allocation"": 0.3434164868135825, ""exit_fee"": 0.3571701252343108, ""gross_pnl"": -22.922730701213844, ""net_pnl"": -23.623317313261737, ""price"": 10.820163599999999, ""quantity"": 55.016131369509495, ""reason"": ""STOP_FIRST_CONSERVATIVE"", ""reference_price"": 10.818, ""sequence"": 3, ""signal_id"": ""d0220592f1743192e87311f9"", ""slippage_cost"": 0.11903290183103647, ""symbol"": ""AVAXUSDT"", ""time"": ""2026-09-20T15:00:00+00:00"", ""trade_entry_allowed"": false}]"
development_240_60,final_240_60,D_25_35_40_BE_TP1,d0220592f1743192e87311f9,AVAXUSDT,SHORT,CLOSED,2026-09-20T12:00:00+00:00,2026-09-20T15:00:00+00:00,-23.623317313261737,-0.9999999999999999,0.7005866120478933,0.2335279631144625,55.016131369509495,23.62331731326174,0.02142513605709449,True,"[{""action"": ""VIRTUAL_EXIT"", ""balance_change"": -23.279900826448156, ""entry_fee_allocation"": 0.3434164868135825, ""exit_fee"": 0.3571701252343108, ""gross_pnl"": -22.922730701213844, ""net_pnl"": -23.623317313261737, ""price"": 10.820163599999999, ""quantity"": 55.016131369509495, ""reason"": ""STOP_FIRST_CONSERVATIVE"", ""reference_price"": 10.818, ""sequence"": 3, ""signal_id"": ""d0220592f1743192e87311f9"", ""slippage_cost"": 0.11903290183103647, ""symbol"": ""AVAXUSDT"", ""time"": ""2026-09-20T15:00:00+00:00"", ""trade_entry_allowed"": false}]"
development_240_60,final_240_60,A_BE_LATER_CLOSE,d0220592f1743192e87311f9,AVAXUSDT,SHORT,CLOSED,2026-09-20T12:00:00+00:00,2026-09-20T15:00:00+00:00,-23.623317313261737,-0.9999999999999999,0.7005866120478933,0.2335279631144625,55.016131369509495,23.62331731326174,0.02142513605709449,True,"[{""action"": ""VIRTUAL_EXIT"", ""balance_change"": -23.279900826448156, ""entry_fee_allocation"": 0.3434164868135825, ""exit_fee"": 0.3571701252343108, ""gross_pnl"": -22.922730701213844, ""net_pnl"": -23.623317313261737, ""price"": 10.820163599999999, ""quantity"": 55.016131369509495, ""reason"": ""STOP_FIRST_CONSERVATIVE"", ""reference_price"": 10.818, ""sequence"": 3, ""signal_id"": ""d0220592f1743192e87311f9"", ""slippage_cost"": 0.11903290183103647, ""symbol"": ""AVAXUSDT"", ""time"": ""2026-09-20T15:00:00+00:00"", ""trade_entry_allowed"": false}]"
development_240_60,final_240_60,A_ORIGINAL_SL_UNTIL_TP2,d0220592f1743192e87311f9,AVAXUSDT,SHORT,CLOSED,2026-09-20T12:00:00+00:00,2026-09-20T15:00:00+00:00,-23.623317313261737,-0.9999999999999999,0.7005866120478933,0.2335279631144625,55.016131369509495,23.62331731326174,0.02142513605709449,True,"[{""action"": ""VIRTUAL_EXIT"", ""balance_change"": -23.279900826448156, ""entry_fee_allocation"": 0.3434164868135825, ""exit_fee"": 0.3571701252343108, ""gross_pnl"": -22.922730701213844, ""net_pnl"": -23.623317313261737, ""price"": 10.820163599999999, ""quantity"": 55.016131369509495, ""reason"": ""STOP_FIRST_CONSERVATIVE"", ""reference_price"": 10.818, ""sequence"": 3, ""signal_id"": ""d0220592f1743192e87311f9"", ""slippage_cost"": 0.11903290183103647, ""symbol"": ""AVAXUSDT"", ""time"": ""2026-09-20T15:00:00+00:00"", ""trade_entry_allowed"": false}]"
development_240_60,final_240_60,A_STRUCTURAL_AFTER_TP1,d0220592f1743192e87311f9,AVAXUSDT,SHORT,CLOSED,2026-09-20T12:00:00+00:00,2026-09-20T15:00:00+00:00,-23.623317313261737,-0.9999999999999999,0.7005866120478933,0.2335279631144625,55.016131369509495,23.62331731326174,0.02142513605709449,True,"[{""action"": ""VIRTUAL_EXIT"", ""balance_change"": -23.279900826448156, ""entry_fee_allocation"": 0.3434164868135825, ""exit_fee"": 0.3571701252343108, ""gross_pnl"": -22.922730701213844, ""net_pnl"": -23.623317313261737, ""price"": 10.820163599999999, ""quantity"": 55.016131369509495, ""reason"": ""STOP_FIRST_CONSERVATIVE"", ""reference_price"": 10.818, ""sequence"": 3, ""signal_id"": ""d0220592f1743192e87311f9"", ""slippage_cost"": 0.11903290183103647, ""symbol"": ""AVAXUSDT"", ""time"": ""2026-09-20T15:00:00+00:00"", ""trade_entry_allowed"": false}]"
development_60_15,final_60_15,A_40_30_30_BE_TP1,75d2c61990233a3077fe2349,AVAXUSDT,LONG,CLOSED,2026-05-12T14:30:00+00:00,2026-05-12T14:45:00+00:00,-23.400000000000002,-1.0,4.041688980139645,1.3472289396029362,346.3669630818761,23.400000000000002,0.023238261312207843,True,"[{""action"": ""VIRTUAL_EXIT"", ""balance_change"": -21.37334801662422, ""entry_fee_allocation"": 2.0266519833757806, ""exit_fee"": 2.0150369967638646, ""gross_pnl"": -19.358311019860356, ""net_pnl"": -23.400000000000002, ""price"": 9.6960604, ""quantity"": 346.3669630818761, ""reason"": ""STOP_FIRST_CONSERVATIVE"", ""reference_price"": 9.698, ""sequence"": 3, ""signal_id"": ""75d2c61990233a3077fe2349"", ""slippage_cost"": 0.6718133615936213, ""symbol"": ""AVAXUSDT"", ""time"": ""2026-05-12T14:45:00+00:00"", ""trade_entry_allowed"": false}]"
development_60_15,final_60_15,B_30_30_40_BE_TP1,75d2c61990233a3077fe2349,AVAXUSDT,LONG,CLOSED,2026-05-12T14:30:00+00:00,2026-05-12T14:45:00+00:00,-23.400000000000002,-1.0,4.041688980139645,1.3472289396029362,346.3669630818761,23.400000000000002,0.023238261312207843,True,"[{""action"": ""VIRTUAL_EXIT"", ""balance_change"": -21.37334801662422, ""entry_fee_allocation"": 2.0266519833757806, ""exit_fee"": 2.0150369967638646, ""gross_pnl"": -19.358311019860356, ""net_pnl"": -23.400000000000002, ""price"": 9.6960604, ""quantity"": 346.3669630818761, ""reason"": ""STOP_FIRST_CONSERVATIVE"", ""reference_price"": 9.698, ""sequence"": 3, ""signal_id"": ""75d2c61990233a3077fe2349"", ""slippage_cost"": 0.6718133615936213, ""symbol"": ""AVAXUSDT"", ""time"": ""2026-05-12T14:45:00+00:00"", ""trade_entry_allowed"": false}]"
development_60_15,final_60_15,C_25_25_50_BE_TP1,75d2c61990233a3077fe2349,AVAXUSDT,LONG,CLOSED,2026-05-12T14:30:00+00:00,2026-05-12T14:45:00+00:00,-23.400000000000002,-1.0,4.041688980139645,1.3472289396029362,346.3669630818761,23.400000000000002,0.023238261312207843,True,"[{""action"": ""VIRTUAL_EXIT"", ""balance_change"": -21.37334801662422, ""entry_fee_allocation"": 2.0266519833757806, ""exit_fee"": 2.0150369967638646, ""gross_pnl"": -19.358311019860356, ""net_pnl"": -23.400000000000002, ""price"": 9.6960604, ""quantity"": 346.3669630818761, ""reason"": ""STOP_FIRST_CONSERVATIVE"", ""reference_price"": 9.698, ""sequence"": 3, ""signal_id"": ""75d2c61990233a3077fe2349"", ""slippage_cost"": 0.6718133615936213, ""symbol"": ""AVAXUSDT"", ""time"": ""2026-05-12T14:45:00+00:00"", ""trade_entry_allowed"": false}]"
development_60_15,final_60_15,D_25_35_40_BE_TP1,75d2c61990233a3077fe2349,AVAXUSDT,LONG,CLOSED,2026-05-12T14:30:00+00:00,2026-05-12T14:45:00+00:00,-23.400000000000002,-1.0,4.041688980139645,1.3472289396029362,346.3669630818761,23.400000000000002,0.023238261312207843,True,"[{""action"": ""VIRTUAL_EXIT"", ""balance_change"": -21.37334801662422, ""entry_fee_allocation"": 2.0266519833757806, ""exit_fee"": 2.0150369967638646, ""gross_pnl"": -19.358311019860356, ""net_pnl"": -23.400000000000002, ""price"": 9.6960604, ""quantity"": 346.3669630818761, ""reason"": ""STOP_FIRST_CONSERVATIVE"", ""reference_price"": 9.698, ""sequence"": 3, ""signal_id"": ""75d2c61990233a3077fe2349"", ""slippage_cost"": 0.6718133615936213, ""symbol"": ""AVAXUSDT"", ""time"": ""2026-05-12T14:45:00+00:00"", ""trade_entry_allowed"": false}]"
development_60_15,final_60_15,A_BE_LATER_CLOSE,75d2c61990233a3077fe2349,AVAXUSDT,LONG,CLOSED,2026-05-12T14:30:00+00:00,2026-05-12T14:45:00+00:00,-23.400000000000002,-1.0,4.041688980139645,1.3472289396029362,346.3669630818761,23.400000000000002,0.023238261312207843,True,"[{""action"": ""VIRTUAL_EXIT"", ""balance_change"": -21.37334801662422, ""entry_fee_allocation"": 2.0266519833757806, ""exit_fee"": 2.0150369967638646, ""gross_pnl"": -19.358311019860356, ""net_pnl"": -23.400000000000002, ""price"": 9.6960604, ""quantity"": 346.3669630818761, ""reason"": ""STOP_FIRST_CONSERVATIVE"", ""reference_price"": 9.698, ""sequence"": 3, ""signal_id"": ""75d2c61990233a3077fe2349"", ""slippage_cost"": 0.6718133615936213, ""symbol"": ""AVAXUSDT"", ""time"": ""2026-05-12T14:45:00+00:00"", ""trade_entry_allowed"": false}]"
development_60_15,final_60_15,A_ORIGINAL_SL_UNTIL_TP2,75d2c61990233a3077fe2349,AVAXUSDT,LONG,CLOSED,2026-05-12T14:30:00+00:00,2026-05-12T14:45:00+00:00,-23.400000000000002,-1.0,4.041688980139645,1.3472289396029362,346.3669630818761,23.400000000000002,0.023238261312207843,True,"[{""action"": ""VIRTUAL_EXIT"", ""balance_change"": -21.37334801662422, ""entry_fee_allocation"": 2.0266519833757806, ""exit_fee"": 2.0150369967638646, ""gross_pnl"": -19.358311019860356, ""net_pnl"": -23.400000000000002, ""price"": 9.6960604, ""quantity"": 346.3669630818761, ""reason"": ""STOP_FIRST_CONSERVATIVE"", ""reference_price"": 9.698, ""sequence"": 3, ""signal_id"": ""75d2c61990233a3077fe2349"", ""slippage_cost"": 0.6718133615936213, ""symbol"": ""AVAXUSDT"", ""time"": ""2026-05-12T14:45:00+00:00"", ""trade_entry_allowed"": false}]"
development_60_15,final_60_15,A_STRUCTURAL_AFTER_TP1,75d2c61990233a3077fe2349,AVAXUSDT,LONG,CLOSED,2026-05-12T14:30:00+00:00,2026-05-12T14:45:00+00:00,-23.400000000000002,-1.0,4.041688980139645,1.3472289396029362,346.3669630818761,23.400000000000002,0.023238261312207843,True,"[{""action"": ""VIRTUAL_EXIT"", ""balance_change"": -21.37334801662422, ""entry_fee_allocation"": 2.0266519833757806, ""exit_fee"": 2.0150369967638646, ""gross_pnl"": -19.358311019860356, ""net_pnl"": -23.400000000000002, ""price"": 9.6960604, ""quantity"": 346.3669630818761, ""reason"": ""STOP_FIRST_CONSERVATIVE"", ""reference_price"": 9.698, ""sequence"": 3, ""signal_id"": ""75d2c61990233a3077fe2349"", ""slippage_cost"": 0.6718133615936213, ""symbol"": ""AVAXUSDT"", ""time"": ""2026-05-12T14:45:00+00:00"", ""trade_entry_allowed"": false}]"
development_60_5,limit_60_5,A_40_30_30_BE_TP1,3f8338b57a87fd615bbc4882,XRPUSDT,SHORT,CLOSED,2026-09-19T05:30:00+00:00,2026-09-21T08:40:00+00:00,-23.400000000000002,-1.0,1.544335808320855,0.5147777491380959,889.203601772543,23.400000000000002,0.06535608677470964,True,"[{""action"": ""VIRTUAL_EXIT"", ""balance_change"": -22.634388795097077, ""entry_fee_allocation"": 0.7656112049029237, ""exit_fee"": 0.7787246034179311, ""gross_pnl"": -21.855664191679146, ""net_pnl"": -23.400000000000002, ""price"": 1.45959186, ""quantity"": 889.203601772543, ""reason"": ""STOP_FIRST_CONSERVATIVE"", ""reference_price"": 1.4593, ""sequence"": 3, ""signal_id"": ""3f8338b57a87fd615bbc4882"", ""slippage_cost"": 0.25952296321326473, ""symbol"": ""XRPUSDT"", ""time"": ""2026-09-21T08:40:00+00:00"", ""trade_entry_allowed"": false}]"
development_60_5,limit_60_5,B_30_30_40_BE_TP1,3f8338b57a87fd615bbc4882,XRPUSDT,SHORT,CLOSED,2026-09-19T05:30:00+00:00,2026-09-21T08:40:00+00:00,-23.400000000000002,-1.0,1.544335808320855,0.5147777491380959,889.203601772543,23.400000000000002,0.06535608677470964,True,"[{""action"": ""VIRTUAL_EXIT"", ""balance_change"": -22.634388795097077, ""entry_fee_allocation"": 0.7656112049029237, ""exit_fee"": 0.7787246034179311, ""gross_pnl"": -21.855664191679146, ""net_pnl"": -23.400000000000002, ""price"": 1.45959186, ""quantity"": 889.203601772543, ""reason"": ""STOP_FIRST_CONSERVATIVE"", ""reference_price"": 1.4593, ""sequence"": 3, ""signal_id"": ""3f8338b57a87fd615bbc4882"", ""slippage_cost"": 0.25952296321326473, ""symbol"": ""XRPUSDT"", ""time"": ""2026-09-21T08:40:00+00:00"", ""trade_entry_allowed"": false}]"
development_60_5,limit_60_5,C_25_25_50_BE_TP1,3f8338b57a87fd615bbc4882,XRPUSDT,SHORT,CLOSED,2026-09-19T05:30:00+00:00,2026-09-21T08:40:00+00:00,-23.400000000000002,-1.0,1.544335808320855,0.5147777491380959,889.203601772543,23.400000000000002,0.06535608677470964,True,"[{""action"": ""VIRTUAL_EXIT"", ""balance_change"": -22.634388795097077, ""entry_fee_allocation"": 0.7656112049029237, ""exit_fee"": 0.7787246034179311, ""gross_pnl"": -21.855664191679146, ""net_pnl"": -23.400000000000002, ""price"": 1.45959186, ""quantity"": 889.203601772543, ""reason"": ""STOP_FIRST_CONSERVATIVE"", ""reference_price"": 1.4593, ""sequence"": 3, ""signal_id"": ""3f8338b57a87fd615bbc4882"", ""slippage_cost"": 0.25952296321326473, ""symbol"": ""XRPUSDT"", ""time"": ""2026-09-21T08:40:00+00:00"", ""trade_entry_allowed"": false}]"
development_60_5,limit_60_5,D_25_35_40_BE_TP1,3f8338b57a87fd615bbc4882,XRPUSDT,SHORT,CLOSED,2026-09-19T05:30:00+00:00,2026-09-21T08:40:00+00:00,-23.400000000000002,-1.0,1.544335808320855,0.5147777491380959,889.203601772543,23.400000000000002,0.06535608677470964,True,"[{""action"": ""VIRTUAL_EXIT"", ""balance_change"": -22.634388795097077, ""entry_fee_allocation"": 0.7656112049029237, ""exit_fee"": 0.7787246034179311, ""gross_pnl"": -21.855664191679146, ""net_pnl"": -23.400000000000002, ""price"": 1.45959186, ""quantity"": 889.203601772543, ""reason"": ""STOP_FIRST_CONSERVATIVE"", ""reference_price"": 1.4593, ""sequence"": 3, ""signal_id"": ""3f8338b57a87fd615bbc4882"", ""slippage_cost"": 0.25952296321326473, ""symbol"": ""XRPUSDT"", ""time"": ""2026-09-21T08:40:00+00:00"", ""trade_entry_allowed"": false}]"
development_60_5,limit_60_5,A_BE_LATER_CLOSE,3f8338b57a87fd615bbc4882,XRPUSDT,SHORT,CLOSED,2026-09-19T05:30:00+00:00,2026-09-21T08:40:00+00:00,-23.400000000000002,-1.0,1.544335808320855,0.5147777491380959,889.203601772543,23.400000000000002,0.06535608677470964,True,"[{""action"": ""VIRTUAL_EXIT"", ""balance_change"": -22.634388795097077, ""entry_fee_allocation"": 0.7656112049029237, ""exit_fee"": 0.7787246034179311, ""gross_pnl"": -21.855664191679146, ""net_pnl"": -23.400000000000002, ""price"": 1.45959186, ""quantity"": 889.203601772543, ""reason"": ""STOP_FIRST_CONSERVATIVE"", ""reference_price"": 1.4593, ""sequence"": 3, ""signal_id"": ""3f8338b57a87fd615bbc4882"", ""slippage_cost"": 0.25952296321326473, ""symbol"": ""XRPUSDT"", ""time"": ""2026-09-21T08:40:00+00:00"", ""trade_entry_allowed"": false}]"
development_60_5,limit_60_5,A_ORIGINAL_SL_UNTIL_TP2,3f8338b57a87fd615bbc4882,XRPUSDT,SHORT,CLOSED,2026-09-19T05:30:00+00:00,2026-09-21T08:40:00+00:00,-23.400000000000002,-1.0,1.544335808320855,0.5147777491380959,889.203601772543,23.400000000000002,0.06535608677470964,True,"[{""action"": ""VIRTUAL_EXIT"", ""balance_change"": -22.634388795097077, ""entry_fee_allocation"": 0.7656112049029237, ""exit_fee"": 0.7787246034179311, ""gross_pnl"": -21.855664191679146, ""net_pnl"": -23.400000000000002, ""price"": 1.45959186, ""quantity"": 889.203601772543, ""reason"": ""STOP_FIRST_CONSERVATIVE"", ""reference_price"": 1.4593, ""sequence"": 3, ""signal_id"": ""3f8338b57a87fd615bbc4882"", ""slippage_cost"": 0.25952296321326473, ""symbol"": ""XRPUSDT"", ""time"": ""2026-09-21T08:40:00+00:00"", ""trade_entry_allowed"": false}]"
development_60_5,limit_60_5,A_STRUCTURAL_AFTER_TP1,3f8338b57a87fd615bbc4882,XRPUSDT,SHORT,CLOSED,2026-09-19T05:30:00+00:00,2026-09-21T08:40:00+00:00,-23.400000000000002,-1.0,1.544335808320855,0.5147777491380959,889.203601772543,23.400000000000002,0.06535608677470964,True,"[{""action"": ""VIRTUAL_EXIT"", ""balance_change"": -22.634388795097077, ""entry_fee_allocation"": 0.7656112049029237, ""exit_fee"": 0.7787246034179311, ""gross_pnl"": -21.855664191679146, ""net_pnl"": -23.400000000000002, ""price"": 1.45959186, ""quantity"": 889.203601772543, ""reason"": ""STOP_FIRST_CONSERVATIVE"", ""reference_price"": 1.4593, ""sequence"": 3, ""signal_id"": ""3f8338b57a87fd615bbc4882"", ""slippage_cost"": 0.25952296321326473, ""symbol"": ""XRPUSDT"", ""time"": ""2026-09-21T08:40:00+00:00"", ""trade_entry_allowed"": false}]"
