I001 [*] Import block is un-sorted or un-formatted
  --> scripts/analyze_bybit_history.py:1:1
   |
 1 | / from __future__ import annotations
 2 | |
 3 | | import argparse
 4 | | import sys
 5 | | from collections import Counter
 6 | | from pathlib import Path
 7 | |
 8 | | from crypto_bot.analysis_report import write_event_csv, write_summary_json, write_sweep_episode_csv, write_trend_state_csv
 9 | | from crypto_bot.data.bybit import BybitPublicClient
10 | | from crypto_bot.data.qa import audit_klines
11 | | from crypto_bot.data.storage import read_klines_csv
12 | | from crypto_bot.strategy.market_analysis import MarketAnalysisError, TrendState, analyze_market
   | |_______________________________________________________________________________________________^
help: Organize imports
   |
7  |
   - from crypto_bot.analysis_report import write_event_csv, write_summary_json, write_sweep_episode_csv, write_trend_state_csv
8  + from crypto_bot.analysis_report import (
9  +     write_event_csv,
10 +     write_summary_json,
11 +     write_sweep_episode_csv,
12 +     write_trend_state_csv,
13 + )
14 | from crypto_bot.data.bybit import BybitPublicClient
15 | from crypto_bot.data.qa import audit_klines
16 | from crypto_bot.data.storage import read_klines_csv
   - from crypto_bot.strategy.market_analysis import MarketAnalysisError, TrendState, analyze_market
17 + from crypto_bot.strategy.market_analysis import (
18 +     MarketAnalysisError,
19 +     TrendState,
20 +     analyze_market,
21 + )
22 |
   |

I001 [*] Import block is un-sorted or un-formatted
  --> scripts/analyze_cross_asset_robustness.py:7:1
   |
 5 |   a broader symbol basket before Entry Engine work.
 6 |   """
 7 | / from __future__ import annotations
 8 | |
 9 | | import argparse
10 | | import csv
11 | | from collections import Counter
12 | | from dataclasses import asdict
13 | | from datetime import timedelta
14 | | import hashlib
15 | | import json
16 | | from pathlib import Path
17 | | from crypto_bot import __version__ as PACKAGE_VERSION
18 | |
19 | | from crypto_bot.data.qa import audit_klines
20 | | from crypto_bot.data.storage import read_klines_csv
21 | | from crypto_bot.strategy.cross_asset_validation import (
22 | |     DEFAULT_CROSS_ASSET_BASKET,
23 | |     REQUIRED_TIMEFRAMES,
24 | |     SymbolRobustnessChecks,
25 | |     decide_cross_asset_gate,
26 | |     normalize_symbols,
27 | | )
28 | | from crypto_bot.strategy.market_analysis import (
29 | |     MarketEventKind,
30 | |     StructureAnalysisMode,
31 | |     TrendState,
32 | |     analyze_market,
33 | | )
34 | | from crypto_bot.strategy.mtf_sfp import link_sfp_formations_to_ltf_bos
35 | | from crypto_bot.strategy.recovery_ablation import plain
36 | | from crypto_bot.strategy.structure_stability import compare_bos_suffix
   | |______________________________________________________________________^
help: Organize imports
   |
10 | import csv
11 + import hashlib
12 + import json
13 | from collections import Counter
14 | from dataclasses import asdict
15 | from datetime import timedelta
   - import hashlib
   - import json
16 | from pathlib import Path
17 +
18 | from crypto_bot import __version__ as PACKAGE_VERSION
   -
19 | from crypto_bot.data.qa import audit_klines
--------------------------------------------------------------------------------
36 | from crypto_bot.strategy.structure_stability import compare_bos_suffix
   -
37 |
   |

BLE001 Do not catch blind exception: `Exception`
   --> scripts/analyze_cross_asset_robustness.py:228:20
    |
226 |                     "entry_engine_blocking_reasons": mtf.entry_engine_blocking_reasons,
227 |                 }
228 |             except Exception as exc:  # report the symbol as failed instead of silently skipping it
    |                    ^^^^^^^^^
229 |                 mtf_runtime_passed = False
230 |                 pair_summary[f"{htf}_to_{ltf}"] = {"runtime_error": f"{type(exc).__name__}: {exc}"}
    |

I001 [*] Import block is un-sorted or un-formatted
  --> scripts/analyze_mtf_sfp.py:1:1
   |
 1 | / from __future__ import annotations
 2 | |
 3 | | import argparse
 4 | | import csv
 5 | | import sys
 6 | | from collections import Counter, defaultdict
 7 | | from dataclasses import dataclass
 8 | | from datetime import timedelta
 9 | | from pathlib import Path
10 | |
11 | | from crypto_bot.analysis_report import write_structure_transition_csv, write_trend_state_csv
12 | | from crypto_bot.data.bybit import BybitPublicClient
13 | | from crypto_bot.data.qa import audit_klines
14 | | from crypto_bot.data.storage import read_klines_csv
15 | | from crypto_bot.global_report import (
16 | |     write_bos_diagnostic_csv,
17 | |     write_bos_inventory_json,
18 | |     write_global_opportunities_csv,
19 | |     write_global_summary_json,
20 | | )
21 | | from crypto_bot.mtf_report import (
22 | |     write_candidate_quality_audit_csv,
23 | |     write_mtf_candidates_csv,
24 | |     write_mtf_opportunities_csv,
25 | |     write_mtf_summary_json,
26 | | )
27 | | from crypto_bot.range_report import (
28 | |     write_range_sfp_events_csv,
29 | |     write_range_sweeps_csv,
30 | |     write_range_summary_json,
31 | |     write_ranges_csv,
32 | | )
33 | | from crypto_bot.range_validation_report import (
34 | |     write_range_validation_audit_csv,
35 | |     write_range_validation_funnel_json,
36 | |     write_range_validation_matrix_csv,
37 | | )
38 | | from crypto_bot.strategy.global_opportunity import cluster_cross_pair_opportunities
39 | | from crypto_bot.strategy.market_analysis import MarketAnalysisError, TrendState, StructureAnalysisMode, analyze_market
40 | | from crypto_bot.strategy.range_engine import (
41 | |     RangeAnalysisError,
42 | |     RangeDetectionParams,
43 | |     augment_market_report_with_range_sfps,
44 | | )
45 | | from crypto_bot.strategy.range_validation import (
46 | |     build_origin_mtf_funnel,
47 | |     build_range_audit_rows,
48 | |     build_range_stage_funnel,
49 | |     build_range_validation_matrix_row,
50 | |     unique_sorted_tolerances,
51 | | )
52 | | from crypto_bot.strategy.mtf_diagnostics import build_candidate_bos_diagnostics, ltf_bos_inventory
53 | | from crypto_bot.strategy.mtf_sfp import MtfSfpError, MtfSfpReport, link_sfp_formations_to_ltf_bos
   | |_________________________________________________________________________________________________^
help: Organize imports
   |
10 |
   - from crypto_bot.analysis_report import write_structure_transition_csv, write_trend_state_csv
11 + from crypto_bot.analysis_report import (
12 +     write_structure_transition_csv,
13 +     write_trend_state_csv,
14 + )
15 | from crypto_bot.data.bybit import BybitPublicClient
--------------------------------------------------------------------------------
31 |     write_range_sfp_events_csv,
   -     write_range_sweeps_csv,
32 |     write_range_summary_json,
33 +     write_range_sweeps_csv,
34 |     write_ranges_csv,
--------------------------------------------------------------------------------
41 | from crypto_bot.strategy.global_opportunity import cluster_cross_pair_opportunities
   - from crypto_bot.strategy.market_analysis import MarketAnalysisError, TrendState, StructureAnalysisMode, analyze_market
42 + from crypto_bot.strategy.market_analysis import (
43 +     MarketAnalysisError,
44 +     StructureAnalysisMode,
45 +     TrendState,
46 +     analyze_market,
47 + )
48 + from crypto_bot.strategy.mtf_diagnostics import (
49 +     build_candidate_bos_diagnostics,
50 +     ltf_bos_inventory,
51 + )
52 + from crypto_bot.strategy.mtf_sfp import (
53 +     MtfSfpError,
54 +     MtfSfpReport,
55 +     link_sfp_formations_to_ltf_bos,
56 + )
57 | from crypto_bot.strategy.range_engine import (
--------------------------------------------------------------------------------
68 | )
   - from crypto_bot.strategy.mtf_diagnostics import build_candidate_bos_diagnostics, ltf_bos_inventory
   - from crypto_bot.strategy.mtf_sfp import MtfSfpError, MtfSfpReport, link_sfp_formations_to_ltf_bos
69 |
   |

I001 [*] Import block is un-sorted or un-formatted
  --> scripts/analyze_recovery_ablation.py:2:1
   |
 1 |   """Two independent causal runs on public CSV history; offline comparisons only."""
 2 | / from __future__ import annotations
 3 | |
 4 | | import argparse
 5 | | from collections import Counter
 6 | | from dataclasses import asdict, replace
 7 | | from datetime import timedelta
 8 | | import hashlib
 9 | | import importlib.util
10 | | import json
11 | | from pathlib import Path
12 | | import sys
13 | |
14 | | from crypto_bot.analysis_report import write_event_csv, write_structure_transition_csv, write_trend_state_csv
15 | | from crypto_bot.data.qa import audit_klines
16 | | from crypto_bot.data.storage import read_klines_csv
17 | | from crypto_bot.global_report import write_global_opportunities_csv
18 | | from crypto_bot.mtf_report import write_mtf_candidates_csv, write_mtf_opportunities_csv, write_mtf_summary_json
19 | | from crypto_bot.range_report import write_ranges_csv, write_range_sfp_events_csv
20 | | from crypto_bot.strategy.global_opportunity import cluster_cross_pair_opportunities
21 | | from crypto_bot.strategy.market_analysis import analyze_market, StructureAnalysisMode, TrendState
22 | | from crypto_bot.strategy.mtf_sfp import link_sfp_formations_to_ltf_bos, MtfSfpStatus
23 | | from crypto_bot.strategy.range_engine import RangeDetectionParams, augment_market_report_with_range_sfps
24 | | from crypto_bot.strategy.recovery_ablation import (
25 | |     plain, stable_key, bos_records, range_records, sfp_records, mtf_records,
26 | |     comparison, market_fingerprint,
27 | | )
28 | | from crypto_bot.strategy.structure_stability import compare_bos_suffix
   | |______________________________________________________________________^
help: Organize imports
   |
4  | import argparse
5  + import hashlib
6  + import importlib.util
7  + import json
8  + import sys
9  | from collections import Counter
10 | from dataclasses import asdict, replace
11 | from datetime import timedelta
   - import hashlib
   - import importlib.util
   - import json
12 | from pathlib import Path
   - import sys
13 |
   - from crypto_bot.analysis_report import write_event_csv, write_structure_transition_csv, write_trend_state_csv
14 + from crypto_bot.analysis_report import (
15 +     write_event_csv,
16 +     write_structure_transition_csv,
17 +     write_trend_state_csv,
18 + )
19 | from crypto_bot.data.qa import audit_klines
20 | from crypto_bot.data.storage import read_klines_csv
21 | from crypto_bot.global_report import write_global_opportunities_csv
   - from crypto_bot.mtf_report import write_mtf_candidates_csv, write_mtf_opportunities_csv, write_mtf_summary_json
   - from crypto_bot.range_report import write_ranges_csv, write_range_sfp_events_csv
22 + from crypto_bot.mtf_report import (
23 +     write_mtf_candidates_csv,
24 +     write_mtf_opportunities_csv,
25 +     write_mtf_summary_json,
26 + )
27 + from crypto_bot.range_report import write_range_sfp_events_csv, write_ranges_csv
28 | from crypto_bot.strategy.global_opportunity import cluster_cross_pair_opportunities
   - from crypto_bot.strategy.market_analysis import analyze_market, StructureAnalysisMode, TrendState
   - from crypto_bot.strategy.mtf_sfp import link_sfp_formations_to_ltf_bos, MtfSfpStatus
   - from crypto_bot.strategy.range_engine import RangeDetectionParams, augment_market_report_with_range_sfps
29 + from crypto_bot.strategy.market_analysis import (
30 +     StructureAnalysisMode,
31 +     TrendState,
32 +     analyze_market,
33 + )
34 + from crypto_bot.strategy.mtf_sfp import MtfSfpStatus, link_sfp_formations_to_ltf_bos
35 + from crypto_bot.strategy.range_engine import (
36 +     RangeDetectionParams,
37 +     augment_market_report_with_range_sfps,
38 + )
39 | from crypto_bot.strategy.recovery_ablation import (
   -     plain, stable_key, bos_records, range_records, sfp_records, mtf_records,
   -     comparison, market_fingerprint,
40 +     bos_records,
41 +     comparison,
42 +     market_fingerprint,
43 +     mtf_records,
44 +     plain,
45 +     range_records,
46 +     sfp_records,
47 +     stable_key,
48 | )
   |

C413 [*] Unnecessary `list()` call around `sorted()`
  --> scripts/analyze_recovery_ablation.py:82:19
   |
80 |                     'cluster_minutes': args.cluster_minutes, 'inputs': {}, 'code_hashes': {}}
81 |         root = Path(__file__).resolve().parents[1]
82 |         tracked = list(sorted((root/'src').rglob('*.py')))
   |                   ^^^^^^^^^^^^^^^^^^^^^^^^^^^^^^^^^^^^^^^^
83 |         tracked.extend((Path(__file__).resolve(), root/'config/source_rules.json', root/'pyproject.toml'))
84 |         for p in tracked:
   |
help: Remove unnecessary `list()` call
   |
81 |         root = Path(__file__).resolve().parents[1]
   -         tracked = list(sorted((root/'src').rglob('*.py')))
82 +         tracked = sorted((root/'src').rglob('*.py'))
83 |         tracked.extend((Path(__file__).resolve(), root/'config/source_rules.json', root/'pyproject.toml'))
   |

I001 [*] Import block is un-sorted or un-formatted
  --> scripts/audit_current_history.py:8:1
   |
 6 |   the same warmup collapse. Every observed signal must match the retained run.
 7 |   """
 8 | / from __future__ import annotations
 9 | |
10 | | import argparse
11 | | from collections import Counter
12 | | from concurrent.futures import ProcessPoolExecutor
13 | | from dataclasses import asdict, replace
14 | | from datetime import datetime, timedelta
15 | | import gzip
16 | | import json
17 | | from pathlib import Path
18 | |
19 | | from crypto_bot.data.storage import read_klines_csv
20 | | from crypto_bot.strategy import historical_replay as index
21 | | from crypto_bot.strategy.auto_levels import AutoLevelPolicy
22 | | from crypto_bot.strategy.replay import opportunity_key
23 | | from ready_audit_support import GateInspector
24 | | from run_historical_portfolio import canonical, encode
   | |______________________________________________________^
help: Organize imports
   |
10 | import argparse
11 + import gzip
12 + import json
13 | from collections import Counter
14 | from concurrent.futures import ProcessPoolExecutor
15 | from dataclasses import asdict, replace
16 | from datetime import datetime, timedelta
   - import gzip
   - import json
17 | from pathlib import Path
18 |
19 + from ready_audit_support import GateInspector
20 + from run_historical_portfolio import canonical, encode
21 +
22 | from crypto_bot.data.storage import read_klines_csv
23 | from crypto_bot.strategy import historical_replay as index
24 | from crypto_bot.strategy.auto_levels import AutoLevelPolicy
25 | from crypto_bot.strategy.replay import opportunity_key
   - from ready_audit_support import GateInspector
   - from run_historical_portfolio import canonical, encode
   -
26 |
   |

C408 Unnecessary `dict()` call (rewrite as a literal)
  --> scripts/audit_current_history.py:93:41
   |
91 |               diagnostics[key]=diag
92 |               if key in ids:
93 |                   stream.write((canonical(dict(signal_id=key,symbol=symbol,as_of=as_of,
   |  _________________________________________^
94 | |                     direction=opp.expected_direction.name,opportunity=asdict(opp),
95 | |                     result=asdict(result),diagnostic=diag))+'\n').encode())
   | |__________________________________________________________^
96 |               return result
   |
help: Rewrite as a literal

C408 Unnecessary `dict()` call (rewrite as a literal)
   --> scripts/audit_current_history.py:105:40
    |
103 |             rank=first_rejection(signal,diag)
104 |             if signal.signal_id not in best or rank[:2]>best[signal.signal_id]['rank'][:2]:
105 |                 best[signal.signal_id]=dict(rank=rank,signal=actual,proof_time=signal.event_time)
    |                                        ^^^^^^^^^^^^^^^^^^^^^^^^^^^^^^^^^^^^^^^^^^^^^^^^^^^^^^^^^^
106 |
107 |         def constructor(*args,**kwargs):
    |
help: Rewrite as a literal

C408 Unnecessary `dict()` call (rewrite as a literal)
   --> scripts/audit_current_history.py:157:21
    |
155 |               reason=';'.join([execution[key]['execution_outcome'],*execution[key]['reasons']])
156 |           counts[rank]+=1;reasons[reason]+=1
157 |           rows.append(dict(signal_id=key,symbol=proof['signal']['symbol'],direction=proof['signal']['direction'],
    |  _____________________^
158 | |             proof_time=proof['proof_time'],candidate_a_open=a_open,passed_stages=list(STAGES[:rank]),
159 | |             first_reject_stage=STAGES[rank] if rank<len(STAGES) else None,first_rejection=reason,
160 | |             final_execution=execution[key],trade_status=trade['status'] if trade else None))
    | |___________________________________________________________________________________________^
161 |       funnel=[]
162 |       for i,stage in enumerate(STAGES):
    |
help: Rewrite as a literal

C408 Unnecessary `dict()` call (rewrite as a literal)
   --> scripts/audit_current_history.py:164:23
    |
162 | …ge in enumerate(STAGES):
163 | …ed=sum(n for rank,n in counts.items() if rank>=i);passed=sum(n for rank,n in counts.items() if rank>i)
164 | …l.append(dict(stage=stage,input=entered,passed=passed,reject=entered-passed,pass_rate=passed/entered if entered else None))
    |           ^^^^^^^^^^^^^^^^^^^^^^^^^^^^^^^^^^^^^^^^^^^^^^^^^^^^^^^^^^^^^^^^^^^^^^^^^^^^^^^^^^^^^^^^^^^^^^^^^^^^^^^^^^^^^^^^^
165 | …n(rows)==summary['funnel']['unique_setups']
166 | …m(r['reject'] for r in funnel)+len(trades)==len(rows)
    |
help: Rewrite as a literal

C408 Unnecessary `dict()` call (rewrite as a literal)
   --> scripts/audit_current_history.py:169:9
    |
167 |       assert funnel[-2]['passed']==summary['funnel']['ever_status_unique_setup_counts']['READY_FOR_VIRTUAL_ENTRY']
168 |       for name,value in [('funnel.json',funnel),('setup_first_rejections.json',rows),('summary.json',
169 | /         dict(setups=len(rows),ready=funnel[-2]['passed'],entries=len(trades),rejections=dict(reasons),
170 | |              policy='ONE_FIRST_REJECTION_BEST_SINGLE_CANDIDATE_AT_EMITTED_ALIVE_OBSERVATION',
171 | |              observed_signals_verified=len(observed),trade_entry_allowed=False))]:
    | |_______________________________________________________________________________^
172 |           (args.output/name).write_text(json.dumps(value,indent=2,sort_keys=True,default=encode)+'\n')
    |
help: Rewrite as a literal

I001 [*] Import block is un-sorted or un-formatted
  --> scripts/audit_development_fill_frequency.py:2:1
   |
 1 |   """Read-only causal grouping of the frozen development 40 READY / 7 fills."""
 2 | / from __future__ import annotations
 3 | |
 4 | | from collections import Counter, defaultdict
 5 | | from datetime import datetime
 6 | | from hashlib import sha256
 7 | | import json
 8 | | from pathlib import Path
 9 | |
10 | | from crypto_bot.data.storage import read_klines_csv
11 | | from import_public_research_data import aggregate
12 | | from research_support import check_baseline, regime
   | |___________________________________________________^
help: Organize imports
   |
3  |
4  + import json
5  | from collections import Counter, defaultdict
6  | from datetime import datetime
7  | from hashlib import sha256
   - import json
8  | from pathlib import Path
9  |
   - from crypto_bot.data.storage import read_klines_csv
10 | from import_public_research_data import aggregate
11 | from research_support import check_baseline, regime
12 |
13 + from crypto_bot.data.storage import read_klines_csv
14 +
15 |
   |

C408 Unnecessary `dict()` call (rewrite as a literal)
  --> scripts/audit_development_fill_frequency.py:41:12
   |
39 |       counts=Counter(r['terminal_reason'] for r in records)
40 |       assert len(annotated)==40 and sum(r['filled'] for r in annotated)==7
41 |       result=dict(cohort='BYBIT_2026_DEVELOPMENT_ALREADY_USED',ready=40,filled=7,fill_rate=7/40,
   |  ____________^
42 | |         outcomes=dict(counts),source_hashes=hashes,records=annotated,
43 | |         groups=[dict(dimension=k[0],value=k[1],**v,fill_rate=v['filled']/v['ready']) for k,v in sorted(groups.items())],
44 | |         market_label_policy='31_CONSECUTIVE_PRIOR_COMPLETE_UTC_DAILY_CLOSES_AT_FIRST_READY',
45 | |         missing_prior_history='UNKNOWN_NO_FUTURE_BACKFILL',
46 | |         normal_events={
47 | |             'LIMIT_NOT_FILLED_BEFORE_OB_FIRST_TEST_CONSUMED':'First OB touch can miss the interior executable quote; no retrospectiv…
48 | |             'ISOLATED_MARGIN_BUDGET':'2% cost-aware risk sizing may require more than 1170 available equity at 3x leverage.',
49 | |             'TARGET_EVIDENCE_WITHDRAWN':'A previously fresh selected target is actually touched before the entry quote fills.',
50 | |             'PRICE_NOT_FILLED_BEFORE_OBSERVATION_END':'Censored at dataset end, not an invented trade or a market failure.'},
51 | |         prior_exact_price_target_audits='historical_blocker_investigation/stage4/real_exit_price_audit.json and withdrawn_target_evi…
52 | |         trade_entry_allowed=False)
   | |__________________________________^
53 |       target=repo/'data/reports/robustness_research/development_fill_frequency.json'
54 |       target.write_text(json.dumps(result,sort_keys=True,indent=2)+'\n')
   |
help: Rewrite as a literal

I001 [*] Import block is un-sorted or un-formatted
  --> scripts/audit_entry_deferrals.py:7:1
   |
 5 |   Deferrals are observations, not immediate terminal rejections of a resting limit.
 6 |   """
 7 | / from __future__ import annotations
 8 | |
 9 | | import argparse
10 | | from collections import Counter
11 | | import json
12 | | from pathlib import Path
   | |________________________^
help: Organize imports
   |
9  | import argparse
10 + import json
11 | from collections import Counter
   - import json
12 | from pathlib import Path
   |

C408 Unnecessary `dict()` call (rewrite as a literal)
  --> scripts/audit_entry_deferrals.py:27:18
   |
25 |               ready_updates[key]+=1
26 |       trades={t['signal_id']:t for line in (root/'trades.jsonl').read_text().splitlines() if (t:=json.loads(line))}
27 |       records={key:dict(signal_id=key,symbol=s['symbol'],direction=s['direction'],
   |  __________________^
28 | |         entry_zone=s['entry_zone'],limit_price=s['optimal_entry'],ready_time=s['event_time'],
29 | |         latest_ready_time=latest_ready[key]['event_time'],ready_updates=ready_updates[key],
30 | |         deferrals=0,first_deferral=None,first_terminal=None,terminal_reason=None) for key,s in ready.items()}
   | |_________________________________________________________________________________^
31 |       pending=set()
32 |       for line in (root/'decisions.jsonl').read_text().splitlines():
   |
help: Rewrite as a literal

C408 Unnecessary `dict()` call (rewrite as a literal)
  --> scripts/audit_entry_deferrals.py:54:12
   |
52 |           elif record['terminal_reason'] is None:
53 |               record['terminal_reason']='PRICE_NOT_FILLED_BEFORE_DATA_END'
54 |       return dict(ready=len(records),entries=len(trades),
   |  ____________^
55 | |                 counts=dict(Counter(r['terminal_reason'] for r in records.values())),
56 | |                 records=list(records.values()),trade_entry_allowed=False)
   | |_________________________________________________________________________^
help: Rewrite as a literal

I001 [*] Import block is un-sorted or un-formatted
  --> scripts/audit_external_execution.py:2:1
   |
 1 |   """Independent real-candle touch, gap, partial-exit and accounting audit."""
 2 | / from __future__ import annotations
 3 | |
 4 | | from collections import Counter, defaultdict
 5 | | from datetime import datetime
 6 | | import gzip
 7 | | import json
 8 | | from math import isclose
 9 | | from pathlib import Path
10 | |
11 | | from research_support import check_baseline, read_compressed
12 | | from run_historical_portfolio import canonical
13 | | from run_research_execution_scenarios import restore_signal
   | |___________________________________________________________^
help: Organize imports
  |
3 |
4 + import gzip
5 + import json
6 | from collections import Counter, defaultdict
7 | from datetime import datetime
  - import gzip
  - import json
8 | from math import isclose
  |

C408 Unnecessary `dict()` call (rewrite as a literal)
  --> scripts/audit_external_execution.py:92:28
   |
90 |               counts['actual_adverse_gap_exit']+=int(gap);counts['entry_bar_exit']+=int(samebar)
91 |               counts['old_stop_wins_stop_target_collision']+=collisions
92 |               records.append(dict(source=str(path.relative_to(repo)),symbol=symbol,direction=t['direction'],
   |  ____________________________^
93 | |                 signal_id=t['signal_id'],entry_time=t['entry_time'],status=t['status'],actual_quote=quote,
94 | |                 actual_candle_touch='PASS',availability_before_entry_bar='PASS',partial_accounting='PASS',
95 | |                 adverse_gap=gap,entry_bar_exit=samebar,stop_target_collisions=collisions,trade_entry_allowed=False))
   | |___________________________________________________________________________________________________________________^
96 |       out=repo/'data/reports/robustness_research/external_execution_audit.json'
97 |       out.write_text(canonical(dict(counts=dict(counts),records=records,
   |
help: Rewrite as a literal

C408 Unnecessary `dict()` call (rewrite as a literal)
   --> scripts/audit_external_execution.py:97:30
    |
 95 |                   adverse_gap=gap,entry_bar_exit=samebar,stop_target_collisions=collisions,trade_entry_allowed=False))
 96 |       out=repo/'data/reports/robustness_research/external_execution_audit.json'
 97 |       out.write_text(canonical(dict(counts=dict(counts),records=records,
    |  ______________________________^
 98 | |         actual_gaps_are_reported_even_if_none_occurs=True,
 99 | |         unobserved_gap_cases_remain_covered_by_frozen_regression_tests=True,
100 | |         limitations=['OHLC_INTRABAR_ORDER_UNKNOWN','NO_FUNDING_OR_LIQUIDATION','NO_HISTORICAL_LOT_TICK_QUEUE_PARTIAL_LIQUIDITY_MODE…
101 | |         trade_entry_allowed=False))+'\n')
    | |__________________________________^
102 |       print(dict(counts))
    |
help: Rewrite as a literal

I001 [*] Import block is un-sorted or un-formatted
  --> scripts/audit_historical_blockers.py:6:1
   |
 4 |   The baseline journal defines the execution scope, including its warmup collapse.
 5 |   """
 6 | / from __future__ import annotations
 7 | |
 8 | | import argparse
 9 | | from collections import Counter, defaultdict
10 | | from datetime import datetime
11 | | import json
12 | | from pathlib import Path
13 | |
14 | | from crypto_bot.data.storage import read_klines_csv
   | |___________________________________________________^
help: Organize imports
   |
8  | import argparse
9  + import json
10 | from collections import Counter, defaultdict
11 | from datetime import datetime
   - import json
12 | from pathlib import Path
13 |
14 | from crypto_bot.data.storage import read_klines_csv
   -
15 |
   |

C408 Unnecessary `dict()` call (rewrite as a literal)
  --> scripts/audit_historical_blockers.py:87:44
   |
85 |                                         and max(b.open, b.close) >= max(a.open, a.close)
86 |                                         and abs(b.close - b.open) > abs(a.close - a.open))
87 |                               triples.append(dict(a_index=index-1, b_index=index, c_index=index+1,
   |  ____________________________________________^
88 | |                                                 a_open=a.open_time.isoformat(),
89 | |                                                 ohlc=[[d.open, d.high, d.low, d.close] for d in (a, b, c)],
90 | |                                                 opposite_colors=colors, body_engulf=engulf,
91 | |                                                 rejection='OPPOSITE_COLORS' if not colors else 'BODY_ENGULF'))
   | |_____________________________________________________________________________________________________________^
92 |                           cause = ('EMPTY_POST_BOS_PRE_ANCHOR_WINDOW' if not triples else
93 |                                    'NO_OPPOSITE_COLORS' if not any(t['opposite_colors'] for t in triples)
   |
help: Rewrite as a literal

C408 Unnecessary `dict()` call (rewrite as a literal)
   --> scripts/audit_historical_blockers.py:96:34
    |
 94 |                                    else 'NO_FULL_BODY_ENGULF')
 95 |                           no_pattern_breakdown[cause] += 1
 96 |                           record = dict(signal_id=key, symbol=symbol, direction=row['direction'],
    |  __________________________________^
 97 | |                                       setup_timestamp=row['signal']['sfp_time'],
 98 | |                                       evaluated_at=row['timestamp'], bos_timestamp=opp['ltf_bos_event_time'],
 99 | |                                       bos_index=opp['ltf_bos_candle_index'], bos_kind=opp['ltf_bos_kind'],
100 | |                                       protected_level_id=opp['ltf_bos_level_id'],
101 | |                                       protected_price=opp['ltf_bos_level_price'],
102 | |                                       impulse_start=opp['impulse_start_price'], impulse_end=opp['impulse_end_price'],
103 | |                                       anchor_time=diag['anchor_swing_time'], scan_start=begin,
104 | |                                       scan_end_exclusive=finish, candidates_found=len(diag['candidates']),
105 | |                                       first_rejection=cause, considered_triples=triples,
106 | |                                       htf_minutes=summary['htf_minutes'], ltf_minutes=tf)
    | |_________________________________________________________________________________________^
107 |                           ob_stream.write(json.dumps(record, sort_keys=True)+'\n')
108 |                       candidate_best = (4, -1, 'NO_OB_CANDIDATE', None)
    |
help: Rewrite as a literal

C408 Unnecessary `dict()` call (rewrite as a literal)
   --> scripts/audit_historical_blockers.py:131:61
    |
129 |                               if key not in poi_ids:
130 |                                   poi_ids.add(key)
131 |                                   poi_stream.write(json.dumps(dict(signal_id=key, symbol=symbol,
    |  _____________________________________________________________^
132 | |                                     direction=row['direction'], setup_timestamp=row['signal']['sfp_time'],
133 | |                                     bos_timestamp=row['opportunity']['ltf_bos_event_time'],
134 | |                                     htf_minutes=summary['htf_minutes'], ltf_minutes=tf,
135 | |                                     evaluated_at=row['timestamp'], candidate=candidate), sort_keys=True)+'\n')
    | |_______________________________________________________________________________________^
136 |                           if (rank, depth) > candidate_best[:2]:
137 |                               candidate_best = (rank, depth, cause, candidate['a_open'])
    |
help: Rewrite as a literal

C408 Unnecessary `dict()` call (rewrite as a literal)
   --> scripts/audit_historical_blockers.py:150:25
    |
148 |           ranks[rank] += 1
149 |           reasons[cause] += 1
150 |           outcomes.append(dict(signal_id=key, symbol=row['symbol'], direction=row['direction'],
    |  _________________________^
151 | |                              passed_stages=list(STAGES[:rank]), first_reject_stage=STAGES[rank],
152 | |                              first_rejection=cause, candidate_a_open=a_open,
153 | |                              final_signal_status=row['status']))
    | |_______________________________________________________________^
154 |       count = len(by_id)
155 |       funnel = []
    |
help: Rewrite as a literal

C408 Unnecessary `dict()` call (rewrite as a literal)
   --> scripts/audit_historical_blockers.py:159:23
    |
157 |           entered = sum(n for rank,n in ranks.items() if rank >= index)
158 |           passed = sum(n for rank,n in ranks.items() if rank > index)
159 |           funnel.append(dict(stage=stage, input=entered, passed=passed, reject=entered-passed,
    |  _______________________^
160 | |                            pass_rate=passed/entered if entered else None))
    | |_________________________________________________________________________^
161 |       assert sum(item['reject'] for item in funnel) == count
162 |       assert sum(no_pattern_breakdown.values()) == len(no_pattern)
    |
help: Rewrite as a literal

C408 Unnecessary `dict()` call (rewrite as a literal)
   --> scripts/audit_historical_blockers.py:165:41
    |
163 |       write(args.output / 'funnel.json', funnel)
164 |       write(args.output / 'setup_first_rejections.json', outcomes)
165 |       write(args.output / 'summary.json', dict(setups=count, execution_auto_eligible=len(eligible),
    |  _________________________________________^
166 | |           no_post_bos_ob_pattern=len(no_pattern), no_pattern_breakdown=dict(no_pattern_breakdown),
167 | |           reached_supporting_poi_audits=len(poi_ids), rejection_counts=dict(reasons),
168 | |           policy='ONE_FIRST_REJECTION_PER_SETUP_BEST_SINGLE_CANDIDATE_EVER_WHILE_ALIVE',
169 | |           scope='FROZEN_EXECUTION_JOURNAL_DIAGNOSTICS_MAY_HAVE_BEEN_CACHED_IN_WARMUP',
170 | |           score_gate='NO_NEW_SCORE_THRESHOLD_RR_AND_SCORE_UNREACHED_IN_BASELINE'))
    | |_________________________________________________________________________________^
help: Rewrite as a literal

I001 [*] Import block is un-sorted or un-formatted
  --> scripts/audit_range_episodes.py:5:1
   |
 3 |   This audit runs the existing detector; it does not inject review PASS or events.
 4 |   """
 5 | / from __future__ import annotations
 6 | |
 7 | | import argparse
 8 | | from collections import Counter
 9 | | from concurrent.futures import ProcessPoolExecutor
10 | | from dataclasses import asdict
11 | | from datetime import datetime
12 | | from hashlib import sha256
13 | | import json
14 | | from pathlib import Path
15 | |
16 | | from crypto_bot.data.storage import read_klines_csv
17 | | from crypto_bot.strategy.market_analysis import analyze_market
18 | | from crypto_bot.strategy.range_engine import analyze_ranges
19 | | from crypto_bot.strategy.sfp import detect_sfp
   | |______________________________________________^
help: Organize imports
   |
7  | import argparse
8  + import json
9  | from collections import Counter
--------------------------------------------------------------------------------
13 | from hashlib import sha256
   - import json
14 | from pathlib import Path
   |

C408 Unnecessary `dict()` call (rewrite as a literal)
  --> scripts/audit_range_episodes.py:56:22
   |
54 |                        if episode.status == 'CLARITY_REVIEW_BLOCKED' else 'SFP_CONFIRMED')
55 |               counts[episode.status] += 1
56 |               record = dict(symbol=symbol, timeframe_minutes=tf, episode=asdict(episode),
   |  ______________________^
57 | |                 boundary_1_time=r.first_boundary_time, boundary_2_time=r.second_boundary_time,
58 | |                 boundaries=dict(low=r.lower,high=r.upper), midpoint_reaction_time=r.midpoint_reaction_time,
59 | |                 clarity=r.boundary_clarity_review.value, final_range_status=r.status.value,
60 | |                 final_range_status_time=r.status_time,
61 | |                 trace=dict(BREAKOUT=True,BOUNDARY_INTERACTION=True,RECLAIM=reclaimed,
62 | |                            CANDIDATE=bool(result and result.valid),SFP_CONFIRMATION=episode.status=='SFP_FORMED'),
63 | |                 first_rejection=cause, source_pattern_valid=bool(result and result.valid),
64 | |                 before=asdict(candles[episode.sweep_candle_index-1]) if episode.sweep_candle_index else None,
65 | |                 sweep=asdict(sweep), next_candle=asdict(next_candle) if next_candle else None,
66 | |                 note='Formation resolves at next OPEN; later close/invalidation cannot change its formation result.')
   | |_____________________________________________________________________________________________________________________^
67 |               stream.write(json.dumps(record,default=encode,sort_keys=True)+'\n')
68 |               # Each symbol/TF contributes up to five examples per outcome, rather than
   |
help: Rewrite as a literal

C408 Unnecessary `dict()` call (rewrite as a literal)
  --> scripts/audit_range_episodes.py:58:28
   |
56 |             record = dict(symbol=symbol, timeframe_minutes=tf, episode=asdict(episode),
57 |                 boundary_1_time=r.first_boundary_time, boundary_2_time=r.second_boundary_time,
58 |                 boundaries=dict(low=r.lower,high=r.upper), midpoint_reaction_time=r.midpoint_reaction_time,
   |                            ^^^^^^^^^^^^^^^^^^^^^^^^^^^^^^
59 |                 clarity=r.boundary_clarity_review.value, final_range_status=r.status.value,
60 |                 final_range_status_time=r.status_time,
   |
help: Rewrite as a literal

C408 Unnecessary `dict()` call (rewrite as a literal)
  --> scripts/audit_range_episodes.py:61:23
   |
59 |                   clarity=r.boundary_clarity_review.value, final_range_status=r.status.value,
60 |                   final_range_status_time=r.status_time,
61 |                   trace=dict(BREAKOUT=True,BOUNDARY_INTERACTION=True,RECLAIM=reclaimed,
   |  _______________________^
62 | |                            CANDIDATE=bool(result and result.valid),SFP_CONFIRMATION=episode.status=='SFP_FORMED'),
   | |_________________________________________________________________________________________________________________^
63 |                   first_rejection=cause, source_pattern_valid=bool(result and result.valid),
64 |                   before=asdict(candles[episode.sweep_candle_index-1]) if episode.sweep_candle_index else None,
   |
help: Rewrite as a literal

C408 Unnecessary `dict()` call (rewrite as a literal)
  --> scripts/audit_range_episodes.py:74:12
   |
72 |                   traced[episode.status] += 1
73 |       print(symbol,tf,len(candles),'candles;',len(report.sweep_episodes),'episodes;',dict(counts),flush=True)
74 |       return dict(series=f'{symbol}/{tf}',candles=len(candles),source=str(path),sha256=sha256(path.read_bytes()).hexdigest(),
   |  ____________^
75 | |                 start=candles[0].open_time if candles else None,end=candles[-1].close_time if candles else None,
76 | |                 candidates=len(report.ranges),ranges=dict(Counter(r.status.value for r in report.ranges)),
77 | |                 episodes=len(report.sweep_episodes),episode_statuses=dict(counts),
78 | |                 sfp_events=report.sfp_formation_count,samples=samples)
   | |______________________________________________________________________^
help: Rewrite as a literal

C408 Unnecessary `dict()` call (rewrite as a literal)
   --> scripts/audit_range_episodes.py:102:12
    |
100 |       for result in results:
101 |           counts.update(result['episode_statuses'])
102 |       output=dict(series=results,episodes=sum(r['episodes'] for r in results),episode_statuses=dict(counts),
    |  ____________^
103 | |                 sfp_events=sum(r['sfp_events'] for r in results),sample_count=len(samples))
    | |___________________________________________________________________________________________^
104 |       for name,data in [('summary.json',output),('stratified_trace_samples.json',samples)]:
105 |           (args.output/name).write_text(json.dumps(data,default=encode,indent=2,sort_keys=True)+'\n')
    |
help: Rewrite as a literal

I001 [*] Import block is un-sorted or un-formatted
  --> scripts/audit_ready_root_cause.py:7:1
   |
 5 |   new; the frozen baseline is checked byte for byte before and after the audit.
 6 |   """
 7 | / from __future__ import annotations
 8 | |
 9 | | import argparse
10 | | from collections import Counter, defaultdict
11 | | from concurrent.futures import ProcessPoolExecutor
12 | | from dataclasses import asdict, replace
13 | | from datetime import datetime, timedelta
14 | | from hashlib import sha256
15 | | import csv
16 | | import json
17 | | from pathlib import Path
18 | |
19 | | from crypto_bot.data.storage import read_klines_csv
20 | | from crypto_bot.strategy import historical_replay as index
21 | | from crypto_bot.strategy.auto_levels import AutoLevelPolicy
22 | | from crypto_bot.strategy.replay import opportunity_key
23 | | from ready_audit_support import GateInspector, CANDIDATE_GATES
24 | | from run_historical_portfolio import encode, canonical
   | |______________________________________________________^
help: Organize imports
   |
9  | import argparse
10 + import csv
11 + import json
12 | from collections import Counter, defaultdict
--------------------------------------------------------------------------------
16 | from hashlib import sha256
   - import csv
   - import json
17 | from pathlib import Path
18 |
19 + from ready_audit_support import CANDIDATE_GATES, GateInspector
20 + from run_historical_portfolio import canonical, encode
21 +
22 | from crypto_bot.data.storage import read_klines_csv
23 | from crypto_bot.strategy import historical_replay as index
24 | from crypto_bot.strategy.auto_levels import AutoLevelPolicy
25 | from crypto_bot.strategy.replay import opportunity_key
   - from ready_audit_support import GateInspector, CANDIDATE_GATES
   - from run_historical_portfolio import encode, canonical
   -
26 |
   |

C408 Unnecessary `dict()` call (rewrite as a literal)
  --> scripts/audit_ready_root_cause.py:82:36
   |
80 |                                   ('min_engulf_body_ratio',1.25),('min_engulf_body_ratio',1.5)]:
81 |                   experiment=original_detector(htf,ltf,hr,lr,opp,as_of=as_of,policy=replace(policy,**{field:value}))
82 |                   experiments.append(dict(signal_id=ident,symbol=symbol,timestamp=as_of,
   |  ____________________________________^
83 | |                                         parameter=field,value=value,baseline_ready=result.status=='READY',
84 | |                                         experiment_ready=experiment.status=='READY',
85 | |                                         baseline_blockers=result.blocked_reasons,
86 | |                                         experiment_blockers=experiment.blocked_reasons))
   | |_______________________________________________________________________________________^
87 |           return result
   |
help: Rewrite as a literal

C408 Unnecessary `dict()` call (rewrite as a literal)
   --> scripts/audit_ready_root_cause.py:124:17
    |
122 |                      'REENTRY_SCORE_75':'NOT_A_READY_GATE_UNREACHED_ADMISSION'}
123 |               prev=previous.get(signal.signal_id)
124 |               row=dict(signal_id=signal.signal_id,symbol=symbol,direction=signal.direction.name,
    |  _________________^
125 | |                      timestamp=signal.event_time,scope='EXECUTION' if signal.event_time>=execution_start else 'WARMUP',
126 | |                      previous_state=prev.status if prev else 'ABSENT',next_state=signal.status,
127 | |                      score=signal.score,gates=gates,signal=asdict(signal),opportunity=asdict(o),
128 | |                      sfp_contexts=[asdict(c) for c in contexts],automatic_diagnostic=diag,
129 | |                      reasons=signal.reasons,invalidation_reasons=signal.invalidation_reasons)
    | |_____________________________________________________________________________________________^
130 |               traces.append(row)
131 |               if prev is None or replace(prev,event_time=signal.event_time)!=signal:
    |
help: Rewrite as a literal

C408 Unnecessary `dict()` call (rewrite as a literal)
   --> scripts/audit_ready_root_cause.py:200:35
    |
198 |     assert set(by_setup)=={s['signal_id'] for s in original}
199 |     n=len(by_setup)
200 |     aggregates=defaultdict(lambda:dict(count=0,ids=set(),LONG=set(),SHORT=set()))
    |                                   ^^^^^^^^^^^^^^^^^^^^^^^^^^^^^^^^^^^^^^^^^^^^^^
201 |     dimensions=defaultdict(lambda:dict(count=0,ids=set()))
202 |     first_blockers=[]
    |
help: Rewrite as a literal

C408 Unnecessary `dict()` call (rewrite as a literal)
   --> scripts/audit_ready_root_cause.py:201:35
    |
199 |     n=len(by_setup)
200 |     aggregates=defaultdict(lambda:dict(count=0,ids=set(),LONG=set(),SHORT=set()))
201 |     dimensions=defaultdict(lambda:dict(count=0,ids=set()))
    |                                   ^^^^^^^^^^^^^^^^^^^^^^^
202 |     first_blockers=[]
203 |     near=[]
    |
help: Rewrite as a literal

C408 Unnecessary `dict()` call (rewrite as a literal)
   --> scripts/audit_ready_root_cause.py:232:44
    |
230 |                           if stage_ok and result=='FALSE': failure[stage].add(ident)
231 |                           stage_ok=False
232 |                       stream.write(canonical(dict(signal_id=ident,symbol=row['symbol'],direction=row['direction'],
    |  ____________________________________________^
233 | |                         timestamp=row['timestamp'],scope=row['scope'],previous_state=row['previous_state'],
234 | |                         evaluated_gate=stage,result=result,next_state=row['next_state'],
235 | |                         reason=list(row['reasons']) if stage in ('AUTO LEVELS','OB','POI') else
236 | |                         list(row['invalidation_reasons']) if stage=='READY' else result,
237 | |                         diagnostic_evaluated_at=(row.get('automatic_diagnostic') or {}).get('evaluated_at')))+'\n')
    | |____________________________________________________________________________________________________________^
238 |                   # A reason occurrence = one reason per actual queue evaluation.
239 |                   reasons=set(row['signal']['level_blocking_reasons'])|set(row['invalidation_reasons'])
    |
help: Rewrite as a literal

B023 Function definition does not bind loop variable `first_gate`
   --> scripts/audit_ready_root_cause.py:253:44
    |
251 |             first_gate=next(stage for stage in STAGES if ident in entered[stage] and ident not in ever[stage])
252 |             def reached(row):
253 |                 prior=STAGES[:STAGES.index(first_gate)]
    |                                            ^^^^^^^^^^
254 |                 return all(row['gates'][g] in ('TRUE','NOT_APPLICABLE_STRUCTURAL_SFP','NOT_A_READY_GATE') for g in prior) and (
255 |                     first_gate=='ENTRY GEOMETRY' or row['gates']['SFP_ALIVE']=='TRUE')
    |

B023 Function definition does not bind loop variable `first_gate`
   --> scripts/audit_ready_root_cause.py:255:21
    |
253 |                 prior=STAGES[:STAGES.index(first_gate)]
254 |                 return all(row['gates'][g] in ('TRUE','NOT_APPLICABLE_STRUCTURAL_SFP','NOT_A_READY_GATE') for g in prior) and (
255 |                     first_gate=='ENTRY GEOMETRY' or row['gates']['SFP_ALIVE']=='TRUE')
    |                     ^^^^^^^^^^
256 |             first_row=next(r for r in rows if reached(r) and (
257 |                            r['gates'][first_gate] not in ('TRUE','NOT_APPLICABLE_STRUCTURAL_SFP','NOT_A_READY_GATE')
    |

C408 Unnecessary `dict()` call (rewrite as a literal)
   --> scripts/audit_ready_root_cause.py:290:35
    |
288 |   …             reason='NO_POST_BOS_OB_PATTERN'
289 |   …         proof='fixed post-BOS/pre-anchor candidate formation predicates never simultaneously pass; later retests cannot restore f…
290 |   …     first_blockers.append(dict(signal_id=ident,symbol=final['symbol'],direction=final['direction'],
    |  _____________________________^
291 | | …                                first_gate=first_gate,reason=reason,timestamp=first_row['timestamp'],
292 | | …                                terminal_timestamp=final['timestamp'] if final['next_state']=='INVALIDATED' else None,
293 | | …                                final_state=final['next_state'],proof=proof,
294 | | …                                category=category(reason.split(' | ')[0])))
    | |___________________________________________________________________________^
295 |   …     # Rank by actual sequentially passed candidate predicates, not score
296 |   …     # (the numerical score is identical for all geometry-ready candidates).
    |
help: Rewrite as a literal

C408 Unnecessary `dict()` call (rewrite as a literal)
   --> scripts/audit_ready_root_cause.py:311:29
    |
309 |               if best:
310 |                   rank,row,c=best
311 |                   near.append(dict(signal_id=ident,symbol=row['symbol'],direction=row['direction'],timestamp=row['timestamp'],
    |  _____________________________^
312 | |                     score=row['score'],rank=list(rank),passed_gates=[g for g,v in c['gates'].items() if v],
313 | |                     failed_gates=[g for g,v in c['gates'].items() if not v],exact_blocker=c['first_failure'],
314 | |                     entry_zone=row['signal']['entry_zone'],ote=row['signal']['entry_zone'],ob_evidence=c,
315 | |                     poi_evidence=c['fresh_supporting_pois'],supporting_poi_candidates=c['supporting_poi_candidates'],
316 | |                     targets=row['automatic_diagnostic']['selected_targets'],
317 | |                     targets_are_independent_diagnostic=True,range_status='NOT_APPLICABLE_STRUCTURAL_SFP',
318 | |                     source_certification='UNREVIEWED_NOT_ENFORCED_FOR_OFFLINE',sfp=row['sfp_contexts'],
319 | |                     bos={k:v for k,v in row['opportunity'].items() if k.startswith('ltf_bos')},
320 | |                     opportunity=row['opportunity'],production_state=row['next_state']))
    | |______________________________________________________________________________________^
321 |       funnel=[]
322 |       for stage in STAGES:
    |
help: Rewrite as a literal

C408 Unnecessary `dict()` call (rewrite as a literal)
   --> scripts/audit_ready_root_cause.py:328:23
    |
326 |           waiting=en-pa-failed-invalid
327 |           assert len(en)==len(pa)+len(failed)+len(invalid)+len(waiting)
328 |           funnel.append(dict(stage=stage,entered_count=len(en),passed_count=len(pa),failed_count=len(failed),
    |  _______________________^
329 | |                            waiting_count=len(waiting),invalidated_count=len(invalid),
330 | |                            percentage_of_all_setups=100*len(pa)/n,
331 | |                            percentage_of_previous_stage=100*len(pa)/len(en) if en else None))
    | |____________________________________________________________________________________________^
332 |       blocker_rows=[dict(blocker_reason=reason,count=x['count'],unique_setups=len(x['ids']),
333 |                          percentage_setups=100*len(x['ids'])/n,LONG=len(x['LONG']),SHORT=len(x['SHORT']),category=category(reason))
    |
help: Rewrite as a literal

C408 Unnecessary `dict()` call (rewrite as a literal)
   --> scripts/audit_ready_root_cause.py:332:19
    |
330 |                              percentage_of_all_setups=100*len(pa)/n,
331 |                              percentage_of_previous_stage=100*len(pa)/len(en) if en else None))
332 |       blocker_rows=[dict(blocker_reason=reason,count=x['count'],unique_setups=len(x['ids']),
    |  ___________________^
333 | |                        percentage_setups=100*len(x['ids'])/n,LONG=len(x['LONG']),SHORT=len(x['SHORT']),category=category(reason))
    | |_________________________________________________________________________________________________________________________________^
334 |                     for reason,x in aggregates.items()]
335 |       blocker_rows.sort(key=lambda r:(-r['unique_setups'],r['blocker_reason']))
    |
help: Rewrite as a literal

C408 Unnecessary `dict()` call (rewrite as a literal)
   --> scripts/audit_ready_root_cause.py:341:10
    |
339 |     write_json(root/'first_blockers.json',first_blockers);write_csv(root/'first_blockers.csv',first_blockers)
340 |     counts=Counter((r['first_gate'],r['reason'],r['category']) for r in first_blockers)
341 |     top=[dict(gate=k[0],reason=k[1],category=k[2],setups=v,percentage=100*v/n)
    |          ^^^^^^^^^^^^^^^^^^^^^^^^^^^^^^^^^^^^^^^^^^^^^^^^^^^^^^^^^^^^^^^^^^^^^
342 |          for k,v in sorted(counts.items(),key=lambda item:(-item[1],item[0]))[:20]]
343 |     write_json(root/'top20_first_blockers.json',top)
    |
help: Rewrite as a literal

C408 Unnecessary `dict()` call (rewrite as a literal)
   --> scripts/audit_ready_root_cause.py:344:46
    |
342 |          for k,v in sorted(counts.items(),key=lambda item:(-item[1],item[0]))[:20]]
343 |     write_json(root/'top20_first_blockers.json',top)
344 |     write_csv(root/'blocker_dimensions.csv',[dict(reason=k[0],dimension=k[1],value=k[2],count=v['count'],unique_setups=len(v['ids']))
    |                                              ^^^^^^^^^^^^^^^^^^^^^^^^^^^^^^^^^^^^^^^^^^^^^^^^^^^^^^^^^^^^^^^^^^^^^^^^^^^^^^^^^^^^^^^^
345 |                for k,v in sorted(dimensions.items())])
346 |     write_json(root/'near_ready_top50.json',near[:50])
    |
help: Rewrite as a literal

C408 Unnecessary `dict()` call (rewrite as a literal)
   --> scripts/audit_ready_root_cause.py:347:44
    |
345 |                  for k,v in sorted(dimensions.items())])
346 |       write_json(root/'near_ready_top50.json',near[:50])
347 |       write_csv(root/'near_ready_top50.csv',[dict(rank=i+1,signal_id=r['signal_id'],symbol=r['symbol'],direction=r['direction'],
    |  ____________________________________________^
348 | |                 timestamp=r['timestamp'],score=r['score'],passed_gates=' | '.join(r['passed_gates']),
349 | |                 failed_gates=' | '.join(r['failed_gates']),exact_blocker=r['exact_blocker'],
350 | |                 entry_zone=canonical(r['entry_zone']),ob_zone=canonical(r['ob_evidence']['ob_zone']),
351 | |                 poi_count=r['supporting_poi_candidates'],range_status=r['range_status']) for i,r in enumerate(near[:50])])
    | |________________________________________________________________________________________^
352 |       write_json(root/'conditions.json',{g:dict(c) for g,c in conditions.items()})
353 |       sensitivity=[]
    |
help: Rewrite as a literal

C408 Unnecessary `dict()` call (rewrite as a literal)
   --> scripts/audit_ready_root_cause.py:356:28
    |
354 |       for parameter,value in sorted({(r['parameter'],r['value']) for r in experiments}):
355 |           group=[r for r in experiments if (r['parameter'],r['value'])==(parameter,value)]
356 |           sensitivity.append(dict(parameter=parameter,value=value,setups=len(group),
    |  ____________________________^
357 | |                                 baseline_ready=sum(r['baseline_ready'] for r in group),
358 | |                                 experimental_ready=sum(r['experiment_ready'] for r in group),
359 | |                                 changed_blocker_sets=sum(r['baseline_blockers']!=r['experiment_blockers'] for r in group),
360 | |                                 blocker_counts=dict(Counter(reason for r in group for reason in r['experiment_blockers']))))
    | |___________________________________________________________________________________________________________________________^
361 |       write_json(root/'sensitivity_summary.json',dict(period='FIRST_60_EXECUTION_DAYS_ONLY',
362 |                   status='PREDECLARED_DIAGNOSTIC_EXPERIMENTS_NO_OPTIMIZATION_NO_HOLDOUT_CLAIM',results=sensitivity))
    |
help: Rewrite as a literal

C408 Unnecessary `dict()` call (rewrite as a literal)
   --> scripts/audit_ready_root_cause.py:361:48
    |
359 |                                   changed_blocker_sets=sum(r['baseline_blockers']!=r['experiment_blockers'] for r in group),
360 |                                   blocker_counts=dict(Counter(reason for r in group for reason in r['experiment_blockers']))))
361 |       write_json(root/'sensitivity_summary.json',dict(period='FIRST_60_EXECUTION_DAYS_ONLY',
    |  ________________________________________________^
362 | |                 status='PREDECLARED_DIAGNOSTIC_EXPERIMENTS_NO_OPTIMIZATION_NO_HOLDOUT_CLAIM',results=sensitivity))
    | |_________________________________________________________________________________________________________________^
363 |       result=dict(unique_setups=n,observed_signal_state_changes=len(original),
364 |                   diagnostic_evaluations=sum(len(v) for v in by_setup.values()),baseline_signal_equivalence='PASS',
    |
help: Rewrite as a literal

C408 Unnecessary `dict()` call (rewrite as a literal)
   --> scripts/audit_ready_root_cause.py:363:12
    |
361 |       write_json(root/'sensitivity_summary.json',dict(period='FIRST_60_EXECUTION_DAYS_ONLY',
362 |                   status='PREDECLARED_DIAGNOSTIC_EXPERIMENTS_NO_OPTIMIZATION_NO_HOLDOUT_CLAIM',results=sensitivity))
363 |       result=dict(unique_setups=n,observed_signal_state_changes=len(original),
    |  ____________^
364 | |                 diagnostic_evaluations=sum(len(v) for v in by_setup.values()),baseline_signal_equivalence='PASS',
365 | |                 funnel=funnel,top_blockers=blocker_rows,first_blocker_gate_counts=dict(Counter(r['first_gate'] for r in first_block…
366 | |                 near_ready_candidates=len(near),all_ready_conditions_simultaneously_true=len(ever['READY']),
367 | |                 manual_gate_only_blocked_setups=0,source_certification_enforced_for_offline_ready=False,
368 | |                 range_eligible_provenance_setups=0,trade_entry_allowed=False,
369 | |                 verdict='ZERO READY IS EXPECTED UNDER CURRENT RULES',
370 | |                 limitations=['CONDITIONS_COUNTS_ARE_ACTUAL_SCHEDULED_EVALUATIONS_NOT_EVERY_UNCHANGED_BAR',
371 | |                              'LATER_SHORT_CIRCUITED_PRODUCTION_GATES_ARE_UNKNOWN',
372 | |                              'INDEPENDENT_TARGET_AND_CANDIDATE_DIAGNOSTICS_DO_NOT_QUALIFY_SIGNALS',
373 | |                              'FIRST_PERSISTENT_BLOCKER_IS_RETROSPECTIVE_NOT_A_TRADING_RULE',
374 | |                              'GEOMETRY_AND_RANGE_MACHINE_NORMALIZATION_NOT_SOURCE_CERTIFIED'])
    | |______________________________________________________________________________________________^
375 |       write_json(root/'summary.json',result)
376 |       return result
    |
help: Rewrite as a literal

I001 [*] Import block is un-sorted or un-formatted
  --> scripts/audit_saved_source_trades.py:7:1
   |
 5 |   establish whether the underlying discretionary strategy would have lost.
 6 |   """
 7 | / from __future__ import annotations
 8 | |
 9 | | import argparse
10 | | from collections import Counter, defaultdict
11 | | from datetime import datetime
12 | | import gzip
13 | | from hashlib import sha256
14 | | import json
15 | | from pathlib import Path
   | |________________________^
help: Organize imports
   |
9  | import argparse
10 + import gzip
11 + import json
12 | from collections import Counter, defaultdict
13 | from datetime import datetime
   - import gzip
14 | from hashlib import sha256
   - import json
15 | from pathlib import Path
   |

C408 Unnecessary `dict()` call (rewrite as a literal)
  --> scripts/audit_saved_source_trades.py:68:22
   |
66 |           blob_hash = sha256(path.read_bytes()).hexdigest()
67 |           for index, trade in enumerate(closed):
68 |               record = dict(artifact=relative, artifact_sha256=blob_hash,
   |  ______________________^
69 | |                           closed_record_index=index, trade=trade,
70 | |                           source_folder=source.relative_to(repo).as_posix(),
71 | |                           cohort=summary.get('cohort', 'BYBIT_2026_DEVELOPMENT'),
72 | |                           variant=summary.get('variant', summary.get('scenario', 'SAVED_BASELINE')),
73 | |                           window=summary.get('window'),
74 | |                           primary_development=(
75 | |                               'historical_blocker_investigation/stage3/' in relative))
   | |______________________________________________________________________________________^
76 |               evidence.append(record)
77 |               requests[source].append(record)
   |
help: Rewrite as a literal

C408 Unnecessary `dict()` call (rewrite as a literal)
   --> scripts/audit_saved_source_trades.py:139:15
    |
137 |                       'artifact', 'trade', 'classification', 'classification_reason',
138 |                       'classification_scope', 'outcome', 'net_pnl', 'context')})
139 |       receipt = dict(closed_artifact_instances=len(evidence), files_with_closed=len({r['artifact'] for r in evidence}),
    |  _______________^
140 | |                    classifications=dict(counts), groups={k: dict(v) for k, v in groups.items()},
141 | |                    primary_development=primary, excluded_constructed_artifacts=excluded,
142 | |                    counts_are_not_independent_trades=True,
143 | |                    windows_and_capitals_not_pooled=True,
144 | |                    source_valid_wins_proven=0, source_valid_losses_proven=0,
145 | |                    false_negative_count=None,
146 | |                    false_negative_status='UNDETERMINED_WITHOUT_ORIGINALS_AND_SOURCE_COMPLETE_DETECTORS',
147 | |                    trade_entry_allowed=False)
    | |_____________________________________________^
148 |       (output / 'source_trade_audit_receipt.json').write_text(json.dumps(receipt, indent=2) + '\n')
149 |       print('Audited real-history closed artifact instances:', len(evidence))
    |
help: Rewrite as a literal

I001 [*] Import block is un-sorted or un-formatted
  --> scripts/audit_source_pdf_execution.py:2:1
   |
 1 |   """Independently trace every unique READY limit against actual native 5m OHLC."""
 2 | / from __future__ import annotations
 3 | |
 4 | | import argparse
 5 | | from datetime import datetime
 6 | | import json
 7 | | from pathlib import Path
 8 | | import sys
 9 | |
10 | | from crypto_bot.data.storage import read_klines_csv
11 | | from crypto_bot.strategy.source_engine import SourceSignal, sign
12 | | from crypto_bot.strategy.source_pdf_cases import deduplicate_cases
   | |__________________________________________________________________^
13 |
14 |   sys.path.insert(0, str(Path(__file__).resolve().parent))
   |
help: Organize imports
  |
4 | import argparse
5 + import json
6 + import sys
7 | from datetime import datetime
  - import json
8 | from pathlib import Path
  - import sys
9 |
  |

I001 [*] Import block is un-sorted or un-formatted
  --> scripts/audit_source_pdf_native_execution.py:2:1
   |
 1 |   """Independently trace every unique READY limit against actual native 5m OHLC."""
 2 | / from __future__ import annotations
 3 | |
 4 | | import argparse
 5 | | from datetime import datetime
 6 | | import json
 7 | | from pathlib import Path
 8 | | import sys
 9 | |
10 | | from crypto_bot.data.storage import read_klines_csv
11 | | from crypto_bot.strategy.source_engine import SourceSignal, sign
12 | | from crypto_bot.strategy.source_pdf_cases import deduplicate_cases
   | |__________________________________________________________________^
13 |
14 |   sys.path.insert(0, str(Path(__file__).resolve().parent))
   |
help: Organize imports
  |
4 | import argparse
5 + import json
6 + import sys
7 | from datetime import datetime
  - import json
8 | from pathlib import Path
  - import sys
9 |
  |

I001 [*] Import block is un-sorted or un-formatted
  --> scripts/audit_source_pending_limits.py:2:1
   |
 1 |   """Verify the observed zero-fill maximum using every real bar while limits existed."""
 2 | / from __future__ import annotations
 3 | | import argparse
 4 | | from datetime import datetime
 5 | | from hashlib import sha256
 6 | | import json
 7 | | from pathlib import Path
 8 | | import sys
 9 | |
10 | | from crypto_bot.data.storage import read_klines_csv
   | |___________________________________________________^
11 |
12 |   sys.path.insert(0, str(Path(__file__).resolve().parent))
   |
help: Organize imports
   |
2  | from __future__ import annotations
3  +
4  | import argparse
5  + import json
6  + import sys
7  | from datetime import datetime
8  | from hashlib import sha256
   - import json
9  | from pathlib import Path
   - import sys
10 |
   |

I001 [*] Import block is un-sorted or un-formatted
  --> scripts/audit_structure_lifecycle.py:1:1
   |
 1 | / from __future__ import annotations
 2 | |
 3 | | import argparse
 4 | | import json
 5 | | import sys
 6 | | from datetime import timedelta
 7 | | from pathlib import Path
 8 | |
 9 | | from crypto_bot.analysis_report import write_structure_transition_csv, write_trend_state_csv
10 | | from crypto_bot.data.bybit import BybitPublicClient
11 | | from crypto_bot.data.qa import audit_klines
12 | | from crypto_bot.data.storage import read_klines_csv
13 | | from crypto_bot.strategy.market_analysis import MarketAnalysisError, TrendState, analyze_market
14 | | from crypto_bot.strategy.structure_stability import compare_bos_suffix
   | |______________________________________________________________________^
help: Organize imports
   |
8  |
   - from crypto_bot.analysis_report import write_structure_transition_csv, write_trend_state_csv
9  + from crypto_bot.analysis_report import (
10 +     write_structure_transition_csv,
11 +     write_trend_state_csv,
12 + )
13 | from crypto_bot.data.bybit import BybitPublicClient
14 | from crypto_bot.data.qa import audit_klines
15 | from crypto_bot.data.storage import read_klines_csv
   - from crypto_bot.strategy.market_analysis import MarketAnalysisError, TrendState, analyze_market
16 + from crypto_bot.strategy.market_analysis import (
17 +     MarketAnalysisError,
18 +     TrendState,
19 +     analyze_market,
20 + )
21 | from crypto_bot.strategy.structure_stability import compare_bos_suffix
   |

I001 [*] Import block is un-sorted or un-formatted
  --> scripts/check_research_publication.py:2:1
   |
 1 |   """Inspect staged research files without printing secret values or changing history."""
 2 | / from __future__ import annotations
 3 | |
 4 | | import gzip
 5 | | from hashlib import sha256
 6 | | import json
 7 | | from pathlib import Path
 8 | | import re
 9 | | import subprocess
10 | |
11 | | from research_support import check_baseline
   | |___________________________________________^
help: Organize imports
   |
4  | import gzip
   - from hashlib import sha256
5  | import json
   - from pathlib import Path
6  | import re
7  | import subprocess
8  + from hashlib import sha256
9  + from pathlib import Path
10 |
   |

C408 Unnecessary `dict()` call (rewrite as a literal)
  --> scripts/check_research_publication.py:45:41
   |
43 |                         probe=lower if kind=='secret_assignment' else sample
44 |                         if any(token in probe for token in candidates[kind]) and pattern.search(sample):
45 |                             hits.append(dict(path=name,kind=kind))
   |                                         ^^^^^^^^^^^^^^^^^^^^^^^^^
46 |                     tail=block[-512:]
47 |             checked[stored_sha]=(logical_size,logical_sha.hexdigest())
   |
help: Rewrite as a literal

C408 Unnecessary `dict()` call (rewrite as a literal)
  --> scripts/check_research_publication.py:51:25
   |
49 |           staged=subprocess.check_output(['git','show',':'+name],cwd=repo)
50 |           assert sha256(blob).digest()==sha256(staged).digest(),('file changed after staging',name)
51 |           manifest.append(dict(path=name,stored_bytes=len(blob),stored_sha256=stored_sha,
   |  _________________________^
52 | |                              logical_bytes=logical_size,logical_sha256=logical_digest))
   | |______________________________________________________________________________________^
53 |       assert not hits,hits
54 |       removed=subprocess.check_output(['git','diff',lock['baseline_commit'],'--name-only','--diff-filter=D'],cwd=repo).decode()
   |
help: Rewrite as a literal

C408 Unnecessary `dict()` call (rewrite as a literal)
  --> scripts/check_research_publication.py:63:34
   |
61 |               assert path.name not in ('.env','credentials.json','token.json','id_rsa','id_ed25519'),name
62 |       target=repo/'data/reports/robustness_research/research_publication_scan.json'
63 |       target.write_text(json.dumps(dict(files=manifest,changed_files_scanned=len(manifest),
   |  __________________________________^
64 | |         logical_bytes_covered=sum(r['logical_bytes'] for r in manifest),
65 | |         unique_logical_bytes_scanned=sum(r[0] for r in checked.values()),unique_stored_sha256=len(checked),
66 | |         sha_identical_file_reuse=len(manifest)-len(checked),patterns=list(rules),secret_matches=0,
67 | |         baseline_guard='PASS',protected_source_config_files=len(lock['code_hashes']),removed_base_paths=0,
68 | |         excluded_generated_directories=sorted(excluded),trade_entry_allowed=False),indent=2,sort_keys=True)+'\n')
   | |__________________________________________________________________________________^
69 |       print('Staged files/content/secret scan PASS:',len(manifest),'files; baseline guard',len(lock['code_hashes']),'PASS')
   |
help: Rewrite as a literal

I001 [*] Import block is un-sorted or un-formatted
  --> scripts/compare_v0_4_11_fingerprint.py:2:1
   |
 1 |   """Compare the Phase 1.4.12 technical run with the unmodified v0.4.11 analyzer."""
 2 | / from __future__ import annotations
 3 | |
 4 | | import argparse
 5 | | import importlib.util
 6 | | import json
 7 | | from pathlib import Path
 8 | | import sys
 9 | | from time import perf_counter
10 | |
11 | | from crypto_bot.data.storage import read_klines_csv
12 | | from crypto_bot.strategy.market_analysis import StructureAnalysisMode, analyze_market
13 | | from crypto_bot.strategy.recovery_ablation import market_fingerprint
   | |____________________________________________________________________^
help: Organize imports
  |
6 | import json
7 + import sys
8 | from pathlib import Path
  - import sys
9 | from time import perf_counter
  |

I001 [*] Import block is un-sorted or un-formatted
  --> scripts/continue_robustness_research.py:2:1
   |
 1 |   """Resume registered frozen studies; publish checkpoints only with an explicit flag."""
 2 | / from __future__ import annotations
 3 | |
 4 | | import argparse
 5 | | from datetime import datetime
 6 | | from hashlib import sha256
 7 | | import json
 8 | | from pathlib import Path
 9 | | import re
10 | | import subprocess
11 | | import sys
12 | | from zoneinfo import ZoneInfo
13 | |
14 | | from research_inventory import complete_study
15 | | from research_support import check_baseline
16 | | from research_variants import STRUCTURAL_VARIANTS
17 | | from summarize_robustness_research import MAPPINGS, record_inventory
   | |____________________________________________________________________^
18 |
19 |   ROOT=Path(__file__).resolve().parents[1]
   |
help: Organize imports
   |
4  | import argparse
   - from datetime import datetime
   - from hashlib import sha256
5  | import json
   - from pathlib import Path
6  | import re
7  | import subprocess
8  | import sys
9  + from datetime import datetime
10 + from hashlib import sha256
11 + from pathlib import Path
12 | from zoneinfo import ZoneInfo
   |

C408 Unnecessary `dict()` call (rewrite as a literal)
  --> scripts/continue_robustness_research.py:46:11
   |
44 |       subprocess.run([sys.executable,'-m','ruff','check','src','scripts','tests','--select','E9,F'],cwd=ROOT,check=True)
45 |       subprocess.run([sys.executable,'-m','mypy','--no-incremental','--python-executable',sys.executable,'src','scripts'],cwd=ROOT,che…
46 |       stage=dict(timestamp=datetime.now(ZoneInfo('Asia/Yekaterinburg')).isoformat(),phase=label,
   |  ___________^
47 | |                tests=int(count[1]),tests_status='PASS',lint_status='PASS',mypy_status='PASS',
48 | |                protected_source_config_hashes=lock['code_hashes'],canonical_changed=False,
49 | |                research_helper_hashes={name:sha256((ROOT/name).read_bytes()).hexdigest() for name in HELPERS},
50 | |                all_checkpoint_restored=json.loads((REPORT/'checkpoint_restoration_receipt.json').read_text())['complete'],
51 | |                trade_entry_allowed=False)
   | |_________________________________________^
52 |       status=REPORT/'continuation_stage_checks.json'
53 |       status.write_text(json.dumps(stage,indent=2)+'\n')
   |
help: Rewrite as a literal

PLW1510 `subprocess.run` without explicit `check` argument
  --> scripts/continue_robustness_research.py:59:8
   |
57 |     subprocess.run(['git','add','--',str(REPORT/'research_publication_scan.json')],cwd=ROOT,check=True)
58 |     subprocess.run(['git','diff','--cached','--check'],cwd=ROOT,check=True)
59 |     if subprocess.run(['git','diff','--cached','--quiet'],cwd=ROOT).returncode:
   |        ^^^^^^^^^^^^^^
60 |         subprocess.run(['git','commit','-m',label],cwd=ROOT,check=True)
61 |     subprocess.run(['git','push','origin','HEAD:main'],cwd=ROOT,check=True)
   |
help: Add explicit `check=False`

I001 [*] Import block is un-sorted or un-formatted
  --> scripts/extract_cryptology_sources.py:2:1
   |
 1 |   """Reproducible, non-executing DOCX extraction; Windows links are inventory only."""
 2 | / from __future__ import annotations
 3 | |
 4 | | import argparse
 5 | | from hashlib import sha256
 6 | | import io
 7 | | import json
 8 | | from pathlib import Path
 9 | | import xml.etree.ElementTree as ET
10 | | import zipfile
   | |______________^
11 |
12 |   W = '{http://schemas.openxmlformats.org/wordprocessingml/2006/main}'
   |
help: Organize imports
   |
4  | import argparse
   - from hashlib import sha256
5  | import io
6  | import json
   - from pathlib import Path
7  | import xml.etree.ElementTree as ET
8  | import zipfile
9  + from hashlib import sha256
10 + from pathlib import Path
11 |
   |

UP017 [*] Use `datetime.UTC` alias
  --> scripts/fetch_bybit_history.py:18:49
   |
16 |     if ms is None:
17 |         return "n/a"
18 |     return datetime.fromtimestamp(ms / 1000, tz=timezone.utc).isoformat()
   |                                                 ^^^^^^^^^^^^
help: Convert to `datetime.UTC` alias
   |
5  | import sys
   - from datetime import datetime, timezone
6  + from datetime import datetime, timezone, UTC
7  | from pathlib import Path
--------------------------------------------------------------------------------
17 |         return "n/a"
   -     return datetime.fromtimestamp(ms / 1000, tz=timezone.utc).isoformat()
18 +     return datetime.fromtimestamp(ms / 1000, tz=UTC).isoformat()
19 |
   |

UP017 [*] Use `datetime.UTC` alias
  --> scripts/fetch_bybit_mtf_history.py:18:49
   |
16 |     if ms is None:
17 |         return "n/a"
18 |     return datetime.fromtimestamp(ms / 1000, tz=timezone.utc).isoformat()
   |                                                 ^^^^^^^^^^^^
help: Convert to `datetime.UTC` alias
   |
5  | import sys
   - from datetime import datetime, timezone
6  + from datetime import datetime, timezone, UTC
7  | from pathlib import Path
--------------------------------------------------------------------------------
17 |         return "n/a"
   -     return datetime.fromtimestamp(ms / 1000, tz=timezone.utc).isoformat()
18 +     return datetime.fromtimestamp(ms / 1000, tz=UTC).isoformat()
19 |
   |

I001 [*] Import block is un-sorted or un-formatted
  --> scripts/fetch_public_research_dataset.py:7:1
   |
 5 |   Uses inherited HTTPS proxy/CA settings. No third-party repository code is run.
 6 |   """
 7 | / from __future__ import annotations
 8 | |
 9 | | import argparse
10 | | from concurrent.futures import ThreadPoolExecutor
11 | | from hashlib import sha256
12 | | import json
13 | | from pathlib import Path
14 | | import re
15 | | import subprocess
16 | | import urllib.request
   | |_____________________^
17 |
18 |   REPOSITORY = 'Speirsy11/crypto-dataset'
   |
help: Organize imports
   |
9  | import argparse
   - from concurrent.futures import ThreadPoolExecutor
   - from hashlib import sha256
10 | import json
   - from pathlib import Path
11 | import re
12 | import subprocess
13 | import urllib.request
14 + from concurrent.futures import ThreadPoolExecutor
15 + from hashlib import sha256
16 + from pathlib import Path
17 |
   |

C408 Unnecessary `dict()` call (rewrite as a literal)
  --> scripts/fetch_public_research_dataset.py:51:24
   |
49 |         byte_size = re.search(r'size (\d+)', pointer)
50 |         assert digest is not None and byte_size is not None
51 |         objects.append(dict(path=path, git_blob=blob, oid=digest[1], size=int(byte_size[1])))
   |                        ^^^^^^^^^^^^^^^^^^^^^^^^^^^^^^^^^^^^^^^^^^^^^^^^^^^^^^^^^^^^^^^^^^^^^
52 |     assert objects
53 |     return objects
   |
help: Rewrite as a literal

C408 Unnecessary `dict()` call (rewrite as a literal)
  --> scripts/fetch_public_research_dataset.py:58:23
   |
56 |   def fetch_batch(batch, destination):
57 |       endpoint = f'https://github.com/{REPOSITORY}.git/info/lfs/objects/batch'
58 |       data = json.dumps(dict(operation='download', transfers=['basic'],
   |  _______________________^
59 | |                            objects=[dict(oid=x['oid'], size=x['size']) for x in batch])).encode()
   | |_______________________________________________________________________________________^
60 |       request = urllib.request.Request(endpoint, data=data, headers={
61 |           'Content-Type': 'application/vnd.git-lfs+json', 'Accept': 'application/vnd.git-lfs+json'})
   |
help: Rewrite as a literal

C408 Unnecessary `dict()` call (rewrite as a literal)
  --> scripts/fetch_public_research_dataset.py:59:37
   |
57 |     endpoint = f'https://github.com/{REPOSITORY}.git/info/lfs/objects/batch'
58 |     data = json.dumps(dict(operation='download', transfers=['basic'],
59 |                            objects=[dict(oid=x['oid'], size=x['size']) for x in batch])).encode()
   |                                     ^^^^^^^^^^^^^^^^^^^^^^^^^^^^^^^^^^
60 |     request = urllib.request.Request(endpoint, data=data, headers={
61 |         'Content-Type': 'application/vnd.git-lfs+json', 'Accept': 'application/vnd.git-lfs+json'})
   |
help: Rewrite as a literal

BLE001 Do not catch blind exception: `Exception`
  --> scripts/fetch_public_research_dataset.py:78:20
   |
76 |                 with urllib.request.urlopen(request, timeout=60) as response:
77 |                     content = response.read()
78 |             except Exception as exc:
   |                    ^^^^^^^^^
79 |                 # Signed storage URLs must not appear in exception output.
80 |                 raise RuntimeError(f'Public object fetch failed: {item["path"]}; {type(exc).__name__}') from None
   |

C408 Unnecessary `dict()` call (rewrite as a literal)
   --> scripts/fetch_public_research_dataset.py:110:41
    |
108 |               records.extend(result)
109 |       args.manifest.parent.mkdir(parents=True, exist_ok=True)
110 |       args.manifest.write_text(json.dumps(dict(repository=REPOSITORY, commit=COMMIT,
    |  _________________________________________^
111 | |         exchange='BINANCE', instrument='UNVERIFIED_BINANCE_MARKET_TYPE', requested_symbols=list(SYMBOLS),
112 | |         missing_priority_symbols=['LINKUSDT', 'AVAXUSDT', 'LTCUSDT'], files=records,
113 | |         total_bytes=sum(x['size'] for x in records), synthetic_data=False,
114 | |         exchange_credentials_used=False, trade_entry_allowed=False), indent=2, sort_keys=True) + '\n')
    | |___________________________________________________________________^
115 |       print('Complete:', len(records), 'verified files', sum(x['size'] for x in records), 'bytes')
    |
help: Rewrite as a literal

I001 [*] Import block is un-sorted or un-formatted
  --> scripts/finalize_research_delivery.py:2:1
   |
 1 |   """Publish a verified completed-study handoff and archive its exact Git commit."""
 2 | / from __future__ import annotations
 3 | |
 4 | | from hashlib import sha256
 5 | | import json
 6 | | import subprocess
 7 | | import zipfile
 8 | |
 9 | | from continue_robustness_research import REPORT, ROOT, checkpoint
10 | | from research_inventory import verify_expected_fingerprint
   | |__________________________________________________________^
help: Organize imports
  |
3 |
  - from hashlib import sha256
4 | import json
5 | import subprocess
6 | import zipfile
7 + from hashlib import sha256
8 |
  |

C408 Unnecessary `dict()` call (rewrite as a literal)
  --> scripts/finalize_research_delivery.py:75:13
   |
73 |       checksum=digest.hexdigest()
74 |       archive.with_suffix('.zip.sha256').write_text(f'{checksum}  {archive.name}\n')
75 |       receipt=dict(commit=commit,branch='main',archive=str(archive),sha256=checksum,
   |  _____________^
76 | |                  bytes=archive.stat().st_size,entries=entries,research_complete=True,
77 | |                  restored_original_fingerprints=21,canonical_changed=False,
78 | |                  trade_entry_allowed=False,tests=stage['tests'],zip_crc='PASS')
   | |_______________________________________________________________________________^
79 |       archive.with_suffix('.manifest.json').write_text(json.dumps(receipt,indent=2)+'\n')
80 |       (destination/'latest_final.json').write_text(json.dumps(receipt,indent=2)+'\n')
   |
help: Rewrite as a literal

I001 [*] Import block is un-sorted or un-formatted
  --> scripts/import_public_research_data.py:6:1
   |
 4 |   Compressed CSV is deterministic; canonical data/strategy source stays unchanged.
 5 |   """
 6 | / from __future__ import annotations
 7 | |
 8 | | import argparse
 9 | | from collections import Counter
10 | | import csv
11 | | from dataclasses import asdict
12 | | from datetime import datetime, timezone
13 | | import gzip
14 | | from hashlib import sha256
15 | | import io
16 | | import json
17 | | from pathlib import Path
18 | |
19 | | from crypto_bot.data.models import MarketCandle
20 | | from crypto_bot.data.storage import CSV_FIELDS
   | |______________________________________________^
help: Organize imports
   |
8  | import argparse
9  + import csv
10 + import gzip
11 + import io
12 + import json
13 | from collections import Counter
   - import csv
14 | from dataclasses import asdict
15 | from datetime import datetime, timezone
   - import gzip
16 | from hashlib import sha256
   - import io
   - import json
17 | from pathlib import Path
   |

C408 Unnecessary `dict()` call (rewrite as a literal)
  --> scripts/import_public_research_data.py:40:29
   |
38 |     for start, rows in groups.items():
39 |         if [c.open_time_ms for c in rows] != [start + i * step for i in range(expected)]:
40 |             rejected.append(dict(open_time_ms=start, source_rows=len(rows), expected=expected))
   |                             ^^^^^^^^^^^^^^^^^^^^^^^^^^^^^^^^^^^^^^^^^^^^^^^^^^^^^^^^^^^^^^^^^^
41 |             continue
42 |         first, last = rows[0], rows[-1]
   |
help: Rewrite as a literal

RUF007 Prefer `itertools.pairwise()` over `zip()` when iterating over successive pairs
  --> scripts/import_public_research_data.py:67:64
   |
65 |             logical_hash.update(block)
66 |     step = int(candles[0].interval) * 60000
67 |     gaps = Counter(b.open_time_ms - a.open_time_ms for a, b in zip(candles, candles[1:])
   |                                                                ^^^
68 |                    if b.open_time_ms - a.open_time_ms != step)
69 |     return dict(path=str(path), symbol=candles[0].symbol, exchange=candles[0].exchange,
   |
help: Replace `zip()` with `itertools.pairwise()`

C408 Unnecessary `dict()` call (rewrite as a literal)
  --> scripts/import_public_research_data.py:69:12
   |
67 |       gaps = Counter(b.open_time_ms - a.open_time_ms for a, b in zip(candles, candles[1:])
68 |                      if b.open_time_ms - a.open_time_ms != step)
69 |       return dict(path=str(path), symbol=candles[0].symbol, exchange=candles[0].exchange,
   |  ____________^
70 | |         timeframe_minutes=int(candles[0].interval), candles=len(candles),
71 | |         start=datetime.fromtimestamp(candles[0].open_time_ms / 1000, timezone.utc).isoformat(),
72 | |         end_exclusive=datetime.fromtimestamp((candles[-1].open_time_ms + step) / 1000, timezone.utc).isoformat(),
73 | |         stored_bytes=path.stat().st_size, sha256=sha256(path.read_bytes()).hexdigest(),
74 | |         csv_sha256=logical_hash.hexdigest(), gaps=dict(gaps), gap_interpolation=False)
   | |______________________________________________________________________________________^
help: Rewrite as a literal

UP017 [*] Use `datetime.UTC` alias
  --> scripts/import_public_research_data.py:71:70
   |
69 |     return dict(path=str(path), symbol=candles[0].symbol, exchange=candles[0].exchange,
70 |         timeframe_minutes=int(candles[0].interval), candles=len(candles),
71 |         start=datetime.fromtimestamp(candles[0].open_time_ms / 1000, timezone.utc).isoformat(),
   |                                                                      ^^^^^^^^^^^^
72 |         end_exclusive=datetime.fromtimestamp((candles[-1].open_time_ms + step) / 1000, timezone.utc).isoformat(),
73 |         stored_bytes=path.stat().st_size, sha256=sha256(path.read_bytes()).hexdigest(),
   |
help: Convert to `datetime.UTC` alias
   |
11 | from dataclasses import asdict
   - from datetime import datetime, timezone
12 + from datetime import datetime, timezone, UTC
13 | import gzip
--------------------------------------------------------------------------------
70 |         timeframe_minutes=int(candles[0].interval), candles=len(candles),
   -         start=datetime.fromtimestamp(candles[0].open_time_ms / 1000, timezone.utc).isoformat(),
71 +         start=datetime.fromtimestamp(candles[0].open_time_ms / 1000, UTC).isoformat(),
72 |         end_exclusive=datetime.fromtimestamp((candles[-1].open_time_ms + step) / 1000, timezone.utc).isoformat(),
   |

UP017 [*] Use `datetime.UTC` alias
  --> scripts/import_public_research_data.py:72:88
   |
70 |         timeframe_minutes=int(candles[0].interval), candles=len(candles),
71 |         start=datetime.fromtimestamp(candles[0].open_time_ms / 1000, timezone.utc).isoformat(),
72 |         end_exclusive=datetime.fromtimestamp((candles[-1].open_time_ms + step) / 1000, timezone.utc).isoformat(),
   |                                                                                        ^^^^^^^^^^^^
73 |         stored_bytes=path.stat().st_size, sha256=sha256(path.read_bytes()).hexdigest(),
74 |         csv_sha256=logical_hash.hexdigest(), gaps=dict(gaps), gap_interpolation=False)
   |
help: Convert to `datetime.UTC` alias
   |
11 | from dataclasses import asdict
   - from datetime import datetime, timezone
12 + from datetime import datetime, timezone, UTC
13 | import gzip
--------------------------------------------------------------------------------
71 |         start=datetime.fromtimestamp(candles[0].open_time_ms / 1000, timezone.utc).isoformat(),
   -         end_exclusive=datetime.fromtimestamp((candles[-1].open_time_ms + step) / 1000, timezone.utc).isoformat(),
72 +         end_exclusive=datetime.fromtimestamp((candles[-1].open_time_ms + step) / 1000, UTC).isoformat(),
73 |         stored_bytes=path.stat().st_size, sha256=sha256(path.read_bytes()).hexdigest(),
   |

C408 Unnecessary `dict()` call (rewrite as a literal)
  --> scripts/import_public_research_data.py:84:32
   |
82 |   …             *[float(row[k]) for k in ('open', 'high', 'low', 'close', 'volume', 'turnover')])
83 |   …             for row in csv.DictReader(handle)]
84 |   …     yield symbol, candles, dict(exchange='BYBIT', instrument='USDT_LINEAR_PERPETUAL',
   |  ______________________________^
85 | | …         repository='mestoness/btc-eth-candles-history',
86 | | …         commit='9ca04178df06ce649f00779a49e11094fe5b1c70',
87 | | …         source_url='https://github.com/mestoness/btc-eth-candles-history/blob/9ca04178df06ce649f00779a49e11094fe5b1c70/' + symbol …
88 | | …         source_sha256=sha256(path.read_bytes()).hexdigest())
   | |______________________________________________________________^
help: Rewrite as a literal

C408 Unnecessary `dict()` call (rewrite as a literal)
   --> scripts/import_public_research_data.py:111:37
    |
109 |                     raise ValueError('Source is not aligned UTC five-minute data')
110 |                 if table['source_rows'][i] != 5:
111 |                     excluded.append(dict(open_time_ms=timestamp, source_rows=table['source_rows'][i], expected=5))
    |                                     ^^^^^^^^^^^^^^^^^^^^^^^^^^^^^^^^^^^^^^^^^^^^^^^^^^^^^^^^^^^^^^^^^^^^^^^^^^^^^
112 |                     continue
113 |                 candles.append(MarketCandle('BINANCE', symbol, '5', timestamp,
    |
help: Rewrite as a literal

C408 Unnecessary `dict()` call (rewrite as a literal)
   --> scripts/import_public_research_data.py:115:32
    |
113 |                   candles.append(MarketCandle('BINANCE', symbol, '5', timestamp,
114 |                       *[float(table[k][i]) for k in ('open', 'high', 'low', 'close', 'volume')]))
115 |           yield symbol, candles, dict(exchange='BINANCE', instrument='UNVERIFIED_BINANCE_MARKET_TYPE',
    |  ________________________________^
116 | |             repository=manifest['repository'], commit=manifest['commit'],
117 | |             source_files=records, incomplete_source_bars_excluded=excluded,
118 | |             market_type_not_asserted_without_upstream_endpoint_evidence=True)
    | |_____________________________________________________________________________^
help: Rewrite as a literal

C408 Unnecessary `dict()` call (rewrite as a literal)
   --> scripts/import_public_research_data.py:143:41
    |
141 |               print(symbol, target, len(output), 'complete real bars;', len(rejected), 'incomplete bins', flush=True)
142 |       args.manifest.parent.mkdir(parents=True, exist_ok=True)
143 |       args.manifest.write_text(json.dumps(dict(kind=args.kind, series=result, synthetic_data=False,
    |  _________________________________________^
144 | |         trade_entry_allowed=False), indent=2, sort_keys=True) + '\n')
    | |__________________________________^
help: Rewrite as a literal

I001 [*] Import block is un-sorted or un-formatted
  --> scripts/ready_audit_support.py:7:1
   |
 5 |   The caller compares this model with the unmodified production detector.
 6 |   """
 7 | / from bisect import bisect_right
 8 | | from dataclasses import asdict
 9 | |
10 | | from crypto_bot.common.models import Direction
11 | | from crypto_bot.strategy.auto_levels import _seeds, _overlap, ob_impulse_window
12 | | from crypto_bot.strategy.market_analysis import MarketEventKind, TrendState
   | |___________________________________________________________________________^
help: Organize imports
   |
10 | from crypto_bot.common.models import Direction
   - from crypto_bot.strategy.auto_levels import _seeds, _overlap, ob_impulse_window
11 + from crypto_bot.strategy.auto_levels import _overlap, _seeds, ob_impulse_window
12 | from crypto_bot.strategy.market_analysis import MarketEventKind, TrendState
   -
13 |
   |

C408 Unnecessary `dict()` call (rewrite as a literal)
   --> scripts/ready_audit_support.py:99:21
    |
 97 |   …                    next((d.close_time for d in ltf[index+2:] if d.close_time>ob_known_at and d.low<=a.high and d.high>=a.low), No…
 98 |   …     stop = a.low if long else a.high
 99 |   …     truth = dict(
    |  _______________^
100 | | …         AGGRESSION=body/(b.high-b.low)>=policy.min_body_fraction and body>=policy.min_engulf_body_ratio*first_body,
101 | | …         IMBALANCE=c.low>a.high if long else c.high<a.low,
102 | | …         OB_OTE_AND_IMPULSE=_overlap(a.low,a.high,zone) and all(lo<=d.low and d.high<=hi for d in (a,b,c)),
103 | | …         RAW_SWEEP=bool(sweeps), SUPPORTING_POI=bool(fresh_support),
104 | | …         TREND_ALIGNMENT=transition.resolved_trend==(TrendState.BULLISH if long else TrendState.BEARISH),
105 | | …         OB_FRESH=first_touch is None,
106 | | …         STOP_GEOMETRY=stop<zone.low if long else stop>zone.high,
107 | | …     )
    | |_______^
108 |   …     first_failure = next((reason for gate,reason in CANDIDATE_GATES if not truth[gate]),None)
109 |   …     failures.add('NO_ELIGIBLE_IMPULSE_OB')
    |
help: Rewrite as a literal

C408 Unnecessary `dict()` call (rewrite as a literal)
   --> scripts/ready_audit_support.py:112:31
    |
110 |               if first_failure:
111 |                   failures.add(first_failure)
112 |               candidates.append(dict(
    |  _______________________________^
113 | |                 b_index=index, known_at=ob_known_at, a_open=a.open_time,
114 | |                 bars=[asdict(d) for d in (a,b,c)], ob_zone=dict(low=a.low,high=a.high), stop=stop,
115 | |                 body_fraction=body/(b.high-b.low), body_ratio=body/first_body,
116 | |                 ote_intersection=_overlap(a.low,a.high,zone), inside_impulse=all(lo<=d.low and d.high<=hi for d in (a,b,c)),
117 | |                 gates=truth, first_failure=first_failure, raw_sweep_events=[asdict(e) for e in sweeps],
118 | |                 supporting_poi_candidates=len(supporting), stale_supporting_pois=len(supporting)-len(fresh_support),
119 | |                 preexisting_supporting_poi_evidence=[asdict(s) for s in supporting],
120 | |                 later_supporting_poi_evidence=[asdict(s) for s in late_supporting],
121 | |                 fresh_supporting_pois=[asdict(s) for s in fresh_support], first_retest=first_touch,
122 | |             ))
    | |_____________^
123 |           valid = [c for c in candidates if all(c['gates'].values())]
124 |           # Independent target diagnosis, not qualification when no OB exists.
    |
help: Rewrite as a literal

C408 Unnecessary `dict()` call (rewrite as a literal)
   --> scripts/ready_audit_support.py:114:60
    |
112 |             candidates.append(dict(
113 |                 b_index=index, known_at=ob_known_at, a_open=a.open_time,
114 |                 bars=[asdict(d) for d in (a,b,c)], ob_zone=dict(low=a.low,high=a.high), stop=stop,
    |                                                            ^^^^^^^^^^^^^^^^^^^^^^^^^^^
115 |                 body_fraction=body/(b.high-b.low), body_ratio=body/first_body,
116 |                 ote_intersection=_overlap(a.low,a.high,zone), inside_impulse=all(lo<=d.low and d.high<=hi for d in (a,b,c)),
    |
help: Rewrite as a literal

C408 Unnecessary `dict()` call (rewrite as a literal)
   --> scripts/ready_audit_support.py:137:16
    |
135 |   …             break
136 |   …     reasons = (() if len(selected)==3 else ('THREE_DISTINCT_FRESH_OPPOSING_POIS_NOT_FOUND',)) if valid else tuple(sorted(failures…
137 |   …     return dict(candidates=candidates, qualified_ob_count=len(valid),
    |  ______________^
138 | | …                 scanned_triples=scanned_triples, color_pair_count=color_pair_count,
139 | | …                 candidate_scan_start=window.start if window else 0, candidate_scan_end_exclusive=window.stop if window else 0,
140 | | …                 anchor_swing_time=anchor.swing_time, anchor_confirmed_time=anchor.confirmed_time,
141 | | …                 impulse_low=lo,impulse_high=hi, predicted_reasons=reasons,
142 | | …                 predicted_ready=bool(valid) and len(selected)==3,
143 | | …                 opposing_poi_count=len(opposing), stale_opposing_poi_count=len(opposing)-len(fresh_opposing),
144 | | …                 selected_targets=[asdict(s) for s in selected],
145 | | …                 independent_targets_available=len(selected)==3,
146 | | …                 support_policy='HTF_THREE_CANDLE_GAP_POI_BACKTEST_PARAMETER')
    | |_______________________________________________________________________________^
help: Rewrite as a literal

I001 [*] Import block is un-sorted or un-formatted
  --> scripts/render_ready_audit.py:2:1
   |
 1 |   """Render the measured READY audit and a standalone near-READY chart page."""
 2 | / from bisect import bisect_right
 3 | | from dataclasses import asdict
 4 | | from datetime import datetime
 5 | | from pathlib import Path
 6 | | import argparse
 7 | | import json
 8 | |
 9 | | from audit_ready_root_cause import write_json, encode
10 | | from crypto_bot.data.storage import read_klines_csv
   | |___________________________________________________^
help: Organize imports
   |
1  | """Render the measured READY audit and a standalone near-READY chart page."""
2  + import argparse
3  + import json
4  | from bisect import bisect_right
5  | from dataclasses import asdict
6  | from datetime import datetime
7  | from pathlib import Path
   - import argparse
   - import json
8  |
   - from audit_ready_root_cause import write_json, encode
9  + from audit_ready_root_cause import encode, write_json
10 +
11 | from crypto_bot.data.storage import read_klines_csv
   |

C408 Unnecessary `dict()` call (rewrite as a literal)
  --> scripts/render_ready_audit.py:37:28
   |
35 |               touch=next((c for c in candles[bisect_right(times,known):bisect_right(times,a_open)]
36 |                           if c.low<=seed['zone']['high'] and c.high>=seed['zone']['low']),None)
37 |               witness.append(dict(poi=seed,first_ltf_touch_before_A=asdict(touch) if touch else None,
   |  ____________________________^
38 | |                                 causal_cutoff=a_open,qualifies_as_fresh=touch is None))
   | |______________________________________________________________________________________^
39 |           if candidate['exact_blocker']=='FRESH_PREEXISTING_HTF_POI_NOT_FOUND':
40 |               assert witness and all(w['first_ltf_touch_before_A'] for w in witness)
   |
help: Rewrite as a literal

C408 Unnecessary `dict()` call (rewrite as a literal)
  --> scripts/render_ready_audit.py:41:31
   |
39 |           if candidate['exact_blocker']=='FRESH_PREEXISTING_HTF_POI_NOT_FOUND':
40 |               assert witness and all(w['first_ltf_touch_before_A'] for w in witness)
41 |           touch_evidence.append(dict(signal_id=candidate['signal_id'],symbol=candidate['symbol'],
   |  _______________________________^
42 | |                                    a_open=a_open,supporting_pois=witness))
   | |_________________________________________________________________________^
43 |           chart_data.append(dict(candidate=candidate,touch_evidence=witness,
44 |                 ltf=[[c.open_time.isoformat(),c.close_time.isoformat(),c.open,c.high,c.low,c.close] for c in candles[max(0,n-100):n]]))
   |
help: Rewrite as a literal

C408 Unnecessary `dict()` call (rewrite as a literal)
  --> scripts/render_ready_audit.py:43:27
   |
41 |           touch_evidence.append(dict(signal_id=candidate['signal_id'],symbol=candidate['symbol'],
42 |                                      a_open=a_open,supporting_pois=witness))
43 |           chart_data.append(dict(candidate=candidate,touch_evidence=witness,
   |  ___________________________^
44 | |               ltf=[[c.open_time.isoformat(),c.close_time.isoformat(),c.open,c.high,c.low,c.close] for c in candles[max(0,n-100):n]]))
   | |____________________________________________________________________________________________________________________________________^
45 |       write_json(root/'near_ready_poi_touch_evidence.json',touch_evidence)
46 |       payload=json.dumps(chart_data,ensure_ascii=False,allow_nan=False,default=encode).replace('</','<'+chr(92)+'/')
   |
help: Rewrite as a literal

I001 [*] Import block is un-sorted or un-formatted
  --> scripts/report_source_bybit.py:2:1
   |
 1 |   """Render the first sequential50 sample and evidence audit from completed replay."""
 2 | / from __future__ import annotations
 3 | |
 4 | | import argparse
 5 | | from collections import Counter
 6 | | import json
 7 | | from pathlib import Path
 8 | | import statistics
 9 | | import sys
   | |__________^
10 |
11 |   sys.path.insert(0, str(Path(__file__).resolve().parent))
   |
help: Organize imports
   |
4  | import argparse
   - from collections import Counter
5  | import json
   - from pathlib import Path
6  | import statistics
7  | import sys
8  + from collections import Counter
9  + from pathlib import Path
10 |
   |

ISC004 Unparenthesized implicit string concatenation in collection
  --> scripts/report_source_bybit.py:63:14
   |
61 |   …     f"{summary['funnel']['open_censored']} endpoint OPEN. " + (f'MAX CLOSED = {n} under this fixed machine policy.' if n < 50 else…
62 |   …     '**BACKTEST only; trade_entry_allowed=false. LIVE/private API disabled.**', '',
63 | / …     'This is a deterministic source reconstruction with explicitly declared machine interpretations, '
64 | | …     'not certification of the unavailable Advanced/Pro/risk chapters or prospective profitability. '
65 | | …     'Sources and policy were committed before new PnL; parameters were not fitted. '
66 | | …     'Every available closure enters the sample in order, including losses, up to the target50. One account, at most one position/o…
67 | | …     'no overlapping research cases or independent capitals are pooled. Chronological observations can still be correlated.', '',
   | |_____________________________________________________________________________________________________________________________^
68 |   …     '## Source audit and code changes', '',
69 |   …     'The complete supplied ZIP contains eight actual DOCX, no actual PDF. Read every text and122 unique embedded diagrams '
   |
help: Did you forget a comma?
help: Wrap implicitly concatenated strings in parentheses

ISC004 Unparenthesized implicit string concatenation in collection
  --> scripts/report_source_bybit.py:69:14
   |
67 |   …     'no overlapping research cases or independent capitals are pooled. Chronological observations can still be correlated.', '',
68 |   …     '## Source audit and code changes', '',
69 | / …     'The complete supplied ZIP contains eight actual DOCX, no actual PDF. Read every text and122 unique embedded diagrams '
70 | | …     '(195 references). SW5, SW7, SW9, SW11, SW12 and SW22 contain shortcuts only. '
71 | | …     'The original archive, full text, OCR and SHA manifest are preserved. '
72 | | …     '[Registered source matrix](SOURCE_RECONSTRUCTION_2026_10_09.md) separates SOURCE_RULE, '
73 | | …     'SOURCE_INTERPRETATION, PROJECT_OVERLAY and RESEARCH_PARAMETER.', '',
   | |______________________________________________________________________^
74 |   …     'Implemented typed ORDER_BLOCK, BREAKER, DEMAND, SUPPLY, STB/BTS with MANIPULATION provenance, '
75 |   …     'FVG/IMB and RANGE_POI. Source conservative structure keeps BOS distinct from subsequent new structure/CONF. '
   |
help: Did you forget a comma?
help: Wrap implicitly concatenated strings in parentheses

ISC004 Unparenthesized implicit string concatenation in collection
  --> scripts/report_source_bybit.py:74:14
   |
72 |                '[Registered source matrix](SOURCE_RECONSTRUCTION_2026_10_09.md) separates SOURCE_RULE, '
73 |                'SOURCE_INTERPRETATION, PROJECT_OVERLAY and RESEARCH_PARAMETER.', '',
74 | /              'Implemented typed ORDER_BLOCK, BREAKER, DEMAND, SUPPLY, STB/BTS with MANIPULATION provenance, '
75 | |              'FVG/IMB and RANGE_POI. Source conservative structure keeps BOS distinct from subsequent new structure/CONF. '
76 | |              'Liquidity tracks BSL/SSL, confirmed structural and exact EQH/EQL pools, internal/external context, '
77 | |              'completed UTC PDH/PDL and source Range boundary raids. A contextual adverse pool must be swept before entry. '
78 | |              'Order Flow stores directional structure, raid and destination POI evidence with known_at/invalidation. '
79 | |              'P/D is enforced on the selected path; OTE is reported as confluence, not a trigger. '
80 | |              'D/S must be fresh; repeated OB has a separate confirmation contract based on secondary source material, '
81 | |              'and primary HTF contexts use first tests.', '',
   | |________________________________________________________^
82 |                'Conservative chain: first HTF POI interaction → LTF raid → BOS → new structure → CONF → fresh local POI limit. '
83 |                'No gap-only HTF permission, .6 displacement ratio, mandatory OTE, Score admission or three-gap target prerequisite. '
   |
help: Did you forget a comma?
help: Wrap implicitly concatenated strings in parentheses

ISC004 Unparenthesized implicit string concatenation in collection
  --> scripts/report_source_bybit.py:82:14
   |
80 |   …     'D/S must be fresh; repeated OB has a separate confirmation contract based on secondary source material, '
81 |   …     'and primary HTF contexts use first tests.', '',
82 | / …     'Conservative chain: first HTF POI interaction → LTF raid → BOS → new structure → CONF → fresh local POI limit. '
83 | | …     'No gap-only HTF permission, .6 displacement ratio, mandatory OTE, Score admission or three-gap target prerequisite. '
84 | | …     'FTA is the nearest available opposing qualified POI. Non-Range full exit at FTA is a declared machine convention. '
85 | | …     'Range80% exits inside the opposite edge/earlier FTA and20% uses a pre-entry external FTA when available; '
86 | | …     'the optional remainder otherwise closes inside, with80/20 accounting. No automatic BE, original technical SL remains.', '',
   | |_____________________________________________________________________________________________________________________________^
87 |   …     'Risk is fixed2% including planned base SL costs; initial equity1170 USDT. Fee0.06% and slippage0.02% per side. '
88 |   …     'Prior3x isolated virtual notional budget is a PROJECT_OVERLAY; it can block tight-stop sizing. '
   |
help: Did you forget a comma?
help: Wrap implicitly concatenated strings in parentheses

ISC004 Unparenthesized implicit string concatenation in collection
  --> scripts/report_source_bybit.py:87:14
   |
85 |   …     'Range80% exits inside the opposite edge/earlier FTA and20% uses a pre-entry external FTA when available; '
86 |   …     'the optional remainder otherwise closes inside, with80/20 accounting. No automatic BE, original technical SL remains.', '',
87 | / …     'Risk is fixed2% including planned base SL costs; initial equity1170 USDT. Fee0.06% and slippage0.02% per side. '
88 | | …     'Prior3x isolated virtual notional budget is a PROJECT_OVERLAY; it can block tight-stop sizing. '
89 | | …     'Funding, actual spread/order book and exchange fills are unavailable and not invented. '
90 | | …     'Stops dominate OHLC ambiguity; entry-bar target touches require favourable CLOSE proof; '
91 | | …     'gap stops can lose more than the planned2%. Intrabar fill time is a5m interval known at close.', '',
   | |______________________________________________________________________________________________________^
92 |   …     'Machine limitations: near-equal liquidity has no supplied numeric tolerance, so exact equality is the proven subset; '
93 |   …     'qualitative Range impulse/midpoint uses the registered BOS proxy/.08 research tolerance. '
   |
help: Did you forget a comma?
help: Wrap implicitly concatenated strings in parentheses

ISC004 Unparenthesized implicit string concatenation in collection
  --> scripts/report_source_bybit.py:92:14
   |
90 |                'Stops dominate OHLC ambiguity; entry-bar target touches require favourable CLOSE proof; '
91 |                'gap stops can lose more than the planned2%. Intrabar fill time is a5m interval known at close.', '',
92 | /              'Machine limitations: near-equal liquidity has no supplied numeric tolerance, so exact equality is the proven subset; '
93 | |              'qualitative Range impulse/midpoint uses the registered BOS proxy/.08 research tolerance. '
94 | |              'Manipulation/STB/BTS aliases are not counted as independent setups. '
95 | |              'The60m LTF mapping is labelled any-TF interpretation, outside the secondary1–15m conservative preference. '
96 | |              'Missing modules limit literal source certification and detector completeness.', '',
   | |____________________________________________________________________________________________^
97 |                'Prior interrupted and superseded runs are retained with exact implementation snapshots and QA reasons. '
98 |                'QA corrected the OB origin-candle raid, middle-candle Breaker linkage, true Range P/D bounds, '
   |
help: Did you forget a comma?
help: Wrap implicitly concatenated strings in parentheses

ISC004 Unparenthesized implicit string concatenation in collection
   --> scripts/report_source_bybit.py:97:14
    |
 95 |                'The60m LTF mapping is labelled any-TF interpretation, outside the secondary1–15m conservative preference. '
 96 |                'Missing modules limit literal source certification and detector completeness.', '',
 97 | /              'Prior interrupted and superseded runs are retained with exact implementation snapshots and QA reasons. '
 98 | |              'QA corrected the OB origin-candle raid, middle-candle Breaker linkage, true Range P/D bounds, '
 99 | |              'tested-zone lifecycle observation, broken-LTF limit cancellation and same-zone alias duplication. '
100 | |              'The final run follows these corrections. No period, symbol or threshold was selected from PnL.', '',
    | |_____________________________________________________________________________________________________________^
101 |                '## OLD five losses', '',
102 |                'Old decisions below are reconstructed from the last saved signal available before entry and current native-history '
    |
help: Did you forget a comma?
help: Wrap implicitly concatenated strings in parentheses

ISC004 Unparenthesized implicit string concatenation in collection
   --> scripts/report_source_bybit.py:102:14
    |
100 |                'The final run follows these corrections. No period, symbol or threshold was selected from PnL.', '',
101 |                '## OLD five losses', '',
102 | /              'Old decisions below are reconstructed from the last saved signal available before entry and current native-history '
103 | |              'prefix state at both the old READY and entry-interval start. Old replay used rolling contexts; '
104 | |              'new source tape uses the complete causal prefix. REJECT/WAIT describes the implemented source policy, '
105 | |              'not a claim that an unavailable discretionary chapter proves the market could never support another trade.', '']
    | |_________________________________________________________________________________________________________________________^
106 |       for a in audits:
107 |           t, s = a['old_trade'], a['old_signal']
    |
help: Did you forget a comma?
help: Wrap implicitly concatenated strings in parentheses

ISC004 Unparenthesized implicit string concatenation in collection
   --> scripts/report_source_bybit.py:117:19
    |
115 |                     f"SOURCE STRATEGY WOULD: **{before['source_strategy_would']} at READY; {entry['source_strategy_would']} before en…
116 |                     'REASON: ' + '; '.join(before['reasons']) + '.', '',
117 | /                   f"At READY: HTF={before['htf_trend']}, LTF={before['ltf_trend']}, "
118 | |                   f"adverse pools={len(before['liquidity_against'])}, "
119 | |                   f"typed HTF POI={before['htf_poi']['kind'] if before['htf_poi'] else 'NONE PROVEN'}, "
120 | |                   f"local POI={before['ltf_poi']['kind'] if before['ltf_poi'] else 'NONE PROVEN'}, "
121 | |                   f"local first test={before['ltf_poi']['first_test'] if before['ltf_poi'] else 'UNKNOWN'}, "
122 | |                   f"P/D+OTE={before['pd_ote']}, FTA candidates={len(before['fta'])}, "
123 | |                   f"stop valid behind local POI={before['stop_behind_local_zone']}. "
124 | |                   f"Before entry blockers: {'; '.join(entry['reasons'])}.", '']
    | |__________________________________________________________________________^
125 |       lines += [f"Full timestamps, BOS/CONF/protected levels, POI freshness, actual pool prices and source evidence: "
126 |                 f"[{prefix}/old_vs_new.json]({prefix}/old_vs_new.json).", '',
    |
help: Did you forget a comma?
help: Wrap implicitly concatenated strings in parentheses

ISC004 Unparenthesized implicit string concatenation in collection
   --> scripts/report_source_bybit.py:125:15
    |
123 |                     f"stop valid behind local POI={before['stop_behind_local_zone']}. "
124 |                     f"Before entry blockers: {'; '.join(entry['reasons'])}.", '']
125 |       lines += [f"Full timestamps, BOS/CONF/protected levels, POI freshness, actual pool prices and source evidence: "
    |  _______________^
126 | |               f"[{prefix}/old_vs_new.json]({prefix}/old_vs_new.json).", '',
    | |______________________________________________________________________^
127 |                 '## Dataset and exact funnel', '',
128 |                 'All40 native Bybit series and993,575 original candles were read, with stored SHA, identity, '
    |
help: Did you forget a comma?
help: Wrap implicitly concatenated strings in parentheses

ISC004 Unparenthesized implicit string concatenation in collection
   --> scripts/report_source_bybit.py:128:15
    |
126 |                 f"[{prefix}/old_vs_new.json]({prefix}/old_vs_new.json).", '',
127 |                 '## Dataset and exact funnel', '',
128 | /               'All40 native Bybit series and993,575 original candles were read, with stored SHA, identity, '
129 | |               'alignment and contiguous chronology validated. All10 fixed symbols and all6 mappings were evaluated. '
130 | |               'No Binance or newly fetched data enters this test. Entire saved coverage was processed; '
131 | |               'this2026 history was already inspected DEVELOPMENT, never relabelled OOS. '
132 | |               'Signals use closed native bars; execution uses the saved5m history.', '',
    | |___________________________________________________________________________________^
133 |                 '| Stage | Full dataset count |', '|---|---:|']
134 |       for field in ('source_contexts', 'setups', 'qualified_structure', 'liquidity_passed', 'poi_passed', 'order_flow_passed', 'pd_pa…
    |
help: Did you forget a comma?
help: Wrap implicitly concatenated strings in parentheses

ISC004 Unparenthesized implicit string concatenation in collection
   --> scripts/report_source_bybit.py:136:19
    |
134 |       for field in ('source_contexts', 'setups', 'qualified_structure', 'liquidity_passed', 'poi_passed', 'order_flow_passed', 'pd_pa…
135 |           lines.append(f"| {field} | {summary['funnel'].get(field, 0)} |")
136 |       lines += ['', 'Source contexts count qualified first POI interactions across all4 TFs, including5m context. '
    |  ___________________^
137 | |               'Mapped setups are separate unique contexts per HTF/LTF, not independent trades. '
138 | |               'Gate counts mean ever passed per setup; latest reasons and cancellations remain in each segment. '
139 | |               'The full CLOSED count and first50 sample are distinct.', '',
    | |______________________________________________________________________^
140 |                 '| Virtual admission decision | Count |', '|---|---:|']
141 |       for reason, count in sorted(summary['admission_decisions'].items()):
    |
help: Did you forget a comma?
help: Wrap implicitly concatenated strings in parentheses

ISC004 Unparenthesized implicit string concatenation in collection
   --> scripts/report_source_bybit.py:152:19
    |
150 |                        f"{fmt(t['entry'])} | {fmt(t['stop'])} | {','.join(fmt(v) for v in t['targets'])} | "
151 |                        f"{t['exit_reason']} @{fmt(t['exit_price'])} | {fmt(t['result_R'])} | {fmt(t['net_pnl'])} | {t['result']} |")
152 |       lines += ['', f'Every fill, cost, fraction, exact quote, source timestamps and causal evidence: '
    |  ___________________^
153 | |               f'[{prefix}/primary_trades.jsonl.gz]({prefix}/primary_trades.jsonl.gz).', '',
    | |______________________________________________________________________________________^
154 |                 '## Primary statistics', '', '| Metric | First chronological sample |', '|---|---:|']
155 |       for key, value in summary['primary'].items():
    |
help: Did you forget a comma?
help: Wrap implicitly concatenated strings in parentheses

ISC004 Unparenthesized implicit string concatenation in collection
   --> scripts/report_source_bybit.py:157:19
    |
155 |       for key, value in summary['primary'].items():
156 |           lines.append(f'| {key} | {fmt(value)} |')
157 |       lines += ['', 'GrossPnL is before fees and slippage; GrossAfterSlippageBeforeFees uses actual simulated prices. '
    |  ___________________^
158 | |               'Net = GrossPnL − Fees − Slippage. AvgLoss is positive loss magnitude; expectancy is net USDT/trade. '
159 | |               'MaxDrawdown uses the account5m marked NAV through the last primary closure, including open exposure and estimated ex…
160 | |               'Group drawdown is undefined because these groups do not own separate capitals. '
161 | |               'Undefined ratios are N/A rather than infinity.', '',
    | |______________________________________________________________^
162 |                 '## Censored endpoint', '',
163 |                 f"Final cash={fmt(summary['final_cash'])} USDT; marked NAV={fmt(summary['final_equity'])} USDT. "
    |
help: Did you forget a comma?
help: Wrap implicitly concatenated strings in parentheses

ISC004 Unparenthesized implicit string concatenation in collection
   --> scripts/report_source_bybit.py:163:15
    |
161 |                 'Undefined ratios are N/A rather than infinity.', '',
162 |                 '## Censored endpoint', '',
163 | /               f"Final cash={fmt(summary['final_cash'])} USDT; marked NAV={fmt(summary['final_equity'])} USDT. "
164 | |               'Closed-trade statistics exclude fees/unrealized PnL of the endpoint OPEN position; '
165 | |               'cash/NAV above include them. The position is retained, not force-closed to increase CLOSED.', '']
    | |___________________________________________________________________________________________________________^
166 |       for t in all_trades:
167 |           if t['status'] == 'OPEN':
    |
help: Did you forget a comma?
help: Wrap implicitly concatenated strings in parentheses

ISC004 Unparenthesized implicit string concatenation in collection
   --> scripts/report_source_bybit.py:168:23
    |
166 |   … all_trades:
167 |   …['status'] == 'OPEN':
168 |   …lines += [f"OPEN: {t['symbol']} {t['direction']} {t['htf']}/{t['ltf']}, entry={t['entry_time']} "
    |  ____________^
169 | | …          f"@{fmt(t['entry'])}, SL={fmt(t['stop'])}, targets={t['targets']}, planned risk={fmt(t['risk_amount'])} USDT.", '']
    | |_________________________________________________________________________________________________________________________^
170 |   …n = dict(summary['primary_breakdown'])
171 |   …ps = {}
    |
help: Did you forget a comma?
help: Wrap implicitly concatenated strings in parentheses

ISC004 Unparenthesized implicit string concatenation in collection
   --> scripts/report_source_bybit.py:175:43
    |
173 |           ltf_groups.setdefault(t['evidence']['ltf_poi']['kind'], []).append(t)
174 |       breakdown['entry_ltf_poi_type'] = {key: stats(rows) for key, rows in ltf_groups.items()}
175 |       lines += ['## Primary breakdown', '', 'POI type denotes the HTF context; entry_ltf_poi_type describes the actual local entry zo…
    |  ___________________________________________^
176 | |               'Zero groups remain visible; manipulation aliases do not become separate trades.', '']
    | |_______________________________________________________________________________________________^
177 |       for dimension, original_groups in breakdown.items():
178 |           groups = dict(original_groups)
    |
help: Did you forget a comma?
help: Wrap implicitly concatenated strings in parentheses

ISC004 Unparenthesized implicit string concatenation in collection
   --> scripts/report_source_bybit.py:193:15
    |
191 |           lines.append('')
192 |       lines += ['## OLD vs NEW', '',
193 | /               'OLD contains seven unique development closures from six independent mapping accounts, solely a descriptive '
194 | |               'trade-case comparison. NEW contains the first sequential50 closures of one registered account. '
195 | |               'Different detections, coverage edges, costs/exit paths and occupancy make this a software comparison, '
196 | |               'not an isolated causal estimate of strategy improvement. Old capital/NAV is never summed.', '',
    | |_________________________________________________________________________________________________________^
197 |                 '| Metric | OLD research engine | NEW source engine |', '|---|---:|---:|']
198 |       new_values = {'Setups': summary['funnel'].get('setups', 0), 'READY': summary['funnel'].get('READY', 0),
    |
help: Did you forget a comma?
help: Wrap implicitly concatenated strings in parentheses

PLC0206 Extracting value from dictionary without calling `.items()`
   --> scripts/report_source_bybit.py:203:9
    |
201 |                   'PF': summary['primary']['ProfitFactor'], 'Expectancy': summary['primary']['Expectancy'],
202 |                   'Avg R': summary['primary']['AvgR'], 'Max DD': summary['primary']['MaxDrawdown']}
203 |     for key in new_values:
    |         ^^^^^^^^^^^^^^^^^
204 |         lines.append(f'| {key} | {fmt(old_funnel[key] if key in old_funnel else old_metrics[key])} | {fmt(new_values[key])} |')
    |                                                                                                           ---------------
205 |     lines += ['', 'Setups/READY/Entries above cover the complete respective runs; NEW Closed/performance describe '
206 |               'the registered first50 sample. Full NEW performance is retained in summary.json. '
    |
help: Use `for key, value in new_values.items()` instead

ISC004 Unparenthesized implicit string concatenation in collection
   --> scripts/report_source_bybit.py:205:19
    |
203 |       for key in new_values:
204 |           lines.append(f'| {key} | {fmt(old_funnel[key] if key in old_funnel else old_metrics[key])} | {fmt(new_values[key])} |')
205 |       lines += ['', 'Setups/READY/Entries above cover the complete respective runs; NEW Closed/performance describe '
    |  ___________________^
206 | |               'the registered first50 sample. Full NEW performance is retained in summary.json. '
207 | |               'OLD5 losses do not enter the new ledger merely by changing exits: the same quotes lack an emitted '
208 | |               'matching source entry chain or are rejected/waiting as listed above.', '',
    | |____________________________________________________________________________________^
209 |                 '## Independent OLD mapping drawdowns', '',
210 |                 '| Mapping | CLOSED | Max NAV drawdown |', '|---|---:|---:|']
    |
help: Did you forget a comma?
help: Wrap implicitly concatenated strings in parentheses

ISC004 Unparenthesized implicit string concatenation in collection
   --> scripts/report_source_bybit.py:216:15
    |
214 |       lines += ['', 'Each OLD row owns its original1170 USDT account; these drawdowns are not summed.', '',
215 |                 '## QA and reproducibility', '',
216 | /               f'Run: `python scripts/run_source_bybit.py --output {prefix}`. '
217 | |               'Verify/reuse: add `--resume-existing`; it checks code/policy/input hashes, all10 segment manifests '
218 | |               'and all completed output hashes, then returns VERIFIED_COMPLETE_NO_MUTATION. Corruption or changes fail closed.', '',
    | |_______________________________________________________________________________________________________________________________^
219 |                 'Compileall, targeted tests, full suite, Ruff E9/F, mypy and safety/evidence audit receipts '
220 |                 'are saved under `data/reports/source_bybit_qa_final_2026_10_09`. '
    |
help: Did you forget a comma?
help: Wrap implicitly concatenated strings in parentheses

ISC004 Unparenthesized implicit string concatenation in collection
   --> scripts/report_source_bybit.py:219:15
    |
217 |                 'Verify/reuse: add `--resume-existing`; it checks code/policy/input hashes, all10 segment manifests '
218 |                 'and all completed output hashes, then returns VERIFIED_COMPLETE_NO_MUTATION. Corruption or changes fail closed.', '',
219 | /               'Compileall, targeted tests, full suite, Ruff E9/F, mypy and safety/evidence audit receipts '
220 | |               'are saved under `data/reports/source_bybit_qa_final_2026_10_09`. '
221 | |               'Frozen strategy code/config and old historical artifacts were preserved; costly frozen studies were not rerun.', '',
    | |______________________________________________________________________________________________________________________________^
222 |                 'This available chronological sample is descriptive development validation. It does not establish robust edge, '
223 |                 'prospective performance or LIVE readiness. No parameter or exit variant is selected from this table.', '']
    |
help: Did you forget a comma?
help: Wrap implicitly concatenated strings in parentheses

ISC004 Unparenthesized implicit string concatenation in collection
   --> scripts/report_source_bybit.py:222:15
    |
220 |                 'are saved under `data/reports/source_bybit_qa_final_2026_10_09`. '
221 |                 'Frozen strategy code/config and old historical artifacts were preserved; costly frozen studies were not rerun.', '',
222 | /               'This available chronological sample is descriptive development validation. It does not establish robust edge, '
223 | |               'prospective performance or LIVE readiness. No parameter or exit variant is selected from this table.', '']
    | |____________________________________________________________________________________________________________________^
224 |       destination.write_text('\n'.join(lines))
225 |       return summary['primary']
    |
help: Did you forget a comma?
help: Wrap implicitly concatenated strings in parentheses

I001 [*] Import block is un-sorted or un-formatted
  --> scripts/report_source_cases_bybit.py:2:1
   |
 1 |   """Report corrected independent cases, intermediate defects and separate portfolio."""
 2 | / from __future__ import annotations
 3 | | import argparse
 4 | | from collections import Counter
 5 | | import json
 6 | | from pathlib import Path
 7 | | import statistics
 8 | | import sys
   | |__________^
 9 |
10 |   sys.path.insert(0, str(Path(__file__).resolve().parent))
   |
help: Organize imports
   |
2  | from __future__ import annotations
3  +
4  | import argparse
   - from collections import Counter
5  | import json
   - from pathlib import Path
6  | import statistics
7  | import sys
8  + from collections import Counter
9  + from pathlib import Path
10 |
   |

ISC004 Unparenthesized implicit string concatenation in collection
  --> scripts/report_source_cases_bybit.py:56:14
   |
54 |   …     + (f"**MAX CLOSED = {case['CLOSED']} under the registered corrected machine policy**; target50 was not reached." if n < 50 els…
55 |   …     '**BACKTEST/SHADOW only; trade_entry_allowed=false; LIVE/private API/orders prohibited.**', '',
56 | / …     'The five newly uploaded files are Windows shortcuts, byte-identical to the old archive links, not PDF contents. '
57 | | …     'Eight available DOCX originals and their diagrams were read previously; available Range, D/S, Smart Money Trader2 '
58 | | …     'and Liquidity texts were checked for this correction. Missing SW5/9/11/12/22 contents cannot be newly read or '
59 | | …     'promoted from SECONDARY_SOURCE to SOURCE_RULE. This result validates a declared machine interpretation of '
60 | | …     'available originals and explicit user requirements, not the complete discretionary methodology. '
61 | | …     '[Attachment receipt](data/source_materials/correction_2026_10_09/attachment_receipt.json).', '',
   | |__________________________________________________________________________________________________^
62 |   …     'Pre-outcome registration: `363fa01`; corrected implementation/tests and deterministic choices: `2b09acb`, '
63 |   …     'both published before any corrected outcomes. Final NEW-POI proof guard/parallel runner commit `742fda0` '
   |
help: Did you forget a comma?
help: Wrap implicitly concatenated strings in parentheses

ISC004 Unparenthesized implicit string concatenation in collection
  --> scripts/report_source_cases_bybit.py:62:14
   |
60 |   …     'available originals and explicit user requirements, not the complete discretionary methodology. '
61 |   …     '[Attachment receipt](data/source_materials/correction_2026_10_09/attachment_receipt.json).', '',
62 | / …     'Pre-outcome registration: `363fa01`; corrected implementation/tests and deterministic choices: `2b09acb`, '
63 | | …     'both published before any corrected outcomes. Final NEW-POI proof guard/parallel runner commit `742fda0` '
64 | | …     'also precedes outcomes; the interrupted no-outcome pass and exact code snapshot are retained under '
65 | | …     '`data/reports/source_cases_bybit_2026_10_09_pre_qa`. [Correction protocol](SOURCE_CORRECTION_PROTOCOL.md) and '
66 | | …     '[source registry](SOURCE_RECONSTRUCTION_2026_10_09.md) distinguish evidence and interpretations. '
67 | | …     'No outcome-based threshold, symbol, period, entry, stop or exit selection occurred. Frozen studies were not rerun.', '',
   | |__________________________________________________________________________________________________________________________^
68 |   …     '## Corrected behavior and sample semantics', '',
69 |   …     'STRICT_CONSERVATIVE mappings:15/5,60/5,60/15,240/5,240/15. 240/60 belongs only to ANY_TF research. '
   |
help: Did you forget a comma?
help: Wrap implicitly concatenated strings in parentheses

ISC004 Unparenthesized implicit string concatenation in collection
  --> scripts/report_source_cases_bybit.py:69:14
   |
67 |   …     'No outcome-based threshold, symbol, period, entry, stop or exit selection occurred. Frozen studies were not rerun.', '',
68 |   …     '## Corrected behavior and sample semantics', '',
69 | / …     'STRICT_CONSERVATIVE mappings:15/5,60/5,60/15,240/5,240/15. 240/60 belongs only to ANY_TF research. '
70 | | …     'Each unique physical opportunity is deduplicated before outcomes; first available READY wins, deterministic ties '
71 | | …     'prefer higherHTF/lowerLTF/fixed symbol priority. Alias/mapping duplicates do not manufacture sample size. '
72 | | …     'Each retained READY receives an independent case with reference1170USDT and planned risk23.4USDT(2%), including '
73 | | …     'base entry/SL friction. It is independent of other symbols, account occupancy, compounding and3x portfolio budget. '
74 | | …     'Case PnLs are descriptive sums of independent exposures, never shared-capital NAV or portfolio drawdown.', '',
   | |________________________________________________________________________________________________________________^
75 |   …     'Primary consists of first50 CLOSED cases by actual filled entry interval start, with READY/tie order. '
76 |   …     'OPEN cases are excluded from CLOSED metrics and explicitly right-censored, not forced closed. '
   |
help: Did you forget a comma?
help: Wrap implicitly concatenated strings in parentheses

ISC004 Unparenthesized implicit string concatenation in collection
  --> scripts/report_source_cases_bybit.py:75:14
   |
73 |                'base entry/SL friction. It is independent of other symbols, account occupancy, compounding and3x portfolio budget. '
74 |                'Case PnLs are descriptive sums of independent exposures, never shared-capital NAV or portfolio drawdown.', '',
75 | /              'Primary consists of first50 CLOSED cases by actual filled entry interval start, with READY/tie order. '
76 | |              'OPEN cases are excluded from CLOSED metrics and explicitly right-censored, not forced closed. '
77 | |              'All later cases/closures remain in the full artifacts. This complete40-series dataset (993575 candles,10symbols, '
78 | |              'native5/15/60/240m) was checked against saved SHA/count/identity/order/alignment/OHLC requirements. '
79 | |              'All January–September2026 history is already-inspected DEVELOPMENT, never OOS.', '',
   | |_____________________________________________________________________________________________^
80 |                'Range now requires a fresh causal external typed POI actually interacted with on deviation, a separate native '
81 |                'close accepting inside the Range, and a later boundary retest. SFP alone cannot create RANGE_POI. '
   |
help: Did you forget a comma?
help: Wrap implicitly concatenated strings in parentheses

ISC004 Unparenthesized implicit string concatenation in collection
  --> scripts/report_source_cases_bybit.py:80:14
   |
78 |                'native5/15/60/240m) was checked against saved SHA/count/identity/order/alignment/OHLC requirements. '
79 |                'All January–September2026 history is already-inspected DEVELOPMENT, never OOS.', '',
80 | /              'Range now requires a fresh causal external typed POI actually interacted with on deviation, a separate native '
81 | |              'close accepting inside the Range, and a later boundary retest. SFP alone cannot create RANGE_POI. '
82 | |              'D/S is a separate last opposite move detector, permits multiple candles and no FVG, requires forming-move old '
83 | |              'liquidity raid/full absorption/structure/freshness/P-D. Failed OB no longer becomes D/S. '
84 | |              'Order Flow stores HH/HL or LL/LH sequence, reclaimed structural liquidity/key test, subsequent body break, '
85 | |              'separate CONF and fresh global HTF destination. Global destination test, including smaller native candle '
86 | |              'observation, invalidates it; trend alone cannot authorize READY.', '',
   | |_______________________________________________________________________________^
87 |                'Local quote/SL choices were fixed by type: OB proximal boundary/full wick extreme; Breaker proximal boundary/'
88 |                'conservative breaking-sweep extreme; STB/BTS midpoint/full manipulation wick; D/S midpoint/full last move wick; '
   |
help: Did you forget a comma?
help: Wrap implicitly concatenated strings in parentheses

ISC004 Unparenthesized implicit string concatenation in collection
  --> scripts/report_source_cases_bybit.py:87:14
   |
85 |                'separate CONF and fresh global HTF destination. Global destination test, including smaller native candle '
86 |                'observation, invalidates it; trend alone cannot authorize READY.', '',
87 | /              'Local quote/SL choices were fixed by type: OB proximal boundary/full wick extreme; Breaker proximal boundary/'
88 | |              'conservative breaking-sweep extreme; STB/BTS midpoint/full manipulation wick; D/S midpoint/full last move wick; '
89 | |              'FVG midpoint/reaction raid within an independently proven context. All entries require reaction raid→body BOS→'
90 | |              'new structure→distinct CONF→fresh local POI. Liquidity role evidence spans the whole active structural leg '
91 | |              'and adverse equal pools, including pools beyond SL. Cause/destination/against/unrelated roles are recorded.', '',
   | |__________________________________________________________________________________________________________________________^
92 |                'Non-Range full FTA is a declared interpretation; Range80% inside opposite boundary plus optional20% to a '
93 |                'pre-entry external FTA, otherwise remainder inside. Original technical SL throughout, no automatic BE. '
   |
help: Did you forget a comma?
help: Wrap implicitly concatenated strings in parentheses

ISC004 Unparenthesized implicit string concatenation in collection
   --> scripts/report_source_cases_bybit.py:92:14
    |
 90 |                'new structure→distinct CONF→fresh local POI. Liquidity role evidence spans the whole active structural leg '
 91 |                'and adverse equal pools, including pools beyond SL. Cause/destination/against/unrelated roles are recorded.', '',
 92 | /              'Non-Range full FTA is a declared interpretation; Range80% inside opposite boundary plus optional20% to a '
 93 | |              'pre-entry external FTA, otherwise remainder inside. Original technical SL throughout, no automatic BE. '
 94 | |              'This additive policy does not change frozen canonical40/30/30 or cost-adjusted BE afterTP1. '
 95 | |              'Fee.06% and slippage.02% per side are project assumptions. Funding/spread/ticks are unavailable. '
 96 | |              'Stop-first OHLC ambiguity, entry-bar favorable target CLOSE proof and adverse gap fills remain conservative. '
 97 | |              'Intrabar fill times are5m intervals known at close. MAE shown is a post-entry-bar OHLC upper bound; entry-bar '
 98 | |              'extrema may precede unknown fill and are excluded. Entry-bar closures therefore have N/A true MAE.', '',
    | |_________________________________________________________________________________________________________________^
 99 |                '## OLD7 / flawed fc61f3513 / corrected cases', '',
100 |                'OLD7 spans six independent mapping accounts; fc61f35 used one sequential account with flawed source rules. '
    |
help: Did you forget a comma?
help: Wrap implicitly concatenated strings in parentheses

ISC004 Unparenthesized implicit string concatenation in collection
   --> scripts/report_source_cases_bybit.py:100:14
    |
 98 |                'extrema may precede unknown fill and are excluded. Entry-bar closures therefore have N/A true MAE.', '',
 99 |                '## OLD7 / flawed fc61f3513 / corrected cases', '',
100 | /              'OLD7 spans six independent mapping accounts; fc61f35 used one sequential account with flawed source rules. '
101 | |              'Neither is a matched causal performance comparison. The previous13-trade report remains '
102 | |              '[verbatim](data/reports/source_bybit_fc61f35_intermediate/report.md), with its original artifacts.', '',
    | |_________________________________________________________________________________________________________________^
103 |                '| Metric | OLD7 descriptive | fc61f35 intermediate13 | Corrected primary cases |', '|---|---:|---:|---:|']
104 |       keys = ('CLOSED', 'Wins', 'Losses', 'WinRate', 'ProfitFactor', 'Expectancy', 'AvgR', 'MedianR', 'NetPnL', 'Fees', 'Slippage', '…
    |
help: Did you forget a comma?
help: Wrap implicitly concatenated strings in parentheses

ISC004 Unparenthesized implicit string concatenation in collection
   --> scripts/report_source_cases_bybit.py:108:15
    |
106 |           lines.append('| ' + k + ' | ' + ' | '.join(fmt(m.get(k)) for m in (old_stats, intermediate['primary'], case['primary'])) + …
107 |       lines += ['', 'N/A case drawdown reflects independent cases, not absent losses. Portfolio NAV drawdown appears separately.', '',
108 | /               'When CLOSED=0, zero net PnL reflects no trades; WR/PF/expectancy/R are undefined and cannot be compared '
109 | |               'as an improvement over either old sample.', '',
    | |_________________________________________________________^
110 |                 '### OLD7 preserved research ledger', '',
111 |                 '| Symbol | Direction | Mapping | Entry interval | Exit | NetPnL | R |', '|---|---|---|---|---|---:|---:|']
    |
help: Did you forget a comma?
help: Wrap implicitly concatenated strings in parentheses

ISC004 Unparenthesized implicit string concatenation in collection
   --> scripts/report_source_cases_bybit.py:122:19
    |
120 |           lines.append(f"| {t['symbol']} | {t['direction']} | {t['htf']}/{t['ltf']} | {t['poi_type']}/{t['evidence']['ltf_poi']['kind…
121 |       counts = Counter(a['classification'] for a in audits)
122 |       lines += ['', f'Audit counts: `{dict(counts)}`. '
    |  ___________________^
123 | |               f"Exact old entries remaining eligible under corrected machine policy: {sum(a['remaining_in_corrected_sample'] for a …
124 | |               'This does not declare the discretionary opportunities unprofitable or impossible; it tests the old executable '
125 | |               'entry/stop/scope/evidence contract. Every per-symbol intermediate_audit.json retains complete old ledger rows '
126 | |               'and independent current-prefix snapshots at old READY and entry start. Missing originals remain uncertain.', '',
    | |__________________________________________________________________________________________________________________________^
127 |                 '### Five former RANGE losses: causal external POI', '',
128 |                 '| Signal | Mapping | External POI existed and interacted before old deviation? | Verdict |', '|---|---|---|---|']
    |
help: Did you forget a comma?
help: Wrap implicitly concatenated strings in parentheses

ISC004 Unparenthesized implicit string concatenation in collection
   --> scripts/report_source_cases_bybit.py:134:19
    |
132 |           external = a['snapshots']['ready_time']['range_external_poi_candidates']
133 |           lines.append(f"| {t['signal_id']} | {t['htf']}/{t['ltf']} | {'; '.join(z['zone_id'] for z in external) if external else 'NO…
134 |       lines += ['', 'These are failures of the declared executable contract. Alternative source-allowed entry/SL choices '
    |  ___________________^
135 | |               'differing from the new fixed choices are not by themselves evidence that the discretionary trade was invalid. '
136 | |               'Unmodelled qualitative POIs and missing original chapters prevent a literal source verdict. The external POI '
137 | |               'audit uses reconstructed qualified typed OB/Breaker/D-S/STB-BTS zones; standalone FVG is not admitted as '
138 | |               'external Range permission in this conservative interpretation.', '']
    | |______________________________________________________________________________^
139 |       lines += ['', '## Primary case ledger', '',
140 |                 '| # | Symbol | L/S | Mapping | Setup | HTF/local POI | READY | Fill interval start | Entry | SL | Targets | Exit | R…
    |
help: Did you forget a comma?
help: Wrap implicitly concatenated strings in parentheses

ISC004 Unparenthesized implicit string concatenation in collection
   --> scripts/report_source_cases_bybit.py:160:23
    |
158 |                         r['cancel']['known_at'], r['cancel']['reason'], len(r['prior_actual_5m_intervals']), 'NO']
159 |               lines.append('| ' + ' | '.join(fmt(v) for v in fields) + ' |')
160 |           lines += ['', 'All actual5m OHLC bars while each limit existed are retained in '
    |  _______________________^
161 | |                   '[pending_order_audit.json](data/reports/source_case_qa_2026_10_09/pending_order_audit.json). '
162 | |                   'None touched its entry quote before cancellation; account occupancy/budget did not reject any case. '
163 | |                   'This proves the observed maximum under the fixed model and coverage, not an exhaustive discretionary maximum.', '']
    | |_________________________________________________________________________________________________________________________________^
164 |       lines += ['', '## Primary breakdown (including zero groups)', '']
165 |       for dim, raw in case['primary_breakdown'].items():
    |
help: Did you forget a comma?
help: Wrap implicitly concatenated strings in parentheses

ISC004 Unparenthesized implicit string concatenation in collection
   --> scripts/report_source_cases_bybit.py:186:15
    |
184 |   …     'Full strict CLOSED metrics, beyond the primary first50:', '', '```json', json.dumps(case['all_closed'], indent=2), '```', '',
185 |   …     '## Separate PORTFOLIO_SIMULATION', '',
186 | / …     'Same deduplicated strict signals, one pending/open account, current-equity2% risk and3x virtual notional cap. '
187 | | …     'This is a capital/occupancy experiment, excluded from primary strategy-quality cases. '
188 | | …     'Its raw detector funnel covers all6 detection mappings, including ANY_TF; entries/CLOSED/censoring and '
189 | | …     'portfolio PnL/NAV use strict signals only. The strict setup-stage funnel above separates that scope.', '',
    | |____________________________________________________________________________________________________________^
190 |   …     '```json', json.dumps({k: portfolio[k] for k in ('funnel', 'primary', 'admission_decisions', 'final_cash', 'final_equity')}, …
191 |   …     '## Separate ANY_TF 240/60 research', '',
    |
help: Did you forget a comma?
help: Wrap implicitly concatenated strings in parentheses

ISC004 Unparenthesized implicit string concatenation in collection
   --> scripts/report_source_cases_bybit.py:195:15
    |
193 |   …     '```json', json.dumps({k: any_tf[k] for k in ('READY', 'unique_opportunities', 'FILLED', 'CLOSED', 'OPEN_CENSORED', 'all_clos…
194 |   …     '## QA and reproduction', '',
195 | / …     f'Run: `python scripts/run_source_cases_bybit.py --output {prefix}`. Existing segments/results require '
196 | | …     '`--resume-existing`: exact implementation/policy/input/artifact set and hashes or fail closed. '
197 | | …     'Completed verification returns VERIFIED_COMPLETE_NO_MUTATION.', '',
    | |_____________________________________________________________________^
198 |   …     'QA receipts/logs: `data/reports/source_case_qa_2026_10_09`. Compileall, targeted/full suite, RuffE9/F, mypy, '
199 |   …     'real native prefix and future mutation, source evidence timestamps, scope/dedup/risk/cost ledger and safety checks '
    |
help: Did you forget a comma?
help: Wrap implicitly concatenated strings in parentheses

ISC004 Unparenthesized implicit string concatenation in collection
   --> scripts/report_source_cases_bybit.py:198:15
    |
196 |                 '`--resume-existing`: exact implementation/policy/input/artifact set and hashes or fail closed. '
197 |                 'Completed verification returns VERIFIED_COMPLETE_NO_MUTATION.', '',
198 | /               'QA receipts/logs: `data/reports/source_case_qa_2026_10_09`. Compileall, targeted/full suite, RuffE9/F, mypy, '
199 | |               'real native prefix and future mutation, source evidence timestamps, scope/dedup/risk/cost ledger and safety checks '
200 | |               'are recorded there. Existing source scripts/tests/canonical strategy and prior historical artifacts are retained. '
201 | |               'No frozen research rerun. Original PDF reading/source certification remains blocked by actual shortcut uploads.', '',
    | |_______________________________________________________________________________________________________________________________^
202 |                 'Additional real BTC nonempty READY prefix at2026-09-14T13:50UTC:96,088 native candles, '
203 |                 '2exact READY signals,1exact cancellation,1,131exact global-flow generations and159exact Range audits. '
    |
help: Did you forget a comma?
help: Wrap implicitly concatenated strings in parentheses

ISC004 Unparenthesized implicit string concatenation in collection
   --> scripts/report_source_cases_bybit.py:202:15
    |
200 |   …     'are recorded there. Existing source scripts/tests/canonical strategy and prior historical artifacts are retained. '
201 |   …     'No frozen research rerun. Original PDF reading/source certification remains blocked by actual shortcut uploads.', '',
202 | / …     'Additional real BTC nonempty READY prefix at2026-09-14T13:50UTC:96,088 native candles, '
203 | | …     '2exact READY signals,1exact cancellation,1,131exact global-flow generations and159exact Range audits. '
204 | | …     'Changing the next8native candles in each of4TFs leaves all earlier source state/decisions unchanged. '
205 | | …     'The cutoff is the latest emitted BTC READY timestamp, selected from source metadata rather than PnL. '
206 | | …     'The registered March1 prefix also passes (14,293candles/172flows/20Range audits). '
207 | | …     'These validate the implemented causal machine policy, not completeness of missing source methodology.', '',
    | |_____________________________________________________________________________________________________________^
208 |   …     'No robust-edge or LIVE-readiness conclusion follows from this already-inspected development sample. '
209 |   …     'Numerical Range impulse/midpoint, exact-only equal pools and missing Advanced/Pro text limit source completeness.', '']
    |
help: Did you forget a comma?
help: Wrap implicitly concatenated strings in parentheses

ISC004 Unparenthesized implicit string concatenation in collection
   --> scripts/report_source_cases_bybit.py:208:15
    |
206 |   …       'The registered March1 prefix also passes (14,293candles/172flows/20Range audits). '
207 |   …       'These validate the implemented causal machine policy, not completeness of missing source methodology.', '',
208 | / …       'No robust-edge or LIVE-readiness conclusion follows from this already-inspected development sample. '
209 | | …       'Numerical Range impulse/midpoint, exact-only equal pools and missing Advanced/Pro text limit source completeness.', '']
    | |___________________________________________________________________________________________________________________________^
210 |   …tination.write_text('\n'.join(lines))
211 |   …te_json(folder / 'comparison.json', {'old7_descriptive': old_stats, 'fc61f35_intermediate13': intermediate['primary'],
    |
help: Did you forget a comma?
help: Wrap implicitly concatenated strings in parentheses

I001 [*] Import block is un-sorted or un-formatted
  --> scripts/report_source_pdf_bybit.py:2:1
   |
 1 |   """Render complete primary-PDF case results, comparisons and source audit."""
 2 | / from __future__ import annotations
 3 | |
 4 | | import argparse
 5 | | from collections import Counter
 6 | | import json
 7 | | from pathlib import Path
 8 | | import sys
   | |__________^
 9 |
10 |   sys.path.insert(0, str(Path(__file__).resolve().parent))
   |
help: Organize imports
  |
4 | import argparse
5 + import json
6 + import sys
7 | from collections import Counter
  - import json
8 | from pathlib import Path
  - import sys
9 |
  |

ISC004 Unparenthesized implicit string concatenation in collection
  --> scripts/report_source_pdf_bybit.py:44:14
   |
42 |       prefix = 'data/reports/source_pdf_bybit_2026_10_09'
43 |       lines = ['# Bybit SOURCE_TRADE_CASE_VALIDATION — первичные PDF', '',
44 | /              f"Полный replay завершён: **{case['READY']} READY → {case['FILLED']} FILLED → {case['CLOSED']} CLOSED**. "
45 | |              f"Уникальных opportunities: {case['unique_opportunities']}; дубликатов: {case['duplicates']}. "
46 | |              f"Основная выборка: {len(primary)} первых уникальных закрытых сделок по хронологии entry.", '',
   | |_______________________________________________________________________________________________________^
47 |                'Прочитаны все 54 страницы SW5 (9), SW9 (16), SW11 (8), SW12 (15), SW22 (6): весь текст и все схемы. '
48 |                '[Оригиналы, полный текст и SHA256](data/source_materials/primary_pdf_2026_10_09/manifest.json); '
   |
help: Did you forget a comma?
help: Wrap implicitly concatenated strings in parentheses

ISC004 Unparenthesized implicit string concatenation in collection
  --> scripts/report_source_pdf_bybit.py:47:14
   |
45 |                f"Уникальных opportunities: {case['unique_opportunities']}; дубликатов: {case['duplicates']}. "
46 |                f"Основная выборка: {len(primary)} первых уникальных закрытых сделок по хронологии entry.", '',
47 | /              'Прочитаны все 54 страницы SW5 (9), SW9 (16), SW11 (8), SW12 (15), SW22 (6): весь текст и все схемы. '
48 | |              '[Оригиналы, полный текст и SHA256](data/source_materials/primary_pdf_2026_10_09/manifest.json); '
49 | |              '[постраничная source reconstruction и зарегистрированные решения](SOURCE_PDF_PROTOCOL.md). '
50 | |              'Первичные SOURCE_RULE отделены от численной машинной интерпретации и выбранных допустимых вариантов. '
51 | |              'Source protocol опубликован в `18eb8bb`, реализация и 499 tests — в `63ab3ae`, до новых outcomes.', '',
   | |________________________________________________________________________________________________________________^
52 |                'Все 40 сохранённых native Bybit серий / 993575 свечей проверены по SHA, count, identity и alignment; '
53 |                '10 символов, 5m/15m/60m/240m. Это ранее просмотренная история 2026 DEVELOPMENT, не OOS. '
   |
help: Did you forget a comma?
help: Wrap implicitly concatenated strings in parentheses

ISC004 Unparenthesized implicit string concatenation in collection
  --> scripts/report_source_pdf_bybit.py:52:14
   |
50 |                'Первичные SOURCE_RULE отделены от численной машинной интерпретации и выбранных допустимых вариантов. '
51 |                'Source protocol опубликован в `18eb8bb`, реализация и 499 tests — в `63ab3ae`, до новых outcomes.', '',
52 | /              'Все 40 сохранённых native Bybit серий / 993575 свечей проверены по SHA, count, identity и alignment; '
53 | |              '10 символов, 5m/15m/60m/240m. Это ранее просмотренная история 2026 DEVELOPMENT, не OOS. '
54 | |              'Нет интерполяции, синтетических свечей, LIVE/private API. `trade_entry_allowed=false`.', '',
   | |_____________________________________________________________________________________________________^
55 |                'Основные mappings: 15/5,60/5,60/15,240/5,240/15. Каждый уникальный READY получает отдельный '
56 |                'reference account 1170 USDT, риск 23.4 USDT (2%) с учётом базовых затрат. Общая занятость и '
   |
help: Did you forget a comma?
help: Wrap implicitly concatenated strings in parentheses

ISC004 Unparenthesized implicit string concatenation in collection
  --> scripts/report_source_pdf_bybit.py:55:14
   |
53 |                '10 символов, 5m/15m/60m/240m. Это ранее просмотренная история 2026 DEVELOPMENT, не OOS. '
54 |                'Нет интерполяции, синтетических свечей, LIVE/private API. `trade_entry_allowed=false`.', '',
55 | /              'Основные mappings: 15/5,60/5,60/15,240/5,240/15. Каждый уникальный READY получает отдельный '
56 | |              'reference account 1170 USDT, риск 23.4 USDT (2%) с учётом базовых затрат. Общая занятость и '
57 | |              'portfolio budget не подавляют trade cases. Dedup выполняется до fills/outcomes: первый READY, '
58 | |              'затем higher HTF/lower LTF/fixed symbol priority/ID. Разные визиты OB различаются. '
59 | |              'Все CLOSED сверх первых 50 и все OPEN сохранены; endpoint не закрывает сделку принудительно.', '',
   | |___________________________________________________________________________________________________________^
60 |                '## Новый funnel', '', '| Этап — строго пять mappings | Количество |', '|---|---:|']
61 |       for name in ('setups','qualified_structure','liquidity_passed','poi_passed','order_flow_passed','pd_passed','READY'):
   |
help: Did you forget a comma?
help: Wrap implicitly concatenated strings in parentheses

ISC004 Unparenthesized implicit string concatenation in collection
  --> scripts/report_source_pdf_bybit.py:65:19
   |
63 |       for name in ('unique_opportunities','duplicates','FILLED','CLOSED','OPEN_CENSORED','PENDING_CENSORED'):
64 |           lines.append(f'| {name} | {case[name]} |')
65 |       lines += ['', 'Source_contexts считаются на TF до разветвления по mappings и могут включать 240/60; '
   |  ___________________^
66 | |               'таблица выше вычислена непосредственно по строгим setup artifacts. Стадии являются accumulated '
67 | |               'ever-passed counters; отменённые setups остаются в funnel.', '',
   | |__________________________________________________________________________^
68 |                 '## WIN/LOSS и результаты', '',
69 |                 '| Метрика | fc61f35: старый последовательный portfolio | 74a6f8d: cases без PDF | Новый primary PDF cases |',
   |
help: Did you forget a comma?
help: Wrap implicitly concatenated strings in parentheses

ISC004 Unparenthesized implicit string concatenation in collection
  --> scripts/report_source_pdf_bybit.py:75:19
   |
73 |           if key=='WinRate': values=[v*100 if v is not None else None for v in values]
74 |           lines.append('| '+key+(' (%)' if key=='WinRate' else '')+' | '+' | '.join(fmt(v) for v in values)+' |')
75 |       lines += ['', 'PF = сумма положительных net PnL / абсолютная сумма отрицательных net PnL. '
   |  ___________________^
76 | |               'Expectancy = средний net PnL на CLOSED, Avg R = средний net PnL / первоначальный planned risk. '
77 | |               'WIN/LOSS определяется net PnL после затрат. N/A означает неопределённую метрику. '
78 | |               'Сумма независимых case PnL не является NAV общего торгового счёта; portfolio DD к ней не применяется. '
79 | |               'fc61f35 и новый результат имеют разные admission/entry/exit contracts, поэтому разницу нельзя '
80 | |               'приписывать только качеству стратегии. 0 CLOSED в 74a6f8d не было окончательной оценкой метода.', '',
   | |_______________________________________________________________________________________________________________^
81 |                 '## Все FILLED trade cases', '',
82 |                 '| # | ID | Symbol | L/S | HTF/LTF | HTF/local POI | READY | Fill interval start | Entry | SL | Targets/fractions | Ex…
   |
help: Did you forget a comma?
help: Wrap implicitly concatenated strings in parentheses

ISC004 Unparenthesized implicit string concatenation in collection
  --> scripts/report_source_pdf_bybit.py:91:19
   |
89 |           lines.append('| '+' | '.join(fmt(v) for v in fields)+' |')
90 |       if not trades: lines += ['', 'FILLED trade cases отсутствуют; WIN/LOSS выборки нет.']
91 |       lines += ['', f'[Полные сделки со всеми fills и source snapshots]({prefix}/cases.jsonl.gz); '
   |  ___________________^
92 | |               f'[первые 50 или фактическое меньшее число]({prefix}/primary_cases.jsonl.gz); '
93 | |               f'[все решения/отмены]({prefix}/case_decisions.jsonl.gz).', '',
   | |________________________________________________________________________^
94 |                 'Комиссия 0.06% и slippage 0.02% на каждую сторону — фиксированные project assumptions. '
95 |                 'Funding, spread, tick sizes и market impact недоступны и не моделируются. Время fill — '
   |
help: Did you forget a comma?
help: Wrap implicitly concatenated strings in parentheses

ISC004 Unparenthesized implicit string concatenation in collection
   --> scripts/report_source_pdf_bybit.py:94:15
    |
 92 |                 f'[первые 50 или фактическое меньшее число]({prefix}/primary_cases.jsonl.gz); '
 93 |                 f'[все решения/отмены]({prefix}/case_decisions.jsonl.gz).', '',
 94 | /               'Комиссия 0.06% и slippage 0.02% на каждую сторону — фиксированные project assumptions. '
 95 | |               'Funding, spread, tick sizes и market impact недоступны и не моделируются. Время fill — '
 96 | |               'интервал реальной 5m свечи, известный на CLOSE. Stop-first при неоднозначном OHLC, '
 97 | |               'favorable entry-bar TP требует CLOSE proof; adverse gap исполняется по OPEN. '
 98 | |               'Истинный intrabar MAE неизвестен: сохранён только OHLC upper bound после entry bar; '
 99 | |               'для закрытия в entry bar MAE — N/A.', '',
    | |___________________________________________________^
100 |                 '## Все READY и исполнение лимитов', '',
101 |                 '| ID | Symbol | Mapping | Visit | HTF/local POI | READY | Quote | SL | Targets | Execution decisions |',
    |
help: Did you forget a comma?
help: Wrap implicitly concatenated strings in parentheses

ISC004 Unparenthesized implicit string concatenation in collection
   --> scripts/report_source_pdf_bybit.py:110:15
    |
108 |           lines.append('| '+' | '.join(fmt(v) for v in fields)+' |')
109 |       lines += ['', '## Что изменилось относительно fc61f35 и 74a6f8d', '',
110 | /               '- STB/BTS: полный key-to-sweep диапазон и его полное поглощение по SW22 p2–4; quote .5 '
111 | |               'и SL вне всей манипуляции заменяют single sweep candle proxy.',
    | |_____________________________________________________________________________^
112 |                 '- OB: реальное снятие ликвидности исходной свечой и немедленное поглощение по SW9 p2; '
113 |                 'IMB — confluence, численное body dominance не выдается за PDF. LTF OB должен пересекать HTF POI.',
    |
help: Did you forget a comma?
help: Wrap implicitly concatenated strings in parentheses

ISC004 Unparenthesized implicit string concatenation in collection
   --> scripts/report_source_pdf_bybit.py:112:15
    |
110 |                 '- STB/BTS: полный key-to-sweep диапазон и его полное поглощение по SW22 p2–4; quote .5 '
111 |                 'и SL вне всей манипуляции заменяют single sweep candle proxy.',
112 | /               '- OB: реальное снятие ликвидности исходной свечой и немедленное поглощение по SW9 p2; '
113 | |               'IMB — confluence, численное body dominance не выдается за PDF. LTF OB должен пересекать HTF POI.',
    | |________________________________________________________________________________________________________________^
114 |                 '- SW9 p3: повторный OB теперь возможен только отдельным визитом с новой LTF цепочкой; '
115 |                 'D/S остаётся свежим первым тестом. Dedup использует фактический визит.',
    |
help: Did you forget a comma?
help: Wrap implicitly concatenated strings in parentheses

ISC004 Unparenthesized implicit string concatenation in collection
   --> scripts/report_source_pdf_bybit.py:114:15
    |
112 |                 '- OB: реальное снятие ликвидности исходной свечой и немедленное поглощение по SW9 p2; '
113 |                 'IMB — confluence, численное body dominance не выдается за PDF. LTF OB должен пересекать HTF POI.',
114 | /               '- SW9 p3: повторный OB теперь возможен только отдельным визитом с новой LTF цепочкой; '
115 | |               'D/S остаётся свежим первым тестом. Dedup использует фактический визит.',
    | |______________________________________________________________________________________^
116 |                 '- Order Flow: ключевые structural pairs вместо последних произвольных внутренних swings; '
117 |                 'подтверждённое continuation может создать flow. Цель заморожена до её теста, без переназначения '
    |
help: Did you forget a comma?
help: Wrap implicitly concatenated strings in parentheses

ISC004 Unparenthesized implicit string concatenation in collection
   --> scripts/report_source_pdf_bybit.py:116:15
    |
114 |                 '- SW9 p3: повторный OB теперь возможен только отдельным визитом с новой LTF цепочкой; '
115 |                 'D/S остаётся свежим первым тестом. Dedup использует фактический визит.',
116 | /               '- Order Flow: ключевые structural pairs вместо последних произвольных внутренних swings; '
117 | |               'подтверждённое continuation может создать flow. Цель заморожена до её теста, без переназначения '
118 | |               'на следующем CONF (SW22 p5–6).',
    | |______________________________________________^
119 |                 '- FTA: первая противоположная HTF POI по SW9 p16; случайный близкий LTF FVG больше не '
120 |                 'определяет обязательный выход. Технический SL находится вне wick boundary.',
    |
help: Did you forget a comma?
help: Wrap implicitly concatenated strings in parentheses

ISC004 Unparenthesized implicit string concatenation in collection
   --> scripts/report_source_pdf_bybit.py:119:15
    |
117 |                 'подтверждённое continuation может создать flow. Цель заморожена до её теста, без переназначения '
118 |                 'на следующем CONF (SW22 p5–6).',
119 | /               '- FTA: первая противоположная HTF POI по SW9 p16; случайный близкий LTF FVG больше не '
120 | |               'определяет обязательный выход. Технический SL находится вне wick boundary.',
    | |__________________________________________________________________________________________^
121 |                 '- Дальние исторические equal pools вне текущего structural leg не считаются универсальным '
122 |                 'блокером; meaningful liquidity внутри leg, в том числе ниже SL, учитывается.',
    |
help: Did you forget a comma?
help: Wrap implicitly concatenated strings in parentheses

ISC004 Unparenthesized implicit string concatenation in collection
   --> scripts/report_source_pdf_bybit.py:121:15
    |
119 |                 '- FTA: первая противоположная HTF POI по SW9 p16; случайный близкий LTF FVG больше не '
120 |                 'определяет обязательный выход. Технический SL находится вне wick boundary.',
121 | /               '- Дальние исторические equal pools вне текущего structural leg не считаются универсальным '
122 | |               'блокером; meaningful liquidity внутри leg, в том числе ниже SL, учитывается.',
    | |____________________________________________________________________________________________^
123 |                 '- SW11 подтверждает planned risk/SL/TP и .25–2%; SW12 не добавляет обязательных RSI/volume/ATR '
124 |                 'сигналов. Численные альтернативы не выбирались по новому PnL.',
    |
help: Did you forget a comma?
help: Wrap implicitly concatenated strings in parentheses

ISC004 Unparenthesized implicit string concatenation in collection
   --> scripts/report_source_pdf_bybit.py:123:15
    |
121 |                 '- Дальние исторические equal pools вне текущего structural leg не считаются универсальным '
122 |                 'блокером; meaningful liquidity внутри leg, в том числе ниже SL, учитывается.',
123 | /               '- SW11 подтверждает planned risk/SL/TP и .25–2%; SW12 не добавляет обязательных RSI/volume/ATR '
124 | |               'сигналов. Численные альтернативы не выбирались по новому PnL.',
    | |_____________________________________________________________________________^
125 |                 '- Из fc61f35 уже ранее исправлены Range external POI/reclaim/retest, независимый D/S без '
126 |                 'failed-OB fallback и полный causal LTF chain; они сохранены. Новый код изолирован от canonical.', '',
    |
help: Did you forget a comma?
help: Wrap implicitly concatenated strings in parentheses

ISC004 Unparenthesized implicit string concatenation in collection
   --> scripts/report_source_pdf_bybit.py:125:15
    |
123 |                 '- SW11 подтверждает planned risk/SL/TP и .25–2%; SW12 не добавляет обязательных RSI/volume/ATR '
124 |                 'сигналов. Численные альтернативы не выбирались по новому PnL.',
125 | /               '- Из fc61f35 уже ранее исправлены Range external POI/reclaim/retest, независимый D/S без '
126 | |               'failed-OB fallback и полный causal LTF chain; они сохранены. Новый код изолирован от canonical.', '',
    | |_______________________________________________________________________________________________________________^
127 |                 '## Старые losses: source audit без отбора по PnL', '',
128 |                 'Проверены все 13 fc61f35 CLOSED, включая WIN, на точных old READY и entry cutoffs. '
    |
help: Did you forget a comma?
help: Wrap implicitly concatenated strings in parentheses

ISC004 Unparenthesized implicit string concatenation in collection
   --> scripts/report_source_pdf_bybit.py:128:15
    |
126 |                 'failed-OB fallback и полный causal LTF chain; они сохранены. Новый код изолирован от canonical.', '',
127 |                 '## Старые losses: source audit без отбора по PnL', '',
128 | /               'Проверены все 13 fc61f35 CLOSED, включая WIN, на точных old READY и entry cutoffs. '
129 | |               'FALSE_POSITIVE_REGISTERED_SOURCE_IMPLEMENTATION означает непрохождение данной зарегистрированной '
130 | |               'source реконструкции; это не доказательство невозможности всех discretionary вариантов. '
131 | |               'Отличающиеся допустимые quote/SL и исключённый 240/60 сами по себе не доказывают source false positive.', '',
    | |_______________________________________________________________________________________________________________________^
132 |                 '| Old ID | Symbol/mapping | Old result/PnL | Audit | Hard reasons | Other contract differences |',
133 |                 '|---|---|---|---|---|---|']
    |
help: Did you forget a comma?
help: Wrap implicitly concatenated strings in parentheses

ISC004 Unparenthesized implicit string concatenation in collection
   --> scripts/report_source_pdf_bybit.py:139:19
    |
137 |                   row['classification'],'; '.join(hard),'; '.join(other)]
138 |           lines.append('| '+' | '.join(fmt(v) for v in fields)+' |')
139 |       lines += ['', 'Наиболее конкретный source defect прежних Range losses: необходимо доказать существовавшую '
    |  ___________________^
140 | |               'до deviation внешнюю typed POI и её фактическое взаимодействие, а SFP-only не разрешает вход '
141 | |               '(сохранённый SW10). Ниже приведены фактические кандидаты новой реконструкции.', '',
    | |_____________________________________________________________________________________________^
142 |                 '| Old Range loss ID | External POI candidates at old cutoff |', '|---|---|']
143 |       range_rows=[a for a in audits if a['old_trade']['poi_type']=='RANGE_POI' and a['old_trade']['net_pnl']<0]
    |
help: Did you forget a comma?
help: Wrap implicitly concatenated strings in parentheses

ISC004 Unparenthesized implicit string concatenation in collection
   --> scripts/report_source_pdf_bybit.py:147:19
    |
145 |           candidates=row['snapshots']['ready_time']['range_external_poi_candidates']
146 |           lines.append(f"| {row['old_trade']['signal_id']} | {', '.join(z['zone_id'] for z in candidates) if candidates else 'NONE'} …
147 |       lines += ['', 'Отсутствие flow/POI в машинной реконструкции ограничено её объявленным способом выбора '
    |  ___________________^
148 | |               'ключей и зон. Нельзя считать каждый старый LOSS автоматически ошибкой. Исходные пять losses '
149 | |               'OLD7 также сохранены и независимо проверены на READY/entry; verdict WAIT не превращается в '
150 | |               'подтверждённый false positive.', '',
    | |______________________________________________^
151 |                 '| Original OLD7 loss | Mapping | PnL | READY verdict/reasons | Entry verdict/reasons |', '|---|---|---:|---|---|']
152 |       for row in original:
    |
help: Did you forget a comma?
help: Wrap implicitly concatenated strings in parentheses

ISC004 Unparenthesized implicit string concatenation in collection
   --> scripts/report_source_pdf_bybit.py:158:15
    |
156 |           lines.append('| '+' | '.join(fmt(v) for v in fields)+' |')
157 |       lines += ['', '## Отдельные diagnostics и незавершённые setups', '',
158 | /               f"ANY_TF 240/60: {any_tf['READY']} READY / {any_tf['FILLED']} FILLED / {any_tf['CLOSED']} CLOSED. "
159 | |               'Не включён в primary.', '',
    | |_____________________________________^
160 |                 f"Однопозиционный portfolio: {portfolio['funnel'].get('entries',0)} entries / "
161 |                 f"{portfolio['funnel'].get('CLOSED',0)} CLOSED, realized net {fmt(portfolio['all_closed']['NetPnL'])}, "
    |
help: Did you forget a comma?
help: Wrap implicitly concatenated strings in parentheses

ISC004 Unparenthesized implicit string concatenation in collection
   --> scripts/report_source_pdf_bybit.py:160:15
    |
158 |                 f"ANY_TF 240/60: {any_tf['READY']} READY / {any_tf['FILLED']} FILLED / {any_tf['CLOSED']} CLOSED. "
159 |                 'Не включён в primary.', '',
160 | /               f"Однопозиционный portfolio: {portfolio['funnel'].get('entries',0)} entries / "
161 | |               f"{portfolio['funnel'].get('CLOSED',0)} CLOSED, realized net {fmt(portfolio['all_closed']['NetPnL'])}, "
162 | |               f"final NAV {fmt(portfolio['final_equity'])}; это отдельный результат с budget/occupancy.", '',
    | |________________________________________________________________________________________________________^
163 |                 '| Последний blocker/setup outcome, strict mappings | Количество |', '|---|---:|']
164 |       for k,v in Counter(r['latest_reason'] for r in strict).most_common():lines.append(f'| {k} | {v} |')
    |
help: Did you forget a comma?
help: Wrap implicitly concatenated strings in parentheses

ISC004 Unparenthesized implicit string concatenation in collection
   --> scripts/report_source_pdf_bybit.py:166:15
    |
164 |       for k,v in Counter(r['latest_reason'] for r in strict).most_common():lines.append(f'| {k} | {v} |')
165 |       lines += ['', '## QA, сохранность и границы вывода', '',
166 | /               'До новых outcomes: 499 tests PASS, compileall PASS, Ruff E9/F PASS, mypy PASS; '
167 | |               '[pre-outcome registration](data/reports/source_pdf_qa_2026_10_09/pre_outcome_registration.json). '
168 | |               'Для итогового причинного/ledger/hash/resume QA см. '
169 | |               '[QA receipt](data/reports/source_pdf_qa_2026_10_09/delivery_receipt.json). '
170 | |               'Прежние scripts/tests/исторические артефакты сохранены; отчёт 74a6f8d '
171 | |               '[сохранён дословно](data/reports/source_cases_74a6f8d_intermediate/report.md). '
172 | |               'Canonical TP40/30/30, текущий SL и cost-adjusted BE после TP1 не изменены.', '',
    | |__________________________________________________________________________________________^
173 |                 'Полный replay исчерпывает всю доступную проверенную Bybit историю для зафиксированной реализации. '
174 |                 f"Получено {case['CLOSED']} уникальных CLOSED; {'цель первых 50 достигнута' if len(primary)==50 else 'цель 50 не дост…
    |
help: Did you forget a comma?
help: Wrap implicitly concatenated strings in parentheses

ISC004 Unparenthesized implicit string concatenation in collection
   --> scripts/report_source_pdf_bybit.py:173:15
    |
171 |                 '[сохранён дословно](data/reports/source_cases_74a6f8d_intermediate/report.md). '
172 |                 'Canonical TP40/30/30, текущий SL и cost-adjusted BE после TP1 не изменены.', '',
173 | /               'Полный replay исчерпывает всю доступную проверенную Bybit историю для зафиксированной реализации. '
174 | |               f"Получено {case['CLOSED']} уникальных CLOSED; {'цель первых 50 достигнута' if len(primary)==50 else 'цель 50 не дост…
175 | |               'Это фактический максимум данной policy на этих данных, а не доказанный максимум всех '
176 | |               'допустимых source вариантов. PDF задают качественные POI, варианты SL/входа, но не полный '
177 | |               'единственный вычислимый алгоритм. Все такие решения объявлены заранее. '
178 | |               'Разреженная DEVELOPMENT выборка не подтверждает edge или LIVE readiness.', '']
    | |________________________________________________________________________________________^
179 |       output.write_text('\n'.join(lines))
180 |       comparison={'fc61f35':fc['primary'],'74a6f8d':prev['primary'],'primary_pdf':case,
    |
help: Did you forget a comma?
help: Wrap implicitly concatenated strings in parentheses

I001 [*] Import block is un-sorted or un-formatted
  --> scripts/report_source_pdf_native_bybit.py:2:1
   |
 1 |   """Render complete primary-PDF case results, comparisons and source audit."""
 2 | / from __future__ import annotations
 3 | |
 4 | | import argparse
 5 | | from collections import Counter
 6 | | import json
 7 | | from pathlib import Path
 8 | | import sys
   | |__________^
 9 |
10 |   sys.path.insert(0, str(Path(__file__).resolve().parent))
   |
help: Organize imports
  |
4 | import argparse
5 + import json
6 + import sys
7 | from collections import Counter
  - import json
8 | from pathlib import Path
  - import sys
9 |
  |

ISC004 Unparenthesized implicit string concatenation in collection
  --> scripts/report_source_pdf_native_bybit.py:47:14
   |
45 |       initial_signals = [r for p in (repo / 'data/reports/source_pdf_bybit_2026_10_09/segments').glob('*/signals.jsonl.gz') for r in r…
46 |       lines = ['# Bybit SOURCE_TRADE_CASE_VALIDATION — первичные PDF', '',
47 | /              f"Полный replay завершён: **{case['READY']} READY → {case['FILLED']} FILLED → {case['CLOSED']} CLOSED**. "
48 | |              f"Уникальных opportunities: {case['unique_opportunities']}; дубликатов: {case['duplicates']}. "
49 | |              f"Основная выборка: {len(primary)} первых уникальных закрытых сделок по хронологии entry.", '',
   | |_______________________________________________________________________________________________________^
50 |                'Прочитаны все 54 страницы SW5 (9), SW9 (16), SW11 (8), SW12 (15), SW22 (6): весь текст и все схемы. '
51 |                '[Оригиналы, полный текст и SHA256](data/source_materials/primary_pdf_2026_10_09/manifest.json); '
   |
help: Did you forget a comma?
help: Wrap implicitly concatenated strings in parentheses

ISC004 Unparenthesized implicit string concatenation in collection
  --> scripts/report_source_pdf_native_bybit.py:50:14
   |
48 |   …     f"Уникальных opportunities: {case['unique_opportunities']}; дубликатов: {case['duplicates']}. "
49 |   …     f"Основная выборка: {len(primary)} первых уникальных закрытых сделок по хронологии entry.", '',
50 | / …     'Прочитаны все 54 страницы SW5 (9), SW9 (16), SW11 (8), SW12 (15), SW22 (6): весь текст и все схемы. '
51 | | …     '[Оригиналы, полный текст и SHA256](data/source_materials/primary_pdf_2026_10_09/manifest.json); '
52 | | …     '[постраничная source reconstruction](SOURCE_PDF_PROTOCOL.md) и [native timing correction](SOURCE_PDF_NATIVE_PROTOCOL.md). '
53 | | …     'Первичные SOURCE_RULE отделены от численной машинной интерпретации и выбранных допустимых вариантов. '
54 | | …     'Source protocol опубликован в `18eb8bb`, первоначальная PDF реализация — в `63ab3ae`. '
55 | | …     'Первый PDF replay (9 READY /0FILLED/0CLOSED) сохранён; native timing correction и 504 tests '
56 | | …     'опубликованы в `cbcd30a` до текущих outcomes. Этот этап уже знает результат первоначального PDF '
57 | | …     'прогона, поэтому не выдаётся за полностью слепое исследование.', '',
   | |______________________________________________________________________^
58 |   …     'Все 40 сохранённых native Bybit серий / 993575 свечей проверены по SHA, count, identity и alignment; '
59 |   …     '10 символов, 5m/15m/60m/240m. Это ранее просмотренная история 2026 DEVELOPMENT, не OOS. '
   |
help: Did you forget a comma?
help: Wrap implicitly concatenated strings in parentheses

ISC004 Unparenthesized implicit string concatenation in collection
  --> scripts/report_source_pdf_native_bybit.py:58:14
   |
56 |                'опубликованы в `cbcd30a` до текущих outcomes. Этот этап уже знает результат первоначального PDF '
57 |                'прогона, поэтому не выдаётся за полностью слепое исследование.', '',
58 | /              'Все 40 сохранённых native Bybit серий / 993575 свечей проверены по SHA, count, identity и alignment; '
59 | |              '10 символов, 5m/15m/60m/240m. Это ранее просмотренная история 2026 DEVELOPMENT, не OOS. '
60 | |              'Нет интерполяции, синтетических свечей, LIVE/private API. `trade_entry_allowed=false`.', '',
   | |_____________________________________________________________________________________________________^
61 |                'Основные mappings: 15/5,60/5,60/15,240/5,240/15. Каждый уникальный READY получает отдельный '
62 |                'reference account 1170 USDT, риск 23.4 USDT (2%) с учётом базовых затрат. Общая занятость и '
   |
help: Did you forget a comma?
help: Wrap implicitly concatenated strings in parentheses

ISC004 Unparenthesized implicit string concatenation in collection
  --> scripts/report_source_pdf_native_bybit.py:61:14
   |
59 |                '10 символов, 5m/15m/60m/240m. Это ранее просмотренная история 2026 DEVELOPMENT, не OOS. '
60 |                'Нет интерполяции, синтетических свечей, LIVE/private API. `trade_entry_allowed=false`.', '',
61 | /              'Основные mappings: 15/5,60/5,60/15,240/5,240/15. Каждый уникальный READY получает отдельный '
62 | |              'reference account 1170 USDT, риск 23.4 USDT (2%) с учётом базовых затрат. Общая занятость и '
63 | |              'portfolio budget не подавляют trade cases. Dedup выполняется до fills/outcomes: первый READY, '
64 | |              'затем higher HTF/lower LTF/fixed symbol priority/ID. Разные визиты OB различаются. '
65 | |              'Все CLOSED сверх первых 50 и все OPEN сохранены; endpoint не закрывает сделку принудительно.', '',
   | |___________________________________________________________________________________________________________^
66 |                '## Новый funnel', '', '| Этап — строго пять mappings | Количество |', '|---|---:|']
67 |       for name in ('setups','qualified_structure','liquidity_passed','poi_passed','order_flow_passed','pd_passed','READY'):
   |
help: Did you forget a comma?
help: Wrap implicitly concatenated strings in parentheses

ISC004 Unparenthesized implicit string concatenation in collection
  --> scripts/report_source_pdf_native_bybit.py:71:19
   |
69 |       for name in ('unique_opportunities','duplicates','FILLED','CLOSED','OPEN_CENSORED','PENDING_CENSORED'):
70 |           lines.append(f'| {name} | {case[name]} |')
71 |       lines += ['', 'Source_contexts считаются на TF до разветвления по mappings и могут включать 240/60; '
   |  ___________________^
72 | |               'таблица выше вычислена непосредственно по строгим setup artifacts. Стадии являются accumulated '
73 | |               'ever-passed counters; отменённые setups остаются в funnel.', '',
   | |__________________________________________________________________________^
74 |                 '## WIN/LOSS и результаты', '',
75 |                 '| Метрика | fc61f35: старый последовательный portfolio | 74a6f8d: cases без PDF | Первоначальный PDF / HTF close | Ис…
   |
help: Did you forget a comma?
help: Wrap implicitly concatenated strings in parentheses

ISC004 Unparenthesized implicit string concatenation in collection
  --> scripts/report_source_pdf_native_bybit.py:84:19
   |
82 |           if key=='WinRate': values=[v*100 if v is not None else None for v in values]
83 |           lines.append('| '+key+(' (%)' if key=='WinRate' else '')+' | '+' | '.join(fmt(v) for v in values)+' |')
84 |       lines += ['', 'PF = сумма положительных net PnL / абсолютная сумма отрицательных net PnL. '
   |  ___________________^
85 | |               'Expectancy = средний net PnL на CLOSED, Avg R = средний net PnL / первоначальный planned risk. '
86 | |               'WIN/LOSS определяется net PnL после затрат. N/A означает неопределённую метрику. '
87 | |               'Сумма независимых case PnL не является NAV общего торгового счёта; portfolio DD к ней не применяется. '
88 | |               'fc61f35 и новый результат имеют разные admission/entry/exit contracts, поэтому разницу нельзя '
89 | |               'приписывать только качеству стратегии. 0 CLOSED в 74a6f8d не было окончательной оценкой метода.', '',
   | |_______________________________________________________________________________________________________________^
90 |                 '## Все FILLED trade cases', '',
91 |                 '| # | ID | Symbol | L/S | HTF/LTF | HTF/local POI | READY | Fill interval start | Entry | SL | Targets/fractions | Ex…
   |
help: Did you forget a comma?
help: Wrap implicitly concatenated strings in parentheses

ISC004 Unparenthesized implicit string concatenation in collection
   --> scripts/report_source_pdf_native_bybit.py:100:19
    |
 98 |           lines.append('| '+' | '.join(fmt(v) for v in fields)+' |')
 99 |       if not trades: lines += ['', 'FILLED trade cases отсутствуют; WIN/LOSS выборки нет.']
100 |       lines += ['', f'[Полные сделки со всеми fills и source snapshots]({prefix}/cases.jsonl.gz); '
    |  ___________________^
101 | |               f'[первые 50 или фактическое меньшее число]({prefix}/primary_cases.jsonl.gz); '
102 | |               f'[все решения/отмены]({prefix}/case_decisions.jsonl.gz).', '',
    | |________________________________________________________________________^
103 |                 'Комиссия 0.06% и slippage 0.02% на каждую сторону — фиксированные project assumptions. '
104 |                 'Funding, spread, tick sizes и market impact недоступны и не моделируются. Время fill — '
    |
help: Did you forget a comma?
help: Wrap implicitly concatenated strings in parentheses

ISC004 Unparenthesized implicit string concatenation in collection
   --> scripts/report_source_pdf_native_bybit.py:103:15
    |
101 |                 f'[первые 50 или фактическое меньшее число]({prefix}/primary_cases.jsonl.gz); '
102 |                 f'[все решения/отмены]({prefix}/case_decisions.jsonl.gz).', '',
103 | /               'Комиссия 0.06% и slippage 0.02% на каждую сторону — фиксированные project assumptions. '
104 | |               'Funding, spread, tick sizes и market impact недоступны и не моделируются. Время fill — '
105 | |               'интервал реальной 5m свечи, известный на CLOSE. Stop-first при неоднозначном OHLC, '
106 | |               'favorable entry-bar TP требует CLOSE proof; adverse gap исполняется по OPEN. '
107 | |               'Истинный intrabar MAE неизвестен: сохранён только OHLC upper bound после entry bar; '
108 | |               'для закрытия в entry bar MAE — N/A.', '',
    | |___________________________________________________^
109 |                 '## Все READY и исполнение лимитов', '',
110 |                 '| ID | Symbol | Mapping | Visit | HTF/local POI | READY | Quote | SL | Targets | Execution decisions |',
    |
help: Did you forget a comma?
help: Wrap implicitly concatenated strings in parentheses

ISC004 Unparenthesized implicit string concatenation in collection
   --> scripts/report_source_pdf_native_bybit.py:118:19
    |
116 |                   f"{r['poi_type']}/{r['evidence']['ltf_poi']['kind']}",r['known_at'],r['entry'],r['stop'],r['targets'],'; '.join(ds)]
117 |           lines.append('| '+' | '.join(fmt(v) for v in fields)+' |')
118 |       lines += ['', 'Все 9 active limits независимо прослежены по фактическим native 5m свечам. '
    |  ___________________^
119 | |               'Quote не достигнут до причинной отмены: 6 сломов подтверждённой LTF структуры, '
120 | |               '2 теста глобальной цели и 1 прекращение Order Flow. '
121 | |               '[Все проверенные интервалы и source cancellations](data/reports/source_pdf_native_qa_2026_10_09/execution_audit.json).', '',
    | |______________________________________________________________________________________________________________________________________^
122 |                 '## Что изменилось относительно fc61f35 и 74a6f8d', '',
123 |                 '- Уже известная HTF POI теперь наблюдается на CLOSED native 5m, без ожидания HTF close '
    |
help: Did you forget a comma?
help: Wrap implicitly concatenated strings in parentheses

ISC004 Unparenthesized implicit string concatenation in collection
   --> scripts/report_source_pdf_native_bybit.py:123:15
    |
121 |   …     '[Все проверенные интервалы и source cancellations](data/reports/source_pdf_native_qa_2026_10_09/execution_audit.json).', '',
122 |   …     '## Что изменилось относительно fc61f35 и 74a6f8d', '',
123 | / …     '- Уже известная HTF POI теперь наблюдается на CLOSED native 5m, без ожидания HTF close '
124 | | …     '(SW9 p4–6), без формирования/чтения незакрытой HTF свечи. Один визит не пересчитывается на HTF close. '
125 | | …     'FTA уже позади текущего LTF close блокирует READY; first test FTA наблюдается по native 5m.',
    | |___________________________________________________________________________________________________^
126 |   …     '- STB/BTS: полный key-to-sweep диапазон и его полное поглощение по SW22 p2–4; quote .5 '
127 |   …     'и SL вне всей манипуляции заменяют single sweep candle proxy.',
    |
help: Did you forget a comma?
help: Wrap implicitly concatenated strings in parentheses

ISC004 Unparenthesized implicit string concatenation in collection
   --> scripts/report_source_pdf_native_bybit.py:126:15
    |
124 |                 '(SW9 p4–6), без формирования/чтения незакрытой HTF свечи. Один визит не пересчитывается на HTF close. '
125 |                 'FTA уже позади текущего LTF close блокирует READY; first test FTA наблюдается по native 5m.',
126 | /               '- STB/BTS: полный key-to-sweep диапазон и его полное поглощение по SW22 p2–4; quote .5 '
127 | |               'и SL вне всей манипуляции заменяют single sweep candle proxy.',
    | |_____________________________________________________________________________^
128 |                 '- OB: реальное снятие ликвидности исходной свечой и немедленное поглощение по SW9 p2; '
129 |                 'IMB — confluence, численное body dominance не выдается за PDF. LTF OB должен пересекать HTF POI.',
    |
help: Did you forget a comma?
help: Wrap implicitly concatenated strings in parentheses

ISC004 Unparenthesized implicit string concatenation in collection
   --> scripts/report_source_pdf_native_bybit.py:128:15
    |
126 |                 '- STB/BTS: полный key-to-sweep диапазон и его полное поглощение по SW22 p2–4; quote .5 '
127 |                 'и SL вне всей манипуляции заменяют single sweep candle proxy.',
128 | /               '- OB: реальное снятие ликвидности исходной свечой и немедленное поглощение по SW9 p2; '
129 | |               'IMB — confluence, численное body dominance не выдается за PDF. LTF OB должен пересекать HTF POI.',
    | |________________________________________________________________________________________________________________^
130 |                 '- SW9 p3: повторный OB теперь возможен только отдельным визитом с новой LTF цепочкой; '
131 |                 'D/S остаётся свежим первым тестом. Dedup использует фактический визит.',
    |
help: Did you forget a comma?
help: Wrap implicitly concatenated strings in parentheses

ISC004 Unparenthesized implicit string concatenation in collection
   --> scripts/report_source_pdf_native_bybit.py:130:15
    |
128 |                 '- OB: реальное снятие ликвидности исходной свечой и немедленное поглощение по SW9 p2; '
129 |                 'IMB — confluence, численное body dominance не выдается за PDF. LTF OB должен пересекать HTF POI.',
130 | /               '- SW9 p3: повторный OB теперь возможен только отдельным визитом с новой LTF цепочкой; '
131 | |               'D/S остаётся свежим первым тестом. Dedup использует фактический визит.',
    | |______________________________________________________________________________________^
132 |                 '- Order Flow: ключевые structural pairs вместо последних произвольных внутренних swings; '
133 |                 'подтверждённое continuation может создать flow. Цель заморожена до её теста, без переназначения '
    |
help: Did you forget a comma?
help: Wrap implicitly concatenated strings in parentheses

ISC004 Unparenthesized implicit string concatenation in collection
   --> scripts/report_source_pdf_native_bybit.py:132:15
    |
130 |                 '- SW9 p3: повторный OB теперь возможен только отдельным визитом с новой LTF цепочкой; '
131 |                 'D/S остаётся свежим первым тестом. Dedup использует фактический визит.',
132 | /               '- Order Flow: ключевые structural pairs вместо последних произвольных внутренних swings; '
133 | |               'подтверждённое continuation может создать flow. Цель заморожена до её теста, без переназначения '
134 | |               'на следующем CONF (SW22 p5–6).',
    | |______________________________________________^
135 |                 '- FTA: первая противоположная HTF POI по SW9 p16; случайный близкий LTF FVG больше не '
136 |                 'определяет обязательный выход. Технический SL находится вне wick boundary.',
    |
help: Did you forget a comma?
help: Wrap implicitly concatenated strings in parentheses

ISC004 Unparenthesized implicit string concatenation in collection
   --> scripts/report_source_pdf_native_bybit.py:135:15
    |
133 |                 'подтверждённое continuation может создать flow. Цель заморожена до её теста, без переназначения '
134 |                 'на следующем CONF (SW22 p5–6).',
135 | /               '- FTA: первая противоположная HTF POI по SW9 p16; случайный близкий LTF FVG больше не '
136 | |               'определяет обязательный выход. Технический SL находится вне wick boundary.',
    | |__________________________________________________________________________________________^
137 |                 '- Дальние исторические equal pools вне текущего structural leg не считаются универсальным '
138 |                 'блокером; meaningful liquidity внутри leg, в том числе ниже SL, учитывается.',
    |
help: Did you forget a comma?
help: Wrap implicitly concatenated strings in parentheses

ISC004 Unparenthesized implicit string concatenation in collection
   --> scripts/report_source_pdf_native_bybit.py:137:15
    |
135 |                 '- FTA: первая противоположная HTF POI по SW9 p16; случайный близкий LTF FVG больше не '
136 |                 'определяет обязательный выход. Технический SL находится вне wick boundary.',
137 | /               '- Дальние исторические equal pools вне текущего structural leg не считаются универсальным '
138 | |               'блокером; meaningful liquidity внутри leg, в том числе ниже SL, учитывается.',
    | |____________________________________________________________________________________________^
139 |                 '- SW11 подтверждает planned risk/SL/TP и .25–2%; SW12 не добавляет обязательных RSI/volume/ATR '
140 |                 'сигналов. Численные альтернативы не выбирались по новому PnL.',
    |
help: Did you forget a comma?
help: Wrap implicitly concatenated strings in parentheses

ISC004 Unparenthesized implicit string concatenation in collection
   --> scripts/report_source_pdf_native_bybit.py:139:15
    |
137 |                 '- Дальние исторические equal pools вне текущего structural leg не считаются универсальным '
138 |                 'блокером; meaningful liquidity внутри leg, в том числе ниже SL, учитывается.',
139 | /               '- SW11 подтверждает planned risk/SL/TP и .25–2%; SW12 не добавляет обязательных RSI/volume/ATR '
140 | |               'сигналов. Численные альтернативы не выбирались по новому PnL.',
    | |_____________________________________________________________________________^
141 |                 '- Из fc61f35 уже ранее исправлены Range external POI/reclaim/retest, независимый D/S без '
142 |                 'failed-OB fallback и полный causal LTF chain; они сохранены. Новый код изолирован от canonical.', '',
    |
help: Did you forget a comma?
help: Wrap implicitly concatenated strings in parentheses

ISC004 Unparenthesized implicit string concatenation in collection
   --> scripts/report_source_pdf_native_bybit.py:141:15
    |
139 |                 '- SW11 подтверждает planned risk/SL/TP и .25–2%; SW12 не добавляет обязательных RSI/volume/ATR '
140 |                 'сигналов. Численные альтернативы не выбирались по новому PnL.',
141 | /               '- Из fc61f35 уже ранее исправлены Range external POI/reclaim/retest, независимый D/S без '
142 | |               'failed-OB fallback и полный causal LTF chain; они сохранены. Новый код изолирован от canonical.', '',
    | |_______________________________________________________________________________________________________________^
143 |                 'Три прежних READY 74a6f8d ниже сопоставлены с новыми READY того же symbol/mapping '
144 |                 'и UTC-дня. Это сопоставление эпизодов, без объявления их одинаковыми opportunities.', '',
    |
help: Did you forget a comma?
help: Wrap implicitly concatenated strings in parentheses

ISC004 Unparenthesized implicit string concatenation in collection
   --> scripts/report_source_pdf_native_bybit.py:143:15
    |
141 |   …     '- Из fc61f35 уже ранее исправлены Range external POI/reclaim/retest, независимый D/S без '
142 |   …     'failed-OB fallback и полный causal LTF chain; они сохранены. Новый код изолирован от canonical.', '',
143 | / …     'Три прежних READY 74a6f8d ниже сопоставлены с новыми READY того же symbol/mapping '
144 | | …     'и UTC-дня. Это сопоставление эпизодов, без объявления их одинаковыми opportunities.', '',
    | |___________________________________________________________________________________________^
145 |   …     '| 74a6f8d ID / symbol / mapping | Old READY / quote / SL / targets | Native PDF READY того же дня / quote / SL / targets |',
146 |   …     '|---|---|---|']
    |
help: Did you forget a comma?
help: Wrap implicitly concatenated strings in parentheses

ISC004 Unparenthesized implicit string concatenation in collection
   --> scripts/report_source_pdf_native_bybit.py:153:19
    |
151 |           lines.append(f"| {old['signal_id']} / {old['symbol']} / {old['htf']}/{old['ltf']} | "
152 |                        f"{old['known_at']} / {fmt(old['entry'])} / {fmt(old['stop'])} / {old['targets']} | {desc} |")
153 |       lines += ['', 'Native timing correction сохранила 9 READY и их времена, но исправила clock HTF '
    |  ___________________^
154 | |               'взаимодействий и свежесть FTA. Например, у ETH 2026-04-04 первая цель изменена с '
155 | |               '2055.41 (уже протестирована native 5m) на свежую 2103.1. Новые fills/CLOSED не появились. '
156 | |               'Этап зарегистрирован после исходных PDF outcomes и потому имеет явно указанную contamination.', '',
    | |_____________________________________________________________________________________________________________^
157 |                 '## Старые losses: source audit без отбора по PnL', '',
158 |                 'Проверены все 13 fc61f35 CLOSED, включая WIN, на точных old READY и entry cutoffs. '
    |
help: Did you forget a comma?
help: Wrap implicitly concatenated strings in parentheses

ISC004 Unparenthesized implicit string concatenation in collection
   --> scripts/report_source_pdf_native_bybit.py:158:15
    |
156 |                 'Этап зарегистрирован после исходных PDF outcomes и потому имеет явно указанную contamination.', '',
157 |                 '## Старые losses: source audit без отбора по PnL', '',
158 | /               'Проверены все 13 fc61f35 CLOSED, включая WIN, на точных old READY и entry cutoffs. '
159 | |               'FALSE_POSITIVE_REGISTERED_SOURCE_IMPLEMENTATION означает непрохождение данной зарегистрированной '
160 | |               'source реконструкции; это не доказательство невозможности всех discretionary вариантов. '
161 | |               'Отличающиеся допустимые quote/SL и исключённый 240/60 сами по себе не доказывают source false positive. '
162 | |               'Из 11 прежних LOSS: **10 false positives данной source реализации**, '
163 | |               'DOGE 240/15 `c1bc1cb68a185d4492c8b9e6` — UNCERTAIN_OR_DIFFERENT_PERMITTED_VARIANT. '
164 | |               'Из 2 WIN: один также false positive, один остаётся uncertain; положительный PnL '
165 | |               'не заменяет source proof.', '',
    | |_________________________________________^
166 |                 '| Old ID | Symbol/mapping | Old result/PnL | Audit | Hard reasons | Other contract differences |',
167 |                 '|---|---|---|---|---|---|']
    |
help: Did you forget a comma?
help: Wrap implicitly concatenated strings in parentheses

ISC004 Unparenthesized implicit string concatenation in collection
   --> scripts/report_source_pdf_native_bybit.py:173:19
    |
171 |                   row['classification'],'; '.join(hard),'; '.join(other)]
172 |           lines.append('| '+' | '.join(fmt(v) for v in fields)+' |')
173 |       lines += ['', 'Наиболее конкретный source defect прежних Range losses: необходимо доказать существовавшую '
    |  ___________________^
174 | |               'до deviation внешнюю typed POI и её фактическое взаимодействие, а SFP-only не разрешает вход '
175 | |               '(сохранённый SW10). Ниже приведены фактические кандидаты новой реконструкции.', '',
    | |_____________________________________________________________________________________________^
176 |                 '| Old Range loss ID | External POI candidates at old cutoff |', '|---|---|']
177 |       range_rows=[a for a in audits if a['old_trade']['poi_type']=='RANGE_POI' and a['old_trade']['net_pnl']<0]
    |
help: Did you forget a comma?
help: Wrap implicitly concatenated strings in parentheses

ISC004 Unparenthesized implicit string concatenation in collection
   --> scripts/report_source_pdf_native_bybit.py:181:19
    |
179 |           candidates=row['snapshots']['ready_time']['range_external_poi_candidates']
180 |           lines.append(f"| {row['old_trade']['signal_id']} | {', '.join(z['zone_id'] for z in candidates) if candidates else 'NONE'} …
181 |       lines += ['', 'Отсутствие flow/POI в машинной реконструкции ограничено её объявленным способом выбора '
    |  ___________________^
182 | |               'ключей и зон. Нельзя считать каждый старый LOSS автоматически ошибкой. Исходные пять losses '
183 | |               'OLD7 также сохранены и независимо проверены на READY/entry; verdict WAIT не превращается в '
184 | |               'подтверждённый false positive.', '',
    | |______________________________________________^
185 |                 '| Original OLD7 loss | Mapping | PnL | READY verdict/reasons | Entry verdict/reasons |', '|---|---|---:|---|---|']
186 |       for row in original:
    |
help: Did you forget a comma?
help: Wrap implicitly concatenated strings in parentheses

ISC004 Unparenthesized implicit string concatenation in collection
   --> scripts/report_source_pdf_native_bybit.py:192:15
    |
190 |           lines.append('| '+' | '.join(fmt(v) for v in fields)+' |')
191 |       lines += ['', '## Отдельные diagnostics и незавершённые setups', '',
192 | /               f"ANY_TF 240/60: {any_tf['READY']} READY / {any_tf['FILLED']} FILLED / {any_tf['CLOSED']} CLOSED. "
193 | |               'Не включён в primary.', '',
    | |_____________________________________^
194 |                 f"Однопозиционный portfolio: {portfolio['funnel'].get('entries',0)} entries / "
195 |                 f"{portfolio['funnel'].get('CLOSED',0)} CLOSED, realized net {fmt(portfolio['all_closed']['NetPnL'])}, "
    |
help: Did you forget a comma?
help: Wrap implicitly concatenated strings in parentheses

ISC004 Unparenthesized implicit string concatenation in collection
   --> scripts/report_source_pdf_native_bybit.py:194:15
    |
192 |                 f"ANY_TF 240/60: {any_tf['READY']} READY / {any_tf['FILLED']} FILLED / {any_tf['CLOSED']} CLOSED. "
193 |                 'Не включён в primary.', '',
194 | /               f"Однопозиционный portfolio: {portfolio['funnel'].get('entries',0)} entries / "
195 | |               f"{portfolio['funnel'].get('CLOSED',0)} CLOSED, realized net {fmt(portfolio['all_closed']['NetPnL'])}, "
196 | |               f"final NAV {fmt(portfolio['final_equity'])}; это отдельный результат с budget/occupancy.", '',
    | |________________________________________________________________________________________________________^
197 |                 '| Последний blocker/setup outcome, strict mappings | Количество |', '|---|---:|']
198 |       for k,v in Counter(r['latest_reason'] for r in strict).most_common():lines.append(f'| {k} | {v} |')
    |
help: Did you forget a comma?
help: Wrap implicitly concatenated strings in parentheses

ISC004 Unparenthesized implicit string concatenation in collection
   --> scripts/report_source_pdf_native_bybit.py:200:15
    |
198 |       for k,v in Counter(r['latest_reason'] for r in strict).most_common():lines.append(f'| {k} | {v} |')
199 |       lines += ['', '## QA, сохранность и границы вывода', '',
200 | /               'До текущих outcomes: 504 tests PASS, compileall PASS, Ruff E9/F PASS, mypy PASS; '
201 | |               '[pre-outcome registration](data/reports/source_pdf_native_qa_2026_10_09/pre_outcome_registration.json). '
202 | |               'Для итогового причинного/ledger/hash/resume QA см. '
203 | |               '[QA receipt](data/reports/source_pdf_native_qa_2026_10_09/delivery_receipt.json). '
204 | |               'Итоговые 504 tests / compileall / Ruff E9F / mypy PASS. Nonempty prefix SOL: '
205 | |               '67570 реальных native свечей, 1 READY, 1799 flows, 102 Range audits — exact full/prefix match '
206 | |               'и future mutation всех 4 TF PASS. Все 9 READY имеют причинные timestamps и свежие '
207 | |               'FTA/global targets по независимому native OHLC check. 93 core artifact hashes, '
208 | |               '27 implementation files и все 40 inputs проверены. Verified COMPLETE resume '
209 | |               'не изменил ни одного файла. '
210 | |               'Прежние scripts/tests/исторические артефакты сохранены; отчёт 74a6f8d '
211 | |               '[сохранён дословно](data/reports/source_cases_74a6f8d_intermediate/report.md). '
212 | |               'Canonical TP40/30/30, текущий SL и cost-adjusted BE после TP1 не изменены.', '',
    | |__________________________________________________________________________________________^
213 |                 'Полный replay исчерпывает всю доступную проверенную Bybit историю для зафиксированной реализации. '
214 |                 f"Получено {case['CLOSED']} уникальных CLOSED; {'цель первых 50 достигнута' if len(primary)==50 else 'цель 50 не дост…
    |
help: Did you forget a comma?
help: Wrap implicitly concatenated strings in parentheses

ISC004 Unparenthesized implicit string concatenation in collection
   --> scripts/report_source_pdf_native_bybit.py:213:15
    |
211 |                 '[сохранён дословно](data/reports/source_cases_74a6f8d_intermediate/report.md). '
212 |                 'Canonical TP40/30/30, текущий SL и cost-adjusted BE после TP1 не изменены.', '',
213 | /               'Полный replay исчерпывает всю доступную проверенную Bybit историю для зафиксированной реализации. '
214 | |               f"Получено {case['CLOSED']} уникальных CLOSED; {'цель первых 50 достигнута' if len(primary)==50 else 'цель 50 не дост…
215 | |               'Это фактический максимум данной policy на этих данных, а не доказанный максимум всех '
216 | |               'допустимых source вариантов. PDF задают качественные POI, варианты SL/входа, но не полный '
217 | |               'единственный вычислимый алгоритм. Все такие решения объявлены заранее. '
218 | |               'Разреженная DEVELOPMENT выборка не подтверждает edge или LIVE readiness.', '']
    | |________________________________________________________________________________________^
219 |       output.write_text('\n'.join(lines))
220 |       loss_audits = [r for r in audits if r['old_trade']['result']=='LOSS']
    |
help: Did you forget a comma?
help: Wrap implicitly concatenated strings in parentheses

I001 [*] Import block is un-sorted or un-formatted
  --> scripts/research_inventory.py:2:1
   |
 1 |   """Completeness checks: retain every registered window and gap segment."""
 2 | / from __future__ import annotations
 3 | |
 4 | | from datetime import datetime, timedelta
 5 | | from hashlib import sha256
 6 | | import gzip
 7 | | import json
 8 | | import shutil
 9 | | from tempfile import TemporaryDirectory
10 | | from pathlib import Path
11 | |
12 | | from run_historical_portfolio import canonical
   | |______________________________________________^
help: Organize imports
   |
3  |
   - from datetime import datetime, timedelta
   - from hashlib import sha256
4  | import gzip
5  | import json
6  | import shutil
   - from tempfile import TemporaryDirectory
7  + from datetime import datetime, timedelta
8  + from hashlib import sha256
9  | from pathlib import Path
10 + from tempfile import TemporaryDirectory
11 |
   |

C408 Unnecessary `dict()` call (rewrite as a literal)
  --> scripts/research_inventory.py:74:17
   |
72 |               return verify_expected_fingerprint(folder,expected)
73 |           shutil.copyfile(folder/name,diagnostics/'target_availability_qualification_only.v2.jsonl.gz')
74 |           receipt=dict(expected_fingerprint=expected,expanded_fingerprint=sha256(canonical(hashes).encode()).hexdigest(),
   |  _________________^
75 | |                      historical_schema='PRE_BOS_LEVEL_PRICE_DIAGNOSTIC',restored_audit_rows=len(rows),
76 | |                      expanded_audit_sha256=hashes[name],restored_audit_sha256=recovered[name],
77 | |                      unchanged_artifact_hashes={k:v for k,v in hashes.items() if k!=name},
78 | |                      source_config_inputs_and_execution_unchanged=True,trade_entry_allowed=False)
   | |_________________________________________________________________________________________________^
79 |           (diagnostics/'schema_restoration.json').write_text(canonical(receipt)+'\n')
80 |           candidate.replace(folder/name)
   |
help: Rewrite as a literal

C408 Unnecessary `dict()` call (rewrite as a literal)
   --> scripts/research_inventory.py:107:24
    |
105 |     number=0
106 |     while begin<end:
107 |         windows.append(dict(name=f'WALK_{number:02}',start=begin.isoformat(),end=min(begin+timedelta(days=90),end).isoformat()))
    |                        ^^^^^^^^^^^^^^^^^^^^^^^^^^^^^^^^^^^^^^^^^^^^^^^^^^^^^^^^^^^^^^^^^^^^^^^^^^^^^^^^^^^^^^^^^^^^^^^^^^^^^^^^
108 |         number+=1;begin+=timedelta(days=90)
109 |     return windows
    |
help: Rewrite as a literal

C408 Unnecessary `dict()` call (rewrite as a literal)
   --> scripts/research_inventory.py:114:22
    |
112 | def complete_study(source,split,window_names=None,verify_files=True):
113 |     if not (source/'results.json').exists() or not (source/'coverage_segments.json').exists():
114 |         return False,dict(reason='MISSING_RESULTS_OR_COVERAGE')
    |                      ^^^^^^^^^^^^^^^^^^^^^^^^^^^^^^^^^^^^^^^^^^
115 |     windows=[w for w in registered_windows(split) if not window_names or w['name'] in window_names]
116 |     coverage=json.loads((source/'coverage_segments.json').read_text())
    |
help: Rewrite as a literal

C408 Unnecessary `dict()` call (rewrite as a literal)
   --> scripts/research_inventory.py:123:22
    |
121 | …r['window'],r['segment']) for r in records}
122 | …ed!=actual or len(records)!=len(actual):
123 | …n False,dict(reason='INCOMPLETE_OR_DUPLICATE_WINDOW_SEGMENTS',missing=sorted(expected-actual),extra=sorted(actual-expected))
    |          ^^^^^^^^^^^^^^^^^^^^^^^^^^^^^^^^^^^^^^^^^^^^^^^^^^^^^^^^^^^^^^^^^^^^^^^^^^^^^^^^^^^^^^^^^^^^^^^^^^^^^^^^^^^^^^^^^^^^
124 | …
125 | …n records:
    |
help: Rewrite as a literal

C408 Unnecessary `dict()` call (rewrite as a literal)
   --> scripts/research_inventory.py:133:27
    |
131 |             fingerprint=sha256(canonical(hashes).encode()).hexdigest()
132 |             assert (folder/'fingerprint.sha256').read_text().strip()==fingerprint,folder
133 |             ledger.append(dict(window=row['window'],segment=row['segment'],status=row['status'],fingerprint=fingerprint))
    |                           ^^^^^^^^^^^^^^^^^^^^^^^^^^^^^^^^^^^^^^^^^^^^^^^^^^^^^^^^^^^^^^^^^^^^^^^^^^^^^^^^^^^^^^^^^^^^^^
134 |         else:
135 |             assert row['status'] in ('INSUFFICIENT_CONTIGUOUS_WARMUP','NO_COMPLETE_EXECUTION_BAR'),row
    |
help: Rewrite as a literal

C408 Unnecessary `dict()` call (rewrite as a literal)
   --> scripts/research_inventory.py:137:17
    |
135 |               assert row['status'] in ('INSUFFICIENT_CONTIGUOUS_WARMUP','NO_COMPLETE_EXECUTION_BAR'),row
136 |               ledger.append({k:row[k] for k in ('window','segment','status')})
137 |       return True,dict(registered_windows=len(windows),expected_window_segments=len(expected),
    |  _________________^
138 | |         retained_skipped_segments=sum(r['status']!='REPLAY_COMPLETE' for r in records),ledger=ledger,
139 | |         every_registered_segment_accounted_for=True)
    | |____________________________________________________^
help: Rewrite as a literal

I001 [*] Import block is un-sorted or un-formatted
  --> scripts/research_structure_cache.py:2:1
   |
 1 |   """Exact input-bound caching of immutable structural reports, never signal fitting."""
 2 | / from __future__ import annotations
 3 | |
 4 | | from contextlib import contextmanager
 5 | | from bisect import bisect_right
 6 | | import gzip
 7 | | from hashlib import sha256
 8 | | import pickle
 9 | | from os import getpid
10 | |
11 | | from crypto_bot.strategy import auto_levels, historical_replay, trade_plan
12 | | from run_historical_portfolio import canonical
   | |______________________________________________^
help: Organize imports
   |
3  |
   - from contextlib import contextmanager
   - from bisect import bisect_right
4  | import gzip
   - from hashlib import sha256
5  | import pickle
6  + from bisect import bisect_right
7  + from contextlib import contextmanager
8  + from hashlib import sha256
9  | from os import getpid
10 |
11 + from run_historical_portfolio import canonical
12 +
13 | from crypto_bot.strategy import auto_levels, historical_replay, trade_plan
   - from run_historical_portfolio import canonical
14 |
   |

C408 Unnecessary `dict()` call (rewrite as a literal)
  --> scripts/research_structure_cache.py:75:28
   |
73 |                       # MTF linking also attaches OTE geometry. Unlike raw market
74 |                       # and Range reports, this result depends on OTE parameters.
75 |                       inputs=dict(report_inputs=identities,kwargs=kwargs,
   |  ____________________________^
76 | |                                 ote_shallow=trade_plan.OTE_SHALLOW,ote_deep=trade_plan.OTE_DEEP)
   | |________________________________________________________________________________________________^
77 |                   else:
78 |                       candles=args[0]
   |
help: Rewrite as a literal

C408 Unnecessary `dict()` call (rewrite as a literal)
  --> scripts/research_structure_cache.py:80:28
   |
78 |                       candles=args[0]
79 |                       minutes=int((candles[0].close_time-candles[0].open_time).total_seconds()/60)
80 |                       inputs=dict(source_sha256=source_hashes[minutes],minutes=minutes,
   |  ____________________________^
81 | |                         first_open=candles[0].open_time,last_close=candles[-1].close_time,count=len(candles),kwargs=kwargs)
   | |___________________________________________________________________________________________________________________________^
82 |                   key=sha256(canonical(dict(function=_name,inputs=inputs,baseline=baseline,version=1)).encode()).hexdigest()
83 |                   identities.append(key)
   |
help: Rewrite as a literal

C408 Unnecessary `dict()` call (rewrite as a literal)
  --> scripts/research_structure_cache.py:82:38
   |
80 |                     inputs=dict(source_sha256=source_hashes[minutes],minutes=minutes,
81 |                         first_open=candles[0].open_time,last_close=candles[-1].close_time,count=len(candles),kwargs=kwargs)
82 |                 key=sha256(canonical(dict(function=_name,inputs=inputs,baseline=baseline,version=1)).encode()).hexdigest()
   |                                      ^^^^^^^^^^^^^^^^^^^^^^^^^^^^^^^^^^^^^^^^^^^^^^^^^^^^^^^^^^^^^^
83 |                 identities.append(key)
84 |                 path=root/(key+'.structural.pickle.gz')
   |
help: Rewrite as a literal

I001 [*] Import block is un-sorted or un-formatted
  --> scripts/research_support.py:2:1
   |
 1 |   """Read-only research measurements for the immutable offline Strategy Engine."""
 2 | / from __future__ import annotations
 3 | |
 4 | | from bisect import bisect_right
 5 | | from collections import Counter
 6 | | import csv
 7 | | from datetime import datetime, timedelta
 8 | | import gzip
 9 | | from hashlib import sha256
10 | | import json
11 | | from math import sqrt
12 | | from statistics import mean, stdev
13 | |
14 | | from crypto_bot.data.models import MarketCandle
15 | | from crypto_bot.strategy.portfolio_statistics import trade_statistics
   | |_____________________________________________________________________^
help: Organize imports
   |
3  |
4  + import csv
5  + import gzip
6  + import json
7  | from bisect import bisect_right
8  | from collections import Counter
   - import csv
9  | from datetime import datetime, timedelta
   - import gzip
10 | from hashlib import sha256
   - import json
11 | from math import sqrt
   |

RUF007 Prefer `itertools.pairwise()` over `zip()` when iterating over successive pairs
  --> scripts/research_support.py:51:88
   |
49 |     end = bisect_right([c.close_time for c in daily], when)
50 |     rows = daily[max(0, end - 31):end]
51 |     if len(rows) < 31 or any(b.close_time-a.close_time != timedelta(days=1) for a,b in zip(rows,rows[1:])):
   |                                                                                        ^^^
52 |         return 'UNKNOWN', 'UNKNOWN'
53 |     change = rows[-1].close / rows[0].close - 1
   |
help: Replace `zip()` with `itertools.pairwise()`

RUF007 Prefer `itertools.pairwise()` over `zip()` when iterating over successive pairs
  --> scripts/research_support.py:54:45
   |
52 |         return 'UNKNOWN', 'UNKNOWN'
53 |     change = rows[-1].close / rows[0].close - 1
54 |     returns = [b.close/a.close-1 for a,b in zip(rows,rows[1:])]
   |                                             ^^^
55 |     volatility = stdev(returns)
56 |     return ('BULL' if change > .1 else 'BEAR' if change < -.1 else 'SIDEWAYS',
   |
help: Replace `zip()` with `itertools.pairwise()`

I001 [*] Import block is un-sorted or un-formatted
  --> scripts/research_variants.py:2:1
   |
 1 |   """Preregistered process-local sensitivity; never edits the frozen source tree."""
 2 | / from __future__ import annotations
 3 | |
 4 | | from bisect import bisect_right
 5 | | from contextlib import contextmanager
 6 | | from dataclasses import replace
 7 | |
 8 | | from crypto_bot.common.models import Direction
 9 | | from crypto_bot.strategy import auto_levels, historical_replay, trade_plan
10 | | from crypto_bot.strategy.auto_levels import AutoLevelPolicy
   | |___________________________________________________________^
help: Organize imports
   |
11 |
   -
12 | STRUCTURAL_VARIANTS = {
   |

C408 Unnecessary `dict()` call (rewrite as a literal)
  --> scripts/research_variants.py:78:41
   |
76 |   …             if not any(auto_levels._overlap(seed.zone.low,seed.zone.high,s.zone) for s in selected):
77 |   …                 selected.append(seed)
78 |   …         target_audit.append(dict(bos_time=opp.ltf_bos_event_time,bos_level_price=opp.ltf_bos_level_price,direction=direction.name,
   |  _______________________________^
79 | | …             as_of=kwargs['as_of'],qualified_ob=True,distinct_fresh_opposing_pois=len(selected),
80 | | …             source_result=result.status,qualification_only=True))
   | |__________________________________________________________________^
81 |   …     if variant.get('midpoint') and result.status=='READY':
82 |   …         z=result.execution_zone
   |
help: Rewrite as a literal

I001 [*] Import block is un-sorted or un-formatted
  --> scripts/restore_research_checkpoint.py:2:1
   |
 1 |   """Recover only missing frozen checkpoint cases and require their original hashes."""
 2 | / from __future__ import annotations
 3 | |
 4 | | import argparse
 5 | | from collections import defaultdict
 6 | | from datetime import datetime, timezone
 7 | | from hashlib import sha256
 8 | | import json
 9 | | from pathlib import Path
10 | |
11 | | from research_inventory import restore_checkpoint_schema
12 | | from research_support import check_baseline
13 | | from run_historical_portfolio import canonical
14 | | from run_robustness_research import study
   | |_________________________________________^
help: Organize imports
  |
4 | import argparse
5 + import json
6 | from collections import defaultdict
7 | from datetime import datetime, timezone
8 | from hashlib import sha256
  - import json
9 | from pathlib import Path
  |

C408 Unnecessary `dict()` call (rewrite as a literal)
  --> scripts/restore_research_checkpoint.py:42:30
   |
40 |                       assert sha256((repo/path).read_bytes()).hexdigest()==input_digest,path
41 |                   assert source['baseline_commit']==lock['baseline_commit'],name
42 |                   cases.append(dict(case=name,status='RESTORED_EXACT',expected_fingerprint=digest,
   |  ______________________________^
43 | |                                   actual_fingerprint=actual,input_hashes=source['input_hashes']))
   | |________________________________________________________________________________________________^
44 |               else:
45 |                   cases.append(dict(case=name,status='MISSING',expected_fingerprint=digest))
   |
help: Rewrite as a literal

C408 Unnecessary `dict()` call (rewrite as a literal)
  --> scripts/restore_research_checkpoint.py:45:30
   |
43 |                                   actual_fingerprint=actual,input_hashes=source['input_hashes']))
44 |             else:
45 |                 cases.append(dict(case=name,status='MISSING',expected_fingerprint=digest))
   |                              ^^^^^^^^^^^^^^^^^^^^^^^^^^^^^^^^^^^^^^^^^^^^^^^^^^^^^^^^^^^^
46 |         complete=all(row['status']=='RESTORED_EXACT' for row in cases)
47 |         payload=dict(complete=complete,verified_at_utc=datetime.now(timezone.utc),cases=cases,
   |
help: Rewrite as a literal

C408 Unnecessary `dict()` call (rewrite as a literal)
  --> scripts/restore_research_checkpoint.py:47:17
   |
45 |                   cases.append(dict(case=name,status='MISSING',expected_fingerprint=digest))
46 |           complete=all(row['status']=='RESTORED_EXACT' for row in cases)
47 |           payload=dict(complete=complete,verified_at_utc=datetime.now(timezone.utc),cases=cases,
   |  _________________^
48 | |                      protected_source_config_hashes=lock['code_hashes'],
49 | |                      no_saved_stage_replayed=True,trade_entry_allowed=False)
   | |____________________________________________________________________________^
50 |           (report/'checkpoint_restoration_receipt.json').write_text(canonical(payload)+'\n')
51 |           return complete
   |
help: Rewrite as a literal

UP017 [*] Use `datetime.UTC` alias
  --> scripts/restore_research_checkpoint.py:47:69
   |
45 |                 cases.append(dict(case=name,status='MISSING',expected_fingerprint=digest))
46 |         complete=all(row['status']=='RESTORED_EXACT' for row in cases)
47 |         payload=dict(complete=complete,verified_at_utc=datetime.now(timezone.utc),cases=cases,
   |                                                                     ^^^^^^^^^^^^
48 |                      protected_source_config_hashes=lock['code_hashes'],
49 |                      no_saved_stage_replayed=True,trade_entry_allowed=False)
   |
help: Convert to `datetime.UTC` alias
   |
5  | from collections import defaultdict
   - from datetime import datetime, timezone
6  + from datetime import datetime, timezone, UTC
7  | from hashlib import sha256
--------------------------------------------------------------------------------
46 |         complete=all(row['status']=='RESTORED_EXACT' for row in cases)
   -         payload=dict(complete=complete,verified_at_utc=datetime.now(timezone.utc),cases=cases,
47 +         payload=dict(complete=complete,verified_at_utc=datetime.now(UTC),cases=cases,
48 |                      protected_source_config_hashes=lock['code_hashes'],
   |

I001 [*] Import block is un-sorted or un-formatted
  --> scripts/run_exit_research.py:2:1
   |
 1 |   """Controlled exit variants on identical frozen signals and actual paired fills."""
 2 | / from __future__ import annotations
 3 | |
 4 | | import argparse
 5 | | from collections import Counter
 6 | | from dataclasses import asdict, replace
 7 | | from datetime import datetime, timedelta
 8 | | import gzip
 9 | | from hashlib import sha256
10 | | import json
11 | | from pathlib import Path
12 | | from statistics import mean
13 | |
14 | | from crypto_bot.data.storage import read_klines_csv
15 | | from crypto_bot.strategy.virtual_portfolio import SimulationPolicy, VirtualPortfolio
16 | | from research_exit_management import EXIT_VARIANTS, ExitResearchPortfolio
17 | | from research_support import check_baseline, performance
18 | | from run_historical_portfolio import canonical, simulate
19 | | from run_research_execution_scenarios import restore_signal
20 | | from run_robustness_research import slice_bars, write_rows
21 | | from research_support import read_compressed
22 | | from research_inventory import save_artifact_hashes, verify_expected_fingerprint, verify_source_inputs
   | |______________________________________________________________________________________________________^
help: Organize imports
   |
4  | import argparse
5  + import gzip
6  + import json
7  | from collections import Counter
8  | from dataclasses import asdict, replace
9  | from datetime import datetime, timedelta
   - import gzip
10 | from hashlib import sha256
   - import json
11 | from pathlib import Path
12 | from statistics import mean
13 |
   - from crypto_bot.data.storage import read_klines_csv
   - from crypto_bot.strategy.virtual_portfolio import SimulationPolicy, VirtualPortfolio
14 | from research_exit_management import EXIT_VARIANTS, ExitResearchPortfolio
   - from research_support import check_baseline, performance
15 + from research_inventory import (
16 +     save_artifact_hashes,
17 +     verify_expected_fingerprint,
18 +     verify_source_inputs,
19 + )
20 + from research_support import check_baseline, performance, read_compressed
21 | from run_historical_portfolio import canonical, simulate
22 | from run_research_execution_scenarios import restore_signal
23 | from run_robustness_research import slice_bars, write_rows
   - from research_support import read_compressed
   - from research_inventory import save_artifact_hashes, verify_expected_fingerprint, verify_source_inputs
24 |
25 + from crypto_bot.data.storage import read_klines_csv
26 + from crypto_bot.strategy.virtual_portfolio import SimulationPolicy, VirtualPortfolio
27 +
28 |
   |

C408 Unnecessary `dict()` call (rewrite as a literal)
  --> scripts/run_exit_research.py:78:12
   |
76 |                   ambiguous[i]=True
77 |           stopped|=stop_hit
78 |       return dict(signal_id=trade['signal_id'],symbol=trade['symbol'],direction=trade['direction'],exit_time=after,
   |  ____________^
79 | |         follow_end=end,follow_right_censored=end<after+timedelta(days=30),
80 | |         later_tp2_price_touch=unconditional[0],later_tp3_price_touch=unconditional[1],
81 | |         tp2_before_original_sl_stop_first=before_stop[0],tp3_before_original_sl_stop_first=before_stop[1],
82 | |         tp2_same_bar_order_ambiguous=ambiguous[0],tp3_same_bar_order_ambiguous=ambiguous[1],
83 | |         original_sl_observed=stopped,not_a_counterfactual_profit_claim=True)
   | |____________________________________________________________________________^
help: Rewrite as a literal

C408 Unnecessary `dict()` call (rewrite as a literal)
   --> scripts/run_exit_research.py:120:25
    |
118 |                   strip=lambda fills:[{k:v for k,v in f.items() if k!='sequence'} for f in fills]
119 |                   assert canonical(strip(p.trades[sid]['fills']))==canonical(strip(original['fills'])),sid
120 |               pair.append(dict(variant=variant,trade=p.trades[sid],
    |  _________________________^
121 | |                 individual_trade_nav_max_drawdown=p.max_drawdown,baseline_entry_reproduced=True,
122 | |                 backtest_shadow_trade_nav_match=True,independent_trade_not_a_pooled_portfolio=True))
    | |___________________________________________________________________________________________________^
123 |           results.append(dict(signal_id=sid,actual_ready_observed_at=signal.event_time,
124 |               canonical_entry=original['entry_time'],variants=pair))
    |
help: Rewrite as a literal

C408 Unnecessary `dict()` call (rewrite as a literal)
   --> scripts/run_exit_research.py:123:24
    |
121 |                   individual_trade_nav_max_drawdown=p.max_drawdown,baseline_entry_reproduced=True,
122 |                   backtest_shadow_trade_nav_match=True,independent_trade_not_a_pooled_portfolio=True))
123 |           results.append(dict(signal_id=sid,actual_ready_observed_at=signal.event_time,
    |  ________________________^
124 | |             canonical_entry=original['entry_time'],variants=pair))
    | |_________________________________________________________________^
125 |       return results
    |
help: Rewrite as a literal

C408 Unnecessary `dict()` call (rewrite as a literal)
   --> scripts/run_exit_research.py:146:16
    |
144 |     eligible=[t for t in expected if t['status']=='CLOSED' and any(f['reason']=='TP1' for f in t['fills'])]
145 |     if not eligible:
146 |         return dict(status='NO_CANONICAL_TP1_EVENT_FOR_NONVACUOUS_EXIT_CAUSALITY',trade_entry_allowed=False)
    |                ^^^^^^^^^^^^^^^^^^^^^^^^^^^^^^^^^^^^^^^^^^^^^^^^^^^^^^^^^^^^^^^^^^^^^^^^^^^^^^^^^^^^^^^^^^^^^
147 |     original=min(eligible,key=lambda t:t['entry_time']);sid=original['signal_id'];symbol=original['symbol']
148 |     begin=datetime.fromisoformat(original['entry_interval_start']);cutoff=datetime.fromisoformat(original['exit_time'])
    |
help: Rewrite as a literal

C408 Unnecessary `dict()` call (rewrite as a literal)
   --> scripts/run_exit_research.py:158:41
    |
156 |         for data in (full,prefix,future):
157 |             p=execute_pair(signal,original,variant,data,policy,cutoff)
158 |             signatures.append(canonical(dict(trades=p.trades,journal=[asdict(d) for d in p.journal],equity=p.equity_curve)))
    |                                         ^^^^^^^^^^^^^^^^^^^^^^^^^^^^^^^^^^^^^^^^^^^^^^^^^^^^^^^^^^^^^^^^^^^^^^^^^^^^^^^^^^
159 |         assert len(set(signatures))==1,(sid,variant,'past exit changed with future prices')
160 |     return dict(status='PASS',actual_tp1_trade=sid,cutoff=cutoff,variants=list(EXIT_VARIANTS),
    |
help: Rewrite as a literal

C408 Unnecessary `dict()` call (rewrite as a literal)
   --> scripts/run_exit_research.py:160:12
    |
158 |               signatures.append(canonical(dict(trades=p.trades,journal=[asdict(d) for d in p.journal],equity=p.equity_curve)))
159 |           assert len(set(signatures))==1,(sid,variant,'past exit changed with future prices')
160 |       return dict(status='PASS',actual_tp1_trade=sid,cutoff=cutoff,variants=list(EXIT_VARIANTS),
    |  ____________^
161 | |         full_prefix_future_mutation=True,mutation_is_verification_only=True,trade_entry_allowed=False)
    | |______________________________________________________________________________________________________^
help: Rewrite as a literal

C408 Unnecessary `dict()` call (rewrite as a literal)
   --> scripts/run_exit_research.py:166:12
    |
164 |   def exit_case_context(folder,role):
165 |       source=json.loads((folder/'summary.json').read_text())
166 |       return dict(source_summary_sha256=sha256((folder/'summary.json').read_bytes()).hexdigest(),
    |  ____________^
167 | |                 source_signal_sha256=sha256(artifact(folder,'signals.jsonl').read_bytes()).hexdigest(),
168 | |                 input_hashes=source['input_hashes'],role=role)
    | |______________________________________________________________^
help: Rewrite as a literal

C408 Unnecessary `dict()` call (rewrite as a literal)
   --> scripts/run_exit_research.py:247:17
    |
245 |   …         base=p
246 |   …     destination=output/variant;destination.mkdir(parents=True,exist_ok=True)
247 |   …     receipt=dict(source=str(folder.relative_to(repo)),role=role,cohort='BYBIT_2026_DEVELOPMENT' if old else source['cohort'],
    |  _______________^
248 | | …         symbols=symbols,htf=htf,ltf=ltf,start=start,end=end,variant=variant,allocation=allocation,stop_policy=timing,
249 | | …         performance=exit_metrics(p,observed,start,end),source_signal_sha256=sha256(artifact(folder,'signals.jsonl').read_bytes())…
250 | | …         identical_frozen_incoming_signals=True,entry_and_risk_rules_unchanged=True,
251 | | …         later_admissions_can_change_due_to_exit_cash_occupancy=True,
252 | | …         equivalence_before_any_tp1_used=inactive,
253 | | …         baseline_a_exact_trade_decision_equity_match=variant=='A_40_30_30_BE_TP1',
254 | | …         baseline_commit=check_baseline(repo)['baseline_commit'],trade_entry_allowed=False)
    | |____________________________________________________________________________________________^
255 |   …     (destination/'summary.json').write_text(canonical(receipt)+'\n')
256 |   …     write_rows(destination/'trades.jsonl',p.trades.values())
    |
help: Rewrite as a literal

I001 [*] Import block is un-sorted or un-formatted
  --> scripts/run_historical_portfolio.py:2:1
   |
 1 |   """Offline historical virtual portfolio, with compounding and reproducible reports."""
 2 | / from __future__ import annotations
 3 | |
 4 | | import argparse
 5 | | from collections import Counter, defaultdict
 6 | | from concurrent.futures import ProcessPoolExecutor
 7 | | from dataclasses import asdict, replace
 8 | | from datetime import datetime, timedelta
 9 | | from hashlib import sha256
10 | | import json
11 | | from pathlib import Path
12 | |
13 | | from crypto_bot.data.storage import read_klines_csv
14 | | from crypto_bot.data.qa import audit_klines
15 | | from crypto_bot.strategy.auto_levels import AutoLevelPolicy
16 | | from crypto_bot.strategy.historical_replay import indexed_signal_updates
17 | | from crypto_bot.strategy.portfolio_statistics import portfolio_statistics
18 | | from crypto_bot.strategy.replay import EngineMode, STRATEGY_VERSION
19 | | from crypto_bot.strategy.virtual_portfolio import VirtualPortfolio, SimulationPolicy
   | |____________________________________________________________________________________^
20 |
21 |   SYMBOLS='BTCUSDT ETHUSDT SOLUSDT XRPUSDT BNBUSDT DOGEUSDT ADAUSDT LINKUSDT AVAXUSDT LTCUSDT'.split()
   |
help: Organize imports
   |
4  | import argparse
5  + import json
6  | from collections import Counter, defaultdict
--------------------------------------------------------------------------------
10 | from hashlib import sha256
   - import json
11 | from pathlib import Path
12 |
13 + from crypto_bot.data.qa import audit_klines
14 | from crypto_bot.data.storage import read_klines_csv
   - from crypto_bot.data.qa import audit_klines
15 | from crypto_bot.strategy.auto_levels import AutoLevelPolicy
16 | from crypto_bot.strategy.historical_replay import indexed_signal_updates
17 | from crypto_bot.strategy.portfolio_statistics import portfolio_statistics
   - from crypto_bot.strategy.replay import EngineMode, STRATEGY_VERSION
   - from crypto_bot.strategy.virtual_portfolio import VirtualPortfolio, SimulationPolicy
18 + from crypto_bot.strategy.replay import STRATEGY_VERSION, EngineMode
19 + from crypto_bot.strategy.virtual_portfolio import SimulationPolicy, VirtualPortfolio
20 |
   |

SIM905 [*] Consider using a list literal instead of `str.split`
  --> scripts/run_historical_portfolio.py:21:9
   |
19 | from crypto_bot.strategy.virtual_portfolio import VirtualPortfolio, SimulationPolicy
20 |
21 | SYMBOLS='BTCUSDT ETHUSDT SOLUSDT XRPUSDT BNBUSDT DOGEUSDT ADAUSDT LINKUSDT AVAXUSDT LTCUSDT'.split()
   |         ^^^^^^^^^^^^^^^^^^^^^^^^^^^^^^^^^^^^^^^^^^^^^^^^^^^^^^^^^^^^^^^^^^^^^^^^^^^^^^^^^^^^^^^^^^^^
help: Replace with list literal
   |
20 |
   - SYMBOLS='BTCUSDT ETHUSDT SOLUSDT XRPUSDT BNBUSDT DOGEUSDT ADAUSDT LINKUSDT AVAXUSDT LTCUSDT'.split()
21 + SYMBOLS=['BTCUSDT', 'ETHUSDT', 'SOLUSDT', 'XRPUSDT', 'BNBUSDT', 'DOGEUSDT', 'ADAUSDT', 'LINKUSDT', 'AVAXUSDT', 'LTCUSDT']
22 |
   |

C408 Unnecessary `dict()` call (rewrite as a literal)
   --> scripts/run_historical_portfolio.py:111:25
    |
109 |           if not passed and s.status.startswith('WAITING_'):
110 |               reasons.append('DATA_END_WITH_UNRESOLVED_SETUP')
111 |           outcomes.append(dict(signal_id=key,symbol=s.symbol,signal_stage='PASSED' if passed else 'REJECTED',
    |  _________________________^
112 | |             final_signal_status=s.status,execution_outcome=execution,reasons=list(dict.fromkeys(reasons))))
    | |__________________________________________________________________________________________________________^
113 |       partition=dict(total_setups=len(latest),passed=len(ready),rejected=len(latest)-len(ready),
114 |                      policy='PASSED_IF_EVER_READY_WAITING_AT_DATA_END_IS_RIGHT_CENSORED')
    |
help: Rewrite as a literal

C408 Unnecessary `dict()` call (rewrite as a literal)
   --> scripts/run_historical_portfolio.py:113:15
    |
111 |           outcomes.append(dict(signal_id=key,symbol=s.symbol,signal_stage='PASSED' if passed else 'REJECTED',
112 |               final_signal_status=s.status,execution_outcome=execution,reasons=list(dict.fromkeys(reasons))))
113 |       partition=dict(total_setups=len(latest),passed=len(ready),rejected=len(latest)-len(ready),
    |  _______________^
114 | |                    policy='PASSED_IF_EVER_READY_WAITING_AT_DATA_END_IS_RIGHT_CENSORED')
    | |_______________________________________________________________________________________^
115 |       assert partition['total_setups']==partition['passed']+partition['rejected']
116 |       return outcomes,partition
    |
help: Rewrite as a literal

C408 Unnecessary `dict()` call (rewrite as a literal)
   --> scripts/run_historical_portfolio.py:166:43
    |
164 |               data[symbol][tf]=[r.to_strategy_candle(tf*60000) for r in rows]
165 |               hashes[f'{symbol}/{tf}.csv']=sha256(path.read_bytes()).hexdigest()
166 |               quality[f'{symbol}/{tf}.csv']=dict(rows=len(rows),first_open=data[symbol][tf][0].open_time,
    |  ___________________________________________^
167 | |                 last_close=data[symbol][tf][-1].close_time,healthy=True)
    | |________________________________________________________________________^
168 |       # A final partial HTF interval still has usable closed LTF bars. Requiring a
169 |       # future HTF close here discarded valid geometry, admissions and exits.
    |
help: Rewrite as a literal

C408 Unnecessary `dict()` call (rewrite as a literal)
   --> scripts/run_historical_portfolio.py:194:34
    |
192 |              root/'config/source_rules.json',root/'pyproject.toml']
193 |       code_hashes={f.relative_to(root).as_posix():sha256(f.read_bytes()).hexdigest() for f in files}
194 |       context=json.loads(canonical(dict(input_hashes=hashes,input_code_hashes=code_hashes,
    |  __________________________________^
195 | |         symbols=symbols,htf=args.htf,ltf=args.ltf,mode=args.mode,start=start,end=end,
196 | |         warmup_start=warmup_start,initial_capital=args.initial_capital,
197 | |         policy=asdict(SimulationPolicy()),automatic_level_policy=asdict(AutoLevelPolicy()))))
    | |___________________________________________________________________________________________^
198 |       portfolio=VirtualPortfolio.load_checkpoint(args.checkpoint) if args.resume else VirtualPortfolio(
199 |           equity=args.initial_capital,mode=args.mode)
    |
help: Rewrite as a literal

C408 Unnecessary `dict()` call (rewrite as a literal)
   --> scripts/run_historical_portfolio.py:227:12
    |
225 |           for reason in s.level_blocking_reasons:
226 |               blockers[reason].add(s.signal_id)
227 |       funnel=dict(market_bars=len(p.equity_curve)*len(symbols),
    |  ____________^
228 | |         raw_structure_events_including_warmup={s:metadata[s]['structure_events'] for s in symbols},
229 | |         sfp_bos_links_including_warmup=sum(m['sfp_bos_links'] for m in metadata.values()),
230 | |         unique_setups=len(latest),signal_state_changes=len(observed),setup_outcomes=partition,
231 | |         latest_status_counts=dict(Counter(s.status for s in latest.values())),
232 | |         ever_status_unique_setup_counts={k:len(v) for k,v in sorted(ever.items())},
233 | |         ever_auto_blocker_unique_setup_counts={k:len(v) for k,v in sorted(blockers.items())},
234 | |         status_count_policy='EVER_COUNTS_OVERLAP_LATEST_COUNTS_DO_NOT',
235 | |         entries=len(p.trades),completed_trades=sum(t['status']=='CLOSED' for t in p.trades.values()))
    | |_____________________________________________________________________________________________________^
236 |       for status in ('WAITING_FOR_ENTRY_GEOMETRY','WAITING_FOR_SOURCE_LEVELS','WAITING_FOR_AUTO_LEVELS',
237 |                      'REJECTED_ENTRY_GEOMETRY','SOURCE_CONTEXT_BLOCKED','INVALIDATED','READY_FOR_VIRTUAL_ENTRY'):
    |
help: Rewrite as a literal

C408 Unnecessary `dict()` call (rewrite as a literal)
   --> scripts/run_historical_portfolio.py:254:13
    |
252 |           'DAILY_LOSS_LIMIT_LATCHED','REENTRY_SCORE_BELOW_75','PREVIOUS_POSITION_STILL_OPEN',
253 |           'COST_ADJUSTED_FILL_GEOMETRY','INVALID_QUANTITY','EQUITY_EXHAUSTED')}
254 |       payload=dict(strategy_version=STRATEGY_VERSION,mode=args.mode,trade_entry_allowed=False,
    |  _____________^
255 | |         analysis_mode='SOURCE_CONSERVATIVE',symbols=symbols,htf_minutes=args.htf,ltf_minutes=args.ltf,
256 | |         execution_start=start,execution_end=p.last_close,requested_execution_end=end,
257 | |         run_complete=p.last_close==end,days=(p.last_close-start).total_seconds()/86400,
258 | |         warmup_start=warmup_start,warmup_bars=args.warmup_bars,
259 | |         common_available_start=available_start,common_available_end=available_end,
260 | |         coverage_365_days=False if (available_end-available_start).days<365 else True,
261 | |         input_hashes=hashes,input_code_hashes=code_hashes,input_quality=quality,
262 | |         initial_capital=args.initial_capital,policy=asdict(p.policy),automatic_level_policy=asdict(AutoLevelPolicy()),
263 | |         funnel=funnel,portfolio=portfolio_statistics(p,observed,symbols),
264 | |         pending_setups=len(p.pending),index_metadata=metadata,
265 | |         limitations=['AUTO_LEVELS_EXPLICIT_NUMERIC_NORMALIZATIONS_NOT_INDEPENDENT_RAW_SOURCE_CERTIFICATION',
266 | |             'FRACTIONAL_LINEAR_COIN_QUANTITY_NO_HISTORICAL_EXCHANGE_LOT_FILTERS',
267 | |             'FUNDING_LIQUIDATION_NOT_MODELLED','OHLC_ORDER_CONSERVATIVE',
268 | |             'INTRABAR_LIMIT_TIME_IS_INTERVAL_KNOWN_AT_CLOSE',
269 | |             'LIMIT_ENTRY_BAR_PROFIT_REQUIRES_POST_TOUCH_CLOSE_ADVERSE_ENVELOPE_WINS',
270 | |             'MFE_MAE_FULL_BAR_ENVELOPE_CAN_INCLUDE_POST_EXIT_EXTREMES',
271 | |             'EQUITY_CURVE_AND_DRAWDOWN_SAMPLED_AT_BAR_CLOSE',
272 | |             'OPEN_POSITIONS_MARKED_NOT_FORCED_CLOSED_AT_END','NO_PUBLIC_LIVE_OR_EXECUTION'])
    | |____________________________________________________________________________________________^
273 |       args.report_root.mkdir(parents=True,exist_ok=True)
274 |       outputs={'summary.json':json.dumps(payload,sort_keys=True,indent=2,default=encode,allow_nan=False)+'\n',
    |
help: Rewrite as a literal

SIM211 Use `not ...` instead of `False if ... else True`
   --> scripts/run_historical_portfolio.py:260:27
    |
258 |         warmup_start=warmup_start,warmup_bars=args.warmup_bars,
259 |         common_available_start=available_start,common_available_end=available_end,
260 |         coverage_365_days=False if (available_end-available_start).days<365 else True,
    |                           ^^^^^^^^^^^^^^^^^^^^^^^^^^^^^^^^^^^^^^^^^^^^^^^^^^^^^^^^^^^
261 |         input_hashes=hashes,input_code_hashes=code_hashes,input_quality=quality,
262 |         initial_capital=args.initial_capital,policy=asdict(p.policy),automatic_level_policy=asdict(AutoLevelPolicy()),
    |
help: Replace with `not ...`

I001 [*] Import block is un-sorted or un-formatted
  --> scripts/run_research_execution_scenarios.py:2:1
   |
 1 |   """Replay frozen observed signals with registered costs/risk, without re-indexing."""
 2 | / from __future__ import annotations
 3 | |
 4 | | import argparse
 5 | | from dataclasses import asdict
 6 | | from datetime import datetime
 7 | | import gzip
 8 | | from hashlib import sha256
 9 | | import json
10 | | from pathlib import Path
11 | |
12 | | from crypto_bot.common.models import Direction
13 | | from crypto_bot.strategy.auto_levels import LevelEvidence
14 | | from crypto_bot.strategy.market_analysis import StructureAnalysisMode
15 | | from crypto_bot.strategy.replay import EngineMode, StrategySignal
16 | | from crypto_bot.strategy.trade_plan import PriceZone
17 | | from crypto_bot.strategy.virtual_portfolio import SimulationPolicy, VirtualPortfolio
18 | | from research_support import check_baseline, performance, read_compressed
19 | | from run_historical_portfolio import canonical, simulate
20 | | from run_robustness_research import slice_bars, write_rows
21 | | from research_inventory import reusable_case, save_artifact_hashes, verify_source_inputs
   | |________________________________________________________________________________________^
help: Organize imports
   |
4  | import argparse
5  + import gzip
6  + import json
7  | from dataclasses import asdict
8  | from datetime import datetime
   - import gzip
9  | from hashlib import sha256
   - import json
10 | from pathlib import Path
11 |
12 + from research_inventory import reusable_case, save_artifact_hashes, verify_source_inputs
13 + from research_support import check_baseline, performance, read_compressed
14 + from run_historical_portfolio import canonical, simulate
15 + from run_robustness_research import slice_bars, write_rows
16 +
17 | from crypto_bot.common.models import Direction
--------------------------------------------------------------------------------
22 | from crypto_bot.strategy.virtual_portfolio import SimulationPolicy, VirtualPortfolio
   - from research_support import check_baseline, performance, read_compressed
   - from run_historical_portfolio import canonical, simulate
   - from run_robustness_research import slice_bars, write_rows
   - from research_inventory import reusable_case, save_artifact_hashes, verify_source_inputs
23 |
   |

C408 Unnecessary `dict()` call (rewrite as a literal)
  --> scripts/run_research_execution_scenarios.py:76:21
   |
74 |           for name,policy in policies.items():
75 |               target=output/name/summary_path.parent.name
76 |               context=dict(cohort=cohort,htf=summary['htf'],ltf=ltf,window=summary['window'],segment=summary['segment'],
   |  _____________________^
77 | |                          start=start,end=end,scenario=name,policy=asdict(policy),
78 | |                          baseline_commit=summary['baseline_commit'],
79 | |                          source_signal_sha256=sha256((summary_path.parent/'signals.jsonl.gz').read_bytes()).hexdigest(),
80 | |                          source_input_hashes=summary['input_hashes'])
   | |_____________________________________________________________________^
81 |               if resume_existing:
82 |                   previous=reusable_case(target,context)
   |
help: Rewrite as a literal

C408 Unnecessary `dict()` call (rewrite as a literal)
  --> scripts/run_research_execution_scenarios.py:84:36
   |
82 | …eusable_case(target,context)
83 | …s is not None:
84 | …s.append(dict(scenario=name,window=summary['window']['name'],segment=summary['segment'],performance=previous['performance']))
   |           ^^^^^^^^^^^^^^^^^^^^^^^^^^^^^^^^^^^^^^^^^^^^^^^^^^^^^^^^^^^^^^^^^^^^^^^^^^^^^^^^^^^^^^^^^^^^^^^^^^^^^^^^^^^^^^^^^^^
85 | …t/'results.json').write_text(canonical(results)+'\n')
86 | …source.name,summary_path.parent.name,name,'verified artifacts reused',flush=True)
   |
help: Rewrite as a literal

C408 Unnecessary `dict()` call (rewrite as a literal)
   --> scripts/run_research_execution_scenarios.py:97:21
    |
 95 |                       assert reader.read()==''.join(canonical(t)+'\n' for t in p.equity_curve),summary_path
 96 |               target.mkdir(parents=True,exist_ok=True)
 97 |               payload=dict(cohort=cohort,htf=summary['htf'],ltf=ltf,window=summary['window'],segment=summary['segment'],
    |  _____________________^
 98 | |                 start=start,end=end,scenario=name,policy=asdict(policy),
 99 | |                 performance=performance(p,observed,start,end),canonical_parameters=name=='BASE_VERIFY',
100 | |                 baseline_commit=summary['baseline_commit'],baseline_hash_guard='PASS',
101 | |                 source_signal_sha256=sha256((summary_path.parent/'signals.jsonl.gz').read_bytes()).hexdigest(),
102 | |                 source_input_hashes=summary['input_hashes'],signal_generation_unchanged=True,
103 | |                 baseline_exact_trade_decision_equity_reproduction=name=='BASE_VERIFY',trade_entry_allowed=False)
    | |________________________________________________________________________________________________________________^
104 |               (target/'summary.json').write_text(canonical(payload)+'\n')
105 |               write_rows(target/'trades.jsonl',p.trades.values())
    |
help: Rewrite as a literal

C408 Unnecessary `dict()` call (rewrite as a literal)
   --> scripts/run_research_execution_scenarios.py:109:28
    |
107 |               write_rows(target/'equity_curve.jsonl.gz',p.equity_curve)
108 |               save_artifact_hashes(target)
109 |               results.append(dict(scenario=name,window=summary['window']['name'],segment=summary['segment'],
    |  ____________________________^
110 | |                                 performance=payload['performance']))
    | |___________________________________________________________________^
111 |               (output/'results.json').write_text(canonical(results)+'\n')
112 |               print(source.name,summary_path.parent.name,name,len(p.trades),'entries',flush=True)
    |
help: Rewrite as a literal

I001 [*] Import block is un-sorted or un-formatted
  --> scripts/run_robustness_research.py:2:1
   |
 1 |   """Frozen-rule external replay; independent windows/segments, no fitting or orders."""
 2 | / from __future__ import annotations
 3 | |
 4 | | import argparse
 5 | | from bisect import bisect_left
 6 | | from collections import Counter, defaultdict
 7 | | import csv
 8 | | from dataclasses import asdict
 9 | | from datetime import datetime, timedelta, timezone
10 | | from concurrent.futures import ProcessPoolExecutor
11 | | import gzip
12 | | from hashlib import sha256
13 | | import json
14 | | import pickle
15 | | from pathlib import Path
16 | |
17 | | from crypto_bot.strategy.historical_replay import indexed_signal_updates
18 | | from crypto_bot.strategy.virtual_portfolio import SimulationPolicy, VirtualPortfolio
19 | | from import_public_research_data import aggregate
20 | | from crypto_bot.data.models import MarketCandle
21 | | from research_support import check_baseline, performance, read_compressed, regime
22 | | from run_historical_portfolio import canonical, simulate
23 | | from research_variants import STRUCTURAL_VARIANTS, isolated_variant
24 | | from research_structure_cache import structure_cache, validated_prefix_reuse
25 | | from research_inventory import reusable_case, restore_checkpoint_schema
   | |_______________________________________________________________________^
help: Organize imports
   |
4  | import argparse
5  + import csv
6  + import gzip
7  + import json
8  + import pickle
9  | from bisect import bisect_left
10 | from collections import Counter, defaultdict
   - import csv
11 + from concurrent.futures import ProcessPoolExecutor
12 | from dataclasses import asdict
13 | from datetime import datetime, timedelta, timezone
   - from concurrent.futures import ProcessPoolExecutor
   - import gzip
14 | from hashlib import sha256
   - import json
   - import pickle
15 | from pathlib import Path
16 |
   - from crypto_bot.strategy.historical_replay import indexed_signal_updates
   - from crypto_bot.strategy.virtual_portfolio import SimulationPolicy, VirtualPortfolio
17 | from import_public_research_data import aggregate
   - from crypto_bot.data.models import MarketCandle
18 + from research_inventory import restore_checkpoint_schema, reusable_case
19 + from research_structure_cache import structure_cache, validated_prefix_reuse
20 | from research_support import check_baseline, performance, read_compressed, regime
   - from run_historical_portfolio import canonical, simulate
21 | from research_variants import STRUCTURAL_VARIANTS, isolated_variant
   - from research_structure_cache import structure_cache, validated_prefix_reuse
   - from research_inventory import reusable_case, restore_checkpoint_schema
22 + from run_historical_portfolio import canonical, simulate
23 +
24 + from crypto_bot.data.models import MarketCandle
25 + from crypto_bot.strategy.historical_replay import indexed_signal_updates
26 + from crypto_bot.strategy.virtual_portfolio import SimulationPolicy, VirtualPortfolio
27 |
   |

RUF007 Prefer `itertools.pairwise()` over `zip()` when iterating over successive pairs
  --> scripts/run_robustness_research.py:44:21
   |
42 |     gaps = []
43 |     for rows in base.values():
44 |         for a, b in zip(rows, rows[1:]):
   |                     ^^^
45 |             if a.close_time != b.open_time:
46 |                 gaps.append((max(begin,a.close_time), min(end,b.open_time)))
   |
help: Replace `zip()` with `itertools.pairwise()`

C408 Unnecessary `dict()` call (rewrite as a literal)
  --> scripts/run_robustness_research.py:94:37
   |
92 |             pending.add(key)
93 |         elif key in pending and decision.action in ('SETUP_WAITING','SETUP_INVALIDATED','SETUP_REJECTED','VIRTUAL_ENTRY_BLOCKED'):
94 |             terminal.setdefault(key,dict(time=decision.time,action=decision.action,reason=decision.reason))
   |                                     ^^^^^^^^^^^^^^^^^^^^^^^^^^^^^^^^^^^^^^^^^^^^^^^^^^^^^^^^^^^^^^^^^^^^^^
95 |             pending.discard(key)
96 |         elif decision.action=='VIRTUAL_ENTRY':
   |
help: Rewrite as a literal

C408 Unnecessary `dict()` call (rewrite as a literal)
   --> scripts/run_robustness_research.py:108:15
    |
106 |                     'TARGET_EVIDENCE_WITHDRAWN' if first and 'THREE_DISTINCT_FRESH_OPPOSING_POIS_NOT_FOUND' in first['reason'] else
107 |                     first['reason'] if first else 'PRICE_NOT_FILLED_BEFORE_OBSERVATION_END')
108 |           row = dict(signal_id=key,symbol=signal.symbol,direction=signal.direction.name,
    |  _______________^
109 | |                    first_ready_time=signal.event_time,ready_regime=market,ready_volatility_bucket=vol,
110 | |                    limit_price=signal.optimal_entry,filled=filled,entry_outcome=reason,
111 | |                    first_withdrawal_or_admission_block=first)
    | |_____________________________________________________________^
112 |           rows.append(row)
113 |           for label in ('symbol','direction','ready_regime','ready_volatility_bucket'):
    |
help: Rewrite as a literal

UP017 [*] Use `datetime.UTC` alias
   --> scripts/run_robustness_research.py:143:88
    |
141 |         with gzip.open(root/s/f'{base_tf}.csv.gz','rt',newline='') as handle:
142 |             row=next(csv.DictReader(handle))
143 |             first_opens.append(datetime.fromtimestamp(int(row['open_time_ms'])/1000,tz=timezone.utc))
    |                                                                                        ^^^^^^^^^^^^
144 |     # Earlier solitary-symbol years remain stored but cannot enter a fixed
145 |     # basket before its latest member exists. Retain its EXACT common coverage.
    |
help: Convert to `datetime.UTC` alias
    |
8   | from dataclasses import asdict
    - from datetime import datetime, timedelta, timezone
9   + from datetime import datetime, timedelta, timezone, UTC
10  | from concurrent.futures import ProcessPoolExecutor
--------------------------------------------------------------------------------
142 |             row=next(csv.DictReader(handle))
    -             first_opens.append(datetime.fromtimestamp(int(row['open_time_ms'])/1000,tz=timezone.utc))
143 +             first_opens.append(datetime.fromtimestamp(int(row['open_time_ms'])/1000,tz=UTC))
144 |     # Earlier solitary-symbol years remain stored but cannot enter a fixed
    |

C408 Unnecessary `dict()` call (rewrite as a literal)
   --> scripts/run_robustness_research.py:160:21
    |
158 |       anchor = begin + timedelta(days=90)
159 |       while anchor < final:
160 |           walk.append(dict(name=f'WALK_{len(walk):02}',start=anchor.isoformat(),end=min(final,anchor+timedelta(days=90)).isoformat(),
    |  _____________________^
161 | |                          reference_start=(anchor-timedelta(days=90)).isoformat(),partial=anchor+timedelta(days=90)>final))
    | |_________________________________________________________________________________________________________________________^
162 |           anchor += timedelta(days=90)
163 |       output.mkdir(parents=True,exist_ok=True)
    |
help: Rewrite as a literal

C408 Unnecessary `dict()` call (rewrite as a literal)
   --> scripts/run_robustness_research.py:164:60
    |
162 |           anchor += timedelta(days=90)
163 |       output.mkdir(parents=True,exist_ok=True)
164 |       (output/'coverage_segments.json').write_text(canonical(dict(segments=segments,gaps=gaps,
    |  ____________________________________________________________^
165 | |         gaps_never_interpolated=True,all_independent_portfolios=True))+'\n')
    | |_____________________________________________________________________^
166 |       results=retained_results(output,windows,segment_numbers)
167 |       policy = SimulationPolicy(risk_fraction=risk,fee_fraction=.0006*cost_factor,slippage_fraction=.0002*cost_factor,
    |
help: Rewrite as a literal

C408 Unnecessary `dict()` call (rewrite as a literal)
   --> scripts/run_robustness_research.py:183:32
    |
181 |               label=window['name']+f'_SEGMENT_{number:02}'
182 |               if begin>=end:
183 |                   results.append(dict(window=window['name'],segment=number,status='INSUFFICIENT_CONTIGUOUS_WARMUP',
    |  ________________________________^
184 | |                     available_start=max(requested_start,segment_start),available_end=end,never_omitted_due_to_pnl=True))
    | |_______________________________________________________________________________________________________________________^
185 |                   continue
186 |               prefix=max(segment_start,begin-timedelta(days=90))
    |
help: Rewrite as a literal

C408 Unnecessary `dict()` call (rewrite as a literal)
   --> scripts/run_robustness_research.py:191:32
    |
189 |             execution={s:[c for c in sample[s][ltf] if c.open_time>=begin] for s in symbols}
190 |             if not all(execution.values()):
191 |                 results.append(dict(window=window['name'],segment=number,status='NO_COMPLETE_EXECUTION_BAR'))
    |                                ^^^^^^^^^^^^^^^^^^^^^^^^^^^^^^^^^^^^^^^^^^^^^^^^^^^^^^^^^^^^^^^^^^^^^^^^^^^^^
192 |                 continue
193 |             actual_start=max(cs[0].open_time for cs in execution.values())
    |
help: Rewrite as a literal

C408 Unnecessary `dict()` call (rewrite as a literal)
   --> scripts/run_robustness_research.py:198:25
    |
196 |               if resume_existing:
197 |                   folder=output/label
198 |                   context=dict(cohort=cohort,htf=htf,ltf=ltf,window=window,segment=number,start=actual_start,end=actual_end,
    |  _________________________^
199 | |                     analysis_start=prefix,baseline_commit=lock['baseline_commit'],input_hashes=input_hashes,
200 | |                     mode=mode,policy=asdict(policy),variant=variant)
    | |____________________________________________________________________^
201 |                   previous=reusable_case(folder,context)
202 |                   if previous is not None:
    |
help: Rewrite as a literal

C408 Unnecessary `dict()` call (rewrite as a literal)
   --> scripts/run_robustness_research.py:206:36
    |
204 |   …         name=folder.relative_to(repo/'data/reports/robustness_research').as_posix()
205 |   …         restore_checkpoint_schema(folder,expected_fingerprints[name],repo/'data/reports/robustness_research/restoration_diagnosti…
206 |   …     results.append(dict(window=window['name'],segment=number,status='REPLAY_COMPLETE',path=str(folder),
    |  ______________________^
207 | | …         start=actual_start,end=actual_end,performance=previous['performance']))
    | |________________________________________________________________________________^
208 |   …     (output/'results.json').write_text(canonical(results)+'\n')
209 |   …     print(label,'verified original artifacts reused',flush=True)
    |
help: Rewrite as a literal

C408 Unnecessary `dict()` call (rewrite as a literal)
   --> scripts/run_robustness_research.py:213:40
    |
211 |               updates=[]
212 |               print(cohort,htf,ltf,label,actual_start.isoformat(),actual_end.isoformat(),'indexing',flush=True)
213 |               cache_key=sha256(canonical(dict(input_hashes=input_hashes,prefix=prefix,end=end,htf=htf,ltf=ltf,
    |  ________________________________________^
214 | |                             baseline=lock['code_hashes'],mode=mode,variant=variant,index_adapter_version=2)).encode()).hexdigest()
    | |___________________________________________________________________________________________________________^
215 |               cache=repo/'.research_cache'/(cache_key+'.pickle.gz')
216 |               # Only this adapter's own trusted local, hash-bound objects are read;
    |
help: Rewrite as a literal

C408 Unnecessary `dict()` call (rewrite as a literal)
   --> scripts/run_robustness_research.py:240:21
    |
238 |               ready,groups=ready_audit(observed,p,daily)
239 |               folder=output/label;folder.mkdir(exist_ok=True)
240 |               receipt=dict(cohort=cohort,htf=htf,ltf=ltf,window=window,segment=number,start=actual_start,end=actual_end,
    |  _____________________^
241 | |                 analysis_start=prefix,baseline_commit=lock['baseline_commit'],baseline_hash_guard='PASS',
242 | |                 input_hashes=input_hashes,
243 | |                 mode=mode,policy=asdict(policy),variant=variant,
244 | |                 canonical_parameters=cost_factor==1 and risk==.02 and variant=='BASE' and score==75,
245 | |                 performance=measurements,frequency_groups=groups,
246 | |                 gap_or_window_boundary_open_trades_right_censored=True,trade_entry_allowed=False)
    | |_________________________________________________________________________________________________^
247 |               (folder/'summary.json').write_text(canonical(receipt)+'\n')
248 |               write_rows(folder/'signals.jsonl.gz',(asdict(s) for s in observed))
    |
help: Rewrite as a literal

C408 Unnecessary `dict()` call (rewrite as a literal)
   --> scripts/run_robustness_research.py:261:28
    |
259 |   …         restore_checkpoint_schema(folder,expected_fingerprints[name],repo/'data/reports/robustness_research/restoration_diagnosti…
260 |   …         print(label,'checkpoint fingerprint MATCH',flush=True)
261 |   …     results.append(dict(window=window['name'],segment=number,status='REPLAY_COMPLETE',path=str(folder),
    |  ______________________^
262 | | …                         start=actual_start,end=actual_end,performance=measurements))
    | |_____________________________________________________________________________________^
263 |   …     (output/'results.json').write_text(canonical(results)+'\n')
264 |   …     print(label,measurements['setups'],'setups',measurements['ready'],'READY',measurements['entries'],'entries',flush=True)
    |
help: Rewrite as a literal

I001 [*] Import block is un-sorted or un-formatted
  --> scripts/run_source_bybit.py:6:1
   |
 4 |   fresh or each existing segment must pass exact code/input/artifact verification.
 5 |   """
 6 | / from __future__ import annotations
 7 | |
 8 | | import argparse
 9 | | from collections import Counter, defaultdict
10 | | from dataclasses import asdict
11 | | from datetime import datetime
12 | | import gzip
13 | | from hashlib import sha256
14 | | import heapq
15 | | import itertools
16 | | import json
17 | | from pathlib import Path
18 | | import statistics
19 | | import time
20 | |
21 | | from crypto_bot.data.storage import read_klines_csv
22 | | from crypto_bot.strategy.market_analysis import analyze_market
23 | | from crypto_bot.strategy.range_engine import RangeDetectionParams, analyze_ranges
24 | | from crypto_bot.strategy.source_engine import (SourceEngine, SourceSeries, SourceSignal, evidence_json,
25 | |                                                opposing_liquidity, pd_location, sign)
26 | | from crypto_bot.strategy.source_portfolio import SourcePortfolio, SourceRiskPolicy
   | |__________________________________________________________________________________^
27 |
28 |   REPO = Path(__file__).resolve().parents[1]
   |
help: Organize imports
   |
8  | import argparse
   - from collections import Counter, defaultdict
   - from dataclasses import asdict
   - from datetime import datetime
9  | import gzip
   - from hashlib import sha256
10 | import heapq
11 | import itertools
12 | import json
   - from pathlib import Path
13 | import statistics
14 | import time
15 + from collections import Counter, defaultdict
16 + from dataclasses import asdict
17 + from datetime import datetime
18 + from hashlib import sha256
19 + from pathlib import Path
20 |
21 | from crypto_bot.data.storage import read_klines_csv
22 | from crypto_bot.strategy.market_analysis import analyze_market
23 | from crypto_bot.strategy.range_engine import RangeDetectionParams, analyze_ranges
   - from crypto_bot.strategy.source_engine import (SourceEngine, SourceSeries, SourceSignal, evidence_json,
   -                                                opposing_liquidity, pd_location, sign)
24 + from crypto_bot.strategy.source_engine import (
25 +     SourceEngine,
26 +     SourceSeries,
27 +     SourceSignal,
28 +     evidence_json,
29 +     opposing_liquidity,
30 +     pd_location,
31 +     sign,
32 + )
33 | from crypto_bot.strategy.source_portfolio import SourcePortfolio, SourceRiskPolicy
   |

I001 [*] Import block is un-sorted or un-formatted
  --> scripts/run_source_cases_bybit.py:6:1
   |
 4 |   fresh or each existing segment must pass exact code/input/artifact verification.
 5 |   """
 6 | / from __future__ import annotations
 7 | |
 8 | | import argparse
 9 | | from collections import Counter, defaultdict
10 | | from concurrent.futures import ProcessPoolExecutor
11 | | from dataclasses import asdict
12 | | from datetime import datetime
13 | | import gzip
14 | | from hashlib import sha256
15 | | import heapq
16 | | import itertools
17 | | import json
18 | | from pathlib import Path
19 | | import statistics
20 | | import time
21 | |
22 | | from crypto_bot.data.storage import read_klines_csv
23 | | from crypto_bot.strategy.market_analysis import analyze_market
24 | | from crypto_bot.strategy.range_engine import RangeDetectionParams, analyze_ranges
25 | | from crypto_bot.strategy.source_corrected import (SourceEngine, SourceSeries, SourceSignal, evidence_json,
26 | |                                                opposing_liquidity, pd_location, sign)
27 | | from crypto_bot.strategy.source_portfolio import SourcePortfolio, SourceRiskPolicy
28 | | from crypto_bot.strategy.source_cases import deduplicate_cases, replay_case
   | |___________________________________________________________________________^
29 |
30 |   REPO = Path(__file__).resolve().parents[1]
   |
help: Organize imports
   |
8  | import argparse
   - from collections import Counter, defaultdict
   - from concurrent.futures import ProcessPoolExecutor
   - from dataclasses import asdict
   - from datetime import datetime
9  | import gzip
   - from hashlib import sha256
10 | import heapq
11 | import itertools
12 | import json
   - from pathlib import Path
13 | import statistics
14 | import time
15 + from collections import Counter, defaultdict
16 + from concurrent.futures import ProcessPoolExecutor
17 + from dataclasses import asdict
18 + from datetime import datetime
19 + from hashlib import sha256
20 + from pathlib import Path
21 |
22 | from crypto_bot.data.storage import read_klines_csv
23 | from crypto_bot.strategy.market_analysis import analyze_market
24 | from crypto_bot.strategy.range_engine import RangeDetectionParams, analyze_ranges
   - from crypto_bot.strategy.source_corrected import (SourceEngine, SourceSeries, SourceSignal, evidence_json,
   -                                                opposing_liquidity, pd_location, sign)
25 + from crypto_bot.strategy.source_cases import deduplicate_cases, replay_case
26 + from crypto_bot.strategy.source_corrected import (
27 +     SourceEngine,
28 +     SourceSeries,
29 +     SourceSignal,
30 +     evidence_json,
31 +     opposing_liquidity,
32 +     pd_location,
33 +     sign,
34 + )
35 | from crypto_bot.strategy.source_portfolio import SourcePortfolio, SourceRiskPolicy
   - from crypto_bot.strategy.source_cases import deduplicate_cases, replay_case
36 |
   |

I001 [*] Import block is un-sorted or un-formatted
   --> scripts/run_source_cases_bybit.py:142:9
    |
140 | …                                or ready['flow']['direction'] != t['direction']):
141 | …         reasons.append('NO_CAUSALLY_ACTIVE_GLOBAL_ORDER_FLOW_AT_OLD_READY')
142 | …     from crypto_bot.strategy.source_corrected import poi_entry_policy, Zone, Raid
    |       ^^^^^^^^^^^^^^^^^^^^^^^^^^^^^^^^^^^^^^^^^^^^^^^^^^^^^^^^^^^^^^^^^^^^^^^^^^^^^
143 | …     copied = dict(local)
144 | …     copied['raid'] = Raid(**{**copied['raid'], 'known_at': datetime.fromisoformat(copied['raid']['known_at'])}) if copied['raid'] e…
    |
help: Organize imports
    |
141 |             reasons.append('NO_CAUSALLY_ACTIVE_GLOBAL_ORDER_FLOW_AT_OLD_READY')
    -         from crypto_bot.strategy.source_corrected import poi_entry_policy, Zone, Raid
142 +         from crypto_bot.strategy.source_corrected import Raid, Zone, poi_entry_policy
143 |         copied = dict(local)
    |

I001 [*] Import block is un-sorted or un-formatted
  --> scripts/run_source_pdf_bybit.py:6:1
   |
 4 |   fresh or each existing segment must pass exact code/input/artifact verification.
 5 |   """
 6 | / from __future__ import annotations
 7 | |
 8 | | import argparse
 9 | | from collections import Counter, defaultdict
10 | | from concurrent.futures import ProcessPoolExecutor
11 | | from dataclasses import asdict
12 | | from datetime import datetime
13 | | import gzip
14 | | from hashlib import sha256
15 | | import heapq
16 | | import itertools
17 | | import json
18 | | from pathlib import Path
19 | | import statistics
20 | | import time
21 | |
22 | | from crypto_bot.data.storage import read_klines_csv
23 | | from crypto_bot.strategy.market_analysis import analyze_market
24 | | from crypto_bot.strategy.range_engine import RangeDetectionParams, analyze_ranges
25 | | from crypto_bot.strategy.source_pdf import (SourceEngine, SourceSeries, SourceSignal, evidence_json,
26 | |                                                opposing_liquidity, pd_location, sign)
27 | | from crypto_bot.strategy.source_portfolio import SourcePortfolio, SourceRiskPolicy
28 | | from crypto_bot.strategy.source_pdf_cases import deduplicate_cases, replay_case
   | |_______________________________________________________________________________^
29 |
30 |   REPO = Path(__file__).resolve().parents[1]
   |
help: Organize imports
   |
8  | import argparse
   - from collections import Counter, defaultdict
   - from concurrent.futures import ProcessPoolExecutor
   - from dataclasses import asdict
   - from datetime import datetime
9  | import gzip
   - from hashlib import sha256
10 | import heapq
11 | import itertools
12 | import json
   - from pathlib import Path
13 | import statistics
14 | import time
15 + from collections import Counter, defaultdict
16 + from concurrent.futures import ProcessPoolExecutor
17 + from dataclasses import asdict
18 + from datetime import datetime
19 + from hashlib import sha256
20 + from pathlib import Path
21 |
22 | from crypto_bot.data.storage import read_klines_csv
23 | from crypto_bot.strategy.market_analysis import analyze_market
24 | from crypto_bot.strategy.range_engine import RangeDetectionParams, analyze_ranges
   - from crypto_bot.strategy.source_pdf import (SourceEngine, SourceSeries, SourceSignal, evidence_json,
   -                                                opposing_liquidity, pd_location, sign)
   - from crypto_bot.strategy.source_portfolio import SourcePortfolio, SourceRiskPolicy
25 + from crypto_bot.strategy.source_pdf import (
26 +     SourceEngine,
27 +     SourceSeries,
28 +     SourceSignal,
29 +     evidence_json,
30 +     opposing_liquidity,
31 +     pd_location,
32 +     sign,
33 + )
34 | from crypto_bot.strategy.source_pdf_cases import deduplicate_cases, replay_case
35 + from crypto_bot.strategy.source_portfolio import SourcePortfolio, SourceRiskPolicy
36 |
   |

I001 [*] Import block is un-sorted or un-formatted
   --> scripts/run_source_pdf_bybit.py:144:9
    |
142 | …                                or ready['flow']['direction'] != t['direction']):
143 | …         reasons.append('NO_CAUSALLY_ACTIVE_GLOBAL_ORDER_FLOW_AT_OLD_READY')
144 | …     from crypto_bot.strategy.source_pdf import poi_entry_policy, Zone, Raid
    |       ^^^^^^^^^^^^^^^^^^^^^^^^^^^^^^^^^^^^^^^^^^^^^^^^^^^^^^^^^^^^^^^^^^^^^^^
145 | …     copied = dict(local)
146 | …     copied['raid'] = Raid(**{**copied['raid'], 'known_at': datetime.fromisoformat(copied['raid']['known_at'])}) if copied['raid'] e…
    |
help: Organize imports
    |
143 |             reasons.append('NO_CAUSALLY_ACTIVE_GLOBAL_ORDER_FLOW_AT_OLD_READY')
    -         from crypto_bot.strategy.source_pdf import poi_entry_policy, Zone, Raid
144 +         from crypto_bot.strategy.source_pdf import Raid, Zone, poi_entry_policy
145 |         copied = dict(local)
    |

I001 [*] Import block is un-sorted or un-formatted
  --> scripts/run_source_pdf_native_bybit.py:6:1
   |
 4 |   fresh or each existing segment must pass exact code/input/artifact verification.
 5 |   """
 6 | / from __future__ import annotations
 7 | |
 8 | | import argparse
 9 | | from collections import Counter, defaultdict
10 | | from concurrent.futures import ProcessPoolExecutor
11 | | from dataclasses import asdict
12 | | from datetime import datetime
13 | | import gzip
14 | | from hashlib import sha256
15 | | import heapq
16 | | import itertools
17 | | import json
18 | | from pathlib import Path
19 | | import statistics
20 | | import time
21 | |
22 | | from crypto_bot.data.storage import read_klines_csv
23 | | from crypto_bot.strategy.market_analysis import analyze_market
24 | | from crypto_bot.strategy.range_engine import RangeDetectionParams, analyze_ranges
25 | | from crypto_bot.strategy.source_pdf_native import (SourceEngine, SourceSeries, SourceSignal, evidence_json,
26 | |                                                opposing_liquidity, pd_location, sign)
27 | | from crypto_bot.strategy.source_portfolio import SourcePortfolio, SourceRiskPolicy
28 | | from crypto_bot.strategy.source_pdf_cases import deduplicate_cases, replay_case
   | |_______________________________________________________________________________^
29 |
30 |   REPO = Path(__file__).resolve().parents[1]
   |
help: Organize imports
   |
8  | import argparse
   - from collections import Counter, defaultdict
   - from concurrent.futures import ProcessPoolExecutor
   - from dataclasses import asdict
   - from datetime import datetime
9  | import gzip
   - from hashlib import sha256
10 | import heapq
11 | import itertools
12 | import json
   - from pathlib import Path
13 | import statistics
14 | import time
15 + from collections import Counter, defaultdict
16 + from concurrent.futures import ProcessPoolExecutor
17 + from dataclasses import asdict
18 + from datetime import datetime
19 + from hashlib import sha256
20 + from pathlib import Path
21 |
22 | from crypto_bot.data.storage import read_klines_csv
23 | from crypto_bot.strategy.market_analysis import analyze_market
24 | from crypto_bot.strategy.range_engine import RangeDetectionParams, analyze_ranges
   - from crypto_bot.strategy.source_pdf_native import (SourceEngine, SourceSeries, SourceSignal, evidence_json,
   -                                                opposing_liquidity, pd_location, sign)
25 + from crypto_bot.strategy.source_pdf_cases import deduplicate_cases, replay_case
26 + from crypto_bot.strategy.source_pdf_native import (
27 +     SourceEngine,
28 +     SourceSeries,
29 +     SourceSignal,
30 +     evidence_json,
31 +     opposing_liquidity,
32 +     pd_location,
33 +     sign,
34 + )
35 | from crypto_bot.strategy.source_portfolio import SourcePortfolio, SourceRiskPolicy
   - from crypto_bot.strategy.source_pdf_cases import deduplicate_cases, replay_case
36 |
   |

I001 [*] Import block is un-sorted or un-formatted
   --> scripts/run_source_pdf_native_bybit.py:144:9
    |
142 | …                                or ready['flow']['direction'] != t['direction']):
143 | …         reasons.append('NO_CAUSALLY_ACTIVE_GLOBAL_ORDER_FLOW_AT_OLD_READY')
144 | …     from crypto_bot.strategy.source_pdf_native import poi_entry_policy, Zone, Raid
    |       ^^^^^^^^^^^^^^^^^^^^^^^^^^^^^^^^^^^^^^^^^^^^^^^^^^^^^^^^^^^^^^^^^^^^^^^^^^^^^^
145 | …     copied = dict(local)
146 | …     copied['raid'] = Raid(**{**copied['raid'], 'known_at': datetime.fromisoformat(copied['raid']['known_at'])}) if copied['raid'] e…
    |
help: Organize imports
    |
143 |             reasons.append('NO_CAUSALLY_ACTIVE_GLOBAL_ORDER_FLOW_AT_OLD_READY')
    -         from crypto_bot.strategy.source_pdf_native import poi_entry_policy, Zone, Raid
144 +         from crypto_bot.strategy.source_pdf_native import Raid, Zone, poi_entry_policy
145 |         copied = dict(local)
    |

I001 [*] Import block is un-sorted or un-formatted
  --> scripts/run_strategy_replay.py:2:1
   |
 1 |   """Run offline BACKTEST/SHADOW observation and optional virtual management on CSV history."""
 2 | / from __future__ import annotations
 3 | |
 4 | | import argparse
 5 | | from collections import Counter
 6 | | from dataclasses import asdict
 7 | | from datetime import datetime, timedelta
 8 | | from hashlib import sha256
 9 | | import json
10 | | from pathlib import Path
11 | |
12 | | from crypto_bot.data.storage import read_klines_csv
13 | | from crypto_bot.strategy.auto_levels import AutoLevelPolicy
14 | | from crypto_bot.strategy.replay import EngineMode, QualifiedLevels, SourceQualification, STRATEGY_VERSION, evaluate_snapshot
15 | | from crypto_bot.strategy.virtual_portfolio import VirtualPortfolio
   | |__________________________________________________________________^
help: Organize imports
   |
4  | import argparse
5  + import json
6  | from collections import Counter
7  | from dataclasses import asdict
8  | from datetime import datetime, timedelta
9  | from hashlib import sha256
   - import json
10 | from pathlib import Path
11 |
12 | from crypto_bot.data.storage import read_klines_csv
13 | from crypto_bot.strategy.auto_levels import AutoLevelPolicy
   - from crypto_bot.strategy.replay import EngineMode, QualifiedLevels, SourceQualification, STRATEGY_VERSION, evaluate_snapshot
14 + from crypto_bot.strategy.replay import (
15 +     STRATEGY_VERSION,
16 +     EngineMode,
17 +     QualifiedLevels,
18 +     SourceQualification,
19 +     evaluate_snapshot,
20 + )
21 | from crypto_bot.strategy.virtual_portfolio import VirtualPortfolio
   |

I001 [*] Import block is un-sorted or un-formatted
 --> scripts/summarize_ready_evidence.py:2:1
  |
1 |   """Additional same-candidate intersections and causal evidence for READY audit."""
2 | / from collections import Counter, defaultdict
3 | | from datetime import datetime
4 | | import json
5 | | from pathlib import Path
6 | |
7 | | from audit_ready_root_cause import canonical, write_json, write_csv
8 | | from ready_audit_support import CANDIDATE_GATES
  | |_______________________________________________^
help: Organize imports
  |
1 | """Additional same-candidate intersections and causal evidence for READY audit."""
2 + import json
3 | from collections import Counter, defaultdict
4 | from datetime import datetime
  - import json
5 | from pathlib import Path
6 |
  - from audit_ready_root_cause import canonical, write_json, write_csv
7 + from audit_ready_root_cause import canonical, write_csv, write_json
8 | from ready_audit_support import CANDIDATE_GATES
  |

C408 Unnecessary `dict()` call (rewrite as a literal)
  --> scripts/summarize_ready_evidence.py:63:48
   |
61 |                           value=candidate['gates'][gate]
62 |                           truth[gate]['TRUE' if value else 'FALSE']+=1
63 |                           stream.write(canonical(dict(signal_id=row['signal_id'],candidate_a_open=candidate['a_open'],
   |  ________________________________________________^
64 | |                             symbol=row['symbol'],direction=row['direction'],timestamp=row['timestamp'],
65 | |                             previous_state=row['previous_state'],evaluated_gate=gate,result='TRUE' if value else 'FALSE',
66 | |                             production_evaluated=prior,diagnostic_only=not prior,next_state=row['next_state'],
67 | |                             reason='PASSED' if value else reason))+'\n')
   | |_________________________________________________________________^
68 |                           prior=prior and value
69 |                       if identity in candidate_seen:
   |
help: Rewrite as a literal

PERF102 When using only the values of a dict use the `values()` method
  --> scripts/summarize_ready_evidence.py:85:29
   |
83 |     # counts from different candidates may never be added together.
84 |     setup_intersections=Counter()
85 |     for ident,(row,diag) in setup_diags.items():
   |                             ^^^^^^^^^^^^^^^^^
86 |         candidates=diag['candidates']
87 |         window['auto_evaluated_setups']+=1
   |
help: Replace `.items()` with `.values()`

C408 Unnecessary `dict()` call (rewrite as a literal)
   --> scripts/summarize_ready_evidence.py:125:12
    |
123 |               signal=json.loads(line)
124 |               if signal['status']=='WAITING_FOR_AUTO_LEVELS':observed_automatic.add(signal['signal_id'])
125 |       result=dict(unique_automatic_setups=len(setup_diags),production_automatic_evaluations=production_auto_evaluations,
    |  ____________^
126 | |         automatic_evaluation_calls_only_in_warmup=len(set(setup_diags)-automatic_in_execution),
127 | |         automatic_eligible_setups_observed_in_baseline=len(observed_automatic),
128 | |         warmup_lifecycle_eligible_not_observed_in_baseline=len(set(setup_diags)-observed_automatic),
129 | |         condition_unique_setups_ever={g:{v:len(ids) for v,ids in values.items()} for g,values in condition_setups.items()},
130 | |         unique_candidate_pairs=len(candidate_seen),candidate_truth_counts=dict(candidate_counts),
131 | |         candidate_evaluation_truth_counts=dict(truth),candidate_sequential_intersections=dict(prefix_counts),
132 | |         setup_sequential_intersections=dict(setup_intersections),search_window_breakdown=dict(window),
133 | |         persistent_candidate_blocker_breakdown=dict(persistent),supporting_poi_breakdown=dict(support),
134 | |         ote_impulse_failure_breakdown=dict(price_geometry),
135 | |         state_transitions=[dict(previous=a,next=b,count=n) for (a,b),n in sorted(transitions.items())],
136 | |         invalidated_to_noninvalidated_state_resets=len(resets),
137 | |         shared_sfp_episodes_across_distinct_bos_setups=sum(len(ids)>1 for ids in episodes.values()),
138 | |         episode_reuse_interpretation='Shared live SFP context may link to distinct BOS IDs; consumed virtual-entry IDs cannot be re…
139 | |         causal_time_identity_checks='PASS',causal_errors=causal_errors,
140 | |         no_universal_rule_incompatibility='All predicates jointly satisfiable in LONG/SHORT OHLC-evidence fixtures; earlier conjunc…
141 | |         diagnostic_scope='All 6357 baseline identities, including their closed-candle warmup lifecycles')
    | |_________________________________________________________________________________________________________^
142 |       write_json(root/'detailed_evidence.json',result)
143 |       # Pairwise same-candidate TRUE intersections disclose incompatibilities in
    |
help: Rewrite as a literal

C408 Unnecessary `dict()` call (rewrite as a literal)
   --> scripts/summarize_ready_evidence.py:135:28
    |
133 |         persistent_candidate_blocker_breakdown=dict(persistent),supporting_poi_breakdown=dict(support),
134 |         ote_impulse_failure_breakdown=dict(price_geometry),
135 |         state_transitions=[dict(previous=a,next=b,count=n) for (a,b),n in sorted(transitions.items())],
    |                            ^^^^^^^^^^^^^^^^^^^^^^^^^^^^^^^
136 |         invalidated_to_noninvalidated_state_resets=len(resets),
137 |         shared_sfp_episodes_across_distinct_bos_setups=sum(len(ids)>1 for ids in episodes.values()),
    |
help: Rewrite as a literal

C408 Unnecessary `dict()` call (rewrite as a literal)
   --> scripts/summarize_ready_evidence.py:152:9
    |
150 |                 for b in sorted(keys)[i:]:pair[(a,b)]+=1
151 |     write_csv(root/'same_candidate_pairwise_intersections.csv',[
152 |         dict(condition_a=a,condition_b=b,joint_true=pair[tuple(sorted((a,b)))])
    |         ^^^^^^^^^^^^^^^^^^^^^^^^^^^^^^^^^^^^^^^^^^^^^^^^^^^^^^^^^^^^^^^^^^^^^^^
153 |         for i,(a,_) in enumerate(CANDIDATE_GATES) for b,_ in CANDIDATE_GATES[i:]])
154 |     # Additional explicitly diagnostic one-policy ablations on the first 60
    |
help: Rewrite as a literal

C408 Unnecessary `dict()` call (rewrite as a literal)
   --> scripts/summarize_ready_evidence.py:174:26
    |
172 |                       passing_except.add(row['signal_id'])
173 |                       if diag['independent_targets_available']:passing.add(row['signal_id'])
174 |           ablations.append(dict(parameter={'SUPPORTING_POI':'require_preexisting_gap_poi_fresh_before_A',
    |  __________________________^
175 | |                                'OB_OTE_AND_IMPULSE':'require_all_ABC_inside_structural_impulse'}.get(gate,'require_'+gate.lower()),
176 | |                         baseline_value=True,experimental_value=False,
177 | |                         training_setups=len(training),ob_conjunction_pass_except_this_requirement=len(passing_except),
178 | |                         ready_conjunction_pass_with_independent_targets=len(passing),
179 | |                         source_certification='UNREVIEWED_NOT_GRANTED',financial_replay=False))
    | |_____________________________________________________________________________________________^
180 |       write_json(root/'training_policy_sensitivity.json',dict(start=baseline_start,end=training_end,
181 |           status='READ_ONLY_ONE_POLICY_ABLATIONS_NOT_STRATEGY_OUTPUT_NOT_OPTIMIZATION',results=ablations))
    |
help: Rewrite as a literal

C408 Unnecessary `dict()` call (rewrite as a literal)
   --> scripts/summarize_ready_evidence.py:180:56
    |
178 |                           ready_conjunction_pass_with_independent_targets=len(passing),
179 |                           source_certification='UNREVIEWED_NOT_GRANTED',financial_replay=False))
180 |       write_json(root/'training_policy_sensitivity.json',dict(start=baseline_start,end=training_end,
    |  ________________________________________________________^
181 | |         status='READ_ONLY_ONE_POLICY_ABLATIONS_NOT_STRATEGY_OUTPUT_NOT_OPTIMIZATION',results=ablations))
    | |_______________________________________________________________________________________________________^
182 |       return result
    |
help: Rewrite as a literal

I001 [*] Import block is un-sorted or un-formatted
  --> scripts/summarize_robustness_research.py:2:1
   |
 1 |   """Publish complete, unselected research tables; never pool independent capital."""
 2 | / from __future__ import annotations
 3 | |
 4 | | import argparse
 5 | | from collections import Counter, defaultdict
 6 | | import csv
 7 | | from datetime import datetime
 8 | | import gzip
 9 | | import json
10 | | from pathlib import Path
11 | | from random import Random
12 | |
13 | | from crypto_bot.data.models import MarketCandle
14 | | from crypto_bot.strategy.portfolio_statistics import trade_statistics
15 | | from import_public_research_data import aggregate
16 | | from research_exit_management import EXIT_VARIANTS
17 | | from research_inventory import complete_study
18 | | from research_support import check_baseline, read_compressed, regime
19 | | from research_variants import STRUCTURAL_VARIANTS
20 | | from run_historical_portfolio import canonical
   | |______________________________________________^
21 |
22 |   MAPPINGS={'bybit':[(60,15),(240,15),(240,60)],
   |
help: Organize imports
   |
4  | import argparse
   - from collections import Counter, defaultdict
5  | import csv
   - from datetime import datetime
6  | import gzip
7  | import json
8  + from collections import Counter, defaultdict
9  + from datetime import datetime
10 | from pathlib import Path
11 | from random import Random
12 |
   - from crypto_bot.data.models import MarketCandle
   - from crypto_bot.strategy.portfolio_statistics import trade_statistics
13 | from import_public_research_data import aggregate
--------------------------------------------------------------------------------
19 |
20 + from crypto_bot.data.models import MarketCandle
21 + from crypto_bot.strategy.portfolio_statistics import trade_statistics
22 +
23 | MAPPINGS={'bybit':[(60,15),(240,15),(240,60)],
   |

C408 Unnecessary `dict()` call (rewrite as a literal)
  --> scripts/summarize_robustness_research.py:60:30
   |
58 |             folder=report/'canonical'/f'{cohort}_{htf}_{ltf}'
59 |             ok,receipt=complete_study(folder,split)
60 |             inventory.append(dict(study=folder.name,complete=ok,evidence=receipt))
   |                              ^^^^^^^^^^^^^^^^^^^^^^^^^^^^^^^^^^^^^^^^^^^^^^^^^^^^
61 |             if not ok:missing.append(folder.name)
62 |     split=json.loads((report/'binance_temporal_split.json').read_text())
   |
help: Rewrite as a literal

C408 Unnecessary `dict()` call (rewrite as a literal)
  --> scripts/summarize_robustness_research.py:66:26
   |
64 |         folder=report/'structural_sensitivity'/variant
65 |         ok,receipt=complete_study(folder,split,['VALIDATION'])
66 |         inventory.append(dict(study='structural_'+variant,complete=ok,evidence=receipt))
   |                          ^^^^^^^^^^^^^^^^^^^^^^^^^^^^^^^^^^^^^^^^^^^^^^^^^^^^^^^^^^^^^^
67 |         if not ok:missing.append('structural_'+variant)
68 |     for cohort,mappings in MAPPINGS.items():
   |
help: Rewrite as a literal

C408 Unnecessary `dict()` call (rewrite as a literal)
  --> scripts/summarize_robustness_research.py:80:30
   |
78 |             ok=bool(expected) and available==required
79 |             if not ok:missing.append('execution_'+mapping)
80 |             inventory.append(dict(study='execution_'+mapping,complete=ok,expected_cases=len(required),saved_cases=len(available)))
   |                              ^^^^^^^^^^^^^^^^^^^^^^^^^^^^^^^^^^^^^^^^^^^^^^^^^^^^^^^^^^^^^^^^^^^^^^^^^^^^^^^^^^^^^^^^^^^^^^^^^^^^
81 |     exit_sources={f'development_{h}_{l}':None for h,l in MAPPINGS['binance']}
82 |     exit_sources.update({f'{c}_{h}_{l}':report/'canonical'/f'{c}_{h}_{l}' for c,ms in MAPPINGS.items() for h,l in ms})
   |
help: Rewrite as a literal

C408 Unnecessary `dict()` call (rewrite as a literal)
  --> scripts/summarize_robustness_research.py:93:26
   |
91 |             ok=ok and (case/'paired_actual_entries.json').exists() and (case/'post_be_follow.json').exists() and (case/'exit_real_caus…
92 |         if not ok:missing.append('exit_'+study)
93 |         inventory.append(dict(study='exit_'+study,complete=ok,expected_cases=len(expected),saved_cases=len(cases)))
   |                          ^^^^^^^^^^^^^^^^^^^^^^^^^^^^^^^^^^^^^^^^^^^^^^^^^^^^^^^^^^^^^^^^^^^^^^^^^^^^^^^^^^^^^^^^^
94 |     (report/'research_completion_inventory.json').write_text(canonical(dict(complete=not missing,missing=missing,studies=inventory))+'…
95 |     if missing and not partial:
   |
help: Rewrite as a literal

C408 Unnecessary `dict()` call (rewrite as a literal)
  --> scripts/summarize_robustness_research.py:94:72
   |
92 | …xit_'+study)
93 | …='exit_'+study,complete=ok,expected_cases=len(expected),saved_cases=len(cases)))
94 | …ventory.json').write_text(canonical(dict(complete=not missing,missing=missing,studies=inventory))+'\n')
   |                                      ^^^^^^^^^^^^^^^^^^^^^^^^^^^^^^^^^^^^^^^^^^^^^^^^^^^^^^^^^^^^
95 | …
96 | …is not complete: '+', '.join(missing))
   |
help: Rewrite as a literal

C408 Unnecessary `dict()` call (rewrite as a literal)
   --> scripts/summarize_robustness_research.py:110:25
    |
108 |             if not (folder/'results.json').exists():continue
109 |             for row in json.loads((folder/'results.json').read_text()):
110 |                 context=dict(cohort=cohort,htf=htf,ltf=ltf,window=row['window'],segment=row['segment'],status=row['status'])
    |                         ^^^^^^^^^^^^^^^^^^^^^^^^^^^^^^^^^^^^^^^^^^^^^^^^^^^^^^^^^^^^^^^^^^^^^^^^^^^^^^^^^^^^^^^^^^^^^^^^^^^^
111 |                 if row['status']!='REPLAY_COMPLETE':
112 |                     windows.append(context);continue
    |
help: Rewrite as a literal

C408 Unnecessary `dict()` call (rewrite as a literal)
   --> scripts/summarize_robustness_research.py:117:41
    |
115 | …(context,start=source['start'],end=source['end'],**flat_performance(source)))
116 | …e/'ready_outcomes.jsonl')
117 | …s in dict(symbol=symbols,direction=['LONG','SHORT'],ready_regime=['BULL','BEAR','SIDEWAYS','UNKNOWN'],ready_volatility_bucket=['LOW','MEDIUM','HIGH','UNKNOWN']).item…
    |       ^^^^^^^^^^^^^^^^^^^^^^^^^^^^^^^^^^^^^^^^^^^^^^^^^^^^^^^^^^^^^^^^^^^^^^^^^^^^^^^^^^^^^^^^^^^^^^^^^^^^^^^^^^^^^^^^^^^^^^^^^^^^^^^^^^^^^^^^^^^^^^^^^^^^^^^^^^^
118 | …lues:
119 | …or r in ready if r[dimension]==value];filled=sum(r['filled'] for r in subset)
    |
help: Rewrite as a literal

C408 Unnecessary `dict()` call (rewrite as a literal)
   --> scripts/summarize_robustness_research.py:156:20
    |
154 |               key=(r['symbol'],r['direction'],r['bos_time'],r['bos_level_price'])
155 |               target_cases[key]=max(target_cases.get(key,0),r['distinct_fresh_opposing_pois'])
156 |       qualification=[dict(minimum_targets=n,qualified_ob_cases_with_sufficient_distinct_opposing_pois=sum(v>=n for v in target_cases.…
    |  ____________________^
157 | |         qualified_ob_cases=len(target_cases),qualification_only=True,not_ready_or_execution_count=True) for n in (2,3,4)]
    | |_______________________________________________________________________________________________________^
158 |       (report/'target_availability_qualification.json').write_text(canonical(qualification)+'\n')
159 |       exit_rows=[];follow=[];paired=[]
    |
help: Rewrite as a literal

C408 Unnecessary `dict()` call (rewrite as a literal)
   --> scripts/summarize_robustness_research.py:173:35
    |
171 |                   for v in pair['variants']:
172 |                       t=v['trade']
173 |                       paired.append(dict(study=path.parent.parent.name,case=path.parent.name,variant=v['variant'],
    |  ___________________________________^
174 | |                         signal_id=pair['signal_id'],symbol=t['symbol'],direction=t['direction'],status=t['status'],
175 | |                         entry=t['entry_time'],exit=t.get('exit_time'),net_pnl=t['net_pnl'],R=t['result_R'],
176 | |                         fees=t['fees_total'],slippage=t['slippage_total'],quantity=t['quantity'],risk=t['risk_amount'],
177 | |                         individual_trade_nav_max_drawdown=v['individual_trade_nav_max_drawdown'],
178 | |                         paired_shadow_match=v['backtest_shadow_trade_nav_match'],fills=t['fills']))
    | |__________________________________________________________________________________________________^
179 |       write_csv(report/'exit_management_metrics.csv',exit_rows)
180 |       write_csv(report/'post_be_follow.csv',follow)
    |
help: Rewrite as a literal

C408 Unnecessary `dict()` call (rewrite as a literal)
   --> scripts/summarize_robustness_research.py:193:48
    |
191 |                   for market in ('BULL','BEAR','SIDEWAYS','UNKNOWN'):
192 |                       for volatility in ('LOW','MEDIUM','HIGH','UNKNOWN'):
193 |                           regime_coverage.append(dict(cohort=cohort,symbol=symbol,period=period['name'],
    |  ________________________________________________^
194 | |                             regime=market,volatility=volatility,complete_daily_observations=labels[(market,volatility)],
195 | |                             calendar_coverage_not_a_strategy_signal_count=True))
    | |_______________________________________________________________________________^
196 |       write_csv(report/'causal_regime_calendar_coverage.csv',regime_coverage)
197 |       mc=[]
    |
help: Rewrite as a literal

C408 Unnecessary `dict()` call (rewrite as a literal)
   --> scripts/summarize_robustness_research.py:201:20
    |
199 |           for htf,ltf in mappings:
200 |               trades=list(sample_groups[(cohort,htf,ltf)].values());n=len(trades)
201 |               record=dict(cohort=cohort,htf=htf,ltf=ltf,unique_comparable_closed=n,
    |  ____________________^
202 | |                         excluded_overlapping_walk_replays=True,independent_cohorts_never_pooled=True)
    | |_____________________________________________________________________________________________________^
203 |               split=json.loads((report/f'{cohort}_temporal_split.json').read_text())
204 |               study_complete,_=complete_study(report/'canonical'/f'{cohort}_{htf}_{ltf}',split,verify_files=False)
    |
help: Rewrite as a literal

C408 Unnecessary `dict()` call (rewrite as a literal)
   --> scripts/summarize_robustness_research.py:220:41
    |
218 | …    equity*=max(0,1+.02*r);peak=max(peak,equity);dd=max(dd,1-equity/peak)
219 | …    streak=streak+1 if r< -1e-9 else 0;maximum=max(maximum,streak)
220 | …outcomes.append(dict(method=method,iteration=iteration,max_dd=dd,losing_streak=maximum,final_equity_multiple=equity))
    |                  ^^^^^^^^^^^^^^^^^^^^^^^^^^^^^^^^^^^^^^^^^^^^^^^^^^^^^^^^^^^^^^^^^^^^^^^^^^^^^^^^^^^^^^^^^^^^^^^^^^^^
221 | …v(report/f'monte_carlo_{cohort}_{htf}_{ltf}.csv',outcomes)
222 | …pdate(status='DESCRIPTIVE_OBSERVED_R_SEQUENCES',iterations_per_method=2000,seed=20261008,
    |
help: Rewrite as a literal

C408 Unnecessary `dict()` call (rewrite as a literal)
   --> scripts/summarize_robustness_research.py:226:67
    |
224 |               mc.append(record)
225 |       (report/'monte_carlo_sample_gate.json').write_text(canonical(mc)+'\n')
226 |       (report/'table_generation_receipt.json').write_text(canonical(dict(complete=complete,canonical_rows=len(windows),
    |  ___________________________________________________________________^
227 | |         frequency_rows=len(frequency),performance_group_rows=len(performance_groups),sensitivity_rows=len(sensitivity),
228 | |         exit_rows=len(exit_rows),paired_rows=len(paired),post_be_follow_rows=len(follow),
229 | |         no_variant_selected=True,baseline_hash_guard='PASS',trade_entry_allowed=False))+'\n')
    | |______________________________________________________________________________________^
230 |       print('Tables generated:',len(windows),'canonical rows;',len(exit_rows),'exit rows; complete =',complete)
    |
help: Rewrite as a literal

I001 [*] Import block is un-sorted or un-formatted
  --> scripts/verify_external_research.py:2:1
   |
 1 |   """Non-vacuous real-data causal prefix/future, determinism and mode checks."""
 2 | / from __future__ import annotations
 3 | |
 4 | | import argparse
 5 | | from contextlib import ExitStack
 6 | | from dataclasses import asdict, replace
 7 | | from datetime import datetime, timedelta
 8 | | import gzip
 9 | | from hashlib import sha256
10 | | import json
11 | | from pathlib import Path
12 | | from tempfile import TemporaryDirectory
13 | |
14 | | from crypto_bot.strategy.auto_levels import AutoLevelPolicy
15 | | from crypto_bot.strategy.historical_replay import indexed_signal_updates
16 | | from crypto_bot.strategy.replay import EngineMode
17 | | from research_support import check_baseline, read_compressed
18 | | from run_historical_portfolio import canonical, simulate
19 | | from run_research_execution_scenarios import restore_signal
20 | | from run_robustness_research import slice_bars
21 | | from research_structure_cache import structure_cache, validated_prefix_reuse
   | |____________________________________________________________________________^
help: Organize imports
   |
4  | import argparse
5  + import gzip
6  + import json
7  | from contextlib import ExitStack
8  | from dataclasses import asdict, replace
9  | from datetime import datetime, timedelta
   - import gzip
10 | from hashlib import sha256
   - import json
11 | from pathlib import Path
12 | from tempfile import TemporaryDirectory
13 |
   - from crypto_bot.strategy.auto_levels import AutoLevelPolicy
   - from crypto_bot.strategy.historical_replay import indexed_signal_updates
   - from crypto_bot.strategy.replay import EngineMode
14 + from research_structure_cache import structure_cache, validated_prefix_reuse
15 | from research_support import check_baseline, read_compressed
16 | from run_historical_portfolio import canonical, simulate
17 | from run_research_execution_scenarios import restore_signal
18 | from run_robustness_research import slice_bars
   - from research_structure_cache import structure_cache, validated_prefix_reuse
19 |
20 + from crypto_bot.strategy.auto_levels import AutoLevelPolicy
21 + from crypto_bot.strategy.historical_replay import indexed_signal_updates
22 + from crypto_bot.strategy.replay import EngineMode
23 +
24 |
   |

RUF059 Unpacked variable `meta` is never used
  --> scripts/verify_external_research.py:60:21
   |
58 |                 stack.enter_context(structure_cache(cache,source_hashes,summary['baseline_commit']))
59 |                 stack.enter_context(validated_prefix_reuse(histories))
60 |             signals,meta=indexed_signal_updates(histories,symbol=s,htf_minutes=htf,ltf_minutes=ltf,
   |                     ^^^^
61 |                                                  mode=mode,auto_level_policy=AutoLevelPolicy())
62 |         normalized=[replace(sig,mode=EngineMode.BACKTEST) for sig in signals if sig.event_time<=cutoff]
   |
help: Prefix it with an underscore or any other dummy variable pattern

C408 Unnecessary `dict()` call (rewrite as a literal)
  --> scripts/verify_external_research.py:65:24
   |
63 |         assert normalized, 'Causal evidence must be non-vacuous'
64 |         digest=sha256(canonical([asdict(sig) for sig in normalized]).encode()).hexdigest()
65 |         results.append(dict(case=name,digest=digest,count=len(normalized),signals=normalized))
   |                        ^^^^^^^^^^^^^^^^^^^^^^^^^^^^^^^^^^^^^^^^^^^^^^^^^^^^^^^^^^^^^^^^^^^^^^
66 |         print(name,len(normalized),'causal signals',flush=True)
67 |     assert len({r['digest'] for r in results})==1, 'Past signals changed'
   |
help: Rewrite as a literal

RUF059 Unpacked variable `observed` is never used
  --> scripts/verify_external_research.py:74:8
   |
72 |     assert any(replace(sig,event_time=actual.event_time)==actual for sig in candidates),'Real canonical READY not reproduced'
73 |     execution={s:slice_bars(sample[ltf],datetime.fromisoformat(summary['start']),end)}
74 |     bt,observed=simulate(execution,results[0]['signals'])
   |        ^^^^^^^^
75 |     sh,_=simulate(execution,[replace(sig,mode=EngineMode.SHADOW) for sig in results[0]['signals']],mode='SHADOW')
76 |     assert canonical(bt.trades)==canonical(sh.trades)
   |
help: Prefix it with an underscore or any other dummy variable pattern

C408 Unnecessary `dict()` call (rewrite as a literal)
  --> scripts/verify_external_research.py:79:13
   |
77 |       assert canonical([asdict(d) for d in bt.journal])==canonical([asdict(d) for d in sh.journal])
78 |       assert canonical(bt.equity_curve)==canonical(sh.equity_curve)
79 |       receipt=dict(source=str(path.relative_to(repo)),cohort=cohort,symbol=s,htf=htf,ltf=ltf,
   |  _____________^
80 | |         real_closed_trade_id=trade['trade_id'],direction=trade['direction'],analysis_start=begin,
81 | |         cutoff=cutoff,end=end,real_canonical_ready_reproduced=True,
82 | |         checks=[{k:v for k,v in r.items() if k!='signals'} for r in results],
83 | |         prefix_future_mutation_determinism_signal_mode_parity='PASS',
84 | |         same_frozen_signals_virtual_trade_decision_equity_mode_parity='PASS',
85 | |         single_symbol_verification_is_not_an_independent_performance_claim=True,
86 | |         future_mutation_is_a_causality_test_not_market_data=True,trade_entry_allowed=False)
   | |___________________________________________________________________________________________^
87 |       output.parent.mkdir(parents=True,exist_ok=True)
88 |       output.write_text(canonical(receipt)+'\n')
   |
help: Rewrite as a literal

I001 [*] Import block is un-sorted or un-formatted
  --> scripts/verify_frozen_research_resume.py:7:1
   |
 5 |   read through a symlink. Only the new validation receipt/log is published.
 6 |   """
 7 | / from __future__ import annotations
 8 | |
 9 | | import argparse
10 | | from hashlib import sha1, sha256
11 | | import json
12 | | import os
13 | | from pathlib import Path
14 | | import shutil
15 | | import subprocess
16 | | import sys
17 | | from tempfile import TemporaryDirectory
   | |_______________________________________^
help: Organize imports
   |
9  | import argparse
   - from hashlib import sha1, sha256
10 | import json
11 | import os
   - from pathlib import Path
12 | import shutil
13 | import subprocess
14 | import sys
15 + from hashlib import sha1, sha256
16 + from pathlib import Path
17 | from tempfile import TemporaryDirectory
   |

C408 Unnecessary `dict()` call (rewrite as a literal)
  --> scripts/verify_frozen_research_resume.py:69:12
   |
67 |             raise ValueError('Saved artifact fingerprint mismatch: ' + str(path.parent))
68 |         cases += 1
69 |     return dict(verified_artifact_manifests=cases, verified_artifact_files=files)
   |            ^^^^^^^^^^^^^^^^^^^^^^^^^^^^^^^^^^^^^^^^^^^^^^^^^^^^^^^^^^^^^^^^^^^^^^
help: Rewrite as a literal

C408 Unnecessary `dict()` call (rewrite as a literal)
  --> scripts/verify_frozen_research_resume.py:92:12
   |
90 |             raise ValueError('Historical file differs from saved Git blob: ' + str(path))
91 |         count += 1
92 |     return dict(verified_historical_git_blobs=count)
   |            ^^^^^^^^^^^^^^^^^^^^^^^^^^^^^^^^^^^^^^^^^
help: Rewrite as a literal

C408 Unnecessary `dict()` call (rewrite as a literal)
   --> scripts/verify_frozen_research_resume.py:112:12
    |
110 |                 raise ValueError('Unsafe execution receipt: ' + str(path))
111 |             checked += 1
112 |     return dict(verified_execution_source_contexts=checked)
    |            ^^^^^^^^^^^^^^^^^^^^^^^^^^^^^^^^^^^^^^^^^^^^^^^^
help: Rewrite as a literal

PLW1510 `subprocess.run` without explicit `check` argument
   --> scripts/verify_frozen_research_resume.py:158:25
    |
156 |                    '--workers', str(workers)]
157 |         with (output / 'frozen_resume.log').open('w') as log:
158 |             completed = subprocess.run(command, cwd=runtime, env=environment,
    |                         ^^^^^^^^^^^^^^
159 |                                        stdout=log, stderr=subprocess.STDOUT)
160 |         copied = data / 'reports/robustness_research'
    |
help: Add explicit `check=False`

I001 [*] Import block is un-sorted or un-formatted
  --> scripts/verify_historical_causality.py:7:1
   |
 5 |   experiment changes prices after the tested cutoff. It cannot qualify a past entry.
 6 |   """
 7 | / from __future__ import annotations
 8 | |
 9 | | import argparse
10 | | from dataclasses import asdict, replace
11 | | from datetime import datetime, timedelta
12 | | import json
13 | | from pathlib import Path
14 | | import tempfile
15 | |
16 | | from crypto_bot.data.storage import read_klines_csv
17 | | from crypto_bot.strategy.auto_levels import AutoLevelPolicy
18 | | from crypto_bot.strategy.historical_replay import indexed_signal_updates
19 | | from crypto_bot.strategy.replay import evaluate_snapshot
20 | | from crypto_bot.strategy.virtual_portfolio import VirtualPortfolio
21 | | from run_historical_portfolio import canonical, encode, simulate
   | |________________________________________________________________^
help: Organize imports
   |
9  | import argparse
10 + import json
11 + import tempfile
12 | from dataclasses import asdict, replace
13 | from datetime import datetime, timedelta
   - import json
14 | from pathlib import Path
   - import tempfile
15 |
16 + from run_historical_portfolio import canonical, encode, simulate
17 +
18 | from crypto_bot.data.storage import read_klines_csv
--------------------------------------------------------------------------------
22 | from crypto_bot.strategy.virtual_portfolio import VirtualPortfolio
   - from run_historical_portfolio import canonical, encode, simulate
23 |
   |

C408 Unnecessary `dict()` call (rewrite as a literal)
  --> scripts/verify_historical_causality.py:64:12
   |
62 |               assert complete.snapshot()==resumed.snapshot()
63 |       assert complete.trades[ready.signal_id]['status']=='CLOSED'
64 |       return dict(symbol=symbol,direction=trade['direction'],htf=htf,ltf=ltf,signal_id=ready.signal_id,
   |  ____________^
65 | |                 cutoff=cutoff,past_states=len(past[0]),prefix='PASS',future_mutation='PASS',
66 | |                 independent_snapshot='PASS',actual_ready_signal_match='PASS',
67 | |                 real_pending_and_filled_checkpoint_resume='PASS',trade_entry_allowed=False)
   | |___________________________________________________________________________________________^
help: Rewrite as a literal

I001 [*] Import block is un-sorted or un-formatted
  --> scripts/verify_historical_lifecycles.py:6:1
   |
 4 |   No signal generation, admission, target or historical OHLC is changed.
 5 |   """
 6 | / from __future__ import annotations
 7 | |
 8 | | import argparse
 9 | | from collections import Counter, defaultdict
10 | | from datetime import datetime
11 | | from hashlib import sha256
12 | | import json
13 | | from math import isclose
14 | | from pathlib import Path
15 | |
16 | | from crypto_bot.data.storage import read_klines_csv
   | |___________________________________________________^
help: Organize imports
   |
8  | import argparse
9  + import json
10 | from collections import Counter, defaultdict
11 | from datetime import datetime
12 | from hashlib import sha256
   - import json
13 | from math import isclose
   |

C408 Unnecessary `dict()` call (rewrite as a literal)
  --> scripts/verify_historical_lifecycles.py:75:23
   |
73 |               close(sum(f['quantity'] for f in trade['fills']),quantity)
74 |               close(trade['result_R'],trade['net_pnl']/trade['risk_amount'])
75 |           checks.append(dict(signal_id=key,symbol=symbol,direction=trade['direction'],
   |  _______________________^
76 | |             ready_time=signal['event_time'],entry_time=trade['entry_time'],entry_interval_start=trade['entry_interval_start'],
77 | |             actual_ohlc=[candle.open,candle.high,candle.low,candle.close],reference=reference,
78 | |             status=trade['status'],exit_reason=trade.get('exit_reason'),
79 | |             fills=[f['reason'] for f in trade['fills']],net_pnl=trade['net_pnl'],
80 | |             exact_source_ohlc_touch=True,risk_and_accounting='PASS'))
   | |____________________________________________________________________^
81 |       close(summary['portfolio']['balance']-summary['initial_capital'],
82 |             sum(-t['entry_fee']+sum(f['balance_change'] for f in t['fills']) for t in trades))
   |
help: Rewrite as a literal

C408 Unnecessary `dict()` call (rewrite as a literal)
  --> scripts/verify_historical_lifecycles.py:84:12
   |
82 |             sum(-t['entry_fee']+sum(f['balance_change'] for f in t['fills']) for t in trades))
83 |       close(summary['portfolio']['fees_paid'],sum(t['fees_total'] for t in trades))
84 |       return dict(run=str(root),htf=summary['htf_minutes'],ltf=summary['ltf_minutes'],
   |  ____________^
85 | |         ready=len(ready),entries=len(trades),closed=sum(t['status']=='CLOSED' for t in trades),
86 | |         directions=dict(Counter(t['direction'] for t in trades)),
87 | |         exit_reasons=dict(Counter(t.get('exit_reason','OPEN') for t in trades)),
88 | |         fill_reasons=dict(Counter(f['reason'] for t in trades for f in t['fills'])),
89 | |         accounting='PASS',real_ohlc_entry_validation='PASS',trade_entry_allowed=False,checks=checks)
   | |____________________________________________________________________________________________________^
help: Rewrite as a literal

I001 [*] Import block is un-sorted or un-formatted
 --> scripts/verify_primary_pdfs.py:2:1
  |
1 |   """Read-only verification of original PDF payloads and complete text extraction."""
2 | / from __future__ import annotations
3 | |
4 | | from hashlib import sha256
5 | | import json
6 | | from pathlib import Path
7 | | import subprocess
  | |_________________^
help: Organize imports
  |
3 |
4 + import json
5 + import subprocess
6 | from hashlib import sha256
  - import json
7 | from pathlib import Path
  - import subprocess
8 |
  |

I001 [*] Import block is un-sorted or un-formatted
  --> scripts/verify_source_bybit_evidence.py:2:1
   |
 1 |   """Read-only causal prefix and sequential-account evidence verification."""
 2 | / from __future__ import annotations
 3 | |
 4 | | import argparse
 5 | | from dataclasses import asdict
 6 | | from datetime import datetime, timezone
 7 | | from hashlib import sha256
 8 | | import heapq
 9 | | import itertools
10 | | import json
11 | | from pathlib import Path
12 | |
13 | | from crypto_bot.data.storage import read_klines_csv
14 | | from crypto_bot.strategy.market_analysis import analyze_market
15 | | from crypto_bot.strategy.range_engine import RangeDetectionParams, analyze_ranges
16 | | from crypto_bot.strategy.source_engine import SourceEngine, SourceSeries, evidence_json
   | |_______________________________________________________________________________________^
help: Organize imports
   |
4  | import argparse
5  + import heapq
6  + import itertools
7  + import json
8  | from dataclasses import asdict
9  | from datetime import datetime, timezone
10 | from hashlib import sha256
   - import heapq
   - import itertools
   - import json
11 | from pathlib import Path
   |

UP017 [*] Use `datetime.UTC` alias
   --> scripts/verify_source_bybit_evidence.py:138:102
    |
136 |     p.add_argument('--prefix-only', action='store_true')
137 |     args = p.parse_args()
138 |     result = {'real_history_prefix': verify_prefix(args.input.resolve(), datetime(2026, 3, 1, tzinfo=timezone.utc))}
    |                                                                                                      ^^^^^^^^^^^^
139 |     if not args.prefix_only:
140 |         result['ledger'] = verify_ledger(args.input.resolve())
    |
help: Convert to `datetime.UTC` alias
    |
5   | from dataclasses import asdict
    - from datetime import datetime, timezone
6   + from datetime import datetime, timezone, UTC
7   | from hashlib import sha256
--------------------------------------------------------------------------------
137 |     args = p.parse_args()
    -     result = {'real_history_prefix': verify_prefix(args.input.resolve(), datetime(2026, 3, 1, tzinfo=timezone.utc))}
138 +     result = {'real_history_prefix': verify_prefix(args.input.resolve(), datetime(2026, 3, 1, tzinfo=UTC))}
139 |     if not args.prefix_only:
    |

I001 [*] Import block is un-sorted or un-formatted
  --> scripts/verify_source_case_evidence.py:2:1
   |
 1 |   """Read-only native prefix/future-mutation and independent-case ledger audit."""
 2 | / from __future__ import annotations
 3 | | import argparse
 4 | | from collections import Counter
 5 | | from dataclasses import asdict, replace
 6 | | from datetime import datetime, timezone
 7 | | from hashlib import sha256
 8 | | import heapq
 9 | | import itertools
10 | | import json
11 | | from pathlib import Path
12 | | import sys
13 | |
14 | | from crypto_bot.data.storage import read_klines_csv
15 | | from crypto_bot.strategy.market_analysis import analyze_market
16 | | from crypto_bot.strategy.range_engine import RangeDetectionParams, analyze_ranges
17 | | from crypto_bot.strategy.source_corrected import SourceEngine, SourceSeries, evidence_json, sign
18 | | from crypto_bot.strategy.source_cases import deduplicate_cases, opportunity_key, same_opportunity
19 | | from crypto_bot.strategy.source_engine import SourceSignal
   | |__________________________________________________________^
20 |
21 |   sys.path.insert(0, str(Path(__file__).resolve().parent))
   |
help: Organize imports
   |
2  | from __future__ import annotations
3  +
4  | import argparse
5  + import heapq
6  + import itertools
7  + import json
8  + import sys
9  | from collections import Counter
10 | from dataclasses import asdict, replace
11 | from datetime import datetime, timezone
12 | from hashlib import sha256
   - import heapq
   - import itertools
   - import json
13 | from pathlib import Path
   - import sys
14 |
15 | from crypto_bot.data.storage import read_klines_csv
16 | from crypto_bot.strategy.market_analysis import analyze_market
17 | from crypto_bot.strategy.range_engine import RangeDetectionParams, analyze_ranges
   - from crypto_bot.strategy.source_corrected import SourceEngine, SourceSeries, evidence_json, sign
   - from crypto_bot.strategy.source_cases import deduplicate_cases, opportunity_key, same_opportunity
18 + from crypto_bot.strategy.source_cases import (
19 +     deduplicate_cases,
20 +     opportunity_key,
21 +     same_opportunity,
22 + )
23 + from crypto_bot.strategy.source_corrected import (
24 +     SourceEngine,
25 +     SourceSeries,
26 +     evidence_json,
27 +     sign,
28 + )
29 | from crypto_bot.strategy.source_engine import SourceSignal
   |

UP017 [*] Use `datetime.UTC` alias
  --> scripts/verify_source_case_evidence.py:65:52
   |
64 | def verify_prefix(folder, cutoff=None):
65 |     cutoff = cutoff or datetime(2026, 3, 1, tzinfo=timezone.utc)
   |                                                    ^^^^^^^^^^^^
66 |     policy = json.loads((folder / 'run_lock.json').read_text())['policy']
67 |     clean, total = prefix_engine(policy, cutoff, False)
   |
help: Convert to `datetime.UTC` alias
   |
5  | from dataclasses import asdict, replace
   - from datetime import datetime, timezone
6  + from datetime import datetime, timezone, UTC
7  | from hashlib import sha256
--------------------------------------------------------------------------------
64 | def verify_prefix(folder, cutoff=None):
   -     cutoff = cutoff or datetime(2026, 3, 1, tzinfo=timezone.utc)
65 +     cutoff = cutoff or datetime(2026, 3, 1, tzinfo=UTC)
66 |     policy = json.loads((folder / 'run_lock.json').read_text())['policy']
   |

I001 [*] Import block is un-sorted or un-formatted
  --> scripts/verify_source_pdf_evidence.py:2:1
   |
 1 |   """Read-only native prefix/future-mutation and independent-case ledger audit."""
 2 | / from __future__ import annotations
 3 | | import argparse
 4 | | from collections import Counter
 5 | | from dataclasses import asdict, replace
 6 | | from datetime import datetime, timezone
 7 | | from hashlib import sha256
 8 | | import heapq
 9 | | import itertools
10 | | import json
11 | | from pathlib import Path
12 | | import sys
13 | |
14 | | from crypto_bot.data.storage import read_klines_csv
15 | | from crypto_bot.strategy.market_analysis import analyze_market
16 | | from crypto_bot.strategy.range_engine import RangeDetectionParams, analyze_ranges
17 | | from crypto_bot.strategy.source_pdf import SourceEngine, SourceSeries, evidence_json, sign
18 | | from crypto_bot.strategy.source_pdf_cases import deduplicate_cases, opportunity_key, same_opportunity
19 | | from crypto_bot.strategy.source_engine import SourceSignal
   | |__________________________________________________________^
20 |
21 |   sys.path.insert(0, str(Path(__file__).resolve().parent))
   |
help: Organize imports
   |
2  | from __future__ import annotations
3  +
4  | import argparse
5  + import heapq
6  + import itertools
7  + import json
8  + import sys
9  | from collections import Counter
10 | from dataclasses import asdict, replace
11 | from datetime import datetime, timezone
12 | from hashlib import sha256
   - import heapq
   - import itertools
   - import json
13 | from pathlib import Path
   - import sys
14 |
15 | from crypto_bot.data.storage import read_klines_csv
16 | from crypto_bot.strategy.market_analysis import analyze_market
17 | from crypto_bot.strategy.range_engine import RangeDetectionParams, analyze_ranges
   - from crypto_bot.strategy.source_pdf import SourceEngine, SourceSeries, evidence_json, sign
   - from crypto_bot.strategy.source_pdf_cases import deduplicate_cases, opportunity_key, same_opportunity
18 | from crypto_bot.strategy.source_engine import SourceSignal
19 + from crypto_bot.strategy.source_pdf import (
20 +     SourceEngine,
21 +     SourceSeries,
22 +     evidence_json,
23 +     sign,
24 + )
25 + from crypto_bot.strategy.source_pdf_cases import (
26 +     deduplicate_cases,
27 +     opportunity_key,
28 +     same_opportunity,
29 + )
30 |
   |

UP017 [*] Use `datetime.UTC` alias
  --> scripts/verify_source_pdf_evidence.py:65:52
   |
64 | def verify_prefix(folder, cutoff=None, symbol="BTCUSDT"):
65 |     cutoff = cutoff or datetime(2026, 3, 1, tzinfo=timezone.utc)
   |                                                    ^^^^^^^^^^^^
66 |     policy = json.loads((folder / 'run_lock.json').read_text())['policy']
67 |     clean, total = prefix_engine(policy, cutoff, False, symbol)
   |
help: Convert to `datetime.UTC` alias
   |
5  | from dataclasses import asdict, replace
   - from datetime import datetime, timezone
6  + from datetime import datetime, timezone, UTC
7  | from hashlib import sha256
--------------------------------------------------------------------------------
64 | def verify_prefix(folder, cutoff=None, symbol="BTCUSDT"):
   -     cutoff = cutoff or datetime(2026, 3, 1, tzinfo=timezone.utc)
65 +     cutoff = cutoff or datetime(2026, 3, 1, tzinfo=UTC)
66 |     policy = json.loads((folder / 'run_lock.json').read_text())['policy']
   |

I001 [*] Import block is un-sorted or un-formatted
  --> scripts/verify_source_pdf_native_evidence.py:2:1
   |
 1 |   """Read-only native prefix/future-mutation and independent-case ledger audit."""
 2 | / from __future__ import annotations
 3 | | import argparse
 4 | | from collections import Counter
 5 | | from dataclasses import asdict, replace
 6 | | from datetime import datetime, timezone
 7 | | from hashlib import sha256
 8 | | import heapq
 9 | | import itertools
10 | | import json
11 | | from pathlib import Path
12 | | import sys
13 | |
14 | | from crypto_bot.data.storage import read_klines_csv
15 | | from crypto_bot.strategy.market_analysis import analyze_market
16 | | from crypto_bot.strategy.range_engine import RangeDetectionParams, analyze_ranges
17 | | from crypto_bot.strategy.source_pdf_native import SourceEngine, SourceSeries, evidence_json, sign
18 | | from crypto_bot.strategy.source_pdf_cases import deduplicate_cases, opportunity_key, same_opportunity
19 | | from crypto_bot.strategy.source_engine import SourceSignal
   | |__________________________________________________________^
20 |
21 |   sys.path.insert(0, str(Path(__file__).resolve().parent))
   |
help: Organize imports
   |
2  | from __future__ import annotations
3  +
4  | import argparse
5  + import heapq
6  + import itertools
7  + import json
8  + import sys
9  | from collections import Counter
10 | from dataclasses import asdict, replace
11 | from datetime import datetime, timezone
12 | from hashlib import sha256
   - import heapq
   - import itertools
   - import json
13 | from pathlib import Path
   - import sys
14 |
15 | from crypto_bot.data.storage import read_klines_csv
16 | from crypto_bot.strategy.market_analysis import analyze_market
17 | from crypto_bot.strategy.range_engine import RangeDetectionParams, analyze_ranges
   - from crypto_bot.strategy.source_pdf_native import SourceEngine, SourceSeries, evidence_json, sign
   - from crypto_bot.strategy.source_pdf_cases import deduplicate_cases, opportunity_key, same_opportunity
18 | from crypto_bot.strategy.source_engine import SourceSignal
19 + from crypto_bot.strategy.source_pdf_cases import (
20 +     deduplicate_cases,
21 +     opportunity_key,
22 +     same_opportunity,
23 + )
24 + from crypto_bot.strategy.source_pdf_native import (
25 +     SourceEngine,
26 +     SourceSeries,
27 +     evidence_json,
28 +     sign,
29 + )
30 |
   |

UP017 [*] Use `datetime.UTC` alias
  --> scripts/verify_source_pdf_native_evidence.py:65:52
   |
64 | def verify_prefix(folder, cutoff=None, symbol="BTCUSDT"):
65 |     cutoff = cutoff or datetime(2026, 3, 1, tzinfo=timezone.utc)
   |                                                    ^^^^^^^^^^^^
66 |     policy = json.loads((folder / 'run_lock.json').read_text())['policy']
67 |     clean, total = prefix_engine(policy, cutoff, False, symbol)
   |
help: Convert to `datetime.UTC` alias
   |
5  | from dataclasses import asdict, replace
   - from datetime import datetime, timezone
6  + from datetime import datetime, timezone, UTC
7  | from hashlib import sha256
--------------------------------------------------------------------------------
64 | def verify_prefix(folder, cutoff=None, symbol="BTCUSDT"):
   -     cutoff = cutoff or datetime(2026, 3, 1, tzinfo=timezone.utc)
65 +     cutoff = cutoff or datetime(2026, 3, 1, tzinfo=UTC)
66 |     policy = json.loads((folder / 'run_lock.json').read_text())['policy']
   |

I001 [*] Import block is un-sorted or un-formatted
 --> scripts/verify_source_pdf_preservation.py:2:1
  |
1 |   """Verify retained Git blobs and the frozen baseline without changing artifacts."""
2 | / from __future__ import annotations
3 | |
4 | | from collections import Counter
5 | | from hashlib import sha1, sha256
6 | | import json
7 | | from pathlib import Path
8 | | import subprocess
  | |_________________^
help: Organize imports
  |
3 |
4 + import json
5 + import subprocess
6 | from collections import Counter
7 | from hashlib import sha1, sha256
  - import json
8 | from pathlib import Path
  - import subprocess
  -
9 |
  |

I001 [*] Import block is un-sorted or un-formatted
  --> scripts/write_research_reports.py:2:1
   |
 1 |   """Render completed registered tables without selecting a parameter or exit."""
 2 | / from __future__ import annotations
 3 | |
 4 | | from collections import defaultdict
 5 | | import csv
 6 | | from datetime import datetime
 7 | | import json
 8 | | from pathlib import Path
 9 | | from zoneinfo import ZoneInfo
10 | |
11 | | from research_support import check_baseline
12 | | from summarize_robustness_research import MAPPINGS, PERIODS
   | |___________________________________________________________^
13 |
14 |   ROOT=Path(__file__).resolve().parents[1]
   |
help: Organize imports
  |
3 |
4 + import csv
5 + import json
6 | from collections import defaultdict
  - import csv
7 | from datetime import datetime
  - import json
8 | from pathlib import Path
  |

ISC004 Unparenthesized implicit string concatenation in collection
  --> scripts/write_research_reports.py:49:9
   |
47 |       verdict='INSUFFICIENT SAMPLE'
48 |       text=[f'# Frozen Strategy Engine: robustness research\n\n{verdict}. Отчёт сформирован {timestamp} (Asia/Yekaterinburg). Рыночные …
49 | /         f'Canonical `{lock["baseline_commit"]}`, policy `0.4.21-causal-limit.3`, все 57 source/config SHA неизменны. '
50 | |         'TP 40/30/30, исходный SL, cost-adjusted BE после TP1, входы и risk model сохранены. '
51 | |         'Ни один исследовательский вариант не выбран. BACKTEST/SHADOW virtual only; trade_entry_allowed=false; LIVE отключён.\n',
   | |________________________________________________________________________________________________________________________________^
52 |           '## DATA\n\nИстория 2026 Bybit остаётся DEVELOPMENT: 27 974 setups → 40 READY → 7 entries → 7 CLOSED. '
53 |           'Добавлены публичные зеркала, а не синтетические свечи. Прямые Bybit/Binance endpoints и официальные archives фактически пров…
   |
help: Did you forget a comma?
help: Wrap implicitly concatenated strings in parentheses

ISC004 Unparenthesized implicit string concatenation in collection
  --> scripts/write_research_reports.py:52:9
   |
50 |           'TP 40/30/30, исходный SL, cost-adjusted BE после TP1, входы и risk model сохранены. '
51 |           'Ни один исследовательский вариант не выбран. BACKTEST/SHADOW virtual only; trade_entry_allowed=false; LIVE отключён.\n',
52 | /         '## DATA\n\nИстория 2026 Bybit остаётся DEVELOPMENT: 27 974 setups → 40 READY → 7 entries → 7 CLOSED. '
53 | |         'Добавлены публичные зеркала, а не синтетические свечи. Прямые Bybit/Binance endpoints и официальные archives фактически про…
54 | |         'GitHub/raw/public Git LFS доступны. Binance market type не подтверждён upstream endpoint, поэтому этот cohort не назван der…
55 | |         'Он не объединяется с Bybit.\n']
   | |_______________________________________^
56 |       data=[]
57 |       for cohort in MAPPINGS:
   |
help: Did you forget a comma?
help: Wrap implicitly concatenated strings in parentheses

ISC004 Unparenthesized implicit string concatenation in collection
  --> scripts/write_research_reports.py:69:14
   |
67 |                table(['COHORT','SYMBOL','TF MIN','START','END EXCLUSIVE','CANDLES','STORED SHA256'],data),
68 |                'Source repositories, pinned commits, URLs, raw/logical SHA и exclusions: '+link('bybit_dataset_manifest.json')+'; '+li…
69 | /              '## SAMPLE / IS-OOS\n\nПравила и chronological splits зафиксированы до внешних результатов. '
70 | |              '2026 исключён из external primary. Новая более ранняя история — retrospective frozen-rule holdout, не prospective OOS.…
71 | |              'Ни в REFERENCE, ни в VALIDATION параметры не обучались и не подбирались.\n']
   | |_________________________________________________________________________________________^
72 |       split_rows=[]
73 |       for cohort in MAPPINGS:
   |
help: Did you forget a comma?
help: Wrap implicitly concatenated strings in parentheses

ISC004 Unparenthesized implicit string concatenation in collection
  --> scripts/write_research_reports.py:86:9
   |
84 |                       number(sums['entries']/sums['ready'],True) if sums['ready'] else '—'])
85 |       text += [table(['COHORT','MAPPING','PERIOD','OBSERVED SETUPS','READY','ENTRIES','CLOSED','LONG','SHORT','FILL RATE'],funnel),
86 | /         'Setups/READY — наблюдаемые состояния каждого replay, включая уже известные warmup states. '
87 | |         'Сумма строк не означает global unique setups. Walk replays пересекаются с primary periods и не увеличивают независимый samp…
88 | |         'Bybit 5m отсутствует: 15/5, 60/5, 240/5 для этого нового cohort UNAVAILABLE, не нулевой результат стратегии.\n',
   | |________________________________________________________________________________________________________________________^
89 |           '## PERFORMANCE / MAPPING\n\nКаждый mapping/period/continuous segment начинает самостоятельный virtual portfolio с 1170. '
90 |           'PnL независимых капиталов не суммируется в один account. Все нулевые сегменты сохранены в '+link('canonical_window_metrics.…
   |
help: Did you forget a comma?
help: Wrap implicitly concatenated strings in parentheses

ISC004 Unparenthesized implicit string concatenation in collection
   --> scripts/write_research_reports.py:97:14
    |
 95 |             number(r['win_rate'],True),number(r['profit_factor']),number(r['expectancy']),number(r['average_R']),number(r['median_R']…
 96 |             number(r['max_drawdown_fraction'],True),number(r['net_pnl']),number(r['equity_pnl'])] for r in active]))
 97 |       text += ['Полные costs, gross edge, payoff, drawdown duration, losing streak, union exposure, holding time, monthly frequency, '
    |  ______________^
 98 | |              'unrealized/realized account PnL — в CSV. Gross profit/loss в trade_statistics означает положительные/отрицательные **…
 99 | |              'gross_edge_before_fees выделен отдельно. Fees as % gross edge не определён при неположительном gross edge. '
100 | |              'Gross PnL использует уже проскользнувшие fill prices; slippage_total показан отдельно и не вычитается повторно из net…
101 | |              'Exposure от начала entry bar является upper bound, holding от известного entry close — lower bound для intrabar fills…
102 | |              'В конце окна/gap open trades цензурируются, не закрываются искусственно.\n',
    | |_________________________________________________________________________________________^
103 |           '## LONG/SHORT / SYMBOL / REGIME\n\n'+link('performance_groups.csv')+' содержит каждый symbol, оба направления и causal ent…
104 |           'включая группы с нулевым sample. Subgroup DD — realized contribution, не fictitious separate full account NAV. '
    |
help: Did you forget a comma?
help: Wrap implicitly concatenated strings in parentheses

ISC004 Unparenthesized implicit string concatenation in collection
   --> scripts/write_research_reports.py:135:14
    |
133 |       text.append(table(['MIN TARGETS','QUALIFIED OB CASES','ENOUGH DISTINCT OPPOSING POIS','MEANING'],
134 |           [[r['minimum_targets'],r['qualified_ob_cases'],r['qualified_ob_cases_with_sufficient_distinct_opposing_pois'],'QUALIFICATIO…
135 |       text += ['Fixed three-TP contract исключает честное execution сравнение с двумя/четырьмя targets без нового exit model. '
    |  ______________^
136 | |              'Поэтому этот counterfactual не выдаётся за сделки и не hardcodes READY.\n',
    | |________________________________________________________________________________________^
137 |           '## CAUSALITY / EXECUTION\n\n'+link('external_real_causality_parity.json')+': actual canonical READY reproduced; '
138 |           'full/prefix/future-mutated/repeat/SHADOW и ускоренные варианты дают одинаковые 633 прошлых signals. '
    |
help: Did you forget a comma?
help: Wrap implicitly concatenated strings in parentheses

ISC004 Unparenthesized implicit string concatenation in collection
   --> scripts/write_research_reports.py:148:9
    |
146 |   …     'Monte Carlo sample gates: '+link('monte_carlo_sample_gate.json')+'. Пересекающиеся walk windows и отдельные mapping/cohorts '
147 |   …     'не объединены для достижения порога.\n',
148 | / …     'Public mirror integrity подтверждена source object SHA, но это не independent exchange authenticity certification. '
149 | | …     'Binance instrument ambiguity и Bybit native HTF discrepancies ограничивают переносимость вывода на Bybit execution. '
150 | | …     'Baseline содержит явно обозначенные BACKTEST_PARAMETER POI/displacement/target normalizations, '
151 | | …     'а не source-approved геометрию всех блоков. Прежние source audits сохранены в HISTORICAL_PIPELINE_FINAL_REPORT.md. '
152 | | …     'Fee/slippage model сохранён; funding, order-book queue и реальные fills этой virtual проверкой не измерены. '
153 | | …     'Мало закрытых сделок и post-TP1 episodes: нельзя отделить устойчивый edge от случайности, '
154 | | …     'выбрать profitable symbol/параметр или менять baseline по этим данным. '
155 | | …     'Практическая жизнеспособность не доказана; LIVE запрещён.\n',
    | |___________________________________________________________________^
156 |   …     '## TESTS / GIT\n\nАктуальные tests/lint/mypy и protected SHA — '+link('continuation_stage_checks.json')+
157 |   …     '; полный test log — '+link('continuation_full_tests.log')+'. '
    |
help: Did you forget a comma?
help: Wrap implicitly concatenated strings in parentheses

ISC004 Unparenthesized implicit string concatenation in collection
   --> scripts/write_research_reports.py:170:9
    |
168 |       active=[r for r in rows if int(r['entries'])]
169 |       text=[f'# Controlled exit management research\n\nINSUFFICIENT SAMPLE. {timestamp} (Asia/Yekaterinburg); market timestamps UTC.\…
170 | /         'Canonical TP1=40%, TP2=30%, TP3=30%; исходный SL и cost-adjusted breakeven после TP1 **не менялись**. '
171 | |         'Эксперименты зарегистрированы в [EXIT_RESEARCH_PROTOCOL.md](EXIT_RESEARCH_PROTOCOL.md), commit `c2fdce0`, до alternative e…
172 | |         'Ни один кандидат не выбран по текущему PnL.\n',
    | |_______________________________________________________^
173 |           '## Dataset and pairing\n\nПрежние Bybit2026 7 closed trades — DEVELOPMENT, 6 независимых mapping portfolios. '
174 |           'New cohorts сохраняют frozen REFERENCE/VALIDATION/retrospective HOLDOUT periods. '
    |
help: Did you forget a comma?
help: Wrap implicitly concatenated strings in parentheses

ISC004 Unparenthesized implicit string concatenation in collection
   --> scripts/write_research_reports.py:173:9
    |
171 |   …     'Эксперименты зарегистрированы в [EXIT_RESEARCH_PROTOCOL.md](EXIT_RESEARCH_PROTOCOL.md), commit `c2fdce0`, до alternative exi…
172 |   …     'Ни один кандидат не выбран по текущему PnL.\n',
173 | / …     '## Dataset and pairing\n\nПрежние Bybit2026 7 closed trades — DEVELOPMENT, 6 независимых mapping portfolios. '
174 | | …     'New cohorts сохраняют frozen REFERENCE/VALIDATION/retrospective HOLDOUT periods. '
175 | | …     'Часть их canonical outcomes уже была просмотрена до exit protocol; не называем весь этот dataset untouched exit validation. '
176 | | …     'Отдельно заранее зарезервирован BTC-only Binance60/5 2019Q4: 395 observed setups → 0 READY → 0 entries. '
177 | | …     'Reserve сохранён, но не даёт exit observations. Это calendar-selected retrospective reserve, не prospective OOS.\n',
    | |__________________________________________________________________________________________________________________________^
178 |   …     'Full portfolio variants получают одинаковые incoming frozen signals/entry/risk rules. '
179 |   …     'Exit cash/occupancy может изменить будущие admissions; это feedback, не изменение входов. '
    |
help: Did you forget a comma?
help: Wrap implicitly concatenated strings in parentheses

ISC004 Unparenthesized implicit string concatenation in collection
   --> scripts/write_research_reports.py:178:9
    |
176 |   …     'Отдельно заранее зарезервирован BTC-only Binance60/5 2019Q4: 395 observed setups → 0 READY → 0 entries. '
177 |   …     'Reserve сохранён, но не даёт exit observations. Это calendar-selected retrospective reserve, не prospective OOS.\n',
178 | / …     'Full portfolio variants получают одинаковые incoming frozen signals/entry/risk rules. '
179 | | …     'Exit cash/occupancy может изменить будущие admissions; это feedback, не изменение входов. '
180 | | …     'Paired actual-entry replay использует actual earlier READY, исходные entry equity/quote/quantity/risk и original inherited a…
181 | | …     'Реальные сигналы не hardcoded и новые сделки не выдуманы. '
182 | | …     'Paired DD — индивидуальный trade NAV; full portfolio DD — отдельный 1170 account, эти величины не объединяются.\n',
    | |_________________________________________________________________________________________________________________________^
183 |   …     '## Fixed variants\n\nA40/30/30, B30/30/40, C25/25/50, D25/35/40 держат original immediate cost-adjusted BE после TP1. '
184 |   …     'Отдельные A timing variants: later favourable completed LTF close → next-bar BE; '
    |
help: Did you forget a comma?
help: Wrap implicitly concatenated strings in parentheses

ISC004 Unparenthesized implicit string concatenation in collection
   --> scripts/write_research_reports.py:183:9
    |
181 |           'Реальные сигналы не hardcoded и новые сделки не выдуманы. '
182 |           'Paired DD — индивидуальный trade NAV; full portfolio DD — отдельный 1170 account, эти величины не объединяются.\n',
183 | /         '## Fixed variants\n\nA40/30/30, B30/30/40, C25/25/50, D25/35/40 держат original immediate cost-adjusted BE после TP1. '
184 | |         'Отдельные A timing variants: later favourable completed LTF close → next-bar BE; '
185 | |         'original SL through TP1, BE after TP2; structural trailing using newly formed and SOURCE_CONSERVATIVE-confirmed protective LTF swing after TP1.…
186 | |         'Structural rule — declared experimental normalization, не source-approved replacement. '
187 | |         'Confirmation/ratchet исполняется с next bar, никакого retroactive stop на свече подтверждения. '
188 | |         'Same-bar OHLC ambiguity сохраняет pessimistic stop-first priority. Fractional exits оплачивают costs пропорционально original quantity.\n',
    | |___________________________________________________________________________________________________________________________________________________^
189 |           '## Results\n\nВсе active independent portfolio cases перечислены отдельно. TRADES означает CLOSED; '
190 |           'open/censored entries и TP rates приведены в полном CSV. Значения PnL/AvgWin/AvgLoss/expectancy — USDT; '
    |
help: Did you forget a comma?
help: Wrap implicitly concatenated strings in parentheses

ISC004 Unparenthesized implicit string concatenation in collection
   --> scripts/write_research_reports.py:214:9
    |
212 |   …     'future-prefix для actual TP1 case либо явно NO_CANONICAL_TP1_EVENT; vacuous check не называется доказательством exit path. '\
213 |   …     'Baseline A exact trades/decisions/NAV подтверждён на всех saved canonical cases.\n',
214 | / …     '## Answers\n\n1. **Является ли 40/30/30 экономически слабым?** По имеющейся выборке это не установлено. '
215 | | …     'Веса сами по себе не определяют expectancy: важны реальные target distances, probabilities, remaining-stop outcomes и costs.…
216 | | …     'Отрицательная observed expectancy малых cases описывает dataset, а не доказывает intrinsically weak allocation.\n\n'
217 | | …     '2. **Основная проблема win rate или маленький AvgWin?** В development оба фактора присутствуют: '
218 | | …     '5 SL losses и только 2 TP1→BE winners среди 7 closed replay instances. '
219 | | …     'Но это разные mapping portfolios; pooled PnL и устойчивый global win rate не утверждаются. '
220 | | …     'Внутри 240/60 N=2: win rate 50%, AvgWin11.1659 против AvgLoss23.6233; observed expectancy−6.2287. '
221 | | …     'Descriptive break-even win rate ≈67.91%, но две сделки не оценивают истинную вероятность.\n\n'
222 | | …     '3. **Слишком рано ли BE?** Недостаточно post-TP1 episodes и незавершённых 30-day observations. '
223 | | …     'Таблица later target touches не превращается в profit без original SL/cost/ordering checks. '
224 | | …     'Более прибыльный structural outcome одной уже использованной сделки не доказывает, что early BE ошибочен.\n\n'
225 | | …     '4. **Какой вариант устойчивее OOS?** Никакой не подтверждён достаточным untouched sample. '
226 | | …     'Main retrospective holdout partly unblinded для exit research; separate preregistered reserve имеет 0 entries. '
227 | | …     'В случаях SL до TP1 все 7 variants закономерно совпадают и не дают сравнительного exit evidence.\n\n'
228 | | …     '5. **Достаточна ли выборка для изменения canonical?** Нет: gate ≥100 comparable OOS closed trades/mapping и '
229 | | …     '≥30 post-TP1 events не достигнут. Требуется отдельный ещё не использованный период с достаточными actual admitted trades '
230 | | …     'и подтверждением costs/causality. До этого baseline40/30/30 остаётся неизменным.\n',
    | |__________________________________________________________________________________________^
231 |   …     '## Safety and publication\n\ntrade_entry_allowed=false; LIVE/private API/credentials/real orders отключены. '
232 |   …     'No entry rule changes; no optimization or candidate selection. Canonical rollback остаётся доступен. '
    |
help: Did you forget a comma?
help: Wrap implicitly concatenated strings in parentheses

I001 [*] Import block is un-sorted or un-formatted
 --> src/crypto_bot/analysis_report.py:1:1
  |
1 | / from __future__ import annotations
2 | |
3 | | import csv
4 | | import json
5 | | from collections import Counter
6 | | from pathlib import Path
7 | |
8 | | from crypto_bot.strategy.market_analysis import MarketAnalysisReport, TrendState
  | |________________________________________________________________________________^
help: Organize imports
   |
9  |
   -
10 | EVENT_FIELDS = [
   |

I001 [*] Import block is un-sorted or un-formatted
  --> src/crypto_bot/data/bybit.py:1:1
   |
 1 | / from __future__ import annotations
 2 | |
 3 | | import json
 4 | | import time
 5 | | from dataclasses import dataclass
 6 | | from typing import Callable, Mapping, Any
 7 | | from urllib.parse import urlencode
 8 | | from urllib.request import Request, urlopen
 9 | |
10 | | from crypto_bot.data.models import HistoricalFetch, InstrumentInfo, MarketCandle
   | |________________________________________________________________________________^
help: Organize imports
   |
5  | from dataclasses import dataclass
   - from typing import Callable, Mapping, Any
6  + from typing import Any, Callable, Mapping
7  | from urllib.parse import urlencode
8  | from urllib.request import Request, urlopen
9  |
10 | from crypto_bot.data.models import HistoricalFetch, InstrumentInfo, MarketCandle
   -
11 |
   |

UP035 [*] Import from `collections.abc` instead: `Callable`, `Mapping`
 --> src/crypto_bot/data/bybit.py:6:1
  |
4 | import time
5 | from dataclasses import dataclass
6 | from typing import Callable, Mapping, Any
  | ^^^^^^^^^^^^^^^^^^^^^^^^^^^^^^^^^^^^^^^^^
7 | from urllib.parse import urlencode
8 | from urllib.request import Request, urlopen
  |
help: Import from `collections.abc`
  |
5 | from dataclasses import dataclass
  - from typing import Callable, Mapping, Any
6 + from typing import Any
7 + from collections.abc import Callable, Mapping
8 | from urllib.parse import urlencode
  |

UP035 [*] Import from `collections.abc` instead: `Iterable`
 --> src/crypto_bot/data/models.py:6:1
  |
4 | from datetime import datetime, timezone
5 | from math import isfinite
6 | from typing import Iterable
  | ^^^^^^^^^^^^^^^^^^^^^^^^^^^
7 |
8 | from crypto_bot.common.models import Candle
  |
help: Import from `collections.abc`
  |
5 | from math import isfinite
  - from typing import Iterable
6 + from collections.abc import Iterable
7 |
  |

UP017 [*] Use `datetime.UTC` alias
  --> src/crypto_bot/data/models.py:42:73
   |
41 |     def to_strategy_candle(self, interval_ms: int) -> Candle:
42 |         open_time = datetime.fromtimestamp(self.open_time_ms / 1000, tz=timezone.utc)
   |                                                                         ^^^^^^^^^^^^
43 |         close_time = datetime.fromtimestamp((self.open_time_ms + interval_ms) / 1000, tz=timezone.utc)
44 |         return Candle(
   |
help: Convert to `datetime.UTC` alias
   |
3  | from dataclasses import dataclass
   - from datetime import datetime, timezone
4  + from datetime import datetime, timezone, UTC
5  | from math import isfinite
--------------------------------------------------------------------------------
41 |     def to_strategy_candle(self, interval_ms: int) -> Candle:
   -         open_time = datetime.fromtimestamp(self.open_time_ms / 1000, tz=timezone.utc)
42 +         open_time = datetime.fromtimestamp(self.open_time_ms / 1000, tz=UTC)
43 |         close_time = datetime.fromtimestamp((self.open_time_ms + interval_ms) / 1000, tz=timezone.utc)
   |

UP017 [*] Use `datetime.UTC` alias
  --> src/crypto_bot/data/models.py:43:90
   |
41 |     def to_strategy_candle(self, interval_ms: int) -> Candle:
42 |         open_time = datetime.fromtimestamp(self.open_time_ms / 1000, tz=timezone.utc)
43 |         close_time = datetime.fromtimestamp((self.open_time_ms + interval_ms) / 1000, tz=timezone.utc)
   |                                                                                          ^^^^^^^^^^^^
44 |         return Candle(
45 |             open_time=open_time,
   |
help: Convert to `datetime.UTC` alias
   |
3  | from dataclasses import dataclass
   - from datetime import datetime, timezone
4  + from datetime import datetime, timezone, UTC
5  | from math import isfinite
--------------------------------------------------------------------------------
42 |         open_time = datetime.fromtimestamp(self.open_time_ms / 1000, tz=timezone.utc)
   -         close_time = datetime.fromtimestamp((self.open_time_ms + interval_ms) / 1000, tz=timezone.utc)
43 +         close_time = datetime.fromtimestamp((self.open_time_ms + interval_ms) / 1000, tz=UTC)
44 |         return Candle(
   |

UP037 [*] Remove quotes from type annotation
   --> src/crypto_bot/data/models.py:112:10
    |
110 |         server_time_ms: int,
111 |         candles: Iterable[MarketCandle],
112 |     ) -> "HistoricalFetch":
    |          ^^^^^^^^^^^^^^^^^
113 |         return cls(
114 |             exchange=exchange,
    |
help: Remove quotes
    |
111 |         candles: Iterable[MarketCandle],
    -     ) -> "HistoricalFetch":
112 +     ) -> HistoricalFetch:
113 |         return cls(
    |

UP035 [*] Import from `collections.abc` instead: `Sequence`
 --> src/crypto_bot/data/qa.py:5:1
  |
3 | from dataclasses import dataclass
4 | from enum import Enum
5 | from typing import Sequence
  | ^^^^^^^^^^^^^^^^^^^^^^^^^^^
6 |
7 | from crypto_bot.data.models import MarketCandle
  |
help: Import from `collections.abc`
  |
4 | from enum import Enum
  - from typing import Sequence
5 + from collections.abc import Sequence
6 |
  |

RUF007 Prefer `itertools.pairwise()` over `zip()` when iterating over successive pairs
   --> src/crypto_bot/data/qa.py:107:24
    |
106 |     unique_sorted = sorted(seen)
107 |     for left, right in zip(unique_sorted, unique_sorted[1:]):
    |                        ^^^
108 |         delta = right - left
109 |         if delta > interval_ms:
    |
help: Replace `zip()` with `itertools.pairwise()`

I001 [*] Import block is un-sorted or un-formatted
 --> src/crypto_bot/data/storage.py:1:1
  |
1 | / from __future__ import annotations
2 | |
3 | | import csv
4 | | from pathlib import Path
5 | | from typing import Iterable
6 | |
7 | | from crypto_bot.data.models import MarketCandle
  | |_______________________________________________^
help: Organize imports
  |
8 |
  -
9 | CSV_FIELDS = [
  |

UP035 [*] Import from `collections.abc` instead: `Iterable`
 --> src/crypto_bot/data/storage.py:5:1
  |
3 | import csv
4 | from pathlib import Path
5 | from typing import Iterable
  | ^^^^^^^^^^^^^^^^^^^^^^^^^^^
6 |
7 | from crypto_bot.data.models import MarketCandle
  |
help: Import from `collections.abc`
  |
4 | from pathlib import Path
  - from typing import Iterable
5 + from collections.abc import Iterable
6 |
  |

I001 [*] Import block is un-sorted or un-formatted
 --> src/crypto_bot/global_report.py:1:1
  |
1 | / from __future__ import annotations
2 | |
3 | | import csv
4 | | import json
5 | | from pathlib import Path
6 | |
7 | | from crypto_bot.strategy.global_opportunity import GlobalOpportunity
8 | | from crypto_bot.strategy.mtf_diagnostics import BosInventory, CandidateBosDiagnostic
  | |____________________________________________________________________________________^
help: Organize imports
   |
9  |
   -
10 | GLOBAL_FIELDS = [
   |

I001 [*] Import block is un-sorted or un-formatted
 --> src/crypto_bot/mtf_report.py:1:1
  |
1 | / from __future__ import annotations
2 | |
3 | | import csv
4 | | import json
5 | | from collections import Counter
6 | | from pathlib import Path
7 | |
8 | | from crypto_bot.strategy.mtf_sfp import MtfSfpReport
  | |____________________________________________________^
help: Organize imports
   |
9  |
   -
10 | MTF_FIELDS = [
   |

I001 [*] Import block is un-sorted or un-formatted
 --> src/crypto_bot/range_report.py:1:1
  |
1 | / from __future__ import annotations
2 | |
3 | | import csv
4 | | import json
5 | | from collections import Counter
6 | | from pathlib import Path
7 | |
8 | | from crypto_bot.strategy.market_analysis import MarketEventKind
9 | | from crypto_bot.strategy.range_engine import RangeAnalysisReport, RangeDetectionParams, range_review_key
  | |________________________________________________________________________________________________________^
help: Organize imports
   |
8  | from crypto_bot.strategy.market_analysis import MarketEventKind
   - from crypto_bot.strategy.range_engine import RangeAnalysisReport, RangeDetectionParams, range_review_key
   -
9  + from crypto_bot.strategy.range_engine import (
10 +     RangeAnalysisReport,
11 +     RangeDetectionParams,
12 +     range_review_key,
13 + )
14 |
   |

I001 [*] Import block is un-sorted or un-formatted
  --> src/crypto_bot/range_validation_report.py:1:1
   |
 1 | / from __future__ import annotations
 2 | |
 3 | | import csv
 4 | | import json
 5 | | from dataclasses import asdict
 6 | | from pathlib import Path
 7 | |
 8 | | from crypto_bot.strategy.range_validation import (
 9 | |     OriginMtfFunnel,
10 | |     RangeAuditRow,
11 | |     RangeStageFunnel,
12 | |     RangeValidationMatrixRow,
13 | | )
   | |_^
help: Organize imports
   |
14 |
   -
15 | AUDIT_FIELDS = [
   |

I001 [*] Import block is un-sorted or un-formatted
  --> src/crypto_bot/strategy/auto_levels.py:8:1
   |
 6 |   source certification and never grants permission for exchange execution.
 7 |   """
 8 | / from __future__ import annotations
 9 | |
10 | | from dataclasses import dataclass
11 | | from bisect import bisect_right
12 | | from datetime import datetime
13 | | from math import isfinite
14 | | from typing import Sequence
15 | |
16 | | from crypto_bot.common.models import Candle, Direction
17 | | from crypto_bot.strategy.market_analysis import (
18 | |     MarketAnalysisReport, MarketEventKind, StructureAnalysisMode, TrendState,
19 | | )
20 | | from crypto_bot.strategy.mtf_sfp import MtfOpportunity
21 | | from crypto_bot.strategy.order_block import OrderBlockEvidence, assess_order_block
22 | | from crypto_bot.strategy.trade_plan import PriceZone, derive_structural_impulse_context
   | |_______________________________________________________________________________________^
help: Organize imports
   |
9  |
10 + from bisect import bisect_right
11 | from dataclasses import dataclass
   - from bisect import bisect_right
12 | from datetime import datetime
--------------------------------------------------------------------------------
17 | from crypto_bot.strategy.market_analysis import (
   -     MarketAnalysisReport, MarketEventKind, StructureAnalysisMode, TrendState,
18 +     MarketAnalysisReport,
19 +     MarketEventKind,
20 +     StructureAnalysisMode,
21 +     TrendState,
22 | )
23 | from crypto_bot.strategy.mtf_sfp import MtfOpportunity
24 | from crypto_bot.strategy.order_block import OrderBlockEvidence, assess_order_block
25 | from crypto_bot.strategy.trade_plan import PriceZone, derive_structural_impulse_context
   -
26 |
   |

UP035 [*] Import from `collections.abc` instead: `Sequence`
  --> src/crypto_bot/strategy/auto_levels.py:14:1
   |
12 | from datetime import datetime
13 | from math import isfinite
14 | from typing import Sequence
   | ^^^^^^^^^^^^^^^^^^^^^^^^^^^
15 |
16 | from crypto_bot.common.models import Candle, Direction
   |
help: Import from `collections.abc`
   |
13 | from math import isfinite
   - from typing import Sequence
14 + from collections.abc import Sequence
15 |
   |

SIM102 Use a single `if` statement instead of nested `if` statements
   --> src/crypto_bot/strategy/auto_levels.py:133:9
    |
131 |           if not 0 <= transition.bos_index < len(candles) or transition.bos_time != candles[transition.bos_index].close_time:
132 |               raise ValueError("structure transition BOS identity does not match history")
133 | /         if transition.resolved_index is not None:
134 | |             if (not transition.bos_index <= transition.resolved_index < len(candles)
135 | |                     or transition.resolved_time != candles[transition.resolved_index].close_time):
    | |__________________________________________________________________________________________________^
136 |                   raise ValueError("structure transition resolution does not match history")
137 |       if len({t.transition_id for t in report.structure_transition_diagnostics}) != len(report.structure_transition_diagnostics):
    |
help: Combine `if` statements using `and`

SIM102 Use a single `if` statement instead of nested `if` statements
   --> src/crypto_bot/strategy/auto_levels.py:218:13
    |
216 |               if right <= begin or end <= left:
217 |                   return None
218 | /             if begin <= left and right <= end:
219 | |                 if self.lows[node] > zone.high or self.highs[node] < zone.low:
    | |______________________________________________________________________________^
220 |                       return None
221 |               if right - left == 1:
    |
help: Combine `if` statements using `and`

I001 [*] Import block is un-sorted or un-formatted
  --> src/crypto_bot/strategy/checkpoint.py:6:1
   |
 4 |   pickle, import-by-name, credentials or exchange execution are used on restore.
 5 |   """
 6 | / from __future__ import annotations
 7 | |
 8 | | from dataclasses import fields, is_dataclass
 9 | | from datetime import date, datetime, timedelta
10 | | from enum import Enum
11 | | from hashlib import sha256
12 | | import json
13 | | from math import isclose, isfinite
14 | | import os
15 | | from pathlib import Path
16 | | import tempfile
17 | |
18 | | from crypto_bot.common.models import Direction
19 | | from crypto_bot.strategy.auto_levels import LevelEvidence
20 | | from crypto_bot.strategy.market_analysis import StructureAnalysisMode
21 | | from crypto_bot.strategy.replay import EngineMode, STRATEGY_VERSION, StrategySignal
22 | | from crypto_bot.strategy.trade_plan import PriceZone
23 | | from crypto_bot.strategy.virtual_portfolio import (
24 | |     Decision, SimulationPolicy, VirtualPortfolio, VirtualPosition,
25 | | )
   | |_^
26 |
27 |   SCHEMA_VERSION = 1
   |
help: Organize imports
   |
7  |
8  + import json
9  + import os
10 + import tempfile
11 | from dataclasses import fields, is_dataclass
12 | from datetime import date, datetime, timedelta
13 | from enum import Enum
14 | from hashlib import sha256
   - import json
15 | from math import isclose, isfinite
   - import os
16 | from pathlib import Path
   - import tempfile
17 |
18 | from crypto_bot.common.models import Direction
19 | from crypto_bot.strategy.auto_levels import LevelEvidence
20 | from crypto_bot.strategy.market_analysis import StructureAnalysisMode
   - from crypto_bot.strategy.replay import EngineMode, STRATEGY_VERSION, StrategySignal
21 + from crypto_bot.strategy.replay import STRATEGY_VERSION, EngineMode, StrategySignal
22 | from crypto_bot.strategy.trade_plan import PriceZone
23 | from crypto_bot.strategy.virtual_portfolio import (
   -     Decision, SimulationPolicy, VirtualPortfolio, VirtualPosition,
24 +     Decision,
25 +     SimulationPolicy,
26 +     VirtualPortfolio,
27 +     VirtualPosition,
28 | )
   |

C408 Unnecessary `dict()` call (rewrite as a literal)
   --> src/crypto_bot/strategy/checkpoint.py:109:16
    |
108 |   def save_checkpoint(portfolio: VirtualPortfolio, path: str | Path):
109 |       envelope = dict(schema_version=SCHEMA_VERSION, strategy_version=STRATEGY_VERSION,
    |  ________________^
110 | |                     trade_entry_allowed=False, state=snapshot(portfolio))
    | |_________________________________________________________________________^
111 |       envelope['sha256'] = sha256(_canonical(envelope).encode()).hexdigest()
112 |       target = Path(path)
    |
help: Rewrite as a literal

I001 [*] Import block is un-sorted or un-formatted
 --> src/crypto_bot/strategy/cross_asset_validation.py:1:1
  |
1 | / from __future__ import annotations
2 | |
3 | | from dataclasses import dataclass
4 | | from typing import Mapping, Sequence
  | |____________________________________^
help: Organize imports
  |
5 |
  -
6 | DEFAULT_CROSS_ASSET_BASKET: tuple[str, ...] = (
  |

UP035 [*] Import from `collections.abc` instead: `Mapping`, `Sequence`
 --> src/crypto_bot/strategy/cross_asset_validation.py:4:1
  |
3 | from dataclasses import dataclass
4 | from typing import Mapping, Sequence
  | ^^^^^^^^^^^^^^^^^^^^^^^^^^^^^^^^^^^^
help: Import from `collections.abc`
  |
3 | from dataclasses import dataclass
  - from typing import Mapping, Sequence
4 + from collections.abc import Mapping, Sequence
5 |
  |

I001 [*] Import block is un-sorted or un-formatted
 --> src/crypto_bot/strategy/global_opportunity.py:1:1
  |
1 | / from __future__ import annotations
2 | |
3 | | from dataclasses import dataclass
4 | | from datetime import datetime, timedelta
5 | |
6 | | from crypto_bot.common.models import Direction
7 | | from crypto_bot.strategy.market_analysis import StructureAnalysisMode
8 | | from crypto_bot.strategy.mtf_sfp import MtfSfpReport
  | |____________________________________________________^
help: Organize imports
   |
9  |
   -
10 | PRODUCTION_GLOBAL_CLUSTER_WINDOW_MINUTES = 0
   |

I001 [*] Import block is un-sorted or un-formatted
  --> src/crypto_bot/strategy/historical_replay.py:9:1
   |
 7 |   This index never accepts manual reviews or promotes future range outcomes.
 8 |   """
 9 | / from __future__ import annotations
10 | |
11 | | from bisect import bisect_right
12 | | from collections import defaultdict, Counter
13 | | from dataclasses import replace
14 | | from heapq import heappush, heappop
15 | |
16 | | from crypto_bot.common.models import Direction
17 | | from crypto_bot.strategy.auto_levels import AutoLevelPolicy, FreshnessIndex, derive_automatic_levels, ob_impulse_window
18 | | from crypto_bot.strategy.market_analysis import analyze_market, MarketEventKind, TrendState, LiquidityState
19 | | from crypto_bot.strategy.mtf_sfp import (link_sfp_formations_to_ltf_bos,
20 | |     MtfSfpStatus, cluster_entry_search_opportunities, _attach_entry_geometry)
21 | | from crypto_bot.strategy.replay import EngineMode, opportunity_key, signals_from_opportunities
22 | | from crypto_bot.strategy.range_engine import augment_market_report_with_range_sfps
23 | | from crypto_bot.strategy.trade_plan import PriceZone
   | |____________________________________________________^
help: Organize imports
   |
11 | from bisect import bisect_right
   - from collections import defaultdict, Counter
12 + from collections import Counter, defaultdict
13 | from dataclasses import replace
   - from heapq import heappush, heappop
14 + from heapq import heappop, heappush
15 |
16 | from crypto_bot.common.models import Direction
   - from crypto_bot.strategy.auto_levels import AutoLevelPolicy, FreshnessIndex, derive_automatic_levels, ob_impulse_window
   - from crypto_bot.strategy.market_analysis import analyze_market, MarketEventKind, TrendState, LiquidityState
   - from crypto_bot.strategy.mtf_sfp import (link_sfp_formations_to_ltf_bos,
   -     MtfSfpStatus, cluster_entry_search_opportunities, _attach_entry_geometry)
   - from crypto_bot.strategy.replay import EngineMode, opportunity_key, signals_from_opportunities
17 + from crypto_bot.strategy.auto_levels import (
18 +     AutoLevelPolicy,
19 +     FreshnessIndex,
20 +     derive_automatic_levels,
21 +     ob_impulse_window,
22 + )
23 + from crypto_bot.strategy.market_analysis import (
24 +     LiquidityState,
25 +     MarketEventKind,
26 +     TrendState,
27 +     analyze_market,
28 + )
29 + from crypto_bot.strategy.mtf_sfp import (
30 +     MtfSfpStatus,
31 +     _attach_entry_geometry,
32 +     cluster_entry_search_opportunities,
33 +     link_sfp_formations_to_ltf_bos,
34 + )
35 | from crypto_bot.strategy.range_engine import augment_market_report_with_range_sfps
36 + from crypto_bot.strategy.replay import (
37 +     EngineMode,
38 +     opportunity_key,
39 +     signals_from_opportunities,
40 + )
41 | from crypto_bot.strategy.trade_plan import PriceZone
   |

C408 Unnecessary `dict()` call (rewrite as a literal)
   --> src/crypto_bot/strategy/historical_replay.py:199:16
    |
197 |                   signatures[signal.signal_id] = signature
198 |       updates.sort(key=lambda s:(s.event_time, s.bos_time, s.direction.value, s.signal_id))
199 |       metadata = dict(structure_events={str(ltf_minutes):dict(Counter(e.kind.value for e in lr.events)),
    |  ________________^
200 | |                                      str(htf_minutes):dict(Counter(e.kind.value for e in hr.events))},
201 | |                     sfp_bos_links=len(confirmed), automatic_evaluations=automatic_evaluations,
202 | |                     range_episodes={str(ltf_minutes):dict(Counter(e.status for e in lrange.sweep_episodes)),
203 | |                                     str(htf_minutes):dict(Counter(e.status for e in hrange.sweep_episodes))},
204 | |                     range_sfp_events={str(ltf_minutes):lrange.sfp_formation_count,
205 | |                                       str(htf_minutes):hrange.sfp_formation_count},
206 | |                     index_policy='CANDLE_CLOSE_KNOWLEDGE_GATES_CAUSAL_AUTOMATIC_RANGE')
    | |_______________________________________________________________________________________^
207 |       return tuple(updates), metadata
    |
help: Rewrite as a literal

UP035 [*] Import from `collections.abc` instead: `Sequence`
 --> src/crypto_bot/strategy/market_analysis.py:6:1
  |
4 | from datetime import datetime
5 | from enum import Enum
6 | from typing import Sequence, TypedDict
  | ^^^^^^^^^^^^^^^^^^^^^^^^^^^^^^^^^^^^^^
7 |
8 | from crypto_bot.common.models import Candle
  |
help: Import from `collections.abc`
  |
5 | from enum import Enum
  - from typing import Sequence, TypedDict
6 + from typing import TypedDict
7 + from collections.abc import Sequence
8 |
  |

PIE796 Enum contains duplicate value: `"BEARISH_SFP_FORMATION_CONFIRMED"`
   --> src/crypto_bot/strategy/market_analysis.py:104:5
    |
102 |     BULLISH_SFP_INVALIDATED_CLOSE = "BULLISH_SFP_INVALIDATED_CLOSE"
103 |     # Backward-compatible enum aliases. The output value now explicitly says FORMATION.
104 |     BEARISH_SFP_CONFIRMED = "BEARISH_SFP_FORMATION_CONFIRMED"
    |     ^^^^^^^^^^^^^^^^^^^^^^^^^^^^^^^^^^^^^^^^^^^^^^^^^^^^^^^^^
105 |     BULLISH_SFP_CONFIRMED = "BULLISH_SFP_FORMATION_CONFIRMED"
    |

PIE796 Enum contains duplicate value: `"BULLISH_SFP_FORMATION_CONFIRMED"`
   --> src/crypto_bot/strategy/market_analysis.py:105:5
    |
103 |     # Backward-compatible enum aliases. The output value now explicitly says FORMATION.
104 |     BEARISH_SFP_CONFIRMED = "BEARISH_SFP_FORMATION_CONFIRMED"
105 |     BULLISH_SFP_CONFIRMED = "BULLISH_SFP_FORMATION_CONFIRMED"
    |     ^^^^^^^^^^^^^^^^^^^^^^^^^^^^^^^^^^^^^^^^^^^^^^^^^^^^^^^^^

SIM103 Return the negated condition directly
   --> src/crypto_bot/strategy/market_analysis.py:263:9
    |
261 |           if min_swing_index is not None and level.swing_index < min_swing_index:
262 |               return False
263 | /         if min_confirmed_after_index is not None and level.confirmed_index <= min_confirmed_after_index:
264 | |             return False
265 | |         return True
    | |___________________^
266 |
267 |       candidate_lows = [
    |
help: Inline condition

SIM103 Return the negated condition directly
   --> src/crypto_bot/strategy/market_analysis.py:318:9
    |
316 |           if min_swing_index is not None and level.swing_index < min_swing_index:
317 |               return False
318 | /         if min_confirmed_after_index is not None and level.confirmed_index <= min_confirmed_after_index:
319 | |             return False
320 | |         return True
    | |___________________^
321 |
322 |       candidate_highs = [
    |
help: Inline condition

PLR1736 [*] List index lookup in `enumerate()` loop
    --> src/crypto_bot/strategy/market_analysis.py:1099:67
     |
1097 |         new_low: StructuralLevel | None = None
1098 |         if i >= 2:
1099 |             left, center, right = candles[i - 2], candles[i - 1], candles[i]
     |                                                                   ^^^^^^^^^^
1100 |             if is_swing_high(left, center, right):
1101 |                 new_high = StructuralLevel(
     |
help: Use the loop variable directly
     |
1098 |         if i >= 2:
     -             left, center, right = candles[i - 2], candles[i - 1], candles[i]
1099 +             left, center, right = candles[i - 2], candles[i - 1], candle
1100 |             if is_swing_high(left, center, right):
     |

I001 [*] Import block is un-sorted or un-formatted
  --> src/crypto_bot/strategy/mtf_sfp.py:1:1
   |
 1 | / from __future__ import annotations
 2 | |
 3 | | from dataclasses import dataclass, replace
 4 | | from datetime import datetime, timedelta
 5 | | from enum import Enum
 6 | | from itertools import groupby
 7 | | from typing import TypedDict
 8 | |
 9 | | from crypto_bot.common.models import Direction
10 | | from crypto_bot.strategy.market_analysis import MarketAnalysisReport, MarketEvent, MarketEventKind, StructureAnalysisMode
11 | | from crypto_bot.strategy.trade_plan import TradePlanGeometryError, build_trade_plan_geometry, derive_structural_impulse_context
   | |_______________________________________________________________________________________________________________________________^
help: Organize imports
   |
9  | from crypto_bot.common.models import Direction
   - from crypto_bot.strategy.market_analysis import MarketAnalysisReport, MarketEvent, MarketEventKind, StructureAnalysisMode
   - from crypto_bot.strategy.trade_plan import TradePlanGeometryError, build_trade_plan_geometry, derive_structural_impulse_context
10 + from crypto_bot.strategy.market_analysis import (
11 +     MarketAnalysisReport,
12 +     MarketEvent,
13 +     MarketEventKind,
14 +     StructureAnalysisMode,
15 + )
16 + from crypto_bot.strategy.trade_plan import (
17 +     TradePlanGeometryError,
18 +     build_trade_plan_geometry,
19 +     derive_structural_impulse_context,
20 + )
21 |
   |

SIM114 [*] Combine `if` branches using logical `or` operator
   --> src/crypto_bot/strategy/mtf_sfp.py:214:9
    |
212 |           if event.kind != expected_kind or event.event_time <= sfp.event_time:
213 |               continue
214 | /         if sfp.episode_id is not None and event.episode_id == sfp.episode_id:
215 | |             matches.append(event)
216 | |         elif sfp.episode_id is None and event.level_id == sfp.level_id:
217 | |             matches.append(event)
    | |_________________________________^
218 |       return min(matches, key=lambda e: (e.event_time, e.candle_index, e.level_id)) if matches else None
    |
help: Combine `if` branches
    |
213 |             continue
    -         if sfp.episode_id is not None and event.episode_id == sfp.episode_id:
    -             matches.append(event)
    -         elif sfp.episode_id is None and event.level_id == sfp.level_id:
214 +         if sfp.episode_id is not None and event.episode_id == sfp.episode_id or sfp.episode_id is None and event.level_id == sfp.level_id:
215 |             matches.append(event)
    |

SIM102 Use a single `if` statement instead of nested `if` statements
   --> src/crypto_bot/strategy/mtf_sfp.py:401:5
    |
399 |       if (ltf_observation_start is None) != (ltf_observation_end is None):
400 |           raise MtfSfpError("LTF observation start/end must be supplied together")
401 | /     if ltf_observation_start is not None and ltf_observation_end is not None:
402 | |         if ltf_observation_end <= ltf_observation_start:
    | |________________________________________________________^
403 |               raise MtfSfpError("LTF observation end must be after start")
404 |       for name, value in (
    |
help: Combine `if` statements using `and`

C408 Unnecessary `dict()` call (rewrite as a literal)
   --> src/crypto_bot/strategy/mtf_sfp.py:450:36
    |
448 |           invalidation = _matching_invalidation(sfp, htf_report)
449 |
450 |           common: _CandidateCommon = dict(
    |  ____________________________________^
451 | |             candidate_id=candidate_id,
452 | |             htf_minutes=htf_minutes,
453 | |             ltf_minutes=ltf_minutes,
454 | |             htf_sfp_kind=sfp.kind,
455 | |             htf_sfp_event_time=sfp.event_time,
456 | |             htf_sfp_candle_index=sfp.candle_index,
457 | |             htf_episode_id=sfp.episode_id,
458 | |             htf_level_id=sfp.level_id,
459 | |             htf_level_price=sfp.level_price,
460 | |             htf_liquidity_origin=sfp.liquidity_origin,
461 | |             htf_range_id=sfp.range_id,
462 | |             htf_recovery_transition_ids=sfp.recovery_transition_ids,
463 | |             expected_direction=direction,
464 | |             expected_ltf_bos_kind=expected_bos_kind,
465 | |             max_wait_ltf_bars=max_wait_ltf_bars,
466 | |             max_wait_minutes=max_wait_minutes,
467 | |             sfp_invalidation_price=sfp.sfp_pattern_extreme_price,
468 | |             sfp_invalidation_event_time=invalidation.event_time if invalidation else None,
469 | |             sfp_invalidation_candle_index=invalidation.candle_index if invalidation else None,
470 | |             sfp_invalidation_close_price=invalidation.price if invalidation else None,
471 | |             deadline_event_time=deadline,
472 | |             trade_entry_allowed=False,
473 | |         )
    | |_________^
474 |
475 |           if ltf_observation_start is not None and ltf_observation_end is not None:
    |
help: Rewrite as a literal

SIM102 Use a single `if` statement instead of nested `if` statements
   --> src/crypto_bot/strategy/mtf_sfp.py:475:9
    |
473 |           )
474 |
475 | /         if ltf_observation_start is not None and ltf_observation_end is not None:
476 | |             if eligible_from < ltf_observation_start or eligible_from >= ltf_observation_end:
    | |_____________________________________________________________________________________________^
477 |                   candidates.append(
478 |                       MtfSfpCandidate(
    |
help: Combine `if` statements using `and`

C408 Unnecessary `tuple()` call (rewrite as a literal)
  --> src/crypto_bot/strategy/order_block.py:85:58
   |
84 |     if e.test_number == 1:
85 |         return OrderBlockAssessment(True, True, quality, tuple())
   |                                                          ^^^^^^^
86 |
87 |     if not e.ltf_reaction_confirmed:
   |
help: Rewrite as a literal

C408 Unnecessary `tuple()` call (rewrite as a literal)
  --> src/crypto_bot/strategy/order_block.py:95:54
   |
93 |         )
94 |
95 |     return OrderBlockAssessment(True, True, quality, tuple())
   |                                                      ^^^^^^^
help: Rewrite as a literal

C408 Unnecessary `dict()` call (rewrite as a literal)
  --> src/crypto_bot/strategy/portfolio_statistics.py:24:12
   |
22 |           peak=max(peak,contribution)
23 |           dd=max(dd,peak-contribution)
24 |       return dict(completed_trades=len(trades),wins=wins,losses=losses,
   |  ____________^
25 | |         breakevens=len(trades)-wins-losses,net_pnl=sum(pnls),gross_profit=gross_profit,
26 | |         gross_loss=gross_loss,profit_factor=gross_profit/gross_loss if gross_loss else None,
27 | |         expectancy=mean(pnls) if pnls else None,average_R=mean(rs) if rs else None,
28 | |         median_R=median(rs) if rs else None,win_rate=wins/len(trades) if trades else None,
29 | |         loss_rate=losses/len(trades) if trades else None,
30 | |         breakeven_rate=(len(trades)-wins-losses)/len(trades) if trades else None,
31 | |         longest_win_streak=max_win,longest_loss_streak=max_loss,
32 | |         realized_contribution_drawdown_usdt=dd,
33 | |         undefined_ratio_policy='NULL_WHEN_NO_TRADES_OR_NO_LOSSES')
   | |__________________________________________________________________^
help: Rewrite as a literal

C408 Unnecessary `dict()` call (rewrite as a literal)
  --> src/crypto_bot/strategy/portfolio_statistics.py:67:40
   |
65 |       for category in ('by_symbol','by_direction','score_buckets'):
66 |           eligible=[(key,value['net_pnl']) for key,value in result[category].items() if value['completed_trades']]
67 |           result['best_worst'][category]=dict(best=max(eligible,key=lambda x:(x[1],x[0]))[0],
   |  ________________________________________^
68 | |             worst=min(eligible,key=lambda x:(x[1],x[0]))[0]) if eligible else dict(best=None,worst=None)
   | |____________________________________________________________^
69 |       return result
   |
help: Rewrite as a literal

C408 Unnecessary `dict()` call (rewrite as a literal)
  --> src/crypto_bot/strategy/portfolio_statistics.py:68:79
   |
66 |         eligible=[(key,value['net_pnl']) for key,value in result[category].items() if value['completed_trades']]
67 |         result['best_worst'][category]=dict(best=max(eligible,key=lambda x:(x[1],x[0]))[0],
68 |             worst=min(eligible,key=lambda x:(x[1],x[0]))[0]) if eligible else dict(best=None,worst=None)
   |                                                                               ^^^^^^^^^^^^^^^^^^^^^^^^^^
69 |     return result
   |
help: Rewrite as a literal

I001 [*] Import block is un-sorted or un-formatted
  --> src/crypto_bot/strategy/range_engine.py:1:1
   |
 1 | / from __future__ import annotations
 2 | |
 3 | | from dataclasses import dataclass, replace
 4 | | from bisect import bisect_left, bisect_right
 5 | | from datetime import datetime
 6 | | from enum import Enum
 7 | | from math import isfinite
 8 | | from typing import Sequence
 9 | |
10 | | from crypto_bot.common.models import Candle
11 | | from crypto_bot.strategy.market_analysis import MarketAnalysisReport, MarketEvent, MarketEventKind
12 | | from crypto_bot.strategy.sfp import detect_sfp
   | |______________________________________________^
help: Organize imports
   |
2  |
3  + from bisect import bisect_left, bisect_right
4  | from dataclasses import dataclass, replace
   - from bisect import bisect_left, bisect_right
5  | from datetime import datetime
--------------------------------------------------------------------------------
10 | from crypto_bot.common.models import Candle
   - from crypto_bot.strategy.market_analysis import MarketAnalysisReport, MarketEvent, MarketEventKind
11 + from crypto_bot.strategy.market_analysis import (
12 +     MarketAnalysisReport,
13 +     MarketEvent,
14 +     MarketEventKind,
15 + )
16 | from crypto_bot.strategy.sfp import detect_sfp
   |

UP035 [*] Import from `collections.abc` instead: `Sequence`
  --> src/crypto_bot/strategy/range_engine.py:8:1
   |
 6 | from enum import Enum
 7 | from math import isfinite
 8 | from typing import Sequence
   | ^^^^^^^^^^^^^^^^^^^^^^^^^^^
 9 |
10 | from crypto_bot.common.models import Candle
   |
help: Import from `collections.abc`
  |
7 | from math import isfinite
  - from typing import Sequence
8 + from collections.abc import Sequence
9 |
  |

I001 [*] Import block is un-sorted or un-formatted
  --> src/crypto_bot/strategy/range_validation.py:1:1
   |
 1 | / from __future__ import annotations
 2 | |
 3 | | from collections import Counter
 4 | | from dataclasses import dataclass
 5 | | from datetime import datetime, timedelta
 6 | | from typing import Iterable
 7 | |
 8 | | from crypto_bot.strategy.market_analysis import MarketEventKind
 9 | | from crypto_bot.strategy.mtf_sfp import MtfSfpReport, MtfSfpStatus
10 | | from crypto_bot.strategy.range_engine import RangeAnalysisReport, RangeStatus, range_review_key_text
   | |____________________________________________________________________________________________________^
help: Organize imports
   |
9  | from crypto_bot.strategy.mtf_sfp import MtfSfpReport, MtfSfpStatus
   - from crypto_bot.strategy.range_engine import RangeAnalysisReport, RangeStatus, range_review_key_text
10 + from crypto_bot.strategy.range_engine import (
11 +     RangeAnalysisReport,
12 +     RangeStatus,
13 +     range_review_key_text,
14 + )
15 |
   |

UP035 [*] Import from `collections.abc` instead: `Iterable`
 --> src/crypto_bot/strategy/range_validation.py:6:1
  |
4 | from dataclasses import dataclass
5 | from datetime import datetime, timedelta
6 | from typing import Iterable
  | ^^^^^^^^^^^^^^^^^^^^^^^^^^^
7 |
8 | from crypto_bot.strategy.market_analysis import MarketEventKind
  |
help: Import from `collections.abc`
  |
5 | from datetime import datetime, timedelta
  - from typing import Iterable
6 + from collections.abc import Iterable
7 |
  |

I001 [*] Import block is un-sorted or un-formatted
  --> src/crypto_bot/strategy/recovery_ablation.py:2:1
   |
 1 |   """Offline ablation accounting. Never used to decide causal market events."""
 2 | / from __future__ import annotations
 3 | |
 4 | | from dataclasses import asdict
 5 | | from datetime import datetime
 6 | | from enum import Enum
 7 | | import hashlib
 8 | | import json
 9 | |
10 | | from crypto_bot.strategy.market_analysis import MarketEventKind
   | |_______________________________________________________________^
11 |
12 |   BOS_KINDS = {MarketEventKind.BULLISH_STRUCTURE_BROKEN_BOS, MarketEventKind.BEARISH_STRUCTURE_BROKEN_BOS}
   |
help: Organize imports
  |
3 |
4 + import hashlib
5 + import json
6 | from dataclasses import asdict
7 | from datetime import datetime
8 | from enum import Enum
  - import hashlib
  - import json
9 |
  |

I001 [*] Import block is un-sorted or un-formatted
  --> src/crypto_bot/strategy/replay.py:6:1
   |
 4 |   an opt-in experimental detector; automatic selection is not source certification.
 5 |   """
 6 | / from __future__ import annotations
 7 | |
 8 | | from dataclasses import dataclass, field
 9 | | from datetime import datetime, timedelta
10 | | from enum import Enum
11 | | from hashlib import sha256
12 | | from math import isfinite
13 | | from typing import Mapping, Sequence
14 | |
15 | | from crypto_bot.common.models import Candle, Direction
16 | | from crypto_bot.strategy.auto_levels import AutoLevelPolicy, LevelEvidence, derive_automatic_levels
17 | | from crypto_bot.strategy.market_analysis import StructureAnalysisMode, analyze_market
18 | | from crypto_bot.strategy.mtf_sfp import MtfSfpReport, attach_source_qualified_trade_levels, link_sfp_formations_to_ltf_bos
19 | | from crypto_bot.strategy.range_engine import RangeAnalysisReport, augment_market_report_with_range_sfps
20 | | from crypto_bot.strategy.trade_plan import PriceZone, rr_ratio
   | |______________________________________________________________^
help: Organize imports
   |
15 | from crypto_bot.common.models import Candle, Direction
   - from crypto_bot.strategy.auto_levels import AutoLevelPolicy, LevelEvidence, derive_automatic_levels
16 + from crypto_bot.strategy.auto_levels import (
17 +     AutoLevelPolicy,
18 +     LevelEvidence,
19 +     derive_automatic_levels,
20 + )
21 | from crypto_bot.strategy.market_analysis import StructureAnalysisMode, analyze_market
   - from crypto_bot.strategy.mtf_sfp import MtfSfpReport, attach_source_qualified_trade_levels, link_sfp_formations_to_ltf_bos
   - from crypto_bot.strategy.range_engine import RangeAnalysisReport, augment_market_report_with_range_sfps
22 + from crypto_bot.strategy.mtf_sfp import (
23 +     MtfSfpReport,
24 +     attach_source_qualified_trade_levels,
25 +     link_sfp_formations_to_ltf_bos,
26 + )
27 + from crypto_bot.strategy.range_engine import (
28 +     RangeAnalysisReport,
29 +     augment_market_report_with_range_sfps,
30 + )
31 | from crypto_bot.strategy.trade_plan import PriceZone, rr_ratio
   -
32 |
   |

UP035 [*] Import from `collections.abc` instead: `Mapping`, `Sequence`
  --> src/crypto_bot/strategy/replay.py:13:1
   |
11 | from hashlib import sha256
12 | from math import isfinite
13 | from typing import Mapping, Sequence
   | ^^^^^^^^^^^^^^^^^^^^^^^^^^^^^^^^^^^^
14 |
15 | from crypto_bot.common.models import Candle, Direction
   |
help: Import from `collections.abc`
   |
12 | from math import isfinite
   - from typing import Mapping, Sequence
13 + from collections.abc import Mapping, Sequence
14 |
   |

SIM102 Use a single `if` statement instead of nested `if` statements
   --> src/crypto_bot/strategy/replay.py:207:5
    |
205 |       if qualification.poi_kind == "SUPPLY" and direction != Direction.SHORT:
206 |           return "SUPPLY_REQUIRES_SHORT"
207 | /     if qualification.entry_path == "CONSERVATIVE_HTF_LTF":
208 | |         if not (1 <= ltf_minutes <= 15 and 15 <= htf_minutes <= 1440):
    | |______________________________________________________________________^
209 |               return "CONSERVATIVE_HTF_LTF_TIMEFRAME_OUT_OF_SOURCE_RANGE"
210 |       return None
    |
help: Combine `if` statements using `and`

I001 [*] Import block is un-sorted or un-formatted
 --> src/crypto_bot/strategy/source_cases.py:2:1
  |
1 |   """Independent paper trade cases; costs and source fills without shared occupancy."""
2 | / from __future__ import annotations
3 | | from datetime import datetime, timedelta
4 | | from bisect import bisect_left
5 | | from math import isfinite
6 | | from typing import Sequence
7 | | from crypto_bot.common.models import Candle
8 | | from crypto_bot.strategy.source_engine import SourceSignal, sign
9 | | from crypto_bot.strategy.source_portfolio import SourcePortfolio
  | |________________________________________________________________^
help: Organize imports
  |
2 | from __future__ import annotations
3 +
4 + from bisect import bisect_left
5 | from datetime import datetime, timedelta
  - from bisect import bisect_left
6 | from math import isfinite
7 | from typing import Sequence
8 +
9 | from crypto_bot.common.models import Candle
  |

UP035 [*] Import from `collections.abc` instead: `Sequence`
 --> src/crypto_bot/strategy/source_cases.py:6:1
  |
4 | from bisect import bisect_left
5 | from math import isfinite
6 | from typing import Sequence
  | ^^^^^^^^^^^^^^^^^^^^^^^^^^^
7 | from crypto_bot.common.models import Candle
8 | from crypto_bot.strategy.source_engine import SourceSignal, sign
  |
help: Import from `collections.abc`
  |
5 | from math import isfinite
  - from typing import Sequence
6 + from collections.abc import Sequence
7 | from crypto_bot.common.models import Candle
  |

I001 [*] Import block is un-sorted or un-formatted
  --> src/crypto_bot/strategy/source_corrected.py:6:1
   |
 4 |   No private client, execution adapter, exchange credentials or live admission.
 5 |   """
 6 | / from __future__ import annotations
 7 | |
 8 | | from collections import Counter, defaultdict
 9 | | from bisect import bisect_left
10 | | from dataclasses import asdict, dataclass, field
11 | | from datetime import datetime
12 | | from hashlib import sha256
13 | | import json
14 | | from typing import Sequence
15 | |
16 | | from crypto_bot.common.models import Candle
17 | | from crypto_bot.strategy.market_analysis import MarketAnalysisReport, MarketEvent, MarketEventKind as K, TrendState
18 | | from crypto_bot.strategy.range_engine import RangeAnalysisReport
19 | | from crypto_bot.strategy.source_engine import SourceSignal
   | |__________________________________________________________^
20 |
21 |   MAPPINGS = ((15, 5), (60, 5), (60, 15), (240, 5), (240, 15))
   |
help: Organize imports
   |
7  |
   - from collections import Counter, defaultdict
8  + import json
9  | from bisect import bisect_left
10 + from collections import Counter, defaultdict
11 | from dataclasses import asdict, dataclass, field
12 | from datetime import datetime
13 | from hashlib import sha256
   - import json
14 | from typing import Sequence
15 |
16 | from crypto_bot.common.models import Candle
   - from crypto_bot.strategy.market_analysis import MarketAnalysisReport, MarketEvent, MarketEventKind as K, TrendState
17 + from crypto_bot.strategy.market_analysis import (
18 +     MarketAnalysisReport,
19 +     MarketEvent,
20 +     TrendState,
21 + )
22 + from crypto_bot.strategy.market_analysis import MarketEventKind as K
23 | from crypto_bot.strategy.range_engine import RangeAnalysisReport
   |

UP035 [*] Import from `collections.abc` instead: `Sequence`
  --> src/crypto_bot/strategy/source_corrected.py:14:1
   |
12 | from hashlib import sha256
13 | import json
14 | from typing import Sequence
   | ^^^^^^^^^^^^^^^^^^^^^^^^^^^
15 |
16 | from crypto_bot.common.models import Candle
   |
help: Import from `collections.abc`
   |
13 | import json
   - from typing import Sequence
14 + from collections.abc import Sequence
15 |
   |

I001 [*] Import block is un-sorted or un-formatted
  --> src/crypto_bot/strategy/source_engine.py:6:1
   |
 4 |   No private client, execution adapter, exchange credentials or live admission.
 5 |   """
 6 | / from __future__ import annotations
 7 | |
 8 | | from collections import Counter, defaultdict
 9 | | from bisect import bisect_left
10 | | from dataclasses import asdict, dataclass, field
11 | | from datetime import datetime
12 | | from hashlib import sha256
13 | | import json
14 | | from typing import Sequence
15 | |
16 | | from crypto_bot.common.models import Candle
17 | | from crypto_bot.strategy.market_analysis import MarketAnalysisReport, MarketEvent, MarketEventKind as K, TrendState
18 | | from crypto_bot.strategy.range_engine import RangeAnalysisReport
   | |________________________________________________________________^
19 |
20 |   MAPPINGS = ((15, 5), (60, 5), (60, 15), (240, 5), (240, 15), (240, 60))
   |
help: Organize imports
   |
7  |
   - from collections import Counter, defaultdict
8  + import json
9  | from bisect import bisect_left
10 + from collections import Counter, defaultdict
11 | from dataclasses import asdict, dataclass, field
12 | from datetime import datetime
13 | from hashlib import sha256
   - import json
14 | from typing import Sequence
15 |
16 | from crypto_bot.common.models import Candle
   - from crypto_bot.strategy.market_analysis import MarketAnalysisReport, MarketEvent, MarketEventKind as K, TrendState
17 + from crypto_bot.strategy.market_analysis import (
18 +     MarketAnalysisReport,
19 +     MarketEvent,
20 +     TrendState,
21 + )
22 + from crypto_bot.strategy.market_analysis import MarketEventKind as K
23 | from crypto_bot.strategy.range_engine import RangeAnalysisReport
   |

UP035 [*] Import from `collections.abc` instead: `Sequence`
  --> src/crypto_bot/strategy/source_engine.py:14:1
   |
12 | from hashlib import sha256
13 | import json
14 | from typing import Sequence
   | ^^^^^^^^^^^^^^^^^^^^^^^^^^^
15 |
16 | from crypto_bot.common.models import Candle
   |
help: Import from `collections.abc`
   |
13 | import json
   - from typing import Sequence
14 + from collections.abc import Sequence
15 |
   |

I001 [*] Import block is un-sorted or un-formatted
  --> src/crypto_bot/strategy/source_pdf.py:6:1
   |
 4 |   No private client, execution adapter, exchange credentials or live admission.
 5 |   """
 6 | / from __future__ import annotations
 7 | |
 8 | | from collections import Counter, defaultdict
 9 | | from bisect import bisect_left
10 | | from dataclasses import asdict, dataclass, field
11 | | from datetime import datetime
12 | | from hashlib import sha256
13 | | import json
14 | | import math
15 | | from typing import Sequence
16 | |
17 | | from crypto_bot.common.models import Candle
18 | | from crypto_bot.strategy.market_analysis import MarketAnalysisReport, MarketEvent, MarketEventKind as K, TrendState
19 | | from crypto_bot.strategy.range_engine import RangeAnalysisReport
20 | | from crypto_bot.strategy.source_engine import SourceSignal
   | |__________________________________________________________^
21 |
22 |   MAPPINGS = ((15, 5), (60, 5), (60, 15), (240, 5), (240, 15))
   |
help: Organize imports
   |
7  |
8  + import json
9  + import math
10 + from bisect import bisect_left
11 | from collections import Counter, defaultdict
   - from bisect import bisect_left
12 | from dataclasses import asdict, dataclass, field
13 | from datetime import datetime
14 | from hashlib import sha256
   - import json
   - import math
15 | from typing import Sequence
16 |
17 | from crypto_bot.common.models import Candle
   - from crypto_bot.strategy.market_analysis import MarketAnalysisReport, MarketEvent, MarketEventKind as K, TrendState
18 + from crypto_bot.strategy.market_analysis import (
19 +     MarketAnalysisReport,
20 +     MarketEvent,
21 +     TrendState,
22 + )
23 + from crypto_bot.strategy.market_analysis import MarketEventKind as K
24 | from crypto_bot.strategy.range_engine import RangeAnalysisReport
   |

UP035 [*] Import from `collections.abc` instead: `Sequence`
  --> src/crypto_bot/strategy/source_pdf.py:15:1
   |
13 | import json
14 | import math
15 | from typing import Sequence
   | ^^^^^^^^^^^^^^^^^^^^^^^^^^^
16 |
17 | from crypto_bot.common.models import Candle
   |
help: Import from `collections.abc`
   |
14 | import math
   - from typing import Sequence
15 + from collections.abc import Sequence
16 |
   |

I001 [*] Import block is un-sorted or un-formatted
 --> src/crypto_bot/strategy/source_pdf_cases.py:2:1
  |
1 |   """Independent paper trade cases; costs and source fills without shared occupancy."""
2 | / from __future__ import annotations
3 | | from datetime import datetime, timedelta
4 | | from bisect import bisect_left
5 | | from math import isfinite
6 | | from typing import Sequence
7 | | from crypto_bot.common.models import Candle
8 | | from crypto_bot.strategy.source_engine import SourceSignal, sign
9 | | from crypto_bot.strategy.source_portfolio import SourcePortfolio
  | |________________________________________________________________^
help: Organize imports
  |
2 | from __future__ import annotations
3 +
4 + from bisect import bisect_left
5 | from datetime import datetime, timedelta
  - from bisect import bisect_left
6 | from math import isfinite
7 | from typing import Sequence
8 +
9 | from crypto_bot.common.models import Candle
  |

UP035 [*] Import from `collections.abc` instead: `Sequence`
 --> src/crypto_bot/strategy/source_pdf_cases.py:6:1
  |
4 | from bisect import bisect_left
5 | from math import isfinite
6 | from typing import Sequence
  | ^^^^^^^^^^^^^^^^^^^^^^^^^^^
7 | from crypto_bot.common.models import Candle
8 | from crypto_bot.strategy.source_engine import SourceSignal, sign
  |
help: Import from `collections.abc`
  |
5 | from math import isfinite
  - from typing import Sequence
6 + from collections.abc import Sequence
7 | from crypto_bot.common.models import Candle
  |

I001 [*] Import block is un-sorted or un-formatted
  --> src/crypto_bot/strategy/source_pdf_native.py:8:1
   |
 6 |   No private client, execution adapter, exchange credentials or live admission.
 7 |   """
 8 | / from __future__ import annotations
 9 | |
10 | | from collections import Counter, defaultdict
11 | | from bisect import bisect_left
12 | | from dataclasses import asdict, dataclass, field
13 | | from datetime import datetime
14 | | from hashlib import sha256
15 | | import json
16 | | import math
17 | | from typing import Sequence
18 | |
19 | | from crypto_bot.common.models import Candle
20 | | from crypto_bot.strategy.market_analysis import MarketAnalysisReport, MarketEvent, MarketEventKind as K, TrendState
21 | | from crypto_bot.strategy.range_engine import RangeAnalysisReport
22 | | from crypto_bot.strategy.source_engine import SourceSignal
   | |__________________________________________________________^
23 |
24 |   MAPPINGS = ((15, 5), (60, 5), (60, 15), (240, 5), (240, 15))
   |
help: Organize imports
   |
9  |
10 + import json
11 + import math
12 + from bisect import bisect_left
13 | from collections import Counter, defaultdict
   - from bisect import bisect_left
14 | from dataclasses import asdict, dataclass, field
15 | from datetime import datetime
16 | from hashlib import sha256
   - import json
   - import math
17 | from typing import Sequence
18 |
19 | from crypto_bot.common.models import Candle
   - from crypto_bot.strategy.market_analysis import MarketAnalysisReport, MarketEvent, MarketEventKind as K, TrendState
20 + from crypto_bot.strategy.market_analysis import (
21 +     MarketAnalysisReport,
22 +     MarketEvent,
23 +     TrendState,
24 + )
25 + from crypto_bot.strategy.market_analysis import MarketEventKind as K
26 | from crypto_bot.strategy.range_engine import RangeAnalysisReport
   |

UP035 [*] Import from `collections.abc` instead: `Sequence`
  --> src/crypto_bot/strategy/source_pdf_native.py:17:1
   |
15 | import json
16 | import math
17 | from typing import Sequence
   | ^^^^^^^^^^^^^^^^^^^^^^^^^^^
18 |
19 | from crypto_bot.common.models import Candle
   |
help: Import from `collections.abc`
   |
16 | import math
   - from typing import Sequence
17 + from collections.abc import Sequence
18 |
   |

UP035 [*] Import from `collections.abc` instead: `Sequence`
 --> src/crypto_bot/strategy/structure.py:4:1
  |
3 | from dataclasses import dataclass
4 | from typing import Sequence
  | ^^^^^^^^^^^^^^^^^^^^^^^^^^^
5 |
6 | from crypto_bot.common.models import Candle
  |
help: Import from `collections.abc`
  |
3 | from dataclasses import dataclass
  - from typing import Sequence
4 + from collections.abc import Sequence
5 |
  |

I001 [*] Import block is un-sorted or un-formatted
 --> src/crypto_bot/strategy/structure_stability.py:1:1
  |
1 | / from __future__ import annotations
2 | |
3 | | from dataclasses import dataclass
4 | | from datetime import datetime
5 | |
6 | | from crypto_bot.strategy.market_analysis import MarketAnalysisReport, MarketEventKind
  | |_____________________________________________________________________________________^
help: Organize imports
  |
7 |
  -
8 | _BOS_KINDS = {
  |

I001 [*] Import block is un-sorted or un-formatted
 --> src/crypto_bot/strategy/trade_plan.py:7:5
  |
6 | if TYPE_CHECKING:
7 |     from crypto_bot.strategy.market_analysis import MarketAnalysisReport, MarketEventKind
  |     ^^^^^^^^^^^^^^^^^^^^^^^^^^^^^^^^^^^^^^^^^^^^^^^^^^^^^^^^^^^^^^^^^^^^^^^^^^^^^^^^^^^^^
8 |
9 | from crypto_bot.common.models import Direction
  |
help: Organize imports
   |
6  | if TYPE_CHECKING:
   -     from crypto_bot.strategy.market_analysis import MarketAnalysisReport, MarketEventKind
7  +     from crypto_bot.strategy.market_analysis import (
8  +         MarketAnalysisReport,
9  +         MarketEventKind,
10 +     )
11 |
   |

I001 [*] Import block is un-sorted or un-formatted
 --> src/crypto_bot/strategy/trade_plan.py:9:1
  |
7 |     from crypto_bot.strategy.market_analysis import MarketAnalysisReport, MarketEventKind
8 |
9 | from crypto_bot.common.models import Direction
  | ^^^^^^^^^^^^^^^^^^^^^^^^^^^^^^^^^^^^^^^^^^^^^^
help: Organize imports
   |
10 |
   -
11 | OTE_SHALLOW = 0.705
   |

I001 [*] Import block is un-sorted or un-formatted
  --> src/crypto_bot/strategy/virtual_portfolio.py:9:1
   |
 7 |   Fees and slippage apply to every partial exit. Funding/liquidation are not modelled.
 8 |   """
 9 | / from __future__ import annotations
10 | |
11 | | from dataclasses import dataclass, field, asdict, replace
12 | | from datetime import datetime, timedelta, timezone
13 | | from math import isfinite
14 | | from typing import Mapping, Sequence
15 | |
16 | | from crypto_bot.common.models import Candle, Direction
17 | | from crypto_bot.strategy.market_analysis import StructureAnalysisMode
18 | | from crypto_bot.strategy.replay import EngineMode, StrategySignal
   | |_________________________________________________________________^
help: Organize imports
   |
10 |
   - from dataclasses import dataclass, field, asdict, replace
11 + from dataclasses import asdict, dataclass, field, replace
12 | from datetime import datetime, timedelta, timezone
   |

UP035 [*] Import from `collections.abc` instead: `Mapping`, `Sequence`
  --> src/crypto_bot/strategy/virtual_portfolio.py:14:1
   |
12 | from datetime import datetime, timedelta, timezone
13 | from math import isfinite
14 | from typing import Mapping, Sequence
   | ^^^^^^^^^^^^^^^^^^^^^^^^^^^^^^^^^^^^
15 |
16 | from crypto_bot.common.models import Candle, Direction
   |
help: Import from `collections.abc`
   |
13 | from math import isfinite
   - from typing import Mapping, Sequence
14 + from collections.abc import Mapping, Sequence
15 |
   |

UP017 [*] Use `datetime.UTC` alias
   --> src/crypto_bot/strategy/virtual_portfolio.py:266:31
    |
265 |     def _roll_day(self, when):
266 |         day = when.astimezone(timezone.utc).date()
    |                               ^^^^^^^^^^^^
267 |         if day != self._day:
268 |             self._day, self._day_start_equity, self._daily_blocked = day, self.equity, False
    |
help: Convert to `datetime.UTC` alias
    |
11  | from dataclasses import dataclass, field, asdict, replace
    - from datetime import datetime, timedelta, timezone
12  + from datetime import datetime, timedelta, timezone, UTC
13  | from math import isfinite
--------------------------------------------------------------------------------
265 |     def _roll_day(self, when):
    -         day = when.astimezone(timezone.utc).date()
266 +         day = when.astimezone(UTC).date()
267 |         if day != self._day:
    |

C408 Unnecessary `dict()` call (rewrite as a literal)
   --> src/crypto_bot/strategy/virtual_portfolio.py:340:45
    |
338 |   …     self._mark({signal.symbol: reference})
339 |   …     self._check_daily_loss()
340 |   …     self.trades[signal.signal_id] = dict(
    |  _______________________________________^
341 | | …         trade_id=signal.signal_id, signal_id=signal.signal_id, symbol=signal.symbol,
342 | | …         direction=signal.direction.name, htf=signal.htf_minutes, ltf=signal.ltf_minutes,
343 | | …         setup=signal.level_policy, score=signal.score, signal_time=signal.event_time,
344 | | …         ready_time=max(signal.entry_geometry_ready_time, signal.levels_known_at),
345 | | …         entry_time=when, theoretical_entry=reference,
346 | | …         fill_model='RESTING_LIMIT_TOUCH' if intrabar else 'NEXT_OPEN',
347 | | …         entry_time_precision='BAR_INTERVAL_KNOWN_AT_CLOSE' if intrabar else 'EXACT_OPEN',
348 | | …         entry_interval_start=candle.open_time, entry_interval_end=candle.close_time,
349 | | …         actual_entry_after_slippage=entry, entry_zone=asdict(signal.entry_zone),
350 | | …         stop=signal.stop_loss, targets=list(signal.targets), initial_equity=initial_equity,
351 | | …         risk_percent=self.policy.risk_fraction, risk_amount=risk,
352 | | …         stop_distance=abs(entry - signal.stop_loss), stop_percent=abs(entry - signal.stop_loss)/entry,
353 | | …         quantity=quantity, notional=quantity*entry, leverage=self.policy.leverage,
354 | | …         required_margin=quantity*entry/self.policy.leverage,
355 | | …         aggregate_risk_before=existing_risk, aggregate_risk_after=self.aggregate_stop_risk,
356 | | …         aggregate_risk_fraction_after=self.aggregate_stop_risk/self.equity,
357 | | …         entry_fee=entry_fee, fees_total=entry_fee, slippage_total=entry_slip,
358 | | …         gross_pnl=0.0, net_pnl=0.0, fills=[], new_breakeven=None, status='OPEN',
359 | | …         result_R=None, MFE=0.0, MAE=0.0,
360 | | …         excursion_policy=('ENTRY_BAR_CLOSE_ONLY_FAVOURABLE_FULL_ADVERSE_ENVELOPE' if intrabar
361 | | …                           else 'FULL_CLOSED_BAR_ENVELOPE_ORDER_UNKNOWN'),
362 | | …         max_equity_during_trade=self.equity, adverse_gap=False,
363 | | …     )
    | |_______^
364 |   …     self._log(when, signal, "VIRTUAL_ENTRY", "RESTING_LIMIT_ACTUAL_TOUCH" if intrabar else "NEXT_OPEN_INSIDE_ENTRY_ZONE", quantit…
365 |   …               -entry_fee, reference_price=reference, slippage_cost=entry_slip, balance_change=-entry_fee)
    |
help: Rewrite as a literal

C414 Unnecessary `tuple()` call within `sorted()`
   --> src/crypto_bot/strategy/virtual_portfolio.py:436:28
    |
434 |         # All admissions precede every same-bar exit. No foreign symbol's future
435 |         # close profit funds risk. OPEN fills precede interval-ambiguous touches.
436 |         for key, signal in sorted(tuple(self.pending.items()), key=lambda item: (item[1].symbol, item[0])):
    |                            ^^^^^^^^^^^^^^^^^^^^^^^^^^^^^^^^^^^^^^^^^^^^^^^^^^^^^^^^^^^^^^^^^^^^^^^^^^^^^^^
437 |             if signal.symbol in bars and self._admit(signal, bars[signal.symbol]):
438 |                 self.pending.pop(key)
    |
help: Remove the inner `tuple()` call

C414 Unnecessary `tuple()` call within `sorted()`
   --> src/crypto_bot/strategy/virtual_portfolio.py:441:32
    |
439 |         intrabar_ids = set()
440 |         if self.policy.resting_limit_entries:
441 |             for key, signal in sorted(tuple(self.pending.items()), key=lambda item: (item[1].symbol, item[0])):
    |                                ^^^^^^^^^^^^^^^^^^^^^^^^^^^^^^^^^^^^^^^^^^^^^^^^^^^^^^^^^^^^^^^^^^^^^^^^^^^^^^^
442 |                 if signal.symbol in bars and self._admit(signal, bars[signal.symbol], intrabar=True):
443 |                     self.pending.pop(key)
    |
help: Remove the inner `tuple()` call

C414 Unnecessary `tuple()` call within `sorted()`
   --> src/crypto_bot/strategy/virtual_portfolio.py:446:23
    |
444 |                     if key in self.trades:
445 |                         intrabar_ids.add(key)
446 |         for symbol in sorted(tuple(self.positions)):
    |                       ^^^^^^^^^^^^^^^^^^^^^^^^^^^^^
447 |             position, candle = self.positions[symbol], bars[symbol]
448 |             if position.signal.signal_id in intrabar_ids:
    |
help: Remove the inner `tuple()` call

C408 Unnecessary `dict()` call (rewrite as a literal)
   --> src/crypto_bot/strategy/virtual_portfolio.py:470:34
    |
468 |               trade = self.trades[position.signal.signal_id]
469 |               trade['max_equity_during_trade'] = max(trade['max_equity_during_trade'], self.equity)
470 |           self.equity_curve.append(dict(timestamp=first.close_time, starting_balance=self.starting_balance,
    |  __________________________________^
471 | |             balance=self.balance, realized_pnl=self.realized_pnl, unrealized_pnl=self.unrealized_pnl,
472 | |             equity=self.equity, equity_peak=self.equity_peak, drawdown=dd,
473 | |             drawdown_absolute=self.equity_peak-self.equity, open_positions=len(self.positions),
474 | |             allocated_margin=self.allocated_margin, available_equity=self.available_equity,
475 | |             aggregate_stop_risk=self.aggregate_stop_risk, daily_realized_pnl=self.daily_realized_pnl,
476 | |             fees_paid=self.fees_paid, slippage_cost=self.slippage_cost, status=self.status,
477 | |             trade_entry_allowed=False))
    | |______________________________________^
478 |           for signal in signals:
479 |               if signal.status in ("INVALIDATED", "REJECTED_ENTRY_GEOMETRY", "SOURCE_CONTEXT_BLOCKED"):
    |
help: Rewrite as a literal

I001 [*] Import block is un-sorted or un-formatted
  --> tests/range_test_support.py:5:1
   |
 3 |   Production defaults remain fail-closed: no review means UNREVIEWED.
 4 |   """
 5 | / from crypto_bot.strategy.range_engine import (
 6 | |     RangeBoundaryClarityReview,
 7 | |     analyze_ranges as _analyze_ranges,
 8 | |     augment_market_report_with_range_sfps as _augment_market_report_with_range_sfps,
 9 | |     range_review_key,
10 | | )
   | |_^
help: Organize imports
   |
6  |     RangeBoundaryClarityReview,
7  +     range_review_key,
8  + )
9  + from crypto_bot.strategy.range_engine import (
10 |     analyze_ranges as _analyze_ranges,
11 + )
12 + from crypto_bot.strategy.range_engine import (
13 |     augment_market_report_with_range_sfps as _augment_market_report_with_range_sfps,
   -     range_review_key,
14 | )
   |

I001 [*] Import block is un-sorted or un-formatted
  --> tests/test_analysis_report.py:1:1
   |
 1 | / from __future__ import annotations
 2 | |
 3 | | import json
 4 | | import tempfile
 5 | | import unittest
 6 | | from datetime import datetime, timedelta, timezone
 7 | | from pathlib import Path
 8 | |
 9 | | from crypto_bot.analysis_report import write_event_csv, write_structure_transition_csv, write_summary_json, write_sweep_episode_csv,…
10 | | from crypto_bot.common.models import Candle
11 | | from crypto_bot.strategy.market_analysis import analyze_market
   | |______________________________________________________________^
help: Organize imports
   |
8  |
   - from crypto_bot.analysis_report import write_event_csv, write_structure_transition_csv, write_summary_json, write_sweep_episode_csv, write_trend_state_csv
9  + from crypto_bot.analysis_report import (
10 +     write_event_csv,
11 +     write_structure_transition_csv,
12 +     write_summary_json,
13 +     write_sweep_episode_csv,
14 +     write_trend_state_csv,
15 + )
16 | from crypto_bot.common.models import Candle
   |

UP017 [*] Use `datetime.UTC` alias
  --> tests/test_analysis_report.py:16:44
   |
14 | class AnalysisReportTests(unittest.TestCase):
15 |     def test_summary_and_events_are_written(self):
16 |         base = datetime(2026, 1, 1, tzinfo=timezone.utc)
   |                                            ^^^^^^^^^^^^
17 |         candles = [
18 |             Candle(base, base + timedelta(minutes=1), 10, 11, 9, 10),
   |
help: Convert to `datetime.UTC` alias
   |
5  | import unittest
   - from datetime import datetime, timedelta, timezone
6  + from datetime import datetime, timedelta, timezone, UTC
7  | from pathlib import Path
--------------------------------------------------------------------------------
15 |     def test_summary_and_events_are_written(self):
   -         base = datetime(2026, 1, 1, tzinfo=timezone.utc)
16 +         base = datetime(2026, 1, 1, tzinfo=UTC)
17 |         candles = [
   |

UP017 [*] Use `datetime.UTC` alias
  --> tests/test_analysis_report.py:49:44
   |
48 |     def test_transition_csv_writes_resolved_bos_diagnostic(self):
49 |         base = datetime(2026, 1, 1, tzinfo=timezone.utc)
   |                                            ^^^^^^^^^^^^
50 |         def c(i, o, h, l, cl):
51 |             return Candle(
   |
help: Convert to `datetime.UTC` alias
   |
5  | import unittest
   - from datetime import datetime, timedelta, timezone
6  + from datetime import datetime, timedelta, timezone, UTC
7  | from pathlib import Path
--------------------------------------------------------------------------------
48 |     def test_transition_csv_writes_resolved_bos_diagnostic(self):
   -         base = datetime(2026, 1, 1, tzinfo=timezone.utc)
49 +         base = datetime(2026, 1, 1, tzinfo=UTC)
50 |         def c(i, o, h, l, cl):
   |

I001 [*] Import block is un-sorted or un-formatted
  --> tests/test_auto_levels.py:1:1
   |
 1 | / import unittest
 2 | | from dataclasses import asdict, replace
 3 | | from datetime import datetime, timedelta, timezone
 4 | |
 5 | | from crypto_bot.common.models import Candle, Direction
 6 | | from crypto_bot.strategy.auto_levels import AutoLevelPolicy, derive_automatic_levels
 7 | | from crypto_bot.strategy.market_analysis import (
 8 | |     MarketAnalysisReport, MarketEvent, MarketEventKind, OrderBlockReadiness,
 9 | |     StructuralLevel, StructureAnalysisMode, StructureTransitionDiagnostic, TrendState,
10 | | )
11 | | from crypto_bot.strategy.mtf_sfp import MtfOpportunity, MtfOpportunityStatus
12 | | from crypto_bot.strategy.trade_plan import ote_entry_zone
   | |_________________________________________________________^
help: Organize imports
   |
7  | from crypto_bot.strategy.market_analysis import (
   -     MarketAnalysisReport, MarketEvent, MarketEventKind, OrderBlockReadiness,
   -     StructuralLevel, StructureAnalysisMode, StructureTransitionDiagnostic, TrendState,
8  +     MarketAnalysisReport,
9  +     MarketEvent,
10 +     MarketEventKind,
11 +     OrderBlockReadiness,
12 +     StructuralLevel,
13 +     StructureAnalysisMode,
14 +     StructureTransitionDiagnostic,
15 +     TrendState,
16 | )
17 | from crypto_bot.strategy.mtf_sfp import MtfOpportunity, MtfOpportunityStatus
18 | from crypto_bot.strategy.trade_plan import ote_entry_zone
   -
19 |
   |

UP017 [*] Use `datetime.UTC` alias
  --> tests/test_auto_levels.py:15:36
   |
15 | BASE = datetime(2026, 1, 1, tzinfo=timezone.utc)
   |                                    ^^^^^^^^^^^^
help: Convert to `datetime.UTC` alias
   |
2  | from dataclasses import asdict, replace
   - from datetime import datetime, timedelta, timezone
3  + from datetime import datetime, timedelta, timezone, UTC
4  |
--------------------------------------------------------------------------------
14 |
   - BASE = datetime(2026, 1, 1, tzinfo=timezone.utc)
15 + BASE = datetime(2026, 1, 1, tzinfo=UTC)
16 |
   |

C408 Unnecessary `dict()` call (rewrite as a literal)
  --> tests/test_auto_levels.py:95:12
   |
93 |           entry_correction_level_id=5, entry_correction_price=levels[4].price,
94 |       )
95 |       return dict(htf_candles=htf, ltf_candles=ltf, htf_report=htf_report, ltf_report=ltf_report,
   |  ____________^
96 | |                 opportunity=opportunity, as_of=as_of, policy=AutoLevelPolicy())
   | |_______________________________________________________________________________^
help: Rewrite as a literal

I001 [*] Import block is un-sorted or un-formatted
  --> tests/test_auto_replay.py:2:1
   |
 1 |   """Integration checks for policy selection, causal gating and pending withdrawal."""
 2 | / from dataclasses import replace
 3 | | from datetime import timedelta
 4 | | from unittest.mock import patch
 5 | | import unittest
 6 | |
 7 | | from crypto_bot.strategy.auto_levels import AutoLevelPolicy, AutomaticLevelResult
 8 | | from crypto_bot.common.models import Direction
 9 | | from crypto_bot.strategy.auto_levels import derive_automatic_levels
10 | | from crypto_bot.strategy.replay import StrategySignal, evaluate_snapshot, opportunity_key
11 | | from crypto_bot.strategy.trade_plan import PriceZone
12 | | from crypto_bot.strategy.virtual_portfolio import VirtualPortfolio
13 | | from test_replay import histories
14 | | from test_virtual_portfolio import bar, signal
   | |______________________________________________^
help: Organize imports
   |
1  | """Integration checks for policy selection, causal gating and pending withdrawal."""
2  + import unittest
3  | from dataclasses import replace
4  | from datetime import timedelta
5  | from unittest.mock import patch
   - import unittest
6  |
   - from crypto_bot.strategy.auto_levels import AutoLevelPolicy, AutomaticLevelResult
7  + from test_replay import histories
8  + from test_virtual_portfolio import bar, signal
9  +
10 | from crypto_bot.common.models import Direction
   - from crypto_bot.strategy.auto_levels import derive_automatic_levels
   - from crypto_bot.strategy.replay import StrategySignal, evaluate_snapshot, opportunity_key
11 + from crypto_bot.strategy.auto_levels import (
12 +     AutoLevelPolicy,
13 +     AutomaticLevelResult,
14 +     derive_automatic_levels,
15 + )
16 + from crypto_bot.strategy.replay import (
17 +     StrategySignal,
18 +     evaluate_snapshot,
19 +     opportunity_key,
20 + )
21 | from crypto_bot.strategy.trade_plan import PriceZone
22 | from crypto_bot.strategy.virtual_portfolio import VirtualPortfolio
   - from test_replay import histories
   - from test_virtual_portfolio import bar, signal
23 |
   |

C408 Unnecessary `dict()` call (rewrite as a literal)
  --> tests/test_auto_replay.py:91:16
   |
89 |           mutated = {tf: [replace(c, open=c.open * 2, high=c.high * 2, low=c.low * 2, close=c.close * 2)
90 |                           if c.close_time > cutoff else c for c in cs] for tf, cs in self.data.items()}
91 |           args = dict(symbol='TEST', as_of=cutoff, htf_minutes=5, ltf_minutes=1,
   |  ________________^
92 | |                     auto_level_policy=AutoLevelPolicy())
   | |________________________________________________________^
93 |           expected = evaluate_snapshot(prefix, **args)
94 |           self.assertGreater(len(expected.signals), 0)
   |
help: Rewrite as a literal

I001 [*] Import block is un-sorted or un-formatted
  --> tests/test_automatic_lifecycle.py:8:1
   |
 6 |   be promoted to canonical source-qualified READY or a virtual position.
 7 |   """
 8 | / from dataclasses import replace
 9 | | from datetime import datetime
10 | | import importlib.util
11 | | import json
12 | | from pathlib import Path
13 | | import tempfile
14 | | import unittest
15 | | import subprocess
16 | | import sys
17 | | import os
18 | |
19 | | from crypto_bot.common.models import Candle, Direction
20 | | from crypto_bot.data.models import MarketCandle
21 | | from crypto_bot.data.storage import read_klines_csv, write_klines_csv
22 | | from crypto_bot.strategy.auto_levels import AutoLevelPolicy
23 | | from crypto_bot.strategy.historical_replay import indexed_signal_updates
24 | | from crypto_bot.strategy.replay import evaluate_snapshot
25 | | from crypto_bot.strategy.virtual_portfolio import VirtualPortfolio
   | |__________________________________________________________________^
26 |
27 |   spec=importlib.util.spec_from_file_location('automatic_cli',Path('scripts/run_historical_portfolio.py'))
   |
help: Organize imports
   |
7  | """
   - from dataclasses import replace
   - from datetime import datetime
8  | import importlib.util
9  | import json
   - from pathlib import Path
10 + import os
11 + import subprocess
12 + import sys
13 | import tempfile
14 | import unittest
   - import subprocess
   - import sys
   - import os
15 + from dataclasses import replace
16 + from datetime import datetime
17 + from pathlib import Path
18 |
   |

PLW1510 `subprocess.run` without explicit `check` argument
   --> tests/test_automatic_lifecycle.py:153:20
    |
151 |             self.assertEqual(summary['portfolio']['final_equity'],summary['initial_capital'])
152 |             # Snapshot CLI has the same causal tail and fail-closed admission behavior.
153 |             result=subprocess.run([sys.executable,'scripts/run_strategy_replay.py',
    |                    ^^^^^^^^^^^^^^
154 |                 '--data-root',str(root/'history'),'--report-root',str(root/'snapshot'),
155 |                 '--symbols','E2E','--bars','190','--warmup-bars','0','--auto-levels'],
    |
help: Add explicit `check=False`

I001 [*] Import block is un-sorted or un-formatted
 --> tests/test_current_funnel_partition.py:2:1
  |
1 |   """A rejection funnel cannot combine successful predicates from different OBs."""
2 | / from dataclasses import replace
3 | | import sys
4 | | import unittest
  | |_______________^
5 |
6 |   sys.path.insert(0,'scripts')
  |
help: Organize imports
  |
1 | """A rejection funnel cannot combine successful predicates from different OBs."""
  - from dataclasses import replace
2 | import sys
3 | import unittest
4 + from dataclasses import replace
5 |
  |

C408 Unnecessary `dict()` call (rewrite as a literal)
  --> tests/test_current_funnel_partition.py:15:16
   |
13 |       def candidate(self, **changes):
14 |           gates={name:True for name,_ in CANDIDATE_GATES};gates.update(changes)
15 |           return dict(gates=gates,first_failure=next((reason for gate,reason in CANDIDATE_GATES if not gates[gate]),None),
   |  ________________^
16 | |                     preexisting_supporting_poi_evidence=[],later_supporting_poi_evidence=[],
17 | |                     fresh_supporting_pois=[],a_open='2026-01-01T00:00:00+00:00')
   | |________________________________________________________________________________^
18 |
19 |       def test_disjoint_candidate_success_never_combines_into_deeper_proof(self):
   |
help: Rewrite as a literal

C408 Unnecessary `dict()` call (rewrite as a literal)
  --> tests/test_current_funnel_partition.py:23:14
   |
21 |         bad_ob=self.candidate(IMBALANCE=False)
22 |         bad_ob['preexisting_supporting_poi_evidence']=[{}];bad_ob['fresh_supporting_pois']=[{}]
23 |         diag=dict(candidates=[no_poi,bad_ob],independent_targets_available=True)
   |              ^^^^^^^^^^^^^^^^^^^^^^^^^^^^^^^^^^^^^^^^^^^^^^^^^^^^^^^^^^^^^^^^^^^
24 |         waiting=replace(signal(),status='WAITING_FOR_AUTO_LEVELS')
25 |         self.assertEqual(first_rejection(waiting,diag)[0],6)
   |
help: Rewrite as a literal

C408 Unnecessary `dict()` call (rewrite as a literal)
  --> tests/test_current_funnel_partition.py:29:50
   |
27 |     def test_invalidated_observation_cannot_reuse_earlier_cached_validity(self):
28 |         invalid=replace(signal(),status='INVALIDATED')
29 |         self.assertEqual(first_rejection(invalid,dict(candidates=[self.candidate()] ))[0],3)
   |                                                  ^^^^^^^^^^^^^^^^^^^^^^^^^^^^^^^^^^^^
help: Rewrite as a literal

I001 [*] Import block is un-sorted or un-formatted
 --> tests/test_entry_deferral_audit.py:2:1
  |
1 |   """An audit must not attribute the first withdrawal to a later READY update."""
2 | / from importlib.util import module_from_spec, spec_from_file_location
3 | | import json
4 | | from pathlib import Path
5 | | from tempfile import TemporaryDirectory
6 | | import unittest
  | |_______________^
help: Organize imports
  |
1 | """An audit must not attribute the first withdrawal to a later READY update."""
2 + import json
3 + import unittest
4 | from importlib.util import module_from_spec, spec_from_file_location
  - import json
5 | from pathlib import Path
6 | from tempfile import TemporaryDirectory
  - import unittest
7 |
  |

C408 Unnecessary `dict()` call (rewrite as a literal)
  --> tests/test_entry_deferral_audit.py:16:18
   |
14 |           module = module_from_spec(spec)
15 |           spec.loader.exec_module(module)
16 |           signal = dict(signal_id="same-setup", symbol="BTCUSDT", direction="LONG",
   |  __________________^
17 | |                       status="READY_FOR_VIRTUAL_ENTRY", entry_zone=dict(low=99, high=100),
18 | |                       optimal_entry=100, event_time="2026-01-01T00:05:00+00:00")
   | |________________________________________________________________________________^
19 |           later = dict(signal, event_time="2026-01-01T00:20:00+00:00")
20 |           decisions = [
   |
help: Rewrite as a literal

C408 Unnecessary `dict()` call (rewrite as a literal)
  --> tests/test_entry_deferral_audit.py:17:68
   |
15 |         spec.loader.exec_module(module)
16 |         signal = dict(signal_id="same-setup", symbol="BTCUSDT", direction="LONG",
17 |                       status="READY_FOR_VIRTUAL_ENTRY", entry_zone=dict(low=99, high=100),
   |                                                                    ^^^^^^^^^^^^^^^^^^^^^^
18 |                       optimal_entry=100, event_time="2026-01-01T00:05:00+00:00")
19 |         later = dict(signal, event_time="2026-01-01T00:20:00+00:00")
   |
help: Rewrite as a literal

C408 Unnecessary `dict()` call (rewrite as a literal)
  --> tests/test_entry_deferral_audit.py:21:13
   |
19 |         later = dict(signal, event_time="2026-01-01T00:20:00+00:00")
20 |         decisions = [
21 |             dict(signal_id="same-setup", action="SETUP_READY", reason="READY"),
   |             ^^^^^^^^^^^^^^^^^^^^^^^^^^^^^^^^^^^^^^^^^^^^^^^^^^^^^^^^^^^^^^^^^^
22 |             dict(signal_id="same-setup", action="SETUP_WAITING",
23 |                  reason="WAITING_FOR_AUTO_LEVELS|THREE_DISTINCT_FRESH_OPPOSING_POIS_NOT_FOUND",
   |
help: Rewrite as a literal

C408 Unnecessary `dict()` call (rewrite as a literal)
  --> tests/test_entry_deferral_audit.py:22:13
   |
20 |           decisions = [
21 |               dict(signal_id="same-setup", action="SETUP_READY", reason="READY"),
22 | /             dict(signal_id="same-setup", action="SETUP_WAITING",
23 | |                  reason="WAITING_FOR_AUTO_LEVELS|THREE_DISTINCT_FRESH_OPPOSING_POIS_NOT_FOUND",
24 | |                  time="2026-01-01T00:10:00+00:00"),
   | |__________________________________________________^
25 |               dict(signal_id="same-setup", action="SETUP_READY", reason="READY"),
26 |               dict(signal_id="same-setup", action="SETUP_INVALIDATED", reason="LATER_BOS"),
   |
help: Rewrite as a literal

C408 Unnecessary `dict()` call (rewrite as a literal)
  --> tests/test_entry_deferral_audit.py:25:13
   |
23 |                  reason="WAITING_FOR_AUTO_LEVELS|THREE_DISTINCT_FRESH_OPPOSING_POIS_NOT_FOUND",
24 |                  time="2026-01-01T00:10:00+00:00"),
25 |             dict(signal_id="same-setup", action="SETUP_READY", reason="READY"),
   |             ^^^^^^^^^^^^^^^^^^^^^^^^^^^^^^^^^^^^^^^^^^^^^^^^^^^^^^^^^^^^^^^^^^
26 |             dict(signal_id="same-setup", action="SETUP_INVALIDATED", reason="LATER_BOS"),
27 |         ]
   |
help: Rewrite as a literal

C408 Unnecessary `dict()` call (rewrite as a literal)
  --> tests/test_entry_deferral_audit.py:26:13
   |
24 |                  time="2026-01-01T00:10:00+00:00"),
25 |             dict(signal_id="same-setup", action="SETUP_READY", reason="READY"),
26 |             dict(signal_id="same-setup", action="SETUP_INVALIDATED", reason="LATER_BOS"),
   |             ^^^^^^^^^^^^^^^^^^^^^^^^^^^^^^^^^^^^^^^^^^^^^^^^^^^^^^^^^^^^^^^^^^^^^^^^^^^^
27 |         ]
28 |         with TemporaryDirectory() as directory:
   |
help: Rewrite as a literal

I001 [*] Import block is un-sorted or un-formatted
  --> tests/test_freshness_index.py:2:1
   |
 1 |   """Touch semantics and exact indexed equivalence; no numeric rule relaxation."""
 2 | / from dataclasses import replace
 3 | | from datetime import timedelta
 4 | | from math import nextafter, inf
 5 | | import unittest
 6 | |
 7 | | from crypto_bot.common.models import Direction
 8 | | from crypto_bot.strategy.auto_levels import FreshnessIndex, _PoiSeed, _fresh, derive_automatic_levels
 9 | | from crypto_bot.strategy.trade_plan import PriceZone
10 | | from test_auto_levels import valid_case
   | |_______________________________________^
help: Organize imports
   |
1  | """Touch semantics and exact indexed equivalence; no numeric rule relaxation."""
2  + import unittest
3  | from dataclasses import replace
4  | from datetime import timedelta
   - from math import nextafter, inf
   - import unittest
5  + from math import inf, nextafter
6  +
7  + from test_auto_levels import valid_case
8  |
9  | from crypto_bot.common.models import Direction
   - from crypto_bot.strategy.auto_levels import FreshnessIndex, _PoiSeed, _fresh, derive_automatic_levels
10 + from crypto_bot.strategy.auto_levels import (
11 +     FreshnessIndex,
12 +     _fresh,
13 +     _PoiSeed,
14 +     derive_automatic_levels,
15 + )
16 | from crypto_bot.strategy.trade_plan import PriceZone
   - from test_auto_levels import valid_case
17 |
   |

I001 [*] Import block is un-sorted or un-formatted
  --> tests/test_global_opportunity.py:1:1
   |
 1 | / from __future__ import annotations
 2 | |
 3 | | import unittest
 4 | | from dataclasses import replace
 5 | | from datetime import datetime, timedelta, timezone
 6 | |
 7 | | from crypto_bot.common.models import Direction
 8 | | from crypto_bot.strategy.global_opportunity import GlobalOpportunity, GlobalOpportunityError, cluster_cross_pair_opportunities
 9 | | from crypto_bot.strategy.market_analysis import MarketEventKind
10 | | from crypto_bot.strategy.mtf_sfp import MtfOpportunity, MtfOpportunityStatus, MtfSfpReport
   | |__________________________________________________________________________________________^
11 |
12 |   BASE = datetime(2026, 1, 1, tzinfo=timezone.utc)
   |
help: Organize imports
   |
7  | from crypto_bot.common.models import Direction
   - from crypto_bot.strategy.global_opportunity import GlobalOpportunity, GlobalOpportunityError, cluster_cross_pair_opportunities
8  + from crypto_bot.strategy.global_opportunity import (
9  +     GlobalOpportunity,
10 +     GlobalOpportunityError,
11 +     cluster_cross_pair_opportunities,
12 + )
13 | from crypto_bot.strategy.market_analysis import MarketEventKind
   - from crypto_bot.strategy.mtf_sfp import MtfOpportunity, MtfOpportunityStatus, MtfSfpReport
14 + from crypto_bot.strategy.mtf_sfp import (
15 +     MtfOpportunity,
16 +     MtfOpportunityStatus,
17 +     MtfSfpReport,
18 + )
19 |
   |

UP017 [*] Use `datetime.UTC` alias
  --> tests/test_global_opportunity.py:12:36
   |
10 | from crypto_bot.strategy.mtf_sfp import MtfOpportunity, MtfOpportunityStatus, MtfSfpReport
11 |
12 | BASE = datetime(2026, 1, 1, tzinfo=timezone.utc)
   |                                    ^^^^^^^^^^^^
help: Convert to `datetime.UTC` alias
   |
4  | from dataclasses import replace
   - from datetime import datetime, timedelta, timezone
5  + from datetime import datetime, timedelta, timezone, UTC
6  |
--------------------------------------------------------------------------------
11 |
   - BASE = datetime(2026, 1, 1, tzinfo=timezone.utc)
12 + BASE = datetime(2026, 1, 1, tzinfo=UTC)
13 |
   |

I001 [*] Import block is un-sorted or un-formatted
  --> tests/test_global_report.py:1:1
   |
 1 | / from __future__ import annotations
 2 | |
 3 | | import csv
 4 | | import json
 5 | | import tempfile
 6 | | import unittest
 7 | | from datetime import datetime, timezone
 8 | | from pathlib import Path
 9 | |
10 | | from crypto_bot.common.models import Direction
11 | | from crypto_bot.global_report import write_global_opportunities_csv, write_global_summary_json
12 | | from crypto_bot.strategy.global_opportunity import GlobalOpportunity
   | |____________________________________________________________________^
help: Organize imports
   |
10 | from crypto_bot.common.models import Direction
   - from crypto_bot.global_report import write_global_opportunities_csv, write_global_summary_json
11 + from crypto_bot.global_report import (
12 +     write_global_opportunities_csv,
13 +     write_global_summary_json,
14 + )
15 | from crypto_bot.strategy.global_opportunity import GlobalOpportunity
   |

UP017 [*] Use `datetime.UTC` alias
  --> tests/test_global_report.py:17:41
   |
15 | class GlobalReportTests(unittest.TestCase):
16 |     def sample(self):
17 |         t = datetime(2026, 1, 1, tzinfo=timezone.utc)
   |                                         ^^^^^^^^^^^^
18 |         return (
19 |             GlobalOpportunity(
   |
help: Convert to `datetime.UTC` alias
   |
6  | import unittest
   - from datetime import datetime, timezone
7  + from datetime import datetime, timezone, UTC
8  | from pathlib import Path
--------------------------------------------------------------------------------
16 |     def sample(self):
   -         t = datetime(2026, 1, 1, tzinfo=timezone.utc)
17 +         t = datetime(2026, 1, 1, tzinfo=UTC)
18 |         return (
   |

I001 [*] Import block is un-sorted or un-formatted
  --> tests/test_historical_portfolio_cli.py:1:1
   |
 1 | / import importlib.util
 2 | | import json
 3 | | from pathlib import Path
 4 | | import subprocess
 5 | | import sys
 6 | | import os
 7 | | import tempfile
 8 | | import unittest
 9 | | from dataclasses import replace
10 | |
11 | | from crypto_bot.data.models import MarketCandle
12 | | from crypto_bot.data.storage import write_klines_csv
13 | | from crypto_bot.strategy.portfolio_statistics import trade_statistics
14 | | from test_replay import histories
15 | | from test_virtual_portfolio import bar, signal
   | |______________________________________________^
help: Organize imports
   |
2  | import json
   - from pathlib import Path
3  + import os
4  | import subprocess
5  | import sys
   - import os
6  | import tempfile
7  | import unittest
8  | from dataclasses import replace
9  + from pathlib import Path
10 +
11 + from test_replay import histories
12 + from test_virtual_portfolio import bar, signal
13 |
14 | from crypto_bot.data.models import MarketCandle
15 | from crypto_bot.data.storage import write_klines_csv
16 | from crypto_bot.strategy.portfolio_statistics import trade_statistics
   - from test_replay import histories
   - from test_virtual_portfolio import bar, signal
   -
17 |
   |

RUF059 Unpacked variable `partial` is never used
  --> tests/test_historical_portfolio_cli.py:32:17
   |
30 |             path=Path(directory)/'state.json'
31 |             for cut in (1,2,3,4,5):
32 |                 partial,_=cli.simulate(execution,updates,checkpoint_path=path,stop_after_bars=cut)
   |                 ^^^^^^^
33 |                 from crypto_bot.strategy.virtual_portfolio import VirtualPortfolio
34 |                 restored=VirtualPortfolio.load_checkpoint(path)
   |
help: Prefix it with an underscore or any other dummy variable pattern

PLW1510 `subprocess.run` without explicit `check` argument
  --> tests/test_historical_portfolio_cli.py:62:24
   |
60 |             for i,(mode,workers) in enumerate((('BACKTEST',1),('BACKTEST',2),('SHADOW',1))):
61 |                 destination=root/str(i)
62 |                 result=subprocess.run([sys.executable,'scripts/run_historical_portfolio.py',
   |                        ^^^^^^^^^^^^^^
63 |                     '--data-root',str(root/'history'),'--report-root',str(destination),
64 |                     '--symbols','A','B','--htf','5','--ltf','1','--days','max',
   |
help: Add explicit `check=False`

RUF059 Unpacked variable `observed` is never used
  --> tests/test_historical_portfolio_cli.py:88:14
   |
86 |         execution={'TEST':[bar(i) for i in range(5)]}
87 |         updates=[signal(),replace(signal(2,ident='two'),status='INVALIDATED')]
88 |         full,observed=cli.simulate(execution,updates)
   |              ^^^^^^^^
89 |         prefix,_=cli.simulate({'TEST':execution['TEST'][:3]},updates)
90 |         self.assertEqual(full.equity_curve[:3],prefix.equity_curve)
   |
help: Prefix it with an underscore or any other dummy variable pattern

PLW1510 `subprocess.run` without explicit `check` argument
  --> tests/test_historical_portfolio_cli.py:95:20
   |
93 |     def test_invalid_capital_and_live_fail_before_loading_history(self):
94 |         for args in (['--mode','LIVE'],['--initial-capital','nan'],['--days','0']):
95 |             result=subprocess.run([sys.executable,'scripts/run_historical_portfolio.py',*args],
   |                    ^^^^^^^^^^^^^^
96 |                 env={**os.environ,'PYTHONPATH':'src'},capture_output=True,text=True)
97 |             self.assertNotEqual(result.returncode,0)
   |
help: Add explicit `check=False`

C408 Unnecessary `dict()` call (rewrite as a literal)
   --> tests/test_historical_portfolio_cli.py:103:27
    |
101 |           trades=[]
102 |           for i,pnl in enumerate((10,-5,0,20)):
103 |               trades.append(dict(status='CLOSED',exit_time=bar(i).close_time,symbol='TEST',
    |  ___________________________^
104 | |                 trade_id=str(i),net_pnl=pnl,result_R=pnl/5))
    | |___________________________________________________________^
105 |           stats=trade_statistics(trades)
106 |           self.assertEqual(stats['completed_trades'],4)
    |
help: Rewrite as a literal

I001 [*] Import block is un-sorted or un-formatted
  --> tests/test_historical_replay.py:1:1
   |
 1 | / from dataclasses import replace
 2 | | from datetime import datetime
 3 | | from pathlib import Path
 4 | | import json
 5 | | import unittest
 6 | |
 7 | | from crypto_bot.common.models import Candle
 8 | |
 9 | | from crypto_bot.strategy.auto_levels import AutoLevelPolicy
10 | | from crypto_bot.strategy.historical_replay import indexed_signal_updates
11 | | from crypto_bot.strategy.replay import evaluate_snapshot
12 | | from test_replay import histories
   | |_________________________________^
help: Organize imports
   |
1  + import json
2  + import unittest
3  | from dataclasses import replace
4  | from datetime import datetime
5  | from pathlib import Path
   - import json
   - import unittest
6  |
7  + from test_replay import histories
8  +
9  | from crypto_bot.common.models import Candle
   -
10 | from crypto_bot.strategy.auto_levels import AutoLevelPolicy
11 | from crypto_bot.strategy.historical_replay import indexed_signal_updates
12 | from crypto_bot.strategy.replay import evaluate_snapshot
   - from test_replay import histories
13 |
   |

UP017 [*] Use `datetime.UTC` alias
  --> tests/test_liquidity_episodes.py:15:36
   |
13 | )
14 |
15 | BASE = datetime(2026, 1, 1, tzinfo=timezone.utc)
   |                                    ^^^^^^^^^^^^
help: Convert to `datetime.UTC` alias
   |
4  | from dataclasses import replace
   - from datetime import datetime, timedelta, timezone
5  + from datetime import datetime, timedelta, timezone, UTC
6  |
--------------------------------------------------------------------------------
14 |
   - BASE = datetime(2026, 1, 1, tzinfo=timezone.utc)
15 + BASE = datetime(2026, 1, 1, tzinfo=UTC)
16 |
   |

I001 [*] Import block is un-sorted or un-formatted
  --> tests/test_market_analysis.py:1:1
   |
 1 | / from __future__ import annotations
 2 | |
 3 | | import unittest
 4 | | from datetime import datetime, timedelta, timezone
 5 | |
 6 | | from crypto_bot.common.models import Candle
 7 | | from crypto_bot.strategy.market_analysis import (
 8 | |     MarketAnalysisError,
 9 | |     MarketEventKind,
10 | |     TrendState,
11 | |     StructureAnalysisMode,
12 | |     analyze_market,
13 | | )
   | |_^
help: Organize imports
   |
9  |     MarketEventKind,
10 +     StructureAnalysisMode,
11 |     TrendState,
   -     StructureAnalysisMode,
12 |     analyze_market,
13 | )
   -
14 |
   |

UP017 [*] Use `datetime.UTC` alias
  --> tests/test_market_analysis.py:16:36
   |
16 | BASE = datetime(2026, 1, 1, tzinfo=timezone.utc)
   |                                    ^^^^^^^^^^^^
help: Convert to `datetime.UTC` alias
   |
3  | import unittest
   - from datetime import datetime, timedelta, timezone
4  + from datetime import datetime, timedelta, timezone, UTC
5  |
--------------------------------------------------------------------------------
15 |
   - BASE = datetime(2026, 1, 1, tzinfo=timezone.utc)
16 + BASE = datetime(2026, 1, 1, tzinfo=UTC)
17 |
   |

I001 [*] Import block is un-sorted or un-formatted
  --> tests/test_mtf_diagnostics.py:1:1
   |
 1 | / from __future__ import annotations
 2 | |
 3 | | import unittest
 4 | | from datetime import datetime, timedelta, timezone
 5 | |
 6 | | from crypto_bot.common.models import Direction
 7 | | from crypto_bot.strategy.market_analysis import (
 8 | |     MarketAnalysisReport,
 9 | |     MarketEvent,
10 | |     MarketEventKind,
11 | |     OrderBlockReadiness,
12 | |     TrendState,
13 | | )
14 | | from crypto_bot.strategy.mtf_diagnostics import build_candidate_bos_diagnostics, ltf_bos_inventory
15 | | from crypto_bot.strategy.mtf_sfp import MtfSfpCandidate, MtfSfpReport, MtfSfpStatus
   | |___________________________________________________________________________________^
16 |
17 |   BASE = datetime(2026, 1, 1, tzinfo=timezone.utc)
   |
help: Organize imports
   |
13 | )
   - from crypto_bot.strategy.mtf_diagnostics import build_candidate_bos_diagnostics, ltf_bos_inventory
14 + from crypto_bot.strategy.mtf_diagnostics import (
15 +     build_candidate_bos_diagnostics,
16 +     ltf_bos_inventory,
17 + )
18 | from crypto_bot.strategy.mtf_sfp import MtfSfpCandidate, MtfSfpReport, MtfSfpStatus
   |

UP017 [*] Use `datetime.UTC` alias
  --> tests/test_mtf_diagnostics.py:17:36
   |
15 | from crypto_bot.strategy.mtf_sfp import MtfSfpCandidate, MtfSfpReport, MtfSfpStatus
16 |
17 | BASE = datetime(2026, 1, 1, tzinfo=timezone.utc)
   |                                    ^^^^^^^^^^^^
help: Convert to `datetime.UTC` alias
   |
3  | import unittest
   - from datetime import datetime, timedelta, timezone
4  + from datetime import datetime, timedelta, timezone, UTC
5  |
--------------------------------------------------------------------------------
16 |
   - BASE = datetime(2026, 1, 1, tzinfo=timezone.utc)
17 + BASE = datetime(2026, 1, 1, tzinfo=UTC)
18 |
   |

UP017 [*] Use `datetime.UTC` alias
  --> tests/test_mtf_report.py:29:41
   |
27 | class MtfReportTests(unittest.TestCase):
28 |     def sample(self) -> MtfSfpReport:
29 |         t = datetime(2026, 1, 1, tzinfo=timezone.utc)
   |                                         ^^^^^^^^^^^^
30 |         candidate = MtfSfpCandidate(
31 |             candidate_id=1,
   |
help: Convert to `datetime.UTC` alias
   |
6  | import unittest
   - from datetime import datetime, timezone
7  + from datetime import datetime, timezone, UTC
8  | from pathlib import Path
--------------------------------------------------------------------------------
28 |     def sample(self) -> MtfSfpReport:
   -         t = datetime(2026, 1, 1, tzinfo=timezone.utc)
29 +         t = datetime(2026, 1, 1, tzinfo=UTC)
30 |         candidate = MtfSfpCandidate(
   |

UP017 [*] Use `datetime.UTC` alias
  --> tests/test_mtf_sfp.py:20:36
   |
18 | )
19 |
20 | BASE = datetime(2026, 1, 1, tzinfo=timezone.utc)
   |                                    ^^^^^^^^^^^^
help: Convert to `datetime.UTC` alias
   |
3  | import unittest
   - from datetime import datetime, timedelta, timezone
4  + from datetime import datetime, timedelta, timezone, UTC
5  |
--------------------------------------------------------------------------------
19 |
   - BASE = datetime(2026, 1, 1, tzinfo=timezone.utc)
20 + BASE = datetime(2026, 1, 1, tzinfo=UTC)
21 |
   |

I001 [*] Import block is un-sorted or un-formatted
 --> tests/test_ob_entry_reference.py:2:1
  |
1 |   """The automatic research POI must remain auditable without becoming canonical READY."""
2 | / import unittest
3 | | from crypto_bot.common.models import Direction
4 | | from crypto_bot.strategy.auto_levels import derive_automatic_levels, ENTRY_POLICY
5 | | from test_auto_levels import valid_case
6 | | from test_automatic_lifecycle import histories
7 | | from crypto_bot.strategy.historical_replay import indexed_signal_updates
8 | | from crypto_bot.strategy.auto_levels import AutoLevelPolicy
  | |___________________________________________________________^
help: Organize imports
   |
2  | import unittest
   - from crypto_bot.common.models import Direction
   - from crypto_bot.strategy.auto_levels import derive_automatic_levels, ENTRY_POLICY
3  +
4  | from test_auto_levels import valid_case
5  | from test_automatic_lifecycle import histories
6  +
7  + from crypto_bot.common.models import Direction
8  + from crypto_bot.strategy.auto_levels import (
9  +     ENTRY_POLICY,
10 +     AutoLevelPolicy,
11 +     derive_automatic_levels,
12 + )
13 | from crypto_bot.strategy.historical_replay import indexed_signal_updates
   - from crypto_bot.strategy.auto_levels import AutoLevelPolicy
14 |
   |

I001 [*] Import block is un-sorted or un-formatted
  --> tests/test_ob_impulse_window.py:6:1
   |
 4 |   These fixtures regress the erroneous temporal ordering, not entry profitability.
 5 |   """
 6 | / from dataclasses import replace
 7 | | import unittest
 8 | |
 9 | | from crypto_bot.common.models import Direction
10 | | from crypto_bot.strategy.auto_levels import derive_automatic_levels, ob_impulse_window
11 | | from test_auto_levels import valid_case
   | |_______________________________________^
help: Organize imports
   |
5  | """
6  + import unittest
7  | from dataclasses import replace
   - import unittest
8  |
9  + from test_auto_levels import valid_case
10 +
11 | from crypto_bot.common.models import Direction
12 | from crypto_bot.strategy.auto_levels import derive_automatic_levels, ob_impulse_window
   - from test_auto_levels import valid_case
13 |
   |

C408 Unnecessary `dict()` call (rewrite as a literal)
  --> tests/test_order_block.py:8:16
   |
 6 |   class OrderBlockTests(unittest.TestCase):
 7 |       def valid_evidence(self, **changes):
 8 |           data = dict(
   |  ________________^
 9 | |             liquidity_swept=True,
10 | |             aggressive_impulse=True,
11 | |             engulfs_previous_candle=True,
12 | |             bos_confirmed=True,
13 | |             in_htf_poi=True,
14 | |             in_structural_impulse=True,
15 | |             aligned_with_trend=True,
16 | |             imbalance_present=True,
17 | |             test_number=1,
18 | |             ltf_reaction_confirmed=False,
19 | |         )
   | |_________^
20 |           data.update(changes)
21 |           return OrderBlockEvidence(**data)
   |
help: Rewrite as a literal

I001 [*] Import block is un-sorted or un-formatted
 --> tests/test_phase1413_freeze.py:1:1
  |
1 | / from __future__ import annotations
2 | |
3 | | import json
4 | | import unittest
5 | |
6 | | from crypto_bot.strategy.global_opportunity import PRODUCTION_GLOBAL_CLUSTER_WINDOW_MINUTES
7 | | from crypto_bot.strategy.market_analysis import StructureAnalysisMode, analyze_market
  | |_____________________________________________________________________________________^
help: Organize imports
  |
5 |
  - from crypto_bot.strategy.global_opportunity import PRODUCTION_GLOBAL_CLUSTER_WINDOW_MINUTES
6 + from crypto_bot.strategy.global_opportunity import (
7 +     PRODUCTION_GLOBAL_CLUSTER_WINDOW_MINUTES,
8 + )
9 | from crypto_bot.strategy.market_analysis import StructureAnalysisMode, analyze_market
  |

I001 [*] Import block is un-sorted or un-formatted
 --> tests/test_phase1418_boundary_clarity.py:1:1
  |
1 | / import unittest
2 | |
3 | | from crypto_bot.strategy.range_engine import (
4 | |     RangeBoundaryClarityReview,
5 | |     RangeDetectionParams,
6 | |     analyze_ranges,
7 | |     range_review_key,
8 | | )
9 | | from test_range_engine import base_report, bullish_range_events, c
  | |__________________________________________________________________^
help: Organize imports
   |
2  |
3  + from test_range_engine import base_report, bullish_range_events, c
4  +
5  | from crypto_bot.strategy.range_engine import (
--------------------------------------------------------------------------------
10 | )
   - from test_range_engine import base_report, bullish_range_events, c
11 |
   |

I001 [*] Import block is un-sorted or un-formatted
  --> tests/test_phase1419_range_lifecycle.py:1:1
   |
 1 | / import unittest
 2 | | from datetime import timedelta
 3 | |
 4 | | from crypto_bot.strategy.market_analysis import MarketEventKind
 5 | | from crypto_bot.strategy.range_engine import (
 6 | |     RangeBoundaryClarityReview,
 7 | |     RangeBoundaryState,
 8 | |     RangeStatus,
 9 | |     analyze_ranges,
10 | |     range_review_key,
11 | | )
12 | | from test_range_engine import BASE, base_report, bullish_range_events, c, ev
   | |____________________________________________________________________________^
help: Organize imports
   |
3  |
4  + from test_range_engine import BASE, base_report, bullish_range_events, c, ev
5  +
6  | from crypto_bot.strategy.market_analysis import MarketEventKind
--------------------------------------------------------------------------------
13 | )
   - from test_range_engine import BASE, base_report, bullish_range_events, c, ev
14 |
   |

I001 [*] Import block is un-sorted or un-formatted
 --> tests/test_phase1420_freeze.py:1:1
  |
1 | / import unittest
2 | | from pathlib import Path
3 | |
4 | | import crypto_bot
5 | | from crypto_bot.strategy.order_block import derive_qualified_order_block_geometry
6 | | from crypto_bot.strategy.trade_plan import OTE_DEEP, OTE_SHALLOW, select_first_opposing_poi_fta
  | |_______________________________________________________________________________________________^
help: Organize imports
   |
5  | from crypto_bot.strategy.order_block import derive_qualified_order_block_geometry
   - from crypto_bot.strategy.trade_plan import OTE_DEEP, OTE_SHALLOW, select_first_opposing_poi_fta
6  + from crypto_bot.strategy.trade_plan import (
7  +     OTE_DEEP,
8  +     OTE_SHALLOW,
9  +     select_first_opposing_poi_fta,
10 + )
11 |
   |

I001 [*] Import block is un-sorted or un-formatted
 --> tests/test_phase1420_source_geometry.py:1:1
  |
1 | / import unittest
2 | | from datetime import datetime, timedelta, timezone
3 | |
4 | | from crypto_bot.common.models import Candle, Direction
5 | | from crypto_bot.strategy.order_block import OrderBlockAssessment, derive_qualified_order_block_geometry
6 | | from crypto_bot.strategy.trade_plan import PriceZone, TradePlanGeometryError, select_first_opposing_poi_fta
  | |___________________________________________________________________________________________________________^
help: Organize imports
   |
4  | from crypto_bot.common.models import Candle, Direction
   - from crypto_bot.strategy.order_block import OrderBlockAssessment, derive_qualified_order_block_geometry
   - from crypto_bot.strategy.trade_plan import PriceZone, TradePlanGeometryError, select_first_opposing_poi_fta
5  + from crypto_bot.strategy.order_block import (
6  +     OrderBlockAssessment,
7  +     derive_qualified_order_block_geometry,
8  + )
9  + from crypto_bot.strategy.trade_plan import (
10 +     PriceZone,
11 +     TradePlanGeometryError,
12 +     select_first_opposing_poi_fta,
13 + )
14 |
   |

UP017 [*] Use `datetime.UTC` alias
  --> tests/test_phase1420_source_geometry.py:10:41
   |
 9 | def candle(minute, o, h, l, c):
10 |     t=datetime(2026,1,1,0,minute,tzinfo=timezone.utc)
   |                                         ^^^^^^^^^^^^
11 |     return Candle(t,t+timedelta(minutes=1),o,h,l,c)
   |
help: Convert to `datetime.UTC` alias
   |
1  | import unittest
   - from datetime import datetime, timedelta, timezone
2  + from datetime import datetime, timedelta, timezone, UTC
3  |
--------------------------------------------------------------------------------
9  | def candle(minute, o, h, l, c):
   -     t=datetime(2026,1,1,0,minute,tzinfo=timezone.utc)
10 +     t=datetime(2026,1,1,0,minute,tzinfo=UTC)
11 |     return Candle(t,t+timedelta(minutes=1),o,h,l,c)
   |

C408 Unnecessary `tuple()` call (rewrite as a literal)
  --> tests/test_phase1420_source_geometry.py:16:51
   |
14 | class QualifiedObGeometryTests(unittest.TestCase):
15 |     def setUp(self):
16 |         self.a=OrderBlockAssessment(True,True,"A",tuple())
   |                                                   ^^^^^^^
17 |         self.engulfed=candle(0,100,108,99,105)
18 |         self.engulfing=candle(1,105,110,98,109)
   |
help: Rewrite as a literal

C408 Unnecessary `tuple()` call (rewrite as a literal)
  --> tests/test_phase1420_source_geometry.py:32:198
   |
30 | …
31 | …
32 | …ng,assessment=OrderBlockAssessment(True,False,"IMB_UNRESOLVED",tuple()))
   |                                                                 ^^^^^^^
help: Rewrite as a literal

I001 [*] Import block is un-sorted or un-formatted
 --> tests/test_pipeline_integrity.py:2:1
  |
1 |   """Regression checks for closed-candle identity before strategy evaluation."""
2 | / from dataclasses import replace
3 | | from datetime import timedelta
4 | | import unittest
5 | |
6 | | from crypto_bot.strategy.market_analysis import analyze_market, MarketAnalysisError
7 | | from crypto_bot.strategy.range_engine import analyze_ranges, RangeAnalysisError
8 | | from crypto_bot.strategy.virtual_portfolio import VirtualPortfolio
9 | | from test_virtual_portfolio import bar, signal
  | |______________________________________________^
help: Organize imports
   |
1  | """Regression checks for closed-candle identity before strategy evaluation."""
2  + import unittest
3  | from dataclasses import replace
4  | from datetime import timedelta
   - import unittest
5  |
   - from crypto_bot.strategy.market_analysis import analyze_market, MarketAnalysisError
   - from crypto_bot.strategy.range_engine import analyze_ranges, RangeAnalysisError
   - from crypto_bot.strategy.virtual_portfolio import VirtualPortfolio
6  | from test_virtual_portfolio import bar, signal
7  |
8  + from crypto_bot.strategy.market_analysis import MarketAnalysisError, analyze_market
9  + from crypto_bot.strategy.range_engine import RangeAnalysisError, analyze_ranges
10 + from crypto_bot.strategy.virtual_portfolio import VirtualPortfolio
11 +
12 |
   |

I001 [*] Import block is un-sorted or un-formatted
 --> tests/test_portfolio_accounting.py:1:1
  |
1 | / import unittest
2 | | from dataclasses import replace
3 | | from crypto_bot.common.models import Direction
4 | | from crypto_bot.strategy.virtual_portfolio import VirtualPortfolio, SimulationPolicy
5 | | from crypto_bot.strategy.portfolio_statistics import portfolio_statistics
6 | | from test_virtual_portfolio import bar, signal
  | |______________________________________________^
help: Organize imports
  |
2 | from dataclasses import replace
3 +
4 + from test_virtual_portfolio import bar, signal
5 +
6 | from crypto_bot.common.models import Direction
  - from crypto_bot.strategy.virtual_portfolio import VirtualPortfolio, SimulationPolicy
7 | from crypto_bot.strategy.portfolio_statistics import portfolio_statistics
  - from test_virtual_portfolio import bar, signal
8 + from crypto_bot.strategy.virtual_portfolio import SimulationPolicy, VirtualPortfolio
9 |
  |

I001 [*] Import block is un-sorted or un-formatted
 --> tests/test_portfolio_checkpoint.py:1:1
  |
1 | / from pathlib import Path
2 | | import tempfile
3 | | import unittest
4 | | from unittest.mock import patch
5 | |
6 | | from crypto_bot.common.models import Direction
7 | | from crypto_bot.strategy.virtual_portfolio import VirtualPortfolio
8 | | from test_virtual_portfolio import bar,signal
  | |_____________________________________________^
help: Organize imports
   |
   - from pathlib import Path
1  | import tempfile
2  | import unittest
3  + from pathlib import Path
4  | from unittest.mock import patch
5  |
6  + from test_virtual_portfolio import bar, signal
7  +
8  | from crypto_bot.common.models import Direction
9  | from crypto_bot.strategy.virtual_portfolio import VirtualPortfolio
   - from test_virtual_portfolio import bar,signal
10 |
   |

SIM117 Use a single `with` statement with multiple contexts instead of nested `with` statements
  --> tests/test_portfolio_checkpoint.py:67:13
   |
65 |               previous=path.read_bytes()
66 |               p.step({'TEST':bar(0)},[signal()])
67 | /             with patch('crypto_bot.strategy.checkpoint.os.replace',side_effect=OSError('disk failure')):
68 | |                 with self.assertRaises(OSError):p.save_checkpoint(path)
   | |________________________________________________^
69 |               self.assertEqual(path.read_bytes(),previous)
70 |               self.assertEqual(VirtualPortfolio.load_checkpoint(path).positions,{})
   |
help: Combine `with` statements

I001 [*] Import block is un-sorted or un-formatted
  --> tests/test_portfolio_checkpoint.py:74:9
   |
73 |       def test_valid_digest_cannot_enable_live_mode_or_real_entry_flag(self):
74 | /         import json
75 | |         from hashlib import sha256
76 | |         from crypto_bot.strategy.checkpoint import _canonical
   | |_____________________________________________________________^
77 |           p=VirtualPortfolio()
78 |           with tempfile.TemporaryDirectory() as temp:
   |
help: Organize imports
   |
75 |         from hashlib import sha256
76 +
77 |         from crypto_bot.strategy.checkpoint import _canonical
   |

I001 [*] Import block is un-sorted or un-formatted
 --> tests/test_range_automatic_clarity.py:2:1
  |
1 |   """Automatic clarity uses available source confirmations, never future labels."""
2 | / from dataclasses import replace
3 | | import unittest
4 | |
5 | | from crypto_bot.strategy.range_engine import (RangeBoundaryClarityReview, RangeDetectionParams,
6 | |     RangeStatus, analyze_ranges, automatic_boundary_clarity, range_review_key)
7 | | from crypto_bot.strategy.market_analysis import MarketEventKind
8 | | from test_range_engine import base_report, bullish_range_events, c, ev
  | |______________________________________________________________________^
help: Organize imports
   |
1  | """Automatic clarity uses available source confirmations, never future labels."""
2  + import unittest
3  | from dataclasses import replace
   - import unittest
4  |
   - from crypto_bot.strategy.range_engine import (RangeBoundaryClarityReview, RangeDetectionParams,
   -     RangeStatus, analyze_ranges, automatic_boundary_clarity, range_review_key)
5  + from test_range_engine import base_report, bullish_range_events, c, ev
6  +
7  | from crypto_bot.strategy.market_analysis import MarketEventKind
   - from test_range_engine import base_report, bullish_range_events, c, ev
8  + from crypto_bot.strategy.range_engine import (
9  +     RangeBoundaryClarityReview,
10 +     RangeDetectionParams,
11 +     RangeStatus,
12 +     analyze_ranges,
13 +     automatic_boundary_clarity,
14 +     range_review_key,
15 + )
16 |
   |

I001 [*] Import block is un-sorted or un-formatted
  --> tests/test_range_engine.py:1:1
   |
 1 | / import unittest
 2 | | from datetime import datetime, timedelta, timezone
 3 | |
 4 | | from crypto_bot.common.models import Candle
 5 | | from crypto_bot.strategy.market_analysis import (
 6 | |     MarketAnalysisReport,
 7 | |     MarketEvent,
 8 | |     MarketEventKind,
 9 | |     OrderBlockReadiness,
10 | |     TrendState,
11 | | )
12 | | from crypto_bot.strategy.range_engine import (
13 | |     RangeBoundaryState,
14 | |     RangeDetectionParams,
15 | |     RangeStatus,
16 | | )
17 | | from range_test_support import analyze_ranges, augment_market_report_with_range_sfps
18 | | from crypto_bot.strategy.mtf_sfp import MtfSfpStatus, link_sfp_formations_to_ltf_bos
   | |____________________________________________________________________________________^
help: Organize imports
   |
3  |
4  + from range_test_support import analyze_ranges, augment_market_report_with_range_sfps
5  +
6  | from crypto_bot.common.models import Candle
--------------------------------------------------------------------------------
13 | )
14 + from crypto_bot.strategy.mtf_sfp import MtfSfpStatus, link_sfp_formations_to_ltf_bos
15 | from crypto_bot.strategy.range_engine import (
--------------------------------------------------------------------------------
19 | )
   - from range_test_support import analyze_ranges, augment_market_report_with_range_sfps
   - from crypto_bot.strategy.mtf_sfp import MtfSfpStatus, link_sfp_formations_to_ltf_bos
   -
20 |
   |

UP017 [*] Use `datetime.UTC` alias
  --> tests/test_range_engine.py:21:36
   |
21 | BASE = datetime(2026, 1, 1, tzinfo=timezone.utc)
   |                                    ^^^^^^^^^^^^
help: Convert to `datetime.UTC` alias
   |
1  | import unittest
   - from datetime import datetime, timedelta, timezone
2  + from datetime import datetime, timedelta, timezone, UTC
3  |
--------------------------------------------------------------------------------
20 |
   - BASE = datetime(2026, 1, 1, tzinfo=timezone.utc)
21 + BASE = datetime(2026, 1, 1, tzinfo=UTC)
22 |
   |

I001 [*] Import block is un-sorted or un-formatted
  --> tests/test_range_report.py:1:1
   |
 1 | / import csv
 2 | | import json
 3 | | import tempfile
 4 | | import unittest
 5 | | from datetime import datetime, timedelta, timezone
 6 | | from pathlib import Path
 7 | |
 8 | | from crypto_bot.common.models import Candle
 9 | | from crypto_bot.range_report import (
10 | |     write_range_sfp_events_csv,
11 | |     write_range_summary_json,
12 | |     write_ranges_csv,
13 | | )
14 | | from crypto_bot.strategy.market_analysis import (
15 | |     MarketAnalysisReport,
16 | |     MarketEvent,
17 | |     MarketEventKind,
18 | |     OrderBlockReadiness,
19 | |     TrendState,
20 | | )
21 | | from crypto_bot.strategy.range_engine import RangeDetectionParams
22 | | from range_test_support import analyze_ranges
   | |_____________________________________________^
23 |
24 |   BASE = datetime(2026, 2, 1, tzinfo=timezone.utc)
   |
help: Organize imports
   |
7  |
8  + from range_test_support import analyze_ranges
9  +
10 | from crypto_bot.common.models import Candle
--------------------------------------------------------------------------------
23 | from crypto_bot.strategy.range_engine import RangeDetectionParams
   - from range_test_support import analyze_ranges
24 |
   |

UP017 [*] Use `datetime.UTC` alias
  --> tests/test_range_report.py:24:36
   |
22 | from range_test_support import analyze_ranges
23 |
24 | BASE = datetime(2026, 2, 1, tzinfo=timezone.utc)
   |                                    ^^^^^^^^^^^^
help: Convert to `datetime.UTC` alias
   |
4  | import unittest
   - from datetime import datetime, timedelta, timezone
5  + from datetime import datetime, timedelta, timezone, UTC
6  | from pathlib import Path
--------------------------------------------------------------------------------
23 |
   - BASE = datetime(2026, 2, 1, tzinfo=timezone.utc)
24 + BASE = datetime(2026, 2, 1, tzinfo=UTC)
25 |
   |

I001 [*] Import block is un-sorted or un-formatted
  --> tests/test_range_validation.py:1:1
   |
 1 | / import unittest
 2 | | from datetime import datetime, timedelta, timezone
 3 | |
 4 | | from crypto_bot.common.models import Candle, Direction
 5 | | from crypto_bot.strategy.market_analysis import (
 6 | |     MarketAnalysisReport,
 7 | |     MarketEvent,
 8 | |     MarketEventKind,
 9 | |     OrderBlockReadiness,
10 | |     TrendState,
11 | | )
12 | | from crypto_bot.strategy.mtf_sfp import (
13 | |     MtfOpportunity,
14 | |     MtfOpportunityStatus,
15 | |     MtfSfpCandidate,
16 | |     MtfSfpReport,
17 | |     MtfSfpStatus,
18 | |     link_sfp_formations_to_ltf_bos,
19 | | )
20 | | from crypto_bot.strategy.range_engine import RangeDetectionParams
21 | | from range_test_support import analyze_ranges, augment_market_report_with_range_sfps
22 | | from crypto_bot.strategy.range_validation import (
23 | |     build_origin_mtf_funnel,
24 | |     build_range_audit_rows,
25 | |     build_range_stage_funnel,
26 | |     build_range_validation_matrix_row,
27 | |     unique_sorted_tolerances,
28 | | )
   | |_^
29 |
30 |   BASE = datetime(2026, 3, 1, tzinfo=timezone.utc)
   |
help: Organize imports
   |
3  |
4  + from range_test_support import analyze_ranges, augment_market_report_with_range_sfps
5  +
6  | from crypto_bot.common.models import Candle, Direction
--------------------------------------------------------------------------------
22 | from crypto_bot.strategy.range_engine import RangeDetectionParams
   - from range_test_support import analyze_ranges, augment_market_report_with_range_sfps
23 | from crypto_bot.strategy.range_validation import (
   |

UP017 [*] Use `datetime.UTC` alias
  --> tests/test_range_validation.py:30:36
   |
28 | )
29 |
30 | BASE = datetime(2026, 3, 1, tzinfo=timezone.utc)
   |                                    ^^^^^^^^^^^^
help: Convert to `datetime.UTC` alias
   |
1  | import unittest
   - from datetime import datetime, timedelta, timezone
2  + from datetime import datetime, timedelta, timezone, UTC
3  |
--------------------------------------------------------------------------------
29 |
   - BASE = datetime(2026, 3, 1, tzinfo=timezone.utc)
30 + BASE = datetime(2026, 3, 1, tzinfo=UTC)
31 |
   |

I001 [*] Import block is un-sorted or un-formatted
 --> tests/test_range_validation_horizon.py:2:1
  |
1 |   """A range decision must not allocate prices beyond its first terminal event."""
2 | / from collections.abc import Sequence
3 | | import unittest
4 | |
5 | | from crypto_bot.strategy.range_engine import (
6 | |     RangeDetectionParams, _make_range_candidates, _validate_candidates,
7 | | )
8 | | from test_range_engine import base_report, bullish_range_events, c
  | |__________________________________________________________________^
help: Organize imports
   |
1  | """A range decision must not allocate prices beyond its first terminal event."""
2  + import unittest
3  | from collections.abc import Sequence
   - import unittest
4  |
5  + from test_range_engine import base_report, bullish_range_events, c
6  +
7  | from crypto_bot.strategy.range_engine import (
   -     RangeDetectionParams, _make_range_candidates, _validate_candidates,
8  +     RangeDetectionParams,
9  +     _make_range_candidates,
10 +     _validate_candidates,
11 | )
   - from test_range_engine import base_report, bullish_range_events, c
12 |
   |

UP017 [*] Use `datetime.UTC` alias
  --> tests/test_range_validation_report.py:20:36
   |
18 | )
19 |
20 | BASE = datetime(2026, 4, 1, tzinfo=timezone.utc)
   |                                    ^^^^^^^^^^^^
help: Convert to `datetime.UTC` alias
   |
4  | import unittest
   - from datetime import datetime, timedelta, timezone
5  + from datetime import datetime, timedelta, timezone, UTC
6  | from pathlib import Path
--------------------------------------------------------------------------------
19 |
   - BASE = datetime(2026, 4, 1, tzinfo=timezone.utc)
20 + BASE = datetime(2026, 4, 1, tzinfo=UTC)
21 |
   |

I001 [*] Import block is un-sorted or un-formatted
 --> tests/test_ready_diagnostics.py:1:1
  |
1 | / from dataclasses import replace
2 | | from pathlib import Path
3 | | import sys
4 | | import json
5 | | import tempfile
6 | | import unittest
  | |_______________^
7 |
8 |   sys.path.insert(0,str(Path(__file__).resolve().parent.parent/'scripts'))
  |
help: Organize imports
  |
  - from dataclasses import replace
  - from pathlib import Path
1 + import json
2 | import sys
  - import json
3 | import tempfile
4 | import unittest
5 + from dataclasses import replace
6 + from pathlib import Path
7 |
  |

I001 [*] Import block is un-sorted or un-formatted
  --> tests/test_ready_diagnostics.py:9:1
   |
 8 |   sys.path.insert(0,str(Path(__file__).resolve().parent.parent/'scripts'))
 9 | / from ready_audit_support import GateInspector
10 | | from test_auto_levels import valid_case
11 | | from crypto_bot.strategy.auto_levels import AutoLevelPolicy, derive_automatic_levels
12 | | from crypto_bot.common.models import Direction
13 | | from audit_ready_root_cause import aggregate,STAGES,canonical
14 | | from ready_audit_support import CANDIDATE_GATES
   | |_______________________________________________^
help: Organize imports
   |
8  | sys.path.insert(0,str(Path(__file__).resolve().parent.parent/'scripts'))
   - from ready_audit_support import GateInspector
9  + from audit_ready_root_cause import STAGES, aggregate, canonical
10 + from ready_audit_support import CANDIDATE_GATES, GateInspector
11 | from test_auto_levels import valid_case
12 +
13 + from crypto_bot.common.models import Direction
14 | from crypto_bot.strategy.auto_levels import AutoLevelPolicy, derive_automatic_levels
   - from crypto_bot.common.models import Direction
   - from audit_ready_root_cause import aggregate,STAGES,canonical
   - from ready_audit_support import CANDIDATE_GATES
15 |
   |

C408 Unnecessary `dict()` call (rewrite as a literal)
   --> tests/test_ready_diagnostics.py:104:24
    |
102 |   …     else:gates['OB']='FALSE'
103 |   …     state='WAITING_FOR_ENTRY_GEOMETRY' if i==0 else 'WAITING_FOR_AUTO_LEVELS'
104 |   …     signal=dict(signal_id='one',symbol='TEST',direction='LONG',event_time=time,bos_time=times[0],
    |  ______________^
105 | | …                 status=state,entry_zone=dict(low=95,high=96),level_blocking_reasons=[])
    | |_________________________________________________________________________________________^
106 |   …     diag=None if i==0 else dict(evaluated_at=time,selected_targets=[],predicted_reasons=['AGGRESSIVE_IMPULSE_THRESHOLD_NOT_MET'],
107 |   …           candidates=[dict(gates={g:g!='AGGRESSION' for g,_ in CANDIDATE_GATES},
    |
help: Rewrite as a literal

C408 Unnecessary `dict()` call (rewrite as a literal)
   --> tests/test_ready_diagnostics.py:105:53
    |
103 | …     state='WAITING_FOR_ENTRY_GEOMETRY' if i==0 else 'WAITING_FOR_AUTO_LEVELS'
104 | …     signal=dict(signal_id='one',symbol='TEST',direction='LONG',event_time=time,bos_time=times[0],
105 | …                 status=state,entry_zone=dict(low=95,high=96),level_blocking_reasons=[])
    |                                           ^^^^^^^^^^^^^^^^^^^^
106 | …     diag=None if i==0 else dict(evaluated_at=time,selected_targets=[],predicted_reasons=['AGGRESSIVE_IMPULSE_THRESHOLD_NOT_MET'],
107 | …           candidates=[dict(gates={g:g!='AGGRESSION' for g,_ in CANDIDATE_GATES},
    |
help: Rewrite as a literal

C408 Unnecessary `dict()` call (rewrite as a literal)
   --> tests/test_ready_diagnostics.py:106:40
    |
104 |                   signal=dict(signal_id='one',symbol='TEST',direction='LONG',event_time=time,bos_time=times[0],
105 |                               status=state,entry_zone=dict(low=95,high=96),level_blocking_reasons=[])
106 |                   diag=None if i==0 else dict(evaluated_at=time,selected_targets=[],predicted_reasons=['AGGRESSIVE_IMPULSE_THRESHOLD_NOT_MET'],
    |  ________________________________________^
107 | |                       candidates=[dict(gates={g:g!='AGGRESSION' for g,_ in CANDIDATE_GATES},
108 | |                           first_failure='AGGRESSIVE_IMPULSE_THRESHOLD_NOT_MET',fresh_supporting_pois=[],supporting_poi_candidates=0,ob_zone=dict(low=94,high=96))])
    | |___________________________________________________________________________________________________________________________________________________________________^
109 |                   rows.append(dict(signal_id='one',symbol='TEST',direction='LONG',timestamp=time,scope='EXECUTION',
110 |                          previous_state='ABSENT' if i==0 else 'WAITING_FOR_ENTRY_GEOMETRY',next_state=state,
    |
help: Rewrite as a literal

C408 Unnecessary `dict()` call (rewrite as a literal)
   --> tests/test_ready_diagnostics.py:107:35
    |
105 |   …tatus=state,entry_zone=dict(low=95,high=96),level_blocking_reasons=[])
106 |   …i==0 else dict(evaluated_at=time,selected_targets=[],predicted_reasons=['AGGRESSIVE_IMPULSE_THRESHOLD_NOT_MET'],
107 |   …tes=[dict(gates={g:g!='AGGRESSION' for g,_ in CANDIDATE_GATES},
    |  _______^
108 | | …st_failure='AGGRESSIVE_IMPULSE_THRESHOLD_NOT_MET',fresh_supporting_pois=[],supporting_poi_candidates=0,ob_zone=dict(low=94,high=96))])
    | |_____________________________________________________________________________________________________________________________________^
109 |   …ict(signal_id='one',symbol='TEST',direction='LONG',timestamp=time,scope='EXECUTION',
110 |   …us_state='ABSENT' if i==0 else 'WAITING_FOR_ENTRY_GEOMETRY',next_state=state,
    |
help: Rewrite as a literal

C408 Unnecessary `dict()` call (rewrite as a literal)
   --> tests/test_ready_diagnostics.py:108:141
    |
106 | …edicted_reasons=['AGGRESSIVE_IMPULSE_THRESHOLD_NOT_MET'],
107 | …_GATES},
108 | …_supporting_pois=[],supporting_poi_candidates=0,ob_zone=dict(low=94,high=96))])
    |                                                          ^^^^^^^^^^^^^^^^^^^^
109 | …stamp=time,scope='EXECUTION',
110 | …TRY',next_state=state,
    |
help: Rewrite as a literal

C408 Unnecessary `dict()` call (rewrite as a literal)
   --> tests/test_ready_diagnostics.py:109:29
    |
107 |                         candidates=[dict(gates={g:g!='AGGRESSION' for g,_ in CANDIDATE_GATES},
108 |                             first_failure='AGGRESSIVE_IMPULSE_THRESHOLD_NOT_MET',fresh_supporting_pois=[],supporting_poi_candidates=0,ob_zone=dict(low=94,hig…
109 |                   rows.append(dict(signal_id='one',symbol='TEST',direction='LONG',timestamp=time,scope='EXECUTION',
    |  _____________________________^
110 | |                        previous_state='ABSENT' if i==0 else 'WAITING_FOR_ENTRY_GEOMETRY',next_state=state,
111 | |                        score=85,gates=gates,signal=signal,automatic_diagnostic=diag,reasons=[],invalidation_reasons=[],opportunity={},sfp_contexts=[]))
    | |______________________________________________________________________________________________________________________________________________________^
112 |                   signals.append(signal)
113 |               content=''.join(canonical(s)+'\n' for s in signals)
    |
help: Rewrite as a literal

I001 [*] Import block is un-sorted or un-formatted
  --> tests/test_recovery_ablation.py:1:1
   |
 1 | / import csv
 2 | | from dataclasses import replace
 3 | | import json
 4 | | from pathlib import Path
 5 | | import tempfile
 6 | | import unittest
 7 | |
 8 | | from test_market_analysis import bullish_structure_sequence, c
 9 | | from test_mtf_sfp import event, report, BASE
10 | | from test_range_engine import c as rc, base_report, bullish_range_events, ev
11 | | from crypto_bot.analysis_report import write_event_csv
12 | | from crypto_bot.global_report import write_global_opportunities_csv
13 | | from crypto_bot.mtf_report import write_mtf_candidates_csv, write_mtf_opportunities_csv
14 | | from crypto_bot.strategy.global_opportunity import cluster_cross_pair_opportunities
15 | | from crypto_bot.strategy.market_analysis import analyze_market, StructureAnalysisMode as Mode, MarketEventKind as K, TrendState
16 | | from crypto_bot.strategy.mtf_sfp import (
17 | |     link_sfp_formations_to_ltf_bos,
18 | |     MtfSfpError,
19 | |     MtfOpportunity,
20 | |     MtfOpportunityStatus,
21 | |     MtfSfpReport,
22 | | )
23 | | from crypto_bot.common.models import Direction
24 | | from crypto_bot.strategy.range_engine import RangeStatus
25 | | from range_test_support import analyze_ranges, augment_market_report_with_range_sfps
26 | | from crypto_bot.strategy.recovery_ablation import comparison, range_key, sfp_records
   | |____________________________________________________________________________________^
help: Organize imports
   |
1  | import csv
   - from dataclasses import replace
2  | import json
   - from pathlib import Path
3  | import tempfile
4  | import unittest
5  + from dataclasses import replace
6  + from pathlib import Path
7  |
8  + from range_test_support import analyze_ranges, augment_market_report_with_range_sfps
9  | from test_market_analysis import bullish_structure_sequence, c
   - from test_mtf_sfp import event, report, BASE
   - from test_range_engine import c as rc, base_report, bullish_range_events, ev
10 + from test_mtf_sfp import BASE, event, report
11 + from test_range_engine import base_report, bullish_range_events, ev
12 + from test_range_engine import c as rc
13 +
14 | from crypto_bot.analysis_report import write_event_csv
15 + from crypto_bot.common.models import Direction
16 | from crypto_bot.global_report import write_global_opportunities_csv
17 | from crypto_bot.mtf_report import write_mtf_candidates_csv, write_mtf_opportunities_csv
18 | from crypto_bot.strategy.global_opportunity import cluster_cross_pair_opportunities
   - from crypto_bot.strategy.market_analysis import analyze_market, StructureAnalysisMode as Mode, MarketEventKind as K, TrendState
19 + from crypto_bot.strategy.market_analysis import MarketEventKind as K
20 + from crypto_bot.strategy.market_analysis import StructureAnalysisMode as Mode
21 + from crypto_bot.strategy.market_analysis import TrendState, analyze_market
22 | from crypto_bot.strategy.mtf_sfp import (
   -     link_sfp_formations_to_ltf_bos,
   -     MtfSfpError,
23 |     MtfOpportunity,
24 |     MtfOpportunityStatus,
25 +     MtfSfpError,
26 |     MtfSfpReport,
27 +     link_sfp_formations_to_ltf_bos,
28 | )
   - from crypto_bot.common.models import Direction
29 | from crypto_bot.strategy.range_engine import RangeStatus
   - from range_test_support import analyze_ranges, augment_market_report_with_range_sfps
30 | from crypto_bot.strategy.recovery_ablation import comparison, range_key, sfp_records
   |

RUF059 Unpacked variable `merged` is never used
   --> tests/test_recovery_ablation.py:156:9
    |
154 |         cs[7]=rc(7,106,112,104,109);cs[8]=rc(8,108,109,103,106)
155 |         events=bullish_range_events();events[0]=replace(events[0],recovery_transition_ids=(4,))
156 |         merged,r=augment_market_report_with_range_sfps(cs,base_report(cs,events))
    |         ^^^^^^
157 |         self.assertEqual(r.ranges[0].recovery_transition_ids,(4,))
158 |         self.assertEqual(r.events[0].recovery_transition_ids,(4,))
    |
help: Prefix it with an underscore or any other dummy variable pattern

I001 [*] Import block is un-sorted or un-formatted
  --> tests/test_recovery_ablation_cli.py:1:1
   |
 1 | / import contextlib
 2 | | import importlib.util
 3 | | import io
 4 | | import json
 5 | | from pathlib import Path
 6 | | import tempfile
 7 | | import unittest
 8 | | from unittest.mock import patch
 9 | |
10 | | from crypto_bot.data.models import MarketCandle
11 | | from crypto_bot.data.storage import write_klines_csv
   | |____________________________________________________^
help: Organize imports
  |
4 | import json
  - from pathlib import Path
5 | import tempfile
6 | import unittest
7 + from pathlib import Path
8 | from unittest.mock import patch
  |

SIM117 Use a single `with` statement with multiple contexts instead of nested `with` statements
  --> tests/test_recovery_ablation_cli.py:46:21
   |
44 |                       dest = root / f'rejected_{window_days}'
45 |                       args = arguments + ['--evaluation-days', str(window_days), '--report-root', str(dest)]
46 | /                     with patch('sys.argv', args), contextlib.redirect_stdout(io.StringIO()):
47 | |                         with self.assertRaisesRegex(ValueError, f'requested {window_days}d evaluation window'):
   | |_______________________________________________________________________________________________________________^
48 |                               runner.main()
49 |                       self.assertFalse((dest / 'BTCUSDT/summary.json').exists())
   |
help: Combine `with` statements

I001 [*] Import block is un-sorted or un-formatted
 --> tests/test_replay.py:1:1
  |
1 | / import random
2 | | import unittest
3 | | from dataclasses import replace
4 | | from datetime import datetime, timedelta, timezone
5 | |
6 | | from crypto_bot.common.models import Candle, Direction
7 | | from crypto_bot.strategy.replay import EngineMode, QualifiedLevels, SourceQualification, evaluate_snapshot
  | |__________________________________________________________________________________________________________^
help: Organize imports
   |
6  | from crypto_bot.common.models import Candle, Direction
   - from crypto_bot.strategy.replay import EngineMode, QualifiedLevels, SourceQualification, evaluate_snapshot
   -
7  + from crypto_bot.strategy.replay import (
8  +     EngineMode,
9  +     QualifiedLevels,
10 +     SourceQualification,
11 +     evaluate_snapshot,
12 + )
13 |
   |

UP017 [*] Use `datetime.UTC` alias
  --> tests/test_replay.py:10:36
   |
10 | BASE = datetime(2026, 1, 1, tzinfo=timezone.utc)
   |                                    ^^^^^^^^^^^^
help: Convert to `datetime.UTC` alias
   |
3  | from dataclasses import replace
   - from datetime import datetime, timedelta, timezone
4  + from datetime import datetime, timedelta, timezone, UTC
5  |
--------------------------------------------------------------------------------
9  |
   - BASE = datetime(2026, 1, 1, tzinfo=timezone.utc)
10 + BASE = datetime(2026, 1, 1, tzinfo=UTC)
11 |
   |

C408 Unnecessary `dict()` call (rewrite as a literal)
  --> tests/test_replay.py:74:18
   |
73 |       def qualification_for(self, known_at, **changes):
74 |           values = dict(
   |  __________________^
75 | |             known_at=known_at,
76 | |             poi_kind='ORDER_BLOCK',
77 | |             entry_path='DIRECT_OB',
78 | |             poi_source='TEST_MANUAL_SOURCE_ASSERTION',
79 | |             structure_path_confirmed=True,
80 | |             order_flow_aligned=True,
81 | |             opposing_liquidity_cleared=True,
82 | |             premium_discount_valid=True,
83 | |             fresh_untested=True,
84 | |             evidence=('TEST_SOURCE_POI', 'TEST_ORDER_FLOW', 'TEST_LIQUIDITY_MAP'),
85 | |         )
   | |_________^
86 |           values.update(changes)
87 |           return SourceQualification(**values)
   |
help: Rewrite as a literal

DTZ001 `datetime.datetime()` called without a `tzinfo` argument
   --> tests/test_replay.py:225:29
    |
223 |     def test_qualified_input_validates_timestamp_prices_and_context(self):
224 |         with self.assertRaises(ValueError):
225 |             QualifiedLevels(datetime(2026, 1, 1), 95, (110, 120, 130), 'stop', 'targets')
    |                             ^^^^^^^^^^^^^^^^^^^^
226 |         with self.assertRaises(ValueError):
227 |             QualifiedLevels(self.end, float('nan'), (110, 120, 130), 'stop', 'targets')
    |
help: Pass a `datetime.timezone` object to the `tzinfo` parameter

I001 [*] Import block is un-sorted or un-formatted
  --> tests/test_replay_cli.py:1:1
   |
 1 | / import json
 2 | | import os
 3 | | from pathlib import Path
 4 | | import subprocess
 5 | | import sys
 6 | | import tempfile
 7 | | import unittest
 8 | |
 9 | | from crypto_bot.data.models import MarketCandle
10 | | from crypto_bot.data.storage import write_klines_csv
11 | | from test_replay import histories
   | |_________________________________^
help: Organize imports
   |
2  | import os
   - from pathlib import Path
3  | import subprocess
4  | import sys
5  | import tempfile
6  | import unittest
7  + from pathlib import Path
8  |
9  + from test_replay import histories
10 +
11 | from crypto_bot.data.models import MarketCandle
12 | from crypto_bot.data.storage import write_klines_csv
   - from test_replay import histories
13 |
   |

PLW1510 `subprocess.run` without explicit `check` argument
  --> tests/test_replay_cli.py:25:26
   |
23 |             for i, mode in enumerate(('BACKTEST', 'BACKTEST', 'SHADOW')):
24 |                 destination = root / str(i)
25 |                 result = subprocess.run(
   |                          ^^^^^^^^^^^^^^
26 |                     [sys.executable, 'scripts/run_strategy_replay.py', '--data-root', str(root / 'history'),
27 |                      '--report-root', str(destination), '--symbols', 'TEST', '--htf', '5', '--ltf', '1',
   |
help: Add explicit `check=False`

PLW1510 `subprocess.run` without explicit `check` argument
  --> tests/test_replay_cli.py:50:18
   |
49 |     def test_cli_rejects_live_before_reading_data(self):
50 |         result = subprocess.run([sys.executable, 'scripts/run_strategy_replay.py', '--mode', 'LIVE'],
   |                  ^^^^^^^^^^^^^^
51 |                                 env={**os.environ, 'PYTHONPATH': 'src'}, capture_output=True, text=True)
52 |         self.assertNotEqual(result.returncode, 0)
   |
help: Add explicit `check=False`

PLW1510 `subprocess.run` without explicit `check` argument
  --> tests/test_replay_cli.py:65:26
   |
63 |             for i, mode in enumerate(('BACKTEST', 'BACKTEST', 'SHADOW')):
64 |                 destination = root / str(i)
65 |                 result = subprocess.run(
   |                          ^^^^^^^^^^^^^^
66 |                     [sys.executable, 'scripts/run_strategy_replay.py', '--data-root', str(root / 'history'),
67 |                      '--report-root', str(destination), '--symbols', 'TEST', '--htf', '5', '--ltf', '1',
   |
help: Add explicit `check=False`

PLW1510 `subprocess.run` without explicit `check` argument
   --> tests/test_replay_cli.py:103:26
    |
101 |         ):
102 |             with self.subTest(args=args):
103 |                 result = subprocess.run([sys.executable, 'scripts/run_strategy_replay.py', *args],
    |                          ^^^^^^^^^^^^^^
104 |                                         env={**os.environ, 'PYTHONPATH': 'src'}, capture_output=True, text=True)
105 |                 self.assertNotEqual(result.returncode, 0)
    |
help: Add explicit `check=False`

I001 [*] Import block is un-sorted or un-formatted
 --> tests/test_research_data_import.py:1:1
  |
1 | / from importlib.util import module_from_spec, spec_from_file_location
2 | | from pathlib import Path
3 | | from tempfile import TemporaryDirectory
4 | | import unittest
5 | |
6 | | from crypto_bot.data.models import MarketCandle
  | |_______________________________________________^
7 |
8 |   spec = spec_from_file_location('research_import', Path(__file__).resolve().parents[1] / 'scripts/import_public_research_data.py')
  |
help: Organize imports
  |
1 + import unittest
2 | from importlib.util import module_from_spec, spec_from_file_location
3 | from pathlib import Path
4 | from tempfile import TemporaryDirectory
  - import unittest
5 |
  |

I001 [*] Import block is un-sorted or un-formatted
  --> tests/test_research_exit_management.py:1:1
   |
 1 | / from dataclasses import asdict, replace
 2 | | import json
 3 | | from pathlib import Path
 4 | | import sys
 5 | | import unittest
 6 | | from hashlib import sha256
 7 | | from tempfile import TemporaryDirectory
 8 | | from unittest.mock import patch
 9 | |
10 | | from crypto_bot.common.models import Direction
11 | | from crypto_bot.strategy.virtual_portfolio import VirtualPortfolio
12 | | from test_virtual_portfolio import bar, signal
   | |______________________________________________^
13 |
14 |   sys.path.insert(0,str(Path(__file__).resolve().parents[1]/'scripts'))
   |
help: Organize imports
   |
   - from dataclasses import asdict, replace
1  | import json
   - from pathlib import Path
2  | import sys
3  | import unittest
4  + from dataclasses import asdict, replace
5  | from hashlib import sha256
6  + from pathlib import Path
7  | from tempfile import TemporaryDirectory
8  | from unittest.mock import patch
9  |
10 + from test_virtual_portfolio import bar, signal
11 +
12 | from crypto_bot.common.models import Direction
13 | from crypto_bot.strategy.virtual_portfolio import VirtualPortfolio
   - from test_virtual_portfolio import bar, signal
14 |
   |

I001 [*] Import block is un-sorted or un-formatted
  --> tests/test_research_exit_management.py:15:1
   |
14 |   sys.path.insert(0,str(Path(__file__).resolve().parents[1]/'scripts'))
15 | / from research_exit_management import ExitResearchPortfolio, EXIT_VARIANTS
16 | | from run_historical_portfolio import canonical
17 | | from run_exit_research import paired_replays, verify_exit_future, run_case as research_run_case
18 | | from crypto_bot.strategy.virtual_portfolio import SimulationPolicy
   | |__________________________________________________________________^
help: Organize imports
   |
14 | sys.path.insert(0,str(Path(__file__).resolve().parents[1]/'scripts'))
   - from research_exit_management import ExitResearchPortfolio, EXIT_VARIANTS
15 + from research_exit_management import EXIT_VARIANTS, ExitResearchPortfolio
16 + from run_exit_research import paired_replays, verify_exit_future
17 + from run_exit_research import run_case as research_run_case
18 | from run_historical_portfolio import canonical
   - from run_exit_research import paired_replays, verify_exit_future, run_case as research_run_case
19 +
20 | from crypto_bot.strategy.virtual_portfolio import SimulationPolicy
   |

C408 Unnecessary `dict()` call (rewrite as a literal)
  --> tests/test_research_exit_management.py:24:22
   |
22 |     for i,c in enumerate(bars):
23 |         portfolio.step({'TEST':c},[signal(direction=direction)] if i==0 else [])
24 |     return canonical(dict(trades=portfolio.trades,journal=[asdict(d) for d in portfolio.journal],equity=portfolio.equity_curve))
   |                      ^^^^^^^^^^^^^^^^^^^^^^^^^^^^^^^^^^^^^^^^^^^^^^^^^^^^^^^^^^^^^^^^^^^^^^^^^^^^^^^^^^^^^^^^^^^^^^^^^^^^^^^^^^
help: Rewrite as a literal

C408 Unnecessary `dict()` call (rewrite as a literal)
  --> tests/test_research_exit_management.py:32:28
   |
30 |         with TemporaryDirectory() as directory:
31 |             source=Path(directory)/'source';source.mkdir();output=Path(directory)/'output';output.mkdir()
32 |             source_summary=dict(input_hashes={'pyproject.toml':sha256((repo/'pyproject.toml').read_bytes()).hexdigest()})
   |                            ^^^^^^^^^^^^^^^^^^^^^^^^^^^^^^^^^^^^^^^^^^^^^^^^^^^^^^^^^^^^^^^^^^^^^^^^^^^^^^^^^^^^^^^^^^^^^^
33 |             (source/'summary.json').write_text(canonical(source_summary))
34 |             (source/'signals.jsonl').write_text('frozen signals\n')
   |
help: Rewrite as a literal

C408 Unnecessary `dict()` call (rewrite as a literal)
  --> tests/test_research_exit_management.py:40:25
   |
38 |               for variant in EXIT_VARIANTS:
39 |                   dest=output/variant;dest.mkdir()
40 |                   receipt=dict(variant=variant,role='EXTERNAL',trade_entry_allowed=False,
   |  _________________________^
41 | |                              source_signal_sha256=sha256((source/'signals.jsonl').read_bytes()).hexdigest())
   | |____________________________________________________________________________________________________________^
42 |                   receipts.append(receipt);(dest/'summary.json').write_text(canonical(receipt))
43 |                   for name in ('trades.jsonl','decisions.jsonl','equity_curve.jsonl'):
   |
help: Rewrite as a literal

I001 [*] Import block is un-sorted or un-formatted
  --> tests/test_research_metrics.py:1:1
   |
 1 | / from datetime import datetime, timedelta, timezone
 2 | | from importlib.util import module_from_spec, spec_from_file_location
 3 | | from pathlib import Path
 4 | | import csv
 5 | | import gzip
 6 | | from tempfile import TemporaryDirectory
 7 | | import unittest
 8 | |
 9 | | from crypto_bot.common.models import Candle
10 | | from crypto_bot.strategy.virtual_portfolio import VirtualPortfolio
   | |__________________________________________________________________^
11 |
12 |   spec = spec_from_file_location('research_support', Path(__file__).resolve().parents[1] / 'scripts/research_support.py')
   |
help: Organize imports
  |
1 + import csv
2 + import gzip
3 + import unittest
4 | from datetime import datetime, timedelta, timezone
5 | from importlib.util import module_from_spec, spec_from_file_location
6 | from pathlib import Path
  - import csv
  - import gzip
7 | from tempfile import TemporaryDirectory
  - import unittest
8 |
  |

UP017 [*] Use `datetime.UTC` alias
  --> tests/test_research_metrics.py:16:37
   |
14 | module = module_from_spec(spec)
15 | spec.loader.exec_module(module)
16 | START = datetime(2020, 1, 1, tzinfo=timezone.utc)
   |                                     ^^^^^^^^^^^^
help: Convert to `datetime.UTC` alias
   |
   - from datetime import datetime, timedelta, timezone
1  + from datetime import datetime, timedelta, timezone, UTC
2  | from importlib.util import module_from_spec, spec_from_file_location
--------------------------------------------------------------------------------
15 | spec.loader.exec_module(module)
   - START = datetime(2020, 1, 1, tzinfo=timezone.utc)
16 + START = datetime(2020, 1, 1, tzinfo=UTC)
17 |
   |

C408 Unnecessary `dict()` call (rewrite as a literal)
  --> tests/test_research_metrics.py:45:18
   |
44 |     def test_drawdown_duration_includes_recovery_and_censored_tail(self):
45 |         curve = [dict(timestamp=START+timedelta(days=i), equity=value)
   |                  ^^^^^^^^^^^^^^^^^^^^^^^^^^^^^^^^^^^^^^^^^^^^^^^^^^^^^
46 |                  for i, value in enumerate([100, 90, 80, 100, 95, 94, 93, 92])]
47 |         dd, seconds = module.drawdown_duration(curve, START, 100)
   |
help: Rewrite as a literal

C408 Unnecessary `dict()` call (rewrite as a literal)
  --> tests/test_research_metrics.py:68:25
   |
66 |       def test_trade_measurements_accept_live_objects_and_json_roundtrip(self):
67 |           p = VirtualPortfolio(equity=1170)
68 |           p.trades['x'] = dict(trade_id='x',status='CLOSED',symbol='BTCUSDT',direction='LONG',
   |  _________________________^
69 | |             entry_interval_start=START,entry_time=START+timedelta(minutes=5),exit_time=START+timedelta(hours=1),
70 | |             net_pnl=0,result_R=0,gross_pnl=0,fees_total=0,fills=[])
   | |___________________________________________________________________^
71 |           a=module.performance(p,[],START,START+timedelta(days=1))
72 |           self.assertEqual(a['average_holding_seconds_known_time_lower_bound'],55*60)
   |
help: Rewrite as a literal

I001 [*] Import block is un-sorted or un-formatted
  --> tests/test_research_variants.py:1:1
   |
 1 | / from datetime import datetime, timedelta, timezone
 2 | | from pathlib import Path
 3 | | import sys
 4 | | import unittest
 5 | |
 6 | | from crypto_bot.common.models import Candle
 7 | | from crypto_bot.strategy import auto_levels, historical_replay, trade_plan
 8 | | from crypto_bot.strategy.trade_plan import PriceZone
   | |____________________________________________________^
 9 |
10 |   sys.path.insert(0, str(Path(__file__).resolve().parents[1] / 'scripts'))
   |
help: Organize imports
  |
1 + import sys
2 + import unittest
3 | from datetime import datetime, timedelta, timezone
4 | from pathlib import Path
  - import sys
  - import unittest
5 |
  |

I001 [*] Import block is un-sorted or un-formatted
  --> tests/test_research_variants.py:11:1
   |
10 |   sys.path.insert(0, str(Path(__file__).resolve().parents[1] / 'scripts'))
11 | / from research_variants import isolated_variant, touch_variant
12 | | from run_research_execution_scenarios import restore_signal
13 | | from run_historical_portfolio import canonical
14 | | from crypto_bot.strategy.replay import StrategySignal
15 | | from dataclasses import asdict, replace
16 | | import json
17 | | from tempfile import TemporaryDirectory
18 | | from research_structure_cache import structure_cache, validated_prefix_reuse
19 | | from test_replay import histories
   | |_________________________________^
20 |
21 |   START = datetime(2020, 1, 1, tzinfo=timezone.utc)
   |
help: Organize imports
   |
10 | sys.path.insert(0, str(Path(__file__).resolve().parents[1] / 'scripts'))
   - from research_variants import isolated_variant, touch_variant
   - from run_research_execution_scenarios import restore_signal
   - from run_historical_portfolio import canonical
   - from crypto_bot.strategy.replay import StrategySignal
11 + import json
12 | from dataclasses import asdict, replace
   - import json
13 | from tempfile import TemporaryDirectory
14 +
15 | from research_structure_cache import structure_cache, validated_prefix_reuse
16 + from research_variants import isolated_variant, touch_variant
17 + from run_historical_portfolio import canonical
18 + from run_research_execution_scenarios import restore_signal
19 | from test_replay import histories
20 |
21 + from crypto_bot.strategy.replay import StrategySignal
22 +
23 | START = datetime(2020, 1, 1, tzinfo=timezone.utc)
   |

UP017 [*] Use `datetime.UTC` alias
  --> tests/test_research_variants.py:21:37
   |
19 | from test_replay import histories
20 |
21 | START = datetime(2020, 1, 1, tzinfo=timezone.utc)
   |                                     ^^^^^^^^^^^^
help: Convert to `datetime.UTC` alias
   |
   - from datetime import datetime, timedelta, timezone
1  + from datetime import datetime, timedelta, timezone, UTC
2  | from pathlib import Path
--------------------------------------------------------------------------------
20 |
   - START = datetime(2020, 1, 1, tzinfo=timezone.utc)
21 + START = datetime(2020, 1, 1, tzinfo=UTC)
22 |
   |

C408 Unnecessary `dict()` call (rewrite as a literal)
  --> tests/test_research_variants.py:38:16
   |
36 |     def test_validated_prefix_reuse_is_exact_and_rejects_changed_interior(self):
37 |         data=histories()
38 |         kwargs=dict(symbol='TEST',htf_minutes=5,ltf_minutes=1,auto_level_policy=auto_levels.AutoLevelPolicy())
   |                ^^^^^^^^^^^^^^^^^^^^^^^^^^^^^^^^^^^^^^^^^^^^^^^^^^^^^^^^^^^^^^^^^^^^^^^^^^^^^^^^^^^^^^^^^^^^^^^
39 |         expected=historical_replay.indexed_signal_updates(data,**kwargs)
40 |         original=auto_levels._prefix
   |
help: Rewrite as a literal

C408 Unnecessary `dict()` call (rewrite as a literal)
  --> tests/test_research_variants.py:53:16
   |
51 |     def test_cached_structural_reports_equal_uncached_frozen_outputs(self):
52 |         data=histories()
53 |         kwargs=dict(symbol='TEST',htf_minutes=5,ltf_minutes=1,auto_level_policy=auto_levels.AutoLevelPolicy())
   |                ^^^^^^^^^^^^^^^^^^^^^^^^^^^^^^^^^^^^^^^^^^^^^^^^^^^^^^^^^^^^^^^^^^^^^^^^^^^^^^^^^^^^^^^^^^^^^^^
54 |         expected=historical_replay.indexed_signal_updates(data,**kwargs)
55 |         with TemporaryDirectory() as directory:
   |
help: Rewrite as a literal

SIM117 Use a single `with` statement with multiple contexts instead of nested `with` statements
  --> tests/test_research_variants.py:86:9
   |
84 |           before=(trade_plan.OTE_SHALLOW,trade_plan.OTE_DEEP,auto_levels._TouchIndex.first_touch,
85 |                   historical_replay.derive_automatic_levels)
86 | /         with self.assertRaises(RuntimeError):
87 | |             with isolated_variant('FRESH_BODY',[]) as policy:
   | |_____________________________________________________________^
88 |                   self.assertEqual(policy.min_body_fraction,.6)
89 |                   self.assertIsNot(auto_levels._TouchIndex.first_touch,before[2])
   |
help: Combine `with` statements

C408 Unnecessary `dict()` call (rewrite as a literal)
  --> tests/test_research_variants.py:97:16
   |
95 |     def test_structure_cache_does_not_reuse_attached_geometry_across_ote_variants(self):
96 |         data=histories()
97 |         kwargs=dict(symbol='TEST',htf_minutes=5,ltf_minutes=1)
   |                ^^^^^^^^^^^^^^^^^^^^^^^^^^^^^^^^^^^^^^^^^^^^^^^
98 |         with TemporaryDirectory() as directory:
99 |             all_outputs=[]
   |
help: Rewrite as a literal

SIM117 Use a single `with` statement with multiple contexts instead of nested `with` statements
   --> tests/test_research_variants.py:103:17
    |
101 |                   with isolated_variant(variant) as policy:
102 |                       expected=historical_replay.indexed_signal_updates(data,auto_level_policy=policy,**kwargs)
103 | /                 with structure_cache(Path(directory),{5:'fixture-5',1:'fixture-1'},'frozen-test'):
104 | |                     with isolated_variant(variant) as policy:
    | |_____________________________________________________________^
105 |                           cached=historical_replay.indexed_signal_updates(data,auto_level_policy=policy,**kwargs)
106 |                   self.assertEqual(cached,expected)
    |
help: Combine `with` statements

I001 [*] Import block is un-sorted or un-formatted
  --> tests/test_research_windows.py:1:1
   |
 1 | / from datetime import datetime, timedelta, timezone
 2 | | from pathlib import Path
 3 | | import sys
 4 | | import unittest
 5 | | from tempfile import TemporaryDirectory
 6 | | from hashlib import sha256
 7 | | import json
 8 | |
 9 | | from crypto_bot.common.models import Candle
   | |___________________________________________^
10 |
11 |   sys.path.insert(0, str(Path(__file__).resolve().parents[1] / 'scripts'))
   |
help: Organize imports
  |
1 + import json
2 + import sys
3 + import unittest
4 | from datetime import datetime, timedelta, timezone
5 + from hashlib import sha256
6 | from pathlib import Path
  - import sys
  - import unittest
7 | from tempfile import TemporaryDirectory
  - from hashlib import sha256
  - import json
8 |
  |

I001 [*] Import block is un-sorted or un-formatted
  --> tests/test_research_windows.py:12:1
   |
11 |   sys.path.insert(0, str(Path(__file__).resolve().parents[1] / 'scripts'))
12 | / from run_robustness_research import common_segments, slice_bars, retained_results, write_rows
13 | | from research_inventory import reusable_case, verify_expected_fingerprint, restore_checkpoint_schema
14 | | from run_historical_portfolio import canonical
   | |______________________________________________^
15 |
16 |   START = datetime(2020, 1, 1, tzinfo=timezone.utc)
   |
help: Organize imports
   |
11 | sys.path.insert(0, str(Path(__file__).resolve().parents[1] / 'scripts'))
   - from run_robustness_research import common_segments, slice_bars, retained_results, write_rows
   - from research_inventory import reusable_case, verify_expected_fingerprint, restore_checkpoint_schema
12 + from research_inventory import (
13 +     restore_checkpoint_schema,
14 +     reusable_case,
15 +     verify_expected_fingerprint,
16 + )
17 | from run_historical_portfolio import canonical
18 + from run_robustness_research import (
19 +     common_segments,
20 +     retained_results,
21 +     slice_bars,
22 +     write_rows,
23 + )
24 |
   |

UP017 [*] Use `datetime.UTC` alias
  --> tests/test_research_windows.py:16:37
   |
14 | from run_historical_portfolio import canonical
15 |
16 | START = datetime(2020, 1, 1, tzinfo=timezone.utc)
   |                                     ^^^^^^^^^^^^
help: Convert to `datetime.UTC` alias
   |
   - from datetime import datetime, timedelta, timezone
1  + from datetime import datetime, timedelta, timezone, UTC
2  | from pathlib import Path
--------------------------------------------------------------------------------
15 |
   - START = datetime(2020, 1, 1, tzinfo=timezone.utc)
16 + START = datetime(2020, 1, 1, tzinfo=UTC)
17 |
   |

C408 Unnecessary `dict()` call (rewrite as a literal)
  --> tests/test_research_windows.py:29:19
   |
27 |             folder=Path(directory)/'case';folder.mkdir()
28 |             name='target_availability_qualification_only.jsonl.gz'
29 |             rows=[dict(symbol='BTCUSDT',bos_level_price=100,qualified_ob=True)]
   |                   ^^^^^^^^^^^^^^^^^^^^^^^^^^^^^^^^^^^^^^^^^^^^^^^^^^^^^^^^^^^^
30 |             write_rows(folder/name,[{k:v for k,v in rows[0].items() if k!='bos_level_price'}])
31 |             (folder/'trades.jsonl').write_text('unchanged execution evidence\n')
   |
help: Rewrite as a literal

C408 Unnecessary `dict()` call (rewrite as a literal)
  --> tests/test_research_windows.py:49:15
   |
48 |     def test_targeted_recovery_preserves_other_windows_and_segments(self):
49 |         rows=[dict(window='REFERENCE',segment=0),dict(window='REFERENCE',segment=1),
   |               ^^^^^^^^^^^^^^^^^^^^^^^^^^^^^^^^^^
50 |               dict(window='VALIDATION',segment=0)]
51 |         with TemporaryDirectory() as directory:
   |
help: Rewrite as a literal

C408 Unnecessary `dict()` call (rewrite as a literal)
  --> tests/test_research_windows.py:49:50
   |
48 |     def test_targeted_recovery_preserves_other_windows_and_segments(self):
49 |         rows=[dict(window='REFERENCE',segment=0),dict(window='REFERENCE',segment=1),
   |                                                  ^^^^^^^^^^^^^^^^^^^^^^^^^^^^^^^^^^
50 |               dict(window='VALIDATION',segment=0)]
51 |         with TemporaryDirectory() as directory:
   |
help: Rewrite as a literal

C408 Unnecessary `dict()` call (rewrite as a literal)
  --> tests/test_research_windows.py:50:15
   |
48 |     def test_targeted_recovery_preserves_other_windows_and_segments(self):
49 |         rows=[dict(window='REFERENCE',segment=0),dict(window='REFERENCE',segment=1),
50 |               dict(window='VALIDATION',segment=0)]
   |               ^^^^^^^^^^^^^^^^^^^^^^^^^^^^^^^^^^^
51 |         with TemporaryDirectory() as directory:
52 |             folder=Path(directory)
   |
help: Rewrite as a literal

C408 Unnecessary `dict()` call (rewrite as a literal)
  --> tests/test_research_windows.py:60:44
   |
58 |     def test_resume_requires_exact_inputs_and_every_original_artifact_hash(self):
59 |         with TemporaryDirectory() as directory:
60 |             folder=Path(directory);context=dict(ltf=5,input_hashes={'bars':'source-sha'},policy={'risk':.02})
   |                                            ^^^^^^^^^^^^^^^^^^^^^^^^^^^^^^^^^^^^^^^^^^^^^^^^^^^^^^^^^^^^^^^^^^
61 |             self.assertIsNone(reusable_case(folder,context))
62 |             (folder/'summary.json').write_text(canonical(dict(context,performance={'closed':1})))
   |
help: Rewrite as a literal

I001 [*] Import block is un-sorted or un-formatted
 --> tests/test_resting_limit_execution.py:2:1
  |
1 |   """Real OHLC touch execution, adverse ambiguity and causal capital accounting."""
2 | / from dataclasses import replace
3 | | from pathlib import Path
4 | | import tempfile
5 | | import unittest
6 | |
7 | | from crypto_bot.common.models import Direction
8 | | from crypto_bot.strategy.virtual_portfolio import SimulationPolicy, VirtualPortfolio
9 | | from test_virtual_portfolio import bar, signal
  | |______________________________________________^
help: Organize imports
   |
1  | """Real OHLC touch execution, adverse ambiguity and causal capital accounting."""
2  + import tempfile
3  + import unittest
4  | from dataclasses import replace
5  | from pathlib import Path
   - import tempfile
   - import unittest
6  |
7  + from test_virtual_portfolio import bar, signal
8  +
9  | from crypto_bot.common.models import Direction
10 | from crypto_bot.strategy.virtual_portfolio import SimulationPolicy, VirtualPortfolio
   - from test_virtual_portfolio import bar, signal
11 |
   |

I001 [*] Import block is un-sorted or un-formatted
 --> tests/test_risk.py:1:1
  |
1 | / import unittest
2 | |
3 | | from crypto_bot.strategy.risk import position_quantity_simple, source_aligned_risk_fraction
  | |___________________________________________________________________________________________^
help: Organize imports
  |
2 |
  - from crypto_bot.strategy.risk import position_quantity_simple, source_aligned_risk_fraction
3 + from crypto_bot.strategy.risk import (
4 +     position_quantity_simple,
5 +     source_aligned_risk_fraction,
6 + )
7 |
  |

I001 [*] Import block is un-sorted or un-formatted
  --> tests/test_saved_source_audit.py:1:1
   |
 1 | / from hashlib import sha256
 2 | | import json
 3 | | from pathlib import Path
 4 | | import subprocess
 5 | | from tempfile import TemporaryDirectory
 6 | | import unittest
 7 | | from unittest.mock import patch
 8 | | import sys
   | |__________^
 9 |
10 |   sys.path.insert(0, str(Path(__file__).resolve().parents[1] / 'scripts'))
   |
help: Organize imports
  |
1 + import json
2 + import subprocess
3 + import sys
4 + import unittest
5 | from hashlib import sha256
  - import json
6 | from pathlib import Path
  - import subprocess
7 | from tempfile import TemporaryDirectory
  - import unittest
8 | from unittest.mock import patch
  - import sys
9 |
  |

I001 [*] Import block is un-sorted or un-formatted
  --> tests/test_saved_source_audit.py:11:1
   |
10 |   sys.path.insert(0, str(Path(__file__).resolve().parents[1] / 'scripts'))
11 | / from audit_saved_source_trades import audit, classify  # noqa: E402
12 | | from verify_frozen_research_resume import protected_bytes, verify_saved_artifacts  # noqa: E402
13 | | from research_inventory import save_artifact_hashes  # noqa: E402
   | |___________________________________________________^
help: Organize imports
   |
11 | from audit_saved_source_trades import audit, classify  # noqa: E402
   - from verify_frozen_research_resume import protected_bytes, verify_saved_artifacts  # noqa: E402
12 | from research_inventory import save_artifact_hashes  # noqa: E402
13 + from verify_frozen_research_resume import (  # noqa: E402
14 +     protected_bytes,
15 +     verify_saved_artifacts,
16 + )
17 |
   |

RUF100 [*] Unused `noqa` directive (non-enabled: `E402`)
  --> tests/test_saved_source_audit.py:11:56
   |
10 | sys.path.insert(0, str(Path(__file__).resolve().parents[1] / 'scripts'))
11 | from audit_saved_source_trades import audit, classify  # noqa: E402
   |                                                        ^^^^^^^^^^^^
12 | from verify_frozen_research_resume import protected_bytes, verify_saved_artifacts  # noqa: E402
13 | from research_inventory import save_artifact_hashes  # noqa: E402
   |
help: Remove unused `noqa` directive
   |
10 | sys.path.insert(0, str(Path(__file__).resolve().parents[1] / 'scripts'))
   - from audit_saved_source_trades import audit, classify  # noqa: E402
11 + from audit_saved_source_trades import audit, classify
12 | from verify_frozen_research_resume import protected_bytes, verify_saved_artifacts  # noqa: E402
   |

RUF100 [*] Unused `noqa` directive (non-enabled: `E402`)
  --> tests/test_saved_source_audit.py:12:84
   |
10 | sys.path.insert(0, str(Path(__file__).resolve().parents[1] / 'scripts'))
11 | from audit_saved_source_trades import audit, classify  # noqa: E402
12 | from verify_frozen_research_resume import protected_bytes, verify_saved_artifacts  # noqa: E402
   |                                                                                    ^^^^^^^^^^^^
13 | from research_inventory import save_artifact_hashes  # noqa: E402
   |
help: Remove unused `noqa` directive
   |
11 | from audit_saved_source_trades import audit, classify  # noqa: E402
   - from verify_frozen_research_resume import protected_bytes, verify_saved_artifacts  # noqa: E402
12 + from verify_frozen_research_resume import protected_bytes, verify_saved_artifacts
13 | from research_inventory import save_artifact_hashes  # noqa: E402
   |

RUF100 [*] Unused `noqa` directive (non-enabled: `E402`)
  --> tests/test_saved_source_audit.py:13:54
   |
11 | from audit_saved_source_trades import audit, classify  # noqa: E402
12 | from verify_frozen_research_resume import protected_bytes, verify_saved_artifacts  # noqa: E402
13 | from research_inventory import save_artifact_hashes  # noqa: E402
   |                                                      ^^^^^^^^^^^^
help: Remove unused `noqa` directive
   |
12 | from verify_frozen_research_resume import protected_bytes, verify_saved_artifacts  # noqa: E402
   - from research_inventory import save_artifact_hashes  # noqa: E402
13 + from research_inventory import save_artifact_hashes
14 |
   |

C408 Unnecessary `dict()` call (rewrite as a literal)
  --> tests/test_saved_source_audit.py:22:21
   |
20 |               folder = repo / 'data/reports/history/case'
21 |               folder.mkdir(parents=True)
22 |               trade = dict(status='CLOSED', signal_id='saved', trade_id='saved', htf=60, ltf=5,
   |  _____________________^
23 | |                          entry_interval_start='2026-01-01T01:00:00+00:00',
24 | |                          net_pnl=-1, gross_pnl=0, fees_total=1,
25 | |                          fills=[dict(net_pnl=-1, reason='STOP_FIRST_CONSERVATIVE')],
26 | |                          actual_entry_after_slippage=100, stop=99, targets=[101, 102, 103])
   | |___________________________________________________________________________________________^
27 |               (folder / 'trades.jsonl').write_text(json.dumps(trade) + '\n')
28 |               past = dict(signal_id='saved', event_time='2026-01-01T00:55:00+00:00', sfp_time='past')
   |
help: Rewrite as a literal

C408 Unnecessary `dict()` call (rewrite as a literal)
  --> tests/test_saved_source_audit.py:25:33
   |
23 |                          entry_interval_start='2026-01-01T01:00:00+00:00',
24 |                          net_pnl=-1, gross_pnl=0, fees_total=1,
25 |                          fills=[dict(net_pnl=-1, reason='STOP_FIRST_CONSERVATIVE')],
   |                                 ^^^^^^^^^^^^^^^^^^^^^^^^^^^^^^^^^^^^^^^^^^^^^^^^^^
26 |                          actual_entry_after_slippage=100, stop=99, targets=[101, 102, 103])
27 |             (folder / 'trades.jsonl').write_text(json.dumps(trade) + '\n')
   |
help: Rewrite as a literal

C408 Unnecessary `dict()` call (rewrite as a literal)
  --> tests/test_saved_source_audit.py:28:20
   |
26 |                          actual_entry_after_slippage=100, stop=99, targets=[101, 102, 103])
27 |             (folder / 'trades.jsonl').write_text(json.dumps(trade) + '\n')
28 |             past = dict(signal_id='saved', event_time='2026-01-01T00:55:00+00:00', sfp_time='past')
   |                    ^^^^^^^^^^^^^^^^^^^^^^^^^^^^^^^^^^^^^^^^^^^^^^^^^^^^^^^^^^^^^^^^^^^^^^^^^^^^^^^^
29 |             future = dict(signal_id='saved', event_time='2026-01-01T01:05:00+00:00', sfp_time='future')
30 |             (folder / 'signals.jsonl').write_text(json.dumps(past) + '\n' + json.dumps(future) + '\n')
   |
help: Rewrite as a literal

C408 Unnecessary `dict()` call (rewrite as a literal)
  --> tests/test_saved_source_audit.py:29:22
   |
27 |             (folder / 'trades.jsonl').write_text(json.dumps(trade) + '\n')
28 |             past = dict(signal_id='saved', event_time='2026-01-01T00:55:00+00:00', sfp_time='past')
29 |             future = dict(signal_id='saved', event_time='2026-01-01T01:05:00+00:00', sfp_time='future')
   |                      ^^^^^^^^^^^^^^^^^^^^^^^^^^^^^^^^^^^^^^^^^^^^^^^^^^^^^^^^^^^^^^^^^^^^^^^^^^^^^^^^^^
30 |             (folder / 'signals.jsonl').write_text(json.dumps(past) + '\n' + json.dumps(future) + '\n')
31 |             constructed = repo / 'data/reports/constructed/case'
   |
help: Rewrite as a literal

C408 Unnecessary `dict()` call (rewrite as a literal)
  --> tests/test_saved_source_audit.py:56:18
   |
55 |     def test_profitable_outcome_and_caller_attestation_do_not_certify_original_sources(self):
56 |         signal = dict(source_qualification_evidence=['asserted by caller'])
   |                  ^^^^^^^^^^^^^^^^^^^^^^^^^^^^^^^^^^^^^^^^^^^^^^^^^^^^^^^^^^
57 |         for pnl in (-23.4, 200):
58 |             category, _, scope = classify(dict(ltf=5, net_pnl=pnl), signal)
   |
help: Rewrite as a literal

C408 Unnecessary `dict()` call (rewrite as a literal)
  --> tests/test_saved_source_audit.py:58:43
   |
56 |         signal = dict(source_qualification_evidence=['asserted by caller'])
57 |         for pnl in (-23.4, 200):
58 |             category, _, scope = classify(dict(ltf=5, net_pnl=pnl), signal)
   |                                           ^^^^^^^^^^^^^^^^^^^^^^^^
59 |             self.assertEqual(category, 'UNCERTAIN_SOURCE')
60 |             self.assertEqual(scope, 'ORIGINAL_METHODOLOGY_COMPLIANCE')
   |
help: Rewrite as a literal

C408 Unnecessary `dict()` call (rewrite as a literal)
  --> tests/test_saved_source_audit.py:63:39
   |
62 |     def test_unsupported_conservative_mapping_is_explicitly_scoped(self):
63 |         category, _, scope = classify(dict(ltf=60), {})
   |                                       ^^^^^^^^^^^^
64 |         self.assertEqual(category, 'FALSE_POSITIVE_IMPLEMENTATION')
65 |         self.assertEqual(scope, 'SOURCE_CONSERVATIVE_ENTRY_CLAIM_ONLY')
   |
help: Rewrite as a literal

C408 Unnecessary `dict()` call (rewrite as a literal)
  --> tests/test_saved_source_audit.py:73:20
   |
71 |             path.write_text('current source')
72 |             blob = b'original frozen source'
73 |             lock = dict(baseline_commit='original', code_hashes={'source.py': sha256(blob).hexdigest()})
   |                    ^^^^^^^^^^^^^^^^^^^^^^^^^^^^^^^^^^^^^^^^^^^^^^^^^^^^^^^^^^^^^^^^^^^^^^^^^^^^^^^^^^^^^
74 |             with patch.object(subprocess, 'run'), patch.object(subprocess, 'check_output', return_value=blob):
75 |                 self.assertEqual(protected_bytes(repo, lock), {'source.py': blob})
   |
help: Rewrite as a literal

SIM117 Use a single `with` statement with multiple contexts instead of nested `with` statements
  --> tests/test_saved_source_audit.py:76:13
   |
74 |               with patch.object(subprocess, 'run'), patch.object(subprocess, 'check_output', return_value=blob):
75 |                   self.assertEqual(protected_bytes(repo, lock), {'source.py': blob})
76 | /             with patch.object(subprocess, 'run'), patch.object(subprocess, 'check_output', return_value=b'corrupt'):
77 | |                 with self.assertRaisesRegex(ValueError, 'registered hash'):
   | |___________________________________________________________________________^
78 |                       protected_bytes(repo, lock)
79 |               self.assertEqual(path.read_text(), 'current source')
   |
help: Combine `with` statements

SIM117 Use a single `with` statement with multiple contexts instead of nested `with` statements
  --> tests/test_saved_source_audit.py:81:13
   |
79 |               self.assertEqual(path.read_text(), 'current source')
80 |               lock['code_hashes'] = {'../escape.py': 'invalid'}
81 | /             with patch.object(subprocess, 'run'):
82 | |                 with self.assertRaisesRegex(ValueError, 'Unsafe baseline path'):
   | |________________________________________________________________________________^
83 |                       protected_bytes(repo, lock)
   |
help: Combine `with` statements

UP017 [*] Use `datetime.UTC` alias
  --> tests/test_sfp.py:9:41
   |
 8 | def c(i, o, h, l, cl):
 9 |     start = datetime(2026, 1, 1, tzinfo=timezone.utc) + timedelta(minutes=i)
   |                                         ^^^^^^^^^^^^
10 |     return Candle(start, start + timedelta(minutes=1), o, h, l, cl, True)
   |
help: Convert to `datetime.UTC` alias
   |
1  | import unittest
   - from datetime import datetime, timedelta, timezone
2  + from datetime import datetime, timedelta, timezone, UTC
3  |
--------------------------------------------------------------------------------
8  | def c(i, o, h, l, cl):
   -     start = datetime(2026, 1, 1, tzinfo=timezone.utc) + timedelta(minutes=i)
9  +     start = datetime(2026, 1, 1, tzinfo=UTC) + timedelta(minutes=i)
10 |     return Candle(start, start + timedelta(minutes=1), o, h, l, cl, True)
   |

I001 [*] Import block is un-sorted or un-formatted
  --> tests/test_source_correction.py:1:1
   |
 1 | / from __future__ import annotations
 2 | |
 3 | | from dataclasses import asdict, replace
 4 | | from datetime import timedelta
 5 | | from hashlib import sha256
 6 | | import json
 7 | | from pathlib import Path
 8 | | import random
 9 | | import tempfile
10 | | import unittest
11 | |
12 | | from crypto_bot.strategy.market_analysis import analyze_market, MarketEvent, MarketEventKind as K, TrendState
13 | | from crypto_bot.strategy.source_corrected import (MAPPINGS, Pool, Raid, SourceEngine, SourceSeries, Zone,
14 | |                                                   Setup, evidence_json, liquidity_roles, poi_entry_policy)
15 | | from crypto_bot.strategy.source_cases import deduplicate_cases, replay_case
16 | | from crypto_bot.strategy.source_portfolio import SourcePortfolio
17 | | from scripts.run_source_cases_bybit import verify_segment
18 | | from tests.test_source_engine import START, candle, signal
   | |__________________________________________________________^
help: Organize imports
   |
2  |
   - from dataclasses import asdict, replace
   - from datetime import timedelta
   - from hashlib import sha256
3  | import json
   - from pathlib import Path
4  | import random
5  | import tempfile
6  | import unittest
7  + from dataclasses import asdict, replace
8  + from datetime import timedelta
9  + from hashlib import sha256
10 + from pathlib import Path
11 |
   - from crypto_bot.strategy.market_analysis import analyze_market, MarketEvent, MarketEventKind as K, TrendState
   - from crypto_bot.strategy.source_corrected import (MAPPINGS, Pool, Raid, SourceEngine, SourceSeries, Zone,
   -                                                   Setup, evidence_json, liquidity_roles, poi_entry_policy)
12 + from crypto_bot.strategy.market_analysis import MarketEvent, TrendState, analyze_market
13 + from crypto_bot.strategy.market_analysis import MarketEventKind as K
14 | from crypto_bot.strategy.source_cases import deduplicate_cases, replay_case
15 + from crypto_bot.strategy.source_corrected import (
16 +     MAPPINGS,
17 +     Pool,
18 +     Raid,
19 +     Setup,
20 +     SourceEngine,
21 +     SourceSeries,
22 +     Zone,
23 +     evidence_json,
24 +     liquidity_roles,
25 +     poi_entry_policy,
26 + )
27 | from crypto_bot.strategy.source_portfolio import SourcePortfolio
   |

I001 [*] Import block is un-sorted or un-formatted
  --> tests/test_source_engine.py:1:1
   |
 1 | / from __future__ import annotations
 2 | |
 3 | | from dataclasses import asdict, replace
 4 | | from datetime import datetime, timedelta, timezone
 5 | | import random
 6 | | import unittest
 7 | |
 8 | | from crypto_bot.common.models import Candle
 9 | | from crypto_bot.strategy.market_analysis import analyze_market, MarketEvent, MarketEventKind, TrendState
10 | | from crypto_bot.strategy.source_engine import (Pool, Raid, Setup, SourceEngine, SourceSeries, SourceSignal, Zone,
11 | |                                                evidence_json, opposing_liquidity, pd_location)
12 | | from crypto_bot.strategy.source_portfolio import SourcePortfolio, SourceRiskPolicy
   | |__________________________________________________________________________________^
13 |
14 |   START = datetime(2026, 1, 1, tzinfo=timezone.utc)
   |
help: Organize imports
   |
2  |
3  + import random
4  + import unittest
5  | from dataclasses import asdict, replace
6  | from datetime import datetime, timedelta, timezone
   - import random
   - import unittest
7  |
8  | from crypto_bot.common.models import Candle
   - from crypto_bot.strategy.market_analysis import analyze_market, MarketEvent, MarketEventKind, TrendState
   - from crypto_bot.strategy.source_engine import (Pool, Raid, Setup, SourceEngine, SourceSeries, SourceSignal, Zone,
   -                                                evidence_json, opposing_liquidity, pd_location)
9  + from crypto_bot.strategy.market_analysis import (
10 +     MarketEvent,
11 +     MarketEventKind,
12 +     TrendState,
13 +     analyze_market,
14 + )
15 + from crypto_bot.strategy.source_engine import (
16 +     Pool,
17 +     Raid,
18 +     Setup,
19 +     SourceEngine,
20 +     SourceSeries,
21 +     SourceSignal,
22 +     Zone,
23 +     evidence_json,
24 +     opposing_liquidity,
25 +     pd_location,
26 + )
27 | from crypto_bot.strategy.source_portfolio import SourcePortfolio, SourceRiskPolicy
   |

UP017 [*] Use `datetime.UTC` alias
  --> tests/test_source_engine.py:14:37
   |
12 | from crypto_bot.strategy.source_portfolio import SourcePortfolio, SourceRiskPolicy
13 |
14 | START = datetime(2026, 1, 1, tzinfo=timezone.utc)
   |                                     ^^^^^^^^^^^^
help: Convert to `datetime.UTC` alias
   |
3  | from dataclasses import asdict, replace
   - from datetime import datetime, timedelta, timezone
4  + from datetime import datetime, timedelta, timezone, UTC
5  | import random
--------------------------------------------------------------------------------
13 |
   - START = datetime(2026, 1, 1, tzinfo=timezone.utc)
14 + START = datetime(2026, 1, 1, tzinfo=UTC)
15 |
   |

I001 [*] Import block is un-sorted or un-formatted
  --> tests/test_source_fixtures.py:8:1
   |
 6 |   """
 7 |
 8 | / import unittest
 9 | | from datetime import datetime, timedelta, timezone
10 | |
11 | | from crypto_bot.common.models import Candle, Direction
12 | | from crypto_bot.strategy.order_block import OrderBlockEvidence, assess_order_block
13 | | from crypto_bot.strategy.sfp import detect_sfp
14 | | from crypto_bot.strategy.structure import confirmed_swings
15 | | from crypto_bot.strategy.market_analysis import (
16 | |     MarketAnalysisReport,
17 | |     MarketEvent,
18 | |     MarketEventKind,
19 | |     OrderBlockReadiness,
20 | |     TrendState,
21 | |     analyze_market,
22 | | )
23 | | from range_test_support import analyze_ranges
   | |_____________________________________________^
help: Organize imports
   |
10 |
11 + from range_test_support import analyze_ranges
12 +
13 | from crypto_bot.common.models import Candle, Direction
   - from crypto_bot.strategy.order_block import OrderBlockEvidence, assess_order_block
   - from crypto_bot.strategy.sfp import detect_sfp
   - from crypto_bot.strategy.structure import confirmed_swings
14 | from crypto_bot.strategy.market_analysis import (
--------------------------------------------------------------------------------
21 | )
   - from range_test_support import analyze_ranges
22 + from crypto_bot.strategy.order_block import OrderBlockEvidence, assess_order_block
23 + from crypto_bot.strategy.sfp import detect_sfp
24 + from crypto_bot.strategy.structure import confirmed_swings
25 |
   |

UP017 [*] Use `datetime.UTC` alias
  --> tests/test_source_fixtures.py:27:41
   |
26 | def c(i, o, h, l, cl):
27 |     start = datetime(2026, 1, 1, tzinfo=timezone.utc) + timedelta(hours=i)
   |                                         ^^^^^^^^^^^^
28 |     return Candle(start, start + timedelta(hours=1), o, h, l, cl, True)
   |
help: Convert to `datetime.UTC` alias
   |
8  | import unittest
   - from datetime import datetime, timedelta, timezone
9  + from datetime import datetime, timedelta, timezone, UTC
10 |
--------------------------------------------------------------------------------
26 | def c(i, o, h, l, cl):
   -     start = datetime(2026, 1, 1, tzinfo=timezone.utc) + timedelta(hours=i)
27 +     start = datetime(2026, 1, 1, tzinfo=UTC) + timedelta(hours=i)
28 |     return Candle(start, start + timedelta(hours=1), o, h, l, cl, True)
   |

I001 [*] Import block is un-sorted or un-formatted
 --> tests/test_source_pdf_native.py:1:1
  |
1 | / from dataclasses import replace
2 | | from datetime import timedelta
3 | | import random
4 | | import unittest
5 | |
6 | | from crypto_bot.strategy.market_analysis import analyze_market
7 | | from crypto_bot.strategy.source_pdf_native import SourceEngine, SourceSeries, Zone, Raid, evidence_json
8 | | from tests.test_source_engine import START, candle
  | |__________________________________________________^
help: Organize imports
   |
1  + import random
2  + import unittest
3  | from dataclasses import replace
4  | from datetime import timedelta
   - import random
   - import unittest
5  |
6  | from crypto_bot.strategy.market_analysis import analyze_market
   - from crypto_bot.strategy.source_pdf_native import SourceEngine, SourceSeries, Zone, Raid, evidence_json
7  + from crypto_bot.strategy.source_pdf_native import (
8  +     Raid,
9  +     SourceEngine,
10 +     SourceSeries,
11 +     Zone,
12 +     evidence_json,
13 + )
14 | from tests.test_source_engine import START, candle
   |

I001 [*] Import block is un-sorted or un-formatted
  --> tests/test_source_pdf_native.py:61:9
   |
59 |       def test_fta_already_behind_ready_close_blocks_signal(self):
60 |           # Reuse the source fixture with a target passed by current close (105).
61 | /         import crypto_bot.strategy.source_pdf_native as module
62 | |         from tests.test_source_primary_pdf import zone
63 | |         from crypto_bot.strategy.market_analysis import TrendState
   | |__________________________________________________________________^
64 |           t=lambda n:START+timedelta(minutes=n);cs=[candle(0,104,106,103,105)]
65 |           series={tf:SourceSeries('BTCUSDT',tf,cs,analyze_market(cs)) for tf in (5,60)}
   |
help: Organize imports
   |
61 |         import crypto_bot.strategy.source_pdf_native as module
62 +         from crypto_bot.strategy.market_analysis import TrendState
63 |         from tests.test_source_primary_pdf import zone
   -         from crypto_bot.strategy.market_analysis import TrendState
64 |         t=lambda n:START+timedelta(minutes=n);cs=[candle(0,104,106,103,105)]
   |

I001 [*] Import block is un-sorted or un-formatted
 --> tests/test_source_primary_pdf.py:1:1
  |
1 | / from dataclasses import asdict, replace
2 | | from datetime import timedelta
3 | | import random
4 | | import unittest
5 | |
6 | | from crypto_bot.strategy.market_analysis import analyze_market, MarketEvent, MarketEventKind as K, TrendState
7 | | from crypto_bot.strategy.source_pdf import SourceSeries, SourceEngine, Zone, Raid, Pool, Setup, evidence_json, poi_entry_policy, liqu…
8 | | from crypto_bot.strategy.source_pdf_cases import deduplicate_cases, replay_case
9 | | from tests.test_source_engine import START, candle, signal
  | |__________________________________________________________^
help: Organize imports
   |
   - from dataclasses import asdict, replace
   - from datetime import timedelta
1  | import random
2  | import unittest
3  + from dataclasses import asdict, replace
4  + from datetime import timedelta
5  |
   - from crypto_bot.strategy.market_analysis import analyze_market, MarketEvent, MarketEventKind as K, TrendState
   - from crypto_bot.strategy.source_pdf import SourceSeries, SourceEngine, Zone, Raid, Pool, Setup, evidence_json, poi_entry_policy, liquidity_roles
6  + from crypto_bot.strategy.market_analysis import MarketEvent, TrendState, analyze_market
7  + from crypto_bot.strategy.market_analysis import MarketEventKind as K
8  + from crypto_bot.strategy.source_pdf import (
9  +     Pool,
10 +     Raid,
11 +     Setup,
12 +     SourceEngine,
13 +     SourceSeries,
14 +     Zone,
15 +     evidence_json,
16 +     liquidity_roles,
17 +     poi_entry_policy,
18 + )
19 | from crypto_bot.strategy.source_pdf_cases import deduplicate_cases, replay_case
   |

I001 [*] Import block is un-sorted or un-formatted
 --> tests/test_source_resume.py:1:1
  |
1 | / from hashlib import sha256
2 | | import json
3 | | from pathlib import Path
4 | | import tempfile
5 | | import unittest
6 | |
7 | | from scripts.run_source_bybit import verify_segment, stats
  | |__________________________________________________________^
help: Organize imports
  |
  - from hashlib import sha256
1 | import json
  - from pathlib import Path
2 | import tempfile
3 | import unittest
4 + from hashlib import sha256
5 + from pathlib import Path
6 |
  - from scripts.run_source_bybit import verify_segment, stats
7 + from scripts.run_source_bybit import stats, verify_segment
8 |
  |

I001 [*] Import block is un-sorted or un-formatted
 --> tests/test_structure.py:1:1
  |
1 | / import unittest
2 | | from datetime import datetime, timedelta, timezone
3 | |
4 | | from crypto_bot.common.models import Candle
5 | | from crypto_bot.strategy.structure import confirmed_swings, bearish_bos, bullish_bos
  | |____________________________________________________________________________________^
help: Organize imports
  |
4 | from crypto_bot.common.models import Candle
  - from crypto_bot.strategy.structure import confirmed_swings, bearish_bos, bullish_bos
5 + from crypto_bot.strategy.structure import bearish_bos, bullish_bos, confirmed_swings
6 |
  |

UP017 [*] Use `datetime.UTC` alias
  --> tests/test_structure.py:9:41
   |
 8 | def c(i, o, h, l, cl, closed=True):
 9 |     start = datetime(2026, 1, 1, tzinfo=timezone.utc) + timedelta(minutes=i)
   |                                         ^^^^^^^^^^^^
10 |     return Candle(start, start + timedelta(minutes=1), o, h, l, cl, closed)
   |
help: Convert to `datetime.UTC` alias
   |
1  | import unittest
   - from datetime import datetime, timedelta, timezone
2  + from datetime import datetime, timedelta, timezone, UTC
3  |
--------------------------------------------------------------------------------
8  | def c(i, o, h, l, cl, closed=True):
   -     start = datetime(2026, 1, 1, tzinfo=timezone.utc) + timedelta(minutes=i)
9  +     start = datetime(2026, 1, 1, tzinfo=UTC) + timedelta(minutes=i)
10 |     return Candle(start, start + timedelta(minutes=1), o, h, l, cl, closed)
   |

DTZ001 `datetime.datetime()` called without a `tzinfo` argument
  --> tests/test_structure.py:40:17
   |
39 |     def test_candle_rejects_naive_timestamps(self):
40 |         naive = datetime(2026, 1, 1)
   |                 ^^^^^^^^^^^^^^^^^^^^
41 |         with self.assertRaises(ValueError):
42 |             Candle(naive, naive + timedelta(minutes=1), 10, 11, 9, 10, True)
   |
help: Pass a `datetime.timezone` object to the `tzinfo` parameter

UP017 [*] Use `datetime.UTC` alias
  --> tests/test_structure_ordering.py:16:36
   |
14 | )
15 |
16 | BASE = datetime(2026, 1, 1, tzinfo=timezone.utc)
   |                                    ^^^^^^^^^^^^
help: Convert to `datetime.UTC` alias
   |
3  | import unittest
   - from datetime import datetime, timedelta, timezone
4  + from datetime import datetime, timedelta, timezone, UTC
5  |
--------------------------------------------------------------------------------
15 |
   - BASE = datetime(2026, 1, 1, tzinfo=timezone.utc)
16 + BASE = datetime(2026, 1, 1, tzinfo=UTC)
17 |
   |

I001 [*] Import block is un-sorted or un-formatted
 --> tests/test_structure_stability.py:1:1
  |
1 | / from __future__ import annotations
2 | |
3 | | import unittest
4 | | from datetime import datetime, timedelta, timezone
5 | |
6 | | from crypto_bot.common.models import Candle
7 | | from crypto_bot.strategy.market_analysis import analyze_market
8 | | from crypto_bot.strategy.structure_stability import compare_bos_suffix
  | |______________________________________________________________________^
help: Organize imports
   |
9  |
   -
10 | BASE = datetime(2026, 1, 1, tzinfo=timezone.utc)
   |

UP017 [*] Use `datetime.UTC` alias
  --> tests/test_structure_stability.py:11:36
   |
11 | BASE = datetime(2026, 1, 1, tzinfo=timezone.utc)
   |                                    ^^^^^^^^^^^^
help: Convert to `datetime.UTC` alias
   |
3  | import unittest
   - from datetime import datetime, timedelta, timezone
4  + from datetime import datetime, timedelta, timezone, UTC
5  |
--------------------------------------------------------------------------------
10 |
   - BASE = datetime(2026, 1, 1, tzinfo=timezone.utc)
11 + BASE = datetime(2026, 1, 1, tzinfo=UTC)
12 |
   |

I001 [*] Import block is un-sorted or un-formatted
   --> tests/test_trade_plan.py:117:9
    |
115 |   class Phase1420StructuralContextTests(unittest.TestCase):
116 |       def test_resolved_expected_opposite_transition_produces_ote(self):
117 | /         from types import SimpleNamespace as N
118 | |         from datetime import datetime,timedelta,timezone
119 | |         from crypto_bot.strategy.market_analysis import MarketEventKind,TrendState
120 | |         from crypto_bot.strategy.trade_plan import derive_structural_impulse_context
    | |____________________________________________________________________________________^
121 |           t=datetime(2026,1,1,tzinfo=timezone.utc); k=MarketEventKind.BEARISH_STRUCTURE_BROKEN_BOS
122 |           d=N(transition_id=7,bos_kind=k.value,bos_index=75,bos_time=t,resolved_time=t+timedelta(minutes=15),resolved_trend=TrendStat…
    |
help: Organize imports
    |
116 |     def test_resolved_expected_opposite_transition_produces_ote(self):
117 +         from datetime import datetime, timedelta, timezone
118 |         from types import SimpleNamespace as N
    -         from datetime import datetime,timedelta,timezone
    -         from crypto_bot.strategy.market_analysis import MarketEventKind,TrendState
119 +
120 +         from crypto_bot.strategy.market_analysis import MarketEventKind, TrendState
121 |         from crypto_bot.strategy.trade_plan import derive_structural_impulse_context
    |

UP017 [*] Use `datetime.UTC` alias
   --> tests/test_trade_plan.py:121:36
    |
119 | …     from crypto_bot.strategy.market_analysis import MarketEventKind,TrendState
120 | …     from crypto_bot.strategy.trade_plan import derive_structural_impulse_context
121 | …     t=datetime(2026,1,1,tzinfo=timezone.utc); k=MarketEventKind.BEARISH_STRUCTURE_BROKEN_BOS
    |                                  ^^^^^^^^^^^^
122 | …     d=N(transition_id=7,bos_kind=k.value,bos_index=75,bos_time=t,resolved_time=t+timedelta(minutes=15),resolved_trend=TrendState.BU…
123 | …     r=N(structure_transition_diagnostics=(d,),levels=(N(level_id=1,price=110.0),N(level_id=2,price=102.0)))
    |
help: Convert to `datetime.UTC` alias
    |
11  | )
12  + from datetime import UTC
13  |
--------------------------------------------------------------------------------
121 |         from crypto_bot.strategy.trade_plan import derive_structural_impulse_context
    -         t=datetime(2026,1,1,tzinfo=timezone.utc); k=MarketEventKind.BEARISH_STRUCTURE_BROKEN_BOS
122 +         t=datetime(2026,1,1,tzinfo=UTC); k=MarketEventKind.BEARISH_STRUCTURE_BROKEN_BOS
123 |         d=N(transition_id=7,bos_kind=k.value,bos_index=75,bos_time=t,resolved_time=t+timedelta(minutes=15),resolved_trend=TrendState.BULLISH,resolution_mode="EXPECTED_OPPOSITE_FAST_PATH",broken_extreme_price=90.0,selected_anchor_level_id=1,selected_correction_level_id=2)
    |

I001 [*] Import block is un-sorted or un-formatted
   --> tests/test_trade_plan.py:128:9
    |
127 |       def test_same_direction_recovery_does_not_produce_entry_geometry(self):
128 | /         from types import SimpleNamespace as N
129 | |         from datetime import datetime,timedelta,timezone
130 | |         from crypto_bot.strategy.market_analysis import MarketEventKind,TrendState
131 | |         from crypto_bot.strategy.trade_plan import derive_structural_impulse_context
    | |____________________________________________________________________________________^
132 |           t=datetime(2026,1,1,tzinfo=timezone.utc); k=MarketEventKind.BEARISH_STRUCTURE_BROKEN_BOS
133 |           d=N(transition_id=7,bos_kind=k.value,bos_index=75,bos_time=t,resolved_time=t+timedelta(minutes=15),resolved_trend=TrendStat…
    |
help: Organize imports
    |
127 |     def test_same_direction_recovery_does_not_produce_entry_geometry(self):
128 +         from datetime import datetime, timedelta, timezone
129 |         from types import SimpleNamespace as N
    -         from datetime import datetime,timedelta,timezone
    -         from crypto_bot.strategy.market_analysis import MarketEventKind,TrendState
130 +
131 +         from crypto_bot.strategy.market_analysis import MarketEventKind, TrendState
132 |         from crypto_bot.strategy.trade_plan import derive_structural_impulse_context
    |

UP017 [*] Use `datetime.UTC` alias
   --> tests/test_trade_plan.py:132:36
    |
130 | …     from crypto_bot.strategy.market_analysis import MarketEventKind,TrendState
131 | …     from crypto_bot.strategy.trade_plan import derive_structural_impulse_context
132 | …     t=datetime(2026,1,1,tzinfo=timezone.utc); k=MarketEventKind.BEARISH_STRUCTURE_BROKEN_BOS
    |                                  ^^^^^^^^^^^^
133 | …     d=N(transition_id=7,bos_kind=k.value,bos_index=75,bos_time=t,resolved_time=t+timedelta(minutes=15),resolved_trend=TrendState.BU…
134 | …     r=N(structure_transition_diagnostics=(d,),levels=(N(level_id=1,price=110.0),N(level_id=2,price=102.0)))
    |
help: Convert to `datetime.UTC` alias
    |
11  | )
12  + from datetime import UTC
13  |
--------------------------------------------------------------------------------
132 |         from crypto_bot.strategy.trade_plan import derive_structural_impulse_context
    -         t=datetime(2026,1,1,tzinfo=timezone.utc); k=MarketEventKind.BEARISH_STRUCTURE_BROKEN_BOS
133 +         t=datetime(2026,1,1,tzinfo=UTC); k=MarketEventKind.BEARISH_STRUCTURE_BROKEN_BOS
134 |         d=N(transition_id=7,bos_kind=k.value,bos_index=75,bos_time=t,resolved_time=t+timedelta(minutes=15),resolved_trend=TrendState.BULLISH,resolution_mode="SAME_DIRECTION_POST_BOS_RECOVERY",broken_extreme_price=90.0,selected_anchor_level_id=1,selected_correction_level_id=2)
    |

I001 [*] Import block is un-sorted or un-formatted
   --> tests/test_trade_plan.py:141:9
    |
139 |   class Phase1420PlanStatusTests(unittest.TestCase):
140 |       def _opp(self):
141 | /         from datetime import datetime,timezone
142 | |         from crypto_bot.strategy.market_analysis import MarketEventKind
143 | |         from crypto_bot.strategy.mtf_sfp import MtfOpportunity,MtfOpportunityStatus
    | |___________________________________________________________________________________^
144 |           t=datetime(2026,1,1,tzinfo=timezone.utc)
145 |           return MtfOpportunity(1,MtfOpportunityStatus.ENTRY_SEARCH_CANDIDATE,Direction.LONG,MarketEventKind.BEARISH_STRUCTURE_BROKEN…
    |
help: Organize imports
    |
140 |     def _opp(self):
    -         from datetime import datetime,timezone
141 +         from datetime import datetime, timezone
142 +
143 |         from crypto_bot.strategy.market_analysis import MarketEventKind
    -         from crypto_bot.strategy.mtf_sfp import MtfOpportunity,MtfOpportunityStatus
144 +         from crypto_bot.strategy.mtf_sfp import MtfOpportunity, MtfOpportunityStatus
145 |         t=datetime(2026,1,1,tzinfo=timezone.utc)
    |

UP017 [*] Use `datetime.UTC` alias
   --> tests/test_trade_plan.py:144:36
    |
142 | …     from crypto_bot.strategy.market_analysis import MarketEventKind
143 | …     from crypto_bot.strategy.mtf_sfp import MtfOpportunity,MtfOpportunityStatus
144 | …     t=datetime(2026,1,1,tzinfo=timezone.utc)
    |                                  ^^^^^^^^^^^^
145 | …     return MtfOpportunity(1,MtfOpportunityStatus.ENTRY_SEARCH_CANDIDATE,Direction.LONG,MarketEventKind.BEARISH_STRUCTURE_BROKEN_BOS…
    |
help: Convert to `datetime.UTC` alias
    |
11  | )
12  + from datetime import UTC
13  |
--------------------------------------------------------------------------------
144 |         from crypto_bot.strategy.mtf_sfp import MtfOpportunity,MtfOpportunityStatus
    -         t=datetime(2026,1,1,tzinfo=timezone.utc)
145 +         t=datetime(2026,1,1,tzinfo=UTC)
146 |         return MtfOpportunity(1,MtfOpportunityStatus.ENTRY_SEARCH_CANDIDATE,Direction.LONG,MarketEventKind.BEARISH_STRUCTURE_BROKEN_BOS,t,75,9,100.0,(1,),(1,),(1,),t,t,1)
    |

I001 [*] Import block is un-sorted or un-formatted
   --> tests/test_trade_plan.py:151:9
    |
150 |       def test_ote_status_waits_for_source_sl_target(self):
151 | /         from types import SimpleNamespace as N
152 | |         from datetime import timedelta
153 | |         from crypto_bot.strategy.market_analysis import TrendState
154 | |         from crypto_bot.strategy.mtf_sfp import _attach_entry_geometry
    | |______________________________________________________________________^
155 |           o=self._opp(); t=o.ltf_bos_event_time
156 |           d=N(transition_id=7,bos_kind=o.ltf_bos_kind.value,bos_index=75,bos_time=t,resolved_time=t+timedelta(minutes=15),resolved_tr…
    |
help: Organize imports
    |
150 |     def test_ote_status_waits_for_source_sl_target(self):
151 +         from datetime import timedelta
152 |         from types import SimpleNamespace as N
    -         from datetime import timedelta
153 +
154 |         from crypto_bot.strategy.market_analysis import TrendState
    |

I001 [*] Import block is un-sorted or un-formatted
   --> tests/test_trade_plan.py:183:9
    |
181 | …ss Phase1420SourceReferenceTests(unittest.TestCase):
182 | … def test_long_and_short_reference_geometry(self):
183 | …     from crypto_bot.strategy.trade_plan import PriceZone,SourceStopReference,SourceTargetZone,validate_source_reference_geometry
    |       ^^^^^^^^^^^^^^^^^^^^^^^^^^^^^^^^^^^^^^^^^^^^^^^^^^^^^^^^^^^^^^^^^^^^^^^^^^^^^^^^^^^^^^^^^^^^^^^^^^^^^^^^^^^^^^^^^^^^^^^^^^^^
184 | …     validate_source_reference_geometry(direction=Direction.LONG,entry_zone=PriceZone(94.2,95.9),stop_reference=SourceStopReference(90…
185 | …     validate_source_reference_geometry(direction=Direction.SHORT,entry_zone=PriceZone(104.1,105.8),stop_reference=SourceStopReference…
    |
help: Organize imports
    |
182 |     def test_long_and_short_reference_geometry(self):
    -         from crypto_bot.strategy.trade_plan import PriceZone,SourceStopReference,SourceTargetZone,validate_source_reference_geometry
183 +         from crypto_bot.strategy.trade_plan import (
184 +             PriceZone,
185 +             SourceStopReference,
186 +             SourceTargetZone,
187 +             validate_source_reference_geometry,
188 +         )
189 |         validate_source_reference_geometry(direction=Direction.LONG,entry_zone=PriceZone(94.2,95.9),stop_reference=SourceStopReference(90.0,"SOURCE_OB_EXTREME"),target_zone=SourceTargetZone(PriceZone(108.0,110.0)))
    |

I001 [*] Import block is un-sorted or un-formatted
   --> tests/test_trade_plan.py:188:9
    |
187 | … def test_invalid_reference_geometry_is_rejected(self):
188 | …     from crypto_bot.strategy.trade_plan import PriceZone,SourceStopReference,SourceTargetZone,TradePlanGeometryError,validate_source_reference_geometry
    |       ^^^^^^^^^^^^^^^^^^^^^^^^^^^^^^^^^^^^^^^^^^^^^^^^^^^^^^^^^^^^^^^^^^^^^^^^^^^^^^^^^^^^^^^^^^^^^^^^^^^^^^^^^^^^^^^^^^^^^^^^^^^^^^^^^^^^^^^^^^^^^^^^^^^
189 | …     with self.assertRaises(TradePlanGeometryError):
190 | …         validate_source_reference_geometry(direction=Direction.LONG,entry_zone=PriceZone(94.2,95.9),stop_reference=SourceStopReference(96.0,"SOURCE_OB_EXTRE…
    |
help: Organize imports
    |
187 |     def test_invalid_reference_geometry_is_rejected(self):
    -         from crypto_bot.strategy.trade_plan import PriceZone,SourceStopReference,SourceTargetZone,TradePlanGeometryError,validate_source_reference_geometry
188 +         from crypto_bot.strategy.trade_plan import (
189 +             PriceZone,
190 +             SourceStopReference,
191 +             SourceTargetZone,
192 +             TradePlanGeometryError,
193 +             validate_source_reference_geometry,
194 +         )
195 |         with self.assertRaises(TradePlanGeometryError):
    |

I001 [*] Import block is un-sorted or un-formatted
 --> tests/test_virtual_portfolio.py:1:1
  |
1 | / import unittest
2 | | from dataclasses import replace
3 | | from datetime import datetime, timedelta, timezone
4 | |
5 | | from crypto_bot.common.models import Candle, Direction
6 | | from crypto_bot.strategy.replay import StrategySignal
7 | | from crypto_bot.strategy.trade_plan import PriceZone
8 | | from crypto_bot.strategy.virtual_portfolio import SimulationPolicy, VirtualPortfolio
  | |____________________________________________________________________________________^
help: Organize imports
   |
9  |
   -
10 | BASE = datetime(2026, 1, 1, tzinfo=timezone.utc)
   |

UP017 [*] Use `datetime.UTC` alias
  --> tests/test_virtual_portfolio.py:11:36
   |
11 | BASE = datetime(2026, 1, 1, tzinfo=timezone.utc)
   |                                    ^^^^^^^^^^^^
help: Convert to `datetime.UTC` alias
   |
2  | from dataclasses import replace
   - from datetime import datetime, timedelta, timezone
3  + from datetime import datetime, timedelta, timezone, UTC
4  |
--------------------------------------------------------------------------------
10 |
   - BASE = datetime(2026, 1, 1, tzinfo=timezone.utc)
11 + BASE = datetime(2026, 1, 1, tzinfo=UTC)
12 |
   |

I001 [*] Import block is un-sorted or un-formatted
  --> tests/test_work_regressions.py:1:1
   |
 1 | / import unittest
 2 | | from dataclasses import replace
 3 | | from datetime import timedelta
 4 | | from types import SimpleNamespace
 5 | |
 6 | | from crypto_bot.strategy.market_analysis import MarketAnalysisError, analyze_market
 7 | | from crypto_bot.strategy.mtf_sfp import link_sfp_formations_to_ltf_bos
 8 | | from crypto_bot.strategy.range_engine import RangeAnalysisError, analyze_ranges
 9 | | from crypto_bot.strategy.sfp import detect_sfp
10 | | from test_mtf_sfp import event, report, MarketEventKind as K
11 | | from test_range_engine import base_report, bullish_range_events, c
12 | | from test_sfp import c as minute_c
   | |__________________________________^
help: Organize imports
   |
5  |
6  + from test_mtf_sfp import MarketEventKind as K
7  + from test_mtf_sfp import event, report
8  + from test_range_engine import base_report, bullish_range_events, c
9  + from test_sfp import c as minute_c
10 +
11 | from crypto_bot.strategy.market_analysis import MarketAnalysisError, analyze_market
12 | from crypto_bot.strategy.mtf_sfp import link_sfp_formations_to_ltf_bos
13 | from crypto_bot.strategy.range_engine import RangeAnalysisError, analyze_ranges
14 | from crypto_bot.strategy.sfp import detect_sfp
   - from test_mtf_sfp import event, report, MarketEventKind as K
   - from test_range_engine import base_report, bullish_range_events, c
   - from test_sfp import c as minute_c
15 |
   |

I001 [*] Import block is un-sorted or un-formatted
  --> tests/test_work_regressions.py:17:9
   |
15 | class WorkRegressions(unittest.TestCase):
16 |     def test_unknown_direction_is_not_silently_treated_as_short(self):
17 |         from crypto_bot.strategy.trade_plan import ote_entry_zone, rr_ratio, select_first_opposing_poi_fta, PriceZone
   |         ^^^^^^^^^^^^^^^^^^^^^^^^^^^^^^^^^^^^^^^^^^^^^^^^^^^^^^^^^^^^^^^^^^^^^^^^^^^^^^^^^^^^^^^^^^^^^^^^^^^^^^^^^^^^^
18 |         operations = (
19 |             lambda: ote_entry_zone(direction='UNKNOWN', impulse_start_price=100, impulse_end_price=120),
   |
help: Organize imports
   |
16 |     def test_unknown_direction_is_not_silently_treated_as_short(self):
   -         from crypto_bot.strategy.trade_plan import ote_entry_zone, rr_ratio, select_first_opposing_poi_fta, PriceZone
17 +         from crypto_bot.strategy.trade_plan import (
18 +             PriceZone,
19 +             ote_entry_zone,
20 +             rr_ratio,
21 +             select_first_opposing_poi_fta,
22 +         )
23 |         operations = (
   |

I001 [*] Import block is un-sorted or un-formatted
  --> tests/test_work_regressions.py:28:9
   |
27 |       def test_order_block_geometry_rejects_unclosed_or_nonadjacent_candles(self):
28 | /         from crypto_bot.common.models import Direction
29 | |         from crypto_bot.strategy.order_block import OrderBlockAssessment, derive_qualified_order_block_geometry
   | |_______________________________________________________________________________________________________________^
30 |           assessment = OrderBlockAssessment(True, True, 'A', ())
31 |           engulfed, engulfing = minute_c(0, 100, 108, 99, 105), minute_c(1, 105, 110, 98, 109)
   |
help: Organize imports
   |
28 |         from crypto_bot.common.models import Direction
   -         from crypto_bot.strategy.order_block import OrderBlockAssessment, derive_qualified_order_block_geometry
29 +         from crypto_bot.strategy.order_block import (
30 +             OrderBlockAssessment,
31 +             derive_qualified_order_block_geometry,
32 +         )
33 |         assessment = OrderBlockAssessment(True, True, 'A', ())
   |

I001 [*] Import block is un-sorted or un-formatted
  --> tests/test_work_regressions.py:40:9
   |
39 |       def test_invalid_post_bos_impulse_rejects_geometry_without_crashing_mtf(self):
40 | /         from test_trade_plan import Phase1420PlanStatusTests
41 | |         from crypto_bot.strategy.market_analysis import TrendState
42 | |         from crypto_bot.strategy.mtf_sfp import _attach_entry_geometry
   | |______________________________________________________________________^
43 |           opp = Phase1420PlanStatusTests()._opp()
44 |           diagnostic = SimpleNamespace(
   |
help: Organize imports
   |
40 |         from test_trade_plan import Phase1420PlanStatusTests
41 +
42 |         from crypto_bot.strategy.market_analysis import TrendState
   |

I001 [*] Import block is un-sorted or un-formatted
  --> tests/validate_constructed.py:5:1
   |
 3 |   Usage: PYTHONPATH=src python tests/validate_constructed.py [report-directory]
 4 |   """
 5 | / import json,subprocess,sys,os
 6 | | from pathlib import Path
 7 | | from test_automatic_lifecycle import histories
 8 | | from crypto_bot.common.models import Direction
 9 | | from crypto_bot.data.models import MarketCandle
10 | | from crypto_bot.data.storage import write_klines_csv
   | |____________________________________________________^
11 |   root=Path(sys.argv[1]) if len(sys.argv)>1 else Path('data/reports/continuation_validation/constructed')
12 |   root.mkdir(parents=True,exist_ok=True)
   |
help: Organize imports
   |
4  | """
   - import json,subprocess,sys,os
5  + import json
6  + import os
7  + import subprocess
8  + import sys
9  | from pathlib import Path
10 +
11 | from test_automatic_lifecycle import histories
12 +
13 | from crypto_bot.common.models import Direction
14 | from crypto_bot.data.models import MarketCandle
15 | from crypto_bot.data.storage import write_klines_csv
16 +
17 | root=Path(sys.argv[1]) if len(sys.argv)>1 else Path('data/reports/continuation_validation/constructed')
   |

PLW1510 `subprocess.run` without explicit `check` argument
  --> tests/validate_constructed.py:24:5
   |
22 |   out=base/label
23 |   cmd=[sys.executable,'scripts/run_historical_portfolio.py','--data-root',str(base/'input'),'--report-root',str(out),'--symbols','E2E'…
24 |   r=subprocess.run(cmd,env={**os.environ,'PYTHONPATH':'src'},capture_output=True,text=True)
   |     ^^^^^^^^^^^^^^
25 |   if r.returncode:raise RuntimeError(r.stderr)
26 |   (base/(label+'.log')).write_text(r.stdout+r.stderr)
   |
help: Add explicit `check=False`

I001 [*] Import block is un-sorted or un-formatted
  --> tests/validate_stages.py:5:1
   |
 3 |   Default scope is the retained original 60m/5m baseline, including warmup.
 4 |   """
 5 | / from pathlib import Path
 6 | | from datetime import datetime
 7 | | from collections import Counter
 8 | | from concurrent.futures import ProcessPoolExecutor
 9 | | import json
10 | | import argparse
11 | | from crypto_bot.data.storage import read_klines_csv
12 | | from crypto_bot.strategy.market_analysis import analyze_market
13 | | from crypto_bot.strategy.range_engine import analyze_ranges
   | |___________________________________________________________^
14 |
15 |   def job(args):
   |
help: Organize imports
   |
4  | """
   - from pathlib import Path
   - from datetime import datetime
5  + import argparse
6  + import json
7  | from collections import Counter
8  | from concurrent.futures import ProcessPoolExecutor
   - import json
   - import argparse
9  + from datetime import datetime
10 + from pathlib import Path
11 +
12 | from crypto_bot.data.storage import read_klines_csv
13 | from crypto_bot.strategy.market_analysis import analyze_market
14 | from crypto_bot.strategy.range_engine import analyze_ranges
15 |
16 +
17 | def job(args):
   |

C408 Unnecessary `dict()` call (rewrite as a literal)
  --> tests/validate_stages.py:21:26
   |
19 | …et(candles,timeframe_minutes=tf)
20 | …es(candles,market)
21 | …tf}',dict(candles=len(candles),structural_levels=l…p_episodes)),range_events=len(ranges.events))
   |       ^^^^^^^^^^^^^^^^^^^^^^^^^^^^^^^^^^^^^^^^^^^^^…^^^^^^^^^^^^^^^^^^^^^^^^^^^^^^^^^^^^^^^^^^^^^
22 | …
23 | …__':
   |
help: Rewrite as a literal

Found 555 errors.
[*] 224 fixable with the `--fix` option (301 hidden fixes can be enabled with the `--unsafe-fixes` option).
