exchange,symbol,interval,open_time_ms,open,high,low,close,volume_base,turnover_quote,is_closed
BYBIT,XRPUSDT,60,1769342400000,1.9014,1.9024,1.895,1.8999,4256346.4,8079997.41426,1
BYBIT,XRPUSDT,60,1769346000000,1.8999,1.9023,1.8932,1.901,2636458.7,5002917.77221,1
BYBIT,XRPUSDT,60,1769349600000,1.901,1.9014,1.8826,1.8864,8292341.7,15659558.57524,1
BYBIT,XRPUSDT,60,1769353200000,1.8864,1.8926,1.883,1.8867,4888012.9,9228902.86153,1
BYBIT,XRPUSDT,60,1769356800000,1.8867,1.8868,1.8436,1.8524,50860864.5,94556076.89768,1
BYBIT,XRPUSDT,60,1769360400000,1.8524,1.8608,1.8342,1.845,21913549.9,40440028.90657,1
BYBIT,XRPUSDT,60,1769364000000,1.845,1.849,1.8239,1.8348,20255888.6,37161995.05478,1
BYBIT,XRPUSDT,60,1769367600000,1.8348,1.8404,1.8093,1.8169,22287607.4,40582773.90293,1
BYBIT,XRPUSDT,60,1769371200000,1.8169,1.8258,1.8115,1.823,11565641.3,21029368.54021,1
BYBIT,XRPUSDT,60,1769374800000,1.823,1.8397,1.8226,1.8389,10373366.9,19011688.92011,1
BYBIT,XRPUSDT,60,1769378400000,1.8389,1.8393,1.8172,1.8289,16724445.4,30552066.03385,1
BYBIT,XRPUSDT,60,1769382000000,1.8289,1.838,1.8225,1.8345,7797220.2,14282936.86444,1
BYBIT,XRPUSDT,60,1769385600000,1.8345,1.8533,1.8318,1.8516,10237199.9,18877058.99461,1
BYBIT,XRPUSDT,60,1769389200000,1.8516,1.8881,1.8516,1.8831,17021801.4,31927354.72654,1
BYBIT,XRPUSDT,60,1769392800000,1.8831,1.8847,1.871,1.8753,7360519.2,13824080.13978,1
BYBIT,XRPUSDT,60,1769396400000,1.8753,1.8821,1.864,1.8687,7612046.4,14257525.4306,1
BYBIT,XRPUSDT,60,1769400000000,1.8687,1.8941,1.8686,1.8779,9517800.3,17907972.82757,1
BYBIT,XRPUSDT,60,1769403600000,1.8779,1.8818,1.8745,1.8797,3432555.8,6446865.96355,1
BYBIT,XRPUSDT,60,1769407200000,1.8797,1.885,1.8737,1.8793,6424740.4,12071053.67719,1
BYBIT,XRPUSDT,60,1769410800000,1.8793,1.8853,1.8749,1.8809,9240717.6,17373740.15704,1
BYBIT,XRPUSDT,60,1769414400000,1.8809,1.8963,1.8791,1.8883,11266857.9,21279475.50247,1
BYBIT,XRPUSDT,60,1769418000000,1.8883,1.8895,1.8752,1.8787,6898681.7,12978244.47655,1
BYBIT,XRPUSDT,60,1769421600000,1.8787,1.89,1.8784,1.886,3751653.8,7074392.43825,1
BYBIT,XRPUSDT,60,1769425200000,1.886,1.894,1.886,1.8906,3909698.1,7389474.39951,1
BYBIT,XRPUSDT,60,1769428800000,1.8906,1.9015,1.8906,1.8981,7577963.6,14374745.84934,1
BYBIT,XRPUSDT,60,1769432400000,1.8981,1.9157,1.897,1.9051,11508039.0,21936653.07489,1
BYBIT,XRPUSDT,60,1769436000000,1.9051,1.9278,1.8995,1.9191,27673671.3,52959794.68569,1
BYBIT,XRPUSDT,60,1769439600000,1.9191,1.9455,1.9126,1.9246,32896528.0,63340851.96362,1
BYBIT,XRPUSDT,60,1769443200000,1.9246,1.9378,1.9172,1.9181,14575796.2,28066166.75089,1
BYBIT,XRPUSDT,60,1769446800000,1.9181,1.9211,1.8983,1.9107,14515160.0,27694066.22467,1
BYBIT,XRPUSDT,60,1769450400000,1.9107,1.9263,1.9063,1.9171,11726927.4,22465663.30842,1
BYBIT,XRPUSDT,60,1769454000000,1.9171,1.9224,1.9026,1.9066,5364631.5,10261533.89618,1
BYBIT,XRPUSDT,60,1769457600000,1.9066,1.9086,1.8893,1.8912,9161804.0,17386546.20575,1
BYBIT,XRPUSDT,60,1769461200000,1.8912,1.9069,1.8874,1.8983,8632170.3,16380039.44991,1
BYBIT,XRPUSDT,60,1769464800000,1.8983,1.9026,1.8933,1.8985,5268020.3,10001545.66498,1
BYBIT,XRPUSDT,60,1769468400000,1.8985,1.9114,1.8941,1.903,5230472.9,9960112.74632,1
BYBIT,XRPUSDT,60,1769472000000,1.903,1.904,1.8971,1.9026,3694622.8,7022844.01719,1
BYBIT,XRPUSDT,60,1769475600000,1.9026,1.91,1.8965,1.9054,4754830.4,9054316.32026,1
BYBIT,XRPUSDT,60,1769479200000,1.9054,1.9148,1.9038,1.9139,3934088.9,7511975.44221,1
BYBIT,XRPUSDT,60,1769482800000,1.9139,1.9159,1.9067,1.9087,3195617.5,6106045.6077,1
BYBIT,XRPUSDT,60,1769486400000,1.9087,1.917,1.9062,1.9076,4508430.1,8616529.6591,1
BYBIT,XRPUSDT,60,1769490000000,1.9076,1.9079,1.8995,1.9013,3394183.1,6458912.92032,1
BYBIT,XRPUSDT,60,1769493600000,1.9013,1.9021,1.8936,1.8971,4045241.9,7676606.1416,1
BYBIT,XRPUSDT,60,1769497200000,1.8971,1.9,1.8958,1.8985,2895141.3,5494360.96055,1
BYBIT,XRPUSDT,60,1769500800000,1.8985,1.9018,1.8916,1.8941,4041887.4,7666742.7535,1
BYBIT,XRPUSDT,60,1769504400000,1.8941,1.8941,1.8814,1.8822,5680890.1,10714723.29858,1
BYBIT,XRPUSDT,60,1769508000000,1.8822,1.8885,1.8818,1.8839,3033679.9,5719469.64549,1
BYBIT,XRPUSDT,60,1769511600000,1.8839,1.8916,1.8805,1.8879,3771000.1,7114123.314,1
BYBIT,XRPUSDT,60,1769515200000,1.8879,1.8919,1.8831,1.8839,2575855.6,4861548.94974,1
BYBIT,XRPUSDT,60,1769518800000,1.8839,1.8855,1.8726,1.8756,5814877.7,10925385.31898,1
BYBIT,XRPUSDT,60,1769522400000,1.8756,1.8958,1.8752,1.8826,10923968.5,20608131.17667,1
BYBIT,XRPUSDT,60,1769526000000,1.8826,1.8949,1.8786,1.8924,7059360.2,13313635.47098,1
BYBIT,XRPUSDT,60,1769529600000,1.8924,1.9155,1.8917,1.913,15344958.5,29251524.97155,1
BYBIT,XRPUSDT,60,1769533200000,1.913,1.9138,1.8751,1.8797,15907245.4,30043496.43832,1
BYBIT,XRPUSDT,60,1769536800000,1.8797,1.9119,1.8771,1.9057,7114683.6,13457158.20048,1
BYBIT,XRPUSDT,60,1769540400000,1.9057,1.9102,1.8974,1.9062,5261170.9,10022197.93044,1
BYBIT,XRPUSDT,60,1769544000000,1.9062,1.9288,1.9048,1.9219,14319909.6,27488767.47289,1
BYBIT,XRPUSDT,60,1769547600000,1.9219,1.9288,1.9103,1.9114,8429213.4,16192755.36153,1
BYBIT,XRPUSDT,60,1769551200000,1.9114,1.9248,1.9106,1.9177,4486365.6,8601375.98824,1
BYBIT,XRPUSDT,60,1769554800000,1.9177,1.9209,1.9139,1.9147,3436192.2,6588305.10249,1
BYBIT,XRPUSDT,60,1769558400000,1.9147,1.9183,1.9076,1.9107,6625066.5,12677950.06465,1
BYBIT,XRPUSDT,60,1769562000000,1.9107,1.9116,1.8965,1.9016,4747698.9,9032271.21272,1
BYBIT,XRPUSDT,60,1769565600000,1.9016,1.904,1.8931,1.9014,3337797.7,6335747.68928,1
BYBIT,XRPUSDT,60,1769569200000,1.9014,1.9031,1.8966,1.9006,2055097.1,3903654.77248,1
BYBIT,XRPUSDT,60,1769572800000,1.9006,1.903,1.8956,1.9005,2467668.9,4687413.65345,1
BYBIT,XRPUSDT,60,1769576400000,1.9005,1.9119,1.8977,1.9115,7288792.0,13879770.40259,1
BYBIT,XRPUSDT,60,1769580000000,1.9115,1.924,1.9115,1.9204,8620579.2,16537138.79809,1
BYBIT,XRPUSDT,60,1769583600000,1.9204,1.9228,1.9128,1.9151,4061456.4,7787941.74185,1
BYBIT,XRPUSDT,60,1769587200000,1.9151,1.918,1.9072,1.9087,3448816.7,6595676.51066,1
BYBIT,XRPUSDT,60,1769590800000,1.9087,1.932,1.9051,1.9313,5874078.5,11274128.29191,1
BYBIT,XRPUSDT,60,1769594400000,1.9313,1.9356,1.9254,1.9266,6458722.0,12463961.14314,1
BYBIT,XRPUSDT,60,1769598000000,1.9266,1.9416,1.9221,1.9408,7436879.7,14364850.87982,1
BYBIT,XRPUSDT,60,1769601600000,1.9408,1.9413,1.9232,1.9256,9741335.2,18816205.97037,1
BYBIT,XRPUSDT,60,1769605200000,1.9256,1.9368,1.9246,1.9325,5295195.5,10225263.11969,1
BYBIT,XRPUSDT,60,1769608800000,1.9325,1.9325,1.914,1.9183,9024806.8,17340248.18437,1
BYBIT,XRPUSDT,60,1769612400000,1.9183,1.9231,1.8998,1.9064,11880410.0,22679722.63264,1
BYBIT,XRPUSDT,60,1769616000000,1.9064,1.915,1.8997,1.9068,7227511.9,13778667.75386,1
BYBIT,XRPUSDT,60,1769619600000,1.9068,1.9273,1.8993,1.9205,9319312.3,17837072.982,1
BYBIT,XRPUSDT,60,1769623200000,1.9205,1.9208,1.9107,1.915,6948112.7,13306643.6699,1
BYBIT,XRPUSDT,60,1769626800000,1.915,1.9238,1.9054,1.9185,10006599.5,19159301.98212,1
BYBIT,XRPUSDT,60,1769630400000,1.9185,1.9314,1.9141,1.9171,7413163.2,14243634.40916,1
BYBIT,XRPUSDT,60,1769634000000,1.9171,1.9212,1.9063,1.914,8135249.1,15569111.05093,1
BYBIT,XRPUSDT,60,1769637600000,1.914,1.9187,1.9082,1.9176,3401134.7,6503406.38429,1
BYBIT,XRPUSDT,60,1769641200000,1.9176,1.9187,1.9069,1.9103,3850650.6,7361816.93736,1
BYBIT,XRPUSDT,60,1769644800000,1.9103,1.9126,1.8988,1.9056,4514015.3,8594955.34079,1
BYBIT,XRPUSDT,60,1769648400000,1.9056,1.907,1.8891,1.8911,7012910.0,13288787.34288,1
BYBIT,XRPUSDT,60,1769652000000,1.8911,1.8954,1.8686,1.8736,14342135.7,26950243.60218,1
BYBIT,XRPUSDT,60,1769655600000,1.8736,1.883,1.8699,1.8747,7532433.3,14130604.21741,1
BYBIT,XRPUSDT,60,1769659200000,1.8747,1.8786,1.8639,1.8775,8219258.4,15375995.95078,1
BYBIT,XRPUSDT,60,1769662800000,1.8775,1.8836,1.8767,1.878,6053880.6,11381057.83889,1
BYBIT,XRPUSDT,60,1769666400000,1.878,1.8885,1.8772,1.8847,3566995.6,6717504.30256,1
BYBIT,XRPUSDT,60,1769670000000,1.8847,1.8882,1.8831,1.8847,3920981.7,7394208.00361,1
BYBIT,XRPUSDT,60,1769673600000,1.8847,1.889,1.8754,1.8788,6185454.6,11631600.41898,1
BYBIT,XRPUSDT,60,1769677200000,1.8788,1.8796,1.8719,1.8728,4985986.7,9347344.74443,1
BYBIT,XRPUSDT,60,1769680800000,1.8728,1.8759,1.8698,1.8734,2424335.6,4540859.74117,1
BYBIT,XRPUSDT,60,1769684400000,1.8734,1.8741,1.8665,1.8703,5115117.3,9563788.14704,1
BYBIT,XRPUSDT,60,1769688000000,1.8703,1.8736,1.8646,1.8723,4262327.7,7969781.40285,1
BYBIT,XRPUSDT,60,1769691600000,1.8723,1.876,1.8717,1.8746,2663477.6,4990986.6586,1
BYBIT,XRPUSDT,60,1769695200000,1.8746,1.877,1.8234,1.8251,41727786.5,77063540.52107,1
BYBIT,XRPUSDT,60,1769698800000,1.8251,1.829,1.7846,1.7998,64236298.3,116107825.0986,1
BYBIT,XRPUSDT,60,1769702400000,1.7998,1.8174,1.7909,1.8144,20807716.0,37532505.50711,1
BYBIT,XRPUSDT,60,1769706000000,1.8144,1.8419,1.8114,1.812,22458884.3,40993473.79896,1
BYBIT,XRPUSDT,60,1769709600000,1.812,1.8179,1.7831,1.7838,29375745.6,52827125.44845,1
BYBIT,XRPUSDT,60,1769713200000,1.7838,1.797,1.7765,1.7882,22519644.3,40260862.82628,1
BYBIT,XRPUSDT,60,1769716800000,1.7882,1.8079,1.7843,1.8013,10479928.6,18820433.53759,1
BYBIT,XRPUSDT,60,1769720400000,1.8013,1.8067,1.7953,1.8045,8435326.6,15189526.51802,1
BYBIT,XRPUSDT,60,1769724000000,1.8045,1.8124,1.802,1.809,5088719.4,9198435.31158,1
BYBIT,XRPUSDT,60,1769727600000,1.809,1.81,1.797,1.8064,6212425.8,11200500.30108,1
BYBIT,XRPUSDT,60,1769731200000,1.8064,1.8114,1.7965,1.7973,5591653.3,10087091.46512,1
BYBIT,XRPUSDT,60,1769734800000,1.7973,1.8038,1.7063,1.755,97927374.7,171114745.08789,1
BYBIT,XRPUSDT,60,1769738400000,1.755,1.7607,1.7247,1.7468,26683559.2,46513176.74842,1
BYBIT,XRPUSDT,60,1769742000000,1.7468,1.7602,1.7395,1.7467,9842582.6,17234754.89829,1
BYBIT,XRPUSDT,60,1769745600000,1.7467,1.7713,1.7463,1.7621,10529254.8,18542210.12706,1
BYBIT,XRPUSDT,60,1769749200000,1.7621,1.7688,1.756,1.7625,6544238.4,11537851.80773,1
BYBIT,XRPUSDT,60,1769752800000,1.7625,1.7632,1.7288,1.7385,19087857.9,33292769.08731,1
BYBIT,XRPUSDT,60,1769756400000,1.7385,1.7611,1.7371,1.7575,15189656.5,26609990.00375,1
BYBIT,XRPUSDT,60,1769760000000,1.7575,1.7625,1.7421,1.7485,8654993.6,15166927.74689,1
BYBIT,XRPUSDT,60,1769763600000,1.7485,1.7534,1.7321,1.7391,15567367.4,27104169.54677,1
BYBIT,XRPUSDT,60,1769767200000,1.7391,1.7509,1.7364,1.7493,5684446.2,9914379.95289,1
BYBIT,XRPUSDT,60,1769770800000,1.7493,1.7736,1.7468,1.7685,8184491.5,14398954.10733,1
BYBIT,XRPUSDT,60,1769774400000,1.7685,1.7742,1.7572,1.7605,11312647.7,19971105.90311,1
BYBIT,XRPUSDT,60,1769778000000,1.7605,1.7634,1.7431,1.7514,14370471.3,25190306.01874,1
BYBIT,XRPUSDT,60,1769781600000,1.7514,1.7772,1.7513,1.7606,21446474.0,37841137.32905,1
BYBIT,XRPUSDT,60,1769785200000,1.7606,1.7809,1.7391,1.7578,36487956.8,64334339.53405,1
BYBIT,XRPUSDT,60,1769788800000,1.7578,1.7745,1.7466,1.7617,16920453.3,29806786.37528,1
BYBIT,XRPUSDT,60,1769792400000,1.7617,1.773,1.7484,1.7522,15113975.2,26578444.81459,1
BYBIT,XRPUSDT,60,1769796000000,1.7522,1.7798,1.7095,1.7721,43817776.2,76294916.86766,1
BYBIT,XRPUSDT,60,1769799600000,1.7721,1.7836,1.7662,1.7706,23233452.6,41258857.04616,1
BYBIT,XRPUSDT,60,1769803200000,1.7706,1.7709,1.7321,1.7379,30638798.7,53537347.59797,1
BYBIT,XRPUSDT,60,1769806800000,1.7379,1.7501,1.7231,1.7275,17736490.4,30811869.84826,1
BYBIT,XRPUSDT,60,1769810400000,1.7275,1.736,1.7165,1.728,10733572.7,18504571.39387,1
BYBIT,XRPUSDT,60,1769814000000,1.728,1.7359,1.7215,1.7338,6693863.1,11574310.85592,1
BYBIT,XRPUSDT,60,1769817600000,1.7338,1.7401,1.732,1.7355,5744156.0,9967928.94101,1
BYBIT,XRPUSDT,60,1769821200000,1.7355,1.7466,1.734,1.7455,5906769.4,10284963.45909,1
BYBIT,XRPUSDT,60,1769824800000,1.7455,1.7537,1.7329,1.7482,7906759.3,13783415.03269,1
BYBIT,XRPUSDT,60,1769828400000,1.7482,1.7513,1.7412,1.7436,4249177.6,7422047.33619,1
BYBIT,XRPUSDT,60,1769832000000,1.7436,1.7477,1.7349,1.7371,7044974.0,12263331.2056,1
BYBIT,XRPUSDT,60,1769835600000,1.7371,1.7384,1.7294,1.737,5680153.7,9847356.23473,1
BYBIT,XRPUSDT,60,1769839200000,1.737,1.7387,1.7208,1.7282,7277875.2,12570969.1792,1
BYBIT,XRPUSDT,60,1769842800000,1.7282,1.7323,1.7108,1.7181,13758033.9,23669638.65674,1
BYBIT,XRPUSDT,60,1769846400000,1.7181,1.7211,1.6787,1.6934,44910541.7,76136079.33583,1
BYBIT,XRPUSDT,60,1769850000000,1.6934,1.7061,1.6896,1.6994,9714397.9,16501733.8019,1
BYBIT,XRPUSDT,60,1769853600000,1.6994,1.7108,1.6936,1.7057,9287702.0,15814669.16712,1
BYBIT,XRPUSDT,60,1769857200000,1.7057,1.7058,1.6976,1.7011,6848596.8,11652946.36443,1
BYBIT,XRPUSDT,60,1769860800000,1.7011,1.7012,1.6854,1.6895,13566393.7,22954878.55856,1
BYBIT,XRPUSDT,60,1769864400000,1.6895,1.6902,1.6714,1.6757,15676981.4,26336017.15519,1
BYBIT,XRPUSDT,60,1769868000000,1.6757,1.6803,1.6115,1.64,91347848.7,149681714.90452,1
BYBIT,XRPUSDT,60,1769871600000,1.64,1.6595,1.6316,1.6342,34951783.6,57498100.44837,1
BYBIT,XRPUSDT,60,1769875200000,1.6342,1.6492,1.6024,1.6095,58614548.2,95203952.73905,1
BYBIT,XRPUSDT,60,1769878800000,1.6095,1.6153,1.5139,1.5672,148842046.8,233130882.41145,1
BYBIT,XRPUSDT,60,1769882400000,1.5672,1.6048,1.5001,1.5841,143550629.2,224025909.20991,1
BYBIT,XRPUSDT,60,1769886000000,1.5841,1.6095,1.5734,1.5817,38262430.7,60871945.1296,1
BYBIT,XRPUSDT,60,1769889600000,1.5817,1.6005,1.5704,1.5928,20861452.9,33027491.03778,1
BYBIT,XRPUSDT,60,1769893200000,1.5928,1.6259,1.5864,1.6195,30593456.9,49157605.94838,1
BYBIT,XRPUSDT,60,1769896800000,1.6195,1.6209,1.6002,1.6132,11058909.8,17804511.38201,1
BYBIT,XRPUSDT,60,1769900400000,1.6132,1.6553,1.6122,1.646,25579618.0,41970336.49977,1
BYBIT,XRPUSDT,60,1769904000000,1.646,1.6749,1.6426,1.6633,19844594.9,32946036.09318,1
BYBIT,XRPUSDT,60,1769907600000,1.6633,1.6656,1.644,1.6597,15819589.7,26145162.89193,1
BYBIT,XRPUSDT,60,1769911200000,1.6597,1.6793,1.6568,1.6695,11117592.8,18554175.78752,1
BYBIT,XRPUSDT,60,1769914800000,1.6695,1.6725,1.6574,1.6655,8464352.2,14086944.90433,1
BYBIT,XRPUSDT,60,1769918400000,1.6655,1.6728,1.6601,1.6647,7381433.1,12300773.1984,1
BYBIT,XRPUSDT,60,1769922000000,1.6647,1.6698,1.6531,1.6579,15541803.3,25813522.11227,1
BYBIT,XRPUSDT,60,1769925600000,1.6579,1.6725,1.6515,1.6559,16503489.5,27410333.91599,1
BYBIT,XRPUSDT,60,1769929200000,1.6559,1.6706,1.6465,1.6583,13810333.6,22878644.39129,1
BYBIT,XRPUSDT,60,1769932800000,1.6583,1.6776,1.657,1.6625,15551354.9,25895786.88673,1
BYBIT,XRPUSDT,60,1769936400000,1.6625,1.6686,1.6521,1.6661,13224159.6,21953430.44853,1
BYBIT,XRPUSDT,60,1769940000000,1.6661,1.6677,1.6314,1.6322,18260663.6,30090197.83672,1
BYBIT,XRPUSDT,60,1769943600000,1.6322,1.6535,1.6313,1.6491,14225152.1,23349445.63928,1
BYBIT,XRPUSDT,60,1769947200000,1.6491,1.6497,1.6319,1.6395,16200129.7,26594183.37826,1
BYBIT,XRPUSDT,60,1769950800000,1.6395,1.652,1.6253,1.6288,17950763.4,29429047.21641,1
BYBIT,XRPUSDT,60,1769954400000,1.6288,1.6331,1.5972,1.6157,36123579.9,58312003.29327,1
BYBIT,XRPUSDT,60,1769958000000,1.6157,1.6175,1.5755,1.5943,35614172.6,56654073.93109,1
BYBIT,XRPUSDT,60,1769961600000,1.5943,1.6095,1.5811,1.5923,21307746.4,33975044.96166,1
BYBIT,XRPUSDT,60,1769965200000,1.5923,1.6021,1.5859,1.6011,13495605.3,21502591.74891,1
BYBIT,XRPUSDT,60,1769968800000,1.6011,1.6258,1.6006,1.6146,22319160.2,36050267.67904,1
BYBIT,XRPUSDT,60,1769972400000,1.6146,1.6179,1.5902,1.599,12750195.7,20416926.05833,1
BYBIT,XRPUSDT,60,1769976000000,1.599,1.614,1.5791,1.5982,17815242.1,28413188.05385,1
BYBIT,XRPUSDT,60,1769979600000,1.5982,1.5994,1.5812,1.5896,18133611.7,28810921.56031,1
BYBIT,XRPUSDT,60,1769983200000,1.5896,1.6157,1.5856,1.5996,18522694.2,29632457.51007,1
BYBIT,XRPUSDT,60,1769986800000,1.5996,1.6129,1.5516,1.59,58090824.3,91851297.66147,1
BYBIT,XRPUSDT,60,1769990400000,1.59,1.618,1.5775,1.604,19184266.1,30765141.69892,1
BYBIT,XRPUSDT,60,1769994000000,1.604,1.6154,1.5802,1.6012,17773237.4,28426390.37092,1
BYBIT,XRPUSDT,60,1769997600000,1.6012,1.6094,1.5856,1.5897,10362714.9,16538862.80754,1
BYBIT,XRPUSDT,60,1770001200000,1.5897,1.5912,1.5297,1.5802,60113738.4,93247106.87388,1
BYBIT,XRPUSDT,60,1770004800000,1.5802,1.5995,1.5568,1.5758,19794278.4,31253199.91211,1
BYBIT,XRPUSDT,60,1770008400000,1.5758,1.5768,1.5328,1.5486,32743612.0,50729661.66387,1
BYBIT,XRPUSDT,60,1770012000000,1.5486,1.5951,1.53,1.5797,63019236.5,98683114.78783,1
BYBIT,XRPUSDT,60,1770015600000,1.5797,1.5959,1.5741,1.5787,18852394.2,29866880.58872,1
BYBIT,XRPUSDT,60,1770019200000,1.5787,1.6,1.5786,1.5892,9663499.2,15376511.89882,1
BYBIT,XRPUSDT,60,1770022800000,1.5892,1.6136,1.5866,1.6081,15199193.0,24338770.12719,1
BYBIT,XRPUSDT,60,1770026400000,1.6081,1.6144,1.6035,1.6108,8532274.5,13723302.50652,1
BYBIT,XRPUSDT,60,1770030000000,1.6108,1.6263,1.6108,1.6204,13918032.1,22528566.1236,1
BYBIT,XRPUSDT,60,1770033600000,1.6204,1.6543,1.6197,1.6447,20293715.1,33268435.46002,1
BYBIT,XRPUSDT,60,1770037200000,1.6447,1.6521,1.6349,1.6378,10152488.9,16662211.89733,1
BYBIT,XRPUSDT,60,1770040800000,1.6378,1.6479,1.6211,1.629,30950876.1,50563299.68111,1
BYBIT,XRPUSDT,60,1770044400000,1.629,1.6538,1.625,1.6415,16009465.8,26288662.28023,1
BYBIT,XRPUSDT,60,1770048000000,1.6415,1.6567,1.6361,1.6431,10719168.3,17653082.68037,1
BYBIT,XRPUSDT,60,1770051600000,1.6431,1.6515,1.6362,1.6408,5483978.8,9017009.20326,1
BYBIT,XRPUSDT,60,1770055200000,1.6408,1.6494,1.633,1.6408,6946613.7,11401519.94813,1
BYBIT,XRPUSDT,60,1770058800000,1.6408,1.6416,1.624,1.625,5614786.1,9163531.36075,1
BYBIT,XRPUSDT,60,1770062400000,1.625,1.6319,1.6113,1.6132,10154517.8,16455406.48271,1
BYBIT,XRPUSDT,60,1770066000000,1.6132,1.6257,1.6125,1.6222,5853401.2,9481885.20769,1
BYBIT,XRPUSDT,60,1770069600000,1.6222,1.6325,1.6207,1.6251,6506174.0,10570924.97208,1
BYBIT,XRPUSDT,60,1770073200000,1.6251,1.626,1.6164,1.6186,3817698.1,6186184.51537,1
BYBIT,XRPUSDT,60,1770076800000,1.6186,1.621,1.6059,1.6173,8962598.9,14459078.83293,1
BYBIT,XRPUSDT,60,1770080400000,1.6173,1.6176,1.6061,1.6163,6834963.6,11020988.56255,1
BYBIT,XRPUSDT,60,1770084000000,1.6163,1.6171,1.5894,1.5914,10120340.0,16197570.25594,1
BYBIT,XRPUSDT,60,1770087600000,1.5914,1.6145,1.587,1.6126,11492382.9,18377042.20101,1
BYBIT,XRPUSDT,60,1770091200000,1.6126,1.624,1.6085,1.6213,7452098.6,12040176.0308,1
BYBIT,XRPUSDT,60,1770094800000,1.6213,1.6223,1.606,1.6069,6496401.2,10470132.04753,1
BYBIT,XRPUSDT,60,1770098400000,1.6069,1.6123,1.5978,1.6115,8629635.5,13858164.54797,1
BYBIT,XRPUSDT,60,1770102000000,1.6115,1.6232,1.6068,1.6164,11042381.6,17832378.29526,1
BYBIT,XRPUSDT,60,1770105600000,1.6164,1.6247,1.6113,1.6154,6378148.3,10322405.88393,1
BYBIT,XRPUSDT,60,1770109200000,1.6154,1.6214,1.5942,1.6026,18033710.7,28936782.53882,1
BYBIT,XRPUSDT,60,1770112800000,1.6026,1.6073,1.5961,1.5989,4707586.5,7536055.09436,1
BYBIT,XRPUSDT,60,1770116400000,1.5989,1.6066,1.5968,1.6022,7867536.9,12606479.40819,1
BYBIT,XRPUSDT,60,1770120000000,1.6022,1.6103,1.5975,1.6075,6714108.6,10773967.76801,1
BYBIT,XRPUSDT,60,1770123600000,1.6075,1.6156,1.6031,1.6118,5538776.4,8910122.75668,1
BYBIT,XRPUSDT,60,1770127200000,1.6118,1.616,1.5817,1.5823,21244818.3,33921709.08255,1
BYBIT,XRPUSDT,60,1770130800000,1.5823,1.621,1.5777,1.6175,45819012.5,73253389.75379,1
BYBIT,XRPUSDT,60,1770134400000,1.6175,1.6177,1.5811,1.5852,24187422.6,38547992.28883,1
BYBIT,XRPUSDT,60,1770138000000,1.5852,1.5889,1.5565,1.5574,25833329.6,40570421.73617,1
BYBIT,XRPUSDT,60,1770141600000,1.5574,1.5639,1.5284,1.5305,50428017.3,77843991.38892,1
BYBIT,XRPUSDT,60,1770145200000,1.5305,1.59,1.5264,1.5803,46987671.0,73591004.58949,1
BYBIT,XRPUSDT,60,1770148800000,1.5803,1.6341,1.5656,1.6175,50008310.8,80346979.32305,1
BYBIT,XRPUSDT,60,1770152400000,1.6175,1.6285,1.6005,1.6018,20916569.2,33839628.87701,1
BYBIT,XRPUSDT,60,1770156000000,1.6018,1.6039,1.5822,1.5873,15453907.6,24625741.94158,1
BYBIT,XRPUSDT,60,1770159600000,1.5873,1.5883,1.5681,1.5782,11311190.2,17842768.59793,1
BYBIT,XRPUSDT,60,1770163200000,1.5782,1.5851,1.5651,1.5751,8510030.1,13408629.44517,1
BYBIT,XRPUSDT,60,1770166800000,1.5751,1.6004,1.5751,1.5913,9051082.6,14415794.23638,1
BYBIT,XRPUSDT,60,1770170400000,1.5913,1.5942,1.5751,1.5846,7000125.3,11095668.70857,1
BYBIT,XRPUSDT,60,1770174000000,1.5846,1.6044,1.5819,1.5985,11285484.1,18020175.4923,1
BYBIT,XRPUSDT,60,1770177600000,1.5985,1.6027,1.5924,1.5941,4008831.8,6402905.83092,1
BYBIT,XRPUSDT,60,1770181200000,1.5941,1.5954,1.5818,1.5855,4201294.3,6678014.70496,1
BYBIT,XRPUSDT,60,1770184800000,1.5855,1.6044,1.5845,1.6004,10231914.2,16312089.89272,1
BYBIT,XRPUSDT,60,1770188400000,1.6004,1.6078,1.5969,1.6045,12604397.6,20193138.89877,1
BYBIT,XRPUSDT,60,1770192000000,1.6045,1.6114,1.599,1.6091,7531549.2,12086900.48007,1
BYBIT,XRPUSDT,60,1770195600000,1.6091,1.6091,1.5963,1.598,9175146.9,14699014.57257,1
BYBIT,XRPUSDT,60,1770199200000,1.598,1.603,1.5945,1.595,3930361.8,6284399.15096,1
BYBIT,XRPUSDT,60,1770202800000,1.595,1.5992,1.578,1.5915,17575960.1,27884893.08212,1
BYBIT,XRPUSDT,60,1770206400000,1.5915,1.5976,1.5875,1.5904,5098149.1,8111410.72897,1
BYBIT,XRPUSDT,60,1770210000000,1.5904,1.5914,1.5639,1.5641,14706992.0,23197067.30007,1
BYBIT,XRPUSDT,60,1770213600000,1.5641,1.5745,1.5416,1.5441,29413403.5,45915306.29776,1
BYBIT,XRPUSDT,60,1770217200000,1.5441,1.5635,1.5281,1.5427,38483325.0,59491861.30845,1
BYBIT,XRPUSDT,60,1770220800000,1.5427,1.5488,1.5178,1.5303,35747278.8,54742175.83913,1
BYBIT,XRPUSDT,60,1770224400000,1.5303,1.5382,1.5036,1.5211,31712275.4,48157787.30824,1
BYBIT,XRPUSDT,60,1770228000000,1.5211,1.5536,1.503,1.5342,44299658.8,67696962.18092,1
BYBIT,XRPUSDT,60,1770231600000,1.5342,1.5563,1.5242,1.5537,17516457.5,26993974.34643,1
BYBIT,XRPUSDT,60,1770235200000,1.5537,1.5554,1.5343,1.5357,8824864.9,13612844.25472,1
BYBIT,XRPUSDT,60,1770238800000,1.5357,1.5387,1.5054,1.5169,16064321.6,24416614.3663,1
BYBIT,XRPUSDT,60,1770242400000,1.5169,1.5441,1.4932,1.51,27693266.7,42009706.71544,1
BYBIT,XRPUSDT,60,1770246000000,1.51,1.5258,1.5046,1.5112,20104087.5,30477312.3341,1
BYBIT,XRPUSDT,60,1770249600000,1.5112,1.5143,1.4882,1.4899,17692256.0,26543921.91122,1
BYBIT,XRPUSDT,60,1770253200000,1.4899,1.5017,1.4598,1.4743,36810156.7,54451264.87143,1
BYBIT,XRPUSDT,60,1770256800000,1.4743,1.4846,1.45,1.4523,34789002.8,50985584.86209,1
BYBIT,XRPUSDT,60,1770260400000,1.4523,1.466,1.4386,1.4427,28664203.3,41573355.02218,1
BYBIT,XRPUSDT,60,1770264000000,1.4427,1.4575,1.4357,1.4451,23705106.3,34278144.11683,1
BYBIT,XRPUSDT,60,1770267600000,1.4451,1.4578,1.4292,1.441,26165180.9,37740361.98492,1
BYBIT,XRPUSDT,60,1770271200000,1.441,1.4434,1.4171,1.4258,27020182.1,38544570.70527,1
BYBIT,XRPUSDT,60,1770274800000,1.4258,1.449,1.4243,1.4316,23798832.4,34252298.9916,1
BYBIT,XRPUSDT,60,1770278400000,1.4316,1.4427,1.4252,1.427,13265104.9,19007725.48767,1
BYBIT,XRPUSDT,60,1770282000000,1.427,1.444,1.4114,1.4133,24170587.5,34492193.0083,1
BYBIT,XRPUSDT,60,1770285600000,1.4133,1.4146,1.356,1.3667,61971774.0,85783480.91712,1
BYBIT,XRPUSDT,60,1770289200000,1.3667,1.3822,1.3419,1.3648,63394491.3,86247659.5765,1
BYBIT,XRPUSDT,60,1770292800000,1.3648,1.3771,1.3532,1.3648,42755565.8,58384683.88681,1
BYBIT,XRPUSDT,60,1770296400000,1.3648,1.3695,1.3409,1.3519,34743572.6,47017552.54162,1
BYBIT,XRPUSDT,60,1770300000000,1.3519,1.3864,1.3518,1.3561,51440663.1,70383527.87794,1
BYBIT,XRPUSDT,60,1770303600000,1.3561,1.3636,1.2671,1.2958,190191014.6,247883141.40961,1
BYBIT,XRPUSDT,60,1770307200000,1.2958,1.3114,1.2707,1.2797,80391679.5,103760434.45218,1
BYBIT,XRPUSDT,60,1770310800000,1.2797,1.2835,1.215,1.2499,117464124.3,147307871.03919,1
BYBIT,XRPUSDT,60,1770314400000,1.2499,1.2664,1.2155,1.2606,74552392.4,92165879.56936,1
BYBIT,XRPUSDT,60,1770318000000,1.2606,1.2627,1.2059,1.2127,52526702.2,64791166.30586,1
BYBIT,XRPUSDT,60,1770321600000,1.2127,1.2232,1.1367,1.1899,190824569.8,224256488.2985,1
BYBIT,XRPUSDT,60,1770325200000,1.1899,1.2076,1.1501,1.1617,103755701.1,122154424.24572,1
BYBIT,XRPUSDT,60,1770328800000,1.1617,1.2363,1.1471,1.2244,77764923.5,92235894.5495,1
BYBIT,XRPUSDT,60,1770332400000,1.2244,1.2649,1.2079,1.2138,81297814.0,100688723.96792,1
BYBIT,XRPUSDT,60,1770336000000,1.2138,1.2345,1.117,1.2162,278027038.3,323103783.32124,1
BYBIT,XRPUSDT,60,1770339600000,1.2162,1.2926,1.2131,1.2792,67457109.4,84721064.12726,1
BYBIT,XRPUSDT,60,1770343200000,1.2792,1.285,1.2419,1.2607,54318866.6,68550849.02565,1
BYBIT,XRPUSDT,60,1770346800000,1.2607,1.276,1.2549,1.2692,24612405.6,31123273.27689,1
BYBIT,XRPUSDT,60,1770350400000,1.2692,1.29,1.2622,1.2801,25787866.7,32916338.30513,1
BYBIT,XRPUSDT,60,1770354000000,1.2801,1.3297,1.2773,1.3286,51003475.3,66618483.9557,1
BYBIT,XRPUSDT,60,1770357600000,1.3286,1.3344,1.3001,1.3023,45992235.8,60547620.3796,1
BYBIT,XRPUSDT,60,1770361200000,1.3023,1.3126,1.2874,1.2915,32875977.5,42654319.36426,1
BYBIT,XRPUSDT,60,1770364800000,1.2915,1.3083,1.2842,1.3018,34350003.3,44455025.1983,1
BYBIT,XRPUSDT,60,1770368400000,1.3018,1.33,1.2921,1.3287,33842175.0,44397514.74027,1
BYBIT,XRPUSDT,60,1770372000000,1.3287,1.3875,1.3269,1.3581,71812743.8,97685642.4233,1
BYBIT,XRPUSDT,60,1770375600000,1.3581,1.3701,1.3503,1.367,31489042.9,42814662.96547,1
BYBIT,XRPUSDT,60,1770379200000,1.367,1.3825,1.3563,1.3805,28000154.2,38379293.82223,1
BYBIT,XRPUSDT,60,1770382800000,1.3805,1.4391,1.375,1.4271,75314535.5,106342344.49748,1
BYBIT,XRPUSDT,60,1770386400000,1.4271,1.4856,1.4019,1.4782,94504092.1,136135960.55692,1
BYBIT,XRPUSDT,60,1770390000000,1.4782,1.542,1.4616,1.5121,122386137.2,183723195.17534,1
BYBIT,XRPUSDT,60,1770393600000,1.5121,1.534,1.4849,1.4886,89675089.9,135554008.91914,1
BYBIT,XRPUSDT,60,1770397200000,1.4886,1.5174,1.4793,1.4938,53878323.0,80710922.16189,1
BYBIT,XRPUSDT,60,1770400800000,1.4938,1.4959,1.4501,1.4566,57341941.2,84041767.4145,1
BYBIT,XRPUSDT,60,1770404400000,1.4566,1.4659,1.4366,1.4556,38318667.6,55540531.26219,1
BYBIT,XRPUSDT,60,1770408000000,1.4556,1.4626,1.4374,1.4474,29819493.4,43265031.79537,1
BYBIT,XRPUSDT,60,1770411600000,1.4474,1.4649,1.439,1.4573,19616286.6,28490612.59273,1
BYBIT,XRPUSDT,60,1770415200000,1.4573,1.4888,1.4536,1.4881,28247876.2,41644457.09326,1
BYBIT,XRPUSDT,60,1770418800000,1.4881,1.4967,1.4634,1.4685,29990235.9,44302408.52575,1
BYBIT,XRPUSDT,60,1770422400000,1.4685,1.4866,1.4441,1.4576,46325634.9,67662703.66514,1
BYBIT,XRPUSDT,60,1770426000000,1.4576,1.4774,1.4324,1.4667,33257866.5,48269793.52124,1
BYBIT,XRPUSDT,60,1770429600000,1.4667,1.4726,1.4544,1.4594,14776976.4,21614828.64285,1
BYBIT,XRPUSDT,60,1770433200000,1.4594,1.4846,1.4573,1.4726,22599170.8,33317033.81033,1
BYBIT,XRPUSDT,60,1770436800000,1.4726,1.4841,1.4504,1.4603,26415171.1,38760643.74558,1
BYBIT,XRPUSDT,60,1770440400000,1.4603,1.4688,1.4513,1.4585,17378052.8,25353556.87929,1
BYBIT,XRPUSDT,60,1770444000000,1.4585,1.4688,1.433,1.4333,29368635.3,42702137.58267,1
BYBIT,XRPUSDT,60,1770447600000,1.4333,1.4459,1.4057,1.4126,78966880.2,112176105.24727,1
BYBIT,XRPUSDT,60,1770451200000,1.4126,1.4284,1.4022,1.4227,31650768.3,44783898.65687,1
BYBIT,XRPUSDT,60,1770454800000,1.4227,1.4262,1.4049,1.4126,24476072.7,34630274.18769,1
BYBIT,XRPUSDT,60,1770458400000,1.4126,1.4174,1.3856,1.3987,40343719.3,56418952.58828,1
BYBIT,XRPUSDT,60,1770462000000,1.3987,1.4025,1.3851,1.3917,22971894.3,31970172.20798,1
BYBIT,XRPUSDT,60,1770465600000,1.3917,1.44,1.39,1.4175,69649640.9,98826448.70944,1
BYBIT,XRPUSDT,60,1770469200000,1.4175,1.4247,1.3951,1.4034,25621295.7,36062814.44005,1
BYBIT,XRPUSDT,60,1770472800000,1.4034,1.4101,1.3905,1.3996,20657399.6,28910645.56088,1
BYBIT,XRPUSDT,60,1770476400000,1.3996,1.4195,1.3969,1.4098,30127680.1,42479907.60755,1
BYBIT,XRPUSDT,60,1770480000000,1.4098,1.4373,1.4041,1.418,254631228.1,361567018.51148,1
BYBIT,XRPUSDT,60,1770483600000,1.418,1.4297,1.4089,1.4235,16813971.4,23869530.32589,1
BYBIT,XRPUSDT,60,1770487200000,1.4235,1.448,1.423,1.44,22089137.4,31740661.2597,1
BYBIT,XRPUSDT,60,1770490800000,1.44,1.44,1.4273,1.4298,10036288.7,14380327.28439,1
BYBIT,XRPUSDT,60,1770494400000,1.4298,1.4405,1.4262,1.4358,9151950.0,13126588.91968,1
BYBIT,XRPUSDT,60,1770498000000,1.4358,1.4379,1.4265,1.4284,7333004.7,10501939.90061,1
BYBIT,XRPUSDT,60,1770501600000,1.4284,1.4326,1.4189,1.4219,8824078.7,12579251.98327,1
BYBIT,XRPUSDT,60,1770505200000,1.4219,1.4273,1.4116,1.4222,9457137.7,13423318.64298,1
BYBIT,XRPUSDT,60,1770508800000,1.4222,1.4283,1.4138,1.4197,9740595.6,13828060.83638,1
BYBIT,XRPUSDT,60,1770512400000,1.4197,1.437,1.4188,1.4315,11272912.4,16122995.87209,1
BYBIT,XRPUSDT,60,1770516000000,1.4315,1.4409,1.4233,1.429,10974025.3,15715632.16263,1
BYBIT,XRPUSDT,60,1770519600000,1.429,1.4321,1.4125,1.416,10974177.3,15597160.99596,1
BYBIT,XRPUSDT,60,1770523200000,1.416,1.4226,1.4086,1.422,9277780.2,13137225.25456,1
BYBIT,XRPUSDT,60,1770526800000,1.422,1.4253,1.4152,1.4175,6596535.5,9373775.88024,1
BYBIT,XRPUSDT,60,1770530400000,1.4175,1.4211,1.4129,1.4153,5974835.4,8462672.08944,1
BYBIT,XRPUSDT,60,1770534000000,1.4153,1.4204,1.4108,1.4199,8926549.4,12639973.5576,1
BYBIT,XRPUSDT,60,1770537600000,1.4199,1.4631,1.4183,1.4525,38506396.7,55499122.95017,1
BYBIT,XRPUSDT,60,1770541200000,1.4525,1.4575,1.4325,1.4371,26171132.2,37827549.32417,1
BYBIT,XRPUSDT,60,1770544800000,1.4371,1.445,1.4241,1.4303,16967123.9,24337467.1002,1
BYBIT,XRPUSDT,60,1770548400000,1.4303,1.4521,1.4295,1.4519,17867660.3,25788398.79691,1
BYBIT,XRPUSDT,60,1770552000000,1.4519,1.4559,1.4421,1.455,11460761.3,16603437.59725,1
BYBIT,XRPUSDT,60,1770555600000,1.455,1.4686,1.4483,1.4608,22942627.3,33452381.59859,1
BYBIT,XRPUSDT,60,1770559200000,1.4608,1.4671,1.4565,1.4606,11690289.5,17089222.85839,1
BYBIT,XRPUSDT,60,1770562800000,1.4606,1.4627,1.429,1.439,26060362.6,37583296.00798,1
BYBIT,XRPUSDT,60,1770566400000,1.439,1.4448,1.4087,1.4173,24518904.9,34931908.12929,1
BYBIT,XRPUSDT,60,1770570000000,1.4173,1.4345,1.4167,1.43,12116639.5,17295235.41983,1
BYBIT,XRPUSDT,60,1770573600000,1.43,1.4517,1.4281,1.4381,13176787.7,18957028.4662,1
BYBIT,XRPUSDT,60,1770577200000,1.4381,1.4506,1.4374,1.4492,7752176.5,11200751.16367,1
BYBIT,XRPUSDT,60,1770580800000,1.4492,1.4493,1.4329,1.436,6465881.9,9308047.51319,1
BYBIT,XRPUSDT,60,1770584400000,1.436,1.4399,1.423,1.4263,7892577.8,11284195.51249,1
BYBIT,XRPUSDT,60,1770588000000,1.4263,1.4361,1.4236,1.4342,6687076.6,9560401.93713,1
BYBIT,XRPUSDT,60,1770591600000,1.4342,1.4618,1.4217,1.4298,34954090.8,50289326.43545,1
BYBIT,XRPUSDT,60,1770595200000,1.4298,1.4406,1.4236,1.432,10614059.0,15191623.9055,1
BYBIT,XRPUSDT,60,1770598800000,1.432,1.4443,1.4183,1.4231,18325511.5,26168697.43243,1
BYBIT,XRPUSDT,60,1770602400000,1.4231,1.4538,1.4196,1.4415,14076812.8,20234683.65181,1
BYBIT,XRPUSDT,60,1770606000000,1.4415,1.4535,1.4395,1.4512,8891125.4,12873498.76234,1
BYBIT,XRPUSDT,60,1770609600000,1.4512,1.452,1.443,1.4472,6366969.5,9213241.79534,1
BYBIT,XRPUSDT,60,1770613200000,1.4472,1.4551,1.4404,1.4504,7820311.3,11318239.08512,1
BYBIT,XRPUSDT,60,1770616800000,1.4504,1.4504,1.4268,1.4348,14226749.7,20409258.50644,1
BYBIT,XRPUSDT,60,1770620400000,1.4348,1.4387,1.4202,1.4245,9523028.7,13607197.24815,1
BYBIT,XRPUSDT,60,1770624000000,1.4245,1.4289,1.4003,1.4063,23872728.7,33681962.25065,1
BYBIT,XRPUSDT,60,1770627600000,1.4063,1.4116,1.3927,1.398,16495073.8,23105286.86172,1
BYBIT,XRPUSDT,60,1770631200000,1.398,1.4057,1.372,1.3822,34596974.9,47913817.26708,1
BYBIT,XRPUSDT,60,1770634800000,1.3822,1.3966,1.3821,1.3926,18785793.0,26108654.18002,1
BYBIT,XRPUSDT,60,1770638400000,1.3926,1.4142,1.3923,1.4075,23120625.3,32482226.03084,1
BYBIT,XRPUSDT,60,1770642000000,1.4075,1.4123,1.3946,1.395,13938356.9,19545699.46727,1
BYBIT,XRPUSDT,60,1770645600000,1.395,1.4375,1.394,1.4301,40123303.4,56819261.30203,1
BYBIT,XRPUSDT,60,1770649200000,1.4301,1.449,1.42,1.4458,35615189.4,51137693.67367,1
BYBIT,XRPUSDT,60,1770652800000,1.4458,1.4635,1.4353,1.4507,24212577.2,35085568.14964,1
BYBIT,XRPUSDT,60,1770656400000,1.4507,1.456,1.4325,1.4498,22619504.2,32718728.85115,1
BYBIT,XRPUSDT,60,1770660000000,1.4498,1.4586,1.436,1.4426,17240475.4,24894378.33164,1
BYBIT,XRPUSDT,60,1770663600000,1.4426,1.4551,1.4405,1.4519,12758573.8,18483449.00336,1
BYBIT,XRPUSDT,60,1770667200000,1.4519,1.4572,1.4432,1.4534,10740783.6,15573451.07095,1
BYBIT,XRPUSDT,60,1770670800000,1.4534,1.4578,1.4382,1.4502,14838764.1,21494729.14191,1
BYBIT,XRPUSDT,60,1770674400000,1.4502,1.4517,1.4423,1.4437,4993028.0,7226090.08202,1
BYBIT,XRPUSDT,60,1770678000000,1.4437,1.4481,1.4342,1.4362,5800484.8,8353651.6002,1
BYBIT,XRPUSDT,60,1770681600000,1.4362,1.4411,1.4329,1.4361,6836954.1,9825907.65577,1
BYBIT,XRPUSDT,60,1770685200000,1.4361,1.4525,1.4356,1.4475,8794594.9,12718676.80779,1
BYBIT,XRPUSDT,60,1770688800000,1.4475,1.4488,1.4421,1.4467,4531177.6,6548813.87042,1
BYBIT,XRPUSDT,60,1770692400000,1.4467,1.4502,1.427,1.4343,16619607.5,23884631.35783,1
BYBIT,XRPUSDT,60,1770696000000,1.4343,1.4517,1.4334,1.4468,13315014.7,19253087.41242,1
BYBIT,XRPUSDT,60,1770699600000,1.4468,1.4487,1.4362,1.4413,10144201.5,14623564.51105,1
BYBIT,XRPUSDT,60,1770703200000,1.4413,1.4415,1.413,1.4194,22396862.0,31911314.69384,1
BYBIT,XRPUSDT,60,1770706800000,1.4194,1.4275,1.4187,1.4212,7206973.4,10256088.37863,1
BYBIT,XRPUSDT,60,1770710400000,1.4212,1.4323,1.4138,1.4285,10671107.3,15184088.17578,1
BYBIT,XRPUSDT,60,1770714000000,1.4285,1.4352,1.416,1.42,13834399.7,19731595.2531,1
BYBIT,XRPUSDT,60,1770717600000,1.42,1.4226,1.4139,1.4149,6985172.0,9905831.16555,1
BYBIT,XRPUSDT,60,1770721200000,1.4149,1.4185,1.4053,1.4068,12188612.5,17203621.37486,1
BYBIT,XRPUSDT,60,1770724800000,1.4068,1.4127,1.4042,1.4078,10477749.6,14755117.81193,1
BYBIT,XRPUSDT,60,1770728400000,1.4078,1.4162,1.4022,1.4139,11746849.9,16572273.73424,1
BYBIT,XRPUSDT,60,1770732000000,1.4139,1.4249,1.392,1.402,34091900.5,47942655.64272,1
BYBIT,XRPUSDT,60,1770735600000,1.402,1.4134,1.3967,1.406,17162260.8,24141803.66828,1
BYBIT,XRPUSDT,60,1770739200000,1.406,1.4196,1.3984,1.4154,15264584.8,21538120.79224,1
BYBIT,XRPUSDT,60,1770742800000,1.4154,1.4284,1.4127,1.4238,9395029.9,13355475.86557,1
BYBIT,XRPUSDT,60,1770746400000,1.4238,1.4252,1.3932,1.4013,18362178.0,25816951.18809,1
BYBIT,XRPUSDT,60,1770750000000,1.4013,1.4085,1.3962,1.4001,7923611.9,11109851.30102,1
BYBIT,XRPUSDT,60,1770753600000,1.4001,1.4018,1.3913,1.3955,9889014.7,13815677.21841,1
BYBIT,XRPUSDT,60,1770757200000,1.3955,1.4012,1.3906,1.3932,6357045.0,8871587.87523,1
BYBIT,XRPUSDT,60,1770760800000,1.3932,1.4043,1.3924,1.399,5058627.9,7070759.6687,1
BYBIT,XRPUSDT,60,1770764400000,1.399,1.4012,1.3944,1.3992,3735537.7,5222809.43619,1
BYBIT,XRPUSDT,60,1770768000000,1.3992,1.4125,1.3983,1.409,6041256.6,8493084.967,1
BYBIT,XRPUSDT,60,1770771600000,1.409,1.4138,1.4059,1.4097,4670472.1,6585631.41317,1
BYBIT,XRPUSDT,60,1770775200000,1.4097,1.4197,1.4089,1.4095,7861267.1,11122827.45246,1
BYBIT,XRPUSDT,60,1770778800000,1.4095,1.4108,1.3932,1.4034,17152736.2,24031500.4495,1
BYBIT,XRPUSDT,60,1770782400000,1.4034,1.4079,1.3789,1.3836,24046252.1,33453593.23854,1
BYBIT,XRPUSDT,60,1770786000000,1.3836,1.3916,1.3737,1.375,12445171.4,17206969.39883,1
BYBIT,XRPUSDT,60,1770789600000,1.375,1.3775,1.3571,1.3593,33302938.9,45478447.91773,1
BYBIT,XRPUSDT,60,1770793200000,1.3593,1.3725,1.3576,1.3658,14015059.4,19135748.29049,1
BYBIT,XRPUSDT,60,1770796800000,1.3658,1.3716,1.3601,1.3662,12708989.3,17355385.14666,1
BYBIT,XRPUSDT,60,1770800400000,1.3662,1.3687,1.3556,1.3609,10455245.2,14237172.80381,1
BYBIT,XRPUSDT,60,1770804000000,1.3609,1.364,1.3544,1.3608,10353684.3,14067930.6517,1
BYBIT,XRPUSDT,60,1770807600000,1.3608,1.3803,1.3603,1.3782,18558407.2,25481201.43034,1
BYBIT,XRPUSDT,60,1770811200000,1.3782,1.3787,1.3703,1.3719,9264473.8,12729838.54337,1
BYBIT,XRPUSDT,60,1770814800000,1.3719,1.3809,1.3597,1.3753,27743658.7,37993385.40413,1
BYBIT,XRPUSDT,60,1770818400000,1.3753,1.4094,1.357,1.3611,60977616.9,84406189.72774,1
BYBIT,XRPUSDT,60,1770822000000,1.3611,1.369,1.3447,1.3533,38416370.8,52002512.68376,1
BYBIT,XRPUSDT,60,1770825600000,1.3533,1.3689,1.3426,1.344,23120091.8,31323615.23264,1
BYBIT,XRPUSDT,60,1770829200000,1.344,1.3794,1.3411,1.3696,23926845.3,32686601.30474,1
BYBIT,XRPUSDT,60,1770832800000,1.3696,1.3842,1.3611,1.3778,13531118.7,18611243.35327,1
BYBIT,XRPUSDT,60,1770836400000,1.3778,1.3863,1.3712,1.3784,9819695.3,13546118.58629,1
BYBIT,XRPUSDT,60,1770840000000,1.3784,1.3858,1.3743,1.3811,6615819.0,9129167.83062,1
BYBIT,XRPUSDT,60,1770843600000,1.3811,1.397,1.3786,1.3826,10790691.7,14971793.06684,1
BYBIT,XRPUSDT,60,1770847200000,1.3826,1.3838,1.3686,1.3712,7459095.1,10266173.03768,1
BYBIT,XRPUSDT,60,1770850800000,1.3712,1.3722,1.3587,1.3689,9930653.8,13554389.39185,1
BYBIT,XRPUSDT,60,1770854400000,1.3689,1.3842,1.3677,1.3768,9499924.9,13085666.28896,1
BYBIT,XRPUSDT,60,1770858000000,1.3768,1.3862,1.3768,1.3804,4470210.2,6180405.52276,1
BYBIT,XRPUSDT,60,1770861600000,1.3804,1.3854,1.3738,1.3765,5436202.4,7495084.73698,1
BYBIT,XRPUSDT,60,1770865200000,1.3765,1.3791,1.3704,1.3747,4508136.2,6198622.03579,1
BYBIT,XRPUSDT,60,1770868800000,1.3747,1.38,1.3716,1.3747,4372549.6,6017886.25412,1
BYBIT,XRPUSDT,60,1770872400000,1.3747,1.3811,1.372,1.3799,7343122.2,10113676.66673,1
BYBIT,XRPUSDT,60,1770876000000,1.3799,1.3881,1.3775,1.3825,6124968.0,8468126.93371,1
BYBIT,XRPUSDT,60,1770879600000,1.3825,1.3852,1.3754,1.3812,4535298.8,6260357.75589,1
BYBIT,XRPUSDT,60,1770883200000,1.3812,1.3838,1.3761,1.3812,4743444.6,6544429.00325,1
BYBIT,XRPUSDT,60,1770886800000,1.3812,1.396,1.3793,1.3954,12437756.8,17286643.12994,1
BYBIT,XRPUSDT,60,1770890400000,1.3954,1.4034,1.388,1.4032,8394214.0,11721822.90091,1
BYBIT,XRPUSDT,60,1770894000000,1.4032,1.4075,1.3928,1.4009,11400381.7,15978644.0163,1
BYBIT,XRPUSDT,60,1770897600000,1.4009,1.4024,1.3889,1.392,8431809.1,11758758.02497,1
BYBIT,XRPUSDT,60,1770901200000,1.392,1.402,1.3845,1.4006,10708606.9,14916008.81977,1
BYBIT,XRPUSDT,60,1770904800000,1.4006,1.4018,1.383,1.3881,14243220.0,19814429.07845,1
BYBIT,XRPUSDT,60,1770908400000,1.3881,1.3959,1.374,1.3748,20355230.8,28164779.50591,1
BYBIT,XRPUSDT,60,1770912000000,1.3748,1.3773,1.3454,1.3521,31859068.8,43270686.87565,1
BYBIT,XRPUSDT,60,1770915600000,1.3521,1.379,1.3445,1.3615,20457676.5,27863468.49678,1
BYBIT,XRPUSDT,60,1770919200000,1.3615,1.3668,1.3511,1.3622,9495509.8,12905835.61952,1
BYBIT,XRPUSDT,60,1770922800000,1.3622,1.3756,1.3541,1.3639,8131372.4,11110841.9964,1
BYBIT,XRPUSDT,60,1770926400000,1.3639,1.3658,1.3496,1.3512,7501724.6,10179035.34707,1
BYBIT,XRPUSDT,60,1770930000000,1.3512,1.3572,1.3481,1.3513,6077643.1,8216461.11978,1
BYBIT,XRPUSDT,60,1770933600000,1.3513,1.3655,1.3495,1.3635,5422546.7,7362862.98299,1
BYBIT,XRPUSDT,60,1770937200000,1.3635,1.3697,1.3597,1.3628,7510662.3,10250214.50888,1
BYBIT,XRPUSDT,60,1770940800000,1.3628,1.3677,1.3482,1.3527,9440976.7,12794638.17601,1
BYBIT,XRPUSDT,60,1770944400000,1.3527,1.3622,1.3485,1.357,8943094.4,12117245.24021,1
BYBIT,XRPUSDT,60,1770948000000,1.357,1.3681,1.3562,1.3657,5701467.8,7768122.0331,1
BYBIT,XRPUSDT,60,1770951600000,1.3657,1.3714,1.3612,1.3647,6584987.1,8995691.76704,1
BYBIT,XRPUSDT,60,1770955200000,1.3647,1.3677,1.3571,1.3574,5445543.4,7414124.48527,1
BYBIT,XRPUSDT,60,1770958800000,1.3574,1.3601,1.3522,1.3526,4793321.7,6505352.45549,1
BYBIT,XRPUSDT,60,1770962400000,1.3526,1.3572,1.3475,1.356,5959451.6,8052781.29507,1
BYBIT,XRPUSDT,60,1770966000000,1.356,1.362,1.3486,1.3531,7652592.7,10377996.51128,1
BYBIT,XRPUSDT,60,1770969600000,1.3531,1.3685,1.3513,1.3666,8619374.7,11737250.31826,1
BYBIT,XRPUSDT,60,1770973200000,1.3666,1.3704,1.3638,1.368,10493834.8,14349687.8916,1
BYBIT,XRPUSDT,60,1770976800000,1.368,1.3728,1.3644,1.3677,5793476.2,7929012.03936,1
BYBIT,XRPUSDT,60,1770980400000,1.3677,1.369,1.3599,1.3673,7974992.3,10882070.96793,1
BYBIT,XRPUSDT,60,1770984000000,1.3673,1.3673,1.3587,1.3639,6445974.6,8779863.1873,1
BYBIT,XRPUSDT,60,1770987600000,1.3639,1.3817,1.3607,1.3758,21062595.3,28948996.39249,1
BYBIT,XRPUSDT,60,1770991200000,1.3758,1.3935,1.3671,1.3843,33914963.6,46847463.37602,1
BYBIT,XRPUSDT,60,1770994800000,1.3843,1.4214,1.3795,1.4036,38884904.0,54479349.01752,1
BYBIT,XRPUSDT,60,1770998400000,1.4036,1.4277,1.3984,1.4161,22788967.1,32255356.73398,1
BYBIT,XRPUSDT,60,1771002000000,1.4161,1.4205,1.4067,1.4141,10143149.7,14347279.10955,1
BYBIT,XRPUSDT,60,1771005600000,1.4141,1.4195,1.4052,1.4145,13259594.5,18737952.31374,1
BYBIT,XRPUSDT,60,1771009200000,1.4145,1.4185,1.4073,1.4103,8160508.2,11527598.62112,1
BYBIT,XRPUSDT,60,1771012800000,1.4103,1.4134,1.4038,1.4126,7738733.3,10903172.06264,1
BYBIT,XRPUSDT,60,1771016400000,1.4126,1.4157,1.406,1.4089,5803734.6,8192224.25468,1
BYBIT,XRPUSDT,60,1771020000000,1.4089,1.4096,1.3967,1.4023,7010984.2,9831692.01046,1
BYBIT,XRPUSDT,60,1771023600000,1.4023,1.4079,1.401,1.4063,6649947.2,9336811.98722,1
BYBIT,XRPUSDT,60,1771027200000,1.4063,1.416,1.4042,1.4135,6237842.7,8793467.63732,1
BYBIT,XRPUSDT,60,1771030800000,1.4135,1.4174,1.4095,1.4115,5054010.6,7143136.98235,1
BYBIT,XRPUSDT,60,1771034400000,1.4115,1.414,1.4091,1.4101,2950082.3,4163717.9114,1
BYBIT,XRPUSDT,60,1771038000000,1.4101,1.4175,1.4094,1.4156,2575211.8,3641024.13231,1
BYBIT,XRPUSDT,60,1771041600000,1.4156,1.4188,1.4121,1.4121,3279298.8,4642248.47677,1
BYBIT,XRPUSDT,60,1771045200000,1.4121,1.4151,1.407,1.4073,3124759.0,4406976.38158,1
BYBIT,XRPUSDT,60,1771048800000,1.4073,1.4142,1.407,1.4136,2028383.8,2860972.71911,1
BYBIT,XRPUSDT,60,1771052400000,1.4136,1.4248,1.4113,1.4215,8733330.5,12369295.73208,1
BYBIT,XRPUSDT,60,1771056000000,1.4215,1.4486,1.4207,1.4459,22803508.4,32734097.17273,1
BYBIT,XRPUSDT,60,1771059600000,1.4459,1.4599,1.4452,1.451,19988654.2,29019538.16043,1
BYBIT,XRPUSDT,60,1771063200000,1.451,1.4511,1.4399,1.4465,8029498.1,11602071.64575,1
BYBIT,XRPUSDT,60,1771066800000,1.4465,1.4726,1.446,1.4704,20430369.3,29881435.55178,1
BYBIT,XRPUSDT,60,1771070400000,1.4704,1.4757,1.4598,1.4637,18299474.5,26851903.9751,1
BYBIT,XRPUSDT,60,1771074000000,1.4637,1.4688,1.4507,1.4565,15269262.9,22277837.49032,1
BYBIT,XRPUSDT,60,1771077600000,1.4565,1.4739,1.4544,1.4702,10881421.2,15913758.22377,1
BYBIT,XRPUSDT,60,1771081200000,1.4702,1.4726,1.4633,1.4681,8038382.0,11798152.00313,1
BYBIT,XRPUSDT,60,1771084800000,1.4681,1.4757,1.4563,1.474,12970347.3,19006057.32554,1
BYBIT,XRPUSDT,60,1771088400000,1.474,1.4794,1.4673,1.4726,10631534.0,15661832.72335,1
BYBIT,XRPUSDT,60,1771092000000,1.4726,1.4924,1.4693,1.4875,13557167.0,20102934.08326,1
BYBIT,XRPUSDT,60,1771095600000,1.4875,1.4998,1.4832,1.4972,11466516.9,17121542.75648,1
BYBIT,XRPUSDT,60,1771099200000,1.4972,1.5076,1.4871,1.4943,12718533.9,19030764.43773,1
BYBIT,XRPUSDT,60,1771102800000,1.4943,1.5038,1.4879,1.4968,10179691.5,15234931.90672,1
BYBIT,XRPUSDT,60,1771106400000,1.4968,1.5044,1.4925,1.4999,7020166.4,10523028.93292,1
BYBIT,XRPUSDT,60,1771110000000,1.4999,1.5128,1.4979,1.5082,15198906.4,22891562.72333,1
BYBIT,XRPUSDT,60,1771113600000,1.5082,1.5312,1.5049,1.5204,20503411.7,31138750.78749,1
BYBIT,XRPUSDT,60,1771117200000,1.5204,1.5436,1.5139,1.5274,20268364.2,30968421.68345,1
BYBIT,XRPUSDT,60,1771120800000,1.5274,1.5347,1.5152,1.5271,12433873.9,18972551.05678,1
BYBIT,XRPUSDT,60,1771124400000,1.5271,1.5332,1.5049,1.5262,19560153.5,29696352.83844,1
BYBIT,XRPUSDT,60,1771128000000,1.5262,1.5593,1.5242,1.5449,30639607.9,47263708.12994,1
BYBIT,XRPUSDT,60,1771131600000,1.5449,1.5889,1.5443,1.5822,30348010.0,47619451.70156,1
BYBIT,XRPUSDT,60,1771135200000,1.5822,1.5876,1.5713,1.5786,17054663.3,26925550.4272,1
BYBIT,XRPUSDT,60,1771138800000,1.5786,1.6488,1.5745,1.6481,44876907.3,72463794.36215,1
BYBIT,XRPUSDT,60,1771142400000,1.6481,1.6696,1.6114,1.6157,101677510.0,166843215.81633,1
BYBIT,XRPUSDT,60,1771146000000,1.6157,1.6223,1.588,1.5896,38946829.4,62511118.47484,1
BYBIT,XRPUSDT,60,1771149600000,1.5896,1.597,1.5727,1.5846,39724523.5,62924383.21217,1
BYBIT,XRPUSDT,60,1771153200000,1.5846,1.5943,1.5571,1.5618,27507400.1,43298737.43847,1
BYBIT,XRPUSDT,60,1771156800000,1.5618,1.5657,1.5194,1.5204,59530288.0,91948802.91921,1
BYBIT,XRPUSDT,60,1771160400000,1.5204,1.5395,1.5109,1.5186,46925195.4,71552498.37441,1
BYBIT,XRPUSDT,60,1771164000000,1.5186,1.5366,1.5143,1.5318,31309795.4,47779294.20224,1
BYBIT,XRPUSDT,60,1771167600000,1.5318,1.543,1.5205,1.5226,25240173.8,38637577.68985,1
BYBIT,XRPUSDT,60,1771171200000,1.5226,1.5234,1.5061,1.5208,26303993.6,39867386.47603,1
BYBIT,XRPUSDT,60,1771174800000,1.5208,1.5237,1.4806,1.4935,47116226.1,70515261.58712,1
BYBIT,XRPUSDT,60,1771178400000,1.4935,1.4952,1.4639,1.4687,32620064.9,48284786.36948,1
BYBIT,XRPUSDT,60,1771182000000,1.4687,1.4696,1.4472,1.453,27689392.5,40379248.25892,1
BYBIT,XRPUSDT,60,1771185600000,1.453,1.4669,1.4445,1.4613,24407300.2,35573542.86681,1
BYBIT,XRPUSDT,60,1771189200000,1.4613,1.4756,1.4606,1.471,16675177.8,24486914.80445,1
BYBIT,XRPUSDT,60,1771192800000,1.471,1.4889,1.4674,1.4851,18232014.8,26944542.4529,1
BYBIT,XRPUSDT,60,1771196400000,1.4851,1.4852,1.4564,1.474,22489559.5,32999770.40406,1
BYBIT,XRPUSDT,60,1771200000000,1.474,1.486,1.4697,1.4775,18643763.8,27543888.77908,1
BYBIT,XRPUSDT,60,1771203600000,1.4775,1.4817,1.4638,1.473,11194392.3,16485494.02591,1
BYBIT,XRPUSDT,60,1771207200000,1.473,1.4795,1.4527,1.4552,13425677.7,19656014.26878,1
BYBIT,XRPUSDT,60,1771210800000,1.4552,1.4619,1.4526,1.4606,6871355.9,10015658.66797,1
BYBIT,XRPUSDT,60,1771214400000,1.4606,1.4748,1.4587,1.4731,11307262.0,16594310.91089,1
BYBIT,XRPUSDT,60,1771218000000,1.4731,1.4749,1.4474,1.4551,13146096.3,19142385.05568,1
BYBIT,XRPUSDT,60,1771221600000,1.4551,1.4678,1.4532,1.4643,9915025.0,14489081.63185,1
BYBIT,XRPUSDT,60,1771225200000,1.4643,1.4703,1.457,1.4605,12484518.1,18267588.86582,1
BYBIT,XRPUSDT,60,1771228800000,1.4605,1.4699,1.4605,1.4692,9097771.3,13342012.70434,1
BYBIT,XRPUSDT,60,1771232400000,1.4692,1.5131,1.4681,1.5008,39843781.1,59562648.328,1
BYBIT,XRPUSDT,60,1771236000000,1.5008,1.5018,1.4822,1.4891,20459458.1,30479986.04672,1
BYBIT,XRPUSDT,60,1771239600000,1.4891,1.4919,1.4676,1.4826,27157944.6,40183084.17126,1
BYBIT,XRPUSDT,60,1771243200000,1.4826,1.5069,1.4787,1.5038,34007248.1,50742507.44191,1
BYBIT,XRPUSDT,60,1771246800000,1.5038,1.5153,1.4786,1.4893,58904002.4,87975039.03923,1
BYBIT,XRPUSDT,60,1771250400000,1.4893,1.5081,1.4838,1.4939,24813618.9,37127218.147,1
BYBIT,XRPUSDT,60,1771254000000,1.4939,1.5019,1.4606,1.4734,31695372.0,46861774.5931,1
BYBIT,XRPUSDT,60,1771257600000,1.4734,1.4938,1.4716,1.4863,22185851.6,32973507.36832,1
BYBIT,XRPUSDT,60,1771261200000,1.4863,1.4927,1.4805,1.4822,9517018.4,14146764.4646,1
BYBIT,XRPUSDT,60,1771264800000,1.4822,1.486,1.4703,1.4712,8306790.3,12280472.31331,1
BYBIT,XRPUSDT,60,1771268400000,1.4712,1.4813,1.4709,1.4746,5994469.2,8854725.9136,1
BYBIT,XRPUSDT,60,1771272000000,1.4746,1.4885,1.4671,1.4846,9262443.2,13677928.63847,1
BYBIT,XRPUSDT,60,1771275600000,1.4846,1.4926,1.48,1.4904,4872408.8,7232880.53687,1
BYBIT,XRPUSDT,60,1771279200000,1.4904,1.493,1.4808,1.4826,6182987.6,9186540.20296,1
BYBIT,XRPUSDT,60,1771282800000,1.4826,1.4895,1.4811,1.4865,10853743.7,16120908.91839,1
BYBIT,XRPUSDT,60,1771286400000,1.4865,1.4903,1.481,1.4827,5975599.0,8874940.96092,1
BYBIT,XRPUSDT,60,1771290000000,1.4827,1.4907,1.4776,1.4779,5165067.7,7665287.20394,1
BYBIT,XRPUSDT,60,1771293600000,1.4779,1.4924,1.4714,1.486,12431706.1,18436987.81962,1
BYBIT,XRPUSDT,60,1771297200000,1.486,1.4889,1.4814,1.482,9544804.3,14176021.77779,1
BYBIT,XRPUSDT,60,1771300800000,1.482,1.488,1.4733,1.4855,6997930.8,10360886.20541,1
BYBIT,XRPUSDT,60,1771304400000,1.4855,1.487,1.4697,1.4747,8407598.7,12408689.19948,1
BYBIT,XRPUSDT,60,1771308000000,1.4747,1.4799,1.473,1.4779,3837266.1,5666449.42286,1
BYBIT,XRPUSDT,60,1771311600000,1.4779,1.4779,1.4681,1.4721,5561958.1,8185327.93697,1
BYBIT,XRPUSDT,60,1771315200000,1.4721,1.476,1.4624,1.4657,7378288.4,10832546.40935,1
BYBIT,XRPUSDT,60,1771318800000,1.4657,1.4663,1.4529,1.4603,16025655.6,23389149.98149,1
BYBIT,XRPUSDT,60,1771322400000,1.4603,1.4617,1.4506,1.4549,11467634.8,16683787.57333,1
BYBIT,XRPUSDT,60,1771326000000,1.4549,1.4592,1.449,1.4519,9388285.5,13649994.4371,1
BYBIT,XRPUSDT,60,1771329600000,1.4519,1.4622,1.4513,1.456,10560465.3,15388787.26092,1
BYBIT,XRPUSDT,60,1771333200000,1.456,1.4635,1.4507,1.457,11675679.5,17007146.86948,1
BYBIT,XRPUSDT,60,1771336800000,1.457,1.462,1.4258,1.4345,43779945.1,63083953.71942,1
BYBIT,XRPUSDT,60,1771340400000,1.4345,1.4577,1.4335,1.4564,25233072.8,36525069.25,1
BYBIT,XRPUSDT,60,1771344000000,1.4564,1.4944,1.4563,1.4763,38990451.4,57643780.38785,1
BYBIT,XRPUSDT,60,1771347600000,1.4763,1.4787,1.456,1.4646,19624487.7,28773116.11782,1
BYBIT,XRPUSDT,60,1771351200000,1.4646,1.489,1.4631,1.4827,16885007.2,24977866.8182,1
BYBIT,XRPUSDT,60,1771354800000,1.4827,1.4884,1.4755,1.4849,10575576.7,15679147.56964,1
BYBIT,XRPUSDT,60,1771358400000,1.4849,1.4881,1.4742,1.4867,8520506.2,12620244.19016,1
BYBIT,XRPUSDT,60,1771362000000,1.4867,1.4926,1.4786,1.483,9202177.2,13682928.58024,1
BYBIT,XRPUSDT,60,1771365600000,1.483,1.484,1.4716,1.4735,3658607.3,5407925.42094,1
BYBIT,XRPUSDT,60,1771369200000,1.4735,1.4765,1.4696,1.4734,3849770.3,5672303.58837,1
BYBIT,XRPUSDT,60,1771372800000,1.4734,1.4784,1.4682,1.4689,3784652.9,5577364.75564,1
BYBIT,XRPUSDT,60,1771376400000,1.4689,1.4701,1.4628,1.4661,7625090.1,11182392.77826,1
BYBIT,XRPUSDT,60,1771380000000,1.4661,1.476,1.4657,1.4746,4788702.5,7044961.84752,1
BYBIT,XRPUSDT,60,1771383600000,1.4746,1.4827,1.4732,1.4783,6094618.2,9013214.63899,1
BYBIT,XRPUSDT,60,1771387200000,1.4783,1.4842,1.4755,1.4798,4610112.6,6819568.80902,1
BYBIT,XRPUSDT,60,1771390800000,1.4798,1.4868,1.4745,1.4752,5196023.2,7690894.72517,1
BYBIT,XRPUSDT,60,1771394400000,1.4752,1.4832,1.4748,1.4794,3146292.0,4655667.07759,1
BYBIT,XRPUSDT,60,1771398000000,1.4794,1.4881,1.4759,1.4862,4096765.1,6074378.63034,1
BYBIT,XRPUSDT,60,1771401600000,1.4862,1.493,1.4846,1.4886,7204479.4,10724462.01719,1
BYBIT,XRPUSDT,60,1771405200000,1.4886,1.4916,1.484,1.4871,5490136.9,8165496.50506,1
BYBIT,XRPUSDT,60,1771408800000,1.4871,1.4892,1.4756,1.4778,8521803.8,12616781.93933,1
BYBIT,XRPUSDT,60,1771412400000,1.4778,1.4778,1.4625,1.4656,12609865.7,18528152.38976,1
BYBIT,XRPUSDT,60,1771416000000,1.4656,1.4708,1.4578,1.4642,9806508.4,14356046.016,1
BYBIT,XRPUSDT,60,1771419600000,1.4642,1.4707,1.4598,1.4683,11524124.4,16893539.75328,1
BYBIT,XRPUSDT,60,1771423200000,1.4683,1.4704,1.4509,1.4644,16212779.0,23659276.18971,1
BYBIT,XRPUSDT,60,1771426800000,1.4644,1.4881,1.463,1.4758,14809643.2,21843684.86755,1
BYBIT,XRPUSDT,60,1771430400000,1.4758,1.4766,1.4558,1.4587,12683782.4,18531757.05822,1
BYBIT,XRPUSDT,60,1771434000000,1.4587,1.4701,1.4535,1.4559,8926361.4,13036142.09743,1
BYBIT,XRPUSDT,60,1771437600000,1.4559,1.4579,1.4394,1.4399,17221395.5,24919258.08867,1
BYBIT,XRPUSDT,60,1771441200000,1.4399,1.4448,1.4182,1.4223,33658207.2,48157192.80971,1
BYBIT,XRPUSDT,60,1771444800000,1.4223,1.4323,1.4194,1.421,14604735.8,20820944.4554,1
BYBIT,XRPUSDT,60,1771448400000,1.421,1.4283,1.4163,1.4194,10300606.7,14639073.40233,1
BYBIT,XRPUSDT,60,1771452000000,1.4194,1.4238,1.414,1.4197,9577228.6,13591470.83526,1
BYBIT,XRPUSDT,60,1771455600000,1.4197,1.4222,1.4093,1.4212,10141008.6,14349786.72288,1
BYBIT,XRPUSDT,60,1771459200000,1.4212,1.4237,1.4142,1.4167,6256141.5,8879156.60564,1
BYBIT,XRPUSDT,60,1771462800000,1.4167,1.426,1.414,1.426,8149077.4,11582602.14084,1
BYBIT,XRPUSDT,60,1771466400000,1.426,1.4292,1.4192,1.4254,5423740.0,7727152.96667,1
BYBIT,XRPUSDT,60,1771470000000,1.4254,1.4293,1.4215,1.4279,4728532.1,6739711.17389,1
BYBIT,XRPUSDT,60,1771473600000,1.4279,1.4299,1.4152,1.4168,5381270.9,7652281.43262,1
BYBIT,XRPUSDT,60,1771477200000,1.4168,1.4203,1.404,1.4119,14016690.8,19771874.862,1
BYBIT,XRPUSDT,60,1771480800000,1.4119,1.427,1.4112,1.4269,7305942.6,10382433.70485,1
BYBIT,XRPUSDT,60,1771484400000,1.4269,1.4372,1.4214,1.4318,11196527.6,16022041.19233,1
BYBIT,XRPUSDT,60,1771488000000,1.4318,1.4332,1.4135,1.4156,9869676.7,14016307.6781,1
BYBIT,XRPUSDT,60,1771491600000,1.4156,1.427,1.413,1.4145,9060237.4,12855552.5365,1
BYBIT,XRPUSDT,60,1771495200000,1.4145,1.4168,1.4068,1.4102,8021235.0,11320700.33907,1
BYBIT,XRPUSDT,60,1771498800000,1.4102,1.4167,1.4056,1.4087,10439816.8,14735345.08775,1
BYBIT,XRPUSDT,60,1771502400000,1.4087,1.4138,1.4049,1.4073,6382401.8,8996259.08793,1
BYBIT,XRPUSDT,60,1771506000000,1.4073,1.4086,1.3857,1.3916,23374671.2,32648339.98487,1
BYBIT,XRPUSDT,60,1771509600000,1.3916,1.4049,1.3889,1.4,17949794.6,25090765.25237,1
BYBIT,XRPUSDT,60,1771513200000,1.4,1.4091,1.3851,1.3967,19987188.2,27905682.38988,1
BYBIT,XRPUSDT,60,1771516800000,1.3967,1.3981,1.3792,1.3915,17641319.3,24511616.12523,1
BYBIT,XRPUSDT,60,1771520400000,1.3915,1.4123,1.39,1.3951,15564121.6,21819046.2188,1
BYBIT,XRPUSDT,60,1771524000000,1.3951,1.4136,1.3935,1.4125,7874658.0,11072413.12643,1
BYBIT,XRPUSDT,60,1771527600000,1.4125,1.4183,1.4032,1.4117,9755744.5,13759233.80083,1
BYBIT,XRPUSDT,60,1771531200000,1.4117,1.4139,1.4036,1.4104,8421822.5,11867464.71165,1
BYBIT,XRPUSDT,60,1771534800000,1.4104,1.4124,1.4063,1.4075,2966699.9,4182723.66095,1
BYBIT,XRPUSDT,60,1771538400000,1.4075,1.4101,1.3945,1.3998,9328823.6,13090403.3873,1
BYBIT,XRPUSDT,60,1771542000000,1.3998,1.409,1.3992,1.4061,3956537.6,5557253.20275,1
BYBIT,XRPUSDT,60,1771545600000,1.4061,1.421,1.4046,1.4161,9700296.1,13729853.27993,1
BYBIT,XRPUSDT,60,1771549200000,1.4161,1.4247,1.4148,1.4245,6623478.9,9402436.24482,1
BYBIT,XRPUSDT,60,1771552800000,1.4245,1.4284,1.4168,1.4168,4482111.6,6375633.93601,1
BYBIT,XRPUSDT,60,1771556400000,1.4168,1.4204,1.4105,1.4122,6871337.4,9730589.36188,1
BYBIT,XRPUSDT,60,1771560000000,1.4122,1.413,1.3991,1.4098,9753358.4,13722160.51705,1
BYBIT,XRPUSDT,60,1771563600000,1.4098,1.4237,1.4037,1.4181,10833852.9,15348315.40868,1
BYBIT,XRPUSDT,60,1771567200000,1.4181,1.4208,1.4123,1.4194,5588410.8,7919417.65478,1
BYBIT,XRPUSDT,60,1771570800000,1.4194,1.4228,1.4155,1.4185,5230640.3,7423270.83228,1
BYBIT,XRPUSDT,60,1771574400000,1.4185,1.4219,1.4131,1.4179,12851528.4,18215915.01971,1
BYBIT,XRPUSDT,60,1771578000000,1.4179,1.4283,1.4163,1.4221,15058037.6,21431535.48042,1
BYBIT,XRPUSDT,60,1771581600000,1.4221,1.4271,1.4195,1.4202,6596569.5,9390298.70253,1
BYBIT,XRPUSDT,60,1771585200000,1.4202,1.4219,1.4022,1.4049,14361730.1,20283173.78401,1
BYBIT,XRPUSDT,60,1771588800000,1.4049,1.4087,1.4016,1.4041,9712022.6,13649979.48703,1
BYBIT,XRPUSDT,60,1771592400000,1.4041,1.4042,1.3763,1.3832,36716984.3,51038584.28925,1
BYBIT,XRPUSDT,60,1771596000000,1.3832,1.4067,1.3825,1.3991,20734622.3,28964868.14714,1
BYBIT,XRPUSDT,60,1771599600000,1.3991,1.4301,1.3991,1.4281,47087638.6,66748932.22009,1
BYBIT,XRPUSDT,60,1771603200000,1.4281,1.4381,1.4227,1.432,29805180.6,42634213.18593,1
BYBIT,XRPUSDT,60,1771606800000,1.432,1.432,1.407,1.4292,22619301.7,32095146.82096,1
BYBIT,XRPUSDT,60,1771610400000,1.4292,1.4385,1.4226,1.4323,18907695.0,27038183.92148,1
BYBIT,XRPUSDT,60,1771614000000,1.4323,1.4346,1.4204,1.423,15416932.6,21984764.64069,1
BYBIT,XRPUSDT,60,1771617600000,1.423,1.4289,1.4137,1.4191,12164856.0,17278971.06252,1
BYBIT,XRPUSDT,60,1771621200000,1.4191,1.4247,1.4172,1.4212,7226806.2,10259137.81465,1
BYBIT,XRPUSDT,60,1771624800000,1.4212,1.4295,1.4166,1.4289,5341242.6,7602958.32365,1
BYBIT,XRPUSDT,60,1771628400000,1.4289,1.431,1.4227,1.4283,4032718.2,5757423.51549,1
BYBIT,XRPUSDT,60,1771632000000,1.4283,1.4289,1.4188,1.4222,3828344.6,5449835.66194,1
BYBIT,XRPUSDT,60,1771635600000,1.4222,1.4328,1.4222,1.4301,4504577.5,6433778.13741,1
BYBIT,XRPUSDT,60,1771639200000,1.4301,1.4329,1.4277,1.43,2943218.3,4210574.33541,1
BYBIT,XRPUSDT,60,1771642800000,1.43,1.4302,1.4228,1.4253,5099912.4,7270695.4745,1
BYBIT,XRPUSDT,60,1771646400000,1.4253,1.429,1.4236,1.4275,3229244.1,4604527.86738,1
BYBIT,XRPUSDT,60,1771650000000,1.4275,1.4309,1.4261,1.4273,3229285.6,4611725.89526,1
BYBIT,XRPUSDT,60,1771653600000,1.4273,1.4351,1.4273,1.4288,5099036.9,7298111.28875,1
BYBIT,XRPUSDT,60,1771657200000,1.4288,1.432,1.4272,1.4303,2031375.1,2905237.9635,1
BYBIT,XRPUSDT,60,1771660800000,1.4303,1.4347,1.4267,1.4333,4406457.9,6300781.39711,1
BYBIT,XRPUSDT,60,1771664400000,1.4333,1.4454,1.432,1.4386,12427810.7,17892199.81785,1
BYBIT,XRPUSDT,60,1771668000000,1.4386,1.4418,1.4361,1.439,3106157.5,4470578.04479,1
BYBIT,XRPUSDT,60,1771671600000,1.439,1.4452,1.4379,1.4431,6217524.3,8964738.20301,1
BYBIT,XRPUSDT,60,1771675200000,1.4431,1.4447,1.435,1.4394,6329984.3,9107235.02503,1
BYBIT,XRPUSDT,60,1771678800000,1.4394,1.4477,1.4363,1.4471,4737088.4,6825765.29099,1
BYBIT,XRPUSDT,60,1771682400000,1.4471,1.4641,1.4442,1.4544,20003735.6,29117923.40728,1
BYBIT,XRPUSDT,60,1771686000000,1.4544,1.4566,1.446,1.4493,11380425.0,16527704.46396,1
BYBIT,XRPUSDT,60,1771689600000,1.4493,1.4513,1.4374,1.4408,10919832.4,15759083.55597,1
BYBIT,XRPUSDT,60,1771693200000,1.4408,1.4425,1.4357,1.4414,5770995.1,8305973.82513,1
BYBIT,XRPUSDT,60,1771696800000,1.4414,1.4489,1.4408,1.4471,5675200.0,8203273.26203,1
BYBIT,XRPUSDT,60,1771700400000,1.4471,1.448,1.4415,1.4427,3015604.1,4354380.92339,1
BYBIT,XRPUSDT,60,1771704000000,1.4427,1.4428,1.4334,1.4367,6726098.5,9674946.9063,1
BYBIT,XRPUSDT,60,1771707600000,1.4367,1.4415,1.435,1.4405,4754428.1,6838075.39517,1
BYBIT,XRPUSDT,60,1771711200000,1.4405,1.4425,1.4309,1.4318,6695057.3,9620045.46607,1
BYBIT,XRPUSDT,60,1771714800000,1.4318,1.4351,1.4293,1.4296,7055923.0,10107087.56916,1
BYBIT,XRPUSDT,60,1771718400000,1.4296,1.4331,1.4234,1.4266,5322539.3,7602324.4278,1
BYBIT,XRPUSDT,60,1771722000000,1.4266,1.4323,1.4266,1.432,4087313.6,5842633.38807,1
BYBIT,XRPUSDT,60,1771725600000,1.432,1.4323,1.4211,1.4232,5138148.5,7329062.55309,1
BYBIT,XRPUSDT,60,1771729200000,1.4232,1.4266,1.4173,1.4229,5112975.1,7268749.13937,1
BYBIT,XRPUSDT,60,1771732800000,1.4229,1.425,1.4208,1.4221,2689657.4,3827201.07346,1
BYBIT,XRPUSDT,60,1771736400000,1.4221,1.4223,1.4162,1.42,3525768.3,5004642.6517,1
BYBIT,XRPUSDT,60,1771740000000,1.42,1.424,1.4176,1.4226,5747210.9,8168839.56694,1
BYBIT,XRPUSDT,60,1771743600000,1.4226,1.4231,1.4184,1.4202,5642471.7,8015788.39399,1
BYBIT,XRPUSDT,60,1771747200000,1.4202,1.4226,1.4159,1.4169,4019866.9,5703301.27102,1
BYBIT,XRPUSDT,60,1771750800000,1.4169,1.4217,1.4165,1.4196,3117329.7,4426188.75782,1
BYBIT,XRPUSDT,60,1771754400000,1.4196,1.4254,1.4182,1.4204,4105400.7,5838047.67698,1
BYBIT,XRPUSDT,60,1771758000000,1.4204,1.424,1.4198,1.4224,3772886.8,5365823.13123,1
BYBIT,XRPUSDT,60,1771761600000,1.4224,1.423,1.4058,1.4081,13183324.7,18617443.46285,1
BYBIT,XRPUSDT,60,1771765200000,1.4081,1.4101,1.3965,1.3993,17274306.3,24226140.45044,1
BYBIT,XRPUSDT,60,1771768800000,1.3993,1.4017,1.3934,1.3962,10426203.4,14569213.45212,1
BYBIT,XRPUSDT,60,1771772400000,1.3962,1.3966,1.3848,1.3924,14961436.7,20805812.97284,1
BYBIT,XRPUSDT,60,1771776000000,1.3924,1.3941,1.3867,1.3914,5705056.8,7929700.38276,1
BYBIT,XRPUSDT,60,1771779600000,1.3914,1.3918,1.3822,1.3874,7308566.7,10129469.27088,1
BYBIT,XRPUSDT,60,1771783200000,1.3874,1.3909,1.3861,1.3894,4132611.2,5739256.56773,1
BYBIT,XRPUSDT,60,1771786800000,1.3894,1.3899,1.3843,1.386,4336397.2,6013535.21728,1
BYBIT,XRPUSDT,60,1771790400000,1.386,1.386,1.3783,1.3824,8868832.9,12262523.3784,1
BYBIT,XRPUSDT,60,1771794000000,1.3824,1.3911,1.3824,1.3903,5315408.1,7376105.70762,1
BYBIT,XRPUSDT,60,1771797600000,1.3903,1.401,1.3884,1.4005,11857242.5,16526632.18852,1
BYBIT,XRPUSDT,60,1771801200000,1.4005,1.4005,1.3875,1.3925,7328702.1,10206686.29065,1
BYBIT,XRPUSDT,60,1771804800000,1.3925,1.394,1.363,1.364,23906935.1,32877973.02604,1
BYBIT,XRPUSDT,60,1771808400000,1.364,1.3653,1.3293,1.3315,64677544.6,86959976.07744,1
BYBIT,XRPUSDT,60,1771812000000,1.3315,1.343,1.3307,1.3414,14327286.6,19170239.97649,1
BYBIT,XRPUSDT,60,1771815600000,1.3414,1.3518,1.3383,1.3404,10668784.5,14341893.0387,1
BYBIT,XRPUSDT,60,1771819200000,1.3404,1.3412,1.3348,1.338,8007163.8,10712025.36725,1
BYBIT,XRPUSDT,60,1771822800000,1.338,1.3474,1.3378,1.3421,10458803.3,14055166.44246,1
BYBIT,XRPUSDT,60,1771826400000,1.3421,1.3684,1.3411,1.3673,17373480.7,23576129.55892,1
BYBIT,XRPUSDT,60,1771830000000,1.3673,1.3776,1.3663,1.3705,11752594.9,16109613.07881,1
BYBIT,XRPUSDT,60,1771833600000,1.3705,1.3725,1.3613,1.3653,11709350.3,15996762.16906,1
BYBIT,XRPUSDT,60,1771837200000,1.3653,1.3955,1.3647,1.3907,25805603.7,35659533.91416,1
BYBIT,XRPUSDT,60,1771840800000,1.3907,1.3969,1.3861,1.3918,13731042.3,19115178.37733,1
BYBIT,XRPUSDT,60,1771844400000,1.3918,1.4052,1.3907,1.396,14348391.0,20057218.03925,1
BYBIT,XRPUSDT,60,1771848000000,1.396,1.4245,1.3946,1.412,24859439.5,35059726.75763,1
BYBIT,XRPUSDT,60,1771851600000,1.412,1.4145,1.3937,1.395,17551126.8,24662948.16979,1
BYBIT,XRPUSDT,60,1771855200000,1.395,1.3982,1.3699,1.3829,32651253.0,45233749.14382,1
BYBIT,XRPUSDT,60,1771858800000,1.3829,1.39,1.3664,1.3698,21802190.8,30045451.93387,1
BYBIT,XRPUSDT,60,1771862400000,1.3698,1.3778,1.3608,1.3656,20044579.5,27422789.65951,1
BYBIT,XRPUSDT,60,1771866000000,1.3656,1.3694,1.3475,1.3635,20018992.0,27183023.94232,1
BYBIT,XRPUSDT,60,1771869600000,1.3635,1.3744,1.3602,1.3644,15280692.5,20877858.24412,1
BYBIT,XRPUSDT,60,1771873200000,1.3644,1.366,1.3547,1.3567,9371262.3,12738566.43499,1
BYBIT,XRPUSDT,60,1771876800000,1.3567,1.359,1.3491,1.3544,8844212.8,11974945.82468,1
BYBIT,XRPUSDT,60,1771880400000,1.3544,1.3629,1.3494,1.361,9003523.1,12205060.67541,1
BYBIT,XRPUSDT,60,1771884000000,1.361,1.3668,1.3545,1.3553,6657880.3,9069473.94509,1
BYBIT,XRPUSDT,60,1771887600000,1.3553,1.3588,1.3498,1.351,5024701.4,6806295.53072,1
BYBIT,XRPUSDT,60,1771891200000,1.351,1.3574,1.351,1.3562,4671685.7,6330630.20418,1
BYBIT,XRPUSDT,60,1771894800000,1.3562,1.362,1.3261,1.3498,33489677.5,45009379.34577,1
BYBIT,XRPUSDT,60,1771898400000,1.3498,1.3571,1.3423,1.3471,11137490.6,15015607.62135,1
BYBIT,XRPUSDT,60,1771902000000,1.3471,1.3471,1.3265,1.3312,20478078.9,27324477.38515,1
BYBIT,XRPUSDT,60,1771905600000,1.3312,1.3344,1.3208,1.3308,17999394.5,23904515.29991,1
BYBIT,XRPUSDT,60,1771909200000,1.3308,1.3417,1.3242,1.3307,16183817.2,21556643.49437,1
BYBIT,XRPUSDT,60,1771912800000,1.3307,1.3366,1.3252,1.3287,6376359.2,8485949.27409,1
BYBIT,XRPUSDT,60,1771916400000,1.3287,1.3306,1.3217,1.326,8407590.9,11148944.97196,1
BYBIT,XRPUSDT,60,1771920000000,1.326,1.3348,1.3212,1.3312,9396947.9,12485188.07478,1
BYBIT,XRPUSDT,60,1771923600000,1.3312,1.3337,1.3205,1.3309,8605018.0,11421768.85057,1
BYBIT,XRPUSDT,60,1771927200000,1.3309,1.3353,1.3261,1.3299,8845114.1,11764401.11536,1
BYBIT,XRPUSDT,60,1771930800000,1.3299,1.3336,1.3272,1.3326,4514913.9,6008201.64406,1
BYBIT,XRPUSDT,60,1771934400000,1.3326,1.3374,1.3284,1.3317,12486025.5,16648400.14668,1
BYBIT,XRPUSDT,60,1771938000000,1.3317,1.3351,1.3212,1.3299,11439115.4,15202220.6956,1
BYBIT,XRPUSDT,60,1771941600000,1.3299,1.3452,1.3116,1.335,36499300.6,48441512.00261,1
BYBIT,XRPUSDT,60,1771945200000,1.335,1.3522,1.3316,1.351,18117808.4,24352472.72691,1
BYBIT,XRPUSDT,60,1771948800000,1.351,1.3636,1.3442,1.3567,24130665.1,32701165.26028,1
BYBIT,XRPUSDT,60,1771952400000,1.3567,1.363,1.3551,1.3586,10607457.2,14411102.04533,1
BYBIT,XRPUSDT,60,1771956000000,1.3586,1.3671,1.352,1.3597,9658751.7,13137256.27668,1
BYBIT,XRPUSDT,60,1771959600000,1.3597,1.3634,1.3491,1.3553,9161217.1,12400813.1325,1
BYBIT,XRPUSDT,60,1771963200000,1.3553,1.3631,1.3538,1.3568,5865184.2,7967009.34908,1
BYBIT,XRPUSDT,60,1771966800000,1.3568,1.3581,1.3488,1.3513,8570362.5,11592115.11785,1
BYBIT,XRPUSDT,60,1771970400000,1.3513,1.3573,1.3494,1.3522,5887977.9,7971525.00728,1
BYBIT,XRPUSDT,60,1771974000000,1.3522,1.3538,1.3406,1.3474,7463475.3,10052580.40492,1
BYBIT,XRPUSDT,60,1771977600000,1.3474,1.3512,1.3396,1.3462,7638492.3,10277136.20812,1
BYBIT,XRPUSDT,60,1771981200000,1.3462,1.399,1.3452,1.3856,47807101.2,65896448.65298,1
BYBIT,XRPUSDT,60,1771984800000,1.3856,1.3939,1.3779,1.3787,13896888.3,19276136.79784,1
BYBIT,XRPUSDT,60,1771988400000,1.3787,1.3809,1.3658,1.3692,13039464.0,17876599.57557,1
BYBIT,XRPUSDT,60,1771992000000,1.3692,1.3742,1.3579,1.3678,12118572.1,16563702.73235,1
BYBIT,XRPUSDT,60,1771995600000,1.3678,1.3696,1.352,1.358,12134051.7,16495974.5709,1
BYBIT,XRPUSDT,60,1771999200000,1.358,1.3662,1.3562,1.3594,9189893.5,12516581.4485,1
BYBIT,XRPUSDT,60,1772002800000,1.3594,1.3676,1.3578,1.3652,5364577.0,7313604.48789,1
BYBIT,XRPUSDT,60,1772006400000,1.3652,1.3733,1.362,1.3717,10275660.0,14059797.35147,1
BYBIT,XRPUSDT,60,1772010000000,1.3717,1.3816,1.3712,1.3792,10947245.4,15074105.7197,1
BYBIT,XRPUSDT,60,1772013600000,1.3792,1.3837,1.3734,1.3748,6412010.9,8835581.56006,1
BYBIT,XRPUSDT,60,1772017200000,1.3748,1.3846,1.3722,1.383,6366498.1,8773537.06998,1
BYBIT,XRPUSDT,60,1772020800000,1.383,1.4028,1.3804,1.3993,18425941.6,25674289.57522,1
BYBIT,XRPUSDT,60,1772024400000,1.3993,1.4238,1.398,1.4126,24751135.0,34917433.72047,1
BYBIT,XRPUSDT,60,1772028000000,1.4126,1.4368,1.4126,1.4354,27902690.2,39680681.20317,1
BYBIT,XRPUSDT,60,1772031600000,1.4354,1.4456,1.4247,1.4403,32444320.5,46563830.15777,1
BYBIT,XRPUSDT,60,1772035200000,1.4403,1.4498,1.4371,1.448,20104500.0,29038167.6228,1
BYBIT,XRPUSDT,60,1772038800000,1.448,1.4735,1.4453,1.4658,25139424.2,36718942.83448,1
BYBIT,XRPUSDT,60,1772042400000,1.4658,1.4763,1.4555,1.4716,17225875.9,25264721.03159,1
BYBIT,XRPUSDT,60,1772046000000,1.4716,1.4723,1.4533,1.4661,18534767.2,27100719.64153,1
BYBIT,XRPUSDT,60,1772049600000,1.4661,1.4708,1.4565,1.4639,15982171.8,23414209.05283,1
BYBIT,XRPUSDT,60,1772053200000,1.4639,1.4933,1.4622,1.4752,32687847.2,48245503.6922,1
BYBIT,XRPUSDT,60,1772056800000,1.4752,1.4877,1.4435,1.4554,19307485.4,28261423.54154,1
BYBIT,XRPUSDT,60,1772060400000,1.4554,1.457,1.4185,1.4332,22977804.7,32963204.81535,1
BYBIT,XRPUSDT,60,1772064000000,1.4332,1.4468,1.4262,1.4386,14296176.3,20540410.67224,1
BYBIT,XRPUSDT,60,1772067600000,1.4386,1.443,1.4225,1.4235,11336009.2,16223837.85795,1
BYBIT,XRPUSDT,60,1772071200000,1.4235,1.4389,1.4178,1.4372,9438391.2,13461668.07256,1
BYBIT,XRPUSDT,60,1772074800000,1.4372,1.445,1.4333,1.441,8413852.3,12110395.36591,1
BYBIT,XRPUSDT,60,1772078400000,1.441,1.4683,1.4393,1.4582,12319040.8,17927042.68476,1
BYBIT,XRPUSDT,60,1772082000000,1.4582,1.4588,1.4392,1.4473,12240596.5,17714093.06051,1
BYBIT,XRPUSDT,60,1772085600000,1.4473,1.4545,1.4424,1.4437,8283240.1,11998517.61575,1
BYBIT,XRPUSDT,60,1772089200000,1.4437,1.4446,1.4297,1.4336,9894669.8,14214969.25331,1
BYBIT,XRPUSDT,60,1772092800000,1.4336,1.4445,1.4333,1.4353,11911766.6,17138557.56046,1
BYBIT,XRPUSDT,60,1772096400000,1.4353,1.4526,1.4333,1.4509,10189741.4,14719215.05403,1
BYBIT,XRPUSDT,60,1772100000000,1.4509,1.456,1.4404,1.442,11848250.8,17173840.66971,1
BYBIT,XRPUSDT,60,1772103600000,1.442,1.4446,1.434,1.4363,7819431.8,11251825.55631,1
BYBIT,XRPUSDT,60,1772107200000,1.4363,1.443,1.4348,1.4414,6933195.1,9975741.51317,1
BYBIT,XRPUSDT,60,1772110800000,1.4414,1.4457,1.4355,1.4392,6170329.1,8891012.70636,1
BYBIT,XRPUSDT,60,1772114400000,1.4392,1.4444,1.4215,1.4348,24377892.5,34929622.7046,1
BYBIT,XRPUSDT,60,1772118000000,1.4348,1.4356,1.4074,1.4206,36511801.2,51847035.42411,1
BYBIT,XRPUSDT,60,1772121600000,1.4206,1.4228,1.3845,1.3882,38604046.8,54114355.39053,1
BYBIT,XRPUSDT,60,1772125200000,1.3882,1.3979,1.3834,1.3871,17446276.2,24277246.08103,1
BYBIT,XRPUSDT,60,1772128800000,1.3871,1.3989,1.3817,1.3928,23087342.1,32082999.59557,1
BYBIT,XRPUSDT,60,1772132400000,1.3928,1.4106,1.3921,1.4062,26219867.3,36778003.68939,1
BYBIT,XRPUSDT,60,1772136000000,1.4062,1.412,1.3924,1.393,11994580.4,16813179.72301,1
BYBIT,XRPUSDT,60,1772139600000,1.393,1.3965,1.3875,1.3941,6209293.1,8644019.741,1
BYBIT,XRPUSDT,60,1772143200000,1.3941,1.4048,1.3929,1.4016,5175969.7,7236615.85309,1
BYBIT,XRPUSDT,60,1772146800000,1.4016,1.4027,1.396,1.4017,3223821.9,4511669.7604,1
BYBIT,XRPUSDT,60,1772150400000,1.4017,1.4037,1.392,1.4009,6165478.9,8623104.09484,1
BYBIT,XRPUSDT,60,1772154000000,1.4009,1.4057,1.3952,1.4048,6014540.9,8429324.59311,1
BYBIT,XRPUSDT,60,1772157600000,1.4048,1.4125,1.4043,1.406,4367711.7,6152870.38742,1
BYBIT,XRPUSDT,60,1772161200000,1.406,1.4085,1.3993,1.407,6662381.2,9345309.04184,1
BYBIT,XRPUSDT,60,1772164800000,1.407,1.4209,1.4045,1.407,13872457.3,19601557.06218,1
BYBIT,XRPUSDT,60,1772168400000,1.407,1.4139,1.4058,1.4096,6311235.2,8897414.21248,1
BYBIT,XRPUSDT,60,1772172000000,1.4096,1.4144,1.4032,1.4118,7529191.4,10602605.74536,1
BYBIT,XRPUSDT,60,1772175600000,1.4118,1.4165,1.4051,1.416,6391304.9,9015239.86701,1
BYBIT,XRPUSDT,60,1772179200000,1.416,1.423,1.4141,1.4208,10786121.3,15307813.58806,1
BYBIT,XRPUSDT,60,1772182800000,1.4208,1.4254,1.404,1.4057,12111943.7,17134264.21562,1
BYBIT,XRPUSDT,60,1772186400000,1.4057,1.4067,1.386,1.388,23616834.4,32966252.98083,1
BYBIT,XRPUSDT,60,1772190000000,1.388,1.396,1.3793,1.3816,18475550.5,25599009.45626,1
BYBIT,XRPUSDT,60,1772193600000,1.3816,1.3846,1.3723,1.3768,16562812.0,22827975.41634,1
BYBIT,XRPUSDT,60,1772197200000,1.3768,1.3814,1.362,1.37,29144592.9,39931670.87568,1
BYBIT,XRPUSDT,60,1772200800000,1.37,1.3734,1.3564,1.3582,21788753.4,29731240.92008,1
BYBIT,XRPUSDT,60,1772204400000,1.3582,1.3657,1.3514,1.3561,23489130.0,31902425.51151,1
BYBIT,XRPUSDT,60,1772208000000,1.3561,1.3578,1.3474,1.3503,17145748.6,23182447.39731,1
BYBIT,XRPUSDT,60,1772211600000,1.3503,1.3588,1.3375,1.357,26984311.9,36342954.65154,1
BYBIT,XRPUSDT,60,1772215200000,1.357,1.3634,1.3523,1.3566,14551954.8,19762218.87981,1
BYBIT,XRPUSDT,60,1772218800000,1.3566,1.3567,1.3457,1.3502,10427274.3,14080741.22437,1
BYBIT,XRPUSDT,60,1772222400000,1.3502,1.3558,1.3496,1.3518,7392129.8,10000943.80367,1
BYBIT,XRPUSDT,60,1772226000000,1.3518,1.3556,1.3466,1.3505,6231511.9,8422542.88281,1
BYBIT,XRPUSDT,60,1772229600000,1.3505,1.3548,1.335,1.3532,13718081.2,18468797.84108,1
BYBIT,XRPUSDT,60,1772233200000,1.3532,1.3568,1.3503,1.3553,7109887.2,9626725.01827,1
BYBIT,XRPUSDT,60,1772236800000,1.3553,1.3624,1.3544,1.3616,8556231.5,11620498.3375,1
BYBIT,XRPUSDT,60,1772240400000,1.3616,1.3644,1.3558,1.3576,5093388.8,6927381.93195,1
BYBIT,XRPUSDT,60,1772244000000,1.3576,1.3621,1.3558,1.3605,3269691.2,4444697.22922,1
BYBIT,XRPUSDT,60,1772247600000,1.3605,1.3607,1.3518,1.3541,5305179.2,7192678.30064,1
BYBIT,XRPUSDT,60,1772251200000,1.3541,1.3572,1.3487,1.3531,4740685.2,6413554.30623,1
BYBIT,XRPUSDT,60,1772254800000,1.3531,1.3551,1.3456,1.3488,6490056.5,8755813.42543,1
BYBIT,XRPUSDT,60,1772258400000,1.3488,1.3506,1.2922,1.2958,85449650.6,112787216.15284,1
BYBIT,XRPUSDT,60,1772262000000,1.2958,1.3222,1.2891,1.3019,53330383.3,69717380.99399,1
BYBIT,XRPUSDT,60,1772265600000,1.3019,1.3019,1.2823,1.2857,31525283.7,40737865.09338,1
BYBIT,XRPUSDT,60,1772269200000,1.2857,1.2886,1.2708,1.2772,27619490.1,35340275.03794,1
BYBIT,XRPUSDT,60,1772272800000,1.2772,1.2941,1.2692,1.2888,31311961.5,40161549.15307,1
BYBIT,XRPUSDT,60,1772276400000,1.2888,1.3063,1.2861,1.2924,27657232.9,35872056.7238,1
BYBIT,XRPUSDT,60,1772280000000,1.2924,1.2985,1.2911,1.2949,11061959.4,14319952.13927,1
BYBIT,XRPUSDT,60,1772283600000,1.2949,1.3438,1.2938,1.3406,60045152.2,79545963.22479,1
BYBIT,XRPUSDT,60,1772287200000,1.3406,1.3493,1.3134,1.3176,46612001.5,62028846.56764,1
BYBIT,XRPUSDT,60,1772290800000,1.3176,1.3326,1.3101,1.323,27157317.8,35906940.61812,1
BYBIT,XRPUSDT,60,1772294400000,1.323,1.3292,1.3163,1.3254,12038049.7,15937423.59335,1
BYBIT,XRPUSDT,60,1772298000000,1.3254,1.3304,1.314,1.3276,14045218.3,18560582.65467,1
BYBIT,XRPUSDT,60,1772301600000,1.3276,1.3482,1.3219,1.3419,19598031.7,26177407.4671,1
BYBIT,XRPUSDT,60,1772305200000,1.3419,1.3584,1.3338,1.3532,20833746.6,28078913.03762,1
BYBIT,XRPUSDT,60,1772308800000,1.3532,1.3836,1.3495,1.3799,27339405.9,37439886.8083,1
BYBIT,XRPUSDT,60,1772312400000,1.3799,1.3821,1.3645,1.3768,17323778.7,23795367.17539,1
BYBIT,XRPUSDT,60,1772316000000,1.3768,1.3928,1.3739,1.3797,13322250.5,18407767.68307,1
BYBIT,XRPUSDT,60,1772319600000,1.3797,1.3857,1.3733,1.3754,7098515.8,9784423.516,1
BYBIT,XRPUSDT,60,1772323200000,1.3754,1.3818,1.3715,1.3782,7087566.5,9751506.57702,1
BYBIT,XRPUSDT,60,1772326800000,1.3782,1.4135,1.3645,1.4021,29027140.2,40363477.6027,1
BYBIT,XRPUSDT,60,1772330400000,1.4021,1.4323,1.4021,1.4243,36230689.0,51496414.89534,1
BYBIT,XRPUSDT,60,1772334000000,1.4243,1.4328,1.4129,1.418,18045188.0,25689898.52568,1
BYBIT,XRPUSDT,60,1772337600000,1.418,1.4211,1.404,1.4132,16412691.7,23158962.29821,1
BYBIT,XRPUSDT,60,1772341200000,1.4132,1.4185,1.4082,1.4087,7651162.3,10812882.82356,1
BYBIT,XRPUSDT,60,1772344800000,1.4087,1.4097,1.3876,1.3941,19246288.4,26876452.71902,1
BYBIT,XRPUSDT,60,1772348400000,1.3941,1.4018,1.3925,1.3971,6693390.2,9354532.36217,1
BYBIT,XRPUSDT,60,1772352000000,1.3971,1.3995,1.3757,1.3797,14077737.2,19517328.94985,1
BYBIT,XRPUSDT,60,1772355600000,1.3797,1.387,1.3693,1.3725,12930511.4,17816317.53524,1
BYBIT,XRPUSDT,60,1772359200000,1.3725,1.381,1.3651,1.3759,13156357.9,18066329.61835,1
BYBIT,XRPUSDT,60,1772362800000,1.3759,1.3815,1.3741,1.3754,7823394.2,10776943.73746,1
BYBIT,XRPUSDT,60,1772366400000,1.3754,1.3782,1.3665,1.3672,6311584.4,8661132.66852,1
BYBIT,XRPUSDT,60,1772370000000,1.3672,1.3957,1.3606,1.3875,32561126.4,44941215.02532,1
BYBIT,XRPUSDT,60,1772373600000,1.3875,1.4027,1.3727,1.3796,27998751.6,38846586.47658,1
BYBIT,XRPUSDT,60,1772377200000,1.3796,1.3903,1.3759,1.3779,14428829.1,19960797.45572,1
BYBIT,XRPUSDT,60,1772380800000,1.3779,1.3854,1.3583,1.3692,20306508.0,27860955.74642,1
BYBIT,XRPUSDT,60,1772384400000,1.3692,1.3714,1.3553,1.3656,15090851.9,20604830.81895,1
BYBIT,XRPUSDT,60,1772388000000,1.3656,1.3781,1.3628,1.3672,13591294.7,18633300.12771,1
BYBIT,XRPUSDT,60,1772391600000,1.3672,1.3676,1.353,1.3559,10937140.6,14863693.22198,1
BYBIT,XRPUSDT,60,1772395200000,1.3559,1.3559,1.3362,1.3406,18406768.5,24742902.18739,1
BYBIT,XRPUSDT,60,1772398800000,1.3406,1.3558,1.3403,1.3533,11078123.4,14970486.25599,1
BYBIT,XRPUSDT,60,1772402400000,1.3533,1.3715,1.3403,1.3416,26267718.0,35701845.26693,1
BYBIT,XRPUSDT,60,1772406000000,1.3416,1.3584,1.3389,1.3516,11229921.8,15163777.18591,1
BYBIT,XRPUSDT,60,1772409600000,1.3516,1.3717,1.35,1.3643,10191182.2,13872377.43433,1
BYBIT,XRPUSDT,60,1772413200000,1.3643,1.3806,1.3625,1.3669,10288041.7,14092594.68319,1
BYBIT,XRPUSDT,60,1772416800000,1.3669,1.372,1.353,1.3635,11609099.7,15791905.77208,1
BYBIT,XRPUSDT,60,1772420400000,1.3635,1.3771,1.3604,1.3732,8059834.0,11051304.23521,1
BYBIT,XRPUSDT,60,1772424000000,1.3732,1.3746,1.3644,1.3662,6126272.7,8392836.21651,1
BYBIT,XRPUSDT,60,1772427600000,1.3662,1.3694,1.3566,1.3617,7754938.1,10571317.6246,1
BYBIT,XRPUSDT,60,1772431200000,1.3617,1.3631,1.3464,1.3491,13106569.9,17738314.05558,1
BYBIT,XRPUSDT,60,1772434800000,1.3491,1.3501,1.3369,1.3462,13278708.1,17841761.12187,1
BYBIT,XRPUSDT,60,1772438400000,1.3462,1.3548,1.3375,1.3534,12501670.7,16820795.33708,1
BYBIT,XRPUSDT,60,1772442000000,1.3534,1.362,1.3518,1.3525,10187003.0,13816548.05506,1
BYBIT,XRPUSDT,60,1772445600000,1.3525,1.355,1.3473,1.3527,5503674.9,7435705.50705,1
BYBIT,XRPUSDT,60,1772449200000,1.3527,1.3566,1.3457,1.3509,6869504.6,9275999.36703,1
BYBIT,XRPUSDT,60,1772452800000,1.3509,1.3533,1.346,1.3469,4990218.2,6730272.47881,1
BYBIT,XRPUSDT,60,1772456400000,1.3469,1.3497,1.3375,1.3387,11188442.3,15019120.43412,1
BYBIT,XRPUSDT,60,1772460000000,1.3387,1.3782,1.3328,1.3725,36028587.9,48841746.44273,1
BYBIT,XRPUSDT,60,1772463600000,1.3725,1.4151,1.3686,1.3998,62194563.0,86974478.86556,1
BYBIT,XRPUSDT,60,1772467200000,1.3998,1.4227,1.3966,1.4069,34833212.1,49125599.64433,1
BYBIT,XRPUSDT,60,1772470800000,1.4069,1.4106,1.3828,1.3948,23072431.0,32231125.84201,1
BYBIT,XRPUSDT,60,1772474400000,1.3948,1.4067,1.3848,1.3999,17240428.8,24110856.18142,1
BYBIT,XRPUSDT,60,1772478000000,1.3999,1.4046,1.3891,1.4001,19654377.7,27474944.29973,1
BYBIT,XRPUSDT,60,1772481600000,1.4001,1.4047,1.3871,1.3937,15161493.3,21162799.78348,1
BYBIT,XRPUSDT,60,1772485200000,1.3937,1.3977,1.3851,1.3972,8974787.4,12494656.36241,1
BYBIT,XRPUSDT,60,1772488800000,1.3972,1.4057,1.3949,1.399,9376549.8,13131041.19979,1
BYBIT,XRPUSDT,60,1772492400000,1.399,1.4003,1.3866,1.3893,10121259.3,14091201.17592,1
BYBIT,XRPUSDT,60,1772496000000,1.3893,1.394,1.3812,1.3897,10156933.2,14096792.81226,1
BYBIT,XRPUSDT,60,1772499600000,1.3897,1.3948,1.3809,1.3826,7797617.4,10819665.54449,1
BYBIT,XRPUSDT,60,1772503200000,1.3826,1.3835,1.375,1.3777,11653707.7,16071733.0657,1
BYBIT,XRPUSDT,60,1772506800000,1.3777,1.3786,1.3668,1.3726,12848148.0,17628732.68043,1
BYBIT,XRPUSDT,60,1772510400000,1.3726,1.374,1.3635,1.3658,4795545.2,6560648.12414,1
BYBIT,XRPUSDT,60,1772514000000,1.3658,1.3771,1.3606,1.3642,10582496.6,14475288.83342,1
BYBIT,XRPUSDT,60,1772517600000,1.3642,1.3662,1.3574,1.3606,9161281.8,12478353.17243,1
BYBIT,XRPUSDT,60,1772521200000,1.3606,1.3668,1.3567,1.3631,13965230.6,19005062.8741,1
BYBIT,XRPUSDT,60,1772524800000,1.3631,1.3683,1.3458,1.3484,15090834.7,20456342.65654,1
BYBIT,XRPUSDT,60,1772528400000,1.3484,1.3557,1.3411,1.3473,12884922.1,17374773.05124,1
BYBIT,XRPUSDT,60,1772532000000,1.3473,1.3516,1.3417,1.3498,10627252.7,14302579.25949,1
BYBIT,XRPUSDT,60,1772535600000,1.3498,1.3532,1.3462,1.352,9385170.1,12672401.26854,1
BYBIT,XRPUSDT,60,1772539200000,1.352,1.37,1.3508,1.3574,15177819.1,20636211.98429,1
BYBIT,XRPUSDT,60,1772542800000,1.3574,1.358,1.3426,1.3474,11048708.1,14898508.80128,1
BYBIT,XRPUSDT,60,1772546400000,1.3474,1.3622,1.3356,1.3457,28432538.5,38319480.26475,1
BYBIT,XRPUSDT,60,1772550000000,1.3457,1.3654,1.3384,1.3638,24021812.8,32456606.45868,1
BYBIT,XRPUSDT,60,1772553600000,1.3638,1.3867,1.3534,1.3681,32674754.5,44826941.85914,1
BYBIT,XRPUSDT,60,1772557200000,1.3681,1.3703,1.3522,1.3686,12007586.3,16336989.61038,1
BYBIT,XRPUSDT,60,1772560800000,1.3686,1.3752,1.3597,1.3664,8925667.4,12216200.64021,1
BYBIT,XRPUSDT,60,1772564400000,1.3664,1.3676,1.3558,1.362,7973265.7,10862280.85821,1
BYBIT,XRPUSDT,60,1772568000000,1.362,1.3631,1.3517,1.3533,6894469.1,9357467.50268,1
BYBIT,XRPUSDT,60,1772571600000,1.3533,1.3567,1.3475,1.3551,7186627.6,9710296.25965,1
BYBIT,XRPUSDT,60,1772575200000,1.3551,1.3648,1.3546,1.3618,5225547.9,7112310.46983,1
BYBIT,XRPUSDT,60,1772578800000,1.3618,1.3688,1.3588,1.3599,5720504.8,7796122.89105,1
BYBIT,XRPUSDT,60,1772582400000,1.3599,1.3629,1.3523,1.3596,6564734.0,8915477.47646,1
BYBIT,XRPUSDT,60,1772586000000,1.3596,1.3697,1.3552,1.3634,8559636.8,11667334.00961,1
BYBIT,XRPUSDT,60,1772589600000,1.3634,1.367,1.3534,1.3601,7651726.4,10408135.88527,1
BYBIT,XRPUSDT,60,1772593200000,1.3601,1.3617,1.3444,1.3522,10544723.9,14234400.21532,1
BYBIT,XRPUSDT,60,1772596800000,1.3522,1.3551,1.3437,1.3506,5315926.9,7169486.62839,1
BYBIT,XRPUSDT,60,1772600400000,1.3506,1.361,1.3487,1.3561,6469653.7,8769486.22426,1
BYBIT,XRPUSDT,60,1772604000000,1.3561,1.3608,1.3495,1.3588,5978966.1,8105353.08545,1
BYBIT,XRPUSDT,60,1772607600000,1.3588,1.3765,1.3574,1.3744,9293477.8,12712012.10754,1
BYBIT,XRPUSDT,60,1772611200000,1.3744,1.4059,1.3689,1.4032,23918807.4,33134219.57236,1
BYBIT,XRPUSDT,60,1772614800000,1.4032,1.4256,1.397,1.4157,37583995.4,53107801.42823,1
BYBIT,XRPUSDT,60,1772618400000,1.4157,1.4219,1.4014,1.4045,15423800.7,21746813.25586,1
BYBIT,XRPUSDT,60,1772622000000,1.4045,1.4125,1.3937,1.3987,13405716.3,18785544.81267,1
BYBIT,XRPUSDT,60,1772625600000,1.3987,1.4004,1.3816,1.3933,13217242.6,18369325.92669,1
BYBIT,XRPUSDT,60,1772629200000,1.3933,1.4059,1.3927,1.4049,10924766.3,15286188.00852,1
BYBIT,XRPUSDT,60,1772632800000,1.4049,1.4249,1.4028,1.4126,26462095.2,37381453.51743,1
BYBIT,XRPUSDT,60,1772636400000,1.4126,1.4632,1.4122,1.4619,45843150.8,65901850.30607,1
BYBIT,XRPUSDT,60,1772640000000,1.4619,1.4721,1.4394,1.4493,26280383.8,38201531.12107,1
BYBIT,XRPUSDT,60,1772643600000,1.4493,1.4554,1.4351,1.4419,15242479.5,22009638.31469,1
BYBIT,XRPUSDT,60,1772647200000,1.4419,1.456,1.4357,1.454,11822781.5,17081440.43011,1
BYBIT,XRPUSDT,60,1772650800000,1.454,1.4696,1.4517,1.4559,18068290.1,26392276.14161,1
BYBIT,XRPUSDT,60,1772654400000,1.4559,1.4649,1.4489,1.4589,13986115.1,20377054.70617,1
BYBIT,XRPUSDT,60,1772658000000,1.4589,1.4595,1.4441,1.4467,8716654.6,12643499.48297,1
BYBIT,XRPUSDT,60,1772661600000,1.4467,1.453,1.4259,1.4298,9831201.4,14156321.32657,1
BYBIT,XRPUSDT,60,1772665200000,1.4298,1.4339,1.416,1.4302,15911106.7,22680806.84366,1
BYBIT,XRPUSDT,60,1772668800000,1.4302,1.4337,1.4229,1.4262,8943785.5,12777984.6327,1
BYBIT,XRPUSDT,60,1772672400000,1.4262,1.4354,1.4149,1.4187,11532111.3,16416020.17607,1
BYBIT,XRPUSDT,60,1772676000000,1.4187,1.4283,1.4156,1.4191,6958206.5,9891862.20639,1
BYBIT,XRPUSDT,60,1772679600000,1.4191,1.4237,1.4156,1.419,6238641.3,8853314.70804,1
BYBIT,XRPUSDT,60,1772683200000,1.419,1.4306,1.4179,1.4279,7008102.9,9987778.59958,1
BYBIT,XRPUSDT,60,1772686800000,1.4279,1.4295,1.4119,1.4142,6716690.4,9519956.10157,1
BYBIT,XRPUSDT,60,1772690400000,1.4142,1.4242,1.4075,1.4232,8390613.4,11878400.72906,1
BYBIT,XRPUSDT,60,1772694000000,1.4232,1.4288,1.4081,1.4122,7270391.2,10308537.3693,1
BYBIT,XRPUSDT,60,1772697600000,1.4122,1.4181,1.4083,1.4177,6993759.8,9883167.70156,1
BYBIT,XRPUSDT,60,1772701200000,1.4177,1.4308,1.4165,1.428,9363286.2,13341585.83511,1
BYBIT,XRPUSDT,60,1772704800000,1.428,1.4519,1.4239,1.4472,16832766.1,24236938.58092,1
BYBIT,XRPUSDT,60,1772708400000,1.4472,1.4492,1.4339,1.4356,10385776.2,14968592.74948,1
BYBIT,XRPUSDT,60,1772712000000,1.4356,1.4419,1.432,1.4402,7052305.0,10136758.23798,1
BYBIT,XRPUSDT,60,1772715600000,1.4402,1.4407,1.4194,1.4269,11904517.2,16995334.95258,1
BYBIT,XRPUSDT,60,1772719200000,1.4269,1.4397,1.4186,1.4366,14570165.5,20800163.76674,1
BYBIT,XRPUSDT,60,1772722800000,1.4366,1.4396,1.4088,1.416,18453706.8,26163040.55788,1
BYBIT,XRPUSDT,60,1772726400000,1.416,1.4163,1.3949,1.4106,19221012.2,27002575.76458,1
BYBIT,XRPUSDT,60,1772730000000,1.4106,1.4185,1.3979,1.399,9754116.0,13708074.83702,1
BYBIT,XRPUSDT,60,1772733600000,1.399,1.4111,1.3974,1.4093,8641039.7,12117464.25819,1
BYBIT,XRPUSDT,60,1772737200000,1.4093,1.4226,1.4092,1.4105,12578868.4,17799957.15745,1
BYBIT,XRPUSDT,60,1772740800000,1.4105,1.42,1.4089,1.4145,6642599.0,9399732.64892,1
BYBIT,XRPUSDT,60,1772744400000,1.4145,1.4189,1.4026,1.4063,7490871.1,10571010.34212,1
BYBIT,XRPUSDT,60,1772748000000,1.4063,1.4087,1.4011,1.4053,3510090.6,4932168.5034,1
BYBIT,XRPUSDT,60,1772751600000,1.4053,1.4078,1.4013,1.4029,4765074.1,6691229.57956,1
BYBIT,XRPUSDT,60,1772755200000,1.4029,1.4076,1.402,1.4044,3515336.6,4936926.36415,1
BYBIT,XRPUSDT,60,1772758800000,1.4044,1.4136,1.3969,1.4112,11432854.5,16079750.65542,1
BYBIT,XRPUSDT,60,1772762400000,1.4112,1.4137,1.4079,1.4088,5184224.4,7311428.99905,1
BYBIT,XRPUSDT,60,1772766000000,1.4088,1.4108,1.4027,1.4047,4238041.1,5955266.82247,1
BYBIT,XRPUSDT,60,1772769600000,1.4047,1.4054,1.3904,1.3985,7177349.8,10027139.65192,1
BYBIT,XRPUSDT,60,1772773200000,1.3985,1.4022,1.3918,1.3978,4645729.5,6486847.92116,1
BYBIT,XRPUSDT,60,1772776800000,1.3978,1.4043,1.396,1.3998,3705806.4,5185863.15985,1
BYBIT,XRPUSDT,60,1772780400000,1.3998,1.4079,1.3965,1.407,5498347.7,7720092.87793,1
BYBIT,XRPUSDT,60,1772784000000,1.407,1.4071,1.4001,1.4044,7444199.8,10449365.46003,1
BYBIT,XRPUSDT,60,1772787600000,1.4044,1.4057,1.3916,1.3971,7329682.7,10236894.96241,1
BYBIT,XRPUSDT,60,1772791200000,1.3971,1.4069,1.3965,1.4022,6736845.0,9454685.40217,1
BYBIT,XRPUSDT,60,1772794800000,1.4022,1.4039,1.3927,1.394,5411047.4,7566390.22219,1
BYBIT,XRPUSDT,60,1772798400000,1.394,1.3957,1.3837,1.3883,11602935.1,16113843.3737,1
BYBIT,XRPUSDT,60,1772802000000,1.3883,1.3964,1.3708,1.3712,31201648.8,43188551.70583,1
BYBIT,XRPUSDT,60,1772805600000,1.3712,1.3736,1.3499,1.3545,30697926.5,41809633.92424,1
BYBIT,XRPUSDT,60,1772809200000,1.3545,1.3659,1.352,1.3553,15809965.3,21487663.33858,1
BYBIT,XRPUSDT,60,1772812800000,1.3553,1.3623,1.3528,1.3562,10368880.8,14075637.89961,1
BYBIT,XRPUSDT,60,1772816400000,1.3562,1.3582,1.3446,1.3487,11021506.2,14880391.38443,1
BYBIT,XRPUSDT,60,1772820000000,1.3487,1.3619,1.3484,1.3577,9967049.2,13519154.43587,1
BYBIT,XRPUSDT,60,1772823600000,1.3577,1.3655,1.3576,1.3625,9735483.8,13253781.41518,1
BYBIT,XRPUSDT,60,1772827200000,1.3625,1.3636,1.3534,1.3563,9454332.5,12839644.1188,1
BYBIT,XRPUSDT,60,1772830800000,1.3563,1.364,1.3553,1.3628,4035439.6,5486728.14101,1
BYBIT,XRPUSDT,60,1772834400000,1.3628,1.371,1.3619,1.3681,6154677.5,8406031.87221,1
BYBIT,XRPUSDT,60,1772838000000,1.3681,1.3683,1.362,1.3626,4935638.0,6731877.78992,1
BYBIT,XRPUSDT,60,1772841600000,1.3626,1.3697,1.3621,1.3672,5884677.4,8043139.65324,1
BYBIT,XRPUSDT,60,1772845200000,1.3672,1.3686,1.3636,1.3667,2735065.1,3736653.73443,1
BYBIT,XRPUSDT,60,1772848800000,1.3667,1.3678,1.3616,1.3669,3461101.5,4721679.80747,1
BYBIT,XRPUSDT,60,1772852400000,1.3669,1.374,1.3645,1.3651,7039654.0,9641285.00364,1
BYBIT,XRPUSDT,60,1772856000000,1.3651,1.3656,1.36,1.3623,4821271.4,6568336.94162,1
BYBIT,XRPUSDT,60,1772859600000,1.3623,1.3668,1.3614,1.3664,3108291.1,4240776.46183,1
BYBIT,XRPUSDT,60,1772863200000,1.3664,1.3677,1.3609,1.3627,2899362.8,3955444.42193,1
BYBIT,XRPUSDT,60,1772866800000,1.3627,1.367,1.3604,1.3661,4616570.6,6294634.0281,1
BYBIT,XRPUSDT,60,1772870400000,1.3661,1.3685,1.3636,1.3643,2863526.1,3913165.08511,1
BYBIT,XRPUSDT,60,1772874000000,1.3643,1.3672,1.3619,1.3646,2708067.0,3695400.61043,1
BYBIT,XRPUSDT,60,1772877600000,1.3646,1.3675,1.3641,1.3652,1321577.9,1805332.64879,1
BYBIT,XRPUSDT,60,1772881200000,1.3652,1.3725,1.3644,1.369,4940637.7,6768508.85128,1
BYBIT,XRPUSDT,60,1772884800000,1.369,1.3691,1.3613,1.3633,3410754.9,4654643.55266,1
BYBIT,XRPUSDT,60,1772888400000,1.3633,1.3671,1.3609,1.362,3734034.1,5092221.63766,1
BYBIT,XRPUSDT,60,1772892000000,1.362,1.3663,1.3556,1.3629,6512793.2,8856418.14701,1
BYBIT,XRPUSDT,60,1772895600000,1.3629,1.3629,1.3536,1.3563,4642732.6,6302265.61143,1
BYBIT,XRPUSDT,60,1772899200000,1.3563,1.3604,1.3549,1.3601,3177800.6,4313798.39737,1
BYBIT,XRPUSDT,60,1772902800000,1.3601,1.3641,1.3594,1.3598,3807481.3,5186421.27484,1
BYBIT,XRPUSDT,60,1772906400000,1.3598,1.36,1.3507,1.3561,7511507.1,10173420.81337,1
BYBIT,XRPUSDT,60,1772910000000,1.3561,1.3562,1.3459,1.3497,9171285.3,12390981.41815,1
BYBIT,XRPUSDT,60,1772913600000,1.3497,1.3555,1.3494,1.3542,2717252.0,3677081.33054,1
BYBIT,XRPUSDT,60,1772917200000,1.3542,1.3584,1.3537,1.3559,2855770.4,3873153.26039,1
BYBIT,XRPUSDT,60,1772920800000,1.3559,1.3561,1.349,1.3528,3799275.9,5138074.22688,1
BYBIT,XRPUSDT,60,1772924400000,1.3528,1.3565,1.3518,1.356,2071806.5,2806278.11673,1
BYBIT,XRPUSDT,60,1772928000000,1.356,1.3598,1.3531,1.3541,3606844.4,4893379.07126,1
BYBIT,XRPUSDT,60,1772931600000,1.3541,1.3569,1.35,1.3563,3016108.6,4080480.73198,1
BYBIT,XRPUSDT,60,1772935200000,1.3563,1.3565,1.3436,1.3469,6738918.3,9092419.13697,1
BYBIT,XRPUSDT,60,1772938800000,1.3469,1.3508,1.3436,1.3477,4718570.2,6359439.78952,1
BYBIT,XRPUSDT,60,1772942400000,1.3477,1.349,1.3404,1.3431,4793959.1,6444947.71672,1
BYBIT,XRPUSDT,60,1772946000000,1.3431,1.3555,1.3431,1.353,5661052.0,7648448.75367,1
BYBIT,XRPUSDT,60,1772949600000,1.353,1.3548,1.349,1.3514,3274656.0,4425994.49734,1
BYBIT,XRPUSDT,60,1772953200000,1.3514,1.3622,1.3509,1.3594,8070051.3,10967390.99487,1
BYBIT,XRPUSDT,60,1772956800000,1.3594,1.3612,1.3537,1.3582,4069532.3,5525460.97694,1
BYBIT,XRPUSDT,60,1772960400000,1.3582,1.3658,1.3552,1.3604,5908094.2,8044608.9519,1
BYBIT,XRPUSDT,60,1772964000000,1.3604,1.3706,1.3604,1.3674,7224094.4,9876414.36449,1
BYBIT,XRPUSDT,60,1772967600000,1.3674,1.3674,1.3553,1.3569,7724308.4,10505197.59386,1
BYBIT,XRPUSDT,60,1772971200000,1.3569,1.3587,1.3438,1.3509,10042997.3,13566977.69512,1
BYBIT,XRPUSDT,60,1772974800000,1.3509,1.353,1.3402,1.3491,10564200.2,14220286.93054,1
BYBIT,XRPUSDT,60,1772978400000,1.3491,1.3523,1.3444,1.3485,4422364.6,5962795.27799,1
BYBIT,XRPUSDT,60,1772982000000,1.3485,1.3489,1.342,1.3448,4976146.6,6694498.73898,1
BYBIT,XRPUSDT,60,1772985600000,1.3448,1.3448,1.3371,1.3386,7296598.0,9779028.01664,1
BYBIT,XRPUSDT,60,1772989200000,1.3386,1.3452,1.338,1.3432,4205416.9,5646464.14278,1
BYBIT,XRPUSDT,60,1772992800000,1.3432,1.3477,1.339,1.3448,4202394.0,5646489.74027,1
BYBIT,XRPUSDT,60,1772996400000,1.3448,1.3593,1.3424,1.3555,8652154.4,11698456.0108,1
BYBIT,XRPUSDT,60,1773000000000,1.3555,1.3615,1.3511,1.3527,5327733.0,7222694.89853,1
BYBIT,XRPUSDT,60,1773003600000,1.3527,1.3537,1.3434,1.3471,6034840.3,8126634.90637,1
BYBIT,XRPUSDT,60,1773007200000,1.3471,1.3485,1.3204,1.345,34339530.2,45829018.20591,1
BYBIT,XRPUSDT,60,1773010800000,1.345,1.3495,1.3381,1.3392,9864548.9,13259207.57216,1
BYBIT,XRPUSDT,60,1773014400000,1.3392,1.3601,1.3381,1.3482,11910632.2,16065655.08794,1
BYBIT,XRPUSDT,60,1773018000000,1.3482,1.3529,1.3408,1.3413,7049533.3,9496764.27737,1
BYBIT,XRPUSDT,60,1773021600000,1.3413,1.3495,1.3366,1.3452,7819069.8,10502556.4549,1
BYBIT,XRPUSDT,60,1773025200000,1.3452,1.365,1.3444,1.3499,13375402.6,18148197.19827,1
BYBIT,XRPUSDT,60,1773028800000,1.3499,1.3552,1.3432,1.3436,7000129.7,9458576.2024,1
BYBIT,XRPUSDT,60,1773032400000,1.3436,1.3581,1.3412,1.3541,10077000.5,13601717.55677,1
BYBIT,XRPUSDT,60,1773036000000,1.3541,1.3579,1.3434,1.3441,7144806.4,9647394.1774,1
BYBIT,XRPUSDT,60,1773039600000,1.3441,1.3445,1.3319,1.3398,13985358.7,18723475.41962,1
BYBIT,XRPUSDT,60,1773043200000,1.3398,1.3474,1.3386,1.3454,5882858.4,7901730.80682,1
BYBIT,XRPUSDT,60,1773046800000,1.3454,1.3627,1.3402,1.3544,10235377.5,13855344.95948,1
BYBIT,XRPUSDT,60,1773050400000,1.3544,1.3555,1.3448,1.3465,6809506.2,9198955.65557,1
BYBIT,XRPUSDT,60,1773054000000,1.3465,1.3507,1.3407,1.3494,6108674.8,8221338.66341,1
BYBIT,XRPUSDT,60,1773057600000,1.3494,1.3573,1.349,1.3539,8251029.3,11172928.18559,1
BYBIT,XRPUSDT,60,1773061200000,1.3539,1.3725,1.3535,1.3674,19805269.6,27027383.15113,1
BYBIT,XRPUSDT,60,1773064800000,1.3674,1.3723,1.3583,1.3641,17341048.2,23684543.86323,1
BYBIT,XRPUSDT,60,1773068400000,1.3641,1.3669,1.3556,1.3594,10228987.2,13924434.43095,1
BYBIT,XRPUSDT,60,1773072000000,1.3594,1.3696,1.3581,1.3639,5837385.4,7958366.35936,1
BYBIT,XRPUSDT,60,1773075600000,1.3639,1.3696,1.3586,1.3616,6280005.5,8562818.37797,1
BYBIT,XRPUSDT,60,1773079200000,1.3616,1.3678,1.355,1.3608,6488000.7,8832610.2855,1
BYBIT,XRPUSDT,60,1773082800000,1.3608,1.3834,1.3554,1.3722,19747583.9,27079090.55232,1
BYBIT,XRPUSDT,60,1773086400000,1.3722,1.3785,1.3664,1.3726,7140453.6,9803096.32835,1
BYBIT,XRPUSDT,60,1773090000000,1.3726,1.3766,1.3687,1.3731,3895614.2,5351761.41708,1
BYBIT,XRPUSDT,60,1773093600000,1.3731,1.3748,1.3618,1.3636,7135356.8,9750645.19435,1
BYBIT,XRPUSDT,60,1773097200000,1.3636,1.3668,1.3596,1.3624,4365911.2,5951434.15323,1
BYBIT,XRPUSDT,60,1773100800000,1.3624,1.3734,1.36,1.3691,4746237.6,6492033.29879,1
BYBIT,XRPUSDT,60,1773104400000,1.3691,1.3745,1.3655,1.3715,4060076.6,5559820.29839,1
BYBIT,XRPUSDT,60,1773108000000,1.3715,1.3919,1.3694,1.3871,14684152.2,20317522.35612,1
BYBIT,XRPUSDT,60,1773111600000,1.3871,1.3905,1.3742,1.3745,8965717.6,12401330.31293,1
BYBIT,XRPUSDT,60,1773115200000,1.3745,1.3829,1.3724,1.3814,7127147.6,9810901.64788,1
BYBIT,XRPUSDT,60,1773118800000,1.3814,1.3891,1.3803,1.3837,6715030.3,9301413.54197,1
BYBIT,XRPUSDT,60,1773122400000,1.3837,1.3839,1.3771,1.3796,6145840.4,8485619.19468,1
BYBIT,XRPUSDT,60,1773126000000,1.3796,1.388,1.3753,1.3868,10090691.5,13946852.87913,1
BYBIT,XRPUSDT,60,1773129600000,1.3868,1.4111,1.3868,1.4011,22043743.8,30846989.32087,1
BYBIT,XRPUSDT,60,1773133200000,1.4011,1.4189,1.4011,1.4158,16544823.1,23374341.68384,1
BYBIT,XRPUSDT,60,1773136800000,1.4158,1.4168,1.4039,1.4051,15329039.1,21615376.47202,1
BYBIT,XRPUSDT,60,1773140400000,1.4051,1.4052,1.3882,1.3902,17302903.0,24138140.48022,1
BYBIT,XRPUSDT,60,1773144000000,1.3902,1.3912,1.3817,1.3882,12860123.8,17826582.23967,1
BYBIT,XRPUSDT,60,1773147600000,1.3882,1.4007,1.3803,1.3923,23256395.4,32358227.7323,1
BYBIT,XRPUSDT,60,1773151200000,1.3923,1.4373,1.3806,1.4336,45183129.5,63753762.50761,1
BYBIT,XRPUSDT,60,1773154800000,1.4336,1.4422,1.4191,1.4303,31099315.6,44426462.70694,1
BYBIT,XRPUSDT,60,1773158400000,1.4303,1.4361,1.4225,1.4267,13253476.8,18947735.60817,1
BYBIT,XRPUSDT,60,1773162000000,1.4267,1.43,1.4081,1.412,14266143.7,20214316.38462,1
BYBIT,XRPUSDT,60,1773165600000,1.412,1.4126,1.3895,1.3926,26641586.1,37172196.49016,1
BYBIT,XRPUSDT,60,1773169200000,1.3926,1.3941,1.3785,1.3843,16045228.6,22220099.06173,1
BYBIT,XRPUSDT,60,1773172800000,1.3843,1.394,1.3835,1.3889,8731376.8,12133157.40466,1
BYBIT,XRPUSDT,60,1773176400000,1.3889,1.3938,1.3776,1.3827,6239550.7,8641277.54599,1
BYBIT,XRPUSDT,60,1773180000000,1.3827,1.3879,1.3787,1.3832,4875358.3,6742720.19131,1
BYBIT,XRPUSDT,60,1773183600000,1.3832,1.3873,1.3831,1.3856,4416974.5,6116717.76996,1
BYBIT,XRPUSDT,60,1773187200000,1.3856,1.3916,1.3814,1.3876,6227078.5,8628366.90776,1
BYBIT,XRPUSDT,60,1773190800000,1.3876,1.3897,1.3834,1.3892,4588205.3,6361641.15554,1
BYBIT,XRPUSDT,60,1773194400000,1.3892,1.3896,1.3775,1.3816,7038239.9,9725825.9849,1
BYBIT,XRPUSDT,60,1773198000000,1.3816,1.3846,1.3769,1.3782,4927231.4,6795624.23471,1
BYBIT,XRPUSDT,60,1773201600000,1.3782,1.3887,1.3753,1.387,5506745.0,7613889.92332,1
BYBIT,XRPUSDT,60,1773205200000,1.387,1.3902,1.3739,1.3756,7276666.1,10054028.41982,1
BYBIT,XRPUSDT,60,1773208800000,1.3756,1.3838,1.3752,1.382,4974335.7,6860418.45787,1
BYBIT,XRPUSDT,60,1773212400000,1.382,1.3826,1.3728,1.3778,4354011.6,5997286.4224,1
BYBIT,XRPUSDT,60,1773216000000,1.3778,1.3787,1.3715,1.3752,6003853.2,8255168.28674,1
BYBIT,XRPUSDT,60,1773219600000,1.3752,1.3804,1.3721,1.3733,3663384.6,5039400.48463,1
BYBIT,XRPUSDT,60,1773223200000,1.3733,1.3808,1.3718,1.3777,3686231.0,5073591.26031,1
BYBIT,XRPUSDT,60,1773226800000,1.3777,1.38,1.3713,1.3726,5346694.1,7353013.02928,1
BYBIT,XRPUSDT,60,1773230400000,1.3726,1.3868,1.3696,1.3842,12850904.4,17727546.0049,1
BYBIT,XRPUSDT,60,1773234000000,1.3842,1.4103,1.3821,1.3916,23358741.9,32607105.32463,1
BYBIT,XRPUSDT,60,1773237600000,1.3916,1.4027,1.3856,1.3913,16047622.8,22383413.52952,1
BYBIT,XRPUSDT,60,1773241200000,1.3913,1.393,1.372,1.3817,15215645.1,21022489.92539,1
BYBIT,XRPUSDT,60,1773244800000,1.3817,1.3899,1.3794,1.3863,8156945.4,11296672.15896,1
BYBIT,XRPUSDT,60,1773248400000,1.3863,1.4009,1.3861,1.3969,17299982.4,24133354.91991,1
BYBIT,XRPUSDT,60,1773252000000,1.3969,1.4065,1.3954,1.4035,10245805.4,14344184.95212,1
BYBIT,XRPUSDT,60,1773255600000,1.4035,1.404,1.3872,1.3891,9758439.0,13607624.84717,1
BYBIT,XRPUSDT,60,1773259200000,1.3891,1.3932,1.3861,1.3909,4564437.3,6340528.74612,1
BYBIT,XRPUSDT,60,1773262800000,1.3909,1.3931,1.3878,1.3918,2855025.4,3970177.16715,1
BYBIT,XRPUSDT,60,1773266400000,1.3918,1.3965,1.3862,1.3895,5821123.5,8097506.96671,1
BYBIT,XRPUSDT,60,1773270000000,1.3895,1.3914,1.3813,1.384,4250035.6,5889319.30156,1
BYBIT,XRPUSDT,60,1773273600000,1.384,1.3853,1.3802,1.3832,3820702.0,5284924.86452,1
BYBIT,XRPUSDT,60,1773277200000,1.3832,1.3833,1.376,1.378,5882686.9,8107142.65503,1
BYBIT,XRPUSDT,60,1773280800000,1.378,1.3803,1.3695,1.3716,7818994.3,10741007.29764,1
BYBIT,XRPUSDT,60,1773284400000,1.3716,1.3752,1.3682,1.3727,5078313.0,6965454.81113,1
BYBIT,XRPUSDT,60,1773288000000,1.3727,1.3772,1.3684,1.3695,4924184.1,6759439.44767,1
BYBIT,XRPUSDT,60,1773291600000,1.3695,1.3719,1.3652,1.37,7832118.4,10712045.44903,1
BYBIT,XRPUSDT,60,1773295200000,1.37,1.3728,1.3664,1.3716,4905335.0,6721925.41682,1
BYBIT,XRPUSDT,60,1773298800000,1.3716,1.3776,1.3688,1.3757,7317035.4,10055356.29151,1
BYBIT,XRPUSDT,60,1773302400000,1.3757,1.3816,1.3726,1.3792,7163388.5,9863484.35187,1
BYBIT,XRPUSDT,60,1773306000000,1.3792,1.3879,1.3747,1.3812,5932723.1,8187323.41202,1
BYBIT,XRPUSDT,60,1773309600000,1.3812,1.3907,1.3778,1.3893,6023618.3,8343166.51624,1
BYBIT,XRPUSDT,60,1773313200000,1.3893,1.3928,1.3861,1.3872,5982239.4,8308988.37338,1
BYBIT,XRPUSDT,60,1773316800000,1.3872,1.392,1.3846,1.3874,6596373.8,9158818.74412,1
BYBIT,XRPUSDT,60,1773320400000,1.3874,1.3917,1.3764,1.3813,11771328.2,16291445.01592,1
BYBIT,XRPUSDT,60,1773324000000,1.3813,1.3911,1.3634,1.3681,20742317.0,28512301.35539,1
BYBIT,XRPUSDT,60,1773327600000,1.3681,1.3832,1.3651,1.3784,14091961.2,19394077.01715,1
BYBIT,XRPUSDT,60,1773331200000,1.3784,1.3853,1.3701,1.3814,8183687.7,11285838.40943,1
BYBIT,XRPUSDT,60,1773334800000,1.3814,1.3839,1.3766,1.3793,4103075.6,5664520.4147,1
BYBIT,XRPUSDT,60,1773338400000,1.3793,1.3804,1.3707,1.3714,4649008.7,6388964.38979,1
BYBIT,XRPUSDT,60,1773342000000,1.3714,1.3813,1.3687,1.3779,5348851.4,7366956.90508,1
BYBIT,XRPUSDT,60,1773345600000,1.3779,1.3796,1.3704,1.3711,4237891.1,5825237.68007,1
BYBIT,XRPUSDT,60,1773349200000,1.3711,1.3753,1.3706,1.3734,3279727.1,4502626.64117,1
BYBIT,XRPUSDT,60,1773352800000,1.3734,1.3785,1.3713,1.3783,3642859.9,5006172.16962,1
BYBIT,XRPUSDT,60,1773356400000,1.3783,1.3893,1.3782,1.384,11888726.9,16463967.53394,1
BYBIT,XRPUSDT,60,1773360000000,1.384,1.4244,1.3824,1.4061,41684248.4,58735500.9202,1
BYBIT,XRPUSDT,60,1773363600000,1.4061,1.4162,1.4036,1.4134,12165165.3,17170107.89259,1
BYBIT,XRPUSDT,60,1773367200000,1.4134,1.4147,1.3996,1.401,7236628.5,10168850.88185,1
BYBIT,XRPUSDT,60,1773370800000,1.401,1.4141,1.3997,1.412,4719412.3,6637747.38906,1
BYBIT,XRPUSDT,60,1773374400000,1.412,1.4136,1.407,1.4109,6138996.2,8657879.03083,1
BYBIT,XRPUSDT,60,1773378000000,1.4109,1.427,1.4072,1.4229,11363943.4,16119602.81802,1
BYBIT,XRPUSDT,60,1773381600000,1.4229,1.426,1.4117,1.4129,14859269.0,21077703.91122,1
BYBIT,XRPUSDT,60,1773385200000,1.4129,1.4203,1.4109,1.4148,10778890.8,15248680.7916,1
BYBIT,XRPUSDT,60,1773388800000,1.4148,1.4335,1.4123,1.426,17820184.5,25392459.42068,1
BYBIT,XRPUSDT,60,1773392400000,1.426,1.4365,1.4258,1.4281,11231499.3,16071431.44397,1
BYBIT,XRPUSDT,60,1773396000000,1.4281,1.4388,1.4279,1.4335,12271350.8,17582027.53958,1
BYBIT,XRPUSDT,60,1773399600000,1.4335,1.434,1.4191,1.4199,13507302.9,19255846.92768,1
BYBIT,XRPUSDT,60,1773403200000,1.4199,1.4395,1.4195,1.4331,12485655.7,17852292.93145,1
BYBIT,XRPUSDT,60,1773406800000,1.4331,1.4487,1.4301,1.4433,36258407.6,52203630.86502,1
BYBIT,XRPUSDT,60,1773410400000,1.4433,1.4524,1.4204,1.4224,36868692.8,52927580.91692,1
BYBIT,XRPUSDT,60,1773414000000,1.4224,1.4286,1.4062,1.4082,29533524.4,41837424.42693,1
BYBIT,XRPUSDT,60,1773417600000,1.4082,1.4144,1.3993,1.4092,18041031.5,25397750.29443,1
BYBIT,XRPUSDT,60,1773421200000,1.4092,1.412,1.3911,1.3934,18270441.6,25580705.52713,1
BYBIT,XRPUSDT,60,1773424800000,1.3934,1.4006,1.3888,1.3965,14181071.1,19763879.41666,1
BYBIT,XRPUSDT,60,1773428400000,1.3965,1.4019,1.3951,1.4006,6659536.4,9318269.1436,1
BYBIT,XRPUSDT,60,1773432000000,1.4006,1.4041,1.3974,1.4015,4641988.1,6504369.13499,1
BYBIT,XRPUSDT,60,1773435600000,1.4015,1.4054,1.3965,1.3996,5282077.6,7398746.89354,1
BYBIT,XRPUSDT,60,1773439200000,1.3996,1.4007,1.3894,1.3941,7347631.0,10240097.39403,1
BYBIT,XRPUSDT,60,1773442800000,1.3941,1.3995,1.3925,1.3981,4401981.2,6148305.24529,1
BYBIT,XRPUSDT,60,1773446400000,1.3981,1.399,1.3914,1.3934,4300967.8,5999119.51428,1
BYBIT,XRPUSDT,60,1773450000000,1.3934,1.4002,1.3918,1.3991,4049982.7,5655494.53776,1
BYBIT,XRPUSDT,60,1773453600000,1.3991,1.4016,1.3968,1.3976,2835190.1,3967253.30317,1
BYBIT,XRPUSDT,60,1773457200000,1.3976,1.4029,1.3962,1.3999,3727126.1,5218601.25741,1
BYBIT,XRPUSDT,60,1773460800000,1.3999,1.4035,1.3951,1.3971,6835640.1,9563660.78069,1
BYBIT,XRPUSDT,60,1773464400000,1.3971,1.3986,1.393,1.3945,2729163.8,3810102.37914,1
BYBIT,XRPUSDT,60,1773468000000,1.3945,1.3945,1.3828,1.3917,12482860.6,17326339.78714,1
BYBIT,XRPUSDT,60,1773471600000,1.3917,1.397,1.3909,1.3935,5426275.2,7563516.22488,1
BYBIT,XRPUSDT,60,1773475200000,1.3935,1.3962,1.3913,1.3927,6872842.8,9580446.65308,1
BYBIT,XRPUSDT,60,1773478800000,1.3927,1.3965,1.388,1.3891,5212596.9,7257630.79373,1
BYBIT,XRPUSDT,60,1773482400000,1.3891,1.3901,1.3869,1.3886,4116756.6,5715626.33663,1
BYBIT,XRPUSDT,60,1773486000000,1.3886,1.3921,1.3881,1.3916,3112453.3,4328507.96993,1
BYBIT,XRPUSDT,60,1773489600000,1.3916,1.3932,1.3871,1.3886,4663926.9,6482490.17217,1
BYBIT,XRPUSDT,60,1773493200000,1.3886,1.3938,1.3873,1.3908,4039189.2,5619305.34046,1
BYBIT,XRPUSDT,60,1773496800000,1.3908,1.3923,1.3864,1.3881,4470600.8,6211064.15908,1
BYBIT,XRPUSDT,60,1773500400000,1.3881,1.3908,1.3873,1.3895,1605639.8,2230580.30125,1
BYBIT,XRPUSDT,60,1773504000000,1.3895,1.3922,1.3863,1.3921,2920798.1,4056433.92614,1
BYBIT,XRPUSDT,60,1773507600000,1.3921,1.3928,1.3879,1.3887,2129469.8,2961804.28116,1
BYBIT,XRPUSDT,60,1773511200000,1.3887,1.3919,1.3874,1.3904,2024716.7,2813824.14923,1
BYBIT,XRPUSDT,60,1773514800000,1.3904,1.3907,1.3887,1.3895,941170.8,1307902.42903,1
BYBIT,XRPUSDT,60,1773518400000,1.3895,1.3933,1.388,1.3923,2210074.3,3074610.64274,1
BYBIT,XRPUSDT,60,1773522000000,1.3923,1.3961,1.3901,1.3946,3684819.8,5131589.44551,1
BYBIT,XRPUSDT,60,1773525600000,1.3946,1.3972,1.3936,1.3958,2952191.5,4119134.37665,1
BYBIT,XRPUSDT,60,1773529200000,1.3958,1.4077,1.3957,1.4056,7283945.3,10219515.26801,1
BYBIT,XRPUSDT,60,1773532800000,1.4056,1.4087,1.4015,1.4047,5592848.3,7860612.96345,1
BYBIT,XRPUSDT,60,1773536400000,1.4047,1.4073,1.4013,1.4043,2247186.5,3153963.80649,1
BYBIT,XRPUSDT,60,1773540000000,1.4043,1.4192,1.4043,1.4152,11104276.8,15699245.21458,1
BYBIT,XRPUSDT,60,1773543600000,1.4152,1.4199,1.411,1.4114,5768447.2,8162548.3944,1
BYBIT,XRPUSDT,60,1773547200000,1.4114,1.4177,1.4114,1.4163,5461766.5,7724841.69181,1
BYBIT,XRPUSDT,60,1773550800000,1.4163,1.4203,1.4133,1.4135,5508715.1,7803816.7465,1
BYBIT,XRPUSDT,60,1773554400000,1.4135,1.4154,1.4048,1.4095,11217403.5,15807415.55811,1
BYBIT,XRPUSDT,60,1773558000000,1.4095,1.4111,1.4055,1.407,3620353.6,5097174.61755,1
BYBIT,XRPUSDT,60,1773561600000,1.407,1.4126,1.407,1.4126,3592672.4,5065661.58606,1
BYBIT,XRPUSDT,60,1773565200000,1.4126,1.4181,1.4124,1.4139,6034873.3,8539368.61815,1
BYBIT,XRPUSDT,60,1773568800000,1.4139,1.4173,1.4134,1.4158,2682144.0,3796077.1062,1
BYBIT,XRPUSDT,60,1773572400000,1.4158,1.4204,1.4135,1.4192,5124339.3,7261737.66861,1
BYBIT,XRPUSDT,60,1773576000000,1.4192,1.4246,1.4144,1.4233,9786299.0,13892384.8185,1
BYBIT,XRPUSDT,60,1773579600000,1.4233,1.4297,1.4152,1.4224,22768159.4,32378369.26915,1
BYBIT,XRPUSDT,60,1773583200000,1.4224,1.4245,1.4118,1.4168,10705944.5,15166277.96801,1
BYBIT,XRPUSDT,60,1773586800000,1.4168,1.4218,1.4143,1.4148,3995078.9,5664863.40277,1
BYBIT,XRPUSDT,60,1773590400000,1.4148,1.4177,1.4087,1.4122,7667648.1,10830595.13328,1
BYBIT,XRPUSDT,60,1773594000000,1.4122,1.4234,1.4114,1.4185,6119993.0,8672290.50128,1
BYBIT,XRPUSDT,60,1773597600000,1.4185,1.4202,1.4079,1.4099,8595644.9,12143298.58464,1
BYBIT,XRPUSDT,60,1773601200000,1.4099,1.4144,1.4089,1.4121,6015301.2,8489871.6055,1
BYBIT,XRPUSDT,60,1773604800000,1.4121,1.4225,1.4097,1.4169,6122071.8,8677094.636,1
BYBIT,XRPUSDT,60,1773608400000,1.4169,1.433,1.4135,1.4266,7821626.8,11135982.95508,1
BYBIT,XRPUSDT,60,1773612000000,1.4266,1.4648,1.4221,1.4546,41945227.2,60572181.36846,1
BYBIT,XRPUSDT,60,1773615600000,1.4546,1.4574,1.4389,1.4485,22043460.8,31898358.84117,1
BYBIT,XRPUSDT,60,1773619200000,1.4485,1.4576,1.4437,1.4461,11787966.9,17098501.0677,1
BYBIT,XRPUSDT,60,1773622800000,1.4461,1.4497,1.437,1.4465,13263519.4,19139548.27601,1
BYBIT,XRPUSDT,60,1773626400000,1.4465,1.4487,1.4352,1.4422,6209320.2,8944200.11693,1
BYBIT,XRPUSDT,60,1773630000000,1.4422,1.4798,1.4395,1.4671,27862115.1,40828545.01485,1
BYBIT,XRPUSDT,60,1773633600000,1.4671,1.4858,1.4668,1.4796,24557414.5,36248334.44956,1
BYBIT,XRPUSDT,60,1773637200000,1.4796,1.4844,1.4736,1.4804,11694034.0,17296323.78745,1
BYBIT,XRPUSDT,60,1773640800000,1.4804,1.4813,1.4729,1.4763,9033711.7,13344130.87173,1
BYBIT,XRPUSDT,60,1773644400000,1.4763,1.4884,1.4755,1.4827,11289309.3,16742176.70124,1
BYBIT,XRPUSDT,60,1773648000000,1.4827,1.489,1.464,1.468,21224072.7,31309675.11782,1
BYBIT,XRPUSDT,60,1773651600000,1.468,1.4758,1.4661,1.4736,9048304.6,13306211.24883,1
BYBIT,XRPUSDT,60,1773655200000,1.4736,1.4758,1.4664,1.4745,8243981.2,12131271.93178,1
BYBIT,XRPUSDT,60,1773658800000,1.4745,1.475,1.4661,1.4694,5515152.7,8110627.64331,1
BYBIT,XRPUSDT,60,1773662400000,1.4694,1.4801,1.4691,1.4757,11740734.2,17326098.27806,1
BYBIT,XRPUSDT,60,1773666000000,1.4757,1.4922,1.4741,1.4821,19403639.5,28779368.42857,1
BYBIT,XRPUSDT,60,1773669600000,1.4821,1.5091,1.4706,1.5089,33601547.9,49903830.8145,1
BYBIT,XRPUSDT,60,1773673200000,1.5089,1.516,1.4916,1.4924,40840670.0,61450250.48197,1
BYBIT,XRPUSDT,60,1773676800000,1.4924,1.5107,1.491,1.508,13080467.6,19617475.71841,1
BYBIT,XRPUSDT,60,1773680400000,1.508,1.5182,1.5047,1.5177,14720005.8,22253510.3124,1
BYBIT,XRPUSDT,60,1773684000000,1.5177,1.5441,1.5156,1.5349,31594029.3,48440458.16421,1
BYBIT,XRPUSDT,60,1773687600000,1.5349,1.5422,1.5198,1.5292,17775758.6,27207673.18294,1
BYBIT,XRPUSDT,60,1773691200000,1.5292,1.5304,1.5227,1.5274,9340808.8,14255458.45726,1
BYBIT,XRPUSDT,60,1773694800000,1.5274,1.5404,1.5254,1.5271,11662828.0,17851687.46272,1
BYBIT,XRPUSDT,60,1773698400000,1.5271,1.5518,1.527,1.5508,20637931.0,31813458.73706,1
BYBIT,XRPUSDT,60,1773702000000,1.5508,1.551,1.5362,1.542,16812179.2,25941273.14586,1
BYBIT,XRPUSDT,60,1773705600000,1.542,1.5536,1.5335,1.5446,20703326.9,31946512.15192,1
BYBIT,XRPUSDT,60,1773709200000,1.5446,1.5773,1.5436,1.57,37900495.8,59308463.63553,1
BYBIT,XRPUSDT,60,1773712800000,1.57,1.6065,1.5587,1.5932,37814918.4,59913597.83311,1
BYBIT,XRPUSDT,60,1773716400000,1.5932,1.5945,1.5337,1.5435,48769432.8,75969214.51632,1
BYBIT,XRPUSDT,60,1773720000000,1.5435,1.5517,1.5232,1.5295,33323771.1,51256492.33404,1
BYBIT,XRPUSDT,60,1773723600000,1.5295,1.5315,1.5099,1.5148,21733906.4,33031112.67819,1
BYBIT,XRPUSDT,60,1773727200000,1.5148,1.5221,1.5037,1.516,19380600.7,29360162.95374,1
BYBIT,XRPUSDT,60,1773730800000,1.516,1.5425,1.5157,1.5294,19800409.9,30308998.23309,1
BYBIT,XRPUSDT,60,1773734400000,1.5294,1.5327,1.5184,1.5201,12802741.9,19539333.92205,1
BYBIT,XRPUSDT,60,1773738000000,1.5201,1.523,1.5073,1.5115,20975872.7,31798440.84704,1
BYBIT,XRPUSDT,60,1773741600000,1.5115,1.5117,1.5012,1.508,16380641.1,24685139.12849,1
BYBIT,XRPUSDT,60,1773745200000,1.508,1.5177,1.5064,1.5087,12461305.0,18842794.56116,1
BYBIT,XRPUSDT,60,1773748800000,1.5087,1.5143,1.5007,1.5042,14121411.9,21277828.70132,1
BYBIT,XRPUSDT,60,1773752400000,1.5042,1.5174,1.495,1.5031,44430314.9,66877032.67107,1
BYBIT,XRPUSDT,60,1773756000000,1.5031,1.5126,1.4923,1.5114,15922184.5,23933069.57528,1
BYBIT,XRPUSDT,60,1773759600000,1.5114,1.5216,1.502,1.5128,14803121.2,22375673.47811,1
BYBIT,XRPUSDT,60,1773763200000,1.5128,1.545,1.4976,1.5177,78205853.0,118850516.03825,1
BYBIT,XRPUSDT,60,1773766800000,1.5177,1.5306,1.5159,1.53,8580833.1,13083779.75769,1
BYBIT,XRPUSDT,60,1773770400000,1.53,1.5375,1.5242,1.5355,5612509.8,8593697.81632,1
BYBIT,XRPUSDT,60,1773774000000,1.5355,1.54,1.5289,1.5322,7285292.2,11173924.16591,1
BYBIT,XRPUSDT,60,1773777600000,1.5322,1.5348,1.5274,1.5323,4177827.8,6398245.79269,1
BYBIT,XRPUSDT,60,1773781200000,1.5323,1.5355,1.5259,1.5293,6532499.4,9995347.98082,1
BYBIT,XRPUSDT,60,1773784800000,1.5293,1.536,1.5196,1.5269,7480697.4,11420504.86295,1
BYBIT,XRPUSDT,60,1773788400000,1.5269,1.5299,1.5168,1.5175,7841693.6,11927702.02694,1
BYBIT,XRPUSDT,60,1773792000000,1.5175,1.5207,1.5084,1.5148,8760453.6,13260003.80652,1
BYBIT,XRPUSDT,60,1773795600000,1.5148,1.5225,1.5127,1.5145,7524994.3,11417847.46514,1
BYBIT,XRPUSDT,60,1773799200000,1.5145,1.5307,1.5139,1.526,5917789.1,9025331.81948,1
BYBIT,XRPUSDT,60,1773802800000,1.526,1.5391,1.5247,1.5383,7643585.4,11719883.05615,1
BYBIT,XRPUSDT,60,1773806400000,1.5383,1.5407,1.5229,1.5258,9488594.7,14541047.66781,1
BYBIT,XRPUSDT,60,1773810000000,1.5258,1.5366,1.5208,1.5227,5674520.2,8669674.187,1
BYBIT,XRPUSDT,60,1773813600000,1.5227,1.5299,1.5226,1.5239,3879699.4,5920378.03271,1
BYBIT,XRPUSDT,60,1773817200000,1.5239,1.5239,1.5138,1.5191,8316973.9,12622869.14719,1
BYBIT,XRPUSDT,60,1773820800000,1.5191,1.5245,1.5186,1.5214,4661499.3,7094933.46625,1
BYBIT,XRPUSDT,60,1773824400000,1.5214,1.5265,1.52,1.5229,4187662.7,6378242.74209,1
BYBIT,XRPUSDT,60,1773828000000,1.5229,1.524,1.5082,1.5102,8859853.4,13411939.05893,1
BYBIT,XRPUSDT,60,1773831600000,1.5102,1.5112,1.4829,1.4888,30397403.2,45420562.0033,1
BYBIT,XRPUSDT,60,1773835200000,1.4888,1.49,1.4563,1.4632,36059762.0,53071962.37333,1
BYBIT,XRPUSDT,60,1773838800000,1.4632,1.4731,1.4546,1.4657,19538249.8,28625474.48453,1
BYBIT,XRPUSDT,60,1773842400000,1.4657,1.4674,1.4432,1.4452,21361684.5,31058251.3994,1
BYBIT,XRPUSDT,60,1773846000000,1.4452,1.4519,1.4377,1.4397,23338516.3,33698998.88221,1
BYBIT,XRPUSDT,60,1773849600000,1.4397,1.4465,1.4347,1.4417,15543216.6,22389874.31589,1
BYBIT,XRPUSDT,60,1773853200000,1.4417,1.4586,1.439,1.4557,13579607.4,19691099.73663,1
BYBIT,XRPUSDT,60,1773856800000,1.4557,1.466,1.4472,1.4514,21022602.3,30665619.01791,1
BYBIT,XRPUSDT,60,1773860400000,1.4514,1.4598,1.4473,1.4484,10920354.3,15877085.41397,1
BYBIT,XRPUSDT,60,1773864000000,1.4484,1.4616,1.4413,1.4584,14030538.3,20338076.85102,1
BYBIT,XRPUSDT,60,1773867600000,1.4584,1.4715,1.4577,1.4667,7715973.6,11306241.27433,1
BYBIT,XRPUSDT,60,1773871200000,1.4667,1.4671,1.4588,1.4618,5248570.3,7670728.56841,1
BYBIT,XRPUSDT,60,1773874800000,1.4618,1.4652,1.4571,1.464,4053193.1,5923982.79004,1
BYBIT,XRPUSDT,60,1773878400000,1.464,1.4643,1.4586,1.4602,5102326.4,7453914.68816,1
BYBIT,XRPUSDT,60,1773882000000,1.4602,1.4664,1.456,1.4609,4538001.4,6631667.01272,1
BYBIT,XRPUSDT,60,1773885600000,1.4609,1.4634,1.4548,1.4567,3576637.8,5220206.37364,1
BYBIT,XRPUSDT,60,1773889200000,1.4567,1.4782,1.4566,1.4735,15076451.3,22184685.0959,1
BYBIT,XRPUSDT,60,1773892800000,1.4735,1.4736,1.4629,1.4657,7097919.1,10413234.77575,1
BYBIT,XRPUSDT,60,1773896400000,1.4657,1.4668,1.4585,1.466,4809684.9,7035671.63145,1
BYBIT,XRPUSDT,60,1773900000000,1.466,1.4813,1.4633,1.4681,18156563.6,26731513.16419,1
BYBIT,XRPUSDT,60,1773903600000,1.4681,1.4697,1.4501,1.4605,22264104.1,32504588.19322,1
BYBIT,XRPUSDT,60,1773907200000,1.4605,1.4635,1.4511,1.4548,7822935.4,11405168.36886,1
BYBIT,XRPUSDT,60,1773910800000,1.4548,1.4702,1.4547,1.4684,9854920.9,14419463.59056,1
BYBIT,XRPUSDT,60,1773914400000,1.4684,1.4695,1.4615,1.4622,3884460.4,5691357.00858,1
BYBIT,XRPUSDT,60,1773918000000,1.4622,1.4649,1.4563,1.4578,5902892.7,8617785.40174,1
BYBIT,XRPUSDT,60,1773921600000,1.4578,1.4579,1.4343,1.4363,22776736.3,32897330.45115,1
BYBIT,XRPUSDT,60,1773925200000,1.4363,1.4532,1.4315,1.4512,19551057.6,28186185.88215,1
BYBIT,XRPUSDT,60,1773928800000,1.4512,1.4559,1.4379,1.4434,11034389.3,15943158.22233,1
BYBIT,XRPUSDT,60,1773932400000,1.4434,1.4491,1.4235,1.4312,25597427.4,36625059.98867,1
BYBIT,XRPUSDT,60,1773936000000,1.4312,1.4365,1.4221,1.4264,14369446.6,20526125.10621,1
BYBIT,XRPUSDT,60,1773939600000,1.4264,1.4387,1.4208,1.4378,9897394.0,14149262.69899,1
BYBIT,XRPUSDT,60,1773943200000,1.4378,1.4382,1.4298,1.4362,4993649.4,7159211.15729,1
BYBIT,XRPUSDT,60,1773946800000,1.4362,1.4518,1.4353,1.4439,13777101.8,19924409.89144,1
BYBIT,XRPUSDT,60,1773950400000,1.4439,1.4534,1.4424,1.4487,5236222.2,7583526.86589,1
BYBIT,XRPUSDT,60,1773954000000,1.4487,1.4551,1.4483,1.4537,5494138.4,7982025.90781,1
BYBIT,XRPUSDT,60,1773957600000,1.4537,1.4548,1.4433,1.4486,4717511.5,6835683.95423,1
BYBIT,XRPUSDT,60,1773961200000,1.4486,1.4531,1.4419,1.4467,4257757.4,6160120.95291,1
BYBIT,XRPUSDT,60,1773964800000,1.4467,1.4523,1.4446,1.4492,4301798.3,6233483.67324,1
BYBIT,XRPUSDT,60,1773968400000,1.4492,1.4603,1.4492,1.4556,6727193.0,9793164.44764,1
BYBIT,XRPUSDT,60,1773972000000,1.4556,1.4563,1.4456,1.4514,5673418.9,8223469.78152,1
BYBIT,XRPUSDT,60,1773975600000,1.4514,1.4565,1.449,1.4522,4484088.8,6513020.00598,1
BYBIT,XRPUSDT,60,1773979200000,1.4522,1.4564,1.4465,1.4527,5892545.2,8550256.37513,1
BYBIT,XRPUSDT,60,1773982800000,1.4527,1.4578,1.449,1.4542,4914070.3,7146965.969,1
BYBIT,XRPUSDT,60,1773986400000,1.4542,1.4624,1.4495,1.4496,8489187.0,12357315.23733,1
BYBIT,XRPUSDT,60,1773990000000,1.4496,1.456,1.4418,1.4539,8132806.1,11779475.79979,1
BYBIT,XRPUSDT,60,1773993600000,1.4539,1.4661,1.4528,1.4591,11057453.4,16154337.21329,1
BYBIT,XRPUSDT,60,1773997200000,1.4591,1.4591,1.444,1.447,10226274.2,14822851.01571,1
BYBIT,XRPUSDT,60,1774000800000,1.447,1.453,1.443,1.4497,6221481.4,9003014.08458,1
BYBIT,XRPUSDT,60,1774004400000,1.4497,1.4542,1.442,1.4485,7565158.1,10951460.11347,1
BYBIT,XRPUSDT,60,1774008000000,1.4485,1.452,1.4398,1.4416,9031561.5,13060405.62023,1
BYBIT,XRPUSDT,60,1774011600000,1.4416,1.4485,1.4357,1.4373,14775956.4,21284587.74999,1
BYBIT,XRPUSDT,60,1774015200000,1.4373,1.4442,1.4326,1.4357,13569325.5,19514220.40513,1
BYBIT,XRPUSDT,60,1774018800000,1.4357,1.4414,1.425,1.4369,14377473.1,20607873.9199,1
BYBIT,XRPUSDT,60,1774022400000,1.4369,1.4425,1.4318,1.4367,9549025.1,13732310.59917,1
BYBIT,XRPUSDT,60,1774026000000,1.4367,1.44,1.4281,1.4386,6822428.1,9785600.2008,1
BYBIT,XRPUSDT,60,1774029600000,1.4386,1.4392,1.4277,1.4304,4713399.0,6752624.88036,1
BYBIT,XRPUSDT,60,1774033200000,1.4304,1.4368,1.424,1.4353,7866672.7,11254030.83605,1
BYBIT,XRPUSDT,60,1774036800000,1.4353,1.437,1.4283,1.4358,4791744.2,6866240.57537,1
BYBIT,XRPUSDT,60,1774040400000,1.4358,1.448,1.4331,1.4427,6184242.7,8917925.65579,1
BYBIT,XRPUSDT,60,1774044000000,1.4427,1.4518,1.4427,1.4472,4382888.6,6347441.80596,1
BYBIT,XRPUSDT,60,1774047600000,1.4472,1.4474,1.4391,1.4443,2593093.8,3740973.82427,1
BYBIT,XRPUSDT,60,1774051200000,1.4443,1.4487,1.4421,1.4471,3230162.5,4669642.21611,1
BYBIT,XRPUSDT,60,1774054800000,1.4471,1.4494,1.4416,1.4429,2668301.4,3853932.92078,1
BYBIT,XRPUSDT,60,1774058400000,1.4429,1.4479,1.4418,1.4462,2720381.2,3931735.08633,1
BYBIT,XRPUSDT,60,1774062000000,1.4462,1.4473,1.4442,1.4452,2168762.0,3134846.81384,1
BYBIT,XRPUSDT,60,1774065600000,1.4452,1.4474,1.4435,1.4437,2440170.9,3526391.19008,1
BYBIT,XRPUSDT,60,1774069200000,1.4437,1.4505,1.4436,1.4505,3485517.5,5044500.96256,1
BYBIT,XRPUSDT,60,1774072800000,1.4505,1.452,1.4467,1.4478,5842849.4,8468367.03594,1
BYBIT,XRPUSDT,60,1774076400000,1.4478,1.4491,1.4428,1.443,2686561.9,3885477.99718,1
BYBIT,XRPUSDT,60,1774080000000,1.443,1.4447,1.4389,1.4401,4920828.6,7091277.32396,1
BYBIT,XRPUSDT,60,1774083600000,1.4401,1.4424,1.4359,1.4392,6129138.2,8815000.53786,1
BYBIT,XRPUSDT,60,1774087200000,1.4392,1.44,1.437,1.4395,2103094.3,3025318.33599,1
BYBIT,XRPUSDT,60,1774090800000,1.4395,1.4423,1.4385,1.4418,2196067.4,3163273.77497,1
BYBIT,XRPUSDT,60,1774094400000,1.4418,1.4464,1.4394,1.4441,4710284.6,6799255.35435,1
BYBIT,XRPUSDT,60,1774098000000,1.4441,1.4456,1.4342,1.4391,11591387.1,16681063.92994,1
BYBIT,XRPUSDT,60,1774101600000,1.4391,1.4445,1.4343,1.4357,5329432.8,7671501.80635,1
BYBIT,XRPUSDT,60,1774105200000,1.4357,1.4397,1.433,1.4371,3487764.1,5008935.69156,1
BYBIT,XRPUSDT,60,1774108800000,1.4371,1.4376,1.4332,1.436,2098607.2,3012368.29299,1
BYBIT,XRPUSDT,60,1774112400000,1.436,1.4405,1.4331,1.4388,2425543.2,3485421.64964,1
BYBIT,XRPUSDT,60,1774116000000,1.4388,1.4412,1.4359,1.4367,2469857.6,3553769.97731,1
BYBIT,XRPUSDT,60,1774119600000,1.4367,1.4375,1.4349,1.4364,964352.4,1385246.872,1
BYBIT,XRPUSDT,60,1774123200000,1.4364,1.4421,1.4361,1.4406,2019146.4,2908476.47558,1
BYBIT,XRPUSDT,60,1774126800000,1.4406,1.4412,1.4371,1.4392,2143548.8,3085154.70819,1
BYBIT,XRPUSDT,60,1774130400000,1.4392,1.4407,1.4367,1.4385,1289544.7,1854951.50546,1
BYBIT,XRPUSDT,60,1774134000000,1.4385,1.4387,1.3992,1.4077,34354736.8,48607975.09456,1
BYBIT,XRPUSDT,60,1774137600000,1.4077,1.417,1.3926,1.4099,26509331.4,37231608.68837,1
BYBIT,XRPUSDT,60,1774141200000,1.4099,1.4155,1.4048,1.4092,9371409.7,13211035.47864,1
BYBIT,XRPUSDT,60,1774144800000,1.4092,1.4197,1.407,1.4158,7523761.1,10642908.99452,1
BYBIT,XRPUSDT,60,1774148400000,1.4158,1.4259,1.4123,1.4163,8713397.0,12366896.39691,1
BYBIT,XRPUSDT,60,1774152000000,1.4163,1.4198,1.4093,1.4166,10733323.5,15174678.20932,1
BYBIT,XRPUSDT,60,1774155600000,1.4166,1.4168,1.411,1.4111,4127053.1,5832988.52673,1
BYBIT,XRPUSDT,60,1774159200000,1.4111,1.4124,1.4092,1.41,3929845.8,5543175.01559,1
BYBIT,XRPUSDT,60,1774162800000,1.41,1.4124,1.4023,1.4027,6317231.2,8893390.661,1
BYBIT,XRPUSDT,60,1774166400000,1.4027,1.4034,1.3918,1.3984,12442434.8,17383132.50211,1
BYBIT,XRPUSDT,60,1774170000000,1.3984,1.4029,1.3942,1.3952,5502635.2,7692908.49105,1
BYBIT,XRPUSDT,60,1774173600000,1.3952,1.3963,1.3858,1.3877,12008485.2,16695452.04751,1
BYBIT,XRPUSDT,60,1774177200000,1.3877,1.3949,1.3848,1.3902,8034189.9,11162782.15936,1
BYBIT,XRPUSDT,60,1774180800000,1.3902,1.4011,1.3901,1.3987,7658413.0,10698192.03121,1
BYBIT,XRPUSDT,60,1774184400000,1.3987,1.4062,1.395,1.3974,6765654.3,9478238.47477,1
BYBIT,XRPUSDT,60,1774188000000,1.3974,1.4023,1.3939,1.3964,5100419.8,7132853.03381,1
BYBIT,XRPUSDT,60,1774191600000,1.3964,1.4002,1.3905,1.3919,4956311.9,6913115.73913,1
BYBIT,XRPUSDT,60,1774195200000,1.3919,1.3948,1.3895,1.3937,8143186.2,11335962.663,1
BYBIT,XRPUSDT,60,1774198800000,1.3937,1.395,1.3907,1.3921,2989311.2,4163474.26468,1
BYBIT,XRPUSDT,60,1774202400000,1.3921,1.3921,1.3802,1.3874,7976280.5,11053937.01264,1
BYBIT,XRPUSDT,60,1774206000000,1.3874,1.3874,1.3801,1.3842,5439901.7,7525023.96853,1
BYBIT,XRPUSDT,60,1774209600000,1.3842,1.3897,1.384,1.386,3823926.4,5303787.07488,1
BYBIT,XRPUSDT,60,1774213200000,1.386,1.3871,1.3706,1.3788,15821862.8,21795244.13377,1
BYBIT,XRPUSDT,60,1774216800000,1.3788,1.3922,1.3706,1.3902,10513176.9,14531194.02373,1
BYBIT,XRPUSDT,60,1774220400000,1.3902,1.3924,1.3831,1.3843,4031689.4,5593340.70613,1
BYBIT,XRPUSDT,60,1774224000000,1.3843,1.3903,1.3735,1.3781,8425509.0,11638834.48792,1
BYBIT,XRPUSDT,60,1774227600000,1.3781,1.3895,1.3749,1.3812,4315909.9,5971788.39728,1
BYBIT,XRPUSDT,60,1774231200000,1.3812,1.3932,1.3809,1.3848,7516222.6,10423105.79221,1
BYBIT,XRPUSDT,60,1774234800000,1.3848,1.3915,1.3778,1.3807,3574894.9,4942970.59075,1
BYBIT,XRPUSDT,60,1774238400000,1.3807,1.39,1.378,1.3899,4258975.4,5896391.68157,1
BYBIT,XRPUSDT,60,1774242000000,1.3899,1.396,1.3873,1.3903,11005279.3,15317145.05873,1
BYBIT,XRPUSDT,60,1774245600000,1.3903,1.3903,1.3676,1.3708,13257793.8,18228118.78031,1
BYBIT,XRPUSDT,60,1774249200000,1.3708,1.375,1.3615,1.372,11128534.5,15224410.42062,1
BYBIT,XRPUSDT,60,1774252800000,1.372,1.3794,1.3663,1.3676,5780222.6,7943111.13406,1
BYBIT,XRPUSDT,60,1774256400000,1.3676,1.3708,1.3606,1.3684,5588670.2,7632623.06006,1
BYBIT,XRPUSDT,60,1774260000000,1.3684,1.3797,1.3677,1.3714,9205897.7,12648379.96024,1
BYBIT,XRPUSDT,60,1774263600000,1.3714,1.4446,1.3714,1.4107,123958755.9,175745943.56303,1
BYBIT,XRPUSDT,60,1774267200000,1.4107,1.4271,1.4008,1.4244,25863896.4,36608408.38578,1
BYBIT,XRPUSDT,60,1774270800000,1.4244,1.4435,1.4205,1.4415,21291029.3,30480137.38427,1
BYBIT,XRPUSDT,60,1774274400000,1.4415,1.4564,1.4407,1.4547,19337115.7,27995577.66255,1
BYBIT,XRPUSDT,60,1774278000000,1.4547,1.4657,1.4299,1.4306,31380788.8,45561998.74516,1
BYBIT,XRPUSDT,60,1774281600000,1.4306,1.4423,1.4266,1.4335,17965587.9,25777997.38568,1
BYBIT,XRPUSDT,60,1774285200000,1.4335,1.446,1.426,1.4437,11414059.4,16397300.47324,1
BYBIT,XRPUSDT,60,1774288800000,1.4437,1.4461,1.4362,1.4412,4986319.3,7179208.66816,1
BYBIT,XRPUSDT,60,1774292400000,1.4412,1.4454,1.4309,1.4338,5050574.2,7256845.5696,1
BYBIT,XRPUSDT,60,1774296000000,1.4338,1.4394,1.4303,1.4375,3526814.6,5061340.30109,1
BYBIT,XRPUSDT,60,1774299600000,1.4375,1.4402,1.4341,1.4352,2374997.2,3414533.39918,1
BYBIT,XRPUSDT,60,1774303200000,1.4352,1.4365,1.4245,1.4288,6745828.4,9637527.99286,1
BYBIT,XRPUSDT,60,1774306800000,1.4288,1.4337,1.4232,1.4315,4206100.8,6007368.83093,1
BYBIT,XRPUSDT,60,1774310400000,1.4315,1.4346,1.4157,1.4193,7769747.0,11053805.19824,1
BYBIT,XRPUSDT,60,1774314000000,1.4193,1.4227,1.4094,1.4129,8644761.5,12237886.2255,1
BYBIT,XRPUSDT,60,1774317600000,1.4129,1.4164,1.4083,1.4086,7750761.8,10945635.57474,1
BYBIT,XRPUSDT,60,1774321200000,1.4086,1.4153,1.408,1.4138,3945702.2,5566137.21253,1
BYBIT,XRPUSDT,60,1774324800000,1.4138,1.4162,1.406,1.4079,5627970.2,7934513.52496,1
BYBIT,XRPUSDT,60,1774328400000,1.4079,1.415,1.4042,1.4134,7100886.5,10007975.59326,1
BYBIT,XRPUSDT,60,1774332000000,1.4134,1.4166,1.4095,1.4151,6498585.9,9177145.61027,1
BYBIT,XRPUSDT,60,1774335600000,1.4151,1.4319,1.4136,1.4306,11656105.3,16578425.364,1
BYBIT,XRPUSDT,60,1774339200000,1.4306,1.4332,1.4139,1.4165,17618214.3,25060509.7794,1
BYBIT,XRPUSDT,60,1774342800000,1.4165,1.4234,1.4123,1.4225,6430592.9,9113128.97733,1
BYBIT,XRPUSDT,60,1774346400000,1.4225,1.4229,1.4158,1.4207,5288499.1,7502187.17942,1
BYBIT,XRPUSDT,60,1774350000000,1.4207,1.4254,1.4142,1.4224,9800346.3,13914809.91341,1
BYBIT,XRPUSDT,60,1774353600000,1.4224,1.4229,1.4136,1.4157,4644168.7,6582180.90315,1
BYBIT,XRPUSDT,60,1774357200000,1.4157,1.4174,1.3994,1.4018,17189936.1,24184892.82984,1
BYBIT,XRPUSDT,60,1774360800000,1.4018,1.4081,1.3946,1.4015,17801915.9,24946491.74349,1
BYBIT,XRPUSDT,60,1774364400000,1.4015,1.4078,1.3996,1.4,9765211.4,13700206.10843,1
BYBIT,XRPUSDT,60,1774368000000,1.4,1.4031,1.3881,1.3901,13263187.0,18479003.7095,1
BYBIT,XRPUSDT,60,1774371600000,1.3901,1.393,1.382,1.3874,8607379.2,11944947.07641,1
BYBIT,XRPUSDT,60,1774375200000,1.3874,1.3942,1.3863,1.3879,6864746.0,9535232.50199,1
BYBIT,XRPUSDT,60,1774378800000,1.3879,1.3928,1.386,1.387,4803618.9,6676334.6101,1
BYBIT,XRPUSDT,60,1774382400000,1.387,1.412,1.3853,1.4091,14299906.0,20043069.34461,1
BYBIT,XRPUSDT,60,1774386000000,1.4091,1.4138,1.4045,1.4122,6689624.3,9420654.56693,1
BYBIT,XRPUSDT,60,1774389600000,1.4122,1.4137,1.4073,1.4103,5431634.9,7663193.61638,1
BYBIT,XRPUSDT,60,1774393200000,1.4103,1.4174,1.4085,1.415,4189375.5,5924415.59032,1
BYBIT,XRPUSDT,60,1774396800000,1.415,1.4249,1.4115,1.4196,8077322.6,11465848.42016,1
BYBIT,XRPUSDT,60,1774400400000,1.4196,1.4219,1.415,1.4163,4380064.2,6214137.18315,1
BYBIT,XRPUSDT,60,1774404000000,1.4163,1.4166,1.4096,1.41,5549926.5,7841952.49858,1
BYBIT,XRPUSDT,60,1774407600000,1.41,1.4142,1.406,1.4126,3853242.9,5432748.84432,1
BYBIT,XRPUSDT,60,1774411200000,1.4126,1.4169,1.4103,1.4155,2804058.0,3963319.56725,1
BYBIT,XRPUSDT,60,1774414800000,1.4155,1.423,1.4144,1.4171,5381965.7,7640868.71129,1
BYBIT,XRPUSDT,60,1774418400000,1.4171,1.4225,1.4155,1.4173,4587792.9,6511563.62207,1
BYBIT,XRPUSDT,60,1774422000000,1.4173,1.4261,1.4163,1.4194,7276494.6,10347761.50299,1
BYBIT,XRPUSDT,60,1774425600000,1.4194,1.4252,1.4172,1.4188,11962327.8,16997411.96645,1
BYBIT,XRPUSDT,60,1774429200000,1.4188,1.4207,1.4116,1.4171,10788082.7,15274440.42968,1
BYBIT,XRPUSDT,60,1774432800000,1.4171,1.4233,1.4158,1.4222,5400263.7,7668319.98577,1
BYBIT,XRPUSDT,60,1774436400000,1.4222,1.4373,1.422,1.4282,23269026.4,33297604.19423,1
BYBIT,XRPUSDT,60,1774440000000,1.4282,1.4315,1.4129,1.4215,17088634.8,24287945.04552,1
BYBIT,XRPUSDT,60,1774443600000,1.4215,1.4289,1.4175,1.4198,6765988.9,9627255.99254,1
BYBIT,XRPUSDT,60,1774447200000,1.4198,1.4218,1.4143,1.4145,6858125.3,9725463.83955,1
BYBIT,XRPUSDT,60,1774450800000,1.4145,1.4161,1.4009,1.4066,17559066.6,24695321.0013,1
BYBIT,XRPUSDT,60,1774454400000,1.4066,1.4203,1.4039,1.4149,11021322.6,15577733.27915,1
BYBIT,XRPUSDT,60,1774458000000,1.4149,1.4167,1.4092,1.4108,4250524.8,6006803.95169,1
BYBIT,XRPUSDT,60,1774461600000,1.4108,1.4182,1.409,1.4119,3408586.0,4819739.4979,1
BYBIT,XRPUSDT,60,1774465200000,1.4119,1.415,1.4078,1.4113,3773889.5,5328287.61125,1
BYBIT,XRPUSDT,60,1774468800000,1.4113,1.4147,1.4091,1.4138,2593323.7,3661642.08148,1
BYBIT,XRPUSDT,60,1774472400000,1.4138,1.4168,1.4111,1.4128,2020139.8,2856473.03646,1
BYBIT,XRPUSDT,60,1774476000000,1.4128,1.4219,1.4117,1.4171,3711993.8,5260798.13491,1
BYBIT,XRPUSDT,60,1774479600000,1.4171,1.4188,1.4121,1.4139,3122689.4,4420983.7848,1
BYBIT,XRPUSDT,60,1774483200000,1.4139,1.4158,1.4106,1.4128,3033633.4,4287043.97016,1
BYBIT,XRPUSDT,60,1774486800000,1.4128,1.4144,1.4095,1.4101,3662446.5,5171504.45574,1
BYBIT,XRPUSDT,60,1774490400000,1.4101,1.4111,1.3982,1.4029,7728508.4,10845130.24661,1
BYBIT,XRPUSDT,60,1774494000000,1.4029,1.4029,1.3955,1.4009,4266529.8,5969356.24683,1
BYBIT,XRPUSDT,60,1774497600000,1.4009,1.405,1.397,1.4019,2910929.4,4078241.61163,1
BYBIT,XRPUSDT,60,1774501200000,1.4019,1.4023,1.3872,1.388,9571234.5,13333339.36105,1
BYBIT,XRPUSDT,60,1774504800000,1.388,1.392,1.3847,1.3849,8872714.9,12318229.73798,1
BYBIT,XRPUSDT,60,1774508400000,1.3849,1.3868,1.3785,1.3851,9624787.8,13308556.82105,1
BYBIT,XRPUSDT,60,1774512000000,1.3851,1.3857,1.3792,1.3815,5942696.2,8209918.237,1
BYBIT,XRPUSDT,60,1774515600000,1.3815,1.3834,1.3671,1.3721,13773710.9,18915189.21697,1
BYBIT,XRPUSDT,60,1774519200000,1.3721,1.3761,1.3685,1.3727,6379126.9,8753845.45002,1
BYBIT,XRPUSDT,60,1774522800000,1.3727,1.3758,1.3677,1.3703,5887929.0,8074793.21239,1
BYBIT,XRPUSDT,60,1774526400000,1.3703,1.375,1.3691,1.3735,5654889.7,7759713.1655,1
BYBIT,XRPUSDT,60,1774530000000,1.3735,1.3823,1.3701,1.3777,14422228.0,19861306.10713,1
BYBIT,XRPUSDT,60,1774533600000,1.3777,1.3809,1.3639,1.3674,11013703.6,15093096.57198,1
BYBIT,XRPUSDT,60,1774537200000,1.3674,1.3678,1.3516,1.3596,19389819.4,26342453.1302,1
BYBIT,XRPUSDT,60,1774540800000,1.3596,1.3659,1.3592,1.36,7447206.8,10148724.29525,1
BYBIT,XRPUSDT,60,1774544400000,1.36,1.3638,1.3503,1.3533,7845029.1,10637261.51281,1
BYBIT,XRPUSDT,60,1774548000000,1.3533,1.355,1.3351,1.3466,24950478.9,33516320.89181,1
BYBIT,XRPUSDT,60,1774551600000,1.3466,1.3511,1.343,1.3435,7719993.5,10399028.91465,1
BYBIT,XRPUSDT,60,1774555200000,1.3435,1.3668,1.3432,1.3586,26118806.6,35485606.9334,1
BYBIT,XRPUSDT,60,1774558800000,1.3586,1.3708,1.3572,1.3661,9545474.3,13022268.44934,1
BYBIT,XRPUSDT,60,1774562400000,1.3661,1.3682,1.3573,1.3628,10464601.0,14269836.57104,1
BYBIT,XRPUSDT,60,1774566000000,1.3628,1.3644,1.358,1.3601,3369173.9,4583569.95995,1
BYBIT,XRPUSDT,60,1774569600000,1.3601,1.363,1.3574,1.3611,3407523.2,4634726.47915,1
BYBIT,XRPUSDT,60,1774573200000,1.3611,1.369,1.3598,1.3683,5278062.6,7206980.07133,1
BYBIT,XRPUSDT,60,1774576800000,1.3683,1.372,1.3661,1.3699,4371906.9,5987147.19946,1
BYBIT,XRPUSDT,60,1774580400000,1.3699,1.3705,1.3631,1.3636,2929074.4,3999702.85981,1
BYBIT,XRPUSDT,60,1774584000000,1.3636,1.3642,1.3554,1.363,6868650.5,9338671.55431,1
BYBIT,XRPUSDT,60,1774587600000,1.363,1.3683,1.36,1.3616,4395425.4,5994253.24525,1
BYBIT,XRPUSDT,60,1774591200000,1.3616,1.3635,1.3587,1.3594,3091274.8,4206204.45881,1
BYBIT,XRPUSDT,60,1774594800000,1.3594,1.3643,1.3566,1.3582,4993219.6,6790513.84029,1
BYBIT,XRPUSDT,60,1774598400000,1.3582,1.3609,1.3431,1.3499,19353650.0,26127313.19702,1
BYBIT,XRPUSDT,60,1774602000000,1.3499,1.3504,1.3391,1.3456,8262222.6,11105072.36899,1
BYBIT,XRPUSDT,60,1774605600000,1.3456,1.347,1.3247,1.3324,31449617.2,41970722.75432,1
BYBIT,XRPUSDT,60,1774609200000,1.3324,1.3381,1.3286,1.3344,9331550.5,12452122.55378,1
BYBIT,XRPUSDT,60,1774612800000,1.3344,1.3346,1.3253,1.3317,20019727.5,26613884.91196,1
BYBIT,XRPUSDT,60,1774616400000,1.3317,1.3423,1.3268,1.3398,23539552.1,31452036.16084,1
BYBIT,XRPUSDT,60,1774620000000,1.3398,1.3437,1.3271,1.3316,14132599.3,18864903.29142,1
BYBIT,XRPUSDT,60,1774623600000,1.3316,1.3451,1.3308,1.335,19758300.7,26431384.31806,1
BYBIT,XRPUSDT,60,1774627200000,1.335,1.3363,1.3288,1.3297,9130012.5,12161277.60346,1
BYBIT,XRPUSDT,60,1774630800000,1.3297,1.3366,1.3222,1.3229,9244659.9,12283199.98724,1
BYBIT,XRPUSDT,60,1774634400000,1.3229,1.3253,1.317,1.3226,8459493.1,11174850.40487,1
BYBIT,XRPUSDT,60,1774638000000,1.3226,1.3286,1.3187,1.3242,5137773.5,6805429.93424,1
BYBIT,XRPUSDT,60,1774641600000,1.3242,1.3272,1.3213,1.3252,3536498.2,4684785.74805,1
BYBIT,XRPUSDT,60,1774645200000,1.3252,1.3319,1.3252,1.3277,4308865.0,5726707.23575,1
BYBIT,XRPUSDT,60,1774648800000,1.3277,1.3282,1.3214,1.3239,3319182.4,4393176.27024,1
BYBIT,XRPUSDT,60,1774652400000,1.3239,1.3256,1.3194,1.3251,3821986.1,5052367.07596,1
BYBIT,XRPUSDT,60,1774656000000,1.3251,1.3287,1.3238,1.3258,3060102.5,4057829.04975,1
BYBIT,XRPUSDT,60,1774659600000,1.3258,1.327,1.3181,1.3229,5323827.0,7034341.66064,1
BYBIT,XRPUSDT,60,1774663200000,1.3229,1.3266,1.3209,1.3233,2195799.0,2906113.55361,1
BYBIT,XRPUSDT,60,1774666800000,1.3233,1.3277,1.3232,1.3264,2381640.8,3157636.31508,1
BYBIT,XRPUSDT,60,1774670400000,1.3264,1.3301,1.3252,1.33,3153295.1,4186832.89456,1
BYBIT,XRPUSDT,60,1774674000000,1.33,1.3416,1.3275,1.3365,12486680.3,16695363.60841,1
BYBIT,XRPUSDT,60,1774677600000,1.3365,1.3389,1.3331,1.3349,3428803.0,4579127.37172,1
BYBIT,XRPUSDT,60,1774681200000,1.3349,1.3402,1.3338,1.3401,3326506.4,4447549.03672,1
BYBIT,XRPUSDT,60,1774684800000,1.3401,1.3421,1.3366,1.3373,3992202.6,5348431.68656,1
BYBIT,XRPUSDT,60,1774688400000,1.3373,1.3379,1.3353,1.3365,2023400.0,2704479.39282,1
BYBIT,XRPUSDT,60,1774692000000,1.3365,1.3425,1.3342,1.337,3931513.5,5261795.59568,1
BYBIT,XRPUSDT,60,1774695600000,1.337,1.3412,1.3363,1.3396,2501731.1,3349038.00379,1
BYBIT,XRPUSDT,60,1774699200000,1.3396,1.3408,1.3352,1.3376,2670697.5,3573584.73463,1
BYBIT,XRPUSDT,60,1774702800000,1.3376,1.3567,1.3372,1.3498,16434143.9,22179031.59102,1
BYBIT,XRPUSDT,60,1774706400000,1.3498,1.3518,1.3454,1.347,4659932.0,6282869.43559,1
BYBIT,XRPUSDT,60,1774710000000,1.347,1.3587,1.3457,1.3527,7402403.6,10018056.77572,1
BYBIT,XRPUSDT,60,1774713600000,1.3527,1.3538,1.3489,1.3494,2779160.1,3755128.7737,1
BYBIT,XRPUSDT,60,1774717200000,1.3494,1.3514,1.3434,1.345,3798035.5,5116703.44618,1
BYBIT,XRPUSDT,60,1774720800000,1.345,1.3467,1.3443,1.3451,1367686.5,1840299.15749,1
BYBIT,XRPUSDT,60,1774724400000,1.3451,1.3458,1.3411,1.3442,1637989.7,2199882.35477,1
BYBIT,XRPUSDT,60,1774728000000,1.3442,1.3471,1.3436,1.3458,2081459.3,2800095.08569,1
BYBIT,XRPUSDT,60,1774731600000,1.3458,1.3459,1.339,1.3407,2948686.1,3961943.42783,1
BYBIT,XRPUSDT,60,1774735200000,1.3407,1.3432,1.338,1.3408,2408796.4,3229855.6032,1
BYBIT,XRPUSDT,60,1774738800000,1.3408,1.3408,1.3301,1.3325,7373861.3,9831665.74538,1
BYBIT,XRPUSDT,60,1774742400000,1.3325,1.3348,1.3291,1.3319,3588590.7,4777897.03803,1
BYBIT,XRPUSDT,60,1774746000000,1.3319,1.3365,1.3317,1.335,3476215.3,4638868.84741,1
BYBIT,XRPUSDT,60,1774749600000,1.335,1.338,1.3337,1.3359,1897661.8,2534659.59448,1
BYBIT,XRPUSDT,60,1774753200000,1.3359,1.341,1.3346,1.3378,2983220.3,3991207.52113,1
BYBIT,XRPUSDT,60,1774756800000,1.3378,1.3378,1.3337,1.3354,1661288.5,2219317.07962,1
BYBIT,XRPUSDT,60,1774760400000,1.3354,1.3354,1.3276,1.3328,7199262.2,9576882.86989,1
BYBIT,XRPUSDT,60,1774764000000,1.3328,1.3426,1.3328,1.3338,11318784.6,15145547.52758,1
BYBIT,XRPUSDT,60,1774767600000,1.3338,1.336,1.3317,1.3333,5992445.7,7992653.57842,1
BYBIT,XRPUSDT,60,1774771200000,1.3333,1.3385,1.3313,1.3366,2767771.1,3697020.91772,1
BYBIT,XRPUSDT,60,1774774800000,1.3366,1.3369,1.3333,1.3348,1783256.7,2380812.36741,1
BYBIT,XRPUSDT,60,1774778400000,1.3348,1.3348,1.3301,1.3329,2585953.6,3444494.01292,1
BYBIT,XRPUSDT,60,1774782000000,1.3329,1.34,1.3324,1.3375,3743333.3,5006935.32792,1
BYBIT,XRPUSDT,60,1774785600000,1.3375,1.3375,1.3328,1.3339,2697230.9,3600296.20341,1
BYBIT,XRPUSDT,60,1774789200000,1.3339,1.3342,1.3242,1.3257,6598363.5,8759789.67805,1
BYBIT,XRPUSDT,60,1774792800000,1.3257,1.3318,1.3232,1.3252,4593284.7,6091763.09632,1
BYBIT,XRPUSDT,60,1774796400000,1.3252,1.3278,1.3201,1.3249,5720947.6,7572545.8209,1
BYBIT,XRPUSDT,60,1774800000000,1.3249,1.3288,1.3233,1.3244,2292338.9,3039155.20363,1
BYBIT,XRPUSDT,60,1774803600000,1.3244,1.3266,1.3182,1.3228,4609510.6,6087826.81706,1
BYBIT,XRPUSDT,60,1774807200000,1.3228,1.3256,1.3208,1.3229,2281463.9,3018248.34401,1
BYBIT,XRPUSDT,60,1774810800000,1.3229,1.3232,1.3157,1.3172,4833370.6,6370513.92992,1
BYBIT,XRPUSDT,60,1774814400000,1.3172,1.3263,1.3169,1.3234,4019536.1,5314572.87536,1
BYBIT,XRPUSDT,60,1774818000000,1.3234,1.3281,1.3229,1.3269,2753859.7,3650286.00136,1
BYBIT,XRPUSDT,60,1774821600000,1.3269,1.3269,1.2938,1.3184,34675105.8,45381894.47285,1
BYBIT,XRPUSDT,60,1774825200000,1.3184,1.3318,1.3179,1.3271,13570409.2,17976385.3157,1
BYBIT,XRPUSDT,60,1774828800000,1.3271,1.35,1.3237,1.3305,15333556.6,20507798.59787,1
BYBIT,XRPUSDT,60,1774832400000,1.3305,1.3418,1.3305,1.3395,4229294.2,5657883.23717,1
BYBIT,XRPUSDT,60,1774836000000,1.3395,1.3548,1.3383,1.3477,9223018.5,12422242.24517,1
BYBIT,XRPUSDT,60,1774839600000,1.3477,1.3552,1.3448,1.3514,4155664.7,5611435.31083,1
BYBIT,XRPUSDT,60,1774843200000,1.3514,1.3604,1.35,1.3503,11333229.0,15364048.38267,1
BYBIT,XRPUSDT,60,1774846800000,1.3503,1.3573,1.3462,1.3515,16507490.7,22323858.34072,1
BYBIT,XRPUSDT,60,1774850400000,1.3515,1.3564,1.3497,1.3501,3679732.9,4975086.34906,1
BYBIT,XRPUSDT,60,1774854000000,1.3501,1.3588,1.3501,1.3576,5870249.8,7954248.3239,1
BYBIT,XRPUSDT,60,1774857600000,1.3576,1.3668,1.3563,1.3602,9763115.0,13292445.51116,1
BYBIT,XRPUSDT,60,1774861200000,1.3602,1.361,1.3492,1.3493,5485724.8,7430847.78473,1
BYBIT,XRPUSDT,60,1774864800000,1.3493,1.3496,1.344,1.3474,6921010.8,9324135.75751,1
BYBIT,XRPUSDT,60,1774868400000,1.3474,1.3604,1.3472,1.3494,13297092.6,17984816.08536,1
BYBIT,XRPUSDT,60,1774872000000,1.3494,1.3557,1.3491,1.3509,5001470.9,6763565.89284,1
BYBIT,XRPUSDT,60,1774875600000,1.3509,1.3558,1.343,1.3454,7154321.0,9656095.53157,1
BYBIT,XRPUSDT,60,1774879200000,1.3454,1.3491,1.3346,1.3476,16887284.9,22676508.86998,1
BYBIT,XRPUSDT,60,1774882800000,1.3476,1.3499,1.3383,1.345,7433197.8,9995331.76185,1
BYBIT,XRPUSDT,60,1774886400000,1.345,1.3452,1.3374,1.3414,3388634.6,4544594.99917,1
BYBIT,XRPUSDT,60,1774890000000,1.3414,1.3451,1.3324,1.3338,6690201.9,8942537.89047,1
BYBIT,XRPUSDT,60,1774893600000,1.3338,1.3355,1.3238,1.3249,8163663.6,10845510.0596,1
BYBIT,XRPUSDT,60,1774897200000,1.3249,1.3258,1.3163,1.3224,8238328.1,10877756.6382,1
BYBIT,XRPUSDT,60,1774900800000,1.3224,1.3273,1.3208,1.3268,4771621.2,6314289.01631,1
BYBIT,XRPUSDT,60,1774904400000,1.3268,1.334,1.324,1.3303,6392303.6,8500431.75168,1
BYBIT,XRPUSDT,60,1774908000000,1.3303,1.3326,1.3266,1.3282,2653910.9,3528182.82068,1
BYBIT,XRPUSDT,60,1774911600000,1.3282,1.3282,1.3192,1.3236,4703093.4,6219377.11362,1
BYBIT,XRPUSDT,60,1774915200000,1.3236,1.3285,1.3184,1.3251,7631914.1,10097553.95582,1
BYBIT,XRPUSDT,60,1774918800000,1.3251,1.3474,1.3228,1.3385,10575451.4,14141285.20993,1
BYBIT,XRPUSDT,60,1774922400000,1.3385,1.3402,1.3347,1.3361,3405967.2,4554638.06328,1
BYBIT,XRPUSDT,60,1774926000000,1.3361,1.3361,1.325,1.3253,5328354.1,7083601.59882,1
BYBIT,XRPUSDT,60,1774929600000,1.3253,1.3268,1.3197,1.3233,10515170.6,13916327.07335,1
BYBIT,XRPUSDT,60,1774933200000,1.3233,1.329,1.3192,1.3217,9368279.9,12409987.73024,1
BYBIT,XRPUSDT,60,1774936800000,1.3217,1.328,1.3127,1.3232,18933262.9,25008250.93719,1
BYBIT,XRPUSDT,60,1774940400000,1.3232,1.3248,1.3132,1.3187,12610118.9,16628353.76077,1
BYBIT,XRPUSDT,60,1774944000000,1.3187,1.3227,1.3086,1.3129,10200735.5,13408154.58604,1
BYBIT,XRPUSDT,60,1774947600000,1.3129,1.316,1.303,1.3066,13968187.0,18295164.80317,1
BYBIT,XRPUSDT,60,1774951200000,1.3066,1.3132,1.3062,1.3101,7007566.2,9182472.48113,1
BYBIT,XRPUSDT,60,1774954800000,1.3101,1.3173,1.3064,1.3142,13031998.4,17113172.71808,1
BYBIT,XRPUSDT,60,1774958400000,1.3142,1.3207,1.313,1.3146,7555878.6,9948148.53701,1
BYBIT,XRPUSDT,60,1774962000000,1.3146,1.3276,1.314,1.3255,10364591.0,13697069.56736,1
BYBIT,XRPUSDT,60,1774965600000,1.3255,1.3378,1.3104,1.3137,16083770.2,21310329.38694,1
BYBIT,XRPUSDT,60,1774969200000,1.3137,1.3279,1.3132,1.3144,10588810.1,13987196.03889,1
BYBIT,XRPUSDT,60,1774972800000,1.3144,1.3367,1.3137,1.33,14993473.5,19898778.40611,1
BYBIT,XRPUSDT,60,1774976400000,1.33,1.3449,1.3272,1.3303,17645612.4,23576258.06686,1
BYBIT,XRPUSDT,60,1774980000000,1.3303,1.342,1.3303,1.3398,5571285.6,7450581.07528,1
BYBIT,XRPUSDT,60,1774983600000,1.3398,1.3459,1.3397,1.3442,6292648.5,8447044.90297,1
BYBIT,XRPUSDT,60,1774987200000,1.3442,1.3498,1.3412,1.3437,7159721.6,9633286.42182,1
BYBIT,XRPUSDT,60,1774990800000,1.3437,1.3444,1.3372,1.3401,3795752.3,5086146.96411,1
BYBIT,XRPUSDT,60,1774994400000,1.3401,1.3413,1.332,1.3348,4342955.8,5800892.16274,1
BYBIT,XRPUSDT,60,1774998000000,1.3348,1.3415,1.3338,1.3402,2203231.0,2948574.01493,1
BYBIT,XRPUSDT,60,1775001600000,1.3402,1.345,1.3374,1.3446,3953397.9,5298773.0561,1
BYBIT,XRPUSDT,60,1775005200000,1.3446,1.3452,1.3333,1.3343,4845137.8,6490816.52644,1
BYBIT,XRPUSDT,60,1775008800000,1.3343,1.3372,1.3305,1.3337,3285064.1,4382700.40447,1
BYBIT,XRPUSDT,60,1775012400000,1.3337,1.3514,1.3337,1.3476,8667472.3,11666921.14255,1
BYBIT,XRPUSDT,60,1775016000000,1.3476,1.3488,1.3378,1.3386,4525663.8,6074000.0055,1
BYBIT,XRPUSDT,60,1775019600000,1.3386,1.3488,1.3354,1.3457,14002649.7,18793862.75897,1
BYBIT,XRPUSDT,60,1775023200000,1.3457,1.3633,1.3457,1.3618,9973583.9,13528494.63035,1
BYBIT,XRPUSDT,60,1775026800000,1.3618,1.3673,1.3556,1.356,9536607.7,12980016.80208,1
BYBIT,XRPUSDT,60,1775030400000,1.356,1.3586,1.3513,1.3523,9461422.0,12819718.40966,1
BYBIT,XRPUSDT,60,1775034000000,1.3523,1.3535,1.3483,1.351,5769462.1,7793297.42513,1
BYBIT,XRPUSDT,60,1775037600000,1.351,1.3546,1.3484,1.3522,3614660.0,4882740.97698,1
BYBIT,XRPUSDT,60,1775041200000,1.3522,1.3551,1.3499,1.3537,3840188.0,5194532.1949,1
BYBIT,XRPUSDT,60,1775044800000,1.3537,1.3601,1.3487,1.3533,12089113.1,16369410.34179,1
BYBIT,XRPUSDT,60,1775048400000,1.3533,1.357,1.3438,1.3461,8267633.1,11157377.24938,1
BYBIT,XRPUSDT,60,1775052000000,1.3461,1.3578,1.3452,1.3552,6087084.6,8231804.12398,1
BYBIT,XRPUSDT,60,1775055600000,1.3552,1.357,1.3497,1.3568,3339501.9,4521913.42947,1
BYBIT,XRPUSDT,60,1775059200000,1.3568,1.3619,1.3511,1.3581,7227173.6,9812682.44057,1
BYBIT,XRPUSDT,60,1775062800000,1.3581,1.3678,1.3501,1.3512,8548536.6,11622480.48431,1
BYBIT,XRPUSDT,60,1775066400000,1.3512,1.352,1.3455,1.3467,5620789.5,7580328.35821,1
BYBIT,XRPUSDT,60,1775070000000,1.3467,1.3532,1.3465,1.3497,3862595.8,5211745.28787,1
BYBIT,XRPUSDT,60,1775073600000,1.3497,1.3515,1.3415,1.3478,5123000.9,6896853.82048,1
BYBIT,XRPUSDT,60,1775077200000,1.3478,1.3565,1.3475,1.3544,5594765.8,7567236.62757,1
BYBIT,XRPUSDT,60,1775080800000,1.3544,1.3549,1.3462,1.3481,2676274.8,3611159.75744,1
BYBIT,XRPUSDT,60,1775084400000,1.3481,1.3509,1.346,1.347,1581421.8,2132758.17215,1
BYBIT,XRPUSDT,60,1775088000000,1.347,1.3563,1.3464,1.3561,4260901.4,5756634.45178,1
BYBIT,XRPUSDT,60,1775091600000,1.3561,1.3562,1.321,1.3274,26263526.8,35060807.76551,1
BYBIT,XRPUSDT,60,1775095200000,1.3274,1.3292,1.3161,1.3174,14960099.5,19753113.47288,1
BYBIT,XRPUSDT,60,1775098800000,1.3174,1.3174,1.3053,1.3118,15314026.4,20076212.1366,1
BYBIT,XRPUSDT,60,1775102400000,1.3118,1.3199,1.3031,1.3072,26896078.1,35240985.67076,1
BYBIT,XRPUSDT,60,1775106000000,1.3072,1.3152,1.3062,1.3146,7416559.0,9720730.71132,1
BYBIT,XRPUSDT,60,1775109600000,1.3146,1.318,1.3116,1.315,5918188.4,7782592.59557,1
BYBIT,XRPUSDT,60,1775113200000,1.315,1.3177,1.3122,1.3167,3251301.1,4277335.3679,1
BYBIT,XRPUSDT,60,1775116800000,1.3167,1.3168,1.3102,1.311,4394265.5,5768200.12855,1
BYBIT,XRPUSDT,60,1775120400000,1.311,1.3121,1.3069,1.311,4602738.9,6027896.61758,1
BYBIT,XRPUSDT,60,1775124000000,1.311,1.3113,1.3065,1.3075,4665379.7,6105339.95548,1
BYBIT,XRPUSDT,60,1775127600000,1.3075,1.3083,1.2975,1.2992,11664524.7,15182374.14844,1
BYBIT,XRPUSDT,60,1775131200000,1.2992,1.2999,1.2885,1.2899,12468847.6,16133339.11846,1
BYBIT,XRPUSDT,60,1775134800000,1.2899,1.293,1.2794,1.2881,20485585.8,26328506.75998,1
BYBIT,XRPUSDT,60,1775138400000,1.2881,1.3029,1.2817,1.2992,27976909.0,36164188.43167,1
BYBIT,XRPUSDT,60,1775142000000,1.2992,1.3014,1.2902,1.2992,8443404.3,10942471.31177,1
BYBIT,XRPUSDT,60,1775145600000,1.2992,1.3082,1.294,1.3035,7338615.1,9556984.90875,1
BYBIT,XRPUSDT,60,1775149200000,1.3035,1.3107,1.2972,1.2979,8773655.6,11445046.71847,1
BYBIT,XRPUSDT,60,1775152800000,1.2979,1.3082,1.2966,1.306,5160861.2,6713603.71817,1
BYBIT,XRPUSDT,60,1775156400000,1.306,1.3093,1.3007,1.3073,4496027.1,5868273.47538,1
BYBIT,XRPUSDT,60,1775160000000,1.3073,1.3218,1.304,1.3172,8768489.8,11523809.28454,1
BYBIT,XRPUSDT,60,1775163600000,1.3172,1.3189,1.3116,1.315,3503604.6,4604916.36455,1
BYBIT,XRPUSDT,60,1775167200000,1.315,1.3179,1.3115,1.3169,4932703.3,6488729.35226,1
BYBIT,XRPUSDT,60,1775170800000,1.3169,1.3203,1.3148,1.3192,3585275.3,4723007.86283,1
BYBIT,XRPUSDT,60,1775174400000,1.3192,1.3232,1.3137,1.315,8754160.6,11548723.76325,1
BYBIT,XRPUSDT,60,1775178000000,1.315,1.3199,1.3117,1.3128,9291810.0,12227596.60602,1
BYBIT,XRPUSDT,60,1775181600000,1.3128,1.3166,1.3025,1.3069,10073934.1,13187668.34163,1
BYBIT,XRPUSDT,60,1775185200000,1.3069,1.3216,1.306,1.3211,11493586.1,15104279.16296,1
BYBIT,XRPUSDT,60,1775188800000,1.3211,1.3228,1.3134,1.3194,8440334.7,11130221.9374,1
BYBIT,XRPUSDT,60,1775192400000,1.3194,1.3256,1.3152,1.3177,6412842.9,8471401.74553,1
BYBIT,XRPUSDT,60,1775196000000,1.3177,1.3202,1.3146,1.3186,3789330.1,4995376.54989,1
BYBIT,XRPUSDT,60,1775199600000,1.3186,1.3235,1.3163,1.3181,4774314.9,6301447.59716,1
BYBIT,XRPUSDT,60,1775203200000,1.3181,1.321,1.3161,1.317,5395313.6,7113748.70671,1
BYBIT,XRPUSDT,60,1775206800000,1.317,1.3171,1.3103,1.3111,4719669.7,6196429.05728,1
BYBIT,XRPUSDT,60,1775210400000,1.3111,1.3169,1.3086,1.3151,9972885.5,13091871.81854,1
BYBIT,XRPUSDT,60,1775214000000,1.3151,1.3237,1.3142,1.3197,8807255.8,11627196.54953,1
BYBIT,XRPUSDT,60,1775217600000,1.3197,1.3372,1.3176,1.3191,19327910.3,25618591.37708,1
BYBIT,XRPUSDT,60,1775221200000,1.3191,1.3199,1.3137,1.317,5832860.6,7682812.90098,1
BYBIT,XRPUSDT,60,1775224800000,1.317,1.3205,1.3143,1.3185,3721063.8,4901247.22585,1
BYBIT,XRPUSDT,60,1775228400000,1.3185,1.323,1.3175,1.318,3791274.6,5005830.50536,1
BYBIT,XRPUSDT,60,1775232000000,1.318,1.3249,1.3178,1.3239,7141625.3,9441405.16813,1
BYBIT,XRPUSDT,60,1775235600000,1.3239,1.3249,1.3184,1.3206,2844518.0,3758066.31641,1
BYBIT,XRPUSDT,60,1775239200000,1.3206,1.322,1.3168,1.3173,1756036.8,2316818.75148,1
BYBIT,XRPUSDT,60,1775242800000,1.3173,1.3179,1.3126,1.317,2131125.3,2802183.21535,1
BYBIT,XRPUSDT,60,1775246400000,1.317,1.3184,1.3155,1.3158,1165119.9,1534439.16914,1
BYBIT,XRPUSDT,60,1775250000000,1.3158,1.3194,1.3124,1.3175,6893250.9,9066725.04565,1
BYBIT,XRPUSDT,60,1775253600000,1.3175,1.3219,1.315,1.3158,7817564.9,10311902.35703,1
BYBIT,XRPUSDT,60,1775257200000,1.3158,1.3182,1.3112,1.3176,6748167.8,8867616.27263,1
BYBIT,XRPUSDT,60,1775260800000,1.3176,1.3184,1.3152,1.3155,2135725.8,2812925.99571,1
BYBIT,XRPUSDT,60,1775264400000,1.3155,1.317,1.3138,1.3142,1310231.3,1723274.57525,1
BYBIT,XRPUSDT,60,1775268000000,1.3142,1.3145,1.3126,1.314,2102048.5,2760735.66011,1
BYBIT,XRPUSDT,60,1775271600000,1.314,1.3163,1.3138,1.3151,1386523.4,1823092.64904,1
BYBIT,XRPUSDT,60,1775275200000,1.3151,1.3178,1.3146,1.3157,1079380.1,1420826.56804,1
BYBIT,XRPUSDT,60,1775278800000,1.3157,1.3179,1.3147,1.3163,989549.7,1302365.67666,1
BYBIT,XRPUSDT,60,1775282400000,1.3163,1.32,1.3155,1.319,2052763.4,2706113.72732,1
BYBIT,XRPUSDT,60,1775286000000,1.319,1.3193,1.3145,1.3153,1394377.2,1835525.49189,1
BYBIT,XRPUSDT,60,1775289600000,1.3153,1.3159,1.3127,1.3133,2335338.2,3069452.22335,1
BYBIT,XRPUSDT,60,1775293200000,1.3133,1.3136,1.3118,1.312,1805062.6,2369580.59911,1
BYBIT,XRPUSDT,60,1775296800000,1.312,1.3141,1.3057,1.3134,12306991.8,16117420.7049,1
BYBIT,XRPUSDT,60,1775300400000,1.3134,1.3157,1.3101,1.3114,8792451.5,11544899.12794,1
BYBIT,XRPUSDT,60,1775304000000,1.3114,1.3114,1.3082,1.3096,2258171.5,2957100.63595,1
BYBIT,XRPUSDT,60,1775307600000,1.3096,1.3113,1.3074,1.3086,3259141.2,4266613.87492,1
BYBIT,XRPUSDT,60,1775311200000,1.3086,1.3119,1.3057,1.3117,3685195.8,4823385.4395,1
BYBIT,XRPUSDT,60,1775314800000,1.3117,1.3163,1.3107,1.312,4993712.4,6556986.2687,1
BYBIT,XRPUSDT,60,1775318400000,1.312,1.3151,1.31,1.3115,3591463.5,4714671.31849,1
BYBIT,XRPUSDT,60,1775322000000,1.3115,1.3155,1.3109,1.3138,1849425.1,2429528.4616,1
BYBIT,XRPUSDT,60,1775325600000,1.3138,1.3151,1.3125,1.3127,1824127.2,2396448.86826,1
BYBIT,XRPUSDT,60,1775329200000,1.3127,1.3219,1.3123,1.3169,6581887.1,8672628.63197,1
BYBIT,XRPUSDT,60,1775332800000,1.3169,1.3175,1.3147,1.316,1634824.5,2151908.02565,1
BYBIT,XRPUSDT,60,1775336400000,1.316,1.3181,1.3135,1.3163,2202311.9,2897991.02413,1
BYBIT,XRPUSDT,60,1775340000000,1.3163,1.3178,1.3154,1.3161,1322492.5,1741146.26556,1
BYBIT,XRPUSDT,60,1775343600000,1.3161,1.3161,1.3127,1.3146,1605348.4,2109554.89764,1
BYBIT,XRPUSDT,60,1775347200000,1.3146,1.3148,1.3109,1.3118,2172292.6,2851465.05312,1
BYBIT,XRPUSDT,60,1775350800000,1.3118,1.3135,1.311,1.3122,1808945.2,2373245.29986,1
BYBIT,XRPUSDT,60,1775354400000,1.3122,1.319,1.3095,1.316,5998642.2,7890458.86677,1
BYBIT,XRPUSDT,60,1775358000000,1.316,1.3167,1.3125,1.3126,1983513.0,2607347.33436,1
BYBIT,XRPUSDT,60,1775361600000,1.3126,1.3145,1.3082,1.3102,8312711.9,10901214.00201,1
BYBIT,XRPUSDT,60,1775365200000,1.3102,1.3116,1.2989,1.2999,11100677.9,14483322.26161,1
BYBIT,XRPUSDT,60,1775368800000,1.2999,1.3025,1.2946,1.3007,12134395.3,15765258.13486,1
BYBIT,XRPUSDT,60,1775372400000,1.3007,1.3031,1.2955,1.2971,9415620.0,12231469.26834,1
BYBIT,XRPUSDT,60,1775376000000,1.2971,1.2993,1.2961,1.2985,2722348.0,3532017.77725,1
BYBIT,XRPUSDT,60,1775379600000,1.2985,1.3011,1.2982,1.3001,2550337.5,3315152.8823,1
BYBIT,XRPUSDT,60,1775383200000,1.3001,1.3035,1.2972,1.2982,3114344.2,4048989.42878,1
BYBIT,XRPUSDT,60,1775386800000,1.2982,1.2999,1.2968,1.298,1905551.6,2473781.99759,1
BYBIT,XRPUSDT,60,1775390400000,1.298,1.298,1.2771,1.2816,20814534.6,26755578.35988,1
BYBIT,XRPUSDT,60,1775394000000,1.2816,1.2916,1.2793,1.288,15724775.4,20216971.76108,1
BYBIT,XRPUSDT,60,1775397600000,1.288,1.2898,1.2843,1.2855,4000724.1,5148781.48551,1
BYBIT,XRPUSDT,60,1775401200000,1.2855,1.3048,1.2825,1.2956,14672339.0,19013079.30024,1
BYBIT,XRPUSDT,60,1775404800000,1.2956,1.3011,1.2955,1.297,4296965.3,5577122.46049,1
BYBIT,XRPUSDT,60,1775408400000,1.297,1.3029,1.2957,1.3012,4182764.8,5435807.86883,1
BYBIT,XRPUSDT,60,1775412000000,1.3012,1.304,1.2977,1.302,3789603.4,4933325.67566,1
BYBIT,XRPUSDT,60,1775415600000,1.302,1.3065,1.2983,1.2996,4051395.7,5277213.8758,1
BYBIT,XRPUSDT,60,1775419200000,1.2996,1.305,1.2987,1.3035,3203655.2,4171544.52172,1
BYBIT,XRPUSDT,60,1775422800000,1.3035,1.3038,1.2976,1.3,3074139.8,3999349.89044,1
BYBIT,XRPUSDT,60,1775426400000,1.3,1.3126,1.2962,1.3119,11241570.7,14671910.27407,1
BYBIT,XRPUSDT,60,1775430000000,1.3119,1.3318,1.3106,1.3258,20402375.0,26995789.89311,1
BYBIT,XRPUSDT,60,1775433600000,1.3258,1.3395,1.3257,1.3308,16021937.9,21377127.04406,1
BYBIT,XRPUSDT,60,1775437200000,1.3308,1.333,1.3248,1.329,7209878.3,9580921.53541,1
BYBIT,XRPUSDT,60,1775440800000,1.329,1.3486,1.3284,1.3397,15053503.4,20199540.74755,1
BYBIT,XRPUSDT,60,1775444400000,1.3397,1.3414,1.3357,1.3377,5060091.1,6772853.44681,1
BYBIT,XRPUSDT,60,1775448000000,1.3377,1.3418,1.3352,1.3389,5177118.3,6930844.42556,1
BYBIT,XRPUSDT,60,1775451600000,1.3389,1.3401,1.3355,1.3392,4530224.3,6060812.25789,1
BYBIT,XRPUSDT,60,1775455200000,1.3392,1.3464,1.338,1.3408,14081583.5,18889617.52898,1
BYBIT,XRPUSDT,60,1775458800000,1.3408,1.3455,1.3369,1.3437,16025294.7,21485582.43569,1
BYBIT,XRPUSDT,60,1775462400000,1.3437,1.3459,1.3378,1.3379,9018915.1,12106792.10096,1
BYBIT,XRPUSDT,60,1775466000000,1.3379,1.3569,1.3371,1.352,16803901.4,22653057.89984,1
BYBIT,XRPUSDT,60,1775469600000,1.352,1.3564,1.3511,1.3524,5987120.9,8105642.73798,1
BYBIT,XRPUSDT,60,1775473200000,1.3524,1.3526,1.3474,1.3492,6675011.4,9009823.6763,1
BYBIT,XRPUSDT,60,1775476800000,1.3492,1.3502,1.3416,1.3428,7789166.1,10481434.80147,1
BYBIT,XRPUSDT,60,1775480400000,1.3428,1.3477,1.3412,1.3465,6734142.8,9054217.97519,1
BYBIT,XRPUSDT,60,1775484000000,1.3465,1.353,1.3401,1.3471,12741697.8,17159659.441,1
BYBIT,XRPUSDT,60,1775487600000,1.3471,1.3503,1.3437,1.3498,5930144.6,7985043.82291,1
BYBIT,XRPUSDT,60,1775491200000,1.3498,1.3529,1.3413,1.3427,7077117.2,9530599.871,1
BYBIT,XRPUSDT,60,1775494800000,1.3427,1.3431,1.3341,1.3385,11272277.2,15083261.6548,1
BYBIT,XRPUSDT,60,1775498400000,1.3385,1.342,1.336,1.3403,4024516.4,5392652.64654,1
BYBIT,XRPUSDT,60,1775502000000,1.3403,1.3431,1.3367,1.3409,4322085.8,5788447.30326,1
BYBIT,XRPUSDT,60,1775505600000,1.3409,1.3431,1.3393,1.3405,3332467.6,4469470.00047,1
BYBIT,XRPUSDT,60,1775509200000,1.3405,1.3405,1.3342,1.3348,2982232.0,3987776.94698,1
BYBIT,XRPUSDT,60,1775512800000,1.3348,1.3348,1.3177,1.3178,11509567.9,15274481.88869,1
BYBIT,XRPUSDT,60,1775516400000,1.3178,1.322,1.3115,1.3201,12956122.2,17057415.28905,1
BYBIT,XRPUSDT,60,1775520000000,1.3201,1.3248,1.3188,1.3205,3599139.4,4757335.92561,1
BYBIT,XRPUSDT,60,1775523600000,1.3205,1.3239,1.3134,1.3138,5369888.0,7080431.50203,1
BYBIT,XRPUSDT,60,1775527200000,1.3138,1.3188,1.3111,1.3163,5069038.9,6665891.37957,1
BYBIT,XRPUSDT,60,1775530800000,1.3163,1.3175,1.314,1.3162,2234450.1,2940684.10592,1
BYBIT,XRPUSDT,60,1775534400000,1.3162,1.3197,1.3125,1.3174,3329669.9,4382848.53584,1
BYBIT,XRPUSDT,60,1775538000000,1.3174,1.3184,1.3086,1.3106,8518215.1,11188717.14951,1
BYBIT,XRPUSDT,60,1775541600000,1.3106,1.3116,1.3044,1.3106,9155925.1,11970890.50808,1
BYBIT,XRPUSDT,60,1775545200000,1.3106,1.3155,1.31,1.3118,8410705.3,11040561.33323,1
BYBIT,XRPUSDT,60,1775548800000,1.3118,1.3224,1.3101,1.3188,13948536.5,18346447.81944,1
BYBIT,XRPUSDT,60,1775552400000,1.3188,1.324,1.3172,1.3192,9391865.9,12398493.25558,1
BYBIT,XRPUSDT,60,1775556000000,1.3192,1.3206,1.3051,1.3065,12599761.4,16524716.57459,1
BYBIT,XRPUSDT,60,1775559600000,1.3065,1.3084,1.3025,1.3054,7315844.9,9549164.60423,1
BYBIT,XRPUSDT,60,1775563200000,1.3054,1.3116,1.3,1.3079,12082967.5,15764169.44642,1
BYBIT,XRPUSDT,60,1775566800000,1.3079,1.3127,1.3039,1.3041,6569043.4,8593879.55415,1
BYBIT,XRPUSDT,60,1775570400000,1.3041,1.3046,1.2956,1.2956,10807044.2,14049193.09675,1
BYBIT,XRPUSDT,60,1775574000000,1.2956,1.3018,1.2939,1.2967,8416032.0,10920106.84845,1
BYBIT,XRPUSDT,60,1775577600000,1.2967,1.3025,1.2947,1.2999,7159592.8,9301397.80932,1
BYBIT,XRPUSDT,60,1775581200000,1.2999,1.3144,1.2985,1.3076,6849464.2,8957391.59564,1
BYBIT,XRPUSDT,60,1775584800000,1.3076,1.309,1.2991,1.3012,4142205.1,5401372.11753,1
BYBIT,XRPUSDT,60,1775588400000,1.3012,1.3157,1.3007,1.3134,10272182.9,13442127.46017,1
BYBIT,XRPUSDT,60,1775592000000,1.3134,1.3216,1.313,1.3173,9596192.3,12641988.57111,1
BYBIT,XRPUSDT,60,1775595600000,1.3173,1.34,1.3172,1.3375,16509755.9,21989049.92494,1
BYBIT,XRPUSDT,60,1775599200000,1.3375,1.3739,1.3356,1.3732,38521396.4,52163407.37254,1
BYBIT,XRPUSDT,60,1775602800000,1.3732,1.3958,1.3664,1.3782,35020604.9,48353960.83518,1
BYBIT,XRPUSDT,60,1775606400000,1.3782,1.3831,1.3593,1.3659,21567792.7,29517756.60868,1
BYBIT,XRPUSDT,60,1775610000000,1.3659,1.3728,1.3629,1.3693,5529052.6,7560949.19517,1
BYBIT,XRPUSDT,60,1775613600000,1.3693,1.3755,1.3676,1.3738,4632784.5,6355630.96716,1
BYBIT,XRPUSDT,60,1775617200000,1.3738,1.3768,1.368,1.3695,8855076.8,12149134.08195,1
BYBIT,XRPUSDT,60,1775620800000,1.3695,1.3773,1.3684,1.3754,8258991.8,11343323.26112,1
BYBIT,XRPUSDT,60,1775624400000,1.3754,1.3872,1.3754,1.384,7163725.6,9905131.11697,1
BYBIT,XRPUSDT,60,1775628000000,1.384,1.3863,1.379,1.3796,5096653.5,7046971.81722,1
BYBIT,XRPUSDT,60,1775631600000,1.3796,1.3841,1.377,1.3793,4681264.9,6459720.04358,1
BYBIT,XRPUSDT,60,1775635200000,1.3793,1.3834,1.3774,1.3807,3773880.0,5210292.65092,1
BYBIT,XRPUSDT,60,1775638800000,1.3807,1.387,1.3772,1.3805,11004434.0,15211417.31105,1
BYBIT,XRPUSDT,60,1775642400000,1.3805,1.3843,1.378,1.3831,13942428.6,19262876.13518,1
BYBIT,XRPUSDT,60,1775646000000,1.3831,1.3851,1.3708,1.3776,15855809.6,21873031.03137,1
BYBIT,XRPUSDT,60,1775649600000,1.3776,1.3833,1.3737,1.3795,9592635.2,13229049.55438,1
BYBIT,XRPUSDT,60,1775653200000,1.3795,1.3895,1.3723,1.3735,24766783.3,34210945.14769,1
BYBIT,XRPUSDT,60,1775656800000,1.3735,1.3744,1.3443,1.3495,35008286.7,47635220.31185,1
BYBIT,XRPUSDT,60,1775660400000,1.3495,1.3562,1.348,1.3542,10186832.8,13777152.73905,1
BYBIT,XRPUSDT,60,1775664000000,1.3542,1.3589,1.3512,1.3562,5990473.8,8121615.29276,1
BYBIT,XRPUSDT,60,1775667600000,1.3562,1.3631,1.3539,1.3614,5495705.6,7468179.74355,1
BYBIT,XRPUSDT,60,1775671200000,1.3614,1.3616,1.3467,1.3475,5764678.3,7803091.56108,1
BYBIT,XRPUSDT,60,1775674800000,1.3475,1.3512,1.3434,1.3511,6865825.9,9246627.40061,1
BYBIT,XRPUSDT,60,1775678400000,1.3511,1.3529,1.3455,1.3478,3113543.9,4200998.58667,1
BYBIT,XRPUSDT,60,1775682000000,1.3478,1.3566,1.3471,1.3524,3492914.5,4724590.23869,1
BYBIT,XRPUSDT,60,1775685600000,1.3524,1.3526,1.3436,1.3439,7753816.4,10449369.33908,1
BYBIT,XRPUSDT,60,1775689200000,1.3439,1.3455,1.338,1.3421,12150603.1,16290962.44751,1
BYBIT,XRPUSDT,60,1775692800000,1.3421,1.3423,1.3332,1.3389,7085255.4,9473349.09977,1
BYBIT,XRPUSDT,60,1775696400000,1.3389,1.3397,1.3257,1.3337,18028534.3,23989846.47895,1
BYBIT,XRPUSDT,60,1775700000000,1.3337,1.3359,1.3312,1.3337,3510836.4,4683421.24715,1
BYBIT,XRPUSDT,60,1775703600000,1.3337,1.3365,1.329,1.3305,9968870.8,13287009.91077,1
BYBIT,XRPUSDT,60,1775707200000,1.3305,1.3319,1.3266,1.3309,9216057.2,12250408.67791,1
BYBIT,XRPUSDT,60,1775710800000,1.3309,1.335,1.3302,1.3324,7078289.9,9430342.92413,1
BYBIT,XRPUSDT,60,1775714400000,1.3324,1.3348,1.3252,1.332,8368469.7,11120800.98011,1
BYBIT,XRPUSDT,60,1775718000000,1.332,1.3334,1.3298,1.3313,2193627.4,2921163.35496,1
BYBIT,XRPUSDT,60,1775721600000,1.3313,1.3358,1.3298,1.3344,4129215.7,5505226.00753,1
BYBIT,XRPUSDT,60,1775725200000,1.3344,1.3387,1.3328,1.3372,5334494.9,7125855.63554,1
BYBIT,XRPUSDT,60,1775728800000,1.3372,1.3378,1.3315,1.3316,5306454.9,7080131.32833,1
BYBIT,XRPUSDT,60,1775732400000,1.3316,1.3345,1.3245,1.3288,18087934.1,24055350.43647,1
BYBIT,XRPUSDT,60,1775736000000,1.3288,1.332,1.3253,1.3305,5177062.7,6879551.24368,1
BYBIT,XRPUSDT,60,1775739600000,1.3305,1.3323,1.3255,1.3289,6044488.3,8034787.72402,1
BYBIT,XRPUSDT,60,1775743200000,1.3289,1.3334,1.3211,1.3319,9164445.4,12157989.80345,1
BYBIT,XRPUSDT,60,1775746800000,1.3319,1.3545,1.3293,1.3516,18738353.8,25182080.53773,1
BYBIT,XRPUSDT,60,1775750400000,1.3516,1.359,1.3454,1.3514,13556847.2,18327470.33807,1
BYBIT,XRPUSDT,60,1775754000000,1.3514,1.3597,1.3509,1.3579,8944128.5,12122579.45533,1
BYBIT,XRPUSDT,60,1775757600000,1.3579,1.3588,1.3495,1.3545,7421490.6,10040987.60257,1
BYBIT,XRPUSDT,60,1775761200000,1.3545,1.3606,1.3512,1.3551,5886352.0,7982451.34283,1
BYBIT,XRPUSDT,60,1775764800000,1.3551,1.3587,1.3525,1.3559,3457438.6,4689072.4415,1
BYBIT,XRPUSDT,60,1775768400000,1.3559,1.3611,1.3503,1.3529,4711575.4,6379808.70284,1
BYBIT,XRPUSDT,60,1775772000000,1.3529,1.3695,1.3509,1.3515,9175980.7,12481459.89304,1
BYBIT,XRPUSDT,60,1775775600000,1.3515,1.3524,1.3411,1.3429,7591425.7,10214369.80344,1
BYBIT,XRPUSDT,60,1775779200000,1.3429,1.3472,1.3395,1.3444,5737991.5,7707841.51431,1
BYBIT,XRPUSDT,60,1775782800000,1.3444,1.3496,1.3392,1.3427,9474501.0,12744435.60367,1
BYBIT,XRPUSDT,60,1775786400000,1.3427,1.3463,1.3409,1.3428,2525530.4,3392846.8343,1
BYBIT,XRPUSDT,60,1775790000000,1.3428,1.3453,1.3398,1.3404,6193434.2,8315024.01164,1
BYBIT,XRPUSDT,60,1775793600000,1.3404,1.3481,1.3404,1.3458,3795205.0,5103773.70269,1
BYBIT,XRPUSDT,60,1775797200000,1.3458,1.3481,1.342,1.3429,4214424.5,5668472.81531,1
BYBIT,XRPUSDT,60,1775800800000,1.3429,1.346,1.3387,1.3412,4557689.7,6114943.52984,1
BYBIT,XRPUSDT,60,1775804400000,1.3412,1.3422,1.3346,1.3366,3787709.4,5067699.1906,1
BYBIT,XRPUSDT,60,1775808000000,1.3366,1.3464,1.3342,1.3388,10356431.8,13882833.79485,1
BYBIT,XRPUSDT,60,1775811600000,1.3388,1.3421,1.3351,1.3381,11806667.2,15802135.18311,1
BYBIT,XRPUSDT,60,1775815200000,1.3381,1.3399,1.335,1.3368,6439592.3,8612947.81845,1
BYBIT,XRPUSDT,60,1775818800000,1.3368,1.3432,1.3363,1.3408,3956040.4,5302644.08029,1
BYBIT,XRPUSDT,60,1775822400000,1.3408,1.3465,1.3389,1.3425,16068851.2,21586315.70067,1
BYBIT,XRPUSDT,60,1775826000000,1.3425,1.3447,1.3369,1.3438,5585713.2,7493758.69392,1
BYBIT,XRPUSDT,60,1775829600000,1.3438,1.3575,1.3424,1.3572,14074244.8,19015619.30765,1
BYBIT,XRPUSDT,60,1775833200000,1.3572,1.3607,1.3453,1.3472,13325858.0,18038427.12454,1
BYBIT,XRPUSDT,60,1775836800000,1.3472,1.3532,1.3466,1.3507,5493221.9,7415601.37876,1
BYBIT,XRPUSDT,60,1775840400000,1.3507,1.3553,1.3478,1.3547,3985292.5,5387565.30716,1
BYBIT,XRPUSDT,60,1775844000000,1.3547,1.3594,1.3523,1.3592,4330405.8,5870772.92229,1
BYBIT,XRPUSDT,60,1775847600000,1.3592,1.3628,1.3577,1.3624,4418480.0,6011129.09479,1
BYBIT,XRPUSDT,60,1775851200000,1.3624,1.3653,1.3591,1.3638,6746884.5,9191671.60569,1
BYBIT,XRPUSDT,60,1775854800000,1.3638,1.3638,1.3566,1.3598,3339893.3,4540399.10849,1
BYBIT,XRPUSDT,60,1775858400000,1.3598,1.3606,1.3536,1.3557,3522327.4,4777726.08238,1
BYBIT,XRPUSDT,60,1775862000000,1.3557,1.3562,1.3536,1.3552,1332218.8,1805018.29784,1
BYBIT,XRPUSDT,60,1775865600000,1.3552,1.3559,1.3524,1.3535,2405696.8,3256902.32483,1
BYBIT,XRPUSDT,60,1775869200000,1.3535,1.3535,1.349,1.3525,3481806.2,4703851.72143,1
BYBIT,XRPUSDT,60,1775872800000,1.3525,1.3565,1.352,1.3541,2383191.4,3227302.00942,1
BYBIT,XRPUSDT,60,1775876400000,1.3541,1.3565,1.3495,1.3499,2778081.2,3759260.50698,1
BYBIT,XRPUSDT,60,1775880000000,1.3499,1.3517,1.3473,1.3501,3354295.4,4525321.43142,1
BYBIT,XRPUSDT,60,1775883600000,1.3501,1.3506,1.3453,1.347,2751690.0,3708135.67119,1
BYBIT,XRPUSDT,60,1775887200000,1.347,1.347,1.343,1.3455,4115727.2,5534708.71311,1
BYBIT,XRPUSDT,60,1775890800000,1.3455,1.3471,1.3448,1.3458,2185468.6,2941928.33095,1
BYBIT,XRPUSDT,60,1775894400000,1.3458,1.3478,1.3441,1.3445,3178452.6,4277096.43058,1
BYBIT,XRPUSDT,60,1775898000000,1.3445,1.3481,1.3409,1.3469,8744652.5,11757176.3649,1
BYBIT,XRPUSDT,60,1775901600000,1.3469,1.3473,1.3447,1.3462,2980029.5,4011814.7596,1
BYBIT,XRPUSDT,60,1775905200000,1.3462,1.3488,1.3433,1.3447,8301050.4,11172626.84097,1
BYBIT,XRPUSDT,60,1775908800000,1.3447,1.3456,1.3414,1.3436,6402331.4,8601034.82471,1
BYBIT,XRPUSDT,60,1775912400000,1.3436,1.3443,1.3394,1.3441,5540971.1,7433517.08912,1
BYBIT,XRPUSDT,60,1775916000000,1.3441,1.3483,1.3408,1.3416,6578617.3,8846621.95779,1
BYBIT,XRPUSDT,60,1775919600000,1.3416,1.3461,1.338,1.3454,10901996.0,14642993.0576,1
BYBIT,XRPUSDT,60,1775923200000,1.3454,1.3585,1.3447,1.3539,9369607.3,12672935.32684,1
BYBIT,XRPUSDT,60,1775926800000,1.3539,1.3566,1.3502,1.3523,4667417.9,6314724.34653,1
BYBIT,XRPUSDT,60,1775930400000,1.3523,1.3667,1.3505,1.3635,10124348.3,13782325.99454,1
BYBIT,XRPUSDT,60,1775934000000,1.3635,1.3748,1.3624,1.3706,12232241.2,16738896.65027,1
BYBIT,XRPUSDT,60,1775937600000,1.3706,1.3722,1.3576,1.361,9251445.2,12621464.64073,1
BYBIT,XRPUSDT,60,1775941200000,1.361,1.365,1.3589,1.3619,4047406.0,5514560.67803,1
BYBIT,XRPUSDT,60,1775944800000,1.3619,1.3695,1.3596,1.361,5304513.2,7238141.70116,1
BYBIT,XRPUSDT,60,1775948400000,1.361,1.361,1.3496,1.354,8421444.1,11398638.98473,1
BYBIT,XRPUSDT,60,1775952000000,1.354,1.3543,1.3505,1.3532,3449395.1,4665612.82631,1
BYBIT,XRPUSDT,60,1775955600000,1.3532,1.3555,1.3247,1.3285,28480296.5,38070019.23664,1
BYBIT,XRPUSDT,60,1775959200000,1.3285,1.3365,1.324,1.3335,9566183.1,12736872.63077,1
BYBIT,XRPUSDT,60,1775962800000,1.3335,1.3355,1.3292,1.3294,4785008.9,6373809.75453,1
BYBIT,XRPUSDT,60,1775966400000,1.3294,1.3301,1.3261,1.3272,4533134.8,6020096.92968,1
BYBIT,XRPUSDT,60,1775970000000,1.3272,1.3304,1.326,1.3297,3859105.0,5125972.96431,1
BYBIT,XRPUSDT,60,1775973600000,1.3297,1.3315,1.3278,1.3288,1890978.6,2514017.18761,1
BYBIT,XRPUSDT,60,1775977200000,1.3288,1.3301,1.3266,1.3285,2342114.2,3111634.12448,1
BYBIT,XRPUSDT,60,1775980800000,1.3285,1.3309,1.327,1.3276,3103260.9,4123176.51752,1
BYBIT,XRPUSDT,60,1775984400000,1.3276,1.3318,1.3252,1.3297,9901160.1,13152882.21627,1
BYBIT,XRPUSDT,60,1775988000000,1.3297,1.3324,1.3288,1.3299,4817969.5,6412071.57455,1
BYBIT,XRPUSDT,60,1775991600000,1.3299,1.3339,1.3293,1.3322,8323452.2,11083201.17273,1
BYBIT,XRPUSDT,60,1775995200000,1.3322,1.3337,1.3268,1.3303,10743587.1,14287604.48766,1
BYBIT,XRPUSDT,60,1775998800000,1.3303,1.3324,1.3222,1.3224,17917151.8,23793672.36964,1
BYBIT,XRPUSDT,60,1776002400000,1.3224,1.3267,1.3204,1.3214,16293272.4,21562841.48191,1
BYBIT,XRPUSDT,60,1776006000000,1.3214,1.3245,1.3184,1.323,5072848.4,6701659.49709,1
BYBIT,XRPUSDT,60,1776009600000,1.323,1.3273,1.3225,1.3272,2212658.6,2931711.18727,1
BYBIT,XRPUSDT,60,1776013200000,1.3272,1.333,1.3261,1.3317,4811276.7,6393090.23578,1
BYBIT,XRPUSDT,60,1776016800000,1.3317,1.3332,1.3291,1.3299,4214691.7,5609337.21582,1
BYBIT,XRPUSDT,60,1776020400000,1.3299,1.331,1.3288,1.33,2024580.6,2692627.4535,1
BYBIT,XRPUSDT,60,1776024000000,1.33,1.3389,1.3285,1.3358,5692808.3,7593671.11541,1
BYBIT,XRPUSDT,60,1776027600000,1.3358,1.3384,1.3329,1.3359,3251357.9,4341665.0522,1
BYBIT,XRPUSDT,60,1776031200000,1.3359,1.3359,1.3224,1.3273,7146553.4,9485937.67814,1
BYBIT,XRPUSDT,60,1776034800000,1.3273,1.3273,1.3216,1.324,2737142.9,3623259.60613,1
BYBIT,XRPUSDT,60,1776038400000,1.324,1.3326,1.3224,1.331,3591503.9,4770866.80815,1
BYBIT,XRPUSDT,60,1776042000000,1.331,1.3323,1.3258,1.3315,2677979.1,3559773.87068,1
BYBIT,XRPUSDT,60,1776045600000,1.3315,1.3325,1.3236,1.3249,3432131.7,4555612.28793,1
BYBIT,XRPUSDT,60,1776049200000,1.3249,1.3282,1.3236,1.3246,2253971.8,2987326.28185,1
BYBIT,XRPUSDT,60,1776052800000,1.3246,1.3266,1.3187,1.322,6624013.7,8759483.40333,1
BYBIT,XRPUSDT,60,1776056400000,1.322,1.3315,1.321,1.3307,5257891.4,6971421.2883,1
BYBIT,XRPUSDT,60,1776060000000,1.3307,1.3364,1.3304,1.3338,12952255.7,17272658.3548,1
BYBIT,XRPUSDT,60,1776063600000,1.3338,1.3349,1.3244,1.3247,6514295.5,8651353.72622,1
BYBIT,XRPUSDT,60,1776067200000,1.3247,1.3277,1.322,1.3249,8048094.9,10661342.21172,1
BYBIT,XRPUSDT,60,1776070800000,1.3249,1.33,1.3239,1.326,9237247.0,12255990.05522,1
BYBIT,XRPUSDT,60,1776074400000,1.326,1.3261,1.3227,1.3244,2384917.2,3159023.90453,1
BYBIT,XRPUSDT,60,1776078000000,1.3244,1.3272,1.3239,1.3249,1818316.0,2410222.14294,1
BYBIT,XRPUSDT,60,1776081600000,1.3249,1.333,1.3225,1.3312,6745276.3,8959756.37051,1
BYBIT,XRPUSDT,60,1776085200000,1.3312,1.3405,1.3266,1.3388,13271599.0,17693114.01591,1
BYBIT,XRPUSDT,60,1776088800000,1.3388,1.3462,1.3312,1.3452,11288352.5,15112774.54993,1
BYBIT,XRPUSDT,60,1776092400000,1.3452,1.3456,1.3301,1.3337,8028562.7,10727067.4301,1
BYBIT,XRPUSDT,60,1776096000000,1.3337,1.3421,1.3286,1.3389,9834842.8,13146095.57387,1
BYBIT,XRPUSDT,60,1776099600000,1.3389,1.3449,1.3365,1.3374,5888639.3,7896691.6929,1
BYBIT,XRPUSDT,60,1776103200000,1.3374,1.3399,1.3336,1.3396,3627354.0,4849853.57679,1
BYBIT,XRPUSDT,60,1776106800000,1.3396,1.3552,1.3384,1.3527,15159883.5,20439111.68521,1
BYBIT,XRPUSDT,60,1776110400000,1.3527,1.3547,1.3461,1.3464,8537738.7,11535037.43704,1
BYBIT,XRPUSDT,60,1776114000000,1.3464,1.3531,1.343,1.3503,5919506.6,7985741.69277,1
BYBIT,XRPUSDT,60,1776117600000,1.3503,1.3769,1.3495,1.3743,28019324.3,38349000.97603,1
BYBIT,XRPUSDT,60,1776121200000,1.3743,1.3842,1.3703,1.3751,16758044.8,23082869.26019,1
BYBIT,XRPUSDT,60,1776124800000,1.3751,1.3769,1.3603,1.3617,12353583.1,16872891.78237,1
BYBIT,XRPUSDT,60,1776128400000,1.3617,1.3676,1.3588,1.366,6068954.0,8278177.78523,1
BYBIT,XRPUSDT,60,1776132000000,1.366,1.3703,1.3641,1.368,5243614.0,7167891.44699,1
BYBIT,XRPUSDT,60,1776135600000,1.368,1.368,1.365,1.3667,2136097.5,2918268.59295,1
BYBIT,XRPUSDT,60,1776139200000,1.3667,1.3678,1.36,1.3631,7077510.7,9645813.26018,1
BYBIT,XRPUSDT,60,1776142800000,1.3631,1.3649,1.361,1.3618,4320923.6,5890527.67501,1
BYBIT,XRPUSDT,60,1776146400000,1.3618,1.3727,1.3618,1.3709,8160550.3,11172441.70974,1
BYBIT,XRPUSDT,60,1776150000000,1.3709,1.377,1.367,1.3677,12490331.4,17128885.11597,1
BYBIT,XRPUSDT,60,1776153600000,1.3677,1.375,1.366,1.3728,4093636.1,5611901.04325,1
BYBIT,XRPUSDT,60,1776157200000,1.3728,1.3754,1.3707,1.3729,3548564.0,4872024.07085,1
BYBIT,XRPUSDT,60,1776160800000,1.3729,1.3729,1.3684,1.3696,2823257.6,3868375.49222,1
BYBIT,XRPUSDT,60,1776164400000,1.3696,1.3738,1.3673,1.3684,4459862.5,6109820.01544,1
BYBIT,XRPUSDT,60,1776168000000,1.3684,1.3708,1.3643,1.3668,8800697.5,12024878.22079,1
BYBIT,XRPUSDT,60,1776171600000,1.3668,1.3931,1.3668,1.3922,22292187.7,30825056.43015,1
BYBIT,XRPUSDT,60,1776175200000,1.3922,1.395,1.3711,1.3713,29185585.0,40370688.40917,1
BYBIT,XRPUSDT,60,1776178800000,1.3713,1.3784,1.3664,1.3737,12655526.4,17375228.23263,1
BYBIT,XRPUSDT,60,1776182400000,1.3737,1.3804,1.3653,1.3676,7625814.4,10463416.78703,1
BYBIT,XRPUSDT,60,1776186000000,1.3676,1.3734,1.3643,1.3681,4453080.3,6092762.51045,1
BYBIT,XRPUSDT,60,1776189600000,1.3681,1.3698,1.3511,1.3538,12098209.4,16429162.03551,1
BYBIT,XRPUSDT,60,1776193200000,1.3538,1.36,1.3516,1.3599,6812539.7,9242182.80362,1
BYBIT,XRPUSDT,60,1776196800000,1.3599,1.3609,1.3543,1.356,3965921.7,5381183.83147,1
BYBIT,XRPUSDT,60,1776200400000,1.356,1.3614,1.3552,1.3593,4595768.1,6243466.30733,1
BYBIT,XRPUSDT,60,1776204000000,1.3593,1.3647,1.3548,1.3578,12742100.9,17321049.02342,1
BYBIT,XRPUSDT,60,1776207600000,1.3578,1.3657,1.3559,1.3611,10432478.8,14207713.48994,1
BYBIT,XRPUSDT,60,1776211200000,1.3611,1.3665,1.3567,1.3614,20433985.8,27822515.18958,1
BYBIT,XRPUSDT,60,1776214800000,1.3614,1.3643,1.3579,1.3617,8751206.8,11907611.0941,1
BYBIT,XRPUSDT,60,1776218400000,1.3617,1.3637,1.3546,1.3564,4864886.6,6606156.65283,1
BYBIT,XRPUSDT,60,1776222000000,1.3564,1.3576,1.3551,1.3569,1641605.5,2226753.21504,1
BYBIT,XRPUSDT,60,1776225600000,1.3569,1.3599,1.3566,1.3584,2343712.8,3183127.29068,1
BYBIT,XRPUSDT,60,1776229200000,1.3584,1.3609,1.3543,1.358,3623434.4,4917073.98969,1
BYBIT,XRPUSDT,60,1776232800000,1.358,1.3582,1.3535,1.3549,2979502.3,4037564.51565,1
BYBIT,XRPUSDT,60,1776236400000,1.3549,1.3561,1.3477,1.3512,9574735.9,12942142.86514,1
BYBIT,XRPUSDT,60,1776240000000,1.3512,1.3566,1.3498,1.3551,7297510.7,9875849.37078,1
BYBIT,XRPUSDT,60,1776243600000,1.3551,1.3556,1.3496,1.3516,7401567.7,10006265.52929,1
BYBIT,XRPUSDT,60,1776247200000,1.3516,1.3594,1.351,1.3557,7428807.0,10064231.50016,1
BYBIT,XRPUSDT,60,1776250800000,1.3557,1.3642,1.3557,1.3628,6462221.8,8790992.42474,1
BYBIT,XRPUSDT,60,1776254400000,1.3628,1.371,1.3601,1.3647,11157868.0,15238706.52897,1
BYBIT,XRPUSDT,60,1776258000000,1.3647,1.3677,1.3608,1.3667,7011819.6,9566249.82841,1
BYBIT,XRPUSDT,60,1776261600000,1.3667,1.3791,1.3635,1.3759,15988083.1,21954902.58632,1
BYBIT,XRPUSDT,60,1776265200000,1.3759,1.3835,1.3711,1.3728,15855438.7,21846810.34066,1
BYBIT,XRPUSDT,60,1776268800000,1.3728,1.382,1.3713,1.3778,10497652.7,14449921.03852,1
BYBIT,XRPUSDT,60,1776272400000,1.3778,1.3837,1.3753,1.3798,6447416.1,8892771.53949,1
BYBIT,XRPUSDT,60,1776276000000,1.3798,1.387,1.3786,1.3864,7624580.5,10550929.06154,1
BYBIT,XRPUSDT,60,1776279600000,1.3864,1.408,1.3841,1.3994,23377962.2,32679314.93137,1
BYBIT,XRPUSDT,60,1776283200000,1.3994,1.4001,1.3831,1.3876,13745836.8,19094350.81603,1
BYBIT,XRPUSDT,60,1776286800000,1.3876,1.3885,1.3799,1.3879,5123640.4,7092233.48401,1
BYBIT,XRPUSDT,60,1776290400000,1.3879,1.4019,1.3877,1.3935,10167435.4,14200448.49019,1
BYBIT,XRPUSDT,60,1776294000000,1.3935,1.3935,1.3848,1.3914,6784523.3,9420386.84029,1
BYBIT,XRPUSDT,60,1776297600000,1.3914,1.3977,1.3858,1.3965,5660054.8,7879041.71722,1
BYBIT,XRPUSDT,60,1776301200000,1.3965,1.4015,1.3897,1.3997,12324533.0,17225634.43211,1
BYBIT,XRPUSDT,60,1776304800000,1.3997,1.4097,1.3959,1.4059,9702732.3,13616033.2082,1
BYBIT,XRPUSDT,60,1776308400000,1.4059,1.4148,1.4045,1.4057,9937896.5,14011351.65535,1
BYBIT,XRPUSDT,60,1776312000000,1.4057,1.4109,1.4012,1.4035,8080467.6,11357051.00543,1
BYBIT,XRPUSDT,60,1776315600000,1.4035,1.4068,1.3999,1.4051,4226766.5,5932336.35506,1
BYBIT,XRPUSDT,60,1776319200000,1.4051,1.4094,1.4037,1.4093,3557599.2,5006082.05176,1
BYBIT,XRPUSDT,60,1776322800000,1.4093,1.4122,1.4036,1.4052,4133080.0,5819673.32797,1
BYBIT,XRPUSDT,60,1776326400000,1.4052,1.409,1.4021,1.4047,7495996.0,10534619.23734,1
BYBIT,XRPUSDT,60,1776330000000,1.4047,1.4226,1.4033,1.4166,27507313.6,38918410.07145,1
BYBIT,XRPUSDT,60,1776333600000,1.4166,1.4172,1.4071,1.4082,10831388.5,15287918.54107,1
BYBIT,XRPUSDT,60,1776337200000,1.4082,1.4089,1.4011,1.4088,10982358.2,15430672.3537,1
BYBIT,XRPUSDT,60,1776340800000,1.4088,1.4229,1.4085,1.4132,12263731.3,17358719.9769,1
BYBIT,XRPUSDT,60,1776344400000,1.4132,1.4336,1.3983,1.4065,35771292.9,50700898.09439,1
BYBIT,XRPUSDT,60,1776348000000,1.4065,1.4122,1.3921,1.4095,28862734.3,40453648.50591,1
BYBIT,XRPUSDT,60,1776351600000,1.4095,1.4321,1.4065,1.4285,22704603.6,32296716.0707,1
BYBIT,XRPUSDT,60,1776355200000,1.4285,1.4411,1.4148,1.4186,30079971.3,42992261.20565,1
BYBIT,XRPUSDT,60,1776358800000,1.4186,1.4291,1.4135,1.4265,10998796.7,15628679.55876,1
BYBIT,XRPUSDT,60,1776362400000,1.4265,1.4481,1.4235,1.446,19449398.7,27937081.52989,1
BYBIT,XRPUSDT,60,1776366000000,1.446,1.4658,1.4408,1.4639,25978937.4,37744080.78034,1
BYBIT,XRPUSDT,60,1776369600000,1.4639,1.4657,1.4435,1.4518,12696574.2,18462351.79049,1
BYBIT,XRPUSDT,60,1776373200000,1.4518,1.4583,1.4447,1.4459,7636004.4,11081549.10715,1
BYBIT,XRPUSDT,60,1776376800000,1.4459,1.4529,1.4458,1.4504,5594038.1,8107894.92904,1
BYBIT,XRPUSDT,60,1776380400000,1.4504,1.4572,1.4471,1.4521,6099170.3,8855736.28563,1
BYBIT,XRPUSDT,60,1776384000000,1.4521,1.4548,1.4394,1.4399,8525075.2,12322822.44412,1
BYBIT,XRPUSDT,60,1776387600000,1.4399,1.4418,1.4265,1.4296,12256325.2,17569077.90505,1
BYBIT,XRPUSDT,60,1776391200000,1.4296,1.4306,1.4215,1.4289,9464948.3,13500485.88391,1
BYBIT,XRPUSDT,60,1776394800000,1.4289,1.4384,1.4262,1.4299,12316583.2,17644131.23203,1
BYBIT,XRPUSDT,60,1776398400000,1.4299,1.4334,1.4251,1.4313,9519337.4,13608823.37233,1
BYBIT,XRPUSDT,60,1776402000000,1.4313,1.4361,1.424,1.4242,12206271.4,17442018.8452,1
BYBIT,XRPUSDT,60,1776405600000,1.4242,1.433,1.4233,1.4315,4111293.3,5875022.1723,1
BYBIT,XRPUSDT,60,1776409200000,1.4315,1.439,1.4314,1.4366,6405398.0,9196358.0394,1
BYBIT,XRPUSDT,60,1776412800000,1.4366,1.447,1.4346,1.446,10367512.6,14929371.69793,1
BYBIT,XRPUSDT,60,1776416400000,1.446,1.4586,1.4418,1.451,13433776.2,19470841.74333,1
BYBIT,XRPUSDT,60,1776420000000,1.451,1.4527,1.4317,1.4363,13192527.0,18997563.28763,1
BYBIT,XRPUSDT,60,1776423600000,1.4363,1.4478,1.4359,1.4466,6153126.4,8875433.08068,1
BYBIT,XRPUSDT,60,1776427200000,1.4466,1.4604,1.4433,1.4581,14538725.6,21111601.28823,1
BYBIT,XRPUSDT,60,1776430800000,1.4581,1.4908,1.4546,1.4865,50044420.1,73745787.72903,1
BYBIT,XRPUSDT,60,1776434400000,1.4865,1.5094,1.4822,1.4977,33288659.9,49726413.88962,1
BYBIT,XRPUSDT,60,1776438000000,1.4977,1.501,1.475,1.485,23531734.3,35004085.15881,1
BYBIT,XRPUSDT,60,1776441600000,1.485,1.4996,1.4843,1.4966,14322760.3,21386868.46547,1
BYBIT,XRPUSDT,60,1776445200000,1.4966,1.497,1.4762,1.4829,16298090.8,24211669.52396,1
BYBIT,XRPUSDT,60,1776448800000,1.4829,1.4837,1.4719,1.4768,10193771.7,15047173.24088,1
BYBIT,XRPUSDT,60,1776452400000,1.4768,1.4916,1.4757,1.4864,10247065.9,15216583.61212,1
BYBIT,XRPUSDT,60,1776456000000,1.4864,1.4886,1.4744,1.4807,6132340.5,9086456.93112,1
BYBIT,XRPUSDT,60,1776459600000,1.4807,1.4861,1.4765,1.4784,4379885.7,6486508.35608,1
BYBIT,XRPUSDT,60,1776463200000,1.4784,1.4881,1.4765,1.4837,12441926.8,18441131.03127,1
BYBIT,XRPUSDT,60,1776466800000,1.4837,1.4838,1.4709,1.4749,9379114.9,13847386.4705,1
BYBIT,XRPUSDT,60,1776470400000,1.4749,1.4794,1.4712,1.4753,4403537.2,6495867.67835,1
BYBIT,XRPUSDT,60,1776474000000,1.4753,1.4817,1.4724,1.477,5290999.4,7811870.12982,1
BYBIT,XRPUSDT,60,1776477600000,1.477,1.4772,1.4682,1.4747,6792902.5,10000400.88519,1
BYBIT,XRPUSDT,60,1776481200000,1.4747,1.4747,1.4659,1.4677,4421445.5,6498882.30674,1
BYBIT,XRPUSDT,60,1776484800000,1.4677,1.469,1.4602,1.4677,13617988.8,19938541.45644,1
BYBIT,XRPUSDT,60,1776488400000,1.4677,1.4764,1.4671,1.4681,6913418.3,10175404.2192,1
BYBIT,XRPUSDT,60,1776492000000,1.4681,1.4726,1.463,1.4699,11453782.6,16810501.94898,1
BYBIT,XRPUSDT,60,1776495600000,1.4699,1.4749,1.468,1.4734,4504096.7,6631184.9715,1
BYBIT,XRPUSDT,60,1776499200000,1.4734,1.4747,1.4448,1.4525,32672772.4,47541565.2864,1
BYBIT,XRPUSDT,60,1776502800000,1.4525,1.4536,1.4454,1.4498,14548902.5,21093213.80012,1
BYBIT,XRPUSDT,60,1776506400000,1.4498,1.4499,1.4339,1.4391,14480271.5,20849554.5182,1
BYBIT,XRPUSDT,60,1776510000000,1.4391,1.4394,1.4205,1.4306,20379345.5,29131840.90459,1
BYBIT,XRPUSDT,60,1776513600000,1.4306,1.4373,1.4297,1.4352,9009065.9,12921974.66399,1
BYBIT,XRPUSDT,60,1776517200000,1.4352,1.4379,1.4282,1.4362,7553836.6,10829311.51373,1
BYBIT,XRPUSDT,60,1776520800000,1.4362,1.4377,1.4317,1.434,7306482.3,10487355.17575,1
BYBIT,XRPUSDT,60,1776524400000,1.434,1.4391,1.4299,1.4351,10053169.9,14417364.2421,1
BYBIT,XRPUSDT,60,1776528000000,1.4351,1.4387,1.4304,1.4329,5843319.4,8380045.31231,1
BYBIT,XRPUSDT,60,1776531600000,1.4329,1.4329,1.4264,1.4309,8417316.0,12037200.01305,1
BYBIT,XRPUSDT,60,1776535200000,1.4309,1.4338,1.4225,1.4249,9009591.6,12854886.53957,1
BYBIT,XRPUSDT,60,1776538800000,1.4249,1.4304,1.424,1.4264,3283191.3,4684231.59645,1
BYBIT,XRPUSDT,60,1776542400000,1.4264,1.4297,1.4231,1.4275,3470435.1,4948947.90742,1
BYBIT,XRPUSDT,60,1776546000000,1.4275,1.4383,1.4271,1.4356,7168146.4,10276649.64478,1
BYBIT,XRPUSDT,60,1776549600000,1.4356,1.4357,1.4294,1.4336,4473900.3,6409693.30492,1
BYBIT,XRPUSDT,60,1776553200000,1.4336,1.4377,1.4311,1.4316,4086251.1,5865806.2788,1
BYBIT,XRPUSDT,60,1776556800000,1.4316,1.4353,1.4287,1.4323,3976096.4,5693871.5037,1
BYBIT,XRPUSDT,60,1776560400000,1.4323,1.438,1.4282,1.4311,4298249.3,6158471.52667,1
BYBIT,XRPUSDT,60,1776564000000,1.4311,1.4343,1.4233,1.4294,6422453.9,9169444.96865,1
BYBIT,XRPUSDT,60,1776567600000,1.4294,1.4332,1.4256,1.4287,3952693.4,5652391.85387,1
BYBIT,XRPUSDT,60,1776571200000,1.4287,1.4328,1.4221,1.4298,5907246.0,8438602.50555,1
BYBIT,XRPUSDT,60,1776574800000,1.4298,1.4427,1.4286,1.4294,10946148.3,15720613.40417,1
BYBIT,XRPUSDT,60,1776578400000,1.4294,1.4302,1.4151,1.4279,20019066.2,28474347.61458,1
BYBIT,XRPUSDT,60,1776582000000,1.4279,1.4288,1.4129,1.4191,15453241.1,21944735.81976,1
BYBIT,XRPUSDT,60,1776585600000,1.4191,1.428,1.4145,1.4238,13850751.0,19671921.364,1
BYBIT,XRPUSDT,60,1776589200000,1.4238,1.4252,1.4117,1.4208,8717196.6,12357374.7303,1
BYBIT,XRPUSDT,60,1776592800000,1.4208,1.427,1.4151,1.4224,12066695.2,17141702.67051,1
BYBIT,XRPUSDT,60,1776596400000,1.4224,1.4311,1.4216,1.4289,6163408.1,8796554.79024,1
BYBIT,XRPUSDT,60,1776600000000,1.4289,1.4329,1.4239,1.4308,9386400.5,13415271.88802,1
BYBIT,XRPUSDT,60,1776603600000,1.4308,1.4461,1.4302,1.438,25794356.6,37116651.45284,1
BYBIT,XRPUSDT,60,1776607200000,1.438,1.4416,1.432,1.4368,8521134.2,12247997.91007,1
BYBIT,XRPUSDT,60,1776610800000,1.4368,1.4379,1.4201,1.4308,12286593.2,17551500.59127,1
BYBIT,XRPUSDT,60,1776614400000,1.4308,1.4315,1.4188,1.4213,6335019.3,9028783.15238,1
BYBIT,XRPUSDT,60,1776618000000,1.4213,1.4236,1.4094,1.4122,13074446.9,18523459.60069,1
BYBIT,XRPUSDT,60,1776621600000,1.4122,1.4173,1.4104,1.415,7407244.2,10474472.50655,1
BYBIT,XRPUSDT,60,1776625200000,1.415,1.4209,1.4138,1.4168,5027162.7,7126377.50283,1
BYBIT,XRPUSDT,60,1776628800000,1.4168,1.4168,1.4081,1.4094,8063005.9,11384456.2738,1
BYBIT,XRPUSDT,60,1776632400000,1.4094,1.4162,1.4082,1.4087,6028643.8,8508482.01854,1
BYBIT,XRPUSDT,60,1776636000000,1.4087,1.4087,1.387,1.3981,28473493.8,39807854.59342,1
BYBIT,XRPUSDT,60,1776639600000,1.3981,1.3981,1.3918,1.3935,8570174.3,11950832.80349,1
BYBIT,XRPUSDT,60,1776643200000,1.3935,1.4072,1.3925,1.4048,9033432.2,12657671.63751,1
BYBIT,XRPUSDT,60,1776646800000,1.4048,1.4109,1.4039,1.4073,5067644.4,7132859.11753,1
BYBIT,XRPUSDT,60,1776650400000,1.4073,1.4082,1.4031,1.4073,6050949.3,8507063.81035,1
BYBIT,XRPUSDT,60,1776654000000,1.4073,1.4128,1.4068,1.41,5256990.8,7411570.3792,1
BYBIT,XRPUSDT,60,1776657600000,1.41,1.4103,1.4049,1.4085,3478995.6,4896713.26652,1
BYBIT,XRPUSDT,60,1776661200000,1.4085,1.4087,1.3945,1.3983,8642029.6,12098191.49089,1
BYBIT,XRPUSDT,60,1776664800000,1.3983,1.4146,1.3982,1.4132,10146206.2,14275374.0518,1
BYBIT,XRPUSDT,60,1776668400000,1.4132,1.4319,1.4104,1.4146,23424919.5,33271320.71023,1
BYBIT,XRPUSDT,60,1776672000000,1.4146,1.4173,1.4067,1.4091,7655787.3,10806319.0582,1
BYBIT,XRPUSDT,60,1776675600000,1.4091,1.4203,1.4073,1.4169,8521758.4,12059108.64894,1
BYBIT,XRPUSDT,60,1776679200000,1.4169,1.4266,1.4119,1.4134,12501033.4,17750684.53946,1
BYBIT,XRPUSDT,60,1776682800000,1.4134,1.418,1.4107,1.4146,5573367.6,7883200.45945,1
BYBIT,XRPUSDT,60,1776686400000,1.4146,1.423,1.4119,1.4214,5780104.9,8199909.19888,1
BYBIT,XRPUSDT,60,1776690000000,1.4214,1.4269,1.4164,1.424,10564420.9,15020597.5195,1
BYBIT,XRPUSDT,60,1776693600000,1.424,1.4312,1.4131,1.4158,19709789.2,28055446.40171,1
BYBIT,XRPUSDT,60,1776697200000,1.4158,1.4344,1.408,1.432,15582025.5,22172804.16784,1
BYBIT,XRPUSDT,60,1776700800000,1.432,1.4329,1.4216,1.4228,5621017.3,8015927.22176,1
BYBIT,XRPUSDT,60,1776704400000,1.4228,1.4321,1.4219,1.4263,6014067.1,8578757.77782,1
BYBIT,XRPUSDT,60,1776708000000,1.4263,1.4366,1.4263,1.4316,11332274.9,16219598.3329,1
BYBIT,XRPUSDT,60,1776711600000,1.4316,1.4327,1.4268,1.4294,4634030.8,6626103.99276,1
BYBIT,XRPUSDT,60,1776715200000,1.4294,1.4327,1.424,1.4307,4625752.5,6605590.11632,1
BYBIT,XRPUSDT,60,1776718800000,1.4307,1.4318,1.4236,1.4294,4040544.9,5768075.08512,1
BYBIT,XRPUSDT,60,1776722400000,1.4294,1.4312,1.424,1.4251,2218473.8,3166390.82905,1
BYBIT,XRPUSDT,60,1776726000000,1.4251,1.4251,1.4204,1.4238,3550240.7,5049900.5183,1
BYBIT,XRPUSDT,60,1776729600000,1.4238,1.4287,1.4235,1.4267,4310025.8,6146517.37471,1
BYBIT,XRPUSDT,60,1776733200000,1.4267,1.4312,1.4243,1.4249,5147243.1,7352569.36692,1
BYBIT,XRPUSDT,60,1776736800000,1.4249,1.4258,1.4212,1.4212,2955196.3,4206430.64247,1
BYBIT,XRPUSDT,60,1776740400000,1.4212,1.425,1.4183,1.4231,4472464.3,6355415.84227,1
BYBIT,XRPUSDT,60,1776744000000,1.4231,1.4282,1.423,1.4273,2979246.1,4246343.04852,1
BYBIT,XRPUSDT,60,1776747600000,1.4273,1.4327,1.4272,1.431,4837276.3,6918521.47212,1
BYBIT,XRPUSDT,60,1776751200000,1.431,1.4406,1.4275,1.4364,8919691.0,12799891.9579,1
BYBIT,XRPUSDT,60,1776754800000,1.4364,1.4417,1.4316,1.4386,6111630.8,8785705.15232,1
BYBIT,XRPUSDT,60,1776758400000,1.4386,1.4488,1.4366,1.4421,9906050.7,14294630.40764,1
BYBIT,XRPUSDT,60,1776762000000,1.4421,1.4438,1.4366,1.4406,6394051.6,9204696.76357,1
BYBIT,XRPUSDT,60,1776765600000,1.4406,1.4462,1.4373,1.4436,5687645.1,8198305.0319,1
BYBIT,XRPUSDT,60,1776769200000,1.4436,1.4439,1.4367,1.4388,5716173.9,8231124.86209,1
BYBIT,XRPUSDT,60,1776772800000,1.4388,1.4401,1.4253,1.4316,13626587.2,19511495.39001,1
BYBIT,XRPUSDT,60,1776776400000,1.4316,1.435,1.4281,1.4326,8326783.8,11925755.59833,1
BYBIT,XRPUSDT,60,1776780000000,1.4326,1.4444,1.4293,1.4308,10363142.1,14880111.84035,1
BYBIT,XRPUSDT,60,1776783600000,1.4308,1.4329,1.4242,1.4318,10228256.7,14616473.96,1
BYBIT,XRPUSDT,60,1776787200000,1.4318,1.4353,1.4267,1.4278,6279998.6,8991337.22158,1
BYBIT,XRPUSDT,60,1776790800000,1.4278,1.4304,1.4128,1.4236,15396540.3,21876941.50398,1
BYBIT,XRPUSDT,60,1776794400000,1.4236,1.4266,1.4193,1.4261,6650788.4,9462904.67441,1
BYBIT,XRPUSDT,60,1776798000000,1.4261,1.4311,1.4106,1.4131,11508635.2,16331455.40954,1
BYBIT,XRPUSDT,60,1776801600000,1.4131,1.4283,1.4116,1.4226,12206697.8,17355186.16271,1
BYBIT,XRPUSDT,60,1776805200000,1.4226,1.4243,1.4197,1.4218,5480084.7,7793215.79934,1
BYBIT,XRPUSDT,60,1776808800000,1.4218,1.423,1.4158,1.4214,3122093.3,4429670.73523,1
BYBIT,XRPUSDT,60,1776812400000,1.4214,1.4336,1.4212,1.4327,6929109.9,9892201.10132,1
BYBIT,XRPUSDT,60,1776816000000,1.4327,1.4338,1.4291,1.4314,3873586.3,5544542.09095,1
BYBIT,XRPUSDT,60,1776819600000,1.4314,1.4315,1.4261,1.4285,2919919.1,4170281.37872,1
BYBIT,XRPUSDT,60,1776823200000,1.4285,1.4485,1.4253,1.4478,13832201.8,19909030.91558,1
BYBIT,XRPUSDT,60,1776826800000,1.4478,1.4499,1.4399,1.4424,8828342.3,12753090.66417,1
BYBIT,XRPUSDT,60,1776830400000,1.4424,1.4466,1.4407,1.444,4058028.6,5859745.61585,1
BYBIT,XRPUSDT,60,1776834000000,1.444,1.46,1.4423,1.4538,17340682.1,25219831.18899,1
BYBIT,XRPUSDT,60,1776837600000,1.4538,1.4564,1.4515,1.456,4675736.1,6797989.59591,1
BYBIT,XRPUSDT,60,1776841200000,1.456,1.4576,1.4507,1.4537,5943999.3,8641188.88797,1
BYBIT,XRPUSDT,60,1776844800000,1.4537,1.455,1.4491,1.4518,4773689.7,6929128.70242,1
BYBIT,XRPUSDT,60,1776848400000,1.4518,1.454,1.4493,1.4506,3430371.1,4979879.11039,1
BYBIT,XRPUSDT,60,1776852000000,1.4506,1.4519,1.4478,1.4499,3568882.3,5173707.16318,1
BYBIT,XRPUSDT,60,1776855600000,1.4499,1.4541,1.4482,1.4537,3801055.6,5516554.20381,1
BYBIT,XRPUSDT,60,1776859200000,1.4537,1.4547,1.4464,1.4497,7288924.3,10571890.19357,1
BYBIT,XRPUSDT,60,1776862800000,1.4497,1.4603,1.4471,1.4582,12900312.9,18768018.12724,1
BYBIT,XRPUSDT,60,1776866400000,1.4582,1.463,1.4509,1.457,18665437.1,27218244.85743,1
BYBIT,XRPUSDT,60,1776870000000,1.457,1.46,1.451,1.4557,14450832.2,21015261.9762,1
BYBIT,XRPUSDT,60,1776873600000,1.4557,1.4581,1.4451,1.446,11312390.2,16395000.29329,1
BYBIT,XRPUSDT,60,1776877200000,1.446,1.4515,1.4433,1.4482,8630132.9,12482327.90115,1
BYBIT,XRPUSDT,60,1776880800000,1.4482,1.4522,1.4468,1.4469,2936018.9,4257706.5408,1
BYBIT,XRPUSDT,60,1776884400000,1.4469,1.4472,1.4361,1.4404,7981765.6,11503853.14993,1
BYBIT,XRPUSDT,60,1776888000000,1.4404,1.442,1.4323,1.4362,8248206.4,11848649.02269,1
BYBIT,XRPUSDT,60,1776891600000,1.4362,1.4407,1.436,1.4407,3777227.5,5433767.79844,1
BYBIT,XRPUSDT,60,1776895200000,1.4407,1.4409,1.4345,1.4373,2809404.6,4037701.52396,1
BYBIT,XRPUSDT,60,1776898800000,1.4373,1.4374,1.4277,1.4286,8719720.8,12481029.47878,1
BYBIT,XRPUSDT,60,1776902400000,1.4286,1.4306,1.415,1.4284,16039782.5,22845432.87683,1
BYBIT,XRPUSDT,60,1776906000000,1.4284,1.429,1.4197,1.425,4814593.9,6856488.81532,1
BYBIT,XRPUSDT,60,1776909600000,1.425,1.4253,1.4143,1.418,7757435.8,11006407.51196,1
BYBIT,XRPUSDT,60,1776913200000,1.418,1.4211,1.4103,1.4152,7645713.9,10816007.98356,1
BYBIT,XRPUSDT,60,1776916800000,1.4152,1.4185,1.4143,1.4164,4904821.4,6947383.77907,1
BYBIT,XRPUSDT,60,1776920400000,1.4164,1.4197,1.4141,1.4189,4967850.5,7039548.55242,1
BYBIT,XRPUSDT,60,1776924000000,1.4189,1.4241,1.4189,1.4228,7639603.1,10862945.18949,1
BYBIT,XRPUSDT,60,1776927600000,1.4228,1.4232,1.4188,1.42,3481192.1,4946604.17935,1
BYBIT,XRPUSDT,60,1776931200000,1.42,1.4203,1.4142,1.4172,4389561.0,6220183.13893,1
BYBIT,XRPUSDT,60,1776934800000,1.4172,1.4178,1.4108,1.414,5388487.5,7617350.72685,1
BYBIT,XRPUSDT,60,1776938400000,1.414,1.4151,1.4075,1.4099,8140898.7,11480556.25131,1
BYBIT,XRPUSDT,60,1776942000000,1.4099,1.4167,1.4099,1.4154,6194013.3,8754951.88174,1
BYBIT,XRPUSDT,60,1776945600000,1.4154,1.4201,1.4143,1.4179,7984987.0,11312872.41642,1
BYBIT,XRPUSDT,60,1776949200000,1.4179,1.4195,1.4134,1.4157,11063486.5,15680347.06038,1
BYBIT,XRPUSDT,60,1776952800000,1.4157,1.4295,1.4133,1.4293,15100315.1,21493917.68056,1
BYBIT,XRPUSDT,60,1776956400000,1.4293,1.4363,1.425,1.4311,9623312.0,13775401.16018,1
BYBIT,XRPUSDT,60,1776960000000,1.4311,1.4328,1.4271,1.4291,8341857.0,11929977.5724,1
BYBIT,XRPUSDT,60,1776963600000,1.4291,1.436,1.4204,1.4345,29637755.0,42330831.73803,1
BYBIT,XRPUSDT,60,1776967200000,1.4345,1.4407,1.4304,1.4304,10872972.6,15618250.09176,1
BYBIT,XRPUSDT,60,1776970800000,1.4304,1.4332,1.4261,1.4288,5995761.0,8572777.44568,1
BYBIT,XRPUSDT,60,1776974400000,1.4288,1.4365,1.4266,1.4323,7282054.4,10422866.02439,1
BYBIT,XRPUSDT,60,1776978000000,1.4323,1.4375,1.4298,1.4326,3439980.5,4932106.82903,1
BYBIT,XRPUSDT,60,1776981600000,1.4326,1.4391,1.4325,1.4353,3270109.0,4696888.34507,1
BYBIT,XRPUSDT,60,1776985200000,1.4353,1.4397,1.4315,1.438,3093030.4,4441483.79912,1
BYBIT,XRPUSDT,60,1776988800000,1.438,1.44,1.4369,1.4398,3587411.3,5160832.25898,1
BYBIT,XRPUSDT,60,1776992400000,1.4398,1.4441,1.4309,1.4436,6610133.4,9505090.1159,1
BYBIT,XRPUSDT,60,1776996000000,1.4436,1.4449,1.436,1.4367,3667258.9,5283503.2799,1
BYBIT,XRPUSDT,60,1776999600000,1.4367,1.438,1.4275,1.4301,4995391.7,7151177.09611,1
BYBIT,XRPUSDT,60,1777003200000,1.4301,1.4303,1.4208,1.4281,19263562.1,27475645.919,1
BYBIT,XRPUSDT,60,1777006800000,1.4281,1.4327,1.4249,1.4319,5285570.9,7551925.85753,1
BYBIT,XRPUSDT,60,1777010400000,1.4319,1.4325,1.4291,1.4291,3308802.9,4733333.69165,1
BYBIT,XRPUSDT,60,1777014000000,1.4291,1.432,1.4276,1.4319,3291270.9,4705105.19872,1
BYBIT,XRPUSDT,60,1777017600000,1.4319,1.4358,1.4287,1.4307,5348752.9,7661594.7665,1
BYBIT,XRPUSDT,60,1777021200000,1.4307,1.4311,1.424,1.4249,5357178.8,7639573.92202,1
BYBIT,XRPUSDT,60,1777024800000,1.4249,1.432,1.4231,1.4309,4638272.7,6617909.69046,1
BYBIT,XRPUSDT,60,1777028400000,1.4309,1.4398,1.4309,1.4378,10016549.1,14385690.20097,1
BYBIT,XRPUSDT,60,1777032000000,1.4378,1.4411,1.4321,1.4341,6806746.6,9778891.90478,1
BYBIT,XRPUSDT,60,1777035600000,1.4341,1.4438,1.4326,1.435,10936259.5,15731873.34554,1
BYBIT,XRPUSDT,60,1777039200000,1.435,1.4382,1.4272,1.4328,11524845.0,16515023.62501,1
BYBIT,XRPUSDT,60,1777042800000,1.4328,1.4478,1.428,1.4475,14791795.4,21312551.42756,1
BYBIT,XRPUSDT,60,1777046400000,1.4475,1.4501,1.4368,1.4398,7887923.3,11383009.03965,1
BYBIT,XRPUSDT,60,1777050000000,1.4398,1.442,1.435,1.4403,4890148.5,7037310.36882,1
BYBIT,XRPUSDT,60,1777053600000,1.4403,1.4412,1.4328,1.4381,2771014.2,3981699.88058,1
BYBIT,XRPUSDT,60,1777057200000,1.4381,1.4414,1.4358,1.4386,2264315.2,3257715.46515,1
BYBIT,XRPUSDT,60,1777060800000,1.4386,1.4412,1.4339,1.4396,4220491.1,6066336.86531,1
BYBIT,XRPUSDT,60,1777064400000,1.4396,1.4424,1.4359,1.4369,3575844.9,5143727.0565,1
BYBIT,XRPUSDT,60,1777068000000,1.4369,1.4373,1.4284,1.4308,5735824.7,8211386.57848,1
BYBIT,XRPUSDT,60,1777071600000,1.4308,1.433,1.4307,1.4325,1459642.1,2090259.6308,1
BYBIT,XRPUSDT,60,1777075200000,1.4325,1.4338,1.4309,1.4326,2262133.9,3240192.7488,1
BYBIT,XRPUSDT,60,1777078800000,1.4326,1.4363,1.4325,1.4352,1689871.4,2424128.19206,1
BYBIT,XRPUSDT,60,1777082400000,1.4352,1.437,1.4325,1.4327,2316487.2,3323302.11189,1
BYBIT,XRPUSDT,60,1777086000000,1.4327,1.4362,1.4319,1.4358,2291849.5,3285742.11266,1
BYBIT,XRPUSDT,60,1777089600000,1.4358,1.4364,1.4327,1.4332,990748.4,1420899.23996,1
BYBIT,XRPUSDT,60,1777093200000,1.4332,1.4332,1.4305,1.4315,2007362.5,2873803.1083,1
BYBIT,XRPUSDT,60,1777096800000,1.4315,1.4341,1.43,1.4318,2087100.4,2988736.49846,1
BYBIT,XRPUSDT,60,1777100400000,1.4318,1.434,1.4302,1.4325,1780434.0,2550090.28089,1
BYBIT,XRPUSDT,60,1777104000000,1.4325,1.4343,1.4315,1.4338,1706946.5,2446049.47985,1
BYBIT,XRPUSDT,60,1777107600000,1.4338,1.4359,1.4321,1.4345,1757153.6,2520218.12323,1
BYBIT,XRPUSDT,60,1777111200000,1.4345,1.4357,1.4337,1.4346,1154897.1,1656831.2957,1
BYBIT,XRPUSDT,60,1777114800000,1.4346,1.4347,1.4285,1.43,3618667.7,5176395.2375,1
BYBIT,XRPUSDT,60,1777118400000,1.43,1.4309,1.4273,1.4285,3542603.7,5061913.00439,1
BYBIT,XRPUSDT,60,1777122000000,1.4285,1.4317,1.4277,1.4302,2087531.4,2985026.68445,1
BYBIT,XRPUSDT,60,1777125600000,1.4302,1.431,1.4283,1.4284,2175673.5,3110429.82068,1
BYBIT,XRPUSDT,60,1777129200000,1.4284,1.4305,1.4235,1.4248,5561665.4,7934034.31805,1
BYBIT,XRPUSDT,60,1777132800000,1.4248,1.4273,1.4193,1.4234,6367006.0,9061982.99627,1
BYBIT,XRPUSDT,60,1777136400000,1.4234,1.424,1.4181,1.4192,4837269.7,6870670.82188,1
BYBIT,XRPUSDT,60,1777140000000,1.4192,1.422,1.4186,1.4203,2472798.9,3512741.7832,1
BYBIT,XRPUSDT,60,1777143600000,1.4203,1.4207,1.4182,1.4196,1784633.8,2532759.5455,1
BYBIT,XRPUSDT,60,1777147200000,1.4196,1.4213,1.4179,1.4212,1721504.4,2443849.73733,1
BYBIT,XRPUSDT,60,1777150800000,1.4212,1.4227,1.4209,1.4221,1865345.3,2652128.38559,1
BYBIT,XRPUSDT,60,1777154400000,1.4221,1.425,1.4214,1.4228,6727525.3,9581681.46252,1
BYBIT,XRPUSDT,60,1777158000000,1.4228,1.4248,1.4216,1.4233,2146336.6,3054558.75806,1
BYBIT,XRPUSDT,60,1777161600000,1.4233,1.4235,1.4191,1.4202,2693172.2,3826701.94451,1
BYBIT,XRPUSDT,60,1777165200000,1.4202,1.4211,1.4174,1.4186,3218870.0,4567803.88334,1
BYBIT,XRPUSDT,60,1777168800000,1.4186,1.4219,1.4184,1.4211,1637579.0,2326386.16386,1
BYBIT,XRPUSDT,60,1777172400000,1.4211,1.4232,1.4172,1.418,2859039.3,4059157.76645,1
BYBIT,XRPUSDT,60,1777176000000,1.418,1.4232,1.4177,1.4213,2846548.5,4041501.93547,1
BYBIT,XRPUSDT,60,1777179600000,1.4213,1.4286,1.4206,1.4247,6105959.1,8703640.07322,1
BYBIT,XRPUSDT,60,1777183200000,1.4247,1.4275,1.4247,1.4266,1442199.3,2056435.32767,1
BYBIT,XRPUSDT,60,1777186800000,1.4266,1.4283,1.4248,1.4279,4414769.2,6296315.56612,1
BYBIT,XRPUSDT,60,1777190400000,1.4279,1.4288,1.4251,1.4257,2491621.7,3555440.1268,1
BYBIT,XRPUSDT,60,1777194000000,1.4257,1.4278,1.4247,1.4276,1874587.9,2673832.55148,1
BYBIT,XRPUSDT,60,1777197600000,1.4276,1.4282,1.4258,1.4269,1657350.7,2365250.58434,1
BYBIT,XRPUSDT,60,1777201200000,1.4269,1.4312,1.4269,1.4297,3201236.4,4576370.17022,1
BYBIT,XRPUSDT,60,1777204800000,1.4297,1.4308,1.4229,1.424,9133213.0,13021096.76449,1
BYBIT,XRPUSDT,60,1777208400000,1.424,1.4252,1.4221,1.4235,2805615.0,3993867.07768,1
BYBIT,XRPUSDT,60,1777212000000,1.4235,1.4293,1.4226,1.4264,4214220.1,6014088.98929,1
BYBIT,XRPUSDT,60,1777215600000,1.4264,1.4285,1.4253,1.4284,2518737.5,3594569.08868,1
BYBIT,XRPUSDT,60,1777219200000,1.4284,1.4286,1.4243,1.4244,1758525.7,2507729.74645,1
BYBIT,XRPUSDT,60,1777222800000,1.4244,1.4258,1.421,1.4239,2981952.5,4244908.42072,1
BYBIT,XRPUSDT,60,1777226400000,1.4239,1.4294,1.4221,1.4283,4661820.4,6652092.57684,1
BYBIT,XRPUSDT,60,1777230000000,1.4283,1.4355,1.4273,1.4293,10969202.3,15708683.31164,1
BYBIT,XRPUSDT,60,1777233600000,1.4293,1.4321,1.4265,1.4266,2305652.9,3296072.32511,1
BYBIT,XRPUSDT,60,1777237200000,1.4266,1.4296,1.4189,1.4279,9453189.3,13478050.9762,1
BYBIT,XRPUSDT,60,1777240800000,1.4279,1.4351,1.4228,1.4263,9977292.4,14265223.20137,1
BYBIT,XRPUSDT,60,1777244400000,1.4263,1.4344,1.4242,1.4301,4186902.8,5985479.56045,1
BYBIT,XRPUSDT,60,1777248000000,1.4301,1.4402,1.4243,1.4386,10171621.5,14578317.13819,1
BYBIT,XRPUSDT,60,1777251600000,1.4386,1.4462,1.4341,1.444,11765526.0,16958590.17631,1
BYBIT,XRPUSDT,60,1777255200000,1.444,1.4454,1.4395,1.4431,3442150.3,4964074.37264,1
BYBIT,XRPUSDT,60,1777258800000,1.4431,1.4467,1.441,1.4418,4668736.1,6739082.1201,1
BYBIT,XRPUSDT,60,1777262400000,1.4418,1.4419,1.4363,1.4394,4411882.9,6347734.39729,1
BYBIT,XRPUSDT,60,1777266000000,1.4394,1.4399,1.4143,1.4185,24977084.6,35519610.77829,1
BYBIT,XRPUSDT,60,1777269600000,1.4185,1.4199,1.4116,1.4171,6358724.9,9001879.7949,1
BYBIT,XRPUSDT,60,1777273200000,1.4171,1.4179,1.4125,1.4135,4498995.7,6364119.84122,1
BYBIT,XRPUSDT,60,1777276800000,1.4135,1.4174,1.4117,1.4174,4921916.3,6959650.44273,1
BYBIT,XRPUSDT,60,1777280400000,1.4174,1.4182,1.4142,1.4158,4171358.3,5908234.8204,1
BYBIT,XRPUSDT,60,1777284000000,1.4158,1.4161,1.4133,1.4143,2183958.3,3089858.7083,1
BYBIT,XRPUSDT,60,1777287600000,1.4143,1.4143,1.4113,1.4126,4231393.3,5978133.81877,1
BYBIT,XRPUSDT,60,1777291200000,1.4126,1.4142,1.4088,1.4101,7442638.6,10501171.31114,1
BYBIT,XRPUSDT,60,1777294800000,1.4101,1.4116,1.395,1.401,23377532.4,32819601.81869,1
BYBIT,XRPUSDT,60,1777298400000,1.401,1.4103,1.3981,1.4033,10745015.6,15090338.87455,1
BYBIT,XRPUSDT,60,1777302000000,1.4033,1.4036,1.3829,1.3875,22959705.5,31943805.5457,1
BYBIT,XRPUSDT,60,1777305600000,1.3875,1.3908,1.3836,1.3879,6592748.6,9146026.17632,1
BYBIT,XRPUSDT,60,1777309200000,1.3879,1.3945,1.3879,1.3926,3997070.5,5563588.86665,1
BYBIT,XRPUSDT,60,1777312800000,1.3926,1.3967,1.3917,1.3948,6740653.2,9399329.19352,1
BYBIT,XRPUSDT,60,1777316400000,1.3948,1.3957,1.3863,1.3923,4303335.0,5986035.15918,1
BYBIT,XRPUSDT,60,1777320000000,1.3923,1.3943,1.3901,1.3919,2561806.0,3566323.90003,1
BYBIT,XRPUSDT,60,1777323600000,1.3919,1.3931,1.389,1.389,3563775.3,4959162.59184,1
BYBIT,XRPUSDT,60,1777327200000,1.389,1.3964,1.3885,1.3961,4042914.6,5630876.00529,1
BYBIT,XRPUSDT,60,1777330800000,1.3961,1.4012,1.3956,1.3998,3905750.7,5460793.47183,1
BYBIT,XRPUSDT,60,1777334400000,1.3998,1.4,1.3944,1.3971,2834814.8,3961467.82198,1
BYBIT,XRPUSDT,60,1777338000000,1.3971,1.3986,1.3953,1.3966,1709705.5,2388375.19653,1
BYBIT,XRPUSDT,60,1777341600000,1.3966,1.3984,1.3903,1.3927,4601298.9,6412197.05674,1
BYBIT,XRPUSDT,60,1777345200000,1.3927,1.3931,1.3877,1.392,4030724.2,5603470.08148,1
BYBIT,XRPUSDT,60,1777348800000,1.392,1.3936,1.3897,1.3918,4000478.0,5567226.5216,1
BYBIT,XRPUSDT,60,1777352400000,1.3918,1.3967,1.3913,1.3927,3350343.6,4669459.74621,1
BYBIT,XRPUSDT,60,1777356000000,1.3927,1.3964,1.3854,1.3882,5656668.5,7859788.08198,1
BYBIT,XRPUSDT,60,1777359600000,1.3882,1.3926,1.3838,1.3922,5894821.4,8179482.85541,1
BYBIT,XRPUSDT,60,1777363200000,1.3922,1.3952,1.3902,1.3917,3084273.3,4295161.00131,1
BYBIT,XRPUSDT,60,1777366800000,1.3917,1.3919,1.3855,1.3866,3471424.4,4820597.8404,1
BYBIT,XRPUSDT,60,1777370400000,1.3866,1.3891,1.3854,1.3872,4345162.2,6026152.47874,1
BYBIT,XRPUSDT,60,1777374000000,1.3872,1.3879,1.3783,1.3807,11238576.1,15539882.76515,1
BYBIT,XRPUSDT,60,1777377600000,1.3807,1.3842,1.3779,1.3823,7624055.8,10529553.52331,1
BYBIT,XRPUSDT,60,1777381200000,1.3823,1.3833,1.374,1.3775,15114888.0,20825580.26462,1
BYBIT,XRPUSDT,60,1777384800000,1.3775,1.3775,1.3669,1.3692,18650615.7,25565493.27123,1
BYBIT,XRPUSDT,60,1777388400000,1.3692,1.3767,1.3684,1.3747,16202690.2,22234037.45339,1
BYBIT,XRPUSDT,60,1777392000000,1.3747,1.3769,1.3697,1.3762,5819231.8,7996463.05835,1
BYBIT,XRPUSDT,60,1777395600000,1.3762,1.3806,1.3736,1.3779,12709187.5,17503534.58546,1
BYBIT,XRPUSDT,60,1777399200000,1.3779,1.3817,1.3778,1.3815,4396745.7,6069829.1002,1
BYBIT,XRPUSDT,60,1777402800000,1.3815,1.3861,1.3768,1.3819,21097378.0,29178725.22323,1
BYBIT,XRPUSDT,60,1777406400000,1.3819,1.3843,1.3806,1.3822,8071970.1,11157814.09056,1
BYBIT,XRPUSDT,60,1777410000000,1.3822,1.3833,1.3777,1.3795,3140004.6,4333963.17904,1
BYBIT,XRPUSDT,60,1777413600000,1.3795,1.385,1.3775,1.3792,12487720.6,17250698.43887,1
BYBIT,XRPUSDT,60,1777417200000,1.3792,1.381,1.3778,1.38,1867260.6,2576301.57024,1
BYBIT,XRPUSDT,60,1777420800000,1.38,1.3857,1.3774,1.3823,17656692.3,24363909.74845,1
BYBIT,XRPUSDT,60,1777424400000,1.3823,1.3832,1.3761,1.3811,5385921.8,7425720.18983,1
BYBIT,XRPUSDT,60,1777428000000,1.3811,1.3829,1.3783,1.3792,8980692.2,12407558.84719,1
BYBIT,XRPUSDT,60,1777431600000,1.3792,1.389,1.3788,1.3882,11777428.1,16318176.72004,1
BYBIT,XRPUSDT,60,1777435200000,1.3882,1.3966,1.3866,1.3941,7225888.2,10060195.24861,1
BYBIT,XRPUSDT,60,1777438800000,1.3941,1.3963,1.3932,1.3954,4421339.4,6163824.14882,1
BYBIT,XRPUSDT,60,1777442400000,1.3954,1.396,1.3899,1.3915,8765159.8,12218487.49625,1
BYBIT,XRPUSDT,60,1777446000000,1.3915,1.3952,1.3901,1.3915,6752334.3,9400795.31573,1
BYBIT,XRPUSDT,60,1777449600000,1.3915,1.3924,1.3882,1.3907,3963409.0,5509645.51365,1
BYBIT,XRPUSDT,60,1777453200000,1.3907,1.4055,1.3898,1.4029,24202855.6,33828865.41218,1
BYBIT,XRPUSDT,60,1777456800000,1.4029,1.4061,1.3947,1.3969,17479192.2,24482280.97312,1
BYBIT,XRPUSDT,60,1777460400000,1.3969,1.397,1.3904,1.3941,16211526.5,22591124.55743,1
BYBIT,XRPUSDT,60,1777464000000,1.3941,1.3943,1.3777,1.3824,37583517.0,52082945.58061,1
BYBIT,XRPUSDT,60,1777467600000,1.3824,1.3835,1.3692,1.3747,24895636.3,34252679.14799,1
BYBIT,XRPUSDT,60,1777471200000,1.3747,1.3772,1.369,1.3714,10521009.8,14441122.4971,1
BYBIT,XRPUSDT,60,1777474800000,1.3714,1.3724,1.3576,1.361,20663459.6,28163766.79031,1
BYBIT,XRPUSDT,60,1777478400000,1.361,1.3665,1.356,1.3627,14537899.4,19797578.64826,1
BYBIT,XRPUSDT,60,1777482000000,1.3627,1.3675,1.362,1.3672,6619542.7,9033023.03184,1
BYBIT,XRPUSDT,60,1777485600000,1.3672,1.3698,1.3441,1.3568,26894549.6,36400995.3551,1
BYBIT,XRPUSDT,60,1777489200000,1.3568,1.3579,1.3507,1.3526,4376393.4,5926152.10901,1
BYBIT,XRPUSDT,60,1777492800000,1.3526,1.3648,1.3525,1.362,25351748.8,34456370.84741,1
BYBIT,XRPUSDT,60,1777496400000,1.362,1.3737,1.3612,1.368,9064731.3,12405263.78346,1
BYBIT,XRPUSDT,60,1777500000000,1.368,1.3702,1.3664,1.3692,2908626.4,3978805.89953,1
BYBIT,XRPUSDT,60,1777503600000,1.3692,1.3704,1.364,1.3686,2778732.7,3799111.61314,1
BYBIT,XRPUSDT,60,1777507200000,1.3686,1.3845,1.3686,1.3822,8005531.2,11026475.97609,1
BYBIT,XRPUSDT,60,1777510800000,1.3822,1.3839,1.3758,1.3787,13461978.4,18558359.50591,1
BYBIT,XRPUSDT,60,1777514400000,1.3787,1.3809,1.3667,1.3724,14008586.6,19200478.54692,1
BYBIT,XRPUSDT,60,1777518000000,1.3724,1.3749,1.3702,1.3726,2053698.5,2818629.97839,1
BYBIT,XRPUSDT,60,1777521600000,1.3726,1.3727,1.3592,1.3621,9424345.2,12845629.77508,1
BYBIT,XRPUSDT,60,1777525200000,1.3621,1.3669,1.3579,1.3637,6337537.8,8640080.33059,1
BYBIT,XRPUSDT,60,1777528800000,1.3637,1.371,1.3595,1.3681,8288901.8,11317067.53198,1
BYBIT,XRPUSDT,60,1777532400000,1.3681,1.3746,1.3667,1.374,2650411.8,3634632.91313,1
BYBIT,XRPUSDT,60,1777536000000,1.374,1.3758,1.3716,1.3719,4422825.5,6074884.48273,1
BYBIT,XRPUSDT,60,1777539600000,1.3719,1.3792,1.3712,1.3727,3022603.1,4154572.41057,1
BYBIT,XRPUSDT,60,1777543200000,1.3727,1.3742,1.3685,1.3697,3297075.7,4519263.03764,1
BYBIT,XRPUSDT,60,1777546800000,1.3697,1.3752,1.3654,1.3687,4961359.2,6799392.223,1
BYBIT,XRPUSDT,60,1777550400000,1.3687,1.3752,1.3682,1.369,4028161.5,5525792.48848,1
BYBIT,XRPUSDT,60,1777554000000,1.369,1.3738,1.3643,1.3691,5790793.8,7925868.31518,1
BYBIT,XRPUSDT,60,1777557600000,1.3691,1.3718,1.3618,1.3675,6520806.8,8914806.75752,1
BYBIT,XRPUSDT,60,1777561200000,1.3675,1.3745,1.3641,1.3686,4243604.9,5808049.98409,1
BYBIT,XRPUSDT,60,1777564800000,1.3686,1.3689,1.3642,1.3652,1914678.1,2616147.06759,1
BYBIT,XRPUSDT,60,1777568400000,1.3652,1.3704,1.3618,1.3674,9156542.8,12519212.1869,1
BYBIT,XRPUSDT,60,1777572000000,1.3674,1.371,1.366,1.3693,3352906.9,4589363.36569,1
BYBIT,XRPUSDT,60,1777575600000,1.3693,1.3735,1.3684,1.3696,2384267.3,3269682.45391,1
BYBIT,XRPUSDT,60,1777579200000,1.3696,1.3709,1.3673,1.369,1411697.1,1932599.20947,1
BYBIT,XRPUSDT,60,1777582800000,1.369,1.372,1.3652,1.3653,5087593.7,6966322.57213,1
BYBIT,XRPUSDT,60,1777586400000,1.3653,1.3677,1.3635,1.3642,4965212.7,6782339.45172,1
BYBIT,XRPUSDT,60,1777590000000,1.3642,1.3676,1.3637,1.3672,1782208.6,2434254.79099,1
BYBIT,XRPUSDT,60,1777593600000,1.3672,1.3728,1.3637,1.3682,9337875.0,12775038.50809,1
BYBIT,XRPUSDT,60,1777597200000,1.3682,1.3737,1.365,1.3705,10063557.9,13783506.13109,1
BYBIT,XRPUSDT,60,1777600800000,1.3705,1.3713,1.3676,1.3695,2235199.6,3060808.97508,1
BYBIT,XRPUSDT,60,1777604400000,1.3695,1.3797,1.3679,1.3757,11929762.1,16427903.55303,1
BYBIT,XRPUSDT,60,1777608000000,1.3757,1.3781,1.3736,1.3751,3440525.6,4733309.31932,1
BYBIT,XRPUSDT,60,1777611600000,1.3751,1.3778,1.374,1.376,1903000.3,2618260.71414,1
BYBIT,XRPUSDT,60,1777615200000,1.376,1.3783,1.3713,1.3726,3200873.8,4401337.20001,1
BYBIT,XRPUSDT,60,1777618800000,1.3726,1.3751,1.371,1.3741,5490592.6,7539599.33014,1
BYBIT,XRPUSDT,60,1777622400000,1.3741,1.3801,1.3735,1.3778,4063051.0,5599969.27283,1
BYBIT,XRPUSDT,60,1777626000000,1.3778,1.3781,1.3733,1.3747,2300912.8,3166253.07716,1
BYBIT,XRPUSDT,60,1777629600000,1.3747,1.3762,1.3712,1.376,3301606.2,4535252.74481,1
BYBIT,XRPUSDT,60,1777633200000,1.376,1.3793,1.3749,1.3774,1749230.1,2408202.996,1
BYBIT,XRPUSDT,60,1777636800000,1.3774,1.387,1.3766,1.3827,11645971.3,16106903.28512,1
BYBIT,XRPUSDT,60,1777640400000,1.3827,1.3992,1.3827,1.3977,14989709.1,20860625.40543,1
BYBIT,XRPUSDT,60,1777644000000,1.3977,1.3997,1.3886,1.3939,9868160.6,13753547.18584,1
BYBIT,XRPUSDT,60,1777647600000,1.3939,1.3991,1.3902,1.3952,7993921.6,11154296.87262,1
BYBIT,XRPUSDT,60,1777651200000,1.3952,1.3979,1.3909,1.3909,5345864.3,7449704.61811,1
BYBIT,XRPUSDT,60,1777654800000,1.3909,1.3946,1.388,1.3941,6095856.1,8480846.87151,1
BYBIT,XRPUSDT,60,1777658400000,1.3941,1.3949,1.3921,1.393,2274995.7,3169861.91329,1
BYBIT,XRPUSDT,60,1777662000000,1.393,1.3952,1.3914,1.393,2473057.5,3445313.69355,1
BYBIT,XRPUSDT,60,1777665600000,1.393,1.394,1.382,1.3839,6044571.6,8384460.64858,1
BYBIT,XRPUSDT,60,1777669200000,1.3839,1.3884,1.3833,1.3879,2531047.0,3508674.71897,1
BYBIT,XRPUSDT,60,1777672800000,1.3879,1.3892,1.3827,1.3828,2617085.8,3626897.4546,1
BYBIT,XRPUSDT,60,1777676400000,1.3828,1.385,1.3805,1.3849,4973509.5,6876757.30383,1
BYBIT,XRPUSDT,60,1777680000000,1.3849,1.3895,1.384,1.3857,8022745.8,11122872.92941,1
BYBIT,XRPUSDT,60,1777683600000,1.3857,1.3879,1.3835,1.3841,2893655.8,4008456.06415,1
BYBIT,XRPUSDT,60,1777687200000,1.3841,1.3876,1.3798,1.3849,7093468.0,9812777.43752,1
BYBIT,XRPUSDT,60,1777690800000,1.3849,1.3876,1.3831,1.3851,2254568.3,3122621.47237,1
BYBIT,XRPUSDT,60,1777694400000,1.3851,1.3853,1.3819,1.3839,3212559.3,4444077.82102,1
BYBIT,XRPUSDT,60,1777698000000,1.3839,1.3843,1.382,1.383,3424549.5,4736545.33446,1
BYBIT,XRPUSDT,60,1777701600000,1.383,1.387,1.3829,1.3865,2900045.1,4016064.69669,1
BYBIT,XRPUSDT,60,1777705200000,1.3865,1.3875,1.3846,1.3847,1746760.1,2421618.98356,1
BYBIT,XRPUSDT,60,1777708800000,1.3847,1.3851,1.3831,1.3839,2576696.1,3566018.55683,1
BYBIT,XRPUSDT,60,1777712400000,1.3839,1.387,1.383,1.3857,4634776.9,6419937.2511,1
BYBIT,XRPUSDT,60,1777716000000,1.3857,1.3872,1.3852,1.387,2380948.3,3300611.62735,1
BYBIT,XRPUSDT,60,1777719600000,1.387,1.3904,1.3844,1.3851,7422722.9,10298059.60982,1
BYBIT,XRPUSDT,60,1777723200000,1.3851,1.3874,1.384,1.3862,3682654.2,5102797.55086,1
BYBIT,XRPUSDT,60,1777726800000,1.3862,1.3917,1.3862,1.391,3693577.6,5131796.23656,1
BYBIT,XRPUSDT,60,1777730400000,1.391,1.3925,1.389,1.3911,2277192.4,3166783.33093,1
BYBIT,XRPUSDT,60,1777734000000,1.3911,1.3936,1.3905,1.3925,1886622.7,2626188.45371,1
BYBIT,XRPUSDT,60,1777737600000,1.3925,1.3943,1.3903,1.3922,2975300.8,4142201.64918,1
BYBIT,XRPUSDT,60,1777741200000,1.3922,1.3936,1.3905,1.3907,2229787.4,3104570.35268,1
BYBIT,XRPUSDT,60,1777744800000,1.3907,1.393,1.3884,1.3923,3017638.1,4197197.93319,1
BYBIT,XRPUSDT,60,1777748400000,1.3923,1.3943,1.3922,1.3937,1060440.0,1477617.81895,1
BYBIT,XRPUSDT,60,1777752000000,1.3937,1.3939,1.3922,1.3925,1700901.2,2369028.71356,1
BYBIT,XRPUSDT,60,1777755600000,1.3925,1.4,1.3896,1.3926,11042919.7,15399706.21438,1
BYBIT,XRPUSDT,60,1777759200000,1.3926,1.3998,1.3913,1.3957,5972002.2,8329206.12813,1
BYBIT,XRPUSDT,60,1777762800000,1.3957,1.396,1.3902,1.393,7554254.7,10525307.95458,1
BYBIT,XRPUSDT,60,1777766400000,1.393,1.3938,1.3874,1.3887,4442099.9,6174070.04168,1
BYBIT,XRPUSDT,60,1777770000000,1.3887,1.3887,1.3826,1.3831,4654362.4,6447251.73429,1
BYBIT,XRPUSDT,60,1777773600000,1.3831,1.3842,1.3808,1.3826,3388963.2,4685246.21629,1
BYBIT,XRPUSDT,60,1777777200000,1.3826,1.3836,1.3811,1.383,1583537.9,2188998.33128,1
BYBIT,XRPUSDT,60,1777780800000,1.383,1.3846,1.3813,1.3829,1754921.1,2426931.81528,1
BYBIT,XRPUSDT,60,1777784400000,1.3829,1.3853,1.3828,1.3842,1520179.6,2104214.59083,1
BYBIT,XRPUSDT,60,1777788000000,1.3842,1.385,1.3815,1.3843,2775895.2,3839759.84157,1
BYBIT,XRPUSDT,60,1777791600000,1.3843,1.3879,1.3842,1.3853,3044542.7,4221375.71714,1
BYBIT,XRPUSDT,60,1777795200000,1.3853,1.3876,1.3851,1.3874,1997280.1,2769551.25574,1
BYBIT,XRPUSDT,60,1777798800000,1.3874,1.3901,1.3867,1.3886,2189628.1,3040072.50748,1
BYBIT,XRPUSDT,60,1777802400000,1.3886,1.3892,1.3872,1.3872,2113595.7,2933789.22392,1
BYBIT,XRPUSDT,60,1777806000000,1.3872,1.3977,1.3862,1.3943,6575110.8,9155770.26885,1
BYBIT,XRPUSDT,60,1777809600000,1.3943,1.3977,1.3943,1.3955,3792426.3,5294588.26938,1
BYBIT,XRPUSDT,60,1777813200000,1.3955,1.3981,1.3923,1.3944,4531642.0,6320011.28441,1
BYBIT,XRPUSDT,60,1777816800000,1.3944,1.3969,1.3922,1.3961,2943831.3,4103992.23745,1
BYBIT,XRPUSDT,60,1777820400000,1.3961,1.398,1.3935,1.3949,4106316.5,5731938.7816,1
BYBIT,XRPUSDT,60,1777824000000,1.3949,1.3976,1.3933,1.3934,2605191.8,3634440.0805,1
BYBIT,XRPUSDT,60,1777827600000,1.3934,1.3957,1.3908,1.3942,2966239.3,4133049.69125,1
BYBIT,XRPUSDT,60,1777831200000,1.3942,1.3948,1.3928,1.3934,1565883.6,2182676.05803,1
BYBIT,XRPUSDT,60,1777834800000,1.3934,1.3973,1.3929,1.3945,1399372.2,1952194.41458,1
BYBIT,XRPUSDT,60,1777838400000,1.3945,1.3992,1.3917,1.3922,4264958.4,5948929.95243,1
BYBIT,XRPUSDT,60,1777842000000,1.3922,1.395,1.3882,1.391,4232080.6,5887851.83514,1
BYBIT,XRPUSDT,60,1777845600000,1.391,1.4039,1.391,1.3969,14597628.9,20421989.26189,1
BYBIT,XRPUSDT,60,1777849200000,1.3969,1.4002,1.3859,1.3871,8277816.1,11513479.24758,1
BYBIT,XRPUSDT,60,1777852800000,1.3871,1.3884,1.3824,1.3877,8286846.4,11477052.35287,1
BYBIT,XRPUSDT,60,1777856400000,1.3877,1.4072,1.3831,1.4044,22554397.2,31513329.72226,1
BYBIT,XRPUSDT,60,1777860000000,1.4044,1.415,1.3999,1.4099,20791452.7,29264735.35516,1
BYBIT,XRPUSDT,60,1777863600000,1.4099,1.4143,1.4073,1.4128,17471774.3,24649062.93142,1
BYBIT,XRPUSDT,60,1777867200000,1.4128,1.4207,1.4128,1.416,9558872.6,13541468.27813,1
BYBIT,XRPUSDT,60,1777870800000,1.416,1.4171,1.4104,1.4114,6657879.2,9407312.23106,1
BYBIT,XRPUSDT,60,1777874400000,1.4114,1.4124,1.4014,1.4087,12307087.0,17324825.83735,1
BYBIT,XRPUSDT,60,1777878000000,1.4087,1.4141,1.4073,1.4101,5065042.5,7146214.15617,1
BYBIT,XRPUSDT,60,1777881600000,1.4101,1.4123,1.4066,1.4109,3583692.6,5052920.6287,1
BYBIT,XRPUSDT,60,1777885200000,1.4109,1.4194,1.4103,1.4169,4881778.1,6911984.03937,1
BYBIT,XRPUSDT,60,1777888800000,1.4169,1.4175,1.3848,1.3945,51372358.3,71708602.6111,1
BYBIT,XRPUSDT,60,1777892400000,1.3945,1.3972,1.3913,1.3933,6779088.9,9451500.9975,1
BYBIT,XRPUSDT,60,1777896000000,1.3933,1.396,1.3918,1.3926,3660127.1,5101147.97514,1
BYBIT,XRPUSDT,60,1777899600000,1.3926,1.399,1.3878,1.3924,8623003.1,12015584.69998,1
BYBIT,XRPUSDT,60,1777903200000,1.3924,1.4127,1.3881,1.4074,25077311.2,35141379.27011,1
BYBIT,XRPUSDT,60,1777906800000,1.4074,1.4085,1.392,1.3981,30454298.9,42624393.85396,1
BYBIT,XRPUSDT,60,1777910400000,1.3981,1.405,1.3927,1.3997,13631195.0,19081732.86603,1
BYBIT,XRPUSDT,60,1777914000000,1.3997,1.4117,1.3993,1.4079,8491131.8,11936606.94581,1
BYBIT,XRPUSDT,60,1777917600000,1.4079,1.4094,1.4016,1.4033,3462264.7,4864903.05223,1
BYBIT,XRPUSDT,60,1777921200000,1.4033,1.4037,1.3971,1.3973,3308939.1,4629997.30201,1
BYBIT,XRPUSDT,60,1777924800000,1.3973,1.3975,1.3916,1.3925,3517570.0,4903039.18257,1
BYBIT,XRPUSDT,60,1777928400000,1.3925,1.3983,1.3925,1.3968,4255252.5,5937682.51166,1
BYBIT,XRPUSDT,60,1777932000000,1.3968,1.4005,1.3936,1.3946,3277164.4,4577172.28365,1
BYBIT,XRPUSDT,60,1777935600000,1.3946,1.3946,1.3894,1.391,4022812.0,5597645.78371,1
BYBIT,XRPUSDT,60,1777939200000,1.391,1.3952,1.3897,1.3948,3819210.7,5317777.00093,1
BYBIT,XRPUSDT,60,1777942800000,1.3948,1.3976,1.393,1.3964,3562732.2,4973246.53913,1
BYBIT,XRPUSDT,60,1777946400000,1.3964,1.4043,1.3958,1.4,6848494.4,9588564.32349,1
BYBIT,XRPUSDT,60,1777950000000,1.4,1.4093,1.3986,1.405,9405713.7,13216218.33056,1
BYBIT,XRPUSDT,60,1777953600000,1.405,1.4063,1.4,1.4012,8187899.6,11486618.3649,1
BYBIT,XRPUSDT,60,1777957200000,1.4012,1.4061,1.3987,1.4011,7938819.1,11124469.92048,1
BYBIT,XRPUSDT,60,1777960800000,1.4011,1.4069,1.4002,1.4067,6023625.7,8448512.8222,1
BYBIT,XRPUSDT,60,1777964400000,1.4067,1.4097,1.4014,1.4064,10079444.3,14171920.66214,1
BYBIT,XRPUSDT,60,1777968000000,1.4064,1.4088,1.4055,1.4065,7243582.5,10190870.16808,1
BYBIT,XRPUSDT,60,1777971600000,1.4065,1.4069,1.4014,1.403,4549248.1,6385987.51552,1
BYBIT,XRPUSDT,60,1777975200000,1.403,1.4072,1.4019,1.406,4244733.2,5960840.43087,1
BYBIT,XRPUSDT,60,1777978800000,1.406,1.408,1.4012,1.4072,4575220.3,6428101.44156,1
BYBIT,XRPUSDT,60,1777982400000,1.4072,1.4135,1.4058,1.4121,8115158.2,11444272.97362,1
BYBIT,XRPUSDT,60,1777986000000,1.4121,1.4199,1.41,1.4127,13867704.1,19626405.33814,1
BYBIT,XRPUSDT,60,1777989600000,1.4127,1.4131,1.4037,1.4102,11706526.0,16479094.64819,1
BYBIT,XRPUSDT,60,1777993200000,1.4102,1.4152,1.4091,1.4109,4130954.7,5836310.03684,1
BYBIT,XRPUSDT,60,1777996800000,1.4109,1.4144,1.4036,1.4073,10454503.6,14718652.45715,1
BYBIT,XRPUSDT,60,1778000400000,1.4073,1.4091,1.4042,1.4076,5072494.3,7136713.37765,1
BYBIT,XRPUSDT,60,1778004000000,1.4076,1.4119,1.4073,1.4092,2531494.7,3568768.10614,1
BYBIT,XRPUSDT,60,1778007600000,1.4092,1.4127,1.4079,1.412,3222807.7,4546337.26629,1
BYBIT,XRPUSDT,60,1778011200000,1.412,1.4173,1.4114,1.4159,8972563.8,12690357.10852,1
BYBIT,XRPUSDT,60,1778014800000,1.4159,1.4219,1.4119,1.4152,10965209.6,15532306.76138,1
BYBIT,XRPUSDT,60,1778018400000,1.4152,1.421,1.4092,1.4151,9810841.1,13882613.37766,1
BYBIT,XRPUSDT,60,1778022000000,1.4151,1.4174,1.4087,1.4121,4181368.5,5905614.91695,1
BYBIT,XRPUSDT,60,1778025600000,1.4121,1.4143,1.4066,1.4104,5314809.9,7495504.09629,1
BYBIT,XRPUSDT,60,1778029200000,1.4104,1.4191,1.4092,1.4174,6738734.7,9542687.10902,1
BYBIT,XRPUSDT,60,1778032800000,1.4174,1.4177,1.4097,1.4157,5336574.6,7542789.33371,1
BYBIT,XRPUSDT,60,1778036400000,1.4157,1.4238,1.4155,1.4214,10448423.9,14836282.76285,1
BYBIT,XRPUSDT,60,1778040000000,1.4214,1.4243,1.4167,1.419,6285763.4,8930878.98189,1
BYBIT,XRPUSDT,60,1778043600000,1.419,1.4227,1.4134,1.4218,9230917.9,13089744.00253,1
BYBIT,XRPUSDT,60,1778047200000,1.4218,1.427,1.4201,1.4251,8555779.5,12184421.44143,1
BYBIT,XRPUSDT,60,1778050800000,1.4251,1.435,1.4237,1.4306,11973834.4,17125375.14478,1
BYBIT,XRPUSDT,60,1778054400000,1.4306,1.443,1.4292,1.4424,14549835.9,20917793.10001,1
BYBIT,XRPUSDT,60,1778058000000,1.4424,1.4507,1.438,1.4487,17470302.7,25242869.96316,1
BYBIT,XRPUSDT,60,1778061600000,1.4487,1.4539,1.4462,1.4506,8654526.5,12547408.58315,1
BYBIT,XRPUSDT,60,1778065200000,1.4506,1.4566,1.4486,1.4505,10541594.6,15309880.34017,1
BYBIT,XRPUSDT,60,1778068800000,1.4505,1.4519,1.4434,1.4446,12684733.9,18358692.83489,1
BYBIT,XRPUSDT,60,1778072400000,1.4446,1.4447,1.4153,1.4217,53103431.8,75799610.05975,1
BYBIT,XRPUSDT,60,1778076000000,1.4217,1.4285,1.4121,1.4223,28056446.3,39864388.6252,1
BYBIT,XRPUSDT,60,1778079600000,1.4223,1.4319,1.4205,1.429,9401866.4,13415429.61606,1
BYBIT,XRPUSDT,60,1778083200000,1.429,1.4337,1.423,1.4283,7397713.0,10568155.52869,1
BYBIT,XRPUSDT,60,1778086800000,1.4283,1.4301,1.4233,1.4249,4277445.6,6100110.36515,1
BYBIT,XRPUSDT,60,1778090400000,1.4249,1.4264,1.4203,1.4219,4284378.8,6098212.78794,1
BYBIT,XRPUSDT,60,1778094000000,1.4219,1.4279,1.4216,1.4268,6397566.3,9115577.91683,1
BYBIT,XRPUSDT,60,1778097600000,1.4268,1.4278,1.4203,1.4237,7143342.2,10177084.43942,1
BYBIT,XRPUSDT,60,1778101200000,1.4237,1.4275,1.4207,1.4253,5123730.6,7297353.19014,1
BYBIT,XRPUSDT,60,1778104800000,1.4253,1.4261,1.4209,1.4213,4661878.3,6632005.68673,1
BYBIT,XRPUSDT,60,1778108400000,1.4213,1.4247,1.4155,1.4239,5152848.2,7319215.65874,1
BYBIT,XRPUSDT,60,1778112000000,1.4239,1.4249,1.4163,1.4172,5817517.0,8261051.78197,1
BYBIT,XRPUSDT,60,1778115600000,1.4172,1.4191,1.412,1.4148,9630567.1,13630130.19689,1
BYBIT,XRPUSDT,60,1778119200000,1.4148,1.4154,1.4084,1.4111,9289781.6,13108301.06525,1
BYBIT,XRPUSDT,60,1778122800000,1.4111,1.4111,1.4011,1.4043,24526330.0,34481970.16192,1
BYBIT,XRPUSDT,60,1778126400000,1.4043,1.409,1.4032,1.4069,8528836.7,11994704.52044,1
BYBIT,XRPUSDT,60,1778130000000,1.4069,1.4136,1.4062,1.4102,13426827.4,18930456.02634,1
BYBIT,XRPUSDT,60,1778133600000,1.4102,1.4156,1.4039,1.4152,9115955.2,12845659.33429,1
BYBIT,XRPUSDT,60,1778137200000,1.4152,1.4207,1.4138,1.4189,6145471.0,8714480.63272,1
BYBIT,XRPUSDT,60,1778140800000,1.4189,1.4205,1.4146,1.4153,4813541.0,6821316.16891,1
BYBIT,XRPUSDT,60,1778144400000,1.4153,1.4155,1.4095,1.4107,6876727.0,9712228.17096,1
BYBIT,XRPUSDT,60,1778148000000,1.4107,1.413,1.4058,1.4092,6768611.8,9538888.76517,1
BYBIT,XRPUSDT,60,1778151600000,1.4092,1.4127,1.4077,1.4088,4170216.6,5882974.50081,1
BYBIT,XRPUSDT,60,1778155200000,1.4088,1.4145,1.4084,1.414,6332235.9,8943004.83537,1
BYBIT,XRPUSDT,60,1778158800000,1.414,1.414,1.3948,1.401,21006381.5,29430693.7341,1
BYBIT,XRPUSDT,60,1778162400000,1.401,1.403,1.3902,1.3922,24260763.4,33853479.85281,1
BYBIT,XRPUSDT,60,1778166000000,1.3922,1.3938,1.3812,1.3896,23982791.3,33297528.40586,1
BYBIT,XRPUSDT,60,1778169600000,1.3896,1.3917,1.3857,1.3878,9283147.9,12890097.73902,1
BYBIT,XRPUSDT,60,1778173200000,1.3878,1.3921,1.383,1.3908,9466095.6,13136656.98135,1
BYBIT,XRPUSDT,60,1778176800000,1.3908,1.3953,1.388,1.3915,6637592.5,9244744.99505,1
BYBIT,XRPUSDT,60,1778180400000,1.3915,1.3915,1.3844,1.3851,6460328.0,8961325.76806,1
BYBIT,XRPUSDT,60,1778184000000,1.3851,1.3924,1.381,1.3817,6802574.9,9427985.14858,1
BYBIT,XRPUSDT,60,1778187600000,1.3817,1.386,1.3789,1.3829,8693645.4,12012407.9716,1
BYBIT,XRPUSDT,60,1778191200000,1.3829,1.3861,1.3794,1.3841,6889559.1,9527908.07083,1
BYBIT,XRPUSDT,60,1778194800000,1.3841,1.387,1.3833,1.386,3312886.1,4589768.29235,1
BYBIT,XRPUSDT,60,1778198400000,1.386,1.3889,1.3835,1.3848,3892119.0,5395970.90494,1
BYBIT,XRPUSDT,60,1778202000000,1.3848,1.3862,1.3816,1.385,2959443.0,4094996.67283,1
BYBIT,XRPUSDT,60,1778205600000,1.385,1.3854,1.3782,1.3827,5147439.0,7112928.07242,1
BYBIT,XRPUSDT,60,1778209200000,1.3827,1.3869,1.3788,1.3846,3626243.5,5013691.43428,1
BYBIT,XRPUSDT,60,1778212800000,1.3846,1.3863,1.3831,1.3852,2992562.2,4144150.79988,1
BYBIT,XRPUSDT,60,1778216400000,1.3852,1.387,1.3824,1.3824,2812084.4,3894879.24054,1
BYBIT,XRPUSDT,60,1778220000000,1.3824,1.3829,1.3759,1.381,10729318.2,14798019.35458,1
BYBIT,XRPUSDT,60,1778223600000,1.381,1.3841,1.3781,1.3833,5350073.4,7388075.43997,1
BYBIT,XRPUSDT,60,1778227200000,1.3833,1.3897,1.3811,1.3874,14381762.6,19926576.87631,1
BYBIT,XRPUSDT,60,1778230800000,1.3874,1.3911,1.3851,1.3863,5042682.3,6998639.17788,1
BYBIT,XRPUSDT,60,1778234400000,1.3863,1.3913,1.3842,1.3889,6417293.4,8905401.15,1
BYBIT,XRPUSDT,60,1778238000000,1.3889,1.3919,1.3882,1.3907,4024893.2,5594398.43631,1
BYBIT,XRPUSDT,60,1778241600000,1.3907,1.3933,1.3857,1.3871,5179030.8,7199387.8873,1
BYBIT,XRPUSDT,60,1778245200000,1.3871,1.3878,1.383,1.3863,6425378.2,8899909.18862,1
BYBIT,XRPUSDT,60,1778248800000,1.3863,1.396,1.3863,1.3924,9446884.1,13157147.74107,1
BYBIT,XRPUSDT,60,1778252400000,1.3924,1.3976,1.3846,1.3967,7885494.1,10964995.03258,1
BYBIT,XRPUSDT,60,1778256000000,1.3967,1.397,1.392,1.3936,4357951.6,6074199.60368,1
BYBIT,XRPUSDT,60,1778259600000,1.3936,1.41,1.3933,1.4081,13319658.4,18705289.06431,1
BYBIT,XRPUSDT,60,1778263200000,1.4081,1.424,1.408,1.4185,19447171.2,27579014.88712,1
BYBIT,XRPUSDT,60,1778266800000,1.4185,1.4271,1.4159,1.4184,12431940.5,17664762.68965,1
BYBIT,XRPUSDT,60,1778270400000,1.4184,1.4187,1.4103,1.4117,7085158.6,10021865.18662,1
BYBIT,XRPUSDT,60,1778274000000,1.4117,1.4214,1.4116,1.4211,6723628.1,9531043.89849,1
BYBIT,XRPUSDT,60,1778277600000,1.4211,1.423,1.4172,1.4179,5391738.0,7655433.86113,1
BYBIT,XRPUSDT,60,1778281200000,1.4179,1.4184,1.4148,1.4174,3479328.7,4928430.10626,1
BYBIT,XRPUSDT,60,1778284800000,1.4174,1.4246,1.4172,1.4241,4765487.0,6772960.17813,1
BYBIT,XRPUSDT,60,1778288400000,1.4241,1.4343,1.4238,1.4318,10682339.8,15266981.40876,1
BYBIT,XRPUSDT,60,1778292000000,1.4318,1.4336,1.427,1.4303,6516627.5,9318891.29281,1
BYBIT,XRPUSDT,60,1778295600000,1.4303,1.4322,1.426,1.4282,4408794.2,6303310.27568,1
BYBIT,XRPUSDT,60,1778299200000,1.4282,1.4336,1.4266,1.4276,6674374.7,9542994.87188,1
BYBIT,XRPUSDT,60,1778302800000,1.4276,1.4308,1.4243,1.4258,8171067.9,11664679.20873,1
BYBIT,XRPUSDT,60,1778306400000,1.4258,1.4267,1.4217,1.4253,10037729.2,14295200.96262,1
BYBIT,XRPUSDT,60,1778310000000,1.4253,1.4271,1.4212,1.423,13517140.1,19251565.38897,1
BYBIT,XRPUSDT,60,1778313600000,1.423,1.4249,1.4222,1.4238,3072082.7,4373561.39077,1
BYBIT,XRPUSDT,60,1778317200000,1.4238,1.4249,1.4171,1.4189,6477816.4,9201067.0563,1
BYBIT,XRPUSDT,60,1778320800000,1.4189,1.4221,1.4167,1.4206,3600152.0,5108966.94549,1
BYBIT,XRPUSDT,60,1778324400000,1.4206,1.4224,1.4198,1.4214,2033783.8,2890724.39297,1
BYBIT,XRPUSDT,60,1778328000000,1.4214,1.422,1.4187,1.4198,3315676.3,4709805.71537,1
BYBIT,XRPUSDT,60,1778331600000,1.4198,1.4199,1.4158,1.419,3834255.0,5436228.54113,1
BYBIT,XRPUSDT,60,1778335200000,1.419,1.4204,1.4143,1.4147,6068573.4,8596879.75305,1
BYBIT,XRPUSDT,60,1778338800000,1.4147,1.4155,1.4109,1.4135,9229885.4,13040077.7371,1
BYBIT,XRPUSDT,60,1778342400000,1.4135,1.4189,1.4102,1.4166,13124395.8,18581349.43158,1
BYBIT,XRPUSDT,60,1778346000000,1.4166,1.4241,1.4165,1.4203,8143882.0,11567005.01602,1
BYBIT,XRPUSDT,60,1778349600000,1.4203,1.4241,1.4196,1.4215,3694424.8,5252645.34368,1
BYBIT,XRPUSDT,60,1778353200000,1.4215,1.4235,1.4204,1.4232,2616694.1,3720778.43929,1
BYBIT,XRPUSDT,60,1778356800000,1.4232,1.4234,1.4198,1.4209,2899606.8,4121644.36568,1
BYBIT,XRPUSDT,60,1778360400000,1.4209,1.4234,1.4203,1.4218,1915349.5,2723006.69553,1
BYBIT,XRPUSDT,60,1778364000000,1.4218,1.4243,1.4206,1.4226,1911653.4,2719050.17263,1
BYBIT,XRPUSDT,60,1778367600000,1.4226,1.4245,1.4181,1.4197,3148905.5,4471734.68312,1
BYBIT,XRPUSDT,60,1778371200000,1.4197,1.4219,1.415,1.416,4502647.9,6385501.64635,1
BYBIT,XRPUSDT,60,1778374800000,1.416,1.4162,1.4112,1.4141,6248937.3,8833540.00258,1
BYBIT,XRPUSDT,60,1778378400000,1.4141,1.4212,1.4125,1.4164,8050750.8,11413394.55962,1
BYBIT,XRPUSDT,60,1778382000000,1.4164,1.4202,1.4137,1.4162,9301430.9,13178297.48371,1
BYBIT,XRPUSDT,60,1778385600000,1.4162,1.4184,1.4147,1.417,1417132.5,2007360.16181,1
BYBIT,XRPUSDT,60,1778389200000,1.417,1.4199,1.4157,1.4173,2598644.2,3684742.40364,1
BYBIT,XRPUSDT,60,1778392800000,1.4173,1.4178,1.4149,1.4178,3068737.8,4347684.93464,1
BYBIT,XRPUSDT,60,1778396400000,1.4178,1.4208,1.4166,1.4192,4433598.7,6291409.84666,1
BYBIT,XRPUSDT,60,1778400000000,1.4192,1.4268,1.4184,1.4263,7309531.7,10405802.66201,1
BYBIT,XRPUSDT,60,1778403600000,1.4263,1.4281,1.4222,1.4274,8772444.7,12504880.87223,1
BYBIT,XRPUSDT,60,1778407200000,1.4274,1.4299,1.4234,1.4265,10516545.9,15008545.83073,1
BYBIT,XRPUSDT,60,1778410800000,1.4265,1.4267,1.4172,1.4224,11328634.5,16097437.66603,1
BYBIT,XRPUSDT,60,1778414400000,1.4224,1.4235,1.4203,1.4235,3419196.6,4862310.73142,1
BYBIT,XRPUSDT,60,1778418000000,1.4235,1.4332,1.4225,1.4317,11743601.5,16784172.72967,1
BYBIT,XRPUSDT,60,1778421600000,1.4317,1.4369,1.4284,1.4342,10488249.9,15035938.7424,1
BYBIT,XRPUSDT,60,1778425200000,1.4342,1.4444,1.4327,1.4434,9930235.1,14288313.94514,1
BYBIT,XRPUSDT,60,1778428800000,1.4434,1.4781,1.4419,1.4715,50606132.8,74024393.68014,1
BYBIT,XRPUSDT,60,1778432400000,1.4715,1.5075,1.4713,1.5037,36427877.6,54286959.62665,1
BYBIT,XRPUSDT,60,1778436000000,1.5037,1.5059,1.4845,1.4859,20560171.2,30727107.80011,1
BYBIT,XRPUSDT,60,1778439600000,1.4859,1.4907,1.4747,1.4863,17117683.8,25377499.05708,1
BYBIT,XRPUSDT,60,1778443200000,1.4863,1.4894,1.4364,1.4494,36680204.5,53592285.54945,1
BYBIT,XRPUSDT,60,1778446800000,1.4494,1.4634,1.4428,1.4544,15471015.1,22503991.4799,1
BYBIT,XRPUSDT,60,1778450400000,1.4544,1.474,1.4522,1.4729,15355755.0,22514978.99115,1
BYBIT,XRPUSDT,60,1778454000000,1.4729,1.4765,1.4685,1.4727,10071322.7,14831496.1989,1
BYBIT,XRPUSDT,60,1778457600000,1.4727,1.4773,1.4513,1.4571,17465943.1,25560477.35928,1
BYBIT,XRPUSDT,60,1778461200000,1.4571,1.4681,1.4515,1.4601,7974316.1,11649955.31275,1
BYBIT,XRPUSDT,60,1778464800000,1.4601,1.4619,1.4482,1.4532,10159472.6,14760175.35299,1
BYBIT,XRPUSDT,60,1778468400000,1.4532,1.4535,1.4392,1.448,16799762.8,24276065.65081,1
BYBIT,XRPUSDT,60,1778472000000,1.448,1.456,1.444,1.4475,12414063.7,17998167.68584,1
BYBIT,XRPUSDT,60,1778475600000,1.4475,1.4555,1.4472,1.4545,7133330.0,10361854.0787,1
BYBIT,XRPUSDT,60,1778479200000,1.4545,1.4585,1.45,1.4527,5579038.3,8118021.94137,1
BYBIT,XRPUSDT,60,1778482800000,1.4527,1.453,1.4416,1.449,12890119.2,18648185.81125,1
BYBIT,XRPUSDT,60,1778486400000,1.449,1.4507,1.4407,1.4452,11516092.2,16655575.61204,1
BYBIT,XRPUSDT,60,1778490000000,1.4452,1.4538,1.4449,1.4508,5201165.9,7544139.46761,1
BYBIT,XRPUSDT,60,1778493600000,1.4508,1.4537,1.4478,1.4499,10582338.0,15349685.5029,1
BYBIT,XRPUSDT,60,1778497200000,1.4499,1.4569,1.4465,1.4569,8685719.1,12614948.26813,1
BYBIT,XRPUSDT,60,1778500800000,1.4569,1.4628,1.453,1.4571,16083212.6,23463246.25294,1
BYBIT,XRPUSDT,60,1778504400000,1.4571,1.4644,1.4515,1.4592,18024755.5,26281187.94916,1
BYBIT,XRPUSDT,60,1778508000000,1.4592,1.4722,1.455,1.4709,29397834.0,43031400.93565,1
BYBIT,XRPUSDT,60,1778511600000,1.4709,1.4883,1.4663,1.4845,24845674.0,36761124.04696,1
BYBIT,XRPUSDT,60,1778515200000,1.4845,1.4873,1.4712,1.474,17507669.1,25904229.14142,1
BYBIT,XRPUSDT,60,1778518800000,1.474,1.4805,1.4659,1.4794,13657518.3,20115677.57134,1
BYBIT,XRPUSDT,60,1778522400000,1.4794,1.4807,1.4697,1.4698,8977980.7,13247368.69659,1
BYBIT,XRPUSDT,60,1778526000000,1.4698,1.4799,1.4664,1.4786,10061042.0,14836221.86904,1
BYBIT,XRPUSDT,60,1778529600000,1.4786,1.4822,1.4717,1.4724,7558498.8,11156399.33122,1
BYBIT,XRPUSDT,60,1778533200000,1.4724,1.4743,1.468,1.4693,4331994.2,6371592.96953,1
BYBIT,XRPUSDT,60,1778536800000,1.4693,1.4766,1.4678,1.4744,3719517.2,5473579.88285,1
BYBIT,XRPUSDT,60,1778540400000,1.4744,1.4794,1.4699,1.4766,5622836.6,8291952.70954,1
BYBIT,XRPUSDT,60,1778544000000,1.4766,1.4843,1.4748,1.4788,8207483.3,12144475.24082,1
BYBIT,XRPUSDT,60,1778547600000,1.4788,1.4811,1.4551,1.4663,23160389.1,33966723.26858,1
BYBIT,XRPUSDT,60,1778551200000,1.4663,1.4701,1.46,1.464,6946804.1,10175685.96841,1
BYBIT,XRPUSDT,60,1778554800000,1.464,1.465,1.4576,1.4591,5426611.2,7928023.80898,1
BYBIT,XRPUSDT,60,1778558400000,1.4591,1.4657,1.4565,1.4622,6811241.3,9951299.418,1
BYBIT,XRPUSDT,60,1778562000000,1.4622,1.4686,1.4591,1.4614,7826928.6,11456850.14955,1
BYBIT,XRPUSDT,60,1778565600000,1.4614,1.4662,1.455,1.4576,8436153.3,12313765.67689,1
BYBIT,XRPUSDT,60,1778569200000,1.4576,1.4648,1.4533,1.4623,9003488.0,13143662.10224,1
BYBIT,XRPUSDT,60,1778572800000,1.4623,1.4703,1.4591,1.4644,11146019.5,16338378.8314,1
BYBIT,XRPUSDT,60,1778576400000,1.4644,1.4644,1.4536,1.4549,11601271.4,16899694.17544,1
BYBIT,XRPUSDT,60,1778580000000,1.4549,1.4574,1.4458,1.449,16881008.2,24499035.64238,1
BYBIT,XRPUSDT,60,1778583600000,1.449,1.4513,1.4432,1.4483,9743675.0,14097142.25877,1
BYBIT,XRPUSDT,60,1778587200000,1.4483,1.455,1.4455,1.4498,14760946.8,21408347.19805,1
BYBIT,XRPUSDT,60,1778590800000,1.4498,1.4519,1.4314,1.4336,33223488.7,47854810.19127,1
BYBIT,XRPUSDT,60,1778594400000,1.4336,1.44,1.4235,1.4273,25288374.6,36210498.10756,1
BYBIT,XRPUSDT,60,1778598000000,1.4273,1.4307,1.4175,1.4233,16534681.2,23520280.35038,1
BYBIT,XRPUSDT,60,1778601600000,1.4233,1.4283,1.419,1.4217,10339049.2,14719403.84146,1
BYBIT,XRPUSDT,60,1778605200000,1.4217,1.4343,1.4216,1.433,8655411.4,12377306.32971,1
BYBIT,XRPUSDT,60,1778608800000,1.433,1.4373,1.4307,1.4352,5040518.3,7223826.20299,1
BYBIT,XRPUSDT,60,1778612400000,1.4352,1.4419,1.4352,1.4398,6206329.3,8933713.73944,1
BYBIT,XRPUSDT,60,1778616000000,1.4398,1.4421,1.4377,1.4397,4548160.4,6548570.10595,1
BYBIT,XRPUSDT,60,1778619600000,1.4397,1.4404,1.4365,1.4396,5124447.4,7372130.4595,1
BYBIT,XRPUSDT,60,1778623200000,1.4396,1.4432,1.4388,1.439,3667577.5,5284573.215,1
BYBIT,XRPUSDT,60,1778626800000,1.439,1.44,1.4324,1.4364,5286558.4,7590090.33374,1
BYBIT,XRPUSDT,60,1778630400000,1.4364,1.4395,1.4342,1.4387,4478131.8,6435288.19577,1
BYBIT,XRPUSDT,60,1778634000000,1.4387,1.4509,1.4383,1.4479,9373227.5,13565347.68829,1
BYBIT,XRPUSDT,60,1778637600000,1.4479,1.4529,1.4462,1.4477,4663696.5,6756774.16076,1
BYBIT,XRPUSDT,60,1778641200000,1.4477,1.4524,1.4461,1.4514,4355185.6,6312872.76894,1
BYBIT,XRPUSDT,60,1778644800000,1.4514,1.4633,1.4494,1.4617,13179958.7,19181212.89338,1
BYBIT,XRPUSDT,60,1778648400000,1.4617,1.4644,1.4536,1.4538,12945511.3,18880588.53162,1
BYBIT,XRPUSDT,60,1778652000000,1.4538,1.4606,1.452,1.4539,11728697.6,17072473.18819,1
BYBIT,XRPUSDT,60,1778655600000,1.4539,1.4637,1.4535,1.4618,5365250.5,7831742.15456,1
BYBIT,XRPUSDT,60,1778659200000,1.4618,1.4651,1.4579,1.4621,6521329.2,9532923.7153,1
BYBIT,XRPUSDT,60,1778662800000,1.4621,1.469,1.4616,1.4679,8281337.4,12129384.77754,1
BYBIT,XRPUSDT,60,1778666400000,1.4679,1.4687,1.4557,1.4573,11283272.5,16466293.23236,1
BYBIT,XRPUSDT,60,1778670000000,1.4573,1.4595,1.4467,1.448,18438585.8,26764569.66181,1
BYBIT,XRPUSDT,60,1778673600000,1.448,1.4492,1.4247,1.4328,31633248.7,45410446.38699,1
BYBIT,XRPUSDT,60,1778677200000,1.4328,1.4384,1.4212,1.4262,16785854.7,24005357.65145,1
BYBIT,XRPUSDT,60,1778680800000,1.4262,1.43,1.4195,1.4278,11947763.8,17035399.32739,1
BYBIT,XRPUSDT,60,1778684400000,1.4278,1.4311,1.4101,1.4123,18298209.7,25956221.76062,1
BYBIT,XRPUSDT,60,1778688000000,1.4123,1.4238,1.4105,1.4224,14053095.6,19916274.00463,1
BYBIT,XRPUSDT,60,1778691600000,1.4224,1.4297,1.4224,1.4282,7561787.8,10793148.46762,1
BYBIT,XRPUSDT,60,1778695200000,1.4282,1.4331,1.4253,1.4256,7055161.6,10085811.13743,1
BYBIT,XRPUSDT,60,1778698800000,1.4256,1.4261,1.4159,1.4184,7120949.4,10114004.9744,1
BYBIT,XRPUSDT,60,1778702400000,1.4184,1.4263,1.4182,1.4246,4829519.8,6870900.12605,1
BYBIT,XRPUSDT,60,1778706000000,1.4246,1.4251,1.4162,1.4179,4201978.8,5964507.11873,1
BYBIT,XRPUSDT,60,1778709600000,1.4179,1.4238,1.4148,1.4225,9266280.0,13160509.04208,1
BYBIT,XRPUSDT,60,1778713200000,1.4225,1.4271,1.4204,1.4263,6963609.9,9914278.60095,1
BYBIT,XRPUSDT,60,1778716800000,1.4263,1.4325,1.426,1.431,11376211.7,16261789.09557,1
BYBIT,XRPUSDT,60,1778720400000,1.431,1.4343,1.4254,1.4317,10273909.5,14689290.66723,1
BYBIT,XRPUSDT,60,1778724000000,1.4317,1.4335,1.4226,1.4253,4294195.3,6136426.01985,1
BYBIT,XRPUSDT,60,1778727600000,1.4253,1.4296,1.42,1.4217,7872828.9,11213180.9872,1
BYBIT,XRPUSDT,60,1778731200000,1.4217,1.4311,1.4203,1.4299,5165123.6,7370855.42605,1
BYBIT,XRPUSDT,60,1778734800000,1.4299,1.439,1.4286,1.4351,6380844.4,9150569.65844,1
BYBIT,XRPUSDT,60,1778738400000,1.4351,1.436,1.4262,1.434,9976436.1,14280472.99783,1
BYBIT,XRPUSDT,60,1778742000000,1.434,1.4359,1.4294,1.4318,10664763.7,15286684.5246,1
BYBIT,XRPUSDT,60,1778745600000,1.4318,1.4366,1.429,1.4341,4006149.4,5740587.06936,1
BYBIT,XRPUSDT,60,1778749200000,1.4341,1.4354,1.4265,1.4289,4942163.6,7070512.13908,1
BYBIT,XRPUSDT,60,1778752800000,1.4289,1.4369,1.4271,1.436,5247737.2,7514829.56819,1
BYBIT,XRPUSDT,60,1778756400000,1.436,1.4385,1.4312,1.4318,5719554.8,8205713.44571,1
BYBIT,XRPUSDT,60,1778760000000,1.4318,1.4515,1.4308,1.4476,13992213.7,20209469.04861,1
BYBIT,XRPUSDT,60,1778763600000,1.4476,1.46,1.4408,1.4417,25727201.0,37327278.45901,1
BYBIT,XRPUSDT,60,1778767200000,1.4417,1.4742,1.4383,1.4708,30139259.5,44007650.65689,1
BYBIT,XRPUSDT,60,1778770800000,1.4708,1.474,1.4619,1.4721,20246714.8,29712896.10362,1
BYBIT,XRPUSDT,60,1778774400000,1.4721,1.4813,1.4642,1.4798,21721839.9,31967835.44791,1
BYBIT,XRPUSDT,60,1778778000000,1.4798,1.5,1.4704,1.4912,42189559.1,62646314.85408,1
BYBIT,XRPUSDT,60,1778781600000,1.4912,1.5449,1.4857,1.5356,66709063.3,101543171.38099,1
BYBIT,XRPUSDT,60,1778785200000,1.5356,1.5496,1.5106,1.5164,53899518.4,82271955.55171,1
BYBIT,XRPUSDT,60,1778788800000,1.5164,1.5172,1.4966,1.5075,28160856.1,42398703.49746,1
BYBIT,XRPUSDT,60,1778792400000,1.5075,1.5108,1.4923,1.4972,13444426.7,20173642.77628,1
BYBIT,XRPUSDT,60,1778796000000,1.4972,1.5057,1.4934,1.5,11542987.8,17315610.90181,1
BYBIT,XRPUSDT,60,1778799600000,1.5,1.5,1.4821,1.4847,12012129.8,17887037.76961,1
BYBIT,XRPUSDT,60,1778803200000,1.4847,1.4994,1.4842,1.4945,14306174.0,21365542.72495,1
BYBIT,XRPUSDT,60,1778806800000,1.4945,1.499,1.483,1.4838,12265012.0,18281188.77924,1
BYBIT,XRPUSDT,60,1778810400000,1.4838,1.4918,1.4753,1.4898,19169113.3,28443382.72232,1
BYBIT,XRPUSDT,60,1778814000000,1.4898,1.4918,1.4826,1.4885,8439380.0,12552424.16743,1
BYBIT,XRPUSDT,60,1778817600000,1.4885,1.4897,1.4721,1.4726,14862878.8,21991999.28488,1
BYBIT,XRPUSDT,60,1778821200000,1.4726,1.4744,1.452,1.4595,38322995.2,56041839.38237,1
BYBIT,XRPUSDT,60,1778824800000,1.4595,1.4716,1.4576,1.4679,17310372.7,25363560.88608,1
BYBIT,XRPUSDT,60,1778828400000,1.4679,1.4718,1.4649,1.4687,10233454.3,15029683.21136,1
BYBIT,XRPUSDT,60,1778832000000,1.4687,1.4714,1.4603,1.4705,21960573.2,32190937.95145,1
BYBIT,XRPUSDT,60,1778835600000,1.4705,1.4724,1.4606,1.4641,14493469.4,21250274.41461,1
BYBIT,XRPUSDT,60,1778839200000,1.4641,1.476,1.4627,1.4736,9459935.2,13904688.72602,1
BYBIT,XRPUSDT,60,1778842800000,1.4736,1.4747,1.4656,1.4674,6752545.1,9929332.57216,1
BYBIT,XRPUSDT,60,1778846400000,1.4674,1.4683,1.4574,1.4588,19051796.4,27863912.15396,1
BYBIT,XRPUSDT,60,1778850000000,1.4588,1.4588,1.4276,1.4311,47002795.0,67806950.74978,1
BYBIT,XRPUSDT,60,1778853600000,1.4311,1.4409,1.4257,1.4385,33328599.6,47819495.16689,1
BYBIT,XRPUSDT,60,1778857200000,1.4385,1.4403,1.4289,1.4344,8655635.3,12418640.86653,1
BYBIT,XRPUSDT,60,1778860800000,1.4344,1.4467,1.4331,1.4459,17057355.2,24603070.73882,1
BYBIT,XRPUSDT,60,1778864400000,1.4459,1.4502,1.4448,1.446,6173455.2,8936226.11615,1
BYBIT,XRPUSDT,60,1778868000000,1.446,1.4487,1.4391,1.44,6288493.2,9072253.50131,1
BYBIT,XRPUSDT,60,1778871600000,1.44,1.4402,1.4308,1.4334,11030727.7,15819399.95631,1
BYBIT,XRPUSDT,60,1778875200000,1.4334,1.4364,1.4309,1.4341,7060734.1,10121085.62389,1
BYBIT,XRPUSDT,60,1778878800000,1.4341,1.4363,1.429,1.4295,6764482.6,9695813.46024,1
BYBIT,XRPUSDT,60,1778882400000,1.4295,1.4337,1.4289,1.4326,4309372.7,6169128.83233,1
BYBIT,XRPUSDT,60,1778886000000,1.4326,1.4345,1.4313,1.433,5013078.4,7183843.44921,1
BYBIT,XRPUSDT,60,1778889600000,1.433,1.438,1.4313,1.4334,6882764.9,9877565.39787,1
BYBIT,XRPUSDT,60,1778893200000,1.4334,1.4379,1.4303,1.436,5471997.4,7844056.86065,1
BYBIT,XRPUSDT,60,1778896800000,1.436,1.4385,1.4342,1.4358,3389838.1,4869416.26148,1
BYBIT,XRPUSDT,60,1778900400000,1.4358,1.4378,1.4328,1.4347,2777862.1,3988499.78922,1
BYBIT,XRPUSDT,60,1778904000000,1.4347,1.4357,1.4133,1.4247,34256885.2,48710995.84454,1
BYBIT,XRPUSDT,60,1778907600000,1.4247,1.4288,1.4201,1.4241,13790728.9,19656733.93894,1
BYBIT,XRPUSDT,60,1778911200000,1.4241,1.4256,1.4121,1.4189,12026109.5,17058539.93258,1
BYBIT,XRPUSDT,60,1778914800000,1.4189,1.419,1.4033,1.4158,24515946.5,34573279.13779,1
BYBIT,XRPUSDT,60,1778918400000,1.4158,1.4174,1.4135,1.4142,5290662.8,7486983.20969,1
BYBIT,XRPUSDT,60,1778922000000,1.4142,1.4152,1.4002,1.4015,20558185.6,28907875.96209,1
BYBIT,XRPUSDT,60,1778925600000,1.4015,1.4082,1.3953,1.4064,19210866.3,26902039.90897,1
BYBIT,XRPUSDT,60,1778929200000,1.4064,1.4129,1.4058,1.41,6629555.1,9345032.97293,1
BYBIT,XRPUSDT,60,1778932800000,1.41,1.4126,1.4071,1.4096,5193901.3,7324798.60401,1
BYBIT,XRPUSDT,60,1778936400000,1.4096,1.4147,1.407,1.4109,9218154.6,13012079.726,1
BYBIT,XRPUSDT,60,1778940000000,1.4109,1.4124,1.405,1.4087,12791899.8,18013513.63181,1
BYBIT,XRPUSDT,60,1778943600000,1.4087,1.4143,1.4084,1.4139,4289688.9,6056505.12376,1
BYBIT,XRPUSDT,60,1778947200000,1.4139,1.4213,1.4126,1.4158,10680173.9,15125016.6907,1
BYBIT,XRPUSDT,60,1778950800000,1.4158,1.4184,1.4144,1.4162,2495553.0,3535629.80967,1
BYBIT,XRPUSDT,60,1778954400000,1.4162,1.4172,1.4131,1.415,2891319.0,4091157.09678,1
BYBIT,XRPUSDT,60,1778958000000,1.415,1.4169,1.4141,1.4154,1808250.0,2559648.02138,1
BYBIT,XRPUSDT,60,1778961600000,1.4154,1.4182,1.4141,1.4148,3041346.3,4307699.92651,1
BYBIT,XRPUSDT,60,1778965200000,1.4148,1.4157,1.412,1.4143,2860961.3,4045189.01376,1
BYBIT,XRPUSDT,60,1778968800000,1.4143,1.415,1.4109,1.413,2348503.3,3319328.03019,1
BYBIT,XRPUSDT,60,1778972400000,1.413,1.4151,1.4123,1.4129,1524418.9,2154724.91977,1
BYBIT,XRPUSDT,60,1778976000000,1.4129,1.417,1.4085,1.4106,6010985.2,8496772.27727,1
BYBIT,XRPUSDT,60,1778979600000,1.4106,1.4136,1.4028,1.4029,11094539.7,15626627.58492,1
BYBIT,XRPUSDT,60,1778983200000,1.4029,1.41,1.4016,1.4063,12731561.1,17903523.11638,1
BYBIT,XRPUSDT,60,1778986800000,1.4063,1.4132,1.406,1.4113,3077190.8,4337580.90436,1
BYBIT,XRPUSDT,60,1778990400000,1.4113,1.4164,1.4108,1.4148,3911956.6,5533933.15355,1
BYBIT,XRPUSDT,60,1778994000000,1.4148,1.4208,1.4146,1.4155,3635929.3,5155870.51149,1
BYBIT,XRPUSDT,60,1778997600000,1.4155,1.4184,1.4149,1.4166,2937307.9,4161018.62774,1
BYBIT,XRPUSDT,60,1779001200000,1.4166,1.4204,1.4158,1.4176,3941264.5,5589695.24315,1
BYBIT,XRPUSDT,60,1779004800000,1.4176,1.4193,1.4136,1.4138,4750878.3,6726809.83548,1
BYBIT,XRPUSDT,60,1779008400000,1.4138,1.4208,1.4124,1.42,7000317.2,9914612.81219,1
BYBIT,XRPUSDT,60,1779012000000,1.42,1.4281,1.42,1.4238,14148105.7,20147846.41424,1
BYBIT,XRPUSDT,60,1779015600000,1.4238,1.4239,1.4199,1.4217,3069078.6,4363917.10059,1
BYBIT,XRPUSDT,60,1779019200000,1.4217,1.4259,1.4213,1.4226,3443335.2,4902054.64352,1
BYBIT,XRPUSDT,60,1779022800000,1.4226,1.4227,1.416,1.4178,5629241.0,7986746.95328,1
BYBIT,XRPUSDT,60,1779026400000,1.4178,1.4182,1.4091,1.4124,7662719.3,10824904.42378,1
BYBIT,XRPUSDT,60,1779030000000,1.4124,1.414,1.4081,1.4123,5543528.5,7825068.69495,1
BYBIT,XRPUSDT,60,1779033600000,1.4123,1.4153,1.4095,1.411,3715757.1,5248729.22427,1
BYBIT,XRPUSDT,60,1779037200000,1.411,1.4121,1.4075,1.4104,4398358.8,6200042.87257,1
BYBIT,XRPUSDT,60,1779040800000,1.4104,1.4135,1.4057,1.4134,5203904.3,7334557.47817,1
BYBIT,XRPUSDT,60,1779044400000,1.4134,1.425,1.4132,1.4217,12243747.4,17390460.95115,1
BYBIT,XRPUSDT,60,1779048000000,1.4217,1.4229,1.4169,1.4187,4164607.7,5910539.78066,1
BYBIT,XRPUSDT,60,1779051600000,1.4187,1.4258,1.4172,1.4225,7245000.3,10301103.94941,1
BYBIT,XRPUSDT,60,1779055200000,1.4225,1.4225,1.4087,1.4113,11304810.3,15980872.85277,1
BYBIT,XRPUSDT,60,1779058800000,1.4113,1.415,1.368,1.4009,79579069.5,110793674.67948,1
BYBIT,XRPUSDT,60,1779062400000,1.4009,1.4011,1.388,1.396,29405693.8,40981129.87377,1
BYBIT,XRPUSDT,60,1779066000000,1.396,1.3968,1.3842,1.3935,11251742.9,15630930.5558,1
BYBIT,XRPUSDT,60,1779069600000,1.3935,1.4022,1.39,1.392,9462888.7,13219556.07757,1
BYBIT,XRPUSDT,60,1779073200000,1.392,1.4001,1.3892,1.3924,12962500.2,18089105.62803,1
BYBIT,XRPUSDT,60,1779076800000,1.3924,1.3991,1.3865,1.3942,9400583.1,13086350.21363,1
BYBIT,XRPUSDT,60,1779080400000,1.3942,1.3956,1.3864,1.3887,8726506.6,12140300.57523,1
BYBIT,XRPUSDT,60,1779084000000,1.3887,1.3916,1.3759,1.3876,26036417.8,36000355.75653,1
BYBIT,XRPUSDT,60,1779087600000,1.3876,1.3905,1.3795,1.386,6655430.7,9219586.84093,1
BYBIT,XRPUSDT,60,1779091200000,1.386,1.3889,1.3814,1.3872,5130532.6,7107292.23451,1
BYBIT,XRPUSDT,60,1779094800000,1.3872,1.3874,1.3818,1.3821,3406333.5,4714158.87796,1
BYBIT,XRPUSDT,60,1779098400000,1.3821,1.3829,1.3763,1.3777,6631592.1,9148094.12996,1
BYBIT,XRPUSDT,60,1779102000000,1.3777,1.3966,1.3754,1.3899,13225608.9,18345747.70736,1
BYBIT,XRPUSDT,60,1779105600000,1.3899,1.4016,1.3896,1.3981,9942475.3,13879802.48794,1
BYBIT,XRPUSDT,60,1779109200000,1.3981,1.3984,1.3756,1.3853,22008655.3,30498853.23774,1
BYBIT,XRPUSDT,60,1779112800000,1.3853,1.3853,1.3713,1.3766,15862376.6,21862115.29956,1
BYBIT,XRPUSDT,60,1779116400000,1.3766,1.3783,1.3676,1.3758,12653538.8,17369526.18473,1
BYBIT,XRPUSDT,60,1779120000000,1.3758,1.3809,1.3696,1.3781,7126335.4,9810786.53184,1
BYBIT,XRPUSDT,60,1779123600000,1.3781,1.383,1.3761,1.3802,3670732.2,5067452.43833,1
BYBIT,XRPUSDT,60,1779127200000,1.3802,1.3805,1.3626,1.3668,14575169.4,19953945.28204,1
BYBIT,XRPUSDT,60,1779130800000,1.3668,1.3905,1.3664,1.3871,18983421.0,26214477.1706,1
BYBIT,XRPUSDT,60,1779134400000,1.3871,1.3917,1.383,1.3841,5219519.7,7241330.59209,1
BYBIT,XRPUSDT,60,1779138000000,1.3841,1.3954,1.3812,1.3924,8083334.7,11235070.61533,1
BYBIT,XRPUSDT,60,1779141600000,1.3924,1.3958,1.3879,1.3918,5078336.0,7067536.46671,1
BYBIT,XRPUSDT,60,1779145200000,1.3918,1.3937,1.3881,1.3893,3557291.5,4946233.18423,1
BYBIT,XRPUSDT,60,1779148800000,1.3893,1.3975,1.3886,1.3925,4455050.5,6207912.66661,1
BYBIT,XRPUSDT,60,1779152400000,1.3925,1.3926,1.3839,1.3839,5798245.8,8045280.3653,1
BYBIT,XRPUSDT,60,1779156000000,1.3839,1.3878,1.3739,1.3787,14082906.6,19430803.71826,1
BYBIT,XRPUSDT,60,1779159600000,1.3787,1.3841,1.3773,1.383,8568220.9,11843091.6617,1
BYBIT,XRPUSDT,60,1779163200000,1.383,1.387,1.3785,1.3863,7588637.9,10496347.48939,1
BYBIT,XRPUSDT,60,1779166800000,1.3863,1.388,1.3778,1.3824,8729159.5,12076835.58141,1
BYBIT,XRPUSDT,60,1779170400000,1.3824,1.3874,1.3807,1.3845,13366433.3,18489991.97355,1
BYBIT,XRPUSDT,60,1779174000000,1.3845,1.3892,1.3823,1.3879,9516394.9,13196274.01263,1
BYBIT,XRPUSDT,60,1779177600000,1.3879,1.3882,1.3793,1.382,8387826.2,11600686.05816,1
BYBIT,XRPUSDT,60,1779181200000,1.382,1.3839,1.3697,1.3739,12074490.2,16620901.35921,1
BYBIT,XRPUSDT,60,1779184800000,1.3739,1.3759,1.367,1.3736,12937705.0,17757941.78732,1
BYBIT,XRPUSDT,60,1779188400000,1.3736,1.377,1.3686,1.3715,11050228.1,15179661.20415,1
BYBIT,XRPUSDT,60,1779192000000,1.3715,1.3779,1.3698,1.3769,5608732.6,7705572.33183,1
BYBIT,XRPUSDT,60,1779195600000,1.3769,1.3816,1.3702,1.3762,17164180.5,23602774.3772,1
BYBIT,XRPUSDT,60,1779199200000,1.3762,1.3792,1.3601,1.366,17380664.4,23778676.98637,1
BYBIT,XRPUSDT,60,1779202800000,1.366,1.3726,1.3647,1.3668,6968024.6,9533856.29252,1
BYBIT,XRPUSDT,60,1779206400000,1.3668,1.3731,1.3626,1.372,6071435.0,8300608.60081,1
BYBIT,XRPUSDT,60,1779210000000,1.372,1.3738,1.3617,1.3636,5305484.2,7259725.26362,1
BYBIT,XRPUSDT,60,1779213600000,1.3636,1.3675,1.3608,1.3622,5004736.7,6826071.97747,1
BYBIT,XRPUSDT,60,1779217200000,1.3622,1.3662,1.3555,1.3566,18658726.5,25365022.05561,1
BYBIT,XRPUSDT,60,1779220800000,1.3566,1.3604,1.3551,1.3582,11832570.6,16066843.45376,1
BYBIT,XRPUSDT,60,1779224400000,1.3582,1.3628,1.3571,1.3593,7136178.1,9707518.5277,1
BYBIT,XRPUSDT,60,1779228000000,1.3593,1.3593,1.3524,1.3575,7035328.2,9536985.38386,1
BYBIT,XRPUSDT,60,1779231600000,1.3575,1.3651,1.3562,1.361,3655238.2,4977869.04797,1
BYBIT,XRPUSDT,60,1779235200000,1.361,1.3633,1.3513,1.3552,12302096.1,16670907.76088,1
BYBIT,XRPUSDT,60,1779238800000,1.3552,1.3576,1.347,1.3546,11288159.1,15246501.23628,1
BYBIT,XRPUSDT,60,1779242400000,1.3546,1.3562,1.35,1.3515,4009326.4,5424125.43905,1
BYBIT,XRPUSDT,60,1779246000000,1.3515,1.3581,1.3492,1.3555,3257392.1,4413377.18184,1
BYBIT,XRPUSDT,60,1779249600000,1.3555,1.3594,1.3529,1.3593,3567583.9,4839649.85486,1
BYBIT,XRPUSDT,60,1779253200000,1.3593,1.3694,1.3593,1.3676,10148113.4,13860101.23046,1
BYBIT,XRPUSDT,60,1779256800000,1.3676,1.3705,1.366,1.37,4203002.0,5749587.41141,1
BYBIT,XRPUSDT,60,1779260400000,1.37,1.3736,1.3668,1.3677,4070230.3,5575626.1539,1
BYBIT,XRPUSDT,60,1779264000000,1.3677,1.3723,1.3651,1.3698,5409014.8,7407551.58244,1
BYBIT,XRPUSDT,60,1779267600000,1.3698,1.3723,1.368,1.3693,3408184.2,4670521.37675,1
BYBIT,XRPUSDT,60,1779271200000,1.3693,1.3752,1.369,1.37,5351248.9,7342342.4445,1
BYBIT,XRPUSDT,60,1779274800000,1.37,1.371,1.3636,1.3649,5501447.5,7521912.01465,1
BYBIT,XRPUSDT,60,1779278400000,1.3649,1.3752,1.3636,1.3729,5908698.1,8093712.10098,1
BYBIT,XRPUSDT,60,1779282000000,1.3729,1.3738,1.3581,1.3637,11971770.5,16348129.28444,1
BYBIT,XRPUSDT,60,1779285600000,1.3637,1.3757,1.3576,1.3725,19426964.0,26599316.30684,1
BYBIT,XRPUSDT,60,1779289200000,1.3725,1.3799,1.3675,1.3737,19899473.5,27339427.19133,1
BYBIT,XRPUSDT,60,1779292800000,1.3737,1.3769,1.3653,1.3744,10687356.9,14658829.0678,1
BYBIT,XRPUSDT,60,1779296400000,1.3744,1.3796,1.3702,1.3746,8033974.8,11047185.26465,1
BYBIT,XRPUSDT,60,1779300000000,1.3746,1.3763,1.3636,1.3667,13068006.5,17912932.43575,1
BYBIT,XRPUSDT,60,1779303600000,1.3667,1.3722,1.3647,1.3719,4448398.9,6092894.40148,1
BYBIT,XRPUSDT,60,1779307200000,1.3719,1.3723,1.3632,1.3693,6928104.5,9479361.67489,1
BYBIT,XRPUSDT,60,1779310800000,1.3693,1.3711,1.366,1.3662,3183830.2,4358314.4781,1
BYBIT,XRPUSDT,60,1779314400000,1.3662,1.3673,1.3594,1.365,5406100.6,7371463.03812,1
BYBIT,XRPUSDT,60,1779318000000,1.365,1.3668,1.362,1.3663,3199173.8,4364927.91673,1
BYBIT,XRPUSDT,60,1779321600000,1.3663,1.3773,1.3657,1.3754,5158512.9,7076792.31445,1
BYBIT,XRPUSDT,60,1779325200000,1.3754,1.381,1.3749,1.3777,4424769.9,6095314.00316,1
BYBIT,XRPUSDT,60,1779328800000,1.3777,1.3854,1.3769,1.3806,6600786.3,9126501.75959,1
BYBIT,XRPUSDT,60,1779332400000,1.3806,1.3843,1.3795,1.3837,3473825.3,4799753.46116,1
BYBIT,XRPUSDT,60,1779336000000,1.3837,1.385,1.3805,1.3815,3917112.4,5415928.06256,1
BYBIT,XRPUSDT,60,1779339600000,1.3815,1.383,1.3713,1.3744,5852502.6,8054146.31684,1
BYBIT,XRPUSDT,60,1779343200000,1.3744,1.376,1.3689,1.3705,4977457.2,6832414.95864,1
BYBIT,XRPUSDT,60,1779346800000,1.3705,1.3767,1.3693,1.3754,3966148.4,5442422.85681,1
BYBIT,XRPUSDT,60,1779350400000,1.3754,1.3853,1.3754,1.3796,10828929.6,14962213.07511,1
BYBIT,XRPUSDT,60,1779354000000,1.3796,1.3815,1.3734,1.3738,5914708.8,8141319.75134,1
BYBIT,XRPUSDT,60,1779357600000,1.3738,1.3744,1.3631,1.3657,22048688.2,30179807.13076,1
BYBIT,XRPUSDT,60,1779361200000,1.3657,1.3689,1.3627,1.3631,5949702.8,8125788.32553,1
BYBIT,XRPUSDT,60,1779364800000,1.3631,1.3661,1.3611,1.3646,7019722.8,9572248.26862,1
BYBIT,XRPUSDT,60,1779368400000,1.3646,1.3679,1.3538,1.3611,26775718.1,36434461.27312,1
BYBIT,XRPUSDT,60,1779372000000,1.3611,1.3632,1.3504,1.3561,12030209.9,16318618.16545,1
BYBIT,XRPUSDT,60,1779375600000,1.3561,1.3651,1.355,1.3607,7193410.7,9789672.77177,1
BYBIT,XRPUSDT,60,1779379200000,1.3607,1.3643,1.3563,1.3605,4478650.4,6092687.05475,1
BYBIT,XRPUSDT,60,1779382800000,1.3605,1.386,1.3605,1.3807,26705716.6,36751371.21459,1
BYBIT,XRPUSDT,60,1779386400000,1.3807,1.3819,1.3659,1.3707,10385975.9,14281292.32185,1
BYBIT,XRPUSDT,60,1779390000000,1.3707,1.3806,1.3701,1.379,6789910.3,9344374.37624,1
BYBIT,XRPUSDT,60,1779393600000,1.379,1.3804,1.3756,1.3766,2706723.4,3731117.04825,1
BYBIT,XRPUSDT,60,1779397200000,1.3766,1.3781,1.3748,1.3753,2956363.9,4069850.00239,1
BYBIT,XRPUSDT,60,1779400800000,1.3753,1.376,1.3701,1.3721,3432415.5,4713271.6145,1
BYBIT,XRPUSDT,60,1779404400000,1.3721,1.3745,1.3684,1.3733,3088700.1,4236761.13899,1
BYBIT,XRPUSDT,60,1779408000000,1.3733,1.3737,1.3666,1.3674,4199718.2,5750964.87384,1
BYBIT,XRPUSDT,60,1779411600000,1.3674,1.3712,1.3641,1.3703,4290385.9,5868927.43822,1
BYBIT,XRPUSDT,60,1779415200000,1.3703,1.3762,1.3691,1.3727,10545494.1,14478939.83194,1
BYBIT,XRPUSDT,60,1779418800000,1.3727,1.3741,1.3705,1.3717,2482274.2,3406144.2398,1
BYBIT,XRPUSDT,60,1779422400000,1.3717,1.3756,1.3676,1.3698,3129835.0,4292459.90386,1
BYBIT,XRPUSDT,60,1779426000000,1.3698,1.3727,1.3667,1.3677,3807901.0,5216802.18371,1
BYBIT,XRPUSDT,60,1779429600000,1.3677,1.3693,1.3595,1.3599,8986213.0,12256656.41094,1
BYBIT,XRPUSDT,60,1779433200000,1.3599,1.3674,1.3558,1.3643,9743453.8,13257740.05756,1
BYBIT,XRPUSDT,60,1779436800000,1.3643,1.3679,1.3601,1.362,6604605.2,9004582.92597,1
BYBIT,XRPUSDT,60,1779440400000,1.362,1.3647,1.3584,1.3593,3633727.7,4947401.99621,1
BYBIT,XRPUSDT,60,1779444000000,1.3593,1.3614,1.3567,1.3592,4230798.8,5750218.72412,1
BYBIT,XRPUSDT,60,1779447600000,1.3592,1.3611,1.3543,1.361,6592661.8,8951869.84911,1
BYBIT,XRPUSDT,60,1779451200000,1.361,1.3654,1.3598,1.3653,5872300.6,8003899.6096,1
BYBIT,XRPUSDT,60,1779454800000,1.3653,1.3698,1.3569,1.362,14415745.0,19648657.62665,1
BYBIT,XRPUSDT,60,1779458400000,1.362,1.362,1.349,1.3513,20183286.6,27321627.29602,1
BYBIT,XRPUSDT,60,1779462000000,1.3513,1.3572,1.3453,1.3526,14767334.3,19957327.9008,1
BYBIT,XRPUSDT,60,1779465600000,1.3526,1.355,1.3494,1.3538,5598225.2,7569284.12342,1
BYBIT,XRPUSDT,60,1779469200000,1.3538,1.3589,1.3501,1.3526,8671962.3,11747692.75799,1
BYBIT,XRPUSDT,60,1779472800000,1.3526,1.355,1.3333,1.3493,31267460.4,41990545.96225,1
BYBIT,XRPUSDT,60,1779476400000,1.3493,1.3518,1.3336,1.3381,23996609.1,32164731.15206,1
BYBIT,XRPUSDT,60,1779480000000,1.3381,1.3424,1.3348,1.3414,9704163.2,12991026.70264,1
BYBIT,XRPUSDT,60,1779483600000,1.3414,1.3433,1.3395,1.342,4493346.3,6027271.33525,1
BYBIT,XRPUSDT,60,1779487200000,1.342,1.3432,1.3371,1.3399,3487514.1,4673644.931,1
BYBIT,XRPUSDT,60,1779490800000,1.3399,1.3423,1.329,1.334,10961081.5,14622160.66086,1
BYBIT,XRPUSDT,60,1779494400000,1.334,1.3354,1.3263,1.334,14439295.1,19217295.49659,1
BYBIT,XRPUSDT,60,1779498000000,1.334,1.3384,1.333,1.3367,4465313.5,5967374.87159,1
BYBIT,XRPUSDT,60,1779501600000,1.3367,1.3398,1.3358,1.3392,2938147.7,3931249.27698,1
BYBIT,XRPUSDT,60,1779505200000,1.3392,1.3422,1.339,1.3402,3365611.5,4512126.19036,1
BYBIT,XRPUSDT,60,1779508800000,1.3402,1.3404,1.3341,1.3354,4456075.9,5956814.8939,1
BYBIT,XRPUSDT,60,1779512400000,1.3354,1.3357,1.3285,1.3305,7394486.0,9839257.61122,1
BYBIT,XRPUSDT,60,1779516000000,1.3305,1.3347,1.3278,1.3323,7785022.6,10366202.73397,1
BYBIT,XRPUSDT,60,1779519600000,1.3323,1.333,1.3001,1.3113,52851881.5,69496868.96415,1
BYBIT,XRPUSDT,60,1779523200000,1.3113,1.3178,1.3062,1.31,23439132.1,30753871.74467,1
BYBIT,XRPUSDT,60,1779526800000,1.31,1.3174,1.309,1.3163,7889867.2,10359944.04447,1
BYBIT,XRPUSDT,60,1779530400000,1.3163,1.3232,1.3162,1.3219,4966452.1,6556197.17781,1
BYBIT,XRPUSDT,60,1779534000000,1.3219,1.3256,1.3205,1.3237,4591568.7,6078267.02229,1
BYBIT,XRPUSDT,60,1779537600000,1.3237,1.3267,1.3232,1.3259,4216723.1,5586049.943,1
BYBIT,XRPUSDT,60,1779541200000,1.3259,1.3365,1.3258,1.3326,9957546.3,13265270.84147,1
BYBIT,XRPUSDT,60,1779544800000,1.3326,1.3407,1.3308,1.3393,12017595.8,16053328.36903,1
BYBIT,XRPUSDT,60,1779548400000,1.3393,1.3415,1.3345,1.3353,16545900.7,22150128.4695,1
BYBIT,XRPUSDT,60,1779552000000,1.3353,1.3383,1.3337,1.3372,6503664.4,8691665.21579,1
BYBIT,XRPUSDT,60,1779555600000,1.3372,1.3387,1.3351,1.3379,4155521.7,5556770.65114,1
BYBIT,XRPUSDT,60,1779559200000,1.3379,1.3505,1.3377,1.3449,12778650.3,17181057.58736,1
BYBIT,XRPUSDT,60,1779562800000,1.3449,1.3467,1.3423,1.3463,3936261.2,5292985.7228,1
BYBIT,XRPUSDT,60,1779566400000,1.3463,1.3716,1.3445,1.3711,24671303.7,33539308.58721,1
BYBIT,XRPUSDT,60,1779570000000,1.3711,1.3755,1.3525,1.3589,12959715.7,17668467.9937,1
BYBIT,XRPUSDT,60,1779573600000,1.3589,1.363,1.3519,1.3578,7995540.2,10850681.58126,1
BYBIT,XRPUSDT,60,1779577200000,1.3578,1.3607,1.3562,1.3577,3404475.7,4624558.96716,1
BYBIT,XRPUSDT,60,1779580800000,1.3577,1.3629,1.3562,1.3611,3892678.9,5293119.24462,1
BYBIT,XRPUSDT,60,1779584400000,1.3611,1.3629,1.3587,1.3598,3021575.8,4112175.59044,1
BYBIT,XRPUSDT,60,1779588000000,1.3598,1.3619,1.3577,1.3605,2249945.1,3059259.76753,1
BYBIT,XRPUSDT,60,1779591600000,1.3605,1.3627,1.3588,1.3601,1872312.1,2547915.57442,1
BYBIT,XRPUSDT,60,1779595200000,1.3601,1.3611,1.3584,1.3602,2210069.9,3005152.58483,1
BYBIT,XRPUSDT,60,1779598800000,1.3602,1.3605,1.3542,1.3588,3863124.0,5241489.31872,1
BYBIT,XRPUSDT,60,1779602400000,1.3588,1.3626,1.3566,1.3622,3276441.5,4455355.07916,1
BYBIT,XRPUSDT,60,1779606000000,1.3622,1.3645,1.3581,1.3588,3501203.2,4764194.7063,1
BYBIT,XRPUSDT,60,1779609600000,1.3588,1.3607,1.3568,1.3603,2524888.2,3430680.52367,1
BYBIT,XRPUSDT,60,1779613200000,1.3603,1.366,1.3599,1.364,5060310.9,6901710.83906,1
BYBIT,XRPUSDT,60,1779616800000,1.364,1.3706,1.3621,1.3629,11422496.5,15600962.23122,1
BYBIT,XRPUSDT,60,1779620400000,1.3629,1.3691,1.3615,1.3647,11823288.7,16140107.02789,1
BYBIT,XRPUSDT,60,1779624000000,1.3647,1.365,1.3601,1.3621,6668984.3,9085175.05101,1
BYBIT,XRPUSDT,60,1779627600000,1.3621,1.3633,1.3558,1.3583,3810129.7,5180996.5183,1
BYBIT,XRPUSDT,60,1779631200000,1.3583,1.3592,1.338,1.3492,19138373.7,25798550.21951,1
BYBIT,XRPUSDT,60,1779634800000,1.3492,1.3506,1.3472,1.3477,2401865.3,3239416.65309,1
BYBIT,XRPUSDT,60,1779638400000,1.3477,1.352,1.3465,1.3503,3232033.8,4361554.9379,1
BYBIT,XRPUSDT,60,1779642000000,1.3503,1.3539,1.35,1.3526,2641853.8,3571163.5281,1
BYBIT,XRPUSDT,60,1779645600000,1.3526,1.3528,1.3452,1.3476,8053627.3,10855846.2521,1
BYBIT,XRPUSDT,60,1779649200000,1.3476,1.3498,1.3452,1.3484,2082750.6,2807362.04822,1
BYBIT,XRPUSDT,60,1779652800000,1.3484,1.3489,1.3422,1.3442,3256314.0,4379782.22738,1
BYBIT,XRPUSDT,60,1779656400000,1.3442,1.3466,1.3315,1.335,11750525.5,15736639.14219,1
BYBIT,XRPUSDT,60,1779660000000,1.335,1.3506,1.335,1.347,12972009.1,17466702.74239,1
BYBIT,XRPUSDT,60,1779663600000,1.347,1.3532,1.347,1.35,3322511.0,4486099.4172,1
BYBIT,XRPUSDT,60,1779667200000,1.35,1.3553,1.35,1.3512,3408922.2,4610303.88446,1
BYBIT,XRPUSDT,60,1779670800000,1.3512,1.3544,1.3461,1.3465,3571960.7,4825625.30188,1
BYBIT,XRPUSDT,60,1779674400000,1.3465,1.3562,1.3461,1.3465,6583937.2,8893387.93737,1
BYBIT,XRPUSDT,60,1779678000000,1.3465,1.3479,1.3428,1.3462,3511364.2,4722325.84271,1
BYBIT,XRPUSDT,60,1779681600000,1.3462,1.3561,1.3446,1.3551,8922885.8,12063541.06463,1
BYBIT,XRPUSDT,60,1779685200000,1.3551,1.3609,1.3537,1.3579,14395412.8,19542576.77367,1
BYBIT,XRPUSDT,60,1779688800000,1.3579,1.3606,1.3536,1.3576,3913641.2,5311000.37948,1
BYBIT,XRPUSDT,60,1779692400000,1.3576,1.3605,1.3522,1.3582,7606204.5,10308423.98275,1
BYBIT,XRPUSDT,60,1779696000000,1.3582,1.3647,1.3561,1.3587,12771056.0,17362409.71522,1
BYBIT,XRPUSDT,60,1779699600000,1.3587,1.3627,1.3564,1.3606,5332778.3,7250091.73293,1
BYBIT,XRPUSDT,60,1779703200000,1.3606,1.3611,1.3587,1.36,2511495.5,3415558.59286,1
BYBIT,XRPUSDT,60,1779706800000,1.36,1.3609,1.3565,1.3571,3886545.1,5280776.7628,1
BYBIT,XRPUSDT,60,1779710400000,1.3571,1.3587,1.3557,1.3564,3147693.5,4272216.23241,1
BYBIT,XRPUSDT,60,1779714000000,1.3564,1.3582,1.3547,1.3577,2749254.3,3729297.20833,1
BYBIT,XRPUSDT,60,1779717600000,1.3577,1.362,1.3569,1.3609,5395624.8,7339170.55288,1
BYBIT,XRPUSDT,60,1779721200000,1.3609,1.3651,1.3569,1.3582,5867271.4,7979960.65966,1
BYBIT,XRPUSDT,60,1779724800000,1.3582,1.3634,1.3565,1.3621,2603802.9,3539677.14043,1
BYBIT,XRPUSDT,60,1779728400000,1.3621,1.3634,1.3596,1.3606,2480371.8,3377401.22816,1
BYBIT,XRPUSDT,60,1779732000000,1.3606,1.3627,1.3579,1.358,2512466.5,3418823.14353,1
BYBIT,XRPUSDT,60,1779735600000,1.358,1.3582,1.3536,1.3563,3551387.9,4815614.74558,1
BYBIT,XRPUSDT,60,1779739200000,1.3563,1.359,1.3511,1.3539,4029484.5,5458299.65089,1
BYBIT,XRPUSDT,60,1779742800000,1.3539,1.3561,1.3535,1.3539,2694167.0,3650773.11559,1
BYBIT,XRPUSDT,60,1779746400000,1.3539,1.3553,1.3445,1.348,9802805.9,13223676.87882,1
BYBIT,XRPUSDT,60,1779750000000,1.348,1.3524,1.3462,1.3494,4716441.2,6366025.02471,1
BYBIT,XRPUSDT,60,1779753600000,1.3494,1.3506,1.3345,1.3414,10155475.3,13625630.65801,1
BYBIT,XRPUSDT,60,1779757200000,1.3414,1.3441,1.3365,1.3389,6711448.8,8990713.13489,1
BYBIT,XRPUSDT,60,1779760800000,1.3389,1.3402,1.3352,1.3366,5063557.2,6775809.5891,1
BYBIT,XRPUSDT,60,1779764400000,1.3366,1.3402,1.3334,1.3392,4734445.6,6330153.23611,1
BYBIT,XRPUSDT,60,1779768000000,1.3392,1.3459,1.339,1.3448,3757392.2,5046351.47466,1
BYBIT,XRPUSDT,60,1779771600000,1.3448,1.35,1.3436,1.3473,4230979.2,5697886.42392,1
BYBIT,XRPUSDT,60,1779775200000,1.3473,1.3491,1.3443,1.3478,2654536.6,3574504.8331,1
BYBIT,XRPUSDT,60,1779778800000,1.3478,1.3483,1.3385,1.34,4979325.0,6681692.50569,1
BYBIT,XRPUSDT,60,1779782400000,1.34,1.3433,1.3389,1.34,2776916.9,3723638.15867,1
BYBIT,XRPUSDT,60,1779786000000,1.34,1.3428,1.3388,1.3412,4364157.2,5850558.66135,1
BYBIT,XRPUSDT,60,1779789600000,1.3412,1.3593,1.3394,1.3563,13470724.8,18241103.72395,1
BYBIT,XRPUSDT,60,1779793200000,1.3563,1.3571,1.351,1.3516,7388742.4,10001480.59773,1
BYBIT,XRPUSDT,60,1779796800000,1.3516,1.3552,1.3473,1.3548,6771581.3,9146849.21022,1
BYBIT,XRPUSDT,60,1779800400000,1.3548,1.3597,1.3475,1.3553,7981103.3,10800561.18642,1
BYBIT,XRPUSDT,60,1779804000000,1.3553,1.3651,1.3469,1.3516,15103291.9,20475794.74333,1
BYBIT,XRPUSDT,60,1779807600000,1.3516,1.3533,1.339,1.3442,12252920.5,16480392.25224,1
BYBIT,XRPUSDT,60,1779811200000,1.3442,1.345,1.3361,1.3401,18747782.5,25121482.11773,1
BYBIT,XRPUSDT,60,1779814800000,1.3401,1.3427,1.3262,1.332,14507063.2,19328241.2337,1
BYBIT,XRPUSDT,60,1779818400000,1.332,1.3379,1.3277,1.329,5476382.8,7299462.07856,1
BYBIT,XRPUSDT,60,1779822000000,1.329,1.3337,1.3263,1.3311,6649998.4,8846677.81784,1
BYBIT,XRPUSDT,60,1779825600000,1.3311,1.3333,1.3298,1.3325,5059529.0,6737074.37688,1
BYBIT,XRPUSDT,60,1779829200000,1.3325,1.3341,1.3271,1.3309,6503422.9,8648795.63114,1
BYBIT,XRPUSDT,60,1779832800000,1.3309,1.3329,1.3279,1.3291,4051100.9,5388107.5457,1
BYBIT,XRPUSDT,60,1779836400000,1.3291,1.3309,1.3279,1.3284,1897699.6,2523055.35787,1
BYBIT,XRPUSDT,60,1779840000000,1.3284,1.3319,1.328,1.3316,3286569.0,4371504.89638,1
BYBIT,XRPUSDT,60,1779843600000,1.3316,1.3324,1.3285,1.3298,2465576.5,3280610.56393,1
BYBIT,XRPUSDT,60,1779847200000,1.3298,1.3304,1.3254,1.3302,4839680.8,6423980.151,1
BYBIT,XRPUSDT,60,1779850800000,1.3302,1.3323,1.3256,1.3268,2465457.3,3277528.53714,1
BYBIT,XRPUSDT,60,1779854400000,1.3268,1.3307,1.3207,1.3302,10117302.5,13401125.6291,1
BYBIT,XRPUSDT,60,1779858000000,1.3302,1.3322,1.3286,1.3306,3237859.5,4308228.67037,1
BYBIT,XRPUSDT,60,1779861600000,1.3306,1.3364,1.3298,1.3353,4370207.6,5828172.77827,1
BYBIT,XRPUSDT,60,1779865200000,1.3353,1.3363,1.3295,1.3313,4134734.0,5510352.10811,1
BYBIT,XRPUSDT,60,1779868800000,1.3313,1.3371,1.3293,1.3348,7570111.9,10094219.2974,1
BYBIT,XRPUSDT,60,1779872400000,1.3348,1.3365,1.3274,1.3287,10750216.6,14316219.51143,1
BYBIT,XRPUSDT,60,1779876000000,1.3287,1.334,1.3285,1.3296,5864552.3,7807834.61407,1
BYBIT,XRPUSDT,60,1779879600000,1.3296,1.3335,1.3283,1.329,2755541.6,3666259.30132,1
BYBIT,XRPUSDT,60,1779883200000,1.329,1.34,1.3243,1.3314,10215155.2,13611811.41089,1
BYBIT,XRPUSDT,60,1779886800000,1.3314,1.3327,1.3174,1.3233,15639430.2,20688938.81865,1
BYBIT,XRPUSDT,60,1779890400000,1.3233,1.3301,1.3183,1.3295,12100581.6,16019749.62299,1
BYBIT,XRPUSDT,60,1779894000000,1.3295,1.3432,1.3293,1.3358,17659883.5,23633888.83933,1
BYBIT,XRPUSDT,60,1779897600000,1.3358,1.3384,1.3275,1.3315,6110846.6,8137878.66059,1
BYBIT,XRPUSDT,60,1779901200000,1.3315,1.3319,1.3164,1.3199,9573219.3,12659741.50599,1
BYBIT,XRPUSDT,60,1779904800000,1.3199,1.3267,1.3169,1.3262,6391805.1,8445052.60383,1
BYBIT,XRPUSDT,60,1779908400000,1.3262,1.3333,1.3261,1.3301,7122745.6,9475387.69141,1
BYBIT,XRPUSDT,60,1779912000000,1.3301,1.3342,1.3265,1.33,4818286.1,6408649.03025,1
BYBIT,XRPUSDT,60,1779915600000,1.33,1.3321,1.3104,1.3154,14112522.0,18598119.14819,1
BYBIT,XRPUSDT,60,1779919200000,1.3154,1.3201,1.3072,1.3099,16251957.6,21320986.84544,1
BYBIT,XRPUSDT,60,1779922800000,1.3099,1.3114,1.3023,1.3069,14171862.2,18517201.55631,1
BYBIT,XRPUSDT,60,1779926400000,1.3069,1.3105,1.3054,1.3092,5178922.3,6776194.24548,1
BYBIT,XRPUSDT,60,1779930000000,1.3092,1.3096,1.297,1.3023,12269339.6,15967513.73728,1
BYBIT,XRPUSDT,60,1779933600000,1.3023,1.305,1.2998,1.3004,9671708.0,12593743.32116,1
BYBIT,XRPUSDT,60,1779937200000,1.3004,1.3027,1.2737,1.2783,43602130.7,56074276.0785,1
BYBIT,XRPUSDT,60,1779940800000,1.2783,1.2836,1.2658,1.2836,31237183.7,39821675.68602,1
BYBIT,XRPUSDT,60,1779944400000,1.2836,1.2849,1.2768,1.2827,8133360.2,10421842.66205,1
BYBIT,XRPUSDT,60,1779948000000,1.2827,1.2889,1.2801,1.2866,8372460.5,10757972.20029,1
BYBIT,XRPUSDT,60,1779951600000,1.2866,1.2929,1.2863,1.2925,8664880.7,11179934.78232,1
BYBIT,XRPUSDT,60,1779955200000,1.2925,1.2931,1.2861,1.288,4858759.1,6265389.8131,1
BYBIT,XRPUSDT,60,1779958800000,1.288,1.2931,1.2866,1.2922,3128376.8,4036792.26994,1
BYBIT,XRPUSDT,60,1779962400000,1.2922,1.2957,1.2877,1.288,5424815.5,7007237.09364,1
BYBIT,XRPUSDT,60,1779966000000,1.288,1.2898,1.2852,1.2871,3674633.2,4730735.77333,1
BYBIT,XRPUSDT,60,1779969600000,1.2871,1.2943,1.283,1.2941,6663124.7,8584544.19424,1
BYBIT,XRPUSDT,60,1779973200000,1.2941,1.2991,1.289,1.2957,14881063.2,19260349.40519,1
BYBIT,XRPUSDT,60,1779976800000,1.2957,1.3106,1.2855,1.3011,25518746.7,33129859.39893,1
BYBIT,XRPUSDT,60,1779980400000,1.3011,1.3144,1.2936,1.3115,10131969.1,13217219.46112,1
BYBIT,XRPUSDT,60,1779984000000,1.3115,1.3284,1.3062,1.3227,27880629.2,36801486.37492,1
BYBIT,XRPUSDT,60,1779987600000,1.3227,1.3289,1.3173,1.3255,12907217.3,17082968.00557,1
BYBIT,XRPUSDT,60,1779991200000,1.3255,1.338,1.3248,1.3337,17320501.4,23062777.34169,1
BYBIT,XRPUSDT,60,1779994800000,1.3337,1.3337,1.3146,1.3153,9111448.5,12053922.25623,1
BYBIT,XRPUSDT,60,1779998400000,1.3153,1.3243,1.3101,1.3198,7529103.9,9912344.94212,1
BYBIT,XRPUSDT,60,1780002000000,1.3198,1.3244,1.3162,1.3194,5706023.9,7537698.29185,1
BYBIT,XRPUSDT,60,1780005600000,1.3194,1.3213,1.3117,1.3136,4940125.5,6497757.20139,1
BYBIT,XRPUSDT,60,1780009200000,1.3136,1.3179,1.313,1.3146,2451012.8,3223111.55905,1
BYBIT,XRPUSDT,60,1780012800000,1.3146,1.3197,1.3137,1.3145,4075679.3,5367861.31143,1
BYBIT,XRPUSDT,60,1780016400000,1.3145,1.3169,1.3074,1.3097,3358814.6,4401510.46764,1
BYBIT,XRPUSDT,60,1780020000000,1.3097,1.311,1.3032,1.3036,5606576.6,7330530.74835,1
BYBIT,XRPUSDT,60,1780023600000,1.3036,1.3142,1.3036,1.3116,5406975.9,7082307.03875,1
BYBIT,XRPUSDT,60,1780027200000,1.3116,1.3122,1.3026,1.3101,6051488.3,7905549.43278,1
BYBIT,XRPUSDT,60,1780030800000,1.3101,1.315,1.3078,1.3144,6446637.4,8456330.38708,1
BYBIT,XRPUSDT,60,1780034400000,1.3144,1.3206,1.3135,1.3156,8189011.7,10783669.2457,1
BYBIT,XRPUSDT,60,1780038000000,1.3156,1.3187,1.3095,1.3161,4120289.9,5413507.6511,1
BYBIT,XRPUSDT,60,1780041600000,1.3161,1.3232,1.3158,1.3206,5050652.0,6666604.4022,1
BYBIT,XRPUSDT,60,1780045200000,1.3206,1.327,1.3196,1.3229,5107640.0,6762254.98389,1
BYBIT,XRPUSDT,60,1780048800000,1.3229,1.3232,1.3168,1.3182,3314610.8,4373992.27829,1
BYBIT,XRPUSDT,60,1780052400000,1.3182,1.3184,1.3066,1.311,8439196.3,11077174.58768,1
BYBIT,XRPUSDT,60,1780056000000,1.311,1.3116,1.3019,1.304,9437496.9,12322167.27575,1
BYBIT,XRPUSDT,60,1780059600000,1.304,1.3049,1.2943,1.3021,17046041.2,22152413.84156,1
BYBIT,XRPUSDT,60,1780063200000,1.3021,1.3082,1.2934,1.307,19879322.8,25868316.23623,1
BYBIT,XRPUSDT,60,1780066800000,1.307,1.3337,1.3041,1.322,28833971.6,38105167.82353,1
BYBIT,XRPUSDT,60,1780070400000,1.322,1.3333,1.3157,1.3268,23309977.8,30900131.97159,1
BYBIT,XRPUSDT,60,1780074000000,1.3268,1.3325,1.3231,1.3244,12910013.5,17160190.42307,1
BYBIT,XRPUSDT,60,1780077600000,1.3244,1.3301,1.312,1.3181,16912220.2,22318895.31798,1
BYBIT,XRPUSDT,60,1780081200000,1.3181,1.3229,1.3103,1.3204,7733007.9,10184615.61366,1
BYBIT,XRPUSDT,60,1780084800000,1.3204,1.3248,1.3197,1.3221,3264815.9,4316146.85208,1
BYBIT,XRPUSDT,60,1780088400000,1.3221,1.3264,1.3154,1.3155,5379962.5,7105413.67149,1
BYBIT,XRPUSDT,60,1780092000000,1.3155,1.3204,1.3136,1.3202,3570351.7,4705356.62324,1
BYBIT,XRPUSDT,60,1780095600000,1.3202,1.3303,1.3192,1.329,10196598.2,13507327.58623,1
BYBIT,XRPUSDT,60,1780099200000,1.329,1.3503,1.3273,1.3479,15265921.4,20436085.63569,1
BYBIT,XRPUSDT,60,1780102800000,1.3479,1.3659,1.3435,1.3561,26881096.6,36460525.06603,1
BYBIT,XRPUSDT,60,1780106400000,1.3561,1.363,1.354,1.3597,9916963.8,13471160.84992,1
BYBIT,XRPUSDT,60,1780110000000,1.3597,1.362,1.3493,1.3497,8781897.8,11903159.04435,1
BYBIT,XRPUSDT,60,1780113600000,1.3497,1.3522,1.3361,1.343,21346601.5,28677295.63866,1
BYBIT,XRPUSDT,60,1780117200000,1.343,1.3501,1.3413,1.3482,13908957.1,18716575.37556,1
BYBIT,XRPUSDT,60,1780120800000,1.3482,1.349,1.3424,1.3449,5806358.7,7813288.79071,1
BYBIT,XRPUSDT,60,1780124400000,1.3449,1.3453,1.34,1.3424,4253281.1,5707749.61391,1
BYBIT,XRPUSDT,60,1780128000000,1.3424,1.3424,1.34,1.3402,2154230.6,2888835.48748,1
BYBIT,XRPUSDT,60,1780131600000,1.3402,1.3458,1.34,1.344,9428295.2,12655112.15839,1
BYBIT,XRPUSDT,60,1780135200000,1.344,1.344,1.3402,1.342,5760607.7,7728034.88434,1
BYBIT,XRPUSDT,60,1780138800000,1.342,1.3437,1.3363,1.34,9313212.4,12482756.98722,1
BYBIT,XRPUSDT,60,1780142400000,1.34,1.342,1.3372,1.3391,4603835.7,6165437.46558,1
BYBIT,XRPUSDT,60,1780146000000,1.3391,1.3411,1.3368,1.3404,4533750.3,6069706.80525,1
BYBIT,XRPUSDT,60,1780149600000,1.3404,1.3466,1.339,1.3423,4738456.2,6364470.92854,1
BYBIT,XRPUSDT,60,1780153200000,1.3423,1.3449,1.3394,1.3417,3291711.1,4416192.26296,1
BYBIT,XRPUSDT,60,1780156800000,1.3417,1.3478,1.3407,1.3473,4523875.9,6087415.07469,1
BYBIT,XRPUSDT,60,1780160400000,1.3473,1.3528,1.3435,1.352,4663168.4,6286961.88453,1
BYBIT,XRPUSDT,60,1780164000000,1.352,1.3534,1.3481,1.3513,2065688.3,2790297.60566,1
BYBIT,XRPUSDT,60,1780167600000,1.3513,1.3513,1.3449,1.3471,4084443.9,5502669.75962,1
BYBIT,XRPUSDT,60,1780171200000,1.3471,1.3494,1.346,1.3474,2138236.0,2882242.84991,1
BYBIT,XRPUSDT,60,1780174800000,1.3474,1.3513,1.3461,1.3495,2585181.1,3489027.25803,1
BYBIT,XRPUSDT,60,1780178400000,1.3495,1.3496,1.337,1.3419,7944381.4,10661415.0986,1
BYBIT,XRPUSDT,60,1780182000000,1.3419,1.3432,1.3376,1.3402,2952297.9,3955385.65184,1
BYBIT,XRPUSDT,60,1780185600000,1.3402,1.3412,1.3372,1.3398,3206329.8,4291991.58603,1
BYBIT,XRPUSDT,60,1780189200000,1.3398,1.3435,1.3396,1.3411,3011520.8,4039535.45076,1
BYBIT,XRPUSDT,60,1780192800000,1.3411,1.3456,1.3352,1.3416,5339503.5,7151400.16792,1
BYBIT,XRPUSDT,60,1780196400000,1.3416,1.3447,1.3406,1.3441,2027780.1,2721823.11815,1
BYBIT,XRPUSDT,60,1780200000000,1.3441,1.3459,1.3421,1.3453,1380320.4,1855879.71465,1
BYBIT,XRPUSDT,60,1780203600000,1.3453,1.3454,1.342,1.3426,1970161.1,2647226.34852,1
BYBIT,XRPUSDT,60,1780207200000,1.3426,1.3426,1.3392,1.3395,3386298.6,4539877.02383,1
BYBIT,XRPUSDT,60,1780210800000,1.3395,1.3395,1.3323,1.3348,8162705.0,10901797.29275,1
BYBIT,XRPUSDT,60,1780214400000,1.3348,1.3391,1.3347,1.3379,3128340.0,4181078.6251,1
BYBIT,XRPUSDT,60,1780218000000,1.3379,1.3422,1.336,1.3386,3146645.6,4214177.06186,1
BYBIT,XRPUSDT,60,1780221600000,1.3386,1.3389,1.3333,1.3365,3885519.7,5189260.82652,1
BYBIT,XRPUSDT,60,1780225200000,1.3365,1.3426,1.3364,1.3412,3766165.6,5045644.11315,1
BYBIT,XRPUSDT,60,1780228800000,1.3412,1.3431,1.3381,1.3418,3789046.2,5081541.88546,1
BYBIT,XRPUSDT,60,1780232400000,1.3418,1.3477,1.341,1.3419,6531120.5,8780498.83005,1
BYBIT,XRPUSDT,60,1780236000000,1.3419,1.3434,1.3258,1.3294,29132698.3,38837234.35907,1
BYBIT,XRPUSDT,60,1780239600000,1.3294,1.3341,1.3281,1.3298,5345148.9,7113795.60824,1
BYBIT,XRPUSDT,60,1780243200000,1.3298,1.3317,1.3198,1.327,19244752.3,25532594.28283,1
BYBIT,XRPUSDT,60,1780246800000,1.327,1.3313,1.3259,1.3304,3733128.2,4959751.52876,1
BYBIT,XRPUSDT,60,1780250400000,1.3304,1.3305,1.3252,1.3267,2445523.9,3246717.58461,1
BYBIT,XRPUSDT,60,1780254000000,1.3267,1.3273,1.3199,1.3257,3313438.5,4384715.19821,1
BYBIT,XRPUSDT,60,1780257600000,1.3257,1.3306,1.3256,1.3301,2235459.3,2969431.34807,1
BYBIT,XRPUSDT,60,1780261200000,1.3301,1.3343,1.3281,1.3338,4379889.8,5828053.6283,1
BYBIT,XRPUSDT,60,1780264800000,1.3338,1.3396,1.3306,1.3367,5924251.3,7914417.70054,1
BYBIT,XRPUSDT,60,1780268400000,1.3367,1.3418,1.3271,1.3322,12149671.3,16196997.56552,1
BYBIT,XRPUSDT,60,1780272000000,1.3322,1.3404,1.3301,1.3372,5042120.6,6733674.2431,1
BYBIT,XRPUSDT,60,1780275600000,1.3372,1.3381,1.321,1.321,7935706.5,10531120.83325,1
BYBIT,XRPUSDT,60,1780279200000,1.321,1.3341,1.3183,1.3302,7783663.6,10325398.34405,1
BYBIT,XRPUSDT,60,1780282800000,1.3302,1.3353,1.3289,1.3303,3616896.0,4817065.00766,1
BYBIT,XRPUSDT,60,1780286400000,1.3303,1.3325,1.3166,1.3216,13877608.4,18353358.76706,1
BYBIT,XRPUSDT,60,1780290000000,1.3216,1.3222,1.3149,1.316,5502582.2,7255690.01899,1
BYBIT,XRPUSDT,60,1780293600000,1.316,1.3166,1.3089,1.3136,9208942.0,12094259.29351,1
BYBIT,XRPUSDT,60,1780297200000,1.3136,1.3141,1.3023,1.303,8025043.8,10490161.54504,1
BYBIT,XRPUSDT,60,1780300800000,1.303,1.3069,1.2978,1.3026,11338646.8,14761135.96474,1
BYBIT,XRPUSDT,60,1780304400000,1.3026,1.309,1.3026,1.3039,6275872.3,8194962.36175,1
BYBIT,XRPUSDT,60,1780308000000,1.3039,1.3071,1.3009,1.3054,4204366.4,5479603.6152,1
BYBIT,XRPUSDT,60,1780311600000,1.3054,1.3072,1.3003,1.3028,4716928.0,6149928.78743,1
BYBIT,XRPUSDT,60,1780315200000,1.3028,1.3059,1.2947,1.302,10436430.2,13571883.55247,1
BYBIT,XRPUSDT,60,1780318800000,1.302,1.3024,1.2851,1.2895,25864227.7,33453329.5944,1
BYBIT,XRPUSDT,60,1780322400000,1.2895,1.292,1.2811,1.2851,15098908.8,19416431.99512,1
BYBIT,XRPUSDT,60,1780326000000,1.2851,1.2896,1.2789,1.2814,12458493.6,15992508.1523,1
BYBIT,XRPUSDT,60,1780329600000,1.2814,1.2931,1.279,1.2931,9421449.8,12112165.12321,1
BYBIT,XRPUSDT,60,1780333200000,1.2931,1.3045,1.2924,1.2998,12335440.4,16033217.89744,1
BYBIT,XRPUSDT,60,1780336800000,1.2998,1.3024,1.2945,1.2956,4889428.3,6347938.30041,1
BYBIT,XRPUSDT,60,1780340400000,1.2956,1.3007,1.2936,1.2992,2959669.5,3840633.23223,1
BYBIT,XRPUSDT,60,1780344000000,1.2992,1.2998,1.2951,1.2981,4989176.3,6473937.41507,1
BYBIT,XRPUSDT,60,1780347600000,1.2981,1.2983,1.2905,1.2911,6614674.6,8554736.66984,1
BYBIT,XRPUSDT,60,1780351200000,1.2911,1.3011,1.286,1.2999,13547446.0,17532115.11742,1
BYBIT,XRPUSDT,60,1780354800000,1.2999,1.3006,1.2925,1.2967,5514490.2,7156635.46565,1
BYBIT,XRPUSDT,60,1780358400000,1.2967,1.2968,1.2876,1.2886,5952769.0,7689702.93976,1
BYBIT,XRPUSDT,60,1780362000000,1.2886,1.2904,1.2785,1.279,10299579.7,13223432.63155,1
BYBIT,XRPUSDT,60,1780365600000,1.279,1.2845,1.2673,1.2837,20407541.5,26018563.90912,1
BYBIT,XRPUSDT,60,1780369200000,1.2837,1.2884,1.2814,1.2876,6487623.9,8338447.72214,1
BYBIT,XRPUSDT,60,1780372800000,1.2876,1.2892,1.2794,1.2796,12733863.1,16324520.33472,1
BYBIT,XRPUSDT,60,1780376400000,1.2796,1.2804,1.2651,1.2669,22906372.8,29126367.08855,1
BYBIT,XRPUSDT,60,1780380000000,1.2669,1.2716,1.2613,1.2649,13732221.7,17394003.20878,1
BYBIT,XRPUSDT,60,1780383600000,1.2649,1.2711,1.2576,1.2674,13895236.7,17574799.95381,1
BYBIT,XRPUSDT,60,1780387200000,1.2674,1.2686,1.2614,1.264,6581455.5,8325964.13496,1
BYBIT,XRPUSDT,60,1780390800000,1.264,1.2645,1.2564,1.259,8354152.1,10523090.06937,1
BYBIT,XRPUSDT,60,1780394400000,1.259,1.2672,1.2568,1.2663,6208884.1,7842344.3423,1
BYBIT,XRPUSDT,60,1780398000000,1.2663,1.2663,1.2586,1.2602,4799213.4,6053137.61958,1
BYBIT,XRPUSDT,60,1780401600000,1.2602,1.2653,1.2582,1.2632,4355703.4,5494474.07806,1
BYBIT,XRPUSDT,60,1780405200000,1.2632,1.2683,1.2594,1.2611,16004540.1,20221892.80833,1
BYBIT,XRPUSDT,60,1780408800000,1.2611,1.2614,1.2263,1.2344,68218503.2,84595554.71681,1
BYBIT,XRPUSDT,60,1780412400000,1.2344,1.2365,1.2139,1.2213,46090567.1,56401933.88383,1
BYBIT,XRPUSDT,60,1780416000000,1.2213,1.2425,1.2191,1.2318,15738330.3,19419577.60933,1
BYBIT,XRPUSDT,60,1780419600000,1.2318,1.2428,1.2308,1.2356,6843023.5,8464485.68183,1
BYBIT,XRPUSDT,60,1780423200000,1.2356,1.2397,1.217,1.2233,17273162.1,21202989.49132,1
BYBIT,XRPUSDT,60,1780426800000,1.2233,1.2301,1.2055,1.221,23821400.6,28959623.05432,1
BYBIT,XRPUSDT,60,1780430400000,1.221,1.2269,1.2121,1.2224,12462982.8,15195651.2084,1
BYBIT,XRPUSDT,60,1780434000000,1.2224,1.2315,1.2185,1.2254,8424692.0,10325185.12291,1
BYBIT,XRPUSDT,60,1780437600000,1.2254,1.2254,1.1934,1.2001,30433254.1,36764803.18427,1
BYBIT,XRPUSDT,60,1780441200000,1.2001,1.2119,1.1964,1.2111,15365742.8,18499393.66569,1
BYBIT,XRPUSDT,60,1780444800000,1.2111,1.2249,1.2111,1.2234,10340042.6,12620846.02472,1
BYBIT,XRPUSDT,60,1780448400000,1.2234,1.2312,1.2176,1.2226,7906465.2,9677606.28905,1
BYBIT,XRPUSDT,60,1780452000000,1.2226,1.2235,1.2166,1.2196,3679934.7,4489797.94143,1
BYBIT,XRPUSDT,60,1780455600000,1.2196,1.2223,1.1888,1.197,22780816.1,27397421.83261,1
BYBIT,XRPUSDT,60,1780459200000,1.197,1.2185,1.1969,1.218,15790299.3,19125870.04711,1
BYBIT,XRPUSDT,60,1780462800000,1.218,1.2343,1.218,1.2318,16856177.9,20708651.3247,1
BYBIT,XRPUSDT,60,1780466400000,1.2318,1.2458,1.2311,1.2383,17714705.9,21940218.36936,1
BYBIT,XRPUSDT,60,1780470000000,1.2383,1.2484,1.2369,1.2426,8094004.4,10066770.393,1
BYBIT,XRPUSDT,60,1780473600000,1.2426,1.2451,1.238,1.2421,7480958.9,9283080.16835,1
BYBIT,XRPUSDT,60,1780477200000,1.2421,1.2448,1.2347,1.2377,11777682.5,14598524.32065,1
BYBIT,XRPUSDT,60,1780480800000,1.2377,1.2441,1.237,1.2412,5816138.2,7218675.94075,1
BYBIT,XRPUSDT,60,1780484400000,1.2412,1.2443,1.2317,1.2362,13389655.0,16548102.19513,1
BYBIT,XRPUSDT,60,1780488000000,1.2362,1.237,1.2302,1.2349,7016322.0,8655831.46766,1
BYBIT,XRPUSDT,60,1780491600000,1.2349,1.237,1.2252,1.2305,9815327.7,12078571.04937,1
BYBIT,XRPUSDT,60,1780495200000,1.2305,1.2342,1.2213,1.2304,18440266.7,22681287.71789,1
BYBIT,XRPUSDT,60,1780498800000,1.2304,1.2314,1.2203,1.2247,13201809.7,16171799.75801,1
BYBIT,XRPUSDT,60,1780502400000,1.2247,1.2281,1.2081,1.2224,34957590.4,42538147.86193,1
BYBIT,XRPUSDT,60,1780506000000,1.2224,1.2283,1.2128,1.2207,9761615.5,11911239.04312,1
BYBIT,XRPUSDT,60,1780509600000,1.2207,1.2241,1.2122,1.2178,5836884.9,7104513.3748,1
BYBIT,XRPUSDT,60,1780513200000,1.2178,1.219,1.201,1.2034,21648150.1,26203917.05338,1
BYBIT,XRPUSDT,60,1780516800000,1.2034,1.2073,1.1852,1.1929,31606171.9,37834988.56312,1
BYBIT,XRPUSDT,60,1780520400000,1.1929,1.2199,1.1907,1.2177,15385807.4,18580346.33383,1
BYBIT,XRPUSDT,60,1780524000000,1.2177,1.2197,1.2034,1.2058,10557146.7,12780846.03629,1
BYBIT,XRPUSDT,60,1780527600000,1.2058,1.2069,1.1972,1.2005,7309894.8,8782721.53037,1
BYBIT,XRPUSDT,60,1780531200000,1.2005,1.2072,1.186,1.1927,17213162.3,20557096.0504,1
BYBIT,XRPUSDT,60,1780534800000,1.1927,1.1958,1.1557,1.1607,33528869.2,39281954.68149,1
BYBIT,XRPUSDT,60,1780538400000,1.1607,1.1866,1.1403,1.1812,52511320.0,61189641.16746,1
BYBIT,XRPUSDT,60,1780542000000,1.1812,1.2106,1.1808,1.2087,24375747.7,29325991.81496,1
BYBIT,XRPUSDT,60,1780545600000,1.2087,1.2115,1.1998,1.2011,13802021.9,16640188.28602,1
BYBIT,XRPUSDT,60,1780549200000,1.2011,1.2011,1.1837,1.1875,15237799.6,18138846.05608,1
BYBIT,XRPUSDT,60,1780552800000,1.1875,1.1997,1.186,1.1886,7655777.4,9138752.63122,1
BYBIT,XRPUSDT,60,1780556400000,1.1886,1.1895,1.1668,1.1671,16771577.9,19728346.15981,1
BYBIT,XRPUSDT,60,1780560000000,1.1671,1.1716,1.1604,1.1672,15554628.8,18129674.5111,1
BYBIT,XRPUSDT,60,1780563600000,1.1672,1.1678,1.1443,1.1612,23508573.7,27098647.40105,1
BYBIT,XRPUSDT,60,1780567200000,1.1612,1.162,1.1421,1.1475,28545768.2,32820245.39893,1
BYBIT,XRPUSDT,60,1780570800000,1.1475,1.1582,1.1406,1.155,24072603.8,27613806.09022,1
BYBIT,XRPUSDT,60,1780574400000,1.155,1.1815,1.1494,1.1792,20338788.4,23751735.56514,1
BYBIT,XRPUSDT,60,1780578000000,1.1792,1.183,1.1619,1.1786,18910448.2,22210324.80395,1
BYBIT,XRPUSDT,60,1780581600000,1.1786,1.1822,1.1675,1.1723,9632592.8,11309565.94091,1
BYBIT,XRPUSDT,60,1780585200000,1.1723,1.1822,1.1652,1.1681,13013939.1,15284148.54222,1
BYBIT,XRPUSDT,60,1780588800000,1.1681,1.1729,1.1598,1.1694,9492900.3,11064800.44605,1
BYBIT,XRPUSDT,60,1780592400000,1.1694,1.1748,1.1588,1.169,10022237.4,11686999.33361,1
BYBIT,XRPUSDT,60,1780596000000,1.169,1.1829,1.1625,1.1789,13569361.1,15939241.49925,1
BYBIT,XRPUSDT,60,1780599600000,1.1789,1.184,1.1723,1.1745,13798466.1,16248044.93168,1
BYBIT,XRPUSDT,60,1780603200000,1.1745,1.1774,1.166,1.1753,8488762.4,9955560.85067,1
BYBIT,XRPUSDT,60,1780606800000,1.1753,1.1785,1.1548,1.1582,10022059.5,11688480.98608,1
BYBIT,XRPUSDT,60,1780610400000,1.1582,1.1695,1.154,1.1686,12089789.0,14023947.93175,1
BYBIT,XRPUSDT,60,1780614000000,1.1686,1.1715,1.1579,1.168,6922753.9,8069804.01437,1
BYBIT,XRPUSDT,60,1780617600000,1.168,1.1742,1.1598,1.1606,7319304.3,8543759.23925,1
BYBIT,XRPUSDT,60,1780621200000,1.1606,1.1613,1.1503,1.1566,11221379.0,12959749.71433,1
BYBIT,XRPUSDT,60,1780624800000,1.1566,1.1575,1.1339,1.1343,20011919.0,22878454.64045,1
BYBIT,XRPUSDT,60,1780628400000,1.1343,1.1472,1.1321,1.134,14083876.0,16026100.92762,1
BYBIT,XRPUSDT,60,1780632000000,1.134,1.1482,1.1297,1.1471,18447871.8,21016005.57384,1
BYBIT,XRPUSDT,60,1780635600000,1.1471,1.1485,1.1193,1.1199,23407047.9,26451515.56647,1
BYBIT,XRPUSDT,60,1780639200000,1.1199,1.1258,1.0904,1.1181,69743975.9,77276003.81513,1
BYBIT,XRPUSDT,60,1780642800000,1.1181,1.1376,1.1043,1.1356,31810192.8,35720017.5571,1
BYBIT,XRPUSDT,60,1780646400000,1.1356,1.1357,1.1159,1.1185,12024233.3,13528019.55731,1
BYBIT,XRPUSDT,60,1780650000000,1.1185,1.1401,1.1183,1.1399,25099433.3,28406037.91287,1
BYBIT,XRPUSDT,60,1780653600000,1.1399,1.1458,1.1302,1.1356,10776928.9,12261259.17438,1
BYBIT,XRPUSDT,60,1780657200000,1.1356,1.1356,1.1176,1.1183,20217363.0,22754444.93573,1
BYBIT,XRPUSDT,60,1780660800000,1.1183,1.1254,1.1093,1.1191,20541990.4,22943042.25653,1
BYBIT,XRPUSDT,60,1780664400000,1.1191,1.1383,1.1008,1.1017,41984895.6,47204253.23486,1
BYBIT,XRPUSDT,60,1780668000000,1.1017,1.1178,1.097,1.1064,30230356.0,33494333.99705,1
BYBIT,XRPUSDT,60,1780671600000,1.1064,1.1092,1.0916,1.0995,41736911.0,45930390.13737,1
BYBIT,XRPUSDT,60,1780675200000,1.0995,1.1232,1.0835,1.1199,61068924.6,67426028.6861,1
BYBIT,XRPUSDT,60,1780678800000,1.1199,1.1217,1.0998,1.1082,15016744.7,16658313.34199,1
BYBIT,XRPUSDT,60,1780682400000,1.1082,1.113,1.0798,1.0829,24549823.0,26871911.17741,1
BYBIT,XRPUSDT,60,1780686000000,1.0829,1.1038,1.0687,1.0981,27505086.0,29851016.3656,1
BYBIT,XRPUSDT,60,1780689600000,1.0981,1.1178,1.0848,1.1148,24360065.8,26911867.49407,1
BYBIT,XRPUSDT,60,1780693200000,1.1148,1.1198,1.1103,1.111,11459930.1,12777428.28102,1
BYBIT,XRPUSDT,60,1780696800000,1.111,1.111,1.0931,1.1053,27958444.6,30807884.7782,1
BYBIT,XRPUSDT,60,1780700400000,1.1053,1.1154,1.0863,1.097,26399331.5,29065183.52775,1
BYBIT,XRPUSDT,60,1780704000000,1.097,1.1125,1.097,1.1104,16460675.8,18227366.49793,1
BYBIT,XRPUSDT,60,1780707600000,1.1104,1.1139,1.0994,1.1005,8239206.1,9111564.77318,1
BYBIT,XRPUSDT,60,1780711200000,1.1005,1.1028,1.0912,1.0949,9925507.5,10887589.53271,1
BYBIT,XRPUSDT,60,1780714800000,1.0949,1.095,1.0829,1.0852,19496680.8,21198044.97799,1
BYBIT,XRPUSDT,60,1780718400000,1.0852,1.0897,1.0509,1.0572,47036735.2,50022650.69157,1
BYBIT,XRPUSDT,60,1780722000000,1.0572,1.0909,1.049,1.089,62313892.7,67038441.00993,1
BYBIT,XRPUSDT,60,1780725600000,1.089,1.1007,1.0803,1.0822,21773165.0,23784763.07901,1
BYBIT,XRPUSDT,60,1780729200000,1.0822,1.1,1.081,1.0916,13994434.8,15286855.93847,1
BYBIT,XRPUSDT,60,1780732800000,1.0916,1.1037,1.0892,1.0983,12112529.7,13301097.58269,1
BYBIT,XRPUSDT,60,1780736400000,1.0983,1.1026,1.0875,1.0909,16902622.0,18473532.41806,1
BYBIT,XRPUSDT,60,1780740000000,1.0909,1.0909,1.0717,1.0795,23439061.9,25289953.07542,1
BYBIT,XRPUSDT,60,1780743600000,1.0795,1.0887,1.0787,1.0869,8786287.0,9521048.00859,1
BYBIT,XRPUSDT,60,1780747200000,1.0869,1.0986,1.0802,1.0957,19827708.2,21580067.31128,1
BYBIT,XRPUSDT,60,1780750800000,1.0957,1.1021,1.0909,1.0977,8865699.9,9714732.72982,1
BYBIT,XRPUSDT,60,1780754400000,1.0977,1.1093,1.0971,1.1023,12334124.2,13627078.28021,1
BYBIT,XRPUSDT,60,1780758000000,1.1023,1.1033,1.0856,1.0954,27950733.5,30561286.59287,1
BYBIT,XRPUSDT,60,1780761600000,1.0954,1.1011,1.0867,1.0949,16052899.2,17573748.34093,1
BYBIT,XRPUSDT,60,1780765200000,1.0949,1.0972,1.08,1.0818,15546835.3,16891564.69669,1
BYBIT,XRPUSDT,60,1780768800000,1.0818,1.0877,1.0785,1.084,9985952.9,10807352.39353,1
BYBIT,XRPUSDT,60,1780772400000,1.084,1.0892,1.0798,1.0801,6786455.4,7359304.88395,1
BYBIT,XRPUSDT,60,1780776000000,1.0801,1.085,1.0769,1.084,7737310.9,8360069.79547,1
BYBIT,XRPUSDT,60,1780779600000,1.084,1.0954,1.0839,1.0871,7845575.4,8549877.81806,1
BYBIT,XRPUSDT,60,1780783200000,1.0871,1.0891,1.0805,1.0857,5925309.2,6427106.54981,1
BYBIT,XRPUSDT,60,1780786800000,1.0857,1.0942,1.0848,1.0927,4331054.1,4720484.52236,1
BYBIT,XRPUSDT,60,1780790400000,1.0927,1.0971,1.0885,1.0885,5832320.9,6371362.06389,1
BYBIT,XRPUSDT,60,1780794000000,1.0885,1.1197,1.0877,1.1156,24558295.3,27203693.19598,1
BYBIT,XRPUSDT,60,1780797600000,1.1156,1.1233,1.1065,1.1185,12071612.1,13454189.12822,1
BYBIT,XRPUSDT,60,1780801200000,1.1185,1.1244,1.1144,1.1177,8241845.5,9225711.2353,1
BYBIT,XRPUSDT,60,1780804800000,1.1177,1.1217,1.1094,1.1207,7185674.7,8016653.45995,1
BYBIT,XRPUSDT,60,1780808400000,1.1207,1.126,1.1181,1.1193,8825736.3,9902322.8951,1
BYBIT,XRPUSDT,60,1780812000000,1.1193,1.1288,1.1153,1.125,11245137.1,12638584.41316,1
BYBIT,XRPUSDT,60,1780815600000,1.125,1.1365,1.1217,1.1361,11673877.3,13190446.47969,1
BYBIT,XRPUSDT,60,1780819200000,1.1361,1.156,1.1294,1.1549,19810658.4,22619339.41646,1
BYBIT,XRPUSDT,60,1780822800000,1.1549,1.1698,1.1448,1.1453,31095347.1,36018851.72532,1
BYBIT,XRPUSDT,60,1780826400000,1.1453,1.1467,1.1317,1.1346,11884307.0,13528522.08969,1
BYBIT,XRPUSDT,60,1780830000000,1.1346,1.1403,1.1322,1.1395,8268545.8,9399143.88073,1
BYBIT,XRPUSDT,60,1780833600000,1.1395,1.1398,1.1175,1.123,22547162.1,25345435.1968,1
BYBIT,XRPUSDT,60,1780837200000,1.123,1.1244,1.1201,1.1216,4354154.1,4884643.9712,1
BYBIT,XRPUSDT,60,1780840800000,1.1216,1.1366,1.1214,1.1325,11012705.6,12447217.59416,1
BYBIT,XRPUSDT,60,1780844400000,1.1325,1.1363,1.1278,1.1334,6373654.7,7217760.47548,1
BYBIT,XRPUSDT,60,1780848000000,1.1334,1.1387,1.1297,1.1371,7270169.3,8250673.10453,1
BYBIT,XRPUSDT,60,1780851600000,1.1371,1.1455,1.1357,1.1436,8425259.8,9625634.34955,1
BYBIT,XRPUSDT,60,1780855200000,1.1436,1.1505,1.1398,1.1406,6946720.1,7958109.47254,1
BYBIT,XRPUSDT,60,1780858800000,1.1406,1.1407,1.12,1.1238,24245614.9,27325433.03534,1
BYBIT,XRPUSDT,60,1780862400000,1.1238,1.1357,1.1208,1.1317,8221380.4,9295005.1836,1
BYBIT,XRPUSDT,60,1780866000000,1.1317,1.1339,1.1247,1.1297,4743564.6,5352733.00142,1
BYBIT,XRPUSDT,60,1780869600000,1.1297,1.1713,1.1277,1.1527,44223148.9,51105133.15801,1
BYBIT,XRPUSDT,60,1780873200000,1.1527,1.16,1.1497,1.1551,9322642.2,10770114.26678,1
BYBIT,XRPUSDT,60,1780876800000,1.1551,1.1673,1.148,1.1625,15026063.8,17391963.37852,1
BYBIT,XRPUSDT,60,1780880400000,1.1625,1.1644,1.1417,1.1564,15461553.5,17803414.07745,1
BYBIT,XRPUSDT,60,1780884000000,1.1564,1.161,1.1515,1.1557,10003522.3,11567426.96662,1
BYBIT,XRPUSDT,60,1780887600000,1.1557,1.1605,1.1483,1.1511,5841304.6,6736694.89294,1
BYBIT,XRPUSDT,60,1780891200000,1.1511,1.152,1.1385,1.1395,10149071.0,11604706.04559,1
BYBIT,XRPUSDT,60,1780894800000,1.1395,1.1428,1.1309,1.1358,9246879.0,10503199.60973,1
BYBIT,XRPUSDT,60,1780898400000,1.1358,1.1428,1.1353,1.1404,6932423.8,7898809.10004,1
BYBIT,XRPUSDT,60,1780902000000,1.1404,1.1503,1.1372,1.1473,7475635.8,8558865.09431,1
BYBIT,XRPUSDT,60,1780905600000,1.1473,1.1473,1.1353,1.139,5675665.3,6472215.76631,1
BYBIT,XRPUSDT,60,1780909200000,1.139,1.1495,1.1388,1.1495,8731013.8,9994649.76212,1
BYBIT,XRPUSDT,60,1780912800000,1.1495,1.152,1.1426,1.1444,8443906.9,9688348.75457,1
BYBIT,XRPUSDT,60,1780916400000,1.1444,1.1649,1.1424,1.1572,15490997.2,17923601.52487,1
BYBIT,XRPUSDT,60,1780920000000,1.1572,1.1698,1.1455,1.1693,18482634.7,21374874.59132,1
BYBIT,XRPUSDT,60,1780923600000,1.1693,1.17,1.1552,1.1618,15115868.0,17574814.08779,1
BYBIT,XRPUSDT,60,1780927200000,1.1618,1.1748,1.1562,1.1723,16565536.9,19329746.45317,1
BYBIT,XRPUSDT,60,1780930800000,1.1723,1.1844,1.1682,1.1703,16472703.9,19357569.36926,1
BYBIT,XRPUSDT,60,1780934400000,1.1703,1.1767,1.163,1.1639,10516652.7,12290100.396,1
BYBIT,XRPUSDT,60,1780938000000,1.1639,1.1721,1.1572,1.172,12502551.3,14536333.12718,1
BYBIT,XRPUSDT,60,1780941600000,1.172,1.1791,1.1706,1.1739,7855864.1,9229996.91887,1
BYBIT,XRPUSDT,60,1780945200000,1.1739,1.186,1.1728,1.179,18309983.3,21599279.50613,1
BYBIT,XRPUSDT,60,1780948800000,1.179,1.181,1.1681,1.1766,12312196.9,14458647.02217,1
BYBIT,XRPUSDT,60,1780952400000,1.1766,1.1857,1.1766,1.1799,9302522.9,10990298.82134,1
BYBIT,XRPUSDT,60,1780956000000,1.1799,1.1799,1.1709,1.1768,8382831.1,9850057.20365,1
BYBIT,XRPUSDT,60,1780959600000,1.1768,1.181,1.1656,1.1676,6576954.7,7700159.42551,1
BYBIT,XRPUSDT,60,1780963200000,1.1676,1.1707,1.1504,1.1518,37357377.8,43176595.10973,1
BYBIT,XRPUSDT,60,1780966800000,1.1518,1.1566,1.1485,1.1503,8593835.2,9904952.65497,1
BYBIT,XRPUSDT,60,1780970400000,1.1503,1.1539,1.1423,1.1518,7239250.2,8310269.03263,1
BYBIT,XRPUSDT,60,1780974000000,1.1518,1.1555,1.1497,1.1541,5163781.3,5952079.08524,1
BYBIT,XRPUSDT,60,1780977600000,1.1541,1.1725,1.15,1.1658,21845283.0,25383743.62134,1
BYBIT,XRPUSDT,60,1780981200000,1.1658,1.1758,1.1618,1.1725,8848951.2,10350045.7946,1
BYBIT,XRPUSDT,60,1780984800000,1.1725,1.1768,1.1706,1.1722,7871162.6,9232794.41789,1
BYBIT,XRPUSDT,60,1780988400000,1.1722,1.1758,1.1658,1.1707,8080002.5,9454845.64586,1
BYBIT,XRPUSDT,60,1780992000000,1.1707,1.1718,1.1636,1.1669,8449794.8,9861224.2045,1
BYBIT,XRPUSDT,60,1780995600000,1.1669,1.1695,1.1581,1.1588,13982382.2,16238708.65213,1
BYBIT,XRPUSDT,60,1780999200000,1.1588,1.16,1.1542,1.1583,8857961.3,10252533.62651,1
BYBIT,XRPUSDT,60,1781002800000,1.1583,1.1585,1.1519,1.1547,6417950.1,7408121.18203,1
BYBIT,XRPUSDT,60,1781006400000,1.1547,1.1635,1.1539,1.1625,13207137.2,15308795.11237,1
BYBIT,XRPUSDT,60,1781010000000,1.1625,1.1662,1.1534,1.1571,10211537.2,11840840.37058,1
BYBIT,XRPUSDT,60,1781013600000,1.1571,1.1593,1.1298,1.1366,28649643.8,32691323.8553,1
BYBIT,XRPUSDT,60,1781017200000,1.1366,1.1415,1.1262,1.1269,24516702.3,27844410.80672,1
BYBIT,XRPUSDT,60,1781020800000,1.1269,1.1312,1.1178,1.1274,19309690.8,21726903.69506,1
BYBIT,XRPUSDT,60,1781024400000,1.1274,1.1466,1.1272,1.1376,15686980.8,17848259.37827,1
BYBIT,XRPUSDT,60,1781028000000,1.1376,1.1457,1.1351,1.1383,5204749.5,5931344.67337,1
BYBIT,XRPUSDT,60,1781031600000,1.1383,1.1447,1.1353,1.1395,7720537.5,8805420.69181,1
BYBIT,XRPUSDT,60,1781035200000,1.1395,1.1451,1.1383,1.1432,4094082.5,4671155.71141,1
BYBIT,XRPUSDT,60,1781038800000,1.1432,1.1438,1.134,1.1362,5103470.3,5808451.13351,1
BYBIT,XRPUSDT,60,1781042400000,1.1362,1.1412,1.1333,1.135,6100268.1,6936023.9113,1
BYBIT,XRPUSDT,60,1781046000000,1.135,1.1389,1.1332,1.1369,4395702.3,4993158.8558,1
BYBIT,XRPUSDT,60,1781049600000,1.1369,1.1406,1.1266,1.1365,8516064.9,9641781.1616,1
BYBIT,XRPUSDT,60,1781053200000,1.1365,1.1369,1.1267,1.1287,6579842.4,7442016.00487,1
BYBIT,XRPUSDT,60,1781056800000,1.1287,1.1306,1.1137,1.1168,9342364.5,10461615.31816,1
BYBIT,XRPUSDT,60,1781060400000,1.1168,1.1234,1.1161,1.1188,5399570.3,6046897.2018,1
BYBIT,XRPUSDT,60,1781064000000,1.1188,1.1219,1.1125,1.1156,6323832.5,7058558.26956,1
BYBIT,XRPUSDT,60,1781067600000,1.1156,1.117,1.1089,1.1116,7637446.8,8497330.50782,1
BYBIT,XRPUSDT,60,1781071200000,1.1116,1.1142,1.1061,1.1111,7008363.8,7784323.96356,1
BYBIT,XRPUSDT,60,1781074800000,1.1111,1.1193,1.111,1.1161,6838265.5,7630148.39265,1
BYBIT,XRPUSDT,60,1781078400000,1.1161,1.1163,1.1039,1.1071,12479110.3,13833714.59012,1
BYBIT,XRPUSDT,60,1781082000000,1.1071,1.1099,1.1,1.1094,11295073.0,12476992.89716,1
BYBIT,XRPUSDT,60,1781085600000,1.1094,1.1109,1.1047,1.1104,4115304.1,4562639.48807,1
BYBIT,XRPUSDT,60,1781089200000,1.1104,1.1107,1.1011,1.1037,14507946.9,16032099.0851,1
BYBIT,XRPUSDT,60,1781092800000,1.1037,1.1244,1.1016,1.1172,21152797.1,23571396.17525,1
BYBIT,XRPUSDT,60,1781096400000,1.1172,1.1374,1.1152,1.1296,41688499.9,47048671.44274,1
BYBIT,XRPUSDT,60,1781100000000,1.1296,1.13,1.117,1.1241,15337219.0,17230286.79204,1
BYBIT,XRPUSDT,60,1781103600000,1.1241,1.1328,1.1178,1.128,14759310.8,16605113.7904,1
BYBIT,XRPUSDT,60,1781107200000,1.128,1.1295,1.1074,1.1135,15747051.4,17593623.16606,1
BYBIT,XRPUSDT,60,1781110800000,1.1135,1.1179,1.103,1.1096,12893456.8,14297635.98438,1
BYBIT,XRPUSDT,60,1781114400000,1.1096,1.1107,1.0982,1.1067,13721972.2,15141507.9112,1
BYBIT,XRPUSDT,60,1781118000000,1.1067,1.1068,1.0939,1.0973,15010069.3,16501462.71949,1
BYBIT,XRPUSDT,60,1781121600000,1.0973,1.1032,1.0931,1.0987,8946094.6,9825082.34107,1
BYBIT,XRPUSDT,60,1781125200000,1.0987,1.0987,1.0873,1.0919,10263090.7,11212300.31077,1
BYBIT,XRPUSDT,60,1781128800000,1.0919,1.099,1.0896,1.0941,8538658.6,9339851.76435,1
BYBIT,XRPUSDT,60,1781132400000,1.0941,1.0989,1.0887,1.0962,9612368.0,10522131.84577,1
BYBIT,XRPUSDT,60,1781136000000,1.0962,1.1034,1.0957,1.1014,10308929.9,11341935.48469,1
BYBIT,XRPUSDT,60,1781139600000,1.1014,1.1193,1.1013,1.1151,18442712.3,20509665.64742,1
BYBIT,XRPUSDT,60,1781143200000,1.1151,1.1174,1.1044,1.1087,8881034.0,9849309.67734,1
BYBIT,XRPUSDT,60,1781146800000,1.1087,1.1238,1.1052,1.1194,19510564.6,21789455.73389,1
BYBIT,XRPUSDT,60,1781150400000,1.1194,1.121,1.1143,1.119,6858209.7,7665054.31214,1
BYBIT,XRPUSDT,60,1781154000000,1.119,1.1193,1.1141,1.1142,5266264.4,5878918.20663,1
BYBIT,XRPUSDT,60,1781157600000,1.1142,1.1206,1.1115,1.1142,7784266.9,8689237.98019,1
BYBIT,XRPUSDT,60,1781161200000,1.1142,1.1169,1.1112,1.1148,3087926.6,3439516.80482,1
BYBIT,XRPUSDT,60,1781164800000,1.1148,1.1234,1.1147,1.1205,5982703.4,6702772.90553,1
BYBIT,XRPUSDT,60,1781168400000,1.1205,1.1212,1.1159,1.1167,4764431.9,5327474.21654,1
BYBIT,XRPUSDT,60,1781172000000,1.1167,1.1251,1.1141,1.1213,22230453.0,24884737.39607,1
BYBIT,XRPUSDT,60,1781175600000,1.1213,1.1259,1.1183,1.1218,6947453.3,7789290.45177,1
BYBIT,XRPUSDT,60,1781179200000,1.1218,1.1218,1.108,1.1133,16281970.2,18130854.03258,1
BYBIT,XRPUSDT,60,1781182800000,1.1133,1.1197,1.1073,1.116,10478932.9,11669202.93559,1
BYBIT,XRPUSDT,60,1781186400000,1.116,1.1183,1.1101,1.1124,5944021.5,6621802.03618,1
BYBIT,XRPUSDT,60,1781190000000,1.1124,1.1176,1.1065,1.1125,11255290.6,12506337.23486,1
BYBIT,XRPUSDT,60,1781193600000,1.1125,1.115,1.1055,1.1075,7546456.4,8373544.53,1
BYBIT,XRPUSDT,60,1781197200000,1.1075,1.1443,1.1036,1.1387,39940123.0,44937642.12999,1
BYBIT,XRPUSDT,60,1781200800000,1.1387,1.146,1.1333,1.1373,14464949.0,16470550.99931,1
BYBIT,XRPUSDT,60,1781204400000,1.1373,1.1495,1.1336,1.1427,15169956.4,17329982.21929,1
BYBIT,XRPUSDT,60,1781208000000,1.1427,1.1434,1.1316,1.1354,11498458.8,13064960.96496,1
BYBIT,XRPUSDT,60,1781211600000,1.1354,1.1429,1.1348,1.1407,6954599.3,7926497.65528,1
BYBIT,XRPUSDT,60,1781215200000,1.1407,1.1462,1.1394,1.1425,7925318.2,9058809.37578,1
BYBIT,XRPUSDT,60,1781218800000,1.1425,1.1437,1.138,1.1421,6968640.5,7950445.47399,1
BYBIT,XRPUSDT,60,1781222400000,1.1421,1.1447,1.1383,1.1417,4155799.1,4744624.95093,1
BYBIT,XRPUSDT,60,1781226000000,1.1417,1.1417,1.1352,1.1392,4498419.8,5120274.88658,1
BYBIT,XRPUSDT,60,1781229600000,1.1392,1.1497,1.1391,1.1455,6537268.7,7483238.81406,1
BYBIT,XRPUSDT,60,1781233200000,1.1455,1.146,1.1401,1.1436,4028772.6,4605351.32612,1
BYBIT,XRPUSDT,60,1781236800000,1.1436,1.151,1.1417,1.1459,7419153.1,8503068.76006,1
BYBIT,XRPUSDT,60,1781240400000,1.1459,1.1463,1.1382,1.1393,5944732.9,6784844.5376,1
BYBIT,XRPUSDT,60,1781244000000,1.1393,1.1409,1.1268,1.1294,11501383.5,13024098.54294,1
BYBIT,XRPUSDT,60,1781247600000,1.1294,1.1358,1.1294,1.133,3895202.8,4411376.35578,1
BYBIT,XRPUSDT,60,1781251200000,1.133,1.1444,1.133,1.1419,6427551.0,7329891.75756,1
BYBIT,XRPUSDT,60,1781254800000,1.1419,1.1513,1.1388,1.1461,7813703.4,8959390.18521,1
BYBIT,XRPUSDT,60,1781258400000,1.1461,1.1484,1.1395,1.1427,6347731.4,7260381.10983,1
BYBIT,XRPUSDT,60,1781262000000,1.1427,1.1447,1.1401,1.1408,5175882.1,5914254.52047,1
BYBIT,XRPUSDT,60,1781265600000,1.1408,1.1417,1.1338,1.1352,6404592.0,7281991.57784,1
BYBIT,XRPUSDT,60,1781269200000,1.1352,1.1366,1.1242,1.1295,15707633.9,17756738.06626,1
BYBIT,XRPUSDT,60,1781272800000,1.1295,1.1504,1.1279,1.1481,20084310.9,22868532.00458,1
BYBIT,XRPUSDT,60,1781276400000,1.1481,1.1573,1.1264,1.1278,44971397.6,51362202.06103,1
BYBIT,XRPUSDT,60,1781280000000,1.1278,1.136,1.1251,1.135,17140462.0,19389816.10911,1
BYBIT,XRPUSDT,60,1781283600000,1.135,1.1382,1.1295,1.1315,6500704.8,7369279.70852,1
BYBIT,XRPUSDT,60,1781287200000,1.1315,1.1343,1.1264,1.1296,4734640.5,5351688.34479,1
BYBIT,XRPUSDT,60,1781290800000,1.1296,1.1362,1.1295,1.1307,4678548.5,5297223.86317,1
BYBIT,XRPUSDT,60,1781294400000,1.1307,1.1344,1.1292,1.1322,4739975.5,5362803.7933,1
BYBIT,XRPUSDT,60,1781298000000,1.1322,1.1344,1.129,1.1292,3462573.5,3920382.45497,1
BYBIT,XRPUSDT,60,1781301600000,1.1292,1.1317,1.1274,1.1302,3569520.9,4031483.40497,1
BYBIT,XRPUSDT,60,1781305200000,1.1302,1.1324,1.1277,1.1317,3326492.7,3757446.22518,1
BYBIT,XRPUSDT,60,1781308800000,1.1317,1.1349,1.1305,1.1338,2931223.3,3320890.32882,1
BYBIT,XRPUSDT,60,1781312400000,1.1338,1.1402,1.1337,1.1391,7324801.4,8329579.54757,1
BYBIT,XRPUSDT,60,1781316000000,1.1391,1.1392,1.1324,1.1338,3704912.9,4207362.13921,1
BYBIT,XRPUSDT,60,1781319600000,1.1338,1.1363,1.13,1.1329,3066175.9,3473328.25857,1
BYBIT,XRPUSDT,60,1781323200000,1.1329,1.1362,1.1322,1.1326,2044794.0,2318469.6072,1
BYBIT,XRPUSDT,60,1781326800000,1.1326,1.1332,1.129,1.1318,4063798.9,4596815.11573,1
BYBIT,XRPUSDT,60,1781330400000,1.1318,1.1378,1.1304,1.1367,3467730.3,3933381.85216,1
BYBIT,XRPUSDT,60,1781334000000,1.1367,1.1446,1.1344,1.1412,20088300.1,22916848.55881,1
BYBIT,XRPUSDT,60,1781337600000,1.1412,1.1482,1.1401,1.1428,15546112.3,17784272.26602,1
BYBIT,XRPUSDT,60,1781341200000,1.1428,1.1449,1.1415,1.1428,3392993.9,3878357.74734,1
BYBIT,XRPUSDT,60,1781344800000,1.1428,1.1459,1.142,1.1442,4237376.3,4849745.14507,1
BYBIT,XRPUSDT,60,1781348400000,1.1442,1.1491,1.1437,1.1482,5347917.2,6135610.05874,1
BYBIT,XRPUSDT,60,1781352000000,1.1482,1.1559,1.1465,1.1536,8140796.9,9368806.31006,1
BYBIT,XRPUSDT,60,1781355600000,1.1536,1.1543,1.1497,1.1508,7365911.0,8485668.04203,1
BYBIT,XRPUSDT,60,1781359200000,1.1508,1.1572,1.1507,1.1547,7318847.4,8447041.46011,1
BYBIT,XRPUSDT,60,1781362800000,1.1547,1.1604,1.1518,1.1559,8945794.5,10342899.63662,1
BYBIT,XRPUSDT,60,1781366400000,1.1559,1.1562,1.1432,1.1465,29734136.9,34175093.39722,1
BYBIT,XRPUSDT,60,1781370000000,1.1465,1.1486,1.1419,1.1434,10470527.2,11991350.57813,1
BYBIT,XRPUSDT,60,1781373600000,1.1434,1.1474,1.143,1.1453,4965114.5,5684852.44272,1
BYBIT,XRPUSDT,60,1781377200000,1.1453,1.1482,1.1437,1.1468,3296698.0,3777480.32518,1
BYBIT,XRPUSDT,60,1781380800000,1.1468,1.1468,1.1443,1.1461,1991282.0,2281335.78335,1
BYBIT,XRPUSDT,60,1781384400000,1.1461,1.1559,1.1438,1.1521,10814106.0,12422148.33986,1
BYBIT,XRPUSDT,60,1781388000000,1.1521,1.1525,1.1485,1.1494,2406660.9,2768096.52423,1
BYBIT,XRPUSDT,60,1781391600000,1.1494,1.1524,1.1482,1.15,1504967.7,1731071.11367,1
BYBIT,XRPUSDT,60,1781395200000,1.15,1.1505,1.1475,1.1485,2309016.5,2652499.56556,1
BYBIT,XRPUSDT,60,1781398800000,1.1485,1.1558,1.1478,1.1513,5041959.5,5813054.67576,1
BYBIT,XRPUSDT,60,1781402400000,1.1513,1.1551,1.1504,1.1511,2850290.1,3284710.5768,1
BYBIT,XRPUSDT,60,1781406000000,1.1511,1.1539,1.15,1.1529,2679005.1,3084530.00335,1
BYBIT,XRPUSDT,60,1781409600000,1.1529,1.1536,1.1459,1.1475,4136303.5,4749183.86853,1
BYBIT,XRPUSDT,60,1781413200000,1.1475,1.15,1.1433,1.1474,5281825.3,6053755.30919,1
BYBIT,XRPUSDT,60,1781416800000,1.1474,1.1527,1.1445,1.1457,9026960.0,10366579.54802,1
BYBIT,XRPUSDT,60,1781420400000,1.1457,1.1461,1.1415,1.1456,4812728.1,5506257.7792,1
BYBIT,XRPUSDT,60,1781424000000,1.1456,1.1473,1.1438,1.1446,2589165.9,2966062.11626,1
BYBIT,XRPUSDT,60,1781427600000,1.1446,1.1483,1.1402,1.1478,5552754.9,6351144.04169,1
BYBIT,XRPUSDT,60,1781431200000,1.1478,1.1483,1.1422,1.1423,3335200.1,3821404.68401,1
BYBIT,XRPUSDT,60,1781434800000,1.1423,1.1449,1.1409,1.143,3200381.2,3657253.34182,1
BYBIT,XRPUSDT,60,1781438400000,1.143,1.1436,1.1361,1.1369,8766054.4,9984757.77686,1
BYBIT,XRPUSDT,60,1781442000000,1.1369,1.1391,1.1326,1.1343,6070421.9,6894042.04457,1
BYBIT,XRPUSDT,60,1781445600000,1.1343,1.1363,1.1258,1.1311,11932298.3,13476617.03581,1
BYBIT,XRPUSDT,60,1781449200000,1.1311,1.1353,1.131,1.1342,6778023.1,7680670.09389,1
BYBIT,XRPUSDT,60,1781452800000,1.1342,1.1384,1.1337,1.136,4089064.5,4646497.56703,1
BYBIT,XRPUSDT,60,1781456400000,1.136,1.1382,1.1318,1.1322,4414589.1,5012014.16746,1
BYBIT,XRPUSDT,60,1781460000000,1.1322,1.1348,1.1298,1.1318,2516293.4,2848914.74622,1
BYBIT,XRPUSDT,60,1781463600000,1.1318,1.1347,1.13,1.1323,1853164.4,2098755.09367,1
BYBIT,XRPUSDT,60,1781467200000,1.1323,1.1399,1.1308,1.1375,4984285.1,5664069.84944,1
BYBIT,XRPUSDT,60,1781470800000,1.1375,1.1754,1.1372,1.1675,32396695.7,37585668.27759,1
BYBIT,XRPUSDT,60,1781474400000,1.1675,1.177,1.1623,1.1731,27229620.9,31872129.37541,1
BYBIT,XRPUSDT,60,1781478000000,1.1731,1.1873,1.1679,1.1852,21612265.4,25450328.56723,1
BYBIT,XRPUSDT,60,1781481600000,1.1852,1.1878,1.1802,1.1842,13053190.3,15448625.42496,1
BYBIT,XRPUSDT,60,1781485200000,1.1842,1.1915,1.1773,1.1821,11469249.6,13585988.20838,1
BYBIT,XRPUSDT,60,1781488800000,1.1821,1.1938,1.1798,1.1818,7374838.1,8760720.53994,1
BYBIT,XRPUSDT,60,1781492400000,1.1818,1.1907,1.1806,1.1866,7538535.0,8940169.9278,1
BYBIT,XRPUSDT,60,1781496000000,1.1866,1.1879,1.1819,1.1833,3861372.5,4575338.1249,1
BYBIT,XRPUSDT,60,1781499600000,1.1833,1.1876,1.1807,1.1834,5072761.2,6002649.15255,1
BYBIT,XRPUSDT,60,1781503200000,1.1834,1.1865,1.1808,1.1822,3399943.8,4023836.62206,1
BYBIT,XRPUSDT,60,1781506800000,1.1822,1.1864,1.1792,1.1807,6073141.3,7181691.82855,1
BYBIT,XRPUSDT,60,1781510400000,1.1807,1.183,1.1779,1.1803,4590489.2,5416667.58725,1
BYBIT,XRPUSDT,60,1781514000000,1.1803,1.1869,1.1783,1.1847,8876683.8,10501482.18577,1
BYBIT,XRPUSDT,60,1781517600000,1.1847,1.1999,1.1835,1.1992,22184078.6,26473906.88092,1
BYBIT,XRPUSDT,60,1781521200000,1.1992,1.2328,1.195,1.232,40603383.1,49353020.73228,1
BYBIT,XRPUSDT,60,1781524800000,1.232,1.2479,1.2257,1.238,37329231.6,46193131.25195,1
BYBIT,XRPUSDT,60,1781528400000,1.238,1.2493,1.233,1.2392,38213003.9,47411904.50857,1
BYBIT,XRPUSDT,60,1781532000000,1.2392,1.2469,1.2337,1.2436,17553031.7,21752829.54556,1
BYBIT,XRPUSDT,60,1781535600000,1.2436,1.2698,1.2432,1.2678,31230034.7,39325996.4751,1
BYBIT,XRPUSDT,60,1781539200000,1.2678,1.2931,1.2573,1.2792,38323719.0,48830414.60181,1
BYBIT,XRPUSDT,60,1781542800000,1.2792,1.287,1.2687,1.2812,23118114.2,29524695.61346,1
BYBIT,XRPUSDT,60,1781546400000,1.2812,1.2883,1.2735,1.281,11639616.3,14920287.69837,1
BYBIT,XRPUSDT,60,1781550000000,1.281,1.2909,1.2663,1.2748,25681543.2,32786338.98674,1
BYBIT,XRPUSDT,60,1781553600000,1.2748,1.2778,1.2621,1.2634,12017546.7,15269922.07312,1
BYBIT,XRPUSDT,60,1781557200000,1.2634,1.2644,1.248,1.2494,16025234.3,20099198.47646,1
BYBIT,XRPUSDT,60,1781560800000,1.2494,1.2547,1.2368,1.2395,15428995.9,19195797.97353,1
BYBIT,XRPUSDT,60,1781564400000,1.2395,1.2418,1.2308,1.2376,14081387.8,17413104.24088,1
BYBIT,XRPUSDT,60,1781568000000,1.2376,1.2424,1.2324,1.234,9440131.9,11684502.08795,1
BYBIT,XRPUSDT,60,1781571600000,1.234,1.2377,1.2271,1.228,8265364.7,10183197.61882,1
BYBIT,XRPUSDT,60,1781575200000,1.228,1.2285,1.213,1.2172,18265536.2,22269514.38985,1
BYBIT,XRPUSDT,60,1781578800000,1.2172,1.2272,1.2157,1.2266,9328443.5,11408468.57378,1
BYBIT,XRPUSDT,60,1781582400000,1.2266,1.2295,1.2202,1.2218,6781278.6,8303259.64373,1
BYBIT,XRPUSDT,60,1781586000000,1.2218,1.227,1.2217,1.2247,5013949.7,6142463.43856,1
BYBIT,XRPUSDT,60,1781589600000,1.2247,1.236,1.2247,1.2347,10850256.4,13354627.92613,1
BYBIT,XRPUSDT,60,1781593200000,1.2347,1.2382,1.2293,1.2345,7746079.3,9552061.22673,1
BYBIT,XRPUSDT,60,1781596800000,1.2345,1.2515,1.2324,1.2472,15539787.1,19304738.49302,1
BYBIT,XRPUSDT,60,1781600400000,1.2472,1.2473,1.2361,1.2382,9274848.1,11509378.82376,1
BYBIT,XRPUSDT,60,1781604000000,1.2382,1.2425,1.2361,1.2389,7101067.3,8804657.86607,1
BYBIT,XRPUSDT,60,1781607600000,1.2389,1.2417,1.233,1.2374,7178663.5,8875145.76187,1
BYBIT,XRPUSDT,60,1781611200000,1.2374,1.2553,1.2361,1.244,16892528.7,21049095.48485,1
BYBIT,XRPUSDT,60,1781614800000,1.244,1.2453,1.2238,1.2252,29898308.7,36803024.47711,1
BYBIT,XRPUSDT,60,1781618400000,1.2252,1.2299,1.2046,1.2089,27859423.2,33851566.03809,1
BYBIT,XRPUSDT,60,1781622000000,1.2089,1.2171,1.2064,1.209,11750552.2,14242926.64487,1
BYBIT,XRPUSDT,60,1781625600000,1.209,1.2138,1.2077,1.2123,6796333.8,8232184.20076,1
BYBIT,XRPUSDT,60,1781629200000,1.2123,1.222,1.2111,1.2205,12161871.8,14798055.92801,1
BYBIT,XRPUSDT,60,1781632800000,1.2205,1.2305,1.22,1.2261,9809560.0,12032387.84914,1
BYBIT,XRPUSDT,60,1781636400000,1.2261,1.2261,1.2164,1.2197,11977473.3,14618486.18254,1
BYBIT,XRPUSDT,60,1781640000000,1.2197,1.2242,1.2156,1.2224,7744636.0,9448596.12529,1
BYBIT,XRPUSDT,60,1781643600000,1.2224,1.2255,1.2148,1.2192,9894498.8,12062173.25482,1
BYBIT,XRPUSDT,60,1781647200000,1.2192,1.2215,1.216,1.2211,6808267.0,8294557.68924,1
BYBIT,XRPUSDT,60,1781650800000,1.2211,1.2234,1.2152,1.2166,2967019.0,3614628.3404,1
BYBIT,XRPUSDT,60,1781654400000,1.2166,1.2194,1.213,1.2144,3786978.1,4604126.54246,1
BYBIT,XRPUSDT,60,1781658000000,1.2144,1.222,1.2069,1.2209,8998631.0,10909769.36097,1
BYBIT,XRPUSDT,60,1781661600000,1.2209,1.2275,1.215,1.2185,7087676.7,8656157.82558,1
BYBIT,XRPUSDT,60,1781665200000,1.2185,1.2186,1.212,1.2157,3849328.0,4675777.5829,1
BYBIT,XRPUSDT,60,1781668800000,1.2157,1.2209,1.2136,1.2165,3202922.0,3899794.06389,1
BYBIT,XRPUSDT,60,1781672400000,1.2165,1.2223,1.2134,1.2173,3564990.8,4341645.08176,1
BYBIT,XRPUSDT,60,1781676000000,1.2173,1.2201,1.2091,1.2113,7047898.8,8552401.42557,1
BYBIT,XRPUSDT,60,1781679600000,1.2113,1.2153,1.204,1.2089,14144822.6,17082471.32519,1
BYBIT,XRPUSDT,60,1781683200000,1.2089,1.21,1.1942,1.1955,18716743.4,22461471.82655,1
BYBIT,XRPUSDT,60,1781686800000,1.1955,1.1985,1.1934,1.197,6809480.1,8146751.44924,1
BYBIT,XRPUSDT,60,1781690400000,1.197,1.1982,1.1938,1.1955,4802393.4,5744345.71505,1
BYBIT,XRPUSDT,60,1781694000000,1.1955,1.1968,1.1871,1.1921,12745837.2,15183272.66026,1
BYBIT,XRPUSDT,60,1781697600000,1.1921,1.1977,1.1884,1.1969,8282448.9,9887409.9702,1
BYBIT,XRPUSDT,60,1781701200000,1.1969,1.2065,1.1957,1.2003,13042033.1,15656950.63034,1
BYBIT,XRPUSDT,60,1781704800000,1.2003,1.2035,1.1879,1.1944,11346942.4,13572135.69394,1
BYBIT,XRPUSDT,60,1781708400000,1.1944,1.213,1.1926,1.2127,11380373.8,13719943.35453,1
BYBIT,XRPUSDT,60,1781712000000,1.2127,1.2243,1.211,1.2119,12519713.9,15233128.63955,1
BYBIT,XRPUSDT,60,1781715600000,1.2119,1.2185,1.2075,1.2173,6934756.7,8405350.07712,1
BYBIT,XRPUSDT,60,1781719200000,1.2173,1.2191,1.1923,1.2081,37654564.4,45401502.80103,1
BYBIT,XRPUSDT,60,1781722800000,1.2081,1.2123,1.1759,1.1799,36867296.6,43805903.07543,1
BYBIT,XRPUSDT,60,1781726400000,1.1799,1.1905,1.1776,1.1895,12198779.7,14448965.67164,1
BYBIT,XRPUSDT,60,1781730000000,1.1895,1.19,1.178,1.1815,6284403.1,7443723.36318,1
BYBIT,XRPUSDT,60,1781733600000,1.1815,1.1882,1.1701,1.1835,12177206.5,14346369.71652,1
BYBIT,XRPUSDT,60,1781737200000,1.1835,1.1888,1.1832,1.186,3531533.7,4189468.6362,1
BYBIT,XRPUSDT,60,1781740800000,1.186,1.1908,1.1852,1.1864,3653261.6,4339915.42449,1
BYBIT,XRPUSDT,60,1781744400000,1.1864,1.1916,1.1846,1.1881,8314789.3,9889113.68265,1
BYBIT,XRPUSDT,60,1781748000000,1.1881,1.1903,1.1877,1.1888,3054788.8,3633322.71307,1
BYBIT,XRPUSDT,60,1781751600000,1.1888,1.189,1.1771,1.178,6578905.7,7776570.13296,1
BYBIT,XRPUSDT,60,1781755200000,1.178,1.1783,1.1665,1.1687,16294799.4,19083419.98855,1
BYBIT,XRPUSDT,60,1781758800000,1.1687,1.1687,1.1617,1.167,12000470.9,13978207.45596,1
BYBIT,XRPUSDT,60,1781762400000,1.167,1.1711,1.1631,1.17,5900258.3,6889132.19144,1
BYBIT,XRPUSDT,60,1781766000000,1.17,1.1808,1.1677,1.1781,8145554.7,9578260.89545,1
BYBIT,XRPUSDT,60,1781769600000,1.1781,1.1808,1.1759,1.1776,7042293.5,8300200.69413,1
BYBIT,XRPUSDT,60,1781773200000,1.1776,1.1818,1.1758,1.178,5357430.2,6314667.00431,1
BYBIT,XRPUSDT,60,1781776800000,1.178,1.1781,1.1668,1.1686,12777582.4,14958162.60337,1
BYBIT,XRPUSDT,60,1781780400000,1.1686,1.1708,1.1607,1.164,10434316.4,12150257.41964,1
BYBIT,XRPUSDT,60,1781784000000,1.164,1.1701,1.1627,1.1682,6217681.9,7256024.75791,1
BYBIT,XRPUSDT,60,1781787600000,1.1682,1.1717,1.1542,1.1603,16934286.7,19675484.67979,1
BYBIT,XRPUSDT,60,1781791200000,1.1603,1.1696,1.1546,1.1593,10849149.5,12592380.75346,1
BYBIT,XRPUSDT,60,1781794800000,1.1593,1.1598,1.1322,1.1375,42118562.0,48180522.54336,1
BYBIT,XRPUSDT,60,1781798400000,1.1375,1.1475,1.1362,1.1467,10558184.2,12060007.31027,1
BYBIT,XRPUSDT,60,1781802000000,1.1467,1.1484,1.1372,1.1426,10296154.0,11772651.1307,1
BYBIT,XRPUSDT,60,1781805600000,1.1426,1.1463,1.1359,1.1377,6777124.0,7730438.17712,1
BYBIT,XRPUSDT,60,1781809200000,1.1377,1.146,1.1347,1.1431,7593424.5,8655795.49477,1
BYBIT,XRPUSDT,60,1781812800000,1.1431,1.1543,1.1431,1.1518,12926462.9,14869289.13488,1
BYBIT,XRPUSDT,60,1781816400000,1.1518,1.1519,1.1419,1.1442,5556578.4,6368856.60069,1
BYBIT,XRPUSDT,60,1781820000000,1.1442,1.1479,1.1414,1.1465,8299827.6,9498930.47391,1
BYBIT,XRPUSDT,60,1781823600000,1.1465,1.1471,1.1421,1.1459,2205187.0,2523979.22956,1
BYBIT,XRPUSDT,60,1781827200000,1.1459,1.1495,1.1427,1.1484,4541171.5,5207602.12176,1
BYBIT,XRPUSDT,60,1781830800000,1.1484,1.1517,1.1437,1.1506,4352736.7,4997579.25402,1
BYBIT,XRPUSDT,60,1781834400000,1.1506,1.1524,1.1446,1.1479,2902979.6,3332670.45916,1
BYBIT,XRPUSDT,60,1781838000000,1.1479,1.1496,1.133,1.1383,24344260.2,27725356.35684,1
BYBIT,XRPUSDT,60,1781841600000,1.1383,1.1398,1.1243,1.1268,15024826.9,16988176.8079,1
BYBIT,XRPUSDT,60,1781845200000,1.1268,1.133,1.1266,1.1329,6203058.9,7008742.78872,1
BYBIT,XRPUSDT,60,1781848800000,1.1329,1.1356,1.1274,1.1335,4361925.0,4935406.09775,1
BYBIT,XRPUSDT,60,1781852400000,1.1335,1.1335,1.1205,1.125,13718469.5,15435434.32235,1
BYBIT,XRPUSDT,60,1781856000000,1.125,1.1305,1.1237,1.1261,8094732.9,9121464.34701,1
BYBIT,XRPUSDT,60,1781859600000,1.1261,1.1277,1.1215,1.1242,5192827.5,5837450.18217,1
BYBIT,XRPUSDT,60,1781863200000,1.1242,1.1266,1.1205,1.1245,5569414.1,6258311.39681,1
BYBIT,XRPUSDT,60,1781866800000,1.1245,1.1285,1.1215,1.1265,5182410.8,5834269.28317,1
BYBIT,XRPUSDT,60,1781870400000,1.1265,1.1316,1.117,1.1306,14787253.5,16614074.95842,1
BYBIT,XRPUSDT,60,1781874000000,1.1306,1.1433,1.1285,1.1389,12999816.7,14766750.79231,1
BYBIT,XRPUSDT,60,1781877600000,1.1389,1.1409,1.1335,1.1359,7799001.7,8870004.71294,1
BYBIT,XRPUSDT,60,1781881200000,1.1359,1.1376,1.132,1.1362,3866216.6,4386486.57489,1
BYBIT,XRPUSDT,60,1781884800000,1.1362,1.1387,1.128,1.1296,5821684.4,6596930.59043,1
BYBIT,XRPUSDT,60,1781888400000,1.1296,1.1382,1.128,1.1356,5413413.4,6137605.28321,1
BYBIT,XRPUSDT,60,1781892000000,1.1356,1.1356,1.1289,1.1319,3374919.2,3818606.80946,1
BYBIT,XRPUSDT,60,1781895600000,1.1319,1.1334,1.1276,1.1309,4915451.2,5553196.68558,1
BYBIT,XRPUSDT,60,1781899200000,1.1309,1.1348,1.1267,1.134,5330762.7,6029512.61609,1
BYBIT,XRPUSDT,60,1781902800000,1.134,1.1341,1.1284,1.1292,2608444.6,2950137.0312,1
BYBIT,XRPUSDT,60,1781906400000,1.1292,1.1357,1.1287,1.1334,2639520.3,2990405.89747,1
BYBIT,XRPUSDT,60,1781910000000,1.1334,1.1379,1.132,1.1351,3277792.8,3719655.84117,1
BYBIT,XRPUSDT,60,1781913600000,1.1351,1.1421,1.1344,1.1367,5192423.6,5911566.43782,1
BYBIT,XRPUSDT,60,1781917200000,1.1367,1.1416,1.1358,1.1409,2926787.5,3332186.75441,1
BYBIT,XRPUSDT,60,1781920800000,1.1409,1.1413,1.1354,1.1383,2904095.1,3305864.53094,1
BYBIT,XRPUSDT,60,1781924400000,1.1383,1.1403,1.1368,1.1391,1287093.9,1465373.78479,1
BYBIT,XRPUSDT,60,1781928000000,1.1391,1.145,1.1382,1.1435,4453734.2,5088049.05754,1
BYBIT,XRPUSDT,60,1781931600000,1.1435,1.154,1.1421,1.147,13428756.9,15413010.09391,1
BYBIT,XRPUSDT,60,1781935200000,1.147,1.1509,1.1465,1.1489,4314230.2,4958553.21856,1
BYBIT,XRPUSDT,60,1781938800000,1.1489,1.1494,1.1445,1.1465,2994890.0,3433456.64889,1
BYBIT,XRPUSDT,60,1781942400000,1.1465,1.1471,1.1433,1.1462,2627672.5,3010452.6561,1
BYBIT,XRPUSDT,60,1781946000000,1.1462,1.1522,1.1461,1.1516,3088557.3,3550413.81638,1
BYBIT,XRPUSDT,60,1781949600000,1.1516,1.1516,1.1465,1.1488,5581429.4,6412832.5282,1
BYBIT,XRPUSDT,60,1781953200000,1.1488,1.1493,1.1457,1.1466,3260651.4,3740885.63228,1
BYBIT,XRPUSDT,60,1781956800000,1.1466,1.1489,1.1448,1.1455,5708252.8,6541975.00363,1
BYBIT,XRPUSDT,60,1781960400000,1.1455,1.1466,1.1379,1.1407,12686543.9,14490233.35198,1
BYBIT,XRPUSDT,60,1781964000000,1.1407,1.1516,1.1337,1.1457,15493317.2,17694378.69637,1
BYBIT,XRPUSDT,60,1781967600000,1.1457,1.1557,1.1439,1.1504,17052673.0,19606148.62105,1
BYBIT,XRPUSDT,60,1781971200000,1.1504,1.1505,1.144,1.1486,10229998.9,11748262.80179,1
BYBIT,XRPUSDT,60,1781974800000,1.1486,1.1486,1.1384,1.1429,6275435.0,7170444.30615,1
BYBIT,XRPUSDT,60,1781978400000,1.1429,1.1459,1.1409,1.1415,4026548.0,4603775.80582,1
BYBIT,XRPUSDT,60,1781982000000,1.1415,1.1441,1.1391,1.1435,3578733.8,4085320.28153,1
BYBIT,XRPUSDT,60,1781985600000,1.1435,1.1462,1.1431,1.1448,4120612.8,4715813.22093,1
BYBIT,XRPUSDT,60,1781989200000,1.1448,1.1496,1.1441,1.1468,4047788.1,4642929.18409,1
BYBIT,XRPUSDT,60,1781992800000,1.1468,1.155,1.1461,1.1519,4251906.0,4896488.75256,1
BYBIT,XRPUSDT,60,1781996400000,1.1519,1.1534,1.1488,1.1493,3566621.3,4104029.02548,1
BYBIT,XRPUSDT,60,1782000000000,1.1493,1.1499,1.1475,1.1486,2328623.7,2674944.47532,1
BYBIT,XRPUSDT,60,1782003600000,1.1486,1.1493,1.1462,1.1489,2318179.9,2661100.63872,1
BYBIT,XRPUSDT,60,1782007200000,1.1489,1.1494,1.1462,1.1467,1664591.0,1910403.90954,1
BYBIT,XRPUSDT,60,1782010800000,1.1467,1.151,1.1455,1.1488,3045912.7,3497119.28183,1
BYBIT,XRPUSDT,60,1782014400000,1.1488,1.1517,1.1441,1.1447,3532604.9,4052982.4886,1
BYBIT,XRPUSDT,60,1782018000000,1.1447,1.1456,1.1424,1.144,3533965.1,4042706.18184,1
BYBIT,XRPUSDT,60,1782021600000,1.144,1.1471,1.1434,1.1467,2381005.4,2726941.74658,1
BYBIT,XRPUSDT,60,1782025200000,1.1467,1.15,1.1456,1.147,3280665.9,3763399.90889,1
BYBIT,XRPUSDT,60,1782028800000,1.147,1.1474,1.1407,1.1442,4098422.5,4686680.58526,1
BYBIT,XRPUSDT,60,1782032400000,1.1442,1.1499,1.1435,1.1486,4062813.7,4662349.19648,1
BYBIT,XRPUSDT,60,1782036000000,1.1486,1.1529,1.1473,1.1477,5880808.0,6764551.71839,1
BYBIT,XRPUSDT,60,1782039600000,1.1477,1.1498,1.1409,1.1418,15229991.4,17424915.30033,1
BYBIT,XRPUSDT,60,1782043200000,1.1418,1.1446,1.1386,1.1436,9155298.2,10451198.27182,1
BYBIT,XRPUSDT,60,1782046800000,1.1436,1.1463,1.1408,1.1444,11347905.7,12984213.77785,1
BYBIT,XRPUSDT,60,1782050400000,1.1444,1.1469,1.1413,1.1468,2462107.2,2817112.82688,1
BYBIT,XRPUSDT,60,1782054000000,1.1468,1.1512,1.1464,1.1491,5715457.1,6568686.25474,1
BYBIT,XRPUSDT,60,1782057600000,1.1491,1.1491,1.1415,1.1442,5453684.2,6244964.71417,1
BYBIT,XRPUSDT,60,1782061200000,1.1442,1.1465,1.1403,1.1419,3950241.1,4515510.86986,1
BYBIT,XRPUSDT,60,1782064800000,1.1419,1.1462,1.1382,1.1449,5817536.6,6640514.59709,1
BYBIT,XRPUSDT,60,1782068400000,1.1449,1.1475,1.1439,1.1449,2961451.5,3392282.58536,1
BYBIT,XRPUSDT,60,1782072000000,1.1449,1.1468,1.1355,1.1389,6910201.6,7878807.67622,1
BYBIT,XRPUSDT,60,1782075600000,1.1389,1.1391,1.118,1.1341,49540075.8,55929670.91827,1
BYBIT,XRPUSDT,60,1782079200000,1.1341,1.1363,1.1265,1.1309,10897360.1,12324244.51113,1
BYBIT,XRPUSDT,60,1782082800000,1.1309,1.1312,1.1228,1.1241,12003926.2,13524368.72482,1
BYBIT,XRPUSDT,60,1782086400000,1.1241,1.1402,1.1241,1.1385,10060248.8,11414964.23425,1
BYBIT,XRPUSDT,60,1782090000000,1.1385,1.1519,1.1334,1.1447,16642493.6,19031918.7738,1
BYBIT,XRPUSDT,60,1782093600000,1.1447,1.1457,1.1356,1.1356,4854574.2,5536042.25339,1
BYBIT,XRPUSDT,60,1782097200000,1.1356,1.138,1.1278,1.1295,7539958.2,8541579.2161,1
BYBIT,XRPUSDT,60,1782100800000,1.1295,1.1339,1.1285,1.1336,4254461.0,4814183.39117,1
BYBIT,XRPUSDT,60,1782104400000,1.1336,1.138,1.1332,1.135,3439408.9,3904642.44269,1
BYBIT,XRPUSDT,60,1782108000000,1.135,1.1373,1.1287,1.1305,4243675.3,4807796.21206,1
BYBIT,XRPUSDT,60,1782111600000,1.1305,1.1397,1.1296,1.1368,11701191.2,13287553.95545,1
BYBIT,XRPUSDT,60,1782115200000,1.1368,1.1376,1.1315,1.1344,5402249.8,6130188.76101,1
BYBIT,XRPUSDT,60,1782118800000,1.1344,1.1371,1.1322,1.1342,3304055.4,3749830.37827,1
BYBIT,XRPUSDT,60,1782122400000,1.1342,1.1385,1.1339,1.1368,3221714.0,3662302.15628,1
BYBIT,XRPUSDT,60,1782126000000,1.1368,1.1495,1.1357,1.1472,11794477.2,13494940.88202,1
BYBIT,XRPUSDT,60,1782129600000,1.1472,1.1588,1.1456,1.157,16066721.9,18499964.50218,1
BYBIT,XRPUSDT,60,1782133200000,1.157,1.1631,1.1512,1.1629,15849989.3,18336511.87747,1
BYBIT,XRPUSDT,60,1782136800000,1.1629,1.1632,1.1396,1.1423,31069034.8,35657926.47379,1
BYBIT,XRPUSDT,60,1782140400000,1.1423,1.1475,1.1367,1.1391,12603654.8,14398396.65521,1
BYBIT,XRPUSDT,60,1782144000000,1.1391,1.1427,1.1343,1.1378,11437860.7,13013656.58897,1
BYBIT,XRPUSDT,60,1782147600000,1.1378,1.1398,1.1321,1.1389,5557381.1,6310795.58237,1
BYBIT,XRPUSDT,60,1782151200000,1.1389,1.1434,1.1313,1.1323,8681536.3,9877461.84812,1
BYBIT,XRPUSDT,60,1782154800000,1.1323,1.1345,1.1291,1.1335,13363439.3,15115545.25326,1
BYBIT,XRPUSDT,60,1782158400000,1.1335,1.1369,1.1287,1.1312,4975960.7,5633489.06283,1
BYBIT,XRPUSDT,60,1782162000000,1.1312,1.1324,1.1234,1.1307,8633869.7,9737318.63069,1
BYBIT,XRPUSDT,60,1782165600000,1.1307,1.1335,1.1206,1.1269,10161403.1,11435408.54548,1
BYBIT,XRPUSDT,60,1782169200000,1.1269,1.13,1.1256,1.1289,3202539.6,3612294.34985,1
BYBIT,XRPUSDT,60,1782172800000,1.1289,1.1317,1.1259,1.1307,10813799.5,12213977.7284,1
BYBIT,XRPUSDT,60,1782176400000,1.1307,1.1332,1.1216,1.1281,8843403.4,9965987.56419,1
BYBIT,XRPUSDT,60,1782180000000,1.1281,1.1298,1.1245,1.1291,2192570.5,2471836.98336,1
BYBIT,XRPUSDT,60,1782183600000,1.1291,1.1292,1.1252,1.1269,2535049.5,2856742.79267,1
BYBIT,XRPUSDT,60,1782187200000,1.1269,1.1279,1.1144,1.1168,25893967.6,28986542.62758,1
BYBIT,XRPUSDT,60,1782190800000,1.1168,1.1188,1.1127,1.115,10710539.7,11944632.69984,1
BYBIT,XRPUSDT,60,1782194400000,1.115,1.1156,1.1064,1.1125,20283908.2,22541753.25466,1
BYBIT,XRPUSDT,60,1782198000000,1.1125,1.1165,1.112,1.1121,5342349.8,5952408.906,1
BYBIT,XRPUSDT,60,1782201600000,1.1121,1.1147,1.0934,1.0997,25265818.1,27852723.93507,1
BYBIT,XRPUSDT,60,1782205200000,1.0997,1.1048,1.0997,1.1031,5137777.6,5666036.99742,1
BYBIT,XRPUSDT,60,1782208800000,1.1031,1.107,1.1005,1.1035,5773216.6,6369956.84055,1
BYBIT,XRPUSDT,60,1782212400000,1.1035,1.1099,1.1034,1.1086,7219572.3,7995698.86763,1
BYBIT,XRPUSDT,60,1782216000000,1.1086,1.109,1.0989,1.1004,8296571.2,9156268.22066,1
BYBIT,XRPUSDT,60,1782219600000,1.1004,1.1056,1.0956,1.1022,14625472.1,16095617.43351,1
BYBIT,XRPUSDT,60,1782223200000,1.1022,1.1077,1.1,1.1009,9214359.0,10168648.26138,1
BYBIT,XRPUSDT,60,1782226800000,1.1009,1.1009,1.091,1.0983,13826263.8,15145648.13525,1
BYBIT,XRPUSDT,60,1782230400000,1.0983,1.1036,1.0963,1.1005,9321673.8,10251973.27947,1
BYBIT,XRPUSDT,60,1782234000000,1.1005,1.1041,1.0953,1.0973,6988765.8,7678654.64367,1
BYBIT,XRPUSDT,60,1782237600000,1.0973,1.1013,1.095,1.098,3740119.2,4106829.88339,1
BYBIT,XRPUSDT,60,1782241200000,1.098,1.1042,1.0964,1.1013,5820255.7,6403171.84155,1
BYBIT,XRPUSDT,60,1782244800000,1.1013,1.1048,1.1012,1.1038,2177832.2,2403266.73633,1
BYBIT,XRPUSDT,60,1782248400000,1.1038,1.1062,1.1027,1.104,2779839.9,3070170.92774,1
BYBIT,XRPUSDT,60,1782252000000,1.104,1.1122,1.1037,1.1083,7434122.6,8238106.25042,1
BYBIT,XRPUSDT,60,1782255600000,1.1083,1.1112,1.1052,1.1094,2372917.9,2628071.59704,1
BYBIT,XRPUSDT,60,1782259200000,1.1094,1.1123,1.108,1.1104,6154914.1,6837449.67759,1
BYBIT,XRPUSDT,60,1782262800000,1.1104,1.1131,1.1066,1.1082,4833496.4,5363701.72153,1
BYBIT,XRPUSDT,60,1782266400000,1.1082,1.1091,1.1042,1.1049,5944055.3,6576143.33457,1
BYBIT,XRPUSDT,60,1782270000000,1.1049,1.1056,1.0984,1.1032,5021979.9,5537493.24578,1
BYBIT,XRPUSDT,60,1782273600000,1.1032,1.1035,1.0937,1.1011,5509549.2,6055566.10245,1
BYBIT,XRPUSDT,60,1782277200000,1.1011,1.1064,1.1006,1.1045,3328022.6,3672920.94628,1
BYBIT,XRPUSDT,60,1782280800000,1.1045,1.1062,1.1017,1.1018,2338394.5,2580156.02318,1
BYBIT,XRPUSDT,60,1782284400000,1.1018,1.1023,1.0964,1.098,4088214.7,4494304.86937,1
BYBIT,XRPUSDT,60,1782288000000,1.098,1.1031,1.0972,1.1016,6239876.6,6866886.53241,1
BYBIT,XRPUSDT,60,1782291600000,1.1016,1.1018,1.0963,1.0981,2988302.2,3282021.89067,1
BYBIT,XRPUSDT,60,1782295200000,1.0981,1.0982,1.0829,1.0859,28723527.1,31223490.52381,1
BYBIT,XRPUSDT,60,1782298800000,1.0859,1.1019,1.0812,1.0951,17596087.3,19171962.78634,1
BYBIT,XRPUSDT,60,1782302400000,1.0951,1.0951,1.0893,1.0896,7950309.8,8683820.17103,1
BYBIT,XRPUSDT,60,1782306000000,1.0896,1.0902,1.0744,1.0753,35948280.1,38821684.52711,1
BYBIT,XRPUSDT,60,1782309600000,1.0753,1.0819,1.0722,1.0747,17242448.2,18562157.91712,1
BYBIT,XRPUSDT,60,1782313200000,1.0747,1.075,1.0556,1.0576,23953171.3,25502364.09512,1
BYBIT,XRPUSDT,60,1782316800000,1.0576,1.0668,1.0505,1.0561,27748557.7,29350130.03967,1
BYBIT,XRPUSDT,60,1782320400000,1.0561,1.0603,1.0453,1.0504,28478172.1,29977908.90397,1
BYBIT,XRPUSDT,60,1782324000000,1.0504,1.0699,1.0488,1.0595,14923211.9,15852662.39256,1
BYBIT,XRPUSDT,60,1782327600000,1.0595,1.0614,1.0518,1.0567,13879358.3,14650360.12946,1
BYBIT,XRPUSDT,60,1782331200000,1.0567,1.0779,1.0535,1.0739,22420317.5,23930891.43452,1
BYBIT,XRPUSDT,60,1782334800000,1.0739,1.0766,1.0664,1.0757,7091928.3,7600455.34611,1
BYBIT,XRPUSDT,60,1782338400000,1.0757,1.08,1.0695,1.0708,5695840.1,6124949.76075,1
BYBIT,XRPUSDT,60,1782342000000,1.0708,1.0753,1.0692,1.0728,3956191.4,4242200.49364,1
BYBIT,XRPUSDT,60,1782345600000,1.0728,1.0767,1.0716,1.0735,6445587.6,6920432.28858,1
BYBIT,XRPUSDT,60,1782349200000,1.0735,1.0774,1.072,1.0748,4489811.5,4827605.50848,1
BYBIT,XRPUSDT,60,1782352800000,1.0748,1.0766,1.0688,1.0708,2852572.8,3057495.75305,1
BYBIT,XRPUSDT,60,1782356400000,1.0708,1.0729,1.0679,1.0714,2802930.2,2999156.61558,1
BYBIT,XRPUSDT,60,1782360000000,1.0714,1.0816,1.0693,1.0795,6925158.7,7457727.09043,1
BYBIT,XRPUSDT,60,1782363600000,1.0795,1.0875,1.0778,1.0838,9381242.8,10165857.4496,1
BYBIT,XRPUSDT,60,1782367200000,1.0838,1.089,1.0832,1.0873,7325347.0,7961978.80305,1
BYBIT,XRPUSDT,60,1782370800000,1.0873,1.0878,1.0839,1.0863,4126184.2,4479779.622,1
BYBIT,XRPUSDT,60,1782374400000,1.0863,1.0863,1.0818,1.0825,3428273.8,3712826.18411,1
BYBIT,XRPUSDT,60,1782378000000,1.0825,1.0832,1.0794,1.0811,3859243.1,4172176.9243,1
BYBIT,XRPUSDT,60,1782381600000,1.0811,1.0814,1.0725,1.0733,6887102.9,7416494.78285,1
BYBIT,XRPUSDT,60,1782385200000,1.0733,1.0739,1.0671,1.0714,9451559.7,10110698.70296,1
BYBIT,XRPUSDT,60,1782388800000,1.0714,1.0791,1.0664,1.0742,13352676.1,14332897.04233,1
BYBIT,XRPUSDT,60,1782392400000,1.0742,1.0759,1.0111,1.0146,78793947.5,81739422.46831,1
BYBIT,XRPUSDT,60,1782396000000,1.0146,1.0484,1.0146,1.0326,57702370.7,59623345.0117,1
BYBIT,XRPUSDT,60,1782399600000,1.0326,1.037,1.0227,1.0343,18194204.6,18747329.71907,1
BYBIT,XRPUSDT,60,1782403200000,1.0343,1.0439,1.0258,1.03,16181799.4,16737123.78953,1
BYBIT,XRPUSDT,60,1782406800000,1.03,1.0455,1.0295,1.0454,13052280.8,13575046.32682,1
BYBIT,XRPUSDT,60,1782410400000,1.0454,1.0471,1.0326,1.0339,9581831.7,9957377.28546,1
BYBIT,XRPUSDT,60,1782414000000,1.0339,1.0342,1.0273,1.0338,7997157.4,8243330.89816,1
BYBIT,XRPUSDT,60,1782417600000,1.0338,1.0396,1.0307,1.0326,5859757.9,6072238.4898,1
BYBIT,XRPUSDT,60,1782421200000,1.0326,1.0432,1.0322,1.0431,7669051.5,7965373.97139,1
BYBIT,XRPUSDT,60,1782424800000,1.0431,1.0437,1.0379,1.0403,4080411.8,4245244.7784,1
BYBIT,XRPUSDT,60,1782428400000,1.0403,1.0479,1.0366,1.0429,6675908.0,6969941.63413,1
BYBIT,XRPUSDT,60,1782432000000,1.0429,1.0455,1.0398,1.0404,3806998.4,3970521.08803,1
BYBIT,XRPUSDT,60,1782435600000,1.0404,1.0422,1.0282,1.0313,6511588.5,6726807.61023,1
BYBIT,XRPUSDT,60,1782439200000,1.0313,1.0318,1.0108,1.0141,38191327.7,38867675.89827,1
BYBIT,XRPUSDT,60,1782442800000,1.0141,1.0357,1.0083,1.0339,25020105.6,25561935.03624,1
BYBIT,XRPUSDT,60,1782446400000,1.0339,1.0352,1.0266,1.0276,7334756.7,7559854.6337,1
BYBIT,XRPUSDT,60,1782450000000,1.0276,1.0349,1.0264,1.0329,6249786.4,6446559.18529,1
BYBIT,XRPUSDT,60,1782453600000,1.0329,1.0454,1.0291,1.044,12915034.2,13413087.74183,1
BYBIT,XRPUSDT,60,1782457200000,1.044,1.0523,1.0437,1.0492,16546597.8,17351325.40248,1
BYBIT,XRPUSDT,60,1782460800000,1.0492,1.0503,1.0368,1.0389,17013437.0,17726073.39557,1
BYBIT,XRPUSDT,60,1782464400000,1.0389,1.0391,1.0281,1.0311,17020846.9,17585150.06238,1
BYBIT,XRPUSDT,60,1782468000000,1.0311,1.0335,1.0252,1.027,7822419.5,8047278.50892,1
BYBIT,XRPUSDT,60,1782471600000,1.027,1.0307,1.0191,1.0221,10429402.7,10680706.78116,1
BYBIT,XRPUSDT,60,1782475200000,1.0221,1.0334,1.0157,1.0191,19557234.2,20018451.0129,1
BYBIT,XRPUSDT,60,1782478800000,1.0191,1.0384,1.0103,1.0383,26296114.7,26871456.16052,1
BYBIT,XRPUSDT,60,1782482400000,1.0383,1.0476,1.034,1.0362,32380553.1,33677813.33681,1
BYBIT,XRPUSDT,60,1782486000000,1.0362,1.0488,1.0343,1.0445,16979984.6,17707134.75886,1
BYBIT,XRPUSDT,60,1782489600000,1.0445,1.0532,1.0395,1.0442,16032113.4,16772895.71579,1
BYBIT,XRPUSDT,60,1782493200000,1.0442,1.0507,1.0438,1.0471,5725338.0,5998027.54378,1
BYBIT,XRPUSDT,60,1782496800000,1.0471,1.0494,1.0389,1.0402,7382598.8,7697468.00341,1
BYBIT,XRPUSDT,60,1782500400000,1.0402,1.0534,1.0386,1.0474,24047048.6,25177364.2708,1
BYBIT,XRPUSDT,60,1782504000000,1.0474,1.0554,1.0426,1.0442,15342106.3,16082388.68928,1
BYBIT,XRPUSDT,60,1782507600000,1.0442,1.0467,1.0401,1.0417,6831394.8,7126842.1215,1
BYBIT,XRPUSDT,60,1782511200000,1.0417,1.0478,1.0374,1.0475,5140532.3,5357811.63292,1
BYBIT,XRPUSDT,60,1782514800000,1.0475,1.0493,1.045,1.0484,4872228.5,5103398.50084,1
BYBIT,XRPUSDT,60,1782518400000,1.0484,1.0517,1.0435,1.0471,4835212.3,5063670.18447,1
BYBIT,XRPUSDT,60,1782522000000,1.0471,1.0521,1.0453,1.0515,4869020.2,5109707.73278,1
BYBIT,XRPUSDT,60,1782525600000,1.0515,1.0664,1.0504,1.0612,14829873.3,15737872.95421,1
BYBIT,XRPUSDT,60,1782529200000,1.0612,1.0622,1.0561,1.0583,7205088.6,7631633.0306,1
BYBIT,XRPUSDT,60,1782532800000,1.0583,1.0634,1.0582,1.0595,5091477.3,5400935.60198,1
BYBIT,XRPUSDT,60,1782536400000,1.0595,1.0601,1.0524,1.0571,6124909.6,6469141.45428,1
BYBIT,XRPUSDT,60,1782540000000,1.0571,1.0606,1.0532,1.0592,5137897.0,5430245.25113,1
BYBIT,XRPUSDT,60,1782543600000,1.0592,1.0621,1.0572,1.0597,3440134.3,3644111.01827,1
BYBIT,XRPUSDT,60,1782547200000,1.0597,1.0597,1.0546,1.0565,3808815.7,4024303.57704,1
BYBIT,XRPUSDT,60,1782550800000,1.0565,1.058,1.0536,1.0577,3766925.2,3975742.23387,1
BYBIT,XRPUSDT,60,1782554400000,1.0577,1.0591,1.0561,1.0588,1996095.8,2111001.97592,1
BYBIT,XRPUSDT,60,1782558000000,1.0588,1.06,1.0538,1.0588,2933792.8,3101524.23794,1
BYBIT,XRPUSDT,60,1782561600000,1.0588,1.0613,1.057,1.0602,2258064.1,2390430.83427,1
BYBIT,XRPUSDT,60,1782565200000,1.0602,1.0643,1.0593,1.0641,5062163.6,5375881.2718,1
BYBIT,XRPUSDT,60,1782568800000,1.0641,1.0685,1.0624,1.068,6976635.4,7437448.60453,1
BYBIT,XRPUSDT,60,1782572400000,1.068,1.075,1.0675,1.0746,11904203.8,12769010.19634,1
BYBIT,XRPUSDT,60,1782576000000,1.0746,1.0767,1.0687,1.0693,14614235.7,15692322.63561,1
BYBIT,XRPUSDT,60,1782579600000,1.0693,1.07,1.0595,1.0598,9314047.4,9903900.00372,1
BYBIT,XRPUSDT,60,1782583200000,1.0598,1.0603,1.055,1.0581,13582151.8,14363410.08899,1
BYBIT,XRPUSDT,60,1782586800000,1.0581,1.0593,1.0514,1.0538,11120355.2,11723795.38677,1
BYBIT,XRPUSDT,60,1782590400000,1.0538,1.0562,1.0535,1.0545,2621094.9,2764788.71234,1
BYBIT,XRPUSDT,60,1782594000000,1.0545,1.0572,1.0499,1.0524,7607006.4,8016603.02684,1
BYBIT,XRPUSDT,60,1782597600000,1.0524,1.0532,1.0442,1.053,7089159.1,7434783.06529,1
BYBIT,XRPUSDT,60,1782601200000,1.053,1.0548,1.0464,1.0469,5761401.0,6048087.16069,1
BYBIT,XRPUSDT,60,1782604800000,1.0469,1.0505,1.0463,1.0492,4722413.0,4952939.39885,1
BYBIT,XRPUSDT,60,1782608400000,1.0492,1.0505,1.0453,1.0504,2998618.4,3143246.81091,1
BYBIT,XRPUSDT,60,1782612000000,1.0504,1.0525,1.0447,1.0459,4341574.7,4554406.77314,1
BYBIT,XRPUSDT,60,1782615600000,1.0459,1.0502,1.0459,1.0492,2289343.5,2399620.73914,1
BYBIT,XRPUSDT,60,1782619200000,1.0492,1.0499,1.0455,1.0479,2621237.9,2746734.3104,1
BYBIT,XRPUSDT,60,1782622800000,1.0479,1.0479,1.0419,1.0471,8146413.4,8506308.29691,1
BYBIT,XRPUSDT,60,1782626400000,1.0471,1.0483,1.0413,1.0444,3512099.4,3666317.34294,1
BYBIT,XRPUSDT,60,1782630000000,1.0444,1.0508,1.0441,1.0505,5933495.2,6220260.95,1
BYBIT,XRPUSDT,60,1782633600000,1.0505,1.0584,1.0496,1.054,6823765.7,7190986.51059,1
BYBIT,XRPUSDT,60,1782637200000,1.054,1.0549,1.0482,1.0494,5053070.3,5313632.8334,1
BYBIT,XRPUSDT,60,1782640800000,1.0494,1.0508,1.0452,1.048,3485890.1,3652257.85281,1
BYBIT,XRPUSDT,60,1782644400000,1.048,1.0531,1.0461,1.0523,3297416.1,3462288.766,1
BYBIT,XRPUSDT,60,1782648000000,1.0523,1.0558,1.0485,1.0514,4124493.0,4336407.30833,1
BYBIT,XRPUSDT,60,1782651600000,1.0514,1.0522,1.0457,1.0487,4769088.0,4999954.3572,1
BYBIT,XRPUSDT,60,1782655200000,1.0487,1.0569,1.048,1.0518,4471252.8,4710392.70458,1
BYBIT,XRPUSDT,60,1782658800000,1.0518,1.0571,1.0492,1.0519,6496970.6,6840257.72643,1
BYBIT,XRPUSDT,60,1782662400000,1.0519,1.0529,1.0434,1.0467,6744985.7,7056304.23075,1
BYBIT,XRPUSDT,60,1782666000000,1.0467,1.0492,1.0403,1.0466,6529843.3,6815237.21079,1
BYBIT,XRPUSDT,60,1782669600000,1.0466,1.048,1.0426,1.0461,3652370.0,3817394.60603,1
BYBIT,XRPUSDT,60,1782673200000,1.0461,1.0487,1.0384,1.044,8180836.5,8528019.50897,1
BYBIT,XRPUSDT,60,1782676800000,1.044,1.0497,1.0432,1.0461,6242555.6,6532368.4536,1
BYBIT,XRPUSDT,60,1782680400000,1.0461,1.0464,1.0375,1.0402,7958629.3,8300172.99716,1
BYBIT,XRPUSDT,60,1782684000000,1.0402,1.0517,1.0327,1.0374,20423013.4,21271780.87929,1
BYBIT,XRPUSDT,60,1782687600000,1.0374,1.0517,1.0364,1.0479,7626854.0,7972105.64661,1
BYBIT,XRPUSDT,60,1782691200000,1.0479,1.0488,1.0331,1.047,11219103.6,11676768.76664,1
BYBIT,XRPUSDT,60,1782694800000,1.047,1.048,1.0386,1.0429,4391581.8,4580684.92969,1
BYBIT,XRPUSDT,60,1782698400000,1.0429,1.0479,1.031,1.0459,11697637.3,12174415.4477,1
BYBIT,XRPUSDT,60,1782702000000,1.0459,1.0553,1.0457,1.0503,8836329.9,9291601.20924,1
BYBIT,XRPUSDT,60,1782705600000,1.0503,1.0503,1.0413,1.0429,5488985.9,5734127.34904,1
BYBIT,XRPUSDT,60,1782709200000,1.0429,1.0479,1.0352,1.0479,8252021.6,8588390.57701,1
BYBIT,XRPUSDT,60,1782712800000,1.0479,1.0543,1.0469,1.0489,8679185.2,9119874.16133,1
BYBIT,XRPUSDT,60,1782716400000,1.0489,1.0518,1.045,1.0486,5181478.3,5430790.02522,1
BYBIT,XRPUSDT,60,1782720000000,1.0486,1.0504,1.0414,1.0434,7924716.4,8278001.97936,1
BYBIT,XRPUSDT,60,1782723600000,1.0434,1.0499,1.0426,1.0488,7040775.6,7371637.30414,1
BYBIT,XRPUSDT,60,1782727200000,1.0488,1.0551,1.0488,1.0514,10234747.8,10776933.61424,1
BYBIT,XRPUSDT,60,1782730800000,1.0514,1.0608,1.0472,1.0531,13366708.7,14083017.7505,1
BYBIT,XRPUSDT,60,1782734400000,1.0531,1.0658,1.0475,1.0549,27310283.8,28891748.76084,1
BYBIT,XRPUSDT,60,1782738000000,1.0549,1.062,1.0436,1.0497,25729958.9,27029231.54173,1
BYBIT,XRPUSDT,60,1782741600000,1.0497,1.0506,1.0392,1.0489,14765641.5,15414901.35577,1
BYBIT,XRPUSDT,60,1782745200000,1.0489,1.0515,1.0404,1.0488,12520564.1,13098236.20531,1
BYBIT,XRPUSDT,60,1782748800000,1.0488,1.0529,1.0423,1.0502,7417017.1,7769689.87645,1
BYBIT,XRPUSDT,60,1782752400000,1.0502,1.0689,1.0501,1.0652,16192653.3,17211354.15592,1
BYBIT,XRPUSDT,60,1782756000000,1.0652,1.0688,1.0622,1.0644,9898639.4,10547343.23507,1
BYBIT,XRPUSDT,60,1782759600000,1.0644,1.0762,1.0631,1.0746,15388067.0,16472694.28325,1
BYBIT,XRPUSDT,60,1782763200000,1.0746,1.0748,1.0623,1.063,8931809.9,9536616.03629,1
BYBIT,XRPUSDT,60,1782766800000,1.063,1.0654,1.0593,1.0641,7262334.9,7712969.93465,1
BYBIT,XRPUSDT,60,1782770400000,1.0641,1.065,1.0586,1.0589,3475519.9,3687364.84713,1
BYBIT,XRPUSDT,60,1782774000000,1.0589,1.0593,1.0548,1.0582,4018976.3,4248548.26636,1
BYBIT,XRPUSDT,60,1782777600000,1.0582,1.0585,1.0477,1.0481,9292594.2,9772370.19829,1
BYBIT,XRPUSDT,60,1782781200000,1.0481,1.0516,1.0467,1.0495,5055790.6,5301471.5838,1
BYBIT,XRPUSDT,60,1782784800000,1.0495,1.052,1.0454,1.0499,4178202.3,4381395.63286,1
BYBIT,XRPUSDT,60,1782788400000,1.0499,1.0523,1.0431,1.0447,12092142.6,12652108.69561,1
BYBIT,XRPUSDT,60,1782792000000,1.0447,1.0473,1.042,1.0456,4104005.3,4286572.88722,1
BYBIT,XRPUSDT,60,1782795600000,1.0456,1.049,1.0445,1.0488,3114005.8,3259179.9733,1
BYBIT,XRPUSDT,60,1782799200000,1.0488,1.0506,1.047,1.0491,3095705.9,3246354.88802,1
BYBIT,XRPUSDT,60,1782802800000,1.0491,1.0499,1.046,1.0468,3173142.5,3323826.4133,1
BYBIT,XRPUSDT,60,1782806400000,1.0468,1.0476,1.0403,1.0441,8205932.7,8560615.36198,1
BYBIT,XRPUSDT,60,1782810000000,1.0441,1.0455,1.0415,1.0434,3036927.5,3168662.89607,1
BYBIT,XRPUSDT,60,1782813600000,1.0434,1.0438,1.0409,1.0415,2627740.4,2738973.6527,1
BYBIT,XRPUSDT,60,1782817200000,1.0415,1.0431,1.0365,1.0385,8923507.2,9277603.13381,1
BYBIT,XRPUSDT,60,1782820800000,1.0385,1.0385,1.027,1.0273,26637974.8,27464431.95142,1
BYBIT,XRPUSDT,60,1782824400000,1.0273,1.0356,1.0269,1.0349,14448187.3,14898699.52021,1
BYBIT,XRPUSDT,60,1782828000000,1.0349,1.0447,1.0323,1.0339,15128403.9,15725488.35679,1
BYBIT,XRPUSDT,60,1782831600000,1.0339,1.041,1.0289,1.0335,19175958.3,19835933.36942,1
BYBIT,XRPUSDT,60,1782835200000,1.0335,1.0437,1.0318,1.0409,10579435.3,10976244.21412,1
BYBIT,XRPUSDT,60,1782838800000,1.0409,1.0441,1.0373,1.0382,4794619.7,4989179.66261,1
BYBIT,XRPUSDT,60,1782842400000,1.0382,1.0475,1.0372,1.0428,5304968.0,5530789.80689,1
BYBIT,XRPUSDT,60,1782846000000,1.0428,1.0495,1.0382,1.0446,7854874.6,8205370.86399,1
BYBIT,XRPUSDT,60,1782849600000,1.0446,1.0463,1.0405,1.0414,3254307.6,3395525.61695,1
BYBIT,XRPUSDT,60,1782853200000,1.0414,1.0423,1.0381,1.041,4791795.2,4984909.12341,1
BYBIT,XRPUSDT,60,1782856800000,1.041,1.0439,1.0383,1.0401,2576989.5,2681794.22165,1
BYBIT,XRPUSDT,60,1782860400000,1.0401,1.0404,1.0377,1.0395,1532105.1,1591790.59832,1
BYBIT,XRPUSDT,60,1782864000000,1.0395,1.0409,1.0347,1.0367,6388009.2,6623463.21678,1
BYBIT,XRPUSDT,60,1782867600000,1.0367,1.0428,1.0211,1.0408,23396418.7,24095105.10111,1
BYBIT,XRPUSDT,60,1782871200000,1.0408,1.0473,1.0377,1.0455,6812443.9,7109279.4889,1
BYBIT,XRPUSDT,60,1782874800000,1.0455,1.0525,1.0417,1.0503,7138124.6,7478193.76977,1
BYBIT,XRPUSDT,60,1782878400000,1.0503,1.0539,1.0482,1.0508,3206951.5,3370228.59419,1
BYBIT,XRPUSDT,60,1782882000000,1.0508,1.0527,1.0479,1.0502,2793326.1,2932475.75564,1
BYBIT,XRPUSDT,60,1782885600000,1.0502,1.0503,1.0386,1.0416,19571274.2,20400853.46344,1
BYBIT,XRPUSDT,60,1782889200000,1.0416,1.0436,1.0385,1.0433,4106302.0,4276454.92573,1
BYBIT,XRPUSDT,60,1782892800000,1.0433,1.0473,1.0375,1.0471,4564107.3,4756539.26097,1
BYBIT,XRPUSDT,60,1782896400000,1.0471,1.0486,1.0439,1.0453,5292403.7,5534807.49622,1
BYBIT,XRPUSDT,60,1782900000000,1.0453,1.046,1.0389,1.0397,3412217.5,3554929.78487,1
BYBIT,XRPUSDT,60,1782903600000,1.0397,1.0421,1.0354,1.038,10779713.7,11193899.14231,1
BYBIT,XRPUSDT,60,1782907200000,1.038,1.0394,1.033,1.0364,8482042.0,8782370.1428,1
BYBIT,XRPUSDT,60,1782910800000,1.0364,1.0489,1.0357,1.0487,23696317.2,24710337.77213,1
BYBIT,XRPUSDT,60,1782914400000,1.0487,1.0607,1.0461,1.0515,26804724.8,28264151.50257,1
BYBIT,XRPUSDT,60,1782918000000,1.0515,1.0655,1.051,1.0601,14506317.3,15385022.85894,1
BYBIT,XRPUSDT,60,1782921600000,1.0601,1.0645,1.0551,1.0568,7463262.4,7906239.97734,1
BYBIT,XRPUSDT,60,1782925200000,1.0568,1.0623,1.0542,1.0614,4170653.9,4417123.3854,1
BYBIT,XRPUSDT,60,1782928800000,1.0614,1.0637,1.0575,1.0597,3577301.4,3795670.27591,1
BYBIT,XRPUSDT,60,1782932400000,1.0597,1.065,1.0583,1.0609,5339106.1,5668419.06686,1
BYBIT,XRPUSDT,60,1782936000000,1.0609,1.061,1.0554,1.0577,4224028.7,4465660.84035,1
BYBIT,XRPUSDT,60,1782939600000,1.0577,1.0692,1.0573,1.066,7575288.6,8057079.12912,1
BYBIT,XRPUSDT,60,1782943200000,1.066,1.0734,1.0596,1.0608,10556268.3,11267276.81234,1
BYBIT,XRPUSDT,60,1782946800000,1.0608,1.0609,1.0513,1.0524,9431241.8,9952096.73836,1
BYBIT,XRPUSDT,60,1782950400000,1.0524,1.0525,1.0441,1.0473,6884732.0,7214489.83461,1
BYBIT,XRPUSDT,60,1782954000000,1.0473,1.0595,1.0463,1.0568,5097107.6,5368415.87543,1
BYBIT,XRPUSDT,60,1782957600000,1.0568,1.0607,1.0542,1.0593,2726425.5,2883847.32975,1
BYBIT,XRPUSDT,60,1782961200000,1.0593,1.0697,1.0557,1.0672,9957179.8,10589892.39817,1
BYBIT,XRPUSDT,60,1782964800000,1.0672,1.0674,1.0611,1.0641,3292904.8,3502171.88272,1
BYBIT,XRPUSDT,60,1782968400000,1.0641,1.0661,1.058,1.0593,5268186.8,5595790.84298,1
BYBIT,XRPUSDT,60,1782972000000,1.0593,1.0613,1.0551,1.0559,5661006.9,5990979.91635,1
BYBIT,XRPUSDT,60,1782975600000,1.0559,1.0593,1.0551,1.0579,3077870.5,3254258.53914,1
BYBIT,XRPUSDT,60,1782979200000,1.0579,1.0643,1.0579,1.0636,4787624.6,5081484.6086,1
BYBIT,XRPUSDT,60,1782982800000,1.0636,1.0814,1.0616,1.0731,20102251.7,21614980.47012,1
BYBIT,XRPUSDT,60,1782986400000,1.0731,1.0818,1.0719,1.0811,10197071.2,10979289.81826,1
BYBIT,XRPUSDT,60,1782990000000,1.0811,1.0856,1.0763,1.0836,11760736.0,12726026.49802,1
BYBIT,XRPUSDT,60,1782993600000,1.0836,1.097,1.0827,1.0923,22799029.3,24877014.44104,1
BYBIT,XRPUSDT,60,1782997200000,1.0923,1.1119,1.0913,1.1037,26236591.9,28935170.13908,1
BYBIT,XRPUSDT,60,1783000800000,1.1037,1.1073,1.0876,1.0915,21824716.6,23901967.67005,1
BYBIT,XRPUSDT,60,1783004400000,1.0915,1.096,1.0857,1.0931,7617440.9,8312476.75542,1
BYBIT,XRPUSDT,60,1783008000000,1.0931,1.0958,1.086,1.0903,8632603.3,9410936.04963,1
BYBIT,XRPUSDT,60,1783011600000,1.0903,1.0935,1.0874,1.0877,6747190.5,7355286.89804,1
BYBIT,XRPUSDT,60,1783015200000,1.0877,1.0911,1.0866,1.0887,4440355.8,4836445.64216,1
BYBIT,XRPUSDT,60,1783018800000,1.0887,1.089,1.0828,1.0847,5834016.4,6330732.41547,1
BYBIT,XRPUSDT,60,1783022400000,1.0847,1.085,1.0807,1.0825,7989728.1,8649518.57405,1
BYBIT,XRPUSDT,60,1783026000000,1.0825,1.0838,1.0782,1.0809,3540690.9,3827907.58876,1
BYBIT,XRPUSDT,60,1783029600000,1.0809,1.0842,1.0781,1.0832,3885888.5,4199892.71164,1
BYBIT,XRPUSDT,60,1783033200000,1.0832,1.0876,1.0814,1.0874,4413391.2,4787949.62864,1
BYBIT,XRPUSDT,60,1783036800000,1.0874,1.0878,1.0819,1.0833,4001301.2,4340263.02389,1
BYBIT,XRPUSDT,60,1783040400000,1.0833,1.095,1.0827,1.0933,5827315.4,6356434.21661,1
BYBIT,XRPUSDT,60,1783044000000,1.0933,1.0945,1.0863,1.0908,5068745.2,5523094.31205,1
BYBIT,XRPUSDT,60,1783047600000,1.0908,1.0922,1.0858,1.0899,3815425.6,4155314.54784,1
BYBIT,XRPUSDT,60,1783051200000,1.0899,1.0936,1.088,1.092,3648164.1,3982335.94636,1
BYBIT,XRPUSDT,60,1783054800000,1.092,1.101,1.091,1.0994,6197235.4,6802601.81281,1
BYBIT,XRPUSDT,60,1783058400000,1.0994,1.1062,1.0987,1.1004,5933082.6,6543158.86981,1
BYBIT,XRPUSDT,60,1783062000000,1.1004,1.1045,1.097,1.1021,6478055.0,7128523.36107,1
BYBIT,XRPUSDT,60,1783065600000,1.1021,1.1069,1.0985,1.0995,6616849.7,7294402.90803,1
BYBIT,XRPUSDT,60,1783069200000,1.0995,1.1039,1.0978,1.1007,2969277.2,3268646.85366,1
BYBIT,XRPUSDT,60,1783072800000,1.1007,1.1125,1.0988,1.1086,13557555.4,14999865.20973,1
BYBIT,XRPUSDT,60,1783076400000,1.1086,1.1118,1.106,1.1096,8073838.6,8955384.26334,1
BYBIT,XRPUSDT,60,1783080000000,1.1096,1.1135,1.1028,1.1073,7934469.3,8784569.32399,1
BYBIT,XRPUSDT,60,1783083600000,1.1073,1.1152,1.1072,1.1109,9106860.2,10127622.57323,1
BYBIT,XRPUSDT,60,1783087200000,1.1109,1.1136,1.105,1.1117,9093354.1,10090157.51343,1
BYBIT,XRPUSDT,60,1783090800000,1.1117,1.1234,1.1115,1.1197,13558902.6,15167409.18678,1
BYBIT,XRPUSDT,60,1783094400000,1.1197,1.1212,1.1136,1.1147,9184990.3,10259195.35947,1
BYBIT,XRPUSDT,60,1783098000000,1.1147,1.1241,1.114,1.1228,6552389.3,7333218.36454,1
BYBIT,XRPUSDT,60,1783101600000,1.1228,1.1291,1.12,1.1265,7180876.4,8075439.22814,1
BYBIT,XRPUSDT,60,1783105200000,1.1265,1.1449,1.1256,1.1313,22728017.4,25843229.95856,1
BYBIT,XRPUSDT,60,1783108800000,1.1313,1.1437,1.1274,1.1389,19838022.2,22526720.22203,1
BYBIT,XRPUSDT,60,1783112400000,1.1389,1.141,1.1258,1.1328,8844897.0,10010700.08795,1
BYBIT,XRPUSDT,60,1783116000000,1.1328,1.135,1.1272,1.1297,4254666.2,4805948.52595,1
BYBIT,XRPUSDT,60,1783119600000,1.1297,1.1374,1.1281,1.1342,6920055.1,7841353.95902,1
BYBIT,XRPUSDT,60,1783123200000,1.1342,1.1427,1.1331,1.1409,8883080.4,10105431.47622,1
BYBIT,XRPUSDT,60,1783126800000,1.1409,1.1409,1.1307,1.1327,9847562.4,11185418.13812,1
BYBIT,XRPUSDT,60,1783130400000,1.1327,1.1385,1.1315,1.135,4403461.8,4997332.16394,1
BYBIT,XRPUSDT,60,1783134000000,1.135,1.1409,1.1315,1.1374,5137140.1,5839342.60169,1
BYBIT,XRPUSDT,60,1783137600000,1.1374,1.1494,1.136,1.1474,14115443.3,16153779.57722,1
BYBIT,XRPUSDT,60,1783141200000,1.1474,1.1474,1.1371,1.1387,9957610.0,11360380.44689,1
BYBIT,XRPUSDT,60,1783144800000,1.1387,1.1464,1.133,1.1372,11041626.9,12581585.02117,1
BYBIT,XRPUSDT,60,1783148400000,1.1372,1.143,1.1325,1.1391,13932088.3,15842691.83144,1
BYBIT,XRPUSDT,60,1783152000000,1.1391,1.1489,1.139,1.1413,14063420.1,16092099.44583,1
BYBIT,XRPUSDT,60,1783155600000,1.1413,1.1437,1.1344,1.1366,9390248.4,10692478.68975,1
BYBIT,XRPUSDT,60,1783159200000,1.1366,1.142,1.1349,1.1409,5691499.5,6481300.60183,1
BYBIT,XRPUSDT,60,1783162800000,1.1409,1.144,1.1376,1.1397,7535953.8,8598026.52422,1
BYBIT,XRPUSDT,60,1783166400000,1.1397,1.1543,1.1396,1.1473,16493119.2,18919859.1219,1
BYBIT,XRPUSDT,60,1783170000000,1.1473,1.1609,1.1469,1.1521,18584919.1,21425130.19842,1
BYBIT,XRPUSDT,60,1783173600000,1.1521,1.174,1.152,1.173,33769368.3,39327414.02838,1
BYBIT,XRPUSDT,60,1783177200000,1.173,1.1805,1.1665,1.1718,25941229.6,30419893.85357,1
BYBIT,XRPUSDT,60,1783180800000,1.1718,1.1772,1.1629,1.1735,15900707.6,18586616.38176,1
BYBIT,XRPUSDT,60,1783184400000,1.1735,1.1838,1.1673,1.1806,17236409.8,20248808.54343,1
BYBIT,XRPUSDT,60,1783188000000,1.1806,1.182,1.1728,1.1742,7619110.7,8971026.82813,1
BYBIT,XRPUSDT,60,1783191600000,1.1742,1.1778,1.1659,1.1677,9375609.3,10976702.69204,1
BYBIT,XRPUSDT,60,1783195200000,1.1677,1.1695,1.1589,1.1622,10586302.1,12306310.46926,1
BYBIT,XRPUSDT,60,1783198800000,1.1622,1.1679,1.1611,1.1655,5153589.3,6003013.47559,1
BYBIT,XRPUSDT,60,1783202400000,1.1655,1.1663,1.1597,1.1616,4633386.4,5384633.54575,1
BYBIT,XRPUSDT,60,1783206000000,1.1616,1.1619,1.1535,1.157,13600407.8,15739773.48116,1
BYBIT,XRPUSDT,60,1783209600000,1.157,1.157,1.1466,1.1491,15597593.4,17948520.83108,1
BYBIT,XRPUSDT,60,1783213200000,1.1491,1.1507,1.1418,1.1449,11481574.7,13152973.6833,1
BYBIT,XRPUSDT,60,1783216800000,1.1449,1.1451,1.1332,1.137,13095886.8,14896996.85432,1
BYBIT,XRPUSDT,60,1783220400000,1.137,1.1404,1.1348,1.1379,10454615.1,11889213.61526,1
BYBIT,XRPUSDT,60,1783224000000,1.1379,1.1417,1.1361,1.1374,7677764.7,8748765.85735,1
BYBIT,XRPUSDT,60,1783227600000,1.1374,1.1374,1.1322,1.1358,5924816.2,6724272.14119,1
BYBIT,XRPUSDT,60,1783231200000,1.1358,1.1387,1.1333,1.1376,3975508.7,4518757.53372,1
BYBIT,XRPUSDT,60,1783234800000,1.1376,1.1403,1.1347,1.1392,5934641.1,6753390.54797,1
BYBIT,XRPUSDT,60,1783238400000,1.1392,1.1408,1.1366,1.1378,5499490.2,6263960.29113,1
BYBIT,XRPUSDT,60,1783242000000,1.1378,1.1386,1.1252,1.1271,19579470.2,22120311.31888,1
BYBIT,XRPUSDT,60,1783245600000,1.1271,1.1296,1.1243,1.1288,7283106.6,8212181.36425,1
BYBIT,XRPUSDT,60,1783249200000,1.1288,1.1327,1.1273,1.1313,5490550.8,6207285.53153,1
BYBIT,XRPUSDT,60,1783252800000,1.1313,1.1361,1.1279,1.135,8027943.7,9094550.9871,1
BYBIT,XRPUSDT,60,1783256400000,1.135,1.1364,1.1301,1.1348,5263661.4,5964216.4611,1
BYBIT,XRPUSDT,60,1783260000000,1.1348,1.1373,1.1328,1.1364,3908143.7,4435473.32843,1
BYBIT,XRPUSDT,60,1783263600000,1.1364,1.1407,1.134,1.1362,11344526.6,12906927.20113,1
BYBIT,XRPUSDT,60,1783267200000,1.1362,1.1383,1.1335,1.1343,3851367.7,4372635.54943,1
BYBIT,XRPUSDT,60,1783270800000,1.1343,1.1384,1.1314,1.134,5751014.1,6526770.29903,1
BYBIT,XRPUSDT,60,1783274400000,1.134,1.1397,1.1339,1.1353,3245383.4,3690498.55534,1
BYBIT,XRPUSDT,60,1783278000000,1.1353,1.1375,1.1329,1.1345,4352553.6,4939009.69682,1
BYBIT,XRPUSDT,60,1783281600000,1.1345,1.1376,1.1338,1.1367,3142453.1,3570317.77644,1
BYBIT,XRPUSDT,60,1783285200000,1.1367,1.1481,1.1343,1.1437,11666520.3,13315159.83343,1
BYBIT,XRPUSDT,60,1783288800000,1.1437,1.1616,1.1417,1.1573,18806488.8,21710089.21513,1
BYBIT,XRPUSDT,60,1783292400000,1.1573,1.1691,1.1547,1.1567,13166208.9,15281335.83537,1
BYBIT,XRPUSDT,60,1783296000000,1.1567,1.1581,1.1452,1.1555,10064160.5,11591894.5148,1
BYBIT,XRPUSDT,60,1783299600000,1.1555,1.1609,1.1515,1.1519,9334698.7,10795144.88511,1
BYBIT,XRPUSDT,60,1783303200000,1.1519,1.1538,1.1457,1.1481,7720581.0,8874142.80953,1
BYBIT,XRPUSDT,60,1783306800000,1.1481,1.15,1.1401,1.1468,11079124.5,12673568.66297,1
BYBIT,XRPUSDT,60,1783310400000,1.1468,1.1483,1.1437,1.1453,3622092.9,4151951.28954,1
BYBIT,XRPUSDT,60,1783314000000,1.1453,1.1454,1.1359,1.1402,13478998.8,15373143.20574,1
BYBIT,XRPUSDT,60,1783317600000,1.1402,1.1409,1.1361,1.1374,5031361.6,5726150.32615,1
BYBIT,XRPUSDT,60,1783321200000,1.1374,1.1465,1.1357,1.1453,6749131.2,7697314.97041,1
BYBIT,XRPUSDT,60,1783324800000,1.1453,1.1509,1.1392,1.1418,9064873.5,10368782.89064,1
BYBIT,XRPUSDT,60,1783328400000,1.1418,1.142,1.1334,1.1357,7205402.2,8192020.14421,1
BYBIT,XRPUSDT,60,1783332000000,1.1357,1.1442,1.1354,1.142,6671615.5,7609926.01379,1
BYBIT,XRPUSDT,60,1783335600000,1.142,1.1434,1.1341,1.1343,7715626.6,8789295.54341,1
BYBIT,XRPUSDT,60,1783339200000,1.1343,1.1348,1.1134,1.1147,35005999.4,39341734.60427,1
BYBIT,XRPUSDT,60,1783342800000,1.1147,1.1222,1.1088,1.1152,24853474.9,27687894.78453,1
BYBIT,XRPUSDT,60,1783346400000,1.1152,1.1264,1.1131,1.123,12239396.4,13711314.03651,1
BYBIT,XRPUSDT,60,1783350000000,1.123,1.1448,1.1229,1.1439,19303945.3,21891255.56802,1
BYBIT,XRPUSDT,60,1783353600000,1.1439,1.1539,1.1391,1.1529,18252850.4,20944753.59984,1
BYBIT,XRPUSDT,60,1783357200000,1.1529,1.1585,1.1458,1.1463,13934699.5,16063398.27512,1
BYBIT,XRPUSDT,60,1783360800000,1.1463,1.1501,1.1406,1.1477,9341164.2,10705629.13903,1
BYBIT,XRPUSDT,60,1783364400000,1.1477,1.1524,1.1445,1.1486,8627723.8,9902049.9011,1
BYBIT,XRPUSDT,60,1783368000000,1.1486,1.1486,1.1415,1.1434,6475776.0,7404959.46346,1
BYBIT,XRPUSDT,60,1783371600000,1.1434,1.1643,1.1429,1.1531,16724334.6,19314617.48299,1
BYBIT,XRPUSDT,60,1783375200000,1.1531,1.1542,1.1462,1.1472,4432591.4,5095310.71103,1
BYBIT,XRPUSDT,60,1783378800000,1.1472,1.1498,1.1434,1.1447,4123736.9,4725103.09063,1
BYBIT,XRPUSDT,60,1783382400000,1.1447,1.1509,1.1441,1.148,6468810.6,7420276.19424,1
BYBIT,XRPUSDT,60,1783386000000,1.148,1.148,1.1387,1.1405,7056519.5,8058840.24301,1
BYBIT,XRPUSDT,60,1783389600000,1.1405,1.1415,1.1292,1.1304,11949747.1,13578151.16898,1
BYBIT,XRPUSDT,60,1783393200000,1.1304,1.134,1.1267,1.1285,12018065.5,13592098.20305,1
BYBIT,XRPUSDT,60,1783396800000,1.1285,1.1289,1.1227,1.1248,8842844.5,9957040.55036,1
BYBIT,XRPUSDT,60,1783400400000,1.1248,1.1287,1.1205,1.1269,10190675.1,11468348.73078,1
BYBIT,XRPUSDT,60,1783404000000,1.1269,1.1326,1.1241,1.1318,6305937.0,7118534.89426,1
BYBIT,XRPUSDT,60,1783407600000,1.1318,1.1344,1.126,1.1261,7205781.1,8140531.96813,1
BYBIT,XRPUSDT,60,1783411200000,1.1261,1.1275,1.1235,1.1243,4560796.8,5131377.16771,1
BYBIT,XRPUSDT,60,1783414800000,1.1243,1.1267,1.1235,1.1263,3363273.2,3785336.20741,1
BYBIT,XRPUSDT,60,1783418400000,1.1263,1.1297,1.1219,1.1231,8766757.9,9867315.95792,1
BYBIT,XRPUSDT,60,1783422000000,1.1231,1.125,1.1195,1.1245,7775196.3,8721481.59786,1
BYBIT,XRPUSDT,60,1783425600000,1.1245,1.1317,1.1241,1.1261,7981908.3,9009868.01393,1
BYBIT,XRPUSDT,60,1783429200000,1.1261,1.1272,1.1186,1.1203,16803131.6,18852829.66215,1
BYBIT,XRPUSDT,60,1783432800000,1.1203,1.1253,1.1077,1.1245,30241049.5,33725625.16884,1
BYBIT,XRPUSDT,60,1783436400000,1.1245,1.1322,1.12,1.1299,9554237.2,10771026.30858,1
BYBIT,XRPUSDT,60,1783440000000,1.1299,1.1349,1.1242,1.1288,9921357.1,11205852.61327,1
BYBIT,XRPUSDT,60,1783443600000,1.1288,1.132,1.1257,1.1319,4750940.0,5362334.41204,1
BYBIT,XRPUSDT,60,1783447200000,1.1319,1.132,1.1186,1.1189,15348449.7,17239835.98708,1
BYBIT,XRPUSDT,60,1783450800000,1.1189,1.1251,1.1127,1.1221,12988776.2,14518702.68515,1
BYBIT,XRPUSDT,60,1783454400000,1.1221,1.1226,1.1166,1.1182,5177789.2,5796046.71236,1
BYBIT,XRPUSDT,60,1783458000000,1.1182,1.1211,1.1114,1.113,5348469.9,5968735.74063,1
BYBIT,XRPUSDT,60,1783461600000,1.113,1.1165,1.1051,1.115,14955037.2,16619723.14127,1
BYBIT,XRPUSDT,60,1783465200000,1.115,1.1186,1.1106,1.1113,7813375.5,8702998.31958,1
BYBIT,XRPUSDT,60,1783468800000,1.1113,1.116,1.1092,1.1133,8011414.7,8915529.58426,1
BYBIT,XRPUSDT,60,1783472400000,1.1133,1.1151,1.0971,1.0983,20851944.9,23039379.20292,1
BYBIT,XRPUSDT,60,1783476000000,1.0983,1.1012,1.0895,1.0998,19354804.2,21195549.29356,1
BYBIT,XRPUSDT,60,1783479600000,1.0998,1.1036,1.0934,1.0949,6237516.3,6856033.27332,1
BYBIT,XRPUSDT,60,1783483200000,1.0949,1.0967,1.0912,1.0943,6082542.3,6655546.81631,1
BYBIT,XRPUSDT,60,1783486800000,1.0943,1.0958,1.0887,1.091,5772119.5,6301156.23601,1
BYBIT,XRPUSDT,60,1783490400000,1.091,1.0921,1.0858,1.0909,9080081.6,9884159.19513,1
BYBIT,XRPUSDT,60,1783494000000,1.0909,1.0947,1.0875,1.0935,5588199.3,6103779.95932,1
BYBIT,XRPUSDT,60,1783497600000,1.0935,1.0946,1.0735,1.0799,44897666.5,48474330.17684,1
BYBIT,XRPUSDT,60,1783501200000,1.0799,1.0818,1.0752,1.0788,8555192.1,9228379.18056,1
BYBIT,XRPUSDT,60,1783504800000,1.0788,1.084,1.0764,1.0833,11193645.4,12084772.56271,1
BYBIT,XRPUSDT,60,1783508400000,1.0833,1.0885,1.0798,1.0863,8449062.0,9163049.7525,1
BYBIT,XRPUSDT,60,1783512000000,1.0863,1.0881,1.0815,1.0816,6235332.5,6764038.38065,1
BYBIT,XRPUSDT,60,1783515600000,1.0816,1.0872,1.0771,1.081,22294425.7,24100047.87869,1
BYBIT,XRPUSDT,60,1783519200000,1.081,1.0842,1.0736,1.0777,12204789.5,13168921.58643,1
BYBIT,XRPUSDT,60,1783522800000,1.0777,1.0781,1.0687,1.0732,11254979.8,12068814.05826,1
BYBIT,XRPUSDT,60,1783526400000,1.0732,1.0837,1.0728,1.0836,9444686.2,10193598.62401,1
BYBIT,XRPUSDT,60,1783530000000,1.0836,1.0949,1.0832,1.086,11029367.2,12008163.33952,1
BYBIT,XRPUSDT,60,1783533600000,1.086,1.0902,1.0826,1.0873,8311896.4,9034699.76373,1
BYBIT,XRPUSDT,60,1783537200000,1.0873,1.0955,1.0845,1.0907,8270480.3,9006832.25296,1
BYBIT,XRPUSDT,60,1783540800000,1.0907,1.0924,1.0871,1.0882,7243813.0,7888763.81337,1
BYBIT,XRPUSDT,60,1783544400000,1.0882,1.0907,1.0835,1.0905,5957749.9,6474541.99806,1
BYBIT,XRPUSDT,60,1783548000000,1.0905,1.0927,1.0888,1.0924,3627190.2,3955832.95765,1
BYBIT,XRPUSDT,60,1783551600000,1.0924,1.0924,1.0871,1.0903,5421102.2,5905269.6604,1
BYBIT,XRPUSDT,60,1783555200000,1.0903,1.0912,1.0866,1.0876,3818278.5,4158518.49669,1
BYBIT,XRPUSDT,60,1783558800000,1.0876,1.0987,1.0822,1.0828,12462984.3,13590780.23388,1
BYBIT,XRPUSDT,60,1783562400000,1.0828,1.0899,1.0819,1.0839,4282972.1,4652082.38304,1
BYBIT,XRPUSDT,60,1783566000000,1.0839,1.0891,1.0823,1.0872,4311135.2,4679889.99961,1
BYBIT,XRPUSDT,60,1783569600000,1.0872,1.0943,1.0845,1.0937,3749411.3,4084280.43112,1
BYBIT,XRPUSDT,60,1783573200000,1.0937,1.0998,1.0909,1.0989,5693107.7,6233757.12766,1
BYBIT,XRPUSDT,60,1783576800000,1.0989,1.1019,1.0959,1.0996,7158066.9,7869291.68136,1
BYBIT,XRPUSDT,60,1783580400000,1.0996,1.1023,1.0943,1.0975,5600831.4,6148771.12843,1
BYBIT,XRPUSDT,60,1783584000000,1.0975,1.0986,1.0943,1.0949,4387311.0,4811134.68973,1
BYBIT,XRPUSDT,60,1783587600000,1.0949,1.095,1.091,1.0939,4399830.2,4808378.13365,1
BYBIT,XRPUSDT,60,1783591200000,1.0939,1.0964,1.0896,1.0917,5467255.0,5975632.71194,1
BYBIT,XRPUSDT,60,1783594800000,1.0917,1.0936,1.0901,1.093,4416097.4,4820633.3483,1
BYBIT,XRPUSDT,60,1783598400000,1.093,1.0968,1.0902,1.0935,12871618.3,14078782.70684,1
BYBIT,XRPUSDT,60,1783602000000,1.0935,1.1014,1.0923,1.0987,7234289.8,7932761.07589,1
BYBIT,XRPUSDT,60,1783605600000,1.0987,1.1005,1.0905,1.0934,7300262.6,7993685.03898,1
BYBIT,XRPUSDT,60,1783609200000,1.0934,1.0965,1.0886,1.0895,7964201.0,8694946.8169,1
BYBIT,XRPUSDT,60,1783612800000,1.0895,1.0917,1.0859,1.0882,6345367.7,6905055.89886,1
BYBIT,XRPUSDT,60,1783616400000,1.0882,1.0977,1.0882,1.0958,4883119.9,5343082.43127,1
BYBIT,XRPUSDT,60,1783620000000,1.0958,1.1001,1.0926,1.0945,7859847.3,8621754.04528,1
BYBIT,XRPUSDT,60,1783623600000,1.0945,1.0981,1.0915,1.0971,4063567.4,4447684.57072,1
BYBIT,XRPUSDT,60,1783627200000,1.0971,1.0993,1.0948,1.0969,2460323.7,2699600.89683,1
BYBIT,XRPUSDT,60,1783630800000,1.0969,1.098,1.0964,1.0973,1839766.2,2018707.02262,1
BYBIT,XRPUSDT,60,1783634400000,1.0973,1.0981,1.0951,1.0956,1964306.6,2153838.59899,1
BYBIT,XRPUSDT,60,1783638000000,1.0956,1.0958,1.0918,1.0929,3658204.5,3998893.08168,1
BYBIT,XRPUSDT,60,1783641600000,1.0929,1.0933,1.088,1.0916,6166848.8,6726518.781,1
BYBIT,XRPUSDT,60,1783645200000,1.0916,1.1084,1.0895,1.1042,12438303.2,13702873.51158,1
BYBIT,XRPUSDT,60,1783648800000,1.1042,1.1093,1.1012,1.1071,7699842.0,8506059.4878,1
BYBIT,XRPUSDT,60,1783652400000,1.1071,1.1088,1.1032,1.1064,2366394.7,2617424.31493,1
BYBIT,XRPUSDT,60,1783656000000,1.1064,1.1119,1.1055,1.109,4598100.9,5096864.29184,1
BYBIT,XRPUSDT,60,1783659600000,1.109,1.1101,1.1069,1.1092,1917694.9,2125542.11617,1
BYBIT,XRPUSDT,60,1783663200000,1.1092,1.1101,1.1042,1.1052,4806200.5,5316635.33252,1
BYBIT,XRPUSDT,60,1783666800000,1.1052,1.1074,1.1029,1.1051,4274847.9,4723401.01725,1
BYBIT,XRPUSDT,60,1783670400000,1.1051,1.115,1.1041,1.1117,9977480.3,11092471.77853,1
BYBIT,XRPUSDT,60,1783674000000,1.1117,1.1177,1.1093,1.115,6984463.5,7786209.4022,1
BYBIT,XRPUSDT,60,1783677600000,1.115,1.1173,1.1122,1.1135,6504420.1,7252006.50999,1
BYBIT,XRPUSDT,60,1783681200000,1.1135,1.1151,1.1082,1.1118,8367407.8,9297228.65889,1
BYBIT,XRPUSDT,60,1783684800000,1.1118,1.114,1.1068,1.1068,9182872.1,10193873.09558,1
BYBIT,XRPUSDT,60,1783688400000,1.1068,1.1123,1.1057,1.1097,7188316.4,7972073.08177,1
BYBIT,XRPUSDT,60,1783692000000,1.1097,1.11,1.0956,1.1006,28703935.0,31634342.62511,1
BYBIT,XRPUSDT,60,1783695600000,1.1006,1.1054,1.0997,1.1031,4429331.7,4880796.56287,1
BYBIT,XRPUSDT,60,1783699200000,1.1031,1.1056,1.0989,1.1047,5155435.1,5684110.09845,1
BYBIT,XRPUSDT,60,1783702800000,1.1047,1.1056,1.1002,1.1004,3078359.1,3394865.07167,1
BYBIT,XRPUSDT,60,1783706400000,1.1004,1.1044,1.0968,1.0991,4090847.1,4502705.55027,1
BYBIT,XRPUSDT,60,1783710000000,1.0991,1.1064,1.0978,1.1047,5244030.2,5783904.97625,1
BYBIT,XRPUSDT,60,1783713600000,1.1047,1.1059,1.1025,1.1036,3459391.9,3820233.90877,1
BYBIT,XRPUSDT,60,1783717200000,1.1036,1.1064,1.1021,1.1043,3584892.6,3961400.20711,1
BYBIT,XRPUSDT,60,1783720800000,1.1043,1.1058,1.1031,1.105,1537346.5,1697967.44786,1
BYBIT,XRPUSDT,60,1783724400000,1.105,1.1051,1.1025,1.1042,1903391.1,2101357.1433,1
BYBIT,XRPUSDT,60,1783728000000,1.1042,1.1051,1.1012,1.1047,2252759.0,2485235.59958,1
BYBIT,XRPUSDT,60,1783731600000,1.1047,1.1077,1.1023,1.1025,3163776.0,3495958.92107,1
BYBIT,XRPUSDT,60,1783735200000,1.1025,1.1061,1.1019,1.1058,2269585.9,2506773.3729,1
BYBIT,XRPUSDT,60,1783738800000,1.1058,1.1091,1.105,1.1071,3728940.4,4127992.47578,1
BYBIT,XRPUSDT,60,1783742400000,1.1071,1.1072,1.103,1.104,3396245.6,3752998.41671,1
BYBIT,XRPUSDT,60,1783746000000,1.104,1.107,1.1031,1.106,2226431.7,2461365.77389,1
BYBIT,XRPUSDT,60,1783749600000,1.106,1.1088,1.1048,1.107,3598785.7,3985006.03697,1
BYBIT,XRPUSDT,60,1783753200000,1.107,1.1087,1.1065,1.107,2134226.8,2363966.56275,1
BYBIT,XRPUSDT,60,1783756800000,1.107,1.1082,1.105,1.1079,3037454.6,3361160.01493,1
BYBIT,XRPUSDT,60,1783760400000,1.1079,1.1101,1.1058,1.1059,4953480.4,5489034.14811,1
BYBIT,XRPUSDT,60,1783764000000,1.1059,1.1087,1.1054,1.1083,2804568.1,3104257.82407,1
BYBIT,XRPUSDT,60,1783767600000,1.1083,1.1094,1.1071,1.1077,4925688.3,5459090.18911,1
BYBIT,XRPUSDT,60,1783771200000,1.1077,1.1087,1.1067,1.108,4137704.1,4582697.77349,1
BYBIT,XRPUSDT,60,1783774800000,1.108,1.1117,1.1075,1.1082,3167308.0,3512827.41827,1
BYBIT,XRPUSDT,60,1783778400000,1.1082,1.1152,1.1081,1.1133,9576699.4,10653258.97247,1
BYBIT,XRPUSDT,60,1783782000000,1.1133,1.1177,1.1088,1.1128,15521934.0,17284504.04921,1
BYBIT,XRPUSDT,60,1783785600000,1.1128,1.1156,1.1104,1.1122,4510910.7,5019992.20248,1
BYBIT,XRPUSDT,60,1783789200000,1.1122,1.1164,1.1108,1.1142,2811632.1,3131715.28248,1
BYBIT,XRPUSDT,60,1783792800000,1.1142,1.1178,1.1132,1.1165,2763953.6,3084438.20031,1
BYBIT,XRPUSDT,60,1783796400000,1.1165,1.1189,1.1136,1.1149,4574001.6,5107550.31087,1
BYBIT,XRPUSDT,60,1783800000000,1.1149,1.1156,1.1134,1.1137,1765676.3,1968106.8739,1
BYBIT,XRPUSDT,60,1783803600000,1.1137,1.1162,1.1133,1.1142,2048154.7,2283676.2376,1
BYBIT,XRPUSDT,60,1783807200000,1.1142,1.1145,1.1069,1.1085,5454067.8,6052142.79198,1
BYBIT,XRPUSDT,60,1783810800000,1.1085,1.1089,1.0961,1.0962,15985069.7,17594044.43052,1
BYBIT,XRPUSDT,60,1783814400000,1.0962,1.0983,1.0887,1.0927,22555656.1,24642190.05725,1
BYBIT,XRPUSDT,60,1783818000000,1.0927,1.0982,1.092,1.0981,9854925.0,10794504.85701,1
BYBIT,XRPUSDT,60,1783821600000,1.0981,1.0982,1.0942,1.0955,2741291.4,3003717.73141,1
BYBIT,XRPUSDT,60,1783825200000,1.0955,1.0991,1.0948,1.0991,2919904.0,3203882.58028,1
BYBIT,XRPUSDT,60,1783828800000,1.0991,1.0995,1.0936,1.0949,4662173.1,5111545.37234,1
BYBIT,XRPUSDT,60,1783832400000,1.0949,1.0959,1.0931,1.0939,3776320.2,4132347.99199,1
BYBIT,XRPUSDT,60,1783836000000,1.0939,1.0939,1.0861,1.0909,14647753.5,15951079.914,1
BYBIT,XRPUSDT,60,1783839600000,1.0909,1.093,1.0897,1.0908,4067063.8,4438553.15149,1
BYBIT,XRPUSDT,60,1783843200000,1.0908,1.0943,1.0903,1.0932,3048324.6,3329991.40247,1
BYBIT,XRPUSDT,60,1783846800000,1.0932,1.0971,1.09,1.0943,7350619.1,8044348.07114,1
BYBIT,XRPUSDT,60,1783850400000,1.0943,1.0956,1.0932,1.0943,2598198.8,2843461.85017,1
BYBIT,XRPUSDT,60,1783854000000,1.0943,1.0982,1.0922,1.0959,3245040.0,3554858.93054,1
BYBIT,XRPUSDT,60,1783857600000,1.0959,1.0996,1.0953,1.0986,3282534.2,3603975.19234,1
BYBIT,XRPUSDT,60,1783861200000,1.0986,1.101,1.0967,1.0978,3709188.6,4076635.24029,1
BYBIT,XRPUSDT,60,1783864800000,1.0978,1.1037,1.0958,1.1012,5511101.5,6061217.37459,1
BYBIT,XRPUSDT,60,1783868400000,1.1012,1.1032,1.0993,1.1015,4759599.3,5241920.80248,1
BYBIT,XRPUSDT,60,1783872000000,1.1015,1.1035,1.0994,1.1013,2986260.0,3287787.58633,1
BYBIT,XRPUSDT,60,1783875600000,1.1013,1.1019,1.0965,1.098,4157571.4,4568459.18273,1
BYBIT,XRPUSDT,60,1783879200000,1.098,1.1008,1.0968,1.1003,1939004.9,2130291.98025,1
BYBIT,XRPUSDT,60,1783882800000,1.1003,1.1011,1.0977,1.0999,1188807.7,1307494.80958,1
BYBIT,XRPUSDT,60,1783886400000,1.0999,1.1006,1.0981,1.0988,2135021.6,2346646.42522,1
BYBIT,XRPUSDT,60,1783890000000,1.0988,1.1006,1.0927,1.0938,5981441.5,6558311.68702,1
BYBIT,XRPUSDT,60,1783893600000,1.0938,1.0938,1.0804,1.0857,28914956.2,31360141.29251,1
BYBIT,XRPUSDT,60,1783897200000,1.0857,1.0868,1.083,1.0853,3538647.4,3838984.47738,1
BYBIT,XRPUSDT,60,1783900800000,1.0853,1.1022,1.0831,1.0924,20364004.1,22249951.54871,1
BYBIT,XRPUSDT,60,1783904400000,1.0924,1.0933,1.079,1.0803,13328223.6,14465276.0942,1
BYBIT,XRPUSDT,60,1783908000000,1.0803,1.0829,1.076,1.0792,11947173.8,12893693.85224,1
BYBIT,XRPUSDT,60,1783911600000,1.0792,1.0792,1.0666,1.0716,15085496.3,16170300.9775,1
BYBIT,XRPUSDT,60,1783915200000,1.0716,1.0751,1.0699,1.072,4298184.6,4610601.74231,1
BYBIT,XRPUSDT,60,1783918800000,1.072,1.0784,1.0695,1.0754,7029848.9,7551378.29299,1
BYBIT,XRPUSDT,60,1783922400000,1.0754,1.0775,1.0743,1.0773,3406454.8,3665502.81207,1
BYBIT,XRPUSDT,60,1783926000000,1.0773,1.081,1.076,1.0791,4519558.7,4876295.16555,1
BYBIT,XRPUSDT,60,1783929600000,1.0791,1.0825,1.0779,1.0793,3156525.0,3407910.56261,1
BYBIT,XRPUSDT,60,1783933200000,1.0793,1.08,1.0779,1.0779,2426204.3,2618026.44528,1
BYBIT,XRPUSDT,60,1783936800000,1.0779,1.0788,1.0752,1.0767,4213774.9,4539239.46979,1
BYBIT,XRPUSDT,60,1783940400000,1.0767,1.0806,1.0765,1.0767,3107685.1,3352731.2525,1
BYBIT,XRPUSDT,60,1783944000000,1.0767,1.078,1.0695,1.073,8557475.8,9184321.57251,1
BYBIT,XRPUSDT,60,1783947600000,1.073,1.0732,1.0651,1.0682,10816900.1,11562286.75623,1
BYBIT,XRPUSDT,60,1783951200000,1.0682,1.0778,1.0663,1.0769,11035386.2,11840626.29702,1
BYBIT,XRPUSDT,60,1783954800000,1.0769,1.0797,1.0716,1.072,5082812.1,5471487.51508,1
BYBIT,XRPUSDT,60,1783958400000,1.072,1.074,1.0659,1.0681,5991823.7,6405559.86841,1
BYBIT,XRPUSDT,60,1783962000000,1.0681,1.0701,1.0582,1.0586,9829037.8,10444034.37147,1
BYBIT,XRPUSDT,60,1783965600000,1.0586,1.0625,1.0563,1.061,9345499.5,9895674.98519,1
BYBIT,XRPUSDT,60,1783969200000,1.061,1.0702,1.0601,1.0668,8364321.3,8904735.39742,1
BYBIT,XRPUSDT,60,1783972800000,1.0668,1.0676,1.0582,1.0619,7152801.5,7597323.19694,1
BYBIT,XRPUSDT,60,1783976400000,1.0619,1.062,1.0525,1.0588,11455941.3,12110415.7826,1
BYBIT,XRPUSDT,60,1783980000000,1.0588,1.0626,1.0579,1.0579,5868860.0,6223742.52709,1
BYBIT,XRPUSDT,60,1783983600000,1.0579,1.0667,1.0569,1.0666,9259459.4,9838310.74625,1
BYBIT,XRPUSDT,60,1783987200000,1.0666,1.0698,1.0639,1.0687,6604966.1,7048631.23795,1
BYBIT,XRPUSDT,60,1783990800000,1.0687,1.0703,1.0645,1.0646,3770763.4,4025305.81585,1
BYBIT,XRPUSDT,60,1783994400000,1.0646,1.0669,1.0621,1.0653,4337812.3,4616006.63866,1
BYBIT,XRPUSDT,60,1783998000000,1.0653,1.0668,1.0605,1.0656,3414886.2,3631637.37318,1
BYBIT,XRPUSDT,60,1784001600000,1.0656,1.0686,1.0637,1.0677,2365843.0,2523960.87408,1
BYBIT,XRPUSDT,60,1784005200000,1.0677,1.0728,1.067,1.0709,4477725.6,4792391.12872,1
BYBIT,XRPUSDT,60,1784008800000,1.0709,1.0711,1.0686,1.0691,3037169.4,3248537.21547,1
BYBIT,XRPUSDT,60,1784012400000,1.0691,1.0711,1.0667,1.0683,3185370.0,3403497.59824,1
BYBIT,XRPUSDT,60,1784016000000,1.0683,1.0709,1.0671,1.0682,2198617.5,2349953.84865,1
BYBIT,XRPUSDT,60,1784019600000,1.0682,1.07,1.067,1.0678,1454155.7,1554025.94,1
BYBIT,XRPUSDT,60,1784023200000,1.0678,1.0717,1.067,1.0706,2652457.6,2836184.56201,1
BYBIT,XRPUSDT,60,1784026800000,1.0706,1.0724,1.0688,1.0718,3059980.3,3275512.67388,1
BYBIT,XRPUSDT,60,1784030400000,1.0718,1.0907,1.0695,1.0887,37008307.9,40006439.93088,1
BYBIT,XRPUSDT,60,1784034000000,1.0887,1.1049,1.0846,1.0988,41065802.5,45027033.13192,1
BYBIT,XRPUSDT,60,1784037600000,1.0988,1.1044,1.0947,1.1026,13496175.5,14823378.59632,1
BYBIT,XRPUSDT,60,1784041200000,1.1026,1.1109,1.1005,1.1042,17169711.1,18981809.1443,1
BYBIT,XRPUSDT,60,1784044800000,1.1042,1.1083,1.1024,1.1044,7587706.0,8387679.91991,1
BYBIT,XRPUSDT,60,1784048400000,1.1044,1.1048,1.0977,1.1038,9299783.8,10238652.27069,1
BYBIT,XRPUSDT,60,1784052000000,1.1038,1.1132,1.1028,1.1119,13407799.4,14858901.55982,1
BYBIT,XRPUSDT,60,1784055600000,1.1119,1.1206,1.1106,1.1148,20108994.4,22432630.46391,1
BYBIT,XRPUSDT,60,1784059200000,1.1148,1.1154,1.1091,1.11,6310023.3,7012605.1001,1
BYBIT,XRPUSDT,60,1784062800000,1.11,1.111,1.1064,1.1075,6504157.2,7212691.02004,1
BYBIT,XRPUSDT,60,1784066400000,1.1075,1.1136,1.1046,1.1098,8215403.4,9117535.91669,1
BYBIT,XRPUSDT,60,1784070000000,1.1098,1.1123,1.1084,1.1112,2769664.1,3075288.07424,1
BYBIT,XRPUSDT,60,1784073600000,1.1112,1.1119,1.1064,1.1078,4947040.8,5482914.26855,1
BYBIT,XRPUSDT,60,1784077200000,1.1078,1.1081,1.1018,1.1029,7112928.6,7858393.83854,1
BYBIT,XRPUSDT,60,1784080800000,1.1029,1.1037,1.0982,1.099,5291485.7,5821899.14023,1
BYBIT,XRPUSDT,60,1784084400000,1.099,1.1047,1.0989,1.1036,4006515.6,4414929.22765,1
BYBIT,XRPUSDT,60,1784088000000,1.1036,1.1059,1.1007,1.1026,3512604.7,3876913.14748,1
BYBIT,XRPUSDT,60,1784091600000,1.1026,1.1065,1.0991,1.1061,4328882.1,4772440.06264,1
BYBIT,XRPUSDT,60,1784095200000,1.1061,1.1132,1.1051,1.1069,10109989.6,11217152.53583,1
BYBIT,XRPUSDT,60,1784098800000,1.1069,1.1074,1.1011,1.1032,3437134.5,3795201.94577,1
BYBIT,XRPUSDT,60,1784102400000,1.1032,1.1086,1.1025,1.1074,5357913.3,5923499.90011,1
BYBIT,XRPUSDT,60,1784106000000,1.1074,1.1123,1.1071,1.1085,5589293.0,6203575.31518,1
BYBIT,XRPUSDT,60,1784109600000,1.1085,1.1098,1.1058,1.108,4038045.1,4475251.0093,1
BYBIT,XRPUSDT,60,1784113200000,1.108,1.1089,1.1066,1.1079,3284324.3,3638751.98955,1
BYBIT,XRPUSDT,60,1784116800000,1.1079,1.1215,1.1052,1.1206,18578346.1,20707523.18252,1
BYBIT,XRPUSDT,60,1784120400000,1.1206,1.129,1.1173,1.1215,28955414.8,32524171.53053,1
BYBIT,XRPUSDT,60,1784124000000,1.1215,1.1301,1.118,1.1253,17987313.5,20228169.12522,1
BYBIT,XRPUSDT,60,1784127600000,1.1253,1.1283,1.1203,1.1258,10492632.3,11796860.75597,1
BYBIT,XRPUSDT,60,1784131200000,1.1258,1.1266,1.1074,1.1134,22883504.9,25494915.39515,1
BYBIT,XRPUSDT,60,1784134800000,1.1134,1.1191,1.1106,1.117,9290003.6,10361764.44933,1
BYBIT,XRPUSDT,60,1784138400000,1.117,1.1209,1.1112,1.1121,6288490.1,7020552.3348,1
BYBIT,XRPUSDT,60,1784142000000,1.1121,1.1143,1.1082,1.1092,7384397.9,8202543.88151,1
BYBIT,XRPUSDT,60,1784145600000,1.1092,1.1134,1.1077,1.1108,3892248.3,4323929.94044,1
BYBIT,XRPUSDT,60,1784149200000,1.1108,1.1159,1.1099,1.115,7924998.5,8820352.27747,1
BYBIT,XRPUSDT,60,1784152800000,1.115,1.1184,1.1141,1.1155,4166939.3,4650886.5434,1
BYBIT,XRPUSDT,60,1784156400000,1.1155,1.1164,1.1116,1.1128,3107507.6,3458614.65444,1
BYBIT,XRPUSDT,60,1784160000000,1.1128,1.1158,1.1078,1.11,6459140.4,7177771.28094,1
BYBIT,XRPUSDT,60,1784163600000,1.11,1.1142,1.1054,1.1134,6189298.5,6864925.20775,1
BYBIT,XRPUSDT,60,1784167200000,1.1134,1.1167,1.1112,1.1165,3297037.0,3673548.4081,1
BYBIT,XRPUSDT,60,1784170800000,1.1165,1.1172,1.1112,1.1125,3082232.8,3432269.11198,1
BYBIT,XRPUSDT,60,1784174400000,1.1125,1.1135,1.1102,1.1133,2255799.4,2508608.38569,1
BYBIT,XRPUSDT,60,1784178000000,1.1133,1.1174,1.1128,1.1154,3507113.1,3912989.81944,1
BYBIT,XRPUSDT,60,1784181600000,1.1154,1.1176,1.1115,1.1136,4027351.2,4487898.32039,1
BYBIT,XRPUSDT,60,1784185200000,1.1136,1.1148,1.1031,1.1057,10699756.8,11851749.50841,1
BYBIT,XRPUSDT,60,1784188800000,1.1057,1.1097,1.0994,1.1063,23317320.7,25768085.43354,1
BYBIT,XRPUSDT,60,1784192400000,1.1063,1.1076,1.1044,1.1047,5224794.7,5779675.86583,1
BYBIT,XRPUSDT,60,1784196000000,1.1047,1.109,1.104,1.1082,2691890.4,2981025.58389,1
BYBIT,XRPUSDT,60,1784199600000,1.1082,1.1089,1.1049,1.1081,5177049.3,5729824.7467,1
BYBIT,XRPUSDT,60,1784203200000,1.1081,1.1104,1.0996,1.1012,11499148.1,12717651.40949,1
BYBIT,XRPUSDT,60,1784206800000,1.1012,1.1119,1.101,1.1097,11193033.3,12390085.43509,1
BYBIT,XRPUSDT,60,1784210400000,1.1097,1.116,1.1072,1.1113,19369748.4,21528320.80875,1
BYBIT,XRPUSDT,60,1784214000000,1.1113,1.1179,1.1055,1.1141,8016999.2,8918403.66507,1
BYBIT,XRPUSDT,60,1784217600000,1.1141,1.1145,1.107,1.1086,4866219.2,5404109.70688,1
BYBIT,XRPUSDT,60,1784221200000,1.1086,1.1087,1.0852,1.0939,58052541.9,63649495.3864,1
BYBIT,XRPUSDT,60,1784224800000,1.0939,1.0952,1.0874,1.0925,14172472.3,15482005.4715,1
BYBIT,XRPUSDT,60,1784228400000,1.0925,1.0987,1.0922,1.0965,8423698.7,9226591.53028,1
BYBIT,XRPUSDT,60,1784232000000,1.0965,1.0976,1.0945,1.0969,4707373.9,5161272.81691,1
BYBIT,XRPUSDT,60,1784235600000,1.0969,1.0983,1.0943,1.0973,5331325.8,5843791.55268,1
BYBIT,XRPUSDT,60,1784239200000,1.0973,1.0983,1.0889,1.0897,5659672.9,6186901.75281,1
BYBIT,XRPUSDT,60,1784242800000,1.0897,1.0907,1.0845,1.0864,6596147.5,7168359.54582,1
BYBIT,XRPUSDT,60,1784246400000,1.0864,1.0913,1.0826,1.0913,7813157.9,8487938.97764,1
BYBIT,XRPUSDT,60,1784250000000,1.0913,1.0952,1.0851,1.0873,6124688.6,6680844.31252,1
BYBIT,XRPUSDT,60,1784253600000,1.0873,1.0904,1.0853,1.0874,3904894.8,4246606.42682,1
BYBIT,XRPUSDT,60,1784257200000,1.0874,1.0942,1.0874,1.0918,4815468.7,5256422.00774,1
BYBIT,XRPUSDT,60,1784260800000,1.0918,1.0921,1.087,1.0897,6534475.4,7115804.05835,1
BYBIT,XRPUSDT,60,1784264400000,1.0897,1.09,1.0782,1.0799,12588378.8,13620564.00606,1
BYBIT,XRPUSDT,60,1784268000000,1.0799,1.0873,1.0787,1.0867,5843261.6,6332830.00928,1
BYBIT,XRPUSDT,60,1784271600000,1.0867,1.0868,1.0817,1.0832,4098563.8,4442919.77289,1
BYBIT,XRPUSDT,60,1784275200000,1.0832,1.0855,1.0787,1.0842,3403724.4,3683910.6705,1
BYBIT,XRPUSDT,60,1784278800000,1.0842,1.0877,1.0838,1.0844,3161483.7,3432498.76197,1
BYBIT,XRPUSDT,60,1784282400000,1.0844,1.0876,1.0844,1.0859,4176609.9,4535834.15307,1
BYBIT,XRPUSDT,60,1784286000000,1.0859,1.0865,1.0831,1.0841,5772149.0,6258343.405,1
BYBIT,XRPUSDT,60,1784289600000,1.0841,1.0841,1.0773,1.0775,6799538.3,7346339.86204,1
BYBIT,XRPUSDT,60,1784293200000,1.0775,1.08,1.069,1.0798,20895184.1,22422014.69367,1
BYBIT,XRPUSDT,60,1784296800000,1.0798,1.0863,1.0797,1.082,11725267.3,12704369.31517,1
BYBIT,XRPUSDT,60,1784300400000,1.082,1.0828,1.0733,1.0827,11917847.0,12844918.91722,1
BYBIT,XRPUSDT,60,1784304000000,1.0827,1.0896,1.0808,1.0857,8073403.4,8760278.44714,1
BYBIT,XRPUSDT,60,1784307600000,1.0857,1.0952,1.0857,1.0909,7851050.2,8573103.91132,1
BYBIT,XRPUSDT,60,1784311200000,1.0909,1.0934,1.0873,1.0916,3260409.4,3554601.16039,1
BYBIT,XRPUSDT,60,1784314800000,1.0916,1.0926,1.0848,1.0906,4431660.6,4827676.19469,1
BYBIT,XRPUSDT,60,1784318400000,1.0906,1.0906,1.0858,1.0879,3245233.7,3530269.81948,1
BYBIT,XRPUSDT,60,1784322000000,1.0879,1.0906,1.0872,1.0877,3484389.1,3792736.73227,1
BYBIT,XRPUSDT,60,1784325600000,1.0877,1.0882,1.0863,1.0876,2311503.5,2513299.32269,1
BYBIT,XRPUSDT,60,1784329200000,1.0876,1.0898,1.0862,1.0883,1218665.3,1326016.83736,1
BYBIT,XRPUSDT,60,1784332800000,1.0883,1.0904,1.0869,1.0877,2347701.8,2555682.58944,1
BYBIT,XRPUSDT,60,1784336400000,1.0877,1.0896,1.0866,1.0879,1922976.9,2091937.10515,1
BYBIT,XRPUSDT,60,1784340000000,1.0879,1.0909,1.0875,1.0895,1435695.6,1564067.53268,1
BYBIT,XRPUSDT,60,1784343600000,1.0895,1.0909,1.0884,1.0895,1471394.0,1603380.08134,1
BYBIT,XRPUSDT,60,1784347200000,1.0895,1.0896,1.087,1.0874,1377424.5,1499330.97075,1
BYBIT,XRPUSDT,60,1784350800000,1.0874,1.089,1.0862,1.0874,1533113.7,1666812.18712,1
BYBIT,XRPUSDT,60,1784354400000,1.0874,1.0892,1.0862,1.0886,1813568.5,1972195.27534,1
BYBIT,XRPUSDT,60,1784358000000,1.0886,1.0901,1.0872,1.0882,2077765.4,2262332.65512,1
BYBIT,XRPUSDT,60,1784361600000,1.0882,1.0909,1.0871,1.0887,2534768.5,2761935.29783,1
BYBIT,XRPUSDT,60,1784365200000,1.0887,1.089,1.0834,1.0857,4746136.5,5150202.24261,1
BYBIT,XRPUSDT,60,1784368800000,1.0857,1.0874,1.0855,1.0864,2121736.9,2305259.50993,1
BYBIT,XRPUSDT,60,1784372400000,1.0864,1.089,1.0857,1.0881,1783431.8,1938903.14588,1
BYBIT,XRPUSDT,60,1784376000000,1.0881,1.0905,1.0853,1.0885,2401251.1,2611543.55784,1
BYBIT,XRPUSDT,60,1784379600000,1.0885,1.0885,1.0825,1.0853,3365984.2,3651594.18766,1
BYBIT,XRPUSDT,60,1784383200000,1.0853,1.0887,1.0844,1.0885,2673678.2,2906259.05913,1
BYBIT,XRPUSDT,60,1784386800000,1.0885,1.089,1.0851,1.086,1769297.7,1923621.49534,1
BYBIT,XRPUSDT,60,1784390400000,1.086,1.09,1.0859,1.0893,2280002.7,2481306.95891,1
BYBIT,XRPUSDT,60,1784394000000,1.0893,1.0939,1.087,1.0929,4123008.3,4498443.88455,1
BYBIT,XRPUSDT,60,1784397600000,1.0929,1.0955,1.0894,1.0902,3470816.3,3791235.17788,1
BYBIT,XRPUSDT,60,1784401200000,1.0902,1.0933,1.0899,1.0928,2002045.6,2185886.47609,1
BYBIT,XRPUSDT,60,1784404800000,1.0928,1.0964,1.092,1.0927,1694756.3,1854117.06222,1
BYBIT,XRPUSDT,60,1784408400000,1.0927,1.0977,1.0914,1.0931,3671001.2,4016088.24704,1
BYBIT,XRPUSDT,60,1784412000000,1.0931,1.0952,1.0911,1.0929,2418577.8,2643457.85402,1
BYBIT,XRPUSDT,60,1784415600000,1.0929,1.0933,1.0908,1.0924,1767131.0,1929422.78152,1
BYBIT,XRPUSDT,60,1784419200000,1.0924,1.094,1.0915,1.0939,1815428.7,1983402.80921,1
BYBIT,XRPUSDT,60,1784422800000,1.0939,1.094,1.0921,1.0934,924586.2,1010693.32539,1
BYBIT,XRPUSDT,60,1784426400000,1.0934,1.0994,1.0934,1.0964,3590695.6,3938661.15473,1
BYBIT,XRPUSDT,60,1784430000000,1.0964,1.0972,1.0922,1.0944,2334645.4,2554427.14235,1
BYBIT,XRPUSDT,60,1784433600000,1.0944,1.0979,1.0927,1.0959,1925758.4,2109731.75921,1
BYBIT,XRPUSDT,60,1784437200000,1.0959,1.0973,1.0948,1.0959,979603.9,1073534.57011,1
BYBIT,XRPUSDT,60,1784440800000,1.0959,1.0977,1.0949,1.0957,1231631.9,1349891.31127,1
BYBIT,XRPUSDT,60,1784444400000,1.0957,1.097,1.0942,1.0948,1149391.3,1259307.54524,1
BYBIT,XRPUSDT,60,1784448000000,1.0948,1.098,1.0945,1.0976,1409901.1,1545525.82646,1
BYBIT,XRPUSDT,60,1784451600000,1.0976,1.0987,1.0941,1.0948,1700208.4,1863784.46058,1
BYBIT,XRPUSDT,60,1784455200000,1.0948,1.099,1.0932,1.0973,2667165.8,2924788.46162,1
BYBIT,XRPUSDT,60,1784458800000,1.0973,1.0989,1.0958,1.0964,1416029.6,1553703.62178,1
BYBIT,XRPUSDT,60,1784462400000,1.0964,1.0966,1.0904,1.0949,4907871.6,5365541.89285,1
BYBIT,XRPUSDT,60,1784466000000,1.0949,1.0953,1.0915,1.0936,2021812.3,2209945.13339,1
BYBIT,XRPUSDT,60,1784469600000,1.0936,1.1013,1.0919,1.0981,7016522.7,7702400.95452,1
BYBIT,XRPUSDT,60,1784473200000,1.0981,1.0988,1.0963,1.0972,2201094.3,2416176.42299,1
BYBIT,XRPUSDT,60,1784476800000,1.0972,1.0978,1.0935,1.0936,2525015.5,2764929.67386,1
BYBIT,XRPUSDT,60,1784480400000,1.0936,1.0961,1.088,1.0939,5710525.5,6236329.87173,1
BYBIT,XRPUSDT,60,1784484000000,1.0939,1.094,1.0888,1.0921,5183705.9,5657053.29781,1
BYBIT,XRPUSDT,60,1784487600000,1.0921,1.0943,1.0909,1.0942,1871268.9,2044996.48907,1
BYBIT,XRPUSDT,60,1784491200000,1.0942,1.0974,1.0941,1.0963,3429080.9,3758670.62979,1
BYBIT,XRPUSDT,60,1784494800000,1.0963,1.0967,1.0911,1.0924,2731124.7,2985776.71274,1
BYBIT,XRPUSDT,60,1784498400000,1.0924,1.1013,1.0915,1.0972,6729415.5,7386177.99495,1
BYBIT,XRPUSDT,60,1784502000000,1.0972,1.098,1.093,1.0972,3512962.6,3847266.02801,1
BYBIT,XRPUSDT,60,1784505600000,1.0972,1.1056,1.0925,1.0956,10618572.4,11676570.43303,1
BYBIT,XRPUSDT,60,1784509200000,1.0956,1.1081,1.0941,1.0961,8960906.7,9862029.39705,1
BYBIT,XRPUSDT,60,1784512800000,1.0961,1.1032,1.0956,1.1006,4827207.2,5310291.85106,1
BYBIT,XRPUSDT,60,1784516400000,1.1006,1.1016,1.0963,1.0994,2961398.5,3254887.57238,1
BYBIT,XRPUSDT,60,1784520000000,1.0994,1.1,1.0944,1.0954,4385318.7,4811850.96176,1
BYBIT,XRPUSDT,60,1784523600000,1.0954,1.0956,1.0856,1.0875,8201327.5,8934261.92532,1
BYBIT,XRPUSDT,60,1784527200000,1.0875,1.089,1.0824,1.0849,6641044.5,7208040.80232,1
BYBIT,XRPUSDT,60,1784530800000,1.0849,1.0905,1.0824,1.0897,3522807.9,3829740.2578,1
BYBIT,XRPUSDT,60,1784534400000,1.0897,1.0914,1.0856,1.0877,5031971.0,5475680.90426,1
BYBIT,XRPUSDT,60,1784538000000,1.0877,1.0927,1.0865,1.089,8054411.3,8774258.8225,1
BYBIT,XRPUSDT,60,1784541600000,1.089,1.0956,1.089,1.0921,11668300.3,12754606.45696,1
BYBIT,XRPUSDT,60,1784545200000,1.0921,1.1066,1.0912,1.1056,17425750.9,19181579.02782,1
BYBIT,XRPUSDT,60,1784548800000,1.1056,1.1056,1.0976,1.0993,7843972.0,8640782.75364,1
BYBIT,XRPUSDT,60,1784552400000,1.0993,1.1008,1.0887,1.0904,10562879.2,11564156.02422,1
BYBIT,XRPUSDT,60,1784556000000,1.0904,1.0946,1.0856,1.0928,8864840.8,9663523.64006,1
BYBIT,XRPUSDT,60,1784559600000,1.0928,1.1136,1.0927,1.1121,18417255.5,20368429.41148,1
BYBIT,XRPUSDT,60,1784563200000,1.1121,1.1146,1.1097,1.1137,8616484.3,9580071.66488,1
BYBIT,XRPUSDT,60,1784566800000,1.1137,1.1166,1.1102,1.1148,7098285.0,7902554.31011,1
BYBIT,XRPUSDT,60,1784570400000,1.1148,1.1204,1.1132,1.1139,16019877.2,17910271.15119,1
BYBIT,XRPUSDT,60,1784574000000,1.1139,1.118,1.1108,1.1163,8821152.5,9835146.16389,1
BYBIT,XRPUSDT,60,1784577600000,1.1163,1.1166,1.1122,1.1143,4736839.1,5279584.79799,1
BYBIT,XRPUSDT,60,1784581200000,1.1143,1.1183,1.1141,1.1146,3539141.2,3952751.10701,1
BYBIT,XRPUSDT,60,1784584800000,1.1146,1.1148,1.1078,1.1093,6269445.8,6962589.65417,1
BYBIT,XRPUSDT,60,1784588400000,1.1093,1.114,1.1091,1.1118,1680305.8,1868407.32205,1
BYBIT,XRPUSDT,60,1784592000000,1.1118,1.1174,1.1107,1.1157,3504482.1,3904156.95933,1
BYBIT,XRPUSDT,60,1784595600000,1.1157,1.1201,1.113,1.1133,3512241.5,3921920.80279,1
BYBIT,XRPUSDT,60,1784599200000,1.1133,1.1214,1.1115,1.1186,2947975.7,3291369.46297,1
BYBIT,XRPUSDT,60,1784602800000,1.1186,1.1259,1.1185,1.1239,6988634.5,7848506.94804,1
BYBIT,XRPUSDT,60,1784606400000,1.1239,1.1284,1.121,1.1261,5529671.3,6220727.55113,1
BYBIT,XRPUSDT,60,1784610000000,1.1261,1.1385,1.1251,1.1307,15682974.7,17746510.07822,1
BYBIT,XRPUSDT,60,1784613600000,1.1307,1.1364,1.1283,1.1337,4795572.7,5435123.7601,1
BYBIT,XRPUSDT,60,1784617200000,1.1337,1.1362,1.1309,1.1357,4147505.7,4701795.68678,1
BYBIT,XRPUSDT,60,1784620800000,1.1357,1.1374,1.1322,1.1329,5638047.5,6395765.98377,1
BYBIT,XRPUSDT,60,1784624400000,1.1329,1.1361,1.1306,1.1345,4337377.5,4916313.13997,1
BYBIT,XRPUSDT,60,1784628000000,1.1345,1.1352,1.1291,1.1312,4378611.6,4955837.41054,1
BYBIT,XRPUSDT,60,1784631600000,1.1312,1.1368,1.1292,1.1359,6567270.1,7433788.41961,1
BYBIT,XRPUSDT,60,1784635200000,1.1359,1.1412,1.1339,1.1412,7304783.8,8312166.23903,1
BYBIT,XRPUSDT,60,1784638800000,1.1412,1.1449,1.1377,1.1402,13860175.0,15815008.54255,1
BYBIT,XRPUSDT,60,1784642400000,1.1402,1.1513,1.139,1.148,16246312.4,18619483.56983,1
BYBIT,XRPUSDT,60,1784646000000,1.148,1.1563,1.1446,1.1542,12428254.1,14295895.60011,1
BYBIT,XRPUSDT,60,1784649600000,1.1542,1.1581,1.1479,1.1504,10980040.1,12661589.50184,1
BYBIT,XRPUSDT,60,1784653200000,1.1504,1.1613,1.1477,1.1573,17746515.2,20504053.85208,1
BYBIT,XRPUSDT,60,1784656800000,1.1573,1.1637,1.1527,1.1577,11813110.3,13674195.51488,1
BYBIT,XRPUSDT,60,1784660400000,1.1577,1.164,1.1527,1.1567,16287527.6,18871213.97375,1
BYBIT,XRPUSDT,60,1784664000000,1.1567,1.157,1.1478,1.1483,8210614.5,9453151.45863,1
BYBIT,XRPUSDT,60,1784667600000,1.1483,1.1483,1.1448,1.1464,6818650.5,7816219.21796,1
BYBIT,XRPUSDT,60,1784671200000,1.1464,1.1465,1.1392,1.1417,12907088.3,14735875.20012,1
BYBIT,XRPUSDT,60,1784674800000,1.1417,1.1434,1.1377,1.1432,4876304.3,5558401.10681,1
BYBIT,XRPUSDT,60,1784678400000,1.1432,1.1475,1.1417,1.1453,6201613.8,7100956.47389,1
BYBIT,XRPUSDT,60,1784682000000,1.1453,1.1459,1.1417,1.1439,3434529.6,3928803.0387,1
BYBIT,XRPUSDT,60,1784685600000,1.1439,1.146,1.1405,1.141,3981244.7,4552018.1751,1
BYBIT,XRPUSDT,60,1784689200000,1.141,1.1415,1.1379,1.1387,5495954.4,6264245.99806,1
BYBIT,XRPUSDT,60,1784692800000,1.1387,1.1419,1.1382,1.1417,2963669.6,3380184.40068,1
BYBIT,XRPUSDT,60,1784696400000,1.1417,1.1418,1.1328,1.133,12006542.7,13635999.96767,1
BYBIT,XRPUSDT,60,1784700000000,1.133,1.1339,1.1289,1.1317,7940309.3,8984440.39855,1
BYBIT,XRPUSDT,60,1784703600000,1.1317,1.1337,1.1281,1.1306,6477195.7,7326234.35075,1
BYBIT,XRPUSDT,60,1784707200000,1.1306,1.1355,1.1304,1.1344,7550131.7,8559036.13783,1
BYBIT,XRPUSDT,60,1784710800000,1.1344,1.1361,1.1317,1.1347,4453357.4,5050182.61603,1
BYBIT,XRPUSDT,60,1784714400000,1.1347,1.139,1.1339,1.1384,4379592.4,4979737.49499,1
BYBIT,XRPUSDT,60,1784718000000,1.1384,1.1402,1.1365,1.1384,6620359.2,7536393.741,1
BYBIT,XRPUSDT,60,1784721600000,1.1384,1.1385,1.1329,1.1363,6788233.1,7708073.1369,1
BYBIT,XRPUSDT,60,1784725200000,1.1363,1.1433,1.1349,1.1423,8230854.5,9378764.88364,1
BYBIT,XRPUSDT,60,1784728800000,1.1423,1.1493,1.1356,1.1417,11777706.0,13470047.55544,1
BYBIT,XRPUSDT,60,1784732400000,1.1417,1.1554,1.1417,1.1509,11081029.3,12749534.65989,1
BYBIT,XRPUSDT,60,1784736000000,1.1509,1.1569,1.1462,1.153,6487354.9,7473844.43438,1
BYBIT,XRPUSDT,60,1784739600000,1.153,1.1534,1.1437,1.1473,4925741.9,5654108.16221,1
BYBIT,XRPUSDT,60,1784743200000,1.1473,1.1482,1.1383,1.141,6403912.8,7317900.61549,1
BYBIT,XRPUSDT,60,1784746800000,1.141,1.1422,1.1352,1.1367,5791833.1,6589717.6214,1
BYBIT,XRPUSDT,60,1784750400000,1.1367,1.1386,1.1334,1.1376,5368693.2,6098712.13443,1
BYBIT,XRPUSDT,60,1784754000000,1.1376,1.1418,1.1373,1.1418,3321657.1,3785016.82171,1
BYBIT,XRPUSDT,60,1784757600000,1.1418,1.1422,1.138,1.1419,4239491.3,4831960.06957,1
BYBIT,XRPUSDT,60,1784761200000,1.1419,1.1424,1.1355,1.1414,4265042.3,4859656.90888,1
BYBIT,XRPUSDT,60,1784764800000,1.1414,1.1444,1.1393,1.1404,4151635.8,4740634.54826,1
BYBIT,XRPUSDT,60,1784768400000,1.1404,1.1423,1.1372,1.139,3057066.3,3482685.47819,1
BYBIT,XRPUSDT,60,1784772000000,1.139,1.139,1.1331,1.1375,5881287.9,6680651.16429,1
BYBIT,XRPUSDT,60,1784775600000,1.1375,1.1377,1.1326,1.1329,6538810.8,7412922.92955,1
BYBIT,XRPUSDT,60,1784779200000,1.1329,1.1368,1.1318,1.1354,15181530.3,17211168.8409,1
BYBIT,XRPUSDT,60,1784782800000,1.1354,1.1371,1.1326,1.1338,11248092.1,12767429.98796,1
BYBIT,XRPUSDT,60,1784786400000,1.1338,1.1366,1.1328,1.1362,2052361.7,2329394.34849,1
BYBIT,XRPUSDT,60,1784790000000,1.1362,1.1362,1.1293,1.1332,10088299.3,11419131.87268,1
BYBIT,XRPUSDT,60,1784793600000,1.1332,1.1368,1.132,1.1353,5941103.2,6740726.9623,1
BYBIT,XRPUSDT,60,1784797200000,1.1353,1.1367,1.1321,1.1322,2403198.0,2727778.64949,1
BYBIT,XRPUSDT,60,1784800800000,1.1322,1.136,1.1309,1.1342,3867340.3,4386910.93907,1
BYBIT,XRPUSDT,60,1784804400000,1.1342,1.1357,1.131,1.132,3175406.2,3598065.01924,1
BYBIT,XRPUSDT,60,1784808000000,1.132,1.1332,1.1186,1.1215,27192461.2,30617676.10652,1
BYBIT,XRPUSDT,60,1784811600000,1.1215,1.1216,1.1106,1.111,27351484.9,30488497.12785,1
BYBIT,XRPUSDT,60,1784815200000,1.111,1.1155,1.1077,1.1095,9958982.8,11070162.8178,1
BYBIT,XRPUSDT,60,1784818800000,1.1095,1.1139,1.103,1.1121,24128582.2,26726970.73139,1
BYBIT,XRPUSDT,60,1784822400000,1.1121,1.1122,1.1064,1.1079,12105551.3,13423713.14082,1
BYBIT,XRPUSDT,60,1784826000000,1.1079,1.1098,1.0984,1.1023,14239146.7,15712917.95814,1
BYBIT,XRPUSDT,60,1784829600000,1.1023,1.106,1.1017,1.1048,7839919.3,8653859.22072,1
BYBIT,XRPUSDT,60,1784833200000,1.1048,1.1064,1.102,1.1037,4326733.2,4776117.12536,1
BYBIT,XRPUSDT,60,1784836800000,1.1037,1.1124,1.1037,1.1124,7985152.7,8859288.21511,1
BYBIT,XRPUSDT,60,1784840400000,1.1124,1.1135,1.1086,1.1099,5969188.9,6626742.56679,1
BYBIT,XRPUSDT,60,1784844000000,1.1099,1.1127,1.1071,1.1115,2883997.3,3202081.12448,1
BYBIT,XRPUSDT,60,1784847600000,1.1115,1.1121,1.1056,1.1072,3240557.5,3590009.46503,1
BYBIT,XRPUSDT,60,1784851200000,1.1072,1.108,1.1028,1.107,8302668.3,9181836.38473,1
BYBIT,XRPUSDT,60,1784854800000,1.107,1.1102,1.1063,1.1086,2742131.8,3040150.98105,1
BYBIT,XRPUSDT,60,1784858400000,1.1086,1.1093,1.1042,1.1059,3539001.7,3917491.11289,1
BYBIT,XRPUSDT,60,1784862000000,1.1059,1.1117,1.1053,1.1106,4775257.4,5301046.26962,1
BYBIT,XRPUSDT,60,1784865600000,1.1106,1.1109,1.1057,1.1067,3669967.4,4067437.79991,1
BYBIT,XRPUSDT,60,1784869200000,1.1067,1.1099,1.1055,1.1094,2251651.4,2495287.56651,1
BYBIT,XRPUSDT,60,1784872800000,1.1094,1.1146,1.109,1.1131,5344960.7,5946008.56872,1
BYBIT,XRPUSDT,60,1784876400000,1.1131,1.1212,1.1101,1.1136,13655107.9,15232971.53837,1
BYBIT,XRPUSDT,60,1784880000000,1.1136,1.1143,1.1109,1.1112,2974949.0,3311028.68907,1
BYBIT,XRPUSDT,60,1784883600000,1.1112,1.1119,1.1075,1.108,4837786.5,5365427.01143,1
BYBIT,XRPUSDT,60,1784887200000,1.108,1.1084,1.1043,1.1067,3934808.2,4351607.74727,1
BYBIT,XRPUSDT,60,1784890800000,1.1067,1.107,1.1011,1.1034,9596151.7,10585914.22846,1
BYBIT,XRPUSDT,60,1784894400000,1.1034,1.1048,1.0992,1.0993,6501817.5,7164484.21905,1
BYBIT,XRPUSDT,60,1784898000000,1.0993,1.0998,1.0885,1.0926,27708412.7,30291944.47348,1
BYBIT,XRPUSDT,60,1784901600000,1.0926,1.0932,1.0859,1.0922,11286225.6,12291610.00031,1
BYBIT,XRPUSDT,60,1784905200000,1.0922,1.0939,1.0879,1.0905,6540707.6,7138333.69848,1
BYBIT,XRPUSDT,60,1784908800000,1.0905,1.0916,1.0848,1.086,6762325.0,7356731.82028,1
BYBIT,XRPUSDT,60,1784912400000,1.086,1.0903,1.0851,1.0884,12920772.0,14048699.78877,1
BYBIT,XRPUSDT,60,1784916000000,1.0884,1.0885,1.084,1.0867,5248735.4,5700688.55225,1
BYBIT,XRPUSDT,60,1784919600000,1.0867,1.0898,1.0846,1.0885,4157161.7,4522265.89137,1
BYBIT,XRPUSDT,60,1784923200000,1.0885,1.0911,1.0883,1.09,3524015.8,3840452.88401,1
BYBIT,XRPUSDT,60,1784926800000,1.09,1.0908,1.0877,1.0883,3564791.9,3882931.03064,1
BYBIT,XRPUSDT,60,1784930400000,1.0883,1.0921,1.088,1.0912,2003435.9,2185108.75735,1
BYBIT,XRPUSDT,60,1784934000000,1.0912,1.0928,1.0901,1.0913,3593520.6,3922603.37403,1
BYBIT,XRPUSDT,60,1784937600000,1.0913,1.0937,1.0909,1.0931,4555701.8,4976196.89485,1
BYBIT,XRPUSDT,60,1784941200000,1.0931,1.0944,1.0917,1.093,2993937.2,3271984.66721,1
BYBIT,XRPUSDT,60,1784944800000,1.093,1.0942,1.0911,1.0931,3288884.4,3593390.30306,1
BYBIT,XRPUSDT,60,1784948400000,1.0931,1.0939,1.0908,1.091,2400545.1,2622446.95305,1
BYBIT,XRPUSDT,60,1784952000000,1.091,1.0937,1.0908,1.0929,3053269.6,3335146.2498,1
BYBIT,XRPUSDT,60,1784955600000,1.0929,1.0934,1.0895,1.0909,2017316.6,2201077.55137,1
BYBIT,XRPUSDT,60,1784959200000,1.0909,1.0918,1.0861,1.089,5951133.6,6476772.60012,1
BYBIT,XRPUSDT,60,1784962800000,1.089,1.0892,1.0866,1.0872,1977570.3,2150775.25043,1
BYBIT,XRPUSDT,60,1784966400000,1.0872,1.0882,1.0845,1.0863,5970913.1,6485514.87528,1
BYBIT,XRPUSDT,60,1784970000000,1.0863,1.089,1.0855,1.0879,2259304.7,2457398.05873,1
BYBIT,XRPUSDT,60,1784973600000,1.0879,1.0903,1.0879,1.0902,2182696.3,2377748.86265,1
BYBIT,XRPUSDT,60,1784977200000,1.0902,1.0909,1.0885,1.0892,3173927.4,3458150.12858,1
BYBIT,XRPUSDT,60,1784980800000,1.0892,1.0904,1.0884,1.0904,2889591.8,3147693.26906,1
BYBIT,XRPUSDT,60,1784984400000,1.0904,1.0927,1.0901,1.0908,2695767.1,2941671.92524,1
BYBIT,XRPUSDT,60,1784988000000,1.0908,1.0933,1.0897,1.0927,3241592.6,3537977.72059,1
BYBIT,XRPUSDT,60,1784991600000,1.0927,1.0998,1.0926,1.0979,7715604.8,8455480.9639,1
BYBIT,XRPUSDT,60,1784995200000,1.0979,1.1029,1.0966,1.1021,4812036.8,5292026.71922,1
BYBIT,XRPUSDT,60,1784998800000,1.1021,1.1074,1.1006,1.103,5565489.9,6145461.19878,1
BYBIT,XRPUSDT,60,1785002400000,1.103,1.1054,1.1011,1.1023,3432712.5,3785221.50397,1
BYBIT,XRPUSDT,60,1785006000000,1.1023,1.1028,1.0988,1.1,2547955.2,2803392.77551,1
BYBIT,XRPUSDT,60,1785009600000,1.1,1.1007,1.0976,1.0981,3458686.7,3802136.70482,1
BYBIT,XRPUSDT,60,1785013200000,1.0981,1.1002,1.0967,1.0988,4221098.3,4636310.9806,1
BYBIT,XRPUSDT,60,1785016800000,1.0988,1.1006,1.0979,1.0999,1962998.1,2158025.17449,1
BYBIT,XRPUSDT,60,1785020400000,1.0999,1.1005,1.0971,1.0973,1587279.5,1743518.16357,1
BYBIT,XRPUSDT,60,1785024000000,1.0973,1.0999,1.0966,1.0994,2454671.5,2696645.7616,1
BYBIT,XRPUSDT,60,1785027600000,1.0994,1.1003,1.0985,1.0993,2152469.3,2366232.53269,1
BYBIT,XRPUSDT,60,1785031200000,1.0993,1.1004,1.0981,1.1,1566279.7,1721538.7907,1
BYBIT,XRPUSDT,60,1785034800000,1.1,1.1016,1.099,1.1011,2297822.2,2528902.51006,1
BYBIT,XRPUSDT,60,1785038400000,1.1011,1.104,1.0988,1.1013,3537572.6,3897051.39669,1
BYBIT,XRPUSDT,60,1785042000000,1.1013,1.1014,1.0983,1.0989,2429930.3,2672784.54979,1
BYBIT,XRPUSDT,60,1785045600000,1.0989,1.1001,1.0949,1.0998,6034237.9,6619259.31053,1
BYBIT,XRPUSDT,60,1785049200000,1.0998,1.1006,1.0973,1.0984,2837138.4,3117831.85411,1
BYBIT,XRPUSDT,60,1785052800000,1.0984,1.0993,1.0979,1.0992,1007943.0,1107338.81017,1
BYBIT,XRPUSDT,60,1785056400000,1.0992,1.1007,1.0985,1.0993,1039469.2,1143007.27654,1
BYBIT,XRPUSDT,60,1785060000000,1.0993,1.1011,1.0983,1.1003,2003708.3,2204050.72061,1
BYBIT,XRPUSDT,60,1785063600000,1.1003,1.1006,1.0992,1.1,1167658.4,1284289.81641,1
BYBIT,XRPUSDT,60,1785067200000,1.1,1.1025,1.0977,1.0981,3323621.7,3655360.07063,1
BYBIT,XRPUSDT,60,1785070800000,1.0981,1.0985,1.0959,1.0973,3546289.2,3890756.2474,1
BYBIT,XRPUSDT,60,1785074400000,1.0973,1.1012,1.0956,1.0993,4820603.2,5294023.95965,1
BYBIT,XRPUSDT,60,1785078000000,1.0993,1.1046,1.0985,1.1039,5441410.0,5997067.43664,1
BYBIT,XRPUSDT,60,1785081600000,1.1039,1.1066,1.1014,1.1026,3576952.1,3949366.17911,1
BYBIT,XRPUSDT,60,1785085200000,1.1026,1.1027,1.1004,1.1014,2179953.3,2401183.13207,1
BYBIT,XRPUSDT,60,1785088800000,1.1014,1.1026,1.1003,1.1026,1175430.1,1294058.72075,1
BYBIT,XRPUSDT,60,1785092400000,1.1026,1.1027,1.1007,1.1018,688256.3,758325.08663,1
BYBIT,XRPUSDT,60,1785096000000,1.1018,1.102,1.1003,1.1005,1200358.7,1321324.23319,1
BYBIT,XRPUSDT,60,1785099600000,1.1005,1.1052,1.0997,1.1033,2898032.8,3195399.58681,1
BYBIT,XRPUSDT,60,1785103200000,1.1033,1.1134,1.1033,1.1121,9396808.2,10429679.82091,1
BYBIT,XRPUSDT,60,1785106800000,1.1121,1.116,1.1097,1.1125,4433896.3,4933060.07309,1
BYBIT,XRPUSDT,60,1785110400000,1.1125,1.1128,1.1074,1.1083,4149653.2,4604632.08905,1
BYBIT,XRPUSDT,60,1785114000000,1.1083,1.1098,1.1018,1.1076,4735893.3,5235652.27999,1
BYBIT,XRPUSDT,60,1785117600000,1.1076,1.1084,1.1046,1.1053,2634100.1,2914367.48771,1
BYBIT,XRPUSDT,60,1785121200000,1.1053,1.1077,1.1035,1.1068,1691627.6,1870842.40303,1
BYBIT,XRPUSDT,60,1785124800000,1.1068,1.1097,1.1052,1.106,2175991.0,2409555.71648,1
BYBIT,XRPUSDT,60,1785128400000,1.106,1.1101,1.1055,1.1098,2310990.5,2560078.90197,1
BYBIT,XRPUSDT,60,1785132000000,1.1098,1.1144,1.1094,1.1103,5455549.5,6064202.91511,1
BYBIT,XRPUSDT,60,1785135600000,1.1103,1.1112,1.1061,1.1072,3000859.7,3326690.3613,1
BYBIT,XRPUSDT,60,1785139200000,1.1072,1.1077,1.1049,1.1061,2761707.0,3055778.92725,1
BYBIT,XRPUSDT,60,1785142800000,1.1061,1.1088,1.1036,1.1076,3351494.0,3708156.18017,1
BYBIT,XRPUSDT,60,1785146400000,1.1076,1.1089,1.1065,1.1075,1594854.7,1766892.56242,1
BYBIT,XRPUSDT,60,1785150000000,1.1075,1.1098,1.1033,1.1048,4929147.2,5453922.39384,1
BYBIT,XRPUSDT,60,1785153600000,1.1048,1.107,1.0984,1.1045,10889106.4,12003124.51435,1
BYBIT,XRPUSDT,60,1785157200000,1.1045,1.1136,1.1018,1.1071,9850846.6,10917023.13508,1
BYBIT,XRPUSDT,60,1785160800000,1.1071,1.1079,1.0844,1.09,30459286.7,33306115.55722,1
BYBIT,XRPUSDT,60,1785164400000,1.09,1.0913,1.0849,1.0857,5775484.2,6285716.8034,1
BYBIT,XRPUSDT,60,1785168000000,1.0857,1.095,1.0851,1.0931,7435113.2,8114086.12301,1
BYBIT,XRPUSDT,60,1785171600000,1.0931,1.0956,1.0896,1.0934,4665557.0,5096752.41399,1
BYBIT,XRPUSDT,60,1785175200000,1.0934,1.0942,1.0859,1.0896,5203636.6,5665323.71372,1
BYBIT,XRPUSDT,60,1785178800000,1.0896,1.0948,1.0878,1.0918,3821890.7,4172726.3122,1
BYBIT,XRPUSDT,60,1785182400000,1.0918,1.0932,1.0883,1.0904,2078722.1,2267183.63734,1
BYBIT,XRPUSDT,60,1785186000000,1.0904,1.0911,1.0853,1.086,3095600.1,3368251.99914,1
BYBIT,XRPUSDT,60,1785189600000,1.086,1.0862,1.0652,1.0663,28681173.6,30854322.90944,1
BYBIT,XRPUSDT,60,1785193200000,1.0663,1.0682,1.0622,1.0654,12482557.8,13293815.63163,1
BYBIT,XRPUSDT,60,1785196800000,1.0654,1.0657,1.0576,1.0584,11923743.6,12662188.09212,1
BYBIT,XRPUSDT,60,1785200400000,1.0584,1.0617,1.0535,1.0571,8875125.7,9383916.96576,1
BYBIT,XRPUSDT,60,1785204000000,1.0571,1.0589,1.0552,1.0567,3767457.0,3982193.71572,1
BYBIT,XRPUSDT,60,1785207600000,1.0567,1.0598,1.0564,1.0577,3185967.5,3369393.23613,1
BYBIT,XRPUSDT,60,1785211200000,1.0577,1.0579,1.055,1.0559,3550965.6,3751130.9687,1
BYBIT,XRPUSDT,60,1785214800000,1.0559,1.0603,1.0557,1.0572,4895866.1,5182930.43516,1
BYBIT,XRPUSDT,60,1785218400000,1.0572,1.0598,1.0551,1.0593,4782557.3,5056244.49907,1
BYBIT,XRPUSDT,60,1785222000000,1.0593,1.0599,1.0536,1.0552,6237135.0,6590030.13064,1
BYBIT,XRPUSDT,60,1785225600000,1.0552,1.0568,1.0536,1.0559,5661587.9,5972750.10984,1
BYBIT,XRPUSDT,60,1785229200000,1.0559,1.0594,1.0547,1.0557,4229329.0,4471040.82548,1
BYBIT,XRPUSDT,60,1785232800000,1.0557,1.0568,1.0528,1.0549,5181390.1,5464162.99782,1
BYBIT,XRPUSDT,60,1785236400000,1.0549,1.0553,1.0479,1.0489,16661001.3,17500921.38219,1
BYBIT,XRPUSDT,60,1785240000000,1.0489,1.0539,1.0479,1.0534,6828317.2,7177250.51298,1
BYBIT,XRPUSDT,60,1785243600000,1.0534,1.0554,1.0442,1.0502,16992182.3,17834817.57036,1
BYBIT,XRPUSDT,60,1785247200000,1.0502,1.0551,1.0457,1.0535,6420667.2,6745462.43,1
BYBIT,XRPUSDT,60,1785250800000,1.0535,1.0671,1.0514,1.0647,14915349.9,15830572.11373,1
BYBIT,XRPUSDT,60,1785254400000,1.0647,1.0661,1.0614,1.0634,4957784.2,5274072.76172,1
BYBIT,XRPUSDT,60,1785258000000,1.0634,1.0634,1.0547,1.0575,5792990.6,6131131.99297,1
BYBIT,XRPUSDT,60,1785261600000,1.0575,1.0599,1.0549,1.0574,2481742.4,2622761.36983,1
BYBIT,XRPUSDT,60,1785265200000,1.0574,1.0625,1.0567,1.0606,4347211.0,4608290.02143,1
BYBIT,XRPUSDT,60,1785268800000,1.0606,1.0631,1.0596,1.0628,5352150.1,5680252.35931,1
BYBIT,XRPUSDT,60,1785272400000,1.0628,1.0691,1.0627,1.068,6316179.1,6727058.73693,1
BYBIT,XRPUSDT,60,1785276000000,1.068,1.0699,1.0623,1.0625,5880917.9,6269924.78702,1
BYBIT,XRPUSDT,60,1785279600000,1.0625,1.0692,1.0586,1.0684,8720397.4,9275895.73267,1
BYBIT,XRPUSDT,60,1785283200000,1.0684,1.0797,1.0683,1.0785,10773593.9,11573174.45443,1
BYBIT,XRPUSDT,60,1785286800000,1.0785,1.0805,1.0709,1.0712,5139946.4,5529876.31151,1
BYBIT,XRPUSDT,60,1785290400000,1.0712,1.082,1.0695,1.0788,5541114.4,5961445.28794,1
BYBIT,XRPUSDT,60,1785294000000,1.0788,1.0805,1.0704,1.0708,6423366.4,6902002.37667,1
BYBIT,XRPUSDT,60,1785297600000,1.0708,1.0805,1.0674,1.0799,8223692.7,8832439.81599,1
BYBIT,XRPUSDT,60,1785301200000,1.0799,1.0906,1.0799,1.0852,12840422.3,13940076.3064,1
BYBIT,XRPUSDT,60,1785304800000,1.0852,1.0892,1.0822,1.0872,5051437.9,5487193.91318,1
BYBIT,XRPUSDT,60,1785308400000,1.0872,1.09,1.0855,1.0897,5129317.2,5578344.23984,1
BYBIT,XRPUSDT,60,1785312000000,1.0897,1.0908,1.0846,1.0866,16725091.0,18194608.93954,1
BYBIT,XRPUSDT,60,1785315600000,1.0866,1.0933,1.0866,1.088,4138657.0,4512905.15256,1
BYBIT,XRPUSDT,60,1785319200000,1.088,1.0896,1.086,1.0869,5770083.2,6275249.50608,1
BYBIT,XRPUSDT,60,1785322800000,1.0869,1.0887,1.0835,1.0837,12658146.3,13735768.41162,1
BYBIT,XRPUSDT,60,1785326400000,1.0837,1.0837,1.0743,1.0775,9569377.6,10323576.18919,1
BYBIT,XRPUSDT,60,1785330000000,1.0775,1.078,1.0696,1.075,11521093.6,12375181.18707,1
BYBIT,XRPUSDT,60,1785333600000,1.075,1.0761,1.0686,1.0716,7598370.8,8148581.90347,1
BYBIT,XRPUSDT,60,1785337200000,1.0716,1.0731,1.0661,1.0675,5981994.9,6394216.69549,1
BYBIT,XRPUSDT,60,1785340800000,1.0675,1.0721,1.0655,1.0694,18101094.0,19363830.54331,1
BYBIT,XRPUSDT,60,1785344400000,1.0694,1.0798,1.0694,1.0797,6959217.4,7480000.4585,1
BYBIT,XRPUSDT,60,1785348000000,1.0797,1.0918,1.0759,1.0866,25011040.4,27155316.3302,1
BYBIT,XRPUSDT,60,1785351600000,1.0866,1.0896,1.0673,1.0691,10288554.8,11071886.75598,1
BYBIT,XRPUSDT,60,1785355200000,1.0691,1.0704,1.0616,1.0655,14560087.0,15525555.30632,1
BYBIT,XRPUSDT,60,1785358800000,1.0655,1.0795,1.0632,1.0744,16886343.2,18128056.24348,1
BYBIT,XRPUSDT,60,1785362400000,1.0744,1.0792,1.0733,1.0741,5004865.9,5383696.88034,1
BYBIT,XRPUSDT,60,1785366000000,1.0741,1.0752,1.0705,1.0735,5189163.7,5568334.41864,1
BYBIT,XRPUSDT,60,1785369600000,1.0735,1.0769,1.0683,1.0704,4494487.3,4820626.10331,1
BYBIT,XRPUSDT,60,1785373200000,1.0704,1.0809,1.0698,1.0779,5539888.2,5959960.8048,1
BYBIT,XRPUSDT,60,1785376800000,1.0779,1.0802,1.0749,1.0752,3154157.5,3399108.79609,1
BYBIT,XRPUSDT,60,1785380400000,1.0752,1.0778,1.0742,1.0751,2450776.1,2636739.774,1
BYBIT,XRPUSDT,60,1785384000000,1.0751,1.076,1.0727,1.0742,3071142.2,3299042.52472,1
BYBIT,XRPUSDT,60,1785387600000,1.0742,1.0776,1.0722,1.076,2615022.2,2811522.08425,1
BYBIT,XRPUSDT,60,1785391200000,1.076,1.0773,1.0722,1.0732,2827197.6,3037464.90372,1
BYBIT,XRPUSDT,60,1785394800000,1.0732,1.0795,1.073,1.0763,4470703.4,4816297.26351,1
BYBIT,XRPUSDT,60,1785398400000,1.0763,1.0803,1.0747,1.0781,4659448.0,5022293.14952,1
BYBIT,XRPUSDT,60,1785402000000,1.0781,1.0824,1.078,1.0805,4490240.7,4852760.42349,1
BYBIT,XRPUSDT,60,1785405600000,1.0805,1.0823,1.0774,1.0788,3147464.8,3399927.13693,1
BYBIT,XRPUSDT,60,1785409200000,1.0788,1.0849,1.078,1.0833,4371051.4,4730834.55793,1
BYBIT,XRPUSDT,60,1785412800000,1.0833,1.0854,1.0812,1.0829,6384055.3,6915143.49791,1
BYBIT,XRPUSDT,60,1785416400000,1.0829,1.0887,1.0791,1.0849,17214878.4,18626353.18057,1
BYBIT,XRPUSDT,60,1785420000000,1.0849,1.09,1.081,1.0867,8179284.1,8877723.13235,1
BYBIT,XRPUSDT,60,1785423600000,1.0867,1.0949,1.085,1.0917,9170119.3,10006968.64792,1
BYBIT,XRPUSDT,60,1785427200000,1.0917,1.0935,1.088,1.0895,3242841.2,3535308.96937,1
BYBIT,XRPUSDT,60,1785430800000,1.0895,1.0925,1.0867,1.0904,3824179.1,4166759.64092,1
BYBIT,XRPUSDT,60,1785434400000,1.0904,1.0921,1.0844,1.0851,4218503.4,4588683.8879,1
BYBIT,XRPUSDT,60,1785438000000,1.0851,1.0905,1.0845,1.0893,4007502.1,4357560.94381,1
BYBIT,XRPUSDT,60,1785441600000,1.0893,1.0916,1.0846,1.0849,4980186.5,5417916.04583,1
BYBIT,XRPUSDT,60,1785445200000,1.0849,1.0865,1.0836,1.084,1881444.2,2040993.10327,1
BYBIT,XRPUSDT,60,1785448800000,1.084,1.0884,1.083,1.0854,2476579.7,2690463.20467,1
BYBIT,XRPUSDT,60,1785452400000,1.0854,1.0892,1.0814,1.082,11228942.8,12166984.44843,1
BYBIT,XRPUSDT,60,1785456000000,1.082,1.0843,1.0806,1.0814,5454805.1,5906151.06278,1
BYBIT,XRPUSDT,60,1785459600000,1.0814,1.0894,1.0783,1.0801,8164251.2,8851529.60872,1
BYBIT,XRPUSDT,60,1785463200000,1.0801,1.082,1.0782,1.0801,3003775.6,3242945.67745,1
BYBIT,XRPUSDT,60,1785466800000,1.0801,1.0823,1.0776,1.0811,3126716.6,3378116.53915,1
BYBIT,XRPUSDT,60,1785470400000,1.0811,1.0823,1.0801,1.0812,2099981.5,2270486.53752,1
BYBIT,XRPUSDT,60,1785474000000,1.0812,1.0827,1.0786,1.0798,1809999.4,1955357.62264,1
BYBIT,XRPUSDT,60,1785477600000,1.0798,1.0838,1.0789,1.0798,3626243.2,3922349.70366,1
BYBIT,XRPUSDT,60,1785481200000,1.0798,1.0798,1.0733,1.0789,8006825.6,8614177.47352,1
BYBIT,XRPUSDT,60,1785484800000,1.0789,1.0797,1.075,1.0767,2929953.3,3157661.36508,1
BYBIT,XRPUSDT,60,1785488400000,1.0767,1.077,1.0703,1.0714,4442524.1,4766789.26581,1
BYBIT,XRPUSDT,60,1785492000000,1.0714,1.0742,1.0702,1.073,3026360.1,3244893.42757,1
BYBIT,XRPUSDT,60,1785495600000,1.073,1.0753,1.0705,1.072,2655789.5,2848656.24312,1
BYBIT,XRPUSDT,60,1785499200000,1.072,1.0724,1.069,1.0717,4675557.2,5005976.15346,1
BYBIT,XRPUSDT,60,1785502800000,1.0717,1.0735,1.0652,1.0658,7668062.4,8196933.04996,1
BYBIT,XRPUSDT,60,1785506400000,1.0658,1.0672,1.0562,1.0627,36384589.3,38676279.87367,1
BYBIT,XRPUSDT,60,1785510000000,1.0627,1.0648,1.057,1.06,14142929.9,14995637.84984,1
BYBIT,XRPUSDT,60,1785513600000,1.06,1.0633,1.0595,1.0629,2759350.8,2927563.44141,1
BYBIT,XRPUSDT,60,1785517200000,1.0629,1.0705,1.0626,1.0691,3557184.6,3797045.65607,1
BYBIT,XRPUSDT,60,1785520800000,1.0691,1.0701,1.0629,1.0647,2840267.0,3027251.69379,1
BYBIT,XRPUSDT,60,1785524400000,1.0647,1.0659,1.0605,1.0613,4552547.2,4836644.48859,1
BYBIT,XRPUSDT,60,1785528000000,1.0613,1.0643,1.061,1.0615,1816701.7,1930100.61972,1
BYBIT,XRPUSDT,60,1785531600000,1.0615,1.0646,1.0585,1.0602,4572501.0,4854965.78234,1
BYBIT,XRPUSDT,60,1785535200000,1.0602,1.0637,1.0589,1.0614,2629177.2,2790845.33475,1
BYBIT,XRPUSDT,60,1785538800000,1.0614,1.063,1.0604,1.0612,1619126.9,1718860.05333,1
BYBIT,XRPUSDT,60,1785542400000,1.0612,1.0633,1.0612,1.0624,1481100.6,1573692.73051,1
BYBIT,XRPUSDT,60,1785546000000,1.0624,1.0647,1.0624,1.0645,1771836.6,1885118.9364,1
BYBIT,XRPUSDT,60,1785549600000,1.0645,1.066,1.0645,1.0651,1334742.8,1421838.00278,1
BYBIT,XRPUSDT,60,1785553200000,1.0651,1.0661,1.0638,1.0654,2583152.9,2750789.26863,1
BYBIT,XRPUSDT,60,1785556800000,1.0654,1.0668,1.065,1.0665,1182495.6,1260288.22624,1
BYBIT,XRPUSDT,60,1785560400000,1.0665,1.0665,1.0621,1.0636,1969691.4,2096275.66696,1
BYBIT,XRPUSDT,60,1785564000000,1.0636,1.065,1.0628,1.0636,1472129.7,1565908.55846,1
BYBIT,XRPUSDT,60,1785567600000,1.0636,1.0638,1.0609,1.0616,2638157.0,2802716.14856,1
BYBIT,XRPUSDT,60,1785571200000,1.0616,1.0624,1.061,1.0621,2417319.6,2566167.94271,1
BYBIT,XRPUSDT,60,1785574800000,1.0621,1.0628,1.0606,1.0608,1120206.7,1189165.77988,1
BYBIT,XRPUSDT,60,1785578400000,1.0608,1.0633,1.0594,1.0622,1638503.5,1738899.56769,1
BYBIT,XRPUSDT,60,1785582000000,1.0622,1.0631,1.0611,1.0631,1498802.4,1591761.76074,1
BYBIT,XRPUSDT,60,1785585600000,1.0631,1.0644,1.0627,1.064,1580330.5,1680732.36011,1
BYBIT,XRPUSDT,60,1785589200000,1.064,1.0644,1.0627,1.0631,924052.9,982979.98583,1
BYBIT,XRPUSDT,60,1785592800000,1.0631,1.0658,1.0631,1.0658,1064365.4,1132927.92187,1
BYBIT,XRPUSDT,60,1785596400000,1.0658,1.0658,1.0624,1.0624,2383336.8,2536478.62362,1
BYBIT,XRPUSDT,60,1785600000000,1.0624,1.0642,1.0592,1.0607,3558850.9,3779674.45644,1
BYBIT,XRPUSDT,60,1785603600000,1.0607,1.0615,1.0565,1.0585,6917786.6,7319566.44801,1
BYBIT,XRPUSDT,60,1785607200000,1.0585,1.0593,1.0467,1.0528,33126080.7,34901697.11267,1
BYBIT,XRPUSDT,60,1785610800000,1.0528,1.0539,1.0508,1.0518,4398592.3,4628965.23203,1
BYBIT,XRPUSDT,60,1785614400000,1.0518,1.0557,1.0511,1.055,3626287.9,3821565.90815,1
BYBIT,XRPUSDT,60,1785618000000,1.055,1.0604,1.0548,1.0598,7022286.5,7427397.85133,1
BYBIT,XRPUSDT,60,1785621600000,1.0598,1.0616,1.0591,1.0601,1696227.7,1798597.34873,1
BYBIT,XRPUSDT,60,1785625200000,1.0601,1.0614,1.0589,1.0599,2024065.6,2145253.98028,1
BYBIT,XRPUSDT,60,1785628800000,1.0599,1.0621,1.0599,1.0619,1935266.1,2053736.72398,1
BYBIT,XRPUSDT,60,1785632400000,1.0619,1.0687,1.0619,1.0658,15961032.8,17020745.45708,1
BYBIT,XRPUSDT,60,1785636000000,1.0658,1.0761,1.0657,1.0759,9902792.2,10622912.45305,1
BYBIT,XRPUSDT,60,1785639600000,1.0759,1.08,1.0744,1.077,5062703.9,5452343.48651,1
BYBIT,XRPUSDT,60,1785643200000,1.077,1.0836,1.0764,1.0816,6390904.6,6908197.63346,1
BYBIT,XRPUSDT,60,1785646800000,1.0816,1.084,1.0801,1.0825,5119771.0,5540604.09948,1
BYBIT,XRPUSDT,60,1785650400000,1.0825,1.0854,1.081,1.0822,3755424.1,4066844.60458,1
BYBIT,XRPUSDT,60,1785654000000,1.0822,1.0847,1.0814,1.0831,3365612.9,3646090.4921,1
BYBIT,XRPUSDT,60,1785657600000,1.0831,1.084,1.0786,1.0797,6156619.1,6655415.54094,1
BYBIT,XRPUSDT,60,1785661200000,1.0797,1.0834,1.0761,1.0825,6755514.6,7295941.58402,1
BYBIT,XRPUSDT,60,1785664800000,1.0825,1.0826,1.0791,1.0808,3297986.7,3562896.6122,1
BYBIT,XRPUSDT,60,1785668400000,1.0808,1.0825,1.0781,1.0792,4104310.2,4434917.47858,1
BYBIT,XRPUSDT,60,1785672000000,1.0792,1.0814,1.0771,1.0772,3739772.3,4034036.00795,1
BYBIT,XRPUSDT,60,1785675600000,1.0772,1.0811,1.0769,1.0805,3107643.7,3354986.03465,1
BYBIT,XRPUSDT,60,1785679200000,1.0805,1.0828,1.0795,1.0812,3349481.1,3622346.10647,1
BYBIT,XRPUSDT,60,1785682800000,1.0812,1.0823,1.0795,1.0799,1330068.8,1437637.82236,1
BYBIT,XRPUSDT,60,1785686400000,1.0799,1.0816,1.0772,1.0805,3057054.3,3298648.74136,1
BYBIT,XRPUSDT,60,1785690000000,1.0805,1.0829,1.0799,1.0817,1263377.9,1366114.9266,1
BYBIT,XRPUSDT,60,1785693600000,1.0817,1.0869,1.0802,1.0808,5908500.2,6398743.49258,1
BYBIT,XRPUSDT,60,1785697200000,1.0808,1.0821,1.0797,1.0816,2281488.9,2465956.6787,1
BYBIT,XRPUSDT,60,1785700800000,1.0816,1.0818,1.0798,1.081,1144512.1,1237116.17033,1
BYBIT,XRPUSDT,60,1785704400000,1.081,1.0895,1.0809,1.0862,7263248.0,7881616.88639,1
BYBIT,XRPUSDT,60,1785708000000,1.0862,1.0928,1.085,1.085,5309646.3,5780903.45529,1
BYBIT,XRPUSDT,60,1785711600000,1.085,1.0865,1.082,1.0865,3954004.7,4286543.43756,1
BYBIT,XRPUSDT,60,1785715200000,1.0865,1.0873,1.0796,1.0806,4274217.2,4628724.39852,1
BYBIT,XRPUSDT,60,1785718800000,1.0806,1.081,1.0742,1.0751,4377399.9,4713026.11841,1
BYBIT,XRPUSDT,60,1785722400000,1.0751,1.0768,1.0726,1.0738,3425892.9,3681007.38288,1
BYBIT,XRPUSDT,60,1785726000000,1.0738,1.074,1.0674,1.0708,6436255.0,6894432.39606,1
BYBIT,XRPUSDT,60,1785729600000,1.0708,1.0731,1.0697,1.0699,2979192.6,3192069.35796,1
BYBIT,XRPUSDT,60,1785733200000,1.0699,1.0724,1.0695,1.0719,3336408.7,3573681.38177,1
BYBIT,XRPUSDT,60,1785736800000,1.0719,1.0726,1.0675,1.0678,3639660.1,3893066.40696,1
BYBIT,XRPUSDT,60,1785740400000,1.0678,1.0694,1.0656,1.0677,6003999.0,6409435.30427,1
BYBIT,XRPUSDT,60,1785744000000,1.0677,1.0683,1.0623,1.0668,6258664.2,6665215.75814,1
BYBIT,XRPUSDT,60,1785747600000,1.0668,1.0714,1.0661,1.0709,5308414.7,5670662.6861,1
BYBIT,XRPUSDT,60,1785751200000,1.0709,1.0717,1.0676,1.0694,3562772.1,3809769.46564,1
BYBIT,XRPUSDT,60,1785754800000,1.0694,1.0697,1.0632,1.0639,6273559.1,6688894.00969,1
BYBIT,XRPUSDT,60,1785758400000,1.0639,1.0659,1.0636,1.0654,2866791.5,3052274.01178,1
BYBIT,XRPUSDT,60,1785762000000,1.0654,1.076,1.0649,1.0756,11420675.0,12226664.06436,1
BYBIT,XRPUSDT,60,1785765600000,1.0756,1.0833,1.0721,1.0825,13846811.5,14930037.16898,1
BYBIT,XRPUSDT,60,1785769200000,1.0825,1.0869,1.0778,1.0834,7550289.9,8174458.73368,1
BYBIT,XRPUSDT,60,1785772800000,1.0834,1.0847,1.0787,1.0815,5362030.5,5803439.21929,1
BYBIT,XRPUSDT,60,1785776400000,1.0815,1.0845,1.0795,1.0809,4237010.2,4583039.79887,1
BYBIT,XRPUSDT,60,1785780000000,1.0809,1.0839,1.0802,1.0815,3519720.1,3807573.92094,1
BYBIT,XRPUSDT,60,1785783600000,1.0815,1.0828,1.0783,1.0797,4132031.4,4463504.91848,1
BYBIT,XRPUSDT,60,1785787200000,1.0797,1.0836,1.0787,1.0836,2552182.9,2759432.957,1
BYBIT,XRPUSDT,60,1785790800000,1.0836,1.0837,1.0793,1.0797,2746628.7,2969919.0836,1
BYBIT,XRPUSDT,60,1785794400000,1.0797,1.0799,1.0735,1.0755,5408586.9,5818483.09859,1
BYBIT,XRPUSDT,60,1785798000000,1.0755,1.0756,1.0729,1.0752,1816817.3,1951835.5354,1
BYBIT,XRPUSDT,60,1785801600000,1.0752,1.0761,1.0694,1.0701,5887744.9,6315077.55194,1
BYBIT,XRPUSDT,60,1785805200000,1.0701,1.0789,1.0694,1.0777,7206325.8,7748976.82701,1
BYBIT,XRPUSDT,60,1785808800000,1.0777,1.0801,1.0744,1.0775,3935972.4,4240117.59428,1
BYBIT,XRPUSDT,60,1785812400000,1.0775,1.0781,1.0737,1.0769,2583729.1,2780460.06184,1
BYBIT,XRPUSDT,60,1785816000000,1.0769,1.0815,1.0755,1.0788,4058566.9,4378534.61348,1
BYBIT,XRPUSDT,60,1785819600000,1.0788,1.0796,1.0757,1.0759,3054246.5,3289369.79887,1
BYBIT,XRPUSDT,60,1785823200000,1.0759,1.0768,1.0721,1.0734,4751181.4,5101992.44752,1
BYBIT,XRPUSDT,60,1785826800000,1.0734,1.0791,1.0713,1.0784,3908102.4,4201050.13291,1
BYBIT,XRPUSDT,60,1785830400000,1.0784,1.0793,1.0734,1.0744,2779445.1,2990602.27574,1
BYBIT,XRPUSDT,60,1785834000000,1.0744,1.0744,1.0717,1.0724,2419065.6,2595420.29741,1
BYBIT,XRPUSDT,60,1785837600000,1.0724,1.0769,1.0697,1.0747,6939306.1,7443174.37294,1
BYBIT,XRPUSDT,60,1785841200000,1.0747,1.0788,1.0736,1.0788,3254120.5,3501774.6132,1
BYBIT,XRPUSDT,60,1785844800000,1.0788,1.0791,1.0751,1.0762,5409418.0,5827045.88851,1
BYBIT,XRPUSDT,60,1785848400000,1.0762,1.0784,1.0709,1.0715,9965473.8,10711652.03235,1
BYBIT,XRPUSDT,60,1785852000000,1.0715,1.0765,1.0701,1.0755,7399276.4,7942375.40768,1
BYBIT,XRPUSDT,60,1785855600000,1.0755,1.08,1.0717,1.077,6249501.6,6723491.73224,1
BYBIT,XRPUSDT,60,1785859200000,1.077,1.0771,1.073,1.074,2043469.1,2197111.21586,1
BYBIT,XRPUSDT,60,1785862800000,1.074,1.0778,1.072,1.0733,2663898.9,2863746.41761,1
BYBIT,XRPUSDT,60,1785866400000,1.0733,1.0795,1.0731,1.0766,3401982.1,3664378.29141,1
BYBIT,XRPUSDT,60,1785870000000,1.0766,1.0825,1.0756,1.0798,5539247.1,5978377.10481,1
BYBIT,XRPUSDT,60,1785873600000,1.0798,1.0798,1.0737,1.0774,5848016.8,6298548.61195,1
BYBIT,XRPUSDT,60,1785877200000,1.0774,1.0779,1.0755,1.0759,1693016.7,1823047.08835,1
BYBIT,XRPUSDT,60,1785880800000,1.0759,1.0768,1.0737,1.0756,2073792.1,2229598.40141,1
BYBIT,XRPUSDT,60,1785884400000,1.0756,1.0784,1.0728,1.0733,5943003.9,6387974.83858,1
BYBIT,XRPUSDT,60,1785888000000,1.0733,1.0739,1.0685,1.0698,5053499.8,5411187.96459,1
BYBIT,XRPUSDT,60,1785891600000,1.0698,1.0731,1.0676,1.0727,6284548.4,6724254.77349,1
BYBIT,XRPUSDT,60,1785895200000,1.0727,1.0765,1.0722,1.0735,3864946.9,4152038.72398,1
BYBIT,XRPUSDT,60,1785898800000,1.0735,1.0744,1.0653,1.067,9092902.9,9711227.96317,1
BYBIT,XRPUSDT,60,1785902400000,1.067,1.0674,1.0659,1.0666,2267854.8,2419228.30137,1
BYBIT,XRPUSDT,60,1785906000000,1.0666,1.0724,1.0663,1.0691,3601003.0,3851514.93853,1
BYBIT,XRPUSDT,60,1785909600000,1.0691,1.0704,1.0677,1.0683,2302061.1,2460579.03959,1
BYBIT,XRPUSDT,60,1785913200000,1.0683,1.0687,1.0632,1.0668,5795126.7,6173942.45088,1
BYBIT,XRPUSDT,60,1785916800000,1.0668,1.0674,1.0646,1.0652,3229996.7,3443534.01072,1
BYBIT,XRPUSDT,60,1785920400000,1.0652,1.0665,1.0642,1.0643,3041986.7,3241213.58449,1
BYBIT,XRPUSDT,60,1785924000000,1.0643,1.0644,1.0607,1.0612,7393570.7,7853472.41579,1
BYBIT,XRPUSDT,60,1785927600000,1.0612,1.0622,1.0591,1.0604,4858647.3,5152075.8364,1
BYBIT,XRPUSDT,60,1785931200000,1.0604,1.0685,1.0602,1.0634,9700005.8,10332983.11625,1
BYBIT,XRPUSDT,60,1785934800000,1.0634,1.0638,1.0541,1.0612,18806626.9,19909615.27925,1
BYBIT,XRPUSDT,60,1785938400000,1.0612,1.0651,1.0592,1.0647,8093523.5,8593986.00426,1
BYBIT,XRPUSDT,60,1785942000000,1.0647,1.0667,1.06,1.0603,7172313.7,7630921.74054,1
BYBIT,XRPUSDT,60,1785945600000,1.0603,1.0688,1.06,1.0667,5868122.9,6253983.64696,1
BYBIT,XRPUSDT,60,1785949200000,1.0667,1.0716,1.0663,1.0697,5020944.2,5369438.05653,1
BYBIT,XRPUSDT,60,1785952800000,1.0697,1.0728,1.0682,1.0691,3030142.8,3242140.11872,1
BYBIT,XRPUSDT,60,1785956400000,1.0691,1.0716,1.0681,1.0695,5035455.5,5388103.76632,1
BYBIT,XRPUSDT,60,1785960000000,1.0695,1.072,1.0669,1.0692,5160728.1,5517727.37465,1
BYBIT,XRPUSDT,60,1785963600000,1.0692,1.0692,1.063,1.0645,6046648.7,6444781.07829,1
BYBIT,XRPUSDT,60,1785967200000,1.0645,1.065,1.0616,1.0617,4697191.7,4994568.6511,1
BYBIT,XRPUSDT,60,1785970800000,1.0617,1.063,1.0598,1.0618,7213059.7,7654434.66522,1
BYBIT,XRPUSDT,60,1785974400000,1.0618,1.0631,1.0607,1.0621,1795426.8,1906721.88241,1
BYBIT,XRPUSDT,60,1785978000000,1.0621,1.0622,1.0528,1.0534,13492642.9,14269720.19554,1
BYBIT,XRPUSDT,60,1785981600000,1.0534,1.0544,1.0413,1.0465,36525457.9,38237718.3003,1
BYBIT,XRPUSDT,60,1785985200000,1.0465,1.0471,1.0406,1.0428,9419061.4,9831440.9002,1
BYBIT,XRPUSDT,60,1785988800000,1.0428,1.0478,1.0389,1.0475,9999944.0,10429934.51803,1
BYBIT,XRPUSDT,60,1785992400000,1.0475,1.0517,1.0474,1.0517,5350420.8,5616802.98788,1
BYBIT,XRPUSDT,60,1785996000000,1.0517,1.052,1.0491,1.0514,3741737.9,3930526.68545,1
BYBIT,XRPUSDT,60,1785999600000,1.0514,1.0515,1.0477,1.0488,3235173.5,3395871.39449,1
BYBIT,XRPUSDT,60,1786003200000,1.0488,1.0579,1.0478,1.0552,10540928.7,11106178.69246,1
BYBIT,XRPUSDT,60,1786006800000,1.0552,1.0563,1.0403,1.0445,34784408.9,36414115.45856,1
BYBIT,XRPUSDT,60,1786010400000,1.0445,1.0468,1.0418,1.0468,5890478.6,6152772.0786,1
BYBIT,XRPUSDT,60,1786014000000,1.0468,1.0511,1.0449,1.0497,5773538.4,6052824.55087,1
BYBIT,XRPUSDT,60,1786017600000,1.0497,1.0498,1.0454,1.0461,3481354.3,3646753.87045,1
BYBIT,XRPUSDT,60,1786021200000,1.0461,1.0469,1.0417,1.0452,8846305.2,9239649.25866,1
BYBIT,XRPUSDT,60,1786024800000,1.0452,1.0477,1.0416,1.0471,7468907.6,7804610.19212,1
BYBIT,XRPUSDT,60,1786028400000,1.0471,1.0536,1.0469,1.0486,10195496.3,10701719.576,1
BYBIT,XRPUSDT,60,1786032000000,1.0486,1.0493,1.0423,1.0455,8948399.5,9354930.63759,1
BYBIT,XRPUSDT,60,1786035600000,1.0455,1.0486,1.0395,1.041,8529915.9,8893184.58053,1
BYBIT,XRPUSDT,60,1786039200000,1.041,1.0425,1.0334,1.0354,17631211.9,18288418.15847,1
BYBIT,XRPUSDT,60,1786042800000,1.0354,1.038,1.0318,1.0344,11176451.9,11561355.52193,1
BYBIT,XRPUSDT,60,1786046400000,1.0344,1.0369,1.032,1.0328,5779266.6,5977154.6587,1
BYBIT,XRPUSDT,60,1786050000000,1.0328,1.0362,1.0325,1.0355,7718644.6,7982694.30594,1
BYBIT,XRPUSDT,60,1786053600000,1.0355,1.037,1.0342,1.0368,2486077.8,2575332.69324,1
BYBIT,XRPUSDT,60,1786057200000,1.0368,1.0368,1.0287,1.0345,8738787.6,9015787.2096,1
BYBIT,XRPUSDT,60,1786060800000,1.0345,1.0362,1.0307,1.0357,5760430.7,5953810.64179,1
BYBIT,XRPUSDT,60,1786064400000,1.0357,1.0387,1.0349,1.0373,3468949.1,3597559.78007,1
BYBIT,XRPUSDT,60,1786068000000,1.0373,1.0376,1.0269,1.0299,10488317.8,10815246.06308,1
BYBIT,XRPUSDT,60,1786071600000,1.0299,1.0308,1.0185,1.0205,23549660.7,24118192.06094,1
BYBIT,XRPUSDT,60,1786075200000,1.0205,1.0231,1.0173,1.0201,13673033.9,13955500.85333,1
BYBIT,XRPUSDT,60,1786078800000,1.0201,1.0221,1.0144,1.0206,12878526.3,13102834.4367,1
BYBIT,XRPUSDT,60,1786082400000,1.0206,1.0282,1.0201,1.0255,9719779.6,9967010.18674,1
BYBIT,XRPUSDT,60,1786086000000,1.0255,1.0284,1.0241,1.0278,5084382.9,5221958.76492,1
BYBIT,XRPUSDT,60,1786089600000,1.0278,1.0313,1.0264,1.0306,7572505.7,7791785.25094,1
BYBIT,XRPUSDT,60,1786093200000,1.0306,1.0369,1.0305,1.0356,16653056.2,17224729.36251,1
BYBIT,XRPUSDT,60,1786096800000,1.0356,1.0372,1.0339,1.0343,11549544.8,11964351.33569,1
BYBIT,XRPUSDT,60,1786100400000,1.0343,1.0366,1.0319,1.0335,8051775.3,8326046.52683,1
BYBIT,XRPUSDT,60,1786104000000,1.0335,1.043,1.0332,1.0374,17839484.0,18506068.04088,1
BYBIT,XRPUSDT,60,1786107600000,1.0374,1.0409,1.035,1.0357,9766076.0,10134974.27615,1
BYBIT,XRPUSDT,60,1786111200000,1.0357,1.0358,1.0251,1.0266,20415721.4,21020227.35909,1
BYBIT,XRPUSDT,60,1786114800000,1.0266,1.0298,1.0256,1.0272,7081984.9,7277094.34629,1
BYBIT,XRPUSDT,60,1786118400000,1.0272,1.0302,1.0151,1.0153,17194127.4,17603487.74644,1
BYBIT,XRPUSDT,60,1786122000000,1.0153,1.0183,1.012,1.0161,17746113.0,18011830.4566,1
BYBIT,XRPUSDT,60,1786125600000,1.0161,1.0211,1.0138,1.0179,6276596.2,6387888.83802,1
BYBIT,XRPUSDT,60,1786129200000,1.0179,1.025,1.0177,1.0231,6130205.4,6270155.0609,1
BYBIT,XRPUSDT,60,1786132800000,1.0231,1.0258,1.0228,1.0248,1937037.0,1984104.06308,1
BYBIT,XRPUSDT,60,1786136400000,1.0248,1.0272,1.0212,1.0226,10737819.2,10990643.78744,1
BYBIT,XRPUSDT,60,1786140000000,1.0226,1.0233,1.0183,1.02,5585057.7,5699931.72967,1
BYBIT,XRPUSDT,60,1786143600000,1.02,1.023,1.02,1.0205,2935562.3,2999835.57984,1
BYBIT,XRPUSDT,60,1786147200000,1.0205,1.025,1.0196,1.0242,4862375.2,4970633.51013,1
BYBIT,XRPUSDT,60,1786150800000,1.0242,1.0308,1.0242,1.0292,4562901.1,4691212.16076,1
BYBIT,XRPUSDT,60,1786154400000,1.0292,1.0313,1.029,1.0302,3738058.2,3850158.20723,1
BYBIT,XRPUSDT,60,1786158000000,1.0302,1.0382,1.03,1.0368,7348907.0,7604651.78998,1
BYBIT,XRPUSDT,60,1786161600000,1.0368,1.0389,1.0338,1.0345,4518787.2,4680111.61647,1
BYBIT,XRPUSDT,60,1786165200000,1.0345,1.0353,1.0316,1.0328,4298212.9,4441423.69892,1
BYBIT,XRPUSDT,60,1786168800000,1.0328,1.0356,1.0324,1.0344,3682208.4,3807810.66431,1
BYBIT,XRPUSDT,60,1786172400000,1.0344,1.0347,1.0325,1.0342,2301106.1,2378406.56113,1
BYBIT,XRPUSDT,60,1786176000000,1.0342,1.0358,1.0333,1.0356,3353406.1,3468637.09655,1
BYBIT,XRPUSDT,60,1786179600000,1.0356,1.0376,1.0348,1.0354,5694118.0,5900095.49827,1
BYBIT,XRPUSDT,60,1786183200000,1.0354,1.0399,1.0352,1.0387,3998750.5,4148007.57704,1
BYBIT,XRPUSDT,60,1786186800000,1.0387,1.0398,1.0362,1.0375,3682735.3,3821142.20173,1
BYBIT,XRPUSDT,60,1786190400000,1.0375,1.0429,1.0368,1.0405,5878160.8,6113224.03682,1
BYBIT,XRPUSDT,60,1786194000000,1.0405,1.0424,1.04,1.0411,4836735.2,5035702.5154,1
BYBIT,XRPUSDT,60,1786197600000,1.0411,1.0452,1.0411,1.0442,5886675.3,6141048.13012,1
BYBIT,XRPUSDT,60,1786201200000,1.0442,1.0462,1.0416,1.0447,7487592.2,7813898.5069,1
BYBIT,XRPUSDT,60,1786204800000,1.0447,1.0483,1.0446,1.0469,6801198.0,7120770.2494,1
BYBIT,XRPUSDT,60,1786208400000,1.0469,1.0473,1.0451,1.0454,4748484.3,4967536.19685,1
BYBIT,XRPUSDT,60,1786212000000,1.0454,1.0455,1.0412,1.0418,6027341.4,6285255.74881,1
BYBIT,XRPUSDT,60,1786215600000,1.0418,1.0432,1.0397,1.0422,3205736.5,3339052.7697,1
BYBIT,XRPUSDT,60,1786219200000,1.0422,1.0431,1.0417,1.0421,1250991.2,1303840.15465,1
BYBIT,XRPUSDT,60,1786222800000,1.0421,1.0432,1.0416,1.0425,1698565.5,1770711.46418,1
BYBIT,XRPUSDT,60,1786226400000,1.0425,1.043,1.0382,1.0384,4255720.6,4424661.93624,1
BYBIT,XRPUSDT,60,1786230000000,1.0384,1.0393,1.0367,1.039,4029474.6,4183012.30027,1
BYBIT,XRPUSDT,60,1786233600000,1.039,1.0403,1.0372,1.0391,3880035.4,4030109.77326,1
BYBIT,XRPUSDT,60,1786237200000,1.0391,1.0402,1.0347,1.0356,6161682.0,6390168.98476,1
BYBIT,XRPUSDT,60,1786240800000,1.0356,1.0364,1.0334,1.0349,3723660.0,3853111.5432,1
BYBIT,XRPUSDT,60,1786244400000,1.0349,1.0377,1.0337,1.0365,3202664.9,3318402.51989,1
BYBIT,XRPUSDT,60,1786248000000,1.0365,1.0387,1.0364,1.0372,2560030.1,2656720.37018,1
BYBIT,XRPUSDT,60,1786251600000,1.0372,1.0379,1.034,1.0359,3922665.7,4062312.55343,1
BYBIT,XRPUSDT,60,1786255200000,1.0359,1.0408,1.0357,1.0405,4077703.5,4235323.456,1
BYBIT,XRPUSDT,60,1786258800000,1.0405,1.0409,1.0358,1.0366,5741256.9,5957565.78418,1
BYBIT,XRPUSDT,60,1786262400000,1.0366,1.0387,1.0306,1.0333,11564847.6,11949722.164,1
BYBIT,XRPUSDT,60,1786266000000,1.0333,1.0356,1.0322,1.0354,7030203.8,7268428.94739,1
BYBIT,XRPUSDT,60,1786269600000,1.0354,1.0376,1.0353,1.0363,2532154.3,2624553.0692,1
BYBIT,XRPUSDT,60,1786273200000,1.0363,1.0368,1.035,1.0364,1349558.1,1397935.22869,1
BYBIT,XRPUSDT,60,1786276800000,1.0364,1.0375,1.0349,1.0367,2284811.4,2367709.83188,1
BYBIT,XRPUSDT,60,1786280400000,1.0367,1.0404,1.0365,1.0384,4177115.2,4340381.0823,1
BYBIT,XRPUSDT,60,1786284000000,1.0384,1.0426,1.038,1.0419,4485165.5,4666088.42606,1
BYBIT,XRPUSDT,60,1786287600000,1.0419,1.0435,1.0408,1.0428,5165889.6,5383472.02302,1
BYBIT,XRPUSDT,60,1786291200000,1.0428,1.0452,1.0413,1.0436,5089386.6,5308889.73833,1
BYBIT,XRPUSDT,60,1786294800000,1.0436,1.0438,1.041,1.041,3496220.9,3644887.78632,1
BYBIT,XRPUSDT,60,1786298400000,1.041,1.0421,1.0391,1.0399,3523569.0,3667355.67629,1
BYBIT,XRPUSDT,60,1786302000000,1.0399,1.0416,1.0395,1.0415,1108240.2,1153393.37058,1
BYBIT,XRPUSDT,60,1786305600000,1.0415,1.0423,1.0392,1.0416,2902524.6,3021523.15896,1
BYBIT,XRPUSDT,60,1786309200000,1.0416,1.0449,1.0409,1.0424,4572002.8,4767543.01807,1
BYBIT,XRPUSDT,60,1786312800000,1.0424,1.0475,1.0346,1.0369,8828418.9,9184931.59468,1
BYBIT,XRPUSDT,60,1786316400000,1.0369,1.0379,1.0275,1.0294,13013657.6,13415206.69773,1
BYBIT,XRPUSDT,60,1786320000000,1.0294,1.0374,1.0272,1.0308,11808642.2,12179997.49742,1
BYBIT,XRPUSDT,60,1786323600000,1.0308,1.0408,1.0279,1.0374,7023362.0,7269525.50431,1
BYBIT,XRPUSDT,60,1786327200000,1.0374,1.0379,1.0279,1.0343,11275355.2,11642858.04494,1
BYBIT,XRPUSDT,60,1786330800000,1.0343,1.036,1.0278,1.031,8414125.7,8686099.21511,1
BYBIT,XRPUSDT,60,1786334400000,1.031,1.0339,1.0287,1.0311,3899178.2,4020305.74645,1
BYBIT,XRPUSDT,60,1786338000000,1.0311,1.036,1.0307,1.0347,2760269.2,2852885.91772,1
BYBIT,XRPUSDT,60,1786341600000,1.0347,1.0381,1.0343,1.0381,3497458.2,3623625.52606,1
BYBIT,XRPUSDT,60,1786345200000,1.0381,1.0397,1.0362,1.0369,5353761.5,5555187.77846,1
BYBIT,XRPUSDT,60,1786348800000,1.0369,1.0384,1.0309,1.0335,9714604.5,10043924.16736,1
BYBIT,XRPUSDT,60,1786352400000,1.0335,1.0343,1.0297,1.0302,4715186.0,4862387.24062,1
BYBIT,XRPUSDT,60,1786356000000,1.0302,1.0323,1.0296,1.0317,3061322.6,3156354.89508,1
BYBIT,XRPUSDT,60,1786359600000,1.0317,1.0341,1.0305,1.034,4413737.9,4558491.43518,1
BYBIT,XRPUSDT,60,1786363200000,1.034,1.0353,1.0277,1.0285,6483275.7,6686492.22195,1
BYBIT,XRPUSDT,60,1786366800000,1.0285,1.0292,1.0228,1.0257,18200681.4,18671938.9767,1
BYBIT,XRPUSDT,60,1786370400000,1.0257,1.0319,1.0253,1.0264,7285804.1,7496162.84046,1
BYBIT,XRPUSDT,60,1786374000000,1.0264,1.0267,1.0204,1.0227,17913959.8,18325156.05439,1
BYBIT,XRPUSDT,60,1786377600000,1.0227,1.0249,1.0163,1.0181,19223343.4,19605397.18306,1
BYBIT,XRPUSDT,60,1786381200000,1.0181,1.0217,1.0171,1.0195,6276584.3,6397922.06416,1
BYBIT,XRPUSDT,60,1786384800000,1.0195,1.0203,1.015,1.0171,6060671.4,6165692.93171,1
BYBIT,XRPUSDT,60,1786388400000,1.0171,1.023,1.0168,1.0201,4970165.2,5072125.1075,1
BYBIT,XRPUSDT,60,1786392000000,1.0201,1.0207,1.0187,1.0192,4569002.2,4659618.01044,1
BYBIT,XRPUSDT,60,1786395600000,1.0192,1.0213,1.0159,1.0165,5181051.2,5276641.48814,1
BYBIT,XRPUSDT,60,1786399200000,1.0165,1.0172,1.0045,1.011,38989771.3,39365546.8497,1
BYBIT,XRPUSDT,60,1786402800000,1.011,1.013,1.0099,1.0117,9099018.3,9203405.87943,1
BYBIT,XRPUSDT,60,1786406400000,1.0117,1.013,1.0093,1.0123,7269953.2,7350783.82775,1
BYBIT,XRPUSDT,60,1786410000000,1.0123,1.0157,1.0106,1.0152,4278426.6,4335344.5182,1
BYBIT,XRPUSDT,60,1786413600000,1.0152,1.0161,1.0126,1.0127,2363066.5,2396185.11083,1
BYBIT,XRPUSDT,60,1786417200000,1.0127,1.0145,1.0125,1.0142,4479514.3,4540750.39611,1
BYBIT,XRPUSDT,60,1786420800000,1.0142,1.0149,1.0124,1.0126,2761966.2,2800191.89341,1
BYBIT,XRPUSDT,60,1786424400000,1.0126,1.0135,1.0095,1.0096,5343982.6,5406286.40467,1
BYBIT,XRPUSDT,60,1786428000000,1.0096,1.0114,1.0014,1.006,25291580.2,25431187.92074,1
BYBIT,XRPUSDT,60,1786431600000,1.006,1.0071,1.0025,1.0044,10904527.1,10955855.56443,1
BYBIT,XRPUSDT,60,1786435200000,1.0044,1.0063,1.002,1.0056,7477727.1,7505244.19723,1
BYBIT,XRPUSDT,60,1786438800000,1.0056,1.0074,1.0041,1.0068,5247395.5,5277987.42105,1
BYBIT,XRPUSDT,60,1786442400000,1.0068,1.0068,1.0011,1.0051,11928384.3,11974725.78769,1
BYBIT,XRPUSDT,60,1786446000000,1.0051,1.0099,1.005,1.0076,11344954.6,11434730.31514,1
BYBIT,XRPUSDT,60,1786449600000,1.0076,1.0089,1.0035,1.0038,7278077.8,7323806.78152,1
BYBIT,XRPUSDT,60,1786453200000,1.0038,1.0095,1.0026,1.0082,9022939.2,9076501.2559,1
BYBIT,XRPUSDT,60,1786456800000,1.0082,1.0107,0.9905,0.9939,49538466.8,49440355.80042,1
BYBIT,XRPUSDT,60,1786460400000,0.9939,1.0075,0.9933,1.0034,35735270.1,35735466.03846,1
BYBIT,XRPUSDT,60,1786464000000,1.0034,1.0106,1.0017,1.0092,13532411.9,13614489.62842,1
BYBIT,XRPUSDT,60,1786467600000,1.0092,1.0158,1.0087,1.0139,16236418.1,16442731.0529,1
BYBIT,XRPUSDT,60,1786471200000,1.0139,1.0186,1.0077,1.0125,12226509.2,12386323.63848,1
BYBIT,XRPUSDT,60,1786474800000,1.0125,1.0157,1.0087,1.0151,14817412.0,15007253.63764,1
BYBIT,XRPUSDT,60,1786478400000,1.0151,1.0249,1.015,1.0171,20959364.3,21394411.43308,1
BYBIT,XRPUSDT,60,1786482000000,1.0171,1.0261,1.0169,1.0241,20001163.1,20442498.85384,1
BYBIT,XRPUSDT,60,1786485600000,1.0241,1.0255,1.02,1.021,5312876.2,5428060.28765,1
BYBIT,XRPUSDT,60,1786489200000,1.021,1.0234,1.0183,1.0225,5623001.2,5741105.00792,1
BYBIT,XRPUSDT,60,1786492800000,1.0225,1.023,1.0208,1.0219,4642404.1,4743456.69497,1
BYBIT,XRPUSDT,60,1786496400000,1.0219,1.0245,1.0219,1.0227,4408172.3,4510369.13722,1
BYBIT,XRPUSDT,60,1786500000000,1.0227,1.025,1.019,1.0209,5731366.4,5853983.98757,1
BYBIT,XRPUSDT,60,1786503600000,1.0209,1.0217,1.019,1.0199,3035183.1,3097145.70321,1
BYBIT,XRPUSDT,60,1786507200000,1.0199,1.0213,1.0188,1.02,2718827.0,2773008.79073,1
BYBIT,XRPUSDT,60,1786510800000,1.02,1.0228,1.0188,1.0214,3115067.6,3181478.8049,1
BYBIT,XRPUSDT,60,1786514400000,1.0214,1.0214,1.0176,1.0194,4197933.5,4277155.99826,1
BYBIT,XRPUSDT,60,1786518000000,1.0194,1.0219,1.0177,1.0202,3142194.1,3205171.33913,1
BYBIT,XRPUSDT,60,1786521600000,1.0202,1.0211,1.0167,1.0169,4169916.3,4247842.38484,1
BYBIT,XRPUSDT,60,1786525200000,1.0169,1.0254,1.0167,1.0237,8599134.5,8794358.45973,1
BYBIT,XRPUSDT,60,1786528800000,1.0237,1.0253,1.0204,1.021,5025528.4,5137351.38073,1
BYBIT,XRPUSDT,60,1786532400000,1.021,1.0222,1.0197,1.0222,4888597.0,4989805.46404,1
BYBIT,XRPUSDT,60,1786536000000,1.0222,1.0259,1.0145,1.0169,28200876.1,28740971.23027,1
BYBIT,XRPUSDT,60,1786539600000,1.0169,1.0182,1.0128,1.0142,8020257.3,8144230.68314,1
BYBIT,XRPUSDT,60,1786543200000,1.0142,1.0157,1.0067,1.0085,22061607.6,22293043.12526,1
BYBIT,XRPUSDT,60,1786546800000,1.0085,1.0125,1.0075,1.0122,7971794.5,8053507.39031,1
BYBIT,XRPUSDT,60,1786550400000,1.0122,1.0127,1.0077,1.0083,4127218.9,4168974.62273,1
BYBIT,XRPUSDT,60,1786554000000,1.0083,1.0105,1.0059,1.0096,6446342.6,6498612.49605,1
BYBIT,XRPUSDT,60,1786557600000,1.0096,1.0121,1.0085,1.0086,2569419.3,2595618.98141,1
BYBIT,XRPUSDT,60,1786561200000,1.0086,1.0092,1.0061,1.007,3613055.8,3641181.13374,1
BYBIT,XRPUSDT,60,1786564800000,1.007,1.0103,1.0065,1.0089,3366138.2,3395509.62527,1
BYBIT,XRPUSDT,60,1786568400000,1.0089,1.0099,1.0023,1.0042,11825184.8,11889490.14099,1
BYBIT,XRPUSDT,60,1786572000000,1.0042,1.0072,1.0023,1.0039,3324068.4,3340993.16926,1
BYBIT,XRPUSDT,60,1786575600000,1.0039,1.0057,1.0002,1.0051,6836121.7,6852673.38521,1
BYBIT,XRPUSDT,60,1786579200000,1.0051,1.0073,1.0023,1.0038,5302003.2,5328390.49412,1
BYBIT,XRPUSDT,60,1786582800000,1.0038,1.0053,1.0014,1.0042,5149959.3,5168471.29637,1
BYBIT,XRPUSDT,60,1786586400000,1.0042,1.0067,1.002,1.0067,2935111.7,2948936.1531,1
BYBIT,XRPUSDT,60,1786590000000,1.0067,1.0124,1.0065,1.0104,15815005.6,15988246.62949,1
BYBIT,XRPUSDT,60,1786593600000,1.0104,1.0119,1.01,1.0104,4056177.2,4100368.58479,1
BYBIT,XRPUSDT,60,1786597200000,1.0104,1.0152,1.0091,1.0133,12462731.9,12632786.98212,1
BYBIT,XRPUSDT,60,1786600800000,1.0133,1.0147,1.0115,1.0143,3666906.7,3713189.22133,1
BYBIT,XRPUSDT,60,1786604400000,1.0143,1.015,1.0128,1.0128,2581536.8,2617739.52387,1
BYBIT,XRPUSDT,60,1786608000000,1.0128,1.0132,1.0112,1.0123,3248653.4,3287575.75878,1
BYBIT,XRPUSDT,60,1786611600000,1.0123,1.0127,1.0092,1.0122,4798797.2,4851188.15723,1
BYBIT,XRPUSDT,60,1786615200000,1.0122,1.0125,1.0054,1.0075,16027848.6,16156473.45647,1
BYBIT,XRPUSDT,60,1786618800000,1.0075,1.0079,1.0014,1.0036,16661020.3,16725264.27307,1
BYBIT,XRPUSDT,60,1786622400000,1.0036,1.0072,1.0028,1.0053,6201690.5,6233293.04019,1
BYBIT,XRPUSDT,60,1786626000000,1.0053,1.0091,1.005,1.006,5896081.2,5935680.40256,1
BYBIT,XRPUSDT,60,1786629600000,1.006,1.0102,1.0035,1.0093,8578983.6,8636597.65446,1
BYBIT,XRPUSDT,60,1786633200000,1.0093,1.011,1.0022,1.0024,7683501.9,7734344.5731,1
BYBIT,XRPUSDT,60,1786636800000,1.0024,1.0071,0.9976,1.0045,19016057.6,19045317.77112,1
BYBIT,XRPUSDT,60,1786640400000,1.0045,1.008,1.0039,1.0062,4910934.5,4940705.72221,1
BYBIT,XRPUSDT,60,1786644000000,1.0062,1.0104,1.0041,1.0086,4636302.0,4669687.34824,1
BYBIT,XRPUSDT,60,1786647600000,1.0086,1.01,1.0073,1.0097,3825064.0,3859104.97382,1
BYBIT,XRPUSDT,60,1786651200000,1.0097,1.0112,1.0085,1.0085,2974437.8,3003731.23314,1
BYBIT,XRPUSDT,60,1786654800000,1.0085,1.0098,1.0069,1.0079,4115195.6,4148771.65215,1
BYBIT,XRPUSDT,60,1786658400000,1.0079,1.0117,1.0076,1.0086,2710007.0,2736385.03611,1
BYBIT,XRPUSDT,60,1786662000000,1.0086,1.0091,1.0075,1.009,1992751.7,2009236.73774,1
BYBIT,XRPUSDT,60,1786665600000,1.009,1.0115,1.0086,1.0115,3159562.1,3191669.5006,1
BYBIT,XRPUSDT,60,1786669200000,1.0115,1.0126,1.0098,1.0111,3714475.8,3756122.1782,1
BYBIT,XRPUSDT,60,1786672800000,1.0111,1.0136,1.0108,1.0109,3395783.2,3437575.44928,1
BYBIT,XRPUSDT,60,1786676400000,1.0109,1.0115,1.0088,1.0091,2209140.3,2231005.71435,1
BYBIT,XRPUSDT,60,1786680000000,1.0091,1.0124,1.0085,1.0086,2122936.2,2145332.49603,1
BYBIT,XRPUSDT,60,1786683600000,1.0086,1.0095,1.0076,1.0092,2468989.4,2490304.29207,1
BYBIT,XRPUSDT,60,1786687200000,1.0092,1.0093,1.005,1.0051,4496578.6,4528968.52293,1
BYBIT,XRPUSDT,60,1786690800000,1.0051,1.0053,1.003,1.0041,6109906.3,6135317.78334,1
BYBIT,XRPUSDT,60,1786694400000,1.0041,1.0068,1.0035,1.0065,5136440.2,5162162.43457,1
BYBIT,XRPUSDT,60,1786698000000,1.0065,1.0067,1.0007,1.0034,9751861.9,9782791.27141,1
BYBIT,XRPUSDT,60,1786701600000,1.0034,1.0039,1.0017,1.0021,3314894.7,3324299.7952,1
BYBIT,XRPUSDT,60,1786705200000,1.0021,1.0037,1.001,1.002,3663266.5,3672621.25488,1
BYBIT,XRPUSDT,60,1786708800000,1.002,1.0027,0.999,1.0007,7364616.3,7371169.84457,1
BYBIT,XRPUSDT,60,1786712400000,1.0007,1.0051,1.0,1.0024,8809002.2,8831162.12578,1
BYBIT,XRPUSDT,60,1786716000000,1.0024,1.0045,1.0002,1.0009,6475261.6,6488826.47303,1
BYBIT,XRPUSDT,60,1786719600000,1.0009,1.0089,1.0004,1.0061,9229046.3,9277727.48636,1
BYBIT,XRPUSDT,60,1786723200000,1.0061,1.0071,1.0005,1.0018,9782970.9,9818785.78942,1
BYBIT,XRPUSDT,60,1786726800000,1.0018,1.0043,0.9984,1.0004,8959511.6,8972030.73777,1
BYBIT,XRPUSDT,60,1786730400000,1.0004,1.0031,0.9978,0.9993,8157556.9,8157107.43628,1
BYBIT,XRPUSDT,60,1786734000000,0.9993,1.0004,0.9978,0.9985,5384736.7,5380709.76304,1
BYBIT,XRPUSDT,60,1786737600000,0.9985,0.9995,0.9957,0.9984,11288520.8,11261532.32957,1
BYBIT,XRPUSDT,60,1786741200000,0.9984,0.9996,0.995,0.9978,6993680.1,6976101.16773,1
BYBIT,XRPUSDT,60,1786744800000,0.9978,0.9984,0.9846,0.9922,28019620.0,27750831.83585,1
BYBIT,XRPUSDT,60,1786748400000,0.9922,0.9988,0.9917,0.9988,6317745.5,6286588.49257,1
BYBIT,XRPUSDT,60,1786752000000,0.9988,1.0007,0.9975,1.0001,4028524.4,4024924.66094,1
BYBIT,XRPUSDT,60,1786755600000,1.0001,1.0013,0.9992,1.0011,3296195.6,3297877.4789,1
BYBIT,XRPUSDT,60,1786759200000,1.0011,1.0058,1.0011,1.0052,6880622.4,6909303.91859,1
BYBIT,XRPUSDT,60,1786762800000,1.0052,1.0074,1.0031,1.0041,4184952.7,4206228.57787,1
BYBIT,XRPUSDT,60,1786766400000,1.0041,1.0062,1.0035,1.0045,2844800.8,2859437.88149,1
BYBIT,XRPUSDT,60,1786770000000,1.0045,1.0062,1.0017,1.004,5459133.5,5480372.28414,1
BYBIT,XRPUSDT,60,1786773600000,1.004,1.0058,1.0028,1.0049,1781870.5,1790091.32998,1
BYBIT,XRPUSDT,60,1786777200000,1.0049,1.0053,1.0021,1.0023,2673765.0,2682455.09246,1
BYBIT,XRPUSDT,60,1786780800000,1.0023,1.0034,1.0002,1.0011,3376362.6,3382151.81677,1
BYBIT,XRPUSDT,60,1786784400000,1.0011,1.0024,1.0003,1.0023,2009613.3,2012270.5017,1
BYBIT,XRPUSDT,60,1786788000000,1.0023,1.0029,1.0013,1.0024,2076114.9,2080313.40809,1
BYBIT,XRPUSDT,60,1786791600000,1.0024,1.0036,1.0015,1.0019,3340337.7,3349076.27167,1
BYBIT,XRPUSDT,60,1786795200000,1.0019,1.0022,1.0001,1.0021,2212435.3,2215584.72122,1
BYBIT,XRPUSDT,60,1786798800000,1.0021,1.0023,1.0009,1.0011,1631454.1,1633963.9389,1
BYBIT,XRPUSDT,60,1786802400000,1.0011,1.0022,0.9991,1.0014,2864805.6,2866094.04866,1
BYBIT,XRPUSDT,60,1786806000000,1.0014,1.0021,1.0008,1.0018,2693685.2,2697802.81805,1
BYBIT,XRPUSDT,60,1786809600000,1.0018,1.0027,1.0009,1.002,1536481.6,1539212.94172,1
BYBIT,XRPUSDT,60,1786813200000,1.002,1.0032,1.0016,1.0018,1520545.0,1524174.38162,1
BYBIT,XRPUSDT,60,1786816800000,1.0018,1.0022,0.9998,1.0016,3538107.7,3541733.25524,1
BYBIT,XRPUSDT,60,1786820400000,1.0016,1.0037,1.0015,1.0036,1776310.2,1780899.8712,1
BYBIT,XRPUSDT,60,1786824000000,1.0036,1.0039,1.0026,1.0033,1453414.3,1458295.68576,1
BYBIT,XRPUSDT,60,1786827600000,1.0033,1.0046,1.0031,1.0036,2400503.4,2409614.0271,1
BYBIT,XRPUSDT,60,1786831200000,1.0036,1.0061,1.0036,1.0037,3652011.8,3668545.07607,1
BYBIT,XRPUSDT,60,1786834800000,1.0037,1.0038,1.0005,1.002,3385851.6,3392078.81945,1
BYBIT,XRPUSDT,60,1786838400000,1.002,1.0023,1.0006,1.0012,3466216.9,3470904.76139,1
BYBIT,XRPUSDT,60,1786842000000,1.0012,1.0016,0.9992,1.0008,3349249.6,3351663.45178,1
BYBIT,XRPUSDT,60,1786845600000,1.0008,1.0028,0.9994,1.0019,2419304.1,2422556.5403,1
BYBIT,XRPUSDT,60,1786849200000,1.0019,1.0025,1.0012,1.0016,1372504.3,1375150.02683,1
BYBIT,XRPUSDT,60,1786852800000,1.0016,1.0016,1.0,1.0004,991216.3,992137.11635,1
BYBIT,XRPUSDT,60,1786856400000,1.0004,1.0006,0.9985,0.9996,3742566.5,3740458.15265,1
BYBIT,XRPUSDT,60,1786860000000,0.9996,1.0014,0.9988,0.9998,3130998.6,3131557.33634,1
BYBIT,XRPUSDT,60,1786863600000,0.9998,1.0021,0.9997,1.0019,1820688.2,1823118.69105,1
BYBIT,XRPUSDT,60,1786867200000,1.0019,1.0019,1.001,1.0011,1024859.2,1026268.45561,1
BYBIT,XRPUSDT,60,1786870800000,1.0011,1.0022,0.9994,0.9998,3975934.5,3978096.17241,1
BYBIT,XRPUSDT,60,1786874400000,0.9998,1.0001,0.9966,0.9998,5935962.9,5927448.89148,1
BYBIT,XRPUSDT,60,1786878000000,0.9998,1.0003,0.9988,0.9995,3071903.0,3071032.46716,1
BYBIT,XRPUSDT,60,1786881600000,0.9995,1.0006,0.9987,0.9995,2278034.0,2276958.40173,1
BYBIT,XRPUSDT,60,1786885200000,0.9995,1.0005,0.9994,0.9997,2041093.7,2040769.82768,1
BYBIT,XRPUSDT,60,1786888800000,0.9997,1.0008,0.9994,1.0006,3666586.0,3667367.10149,1
BYBIT,XRPUSDT,60,1786892400000,1.0006,1.002,1.0006,1.0014,3847805.2,3852739.61381,1
BYBIT,XRPUSDT,60,1786896000000,1.0014,1.0035,1.0008,1.0022,4056828.5,4065758.6329,1
BYBIT,XRPUSDT,60,1786899600000,1.0022,1.0026,1.0003,1.0004,3159170.1,3163892.02659,1
BYBIT,XRPUSDT,60,1786903200000,1.0004,1.0004,0.9973,0.9988,6707020.9,6697371.34493,1
BYBIT,XRPUSDT,60,1786906800000,0.9988,1.002,0.9985,1.0004,2577753.2,2580023.2581,1
BYBIT,XRPUSDT,60,1786910400000,1.0004,1.0014,0.9979,0.9988,3662634.3,3660247.8076,1
BYBIT,XRPUSDT,60,1786914000000,0.9988,0.9997,0.9883,0.9952,24268743.6,24111889.11051,1
BYBIT,XRPUSDT,60,1786917600000,0.9952,0.9966,0.9909,0.9935,10146961.9,10084096.71337,1
BYBIT,XRPUSDT,60,1786921200000,0.9935,0.9944,0.991,0.993,4577745.9,4541774.76099,1
BYBIT,XRPUSDT,60,1786924800000,0.993,0.9936,0.9877,0.9929,8832481.7,8744584.34242,1
BYBIT,XRPUSDT,60,1786928400000,0.9929,1.0009,0.9924,0.998,9747644.4,9726311.82885,1
BYBIT,XRPUSDT,60,1786932000000,0.998,1.0043,0.997,1.0017,11088070.9,11099715.7167,1
BYBIT,XRPUSDT,60,1786935600000,1.0017,1.0028,1.0004,1.002,4228967.6,4235399.82845,1
BYBIT,XRPUSDT,60,1786939200000,1.002,1.0034,1.0009,1.0014,2756659.3,2762565.41717,1
BYBIT,XRPUSDT,60,1786942800000,1.0014,1.0036,1.0004,1.0006,2750253.1,2756017.67929,1
BYBIT,XRPUSDT,60,1786946400000,1.0006,1.007,1.0004,1.0054,7723489.7,7753357.43212,1
BYBIT,XRPUSDT,60,1786950000000,1.0054,1.0061,1.0022,1.0024,3265143.3,3278723.58321,1
BYBIT,XRPUSDT,60,1786953600000,1.0024,1.0027,0.9968,0.9977,12067417.9,12062126.94425,1
BYBIT,XRPUSDT,60,1786957200000,0.9977,0.9988,0.9961,0.9965,4382950.6,4371000.80393,1
BYBIT,XRPUSDT,60,1786960800000,0.9965,1.002,0.9961,1.0017,4666461.8,4661689.79976,1
BYBIT,XRPUSDT,60,1786964400000,1.0017,1.0019,0.9994,0.9998,2949606.1,2951408.34663,1
BYBIT,XRPUSDT,60,1786968000000,0.9998,1.0012,0.9965,0.9975,5260963.7,5253750.43292,1
BYBIT,XRPUSDT,60,1786971600000,0.9975,1.0034,0.9964,1.0002,7622815.6,7626790.15283,1
BYBIT,XRPUSDT,60,1786975200000,1.0002,1.0046,0.9976,1.0039,5695320.5,5700912.06275,1
BYBIT,XRPUSDT,60,1786978800000,1.0039,1.0083,1.0017,1.0064,11217939.5,11276638.688,1
BYBIT,XRPUSDT,60,1786982400000,1.0064,1.0066,1.0024,1.0026,4084859.0,4100927.04569,1
BYBIT,XRPUSDT,60,1786986000000,1.0026,1.0046,0.9998,1.0011,5989199.4,6001754.61954,1
BYBIT,XRPUSDT,60,1786989600000,1.0011,1.0029,1.0002,1.0011,2546310.9,2550300.07031,1
BYBIT,XRPUSDT,60,1786993200000,1.0011,1.0013,0.9988,1.0008,3686916.3,3687080.87064,1
BYBIT,XRPUSDT,60,1786996800000,1.0008,1.0045,0.9991,1.0032,4864687.9,4874928.26321,1
BYBIT,XRPUSDT,60,1787000400000,1.0032,1.0038,1.0013,1.0016,2134687.7,2139543.95139,1
BYBIT,XRPUSDT,60,1787004000000,1.0016,1.0028,0.9995,1.0,2082273.4,2083964.78629,1
BYBIT,XRPUSDT,60,1787007600000,1.0,1.0041,0.9995,1.0025,2832292.2,2839315.85245,1
BYBIT,XRPUSDT,60,1787011200000,1.0025,1.0044,1.0,1.0024,4754094.5,4765019.36866,1
BYBIT,XRPUSDT,60,1787014800000,1.0024,1.0025,0.9944,0.996,7386217.2,7367959.56904,1
BYBIT,XRPUSDT,60,1787018400000,0.996,0.9967,0.9882,0.9901,13377378.7,13270236.50943,1
BYBIT,XRPUSDT,60,1787022000000,0.9901,0.9918,0.9887,0.9907,7260171.5,7189460.88363,1
BYBIT,XRPUSDT,60,1787025600000,0.9907,0.9955,0.9894,0.9943,4181304.4,4151880.06264,1
BYBIT,XRPUSDT,60,1787029200000,0.9943,0.9967,0.9925,0.9946,7344229.8,7305631.71482,1
BYBIT,XRPUSDT,60,1787032800000,0.9946,1.0001,0.9934,0.9979,5223030.9,5209559.67156,1
BYBIT,XRPUSDT,60,1787036400000,0.9979,0.9987,0.9944,0.996,7675255.4,7652260.20753,1
BYBIT,XRPUSDT,60,1787040000000,0.996,0.9979,0.9917,0.9966,6529726.6,6494031.26697,1
BYBIT,XRPUSDT,60,1787043600000,0.9966,0.9968,0.9942,0.9956,1786271.2,1778061.79891,1
BYBIT,XRPUSDT,60,1787047200000,0.9956,0.996,0.9945,0.9958,1839930.1,1831342.40704,1
BYBIT,XRPUSDT,60,1787050800000,0.9958,1.0019,0.9955,0.9982,6586439.6,6579187.35815,1
BYBIT,XRPUSDT,60,1787054400000,0.9982,0.9988,0.9971,0.9974,1422981.5,1419950.02097,1
BYBIT,XRPUSDT,60,1787058000000,0.9974,0.9988,0.9953,0.9978,4099508.4,4086642.09721,1
BYBIT,XRPUSDT,60,1787061600000,0.9978,1.0064,0.9965,1.0004,14002541.1,14028045.00359,1
BYBIT,XRPUSDT,60,1787065200000,1.0004,1.0045,0.9999,1.0034,4391024.9,4402864.54091,1
BYBIT,XRPUSDT,60,1787068800000,1.0034,1.0039,1.0002,1.0019,3526517.6,3532450.87793,1
BYBIT,XRPUSDT,60,1787072400000,1.0019,1.002,0.9996,1.0,5767224.4,5770614.63342,1
BYBIT,XRPUSDT,60,1787076000000,1.0,1.0024,1.0,1.001,2388843.5,2391651.01578,1
BYBIT,XRPUSDT,60,1787079600000,1.001,1.0027,1.0003,1.0022,3416565.2,3422617.90612,1
BYBIT,XRPUSDT,60,1787083200000,1.0022,1.0032,0.9981,0.9997,7228428.6,7229304.89569,1
BYBIT,XRPUSDT,60,1787086800000,0.9997,1.0021,0.9996,1.0,3057251.9,3060479.82898,1
BYBIT,XRPUSDT,60,1787090400000,1.0,1.0019,0.9985,1.0001,5615771.3,5617413.38723,1
BYBIT,XRPUSDT,60,1787094000000,1.0001,1.0032,0.9999,1.0015,4935425.2,4945288.88938,1
BYBIT,XRPUSDT,60,1787097600000,1.0015,1.0016,0.9957,0.996,5371969.0,5360537.92971,1
BYBIT,XRPUSDT,60,1787101200000,0.996,0.9999,0.9954,0.9984,6372105.7,6359547.77794,1
BYBIT,XRPUSDT,60,1787104800000,0.9984,0.9987,0.9974,0.9979,1942222.2,1938116.17017,1
BYBIT,XRPUSDT,60,1787108400000,0.9979,1.0011,0.9974,0.9997,3750960.5,3747480.57963,1
BYBIT,XRPUSDT,60,1787112000000,0.9997,1.0005,0.9992,0.9995,1786831.1,1786491.35245,1
BYBIT,XRPUSDT,60,1787115600000,0.9995,1.0012,0.9987,0.9995,6362937.3,6363941.89794,1
BYBIT,XRPUSDT,60,1787119200000,0.9995,1.005,0.9987,1.0039,11448259.5,11470713.12382,1
BYBIT,XRPUSDT,60,1787122800000,1.0039,1.006,1.0026,1.0031,5033913.1,5055600.36229,1
BYBIT,XRPUSDT,60,1787126400000,1.0031,1.0094,1.0028,1.0063,20593987.9,20730567.769,1
BYBIT,XRPUSDT,60,1787130000000,1.0063,1.0077,1.0033,1.0041,4315852.9,4339708.29075,1
BYBIT,XRPUSDT,60,1787133600000,1.0041,1.0052,1.003,1.0049,2240741.3,2249658.04518,1
BYBIT,XRPUSDT,60,1787137200000,1.0049,1.0065,1.0042,1.0055,2527852.0,2541612.77111,1
BYBIT,XRPUSDT,60,1787140800000,1.0055,1.0123,1.0052,1.0109,21324096.7,21526479.82928,1
BYBIT,XRPUSDT,60,1787144400000,1.0109,1.0235,1.0097,1.0164,27890761.5,28382082.22655,1
BYBIT,XRPUSDT,60,1787148000000,1.0164,1.0344,1.015,1.0327,23789040.3,24371437.95658,1
BYBIT,XRPUSDT,60,1787151600000,1.0327,1.0747,1.0302,1.0676,108984628.6,115261957.0872,1
BYBIT,XRPUSDT,60,1787155200000,1.0676,1.0708,1.0635,1.0641,26439256.6,28206676.98147,1
BYBIT,XRPUSDT,60,1787158800000,1.0641,1.0647,1.0517,1.0613,23369493.0,24712045.66805,1
BYBIT,XRPUSDT,60,1787162400000,1.0613,1.0696,1.0555,1.0688,10150688.9,10796712.33524,1
BYBIT,XRPUSDT,60,1787166000000,1.0688,1.0709,1.064,1.0674,13719528.3,14648332.18388,1
BYBIT,XRPUSDT,60,1787169600000,1.0674,1.1042,1.0671,1.0988,49936583.7,54224309.58705,1
BYBIT,XRPUSDT,60,1787173200000,1.0988,1.1329,1.0956,1.1321,54962377.7,61160470.68353,1
BYBIT,XRPUSDT,60,1787176800000,1.1321,1.1362,1.0996,1.1023,56088435.8,62808202.4755,1
BYBIT,XRPUSDT,60,1787180400000,1.1023,1.1062,1.094,1.1055,21273236.7,23425482.13034,1
BYBIT,XRPUSDT,60,1787184000000,1.1055,1.1129,1.1042,1.1077,21673102.9,24033431.75724,1
BYBIT,XRPUSDT,60,1787187600000,1.1077,1.1153,1.1062,1.1115,15248800.3,16948657.35251,1
BYBIT,XRPUSDT,60,1787191200000,1.1115,1.1135,1.0988,1.0988,12523426.5,13837541.35242,1
BYBIT,XRPUSDT,60,1787194800000,1.0988,1.1003,1.0876,1.0935,20614474.5,22529998.9769,1
BYBIT,XRPUSDT,60,1787198400000,1.0935,1.1018,1.0928,1.0997,7188570.2,7887111.47981,1
BYBIT,XRPUSDT,60,1787202000000,1.0997,1.1099,1.0996,1.1041,7372323.5,8143987.7983,1
BYBIT,XRPUSDT,60,1787205600000,1.1041,1.1118,1.1001,1.111,12242483.5,13534020.92736,1
BYBIT,XRPUSDT,60,1787209200000,1.111,1.113,1.1073,1.1116,6912574.1,7676091.17547,1
BYBIT,XRPUSDT,60,1787212800000,1.1116,1.1557,1.1109,1.1525,46996732.8,53456014.37257,1
BYBIT,XRPUSDT,60,1787216400000,1.1525,1.1633,1.1452,1.1493,32661925.0,37687813.78405,1
BYBIT,XRPUSDT,60,1787220000000,1.1493,1.1665,1.1469,1.1601,24564798.2,28458386.98987,1
BYBIT,XRPUSDT,60,1787223600000,1.1601,1.1959,1.1563,1.1906,49789340.6,58749456.50888,1
BYBIT,XRPUSDT,60,1787227200000,1.1906,1.1973,1.1772,1.1925,38626261.2,45874983.23468,1
BYBIT,XRPUSDT,60,1787230800000,1.1925,1.2231,1.1884,1.2205,52863973.2,63628828.13821,1
BYBIT,XRPUSDT,60,1787234400000,1.2205,1.2465,1.2148,1.2273,81270306.3,100159030.15195,1
BYBIT,XRPUSDT,60,1787238000000,1.2273,1.2645,1.2254,1.2609,80248344.4,100170029.5128,1
BYBIT,XRPUSDT,60,1787241600000,1.2609,1.3165,1.2516,1.3143,94351663.5,120671353.25837,1
BYBIT,XRPUSDT,60,1787245200000,1.3143,1.3437,1.3047,1.3101,111076934.9,146879329.91071,1
BYBIT,XRPUSDT,60,1787248800000,1.3101,1.3179,1.2284,1.2295,121291357.9,153857893.36247,1
BYBIT,XRPUSDT,60,1787252400000,1.2295,1.2397,1.2197,1.2323,59651317.7,73417908.99976,1
BYBIT,XRPUSDT,60,1787256000000,1.2323,1.2471,1.23,1.2433,35840653.4,44421416.50636,1
BYBIT,XRPUSDT,60,1787259600000,1.2433,1.2708,1.2424,1.2573,32537209.1,40928286.14222,1
BYBIT,XRPUSDT,60,1787263200000,1.2573,1.2654,1.253,1.2558,24133016.0,30351081.55226,1
BYBIT,XRPUSDT,60,1787266800000,1.2558,1.2747,1.2543,1.2673,20023699.1,25381181.59245,1
BYBIT,XRPUSDT,60,1787270400000,1.2673,1.2736,1.258,1.2648,25997856.2,32894164.28864,1
BYBIT,XRPUSDT,60,1787274000000,1.2648,1.3018,1.2629,1.2953,40705900.3,52322735.47501,1
BYBIT,XRPUSDT,60,1787277600000,1.2953,1.3002,1.2806,1.2886,34047829.3,43945464.72716,1
BYBIT,XRPUSDT,60,1787281200000,1.2886,1.3187,1.2837,1.3081,32552607.4,42419676.29674,1
BYBIT,XRPUSDT,60,1787284800000,1.3081,1.3209,1.2955,1.3141,34515301.8,45173907.54559,1
BYBIT,XRPUSDT,60,1787288400000,1.3141,1.3142,1.3032,1.3096,24465976.2,32018730.76389,1
BYBIT,XRPUSDT,60,1787292000000,1.3096,1.3209,1.2961,1.2983,28624684.7,37431261.29108,1
BYBIT,XRPUSDT,60,1787295600000,1.2983,1.322,1.2974,1.3138,30073859.9,39504323.04991,1
BYBIT,XRPUSDT,60,1787299200000,1.3138,1.3998,1.3124,1.3994,97880234.2,132740906.09072,1
BYBIT,XRPUSDT,60,1787302800000,1.3994,1.4308,1.337,1.4195,116420469.8,160846098.58032,1
BYBIT,XRPUSDT,60,1787306400000,1.4195,1.4255,1.3666,1.3841,88201720.3,122543507.90527,1
BYBIT,XRPUSDT,60,1787310000000,1.3841,1.4041,1.3554,1.3575,67876306.4,93453063.2394,1
BYBIT,XRPUSDT,60,1787313600000,1.3575,1.3873,1.3468,1.3806,44772345.5,61077189.08896,1
BYBIT,XRPUSDT,60,1787317200000,1.3806,1.4222,1.3662,1.4159,60828875.7,84914446.05437,1
BYBIT,XRPUSDT,60,1787320800000,1.4159,1.418,1.388,1.3989,50333448.5,70473404.63903,1
BYBIT,XRPUSDT,60,1787324400000,1.3989,1.4191,1.3942,1.4029,38687559.8,54431494.09915,1
BYBIT,XRPUSDT,60,1787328000000,1.4029,1.4079,1.3839,1.3993,31247061.1,43610579.37809,1
BYBIT,XRPUSDT,60,1787331600000,1.3993,1.4137,1.3734,1.3864,32685750.7,45418531.48394,1
BYBIT,XRPUSDT,60,1787335200000,1.3864,1.4003,1.3681,1.378,21208524.6,29350286.24955,1
BYBIT,XRPUSDT,60,1787338800000,1.378,1.3878,1.3617,1.372,31149968.4,42755375.51728,1
BYBIT,XRPUSDT,60,1787342400000,1.372,1.3826,1.3657,1.3742,15918686.5,21848155.98469,1
BYBIT,XRPUSDT,60,1787346000000,1.3742,1.41,1.3722,1.4059,24108009.2,33618995.1697,1
BYBIT,XRPUSDT,60,1787349600000,1.4059,1.4522,1.3983,1.4445,64891307.7,93008629.25751,1
BYBIT,XRPUSDT,60,1787353200000,1.4445,1.4758,1.4349,1.4541,53244256.4,77636172.20717,1
BYBIT,XRPUSDT,60,1787356800000,1.4541,1.482,1.4231,1.4594,74375454.0,107902118.84446,1
BYBIT,XRPUSDT,60,1787360400000,1.4594,1.5114,1.4561,1.4756,59475115.2,88204982.01644,1
BYBIT,XRPUSDT,60,1787364000000,1.4756,1.5556,1.4746,1.5494,58057072.5,88396502.59984,1
BYBIT,XRPUSDT,60,1787367600000,1.5494,1.5992,1.5424,1.5634,87715799.4,137746180.46306,1
BYBIT,XRPUSDT,60,1787371200000,1.5634,1.6748,1.553,1.6627,110469828.2,179399790.99534,1
BYBIT,XRPUSDT,60,1787374800000,1.6627,1.7,1.37,1.5275,338129848.6,516940634.4768,1
BYBIT,XRPUSDT,60,1787378400000,1.5275,1.5925,1.5135,1.5783,71361406.3,110945879.46666,1
BYBIT,XRPUSDT,60,1787382000000,1.5783,1.6284,1.5555,1.5633,82687917.8,131195153.89365,1
BYBIT,XRPUSDT,60,1787385600000,1.5633,1.5671,1.4832,1.5285,83084733.1,126503930.81337,1
BYBIT,XRPUSDT,60,1787389200000,1.5285,1.5313,1.4879,1.5023,43135554.0,65095952.86452,1
BYBIT,XRPUSDT,60,1787392800000,1.5023,1.5042,1.4242,1.4848,96759140.2,142306835.09705,1
BYBIT,XRPUSDT,60,1787396400000,1.4848,1.501,1.4742,1.4883,28790221.5,42806537.37601,1
BYBIT,XRPUSDT,60,1787400000000,1.4883,1.5293,1.4843,1.5015,38392516.9,58035341.60751,1
BYBIT,XRPUSDT,60,1787403600000,1.5015,1.5113,1.4876,1.4997,29479979.8,44206319.42795,1
BYBIT,XRPUSDT,60,1787407200000,1.4997,1.5012,1.4353,1.4514,55183129.1,80879067.34612,1
BYBIT,XRPUSDT,60,1787410800000,1.4514,1.455,1.4294,1.4396,39617132.5,57098232.32331,1
BYBIT,XRPUSDT,60,1787414400000,1.4396,1.4896,1.4343,1.4799,46034365.7,67441467.67698,1
BYBIT,XRPUSDT,60,1787418000000,1.4799,1.4872,1.4633,1.4798,20989564.4,30970057.09714,1
BYBIT,XRPUSDT,60,1787421600000,1.4798,1.498,1.4771,1.4883,17230204.8,25617464.93313,1
BYBIT,XRPUSDT,60,1787425200000,1.4883,1.5066,1.4825,1.5002,16439844.2,24564208.72998,1
BYBIT,XRPUSDT,60,1787428800000,1.5002,1.5151,1.4936,1.5009,19473416.0,29326911.9928,1
BYBIT,XRPUSDT,60,1787432400000,1.5009,1.5009,1.4515,1.4544,27745643.9,40882812.72688,1
BYBIT,XRPUSDT,60,1787436000000,1.4544,1.4752,1.446,1.4677,15615636.1,22869020.53224,1
BYBIT,XRPUSDT,60,1787439600000,1.4677,1.4698,1.4507,1.4615,11177289.8,16333148.56946,1
BYBIT,XRPUSDT,60,1787443200000,1.4615,1.5189,1.4614,1.513,39215913.2,58411173.90318,1
BYBIT,XRPUSDT,60,1787446800000,1.513,1.5135,1.4845,1.4905,25092981.5,37572637.99346,1
BYBIT,XRPUSDT,60,1787450400000,1.4905,1.4941,1.4707,1.4839,21617915.9,32078148.55818,1
BYBIT,XRPUSDT,60,1787454000000,1.4839,1.4937,1.4614,1.4743,18733998.0,27623977.93531,1
BYBIT,XRPUSDT,60,1787457600000,1.4743,1.4895,1.4454,1.4543,33743039.1,49461435.75906,1
BYBIT,XRPUSDT,60,1787461200000,1.4543,1.478,1.4381,1.4465,41446490.6,60493138.44501,1
BYBIT,XRPUSDT,60,1787464800000,1.4465,1.4632,1.4344,1.4446,27202039.6,39411896.76915,1
BYBIT,XRPUSDT,60,1787468400000,1.4446,1.4736,1.4395,1.4615,25538822.0,37226187.16641,1
BYBIT,XRPUSDT,60,1787472000000,1.4615,1.4859,1.4574,1.4754,27102998.5,39970111.79186,1
BYBIT,XRPUSDT,60,1787475600000,1.4754,1.4866,1.4672,1.4778,13950967.8,20598452.10458,1
BYBIT,XRPUSDT,60,1787479200000,1.4778,1.507,1.4754,1.4757,33452595.6,49762021.39582,1
BYBIT,XRPUSDT,60,1787482800000,1.4757,1.5038,1.4756,1.4947,27102683.0,40484346.12855,1
BYBIT,XRPUSDT,60,1787486400000,1.4947,1.4993,1.4837,1.4945,17757126.3,26480589.06716,1
BYBIT,XRPUSDT,60,1787490000000,1.4945,1.5254,1.4932,1.5203,45813640.8,69246080.3309,1
BYBIT,XRPUSDT,60,1787493600000,1.5203,1.5507,1.4546,1.5152,106005157.5,160082550.67134,1
BYBIT,XRPUSDT,60,1787497200000,1.5152,1.5173,1.4869,1.4965,35683617.5,53588375.65345,1
BYBIT,XRPUSDT,60,1787500800000,1.4965,1.5111,1.4937,1.5071,11737271.8,17633055.09244,1
BYBIT,XRPUSDT,60,1787504400000,1.5071,1.524,1.4984,1.5047,23811865.2,36001627.55886,1
BYBIT,XRPUSDT,60,1787508000000,1.5047,1.5199,1.502,1.5083,15205423.3,22959695.83013,1
BYBIT,XRPUSDT,60,1787511600000,1.5083,1.5108,1.4877,1.4975,16705285.1,25051063.13442,1
BYBIT,XRPUSDT,60,1787515200000,1.4975,1.5078,1.4904,1.5009,14442361.6,21660873.06938,1
BYBIT,XRPUSDT,60,1787518800000,1.5009,1.5465,1.5007,1.5257,34824862.8,53159447.77407,1
BYBIT,XRPUSDT,60,1787522400000,1.5257,1.5321,1.5107,1.5168,17650927.2,26778855.53943,1
BYBIT,XRPUSDT,60,1787526000000,1.5168,1.5306,1.5088,1.5203,16385824.1,24894234.70861,1
BYBIT,XRPUSDT,60,1787529600000,1.5203,1.5239,1.481,1.5055,36738134.2,55062764.49066,1
BYBIT,XRPUSDT,60,1787533200000,1.5055,1.5063,1.4651,1.4662,27552290.8,40784735.93119,1
BYBIT,XRPUSDT,60,1787536800000,1.4662,1.4939,1.4619,1.4871,27416532.0,40602672.52748,1
BYBIT,XRPUSDT,60,1787540400000,1.4871,1.4899,1.4635,1.465,21364616.0,31452539.04213,1
BYBIT,XRPUSDT,60,1787544000000,1.465,1.484,1.4647,1.4791,17311762.8,25540062.3303,1
BYBIT,XRPUSDT,60,1787547600000,1.4791,1.4879,1.4639,1.4804,25882710.2,38208365.98541,1
BYBIT,XRPUSDT,60,1787551200000,1.4804,1.4913,1.4678,1.4838,26553842.4,39296521.35536,1
BYBIT,XRPUSDT,60,1787554800000,1.4838,1.5035,1.4736,1.4756,47604445.2,70788972.52244,1
BYBIT,XRPUSDT,60,1787558400000,1.4756,1.4786,1.4508,1.4597,29631050.6,43334746.19186,1
BYBIT,XRPUSDT,60,1787562000000,1.4597,1.485,1.4589,1.4796,15915524.9,23470352.12691,1
BYBIT,XRPUSDT,60,1787565600000,1.4796,1.49,1.4765,1.4838,14849290.8,22031341.56823,1
BYBIT,XRPUSDT,60,1787569200000,1.4838,1.5085,1.4711,1.4971,33031192.4,49325707.53009,1
BYBIT,XRPUSDT,60,1787572800000,1.4971,1.518,1.4807,1.5166,33592934.4,50416781.92432,1
BYBIT,XRPUSDT,60,1787576400000,1.5166,1.5238,1.4765,1.4899,59602523.4,89393636.83004,1
BYBIT,XRPUSDT,60,1787580000000,1.4899,1.5302,1.4874,1.5097,47110504.8,71038020.55344,1
BYBIT,XRPUSDT,60,1787583600000,1.5097,1.5289,1.494,1.5006,35977124.8,54303739.92415,1
BYBIT,XRPUSDT,60,1787587200000,1.5006,1.523,1.4968,1.4988,30109907.6,45468706.00816,1
BYBIT,XRPUSDT,60,1787590800000,1.4988,1.5011,1.4614,1.4756,59376504.4,87831913.6031,1
BYBIT,XRPUSDT,60,1787594400000,1.4756,1.4896,1.4667,1.4721,19876961.6,29405129.98839,1
BYBIT,XRPUSDT,60,1787598000000,1.4721,1.4854,1.4652,1.4823,20233950.2,29846539.71383,1
BYBIT,XRPUSDT,60,1787601600000,1.4823,1.4839,1.4685,1.4786,9620369.2,14190616.33769,1
BYBIT,XRPUSDT,60,1787605200000,1.4786,1.4893,1.4753,1.4812,7315036.9,10843682.70591,1
BYBIT,XRPUSDT,60,1787608800000,1.4812,1.4845,1.4754,1.4776,5633415.8,8336922.17698,1
BYBIT,XRPUSDT,60,1787612400000,1.4776,1.484,1.4651,1.481,20167952.3,29694790.22937,1
BYBIT,XRPUSDT,60,1787616000000,1.481,1.5161,1.4741,1.507,26327670.7,39346734.90972,1
BYBIT,XRPUSDT,60,1787619600000,1.507,1.5162,1.4958,1.5094,17269799.2,26008988.32582,1
BYBIT,XRPUSDT,60,1787623200000,1.5094,1.5517,1.5038,1.5212,44988744.7,68826340.41166,1
BYBIT,XRPUSDT,60,1787626800000,1.5212,1.5323,1.5068,1.513,25366406.9,38579980.68999,1
BYBIT,XRPUSDT,60,1787630400000,1.513,1.5166,1.5034,1.5132,16430375.6,24814184.45805,1
BYBIT,XRPUSDT,60,1787634000000,1.5132,1.5274,1.5109,1.519,14452280.7,21990413.76947,1
BYBIT,XRPUSDT,60,1787637600000,1.519,1.521,1.4937,1.5023,25157943.2,37920981.03032,1
BYBIT,XRPUSDT,60,1787641200000,1.5023,1.5116,1.4722,1.4852,31827886.5,47442299.08256,1
BYBIT,XRPUSDT,60,1787644800000,1.4852,1.4963,1.484,1.4897,17990293.8,26804155.62849,1
BYBIT,XRPUSDT,60,1787648400000,1.4897,1.4955,1.4659,1.4793,25783526.5,38220896.51317,1
BYBIT,XRPUSDT,60,1787652000000,1.4793,1.4858,1.4756,1.4837,12327501.6,18250608.81773,1
BYBIT,XRPUSDT,60,1787655600000,1.4837,1.4865,1.4764,1.48,9394420.6,13909460.25924,1
BYBIT,XRPUSDT,60,1787659200000,1.48,1.4825,1.4594,1.4733,27706453.2,40732467.23553,1
BYBIT,XRPUSDT,60,1787662800000,1.4733,1.4757,1.4421,1.4566,48081644.8,70039292.87163,1
BYBIT,XRPUSDT,60,1787666400000,1.4566,1.4789,1.4531,1.4724,31554143.8,46307839.74115,1
BYBIT,XRPUSDT,60,1787670000000,1.4724,1.481,1.4632,1.478,16693487.9,24559258.67893,1
BYBIT,XRPUSDT,60,1787673600000,1.478,1.483,1.4656,1.471,13327800.1,19645081.73017,1
BYBIT,XRPUSDT,60,1787677200000,1.471,1.4772,1.4602,1.4757,12428855.8,18243043.78551,1
BYBIT,XRPUSDT,60,1787680800000,1.4757,1.4819,1.4711,1.4755,7169633.1,10589034.18161,1
BYBIT,XRPUSDT,60,1787684400000,1.4755,1.4778,1.4637,1.4707,10092419.9,14838915.57518,1
BYBIT,XRPUSDT,60,1787688000000,1.4707,1.4725,1.4414,1.4427,22790480.5,33106104.99126,1
BYBIT,XRPUSDT,60,1787691600000,1.4427,1.4487,1.4036,1.4373,52115886.4,74304988.94519,1
BYBIT,XRPUSDT,60,1787695200000,1.4373,1.4525,1.4368,1.4463,16151593.6,23337336.11134,1
BYBIT,XRPUSDT,60,1787698800000,1.4463,1.4491,1.4269,1.4337,15652191.0,22500862.41952,1
BYBIT,XRPUSDT,60,1787702400000,1.4337,1.4363,1.4203,1.4323,20070903.7,28673418.7792,1
BYBIT,XRPUSDT,60,1787706000000,1.4323,1.4468,1.4314,1.4414,15520836.5,22358760.71642,1
BYBIT,XRPUSDT,60,1787709600000,1.4414,1.4505,1.4366,1.4425,7758942.2,11202895.34919,1
BYBIT,XRPUSDT,60,1787713200000,1.4425,1.4457,1.4342,1.4389,9580090.4,13788294.04625,1
BYBIT,XRPUSDT,60,1787716800000,1.4389,1.447,1.4319,1.434,14235130.9,20498157.899,1
BYBIT,XRPUSDT,60,1787720400000,1.434,1.446,1.4242,1.4419,14266981.2,20469217.42282,1
BYBIT,XRPUSDT,60,1787724000000,1.4419,1.4464,1.431,1.4367,12682449.1,18225535.30576,1
BYBIT,XRPUSDT,60,1787727600000,1.4367,1.4426,1.4315,1.4321,13582191.9,19506667.80841,1
BYBIT,XRPUSDT,60,1787731200000,1.4321,1.4402,1.423,1.4284,14263819.5,20410091.67315,1
BYBIT,XRPUSDT,60,1787734800000,1.4284,1.4323,1.4065,1.4091,27352413.1,38762509.20021,1
BYBIT,XRPUSDT,60,1787738400000,1.4091,1.4344,1.4022,1.4301,28213295.9,39992316.82435,1
BYBIT,XRPUSDT,60,1787742000000,1.4301,1.4311,1.4066,1.4109,23479288.5,33252446.04524,1
BYBIT,XRPUSDT,60,1787745600000,1.4109,1.4236,1.3913,1.4093,30328724.6,42744176.7301,1
BYBIT,XRPUSDT,60,1787749200000,1.4093,1.412,1.3749,1.3936,52995578.5,73736810.96696,1
BYBIT,XRPUSDT,60,1787752800000,1.3936,1.399,1.3691,1.3707,25445379.2,35135815.27264,1
BYBIT,XRPUSDT,60,1787756400000,1.3707,1.38,1.3566,1.3722,43134921.1,59021893.23336,1
BYBIT,XRPUSDT,60,1787760000000,1.3722,1.3807,1.3665,1.3744,13809261.9,18977039.48593,1
BYBIT,XRPUSDT,60,1787763600000,1.3744,1.3966,1.3729,1.3859,23352161.2,32396201.36285,1
BYBIT,XRPUSDT,60,1787767200000,1.3859,1.3895,1.3774,1.3838,9630086.8,13322873.85544,1
BYBIT,XRPUSDT,60,1787770800000,1.3838,1.3875,1.3762,1.3778,10881376.7,15034292.60315,1
BYBIT,XRPUSDT,60,1787774400000,1.3778,1.3796,1.3635,1.3788,13957459.6,19160284.12091,1
BYBIT,XRPUSDT,60,1787778000000,1.3788,1.4009,1.3772,1.4003,14354563.0,19994016.56065,1
BYBIT,XRPUSDT,60,1787781600000,1.4003,1.4156,1.3974,1.4025,23649256.0,33276182.58578,1
BYBIT,XRPUSDT,60,1787785200000,1.4025,1.4272,1.3994,1.4217,26371697.8,37299517.90023,1
BYBIT,XRPUSDT,60,1787788800000,1.4217,1.4219,1.4029,1.4031,13550015.7,19116750.1374,1
BYBIT,XRPUSDT,60,1787792400000,1.4031,1.4162,1.3964,1.4084,13927065.0,19588617.02702,1
BYBIT,XRPUSDT,60,1787796000000,1.4084,1.4164,1.4013,1.4046,8724742.6,12288678.81491,1
BYBIT,XRPUSDT,60,1787799600000,1.4046,1.4122,1.3998,1.4062,7531340.7,10583851.09707,1
BYBIT,XRPUSDT,60,1787803200000,1.4062,1.4097,1.3973,1.4024,6981022.5,9794716.83506,1
BYBIT,XRPUSDT,60,1787806800000,1.4024,1.4106,1.3915,1.4097,14883619.0,20839976.98832,1
BYBIT,XRPUSDT,60,1787810400000,1.4097,1.4097,1.3973,1.4052,7571351.6,10620762.8396,1
BYBIT,XRPUSDT,60,1787814000000,1.4052,1.4136,1.4019,1.4114,9344553.6,13159808.61886,1
BYBIT,XRPUSDT,60,1787817600000,1.4114,1.4409,1.4095,1.4341,56976711.9,81446975.86808,1
BYBIT,XRPUSDT,60,1787821200000,1.4341,1.4537,1.4303,1.4351,31822512.9,45871581.60963,1
BYBIT,XRPUSDT,60,1787824800000,1.4351,1.4433,1.4151,1.4226,31606617.6,45113254.52795,1
BYBIT,XRPUSDT,60,1787828400000,1.4226,1.4322,1.419,1.4245,13078331.4,18640055.45802,1
BYBIT,XRPUSDT,60,1787832000000,1.4245,1.4341,1.42,1.4206,11196414.9,15964510.86239,1
BYBIT,XRPUSDT,60,1787835600000,1.4206,1.4412,1.4183,1.4374,15602291.2,22285354.42841,1
BYBIT,XRPUSDT,60,1787839200000,1.4374,1.4699,1.4349,1.4603,40647389.5,59137375.411,1
BYBIT,XRPUSDT,60,1787842800000,1.4603,1.4699,1.4507,1.4651,28542542.2,41696187.82345,1
BYBIT,XRPUSDT,60,1787846400000,1.4651,1.4734,1.4592,1.4645,19601525.2,28766843.38632,1
BYBIT,XRPUSDT,60,1787850000000,1.4645,1.4704,1.4534,1.4576,13106598.0,19160957.78925,1
BYBIT,XRPUSDT,60,1787853600000,1.4576,1.458,1.4341,1.4511,24469336.5,35327971.55467,1
BYBIT,XRPUSDT,60,1787857200000,1.4511,1.4568,1.4447,1.4563,11906932.5,17277439.68509,1
BYBIT,XRPUSDT,60,1787860800000,1.4563,1.461,1.4481,1.4539,13167538.3,19137145.55229,1
BYBIT,XRPUSDT,60,1787864400000,1.4539,1.4551,1.4438,1.4494,7556694.2,10954758.9279,1
BYBIT,XRPUSDT,60,1787868000000,1.4494,1.4583,1.448,1.4525,9234028.2,13410587.14179,1
BYBIT,XRPUSDT,60,1787871600000,1.4525,1.4577,1.4496,1.4526,6310847.9,9171145.18221,1
BYBIT,XRPUSDT,60,1787875200000,1.4526,1.4537,1.4407,1.4469,12320333.4,17818296.44654,1
BYBIT,XRPUSDT,60,1787878800000,1.4469,1.4724,1.4463,1.4497,22215056.9,32409299.76855,1
BYBIT,XRPUSDT,60,1787882400000,1.4497,1.4497,1.4237,1.432,26833050.6,38476710.14192,1
BYBIT,XRPUSDT,60,1787886000000,1.432,1.4354,1.4248,1.43,11149837.9,15946058.12565,1
BYBIT,XRPUSDT,60,1787889600000,1.43,1.4326,1.4182,1.4207,15036700.6,21427518.87638,1
BYBIT,XRPUSDT,60,1787893200000,1.4207,1.4265,1.4171,1.421,10184566.2,14472356.33218,1
BYBIT,XRPUSDT,60,1787896800000,1.421,1.4271,1.421,1.4248,5479265.2,7808267.71169,1
BYBIT,XRPUSDT,60,1787900400000,1.4248,1.4251,1.4158,1.4202,10195161.2,14469945.42558,1
BYBIT,XRPUSDT,60,1787904000000,1.4202,1.426,1.4175,1.4198,7505173.1,10673136.01737,1
BYBIT,XRPUSDT,60,1787907600000,1.4198,1.4201,1.408,1.4098,17117161.2,24183902.27201,1
BYBIT,XRPUSDT,60,1787911200000,1.4098,1.4209,1.4001,1.4204,18448206.7,26000079.63604,1
BYBIT,XRPUSDT,60,1787914800000,1.4204,1.4324,1.419,1.4191,17484344.3,24927618.46207,1
BYBIT,XRPUSDT,60,1787918400000,1.4191,1.423,1.412,1.4228,12679506.8,17969173.88065,1
BYBIT,XRPUSDT,60,1787922000000,1.4228,1.4254,1.4131,1.4177,12630222.5,17913641.35966,1
BYBIT,XRPUSDT,60,1787925600000,1.4177,1.4396,1.3831,1.4308,75050985.9,105728789.84819,1
BYBIT,XRPUSDT,60,1787929200000,1.4308,1.4374,1.4021,1.4028,27542608.9,39072143.36901,1
BYBIT,XRPUSDT,60,1787932800000,1.4028,1.4118,1.3713,1.3921,57164036.2,79481998.1362,1
BYBIT,XRPUSDT,60,1787936400000,1.3921,1.3935,1.3806,1.3878,12279439.8,17044003.06761,1
BYBIT,XRPUSDT,60,1787940000000,1.3878,1.3884,1.3621,1.3732,23445234.4,32173083.60195,1
BYBIT,XRPUSDT,60,1787943600000,1.3732,1.3831,1.3726,1.3779,9281586.1,12789484.38551,1
BYBIT,XRPUSDT,60,1787947200000,1.3779,1.386,1.3744,1.3794,10568692.0,14587173.57145,1
BYBIT,XRPUSDT,60,1787950800000,1.3794,1.3834,1.3685,1.3715,7995959.6,11001467.34165,1
BYBIT,XRPUSDT,60,1787954400000,1.3715,1.3833,1.37,1.3822,6969192.4,9599473.07115,1
BYBIT,XRPUSDT,60,1787958000000,1.3822,1.3835,1.3795,1.3828,5346760.0,7387855.07795,1
BYBIT,XRPUSDT,60,1787961600000,1.3828,1.3889,1.3805,1.3825,7832454.5,10849214.27556,1
BYBIT,XRPUSDT,60,1787965200000,1.3825,1.3882,1.3747,1.3843,11652173.7,16109790.10048,1
BYBIT,XRPUSDT,60,1787968800000,1.3843,1.3868,1.379,1.3821,5017576.4,6936525.80168,1
BYBIT,XRPUSDT,60,1787972400000,1.3821,1.3843,1.3769,1.3787,8563568.2,11818157.89889,1
BYBIT,XRPUSDT,60,1787976000000,1.3787,1.3855,1.3782,1.3853,6137840.4,8476543.66016,1
BYBIT,XRPUSDT,60,1787979600000,1.3853,1.3921,1.3841,1.3885,7111688.7,9870121.84493,1
BYBIT,XRPUSDT,60,1787983200000,1.3885,1.3887,1.376,1.3796,7413217.0,10235827.48346,1
BYBIT,XRPUSDT,60,1787986800000,1.3796,1.3856,1.379,1.3821,5813893.6,8036248.7745,1
BYBIT,XRPUSDT,60,1787990400000,1.3821,1.3833,1.3779,1.3823,5293654.6,7307849.39058,1
BYBIT,XRPUSDT,60,1787994000000,1.3823,1.3856,1.3808,1.3831,4565143.5,6315963.28001,1
BYBIT,XRPUSDT,60,1787997600000,1.3831,1.3886,1.3788,1.3846,5857238.6,8106625.6923,1
BYBIT,XRPUSDT,60,1788001200000,1.3846,1.3862,1.381,1.3826,3072402.0,4249796.6085,1
BYBIT,XRPUSDT,60,1788004800000,1.3826,1.3861,1.3803,1.384,2962062.5,4097205.46838,1
BYBIT,XRPUSDT,60,1788008400000,1.384,1.387,1.3823,1.3861,2176775.7,3014654.12369,1
BYBIT,XRPUSDT,60,1788012000000,1.3861,1.4023,1.3853,1.3999,17766923.9,24756261.84153,1
BYBIT,XRPUSDT,60,1788015600000,1.3999,1.4005,1.3895,1.3923,12510963.5,17433433.60732,1
BYBIT,XRPUSDT,60,1788019200000,1.3923,1.3973,1.3884,1.3911,13092125.2,18230092.48946,1
BYBIT,XRPUSDT,60,1788022800000,1.3911,1.3942,1.3839,1.3917,9251473.6,12855661.25904,1
BYBIT,XRPUSDT,60,1788026400000,1.3917,1.3963,1.3896,1.3936,6455384.9,8993137.17988,1
BYBIT,XRPUSDT,60,1788030000000,1.3936,1.4037,1.3926,1.3971,12790601.4,17878521.27682,1
BYBIT,XRPUSDT,60,1788033600000,1.3971,1.4015,1.394,1.397,5645608.3,7890951.52342,1
BYBIT,XRPUSDT,60,1788037200000,1.397,1.398,1.3887,1.3914,9618905.2,13393848.52241,1
BYBIT,XRPUSDT,60,1788040800000,1.3914,1.3947,1.3897,1.3924,2890009.5,4022186.63716,1
BYBIT,XRPUSDT,60,1788044400000,1.3924,1.3965,1.392,1.3956,3795328.9,5291478.76076,1
BYBIT,XRPUSDT,60,1788048000000,1.3956,1.3987,1.3922,1.3948,5396006.5,7529071.10138,1
BYBIT,XRPUSDT,60,1788051600000,1.3948,1.3948,1.3886,1.3909,7533831.7,10474957.42749,1
BYBIT,XRPUSDT,60,1788055200000,1.3909,1.3957,1.3901,1.3929,5211145.1,7258043.86472,1
BYBIT,XRPUSDT,60,1788058800000,1.3929,1.3948,1.3906,1.3919,3525616.7,4909714.90217,1
BYBIT,XRPUSDT,60,1788062400000,1.3919,1.394,1.3868,1.3919,8635435.0,12003220.39487,1
BYBIT,XRPUSDT,60,1788066000000,1.3919,1.397,1.3912,1.3953,4768747.1,6648469.0067,1
BYBIT,XRPUSDT,60,1788069600000,1.3953,1.4032,1.3927,1.401,6535228.6,9140041.18716,1
BYBIT,XRPUSDT,60,1788073200000,1.401,1.4014,1.3899,1.391,10103241.5,14089660.20448,1
BYBIT,XRPUSDT,60,1788076800000,1.391,1.3938,1.3877,1.3914,4851050.2,6747742.97692,1
BYBIT,XRPUSDT,60,1788080400000,1.3914,1.3921,1.3785,1.3856,12257625.0,16982622.71431,1
BYBIT,XRPUSDT,60,1788084000000,1.3856,1.3908,1.384,1.3889,6118758.7,8490163.13777,1
BYBIT,XRPUSDT,60,1788087600000,1.3889,1.3927,1.3883,1.3916,5209438.2,7242888.92008,1
BYBIT,XRPUSDT,60,1788091200000,1.3916,1.4031,1.3911,1.4019,15308572.2,21392211.09429,1
BYBIT,XRPUSDT,60,1788094800000,1.4019,1.4102,1.3955,1.4078,11296705.7,15850681.95785,1
BYBIT,XRPUSDT,60,1788098400000,1.4078,1.408,1.4014,1.4031,7451038.1,10467590.94173,1
BYBIT,XRPUSDT,60,1788102000000,1.4031,1.4052,1.3942,1.3976,7892111.9,11045197.53631,1
BYBIT,XRPUSDT,60,1788105600000,1.3976,1.425,1.3959,1.4218,16819910.0,23738297.54941,1
BYBIT,XRPUSDT,60,1788109200000,1.4218,1.4236,1.4071,1.4181,16503923.4,23370353.72048,1
BYBIT,XRPUSDT,60,1788112800000,1.4181,1.433,1.411,1.4235,11794610.3,16787643.47717,1
BYBIT,XRPUSDT,60,1788116400000,1.4235,1.4236,1.4067,1.4104,10206620.1,14444113.9511,1
BYBIT,XRPUSDT,60,1788120000000,1.4104,1.4135,1.3864,1.3951,19115414.3,26757315.43127,1
BYBIT,XRPUSDT,60,1788123600000,1.3951,1.3978,1.382,1.3944,15900439.4,22095981.39325,1
BYBIT,XRPUSDT,60,1788127200000,1.3944,1.4032,1.3801,1.3855,13874773.8,19285772.82618,1
BYBIT,XRPUSDT,60,1788130800000,1.3855,1.3869,1.333,1.3565,58058304.7,78900776.77912,1
BYBIT,XRPUSDT,60,1788134400000,1.3565,1.3705,1.3516,1.3644,18735890.2,25515138.955,1
BYBIT,XRPUSDT,60,1788138000000,1.3644,1.3655,1.342,1.3428,21346619.9,28826647.24843,1
BYBIT,XRPUSDT,60,1788141600000,1.3428,1.3565,1.3384,1.3442,15813034.1,21301255.94861,1
BYBIT,XRPUSDT,60,1788145200000,1.3442,1.3571,1.3422,1.3538,9607556.8,12981887.92276,1
BYBIT,XRPUSDT,60,1788148800000,1.3538,1.3547,1.3446,1.3508,7981000.3,10767197.21102,1
BYBIT,XRPUSDT,60,1788152400000,1.3508,1.3679,1.3482,1.3632,20649684.0,28110025.90676,1
BYBIT,XRPUSDT,60,1788156000000,1.3632,1.3675,1.3591,1.3637,11311848.1,15421706.1431,1
BYBIT,XRPUSDT,60,1788159600000,1.3637,1.3728,1.3629,1.372,11268097.5,15418416.74517,1
BYBIT,XRPUSDT,60,1788163200000,1.372,1.3776,1.3646,1.3727,9447628.0,12947730.26107,1
BYBIT,XRPUSDT,60,1788166800000,1.3727,1.3795,1.3685,1.3719,8042542.9,11043491.35545,1
BYBIT,XRPUSDT,60,1788170400000,1.3719,1.3829,1.367,1.3802,11420986.5,15697701.54175,1
BYBIT,XRPUSDT,60,1788174000000,1.3802,1.3809,1.3697,1.3704,7921207.9,10901401.23237,1
BYBIT,XRPUSDT,60,1788177600000,1.3704,1.379,1.356,1.3614,24897904.5,34009693.9218,1
BYBIT,XRPUSDT,60,1788181200000,1.3614,1.3726,1.3585,1.3615,15652453.9,21368061.30911,1
BYBIT,XRPUSDT,60,1788184800000,1.3615,1.3808,1.3583,1.3756,17612366.5,24128346.71345,1
BYBIT,XRPUSDT,60,1788188400000,1.3756,1.3784,1.3638,1.3722,13536564.9,18570382.71303,1
BYBIT,XRPUSDT,60,1788192000000,1.3722,1.3828,1.3672,1.3755,9501092.8,13048261.99265,1
BYBIT,XRPUSDT,60,1788195600000,1.3755,1.3867,1.3711,1.3843,12008702.8,16557319.02159,1
BYBIT,XRPUSDT,60,1788199200000,1.3843,1.3958,1.3796,1.3856,12985352.1,18008192.87687,1
BYBIT,XRPUSDT,60,1788202800000,1.3856,1.3918,1.3837,1.3868,7024033.2,9746983.67224,1
BYBIT,XRPUSDT,60,1788206400000,1.3868,1.3944,1.3841,1.3861,6643220.8,9217153.81072,1
BYBIT,XRPUSDT,60,1788210000000,1.3861,1.3903,1.3797,1.3859,8571233.2,11870295.01179,1
BYBIT,XRPUSDT,60,1788213600000,1.3859,1.3875,1.3792,1.3802,3471696.1,4797059.39511,1
BYBIT,XRPUSDT,60,1788217200000,1.3802,1.3802,1.3739,1.3792,4264333.0,5874812.29198,1
BYBIT,XRPUSDT,60,1788220800000,1.3792,1.3881,1.378,1.3836,6330308.5,8763649.80139,1
BYBIT,XRPUSDT,60,1788224400000,1.3836,1.3868,1.3736,1.3762,6719027.5,9264564.8512,1
BYBIT,XRPUSDT,60,1788228000000,1.3762,1.3763,1.3686,1.375,7380920.6,10129506.22798,1
BYBIT,XRPUSDT,60,1788231600000,1.375,1.3917,1.3743,1.3862,9023092.2,12491279.60289,1
BYBIT,XRPUSDT,60,1788235200000,1.3862,1.3883,1.3784,1.3804,6047452.1,8365279.78604,1
BYBIT,XRPUSDT,60,1788238800000,1.3804,1.3966,1.3796,1.3944,11822130.9,16425418.70203,1
BYBIT,XRPUSDT,60,1788242400000,1.3944,1.3947,1.3833,1.3834,9380794.3,13021631.1928,1
BYBIT,XRPUSDT,60,1788246000000,1.3834,1.3858,1.3765,1.3794,8616471.6,11902620.01467,1
BYBIT,XRPUSDT,60,1788249600000,1.3794,1.3799,1.3607,1.3621,22108122.7,30226720.64274,1
BYBIT,XRPUSDT,60,1788253200000,1.3621,1.3676,1.3607,1.3665,7706717.9,10512880.47203,1
BYBIT,XRPUSDT,60,1788256800000,1.3665,1.3836,1.3642,1.377,14118476.6,19404808.30237,1
BYBIT,XRPUSDT,60,1788260400000,1.377,1.387,1.3739,1.3816,9921710.0,13705788.07318,1
BYBIT,XRPUSDT,60,1788264000000,1.3816,1.3832,1.3682,1.3692,14128284.0,19431472.22608,1
BYBIT,XRPUSDT,60,1788267600000,1.3692,1.377,1.3554,1.3747,32463559.4,44338884.2774,1
BYBIT,XRPUSDT,60,1788271200000,1.3747,1.3836,1.3731,1.3777,13033484.2,17967898.47238,1
BYBIT,XRPUSDT,60,1788274800000,1.3777,1.3814,1.3655,1.3772,13922731.2,19111751.97725,1
BYBIT,XRPUSDT,60,1788278400000,1.3772,1.3781,1.3563,1.3648,14054443.1,19190650.60999,1
BYBIT,XRPUSDT,60,1788282000000,1.3648,1.3732,1.3603,1.362,10876424.4,14858032.01017,1
BYBIT,XRPUSDT,60,1788285600000,1.362,1.3645,1.3376,1.3554,31771385.5,42863184.40359,1
BYBIT,XRPUSDT,60,1788289200000,1.3554,1.3644,1.3528,1.3542,14038482.6,19068168.23379,1
BYBIT,XRPUSDT,60,1788292800000,1.3542,1.3562,1.3465,1.3538,11797548.4,15941116.47114,1
BYBIT,XRPUSDT,60,1788296400000,1.3538,1.3552,1.337,1.3487,14443913.4,19435007.63577,1
BYBIT,XRPUSDT,60,1788300000000,1.3487,1.3527,1.3392,1.3444,11860305.5,15965670.92806,1
BYBIT,XRPUSDT,60,1788303600000,1.3444,1.3563,1.343,1.351,15135868.0,20466827.37127,1
BYBIT,XRPUSDT,60,1788307200000,1.351,1.3527,1.3403,1.3407,6626513.5,8918824.30075,1
BYBIT,XRPUSDT,60,1788310800000,1.3407,1.3442,1.3267,1.3342,21506429.7,28698505.54823,1
BYBIT,XRPUSDT,60,1788314400000,1.3342,1.3465,1.3304,1.3443,11943478.8,16010327.68677,1
BYBIT,XRPUSDT,60,1788318000000,1.3443,1.3574,1.3431,1.3511,13087971.0,17690734.01028,1
BYBIT,XRPUSDT,60,1788321600000,1.3511,1.3519,1.342,1.3476,8754254.3,11788631.60891,1
BYBIT,XRPUSDT,60,1788325200000,1.3476,1.3539,1.3428,1.3507,6799517.5,9171541.37853,1
BYBIT,XRPUSDT,60,1788328800000,1.3507,1.3519,1.3412,1.3462,10543589.7,14192837.2489,1
BYBIT,XRPUSDT,60,1788332400000,1.3462,1.352,1.3443,1.3448,6764600.4,9118631.27422,1
BYBIT,XRPUSDT,60,1788336000000,1.3448,1.3459,1.3246,1.3303,18986744.7,25325709.06372,1
BYBIT,XRPUSDT,60,1788339600000,1.3303,1.3363,1.3215,1.3269,16116900.3,21403070.14169,1
BYBIT,XRPUSDT,60,1788343200000,1.3269,1.3272,1.3088,1.3194,23198193.6,30552353.59942,1
BYBIT,XRPUSDT,60,1788346800000,1.3194,1.325,1.3143,1.3244,9703857.6,12802704.53469,1
BYBIT,XRPUSDT,60,1788350400000,1.3244,1.3309,1.3167,1.3173,12863806.4,17036772.18893,1
BYBIT,XRPUSDT,60,1788354000000,1.3173,1.3454,1.3173,1.3411,20069814.3,26749794.09422,1
BYBIT,XRPUSDT,60,1788357600000,1.3411,1.3462,1.3314,1.3319,16150957.7,21636699.20111,1
BYBIT,XRPUSDT,60,1788361200000,1.3319,1.3398,1.3251,1.3362,17125945.2,22814756.16441,1
BYBIT,XRPUSDT,60,1788364800000,1.3362,1.3423,1.3311,1.3318,10247146.0,13703493.60069,1
BYBIT,XRPUSDT,60,1788368400000,1.3318,1.338,1.3263,1.3378,12184053.6,16219819.19203,1
BYBIT,XRPUSDT,60,1788372000000,1.3378,1.3439,1.3367,1.3417,12056540.3,16158162.2364,1
BYBIT,XRPUSDT,60,1788375600000,1.3417,1.3484,1.3395,1.3438,8745037.0,11755543.62672,1
BYBIT,XRPUSDT,60,1788379200000,1.3438,1.3552,1.343,1.3509,19046715.1,25699952.78959,1
BYBIT,XRPUSDT,60,1788382800000,1.3509,1.3527,1.3454,1.3477,5039704.3,6797136.1812,1
BYBIT,XRPUSDT,60,1788386400000,1.3477,1.3481,1.3414,1.3441,5209928.5,7005482.58752,1
BYBIT,XRPUSDT,60,1788390000000,1.3441,1.3517,1.3415,1.3504,5779260.5,7788249.051,1
BYBIT,XRPUSDT,60,1788393600000,1.3504,1.3544,1.343,1.3438,11413608.4,15382758.73714,1
BYBIT,XRPUSDT,60,1788397200000,1.3438,1.3658,1.3394,1.3554,23006659.9,31217871.19416,1
BYBIT,XRPUSDT,60,1788400800000,1.3554,1.3728,1.3526,1.3691,17037383.5,23274837.58837,1
BYBIT,XRPUSDT,60,1788404400000,1.3691,1.3745,1.3632,1.3663,11070792.7,15141086.09287,1
BYBIT,XRPUSDT,60,1788408000000,1.3663,1.3693,1.3605,1.3689,9915277.8,13529431.36874,1
BYBIT,XRPUSDT,60,1788411600000,1.3689,1.3706,1.3496,1.3683,18205249.9,24769279.60623,1
BYBIT,XRPUSDT,60,1788415200000,1.3683,1.3693,1.3623,1.364,7899418.0,10781950.13042,1
BYBIT,XRPUSDT,60,1788418800000,1.364,1.3754,1.362,1.365,18925947.5,25917769.08378,1
BYBIT,XRPUSDT,60,1788422400000,1.365,1.3787,1.365,1.3685,10975813.3,15072175.34345,1
BYBIT,XRPUSDT,60,1788426000000,1.3685,1.3718,1.3604,1.361,12126532.6,16562110.58043,1
BYBIT,XRPUSDT,60,1788429600000,1.361,1.3665,1.3584,1.3645,11100601.8,15115010.04403,1
BYBIT,XRPUSDT,60,1788433200000,1.3645,1.374,1.3633,1.3727,14812772.5,20281759.09098,1
BYBIT,XRPUSDT,60,1788436800000,1.3727,1.3909,1.3685,1.3861,24267518.2,33476750.01281,1
BYBIT,XRPUSDT,60,1788440400000,1.3861,1.4011,1.3824,1.3933,25793086.4,35895552.84919,1
BYBIT,XRPUSDT,60,1788444000000,1.3933,1.4504,1.3881,1.4499,54582615.6,77420280.89338,1
BYBIT,XRPUSDT,60,1788447600000,1.4499,1.4677,1.4374,1.4642,67880895.6,98589297.99468,1
BYBIT,XRPUSDT,60,1788451200000,1.4642,1.466,1.4412,1.4526,39096817.8,56886809.52211,1
BYBIT,XRPUSDT,60,1788454800000,1.4526,1.4639,1.4483,1.4614,17395453.0,25340812.79825,1
BYBIT,XRPUSDT,60,1788458400000,1.4614,1.4686,1.4535,1.4625,14513595.7,21217532.59784,1
BYBIT,XRPUSDT,60,1788462000000,1.4625,1.4748,1.4599,1.4708,15000020.2,22010401.12186,1
BYBIT,XRPUSDT,60,1788465600000,1.4708,1.4833,1.4595,1.4708,21810518.6,32100435.62423,1
BYBIT,XRPUSDT,60,1788469200000,1.4708,1.4777,1.4631,1.4654,16288057.8,23930679.64054,1
BYBIT,XRPUSDT,60,1788472800000,1.4654,1.4675,1.4404,1.455,19146365.5,27816072.80885,1
BYBIT,XRPUSDT,60,1788476400000,1.455,1.4596,1.4476,1.4506,10165843.2,14768874.00241,1
BYBIT,XRPUSDT,60,1788480000000,1.4506,1.4586,1.4404,1.4409,16201649.8,23486804.91685,1
BYBIT,XRPUSDT,60,1788483600000,1.4409,1.4468,1.4335,1.4437,13736564.5,19782147.15026,1
BYBIT,XRPUSDT,60,1788487200000,1.4437,1.447,1.4374,1.4462,5873667.1,8465676.21031,1
BYBIT,XRPUSDT,60,1788490800000,1.4462,1.4529,1.4456,1.4464,5798174.4,8399547.01122,1
BYBIT,XRPUSDT,60,1788494400000,1.4464,1.4564,1.4431,1.4503,10363944.6,15037822.8646,1
BYBIT,XRPUSDT,60,1788498000000,1.4503,1.4531,1.4408,1.4463,11266583.3,16311627.21299,1
BYBIT,XRPUSDT,60,1788501600000,1.4463,1.4527,1.438,1.4458,7247060.2,10464638.26795,1
BYBIT,XRPUSDT,60,1788505200000,1.4458,1.4529,1.4418,1.4434,14214150.3,20571399.48411,1
BYBIT,XRPUSDT,60,1788508800000,1.4434,1.4575,1.4366,1.4568,16261818.4,23542456.68599,1
BYBIT,XRPUSDT,60,1788512400000,1.4568,1.4618,1.4471,1.4514,18686954.1,27171204.14678,1
BYBIT,XRPUSDT,60,1788516000000,1.4514,1.4527,1.4419,1.4485,10030274.3,14507186.14599,1
BYBIT,XRPUSDT,60,1788519600000,1.4485,1.455,1.4448,1.45,8043096.6,11660124.838,1
BYBIT,XRPUSDT,60,1788523200000,1.45,1.4555,1.3906,1.4085,97881281.5,138533947.33615,1
BYBIT,XRPUSDT,60,1788526800000,1.4085,1.4229,1.4002,1.4124,29884868.9,42156921.53878,1
BYBIT,XRPUSDT,60,1788530400000,1.4124,1.4148,1.3822,1.3887,26248448.9,36654274.32805,1
BYBIT,XRPUSDT,60,1788534000000,1.3887,1.4014,1.3861,1.3983,14302333.8,19968308.30839,1
BYBIT,XRPUSDT,60,1788537600000,1.3983,1.4075,1.3967,1.4021,8861923.4,12435509.89277,1
BYBIT,XRPUSDT,60,1788541200000,1.4021,1.4024,1.3895,1.3932,8598491.6,12000514.79012,1
BYBIT,XRPUSDT,60,1788544800000,1.3932,1.3998,1.3929,1.3982,6430161.7,8977895.71248,1
BYBIT,XRPUSDT,60,1788548400000,1.3982,1.4043,1.3981,1.3985,8958380.6,12550968.6221,1
BYBIT,XRPUSDT,60,1788552000000,1.3985,1.4008,1.3956,1.3992,5248163.6,7336516.96346,1
BYBIT,XRPUSDT,60,1788555600000,1.3992,1.4018,1.3931,1.3952,4482064.8,6266623.98598,1
BYBIT,XRPUSDT,60,1788559200000,1.3952,1.3979,1.3931,1.3947,3065273.2,4277190.57438,1
BYBIT,XRPUSDT,60,1788562800000,1.3947,1.3992,1.3936,1.3978,3909312.0,5460326.76631,1
BYBIT,XRPUSDT,60,1788566400000,1.3978,1.3994,1.3939,1.3947,5935236.9,8288743.54372,1
BYBIT,XRPUSDT,60,1788570000000,1.3947,1.4015,1.3938,1.3958,7874545.1,11009966.25223,1
BYBIT,XRPUSDT,60,1788573600000,1.3958,1.3981,1.3927,1.3976,5441578.1,7594556.0983,1
BYBIT,XRPUSDT,60,1788577200000,1.3976,1.4,1.3959,1.3964,4371740.6,6113105.11529,1
BYBIT,XRPUSDT,60,1788580800000,1.3964,1.3987,1.3946,1.3972,5157313.9,7201543.38117,1
BYBIT,XRPUSDT,60,1788584400000,1.3972,1.3998,1.3948,1.3984,5143809.1,7186613.94661,1
BYBIT,XRPUSDT,60,1788588000000,1.3984,1.4039,1.398,1.4026,4959081.2,6948557.0326,1
BYBIT,XRPUSDT,60,1788591600000,1.4026,1.4053,1.4013,1.4038,6743075.5,9464399.74326,1
BYBIT,XRPUSDT,60,1788595200000,1.4038,1.4067,1.3993,1.4057,14133541.1,19839432.19453,1
BYBIT,XRPUSDT,60,1788598800000,1.4057,1.4106,1.4044,1.4066,5973919.5,8407130.97283,1
BYBIT,XRPUSDT,60,1788602400000,1.4066,1.4069,1.4023,1.4044,5844376.1,8211193.77245,1
BYBIT,XRPUSDT,60,1788606000000,1.4044,1.4065,1.4015,1.4036,6293073.5,8834474.55848,1
BYBIT,XRPUSDT,60,1788609600000,1.4036,1.4164,1.4032,1.4139,11236825.0,15855766.98542,1
BYBIT,XRPUSDT,60,1788613200000,1.4139,1.4181,1.4084,1.4115,13881874.3,19621326.8369,1
BYBIT,XRPUSDT,60,1788616800000,1.4115,1.4197,1.4112,1.4137,9668212.2,13679594.00981,1
BYBIT,XRPUSDT,60,1788620400000,1.4137,1.4152,1.4097,1.4116,8056133.5,11378400.25405,1
BYBIT,XRPUSDT,60,1788624000000,1.4116,1.4188,1.4107,1.415,8139979.2,11505731.82601,1
BYBIT,XRPUSDT,60,1788627600000,1.415,1.4273,1.414,1.4258,11938420.6,16964140.61001,1
BYBIT,XRPUSDT,60,1788631200000,1.4258,1.427,1.4166,1.4174,7550772.6,10729526.97431,1
BYBIT,XRPUSDT,60,1788634800000,1.4174,1.42,1.4127,1.4153,7407234.8,10488772.15078,1
BYBIT,XRPUSDT,60,1788638400000,1.4153,1.418,1.412,1.4144,10074778.4,14254573.94823,1
BYBIT,XRPUSDT,60,1788642000000,1.4144,1.4218,1.4137,1.4197,5282887.1,7497540.92794,1
BYBIT,XRPUSDT,60,1788645600000,1.4197,1.4221,1.4122,1.4138,7127291.0,10090843.81194,1
BYBIT,XRPUSDT,60,1788649200000,1.4138,1.4156,1.3936,1.4116,20136005.7,28352576.70383,1
BYBIT,XRPUSDT,60,1788652800000,1.4116,1.417,1.4105,1.4135,7973891.5,11276614.04614,1
BYBIT,XRPUSDT,60,1788656400000,1.4135,1.4199,1.4117,1.4169,12552137.7,17784653.54051,1
BYBIT,XRPUSDT,60,1788660000000,1.4169,1.4198,1.4149,1.4177,4505487.3,6385777.49501,1
BYBIT,XRPUSDT,60,1788663600000,1.4177,1.432,1.417,1.4236,11133790.7,15872140.50637,1
BYBIT,XRPUSDT,60,1788667200000,1.4236,1.4241,1.4158,1.4196,8266248.1,11739102.45836,1
BYBIT,XRPUSDT,60,1788670800000,1.4196,1.4286,1.4169,1.4239,8755153.5,12457527.00419,1
BYBIT,XRPUSDT,60,1788674400000,1.4239,1.426,1.4162,1.4175,5678758.9,8061462.72897,1
BYBIT,XRPUSDT,60,1788678000000,1.4175,1.4194,1.4062,1.4161,13811711.0,19527060.14534,1
BYBIT,XRPUSDT,60,1788681600000,1.4161,1.4179,1.4131,1.415,7017726.8,9929771.52185,1
BYBIT,XRPUSDT,60,1788685200000,1.415,1.4241,1.4135,1.4186,11347422.4,16102801.6003,1
BYBIT,XRPUSDT,60,1788688800000,1.4186,1.4222,1.4166,1.421,4298413.9,6099137.71604,1
BYBIT,XRPUSDT,60,1788692400000,1.421,1.4223,1.4172,1.4199,6925088.5,9830720.19576,1
BYBIT,XRPUSDT,60,1788696000000,1.4199,1.4261,1.4169,1.4179,9143388.6,12996696.71036,1
BYBIT,XRPUSDT,60,1788699600000,1.4179,1.4216,1.4116,1.4159,12419801.5,17582832.69358,1
BYBIT,XRPUSDT,60,1788703200000,1.4159,1.4167,1.3954,1.4097,22170001.7,31211409.98449,1
BYBIT,XRPUSDT,60,1788706800000,1.4097,1.4117,1.3999,1.4104,10553421.5,14845300.77036,1
BYBIT,XRPUSDT,60,1788710400000,1.4104,1.4137,1.4076,1.4117,4799545.1,6773162.62498,1
BYBIT,XRPUSDT,60,1788714000000,1.4117,1.4134,1.4057,1.4083,6812579.7,9600629.97848,1
BYBIT,XRPUSDT,60,1788717600000,1.4083,1.4149,1.4083,1.412,8879267.1,12534646.89871,1
BYBIT,XRPUSDT,60,1788721200000,1.412,1.4121,1.4079,1.4092,1570970.5,2214898.30158,1
BYBIT,XRPUSDT,60,1788724800000,1.4092,1.4241,1.4084,1.4216,10155722.3,14409576.93059,1
BYBIT,XRPUSDT,60,1788728400000,1.4216,1.4271,1.4187,1.4246,6574621.4,9359533.53791,1
BYBIT,XRPUSDT,60,1788732000000,1.4246,1.4246,1.4076,1.4179,15448497.7,21881966.5952,1
BYBIT,XRPUSDT,60,1788735600000,1.4179,1.4264,1.4178,1.423,8793662.5,12511007.08101,1
BYBIT,XRPUSDT,60,1788739200000,1.423,1.4252,1.4149,1.4178,9366995.2,13302765.69683,1
BYBIT,XRPUSDT,60,1788742800000,1.4178,1.4194,1.4021,1.406,22855742.0,32153935.64998,1
BYBIT,XRPUSDT,60,1788746400000,1.406,1.4319,1.3994,1.4133,24962155.9,35317184.2907,1
BYBIT,XRPUSDT,60,1788750000000,1.4133,1.4165,1.402,1.4056,15055491.7,21181879.74472,1
BYBIT,XRPUSDT,60,1788753600000,1.4056,1.4096,1.4017,1.4056,11188704.4,15730386.07782,1
BYBIT,XRPUSDT,60,1788757200000,1.4056,1.4163,1.4047,1.4073,8646150.5,12200091.07845,1
BYBIT,XRPUSDT,60,1788760800000,1.4073,1.4124,1.4053,1.4083,6171294.7,8691979.56068,1
BYBIT,XRPUSDT,60,1788764400000,1.4083,1.4125,1.3853,1.3983,28492685.3,39822391.00964,1
BYBIT,XRPUSDT,60,1788768000000,1.3983,1.4099,1.3974,1.4032,22417636.0,31473924.23971,1
BYBIT,XRPUSDT,60,1788771600000,1.4032,1.4072,1.3959,1.3964,14697518.7,20579499.36159,1
BYBIT,XRPUSDT,60,1788775200000,1.3964,1.4019,1.3923,1.3981,13492720.5,18854384.26207,1
BYBIT,XRPUSDT,60,1788778800000,1.3981,1.4007,1.3961,1.3983,6166672.2,8622806.73675,1
BYBIT,XRPUSDT,60,1788782400000,1.3983,1.4126,1.398,1.4112,9529099.4,13395313.45263,1
BYBIT,XRPUSDT,60,1788786000000,1.4112,1.4128,1.4007,1.4024,13283291.7,18685339.54356,1
BYBIT,XRPUSDT,60,1788789600000,1.4024,1.4038,1.3901,1.3977,27003782.9,37708999.67232,1
BYBIT,XRPUSDT,60,1788793200000,1.3977,1.3983,1.3745,1.3828,32223190.0,44653339.96243,1
BYBIT,XRPUSDT,60,1788796800000,1.3828,1.3953,1.3824,1.3948,9165649.7,12734841.94369,1
BYBIT,XRPUSDT,60,1788800400000,1.3948,1.3991,1.394,1.3974,5824467.2,8136804.82161,1
BYBIT,XRPUSDT,60,1788804000000,1.3974,1.3989,1.3915,1.394,6189210.4,8635299.39548,1
BYBIT,XRPUSDT,60,1788807600000,1.394,1.4034,1.3927,1.4013,6012330.3,8416182.47518,1
BYBIT,XRPUSDT,60,1788811200000,1.4013,1.4022,1.3945,1.398,13081012.2,18286767.04314,1
BYBIT,XRPUSDT,60,1788814800000,1.398,1.4,1.3942,1.3963,3933377.4,5498090.5492,1
BYBIT,XRPUSDT,60,1788818400000,1.3963,1.3973,1.3821,1.3876,12251341.7,17031690.11636,1
BYBIT,XRPUSDT,60,1788822000000,1.3876,1.3981,1.3872,1.396,10314732.4,14375874.792,1
BYBIT,XRPUSDT,60,1788825600000,1.396,1.4019,1.3921,1.4009,11268089.5,15737559.74554,1
BYBIT,XRPUSDT,60,1788829200000,1.4009,1.4059,1.3981,1.4032,8280017.2,11608165.25879,1
BYBIT,XRPUSDT,60,1788832800000,1.4032,1.4063,1.3908,1.3908,8958364.3,12535014.67035,1
BYBIT,XRPUSDT,60,1788836400000,1.3908,1.3973,1.3881,1.3944,6332567.2,8820249.44627,1
BYBIT,XRPUSDT,60,1788840000000,1.3944,1.396,1.3899,1.3902,7664333.9,10679537.07528,1
BYBIT,XRPUSDT,60,1788843600000,1.3902,1.3961,1.3855,1.3867,14718791.7,20480158.9119,1
BYBIT,XRPUSDT,60,1788847200000,1.3867,1.389,1.3794,1.3826,24182789.2,33472687.15781,1
BYBIT,XRPUSDT,60,1788850800000,1.3826,1.3932,1.3823,1.3879,11049018.6,15331794.02628,1
BYBIT,XRPUSDT,60,1788854400000,1.3879,1.3923,1.3831,1.3894,7228814.2,10025073.70792,1
BYBIT,XRPUSDT,60,1788858000000,1.3894,1.4007,1.3885,1.3983,13501737.7,18834682.20279,1
BYBIT,XRPUSDT,60,1788861600000,1.3983,1.4031,1.3967,1.397,10358454.9,14494627.68151,1
BYBIT,XRPUSDT,60,1788865200000,1.397,1.3984,1.389,1.394,11738766.6,16355033.82712,1
BYBIT,XRPUSDT,60,1788868800000,1.394,1.3997,1.3871,1.3979,8249635.1,11491339.98093,1
BYBIT,XRPUSDT,60,1788872400000,1.3979,1.4081,1.3828,1.4031,25784074.0,35938796.64743,1
BYBIT,XRPUSDT,60,1788876000000,1.4031,1.418,1.3991,1.417,23748251.1,33488604.47615,1
BYBIT,XRPUSDT,60,1788879600000,1.417,1.4342,1.4108,1.4341,25905023.6,36796113.81634,1
BYBIT,XRPUSDT,60,1788883200000,1.4341,1.4504,1.4255,1.4353,34483283.3,49531319.63262,1
BYBIT,XRPUSDT,60,1788886800000,1.4353,1.4387,1.4234,1.4268,12493047.3,17870553.70274,1
BYBIT,XRPUSDT,60,1788890400000,1.4268,1.4462,1.4234,1.4303,19718753.8,28280024.64484,1
BYBIT,XRPUSDT,60,1788894000000,1.4303,1.434,1.4149,1.4225,22996579.3,32726657.82437,1
BYBIT,XRPUSDT,60,1788897600000,1.4225,1.4261,1.4123,1.4139,12183510.6,17287506.18597,1
BYBIT,XRPUSDT,60,1788901200000,1.4139,1.423,1.4132,1.4162,7168989.7,10168396.781,1
BYBIT,XRPUSDT,60,1788904800000,1.4162,1.4229,1.4158,1.4175,7609700.4,10798170.36238,1
BYBIT,XRPUSDT,60,1788908400000,1.4175,1.4217,1.4141,1.4166,11468349.2,16253964.9568,1
BYBIT,XRPUSDT,60,1788912000000,1.4166,1.4247,1.4165,1.4199,6847390.2,9724420.38532,1
BYBIT,XRPUSDT,60,1788915600000,1.4199,1.4219,1.4085,1.4169,11293122.0,15987835.48995,1
BYBIT,XRPUSDT,60,1788919200000,1.4169,1.4206,1.4112,1.4154,10792461.2,15283771.21066,1
BYBIT,XRPUSDT,60,1788922800000,1.4154,1.4175,1.4089,1.4161,9119061.3,12887000.8695,1
BYBIT,XRPUSDT,60,1788926400000,1.4161,1.4369,1.4161,1.4358,16904454.0,24122464.4324,1
BYBIT,XRPUSDT,60,1788930000000,1.4358,1.4363,1.4222,1.4268,13394575.3,19140619.73894,1
BYBIT,XRPUSDT,60,1788933600000,1.4268,1.4405,1.4262,1.4332,7135923.7,10235391.68373,1
BYBIT,XRPUSDT,60,1788937200000,1.4332,1.4421,1.433,1.4403,12747118.0,18337690.56986,1
BYBIT,XRPUSDT,60,1788940800000,1.4403,1.4448,1.4349,1.4378,11482727.6,16534992.44861,1
BYBIT,XRPUSDT,60,1788944400000,1.4378,1.4379,1.4186,1.4196,13992770.9,19955323.61627,1
BYBIT,XRPUSDT,60,1788948000000,1.4196,1.4249,1.4179,1.4224,12727442.5,18097458.86787,1
BYBIT,XRPUSDT,60,1788951600000,1.4224,1.4282,1.4161,1.4267,14299733.1,20333729.53797,1
BYBIT,XRPUSDT,60,1788955200000,1.4267,1.4395,1.4252,1.4364,14964292.3,21454784.63265,1
BYBIT,XRPUSDT,60,1788958800000,1.4364,1.4385,1.4219,1.4282,19499279.2,27888651.97198,1
BYBIT,XRPUSDT,60,1788962400000,1.4282,1.4324,1.4205,1.4246,14475144.4,20645074.06312,1
BYBIT,XRPUSDT,60,1788966000000,1.4246,1.4326,1.4046,1.4165,28787452.5,40718114.87984,1
BYBIT,XRPUSDT,60,1788969600000,1.4165,1.4226,1.4101,1.4219,10959228.4,15528225.52792,1
BYBIT,XRPUSDT,60,1788973200000,1.4219,1.4238,1.4175,1.4216,5979502.3,8496678.77839,1
BYBIT,XRPUSDT,60,1788976800000,1.4216,1.4224,1.4156,1.4167,6300794.0,8941888.33784,1
BYBIT,XRPUSDT,60,1788980400000,1.4167,1.4188,1.3976,1.4007,13416977.5,18875041.53493,1
BYBIT,XRPUSDT,60,1788984000000,1.4007,1.4046,1.3931,1.4029,14057470.7,19679054.02796,1
BYBIT,XRPUSDT,60,1788987600000,1.4029,1.4029,1.3902,1.3956,11089564.5,15497446.7682,1
BYBIT,XRPUSDT,60,1788991200000,1.3956,1.3966,1.3748,1.3836,27975856.0,38753020.43554,1
BYBIT,XRPUSDT,60,1788994800000,1.3836,1.3949,1.3833,1.3942,6274626.6,8720961.35126,1
BYBIT,XRPUSDT,60,1788998400000,1.3942,1.3955,1.3849,1.3866,8488707.0,11798931.04674,1
BYBIT,XRPUSDT,60,1789002000000,1.3866,1.3948,1.3761,1.3825,12010896.4,16624917.90781,1
BYBIT,XRPUSDT,60,1789005600000,1.3825,1.3916,1.3796,1.3914,6039488.5,8367418.38646,1
BYBIT,XRPUSDT,60,1789009200000,1.3914,1.3938,1.3883,1.3899,7301256.1,10156954.29461,1
BYBIT,XRPUSDT,60,1789012800000,1.3899,1.393,1.3863,1.388,6337135.4,8806749.4206,1
BYBIT,XRPUSDT,60,1789016400000,1.388,1.3926,1.3849,1.3911,8291467.9,11521172.67301,1
BYBIT,XRPUSDT,60,1789020000000,1.3911,1.3915,1.3814,1.3882,6306153.2,8736141.1776,1
BYBIT,XRPUSDT,60,1789023600000,1.3882,1.3882,1.3761,1.382,9794783.2,13520653.2522,1
BYBIT,XRPUSDT,60,1789027200000,1.382,1.384,1.379,1.3814,8257970.2,11408367.35423,1
BYBIT,XRPUSDT,60,1789030800000,1.3814,1.3842,1.3719,1.3776,11402601.6,15714673.33555,1
BYBIT,XRPUSDT,60,1789034400000,1.3776,1.3801,1.3681,1.3748,11192336.9,15390126.5118,1
BYBIT,XRPUSDT,60,1789038000000,1.3748,1.382,1.3718,1.376,19696320.6,27119640.50934,1
BYBIT,XRPUSDT,60,1789041600000,1.376,1.3813,1.3371,1.3576,71594323.4,97439929.90027,1
BYBIT,XRPUSDT,60,1789045200000,1.3576,1.366,1.3492,1.3634,25066088.5,34021674.46523,1
BYBIT,XRPUSDT,60,1789048800000,1.3634,1.3683,1.3566,1.3595,13829939.3,18854070.82083,1
BYBIT,XRPUSDT,60,1789052400000,1.3595,1.36,1.351,1.3559,11220712.6,15205731.0524,1
BYBIT,XRPUSDT,60,1789056000000,1.3559,1.3582,1.3415,1.3534,19404292.3,26164463.10414,1
BYBIT,XRPUSDT,60,1789059600000,1.3534,1.3641,1.3511,1.3596,14392322.8,19548591.06048,1
BYBIT,XRPUSDT,60,1789063200000,1.3596,1.3599,1.3467,1.3553,10870888.8,14680353.43751,1
BYBIT,XRPUSDT,60,1789066800000,1.3553,1.358,1.349,1.35,8700156.8,11776090.87208,1
BYBIT,XRPUSDT,60,1789070400000,1.35,1.3571,1.3497,1.3534,3638014.6,4924277.23069,1
BYBIT,XRPUSDT,60,1789074000000,1.3534,1.3562,1.349,1.351,3758966.0,5086295.45671,1
BYBIT,XRPUSDT,60,1789077600000,1.351,1.3544,1.342,1.3421,6174304.5,8322654.57677,1
BYBIT,XRPUSDT,60,1789081200000,1.3421,1.3436,1.3282,1.3337,21386201.5,28557706.02476,1
BYBIT,XRPUSDT,60,1789084800000,1.3337,1.3432,1.3331,1.341,7762048.0,10385819.10452,1
BYBIT,XRPUSDT,60,1789088400000,1.341,1.3455,1.3359,1.3454,7778420.2,10430247.44087,1
BYBIT,XRPUSDT,60,1789092000000,1.3454,1.3458,1.3374,1.3419,6011689.4,8063756.9277,1
BYBIT,XRPUSDT,60,1789095600000,1.3419,1.343,1.3369,1.3422,6406012.6,8581922.01597,1
BYBIT,XRPUSDT,60,1789099200000,1.3422,1.3493,1.3409,1.3475,7026656.2,9456299.934,1
BYBIT,XRPUSDT,60,1789102800000,1.3475,1.3495,1.3456,1.3487,7973328.5,10746700.62615,1
BYBIT,XRPUSDT,60,1789106400000,1.3487,1.3527,1.3482,1.3526,7146845.3,9650261.45905,1
BYBIT,XRPUSDT,60,1789110000000,1.3526,1.359,1.3503,1.3506,10058514.3,13626824.37591,1
BYBIT,XRPUSDT,60,1789113600000,1.3506,1.3565,1.3476,1.3528,6417370.1,8677748.56359,1
BYBIT,XRPUSDT,60,1789117200000,1.3528,1.3537,1.3365,1.3409,11315829.4,15211308.92417,1
BYBIT,XRPUSDT,60,1789120800000,1.3409,1.3442,1.3316,1.3321,8511073.6,11389974.25326,1
BYBIT,XRPUSDT,60,1789124400000,1.3321,1.3326,1.3201,1.3285,15698133.9,20803779.49707,1
BYBIT,XRPUSDT,60,1789128000000,1.3285,1.3707,1.314,1.3657,63833752.8,85729422.23334,1
BYBIT,XRPUSDT,60,1789131600000,1.3657,1.4171,1.353,1.4156,56048470.6,77239374.71889,1
BYBIT,XRPUSDT,60,1789135200000,1.4156,1.4329,1.3852,1.3942,48984483.4,68871123.61802,1
BYBIT,XRPUSDT,60,1789138800000,1.3942,1.4052,1.3647,1.3737,32310083.1,44761044.24636,1
BYBIT,XRPUSDT,60,1789142400000,1.3737,1.3837,1.3674,1.3759,17534082.2,24109770.67796,1
BYBIT,XRPUSDT,60,1789146000000,1.3759,1.3774,1.3646,1.3672,8647580.7,11859267.33981,1
BYBIT,XRPUSDT,60,1789149600000,1.3672,1.3683,1.3459,1.3516,27034629.3,36663055.225,1
BYBIT,XRPUSDT,60,1789153200000,1.3516,1.362,1.3455,1.3606,11362908.1,15382106.34367,1
BYBIT,XRPUSDT,60,1789156800000,1.3606,1.3677,1.3561,1.3614,13527694.5,18432039.73521,1
BYBIT,XRPUSDT,60,1789160400000,1.3614,1.3663,1.3513,1.3523,4107910.1,5583314.9376,1
BYBIT,XRPUSDT,60,1789164000000,1.3523,1.3575,1.3457,1.3496,12189401.0,16471554.18657,1
BYBIT,XRPUSDT,60,1789167600000,1.3496,1.3563,1.3483,1.3556,3336170.5,4515358.18352,1
BYBIT,XRPUSDT,60,1789171200000,1.3556,1.3584,1.3537,1.3562,3478230.0,4718354.18822,1
BYBIT,XRPUSDT,60,1789174800000,1.3562,1.3628,1.3553,1.36,5518086.7,7502871.85641,1
BYBIT,XRPUSDT,60,1789178400000,1.36,1.3633,1.3589,1.3629,4858651.0,6613912.1151,1
BYBIT,XRPUSDT,60,1789182000000,1.3629,1.3654,1.3614,1.3631,4661870.3,6354938.2631,1
BYBIT,XRPUSDT,60,1789185600000,1.3631,1.3649,1.3609,1.3623,2789680.6,3802448.17081,1
BYBIT,XRPUSDT,60,1789189200000,1.3623,1.3648,1.3606,1.3632,4392765.5,5985163.28062,1
BYBIT,XRPUSDT,60,1789192800000,1.3632,1.3648,1.3611,1.3626,3627568.4,4945294.91277,1
BYBIT,XRPUSDT,60,1789196400000,1.3626,1.3698,1.3623,1.3686,3615087.7,4940919.48491,1
BYBIT,XRPUSDT,60,1789200000000,1.3686,1.3696,1.3642,1.3663,5681661.9,7766411.7184,1
BYBIT,XRPUSDT,60,1789203600000,1.3663,1.3699,1.3657,1.3691,5481781.1,7500024.77976,1
BYBIT,XRPUSDT,60,1789207200000,1.3691,1.3739,1.369,1.3726,3638236.7,4989374.817,1
BYBIT,XRPUSDT,60,1789210800000,1.3726,1.3737,1.3703,1.3716,4704941.3,6452590.61196,1
BYBIT,XRPUSDT,60,1789214400000,1.3716,1.3724,1.3679,1.3697,4630430.6,6344262.93117,1
BYBIT,XRPUSDT,60,1789218000000,1.3697,1.3709,1.3654,1.3672,6563415.2,8976404.58722,1
BYBIT,XRPUSDT,60,1789221600000,1.3672,1.3708,1.3669,1.3692,2875379.1,3935946.05456,1
BYBIT,XRPUSDT,60,1789225200000,1.3692,1.3735,1.3677,1.3716,5099221.1,6987062.43228,1
BYBIT,XRPUSDT,60,1789228800000,1.3716,1.3724,1.3684,1.3693,2777518.1,3805122.81062,1
BYBIT,XRPUSDT,60,1789232400000,1.3693,1.3698,1.3656,1.3663,3631409.4,4966018.08169,1
BYBIT,XRPUSDT,60,1789236000000,1.3663,1.3664,1.3621,1.3628,5338227.8,7282925.35568,1
BYBIT,XRPUSDT,60,1789239600000,1.3628,1.3642,1.3606,1.362,4338577.0,5911406.84042,1
BYBIT,XRPUSDT,60,1789243200000,1.362,1.3662,1.3619,1.3639,3300526.8,4503199.38987,1
BYBIT,XRPUSDT,60,1789246800000,1.3639,1.3657,1.3616,1.3623,2336572.5,3187411.64194,1
BYBIT,XRPUSDT,60,1789250400000,1.3623,1.3651,1.3601,1.3624,4016178.0,5471623.56421,1
BYBIT,XRPUSDT,60,1789254000000,1.3624,1.3669,1.362,1.3655,2235727.3,3050891.82645,1
BYBIT,XRPUSDT,60,1789257600000,1.3655,1.3674,1.3642,1.3665,2236633.9,3054572.25257,1
BYBIT,XRPUSDT,60,1789261200000,1.3665,1.3673,1.3632,1.3669,4823269.4,6586549.014,1
BYBIT,XRPUSDT,60,1789264800000,1.3669,1.3699,1.3646,1.3674,3584210.9,4899880.26515,1
BYBIT,XRPUSDT,60,1789268400000,1.3674,1.3689,1.3619,1.3629,4563350.8,6225953.10874,1
BYBIT,XRPUSDT,60,1789272000000,1.3629,1.365,1.3627,1.3636,2395280.5,3266387.78471,1
BYBIT,XRPUSDT,60,1789275600000,1.3636,1.3678,1.3634,1.3673,2453425.9,3352322.6952,1
BYBIT,XRPUSDT,60,1789279200000,1.3673,1.3674,1.3575,1.3601,5016445.1,6830258.91778,1
BYBIT,XRPUSDT,60,1789282800000,1.3601,1.3618,1.3564,1.3571,6299922.9,8562322.52197,1
BYBIT,XRPUSDT,60,1789286400000,1.3571,1.3589,1.3445,1.3472,12081060.9,16316559.61939,1
BYBIT,XRPUSDT,60,1789290000000,1.3472,1.3503,1.337,1.3437,12106336.1,16254394.65152,1
BYBIT,XRPUSDT,60,1789293600000,1.3437,1.3442,1.3362,1.3398,5005714.4,6710756.74637,1
BYBIT,XRPUSDT,60,1789297200000,1.3398,1.343,1.3379,1.3425,5161990.8,6921277.2701,1
BYBIT,XRPUSDT,60,1789300800000,1.3425,1.3429,1.3359,1.3394,5792324.0,7759235.93695,1
BYBIT,XRPUSDT,60,1789304400000,1.3394,1.3421,1.3314,1.3412,10211081.5,13640291.15397,1
BYBIT,XRPUSDT,60,1789308000000,1.3412,1.3534,1.341,1.3498,8760858.7,11815162.23009,1
BYBIT,XRPUSDT,60,1789311600000,1.3498,1.35,1.3428,1.3429,5042154.6,6783316.41654,1
BYBIT,XRPUSDT,60,1789315200000,1.3429,1.3506,1.3428,1.3503,3311480.1,4460793.4381,1
BYBIT,XRPUSDT,60,1789318800000,1.3503,1.3568,1.3503,1.3548,5118225.8,6929368.82582,1
BYBIT,XRPUSDT,60,1789322400000,1.3548,1.3599,1.3531,1.3577,3566288.1,4840073.31046,1
BYBIT,XRPUSDT,60,1789326000000,1.3577,1.3593,1.3521,1.3543,4701662.0,6366922.47499,1
BYBIT,XRPUSDT,60,1789329600000,1.3543,1.3614,1.3543,1.3605,4840348.5,6573721.8601,1
BYBIT,XRPUSDT,60,1789333200000,1.3605,1.3617,1.3557,1.3568,3948401.9,5365875.04593,1
BYBIT,XRPUSDT,60,1789336800000,1.3568,1.3568,1.3332,1.3368,19290002.9,25891714.90048,1
BYBIT,XRPUSDT,60,1789340400000,1.3368,1.3442,1.3365,1.3401,8126577.2,10895400.40654,1
BYBIT,XRPUSDT,60,1789344000000,1.3401,1.3499,1.3336,1.3464,9798383.2,13165849.04319,1
BYBIT,XRPUSDT,60,1789347600000,1.3464,1.353,1.3372,1.3507,11772676.2,15830879.55001,1
BYBIT,XRPUSDT,60,1789351200000,1.3507,1.3732,1.3491,1.3695,20110610.6,27381486.00407,1
BYBIT,XRPUSDT,60,1789354800000,1.3695,1.3802,1.3678,1.3721,18709677.8,25718045.50381,1
BYBIT,XRPUSDT,60,1789358400000,1.3721,1.3798,1.3708,1.3763,14300475.4,19659907.99996,1
BYBIT,XRPUSDT,60,1789362000000,1.3763,1.3807,1.3735,1.3797,7820769.1,10767114.30207,1
BYBIT,XRPUSDT,60,1789365600000,1.3797,1.388,1.3742,1.3859,17022315.8,23529539.933,1
BYBIT,XRPUSDT,60,1789369200000,1.3859,1.3901,1.3837,1.39,10571002.9,14665004.39272,1
BYBIT,XRPUSDT,60,1789372800000,1.39,1.3943,1.3833,1.3848,15744934.6,21846740.25768,1
BYBIT,XRPUSDT,60,1789376400000,1.3848,1.4097,1.3805,1.4024,30447488.0,42440205.71532,1
BYBIT,XRPUSDT,60,1789380000000,1.4024,1.4081,1.3944,1.3967,19176108.0,26850224.81548,1
BYBIT,XRPUSDT,60,1789383600000,1.3967,1.4062,1.3939,1.3982,15829275.2,22147396.10557,1
BYBIT,XRPUSDT,60,1789387200000,1.3982,1.4041,1.3916,1.3945,19888016.6,27796772.57508,1
BYBIT,XRPUSDT,60,1789390800000,1.3945,1.4031,1.3822,1.394,26426325.2,36819317.90869,1
BYBIT,XRPUSDT,60,1789394400000,1.394,1.405,1.3935,1.3992,21838555.8,30555821.18646,1
BYBIT,XRPUSDT,60,1789398000000,1.3992,1.4068,1.3916,1.4029,18647767.9,26126391.44118,1
BYBIT,XRPUSDT,60,1789401600000,1.4029,1.422,1.4008,1.4184,20146501.9,28481758.1662,1
BYBIT,XRPUSDT,60,1789405200000,1.4184,1.4402,1.416,1.4339,23515665.6,33576464.65593,1
BYBIT,XRPUSDT,60,1789408800000,1.4339,1.4798,1.4295,1.4767,54576841.4,79636725.98419,1
BYBIT,XRPUSDT,60,1789412400000,1.4767,1.4774,1.4535,1.4635,39035791.2,57041124.76918,1
BYBIT,XRPUSDT,60,1789416000000,1.4635,1.491,1.4623,1.4631,39398065.9,58222035.31905,1
BYBIT,XRPUSDT,60,1789419600000,1.4631,1.4638,1.4414,1.4427,26829431.4,38926433.45744,1
BYBIT,XRPUSDT,60,1789423200000,1.4427,1.4518,1.4334,1.4352,15757728.5,22720610.7177,1
BYBIT,XRPUSDT,60,1789426800000,1.4352,1.4377,1.4177,1.4227,21019577.7,29989021.6032,1
BYBIT,XRPUSDT,60,1789430400000,1.4227,1.4273,1.4143,1.4186,12532842.2,17806669.11698,1
BYBIT,XRPUSDT,60,1789434000000,1.4186,1.4254,1.4146,1.4214,13857447.1,19688749.62494,1
BYBIT,XRPUSDT,60,1789437600000,1.4214,1.4297,1.4213,1.4229,11858642.6,16908775.96624,1
BYBIT,XRPUSDT,60,1789441200000,1.4229,1.4229,1.4104,1.4152,14263207.6,20201151.58711,1
BYBIT,XRPUSDT,60,1789444800000,1.4152,1.4178,1.4075,1.413,12845247.7,18150515.40201,1
BYBIT,XRPUSDT,60,1789448400000,1.413,1.4131,1.399,1.4078,15026925.6,21115521.57075,1
BYBIT,XRPUSDT,60,1789452000000,1.4078,1.4101,1.3952,1.3989,15103439.3,21176164.73292,1
BYBIT,XRPUSDT,60,1789455600000,1.3989,1.4035,1.3912,1.3935,14831436.5,20724831.39876,1
BYBIT,XRPUSDT,60,1789459200000,1.3935,1.3978,1.3852,1.3974,21909378.5,30455597.75562,1
BYBIT,XRPUSDT,60,1789462800000,1.3974,1.4063,1.3949,1.4016,17121399.1,23971530.13804,1
BYBIT,XRPUSDT,60,1789466400000,1.4016,1.4037,1.3967,1.4018,10152621.3,14217019.98565,1
BYBIT,XRPUSDT,60,1789470000000,1.4018,1.4027,1.3928,1.4003,12971986.0,18113729.20391,1
BYBIT,XRPUSDT,60,1789473600000,1.4003,1.4215,1.3987,1.4162,25633538.9,36120159.33029,1
BYBIT,XRPUSDT,60,1789477200000,1.4162,1.4593,1.395,1.4147,100083536.6,142472826.86895,1
BYBIT,XRPUSDT,60,1789480800000,1.4147,1.4171,1.3715,1.3844,61781143.7,86005626.73568,1
BYBIT,XRPUSDT,60,1789484400000,1.3844,1.3969,1.3798,1.3888,26541101.2,36876554.57495,1
BYBIT,XRPUSDT,60,1789488000000,1.3888,1.3923,1.3812,1.3869,11388552.0,15797140.43824,1
BYBIT,XRPUSDT,60,1789491600000,1.3869,1.4127,1.3783,1.4044,29846894.5,41792915.83156,1
BYBIT,XRPUSDT,60,1789495200000,1.4044,1.4072,1.2876,1.3245,173593120.8,232798329.08252,1
BYBIT,XRPUSDT,60,1789498800000,1.3245,1.3294,1.2931,1.2951,67971604.5,88921792.82861,1
BYBIT,XRPUSDT,60,1789502400000,1.2951,1.3017,1.2636,1.2928,52293007.8,66896234.0288,1
BYBIT,XRPUSDT,60,1789506000000,1.2928,1.2972,1.2763,1.2773,19834666.2,25521981.20777,1
BYBIT,XRPUSDT,60,1789509600000,1.2773,1.2906,1.2743,1.2881,15222804.5,19512320.29918,1
BYBIT,XRPUSDT,60,1789513200000,1.2881,1.2977,1.282,1.2826,16839056.6,21730583.02871,1
BYBIT,XRPUSDT,60,1789516800000,1.2826,1.2901,1.2804,1.286,14034288.4,18038553.4885,1
BYBIT,XRPUSDT,60,1789520400000,1.286,1.2895,1.274,1.275,14593241.3,18698871.12702,1
BYBIT,XRPUSDT,60,1789524000000,1.275,1.2988,1.2745,1.2887,19325518.4,24876589.50988,1
BYBIT,XRPUSDT,60,1789527600000,1.2887,1.2999,1.288,1.2968,14783217.7,19133543.39273,1
BYBIT,XRPUSDT,60,1789531200000,1.2968,1.3117,1.2957,1.3003,20113028.4,26221294.09399,1
BYBIT,XRPUSDT,60,1789534800000,1.3003,1.301,1.2912,1.2959,11486202.5,14891066.58951,1
BYBIT,XRPUSDT,60,1789538400000,1.2959,1.2989,1.2874,1.2971,8087851.4,10463677.41687,1
BYBIT,XRPUSDT,60,1789542000000,1.2971,1.301,1.2833,1.2845,12310815.2,15906439.59271,1
BYBIT,XRPUSDT,60,1789545600000,1.2845,1.2849,1.2762,1.2842,14627126.7,18734650.71849,1
BYBIT,XRPUSDT,60,1789549200000,1.2842,1.2921,1.2821,1.2909,8786844.9,11310027.02771,1
BYBIT,XRPUSDT,60,1789552800000,1.2909,1.2923,1.285,1.2888,8678474.8,11178308.20141,1
BYBIT,XRPUSDT,60,1789556400000,1.2888,1.2979,1.2855,1.2954,11393988.7,14715811.82631,1
BYBIT,XRPUSDT,60,1789560000000,1.2954,1.2959,1.2781,1.2821,15589766.4,20037846.71162,1
BYBIT,XRPUSDT,60,1789563600000,1.2821,1.2824,1.2687,1.2745,22342105.7,28487313.66854,1
BYBIT,XRPUSDT,60,1789567200000,1.2745,1.2755,1.2608,1.2659,28280639.7,35881827.91362,1
BYBIT,XRPUSDT,60,1789570800000,1.2659,1.2741,1.2587,1.2655,18956058.5,24016675.79626,1
BYBIT,XRPUSDT,60,1789574400000,1.2655,1.2696,1.2614,1.2675,10597304.6,13417294.30456,1
BYBIT,XRPUSDT,60,1789578000000,1.2675,1.2691,1.2501,1.2607,28629226.5,36028013.67467,1
BYBIT,XRPUSDT,60,1789581600000,1.2607,1.2969,1.2458,1.2781,80327457.1,102498334.29064,1
BYBIT,XRPUSDT,60,1789585200000,1.2781,1.3043,1.2743,1.3,32128927.5,41508329.12838,1
BYBIT,XRPUSDT,60,1789588800000,1.3,1.3177,1.2966,1.3021,22506210.9,29415015.83148,1
BYBIT,XRPUSDT,60,1789592400000,1.3021,1.3021,1.2867,1.2921,7889562.9,10203454.97508,1
BYBIT,XRPUSDT,60,1789596000000,1.2921,1.2932,1.2796,1.2856,10020731.0,12870005.63313,1
BYBIT,XRPUSDT,60,1789599600000,1.2856,1.3028,1.2842,1.2987,14912561.6,19350052.59827,1
BYBIT,XRPUSDT,60,1789603200000,1.2987,1.3024,1.2941,1.2943,12160460.8,15791702.71491,1
BYBIT,XRPUSDT,60,1789606800000,1.2943,1.3099,1.2904,1.2997,15469514.0,20131197.90543,1
BYBIT,XRPUSDT,60,1789610400000,1.2997,1.3052,1.2927,1.2991,13084235.9,16986401.77875,1
BYBIT,XRPUSDT,60,1789614000000,1.2991,1.307,1.2988,1.3021,6607908.4,8606814.04029,1
BYBIT,XRPUSDT,60,1789617600000,1.3021,1.3022,1.2928,1.2995,7138458.0,9255766.6344,1
BYBIT,XRPUSDT,60,1789621200000,1.2995,1.3019,1.2936,1.2951,8028107.8,10413992.63973,1
BYBIT,XRPUSDT,60,1789624800000,1.2951,1.3031,1.2936,1.3006,5479329.9,7113986.57035,1
BYBIT,XRPUSDT,60,1789628400000,1.3006,1.3062,1.2989,1.3014,14409971.2,18770549.86963,1
BYBIT,XRPUSDT,60,1789632000000,1.3014,1.3041,1.298,1.3035,11815659.6,15372844.08597,1
BYBIT,XRPUSDT,60,1789635600000,1.3035,1.3086,1.2983,1.299,12316834.6,16059573.37225,1
BYBIT,XRPUSDT,60,1789639200000,1.299,1.2995,1.2916,1.2952,9932765.2,12854875.27098,1
BYBIT,XRPUSDT,60,1789642800000,1.2952,1.2996,1.2912,1.299,8872157.4,11495724.77001,1
BYBIT,XRPUSDT,60,1789646400000,1.299,1.3147,1.2981,1.3045,19274724.4,25178730.13266,1
BYBIT,XRPUSDT,60,1789650000000,1.3045,1.3087,1.2883,1.3029,19923714.8,25870802.80705,1
BYBIT,XRPUSDT,60,1789653600000,1.3029,1.32,1.2959,1.2997,30940845.5,40493290.76628,1
BYBIT,XRPUSDT,60,1789657200000,1.2997,1.3096,1.2936,1.3073,12916700.3,16802445.53308,1
BYBIT,XRPUSDT,60,1789660800000,1.3073,1.3085,1.2976,1.304,11953015.1,15567598.87456,1
BYBIT,XRPUSDT,60,1789664400000,1.304,1.3088,1.2989,1.2998,8845220.5,11533973.18706,1
BYBIT,XRPUSDT,60,1789668000000,1.2998,1.3002,1.293,1.2944,8665469.3,11235615.61544,1
BYBIT,XRPUSDT,60,1789671600000,1.2944,1.2983,1.2917,1.2949,6894484.1,8924905.25266,1
BYBIT,XRPUSDT,60,1789675200000,1.2949,1.3,1.2936,1.298,5022724.5,6514468.22777,1
BYBIT,XRPUSDT,60,1789678800000,1.298,1.3,1.29,1.2912,9299004.9,12038595.87116,1
BYBIT,XRPUSDT,60,1789682400000,1.2912,1.2955,1.2862,1.2951,14501887.5,18726551.10308,1
BYBIT,XRPUSDT,60,1789686000000,1.2951,1.2982,1.2938,1.2955,7889968.6,10223701.81902,1
BYBIT,XRPUSDT,60,1789689600000,1.2955,1.3009,1.291,1.3,5396407.1,6988872.48812,1
BYBIT,XRPUSDT,60,1789693200000,1.3,1.3065,1.2984,1.3046,7347598.3,9571630.09443,1
BYBIT,XRPUSDT,60,1789696800000,1.3046,1.3107,1.2997,1.3056,11725892.3,15304489.62201,1
BYBIT,XRPUSDT,60,1789700400000,1.3056,1.3286,1.3042,1.3258,26204809.8,34553125.7841,1
BYBIT,XRPUSDT,60,1789704000000,1.3258,1.3269,1.3136,1.325,14519744.4,19157346.0595,1
BYBIT,XRPUSDT,60,1789707600000,1.325,1.3262,1.3161,1.3176,15040495.6,19872166.01262,1
BYBIT,XRPUSDT,60,1789711200000,1.3176,1.324,1.3176,1.3217,15973845.2,21104208.81486,1
BYBIT,XRPUSDT,60,1789714800000,1.3217,1.3305,1.3202,1.3281,22793209.6,30236796.47728,1
BYBIT,XRPUSDT,60,1789718400000,1.3281,1.3374,1.3225,1.3363,22137691.0,29462002.89947,1
BYBIT,XRPUSDT,60,1789722000000,1.3363,1.3399,1.3291,1.3341,19074163.4,25458222.57693,1
BYBIT,XRPUSDT,60,1789725600000,1.3341,1.3376,1.3301,1.3311,10394884.6,13868813.38202,1
BYBIT,XRPUSDT,60,1789729200000,1.3311,1.3324,1.3149,1.3233,25240158.6,33369116.69583,1
BYBIT,XRPUSDT,60,1789732800000,1.3233,1.3276,1.3191,1.3235,12514059.0,16561976.89235,1
BYBIT,XRPUSDT,60,1789736400000,1.3235,1.3743,1.3183,1.361,48311371.2,65223194.11874,1
BYBIT,XRPUSDT,60,1789740000000,1.361,1.4022,1.3603,1.3997,44850500.4,61843093.94197,1
BYBIT,XRPUSDT,60,1789743600000,1.3997,1.4015,1.3712,1.385,38790087.2,53733179.17681,1
BYBIT,XRPUSDT,60,1789747200000,1.385,1.3932,1.3768,1.3801,21435595.7,29672940.96295,1
BYBIT,XRPUSDT,60,1789750800000,1.3801,1.3912,1.3738,1.3912,22072363.9,30511121.89316,1
BYBIT,XRPUSDT,60,1789754400000,1.3912,1.3932,1.3833,1.3863,12998638.1,18054293.36823,1
BYBIT,XRPUSDT,60,1789758000000,1.3863,1.4127,1.3853,1.4116,24248522.8,33964798.05535,1
BYBIT,XRPUSDT,60,1789761600000,1.4116,1.4142,1.3981,1.4026,14463105.6,20324081.65013,1
BYBIT,XRPUSDT,60,1789765200000,1.4026,1.4079,1.3977,1.4009,9897673.2,13881411.9968,1
BYBIT,XRPUSDT,60,1789768800000,1.4009,1.4051,1.3915,1.3981,11796645.1,16497726.22722,1
BYBIT,XRPUSDT,60,1789772400000,1.3981,1.4017,1.3936,1.3963,7876286.8,11002125.71391,1
BYBIT,XRPUSDT,60,1789776000000,1.3963,1.421,1.3947,1.4086,20766582.2,29288184.81915,1
BYBIT,XRPUSDT,60,1789779600000,1.4086,1.4145,1.3915,1.4123,18393051.6,25796772.59783,1
BYBIT,XRPUSDT,60,1789783200000,1.4123,1.4277,1.4105,1.4132,16176107.9,22952409.80719,1
BYBIT,XRPUSDT,60,1789786800000,1.4132,1.4208,1.4088,1.4178,8935611.7,12633265.54063,1
BYBIT,XRPUSDT,60,1789790400000,1.4178,1.4268,1.4077,1.4146,11511765.0,16301169.78201,1
BYBIT,XRPUSDT,60,1789794000000,1.4146,1.4387,1.4136,1.4269,20976281.3,29987369.85436,1
BYBIT,XRPUSDT,60,1789797600000,1.4269,1.43,1.4157,1.4217,13671729.0,19448137.66975,1
BYBIT,XRPUSDT,60,1789801200000,1.4217,1.4235,1.4092,1.4102,11346669.7,16059271.76136,1
BYBIT,XRPUSDT,60,1789804800000,1.4102,1.4218,1.4075,1.4145,12585924.7,17814818.545,1
BYBIT,XRPUSDT,60,1789808400000,1.4145,1.4174,1.4082,1.4122,9426056.0,13319488.74617,1
BYBIT,XRPUSDT,60,1789812000000,1.4122,1.423,1.4109,1.4171,10865127.7,15415725.68709,1
BYBIT,XRPUSDT,60,1789815600000,1.4171,1.4387,1.4171,1.4341,17967110.3,25657918.96744,1
BYBIT,XRPUSDT,60,1789819200000,1.4341,1.4384,1.4255,1.4341,19392964.9,27771328.73662,1
BYBIT,XRPUSDT,60,1789822800000,1.4341,1.4503,1.4314,1.4371,33579704.2,48354048.80163,1
BYBIT,XRPUSDT,60,1789826400000,1.4371,1.4541,1.4351,1.4375,23193432.5,33477987.12777,1
BYBIT,XRPUSDT,60,1789830000000,1.4375,1.4413,1.4246,1.4301,17845638.2,25578516.86503,1
BYBIT,XRPUSDT,60,1789833600000,1.4301,1.4371,1.4236,1.4337,15030199.9,21535471.83728,1
BYBIT,XRPUSDT,60,1789837200000,1.4337,1.4447,1.4219,1.4271,15475364.8,22158887.75459,1
BYBIT,XRPUSDT,60,1789840800000,1.4271,1.4325,1.4201,1.4297,15860273.9,22617921.693,1
BYBIT,XRPUSDT,60,1789844400000,1.4297,1.4331,1.4252,1.4274,9935530.7,14196252.67146,1
BYBIT,XRPUSDT,60,1789848000000,1.4274,1.4352,1.4251,1.4287,8256200.9,11805737.66342,1
BYBIT,XRPUSDT,60,1789851600000,1.4287,1.4321,1.3994,1.4093,30189703.3,42658114.69864,1
BYBIT,XRPUSDT,60,1789855200000,1.4093,1.4178,1.3972,1.4162,20307551.2,28557604.82184,1
BYBIT,XRPUSDT,60,1789858800000,1.4162,1.4168,1.4094,1.4102,7784845.9,11002506.80862,1
BYBIT,XRPUSDT,60,1789862400000,1.4102,1.4107,1.4039,1.4059,8273668.4,11640808.65427,1
BYBIT,XRPUSDT,60,1789866000000,1.4059,1.4066,1.3954,1.4002,12169147.5,17035836.32612,1
BYBIT,XRPUSDT,60,1789869600000,1.4002,1.4064,1.3671,1.3703,40898254.2,56601569.75015,1
BYBIT,XRPUSDT,60,1789873200000,1.3703,1.3855,1.3673,1.3819,18554051.8,25546103.75305,1
BYBIT,XRPUSDT,60,1789876800000,1.3819,1.3849,1.3769,1.3806,7041729.5,9722794.94502,1
BYBIT,XRPUSDT,60,1789880400000,1.3806,1.3851,1.3783,1.3822,6329960.7,8742074.53989,1
BYBIT,XRPUSDT,60,1789884000000,1.3822,1.3844,1.377,1.3803,5988696.2,8269291.80042,1
BYBIT,XRPUSDT,60,1789887600000,1.3803,1.3847,1.3787,1.3792,3263578.7,4508315.48865,1
BYBIT,XRPUSDT,60,1789891200000,1.3792,1.3832,1.3731,1.3765,7782852.9,10727852.92779,1
BYBIT,XRPUSDT,60,1789894800000,1.3765,1.3899,1.3762,1.3823,9768917.6,13523024.31953,1
BYBIT,XRPUSDT,60,1789898400000,1.3823,1.3839,1.3733,1.3759,8779023.1,12089988.61254,1
BYBIT,XRPUSDT,60,1789902000000,1.3759,1.381,1.3734,1.3801,7143484.0,9837644.98578,1
BYBIT,XRPUSDT,60,1789905600000,1.3801,1.3832,1.3723,1.3792,9175199.2,12637690.21894,1
BYBIT,XRPUSDT,60,1789909200000,1.3792,1.3831,1.3737,1.3768,7295891.4,10055250.84924,1
BYBIT,XRPUSDT,60,1789912800000,1.3768,1.3833,1.3725,1.3785,7724007.0,10650458.00377,1
BYBIT,XRPUSDT,60,1789916400000,1.3785,1.3914,1.3785,1.3904,17695024.2,24519496.70073,1
BYBIT,XRPUSDT,60,1789920000000,1.3904,1.4174,1.3867,1.4098,34024299.7,47778574.14335,1
BYBIT,XRPUSDT,60,1789923600000,1.4098,1.4136,1.3978,1.4024,15597942.0,21915562.01469,1
BYBIT,XRPUSDT,60,1789927200000,1.4024,1.412,1.3976,1.4034,8117697.8,11409482.82921,1
BYBIT,XRPUSDT,60,1789930800000,1.4034,1.4135,1.4002,1.4089,8698297.3,12244734.82419,1
BYBIT,XRPUSDT,60,1789934400000,1.4089,1.4122,1.4053,1.406,7936045.8,11182462.95913,1
BYBIT,XRPUSDT,60,1789938000000,1.406,1.4061,1.3908,1.402,13482202.7,18851782.16537,1
BYBIT,XRPUSDT,60,1789941600000,1.402,1.4127,1.3972,1.4097,12626811.8,17781107.63612,1
BYBIT,XRPUSDT,60,1789945200000,1.4097,1.4166,1.4072,1.4103,8853137.6,12497458.34815,1
BYBIT,XRPUSDT,60,1789948800000,1.4103,1.4326,1.4098,1.4252,23431631.6,33390848.15351,1
BYBIT,XRPUSDT,60,1789952400000,1.4252,1.4398,1.403,1.4074,24558591.1,34850925.84119,1
BYBIT,XRPUSDT,60,1789956000000,1.4074,1.4208,1.4043,1.4153,9711230.7,13722319.3843,1
BYBIT,XRPUSDT,60,1789959600000,1.4153,1.4253,1.415,1.4225,6152855.9,8740390.81315,1
BYBIT,XRPUSDT,60,1789963200000,1.4225,1.4237,1.4139,1.4186,9809080.8,13910446.97001,1
BYBIT,XRPUSDT,60,1789966800000,1.4186,1.4382,1.4153,1.4298,15880538.2,22684807.53373,1
BYBIT,XRPUSDT,60,1789970400000,1.4298,1.4433,1.4236,1.4362,19536294.5,28021718.77312,1
BYBIT,XRPUSDT,60,1789974000000,1.4362,1.4451,1.4301,1.4383,19869280.1,28567241.17167,1
BYBIT,XRPUSDT,60,1789977600000,1.4383,1.4872,1.4376,1.4759,56623634.0,82896539.06384,1
BYBIT,XRPUSDT,60,1789981200000,1.4759,1.4871,1.4702,1.4744,32513889.3,48009509.11696,1
BYBIT,XRPUSDT,60,1789984800000,1.4744,1.4959,1.469,1.4905,38974064.7,57884243.77639,1
BYBIT,XRPUSDT,60,1789988400000,1.4905,1.4981,1.484,1.4856,26263758.0,39186884.80341,1
BYBIT,XRPUSDT,60,1789992000000,1.4856,1.4968,1.4832,1.4873,22138907.6,32979475.83329,1
BYBIT,XRPUSDT,60,1789995600000,1.4873,1.4976,1.4711,1.4899,38915004.3,57755036.3014,1
BYBIT,XRPUSDT,60,1789999200000,1.4899,1.5069,1.4747,1.4968,33447516.2,49912207.1099,1
BYBIT,XRPUSDT,60,1790002800000,1.4968,1.5089,1.4829,1.4947,35708079.6,53387692.13005,1
BYBIT,XRPUSDT,60,1790006400000,1.4947,1.5039,1.4798,1.4885,17801840.3,26559272.30616,1
BYBIT,XRPUSDT,60,1790010000000,1.4885,1.4994,1.487,1.4951,15521438.3,23188792.25171,1
BYBIT,XRPUSDT,60,1790013600000,1.4951,1.516,1.4912,1.5092,29953412.0,45129831.82906,1
BYBIT,XRPUSDT,60,1790017200000,1.5092,1.5097,1.4966,1.5074,15915852.8,23920541.06896,1
BYBIT,XRPUSDT,60,1790020800000,1.5074,1.5375,1.5031,1.5331,34499604.4,52550218.94444,1
BYBIT,XRPUSDT,60,1790024400000,1.5331,1.5562,1.5174,1.55,32140869.5,49332142.90768,1
BYBIT,XRPUSDT,60,1790028000000,1.55,1.5748,1.5449,1.5557,43515155.7,67780023.08113,1
BYBIT,XRPUSDT,60,1790031600000,1.5557,1.5697,1.526,1.5362,24686647.7,38159232.65345,1
BYBIT,XRPUSDT,60,1790035200000,1.5362,1.5406,1.518,1.5217,15554681.3,23819895.7478,1
BYBIT,XRPUSDT,60,1790038800000,1.5217,1.5233,1.5043,1.5119,24289549.2,36763728.922,1
BYBIT,XRPUSDT,60,1790042400000,1.5119,1.5265,1.5078,1.5151,12090555.3,18351753.24206,1
BYBIT,XRPUSDT,60,1790046000000,1.5151,1.5221,1.5098,1.5159,11242409.8,17033190.35203,1
BYBIT,XRPUSDT,60,1790049600000,1.5159,1.5268,1.5084,1.5116,16384660.1,24862642.1935,1
BYBIT,XRPUSDT,60,1790053200000,1.5116,1.5177,1.4911,1.5133,27623069.4,41563346.00836,1
BYBIT,XRPUSDT,60,1790056800000,1.5133,1.5255,1.511,1.5189,14087459.3,21390239.96105,1
BYBIT,XRPUSDT,60,1790060400000,1.5189,1.5251,1.51,1.5181,10084737.2,15306428.93974,1
BYBIT,XRPUSDT,60,1790064000000,1.5181,1.554,1.5136,1.5463,27186387.9,41692159.80183,1
BYBIT,XRPUSDT,60,1790067600000,1.5463,1.5478,1.5266,1.5414,23133614.2,35556703.07255,1
BYBIT,XRPUSDT,60,1790071200000,1.5414,1.5414,1.5196,1.5313,14258670.4,21794049.51153,1
