exchange,symbol,interval,open_time_ms,open,high,low,close,volume_base,turnover_quote,is_closed
BYBIT,DOGEUSDT,60,1769342400000,0.12328,0.12328,0.12274,0.12319,16650420.0,2047167.60722,1
BYBIT,DOGEUSDT,60,1769346000000,0.12319,0.12331,0.12281,0.12318,14969933.0,1843116.89035,1
BYBIT,DOGEUSDT,60,1769349600000,0.12318,0.12324,0.12165,0.12207,86614030.0,10583613.89243,1
BYBIT,DOGEUSDT,60,1769353200000,0.12207,0.12266,0.1219,0.12221,34926834.0,4270596.86537,1
BYBIT,DOGEUSDT,60,1769356800000,0.12221,0.12221,0.11961,0.1208,224612122.0,27091900.55129,1
BYBIT,DOGEUSDT,60,1769360400000,0.1208,0.12114,0.12026,0.12067,45110792.0,5447675.37759,1
BYBIT,DOGEUSDT,60,1769364000000,0.12067,0.12086,0.11923,0.12011,173791602.0,20835353.44327,1
BYBIT,DOGEUSDT,60,1769367600000,0.12011,0.12033,0.11751,0.11866,202554177.0,24065632.9281,1
BYBIT,DOGEUSDT,60,1769371200000,0.11866,0.1193,0.11775,0.1183,90602286.0,10728356.68607,1
BYBIT,DOGEUSDT,60,1769374800000,0.1183,0.1196,0.11826,0.11952,61637099.0,7334351.51886,1
BYBIT,DOGEUSDT,60,1769378400000,0.11952,0.11955,0.11848,0.11906,43063854.0,5119593.57487,1
BYBIT,DOGEUSDT,60,1769382000000,0.11906,0.11959,0.11842,0.11939,47791164.0,5697965.54853,1
BYBIT,DOGEUSDT,60,1769385600000,0.11939,0.1207,0.11916,0.12062,48538070.0,5823221.06521,1
BYBIT,DOGEUSDT,60,1769389200000,0.12062,0.12277,0.12061,0.12245,134738882.0,16441572.2496,1
BYBIT,DOGEUSDT,60,1769392800000,0.12245,0.12252,0.12154,0.12178,34891588.0,4255786.15764,1
BYBIT,DOGEUSDT,60,1769396400000,0.12178,0.12217,0.12098,0.12128,30193343.0,3670314.0042,1
BYBIT,DOGEUSDT,60,1769400000000,0.12128,0.12292,0.12128,0.12201,54989638.0,6721271.78562,1
BYBIT,DOGEUSDT,60,1769403600000,0.12201,0.12207,0.12141,0.12155,37626200.0,4577586.30301,1
BYBIT,DOGEUSDT,60,1769407200000,0.12155,0.12175,0.12122,0.1216,23879180.0,2899486.83447,1
BYBIT,DOGEUSDT,60,1769410800000,0.1216,0.12197,0.12139,0.12166,32383969.0,3939504.10575,1
BYBIT,DOGEUSDT,60,1769414400000,0.12166,0.12255,0.1213,0.12171,49634377.0,6052307.04475,1
BYBIT,DOGEUSDT,60,1769418000000,0.12171,0.12177,0.12061,0.12069,40869562.0,4947987.94214,1
BYBIT,DOGEUSDT,60,1769421600000,0.12069,0.12134,0.12066,0.12116,26000055.0,3149279.28974,1
BYBIT,DOGEUSDT,60,1769425200000,0.12116,0.12152,0.12059,0.12098,51609163.0,6241796.40236,1
BYBIT,DOGEUSDT,60,1769428800000,0.12098,0.12151,0.12098,0.1213,31599479.0,3833027.65275,1
BYBIT,DOGEUSDT,60,1769432400000,0.1213,0.12195,0.12117,0.12165,38490117.0,4681323.31599,1
BYBIT,DOGEUSDT,60,1769436000000,0.12165,0.12328,0.12104,0.12272,185230028.0,22624375.40708,1
BYBIT,DOGEUSDT,60,1769439600000,0.12272,0.12381,0.12164,0.12219,182819160.0,22443130.69191,1
BYBIT,DOGEUSDT,60,1769443200000,0.12219,0.12324,0.1221,0.12261,72254381.0,8863742.46507,1
BYBIT,DOGEUSDT,60,1769446800000,0.12261,0.12299,0.12136,0.12225,84264473.0,10283209.38411,1
BYBIT,DOGEUSDT,60,1769450400000,0.12225,0.12344,0.12212,0.12287,66703962.0,8189525.95738,1
BYBIT,DOGEUSDT,60,1769454000000,0.12287,0.12322,0.12211,0.12232,30406634.0,3729958.60329,1
BYBIT,DOGEUSDT,60,1769457600000,0.12232,0.12239,0.12146,0.12167,28011703.0,3414998.00902,1
BYBIT,DOGEUSDT,60,1769461200000,0.12167,0.12305,0.12147,0.12244,57331816.0,7023454.8855,1
BYBIT,DOGEUSDT,60,1769464800000,0.12244,0.12292,0.12232,0.12245,35054130.0,4297527.71111,1
BYBIT,DOGEUSDT,60,1769468400000,0.12245,0.12282,0.1221,0.12229,20791945.0,2545877.9629,1
BYBIT,DOGEUSDT,60,1769472000000,0.12229,0.12242,0.12195,0.12218,17717060.0,2164666.42251,1
BYBIT,DOGEUSDT,60,1769475600000,0.12218,0.12284,0.12187,0.1225,21192453.0,2592831.81616,1
BYBIT,DOGEUSDT,60,1769479200000,0.1225,0.12317,0.1225,0.12313,19887179.0,2443326.41223,1
BYBIT,DOGEUSDT,60,1769482800000,0.12313,0.12329,0.12266,0.12278,14130579.0,1736616.17593,1
BYBIT,DOGEUSDT,60,1769486400000,0.12278,0.12342,0.12244,0.12276,16914878.0,2077522.73911,1
BYBIT,DOGEUSDT,60,1769490000000,0.12276,0.12287,0.12234,0.12257,25383819.0,3112332.84579,1
BYBIT,DOGEUSDT,60,1769493600000,0.12257,0.12263,0.1219,0.12211,31600795.0,3861804.64272,1
BYBIT,DOGEUSDT,60,1769497200000,0.12211,0.12241,0.12201,0.12211,13998905.0,1710903.75536,1
BYBIT,DOGEUSDT,60,1769500800000,0.12211,0.12237,0.122,0.12215,14456019.0,1766560.0498,1
BYBIT,DOGEUSDT,60,1769504400000,0.12215,0.12222,0.12173,0.12191,22865174.0,2788609.75043,1
BYBIT,DOGEUSDT,60,1769508000000,0.12191,0.12205,0.12161,0.12183,19529727.0,2379642.20786,1
BYBIT,DOGEUSDT,60,1769511600000,0.12183,0.12262,0.12158,0.1223,24874128.0,3036410.15641,1
BYBIT,DOGEUSDT,60,1769515200000,0.1223,0.12276,0.12191,0.12201,26468789.0,3238540.29829,1
BYBIT,DOGEUSDT,60,1769518800000,0.12201,0.12223,0.12117,0.12154,56456015.0,6861333.99017,1
BYBIT,DOGEUSDT,60,1769522400000,0.12154,0.12272,0.12147,0.12181,56679062.0,6919977.6285,1
BYBIT,DOGEUSDT,60,1769526000000,0.12181,0.12297,0.12166,0.12292,45698997.0,5588291.49445,1
BYBIT,DOGEUSDT,60,1769529600000,0.12292,0.1256,0.12286,0.12491,188401353.0,23486062.95755,1
BYBIT,DOGEUSDT,60,1769533200000,0.12491,0.12495,0.12168,0.12212,163770113.0,20073016.1852,1
BYBIT,DOGEUSDT,60,1769536800000,0.12212,0.12464,0.12189,0.12418,66362021.0,8168563.45138,1
BYBIT,DOGEUSDT,60,1769540400000,0.12418,0.12454,0.12372,0.12428,53570179.0,6653737.99281,1
BYBIT,DOGEUSDT,60,1769544000000,0.12428,0.12599,0.12426,0.12579,75337344.0,9444845.90443,1
BYBIT,DOGEUSDT,60,1769547600000,0.12579,0.12609,0.12504,0.12523,34421182.0,4320606.28243,1
BYBIT,DOGEUSDT,60,1769551200000,0.12523,0.12657,0.12522,0.12608,42502337.0,5355553.81317,1
BYBIT,DOGEUSDT,60,1769554800000,0.12608,0.1265,0.12588,0.12612,19825077.0,2501091.66452,1
BYBIT,DOGEUSDT,60,1769558400000,0.12612,0.12634,0.12539,0.1258,37727955.0,4746521.91932,1
BYBIT,DOGEUSDT,60,1769562000000,0.1258,0.12585,0.12493,0.12513,23263394.0,2916529.20475,1
BYBIT,DOGEUSDT,60,1769565600000,0.12513,0.12513,0.12456,0.1249,22743328.0,2836366.33838,1
BYBIT,DOGEUSDT,60,1769569200000,0.1249,0.12501,0.12415,0.12446,24697212.0,3073893.3122,1
BYBIT,DOGEUSDT,60,1769572800000,0.12446,0.12458,0.12387,0.12437,25988747.0,3227925.10312,1
BYBIT,DOGEUSDT,60,1769576400000,0.12437,0.12532,0.12426,0.12518,36029600.0,4497607.09807,1
BYBIT,DOGEUSDT,60,1769580000000,0.12518,0.126,0.12488,0.12588,21130647.0,2649099.64591,1
BYBIT,DOGEUSDT,60,1769583600000,0.12588,0.12598,0.12526,0.12546,19209491.0,2411379.78936,1
BYBIT,DOGEUSDT,60,1769587200000,0.12546,0.12597,0.1254,0.12556,20536157.0,2579935.76743,1
BYBIT,DOGEUSDT,60,1769590800000,0.12556,0.1273,0.12543,0.1271,55977322.0,7083579.68142,1
BYBIT,DOGEUSDT,60,1769594400000,0.1271,0.12766,0.12625,0.12644,67709592.0,8593848.57804,1
BYBIT,DOGEUSDT,60,1769598000000,0.12644,0.12721,0.12604,0.12709,39656289.0,5019352.73442,1
BYBIT,DOGEUSDT,60,1769601600000,0.12709,0.12712,0.12593,0.12631,40953775.0,5180042.99501,1
BYBIT,DOGEUSDT,60,1769605200000,0.12631,0.12665,0.12583,0.12599,34106482.0,4305037.43987,1
BYBIT,DOGEUSDT,60,1769608800000,0.12599,0.126,0.12479,0.12515,106805156.0,13394249.90586,1
BYBIT,DOGEUSDT,60,1769612400000,0.12515,0.12549,0.12379,0.12455,68420261.0,8511063.48271,1
BYBIT,DOGEUSDT,60,1769616000000,0.12455,0.12512,0.12405,0.12441,32144498.0,4001167.51797,1
BYBIT,DOGEUSDT,60,1769619600000,0.12441,0.12575,0.1236,0.12516,43648352.0,5438623.75515,1
BYBIT,DOGEUSDT,60,1769623200000,0.12516,0.12517,0.12417,0.12468,42336701.0,5276965.07908,1
BYBIT,DOGEUSDT,60,1769626800000,0.12468,0.12556,0.12438,0.1252,73567652.0,9188304.46061,1
BYBIT,DOGEUSDT,60,1769630400000,0.1252,0.12623,0.12481,0.12491,52786666.0,6624913.69379,1
BYBIT,DOGEUSDT,60,1769634000000,0.12491,0.12567,0.12421,0.12545,40162438.0,5017927.5674,1
BYBIT,DOGEUSDT,60,1769637600000,0.12545,0.12562,0.12466,0.12542,20647487.0,2583838.24294,1
BYBIT,DOGEUSDT,60,1769641200000,0.12542,0.12562,0.12469,0.12495,18419964.0,2304082.31483,1
BYBIT,DOGEUSDT,60,1769644800000,0.12495,0.1252,0.12402,0.12449,29454868.0,3664759.91071,1
BYBIT,DOGEUSDT,60,1769648400000,0.12449,0.1247,0.12307,0.12332,53624365.0,6633374.01562,1
BYBIT,DOGEUSDT,60,1769652000000,0.12332,0.12376,0.12177,0.12218,118307201.0,14494048.02519,1
BYBIT,DOGEUSDT,60,1769655600000,0.12218,0.12292,0.12179,0.12215,37372400.0,4573248.40469,1
BYBIT,DOGEUSDT,60,1769659200000,0.12215,0.12218,0.12124,0.12186,38947037.0,4740443.13406,1
BYBIT,DOGEUSDT,60,1769662800000,0.12186,0.12231,0.12166,0.12179,38917789.0,4747740.11951,1
BYBIT,DOGEUSDT,60,1769666400000,0.12179,0.12205,0.12162,0.12202,21633129.0,2636283.75534,1
BYBIT,DOGEUSDT,60,1769670000000,0.12202,0.12222,0.12184,0.12194,22729568.0,2773292.77757,1
BYBIT,DOGEUSDT,60,1769673600000,0.12194,0.12231,0.1215,0.12171,51484128.0,6268434.23224,1
BYBIT,DOGEUSDT,60,1769677200000,0.12171,0.12192,0.12148,0.12149,25247916.0,3072851.88656,1
BYBIT,DOGEUSDT,60,1769680800000,0.12149,0.12159,0.12056,0.12106,64015146.0,7747229.77451,1
BYBIT,DOGEUSDT,60,1769684400000,0.12106,0.12134,0.12074,0.12108,29928762.0,3621404.86557,1
BYBIT,DOGEUSDT,60,1769688000000,0.12108,0.1211,0.1203,0.12072,27382094.0,3305706.99952,1
BYBIT,DOGEUSDT,60,1769691600000,0.12072,0.12103,0.12069,0.12095,15483994.0,1872046.07774,1
BYBIT,DOGEUSDT,60,1769695200000,0.12095,0.12103,0.11857,0.11865,123036052.0,14723803.25515,1
BYBIT,DOGEUSDT,60,1769698800000,0.11865,0.11871,0.11519,0.1161,449599539.0,52424835.61861,1
BYBIT,DOGEUSDT,60,1769702400000,0.1161,0.11706,0.11519,0.11701,175228731.0,20347375.22205,1
BYBIT,DOGEUSDT,60,1769706000000,0.11701,0.11876,0.11651,0.11659,135556427.0,15956543.04136,1
BYBIT,DOGEUSDT,60,1769709600000,0.11659,0.11682,0.11429,0.11457,236909911.0,27332518.6584,1
BYBIT,DOGEUSDT,60,1769713200000,0.11457,0.11598,0.11445,0.11548,108162472.0,12464580.11533,1
BYBIT,DOGEUSDT,60,1769716800000,0.11548,0.11636,0.11518,0.11614,51581960.0,5974165.81577,1
BYBIT,DOGEUSDT,60,1769720400000,0.11614,0.11697,0.11614,0.11673,65658058.0,7652722.27501,1
BYBIT,DOGEUSDT,60,1769724000000,0.11673,0.11712,0.11658,0.11695,57044364.0,6666423.9587,1
BYBIT,DOGEUSDT,60,1769727600000,0.11695,0.1173,0.11646,0.11718,24124442.0,2819110.71816,1
BYBIT,DOGEUSDT,60,1769731200000,0.11718,0.11761,0.11685,0.11696,32244469.0,3778104.28807,1
BYBIT,DOGEUSDT,60,1769734800000,0.11696,0.11721,0.1119,0.11533,462873660.0,52880300.27683,1
BYBIT,DOGEUSDT,60,1769738400000,0.11533,0.1154,0.11301,0.1143,108592219.0,12406306.89485,1
BYBIT,DOGEUSDT,60,1769742000000,0.1143,0.11499,0.11393,0.11418,54569821.0,6250980.64808,1
BYBIT,DOGEUSDT,60,1769745600000,0.11418,0.11555,0.11417,0.11482,72844760.0,8369355.58017,1
BYBIT,DOGEUSDT,60,1769749200000,0.11482,0.11518,0.11458,0.11475,28227711.0,3240958.36555,1
BYBIT,DOGEUSDT,60,1769752800000,0.11475,0.11479,0.11213,0.11288,143296211.0,16222527.92552,1
BYBIT,DOGEUSDT,60,1769756400000,0.11288,0.11489,0.11288,0.11445,105745228.0,12067255.92942,1
BYBIT,DOGEUSDT,60,1769760000000,0.11445,0.1147,0.11347,0.11397,43477365.0,4959365.24057,1
BYBIT,DOGEUSDT,60,1769763600000,0.11397,0.11422,0.11292,0.11341,81839604.0,9284580.9052,1
BYBIT,DOGEUSDT,60,1769767200000,0.11341,0.1139,0.1131,0.11385,27674819.0,3142356.28831,1
BYBIT,DOGEUSDT,60,1769770800000,0.11385,0.11585,0.11375,0.11546,53493389.0,6137088.22612,1
BYBIT,DOGEUSDT,60,1769774400000,0.11546,0.11569,0.11461,0.11489,39098572.0,4498609.37013,1
BYBIT,DOGEUSDT,60,1769778000000,0.11489,0.11518,0.11366,0.11452,87244070.0,9979915.92082,1
BYBIT,DOGEUSDT,60,1769781600000,0.11452,0.11643,0.11452,0.11569,98120603.0,11330101.651,1
BYBIT,DOGEUSDT,60,1769785200000,0.11569,0.11654,0.11404,0.11598,124385011.0,14354884.95935,1
BYBIT,DOGEUSDT,60,1769788800000,0.11598,0.11707,0.11534,0.11618,112761615.0,13102595.59634,1
BYBIT,DOGEUSDT,60,1769792400000,0.11618,0.11713,0.11547,0.11622,68938706.0,8022179.83572,1
BYBIT,DOGEUSDT,60,1769796000000,0.11622,0.11819,0.11343,0.11763,245038599.0,28329978.00065,1
BYBIT,DOGEUSDT,60,1769799600000,0.11763,0.11864,0.11744,0.11769,144112224.0,17015349.7734,1
BYBIT,DOGEUSDT,60,1769803200000,0.11769,0.11771,0.11512,0.11573,211973923.0,24655851.84547,1
BYBIT,DOGEUSDT,60,1769806800000,0.11573,0.11685,0.11566,0.11637,74318150.0,8635171.5329,1
BYBIT,DOGEUSDT,60,1769810400000,0.11637,0.11664,0.11543,0.11606,34726234.0,4025587.48587,1
BYBIT,DOGEUSDT,60,1769814000000,0.11606,0.11619,0.11528,0.11573,27793453.0,3214521.24626,1
BYBIT,DOGEUSDT,60,1769817600000,0.11573,0.11584,0.11513,0.11535,19111088.0,2207407.65007,1
BYBIT,DOGEUSDT,60,1769821200000,0.11535,0.11584,0.11519,0.11558,13935276.0,1609637.97032,1
BYBIT,DOGEUSDT,60,1769824800000,0.11558,0.11559,0.11471,0.11527,24947846.0,2870661.60342,1
BYBIT,DOGEUSDT,60,1769828400000,0.11527,0.11547,0.11499,0.11511,8583117.0,989171.17836,1
BYBIT,DOGEUSDT,60,1769832000000,0.11511,0.11543,0.1146,0.11475,21516721.0,2476380.98906,1
BYBIT,DOGEUSDT,60,1769835600000,0.11475,0.11475,0.1143,0.11463,24934342.0,2856796.49837,1
BYBIT,DOGEUSDT,60,1769839200000,0.11463,0.11466,0.11332,0.11385,49098526.0,5585235.23732,1
BYBIT,DOGEUSDT,60,1769842800000,0.11385,0.11399,0.112,0.11273,77100625.0,8696105.74204,1
BYBIT,DOGEUSDT,60,1769846400000,0.11273,0.11299,0.11014,0.11153,241564390.0,26896838.40002,1
BYBIT,DOGEUSDT,60,1769850000000,0.11153,0.11256,0.11133,0.11197,69387613.0,7769325.53309,1
BYBIT,DOGEUSDT,60,1769853600000,0.11197,0.11247,0.11147,0.11192,41157543.0,4606918.81544,1
BYBIT,DOGEUSDT,60,1769857200000,0.11192,0.11205,0.11139,0.11181,25278254.0,2824284.16235,1
BYBIT,DOGEUSDT,60,1769860800000,0.11181,0.11181,0.111,0.11127,46379228.0,5166510.30768,1
BYBIT,DOGEUSDT,60,1769864400000,0.11127,0.11136,0.11012,0.11079,77389525.0,8567810.26607,1
BYBIT,DOGEUSDT,60,1769868000000,0.11079,0.11116,0.10477,0.10688,603732270.0,64862912.98567,1
BYBIT,DOGEUSDT,60,1769871600000,0.10688,0.10811,0.1065,0.1067,155819293.0,16711216.54348,1
BYBIT,DOGEUSDT,60,1769875200000,0.1067,0.10804,0.1046,0.10523,328414557.0,34900336.90879,1
BYBIT,DOGEUSDT,60,1769878800000,0.10523,0.10556,0.09862,0.10204,884721313.0,90121285.50214,1
BYBIT,DOGEUSDT,60,1769882400000,0.10204,0.10253,0.09446,0.10146,970439999.0,96586451.11893,1
BYBIT,DOGEUSDT,60,1769886000000,0.10146,0.10289,0.10123,0.10175,272016844.0,27731531.3045,1
BYBIT,DOGEUSDT,60,1769889600000,0.10175,0.10267,0.10046,0.10167,129412459.0,13109106.03134,1
BYBIT,DOGEUSDT,60,1769893200000,0.10167,0.10293,0.10089,0.10266,132224574.0,13483235.69054,1
BYBIT,DOGEUSDT,60,1769896800000,0.10266,0.10281,0.10165,0.10236,50678526.0,5176958.52419,1
BYBIT,DOGEUSDT,60,1769900400000,0.10236,0.1047,0.10232,0.10418,119120172.0,12361675.61012,1
BYBIT,DOGEUSDT,60,1769904000000,0.10418,0.10517,0.10398,0.10482,88573396.0,9277290.51846,1
BYBIT,DOGEUSDT,60,1769907600000,0.10482,0.10491,0.10351,0.10481,60987238.0,6357745.55315,1
BYBIT,DOGEUSDT,60,1769911200000,0.10481,0.10554,0.10461,0.10505,33702408.0,3542437.61354,1
BYBIT,DOGEUSDT,60,1769914800000,0.10505,0.10525,0.10453,0.10485,23570471.0,2471913.40272,1
BYBIT,DOGEUSDT,60,1769918400000,0.10485,0.10549,0.10482,0.10504,24881346.0,2616777.22666,1
BYBIT,DOGEUSDT,60,1769922000000,0.10504,0.10537,0.10451,0.1047,37334015.0,3914744.22016,1
BYBIT,DOGEUSDT,60,1769925600000,0.1047,0.10557,0.10455,0.10492,35986443.0,3782549.52303,1
BYBIT,DOGEUSDT,60,1769929200000,0.10492,0.10637,0.10439,0.10574,86090815.0,9082240.45181,1
BYBIT,DOGEUSDT,60,1769932800000,0.10574,0.10648,0.10523,0.10589,51817398.0,5484360.9387,1
BYBIT,DOGEUSDT,60,1769936400000,0.10589,0.10653,0.10533,0.10634,76651461.0,8112104.55174,1
BYBIT,DOGEUSDT,60,1769940000000,0.10634,0.10637,0.10447,0.1046,95381334.0,10036556.96933,1
BYBIT,DOGEUSDT,60,1769943600000,0.1046,0.10607,0.10458,0.10582,58292403.0,6139467.16636,1
BYBIT,DOGEUSDT,60,1769947200000,0.10582,0.10623,0.10517,0.10571,48866425.0,5163721.67959,1
BYBIT,DOGEUSDT,60,1769950800000,0.10571,0.10677,0.10523,0.1056,46942862.0,4976320.48059,1
BYBIT,DOGEUSDT,60,1769954400000,0.1056,0.10631,0.10384,0.10526,190314978.0,19989421.79664,1
BYBIT,DOGEUSDT,60,1769958000000,0.10526,0.10537,0.10251,0.10403,185824792.0,19265501.72214,1
BYBIT,DOGEUSDT,60,1769961600000,0.10403,0.10515,0.103,0.1039,124639797.0,12956694.451,1
BYBIT,DOGEUSDT,60,1769965200000,0.1039,0.10417,0.10293,0.10413,91783737.0,9499843.04652,1
BYBIT,DOGEUSDT,60,1769968800000,0.10413,0.10626,0.10413,0.10542,150309227.0,15846175.09126,1
BYBIT,DOGEUSDT,60,1769972400000,0.10542,0.10567,0.10349,0.1041,76897552.0,8036945.49896,1
BYBIT,DOGEUSDT,60,1769976000000,0.1041,0.10571,0.10306,0.10453,88483882.0,9231375.19468,1
BYBIT,DOGEUSDT,60,1769979600000,0.10453,0.10465,0.10314,0.10373,91057787.0,9446011.62955,1
BYBIT,DOGEUSDT,60,1769983200000,0.10373,0.10571,0.10358,0.10463,85058822.0,8895449.21492,1
BYBIT,DOGEUSDT,60,1769986800000,0.10463,0.10572,0.101,0.10423,400028292.0,41271584.77976,1
BYBIT,DOGEUSDT,60,1769990400000,0.10423,0.10606,0.10317,0.10507,96244081.0,10110102.80155,1
BYBIT,DOGEUSDT,60,1769994000000,0.10507,0.10624,0.1033,0.10503,127922368.0,13403341.22995,1
BYBIT,DOGEUSDT,60,1769997600000,0.10503,0.10547,0.10354,0.10379,64011008.0,6685798.91197,1
BYBIT,DOGEUSDT,60,1770001200000,0.10379,0.10397,0.09974,0.10333,411575758.0,41706412.99927,1
BYBIT,DOGEUSDT,60,1770004800000,0.10333,0.10511,0.10175,0.1034,125096656.0,12939159.46291,1
BYBIT,DOGEUSDT,60,1770008400000,0.1034,0.10343,0.09987,0.10079,167565445.0,16924567.93405,1
BYBIT,DOGEUSDT,60,1770012000000,0.10079,0.10434,0.09945,0.10298,405910121.0,41356376.8368,1
BYBIT,DOGEUSDT,60,1770015600000,0.10298,0.10418,0.10262,0.10302,126568836.0,13082479.22579,1
BYBIT,DOGEUSDT,60,1770019200000,0.10302,0.10439,0.10301,0.10383,59926386.0,6222406.08263,1
BYBIT,DOGEUSDT,60,1770022800000,0.10383,0.10517,0.10307,0.10451,113012113.0,11771341.85848,1
BYBIT,DOGEUSDT,60,1770026400000,0.10451,0.10521,0.10436,0.10483,82105787.0,8598470.41616,1
BYBIT,DOGEUSDT,60,1770030000000,0.10483,0.10542,0.10471,0.10483,54547437.0,5729622.77089,1
BYBIT,DOGEUSDT,60,1770033600000,0.10483,0.10667,0.10482,0.10603,153028633.0,16212941.80547,1
BYBIT,DOGEUSDT,60,1770037200000,0.10603,0.10685,0.10575,0.10653,56830619.0,6041760.10012,1
BYBIT,DOGEUSDT,60,1770040800000,0.10653,0.10862,0.10557,0.1074,328535512.0,35317237.73084,1
BYBIT,DOGEUSDT,60,1770044400000,0.1074,0.11052,0.10715,0.10948,319880071.0,34910396.43038,1
BYBIT,DOGEUSDT,60,1770048000000,0.10948,0.10996,0.10834,0.10854,88796852.0,9686553.67055,1
BYBIT,DOGEUSDT,60,1770051600000,0.10854,0.10917,0.10796,0.10845,61152196.0,6638761.6018,1
BYBIT,DOGEUSDT,60,1770055200000,0.10845,0.10887,0.10768,0.10824,55681363.0,6027823.46521,1
BYBIT,DOGEUSDT,60,1770058800000,0.10824,0.10852,0.10724,0.10729,47021172.0,5073478.03031,1
BYBIT,DOGEUSDT,60,1770062400000,0.10729,0.10782,0.10692,0.10739,71752802.0,7702641.80513,1
BYBIT,DOGEUSDT,60,1770066000000,0.10739,0.10829,0.10736,0.10812,36649389.0,3955491.95859,1
BYBIT,DOGEUSDT,60,1770069600000,0.10812,0.1086,0.10812,0.10851,40559724.0,4395209.37112,1
BYBIT,DOGEUSDT,60,1770073200000,0.10851,0.10857,0.10771,0.10784,27569782.0,2980299.74611,1
BYBIT,DOGEUSDT,60,1770076800000,0.10784,0.10819,0.10732,0.10812,57579510.0,6203422.01543,1
BYBIT,DOGEUSDT,60,1770080400000,0.10812,0.10813,0.10721,0.10778,16885954.0,1817115.21709,1
BYBIT,DOGEUSDT,60,1770084000000,0.10778,0.1078,0.10587,0.10598,71621314.0,7630776.00066,1
BYBIT,DOGEUSDT,60,1770087600000,0.10598,0.10761,0.10553,0.10737,82604790.0,8782987.34442,1
BYBIT,DOGEUSDT,60,1770091200000,0.10737,0.10828,0.10689,0.10777,55414141.0,5969404.20127,1
BYBIT,DOGEUSDT,60,1770094800000,0.10777,0.10784,0.10656,0.10661,51427049.0,5501419.21458,1
BYBIT,DOGEUSDT,60,1770098400000,0.10661,0.10694,0.10598,0.10683,55626603.0,5922828.23997,1
BYBIT,DOGEUSDT,60,1770102000000,0.10683,0.10896,0.10646,0.10816,109765120.0,11817029.51409,1
BYBIT,DOGEUSDT,60,1770105600000,0.10816,0.10895,0.10773,0.10786,83516892.0,9046415.44151,1
BYBIT,DOGEUSDT,60,1770109200000,0.10786,0.1082,0.10631,0.107,150136784.0,16072741.26452,1
BYBIT,DOGEUSDT,60,1770112800000,0.107,0.10756,0.10652,0.10676,43086203.0,4609717.4403,1
BYBIT,DOGEUSDT,60,1770116400000,0.10676,0.10699,0.10642,0.10658,38924188.0,4154333.91213,1
BYBIT,DOGEUSDT,60,1770120000000,0.10658,0.10826,0.10617,0.10777,90339823.0,9695593.49625,1
BYBIT,DOGEUSDT,60,1770123600000,0.10777,0.10841,0.10736,0.10826,35174102.0,3790664.18756,1
BYBIT,DOGEUSDT,60,1770127200000,0.10826,0.10849,0.10564,0.10576,128495508.0,13766726.37536,1
BYBIT,DOGEUSDT,60,1770130800000,0.10576,0.11052,0.10532,0.11013,418292760.0,45153433.27748,1
BYBIT,DOGEUSDT,60,1770134400000,0.11013,0.11017,0.10595,0.1064,298218646.0,32126349.70974,1
BYBIT,DOGEUSDT,60,1770138000000,0.1064,0.10666,0.10407,0.10418,180693299.0,19005077.23286,1
BYBIT,DOGEUSDT,60,1770141600000,0.10418,0.10507,0.10221,0.10241,251371346.0,25999919.60798,1
BYBIT,DOGEUSDT,60,1770145200000,0.10241,0.10693,0.10218,0.10635,251822879.0,26509551.87507,1
BYBIT,DOGEUSDT,60,1770148800000,0.10635,0.11051,0.10515,0.1092,282525183.0,30635979.65601,1
BYBIT,DOGEUSDT,60,1770152400000,0.1092,0.1097,0.10736,0.10764,139618842.0,15162361.2485,1
BYBIT,DOGEUSDT,60,1770156000000,0.10764,0.10771,0.10582,0.10626,77425079.0,8262454.92747,1
BYBIT,DOGEUSDT,60,1770159600000,0.10626,0.10632,0.10534,0.10593,100576636.0,10644115.66468,1
BYBIT,DOGEUSDT,60,1770163200000,0.10593,0.10689,0.10545,0.10644,38138283.0,4049331.82821,1
BYBIT,DOGEUSDT,60,1770166800000,0.10644,0.10809,0.10644,0.10776,44673776.0,4806429.14879,1
BYBIT,DOGEUSDT,60,1770170400000,0.10776,0.10782,0.10662,0.10711,36582063.0,3923805.28227,1
BYBIT,DOGEUSDT,60,1770174000000,0.10711,0.10941,0.10698,0.10885,69869618.0,7576651.88938,1
BYBIT,DOGEUSDT,60,1770177600000,0.10885,0.10911,0.10825,0.10835,31141593.0,3384415.92738,1
BYBIT,DOGEUSDT,60,1770181200000,0.10835,0.10856,0.10727,0.10766,52913280.0,5721403.76019,1
BYBIT,DOGEUSDT,60,1770184800000,0.10766,0.10875,0.10752,0.10839,54718065.0,5917481.60707,1
BYBIT,DOGEUSDT,60,1770188400000,0.10839,0.10883,0.10783,0.1084,40300676.0,4366299.03783,1
BYBIT,DOGEUSDT,60,1770192000000,0.1084,0.10868,0.10772,0.10848,25361983.0,2742884.64208,1
BYBIT,DOGEUSDT,60,1770195600000,0.10848,0.10848,0.10742,0.10777,46974598.0,5065181.67382,1
BYBIT,DOGEUSDT,60,1770199200000,0.10777,0.10807,0.10749,0.10766,38180314.0,4115435.52342,1
BYBIT,DOGEUSDT,60,1770202800000,0.10766,0.10774,0.10626,0.10724,95569705.0,10214310.4258,1
BYBIT,DOGEUSDT,60,1770206400000,0.10724,0.10772,0.10708,0.10731,34270597.0,3678285.61217,1
BYBIT,DOGEUSDT,60,1770210000000,0.10731,0.10746,0.10561,0.10569,106407684.0,11318931.10326,1
BYBIT,DOGEUSDT,60,1770213600000,0.10569,0.10653,0.10388,0.10408,183249453.0,19305860.59911,1
BYBIT,DOGEUSDT,60,1770217200000,0.10408,0.10526,0.10268,0.10335,234974407.0,24415483.10119,1
BYBIT,DOGEUSDT,60,1770220800000,0.10335,0.10424,0.10192,0.10316,205223148.0,21119687.10031,1
BYBIT,DOGEUSDT,60,1770224400000,0.10316,0.10379,0.10135,0.10283,170536942.0,17470614.33754,1
BYBIT,DOGEUSDT,60,1770228000000,0.10283,0.10476,0.10143,0.10357,203594443.0,20960826.76002,1
BYBIT,DOGEUSDT,60,1770231600000,0.10357,0.10549,0.10335,0.10529,91748086.0,9582942.56789,1
BYBIT,DOGEUSDT,60,1770235200000,0.10529,0.10542,0.1043,0.10445,45270797.0,4741073.6397,1
BYBIT,DOGEUSDT,60,1770238800000,0.10445,0.10478,0.10226,0.103,110219664.0,11389213.28192,1
BYBIT,DOGEUSDT,60,1770242400000,0.103,0.10475,0.10118,0.10278,160863723.0,16570878.03195,1
BYBIT,DOGEUSDT,60,1770246000000,0.10278,0.10462,0.10245,0.10377,131163910.0,13604482.85383,1
BYBIT,DOGEUSDT,60,1770249600000,0.10377,0.10401,0.10307,0.1035,35258746.0,3652289.89729,1
BYBIT,DOGEUSDT,60,1770253200000,0.1035,0.10473,0.10254,0.10355,136050111.0,14137544.83079,1
BYBIT,DOGEUSDT,60,1770256800000,0.10355,0.10434,0.10221,0.10246,119799595.0,12387859.31831,1
BYBIT,DOGEUSDT,60,1770260400000,0.10246,0.1036,0.10214,0.10253,96202808.0,9886791.84757,1
BYBIT,DOGEUSDT,60,1770264000000,0.10253,0.10314,0.10155,0.1022,120489724.0,12321915.67456,1
BYBIT,DOGEUSDT,60,1770267600000,0.1022,0.10356,0.10089,0.1023,187805014.0,19187316.7925,1
BYBIT,DOGEUSDT,60,1770271200000,0.1023,0.1025,0.10062,0.10111,122151822.0,12375720.74754,1
BYBIT,DOGEUSDT,60,1770274800000,0.10111,0.10277,0.10092,0.10111,97240369.0,9915172.12924,1
BYBIT,DOGEUSDT,60,1770278400000,0.10111,0.10273,0.10104,0.10177,66402546.0,6757968.05253,1
BYBIT,DOGEUSDT,60,1770282000000,0.10177,0.10293,0.10147,0.10162,68473129.0,6996904.32489,1
BYBIT,DOGEUSDT,60,1770285600000,0.10162,0.10167,0.09905,0.09946,157793328.0,15802529.54366,1
BYBIT,DOGEUSDT,60,1770289200000,0.09946,0.09975,0.0973,0.09867,208589460.0,20541158.77237,1
BYBIT,DOGEUSDT,60,1770292800000,0.09867,0.09912,0.09757,0.09846,185827629.0,18273461.73333,1
BYBIT,DOGEUSDT,60,1770296400000,0.09846,0.09929,0.09785,0.09821,127132899.0,12522894.67724,1
BYBIT,DOGEUSDT,60,1770300000000,0.09821,0.10047,0.09815,0.09844,259738356.0,25787168.38093,1
BYBIT,DOGEUSDT,60,1770303600000,0.09844,0.09873,0.09255,0.09413,878978761.0,83290039.80299,1
BYBIT,DOGEUSDT,60,1770307200000,0.09413,0.09539,0.09292,0.09419,355781363.0,33488088.59541,1
BYBIT,DOGEUSDT,60,1770310800000,0.09419,0.09456,0.09089,0.09188,391647766.0,36265703.09363,1
BYBIT,DOGEUSDT,60,1770314400000,0.09188,0.09273,0.0904,0.09245,238602287.0,21817666.0804,1
BYBIT,DOGEUSDT,60,1770318000000,0.09245,0.09278,0.09068,0.09112,138391941.0,12717395.52441,1
BYBIT,DOGEUSDT,60,1770321600000,0.09112,0.0918,0.08717,0.08902,744028821.0,66329863.40564,1
BYBIT,DOGEUSDT,60,1770325200000,0.08902,0.09123,0.08742,0.08832,426127567.0,38048320.92161,1
BYBIT,DOGEUSDT,60,1770328800000,0.08832,0.09063,0.08667,0.08956,292308893.0,25949663.69717,1
BYBIT,DOGEUSDT,60,1770332400000,0.08956,0.09125,0.08799,0.08843,271334945.0,24314393.43813,1
BYBIT,DOGEUSDT,60,1770336000000,0.08843,0.08879,0.07989,0.08755,1965070376.0,164592136.78232,1
BYBIT,DOGEUSDT,60,1770339600000,0.08755,0.09097,0.08716,0.09074,247329527.0,22061292.21908,1
BYBIT,DOGEUSDT,60,1770343200000,0.09074,0.09135,0.0887,0.08934,157296467.0,14102003.25405,1
BYBIT,DOGEUSDT,60,1770346800000,0.08934,0.09021,0.08912,0.08983,73272339.0,6562091.20273,1
BYBIT,DOGEUSDT,60,1770350400000,0.08983,0.09144,0.08945,0.09082,62099914.0,5625188.51402,1
BYBIT,DOGEUSDT,60,1770354000000,0.09082,0.09346,0.09069,0.09307,142949205.0,13178385.37538,1
BYBIT,DOGEUSDT,60,1770357600000,0.09307,0.0934,0.09119,0.09139,146673086.0,13517716.4277,1
BYBIT,DOGEUSDT,60,1770361200000,0.09139,0.09156,0.09037,0.09065,114484974.0,10406739.80766,1
BYBIT,DOGEUSDT,60,1770364800000,0.09065,0.09126,0.09009,0.09077,128509617.0,11646988.18616,1
BYBIT,DOGEUSDT,60,1770368400000,0.09077,0.09292,0.09051,0.09255,110509457.0,10132187.92344,1
BYBIT,DOGEUSDT,60,1770372000000,0.09255,0.09379,0.09208,0.0936,83272622.0,7749350.09935,1
BYBIT,DOGEUSDT,60,1770375600000,0.0936,0.09424,0.09313,0.09365,79408768.0,7441679.7293,1
BYBIT,DOGEUSDT,60,1770379200000,0.09365,0.09365,0.09293,0.09342,45523580.0,4244023.59203,1
BYBIT,DOGEUSDT,60,1770382800000,0.09342,0.09546,0.09323,0.09477,133516008.0,12613418.69158,1
BYBIT,DOGEUSDT,60,1770386400000,0.09477,0.09682,0.09367,0.0964,296814932.0,28268832.36022,1
BYBIT,DOGEUSDT,60,1770390000000,0.0964,0.09688,0.09537,0.09637,186193937.0,17904603.06408,1
BYBIT,DOGEUSDT,60,1770393600000,0.09637,0.10006,0.09597,0.09909,297542786.0,29346048.16528,1
BYBIT,DOGEUSDT,60,1770397200000,0.09909,0.10203,0.09849,0.10012,271991939.0,27274657.9645,1
BYBIT,DOGEUSDT,60,1770400800000,0.10012,0.10032,0.09819,0.0991,183066340.0,18117708.82449,1
BYBIT,DOGEUSDT,60,1770404400000,0.0991,0.09959,0.0982,0.0987,88257978.0,8711827.7027,1
BYBIT,DOGEUSDT,60,1770408000000,0.0987,0.09966,0.09804,0.0986,74505161.0,7359384.72385,1
BYBIT,DOGEUSDT,60,1770411600000,0.0986,0.09919,0.09798,0.0987,40215168.0,3961947.57015,1
BYBIT,DOGEUSDT,60,1770415200000,0.0987,0.09973,0.09863,0.09938,39803992.0,3948724.04332,1
BYBIT,DOGEUSDT,60,1770418800000,0.09938,0.09973,0.0983,0.09843,66875163.0,6617638.19213,1
BYBIT,DOGEUSDT,60,1770422400000,0.09843,0.09844,0.09721,0.09777,143190097.0,13992842.96814,1
BYBIT,DOGEUSDT,60,1770426000000,0.09777,0.09864,0.09718,0.09842,64533532.0,6319657.87981,1
BYBIT,DOGEUSDT,60,1770429600000,0.09842,0.0988,0.0976,0.09799,63953111.0,6284592.42862,1
BYBIT,DOGEUSDT,60,1770433200000,0.09799,0.09892,0.09793,0.09856,43021655.0,4241140.39151,1
BYBIT,DOGEUSDT,60,1770436800000,0.09856,0.09917,0.09774,0.09805,111713939.0,10998282.68184,1
BYBIT,DOGEUSDT,60,1770440400000,0.09805,0.09883,0.09801,0.09838,67514983.0,6640654.84002,1
BYBIT,DOGEUSDT,60,1770444000000,0.09838,0.09881,0.09634,0.09645,175870710.0,17180721.45488,1
BYBIT,DOGEUSDT,60,1770447600000,0.09645,0.09701,0.09467,0.09576,242195070.0,23201967.19151,1
BYBIT,DOGEUSDT,60,1770451200000,0.09576,0.09624,0.09537,0.09582,80335559.0,7708432.63949,1
BYBIT,DOGEUSDT,60,1770454800000,0.09582,0.09621,0.09508,0.09543,48370133.0,4619955.45538,1
BYBIT,DOGEUSDT,60,1770458400000,0.09543,0.09562,0.09472,0.09552,61978758.0,5902234.70098,1
BYBIT,DOGEUSDT,60,1770462000000,0.09552,0.09559,0.09514,0.09538,30094912.0,2868659.9675,1
BYBIT,DOGEUSDT,60,1770465600000,0.09538,0.09767,0.09527,0.09685,159718026.0,15437439.76062,1
BYBIT,DOGEUSDT,60,1770469200000,0.09685,0.09711,0.09575,0.0961,70407962.0,6786605.46722,1
BYBIT,DOGEUSDT,60,1770472800000,0.0961,0.09651,0.09526,0.09564,54290681.0,5199639.28461,1
BYBIT,DOGEUSDT,60,1770476400000,0.09564,0.09708,0.09547,0.09677,70578392.0,6806497.97625,1
BYBIT,DOGEUSDT,60,1770480000000,0.09677,0.09885,0.09631,0.0977,1200263044.0,117072535.45105,1
BYBIT,DOGEUSDT,60,1770483600000,0.0977,0.09845,0.09693,0.09801,38973238.0,3805008.68259,1
BYBIT,DOGEUSDT,60,1770487200000,0.09801,0.09943,0.09792,0.09874,67053869.0,6628806.79599,1
BYBIT,DOGEUSDT,60,1770490800000,0.09874,0.0991,0.0982,0.09834,27187273.0,2681463.03177,1
BYBIT,DOGEUSDT,60,1770494400000,0.09834,0.09886,0.09815,0.09865,26496329.0,2611629.00056,1
BYBIT,DOGEUSDT,60,1770498000000,0.09865,0.09889,0.09818,0.09829,23152218.0,2281187.81089,1
BYBIT,DOGEUSDT,60,1770501600000,0.09829,0.09877,0.09817,0.09827,13861070.0,1364964.57425,1
BYBIT,DOGEUSDT,60,1770505200000,0.09827,0.09839,0.09759,0.09816,25264609.0,2476014.41318,1
BYBIT,DOGEUSDT,60,1770508800000,0.09816,0.0983,0.09755,0.09782,20847380.0,2039661.08956,1
BYBIT,DOGEUSDT,60,1770512400000,0.09782,0.09846,0.09779,0.098,19957982.0,1958815.39003,1
BYBIT,DOGEUSDT,60,1770516000000,0.098,0.09839,0.09728,0.09761,24373183.0,2382063.92781,1
BYBIT,DOGEUSDT,60,1770519600000,0.09761,0.09775,0.09685,0.09692,36983313.0,3597969.82278,1
BYBIT,DOGEUSDT,60,1770523200000,0.09692,0.09719,0.09658,0.09717,36502404.0,3537031.33615,1
BYBIT,DOGEUSDT,60,1770526800000,0.09717,0.09755,0.09681,0.09695,17599107.0,1710122.5337,1
BYBIT,DOGEUSDT,60,1770530400000,0.09695,0.09713,0.09661,0.09679,27747104.0,2688503.75211,1
BYBIT,DOGEUSDT,60,1770534000000,0.09679,0.09693,0.09627,0.09681,34034118.0,3287717.30557,1
BYBIT,DOGEUSDT,60,1770537600000,0.09681,0.09876,0.09666,0.09857,73652434.0,7207973.75325,1
BYBIT,DOGEUSDT,60,1770541200000,0.09857,0.09861,0.09728,0.09737,64196654.0,6285226.79306,1
BYBIT,DOGEUSDT,60,1770544800000,0.09737,0.09786,0.09612,0.09659,91704686.0,8874300.31624,1
BYBIT,DOGEUSDT,60,1770548400000,0.09659,0.0985,0.09649,0.09838,71267766.0,6970587.19726,1
BYBIT,DOGEUSDT,60,1770552000000,0.09838,0.09842,0.09748,0.09832,43983040.0,4309676.58222,1
BYBIT,DOGEUSDT,60,1770555600000,0.09832,0.09855,0.0977,0.09826,51531524.0,5054939.36408,1
BYBIT,DOGEUSDT,60,1770559200000,0.09826,0.09846,0.09766,0.09818,22598508.0,2216471.42397,1
BYBIT,DOGEUSDT,60,1770562800000,0.09818,0.09839,0.09677,0.09728,90523471.0,8808666.9688,1
BYBIT,DOGEUSDT,60,1770566400000,0.09728,0.09778,0.09501,0.09548,156356589.0,15021094.58187,1
BYBIT,DOGEUSDT,60,1770570000000,0.09548,0.09665,0.09542,0.09635,39469624.0,3797278.16253,1
BYBIT,DOGEUSDT,60,1770573600000,0.09635,0.09789,0.09629,0.0973,60810618.0,5909270.97312,1
BYBIT,DOGEUSDT,60,1770577200000,0.0973,0.09785,0.09706,0.09765,18404781.0,1794605.69657,1
BYBIT,DOGEUSDT,60,1770580800000,0.09765,0.09767,0.09648,0.09663,26169492.0,2537305.50516,1
BYBIT,DOGEUSDT,60,1770584400000,0.09663,0.09686,0.09583,0.09627,41509430.0,3997336.92664,1
BYBIT,DOGEUSDT,60,1770588000000,0.09627,0.09704,0.09627,0.09694,25479182.0,2459864.92964,1
BYBIT,DOGEUSDT,60,1770591600000,0.09694,0.09897,0.09589,0.09656,129112240.0,12550634.19807,1
BYBIT,DOGEUSDT,60,1770595200000,0.09656,0.09688,0.09575,0.09641,48206635.0,4639922.81186,1
BYBIT,DOGEUSDT,60,1770598800000,0.09641,0.0971,0.09547,0.09609,66247396.0,6377900.60415,1
BYBIT,DOGEUSDT,60,1770602400000,0.09609,0.09743,0.09587,0.0966,42709425.0,4131829.36316,1
BYBIT,DOGEUSDT,60,1770606000000,0.0966,0.09729,0.09643,0.09709,33534397.0,3248806.45087,1
BYBIT,DOGEUSDT,60,1770609600000,0.09709,0.09709,0.09628,0.0965,36978876.0,3573746.44885,1
BYBIT,DOGEUSDT,60,1770613200000,0.0965,0.09657,0.09583,0.09639,36017032.0,3464235.03323,1
BYBIT,DOGEUSDT,60,1770616800000,0.09639,0.09639,0.09484,0.0954,54671267.0,5214620.06064,1
BYBIT,DOGEUSDT,60,1770620400000,0.0954,0.09579,0.09501,0.09524,32103902.0,3062776.94624,1
BYBIT,DOGEUSDT,60,1770624000000,0.09524,0.09531,0.09366,0.09424,84354521.0,7968219.0404,1
BYBIT,DOGEUSDT,60,1770627600000,0.09424,0.09467,0.09372,0.0939,52287850.0,4921809.86313,1
BYBIT,DOGEUSDT,60,1770631200000,0.0939,0.09415,0.09238,0.09281,116377700.0,10837501.94651,1
BYBIT,DOGEUSDT,60,1770634800000,0.09281,0.09359,0.0928,0.09312,44037499.0,4107040.25215,1
BYBIT,DOGEUSDT,60,1770638400000,0.09312,0.09442,0.09307,0.09411,92293421.0,8665392.64752,1
BYBIT,DOGEUSDT,60,1770642000000,0.09411,0.09453,0.09368,0.09369,35456102.0,3336344.76538,1
BYBIT,DOGEUSDT,60,1770645600000,0.09369,0.09514,0.09338,0.09489,90467548.0,8522687.58969,1
BYBIT,DOGEUSDT,60,1770649200000,0.09489,0.09556,0.09401,0.09516,76567174.0,7265360.99237,1
BYBIT,DOGEUSDT,60,1770652800000,0.09516,0.09635,0.09424,0.09548,78671488.0,7500315.63431,1
BYBIT,DOGEUSDT,60,1770656400000,0.09548,0.09655,0.09466,0.09624,66537547.0,6373063.00461,1
BYBIT,DOGEUSDT,60,1770660000000,0.09624,0.09675,0.09545,0.09605,54551612.0,5240992.66145,1
BYBIT,DOGEUSDT,60,1770663600000,0.09605,0.09653,0.09576,0.09632,21557517.0,2072534.43462,1
BYBIT,DOGEUSDT,60,1770667200000,0.09632,0.09673,0.09571,0.0964,32332910.0,3111499.75424,1
BYBIT,DOGEUSDT,60,1770670800000,0.0964,0.09661,0.09523,0.09633,51394840.0,4930005.22981,1
BYBIT,DOGEUSDT,60,1770674400000,0.09633,0.09663,0.09611,0.09639,43437676.0,4186801.59224,1
BYBIT,DOGEUSDT,60,1770678000000,0.09639,0.09695,0.09593,0.09606,25980170.0,2506171.15211,1
BYBIT,DOGEUSDT,60,1770681600000,0.09606,0.09635,0.09582,0.09593,20521772.0,1971148.24957,1
BYBIT,DOGEUSDT,60,1770685200000,0.09593,0.09651,0.09587,0.09636,28191428.0,2712335.79196,1
BYBIT,DOGEUSDT,60,1770688800000,0.09636,0.0964,0.09572,0.09599,13591484.0,1305689.54308,1
BYBIT,DOGEUSDT,60,1770692400000,0.09599,0.09615,0.09419,0.0948,73761640.0,7000339.60665,1
BYBIT,DOGEUSDT,60,1770696000000,0.0948,0.09559,0.09473,0.09539,37403667.0,3562427.57551,1
BYBIT,DOGEUSDT,60,1770699600000,0.09539,0.09551,0.09443,0.09477,28553118.0,2710104.69757,1
BYBIT,DOGEUSDT,60,1770703200000,0.09477,0.09485,0.0928,0.09329,128539862.0,12053530.2657,1
BYBIT,DOGEUSDT,60,1770706800000,0.09329,0.09395,0.09322,0.09359,50374812.0,4714917.94203,1
BYBIT,DOGEUSDT,60,1770710400000,0.09359,0.09397,0.09326,0.09377,56035972.0,5248343.23804,1
BYBIT,DOGEUSDT,60,1770714000000,0.09377,0.09416,0.09321,0.09353,43935631.0,4115801.22807,1
BYBIT,DOGEUSDT,60,1770717600000,0.09353,0.09366,0.09318,0.0932,15975155.0,1491833.77567,1
BYBIT,DOGEUSDT,60,1770721200000,0.0932,0.09343,0.09266,0.09287,48231776.0,4487268.99698,1
BYBIT,DOGEUSDT,60,1770724800000,0.09287,0.09319,0.0928,0.09299,35297510.0,3283265.87765,1
BYBIT,DOGEUSDT,60,1770728400000,0.09299,0.0936,0.09268,0.09336,63360846.0,5897893.05862,1
BYBIT,DOGEUSDT,60,1770732000000,0.09336,0.09373,0.09172,0.09245,181530946.0,16802886.66584,1
BYBIT,DOGEUSDT,60,1770735600000,0.09245,0.09343,0.0921,0.09296,83131981.0,7719778.05365,1
BYBIT,DOGEUSDT,60,1770739200000,0.09296,0.09362,0.09242,0.0934,55511913.0,5165657.97669,1
BYBIT,DOGEUSDT,60,1770742800000,0.0934,0.09412,0.09295,0.09396,34962696.0,3274561.46665,1
BYBIT,DOGEUSDT,60,1770746400000,0.09396,0.09404,0.09209,0.09257,56908900.0,5284170.82764,1
BYBIT,DOGEUSDT,60,1770750000000,0.09257,0.09331,0.09219,0.09298,31049097.0,2880836.17738,1
BYBIT,DOGEUSDT,60,1770753600000,0.09298,0.09311,0.09252,0.09283,19667044.0,1825102.34326,1
BYBIT,DOGEUSDT,60,1770757200000,0.09283,0.09305,0.09223,0.09261,21352288.0,1977537.54591,1
BYBIT,DOGEUSDT,60,1770760800000,0.09261,0.09304,0.09251,0.09258,14913576.0,1382500.80773,1
BYBIT,DOGEUSDT,60,1770764400000,0.09258,0.09289,0.09252,0.09273,17785431.0,1649152.5443,1
BYBIT,DOGEUSDT,60,1770768000000,0.09273,0.09304,0.09261,0.09289,17734546.0,1646303.14707,1
BYBIT,DOGEUSDT,60,1770771600000,0.09289,0.09309,0.09268,0.09294,9051412.0,840573.72355,1
BYBIT,DOGEUSDT,60,1770775200000,0.09294,0.09358,0.09293,0.09298,22896725.0,2135355.70512,1
BYBIT,DOGEUSDT,60,1770778800000,0.09298,0.09339,0.09204,0.09296,39015152.0,3616036.82371,1
BYBIT,DOGEUSDT,60,1770782400000,0.09296,0.09317,0.09152,0.09186,76354751.0,7034346.35497,1
BYBIT,DOGEUSDT,60,1770786000000,0.09186,0.09226,0.09142,0.09156,46105178.0,4233549.5628,1
BYBIT,DOGEUSDT,60,1770789600000,0.09156,0.09158,0.09011,0.09036,102874461.0,9335812.54061,1
BYBIT,DOGEUSDT,60,1770793200000,0.09036,0.09094,0.09024,0.0905,28632266.0,2594429.02256,1
BYBIT,DOGEUSDT,60,1770796800000,0.0905,0.09062,0.09004,0.09044,37287756.0,3369325.16742,1
BYBIT,DOGEUSDT,60,1770800400000,0.09044,0.09048,0.08976,0.09001,51681976.0,4652853.9547,1
BYBIT,DOGEUSDT,60,1770804000000,0.09001,0.09019,0.08933,0.08963,45956994.0,4118949.50922,1
BYBIT,DOGEUSDT,60,1770807600000,0.08963,0.09027,0.08959,0.09019,25916246.0,2332132.50414,1
BYBIT,DOGEUSDT,60,1770811200000,0.09019,0.09037,0.08982,0.09001,41893436.0,3772645.64837,1
BYBIT,DOGEUSDT,60,1770814800000,0.09001,0.09063,0.08919,0.09009,140395561.0,12613882.36183,1
BYBIT,DOGEUSDT,60,1770818400000,0.09009,0.09252,0.0888,0.08898,257952975.0,23398576.60527,1
BYBIT,DOGEUSDT,60,1770822000000,0.08898,0.08943,0.08782,0.08895,139336089.0,12347419.85429,1
BYBIT,DOGEUSDT,60,1770825600000,0.08895,0.09047,0.08874,0.08887,88730535.0,7939673.73317,1
BYBIT,DOGEUSDT,60,1770829200000,0.08887,0.09087,0.08862,0.09005,71549412.0,6441509.22356,1
BYBIT,DOGEUSDT,60,1770832800000,0.09005,0.09127,0.08967,0.09104,51045110.0,4629042.69939,1
BYBIT,DOGEUSDT,60,1770836400000,0.09104,0.09135,0.09056,0.091,27317945.0,2486842.76417,1
BYBIT,DOGEUSDT,60,1770840000000,0.091,0.09124,0.09025,0.09107,55272390.0,5013358.11036,1
BYBIT,DOGEUSDT,60,1770843600000,0.09107,0.09223,0.09089,0.0919,124787251.0,11457837.28428,1
BYBIT,DOGEUSDT,60,1770847200000,0.0919,0.09193,0.0908,0.09094,54629275.0,4991908.97511,1
BYBIT,DOGEUSDT,60,1770850800000,0.09094,0.09126,0.09042,0.09106,56190675.0,5103476.58036,1
BYBIT,DOGEUSDT,60,1770854400000,0.09106,0.09185,0.09106,0.09152,36768214.0,3361964.27655,1
BYBIT,DOGEUSDT,60,1770858000000,0.09152,0.09197,0.09148,0.09148,27119233.0,2487769.13453,1
BYBIT,DOGEUSDT,60,1770861600000,0.09148,0.09191,0.0913,0.09158,30290178.0,2772617.47954,1
BYBIT,DOGEUSDT,60,1770865200000,0.09158,0.09228,0.0915,0.0921,23346534.0,2145411.55788,1
BYBIT,DOGEUSDT,60,1770868800000,0.0921,0.09218,0.09162,0.09179,25451542.0,2340321.87008,1
BYBIT,DOGEUSDT,60,1770872400000,0.09179,0.09209,0.09139,0.09194,39086337.0,3587048.57857,1
BYBIT,DOGEUSDT,60,1770876000000,0.09194,0.09293,0.09191,0.09261,111471522.0,10321924.23266,1
BYBIT,DOGEUSDT,60,1770879600000,0.09261,0.09297,0.0924,0.09287,24219964.0,2244082.70922,1
BYBIT,DOGEUSDT,60,1770883200000,0.09287,0.09314,0.09233,0.09255,45943880.0,4262636.792,1
BYBIT,DOGEUSDT,60,1770886800000,0.09255,0.09363,0.09246,0.09341,65524167.0,6107637.35738,1
BYBIT,DOGEUSDT,60,1770890400000,0.09341,0.09403,0.09312,0.09402,28156433.0,2633570.85791,1
BYBIT,DOGEUSDT,60,1770894000000,0.09402,0.09423,0.09359,0.09383,29761320.0,2794352.34256,1
BYBIT,DOGEUSDT,60,1770897600000,0.09383,0.09393,0.09327,0.09354,40487884.0,3789814.19803,1
BYBIT,DOGEUSDT,60,1770901200000,0.09354,0.09429,0.09295,0.09421,69391181.0,6494838.18881,1
BYBIT,DOGEUSDT,60,1770904800000,0.09421,0.09451,0.09363,0.09391,52019939.0,4889005.45893,1
BYBIT,DOGEUSDT,60,1770908400000,0.09391,0.09448,0.09308,0.09317,63349505.0,5936949.20736,1
BYBIT,DOGEUSDT,60,1770912000000,0.09317,0.09367,0.09096,0.09135,234726115.0,21582536.84067,1
BYBIT,DOGEUSDT,60,1770915600000,0.09135,0.09214,0.0912,0.09137,57136325.0,5237236.22724,1
BYBIT,DOGEUSDT,60,1770919200000,0.09137,0.09202,0.09078,0.0913,54718262.0,4996287.4275,1
BYBIT,DOGEUSDT,60,1770922800000,0.0913,0.09228,0.09071,0.09162,55728696.0,5096347.28994,1
BYBIT,DOGEUSDT,60,1770926400000,0.09162,0.0918,0.09063,0.09092,28566960.0,2600758.02581,1
BYBIT,DOGEUSDT,60,1770930000000,0.09092,0.09168,0.09091,0.09153,22342325.0,2041046.04003,1
BYBIT,DOGEUSDT,60,1770933600000,0.09153,0.09272,0.09132,0.09259,34543606.0,3179439.7153,1
BYBIT,DOGEUSDT,60,1770937200000,0.09259,0.09342,0.09241,0.09296,63874456.0,5944203.31709,1
BYBIT,DOGEUSDT,60,1770940800000,0.09296,0.0933,0.09209,0.09228,44224767.0,4095063.75835,1
BYBIT,DOGEUSDT,60,1770944400000,0.09228,0.09283,0.09224,0.09244,19314229.0,1787450.21316,1
BYBIT,DOGEUSDT,60,1770948000000,0.09244,0.09298,0.09226,0.09282,16075636.0,1488257.51129,1
BYBIT,DOGEUSDT,60,1770951600000,0.09282,0.09331,0.09258,0.09293,23148850.0,2151116.70204,1
BYBIT,DOGEUSDT,60,1770955200000,0.09293,0.09293,0.09234,0.09248,20759813.0,1921469.75987,1
BYBIT,DOGEUSDT,60,1770958800000,0.09248,0.09266,0.09198,0.09199,15000893.0,1385064.6757,1
BYBIT,DOGEUSDT,60,1770962400000,0.09199,0.09249,0.09172,0.09243,24886411.0,2291156.80795,1
BYBIT,DOGEUSDT,60,1770966000000,0.09243,0.09343,0.09242,0.09298,43576508.0,4055406.76694,1
BYBIT,DOGEUSDT,60,1770969600000,0.09298,0.09396,0.09292,0.09383,64007966.0,5986715.31534,1
BYBIT,DOGEUSDT,60,1770973200000,0.09383,0.09385,0.09329,0.09359,40577099.0,3797809.39472,1
BYBIT,DOGEUSDT,60,1770976800000,0.09359,0.09406,0.09343,0.09385,38853574.0,3642094.00624,1
BYBIT,DOGEUSDT,60,1770980400000,0.09385,0.09405,0.09351,0.09391,52216923.0,4897529.91989,1
BYBIT,DOGEUSDT,60,1770984000000,0.09391,0.09391,0.09329,0.09339,24543832.0,2293955.67847,1
BYBIT,DOGEUSDT,60,1770987600000,0.09339,0.09428,0.09313,0.09354,70099828.0,6569460.05123,1
BYBIT,DOGEUSDT,60,1770991200000,0.09354,0.09441,0.09282,0.09389,186052366.0,17398070.49358,1
BYBIT,DOGEUSDT,60,1770994800000,0.09389,0.0966,0.09374,0.09528,280559206.0,26733011.68093,1
BYBIT,DOGEUSDT,60,1770998400000,0.09528,0.09688,0.09494,0.09636,134266810.0,12907754.91514,1
BYBIT,DOGEUSDT,60,1771002000000,0.09636,0.09686,0.09586,0.09624,62614351.0,6037187.90161,1
BYBIT,DOGEUSDT,60,1771005600000,0.09624,0.09671,0.09573,0.09651,46469904.0,4470860.80086,1
BYBIT,DOGEUSDT,60,1771009200000,0.09651,0.09694,0.09627,0.09631,28882752.0,2790250.43279,1
BYBIT,DOGEUSDT,60,1771012800000,0.09631,0.0969,0.09599,0.09678,43387401.0,4181154.25598,1
BYBIT,DOGEUSDT,60,1771016400000,0.09678,0.0976,0.09677,0.09702,54047131.0,5252630.15689,1
BYBIT,DOGEUSDT,60,1771020000000,0.09702,0.09736,0.09669,0.09704,24325336.0,2360719.75418,1
BYBIT,DOGEUSDT,60,1771023600000,0.09704,0.09706,0.09636,0.0966,26272288.0,2539427.14226,1
BYBIT,DOGEUSDT,60,1771027200000,0.0966,0.09693,0.09636,0.09678,14819260.0,1432458.80702,1
BYBIT,DOGEUSDT,60,1771030800000,0.09678,0.09702,0.09647,0.09661,32264189.0,3117744.80409,1
BYBIT,DOGEUSDT,60,1771034400000,0.09661,0.09668,0.09623,0.09655,14554108.0,1404046.39017,1
BYBIT,DOGEUSDT,60,1771038000000,0.09655,0.09697,0.09638,0.0968,12554023.0,1214708.0794,1
BYBIT,DOGEUSDT,60,1771041600000,0.0968,0.09687,0.09652,0.09664,13969390.0,1350593.60924,1
BYBIT,DOGEUSDT,60,1771045200000,0.09664,0.09699,0.09658,0.09667,10074973.0,974628.13658,1
BYBIT,DOGEUSDT,60,1771048800000,0.09667,0.09675,0.09634,0.0965,21476367.0,2072633.17958,1
BYBIT,DOGEUSDT,60,1771052400000,0.0965,0.09665,0.09641,0.0965,10571796.0,1020432.11277,1
BYBIT,DOGEUSDT,60,1771056000000,0.0965,0.09773,0.09647,0.0976,53784620.0,5226353.1693,1
BYBIT,DOGEUSDT,60,1771059600000,0.0976,0.09831,0.09737,0.09816,50233446.0,4912297.23934,1
BYBIT,DOGEUSDT,60,1771063200000,0.09816,0.09832,0.0976,0.09808,28981552.0,2839539.6829,1
BYBIT,DOGEUSDT,60,1771066800000,0.09808,0.10086,0.09799,0.10054,146538553.0,14606223.5375,1
BYBIT,DOGEUSDT,60,1771070400000,0.10054,0.10078,0.09945,0.09958,63196783.0,6320893.30283,1
BYBIT,DOGEUSDT,60,1771074000000,0.09958,0.10021,0.09907,0.10004,71172476.0,7093528.77268,1
BYBIT,DOGEUSDT,60,1771077600000,0.10004,0.10345,0.09986,0.10317,163849052.0,16708051.29096,1
BYBIT,DOGEUSDT,60,1771081200000,0.10317,0.10427,0.10242,0.10396,121764104.0,12583328.17266,1
BYBIT,DOGEUSDT,60,1771084800000,0.10396,0.10541,0.10242,0.10486,132837671.0,13819809.8358,1
BYBIT,DOGEUSDT,60,1771088400000,0.10486,0.10595,0.10476,0.10549,102224541.0,10765113.97956,1
BYBIT,DOGEUSDT,60,1771092000000,0.10549,0.10731,0.10539,0.10717,131409840.0,13998780.1219,1
BYBIT,DOGEUSDT,60,1771095600000,0.10717,0.10924,0.10673,0.10854,158818560.0,17198082.07655,1
BYBIT,DOGEUSDT,60,1771099200000,0.10854,0.10938,0.10791,0.10922,121213090.0,13177224.36939,1
BYBIT,DOGEUSDT,60,1771102800000,0.10922,0.11209,0.10916,0.1108,228927346.0,25353045.20165,1
BYBIT,DOGEUSDT,60,1771106400000,0.1108,0.1136,0.11066,0.11231,173749249.0,19514695.80603,1
BYBIT,DOGEUSDT,60,1771110000000,0.11231,0.11256,0.11018,0.11097,122287701.0,13602887.86903,1
BYBIT,DOGEUSDT,60,1771113600000,0.11097,0.112,0.1104,0.11177,106737464.0,11873933.55103,1
BYBIT,DOGEUSDT,60,1771117200000,0.11177,0.11367,0.11126,0.11329,143216330.0,16096226.61115,1
BYBIT,DOGEUSDT,60,1771120800000,0.11329,0.1145,0.11184,0.11336,143220031.0,16189069.58227,1
BYBIT,DOGEUSDT,60,1771124400000,0.11336,0.1155,0.11262,0.11472,177395603.0,20246108.54667,1
BYBIT,DOGEUSDT,60,1771128000000,0.11472,0.1175,0.11384,0.11589,277900329.0,32129159.45809,1
BYBIT,DOGEUSDT,60,1771131600000,0.11589,0.1168,0.11539,0.11585,116605772.0,13538545.06282,1
BYBIT,DOGEUSDT,60,1771135200000,0.11585,0.11605,0.11409,0.11502,104104667.0,11958516.4938,1
BYBIT,DOGEUSDT,60,1771138800000,0.11502,0.11667,0.1147,0.11602,75905944.0,8783007.4553,1
BYBIT,DOGEUSDT,60,1771142400000,0.11602,0.11639,0.11301,0.11389,150841141.0,17291542.57134,1
BYBIT,DOGEUSDT,60,1771146000000,0.11389,0.11529,0.11383,0.11447,79442115.0,9103185.08359,1
BYBIT,DOGEUSDT,60,1771149600000,0.11447,0.11452,0.11192,0.11355,198248215.0,22387090.52024,1
BYBIT,DOGEUSDT,60,1771153200000,0.11355,0.11391,0.11246,0.11269,50547352.0,5721215.36467,1
BYBIT,DOGEUSDT,60,1771156800000,0.11269,0.11289,0.10852,0.1086,243963476.0,26963634.21381,1
BYBIT,DOGEUSDT,60,1771160400000,0.1086,0.11012,0.10717,0.10754,240255333.0,26121827.35785,1
BYBIT,DOGEUSDT,60,1771164000000,0.10754,0.10873,0.10677,0.1081,164746929.0,17774095.10002,1
BYBIT,DOGEUSDT,60,1771167600000,0.1081,0.10914,0.10755,0.10768,110065008.0,11933811.78225,1
BYBIT,DOGEUSDT,60,1771171200000,0.10768,0.10768,0.10635,0.10721,122945789.0,13153234.39568,1
BYBIT,DOGEUSDT,60,1771174800000,0.10721,0.10744,0.103,0.10495,276016033.0,28962481.35423,1
BYBIT,DOGEUSDT,60,1771178400000,0.10495,0.10546,0.10367,0.104,106730385.0,11164367.61689,1
BYBIT,DOGEUSDT,60,1771182000000,0.104,0.10418,0.10239,0.10266,135032428.0,13932974.66577,1
BYBIT,DOGEUSDT,60,1771185600000,0.10266,0.10336,0.10208,0.10288,94038729.0,9670685.99251,1
BYBIT,DOGEUSDT,60,1771189200000,0.10288,0.10333,0.10219,0.10239,68543436.0,7047424.77492,1
BYBIT,DOGEUSDT,60,1771192800000,0.10239,0.1034,0.10227,0.10328,70727530.0,7278678.61044,1
BYBIT,DOGEUSDT,60,1771196400000,0.10328,0.10328,0.10143,0.10262,79434017.0,8111278.96928,1
BYBIT,DOGEUSDT,60,1771200000000,0.10262,0.10308,0.10191,0.10237,74372538.0,7614500.49454,1
BYBIT,DOGEUSDT,60,1771203600000,0.10237,0.10288,0.10169,0.1023,53062160.0,5424744.67171,1
BYBIT,DOGEUSDT,60,1771207200000,0.1023,0.10296,0.1017,0.10183,50683069.0,5182222.73172,1
BYBIT,DOGEUSDT,60,1771210800000,0.10183,0.10226,0.1015,0.10213,36134090.0,3681587.4176,1
BYBIT,DOGEUSDT,60,1771214400000,0.10213,0.10337,0.10205,0.10335,42089009.0,4321478.94965,1
BYBIT,DOGEUSDT,60,1771218000000,0.10335,0.1035,0.1011,0.10177,122416286.0,12467403.68782,1
BYBIT,DOGEUSDT,60,1771221600000,0.10177,0.10255,0.10148,0.10231,34051570.0,3477171.64717,1
BYBIT,DOGEUSDT,60,1771225200000,0.10231,0.10238,0.10162,0.10196,42033120.0,4289734.55744,1
BYBIT,DOGEUSDT,60,1771228800000,0.10196,0.10249,0.1019,0.10227,21737460.0,2222016.60382,1
BYBIT,DOGEUSDT,60,1771232400000,0.10227,0.10333,0.10219,0.10305,58037594.0,5965850.09167,1
BYBIT,DOGEUSDT,60,1771236000000,0.10305,0.10305,0.10235,0.10269,34345650.0,3526771.4648,1
BYBIT,DOGEUSDT,60,1771239600000,0.10269,0.10287,0.10061,0.10155,155532170.0,15789985.88352,1
BYBIT,DOGEUSDT,60,1771243200000,0.10155,0.10289,0.10131,0.10264,102832133.0,10512960.7737,1
BYBIT,DOGEUSDT,60,1771246800000,0.10264,0.10342,0.09961,0.10007,253893328.0,25681727.64745,1
BYBIT,DOGEUSDT,60,1771250400000,0.10007,0.10109,0.09926,0.10047,150706115.0,15092331.02939,1
BYBIT,DOGEUSDT,60,1771254000000,0.10047,0.10108,0.09839,0.09949,217499651.0,21645025.68897,1
BYBIT,DOGEUSDT,60,1771257600000,0.09949,0.10121,0.09939,0.10104,96028822.0,9640399.94602,1
BYBIT,DOGEUSDT,60,1771261200000,0.10104,0.10114,0.10007,0.1008,63557563.0,6400163.26646,1
BYBIT,DOGEUSDT,60,1771264800000,0.1008,0.10116,0.10019,0.10042,46359490.0,4664068.96916,1
BYBIT,DOGEUSDT,60,1771268400000,0.10042,0.10081,0.10008,0.10025,32006616.0,3216333.80953,1
BYBIT,DOGEUSDT,60,1771272000000,0.10025,0.10109,0.09979,0.1009,66353236.0,6666160.61106,1
BYBIT,DOGEUSDT,60,1771275600000,0.1009,0.10135,0.10044,0.10114,51443414.0,5186205.81604,1
BYBIT,DOGEUSDT,60,1771279200000,0.10114,0.10116,0.10001,0.10055,72697512.0,7302824.04794,1
BYBIT,DOGEUSDT,60,1771282800000,0.10055,0.10112,0.10032,0.10096,27418247.0,2761324.83001,1
BYBIT,DOGEUSDT,60,1771286400000,0.10096,0.10102,0.10041,0.10054,21747205.0,2189268.07748,1
BYBIT,DOGEUSDT,60,1771290000000,0.10054,0.10093,0.10007,0.10017,25023891.0,2516162.42086,1
BYBIT,DOGEUSDT,60,1771293600000,0.10017,0.10126,0.09947,0.10109,83719608.0,8416442.64175,1
BYBIT,DOGEUSDT,60,1771297200000,0.10109,0.10111,0.10041,0.10046,38266461.0,3850048.5389,1
BYBIT,DOGEUSDT,60,1771300800000,0.10046,0.10075,0.09986,0.10015,36942258.0,3703495.27243,1
BYBIT,DOGEUSDT,60,1771304400000,0.10015,0.10024,0.09897,0.09964,68028961.0,6772348.54862,1
BYBIT,DOGEUSDT,60,1771308000000,0.09964,0.10024,0.09964,0.10001,23086300.0,2307782.62344,1
BYBIT,DOGEUSDT,60,1771311600000,0.10001,0.10002,0.0995,0.09973,34220021.0,3413912.17862,1
BYBIT,DOGEUSDT,60,1771315200000,0.09973,0.10001,0.09901,0.09908,39041484.0,3880685.10585,1
BYBIT,DOGEUSDT,60,1771318800000,0.09908,0.09933,0.09863,0.0993,71459536.0,7070905.03731,1
BYBIT,DOGEUSDT,60,1771322400000,0.0993,0.09948,0.09845,0.09873,58959564.0,5824153.25185,1
BYBIT,DOGEUSDT,60,1771326000000,0.09873,0.09903,0.09838,0.09883,42917222.0,4236105.16902,1
BYBIT,DOGEUSDT,60,1771329600000,0.09883,0.09992,0.0987,0.09959,75755252.0,7519812.7875,1
BYBIT,DOGEUSDT,60,1771333200000,0.09959,0.10085,0.09931,0.1005,74922544.0,7502137.99163,1
BYBIT,DOGEUSDT,60,1771336800000,0.1005,0.101,0.09822,0.099,186052891.0,18504955.7018,1
BYBIT,DOGEUSDT,60,1771340400000,0.099,0.10063,0.09894,0.10043,88043847.0,8798660.00988,1
BYBIT,DOGEUSDT,60,1771344000000,0.10043,0.10354,0.10035,0.10193,215118784.0,22025843.57354,1
BYBIT,DOGEUSDT,60,1771347600000,0.10193,0.1021,0.09961,0.10019,142860159.0,14370676.58486,1
BYBIT,DOGEUSDT,60,1771351200000,0.10019,0.10235,0.10011,0.10174,86324435.0,8763893.04034,1
BYBIT,DOGEUSDT,60,1771354800000,0.10174,0.10208,0.10083,0.10103,62577371.0,6339461.12684,1
BYBIT,DOGEUSDT,60,1771358400000,0.10103,0.1012,0.1002,0.10048,41024208.0,4129491.83562,1
BYBIT,DOGEUSDT,60,1771362000000,0.10048,0.10137,0.10047,0.10103,23728583.0,2394503.09869,1
BYBIT,DOGEUSDT,60,1771365600000,0.10103,0.1011,0.10041,0.10055,24039965.0,2421209.65996,1
BYBIT,DOGEUSDT,60,1771369200000,0.10055,0.1008,0.10028,0.1006,20957269.0,2107642.02286,1
BYBIT,DOGEUSDT,60,1771372800000,0.1006,0.1013,0.10039,0.10044,39510360.0,3986469.03017,1
BYBIT,DOGEUSDT,60,1771376400000,0.10044,0.10077,0.09986,0.10011,38879006.0,3901340.94056,1
BYBIT,DOGEUSDT,60,1771380000000,0.10011,0.10115,0.10008,0.10073,20999581.0,2112903.32772,1
BYBIT,DOGEUSDT,60,1771383600000,0.10073,0.10141,0.10048,0.10117,18234906.0,1841200.5675,1
BYBIT,DOGEUSDT,60,1771387200000,0.10117,0.1012,0.10056,0.10093,27366160.0,2761100.39026,1
BYBIT,DOGEUSDT,60,1771390800000,0.10093,0.10115,0.10061,0.10099,17987755.0,1814112.77206,1
BYBIT,DOGEUSDT,60,1771394400000,0.10099,0.10139,0.10095,0.101,22546178.0,2281142.33811,1
BYBIT,DOGEUSDT,60,1771398000000,0.101,0.10171,0.10071,0.10136,34840252.0,3527887.69849,1
BYBIT,DOGEUSDT,60,1771401600000,0.10136,0.10196,0.10104,0.10171,50994110.0,5176198.38485,1
BYBIT,DOGEUSDT,60,1771405200000,0.10171,0.10174,0.10111,0.10118,30032116.0,3044745.37339,1
BYBIT,DOGEUSDT,60,1771408800000,0.10118,0.10149,0.10014,0.10041,54202829.0,5460390.93118,1
BYBIT,DOGEUSDT,60,1771412400000,0.10041,0.10058,0.09912,0.10002,86505258.0,8636722.44491,1
BYBIT,DOGEUSDT,60,1771416000000,0.10002,0.1004,0.09961,0.10023,49711121.0,4973355.08871,1
BYBIT,DOGEUSDT,60,1771419600000,0.10023,0.10037,0.09937,0.09982,40382732.0,4031602.92437,1
BYBIT,DOGEUSDT,60,1771423200000,0.09982,0.10053,0.09936,0.10034,58787996.0,5868966.51244,1
BYBIT,DOGEUSDT,60,1771426800000,0.10034,0.10229,0.10028,0.10103,196130998.0,19870364.85518,1
BYBIT,DOGEUSDT,60,1771430400000,0.10103,0.10117,0.09963,0.10006,131228057.0,13142060.03758,1
BYBIT,DOGEUSDT,60,1771434000000,0.10006,0.10083,0.09944,0.09956,76146580.0,7640289.05576,1
BYBIT,DOGEUSDT,60,1771437600000,0.09956,0.09985,0.09843,0.0988,121264178.0,12009453.06605,1
BYBIT,DOGEUSDT,60,1771441200000,0.0988,0.09943,0.09741,0.09845,105994348.0,10410905.51204,1
BYBIT,DOGEUSDT,60,1771444800000,0.09845,0.09909,0.09824,0.09841,53380922.0,5263770.0965,1
BYBIT,DOGEUSDT,60,1771448400000,0.09841,0.09897,0.09809,0.09838,43778357.0,4309894.93397,1
BYBIT,DOGEUSDT,60,1771452000000,0.09838,0.09868,0.09787,0.09838,37619875.0,3693995.54674,1
BYBIT,DOGEUSDT,60,1771455600000,0.09838,0.09857,0.09801,0.09849,18570818.0,1824653.93791,1
BYBIT,DOGEUSDT,60,1771459200000,0.09849,0.09863,0.09803,0.09812,18634400.0,1832069.44005,1
BYBIT,DOGEUSDT,60,1771462800000,0.09812,0.09894,0.0981,0.09879,36057235.0,3552362.13435,1
BYBIT,DOGEUSDT,60,1771466400000,0.09879,0.09886,0.09782,0.09838,41201227.0,4047686.97298,1
BYBIT,DOGEUSDT,60,1771470000000,0.09838,0.09867,0.09803,0.09856,13717799.0,1350349.2279,1
BYBIT,DOGEUSDT,60,1771473600000,0.09856,0.09918,0.09852,0.09867,24474198.0,2418902.81556,1
BYBIT,DOGEUSDT,60,1771477200000,0.09867,0.09882,0.09664,0.09743,124620903.0,12141610.50059,1
BYBIT,DOGEUSDT,60,1771480800000,0.09743,0.0987,0.09736,0.0984,43843047.0,4309583.68867,1
BYBIT,DOGEUSDT,60,1771484400000,0.0984,0.0987,0.09807,0.0983,40779230.0,4012818.5253,1
BYBIT,DOGEUSDT,60,1771488000000,0.0983,0.0983,0.09708,0.09739,46698888.0,4559326.46479,1
BYBIT,DOGEUSDT,60,1771491600000,0.09739,0.098,0.09704,0.09742,44239973.0,4316148.42848,1
BYBIT,DOGEUSDT,60,1771495200000,0.09742,0.09794,0.09714,0.09769,40733928.0,3980403.80158,1
BYBIT,DOGEUSDT,60,1771498800000,0.09769,0.09799,0.09739,0.09764,30623397.0,2992117.59561,1
BYBIT,DOGEUSDT,60,1771502400000,0.09764,0.0978,0.09738,0.09746,20693403.0,2019737.14851,1
BYBIT,DOGEUSDT,60,1771506000000,0.09746,0.09758,0.09637,0.09692,83665358.0,8111763.66534,1
BYBIT,DOGEUSDT,60,1771509600000,0.09692,0.09831,0.09652,0.09789,109211967.0,10643979.77751,1
BYBIT,DOGEUSDT,60,1771513200000,0.09789,0.09825,0.09644,0.0968,93226105.0,9048636.6599,1
BYBIT,DOGEUSDT,60,1771516800000,0.0968,0.0972,0.0954,0.09674,120339287.0,11588571.67197,1
BYBIT,DOGEUSDT,60,1771520400000,0.09674,0.09814,0.09646,0.09674,89651549.0,8722621.77905,1
BYBIT,DOGEUSDT,60,1771524000000,0.09674,0.09826,0.09667,0.09816,63694527.0,6220585.37574,1
BYBIT,DOGEUSDT,60,1771527600000,0.09816,0.09842,0.0972,0.09804,33600530.0,3286591.81426,1
BYBIT,DOGEUSDT,60,1771531200000,0.09804,0.09818,0.09728,0.0978,25688706.0,2511590.94604,1
BYBIT,DOGEUSDT,60,1771534800000,0.0978,0.09811,0.09762,0.09769,9832104.0,962459.78414,1
BYBIT,DOGEUSDT,60,1771538400000,0.09769,0.09832,0.09749,0.09802,25077929.0,2456293.09819,1
BYBIT,DOGEUSDT,60,1771542000000,0.09802,0.09832,0.09777,0.0983,14091698.0,1382988.14032,1
BYBIT,DOGEUSDT,60,1771545600000,0.0983,0.0991,0.09812,0.09863,32370610.0,3193250.27349,1
BYBIT,DOGEUSDT,60,1771549200000,0.09863,0.09913,0.0986,0.09877,16101659.0,1591444.93889,1
BYBIT,DOGEUSDT,60,1771552800000,0.09877,0.09943,0.0987,0.09906,19547898.0,1936558.45916,1
BYBIT,DOGEUSDT,60,1771556400000,0.09906,0.0993,0.0985,0.09868,18857946.0,1864748.56107,1
BYBIT,DOGEUSDT,60,1771560000000,0.09868,0.09883,0.09815,0.09861,29434596.0,2899012.92744,1
BYBIT,DOGEUSDT,60,1771563600000,0.09861,0.09976,0.09833,0.09898,51269311.0,5086649.30054,1
BYBIT,DOGEUSDT,60,1771567200000,0.09898,0.09909,0.09855,0.09886,23612683.0,2334289.68381,1
BYBIT,DOGEUSDT,60,1771570800000,0.09886,0.09887,0.09836,0.0985,21558635.0,2126513.65885,1
BYBIT,DOGEUSDT,60,1771574400000,0.0985,0.09893,0.09823,0.09851,37396125.0,3683296.17186,1
BYBIT,DOGEUSDT,60,1771578000000,0.09851,0.09929,0.09843,0.09911,38314850.0,3793913.84011,1
BYBIT,DOGEUSDT,60,1771581600000,0.09911,0.09939,0.09892,0.0991,29827414.0,2956556.97155,1
BYBIT,DOGEUSDT,60,1771585200000,0.0991,0.09915,0.09825,0.09843,37063239.0,3656512.48916,1
BYBIT,DOGEUSDT,60,1771588800000,0.09843,0.09882,0.09814,0.09834,43604584.0,4294788.88093,1
BYBIT,DOGEUSDT,60,1771592400000,0.09834,0.09834,0.09558,0.09621,169984795.0,16458922.2058,1
BYBIT,DOGEUSDT,60,1771596000000,0.09621,0.09844,0.09613,0.09782,117690428.0,11458096.43892,1
BYBIT,DOGEUSDT,60,1771599600000,0.09782,0.10054,0.09782,0.10023,250982903.0,24921516.96222,1
BYBIT,DOGEUSDT,60,1771603200000,0.10023,0.10237,0.09995,0.10113,178343063.0,18054571.41298,1
BYBIT,DOGEUSDT,60,1771606800000,0.10113,0.10145,0.09859,0.10128,144594526.0,14437709.23615,1
BYBIT,DOGEUSDT,60,1771610400000,0.10128,0.10192,0.10056,0.10142,83814169.0,8484332.82599,1
BYBIT,DOGEUSDT,60,1771614000000,0.10142,0.1017,0.09996,0.10018,44407850.0,4464371.60268,1
BYBIT,DOGEUSDT,60,1771617600000,0.10018,0.10116,0.10011,0.10064,27993970.0,2817198.50006,1
BYBIT,DOGEUSDT,60,1771621200000,0.10064,0.10082,0.10017,0.10025,19421391.0,1951360.00983,1
BYBIT,DOGEUSDT,60,1771624800000,0.10025,0.10048,0.09962,0.10031,33758925.0,3376271.7089,1
BYBIT,DOGEUSDT,60,1771628400000,0.10031,0.10056,0.0999,0.10004,21233274.0,2126181.07293,1
BYBIT,DOGEUSDT,60,1771632000000,0.10004,0.10024,0.09909,0.09932,52288572.0,5204883.8793,1
BYBIT,DOGEUSDT,60,1771635600000,0.09932,0.10023,0.09929,0.10007,32442025.0,3240936.99022,1
BYBIT,DOGEUSDT,60,1771639200000,0.10007,0.10024,0.09966,0.10007,12697146.0,1269336.81248,1
BYBIT,DOGEUSDT,60,1771642800000,0.10007,0.10009,0.09947,0.09988,26867294.0,2679481.64018,1
BYBIT,DOGEUSDT,60,1771646400000,0.09988,0.10002,0.0997,0.09982,7929044.0,791684.37668,1
BYBIT,DOGEUSDT,60,1771650000000,0.09982,0.10009,0.09981,0.09992,10207900.0,1020336.24119,1
BYBIT,DOGEUSDT,60,1771653600000,0.09992,0.10001,0.09959,0.09984,12418930.0,1239263.91192,1
BYBIT,DOGEUSDT,60,1771657200000,0.09984,0.10014,0.0997,0.10001,10546170.0,1054268.2901,1
BYBIT,DOGEUSDT,60,1771660800000,0.10001,0.10038,0.09984,0.10034,25998255.0,2601504.89308,1
BYBIT,DOGEUSDT,60,1771664400000,0.10034,0.10091,0.1001,0.10027,31124307.0,3128374.86639,1
BYBIT,DOGEUSDT,60,1771668000000,0.10027,0.10045,0.09991,0.10008,20521042.0,2056474.43673,1
BYBIT,DOGEUSDT,60,1771671600000,0.10008,0.10027,0.09972,0.1,33455441.0,3344563.73132,1
BYBIT,DOGEUSDT,60,1771675200000,0.1,0.10017,0.09959,0.10009,21917175.0,2189695.07202,1
BYBIT,DOGEUSDT,60,1771678800000,0.10009,0.10044,0.09993,0.10044,12295144.0,1231034.63607,1
BYBIT,DOGEUSDT,60,1771682400000,0.10044,0.10074,0.09999,0.10042,54291264.0,5453214.5426,1
BYBIT,DOGEUSDT,60,1771686000000,0.10042,0.10047,0.09989,0.09995,31582925.0,3163536.57267,1
BYBIT,DOGEUSDT,60,1771689600000,0.09995,0.09999,0.09932,0.09958,42470913.0,4230494.2541,1
BYBIT,DOGEUSDT,60,1771693200000,0.09958,0.09965,0.09891,0.09938,39728982.0,3945265.73337,1
BYBIT,DOGEUSDT,60,1771696800000,0.09938,0.09993,0.09936,0.0998,22938227.0,2287059.104,1
BYBIT,DOGEUSDT,60,1771700400000,0.0998,0.09983,0.09933,0.09942,13030680.0,1296599.48623,1
BYBIT,DOGEUSDT,60,1771704000000,0.09942,0.09953,0.09875,0.09881,32504127.0,3221468.04363,1
BYBIT,DOGEUSDT,60,1771707600000,0.09881,0.09932,0.09868,0.09932,16821034.0,1665013.0685,1
BYBIT,DOGEUSDT,60,1771711200000,0.09932,0.09952,0.09896,0.09913,54468730.0,5413499.66112,1
BYBIT,DOGEUSDT,60,1771714800000,0.09913,0.0992,0.09833,0.09837,33231775.0,3279362.48792,1
BYBIT,DOGEUSDT,60,1771718400000,0.09837,0.09849,0.09755,0.09785,45130269.0,4423166.95908,1
BYBIT,DOGEUSDT,60,1771722000000,0.09785,0.09817,0.09766,0.09808,25749418.0,2523067.86461,1
BYBIT,DOGEUSDT,60,1771725600000,0.09808,0.09812,0.09707,0.09722,33403359.0,3256187.85886,1
BYBIT,DOGEUSDT,60,1771729200000,0.09722,0.09751,0.09665,0.09736,32509873.0,3158627.01218,1
BYBIT,DOGEUSDT,60,1771732800000,0.09736,0.09748,0.09712,0.09733,11480413.0,1117197.13888,1
BYBIT,DOGEUSDT,60,1771736400000,0.09733,0.09734,0.09688,0.09697,29032915.0,2817024.07174,1
BYBIT,DOGEUSDT,60,1771740000000,0.09697,0.09731,0.09682,0.0972,25455963.0,2471753.14498,1
BYBIT,DOGEUSDT,60,1771743600000,0.0972,0.09741,0.0971,0.09724,14297101.0,1391016.82652,1
BYBIT,DOGEUSDT,60,1771747200000,0.09724,0.09727,0.09699,0.09708,14913103.0,1448222.25043,1
BYBIT,DOGEUSDT,60,1771750800000,0.09708,0.09731,0.097,0.09725,24659717.0,2396659.08663,1
BYBIT,DOGEUSDT,60,1771754400000,0.09725,0.09745,0.09712,0.09735,21799318.0,2121050.32859,1
BYBIT,DOGEUSDT,60,1771758000000,0.09735,0.09763,0.09718,0.0973,14653209.0,1427354.02079,1
BYBIT,DOGEUSDT,60,1771761600000,0.0973,0.09734,0.09627,0.09654,43033184.0,4158715.37925,1
BYBIT,DOGEUSDT,60,1771765200000,0.09654,0.09683,0.09571,0.0961,60044544.0,5780101.59659,1
BYBIT,DOGEUSDT,60,1771768800000,0.0961,0.09611,0.09504,0.09577,72094440.0,6894115.25425,1
BYBIT,DOGEUSDT,60,1771772400000,0.09577,0.09604,0.09515,0.0957,44712673.0,4276150.79277,1
BYBIT,DOGEUSDT,60,1771776000000,0.0957,0.09584,0.09534,0.09582,27462830.0,2623793.91648,1
BYBIT,DOGEUSDT,60,1771779600000,0.09582,0.09582,0.09464,0.09491,66405428.0,6315804.27239,1
BYBIT,DOGEUSDT,60,1771783200000,0.09491,0.0953,0.0946,0.09518,19502848.0,1852674.02468,1
BYBIT,DOGEUSDT,60,1771786800000,0.09518,0.09524,0.09486,0.095,19422501.0,1846344.06178,1
BYBIT,DOGEUSDT,60,1771790400000,0.095,0.09502,0.09441,0.09473,27796619.0,2633618.76835,1
BYBIT,DOGEUSDT,60,1771794000000,0.09473,0.09542,0.09473,0.09534,45231686.0,4300062.75634,1
BYBIT,DOGEUSDT,60,1771797600000,0.09534,0.09593,0.09514,0.09566,26160951.0,2499799.73209,1
BYBIT,DOGEUSDT,60,1771801200000,0.09566,0.09577,0.09508,0.09552,19249046.0,1835678.84743,1
BYBIT,DOGEUSDT,60,1771804800000,0.09552,0.09573,0.09433,0.09442,51599694.0,4896812.13038,1
BYBIT,DOGEUSDT,60,1771808400000,0.09442,0.09447,0.09137,0.09203,411251279.0,38018543.46139,1
BYBIT,DOGEUSDT,60,1771812000000,0.09203,0.09293,0.09191,0.09258,76660526.0,7094156.90908,1
BYBIT,DOGEUSDT,60,1771815600000,0.09258,0.09317,0.09257,0.09269,67047100.0,6227797.88379,1
BYBIT,DOGEUSDT,60,1771819200000,0.09269,0.09285,0.09223,0.09242,21725572.0,2010186.85083,1
BYBIT,DOGEUSDT,60,1771822800000,0.09242,0.09293,0.09225,0.09272,24882068.0,2303564.73768,1
BYBIT,DOGEUSDT,60,1771826400000,0.09272,0.09464,0.09264,0.09456,54486031.0,5121579.39764,1
BYBIT,DOGEUSDT,60,1771830000000,0.09456,0.09519,0.09445,0.09481,71101037.0,6737886.11498,1
BYBIT,DOGEUSDT,60,1771833600000,0.09481,0.09502,0.09434,0.09472,38755259.0,3670128.97224,1
BYBIT,DOGEUSDT,60,1771837200000,0.09472,0.09667,0.09461,0.09651,60890351.0,5833006.13406,1
BYBIT,DOGEUSDT,60,1771840800000,0.09651,0.09698,0.09602,0.09625,62723449.0,6043713.88456,1
BYBIT,DOGEUSDT,60,1771844400000,0.09625,0.09711,0.09625,0.09666,101351409.0,9793050.78403,1
BYBIT,DOGEUSDT,60,1771848000000,0.09666,0.09755,0.09635,0.09711,76785811.0,7442597.57117,1
BYBIT,DOGEUSDT,60,1771851600000,0.09711,0.0975,0.09666,0.09678,41102347.0,3988749.802,1
BYBIT,DOGEUSDT,60,1771855200000,0.09678,0.09699,0.09543,0.0961,129689607.0,12481107.08253,1
BYBIT,DOGEUSDT,60,1771858800000,0.0961,0.09642,0.09473,0.09489,86942707.0,8307216.57835,1
BYBIT,DOGEUSDT,60,1771862400000,0.09489,0.09536,0.09396,0.09446,128938335.0,12197539.28871,1
BYBIT,DOGEUSDT,60,1771866000000,0.09446,0.09486,0.09275,0.09383,121098030.0,11345011.06173,1
BYBIT,DOGEUSDT,60,1771869600000,0.09383,0.0944,0.0932,0.09336,105978417.0,9934852.44826,1
BYBIT,DOGEUSDT,60,1771873200000,0.09336,0.09347,0.09244,0.09281,83010301.0,7713615.78517,1
BYBIT,DOGEUSDT,60,1771876800000,0.09281,0.09337,0.09251,0.09317,53246653.0,4946434.14932,1
BYBIT,DOGEUSDT,60,1771880400000,0.09317,0.09345,0.09285,0.09326,47820422.0,4454236.05351,1
BYBIT,DOGEUSDT,60,1771884000000,0.09326,0.0935,0.09298,0.093,47130617.0,4396301.64487,1
BYBIT,DOGEUSDT,60,1771887600000,0.093,0.09338,0.09245,0.09265,50120972.0,4654138.67806,1
BYBIT,DOGEUSDT,60,1771891200000,0.09265,0.09334,0.09265,0.09316,31289721.0,2912277.62733,1
BYBIT,DOGEUSDT,60,1771894800000,0.09316,0.09357,0.09091,0.0927,177514745.0,16354745.36605,1
BYBIT,DOGEUSDT,60,1771898400000,0.0927,0.0932,0.09211,0.09254,29559897.0,2734524.17384,1
BYBIT,DOGEUSDT,60,1771902000000,0.09254,0.09254,0.09172,0.09205,42854260.0,3945247.12195,1
BYBIT,DOGEUSDT,60,1771905600000,0.09205,0.09212,0.09098,0.09139,80779593.0,7391661.35462,1
BYBIT,DOGEUSDT,60,1771909200000,0.09139,0.09165,0.09056,0.0912,84066963.0,7659163.86846,1
BYBIT,DOGEUSDT,60,1771912800000,0.0912,0.09139,0.09075,0.09095,30453474.0,2773941.23063,1
BYBIT,DOGEUSDT,60,1771916400000,0.09095,0.09141,0.09078,0.09119,30947423.0,2820961.61097,1
BYBIT,DOGEUSDT,60,1771920000000,0.09119,0.09164,0.0909,0.09151,53660747.0,4895495.42043,1
BYBIT,DOGEUSDT,60,1771923600000,0.09151,0.0916,0.09068,0.09116,43824001.0,3992209.45056,1
BYBIT,DOGEUSDT,60,1771927200000,0.09116,0.09158,0.09099,0.09139,23931880.0,2183876.17969,1
BYBIT,DOGEUSDT,60,1771930800000,0.09139,0.09148,0.09081,0.09123,70453181.0,6413541.71489,1
BYBIT,DOGEUSDT,60,1771934400000,0.09123,0.09141,0.09096,0.09107,26997803.0,2461645.02277,1
BYBIT,DOGEUSDT,60,1771938000000,0.09107,0.09119,0.09005,0.09078,80386244.0,7290949.33214,1
BYBIT,DOGEUSDT,60,1771941600000,0.09078,0.0922,0.08989,0.09129,217089858.0,19824335.62606,1
BYBIT,DOGEUSDT,60,1771945200000,0.09129,0.09259,0.09109,0.09172,162439697.0,14960360.70627,1
BYBIT,DOGEUSDT,60,1771948800000,0.09172,0.09267,0.09131,0.09203,70911040.0,6524567.03487,1
BYBIT,DOGEUSDT,60,1771952400000,0.09203,0.09228,0.09138,0.09162,46768753.0,4296176.26575,1
BYBIT,DOGEUSDT,60,1771956000000,0.09162,0.09221,0.09146,0.09203,46077983.0,4236627.76295,1
BYBIT,DOGEUSDT,60,1771959600000,0.09203,0.09228,0.09165,0.09196,23526874.0,2162430.92229,1
BYBIT,DOGEUSDT,60,1771963200000,0.09196,0.09235,0.09182,0.09215,29502916.0,2714031.19466,1
BYBIT,DOGEUSDT,60,1771966800000,0.09215,0.09215,0.09148,0.09177,25318459.0,2322537.30776,1
BYBIT,DOGEUSDT,60,1771970400000,0.09177,0.09226,0.09167,0.09196,38685232.0,3560360.51831,1
BYBIT,DOGEUSDT,60,1771974000000,0.09196,0.09197,0.09125,0.09131,51563486.0,4718310.15401,1
BYBIT,DOGEUSDT,60,1771977600000,0.09131,0.09141,0.09083,0.09111,25924657.0,2362834.29886,1
BYBIT,DOGEUSDT,60,1771981200000,0.09111,0.0949,0.09106,0.09383,240628899.0,22460700.26792,1
BYBIT,DOGEUSDT,60,1771984800000,0.09383,0.09472,0.09334,0.09353,155459910.0,14623581.07794,1
BYBIT,DOGEUSDT,60,1771988400000,0.09353,0.09368,0.09258,0.09271,96875756.0,9002513.37475,1
BYBIT,DOGEUSDT,60,1771992000000,0.09271,0.09291,0.09173,0.09259,86326854.0,7970701.35363,1
BYBIT,DOGEUSDT,60,1771995600000,0.09259,0.09262,0.09133,0.09194,53242647.0,4890343.75304,1
BYBIT,DOGEUSDT,60,1771999200000,0.09194,0.09247,0.09193,0.09225,26242876.0,2419253.30961,1
BYBIT,DOGEUSDT,60,1772002800000,0.09225,0.09289,0.09222,0.09279,28727627.0,2658706.67479,1
BYBIT,DOGEUSDT,60,1772006400000,0.09279,0.0935,0.09246,0.09344,76023194.0,7068042.38459,1
BYBIT,DOGEUSDT,60,1772010000000,0.09344,0.09383,0.09317,0.09346,40880728.0,3821294.46996,1
BYBIT,DOGEUSDT,60,1772013600000,0.09346,0.09389,0.09336,0.09362,41750049.0,3907445.51576,1
BYBIT,DOGEUSDT,60,1772017200000,0.09362,0.09422,0.0934,0.09402,27442072.0,2575191.74232,1
BYBIT,DOGEUSDT,60,1772020800000,0.09402,0.09604,0.09397,0.0957,80882194.0,7696759.95345,1
BYBIT,DOGEUSDT,60,1772024400000,0.0957,0.09743,0.0956,0.09697,126216942.0,12195822.64068,1
BYBIT,DOGEUSDT,60,1772028000000,0.09697,0.10096,0.09696,0.10082,242384007.0,24001472.60962,1
BYBIT,DOGEUSDT,60,1772031600000,0.10082,0.10267,0.10025,0.10153,430254023.0,43648007.13639,1
BYBIT,DOGEUSDT,60,1772035200000,0.10153,0.10282,0.10072,0.10264,259377264.0,26355975.61865,1
BYBIT,DOGEUSDT,60,1772038800000,0.10264,0.10342,0.10238,0.10278,187215192.0,19250158.09254,1
BYBIT,DOGEUSDT,60,1772042400000,0.10278,0.10392,0.10221,0.10354,115960182.0,11968556.48194,1
BYBIT,DOGEUSDT,60,1772046000000,0.10354,0.10428,0.10317,0.10402,84487938.0,8755073.25517,1
BYBIT,DOGEUSDT,60,1772049600000,0.10402,0.10457,0.10328,0.10398,85063977.0,8849771.48682,1
BYBIT,DOGEUSDT,60,1772053200000,0.10398,0.10618,0.10383,0.10526,198686219.0,20855137.01101,1
BYBIT,DOGEUSDT,60,1772056800000,0.10526,0.10585,0.10219,0.10289,162644081.0,16915671.40667,1
BYBIT,DOGEUSDT,60,1772060400000,0.10289,0.10341,0.09941,0.10089,299029203.0,30279187.55625,1
BYBIT,DOGEUSDT,60,1772064000000,0.10089,0.10154,0.09975,0.10041,138175542.0,13901490.29705,1
BYBIT,DOGEUSDT,60,1772067600000,0.10041,0.10123,0.10024,0.10054,48852326.0,4924035.9843,1
BYBIT,DOGEUSDT,60,1772071200000,0.10054,0.10152,0.0998,0.10132,48893905.0,4915709.16854,1
BYBIT,DOGEUSDT,60,1772074800000,0.10132,0.10142,0.10063,0.10075,29260182.0,2955598.65615,1
BYBIT,DOGEUSDT,60,1772078400000,0.10075,0.10164,0.10057,0.10111,42581035.0,4306906.50158,1
BYBIT,DOGEUSDT,60,1772082000000,0.10111,0.10111,0.09958,0.10016,81110314.0,8122396.81513,1
BYBIT,DOGEUSDT,60,1772085600000,0.10016,0.10047,0.09979,0.09997,36599533.0,3662788.19518,1
BYBIT,DOGEUSDT,60,1772089200000,0.09997,0.10016,0.09921,0.09951,46545274.0,4638410.93562,1
BYBIT,DOGEUSDT,60,1772092800000,0.09951,0.10031,0.0995,0.09953,44944790.0,4485910.90181,1
BYBIT,DOGEUSDT,60,1772096400000,0.09953,0.10057,0.09943,0.10015,70226672.0,7026626.60356,1
BYBIT,DOGEUSDT,60,1772100000000,0.10015,0.10018,0.09866,0.09887,79810367.0,7927435.62943,1
BYBIT,DOGEUSDT,60,1772103600000,0.09887,0.09899,0.09821,0.09844,69822423.0,6877830.08406,1
BYBIT,DOGEUSDT,60,1772107200000,0.09844,0.09939,0.09839,0.09933,64101682.0,6346683.55313,1
BYBIT,DOGEUSDT,60,1772110800000,0.09933,0.09941,0.09876,0.09893,33813872.0,3350967.47244,1
BYBIT,DOGEUSDT,60,1772114400000,0.09893,0.09942,0.09802,0.09881,148945995.0,14696042.48157,1
BYBIT,DOGEUSDT,60,1772118000000,0.09881,0.09904,0.09733,0.09855,185878155.0,18227757.18505,1
BYBIT,DOGEUSDT,60,1772121600000,0.09855,0.09873,0.09556,0.09568,239499573.0,23181490.42528,1
BYBIT,DOGEUSDT,60,1772125200000,0.09568,0.09673,0.09558,0.09575,69506281.0,6686644.5045,1
BYBIT,DOGEUSDT,60,1772128800000,0.09575,0.09658,0.0953,0.09603,95656514.0,9177786.30709,1
BYBIT,DOGEUSDT,60,1772132400000,0.09603,0.09747,0.09599,0.09728,179589472.0,17404942.3568,1
BYBIT,DOGEUSDT,60,1772136000000,0.09728,0.0976,0.09659,0.09673,49663323.0,4818470.39182,1
BYBIT,DOGEUSDT,60,1772139600000,0.09673,0.09685,0.09639,0.09667,32788460.0,3165990.66212,1
BYBIT,DOGEUSDT,60,1772143200000,0.09667,0.09715,0.09647,0.09688,42405906.0,4103870.83107,1
BYBIT,DOGEUSDT,60,1772146800000,0.09688,0.09714,0.09653,0.09695,18355614.0,1777047.24271,1
BYBIT,DOGEUSDT,60,1772150400000,0.09695,0.09699,0.09617,0.09663,37867014.0,3655724.03586,1
BYBIT,DOGEUSDT,60,1772154000000,0.09663,0.09712,0.09636,0.09707,47711683.0,4618521.27416,1
BYBIT,DOGEUSDT,60,1772157600000,0.09707,0.09761,0.09702,0.09715,29560556.0,2876293.62047,1
BYBIT,DOGEUSDT,60,1772161200000,0.09715,0.09761,0.09655,0.09747,44847029.0,4349528.74423,1
BYBIT,DOGEUSDT,60,1772164800000,0.09747,0.09911,0.09743,0.0984,176874802.0,17428108.7978,1
BYBIT,DOGEUSDT,60,1772168400000,0.0984,0.09898,0.09835,0.09849,30937940.0,3052659.72716,1
BYBIT,DOGEUSDT,60,1772172000000,0.09849,0.09902,0.09797,0.09881,38302124.0,3774912.33102,1
BYBIT,DOGEUSDT,60,1772175600000,0.09881,0.09895,0.0977,0.09838,44127502.0,4339221.96345,1
BYBIT,DOGEUSDT,60,1772179200000,0.09838,0.09859,0.09792,0.09824,48724181.0,4787911.38304,1
BYBIT,DOGEUSDT,60,1772182800000,0.09824,0.09851,0.09694,0.09729,129682290.0,12650835.08279,1
BYBIT,DOGEUSDT,60,1772186400000,0.09729,0.09741,0.09583,0.09596,97269967.0,9388682.61574,1
BYBIT,DOGEUSDT,60,1772190000000,0.09596,0.09642,0.0946,0.09494,139705089.0,13327953.8129,1
BYBIT,DOGEUSDT,60,1772193600000,0.09494,0.09532,0.09468,0.09511,90288048.0,8576397.39123,1
BYBIT,DOGEUSDT,60,1772197200000,0.09511,0.09548,0.09378,0.09471,182482683.0,17255924.75911,1
BYBIT,DOGEUSDT,60,1772200800000,0.09471,0.09484,0.09371,0.09388,84656419.0,7981499.01919,1
BYBIT,DOGEUSDT,60,1772204400000,0.09388,0.09439,0.09352,0.09399,60348135.0,5671911.75981,1
BYBIT,DOGEUSDT,60,1772208000000,0.09399,0.09426,0.09326,0.0936,92435848.0,8668566.40424,1
BYBIT,DOGEUSDT,60,1772211600000,0.0936,0.09389,0.09291,0.09366,75245387.0,7028391.56852,1
BYBIT,DOGEUSDT,60,1772215200000,0.09366,0.09382,0.0932,0.09336,20150520.0,1883731.318,1
BYBIT,DOGEUSDT,60,1772218800000,0.09336,0.09339,0.09265,0.09296,43222316.0,4019860.65365,1
BYBIT,DOGEUSDT,60,1772222400000,0.09296,0.09336,0.09289,0.09319,23367115.0,2178325.10465,1
BYBIT,DOGEUSDT,60,1772226000000,0.09319,0.09342,0.09284,0.09306,31577924.0,2941359.00284,1
BYBIT,DOGEUSDT,60,1772229600000,0.09306,0.0932,0.09187,0.09306,94905854.0,8785424.81637,1
BYBIT,DOGEUSDT,60,1772233200000,0.09306,0.09336,0.09287,0.09331,38218408.0,3558834.77084,1
BYBIT,DOGEUSDT,60,1772236800000,0.09331,0.09369,0.09323,0.09342,48216729.0,4505491.24714,1
BYBIT,DOGEUSDT,60,1772240400000,0.09342,0.09363,0.09314,0.09327,28402272.0,2652332.46584,1
BYBIT,DOGEUSDT,60,1772244000000,0.09327,0.09371,0.0932,0.09366,34518746.0,3229246.84705,1
BYBIT,DOGEUSDT,60,1772247600000,0.09366,0.09366,0.09304,0.09318,27712165.0,2585810.23352,1
BYBIT,DOGEUSDT,60,1772251200000,0.09318,0.09335,0.09265,0.09303,28209456.0,2623661.68862,1
BYBIT,DOGEUSDT,60,1772254800000,0.09303,0.09312,0.09236,0.09253,45697509.0,4234917.96054,1
BYBIT,DOGEUSDT,60,1772258400000,0.09253,0.09259,0.08815,0.08863,602133605.0,54208703.86426,1
BYBIT,DOGEUSDT,60,1772262000000,0.08863,0.09039,0.08794,0.08927,258900239.0,23125582.61467,1
BYBIT,DOGEUSDT,60,1772265600000,0.08927,0.08941,0.08838,0.08852,85279781.0,7584026.94189,1
BYBIT,DOGEUSDT,60,1772269200000,0.08852,0.08916,0.08773,0.08835,119680967.0,10583597.56267,1
BYBIT,DOGEUSDT,60,1772272800000,0.08835,0.08915,0.08765,0.0885,139009622.0,12289969.02555,1
BYBIT,DOGEUSDT,60,1772276400000,0.0885,0.08915,0.08845,0.08868,87232954.0,7749616.34961,1
BYBIT,DOGEUSDT,60,1772280000000,0.08868,0.08926,0.0885,0.0888,64318367.0,5716847.58087,1
BYBIT,DOGEUSDT,60,1772283600000,0.0888,0.09203,0.08878,0.09142,274310621.0,24849917.31025,1
BYBIT,DOGEUSDT,60,1772287200000,0.09142,0.09189,0.08998,0.09022,166200538.0,15118294.36892,1
BYBIT,DOGEUSDT,60,1772290800000,0.09022,0.09098,0.08969,0.09073,92614896.0,8381781.27558,1
BYBIT,DOGEUSDT,60,1772294400000,0.09073,0.09111,0.09033,0.09081,58255224.0,5283540.35976,1
BYBIT,DOGEUSDT,60,1772298000000,0.09081,0.09123,0.09008,0.09104,65747879.0,5953969.19658,1
BYBIT,DOGEUSDT,60,1772301600000,0.09104,0.09282,0.09071,0.09208,121476870.0,11149155.12028,1
BYBIT,DOGEUSDT,60,1772305200000,0.09208,0.09339,0.09137,0.09279,163917946.0,15143955.91856,1
BYBIT,DOGEUSDT,60,1772308800000,0.09279,0.09458,0.09255,0.09425,146983589.0,13788501.21263,1
BYBIT,DOGEUSDT,60,1772312400000,0.09425,0.09436,0.09336,0.0938,92422653.0,8669051.8058,1
BYBIT,DOGEUSDT,60,1772316000000,0.0938,0.09497,0.0938,0.09389,68123979.0,6423332.68713,1
BYBIT,DOGEUSDT,60,1772319600000,0.09389,0.09417,0.09375,0.09399,32723085.0,3074706.58741,1
BYBIT,DOGEUSDT,60,1772323200000,0.09399,0.09423,0.09351,0.09387,35501897.0,3330842.27015,1
BYBIT,DOGEUSDT,60,1772326800000,0.09387,0.09614,0.09298,0.09542,130665353.0,12332345.55173,1
BYBIT,DOGEUSDT,60,1772330400000,0.09542,0.0978,0.09542,0.09699,213762441.0,20722059.27335,1
BYBIT,DOGEUSDT,60,1772334000000,0.09699,0.09724,0.09572,0.09604,106293558.0,10246865.33343,1
BYBIT,DOGEUSDT,60,1772337600000,0.09604,0.0965,0.09563,0.0962,67915377.0,6530083.3431,1
BYBIT,DOGEUSDT,60,1772341200000,0.0962,0.09654,0.09579,0.0959,27634040.0,2657528.96359,1
BYBIT,DOGEUSDT,60,1772344800000,0.0959,0.09597,0.09438,0.09473,100044570.0,9498812.38232,1
BYBIT,DOGEUSDT,60,1772348400000,0.09473,0.09497,0.0943,0.09481,42514491.0,4025293.55301,1
BYBIT,DOGEUSDT,60,1772352000000,0.09481,0.09485,0.09331,0.09358,96341666.0,9065532.96098,1
BYBIT,DOGEUSDT,60,1772355600000,0.09358,0.0944,0.09325,0.09343,69512310.0,6516752.05783,1
BYBIT,DOGEUSDT,60,1772359200000,0.09343,0.09398,0.09312,0.09363,58177469.0,5443148.84674,1
BYBIT,DOGEUSDT,60,1772362800000,0.09363,0.09375,0.09332,0.09347,48070339.0,4496392.28625,1
BYBIT,DOGEUSDT,60,1772366400000,0.09347,0.09371,0.09278,0.09292,48949365.0,4560459.87952,1
BYBIT,DOGEUSDT,60,1772370000000,0.09292,0.09492,0.09241,0.09429,225385822.0,21141201.461,1
BYBIT,DOGEUSDT,60,1772373600000,0.09429,0.09546,0.09366,0.09401,127162090.0,12014063.30864,1
BYBIT,DOGEUSDT,60,1772377200000,0.09401,0.09459,0.09374,0.09382,65494562.0,6171061.15807,1
BYBIT,DOGEUSDT,60,1772380800000,0.09382,0.09449,0.092,0.09284,210084140.0,19572172.19109,1
BYBIT,DOGEUSDT,60,1772384400000,0.09284,0.09287,0.09166,0.09228,115027944.0,10621586.29614,1
BYBIT,DOGEUSDT,60,1772388000000,0.09228,0.09354,0.09226,0.09273,92608917.0,8607521.5811,1
BYBIT,DOGEUSDT,60,1772391600000,0.09273,0.09276,0.09142,0.09174,93819648.0,8628559.32233,1
BYBIT,DOGEUSDT,60,1772395200000,0.09174,0.09186,0.09048,0.09084,113382883.0,10313129.14463,1
BYBIT,DOGEUSDT,60,1772398800000,0.09084,0.09212,0.09077,0.09193,91114015.0,8349560.73622,1
BYBIT,DOGEUSDT,60,1772402400000,0.09193,0.0934,0.09165,0.09182,163754814.0,15162051.75617,1
BYBIT,DOGEUSDT,60,1772406000000,0.09182,0.09292,0.09162,0.09185,49584479.0,4570830.2048,1
BYBIT,DOGEUSDT,60,1772409600000,0.09185,0.09337,0.09178,0.09297,55967777.0,5173407.7719,1
BYBIT,DOGEUSDT,60,1772413200000,0.09297,0.09445,0.09287,0.09325,64522387.0,6041295.92113,1
BYBIT,DOGEUSDT,60,1772416800000,0.09325,0.09361,0.09246,0.09265,63723944.0,5918000.83615,1
BYBIT,DOGEUSDT,60,1772420400000,0.09265,0.0935,0.09233,0.09321,51268235.0,4769531.63026,1
BYBIT,DOGEUSDT,60,1772424000000,0.09321,0.09351,0.09288,0.09312,29069553.0,2708897.30774,1
BYBIT,DOGEUSDT,60,1772427600000,0.09312,0.09345,0.09264,0.09296,22280889.0,2073478.65575,1
BYBIT,DOGEUSDT,60,1772431200000,0.09296,0.09297,0.09151,0.09195,72770109.0,6704619.90711,1
BYBIT,DOGEUSDT,60,1772434800000,0.09195,0.09202,0.09108,0.09168,49982849.0,4576502.46079,1
BYBIT,DOGEUSDT,60,1772438400000,0.09168,0.09236,0.09125,0.09225,52361690.0,4803126.77668,1
BYBIT,DOGEUSDT,60,1772442000000,0.09225,0.09292,0.09201,0.09201,44514547.0,4117207.51754,1
BYBIT,DOGEUSDT,60,1772445600000,0.09201,0.09224,0.09152,0.09184,36600048.0,3360440.13635,1
BYBIT,DOGEUSDT,60,1772449200000,0.09184,0.09214,0.0914,0.09179,39498917.0,3625562.45021,1
BYBIT,DOGEUSDT,60,1772452800000,0.09179,0.09197,0.09117,0.09135,38813043.0,3550782.26723,1
BYBIT,DOGEUSDT,60,1772456400000,0.09135,0.09167,0.09076,0.09089,64953680.0,5919019.37057,1
BYBIT,DOGEUSDT,60,1772460000000,0.09089,0.09385,0.09073,0.09354,196727975.0,18191548.09549,1
BYBIT,DOGEUSDT,60,1772463600000,0.09354,0.09661,0.09328,0.09563,369574710.0,35318075.03842,1
BYBIT,DOGEUSDT,60,1772467200000,0.09563,0.09766,0.0954,0.09622,246859978.0,23840424.50811,1
BYBIT,DOGEUSDT,60,1772470800000,0.09622,0.09644,0.09432,0.0954,146664538.0,13970187.29609,1
BYBIT,DOGEUSDT,60,1772474400000,0.0954,0.09601,0.09454,0.09545,67650199.0,6451972.30748,1
BYBIT,DOGEUSDT,60,1772478000000,0.09545,0.09582,0.09485,0.09548,64236863.0,6123814.55199,1
BYBIT,DOGEUSDT,60,1772481600000,0.09548,0.09596,0.09456,0.09456,47178772.0,4488613.15432,1
BYBIT,DOGEUSDT,60,1772485200000,0.09456,0.09463,0.09386,0.09407,75612744.0,7123266.5038,1
BYBIT,DOGEUSDT,60,1772488800000,0.09407,0.09496,0.09399,0.09474,70313007.0,6639082.0613,1
BYBIT,DOGEUSDT,60,1772492400000,0.09474,0.09479,0.09324,0.09348,67676461.0,6350838.37256,1
BYBIT,DOGEUSDT,60,1772496000000,0.09348,0.09368,0.09272,0.09345,55399933.0,5166001.1984,1
BYBIT,DOGEUSDT,60,1772499600000,0.09345,0.09378,0.09275,0.09283,55024638.0,5136424.74842,1
BYBIT,DOGEUSDT,60,1772503200000,0.09283,0.09289,0.09207,0.09255,72512118.0,6706364.05923,1
BYBIT,DOGEUSDT,60,1772506800000,0.09255,0.09273,0.09201,0.09252,47856568.0,4424666.81754,1
BYBIT,DOGEUSDT,60,1772510400000,0.09252,0.09258,0.09152,0.09167,72043383.0,6619510.57282,1
BYBIT,DOGEUSDT,60,1772514000000,0.09167,0.09236,0.09116,0.09161,70739964.0,6497965.18547,1
BYBIT,DOGEUSDT,60,1772517600000,0.09161,0.09172,0.09122,0.09161,27260150.0,2494342.14512,1
BYBIT,DOGEUSDT,60,1772521200000,0.09161,0.092,0.09101,0.09129,149948230.0,13742372.1573,1
BYBIT,DOGEUSDT,60,1772524800000,0.09129,0.09151,0.08965,0.08989,130276841.0,11781367.12692,1
BYBIT,DOGEUSDT,60,1772528400000,0.08989,0.09049,0.08939,0.0896,98081142.0,8815992.56845,1
BYBIT,DOGEUSDT,60,1772532000000,0.0896,0.09005,0.08916,0.0898,102490431.0,9179358.87992,1
BYBIT,DOGEUSDT,60,1772535600000,0.0898,0.09011,0.08956,0.09001,51767439.0,4652788.91149,1
BYBIT,DOGEUSDT,60,1772539200000,0.09001,0.09103,0.08974,0.09036,91078478.0,8229672.79697,1
BYBIT,DOGEUSDT,60,1772542800000,0.09036,0.09041,0.08957,0.08982,49075951.0,4409479.95458,1
BYBIT,DOGEUSDT,60,1772546400000,0.08982,0.09096,0.08856,0.08929,259095650.0,23232478.48341,1
BYBIT,DOGEUSDT,60,1772550000000,0.08929,0.09058,0.08869,0.09014,153326007.0,13733034.3691,1
BYBIT,DOGEUSDT,60,1772553600000,0.09014,0.09236,0.08961,0.09084,306890887.0,27906911.69303,1
BYBIT,DOGEUSDT,60,1772557200000,0.09084,0.09095,0.08937,0.09008,118632908.0,10677534.78348,1
BYBIT,DOGEUSDT,60,1772560800000,0.09008,0.09058,0.08923,0.08972,97754803.0,8789948.43764,1
BYBIT,DOGEUSDT,60,1772564400000,0.08972,0.08989,0.08901,0.08934,122825710.0,10991406.35638,1
BYBIT,DOGEUSDT,60,1772568000000,0.08934,0.08942,0.08875,0.08904,64834006.0,5776382.31825,1
BYBIT,DOGEUSDT,60,1772571600000,0.08904,0.0894,0.0884,0.08933,78317415.0,6954375.80659,1
BYBIT,DOGEUSDT,60,1772575200000,0.08933,0.09057,0.08933,0.09012,71161208.0,6410299.83327,1
BYBIT,DOGEUSDT,60,1772578800000,0.09012,0.09083,0.08984,0.08992,42615909.0,3844531.52647,1
BYBIT,DOGEUSDT,60,1772582400000,0.08992,0.09012,0.08921,0.08977,64238487.0,5761403.17244,1
BYBIT,DOGEUSDT,60,1772586000000,0.08977,0.09059,0.08946,0.08982,49107073.0,4420378.96651,1
BYBIT,DOGEUSDT,60,1772589600000,0.08982,0.09013,0.08945,0.08988,40643111.0,3643877.62472,1
BYBIT,DOGEUSDT,60,1772593200000,0.08988,0.09008,0.08854,0.08935,89453737.0,7967669.40525,1
BYBIT,DOGEUSDT,60,1772596800000,0.08935,0.08977,0.08887,0.08924,55126046.0,4920698.62281,1
BYBIT,DOGEUSDT,60,1772600400000,0.08924,0.08962,0.08865,0.0892,51177067.0,4558643.58218,1
BYBIT,DOGEUSDT,60,1772604000000,0.0892,0.08972,0.08867,0.08916,67245028.0,5992550.31115,1
BYBIT,DOGEUSDT,60,1772607600000,0.08916,0.09051,0.08879,0.09008,123349293.0,11050079.7662,1
BYBIT,DOGEUSDT,60,1772611200000,0.09008,0.09251,0.08964,0.09222,206266352.0,18770145.48717,1
BYBIT,DOGEUSDT,60,1772614800000,0.09222,0.09339,0.09187,0.0925,339672061.0,31469093.38581,1
BYBIT,DOGEUSDT,60,1772618400000,0.0925,0.09323,0.09244,0.09299,161765881.0,15012526.69105,1
BYBIT,DOGEUSDT,60,1772622000000,0.09299,0.09309,0.09188,0.09226,103935612.0,9609776.98069,1
BYBIT,DOGEUSDT,60,1772625600000,0.09226,0.09264,0.09145,0.0924,81937254.0,7543908.29456,1
BYBIT,DOGEUSDT,60,1772629200000,0.0924,0.09412,0.09231,0.09403,127713204.0,11906152.27247,1
BYBIT,DOGEUSDT,60,1772632800000,0.09403,0.09607,0.09378,0.0952,440137210.0,41774893.26171,1
BYBIT,DOGEUSDT,60,1772636400000,0.0952,0.09919,0.09519,0.099,430068460.0,41729933.20785,1
BYBIT,DOGEUSDT,60,1772640000000,0.099,0.10004,0.09745,0.09959,337415551.0,33319477.62033,1
BYBIT,DOGEUSDT,60,1772643600000,0.09959,0.10335,0.09948,0.10179,514908740.0,52322342.42726,1
BYBIT,DOGEUSDT,60,1772647200000,0.10179,0.10244,0.10109,0.10211,230936144.0,23501325.68181,1
BYBIT,DOGEUSDT,60,1772650800000,0.10211,0.10427,0.10184,0.10274,270948177.0,27969791.82684,1
BYBIT,DOGEUSDT,60,1772654400000,0.10274,0.10349,0.10195,0.1022,208649702.0,21449241.42274,1
BYBIT,DOGEUSDT,60,1772658000000,0.1022,0.10269,0.10163,0.10217,155120331.0,15837910.0515,1
BYBIT,DOGEUSDT,60,1772661600000,0.10217,0.10304,0.0986,0.09916,307232018.0,30884416.06739,1
BYBIT,DOGEUSDT,60,1772665200000,0.09916,0.09983,0.09884,0.09887,160157980.0,15900530.80522,1
BYBIT,DOGEUSDT,60,1772668800000,0.09887,0.0992,0.09767,0.09809,166481635.0,16349462.35171,1
BYBIT,DOGEUSDT,60,1772672400000,0.09809,0.09876,0.09646,0.09681,114252398.0,11140206.8449,1
BYBIT,DOGEUSDT,60,1772676000000,0.09681,0.09725,0.09607,0.09636,69059529.0,6669299.03514,1
BYBIT,DOGEUSDT,60,1772679600000,0.09636,0.0964,0.09584,0.09612,97386787.0,9357707.97438,1
BYBIT,DOGEUSDT,60,1772683200000,0.09612,0.09725,0.09603,0.09669,158842842.0,15373980.88185,1
BYBIT,DOGEUSDT,60,1772686800000,0.09669,0.09703,0.09591,0.09601,72405540.0,6971436.06553,1
BYBIT,DOGEUSDT,60,1772690400000,0.09601,0.0965,0.09533,0.09645,112081434.0,10749737.31552,1
BYBIT,DOGEUSDT,60,1772694000000,0.09645,0.09662,0.09513,0.09564,117202756.0,11243491.09032,1
BYBIT,DOGEUSDT,60,1772697600000,0.09564,0.09584,0.09527,0.09569,80041285.0,7650918.77106,1
BYBIT,DOGEUSDT,60,1772701200000,0.09569,0.09652,0.09563,0.0962,91225270.0,8767499.37959,1
BYBIT,DOGEUSDT,60,1772704800000,0.0962,0.09792,0.09599,0.09762,205736191.0,19984237.72776,1
BYBIT,DOGEUSDT,60,1772708400000,0.09762,0.09781,0.09569,0.09587,188640348.0,18225446.16707,1
BYBIT,DOGEUSDT,60,1772712000000,0.09587,0.0964,0.09542,0.09619,83300549.0,7991351.9092,1
BYBIT,DOGEUSDT,60,1772715600000,0.09619,0.09622,0.09449,0.09507,194085558.0,18456288.86376,1
BYBIT,DOGEUSDT,60,1772719200000,0.09507,0.09568,0.09415,0.09537,195830300.0,18579103.80394,1
BYBIT,DOGEUSDT,60,1772722800000,0.09537,0.09562,0.09381,0.0942,220848500.0,20856098.48618,1
BYBIT,DOGEUSDT,60,1772726400000,0.0942,0.09421,0.09267,0.09383,192003268.0,17941283.07937,1
BYBIT,DOGEUSDT,60,1772730000000,0.09383,0.09427,0.09275,0.09302,95861689.0,8946950.47266,1
BYBIT,DOGEUSDT,60,1772733600000,0.09302,0.09392,0.09286,0.09367,87074513.0,8140600.07963,1
BYBIT,DOGEUSDT,60,1772737200000,0.09367,0.09452,0.09365,0.09387,69058342.0,6496819.25822,1
BYBIT,DOGEUSDT,60,1772740800000,0.09387,0.09477,0.09383,0.09431,59209323.0,5592063.9562,1
BYBIT,DOGEUSDT,60,1772744400000,0.09431,0.09464,0.09363,0.09386,73136410.0,6879145.87826,1
BYBIT,DOGEUSDT,60,1772748000000,0.09386,0.09402,0.09344,0.09376,44807852.0,4198309.74026,1
BYBIT,DOGEUSDT,60,1772751600000,0.09376,0.09386,0.09337,0.09351,25771214.0,2411978.4325,1
BYBIT,DOGEUSDT,60,1772755200000,0.09351,0.09381,0.09338,0.09364,41773278.0,3911731.30282,1
BYBIT,DOGEUSDT,60,1772758800000,0.09364,0.09426,0.09307,0.09399,58941347.0,5523493.65361,1
BYBIT,DOGEUSDT,60,1772762400000,0.09399,0.09399,0.09344,0.09357,32576886.0,3051497.99647,1
BYBIT,DOGEUSDT,60,1772766000000,0.09357,0.09399,0.0935,0.09385,17608314.0,1650486.75832,1
BYBIT,DOGEUSDT,60,1772769600000,0.09385,0.09386,0.09293,0.09341,49749913.0,4643025.62687,1
BYBIT,DOGEUSDT,60,1772773200000,0.09341,0.0937,0.09312,0.09355,62835074.0,5866189.61296,1
BYBIT,DOGEUSDT,60,1772776800000,0.09355,0.09372,0.09329,0.09333,39674348.0,3709437.48508,1
BYBIT,DOGEUSDT,60,1772780400000,0.09333,0.09434,0.09328,0.09392,85381112.0,8018859.4036,1
BYBIT,DOGEUSDT,60,1772784000000,0.09392,0.09393,0.09276,0.09319,113862684.0,10616055.30273,1
BYBIT,DOGEUSDT,60,1772787600000,0.09319,0.09323,0.09233,0.09316,139704716.0,12955947.22498,1
BYBIT,DOGEUSDT,60,1772791200000,0.09316,0.09375,0.09307,0.09344,53707493.0,5024128.9929,1
BYBIT,DOGEUSDT,60,1772794800000,0.09344,0.09362,0.09289,0.09303,34915746.0,3255388.6292,1
BYBIT,DOGEUSDT,60,1772798400000,0.09303,0.09344,0.09262,0.09302,83971793.0,7804037.42736,1
BYBIT,DOGEUSDT,60,1772802000000,0.09302,0.09352,0.09129,0.09152,305456724.0,28220499.62862,1
BYBIT,DOGEUSDT,60,1772805600000,0.09152,0.09162,0.08994,0.09026,297428051.0,26984212.9981,1
BYBIT,DOGEUSDT,60,1772809200000,0.09026,0.09092,0.08989,0.09019,157822901.0,14275207.85483,1
BYBIT,DOGEUSDT,60,1772812800000,0.09019,0.09125,0.09012,0.09074,157653658.0,14302144.79579,1
BYBIT,DOGEUSDT,60,1772816400000,0.09074,0.09102,0.08992,0.09022,117199303.0,10582339.11801,1
BYBIT,DOGEUSDT,60,1772820000000,0.09022,0.09075,0.09015,0.09061,80533129.0,7292302.98881,1
BYBIT,DOGEUSDT,60,1772823600000,0.09061,0.0911,0.09057,0.09081,43835091.0,3979333.43722,1
BYBIT,DOGEUSDT,60,1772827200000,0.09081,0.09108,0.0905,0.09098,46913956.0,4258028.80709,1
BYBIT,DOGEUSDT,60,1772830800000,0.09098,0.09111,0.09071,0.09107,26615740.0,2420249.21318,1
BYBIT,DOGEUSDT,60,1772834400000,0.09107,0.09163,0.09088,0.09121,99295475.0,9067185.75267,1
BYBIT,DOGEUSDT,60,1772838000000,0.09121,0.09134,0.09106,0.09123,42243584.0,3853275.25119,1
BYBIT,DOGEUSDT,60,1772841600000,0.09123,0.09148,0.09115,0.09132,23258342.0,2123784.31367,1
BYBIT,DOGEUSDT,60,1772845200000,0.09132,0.09167,0.0912,0.09147,19573815.0,1790360.97734,1
BYBIT,DOGEUSDT,60,1772848800000,0.09147,0.09159,0.09108,0.09154,30606208.0,2794232.00654,1
BYBIT,DOGEUSDT,60,1772852400000,0.09154,0.09208,0.09098,0.09101,148020709.0,13539175.9365,1
BYBIT,DOGEUSDT,60,1772856000000,0.09101,0.0912,0.09062,0.09079,59106356.0,5370683.43781,1
BYBIT,DOGEUSDT,60,1772859600000,0.09079,0.0909,0.09038,0.09064,43736923.0,3964686.8015,1
BYBIT,DOGEUSDT,60,1772863200000,0.09064,0.09082,0.0904,0.09052,27828829.0,2521316.18318,1
BYBIT,DOGEUSDT,60,1772866800000,0.09052,0.09068,0.09029,0.09051,39094250.0,3537542.14745,1
BYBIT,DOGEUSDT,60,1772870400000,0.09051,0.0908,0.09033,0.09036,35689684.0,3233058.79412,1
BYBIT,DOGEUSDT,60,1772874000000,0.09036,0.09054,0.08992,0.0903,67582061.0,6096605.51796,1
BYBIT,DOGEUSDT,60,1772877600000,0.0903,0.09048,0.09025,0.09032,14272504.0,1289822.71444,1
BYBIT,DOGEUSDT,60,1772881200000,0.09032,0.09077,0.09006,0.09054,33451501.0,3025049.7667,1
BYBIT,DOGEUSDT,60,1772884800000,0.09054,0.09062,0.09026,0.09033,16341471.0,1477785.2668,1
BYBIT,DOGEUSDT,60,1772888400000,0.09033,0.09055,0.09011,0.09024,27239991.0,2460056.41505,1
BYBIT,DOGEUSDT,60,1772892000000,0.09024,0.09036,0.08934,0.09001,158101455.0,14191531.2493,1
BYBIT,DOGEUSDT,60,1772895600000,0.09001,0.09013,0.08955,0.08994,38081060.0,3423193.44608,1
BYBIT,DOGEUSDT,60,1772899200000,0.08994,0.09015,0.08986,0.09011,26508880.0,2387021.45412,1
BYBIT,DOGEUSDT,60,1772902800000,0.09011,0.09058,0.09011,0.09041,20835475.0,1884047.45958,1
BYBIT,DOGEUSDT,60,1772906400000,0.09041,0.09041,0.08948,0.09007,75623742.0,6797893.26969,1
BYBIT,DOGEUSDT,60,1772910000000,0.09007,0.09008,0.0892,0.08955,75102681.0,6730092.9116,1
BYBIT,DOGEUSDT,60,1772913600000,0.08955,0.09009,0.08952,0.09,25365174.0,2279082.442,1
BYBIT,DOGEUSDT,60,1772917200000,0.09,0.09014,0.08975,0.08992,18021244.0,1622011.95023,1
BYBIT,DOGEUSDT,60,1772920800000,0.08992,0.08998,0.08934,0.0897,25380568.0,2276376.49824,1
BYBIT,DOGEUSDT,60,1772924400000,0.0897,0.08995,0.08965,0.08987,12500831.0,1123132.93157,1
BYBIT,DOGEUSDT,60,1772928000000,0.08987,0.09014,0.08963,0.08987,57105858.0,5134249.66208,1
BYBIT,DOGEUSDT,60,1772931600000,0.08987,0.09004,0.08971,0.08995,20049624.0,1801887.1766,1
BYBIT,DOGEUSDT,60,1772935200000,0.08995,0.09002,0.08871,0.0892,114716817.0,10237916.04435,1
BYBIT,DOGEUSDT,60,1772938800000,0.0892,0.08944,0.08894,0.08928,31476890.0,2808364.41236,1
BYBIT,DOGEUSDT,60,1772942400000,0.08928,0.08956,0.08867,0.08892,40023858.0,3568150.40934,1
BYBIT,DOGEUSDT,60,1772946000000,0.08892,0.08966,0.08892,0.08936,45166701.0,4039783.61756,1
BYBIT,DOGEUSDT,60,1772949600000,0.08936,0.0894,0.08898,0.08904,21776501.0,1941214.69084,1
BYBIT,DOGEUSDT,60,1772953200000,0.08904,0.08954,0.08897,0.08927,41991887.0,3749206.89269,1
BYBIT,DOGEUSDT,60,1772956800000,0.08927,0.08941,0.0889,0.08937,70470207.0,6289000.53492,1
BYBIT,DOGEUSDT,60,1772960400000,0.08937,0.09012,0.08921,0.08989,96370967.0,8642807.21865,1
BYBIT,DOGEUSDT,60,1772964000000,0.08989,0.09127,0.08989,0.09048,117264700.0,10612672.32558,1
BYBIT,DOGEUSDT,60,1772967600000,0.09048,0.09048,0.08905,0.08929,128851751.0,11536846.50124,1
BYBIT,DOGEUSDT,60,1772971200000,0.08929,0.08943,0.08805,0.08888,212811377.0,18875057.93401,1
BYBIT,DOGEUSDT,60,1772974800000,0.08888,0.08904,0.08781,0.08863,123528108.0,10913878.27815,1
BYBIT,DOGEUSDT,60,1772978400000,0.08863,0.08922,0.08855,0.08906,86281038.0,7676615.2395,1
BYBIT,DOGEUSDT,60,1772982000000,0.08906,0.08914,0.08846,0.08866,30250124.0,2683864.4637,1
BYBIT,DOGEUSDT,60,1772985600000,0.08866,0.08879,0.08822,0.08847,51948884.0,4596221.75444,1
BYBIT,DOGEUSDT,60,1772989200000,0.08847,0.08905,0.08845,0.08857,51026843.0,4528343.00621,1
BYBIT,DOGEUSDT,60,1772992800000,0.08857,0.08862,0.08812,0.08845,27142466.0,2398533.72839,1
BYBIT,DOGEUSDT,60,1772996400000,0.08845,0.08965,0.08835,0.08929,106811751.0,9522234.863,1
BYBIT,DOGEUSDT,60,1773000000000,0.08929,0.0901,0.08912,0.08964,50023478.0,4479870.55154,1
BYBIT,DOGEUSDT,60,1773003600000,0.08964,0.0898,0.08905,0.08949,44088307.0,3940336.42319,1
BYBIT,DOGEUSDT,60,1773007200000,0.08949,0.08962,0.08641,0.08939,525785903.0,46322596.3824,1
BYBIT,DOGEUSDT,60,1773010800000,0.08939,0.08982,0.08883,0.08908,85944453.0,7681229.0715,1
BYBIT,DOGEUSDT,60,1773014400000,0.08908,0.09047,0.08902,0.08977,121721581.0,10930465.45101,1
BYBIT,DOGEUSDT,60,1773018000000,0.08977,0.09007,0.08925,0.08932,60964316.0,5465788.04097,1
BYBIT,DOGEUSDT,60,1773021600000,0.08932,0.08998,0.0889,0.0897,77633134.0,6938181.83918,1
BYBIT,DOGEUSDT,60,1773025200000,0.0897,0.09166,0.0896,0.09034,257393070.0,23391490.6685,1
BYBIT,DOGEUSDT,60,1773028800000,0.09034,0.09086,0.09014,0.0903,47920502.0,4338673.19127,1
BYBIT,DOGEUSDT,60,1773032400000,0.0903,0.09174,0.09008,0.09141,134244004.0,12207772.3126,1
BYBIT,DOGEUSDT,60,1773036000000,0.09141,0.09165,0.09024,0.09036,59203121.0,5382290.35549,1
BYBIT,DOGEUSDT,60,1773039600000,0.09036,0.09041,0.08927,0.08993,98646668.0,8863568.91007,1
BYBIT,DOGEUSDT,60,1773043200000,0.08993,0.09062,0.08983,0.09043,58547629.0,5285260.29634,1
BYBIT,DOGEUSDT,60,1773046800000,0.09043,0.09134,0.08995,0.09037,100222089.0,9091038.80597,1
BYBIT,DOGEUSDT,60,1773050400000,0.09037,0.09071,0.08988,0.09006,53610758.0,4840869.59465,1
BYBIT,DOGEUSDT,60,1773054000000,0.09006,0.09048,0.08966,0.09031,46503633.0,4187367.80204,1
BYBIT,DOGEUSDT,60,1773057600000,0.09031,0.0911,0.09031,0.09081,74165520.0,6733786.07356,1
BYBIT,DOGEUSDT,60,1773061200000,0.09081,0.09242,0.09075,0.09187,200805686.0,18421695.8043,1
BYBIT,DOGEUSDT,60,1773064800000,0.09187,0.09223,0.09093,0.09155,196196198.0,17964558.07024,1
BYBIT,DOGEUSDT,60,1773068400000,0.09155,0.09182,0.09057,0.09107,94870181.0,8648990.63454,1
BYBIT,DOGEUSDT,60,1773072000000,0.09107,0.0916,0.0907,0.09117,69509280.0,6338431.53985,1
BYBIT,DOGEUSDT,60,1773075600000,0.09117,0.09171,0.09092,0.09137,80928930.0,7390352.46398,1
BYBIT,DOGEUSDT,60,1773079200000,0.09137,0.09168,0.09074,0.09083,79087203.0,7212434.08263,1
BYBIT,DOGEUSDT,60,1773082800000,0.09083,0.09282,0.09061,0.09123,220737124.0,20225814.27863,1
BYBIT,DOGEUSDT,60,1773086400000,0.09123,0.09143,0.09076,0.09121,50365603.0,4587069.49678,1
BYBIT,DOGEUSDT,60,1773090000000,0.09121,0.09178,0.09097,0.09146,38527816.0,3522042.50146,1
BYBIT,DOGEUSDT,60,1773093600000,0.09146,0.09153,0.09034,0.09065,143633331.0,13039437.99329,1
BYBIT,DOGEUSDT,60,1773097200000,0.09065,0.09088,0.09015,0.09044,47596425.0,4305759.93029,1
BYBIT,DOGEUSDT,60,1773100800000,0.09044,0.09139,0.09029,0.091,78342731.0,7132572.08281,1
BYBIT,DOGEUSDT,60,1773104400000,0.091,0.09123,0.09042,0.09096,53714753.0,4875067.77766,1
BYBIT,DOGEUSDT,60,1773108000000,0.09096,0.09232,0.09062,0.09193,126756315.0,11603218.90536,1
BYBIT,DOGEUSDT,60,1773111600000,0.09193,0.09214,0.09095,0.09116,59626742.0,5464334.87356,1
BYBIT,DOGEUSDT,60,1773115200000,0.09116,0.09204,0.09111,0.09183,50980100.0,4674568.6178,1
BYBIT,DOGEUSDT,60,1773118800000,0.09183,0.09229,0.09161,0.09175,60041444.0,5518564.49288,1
BYBIT,DOGEUSDT,60,1773122400000,0.09175,0.09181,0.09134,0.09158,35819126.0,3281561.33613,1
BYBIT,DOGEUSDT,60,1773126000000,0.09158,0.09245,0.09136,0.09229,86900181.0,7990773.98525,1
BYBIT,DOGEUSDT,60,1773129600000,0.09229,0.09417,0.09218,0.09351,238387275.0,22206518.59831,1
BYBIT,DOGEUSDT,60,1773133200000,0.09351,0.09554,0.09351,0.09517,348834082.0,33020002.13462,1
BYBIT,DOGEUSDT,60,1773136800000,0.09517,0.09589,0.09442,0.09545,133095974.0,12639958.08853,1
BYBIT,DOGEUSDT,60,1773140400000,0.09545,0.09572,0.09421,0.09445,123636599.0,11722372.71632,1
BYBIT,DOGEUSDT,60,1773144000000,0.09445,0.09504,0.09424,0.09495,77279746.0,7313574.08508,1
BYBIT,DOGEUSDT,60,1773147600000,0.09495,0.09707,0.09451,0.09606,521831077.0,49983687.71119,1
BYBIT,DOGEUSDT,60,1773151200000,0.09606,0.09963,0.09487,0.09931,619654835.0,60175225.74117,1
BYBIT,DOGEUSDT,60,1773154800000,0.09931,0.0997,0.09764,0.0991,345859471.0,34106814.95833,1
BYBIT,DOGEUSDT,60,1773158400000,0.0991,0.1004,0.0986,0.0998,248500050.0,24754574.0856,1
BYBIT,DOGEUSDT,60,1773162000000,0.0998,0.09998,0.09786,0.0982,252776531.0,24972773.74305,1
BYBIT,DOGEUSDT,60,1773165600000,0.0982,0.09821,0.0947,0.0954,506356554.0,48543581.87201,1
BYBIT,DOGEUSDT,60,1773169200000,0.0954,0.09542,0.0942,0.0947,151465770.0,14371371.18391,1
BYBIT,DOGEUSDT,60,1773172800000,0.0947,0.09501,0.0944,0.09488,98250062.0,9302651.88105,1
BYBIT,DOGEUSDT,60,1773176400000,0.09488,0.09524,0.09367,0.09436,172637402.0,16315126.11566,1
BYBIT,DOGEUSDT,60,1773180000000,0.09436,0.09479,0.09396,0.09428,85467188.0,8060095.24184,1
BYBIT,DOGEUSDT,60,1773183600000,0.09428,0.0947,0.09426,0.09446,81703785.0,7721642.13243,1
BYBIT,DOGEUSDT,60,1773187200000,0.09446,0.09481,0.09398,0.09438,104037179.0,9821252.64637,1
BYBIT,DOGEUSDT,60,1773190800000,0.09438,0.09441,0.09318,0.09354,112702851.0,10548782.06351,1
BYBIT,DOGEUSDT,60,1773194400000,0.09354,0.09361,0.09236,0.09293,108614512.0,10080741.48911,1
BYBIT,DOGEUSDT,60,1773198000000,0.09293,0.09313,0.09233,0.09254,71356905.0,6612780.83163,1
BYBIT,DOGEUSDT,60,1773201600000,0.09254,0.09318,0.09214,0.09306,137233494.0,12726228.0015,1
BYBIT,DOGEUSDT,60,1773205200000,0.09306,0.09313,0.09136,0.0916,155040985.0,14263781.51773,1
BYBIT,DOGEUSDT,60,1773208800000,0.0916,0.09217,0.09141,0.09198,81390596.0,7477076.97688,1
BYBIT,DOGEUSDT,60,1773212400000,0.09198,0.09231,0.09131,0.09188,123389673.0,11322019.88922,1
BYBIT,DOGEUSDT,60,1773216000000,0.09188,0.09229,0.09165,0.09202,62587946.0,5754575.6549,1
BYBIT,DOGEUSDT,60,1773219600000,0.09202,0.09207,0.09143,0.09163,55264321.0,5072195.27783,1
BYBIT,DOGEUSDT,60,1773223200000,0.09163,0.09223,0.09154,0.0922,100104428.0,9204932.79791,1
BYBIT,DOGEUSDT,60,1773226800000,0.0922,0.09239,0.09174,0.09191,89988793.0,8285081.09415,1
BYBIT,DOGEUSDT,60,1773230400000,0.09191,0.0935,0.09167,0.09246,183131774.0,16974672.30445,1
BYBIT,DOGEUSDT,60,1773234000000,0.09246,0.09476,0.09238,0.09307,466696828.0,43690962.99664,1
BYBIT,DOGEUSDT,60,1773237600000,0.09307,0.0942,0.09261,0.09342,187433355.0,17513768.16393,1
BYBIT,DOGEUSDT,60,1773241200000,0.09342,0.09349,0.09109,0.09228,254891637.0,23491169.64321,1
BYBIT,DOGEUSDT,60,1773244800000,0.09228,0.09308,0.09217,0.09294,103084709.0,9552024.21138,1
BYBIT,DOGEUSDT,60,1773248400000,0.09294,0.09414,0.09263,0.09363,194423566.0,18188996.74184,1
BYBIT,DOGEUSDT,60,1773252000000,0.09363,0.0946,0.09363,0.09433,105908229.0,9962988.84893,1
BYBIT,DOGEUSDT,60,1773255600000,0.09433,0.0946,0.09368,0.0938,91671321.0,8634430.39551,1
BYBIT,DOGEUSDT,60,1773259200000,0.0938,0.0938,0.09319,0.09361,79718760.0,7449385.38724,1
BYBIT,DOGEUSDT,60,1773262800000,0.09361,0.09382,0.09343,0.09367,38929937.0,3647365.01385,1
BYBIT,DOGEUSDT,60,1773266400000,0.09367,0.09415,0.0933,0.09341,51224401.0,4798734.47297,1
BYBIT,DOGEUSDT,60,1773270000000,0.09341,0.09375,0.0927,0.09282,77095529.0,7183653.12207,1
BYBIT,DOGEUSDT,60,1773273600000,0.09282,0.093,0.09235,0.09269,104757013.0,9704230.96575,1
BYBIT,DOGEUSDT,60,1773277200000,0.09269,0.09269,0.09208,0.0923,38543805.0,3557540.88815,1
BYBIT,DOGEUSDT,60,1773280800000,0.0923,0.09247,0.09173,0.09184,44662510.0,4111969.05715,1
BYBIT,DOGEUSDT,60,1773284400000,0.09184,0.0925,0.09179,0.09209,35883273.0,3303963.41744,1
BYBIT,DOGEUSDT,60,1773288000000,0.09209,0.0923,0.09189,0.09193,21672401.0,1996813.00489,1
BYBIT,DOGEUSDT,60,1773291600000,0.09193,0.09215,0.09182,0.09198,17053154.0,1568548.64137,1
BYBIT,DOGEUSDT,60,1773295200000,0.09198,0.09211,0.09173,0.09198,29682041.0,2727891.52312,1
BYBIT,DOGEUSDT,60,1773298800000,0.09198,0.09293,0.09181,0.09283,83632212.0,7735942.92988,1
BYBIT,DOGEUSDT,60,1773302400000,0.09283,0.09321,0.09248,0.09286,73117996.0,6789004.63323,1
BYBIT,DOGEUSDT,60,1773306000000,0.09286,0.09356,0.09234,0.09302,75018545.0,6969900.29348,1
BYBIT,DOGEUSDT,60,1773309600000,0.09302,0.09447,0.09287,0.09428,124815804.0,11686049.74575,1
BYBIT,DOGEUSDT,60,1773313200000,0.09428,0.09517,0.09407,0.09466,128498886.0,12151203.35535,1
BYBIT,DOGEUSDT,60,1773316800000,0.09466,0.09582,0.09454,0.09509,179694324.0,17106203.93641,1
BYBIT,DOGEUSDT,60,1773320400000,0.09509,0.09559,0.09394,0.09486,213531139.0,20213276.90391,1
BYBIT,DOGEUSDT,60,1773324000000,0.09486,0.09578,0.09323,0.09365,252613279.0,23871691.95888,1
BYBIT,DOGEUSDT,60,1773327600000,0.09365,0.09473,0.09307,0.09407,158639578.0,14916144.53612,1
BYBIT,DOGEUSDT,60,1773331200000,0.09407,0.09485,0.0933,0.0947,129267744.0,12167138.45414,1
BYBIT,DOGEUSDT,60,1773334800000,0.0947,0.09489,0.09408,0.09433,51633447.0,4879644.93367,1
BYBIT,DOGEUSDT,60,1773338400000,0.09433,0.09448,0.09373,0.0938,42631493.0,4011107.85763,1
BYBIT,DOGEUSDT,60,1773342000000,0.0938,0.09472,0.09363,0.09441,60587622.0,5715307.6355,1
BYBIT,DOGEUSDT,60,1773345600000,0.09441,0.09459,0.094,0.0941,36497501.0,3440209.73031,1
BYBIT,DOGEUSDT,60,1773349200000,0.0941,0.09481,0.09407,0.09466,37340923.0,3526680.59674,1
BYBIT,DOGEUSDT,60,1773352800000,0.09466,0.09483,0.0942,0.09437,36111857.0,3413111.38767,1
BYBIT,DOGEUSDT,60,1773356400000,0.09437,0.09529,0.09434,0.09469,116708567.0,11073569.51165,1
BYBIT,DOGEUSDT,60,1773360000000,0.09469,0.09802,0.0945,0.09681,447520698.0,43315541.93782,1
BYBIT,DOGEUSDT,60,1773363600000,0.09681,0.09718,0.09623,0.09706,89797495.0,8691954.24235,1
BYBIT,DOGEUSDT,60,1773367200000,0.09706,0.09717,0.09566,0.09593,122926201.0,11829279.87589,1
BYBIT,DOGEUSDT,60,1773370800000,0.09593,0.09695,0.09589,0.09673,43144861.0,4155761.64798,1
BYBIT,DOGEUSDT,60,1773374400000,0.09673,0.09678,0.09611,0.09619,36778818.0,3545660.56071,1
BYBIT,DOGEUSDT,60,1773378000000,0.09619,0.09686,0.09574,0.09647,69986870.0,6738953.29031,1
BYBIT,DOGEUSDT,60,1773381600000,0.09647,0.09673,0.09603,0.09659,51682204.0,4979992.7046,1
BYBIT,DOGEUSDT,60,1773385200000,0.09659,0.09671,0.09622,0.09648,43181455.0,4164824.54936,1
BYBIT,DOGEUSDT,60,1773388800000,0.09648,0.09769,0.09603,0.09731,147697075.0,14347602.06043,1
BYBIT,DOGEUSDT,60,1773392400000,0.09731,0.0991,0.09716,0.09859,155402469.0,15267588.37651,1
BYBIT,DOGEUSDT,60,1773396000000,0.09859,0.09953,0.09845,0.09899,136976043.0,13549784.00209,1
BYBIT,DOGEUSDT,60,1773399600000,0.09899,0.10044,0.09894,0.10003,209708172.0,20912365.16158,1
BYBIT,DOGEUSDT,60,1773403200000,0.10003,0.10196,0.09936,0.10065,299973054.0,30215335.66055,1
BYBIT,DOGEUSDT,60,1773406800000,0.10065,0.10115,0.09952,0.10034,271889205.0,27308341.05121,1
BYBIT,DOGEUSDT,60,1773410400000,0.10034,0.10073,0.09706,0.09773,469252283.0,46266101.41262,1
BYBIT,DOGEUSDT,60,1773414000000,0.09773,0.09886,0.0975,0.09793,245303551.0,24090106.44335,1
BYBIT,DOGEUSDT,60,1773417600000,0.09793,0.0984,0.09732,0.09766,158409413.0,15511788.6316,1
BYBIT,DOGEUSDT,60,1773421200000,0.09766,0.09771,0.09555,0.09602,199495075.0,19274592.76254,1
BYBIT,DOGEUSDT,60,1773424800000,0.09602,0.09633,0.09558,0.0958,116581971.0,11198185.22308,1
BYBIT,DOGEUSDT,60,1773428400000,0.0958,0.09614,0.09534,0.09597,81091580.0,7763570.45511,1
BYBIT,DOGEUSDT,60,1773432000000,0.09597,0.09647,0.09586,0.09645,43582763.0,4196411.75638,1
BYBIT,DOGEUSDT,60,1773435600000,0.09645,0.09674,0.09584,0.09617,47999295.0,4625440.61896,1
BYBIT,DOGEUSDT,60,1773439200000,0.09617,0.09625,0.09539,0.09589,64056175.0,6133997.35711,1
BYBIT,DOGEUSDT,60,1773442800000,0.09589,0.09601,0.09566,0.0959,25928430.0,2484904.5835,1
BYBIT,DOGEUSDT,60,1773446400000,0.0959,0.09595,0.09504,0.09533,100430631.0,9585207.83079,1
BYBIT,DOGEUSDT,60,1773450000000,0.09533,0.09576,0.09521,0.09563,52451187.0,5010768.52542,1
BYBIT,DOGEUSDT,60,1773453600000,0.09563,0.09583,0.09536,0.09575,27532360.0,2631241.06423,1
BYBIT,DOGEUSDT,60,1773457200000,0.09575,0.09622,0.09554,0.09597,83133343.0,7969468.84108,1
BYBIT,DOGEUSDT,60,1773460800000,0.09597,0.09638,0.09556,0.09568,41986746.0,4028635.61717,1
BYBIT,DOGEUSDT,60,1773464400000,0.09568,0.09572,0.09527,0.09563,35287225.0,3371358.612,1
BYBIT,DOGEUSDT,60,1773468000000,0.09563,0.09563,0.09416,0.0947,107062633.0,10138452.29639,1
BYBIT,DOGEUSDT,60,1773471600000,0.0947,0.09488,0.09447,0.09458,35173529.0,3331570.5737,1
BYBIT,DOGEUSDT,60,1773475200000,0.09458,0.09483,0.09428,0.0944,75516982.0,7138783.93977,1
BYBIT,DOGEUSDT,60,1773478800000,0.0944,0.09459,0.09408,0.09419,51297434.0,4839376.40754,1
BYBIT,DOGEUSDT,60,1773482400000,0.09419,0.09437,0.09393,0.09435,43689931.0,4113137.08419,1
BYBIT,DOGEUSDT,60,1773486000000,0.09435,0.09546,0.09433,0.09521,71390799.0,6777014.64153,1
BYBIT,DOGEUSDT,60,1773489600000,0.09521,0.09527,0.0947,0.0949,34376858.0,3263778.97061,1
BYBIT,DOGEUSDT,60,1773493200000,0.0949,0.09541,0.09482,0.0952,50656784.0,4822285.75054,1
BYBIT,DOGEUSDT,60,1773496800000,0.0952,0.09564,0.0943,0.09451,111049637.0,10551271.13367,1
BYBIT,DOGEUSDT,60,1773500400000,0.09451,0.09499,0.09448,0.09487,43153871.0,4087630.17826,1
BYBIT,DOGEUSDT,60,1773504000000,0.09487,0.09538,0.0946,0.09523,61027622.0,5795873.81573,1
BYBIT,DOGEUSDT,60,1773507600000,0.09523,0.09524,0.09457,0.0946,40704609.0,3860474.64118,1
BYBIT,DOGEUSDT,60,1773511200000,0.0946,0.09471,0.09427,0.09462,29656794.0,2802711.48025,1
BYBIT,DOGEUSDT,60,1773514800000,0.09462,0.09473,0.0945,0.09473,11746425.0,1111188.49783,1
BYBIT,DOGEUSDT,60,1773518400000,0.09473,0.09495,0.09453,0.09474,17393218.0,1648021.30268,1
BYBIT,DOGEUSDT,60,1773522000000,0.09474,0.0951,0.09459,0.09501,20086207.0,1903517.21024,1
BYBIT,DOGEUSDT,60,1773525600000,0.09501,0.0952,0.09484,0.09507,18887512.0,1795043.14494,1
BYBIT,DOGEUSDT,60,1773529200000,0.09507,0.09612,0.09507,0.09598,68223815.0,6526720.20596,1
BYBIT,DOGEUSDT,60,1773532800000,0.09598,0.09611,0.09536,0.09552,39219198.0,3754994.92793,1
BYBIT,DOGEUSDT,60,1773536400000,0.09552,0.09591,0.09539,0.09551,25442512.0,2433010.38275,1
BYBIT,DOGEUSDT,60,1773540000000,0.09551,0.09738,0.09551,0.09685,90171030.0,8716968.32963,1
BYBIT,DOGEUSDT,60,1773543600000,0.09685,0.0972,0.09588,0.09595,87359151.0,8411198.13326,1
BYBIT,DOGEUSDT,60,1773547200000,0.09595,0.09621,0.0956,0.09591,47957693.0,4596307.84116,1
BYBIT,DOGEUSDT,60,1773550800000,0.09591,0.09642,0.09562,0.09603,55800459.0,5360595.08447,1
BYBIT,DOGEUSDT,60,1773554400000,0.09603,0.09613,0.09546,0.09566,51907144.0,4970444.03389,1
BYBIT,DOGEUSDT,60,1773558000000,0.09566,0.09587,0.09546,0.09555,21687616.0,2073172.09619,1
BYBIT,DOGEUSDT,60,1773561600000,0.09555,0.09647,0.09554,0.0964,60236440.0,5787185.54947,1
BYBIT,DOGEUSDT,60,1773565200000,0.0964,0.09656,0.09607,0.0961,35795117.0,3445884.62789,1
BYBIT,DOGEUSDT,60,1773568800000,0.0961,0.0963,0.0959,0.09619,25015649.0,2404201.80065,1
BYBIT,DOGEUSDT,60,1773572400000,0.09619,0.0965,0.096,0.09634,17142889.0,1649234.98152,1
BYBIT,DOGEUSDT,60,1773576000000,0.09634,0.09644,0.09599,0.09631,18369899.0,1767663.04716,1
BYBIT,DOGEUSDT,60,1773579600000,0.09631,0.09662,0.09467,0.09526,164873729.0,15721320.80974,1
BYBIT,DOGEUSDT,60,1773583200000,0.09526,0.09555,0.09505,0.09552,42306217.0,4032469.07001,1
BYBIT,DOGEUSDT,60,1773586800000,0.09552,0.09552,0.09478,0.09493,40820748.0,3880821.81657,1
BYBIT,DOGEUSDT,60,1773590400000,0.09493,0.09506,0.09436,0.09464,50413081.0,4773064.12942,1
BYBIT,DOGEUSDT,60,1773594000000,0.09464,0.09574,0.09459,0.09541,45921571.0,4373447.86103,1
BYBIT,DOGEUSDT,60,1773597600000,0.09541,0.09552,0.0946,0.09473,45762143.0,4349963.21916,1
BYBIT,DOGEUSDT,60,1773601200000,0.09473,0.0953,0.09464,0.09514,59613251.0,5666607.86913,1
BYBIT,DOGEUSDT,60,1773604800000,0.09514,0.09583,0.0949,0.0953,40032858.0,3816524.9057,1
BYBIT,DOGEUSDT,60,1773608400000,0.0953,0.09605,0.095,0.09581,42668784.0,4074226.34125,1
BYBIT,DOGEUSDT,60,1773612000000,0.09581,0.09762,0.0952,0.09729,174971895.0,16906837.74837,1
BYBIT,DOGEUSDT,60,1773615600000,0.09729,0.09808,0.09659,0.09735,189821598.0,18493525.88084,1
BYBIT,DOGEUSDT,60,1773619200000,0.09735,0.09818,0.0972,0.09794,94905839.0,9275857.43872,1
BYBIT,DOGEUSDT,60,1773622800000,0.09794,0.09814,0.09726,0.09759,84936117.0,8292924.95674,1
BYBIT,DOGEUSDT,60,1773626400000,0.09759,0.09845,0.09701,0.09809,144111637.0,14061782.44859,1
BYBIT,DOGEUSDT,60,1773630000000,0.09809,0.10141,0.09779,0.09998,334697741.0,33481715.95524,1
BYBIT,DOGEUSDT,60,1773633600000,0.09998,0.10115,0.09977,0.10068,127662964.0,12810743.44478,1
BYBIT,DOGEUSDT,60,1773637200000,0.10068,0.10183,0.10048,0.10158,123637787.0,12514270.903,1
BYBIT,DOGEUSDT,60,1773640800000,0.10158,0.10254,0.10121,0.10167,165271655.0,16839169.65525,1
BYBIT,DOGEUSDT,60,1773644400000,0.10167,0.10267,0.10161,0.10202,115648661.0,11825344.88922,1
BYBIT,DOGEUSDT,60,1773648000000,0.10202,0.10297,0.10022,0.10036,246116193.0,24947696.41829,1
BYBIT,DOGEUSDT,60,1773651600000,0.10036,0.10136,0.09984,0.10109,117599924.0,11822438.94413,1
BYBIT,DOGEUSDT,60,1773655200000,0.10109,0.10129,0.10007,0.10068,97996849.0,9857925.35837,1
BYBIT,DOGEUSDT,60,1773658800000,0.10068,0.10069,0.09933,0.09992,131528238.0,13141147.97246,1
BYBIT,DOGEUSDT,60,1773662400000,0.09992,0.10048,0.0997,0.10005,98563961.0,9866590.27187,1
BYBIT,DOGEUSDT,60,1773666000000,0.10005,0.10166,0.09987,0.10047,190424548.0,19186759.54263,1
BYBIT,DOGEUSDT,60,1773669600000,0.10047,0.10349,0.09987,0.10311,375238498.0,38062226.47844,1
BYBIT,DOGEUSDT,60,1773673200000,0.10311,0.10335,0.09989,0.10003,277090045.0,28119313.71456,1
BYBIT,DOGEUSDT,60,1773676800000,0.10003,0.10132,0.09985,0.10112,127767198.0,12832647.87489,1
BYBIT,DOGEUSDT,60,1773680400000,0.10112,0.10164,0.10085,0.10138,70606964.0,7150435.89817,1
BYBIT,DOGEUSDT,60,1773684000000,0.10138,0.1024,0.10117,0.10173,81331379.0,8280802.56692,1
BYBIT,DOGEUSDT,60,1773687600000,0.10173,0.10295,0.10146,0.10196,80223076.0,8201444.51669,1
BYBIT,DOGEUSDT,60,1773691200000,0.10196,0.10206,0.10144,0.10149,43148604.0,4388980.42251,1
BYBIT,DOGEUSDT,60,1773694800000,0.10149,0.10263,0.10118,0.10193,96262231.0,9802310.23126,1
BYBIT,DOGEUSDT,60,1773698400000,0.10193,0.10336,0.10193,0.10321,103198937.0,10620814.28628,1
BYBIT,DOGEUSDT,60,1773702000000,0.10321,0.10367,0.10218,0.103,92758146.0,9541835.06663,1
BYBIT,DOGEUSDT,60,1773705600000,0.103,0.10397,0.10248,0.10315,149724459.0,15443877.70194,1
BYBIT,DOGEUSDT,60,1773709200000,0.10315,0.10384,0.10254,0.10318,97155390.0,10034304.95451,1
BYBIT,DOGEUSDT,60,1773712800000,0.10318,0.10445,0.10219,0.10347,137451064.0,14204505.28676,1
BYBIT,DOGEUSDT,60,1773716400000,0.10347,0.10353,0.10036,0.10117,306183818.0,31046616.74993,1
BYBIT,DOGEUSDT,60,1773720000000,0.10117,0.10159,0.09974,0.10046,163139326.0,16425391.07909,1
BYBIT,DOGEUSDT,60,1773723600000,0.10046,0.10066,0.09938,0.09993,119087136.0,11906068.55546,1
BYBIT,DOGEUSDT,60,1773727200000,0.09993,0.10048,0.09954,0.10001,78213538.0,7823610.48956,1
BYBIT,DOGEUSDT,60,1773730800000,0.10001,0.10108,0.09995,0.10049,88710281.0,8928222.80316,1
BYBIT,DOGEUSDT,60,1773734400000,0.10049,0.10136,0.1004,0.10081,72216030.0,7289434.41076,1
BYBIT,DOGEUSDT,60,1773738000000,0.10081,0.10122,0.10029,0.10068,84182224.0,8479279.1622,1
BYBIT,DOGEUSDT,60,1773741600000,0.10068,0.10072,0.09986,0.10013,67401819.0,6754486.21309,1
BYBIT,DOGEUSDT,60,1773745200000,0.10013,0.10046,0.09992,0.10009,41248498.0,4135017.19135,1
BYBIT,DOGEUSDT,60,1773748800000,0.10009,0.10018,0.09865,0.09876,152923828.0,15178441.78577,1
BYBIT,DOGEUSDT,60,1773752400000,0.09876,0.09965,0.09836,0.09886,164616298.0,16289036.93107,1
BYBIT,DOGEUSDT,60,1773756000000,0.09886,0.09976,0.09825,0.09964,127346852.0,12613591.2664,1
BYBIT,DOGEUSDT,60,1773759600000,0.09964,0.10047,0.09875,0.0996,155231661.0,15495924.75693,1
BYBIT,DOGEUSDT,60,1773763200000,0.0996,0.10032,0.09934,0.09985,72848257.0,7275980.5418,1
BYBIT,DOGEUSDT,60,1773766800000,0.09985,0.10062,0.09954,0.10057,64353075.0,6444632.28584,1
BYBIT,DOGEUSDT,60,1773770400000,0.10057,0.10108,0.10031,0.10092,77413756.0,7797728.14445,1
BYBIT,DOGEUSDT,60,1773774000000,0.10092,0.10105,0.10011,0.10019,27832013.0,2798782.54917,1
BYBIT,DOGEUSDT,60,1773777600000,0.10019,0.1006,0.09991,0.10052,45657819.0,4581316.83095,1
BYBIT,DOGEUSDT,60,1773781200000,0.10052,0.10127,0.10035,0.10116,49798113.0,5025952.71606,1
BYBIT,DOGEUSDT,60,1773784800000,0.10116,0.10172,0.10031,0.10083,66143938.0,6687423.13546,1
BYBIT,DOGEUSDT,60,1773788400000,0.10083,0.1011,0.09996,0.10009,41846792.0,4198640.38939,1
BYBIT,DOGEUSDT,60,1773792000000,0.10009,0.10036,0.09958,0.10005,76083943.0,7601281.1446,1
BYBIT,DOGEUSDT,60,1773795600000,0.10005,0.10081,0.10004,0.10027,77517459.0,7785173.48123,1
BYBIT,DOGEUSDT,60,1773799200000,0.10027,0.10136,0.10023,0.10084,61927421.0,6249965.10012,1
BYBIT,DOGEUSDT,60,1773802800000,0.10084,0.10179,0.10056,0.10108,77255314.0,7818357.76775,1
BYBIT,DOGEUSDT,60,1773806400000,0.10108,0.10117,0.09964,0.10014,82921406.0,8303659.80495,1
BYBIT,DOGEUSDT,60,1773810000000,0.10014,0.10107,0.09999,0.10016,62527027.0,6282839.00406,1
BYBIT,DOGEUSDT,60,1773813600000,0.10016,0.10089,0.10004,0.10006,28240175.0,2836443.04747,1
BYBIT,DOGEUSDT,60,1773817200000,0.10006,0.10007,0.09914,0.0995,80931184.0,8054404.617,1
BYBIT,DOGEUSDT,60,1773820800000,0.0995,0.10001,0.09944,0.09973,38609035.0,3850721.2539,1
BYBIT,DOGEUSDT,60,1773824400000,0.09973,0.10004,0.09959,0.09982,50187841.0,5007397.40643,1
BYBIT,DOGEUSDT,60,1773828000000,0.09982,0.09995,0.09876,0.09911,67275277.0,6678771.73759,1
BYBIT,DOGEUSDT,60,1773831600000,0.09911,0.09935,0.09656,0.09706,450026447.0,43966047.71071,1
BYBIT,DOGEUSDT,60,1773835200000,0.09706,0.09707,0.09561,0.09589,209383576.0,20163122.50174,1
BYBIT,DOGEUSDT,60,1773838800000,0.09589,0.09624,0.09533,0.09573,157383184.0,15083492.49949,1
BYBIT,DOGEUSDT,60,1773842400000,0.09573,0.09577,0.09424,0.09446,157448104.0,14921940.88427,1
BYBIT,DOGEUSDT,60,1773846000000,0.09446,0.09478,0.09387,0.09431,131319912.0,12395325.82383,1
BYBIT,DOGEUSDT,60,1773849600000,0.09431,0.09431,0.09344,0.09379,111698243.0,10484592.82896,1
BYBIT,DOGEUSDT,60,1773853200000,0.09379,0.09474,0.0932,0.0943,104079580.0,9783727.77379,1
BYBIT,DOGEUSDT,60,1773856800000,0.0943,0.09548,0.09416,0.09444,203859804.0,19342159.07169,1
BYBIT,DOGEUSDT,60,1773860400000,0.09444,0.09532,0.09443,0.09457,77812474.0,7386558.21444,1
BYBIT,DOGEUSDT,60,1773864000000,0.09457,0.09519,0.09387,0.09511,76656363.0,7239247.11093,1
BYBIT,DOGEUSDT,60,1773867600000,0.09511,0.09558,0.09495,0.0953,48624879.0,4632221.12225,1
BYBIT,DOGEUSDT,60,1773871200000,0.0953,0.0953,0.09483,0.09495,54796593.0,5203597.39153,1
BYBIT,DOGEUSDT,60,1773874800000,0.09495,0.09523,0.0947,0.09521,31987477.0,3038891.99321,1
BYBIT,DOGEUSDT,60,1773878400000,0.09521,0.09543,0.09491,0.095,38172051.0,3633787.99375,1
BYBIT,DOGEUSDT,60,1773882000000,0.095,0.0952,0.09479,0.09483,22228419.0,2110949.42902,1
BYBIT,DOGEUSDT,60,1773885600000,0.09483,0.09491,0.09437,0.09449,62855874.0,5943245.20376,1
BYBIT,DOGEUSDT,60,1773889200000,0.09449,0.09609,0.09449,0.09539,145601058.0,13928423.63727,1
BYBIT,DOGEUSDT,60,1773892800000,0.09539,0.09547,0.09466,0.09474,78026389.0,7410281.97839,1
BYBIT,DOGEUSDT,60,1773896400000,0.09474,0.09493,0.09422,0.09448,50658904.0,4787262.62063,1
BYBIT,DOGEUSDT,60,1773900000000,0.09448,0.09485,0.09413,0.09455,44354673.0,4193360.50366,1
BYBIT,DOGEUSDT,60,1773903600000,0.09455,0.09483,0.09316,0.09435,267213999.0,25141928.97935,1
BYBIT,DOGEUSDT,60,1773907200000,0.09435,0.09461,0.09406,0.09414,41802519.0,3943549.46857,1
BYBIT,DOGEUSDT,60,1773910800000,0.09414,0.09536,0.09414,0.09502,113449017.0,10765823.93637,1
BYBIT,DOGEUSDT,60,1773914400000,0.09502,0.0951,0.09409,0.09415,31958557.0,3021471.76085,1
BYBIT,DOGEUSDT,60,1773918000000,0.09415,0.09429,0.09371,0.09396,145290892.0,13660432.88508,1
BYBIT,DOGEUSDT,60,1773921600000,0.09396,0.09396,0.09245,0.09249,283159987.0,26341845.48547,1
BYBIT,DOGEUSDT,60,1773925200000,0.09249,0.09362,0.09208,0.09331,158537635.0,14717638.42832,1
BYBIT,DOGEUSDT,60,1773928800000,0.09331,0.09371,0.09246,0.093,65641353.0,6106361.59256,1
BYBIT,DOGEUSDT,60,1773932400000,0.093,0.09341,0.09224,0.0928,67401599.0,6244409.02106,1
BYBIT,DOGEUSDT,60,1773936000000,0.0928,0.09285,0.09203,0.09233,72559058.0,6701245.66187,1
BYBIT,DOGEUSDT,60,1773939600000,0.09233,0.09293,0.09168,0.09285,63566958.0,5860415.91965,1
BYBIT,DOGEUSDT,60,1773943200000,0.09285,0.09304,0.09241,0.09272,50160881.0,4651554.66115,1
BYBIT,DOGEUSDT,60,1773946800000,0.09272,0.09389,0.09269,0.09329,112312454.0,10498110.32241,1
BYBIT,DOGEUSDT,60,1773950400000,0.09329,0.09375,0.09322,0.09352,27032762.0,2525514.01982,1
BYBIT,DOGEUSDT,60,1773954000000,0.09352,0.09374,0.09343,0.09358,25029755.0,2342651.467,1
BYBIT,DOGEUSDT,60,1773957600000,0.09358,0.09362,0.09293,0.09325,25398678.0,2368167.75528,1
BYBIT,DOGEUSDT,60,1773961200000,0.09325,0.09365,0.09316,0.09349,32186233.0,3006319.83947,1
BYBIT,DOGEUSDT,60,1773964800000,0.09349,0.09392,0.09345,0.09387,40103029.0,3759078.66086,1
BYBIT,DOGEUSDT,60,1773968400000,0.09387,0.09463,0.09387,0.0942,126274155.0,11893793.61787,1
BYBIT,DOGEUSDT,60,1773972000000,0.0942,0.09427,0.09351,0.09396,35095665.0,3294208.57813,1
BYBIT,DOGEUSDT,60,1773975600000,0.09396,0.09449,0.09378,0.09405,25271988.0,2379031.03781,1
BYBIT,DOGEUSDT,60,1773979200000,0.09405,0.09465,0.09373,0.09456,62124952.0,5854894.82215,1
BYBIT,DOGEUSDT,60,1773982800000,0.09456,0.09537,0.09446,0.0947,102933082.0,9777442.3809,1
BYBIT,DOGEUSDT,60,1773986400000,0.0947,0.09482,0.09429,0.09434,34567283.0,3268479.88653,1
BYBIT,DOGEUSDT,60,1773990000000,0.09434,0.09437,0.09357,0.09402,131869049.0,12394865.05342,1
BYBIT,DOGEUSDT,60,1773993600000,0.09402,0.09505,0.094,0.09443,84605031.0,8002363.7477,1
BYBIT,DOGEUSDT,60,1773997200000,0.09443,0.09444,0.09362,0.09386,66454710.0,6240159.4709,1
BYBIT,DOGEUSDT,60,1774000800000,0.09386,0.09442,0.09344,0.09433,51881956.0,4869120.97214,1
BYBIT,DOGEUSDT,60,1774004400000,0.09433,0.09471,0.09379,0.09403,53210746.0,5014224.40178,1
BYBIT,DOGEUSDT,60,1774008000000,0.09403,0.09438,0.0936,0.09378,51764613.0,4863957.48021,1
BYBIT,DOGEUSDT,60,1774011600000,0.09378,0.09419,0.09318,0.09335,69902727.0,6542354.58779,1
BYBIT,DOGEUSDT,60,1774015200000,0.09335,0.09424,0.09301,0.09368,109203086.0,10225481.88262,1
BYBIT,DOGEUSDT,60,1774018800000,0.09368,0.0943,0.09346,0.09417,37527293.0,3525740.47019,1
BYBIT,DOGEUSDT,60,1774022400000,0.09417,0.0944,0.09353,0.09389,31201035.0,2929982.68562,1
BYBIT,DOGEUSDT,60,1774026000000,0.09389,0.09409,0.09339,0.09398,28500209.0,2672173.43152,1
BYBIT,DOGEUSDT,60,1774029600000,0.09398,0.0942,0.09316,0.09349,44762825.0,4191882.54538,1
BYBIT,DOGEUSDT,60,1774033200000,0.09349,0.09371,0.09281,0.09365,52087411.0,4858567.3539,1
BYBIT,DOGEUSDT,60,1774036800000,0.09365,0.09374,0.09313,0.09367,23544942.0,2199528.75084,1
BYBIT,DOGEUSDT,60,1774040400000,0.09367,0.09443,0.09336,0.09417,57908411.0,5443425.467,1
BYBIT,DOGEUSDT,60,1774044000000,0.09417,0.09488,0.09417,0.09432,38737231.0,3663177.63505,1
BYBIT,DOGEUSDT,60,1774047600000,0.09432,0.09432,0.09386,0.09412,20347077.0,1913264.09383,1
BYBIT,DOGEUSDT,60,1774051200000,0.09412,0.09435,0.09398,0.09429,18324232.0,1726221.84301,1
BYBIT,DOGEUSDT,60,1774054800000,0.09429,0.09453,0.09386,0.09395,23073857.0,2173424.95232,1
BYBIT,DOGEUSDT,60,1774058400000,0.09395,0.09476,0.09393,0.09468,47867295.0,4524427.86999,1
BYBIT,DOGEUSDT,60,1774062000000,0.09468,0.09496,0.09456,0.09467,33178237.0,3144038.61714,1
BYBIT,DOGEUSDT,60,1774065600000,0.09467,0.09483,0.09449,0.09454,20779569.0,1966203.11009,1
BYBIT,DOGEUSDT,60,1774069200000,0.09454,0.09488,0.09454,0.09467,15593999.0,1477732.11464,1
BYBIT,DOGEUSDT,60,1774072800000,0.09467,0.09489,0.09443,0.09456,49677363.0,4702377.7508,1
BYBIT,DOGEUSDT,60,1774076400000,0.09456,0.09467,0.09421,0.09431,35557679.0,3359038.70351,1
BYBIT,DOGEUSDT,60,1774080000000,0.09431,0.09438,0.09415,0.09431,20583048.0,1940535.66881,1
BYBIT,DOGEUSDT,60,1774083600000,0.09431,0.09445,0.09419,0.09427,22994791.0,2169580.3825,1
BYBIT,DOGEUSDT,60,1774087200000,0.09427,0.09429,0.09385,0.09393,24493242.0,2302389.50513,1
BYBIT,DOGEUSDT,60,1774090800000,0.09393,0.09402,0.09375,0.09395,18680244.0,1753926.35616,1
BYBIT,DOGEUSDT,60,1774094400000,0.09395,0.09408,0.09384,0.0939,13094515.0,1230361.2493,1
BYBIT,DOGEUSDT,60,1774098000000,0.0939,0.09394,0.09345,0.09362,37199762.0,3482700.20892,1
BYBIT,DOGEUSDT,60,1774101600000,0.09362,0.09417,0.09353,0.09364,44737882.0,4201692.23621,1
BYBIT,DOGEUSDT,60,1774105200000,0.09364,0.0946,0.09358,0.0946,52455483.0,4936769.78871,1
BYBIT,DOGEUSDT,60,1774108800000,0.0946,0.09463,0.09417,0.09425,36967001.0,3488808.18449,1
BYBIT,DOGEUSDT,60,1774112400000,0.09425,0.09431,0.09387,0.09401,23309898.0,2192498.69926,1
BYBIT,DOGEUSDT,60,1774116000000,0.09401,0.09421,0.0939,0.09403,8457337.0,795283.37784,1
BYBIT,DOGEUSDT,60,1774119600000,0.09403,0.09408,0.09383,0.09401,11709024.0,1100220.25636,1
BYBIT,DOGEUSDT,60,1774123200000,0.09401,0.09436,0.09394,0.09429,23775760.0,2240736.81763,1
BYBIT,DOGEUSDT,60,1774126800000,0.09429,0.09431,0.09401,0.0941,10824256.0,1019349.73634,1
BYBIT,DOGEUSDT,60,1774130400000,0.0941,0.09416,0.09388,0.09396,10796448.0,1014643.34132,1
BYBIT,DOGEUSDT,60,1774134000000,0.09396,0.09396,0.09049,0.09125,447530266.0,41079060.78402,1
BYBIT,DOGEUSDT,60,1774137600000,0.09125,0.09192,0.08989,0.09138,309443178.0,28111047.83543,1
BYBIT,DOGEUSDT,60,1774141200000,0.09138,0.09178,0.091,0.09141,89504302.0,8173404.54937,1
BYBIT,DOGEUSDT,60,1774144800000,0.09141,0.09231,0.09141,0.09198,62269480.0,5722123.95425,1
BYBIT,DOGEUSDT,60,1774148400000,0.09198,0.0928,0.09169,0.09228,83064839.0,7678747.86323,1
BYBIT,DOGEUSDT,60,1774152000000,0.09228,0.09276,0.09212,0.09259,56379081.0,5215184.40115,1
BYBIT,DOGEUSDT,60,1774155600000,0.09259,0.0926,0.09205,0.0921,39982060.0,3691083.2702,1
BYBIT,DOGEUSDT,60,1774159200000,0.0921,0.09211,0.09169,0.09183,31141283.0,2860194.18912,1
BYBIT,DOGEUSDT,60,1774162800000,0.09183,0.09198,0.09126,0.09129,64198998.0,5876194.1055,1
BYBIT,DOGEUSDT,60,1774166400000,0.09129,0.09136,0.09067,0.09112,123183857.0,11208056.92972,1
BYBIT,DOGEUSDT,60,1774170000000,0.09112,0.09163,0.09095,0.09116,92052357.0,8406552.30794,1
BYBIT,DOGEUSDT,60,1774173600000,0.09116,0.09117,0.09084,0.09094,23367548.0,2125946.55331,1
BYBIT,DOGEUSDT,60,1774177200000,0.09094,0.09122,0.09082,0.09106,41267544.0,3755112.66861,1
BYBIT,DOGEUSDT,60,1774180800000,0.09106,0.09196,0.09105,0.09145,168990100.0,15468145.62276,1
BYBIT,DOGEUSDT,60,1774184400000,0.09145,0.0919,0.09107,0.09132,73618592.0,6727976.81805,1
BYBIT,DOGEUSDT,60,1774188000000,0.09132,0.09177,0.09107,0.09137,42474654.0,3885651.6884,1
BYBIT,DOGEUSDT,60,1774191600000,0.09137,0.09162,0.09123,0.09158,28315541.0,2589544.01484,1
BYBIT,DOGEUSDT,60,1774195200000,0.09158,0.09172,0.09134,0.09155,23725312.0,2170413.81872,1
BYBIT,DOGEUSDT,60,1774198800000,0.09155,0.09159,0.09133,0.0914,25944746.0,2373398.22647,1
BYBIT,DOGEUSDT,60,1774202400000,0.0914,0.0914,0.09019,0.09071,110924624.0,10057617.39954,1
BYBIT,DOGEUSDT,60,1774206000000,0.09071,0.09072,0.09003,0.09044,42869769.0,3874163.2013,1
BYBIT,DOGEUSDT,60,1774209600000,0.09044,0.09072,0.09001,0.09016,27670715.0,2500597.85356,1
BYBIT,DOGEUSDT,60,1774213200000,0.09016,0.09025,0.08909,0.08987,166963380.0,14953962.58509,1
BYBIT,DOGEUSDT,60,1774216800000,0.08987,0.09059,0.08927,0.09047,99575848.0,8967583.99037,1
BYBIT,DOGEUSDT,60,1774220400000,0.09047,0.09073,0.09,0.09009,30487405.0,2754810.83548,1
BYBIT,DOGEUSDT,60,1774224000000,0.09009,0.09054,0.08971,0.09027,41373618.0,3730669.6408,1
BYBIT,DOGEUSDT,60,1774227600000,0.09027,0.09089,0.09009,0.09045,41722820.0,3780439.33511,1
BYBIT,DOGEUSDT,60,1774231200000,0.09045,0.09127,0.0903,0.09095,86077205.0,7831830.63497,1
BYBIT,DOGEUSDT,60,1774234800000,0.09095,0.09141,0.09056,0.09059,33589978.0,3054282.30064,1
BYBIT,DOGEUSDT,60,1774238400000,0.09059,0.09109,0.09057,0.09097,17442377.0,1584302.57006,1
BYBIT,DOGEUSDT,60,1774242000000,0.09097,0.09119,0.09057,0.09092,28058696.0,2549271.40182,1
BYBIT,DOGEUSDT,60,1774245600000,0.09092,0.09092,0.09,0.09032,78668744.0,7121184.36249,1
BYBIT,DOGEUSDT,60,1774249200000,0.09032,0.09068,0.08969,0.09039,95638177.0,8619880.87082,1
BYBIT,DOGEUSDT,60,1774252800000,0.09039,0.09077,0.08977,0.08982,46309517.0,4183486.54387,1
BYBIT,DOGEUSDT,60,1774256400000,0.08982,0.08999,0.08918,0.08997,78547061.0,7034723.04805,1
BYBIT,DOGEUSDT,60,1774260000000,0.08997,0.09037,0.08971,0.08995,39283540.0,3536754.35067,1
BYBIT,DOGEUSDT,60,1774263600000,0.08995,0.09533,0.08995,0.09252,1259973440.0,117906466.26191,1
BYBIT,DOGEUSDT,60,1774267200000,0.09252,0.09342,0.09185,0.09326,223950858.0,20733313.76171,1
BYBIT,DOGEUSDT,60,1774270800000,0.09326,0.09439,0.09287,0.09419,101206835.0,9467980.68237,1
BYBIT,DOGEUSDT,60,1774274400000,0.09419,0.095,0.09391,0.09488,93767241.0,8842836.9802,1
BYBIT,DOGEUSDT,60,1774278000000,0.09488,0.09575,0.09365,0.09374,207017386.0,19603199.45368,1
BYBIT,DOGEUSDT,60,1774281600000,0.09374,0.09425,0.09304,0.09393,88486817.0,8289613.41116,1
BYBIT,DOGEUSDT,60,1774285200000,0.09393,0.09505,0.09373,0.09494,61248667.0,5786900.04402,1
BYBIT,DOGEUSDT,60,1774288800000,0.09494,0.09559,0.09464,0.09543,48946204.0,4654830.53632,1
BYBIT,DOGEUSDT,60,1774292400000,0.09543,0.09578,0.09475,0.09485,54991718.0,5233170.8001,1
BYBIT,DOGEUSDT,60,1774296000000,0.09485,0.09545,0.09474,0.09497,37197425.0,3540442.54702,1
BYBIT,DOGEUSDT,60,1774299600000,0.09497,0.09526,0.09482,0.09492,19018829.0,1807599.60402,1
BYBIT,DOGEUSDT,60,1774303200000,0.09492,0.09503,0.09407,0.09426,39927600.0,3769960.41657,1
BYBIT,DOGEUSDT,60,1774306800000,0.09426,0.09433,0.09349,0.09411,86331410.0,8103187.75412,1
BYBIT,DOGEUSDT,60,1774310400000,0.09411,0.09436,0.09309,0.09361,72611737.0,6803842.31596,1
BYBIT,DOGEUSDT,60,1774314000000,0.09361,0.09362,0.09261,0.09314,110867631.0,10309117.59341,1
BYBIT,DOGEUSDT,60,1774317600000,0.09314,0.09388,0.09302,0.09308,117871930.0,11005768.54392,1
BYBIT,DOGEUSDT,60,1774321200000,0.09308,0.09383,0.09302,0.09372,30325855.0,2832952.45559,1
BYBIT,DOGEUSDT,60,1774324800000,0.09372,0.09387,0.09326,0.09355,21432925.0,2004782.74443,1
BYBIT,DOGEUSDT,60,1774328400000,0.09355,0.09377,0.09312,0.09354,45677551.0,4266831.25408,1
BYBIT,DOGEUSDT,60,1774332000000,0.09354,0.09381,0.09326,0.09371,25847695.0,2418132.52361,1
BYBIT,DOGEUSDT,60,1774335600000,0.09371,0.0954,0.09359,0.0952,165816238.0,15667054.81531,1
BYBIT,DOGEUSDT,60,1774339200000,0.0952,0.0956,0.09494,0.09506,92067447.0,8764853.88176,1
BYBIT,DOGEUSDT,60,1774342800000,0.09506,0.09527,0.09463,0.09502,48765659.0,4629440.02776,1
BYBIT,DOGEUSDT,60,1774346400000,0.09502,0.09502,0.09384,0.09416,99464119.0,9380199.1164,1
BYBIT,DOGEUSDT,60,1774350000000,0.09416,0.09442,0.09351,0.09418,74511461.0,7002256.48428,1
BYBIT,DOGEUSDT,60,1774353600000,0.09418,0.09455,0.09397,0.09428,23417695.0,2206468.13741,1
BYBIT,DOGEUSDT,60,1774357200000,0.09428,0.09463,0.09343,0.09359,87403138.0,8214722.47395,1
BYBIT,DOGEUSDT,60,1774360800000,0.09359,0.09425,0.09258,0.09342,169615205.0,15836522.50346,1
BYBIT,DOGEUSDT,60,1774364400000,0.09342,0.09391,0.09328,0.09331,36873738.0,3450065.19849,1
BYBIT,DOGEUSDT,60,1774368000000,0.09331,0.09372,0.09305,0.09326,54499040.0,5085830.71774,1
BYBIT,DOGEUSDT,60,1774371600000,0.09326,0.09335,0.09238,0.09258,109941953.0,10206274.23909,1
BYBIT,DOGEUSDT,60,1774375200000,0.09258,0.09324,0.0925,0.09291,43767144.0,4062016.27541,1
BYBIT,DOGEUSDT,60,1774378800000,0.09291,0.09337,0.09291,0.09308,16298705.0,1518130.17194,1
BYBIT,DOGEUSDT,60,1774382400000,0.09308,0.09491,0.09302,0.09457,82644592.0,7795222.61475,1
BYBIT,DOGEUSDT,60,1774386000000,0.09457,0.09479,0.09405,0.09455,56232860.0,5306570.71263,1
BYBIT,DOGEUSDT,60,1774389600000,0.09455,0.09491,0.09437,0.09468,41857867.0,3962403.99,1
BYBIT,DOGEUSDT,60,1774393200000,0.09468,0.09541,0.09465,0.09508,47454691.0,4511791.37597,1
BYBIT,DOGEUSDT,60,1774396800000,0.09508,0.09549,0.0946,0.095,53706002.0,5107838.24315,1
BYBIT,DOGEUSDT,60,1774400400000,0.095,0.09536,0.09479,0.09511,27490888.0,2612974.46888,1
BYBIT,DOGEUSDT,60,1774404000000,0.09511,0.09521,0.09467,0.09471,28197130.0,2676774.42611,1
BYBIT,DOGEUSDT,60,1774407600000,0.09471,0.09527,0.09439,0.09518,39668269.0,3764791.67771,1
BYBIT,DOGEUSDT,60,1774411200000,0.09518,0.0957,0.09494,0.09553,35382799.0,3370064.69588,1
BYBIT,DOGEUSDT,60,1774414800000,0.09553,0.0969,0.09553,0.09621,122096249.0,11745922.13335,1
BYBIT,DOGEUSDT,60,1774418400000,0.09621,0.09766,0.0962,0.09694,140056241.0,13605281.81555,1
BYBIT,DOGEUSDT,60,1774422000000,0.09694,0.09758,0.0965,0.09676,74495510.0,7227012.32728,1
BYBIT,DOGEUSDT,60,1774425600000,0.09676,0.09746,0.09676,0.09695,78107501.0,7591895.17421,1
BYBIT,DOGEUSDT,60,1774429200000,0.09695,0.09697,0.09642,0.09683,68473233.0,6621374.36446,1
BYBIT,DOGEUSDT,60,1774432800000,0.09683,0.09714,0.09679,0.09697,23219804.0,2251857.39329,1
BYBIT,DOGEUSDT,60,1774436400000,0.09697,0.09747,0.09672,0.09695,86480688.0,8393136.1294,1
BYBIT,DOGEUSDT,60,1774440000000,0.09695,0.09792,0.09646,0.09771,84887122.0,8245155.60263,1
BYBIT,DOGEUSDT,60,1774443600000,0.09771,0.09787,0.09715,0.09737,60268275.0,5876433.7529,1
BYBIT,DOGEUSDT,60,1774447200000,0.09737,0.09781,0.09686,0.0969,85859798.0,8358446.94123,1
BYBIT,DOGEUSDT,60,1774450800000,0.0969,0.09694,0.09554,0.09594,129111297.0,12403550.67762,1
BYBIT,DOGEUSDT,60,1774454400000,0.09594,0.09704,0.09577,0.09654,75635320.0,7299756.61273,1
BYBIT,DOGEUSDT,60,1774458000000,0.09654,0.09675,0.09605,0.09616,35568868.0,3429278.21177,1
BYBIT,DOGEUSDT,60,1774461600000,0.09616,0.09656,0.09595,0.09614,21604906.0,2078641.26504,1
BYBIT,DOGEUSDT,60,1774465200000,0.09614,0.0965,0.09597,0.09639,27107823.0,2609969.45759,1
BYBIT,DOGEUSDT,60,1774468800000,0.09639,0.09644,0.09569,0.09616,40321013.0,3871725.8226,1
BYBIT,DOGEUSDT,60,1774472400000,0.09616,0.09647,0.096,0.09612,26355939.0,2535109.33662,1
BYBIT,DOGEUSDT,60,1774476000000,0.09612,0.09675,0.09589,0.09636,35468557.0,3416043.69157,1
BYBIT,DOGEUSDT,60,1774479600000,0.09636,0.09638,0.09583,0.09616,18302881.0,1758540.32203,1
BYBIT,DOGEUSDT,60,1774483200000,0.09616,0.09624,0.09571,0.09584,29499330.0,2831647.7732,1
BYBIT,DOGEUSDT,60,1774486800000,0.09584,0.096,0.09543,0.09564,36469626.0,3490016.23944,1
BYBIT,DOGEUSDT,60,1774490400000,0.09564,0.09567,0.09449,0.09482,81109328.0,7698927.15778,1
BYBIT,DOGEUSDT,60,1774494000000,0.09482,0.09483,0.09409,0.09453,48886134.0,4613450.38036,1
BYBIT,DOGEUSDT,60,1774497600000,0.09453,0.09455,0.09414,0.09423,31526354.0,2974452.60557,1
BYBIT,DOGEUSDT,60,1774501200000,0.09423,0.09423,0.09257,0.09268,265235190.0,24750545.90461,1
BYBIT,DOGEUSDT,60,1774504800000,0.09268,0.09281,0.09214,0.0926,122946408.0,11376090.7995,1
BYBIT,DOGEUSDT,60,1774508400000,0.0926,0.09282,0.09226,0.0927,58157036.0,5385454.90388,1
BYBIT,DOGEUSDT,60,1774512000000,0.0927,0.0927,0.09204,0.09223,70936691.0,6545494.57868,1
BYBIT,DOGEUSDT,60,1774515600000,0.09223,0.0923,0.09105,0.09156,155427359.0,14233867.33008,1
BYBIT,DOGEUSDT,60,1774519200000,0.09156,0.09175,0.09132,0.09173,62213205.0,5696082.41896,1
BYBIT,DOGEUSDT,60,1774522800000,0.09173,0.09174,0.09122,0.09127,79335937.0,7251877.617,1
BYBIT,DOGEUSDT,60,1774526400000,0.09127,0.09158,0.09108,0.09153,57023155.0,5207268.279,1
BYBIT,DOGEUSDT,60,1774530000000,0.09153,0.09213,0.09124,0.09169,160898288.0,14747371.19666,1
BYBIT,DOGEUSDT,60,1774533600000,0.09169,0.09187,0.09123,0.09154,59150102.0,5416064.75119,1
BYBIT,DOGEUSDT,60,1774537200000,0.09154,0.09154,0.09045,0.09089,99827992.0,9078720.44875,1
BYBIT,DOGEUSDT,60,1774540800000,0.09089,0.09132,0.09079,0.09097,49618164.0,4518280.04335,1
BYBIT,DOGEUSDT,60,1774544400000,0.09097,0.09149,0.09069,0.09088,71450701.0,6510763.15558,1
BYBIT,DOGEUSDT,60,1774548000000,0.09088,0.09112,0.09054,0.091,86115224.0,7828253.93356,1
BYBIT,DOGEUSDT,60,1774551600000,0.091,0.09124,0.09083,0.09103,21970924.0,2000616.32211,1
BYBIT,DOGEUSDT,60,1774555200000,0.09103,0.09281,0.0909,0.09173,294241414.0,27104854.58769,1
BYBIT,DOGEUSDT,60,1774558800000,0.09173,0.09275,0.09165,0.09228,73258290.0,6753961.33228,1
BYBIT,DOGEUSDT,60,1774562400000,0.09228,0.09245,0.09186,0.09211,46473916.0,4281726.25599,1
BYBIT,DOGEUSDT,60,1774566000000,0.09211,0.09225,0.09179,0.092,51910503.0,4772338.71552,1
BYBIT,DOGEUSDT,60,1774569600000,0.092,0.09219,0.09173,0.09201,29778912.0,2738373.33246,1
BYBIT,DOGEUSDT,60,1774573200000,0.09201,0.09245,0.09193,0.09244,24681899.0,2275643.27041,1
BYBIT,DOGEUSDT,60,1774576800000,0.09244,0.09268,0.09216,0.09231,41137905.0,3800511.99047,1
BYBIT,DOGEUSDT,60,1774580400000,0.09231,0.09238,0.09186,0.0919,25775784.0,2372989.88004,1
BYBIT,DOGEUSDT,60,1774584000000,0.0919,0.09209,0.09133,0.09191,75313643.0,6909603.29584,1
BYBIT,DOGEUSDT,60,1774587600000,0.09191,0.09231,0.09176,0.09188,28307001.0,2603652.93399,1
BYBIT,DOGEUSDT,60,1774591200000,0.09188,0.09207,0.09176,0.0919,26331619.0,2421320.07388,1
BYBIT,DOGEUSDT,60,1774594800000,0.0919,0.09228,0.0918,0.09217,31264881.0,2879707.54913,1
BYBIT,DOGEUSDT,60,1774598400000,0.09217,0.09238,0.09106,0.09179,122795193.0,11260223.63356,1
BYBIT,DOGEUSDT,60,1774602000000,0.09179,0.0918,0.09094,0.09098,39270502.0,3582410.4381,1
BYBIT,DOGEUSDT,60,1774605600000,0.09098,0.09109,0.08884,0.08954,362902147.0,32603865.09951,1
BYBIT,DOGEUSDT,60,1774609200000,0.08954,0.09022,0.0892,0.09004,65783362.0,5909167.6245,1
BYBIT,DOGEUSDT,60,1774612800000,0.09004,0.09029,0.08974,0.0901,44726241.0,4025760.13701,1
BYBIT,DOGEUSDT,60,1774616400000,0.0901,0.09034,0.08954,0.08981,97080413.0,8734218.82413,1
BYBIT,DOGEUSDT,60,1774620000000,0.08981,0.09014,0.08922,0.0899,93222495.0,8354957.06739,1
BYBIT,DOGEUSDT,60,1774623600000,0.0899,0.09088,0.08964,0.09031,102533918.0,9256711.1882,1
BYBIT,DOGEUSDT,60,1774627200000,0.09031,0.09043,0.08984,0.09003,37685914.0,3393773.34126,1
BYBIT,DOGEUSDT,60,1774630800000,0.09003,0.09047,0.08967,0.08973,47836035.0,4308006.56484,1
BYBIT,DOGEUSDT,60,1774634400000,0.08973,0.09005,0.0894,0.08995,29868662.0,2679425.23734,1
BYBIT,DOGEUSDT,60,1774638000000,0.08995,0.09029,0.08973,0.09,46733282.0,4208838.62515,1
BYBIT,DOGEUSDT,60,1774641600000,0.09,0.09017,0.08958,0.09,42358138.0,3807176.83192,1
BYBIT,DOGEUSDT,60,1774645200000,0.09,0.09027,0.08982,0.08991,21537234.0,1941642.73599,1
BYBIT,DOGEUSDT,60,1774648800000,0.08991,0.09005,0.08971,0.08993,11029904.0,991216.40355,1
BYBIT,DOGEUSDT,60,1774652400000,0.08993,0.09017,0.08965,0.09006,18473607.0,1661116.21094,1
BYBIT,DOGEUSDT,60,1774656000000,0.09006,0.09026,0.09,0.09021,13628583.0,1228709.96306,1
BYBIT,DOGEUSDT,60,1774659600000,0.09021,0.09041,0.08983,0.09032,32667037.0,2944068.52693,1
BYBIT,DOGEUSDT,60,1774663200000,0.09032,0.09061,0.09001,0.09015,27166400.0,2451827.83906,1
BYBIT,DOGEUSDT,60,1774666800000,0.09015,0.09018,0.08976,0.08984,16783847.0,1509438.11141,1
BYBIT,DOGEUSDT,60,1774670400000,0.08984,0.09004,0.08961,0.08997,24402953.0,2192812.0416,1
BYBIT,DOGEUSDT,60,1774674000000,0.08997,0.09029,0.08974,0.09028,17166465.0,1546427.04659,1
BYBIT,DOGEUSDT,60,1774677600000,0.09028,0.09067,0.09018,0.0903,35918515.0,3246516.11654,1
BYBIT,DOGEUSDT,60,1774681200000,0.0903,0.09123,0.09028,0.09117,35305985.0,3203133.06269,1
BYBIT,DOGEUSDT,60,1774684800000,0.09117,0.09137,0.09088,0.09093,30179562.0,2749983.81462,1
BYBIT,DOGEUSDT,60,1774688400000,0.09093,0.09108,0.09076,0.09097,19910446.0,1810229.6659,1
BYBIT,DOGEUSDT,60,1774692000000,0.09097,0.09212,0.09094,0.09109,75815001.0,6938672.55498,1
BYBIT,DOGEUSDT,60,1774695600000,0.09109,0.09146,0.09099,0.09131,26861092.0,2450250.07447,1
BYBIT,DOGEUSDT,60,1774699200000,0.09131,0.09169,0.09109,0.0913,24786234.0,2265458.31961,1
BYBIT,DOGEUSDT,60,1774702800000,0.0913,0.09285,0.09112,0.09265,139594423.0,12885270.01648,1
BYBIT,DOGEUSDT,60,1774706400000,0.09265,0.09404,0.0925,0.09358,172489461.0,16103391.374,1
BYBIT,DOGEUSDT,60,1774710000000,0.09358,0.09527,0.09347,0.09399,196034888.0,18522689.75593,1
BYBIT,DOGEUSDT,60,1774713600000,0.09399,0.09426,0.09278,0.09282,96867627.0,9048101.29236,1
BYBIT,DOGEUSDT,60,1774717200000,0.09282,0.09319,0.09228,0.09248,56003590.0,5194463.25041,1
BYBIT,DOGEUSDT,60,1774720800000,0.09248,0.09276,0.0923,0.09252,29706664.0,2748495.00918,1
BYBIT,DOGEUSDT,60,1774724400000,0.09252,0.09264,0.09189,0.09222,40359242.0,3717351.76446,1
BYBIT,DOGEUSDT,60,1774728000000,0.09222,0.09241,0.09193,0.0922,36133717.0,3329824.21327,1
BYBIT,DOGEUSDT,60,1774731600000,0.0922,0.09226,0.09148,0.09173,44143383.0,4057352.06593,1
BYBIT,DOGEUSDT,60,1774735200000,0.09173,0.09181,0.09136,0.09162,32613987.0,2987915.53385,1
BYBIT,DOGEUSDT,60,1774738800000,0.09162,0.09162,0.09029,0.09092,121339112.0,11018819.88379,1
BYBIT,DOGEUSDT,60,1774742400000,0.09092,0.09095,0.09047,0.09084,22831424.0,2070913.7541,1
BYBIT,DOGEUSDT,60,1774746000000,0.09084,0.09121,0.09069,0.09103,36131965.0,3286997.91151,1
BYBIT,DOGEUSDT,60,1774749600000,0.09103,0.09135,0.09088,0.09116,24975163.0,2277128.28113,1
BYBIT,DOGEUSDT,60,1774753200000,0.09116,0.0916,0.09099,0.09138,32212262.0,2942277.6151,1
BYBIT,DOGEUSDT,60,1774756800000,0.09138,0.09138,0.09097,0.09102,16341857.0,1489241.2167,1
BYBIT,DOGEUSDT,60,1774760400000,0.09102,0.09108,0.09062,0.09099,30395747.0,2763180.0325,1
BYBIT,DOGEUSDT,60,1774764000000,0.09099,0.09141,0.09087,0.09132,22810629.0,2078697.94029,1
BYBIT,DOGEUSDT,60,1774767600000,0.09132,0.09132,0.09094,0.09113,17005412.0,1549648.19096,1
BYBIT,DOGEUSDT,60,1774771200000,0.09113,0.09131,0.09099,0.09108,14399242.0,1312462.29432,1
BYBIT,DOGEUSDT,60,1774774800000,0.09108,0.0911,0.09075,0.09088,25732242.0,2338765.83329,1
BYBIT,DOGEUSDT,60,1774778400000,0.09088,0.09088,0.09032,0.09059,38353578.0,3474378.30615,1
BYBIT,DOGEUSDT,60,1774782000000,0.09059,0.09124,0.09055,0.09091,34032867.0,3097123.09024,1
BYBIT,DOGEUSDT,60,1774785600000,0.09091,0.09091,0.09054,0.09086,22648471.0,2055606.64974,1
BYBIT,DOGEUSDT,60,1774789200000,0.09086,0.09087,0.09009,0.09028,83263712.0,7521425.42672,1
BYBIT,DOGEUSDT,60,1774792800000,0.09028,0.09071,0.09006,0.09035,52550851.0,4749062.23925,1
BYBIT,DOGEUSDT,60,1774796400000,0.09035,0.09067,0.08988,0.09011,78173720.0,7052625.27336,1
BYBIT,DOGEUSDT,60,1774800000000,0.09011,0.09044,0.09003,0.09012,40999193.0,3701074.52755,1
BYBIT,DOGEUSDT,60,1774803600000,0.09012,0.09036,0.08982,0.09035,54104840.0,4875488.69568,1
BYBIT,DOGEUSDT,60,1774807200000,0.09035,0.09076,0.09014,0.09054,28245951.0,2556172.71769,1
BYBIT,DOGEUSDT,60,1774810800000,0.09054,0.09064,0.09038,0.09058,21794968.0,1973443.26179,1
BYBIT,DOGEUSDT,60,1774814400000,0.09058,0.09143,0.09055,0.09097,38153550.0,3473663.67163,1
BYBIT,DOGEUSDT,60,1774818000000,0.09097,0.0915,0.09097,0.09129,25708212.0,2345461.39352,1
BYBIT,DOGEUSDT,60,1774821600000,0.09129,0.0913,0.08786,0.08992,326999049.0,29154252.65303,1
BYBIT,DOGEUSDT,60,1774825200000,0.08992,0.09071,0.08979,0.09039,108857231.0,9828591.98938,1
BYBIT,DOGEUSDT,60,1774828800000,0.09039,0.09215,0.0902,0.09123,119407505.0,10915516.10813,1
BYBIT,DOGEUSDT,60,1774832400000,0.09123,0.09188,0.09123,0.09153,48748562.0,4464681.81999,1
BYBIT,DOGEUSDT,60,1774836000000,0.09153,0.093,0.09146,0.09247,201100463.0,18587994.49572,1
BYBIT,DOGEUSDT,60,1774839600000,0.09247,0.09263,0.09204,0.09243,49480802.0,4567928.66464,1
BYBIT,DOGEUSDT,60,1774843200000,0.09243,0.09314,0.09243,0.09292,63327557.0,5878974.9541,1
BYBIT,DOGEUSDT,60,1774846800000,0.09292,0.09365,0.09292,0.09304,103651122.0,9665330.13499,1
BYBIT,DOGEUSDT,60,1774850400000,0.09304,0.09343,0.09257,0.09258,94165554.0,8750170.80858,1
BYBIT,DOGEUSDT,60,1774854000000,0.09258,0.09359,0.09252,0.09334,82439009.0,7671981.55484,1
BYBIT,DOGEUSDT,60,1774857600000,0.09334,0.0939,0.09307,0.09318,81782532.0,7639838.94093,1
BYBIT,DOGEUSDT,60,1774861200000,0.09318,0.09322,0.09258,0.09275,66014671.0,6126473.51409,1
BYBIT,DOGEUSDT,60,1774864800000,0.09275,0.09293,0.09213,0.09272,103676750.0,9588170.21414,1
BYBIT,DOGEUSDT,60,1774868400000,0.09272,0.09362,0.09268,0.09287,103013582.0,9590526.42881,1
BYBIT,DOGEUSDT,60,1774872000000,0.09287,0.09316,0.09276,0.09288,37398659.0,3476204.44464,1
BYBIT,DOGEUSDT,60,1774875600000,0.09288,0.09334,0.09269,0.09284,63089555.0,5865655.13101,1
BYBIT,DOGEUSDT,60,1774879200000,0.09284,0.09326,0.09231,0.09302,88640596.0,8220306.42536,1
BYBIT,DOGEUSDT,60,1774882800000,0.09302,0.09323,0.09243,0.09287,47376223.0,4403871.10211,1
BYBIT,DOGEUSDT,60,1774886400000,0.09287,0.09303,0.09247,0.09273,45658198.0,4233739.00311,1
BYBIT,DOGEUSDT,60,1774890000000,0.09273,0.09286,0.09152,0.09163,94656405.0,8707097.4601,1
BYBIT,DOGEUSDT,60,1774893600000,0.09163,0.09176,0.09079,0.09099,88150941.0,8047906.38641,1
BYBIT,DOGEUSDT,60,1774897200000,0.09099,0.09105,0.09045,0.09091,92265789.0,8377566.18905,1
BYBIT,DOGEUSDT,60,1774900800000,0.09091,0.09113,0.09082,0.09082,28288318.0,2573103.88797,1
BYBIT,DOGEUSDT,60,1774904400000,0.09082,0.09154,0.09063,0.09125,65707263.0,5987438.5425,1
BYBIT,DOGEUSDT,60,1774908000000,0.09125,0.09144,0.09084,0.09105,20961626.0,1909867.164,1
BYBIT,DOGEUSDT,60,1774911600000,0.09105,0.09105,0.09036,0.0908,56542043.0,5121749.95829,1
BYBIT,DOGEUSDT,60,1774915200000,0.0908,0.09134,0.09048,0.0911,68490258.0,6227252.1922,1
BYBIT,DOGEUSDT,60,1774918800000,0.0911,0.09274,0.09098,0.0922,108110709.0,9952046.99754,1
BYBIT,DOGEUSDT,60,1774922400000,0.0922,0.09233,0.0918,0.09212,26676174.0,2456661.56791,1
BYBIT,DOGEUSDT,60,1774926000000,0.09212,0.09212,0.09144,0.09165,40475319.0,3711186.98558,1
BYBIT,DOGEUSDT,60,1774929600000,0.09165,0.09192,0.09134,0.09136,36916029.0,3380828.6398,1
BYBIT,DOGEUSDT,60,1774933200000,0.09136,0.09147,0.0911,0.09137,55792723.0,5093096.64625,1
BYBIT,DOGEUSDT,60,1774936800000,0.09137,0.09174,0.09096,0.09166,44326581.0,4046154.45176,1
BYBIT,DOGEUSDT,60,1774940400000,0.09166,0.09176,0.091,0.09123,42049321.0,3840760.26597,1
BYBIT,DOGEUSDT,60,1774944000000,0.09123,0.09147,0.09064,0.09072,48888724.0,4448111.1853,1
BYBIT,DOGEUSDT,60,1774947600000,0.09072,0.09093,0.08927,0.08964,305955258.0,27520149.32026,1
BYBIT,DOGEUSDT,60,1774951200000,0.08964,0.09023,0.08954,0.08999,75641442.0,6805488.98497,1
BYBIT,DOGEUSDT,60,1774954800000,0.08999,0.09058,0.08988,0.09029,137242996.0,12388683.43649,1
BYBIT,DOGEUSDT,60,1774958400000,0.09029,0.09067,0.09018,0.09026,56063742.0,5069655.74311,1
BYBIT,DOGEUSDT,60,1774962000000,0.09026,0.09156,0.09025,0.09115,95331749.0,8676947.37814,1
BYBIT,DOGEUSDT,60,1774965600000,0.09115,0.09187,0.09008,0.09039,159857470.0,14542216.47882,1
BYBIT,DOGEUSDT,60,1774969200000,0.09039,0.09135,0.09034,0.09036,80766136.0,7333234.47771,1
BYBIT,DOGEUSDT,60,1774972800000,0.09036,0.0921,0.09026,0.09148,213696324.0,19503215.30665,1
BYBIT,DOGEUSDT,60,1774976400000,0.09148,0.09262,0.09126,0.09151,138657785.0,12749143.49969,1
BYBIT,DOGEUSDT,60,1774980000000,0.09151,0.09228,0.09151,0.09227,39993107.0,3677012.05524,1
BYBIT,DOGEUSDT,60,1774983600000,0.09227,0.0925,0.09181,0.09211,43362753.0,3995446.65697,1
BYBIT,DOGEUSDT,60,1774987200000,0.09211,0.09267,0.09208,0.09267,51282109.0,4735023.71204,1
BYBIT,DOGEUSDT,60,1774990800000,0.09267,0.09281,0.09211,0.09238,40259132.0,3717971.44222,1
BYBIT,DOGEUSDT,60,1774994400000,0.09238,0.09242,0.09133,0.09173,115747732.0,10623674.95449,1
BYBIT,DOGEUSDT,60,1774998000000,0.09173,0.09235,0.09167,0.09226,16595770.0,1528035.9876,1
BYBIT,DOGEUSDT,60,1775001600000,0.09226,0.0927,0.09197,0.09254,27735708.0,2561385.08453,1
BYBIT,DOGEUSDT,60,1775005200000,0.09254,0.0926,0.09167,0.09178,27351115.0,2518652.35417,1
BYBIT,DOGEUSDT,60,1775008800000,0.09178,0.09208,0.09156,0.09173,27574985.0,2531051.55695,1
BYBIT,DOGEUSDT,60,1775012400000,0.09173,0.09256,0.09173,0.09241,36029895.0,3323643.15934,1
BYBIT,DOGEUSDT,60,1775016000000,0.09241,0.09258,0.0922,0.09237,27421015.0,2532981.97198,1
BYBIT,DOGEUSDT,60,1775019600000,0.09237,0.09326,0.09212,0.09317,73140012.0,6793553.29527,1
BYBIT,DOGEUSDT,60,1775023200000,0.09317,0.09438,0.09315,0.09424,111191496.0,10438048.732,1
BYBIT,DOGEUSDT,60,1775026800000,0.09424,0.09449,0.09317,0.09322,109490314.0,10269229.82569,1
BYBIT,DOGEUSDT,60,1775030400000,0.09322,0.09339,0.09228,0.09243,98888103.0,9175242.15773,1
BYBIT,DOGEUSDT,60,1775034000000,0.09243,0.09257,0.09182,0.09235,68981435.0,6361555.91612,1
BYBIT,DOGEUSDT,60,1775037600000,0.09235,0.09265,0.09191,0.09243,88728834.0,8200482.76396,1
BYBIT,DOGEUSDT,60,1775041200000,0.09243,0.09274,0.0922,0.09246,32209179.0,2976603.01931,1
BYBIT,DOGEUSDT,60,1775044800000,0.09246,0.0932,0.09225,0.09254,81210820.0,7532839.359,1
BYBIT,DOGEUSDT,60,1775048400000,0.09254,0.09289,0.09205,0.09237,77665666.0,7178235.55411,1
BYBIT,DOGEUSDT,60,1775052000000,0.09237,0.09303,0.09228,0.09281,65054158.0,6029618.94993,1
BYBIT,DOGEUSDT,60,1775055600000,0.09281,0.09321,0.0925,0.09304,38570430.0,3584110.83519,1
BYBIT,DOGEUSDT,60,1775059200000,0.09304,0.09364,0.09255,0.09339,73716735.0,6872358.75119,1
BYBIT,DOGEUSDT,60,1775062800000,0.09339,0.09427,0.09272,0.09277,86831630.0,8118891.84376,1
BYBIT,DOGEUSDT,60,1775066400000,0.09277,0.09285,0.09233,0.09247,54459701.0,5043745.36765,1
BYBIT,DOGEUSDT,60,1775070000000,0.09247,0.09294,0.09244,0.09282,47056561.0,4362470.35851,1
BYBIT,DOGEUSDT,60,1775073600000,0.09282,0.09286,0.09221,0.09257,39869426.0,3686601.81565,1
BYBIT,DOGEUSDT,60,1775077200000,0.09257,0.09332,0.09254,0.09309,42059261.0,3910411.07574,1
BYBIT,DOGEUSDT,60,1775080800000,0.09309,0.09317,0.09235,0.09239,30354654.0,2813045.34109,1
BYBIT,DOGEUSDT,60,1775084400000,0.09239,0.09261,0.092,0.09216,29789048.0,2750350.06267,1
BYBIT,DOGEUSDT,60,1775088000000,0.09216,0.09269,0.092,0.09247,50553614.0,4667262.1278,1
BYBIT,DOGEUSDT,60,1775091600000,0.09247,0.09251,0.08997,0.0905,448883074.0,40854615.35586,1
BYBIT,DOGEUSDT,60,1775095200000,0.0905,0.09052,0.08971,0.09007,125406076.0,11292115.53937,1
BYBIT,DOGEUSDT,60,1775098800000,0.09007,0.09041,0.08947,0.09006,91170111.0,8204271.67025,1
BYBIT,DOGEUSDT,60,1775102400000,0.09006,0.09006,0.08956,0.08966,51754991.0,4648028.97681,1
BYBIT,DOGEUSDT,60,1775106000000,0.08966,0.09013,0.08912,0.09004,56720032.0,5079631.8515,1
BYBIT,DOGEUSDT,60,1775109600000,0.09004,0.0903,0.08984,0.09003,39521283.0,3558665.42768,1
BYBIT,DOGEUSDT,60,1775113200000,0.09003,0.09033,0.08984,0.0902,51300276.0,4622519.46636,1
BYBIT,DOGEUSDT,60,1775116800000,0.0902,0.09025,0.08997,0.09003,20859511.0,1879502.42689,1
BYBIT,DOGEUSDT,60,1775120400000,0.09003,0.09049,0.0896,0.09018,139154719.0,12541343.03088,1
BYBIT,DOGEUSDT,60,1775124000000,0.09018,0.09018,0.08964,0.08985,125281576.0,11263315.68992,1
BYBIT,DOGEUSDT,60,1775127600000,0.08985,0.09003,0.08944,0.08991,74572639.0,6690914.70691,1
BYBIT,DOGEUSDT,60,1775131200000,0.08991,0.08993,0.08928,0.08934,74160840.0,6644769.33957,1
BYBIT,DOGEUSDT,60,1775134800000,0.08934,0.08978,0.08891,0.08972,117100057.0,10461327.90882,1
BYBIT,DOGEUSDT,60,1775138400000,0.08972,0.09113,0.08952,0.09057,206484001.0,18646867.98399,1
BYBIT,DOGEUSDT,60,1775142000000,0.09057,0.0907,0.08999,0.0903,56493061.0,5106330.24073,1
BYBIT,DOGEUSDT,60,1775145600000,0.0903,0.09078,0.08997,0.09007,94334798.0,8517805.94652,1
BYBIT,DOGEUSDT,60,1775149200000,0.09007,0.09075,0.08963,0.08971,63119392.0,5692201.49783,1
BYBIT,DOGEUSDT,60,1775152800000,0.08971,0.09029,0.08956,0.09012,34314344.0,3084234.81674,1
BYBIT,DOGEUSDT,60,1775156400000,0.09012,0.09026,0.08987,0.09022,16648081.0,1499270.03078,1
BYBIT,DOGEUSDT,60,1775160000000,0.09022,0.09065,0.09003,0.09055,20310630.0,1835199.01129,1
BYBIT,DOGEUSDT,60,1775163600000,0.09055,0.09061,0.09018,0.09042,16395495.0,1481301.75582,1
BYBIT,DOGEUSDT,60,1775167200000,0.09042,0.09056,0.0901,0.09037,16548692.0,1495172.37367,1
BYBIT,DOGEUSDT,60,1775170800000,0.09037,0.09041,0.09014,0.09035,8868720.0,800861.54378,1
BYBIT,DOGEUSDT,60,1775174400000,0.09035,0.09048,0.09014,0.09023,18142890.0,1638281.60504,1
BYBIT,DOGEUSDT,60,1775178000000,0.09023,0.09071,0.09006,0.09025,51873362.0,4683496.17692,1
BYBIT,DOGEUSDT,60,1775181600000,0.09025,0.09062,0.08986,0.09031,51264428.0,4624402.154,1
BYBIT,DOGEUSDT,60,1775185200000,0.09031,0.09061,0.09009,0.09054,31994465.0,2891079.32776,1
BYBIT,DOGEUSDT,60,1775188800000,0.09054,0.09066,0.09025,0.09061,29953696.0,2711570.20756,1
BYBIT,DOGEUSDT,60,1775192400000,0.09061,0.0915,0.09033,0.09109,73087225.0,6659171.63939,1
BYBIT,DOGEUSDT,60,1775196000000,0.09109,0.09134,0.09074,0.09114,38310039.0,3489400.37166,1
BYBIT,DOGEUSDT,60,1775199600000,0.09114,0.09141,0.0909,0.09113,26947654.0,2455306.07478,1
BYBIT,DOGEUSDT,60,1775203200000,0.09113,0.09155,0.09113,0.09139,57182171.0,5224353.25907,1
BYBIT,DOGEUSDT,60,1775206800000,0.09139,0.09147,0.09096,0.09141,34774612.0,3172301.61323,1
BYBIT,DOGEUSDT,60,1775210400000,0.09141,0.09165,0.09108,0.09144,38999494.0,3565364.13991,1
BYBIT,DOGEUSDT,60,1775214000000,0.09144,0.09151,0.0913,0.09143,14922871.0,1364246.23473,1
BYBIT,DOGEUSDT,60,1775217600000,0.09143,0.09221,0.09104,0.09121,120977248.0,11067134.00757,1
BYBIT,DOGEUSDT,60,1775221200000,0.09121,0.09141,0.09078,0.09136,68650032.0,6250691.91956,1
BYBIT,DOGEUSDT,60,1775224800000,0.09136,0.09172,0.09115,0.09144,25625279.0,2343450.22144,1
BYBIT,DOGEUSDT,60,1775228400000,0.09144,0.09213,0.09135,0.09147,204917563.0,18815935.46656,1
BYBIT,DOGEUSDT,60,1775232000000,0.09147,0.09202,0.09147,0.09198,34376060.0,3154170.99489,1
BYBIT,DOGEUSDT,60,1775235600000,0.09198,0.09257,0.09188,0.09202,71550242.0,6595497.78249,1
BYBIT,DOGEUSDT,60,1775239200000,0.09202,0.09242,0.09176,0.09176,29916044.0,2753240.2168,1
BYBIT,DOGEUSDT,60,1775242800000,0.09176,0.09184,0.09119,0.09174,47935851.0,4381719.35608,1
BYBIT,DOGEUSDT,60,1775246400000,0.09174,0.09203,0.09168,0.09193,11219381.0,1030471.00352,1
BYBIT,DOGEUSDT,60,1775250000000,0.09193,0.09239,0.09191,0.0921,34514939.0,3182525.23654,1
BYBIT,DOGEUSDT,60,1775253600000,0.0921,0.09216,0.0915,0.0916,26691711.0,2450280.8185,1
BYBIT,DOGEUSDT,60,1775257200000,0.0916,0.0916,0.09123,0.09152,26917138.0,2460388.2463,1
BYBIT,DOGEUSDT,60,1775260800000,0.09152,0.09152,0.09127,0.09134,12045432.0,1100908.5081,1
BYBIT,DOGEUSDT,60,1775264400000,0.09134,0.09134,0.09107,0.09117,32631667.0,2975517.93066,1
BYBIT,DOGEUSDT,60,1775268000000,0.09117,0.09119,0.09089,0.09104,30091035.0,2738931.8394,1
BYBIT,DOGEUSDT,60,1775271600000,0.09104,0.09128,0.09104,0.09119,12522562.0,1141961.71737,1
BYBIT,DOGEUSDT,60,1775275200000,0.09119,0.09146,0.09112,0.09127,10156519.0,927437.91299,1
BYBIT,DOGEUSDT,60,1775278800000,0.09127,0.09127,0.09104,0.09108,20572830.0,1874525.7132,1
BYBIT,DOGEUSDT,60,1775282400000,0.09108,0.09144,0.09089,0.09137,58652823.0,5342041.54434,1
BYBIT,DOGEUSDT,60,1775286000000,0.09137,0.0914,0.09111,0.0913,11667421.0,1064885.76372,1
BYBIT,DOGEUSDT,60,1775289600000,0.0913,0.09131,0.09096,0.09104,24060826.0,2190931.99813,1
BYBIT,DOGEUSDT,60,1775293200000,0.09104,0.09109,0.09083,0.09086,15100829.0,1373600.72024,1
BYBIT,DOGEUSDT,60,1775296800000,0.09086,0.09104,0.09068,0.09101,22492515.0,2043309.07518,1
BYBIT,DOGEUSDT,60,1775300400000,0.09101,0.09117,0.09092,0.09109,15703344.0,1429314.07279,1
BYBIT,DOGEUSDT,60,1775304000000,0.09109,0.09112,0.0908,0.09092,19016296.0,1729412.36269,1
BYBIT,DOGEUSDT,60,1775307600000,0.09092,0.0911,0.0908,0.09096,32610964.0,2966579.0121,1
BYBIT,DOGEUSDT,60,1775311200000,0.09096,0.09111,0.09072,0.09106,37672208.0,3423946.05143,1
BYBIT,DOGEUSDT,60,1775314800000,0.09106,0.09188,0.09103,0.09171,55292516.0,5058105.9014,1
BYBIT,DOGEUSDT,60,1775318400000,0.09171,0.09208,0.09148,0.0918,50774980.0,4664491.21142,1
BYBIT,DOGEUSDT,60,1775322000000,0.0918,0.09246,0.09163,0.09219,44219402.0,4076296.09306,1
BYBIT,DOGEUSDT,60,1775325600000,0.09219,0.09241,0.09213,0.09221,23531198.0,2171197.24734,1
BYBIT,DOGEUSDT,60,1775329200000,0.09221,0.09308,0.09211,0.09222,72861488.0,6748417.44575,1
BYBIT,DOGEUSDT,60,1775332800000,0.09222,0.09235,0.09194,0.09198,12301075.0,1133214.3853,1
BYBIT,DOGEUSDT,60,1775336400000,0.09198,0.09237,0.09194,0.09207,19844041.0,1827431.56753,1
BYBIT,DOGEUSDT,60,1775340000000,0.09207,0.09214,0.09197,0.092,10505403.0,966830.76941,1
BYBIT,DOGEUSDT,60,1775343600000,0.092,0.09201,0.09177,0.092,15141457.0,1391284.39571,1
BYBIT,DOGEUSDT,60,1775347200000,0.092,0.0921,0.09166,0.09173,9218072.0,846688.60859,1
BYBIT,DOGEUSDT,60,1775350800000,0.09173,0.09176,0.09139,0.09149,46907136.0,4296501.62178,1
BYBIT,DOGEUSDT,60,1775354400000,0.09149,0.0915,0.09128,0.0915,23668090.0,2162985.03262,1
BYBIT,DOGEUSDT,60,1775358000000,0.0915,0.09151,0.09126,0.09134,6411392.0,586102.13106,1
BYBIT,DOGEUSDT,60,1775361600000,0.09134,0.09134,0.09098,0.09105,34339124.0,3127690.29682,1
BYBIT,DOGEUSDT,60,1775365200000,0.09105,0.09111,0.09045,0.09066,46238529.0,4196845.16961,1
BYBIT,DOGEUSDT,60,1775368800000,0.09066,0.09069,0.08983,0.09023,101726558.0,9170823.11924,1
BYBIT,DOGEUSDT,60,1775372400000,0.09023,0.09033,0.08993,0.09004,41518820.0,3741741.60741,1
BYBIT,DOGEUSDT,60,1775376000000,0.09004,0.09032,0.08995,0.0902,38215499.0,3445181.11237,1
BYBIT,DOGEUSDT,60,1775379600000,0.0902,0.0904,0.09011,0.09029,22627835.0,2043509.18693,1
BYBIT,DOGEUSDT,60,1775383200000,0.09029,0.09059,0.09017,0.0902,19125022.0,1727979.5429,1
BYBIT,DOGEUSDT,60,1775386800000,0.0902,0.09036,0.09014,0.09031,19171956.0,1730492.23517,1
BYBIT,DOGEUSDT,60,1775390400000,0.09031,0.09031,0.08965,0.08996,89901449.0,8083188.96722,1
BYBIT,DOGEUSDT,60,1775394000000,0.08996,0.09027,0.08965,0.09027,38346055.0,3450008.52701,1
BYBIT,DOGEUSDT,60,1775397600000,0.09027,0.09052,0.09011,0.09021,31328491.0,2828505.19565,1
BYBIT,DOGEUSDT,60,1775401200000,0.09021,0.09142,0.08994,0.09063,108837604.0,9877984.46433,1
BYBIT,DOGEUSDT,60,1775404800000,0.09063,0.09077,0.09022,0.09034,22485895.0,2035614.95961,1
BYBIT,DOGEUSDT,60,1775408400000,0.09034,0.09061,0.09017,0.09053,21362969.0,1930985.3217,1
BYBIT,DOGEUSDT,60,1775412000000,0.09053,0.09061,0.09022,0.09055,29666295.0,2684488.27673,1
BYBIT,DOGEUSDT,60,1775415600000,0.09055,0.09084,0.09024,0.09048,20787938.0,1882409.92792,1
BYBIT,DOGEUSDT,60,1775419200000,0.09048,0.09083,0.09041,0.09065,32314582.0,2928584.39157,1
BYBIT,DOGEUSDT,60,1775422800000,0.09065,0.09068,0.09027,0.09052,25233273.0,2282663.14378,1
BYBIT,DOGEUSDT,60,1775426400000,0.09052,0.09151,0.09017,0.09136,95554029.0,8671498.28975,1
BYBIT,DOGEUSDT,60,1775430000000,0.09136,0.09239,0.09124,0.09234,125208963.0,11514706.48844,1
BYBIT,DOGEUSDT,60,1775433600000,0.09234,0.09352,0.09234,0.09275,219805604.0,20435366.13386,1
BYBIT,DOGEUSDT,60,1775437200000,0.09275,0.09295,0.09145,0.09225,134488210.0,12399873.79478,1
BYBIT,DOGEUSDT,60,1775440800000,0.09225,0.09361,0.09221,0.09285,101595086.0,9452373.41427,1
BYBIT,DOGEUSDT,60,1775444400000,0.09285,0.0931,0.09213,0.09229,58671783.0,5430911.19769,1
BYBIT,DOGEUSDT,60,1775448000000,0.09229,0.09288,0.09224,0.09255,40539183.0,3752855.39812,1
BYBIT,DOGEUSDT,60,1775451600000,0.09255,0.09276,0.09226,0.09241,49261844.0,4556423.00552,1
BYBIT,DOGEUSDT,60,1775455200000,0.09241,0.09269,0.09189,0.09212,50012670.0,4615201.59848,1
BYBIT,DOGEUSDT,60,1775458800000,0.09212,0.09221,0.09167,0.09207,47024474.0,4323311.39377,1
BYBIT,DOGEUSDT,60,1775462400000,0.09207,0.0926,0.09192,0.09214,32765111.0,3022839.80749,1
BYBIT,DOGEUSDT,60,1775466000000,0.09214,0.09347,0.09214,0.09293,115354313.0,10712566.3066,1
BYBIT,DOGEUSDT,60,1775469600000,0.09293,0.0934,0.09292,0.09306,60707780.0,5655040.40461,1
BYBIT,DOGEUSDT,60,1775473200000,0.09306,0.09312,0.0928,0.09303,23497092.0,2183874.08319,1
BYBIT,DOGEUSDT,60,1775476800000,0.09303,0.09311,0.09232,0.09244,90861017.0,8426872.42234,1
BYBIT,DOGEUSDT,60,1775480400000,0.09244,0.09273,0.09222,0.09234,43858739.0,4055472.57316,1
BYBIT,DOGEUSDT,60,1775484000000,0.09234,0.09293,0.09204,0.09278,80635765.0,7460868.34283,1
BYBIT,DOGEUSDT,60,1775487600000,0.09278,0.09298,0.09249,0.09282,34981282.0,3242630.73149,1
BYBIT,DOGEUSDT,60,1775491200000,0.09282,0.09288,0.09217,0.09228,36414331.0,3369278.20227,1
BYBIT,DOGEUSDT,60,1775494800000,0.09228,0.0923,0.09148,0.09192,94292857.0,8660268.79141,1
BYBIT,DOGEUSDT,60,1775498400000,0.09192,0.09218,0.09179,0.09214,46153194.0,4244231.23347,1
BYBIT,DOGEUSDT,60,1775502000000,0.09214,0.09214,0.0916,0.09188,37112913.0,3405601.26346,1
BYBIT,DOGEUSDT,60,1775505600000,0.09188,0.09192,0.09166,0.0918,17085540.0,1568891.73064,1
BYBIT,DOGEUSDT,60,1775509200000,0.0918,0.0918,0.09129,0.09137,34770974.0,3179923.22943,1
BYBIT,DOGEUSDT,60,1775512800000,0.09137,0.09137,0.09034,0.09034,144073182.0,13074304.8505,1
BYBIT,DOGEUSDT,60,1775516400000,0.09034,0.0906,0.08984,0.09053,113280462.0,10218239.42096,1
BYBIT,DOGEUSDT,60,1775520000000,0.09053,0.09087,0.0904,0.09063,41142796.0,3727301.78132,1
BYBIT,DOGEUSDT,60,1775523600000,0.09063,0.09092,0.0903,0.09037,36396059.0,3295026.29925,1
BYBIT,DOGEUSDT,60,1775527200000,0.09037,0.09067,0.09017,0.09049,23450118.0,2121484.51155,1
BYBIT,DOGEUSDT,60,1775530800000,0.09049,0.09057,0.09037,0.09048,15267355.0,1381091.02194,1
BYBIT,DOGEUSDT,60,1775534400000,0.09048,0.09074,0.09024,0.09067,20529951.0,1857534.49593,1
BYBIT,DOGEUSDT,60,1775538000000,0.09067,0.09067,0.09031,0.09048,22425127.0,2028659.06331,1
BYBIT,DOGEUSDT,60,1775541600000,0.09048,0.09073,0.09019,0.09062,93919033.0,8500616.1527,1
BYBIT,DOGEUSDT,60,1775545200000,0.09062,0.09076,0.09053,0.09057,41416881.0,3753522.53578,1
BYBIT,DOGEUSDT,60,1775548800000,0.09057,0.09101,0.09053,0.09094,34674545.0,3147029.9597,1
BYBIT,DOGEUSDT,60,1775552400000,0.09094,0.09144,0.09086,0.09125,114926755.0,10471881.7854,1
BYBIT,DOGEUSDT,60,1775556000000,0.09125,0.09137,0.09032,0.09052,140047396.0,12701893.90137,1
BYBIT,DOGEUSDT,60,1775559600000,0.09052,0.09075,0.09026,0.09047,59364801.0,5372789.03133,1
BYBIT,DOGEUSDT,60,1775563200000,0.09047,0.0908,0.09003,0.09059,92855688.0,8387297.21052,1
BYBIT,DOGEUSDT,60,1775566800000,0.09059,0.09078,0.09031,0.09039,35561632.0,3220718.16895,1
BYBIT,DOGEUSDT,60,1775570400000,0.09039,0.09057,0.09,0.09015,73538405.0,6639935.84433,1
BYBIT,DOGEUSDT,60,1775574000000,0.09015,0.09065,0.09001,0.09034,69967487.0,6323754.54772,1
BYBIT,DOGEUSDT,60,1775577600000,0.09034,0.09078,0.09029,0.09057,20217860.0,1831133.4253,1
BYBIT,DOGEUSDT,60,1775581200000,0.09057,0.09204,0.09051,0.0917,149747930.0,13702613.64652,1
BYBIT,DOGEUSDT,60,1775584800000,0.0917,0.09186,0.0909,0.09112,83328023.0,7616441.41356,1
BYBIT,DOGEUSDT,60,1775588400000,0.09112,0.09232,0.091,0.09224,122009732.0,11200369.98878,1
BYBIT,DOGEUSDT,60,1775592000000,0.09224,0.0927,0.09204,0.09207,93761845.0,8658383.52929,1
BYBIT,DOGEUSDT,60,1775595600000,0.09207,0.093,0.09204,0.09285,105331437.0,9764964.22722,1
BYBIT,DOGEUSDT,60,1775599200000,0.09285,0.09507,0.09281,0.09499,324366114.0,30413100.16934,1
BYBIT,DOGEUSDT,60,1775602800000,0.09499,0.09607,0.09474,0.09492,278878968.0,26604375.24736,1
BYBIT,DOGEUSDT,60,1775606400000,0.09492,0.09525,0.09374,0.09423,148048145.0,13982681.38255,1
BYBIT,DOGEUSDT,60,1775610000000,0.09423,0.09462,0.09403,0.09444,50447241.0,4761156.04439,1
BYBIT,DOGEUSDT,60,1775613600000,0.09444,0.09498,0.09432,0.09464,48903069.0,4623329.65686,1
BYBIT,DOGEUSDT,60,1775617200000,0.09464,0.09482,0.09445,0.09456,39127139.0,3701416.06264,1
BYBIT,DOGEUSDT,60,1775620800000,0.09456,0.09505,0.09452,0.09454,48779329.0,4626483.93133,1
BYBIT,DOGEUSDT,60,1775624400000,0.09454,0.09498,0.09446,0.09494,28074780.0,2659095.77673,1
BYBIT,DOGEUSDT,60,1775628000000,0.09494,0.09498,0.09452,0.09461,66770971.0,6328595.19239,1
BYBIT,DOGEUSDT,60,1775631600000,0.09461,0.09484,0.09435,0.09457,66757202.0,6312355.08342,1
BYBIT,DOGEUSDT,60,1775635200000,0.09457,0.09488,0.09433,0.09487,62885107.0,5947392.31683,1
BYBIT,DOGEUSDT,60,1775638800000,0.09487,0.09494,0.09443,0.09475,77837760.0,7366949.5351,1
BYBIT,DOGEUSDT,60,1775642400000,0.09475,0.09563,0.09437,0.09437,140623082.0,13374267.14896,1
BYBIT,DOGEUSDT,60,1775646000000,0.09437,0.09464,0.09374,0.09421,142180017.0,13400311.41967,1
BYBIT,DOGEUSDT,60,1775649600000,0.09421,0.09447,0.09384,0.09442,61913511.0,5829238.83948,1
BYBIT,DOGEUSDT,60,1775653200000,0.09442,0.09508,0.09433,0.09449,131951837.0,12495614.96979,1
BYBIT,DOGEUSDT,60,1775656800000,0.09449,0.09456,0.0926,0.09288,211655933.0,19783913.14006,1
BYBIT,DOGEUSDT,60,1775660400000,0.09288,0.09347,0.09266,0.09338,77239398.0,7187374.31119,1
BYBIT,DOGEUSDT,60,1775664000000,0.09338,0.09356,0.09319,0.09347,25041674.0,2338351.74216,1
BYBIT,DOGEUSDT,60,1775667600000,0.09347,0.09409,0.09321,0.09401,59336524.0,5559982.84853,1
BYBIT,DOGEUSDT,60,1775671200000,0.09401,0.09403,0.09302,0.09306,60285024.0,5638725.77687,1
BYBIT,DOGEUSDT,60,1775674800000,0.09306,0.09316,0.09269,0.09305,33681477.0,3130270.92704,1
BYBIT,DOGEUSDT,60,1775678400000,0.09305,0.09324,0.09283,0.09309,23453684.0,2182814.70849,1
BYBIT,DOGEUSDT,60,1775682000000,0.09309,0.09374,0.09295,0.09353,50432981.0,4712378.35533,1
BYBIT,DOGEUSDT,60,1775685600000,0.09353,0.09357,0.09269,0.09276,56817216.0,5288938.90622,1
BYBIT,DOGEUSDT,60,1775689200000,0.09276,0.09276,0.09207,0.09235,108755755.0,10049094.96021,1
BYBIT,DOGEUSDT,60,1775692800000,0.09235,0.0924,0.09166,0.09203,73808768.0,6790888.01611,1
BYBIT,DOGEUSDT,60,1775696400000,0.09203,0.09211,0.09087,0.09156,244658576.0,22371445.43044,1
BYBIT,DOGEUSDT,60,1775700000000,0.09156,0.09185,0.09143,0.0916,27078475.0,2481882.10538,1
BYBIT,DOGEUSDT,60,1775703600000,0.0916,0.09173,0.09139,0.09147,23286765.0,2132117.74727,1
BYBIT,DOGEUSDT,60,1775707200000,0.09147,0.09147,0.09113,0.09116,35633181.0,3253334.78444,1
BYBIT,DOGEUSDT,60,1775710800000,0.09116,0.09176,0.09081,0.09137,192400631.0,17544688.50808,1
BYBIT,DOGEUSDT,60,1775714400000,0.09137,0.09154,0.09116,0.09146,25118220.0,2294781.46857,1
BYBIT,DOGEUSDT,60,1775718000000,0.09146,0.09158,0.09131,0.09133,17107732.0,1564312.99286,1
BYBIT,DOGEUSDT,60,1775721600000,0.09133,0.09158,0.09115,0.09142,55984325.0,5116577.20329,1
BYBIT,DOGEUSDT,60,1775725200000,0.09142,0.09199,0.09123,0.09189,43278206.0,3964013.53849,1
BYBIT,DOGEUSDT,60,1775728800000,0.09189,0.09192,0.0916,0.09166,41467637.0,3805414.03763,1
BYBIT,DOGEUSDT,60,1775732400000,0.09166,0.09179,0.09147,0.09162,35819823.0,3282603.38944,1
BYBIT,DOGEUSDT,60,1775736000000,0.09162,0.09176,0.09139,0.09155,32168419.0,2945605.93032,1
BYBIT,DOGEUSDT,60,1775739600000,0.09155,0.09164,0.091,0.09123,94671879.0,8643995.61659,1
BYBIT,DOGEUSDT,60,1775743200000,0.09123,0.09152,0.0909,0.09138,42295849.0,3858658.76123,1
BYBIT,DOGEUSDT,60,1775746800000,0.09138,0.09321,0.09125,0.09285,183210294.0,16928342.28092,1
BYBIT,DOGEUSDT,60,1775750400000,0.09285,0.09339,0.09205,0.09246,170504183.0,15793415.87797,1
BYBIT,DOGEUSDT,60,1775754000000,0.09246,0.0935,0.09244,0.09341,97731290.0,9097311.48174,1
BYBIT,DOGEUSDT,60,1775757600000,0.09341,0.09355,0.09287,0.09326,59518256.0,5548667.02787,1
BYBIT,DOGEUSDT,60,1775761200000,0.09326,0.09386,0.09305,0.09378,88216074.0,8241646.74729,1
BYBIT,DOGEUSDT,60,1775764800000,0.09378,0.09434,0.09375,0.09396,79261755.0,7453223.63912,1
BYBIT,DOGEUSDT,60,1775768400000,0.09396,0.09434,0.09365,0.09382,45025712.0,4230020.28636,1
BYBIT,DOGEUSDT,60,1775772000000,0.09382,0.09501,0.09323,0.0934,118013879.0,11099331.21692,1
BYBIT,DOGEUSDT,60,1775775600000,0.0934,0.09346,0.09232,0.09256,84900609.0,7880502.38916,1
BYBIT,DOGEUSDT,60,1775779200000,0.09256,0.09265,0.09204,0.09243,56370965.0,5202727.52209,1
BYBIT,DOGEUSDT,60,1775782800000,0.09243,0.09279,0.0919,0.09231,64069469.0,5920522.86128,1
BYBIT,DOGEUSDT,60,1775786400000,0.09231,0.09279,0.09222,0.09249,28290576.0,2619229.30475,1
BYBIT,DOGEUSDT,60,1775790000000,0.09249,0.0927,0.09207,0.09216,30310380.0,2800185.48263,1
BYBIT,DOGEUSDT,60,1775793600000,0.09216,0.0929,0.09215,0.09274,29082642.0,2690695.21117,1
BYBIT,DOGEUSDT,60,1775797200000,0.09274,0.09315,0.09254,0.09274,38092570.0,3536911.57809,1
BYBIT,DOGEUSDT,60,1775800800000,0.09274,0.09303,0.09238,0.09263,37874116.0,3509014.19294,1
BYBIT,DOGEUSDT,60,1775804400000,0.09263,0.0928,0.09207,0.09225,62987613.0,5821424.97542,1
BYBIT,DOGEUSDT,60,1775808000000,0.09225,0.09247,0.09193,0.09208,79024279.0,7284795.31594,1
BYBIT,DOGEUSDT,60,1775811600000,0.09208,0.0925,0.09204,0.09232,34965958.0,3227146.12789,1
BYBIT,DOGEUSDT,60,1775815200000,0.09232,0.09235,0.09205,0.09218,39245254.0,3617893.58495,1
BYBIT,DOGEUSDT,60,1775818800000,0.09218,0.09263,0.09212,0.09243,47935298.0,4432220.23689,1
BYBIT,DOGEUSDT,60,1775822400000,0.09243,0.09308,0.0923,0.09281,124372821.0,11535865.36389,1
BYBIT,DOGEUSDT,60,1775826000000,0.09281,0.09308,0.09225,0.09286,68693544.0,6364705.58898,1
BYBIT,DOGEUSDT,60,1775829600000,0.09286,0.09419,0.09273,0.09396,193016473.0,18086042.01686,1
BYBIT,DOGEUSDT,60,1775833200000,0.09396,0.09456,0.09305,0.09331,129295549.0,12143846.25908,1
BYBIT,DOGEUSDT,60,1775836800000,0.09331,0.09405,0.09331,0.0939,47615113.0,4462965.88494,1
BYBIT,DOGEUSDT,60,1775840400000,0.0939,0.09392,0.09339,0.09366,19805496.0,1855738.48608,1
BYBIT,DOGEUSDT,60,1775844000000,0.09366,0.0942,0.09357,0.09412,34849989.0,3272193.38443,1
BYBIT,DOGEUSDT,60,1775847600000,0.09412,0.09527,0.09409,0.09502,172169139.0,16338426.38789,1
BYBIT,DOGEUSDT,60,1775851200000,0.09502,0.09519,0.09417,0.09456,89061200.0,8426365.9909,1
BYBIT,DOGEUSDT,60,1775854800000,0.09456,0.09464,0.09398,0.0943,39253488.0,3698158.43053,1
BYBIT,DOGEUSDT,60,1775858400000,0.0943,0.09435,0.09367,0.0939,43943720.0,4129659.69974,1
BYBIT,DOGEUSDT,60,1775862000000,0.0939,0.09391,0.09354,0.09367,31391071.0,2940797.00547,1
BYBIT,DOGEUSDT,60,1775865600000,0.09367,0.0938,0.09336,0.09357,45594943.0,4264953.85272,1
BYBIT,DOGEUSDT,60,1775869200000,0.09357,0.09373,0.09324,0.09358,61211091.0,5724348.70084,1
BYBIT,DOGEUSDT,60,1775872800000,0.09358,0.09398,0.09345,0.09363,41614021.0,3900017.56815,1
BYBIT,DOGEUSDT,60,1775876400000,0.09363,0.09407,0.09355,0.09363,46557014.0,4367392.14664,1
BYBIT,DOGEUSDT,60,1775880000000,0.09363,0.09384,0.09335,0.09355,30431615.0,2846666.48221,1
BYBIT,DOGEUSDT,60,1775883600000,0.09355,0.09355,0.09271,0.09288,147063775.0,13679423.82687,1
BYBIT,DOGEUSDT,60,1775887200000,0.09288,0.09289,0.09262,0.09272,34778087.0,3225149.38335,1
BYBIT,DOGEUSDT,60,1775890800000,0.09272,0.09291,0.09266,0.09281,20961922.0,1944620.86054,1
BYBIT,DOGEUSDT,60,1775894400000,0.09281,0.09296,0.09269,0.09277,32419071.0,3010109.8021,1
BYBIT,DOGEUSDT,60,1775898000000,0.09277,0.09299,0.09252,0.09289,85293476.0,7914238.86406,1
BYBIT,DOGEUSDT,60,1775901600000,0.09289,0.09292,0.09265,0.0928,18447151.0,1712107.25259,1
BYBIT,DOGEUSDT,60,1775905200000,0.0928,0.09291,0.09272,0.09286,25703480.0,2385343.12924,1
BYBIT,DOGEUSDT,60,1775908800000,0.09286,0.09306,0.09274,0.09291,35528525.0,3301868.2397,1
BYBIT,DOGEUSDT,60,1775912400000,0.09291,0.09291,0.09219,0.09255,142292148.0,13155580.25018,1
BYBIT,DOGEUSDT,60,1775916000000,0.09255,0.09271,0.09243,0.09259,29301307.0,2713006.79449,1
BYBIT,DOGEUSDT,60,1775919600000,0.09259,0.09302,0.09257,0.09271,29902060.0,2774167.17961,1
BYBIT,DOGEUSDT,60,1775923200000,0.09271,0.0937,0.09267,0.09335,75217620.0,7020930.32041,1
BYBIT,DOGEUSDT,60,1775926800000,0.09335,0.09338,0.09297,0.09299,40160880.0,3740477.17157,1
BYBIT,DOGEUSDT,60,1775930400000,0.09299,0.09415,0.0927,0.09393,116186967.0,10863808.64573,1
BYBIT,DOGEUSDT,60,1775934000000,0.09393,0.09477,0.09393,0.09469,118667225.0,11202724.15664,1
BYBIT,DOGEUSDT,60,1775937600000,0.09469,0.09488,0.09356,0.09387,133657828.0,12594232.68915,1
BYBIT,DOGEUSDT,60,1775941200000,0.09387,0.09422,0.09357,0.0939,49002406.0,4601445.89042,1
BYBIT,DOGEUSDT,60,1775944800000,0.0939,0.09431,0.09341,0.09365,42729805.0,4007580.3376,1
BYBIT,DOGEUSDT,60,1775948400000,0.09365,0.09365,0.09271,0.09303,120450042.0,11207040.90049,1
BYBIT,DOGEUSDT,60,1775952000000,0.09303,0.09307,0.09259,0.09299,66374619.0,6163377.89337,1
BYBIT,DOGEUSDT,60,1775955600000,0.09299,0.09318,0.09042,0.09102,416297200.0,38056571.18765,1
BYBIT,DOGEUSDT,60,1775959200000,0.09102,0.09157,0.09074,0.09146,117610222.0,10731972.65466,1
BYBIT,DOGEUSDT,60,1775962800000,0.09146,0.0916,0.09108,0.0911,46848509.0,4278844.36926,1
BYBIT,DOGEUSDT,60,1775966400000,0.0911,0.09122,0.09095,0.09114,41816809.0,3809155.43596,1
BYBIT,DOGEUSDT,60,1775970000000,0.09114,0.09143,0.09101,0.09135,28447860.0,2595604.33154,1
BYBIT,DOGEUSDT,60,1775973600000,0.09135,0.09156,0.09124,0.09135,51192808.0,4678634.42429,1
BYBIT,DOGEUSDT,60,1775977200000,0.09135,0.09144,0.09118,0.09132,72900212.0,6657970.19956,1
BYBIT,DOGEUSDT,60,1775980800000,0.09132,0.09136,0.09116,0.09123,35050107.0,3199282.84337,1
BYBIT,DOGEUSDT,60,1775984400000,0.09123,0.09123,0.09108,0.09114,33215348.0,3027582.60607,1
BYBIT,DOGEUSDT,60,1775988000000,0.09114,0.09119,0.09084,0.09102,26780911.0,2437417.94059,1
BYBIT,DOGEUSDT,60,1775991600000,0.09102,0.0913,0.09096,0.09126,26579903.0,2423711.05323,1
BYBIT,DOGEUSDT,60,1775995200000,0.09126,0.09137,0.09089,0.09098,47259748.0,4307367.40454,1
BYBIT,DOGEUSDT,60,1775998800000,0.09098,0.09114,0.09058,0.09065,67144282.0,6101445.20251,1
BYBIT,DOGEUSDT,60,1776002400000,0.09065,0.09087,0.09026,0.09044,96503346.0,8732178.00561,1
BYBIT,DOGEUSDT,60,1776006000000,0.09044,0.09066,0.09021,0.09058,35183757.0,3182680.94558,1
BYBIT,DOGEUSDT,60,1776009600000,0.09058,0.09075,0.09047,0.09066,33514080.0,3036872.78824,1
BYBIT,DOGEUSDT,60,1776013200000,0.09066,0.09115,0.09058,0.09104,29797195.0,2707573.58568,1
BYBIT,DOGEUSDT,60,1776016800000,0.09104,0.09125,0.09096,0.09104,26345262.0,2399887.23074,1
BYBIT,DOGEUSDT,60,1776020400000,0.09104,0.09126,0.09082,0.09086,25781695.0,2346036.78796,1
BYBIT,DOGEUSDT,60,1776024000000,0.09086,0.09165,0.0908,0.09148,51738908.0,4719174.30632,1
BYBIT,DOGEUSDT,60,1776027600000,0.09148,0.09169,0.09111,0.0913,28660126.0,2617099.92847,1
BYBIT,DOGEUSDT,60,1776031200000,0.0913,0.0913,0.09053,0.09097,68496532.0,6222068.77098,1
BYBIT,DOGEUSDT,60,1776034800000,0.09097,0.09097,0.09044,0.09078,41407769.0,3752054.42823,1
BYBIT,DOGEUSDT,60,1776038400000,0.09078,0.09145,0.0907,0.09128,29220241.0,2663123.83198,1
BYBIT,DOGEUSDT,60,1776042000000,0.09128,0.09146,0.09098,0.09136,59198764.0,5397199.56711,1
BYBIT,DOGEUSDT,60,1776045600000,0.09136,0.09149,0.09098,0.09105,15173493.0,1384449.09078,1
BYBIT,DOGEUSDT,60,1776049200000,0.09105,0.09127,0.09097,0.09116,17201094.0,1567607.17402,1
BYBIT,DOGEUSDT,60,1776052800000,0.09116,0.09122,0.09085,0.09092,11616882.0,1057906.21473,1
BYBIT,DOGEUSDT,60,1776056400000,0.09092,0.09124,0.09077,0.09121,29211290.0,2657591.30693,1
BYBIT,DOGEUSDT,60,1776060000000,0.09121,0.09148,0.0912,0.09141,27499528.0,2512710.9226,1
BYBIT,DOGEUSDT,60,1776063600000,0.09141,0.09146,0.0908,0.09085,63531702.0,5784395.55271,1
BYBIT,DOGEUSDT,60,1776067200000,0.09085,0.09097,0.09068,0.09087,26553152.0,2411400.11197,1
BYBIT,DOGEUSDT,60,1776070800000,0.09087,0.09131,0.09085,0.09095,33538104.0,3055683.46077,1
BYBIT,DOGEUSDT,60,1776074400000,0.09095,0.091,0.09077,0.09083,9538125.0,866822.99492,1
BYBIT,DOGEUSDT,60,1776078000000,0.09083,0.09096,0.09079,0.09088,14546002.0,1322013.67404,1
BYBIT,DOGEUSDT,60,1776081600000,0.09088,0.09188,0.09079,0.09158,87427051.0,7998941.4379,1
BYBIT,DOGEUSDT,60,1776085200000,0.09158,0.09179,0.09072,0.09177,183501296.0,16733577.60482,1
BYBIT,DOGEUSDT,60,1776088800000,0.09177,0.09262,0.09144,0.09247,126662737.0,11647593.18581,1
BYBIT,DOGEUSDT,60,1776092400000,0.09247,0.09251,0.09149,0.09166,72155916.0,6633401.73807,1
BYBIT,DOGEUSDT,60,1776096000000,0.09166,0.09209,0.0913,0.09191,54774828.0,5027469.65208,1
BYBIT,DOGEUSDT,60,1776099600000,0.09191,0.09224,0.09136,0.09151,66168423.0,6066791.07345,1
BYBIT,DOGEUSDT,60,1776103200000,0.09151,0.09175,0.09131,0.09175,26112011.0,2390143.42852,1
BYBIT,DOGEUSDT,60,1776106800000,0.09175,0.09322,0.09167,0.09304,127797678.0,11830582.99103,1
BYBIT,DOGEUSDT,60,1776110400000,0.09304,0.09317,0.0924,0.09247,73378063.0,6811229.95085,1
BYBIT,DOGEUSDT,60,1776114000000,0.09247,0.09277,0.09242,0.09265,27341673.0,2532260.59147,1
BYBIT,DOGEUSDT,60,1776117600000,0.09265,0.09432,0.09265,0.09402,240536259.0,22577926.17872,1
BYBIT,DOGEUSDT,60,1776121200000,0.09402,0.0943,0.09368,0.09409,114169757.0,10735967.23517,1
BYBIT,DOGEUSDT,60,1776124800000,0.09409,0.09426,0.09339,0.09353,107609791.0,10093428.04883,1
BYBIT,DOGEUSDT,60,1776128400000,0.09353,0.09364,0.09301,0.09354,85009645.0,7930446.36722,1
BYBIT,DOGEUSDT,60,1776132000000,0.09354,0.0939,0.09333,0.09347,76059250.0,7123174.52206,1
BYBIT,DOGEUSDT,60,1776135600000,0.09347,0.09379,0.09335,0.09353,38416241.0,3596167.32414,1
BYBIT,DOGEUSDT,60,1776139200000,0.09353,0.09372,0.09324,0.09335,22875669.0,2139058.18748,1
BYBIT,DOGEUSDT,60,1776142800000,0.09335,0.09336,0.09267,0.09276,58947291.0,5479454.36651,1
BYBIT,DOGEUSDT,60,1776146400000,0.09276,0.09336,0.09276,0.09321,57103418.0,5319778.53576,1
BYBIT,DOGEUSDT,60,1776150000000,0.09321,0.09367,0.09317,0.09359,44328417.0,4142900.54273,1
BYBIT,DOGEUSDT,60,1776153600000,0.09359,0.09466,0.09338,0.09438,186090754.0,17527193.32039,1
BYBIT,DOGEUSDT,60,1776157200000,0.09438,0.09484,0.09423,0.0945,120039550.0,11347484.50503,1
BYBIT,DOGEUSDT,60,1776160800000,0.0945,0.09465,0.09379,0.09444,142463159.0,13425025.15824,1
BYBIT,DOGEUSDT,60,1776164400000,0.09444,0.0958,0.09386,0.09432,425634441.0,40314415.80266,1
BYBIT,DOGEUSDT,60,1776168000000,0.09432,0.0944,0.09366,0.09412,122263329.0,11495676.87668,1
BYBIT,DOGEUSDT,60,1776171600000,0.09412,0.09722,0.09405,0.09705,294701938.0,28271507.9049,1
BYBIT,DOGEUSDT,60,1776175200000,0.09705,0.09805,0.09578,0.09606,493307665.0,47784484.41437,1
BYBIT,DOGEUSDT,60,1776178800000,0.09606,0.09636,0.09521,0.09535,198216365.0,18981446.90223,1
BYBIT,DOGEUSDT,60,1776182400000,0.09535,0.09597,0.09469,0.0951,88399325.0,8429698.94077,1
BYBIT,DOGEUSDT,60,1776186000000,0.0951,0.09529,0.09414,0.09461,96645551.0,9139484.19066,1
BYBIT,DOGEUSDT,60,1776189600000,0.09461,0.09487,0.09279,0.09304,220105033.0,20575909.80862,1
BYBIT,DOGEUSDT,60,1776193200000,0.09304,0.09333,0.0923,0.09276,200879514.0,18634118.29016,1
BYBIT,DOGEUSDT,60,1776196800000,0.09276,0.09289,0.09233,0.09259,76980296.0,7127811.46338,1
BYBIT,DOGEUSDT,60,1776200400000,0.09259,0.09326,0.09258,0.09319,69959686.0,6500740.43285,1
BYBIT,DOGEUSDT,60,1776204000000,0.09319,0.0933,0.09255,0.09284,129008977.0,11982186.30978,1
BYBIT,DOGEUSDT,60,1776207600000,0.09284,0.09315,0.09269,0.09291,61444809.0,5710552.84317,1
BYBIT,DOGEUSDT,60,1776211200000,0.09291,0.0935,0.09289,0.09324,131821098.0,12295762.54769,1
BYBIT,DOGEUSDT,60,1776214800000,0.09324,0.09356,0.09311,0.09341,71081460.0,6636507.64423,1
BYBIT,DOGEUSDT,60,1776218400000,0.09341,0.09356,0.09293,0.09312,40266851.0,3754367.19911,1
BYBIT,DOGEUSDT,60,1776222000000,0.09312,0.09332,0.09305,0.09311,21249941.0,1980075.77621,1
BYBIT,DOGEUSDT,60,1776225600000,0.09311,0.09366,0.09306,0.09359,42162305.0,3934381.76611,1
BYBIT,DOGEUSDT,60,1776229200000,0.09359,0.09386,0.09304,0.09344,63740877.0,5952575.80043,1
BYBIT,DOGEUSDT,60,1776232800000,0.09344,0.09347,0.09261,0.09266,82433477.0,7674989.08393,1
BYBIT,DOGEUSDT,60,1776236400000,0.09266,0.09324,0.09259,0.09277,81441849.0,7557746.44323,1
BYBIT,DOGEUSDT,60,1776240000000,0.09277,0.09321,0.09269,0.09306,39699067.0,3693079.47931,1
BYBIT,DOGEUSDT,60,1776243600000,0.09306,0.09315,0.0928,0.09288,23229496.0,2159147.50477,1
BYBIT,DOGEUSDT,60,1776247200000,0.09288,0.09325,0.09255,0.0929,35672186.0,3315737.7692,1
BYBIT,DOGEUSDT,60,1776250800000,0.0929,0.09374,0.09287,0.09351,56692364.0,5298016.81674,1
BYBIT,DOGEUSDT,60,1776254400000,0.09351,0.09372,0.09332,0.09348,35973083.0,3363746.3469,1
BYBIT,DOGEUSDT,60,1776258000000,0.09348,0.0936,0.09307,0.09338,46774028.0,4363437.72773,1
BYBIT,DOGEUSDT,60,1776261600000,0.09338,0.09413,0.09313,0.09392,188468938.0,17681329.25026,1
BYBIT,DOGEUSDT,60,1776265200000,0.09392,0.09399,0.09309,0.09355,94462407.0,8832293.10565,1
BYBIT,DOGEUSDT,60,1776268800000,0.09355,0.09449,0.09346,0.09442,87719481.0,8257724.20241,1
BYBIT,DOGEUSDT,60,1776272400000,0.09442,0.09507,0.09434,0.09477,110955369.0,10504687.7019,1
BYBIT,DOGEUSDT,60,1776276000000,0.09477,0.09532,0.0947,0.09519,45959657.0,4367725.6152,1
BYBIT,DOGEUSDT,60,1776279600000,0.09519,0.09678,0.0951,0.09606,167626932.0,16118374.24006,1
BYBIT,DOGEUSDT,60,1776283200000,0.09606,0.09616,0.09495,0.09514,104816152.0,10013084.75018,1
BYBIT,DOGEUSDT,60,1776286800000,0.09514,0.0953,0.09446,0.09523,44059444.0,4179411.67107,1
BYBIT,DOGEUSDT,60,1776290400000,0.09523,0.09591,0.09505,0.09506,41852259.0,3997387.84881,1
BYBIT,DOGEUSDT,60,1776294000000,0.09506,0.09507,0.09434,0.09486,71604138.0,6779438.43035,1
BYBIT,DOGEUSDT,60,1776297600000,0.09486,0.09495,0.09447,0.09491,31650355.0,2997408.9345,1
BYBIT,DOGEUSDT,60,1776301200000,0.09491,0.09498,0.09449,0.09481,29549374.0,2799561.12438,1
BYBIT,DOGEUSDT,60,1776304800000,0.09481,0.09653,0.09477,0.09591,159267086.0,15243122.63921,1
BYBIT,DOGEUSDT,60,1776308400000,0.09591,0.09741,0.09584,0.09701,145707108.0,14084012.80868,1
BYBIT,DOGEUSDT,60,1776312000000,0.09701,0.09795,0.09659,0.09689,211205589.0,20533350.02013,1
BYBIT,DOGEUSDT,60,1776315600000,0.09689,0.09705,0.09607,0.09657,86114100.0,8312736.29516,1
BYBIT,DOGEUSDT,60,1776319200000,0.09657,0.09675,0.09608,0.0966,62124525.0,5989166.28079,1
BYBIT,DOGEUSDT,60,1776322800000,0.0966,0.09689,0.09619,0.09645,52761430.0,5095603.77652,1
BYBIT,DOGEUSDT,60,1776326400000,0.09645,0.09648,0.09591,0.09592,42693971.0,4104026.64133,1
BYBIT,DOGEUSDT,60,1776330000000,0.09592,0.09656,0.0958,0.09598,58997563.0,5671930.75162,1
BYBIT,DOGEUSDT,60,1776333600000,0.09598,0.096,0.09528,0.09575,161350172.0,15429817.71668,1
BYBIT,DOGEUSDT,60,1776337200000,0.09575,0.09643,0.09561,0.09632,79947180.0,7689287.92029,1
BYBIT,DOGEUSDT,60,1776340800000,0.09632,0.09722,0.09628,0.0967,126017203.0,12209229.12896,1
BYBIT,DOGEUSDT,60,1776344400000,0.0967,0.0977,0.09479,0.09576,273758567.0,26398742.55362,1
BYBIT,DOGEUSDT,60,1776348000000,0.09576,0.09604,0.09435,0.09538,208731934.0,19862053.04581,1
BYBIT,DOGEUSDT,60,1776351600000,0.09538,0.09729,0.09525,0.09725,221835822.0,21374808.12674,1
BYBIT,DOGEUSDT,60,1776355200000,0.09725,0.09856,0.09636,0.09678,341321190.0,33298962.05717,1
BYBIT,DOGEUSDT,60,1776358800000,0.09678,0.09782,0.09643,0.09773,143288288.0,13917442.42864,1
BYBIT,DOGEUSDT,60,1776362400000,0.09773,0.09982,0.09743,0.09914,241541660.0,23849793.88163,1
BYBIT,DOGEUSDT,60,1776366000000,0.09914,0.09972,0.09902,0.09939,96187677.0,9552842.02489,1
BYBIT,DOGEUSDT,60,1776369600000,0.09939,0.09973,0.09792,0.09848,127153780.0,12546495.9256,1
BYBIT,DOGEUSDT,60,1776373200000,0.09848,0.09915,0.09819,0.09854,119827256.0,11824422.00771,1
BYBIT,DOGEUSDT,60,1776376800000,0.09854,0.09914,0.09854,0.09885,94141769.0,9313711.0477,1
BYBIT,DOGEUSDT,60,1776380400000,0.09885,0.09975,0.09869,0.09917,97580121.0,9689288.08322,1
BYBIT,DOGEUSDT,60,1776384000000,0.09917,0.09935,0.09838,0.09886,214827291.0,21222997.37716,1
BYBIT,DOGEUSDT,60,1776387600000,0.09886,0.09958,0.09786,0.09826,124604745.0,12293085.55191,1
BYBIT,DOGEUSDT,60,1776391200000,0.09826,0.09841,0.09727,0.09782,67287809.0,6576828.61616,1
BYBIT,DOGEUSDT,60,1776394800000,0.09782,0.09806,0.09749,0.09768,43913229.0,4295766.44897,1
BYBIT,DOGEUSDT,60,1776398400000,0.09768,0.09787,0.09732,0.09742,48761192.0,4754838.40876,1
BYBIT,DOGEUSDT,60,1776402000000,0.09742,0.09746,0.09665,0.09672,71161475.0,6900339.30953,1
BYBIT,DOGEUSDT,60,1776405600000,0.09672,0.09766,0.09664,0.09757,44286667.0,4301543.77945,1
BYBIT,DOGEUSDT,60,1776409200000,0.09757,0.09849,0.09756,0.09802,99394846.0,9746998.00809,1
BYBIT,DOGEUSDT,60,1776412800000,0.09802,0.09872,0.09768,0.09848,136334852.0,13384448.02774,1
BYBIT,DOGEUSDT,60,1776416400000,0.09848,0.09948,0.09807,0.09887,111734674.0,11037520.50779,1
BYBIT,DOGEUSDT,60,1776420000000,0.09887,0.09894,0.09761,0.09793,89197253.0,8758249.96302,1
BYBIT,DOGEUSDT,60,1776423600000,0.09793,0.09898,0.09793,0.09869,69964954.0,6896287.03132,1
BYBIT,DOGEUSDT,60,1776427200000,0.09869,0.10018,0.09839,0.10005,128951297.0,12828907.01434,1
BYBIT,DOGEUSDT,60,1776430800000,0.10005,0.1015,0.09983,0.10096,496189742.0,49981271.88298,1
BYBIT,DOGEUSDT,60,1776434400000,0.10096,0.10151,0.10047,0.10097,228185362.0,23028885.04015,1
BYBIT,DOGEUSDT,60,1776438000000,0.10097,0.10138,0.09982,0.10052,209103617.0,21002930.17418,1
BYBIT,DOGEUSDT,60,1776441600000,0.10052,0.10216,0.10048,0.10192,145468381.0,14762125.57758,1
BYBIT,DOGEUSDT,60,1776445200000,0.10192,0.10203,0.10011,0.101,142037669.0,14336545.11961,1
BYBIT,DOGEUSDT,60,1776448800000,0.101,0.10114,0.09976,0.1001,57673186.0,5779769.10282,1
BYBIT,DOGEUSDT,60,1776452400000,0.1001,0.10054,0.09975,0.09991,29764148.0,2978972.12072,1
BYBIT,DOGEUSDT,60,1776456000000,0.09991,0.10017,0.09933,0.10013,56688608.0,5660367.47739,1
BYBIT,DOGEUSDT,60,1776459600000,0.10013,0.10059,0.09974,0.10008,41787826.0,4188541.50781,1
BYBIT,DOGEUSDT,60,1776463200000,0.10008,0.10055,0.09994,0.10019,37557389.0,3765126.62998,1
BYBIT,DOGEUSDT,60,1776466800000,0.10019,0.10019,0.09856,0.09938,147420480.0,14623580.27332,1
BYBIT,DOGEUSDT,60,1776470400000,0.09938,0.09971,0.09903,0.09923,40376391.0,4010629.23228,1
BYBIT,DOGEUSDT,60,1776474000000,0.09923,0.0997,0.09886,0.0991,38246628.0,3800222.40186,1
BYBIT,DOGEUSDT,60,1776477600000,0.0991,0.09951,0.09873,0.09903,31223642.0,3096124.80252,1
BYBIT,DOGEUSDT,60,1776481200000,0.09903,0.09907,0.09786,0.09848,171550418.0,16884946.63131,1
BYBIT,DOGEUSDT,60,1776484800000,0.09848,0.09863,0.09801,0.09829,44705974.0,4396287.69977,1
BYBIT,DOGEUSDT,60,1776488400000,0.09829,0.09887,0.09827,0.09879,63283661.0,6243212.20874,1
BYBIT,DOGEUSDT,60,1776492000000,0.09879,0.09889,0.09845,0.09872,16757675.0,1653848.72775,1
BYBIT,DOGEUSDT,60,1776495600000,0.09872,0.09902,0.09864,0.09881,28657425.0,2833290.30118,1
BYBIT,DOGEUSDT,60,1776499200000,0.09881,0.09882,0.0967,0.09703,288196768.0,28068202.82465,1
BYBIT,DOGEUSDT,60,1776502800000,0.09703,0.09729,0.0965,0.09699,161293206.0,15624804.1952,1
BYBIT,DOGEUSDT,60,1776506400000,0.09699,0.097,0.0963,0.09646,116959861.0,11288111.28039,1
BYBIT,DOGEUSDT,60,1776510000000,0.09646,0.09647,0.0955,0.09597,112708471.0,10813163.47072,1
BYBIT,DOGEUSDT,60,1776513600000,0.09597,0.0962,0.09563,0.09606,49688439.0,4767083.64295,1
BYBIT,DOGEUSDT,60,1776517200000,0.09606,0.09613,0.0954,0.09574,51806910.0,4961609.35618,1
BYBIT,DOGEUSDT,60,1776520800000,0.09574,0.09615,0.09549,0.09614,33158264.0,3180938.51835,1
BYBIT,DOGEUSDT,60,1776524400000,0.09614,0.09636,0.09577,0.09595,58719286.0,5642147.71131,1
BYBIT,DOGEUSDT,60,1776528000000,0.09595,0.09613,0.09543,0.09559,41283751.0,3954490.50174,1
BYBIT,DOGEUSDT,60,1776531600000,0.09559,0.09565,0.09516,0.09538,30300896.0,2892126.46087,1
BYBIT,DOGEUSDT,60,1776535200000,0.09538,0.09549,0.09416,0.09446,129318217.0,12242142.76998,1
BYBIT,DOGEUSDT,60,1776538800000,0.09446,0.09502,0.09442,0.09474,26462961.0,2508526.89479,1
BYBIT,DOGEUSDT,60,1776542400000,0.09474,0.09514,0.09455,0.09496,39393279.0,3736786.82571,1
BYBIT,DOGEUSDT,60,1776546000000,0.09496,0.09529,0.09476,0.09516,30244447.0,2872754.19906,1
BYBIT,DOGEUSDT,60,1776549600000,0.09516,0.09522,0.0948,0.09509,9979713.0,947997.69574,1
BYBIT,DOGEUSDT,60,1776553200000,0.09509,0.09521,0.09466,0.09472,17035769.0,1617891.36727,1
BYBIT,DOGEUSDT,60,1776556800000,0.09472,0.09496,0.09457,0.09479,34018477.0,3224440.58574,1
BYBIT,DOGEUSDT,60,1776560400000,0.09479,0.09505,0.09461,0.09494,18297832.0,1734946.69306,1
BYBIT,DOGEUSDT,60,1776564000000,0.09494,0.09498,0.09429,0.09469,58457280.0,5534772.18733,1
BYBIT,DOGEUSDT,60,1776567600000,0.09469,0.09503,0.0944,0.09471,25458715.0,2412104.03399,1
BYBIT,DOGEUSDT,60,1776571200000,0.09471,0.09478,0.09405,0.09457,46573252.0,4397891.94702,1
BYBIT,DOGEUSDT,60,1776574800000,0.09457,0.09516,0.0945,0.09478,43198002.0,4096951.60223,1
BYBIT,DOGEUSDT,60,1776578400000,0.09478,0.09501,0.09443,0.09483,43087824.0,4081284.23687,1
BYBIT,DOGEUSDT,60,1776582000000,0.09483,0.09484,0.09334,0.09409,125329627.0,11765731.13586,1
BYBIT,DOGEUSDT,60,1776585600000,0.09409,0.09422,0.09387,0.09405,31703780.0,2982761.15212,1
BYBIT,DOGEUSDT,60,1776589200000,0.09405,0.09409,0.09349,0.09369,66441654.0,6227130.32205,1
BYBIT,DOGEUSDT,60,1776592800000,0.09369,0.09387,0.0934,0.09384,25469717.0,2385361.86013,1
BYBIT,DOGEUSDT,60,1776596400000,0.09384,0.09491,0.09378,0.09448,139162330.0,13158973.35648,1
BYBIT,DOGEUSDT,60,1776600000000,0.09448,0.09522,0.09442,0.09448,59912080.0,5677724.54031,1
BYBIT,DOGEUSDT,60,1776603600000,0.09448,0.09645,0.09444,0.0953,388380524.0,37005677.52359,1
BYBIT,DOGEUSDT,60,1776607200000,0.0953,0.09621,0.09479,0.09533,167681169.0,16013170.34992,1
BYBIT,DOGEUSDT,60,1776610800000,0.09533,0.09558,0.09424,0.09555,167159172.0,15886295.98636,1
BYBIT,DOGEUSDT,60,1776614400000,0.09555,0.09565,0.09425,0.09455,76910625.0,7304124.29901,1
BYBIT,DOGEUSDT,60,1776618000000,0.09455,0.09464,0.09373,0.09403,99617064.0,9384877.94761,1
BYBIT,DOGEUSDT,60,1776621600000,0.09403,0.09435,0.09385,0.0941,24822996.0,2336399.5152,1
BYBIT,DOGEUSDT,60,1776625200000,0.0941,0.09454,0.09407,0.09444,14946918.0,1409985.16043,1
BYBIT,DOGEUSDT,60,1776628800000,0.09444,0.09445,0.09364,0.09401,27217923.0,2558205.5441,1
BYBIT,DOGEUSDT,60,1776632400000,0.09401,0.0943,0.09373,0.09378,30524050.0,2869602.49822,1
BYBIT,DOGEUSDT,60,1776636000000,0.09378,0.09378,0.09251,0.09305,147359331.0,13712867.2659,1
BYBIT,DOGEUSDT,60,1776639600000,0.09305,0.09312,0.09244,0.09299,103754009.0,9639193.76699,1
BYBIT,DOGEUSDT,60,1776643200000,0.09299,0.09401,0.09286,0.09388,61211155.0,5724986.70397,1
BYBIT,DOGEUSDT,60,1776646800000,0.09388,0.09425,0.09365,0.09404,21897269.0,2059139.97963,1
BYBIT,DOGEUSDT,60,1776650400000,0.09404,0.09413,0.09365,0.09404,16366098.0,1536617.92876,1
BYBIT,DOGEUSDT,60,1776654000000,0.09404,0.09431,0.0937,0.0942,28412813.0,2669202.53724,1
BYBIT,DOGEUSDT,60,1776657600000,0.0942,0.09459,0.09397,0.09457,23772190.0,2242632.61204,1
BYBIT,DOGEUSDT,60,1776661200000,0.09457,0.09463,0.09355,0.0939,73308609.0,6892419.92141,1
BYBIT,DOGEUSDT,60,1776664800000,0.0939,0.09445,0.09372,0.09418,72351226.0,6806731.44005,1
BYBIT,DOGEUSDT,60,1776668400000,0.09418,0.09542,0.09409,0.0945,120960456.0,11462331.38644,1
BYBIT,DOGEUSDT,60,1776672000000,0.0945,0.09459,0.0941,0.09419,41099589.0,3875825.38677,1
BYBIT,DOGEUSDT,60,1776675600000,0.09419,0.09465,0.09398,0.09447,51353007.0,4846277.63572,1
BYBIT,DOGEUSDT,60,1776679200000,0.09447,0.09497,0.09443,0.09444,38846596.0,3679675.12704,1
BYBIT,DOGEUSDT,60,1776682800000,0.09444,0.09471,0.09416,0.09445,37831912.0,3569930.16742,1
BYBIT,DOGEUSDT,60,1776686400000,0.09445,0.09498,0.09434,0.0948,74702914.0,7076421.33971,1
BYBIT,DOGEUSDT,60,1776690000000,0.0948,0.09495,0.09442,0.09484,39357807.0,3729192.6367,1
BYBIT,DOGEUSDT,60,1776693600000,0.09484,0.09531,0.09412,0.09434,70996406.0,6729375.48878,1
BYBIT,DOGEUSDT,60,1776697200000,0.09434,0.09538,0.09402,0.09492,94620901.0,8967674.79978,1
BYBIT,DOGEUSDT,60,1776700800000,0.09492,0.09495,0.09432,0.0945,46067809.0,4356124.39533,1
BYBIT,DOGEUSDT,60,1776704400000,0.0945,0.0952,0.09447,0.09504,25535631.0,2424089.4292,1
BYBIT,DOGEUSDT,60,1776708000000,0.09504,0.09574,0.09504,0.09559,62435561.0,5955918.72463,1
BYBIT,DOGEUSDT,60,1776711600000,0.09559,0.09569,0.09521,0.09547,19689048.0,1879422.05368,1
BYBIT,DOGEUSDT,60,1776715200000,0.09547,0.09582,0.09524,0.09577,42305791.0,4039990.54856,1
BYBIT,DOGEUSDT,60,1776718800000,0.09577,0.09604,0.09533,0.09564,44168500.0,4225216.78748,1
BYBIT,DOGEUSDT,60,1776722400000,0.09564,0.09588,0.0955,0.09551,21106875.0,2019420.05002,1
BYBIT,DOGEUSDT,60,1776726000000,0.09551,0.09551,0.09493,0.09515,35634852.0,3389899.79805,1
BYBIT,DOGEUSDT,60,1776729600000,0.09515,0.09558,0.09508,0.09544,21904890.0,2088066.39517,1
BYBIT,DOGEUSDT,60,1776733200000,0.09544,0.09581,0.0953,0.09536,21910877.0,2094345.0875,1
BYBIT,DOGEUSDT,60,1776736800000,0.09536,0.09541,0.09502,0.09503,22421407.0,2133910.24808,1
BYBIT,DOGEUSDT,60,1776740400000,0.09503,0.09515,0.09456,0.09484,66503077.0,6304302.74997,1
BYBIT,DOGEUSDT,60,1776744000000,0.09484,0.09538,0.09482,0.09515,61457517.0,5846393.27455,1
BYBIT,DOGEUSDT,60,1776747600000,0.09515,0.09554,0.095,0.09539,63078816.0,6010041.93923,1
BYBIT,DOGEUSDT,60,1776751200000,0.09539,0.09577,0.09509,0.09533,41182792.0,3931021.30957,1
BYBIT,DOGEUSDT,60,1776754800000,0.09533,0.09564,0.09512,0.09524,31892066.0,3039371.84837,1
BYBIT,DOGEUSDT,60,1776758400000,0.09524,0.09582,0.09515,0.09533,28024181.0,2674279.81051,1
BYBIT,DOGEUSDT,60,1776762000000,0.09533,0.09571,0.09517,0.09563,28362433.0,2706042.31631,1
BYBIT,DOGEUSDT,60,1776765600000,0.09563,0.0959,0.09546,0.09574,26760176.0,2561335.13427,1
BYBIT,DOGEUSDT,60,1776769200000,0.09574,0.09577,0.09523,0.09539,48693080.0,4648986.26553,1
BYBIT,DOGEUSDT,60,1776772800000,0.09539,0.09545,0.09459,0.09495,65586749.0,6225930.22494,1
BYBIT,DOGEUSDT,60,1776776400000,0.09495,0.09528,0.09478,0.09514,43025723.0,4089212.2351,1
BYBIT,DOGEUSDT,60,1776780000000,0.09514,0.09567,0.09478,0.09489,86456328.0,8231005.2987,1
BYBIT,DOGEUSDT,60,1776783600000,0.09489,0.09522,0.09438,0.09473,61905693.0,5866914.29622,1
BYBIT,DOGEUSDT,60,1776787200000,0.09473,0.09512,0.09453,0.0946,28817881.0,2734878.89813,1
BYBIT,DOGEUSDT,60,1776790800000,0.0946,0.09483,0.0936,0.09438,121523754.0,11447666.67883,1
BYBIT,DOGEUSDT,60,1776794400000,0.09438,0.0945,0.094,0.09446,33582067.0,3164636.12692,1
BYBIT,DOGEUSDT,60,1776798000000,0.09446,0.09481,0.0935,0.09379,73082895.0,6870028.21733,1
BYBIT,DOGEUSDT,60,1776801600000,0.09379,0.09489,0.09372,0.09459,57359451.0,5418152.78553,1
BYBIT,DOGEUSDT,60,1776805200000,0.09459,0.0947,0.0944,0.09461,13810272.0,1305832.61423,1
BYBIT,DOGEUSDT,60,1776808800000,0.09461,0.09467,0.0941,0.09439,14531479.0,1370628.51285,1
BYBIT,DOGEUSDT,60,1776812400000,0.09439,0.09521,0.09435,0.09513,34200225.0,3245351.91278,1
BYBIT,DOGEUSDT,60,1776816000000,0.09513,0.09532,0.09503,0.09511,26634644.0,2534368.90725,1
BYBIT,DOGEUSDT,60,1776819600000,0.09511,0.09521,0.09482,0.09493,19704915.0,1871159.0774,1
BYBIT,DOGEUSDT,60,1776823200000,0.09493,0.09655,0.09481,0.0965,168596778.0,16194324.43719,1
BYBIT,DOGEUSDT,60,1776826800000,0.0965,0.09689,0.0961,0.09623,61843518.0,5968425.51543,1
BYBIT,DOGEUSDT,60,1776830400000,0.09623,0.09649,0.09594,0.09622,33724358.0,3245353.88171,1
BYBIT,DOGEUSDT,60,1776834000000,0.09622,0.0976,0.09613,0.09706,144855637.0,14078578.44819,1
BYBIT,DOGEUSDT,60,1776837600000,0.09706,0.09761,0.0969,0.09758,47044718.0,4572908.40885,1
BYBIT,DOGEUSDT,60,1776841200000,0.09758,0.09825,0.09689,0.09747,210499993.0,20545069.35162,1
BYBIT,DOGEUSDT,60,1776844800000,0.09747,0.09816,0.09742,0.09782,101316410.0,9913448.01241,1
BYBIT,DOGEUSDT,60,1776848400000,0.09782,0.09811,0.09747,0.0975,47021961.0,4599544.42926,1
BYBIT,DOGEUSDT,60,1776852000000,0.0975,0.09841,0.09722,0.09817,94026751.0,9201839.38107,1
BYBIT,DOGEUSDT,60,1776855600000,0.09817,0.09857,0.09767,0.09798,85498746.0,8383218.48428,1
BYBIT,DOGEUSDT,60,1776859200000,0.09798,0.09817,0.09732,0.09756,81902004.0,7997813.4013,1
BYBIT,DOGEUSDT,60,1776862800000,0.09756,0.09819,0.0973,0.09792,75305174.0,7364142.84787,1
BYBIT,DOGEUSDT,60,1776866400000,0.09792,0.09823,0.09759,0.09796,89110152.0,8725729.64427,1
BYBIT,DOGEUSDT,60,1776870000000,0.09796,0.0982,0.0974,0.0978,185625353.0,18131173.96131,1
BYBIT,DOGEUSDT,60,1776873600000,0.0978,0.09814,0.09677,0.09693,84990699.0,8270542.30381,1
BYBIT,DOGEUSDT,60,1776877200000,0.09693,0.09744,0.0969,0.09719,49307806.0,4795540.84869,1
BYBIT,DOGEUSDT,60,1776880800000,0.09719,0.09753,0.09702,0.09704,25222596.0,2454844.72739,1
BYBIT,DOGEUSDT,60,1776884400000,0.09704,0.09706,0.09622,0.09662,82023556.0,7922052.12408,1
BYBIT,DOGEUSDT,60,1776888000000,0.09662,0.09664,0.09618,0.09627,34716653.0,3347396.64483,1
BYBIT,DOGEUSDT,60,1776891600000,0.09627,0.09684,0.09625,0.09669,37900470.0,3661838.62653,1
BYBIT,DOGEUSDT,60,1776895200000,0.09669,0.09679,0.09621,0.09638,16031341.0,1546405.9541,1
BYBIT,DOGEUSDT,60,1776898800000,0.09638,0.0964,0.09549,0.09557,99471954.0,9534813.14698,1
BYBIT,DOGEUSDT,60,1776902400000,0.09557,0.09641,0.09556,0.09618,238743998.0,22922908.06811,1
BYBIT,DOGEUSDT,60,1776906000000,0.09618,0.0965,0.09568,0.09626,56802639.0,5458275.10543,1
BYBIT,DOGEUSDT,60,1776909600000,0.09626,0.09628,0.09557,0.09581,68449479.0,6559530.7054,1
BYBIT,DOGEUSDT,60,1776913200000,0.09581,0.09593,0.09518,0.09552,62768392.0,5987853.13617,1
BYBIT,DOGEUSDT,60,1776916800000,0.09552,0.09596,0.09545,0.09584,45271425.0,4334170.26471,1
BYBIT,DOGEUSDT,60,1776920400000,0.09584,0.09612,0.09556,0.09592,36289249.0,3478469.90897,1
BYBIT,DOGEUSDT,60,1776924000000,0.09592,0.0964,0.09591,0.09602,50431896.0,4847802.09039,1
BYBIT,DOGEUSDT,60,1776927600000,0.09602,0.09608,0.09545,0.09584,84383612.0,8076192.68234,1
BYBIT,DOGEUSDT,60,1776931200000,0.09584,0.0962,0.09567,0.09591,72840910.0,6990496.86269,1
BYBIT,DOGEUSDT,60,1776934800000,0.09591,0.09591,0.09526,0.09557,62857904.0,6003920.65585,1
BYBIT,DOGEUSDT,60,1776938400000,0.09557,0.0957,0.09522,0.09564,68300516.0,6516705.7017,1
BYBIT,DOGEUSDT,60,1776942000000,0.09564,0.09625,0.09564,0.09609,37478976.0,3595369.46795,1
BYBIT,DOGEUSDT,60,1776945600000,0.09609,0.09695,0.09609,0.09646,181530254.0,17540565.94888,1
BYBIT,DOGEUSDT,60,1776949200000,0.09646,0.09661,0.09579,0.09616,95058280.0,9141803.46013,1
BYBIT,DOGEUSDT,60,1776952800000,0.09616,0.0971,0.09599,0.09703,49619292.0,4794713.08502,1
BYBIT,DOGEUSDT,60,1776956400000,0.09703,0.09797,0.09696,0.09731,148661697.0,14502228.21481,1
BYBIT,DOGEUSDT,60,1776960000000,0.09731,0.0974,0.09678,0.09685,53848850.0,5228986.76808,1
BYBIT,DOGEUSDT,60,1776963600000,0.09685,0.09699,0.09506,0.09605,273074065.0,26169821.4894,1
BYBIT,DOGEUSDT,60,1776967200000,0.09605,0.09634,0.09584,0.09585,53791064.0,5170805.90087,1
BYBIT,DOGEUSDT,60,1776970800000,0.09585,0.09635,0.09574,0.09616,41117819.0,3949101.59469,1
BYBIT,DOGEUSDT,60,1776974400000,0.09616,0.09685,0.0961,0.09661,35215400.0,3398124.35391,1
BYBIT,DOGEUSDT,60,1776978000000,0.09661,0.09744,0.09653,0.09705,40626137.0,3938725.88258,1
BYBIT,DOGEUSDT,60,1776981600000,0.09705,0.09765,0.09705,0.0972,27881860.0,2714612.21842,1
BYBIT,DOGEUSDT,60,1776985200000,0.0972,0.09731,0.09695,0.09709,21666012.0,2104333.83178,1
BYBIT,DOGEUSDT,60,1776988800000,0.09709,0.09768,0.09698,0.09759,33032922.0,3218361.77632,1
BYBIT,DOGEUSDT,60,1776992400000,0.09759,0.098,0.097,0.09789,39188686.0,3821201.93714,1
BYBIT,DOGEUSDT,60,1776996000000,0.09789,0.09799,0.09758,0.09769,37079053.0,3625626.48445,1
BYBIT,DOGEUSDT,60,1776999600000,0.09769,0.09777,0.09685,0.09718,51459693.0,4999233.89423,1
BYBIT,DOGEUSDT,60,1777003200000,0.09718,0.09735,0.0969,0.09727,28202672.0,2737095.99828,1
BYBIT,DOGEUSDT,60,1777006800000,0.09727,0.09742,0.09694,0.09717,46695834.0,4538197.73522,1
BYBIT,DOGEUSDT,60,1777010400000,0.09717,0.09766,0.09693,0.09739,63240119.0,6150537.45269,1
BYBIT,DOGEUSDT,60,1777014000000,0.09739,0.09812,0.09737,0.09776,124199374.0,12142676.20384,1
BYBIT,DOGEUSDT,60,1777017600000,0.09776,0.098,0.09741,0.09781,34530992.0,3375737.18371,1
BYBIT,DOGEUSDT,60,1777021200000,0.09781,0.09785,0.09674,0.09711,70408317.0,6839158.59733,1
BYBIT,DOGEUSDT,60,1777024800000,0.09711,0.09804,0.097,0.09779,111939449.0,10929526.55589,1
BYBIT,DOGEUSDT,60,1777028400000,0.09779,0.09851,0.09779,0.09815,81098311.0,7966252.50709,1
BYBIT,DOGEUSDT,60,1777032000000,0.09815,0.09849,0.09767,0.09792,60989352.0,5982368.03818,1
BYBIT,DOGEUSDT,60,1777035600000,0.09792,0.09851,0.09763,0.09784,77742314.0,7619061.3856,1
BYBIT,DOGEUSDT,60,1777039200000,0.09784,0.09795,0.09723,0.09764,53877882.0,5256908.42613,1
BYBIT,DOGEUSDT,60,1777042800000,0.09764,0.09826,0.09717,0.09803,127161673.0,12430698.973,1
BYBIT,DOGEUSDT,60,1777046400000,0.09803,0.09828,0.09761,0.09793,54737800.0,5362425.05129,1
BYBIT,DOGEUSDT,60,1777050000000,0.09793,0.09814,0.09757,0.09809,35138736.0,3439984.37903,1
BYBIT,DOGEUSDT,60,1777053600000,0.09809,0.09825,0.0976,0.0982,19656132.0,1926426.96626,1
BYBIT,DOGEUSDT,60,1777057200000,0.0982,0.09842,0.09799,0.09835,34825966.0,3419540.3806,1
BYBIT,DOGEUSDT,60,1777060800000,0.09835,0.09899,0.09798,0.09879,221945476.0,21870007.94936,1
BYBIT,DOGEUSDT,60,1777064400000,0.09879,0.0995,0.09855,0.09862,105169828.0,10414561.3856,1
BYBIT,DOGEUSDT,60,1777068000000,0.09862,0.09867,0.09781,0.09796,42620306.0,4184752.57281,1
BYBIT,DOGEUSDT,60,1777071600000,0.09796,0.09842,0.09795,0.09836,22153902.0,2175074.27603,1
BYBIT,DOGEUSDT,60,1777075200000,0.09836,0.09838,0.09798,0.09832,21497032.0,2110599.25509,1
BYBIT,DOGEUSDT,60,1777078800000,0.09832,0.09906,0.09831,0.09838,89579268.0,8843338.88375,1
BYBIT,DOGEUSDT,60,1777082400000,0.09838,0.09862,0.09814,0.09845,67077448.0,6599636.05591,1
BYBIT,DOGEUSDT,60,1777086000000,0.09845,0.09884,0.09824,0.09875,30281155.0,2982846.90771,1
BYBIT,DOGEUSDT,60,1777089600000,0.09875,0.09886,0.09847,0.09853,14995423.0,1478893.23468,1
BYBIT,DOGEUSDT,60,1777093200000,0.09853,0.09853,0.09825,0.09836,16125559.0,1586163.05865,1
BYBIT,DOGEUSDT,60,1777096800000,0.09836,0.09857,0.09801,0.09829,51537692.0,5063326.66531,1
BYBIT,DOGEUSDT,60,1777100400000,0.09829,0.09903,0.09819,0.09836,72005276.0,7105581.03817,1
BYBIT,DOGEUSDT,60,1777104000000,0.09836,0.09858,0.09814,0.09854,51953206.0,5112104.53702,1
BYBIT,DOGEUSDT,60,1777107600000,0.09854,0.09861,0.09828,0.0985,9627659.0,947885.22975,1
BYBIT,DOGEUSDT,60,1777111200000,0.0985,0.09859,0.09839,0.09847,12267181.0,1208313.56973,1
BYBIT,DOGEUSDT,60,1777114800000,0.09847,0.09847,0.09777,0.0979,36566013.0,3586425.31197,1
BYBIT,DOGEUSDT,60,1777118400000,0.0979,0.09803,0.09767,0.09792,35815272.0,3504115.97807,1
BYBIT,DOGEUSDT,60,1777122000000,0.09792,0.09835,0.09785,0.09823,28257073.0,2774064.24894,1
BYBIT,DOGEUSDT,60,1777125600000,0.09823,0.09852,0.09803,0.09824,18656253.0,1833980.37816,1
BYBIT,DOGEUSDT,60,1777129200000,0.09824,0.09873,0.09804,0.09815,54269748.0,5342776.35064,1
BYBIT,DOGEUSDT,60,1777132800000,0.09815,0.09829,0.09748,0.0978,49466104.0,4840259.00316,1
BYBIT,DOGEUSDT,60,1777136400000,0.0978,0.09796,0.09754,0.09772,54483596.0,5327581.37002,1
BYBIT,DOGEUSDT,60,1777140000000,0.09772,0.09786,0.09732,0.09764,61531956.0,6001851.22024,1
BYBIT,DOGEUSDT,60,1777143600000,0.09764,0.09774,0.09743,0.09765,17889611.0,1745773.5035,1
BYBIT,DOGEUSDT,60,1777147200000,0.09765,0.09789,0.09753,0.09788,14626584.0,1429164.45333,1
BYBIT,DOGEUSDT,60,1777150800000,0.09788,0.09799,0.09777,0.09792,12567372.0,1230102.63593,1
BYBIT,DOGEUSDT,60,1777154400000,0.09792,0.09819,0.0978,0.09798,13101934.0,1284271.04911,1
BYBIT,DOGEUSDT,60,1777158000000,0.09798,0.09817,0.09783,0.09795,14504568.0,1421371.10328,1
BYBIT,DOGEUSDT,60,1777161600000,0.09795,0.09797,0.09763,0.0978,26613876.0,2602739.80847,1
BYBIT,DOGEUSDT,60,1777165200000,0.0978,0.09801,0.09772,0.09779,10918943.0,1068678.40572,1
BYBIT,DOGEUSDT,60,1777168800000,0.09779,0.09809,0.09748,0.09786,52142143.0,5096478.46326,1
BYBIT,DOGEUSDT,60,1777172400000,0.09786,0.09839,0.09759,0.09771,77978816.0,7643160.7293,1
BYBIT,DOGEUSDT,60,1777176000000,0.09771,0.09821,0.09742,0.09799,65678917.0,6420914.66517,1
BYBIT,DOGEUSDT,60,1777179600000,0.09799,0.09866,0.09797,0.09826,38726738.0,3809681.72459,1
BYBIT,DOGEUSDT,60,1777183200000,0.09826,0.09854,0.09825,0.09841,11357357.0,1117433.4939,1
BYBIT,DOGEUSDT,60,1777186800000,0.09841,0.09856,0.09833,0.09852,14644918.0,1441729.41276,1
BYBIT,DOGEUSDT,60,1777190400000,0.09852,0.09858,0.09826,0.0983,19394944.0,1908147.13036,1
BYBIT,DOGEUSDT,60,1777194000000,0.0983,0.0985,0.09822,0.09842,12258270.0,1206057.36386,1
BYBIT,DOGEUSDT,60,1777197600000,0.09842,0.09869,0.09825,0.09862,32201567.0,3171842.18171,1
BYBIT,DOGEUSDT,60,1777201200000,0.09862,0.09913,0.09856,0.09897,50707437.0,5014163.01363,1
BYBIT,DOGEUSDT,60,1777204800000,0.09897,0.0991,0.09856,0.09861,56255059.0,5557333.8183,1
BYBIT,DOGEUSDT,60,1777208400000,0.09861,0.09869,0.09805,0.09853,71086648.0,6988497.45168,1
BYBIT,DOGEUSDT,60,1777212000000,0.09853,0.09891,0.09836,0.09875,36910026.0,3643598.84198,1
BYBIT,DOGEUSDT,60,1777215600000,0.09875,0.09906,0.09866,0.09896,24750495.0,2447718.1799,1
BYBIT,DOGEUSDT,60,1777219200000,0.09896,0.09899,0.09857,0.0986,20113555.0,1986763.27908,1
BYBIT,DOGEUSDT,60,1777222800000,0.0986,0.09886,0.09842,0.09879,16222847.0,1600461.44986,1
BYBIT,DOGEUSDT,60,1777226400000,0.09879,0.09963,0.09864,0.09904,60104831.0,5965547.18116,1
BYBIT,DOGEUSDT,60,1777230000000,0.09904,0.09961,0.09904,0.09912,26477967.0,2629910.58107,1
BYBIT,DOGEUSDT,60,1777233600000,0.09912,0.09987,0.099,0.09901,48390435.0,4814783.79255,1
BYBIT,DOGEUSDT,60,1777237200000,0.09901,0.09942,0.09863,0.09932,85458352.0,8460455.94295,1
BYBIT,DOGEUSDT,60,1777240800000,0.09932,0.09969,0.09892,0.09909,34726346.0,3449153.80041,1
BYBIT,DOGEUSDT,60,1777244400000,0.09909,0.09951,0.09873,0.09916,22830542.0,2261540.38408,1
BYBIT,DOGEUSDT,60,1777248000000,0.09916,0.0999,0.09882,0.09988,42820854.0,4256759.06528,1
BYBIT,DOGEUSDT,60,1777251600000,0.09988,0.10037,0.09933,0.10024,74408154.0,7442176.01868,1
BYBIT,DOGEUSDT,60,1777255200000,0.10024,0.1007,0.09982,0.10035,88820412.0,8907033.42772,1
BYBIT,DOGEUSDT,60,1777258800000,0.10035,0.1008,0.10015,0.10015,35337848.0,3551273.41468,1
BYBIT,DOGEUSDT,60,1777262400000,0.10015,0.10049,0.09978,0.09995,40798739.0,4081468.94431,1
BYBIT,DOGEUSDT,60,1777266000000,0.09995,0.09997,0.09813,0.09833,135001882.0,13321994.86551,1
BYBIT,DOGEUSDT,60,1777269600000,0.09833,0.09835,0.09751,0.09791,121438786.0,11879153.76346,1
BYBIT,DOGEUSDT,60,1777273200000,0.09791,0.09803,0.09758,0.09773,40943975.0,4005587.7495,1
BYBIT,DOGEUSDT,60,1777276800000,0.09773,0.09822,0.0976,0.09821,37776710.0,3699658.46773,1
BYBIT,DOGEUSDT,60,1777280400000,0.09821,0.09837,0.09787,0.09819,116609585.0,11441812.15197,1
BYBIT,DOGEUSDT,60,1777284000000,0.09819,0.09833,0.09798,0.09803,33578097.0,3296023.62239,1
BYBIT,DOGEUSDT,60,1777287600000,0.09803,0.09845,0.0977,0.09842,46700811.0,4581672.98384,1
BYBIT,DOGEUSDT,60,1777291200000,0.09842,0.09843,0.09803,0.09809,22783745.0,2237600.1096,1
BYBIT,DOGEUSDT,60,1777294800000,0.09809,0.09845,0.09782,0.09812,45365034.0,4451177.28003,1
BYBIT,DOGEUSDT,60,1777298400000,0.09812,0.0992,0.09806,0.09872,85956173.0,8484743.66573,1
BYBIT,DOGEUSDT,60,1777302000000,0.09872,0.09875,0.0967,0.09715,175209421.0,17078437.92789,1
BYBIT,DOGEUSDT,60,1777305600000,0.09715,0.09779,0.09701,0.09742,54929889.0,5353926.14268,1
BYBIT,DOGEUSDT,60,1777309200000,0.09742,0.09793,0.09742,0.09769,27914797.0,2727587.71978,1
BYBIT,DOGEUSDT,60,1777312800000,0.09769,0.09813,0.09762,0.09777,73973416.0,7244336.08657,1
BYBIT,DOGEUSDT,60,1777316400000,0.09777,0.09805,0.09736,0.09781,17426134.0,1702401.2955,1
BYBIT,DOGEUSDT,60,1777320000000,0.09781,0.0981,0.09781,0.09802,13972006.0,1369063.44057,1
BYBIT,DOGEUSDT,60,1777323600000,0.09802,0.09821,0.09787,0.09794,17995200.0,1762808.45909,1
BYBIT,DOGEUSDT,60,1777327200000,0.09794,0.09871,0.09789,0.09871,29479254.0,2902121.42802,1
BYBIT,DOGEUSDT,60,1777330800000,0.09871,0.0992,0.09858,0.0989,74642647.0,7384863.00767,1
BYBIT,DOGEUSDT,60,1777334400000,0.0989,0.09921,0.09856,0.09893,33421258.0,3306247.82507,1
BYBIT,DOGEUSDT,60,1777338000000,0.09893,0.09943,0.09887,0.09919,46226635.0,4585602.13755,1
BYBIT,DOGEUSDT,60,1777341600000,0.09919,0.09953,0.09875,0.09913,88230673.0,8739923.7324,1
BYBIT,DOGEUSDT,60,1777345200000,0.09913,0.0994,0.09894,0.09929,36464527.0,3615758.96394,1
BYBIT,DOGEUSDT,60,1777348800000,0.09929,0.10094,0.09926,0.09957,185249422.0,18531403.74121,1
BYBIT,DOGEUSDT,60,1777352400000,0.09957,0.10045,0.09953,0.1002,164316534.0,16431386.19479,1
BYBIT,DOGEUSDT,60,1777356000000,0.1002,0.10038,0.09903,0.09946,135831333.0,13545904.03263,1
BYBIT,DOGEUSDT,60,1777359600000,0.09946,0.09969,0.09888,0.09958,52213780.0,5184818.51836,1
BYBIT,DOGEUSDT,60,1777363200000,0.09958,0.09993,0.09922,0.0997,50289838.0,5007679.77651,1
BYBIT,DOGEUSDT,60,1777366800000,0.0997,0.09985,0.09894,0.09919,46713437.0,4642760.29708,1
BYBIT,DOGEUSDT,60,1777370400000,0.09919,0.09935,0.09903,0.09916,23208695.0,2302607.15224,1
BYBIT,DOGEUSDT,60,1777374000000,0.09916,0.09922,0.09847,0.09858,68461604.0,6763122.80149,1
BYBIT,DOGEUSDT,60,1777377600000,0.09858,0.099,0.09822,0.09897,65226716.0,6433752.57477,1
BYBIT,DOGEUSDT,60,1777381200000,0.09897,0.09914,0.09835,0.09865,88095345.0,8694390.40227,1
BYBIT,DOGEUSDT,60,1777384800000,0.09865,0.09885,0.098,0.09884,83586795.0,8221829.55319,1
BYBIT,DOGEUSDT,60,1777388400000,0.09884,0.09952,0.09869,0.0995,46681446.0,4624408.37587,1
BYBIT,DOGEUSDT,60,1777392000000,0.0995,0.09978,0.09915,0.09967,61018456.0,6070413.7683,1
BYBIT,DOGEUSDT,60,1777395600000,0.09967,0.0997,0.09913,0.09929,34886768.0,3469365.17849,1
BYBIT,DOGEUSDT,60,1777399200000,0.09929,0.09963,0.09915,0.09948,27176638.0,2700405.44197,1
BYBIT,DOGEUSDT,60,1777402800000,0.09948,0.09983,0.09924,0.09969,42743769.0,4256315.09817,1
BYBIT,DOGEUSDT,60,1777406400000,0.09969,0.09985,0.09956,0.09969,11378796.0,1134324.27919,1
BYBIT,DOGEUSDT,60,1777410000000,0.09969,0.09991,0.09908,0.09943,71924154.0,7151916.16936,1
BYBIT,DOGEUSDT,60,1777413600000,0.09943,0.10015,0.09932,0.09944,87073176.0,8687708.93793,1
BYBIT,DOGEUSDT,60,1777417200000,0.09944,0.09944,0.09876,0.09928,93489268.0,9263342.18368,1
BYBIT,DOGEUSDT,60,1777420800000,0.09928,0.10011,0.09917,0.09983,156229779.0,15577353.58258,1
BYBIT,DOGEUSDT,60,1777424400000,0.09983,0.10019,0.09931,0.10008,102867294.0,10258522.98677,1
BYBIT,DOGEUSDT,60,1777428000000,0.10008,0.1003,0.09972,0.09991,28220453.0,2821442.61839,1
BYBIT,DOGEUSDT,60,1777431600000,0.09991,0.10141,0.09988,0.1013,167550664.0,16899978.15069,1
BYBIT,DOGEUSDT,60,1777435200000,0.1013,0.10247,0.10109,0.10174,157411628.0,16028411.25428,1
BYBIT,DOGEUSDT,60,1777438800000,0.10174,0.10247,0.10155,0.10223,75525085.0,7699459.45165,1
BYBIT,DOGEUSDT,60,1777442400000,0.10223,0.1024,0.10174,0.1021,86800457.0,8863124.41761,1
BYBIT,DOGEUSDT,60,1777446000000,0.1021,0.10547,0.10201,0.10487,638877213.0,66416936.90341,1
BYBIT,DOGEUSDT,60,1777449600000,0.10487,0.10596,0.10459,0.10539,279244999.0,29393734.76943,1
BYBIT,DOGEUSDT,60,1777453200000,0.10539,0.11209,0.10514,0.10937,995387883.0,107907945.39945,1
BYBIT,DOGEUSDT,60,1777456800000,0.10937,0.11057,0.10915,0.11005,338556164.0,37189251.60331,1
BYBIT,DOGEUSDT,60,1777460400000,0.11005,0.11056,0.10938,0.10962,162045010.0,17807234.55832,1
BYBIT,DOGEUSDT,60,1777464000000,0.10962,0.10967,0.1064,0.10715,535486471.0,57568043.65809,1
BYBIT,DOGEUSDT,60,1777467600000,0.10715,0.10765,0.10517,0.10632,314440574.0,33411248.72958,1
BYBIT,DOGEUSDT,60,1777471200000,0.10632,0.10651,0.10398,0.10509,350337862.0,36861983.09482,1
BYBIT,DOGEUSDT,60,1777474800000,0.10509,0.10536,0.10287,0.10335,491012756.0,51114725.69425,1
BYBIT,DOGEUSDT,60,1777478400000,0.10335,0.10386,0.10174,0.10223,282068078.0,28915647.56595,1
BYBIT,DOGEUSDT,60,1777482000000,0.10223,0.10429,0.10205,0.1039,310256843.0,32002323.89205,1
BYBIT,DOGEUSDT,60,1777485600000,0.1039,0.10397,0.10053,0.10211,467780026.0,47586430.48108,1
BYBIT,DOGEUSDT,60,1777489200000,0.10211,0.10218,0.10098,0.10137,90582600.0,9191734.24103,1
BYBIT,DOGEUSDT,60,1777492800000,0.10137,0.10242,0.10137,0.10207,84776209.0,8631825.27194,1
BYBIT,DOGEUSDT,60,1777496400000,0.10207,0.10355,0.10189,0.10318,91846706.0,9438311.20543,1
BYBIT,DOGEUSDT,60,1777500000000,0.10318,0.10375,0.10288,0.10345,61121426.0,6315254.97414,1
BYBIT,DOGEUSDT,60,1777503600000,0.10345,0.10414,0.10333,0.10401,61894365.0,6420288.69918,1
BYBIT,DOGEUSDT,60,1777507200000,0.10401,0.10824,0.10388,0.10789,309427721.0,32857019.46888,1
BYBIT,DOGEUSDT,60,1777510800000,0.10789,0.10834,0.10631,0.10686,211721361.0,22708600.23513,1
BYBIT,DOGEUSDT,60,1777514400000,0.10686,0.10731,0.1044,0.10533,270588550.0,28582783.40016,1
BYBIT,DOGEUSDT,60,1777518000000,0.10533,0.1074,0.1051,0.10673,152215988.0,16168966.75156,1
BYBIT,DOGEUSDT,60,1777521600000,0.10673,0.10678,0.1047,0.10492,166813136.0,17599931.86533,1
BYBIT,DOGEUSDT,60,1777525200000,0.10492,0.10586,0.10426,0.10535,159230559.0,16751587.69189,1
BYBIT,DOGEUSDT,60,1777528800000,0.10535,0.10631,0.10519,0.10619,90291732.0,9558024.13818,1
BYBIT,DOGEUSDT,60,1777532400000,0.10619,0.10704,0.10591,0.10695,200894800.0,21387101.19895,1
BYBIT,DOGEUSDT,60,1777536000000,0.10695,0.10745,0.10636,0.10688,137662039.0,14720888.40147,1
BYBIT,DOGEUSDT,60,1777539600000,0.10688,0.1081,0.1067,0.10741,110203000.0,11843302.99492,1
BYBIT,DOGEUSDT,60,1777543200000,0.10741,0.10779,0.10616,0.10664,106644289.0,11385202.59187,1
BYBIT,DOGEUSDT,60,1777546800000,0.10664,0.10682,0.10559,0.10631,92621931.0,9836166.1097,1
BYBIT,DOGEUSDT,60,1777550400000,0.10631,0.10677,0.1061,0.10629,62954531.0,6703779.9436,1
BYBIT,DOGEUSDT,60,1777554000000,0.10629,0.10742,0.10587,0.1067,124894681.0,13324611.75667,1
BYBIT,DOGEUSDT,60,1777557600000,0.1067,0.10725,0.10581,0.10637,100449088.0,10699575.00727,1
BYBIT,DOGEUSDT,60,1777561200000,0.10637,0.1075,0.10595,0.10703,87843122.0,9380491.51172,1
BYBIT,DOGEUSDT,60,1777564800000,0.10703,0.1071,0.10604,0.10622,65728616.0,7005856.47672,1
BYBIT,DOGEUSDT,60,1777568400000,0.10622,0.10644,0.10537,0.10568,78705656.0,8320404.13273,1
BYBIT,DOGEUSDT,60,1777572000000,0.10568,0.10615,0.10535,0.10552,85761632.0,9068145.59937,1
BYBIT,DOGEUSDT,60,1777575600000,0.10552,0.10625,0.10539,0.10612,29868274.0,3166167.83311,1
BYBIT,DOGEUSDT,60,1777579200000,0.10612,0.10669,0.10577,0.1065,39463337.0,4194351.78686,1
BYBIT,DOGEUSDT,60,1777582800000,0.1065,0.10684,0.10623,0.10627,29245327.0,3115485.91086,1
BYBIT,DOGEUSDT,60,1777586400000,0.10627,0.10662,0.10597,0.10622,30712992.0,3262558.13712,1
BYBIT,DOGEUSDT,60,1777590000000,0.10622,0.10659,0.10605,0.10646,43288931.0,4601096.20176,1
BYBIT,DOGEUSDT,60,1777593600000,0.10646,0.10787,0.10637,0.10752,142596154.0,15270586.92656,1
BYBIT,DOGEUSDT,60,1777597200000,0.10752,0.10926,0.10746,0.10896,221155829.0,23966661.03288,1
BYBIT,DOGEUSDT,60,1777600800000,0.10896,0.10933,0.10827,0.10835,108497681.0,11794776.83199,1
BYBIT,DOGEUSDT,60,1777604400000,0.10835,0.10978,0.10792,0.10904,203829098.0,22250731.91878,1
BYBIT,DOGEUSDT,60,1777608000000,0.10904,0.10936,0.10815,0.10876,127174237.0,13839998.91579,1
BYBIT,DOGEUSDT,60,1777611600000,0.10876,0.10943,0.10876,0.10905,106601374.0,11623552.55974,1
BYBIT,DOGEUSDT,60,1777615200000,0.10905,0.10915,0.10826,0.10834,61164162.0,6648195.80102,1
BYBIT,DOGEUSDT,60,1777618800000,0.10834,0.10846,0.10788,0.10819,81375589.0,8804046.7972,1
BYBIT,DOGEUSDT,60,1777622400000,0.10819,0.10888,0.10791,0.10845,69739137.0,7560611.58801,1
BYBIT,DOGEUSDT,60,1777626000000,0.10845,0.10866,0.10728,0.10767,101935746.0,10991280.06572,1
BYBIT,DOGEUSDT,60,1777629600000,0.10767,0.10833,0.10708,0.10826,64493391.0,6952823.29198,1
BYBIT,DOGEUSDT,60,1777633200000,0.10826,0.10913,0.10823,0.10878,107343363.0,11673132.44189,1
BYBIT,DOGEUSDT,60,1777636800000,0.10878,0.10928,0.10858,0.10888,116493477.0,12689307.23491,1
BYBIT,DOGEUSDT,60,1777640400000,0.10888,0.11053,0.10888,0.10969,197593922.0,21685844.19136,1
BYBIT,DOGEUSDT,60,1777644000000,0.10969,0.10984,0.10893,0.10955,136266280.0,14913078.53707,1
BYBIT,DOGEUSDT,60,1777647600000,0.10955,0.10989,0.10877,0.10936,156975403.0,17176439.31222,1
BYBIT,DOGEUSDT,60,1777651200000,0.10936,0.10967,0.10816,0.10889,149597830.0,16271990.44646,1
BYBIT,DOGEUSDT,60,1777654800000,0.10889,0.10906,0.10843,0.10893,49810051.0,5419251.88238,1
BYBIT,DOGEUSDT,60,1777658400000,0.10893,0.10898,0.10853,0.10892,32971558.0,3585873.74525,1
BYBIT,DOGEUSDT,60,1777662000000,0.10892,0.10916,0.10869,0.10902,24684644.0,2689954.58949,1
BYBIT,DOGEUSDT,60,1777665600000,0.10902,0.10915,0.10819,0.10842,48364365.0,5255997.78535,1
BYBIT,DOGEUSDT,60,1777669200000,0.10842,0.10961,0.10834,0.10934,36544759.0,3985505.6836,1
BYBIT,DOGEUSDT,60,1777672800000,0.10934,0.10953,0.10828,0.10838,44980857.0,4895830.9511,1
BYBIT,DOGEUSDT,60,1777676400000,0.10838,0.10845,0.10746,0.10845,113729924.0,12285021.31679,1
BYBIT,DOGEUSDT,60,1777680000000,0.10845,0.10927,0.10841,0.10866,81503512.0,8867353.83065,1
BYBIT,DOGEUSDT,60,1777683600000,0.10866,0.1089,0.10839,0.10857,29106125.0,3162249.47157,1
BYBIT,DOGEUSDT,60,1777687200000,0.10857,0.10868,0.10812,0.10841,31441313.0,3408730.57821,1
BYBIT,DOGEUSDT,60,1777690800000,0.10841,0.10856,0.10798,0.10812,27365691.0,2961486.48454,1
BYBIT,DOGEUSDT,60,1777694400000,0.10812,0.10832,0.10775,0.10801,38182238.0,4123399.75914,1
BYBIT,DOGEUSDT,60,1777698000000,0.10801,0.10812,0.10721,0.10747,63330628.0,6815347.75933,1
BYBIT,DOGEUSDT,60,1777701600000,0.10747,0.10805,0.10745,0.10801,29484940.0,3177735.98318,1
BYBIT,DOGEUSDT,60,1777705200000,0.10801,0.10805,0.10781,0.10784,25427319.0,2744138.70222,1
BYBIT,DOGEUSDT,60,1777708800000,0.10784,0.10794,0.10757,0.10761,17409481.0,1875723.76452,1
BYBIT,DOGEUSDT,60,1777712400000,0.10761,0.10793,0.10747,0.10771,56645068.0,6101386.05795,1
BYBIT,DOGEUSDT,60,1777716000000,0.10771,0.10802,0.10768,0.1077,17237378.0,1858652.27767,1
BYBIT,DOGEUSDT,60,1777719600000,0.1077,0.10782,0.10737,0.10769,42759143.0,4600401.24291,1
BYBIT,DOGEUSDT,60,1777723200000,0.10769,0.10783,0.10704,0.10755,71980548.0,7732365.08423,1
BYBIT,DOGEUSDT,60,1777726800000,0.10755,0.10872,0.10754,0.10852,59413608.0,6424360.13077,1
BYBIT,DOGEUSDT,60,1777730400000,0.10852,0.10908,0.1083,0.10865,63417438.0,6895063.62195,1
BYBIT,DOGEUSDT,60,1777734000000,0.10865,0.10916,0.1086,0.10893,49470444.0,5388154.71847,1
BYBIT,DOGEUSDT,60,1777737600000,0.10893,0.1093,0.10857,0.10892,51397914.0,5597117.87612,1
BYBIT,DOGEUSDT,60,1777741200000,0.10892,0.10905,0.10849,0.1087,30865536.0,3356605.5853,1
BYBIT,DOGEUSDT,60,1777744800000,0.1087,0.1087,0.10817,0.10828,50422507.0,5464627.2859,1
BYBIT,DOGEUSDT,60,1777748400000,0.10828,0.10847,0.10818,0.10833,37360975.0,4046421.39082,1
BYBIT,DOGEUSDT,60,1777752000000,0.10833,0.10878,0.10825,0.10873,21589218.0,2343321.12755,1
BYBIT,DOGEUSDT,60,1777755600000,0.10873,0.10902,0.10794,0.10871,93118344.0,10099075.44378,1
BYBIT,DOGEUSDT,60,1777759200000,0.10871,0.10913,0.10836,0.10873,58175708.0,6327576.87849,1
BYBIT,DOGEUSDT,60,1777762800000,0.10873,0.10878,0.10816,0.10844,54290090.0,5886348.10968,1
BYBIT,DOGEUSDT,60,1777766400000,0.10844,0.10851,0.10775,0.10815,37987263.0,4104732.33886,1
BYBIT,DOGEUSDT,60,1777770000000,0.10815,0.10816,0.10732,0.10759,47757360.0,5141913.49184,1
BYBIT,DOGEUSDT,60,1777773600000,0.10759,0.10772,0.10703,0.10743,44589864.0,4784326.19274,1
BYBIT,DOGEUSDT,60,1777777200000,0.10743,0.10789,0.10729,0.10778,29857804.0,3212985.53563,1
BYBIT,DOGEUSDT,60,1777780800000,0.10778,0.10815,0.10767,0.10784,29951020.0,3233547.50626,1
BYBIT,DOGEUSDT,60,1777784400000,0.10784,0.10806,0.10769,0.10787,15455618.0,1666978.1038,1
BYBIT,DOGEUSDT,60,1777788000000,0.10787,0.10792,0.10742,0.10777,36653088.0,3944997.94702,1
BYBIT,DOGEUSDT,60,1777791600000,0.10777,0.1082,0.10776,0.10786,24699690.0,2668250.97462,1
BYBIT,DOGEUSDT,60,1777795200000,0.10786,0.10814,0.10784,0.10795,10277782.0,1110224.31208,1
BYBIT,DOGEUSDT,60,1777798800000,0.10795,0.1083,0.10784,0.10812,20730581.0,2240963.14681,1
BYBIT,DOGEUSDT,60,1777802400000,0.10812,0.1082,0.1075,0.1076,39396746.0,4247873.85445,1
BYBIT,DOGEUSDT,60,1777806000000,0.1076,0.10872,0.10733,0.1086,120423600.0,13024295.93668,1
BYBIT,DOGEUSDT,60,1777809600000,0.1086,0.10928,0.1086,0.10872,50272713.0,5476375.3875,1
BYBIT,DOGEUSDT,60,1777813200000,0.10872,0.10897,0.10841,0.10855,48692510.0,5291513.82017,1
BYBIT,DOGEUSDT,60,1777816800000,0.10855,0.10882,0.10839,0.10859,24617591.0,2673532.88609,1
BYBIT,DOGEUSDT,60,1777820400000,0.10859,0.1089,0.10819,0.10841,18015255.0,1955559.94493,1
BYBIT,DOGEUSDT,60,1777824000000,0.10841,0.10854,0.10801,0.10824,32173233.0,3481218.44998,1
BYBIT,DOGEUSDT,60,1777827600000,0.10824,0.10869,0.10789,0.10841,41428943.0,4490535.88621,1
BYBIT,DOGEUSDT,60,1777831200000,0.10841,0.10854,0.10823,0.10835,11609414.0,1258221.85908,1
BYBIT,DOGEUSDT,60,1777834800000,0.10835,0.10871,0.10828,0.10853,12942064.0,1404237.23089,1
BYBIT,DOGEUSDT,60,1777838400000,0.10853,0.10923,0.1085,0.10872,41685738.0,4538766.37279,1
BYBIT,DOGEUSDT,60,1777842000000,0.10872,0.1091,0.10753,0.10806,87872149.0,9529200.3088,1
BYBIT,DOGEUSDT,60,1777845600000,0.10806,0.10969,0.10806,0.10923,105879655.0,11548250.69162,1
BYBIT,DOGEUSDT,60,1777849200000,0.10923,0.10941,0.10813,0.10823,60263559.0,6542792.54012,1
BYBIT,DOGEUSDT,60,1777852800000,0.10823,0.10902,0.10754,0.10895,88769054.0,9594001.60249,1
BYBIT,DOGEUSDT,60,1777856400000,0.10895,0.11315,0.10893,0.11248,464958965.0,51737023.6451,1
BYBIT,DOGEUSDT,60,1777860000000,0.11248,0.11339,0.11146,0.11295,251409917.0,28293594.90499,1
BYBIT,DOGEUSDT,60,1777863600000,0.11295,0.11373,0.1121,0.11289,105272978.0,11882987.99512,1
BYBIT,DOGEUSDT,60,1777867200000,0.11289,0.1135,0.1127,0.11301,66014568.0,7467077.72726,1
BYBIT,DOGEUSDT,60,1777870800000,0.11301,0.11312,0.1123,0.11245,51008459.0,5747551.92888,1
BYBIT,DOGEUSDT,60,1777874400000,0.11245,0.11256,0.11086,0.11199,133864128.0,14972590.97325,1
BYBIT,DOGEUSDT,60,1777878000000,0.11199,0.11264,0.11182,0.11226,48332049.0,5427260.88523,1
BYBIT,DOGEUSDT,60,1777881600000,0.11226,0.11237,0.11181,0.11188,34550397.0,3872933.76375,1
BYBIT,DOGEUSDT,60,1777885200000,0.11188,0.11233,0.11142,0.11183,58762406.0,6572970.63498,1
BYBIT,DOGEUSDT,60,1777888800000,0.11183,0.11188,0.10835,0.11018,626251886.0,68705178.08601,1
BYBIT,DOGEUSDT,60,1777892400000,0.11018,0.11062,0.10991,0.11039,91864247.0,10128013.58738,1
BYBIT,DOGEUSDT,60,1777896000000,0.11039,0.11087,0.11016,0.11029,69230050.0,7654779.78645,1
BYBIT,DOGEUSDT,60,1777899600000,0.11029,0.11125,0.1097,0.11063,130982516.0,14489813.48329,1
BYBIT,DOGEUSDT,60,1777903200000,0.11063,0.11265,0.11012,0.11196,217620850.0,24309887.32532,1
BYBIT,DOGEUSDT,60,1777906800000,0.11196,0.11207,0.10956,0.1102,323949595.0,35767656.40271,1
BYBIT,DOGEUSDT,60,1777910400000,0.1102,0.11087,0.10977,0.11046,153250858.0,16916240.75373,1
BYBIT,DOGEUSDT,60,1777914000000,0.11046,0.11154,0.11039,0.11111,110354787.0,12252619.16252,1
BYBIT,DOGEUSDT,60,1777917600000,0.11111,0.1113,0.11061,0.11099,66051637.0,7328601.75891,1
BYBIT,DOGEUSDT,60,1777921200000,0.11099,0.11103,0.11016,0.11035,48739364.0,5385887.00793,1
BYBIT,DOGEUSDT,60,1777924800000,0.11035,0.11038,0.10991,0.11018,31282544.0,3445707.40863,1
BYBIT,DOGEUSDT,60,1777928400000,0.11018,0.1109,0.11008,0.1105,39090919.0,4322908.37692,1
BYBIT,DOGEUSDT,60,1777932000000,0.1105,0.11088,0.11008,0.11027,39226956.0,4336172.45908,1
BYBIT,DOGEUSDT,60,1777935600000,0.11027,0.11029,0.10995,0.11004,35411902.0,3897567.67365,1
BYBIT,DOGEUSDT,60,1777939200000,0.11004,0.11099,0.10985,0.11071,51934310.0,5738552.09421,1
BYBIT,DOGEUSDT,60,1777942800000,0.11071,0.11125,0.11045,0.11091,36885706.0,4092241.99988,1
BYBIT,DOGEUSDT,60,1777946400000,0.11091,0.11168,0.11089,0.11125,54085867.0,6021420.42598,1
BYBIT,DOGEUSDT,60,1777950000000,0.11125,0.11176,0.11117,0.11134,50781711.0,5660861.27465,1
BYBIT,DOGEUSDT,60,1777953600000,0.11134,0.11176,0.11118,0.11136,98556714.0,10987068.66719,1
BYBIT,DOGEUSDT,60,1777957200000,0.11136,0.11195,0.11125,0.11161,78302876.0,8743166.18759,1
BYBIT,DOGEUSDT,60,1777960800000,0.11161,0.11173,0.1112,0.11167,37346741.0,4163490.77152,1
BYBIT,DOGEUSDT,60,1777964400000,0.11167,0.11185,0.11127,0.1114,41743831.0,4659031.86107,1
BYBIT,DOGEUSDT,60,1777968000000,0.1114,0.11164,0.11125,0.1116,38526055.0,4294327.22826,1
BYBIT,DOGEUSDT,60,1777971600000,0.1116,0.11162,0.11068,0.11106,53835587.0,5976471.36893,1
BYBIT,DOGEUSDT,60,1777975200000,0.11106,0.11176,0.11095,0.11174,37688556.0,4200252.13238,1
BYBIT,DOGEUSDT,60,1777978800000,0.11174,0.11213,0.11129,0.11189,53187336.0,5946034.73078,1
BYBIT,DOGEUSDT,60,1777982400000,0.11189,0.11216,0.11173,0.11197,31163120.0,3488299.42862,1
BYBIT,DOGEUSDT,60,1777986000000,0.11197,0.1128,0.11187,0.11234,116286438.0,13060125.73752,1
BYBIT,DOGEUSDT,60,1777989600000,0.11234,0.11278,0.11145,0.11227,135928995.0,15228970.92013,1
BYBIT,DOGEUSDT,60,1777993200000,0.11227,0.11288,0.11217,0.11232,55953218.0,6297020.67077,1
BYBIT,DOGEUSDT,60,1777996800000,0.11232,0.1126,0.11157,0.11252,102409130.0,11470764.49301,1
BYBIT,DOGEUSDT,60,1778000400000,0.11252,0.11448,0.11241,0.11364,261093164.0,29680070.38724,1
BYBIT,DOGEUSDT,60,1778004000000,0.11364,0.11412,0.11321,0.1133,79941656.0,9088683.95717,1
BYBIT,DOGEUSDT,60,1778007600000,0.1133,0.11404,0.11324,0.11347,43260244.0,4914900.95377,1
BYBIT,DOGEUSDT,60,1778011200000,0.11347,0.11422,0.11304,0.11395,61835961.0,7027237.31693,1
BYBIT,DOGEUSDT,60,1778014800000,0.11395,0.11568,0.11347,0.11535,123433995.0,14134244.63608,1
BYBIT,DOGEUSDT,60,1778018400000,0.11535,0.11649,0.11475,0.11527,199741709.0,23101278.45857,1
BYBIT,DOGEUSDT,60,1778022000000,0.11527,0.11587,0.1143,0.11477,96036182.0,11053023.55258,1
BYBIT,DOGEUSDT,60,1778025600000,0.11477,0.11499,0.11371,0.11428,116810105.0,13357174.12816,1
BYBIT,DOGEUSDT,60,1778029200000,0.11428,0.11532,0.11411,0.11493,118002252.0,13550129.71013,1
BYBIT,DOGEUSDT,60,1778032800000,0.11493,0.11559,0.11439,0.11556,103388987.0,11883581.29716,1
BYBIT,DOGEUSDT,60,1778036400000,0.11556,0.11605,0.11486,0.11588,91664128.0,10592197.5969,1
BYBIT,DOGEUSDT,60,1778040000000,0.11588,0.11594,0.11486,0.11494,59017766.0,6806634.07224,1
BYBIT,DOGEUSDT,60,1778043600000,0.11494,0.11609,0.11471,0.11582,116145015.0,13403152.08873,1
BYBIT,DOGEUSDT,60,1778047200000,0.11582,0.11599,0.11504,0.11531,85311608.0,9845866.77928,1
BYBIT,DOGEUSDT,60,1778050800000,0.11531,0.11648,0.11473,0.11567,198170913.0,22915625.85738,1
BYBIT,DOGEUSDT,60,1778054400000,0.11567,0.11687,0.11554,0.11677,90655722.0,10551505.43912,1
BYBIT,DOGEUSDT,60,1778058000000,0.11677,0.11681,0.11573,0.11631,202199258.0,23490218.48662,1
BYBIT,DOGEUSDT,60,1778061600000,0.11631,0.1166,0.11587,0.1164,60339477.0,7014071.17257,1
BYBIT,DOGEUSDT,60,1778065200000,0.1164,0.11701,0.11615,0.11651,93579015.0,10910501.38297,1
BYBIT,DOGEUSDT,60,1778068800000,0.11651,0.11671,0.1159,0.11601,80857058.0,9396988.50101,1
BYBIT,DOGEUSDT,60,1778072400000,0.11601,0.11602,0.11129,0.11272,627811598.0,71260863.49633,1
BYBIT,DOGEUSDT,60,1778076000000,0.11272,0.11369,0.11182,0.11283,170036069.0,19170393.66331,1
BYBIT,DOGEUSDT,60,1778079600000,0.11283,0.11362,0.11264,0.11303,89336758.0,10115800.44898,1
BYBIT,DOGEUSDT,60,1778083200000,0.11303,0.11358,0.11241,0.11315,75497521.0,8528624.64476,1
BYBIT,DOGEUSDT,60,1778086800000,0.11315,0.11352,0.11287,0.11308,28377925.0,3212205.09898,1
BYBIT,DOGEUSDT,60,1778090400000,0.11308,0.1133,0.11268,0.1127,47051959.0,5314489.57979,1
BYBIT,DOGEUSDT,60,1778094000000,0.1127,0.11297,0.11249,0.11292,24320567.0,2741514.00831,1
BYBIT,DOGEUSDT,60,1778097600000,0.11292,0.11322,0.11224,0.11269,34153660.0,3849521.56653,1
BYBIT,DOGEUSDT,60,1778101200000,0.11269,0.11308,0.11252,0.11294,32459302.0,3661006.64044,1
BYBIT,DOGEUSDT,60,1778104800000,0.11294,0.11296,0.11211,0.11235,28969313.0,3255416.5255,1
BYBIT,DOGEUSDT,60,1778108400000,0.11235,0.11244,0.11184,0.11239,42513821.0,4767090.75353,1
BYBIT,DOGEUSDT,60,1778112000000,0.11239,0.11244,0.11116,0.11138,161166934.0,17997239.92093,1
BYBIT,DOGEUSDT,60,1778115600000,0.11138,0.1115,0.11028,0.11107,114441314.0,12691477.26539,1
BYBIT,DOGEUSDT,60,1778119200000,0.11107,0.11115,0.1101,0.11055,70360171.0,7777313.03193,1
BYBIT,DOGEUSDT,60,1778122800000,0.11055,0.11079,0.11013,0.11024,48294799.0,5335953.30705,1
BYBIT,DOGEUSDT,60,1778126400000,0.11024,0.1107,0.11002,0.1106,66148239.0,7308935.67289,1
BYBIT,DOGEUSDT,60,1778130000000,0.1106,0.11133,0.11038,0.11069,114860597.0,12739291.91718,1
BYBIT,DOGEUSDT,60,1778133600000,0.11069,0.11141,0.11035,0.1114,81156900.0,8995188.372,1
BYBIT,DOGEUSDT,60,1778137200000,0.1114,0.11169,0.11119,0.11163,59333061.0,6613662.05885,1
BYBIT,DOGEUSDT,60,1778140800000,0.11163,0.11174,0.11124,0.11138,81676663.0,9111119.30257,1
BYBIT,DOGEUSDT,60,1778144400000,0.11138,0.11173,0.11118,0.11129,95381660.0,10634528.89117,1
BYBIT,DOGEUSDT,60,1778148000000,0.11129,0.11173,0.11073,0.11099,95064476.0,10563753.18946,1
BYBIT,DOGEUSDT,60,1778151600000,0.11099,0.11137,0.11077,0.11107,44402449.0,4934385.30976,1
BYBIT,DOGEUSDT,60,1778155200000,0.11107,0.11157,0.11104,0.11148,22948353.0,2555405.08911,1
BYBIT,DOGEUSDT,60,1778158800000,0.11148,0.11148,0.10786,0.10936,296497653.0,32385663.90359,1
BYBIT,DOGEUSDT,60,1778162400000,0.10936,0.10968,0.10823,0.10893,179349315.0,19532190.23182,1
BYBIT,DOGEUSDT,60,1778166000000,0.10893,0.10947,0.10666,0.10793,319730264.0,34485424.61189,1
BYBIT,DOGEUSDT,60,1778169600000,0.10793,0.10826,0.10736,0.10762,75073663.0,8093414.03546,1
BYBIT,DOGEUSDT,60,1778173200000,0.10762,0.10801,0.10704,0.10795,93946291.0,10115460.67567,1
BYBIT,DOGEUSDT,60,1778176800000,0.10795,0.10854,0.10775,0.10801,59637416.0,6452392.35498,1
BYBIT,DOGEUSDT,60,1778180400000,0.10801,0.10827,0.10771,0.10789,32408349.0,3499396.4934,1
BYBIT,DOGEUSDT,60,1778184000000,0.10789,0.10842,0.10773,0.10773,24449459.0,2641478.55858,1
BYBIT,DOGEUSDT,60,1778187600000,0.10773,0.1081,0.10732,0.1077,72222170.0,7776582.78841,1
BYBIT,DOGEUSDT,60,1778191200000,0.1077,0.10784,0.10732,0.10767,43294654.0,4657818.2312,1
BYBIT,DOGEUSDT,60,1778194800000,0.10767,0.1079,0.10748,0.10779,24897392.0,2681268.84408,1
BYBIT,DOGEUSDT,60,1778198400000,0.10779,0.10801,0.10677,0.10693,96587903.0,10367100.3609,1
BYBIT,DOGEUSDT,60,1778202000000,0.10693,0.10707,0.10613,0.10665,89777566.0,9568717.61047,1
BYBIT,DOGEUSDT,60,1778205600000,0.10665,0.10665,0.10564,0.1063,130810923.0,13876478.14628,1
BYBIT,DOGEUSDT,60,1778209200000,0.1063,0.10661,0.10581,0.10638,42986130.0,4569047.4201,1
BYBIT,DOGEUSDT,60,1778212800000,0.10638,0.1066,0.1062,0.10646,21787073.0,2318788.87512,1
BYBIT,DOGEUSDT,60,1778216400000,0.10646,0.10653,0.10587,0.10591,25856867.0,2746843.90746,1
BYBIT,DOGEUSDT,60,1778220000000,0.10591,0.10639,0.10558,0.10626,70552648.0,7476696.25138,1
BYBIT,DOGEUSDT,60,1778223600000,0.10626,0.10646,0.10586,0.10629,80950685.0,8601120.288,1
BYBIT,DOGEUSDT,60,1778227200000,0.10629,0.1072,0.10613,0.10699,124851494.0,13324034.89042,1
BYBIT,DOGEUSDT,60,1778230800000,0.10699,0.10772,0.10678,0.10711,70178086.0,7527863.73718,1
BYBIT,DOGEUSDT,60,1778234400000,0.10711,0.10763,0.10676,0.10737,53686147.0,5758766.09867,1
BYBIT,DOGEUSDT,60,1778238000000,0.10737,0.10763,0.10722,0.10736,33918952.0,3644415.81171,1
BYBIT,DOGEUSDT,60,1778241600000,0.10736,0.10764,0.10652,0.10662,72721582.0,7786014.06877,1
BYBIT,DOGEUSDT,60,1778245200000,0.10662,0.10688,0.10626,0.10671,68040129.0,7250477.32884,1
BYBIT,DOGEUSDT,60,1778248800000,0.10671,0.10784,0.10666,0.10772,83298181.0,8941685.69369,1
BYBIT,DOGEUSDT,60,1778252400000,0.10772,0.10818,0.10684,0.10803,79748802.0,8575108.19999,1
BYBIT,DOGEUSDT,60,1778256000000,0.10803,0.1081,0.10722,0.10734,38103514.0,4099329.36216,1
BYBIT,DOGEUSDT,60,1778259600000,0.10734,0.10839,0.10731,0.10799,73697851.0,7961326.92104,1
BYBIT,DOGEUSDT,60,1778263200000,0.10799,0.10898,0.10799,0.10845,82778601.0,8988263.36863,1
BYBIT,DOGEUSDT,60,1778266800000,0.10845,0.10906,0.10821,0.10889,61696436.0,6711224.57236,1
BYBIT,DOGEUSDT,60,1778270400000,0.10889,0.10943,0.10839,0.10862,63670164.0,6936169.6329,1
BYBIT,DOGEUSDT,60,1778274000000,0.10862,0.10928,0.10852,0.10926,32597415.0,3548916.92804,1
BYBIT,DOGEUSDT,60,1778277600000,0.10926,0.1096,0.10912,0.10951,32354340.0,3537580.75275,1
BYBIT,DOGEUSDT,60,1778281200000,0.10951,0.10952,0.10908,0.10945,23486587.0,2567446.21584,1
BYBIT,DOGEUSDT,60,1778284800000,0.10945,0.10981,0.10931,0.10943,35457464.0,3884407.23301,1
BYBIT,DOGEUSDT,60,1778288400000,0.10943,0.11081,0.10938,0.11041,77676120.0,8566858.37613,1
BYBIT,DOGEUSDT,60,1778292000000,0.11041,0.11109,0.11037,0.11045,62288077.0,6895452.90286,1
BYBIT,DOGEUSDT,60,1778295600000,0.11045,0.1109,0.11013,0.11029,44043864.0,4867944.67215,1
BYBIT,DOGEUSDT,60,1778299200000,0.11029,0.11126,0.11029,0.1106,61282069.0,6788715.78305,1
BYBIT,DOGEUSDT,60,1778302800000,0.1106,0.11074,0.10982,0.11062,61098935.0,6736380.41957,1
BYBIT,DOGEUSDT,60,1778306400000,0.11062,0.11131,0.11029,0.1106,91306938.0,10110391.29121,1
BYBIT,DOGEUSDT,60,1778310000000,0.1106,0.11062,0.10984,0.11014,68271642.0,7522719.05862,1
BYBIT,DOGEUSDT,60,1778313600000,0.11014,0.11061,0.11014,0.1103,21669734.0,2393198.7147,1
BYBIT,DOGEUSDT,60,1778317200000,0.1103,0.11031,0.1096,0.10988,56727533.0,6230871.41533,1
BYBIT,DOGEUSDT,60,1778320800000,0.10988,0.10988,0.10936,0.10963,29832497.0,3270036.82888,1
BYBIT,DOGEUSDT,60,1778324400000,0.10963,0.10984,0.1095,0.10953,29618631.0,3247982.20277,1
BYBIT,DOGEUSDT,60,1778328000000,0.10953,0.10971,0.10914,0.10939,33971557.0,3716462.50789,1
BYBIT,DOGEUSDT,60,1778331600000,0.10939,0.10942,0.10865,0.10917,73470540.0,8006201.04945,1
BYBIT,DOGEUSDT,60,1778335200000,0.10917,0.10919,0.10823,0.10842,62239723.0,6755060.09261,1
BYBIT,DOGEUSDT,60,1778338800000,0.10842,0.10875,0.10802,0.10858,48597173.0,5266957.60606,1
BYBIT,DOGEUSDT,60,1778342400000,0.10858,0.10913,0.10842,0.10883,30243078.0,3291645.9697,1
BYBIT,DOGEUSDT,60,1778346000000,0.10883,0.10959,0.10883,0.10937,38667498.0,4225736.92522,1
BYBIT,DOGEUSDT,60,1778349600000,0.10937,0.10992,0.10937,0.10957,21909291.0,2402000.18833,1
BYBIT,DOGEUSDT,60,1778353200000,0.10957,0.10971,0.10943,0.10966,20504196.0,2246490.39477,1
BYBIT,DOGEUSDT,60,1778356800000,0.10966,0.10968,0.10922,0.10928,19236219.0,2103856.56663,1
BYBIT,DOGEUSDT,60,1778360400000,0.10928,0.10948,0.10904,0.10926,19825494.0,2165924.27902,1
BYBIT,DOGEUSDT,60,1778364000000,0.10926,0.10934,0.10898,0.10901,14483276.0,1580909.59225,1
BYBIT,DOGEUSDT,60,1778367600000,0.10901,0.10919,0.10851,0.10867,31249417.0,3399555.76481,1
BYBIT,DOGEUSDT,60,1778371200000,0.10867,0.1089,0.10823,0.10836,37221828.0,4039254.58319,1
BYBIT,DOGEUSDT,60,1778374800000,0.10836,0.10837,0.10773,0.10805,75087556.0,8108694.54024,1
BYBIT,DOGEUSDT,60,1778378400000,0.10805,0.1089,0.10787,0.10852,57160553.0,6201172.24017,1
BYBIT,DOGEUSDT,60,1778382000000,0.10852,0.10879,0.10838,0.10842,22816589.0,2476929.31385,1
BYBIT,DOGEUSDT,60,1778385600000,0.10842,0.10863,0.10828,0.10842,11227229.0,1217253.54173,1
BYBIT,DOGEUSDT,60,1778389200000,0.10842,0.10862,0.10827,0.10833,14268791.0,1547136.25561,1
BYBIT,DOGEUSDT,60,1778392800000,0.10833,0.10843,0.10812,0.10835,23683688.0,2564407.59828,1
BYBIT,DOGEUSDT,60,1778396400000,0.10835,0.10869,0.10824,0.10846,10625770.0,1153001.11689,1
BYBIT,DOGEUSDT,60,1778400000000,0.10846,0.10892,0.10843,0.10869,23264682.0,2528001.41248,1
BYBIT,DOGEUSDT,60,1778403600000,0.10869,0.10909,0.10845,0.10851,56387899.0,6135605.33307,1
BYBIT,DOGEUSDT,60,1778407200000,0.10851,0.10872,0.10775,0.10866,98896737.0,10693970.75482,1
BYBIT,DOGEUSDT,60,1778410800000,0.10866,0.10879,0.10785,0.10815,51254961.0,5551178.68789,1
BYBIT,DOGEUSDT,60,1778414400000,0.10815,0.10827,0.10785,0.10807,30398315.0,3283660.22401,1
BYBIT,DOGEUSDT,60,1778418000000,0.10807,0.10842,0.10797,0.10825,33497918.0,3624625.5892,1
BYBIT,DOGEUSDT,60,1778421600000,0.10825,0.10843,0.10783,0.10826,40610169.0,4391054.62576,1
BYBIT,DOGEUSDT,60,1778425200000,0.10826,0.1091,0.1082,0.10906,48455478.0,5263718.62447,1
BYBIT,DOGEUSDT,60,1778428800000,0.10906,0.10974,0.10883,0.10962,75614822.0,8266084.66782,1
BYBIT,DOGEUSDT,60,1778432400000,0.10962,0.1111,0.10941,0.11086,119369359.0,13185699.22213,1
BYBIT,DOGEUSDT,60,1778436000000,0.11086,0.11168,0.11062,0.11099,100472402.0,11167757.00589,1
BYBIT,DOGEUSDT,60,1778439600000,0.11099,0.11152,0.11027,0.11105,51159156.0,5675856.88146,1
BYBIT,DOGEUSDT,60,1778443200000,0.11105,0.11153,0.10633,0.10788,363818709.0,39398936.593,1
BYBIT,DOGEUSDT,60,1778446800000,0.10788,0.10888,0.10759,0.10821,139749966.0,15133716.60288,1
BYBIT,DOGEUSDT,60,1778450400000,0.10821,0.11232,0.10798,0.11186,409041028.0,45096661.52924,1
BYBIT,DOGEUSDT,60,1778454000000,0.11186,0.1128,0.11137,0.1124,226972168.0,25434571.02661,1
BYBIT,DOGEUSDT,60,1778457600000,0.1124,0.11271,0.10975,0.11042,251178655.0,27892747.40851,1
BYBIT,DOGEUSDT,60,1778461200000,0.11042,0.11174,0.10993,0.11059,88580619.0,9828049.63998,1
BYBIT,DOGEUSDT,60,1778464800000,0.11059,0.11085,0.10937,0.10975,67668425.0,7444602.12181,1
BYBIT,DOGEUSDT,60,1778468400000,0.10975,0.10979,0.1083,0.10904,155283256.0,16907731.68073,1
BYBIT,DOGEUSDT,60,1778472000000,0.10904,0.10994,0.10867,0.10944,76573539.0,8370571.7085,1
BYBIT,DOGEUSDT,60,1778475600000,0.10944,0.10995,0.10931,0.10977,28086713.0,3080534.2434,1
BYBIT,DOGEUSDT,60,1778479200000,0.10977,0.11007,0.10918,0.10944,35187811.0,3857300.40778,1
BYBIT,DOGEUSDT,60,1778482800000,0.10944,0.10948,0.1085,0.1092,80693743.0,8792115.46419,1
BYBIT,DOGEUSDT,60,1778486400000,0.1092,0.1097,0.10867,0.10941,55372365.0,6043709.32727,1
BYBIT,DOGEUSDT,60,1778490000000,0.10941,0.10996,0.1094,0.1097,22923608.0,2515236.99358,1
BYBIT,DOGEUSDT,60,1778493600000,0.1097,0.11034,0.1096,0.10992,29282676.0,3221446.80813,1
BYBIT,DOGEUSDT,60,1778497200000,0.10992,0.11034,0.1095,0.11025,19663850.0,2163258.86381,1
BYBIT,DOGEUSDT,60,1778500800000,0.11025,0.11046,0.10935,0.1095,52350797.0,5751537.0597,1
BYBIT,DOGEUSDT,60,1778504400000,0.1095,0.11,0.10897,0.10986,63155023.0,6915882.41769,1
BYBIT,DOGEUSDT,60,1778508000000,0.10986,0.11069,0.1088,0.10964,114234038.0,12520291.43798,1
BYBIT,DOGEUSDT,60,1778511600000,0.10964,0.11095,0.10933,0.11086,101571046.0,11214103.95507,1
BYBIT,DOGEUSDT,60,1778515200000,0.11086,0.11155,0.11061,0.11111,86017623.0,9555971.22566,1
BYBIT,DOGEUSDT,60,1778518800000,0.11111,0.11173,0.11065,0.11132,86620115.0,9633172.54505,1
BYBIT,DOGEUSDT,60,1778522400000,0.11132,0.11143,0.11048,0.11051,43998127.0,4884708.41496,1
BYBIT,DOGEUSDT,60,1778526000000,0.11051,0.11175,0.1103,0.1115,33730094.0,3747809.18179,1
BYBIT,DOGEUSDT,60,1778529600000,0.1115,0.11172,0.11116,0.1114,28122660.0,3133365.26803,1
BYBIT,DOGEUSDT,60,1778533200000,0.1114,0.11157,0.11093,0.11105,25748558.0,2864837.45533,1
BYBIT,DOGEUSDT,60,1778536800000,0.11105,0.11156,0.11093,0.11138,22952464.0,2554011.51689,1
BYBIT,DOGEUSDT,60,1778540400000,0.11138,0.11143,0.11089,0.11124,20327599.0,2259132.12253,1
BYBIT,DOGEUSDT,60,1778544000000,0.11124,0.11154,0.11102,0.11125,16207375.0,1804115.8869,1
BYBIT,DOGEUSDT,60,1778547600000,0.11125,0.11145,0.10963,0.11075,104016246.0,11484159.29747,1
BYBIT,DOGEUSDT,60,1778551200000,0.11075,0.11143,0.11042,0.11071,79424728.0,8802020.13305,1
BYBIT,DOGEUSDT,60,1778554800000,0.11071,0.1109,0.10989,0.11001,35561736.0,3924895.19006,1
BYBIT,DOGEUSDT,60,1778558400000,0.11001,0.11036,0.1097,0.10979,57031920.0,6272453.83661,1
BYBIT,DOGEUSDT,60,1778562000000,0.10979,0.11048,0.10975,0.11032,62545382.0,6888850.66669,1
BYBIT,DOGEUSDT,60,1778565600000,0.11032,0.11122,0.11021,0.1105,93722546.0,10381182.11245,1
BYBIT,DOGEUSDT,60,1778569200000,0.1105,0.1105,0.10969,0.10985,59858754.0,6584282.42197,1
BYBIT,DOGEUSDT,60,1778572800000,0.10985,0.11026,0.10916,0.10976,115239132.0,12628486.23307,1
BYBIT,DOGEUSDT,60,1778576400000,0.10976,0.10979,0.10917,0.10973,42012863.0,4600401.70455,1
BYBIT,DOGEUSDT,60,1778580000000,0.10973,0.10973,0.10883,0.10909,68667668.0,7495751.01041,1
BYBIT,DOGEUSDT,60,1778583600000,0.10909,0.10943,0.10851,0.10939,81473591.0,8873609.53966,1
BYBIT,DOGEUSDT,60,1778587200000,0.10939,0.10959,0.10867,0.10915,88446818.0,9653125.69563,1
BYBIT,DOGEUSDT,60,1778590800000,0.10915,0.10932,0.10802,0.10839,90013292.0,9779190.90342,1
BYBIT,DOGEUSDT,60,1778594400000,0.10839,0.10919,0.10778,0.10877,96123066.0,10434809.42561,1
BYBIT,DOGEUSDT,60,1778598000000,0.10877,0.10906,0.1081,0.10859,185549374.0,20148922.61761,1
BYBIT,DOGEUSDT,60,1778601600000,0.10859,0.109,0.10741,0.10785,105751306.0,11434775.74577,1
BYBIT,DOGEUSDT,60,1778605200000,0.10785,0.1092,0.1078,0.10898,87313014.0,9489515.56608,1
BYBIT,DOGEUSDT,60,1778608800000,0.10898,0.10945,0.10882,0.1092,29302157.0,3197633.41819,1
BYBIT,DOGEUSDT,60,1778612400000,0.1092,0.11025,0.10912,0.1098,86436372.0,9495138.41722,1
BYBIT,DOGEUSDT,60,1778616000000,0.1098,0.11023,0.10974,0.11013,30410138.0,3343908.8407,1
BYBIT,DOGEUSDT,60,1778619600000,0.11013,0.11069,0.10986,0.10997,87625401.0,9672750.13915,1
BYBIT,DOGEUSDT,60,1778623200000,0.10997,0.11037,0.10995,0.11021,20450419.0,2253254.82083,1
BYBIT,DOGEUSDT,60,1778626800000,0.11021,0.11044,0.10981,0.11009,30775118.0,3388094.59863,1
BYBIT,DOGEUSDT,60,1778630400000,0.11009,0.1107,0.10987,0.11061,19714218.0,2174686.50172,1
BYBIT,DOGEUSDT,60,1778634000000,0.11061,0.11171,0.11059,0.11108,108906598.0,12123219.23912,1
BYBIT,DOGEUSDT,60,1778637600000,0.11108,0.11145,0.1108,0.11106,26529610.0,2946403.00909,1
BYBIT,DOGEUSDT,60,1778641200000,0.11106,0.11168,0.11102,0.11167,36338819.0,4049744.17426,1
BYBIT,DOGEUSDT,60,1778644800000,0.11167,0.11279,0.11125,0.11215,89758996.0,10055753.99262,1
BYBIT,DOGEUSDT,60,1778648400000,0.11215,0.11269,0.11153,0.112,67187914.0,7529981.90087,1
BYBIT,DOGEUSDT,60,1778652000000,0.112,0.11241,0.1117,0.11176,40535479.0,4544321.19366,1
BYBIT,DOGEUSDT,60,1778655600000,0.11176,0.11238,0.11132,0.11225,98586515.0,11039693.40209,1
BYBIT,DOGEUSDT,60,1778659200000,0.11225,0.11243,0.11191,0.1123,53169688.0,5964009.59209,1
BYBIT,DOGEUSDT,60,1778662800000,0.1123,0.11459,0.11227,0.11422,253085904.0,28769361.44748,1
BYBIT,DOGEUSDT,60,1778666400000,0.11422,0.11446,0.11351,0.11375,83309111.0,9486177.97419,1
BYBIT,DOGEUSDT,60,1778670000000,0.11375,0.11404,0.11231,0.11261,165929209.0,18758692.29948,1
BYBIT,DOGEUSDT,60,1778673600000,0.11261,0.11306,0.1108,0.11174,229100459.0,25602447.01798,1
BYBIT,DOGEUSDT,60,1778677200000,0.11174,0.1123,0.11037,0.11047,129962040.0,14466180.94473,1
BYBIT,DOGEUSDT,60,1778680800000,0.11047,0.11183,0.10984,0.11177,130666261.0,14484008.24303,1
BYBIT,DOGEUSDT,60,1778684400000,0.11177,0.11217,0.10954,0.10986,152423034.0,16877611.96392,1
BYBIT,DOGEUSDT,60,1778688000000,0.10986,0.11206,0.1098,0.11192,124945274.0,13882951.97885,1
BYBIT,DOGEUSDT,60,1778691600000,0.11192,0.1133,0.1119,0.11307,138938748.0,15661401.33879,1
BYBIT,DOGEUSDT,60,1778695200000,0.11307,0.11471,0.11307,0.11333,163099176.0,18588081.92488,1
BYBIT,DOGEUSDT,60,1778698800000,0.11333,0.11347,0.11233,0.1129,73554887.0,8298270.18563,1
BYBIT,DOGEUSDT,60,1778702400000,0.1129,0.11348,0.11269,0.11336,41257146.0,4666884.93466,1
BYBIT,DOGEUSDT,60,1778706000000,0.11336,0.11345,0.11227,0.11285,44408932.0,5003103.60526,1
BYBIT,DOGEUSDT,60,1778709600000,0.11285,0.11366,0.11228,0.11352,74515235.0,8418516.17647,1
BYBIT,DOGEUSDT,60,1778713200000,0.11352,0.11395,0.1126,0.11262,72602467.0,8225618.27398,1
BYBIT,DOGEUSDT,60,1778716800000,0.11262,0.1154,0.11231,0.11433,313499683.0,35845184.11391,1
BYBIT,DOGEUSDT,60,1778720400000,0.11433,0.11492,0.11375,0.11449,165364985.0,18925513.03857,1
BYBIT,DOGEUSDT,60,1778724000000,0.11449,0.11485,0.1132,0.1134,88433763.0,10088382.14716,1
BYBIT,DOGEUSDT,60,1778727600000,0.1134,0.11377,0.11203,0.11235,135392782.0,15264494.1238,1
BYBIT,DOGEUSDT,60,1778731200000,0.11235,0.11305,0.11185,0.11295,99115113.0,11157295.20332,1
BYBIT,DOGEUSDT,60,1778734800000,0.11295,0.11518,0.11286,0.11504,177466118.0,20292540.90028,1
BYBIT,DOGEUSDT,60,1778738400000,0.11504,0.11536,0.11367,0.1145,145345616.0,16635887.97539,1
BYBIT,DOGEUSDT,60,1778742000000,0.1145,0.115,0.11374,0.11384,162822296.0,18618477.11665,1
BYBIT,DOGEUSDT,60,1778745600000,0.11384,0.11396,0.11303,0.1133,95624993.0,10840474.04041,1
BYBIT,DOGEUSDT,60,1778749200000,0.1133,0.11355,0.11268,0.11326,85708725.0,9691481.45425,1
BYBIT,DOGEUSDT,60,1778752800000,0.11326,0.11373,0.11293,0.11363,73361926.0,8310641.86122,1
BYBIT,DOGEUSDT,60,1778756400000,0.11363,0.11375,0.11302,0.11307,46440507.0,5265068.76039,1
BYBIT,DOGEUSDT,60,1778760000000,0.11307,0.11574,0.11296,0.11524,202398499.0,23230472.89832,1
BYBIT,DOGEUSDT,60,1778763600000,0.11524,0.11665,0.11409,0.1143,377657056.0,43590600.8877,1
BYBIT,DOGEUSDT,60,1778767200000,0.1143,0.11538,0.11397,0.11493,252728567.0,28991803.55684,1
BYBIT,DOGEUSDT,60,1778770800000,0.11493,0.11525,0.11353,0.11389,292121640.0,33401751.3432,1
BYBIT,DOGEUSDT,60,1778774400000,0.11389,0.11619,0.11331,0.11604,460036046.0,52947562.60978,1
BYBIT,DOGEUSDT,60,1778778000000,0.11604,0.11634,0.11501,0.11588,115474192.0,13358195.67343,1
BYBIT,DOGEUSDT,60,1778781600000,0.11588,0.11859,0.11566,0.1173,420802637.0,49420410.24106,1
BYBIT,DOGEUSDT,60,1778785200000,0.1173,0.11779,0.11571,0.11609,86298290.0,10061277.04651,1
BYBIT,DOGEUSDT,60,1778788800000,0.11609,0.11624,0.11471,0.11595,193345725.0,22295078.03987,1
BYBIT,DOGEUSDT,60,1778792400000,0.11595,0.11672,0.11536,0.11666,84705911.0,9823761.2916,1
BYBIT,DOGEUSDT,60,1778796000000,0.11666,0.11678,0.11623,0.11634,28230043.0,3288963.35697,1
BYBIT,DOGEUSDT,60,1778799600000,0.11634,0.11634,0.11501,0.11537,66856702.0,7727263.18392,1
BYBIT,DOGEUSDT,60,1778803200000,0.11537,0.11693,0.11537,0.11664,99740363.0,11608971.95366,1
BYBIT,DOGEUSDT,60,1778806800000,0.11664,0.11741,0.11592,0.11599,121331206.0,14178368.12981,1
BYBIT,DOGEUSDT,60,1778810400000,0.11599,0.11669,0.1151,0.11641,118968488.0,13776948.4274,1
BYBIT,DOGEUSDT,60,1778814000000,0.11641,0.11668,0.11549,0.11605,85471292.0,9924529.18658,1
BYBIT,DOGEUSDT,60,1778817600000,0.11605,0.11607,0.1142,0.11427,87965472.0,10116452.05715,1
BYBIT,DOGEUSDT,60,1778821200000,0.11427,0.11462,0.1126,0.1134,243997867.0,27677984.28226,1
BYBIT,DOGEUSDT,60,1778824800000,0.1134,0.11473,0.11328,0.11453,90896637.0,10361615.16246,1
BYBIT,DOGEUSDT,60,1778828400000,0.11453,0.11511,0.11411,0.11481,116079834.0,13316005.46091,1
BYBIT,DOGEUSDT,60,1778832000000,0.11481,0.11539,0.1138,0.11521,125691755.0,14411822.73197,1
BYBIT,DOGEUSDT,60,1778835600000,0.11521,0.11559,0.11413,0.11431,138173649.0,15867974.00761,1
BYBIT,DOGEUSDT,60,1778839200000,0.11431,0.11541,0.11414,0.11524,52201777.0,5989792.34776,1
BYBIT,DOGEUSDT,60,1778842800000,0.11524,0.11526,0.11432,0.11438,41004589.0,4706584.38928,1
BYBIT,DOGEUSDT,60,1778846400000,0.11438,0.11443,0.11358,0.11413,84822261.0,9667183.62439,1
BYBIT,DOGEUSDT,60,1778850000000,0.11413,0.11413,0.11087,0.11133,263726403.0,29636754.10858,1
BYBIT,DOGEUSDT,60,1778853600000,0.11133,0.11259,0.11093,0.11178,203050781.0,22698252.56108,1
BYBIT,DOGEUSDT,60,1778857200000,0.11178,0.11199,0.11066,0.11152,110177152.0,12273553.78164,1
BYBIT,DOGEUSDT,60,1778860800000,0.11152,0.11297,0.11142,0.1126,141033257.0,15847495.14521,1
BYBIT,DOGEUSDT,60,1778864400000,0.1126,0.11299,0.11206,0.11256,50570176.0,5690892.73815,1
BYBIT,DOGEUSDT,60,1778868000000,0.11256,0.11341,0.11256,0.11306,61264002.0,6922989.83748,1
BYBIT,DOGEUSDT,60,1778871600000,0.11306,0.11334,0.11258,0.11291,34738128.0,3925337.182,1
BYBIT,DOGEUSDT,60,1778875200000,0.11291,0.11328,0.1125,0.11312,34612228.0,3909621.09325,1
BYBIT,DOGEUSDT,60,1778878800000,0.11312,0.11337,0.11271,0.11286,25055672.0,2831783.24808,1
BYBIT,DOGEUSDT,60,1778882400000,0.11286,0.11376,0.11274,0.11358,28508672.0,3235868.28931,1
BYBIT,DOGEUSDT,60,1778886000000,0.11358,0.11375,0.11318,0.1133,37264604.0,4228561.68538,1
BYBIT,DOGEUSDT,60,1778889600000,0.1133,0.11342,0.11272,0.11285,58829586.0,6654794.38727,1
BYBIT,DOGEUSDT,60,1778893200000,0.11285,0.11291,0.11215,0.11261,60522343.0,6811592.09733,1
BYBIT,DOGEUSDT,60,1778896800000,0.11261,0.11284,0.11226,0.11246,13317411.0,1498716.16669,1
BYBIT,DOGEUSDT,60,1778900400000,0.11246,0.11276,0.11229,0.11254,30718958.0,3455921.40194,1
BYBIT,DOGEUSDT,60,1778904000000,0.11254,0.11259,0.11088,0.11165,117361627.0,13071229.16819,1
BYBIT,DOGEUSDT,60,1778907600000,0.11165,0.11203,0.11126,0.11157,95108196.0,10620280.30317,1
BYBIT,DOGEUSDT,60,1778911200000,0.11157,0.11168,0.11021,0.11055,95098361.0,10540334.88984,1
BYBIT,DOGEUSDT,60,1778914800000,0.11055,0.11056,0.10898,0.11007,197764921.0,21689930.63996,1
BYBIT,DOGEUSDT,60,1778918400000,0.11007,0.11038,0.10992,0.10998,34622237.0,3813824.56766,1
BYBIT,DOGEUSDT,60,1778922000000,0.10998,0.1102,0.10867,0.10921,132078144.0,14436396.17595,1
BYBIT,DOGEUSDT,60,1778925600000,0.10921,0.10935,0.10815,0.10871,133362805.0,14487766.44632,1
BYBIT,DOGEUSDT,60,1778929200000,0.10871,0.1094,0.10871,0.10891,37681380.0,4108267.76314,1
BYBIT,DOGEUSDT,60,1778932800000,0.10891,0.10908,0.10846,0.10862,46966558.0,5108828.98725,1
BYBIT,DOGEUSDT,60,1778936400000,0.10862,0.10866,0.10768,0.10854,119944506.0,12983154.58047,1
BYBIT,DOGEUSDT,60,1778940000000,0.10854,0.10972,0.10828,0.10892,66044466.0,7200273.83677,1
BYBIT,DOGEUSDT,60,1778943600000,0.10892,0.10989,0.10887,0.10962,72396666.0,7924292.50451,1
BYBIT,DOGEUSDT,60,1778947200000,0.10962,0.11004,0.10941,0.10974,37336455.0,4100299.97589,1
BYBIT,DOGEUSDT,60,1778950800000,0.10974,0.10998,0.10946,0.10951,14416210.0,1581799.72333,1
BYBIT,DOGEUSDT,60,1778954400000,0.10951,0.10968,0.10922,0.10939,35539182.0,3889950.36802,1
BYBIT,DOGEUSDT,60,1778958000000,0.10939,0.10973,0.10932,0.10956,12881949.0,1411587.38023,1
BYBIT,DOGEUSDT,60,1778961600000,0.10956,0.10982,0.10939,0.10956,9772673.0,1071265.52537,1
BYBIT,DOGEUSDT,60,1778965200000,0.10956,0.11017,0.10944,0.10976,23043236.0,2529574.31006,1
BYBIT,DOGEUSDT,60,1778968800000,0.10976,0.10978,0.10936,0.10942,12901277.0,1413167.52924,1
BYBIT,DOGEUSDT,60,1778972400000,0.10942,0.10948,0.10919,0.10931,13696916.0,1497362.04903,1
BYBIT,DOGEUSDT,60,1778976000000,0.10931,0.10959,0.10882,0.10909,19374763.0,2117984.92922,1
BYBIT,DOGEUSDT,60,1778979600000,0.10909,0.10916,0.10804,0.10805,55604446.0,6035777.77568,1
BYBIT,DOGEUSDT,60,1778983200000,0.10805,0.10874,0.10801,0.10858,30687086.0,3329114.78264,1
BYBIT,DOGEUSDT,60,1778986800000,0.10858,0.10943,0.10857,0.10913,21443140.0,2339581.04744,1
BYBIT,DOGEUSDT,60,1778990400000,0.10913,0.10981,0.10906,0.10964,24261872.0,2659377.52599,1
BYBIT,DOGEUSDT,60,1778994000000,0.10964,0.11035,0.10961,0.10991,35509227.0,3907389.21572,1
BYBIT,DOGEUSDT,60,1778997600000,0.10991,0.11013,0.10939,0.10961,27890121.0,3057467.35184,1
BYBIT,DOGEUSDT,60,1779001200000,0.10961,0.11024,0.1095,0.11013,23540212.0,2588520.48821,1
BYBIT,DOGEUSDT,60,1779004800000,0.11013,0.11033,0.10972,0.11019,24958611.0,2749355.99088,1
BYBIT,DOGEUSDT,60,1779008400000,0.11019,0.11108,0.11008,0.111,51929847.0,5745045.74016,1
BYBIT,DOGEUSDT,60,1779012000000,0.111,0.11188,0.11097,0.11166,78311652.0,8731260.96398,1
BYBIT,DOGEUSDT,60,1779015600000,0.11166,0.11172,0.11115,0.11144,25691936.0,2862674.14514,1
BYBIT,DOGEUSDT,60,1779019200000,0.11144,0.11274,0.11144,0.112,79020042.0,8866426.27102,1
BYBIT,DOGEUSDT,60,1779022800000,0.112,0.11202,0.11092,0.1116,84958559.0,9466894.54858,1
BYBIT,DOGEUSDT,60,1779026400000,0.1116,0.11166,0.11045,0.1107,87454770.0,9699261.66568,1
BYBIT,DOGEUSDT,60,1779030000000,0.1107,0.11102,0.11016,0.11037,43382753.0,4791152.75975,1
BYBIT,DOGEUSDT,60,1779033600000,0.11037,0.11061,0.10977,0.10999,60843921.0,6705072.7538,1
BYBIT,DOGEUSDT,60,1779037200000,0.10999,0.11019,0.1095,0.10988,55987547.0,6150669.019,1
BYBIT,DOGEUSDT,60,1779040800000,0.10988,0.11038,0.10957,0.1103,36107440.0,3971195.25225,1
BYBIT,DOGEUSDT,60,1779044400000,0.1103,0.11095,0.11029,0.11068,30711327.0,3396985.47413,1
BYBIT,DOGEUSDT,60,1779048000000,0.11068,0.11084,0.11038,0.11051,21998215.0,2432873.61513,1
BYBIT,DOGEUSDT,60,1779051600000,0.11051,0.11139,0.11026,0.11117,58848821.0,6526981.35096,1
BYBIT,DOGEUSDT,60,1779055200000,0.11117,0.11125,0.10927,0.10947,60482201.0,6651499.79568,1
BYBIT,DOGEUSDT,60,1779058800000,0.10947,0.10954,0.10537,0.10892,687373507.0,73811230.8001,1
BYBIT,DOGEUSDT,60,1779062400000,0.10892,0.10898,0.10645,0.10686,212444106.0,22836135.51259,1
BYBIT,DOGEUSDT,60,1779066000000,0.10686,0.10701,0.10579,0.10666,86639005.0,9216411.92654,1
BYBIT,DOGEUSDT,60,1779069600000,0.10666,0.10713,0.10631,0.10657,32884133.0,3511348.64228,1
BYBIT,DOGEUSDT,60,1779073200000,0.10657,0.10709,0.10612,0.1065,33627773.0,3580434.32043,1
BYBIT,DOGEUSDT,60,1779076800000,0.1065,0.10689,0.1059,0.1068,34382783.0,3659432.54128,1
BYBIT,DOGEUSDT,60,1779080400000,0.1068,0.10698,0.10587,0.10604,53191305.0,5665462.9501,1
BYBIT,DOGEUSDT,60,1779084000000,0.10604,0.10617,0.10351,0.10463,349536727.0,36579716.35759,1
BYBIT,DOGEUSDT,60,1779087600000,0.10463,0.10493,0.10357,0.10423,145073034.0,15121655.0384,1
BYBIT,DOGEUSDT,60,1779091200000,0.10423,0.10462,0.10393,0.10433,57012119.0,5941161.20606,1
BYBIT,DOGEUSDT,60,1779094800000,0.10433,0.1044,0.10388,0.10397,30451913.0,3169884.69947,1
BYBIT,DOGEUSDT,60,1779098400000,0.10397,0.10444,0.10369,0.10397,53347461.0,5552185.78071,1
BYBIT,DOGEUSDT,60,1779102000000,0.10397,0.10617,0.10374,0.10501,171894820.0,18070593.693,1
BYBIT,DOGEUSDT,60,1779105600000,0.10501,0.10635,0.105,0.10628,174262992.0,18400861.33077,1
BYBIT,DOGEUSDT,60,1779109200000,0.10628,0.10636,0.10418,0.10501,179724221.0,18918095.9807,1
BYBIT,DOGEUSDT,60,1779112800000,0.10501,0.10501,0.10382,0.10416,153033766.0,15969220.18658,1
BYBIT,DOGEUSDT,60,1779116400000,0.10416,0.10435,0.10301,0.10386,177999731.0,18449085.84359,1
BYBIT,DOGEUSDT,60,1779120000000,0.10386,0.10431,0.10318,0.1036,83359885.0,8644449.05722,1
BYBIT,DOGEUSDT,60,1779123600000,0.1036,0.10422,0.10343,0.10396,31966959.0,3322968.24527,1
BYBIT,DOGEUSDT,60,1779127200000,0.10396,0.10402,0.10244,0.1026,124938684.0,12867631.59819,1
BYBIT,DOGEUSDT,60,1779130800000,0.1026,0.1049,0.10254,0.10472,181130157.0,18833380.45089,1
BYBIT,DOGEUSDT,60,1779134400000,0.10472,0.1052,0.10398,0.10414,64205170.0,6715473.40492,1
BYBIT,DOGEUSDT,60,1779138000000,0.10414,0.1051,0.10386,0.10502,65887295.0,6883817.26011,1
BYBIT,DOGEUSDT,60,1779141600000,0.10502,0.10555,0.10461,0.10494,61098973.0,6420557.92344,1
BYBIT,DOGEUSDT,60,1779145200000,0.10494,0.10517,0.10456,0.1047,27521395.0,2884987.88139,1
BYBIT,DOGEUSDT,60,1779148800000,0.1047,0.10547,0.10459,0.10516,34101312.0,3581347.63323,1
BYBIT,DOGEUSDT,60,1779152400000,0.10516,0.10516,0.10412,0.10422,67868377.0,7111344.12718,1
BYBIT,DOGEUSDT,60,1779156000000,0.10422,0.10473,0.10378,0.10407,25667015.0,2674840.17226,1
BYBIT,DOGEUSDT,60,1779159600000,0.10407,0.1046,0.10394,0.10427,24624705.0,2568363.76326,1
BYBIT,DOGEUSDT,60,1779163200000,0.10427,0.10529,0.10413,0.10524,66656441.0,6990811.76879,1
BYBIT,DOGEUSDT,60,1779166800000,0.10524,0.10533,0.10413,0.10448,50305557.0,5260866.68676,1
BYBIT,DOGEUSDT,60,1779170400000,0.10448,0.10463,0.10405,0.10441,51809109.0,5404656.47231,1
BYBIT,DOGEUSDT,60,1779174000000,0.10441,0.10514,0.10414,0.10514,71844560.0,7513166.06414,1
BYBIT,DOGEUSDT,60,1779177600000,0.10514,0.10517,0.10442,0.10442,51028639.0,5343490.27331,1
BYBIT,DOGEUSDT,60,1779181200000,0.10442,0.10466,0.10367,0.10412,48214181.0,5017997.71407,1
BYBIT,DOGEUSDT,60,1779184800000,0.10412,0.10442,0.10351,0.10415,64523842.0,6712002.337,1
BYBIT,DOGEUSDT,60,1779188400000,0.10415,0.10432,0.1036,0.10366,25839705.0,2685209.26983,1
BYBIT,DOGEUSDT,60,1779192000000,0.10366,0.10423,0.10341,0.10407,63144719.0,6564236.79739,1
BYBIT,DOGEUSDT,60,1779195600000,0.10407,0.10458,0.10347,0.10426,92889405.0,9663073.02382,1
BYBIT,DOGEUSDT,60,1779199200000,0.10426,0.10445,0.1028,0.10334,101469055.0,10502577.30862,1
BYBIT,DOGEUSDT,60,1779202800000,0.10334,0.10386,0.10319,0.10355,25909064.0,2683432.70553,1
BYBIT,DOGEUSDT,60,1779206400000,0.10355,0.10419,0.10331,0.10407,30457926.0,3161728.2379,1
BYBIT,DOGEUSDT,60,1779210000000,0.10407,0.10419,0.10344,0.10365,24013436.0,2494002.1056,1
BYBIT,DOGEUSDT,60,1779213600000,0.10365,0.10379,0.10328,0.10341,19498078.0,2019432.17103,1
BYBIT,DOGEUSDT,60,1779217200000,0.10341,0.10385,0.10307,0.10322,20128349.0,2081499.1918,1
BYBIT,DOGEUSDT,60,1779220800000,0.10322,0.10364,0.10322,0.10357,20684964.0,2140626.1188,1
BYBIT,DOGEUSDT,60,1779224400000,0.10357,0.10378,0.10343,0.10348,13541255.0,1403110.20557,1
BYBIT,DOGEUSDT,60,1779228000000,0.10348,0.10348,0.1026,0.10273,44010916.0,4531199.15662,1
BYBIT,DOGEUSDT,60,1779231600000,0.10273,0.10328,0.10259,0.10295,17689825.0,1822236.78297,1
BYBIT,DOGEUSDT,60,1779235200000,0.10295,0.10306,0.10179,0.1027,99288233.0,10155289.66768,1
BYBIT,DOGEUSDT,60,1779238800000,0.1027,0.10297,0.10221,0.10271,42175880.0,4327806.089,1
BYBIT,DOGEUSDT,60,1779242400000,0.10271,0.10301,0.10239,0.10251,18575563.0,1907863.12666,1
BYBIT,DOGEUSDT,60,1779246000000,0.10251,0.10306,0.10233,0.10283,25086276.0,2577594.20326,1
BYBIT,DOGEUSDT,60,1779249600000,0.10283,0.10293,0.10212,0.1024,82738015.0,8481777.40358,1
BYBIT,DOGEUSDT,60,1779253200000,0.1024,0.1037,0.1024,0.10349,86591228.0,8926151.63005,1
BYBIT,DOGEUSDT,60,1779256800000,0.10349,0.10409,0.10342,0.10398,36718318.0,3809377.67437,1
BYBIT,DOGEUSDT,60,1779260400000,0.10398,0.10406,0.10341,0.10354,29800034.0,3091558.46979,1
BYBIT,DOGEUSDT,60,1779264000000,0.10354,0.10406,0.1034,0.10375,33412512.0,3466645.06211,1
BYBIT,DOGEUSDT,60,1779267600000,0.10375,0.10389,0.10346,0.10361,23790631.0,2466746.49686,1
BYBIT,DOGEUSDT,60,1779271200000,0.10361,0.10408,0.10361,0.10384,19215055.0,1995931.49653,1
BYBIT,DOGEUSDT,60,1779274800000,0.10384,0.10396,0.10345,0.10365,23543317.0,2442218.13063,1
BYBIT,DOGEUSDT,60,1779278400000,0.10365,0.10444,0.10344,0.10412,29928798.0,3111045.72857,1
BYBIT,DOGEUSDT,60,1779282000000,0.10412,0.10424,0.10295,0.10358,69814838.0,7229289.96965,1
BYBIT,DOGEUSDT,60,1779285600000,0.10358,0.10453,0.10316,0.10431,85791524.0,8932888.05187,1
BYBIT,DOGEUSDT,60,1779289200000,0.10431,0.10493,0.10383,0.10414,116170088.0,12132000.97446,1
BYBIT,DOGEUSDT,60,1779292800000,0.10414,0.10453,0.10356,0.10432,56254547.0,5851396.91127,1
BYBIT,DOGEUSDT,60,1779296400000,0.10432,0.10479,0.10409,0.10442,50827163.0,5311149.57584,1
BYBIT,DOGEUSDT,60,1779300000000,0.10442,0.10457,0.10389,0.10402,27005885.0,2812449.6668,1
BYBIT,DOGEUSDT,60,1779303600000,0.10402,0.10444,0.10396,0.10418,24935328.0,2599558.579,1
BYBIT,DOGEUSDT,60,1779307200000,0.10418,0.10436,0.10367,0.10409,38095521.0,3962567.9724,1
BYBIT,DOGEUSDT,60,1779310800000,0.10409,0.10419,0.10371,0.10372,20657124.0,2148682.02196,1
BYBIT,DOGEUSDT,60,1779314400000,0.10372,0.10372,0.10288,0.10352,48094814.0,4967695.16493,1
BYBIT,DOGEUSDT,60,1779318000000,0.10352,0.10368,0.10319,0.10366,14429559.0,1492098.08731,1
BYBIT,DOGEUSDT,60,1779321600000,0.10366,0.10458,0.1036,0.1045,33746649.0,3510654.03955,1
BYBIT,DOGEUSDT,60,1779325200000,0.1045,0.10488,0.10433,0.10459,36594138.0,3825564.68112,1
BYBIT,DOGEUSDT,60,1779328800000,0.10459,0.10525,0.1045,0.10504,44098442.0,4629114.36704,1
BYBIT,DOGEUSDT,60,1779332400000,0.10504,0.1058,0.10488,0.10561,91090235.0,9603361.99907,1
BYBIT,DOGEUSDT,60,1779336000000,0.10561,0.1061,0.10503,0.10553,92565293.0,9771720.6971,1
BYBIT,DOGEUSDT,60,1779339600000,0.10553,0.10589,0.10528,0.10585,49487604.0,5229288.8526,1
BYBIT,DOGEUSDT,60,1779343200000,0.10585,0.10602,0.10478,0.10503,86911030.0,9154887.82801,1
BYBIT,DOGEUSDT,60,1779346800000,0.10503,0.10572,0.1048,0.10558,45548844.0,4791061.12963,1
BYBIT,DOGEUSDT,60,1779350400000,0.10558,0.10635,0.10553,0.10578,78972856.0,8368034.51581,1
BYBIT,DOGEUSDT,60,1779354000000,0.10578,0.10581,0.10499,0.10517,62616428.0,6593062.57958,1
BYBIT,DOGEUSDT,60,1779357600000,0.10517,0.10528,0.10375,0.10401,119798086.0,12502958.12259,1
BYBIT,DOGEUSDT,60,1779361200000,0.10401,0.10457,0.10384,0.10423,34040843.0,3548075.54346,1
BYBIT,DOGEUSDT,60,1779364800000,0.10423,0.10474,0.10402,0.10452,41762262.0,4361644.57572,1
BYBIT,DOGEUSDT,60,1779368400000,0.10452,0.1048,0.10377,0.10471,82426017.0,8596496.9475,1
BYBIT,DOGEUSDT,60,1779372000000,0.10471,0.10486,0.1038,0.10417,71144217.0,7416729.2273,1
BYBIT,DOGEUSDT,60,1779375600000,0.10417,0.10492,0.10389,0.10466,58209597.0,6083050.63275,1
BYBIT,DOGEUSDT,60,1779379200000,0.10466,0.10487,0.10419,0.10447,35817945.0,3742435.33617,1
BYBIT,DOGEUSDT,60,1779382800000,0.10447,0.1065,0.10432,0.10616,158835719.0,16789104.94908,1
BYBIT,DOGEUSDT,60,1779386400000,0.10616,0.10631,0.1049,0.10545,73065114.0,7726783.30593,1
BYBIT,DOGEUSDT,60,1779390000000,0.10545,0.10593,0.10535,0.10573,49083688.0,5187010.12218,1
BYBIT,DOGEUSDT,60,1779393600000,0.10573,0.10608,0.10554,0.10561,18555255.0,1963602.45807,1
BYBIT,DOGEUSDT,60,1779397200000,0.10561,0.10573,0.10531,0.10546,21946953.0,2316199.62814,1
BYBIT,DOGEUSDT,60,1779400800000,0.10546,0.10554,0.10516,0.10537,15175126.0,1598919.04994,1
BYBIT,DOGEUSDT,60,1779404400000,0.10537,0.10568,0.10511,0.10561,19708644.0,2078085.29763,1
BYBIT,DOGEUSDT,60,1779408000000,0.10561,0.10565,0.10509,0.10509,15758239.0,1660230.31455,1
BYBIT,DOGEUSDT,60,1779411600000,0.10509,0.10599,0.10494,0.10596,44004484.0,4643904.82847,1
BYBIT,DOGEUSDT,60,1779415200000,0.10596,0.10623,0.10572,0.10593,40520489.0,4292506.04735,1
BYBIT,DOGEUSDT,60,1779418800000,0.10593,0.10618,0.10569,0.10585,19455724.0,2060973.09094,1
BYBIT,DOGEUSDT,60,1779422400000,0.10585,0.10614,0.10563,0.10571,11571132.0,1224901.67703,1
BYBIT,DOGEUSDT,60,1779426000000,0.10571,0.10609,0.10547,0.10557,21876385.0,2313492.95139,1
BYBIT,DOGEUSDT,60,1779429600000,0.10557,0.10568,0.10513,0.10522,24471988.0,2578266.40778,1
BYBIT,DOGEUSDT,60,1779433200000,0.10522,0.10579,0.10485,0.10553,37220968.0,3919359.2807,1
BYBIT,DOGEUSDT,60,1779436800000,0.10553,0.10594,0.10539,0.10575,47759144.0,5049953.69039,1
BYBIT,DOGEUSDT,60,1779440400000,0.10575,0.10601,0.10549,0.1057,24448787.0,2585697.38819,1
BYBIT,DOGEUSDT,60,1779444000000,0.1057,0.10585,0.10546,0.10578,12144636.0,1283530.43864,1
BYBIT,DOGEUSDT,60,1779447600000,0.10578,0.10644,0.10554,0.10638,44043920.0,4670449.77921,1
BYBIT,DOGEUSDT,60,1779451200000,0.10638,0.10675,0.1061,0.10658,59615245.0,6343346.48281,1
BYBIT,DOGEUSDT,60,1779454800000,0.10658,0.10668,0.10595,0.10647,53844133.0,5726656.13354,1
BYBIT,DOGEUSDT,60,1779458400000,0.10647,0.10647,0.10516,0.1054,72521022.0,7664189.76866,1
BYBIT,DOGEUSDT,60,1779462000000,0.1054,0.10633,0.10513,0.10602,55238449.0,5842025.41049,1
BYBIT,DOGEUSDT,60,1779465600000,0.10602,0.10633,0.10561,0.10598,28576562.0,3028542.18722,1
BYBIT,DOGEUSDT,60,1779469200000,0.10598,0.10622,0.10537,0.1054,50341780.0,5326332.35288,1
BYBIT,DOGEUSDT,60,1779472800000,0.1054,0.10548,0.10312,0.1042,240994259.0,25130653.33972,1
BYBIT,DOGEUSDT,60,1779476400000,0.1042,0.10443,0.10262,0.1034,189014038.0,19523353.54766,1
BYBIT,DOGEUSDT,60,1779480000000,0.1034,0.10406,0.10338,0.10393,83319764.0,8637898.62007,1
BYBIT,DOGEUSDT,60,1779483600000,0.10393,0.10432,0.10385,0.10424,40918794.0,4256635.05903,1
BYBIT,DOGEUSDT,60,1779487200000,0.10424,0.10429,0.10315,0.10344,35216271.0,3647245.94224,1
BYBIT,DOGEUSDT,60,1779490800000,0.10344,0.10374,0.10149,0.10228,151420653.0,15503061.18472,1
BYBIT,DOGEUSDT,60,1779494400000,0.10228,0.10232,0.10064,0.10128,178486727.0,18098458.09249,1
BYBIT,DOGEUSDT,60,1779498000000,0.10128,0.1018,0.10128,0.10173,41108606.0,4176797.912,1
BYBIT,DOGEUSDT,60,1779501600000,0.10173,0.10179,0.10145,0.10169,22110339.0,2246853.04856,1
BYBIT,DOGEUSDT,60,1779505200000,0.10169,0.10186,0.10158,0.10163,11134973.0,1132574.22379,1
BYBIT,DOGEUSDT,60,1779508800000,0.10163,0.1017,0.1013,0.10145,18072029.0,1833997.27,1
BYBIT,DOGEUSDT,60,1779512400000,0.10145,0.10162,0.1011,0.10119,89132210.0,9035409.60794,1
BYBIT,DOGEUSDT,60,1779516000000,0.10119,0.10127,0.10032,0.10083,82367790.0,8298119.50406,1
BYBIT,DOGEUSDT,60,1779519600000,0.10083,0.10096,0.09692,0.09883,507754909.0,50112735.04743,1
BYBIT,DOGEUSDT,60,1779523200000,0.09883,0.09974,0.09871,0.09963,138343340.0,13739402.49423,1
BYBIT,DOGEUSDT,60,1779526800000,0.09963,0.0998,0.09909,0.09934,129028521.0,12829723.61679,1
BYBIT,DOGEUSDT,60,1779530400000,0.09934,0.09965,0.09929,0.09944,23227673.0,2310132.03231,1
BYBIT,DOGEUSDT,60,1779534000000,0.09944,0.09963,0.09919,0.0992,18522084.0,1841479.34523,1
BYBIT,DOGEUSDT,60,1779537600000,0.0992,0.09921,0.09886,0.09909,29259637.0,2898517.06951,1
BYBIT,DOGEUSDT,60,1779541200000,0.09909,0.10058,0.09909,0.10048,84624587.0,8464805.21056,1
BYBIT,DOGEUSDT,60,1779544800000,0.10048,0.1011,0.10013,0.10098,75068285.0,7550639.61945,1
BYBIT,DOGEUSDT,60,1779548400000,0.10098,0.10196,0.10083,0.10105,126616757.0,12831874.4434,1
BYBIT,DOGEUSDT,60,1779552000000,0.10105,0.10141,0.10071,0.10111,82192346.0,8309668.41332,1
BYBIT,DOGEUSDT,60,1779555600000,0.10111,0.10135,0.10094,0.10127,15328010.0,1550909.72524,1
BYBIT,DOGEUSDT,60,1779559200000,0.10127,0.10273,0.10123,0.10228,129740705.0,13254378.20994,1
BYBIT,DOGEUSDT,60,1779562800000,0.10228,0.10263,0.10207,0.10252,34867140.0,3566929.20178,1
BYBIT,DOGEUSDT,60,1779566400000,0.10252,0.10481,0.10221,0.10479,154821334.0,16051766.81366,1
BYBIT,DOGEUSDT,60,1779570000000,0.10479,0.10502,0.10315,0.10359,93485968.0,9725271.59426,1
BYBIT,DOGEUSDT,60,1779573600000,0.10359,0.10392,0.10244,0.10294,74402437.0,7658050.6549,1
BYBIT,DOGEUSDT,60,1779577200000,0.10294,0.10328,0.10281,0.10304,55672991.0,5738001.54881,1
BYBIT,DOGEUSDT,60,1779580800000,0.10304,0.10332,0.10272,0.10311,37277788.0,3839749.26574,1
BYBIT,DOGEUSDT,60,1779584400000,0.10311,0.10335,0.10304,0.10323,21252475.0,2192919.013,1
BYBIT,DOGEUSDT,60,1779588000000,0.10323,0.10333,0.10278,0.10312,22044798.0,2271177.70099,1
BYBIT,DOGEUSDT,60,1779591600000,0.10312,0.10327,0.10269,0.10294,19321241.0,1989249.137,1
BYBIT,DOGEUSDT,60,1779595200000,0.10294,0.10324,0.10288,0.10306,14452988.0,1489601.71437,1
BYBIT,DOGEUSDT,60,1779598800000,0.10306,0.10306,0.10227,0.10284,74683311.0,7659445.53288,1
BYBIT,DOGEUSDT,60,1779602400000,0.10284,0.10316,0.10265,0.10308,17791752.0,1831187.33928,1
BYBIT,DOGEUSDT,60,1779606000000,0.10308,0.10319,0.10278,0.10282,21504392.0,2214124.09922,1
BYBIT,DOGEUSDT,60,1779609600000,0.10282,0.1029,0.1026,0.10282,19408787.0,1994714.30831,1
BYBIT,DOGEUSDT,60,1779613200000,0.10282,0.10325,0.10271,0.10322,41170494.0,4238592.73856,1
BYBIT,DOGEUSDT,60,1779616800000,0.10322,0.10385,0.10284,0.10301,69021633.0,7128459.01691,1
BYBIT,DOGEUSDT,60,1779620400000,0.10301,0.10361,0.10293,0.10326,116935999.0,12075611.27507,1
BYBIT,DOGEUSDT,60,1779624000000,0.10326,0.10329,0.10273,0.1029,24706443.0,2545049.98528,1
BYBIT,DOGEUSDT,60,1779627600000,0.1029,0.10326,0.10256,0.10286,32723176.0,3369064.55907,1
BYBIT,DOGEUSDT,60,1779631200000,0.10286,0.10292,0.10103,0.10207,197757148.0,20164826.36736,1
BYBIT,DOGEUSDT,60,1779634800000,0.10207,0.10218,0.10179,0.10189,15972173.0,1628727.15581,1
BYBIT,DOGEUSDT,60,1779638400000,0.10189,0.10249,0.10183,0.10222,64805879.0,6624002.9534,1
BYBIT,DOGEUSDT,60,1779642000000,0.10222,0.10245,0.10204,0.1023,7685211.0,785750.64667,1
BYBIT,DOGEUSDT,60,1779645600000,0.1023,0.1024,0.10185,0.10193,32829165.0,3350307.72549,1
BYBIT,DOGEUSDT,60,1779649200000,0.10193,0.10211,0.10174,0.10204,9171665.0,934676.85442,1
BYBIT,DOGEUSDT,60,1779652800000,0.10204,0.10211,0.10162,0.10173,25886002.0,2635403.11399,1
BYBIT,DOGEUSDT,60,1779656400000,0.10173,0.10196,0.10047,0.10061,86752236.0,8776799.17967,1
BYBIT,DOGEUSDT,60,1779660000000,0.10061,0.10205,0.1006,0.10164,83619963.0,8498147.57669,1
BYBIT,DOGEUSDT,60,1779663600000,0.10164,0.10246,0.10164,0.10221,22632716.0,2312341.47063,1
BYBIT,DOGEUSDT,60,1779667200000,0.10221,0.10278,0.1022,0.10249,33657684.0,3449513.35579,1
BYBIT,DOGEUSDT,60,1779670800000,0.10249,0.10261,0.10167,0.10175,25032247.0,2560846.47456,1
BYBIT,DOGEUSDT,60,1779674400000,0.10175,0.10259,0.10175,0.10212,26809378.0,2741423.30625,1
BYBIT,DOGEUSDT,60,1779678000000,0.10212,0.10226,0.10166,0.10194,22725320.0,2315788.63813,1
BYBIT,DOGEUSDT,60,1779681600000,0.10194,0.1027,0.10173,0.10252,41545187.0,4248904.29544,1
BYBIT,DOGEUSDT,60,1779685200000,0.10252,0.10305,0.10246,0.10293,41010651.0,4214617.07671,1
BYBIT,DOGEUSDT,60,1779688800000,0.10293,0.10313,0.10239,0.10291,18668248.0,1919014.1806,1
BYBIT,DOGEUSDT,60,1779692400000,0.10291,0.10326,0.10243,0.10277,31012485.0,3187723.41177,1
BYBIT,DOGEUSDT,60,1779696000000,0.10277,0.10281,0.10253,0.10271,14095557.0,1447390.88002,1
BYBIT,DOGEUSDT,60,1779699600000,0.10271,0.10285,0.10229,0.10263,72125242.0,7398511.52718,1
BYBIT,DOGEUSDT,60,1779703200000,0.10263,0.10296,0.10257,0.10288,15784958.0,1623007.34641,1
BYBIT,DOGEUSDT,60,1779706800000,0.10288,0.10301,0.10261,0.10282,26762361.0,2751790.88849,1
BYBIT,DOGEUSDT,60,1779710400000,0.10282,0.10308,0.10262,0.10276,21470549.0,2208227.05972,1
BYBIT,DOGEUSDT,60,1779714000000,0.10276,0.10288,0.10265,0.10286,11287638.0,1159931.2328,1
BYBIT,DOGEUSDT,60,1779717600000,0.10286,0.10326,0.10286,0.10318,38859721.0,4004955.55154,1
BYBIT,DOGEUSDT,60,1779721200000,0.10318,0.10357,0.10277,0.10295,52876594.0,5453353.4227,1
BYBIT,DOGEUSDT,60,1779724800000,0.10295,0.10376,0.10277,0.10343,29463310.0,3042505.72074,1
BYBIT,DOGEUSDT,60,1779728400000,0.10343,0.10357,0.10311,0.10321,20088843.0,2076269.70513,1
BYBIT,DOGEUSDT,60,1779732000000,0.10321,0.10347,0.10298,0.10305,12363142.0,1275700.69928,1
BYBIT,DOGEUSDT,60,1779735600000,0.10305,0.10307,0.10262,0.10273,18276607.0,1878552.07899,1
BYBIT,DOGEUSDT,60,1779739200000,0.10273,0.10286,0.10229,0.10234,34160123.0,3500392.57715,1
BYBIT,DOGEUSDT,60,1779742800000,0.10234,0.1026,0.10211,0.10229,14999206.0,1535198.28686,1
BYBIT,DOGEUSDT,60,1779746400000,0.10229,0.10243,0.10164,0.10168,55360107.0,5644384.47459,1
BYBIT,DOGEUSDT,60,1779750000000,0.10168,0.10224,0.1016,0.10209,26019090.0,2654617.86397,1
BYBIT,DOGEUSDT,60,1779753600000,0.10209,0.10214,0.10065,0.10125,79899576.0,8093945.19329,1
BYBIT,DOGEUSDT,60,1779757200000,0.10125,0.10131,0.10035,0.10062,43518470.0,4383264.89076,1
BYBIT,DOGEUSDT,60,1779760800000,0.10062,0.10092,0.10045,0.10085,26879117.0,2707174.59723,1
BYBIT,DOGEUSDT,60,1779764400000,0.10085,0.10105,0.10047,0.10104,15704738.0,1583643.1349,1
BYBIT,DOGEUSDT,60,1779768000000,0.10104,0.10143,0.10091,0.1013,15686846.0,1587171.79329,1
BYBIT,DOGEUSDT,60,1779771600000,0.1013,0.10208,0.10118,0.10173,25313928.0,2574374.553,1
BYBIT,DOGEUSDT,60,1779775200000,0.10173,0.10174,0.10126,0.10153,20748312.0,2105882.91308,1
BYBIT,DOGEUSDT,60,1779778800000,0.10153,0.10157,0.10084,0.10111,30173762.0,3049883.27562,1
BYBIT,DOGEUSDT,60,1779782400000,0.10111,0.10133,0.10094,0.1012,13100123.0,1324962.22218,1
BYBIT,DOGEUSDT,60,1779786000000,0.1012,0.10142,0.10101,0.10112,20741997.0,2099157.03407,1
BYBIT,DOGEUSDT,60,1779789600000,0.10112,0.10252,0.10095,0.10229,76744907.0,7830534.1408,1
BYBIT,DOGEUSDT,60,1779793200000,0.10229,0.10252,0.10208,0.10237,40257171.0,4118458.49195,1
BYBIT,DOGEUSDT,60,1779796800000,0.10237,0.10272,0.10211,0.10266,66839678.0,6850845.87507,1
BYBIT,DOGEUSDT,60,1779800400000,0.10266,0.10299,0.1018,0.10272,77549112.0,7948186.61498,1
BYBIT,DOGEUSDT,60,1779804000000,0.10272,0.10381,0.10231,0.10281,107824095.0,11107293.24755,1
BYBIT,DOGEUSDT,60,1779807600000,0.10281,0.10297,0.1013,0.10197,97845504.0,9988847.65527,1
BYBIT,DOGEUSDT,60,1779811200000,0.10197,0.10206,0.10108,0.10142,63645300.0,6466102.54779,1
BYBIT,DOGEUSDT,60,1779814800000,0.10142,0.10167,0.10007,0.10097,96601685.0,9725070.84114,1
BYBIT,DOGEUSDT,60,1779818400000,0.10097,0.10142,0.10062,0.10078,20103633.0,2031167.69104,1
BYBIT,DOGEUSDT,60,1779822000000,0.10078,0.10127,0.1004,0.10105,22602960.0,2277539.41733,1
BYBIT,DOGEUSDT,60,1779825600000,0.10105,0.10134,0.10094,0.10114,14046482.0,1420082.84618,1
BYBIT,DOGEUSDT,60,1779829200000,0.10114,0.10119,0.10052,0.10071,15512985.0,1564317.03974,1
BYBIT,DOGEUSDT,60,1779832800000,0.10071,0.10117,0.10058,0.10088,16319119.0,1646682.13833,1
BYBIT,DOGEUSDT,60,1779836400000,0.10088,0.10125,0.10087,0.10098,9575880.0,967906.84068,1
BYBIT,DOGEUSDT,60,1779840000000,0.10098,0.10181,0.10095,0.10179,25041910.0,2540186.88196,1
BYBIT,DOGEUSDT,60,1779843600000,0.10179,0.10183,0.10131,0.1015,13467501.0,1368179.92336,1
BYBIT,DOGEUSDT,60,1779847200000,0.1015,0.10153,0.10107,0.10152,13797698.0,1397109.47076,1
BYBIT,DOGEUSDT,60,1779850800000,0.10152,0.10169,0.10095,0.10116,18488591.0,1873068.36107,1
BYBIT,DOGEUSDT,60,1779854400000,0.10116,0.10163,0.10017,0.10152,100327622.0,10113177.04753,1
BYBIT,DOGEUSDT,60,1779858000000,0.10152,0.10172,0.1013,0.10165,17579708.0,1784980.89054,1
BYBIT,DOGEUSDT,60,1779861600000,0.10165,0.10225,0.10137,0.10217,25615094.0,2607488.5289,1
BYBIT,DOGEUSDT,60,1779865200000,0.10217,0.1023,0.10187,0.10213,17720127.0,1808865.61257,1
BYBIT,DOGEUSDT,60,1779868800000,0.10213,0.1025,0.10192,0.10209,32031634.0,3274032.69408,1
BYBIT,DOGEUSDT,60,1779872400000,0.10209,0.10217,0.10157,0.10188,31453457.0,3204422.10508,1
BYBIT,DOGEUSDT,60,1779876000000,0.10188,0.10215,0.10155,0.10166,15753170.0,1604088.83479,1
BYBIT,DOGEUSDT,60,1779879600000,0.10166,0.10193,0.10159,0.10166,20949331.0,2131723.60331,1
BYBIT,DOGEUSDT,60,1779883200000,0.10166,0.10239,0.10114,0.10201,76550933.0,7791926.40983,1
BYBIT,DOGEUSDT,60,1779886800000,0.10201,0.10211,0.10066,0.10134,83462448.0,8456438.25068,1
BYBIT,DOGEUSDT,60,1779890400000,0.10134,0.10189,0.1008,0.10154,95800857.0,9707680.10321,1
BYBIT,DOGEUSDT,60,1779894000000,0.10154,0.10329,0.10147,0.10251,132854068.0,13637677.07277,1
BYBIT,DOGEUSDT,60,1779897600000,0.10251,0.1028,0.10152,0.10196,81863059.0,8362254.17108,1
BYBIT,DOGEUSDT,60,1779901200000,0.10196,0.102,0.10093,0.10117,58828775.0,5959067.18465,1
BYBIT,DOGEUSDT,60,1779904800000,0.10117,0.1018,0.1009,0.10174,43453027.0,4399638.69627,1
BYBIT,DOGEUSDT,60,1779908400000,0.10174,0.10224,0.10168,0.10212,33820145.0,3449040.81953,1
BYBIT,DOGEUSDT,60,1779912000000,0.10212,0.10235,0.10182,0.10208,23788348.0,2428522.05583,1
BYBIT,DOGEUSDT,60,1779915600000,0.10208,0.10208,0.09916,0.10033,153911910.0,15430218.88505,1
BYBIT,DOGEUSDT,60,1779919200000,0.10033,0.10091,0.10005,0.10035,74239464.0,7459396.93805,1
BYBIT,DOGEUSDT,60,1779922800000,0.10035,0.10068,0.09992,0.10043,36278212.0,3639838.82066,1
BYBIT,DOGEUSDT,60,1779926400000,0.10043,0.10077,0.10029,0.10048,20903139.0,2101872.92547,1
BYBIT,DOGEUSDT,60,1779930000000,0.10048,0.10058,0.0998,0.10046,49310882.0,4938672.56051,1
BYBIT,DOGEUSDT,60,1779933600000,0.10046,0.10059,0.10008,0.10017,17993984.0,1805274.0799,1
BYBIT,DOGEUSDT,60,1779937200000,0.10017,0.10019,0.09794,0.09818,272008003.0,26871458.43159,1
BYBIT,DOGEUSDT,60,1779940800000,0.09818,0.09828,0.09705,0.09816,153382303.0,14978932.30442,1
BYBIT,DOGEUSDT,60,1779944400000,0.09816,0.09825,0.09707,0.09747,52415084.0,5111734.94121,1
BYBIT,DOGEUSDT,60,1779948000000,0.09747,0.09809,0.09735,0.09793,40173304.0,3925557.92938,1
BYBIT,DOGEUSDT,60,1779951600000,0.09793,0.09875,0.09774,0.09866,58364928.0,5743245.14461,1
BYBIT,DOGEUSDT,60,1779955200000,0.09866,0.09868,0.09803,0.09822,32347080.0,3181808.96276,1
BYBIT,DOGEUSDT,60,1779958800000,0.09822,0.09873,0.09822,0.09865,22490110.0,2216323.05284,1
BYBIT,DOGEUSDT,60,1779962400000,0.09865,0.0988,0.09804,0.09805,25881244.0,2546183.0237,1
BYBIT,DOGEUSDT,60,1779966000000,0.09805,0.09816,0.09772,0.09802,39290858.0,3849605.06516,1
BYBIT,DOGEUSDT,60,1779969600000,0.09802,0.09808,0.09736,0.09803,43078725.0,4210336.74129,1
BYBIT,DOGEUSDT,60,1779973200000,0.09803,0.09834,0.09731,0.09771,79683650.0,7784234.40748,1
BYBIT,DOGEUSDT,60,1779976800000,0.09771,0.09867,0.09638,0.09824,261127742.0,25501043.2144,1
BYBIT,DOGEUSDT,60,1779980400000,0.09824,0.09865,0.09751,0.09841,65415171.0,6424465.709,1
BYBIT,DOGEUSDT,60,1779984000000,0.09841,0.0994,0.09791,0.0994,73594125.0,7280636.58652,1
BYBIT,DOGEUSDT,60,1779987600000,0.0994,0.10038,0.09914,0.0999,92820170.0,9266859.15156,1
BYBIT,DOGEUSDT,60,1779991200000,0.0999,0.10047,0.09987,0.10017,40097657.0,4019159.01118,1
BYBIT,DOGEUSDT,60,1779994800000,0.10017,0.10019,0.09944,0.09948,30548547.0,3051347.49651,1
BYBIT,DOGEUSDT,60,1779998400000,0.09948,0.10005,0.09907,0.09973,57536036.0,5735807.11007,1
BYBIT,DOGEUSDT,60,1780002000000,0.09973,0.10051,0.09966,0.09998,87601245.0,8773251.55614,1
BYBIT,DOGEUSDT,60,1780005600000,0.09998,0.1002,0.09927,0.09947,47024810.0,4682208.90745,1
BYBIT,DOGEUSDT,60,1780009200000,0.09947,0.09982,0.09939,0.09954,21969976.0,2188157.41969,1
BYBIT,DOGEUSDT,60,1780012800000,0.09954,0.10008,0.09953,0.0999,25501652.0,2546412.33072,1
BYBIT,DOGEUSDT,60,1780016400000,0.0999,0.10007,0.09933,0.09953,30673073.0,3054422.79771,1
BYBIT,DOGEUSDT,60,1780020000000,0.09953,0.09969,0.09881,0.09894,34405519.0,3410497.1892,1
BYBIT,DOGEUSDT,60,1780023600000,0.09894,0.09955,0.09894,0.09905,24351278.0,2415474.75989,1
BYBIT,DOGEUSDT,60,1780027200000,0.09905,0.09923,0.0986,0.09922,23869634.0,2360810.06831,1
BYBIT,DOGEUSDT,60,1780030800000,0.09922,0.09962,0.09915,0.09955,28344453.0,2816390.2108,1
BYBIT,DOGEUSDT,60,1780034400000,0.09955,0.09987,0.0993,0.09957,19296541.0,1921308.94568,1
BYBIT,DOGEUSDT,60,1780038000000,0.09957,0.09975,0.09905,0.09961,21412544.0,2128217.55013,1
BYBIT,DOGEUSDT,60,1780041600000,0.09961,0.0999,0.09942,0.09948,21996441.0,2191234.55059,1
BYBIT,DOGEUSDT,60,1780045200000,0.09948,0.09987,0.0994,0.09973,18493280.0,1843211.58074,1
BYBIT,DOGEUSDT,60,1780048800000,0.09973,0.09974,0.09937,0.0997,12421111.0,1236738.34179,1
BYBIT,DOGEUSDT,60,1780052400000,0.0997,0.0997,0.09866,0.09909,42942657.0,4255208.96776,1
BYBIT,DOGEUSDT,60,1780056000000,0.09909,0.09912,0.09838,0.09861,52924300.0,5223123.18944,1
BYBIT,DOGEUSDT,60,1780059600000,0.09861,0.09876,0.09796,0.09835,105447483.0,10373019.97437,1
BYBIT,DOGEUSDT,60,1780063200000,0.09835,0.09907,0.09733,0.09884,102019697.0,10008451.76088,1
BYBIT,DOGEUSDT,60,1780066800000,0.09884,0.10113,0.09872,0.10032,213174202.0,21366191.09205,1
BYBIT,DOGEUSDT,60,1780070400000,0.10032,0.10087,0.09982,0.10053,121565120.0,12205304.45746,1
BYBIT,DOGEUSDT,60,1780074000000,0.10053,0.10082,0.10016,0.10033,36799274.0,3701422.89057,1
BYBIT,DOGEUSDT,60,1780077600000,0.10033,0.10055,0.09924,0.09964,59546702.0,5936785.25814,1
BYBIT,DOGEUSDT,60,1780081200000,0.09964,0.10017,0.09913,0.10003,28832696.0,2872839.97987,1
BYBIT,DOGEUSDT,60,1780084800000,0.10003,0.10028,0.09987,0.10005,17023095.0,1703572.28867,1
BYBIT,DOGEUSDT,60,1780088400000,0.10005,0.10047,0.0995,0.09953,29370697.0,2937379.22607,1
BYBIT,DOGEUSDT,60,1780092000000,0.09953,0.09989,0.09934,0.09976,18695634.0,1862208.94747,1
BYBIT,DOGEUSDT,60,1780095600000,0.09976,0.09997,0.09941,0.09965,14762868.0,1471973.89765,1
BYBIT,DOGEUSDT,60,1780099200000,0.09965,0.10016,0.09943,0.10008,33764333.0,3370264.30063,1
BYBIT,DOGEUSDT,60,1780102800000,0.10008,0.10092,0.09995,0.10091,74433941.0,7482169.31956,1
BYBIT,DOGEUSDT,60,1780106400000,0.10091,0.10156,0.1009,0.10154,55731181.0,5642612.62973,1
BYBIT,DOGEUSDT,60,1780110000000,0.10154,0.10176,0.10098,0.10108,59485466.0,6023305.21315,1
BYBIT,DOGEUSDT,60,1780113600000,0.10108,0.10131,0.10014,0.10074,75832480.0,7626472.8868,1
BYBIT,DOGEUSDT,60,1780117200000,0.10074,0.10143,0.10066,0.1014,32609412.0,3292971.06143,1
BYBIT,DOGEUSDT,60,1780120800000,0.1014,0.1017,0.10118,0.10133,21143415.0,2143272.73562,1
BYBIT,DOGEUSDT,60,1780124400000,0.10133,0.10139,0.10098,0.10126,15157206.0,1533040.61484,1
BYBIT,DOGEUSDT,60,1780128000000,0.10126,0.10127,0.10078,0.10079,20868588.0,2107300.36194,1
BYBIT,DOGEUSDT,60,1780131600000,0.10079,0.101,0.10063,0.1009,26482662.0,2669572.10075,1
BYBIT,DOGEUSDT,60,1780135200000,0.1009,0.101,0.1007,0.10077,26401266.0,2660191.44321,1
BYBIT,DOGEUSDT,60,1780138800000,0.10077,0.10089,0.1005,0.10079,9822157.0,988958.69349,1
BYBIT,DOGEUSDT,60,1780142400000,0.10079,0.10092,0.10066,0.10088,11572731.0,1166337.09119,1
BYBIT,DOGEUSDT,60,1780146000000,0.10088,0.10109,0.10066,0.10092,15622578.0,1576681.35667,1
BYBIT,DOGEUSDT,60,1780149600000,0.10092,0.10144,0.10092,0.10114,17627033.0,1783903.3017,1
BYBIT,DOGEUSDT,60,1780153200000,0.10114,0.10148,0.10104,0.10129,17225800.0,1744373.8853,1
BYBIT,DOGEUSDT,60,1780156800000,0.10129,0.10163,0.10126,0.10149,14699959.0,1491612.6079,1
BYBIT,DOGEUSDT,60,1780160400000,0.10149,0.10155,0.10112,0.10153,14596509.0,1479090.83529,1
BYBIT,DOGEUSDT,60,1780164000000,0.10153,0.10166,0.10121,0.10147,12871540.0,1305532.1924,1
BYBIT,DOGEUSDT,60,1780167600000,0.10147,0.10147,0.10118,0.10135,9693377.0,982149.66409,1
BYBIT,DOGEUSDT,60,1780171200000,0.10135,0.1015,0.10116,0.10123,21221212.0,2149668.99474,1
BYBIT,DOGEUSDT,60,1780174800000,0.10123,0.10149,0.10119,0.10125,13367749.0,1354864.09572,1
BYBIT,DOGEUSDT,60,1780178400000,0.10125,0.10125,0.10039,0.10063,28753228.0,2897324.8615,1
BYBIT,DOGEUSDT,60,1780182000000,0.10063,0.10077,0.10033,0.10054,29756928.0,2992079.79283,1
BYBIT,DOGEUSDT,60,1780185600000,0.10054,0.10088,0.10039,0.10083,24901178.0,2506182.14966,1
BYBIT,DOGEUSDT,60,1780189200000,0.10083,0.10116,0.10076,0.10082,20381535.0,2056800.9961,1
BYBIT,DOGEUSDT,60,1780192800000,0.10082,0.10138,0.10076,0.10111,14883827.0,1504174.64939,1
BYBIT,DOGEUSDT,60,1780196400000,0.10111,0.10136,0.10107,0.10128,11478742.0,1162006.00838,1
BYBIT,DOGEUSDT,60,1780200000000,0.10128,0.10132,0.10105,0.10122,11702513.0,1184227.82758,1
BYBIT,DOGEUSDT,60,1780203600000,0.10122,0.10125,0.10078,0.10091,9212834.0,930656.26643,1
BYBIT,DOGEUSDT,60,1780207200000,0.10091,0.10091,0.1007,0.10087,8168835.0,823372.9686,1
BYBIT,DOGEUSDT,60,1780210800000,0.10087,0.10087,0.10014,0.10054,26036396.0,2615575.04655,1
BYBIT,DOGEUSDT,60,1780214400000,0.10054,0.10073,0.1004,0.10059,18057902.0,1815594.39645,1
BYBIT,DOGEUSDT,60,1780218000000,0.10059,0.1008,0.10037,0.10051,11741646.0,1181376.78172,1
BYBIT,DOGEUSDT,60,1780221600000,0.10051,0.10059,0.1002,0.10059,17480925.0,1755061.35655,1
BYBIT,DOGEUSDT,60,1780225200000,0.10059,0.10098,0.10058,0.10073,17190255.0,1731969.37913,1
BYBIT,DOGEUSDT,60,1780228800000,0.10073,0.10093,0.10057,0.10084,16463966.0,1659006.38896,1
BYBIT,DOGEUSDT,60,1780232400000,0.10084,0.10117,0.10076,0.10084,18022318.0,1819582.96311,1
BYBIT,DOGEUSDT,60,1780236000000,0.10084,0.10086,0.09948,0.09997,120967828.0,12097284.07402,1
BYBIT,DOGEUSDT,60,1780239600000,0.09997,0.10034,0.09978,0.0998,22141066.0,2214052.53295,1
BYBIT,DOGEUSDT,60,1780243200000,0.0998,0.09993,0.09892,0.0993,69369168.0,6894722.77103,1
BYBIT,DOGEUSDT,60,1780246800000,0.0993,0.0995,0.09906,0.09939,25063269.0,2489101.62377,1
BYBIT,DOGEUSDT,60,1780250400000,0.09939,0.09953,0.09921,0.09944,9216342.0,916152.08167,1
BYBIT,DOGEUSDT,60,1780254000000,0.09944,0.09956,0.09908,0.09949,9219470.0,915406.70857,1
BYBIT,DOGEUSDT,60,1780257600000,0.09949,0.09989,0.09948,0.09983,20331247.0,2025029.0141,1
BYBIT,DOGEUSDT,60,1780261200000,0.09983,0.10039,0.09957,0.10025,39922321.0,3990709.63083,1
BYBIT,DOGEUSDT,60,1780264800000,0.10025,0.10061,0.09999,0.10041,30804061.0,3091690.72248,1
BYBIT,DOGEUSDT,60,1780268400000,0.10041,0.10096,0.09985,0.10037,43916979.0,4407839.78621,1
BYBIT,DOGEUSDT,60,1780272000000,0.10037,0.1011,0.10024,0.10089,31676728.0,3189686.31927,1
BYBIT,DOGEUSDT,60,1780275600000,0.10089,0.10093,0.09979,0.09979,38273013.0,3837865.24132,1
BYBIT,DOGEUSDT,60,1780279200000,0.09979,0.10116,0.09964,0.10098,45205971.0,4554566.93839,1
BYBIT,DOGEUSDT,60,1780282800000,0.10098,0.10151,0.10095,0.10105,40884099.0,4137873.31852,1
BYBIT,DOGEUSDT,60,1780286400000,0.10105,0.10126,0.10005,0.10065,37141370.0,3735487.75083,1
BYBIT,DOGEUSDT,60,1780290000000,0.10065,0.10071,0.09996,0.10027,38476173.0,3863644.63009,1
BYBIT,DOGEUSDT,60,1780293600000,0.10027,0.10032,0.09967,0.1001,50109293.0,5008728.76279,1
BYBIT,DOGEUSDT,60,1780297200000,0.1001,0.10018,0.09905,0.09915,57037889.0,5677793.92984,1
BYBIT,DOGEUSDT,60,1780300800000,0.09915,0.09982,0.09902,0.09977,80958099.0,8046790.44681,1
BYBIT,DOGEUSDT,60,1780304400000,0.09977,0.10024,0.09977,0.10001,55019785.0,5498427.25797,1
BYBIT,DOGEUSDT,60,1780308000000,0.10001,0.10029,0.09972,0.10015,27441265.0,2742363.33406,1
BYBIT,DOGEUSDT,60,1780311600000,0.10015,0.10027,0.09965,0.09988,32236118.0,3221400.33208,1
BYBIT,DOGEUSDT,60,1780315200000,0.09988,0.10007,0.09916,0.09991,57513275.0,5733543.74138,1
BYBIT,DOGEUSDT,60,1780318800000,0.09991,0.10003,0.09833,0.09911,212301374.0,21064561.44023,1
BYBIT,DOGEUSDT,60,1780322400000,0.09911,0.09938,0.0985,0.09867,118511758.0,11714489.76898,1
BYBIT,DOGEUSDT,60,1780326000000,0.09867,0.09891,0.09788,0.09827,125348598.0,12336629.60331,1
BYBIT,DOGEUSDT,60,1780329600000,0.09827,0.09954,0.09772,0.09952,90105048.0,8885870.07041,1
BYBIT,DOGEUSDT,60,1780333200000,0.09952,0.10041,0.09941,0.10009,133091764.0,13304054.53721,1
BYBIT,DOGEUSDT,60,1780336800000,0.10009,0.10035,0.09971,0.09988,34343647.0,3435592.03335,1
BYBIT,DOGEUSDT,60,1780340400000,0.09988,0.10058,0.09971,0.10056,38084126.0,3814227.6676,1
BYBIT,DOGEUSDT,60,1780344000000,0.10056,0.10077,0.10027,0.10058,22508277.0,2263714.50746,1
BYBIT,DOGEUSDT,60,1780347600000,0.10058,0.10058,0.09972,0.09985,37412407.0,3742427.68757,1
BYBIT,DOGEUSDT,60,1780351200000,0.09985,0.1009,0.09948,0.10079,51536540.0,5170414.98552,1
BYBIT,DOGEUSDT,60,1780354800000,0.10079,0.10106,0.10042,0.10104,45261992.0,4565306.32874,1
BYBIT,DOGEUSDT,60,1780358400000,0.10104,0.10118,0.10055,0.10084,38324784.0,3866633.38813,1
BYBIT,DOGEUSDT,60,1780362000000,0.10084,0.10098,0.09989,0.10008,69731560.0,7000996.28768,1
BYBIT,DOGEUSDT,60,1780365600000,0.10008,0.10081,0.09937,0.10078,54088075.0,5413234.72723,1
BYBIT,DOGEUSDT,60,1780369200000,0.10078,0.10097,0.10054,0.10088,33058641.0,3332035.48164,1
BYBIT,DOGEUSDT,60,1780372800000,0.10088,0.101,0.10017,0.10021,52539973.0,5281974.62559,1
BYBIT,DOGEUSDT,60,1780376400000,0.10021,0.10028,0.09942,0.09949,73280499.0,7313549.55768,1
BYBIT,DOGEUSDT,60,1780380000000,0.09949,0.09966,0.09883,0.09921,76610452.0,7608865.90612,1
BYBIT,DOGEUSDT,60,1780383600000,0.09921,0.09952,0.09857,0.09917,63871795.0,6320834.54003,1
BYBIT,DOGEUSDT,60,1780387200000,0.09917,0.09945,0.09898,0.09919,43377500.0,4307645.25357,1
BYBIT,DOGEUSDT,60,1780390800000,0.09919,0.09923,0.09844,0.09875,53935894.0,5326427.45302,1
BYBIT,DOGEUSDT,60,1780394400000,0.09875,0.09934,0.09859,0.0993,77973007.0,7730168.43733,1
BYBIT,DOGEUSDT,60,1780398000000,0.0993,0.0993,0.09864,0.09875,40892899.0,4045799.23552,1
BYBIT,DOGEUSDT,60,1780401600000,0.09875,0.09892,0.09838,0.0987,35061747.0,3458894.64939,1
BYBIT,DOGEUSDT,60,1780405200000,0.0987,0.09895,0.09831,0.09844,49513811.0,4885273.82054,1
BYBIT,DOGEUSDT,60,1780408800000,0.09844,0.09847,0.09529,0.09626,351912217.0,34006170.49948,1
BYBIT,DOGEUSDT,60,1780412400000,0.09626,0.09642,0.09346,0.0948,396098141.0,37634438.92667,1
BYBIT,DOGEUSDT,60,1780416000000,0.0948,0.09632,0.09454,0.09523,147733011.0,14133866.47749,1
BYBIT,DOGEUSDT,60,1780419600000,0.09523,0.09604,0.09519,0.09556,54487031.0,5210907.12729,1
BYBIT,DOGEUSDT,60,1780423200000,0.09556,0.09585,0.09396,0.09444,86844312.0,8221518.15374,1
BYBIT,DOGEUSDT,60,1780426800000,0.09444,0.09463,0.09241,0.09402,203468558.0,19006978.50069,1
BYBIT,DOGEUSDT,60,1780430400000,0.09402,0.09446,0.09328,0.09415,45657523.0,4284945.54162,1
BYBIT,DOGEUSDT,60,1780434000000,0.09415,0.09496,0.09387,0.09421,79517371.0,7509609.74432,1
BYBIT,DOGEUSDT,60,1780437600000,0.09421,0.09422,0.09168,0.09218,221885112.0,20626569.52819,1
BYBIT,DOGEUSDT,60,1780441200000,0.09218,0.09284,0.09112,0.09268,218313279.0,20091343.59732,1
BYBIT,DOGEUSDT,60,1780444800000,0.09268,0.09349,0.09249,0.09317,81334305.0,7573769.67288,1
BYBIT,DOGEUSDT,60,1780448400000,0.09317,0.09332,0.09231,0.0931,59069095.0,5485948.54132,1
BYBIT,DOGEUSDT,60,1780452000000,0.0931,0.09313,0.09246,0.09268,25583047.0,2373304.78124,1
BYBIT,DOGEUSDT,60,1780455600000,0.09268,0.09281,0.09077,0.0915,106621819.0,9775822.54329,1
BYBIT,DOGEUSDT,60,1780459200000,0.0915,0.09284,0.0915,0.09284,68878198.0,6358211.93195,1
BYBIT,DOGEUSDT,60,1780462800000,0.09284,0.09419,0.09284,0.09393,105314934.0,9873131.49845,1
BYBIT,DOGEUSDT,60,1780466400000,0.09393,0.09451,0.09374,0.09387,65135903.0,6126445.64342,1
BYBIT,DOGEUSDT,60,1780470000000,0.09387,0.0945,0.09366,0.09413,28574412.0,2690704.80483,1
BYBIT,DOGEUSDT,60,1780473600000,0.09413,0.09418,0.09367,0.09392,28791697.0,2703013.47348,1
BYBIT,DOGEUSDT,60,1780477200000,0.09392,0.0942,0.0934,0.09377,41160963.0,3857786.00712,1
BYBIT,DOGEUSDT,60,1780480800000,0.09377,0.09444,0.0937,0.09424,37205476.0,3504486.09441,1
BYBIT,DOGEUSDT,60,1780484400000,0.09424,0.09448,0.09366,0.09392,47294565.0,4447258.44545,1
BYBIT,DOGEUSDT,60,1780488000000,0.09392,0.09428,0.09364,0.09406,41381603.0,3888003.0869,1
BYBIT,DOGEUSDT,60,1780491600000,0.09406,0.09434,0.09372,0.09414,28882140.0,2716744.54716,1
BYBIT,DOGEUSDT,60,1780495200000,0.09414,0.09419,0.09309,0.09366,57658502.0,5394870.26918,1
BYBIT,DOGEUSDT,60,1780498800000,0.09366,0.09382,0.09269,0.09275,85126834.0,7937594.63217,1
BYBIT,DOGEUSDT,60,1780502400000,0.09275,0.09301,0.09153,0.09236,118127475.0,10888386.13716,1
BYBIT,DOGEUSDT,60,1780506000000,0.09236,0.09305,0.09155,0.09254,80676787.0,7444937.14266,1
BYBIT,DOGEUSDT,60,1780509600000,0.09254,0.09296,0.09197,0.09282,27575928.0,2549363.05798,1
BYBIT,DOGEUSDT,60,1780513200000,0.09282,0.09292,0.09151,0.09173,97070671.0,8942036.65608,1
BYBIT,DOGEUSDT,60,1780516800000,0.09173,0.09234,0.0905,0.09108,152542454.0,13940053.98712,1
BYBIT,DOGEUSDT,60,1780520400000,0.09108,0.09306,0.09081,0.09291,85600037.0,7882142.04081,1
BYBIT,DOGEUSDT,60,1780524000000,0.09291,0.09325,0.09174,0.09205,61478604.0,5676356.90894,1
BYBIT,DOGEUSDT,60,1780527600000,0.09205,0.09207,0.09107,0.09135,49399796.0,4518572.88278,1
BYBIT,DOGEUSDT,60,1780531200000,0.09135,0.09182,0.08974,0.09063,153769137.0,13934332.87125,1
BYBIT,DOGEUSDT,60,1780534800000,0.09063,0.09105,0.08816,0.08846,236442030.0,21112504.27878,1
BYBIT,DOGEUSDT,60,1780538400000,0.08846,0.0899,0.08565,0.08932,522837622.0,45711365.79484,1
BYBIT,DOGEUSDT,60,1780542000000,0.08932,0.09147,0.08932,0.09127,95768175.0,8688208.62505,1
BYBIT,DOGEUSDT,60,1780545600000,0.09127,0.09153,0.09061,0.09072,64773250.0,5905205.5436,1
BYBIT,DOGEUSDT,60,1780549200000,0.09072,0.09072,0.08946,0.09002,111021063.0,9996182.15196,1
BYBIT,DOGEUSDT,60,1780552800000,0.09002,0.09091,0.08961,0.08974,53779437.0,4852478.90867,1
BYBIT,DOGEUSDT,60,1780556400000,0.08974,0.08983,0.08868,0.0887,91648165.0,8177108.80558,1
BYBIT,DOGEUSDT,60,1780560000000,0.0887,0.08913,0.08789,0.08873,69767844.0,6176895.86425,1
BYBIT,DOGEUSDT,60,1780563600000,0.08873,0.08874,0.08689,0.08796,122078433.0,10697174.57905,1
BYBIT,DOGEUSDT,60,1780567200000,0.08796,0.08797,0.08661,0.08699,187046760.0,16314218.9249,1
BYBIT,DOGEUSDT,60,1780570800000,0.08699,0.08804,0.08676,0.08789,118026489.0,10306518.47183,1
BYBIT,DOGEUSDT,60,1780574400000,0.08789,0.08964,0.08759,0.08949,127276560.0,11303510.72734,1
BYBIT,DOGEUSDT,60,1780578000000,0.08949,0.08956,0.08799,0.08938,132891500.0,11823757.7564,1
BYBIT,DOGEUSDT,60,1780581600000,0.08938,0.08967,0.08891,0.08929,60290340.0,5380905.69317,1
BYBIT,DOGEUSDT,60,1780585200000,0.08929,0.09014,0.08909,0.08949,63186473.0,5665133.6938,1
BYBIT,DOGEUSDT,60,1780588800000,0.08949,0.08954,0.08871,0.08917,38402841.0,3422225.94735,1
BYBIT,DOGEUSDT,60,1780592400000,0.08917,0.08957,0.0884,0.08932,76120330.0,6774995.49466,1
BYBIT,DOGEUSDT,60,1780596000000,0.08932,0.09001,0.0885,0.08945,55234378.0,4937084.28482,1
BYBIT,DOGEUSDT,60,1780599600000,0.08945,0.0898,0.08877,0.08903,37251100.0,3325087.46237,1
BYBIT,DOGEUSDT,60,1780603200000,0.08903,0.08908,0.08831,0.0887,30739524.0,2725273.35786,1
BYBIT,DOGEUSDT,60,1780606800000,0.0887,0.089,0.08696,0.08721,64223896.0,5646408.37358,1
BYBIT,DOGEUSDT,60,1780610400000,0.08721,0.08816,0.08691,0.08805,87821304.0,7673164.18046,1
BYBIT,DOGEUSDT,60,1780614000000,0.08805,0.0886,0.08745,0.0885,40264096.0,3547293.60572,1
BYBIT,DOGEUSDT,60,1780617600000,0.0885,0.08873,0.08767,0.08776,46743375.0,4126961.05672,1
BYBIT,DOGEUSDT,60,1780621200000,0.08776,0.08826,0.08694,0.08789,66427809.0,5820312.87187,1
BYBIT,DOGEUSDT,60,1780624800000,0.08789,0.08794,0.08605,0.08615,138445702.0,12025508.11067,1
BYBIT,DOGEUSDT,60,1780628400000,0.08615,0.08688,0.08582,0.08587,101029090.0,8705359.65524,1
BYBIT,DOGEUSDT,60,1780632000000,0.08587,0.08713,0.08564,0.08681,154757180.0,13377658.77859,1
BYBIT,DOGEUSDT,60,1780635600000,0.08681,0.08704,0.0848,0.08502,163653146.0,14036743.38752,1
BYBIT,DOGEUSDT,60,1780639200000,0.08502,0.08523,0.08193,0.0837,490434346.0,40986334.62501,1
BYBIT,DOGEUSDT,60,1780642800000,0.0837,0.08505,0.08224,0.08495,225575234.0,18876830.37169,1
BYBIT,DOGEUSDT,60,1780646400000,0.08495,0.08496,0.08327,0.08355,86532962.0,7272796.94676,1
BYBIT,DOGEUSDT,60,1780650000000,0.08355,0.08497,0.08354,0.08493,151891615.0,12793716.68973,1
BYBIT,DOGEUSDT,60,1780653600000,0.08493,0.0854,0.08441,0.08468,57363982.0,4868827.83105,1
BYBIT,DOGEUSDT,60,1780657200000,0.08468,0.08494,0.08397,0.08397,89669181.0,7573683.22048,1
BYBIT,DOGEUSDT,60,1780660800000,0.08397,0.08422,0.08281,0.08355,182304131.0,15233575.35836,1
BYBIT,DOGEUSDT,60,1780664400000,0.08355,0.08488,0.0819,0.08195,286892261.0,23995916.97384,1
BYBIT,DOGEUSDT,60,1780668000000,0.08195,0.08355,0.08128,0.08269,356010356.0,29389223.73759,1
BYBIT,DOGEUSDT,60,1780671600000,0.08269,0.08281,0.08089,0.08149,319671217.0,26093669.46466,1
BYBIT,DOGEUSDT,60,1780675200000,0.08149,0.08339,0.08017,0.08317,391302359.0,31992600.79226,1
BYBIT,DOGEUSDT,60,1780678800000,0.08317,0.08342,0.08212,0.08257,76876339.0,6354600.45514,1
BYBIT,DOGEUSDT,60,1780682400000,0.08257,0.08294,0.07962,0.07996,238820642.0,19319054.07599,1
BYBIT,DOGEUSDT,60,1780686000000,0.07996,0.0818,0.07889,0.08098,275798693.0,22096484.11849,1
BYBIT,DOGEUSDT,60,1780689600000,0.08098,0.08279,0.08004,0.08248,177592237.0,14484771.14855,1
BYBIT,DOGEUSDT,60,1780693200000,0.08248,0.0836,0.08236,0.08311,105482153.0,8753147.31881,1
BYBIT,DOGEUSDT,60,1780696800000,0.08311,0.08312,0.082,0.08276,185756319.0,15364408.33563,1
BYBIT,DOGEUSDT,60,1780700400000,0.08276,0.08312,0.08046,0.08143,132441208.0,10811391.14683,1
BYBIT,DOGEUSDT,60,1780704000000,0.08143,0.08298,0.0814,0.08273,70077641.0,5777889.53901,1
BYBIT,DOGEUSDT,60,1780707600000,0.08273,0.08294,0.08178,0.08186,47369937.0,3898580.94962,1
BYBIT,DOGEUSDT,60,1780711200000,0.08186,0.08193,0.08103,0.08142,40330284.0,3287859.43556,1
BYBIT,DOGEUSDT,60,1780714800000,0.08142,0.08142,0.08047,0.08102,59142285.0,4787119.74154,1
BYBIT,DOGEUSDT,60,1780718400000,0.08102,0.08142,0.07778,0.07854,349788211.0,27594204.92678,1
BYBIT,DOGEUSDT,60,1780722000000,0.07854,0.08079,0.07757,0.08047,287466018.0,22893664.61535,1
BYBIT,DOGEUSDT,60,1780725600000,0.08047,0.08146,0.08023,0.08032,133741041.0,10810025.78366,1
BYBIT,DOGEUSDT,60,1780729200000,0.08032,0.08176,0.08019,0.08146,118346656.0,9605151.6287,1
BYBIT,DOGEUSDT,60,1780732800000,0.08146,0.08243,0.08111,0.08221,83557960.0,6844788.11509,1
BYBIT,DOGEUSDT,60,1780736400000,0.08221,0.08253,0.08107,0.08132,81662102.0,6674863.80769,1
BYBIT,DOGEUSDT,60,1780740000000,0.08132,0.08132,0.07981,0.08052,185499640.0,14909182.60187,1
BYBIT,DOGEUSDT,60,1780743600000,0.08052,0.08154,0.08045,0.0812,79221689.0,6415835.8418,1
BYBIT,DOGEUSDT,60,1780747200000,0.0812,0.0824,0.08089,0.082,130053459.0,10619997.81121,1
BYBIT,DOGEUSDT,60,1780750800000,0.082,0.08238,0.08145,0.08181,42086221.0,3445430.54088,1
BYBIT,DOGEUSDT,60,1780754400000,0.08181,0.08256,0.08172,0.08191,91156373.0,7491625.8187,1
BYBIT,DOGEUSDT,60,1780758000000,0.08191,0.08207,0.08082,0.08162,141384927.0,11510448.02552,1
BYBIT,DOGEUSDT,60,1780761600000,0.08162,0.08202,0.08063,0.08119,83747029.0,6796403.73804,1
BYBIT,DOGEUSDT,60,1780765200000,0.08119,0.08132,0.0804,0.08058,68161055.0,5506216.27524,1
BYBIT,DOGEUSDT,60,1780768800000,0.08058,0.08128,0.08049,0.0809,40620230.0,3283580.84403,1
BYBIT,DOGEUSDT,60,1780772400000,0.0809,0.08134,0.08064,0.08065,45296563.0,3670278.17139,1
BYBIT,DOGEUSDT,60,1780776000000,0.08065,0.08094,0.08042,0.08084,40492115.0,3267503.16882,1
BYBIT,DOGEUSDT,60,1780779600000,0.08084,0.08168,0.08083,0.08114,41222970.0,3348026.49143,1
BYBIT,DOGEUSDT,60,1780783200000,0.08114,0.08159,0.08097,0.08129,50601120.0,4112782.09946,1
BYBIT,DOGEUSDT,60,1780786800000,0.08129,0.08189,0.08122,0.08187,27648102.0,2258208.17291,1
BYBIT,DOGEUSDT,60,1780790400000,0.08187,0.0821,0.0816,0.0817,34104928.0,2791619.6323,1
BYBIT,DOGEUSDT,60,1780794000000,0.0817,0.08381,0.08162,0.08346,118377384.0,9835511.71895,1
BYBIT,DOGEUSDT,60,1780797600000,0.08346,0.08364,0.08279,0.0834,45463512.0,3784319.23926,1
BYBIT,DOGEUSDT,60,1780801200000,0.0834,0.08369,0.08317,0.08348,27676124.0,2308555.78869,1
BYBIT,DOGEUSDT,60,1780804800000,0.08348,0.08391,0.0829,0.08383,52655884.0,4396057.58744,1
BYBIT,DOGEUSDT,60,1780808400000,0.08383,0.08419,0.08357,0.08384,60329056.0,5060418.02301,1
BYBIT,DOGEUSDT,60,1780812000000,0.08384,0.08481,0.08358,0.08453,75377720.0,6359524.36381,1
BYBIT,DOGEUSDT,60,1780815600000,0.08453,0.08496,0.08437,0.08489,63770447.0,5399511.98386,1
BYBIT,DOGEUSDT,60,1780819200000,0.08489,0.08564,0.08447,0.08552,90280604.0,7689244.1099,1
BYBIT,DOGEUSDT,60,1780822800000,0.08552,0.08608,0.08469,0.08475,94529090.0,8076758.87875,1
BYBIT,DOGEUSDT,60,1780826400000,0.08475,0.08484,0.0841,0.08433,41469786.0,3502906.07134,1
BYBIT,DOGEUSDT,60,1780830000000,0.08433,0.08478,0.08413,0.08454,34462827.0,2911937.19081,1
BYBIT,DOGEUSDT,60,1780833600000,0.08454,0.08461,0.08315,0.08373,122335463.0,10229881.5208,1
BYBIT,DOGEUSDT,60,1780837200000,0.08373,0.08399,0.08359,0.08381,23256107.0,1947918.68209,1
BYBIT,DOGEUSDT,60,1780840800000,0.08381,0.08494,0.08379,0.08452,70653420.0,5962241.10122,1
BYBIT,DOGEUSDT,60,1780844400000,0.08452,0.0849,0.08424,0.08462,33347783.0,2820730.82178,1
BYBIT,DOGEUSDT,60,1780848000000,0.08462,0.08493,0.08445,0.08478,21084468.0,1786516.74054,1
BYBIT,DOGEUSDT,60,1780851600000,0.08478,0.08527,0.08459,0.08479,32881562.0,2793338.58221,1
BYBIT,DOGEUSDT,60,1780855200000,0.08479,0.08492,0.08428,0.08431,23119794.0,1956402.76572,1
BYBIT,DOGEUSDT,60,1780858800000,0.08431,0.08434,0.08294,0.0833,91934913.0,7673240.80321,1
BYBIT,DOGEUSDT,60,1780862400000,0.0833,0.08428,0.08308,0.08412,40467353.0,3392778.95513,1
BYBIT,DOGEUSDT,60,1780866000000,0.08412,0.08418,0.0835,0.08398,32591614.0,2730791.74551,1
BYBIT,DOGEUSDT,60,1780869600000,0.08398,0.08754,0.08379,0.08548,492672534.0,42452636.79266,1
BYBIT,DOGEUSDT,60,1780873200000,0.08548,0.08641,0.08541,0.08624,77508926.0,6660534.84046,1
BYBIT,DOGEUSDT,60,1780876800000,0.08624,0.08678,0.08571,0.08634,76458461.0,6596212.33622,1
BYBIT,DOGEUSDT,60,1780880400000,0.08634,0.08649,0.08478,0.08565,102588923.0,8759514.45299,1
BYBIT,DOGEUSDT,60,1780884000000,0.08565,0.0859,0.08534,0.08583,69506147.0,5953105.47207,1
BYBIT,DOGEUSDT,60,1780887600000,0.08583,0.08625,0.0855,0.08586,43394578.0,3723958.55358,1
BYBIT,DOGEUSDT,60,1780891200000,0.08586,0.08595,0.08479,0.08489,64245070.0,5476188.83533,1
BYBIT,DOGEUSDT,60,1780894800000,0.08489,0.0851,0.0843,0.08475,51544650.0,4365488.93167,1
BYBIT,DOGEUSDT,60,1780898400000,0.08475,0.08536,0.08472,0.08524,35267157.0,3000227.82267,1
BYBIT,DOGEUSDT,60,1780902000000,0.08524,0.08575,0.08491,0.08561,44482565.0,3800190.52931,1
BYBIT,DOGEUSDT,60,1780905600000,0.08561,0.08562,0.08487,0.0851,40317783.0,3433439.08488,1
BYBIT,DOGEUSDT,60,1780909200000,0.0851,0.08588,0.08507,0.08588,62848898.0,5379956.67029,1
BYBIT,DOGEUSDT,60,1780912800000,0.08588,0.08599,0.08526,0.08562,68124136.0,5829401.58691,1
BYBIT,DOGEUSDT,60,1780916400000,0.08562,0.08679,0.08545,0.08635,59013526.0,5086132.47254,1
BYBIT,DOGEUSDT,60,1780920000000,0.08635,0.08697,0.08576,0.08679,92201996.0,7957351.18047,1
BYBIT,DOGEUSDT,60,1780923600000,0.08679,0.0869,0.08598,0.0863,82620113.0,7135898.93249,1
BYBIT,DOGEUSDT,60,1780927200000,0.0863,0.08678,0.0861,0.08663,43474254.0,3756140.66801,1
BYBIT,DOGEUSDT,60,1780930800000,0.08663,0.0874,0.08663,0.08692,73573259.0,6401612.25764,1
BYBIT,DOGEUSDT,60,1780934400000,0.08692,0.08749,0.08634,0.08641,64779276.0,5632722.23507,1
BYBIT,DOGEUSDT,60,1780938000000,0.08641,0.08679,0.0861,0.08679,33955096.0,2933594.52502,1
BYBIT,DOGEUSDT,60,1780941600000,0.08679,0.08722,0.08656,0.08678,24988860.0,2170571.99911,1
BYBIT,DOGEUSDT,60,1780945200000,0.08678,0.08708,0.08662,0.08676,24037923.0,2088349.25279,1
BYBIT,DOGEUSDT,60,1780948800000,0.08676,0.0868,0.08627,0.08672,25220036.0,2181526.12843,1
BYBIT,DOGEUSDT,60,1780952400000,0.08672,0.08746,0.08672,0.08701,42912012.0,3740612.57863,1
BYBIT,DOGEUSDT,60,1780956000000,0.08701,0.08706,0.08657,0.08696,59454502.0,5161571.25452,1
BYBIT,DOGEUSDT,60,1780959600000,0.08696,0.08717,0.08607,0.08629,37761467.0,3266619.169,1
BYBIT,DOGEUSDT,60,1780963200000,0.08629,0.08642,0.08456,0.08478,176152336.0,15025860.21343,1
BYBIT,DOGEUSDT,60,1780966800000,0.08478,0.08532,0.0847,0.08508,37233822.0,3164777.70725,1
BYBIT,DOGEUSDT,60,1780970400000,0.08508,0.08529,0.08447,0.08528,36237505.0,3073927.15795,1
BYBIT,DOGEUSDT,60,1780974000000,0.08528,0.08544,0.08488,0.08526,14955506.0,1274242.06839,1
BYBIT,DOGEUSDT,60,1780977600000,0.08526,0.0864,0.085,0.08611,63611810.0,5465520.3758,1
BYBIT,DOGEUSDT,60,1780981200000,0.08611,0.08671,0.0859,0.08643,17681068.0,1525534.50375,1
BYBIT,DOGEUSDT,60,1780984800000,0.08643,0.08668,0.08621,0.08629,25423299.0,2196401.00335,1
BYBIT,DOGEUSDT,60,1780988400000,0.08629,0.08661,0.08591,0.08634,46163241.0,3979691.68602,1
BYBIT,DOGEUSDT,60,1780992000000,0.08634,0.08639,0.0857,0.0858,48163259.0,4139483.57858,1
BYBIT,DOGEUSDT,60,1780995600000,0.0858,0.08599,0.08521,0.08537,35828408.0,3065218.72875,1
BYBIT,DOGEUSDT,60,1780999200000,0.08537,0.08555,0.08514,0.08545,36541403.0,3119593.92673,1
BYBIT,DOGEUSDT,60,1781002800000,0.08545,0.08554,0.08512,0.08547,26955927.0,2300185.86355,1
BYBIT,DOGEUSDT,60,1781006400000,0.08547,0.08589,0.08543,0.08581,29222840.0,2503358.27431,1
BYBIT,DOGEUSDT,60,1781010000000,0.08581,0.0861,0.08517,0.08565,56009386.0,4794771.24092,1
BYBIT,DOGEUSDT,60,1781013600000,0.08565,0.08586,0.08426,0.08497,125001386.0,10605212.01988,1
BYBIT,DOGEUSDT,60,1781017200000,0.08497,0.08527,0.08402,0.08406,104042203.0,8798733.86373,1
BYBIT,DOGEUSDT,60,1781020800000,0.08406,0.0844,0.0831,0.08428,139353513.0,11670508.31745,1
BYBIT,DOGEUSDT,60,1781024400000,0.08428,0.08543,0.08426,0.08474,68953299.0,5861357.95642,1
BYBIT,DOGEUSDT,60,1781028000000,0.08474,0.08523,0.08455,0.08485,33093372.0,2809096.24418,1
BYBIT,DOGEUSDT,60,1781031600000,0.08485,0.08533,0.08468,0.08515,30358085.0,2580049.91798,1
BYBIT,DOGEUSDT,60,1781035200000,0.08515,0.08558,0.08507,0.08551,39036877.0,3329395.51899,1
BYBIT,DOGEUSDT,60,1781038800000,0.08551,0.08566,0.0845,0.08479,40308278.0,3430909.23972,1
BYBIT,DOGEUSDT,60,1781042400000,0.08479,0.08509,0.08447,0.08448,24540069.0,2081989.39493,1
BYBIT,DOGEUSDT,60,1781046000000,0.08448,0.08489,0.0844,0.08474,28354114.0,2399090.38423,1
BYBIT,DOGEUSDT,60,1781049600000,0.08474,0.0851,0.08414,0.08502,43164134.0,3656416.31544,1
BYBIT,DOGEUSDT,60,1781053200000,0.08502,0.0851,0.08443,0.08463,24059652.0,2039184.51199,1
BYBIT,DOGEUSDT,60,1781056800000,0.08463,0.08477,0.0836,0.08375,48601311.0,4079678.94242,1
BYBIT,DOGEUSDT,60,1781060400000,0.08375,0.08421,0.08374,0.0839,13467256.0,1131373.5393,1
BYBIT,DOGEUSDT,60,1781064000000,0.0839,0.08408,0.08342,0.08356,23346588.0,1953602.80976,1
BYBIT,DOGEUSDT,60,1781067600000,0.08356,0.08369,0.08318,0.08351,15811148.0,1319184.61095,1
BYBIT,DOGEUSDT,60,1781071200000,0.08351,0.0838,0.08322,0.08359,23905099.0,1998353.59032,1
BYBIT,DOGEUSDT,60,1781074800000,0.08359,0.08432,0.08354,0.08418,30376451.0,2554331.67468,1
BYBIT,DOGEUSDT,60,1781078400000,0.08418,0.08419,0.08316,0.08337,59090503.0,4934944.39377,1
BYBIT,DOGEUSDT,60,1781082000000,0.08337,0.08361,0.08283,0.08349,66818721.0,5560262.24937,1
BYBIT,DOGEUSDT,60,1781085600000,0.08349,0.08385,0.08321,0.08365,22752349.0,1900017.40089,1
BYBIT,DOGEUSDT,60,1781089200000,0.08365,0.0837,0.08277,0.08325,92442525.0,7692405.34987,1
BYBIT,DOGEUSDT,60,1781092800000,0.08325,0.08456,0.08299,0.08386,153431989.0,12855610.94246,1
BYBIT,DOGEUSDT,60,1781096400000,0.08386,0.08515,0.08373,0.08455,112774182.0,9535532.37156,1
BYBIT,DOGEUSDT,60,1781100000000,0.08455,0.0847,0.08393,0.08448,96192228.0,8114626.04549,1
BYBIT,DOGEUSDT,60,1781103600000,0.08448,0.08541,0.08389,0.08508,181475579.0,15331668.00908,1
BYBIT,DOGEUSDT,60,1781107200000,0.08508,0.08517,0.08356,0.0841,211185102.0,17776849.66301,1
BYBIT,DOGEUSDT,60,1781110800000,0.0841,0.0845,0.0833,0.08384,158978375.0,13341413.04069,1
BYBIT,DOGEUSDT,60,1781114400000,0.08384,0.084,0.08323,0.08385,62656214.0,5238025.14605,1
BYBIT,DOGEUSDT,60,1781118000000,0.08385,0.08387,0.08294,0.0831,50900625.0,4240864.38772,1
BYBIT,DOGEUSDT,60,1781121600000,0.0831,0.08324,0.08257,0.08278,61763135.0,5121131.11474,1
BYBIT,DOGEUSDT,60,1781125200000,0.08278,0.08278,0.08175,0.0821,96617212.0,7952422.07709,1
BYBIT,DOGEUSDT,60,1781128800000,0.0821,0.08263,0.08181,0.08228,79638408.0,6546185.62633,1
BYBIT,DOGEUSDT,60,1781132400000,0.08228,0.08307,0.08208,0.0829,96362618.0,7954395.98721,1
BYBIT,DOGEUSDT,60,1781136000000,0.0829,0.0836,0.08289,0.08337,36321285.0,3028024.81019,1
BYBIT,DOGEUSDT,60,1781139600000,0.08337,0.08443,0.08336,0.08421,66972163.0,5627178.22492,1
BYBIT,DOGEUSDT,60,1781143200000,0.08421,0.0843,0.08357,0.08408,33095047.0,2776118.01868,1
BYBIT,DOGEUSDT,60,1781146800000,0.08408,0.08525,0.08386,0.08499,123977012.0,10489294.05162,1
BYBIT,DOGEUSDT,60,1781150400000,0.08499,0.08536,0.08475,0.08514,52866690.0,4495476.12769,1
BYBIT,DOGEUSDT,60,1781154000000,0.08514,0.08514,0.08472,0.08477,26584068.0,2257195.2224,1
BYBIT,DOGEUSDT,60,1781157600000,0.08477,0.08512,0.08455,0.08472,29880649.0,2535548.77082,1
BYBIT,DOGEUSDT,60,1781161200000,0.08472,0.085,0.08462,0.08482,33651443.0,2851857.15582,1
BYBIT,DOGEUSDT,60,1781164800000,0.08482,0.08546,0.08482,0.08521,29368020.0,2502200.42086,1
BYBIT,DOGEUSDT,60,1781168400000,0.08521,0.08522,0.08474,0.08506,37666624.0,3201076.2752,1
BYBIT,DOGEUSDT,60,1781172000000,0.08506,0.08518,0.08493,0.08513,23370370.0,1987742.37198,1
BYBIT,DOGEUSDT,60,1781175600000,0.08513,0.08554,0.0849,0.08526,37247738.0,3172550.98628,1
BYBIT,DOGEUSDT,60,1781179200000,0.08526,0.0853,0.08419,0.08473,128732345.0,10907277.66605,1
BYBIT,DOGEUSDT,60,1781182800000,0.08473,0.08519,0.08447,0.08494,92143634.0,7822349.23947,1
BYBIT,DOGEUSDT,60,1781186400000,0.08494,0.08542,0.0846,0.08496,72043703.0,6120918.19043,1
BYBIT,DOGEUSDT,60,1781190000000,0.08496,0.08518,0.08453,0.0849,61363549.0,5205798.04648,1
BYBIT,DOGEUSDT,60,1781193600000,0.0849,0.08511,0.08457,0.0847,29963707.0,2542043.13205,1
BYBIT,DOGEUSDT,60,1781197200000,0.0847,0.08681,0.08433,0.0867,235785430.0,20189888.03022,1
BYBIT,DOGEUSDT,60,1781200800000,0.0867,0.08697,0.08622,0.08646,98194840.0,8491956.75168,1
BYBIT,DOGEUSDT,60,1781204400000,0.08646,0.08705,0.08617,0.08646,97424807.0,8437804.1293,1
BYBIT,DOGEUSDT,60,1781208000000,0.08646,0.08659,0.08597,0.08628,43584899.0,3759022.62787,1
BYBIT,DOGEUSDT,60,1781211600000,0.08628,0.0867,0.08626,0.08639,29142933.0,2519224.71939,1
BYBIT,DOGEUSDT,60,1781215200000,0.08639,0.08666,0.08623,0.08636,25406298.0,2196425.40382,1
BYBIT,DOGEUSDT,60,1781218800000,0.08636,0.08645,0.08594,0.08603,27046286.0,2330910.91135,1
BYBIT,DOGEUSDT,60,1781222400000,0.08603,0.08617,0.08578,0.08583,24915206.0,2142150.94661,1
BYBIT,DOGEUSDT,60,1781226000000,0.08583,0.08611,0.08552,0.08585,122053049.0,10467880.35987,1
BYBIT,DOGEUSDT,60,1781229600000,0.08585,0.08658,0.08585,0.08636,91343264.0,7883381.52939,1
BYBIT,DOGEUSDT,60,1781233200000,0.08636,0.08656,0.08614,0.08656,24541840.0,2119287.13704,1
BYBIT,DOGEUSDT,60,1781236800000,0.08656,0.08716,0.08641,0.08697,62965973.0,5468215.6922,1
BYBIT,DOGEUSDT,60,1781240400000,0.08697,0.08739,0.08664,0.08673,131903482.0,11479089.27969,1
BYBIT,DOGEUSDT,60,1781244000000,0.08673,0.08704,0.08498,0.08536,223812390.0,19194659.51894,1
BYBIT,DOGEUSDT,60,1781247600000,0.08536,0.08595,0.08535,0.0859,40165420.0,3440609.77797,1
BYBIT,DOGEUSDT,60,1781251200000,0.0859,0.0867,0.08589,0.08663,45497390.0,3926181.54155,1
BYBIT,DOGEUSDT,60,1781254800000,0.08663,0.08724,0.08649,0.08696,60442822.0,5253593.6491,1
BYBIT,DOGEUSDT,60,1781258400000,0.08696,0.08703,0.08623,0.08656,63035394.0,5455126.73839,1
BYBIT,DOGEUSDT,60,1781262000000,0.08656,0.08693,0.08643,0.08691,31389968.0,2720931.38418,1
BYBIT,DOGEUSDT,60,1781265600000,0.08691,0.08725,0.08673,0.08696,41508730.0,3609102.79313,1
BYBIT,DOGEUSDT,60,1781269200000,0.08696,0.08737,0.08661,0.08696,139567751.0,12135543.64367,1
BYBIT,DOGEUSDT,60,1781272800000,0.08696,0.09243,0.0869,0.09055,954571349.0,85935996.39491,1
BYBIT,DOGEUSDT,60,1781276400000,0.09055,0.09079,0.08705,0.08739,598658003.0,53105526.35316,1
BYBIT,DOGEUSDT,60,1781280000000,0.08739,0.08873,0.08714,0.08873,243548083.0,21431769.84794,1
BYBIT,DOGEUSDT,60,1781283600000,0.08873,0.08897,0.08768,0.08782,90563125.0,7999109.88763,1
BYBIT,DOGEUSDT,60,1781287200000,0.08782,0.08804,0.0874,0.08751,48994234.0,4298246.5613,1
BYBIT,DOGEUSDT,60,1781290800000,0.08751,0.08808,0.08728,0.08738,46024911.0,4034908.09372,1
BYBIT,DOGEUSDT,60,1781294400000,0.08738,0.0878,0.08729,0.08743,39342906.0,3443002.3651,1
BYBIT,DOGEUSDT,60,1781298000000,0.08743,0.08769,0.08629,0.08665,139154395.0,12079679.51391,1
BYBIT,DOGEUSDT,60,1781301600000,0.08665,0.08679,0.08611,0.08631,68550996.0,5922586.90992,1
BYBIT,DOGEUSDT,60,1781305200000,0.08631,0.08631,0.08552,0.08593,96442533.0,8282014.98657,1
BYBIT,DOGEUSDT,60,1781308800000,0.08593,0.08614,0.08576,0.08604,37183088.0,3195289.7,1
BYBIT,DOGEUSDT,60,1781312400000,0.08604,0.08673,0.08601,0.0867,87597122.0,7564878.22271,1
BYBIT,DOGEUSDT,60,1781316000000,0.0867,0.08686,0.08618,0.08638,78260045.0,6762753.56127,1
BYBIT,DOGEUSDT,60,1781319600000,0.08638,0.08651,0.08601,0.08622,23511545.0,2027971.85884,1
BYBIT,DOGEUSDT,60,1781323200000,0.08622,0.08641,0.08596,0.08601,24461212.0,2108301.6117,1
BYBIT,DOGEUSDT,60,1781326800000,0.08601,0.08623,0.08574,0.08611,53809647.0,4626461.96076,1
BYBIT,DOGEUSDT,60,1781330400000,0.08611,0.0867,0.08601,0.08658,84931368.0,7338856.9748,1
BYBIT,DOGEUSDT,60,1781334000000,0.08658,0.08719,0.08639,0.087,111958391.0,9728471.05406,1
BYBIT,DOGEUSDT,60,1781337600000,0.087,0.08735,0.08685,0.08707,60127008.0,5235032.06121,1
BYBIT,DOGEUSDT,60,1781341200000,0.08707,0.08741,0.08697,0.0871,32112986.0,2799525.15457,1
BYBIT,DOGEUSDT,60,1781344800000,0.0871,0.08747,0.08708,0.08728,24401822.0,2130439.16434,1
BYBIT,DOGEUSDT,60,1781348400000,0.08728,0.08791,0.0872,0.0879,56474602.0,4954396.64664,1
BYBIT,DOGEUSDT,60,1781352000000,0.0879,0.08869,0.08761,0.08852,105477579.0,9290447.04614,1
BYBIT,DOGEUSDT,60,1781355600000,0.08852,0.08853,0.08795,0.08808,73507865.0,6482354.46214,1
BYBIT,DOGEUSDT,60,1781359200000,0.08808,0.0884,0.08801,0.08832,39388454.0,3474358.80072,1
BYBIT,DOGEUSDT,60,1781362800000,0.08832,0.08876,0.08822,0.08829,63397659.0,5609759.0826,1
BYBIT,DOGEUSDT,60,1781366400000,0.08829,0.08833,0.08749,0.08788,107470407.0,9445660.84954,1
BYBIT,DOGEUSDT,60,1781370000000,0.08788,0.0879,0.08733,0.08757,47906107.0,4194709.01836,1
BYBIT,DOGEUSDT,60,1781373600000,0.08757,0.08782,0.08751,0.08763,18486339.0,1620959.23019,1
BYBIT,DOGEUSDT,60,1781377200000,0.08763,0.08784,0.08746,0.08758,16859006.0,1477586.43698,1
BYBIT,DOGEUSDT,60,1781380800000,0.08758,0.08772,0.08746,0.08761,13557684.0,1187577.0761,1
BYBIT,DOGEUSDT,60,1781384400000,0.08761,0.08878,0.08757,0.08814,100567576.0,8878930.12114,1
BYBIT,DOGEUSDT,60,1781388000000,0.08814,0.08816,0.08777,0.08781,26848187.0,2360442.25828,1
BYBIT,DOGEUSDT,60,1781391600000,0.08781,0.08803,0.0877,0.08784,20490107.0,1800436.53095,1
BYBIT,DOGEUSDT,60,1781395200000,0.08784,0.0879,0.08743,0.08765,39502178.0,3460651.69976,1
BYBIT,DOGEUSDT,60,1781398800000,0.08765,0.08796,0.08755,0.08776,21376221.0,1877614.46776,1
BYBIT,DOGEUSDT,60,1781402400000,0.08776,0.08807,0.08772,0.08789,28482787.0,2502802.8639,1
BYBIT,DOGEUSDT,60,1781406000000,0.08789,0.08814,0.08777,0.08806,33112396.0,2911942.02168,1
BYBIT,DOGEUSDT,60,1781409600000,0.08806,0.0881,0.08738,0.08756,26824417.0,2351647.85984,1
BYBIT,DOGEUSDT,60,1781413200000,0.08756,0.08776,0.08723,0.08761,32536208.0,2845056.54597,1
BYBIT,DOGEUSDT,60,1781416800000,0.08761,0.08784,0.08738,0.08747,15154480.0,1327998.65206,1
BYBIT,DOGEUSDT,60,1781420400000,0.08747,0.08749,0.08697,0.08716,29196605.0,2545783.00008,1
BYBIT,DOGEUSDT,60,1781424000000,0.08716,0.08745,0.087,0.08718,39284940.0,3428757.39593,1
BYBIT,DOGEUSDT,60,1781427600000,0.08718,0.08743,0.08667,0.0874,45955749.0,4001976.31312,1
BYBIT,DOGEUSDT,60,1781431200000,0.0874,0.08748,0.08705,0.0871,17430856.0,1521472.36158,1
BYBIT,DOGEUSDT,60,1781434800000,0.0871,0.08724,0.08697,0.087,13748490.0,1197610.65122,1
BYBIT,DOGEUSDT,60,1781438400000,0.087,0.08706,0.08623,0.08653,108569940.0,9393315.13219,1
BYBIT,DOGEUSDT,60,1781442000000,0.08653,0.08666,0.08619,0.08648,38213942.0,3302516.6082,1
BYBIT,DOGEUSDT,60,1781445600000,0.08648,0.08651,0.08561,0.08598,61569914.0,5292037.54743,1
BYBIT,DOGEUSDT,60,1781449200000,0.08598,0.08629,0.08587,0.08623,40073005.0,3450939.45883,1
BYBIT,DOGEUSDT,60,1781452800000,0.08623,0.08662,0.08623,0.0864,29362423.0,2537506.89929,1
BYBIT,DOGEUSDT,60,1781456400000,0.0864,0.0866,0.08618,0.0863,32717882.0,2827436.93282,1
BYBIT,DOGEUSDT,60,1781460000000,0.0863,0.08641,0.08609,0.0863,14381456.0,1240259.15774,1
BYBIT,DOGEUSDT,60,1781463600000,0.0863,0.08658,0.08618,0.08634,7913830.0,683737.69247,1
BYBIT,DOGEUSDT,60,1781467200000,0.08634,0.0869,0.08624,0.08658,26858624.0,2327172.26454,1
BYBIT,DOGEUSDT,60,1781470800000,0.08658,0.08905,0.08655,0.08851,153605670.0,13529657.48535,1
BYBIT,DOGEUSDT,60,1781474400000,0.08851,0.08875,0.08794,0.08833,136881783.0,12091162.44099,1
BYBIT,DOGEUSDT,60,1781478000000,0.08833,0.08895,0.08806,0.08885,72576251.0,6434587.01784,1
BYBIT,DOGEUSDT,60,1781481600000,0.08885,0.08913,0.08847,0.08878,56131481.0,4985391.10227,1
BYBIT,DOGEUSDT,60,1781485200000,0.08878,0.08886,0.08821,0.08839,63723532.0,5643945.75434,1
BYBIT,DOGEUSDT,60,1781488800000,0.08839,0.08917,0.08829,0.08872,30378354.0,2695176.42759,1
BYBIT,DOGEUSDT,60,1781492400000,0.08872,0.0891,0.08863,0.08894,22371097.0,1990038.38786,1
BYBIT,DOGEUSDT,60,1781496000000,0.08894,0.089,0.08853,0.08854,26617990.0,2363955.83797,1
BYBIT,DOGEUSDT,60,1781499600000,0.08854,0.08893,0.08844,0.08869,23786117.0,2109741.82127,1
BYBIT,DOGEUSDT,60,1781503200000,0.08869,0.08896,0.08859,0.08867,18592524.0,1650266.75525,1
BYBIT,DOGEUSDT,60,1781506800000,0.08867,0.08874,0.08832,0.08848,33193021.0,2938607.83713,1
BYBIT,DOGEUSDT,60,1781510400000,0.08848,0.08889,0.0884,0.0885,28948465.0,2565546.72168,1
BYBIT,DOGEUSDT,60,1781514000000,0.0885,0.0887,0.08807,0.08856,49753714.0,4397059.62117,1
BYBIT,DOGEUSDT,60,1781517600000,0.08856,0.08943,0.08841,0.08917,89595252.0,7971009.64575,1
BYBIT,DOGEUSDT,60,1781521200000,0.08917,0.09009,0.08897,0.08967,147596865.0,13229450.19544,1
BYBIT,DOGEUSDT,60,1781524800000,0.08967,0.09018,0.08948,0.09003,82369171.0,7397090.85437,1
BYBIT,DOGEUSDT,60,1781528400000,0.09003,0.09087,0.08992,0.09027,164661233.0,14880828.50178,1
BYBIT,DOGEUSDT,60,1781532000000,0.09027,0.09029,0.08893,0.08946,267689378.0,23957196.94208,1
BYBIT,DOGEUSDT,60,1781535600000,0.08946,0.09069,0.08915,0.09062,195913355.0,17636329.10414,1
BYBIT,DOGEUSDT,60,1781539200000,0.09062,0.09064,0.08998,0.09001,85025999.0,7676201.31073,1
BYBIT,DOGEUSDT,60,1781542800000,0.09001,0.09003,0.08917,0.0896,113828628.0,10195745.79864,1
BYBIT,DOGEUSDT,60,1781546400000,0.0896,0.08966,0.08918,0.08927,54104059.0,4838258.71581,1
BYBIT,DOGEUSDT,60,1781550000000,0.08927,0.08967,0.08847,0.08892,103428285.0,9199776.14934,1
BYBIT,DOGEUSDT,60,1781553600000,0.08892,0.08919,0.08863,0.08893,43374304.0,3857037.27505,1
BYBIT,DOGEUSDT,60,1781557200000,0.08893,0.0891,0.08856,0.08876,32973986.0,2928469.94042,1
BYBIT,DOGEUSDT,60,1781560800000,0.08876,0.08891,0.08775,0.08797,141101314.0,12454829.82271,1
BYBIT,DOGEUSDT,60,1781564400000,0.08797,0.08821,0.08771,0.08807,41825993.0,3679927.89583,1
BYBIT,DOGEUSDT,60,1781568000000,0.08807,0.08826,0.08763,0.08771,41756587.0,3671313.95883,1
BYBIT,DOGEUSDT,60,1781571600000,0.08771,0.08807,0.08769,0.08782,35195473.0,3094172.31138,1
BYBIT,DOGEUSDT,60,1781575200000,0.08782,0.08793,0.08664,0.08694,135613692.0,11813879.27261,1
BYBIT,DOGEUSDT,60,1781578800000,0.08694,0.08749,0.08683,0.08742,27983247.0,2439645.64615,1
BYBIT,DOGEUSDT,60,1781582400000,0.08742,0.08753,0.08666,0.08687,29615753.0,2576358.19204,1
BYBIT,DOGEUSDT,60,1781586000000,0.08687,0.0873,0.08687,0.08722,38055490.0,3316348.5008,1
BYBIT,DOGEUSDT,60,1781589600000,0.08722,0.08765,0.08722,0.08756,24595347.0,2150743.94057,1
BYBIT,DOGEUSDT,60,1781593200000,0.08756,0.08779,0.08739,0.08779,21331026.0,1869396.6055,1
BYBIT,DOGEUSDT,60,1781596800000,0.08779,0.08902,0.08755,0.08877,110544828.0,9753289.4962,1
BYBIT,DOGEUSDT,60,1781600400000,0.08877,0.08889,0.08834,0.08849,62147638.0,5507568.11251,1
BYBIT,DOGEUSDT,60,1781604000000,0.08849,0.08862,0.0882,0.08822,43481197.0,3843900.73901,1
BYBIT,DOGEUSDT,60,1781607600000,0.08822,0.08839,0.08778,0.08814,38770747.0,3412755.43861,1
BYBIT,DOGEUSDT,60,1781611200000,0.08814,0.08887,0.08787,0.08837,67507522.0,5965845.07697,1
BYBIT,DOGEUSDT,60,1781614800000,0.08837,0.08843,0.08718,0.08739,115379319.0,10104423.1805,1
BYBIT,DOGEUSDT,60,1781618400000,0.08739,0.08773,0.08614,0.08663,172611726.0,14973689.27386,1
BYBIT,DOGEUSDT,60,1781622000000,0.08663,0.0874,0.08651,0.08715,145868967.0,12690018.28496,1
BYBIT,DOGEUSDT,60,1781625600000,0.08715,0.08727,0.08635,0.08649,57998543.0,5025092.89103,1
BYBIT,DOGEUSDT,60,1781629200000,0.08649,0.08731,0.08647,0.08722,34199622.0,2972067.16597,1
BYBIT,DOGEUSDT,60,1781632800000,0.08722,0.08783,0.08717,0.08753,43274769.0,3790165.01504,1
BYBIT,DOGEUSDT,60,1781636400000,0.08753,0.08766,0.08693,0.08723,64141896.0,5597887.73975,1
BYBIT,DOGEUSDT,60,1781640000000,0.08723,0.08776,0.08706,0.08764,69445370.0,6077427.93288,1
BYBIT,DOGEUSDT,60,1781643600000,0.08764,0.08778,0.08707,0.08743,98432404.0,8608824.28275,1
BYBIT,DOGEUSDT,60,1781647200000,0.08743,0.08765,0.08712,0.08731,33031195.0,2885448.42512,1
BYBIT,DOGEUSDT,60,1781650800000,0.08731,0.08741,0.08693,0.08712,61128263.0,5325797.43628,1
BYBIT,DOGEUSDT,60,1781654400000,0.08712,0.08745,0.08708,0.08736,28206219.0,2462256.39575,1
BYBIT,DOGEUSDT,60,1781658000000,0.08736,0.08781,0.08694,0.08773,29025211.0,2535052.11041,1
BYBIT,DOGEUSDT,60,1781661600000,0.08773,0.08807,0.08746,0.08774,36866483.0,3236624.89197,1
BYBIT,DOGEUSDT,60,1781665200000,0.08774,0.08774,0.08723,0.08742,32275951.0,2822122.65987,1
BYBIT,DOGEUSDT,60,1781668800000,0.08742,0.08781,0.0873,0.08747,10800735.0,945162.43763,1
BYBIT,DOGEUSDT,60,1781672400000,0.08747,0.08764,0.08713,0.08734,18431563.0,1611220.39432,1
BYBIT,DOGEUSDT,60,1781676000000,0.08734,0.08747,0.08668,0.08696,55965573.0,4864998.07501,1
BYBIT,DOGEUSDT,60,1781679600000,0.08696,0.08719,0.08656,0.08684,38625147.0,3353936.4704,1
BYBIT,DOGEUSDT,60,1781683200000,0.08684,0.08688,0.08568,0.08591,85045044.0,7326689.02476,1
BYBIT,DOGEUSDT,60,1781686800000,0.08591,0.0862,0.08586,0.08601,28245919.0,2429911.53308,1
BYBIT,DOGEUSDT,60,1781690400000,0.08601,0.08614,0.08584,0.08594,15578798.0,1339897.29475,1
BYBIT,DOGEUSDT,60,1781694000000,0.08594,0.08606,0.08536,0.08577,81427778.0,6976017.59207,1
BYBIT,DOGEUSDT,60,1781697600000,0.08577,0.08625,0.08543,0.08622,78638405.0,6755005.11317,1
BYBIT,DOGEUSDT,60,1781701200000,0.08622,0.08655,0.08589,0.08624,53608700.0,4624060.7341,1
BYBIT,DOGEUSDT,60,1781704800000,0.08624,0.08652,0.0856,0.08603,69305948.0,5965370.93565,1
BYBIT,DOGEUSDT,60,1781708400000,0.08603,0.08726,0.08596,0.08724,69389953.0,6018407.11708,1
BYBIT,DOGEUSDT,60,1781712000000,0.08724,0.08774,0.08699,0.08702,62160033.0,5426908.98505,1
BYBIT,DOGEUSDT,60,1781715600000,0.08702,0.08755,0.0869,0.08755,36656443.0,3195336.64177,1
BYBIT,DOGEUSDT,60,1781719200000,0.08755,0.08786,0.08581,0.08701,236427850.0,20533466.163,1
BYBIT,DOGEUSDT,60,1781722800000,0.08701,0.0872,0.08493,0.08536,203369621.0,17417818.90466,1
BYBIT,DOGEUSDT,60,1781726400000,0.08536,0.08621,0.08523,0.08617,51350752.0,4400754.58211,1
BYBIT,DOGEUSDT,60,1781730000000,0.08617,0.08622,0.08539,0.08556,49381606.0,4240168.82378,1
BYBIT,DOGEUSDT,60,1781733600000,0.08556,0.08593,0.08461,0.08579,77021288.0,6553131.62735,1
BYBIT,DOGEUSDT,60,1781737200000,0.08579,0.08613,0.08573,0.08588,18956218.0,1628882.62559,1
BYBIT,DOGEUSDT,60,1781740800000,0.08588,0.0863,0.08585,0.08617,12790544.0,1102006.66182,1
BYBIT,DOGEUSDT,60,1781744400000,0.08617,0.08653,0.08603,0.0862,14021211.0,1209856.49493,1
BYBIT,DOGEUSDT,60,1781748000000,0.0862,0.08633,0.08599,0.08615,7009787.0,604071.70981,1
BYBIT,DOGEUSDT,60,1781751600000,0.08615,0.08616,0.08498,0.08527,87550143.0,7464214.12262,1
BYBIT,DOGEUSDT,60,1781755200000,0.08527,0.08538,0.08432,0.08461,69616900.0,5891779.55641,1
BYBIT,DOGEUSDT,60,1781758800000,0.08461,0.08462,0.08388,0.08423,63387164.0,5335121.97725,1
BYBIT,DOGEUSDT,60,1781762400000,0.08423,0.08472,0.08408,0.08461,53807000.0,4540302.26439,1
BYBIT,DOGEUSDT,60,1781766000000,0.08461,0.08509,0.08438,0.0849,41666264.0,3535599.98627,1
BYBIT,DOGEUSDT,60,1781769600000,0.0849,0.08519,0.08472,0.08501,29634770.0,2518130.38905,1
BYBIT,DOGEUSDT,60,1781773200000,0.08501,0.08518,0.08483,0.08504,20452100.0,1739129.22872,1
BYBIT,DOGEUSDT,60,1781776800000,0.08504,0.08504,0.0845,0.08483,33884797.0,2871571.60218,1
BYBIT,DOGEUSDT,60,1781780400000,0.08483,0.08499,0.08426,0.08447,23398059.0,1977305.24212,1
BYBIT,DOGEUSDT,60,1781784000000,0.08447,0.08481,0.08439,0.08477,13376305.0,1132062.94678,1
BYBIT,DOGEUSDT,60,1781787600000,0.08477,0.08484,0.08351,0.08401,86035841.0,7233571.3184,1
BYBIT,DOGEUSDT,60,1781791200000,0.08401,0.08445,0.08358,0.08384,56461565.0,4739665.26753,1
BYBIT,DOGEUSDT,60,1781794800000,0.08384,0.08387,0.08178,0.08195,235115733.0,19442711.51151,1
BYBIT,DOGEUSDT,60,1781798400000,0.08195,0.0827,0.08187,0.08262,54305288.0,4474980.92615,1
BYBIT,DOGEUSDT,60,1781802000000,0.08262,0.08266,0.08195,0.08232,51289871.0,4221819.29042,1
BYBIT,DOGEUSDT,60,1781805600000,0.08232,0.08262,0.0822,0.08237,27104589.0,2233512.06523,1
BYBIT,DOGEUSDT,60,1781809200000,0.08237,0.08299,0.08231,0.08284,28416380.0,2350289.61515,1
BYBIT,DOGEUSDT,60,1781812800000,0.08284,0.08349,0.08284,0.08337,28530332.0,2374862.95742,1
BYBIT,DOGEUSDT,60,1781816400000,0.08337,0.08348,0.08304,0.08336,23275948.0,1938934.81193,1
BYBIT,DOGEUSDT,60,1781820000000,0.08336,0.08345,0.08294,0.0834,30183268.0,2512052.47448,1
BYBIT,DOGEUSDT,60,1781823600000,0.0834,0.08355,0.08308,0.08348,10507338.0,876144.7716,1
BYBIT,DOGEUSDT,60,1781827200000,0.08348,0.08374,0.08335,0.0836,15654167.0,1308447.0054,1
BYBIT,DOGEUSDT,60,1781830800000,0.0836,0.08386,0.08341,0.0838,16960123.0,1418976.59323,1
BYBIT,DOGEUSDT,60,1781834400000,0.0838,0.08391,0.08346,0.08361,19523068.0,1632724.29207,1
BYBIT,DOGEUSDT,60,1781838000000,0.08361,0.08369,0.08255,0.08284,132681289.0,10998564.91161,1
BYBIT,DOGEUSDT,60,1781841600000,0.08284,0.083,0.08197,0.08219,42576569.0,3509787.6863,1
BYBIT,DOGEUSDT,60,1781845200000,0.08219,0.08268,0.08218,0.08258,24540405.0,2021940.41854,1
BYBIT,DOGEUSDT,60,1781848800000,0.08258,0.08275,0.08241,0.08268,18025120.0,1488526.43931,1
BYBIT,DOGEUSDT,60,1781852400000,0.08268,0.0827,0.0819,0.08229,34465676.0,2834600.28656,1
BYBIT,DOGEUSDT,60,1781856000000,0.08229,0.08263,0.08224,0.08249,13437120.0,1107412.06914,1
BYBIT,DOGEUSDT,60,1781859600000,0.08249,0.08257,0.08202,0.08219,20839605.0,1714572.8808,1
BYBIT,DOGEUSDT,60,1781863200000,0.08219,0.08239,0.08201,0.08228,18802382.0,1545201.42604,1
BYBIT,DOGEUSDT,60,1781866800000,0.08228,0.08245,0.08211,0.08235,13333054.0,1096960.01706,1
BYBIT,DOGEUSDT,60,1781870400000,0.08235,0.08273,0.08182,0.08263,87124527.0,7177971.51551,1
BYBIT,DOGEUSDT,60,1781874000000,0.08263,0.08346,0.08243,0.0832,64830037.0,5377398.00471,1
BYBIT,DOGEUSDT,60,1781877600000,0.0832,0.08336,0.08291,0.08309,34672475.0,2883381.36082,1
BYBIT,DOGEUSDT,60,1781881200000,0.08309,0.08337,0.08296,0.08317,15709854.0,1306175.49272,1
BYBIT,DOGEUSDT,60,1781884800000,0.08317,0.08337,0.08281,0.08285,30032016.0,2497255.59152,1
BYBIT,DOGEUSDT,60,1781888400000,0.08285,0.08341,0.08271,0.08331,21600562.0,1794141.10043,1
BYBIT,DOGEUSDT,60,1781892000000,0.08331,0.08335,0.08289,0.08311,9168021.0,761580.19653,1
BYBIT,DOGEUSDT,60,1781895600000,0.08311,0.08312,0.08267,0.08288,13575710.0,1125342.58173,1
BYBIT,DOGEUSDT,60,1781899200000,0.08288,0.0832,0.08263,0.0832,13498116.0,1118491.00893,1
BYBIT,DOGEUSDT,60,1781902800000,0.0832,0.08327,0.08273,0.0828,15020184.0,1247919.9751,1
BYBIT,DOGEUSDT,60,1781906400000,0.0828,0.08323,0.08275,0.08319,11145830.0,925728.60078,1
BYBIT,DOGEUSDT,60,1781910000000,0.08319,0.08367,0.08306,0.08351,25535303.0,2129635.41213,1
BYBIT,DOGEUSDT,60,1781913600000,0.08351,0.08387,0.08338,0.08342,20795844.0,1739028.0132,1
BYBIT,DOGEUSDT,60,1781917200000,0.08342,0.08354,0.08324,0.08344,43677613.0,3639771.56019,1
BYBIT,DOGEUSDT,60,1781920800000,0.08344,0.0835,0.08298,0.083,18341540.0,1525522.13683,1
BYBIT,DOGEUSDT,60,1781924400000,0.083,0.0833,0.08299,0.08321,4872894.0,405133.97014,1
BYBIT,DOGEUSDT,60,1781928000000,0.08321,0.08348,0.08316,0.08347,12550853.0,1045925.30829,1
BYBIT,DOGEUSDT,60,1781931600000,0.08347,0.08417,0.08341,0.0839,49948800.0,4187642.13568,1
BYBIT,DOGEUSDT,60,1781935200000,0.0839,0.08422,0.08383,0.08414,17099234.0,1436236.88501,1
BYBIT,DOGEUSDT,60,1781938800000,0.08414,0.08427,0.08387,0.08404,27455424.0,2307344.81348,1
BYBIT,DOGEUSDT,60,1781942400000,0.08404,0.08407,0.08377,0.08391,17398673.0,1459947.91857,1
BYBIT,DOGEUSDT,60,1781946000000,0.08391,0.08425,0.08391,0.08413,12318739.0,1036153.48081,1
BYBIT,DOGEUSDT,60,1781949600000,0.08413,0.0842,0.08381,0.08389,18325624.0,1539417.2719,1
BYBIT,DOGEUSDT,60,1781953200000,0.08389,0.084,0.08372,0.08383,14561406.0,1221394.19683,1
BYBIT,DOGEUSDT,60,1781956800000,0.08383,0.08399,0.08367,0.0838,19246851.0,1613770.56478,1
BYBIT,DOGEUSDT,60,1781960400000,0.0838,0.08383,0.08317,0.08326,28382739.0,2368435.66099,1
BYBIT,DOGEUSDT,60,1781964000000,0.08326,0.0841,0.08258,0.08368,73794843.0,6152981.52706,1
BYBIT,DOGEUSDT,60,1781967600000,0.08368,0.08418,0.08349,0.08371,63236050.0,5296907.27739,1
BYBIT,DOGEUSDT,60,1781971200000,0.08371,0.08372,0.08327,0.08346,14350740.0,1198156.63552,1
BYBIT,DOGEUSDT,60,1781974800000,0.08346,0.08346,0.0828,0.08304,21946936.0,1822172.79715,1
BYBIT,DOGEUSDT,60,1781978400000,0.08304,0.08339,0.08303,0.08311,12450715.0,1036154.71917,1
BYBIT,DOGEUSDT,60,1781982000000,0.08311,0.08341,0.08309,0.08328,7461087.0,620924.09146,1
BYBIT,DOGEUSDT,60,1781985600000,0.08328,0.0834,0.0832,0.08335,11801114.0,983285.34798,1
BYBIT,DOGEUSDT,60,1781989200000,0.08335,0.08362,0.08332,0.08346,28561364.0,2383859.50209,1
BYBIT,DOGEUSDT,60,1781992800000,0.08346,0.08398,0.08336,0.0838,15838563.0,1326112.41513,1
BYBIT,DOGEUSDT,60,1781996400000,0.0838,0.08399,0.08361,0.08365,22078290.0,1850710.03191,1
BYBIT,DOGEUSDT,60,1782000000000,0.08365,0.08369,0.08351,0.08363,5789381.0,483981.03351,1
BYBIT,DOGEUSDT,60,1782003600000,0.08363,0.08367,0.08347,0.08358,10807743.0,903124.68878,1
BYBIT,DOGEUSDT,60,1782007200000,0.08358,0.08363,0.08351,0.08351,6244796.0,521911.42219,1
BYBIT,DOGEUSDT,60,1782010800000,0.08351,0.0838,0.0834,0.08364,9931525.0,830379.74318,1
BYBIT,DOGEUSDT,60,1782014400000,0.08364,0.08377,0.08323,0.08326,9763060.0,814920.27455,1
BYBIT,DOGEUSDT,60,1782018000000,0.08326,0.08338,0.08308,0.08318,13092636.0,1089954.16211,1
BYBIT,DOGEUSDT,60,1782021600000,0.08318,0.08346,0.08317,0.08337,5081894.0,423328.91376,1
BYBIT,DOGEUSDT,60,1782025200000,0.08337,0.08363,0.08326,0.08345,11511591.0,960310.63856,1
BYBIT,DOGEUSDT,60,1782028800000,0.08345,0.08353,0.08285,0.08313,24683826.0,2051393.26205,1
BYBIT,DOGEUSDT,60,1782032400000,0.08313,0.08334,0.08296,0.08332,16641854.0,1383746.44062,1
BYBIT,DOGEUSDT,60,1782036000000,0.08332,0.08352,0.08322,0.08324,27035765.0,2254391.2968,1
BYBIT,DOGEUSDT,60,1782039600000,0.08324,0.08331,0.08271,0.08299,43614217.0,3620913.20401,1
BYBIT,DOGEUSDT,60,1782043200000,0.08299,0.08335,0.08289,0.0833,19551661.0,1624746.3004,1
BYBIT,DOGEUSDT,60,1782046800000,0.0833,0.08342,0.08312,0.08341,20696149.0,1723254.30283,1
BYBIT,DOGEUSDT,60,1782050400000,0.08341,0.0835,0.08322,0.08342,12506452.0,1043057.0489,1
BYBIT,DOGEUSDT,60,1782054000000,0.08342,0.08359,0.08337,0.08338,8464699.0,706488.43142,1
BYBIT,DOGEUSDT,60,1782057600000,0.08338,0.08353,0.08309,0.08352,16024807.0,1334848.05954,1
BYBIT,DOGEUSDT,60,1782061200000,0.08352,0.08373,0.08317,0.08334,20209516.0,1686486.16513,1
BYBIT,DOGEUSDT,60,1782064800000,0.08334,0.08363,0.08311,0.08343,18261648.0,1523788.6702,1
BYBIT,DOGEUSDT,60,1782068400000,0.08343,0.08363,0.08341,0.08359,4357079.0,363893.42033,1
BYBIT,DOGEUSDT,60,1782072000000,0.08359,0.08363,0.08302,0.08312,16916081.0,1407358.0805,1
BYBIT,DOGEUSDT,60,1782075600000,0.08312,0.08316,0.08223,0.08285,81631960.0,6743574.4622,1
BYBIT,DOGEUSDT,60,1782079200000,0.08285,0.08307,0.08259,0.08286,27564110.0,2282835.58295,1
BYBIT,DOGEUSDT,60,1782082800000,0.08286,0.08286,0.08207,0.08218,25169666.0,2072170.54942,1
BYBIT,DOGEUSDT,60,1782086400000,0.08218,0.08316,0.08218,0.08309,30602434.0,2533365.92161,1
BYBIT,DOGEUSDT,60,1782090000000,0.08309,0.08423,0.08297,0.08363,54385558.0,4554566.36094,1
BYBIT,DOGEUSDT,60,1782093600000,0.08363,0.08373,0.08325,0.08325,10656584.0,890300.68403,1
BYBIT,DOGEUSDT,60,1782097200000,0.08325,0.08346,0.08277,0.08287,22712958.0,1886627.91662,1
BYBIT,DOGEUSDT,60,1782100800000,0.08287,0.0832,0.08272,0.0832,13622136.0,1130573.45084,1
BYBIT,DOGEUSDT,60,1782104400000,0.0832,0.08344,0.08314,0.0833,12571587.0,1047352.57707,1
BYBIT,DOGEUSDT,60,1782108000000,0.0833,0.0835,0.08308,0.08315,14543512.0,1210968.39406,1
BYBIT,DOGEUSDT,60,1782111600000,0.08315,0.0837,0.08311,0.08347,23179232.0,1935987.73097,1
BYBIT,DOGEUSDT,60,1782115200000,0.08347,0.08378,0.0833,0.08353,23735225.0,1983019.49016,1
BYBIT,DOGEUSDT,60,1782118800000,0.08353,0.08373,0.0835,0.08366,9119715.0,762569.35556,1
BYBIT,DOGEUSDT,60,1782122400000,0.08366,0.08395,0.08345,0.08362,15270509.0,1278015.64306,1
BYBIT,DOGEUSDT,60,1782126000000,0.08362,0.08443,0.0836,0.08418,57024798.0,4796279.40362,1
BYBIT,DOGEUSDT,60,1782129600000,0.08418,0.08465,0.08413,0.08456,44776029.0,3778798.96837,1
BYBIT,DOGEUSDT,60,1782133200000,0.08456,0.085,0.08422,0.08497,65745784.0,5564265.06177,1
BYBIT,DOGEUSDT,60,1782136800000,0.08497,0.08506,0.08365,0.08391,70712912.0,5949335.0638,1
BYBIT,DOGEUSDT,60,1782140400000,0.08391,0.0841,0.08347,0.0836,32894230.0,2757973.95759,1
BYBIT,DOGEUSDT,60,1782144000000,0.0836,0.08363,0.08306,0.08332,42847245.0,3568636.21885,1
BYBIT,DOGEUSDT,60,1782147600000,0.08332,0.08339,0.08288,0.08327,31269536.0,2600326.78276,1
BYBIT,DOGEUSDT,60,1782151200000,0.08327,0.08343,0.08273,0.08283,43815907.0,3635179.17588,1
BYBIT,DOGEUSDT,60,1782154800000,0.08283,0.08293,0.08243,0.08271,56740701.0,4695638.65736,1
BYBIT,DOGEUSDT,60,1782158400000,0.08271,0.08298,0.0826,0.0828,22410562.0,1856631.351,1
BYBIT,DOGEUSDT,60,1782162000000,0.0828,0.08283,0.08232,0.08269,24578166.0,2030267.49712,1
BYBIT,DOGEUSDT,60,1782165600000,0.08269,0.08283,0.08181,0.0822,149185620.0,12248990.58296,1
BYBIT,DOGEUSDT,60,1782169200000,0.0822,0.08249,0.08211,0.08242,34455751.0,2835132.69637,1
BYBIT,DOGEUSDT,60,1782172800000,0.08242,0.08255,0.08192,0.08254,39361549.0,3237519.60669,1
BYBIT,DOGEUSDT,60,1782176400000,0.08254,0.08267,0.08111,0.08184,166304389.0,13595187.15062,1
BYBIT,DOGEUSDT,60,1782180000000,0.08184,0.08232,0.08169,0.08223,43370781.0,3553292.51813,1
BYBIT,DOGEUSDT,60,1782183600000,0.08223,0.08224,0.0818,0.08216,42613805.0,3495095.10177,1
BYBIT,DOGEUSDT,60,1782187200000,0.08216,0.0822,0.08157,0.08163,29285629.0,2396470.8723,1
BYBIT,DOGEUSDT,60,1782190800000,0.08163,0.0818,0.08132,0.08167,56342011.0,4596172.07635,1
BYBIT,DOGEUSDT,60,1782194400000,0.08167,0.08169,0.07963,0.08021,313059548.0,25152125.48288,1
BYBIT,DOGEUSDT,60,1782198000000,0.08021,0.08039,0.07991,0.07996,31540351.0,2529472.63139,1
BYBIT,DOGEUSDT,60,1782201600000,0.07996,0.07999,0.07832,0.07906,286871947.0,22675016.06393,1
BYBIT,DOGEUSDT,60,1782205200000,0.07906,0.07923,0.07888,0.07896,31980850.0,2528457.82891,1
BYBIT,DOGEUSDT,60,1782208800000,0.07896,0.07935,0.07892,0.07906,63695691.0,5039676.51016,1
BYBIT,DOGEUSDT,60,1782212400000,0.07906,0.07956,0.07905,0.07953,38188232.0,3031258.32701,1
BYBIT,DOGEUSDT,60,1782216000000,0.07953,0.0796,0.07925,0.07938,37469958.0,2975865.47867,1
BYBIT,DOGEUSDT,60,1782219600000,0.07938,0.07978,0.07898,0.07957,130019058.0,10317212.21296,1
BYBIT,DOGEUSDT,60,1782223200000,0.07957,0.07979,0.07882,0.07894,51873988.0,4114914.45678,1
BYBIT,DOGEUSDT,60,1782226800000,0.07894,0.07899,0.0783,0.07877,98220667.0,7723247.44368,1
BYBIT,DOGEUSDT,60,1782230400000,0.07877,0.0793,0.07865,0.07885,54243452.0,4285754.35973,1
BYBIT,DOGEUSDT,60,1782234000000,0.07885,0.07905,0.07845,0.07853,28396592.0,2234873.58802,1
BYBIT,DOGEUSDT,60,1782237600000,0.07853,0.0788,0.07824,0.07853,42019993.0,3299561.85589,1
BYBIT,DOGEUSDT,60,1782241200000,0.07853,0.07873,0.07828,0.0784,48504680.0,3805593.24465,1
BYBIT,DOGEUSDT,60,1782244800000,0.0784,0.07877,0.07833,0.07846,37749811.0,2967009.75942,1
BYBIT,DOGEUSDT,60,1782248400000,0.07846,0.07873,0.07846,0.07871,24038494.0,1889293.0271,1
BYBIT,DOGEUSDT,60,1782252000000,0.07871,0.07908,0.07867,0.07892,16744349.0,1320232.63357,1
BYBIT,DOGEUSDT,60,1782255600000,0.07892,0.07907,0.07869,0.07883,10237168.0,806842.84159,1
BYBIT,DOGEUSDT,60,1782259200000,0.07883,0.07921,0.07881,0.0791,19358311.0,1529753.68496,1
BYBIT,DOGEUSDT,60,1782262800000,0.0791,0.07974,0.07888,0.07952,36164057.0,2872595.01186,1
BYBIT,DOGEUSDT,60,1782266400000,0.07952,0.07959,0.07903,0.07904,37068343.0,2938976.9391,1
BYBIT,DOGEUSDT,60,1782270000000,0.07904,0.0793,0.07875,0.07905,15144908.0,1196556.17057,1
BYBIT,DOGEUSDT,60,1782273600000,0.07905,0.07918,0.07845,0.07913,18089553.0,1426453.21105,1
BYBIT,DOGEUSDT,60,1782277200000,0.07913,0.07943,0.07906,0.07916,17908808.0,1419758.79531,1
BYBIT,DOGEUSDT,60,1782280800000,0.07916,0.0792,0.07891,0.07897,9626653.0,760729.98587,1
BYBIT,DOGEUSDT,60,1782284400000,0.07897,0.07901,0.07872,0.07882,24120401.0,1902208.47169,1
BYBIT,DOGEUSDT,60,1782288000000,0.07882,0.07916,0.07879,0.07912,18888997.0,1490886.84389,1
BYBIT,DOGEUSDT,60,1782291600000,0.07912,0.07913,0.07865,0.07891,12153177.0,957936.00211,1
BYBIT,DOGEUSDT,60,1782295200000,0.07891,0.07891,0.07845,0.07854,19497879.0,1532534.10383,1
BYBIT,DOGEUSDT,60,1782298800000,0.07854,0.07955,0.07792,0.07898,98499462.0,7753990.97108,1
BYBIT,DOGEUSDT,60,1782302400000,0.07898,0.07902,0.07851,0.07856,20702260.0,1632562.63144,1
BYBIT,DOGEUSDT,60,1782306000000,0.07856,0.0786,0.07664,0.07676,261594016.0,20244363.04167,1
BYBIT,DOGEUSDT,60,1782309600000,0.07676,0.07711,0.07642,0.07671,122897689.0,9429140.38846,1
BYBIT,DOGEUSDT,60,1782313200000,0.07671,0.07695,0.07455,0.07471,342434482.0,25796339.03392,1
BYBIT,DOGEUSDT,60,1782316800000,0.07471,0.07559,0.07357,0.07415,323885378.0,24102248.08588,1
BYBIT,DOGEUSDT,60,1782320400000,0.07415,0.0745,0.07271,0.07301,329227350.0,24164358.34307,1
BYBIT,DOGEUSDT,60,1782324000000,0.07301,0.07438,0.07284,0.07385,103794182.0,7657926.51981,1
BYBIT,DOGEUSDT,60,1782327600000,0.07385,0.07415,0.07357,0.07409,54183166.0,4004411.14272,1
BYBIT,DOGEUSDT,60,1782331200000,0.07409,0.07579,0.07393,0.07554,132652245.0,9959818.87805,1
BYBIT,DOGEUSDT,60,1782334800000,0.07554,0.07611,0.07508,0.07602,43760868.0,3305166.3829,1
BYBIT,DOGEUSDT,60,1782338400000,0.07602,0.07643,0.07576,0.07583,52812825.0,4018451.07029,1
BYBIT,DOGEUSDT,60,1782342000000,0.07583,0.07615,0.07572,0.07608,17302490.0,1314737.43878,1
BYBIT,DOGEUSDT,60,1782345600000,0.07608,0.0764,0.07598,0.07611,40813938.0,3110458.14191,1
BYBIT,DOGEUSDT,60,1782349200000,0.07611,0.07637,0.07605,0.07626,9435627.0,718843.39265,1
BYBIT,DOGEUSDT,60,1782352800000,0.07626,0.07638,0.07598,0.07616,20242400.0,1540692.2216,1
BYBIT,DOGEUSDT,60,1782356400000,0.07616,0.07626,0.07587,0.07598,55480080.0,4214623.17974,1
BYBIT,DOGEUSDT,60,1782360000000,0.07598,0.07677,0.07573,0.0767,77013462.0,5886571.78539,1
BYBIT,DOGEUSDT,60,1782363600000,0.0767,0.0775,0.07665,0.07723,107457544.0,8294754.1835,1
BYBIT,DOGEUSDT,60,1782367200000,0.07723,0.07747,0.07704,0.07726,30854219.0,2383454.67828,1
BYBIT,DOGEUSDT,60,1782370800000,0.07726,0.07733,0.07701,0.07732,31154199.0,2404580.1793,1
BYBIT,DOGEUSDT,60,1782374400000,0.07732,0.07735,0.07698,0.07703,19730209.0,1522406.18765,1
BYBIT,DOGEUSDT,60,1782378000000,0.07703,0.07713,0.07678,0.07694,16944077.0,1303363.15802,1
BYBIT,DOGEUSDT,60,1782381600000,0.07694,0.07695,0.07607,0.07615,85099338.0,6510333.00013,1
BYBIT,DOGEUSDT,60,1782385200000,0.07615,0.07628,0.0757,0.07589,41476821.0,3150841.21541,1
BYBIT,DOGEUSDT,60,1782388800000,0.07589,0.07633,0.07533,0.076,109451158.0,8305757.99503,1
BYBIT,DOGEUSDT,60,1782392400000,0.076,0.07641,0.0714,0.07171,541757969.0,39837846.63722,1
BYBIT,DOGEUSDT,60,1782396000000,0.07171,0.07453,0.0717,0.07312,574920093.0,42147570.64411,1
BYBIT,DOGEUSDT,60,1782399600000,0.07312,0.07354,0.07214,0.07339,165150348.0,12021665.35368,1
BYBIT,DOGEUSDT,60,1782403200000,0.07339,0.07418,0.07306,0.07337,114964384.0,8464754.09397,1
BYBIT,DOGEUSDT,60,1782406800000,0.07337,0.07524,0.07335,0.07491,99368107.0,7409348.12988,1
BYBIT,DOGEUSDT,60,1782410400000,0.07491,0.07496,0.07345,0.07357,81864353.0,6062112.54104,1
BYBIT,DOGEUSDT,60,1782414000000,0.07357,0.07362,0.07287,0.07334,57347839.0,4195522.98857,1
BYBIT,DOGEUSDT,60,1782417600000,0.07334,0.07403,0.07334,0.07356,55076617.0,4057058.9154,1
BYBIT,DOGEUSDT,60,1782421200000,0.07356,0.07488,0.07355,0.07487,66200255.0,4916895.03116,1
BYBIT,DOGEUSDT,60,1782424800000,0.07487,0.07497,0.07448,0.07466,34154923.0,2549778.18959,1
BYBIT,DOGEUSDT,60,1782428400000,0.07466,0.07529,0.07457,0.07486,27111551.0,2032698.64019,1
BYBIT,DOGEUSDT,60,1782432000000,0.07486,0.07508,0.07455,0.07464,27778560.0,2077238.87371,1
BYBIT,DOGEUSDT,60,1782435600000,0.07464,0.07474,0.07379,0.07398,29789242.0,2208082.21047,1
BYBIT,DOGEUSDT,60,1782439200000,0.07398,0.07402,0.07242,0.07267,143001507.0,10420270.73549,1
BYBIT,DOGEUSDT,60,1782442800000,0.07267,0.07476,0.07203,0.07463,236120635.0,17247984.19663,1
BYBIT,DOGEUSDT,60,1782446400000,0.07463,0.07479,0.0741,0.07423,58417589.0,4341930.43612,1
BYBIT,DOGEUSDT,60,1782450000000,0.07423,0.07449,0.07392,0.07439,21484002.0,1594949.33713,1
BYBIT,DOGEUSDT,60,1782453600000,0.07439,0.07522,0.07394,0.07472,107860706.0,8052158.14657,1
BYBIT,DOGEUSDT,60,1782457200000,0.07472,0.07527,0.07464,0.07507,48092918.0,3605248.33028,1
BYBIT,DOGEUSDT,60,1782460800000,0.07507,0.07514,0.07423,0.0744,51228292.0,3821960.62305,1
BYBIT,DOGEUSDT,60,1782464400000,0.0744,0.07453,0.07388,0.07397,25723776.0,1908967.35926,1
BYBIT,DOGEUSDT,60,1782468000000,0.07397,0.07412,0.07358,0.07368,30387831.0,2243237.40516,1
BYBIT,DOGEUSDT,60,1782471600000,0.07368,0.07397,0.07327,0.07343,27950855.0,2056522.95944,1
BYBIT,DOGEUSDT,60,1782475200000,0.07343,0.07423,0.07276,0.07331,134775406.0,9868876.85282,1
BYBIT,DOGEUSDT,60,1782478800000,0.07331,0.07469,0.07275,0.07467,112765855.0,8303847.32993,1
BYBIT,DOGEUSDT,60,1782482400000,0.07467,0.07486,0.0738,0.07391,61990671.0,4608333.00942,1
BYBIT,DOGEUSDT,60,1782486000000,0.07391,0.07542,0.0738,0.07496,137853500.0,10335308.05238,1
BYBIT,DOGEUSDT,60,1782489600000,0.07496,0.07559,0.07458,0.07527,122238900.0,9195598.94863,1
BYBIT,DOGEUSDT,60,1782493200000,0.07527,0.07571,0.07517,0.07555,47311402.0,3572673.50519,1
BYBIT,DOGEUSDT,60,1782496800000,0.07555,0.07577,0.07505,0.07515,26500760.0,1997053.58074,1
BYBIT,DOGEUSDT,60,1782500400000,0.07515,0.07608,0.07501,0.07552,51657711.0,3909517.94968,1
BYBIT,DOGEUSDT,60,1782504000000,0.07552,0.0761,0.07529,0.07545,48140423.0,3641077.24385,1
BYBIT,DOGEUSDT,60,1782507600000,0.07545,0.07584,0.07521,0.07543,22539822.0,1700934.50223,1
BYBIT,DOGEUSDT,60,1782511200000,0.07543,0.07569,0.07514,0.07566,20729929.0,1563072.93095,1
BYBIT,DOGEUSDT,60,1782514800000,0.07566,0.07588,0.07559,0.07574,13763180.0,1041940.92619,1
BYBIT,DOGEUSDT,60,1782518400000,0.07574,0.07597,0.07504,0.07539,162062308.0,12209036.2445,1
BYBIT,DOGEUSDT,60,1782522000000,0.07539,0.07542,0.07521,0.07537,10677103.0,804201.28715,1
BYBIT,DOGEUSDT,60,1782525600000,0.07537,0.07602,0.07534,0.07586,29771624.0,2256414.15134,1
BYBIT,DOGEUSDT,60,1782529200000,0.07586,0.07591,0.07554,0.07561,15412087.0,1166523.921,1
BYBIT,DOGEUSDT,60,1782532800000,0.07561,0.07594,0.07552,0.07557,13701437.0,1038042.14537,1
BYBIT,DOGEUSDT,60,1782536400000,0.07557,0.07574,0.07534,0.0757,17289756.0,1305903.71736,1
BYBIT,DOGEUSDT,60,1782540000000,0.0757,0.07582,0.0754,0.07566,19813849.0,1499115.01448,1
BYBIT,DOGEUSDT,60,1782543600000,0.07566,0.07584,0.07552,0.07577,11458082.0,867374.17741,1
BYBIT,DOGEUSDT,60,1782547200000,0.07577,0.07578,0.07537,0.07552,17144960.0,1295437.47369,1
BYBIT,DOGEUSDT,60,1782550800000,0.07552,0.07561,0.07524,0.07537,15325969.0,1154966.15128,1
BYBIT,DOGEUSDT,60,1782554400000,0.07537,0.0754,0.07522,0.07533,6161498.0,464047.73954,1
BYBIT,DOGEUSDT,60,1782558000000,0.07533,0.07534,0.07492,0.07528,19493888.0,1464529.5157,1
BYBIT,DOGEUSDT,60,1782561600000,0.07528,0.07558,0.07521,0.07552,13926756.0,1049636.52671,1
BYBIT,DOGEUSDT,60,1782565200000,0.07552,0.07589,0.07544,0.07576,22518480.0,1705088.05898,1
BYBIT,DOGEUSDT,60,1782568800000,0.07576,0.07602,0.07565,0.07593,26597211.0,2018085.22792,1
BYBIT,DOGEUSDT,60,1782572400000,0.07593,0.07643,0.07584,0.0762,85533903.0,6522551.08705,1
BYBIT,DOGEUSDT,60,1782576000000,0.0762,0.07632,0.0759,0.0762,72969610.0,5554920.29165,1
BYBIT,DOGEUSDT,60,1782579600000,0.0762,0.07627,0.07558,0.07562,64953970.0,4922037.41815,1
BYBIT,DOGEUSDT,60,1782583200000,0.07562,0.07566,0.07518,0.07533,105563691.0,7956101.13754,1
BYBIT,DOGEUSDT,60,1782586800000,0.07533,0.0754,0.07444,0.07472,64656021.0,4833252.82198,1
BYBIT,DOGEUSDT,60,1782590400000,0.07472,0.0749,0.07465,0.07472,11283950.0,844006.66698,1
BYBIT,DOGEUSDT,60,1782594000000,0.07472,0.07494,0.07431,0.07455,32257289.0,2409287.40787,1
BYBIT,DOGEUSDT,60,1782597600000,0.07455,0.07481,0.07404,0.07479,20759943.0,1544525.19878,1
BYBIT,DOGEUSDT,60,1782601200000,0.07479,0.07484,0.07438,0.07446,14018781.0,1044784.90104,1
BYBIT,DOGEUSDT,60,1782604800000,0.07446,0.07465,0.07443,0.07455,13639558.0,1017048.86872,1
BYBIT,DOGEUSDT,60,1782608400000,0.07455,0.0746,0.07432,0.07443,13213470.0,984148.05402,1
BYBIT,DOGEUSDT,60,1782612000000,0.07443,0.07457,0.07403,0.07412,39094594.0,2905616.39612,1
BYBIT,DOGEUSDT,60,1782615600000,0.07412,0.07444,0.07408,0.07424,7697942.0,571595.19712,1
BYBIT,DOGEUSDT,60,1782619200000,0.07424,0.07424,0.07393,0.07398,9264733.0,685893.56729,1
BYBIT,DOGEUSDT,60,1782622800000,0.07398,0.07401,0.07344,0.07383,35092340.0,2585141.55645,1
BYBIT,DOGEUSDT,60,1782626400000,0.07383,0.07386,0.07316,0.07343,57186844.0,4197359.50977,1
BYBIT,DOGEUSDT,60,1782630000000,0.07343,0.07374,0.07339,0.07373,13359714.0,983362.13834,1
BYBIT,DOGEUSDT,60,1782633600000,0.07373,0.07423,0.07362,0.07402,19922305.0,1473142.53666,1
BYBIT,DOGEUSDT,60,1782637200000,0.07402,0.07422,0.07347,0.07352,22916566.0,1692763.55444,1
BYBIT,DOGEUSDT,60,1782640800000,0.07352,0.07369,0.07326,0.07345,26266991.0,1928636.15458,1
BYBIT,DOGEUSDT,60,1782644400000,0.07345,0.07385,0.07329,0.0738,15654854.0,1151321.79864,1
BYBIT,DOGEUSDT,60,1782648000000,0.0738,0.07405,0.0734,0.07374,28520148.0,2103786.99151,1
BYBIT,DOGEUSDT,60,1782651600000,0.07374,0.07374,0.07335,0.07347,21191115.0,1558755.05494,1
BYBIT,DOGEUSDT,60,1782655200000,0.07347,0.07395,0.07346,0.07361,20697059.0,1526918.06619,1
BYBIT,DOGEUSDT,60,1782658800000,0.07361,0.07384,0.07334,0.07354,21588973.0,1588727.03621,1
BYBIT,DOGEUSDT,60,1782662400000,0.07354,0.07358,0.0729,0.07311,55356280.0,4045776.79778,1
BYBIT,DOGEUSDT,60,1782666000000,0.07311,0.07339,0.07268,0.07314,45949924.0,3350320.31681,1
BYBIT,DOGEUSDT,60,1782669600000,0.07314,0.07326,0.07293,0.07322,16710011.0,1221668.3162,1
BYBIT,DOGEUSDT,60,1782673200000,0.07322,0.07331,0.07256,0.07289,27962049.0,2037476.66992,1
BYBIT,DOGEUSDT,60,1782676800000,0.07289,0.07341,0.07284,0.07316,21884631.0,1602295.59405,1
BYBIT,DOGEUSDT,60,1782680400000,0.07316,0.0732,0.07244,0.07273,41050870.0,2990490.11525,1
BYBIT,DOGEUSDT,60,1782684000000,0.07273,0.07368,0.07212,0.07242,101213027.0,7379688.60528,1
BYBIT,DOGEUSDT,60,1782687600000,0.07242,0.07337,0.07234,0.07315,38327233.0,2793737.30409,1
BYBIT,DOGEUSDT,60,1782691200000,0.07315,0.07331,0.07214,0.07328,46551651.0,3382707.86509,1
BYBIT,DOGEUSDT,60,1782694800000,0.07328,0.0733,0.07248,0.07277,27773897.0,2022323.33608,1
BYBIT,DOGEUSDT,60,1782698400000,0.07277,0.07316,0.07184,0.07308,48897335.0,3550739.55239,1
BYBIT,DOGEUSDT,60,1782702000000,0.07308,0.07361,0.07301,0.07326,28054991.0,2057150.61471,1
BYBIT,DOGEUSDT,60,1782705600000,0.07326,0.0733,0.07227,0.07251,26296518.0,1909382.27475,1
BYBIT,DOGEUSDT,60,1782709200000,0.07251,0.07307,0.07201,0.07307,32936863.0,2385443.34134,1
BYBIT,DOGEUSDT,60,1782712800000,0.07307,0.07345,0.07298,0.07314,25907546.0,1895815.12093,1
BYBIT,DOGEUSDT,60,1782716400000,0.07314,0.07327,0.07273,0.07274,15819904.0,1154719.72848,1
BYBIT,DOGEUSDT,60,1782720000000,0.07274,0.0729,0.07219,0.07248,41677409.0,3022443.66767,1
BYBIT,DOGEUSDT,60,1782723600000,0.07248,0.07294,0.07247,0.07276,23564591.0,1713919.29177,1
BYBIT,DOGEUSDT,60,1782727200000,0.07276,0.07319,0.07276,0.07289,20355239.0,1485173.10898,1
BYBIT,DOGEUSDT,60,1782730800000,0.07289,0.0731,0.07243,0.0728,36253313.0,2637091.06923,1
BYBIT,DOGEUSDT,60,1782734400000,0.0728,0.07385,0.0724,0.07293,104796601.0,7682538.43981,1
BYBIT,DOGEUSDT,60,1782738000000,0.07293,0.07347,0.0722,0.07269,84530989.0,6145421.40114,1
BYBIT,DOGEUSDT,60,1782741600000,0.07269,0.07289,0.07197,0.07258,100682206.0,7284296.86428,1
BYBIT,DOGEUSDT,60,1782745200000,0.07258,0.07296,0.07193,0.07278,52213194.0,3786838.62451,1
BYBIT,DOGEUSDT,60,1782748800000,0.07278,0.07295,0.07208,0.07277,44732750.0,3243403.26342,1
BYBIT,DOGEUSDT,60,1782752400000,0.07277,0.07424,0.07275,0.07388,81135767.0,5979765.31463,1
BYBIT,DOGEUSDT,60,1782756000000,0.07388,0.07406,0.07369,0.07382,27313468.0,2016521.84962,1
BYBIT,DOGEUSDT,60,1782759600000,0.07382,0.07408,0.07366,0.07386,23617471.0,1745714.54685,1
BYBIT,DOGEUSDT,60,1782763200000,0.07386,0.07391,0.07367,0.07368,16704536.0,1232949.73305,1
BYBIT,DOGEUSDT,60,1782766800000,0.07368,0.0741,0.07354,0.07392,25336854.0,1870820.97385,1
BYBIT,DOGEUSDT,60,1782770400000,0.07392,0.07397,0.0734,0.0734,16969729.0,1249529.31417,1
BYBIT,DOGEUSDT,60,1782774000000,0.0734,0.07345,0.07316,0.07339,11033094.0,808793.9407,1
BYBIT,DOGEUSDT,60,1782777600000,0.07339,0.07353,0.07248,0.07249,37664728.0,2746714.90097,1
BYBIT,DOGEUSDT,60,1782781200000,0.07249,0.07273,0.07223,0.0725,31698852.0,2296839.46255,1
BYBIT,DOGEUSDT,60,1782784800000,0.0725,0.0727,0.07226,0.07259,19261136.0,1395623.05563,1
BYBIT,DOGEUSDT,60,1782788400000,0.07259,0.07277,0.07232,0.07239,54292737.0,3935328.92769,1
BYBIT,DOGEUSDT,60,1782792000000,0.07239,0.07256,0.07208,0.0724,60530989.0,4374590.74573,1
BYBIT,DOGEUSDT,60,1782795600000,0.0724,0.07242,0.07203,0.0724,41602818.0,3005094.05055,1
BYBIT,DOGEUSDT,60,1782799200000,0.0724,0.07254,0.07226,0.07243,13528465.0,979672.95658,1
BYBIT,DOGEUSDT,60,1782802800000,0.07243,0.07257,0.07225,0.07236,13206794.0,955923.85955,1
BYBIT,DOGEUSDT,60,1782806400000,0.07236,0.07241,0.07195,0.07231,61484259.0,4436588.04577,1
BYBIT,DOGEUSDT,60,1782810000000,0.07231,0.07253,0.07218,0.07251,21065616.0,1523967.62732,1
BYBIT,DOGEUSDT,60,1782813600000,0.07251,0.07259,0.07225,0.07245,49571219.0,3590855.94684,1
BYBIT,DOGEUSDT,60,1782817200000,0.07245,0.07252,0.0709,0.07139,166060023.0,11871807.84024,1
BYBIT,DOGEUSDT,60,1782820800000,0.07139,0.0714,0.06942,0.06961,357141693.0,25077706.95781,1
BYBIT,DOGEUSDT,60,1782824400000,0.06961,0.0708,0.06961,0.0707,128881432.0,9056444.95544,1
BYBIT,DOGEUSDT,60,1782828000000,0.0707,0.07129,0.07018,0.07032,111165670.0,7870060.18592,1
BYBIT,DOGEUSDT,60,1782831600000,0.07032,0.07106,0.07016,0.07068,81980792.0,5784289.95997,1
BYBIT,DOGEUSDT,60,1782835200000,0.07068,0.07154,0.07051,0.07136,69035278.0,4906889.84611,1
BYBIT,DOGEUSDT,60,1782838800000,0.07136,0.07164,0.07109,0.07129,29079842.0,2075423.08001,1
BYBIT,DOGEUSDT,60,1782842400000,0.07129,0.07284,0.07121,0.07235,137079544.0,9902672.07685,1
BYBIT,DOGEUSDT,60,1782846000000,0.07235,0.0725,0.07208,0.07225,26135993.0,1889000.12925,1
BYBIT,DOGEUSDT,60,1782849600000,0.07225,0.07233,0.07186,0.07199,21648453.0,1559638.4676,1
BYBIT,DOGEUSDT,60,1782853200000,0.07199,0.0722,0.07187,0.07211,20103102.0,1447596.8426,1
BYBIT,DOGEUSDT,60,1782856800000,0.07211,0.07231,0.07179,0.07192,17099926.0,1231795.30541,1
BYBIT,DOGEUSDT,60,1782860400000,0.07192,0.0721,0.0718,0.07204,8050275.0,578934.77731,1
BYBIT,DOGEUSDT,60,1782864000000,0.07204,0.07214,0.07158,0.07177,50427219.0,3619826.39994,1
BYBIT,DOGEUSDT,60,1782867600000,0.07177,0.07205,0.07045,0.07183,123052055.0,8757566.263,1
BYBIT,DOGEUSDT,60,1782871200000,0.07183,0.07226,0.07169,0.07195,33072312.0,2381379.29635,1
BYBIT,DOGEUSDT,60,1782874800000,0.07195,0.07246,0.07183,0.0723,46914088.0,3386508.56235,1
BYBIT,DOGEUSDT,60,1782878400000,0.0723,0.07266,0.07224,0.0725,25031028.0,1813880.45183,1
BYBIT,DOGEUSDT,60,1782882000000,0.0725,0.07255,0.07219,0.07228,11097520.0,802912.52068,1
BYBIT,DOGEUSDT,60,1782885600000,0.07228,0.07232,0.07104,0.07138,68690585.0,4914986.17833,1
BYBIT,DOGEUSDT,60,1782889200000,0.07138,0.07157,0.07123,0.07145,23944206.0,1710084.27229,1
BYBIT,DOGEUSDT,60,1782892800000,0.07145,0.07151,0.07084,0.07145,31985351.0,2276912.72056,1
BYBIT,DOGEUSDT,60,1782896400000,0.07145,0.07159,0.07111,0.07124,37636617.0,2683085.16508,1
BYBIT,DOGEUSDT,60,1782900000000,0.07124,0.07133,0.07076,0.07092,30378429.0,2157114.32286,1
BYBIT,DOGEUSDT,60,1782903600000,0.07092,0.07122,0.07079,0.07111,12491439.0,887181.70355,1
BYBIT,DOGEUSDT,60,1782907200000,0.07111,0.07141,0.07082,0.07141,33389253.0,2376214.97122,1
BYBIT,DOGEUSDT,60,1782910800000,0.07141,0.07255,0.07117,0.07236,142213965.0,10253732.76655,1
BYBIT,DOGEUSDT,60,1782914400000,0.07236,0.07297,0.07211,0.07264,98301125.0,7127249.0809,1
BYBIT,DOGEUSDT,60,1782918000000,0.07264,0.07355,0.07262,0.07333,85632248.0,6269868.06187,1
BYBIT,DOGEUSDT,60,1782921600000,0.07333,0.07352,0.07289,0.07303,32957789.0,2413349.34863,1
BYBIT,DOGEUSDT,60,1782925200000,0.07303,0.07359,0.07274,0.07344,52663261.0,3853490.99053,1
BYBIT,DOGEUSDT,60,1782928800000,0.07344,0.07356,0.07297,0.07309,21254972.0,1556021.55982,1
BYBIT,DOGEUSDT,60,1782932400000,0.07309,0.07334,0.07264,0.07279,24954443.0,1820837.02469,1
BYBIT,DOGEUSDT,60,1782936000000,0.07279,0.07288,0.07248,0.07278,32376036.0,2352972.26676,1
BYBIT,DOGEUSDT,60,1782939600000,0.07278,0.07354,0.07278,0.07342,146034371.0,10695474.57384,1
BYBIT,DOGEUSDT,60,1782943200000,0.07342,0.07391,0.07295,0.07301,95054977.0,6983603.66988,1
BYBIT,DOGEUSDT,60,1782946800000,0.07301,0.07301,0.07212,0.07218,51270798.0,3717447.17316,1
BYBIT,DOGEUSDT,60,1782950400000,0.07218,0.07226,0.07163,0.0719,37087306.0,2667562.40475,1
BYBIT,DOGEUSDT,60,1782954000000,0.0719,0.07282,0.07185,0.07252,31593274.0,2286199.19678,1
BYBIT,DOGEUSDT,60,1782957600000,0.07252,0.07279,0.07222,0.07271,21488341.0,1558286.36288,1
BYBIT,DOGEUSDT,60,1782961200000,0.07271,0.07345,0.07228,0.07335,88203391.0,6428386.63002,1
BYBIT,DOGEUSDT,60,1782964800000,0.07335,0.07338,0.07286,0.07324,32397479.0,2368344.59252,1
BYBIT,DOGEUSDT,60,1782968400000,0.07324,0.07324,0.07254,0.0727,24190830.0,1762243.45442,1
BYBIT,DOGEUSDT,60,1782972000000,0.0727,0.07283,0.07236,0.07245,30245029.0,2194954.2934,1
BYBIT,DOGEUSDT,60,1782975600000,0.07245,0.0726,0.07226,0.07251,21719687.0,1573365.33973,1
BYBIT,DOGEUSDT,60,1782979200000,0.07251,0.07313,0.07246,0.07303,85120346.0,6205811.03569,1
BYBIT,DOGEUSDT,60,1782982800000,0.07303,0.07377,0.07274,0.07345,106695302.0,7820523.69617,1
BYBIT,DOGEUSDT,60,1782986400000,0.07345,0.07408,0.07336,0.07394,51227223.0,3779592.78918,1
BYBIT,DOGEUSDT,60,1782990000000,0.07394,0.07432,0.07378,0.07415,46901959.0,3473015.24913,1
BYBIT,DOGEUSDT,60,1782993600000,0.07415,0.07479,0.07404,0.07433,86690721.0,6448129.50552,1
BYBIT,DOGEUSDT,60,1782997200000,0.07433,0.07554,0.07421,0.07503,133966706.0,10053217.04384,1
BYBIT,DOGEUSDT,60,1783000800000,0.07503,0.07544,0.07423,0.07445,157858810.0,11802514.58979,1
BYBIT,DOGEUSDT,60,1783004400000,0.07445,0.0747,0.07399,0.07448,33434320.0,2484843.5972,1
BYBIT,DOGEUSDT,60,1783008000000,0.07448,0.07474,0.07406,0.07427,31349703.0,2330157.78992,1
BYBIT,DOGEUSDT,60,1783011600000,0.07427,0.07452,0.07406,0.07419,15724088.0,1167771.10039,1
BYBIT,DOGEUSDT,60,1783015200000,0.07419,0.0745,0.07418,0.07433,13278103.0,987545.79663,1
BYBIT,DOGEUSDT,60,1783018800000,0.07433,0.07446,0.07407,0.07418,17928302.0,1331083.80648,1
BYBIT,DOGEUSDT,60,1783022400000,0.07418,0.07423,0.07394,0.07407,20520695.0,1520639.93415,1
BYBIT,DOGEUSDT,60,1783026000000,0.07407,0.07413,0.07379,0.07403,25675662.0,1899584.90422,1
BYBIT,DOGEUSDT,60,1783029600000,0.07403,0.07409,0.0737,0.07394,21659786.0,1599745.11897,1
BYBIT,DOGEUSDT,60,1783033200000,0.07394,0.07433,0.07382,0.07413,17544451.0,1299899.11612,1
BYBIT,DOGEUSDT,60,1783036800000,0.07413,0.07428,0.07389,0.07395,14351689.0,1063519.07671,1
BYBIT,DOGEUSDT,60,1783040400000,0.07395,0.07492,0.07391,0.07475,76482104.0,5700068.59886,1
BYBIT,DOGEUSDT,60,1783044000000,0.07475,0.07487,0.07436,0.0747,17500250.0,1306063.75583,1
BYBIT,DOGEUSDT,60,1783047600000,0.0747,0.07483,0.0742,0.07474,30888707.0,2305854.99235,1
BYBIT,DOGEUSDT,60,1783051200000,0.07474,0.07478,0.07444,0.07447,10466485.0,780421.43661,1
BYBIT,DOGEUSDT,60,1783054800000,0.07447,0.07548,0.07442,0.07503,84412073.0,6350252.9322,1
BYBIT,DOGEUSDT,60,1783058400000,0.07503,0.07532,0.075,0.07518,19851021.0,1491754.64684,1
BYBIT,DOGEUSDT,60,1783062000000,0.07518,0.07537,0.07504,0.07526,22096650.0,1662311.1451,1
BYBIT,DOGEUSDT,60,1783065600000,0.07526,0.07557,0.0748,0.07485,113239770.0,8518047.36854,1
BYBIT,DOGEUSDT,60,1783069200000,0.07485,0.0751,0.07471,0.07495,22034783.0,1650467.38627,1
BYBIT,DOGEUSDT,60,1783072800000,0.07495,0.07555,0.07492,0.07534,34321379.0,2581108.51893,1
BYBIT,DOGEUSDT,60,1783076400000,0.07534,0.0762,0.07522,0.0759,162648258.0,12332741.82486,1
BYBIT,DOGEUSDT,60,1783080000000,0.0759,0.07612,0.07563,0.07601,29282628.0,2222263.53391,1
BYBIT,DOGEUSDT,60,1783083600000,0.07601,0.0767,0.07592,0.0766,47059413.0,3588003.9395,1
BYBIT,DOGEUSDT,60,1783087200000,0.0766,0.07679,0.07589,0.07672,52085886.0,3975234.12621,1
BYBIT,DOGEUSDT,60,1783090800000,0.07672,0.07736,0.07616,0.07632,111108575.0,8538483.58569,1
BYBIT,DOGEUSDT,60,1783094400000,0.07632,0.07675,0.07612,0.07645,38212665.0,2923378.95628,1
BYBIT,DOGEUSDT,60,1783098000000,0.07645,0.07702,0.07638,0.07693,33048513.0,2537008.33208,1
BYBIT,DOGEUSDT,60,1783101600000,0.07693,0.07697,0.07667,0.07688,13660755.0,1049618.86836,1
BYBIT,DOGEUSDT,60,1783105200000,0.07688,0.07764,0.07672,0.07714,44072250.0,3404816.03812,1
BYBIT,DOGEUSDT,60,1783108800000,0.07714,0.0782,0.07711,0.07797,128994400.0,10041173.50175,1
BYBIT,DOGEUSDT,60,1783112400000,0.07797,0.07844,0.07745,0.07813,68080231.0,5307892.53148,1
BYBIT,DOGEUSDT,60,1783116000000,0.07813,0.07819,0.07751,0.07778,29504059.0,2295753.61417,1
BYBIT,DOGEUSDT,60,1783119600000,0.07778,0.07778,0.07718,0.0775,40345387.0,3122249.64472,1
BYBIT,DOGEUSDT,60,1783123200000,0.0775,0.0777,0.07723,0.07732,26334127.0,2039581.2334,1
BYBIT,DOGEUSDT,60,1783126800000,0.07732,0.07732,0.07667,0.07681,57828203.0,4453901.80485,1
BYBIT,DOGEUSDT,60,1783130400000,0.07681,0.077,0.07658,0.07695,54971897.0,4226805.35328,1
BYBIT,DOGEUSDT,60,1783134000000,0.07695,0.07742,0.07674,0.07728,19127670.0,1474237.35788,1
BYBIT,DOGEUSDT,60,1783137600000,0.07728,0.07812,0.07712,0.07776,83471630.0,6474257.86556,1
BYBIT,DOGEUSDT,60,1783141200000,0.07776,0.07778,0.077,0.07713,61710141.0,4778629.58832,1
BYBIT,DOGEUSDT,60,1783144800000,0.07713,0.07744,0.07656,0.07703,84761004.0,6510293.79095,1
BYBIT,DOGEUSDT,60,1783148400000,0.07703,0.07706,0.07669,0.07688,39865951.0,3062798.01146,1
BYBIT,DOGEUSDT,60,1783152000000,0.07688,0.07701,0.07674,0.07697,22132112.0,1701605.25325,1
BYBIT,DOGEUSDT,60,1783155600000,0.07697,0.07719,0.07658,0.07682,70513902.0,5425371.43596,1
BYBIT,DOGEUSDT,60,1783159200000,0.07682,0.07713,0.0767,0.07708,45064721.0,3469715.62904,1
BYBIT,DOGEUSDT,60,1783162800000,0.07708,0.07714,0.07684,0.07687,47291405.0,3638555.86925,1
BYBIT,DOGEUSDT,60,1783166400000,0.07687,0.07713,0.07681,0.0771,17783927.0,1368223.35988,1
BYBIT,DOGEUSDT,60,1783170000000,0.0771,0.07744,0.07692,0.07712,20509666.0,1581888.37813,1
BYBIT,DOGEUSDT,60,1783173600000,0.07712,0.07777,0.07709,0.07769,36766576.0,2848391.20721,1
BYBIT,DOGEUSDT,60,1783177200000,0.07769,0.07873,0.07765,0.07854,93083524.0,7290899.56756,1
BYBIT,DOGEUSDT,60,1783180800000,0.07854,0.07891,0.07817,0.07847,53242536.0,4182657.70873,1
BYBIT,DOGEUSDT,60,1783184400000,0.07847,0.07922,0.07805,0.07905,58543384.0,4604254.70628,1
BYBIT,DOGEUSDT,60,1783188000000,0.07905,0.07926,0.07885,0.07915,29613288.0,2340760.13615,1
BYBIT,DOGEUSDT,60,1783191600000,0.07915,0.07934,0.07842,0.07851,32757296.0,2580873.16086,1
BYBIT,DOGEUSDT,60,1783195200000,0.07851,0.07867,0.07791,0.07801,33814160.0,2642863.11838,1
BYBIT,DOGEUSDT,60,1783198800000,0.07801,0.0785,0.07796,0.07822,23801780.0,1861680.70758,1
BYBIT,DOGEUSDT,60,1783202400000,0.07822,0.07823,0.07778,0.0779,11667470.0,909516.54237,1
BYBIT,DOGEUSDT,60,1783206000000,0.0779,0.07792,0.07732,0.07761,48919512.0,3799237.14552,1
BYBIT,DOGEUSDT,60,1783209600000,0.07761,0.07764,0.07696,0.07715,39835682.0,3076255.11055,1
BYBIT,DOGEUSDT,60,1783213200000,0.07715,0.07733,0.07664,0.0768,121314992.0,9324046.55627,1
BYBIT,DOGEUSDT,60,1783216800000,0.0768,0.0768,0.07545,0.0758,163000542.0,12372295.57643,1
BYBIT,DOGEUSDT,60,1783220400000,0.0758,0.0762,0.07578,0.07592,68420806.0,5203543.96275,1
BYBIT,DOGEUSDT,60,1783224000000,0.07592,0.07633,0.0758,0.07605,37907759.0,2885382.35072,1
BYBIT,DOGEUSDT,60,1783227600000,0.07605,0.07605,0.07557,0.0758,63999474.0,4856849.23918,1
BYBIT,DOGEUSDT,60,1783231200000,0.0758,0.07594,0.07557,0.07584,17614059.0,1334519.20107,1
BYBIT,DOGEUSDT,60,1783234800000,0.07584,0.07623,0.0757,0.07613,28024695.0,2127646.07244,1
BYBIT,DOGEUSDT,60,1783238400000,0.07613,0.07622,0.07593,0.07597,19311665.0,1468859.13983,1
BYBIT,DOGEUSDT,60,1783242000000,0.07597,0.076,0.0753,0.07551,39291934.0,2968540.8854,1
BYBIT,DOGEUSDT,60,1783245600000,0.07551,0.07592,0.07524,0.07579,24490396.0,1852180.56593,1
BYBIT,DOGEUSDT,60,1783249200000,0.07579,0.07596,0.07569,0.07587,17733933.0,1344777.39063,1
BYBIT,DOGEUSDT,60,1783252800000,0.07587,0.07656,0.07566,0.07649,56931564.0,4345207.1253,1
BYBIT,DOGEUSDT,60,1783256400000,0.07649,0.07666,0.07632,0.07657,35768464.0,2737275.74033,1
BYBIT,DOGEUSDT,60,1783260000000,0.07657,0.07716,0.07645,0.07703,37168562.0,2854744.0992,1
BYBIT,DOGEUSDT,60,1783263600000,0.07703,0.07733,0.07674,0.07711,47625089.0,3666214.44685,1
BYBIT,DOGEUSDT,60,1783267200000,0.07711,0.07744,0.07685,0.07701,25442200.0,1961817.44754,1
BYBIT,DOGEUSDT,60,1783270800000,0.07701,0.07786,0.07698,0.07726,141688516.0,10986698.6642,1
BYBIT,DOGEUSDT,60,1783274400000,0.07726,0.07774,0.07718,0.07758,18468899.0,1430686.05358,1
BYBIT,DOGEUSDT,60,1783278000000,0.07758,0.07776,0.07716,0.07725,38787051.0,3001078.69188,1
BYBIT,DOGEUSDT,60,1783281600000,0.07725,0.07747,0.07696,0.07707,25473837.0,1965132.75612,1
BYBIT,DOGEUSDT,60,1783285200000,0.07707,0.07842,0.07686,0.07789,114842919.0,8937891.21045,1
BYBIT,DOGEUSDT,60,1783288800000,0.07789,0.07888,0.07772,0.07837,140269400.0,10989738.5095,1
BYBIT,DOGEUSDT,60,1783292400000,0.07837,0.07881,0.07769,0.07786,53939245.0,4224175.20642,1
BYBIT,DOGEUSDT,60,1783296000000,0.07786,0.0781,0.07696,0.07808,138225080.0,10693415.88397,1
BYBIT,DOGEUSDT,60,1783299600000,0.07808,0.07825,0.07763,0.07769,43766577.0,3412994.82737,1
BYBIT,DOGEUSDT,60,1783303200000,0.07769,0.07803,0.07739,0.07765,36917505.0,2868106.58247,1
BYBIT,DOGEUSDT,60,1783306800000,0.07765,0.07775,0.07717,0.07744,31686288.0,2451796.72334,1
BYBIT,DOGEUSDT,60,1783310400000,0.07744,0.07744,0.07702,0.07707,27317072.0,2109381.22862,1
BYBIT,DOGEUSDT,60,1783314000000,0.07707,0.07707,0.07638,0.07659,52116982.0,3995823.05521,1
BYBIT,DOGEUSDT,60,1783317600000,0.07659,0.07671,0.07645,0.07658,16292185.0,1247546.03721,1
BYBIT,DOGEUSDT,60,1783321200000,0.07658,0.07706,0.07647,0.07688,22276522.0,1710366.47735,1
BYBIT,DOGEUSDT,60,1783324800000,0.07688,0.07717,0.0768,0.07702,41077012.0,3164450.13099,1
BYBIT,DOGEUSDT,60,1783328400000,0.07702,0.07704,0.07653,0.07669,36808581.0,2826249.07532,1
BYBIT,DOGEUSDT,60,1783332000000,0.07669,0.07723,0.07666,0.07711,36062960.0,2776827.04402,1
BYBIT,DOGEUSDT,60,1783335600000,0.07711,0.0774,0.07667,0.07667,53955218.0,4157072.09637,1
BYBIT,DOGEUSDT,60,1783339200000,0.07667,0.07668,0.0749,0.0749,324802032.0,24594390.64523,1
BYBIT,DOGEUSDT,60,1783342800000,0.0749,0.0755,0.0743,0.07522,245977144.0,18424063.73639,1
BYBIT,DOGEUSDT,60,1783346400000,0.07522,0.07589,0.07502,0.07553,70088405.0,5287756.9321,1
BYBIT,DOGEUSDT,60,1783350000000,0.07553,0.07653,0.07553,0.07621,168398993.0,12792091.68693,1
BYBIT,DOGEUSDT,60,1783353600000,0.07621,0.07705,0.07596,0.07678,103135637.0,7902149.4798,1
BYBIT,DOGEUSDT,60,1783357200000,0.07678,0.07711,0.07638,0.0766,45110631.0,3463575.04628,1
BYBIT,DOGEUSDT,60,1783360800000,0.0766,0.077,0.07643,0.07679,28319087.0,2171778.22945,1
BYBIT,DOGEUSDT,60,1783364400000,0.07679,0.07716,0.07674,0.0769,25123392.0,1933754.19882,1
BYBIT,DOGEUSDT,60,1783368000000,0.0769,0.07703,0.07663,0.07683,24865107.0,1909872.67659,1
BYBIT,DOGEUSDT,60,1783371600000,0.07683,0.07834,0.07682,0.07752,147842558.0,11493362.92682,1
BYBIT,DOGEUSDT,60,1783375200000,0.07752,0.07758,0.07695,0.07703,37004306.0,2856034.47053,1
BYBIT,DOGEUSDT,60,1783378800000,0.07703,0.07713,0.07654,0.07661,47384864.0,3639572.24113,1
BYBIT,DOGEUSDT,60,1783382400000,0.07661,0.07698,0.07642,0.07674,51953691.0,3983621.55952,1
BYBIT,DOGEUSDT,60,1783386000000,0.07674,0.07676,0.07584,0.07602,64453156.0,4908398.0351,1
BYBIT,DOGEUSDT,60,1783389600000,0.07602,0.07617,0.07519,0.07529,77647056.0,5869092.18269,1
BYBIT,DOGEUSDT,60,1783393200000,0.07529,0.07538,0.07489,0.07509,59010399.0,4432551.97844,1
BYBIT,DOGEUSDT,60,1783396800000,0.07509,0.07514,0.07446,0.07467,55164021.0,4121216.08423,1
BYBIT,DOGEUSDT,60,1783400400000,0.07467,0.07495,0.0742,0.07481,57084358.0,4254568.9202,1
BYBIT,DOGEUSDT,60,1783404000000,0.07481,0.07546,0.0747,0.07543,51872724.0,3893876.64447,1
BYBIT,DOGEUSDT,60,1783407600000,0.07543,0.0756,0.0749,0.07493,37984897.0,2855924.9557,1
BYBIT,DOGEUSDT,60,1783411200000,0.07493,0.07498,0.07466,0.07478,33498966.0,2506969.13595,1
BYBIT,DOGEUSDT,60,1783414800000,0.07478,0.07503,0.07471,0.0749,58722732.0,4396821.50635,1
BYBIT,DOGEUSDT,60,1783418400000,0.0749,0.07516,0.07456,0.07461,51758040.0,3874400.91249,1
BYBIT,DOGEUSDT,60,1783422000000,0.07461,0.07485,0.07429,0.07477,55960810.0,4172654.4291,1
BYBIT,DOGEUSDT,60,1783425600000,0.07477,0.0754,0.0747,0.07484,46418552.0,3485319.61023,1
BYBIT,DOGEUSDT,60,1783429200000,0.07484,0.07486,0.07403,0.07425,164812709.0,12251548.16152,1
BYBIT,DOGEUSDT,60,1783432800000,0.07425,0.07493,0.07366,0.07478,100727061.0,7471690.42969,1
BYBIT,DOGEUSDT,60,1783436400000,0.07478,0.07535,0.07454,0.07514,107970622.0,8095625.80506,1
BYBIT,DOGEUSDT,60,1783440000000,0.07514,0.07569,0.07477,0.07532,45684100.0,3438556.12932,1
BYBIT,DOGEUSDT,60,1783443600000,0.07532,0.07554,0.07513,0.07542,38676236.0,2916311.26074,1
BYBIT,DOGEUSDT,60,1783447200000,0.07542,0.07542,0.07441,0.07447,48435019.0,3627419.19583,1
BYBIT,DOGEUSDT,60,1783450800000,0.07447,0.07488,0.07408,0.07468,43619385.0,3247675.76304,1
BYBIT,DOGEUSDT,60,1783454400000,0.07468,0.07482,0.0742,0.07433,18788037.0,1399415.57506,1
BYBIT,DOGEUSDT,60,1783458000000,0.07433,0.07455,0.0739,0.07399,42530116.0,3154462.30121,1
BYBIT,DOGEUSDT,60,1783461600000,0.07399,0.07447,0.07353,0.07442,52020000.0,3846821.34094,1
BYBIT,DOGEUSDT,60,1783465200000,0.07442,0.07468,0.07409,0.07413,28517644.0,2123463.36827,1
BYBIT,DOGEUSDT,60,1783468800000,0.07413,0.07443,0.07409,0.07431,27740142.0,2060166.06366,1
BYBIT,DOGEUSDT,60,1783472400000,0.07431,0.07437,0.07277,0.07303,168247291.0,12323499.39246,1
BYBIT,DOGEUSDT,60,1783476000000,0.07303,0.07306,0.07225,0.07288,159690876.0,11611046.01467,1
BYBIT,DOGEUSDT,60,1783479600000,0.07288,0.07308,0.0725,0.07257,24818578.0,1808037.7513,1
BYBIT,DOGEUSDT,60,1783483200000,0.07257,0.07269,0.07233,0.07256,38649104.0,2802017.7426,1
BYBIT,DOGEUSDT,60,1783486800000,0.07256,0.07274,0.07235,0.07251,21506475.0,1560044.99999,1
BYBIT,DOGEUSDT,60,1783490400000,0.07251,0.07253,0.07172,0.07207,112203376.0,8079518.10857,1
BYBIT,DOGEUSDT,60,1783494000000,0.07207,0.07263,0.07186,0.07242,44647559.0,3226054.18413,1
BYBIT,DOGEUSDT,60,1783497600000,0.07242,0.07252,0.07097,0.07127,198737703.0,14215644.55695,1
BYBIT,DOGEUSDT,60,1783501200000,0.07127,0.07162,0.07105,0.07127,43824492.0,3126127.39828,1
BYBIT,DOGEUSDT,60,1783504800000,0.07127,0.0717,0.07111,0.07159,26994434.0,1927884.6631,1
BYBIT,DOGEUSDT,60,1783508400000,0.07159,0.07213,0.0715,0.07201,54216352.0,3894100.12273,1
BYBIT,DOGEUSDT,60,1783512000000,0.07201,0.07219,0.07178,0.07179,49590494.0,3570836.1454,1
BYBIT,DOGEUSDT,60,1783515600000,0.07179,0.07228,0.07168,0.07195,80959197.0,5824026.71635,1
BYBIT,DOGEUSDT,60,1783519200000,0.07195,0.07217,0.07143,0.07183,86466825.0,6211042.68201,1
BYBIT,DOGEUSDT,60,1783522800000,0.07183,0.07189,0.07122,0.07183,31344208.0,2242092.88586,1
BYBIT,DOGEUSDT,60,1783526400000,0.07183,0.07255,0.07179,0.07252,55690915.0,4022583.0392,1
BYBIT,DOGEUSDT,60,1783530000000,0.07252,0.0729,0.07228,0.07248,33426223.0,2426652.70355,1
BYBIT,DOGEUSDT,60,1783533600000,0.07248,0.07276,0.07217,0.0724,25085806.0,1816556.21064,1
BYBIT,DOGEUSDT,60,1783537200000,0.0724,0.07266,0.07224,0.07261,29935823.0,2168400.20745,1
BYBIT,DOGEUSDT,60,1783540800000,0.07261,0.07267,0.0723,0.07235,15564547.0,1128234.73026,1
BYBIT,DOGEUSDT,60,1783544400000,0.07235,0.07254,0.07196,0.07249,30430477.0,2197516.62799,1
BYBIT,DOGEUSDT,60,1783548000000,0.07249,0.07274,0.07229,0.07239,19313007.0,1400292.38224,1
BYBIT,DOGEUSDT,60,1783551600000,0.07239,0.07244,0.07214,0.07238,21429708.0,1548495.21226,1
BYBIT,DOGEUSDT,60,1783555200000,0.07238,0.07241,0.07206,0.07224,20787853.0,1500978.4379,1
BYBIT,DOGEUSDT,60,1783558800000,0.07224,0.07298,0.07206,0.07209,47591444.0,3454918.97332,1
BYBIT,DOGEUSDT,60,1783562400000,0.07209,0.07259,0.07193,0.07212,31502966.0,2275459.5072,1
BYBIT,DOGEUSDT,60,1783566000000,0.07212,0.07238,0.07195,0.07225,19561300.0,1411770.25204,1
BYBIT,DOGEUSDT,60,1783569600000,0.07225,0.07261,0.07218,0.07261,17808825.0,1290022.44633,1
BYBIT,DOGEUSDT,60,1783573200000,0.07261,0.07285,0.07228,0.07274,41051795.0,2983026.64148,1
BYBIT,DOGEUSDT,60,1783576800000,0.07274,0.07302,0.07253,0.07297,42765074.0,3114300.07025,1
BYBIT,DOGEUSDT,60,1783580400000,0.07297,0.07316,0.07264,0.07275,39639290.0,2887406.46167,1
BYBIT,DOGEUSDT,60,1783584000000,0.07275,0.07304,0.07268,0.07284,18614904.0,1356035.61014,1
BYBIT,DOGEUSDT,60,1783587600000,0.07284,0.07284,0.07252,0.07274,20117612.0,1461857.05354,1
BYBIT,DOGEUSDT,60,1783591200000,0.07274,0.07279,0.07223,0.07236,24365449.0,1765127.27737,1
BYBIT,DOGEUSDT,60,1783594800000,0.07236,0.07248,0.0722,0.07246,21312650.0,1541505.46106,1
BYBIT,DOGEUSDT,60,1783598400000,0.07246,0.0725,0.07199,0.07223,111036265.0,8032383.5756,1
BYBIT,DOGEUSDT,60,1783602000000,0.07223,0.07271,0.072,0.07256,33212864.0,2403218.70236,1
BYBIT,DOGEUSDT,60,1783605600000,0.07256,0.07269,0.07214,0.07264,30608591.0,2217161.14384,1
BYBIT,DOGEUSDT,60,1783609200000,0.07264,0.07287,0.07249,0.07262,20528693.0,1491712.46942,1
BYBIT,DOGEUSDT,60,1783612800000,0.07262,0.07278,0.07232,0.07268,16096038.0,1167641.70358,1
BYBIT,DOGEUSDT,60,1783616400000,0.07268,0.07305,0.07262,0.07291,27241115.0,1984663.3169,1
BYBIT,DOGEUSDT,60,1783620000000,0.07291,0.07341,0.07286,0.07313,38165394.0,2792481.83456,1
BYBIT,DOGEUSDT,60,1783623600000,0.07313,0.07333,0.07287,0.07303,26555702.0,1941025.25,1
BYBIT,DOGEUSDT,60,1783627200000,0.07303,0.07338,0.07295,0.07326,27705151.0,2027526.46475,1
BYBIT,DOGEUSDT,60,1783630800000,0.07326,0.07356,0.07319,0.07334,27741506.0,2037311.28699,1
BYBIT,DOGEUSDT,60,1783634400000,0.07334,0.0734,0.07304,0.07304,20996949.0,1537559.85986,1
BYBIT,DOGEUSDT,60,1783638000000,0.07304,0.07317,0.07275,0.07287,25719264.0,1874266.47118,1
BYBIT,DOGEUSDT,60,1783641600000,0.07287,0.07295,0.07262,0.07288,23768879.0,1729587.10824,1
BYBIT,DOGEUSDT,60,1783645200000,0.07288,0.0742,0.0727,0.0738,112549524.0,8300381.59871,1
BYBIT,DOGEUSDT,60,1783648800000,0.0738,0.07412,0.07375,0.07403,48902482.0,3615000.72561,1
BYBIT,DOGEUSDT,60,1783652400000,0.07403,0.07413,0.07379,0.07398,15987837.0,1182970.36636,1
BYBIT,DOGEUSDT,60,1783656000000,0.07398,0.07421,0.07384,0.07398,46126877.0,3418310.96666,1
BYBIT,DOGEUSDT,60,1783659600000,0.07398,0.0742,0.07381,0.07412,14523202.0,1075335.62119,1
BYBIT,DOGEUSDT,60,1783663200000,0.07412,0.07424,0.07383,0.0739,18995441.0,1405628.52434,1
BYBIT,DOGEUSDT,60,1783666800000,0.0739,0.07404,0.07368,0.07374,49478210.0,3651893.54742,1
BYBIT,DOGEUSDT,60,1783670400000,0.07374,0.07445,0.07373,0.07422,48767156.0,3618333.15746,1
BYBIT,DOGEUSDT,60,1783674000000,0.07422,0.07443,0.074,0.07435,24424542.0,1812187.21122,1
BYBIT,DOGEUSDT,60,1783677600000,0.07435,0.07466,0.07424,0.07441,37340688.0,2780253.55928,1
BYBIT,DOGEUSDT,60,1783681200000,0.07441,0.07461,0.07412,0.07432,21503530.0,1597764.38181,1
BYBIT,DOGEUSDT,60,1783684800000,0.07432,0.07447,0.07394,0.07396,42928759.0,3187012.96868,1
BYBIT,DOGEUSDT,60,1783688400000,0.07396,0.07448,0.07388,0.07431,35893013.0,2662508.50465,1
BYBIT,DOGEUSDT,60,1783692000000,0.07431,0.07437,0.07329,0.07383,116663061.0,8598816.36936,1
BYBIT,DOGEUSDT,60,1783695600000,0.07383,0.0741,0.07369,0.07401,23623250.0,1744452.61188,1
BYBIT,DOGEUSDT,60,1783699200000,0.07401,0.07431,0.07386,0.07421,24431995.0,1810316.87254,1
BYBIT,DOGEUSDT,60,1783702800000,0.07421,0.07435,0.07377,0.07383,35646769.0,2636627.21223,1
BYBIT,DOGEUSDT,60,1783706400000,0.07383,0.07412,0.07361,0.07373,38386195.0,2835652.14738,1
BYBIT,DOGEUSDT,60,1783710000000,0.07373,0.07433,0.07365,0.07413,27486007.0,2038406.26648,1
BYBIT,DOGEUSDT,60,1783713600000,0.07413,0.07424,0.07392,0.07415,15644215.0,1159334.71708,1
BYBIT,DOGEUSDT,60,1783717200000,0.07415,0.07422,0.07405,0.0741,19569624.0,1450871.16416,1
BYBIT,DOGEUSDT,60,1783720800000,0.0741,0.07426,0.07398,0.0741,7977953.0,591396.4257,1
BYBIT,DOGEUSDT,60,1783724400000,0.0741,0.07416,0.07389,0.07408,12584875.0,931595.796,1
BYBIT,DOGEUSDT,60,1783728000000,0.07408,0.07422,0.07388,0.07419,11764751.0,871453.87482,1
BYBIT,DOGEUSDT,60,1783731600000,0.07419,0.07435,0.07401,0.07402,12966844.0,961753.16129,1
BYBIT,DOGEUSDT,60,1783735200000,0.07402,0.07426,0.07401,0.07419,10074014.0,746696.5321,1
BYBIT,DOGEUSDT,60,1783738800000,0.07419,0.07437,0.07407,0.07424,15626383.0,1159926.26051,1
BYBIT,DOGEUSDT,60,1783742400000,0.07424,0.0744,0.07419,0.07428,12370663.0,919100.7509,1
BYBIT,DOGEUSDT,60,1783746000000,0.07428,0.0745,0.07419,0.0744,10048513.0,747431.51635,1
BYBIT,DOGEUSDT,60,1783749600000,0.0744,0.07462,0.0743,0.07432,29908843.0,2227476.33966,1
BYBIT,DOGEUSDT,60,1783753200000,0.07432,0.07439,0.07415,0.07424,13468655.0,1000316.67625,1
BYBIT,DOGEUSDT,60,1783756800000,0.07424,0.07427,0.07409,0.07418,11061468.0,820507.6058,1
BYBIT,DOGEUSDT,60,1783760400000,0.07418,0.07441,0.07411,0.07412,12894981.0,957584.48409,1
BYBIT,DOGEUSDT,60,1783764000000,0.07412,0.0747,0.07411,0.07445,23018476.0,1713349.67576,1
BYBIT,DOGEUSDT,60,1783767600000,0.07445,0.07455,0.07439,0.07443,12378450.0,921700.82966,1
BYBIT,DOGEUSDT,60,1783771200000,0.07443,0.07461,0.07434,0.07455,17693720.0,1317925.99918,1
BYBIT,DOGEUSDT,60,1783774800000,0.07455,0.07496,0.07447,0.07463,34809207.0,2601726.72782,1
BYBIT,DOGEUSDT,60,1783778400000,0.07463,0.07544,0.07463,0.07514,52665829.0,3954664.10725,1
BYBIT,DOGEUSDT,60,1783782000000,0.07514,0.07554,0.07486,0.07529,75771106.0,5699517.59535,1
BYBIT,DOGEUSDT,60,1783785600000,0.07529,0.07533,0.0749,0.075,34670082.0,2603740.42604,1
BYBIT,DOGEUSDT,60,1783789200000,0.075,0.07529,0.07491,0.07506,28553956.0,2145639.64289,1
BYBIT,DOGEUSDT,60,1783792800000,0.07506,0.07524,0.07498,0.07515,14613844.0,1098077.92362,1
BYBIT,DOGEUSDT,60,1783796400000,0.07515,0.07551,0.07513,0.0753,25374379.0,1911074.885,1
BYBIT,DOGEUSDT,60,1783800000000,0.0753,0.07539,0.07511,0.07511,7773774.0,584898.78604,1
BYBIT,DOGEUSDT,60,1783803600000,0.07511,0.0753,0.07507,0.07515,16520619.0,1242456.37748,1
BYBIT,DOGEUSDT,60,1783807200000,0.07515,0.07515,0.07454,0.0746,36549626.0,2734075.33629,1
BYBIT,DOGEUSDT,60,1783810800000,0.0746,0.07466,0.07315,0.07317,185085980.0,13653047.55011,1
BYBIT,DOGEUSDT,60,1783814400000,0.07317,0.07329,0.07224,0.07263,108858148.0,7916189.3615,1
BYBIT,DOGEUSDT,60,1783818000000,0.07263,0.07333,0.07254,0.07333,51333221.0,3746525.18705,1
BYBIT,DOGEUSDT,60,1783821600000,0.07333,0.07333,0.07306,0.07318,15538035.0,1137039.05421,1
BYBIT,DOGEUSDT,60,1783825200000,0.07318,0.07345,0.073,0.07338,19193336.0,1406244.68528,1
BYBIT,DOGEUSDT,60,1783828800000,0.07338,0.07351,0.07298,0.07309,17960058.0,1314800.10536,1
BYBIT,DOGEUSDT,60,1783832400000,0.07309,0.07325,0.07299,0.0731,17896960.0,1308702.42067,1
BYBIT,DOGEUSDT,60,1783836000000,0.0731,0.0731,0.07254,0.07284,36466031.0,2654182.44957,1
BYBIT,DOGEUSDT,60,1783839600000,0.07284,0.07302,0.07275,0.07291,18357125.0,1338189.42664,1
BYBIT,DOGEUSDT,60,1783843200000,0.07291,0.0732,0.07287,0.073,23382639.0,1707808.66915,1
BYBIT,DOGEUSDT,60,1783846800000,0.073,0.07311,0.07269,0.07296,14484334.0,1056095.9865,1
BYBIT,DOGEUSDT,60,1783850400000,0.07296,0.07301,0.07286,0.07298,10256768.0,748122.7101,1
BYBIT,DOGEUSDT,60,1783854000000,0.07298,0.07326,0.07284,0.0732,18329999.0,1339881.32592,1
BYBIT,DOGEUSDT,60,1783857600000,0.0732,0.07347,0.07312,0.07336,19830048.0,1454655.67534,1
BYBIT,DOGEUSDT,60,1783861200000,0.07336,0.07353,0.07322,0.07322,10286150.0,754828.19804,1
BYBIT,DOGEUSDT,60,1783864800000,0.07322,0.07386,0.07316,0.0737,29486443.0,2168744.36716,1
BYBIT,DOGEUSDT,60,1783868400000,0.0737,0.07383,0.07357,0.07367,21673977.0,1597278.48755,1
BYBIT,DOGEUSDT,60,1783872000000,0.07367,0.07375,0.07343,0.07361,14144921.0,1040486.94322,1
BYBIT,DOGEUSDT,60,1783875600000,0.07361,0.07364,0.07325,0.07337,18809257.0,1380971.96091,1
BYBIT,DOGEUSDT,60,1783879200000,0.07337,0.07364,0.0733,0.07362,10687524.0,784715.13171,1
BYBIT,DOGEUSDT,60,1783882800000,0.07362,0.0737,0.07342,0.07362,17055800.0,1254843.6735,1
BYBIT,DOGEUSDT,60,1783886400000,0.07362,0.07364,0.07339,0.07341,12624411.0,927783.2126,1
BYBIT,DOGEUSDT,60,1783890000000,0.07341,0.07354,0.07286,0.07303,30610172.0,2238655.97671,1
BYBIT,DOGEUSDT,60,1783893600000,0.07303,0.07303,0.07229,0.0727,72200040.0,5239900.98075,1
BYBIT,DOGEUSDT,60,1783897200000,0.0727,0.07281,0.07252,0.07267,9662260.0,702110.88017,1
BYBIT,DOGEUSDT,60,1783900800000,0.07267,0.07413,0.07257,0.0734,101112940.0,7431503.8098,1
BYBIT,DOGEUSDT,60,1783904400000,0.0734,0.07345,0.07242,0.07249,43731307.0,3189171.05214,1
BYBIT,DOGEUSDT,60,1783908000000,0.07249,0.07288,0.07232,0.07272,33024862.0,2397707.64214,1
BYBIT,DOGEUSDT,60,1783911600000,0.07272,0.07272,0.07156,0.07204,120877742.0,8695600.35953,1
BYBIT,DOGEUSDT,60,1783915200000,0.07204,0.07223,0.07187,0.072,21293304.0,1533764.90165,1
BYBIT,DOGEUSDT,60,1783918800000,0.072,0.0724,0.07181,0.07227,48073460.0,3467919.16778,1
BYBIT,DOGEUSDT,60,1783922400000,0.07227,0.07236,0.07205,0.07231,18280748.0,1319386.22654,1
BYBIT,DOGEUSDT,60,1783926000000,0.07231,0.0725,0.07219,0.07235,20781884.0,1503716.83026,1
BYBIT,DOGEUSDT,60,1783929600000,0.07235,0.07266,0.07226,0.07252,25616064.0,1855074.83025,1
BYBIT,DOGEUSDT,60,1783933200000,0.07252,0.07255,0.0723,0.07235,7131153.0,516303.02821,1
BYBIT,DOGEUSDT,60,1783936800000,0.07235,0.07236,0.07204,0.07214,29119866.0,2102671.25697,1
BYBIT,DOGEUSDT,60,1783940400000,0.07214,0.07243,0.07214,0.07226,11274778.0,815206.84983,1
BYBIT,DOGEUSDT,60,1783944000000,0.07226,0.07233,0.07192,0.07207,36924306.0,2661677.78976,1
BYBIT,DOGEUSDT,60,1783947600000,0.07207,0.07233,0.07182,0.07206,47657716.0,3431517.57373,1
BYBIT,DOGEUSDT,60,1783951200000,0.07206,0.07255,0.07182,0.07251,63264288.0,4567872.63401,1
BYBIT,DOGEUSDT,60,1783954800000,0.07251,0.07256,0.07201,0.07206,19877347.0,1436706.17907,1
BYBIT,DOGEUSDT,60,1783958400000,0.07206,0.07214,0.07147,0.0716,68937371.0,4946801.4648,1
BYBIT,DOGEUSDT,60,1783962000000,0.0716,0.07176,0.07088,0.07092,71961597.0,5128671.64744,1
BYBIT,DOGEUSDT,60,1783965600000,0.07092,0.07145,0.0709,0.07132,30382153.0,2162565.03352,1
BYBIT,DOGEUSDT,60,1783969200000,0.07132,0.07184,0.07132,0.07179,28034587.0,2006561.59611,1
BYBIT,DOGEUSDT,60,1783972800000,0.07179,0.07193,0.0715,0.07173,25587822.0,1834615.32588,1
BYBIT,DOGEUSDT,60,1783976400000,0.07173,0.07176,0.07101,0.07146,45777977.0,3269600.34881,1
BYBIT,DOGEUSDT,60,1783980000000,0.07146,0.07179,0.07128,0.07131,26621211.0,1904983.11075,1
BYBIT,DOGEUSDT,60,1783983600000,0.07131,0.07196,0.07117,0.07193,24656074.0,1765805.82867,1
BYBIT,DOGEUSDT,60,1783987200000,0.07193,0.07239,0.0718,0.07231,48005589.0,3462587.74812,1
BYBIT,DOGEUSDT,60,1783990800000,0.07231,0.07233,0.07185,0.07186,32023951.0,2309460.21292,1
BYBIT,DOGEUSDT,60,1783994400000,0.07186,0.07201,0.07173,0.07178,22053423.0,1584683.47611,1
BYBIT,DOGEUSDT,60,1783998000000,0.07178,0.07203,0.07138,0.07201,58666862.0,4203639.12332,1
BYBIT,DOGEUSDT,60,1784001600000,0.07201,0.07214,0.07189,0.07202,15918997.0,1146598.39057,1
BYBIT,DOGEUSDT,60,1784005200000,0.07202,0.07239,0.07202,0.07232,17997494.0,1299952.601,1
BYBIT,DOGEUSDT,60,1784008800000,0.07232,0.0724,0.07222,0.07226,12532369.0,906041.38533,1
BYBIT,DOGEUSDT,60,1784012400000,0.07226,0.07232,0.07207,0.07213,23232524.0,1677162.91833,1
BYBIT,DOGEUSDT,60,1784016000000,0.07213,0.07227,0.07203,0.07208,12814957.0,924185.14779,1
BYBIT,DOGEUSDT,60,1784019600000,0.07208,0.07224,0.07202,0.07205,9730572.0,701987.72359,1
BYBIT,DOGEUSDT,60,1784023200000,0.07205,0.07233,0.07194,0.07222,15332417.0,1106549.4246,1
BYBIT,DOGEUSDT,60,1784026800000,0.07222,0.07231,0.07215,0.07222,8457100.0,610775.1697,1
BYBIT,DOGEUSDT,60,1784030400000,0.07222,0.07344,0.07209,0.07332,183244489.0,13355947.89939,1
BYBIT,DOGEUSDT,60,1784034000000,0.07332,0.07408,0.07307,0.07386,109855348.0,8099537.4015,1
BYBIT,DOGEUSDT,60,1784037600000,0.07386,0.07469,0.07363,0.0745,99130722.0,7342158.86713,1
BYBIT,DOGEUSDT,60,1784041200000,0.0745,0.07514,0.0743,0.07487,101159638.0,7563096.25707,1
BYBIT,DOGEUSDT,60,1784044800000,0.07487,0.07536,0.07451,0.07456,119468877.0,8957818.10121,1
BYBIT,DOGEUSDT,60,1784048400000,0.07456,0.07461,0.07404,0.07454,53425047.0,3970636.88412,1
BYBIT,DOGEUSDT,60,1784052000000,0.07454,0.07459,0.07417,0.07443,58888643.0,4376954.08454,1
BYBIT,DOGEUSDT,60,1784055600000,0.07443,0.07457,0.07412,0.07421,34008115.0,2525690.92231,1
BYBIT,DOGEUSDT,60,1784059200000,0.07421,0.07426,0.07398,0.07407,22486942.0,1666892.77894,1
BYBIT,DOGEUSDT,60,1784062800000,0.07407,0.0747,0.07405,0.07429,30811774.0,2291119.86262,1
BYBIT,DOGEUSDT,60,1784066400000,0.07429,0.07459,0.07398,0.07434,37917654.0,2817606.10346,1
BYBIT,DOGEUSDT,60,1784070000000,0.07434,0.07462,0.07419,0.07442,30110718.0,2241452.29395,1
BYBIT,DOGEUSDT,60,1784073600000,0.07442,0.07449,0.07392,0.07409,26384260.0,1956636.19539,1
BYBIT,DOGEUSDT,60,1784077200000,0.07409,0.07417,0.07383,0.074,28764613.0,2127071.92112,1
BYBIT,DOGEUSDT,60,1784080800000,0.074,0.07407,0.07362,0.0737,26990075.0,1991915.77304,1
BYBIT,DOGEUSDT,60,1784084400000,0.0737,0.07415,0.07366,0.074,25176943.0,1860823.99744,1
BYBIT,DOGEUSDT,60,1784088000000,0.074,0.07419,0.07378,0.07406,11245179.0,832494.655,1
BYBIT,DOGEUSDT,60,1784091600000,0.07406,0.07447,0.07381,0.07439,23404592.0,1735506.57525,1
BYBIT,DOGEUSDT,60,1784095200000,0.07439,0.07487,0.07432,0.07438,40676768.0,3033651.85392,1
BYBIT,DOGEUSDT,60,1784098800000,0.07438,0.07439,0.07377,0.07395,52792403.0,3904429.37606,1
BYBIT,DOGEUSDT,60,1784102400000,0.07395,0.07425,0.07388,0.07416,41404989.0,3065120.95194,1
BYBIT,DOGEUSDT,60,1784106000000,0.07416,0.07447,0.07343,0.07367,106907885.0,7893660.33203,1
BYBIT,DOGEUSDT,60,1784109600000,0.07367,0.07385,0.0736,0.07376,23551699.0,1736205.44698,1
BYBIT,DOGEUSDT,60,1784113200000,0.07376,0.07384,0.07352,0.07382,19846195.0,1462582.71294,1
BYBIT,DOGEUSDT,60,1784116800000,0.07382,0.07475,0.07364,0.07468,75455701.0,5600291.97536,1
BYBIT,DOGEUSDT,60,1784120400000,0.07468,0.07523,0.07423,0.07452,110397423.0,8254709.88386,1
BYBIT,DOGEUSDT,60,1784124000000,0.07452,0.07511,0.07444,0.07486,82072856.0,6138599.03408,1
BYBIT,DOGEUSDT,60,1784127600000,0.07486,0.07495,0.07426,0.07459,50566414.0,3771008.7712,1
BYBIT,DOGEUSDT,60,1784131200000,0.07459,0.07464,0.07327,0.0739,105534440.0,7787432.63786,1
BYBIT,DOGEUSDT,60,1784134800000,0.0739,0.07435,0.07377,0.0742,60622902.0,4488493.57445,1
BYBIT,DOGEUSDT,60,1784138400000,0.0742,0.07473,0.07393,0.07401,43614479.0,3244176.99752,1
BYBIT,DOGEUSDT,60,1784142000000,0.07401,0.07413,0.07361,0.07377,38091507.0,2812424.75582,1
BYBIT,DOGEUSDT,60,1784145600000,0.07377,0.07411,0.07369,0.07398,22267980.0,1645852.0023,1
BYBIT,DOGEUSDT,60,1784149200000,0.07398,0.07414,0.07389,0.074,17908548.0,1325572.48413,1
BYBIT,DOGEUSDT,60,1784152800000,0.074,0.07421,0.07388,0.07401,36715467.0,2719046.63811,1
BYBIT,DOGEUSDT,60,1784156400000,0.07401,0.07414,0.07391,0.07404,12903463.0,955195.91887,1
BYBIT,DOGEUSDT,60,1784160000000,0.07404,0.07423,0.0737,0.07386,25078896.0,1853000.96451,1
BYBIT,DOGEUSDT,60,1784163600000,0.07386,0.07415,0.07357,0.0741,25789479.0,1904241.69778,1
BYBIT,DOGEUSDT,60,1784167200000,0.0741,0.07434,0.07399,0.07433,18578125.0,1377841.87248,1
BYBIT,DOGEUSDT,60,1784170800000,0.07433,0.07446,0.07391,0.07395,27537516.0,2044364.69637,1
BYBIT,DOGEUSDT,60,1784174400000,0.07395,0.07405,0.07374,0.07377,13988386.0,1033337.8208,1
BYBIT,DOGEUSDT,60,1784178000000,0.07377,0.07425,0.07375,0.07418,26882228.0,1990999.0376,1
BYBIT,DOGEUSDT,60,1784181600000,0.07418,0.07432,0.07385,0.07408,21485371.0,1592327.01881,1
BYBIT,DOGEUSDT,60,1784185200000,0.07408,0.07411,0.07326,0.07352,66227340.0,4868697.03409,1
BYBIT,DOGEUSDT,60,1784188800000,0.07352,0.07353,0.0726,0.07311,149391405.0,10896481.14051,1
BYBIT,DOGEUSDT,60,1784192400000,0.07311,0.07323,0.073,0.07306,23445108.0,1714319.50595,1
BYBIT,DOGEUSDT,60,1784196000000,0.07306,0.07339,0.07305,0.07327,8059722.0,590151.63814,1
BYBIT,DOGEUSDT,60,1784199600000,0.07327,0.07328,0.07299,0.07324,17668843.0,1292542.69436,1
BYBIT,DOGEUSDT,60,1784203200000,0.07324,0.07326,0.07271,0.07285,66902543.0,4884355.01108,1
BYBIT,DOGEUSDT,60,1784206800000,0.07285,0.0737,0.0728,0.07356,47080164.0,3453049.16296,1
BYBIT,DOGEUSDT,60,1784210400000,0.07356,0.07393,0.07329,0.07359,45755830.0,3372990.18367,1
BYBIT,DOGEUSDT,60,1784214000000,0.07359,0.07391,0.07312,0.07359,21626479.0,1590498.97206,1
BYBIT,DOGEUSDT,60,1784217600000,0.07359,0.0737,0.07331,0.07339,24145268.0,1774485.62966,1
BYBIT,DOGEUSDT,60,1784221200000,0.07339,0.07344,0.0729,0.07319,51421503.0,3762022.12339,1
BYBIT,DOGEUSDT,60,1784224800000,0.07319,0.07363,0.07316,0.07339,25461526.0,1868715.98905,1
BYBIT,DOGEUSDT,60,1784228400000,0.07339,0.07347,0.07305,0.07314,19939974.0,1459856.87904,1
BYBIT,DOGEUSDT,60,1784232000000,0.07314,0.07319,0.07301,0.07303,13744176.0,1004550.54094,1
BYBIT,DOGEUSDT,60,1784235600000,0.07303,0.07325,0.07288,0.07308,15690040.0,1146508.88633,1
BYBIT,DOGEUSDT,60,1784239200000,0.07308,0.07331,0.07258,0.0727,36834514.0,2683554.14265,1
BYBIT,DOGEUSDT,60,1784242800000,0.0727,0.07274,0.07207,0.07231,90881828.0,6570609.0156,1
BYBIT,DOGEUSDT,60,1784246400000,0.07231,0.07273,0.07203,0.0727,45553649.0,3292597.20759,1
BYBIT,DOGEUSDT,60,1784250000000,0.0727,0.07283,0.07201,0.07212,34874590.0,2521435.73976,1
BYBIT,DOGEUSDT,60,1784253600000,0.07212,0.07224,0.07182,0.07205,42706716.0,3074103.61215,1
BYBIT,DOGEUSDT,60,1784257200000,0.07205,0.0726,0.07203,0.07238,13092295.0,948505.07779,1
BYBIT,DOGEUSDT,60,1784260800000,0.07238,0.07243,0.07196,0.07225,17938297.0,1294534.9604,1
BYBIT,DOGEUSDT,60,1784264400000,0.07225,0.07225,0.07137,0.07148,70347247.0,5041923.72467,1
BYBIT,DOGEUSDT,60,1784268000000,0.07148,0.07195,0.07135,0.07177,36511908.0,2616011.36036,1
BYBIT,DOGEUSDT,60,1784271600000,0.07177,0.07185,0.07154,0.07165,21101999.0,1513053.98422,1
BYBIT,DOGEUSDT,60,1784275200000,0.07165,0.07173,0.07112,0.07143,58201493.0,4152708.8237,1
BYBIT,DOGEUSDT,60,1784278800000,0.07143,0.0717,0.07141,0.07169,22691529.0,1623864.91938,1
BYBIT,DOGEUSDT,60,1784282400000,0.07169,0.07203,0.07166,0.07195,22722615.0,1632990.19834,1
BYBIT,DOGEUSDT,60,1784286000000,0.07195,0.07207,0.07182,0.07199,11541724.0,830558.24097,1
BYBIT,DOGEUSDT,60,1784289600000,0.07199,0.072,0.0716,0.07165,23637701.0,1695891.02842,1
BYBIT,DOGEUSDT,60,1784293200000,0.07165,0.07192,0.07094,0.07186,109301593.0,7794045.48695,1
BYBIT,DOGEUSDT,60,1784296800000,0.07186,0.07226,0.07171,0.0719,45651455.0,3287432.65111,1
BYBIT,DOGEUSDT,60,1784300400000,0.0719,0.07212,0.0715,0.07212,45644873.0,3278034.89346,1
BYBIT,DOGEUSDT,60,1784304000000,0.07212,0.07252,0.07194,0.07231,34216924.0,2470342.2249,1
BYBIT,DOGEUSDT,60,1784307600000,0.07231,0.07293,0.07231,0.07254,37389743.0,2716474.98524,1
BYBIT,DOGEUSDT,60,1784311200000,0.07254,0.07284,0.07234,0.07276,21433216.0,1554891.9297,1
BYBIT,DOGEUSDT,60,1784314800000,0.07276,0.07276,0.07236,0.0726,19739380.0,1432642.39418,1
BYBIT,DOGEUSDT,60,1784318400000,0.0726,0.07268,0.07227,0.07265,28545293.0,2067973.10924,1
BYBIT,DOGEUSDT,60,1784322000000,0.07265,0.0729,0.07259,0.07263,35791381.0,2604763.2042,1
BYBIT,DOGEUSDT,60,1784325600000,0.07263,0.07268,0.07237,0.07251,30669431.0,2222604.56055,1
BYBIT,DOGEUSDT,60,1784329200000,0.07251,0.07258,0.0723,0.07251,8851504.0,640893.06355,1
BYBIT,DOGEUSDT,60,1784332800000,0.07251,0.07267,0.07245,0.07247,10247451.0,743987.43822,1
BYBIT,DOGEUSDT,60,1784336400000,0.07247,0.07259,0.07237,0.07253,15641755.0,1133366.74554,1
BYBIT,DOGEUSDT,60,1784340000000,0.07253,0.07275,0.07248,0.07253,12612722.0,915949.67522,1
BYBIT,DOGEUSDT,60,1784343600000,0.07253,0.07276,0.07252,0.07263,9594578.0,696829.73168,1
BYBIT,DOGEUSDT,60,1784347200000,0.07263,0.07266,0.07245,0.07247,5898708.0,427842.41424,1
BYBIT,DOGEUSDT,60,1784350800000,0.07247,0.07248,0.07206,0.0722,37642846.0,2720695.02929,1
BYBIT,DOGEUSDT,60,1784354400000,0.0722,0.0724,0.07212,0.07233,12006233.0,867896.70507,1
BYBIT,DOGEUSDT,60,1784358000000,0.07233,0.07238,0.07224,0.07227,4125210.0,298230.96385,1
BYBIT,DOGEUSDT,60,1784361600000,0.07227,0.07242,0.07219,0.07222,8609557.0,622215.14128,1
BYBIT,DOGEUSDT,60,1784365200000,0.07222,0.07225,0.07187,0.07212,30162553.0,2171562.95786,1
BYBIT,DOGEUSDT,60,1784368800000,0.07212,0.07227,0.07208,0.07216,10076370.0,727194.53785,1
BYBIT,DOGEUSDT,60,1784372400000,0.07216,0.07225,0.07213,0.07221,5319032.0,383961.12109,1
BYBIT,DOGEUSDT,60,1784376000000,0.07221,0.07247,0.07201,0.0723,27786746.0,2008300.18346,1
BYBIT,DOGEUSDT,60,1784379600000,0.0723,0.0723,0.0719,0.07207,21233293.0,1529525.56747,1
BYBIT,DOGEUSDT,60,1784383200000,0.07207,0.07229,0.07203,0.07222,11419093.0,824483.54685,1
BYBIT,DOGEUSDT,60,1784386800000,0.07222,0.07229,0.07207,0.07214,8491687.0,612910.14308,1
BYBIT,DOGEUSDT,60,1784390400000,0.07214,0.07231,0.07202,0.07226,19752062.0,1425840.90367,1
BYBIT,DOGEUSDT,60,1784394000000,0.07226,0.07242,0.07211,0.07234,15853519.0,1145365.65561,1
BYBIT,DOGEUSDT,60,1784397600000,0.07234,0.07259,0.07223,0.07229,20371878.0,1475046.52266,1
BYBIT,DOGEUSDT,60,1784401200000,0.07229,0.0724,0.07225,0.07234,10629905.0,768700.49195,1
BYBIT,DOGEUSDT,60,1784404800000,0.07234,0.07251,0.07225,0.07237,10277312.0,743720.62719,1
BYBIT,DOGEUSDT,60,1784408400000,0.07237,0.07252,0.07223,0.07232,12793777.0,925738.4087,1
BYBIT,DOGEUSDT,60,1784412000000,0.07232,0.07249,0.07228,0.07244,12242490.0,886379.16551,1
BYBIT,DOGEUSDT,60,1784415600000,0.07244,0.07251,0.07236,0.07248,17036396.0,1234167.13787,1
BYBIT,DOGEUSDT,60,1784419200000,0.07248,0.07254,0.07236,0.07249,9002365.0,652244.67172,1
BYBIT,DOGEUSDT,60,1784422800000,0.07249,0.07252,0.07237,0.07238,7253751.0,525384.53248,1
BYBIT,DOGEUSDT,60,1784426400000,0.07238,0.0728,0.07236,0.0726,21990198.0,1597192.51714,1
BYBIT,DOGEUSDT,60,1784430000000,0.0726,0.07264,0.07231,0.07239,11883666.0,860354.34097,1
BYBIT,DOGEUSDT,60,1784433600000,0.07239,0.07246,0.07223,0.07233,7549335.0,545841.38278,1
BYBIT,DOGEUSDT,60,1784437200000,0.07233,0.07247,0.07228,0.07232,6594592.0,477437.405,1
BYBIT,DOGEUSDT,60,1784440800000,0.07232,0.07249,0.07229,0.07246,6624799.0,479611.53052,1
BYBIT,DOGEUSDT,60,1784444400000,0.07246,0.07261,0.07238,0.07242,8133701.0,589479.01948,1
BYBIT,DOGEUSDT,60,1784448000000,0.07242,0.07269,0.07238,0.07264,9604943.0,697257.96825,1
BYBIT,DOGEUSDT,60,1784451600000,0.07264,0.07275,0.07235,0.07246,23963888.0,1738237.92132,1
BYBIT,DOGEUSDT,60,1784455200000,0.07246,0.07276,0.07233,0.0726,15930766.0,1156380.54404,1
BYBIT,DOGEUSDT,60,1784458800000,0.0726,0.07272,0.07245,0.0725,7344130.0,533154.43104,1
BYBIT,DOGEUSDT,60,1784462400000,0.0725,0.07259,0.07225,0.07241,15731317.0,1138971.16672,1
BYBIT,DOGEUSDT,60,1784466000000,0.07241,0.0725,0.07217,0.07239,24146920.0,1746363.00722,1
BYBIT,DOGEUSDT,60,1784469600000,0.07239,0.07276,0.0723,0.07259,16985868.0,1232304.29593,1
BYBIT,DOGEUSDT,60,1784473200000,0.07259,0.07261,0.07235,0.07244,8128371.0,589035.07544,1
BYBIT,DOGEUSDT,60,1784476800000,0.07244,0.07251,0.07226,0.07226,15086879.0,1091763.98452,1
BYBIT,DOGEUSDT,60,1784480400000,0.07226,0.07242,0.07185,0.07221,54331759.0,3918002.51257,1
BYBIT,DOGEUSDT,60,1784484000000,0.07221,0.07221,0.07162,0.07203,42722763.0,3071499.22494,1
BYBIT,DOGEUSDT,60,1784487600000,0.07203,0.07225,0.07192,0.07225,14127469.0,1019113.80021,1
BYBIT,DOGEUSDT,60,1784491200000,0.07225,0.07239,0.07222,0.07239,9179948.0,663820.93995,1
BYBIT,DOGEUSDT,60,1784494800000,0.07239,0.07241,0.07186,0.07196,19075846.0,1375832.8904,1
BYBIT,DOGEUSDT,60,1784498400000,0.07196,0.07257,0.07189,0.07227,27442578.0,1983966.2744,1
BYBIT,DOGEUSDT,60,1784502000000,0.07227,0.07242,0.07197,0.07237,24928295.0,1798876.40403,1
BYBIT,DOGEUSDT,60,1784505600000,0.07237,0.07305,0.07218,0.07242,63516233.0,4617520.11013,1
BYBIT,DOGEUSDT,60,1784509200000,0.07242,0.07314,0.07217,0.07227,68206395.0,4957344.59036,1
BYBIT,DOGEUSDT,60,1784512800000,0.07227,0.07281,0.07223,0.07266,34120732.0,2475607.98254,1
BYBIT,DOGEUSDT,60,1784516400000,0.07266,0.07291,0.07249,0.07269,19620429.0,1426633.88525,1
BYBIT,DOGEUSDT,60,1784520000000,0.07269,0.07271,0.07227,0.07228,19308546.0,1399278.14933,1
BYBIT,DOGEUSDT,60,1784523600000,0.07228,0.0723,0.07133,0.07167,58806670.0,4218933.21544,1
BYBIT,DOGEUSDT,60,1784527200000,0.07167,0.07176,0.07104,0.07131,68160750.0,4865549.30273,1
BYBIT,DOGEUSDT,60,1784530800000,0.07131,0.07183,0.07129,0.07182,33659474.0,2409266.32567,1
BYBIT,DOGEUSDT,60,1784534400000,0.07182,0.07195,0.07149,0.07177,40437716.0,2898796.11588,1
BYBIT,DOGEUSDT,60,1784538000000,0.07177,0.07212,0.0717,0.07201,16118772.0,1159738.27522,1
BYBIT,DOGEUSDT,60,1784541600000,0.07201,0.07228,0.07195,0.07215,17901364.0,1291909.13986,1
BYBIT,DOGEUSDT,60,1784545200000,0.07215,0.07293,0.07211,0.07285,67252098.0,4883221.42537,1
BYBIT,DOGEUSDT,60,1784548800000,0.07285,0.07287,0.07247,0.07252,36079337.0,2621754.91237,1
BYBIT,DOGEUSDT,60,1784552400000,0.07252,0.07272,0.07191,0.07203,59731033.0,4325339.40557,1
BYBIT,DOGEUSDT,60,1784556000000,0.07203,0.07253,0.07175,0.07234,55155190.0,3977180.55832,1
BYBIT,DOGEUSDT,60,1784559600000,0.07234,0.07347,0.0723,0.07335,124122676.0,9062194.7513,1
BYBIT,DOGEUSDT,60,1784563200000,0.07335,0.07357,0.07294,0.07322,116691436.0,8544844.1299,1
BYBIT,DOGEUSDT,60,1784566800000,0.07322,0.07327,0.07281,0.07307,79100071.0,5773568.99927,1
BYBIT,DOGEUSDT,60,1784570400000,0.07307,0.07326,0.07233,0.0724,128075612.0,9317562.68018,1
BYBIT,DOGEUSDT,60,1784574000000,0.0724,0.07243,0.07144,0.07211,137494314.0,9897046.30618,1
BYBIT,DOGEUSDT,60,1784577600000,0.07211,0.07235,0.07191,0.07217,30876323.0,2226895.60633,1
BYBIT,DOGEUSDT,60,1784581200000,0.07217,0.07233,0.07205,0.07206,37190084.0,2683355.221,1
BYBIT,DOGEUSDT,60,1784584800000,0.07206,0.07206,0.07164,0.07176,30032689.0,2157215.34934,1
BYBIT,DOGEUSDT,60,1784588400000,0.07176,0.0722,0.0717,0.07214,25717323.0,1851609.92959,1
BYBIT,DOGEUSDT,60,1784592000000,0.07214,0.07239,0.07186,0.07227,27508680.0,1983787.92176,1
BYBIT,DOGEUSDT,60,1784595600000,0.07227,0.07241,0.07214,0.0722,27184583.0,1964475.19719,1
BYBIT,DOGEUSDT,60,1784599200000,0.0722,0.07259,0.07208,0.07246,20523392.0,1485012.49159,1
BYBIT,DOGEUSDT,60,1784602800000,0.07246,0.07282,0.07246,0.07275,26824915.0,1948453.34926,1
BYBIT,DOGEUSDT,60,1784606400000,0.07275,0.07284,0.07249,0.07268,22114509.0,1607086.3215,1
BYBIT,DOGEUSDT,60,1784610000000,0.07268,0.0731,0.07266,0.07294,33687208.0,2456030.83757,1
BYBIT,DOGEUSDT,60,1784613600000,0.07294,0.07321,0.07279,0.0731,61129608.0,4467531.04804,1
BYBIT,DOGEUSDT,60,1784617200000,0.0731,0.07333,0.07296,0.07331,33304965.0,2435402.1519,1
BYBIT,DOGEUSDT,60,1784620800000,0.07331,0.0738,0.07327,0.07353,76542730.0,5629855.48455,1
BYBIT,DOGEUSDT,60,1784624400000,0.07353,0.07358,0.07332,0.07344,32361810.0,2376952.93984,1
BYBIT,DOGEUSDT,60,1784628000000,0.07344,0.07374,0.07324,0.07343,62913377.0,4623823.77785,1
BYBIT,DOGEUSDT,60,1784631600000,0.07343,0.07372,0.07337,0.07363,45677283.0,3359791.99352,1
BYBIT,DOGEUSDT,60,1784635200000,0.07363,0.0737,0.07336,0.07352,51572427.0,3792063.86669,1
BYBIT,DOGEUSDT,60,1784638800000,0.07352,0.07358,0.07309,0.07348,65942402.0,4833900.0946,1
BYBIT,DOGEUSDT,60,1784642400000,0.07348,0.07359,0.07308,0.07327,53346570.0,3915484.94323,1
BYBIT,DOGEUSDT,60,1784646000000,0.07327,0.07345,0.07306,0.07344,28136919.0,2060585.76618,1
BYBIT,DOGEUSDT,60,1784649600000,0.07344,0.07349,0.07319,0.07336,17698061.0,1298024.2293,1
BYBIT,DOGEUSDT,60,1784653200000,0.07336,0.0734,0.07288,0.07325,41292209.0,3019613.49387,1
BYBIT,DOGEUSDT,60,1784656800000,0.07325,0.07346,0.07318,0.07343,20549494.0,1507632.24209,1
BYBIT,DOGEUSDT,60,1784660400000,0.07343,0.07362,0.07332,0.0735,25758288.0,1893242.15156,1
BYBIT,DOGEUSDT,60,1784664000000,0.0735,0.0736,0.07337,0.0735,11838390.0,869934.17712,1
BYBIT,DOGEUSDT,60,1784667600000,0.0735,0.07355,0.07325,0.07335,19456142.0,1427774.99917,1
BYBIT,DOGEUSDT,60,1784671200000,0.07335,0.07335,0.07299,0.07308,30349270.0,2218528.945,1
BYBIT,DOGEUSDT,60,1784674800000,0.07308,0.07335,0.07293,0.07335,21443579.0,1567872.66376,1
BYBIT,DOGEUSDT,60,1784678400000,0.07335,0.07386,0.07326,0.07368,38107683.0,2807746.93025,1
BYBIT,DOGEUSDT,60,1784682000000,0.07368,0.07379,0.07332,0.07359,25714040.0,1891352.9488,1
BYBIT,DOGEUSDT,60,1784685600000,0.07359,0.07373,0.07338,0.0734,19992249.0,1470466.71198,1
BYBIT,DOGEUSDT,60,1784689200000,0.0734,0.07349,0.07316,0.07322,21268509.0,1559363.27696,1
BYBIT,DOGEUSDT,60,1784692800000,0.07322,0.07347,0.07317,0.07341,39583711.0,2904075.29734,1
BYBIT,DOGEUSDT,60,1784696400000,0.07341,0.07341,0.07239,0.07244,156340295.0,11380675.86665,1
BYBIT,DOGEUSDT,60,1784700000000,0.07244,0.07248,0.07216,0.07235,58148688.0,4205861.30741,1
BYBIT,DOGEUSDT,60,1784703600000,0.07235,0.07238,0.07203,0.07218,53895933.0,3890722.04588,1
BYBIT,DOGEUSDT,60,1784707200000,0.07218,0.07251,0.07215,0.07245,31051707.0,2248959.49168,1
BYBIT,DOGEUSDT,60,1784710800000,0.07245,0.0726,0.07234,0.07249,19588097.0,1419125.53572,1
BYBIT,DOGEUSDT,60,1784714400000,0.07249,0.07277,0.07242,0.07271,20058027.0,1456620.37344,1
BYBIT,DOGEUSDT,60,1784718000000,0.07271,0.0728,0.07249,0.07262,28563484.0,2075565.83625,1
BYBIT,DOGEUSDT,60,1784721600000,0.07262,0.07262,0.07213,0.0724,38028741.0,2750969.42348,1
BYBIT,DOGEUSDT,60,1784725200000,0.0724,0.07292,0.0723,0.07282,54022131.0,3926272.22012,1
BYBIT,DOGEUSDT,60,1784728800000,0.07282,0.0733,0.07242,0.0728,93153051.0,6782690.52412,1
BYBIT,DOGEUSDT,60,1784732400000,0.0728,0.07328,0.0728,0.07304,40691336.0,2975194.99068,1
BYBIT,DOGEUSDT,60,1784736000000,0.07304,0.07349,0.07287,0.07335,37670905.0,2759374.69788,1
BYBIT,DOGEUSDT,60,1784739600000,0.07335,0.07346,0.07299,0.07314,33233888.0,2435711.46093,1
BYBIT,DOGEUSDT,60,1784743200000,0.07314,0.0732,0.07257,0.07274,70463689.0,5128315.23429,1
BYBIT,DOGEUSDT,60,1784746800000,0.07274,0.07278,0.07221,0.07246,60883290.0,4410641.93146,1
BYBIT,DOGEUSDT,60,1784750400000,0.07246,0.07276,0.07234,0.0726,54205722.0,3931607.52186,1
BYBIT,DOGEUSDT,60,1784754000000,0.0726,0.07305,0.07239,0.07297,44527969.0,3236474.35216,1
BYBIT,DOGEUSDT,60,1784757600000,0.07297,0.07303,0.07275,0.073,24290243.0,1770363.44626,1
BYBIT,DOGEUSDT,60,1784761200000,0.073,0.07301,0.07246,0.07298,35572177.0,2585784.94023,1
BYBIT,DOGEUSDT,60,1784764800000,0.07298,0.07318,0.07287,0.07295,14422297.0,1053357.31168,1
BYBIT,DOGEUSDT,60,1784768400000,0.07295,0.07305,0.07268,0.07275,19424724.0,1413630.61801,1
BYBIT,DOGEUSDT,60,1784772000000,0.07275,0.0728,0.0725,0.07265,21395816.0,1554809.17258,1
BYBIT,DOGEUSDT,60,1784775600000,0.07265,0.07268,0.07219,0.07233,40186833.0,2909614.26567,1
BYBIT,DOGEUSDT,60,1784779200000,0.07233,0.07259,0.07226,0.07251,22197699.0,1608911.98321,1
BYBIT,DOGEUSDT,60,1784782800000,0.07251,0.07267,0.07235,0.07243,10754680.0,779489.78483,1
BYBIT,DOGEUSDT,60,1784786400000,0.07243,0.07261,0.07235,0.07259,12250961.0,888335.93204,1
BYBIT,DOGEUSDT,60,1784790000000,0.07259,0.07259,0.07205,0.07217,73240943.0,5287839.58373,1
BYBIT,DOGEUSDT,60,1784793600000,0.07217,0.07245,0.07212,0.07239,24678510.0,1785108.19308,1
BYBIT,DOGEUSDT,60,1784797200000,0.07239,0.07249,0.07219,0.0722,48666186.0,3520133.16928,1
BYBIT,DOGEUSDT,60,1784800800000,0.0722,0.07247,0.07216,0.07236,26516510.0,1919126.91268,1
BYBIT,DOGEUSDT,60,1784804400000,0.07236,0.0725,0.07228,0.07234,25123661.0,1818248.99205,1
BYBIT,DOGEUSDT,60,1784808000000,0.07234,0.07239,0.07049,0.07121,314990651.0,22481146.59069,1
BYBIT,DOGEUSDT,60,1784811600000,0.07121,0.07128,0.0699,0.07025,262905615.0,18531121.52652,1
BYBIT,DOGEUSDT,60,1784815200000,0.07025,0.07065,0.07003,0.0702,127785496.0,8987497.80537,1
BYBIT,DOGEUSDT,60,1784818800000,0.0702,0.07021,0.06837,0.06971,451482230.0,31220106.35142,1
BYBIT,DOGEUSDT,60,1784822400000,0.06971,0.06979,0.0692,0.06959,99117765.0,6890107.64691,1
BYBIT,DOGEUSDT,60,1784826000000,0.06959,0.06979,0.06921,0.06936,73779076.0,5127693.12593,1
BYBIT,DOGEUSDT,60,1784829600000,0.06936,0.06946,0.06909,0.06927,66325443.0,4594992.21491,1
BYBIT,DOGEUSDT,60,1784833200000,0.06927,0.0694,0.06891,0.06921,64094456.0,4431682.40133,1
BYBIT,DOGEUSDT,60,1784836800000,0.06921,0.06965,0.06919,0.06961,43777883.0,3042049.95952,1
BYBIT,DOGEUSDT,60,1784840400000,0.06961,0.06973,0.06937,0.06947,33985863.0,2362272.2617,1
BYBIT,DOGEUSDT,60,1784844000000,0.06947,0.06967,0.06929,0.06951,28117245.0,1954555.78137,1
BYBIT,DOGEUSDT,60,1784847600000,0.06951,0.06955,0.06908,0.06916,26700572.0,1850935.92656,1
BYBIT,DOGEUSDT,60,1784851200000,0.06916,0.06919,0.0687,0.06918,102782559.0,7088247.44746,1
BYBIT,DOGEUSDT,60,1784854800000,0.06918,0.06939,0.06914,0.06924,35646028.0,2470255.70099,1
BYBIT,DOGEUSDT,60,1784858400000,0.06924,0.06943,0.06877,0.06913,37692271.0,2604635.15402,1
BYBIT,DOGEUSDT,60,1784862000000,0.06913,0.06947,0.069,0.06938,58691248.0,4067765.11794,1
BYBIT,DOGEUSDT,60,1784865600000,0.06938,0.06941,0.06895,0.06903,53680443.0,3710004.39283,1
BYBIT,DOGEUSDT,60,1784869200000,0.06903,0.06924,0.0689,0.06917,87948473.0,6077045.42159,1
BYBIT,DOGEUSDT,60,1784872800000,0.06917,0.06941,0.06914,0.06929,34984357.0,2424493.6262,1
BYBIT,DOGEUSDT,60,1784876400000,0.06929,0.07013,0.06929,0.07004,179063845.0,12514577.76594,1
BYBIT,DOGEUSDT,60,1784880000000,0.07004,0.07004,0.06977,0.06994,24384972.0,1705184.24689,1
BYBIT,DOGEUSDT,60,1784883600000,0.06994,0.07005,0.06961,0.07,37382649.0,2611312.88097,1
BYBIT,DOGEUSDT,60,1784887200000,0.07,0.07004,0.06965,0.06982,33809613.0,2362107.50549,1
BYBIT,DOGEUSDT,60,1784890800000,0.06982,0.06988,0.06917,0.06943,78069402.0,5426803.41797,1
BYBIT,DOGEUSDT,60,1784894400000,0.06943,0.06962,0.06903,0.06909,55792256.0,3866755.09136,1
BYBIT,DOGEUSDT,60,1784898000000,0.06909,0.06915,0.06814,0.06867,259817298.0,17809128.0003,1
BYBIT,DOGEUSDT,60,1784901600000,0.06867,0.06885,0.0682,0.06885,78203494.0,5355126.86451,1
BYBIT,DOGEUSDT,60,1784905200000,0.06885,0.06938,0.06851,0.06915,78809932.0,5442735.97056,1
BYBIT,DOGEUSDT,60,1784908800000,0.06915,0.06916,0.06849,0.06874,78261963.0,5391291.67253,1
BYBIT,DOGEUSDT,60,1784912400000,0.06874,0.06919,0.06871,0.06913,33137737.0,2285026.55746,1
BYBIT,DOGEUSDT,60,1784916000000,0.06913,0.06918,0.06891,0.06912,19415414.0,1340693.98346,1
BYBIT,DOGEUSDT,60,1784919600000,0.06912,0.06926,0.06901,0.0692,13866932.0,958876.31541,1
BYBIT,DOGEUSDT,60,1784923200000,0.0692,0.06931,0.06911,0.06916,18468214.0,1278725.09159,1
BYBIT,DOGEUSDT,60,1784926800000,0.06916,0.06921,0.06878,0.06885,43800354.0,3018218.06,1
BYBIT,DOGEUSDT,60,1784930400000,0.06885,0.06968,0.06879,0.06949,56426472.0,3911642.72245,1
BYBIT,DOGEUSDT,60,1784934000000,0.06949,0.0696,0.06932,0.06953,30441935.0,2114661.44022,1
BYBIT,DOGEUSDT,60,1784937600000,0.06953,0.0697,0.0694,0.0696,33037554.0,2297138.79931,1
BYBIT,DOGEUSDT,60,1784941200000,0.0696,0.0697,0.0694,0.06951,23313504.0,1620869.17248,1
BYBIT,DOGEUSDT,60,1784944800000,0.06951,0.06967,0.0695,0.06962,10113672.0,703751.53329,1
BYBIT,DOGEUSDT,60,1784948400000,0.06962,0.06972,0.06954,0.06964,8024237.0,558834.51898,1
BYBIT,DOGEUSDT,60,1784952000000,0.06964,0.06979,0.06951,0.06959,17498822.0,1219337.55857,1
BYBIT,DOGEUSDT,60,1784955600000,0.06959,0.06964,0.06924,0.06933,15860592.0,1100887.09739,1
BYBIT,DOGEUSDT,60,1784959200000,0.06933,0.06942,0.06917,0.0694,18275052.0,1266313.89871,1
BYBIT,DOGEUSDT,60,1784962800000,0.0694,0.06946,0.06927,0.06932,19163341.0,1329718.88656,1
BYBIT,DOGEUSDT,60,1784966400000,0.06932,0.06947,0.06912,0.06938,23873993.0,1654944.12896,1
BYBIT,DOGEUSDT,60,1784970000000,0.06938,0.06958,0.06936,0.06947,15326961.0,1065408.46331,1
BYBIT,DOGEUSDT,60,1784973600000,0.06947,0.06954,0.06937,0.06952,11091167.0,770546.40661,1
BYBIT,DOGEUSDT,60,1784977200000,0.06952,0.06957,0.06929,0.06939,11676288.0,810590.82497,1
BYBIT,DOGEUSDT,60,1784980800000,0.06939,0.06972,0.06937,0.06972,37028008.0,2575077.45496,1
BYBIT,DOGEUSDT,60,1784984400000,0.06972,0.07025,0.06972,0.06991,63125678.0,4417731.05698,1
BYBIT,DOGEUSDT,60,1784988000000,0.06991,0.07057,0.06983,0.07033,40922305.0,2873291.25946,1
BYBIT,DOGEUSDT,60,1784991600000,0.07033,0.07145,0.07028,0.07116,187009732.0,13266116.46699,1
BYBIT,DOGEUSDT,60,1784995200000,0.07116,0.07225,0.07112,0.07215,274470077.0,19671865.33302,1
BYBIT,DOGEUSDT,60,1784998800000,0.07215,0.0735,0.07211,0.07317,212452165.0,15477374.35267,1
BYBIT,DOGEUSDT,60,1785002400000,0.07317,0.07367,0.07268,0.07289,134619154.0,9844834.964,1
BYBIT,DOGEUSDT,60,1785006000000,0.07289,0.07299,0.07247,0.07277,47672639.0,3468402.62081,1
BYBIT,DOGEUSDT,60,1785009600000,0.07277,0.07293,0.07234,0.07249,53609796.0,3890179.73538,1
BYBIT,DOGEUSDT,60,1785013200000,0.07249,0.07258,0.07202,0.07227,99574278.0,7201266.13503,1
BYBIT,DOGEUSDT,60,1785016800000,0.07227,0.07238,0.07192,0.07198,41062349.0,2961085.35416,1
BYBIT,DOGEUSDT,60,1785020400000,0.07198,0.07198,0.0716,0.07167,46416342.0,3330741.91784,1
BYBIT,DOGEUSDT,60,1785024000000,0.07167,0.07184,0.07152,0.0718,80770519.0,5790605.82422,1
BYBIT,DOGEUSDT,60,1785027600000,0.0718,0.07212,0.07156,0.07211,51383118.0,3687210.68956,1
BYBIT,DOGEUSDT,60,1785031200000,0.07211,0.07277,0.0719,0.07241,126930332.0,9189953.5026,1
BYBIT,DOGEUSDT,60,1785034800000,0.07241,0.07272,0.07223,0.07268,44118338.0,3196838.69076,1
BYBIT,DOGEUSDT,60,1785038400000,0.07268,0.07335,0.07249,0.07318,108654271.0,7925722.53386,1
BYBIT,DOGEUSDT,60,1785042000000,0.07318,0.07382,0.07304,0.07337,136533463.0,10032561.60433,1
BYBIT,DOGEUSDT,60,1785045600000,0.07337,0.07355,0.07269,0.07346,75285714.0,5502169.96328,1
BYBIT,DOGEUSDT,60,1785049200000,0.07346,0.07399,0.07303,0.07324,135986181.0,9997487.78176,1
BYBIT,DOGEUSDT,60,1785052800000,0.07324,0.07374,0.07314,0.07339,59185020.0,4345969.69651,1
BYBIT,DOGEUSDT,60,1785056400000,0.07339,0.07346,0.073,0.07323,50313950.0,3683479.24215,1
BYBIT,DOGEUSDT,60,1785060000000,0.07323,0.07346,0.07311,0.07325,22612832.0,1657773.50437,1
BYBIT,DOGEUSDT,60,1785063600000,0.07325,0.07342,0.07312,0.07318,12773774.0,935769.42605,1
BYBIT,DOGEUSDT,60,1785067200000,0.07318,0.0734,0.073,0.07323,39600856.0,2900423.25704,1
BYBIT,DOGEUSDT,60,1785070800000,0.07323,0.07323,0.07282,0.07303,40343855.0,2944886.47309,1
BYBIT,DOGEUSDT,60,1785074400000,0.07303,0.07333,0.07276,0.07295,44561275.0,3254063.12963,1
BYBIT,DOGEUSDT,60,1785078000000,0.07295,0.07322,0.07282,0.07306,32558843.0,2377813.59518,1
BYBIT,DOGEUSDT,60,1785081600000,0.07306,0.07337,0.0729,0.07307,52355382.0,3830597.82611,1
BYBIT,DOGEUSDT,60,1785085200000,0.07307,0.07321,0.07288,0.07307,31495425.0,2300650.54927,1
BYBIT,DOGEUSDT,60,1785088800000,0.07307,0.07308,0.07259,0.07266,54975898.0,4000723.41723,1
BYBIT,DOGEUSDT,60,1785092400000,0.07266,0.07272,0.07247,0.07261,49070873.0,3560717.33869,1
BYBIT,DOGEUSDT,60,1785096000000,0.07261,0.07279,0.07254,0.07256,22148383.0,1609545.94807,1
BYBIT,DOGEUSDT,60,1785099600000,0.07256,0.07284,0.07248,0.07274,22615489.0,1643101.73177,1
BYBIT,DOGEUSDT,60,1785103200000,0.07274,0.07337,0.07274,0.07324,106453443.0,7784994.41099,1
BYBIT,DOGEUSDT,60,1785106800000,0.07324,0.07351,0.0731,0.07336,50202394.0,3680661.58493,1
BYBIT,DOGEUSDT,60,1785110400000,0.07336,0.07339,0.07292,0.07298,48205078.0,3526162.60581,1
BYBIT,DOGEUSDT,60,1785114000000,0.07298,0.07302,0.07252,0.07281,49784169.0,3622141.01751,1
BYBIT,DOGEUSDT,60,1785117600000,0.07281,0.07285,0.07247,0.07257,28009975.0,2035192.19939,1
BYBIT,DOGEUSDT,60,1785121200000,0.07257,0.07291,0.07248,0.07283,26423279.0,1921108.78586,1
BYBIT,DOGEUSDT,60,1785124800000,0.07283,0.07308,0.07264,0.07276,26682194.0,1943579.50741,1
BYBIT,DOGEUSDT,60,1785128400000,0.07276,0.07303,0.07264,0.07293,38118974.0,2776747.9768,1
BYBIT,DOGEUSDT,60,1785132000000,0.07293,0.07349,0.07292,0.07295,61661646.0,4512478.98142,1
BYBIT,DOGEUSDT,60,1785135600000,0.07295,0.073,0.07268,0.0728,27221050.0,1982492.3849,1
BYBIT,DOGEUSDT,60,1785139200000,0.0728,0.07283,0.07231,0.07255,59227809.0,4296151.49741,1
BYBIT,DOGEUSDT,60,1785142800000,0.07255,0.07271,0.07215,0.07264,59930977.0,4340167.01101,1
BYBIT,DOGEUSDT,60,1785146400000,0.07264,0.0729,0.07259,0.07275,22257655.0,1619360.28668,1
BYBIT,DOGEUSDT,60,1785150000000,0.07275,0.0728,0.0725,0.07253,17770227.0,1291006.01375,1
BYBIT,DOGEUSDT,60,1785153600000,0.07253,0.073,0.07234,0.07289,47294460.0,3438499.33017,1
BYBIT,DOGEUSDT,60,1785157200000,0.07289,0.07319,0.07232,0.07274,70007590.0,5094154.70307,1
BYBIT,DOGEUSDT,60,1785160800000,0.07274,0.07279,0.07074,0.07136,281515929.0,20131831.34365,1
BYBIT,DOGEUSDT,60,1785164400000,0.07136,0.07162,0.07124,0.07133,37760329.0,2697222.57082,1
BYBIT,DOGEUSDT,60,1785168000000,0.07133,0.07218,0.07118,0.0721,66114390.0,4747683.42722,1
BYBIT,DOGEUSDT,60,1785171600000,0.0721,0.07229,0.07196,0.0721,60952636.0,4395250.07026,1
BYBIT,DOGEUSDT,60,1785175200000,0.0721,0.07213,0.07149,0.07176,56180128.0,4026639.65592,1
BYBIT,DOGEUSDT,60,1785178800000,0.07176,0.07213,0.07174,0.072,29166262.0,2099078.5476,1
BYBIT,DOGEUSDT,60,1785182400000,0.072,0.07212,0.0718,0.07209,11040208.0,794393.99983,1
BYBIT,DOGEUSDT,60,1785186000000,0.07209,0.07216,0.07178,0.07186,18861826.0,1357865.01108,1
BYBIT,DOGEUSDT,60,1785189600000,0.07186,0.07186,0.07032,0.07042,160360055.0,11363958.01025,1
BYBIT,DOGEUSDT,60,1785193200000,0.07042,0.07065,0.07006,0.07032,101135200.0,7110213.77176,1
BYBIT,DOGEUSDT,60,1785196800000,0.07032,0.07053,0.06982,0.06987,66366545.0,4653591.11104,1
BYBIT,DOGEUSDT,60,1785200400000,0.06987,0.06997,0.06927,0.06968,123452583.0,8595190.29596,1
BYBIT,DOGEUSDT,60,1785204000000,0.06968,0.07024,0.06963,0.07008,73775510.0,5168947.28711,1
BYBIT,DOGEUSDT,60,1785207600000,0.07008,0.07022,0.06987,0.0702,23314753.0,1633775.78555,1
BYBIT,DOGEUSDT,60,1785211200000,0.0702,0.07024,0.0699,0.06999,27461920.0,1924288.53324,1
BYBIT,DOGEUSDT,60,1785214800000,0.06999,0.07011,0.06982,0.06997,33679406.0,2357238.43947,1
BYBIT,DOGEUSDT,60,1785218400000,0.06997,0.07039,0.06978,0.07036,54218380.0,3804606.4751,1
BYBIT,DOGEUSDT,60,1785222000000,0.07036,0.07045,0.07002,0.07011,44250158.0,3108277.14436,1
BYBIT,DOGEUSDT,60,1785225600000,0.07011,0.07025,0.07,0.07015,54432234.0,3817345.7435,1
BYBIT,DOGEUSDT,60,1785229200000,0.07015,0.07028,0.07,0.07011,15058306.0,1055908.53855,1
BYBIT,DOGEUSDT,60,1785232800000,0.07011,0.07017,0.06996,0.07011,26755124.0,1874690.72635,1
BYBIT,DOGEUSDT,60,1785236400000,0.07011,0.07015,0.06968,0.06997,70393480.0,4918877.28843,1
BYBIT,DOGEUSDT,60,1785240000000,0.06997,0.07015,0.06985,0.07007,41339331.0,2893995.67581,1
BYBIT,DOGEUSDT,60,1785243600000,0.07007,0.07015,0.06918,0.06955,124575293.0,8668248.25761,1
BYBIT,DOGEUSDT,60,1785247200000,0.06955,0.07005,0.06931,0.06993,54533110.0,3802593.94768,1
BYBIT,DOGEUSDT,60,1785250800000,0.06993,0.07103,0.06981,0.07076,93030122.0,6562576.61154,1
BYBIT,DOGEUSDT,60,1785254400000,0.07076,0.07124,0.07061,0.07113,53346715.0,3783753.97888,1
BYBIT,DOGEUSDT,60,1785258000000,0.07113,0.07137,0.07043,0.0706,70145860.0,4972544.13263,1
BYBIT,DOGEUSDT,60,1785261600000,0.0706,0.07076,0.07047,0.0707,12799328.0,903939.12736,1
BYBIT,DOGEUSDT,60,1785265200000,0.0707,0.07086,0.07057,0.0707,21549772.0,1523514.66318,1
BYBIT,DOGEUSDT,60,1785268800000,0.0707,0.07086,0.07059,0.07071,15509477.0,1097152.90418,1
BYBIT,DOGEUSDT,60,1785272400000,0.07071,0.07112,0.07067,0.07095,17037600.0,1207234.65629,1
BYBIT,DOGEUSDT,60,1785276000000,0.07095,0.07109,0.07028,0.07031,24601126.0,1738052.00299,1
BYBIT,DOGEUSDT,60,1785279600000,0.07031,0.07087,0.06999,0.07085,48514092.0,3411814.13876,1
BYBIT,DOGEUSDT,60,1785283200000,0.07085,0.07116,0.07067,0.07088,63597644.0,4512737.56273,1
BYBIT,DOGEUSDT,60,1785286800000,0.07088,0.07102,0.07034,0.07037,26742512.0,1889481.08963,1
BYBIT,DOGEUSDT,60,1785290400000,0.07037,0.07095,0.07024,0.07076,31837193.0,2249084.87705,1
BYBIT,DOGEUSDT,60,1785294000000,0.07076,0.07086,0.07017,0.07019,39601586.0,2791035.45614,1
BYBIT,DOGEUSDT,60,1785297600000,0.07019,0.07068,0.06989,0.07052,57761127.0,4052372.91122,1
BYBIT,DOGEUSDT,60,1785301200000,0.07052,0.07071,0.07042,0.07059,29314031.0,2068621.72771,1
BYBIT,DOGEUSDT,60,1785304800000,0.07059,0.07094,0.07039,0.07074,30927367.0,2187603.61243,1
BYBIT,DOGEUSDT,60,1785308400000,0.07074,0.07099,0.07061,0.07096,23310198.0,1650792.02284,1
BYBIT,DOGEUSDT,60,1785312000000,0.07096,0.07104,0.0704,0.07073,35958406.0,2544248.81057,1
BYBIT,DOGEUSDT,60,1785315600000,0.07073,0.07099,0.07069,0.07088,26561500.0,1881205.75862,1
BYBIT,DOGEUSDT,60,1785319200000,0.07088,0.07092,0.07044,0.07054,27812411.0,1965350.8434,1
BYBIT,DOGEUSDT,60,1785322800000,0.07054,0.07069,0.07039,0.07056,13702836.0,966894.68459,1
BYBIT,DOGEUSDT,60,1785326400000,0.07056,0.07067,0.07034,0.07055,27217578.0,1919371.192,1
BYBIT,DOGEUSDT,60,1785330000000,0.07055,0.07071,0.07027,0.07065,30421305.0,2143923.99303,1
BYBIT,DOGEUSDT,60,1785333600000,0.07065,0.07073,0.07007,0.07017,44165602.0,3104764.94834,1
BYBIT,DOGEUSDT,60,1785337200000,0.07017,0.07042,0.06996,0.07015,41127322.0,2883910.89331,1
BYBIT,DOGEUSDT,60,1785340800000,0.07015,0.07035,0.06997,0.07021,46557718.0,3262224.86013,1
BYBIT,DOGEUSDT,60,1785344400000,0.07021,0.07061,0.07017,0.07058,21389525.0,1505720.1347,1
BYBIT,DOGEUSDT,60,1785348000000,0.07058,0.07114,0.07021,0.07094,108633703.0,7683528.63376,1
BYBIT,DOGEUSDT,60,1785351600000,0.07094,0.071,0.06964,0.06966,104473483.0,7320301.69633,1
BYBIT,DOGEUSDT,60,1785355200000,0.06966,0.06984,0.06872,0.06932,203067509.0,14077109.14785,1
BYBIT,DOGEUSDT,60,1785358800000,0.06932,0.06986,0.06906,0.06982,36431098.0,2527200.22115,1
BYBIT,DOGEUSDT,60,1785362400000,0.06982,0.0702,0.06982,0.07003,48717325.0,3412417.20573,1
BYBIT,DOGEUSDT,60,1785366000000,0.07003,0.07019,0.06989,0.07011,22538633.0,1578938.92982,1
BYBIT,DOGEUSDT,60,1785369600000,0.07011,0.07047,0.06984,0.0701,47247858.0,3316465.89504,1
BYBIT,DOGEUSDT,60,1785373200000,0.0701,0.07071,0.0701,0.07053,37018343.0,2608815.48735,1
BYBIT,DOGEUSDT,60,1785376800000,0.07053,0.07065,0.07042,0.07042,39623501.0,2795109.47389,1
BYBIT,DOGEUSDT,60,1785380400000,0.07042,0.07055,0.07018,0.07018,25744668.0,1812093.40849,1
BYBIT,DOGEUSDT,60,1785384000000,0.07018,0.07021,0.06968,0.06975,31400641.0,2197118.89552,1
BYBIT,DOGEUSDT,60,1785387600000,0.06975,0.07014,0.0696,0.07011,19712404.0,1377391.948,1
BYBIT,DOGEUSDT,60,1785391200000,0.07011,0.07014,0.06982,0.06987,25954219.0,1815094.36574,1
BYBIT,DOGEUSDT,60,1785394800000,0.06987,0.07014,0.06971,0.06975,26963396.0,1885645.00328,1
BYBIT,DOGEUSDT,60,1785398400000,0.06975,0.0702,0.06975,0.07005,82077632.0,5741460.64619,1
BYBIT,DOGEUSDT,60,1785402000000,0.07005,0.07026,0.07004,0.07019,38759804.0,2717810.09337,1
BYBIT,DOGEUSDT,60,1785405600000,0.07019,0.07034,0.06983,0.06995,36942040.0,2590145.0149,1
BYBIT,DOGEUSDT,60,1785409200000,0.06995,0.07015,0.06978,0.0701,42956174.0,3004632.20302,1
BYBIT,DOGEUSDT,60,1785412800000,0.0701,0.07031,0.07003,0.07018,26393476.0,1851792.92115,1
BYBIT,DOGEUSDT,60,1785416400000,0.07018,0.07059,0.06988,0.07049,60901204.0,4275105.47946,1
BYBIT,DOGEUSDT,60,1785420000000,0.07049,0.07069,0.07006,0.0705,60226030.0,4242553.36225,1
BYBIT,DOGEUSDT,60,1785423600000,0.0705,0.07067,0.07019,0.07053,42220951.0,2973317.28814,1
BYBIT,DOGEUSDT,60,1785427200000,0.07053,0.07066,0.0704,0.07061,36959692.0,2607833.28975,1
BYBIT,DOGEUSDT,60,1785430800000,0.07061,0.07099,0.0704,0.07081,24595670.0,1739755.81655,1
BYBIT,DOGEUSDT,60,1785434400000,0.07081,0.07092,0.07061,0.0707,18226177.0,1289383.36554,1
BYBIT,DOGEUSDT,60,1785438000000,0.0707,0.07102,0.07067,0.07072,14787471.0,1047190.78283,1
BYBIT,DOGEUSDT,60,1785441600000,0.07072,0.07088,0.07051,0.07054,40158038.0,2837284.58564,1
BYBIT,DOGEUSDT,60,1785445200000,0.07054,0.07072,0.07042,0.07048,27387966.0,1933226.34422,1
BYBIT,DOGEUSDT,60,1785448800000,0.07048,0.07087,0.07036,0.07064,15858217.0,1120236.55346,1
BYBIT,DOGEUSDT,60,1785452400000,0.07064,0.07093,0.07048,0.07057,22138787.0,1563958.82219,1
BYBIT,DOGEUSDT,60,1785456000000,0.07057,0.07071,0.07018,0.07041,60560012.0,4263012.46316,1
BYBIT,DOGEUSDT,60,1785459600000,0.07041,0.07098,0.07012,0.07024,40725749.0,2875110.80828,1
BYBIT,DOGEUSDT,60,1785463200000,0.07024,0.07032,0.06984,0.06997,53023790.0,3712386.78809,1
BYBIT,DOGEUSDT,60,1785466800000,0.06997,0.07017,0.06976,0.07002,30823110.0,2158060.40437,1
BYBIT,DOGEUSDT,60,1785470400000,0.07002,0.07008,0.06977,0.07007,28180975.0,1971172.24223,1
BYBIT,DOGEUSDT,60,1785474000000,0.07007,0.07018,0.06996,0.07009,14652187.0,1026973.23484,1
BYBIT,DOGEUSDT,60,1785477600000,0.07009,0.07027,0.06994,0.07007,21453830.0,1503976.12147,1
BYBIT,DOGEUSDT,60,1785481200000,0.07007,0.07007,0.06954,0.07001,60190621.0,4201245.47707,1
BYBIT,DOGEUSDT,60,1785484800000,0.07001,0.07015,0.06982,0.0699,23191183.0,1623711.4157,1
BYBIT,DOGEUSDT,60,1785488400000,0.0699,0.06992,0.0693,0.06939,98923034.0,6874299.57355,1
BYBIT,DOGEUSDT,60,1785492000000,0.06939,0.06952,0.06907,0.06948,54557182.0,3784767.21327,1
BYBIT,DOGEUSDT,60,1785495600000,0.06948,0.06961,0.06942,0.06958,12910436.0,897634.08788,1
BYBIT,DOGEUSDT,60,1785499200000,0.06958,0.0696,0.06932,0.06959,32812765.0,2279559.93048,1
BYBIT,DOGEUSDT,60,1785502800000,0.06959,0.06968,0.06901,0.06925,93548142.0,6487076.7237,1
BYBIT,DOGEUSDT,60,1785506400000,0.06925,0.06962,0.06843,0.0693,274422451.0,18959375.95143,1
BYBIT,DOGEUSDT,60,1785510000000,0.0693,0.06945,0.06879,0.069,69970143.0,4833087.74734,1
BYBIT,DOGEUSDT,60,1785513600000,0.069,0.06969,0.06894,0.06967,34162266.0,2366751.92478,1
BYBIT,DOGEUSDT,60,1785517200000,0.06967,0.07027,0.06954,0.07011,75095603.0,5245613.30986,1
BYBIT,DOGEUSDT,60,1785520800000,0.07011,0.07032,0.06984,0.07018,67544018.0,4732946.381,1
BYBIT,DOGEUSDT,60,1785524400000,0.07018,0.07034,0.06962,0.06974,36505707.0,2551279.38035,1
BYBIT,DOGEUSDT,60,1785528000000,0.06974,0.0699,0.06942,0.06951,31166819.0,2169923.45288,1
BYBIT,DOGEUSDT,60,1785531600000,0.06951,0.06983,0.06941,0.06962,33640204.0,2342512.32401,1
BYBIT,DOGEUSDT,60,1785535200000,0.06962,0.06981,0.06952,0.06958,12954888.0,902559.52499,1
BYBIT,DOGEUSDT,60,1785538800000,0.06958,0.0697,0.06952,0.06957,8491529.0,591003.69958,1
BYBIT,DOGEUSDT,60,1785542400000,0.06957,0.06993,0.06955,0.0699,35187915.0,2454471.19672,1
BYBIT,DOGEUSDT,60,1785546000000,0.0699,0.07016,0.06988,0.07008,20600049.0,1442985.00585,1
BYBIT,DOGEUSDT,60,1785549600000,0.07008,0.07026,0.06995,0.07009,15423427.0,1081098.39491,1
BYBIT,DOGEUSDT,60,1785553200000,0.07009,0.07014,0.07,0.07007,13696900.0,959616.64784,1
BYBIT,DOGEUSDT,60,1785556800000,0.07007,0.07022,0.07004,0.07012,21178890.0,1485108.1379,1
BYBIT,DOGEUSDT,60,1785560400000,0.07012,0.07016,0.06996,0.07008,17527102.0,1227545.3469,1
BYBIT,DOGEUSDT,60,1785564000000,0.07008,0.07013,0.06993,0.07001,15394043.0,1078186.83891,1
BYBIT,DOGEUSDT,60,1785567600000,0.07001,0.07027,0.06974,0.06985,42260104.0,2956184.98826,1
BYBIT,DOGEUSDT,60,1785571200000,0.06985,0.06992,0.06976,0.0699,7825484.0,546484.09999,1
BYBIT,DOGEUSDT,60,1785574800000,0.0699,0.06993,0.06974,0.06976,11692134.0,816506.35059,1
BYBIT,DOGEUSDT,60,1785578400000,0.06976,0.06981,0.06957,0.06979,20443379.0,1424359.18572,1
BYBIT,DOGEUSDT,60,1785582000000,0.06979,0.06988,0.06974,0.06983,8630096.0,602450.29341,1
BYBIT,DOGEUSDT,60,1785585600000,0.06983,0.06997,0.06974,0.06989,16495112.0,1152067.53132,1
BYBIT,DOGEUSDT,60,1785589200000,0.06989,0.07011,0.06989,0.07004,16178030.0,1132219.15,1
BYBIT,DOGEUSDT,60,1785592800000,0.07004,0.07024,0.06997,0.07011,17228584.0,1207614.83564,1
BYBIT,DOGEUSDT,60,1785596400000,0.07011,0.07014,0.06996,0.07008,5820137.0,407801.66029,1
BYBIT,DOGEUSDT,60,1785600000000,0.07008,0.07019,0.06988,0.06998,20039219.0,1404128.45034,1
BYBIT,DOGEUSDT,60,1785603600000,0.06998,0.07007,0.0693,0.06948,65055128.0,4528493.60318,1
BYBIT,DOGEUSDT,60,1785607200000,0.06948,0.0695,0.0676,0.06849,353823165.0,24237929.78309,1
BYBIT,DOGEUSDT,60,1785610800000,0.06849,0.06866,0.06835,0.06849,69945482.0,4791509.56814,1
BYBIT,DOGEUSDT,60,1785614400000,0.06849,0.06863,0.06834,0.06862,40934066.0,2803118.58774,1
BYBIT,DOGEUSDT,60,1785618000000,0.06862,0.06924,0.06861,0.06909,54062945.0,3726754.00739,1
BYBIT,DOGEUSDT,60,1785621600000,0.06909,0.06918,0.06896,0.06896,13193763.0,911084.07576,1
BYBIT,DOGEUSDT,60,1785625200000,0.06896,0.06945,0.06896,0.0691,69668927.0,4819780.86696,1
BYBIT,DOGEUSDT,60,1785628800000,0.0691,0.06926,0.06908,0.06917,17564960.0,1215089.52326,1
BYBIT,DOGEUSDT,60,1785632400000,0.06917,0.06967,0.06917,0.06961,53327685.0,3706848.62756,1
BYBIT,DOGEUSDT,60,1785636000000,0.06961,0.07019,0.06958,0.06999,74210873.0,5193365.90947,1
BYBIT,DOGEUSDT,60,1785639600000,0.06999,0.07008,0.06992,0.07001,23656600.0,1655779.67137,1
BYBIT,DOGEUSDT,60,1785643200000,0.07001,0.07023,0.07001,0.07019,43816899.0,3071825.46272,1
BYBIT,DOGEUSDT,60,1785646800000,0.07019,0.07057,0.07011,0.07048,67519908.0,4750675.04575,1
BYBIT,DOGEUSDT,60,1785650400000,0.07048,0.07055,0.07021,0.07034,22745588.0,1600147.97407,1
BYBIT,DOGEUSDT,60,1785654000000,0.07034,0.0704,0.07024,0.07038,7901964.0,555700.67824,1
BYBIT,DOGEUSDT,60,1785657600000,0.07038,0.0704,0.06994,0.06998,52464418.0,3678047.31472,1
BYBIT,DOGEUSDT,60,1785661200000,0.06998,0.07021,0.06981,0.07016,33960858.0,2379246.76434,1
BYBIT,DOGEUSDT,60,1785664800000,0.07016,0.07018,0.06988,0.07002,20003437.0,1400142.77725,1
BYBIT,DOGEUSDT,60,1785668400000,0.07002,0.07011,0.06988,0.06995,14309377.0,1001710.61973,1
BYBIT,DOGEUSDT,60,1785672000000,0.06995,0.07013,0.06994,0.07,11110304.0,778003.27669,1
BYBIT,DOGEUSDT,60,1785675600000,0.07,0.07021,0.06996,0.07011,36156778.0,2534727.66508,1
BYBIT,DOGEUSDT,60,1785679200000,0.07011,0.07052,0.07001,0.07037,49365747.0,3471808.02676,1
BYBIT,DOGEUSDT,60,1785682800000,0.07037,0.07047,0.07023,0.07026,27773382.0,1954795.06343,1
BYBIT,DOGEUSDT,60,1785686400000,0.07026,0.07046,0.0701,0.07032,30203138.0,2124172.98261,1
BYBIT,DOGEUSDT,60,1785690000000,0.07032,0.07063,0.07023,0.07053,42708591.0,3010264.54134,1
BYBIT,DOGEUSDT,60,1785693600000,0.07053,0.07123,0.0705,0.07078,78188050.0,5545262.06726,1
BYBIT,DOGEUSDT,60,1785697200000,0.07078,0.07083,0.07059,0.07073,14770676.0,1044520.63067,1
BYBIT,DOGEUSDT,60,1785700800000,0.07073,0.07073,0.07045,0.07058,28557314.0,2014914.37575,1
BYBIT,DOGEUSDT,60,1785704400000,0.07058,0.07096,0.07052,0.07076,49567149.0,3504580.36336,1
BYBIT,DOGEUSDT,60,1785708000000,0.07076,0.07144,0.0707,0.07075,102158563.0,7257464.09424,1
BYBIT,DOGEUSDT,60,1785711600000,0.07075,0.07079,0.07049,0.07079,49226302.0,3478711.17558,1
BYBIT,DOGEUSDT,60,1785715200000,0.07079,0.0709,0.07016,0.0702,50415554.0,3553772.3039,1
BYBIT,DOGEUSDT,60,1785718800000,0.0702,0.07022,0.06997,0.07004,34551267.0,2421075.12413,1
BYBIT,DOGEUSDT,60,1785722400000,0.07004,0.07019,0.0699,0.07001,39325794.0,2754334.80665,1
BYBIT,DOGEUSDT,60,1785726000000,0.07001,0.07006,0.06959,0.06977,47008908.0,3282876.99284,1
BYBIT,DOGEUSDT,60,1785729600000,0.06977,0.07,0.0697,0.0697,23247178.0,1624104.87582,1
BYBIT,DOGEUSDT,60,1785733200000,0.0697,0.06991,0.06962,0.06982,34559514.0,2410471.14289,1
BYBIT,DOGEUSDT,60,1785736800000,0.06982,0.06987,0.0693,0.06939,48281410.0,3356621.24197,1
BYBIT,DOGEUSDT,60,1785740400000,0.06939,0.06941,0.06896,0.06925,111769067.0,7730555.38055,1
BYBIT,DOGEUSDT,60,1785744000000,0.06925,0.06932,0.06891,0.06928,57993966.0,4007349.31465,1
BYBIT,DOGEUSDT,60,1785747600000,0.06928,0.06976,0.06923,0.06967,98507759.0,6840085.61931,1
BYBIT,DOGEUSDT,60,1785751200000,0.06967,0.06974,0.06934,0.0695,48543573.0,3375515.76619,1
BYBIT,DOGEUSDT,60,1785754800000,0.0695,0.06952,0.06926,0.0693,19287338.0,1338048.0718,1
BYBIT,DOGEUSDT,60,1785758400000,0.0693,0.0696,0.0692,0.0695,53745357.0,3731611.51006,1
BYBIT,DOGEUSDT,60,1785762000000,0.0695,0.07045,0.06948,0.07034,81654993.0,5717361.26779,1
BYBIT,DOGEUSDT,60,1785765600000,0.07034,0.07052,0.07005,0.07045,78932279.0,5550590.06423,1
BYBIT,DOGEUSDT,60,1785769200000,0.07045,0.07056,0.07012,0.07045,71101530.0,4999689.129,1
BYBIT,DOGEUSDT,60,1785772800000,0.07045,0.07056,0.07011,0.07031,48614983.0,3418779.99662,1
BYBIT,DOGEUSDT,60,1785776400000,0.07031,0.07058,0.07019,0.07029,30985930.0,2179749.53903,1
BYBIT,DOGEUSDT,60,1785780000000,0.07029,0.07046,0.07024,0.07039,12684662.0,892235.42294,1
BYBIT,DOGEUSDT,60,1785783600000,0.07039,0.07049,0.0702,0.07025,20632865.0,1451301.96249,1
BYBIT,DOGEUSDT,60,1785787200000,0.07025,0.07049,0.0702,0.07048,12235724.0,861071.70124,1
BYBIT,DOGEUSDT,60,1785790800000,0.07048,0.07052,0.07033,0.07045,16940521.0,1193192.22768,1
BYBIT,DOGEUSDT,60,1785794400000,0.07045,0.07046,0.07006,0.07023,24857031.0,1745719.95563,1
BYBIT,DOGEUSDT,60,1785798000000,0.07023,0.07028,0.0701,0.07019,10218203.0,717265.07443,1
BYBIT,DOGEUSDT,60,1785801600000,0.07019,0.07023,0.06986,0.06993,42377806.0,2968839.90336,1
BYBIT,DOGEUSDT,60,1785805200000,0.06993,0.07052,0.06991,0.07046,51446914.0,3616238.30179,1
BYBIT,DOGEUSDT,60,1785808800000,0.07046,0.07063,0.0702,0.07041,26544674.0,1869967.05726,1
BYBIT,DOGEUSDT,60,1785812400000,0.07041,0.07046,0.07023,0.07027,22985487.0,1616288.2531,1
BYBIT,DOGEUSDT,60,1785816000000,0.07027,0.07057,0.07016,0.07032,18191614.0,1280052.66341,1
BYBIT,DOGEUSDT,60,1785819600000,0.07032,0.07035,0.07018,0.07027,14509502.0,1019079.60293,1
BYBIT,DOGEUSDT,60,1785823200000,0.07027,0.07041,0.07006,0.07018,25978638.0,1823147.94412,1
BYBIT,DOGEUSDT,60,1785826800000,0.07018,0.07039,0.06996,0.07026,19044421.0,1336123.1926,1
BYBIT,DOGEUSDT,60,1785830400000,0.07026,0.0703,0.07002,0.0701,20035280.0,1405260.69512,1
BYBIT,DOGEUSDT,60,1785834000000,0.0701,0.07019,0.07001,0.07014,16728687.0,1172703.394,1
BYBIT,DOGEUSDT,60,1785837600000,0.07014,0.07044,0.07001,0.07034,26453823.0,1856535.05639,1
BYBIT,DOGEUSDT,60,1785841200000,0.07034,0.07067,0.07022,0.07056,25975146.0,1829807.36205,1
BYBIT,DOGEUSDT,60,1785844800000,0.07056,0.07057,0.07032,0.07046,27467852.0,1935113.56674,1
BYBIT,DOGEUSDT,60,1785848400000,0.07046,0.07049,0.07009,0.07013,48479231.0,3409111.12622,1
BYBIT,DOGEUSDT,60,1785852000000,0.07013,0.07027,0.06973,0.07013,87290348.0,6107508.17097,1
BYBIT,DOGEUSDT,60,1785855600000,0.07013,0.07038,0.06994,0.07021,40622677.0,2849150.08095,1
BYBIT,DOGEUSDT,60,1785859200000,0.07021,0.07037,0.07001,0.07031,21494215.0,1508484.239,1
BYBIT,DOGEUSDT,60,1785862800000,0.07031,0.07055,0.07015,0.07018,17949597.0,1263093.12992,1
BYBIT,DOGEUSDT,60,1785866400000,0.07018,0.07063,0.07016,0.07038,17927158.0,1263049.98533,1
BYBIT,DOGEUSDT,60,1785870000000,0.07038,0.07048,0.07031,0.07041,15534628.0,1093550.07658,1
BYBIT,DOGEUSDT,60,1785873600000,0.07041,0.07053,0.07009,0.07035,31930073.0,2245137.79516,1
BYBIT,DOGEUSDT,60,1785877200000,0.07035,0.07035,0.07015,0.07028,14330161.0,1006771.33202,1
BYBIT,DOGEUSDT,60,1785880800000,0.07028,0.07039,0.07015,0.07036,13945528.0,980368.38967,1
BYBIT,DOGEUSDT,60,1785884400000,0.07036,0.0705,0.07002,0.07003,37360421.0,2622897.96799,1
BYBIT,DOGEUSDT,60,1785888000000,0.07003,0.07009,0.06976,0.06982,38433294.0,2686692.41566,1
BYBIT,DOGEUSDT,60,1785891600000,0.06982,0.07028,0.06967,0.0702,21302111.0,1489962.52211,1
BYBIT,DOGEUSDT,60,1785895200000,0.0702,0.0704,0.07008,0.07021,33058350.0,2322777.25847,1
BYBIT,DOGEUSDT,60,1785898800000,0.07021,0.07028,0.06958,0.06975,50297149.0,3509636.91863,1
BYBIT,DOGEUSDT,60,1785902400000,0.06975,0.06992,0.06966,0.0698,16675761.0,1163427.0769,1
BYBIT,DOGEUSDT,60,1785906000000,0.0698,0.07013,0.06977,0.0699,24149333.0,1689406.28151,1
BYBIT,DOGEUSDT,60,1785909600000,0.0699,0.06991,0.06971,0.06978,28046961.0,1957767.9345,1
BYBIT,DOGEUSDT,60,1785913200000,0.06978,0.06985,0.06954,0.06983,34984121.0,2437097.90857,1
BYBIT,DOGEUSDT,60,1785916800000,0.06983,0.06995,0.06973,0.06986,22948429.0,1602784.10001,1
BYBIT,DOGEUSDT,60,1785920400000,0.06986,0.06995,0.06979,0.06979,12099497.0,845391.64626,1
BYBIT,DOGEUSDT,60,1785924000000,0.06979,0.06989,0.06958,0.06965,25938465.0,1807139.96522,1
BYBIT,DOGEUSDT,60,1785927600000,0.06965,0.06986,0.06965,0.06979,14912517.0,1041154.51077,1
BYBIT,DOGEUSDT,60,1785931200000,0.06979,0.07023,0.06976,0.06993,44249364.0,3100623.79607,1
BYBIT,DOGEUSDT,60,1785934800000,0.06993,0.07001,0.06923,0.0698,107883390.0,7507912.17011,1
BYBIT,DOGEUSDT,60,1785938400000,0.0698,0.07003,0.0697,0.06993,31956152.0,2232303.51477,1
BYBIT,DOGEUSDT,60,1785942000000,0.06993,0.07012,0.06965,0.06966,42762423.0,2989617.67764,1
BYBIT,DOGEUSDT,60,1785945600000,0.06966,0.07034,0.06965,0.07008,51653882.0,3621495.1891,1
BYBIT,DOGEUSDT,60,1785949200000,0.07008,0.07041,0.06993,0.07026,33570026.0,2355103.89535,1
BYBIT,DOGEUSDT,60,1785952800000,0.07026,0.07045,0.07007,0.07017,31056321.0,2182348.97949,1
BYBIT,DOGEUSDT,60,1785956400000,0.07017,0.07041,0.07014,0.07021,18404955.0,1293269.09401,1
BYBIT,DOGEUSDT,60,1785960000000,0.07021,0.07052,0.07007,0.07031,46707571.0,3284494.14207,1
BYBIT,DOGEUSDT,60,1785963600000,0.07031,0.07033,0.06994,0.07003,29678049.0,2080370.55566,1
BYBIT,DOGEUSDT,60,1785967200000,0.07003,0.07015,0.06996,0.06996,33833114.0,2370114.57917,1
BYBIT,DOGEUSDT,60,1785970800000,0.06996,0.07006,0.06986,0.07,17558805.0,1228170.76625,1
BYBIT,DOGEUSDT,60,1785974400000,0.07,0.07013,0.06996,0.07005,30928298.0,2165829.86836,1
BYBIT,DOGEUSDT,60,1785978000000,0.07005,0.07005,0.06965,0.06966,24109716.0,1682769.75882,1
BYBIT,DOGEUSDT,60,1785981600000,0.06966,0.06982,0.06951,0.06965,37397367.0,2604107.19682,1
BYBIT,DOGEUSDT,60,1785985200000,0.06965,0.06967,0.06953,0.06962,21795233.0,1516925.836,1
BYBIT,DOGEUSDT,60,1785988800000,0.06962,0.0698,0.0694,0.06978,21643355.0,1506050.67657,1
BYBIT,DOGEUSDT,60,1785992400000,0.06978,0.07014,0.06977,0.06996,26916635.0,1883815.08304,1
BYBIT,DOGEUSDT,60,1785996000000,0.06996,0.06996,0.06968,0.06988,9212117.0,643215.80372,1
BYBIT,DOGEUSDT,60,1785999600000,0.06988,0.06996,0.06973,0.06976,7934843.0,554240.58273,1
BYBIT,DOGEUSDT,60,1786003200000,0.06976,0.07002,0.06963,0.06992,19574332.0,1365957.24354,1
BYBIT,DOGEUSDT,60,1786006800000,0.06992,0.06994,0.06884,0.06902,224603206.0,15551842.52506,1
BYBIT,DOGEUSDT,60,1786010400000,0.06902,0.06908,0.06874,0.06899,57517561.0,3963943.59329,1
BYBIT,DOGEUSDT,60,1786014000000,0.06899,0.06922,0.06883,0.06912,25067068.0,1730793.16439,1
BYBIT,DOGEUSDT,60,1786017600000,0.06912,0.06912,0.06877,0.0688,32066160.0,2209915.22795,1
BYBIT,DOGEUSDT,60,1786021200000,0.0688,0.06889,0.0682,0.06877,178076766.0,12209273.12882,1
BYBIT,DOGEUSDT,60,1786024800000,0.06877,0.06916,0.06867,0.06906,47977847.0,3306352.05344,1
BYBIT,DOGEUSDT,60,1786028400000,0.06906,0.06925,0.06897,0.06898,41290420.0,2853487.15684,1
BYBIT,DOGEUSDT,60,1786032000000,0.06898,0.06934,0.06892,0.06929,20875140.0,1442926.6923,1
BYBIT,DOGEUSDT,60,1786035600000,0.06929,0.06935,0.06894,0.06906,19071473.0,1319143.32983,1
BYBIT,DOGEUSDT,60,1786039200000,0.06906,0.06912,0.06861,0.06867,26828550.0,1847305.43863,1
BYBIT,DOGEUSDT,60,1786042800000,0.06867,0.06881,0.06866,0.0687,22948280.0,1577400.53808,1
BYBIT,DOGEUSDT,60,1786046400000,0.0687,0.06893,0.06869,0.06887,33388063.0,2297785.61812,1
BYBIT,DOGEUSDT,60,1786050000000,0.06887,0.06909,0.06887,0.06905,55083378.0,3800105.75081,1
BYBIT,DOGEUSDT,60,1786053600000,0.06905,0.06908,0.06883,0.06899,19150730.0,1319908.93396,1
BYBIT,DOGEUSDT,60,1786057200000,0.06899,0.06906,0.06883,0.06906,13245098.0,913262.19485,1
BYBIT,DOGEUSDT,60,1786060800000,0.06906,0.06928,0.06895,0.06922,22863664.0,1580823.319,1
BYBIT,DOGEUSDT,60,1786064400000,0.06922,0.06943,0.06908,0.06925,18410978.0,1275326.19179,1
BYBIT,DOGEUSDT,60,1786068000000,0.06925,0.06945,0.06901,0.06924,24963246.0,1729022.69386,1
BYBIT,DOGEUSDT,60,1786071600000,0.06924,0.06939,0.069,0.06901,16549755.0,1145590.02018,1
BYBIT,DOGEUSDT,60,1786075200000,0.06901,0.06919,0.06888,0.069,15255275.0,1052855.53492,1
BYBIT,DOGEUSDT,60,1786078800000,0.069,0.06923,0.06878,0.06917,35014745.0,2413286.31484,1
BYBIT,DOGEUSDT,60,1786082400000,0.06917,0.06948,0.06896,0.06916,82703061.0,5723158.43235,1
BYBIT,DOGEUSDT,60,1786086000000,0.06916,0.06932,0.06909,0.06925,15470093.0,1071155.90567,1
BYBIT,DOGEUSDT,60,1786089600000,0.06925,0.06949,0.06924,0.06937,27477347.0,1906168.57967,1
BYBIT,DOGEUSDT,60,1786093200000,0.06937,0.06958,0.06936,0.06955,32409893.0,2252305.78636,1
BYBIT,DOGEUSDT,60,1786096800000,0.06955,0.06961,0.06942,0.06946,15112974.0,1050677.76196,1
BYBIT,DOGEUSDT,60,1786100400000,0.06946,0.06966,0.06944,0.06957,27596152.0,1919524.38699,1
BYBIT,DOGEUSDT,60,1786104000000,0.06957,0.07033,0.06954,0.07002,101719297.0,7117052.68227,1
BYBIT,DOGEUSDT,60,1786107600000,0.07002,0.0702,0.06991,0.07001,59211651.0,4148904.75733,1
BYBIT,DOGEUSDT,60,1786111200000,0.07001,0.07015,0.06954,0.06968,51908007.0,3626770.69374,1
BYBIT,DOGEUSDT,60,1786114800000,0.06968,0.07,0.06963,0.06991,13252344.0,925237.61093,1
BYBIT,DOGEUSDT,60,1786118400000,0.06991,0.07012,0.06961,0.06961,19828301.0,1384945.90781,1
BYBIT,DOGEUSDT,60,1786122000000,0.06961,0.06971,0.06935,0.06964,36105067.0,2510089.02324,1
BYBIT,DOGEUSDT,60,1786125600000,0.06964,0.06979,0.06949,0.06962,21501954.0,1497517.45805,1
BYBIT,DOGEUSDT,60,1786129200000,0.06962,0.06995,0.06962,0.0698,21605530.0,1508549.0472,1
BYBIT,DOGEUSDT,60,1786132800000,0.0698,0.06986,0.06969,0.0697,11745382.0,819037.59295,1
BYBIT,DOGEUSDT,60,1786136400000,0.0697,0.06986,0.06955,0.06965,47742184.0,3327840.02192,1
BYBIT,DOGEUSDT,60,1786140000000,0.06965,0.06977,0.06958,0.06962,6727243.0,468616.27864,1
BYBIT,DOGEUSDT,60,1786143600000,0.06962,0.06974,0.0696,0.0696,9662083.0,673243.51874,1
BYBIT,DOGEUSDT,60,1786147200000,0.0696,0.06987,0.06952,0.06969,37967396.0,2646550.25424,1
BYBIT,DOGEUSDT,60,1786150800000,0.06969,0.07001,0.06968,0.0699,39269688.0,2745029.40152,1
BYBIT,DOGEUSDT,60,1786154400000,0.0699,0.06996,0.06983,0.06984,11666942.0,815474.54293,1
BYBIT,DOGEUSDT,60,1786158000000,0.06984,0.07037,0.06983,0.07027,34589669.0,2426435.65411,1
BYBIT,DOGEUSDT,60,1786161600000,0.07027,0.07033,0.07001,0.07006,21300812.0,1493933.62368,1
BYBIT,DOGEUSDT,60,1786165200000,0.07006,0.07023,0.07005,0.07015,31373672.0,2200341.6808,1
BYBIT,DOGEUSDT,60,1786168800000,0.07015,0.07034,0.07015,0.07033,14999028.0,1053855.48323,1
BYBIT,DOGEUSDT,60,1786172400000,0.07033,0.07035,0.07015,0.07022,10870039.0,763563.04664,1
BYBIT,DOGEUSDT,60,1786176000000,0.07022,0.07042,0.07011,0.07039,25936342.0,1822747.07502,1
BYBIT,DOGEUSDT,60,1786179600000,0.07039,0.07059,0.07028,0.07034,35525654.0,2502530.36112,1
BYBIT,DOGEUSDT,60,1786183200000,0.07034,0.0704,0.07024,0.07037,7238034.0,508830.64468,1
BYBIT,DOGEUSDT,60,1786186800000,0.07037,0.07045,0.07027,0.07039,19475306.0,1370765.65251,1
BYBIT,DOGEUSDT,60,1786190400000,0.07039,0.07046,0.07033,0.0704,9567966.0,673617.06088,1
BYBIT,DOGEUSDT,60,1786194000000,0.0704,0.07058,0.07039,0.07048,16185199.0,1141072.17235,1
BYBIT,DOGEUSDT,60,1786197600000,0.07048,0.07151,0.0704,0.07124,72275022.0,5133105.72161,1
BYBIT,DOGEUSDT,60,1786201200000,0.07124,0.07133,0.07089,0.07112,50832340.0,3613231.90373,1
BYBIT,DOGEUSDT,60,1786204800000,0.07112,0.07136,0.07103,0.0712,39118197.0,2784843.66093,1
BYBIT,DOGEUSDT,60,1786208400000,0.0712,0.07139,0.07111,0.07119,15842037.0,1129019.68548,1
BYBIT,DOGEUSDT,60,1786212000000,0.07119,0.07129,0.07083,0.07091,33023546.0,2345328.75241,1
BYBIT,DOGEUSDT,60,1786215600000,0.07091,0.07108,0.07084,0.07094,23211854.0,1647326.31421,1
BYBIT,DOGEUSDT,60,1786219200000,0.07094,0.07107,0.07092,0.07099,8410231.0,597079.90049,1
BYBIT,DOGEUSDT,60,1786222800000,0.07099,0.07105,0.07089,0.07093,12796357.0,908077.41083,1
BYBIT,DOGEUSDT,60,1786226400000,0.07093,0.07095,0.07041,0.07048,35971587.0,2540307.56417,1
BYBIT,DOGEUSDT,60,1786230000000,0.07048,0.07048,0.07025,0.07041,32481782.0,2285502.66679,1
BYBIT,DOGEUSDT,60,1786233600000,0.07041,0.07046,0.07025,0.07039,23219435.0,1633331.8823,1
BYBIT,DOGEUSDT,60,1786237200000,0.07039,0.07049,0.06993,0.07,69322204.0,4859795.91369,1
BYBIT,DOGEUSDT,60,1786240800000,0.07,0.07011,0.06986,0.06997,25772598.0,1803980.05555,1
BYBIT,DOGEUSDT,60,1786244400000,0.06997,0.07005,0.0698,0.06997,24184255.0,1691174.94514,1
BYBIT,DOGEUSDT,60,1786248000000,0.06997,0.07012,0.06995,0.07,19544341.0,1369039.39467,1
BYBIT,DOGEUSDT,60,1786251600000,0.07,0.07003,0.06983,0.06999,11926042.0,833650.7648,1
BYBIT,DOGEUSDT,60,1786255200000,0.06999,0.07021,0.0699,0.07016,21729790.0,1522555.74552,1
BYBIT,DOGEUSDT,60,1786258800000,0.07016,0.07018,0.07003,0.07011,9347263.0,655212.09669,1
BYBIT,DOGEUSDT,60,1786262400000,0.07011,0.07025,0.06989,0.07007,36795908.0,2578046.9615,1
BYBIT,DOGEUSDT,60,1786266000000,0.07007,0.07011,0.06998,0.07009,16453921.0,1152373.74534,1
BYBIT,DOGEUSDT,60,1786269600000,0.07009,0.07024,0.07005,0.07016,8266153.0,579815.38407,1
BYBIT,DOGEUSDT,60,1786273200000,0.07016,0.07025,0.07013,0.07015,8772929.0,615784.18044,1
BYBIT,DOGEUSDT,60,1786276800000,0.07015,0.0702,0.07009,0.07014,6361649.0,446245.34542,1
BYBIT,DOGEUSDT,60,1786280400000,0.07014,0.07044,0.07011,0.0703,21583957.0,1517927.13127,1
BYBIT,DOGEUSDT,60,1786284000000,0.0703,0.07052,0.07028,0.07047,14255850.0,1003607.30122,1
BYBIT,DOGEUSDT,60,1786287600000,0.07047,0.07075,0.07045,0.07066,26164674.0,1847627.85282,1
BYBIT,DOGEUSDT,60,1786291200000,0.07066,0.07077,0.07055,0.0707,21029194.0,1486065.15874,1
BYBIT,DOGEUSDT,60,1786294800000,0.0707,0.07079,0.07049,0.0705,17619727.0,1244222.72983,1
BYBIT,DOGEUSDT,60,1786298400000,0.0705,0.07059,0.07038,0.07049,21284103.0,1500004.89625,1
BYBIT,DOGEUSDT,60,1786302000000,0.07049,0.0705,0.07034,0.07047,9242494.0,650977.80285,1
BYBIT,DOGEUSDT,60,1786305600000,0.07047,0.07048,0.07033,0.07046,7796549.0,549047.02657,1
BYBIT,DOGEUSDT,60,1786309200000,0.07046,0.07078,0.07039,0.07056,28834636.0,2034326.35821,1
BYBIT,DOGEUSDT,60,1786312800000,0.07056,0.07094,0.06982,0.07001,74432478.0,5232535.70968,1
BYBIT,DOGEUSDT,60,1786316400000,0.07001,0.07006,0.06916,0.06929,98615509.0,6855376.41723,1
BYBIT,DOGEUSDT,60,1786320000000,0.06929,0.06978,0.06899,0.06958,93017784.0,6445752.16111,1
BYBIT,DOGEUSDT,60,1786323600000,0.06958,0.07022,0.0695,0.06996,35374099.0,2469996.08118,1
BYBIT,DOGEUSDT,60,1786327200000,0.06996,0.06999,0.06945,0.0699,32588018.0,2272218.37456,1
BYBIT,DOGEUSDT,60,1786330800000,0.0699,0.07001,0.0695,0.06962,37704678.0,2631240.27414,1
BYBIT,DOGEUSDT,60,1786334400000,0.06962,0.06983,0.06948,0.06969,18923720.0,1318134.49992,1
BYBIT,DOGEUSDT,60,1786338000000,0.06969,0.07005,0.06968,0.06993,17813612.0,1244572.39358,1
BYBIT,DOGEUSDT,60,1786341600000,0.06993,0.07009,0.06989,0.07009,16167413.0,1131565.31449,1
BYBIT,DOGEUSDT,60,1786345200000,0.07009,0.07012,0.06996,0.06999,11346530.0,794597.78818,1
BYBIT,DOGEUSDT,60,1786348800000,0.06999,0.07012,0.06974,0.07003,62518184.0,4372958.84809,1
BYBIT,DOGEUSDT,60,1786352400000,0.07003,0.07009,0.06983,0.06987,18086923.0,1265461.14927,1
BYBIT,DOGEUSDT,60,1786356000000,0.06987,0.07002,0.06983,0.06991,17205037.0,1203171.35151,1
BYBIT,DOGEUSDT,60,1786359600000,0.06991,0.07006,0.06984,0.07,14082620.0,985163.03385,1
BYBIT,DOGEUSDT,60,1786363200000,0.07,0.07012,0.06976,0.06981,27753094.0,1940918.35185,1
BYBIT,DOGEUSDT,60,1786366800000,0.06981,0.06995,0.06953,0.06974,42160260.0,2938501.89751,1
BYBIT,DOGEUSDT,60,1786370400000,0.06974,0.07001,0.06972,0.06977,19132249.0,1337282.5482,1
BYBIT,DOGEUSDT,60,1786374000000,0.06977,0.06983,0.06935,0.06962,88902684.0,6182518.70976,1
BYBIT,DOGEUSDT,60,1786377600000,0.06962,0.06979,0.06944,0.06951,36436678.0,2536093.17718,1
BYBIT,DOGEUSDT,60,1786381200000,0.06951,0.06982,0.06942,0.06962,24211989.0,1685515.03611,1
BYBIT,DOGEUSDT,60,1786384800000,0.06962,0.06973,0.06946,0.06966,18770530.0,1306498.08018,1
BYBIT,DOGEUSDT,60,1786388400000,0.06966,0.06993,0.06966,0.06985,39619431.0,2767291.67531,1
BYBIT,DOGEUSDT,60,1786392000000,0.06985,0.06996,0.0698,0.0699,12042788.0,841642.3542,1
BYBIT,DOGEUSDT,60,1786395600000,0.0699,0.06993,0.06964,0.06965,16781998.0,1170542.42065,1
BYBIT,DOGEUSDT,60,1786399200000,0.06965,0.06982,0.06947,0.06977,15239346.0,1060951.92942,1
BYBIT,DOGEUSDT,60,1786402800000,0.06977,0.06988,0.06964,0.06966,13975108.0,974603.99687,1
BYBIT,DOGEUSDT,60,1786406400000,0.06966,0.06986,0.06958,0.06984,8495725.0,592261.89978,1
BYBIT,DOGEUSDT,60,1786410000000,0.06984,0.07007,0.06975,0.06998,14405447.0,1007888.22535,1
BYBIT,DOGEUSDT,60,1786413600000,0.06998,0.07034,0.06997,0.07015,29805662.0,2091912.58995,1
BYBIT,DOGEUSDT,60,1786417200000,0.07015,0.07023,0.07006,0.07009,14544001.0,1020140.2219,1
BYBIT,DOGEUSDT,60,1786420800000,0.07009,0.07009,0.06992,0.06994,8575751.0,600277.25216,1
BYBIT,DOGEUSDT,60,1786424400000,0.06994,0.07018,0.06986,0.07005,16183160.0,1133007.96131,1
BYBIT,DOGEUSDT,60,1786428000000,0.07005,0.07025,0.06993,0.07014,43891540.0,3077047.06589,1
BYBIT,DOGEUSDT,60,1786431600000,0.07014,0.07024,0.06993,0.0701,16689363.0,1169746.9094,1
BYBIT,DOGEUSDT,60,1786435200000,0.0701,0.07033,0.07007,0.07033,28034825.0,1967195.70017,1
BYBIT,DOGEUSDT,60,1786438800000,0.07033,0.07066,0.07029,0.07056,44280850.0,3119606.75697,1
BYBIT,DOGEUSDT,60,1786442400000,0.07056,0.07067,0.07031,0.07052,36595223.0,2578220.12979,1
BYBIT,DOGEUSDT,60,1786446000000,0.07052,0.07074,0.07048,0.07057,37522309.0,2650219.64668,1
BYBIT,DOGEUSDT,60,1786449600000,0.07057,0.0707,0.07046,0.07061,35447658.0,2502201.9743,1
BYBIT,DOGEUSDT,60,1786453200000,0.07061,0.07096,0.07055,0.07089,50632105.0,3583167.97403,1
BYBIT,DOGEUSDT,60,1786456800000,0.07089,0.07132,0.06984,0.07005,154616742.0,10909193.69684,1
BYBIT,DOGEUSDT,60,1786460400000,0.07005,0.0706,0.06992,0.07056,128251843.0,9001001.68551,1
BYBIT,DOGEUSDT,60,1786464000000,0.07056,0.07089,0.07035,0.07047,54384577.0,3843202.00502,1
BYBIT,DOGEUSDT,60,1786467600000,0.07047,0.07125,0.07037,0.07096,69853162.0,4953785.73333,1
BYBIT,DOGEUSDT,60,1786471200000,0.07096,0.07104,0.07057,0.07077,43399728.0,3072507.92725,1
BYBIT,DOGEUSDT,60,1786474800000,0.07077,0.07103,0.07042,0.07098,22247148.0,1574086.37073,1
BYBIT,DOGEUSDT,60,1786478400000,0.07098,0.07227,0.07098,0.07167,158309190.0,11347758.54955,1
BYBIT,DOGEUSDT,60,1786482000000,0.07167,0.07257,0.07161,0.07242,89990205.0,6477803.8831,1
BYBIT,DOGEUSDT,60,1786485600000,0.07242,0.07312,0.07213,0.07232,124396000.0,9038799.80678,1
BYBIT,DOGEUSDT,60,1786489200000,0.07232,0.07232,0.0718,0.07184,47994615.0,3454423.58268,1
BYBIT,DOGEUSDT,60,1786492800000,0.07184,0.07234,0.0718,0.07229,41634666.0,3001804.21345,1
BYBIT,DOGEUSDT,60,1786496400000,0.07229,0.0725,0.07214,0.07222,43368001.0,3135879.49609,1
BYBIT,DOGEUSDT,60,1786500000000,0.07222,0.07241,0.07184,0.07185,41236839.0,2975239.08854,1
BYBIT,DOGEUSDT,60,1786503600000,0.07185,0.07241,0.07185,0.07218,29769377.0,2150048.18925,1
BYBIT,DOGEUSDT,60,1786507200000,0.07218,0.07228,0.07198,0.07207,21360908.0,1540241.30367,1
BYBIT,DOGEUSDT,60,1786510800000,0.07207,0.07218,0.07188,0.07206,15961194.0,1149930.69599,1
BYBIT,DOGEUSDT,60,1786514400000,0.07206,0.07206,0.07135,0.07151,57034202.0,4082263.42925,1
BYBIT,DOGEUSDT,60,1786518000000,0.07151,0.07171,0.07144,0.07166,20235999.0,1448593.67313,1
BYBIT,DOGEUSDT,60,1786521600000,0.07166,0.07169,0.07146,0.07148,49166004.0,3519721.51735,1
BYBIT,DOGEUSDT,60,1786525200000,0.07148,0.07201,0.07145,0.07199,29273688.0,2101042.91277,1
BYBIT,DOGEUSDT,60,1786528800000,0.07199,0.07214,0.07182,0.07185,26371081.0,1896955.02469,1
BYBIT,DOGEUSDT,60,1786532400000,0.07185,0.07201,0.07182,0.07195,9729558.0,699655.53917,1
BYBIT,DOGEUSDT,60,1786536000000,0.07195,0.07221,0.07135,0.07162,169898408.0,12182834.82286,1
BYBIT,DOGEUSDT,60,1786539600000,0.07162,0.07166,0.07048,0.07056,224724488.0,15948290.22821,1
BYBIT,DOGEUSDT,60,1786543200000,0.07056,0.0707,0.07022,0.07043,194254900.0,13678458.00971,1
BYBIT,DOGEUSDT,60,1786546800000,0.07043,0.07095,0.0704,0.0708,60424934.0,4275711.35019,1
BYBIT,DOGEUSDT,60,1786550400000,0.0708,0.07095,0.07069,0.07084,28828713.0,2042108.20202,1
BYBIT,DOGEUSDT,60,1786554000000,0.07084,0.07085,0.07059,0.07077,25950084.0,1836203.13482,1
BYBIT,DOGEUSDT,60,1786557600000,0.07077,0.07082,0.07063,0.07066,12153435.0,859701.70141,1
BYBIT,DOGEUSDT,60,1786561200000,0.07066,0.07069,0.07046,0.07057,31976853.0,2255987.31448,1
BYBIT,DOGEUSDT,60,1786564800000,0.07057,0.07071,0.07038,0.07061,44988701.0,3173668.90915,1
BYBIT,DOGEUSDT,60,1786568400000,0.07061,0.07067,0.06872,0.06929,392741687.0,27286011.1962,1
BYBIT,DOGEUSDT,60,1786572000000,0.06929,0.06943,0.06879,0.0694,123479933.0,8542064.30152,1
BYBIT,DOGEUSDT,60,1786575600000,0.0694,0.06967,0.0693,0.06964,44306671.0,3080236.02358,1
BYBIT,DOGEUSDT,60,1786579200000,0.06964,0.06995,0.06957,0.06982,58884415.0,4110149.28349,1
BYBIT,DOGEUSDT,60,1786582800000,0.06982,0.07001,0.06973,0.06982,38105727.0,2663886.52632,1
BYBIT,DOGEUSDT,60,1786586400000,0.06982,0.07028,0.06981,0.07025,31874862.0,2234959.00665,1
BYBIT,DOGEUSDT,60,1786590000000,0.07025,0.07038,0.07008,0.07014,39671509.0,2786982.12049,1
BYBIT,DOGEUSDT,60,1786593600000,0.07014,0.07036,0.07004,0.07023,13208922.0,926970.50713,1
BYBIT,DOGEUSDT,60,1786597200000,0.07023,0.07064,0.07019,0.07059,48539766.0,3420667.72778,1
BYBIT,DOGEUSDT,60,1786600800000,0.07059,0.07067,0.07034,0.07064,40997288.0,2891688.68887,1
BYBIT,DOGEUSDT,60,1786604400000,0.07064,0.07079,0.07053,0.07054,20095257.0,1420362.63817,1
BYBIT,DOGEUSDT,60,1786608000000,0.07054,0.07064,0.07038,0.07045,20705248.0,1459745.40269,1
BYBIT,DOGEUSDT,60,1786611600000,0.07045,0.07051,0.07022,0.0705,38886392.0,2735492.8146,1
BYBIT,DOGEUSDT,60,1786615200000,0.0705,0.07052,0.06987,0.07013,78990787.0,5539556.36783,1
BYBIT,DOGEUSDT,60,1786618800000,0.07013,0.07017,0.06992,0.07005,24395932.0,1709405.55554,1
BYBIT,DOGEUSDT,60,1786622400000,0.07005,0.07033,0.07,0.07022,24959879.0,1750820.0752,1
BYBIT,DOGEUSDT,60,1786626000000,0.07022,0.07035,0.06998,0.07017,26560986.0,1863818.44997,1
BYBIT,DOGEUSDT,60,1786629600000,0.07017,0.07036,0.07,0.07012,29710275.0,2084078.25552,1
BYBIT,DOGEUSDT,60,1786633200000,0.07012,0.07023,0.06967,0.06969,54767539.0,3829238.74143,1
BYBIT,DOGEUSDT,60,1786636800000,0.06969,0.06998,0.06946,0.06976,65671295.0,4576471.09903,1
BYBIT,DOGEUSDT,60,1786640400000,0.06976,0.06995,0.06973,0.06986,11806121.0,824703.3368,1
BYBIT,DOGEUSDT,60,1786644000000,0.06986,0.07005,0.06974,0.07001,14840570.0,1037523.90626,1
BYBIT,DOGEUSDT,60,1786647600000,0.07001,0.07031,0.07,0.07027,28293353.0,1986222.28862,1
BYBIT,DOGEUSDT,60,1786651200000,0.07027,0.07035,0.07012,0.07015,15091364.0,1059641.30062,1
BYBIT,DOGEUSDT,60,1786654800000,0.07015,0.07023,0.07011,0.07014,9152196.0,642161.80931,1
BYBIT,DOGEUSDT,60,1786658400000,0.07014,0.07031,0.07008,0.07012,17353395.0,1218292.06045,1
BYBIT,DOGEUSDT,60,1786662000000,0.07012,0.07016,0.06996,0.07016,12630151.0,884616.88673,1
BYBIT,DOGEUSDT,60,1786665600000,0.07016,0.07027,0.07007,0.07025,15073559.0,1057418.68772,1
BYBIT,DOGEUSDT,60,1786669200000,0.07025,0.07025,0.07011,0.0702,17451384.0,1224947.24743,1
BYBIT,DOGEUSDT,60,1786672800000,0.0702,0.07034,0.07007,0.07008,11021914.0,773998.44734,1
BYBIT,DOGEUSDT,60,1786676400000,0.07008,0.07009,0.06987,0.06993,26044551.0,1822184.89441,1
BYBIT,DOGEUSDT,60,1786680000000,0.06993,0.07011,0.06989,0.0699,7756204.0,542925.12652,1
BYBIT,DOGEUSDT,60,1786683600000,0.0699,0.07,0.06985,0.06996,7055143.0,493387.69833,1
BYBIT,DOGEUSDT,60,1786687200000,0.06996,0.06996,0.06955,0.0696,67864419.0,4729945.0709,1
BYBIT,DOGEUSDT,60,1786690800000,0.0696,0.06977,0.06954,0.06964,21610781.0,1505406.44372,1
BYBIT,DOGEUSDT,60,1786694400000,0.06964,0.06993,0.06951,0.06993,29983765.0,2090641.28141,1
BYBIT,DOGEUSDT,60,1786698000000,0.06993,0.06993,0.06935,0.06945,59837484.0,4165419.52421,1
BYBIT,DOGEUSDT,60,1786701600000,0.06945,0.06965,0.06925,0.06934,28680621.0,1989864.63616,1
BYBIT,DOGEUSDT,60,1786705200000,0.06934,0.0695,0.06934,0.06943,23969448.0,1664198.63369,1
BYBIT,DOGEUSDT,60,1786708800000,0.06943,0.06955,0.06916,0.06925,33386548.0,2316003.10844,1
BYBIT,DOGEUSDT,60,1786712400000,0.06925,0.06946,0.06922,0.0694,28642494.0,1986754.46488,1
BYBIT,DOGEUSDT,60,1786716000000,0.0694,0.06958,0.0693,0.06944,37972091.0,2636812.84716,1
BYBIT,DOGEUSDT,60,1786719600000,0.06944,0.06996,0.06941,0.06985,25540118.0,1781894.38336,1
BYBIT,DOGEUSDT,60,1786723200000,0.06985,0.07003,0.06982,0.06987,14333808.0,1001701.30498,1
BYBIT,DOGEUSDT,60,1786726800000,0.06987,0.07009,0.06979,0.06986,32307257.0,2258743.82852,1
BYBIT,DOGEUSDT,60,1786730400000,0.06986,0.06987,0.06963,0.06971,24277880.0,1693906.06911,1
BYBIT,DOGEUSDT,60,1786734000000,0.06971,0.06986,0.06952,0.06982,22519539.0,1568882.81153,1
BYBIT,DOGEUSDT,60,1786737600000,0.06982,0.06987,0.0697,0.06978,6477552.0,452209.34735,1
BYBIT,DOGEUSDT,60,1786741200000,0.06978,0.06981,0.06967,0.06979,15231507.0,1062245.6545,1
BYBIT,DOGEUSDT,60,1786744800000,0.06979,0.06987,0.06962,0.0698,7666610.0,534562.16269,1
BYBIT,DOGEUSDT,60,1786748400000,0.0698,0.07008,0.06978,0.07002,9937421.0,695126.20824,1
BYBIT,DOGEUSDT,60,1786752000000,0.07002,0.07008,0.06995,0.07008,13050591.0,913890.4412,1
BYBIT,DOGEUSDT,60,1786755600000,0.07008,0.07009,0.06994,0.07004,9799961.0,686273.35516,1
BYBIT,DOGEUSDT,60,1786759200000,0.07004,0.07035,0.07001,0.0703,35510580.0,2493183.9008,1
BYBIT,DOGEUSDT,60,1786762800000,0.0703,0.0705,0.07024,0.07027,18741455.0,1318534.93198,1
BYBIT,DOGEUSDT,60,1786766400000,0.07027,0.07041,0.07022,0.07029,14507735.0,1019911.59078,1
BYBIT,DOGEUSDT,60,1786770000000,0.07029,0.07038,0.07001,0.0701,40540139.0,2844036.91379,1
BYBIT,DOGEUSDT,60,1786773600000,0.0701,0.07017,0.06999,0.07012,8253152.0,578245.42306,1
BYBIT,DOGEUSDT,60,1786777200000,0.07012,0.07015,0.07,0.07003,5735519.0,401862.36524,1
BYBIT,DOGEUSDT,60,1786780800000,0.07003,0.07007,0.0699,0.06991,11308459.0,791487.964,1
BYBIT,DOGEUSDT,60,1786784400000,0.06991,0.07009,0.06983,0.07006,13428266.0,939224.76452,1
BYBIT,DOGEUSDT,60,1786788000000,0.07006,0.07007,0.06994,0.07001,3983034.0,278767.50738,1
BYBIT,DOGEUSDT,60,1786791600000,0.07001,0.07005,0.06993,0.06999,9711329.0,679615.2309,1
BYBIT,DOGEUSDT,60,1786795200000,0.06999,0.07004,0.06987,0.07004,10655994.0,745276.5735,1
BYBIT,DOGEUSDT,60,1786798800000,0.07004,0.0701,0.07,0.07004,11182735.0,783354.18924,1
BYBIT,DOGEUSDT,60,1786802400000,0.07004,0.07006,0.06988,0.07003,10335925.0,723221.07756,1
BYBIT,DOGEUSDT,60,1786806000000,0.07003,0.07007,0.06991,0.07003,11333226.0,793264.86289,1
BYBIT,DOGEUSDT,60,1786809600000,0.07003,0.07005,0.06994,0.06998,3863297.0,270403.85342,1
BYBIT,DOGEUSDT,60,1786813200000,0.06998,0.07004,0.06986,0.06988,8478434.0,592827.47138,1
BYBIT,DOGEUSDT,60,1786816800000,0.06988,0.06995,0.06973,0.06975,14762821.0,1030684.90962,1
BYBIT,DOGEUSDT,60,1786820400000,0.06975,0.06993,0.0697,0.06991,4041482.0,282209.84261,1
BYBIT,DOGEUSDT,60,1786824000000,0.06991,0.06995,0.06983,0.06986,13707373.0,957972.48288,1
BYBIT,DOGEUSDT,60,1786827600000,0.06986,0.07005,0.06984,0.0699,11170385.0,781645.94292,1
BYBIT,DOGEUSDT,60,1786831200000,0.0699,0.06997,0.06982,0.06982,14656124.0,1024379.26296,1
BYBIT,DOGEUSDT,60,1786834800000,0.06982,0.06986,0.06945,0.06956,71471788.0,4974429.93571,1
BYBIT,DOGEUSDT,60,1786838400000,0.06956,0.06967,0.06946,0.06965,18385609.0,1278853.06478,1
BYBIT,DOGEUSDT,60,1786842000000,0.06965,0.06965,0.06948,0.0696,14461752.0,1006174.15462,1
BYBIT,DOGEUSDT,60,1786845600000,0.0696,0.06989,0.06955,0.06978,22535366.0,1572119.2855,1
BYBIT,DOGEUSDT,60,1786849200000,0.06978,0.06986,0.06975,0.06978,10649186.0,743447.15304,1
BYBIT,DOGEUSDT,60,1786852800000,0.06978,0.06987,0.06973,0.06976,7417294.0,517825.7529,1
BYBIT,DOGEUSDT,60,1786856400000,0.06976,0.06978,0.06962,0.06963,8341021.0,581217.66234,1
BYBIT,DOGEUSDT,60,1786860000000,0.06963,0.06976,0.06953,0.06967,19363541.0,1348686.76312,1
BYBIT,DOGEUSDT,60,1786863600000,0.06967,0.06987,0.06965,0.06987,10119229.0,706148.70367,1
BYBIT,DOGEUSDT,60,1786867200000,0.06987,0.0699,0.06981,0.06982,8828034.0,616735.01483,1
BYBIT,DOGEUSDT,60,1786870800000,0.06982,0.06986,0.06964,0.06973,30226667.0,2107989.65734,1
BYBIT,DOGEUSDT,60,1786874400000,0.06973,0.06976,0.06967,0.06972,10593091.0,738543.53737,1
BYBIT,DOGEUSDT,60,1786878000000,0.06972,0.06982,0.06972,0.06981,4574585.0,319144.80561,1
BYBIT,DOGEUSDT,60,1786881600000,0.06981,0.0699,0.06972,0.06989,10352163.0,722865.66192,1
BYBIT,DOGEUSDT,60,1786885200000,0.06989,0.06998,0.06986,0.06989,9317728.0,651444.6641,1
BYBIT,DOGEUSDT,60,1786888800000,0.06989,0.07003,0.06986,0.07002,9343365.0,653774.78302,1
BYBIT,DOGEUSDT,60,1786892400000,0.07002,0.07005,0.06996,0.07003,8920153.0,624546.25163,1
BYBIT,DOGEUSDT,60,1786896000000,0.07003,0.07017,0.06993,0.07002,26739105.0,1872889.32458,1
BYBIT,DOGEUSDT,60,1786899600000,0.07002,0.07006,0.06992,0.06997,11760937.0,823156.46901,1
BYBIT,DOGEUSDT,60,1786903200000,0.06997,0.07,0.06985,0.06996,10823096.0,756882.85042,1
BYBIT,DOGEUSDT,60,1786906800000,0.06996,0.07003,0.06988,0.06989,9408253.0,658096.25635,1
BYBIT,DOGEUSDT,60,1786910400000,0.06989,0.07,0.06974,0.06981,35813379.0,2503198.15695,1
BYBIT,DOGEUSDT,60,1786914000000,0.06981,0.06987,0.069,0.06936,109934019.0,7622976.64878,1
BYBIT,DOGEUSDT,60,1786917600000,0.06936,0.06959,0.06924,0.06955,30751946.0,2135877.27046,1
BYBIT,DOGEUSDT,60,1786921200000,0.06955,0.06966,0.06947,0.06956,12491310.0,869000.32339,1
BYBIT,DOGEUSDT,60,1786924800000,0.06956,0.06979,0.06942,0.06972,38444160.0,2677285.10837,1
BYBIT,DOGEUSDT,60,1786928400000,0.06972,0.07024,0.06971,0.06994,46957267.0,3288325.80654,1
BYBIT,DOGEUSDT,60,1786932000000,0.06994,0.07029,0.06987,0.07016,38402235.0,2690482.49458,1
BYBIT,DOGEUSDT,60,1786935600000,0.07016,0.07021,0.07001,0.07017,32285912.0,2264459.3334,1
BYBIT,DOGEUSDT,60,1786939200000,0.07017,0.07025,0.07014,0.07021,18978150.0,1331908.21841,1
BYBIT,DOGEUSDT,60,1786942800000,0.07021,0.07024,0.07008,0.07012,6370683.0,447010.99078,1
BYBIT,DOGEUSDT,60,1786946400000,0.07012,0.07046,0.0701,0.07045,47951949.0,3370846.26221,1
BYBIT,DOGEUSDT,60,1786950000000,0.07045,0.07048,0.07023,0.07029,23066082.0,1621971.89919,1
BYBIT,DOGEUSDT,60,1786953600000,0.07029,0.07032,0.07,0.07004,46613544.0,3270184.29406,1
BYBIT,DOGEUSDT,60,1786957200000,0.07004,0.07026,0.07002,0.07021,10598281.0,743716.37064,1
BYBIT,DOGEUSDT,60,1786960800000,0.07021,0.0704,0.07013,0.07038,11794743.0,829106.70265,1
BYBIT,DOGEUSDT,60,1786964400000,0.07038,0.07039,0.07012,0.07014,10389094.0,730085.18152,1
BYBIT,DOGEUSDT,60,1786968000000,0.07014,0.07018,0.06996,0.07,23142204.0,1621290.59396,1
BYBIT,DOGEUSDT,60,1786971600000,0.07,0.07026,0.06995,0.07019,21740936.0,1524585.55029,1
BYBIT,DOGEUSDT,60,1786975200000,0.07019,0.07037,0.07005,0.07034,16607619.0,1165652.15167,1
BYBIT,DOGEUSDT,60,1786978800000,0.07034,0.07056,0.07023,0.07047,63813782.0,4492910.66764,1
BYBIT,DOGEUSDT,60,1786982400000,0.07047,0.0705,0.07028,0.07033,19224247.0,1352761.12515,1
BYBIT,DOGEUSDT,60,1786986000000,0.07033,0.07051,0.07024,0.07033,18960275.0,1333838.15177,1
BYBIT,DOGEUSDT,60,1786989600000,0.07033,0.07047,0.07029,0.07033,17116013.0,1204849.40359,1
BYBIT,DOGEUSDT,60,1786993200000,0.07033,0.07034,0.07021,0.07027,19266097.0,1354069.99249,1
BYBIT,DOGEUSDT,60,1786996800000,0.07027,0.07047,0.07009,0.0703,47174430.0,3315248.06349,1
BYBIT,DOGEUSDT,60,1787000400000,0.0703,0.07046,0.07028,0.07038,23279925.0,1638616.9592,1
BYBIT,DOGEUSDT,60,1787004000000,0.07038,0.07046,0.07015,0.07017,14720820.0,1034395.71922,1
BYBIT,DOGEUSDT,60,1787007600000,0.07017,0.07044,0.07014,0.07036,10432587.0,733584.57192,1
BYBIT,DOGEUSDT,60,1787011200000,0.07036,0.0704,0.07017,0.07031,26937210.0,1893610.49162,1
BYBIT,DOGEUSDT,60,1787014800000,0.07031,0.07033,0.06988,0.06996,46647800.0,3271156.86639,1
BYBIT,DOGEUSDT,60,1787018400000,0.06996,0.07007,0.06953,0.06967,65254223.0,4551863.59965,1
BYBIT,DOGEUSDT,60,1787022000000,0.06967,0.06985,0.06963,0.0698,23068633.0,1609173.30763,1
BYBIT,DOGEUSDT,60,1787025600000,0.0698,0.06997,0.06968,0.06989,24606378.0,1719057.31545,1
BYBIT,DOGEUSDT,60,1787029200000,0.06989,0.06996,0.06956,0.06975,61650744.0,4300413.77888,1
BYBIT,DOGEUSDT,60,1787032800000,0.06975,0.07006,0.06968,0.0699,32951368.0,2300941.10695,1
BYBIT,DOGEUSDT,60,1787036400000,0.0699,0.06999,0.06971,0.06984,48336705.0,3374989.1344,1
BYBIT,DOGEUSDT,60,1787040000000,0.06984,0.06991,0.06963,0.06984,31033077.0,2165272.98233,1
BYBIT,DOGEUSDT,60,1787043600000,0.06984,0.0699,0.06979,0.06985,21589453.0,1508222.53022,1
BYBIT,DOGEUSDT,60,1787047200000,0.06985,0.06993,0.06983,0.06988,11160059.0,779933.74439,1
BYBIT,DOGEUSDT,60,1787050800000,0.06988,0.07002,0.06988,0.06995,23998117.0,1678838.41578,1
BYBIT,DOGEUSDT,60,1787054400000,0.06995,0.06997,0.06979,0.0698,16191245.0,1131349.93723,1
BYBIT,DOGEUSDT,60,1787058000000,0.0698,0.06989,0.0697,0.06977,22577092.0,1575288.33682,1
BYBIT,DOGEUSDT,60,1787061600000,0.06977,0.07036,0.06974,0.07002,61115253.0,4286407.89408,1
BYBIT,DOGEUSDT,60,1787065200000,0.07002,0.07031,0.06997,0.0703,25495822.0,1789844.87331,1
BYBIT,DOGEUSDT,60,1787068800000,0.0703,0.07045,0.07018,0.07036,19902057.0,1399477.57036,1
BYBIT,DOGEUSDT,60,1787072400000,0.07036,0.07038,0.07022,0.07023,14436039.0,1014863.18342,1
BYBIT,DOGEUSDT,60,1787076000000,0.07023,0.07053,0.07023,0.07045,24867546.0,1750835.00235,1
BYBIT,DOGEUSDT,60,1787079600000,0.07045,0.07053,0.07033,0.07033,39234916.0,2763478.03982,1
BYBIT,DOGEUSDT,60,1787083200000,0.07033,0.07038,0.07007,0.07018,58086862.0,4079568.67748,1
BYBIT,DOGEUSDT,60,1787086800000,0.07018,0.07027,0.07006,0.07012,16113876.0,1130601.53762,1
BYBIT,DOGEUSDT,60,1787090400000,0.07012,0.07021,0.06992,0.07002,52223247.0,3658818.14323,1
BYBIT,DOGEUSDT,60,1787094000000,0.07002,0.07026,0.07002,0.07021,32464095.0,2277394.94899,1
BYBIT,DOGEUSDT,60,1787097600000,0.07021,0.07024,0.06993,0.06993,19402865.0,1359097.66627,1
BYBIT,DOGEUSDT,60,1787101200000,0.06993,0.07008,0.06986,0.06994,34960314.0,2445397.39986,1
BYBIT,DOGEUSDT,60,1787104800000,0.06994,0.06998,0.06982,0.06992,8235262.0,575499.09336,1
BYBIT,DOGEUSDT,60,1787108400000,0.06992,0.07011,0.06988,0.07007,11035985.0,772933.89398,1
BYBIT,DOGEUSDT,60,1787112000000,0.07007,0.07008,0.0699,0.06993,20843044.0,1458399.62417,1
BYBIT,DOGEUSDT,60,1787115600000,0.06993,0.0701,0.0699,0.06991,27176478.0,1902481.15478,1
BYBIT,DOGEUSDT,60,1787119200000,0.06991,0.07019,0.06982,0.07006,46319098.0,3243324.4456,1
BYBIT,DOGEUSDT,60,1787122800000,0.07006,0.07009,0.06989,0.06989,17912949.0,1254244.83381,1
BYBIT,DOGEUSDT,60,1787126400000,0.06989,0.07027,0.06985,0.07011,72193172.0,5057648.38699,1
BYBIT,DOGEUSDT,60,1787130000000,0.07011,0.0702,0.06999,0.07001,18496719.0,1296389.94653,1
BYBIT,DOGEUSDT,60,1787133600000,0.07001,0.07007,0.06997,0.07004,17094916.0,1196914.60981,1
BYBIT,DOGEUSDT,60,1787137200000,0.07004,0.07022,0.07004,0.0702,8471490.0,594443.509,1
BYBIT,DOGEUSDT,60,1787140800000,0.0702,0.07078,0.07017,0.07062,96966100.0,6834237.1103,1
BYBIT,DOGEUSDT,60,1787144400000,0.07062,0.0707,0.07039,0.07052,62782465.0,4429346.06139,1
BYBIT,DOGEUSDT,60,1787148000000,0.07052,0.07142,0.0701,0.07127,126862129.0,8971589.75038,1
BYBIT,DOGEUSDT,60,1787151600000,0.07127,0.07418,0.07121,0.07248,675915762.0,49289480.35852,1
BYBIT,DOGEUSDT,60,1787155200000,0.07248,0.0732,0.07243,0.07269,118536628.0,8631753.50067,1
BYBIT,DOGEUSDT,60,1787158800000,0.07269,0.07273,0.07189,0.07227,63730617.0,4605271.37303,1
BYBIT,DOGEUSDT,60,1787162400000,0.07227,0.07282,0.07215,0.07269,44662088.0,3237127.08649,1
BYBIT,DOGEUSDT,60,1787166000000,0.07269,0.07308,0.07239,0.07306,52394077.0,3811098.99739,1
BYBIT,DOGEUSDT,60,1787169600000,0.07306,0.0745,0.07287,0.07413,184284732.0,13618681.66013,1
BYBIT,DOGEUSDT,60,1787173200000,0.07413,0.07633,0.07407,0.07603,417052756.0,31503155.70085,1
BYBIT,DOGEUSDT,60,1787176800000,0.07603,0.07618,0.07435,0.07478,327061911.0,24509493.70777,1
BYBIT,DOGEUSDT,60,1787180400000,0.07478,0.0753,0.07453,0.07502,184278244.0,13802239.29694,1
BYBIT,DOGEUSDT,60,1787184000000,0.07502,0.07568,0.07492,0.0753,144675018.0,10903790.45269,1
BYBIT,DOGEUSDT,60,1787187600000,0.0753,0.07557,0.07465,0.07544,91203046.0,6848427.9239,1
BYBIT,DOGEUSDT,60,1787191200000,0.07544,0.07608,0.07531,0.07543,87751523.0,6642302.03644,1
BYBIT,DOGEUSDT,60,1787194800000,0.07543,0.07545,0.07472,0.07478,67813502.0,5083204.87953,1
BYBIT,DOGEUSDT,60,1787198400000,0.07478,0.07493,0.07443,0.07481,41396024.0,3093636.48626,1
BYBIT,DOGEUSDT,60,1787202000000,0.07481,0.07486,0.07456,0.07468,34069377.0,2544955.80636,1
BYBIT,DOGEUSDT,60,1787205600000,0.07468,0.07537,0.07446,0.0753,133696680.0,10019980.10333,1
BYBIT,DOGEUSDT,60,1787209200000,0.0753,0.07543,0.07499,0.07531,42100713.0,3165998.74302,1
BYBIT,DOGEUSDT,60,1787212800000,0.07531,0.07715,0.07525,0.07684,303964008.0,23236370.82739,1
BYBIT,DOGEUSDT,60,1787216400000,0.07684,0.07733,0.07638,0.07666,139647803.0,10724773.25253,1
BYBIT,DOGEUSDT,60,1787220000000,0.07666,0.07785,0.07649,0.07719,72800742.0,5627192.44501,1
BYBIT,DOGEUSDT,60,1787223600000,0.07719,0.07789,0.07688,0.07715,99109955.0,7662294.47513,1
BYBIT,DOGEUSDT,60,1787227200000,0.07715,0.07755,0.07657,0.07744,122365796.0,9424407.18325,1
BYBIT,DOGEUSDT,60,1787230800000,0.07744,0.07795,0.07685,0.07746,111421824.0,8619294.91743,1
BYBIT,DOGEUSDT,60,1787234400000,0.07746,0.07855,0.07737,0.07845,174214868.0,13590167.13519,1
BYBIT,DOGEUSDT,60,1787238000000,0.07845,0.08065,0.07831,0.08022,331201162.0,26280508.72959,1
BYBIT,DOGEUSDT,60,1787241600000,0.08022,0.08321,0.07965,0.08318,388576917.0,31585974.01693,1
BYBIT,DOGEUSDT,60,1787245200000,0.08318,0.08354,0.08246,0.08278,383856023.0,31826029.90664,1
BYBIT,DOGEUSDT,60,1787248800000,0.08278,0.08317,0.0796,0.07963,390932147.0,31757257.6109,1
BYBIT,DOGEUSDT,60,1787252400000,0.07963,0.08036,0.07936,0.07965,175967184.0,14056441.8299,1
BYBIT,DOGEUSDT,60,1787256000000,0.07965,0.08015,0.07959,0.08007,58333952.0,4661010.74642,1
BYBIT,DOGEUSDT,60,1787259600000,0.08007,0.08062,0.08,0.08017,69859190.0,5606342.15079,1
BYBIT,DOGEUSDT,60,1787263200000,0.08017,0.08028,0.07905,0.07933,148385628.0,11799785.41897,1
BYBIT,DOGEUSDT,60,1787266800000,0.07933,0.08067,0.07932,0.08043,93326957.0,7487786.91249,1
BYBIT,DOGEUSDT,60,1787270400000,0.08043,0.0816,0.08024,0.08126,151899898.0,12310773.60097,1
BYBIT,DOGEUSDT,60,1787274000000,0.08126,0.083,0.08115,0.08251,175836063.0,14436497.92861,1
BYBIT,DOGEUSDT,60,1787277600000,0.08251,0.08274,0.08138,0.0814,177247524.0,14537857.89482,1
BYBIT,DOGEUSDT,60,1787281200000,0.0814,0.08233,0.08116,0.08176,98071015.0,8023914.04693,1
BYBIT,DOGEUSDT,60,1787284800000,0.08176,0.08242,0.08171,0.08228,136068912.0,11175506.39372,1
BYBIT,DOGEUSDT,60,1787288400000,0.08228,0.08279,0.08202,0.08268,113418711.0,9357892.51453,1
BYBIT,DOGEUSDT,60,1787292000000,0.08268,0.084,0.0826,0.0832,202871049.0,16910379.16176,1
BYBIT,DOGEUSDT,60,1787295600000,0.0832,0.08452,0.08311,0.08345,269982315.0,22608601.84057,1
BYBIT,DOGEUSDT,60,1787299200000,0.08345,0.08575,0.08336,0.08561,296116703.0,25071663.64306,1
BYBIT,DOGEUSDT,60,1787302800000,0.08561,0.08569,0.08257,0.08448,448477197.0,37586100.81338,1
BYBIT,DOGEUSDT,60,1787306400000,0.08448,0.0847,0.08349,0.0845,153287059.0,12895410.34625,1
BYBIT,DOGEUSDT,60,1787310000000,0.0845,0.08467,0.08241,0.08296,282443950.0,23502433.51139,1
BYBIT,DOGEUSDT,60,1787313600000,0.08296,0.08427,0.08261,0.08393,125217186.0,10436513.74486,1
BYBIT,DOGEUSDT,60,1787317200000,0.08393,0.08435,0.08264,0.08397,218184525.0,18216499.37773,1
BYBIT,DOGEUSDT,60,1787320800000,0.08397,0.08432,0.08288,0.08421,260019202.0,21732134.4781,1
BYBIT,DOGEUSDT,60,1787324400000,0.08421,0.08476,0.08353,0.08379,162841279.0,13709443.9707,1
BYBIT,DOGEUSDT,60,1787328000000,0.08379,0.0848,0.08332,0.08465,242537544.0,20382363.7468,1
BYBIT,DOGEUSDT,60,1787331600000,0.08465,0.08518,0.08389,0.08435,150992227.0,12761895.78763,1
BYBIT,DOGEUSDT,60,1787335200000,0.08435,0.08531,0.08363,0.08427,144773997.0,12255241.27142,1
BYBIT,DOGEUSDT,60,1787338800000,0.08427,0.0851,0.08357,0.08487,145903301.0,12327044.52981,1
BYBIT,DOGEUSDT,60,1787342400000,0.08487,0.08739,0.08466,0.08734,520627952.0,44914264.09074,1
BYBIT,DOGEUSDT,60,1787346000000,0.08734,0.09186,0.08698,0.09173,539074940.0,48127626.24923,1
BYBIT,DOGEUSDT,60,1787349600000,0.09173,0.09469,0.09132,0.09415,707891860.0,65881550.37566,1
BYBIT,DOGEUSDT,60,1787353200000,0.09415,0.09436,0.09098,0.09153,379744673.0,35194815.58951,1
BYBIT,DOGEUSDT,60,1787356800000,0.09153,0.09193,0.09014,0.09172,267198638.0,24332401.62511,1
BYBIT,DOGEUSDT,60,1787360400000,0.09172,0.09234,0.09093,0.0914,137862328.0,12645723.0774,1
BYBIT,DOGEUSDT,60,1787364000000,0.0914,0.09389,0.09129,0.09371,114750317.0,10650365.13648,1
BYBIT,DOGEUSDT,60,1787367600000,0.09371,0.09717,0.09338,0.09565,357846340.0,34177515.72565,1
BYBIT,DOGEUSDT,60,1787371200000,0.09565,0.10085,0.09479,0.0985,537502988.0,52631719.32178,1
BYBIT,DOGEUSDT,60,1787374800000,0.0985,0.09958,0.08223,0.09177,1528722134.0,137895655.29409,1
BYBIT,DOGEUSDT,60,1787378400000,0.09177,0.09373,0.09064,0.09263,202006986.0,18638741.60628,1
BYBIT,DOGEUSDT,60,1787382000000,0.09263,0.09386,0.09136,0.09299,167204982.0,15503842.65871,1
BYBIT,DOGEUSDT,60,1787385600000,0.09299,0.09343,0.09042,0.09145,232410252.0,21310286.26583,1
BYBIT,DOGEUSDT,60,1787389200000,0.09145,0.09233,0.09002,0.09071,193065544.0,17592701.59277,1
BYBIT,DOGEUSDT,60,1787392800000,0.09071,0.09085,0.08763,0.08965,395088830.0,35187273.53205,1
BYBIT,DOGEUSDT,60,1787396400000,0.08965,0.09035,0.0889,0.08984,119075860.0,10686384.59911,1
BYBIT,DOGEUSDT,60,1787400000000,0.08984,0.09205,0.0895,0.09145,136385546.0,12427410.35167,1
BYBIT,DOGEUSDT,60,1787403600000,0.09145,0.09191,0.09066,0.09116,136276598.0,12424548.26704,1
BYBIT,DOGEUSDT,60,1787407200000,0.09116,0.09132,0.08978,0.09015,125279800.0,11316894.63433,1
BYBIT,DOGEUSDT,60,1787410800000,0.09015,0.09065,0.08946,0.09026,49987153.0,4503030.02219,1
BYBIT,DOGEUSDT,60,1787414400000,0.09026,0.09225,0.08969,0.09161,208699510.0,19013962.40966,1
BYBIT,DOGEUSDT,60,1787418000000,0.09161,0.09362,0.09119,0.09317,278055679.0,25783351.73009,1
BYBIT,DOGEUSDT,60,1787421600000,0.09317,0.09387,0.09214,0.09281,137836657.0,12832543.56063,1
BYBIT,DOGEUSDT,60,1787425200000,0.09281,0.09377,0.0921,0.09347,81093772.0,7536321.97887,1
BYBIT,DOGEUSDT,60,1787428800000,0.09347,0.0953,0.09332,0.09419,216213099.0,20437417.00857,1
BYBIT,DOGEUSDT,60,1787432400000,0.09419,0.09427,0.09118,0.0916,191397775.0,17736536.47768,1
BYBIT,DOGEUSDT,60,1787436000000,0.0916,0.09253,0.09113,0.09191,83872245.0,7711918.66763,1
BYBIT,DOGEUSDT,60,1787439600000,0.09191,0.09208,0.091,0.09182,89449531.0,8184538.09478,1
BYBIT,DOGEUSDT,60,1787443200000,0.09182,0.09432,0.09175,0.09389,166670616.0,15561244.28492,1
BYBIT,DOGEUSDT,60,1787446800000,0.09389,0.09409,0.09282,0.09293,76530711.0,7150258.82302,1
BYBIT,DOGEUSDT,60,1787450400000,0.09293,0.09311,0.09126,0.09177,178326600.0,16422832.05001,1
BYBIT,DOGEUSDT,60,1787454000000,0.09177,0.09205,0.09052,0.09102,114440274.0,10434363.69237,1
BYBIT,DOGEUSDT,60,1787457600000,0.09102,0.09172,0.08923,0.08945,182261730.0,16462545.56655,1
BYBIT,DOGEUSDT,60,1787461200000,0.08945,0.09072,0.08869,0.08945,166865683.0,14970187.55301,1
BYBIT,DOGEUSDT,60,1787464800000,0.08945,0.09048,0.08891,0.08972,133276537.0,11976172.54421,1
BYBIT,DOGEUSDT,60,1787468400000,0.08972,0.0907,0.08957,0.09027,65823754.0,5938465.0082,1
BYBIT,DOGEUSDT,60,1787472000000,0.09027,0.09147,0.09016,0.09088,111115205.0,10102270.35419,1
BYBIT,DOGEUSDT,60,1787475600000,0.09088,0.09135,0.09037,0.09104,74430574.0,6757248.71378,1
BYBIT,DOGEUSDT,60,1787479200000,0.09104,0.09284,0.09094,0.09214,238189890.0,21949264.98237,1
BYBIT,DOGEUSDT,60,1787482800000,0.09214,0.09309,0.09184,0.0927,84987739.0,7868775.61814,1
BYBIT,DOGEUSDT,60,1787486400000,0.0927,0.09276,0.09182,0.0923,56478954.0,5208133.0654,1
BYBIT,DOGEUSDT,60,1787490000000,0.0923,0.09391,0.0921,0.09371,203718554.0,19021342.0669,1
BYBIT,DOGEUSDT,60,1787493600000,0.09371,0.09451,0.09079,0.09266,276832008.0,25649287.49196,1
BYBIT,DOGEUSDT,60,1787497200000,0.09266,0.09314,0.09166,0.0924,122564015.0,11329586.53446,1
BYBIT,DOGEUSDT,60,1787500800000,0.0924,0.09291,0.09189,0.09285,70708059.0,6536931.02877,1
BYBIT,DOGEUSDT,60,1787504400000,0.09285,0.09314,0.0919,0.09259,75871876.0,7024401.8833,1
BYBIT,DOGEUSDT,60,1787508000000,0.09259,0.09333,0.09236,0.09298,62753892.0,5830340.17673,1
BYBIT,DOGEUSDT,60,1787511600000,0.09298,0.09305,0.09197,0.09239,50547993.0,4675295.53633,1
BYBIT,DOGEUSDT,60,1787515200000,0.09239,0.09293,0.09197,0.0928,24641628.0,2280327.02162,1
BYBIT,DOGEUSDT,60,1787518800000,0.0928,0.09455,0.0928,0.09333,72360309.0,6782819.52178,1
BYBIT,DOGEUSDT,60,1787522400000,0.09333,0.09374,0.09259,0.0931,82991431.0,7720635.09672,1
BYBIT,DOGEUSDT,60,1787526000000,0.0931,0.09384,0.09263,0.09341,84769026.0,7901604.51001,1
BYBIT,DOGEUSDT,60,1787529600000,0.09341,0.0937,0.09131,0.09274,179655901.0,16585627.58199,1
BYBIT,DOGEUSDT,60,1787533200000,0.09274,0.09277,0.09027,0.09067,112066387.0,10259823.29466,1
BYBIT,DOGEUSDT,60,1787536800000,0.09067,0.09232,0.09063,0.09173,63115696.0,5776187.45787,1
BYBIT,DOGEUSDT,60,1787540400000,0.09173,0.09188,0.09077,0.09117,76931209.0,7026273.67349,1
BYBIT,DOGEUSDT,60,1787544000000,0.09117,0.09241,0.09115,0.09217,61518304.0,5650341.66186,1
BYBIT,DOGEUSDT,60,1787547600000,0.09217,0.09312,0.09127,0.09196,82847264.0,7632639.27353,1
BYBIT,DOGEUSDT,60,1787551200000,0.09196,0.09218,0.09118,0.09161,61886198.0,5675005.15281,1
BYBIT,DOGEUSDT,60,1787554800000,0.09161,0.09263,0.09127,0.09133,55722348.0,5121319.94844,1
BYBIT,DOGEUSDT,60,1787558400000,0.09133,0.09142,0.09011,0.09073,130990763.0,11888072.47269,1
BYBIT,DOGEUSDT,60,1787562000000,0.09073,0.09151,0.09066,0.09116,43738112.0,3988355.8464,1
BYBIT,DOGEUSDT,60,1787565600000,0.09116,0.09172,0.09073,0.09092,56863398.0,5192969.58505,1
BYBIT,DOGEUSDT,60,1787569200000,0.09092,0.09268,0.09024,0.0922,77962815.0,7148245.62925,1
BYBIT,DOGEUSDT,60,1787572800000,0.0922,0.09342,0.09116,0.0932,120700212.0,11170077.96662,1
BYBIT,DOGEUSDT,60,1787576400000,0.0932,0.09329,0.09026,0.09081,248923114.0,22744866.9584,1
BYBIT,DOGEUSDT,60,1787580000000,0.09081,0.09239,0.09068,0.09188,120460559.0,11030494.06152,1
BYBIT,DOGEUSDT,60,1787583600000,0.09188,0.09277,0.09072,0.09117,128932698.0,11832214.01897,1
BYBIT,DOGEUSDT,60,1787587200000,0.09117,0.09226,0.09066,0.09097,105016826.0,9625779.55077,1
BYBIT,DOGEUSDT,60,1787590800000,0.09097,0.09107,0.08781,0.08888,325206202.0,29003754.29801,1
BYBIT,DOGEUSDT,60,1787594400000,0.08888,0.08963,0.08884,0.08915,75118422.0,6705993.39516,1
BYBIT,DOGEUSDT,60,1787598000000,0.08915,0.08935,0.08858,0.08902,55117102.0,4905372.50612,1
BYBIT,DOGEUSDT,60,1787601600000,0.08902,0.08949,0.08856,0.08939,57979025.0,5163558.40586,1
BYBIT,DOGEUSDT,60,1787605200000,0.08939,0.09022,0.08939,0.0902,70612665.0,6336712.70553,1
BYBIT,DOGEUSDT,60,1787608800000,0.0902,0.09025,0.08925,0.08952,42567485.0,3819485.35597,1
BYBIT,DOGEUSDT,60,1787612400000,0.08952,0.09022,0.08917,0.09004,30950431.0,2776271.28373,1
BYBIT,DOGEUSDT,60,1787616000000,0.09004,0.0917,0.08966,0.0914,123176976.0,11165695.27252,1
BYBIT,DOGEUSDT,60,1787619600000,0.0914,0.09158,0.09067,0.09102,48307644.0,4400012.33561,1
BYBIT,DOGEUSDT,60,1787623200000,0.09102,0.09299,0.0908,0.09198,127813398.0,11787357.1182,1
BYBIT,DOGEUSDT,60,1787626800000,0.09198,0.09299,0.09152,0.09188,65973197.0,6096273.26849,1
BYBIT,DOGEUSDT,60,1787630400000,0.09188,0.09221,0.09151,0.09202,73500073.0,6756333.40637,1
BYBIT,DOGEUSDT,60,1787634000000,0.09202,0.09308,0.09191,0.09265,49628876.0,4598781.33805,1
BYBIT,DOGEUSDT,60,1787637600000,0.09265,0.09295,0.09156,0.09187,45963275.0,4243573.35514,1
BYBIT,DOGEUSDT,60,1787641200000,0.09187,0.09245,0.09008,0.09074,126965032.0,11550928.32504,1
BYBIT,DOGEUSDT,60,1787644800000,0.09074,0.09151,0.09044,0.091,44093742.0,4014489.53981,1
BYBIT,DOGEUSDT,60,1787648400000,0.091,0.09128,0.08975,0.09039,49530213.0,4485597.17219,1
BYBIT,DOGEUSDT,60,1787652000000,0.09039,0.09079,0.09016,0.09056,41935476.0,3795416.28391,1
BYBIT,DOGEUSDT,60,1787655600000,0.09056,0.09083,0.09008,0.09009,26672141.0,2412032.67531,1
BYBIT,DOGEUSDT,60,1787659200000,0.09009,0.09022,0.08909,0.09006,57050599.0,5116646.63355,1
BYBIT,DOGEUSDT,60,1787662800000,0.09006,0.09015,0.08672,0.08821,223146854.0,19673430.34519,1
BYBIT,DOGEUSDT,60,1787666400000,0.08821,0.08938,0.08798,0.089,96787123.0,8601567.36151,1
BYBIT,DOGEUSDT,60,1787670000000,0.089,0.08928,0.08848,0.08914,30733152.0,2732235.63735,1
BYBIT,DOGEUSDT,60,1787673600000,0.08914,0.08937,0.08862,0.08897,32294200.0,2873835.28595,1
BYBIT,DOGEUSDT,60,1787677200000,0.08897,0.08898,0.08815,0.0888,39688701.0,3512729.55223,1
BYBIT,DOGEUSDT,60,1787680800000,0.0888,0.08896,0.08853,0.08867,20932034.0,1857977.26835,1
BYBIT,DOGEUSDT,60,1787684400000,0.08867,0.08879,0.08782,0.08802,41962501.0,3699248.38796,1
BYBIT,DOGEUSDT,60,1787688000000,0.08802,0.08808,0.08568,0.08571,176943411.0,15319575.26047,1
BYBIT,DOGEUSDT,60,1787691600000,0.08571,0.08658,0.08477,0.0863,125208987.0,10718411.81648,1
BYBIT,DOGEUSDT,60,1787695200000,0.0863,0.08698,0.08629,0.08675,40701023.0,3527413.32539,1
BYBIT,DOGEUSDT,60,1787698800000,0.08675,0.0869,0.08551,0.08565,56751694.0,4897836.40053,1
BYBIT,DOGEUSDT,60,1787702400000,0.08565,0.08632,0.08539,0.0861,66787309.0,5732846.73203,1
BYBIT,DOGEUSDT,60,1787706000000,0.0861,0.08672,0.08604,0.08644,40057902.0,3464486.14486,1
BYBIT,DOGEUSDT,60,1787709600000,0.08644,0.08693,0.08604,0.08673,26935620.0,2333992.76359,1
BYBIT,DOGEUSDT,60,1787713200000,0.08673,0.08683,0.0864,0.08661,25158230.0,2179123.20825,1
BYBIT,DOGEUSDT,60,1787716800000,0.08661,0.0869,0.08616,0.08626,39573794.0,3425662.67342,1
BYBIT,DOGEUSDT,60,1787720400000,0.08626,0.08684,0.08596,0.08675,27512194.0,2377468.84969,1
BYBIT,DOGEUSDT,60,1787724000000,0.08675,0.08705,0.08626,0.08662,34984166.0,3029019.81021,1
BYBIT,DOGEUSDT,60,1787727600000,0.08662,0.0869,0.08649,0.08656,35555757.0,3081984.0871,1
BYBIT,DOGEUSDT,60,1787731200000,0.08656,0.08691,0.08618,0.08636,26867742.0,2326918.52668,1
BYBIT,DOGEUSDT,60,1787734800000,0.08636,0.08654,0.08537,0.08591,66357131.0,5704080.38148,1
BYBIT,DOGEUSDT,60,1787738400000,0.08591,0.08709,0.08574,0.08677,59242972.0,5124365.56732,1
BYBIT,DOGEUSDT,60,1787742000000,0.08677,0.08703,0.08608,0.08629,53582580.0,4635579.61897,1
BYBIT,DOGEUSDT,60,1787745600000,0.08629,0.08702,0.08556,0.0863,81304127.0,7014604.18262,1
BYBIT,DOGEUSDT,60,1787749200000,0.0863,0.08649,0.08509,0.08589,143528372.0,12292903.28431,1
BYBIT,DOGEUSDT,60,1787752800000,0.08589,0.08612,0.08423,0.08435,154546713.0,13128060.69294,1
BYBIT,DOGEUSDT,60,1787756400000,0.08435,0.0847,0.08375,0.08447,81105208.0,6828809.34656,1
BYBIT,DOGEUSDT,60,1787760000000,0.08447,0.08469,0.08381,0.08425,64195161.0,5403375.25397,1
BYBIT,DOGEUSDT,60,1787763600000,0.08425,0.08538,0.08423,0.08493,40678194.0,3454617.94392,1
BYBIT,DOGEUSDT,60,1787767200000,0.08493,0.08519,0.08459,0.08506,47952149.0,4068096.78532,1
BYBIT,DOGEUSDT,60,1787770800000,0.08506,0.08536,0.08475,0.08481,26845944.0,2281034.37882,1
BYBIT,DOGEUSDT,60,1787774400000,0.08481,0.08527,0.08434,0.08526,29754947.0,2525274.56111,1
BYBIT,DOGEUSDT,60,1787778000000,0.08526,0.08636,0.08521,0.08625,75006898.0,6437260.2214,1
BYBIT,DOGEUSDT,60,1787781600000,0.08625,0.0872,0.08608,0.08649,88501109.0,7686318.94327,1
BYBIT,DOGEUSDT,60,1787785200000,0.08649,0.08777,0.08636,0.08763,69898007.0,6091076.83049,1
BYBIT,DOGEUSDT,60,1787788800000,0.08763,0.08764,0.08651,0.08651,43592475.0,3795261.76213,1
BYBIT,DOGEUSDT,60,1787792400000,0.08651,0.08769,0.08618,0.08702,108471079.0,9431331.67922,1
BYBIT,DOGEUSDT,60,1787796000000,0.08702,0.08743,0.08667,0.08681,22872674.0,1991245.55177,1
BYBIT,DOGEUSDT,60,1787799600000,0.08681,0.08713,0.08659,0.08677,26287981.0,2283036.04514,1
BYBIT,DOGEUSDT,60,1787803200000,0.08677,0.08703,0.08646,0.08663,20169023.0,1748375.73208,1
BYBIT,DOGEUSDT,60,1787806800000,0.08663,0.08708,0.08609,0.08695,33266499.0,2880423.38494,1
BYBIT,DOGEUSDT,60,1787810400000,0.08695,0.087,0.0864,0.08696,17858715.0,1548725.17714,1
BYBIT,DOGEUSDT,60,1787814000000,0.08696,0.08714,0.0868,0.08709,14091819.0,1225459.35483,1
BYBIT,DOGEUSDT,60,1787817600000,0.08709,0.08979,0.08705,0.08912,157670203.0,13990679.11178,1
BYBIT,DOGEUSDT,60,1787821200000,0.08912,0.08996,0.08865,0.08881,77015794.0,6874346.45476,1
BYBIT,DOGEUSDT,60,1787824800000,0.08881,0.08917,0.08756,0.08825,96712038.0,8536985.08418,1
BYBIT,DOGEUSDT,60,1787828400000,0.08825,0.0887,0.0878,0.08826,32582159.0,2877428.83339,1
BYBIT,DOGEUSDT,60,1787832000000,0.08826,0.08862,0.08715,0.08758,82607766.0,7245305.44487,1
BYBIT,DOGEUSDT,60,1787835600000,0.08758,0.0881,0.08716,0.08808,59808090.0,5247700.07832,1
BYBIT,DOGEUSDT,60,1787839200000,0.08808,0.08939,0.08784,0.08895,85798783.0,7612890.09805,1
BYBIT,DOGEUSDT,60,1787842800000,0.08895,0.08968,0.08862,0.08862,105115696.0,9357179.28698,1
BYBIT,DOGEUSDT,60,1787846400000,0.08862,0.08971,0.08856,0.08921,78126136.0,6966884.17084,1
BYBIT,DOGEUSDT,60,1787850000000,0.08921,0.08992,0.08884,0.08907,68373066.0,6109464.37682,1
BYBIT,DOGEUSDT,60,1787853600000,0.08907,0.08909,0.08787,0.08867,75262270.0,6660603.61945,1
BYBIT,DOGEUSDT,60,1787857200000,0.08867,0.08894,0.08839,0.08859,25013297.0,2217377.19958,1
BYBIT,DOGEUSDT,60,1787860800000,0.08859,0.08877,0.08823,0.08867,24824319.0,2196926.87725,1
BYBIT,DOGEUSDT,60,1787864400000,0.08867,0.08887,0.08822,0.08872,25841251.0,2288791.80812,1
BYBIT,DOGEUSDT,60,1787868000000,0.08872,0.08941,0.08871,0.08905,28047679.0,2498357.34945,1
BYBIT,DOGEUSDT,60,1787871600000,0.08905,0.08926,0.08873,0.08908,24720421.0,2200987.98698,1
BYBIT,DOGEUSDT,60,1787875200000,0.08908,0.08922,0.08846,0.08896,53928280.0,4788471.55383,1
BYBIT,DOGEUSDT,60,1787878800000,0.08896,0.09027,0.08891,0.08906,79134426.0,7082900.16232,1
BYBIT,DOGEUSDT,60,1787882400000,0.08906,0.08908,0.0873,0.0878,91436679.0,8042852.96462,1
BYBIT,DOGEUSDT,60,1787886000000,0.0878,0.08803,0.08727,0.08771,32881056.0,2882860.83889,1
BYBIT,DOGEUSDT,60,1787889600000,0.08771,0.08817,0.08714,0.08759,39470392.0,3458209.39317,1
BYBIT,DOGEUSDT,60,1787893200000,0.08759,0.08794,0.08732,0.08771,19794220.0,1736205.59081,1
BYBIT,DOGEUSDT,60,1787896800000,0.08771,0.08831,0.0877,0.08816,19466429.0,1714013.61201,1
BYBIT,DOGEUSDT,60,1787900400000,0.08816,0.08818,0.08747,0.08748,46364823.0,4065922.66808,1
BYBIT,DOGEUSDT,60,1787904000000,0.08748,0.08776,0.08677,0.08713,53244916.0,4647165.2587,1
BYBIT,DOGEUSDT,60,1787907600000,0.08713,0.08724,0.0863,0.08633,64885800.0,5629411.45985,1
BYBIT,DOGEUSDT,60,1787911200000,0.08633,0.08709,0.08557,0.08707,111356339.0,9598095.00855,1
BYBIT,DOGEUSDT,60,1787914800000,0.08707,0.08732,0.08681,0.08694,24523399.0,2135121.78932,1
BYBIT,DOGEUSDT,60,1787918400000,0.08694,0.0871,0.08658,0.08682,18801227.0,1631932.97257,1
BYBIT,DOGEUSDT,60,1787922000000,0.08682,0.08711,0.0865,0.08683,35994485.0,3123681.09612,1
BYBIT,DOGEUSDT,60,1787925600000,0.08683,0.08791,0.08546,0.08767,189652602.0,16469005.40331,1
BYBIT,DOGEUSDT,60,1787929200000,0.08767,0.08798,0.08576,0.08584,91103760.0,7905837.55704,1
BYBIT,DOGEUSDT,60,1787932800000,0.08584,0.08598,0.08388,0.08534,214881729.0,18282130.00087,1
BYBIT,DOGEUSDT,60,1787936400000,0.08534,0.08556,0.08494,0.085,40691806.0,3466933.4645,1
BYBIT,DOGEUSDT,60,1787940000000,0.085,0.08507,0.08374,0.08432,79925401.0,6744749.09692,1
BYBIT,DOGEUSDT,60,1787943600000,0.08432,0.08477,0.08428,0.08462,24649707.0,2084814.91917,1
BYBIT,DOGEUSDT,60,1787947200000,0.08462,0.08485,0.08439,0.08474,23060295.0,1952410.52122,1
BYBIT,DOGEUSDT,60,1787950800000,0.08474,0.08502,0.08437,0.08451,22188950.0,1881328.60439,1
BYBIT,DOGEUSDT,60,1787954400000,0.08451,0.08523,0.08444,0.0851,30359303.0,2577800.20184,1
BYBIT,DOGEUSDT,60,1787958000000,0.0851,0.08523,0.08501,0.08519,36429838.0,3100223.29799,1
BYBIT,DOGEUSDT,60,1787961600000,0.08519,0.08536,0.08506,0.08512,9799622.0,834964.18607,1
BYBIT,DOGEUSDT,60,1787965200000,0.08512,0.08538,0.08498,0.08526,15724522.0,1339981.76967,1
BYBIT,DOGEUSDT,60,1787968800000,0.08526,0.0853,0.08486,0.08497,18461957.0,1570980.52015,1
BYBIT,DOGEUSDT,60,1787972400000,0.08497,0.08508,0.08472,0.08479,19105588.0,1622775.01856,1
BYBIT,DOGEUSDT,60,1787976000000,0.08479,0.08515,0.08476,0.08511,18216973.0,1547884.42255,1
BYBIT,DOGEUSDT,60,1787979600000,0.08511,0.08524,0.08494,0.08502,14352778.0,1221803.97094,1
BYBIT,DOGEUSDT,60,1787983200000,0.08502,0.08504,0.0842,0.08436,49044836.0,4143521.6709,1
BYBIT,DOGEUSDT,60,1787986800000,0.08436,0.08466,0.08424,0.08438,15846034.0,1337966.73575,1
BYBIT,DOGEUSDT,60,1787990400000,0.08438,0.08449,0.08414,0.08429,17291937.0,1457479.01909,1
BYBIT,DOGEUSDT,60,1787994000000,0.08429,0.0845,0.08412,0.0844,16469567.0,1388896.61586,1
BYBIT,DOGEUSDT,60,1787997600000,0.0844,0.08465,0.08413,0.08439,21434872.0,1809824.00763,1
BYBIT,DOGEUSDT,60,1788001200000,0.08439,0.08452,0.08435,0.08442,12993987.0,1097179.25046,1
BYBIT,DOGEUSDT,60,1788004800000,0.08442,0.08496,0.0844,0.08475,28934802.0,2452752.88857,1
BYBIT,DOGEUSDT,60,1788008400000,0.08475,0.08497,0.08461,0.0849,37086411.0,3146412.41123,1
BYBIT,DOGEUSDT,60,1788012000000,0.0849,0.08565,0.08482,0.08555,34963729.0,2979210.92075,1
BYBIT,DOGEUSDT,60,1788015600000,0.08555,0.0856,0.08501,0.08511,25473945.0,2170468.44341,1
BYBIT,DOGEUSDT,60,1788019200000,0.08511,0.08553,0.08503,0.08519,32071560.0,2734344.12142,1
BYBIT,DOGEUSDT,60,1788022800000,0.08519,0.08531,0.08472,0.08506,18750189.0,1592838.48521,1
BYBIT,DOGEUSDT,60,1788026400000,0.08506,0.08551,0.08498,0.08522,22406676.0,1909477.38249,1
BYBIT,DOGEUSDT,60,1788030000000,0.08522,0.08546,0.08508,0.0852,23922298.0,2039849.38276,1
BYBIT,DOGEUSDT,60,1788033600000,0.0852,0.08543,0.08509,0.08519,13520931.0,1152627.33501,1
BYBIT,DOGEUSDT,60,1788037200000,0.08519,0.08527,0.08499,0.08507,31814167.0,2706696.84914,1
BYBIT,DOGEUSDT,60,1788040800000,0.08507,0.08514,0.08491,0.08509,14906777.0,1267307.03918,1
BYBIT,DOGEUSDT,60,1788044400000,0.08509,0.0853,0.08495,0.08525,18623985.0,1586006.24805,1
BYBIT,DOGEUSDT,60,1788048000000,0.08525,0.08545,0.08507,0.08512,27518949.0,2345732.32104,1
BYBIT,DOGEUSDT,60,1788051600000,0.08512,0.08515,0.08475,0.08487,26386908.0,2240534.3605,1
BYBIT,DOGEUSDT,60,1788055200000,0.08487,0.08512,0.08482,0.08501,21911512.0,1861516.25801,1
BYBIT,DOGEUSDT,60,1788058800000,0.08501,0.08515,0.08488,0.08498,16557846.0,1407739.14263,1
BYBIT,DOGEUSDT,60,1788062400000,0.08498,0.08505,0.08449,0.08482,33144733.0,2808669.15021,1
BYBIT,DOGEUSDT,60,1788066000000,0.08482,0.08514,0.08481,0.08504,18641630.0,1584586.68648,1
BYBIT,DOGEUSDT,60,1788069600000,0.08504,0.08517,0.08484,0.08514,16895293.0,1436864.45884,1
BYBIT,DOGEUSDT,60,1788073200000,0.08514,0.08515,0.08452,0.0846,33406316.0,2830434.1242,1
BYBIT,DOGEUSDT,60,1788076800000,0.0846,0.08472,0.08441,0.08455,22297068.0,1885931.76023,1
BYBIT,DOGEUSDT,60,1788080400000,0.08455,0.08466,0.08427,0.08456,33507977.0,2831133.96042,1
BYBIT,DOGEUSDT,60,1788084000000,0.08456,0.08498,0.08443,0.08483,25535576.0,2163944.59146,1
BYBIT,DOGEUSDT,60,1788087600000,0.08483,0.08505,0.08477,0.08492,22592584.0,1918411.39187,1
BYBIT,DOGEUSDT,60,1788091200000,0.08492,0.08543,0.08484,0.08537,55252364.0,4705059.51906,1
BYBIT,DOGEUSDT,60,1788094800000,0.08537,0.0858,0.08515,0.08564,33697491.0,2880565.11248,1
BYBIT,DOGEUSDT,60,1788098400000,0.08564,0.08567,0.08531,0.08541,24648858.0,2107002.91437,1
BYBIT,DOGEUSDT,60,1788102000000,0.08541,0.0855,0.08497,0.08532,35106965.0,2992826.20453,1
BYBIT,DOGEUSDT,60,1788105600000,0.08532,0.08641,0.08525,0.08631,47882960.0,4109964.60455,1
BYBIT,DOGEUSDT,60,1788109200000,0.08631,0.08635,0.08514,0.08588,71026711.0,6095026.45571,1
BYBIT,DOGEUSDT,60,1788112800000,0.08588,0.08643,0.08552,0.08629,32128281.0,2764677.86532,1
BYBIT,DOGEUSDT,60,1788116400000,0.08629,0.0863,0.08548,0.08575,41697659.0,3583427.68916,1
BYBIT,DOGEUSDT,60,1788120000000,0.08575,0.08591,0.08466,0.08506,73869576.0,6296610.71746,1
BYBIT,DOGEUSDT,60,1788123600000,0.08506,0.08508,0.08374,0.08456,92942740.0,7843755.4107,1
BYBIT,DOGEUSDT,60,1788127200000,0.08456,0.08499,0.08314,0.08363,95635596.0,8022283.12064,1
BYBIT,DOGEUSDT,60,1788130800000,0.08363,0.08363,0.08072,0.08198,278699533.0,22845392.1031,1
BYBIT,DOGEUSDT,60,1788134400000,0.08198,0.08266,0.08156,0.08233,62450858.0,5130257.70044,1
BYBIT,DOGEUSDT,60,1788138000000,0.08233,0.08245,0.08144,0.08156,49453200.0,4047941.24176,1
BYBIT,DOGEUSDT,60,1788141600000,0.08156,0.08235,0.08138,0.08176,42056060.0,3447314.78546,1
BYBIT,DOGEUSDT,60,1788145200000,0.08176,0.08254,0.08168,0.08224,37261576.0,3065894.21662,1
BYBIT,DOGEUSDT,60,1788148800000,0.08224,0.08226,0.08184,0.08208,28230713.0,2315382.20003,1
BYBIT,DOGEUSDT,60,1788152400000,0.08208,0.08302,0.08194,0.08277,81760818.0,6755499.56859,1
BYBIT,DOGEUSDT,60,1788156000000,0.08277,0.08293,0.08255,0.08268,49800036.0,4118762.56667,1
BYBIT,DOGEUSDT,60,1788159600000,0.08268,0.08288,0.08249,0.08269,34497389.0,2852233.53395,1
BYBIT,DOGEUSDT,60,1788163200000,0.08269,0.08295,0.08235,0.08274,38813457.0,3209740.51975,1
BYBIT,DOGEUSDT,60,1788166800000,0.08274,0.08312,0.0826,0.0828,30677282.0,2542475.96383,1
BYBIT,DOGEUSDT,60,1788170400000,0.0828,0.08325,0.08249,0.08304,36391870.0,3015145.7466,1
BYBIT,DOGEUSDT,60,1788174000000,0.08304,0.08306,0.08254,0.0826,25121791.0,2080757.69537,1
BYBIT,DOGEUSDT,60,1788177600000,0.0826,0.08301,0.0822,0.08262,58317352.0,4818274.49256,1
BYBIT,DOGEUSDT,60,1788181200000,0.08262,0.08289,0.08196,0.08211,43545759.0,3586987.80893,1
BYBIT,DOGEUSDT,60,1788184800000,0.08211,0.08322,0.08197,0.08297,103727658.0,8564269.56186,1
BYBIT,DOGEUSDT,60,1788188400000,0.08297,0.08327,0.08246,0.08278,60963632.0,5051829.23095,1
BYBIT,DOGEUSDT,60,1788192000000,0.08278,0.0832,0.08261,0.08285,28721925.0,2380458.65686,1
BYBIT,DOGEUSDT,60,1788195600000,0.08285,0.08344,0.08271,0.08329,36162452.0,3004991.66854,1
BYBIT,DOGEUSDT,60,1788199200000,0.08329,0.08396,0.08306,0.08342,35936202.0,3000303.34778,1
BYBIT,DOGEUSDT,60,1788202800000,0.08342,0.08368,0.08303,0.0832,27839743.0,2318092.04894,1
BYBIT,DOGEUSDT,60,1788206400000,0.0832,0.08355,0.0831,0.08322,23434250.0,1951318.12472,1
BYBIT,DOGEUSDT,60,1788210000000,0.08322,0.08345,0.08285,0.08332,38587927.0,3207675.45403,1
BYBIT,DOGEUSDT,60,1788213600000,0.08332,0.08339,0.0829,0.08301,20890329.0,1735102.42734,1
BYBIT,DOGEUSDT,60,1788217200000,0.08301,0.08301,0.08262,0.08282,13874023.0,1148512.16317,1
BYBIT,DOGEUSDT,60,1788220800000,0.08282,0.08323,0.08273,0.08302,36545429.0,3033779.67716,1
BYBIT,DOGEUSDT,60,1788224400000,0.08302,0.08321,0.08228,0.08277,44850989.0,3710671.96408,1
BYBIT,DOGEUSDT,60,1788228000000,0.08277,0.08295,0.08247,0.08281,24281163.0,2008273.46442,1
BYBIT,DOGEUSDT,60,1788231600000,0.08281,0.08341,0.08274,0.08316,40292380.0,3349645.03062,1
BYBIT,DOGEUSDT,60,1788235200000,0.08316,0.08341,0.08306,0.08312,19713249.0,1639938.79354,1
BYBIT,DOGEUSDT,60,1788238800000,0.08312,0.0839,0.0831,0.08382,44396729.0,3709506.91121,1
BYBIT,DOGEUSDT,60,1788242400000,0.08382,0.08382,0.08333,0.08338,35021310.0,2926419.58076,1
BYBIT,DOGEUSDT,60,1788246000000,0.08338,0.08372,0.08309,0.0833,25159831.0,2097694.25489,1
BYBIT,DOGEUSDT,60,1788249600000,0.0833,0.08337,0.08221,0.08226,57935457.0,4787620.98739,1
BYBIT,DOGEUSDT,60,1788253200000,0.08226,0.08248,0.08209,0.08236,24604255.0,2025141.406,1
BYBIT,DOGEUSDT,60,1788256800000,0.08236,0.083,0.08229,0.08282,30421710.0,2513498.33248,1
BYBIT,DOGEUSDT,60,1788260400000,0.08282,0.08332,0.08267,0.08315,24931257.0,2070066.74133,1
BYBIT,DOGEUSDT,60,1788264000000,0.08315,0.08317,0.08234,0.08253,40295776.0,3334961.50998,1
BYBIT,DOGEUSDT,60,1788267600000,0.08253,0.0828,0.08166,0.08267,81055050.0,6666996.45428,1
BYBIT,DOGEUSDT,60,1788271200000,0.08267,0.08311,0.08261,0.08272,39722420.0,3292126.12075,1
BYBIT,DOGEUSDT,60,1788274800000,0.08272,0.08291,0.08194,0.08268,49645174.0,4089205.86839,1
BYBIT,DOGEUSDT,60,1788278400000,0.08268,0.0827,0.0817,0.0821,45065045.0,3702267.04636,1
BYBIT,DOGEUSDT,60,1788282000000,0.0821,0.08254,0.08185,0.08198,43608784.0,3586679.74328,1
BYBIT,DOGEUSDT,60,1788285600000,0.08198,0.08213,0.08057,0.08166,151169494.0,12297971.50256,1
BYBIT,DOGEUSDT,60,1788289200000,0.08166,0.08215,0.08162,0.08189,38759222.0,3174771.04506,1
BYBIT,DOGEUSDT,60,1788292800000,0.08189,0.0821,0.08152,0.08194,51218868.0,4189335.45739,1
BYBIT,DOGEUSDT,60,1788296400000,0.08194,0.08194,0.08095,0.08143,65241184.0,5312025.45167,1
BYBIT,DOGEUSDT,60,1788300000000,0.08143,0.08168,0.08116,0.0814,34140627.0,2778545.87749,1
BYBIT,DOGEUSDT,60,1788303600000,0.0814,0.08182,0.08132,0.08162,25434932.0,2074612.97467,1
BYBIT,DOGEUSDT,60,1788307200000,0.08162,0.0817,0.0811,0.0811,23852829.0,1941357.46967,1
BYBIT,DOGEUSDT,60,1788310800000,0.0811,0.08134,0.08018,0.08066,77687157.0,6270776.99492,1
BYBIT,DOGEUSDT,60,1788314400000,0.08066,0.08127,0.08053,0.0811,49409995.0,4000824.57152,1
BYBIT,DOGEUSDT,60,1788318000000,0.0811,0.08171,0.08104,0.08148,35000711.0,2849801.10659,1
BYBIT,DOGEUSDT,60,1788321600000,0.08148,0.08177,0.0811,0.08169,31504536.0,2566177.24986,1
BYBIT,DOGEUSDT,60,1788325200000,0.08169,0.082,0.08145,0.08198,27663337.0,2262820.95841,1
BYBIT,DOGEUSDT,60,1788328800000,0.08198,0.08206,0.0815,0.08172,64952154.0,5312591.76452,1
BYBIT,DOGEUSDT,60,1788332400000,0.08172,0.08196,0.08159,0.0816,20393742.0,1667748.42982,1
BYBIT,DOGEUSDT,60,1788336000000,0.0816,0.08171,0.08072,0.08094,64603956.0,5242111.98146,1
BYBIT,DOGEUSDT,60,1788339600000,0.08094,0.08125,0.08053,0.08085,89350167.0,7230705.4972,1
BYBIT,DOGEUSDT,60,1788343200000,0.08085,0.08087,0.07999,0.08075,97061417.0,7804092.40665,1
BYBIT,DOGEUSDT,60,1788346800000,0.08075,0.0812,0.08047,0.08118,57381730.0,4639678.28324,1
BYBIT,DOGEUSDT,60,1788350400000,0.08118,0.08135,0.08072,0.08078,49829428.0,4040532.82021,1
BYBIT,DOGEUSDT,60,1788354000000,0.08078,0.08201,0.08069,0.08167,80817672.0,6579668.22048,1
BYBIT,DOGEUSDT,60,1788357600000,0.08167,0.08194,0.08147,0.08147,47699454.0,3897323.10084,1
BYBIT,DOGEUSDT,60,1788361200000,0.08147,0.08175,0.08064,0.08162,107908681.0,8763911.81231,1
BYBIT,DOGEUSDT,60,1788364800000,0.08162,0.08186,0.08135,0.08135,72487411.0,5919907.9224,1
BYBIT,DOGEUSDT,60,1788368400000,0.08135,0.08152,0.08082,0.08141,59567462.0,4833863.94836,1
BYBIT,DOGEUSDT,60,1788372000000,0.08141,0.0817,0.08126,0.08141,45056529.0,3670295.46922,1
BYBIT,DOGEUSDT,60,1788375600000,0.08141,0.08149,0.08093,0.08126,29671226.0,2409839.3795,1
BYBIT,DOGEUSDT,60,1788379200000,0.08126,0.0819,0.08122,0.08165,90295695.0,7366683.28648,1
BYBIT,DOGEUSDT,60,1788382800000,0.08165,0.08185,0.08146,0.08164,34534759.0,2818414.17863,1
BYBIT,DOGEUSDT,60,1788386400000,0.08164,0.08165,0.08085,0.08102,38924247.0,3156888.69598,1
BYBIT,DOGEUSDT,60,1788390000000,0.08102,0.08176,0.08091,0.08173,38590419.0,3140005.79556,1
BYBIT,DOGEUSDT,60,1788393600000,0.08173,0.0819,0.08119,0.08138,57343714.0,4675876.09993,1
BYBIT,DOGEUSDT,60,1788397200000,0.08138,0.08258,0.08113,0.08216,105119692.0,8626729.36212,1
BYBIT,DOGEUSDT,60,1788400800000,0.08216,0.08324,0.08201,0.08313,54866887.0,4546561.11722,1
BYBIT,DOGEUSDT,60,1788404400000,0.08313,0.08316,0.08251,0.08274,59132979.0,4897750.55023,1
BYBIT,DOGEUSDT,60,1788408000000,0.08274,0.08295,0.08239,0.08295,39879510.0,3297243.07194,1
BYBIT,DOGEUSDT,60,1788411600000,0.08295,0.08305,0.08201,0.08295,56776352.0,4691748.07196,1
BYBIT,DOGEUSDT,60,1788415200000,0.08295,0.08307,0.08271,0.08295,36815301.0,3050672.6638,1
BYBIT,DOGEUSDT,60,1788418800000,0.08295,0.08366,0.08261,0.08284,95788046.0,7962529.85561,1
BYBIT,DOGEUSDT,60,1788422400000,0.08284,0.08357,0.08284,0.08311,66829910.0,5561185.1915,1
BYBIT,DOGEUSDT,60,1788426000000,0.08311,0.08327,0.08271,0.08275,32394505.0,2688439.70163,1
BYBIT,DOGEUSDT,60,1788429600000,0.08275,0.08306,0.08252,0.08292,40431122.0,3344631.65994,1
BYBIT,DOGEUSDT,60,1788433200000,0.08292,0.08334,0.08281,0.0832,43821027.0,3640443.85634,1
BYBIT,DOGEUSDT,60,1788436800000,0.0832,0.08373,0.08306,0.0836,81907501.0,6827721.6873,1
BYBIT,DOGEUSDT,60,1788440400000,0.0836,0.08367,0.08312,0.08344,70488613.0,5876219.71228,1
BYBIT,DOGEUSDT,60,1788444000000,0.08344,0.08795,0.08324,0.0879,330157124.0,28213630.83469,1
BYBIT,DOGEUSDT,60,1788447600000,0.0879,0.08939,0.08681,0.08915,281761217.0,24785746.04952,1
BYBIT,DOGEUSDT,60,1788451200000,0.08915,0.08996,0.08802,0.08944,241048749.0,21483868.28124,1
BYBIT,DOGEUSDT,60,1788454800000,0.08944,0.08978,0.08883,0.08938,90670353.0,8097721.69983,1
BYBIT,DOGEUSDT,60,1788458400000,0.08938,0.08966,0.08892,0.08954,46630142.0,4167625.92624,1
BYBIT,DOGEUSDT,60,1788462000000,0.08954,0.08994,0.08895,0.08928,46774903.0,4180843.15117,1
BYBIT,DOGEUSDT,60,1788465600000,0.08928,0.08929,0.0884,0.0886,53253885.0,4729720.13023,1
BYBIT,DOGEUSDT,60,1788469200000,0.0886,0.08934,0.08816,0.08822,56140487.0,4978632.89349,1
BYBIT,DOGEUSDT,60,1788472800000,0.08822,0.08833,0.08705,0.0874,75036135.0,6579645.08709,1
BYBIT,DOGEUSDT,60,1788476400000,0.0874,0.08793,0.08737,0.08777,53205903.0,4663332.90801,1
BYBIT,DOGEUSDT,60,1788480000000,0.08777,0.08808,0.08695,0.087,89390710.0,7831110.39777,1
BYBIT,DOGEUSDT,60,1788483600000,0.087,0.08745,0.08666,0.08713,94084586.0,8190469.66196,1
BYBIT,DOGEUSDT,60,1788487200000,0.08713,0.08725,0.08647,0.08724,56337450.0,4889053.682,1
BYBIT,DOGEUSDT,60,1788490800000,0.08724,0.08746,0.08708,0.08709,25191981.0,2198516.63535,1
BYBIT,DOGEUSDT,60,1788494400000,0.08709,0.08753,0.08699,0.08721,46546953.0,4061091.10534,1
BYBIT,DOGEUSDT,60,1788498000000,0.08721,0.0873,0.08656,0.0869,65878619.0,5728547.77155,1
BYBIT,DOGEUSDT,60,1788501600000,0.0869,0.08714,0.08648,0.08704,42882882.0,3722913.04876,1
BYBIT,DOGEUSDT,60,1788505200000,0.08704,0.08748,0.08697,0.08699,61436077.0,5356148.68915,1
BYBIT,DOGEUSDT,60,1788508800000,0.08699,0.08768,0.08674,0.08761,70674649.0,6166204.2589,1
BYBIT,DOGEUSDT,60,1788512400000,0.08761,0.08829,0.08743,0.08762,109128602.0,9583441.84347,1
BYBIT,DOGEUSDT,60,1788516000000,0.08762,0.08773,0.08712,0.08766,39951259.0,3494566.07879,1
BYBIT,DOGEUSDT,60,1788519600000,0.08766,0.08796,0.08753,0.08773,49269145.0,4325493.84676,1
BYBIT,DOGEUSDT,60,1788523200000,0.08773,0.08802,0.08416,0.08498,520041800.0,44410126.66877,1
BYBIT,DOGEUSDT,60,1788526800000,0.08498,0.08579,0.0846,0.08519,122660245.0,10436731.715,1
BYBIT,DOGEUSDT,60,1788530400000,0.08519,0.08538,0.08369,0.08413,130435631.0,11021990.79177,1
BYBIT,DOGEUSDT,60,1788534000000,0.08413,0.08461,0.08395,0.08434,57506786.0,4853436.66711,1
BYBIT,DOGEUSDT,60,1788537600000,0.08434,0.08483,0.08424,0.08461,44363750.0,3752470.19652,1
BYBIT,DOGEUSDT,60,1788541200000,0.08461,0.08461,0.08396,0.08408,30038183.0,2533051.31627,1
BYBIT,DOGEUSDT,60,1788544800000,0.08408,0.08468,0.08408,0.08465,21505830.0,1814228.87934,1
BYBIT,DOGEUSDT,60,1788548400000,0.08465,0.08501,0.08444,0.0847,63880836.0,5410222.35868,1
BYBIT,DOGEUSDT,60,1788552000000,0.0847,0.0848,0.08456,0.0847,35800733.0,3031969.7747,1
BYBIT,DOGEUSDT,60,1788555600000,0.0847,0.08492,0.0843,0.08441,42125210.0,3567776.81621,1
BYBIT,DOGEUSDT,60,1788559200000,0.08441,0.08461,0.08438,0.08446,12380560.0,1046286.50593,1
BYBIT,DOGEUSDT,60,1788562800000,0.08446,0.08478,0.08435,0.08472,9825042.0,831352.58142,1
BYBIT,DOGEUSDT,60,1788566400000,0.08472,0.08479,0.08452,0.08459,33753456.0,2857626.9475,1
BYBIT,DOGEUSDT,60,1788570000000,0.08459,0.0849,0.0845,0.08459,38764457.0,3284335.8281,1
BYBIT,DOGEUSDT,60,1788573600000,0.08459,0.08482,0.08416,0.08457,57369902.0,4849645.19398,1
BYBIT,DOGEUSDT,60,1788577200000,0.08457,0.08471,0.0845,0.08458,22393503.0,1894979.56193,1
BYBIT,DOGEUSDT,60,1788580800000,0.08458,0.08475,0.08442,0.0846,31062263.0,2627460.49062,1
BYBIT,DOGEUSDT,60,1788584400000,0.0846,0.08475,0.08446,0.08463,27444538.0,2322200.91471,1
BYBIT,DOGEUSDT,60,1788588000000,0.08463,0.08563,0.08461,0.08553,67984613.0,5792753.02931,1
BYBIT,DOGEUSDT,60,1788591600000,0.08553,0.0858,0.08545,0.08575,49377823.0,4227345.16588,1
BYBIT,DOGEUSDT,60,1788595200000,0.08575,0.08593,0.0854,0.08574,51453743.0,4405382.31072,1
BYBIT,DOGEUSDT,60,1788598800000,0.08574,0.08629,0.08574,0.08603,37363195.0,3213180.24876,1
BYBIT,DOGEUSDT,60,1788602400000,0.08603,0.08616,0.08577,0.0858,38711255.0,3326981.97479,1
BYBIT,DOGEUSDT,60,1788606000000,0.0858,0.08617,0.0858,0.08607,35976320.0,3093104.287,1
BYBIT,DOGEUSDT,60,1788609600000,0.08607,0.08751,0.08607,0.08726,100118704.0,8693755.90709,1
BYBIT,DOGEUSDT,60,1788613200000,0.08726,0.08811,0.08692,0.08716,79199767.0,6927084.48251,1
BYBIT,DOGEUSDT,60,1788616800000,0.08716,0.08807,0.08709,0.0877,55617831.0,4874018.49969,1
BYBIT,DOGEUSDT,60,1788620400000,0.0877,0.08796,0.08731,0.08754,63889023.0,5595967.24806,1
BYBIT,DOGEUSDT,60,1788624000000,0.08754,0.08852,0.08727,0.08797,66905667.0,5872283.84231,1
BYBIT,DOGEUSDT,60,1788627600000,0.08797,0.09539,0.08774,0.09418,486694979.0,44800028.56334,1
BYBIT,DOGEUSDT,60,1788631200000,0.09418,0.09472,0.09145,0.09175,356853551.0,33149035.42391,1
BYBIT,DOGEUSDT,60,1788634800000,0.09175,0.09183,0.09028,0.09069,149197217.0,13574865.65266,1
BYBIT,DOGEUSDT,60,1788638400000,0.09069,0.09125,0.0903,0.09061,108097700.0,9810556.2726,1
BYBIT,DOGEUSDT,60,1788642000000,0.09061,0.09134,0.0897,0.09055,86528169.0,7846070.62312,1
BYBIT,DOGEUSDT,60,1788645600000,0.09055,0.09099,0.08986,0.09006,77952564.0,7053332.73929,1
BYBIT,DOGEUSDT,60,1788649200000,0.09006,0.09008,0.08916,0.08964,85213942.0,7641101.64282,1
BYBIT,DOGEUSDT,60,1788652800000,0.08964,0.09038,0.08963,0.09018,63205474.0,5695616.93639,1
BYBIT,DOGEUSDT,60,1788656400000,0.09018,0.09089,0.09008,0.09074,81413998.0,7366721.17761,1
BYBIT,DOGEUSDT,60,1788660000000,0.09074,0.09099,0.09054,0.09088,26356208.0,2392847.96213,1
BYBIT,DOGEUSDT,60,1788663600000,0.09088,0.09179,0.09062,0.09126,45248218.0,4130846.18395,1
BYBIT,DOGEUSDT,60,1788667200000,0.09126,0.09126,0.09022,0.09047,61927912.0,5613860.8793,1
BYBIT,DOGEUSDT,60,1788670800000,0.09047,0.09179,0.09029,0.09144,74455825.0,6783772.97246,1
BYBIT,DOGEUSDT,60,1788674400000,0.09144,0.09192,0.09104,0.09106,63349330.0,5792256.62034,1
BYBIT,DOGEUSDT,60,1788678000000,0.09106,0.0913,0.09028,0.09081,73572209.0,6681008.96382,1
BYBIT,DOGEUSDT,60,1788681600000,0.09081,0.09097,0.09047,0.09062,32425819.0,2940214.09885,1
BYBIT,DOGEUSDT,60,1788685200000,0.09062,0.09114,0.08814,0.09022,217793856.0,19574875.47181,1
BYBIT,DOGEUSDT,60,1788688800000,0.09022,0.09037,0.0895,0.09004,75547889.0,6794181.13079,1
BYBIT,DOGEUSDT,60,1788692400000,0.09004,0.0902,0.08976,0.09006,54436526.0,4899770.24102,1
BYBIT,DOGEUSDT,60,1788696000000,0.09006,0.09009,0.08959,0.08963,44719264.0,4019548.69174,1
BYBIT,DOGEUSDT,60,1788699600000,0.08963,0.08993,0.08916,0.08968,58844832.0,5268058.88661,1
BYBIT,DOGEUSDT,60,1788703200000,0.08968,0.08969,0.08756,0.0885,119728547.0,10611460.69909,1
BYBIT,DOGEUSDT,60,1788706800000,0.0885,0.08901,0.08783,0.08891,57783250.0,5116622.44168,1
BYBIT,DOGEUSDT,60,1788710400000,0.08891,0.08935,0.08864,0.08925,40301426.0,3587687.29785,1
BYBIT,DOGEUSDT,60,1788714000000,0.08925,0.08938,0.08884,0.08913,37511539.0,3342622.96252,1
BYBIT,DOGEUSDT,60,1788717600000,0.08913,0.08962,0.08907,0.08942,20083967.0,1794343.86622,1
BYBIT,DOGEUSDT,60,1788721200000,0.08942,0.08954,0.08931,0.08951,11529357.0,1031095.63927,1
BYBIT,DOGEUSDT,60,1788724800000,0.08951,0.09035,0.08942,0.09021,48980646.0,4408859.07102,1
BYBIT,DOGEUSDT,60,1788728400000,0.09021,0.09074,0.09007,0.09044,38415349.0,3473152.45639,1
BYBIT,DOGEUSDT,60,1788732000000,0.09044,0.09044,0.08953,0.0902,93461350.0,8413077.33683,1
BYBIT,DOGEUSDT,60,1788735600000,0.0902,0.09102,0.09015,0.09084,37594927.0,3409854.26102,1
BYBIT,DOGEUSDT,60,1788739200000,0.09084,0.09118,0.09064,0.09093,57931907.0,5267831.07565,1
BYBIT,DOGEUSDT,60,1788742800000,0.09093,0.09105,0.08964,0.09008,103320222.0,9320493.47969,1
BYBIT,DOGEUSDT,60,1788746400000,0.09008,0.09134,0.08971,0.09008,97211506.0,8794825.41517,1
BYBIT,DOGEUSDT,60,1788750000000,0.09008,0.09031,0.08911,0.0893,57759961.0,5174186.72965,1
BYBIT,DOGEUSDT,60,1788753600000,0.0893,0.08977,0.08927,0.0897,46659583.0,4178446.06623,1
BYBIT,DOGEUSDT,60,1788757200000,0.0897,0.09057,0.08963,0.09012,52383229.0,4719254.24269,1
BYBIT,DOGEUSDT,60,1788760800000,0.09012,0.09058,0.08974,0.08979,41967187.0,3782772.40651,1
BYBIT,DOGEUSDT,60,1788764400000,0.08979,0.09004,0.08852,0.08936,75890659.0,6775525.99994,1
BYBIT,DOGEUSDT,60,1788768000000,0.08936,0.08998,0.0893,0.08953,79808242.0,7154468.19204,1
BYBIT,DOGEUSDT,60,1788771600000,0.08953,0.09007,0.08913,0.08923,54590090.0,4892805.43927,1
BYBIT,DOGEUSDT,60,1788775200000,0.08923,0.08976,0.08917,0.08952,38479868.0,3442454.43357,1
BYBIT,DOGEUSDT,60,1788778800000,0.08952,0.08977,0.08935,0.08973,25200634.0,2257782.68155,1
BYBIT,DOGEUSDT,60,1788782400000,0.08973,0.09146,0.08966,0.09132,95355654.0,8657152.56606,1
BYBIT,DOGEUSDT,60,1788786000000,0.09132,0.09188,0.09038,0.09087,90062707.0,8208718.47135,1
BYBIT,DOGEUSDT,60,1788789600000,0.09087,0.09096,0.08967,0.09057,136168150.0,12274205.63873,1
BYBIT,DOGEUSDT,60,1788793200000,0.09057,0.09059,0.08844,0.08892,167956242.0,15007642.16234,1
BYBIT,DOGEUSDT,60,1788796800000,0.08892,0.09024,0.0889,0.09006,60471648.0,5413853.69365,1
BYBIT,DOGEUSDT,60,1788800400000,0.09006,0.09039,0.08994,0.09002,33009766.0,2977638.32839,1
BYBIT,DOGEUSDT,60,1788804000000,0.09002,0.09011,0.08947,0.08982,27006362.0,2425836.29026,1
BYBIT,DOGEUSDT,60,1788807600000,0.08982,0.09089,0.08965,0.09051,49571479.0,4483726.95293,1
BYBIT,DOGEUSDT,60,1788811200000,0.09051,0.09095,0.08999,0.09053,99289376.0,8981241.00458,1
BYBIT,DOGEUSDT,60,1788814800000,0.09053,0.09068,0.09018,0.09032,35329494.0,3196317.25572,1
BYBIT,DOGEUSDT,60,1788818400000,0.09032,0.09068,0.08963,0.09006,100217566.0,9036653.72354,1
BYBIT,DOGEUSDT,60,1788822000000,0.09006,0.09083,0.09003,0.09047,71401307.0,6464354.7783,1
BYBIT,DOGEUSDT,60,1788825600000,0.09047,0.09174,0.09028,0.09132,151083616.0,13745465.53448,1
BYBIT,DOGEUSDT,60,1788829200000,0.09132,0.09165,0.09095,0.09118,67217935.0,6130607.18053,1
BYBIT,DOGEUSDT,60,1788832800000,0.09118,0.09147,0.08983,0.08992,73464358.0,6668126.08071,1
BYBIT,DOGEUSDT,60,1788836400000,0.08992,0.09021,0.08951,0.08991,80386973.0,7228128.90961,1
BYBIT,DOGEUSDT,60,1788840000000,0.08991,0.09001,0.08952,0.0896,54221447.0,4867303.08237,1
BYBIT,DOGEUSDT,60,1788843600000,0.0896,0.09022,0.08932,0.08956,102748656.0,9228202.83564,1
BYBIT,DOGEUSDT,60,1788847200000,0.08956,0.08973,0.08886,0.0892,74037241.0,6611278.50575,1
BYBIT,DOGEUSDT,60,1788850800000,0.0892,0.08978,0.0889,0.08924,40476246.0,3618542.49333,1
BYBIT,DOGEUSDT,60,1788854400000,0.08924,0.08957,0.08874,0.08925,43735983.0,3898133.16753,1
BYBIT,DOGEUSDT,60,1788858000000,0.08925,0.09073,0.08895,0.09035,94206033.0,8476342.33118,1
BYBIT,DOGEUSDT,60,1788861600000,0.09035,0.09091,0.09006,0.09008,64113001.0,5801493.74348,1
BYBIT,DOGEUSDT,60,1788865200000,0.09008,0.09015,0.08919,0.08949,91360265.0,8175052.09114,1
BYBIT,DOGEUSDT,60,1788868800000,0.08949,0.0895,0.08815,0.08926,110940196.0,9862697.58656,1
BYBIT,DOGEUSDT,60,1788872400000,0.08926,0.08944,0.0879,0.08905,137191239.0,12156279.82153,1
BYBIT,DOGEUSDT,60,1788876000000,0.08905,0.0898,0.08891,0.08966,112630891.0,10078894.85758,1
BYBIT,DOGEUSDT,60,1788879600000,0.08966,0.09091,0.08959,0.09063,145478755.0,13146579.65329,1
BYBIT,DOGEUSDT,60,1788883200000,0.09063,0.09087,0.0898,0.0906,118620299.0,10728930.25596,1
BYBIT,DOGEUSDT,60,1788886800000,0.0906,0.0908,0.08983,0.09,103615228.0,9354526.57767,1
BYBIT,DOGEUSDT,60,1788890400000,0.09,0.09074,0.08908,0.08948,93925380.0,8457974.1329,1
BYBIT,DOGEUSDT,60,1788894000000,0.08948,0.09002,0.08922,0.0895,118484879.0,10620854.92889,1
BYBIT,DOGEUSDT,60,1788897600000,0.0895,0.09061,0.08942,0.0896,95701280.0,8610315.90857,1
BYBIT,DOGEUSDT,60,1788901200000,0.0896,0.08998,0.08921,0.08951,50054203.0,4489382.65135,1
BYBIT,DOGEUSDT,60,1788904800000,0.08951,0.09004,0.08946,0.08996,38220219.0,3433745.23005,1
BYBIT,DOGEUSDT,60,1788908400000,0.08996,0.09015,0.0898,0.08999,54767482.0,4926998.99841,1
BYBIT,DOGEUSDT,60,1788912000000,0.08999,0.09088,0.08996,0.09049,89633165.0,8115579.68775,1
BYBIT,DOGEUSDT,60,1788915600000,0.09049,0.09061,0.08985,0.09024,66377343.0,5989686.46303,1
BYBIT,DOGEUSDT,60,1788919200000,0.09024,0.09042,0.08961,0.08988,68489711.0,6163509.95988,1
BYBIT,DOGEUSDT,60,1788922800000,0.08988,0.0899,0.08934,0.08954,41912438.0,3755134.15658,1
BYBIT,DOGEUSDT,60,1788926400000,0.08954,0.0908,0.08953,0.09057,72474522.0,6541084.80554,1
BYBIT,DOGEUSDT,60,1788930000000,0.09057,0.09071,0.08981,0.09004,56904470.0,5132222.16779,1
BYBIT,DOGEUSDT,60,1788933600000,0.09004,0.09064,0.08994,0.09041,25179965.0,2274767.68371,1
BYBIT,DOGEUSDT,60,1788937200000,0.09041,0.09093,0.09035,0.09084,54060780.0,4903117.25947,1
BYBIT,DOGEUSDT,60,1788940800000,0.09084,0.09141,0.09076,0.09139,56509075.0,5144821.90227,1
BYBIT,DOGEUSDT,60,1788944400000,0.09139,0.09143,0.09001,0.09005,59425542.0,5384236.43059,1
BYBIT,DOGEUSDT,60,1788948000000,0.09005,0.09079,0.09005,0.09072,65544837.0,5932039.66989,1
BYBIT,DOGEUSDT,60,1788951600000,0.09072,0.09091,0.09009,0.0908,64867077.0,5869276.67712,1
BYBIT,DOGEUSDT,60,1788955200000,0.0908,0.09158,0.09064,0.09131,94759118.0,8639952.27368,1
BYBIT,DOGEUSDT,60,1788958800000,0.09131,0.09138,0.09006,0.0903,72770022.0,6600294.73727,1
BYBIT,DOGEUSDT,60,1788962400000,0.0903,0.0906,0.08961,0.08976,112898145.0,10166611.99769,1
BYBIT,DOGEUSDT,60,1788966000000,0.08976,0.0904,0.08806,0.08887,211971808.0,18870911.65223,1
BYBIT,DOGEUSDT,60,1788969600000,0.08887,0.08934,0.08849,0.08911,82322501.0,7323343.35178,1
BYBIT,DOGEUSDT,60,1788973200000,0.08911,0.08933,0.08881,0.08905,40354894.0,3594915.58447,1
BYBIT,DOGEUSDT,60,1788976800000,0.08905,0.08909,0.08851,0.08853,37981779.0,3373447.75368,1
BYBIT,DOGEUSDT,60,1788980400000,0.08853,0.08865,0.08641,0.08695,209201023.0,18267448.39627,1
BYBIT,DOGEUSDT,60,1788984000000,0.08695,0.08707,0.08587,0.08698,123525407.0,10700110.78855,1
BYBIT,DOGEUSDT,60,1788987600000,0.08698,0.08707,0.08605,0.08641,55396944.0,4798551.89657,1
BYBIT,DOGEUSDT,60,1788991200000,0.08641,0.08651,0.08456,0.08551,115106394.0,9846090.48683,1
BYBIT,DOGEUSDT,60,1788994800000,0.08551,0.08622,0.08547,0.08611,27210673.0,2338542.39375,1
BYBIT,DOGEUSDT,60,1788998400000,0.08611,0.08617,0.08549,0.08556,120693066.0,10361840.15813,1
BYBIT,DOGEUSDT,60,1789002000000,0.08556,0.0862,0.08505,0.08545,74748182.0,6403667.11857,1
BYBIT,DOGEUSDT,60,1789005600000,0.08545,0.08599,0.08523,0.08596,31939163.0,2733394.66725,1
BYBIT,DOGEUSDT,60,1789009200000,0.08596,0.08613,0.08574,0.08592,58285120.0,5008497.16479,1
BYBIT,DOGEUSDT,60,1789012800000,0.08592,0.08605,0.08562,0.0857,40993168.0,3518281.02247,1
BYBIT,DOGEUSDT,60,1789016400000,0.0857,0.08624,0.08544,0.086,49022239.0,4207422.48295,1
BYBIT,DOGEUSDT,60,1789020000000,0.086,0.08601,0.08536,0.08573,27990215.0,2397397.78836,1
BYBIT,DOGEUSDT,60,1789023600000,0.08573,0.08573,0.08473,0.08531,62213475.0,5296530.96342,1
BYBIT,DOGEUSDT,60,1789027200000,0.08531,0.08551,0.08515,0.08524,61109152.0,5212705.96778,1
BYBIT,DOGEUSDT,60,1789030800000,0.08524,0.08532,0.08467,0.08491,46837634.0,3978022.8888,1
BYBIT,DOGEUSDT,60,1789034400000,0.08491,0.08538,0.08486,0.085,43264605.0,3681764.48257,1
BYBIT,DOGEUSDT,60,1789038000000,0.085,0.08546,0.08475,0.08508,52662730.0,4487366.56295,1
BYBIT,DOGEUSDT,60,1789041600000,0.08508,0.08545,0.08208,0.08369,279455192.0,23461049.979,1
BYBIT,DOGEUSDT,60,1789045200000,0.08369,0.08413,0.08315,0.08395,141298077.0,11822515.93724,1
BYBIT,DOGEUSDT,60,1789048800000,0.08395,0.08425,0.08337,0.08375,67691018.0,5675834.73373,1
BYBIT,DOGEUSDT,60,1789052400000,0.08375,0.08377,0.08321,0.08366,49289558.0,4117137.2797,1
BYBIT,DOGEUSDT,60,1789056000000,0.08366,0.08379,0.08261,0.08348,83525687.0,6945655.49508,1
BYBIT,DOGEUSDT,60,1789059600000,0.08348,0.08414,0.08336,0.08382,84841279.0,7111113.87862,1
BYBIT,DOGEUSDT,60,1789063200000,0.08382,0.08398,0.08323,0.08395,22071915.0,1844932.92593,1
BYBIT,DOGEUSDT,60,1789066800000,0.08395,0.08431,0.08375,0.08387,53866959.0,4523153.68553,1
BYBIT,DOGEUSDT,60,1789070400000,0.08387,0.08433,0.08382,0.08413,26584465.0,2236976.80682,1
BYBIT,DOGEUSDT,60,1789074000000,0.08413,0.08425,0.08391,0.08403,16168682.0,1359147.07437,1
BYBIT,DOGEUSDT,60,1789077600000,0.08403,0.08423,0.08344,0.08349,32033758.0,2686258.34222,1
BYBIT,DOGEUSDT,60,1789081200000,0.08349,0.08355,0.08278,0.08285,62479737.0,5193099.36678,1
BYBIT,DOGEUSDT,60,1789084800000,0.08285,0.08351,0.08282,0.08339,42660896.0,3552273.40158,1
BYBIT,DOGEUSDT,60,1789088400000,0.08339,0.0836,0.08293,0.08351,33221776.0,2767034.18323,1
BYBIT,DOGEUSDT,60,1789092000000,0.08351,0.08356,0.08313,0.08342,12951855.0,1079986.75718,1
BYBIT,DOGEUSDT,60,1789095600000,0.08342,0.08373,0.08324,0.08369,34447984.0,2874672.72356,1
BYBIT,DOGEUSDT,60,1789099200000,0.08369,0.08413,0.08362,0.08401,42376185.0,3554133.89421,1
BYBIT,DOGEUSDT,60,1789102800000,0.08401,0.08411,0.08381,0.08406,33955421.0,2851007.42142,1
BYBIT,DOGEUSDT,60,1789106400000,0.08406,0.08415,0.08381,0.08394,22966268.0,1928225.76645,1
BYBIT,DOGEUSDT,60,1789110000000,0.08394,0.08417,0.08368,0.08375,26717783.0,2241605.78111,1
BYBIT,DOGEUSDT,60,1789113600000,0.08375,0.08419,0.08366,0.08399,24859783.0,2087532.40617,1
BYBIT,DOGEUSDT,60,1789117200000,0.08399,0.08402,0.08332,0.08364,30651171.0,2564972.81304,1
BYBIT,DOGEUSDT,60,1789120800000,0.08364,0.08384,0.08331,0.08332,30847532.0,2578493.28778,1
BYBIT,DOGEUSDT,60,1789124400000,0.08332,0.08366,0.08284,0.08363,33702547.0,2803602.66684,1
BYBIT,DOGEUSDT,60,1789128000000,0.08363,0.0855,0.08213,0.08512,257671577.0,21612164.91961,1
BYBIT,DOGEUSDT,60,1789131600000,0.08512,0.08743,0.08422,0.08733,132732159.0,11361069.50911,1
BYBIT,DOGEUSDT,60,1789135200000,0.08733,0.0882,0.08597,0.08645,178442568.0,15486011.82605,1
BYBIT,DOGEUSDT,60,1789138800000,0.08645,0.08682,0.08436,0.08493,114305859.0,9795484.0044,1
BYBIT,DOGEUSDT,60,1789142400000,0.08493,0.08593,0.08468,0.0858,72111667.0,6158357.39272,1
BYBIT,DOGEUSDT,60,1789146000000,0.0858,0.0859,0.08481,0.08493,52484489.0,4479370.69014,1
BYBIT,DOGEUSDT,60,1789149600000,0.08493,0.085,0.08355,0.08402,161254643.0,13593575.16775,1
BYBIT,DOGEUSDT,60,1789153200000,0.08402,0.08453,0.08368,0.08446,46256320.0,3893414.09866,1
BYBIT,DOGEUSDT,60,1789156800000,0.08446,0.08472,0.08401,0.08435,54198246.0,4573138.69783,1
BYBIT,DOGEUSDT,60,1789160400000,0.08435,0.08472,0.08378,0.08392,17773135.0,1499119.84497,1
BYBIT,DOGEUSDT,60,1789164000000,0.08392,0.08427,0.08351,0.08374,82054000.0,6882062.33601,1
BYBIT,DOGEUSDT,60,1789167600000,0.08374,0.08428,0.08371,0.08425,9454606.0,794960.22104,1
BYBIT,DOGEUSDT,60,1789171200000,0.08425,0.0844,0.08407,0.08417,18138254.0,1527778.69594,1
BYBIT,DOGEUSDT,60,1789174800000,0.08417,0.08453,0.0841,0.08437,19472234.0,1642594.29803,1
BYBIT,DOGEUSDT,60,1789178400000,0.08437,0.08466,0.08421,0.08444,68999471.0,5825133.03448,1
BYBIT,DOGEUSDT,60,1789182000000,0.08444,0.08454,0.08425,0.08438,28245119.0,2384101.9458,1
BYBIT,DOGEUSDT,60,1789185600000,0.08438,0.08448,0.08419,0.08431,15929834.0,1343295.45015,1
BYBIT,DOGEUSDT,60,1789189200000,0.08431,0.08445,0.0842,0.08435,28319241.0,2388002.41577,1
BYBIT,DOGEUSDT,60,1789192800000,0.08435,0.08452,0.08418,0.08435,43676415.0,3684367.79981,1
BYBIT,DOGEUSDT,60,1789196400000,0.08435,0.08477,0.08434,0.08471,15479762.0,1309749.51996,1
BYBIT,DOGEUSDT,60,1789200000000,0.08471,0.08484,0.08456,0.08472,23558073.0,1995740.03504,1
BYBIT,DOGEUSDT,60,1789203600000,0.08472,0.08491,0.08468,0.0849,34563076.0,2931637.94592,1
BYBIT,DOGEUSDT,60,1789207200000,0.0849,0.08512,0.0848,0.08496,20746692.0,1762830.86155,1
BYBIT,DOGEUSDT,60,1789210800000,0.08496,0.08506,0.08488,0.08501,13491872.0,1146442.35675,1
BYBIT,DOGEUSDT,60,1789214400000,0.08501,0.08512,0.0849,0.08498,21424085.0,1821052.08731,1
BYBIT,DOGEUSDT,60,1789218000000,0.08498,0.08505,0.08475,0.08493,36996611.0,3140380.40712,1
BYBIT,DOGEUSDT,60,1789221600000,0.08493,0.08521,0.08492,0.08509,16331294.0,1389269.55914,1
BYBIT,DOGEUSDT,60,1789225200000,0.08509,0.0853,0.08492,0.08506,38110308.0,3243600.64076,1
BYBIT,DOGEUSDT,60,1789228800000,0.08506,0.0851,0.08493,0.085,19657954.0,1671138.73028,1
BYBIT,DOGEUSDT,60,1789232400000,0.085,0.08506,0.08479,0.08495,16980035.0,1441933.04596,1
BYBIT,DOGEUSDT,60,1789236000000,0.08495,0.08495,0.08461,0.08468,24598994.0,2085380.66646,1
BYBIT,DOGEUSDT,60,1789239600000,0.08468,0.08489,0.08452,0.08473,26596958.0,2253464.6818,1
BYBIT,DOGEUSDT,60,1789243200000,0.08473,0.08493,0.0847,0.08473,15336745.0,1301006.46854,1
BYBIT,DOGEUSDT,60,1789246800000,0.08473,0.08488,0.08458,0.08458,16919825.0,1433520.44912,1
BYBIT,DOGEUSDT,60,1789250400000,0.08458,0.08483,0.08447,0.0846,32506503.0,2750605.66606,1
BYBIT,DOGEUSDT,60,1789254000000,0.0846,0.08484,0.08459,0.08479,5132531.0,434764.05004,1
BYBIT,DOGEUSDT,60,1789257600000,0.08479,0.08485,0.08466,0.08481,6357489.0,538912.53318,1
BYBIT,DOGEUSDT,60,1789261200000,0.08481,0.08504,0.08474,0.08494,34981460.0,2968501.15775,1
BYBIT,DOGEUSDT,60,1789264800000,0.08494,0.08512,0.08477,0.0849,26989181.0,2292864.53423,1
BYBIT,DOGEUSDT,60,1789268400000,0.0849,0.08507,0.08456,0.08467,28886514.0,2449456.02166,1
BYBIT,DOGEUSDT,60,1789272000000,0.08467,0.0848,0.08458,0.08467,18038389.0,1527399.45854,1
BYBIT,DOGEUSDT,60,1789275600000,0.08467,0.08489,0.08466,0.0848,5246391.0,444799.54303,1
BYBIT,DOGEUSDT,60,1789279200000,0.0848,0.08482,0.08422,0.08438,23529149.0,1986917.22389,1
BYBIT,DOGEUSDT,60,1789282800000,0.08438,0.08456,0.08403,0.08411,39598046.0,3337446.19883,1
BYBIT,DOGEUSDT,60,1789286400000,0.08411,0.08422,0.0832,0.0835,71263267.0,5959602.6713,1
BYBIT,DOGEUSDT,60,1789290000000,0.0835,0.08365,0.08305,0.08352,25800149.0,2151282.72895,1
BYBIT,DOGEUSDT,60,1789293600000,0.08352,0.0836,0.08313,0.08328,17213948.0,1435801.22569,1
BYBIT,DOGEUSDT,60,1789297200000,0.08328,0.08359,0.08321,0.0835,17414996.0,1453416.8505,1
BYBIT,DOGEUSDT,60,1789300800000,0.0835,0.08355,0.08322,0.0834,20325626.0,1695042.97097,1
BYBIT,DOGEUSDT,60,1789304400000,0.0834,0.08347,0.08281,0.08338,47754126.0,3969263.45743,1
BYBIT,DOGEUSDT,60,1789308000000,0.08338,0.0839,0.08336,0.08371,51063557.0,4272559.42585,1
BYBIT,DOGEUSDT,60,1789311600000,0.08371,0.08377,0.08341,0.08344,17420466.0,1455555.47364,1
BYBIT,DOGEUSDT,60,1789315200000,0.08344,0.08393,0.08344,0.08391,14051876.0,1176360.48319,1
BYBIT,DOGEUSDT,60,1789318800000,0.08391,0.0846,0.0839,0.08441,27664754.0,2333788.29353,1
BYBIT,DOGEUSDT,60,1789322400000,0.08441,0.08456,0.08427,0.08446,9905139.0,836101.11062,1
BYBIT,DOGEUSDT,60,1789326000000,0.08446,0.08458,0.08402,0.08412,11757797.0,990366.35851,1
BYBIT,DOGEUSDT,60,1789329600000,0.08412,0.08448,0.08412,0.0844,11613506.0,979273.99373,1
BYBIT,DOGEUSDT,60,1789333200000,0.0844,0.08443,0.08397,0.08397,11418810.0,961401.97905,1
BYBIT,DOGEUSDT,60,1789336800000,0.08397,0.08397,0.08194,0.08222,110925677.0,9170634.29374,1
BYBIT,DOGEUSDT,60,1789340400000,0.08222,0.08274,0.08211,0.08238,51839949.0,4273303.98095,1
BYBIT,DOGEUSDT,60,1789344000000,0.08238,0.08285,0.08183,0.08262,58254836.0,4798385.34913,1
BYBIT,DOGEUSDT,60,1789347600000,0.08262,0.08315,0.08229,0.08307,38123399.0,3151572.68113,1
BYBIT,DOGEUSDT,60,1789351200000,0.08307,0.08417,0.08298,0.08401,83262402.0,6970131.76952,1
BYBIT,DOGEUSDT,60,1789354800000,0.08401,0.08427,0.08366,0.08385,32231387.0,2705605.98055,1
BYBIT,DOGEUSDT,60,1789358400000,0.08385,0.08412,0.08379,0.084,40845444.0,3429604.5352,1
BYBIT,DOGEUSDT,60,1789362000000,0.084,0.08424,0.08393,0.0842,15839667.0,1331547.43781,1
BYBIT,DOGEUSDT,60,1789365600000,0.0842,0.08456,0.08404,0.08425,45717094.0,3855575.63874,1
BYBIT,DOGEUSDT,60,1789369200000,0.08425,0.08443,0.0841,0.0843,23379796.0,1970374.69932,1
BYBIT,DOGEUSDT,60,1789372800000,0.0843,0.08454,0.08398,0.08409,57314418.0,4827865.19381,1
BYBIT,DOGEUSDT,60,1789376400000,0.08409,0.0848,0.08377,0.08439,80794070.0,6803379.83791,1
BYBIT,DOGEUSDT,60,1789380000000,0.08439,0.08454,0.08414,0.08432,48878664.0,4123020.52953,1
BYBIT,DOGEUSDT,60,1789383600000,0.08432,0.08443,0.08397,0.08408,42097283.0,3543455.02018,1
BYBIT,DOGEUSDT,60,1789387200000,0.08408,0.08438,0.08345,0.08368,40283188.0,3380551.48508,1
BYBIT,DOGEUSDT,60,1789390800000,0.08368,0.08431,0.08307,0.08365,134114937.0,11224524.46001,1
BYBIT,DOGEUSDT,60,1789394400000,0.08365,0.08428,0.08355,0.08376,54370832.0,4561774.98056,1
BYBIT,DOGEUSDT,60,1789398000000,0.08376,0.08428,0.08352,0.08401,78281089.0,6573456.97195,1
BYBIT,DOGEUSDT,60,1789401600000,0.08401,0.08471,0.08385,0.0844,45996816.0,3879151.32864,1
BYBIT,DOGEUSDT,60,1789405200000,0.0844,0.08493,0.08432,0.08476,55164085.0,4669953.25905,1
BYBIT,DOGEUSDT,60,1789408800000,0.08476,0.08533,0.08463,0.085,70389578.0,5981987.26888,1
BYBIT,DOGEUSDT,60,1789412400000,0.085,0.08502,0.08447,0.08465,52191525.0,4423664.76925,1
BYBIT,DOGEUSDT,60,1789416000000,0.08465,0.08611,0.08465,0.0851,63075746.0,5399888.92045,1
BYBIT,DOGEUSDT,60,1789419600000,0.0851,0.08513,0.0843,0.08432,45099004.0,3820350.90805,1
BYBIT,DOGEUSDT,60,1789423200000,0.08432,0.08463,0.08394,0.08404,41385493.0,3487727.48758,1
BYBIT,DOGEUSDT,60,1789426800000,0.08404,0.08413,0.08354,0.08361,39509407.0,3311252.44827,1
BYBIT,DOGEUSDT,60,1789430400000,0.08361,0.08384,0.08348,0.08369,24796785.0,2074388.68878,1
BYBIT,DOGEUSDT,60,1789434000000,0.08369,0.08392,0.08346,0.08372,31433459.0,2631990.3054,1
BYBIT,DOGEUSDT,60,1789437600000,0.08372,0.08385,0.08367,0.08374,16759970.0,1403729.23133,1
BYBIT,DOGEUSDT,60,1789441200000,0.08374,0.08375,0.08323,0.08326,46627883.0,3890151.07773,1
BYBIT,DOGEUSDT,60,1789444800000,0.08326,0.08336,0.08304,0.08313,32778463.0,2726986.98577,1
BYBIT,DOGEUSDT,60,1789448400000,0.08313,0.08328,0.08263,0.08314,48060355.0,3983528.81633,1
BYBIT,DOGEUSDT,60,1789452000000,0.08314,0.08327,0.08243,0.08265,50817082.0,4204116.15813,1
BYBIT,DOGEUSDT,60,1789455600000,0.08265,0.08293,0.08237,0.08249,52934913.0,4374544.47263,1
BYBIT,DOGEUSDT,60,1789459200000,0.08249,0.08262,0.08223,0.08259,37842200.0,3119672.58751,1
BYBIT,DOGEUSDT,60,1789462800000,0.08259,0.08283,0.08248,0.08258,36260213.0,2996032.37185,1
BYBIT,DOGEUSDT,60,1789466400000,0.08258,0.08281,0.08251,0.08273,41466042.0,3427143.76021,1
BYBIT,DOGEUSDT,60,1789470000000,0.08273,0.08293,0.08221,0.08245,61649002.0,5090905.58908,1
BYBIT,DOGEUSDT,60,1789473600000,0.08245,0.08298,0.08242,0.08278,54898674.0,4537891.91671,1
BYBIT,DOGEUSDT,60,1789477200000,0.08278,0.08338,0.08192,0.08278,87887129.0,7267506.1483,1
BYBIT,DOGEUSDT,60,1789480800000,0.08278,0.08291,0.08038,0.08121,213107614.0,17352258.75588,1
BYBIT,DOGEUSDT,60,1789484400000,0.08121,0.08209,0.08101,0.08162,75962907.0,6202910.35093,1
BYBIT,DOGEUSDT,60,1789488000000,0.08162,0.08178,0.08125,0.08156,44356260.0,3616808.39898,1
BYBIT,DOGEUSDT,60,1789491600000,0.08156,0.08253,0.08116,0.08205,48491290.0,3973667.70049,1
BYBIT,DOGEUSDT,60,1789495200000,0.08205,0.08241,0.07831,0.08074,402685358.0,32278544.73361,1
BYBIT,DOGEUSDT,60,1789498800000,0.08074,0.08117,0.08039,0.08084,104774954.0,8466301.29787,1
BYBIT,DOGEUSDT,60,1789502400000,0.08084,0.08099,0.07976,0.08045,67066257.0,5381678.76985,1
BYBIT,DOGEUSDT,60,1789506000000,0.08045,0.08045,0.07944,0.07953,46303067.0,3703201.97577,1
BYBIT,DOGEUSDT,60,1789509600000,0.07953,0.08027,0.07933,0.08015,48098884.0,3840158.93454,1
BYBIT,DOGEUSDT,60,1789513200000,0.08015,0.08064,0.07991,0.08003,37632760.0,3020092.61145,1
BYBIT,DOGEUSDT,60,1789516800000,0.08003,0.08022,0.07994,0.08004,22146193.0,1773109.40845,1
BYBIT,DOGEUSDT,60,1789520400000,0.08004,0.08022,0.07942,0.07942,36916080.0,2948869.8085,1
BYBIT,DOGEUSDT,60,1789524000000,0.07942,0.08039,0.07941,0.08004,21978337.0,1756162.95787,1
BYBIT,DOGEUSDT,60,1789527600000,0.08004,0.08038,0.07982,0.07998,33334942.0,2667989.73958,1
BYBIT,DOGEUSDT,60,1789531200000,0.07998,0.0807,0.07997,0.08021,51156520.0,4110437.87374,1
BYBIT,DOGEUSDT,60,1789534800000,0.08021,0.0803,0.0799,0.08009,43060205.0,3447701.83099,1
BYBIT,DOGEUSDT,60,1789538400000,0.08009,0.0802,0.07987,0.08019,19386926.0,1552208.14191,1
BYBIT,DOGEUSDT,60,1789542000000,0.08019,0.08037,0.07956,0.07962,34575789.0,2765053.7816,1
BYBIT,DOGEUSDT,60,1789545600000,0.07962,0.07962,0.07911,0.07946,68484406.0,5432613.20406,1
BYBIT,DOGEUSDT,60,1789549200000,0.07946,0.07991,0.07946,0.07984,32870394.0,2618593.0049,1
BYBIT,DOGEUSDT,60,1789552800000,0.07984,0.08001,0.07967,0.08,27943946.0,2230030.07858,1
BYBIT,DOGEUSDT,60,1789556400000,0.08,0.08035,0.07982,0.08016,39591668.0,3169127.08963,1
BYBIT,DOGEUSDT,60,1789560000000,0.08016,0.08026,0.07919,0.07932,47313571.0,3763044.81177,1
BYBIT,DOGEUSDT,60,1789563600000,0.07932,0.07952,0.07881,0.07923,76621297.0,6063084.14772,1
BYBIT,DOGEUSDT,60,1789567200000,0.07923,0.07925,0.07868,0.07898,56412146.0,4457199.54528,1
BYBIT,DOGEUSDT,60,1789570800000,0.07898,0.07936,0.07873,0.07899,27176450.0,2147891.64292,1
BYBIT,DOGEUSDT,60,1789574400000,0.07899,0.07935,0.07884,0.07924,22182106.0,1754918.7429,1
BYBIT,DOGEUSDT,60,1789578000000,0.07924,0.07925,0.07824,0.07885,69637407.0,5480771.07738,1
BYBIT,DOGEUSDT,60,1789581600000,0.07885,0.08059,0.07837,0.07952,149675936.0,11917897.38941,1
BYBIT,DOGEUSDT,60,1789585200000,0.07952,0.08054,0.07901,0.08035,76035294.0,6078951.76779,1
BYBIT,DOGEUSDT,60,1789588800000,0.08035,0.0808,0.08019,0.08066,57887525.0,4660509.88924,1
BYBIT,DOGEUSDT,60,1789592400000,0.08066,0.08068,0.08018,0.08049,20602036.0,1657163.93125,1
BYBIT,DOGEUSDT,60,1789596000000,0.08049,0.08055,0.07977,0.07992,53182873.0,4259313.92542,1
BYBIT,DOGEUSDT,60,1789599600000,0.07992,0.08098,0.07984,0.08086,56989463.0,4599003.54221,1
BYBIT,DOGEUSDT,60,1789603200000,0.08086,0.08112,0.08062,0.08064,46048328.0,3723684.23152,1
BYBIT,DOGEUSDT,60,1789606800000,0.08064,0.08131,0.08045,0.08101,79372367.0,6428444.4342,1
BYBIT,DOGEUSDT,60,1789610400000,0.08101,0.08123,0.0805,0.08087,48835591.0,3950523.63833,1
BYBIT,DOGEUSDT,60,1789614000000,0.08087,0.08129,0.08086,0.08112,19327993.0,1567522.66759,1
BYBIT,DOGEUSDT,60,1789617600000,0.08112,0.08115,0.08059,0.08103,30002069.0,2426064.08022,1
BYBIT,DOGEUSDT,60,1789621200000,0.08103,0.08114,0.08073,0.08077,38695639.0,3129620.74662,1
BYBIT,DOGEUSDT,60,1789624800000,0.08077,0.0811,0.08073,0.08094,13794250.0,1116285.75189,1
BYBIT,DOGEUSDT,60,1789628400000,0.08094,0.08132,0.08089,0.08113,52793429.0,4285523.89412,1
BYBIT,DOGEUSDT,60,1789632000000,0.08113,0.08166,0.0811,0.08151,63050506.0,5131962.50926,1
BYBIT,DOGEUSDT,60,1789635600000,0.08151,0.08166,0.08096,0.081,48228446.0,3918714.94602,1
BYBIT,DOGEUSDT,60,1789639200000,0.081,0.08103,0.08059,0.08076,40546968.0,3273925.99399,1
BYBIT,DOGEUSDT,60,1789642800000,0.08076,0.08102,0.08052,0.08094,34986014.0,2827024.86431,1
BYBIT,DOGEUSDT,60,1789646400000,0.08094,0.08178,0.08085,0.08123,80237745.0,6528028.49581,1
BYBIT,DOGEUSDT,60,1789650000000,0.08123,0.08145,0.08059,0.08144,62752780.0,5091613.64634,1
BYBIT,DOGEUSDT,60,1789653600000,0.08144,0.08256,0.08108,0.08162,117239105.0,9608107.87822,1
BYBIT,DOGEUSDT,60,1789657200000,0.08162,0.08199,0.08105,0.08194,39454891.0,3213292.13133,1
BYBIT,DOGEUSDT,60,1789660800000,0.08194,0.0821,0.08147,0.08208,101473607.0,8303431.70748,1
BYBIT,DOGEUSDT,60,1789664400000,0.08208,0.08226,0.08167,0.0817,38974338.0,3194974.50799,1
BYBIT,DOGEUSDT,60,1789668000000,0.0817,0.08175,0.08129,0.08139,59071724.0,4813422.05037,1
BYBIT,DOGEUSDT,60,1789671600000,0.08139,0.08184,0.08135,0.08165,47731229.0,3893899.89651,1
BYBIT,DOGEUSDT,60,1789675200000,0.08165,0.08193,0.08159,0.08174,22442250.0,1835462.35039,1
BYBIT,DOGEUSDT,60,1789678800000,0.08174,0.08185,0.08133,0.08138,24221069.0,1977520.84256,1
BYBIT,DOGEUSDT,60,1789682400000,0.08138,0.08152,0.08111,0.08148,64757145.0,5267725.62664,1
BYBIT,DOGEUSDT,60,1789686000000,0.08148,0.0818,0.0814,0.08169,57655891.0,4707125.09511,1
BYBIT,DOGEUSDT,60,1789689600000,0.08169,0.08181,0.08134,0.08178,22834346.0,1862347.55433,1
BYBIT,DOGEUSDT,60,1789693200000,0.08178,0.08248,0.08175,0.0824,53403739.0,4386790.47919,1
BYBIT,DOGEUSDT,60,1789696800000,0.0824,0.08303,0.08224,0.08285,86097898.0,7117208.95175,1
BYBIT,DOGEUSDT,60,1789700400000,0.08285,0.08453,0.08282,0.08448,106757814.0,8947063.06351,1
BYBIT,DOGEUSDT,60,1789704000000,0.08448,0.0846,0.08373,0.08453,82998670.0,6986882.40461,1
BYBIT,DOGEUSDT,60,1789707600000,0.08453,0.08471,0.08403,0.08413,78557908.0,6629517.63757,1
BYBIT,DOGEUSDT,60,1789711200000,0.08413,0.08446,0.08409,0.08421,66511875.0,5606449.88993,1
BYBIT,DOGEUSDT,60,1789714800000,0.08421,0.08456,0.08413,0.08443,71159653.0,6004553.1091,1
BYBIT,DOGEUSDT,60,1789718400000,0.08443,0.08492,0.08418,0.08487,56138485.0,4746968.87534,1
BYBIT,DOGEUSDT,60,1789722000000,0.08487,0.08598,0.08479,0.08569,107142487.0,9152512.63425,1
BYBIT,DOGEUSDT,60,1789725600000,0.08569,0.08692,0.08566,0.08577,91555911.0,7888564.72902,1
BYBIT,DOGEUSDT,60,1789729200000,0.08577,0.08581,0.0849,0.08531,101495888.0,8653877.17874,1
BYBIT,DOGEUSDT,60,1789732800000,0.08531,0.08564,0.08504,0.08543,65184393.0,5564105.56294,1
BYBIT,DOGEUSDT,60,1789736400000,0.08543,0.08776,0.08508,0.08726,141347691.0,12233045.22077,1
BYBIT,DOGEUSDT,60,1789740000000,0.08726,0.08819,0.08681,0.08801,134117093.0,11747705.00352,1
BYBIT,DOGEUSDT,60,1789743600000,0.08801,0.08812,0.08681,0.08749,112380016.0,9832541.5038,1
BYBIT,DOGEUSDT,60,1789747200000,0.08749,0.08824,0.08728,0.08772,91632721.0,8038144.64134,1
BYBIT,DOGEUSDT,60,1789750800000,0.08772,0.08772,0.08718,0.08761,67724574.0,5923782.6353,1
BYBIT,DOGEUSDT,60,1789754400000,0.08761,0.08762,0.08715,0.08733,55023309.0,4807393.74562,1
BYBIT,DOGEUSDT,60,1789758000000,0.08733,0.08813,0.0873,0.08797,67483896.0,5926165.20654,1
BYBIT,DOGEUSDT,60,1789761600000,0.08797,0.08844,0.08766,0.08826,64681259.0,5692901.26317,1
BYBIT,DOGEUSDT,60,1789765200000,0.08826,0.08856,0.08791,0.0882,60839020.0,5367283.94509,1
BYBIT,DOGEUSDT,60,1789768800000,0.0882,0.08866,0.08796,0.08808,66188073.0,5841602.95703,1
BYBIT,DOGEUSDT,60,1789772400000,0.08808,0.08819,0.08736,0.08741,54336768.0,4764218.46125,1
BYBIT,DOGEUSDT,60,1789776000000,0.08741,0.08836,0.08728,0.08788,50994133.0,4478797.66915,1
BYBIT,DOGEUSDT,60,1789779600000,0.08788,0.08822,0.08704,0.08802,68818650.0,6032775.0759,1
BYBIT,DOGEUSDT,60,1789783200000,0.08802,0.08887,0.08799,0.08827,52874572.0,4676037.91853,1
BYBIT,DOGEUSDT,60,1789786800000,0.08827,0.08845,0.08775,0.08801,35238241.0,3101893.93654,1
BYBIT,DOGEUSDT,60,1789790400000,0.08801,0.08837,0.08712,0.08743,43291522.0,3789924.42004,1
BYBIT,DOGEUSDT,60,1789794000000,0.08743,0.08795,0.08738,0.08743,22317735.0,1956710.22667,1
BYBIT,DOGEUSDT,60,1789797600000,0.08743,0.08749,0.0867,0.08708,55317052.0,4817482.66502,1
BYBIT,DOGEUSDT,60,1789801200000,0.08708,0.08735,0.08636,0.08667,65403693.0,5674046.08569,1
BYBIT,DOGEUSDT,60,1789804800000,0.08667,0.08761,0.08649,0.08727,66230205.0,5770786.44004,1
BYBIT,DOGEUSDT,60,1789808400000,0.08727,0.08745,0.0868,0.08724,55799085.0,4863652.05093,1
BYBIT,DOGEUSDT,60,1789812000000,0.08724,0.08805,0.0872,0.08765,46320640.0,4062228.63011,1
BYBIT,DOGEUSDT,60,1789815600000,0.08765,0.08843,0.08764,0.08837,59535046.0,5247811.68688,1
BYBIT,DOGEUSDT,60,1789819200000,0.08837,0.08905,0.08794,0.08901,78841824.0,6973062.46737,1
BYBIT,DOGEUSDT,60,1789822800000,0.08901,0.08986,0.08838,0.0888,129390621.0,11514546.29184,1
BYBIT,DOGEUSDT,60,1789826400000,0.0888,0.08984,0.08875,0.08897,84439497.0,7537183.31852,1
BYBIT,DOGEUSDT,60,1789830000000,0.08897,0.08928,0.08842,0.08891,54230276.0,4819144.59414,1
BYBIT,DOGEUSDT,60,1789833600000,0.08891,0.08972,0.08855,0.08965,59663526.0,5328109.5201,1
BYBIT,DOGEUSDT,60,1789837200000,0.08965,0.09132,0.0895,0.08983,128427971.0,11614378.2535,1
BYBIT,DOGEUSDT,60,1789840800000,0.08983,0.0905,0.08904,0.08969,102678991.0,9208863.45423,1
BYBIT,DOGEUSDT,60,1789844400000,0.08969,0.09026,0.08911,0.08922,90513430.0,8116355.89728,1
BYBIT,DOGEUSDT,60,1789848000000,0.08922,0.08938,0.08863,0.08894,69712721.0,6202070.6926,1
BYBIT,DOGEUSDT,60,1789851600000,0.08894,0.08909,0.08666,0.08733,200129513.0,17559938.75376,1
BYBIT,DOGEUSDT,60,1789855200000,0.08733,0.08787,0.08659,0.08778,69241037.0,6036447.12616,1
BYBIT,DOGEUSDT,60,1789858800000,0.08778,0.08808,0.08766,0.08767,49776354.0,4372915.93789,1
BYBIT,DOGEUSDT,60,1789862400000,0.08767,0.08788,0.08742,0.08753,50560446.0,4429147.82403,1
BYBIT,DOGEUSDT,60,1789866000000,0.08753,0.08755,0.08663,0.08717,47965448.0,4175526.88486,1
BYBIT,DOGEUSDT,60,1789869600000,0.08717,0.08746,0.08513,0.08537,166643207.0,14367448.41048,1
BYBIT,DOGEUSDT,60,1789873200000,0.08537,0.08604,0.08493,0.0857,92155443.0,7876806.0119,1
BYBIT,DOGEUSDT,60,1789876800000,0.0857,0.08575,0.0852,0.0854,32337830.0,2763642.72786,1
BYBIT,DOGEUSDT,60,1789880400000,0.0854,0.0856,0.08515,0.08536,37300700.0,3182514.48121,1
BYBIT,DOGEUSDT,60,1789884000000,0.08536,0.08553,0.08481,0.08501,57667066.0,4908370.09474,1
BYBIT,DOGEUSDT,60,1789887600000,0.08501,0.08529,0.08478,0.08484,26462114.0,2249638.15692,1
BYBIT,DOGEUSDT,60,1789891200000,0.08484,0.08513,0.08437,0.08473,57229883.0,4852134.60902,1
BYBIT,DOGEUSDT,60,1789894800000,0.08473,0.08539,0.0847,0.0849,45942728.0,3908861.21436,1
BYBIT,DOGEUSDT,60,1789898400000,0.0849,0.08501,0.08428,0.08463,50283352.0,4254368.24245,1
BYBIT,DOGEUSDT,60,1789902000000,0.08463,0.0852,0.08458,0.08511,49750449.0,4219977.08032,1
BYBIT,DOGEUSDT,60,1789905600000,0.08511,0.08539,0.08476,0.08511,40064453.0,3408400.83249,1
BYBIT,DOGEUSDT,60,1789909200000,0.08511,0.08518,0.08472,0.08492,23945343.0,2034343.44095,1
BYBIT,DOGEUSDT,60,1789912800000,0.08492,0.08537,0.0847,0.08505,37934594.0,3226013.86867,1
BYBIT,DOGEUSDT,60,1789916400000,0.08505,0.08581,0.08505,0.08578,122155660.0,10446905.43554,1
BYBIT,DOGEUSDT,60,1789920000000,0.08578,0.08755,0.08557,0.08749,171949387.0,14903259.59225,1
BYBIT,DOGEUSDT,60,1789923600000,0.08749,0.08784,0.0866,0.08695,109493801.0,9543822.98708,1
BYBIT,DOGEUSDT,60,1789927200000,0.08695,0.08725,0.08643,0.08664,38322871.0,3326983.25874,1
BYBIT,DOGEUSDT,60,1789930800000,0.08664,0.08758,0.08654,0.08733,65872490.0,5739738.6032,1
BYBIT,DOGEUSDT,60,1789934400000,0.08733,0.08765,0.08719,0.08732,54053606.0,4724337.81098,1
BYBIT,DOGEUSDT,60,1789938000000,0.08732,0.08735,0.08606,0.08688,103653097.0,8975554.52708,1
BYBIT,DOGEUSDT,60,1789941600000,0.08688,0.08758,0.08664,0.08743,49553716.0,4324587.11424,1
BYBIT,DOGEUSDT,60,1789945200000,0.08743,0.08751,0.0871,0.08726,38377311.0,3351388.31928,1
BYBIT,DOGEUSDT,60,1789948800000,0.08726,0.08897,0.08722,0.08872,110360311.0,9760369.62966,1
BYBIT,DOGEUSDT,60,1789952400000,0.08872,0.08981,0.08718,0.08747,239572458.0,21207283.86765,1
BYBIT,DOGEUSDT,60,1789956000000,0.08747,0.08844,0.08718,0.08809,109520478.0,9628743.16116,1
BYBIT,DOGEUSDT,60,1789959600000,0.08809,0.08878,0.08805,0.08847,69444684.0,6139603.15524,1
BYBIT,DOGEUSDT,60,1789963200000,0.08847,0.08862,0.08773,0.0883,120669392.0,10630816.85927,1
BYBIT,DOGEUSDT,60,1789966800000,0.0883,0.08909,0.08799,0.08835,60261105.0,5335445.62831,1
BYBIT,DOGEUSDT,60,1789970400000,0.08835,0.08944,0.08826,0.08902,80174811.0,7122867.27875,1
BYBIT,DOGEUSDT,60,1789974000000,0.08902,0.08975,0.08877,0.08972,78915161.0,7043420.405,1
BYBIT,DOGEUSDT,60,1789977600000,0.08972,0.09264,0.08965,0.09186,300098951.0,27402360.71617,1
BYBIT,DOGEUSDT,60,1789981200000,0.09186,0.09483,0.09113,0.09211,354521428.0,32914860.21528,1
BYBIT,DOGEUSDT,60,1789984800000,0.09211,0.09292,0.09166,0.09289,124444284.0,11490677.01324,1
BYBIT,DOGEUSDT,60,1789988400000,0.09289,0.09372,0.09275,0.09332,104215904.0,9726156.51787,1
BYBIT,DOGEUSDT,60,1789992000000,0.09332,0.09393,0.09292,0.09345,135899057.0,12701346.35841,1
BYBIT,DOGEUSDT,60,1789995600000,0.09345,0.09439,0.09242,0.09323,192729755.0,18007488.32814,1
BYBIT,DOGEUSDT,60,1789999200000,0.09323,0.09523,0.0922,0.09494,207677410.0,19498202.91129,1
BYBIT,DOGEUSDT,60,1790002800000,0.09494,0.09821,0.09482,0.09729,588426850.0,56913407.90019,1
BYBIT,DOGEUSDT,60,1790006400000,0.09729,0.09789,0.09518,0.09663,228023721.0,22059185.33073,1
BYBIT,DOGEUSDT,60,1790010000000,0.09663,0.09906,0.09644,0.09735,276931181.0,27119659.53116,1
BYBIT,DOGEUSDT,60,1790013600000,0.09735,0.09996,0.09689,0.09966,226325759.0,22382418.13817,1
BYBIT,DOGEUSDT,60,1790017200000,0.09966,0.1,0.09751,0.09852,205574145.0,20229648.60072,1
BYBIT,DOGEUSDT,60,1790020800000,0.09852,0.10116,0.09839,0.10017,196396986.0,19601721.11267,1
BYBIT,DOGEUSDT,60,1790024400000,0.10017,0.10018,0.09791,0.09924,150494249.0,14901853.56949,1
BYBIT,DOGEUSDT,60,1790028000000,0.09924,0.10192,0.09924,0.10028,281103210.0,28237635.82461,1
BYBIT,DOGEUSDT,60,1790031600000,0.10028,0.10208,0.09882,0.09984,154200673.0,15482358.33546,1
BYBIT,DOGEUSDT,60,1790035200000,0.09984,0.10167,0.09913,0.09942,144636714.0,14534140.09771,1
BYBIT,DOGEUSDT,60,1790038800000,0.09942,0.10049,0.09776,0.09976,175229014.0,17398750.41623,1
BYBIT,DOGEUSDT,60,1790042400000,0.09976,0.10076,0.09877,0.0989,133746999.0,13340402.37878,1
BYBIT,DOGEUSDT,60,1790046000000,0.0989,0.10232,0.09842,0.10193,221999742.0,22249096.00192,1
BYBIT,DOGEUSDT,60,1790049600000,0.10193,0.10594,0.09955,0.09994,607136006.0,62936949.79021,1
BYBIT,DOGEUSDT,60,1790053200000,0.09994,0.10027,0.09837,0.10006,168367613.0,16752320.31077,1
BYBIT,DOGEUSDT,60,1790056800000,0.10006,0.10051,0.09938,0.09972,94542465.0,9446107.39799,1
BYBIT,DOGEUSDT,60,1790060400000,0.09972,0.09994,0.09869,0.09877,101529893.0,10072037.8126,1
BYBIT,DOGEUSDT,60,1790064000000,0.09877,0.09974,0.09753,0.09954,236683743.0,23393187.45804,1
BYBIT,DOGEUSDT,60,1790067600000,0.09954,0.09957,0.09814,0.09872,72705415.0,7168025.75953,1
BYBIT,DOGEUSDT,60,1790071200000,0.09872,0.09872,0.0973,0.09772,95533509.0,9344155.17188,1
