exchange,symbol,interval,open_time_ms,open,high,low,close,volume_base,turnover_quote,is_closed
BYBIT,LTCUSDT,60,1769342400000,69.94,70.05,69.28,69.67,25948.5,1806400.647,1
BYBIT,LTCUSDT,60,1769346000000,69.67,70.22,69.54,70.16,26662.7,1864617.285,1
BYBIT,LTCUSDT,60,1769349600000,70.16,70.24,68.62,68.7,95064.0,6580115.607,1
BYBIT,LTCUSDT,60,1769353200000,68.7,69.5,68.61,69.46,42010.4,2906203.304,1
BYBIT,LTCUSDT,60,1769356800000,69.46,69.47,67.96,68.02,131172.7,8988791.766,1
BYBIT,LTCUSDT,60,1769360400000,68.02,68.18,67.31,67.6,56454.7,3820444.345,1
BYBIT,LTCUSDT,60,1769364000000,67.6,67.78,66.67,67.23,80974.0,5435445.913,1
BYBIT,LTCUSDT,60,1769367600000,67.23,67.33,65.57,65.97,102185.2,6772479.368,1
BYBIT,LTCUSDT,60,1769371200000,65.97,66.44,65.18,65.92,115336.6,7569624.09,1
BYBIT,LTCUSDT,60,1769374800000,65.92,66.71,65.91,66.66,42294.3,2808152.477,1
BYBIT,LTCUSDT,60,1769378400000,66.66,66.9,66.08,66.61,36289.7,2413623.505,1
BYBIT,LTCUSDT,60,1769382000000,66.61,67.35,66.25,67.25,36229.1,2425969.896,1
BYBIT,LTCUSDT,60,1769385600000,67.25,67.62,66.93,67.56,35980.2,2421715.672,1
BYBIT,LTCUSDT,60,1769389200000,67.56,68.14,67.42,67.94,40453.9,2748535.95,1
BYBIT,LTCUSDT,60,1769392800000,67.94,68.01,67.62,67.65,14253.6,966626.13,1
BYBIT,LTCUSDT,60,1769396400000,67.65,67.89,67.14,67.36,30655.1,2068597.506,1
BYBIT,LTCUSDT,60,1769400000000,67.36,68.08,67.36,67.78,16424.9,1112492.378,1
BYBIT,LTCUSDT,60,1769403600000,67.78,67.8,67.51,67.69,8807.0,595620.036,1
BYBIT,LTCUSDT,60,1769407200000,67.69,68.0,67.54,67.92,8774.2,594821.205,1
BYBIT,LTCUSDT,60,1769410800000,67.92,68.45,67.77,68.34,23122.2,1576446.241,1
BYBIT,LTCUSDT,60,1769414400000,68.34,68.78,67.96,68.21,56592.2,3866052.684,1
BYBIT,LTCUSDT,60,1769418000000,68.21,68.27,67.81,67.91,20326.5,1383333.73,1
BYBIT,LTCUSDT,60,1769421600000,67.91,68.34,67.9,68.3,19840.4,1351955.291,1
BYBIT,LTCUSDT,60,1769425200000,68.3,68.33,68.16,68.2,10101.4,689305.583,1
BYBIT,LTCUSDT,60,1769428800000,68.2,68.53,68.2,68.29,14739.4,1007568.311,1
BYBIT,LTCUSDT,60,1769432400000,68.29,68.45,68.2,68.39,12626.1,862774.267,1
BYBIT,LTCUSDT,60,1769436000000,68.39,69.96,68.19,69.22,113025.4,7799348.811,1
BYBIT,LTCUSDT,60,1769439600000,69.22,69.75,68.63,69.01,104901.2,7253725.132,1
BYBIT,LTCUSDT,60,1769443200000,69.01,69.55,68.74,69.35,27439.9,1896888.309,1
BYBIT,LTCUSDT,60,1769446800000,69.35,69.62,68.62,69.13,35519.2,2453130.25,1
BYBIT,LTCUSDT,60,1769450400000,69.13,69.89,68.99,69.67,45618.6,3173975.77,1
BYBIT,LTCUSDT,60,1769454000000,69.67,69.7,68.96,69.07,27564.4,1909784.438,1
BYBIT,LTCUSDT,60,1769457600000,69.07,69.2,68.75,68.84,28851.4,1988376.884,1
BYBIT,LTCUSDT,60,1769461200000,68.84,69.66,68.8,69.4,21600.6,1497256.512,1
BYBIT,LTCUSDT,60,1769464800000,69.4,69.7,69.27,69.54,16553.4,1150474.323,1
BYBIT,LTCUSDT,60,1769468400000,69.54,70.04,69.39,69.66,22675.3,1583336.151,1
BYBIT,LTCUSDT,60,1769472000000,69.66,69.95,69.45,69.89,18609.4,1295738.24,1
BYBIT,LTCUSDT,60,1769475600000,69.89,70.07,69.63,69.84,29113.3,2033728.98,1
BYBIT,LTCUSDT,60,1769479200000,69.84,70.03,69.55,69.7,21661.5,1509993.445,1
BYBIT,LTCUSDT,60,1769482800000,69.7,69.83,69.48,69.54,10855.6,755451.957,1
BYBIT,LTCUSDT,60,1769486400000,69.54,69.84,69.4,69.52,13160.9,916054.179,1
BYBIT,LTCUSDT,60,1769490000000,69.52,69.69,69.26,69.58,9343.8,648903.38,1
BYBIT,LTCUSDT,60,1769493600000,69.58,69.65,69.16,69.19,16709.8,1159255.432,1
BYBIT,LTCUSDT,60,1769497200000,69.19,69.27,69.01,69.09,17213.6,1190024.861,1
BYBIT,LTCUSDT,60,1769500800000,69.09,69.43,69.04,69.37,11692.9,809699.083,1
BYBIT,LTCUSDT,60,1769504400000,69.37,69.44,69.06,69.24,19560.5,1354558.323,1
BYBIT,LTCUSDT,60,1769508000000,69.24,69.32,68.97,69.3,30391.4,2101509.911,1
BYBIT,LTCUSDT,60,1769511600000,69.3,69.5,68.96,69.02,65083.4,4507799.895,1
BYBIT,LTCUSDT,60,1769515200000,69.02,69.07,68.71,68.79,16308.4,1123433.114,1
BYBIT,LTCUSDT,60,1769518800000,68.79,68.91,68.59,68.9,8791.6,604405.026,1
BYBIT,LTCUSDT,60,1769522400000,68.9,69.73,68.86,69.13,42599.2,2954682.092,1
BYBIT,LTCUSDT,60,1769526000000,69.13,69.95,69.04,69.87,26802.6,1864941.204,1
BYBIT,LTCUSDT,60,1769529600000,69.87,70.17,69.68,70.1,74019.2,5179407.183,1
BYBIT,LTCUSDT,60,1769533200000,70.1,70.13,69.04,69.28,50598.5,3523267.785,1
BYBIT,LTCUSDT,60,1769536800000,69.28,69.81,69.11,69.61,25362.7,1758375.055,1
BYBIT,LTCUSDT,60,1769540400000,69.61,69.7,69.3,69.62,24988.3,1736867.077,1
BYBIT,LTCUSDT,60,1769544000000,69.62,70.16,69.61,70.02,33171.4,2321801.636,1
BYBIT,LTCUSDT,60,1769547600000,70.02,70.15,69.77,70.04,51940.6,3634775.743,1
BYBIT,LTCUSDT,60,1769551200000,70.04,70.2,69.87,70.17,44833.1,3143326.091,1
BYBIT,LTCUSDT,60,1769554800000,70.17,70.43,69.9,69.97,117387.3,8238147.921,1
BYBIT,LTCUSDT,60,1769558400000,69.97,70.26,69.68,70.01,33847.6,2366133.203,1
BYBIT,LTCUSDT,60,1769562000000,70.01,70.08,69.56,69.8,37903.1,2645060.939,1
BYBIT,LTCUSDT,60,1769565600000,69.8,69.89,69.62,69.77,15776.1,1100486.195,1
BYBIT,LTCUSDT,60,1769569200000,69.77,69.86,69.37,69.51,32532.0,2265170.227,1
BYBIT,LTCUSDT,60,1769572800000,69.51,69.59,69.26,69.29,27437.6,1903755.738,1
BYBIT,LTCUSDT,60,1769576400000,69.29,69.62,69.13,69.61,16730.6,1160619.668,1
BYBIT,LTCUSDT,60,1769580000000,69.61,69.98,69.61,69.87,19997.7,1395976.309,1
BYBIT,LTCUSDT,60,1769583600000,69.87,69.96,69.46,69.6,13707.5,954351.706,1
BYBIT,LTCUSDT,60,1769587200000,69.6,69.66,69.27,69.35,16695.5,1159655.796,1
BYBIT,LTCUSDT,60,1769590800000,69.35,69.83,69.25,69.78,11270.3,783706.822,1
BYBIT,LTCUSDT,60,1769594400000,69.78,69.91,69.53,69.54,20767.3,1448830.895,1
BYBIT,LTCUSDT,60,1769598000000,69.54,69.98,69.36,69.91,21885.5,1525276.087,1
BYBIT,LTCUSDT,60,1769601600000,69.91,70.04,69.53,69.68,27696.5,1933787.639,1
BYBIT,LTCUSDT,60,1769605200000,69.68,70.0,69.67,69.73,17215.4,1201919.77,1
BYBIT,LTCUSDT,60,1769608800000,69.73,69.74,68.64,68.95,91051.8,6292701.727,1
BYBIT,LTCUSDT,60,1769612400000,68.95,69.13,68.37,68.94,47335.9,3253834.287,1
BYBIT,LTCUSDT,60,1769616000000,68.94,69.32,68.66,69.08,30933.7,2135543.258,1
BYBIT,LTCUSDT,60,1769619600000,69.08,69.8,68.83,69.64,25059.0,1738536.77,1
BYBIT,LTCUSDT,60,1769623200000,69.64,69.66,69.15,69.39,24044.1,1668738.709,1
BYBIT,LTCUSDT,60,1769626800000,69.39,69.64,69.16,69.47,31722.1,2201548.989,1
BYBIT,LTCUSDT,60,1769630400000,69.47,69.86,69.17,69.21,23899.7,1661864.88,1
BYBIT,LTCUSDT,60,1769634000000,69.21,69.51,68.85,69.41,27591.1,1909558.716,1
BYBIT,LTCUSDT,60,1769637600000,69.41,69.66,69.17,69.64,11427.7,793282.178,1
BYBIT,LTCUSDT,60,1769641200000,69.64,69.69,69.38,69.38,10493.5,729713.939,1
BYBIT,LTCUSDT,60,1769644800000,69.38,69.52,68.98,69.16,18033.0,1248696.624,1
BYBIT,LTCUSDT,60,1769648400000,69.16,69.25,68.64,68.75,24040.3,1656802.306,1
BYBIT,LTCUSDT,60,1769652000000,68.75,68.96,68.01,68.23,62365.4,4265250.694,1
BYBIT,LTCUSDT,60,1769655600000,68.23,68.62,67.85,67.94,26476.6,1803862.032,1
BYBIT,LTCUSDT,60,1769659200000,67.94,68.08,67.65,68.0,15664.3,1063240.62,1
BYBIT,LTCUSDT,60,1769662800000,68.0,68.19,67.92,67.98,18103.0,1231624.551,1
BYBIT,LTCUSDT,60,1769666400000,67.98,68.3,67.96,68.25,10582.5,721310.532,1
BYBIT,LTCUSDT,60,1769670000000,68.25,68.4,68.1,68.12,18914.3,1290721.101,1
BYBIT,LTCUSDT,60,1769673600000,68.12,68.25,67.82,67.93,30430.4,2068033.65,1
BYBIT,LTCUSDT,60,1769677200000,67.93,68.08,67.87,67.9,8627.6,586481.689,1
BYBIT,LTCUSDT,60,1769680800000,67.9,67.94,67.35,67.47,32699.8,2212860.687,1
BYBIT,LTCUSDT,60,1769684400000,67.47,67.57,67.32,67.46,33260.9,2241966.139,1
BYBIT,LTCUSDT,60,1769688000000,67.46,67.55,67.04,67.31,36245.4,2439023.619,1
BYBIT,LTCUSDT,60,1769691600000,67.31,67.49,67.25,67.48,11212.4,755689.954,1
BYBIT,LTCUSDT,60,1769695200000,67.48,67.58,66.37,66.43,43171.7,2891598.618,1
BYBIT,LTCUSDT,60,1769698800000,66.43,66.46,64.66,65.42,239902.3,15693760.751,1
BYBIT,LTCUSDT,60,1769702400000,65.42,66.1,65.01,66.07,56888.2,3731106.298,1
BYBIT,LTCUSDT,60,1769706000000,66.07,66.67,65.54,65.61,50187.0,3319440.437,1
BYBIT,LTCUSDT,60,1769709600000,65.61,65.85,64.39,64.48,95106.4,6183561.327,1
BYBIT,LTCUSDT,60,1769713200000,64.48,65.29,64.37,65.02,45403.8,2944072.453,1
BYBIT,LTCUSDT,60,1769716800000,65.02,65.83,64.93,65.7,24315.5,1588961.139,1
BYBIT,LTCUSDT,60,1769720400000,65.7,66.11,65.7,66.03,22209.7,1463315.998,1
BYBIT,LTCUSDT,60,1769724000000,66.03,66.21,65.91,66.06,9006.3,595062.238,1
BYBIT,LTCUSDT,60,1769727600000,66.06,66.18,65.71,66.17,12124.1,799169.6,1
BYBIT,LTCUSDT,60,1769731200000,66.17,66.37,65.95,66.13,18735.1,1239894.222,1
BYBIT,LTCUSDT,60,1769734800000,66.13,66.45,62.59,64.76,278370.9,17855156.012,1
BYBIT,LTCUSDT,60,1769738400000,64.76,64.79,63.39,63.91,47508.2,3041461.488,1
BYBIT,LTCUSDT,60,1769742000000,63.91,64.31,63.79,63.96,17204.9,1101971.774,1
BYBIT,LTCUSDT,60,1769745600000,63.96,64.74,63.93,64.35,24061.4,1550033.462,1
BYBIT,LTCUSDT,60,1769749200000,64.35,64.64,64.25,64.47,25442.7,1640399.995,1
BYBIT,LTCUSDT,60,1769752800000,64.47,64.48,63.04,63.47,39834.0,2536555.164,1
BYBIT,LTCUSDT,60,1769756400000,63.47,64.49,63.47,64.24,34233.0,2196406.259,1
BYBIT,LTCUSDT,60,1769760000000,64.24,64.41,63.71,63.93,28079.9,1799331.778,1
BYBIT,LTCUSDT,60,1769763600000,63.93,64.22,63.74,64.04,17040.8,1090502.259,1
BYBIT,LTCUSDT,60,1769767200000,64.04,64.36,63.84,64.35,15791.5,1013198.294,1
BYBIT,LTCUSDT,60,1769770800000,64.35,65.13,64.24,64.93,25536.2,1650638.982,1
BYBIT,LTCUSDT,60,1769774400000,64.93,65.01,64.35,64.45,16301.1,1054085.608,1
BYBIT,LTCUSDT,60,1769778000000,64.45,64.61,63.88,64.16,37988.6,2438873.688,1
BYBIT,LTCUSDT,60,1769781600000,64.16,65.01,64.16,64.66,36261.8,2343221.17,1
BYBIT,LTCUSDT,60,1769785200000,64.66,65.22,64.09,64.78,43176.1,2797615.83,1
BYBIT,LTCUSDT,60,1769788800000,64.78,65.4,64.38,65.02,30336.4,1970730.869,1
BYBIT,LTCUSDT,60,1769792400000,65.02,65.6,64.7,65.22,31229.7,2037517.092,1
BYBIT,LTCUSDT,60,1769796000000,65.22,65.69,63.6,65.53,87845.6,5680735.99,1
BYBIT,LTCUSDT,60,1769799600000,65.53,65.98,65.46,65.7,41229.4,2708557.887,1
BYBIT,LTCUSDT,60,1769803200000,65.7,65.7,64.69,64.98,68971.2,4490931.496,1
BYBIT,LTCUSDT,60,1769806800000,64.98,65.56,64.9,65.37,29955.2,1954957.55,1
BYBIT,LTCUSDT,60,1769810400000,65.37,65.49,65.02,65.46,13106.9,855794.0,1
BYBIT,LTCUSDT,60,1769814000000,65.46,65.48,65.03,65.43,8206.8,535577.99,1
BYBIT,LTCUSDT,60,1769817600000,65.43,65.46,65.16,65.19,10419.7,680603.385,1
BYBIT,LTCUSDT,60,1769821200000,65.19,65.43,65.0,65.13,6574.9,428583.833,1
BYBIT,LTCUSDT,60,1769824800000,65.13,65.23,64.75,65.02,8100.4,526099.158,1
BYBIT,LTCUSDT,60,1769828400000,65.02,65.13,64.87,64.9,4374.2,284259.559,1
BYBIT,LTCUSDT,60,1769832000000,64.9,65.1,64.56,64.64,8877.6,575555.872,1
BYBIT,LTCUSDT,60,1769835600000,64.64,64.65,64.43,64.52,9910.2,639669.394,1
BYBIT,LTCUSDT,60,1769839200000,64.52,64.58,63.97,64.23,16030.1,1028794.392,1
BYBIT,LTCUSDT,60,1769842800000,64.23,64.31,63.55,63.87,22358.4,1427680.994,1
BYBIT,LTCUSDT,60,1769846400000,63.87,63.95,62.33,62.99,101663.5,6397283.876,1
BYBIT,LTCUSDT,60,1769850000000,62.99,63.5,62.88,63.19,27313.7,1726219.114,1
BYBIT,LTCUSDT,60,1769853600000,63.19,63.52,62.97,63.28,15022.4,950604.823,1
BYBIT,LTCUSDT,60,1769857200000,63.28,63.36,62.9,63.03,23575.5,1489560.375,1
BYBIT,LTCUSDT,60,1769860800000,63.03,63.05,62.59,62.71,26882.7,1688761.686,1
BYBIT,LTCUSDT,60,1769864400000,62.71,62.75,62.11,62.29,37687.9,2350483.223,1
BYBIT,LTCUSDT,60,1769868000000,62.29,62.52,59.37,60.32,342841.4,20724815.138,1
BYBIT,LTCUSDT,60,1769871600000,60.32,60.87,60.05,60.14,79990.5,4828129.949,1
BYBIT,LTCUSDT,60,1769875200000,60.14,61.11,59.6,59.96,137548.5,8297226.604,1
BYBIT,LTCUSDT,60,1769878800000,59.96,60.08,56.45,58.14,593073.5,34515736.868,1
BYBIT,LTCUSDT,60,1769882400000,58.14,58.49,54.8,57.72,443341.0,25269836.727,1
BYBIT,LTCUSDT,60,1769886000000,57.72,58.59,57.47,58.06,132099.8,7666242.171,1
BYBIT,LTCUSDT,60,1769889600000,58.06,58.54,57.46,58.21,64997.7,3766278.328,1
BYBIT,LTCUSDT,60,1769893200000,58.21,59.02,58.01,58.81,62212.4,3643567.327,1
BYBIT,LTCUSDT,60,1769896800000,58.81,58.84,58.29,58.61,27827.0,1629620.769,1
BYBIT,LTCUSDT,60,1769900400000,58.61,59.8,58.55,59.48,69631.3,4133422.323,1
BYBIT,LTCUSDT,60,1769904000000,59.48,59.86,59.33,59.62,43122.4,2572014.257,1
BYBIT,LTCUSDT,60,1769907600000,59.62,59.66,58.98,59.47,42379.2,2508930.623,1
BYBIT,LTCUSDT,60,1769911200000,59.47,59.91,59.3,59.79,28416.4,1695531.809,1
BYBIT,LTCUSDT,60,1769914800000,59.79,59.85,59.44,59.65,12761.5,760738.553,1
BYBIT,LTCUSDT,60,1769918400000,59.65,59.85,59.53,59.53,18757.3,1119275.836,1
BYBIT,LTCUSDT,60,1769922000000,59.53,59.65,59.11,59.18,22282.3,1323215.291,1
BYBIT,LTCUSDT,60,1769925600000,59.18,59.52,58.86,59.21,22279.1,1317629.512,1
BYBIT,LTCUSDT,60,1769929200000,59.21,59.69,58.91,59.36,33895.3,2009506.298,1
BYBIT,LTCUSDT,60,1769932800000,59.36,59.77,59.26,59.51,22722.4,1351568.209,1
BYBIT,LTCUSDT,60,1769936400000,59.51,59.75,59.18,59.67,17576.3,1044668.519,1
BYBIT,LTCUSDT,60,1769940000000,59.67,59.72,58.64,58.71,39923.8,2360064.08,1
BYBIT,LTCUSDT,60,1769943600000,58.71,59.42,58.71,59.26,18182.3,1074051.823,1
BYBIT,LTCUSDT,60,1769947200000,59.26,59.36,58.8,59.15,20772.8,1226965.593,1
BYBIT,LTCUSDT,60,1769950800000,59.15,59.69,59.11,59.31,20508.3,1218835.236,1
BYBIT,LTCUSDT,60,1769954400000,59.31,59.65,58.32,59.27,79234.1,4668907.732,1
BYBIT,LTCUSDT,60,1769958000000,59.27,59.28,57.59,58.39,80065.9,4657387.718,1
BYBIT,LTCUSDT,60,1769961600000,58.39,58.8,57.82,58.34,51829.2,3023362.449,1
BYBIT,LTCUSDT,60,1769965200000,58.34,58.64,57.97,58.62,31245.9,1820800.159,1
BYBIT,LTCUSDT,60,1769968800000,58.62,59.59,58.62,59.2,53378.5,3159372.346,1
BYBIT,LTCUSDT,60,1769972400000,59.2,59.31,58.42,58.74,27278.2,1604710.048,1
BYBIT,LTCUSDT,60,1769976000000,58.74,59.27,58.11,58.68,33216.8,1949818.16,1
BYBIT,LTCUSDT,60,1769979600000,58.68,58.84,58.21,58.43,32460.9,1898548.982,1
BYBIT,LTCUSDT,60,1769983200000,58.43,59.34,58.38,58.88,28116.1,1654991.59,1
BYBIT,LTCUSDT,60,1769986800000,58.88,59.24,57.13,58.45,151005.9,8769768.371,1
BYBIT,LTCUSDT,60,1769990400000,58.45,59.49,58.04,59.06,43974.9,2594197.649,1
BYBIT,LTCUSDT,60,1769994000000,59.06,59.69,58.35,59.26,43866.7,2591306.371,1
BYBIT,LTCUSDT,60,1769997600000,59.26,59.5,58.66,58.73,21596.0,1274942.437,1
BYBIT,LTCUSDT,60,1770001200000,58.73,58.73,56.52,58.3,158702.8,9112430.718,1
BYBIT,LTCUSDT,60,1770004800000,58.3,58.83,57.38,57.94,47422.2,2761294.646,1
BYBIT,LTCUSDT,60,1770008400000,57.94,58.01,56.59,57.15,59329.2,3386778.553,1
BYBIT,LTCUSDT,60,1770012000000,57.15,58.57,56.47,58.04,164224.4,9457617.636,1
BYBIT,LTCUSDT,60,1770015600000,58.04,58.65,57.87,58.2,43093.3,2510663.298,1
BYBIT,LTCUSDT,60,1770019200000,58.2,58.86,58.19,58.54,37075.0,2171968.93,1
BYBIT,LTCUSDT,60,1770022800000,58.54,59.38,58.23,59.13,62771.6,3695827.832,1
BYBIT,LTCUSDT,60,1770026400000,59.13,59.46,58.97,59.12,40069.8,2372568.17,1
BYBIT,LTCUSDT,60,1770030000000,59.12,59.38,59.01,59.08,36085.5,2136556.096,1
BYBIT,LTCUSDT,60,1770033600000,59.08,59.8,59.08,59.73,38804.9,2308748.906,1
BYBIT,LTCUSDT,60,1770037200000,59.73,59.84,59.41,59.73,29377.7,1751665.41,1
BYBIT,LTCUSDT,60,1770040800000,59.73,60.37,59.28,59.9,93887.7,5624788.478,1
BYBIT,LTCUSDT,60,1770044400000,59.9,61.1,59.76,61.0,59391.2,3598968.553,1
BYBIT,LTCUSDT,60,1770048000000,61.0,61.13,60.46,60.52,33087.5,2014142.738,1
BYBIT,LTCUSDT,60,1770051600000,60.52,60.78,60.06,60.29,27200.3,1644347.872,1
BYBIT,LTCUSDT,60,1770055200000,60.29,60.52,59.91,60.32,27381.6,1648665.417,1
BYBIT,LTCUSDT,60,1770058800000,60.32,60.36,59.82,59.87,13246.4,795378.308,1
BYBIT,LTCUSDT,60,1770062400000,59.87,60.05,59.39,59.59,24889.0,1485131.793,1
BYBIT,LTCUSDT,60,1770066000000,59.59,59.94,59.58,59.79,18159.6,1085532.848,1
BYBIT,LTCUSDT,60,1770069600000,59.79,60.13,59.79,60.03,14917.9,894786.698,1
BYBIT,LTCUSDT,60,1770073200000,60.03,60.09,59.8,59.96,14885.7,892303.206,1
BYBIT,LTCUSDT,60,1770076800000,59.96,60.07,59.55,60.07,26174.4,1565926.031,1
BYBIT,LTCUSDT,60,1770080400000,60.07,60.09,59.68,59.91,11365.2,680759.445,1
BYBIT,LTCUSDT,60,1770084000000,59.91,59.92,59.03,59.08,22434.3,1332516.543,1
BYBIT,LTCUSDT,60,1770087600000,59.08,59.99,58.89,59.93,44647.1,2651955.721,1
BYBIT,LTCUSDT,60,1770091200000,59.93,60.28,59.7,60.11,20193.0,1210905.873,1
BYBIT,LTCUSDT,60,1770094800000,60.11,60.14,59.65,59.68,13692.4,820169.979,1
BYBIT,LTCUSDT,60,1770098400000,59.68,60.22,59.46,60.13,20025.1,1197358.598,1
BYBIT,LTCUSDT,60,1770102000000,60.13,60.43,59.9,60.22,14752.7,887279.877,1
BYBIT,LTCUSDT,60,1770105600000,60.22,60.44,59.99,60.08,16941.8,1020150.528,1
BYBIT,LTCUSDT,60,1770109200000,60.08,60.21,59.32,59.69,61085.9,3645090.052,1
BYBIT,LTCUSDT,60,1770112800000,59.69,59.9,59.47,59.62,13365.1,796889.321,1
BYBIT,LTCUSDT,60,1770116400000,59.62,59.97,59.61,59.81,21362.7,1277649.839,1
BYBIT,LTCUSDT,60,1770120000000,59.81,60.17,59.69,60.06,16795.2,1008014.838,1
BYBIT,LTCUSDT,60,1770123600000,60.06,60.23,59.82,60.15,15178.1,910477.968,1
BYBIT,LTCUSDT,60,1770127200000,60.15,60.2,59.22,59.22,45340.3,2706237.723,1
BYBIT,LTCUSDT,60,1770130800000,59.22,60.41,59.05,60.32,96306.0,5756786.518,1
BYBIT,LTCUSDT,60,1770134400000,60.32,60.35,59.26,59.43,88922.9,5307640.869,1
BYBIT,LTCUSDT,60,1770138000000,59.43,59.5,58.14,58.17,83210.8,4885375.222,1
BYBIT,LTCUSDT,60,1770141600000,58.17,58.38,56.92,56.98,126364.5,7286443.087,1
BYBIT,LTCUSDT,60,1770145200000,56.98,59.52,56.82,59.27,148553.4,8699064.13,1
BYBIT,LTCUSDT,60,1770148800000,59.27,61.39,58.79,60.99,154989.8,9373029.344,1
BYBIT,LTCUSDT,60,1770152400000,60.99,61.31,59.95,60.09,56903.2,3452873.393,1
BYBIT,LTCUSDT,60,1770156000000,60.09,60.11,59.37,59.49,46504.7,2777057.613,1
BYBIT,LTCUSDT,60,1770159600000,59.49,59.6,59.06,59.44,39671.2,2353537.467,1
BYBIT,LTCUSDT,60,1770163200000,59.44,60.08,59.19,59.8,27282.7,1625651.857,1
BYBIT,LTCUSDT,60,1770166800000,59.8,60.43,59.8,60.23,23454.9,1412935.063,1
BYBIT,LTCUSDT,60,1770170400000,60.23,60.3,59.83,59.99,15335.3,921052.669,1
BYBIT,LTCUSDT,60,1770174000000,59.99,60.73,59.91,60.7,18707.1,1130560.066,1
BYBIT,LTCUSDT,60,1770177600000,60.7,60.89,60.44,60.56,25218.8,1530041.984,1
BYBIT,LTCUSDT,60,1770181200000,60.56,60.59,60.01,60.15,13831.1,834771.512,1
BYBIT,LTCUSDT,60,1770184800000,60.15,60.78,60.11,60.58,13503.7,816600.721,1
BYBIT,LTCUSDT,60,1770188400000,60.58,60.93,60.4,60.75,23289.9,1414028.262,1
BYBIT,LTCUSDT,60,1770192000000,60.75,60.84,60.47,60.78,13961.6,846740.749,1
BYBIT,LTCUSDT,60,1770195600000,60.78,60.82,60.23,60.36,24522.5,1483220.296,1
BYBIT,LTCUSDT,60,1770199200000,60.36,60.44,60.2,60.26,11731.4,707377.361,1
BYBIT,LTCUSDT,60,1770202800000,60.26,60.26,59.6,60.04,47323.4,2837029.713,1
BYBIT,LTCUSDT,60,1770206400000,60.04,60.14,59.71,59.98,17114.8,1024639.524,1
BYBIT,LTCUSDT,60,1770210000000,59.98,59.98,59.19,59.21,40072.7,2387032.758,1
BYBIT,LTCUSDT,60,1770213600000,59.21,59.7,58.33,58.39,100947.3,5962366.729,1
BYBIT,LTCUSDT,60,1770217200000,58.39,59.04,57.58,58.14,119259.4,6959233.699,1
BYBIT,LTCUSDT,60,1770220800000,58.14,58.46,57.34,57.86,110015.5,6358092.38,1
BYBIT,LTCUSDT,60,1770224400000,57.86,58.22,57.01,57.75,92639.4,5329314.784,1
BYBIT,LTCUSDT,60,1770228000000,57.75,59.06,57.08,58.38,125052.9,7255343.489,1
BYBIT,LTCUSDT,60,1770231600000,58.38,59.61,58.38,59.42,73909.9,4361068.984,1
BYBIT,LTCUSDT,60,1770235200000,59.42,59.5,58.86,58.97,26071.4,1540663.036,1
BYBIT,LTCUSDT,60,1770238800000,58.97,59.18,58.19,58.63,38323.6,2248723.357,1
BYBIT,LTCUSDT,60,1770242400000,58.63,59.42,57.74,58.34,56612.4,3316334.166,1
BYBIT,LTCUSDT,60,1770246000000,58.34,59.14,58.21,58.85,56968.7,3346695.535,1
BYBIT,LTCUSDT,60,1770249600000,58.85,59.24,58.61,59.06,21292.5,1256032.635,1
BYBIT,LTCUSDT,60,1770253200000,59.06,59.44,58.4,58.87,59189.5,3493295.794,1
BYBIT,LTCUSDT,60,1770256800000,58.87,59.27,58.17,58.27,42609.2,2504026.862,1
BYBIT,LTCUSDT,60,1770260400000,58.27,58.69,58.01,58.19,39027.2,2276066.011,1
BYBIT,LTCUSDT,60,1770264000000,58.19,58.52,57.84,58.05,51371.7,2987616.535,1
BYBIT,LTCUSDT,60,1770267600000,58.05,58.62,57.49,58.16,48952.1,2838960.282,1
BYBIT,LTCUSDT,60,1770271200000,58.16,58.19,57.39,57.7,41010.7,2366665.293,1
BYBIT,LTCUSDT,60,1770274800000,57.7,58.31,57.52,57.61,31894.6,1848230.928,1
BYBIT,LTCUSDT,60,1770278400000,57.61,58.33,57.61,57.98,26261.2,1523240.674,1
BYBIT,LTCUSDT,60,1770282000000,57.98,58.59,57.98,58.09,28583.3,1665062.433,1
BYBIT,LTCUSDT,60,1770285600000,58.09,58.15,56.67,56.81,70181.6,4024469.606,1
BYBIT,LTCUSDT,60,1770289200000,56.81,57.09,55.65,56.45,112758.1,6346065.833,1
BYBIT,LTCUSDT,60,1770292800000,56.45,56.7,55.55,55.91,93116.3,5214625.003,1
BYBIT,LTCUSDT,60,1770296400000,55.91,56.29,55.48,55.69,39755.9,2219493.09,1
BYBIT,LTCUSDT,60,1770300000000,55.69,57.24,55.69,56.06,94032.2,5313532.602,1
BYBIT,LTCUSDT,60,1770303600000,56.06,56.26,52.56,53.88,443678.4,24005827.956,1
BYBIT,LTCUSDT,60,1770307200000,53.88,54.92,53.38,54.37,157216.1,8512932.773,1
BYBIT,LTCUSDT,60,1770310800000,54.37,54.59,52.57,53.03,176775.5,9456432.754,1
BYBIT,LTCUSDT,60,1770314400000,53.03,53.56,52.16,53.39,145066.2,7655880.193,1
BYBIT,LTCUSDT,60,1770318000000,53.39,53.5,52.26,52.4,80677.3,4264673.085,1
BYBIT,LTCUSDT,60,1770321600000,52.4,52.83,50.16,50.8,461546.3,23578254.882,1
BYBIT,LTCUSDT,60,1770325200000,50.8,51.98,50.27,50.97,216765.6,11085458.719,1
BYBIT,LTCUSDT,60,1770328800000,50.97,52.09,50.32,51.53,117288.7,6014249.08,1
BYBIT,LTCUSDT,60,1770332400000,51.53,52.61,50.58,50.74,127466.3,6570715.141,1
BYBIT,LTCUSDT,60,1770336000000,50.74,50.99,44.96,49.66,1315170.0,62440761.688,1
BYBIT,LTCUSDT,60,1770339600000,49.66,51.03,49.48,50.87,135088.6,6796228.266,1
BYBIT,LTCUSDT,60,1770343200000,50.87,51.3,49.71,49.92,100239.5,5044973.416,1
BYBIT,LTCUSDT,60,1770346800000,49.92,50.37,49.51,50.03,60139.7,3000621.801,1
BYBIT,LTCUSDT,60,1770350400000,50.03,50.98,49.81,50.83,37526.1,1896422.072,1
BYBIT,LTCUSDT,60,1770354000000,50.83,52.47,50.78,52.25,60988.3,3149122.804,1
BYBIT,LTCUSDT,60,1770357600000,52.25,52.45,50.94,51.05,66551.1,3434705.998,1
BYBIT,LTCUSDT,60,1770361200000,51.05,51.34,50.56,50.93,42543.2,2166154.54,1
BYBIT,LTCUSDT,60,1770364800000,50.93,51.21,50.52,50.79,54531.8,2772834.743,1
BYBIT,LTCUSDT,60,1770368400000,50.79,51.92,50.69,51.73,47081.7,2416610.595,1
BYBIT,LTCUSDT,60,1770372000000,51.73,52.25,51.47,52.18,34193.0,1776523.725,1
BYBIT,LTCUSDT,60,1770375600000,52.18,52.6,52.06,52.49,27431.5,1435083.544,1
BYBIT,LTCUSDT,60,1770379200000,52.49,52.56,52.09,52.54,24317.2,1271562.015,1
BYBIT,LTCUSDT,60,1770382800000,52.54,53.59,52.51,53.34,50332.6,2675657.001,1
BYBIT,LTCUSDT,60,1770386400000,53.34,54.64,53.02,54.28,103147.1,5540491.797,1
BYBIT,LTCUSDT,60,1770390000000,54.28,54.55,53.8,54.34,53881.6,2918192.769,1
BYBIT,LTCUSDT,60,1770393600000,54.34,55.64,54.15,55.27,82287.4,4532806.723,1
BYBIT,LTCUSDT,60,1770397200000,55.27,56.43,55.09,55.56,98168.7,5480330.317,1
BYBIT,LTCUSDT,60,1770400800000,55.56,55.65,54.5,54.82,69302.5,3808322.422,1
BYBIT,LTCUSDT,60,1770404400000,54.82,55.28,54.43,55.16,40501.4,2220818.298,1
BYBIT,LTCUSDT,60,1770408000000,55.16,55.41,54.62,54.88,38857.1,2137594.426,1
BYBIT,LTCUSDT,60,1770411600000,54.88,55.16,54.63,55.01,14566.8,799619.118,1
BYBIT,LTCUSDT,60,1770415200000,55.01,55.74,54.89,55.47,23179.5,1282176.867,1
BYBIT,LTCUSDT,60,1770418800000,55.47,55.64,54.96,54.99,25891.5,1430458.039,1
BYBIT,LTCUSDT,60,1770422400000,54.99,54.99,54.15,54.5,52085.4,2839888.6,1
BYBIT,LTCUSDT,60,1770426000000,54.5,54.86,54.14,54.78,23438.0,1277649.021,1
BYBIT,LTCUSDT,60,1770429600000,54.78,54.87,54.41,54.66,12103.8,661844.229,1
BYBIT,LTCUSDT,60,1770433200000,54.66,55.04,54.57,54.86,27946.5,1532576.928,1
BYBIT,LTCUSDT,60,1770436800000,54.86,55.31,54.52,54.64,31738.2,1743888.286,1
BYBIT,LTCUSDT,60,1770440400000,54.64,54.92,54.41,54.56,25362.8,1386219.7,1
BYBIT,LTCUSDT,60,1770444000000,54.56,54.78,53.72,53.75,40216.7,2186619.276,1
BYBIT,LTCUSDT,60,1770447600000,53.75,53.98,52.82,53.56,116346.4,6209883.396,1
BYBIT,LTCUSDT,60,1770451200000,53.56,54.08,53.46,53.82,36351.5,1955934.198,1
BYBIT,LTCUSDT,60,1770454800000,53.82,54.02,53.1,53.23,35626.3,1903591.585,1
BYBIT,LTCUSDT,60,1770458400000,53.23,53.41,52.99,53.29,23751.2,1263983.362,1
BYBIT,LTCUSDT,60,1770462000000,53.29,53.36,53.08,53.2,17776.0,945588.381,1
BYBIT,LTCUSDT,60,1770465600000,53.2,54.56,53.14,54.08,60245.1,3249543.01,1
BYBIT,LTCUSDT,60,1770469200000,54.08,54.27,53.77,54.03,40770.5,2203034.977,1
BYBIT,LTCUSDT,60,1770472800000,54.03,54.23,53.54,53.74,45629.6,2456364.043,1
BYBIT,LTCUSDT,60,1770476400000,53.74,54.58,53.67,54.35,30727.1,1664976.091,1
BYBIT,LTCUSDT,60,1770480000000,54.35,55.72,54.07,54.84,662193.2,36412155.724,1
BYBIT,LTCUSDT,60,1770483600000,54.84,55.19,54.61,55.07,21791.8,1197002.45,1
BYBIT,LTCUSDT,60,1770487200000,55.07,55.97,55.05,55.72,36538.7,2031789.6,1
BYBIT,LTCUSDT,60,1770490800000,55.72,55.72,55.35,55.42,19042.1,1057188.72,1
BYBIT,LTCUSDT,60,1770494400000,55.42,55.84,55.3,55.78,15612.1,868416.341,1
BYBIT,LTCUSDT,60,1770498000000,55.78,55.89,55.4,55.48,16275.2,904894.931,1
BYBIT,LTCUSDT,60,1770501600000,55.48,55.68,55.3,55.44,15646.9,868486.081,1
BYBIT,LTCUSDT,60,1770505200000,55.44,55.45,54.96,55.16,13551.7,747462.673,1
BYBIT,LTCUSDT,60,1770508800000,55.16,55.21,54.9,55.06,15000.2,825686.928,1
BYBIT,LTCUSDT,60,1770512400000,55.06,55.36,55.04,55.29,9881.0,545874.723,1
BYBIT,LTCUSDT,60,1770516000000,55.29,55.51,54.95,55.13,16489.4,911551.556,1
BYBIT,LTCUSDT,60,1770519600000,55.13,55.24,54.93,54.98,8215.2,452553.822,1
BYBIT,LTCUSDT,60,1770523200000,54.98,55.35,54.89,55.35,19878.3,1096788.096,1
BYBIT,LTCUSDT,60,1770526800000,55.35,55.35,55.12,55.17,10323.0,569833.938,1
BYBIT,LTCUSDT,60,1770530400000,55.17,55.32,55.0,55.07,13569.8,748507.609,1
BYBIT,LTCUSDT,60,1770534000000,55.07,55.09,54.74,54.99,22800.2,1251830.765,1
BYBIT,LTCUSDT,60,1770537600000,54.99,55.89,54.84,55.64,40481.7,2244392.964,1
BYBIT,LTCUSDT,60,1770541200000,55.64,55.73,55.18,55.24,17452.8,967293.758,1
BYBIT,LTCUSDT,60,1770544800000,55.24,55.49,54.83,54.93,25626.2,1412211.804,1
BYBIT,LTCUSDT,60,1770548400000,54.93,55.56,54.87,55.44,25431.2,1406616.542,1
BYBIT,LTCUSDT,60,1770552000000,55.44,55.46,54.9,55.21,20549.0,1132823.64,1
BYBIT,LTCUSDT,60,1770555600000,55.21,55.5,55.03,55.26,30804.9,1700786.104,1
BYBIT,LTCUSDT,60,1770559200000,55.26,55.44,55.13,55.32,18755.7,1037093.251,1
BYBIT,LTCUSDT,60,1770562800000,55.32,55.41,54.63,54.86,30305.0,1665943.311,1
BYBIT,LTCUSDT,60,1770566400000,54.86,54.92,53.63,53.86,47945.6,2601207.61,1
BYBIT,LTCUSDT,60,1770570000000,53.86,54.43,53.83,54.38,15902.7,862033.713,1
BYBIT,LTCUSDT,60,1770573600000,54.38,54.95,54.38,54.69,14101.4,770632.397,1
BYBIT,LTCUSDT,60,1770577200000,54.69,54.95,54.69,54.91,13566.6,743834.151,1
BYBIT,LTCUSDT,60,1770580800000,54.91,54.98,54.34,54.35,11035.1,602625.365,1
BYBIT,LTCUSDT,60,1770584400000,54.35,54.48,53.94,54.06,11013.1,596870.076,1
BYBIT,LTCUSDT,60,1770588000000,54.06,54.55,54.06,54.48,9619.3,522109.967,1
BYBIT,LTCUSDT,60,1770591600000,54.48,55.45,54.03,54.49,46054.4,2518727.285,1
BYBIT,LTCUSDT,60,1770595200000,54.49,54.68,54.15,54.42,12192.9,663593.528,1
BYBIT,LTCUSDT,60,1770598800000,54.42,54.85,54.06,54.35,22672.8,1232988.074,1
BYBIT,LTCUSDT,60,1770602400000,54.35,54.88,54.14,54.6,11840.7,645780.449,1
BYBIT,LTCUSDT,60,1770606000000,54.6,54.99,54.39,54.91,11692.1,640067.212,1
BYBIT,LTCUSDT,60,1770609600000,54.91,54.93,54.69,54.76,8387.1,459806.508,1
BYBIT,LTCUSDT,60,1770613200000,54.76,54.99,54.66,54.87,8875.6,487010.694,1
BYBIT,LTCUSDT,60,1770616800000,54.87,54.87,54.14,54.37,14384.8,782685.748,1
BYBIT,LTCUSDT,60,1770620400000,54.37,54.48,54.0,54.04,12851.1,696403.703,1
BYBIT,LTCUSDT,60,1770624000000,54.04,54.08,53.24,53.42,53557.1,2871301.54,1
BYBIT,LTCUSDT,60,1770627600000,53.42,53.51,53.1,53.22,27227.3,1451601.513,1
BYBIT,LTCUSDT,60,1770631200000,53.22,53.37,52.32,52.43,51228.2,2698868.279,1
BYBIT,LTCUSDT,60,1770634800000,52.43,53.02,52.43,52.95,44150.4,2332551.775,1
BYBIT,LTCUSDT,60,1770638400000,52.95,53.42,52.92,53.28,22094.7,1174753.395,1
BYBIT,LTCUSDT,60,1770642000000,53.28,53.62,53.19,53.19,23874.0,1274955.33,1
BYBIT,LTCUSDT,60,1770645600000,53.19,53.99,53.16,53.76,49167.7,2630169.803,1
BYBIT,LTCUSDT,60,1770649200000,53.76,54.37,53.46,54.36,25737.8,1388015.518,1
BYBIT,LTCUSDT,60,1770652800000,54.36,54.78,53.89,54.39,31911.2,1733475.692,1
BYBIT,LTCUSDT,60,1770656400000,54.39,55.0,54.09,54.84,40191.1,2195365.347,1
BYBIT,LTCUSDT,60,1770660000000,54.84,54.97,54.26,54.66,33380.3,1821029.903,1
BYBIT,LTCUSDT,60,1770663600000,54.66,54.99,54.57,54.93,12395.2,679608.563,1
BYBIT,LTCUSDT,60,1770667200000,54.93,55.07,54.7,54.93,12442.7,682644.654,1
BYBIT,LTCUSDT,60,1770670800000,54.93,54.97,54.21,54.74,26752.1,1458947.096,1
BYBIT,LTCUSDT,60,1770674400000,54.74,54.84,54.47,54.55,7314.9,400022.541,1
BYBIT,LTCUSDT,60,1770678000000,54.55,54.72,54.33,54.41,6694.6,364962.876,1
BYBIT,LTCUSDT,60,1770681600000,54.41,54.55,54.16,54.26,14232.1,774024.352,1
BYBIT,LTCUSDT,60,1770685200000,54.26,54.63,54.22,54.48,6455.2,351481.453,1
BYBIT,LTCUSDT,60,1770688800000,54.48,54.48,54.24,54.31,5054.5,274778.432,1
BYBIT,LTCUSDT,60,1770692400000,54.31,54.36,53.53,53.9,37829.1,2035505.869,1
BYBIT,LTCUSDT,60,1770696000000,53.9,54.17,53.87,54.13,18974.9,1025695.931,1
BYBIT,LTCUSDT,60,1770699600000,54.13,54.14,53.57,53.72,12799.1,688490.941,1
BYBIT,LTCUSDT,60,1770703200000,53.72,53.8,52.93,53.11,40424.9,2151653.36,1
BYBIT,LTCUSDT,60,1770706800000,53.11,53.48,53.03,53.13,20597.7,1096174.773,1
BYBIT,LTCUSDT,60,1770710400000,53.13,53.52,53.13,53.51,13487.1,719303.931,1
BYBIT,LTCUSDT,60,1770714000000,53.51,53.69,53.28,53.4,13392.0,715889.903,1
BYBIT,LTCUSDT,60,1770717600000,53.4,53.55,53.16,53.17,6760.4,360712.482,1
BYBIT,LTCUSDT,60,1770721200000,53.17,53.41,53.03,53.05,13362.2,710742.732,1
BYBIT,LTCUSDT,60,1770724800000,53.05,53.25,52.85,52.89,12146.6,644411.771,1
BYBIT,LTCUSDT,60,1770728400000,52.89,53.36,52.79,53.32,24089.8,1278359.402,1
BYBIT,LTCUSDT,60,1770732000000,53.32,53.77,52.89,53.2,37238.5,1985088.08,1
BYBIT,LTCUSDT,60,1770735600000,53.2,53.63,53.06,53.33,24746.1,1320870.414,1
BYBIT,LTCUSDT,60,1770739200000,53.33,53.71,53.17,53.37,15760.9,842575.296,1
BYBIT,LTCUSDT,60,1770742800000,53.37,53.82,53.14,53.72,21707.0,1161729.517,1
BYBIT,LTCUSDT,60,1770746400000,53.72,53.75,52.82,53.03,26857.0,1428673.25,1
BYBIT,LTCUSDT,60,1770750000000,53.03,53.36,52.83,53.24,13112.6,696470.5,1
BYBIT,LTCUSDT,60,1770753600000,53.24,53.41,53.09,53.25,15378.9,818726.527,1
BYBIT,LTCUSDT,60,1770757200000,53.25,53.38,52.95,53.1,15941.3,847050.343,1
BYBIT,LTCUSDT,60,1770760800000,53.1,53.39,53.1,53.18,12224.7,650343.157,1
BYBIT,LTCUSDT,60,1770764400000,53.18,53.39,53.13,53.34,6765.1,360324.935,1
BYBIT,LTCUSDT,60,1770768000000,53.34,53.48,53.2,53.44,10345.5,551748.552,1
BYBIT,LTCUSDT,60,1770771600000,53.44,53.54,53.29,53.47,8536.1,455894.452,1
BYBIT,LTCUSDT,60,1770775200000,53.47,53.69,53.29,53.29,19815.4,1061420.454,1
BYBIT,LTCUSDT,60,1770778800000,53.29,53.39,52.81,53.08,17478.6,928469.961,1
BYBIT,LTCUSDT,60,1770782400000,53.08,53.16,52.42,52.6,44954.4,2369960.652,1
BYBIT,LTCUSDT,60,1770786000000,52.6,52.8,52.44,52.47,10242.5,539287.738,1
BYBIT,LTCUSDT,60,1770789600000,52.47,52.56,51.91,52.08,56189.6,2931376.385,1
BYBIT,LTCUSDT,60,1770793200000,52.08,52.23,51.9,52.01,17165.4,894601.067,1
BYBIT,LTCUSDT,60,1770796800000,52.01,52.06,51.81,51.94,18438.3,957306.685,1
BYBIT,LTCUSDT,60,1770800400000,51.94,52.3,51.91,52.05,13408.6,698245.147,1
BYBIT,LTCUSDT,60,1770804000000,52.05,52.06,51.56,51.72,30713.4,1588779.981,1
BYBIT,LTCUSDT,60,1770807600000,51.72,52.1,51.64,52.09,16966.3,880856.6,1
BYBIT,LTCUSDT,60,1770811200000,52.09,52.47,52.02,52.21,21302.0,1113425.624,1
BYBIT,LTCUSDT,60,1770814800000,52.21,52.57,51.94,52.49,38682.2,2020431.682,1
BYBIT,LTCUSDT,60,1770818400000,52.49,53.47,51.49,51.69,127349.1,6689111.769,1
BYBIT,LTCUSDT,60,1770822000000,51.69,51.91,50.96,51.21,84968.0,4365858.935,1
BYBIT,LTCUSDT,60,1770825600000,51.21,52.03,51.13,51.21,40138.4,2068704.656,1
BYBIT,LTCUSDT,60,1770829200000,51.21,51.91,51.06,51.63,29506.9,1519989.343,1
BYBIT,LTCUSDT,60,1770832800000,51.63,52.52,51.41,52.32,35989.5,1876061.849,1
BYBIT,LTCUSDT,60,1770836400000,52.32,52.52,52.06,52.22,28663.1,1498315.614,1
BYBIT,LTCUSDT,60,1770840000000,52.22,52.38,51.88,52.23,19531.6,1018450.925,1
BYBIT,LTCUSDT,60,1770843600000,52.23,52.88,52.17,52.64,23350.3,1228053.1,1
BYBIT,LTCUSDT,60,1770847200000,52.64,52.74,52.26,52.33,17618.5,926232.211,1
BYBIT,LTCUSDT,60,1770850800000,52.33,52.51,51.95,52.28,20666.9,1078390.197,1
BYBIT,LTCUSDT,60,1770854400000,52.28,52.86,52.28,52.71,16951.0,891317.261,1
BYBIT,LTCUSDT,60,1770858000000,52.71,53.13,52.7,52.83,16732.5,885052.63,1
BYBIT,LTCUSDT,60,1770861600000,52.83,52.9,52.59,52.71,15530.1,818664.887,1
BYBIT,LTCUSDT,60,1770865200000,52.71,52.85,52.53,52.83,12155.0,640036.051,1
BYBIT,LTCUSDT,60,1770868800000,52.83,52.99,52.7,52.82,14246.3,752652.395,1
BYBIT,LTCUSDT,60,1770872400000,52.82,52.96,52.58,52.93,13433.2,709479.034,1
BYBIT,LTCUSDT,60,1770876000000,52.93,53.33,52.9,53.18,10250.1,544820.243,1
BYBIT,LTCUSDT,60,1770879600000,53.18,53.3,52.98,53.28,8208.3,436130.02,1
BYBIT,LTCUSDT,60,1770883200000,53.28,53.49,53.06,53.21,8714.1,464270.085,1
BYBIT,LTCUSDT,60,1770886800000,53.21,53.59,53.08,53.48,17950.6,959183.405,1
BYBIT,LTCUSDT,60,1770890400000,53.48,53.74,53.25,53.71,16344.4,873880.729,1
BYBIT,LTCUSDT,60,1770894000000,53.71,53.79,53.32,53.36,25363.0,1357807.862,1
BYBIT,LTCUSDT,60,1770897600000,53.36,53.41,52.85,52.97,19876.6,1055073.051,1
BYBIT,LTCUSDT,60,1770901200000,52.97,53.32,52.69,53.26,26550.0,1405911.468,1
BYBIT,LTCUSDT,60,1770904800000,53.26,53.35,52.94,53.18,22170.6,1177869.301,1
BYBIT,LTCUSDT,60,1770908400000,53.18,53.39,52.68,52.81,50594.3,2678411.335,1
BYBIT,LTCUSDT,60,1770912000000,52.81,52.87,51.49,51.69,100823.7,5253310.84,1
BYBIT,LTCUSDT,60,1770915600000,51.69,52.19,51.5,51.59,23103.6,1197777.948,1
BYBIT,LTCUSDT,60,1770919200000,51.59,52.16,51.53,52.03,17994.2,932422.249,1
BYBIT,LTCUSDT,60,1770922800000,52.03,52.77,51.77,52.35,15055.9,788212.678,1
BYBIT,LTCUSDT,60,1770926400000,52.35,52.5,51.78,51.92,11317.9,590329.94,1
BYBIT,LTCUSDT,60,1770930000000,51.92,52.39,51.91,52.28,10670.5,556276.428,1
BYBIT,LTCUSDT,60,1770933600000,52.28,52.89,52.2,52.85,9341.8,490505.181,1
BYBIT,LTCUSDT,60,1770937200000,52.85,53.25,52.78,53.12,42725.3,2266324.308,1
BYBIT,LTCUSDT,60,1770940800000,53.12,53.32,52.75,52.9,23258.2,1232029.863,1
BYBIT,LTCUSDT,60,1770944400000,52.9,53.26,52.88,53.08,9084.0,482239.277,1
BYBIT,LTCUSDT,60,1770948000000,53.08,53.2,52.79,53.12,17015.1,901305.481,1
BYBIT,LTCUSDT,60,1770951600000,53.12,53.2,52.91,53.03,6615.5,351095.154,1
BYBIT,LTCUSDT,60,1770955200000,53.03,53.03,52.79,52.92,13691.9,724653.306,1
BYBIT,LTCUSDT,60,1770958800000,52.92,52.94,52.58,52.58,9312.5,490936.52,1
BYBIT,LTCUSDT,60,1770962400000,52.58,52.81,52.34,52.78,11797.8,619757.95,1
BYBIT,LTCUSDT,60,1770966000000,52.78,53.02,52.66,52.82,7783.8,411378.788,1
BYBIT,LTCUSDT,60,1770969600000,52.82,53.42,52.78,53.33,12116.3,644262.11,1
BYBIT,LTCUSDT,60,1770973200000,53.33,53.34,53.1,53.23,10075.5,535935.667,1
BYBIT,LTCUSDT,60,1770976800000,53.23,53.47,53.14,53.37,12698.0,677119.601,1
BYBIT,LTCUSDT,60,1770980400000,53.37,53.51,53.1,53.49,13214.8,703817.158,1
BYBIT,LTCUSDT,60,1770984000000,53.49,53.54,53.23,53.44,19352.9,1032741.062,1
BYBIT,LTCUSDT,60,1770987600000,53.44,53.71,53.21,53.62,39657.7,2118867.01,1
BYBIT,LTCUSDT,60,1770991200000,53.62,53.99,52.92,53.74,64890.2,3469069.132,1
BYBIT,LTCUSDT,60,1770994800000,53.74,54.79,53.65,54.33,67554.4,3668219.798,1
BYBIT,LTCUSDT,60,1770998400000,54.33,55.5,54.21,55.09,51861.4,2851521.922,1
BYBIT,LTCUSDT,60,1771002000000,55.09,55.11,54.78,54.78,22000.1,1208315.6,1
BYBIT,LTCUSDT,60,1771005600000,54.78,55.06,54.57,54.93,24461.8,1340450.508,1
BYBIT,LTCUSDT,60,1771009200000,54.93,55.23,54.85,55.08,24607.4,1354706.414,1
BYBIT,LTCUSDT,60,1771012800000,55.08,55.34,54.91,55.33,15645.8,862298.519,1
BYBIT,LTCUSDT,60,1771016400000,55.33,55.66,55.29,55.53,18528.3,1027907.004,1
BYBIT,LTCUSDT,60,1771020000000,55.53,55.62,55.12,55.25,17571.8,972341.036,1
BYBIT,LTCUSDT,60,1771023600000,55.25,55.25,54.98,55.0,10116.1,556929.143,1
BYBIT,LTCUSDT,60,1771027200000,55.0,55.41,54.82,55.35,13664.1,752422.758,1
BYBIT,LTCUSDT,60,1771030800000,55.35,55.4,55.17,55.31,14259.3,788508.669,1
BYBIT,LTCUSDT,60,1771034400000,55.31,55.4,55.09,55.13,12283.1,678278.877,1
BYBIT,LTCUSDT,60,1771038000000,55.13,55.35,55.08,55.3,9264.6,511372.841,1
BYBIT,LTCUSDT,60,1771041600000,55.3,55.3,55.11,55.24,6491.2,358596.922,1
BYBIT,LTCUSDT,60,1771045200000,55.24,55.4,55.08,55.14,6359.5,351172.981,1
BYBIT,LTCUSDT,60,1771048800000,55.14,55.17,54.93,55.08,4651.1,256063.057,1
BYBIT,LTCUSDT,60,1771052400000,55.08,55.35,55.07,55.27,14362.5,792895.744,1
BYBIT,LTCUSDT,60,1771056000000,55.27,55.76,55.23,55.61,25489.0,1415816.232,1
BYBIT,LTCUSDT,60,1771059600000,55.61,55.68,55.47,55.59,13162.0,731538.925,1
BYBIT,LTCUSDT,60,1771063200000,55.59,55.59,55.3,55.32,12181.5,674596.436,1
BYBIT,LTCUSDT,60,1771066800000,55.32,55.87,55.25,55.73,27492.3,1528797.758,1
BYBIT,LTCUSDT,60,1771070400000,55.73,55.74,55.21,55.26,17123.2,950177.148,1
BYBIT,LTCUSDT,60,1771074000000,55.26,55.38,54.98,55.33,24870.7,1371838.524,1
BYBIT,LTCUSDT,60,1771077600000,55.33,56.2,55.27,56.17,28566.1,1595711.221,1
BYBIT,LTCUSDT,60,1771081200000,56.17,56.28,55.81,56.08,34161.0,1913318.369,1
BYBIT,LTCUSDT,60,1771084800000,56.08,56.51,55.82,56.41,16399.9,921146.052,1
BYBIT,LTCUSDT,60,1771088400000,56.41,56.62,55.91,55.93,22631.1,1273338.941,1
BYBIT,LTCUSDT,60,1771092000000,55.93,56.19,55.76,56.05,17344.9,971191.677,1
BYBIT,LTCUSDT,60,1771095600000,56.05,56.47,55.83,56.34,13873.9,779414.624,1
BYBIT,LTCUSDT,60,1771099200000,56.34,56.47,55.92,56.27,17263.0,970162.171,1
BYBIT,LTCUSDT,60,1771102800000,56.27,56.59,55.87,56.15,19004.4,1069311.582,1
BYBIT,LTCUSDT,60,1771106400000,56.15,56.41,56.06,56.29,7612.1,428279.382,1
BYBIT,LTCUSDT,60,1771110000000,56.29,56.36,55.91,55.94,12383.2,694635.335,1
BYBIT,LTCUSDT,60,1771113600000,55.94,55.99,55.43,55.73,32015.7,1784218.512,1
BYBIT,LTCUSDT,60,1771117200000,55.73,56.0,55.38,55.84,16819.4,936216.214,1
BYBIT,LTCUSDT,60,1771120800000,55.84,55.97,55.41,55.77,12854.3,715808.796,1
BYBIT,LTCUSDT,60,1771124400000,55.77,55.93,55.16,55.84,20655.6,1147644.097,1
BYBIT,LTCUSDT,60,1771128000000,55.84,56.44,55.84,55.95,24853.4,1392643.473,1
BYBIT,LTCUSDT,60,1771131600000,55.95,56.31,55.9,56.2,15811.1,886725.932,1
BYBIT,LTCUSDT,60,1771135200000,56.2,56.35,55.88,55.98,13097.1,735401.839,1
BYBIT,LTCUSDT,60,1771138800000,55.98,56.64,55.94,56.45,20483.3,1154672.347,1
BYBIT,LTCUSDT,60,1771142400000,56.45,56.53,55.28,55.72,42447.3,2371532.488,1
BYBIT,LTCUSDT,60,1771146000000,55.72,56.28,55.63,56.17,16919.4,948852.77,1
BYBIT,LTCUSDT,60,1771149600000,56.17,56.18,55.62,55.95,16954.1,946874.247,1
BYBIT,LTCUSDT,60,1771153200000,55.95,56.21,55.8,55.88,12513.5,700555.226,1
BYBIT,LTCUSDT,60,1771156800000,55.88,55.93,54.73,54.79,52690.2,2908711.639,1
BYBIT,LTCUSDT,60,1771160400000,54.79,55.3,54.3,54.43,72485.8,3971706.865,1
BYBIT,LTCUSDT,60,1771164000000,54.43,55.05,54.42,55.04,31020.0,1699102.275,1
BYBIT,LTCUSDT,60,1771167600000,55.04,55.25,54.97,55.02,11394.8,627838.666,1
BYBIT,LTCUSDT,60,1771171200000,55.02,55.24,54.68,55.15,26205.8,1440925.241,1
BYBIT,LTCUSDT,60,1771174800000,55.15,55.28,54.32,54.73,45919.9,2512172.572,1
BYBIT,LTCUSDT,60,1771178400000,54.73,54.8,54.31,54.45,29466.9,1606747.576,1
BYBIT,LTCUSDT,60,1771182000000,54.45,54.83,54.19,54.49,48175.7,2622191.572,1
BYBIT,LTCUSDT,60,1771185600000,54.49,54.61,54.26,54.54,15605.1,849559.011,1
BYBIT,LTCUSDT,60,1771189200000,54.54,54.97,54.54,54.77,12594.4,690413.697,1
BYBIT,LTCUSDT,60,1771192800000,54.77,55.13,54.72,55.04,17956.1,987372.667,1
BYBIT,LTCUSDT,60,1771196400000,55.04,55.08,54.54,55.04,9246.5,506630.483,1
BYBIT,LTCUSDT,60,1771200000000,55.04,55.3,54.86,55.11,22822.2,1257391.939,1
BYBIT,LTCUSDT,60,1771203600000,55.11,55.26,54.86,55.08,9730.8,535943.772,1
BYBIT,LTCUSDT,60,1771207200000,55.08,55.22,54.35,54.43,20690.4,1129846.582,1
BYBIT,LTCUSDT,60,1771210800000,54.43,54.57,54.28,54.44,17639.7,960421.349,1
BYBIT,LTCUSDT,60,1771214400000,54.44,54.7,54.37,54.67,13207.8,720535.033,1
BYBIT,LTCUSDT,60,1771218000000,54.67,54.75,53.7,53.85,80684.0,4362847.737,1
BYBIT,LTCUSDT,60,1771221600000,53.85,54.17,53.75,54.1,9041.2,488156.704,1
BYBIT,LTCUSDT,60,1771225200000,54.1,54.26,53.95,54.15,10939.7,592082.866,1
BYBIT,LTCUSDT,60,1771228800000,54.15,54.46,54.08,54.41,12304.0,667852.666,1
BYBIT,LTCUSDT,60,1771232400000,54.41,54.68,54.39,54.52,23948.1,1305824.953,1
BYBIT,LTCUSDT,60,1771236000000,54.52,54.52,54.15,54.19,13869.2,752787.025,1
BYBIT,LTCUSDT,60,1771239600000,54.19,54.25,53.34,53.88,47686.6,2563863.038,1
BYBIT,LTCUSDT,60,1771243200000,53.88,54.67,53.74,54.63,48745.1,2649891.028,1
BYBIT,LTCUSDT,60,1771246800000,54.63,54.89,53.71,53.86,71006.0,3841409.696,1
BYBIT,LTCUSDT,60,1771250400000,53.86,54.63,53.8,54.25,53891.7,2920233.504,1
BYBIT,LTCUSDT,60,1771254000000,54.25,54.48,53.35,53.57,43977.0,2363602.67,1
BYBIT,LTCUSDT,60,1771257600000,53.57,53.99,53.31,53.55,38308.9,2053017.593,1
BYBIT,LTCUSDT,60,1771261200000,53.55,53.91,53.48,53.73,12074.1,647966.648,1
BYBIT,LTCUSDT,60,1771264800000,53.73,54.1,53.73,53.92,29725.8,1604102.168,1
BYBIT,LTCUSDT,60,1771268400000,53.92,54.34,53.81,54.19,10799.0,584115.417,1
BYBIT,LTCUSDT,60,1771272000000,54.19,54.95,54.13,54.87,25372.0,1385714.604,1
BYBIT,LTCUSDT,60,1771275600000,54.87,55.63,54.68,55.48,34500.3,1903549.967,1
BYBIT,LTCUSDT,60,1771279200000,55.48,55.49,54.91,54.97,29734.2,1639251.416,1
BYBIT,LTCUSDT,60,1771282800000,54.97,55.18,54.92,55.1,6321.9,348007.232,1
BYBIT,LTCUSDT,60,1771286400000,55.1,55.19,54.93,55.04,13671.7,752705.493,1
BYBIT,LTCUSDT,60,1771290000000,55.04,55.2,54.79,54.84,8310.4,457222.177,1
BYBIT,LTCUSDT,60,1771293600000,54.84,55.41,54.64,55.31,11787.0,649638.633,1
BYBIT,LTCUSDT,60,1771297200000,55.31,55.35,55.07,55.11,9086.5,501583.4,1
BYBIT,LTCUSDT,60,1771300800000,55.11,55.45,54.99,55.24,7747.9,428012.151,1
BYBIT,LTCUSDT,60,1771304400000,55.24,55.3,54.65,55.02,11808.2,648919.296,1
BYBIT,LTCUSDT,60,1771308000000,55.02,55.45,55.02,55.38,14414.7,797287.974,1
BYBIT,LTCUSDT,60,1771311600000,55.38,55.63,55.11,55.49,10752.4,595442.861,1
BYBIT,LTCUSDT,60,1771315200000,55.49,55.83,55.21,55.29,32604.4,1812002.491,1
BYBIT,LTCUSDT,60,1771318800000,55.29,55.34,54.83,55.02,13975.8,768944.095,1
BYBIT,LTCUSDT,60,1771322400000,55.02,55.07,54.54,54.94,17800.1,973952.6,1
BYBIT,LTCUSDT,60,1771326000000,54.94,55.09,54.78,54.96,11136.2,611896.59,1
BYBIT,LTCUSDT,60,1771329600000,54.96,55.18,54.67,54.73,13129.5,721155.934,1
BYBIT,LTCUSDT,60,1771333200000,54.73,55.07,54.64,54.99,13694.5,751027.752,1
BYBIT,LTCUSDT,60,1771336800000,54.99,55.14,53.72,53.95,65490.2,3555967.41,1
BYBIT,LTCUSDT,60,1771340400000,53.95,54.09,53.14,53.77,68635.3,3677226.8,1
BYBIT,LTCUSDT,60,1771344000000,53.77,54.7,53.75,54.16,25155.3,1364650.072,1
BYBIT,LTCUSDT,60,1771347600000,54.16,54.4,53.71,53.96,22438.8,1211862.022,1
BYBIT,LTCUSDT,60,1771351200000,53.96,54.86,53.85,54.58,32550.6,1771898.627,1
BYBIT,LTCUSDT,60,1771354800000,54.58,54.64,54.1,54.21,20449.7,1111117.11,1
BYBIT,LTCUSDT,60,1771358400000,54.21,54.3,53.84,54.15,16219.0,877554.66,1
BYBIT,LTCUSDT,60,1771362000000,54.15,54.44,54.09,54.43,9955.6,540290.935,1
BYBIT,LTCUSDT,60,1771365600000,54.43,54.46,53.95,53.95,12070.7,654607.625,1
BYBIT,LTCUSDT,60,1771369200000,53.95,54.02,53.77,53.9,10156.0,547460.908,1
BYBIT,LTCUSDT,60,1771372800000,53.9,54.01,53.78,53.84,8523.0,459296.585,1
BYBIT,LTCUSDT,60,1771376400000,53.84,53.92,53.55,53.84,15332.9,823801.552,1
BYBIT,LTCUSDT,60,1771380000000,53.84,54.23,53.84,54.05,13014.6,704136.017,1
BYBIT,LTCUSDT,60,1771383600000,54.05,54.33,54.02,54.24,5609.0,304039.934,1
BYBIT,LTCUSDT,60,1771387200000,54.24,54.34,54.03,54.15,7042.5,381310.935,1
BYBIT,LTCUSDT,60,1771390800000,54.15,54.35,54.1,54.2,8371.4,453592.524,1
BYBIT,LTCUSDT,60,1771394400000,54.2,54.38,54.13,54.22,4130.0,224073.785,1
BYBIT,LTCUSDT,60,1771398000000,54.22,54.55,54.06,54.41,18347.8,997438.726,1
BYBIT,LTCUSDT,60,1771401600000,54.41,54.73,54.27,54.33,15235.6,829964.687,1
BYBIT,LTCUSDT,60,1771405200000,54.33,54.36,54.17,54.23,11350.8,616060.236,1
BYBIT,LTCUSDT,60,1771408800000,54.23,54.25,53.94,54.1,17656.0,954666.157,1
BYBIT,LTCUSDT,60,1771412400000,54.1,54.14,53.64,53.88,24056.6,1296592.868,1
BYBIT,LTCUSDT,60,1771416000000,53.88,54.05,53.77,53.89,12180.1,656860.432,1
BYBIT,LTCUSDT,60,1771419600000,53.89,54.19,53.56,53.79,32340.6,1743564.645,1
BYBIT,LTCUSDT,60,1771423200000,53.79,53.92,53.39,53.87,47603.0,2551926.935,1
BYBIT,LTCUSDT,60,1771426800000,53.87,54.91,53.85,54.47,63071.3,3428038.36,1
BYBIT,LTCUSDT,60,1771430400000,54.47,54.51,53.89,54.18,29717.6,1609418.46,1
BYBIT,LTCUSDT,60,1771434000000,54.18,54.58,53.91,53.96,13319.1,721906.568,1
BYBIT,LTCUSDT,60,1771437600000,53.96,54.02,53.28,53.33,55028.1,2947786.952,1
BYBIT,LTCUSDT,60,1771441200000,53.33,53.57,52.92,53.18,40043.5,2130890.216,1
BYBIT,LTCUSDT,60,1771444800000,53.18,53.43,53.07,53.09,18463.1,982497.736,1
BYBIT,LTCUSDT,60,1771448400000,53.09,53.34,52.93,53.12,12586.0,668303.908,1
BYBIT,LTCUSDT,60,1771452000000,53.12,53.21,52.91,53.17,11904.4,631615.576,1
BYBIT,LTCUSDT,60,1771455600000,53.17,53.3,53.02,53.28,11576.3,615209.426,1
BYBIT,LTCUSDT,60,1771459200000,53.28,53.37,53.03,53.12,8269.6,440130.222,1
BYBIT,LTCUSDT,60,1771462800000,53.12,53.59,53.12,53.58,13544.9,723912.639,1
BYBIT,LTCUSDT,60,1771466400000,53.58,53.65,53.13,53.35,12834.4,684905.04,1
BYBIT,LTCUSDT,60,1771470000000,53.35,53.55,53.24,53.53,5144.1,274861.752,1
BYBIT,LTCUSDT,60,1771473600000,53.53,53.68,53.49,53.51,8814.2,472260.655,1
BYBIT,LTCUSDT,60,1771477200000,53.51,53.53,53.12,53.28,17879.0,953091.141,1
BYBIT,LTCUSDT,60,1771480800000,53.28,53.47,53.13,53.27,40931.4,2181911.478,1
BYBIT,LTCUSDT,60,1771484400000,53.27,53.47,53.2,53.34,13802.2,735702.928,1
BYBIT,LTCUSDT,60,1771488000000,53.34,53.34,52.65,52.78,49182.6,2599824.638,1
BYBIT,LTCUSDT,60,1771491600000,52.78,53.08,52.73,52.77,25490.2,1347019.431,1
BYBIT,LTCUSDT,60,1771495200000,52.77,52.88,52.53,52.63,21981.7,1158339.573,1
BYBIT,LTCUSDT,60,1771498800000,52.63,52.82,52.47,52.52,11876.0,624245.631,1
BYBIT,LTCUSDT,60,1771502400000,52.52,52.57,52.26,52.31,23684.2,1241543.794,1
BYBIT,LTCUSDT,60,1771506000000,52.31,52.35,51.57,51.87,72565.3,3770146.748,1
BYBIT,LTCUSDT,60,1771509600000,51.87,52.25,51.63,51.98,42442.7,2203833.09,1
BYBIT,LTCUSDT,60,1771513200000,51.98,52.2,51.44,51.79,40489.4,2093358.615,1
BYBIT,LTCUSDT,60,1771516800000,51.79,52.06,51.38,51.8,25988.5,1345215.836,1
BYBIT,LTCUSDT,60,1771520400000,51.8,52.48,51.75,51.95,19756.9,1029520.302,1
BYBIT,LTCUSDT,60,1771524000000,51.95,52.78,51.87,52.63,24784.7,1299982.128,1
BYBIT,LTCUSDT,60,1771527600000,52.63,52.68,52.33,52.59,17019.8,893442.551,1
BYBIT,LTCUSDT,60,1771531200000,52.59,52.73,52.39,52.61,13825.6,726701.3,1
BYBIT,LTCUSDT,60,1771534800000,52.61,52.64,52.44,52.48,8630.3,453401.096,1
BYBIT,LTCUSDT,60,1771538400000,52.48,52.69,52.35,52.55,6835.4,358987.563,1
BYBIT,LTCUSDT,60,1771542000000,52.55,52.72,52.54,52.66,4661.1,245420.982,1
BYBIT,LTCUSDT,60,1771545600000,52.66,53.06,52.62,52.87,30286.4,1601861.085,1
BYBIT,LTCUSDT,60,1771549200000,52.87,53.11,52.84,53.05,5714.7,302749.095,1
BYBIT,LTCUSDT,60,1771552800000,53.05,53.19,53.0,53.03,5500.1,292134.29,1
BYBIT,LTCUSDT,60,1771556400000,53.03,53.32,52.97,53.21,7013.5,372925.052,1
BYBIT,LTCUSDT,60,1771560000000,53.21,53.24,52.83,53.12,11507.3,610586.049,1
BYBIT,LTCUSDT,60,1771563600000,53.12,53.62,52.96,53.4,15733.7,839164.246,1
BYBIT,LTCUSDT,60,1771567200000,53.4,53.52,53.24,53.44,10957.1,584739.552,1
BYBIT,LTCUSDT,60,1771570800000,53.44,53.66,53.41,53.49,6840.0,366174.736,1
BYBIT,LTCUSDT,60,1771574400000,53.49,53.63,53.4,53.6,8605.4,460148.922,1
BYBIT,LTCUSDT,60,1771578000000,53.6,54.06,53.59,54.01,13553.0,729350.267,1
BYBIT,LTCUSDT,60,1771581600000,54.01,54.28,53.74,53.76,18302.7,989368.332,1
BYBIT,LTCUSDT,60,1771585200000,53.76,53.77,53.43,53.56,43462.4,2327906.065,1
BYBIT,LTCUSDT,60,1771588800000,53.56,53.74,53.43,53.49,20852.5,1117218.822,1
BYBIT,LTCUSDT,60,1771592400000,53.49,53.58,52.69,52.98,41709.2,2214434.696,1
BYBIT,LTCUSDT,60,1771596000000,52.98,54.0,52.92,53.72,86518.7,4628998.953,1
BYBIT,LTCUSDT,60,1771599600000,53.72,54.93,53.7,54.86,93047.1,5066016.227,1
BYBIT,LTCUSDT,60,1771603200000,54.86,55.43,54.57,55.16,88910.0,4896751.136,1
BYBIT,LTCUSDT,60,1771606800000,55.16,55.28,54.22,55.2,64456.4,3530688.466,1
BYBIT,LTCUSDT,60,1771610400000,55.2,55.35,54.81,55.24,36016.1,1986336.424,1
BYBIT,LTCUSDT,60,1771614000000,55.24,55.36,54.78,54.92,18959.0,1042529.403,1
BYBIT,LTCUSDT,60,1771617600000,54.92,55.3,54.89,55.09,20724.7,1142160.265,1
BYBIT,LTCUSDT,60,1771621200000,55.09,55.27,55.03,55.22,8475.0,467287.061,1
BYBIT,LTCUSDT,60,1771624800000,55.22,55.4,55.0,55.27,11326.2,625049.878,1
BYBIT,LTCUSDT,60,1771628400000,55.27,55.33,55.05,55.17,11239.3,620591.874,1
BYBIT,LTCUSDT,60,1771632000000,55.17,55.32,54.77,54.85,20212.5,1111988.433,1
BYBIT,LTCUSDT,60,1771635600000,54.85,55.13,54.85,55.03,7070.6,388736.32,1
BYBIT,LTCUSDT,60,1771639200000,55.03,55.23,54.98,55.19,4240.8,233765.994,1
BYBIT,LTCUSDT,60,1771642800000,55.19,55.2,54.88,55.03,7445.9,409667.779,1
BYBIT,LTCUSDT,60,1771646400000,55.03,55.03,54.85,54.99,4254.3,233679.096,1
BYBIT,LTCUSDT,60,1771650000000,54.99,55.22,54.97,55.11,3810.9,209893.205,1
BYBIT,LTCUSDT,60,1771653600000,55.11,55.18,55.0,55.11,5199.1,286494.03,1
BYBIT,LTCUSDT,60,1771657200000,55.11,55.12,54.94,55.03,3995.7,219878.196,1
BYBIT,LTCUSDT,60,1771660800000,55.03,55.57,55.01,55.5,15079.3,834741.486,1
BYBIT,LTCUSDT,60,1771664400000,55.5,55.58,55.06,55.06,31046.1,1718881.126,1
BYBIT,LTCUSDT,60,1771668000000,55.06,55.19,54.94,55.01,12300.2,677351.493,1
BYBIT,LTCUSDT,60,1771671600000,55.01,55.19,54.88,55.02,14138.3,777980.789,1
BYBIT,LTCUSDT,60,1771675200000,55.02,55.2,54.89,55.13,17492.1,963150.273,1
BYBIT,LTCUSDT,60,1771678800000,55.13,55.36,55.02,55.35,7363.1,406422.416,1
BYBIT,LTCUSDT,60,1771682400000,55.35,55.69,55.27,55.45,28441.8,1576884.062,1
BYBIT,LTCUSDT,60,1771686000000,55.45,55.82,55.35,55.65,24354.5,1354591.807,1
BYBIT,LTCUSDT,60,1771689600000,55.65,55.95,55.18,55.38,88585.8,4921171.367,1
BYBIT,LTCUSDT,60,1771693200000,55.38,55.54,55.2,55.29,17320.2,958290.417,1
BYBIT,LTCUSDT,60,1771696800000,55.29,55.46,55.27,55.43,11305.7,626028.292,1
BYBIT,LTCUSDT,60,1771700400000,55.43,55.44,55.08,55.22,10590.1,584889.655,1
BYBIT,LTCUSDT,60,1771704000000,55.22,55.35,55.05,55.09,13905.8,767783.712,1
BYBIT,LTCUSDT,60,1771707600000,55.09,55.13,54.96,55.06,10704.5,589194.214,1
BYBIT,LTCUSDT,60,1771711200000,55.06,55.13,54.83,54.89,16616.3,913187.458,1
BYBIT,LTCUSDT,60,1771714800000,54.89,54.99,54.82,54.86,4729.4,259639.364,1
BYBIT,LTCUSDT,60,1771718400000,54.86,54.91,54.47,54.61,23101.7,1262567.638,1
BYBIT,LTCUSDT,60,1771722000000,54.61,54.76,54.51,54.66,7761.1,424024.608,1
BYBIT,LTCUSDT,60,1771725600000,54.66,54.75,54.35,54.4,8432.2,459714.395,1
BYBIT,LTCUSDT,60,1771729200000,54.4,54.53,54.29,54.47,10545.4,573789.529,1
BYBIT,LTCUSDT,60,1771732800000,54.47,54.59,54.42,54.52,4770.3,259978.098,1
BYBIT,LTCUSDT,60,1771736400000,54.52,54.59,54.25,54.33,6750.6,367515.914,1
BYBIT,LTCUSDT,60,1771740000000,54.33,54.65,54.3,54.46,8807.2,479901.224,1
BYBIT,LTCUSDT,60,1771743600000,54.46,54.81,54.43,54.69,11564.2,632390.667,1
BYBIT,LTCUSDT,60,1771747200000,54.69,54.77,54.5,54.56,9828.6,536727.091,1
BYBIT,LTCUSDT,60,1771750800000,54.56,54.71,54.52,54.65,5116.6,279544.853,1
BYBIT,LTCUSDT,60,1771754400000,54.65,54.86,54.59,54.61,9644.3,527842.268,1
BYBIT,LTCUSDT,60,1771758000000,54.61,54.74,54.6,54.62,5724.3,312916.235,1
BYBIT,LTCUSDT,60,1771761600000,54.62,54.64,53.97,54.04,26614.1,1443424.107,1
BYBIT,LTCUSDT,60,1771765200000,54.04,54.06,53.5,53.54,39154.2,2101292.709,1
BYBIT,LTCUSDT,60,1771768800000,53.54,53.55,53.09,53.18,60107.3,3206984.336,1
BYBIT,LTCUSDT,60,1771772400000,53.18,53.44,52.94,53.29,46475.7,2469453.517,1
BYBIT,LTCUSDT,60,1771776000000,53.29,53.59,53.21,53.56,12959.6,690955.114,1
BYBIT,LTCUSDT,60,1771779600000,53.56,53.57,53.07,53.24,13682.6,728944.593,1
BYBIT,LTCUSDT,60,1771783200000,53.24,53.38,53.15,53.24,12174.6,648574.662,1
BYBIT,LTCUSDT,60,1771786800000,53.24,53.28,53.04,53.18,11359.5,604022.321,1
BYBIT,LTCUSDT,60,1771790400000,53.18,53.26,52.91,53.05,14634.4,777121.832,1
BYBIT,LTCUSDT,60,1771794000000,53.05,53.37,53.02,53.34,9049.3,481567.671,1
BYBIT,LTCUSDT,60,1771797600000,53.34,53.56,53.31,53.44,12568.0,671227.922,1
BYBIT,LTCUSDT,60,1771801200000,53.44,53.52,53.26,53.43,4472.8,238713.092,1
BYBIT,LTCUSDT,60,1771804800000,53.43,53.5,52.97,52.99,13217.8,704262.545,1
BYBIT,LTCUSDT,60,1771808400000,52.99,52.99,50.84,50.98,172899.8,8949216.38,1
BYBIT,LTCUSDT,60,1771812000000,50.98,51.35,50.88,51.15,38262.2,1956395.533,1
BYBIT,LTCUSDT,60,1771815600000,51.15,51.46,51.13,51.32,16529.7,848091.603,1
BYBIT,LTCUSDT,60,1771819200000,51.32,51.36,50.96,51.06,18477.2,945610.698,1
BYBIT,LTCUSDT,60,1771822800000,51.06,51.51,51.05,51.37,17319.2,889333.177,1
BYBIT,LTCUSDT,60,1771826400000,51.37,52.13,51.32,52.06,23676.2,1227890.237,1
BYBIT,LTCUSDT,60,1771830000000,52.06,52.28,51.95,52.02,21534.4,1122224.272,1
BYBIT,LTCUSDT,60,1771833600000,52.02,52.07,51.83,51.96,16482.9,856562.107,1
BYBIT,LTCUSDT,60,1771837200000,51.96,52.97,51.96,52.85,33414.3,1757667.585,1
BYBIT,LTCUSDT,60,1771840800000,52.85,53.0,52.64,52.74,15454.2,816006.11,1
BYBIT,LTCUSDT,60,1771844400000,52.74,52.92,52.53,52.6,16724.2,880827.6,1
BYBIT,LTCUSDT,60,1771848000000,52.6,53.08,52.52,52.87,20085.0,1060491.765,1
BYBIT,LTCUSDT,60,1771851600000,52.87,52.95,52.62,52.68,39206.8,2067817.664,1
BYBIT,LTCUSDT,60,1771855200000,52.68,52.86,52.35,52.68,38342.4,2017175.595,1
BYBIT,LTCUSDT,60,1771858800000,52.68,52.82,52.07,52.1,39857.9,2089701.592,1
BYBIT,LTCUSDT,60,1771862400000,52.1,52.32,51.68,51.75,41495.4,2155502.857,1
BYBIT,LTCUSDT,60,1771866000000,51.75,51.85,50.68,51.35,92957.1,4754502.801,1
BYBIT,LTCUSDT,60,1771869600000,51.35,51.9,51.25,51.36,28720.6,1479200.537,1
BYBIT,LTCUSDT,60,1771873200000,51.36,51.51,51.06,51.18,25619.1,1313523.675,1
BYBIT,LTCUSDT,60,1771876800000,51.18,51.51,51.01,51.47,23553.2,1206934.51,1
BYBIT,LTCUSDT,60,1771880400000,51.47,51.84,51.46,51.66,13959.5,720892.423,1
BYBIT,LTCUSDT,60,1771884000000,51.66,51.95,51.61,51.64,13507.9,699964.746,1
BYBIT,LTCUSDT,60,1771887600000,51.64,51.79,51.1,51.31,15857.8,816276.147,1
BYBIT,LTCUSDT,60,1771891200000,51.31,51.84,51.28,51.79,12651.2,652586.66,1
BYBIT,LTCUSDT,60,1771894800000,51.79,51.87,50.63,51.46,81123.9,4157591.989,1
BYBIT,LTCUSDT,60,1771898400000,51.46,51.69,51.15,51.24,18632.7,957912.088,1
BYBIT,LTCUSDT,60,1771902000000,51.24,51.24,50.77,50.95,28944.5,1476692.068,1
BYBIT,LTCUSDT,60,1771905600000,50.95,50.99,50.4,50.74,48534.5,2458267.469,1
BYBIT,LTCUSDT,60,1771909200000,50.74,50.91,50.23,50.27,55660.4,2808859.255,1
BYBIT,LTCUSDT,60,1771912800000,50.27,50.7,50.17,50.48,42940.3,2165142.317,1
BYBIT,LTCUSDT,60,1771916400000,50.48,50.88,50.43,50.73,20052.2,1017718.755,1
BYBIT,LTCUSDT,60,1771920000000,50.73,51.09,50.59,51.04,23339.2,1186623.732,1
BYBIT,LTCUSDT,60,1771923600000,51.04,51.09,50.57,50.92,16273.2,826645.077,1
BYBIT,LTCUSDT,60,1771927200000,50.92,50.97,50.63,50.68,21747.1,1104713.636,1
BYBIT,LTCUSDT,60,1771930800000,50.68,50.76,50.4,50.75,33891.4,1713139.678,1
BYBIT,LTCUSDT,60,1771934400000,50.75,50.88,50.51,50.62,12032.6,610218.823,1
BYBIT,LTCUSDT,60,1771938000000,50.62,50.8,50.13,50.59,62083.3,3137339.634,1
BYBIT,LTCUSDT,60,1771941600000,50.59,51.29,50.29,51.05,59083.1,3000425.516,1
BYBIT,LTCUSDT,60,1771945200000,51.05,51.46,50.86,51.24,60188.1,3080925.61,1
BYBIT,LTCUSDT,60,1771948800000,51.24,51.66,51.04,51.43,31270.1,1605236.454,1
BYBIT,LTCUSDT,60,1771952400000,51.43,51.55,51.33,51.48,24391.9,1254965.421,1
BYBIT,LTCUSDT,60,1771956000000,51.48,51.82,51.3,51.57,15660.7,808182.186,1
BYBIT,LTCUSDT,60,1771959600000,51.57,51.79,51.47,51.64,11426.2,589953.931,1
BYBIT,LTCUSDT,60,1771963200000,51.64,51.72,51.35,51.39,21689.9,1116606.802,1
BYBIT,LTCUSDT,60,1771966800000,51.39,51.4,51.08,51.21,17755.1,909096.451,1
BYBIT,LTCUSDT,60,1771970400000,51.21,51.52,51.14,51.24,16498.9,847174.816,1
BYBIT,LTCUSDT,60,1771974000000,51.24,51.3,51.02,51.13,15599.3,797382.618,1
BYBIT,LTCUSDT,60,1771977600000,51.13,51.42,51.01,51.34,10317.6,528189.008,1
BYBIT,LTCUSDT,60,1771981200000,51.34,52.93,51.31,52.56,90748.6,4752913.309,1
BYBIT,LTCUSDT,60,1771984800000,52.56,52.95,52.55,52.72,36732.1,1939465.006,1
BYBIT,LTCUSDT,60,1771988400000,52.72,52.78,52.33,52.37,31935.3,1676276.534,1
BYBIT,LTCUSDT,60,1771992000000,52.37,52.77,52.12,52.65,21971.0,1153582.807,1
BYBIT,LTCUSDT,60,1771995600000,52.65,52.69,51.96,52.25,28611.8,1497829.537,1
BYBIT,LTCUSDT,60,1771999200000,52.25,52.51,52.25,52.29,13588.3,711452.631,1
BYBIT,LTCUSDT,60,1772002800000,52.29,52.7,52.29,52.7,34753.3,1823917.184,1
BYBIT,LTCUSDT,60,1772006400000,52.7,52.79,52.55,52.78,16587.8,873877.391,1
BYBIT,LTCUSDT,60,1772010000000,52.78,53.01,52.72,52.99,17455.3,922453.74,1
BYBIT,LTCUSDT,60,1772013600000,52.99,53.38,52.97,53.18,18269.5,971923.155,1
BYBIT,LTCUSDT,60,1772017200000,53.18,53.47,53.09,53.28,25292.8,1348090.826,1
BYBIT,LTCUSDT,60,1772020800000,53.28,54.68,53.14,54.38,101104.3,5465310.303,1
BYBIT,LTCUSDT,60,1772024400000,54.38,55.24,54.36,55.12,76214.8,4178860.045,1
BYBIT,LTCUSDT,60,1772028000000,55.12,57.12,55.12,57.03,169800.3,9546950.948,1
BYBIT,LTCUSDT,60,1772031600000,57.03,58.17,56.78,57.78,148363.2,8531877.488,1
BYBIT,LTCUSDT,60,1772035200000,57.78,58.34,57.73,58.14,79513.4,4613377.483,1
BYBIT,LTCUSDT,60,1772038800000,58.14,58.49,57.87,58.33,59383.8,3457837.424,1
BYBIT,LTCUSDT,60,1772042400000,58.33,58.58,58.04,58.29,51544.8,3004187.655,1
BYBIT,LTCUSDT,60,1772046000000,58.29,58.3,57.67,58.24,38446.1,2229036.107,1
BYBIT,LTCUSDT,60,1772049600000,58.24,58.36,57.71,58.08,41950.1,2433301.548,1
BYBIT,LTCUSDT,60,1772053200000,58.08,58.97,57.72,58.23,72351.2,4219872.114,1
BYBIT,LTCUSDT,60,1772056800000,58.23,58.47,56.93,57.31,34353.9,1982737.479,1
BYBIT,LTCUSDT,60,1772060400000,57.31,57.39,56.11,56.72,55617.3,3152094.608,1
BYBIT,LTCUSDT,60,1772064000000,56.72,57.04,56.31,56.57,33554.0,1903668.015,1
BYBIT,LTCUSDT,60,1772067600000,56.57,56.93,56.46,56.49,22941.4,1300118.112,1
BYBIT,LTCUSDT,60,1772071200000,56.49,56.68,55.96,56.66,36934.4,2077033.053,1
BYBIT,LTCUSDT,60,1772074800000,56.66,56.66,56.21,56.43,16010.3,904212.777,1
BYBIT,LTCUSDT,60,1772078400000,56.43,56.94,56.38,56.82,30543.6,1734104.971,1
BYBIT,LTCUSDT,60,1772082000000,56.82,56.82,56.18,56.44,26490.3,1495426.927,1
BYBIT,LTCUSDT,60,1772085600000,56.44,56.68,56.25,56.45,23788.5,1344458.71,1
BYBIT,LTCUSDT,60,1772089200000,56.45,56.55,56.07,56.19,14312.2,805728.657,1
BYBIT,LTCUSDT,60,1772092800000,56.19,56.4,55.69,55.88,31814.7,1783999.153,1
BYBIT,LTCUSDT,60,1772096400000,55.88,56.38,55.83,56.32,33658.6,1891454.659,1
BYBIT,LTCUSDT,60,1772100000000,56.32,56.37,55.79,55.85,14322.6,802440.215,1
BYBIT,LTCUSDT,60,1772103600000,55.85,55.96,55.68,55.8,13434.8,749981.495,1
BYBIT,LTCUSDT,60,1772107200000,55.8,56.14,55.79,56.09,12401.4,693915.654,1
BYBIT,LTCUSDT,60,1772110800000,56.09,56.18,55.94,56.09,7550.9,423371.981,1
BYBIT,LTCUSDT,60,1772114400000,56.09,56.32,55.62,56.03,48448.3,2712673.503,1
BYBIT,LTCUSDT,60,1772118000000,56.03,56.03,55.3,55.77,82320.8,4576674.194,1
BYBIT,LTCUSDT,60,1772121600000,55.77,55.8,54.48,54.52,73722.6,4056059.817,1
BYBIT,LTCUSDT,60,1772125200000,54.52,54.94,54.48,54.61,25998.3,1422522.964,1
BYBIT,LTCUSDT,60,1772128800000,54.61,55.26,54.37,55.23,24998.3,1370283.62,1
BYBIT,LTCUSDT,60,1772132400000,55.23,55.76,55.21,55.69,49201.8,2733242.321,1
BYBIT,LTCUSDT,60,1772136000000,55.69,55.88,55.28,55.36,16358.2,908577.574,1
BYBIT,LTCUSDT,60,1772139600000,55.36,55.42,55.06,55.21,16105.7,889037.128,1
BYBIT,LTCUSDT,60,1772143200000,55.21,55.44,55.17,55.43,10320.9,570501.242,1
BYBIT,LTCUSDT,60,1772146800000,55.43,55.75,55.34,55.57,7560.1,420157.206,1
BYBIT,LTCUSDT,60,1772150400000,55.57,55.68,55.28,55.51,9908.0,549933.224,1
BYBIT,LTCUSDT,60,1772154000000,55.51,55.76,55.32,55.69,15762.5,875813.334,1
BYBIT,LTCUSDT,60,1772157600000,55.69,55.94,55.62,55.77,8182.1,456487.5,1
BYBIT,LTCUSDT,60,1772161200000,55.77,56.05,55.61,55.93,10732.8,599362.164,1
BYBIT,LTCUSDT,60,1772164800000,55.93,56.35,55.85,55.91,29652.6,1664317.323,1
BYBIT,LTCUSDT,60,1772168400000,55.91,56.06,55.78,56.01,7393.4,413863.172,1
BYBIT,LTCUSDT,60,1772172000000,56.01,56.16,55.66,56.09,12875.9,720395.219,1
BYBIT,LTCUSDT,60,1772175600000,56.09,56.1,55.65,55.87,16679.3,931276.958,1
BYBIT,LTCUSDT,60,1772179200000,55.87,56.15,55.79,55.94,19263.2,1077972.059,1
BYBIT,LTCUSDT,60,1772182800000,55.94,56.07,55.48,55.61,17693.2,986058.732,1
BYBIT,LTCUSDT,60,1772186400000,55.61,55.73,54.92,54.98,41014.1,2268273.553,1
BYBIT,LTCUSDT,60,1772190000000,54.98,55.15,54.38,54.61,52162.4,2850995.238,1
BYBIT,LTCUSDT,60,1772193600000,54.61,54.87,54.42,54.84,33379.1,1824358.359,1
BYBIT,LTCUSDT,60,1772197200000,54.84,55.01,54.41,54.93,53410.0,2922326.397,1
BYBIT,LTCUSDT,60,1772200800000,54.93,55.03,54.49,54.54,33984.0,1860492.348,1
BYBIT,LTCUSDT,60,1772204400000,54.54,54.82,54.51,54.71,18719.6,1023915.374,1
BYBIT,LTCUSDT,60,1772208000000,54.71,54.72,54.2,54.21,42533.2,2312184.553,1
BYBIT,LTCUSDT,60,1772211600000,54.21,54.39,53.78,54.36,52992.8,2867026.282,1
BYBIT,LTCUSDT,60,1772215200000,54.36,54.58,54.26,54.36,16895.2,919254.435,1
BYBIT,LTCUSDT,60,1772218800000,54.36,54.37,53.86,54.11,17856.4,966208.373,1
BYBIT,LTCUSDT,60,1772222400000,54.11,54.22,53.94,54.06,11748.2,635726.279,1
BYBIT,LTCUSDT,60,1772226000000,54.06,54.26,53.86,54.03,14104.8,762849.839,1
BYBIT,LTCUSDT,60,1772229600000,54.03,54.1,53.39,54.09,34533.2,1855726.688,1
BYBIT,LTCUSDT,60,1772233200000,54.09,54.54,54.06,54.53,15717.6,854236.564,1
BYBIT,LTCUSDT,60,1772236800000,54.53,54.76,54.49,54.73,13607.7,743079.928,1
BYBIT,LTCUSDT,60,1772240400000,54.73,54.8,54.49,54.66,11650.9,636634.583,1
BYBIT,LTCUSDT,60,1772244000000,54.66,54.9,54.63,54.9,7823.0,428352.691,1
BYBIT,LTCUSDT,60,1772247600000,54.9,54.91,54.56,54.61,8100.1,443658.137,1
BYBIT,LTCUSDT,60,1772251200000,54.61,54.69,54.32,54.67,6798.9,370854.603,1
BYBIT,LTCUSDT,60,1772254800000,54.67,54.78,54.36,54.49,8858.1,482666.638,1
BYBIT,LTCUSDT,60,1772258400000,54.49,54.58,51.92,52.09,200748.5,10649798.33,1
BYBIT,LTCUSDT,60,1772262000000,52.09,53.1,51.8,52.37,122080.0,6415058.608,1
BYBIT,LTCUSDT,60,1772265600000,52.37,52.37,51.68,51.76,41215.8,2142239.274,1
BYBIT,LTCUSDT,60,1772269200000,51.76,52.18,51.55,51.72,26883.6,1393640.831,1
BYBIT,LTCUSDT,60,1772272800000,51.72,52.07,51.44,51.91,28877.0,1493863.848,1
BYBIT,LTCUSDT,60,1772276400000,51.91,52.21,51.61,51.62,24556.0,1276078.804,1
BYBIT,LTCUSDT,60,1772280000000,51.62,51.87,51.53,51.87,35815.3,1851914.603,1
BYBIT,LTCUSDT,60,1772283600000,51.87,52.96,51.8,52.95,68493.1,3596722.148,1
BYBIT,LTCUSDT,60,1772287200000,52.95,53.17,52.15,52.29,58761.9,3096316.104,1
BYBIT,LTCUSDT,60,1772290800000,52.29,52.72,52.02,52.55,34233.0,1795156.048,1
BYBIT,LTCUSDT,60,1772294400000,52.55,52.77,52.32,52.69,23031.8,1210007.947,1
BYBIT,LTCUSDT,60,1772298000000,52.69,53.15,52.49,53.08,33994.7,1794223.109,1
BYBIT,LTCUSDT,60,1772301600000,53.08,54.04,52.96,53.8,43699.2,2335673.564,1
BYBIT,LTCUSDT,60,1772305200000,53.8,54.32,53.47,54.03,61097.0,3291283.071,1
BYBIT,LTCUSDT,60,1772308800000,54.03,54.86,53.92,54.73,47683.3,2597598.159,1
BYBIT,LTCUSDT,60,1772312400000,54.73,54.75,54.13,54.23,41917.5,2277629.543,1
BYBIT,LTCUSDT,60,1772316000000,54.23,54.93,54.18,54.49,43136.7,2351875.829,1
BYBIT,LTCUSDT,60,1772319600000,54.49,54.58,54.2,54.37,14378.0,781929.918,1
BYBIT,LTCUSDT,60,1772323200000,54.37,54.5,53.94,54.11,14633.3,792916.1,1
BYBIT,LTCUSDT,60,1772326800000,54.11,55.17,53.73,54.85,38099.9,2077199.001,1
BYBIT,LTCUSDT,60,1772330400000,54.85,55.52,54.84,55.26,68297.0,3772852.231,1
BYBIT,LTCUSDT,60,1772334000000,55.26,55.43,54.74,54.83,24054.2,1324610.57,1
BYBIT,LTCUSDT,60,1772337600000,54.83,54.98,54.47,54.88,28070.5,1537017.934,1
BYBIT,LTCUSDT,60,1772341200000,54.88,54.94,54.72,54.79,11852.1,649836.662,1
BYBIT,LTCUSDT,60,1772344800000,54.79,54.82,54.23,54.43,37071.4,2016940.604,1
BYBIT,LTCUSDT,60,1772348400000,54.43,54.73,54.25,54.57,28229.2,1540156.281,1
BYBIT,LTCUSDT,60,1772352000000,54.57,54.69,53.88,53.98,42930.7,2328624.143,1
BYBIT,LTCUSDT,60,1772355600000,53.98,54.4,53.81,53.93,41644.8,2252488.226,1
BYBIT,LTCUSDT,60,1772359200000,53.93,54.18,53.79,54.02,24830.3,1340027.691,1
BYBIT,LTCUSDT,60,1772362800000,54.02,54.13,53.89,53.89,8821.8,476344.521,1
BYBIT,LTCUSDT,60,1772366400000,53.89,54.03,53.65,53.69,13128.9,706940.574,1
BYBIT,LTCUSDT,60,1772370000000,53.69,54.65,53.53,54.34,78080.3,4227526.807,1
BYBIT,LTCUSDT,60,1772373600000,54.34,54.66,54.06,54.25,31740.4,1724419.328,1
BYBIT,LTCUSDT,60,1772377200000,54.25,54.59,54.21,54.22,19035.0,1035608.221,1
BYBIT,LTCUSDT,60,1772380800000,54.22,54.49,53.29,53.66,58090.2,3124136.538,1
BYBIT,LTCUSDT,60,1772384400000,53.66,53.68,53.12,53.42,42908.8,2291734.492,1
BYBIT,LTCUSDT,60,1772388000000,53.42,54.05,53.37,53.61,50564.2,2715805.252,1
BYBIT,LTCUSDT,60,1772391600000,53.61,53.62,53.11,53.21,36888.6,1967296.974,1
BYBIT,LTCUSDT,60,1772395200000,53.21,53.25,52.44,52.6,42654.4,2249111.424,1
BYBIT,LTCUSDT,60,1772398800000,52.6,53.09,52.56,53.01,23394.2,1237239.581,1
BYBIT,LTCUSDT,60,1772402400000,53.01,53.83,52.96,52.99,55272.7,2954028.794,1
BYBIT,LTCUSDT,60,1772406000000,52.99,53.57,52.87,53.21,25796.6,1372438.849,1
BYBIT,LTCUSDT,60,1772409600000,53.21,53.94,53.17,53.74,19253.5,1030238.638,1
BYBIT,LTCUSDT,60,1772413200000,53.74,54.34,53.68,53.9,21149.9,1142610.753,1
BYBIT,LTCUSDT,60,1772416800000,53.9,54.06,53.45,53.78,17141.3,920884.833,1
BYBIT,LTCUSDT,60,1772420400000,53.78,54.31,53.65,54.11,19281.5,1043164.318,1
BYBIT,LTCUSDT,60,1772424000000,54.11,54.14,53.9,54.0,16834.4,909288.285,1
BYBIT,LTCUSDT,60,1772427600000,54.0,54.07,53.69,53.86,11342.3,611107.755,1
BYBIT,LTCUSDT,60,1772431200000,53.86,53.87,53.15,53.41,22053.8,1178004.08,1
BYBIT,LTCUSDT,60,1772434800000,53.41,53.42,52.91,53.3,19452.8,1033059.269,1
BYBIT,LTCUSDT,60,1772438400000,53.3,53.52,52.93,53.47,24079.3,1280895.525,1
BYBIT,LTCUSDT,60,1772442000000,53.47,53.78,53.42,53.5,19807.5,1061253.793,1
BYBIT,LTCUSDT,60,1772445600000,53.5,53.65,53.29,53.44,14206.0,759215.603,1
BYBIT,LTCUSDT,60,1772449200000,53.44,53.48,53.1,53.31,15981.4,851303.026,1
BYBIT,LTCUSDT,60,1772452800000,53.31,53.39,53.08,53.15,13985.5,744196.734,1
BYBIT,LTCUSDT,60,1772456400000,53.15,53.46,52.99,53.05,41888.3,2229653.082,1
BYBIT,LTCUSDT,60,1772460000000,53.05,54.35,52.96,54.14,65565.6,3521965.31,1
BYBIT,LTCUSDT,60,1772463600000,54.14,55.45,54.03,55.0,86321.1,4741709.482,1
BYBIT,LTCUSDT,60,1772467200000,55.0,55.68,54.59,55.02,91305.8,5025561.54,1
BYBIT,LTCUSDT,60,1772470800000,55.02,55.14,54.19,54.61,46806.9,2558828.138,1
BYBIT,LTCUSDT,60,1772474400000,54.61,54.83,54.22,54.59,33529.8,1831203.851,1
BYBIT,LTCUSDT,60,1772478000000,54.59,54.88,54.34,54.83,37191.3,2031922.681,1
BYBIT,LTCUSDT,60,1772481600000,54.83,55.01,54.46,54.75,35729.6,1957384.224,1
BYBIT,LTCUSDT,60,1772485200000,54.75,55.12,54.56,55.02,31878.0,1749075.109,1
BYBIT,LTCUSDT,60,1772488800000,55.02,55.45,54.84,55.03,25889.9,1427139.651,1
BYBIT,LTCUSDT,60,1772492400000,55.03,55.08,54.39,54.57,21854.4,1193450.0,1
BYBIT,LTCUSDT,60,1772496000000,54.57,54.74,54.24,54.6,26286.7,1432638.131,1
BYBIT,LTCUSDT,60,1772499600000,54.6,54.75,54.41,54.42,14105.1,769987.623,1
BYBIT,LTCUSDT,60,1772503200000,54.42,54.49,54.04,54.39,28566.1,1550101.919,1
BYBIT,LTCUSDT,60,1772506800000,54.39,54.43,54.11,54.24,12377.7,671438.592,1
BYBIT,LTCUSDT,60,1772510400000,54.24,54.28,53.81,53.92,22478.4,1213993.459,1
BYBIT,LTCUSDT,60,1772514000000,53.92,54.38,53.73,53.91,36604.3,1980651.534,1
BYBIT,LTCUSDT,60,1772517600000,53.91,54.12,53.81,54.0,16030.9,864972.094,1
BYBIT,LTCUSDT,60,1772521200000,54.0,54.25,53.93,54.06,13288.4,718806.675,1
BYBIT,LTCUSDT,60,1772524800000,54.06,54.13,53.39,53.5,36212.0,1946136.088,1
BYBIT,LTCUSDT,60,1772528400000,53.5,53.76,53.06,53.13,45459.0,2425203.475,1
BYBIT,LTCUSDT,60,1772532000000,53.13,53.35,52.97,53.23,24034.8,1276663.596,1
BYBIT,LTCUSDT,60,1772535600000,53.23,53.49,53.18,53.42,18379.5,979868.526,1
BYBIT,LTCUSDT,60,1772539200000,53.42,54.11,53.42,53.8,25012.5,1344674.417,1
BYBIT,LTCUSDT,60,1772542800000,53.8,53.84,53.46,53.73,17388.5,932289.281,1
BYBIT,LTCUSDT,60,1772546400000,53.73,54.29,53.04,53.48,61072.5,3275420.071,1
BYBIT,LTCUSDT,60,1772550000000,53.48,54.35,53.29,54.01,34495.5,1856052.3,1
BYBIT,LTCUSDT,60,1772553600000,54.01,54.97,53.85,54.78,66656.2,3631730.773,1
BYBIT,LTCUSDT,60,1772557200000,54.78,54.87,54.21,54.86,29661.9,1618525.81,1
BYBIT,LTCUSDT,60,1772560800000,54.86,55.19,54.59,54.8,51841.2,2846095.615,1
BYBIT,LTCUSDT,60,1772564400000,54.8,54.94,54.53,54.64,36530.6,1999203.817,1
BYBIT,LTCUSDT,60,1772568000000,54.64,54.98,54.54,54.64,21625.5,1183408.849,1
BYBIT,LTCUSDT,60,1772571600000,54.64,54.64,54.23,54.48,32950.3,1792962.83,1
BYBIT,LTCUSDT,60,1772575200000,54.48,55.05,54.47,54.78,23713.9,1298305.527,1
BYBIT,LTCUSDT,60,1772578800000,54.78,55.22,54.68,54.74,18766.6,1030782.888,1
BYBIT,LTCUSDT,60,1772582400000,54.74,54.92,54.44,54.73,17141.1,936833.638,1
BYBIT,LTCUSDT,60,1772586000000,54.73,55.33,54.61,54.98,21383.8,1176730.412,1
BYBIT,LTCUSDT,60,1772589600000,54.98,55.02,54.64,54.97,13059.6,715746.934,1
BYBIT,LTCUSDT,60,1772593200000,54.97,55.2,54.29,54.64,28790.2,1571135.99,1
BYBIT,LTCUSDT,60,1772596800000,54.64,54.75,54.35,54.65,20655.6,1126409.142,1
BYBIT,LTCUSDT,60,1772600400000,54.65,54.97,54.32,54.77,23983.4,1311099.813,1
BYBIT,LTCUSDT,60,1772604000000,54.77,54.91,54.49,54.83,15512.5,848543.823,1
BYBIT,LTCUSDT,60,1772607600000,54.83,55.28,54.56,55.25,30178.7,1657903.931,1
BYBIT,LTCUSDT,60,1772611200000,55.25,56.29,55.08,56.13,71380.1,3976186.599,1
BYBIT,LTCUSDT,60,1772614800000,56.13,56.61,55.96,56.16,77039.4,4337687.004,1
BYBIT,LTCUSDT,60,1772618400000,56.16,56.36,55.83,55.96,27933.1,1565578.684,1
BYBIT,LTCUSDT,60,1772622000000,55.96,56.04,55.42,55.73,42997.8,2396739.618,1
BYBIT,LTCUSDT,60,1772625600000,55.73,55.8,55.29,55.6,51437.1,2860266.819,1
BYBIT,LTCUSDT,60,1772629200000,55.6,56.01,55.6,55.97,25225.1,1409936.908,1
BYBIT,LTCUSDT,60,1772632800000,55.97,56.39,55.45,55.66,86762.7,4848903.786,1
BYBIT,LTCUSDT,60,1772636400000,55.66,56.96,55.64,56.91,87890.5,4950307.147,1
BYBIT,LTCUSDT,60,1772640000000,56.91,57.08,56.32,56.71,55805.7,3165321.703,1
BYBIT,LTCUSDT,60,1772643600000,56.71,57.0,56.38,56.8,27249.4,1544291.979,1
BYBIT,LTCUSDT,60,1772647200000,56.8,57.19,56.48,57.0,32676.6,1857469.497,1
BYBIT,LTCUSDT,60,1772650800000,57.0,57.63,56.93,57.51,54127.2,3103183.205,1
BYBIT,LTCUSDT,60,1772654400000,57.51,57.59,57.11,57.15,21247.1,1218030.11,1
BYBIT,LTCUSDT,60,1772658000000,57.15,57.22,56.87,57.19,22188.9,1265247.81,1
BYBIT,LTCUSDT,60,1772661600000,57.19,57.41,56.67,56.74,21729.1,1240089.129,1
BYBIT,LTCUSDT,60,1772665200000,56.74,56.92,56.35,56.73,24107.4,1365305.317,1
BYBIT,LTCUSDT,60,1772668800000,56.73,56.91,56.57,56.82,14943.4,847865.042,1
BYBIT,LTCUSDT,60,1772672400000,56.82,57.23,56.44,56.5,17999.8,1022101.345,1
BYBIT,LTCUSDT,60,1772676000000,56.5,56.88,56.39,56.5,17534.0,992416.462,1
BYBIT,LTCUSDT,60,1772679600000,56.5,56.57,56.25,56.43,15515.0,875381.473,1
BYBIT,LTCUSDT,60,1772683200000,56.43,56.83,56.39,56.66,13899.6,787496.457,1
BYBIT,LTCUSDT,60,1772686800000,56.66,56.75,56.14,56.23,23770.7,1341438.444,1
BYBIT,LTCUSDT,60,1772690400000,56.23,56.33,55.9,56.32,24218.7,1358594.761,1
BYBIT,LTCUSDT,60,1772694000000,56.32,56.44,55.7,55.94,24586.6,1376376.846,1
BYBIT,LTCUSDT,60,1772697600000,55.94,56.38,55.83,56.38,14187.9,795542.694,1
BYBIT,LTCUSDT,60,1772701200000,56.38,56.85,56.36,56.61,18516.3,1049148.884,1
BYBIT,LTCUSDT,60,1772704800000,56.61,57.19,56.39,56.98,46276.9,2631622.963,1
BYBIT,LTCUSDT,60,1772708400000,56.98,57.04,55.92,55.97,63796.5,3604886.527,1
BYBIT,LTCUSDT,60,1772712000000,55.97,56.03,55.54,55.9,43766.8,2443125.74,1
BYBIT,LTCUSDT,60,1772715600000,55.9,56.0,55.45,55.91,53736.1,2991182.831,1
BYBIT,LTCUSDT,60,1772719200000,55.91,56.58,55.88,56.42,40299.1,2266351.342,1
BYBIT,LTCUSDT,60,1772722800000,56.42,56.55,55.61,55.86,46335.8,2594416.874,1
BYBIT,LTCUSDT,60,1772726400000,55.86,55.87,54.99,55.42,67572.4,3742072.728,1
BYBIT,LTCUSDT,60,1772730000000,55.42,55.69,55.07,55.11,28167.0,1558094.859,1
BYBIT,LTCUSDT,60,1772733600000,55.11,55.45,55.02,55.38,22423.4,1237480.516,1
BYBIT,LTCUSDT,60,1772737200000,55.38,55.87,55.21,55.21,36176.5,2007199.552,1
BYBIT,LTCUSDT,60,1772740800000,55.21,55.97,55.2,55.93,26881.3,1498077.408,1
BYBIT,LTCUSDT,60,1772744400000,55.93,56.02,55.53,55.69,20682.1,1153716.65,1
BYBIT,LTCUSDT,60,1772748000000,55.69,55.83,55.53,55.61,12182.9,678083.515,1
BYBIT,LTCUSDT,60,1772751600000,55.61,55.69,55.37,55.43,11360.8,630500.933,1
BYBIT,LTCUSDT,60,1772755200000,55.43,55.55,55.35,55.41,20868.2,1156647.022,1
BYBIT,LTCUSDT,60,1772758800000,55.41,55.85,55.23,55.74,14612.2,811101.189,1
BYBIT,LTCUSDT,60,1772762400000,55.74,55.81,55.58,55.58,5519.4,307408.302,1
BYBIT,LTCUSDT,60,1772766000000,55.58,55.69,55.48,55.62,11375.1,631950.195,1
BYBIT,LTCUSDT,60,1772769600000,55.62,55.66,55.12,55.39,20179.5,1117023.249,1
BYBIT,LTCUSDT,60,1772773200000,55.39,55.51,55.09,55.36,16191.8,894800.372,1
BYBIT,LTCUSDT,60,1772776800000,55.36,55.56,55.24,55.46,5110.4,283000.419,1
BYBIT,LTCUSDT,60,1772780400000,55.46,55.67,55.26,55.56,12055.1,669599.801,1
BYBIT,LTCUSDT,60,1772784000000,55.56,55.71,55.35,55.38,15066.6,836989.955,1
BYBIT,LTCUSDT,60,1772787600000,55.38,55.4,54.98,55.26,21138.5,1165046.844,1
BYBIT,LTCUSDT,60,1772791200000,55.26,55.43,55.23,55.25,12058.9,667309.404,1
BYBIT,LTCUSDT,60,1772794800000,55.25,55.3,54.81,54.87,23987.9,1319956.467,1
BYBIT,LTCUSDT,60,1772798400000,54.87,54.88,54.33,54.57,37134.0,2027703.679,1
BYBIT,LTCUSDT,60,1772802000000,54.57,54.97,54.07,54.08,77814.6,4240734.763,1
BYBIT,LTCUSDT,60,1772805600000,54.08,54.34,53.46,53.71,74013.5,3982631.115,1
BYBIT,LTCUSDT,60,1772809200000,53.71,53.97,53.37,53.65,38012.6,2041329.574,1
BYBIT,LTCUSDT,60,1772812800000,53.65,53.76,53.38,53.57,20683.8,1108328.078,1
BYBIT,LTCUSDT,60,1772816400000,53.57,53.69,53.08,53.32,45305.2,2415464.693,1
BYBIT,LTCUSDT,60,1772820000000,53.32,53.66,53.29,53.39,16849.0,901626.736,1
BYBIT,LTCUSDT,60,1772823600000,53.39,53.75,53.39,53.51,12311.9,659776.69,1
BYBIT,LTCUSDT,60,1772827200000,53.51,53.82,53.49,53.72,12480.8,669612.155,1
BYBIT,LTCUSDT,60,1772830800000,53.72,53.99,53.66,53.98,15414.3,829496.913,1
BYBIT,LTCUSDT,60,1772834400000,53.98,54.06,53.88,54.0,12717.0,686296.177,1
BYBIT,LTCUSDT,60,1772838000000,54.0,54.02,53.73,53.76,11537.4,621348.298,1
BYBIT,LTCUSDT,60,1772841600000,53.76,54.0,53.73,53.98,12580.0,677655.073,1
BYBIT,LTCUSDT,60,1772845200000,53.98,54.02,53.77,53.84,9403.8,506300.991,1
BYBIT,LTCUSDT,60,1772848800000,53.84,53.99,53.74,53.98,4627.0,249153.882,1
BYBIT,LTCUSDT,60,1772852400000,53.98,54.2,53.79,53.81,13757.0,742731.229,1
BYBIT,LTCUSDT,60,1772856000000,53.81,53.87,53.56,53.79,8072.3,433190.998,1
BYBIT,LTCUSDT,60,1772859600000,53.79,53.83,53.67,53.78,6996.1,376010.997,1
BYBIT,LTCUSDT,60,1772863200000,53.78,53.78,53.46,53.5,13341.1,714802.412,1
BYBIT,LTCUSDT,60,1772866800000,53.5,53.72,53.41,53.7,11644.5,623672.596,1
BYBIT,LTCUSDT,60,1772870400000,53.7,54.24,53.65,54.05,44865.7,2418414.733,1
BYBIT,LTCUSDT,60,1772874000000,54.05,54.17,53.85,53.98,15128.7,817723.111,1
BYBIT,LTCUSDT,60,1772877600000,53.98,54.1,53.83,53.84,8806.1,474889.156,1
BYBIT,LTCUSDT,60,1772881200000,53.84,54.12,53.8,53.97,12204.7,658338.667,1
BYBIT,LTCUSDT,60,1772884800000,53.97,54.03,53.88,53.89,5968.7,322060.621,1
BYBIT,LTCUSDT,60,1772888400000,53.89,54.01,53.82,53.93,12392.0,667983.877,1
BYBIT,LTCUSDT,60,1772892000000,53.93,54.19,53.68,53.93,15868.0,854842.445,1
BYBIT,LTCUSDT,60,1772895600000,53.93,53.98,53.65,53.73,17516.0,941711.017,1
BYBIT,LTCUSDT,60,1772899200000,53.73,53.82,53.63,53.79,10664.9,572784.909,1
BYBIT,LTCUSDT,60,1772902800000,53.79,53.96,53.79,53.89,3747.8,201960.423,1
BYBIT,LTCUSDT,60,1772906400000,53.89,53.9,53.52,53.65,31554.1,1693093.007,1
BYBIT,LTCUSDT,60,1772910000000,53.65,53.65,53.13,53.33,42958.4,2292711.095,1
BYBIT,LTCUSDT,60,1772913600000,53.33,53.53,53.3,53.51,8510.2,454692.554,1
BYBIT,LTCUSDT,60,1772917200000,53.51,53.68,53.46,53.61,11702.4,626831.127,1
BYBIT,LTCUSDT,60,1772920800000,53.61,53.65,53.21,53.38,20572.6,1098984.101,1
BYBIT,LTCUSDT,60,1772924400000,53.38,53.57,53.36,53.54,6151.5,329050.404,1
BYBIT,LTCUSDT,60,1772928000000,53.54,53.72,53.34,53.35,10507.9,562881.562,1
BYBIT,LTCUSDT,60,1772931600000,53.35,53.6,53.25,53.56,10468.7,558841.431,1
BYBIT,LTCUSDT,60,1772935200000,53.56,53.57,52.94,53.09,33998.8,1807338.069,1
BYBIT,LTCUSDT,60,1772938800000,53.09,53.26,53.03,53.17,14656.7,779324.471,1
BYBIT,LTCUSDT,60,1772942400000,53.17,53.24,52.78,52.94,22832.2,1209202.76,1
BYBIT,LTCUSDT,60,1772946000000,52.94,53.38,52.92,53.3,16123.9,858811.214,1
BYBIT,LTCUSDT,60,1772949600000,53.3,53.34,53.04,53.19,14046.2,746675.647,1
BYBIT,LTCUSDT,60,1772953200000,53.19,53.38,53.0,53.09,36438.6,1936606.71,1
BYBIT,LTCUSDT,60,1772956800000,53.09,53.12,52.63,52.88,73138.9,3863615.428,1
BYBIT,LTCUSDT,60,1772960400000,52.88,53.38,52.79,53.32,14911.6,792572.255,1
BYBIT,LTCUSDT,60,1772964000000,53.32,53.86,53.32,53.64,37496.8,2011415.161,1
BYBIT,LTCUSDT,60,1772967600000,53.64,53.64,53.27,53.54,15178.1,811472.925,1
BYBIT,LTCUSDT,60,1772971200000,53.54,53.84,53.15,53.61,37984.6,2033467.256,1
BYBIT,LTCUSDT,60,1772974800000,53.61,53.65,53.01,53.22,22673.6,1207684.377,1
BYBIT,LTCUSDT,60,1772978400000,53.22,53.28,52.76,52.9,20048.1,1061842.606,1
BYBIT,LTCUSDT,60,1772982000000,52.9,52.9,52.47,52.66,23793.1,1252011.214,1
BYBIT,LTCUSDT,60,1772985600000,52.66,52.69,52.19,52.42,36880.5,1931513.552,1
BYBIT,LTCUSDT,60,1772989200000,52.42,52.66,52.36,52.57,14591.2,766323.746,1
BYBIT,LTCUSDT,60,1772992800000,52.57,52.6,52.31,52.54,12712.2,667068.663,1
BYBIT,LTCUSDT,60,1772996400000,52.54,53.16,52.47,53.07,35269.3,1865418.197,1
BYBIT,LTCUSDT,60,1773000000000,53.07,53.4,52.94,53.03,20011.2,1062407.879,1
BYBIT,LTCUSDT,60,1773003600000,53.03,53.09,52.66,52.91,20304.4,1072292.351,1
BYBIT,LTCUSDT,60,1773007200000,52.91,52.91,51.83,52.74,89998.1,4711552.051,1
BYBIT,LTCUSDT,60,1773010800000,52.74,52.95,52.48,52.55,17202.7,907438.983,1
BYBIT,LTCUSDT,60,1773014400000,52.55,53.36,52.54,52.95,26628.8,1408728.852,1
BYBIT,LTCUSDT,60,1773018000000,52.95,53.11,52.61,52.61,17494.9,925579.367,1
BYBIT,LTCUSDT,60,1773021600000,52.61,53.09,52.48,52.96,15508.1,817924.59,1
BYBIT,LTCUSDT,60,1773025200000,52.96,53.79,52.92,53.27,47546.3,2541701.479,1
BYBIT,LTCUSDT,60,1773028800000,53.27,53.59,53.22,53.24,12781.0,681821.46,1
BYBIT,LTCUSDT,60,1773032400000,53.24,54.02,53.23,53.79,44642.5,2395869.505,1
BYBIT,LTCUSDT,60,1773036000000,53.79,53.82,53.25,53.27,18033.5,966191.312,1
BYBIT,LTCUSDT,60,1773039600000,53.27,53.34,52.82,53.27,22548.5,1198125.653,1
BYBIT,LTCUSDT,60,1773043200000,53.27,53.53,53.24,53.38,13562.9,724076.001,1
BYBIT,LTCUSDT,60,1773046800000,53.38,53.8,53.18,53.45,28789.8,1542535.416,1
BYBIT,LTCUSDT,60,1773050400000,53.45,53.58,53.18,53.23,14059.5,750901.935,1
BYBIT,LTCUSDT,60,1773054000000,53.23,53.43,52.96,53.34,14988.0,797232.937,1
BYBIT,LTCUSDT,60,1773057600000,53.34,53.75,53.28,53.65,23482.0,1258360.209,1
BYBIT,LTCUSDT,60,1773061200000,53.65,54.38,53.62,54.15,41487.1,2244642.339,1
BYBIT,LTCUSDT,60,1773064800000,54.15,54.3,53.85,54.06,43834.7,2370998.749,1
BYBIT,LTCUSDT,60,1773068400000,54.06,54.16,53.64,53.86,25765.6,1387449.564,1
BYBIT,LTCUSDT,60,1773072000000,53.86,54.21,53.81,54.0,22001.3,1187561.529,1
BYBIT,LTCUSDT,60,1773075600000,54.0,54.24,53.8,54.01,27111.4,1464844.722,1
BYBIT,LTCUSDT,60,1773079200000,54.01,54.09,53.74,53.9,20008.1,1079522.413,1
BYBIT,LTCUSDT,60,1773082800000,53.9,54.72,53.83,54.16,37434.5,2032161.559,1
BYBIT,LTCUSDT,60,1773086400000,54.16,54.24,53.92,54.13,19720.8,1066269.588,1
BYBIT,LTCUSDT,60,1773090000000,54.13,54.22,53.9,54.08,5988.6,323957.68,1
BYBIT,LTCUSDT,60,1773093600000,54.08,54.1,53.63,53.72,18427.1,992184.037,1
BYBIT,LTCUSDT,60,1773097200000,53.72,53.78,53.57,53.72,6699.7,359689.996,1
BYBIT,LTCUSDT,60,1773100800000,53.72,54.22,53.67,54.06,13822.8,746344.025,1
BYBIT,LTCUSDT,60,1773104400000,54.06,54.22,53.86,54.02,8937.4,483017.382,1
BYBIT,LTCUSDT,60,1773108000000,54.02,54.65,53.91,54.41,18491.8,1005103.515,1
BYBIT,LTCUSDT,60,1773111600000,54.41,54.44,53.83,53.99,18511.5,1003472.784,1
BYBIT,LTCUSDT,60,1773115200000,53.99,54.24,53.91,54.12,8434.5,456114.673,1
BYBIT,LTCUSDT,60,1773118800000,54.12,54.21,53.83,53.86,8933.2,482824.355,1
BYBIT,LTCUSDT,60,1773122400000,53.86,54.09,53.76,53.95,12798.5,690148.378,1
BYBIT,LTCUSDT,60,1773126000000,53.95,54.2,53.84,54.03,12429.7,671700.043,1
BYBIT,LTCUSDT,60,1773129600000,54.03,54.33,54.02,54.1,28898.7,1564784.776,1
BYBIT,LTCUSDT,60,1773133200000,54.1,54.49,54.1,54.4,16088.7,874354.757,1
BYBIT,LTCUSDT,60,1773136800000,54.4,54.43,53.99,54.15,13263.2,718004.217,1
BYBIT,LTCUSDT,60,1773140400000,54.15,54.25,53.98,54.08,12151.1,657802.601,1
BYBIT,LTCUSDT,60,1773144000000,54.08,54.15,53.89,54.06,8308.1,448766.092,1
BYBIT,LTCUSDT,60,1773147600000,54.06,54.33,53.69,54.01,43993.4,2376245.603,1
BYBIT,LTCUSDT,60,1773151200000,54.01,54.91,53.61,54.86,55235.3,2995472.419,1
BYBIT,LTCUSDT,60,1773154800000,54.86,54.98,54.46,54.73,34008.9,1860627.905,1
BYBIT,LTCUSDT,60,1773158400000,54.73,54.94,54.43,54.73,28797.6,1576641.773,1
BYBIT,LTCUSDT,60,1773162000000,54.73,54.81,54.36,54.58,26426.0,1442780.945,1
BYBIT,LTCUSDT,60,1773165600000,54.58,54.58,53.65,53.74,44309.3,2390691.153,1
BYBIT,LTCUSDT,60,1773169200000,53.74,53.9,53.51,53.75,17968.1,964589.174,1
BYBIT,LTCUSDT,60,1773172800000,53.75,53.96,53.73,53.93,13288.7,715815.392,1
BYBIT,LTCUSDT,60,1773176400000,53.93,54.07,53.41,53.58,17292.0,930120.817,1
BYBIT,LTCUSDT,60,1773180000000,53.58,53.76,53.38,53.68,11044.4,591636.805,1
BYBIT,LTCUSDT,60,1773183600000,53.68,53.85,53.65,53.82,7219.3,387987.968,1
BYBIT,LTCUSDT,60,1773187200000,53.82,53.98,53.69,53.94,8863.5,477098.814,1
BYBIT,LTCUSDT,60,1773190800000,53.94,53.98,53.84,53.92,7741.5,417454.173,1
BYBIT,LTCUSDT,60,1773194400000,53.92,53.98,53.64,53.86,10644.4,572508.872,1
BYBIT,LTCUSDT,60,1773198000000,53.86,53.96,53.74,53.78,4917.3,264818.676,1
BYBIT,LTCUSDT,60,1773201600000,53.78,54.07,53.68,54.0,9566.9,515864.435,1
BYBIT,LTCUSDT,60,1773205200000,54.0,54.02,53.51,53.6,11665.0,626434.423,1
BYBIT,LTCUSDT,60,1773208800000,53.6,53.92,53.56,53.81,7189.5,386335.355,1
BYBIT,LTCUSDT,60,1773212400000,53.81,53.93,53.66,53.81,5435.0,292352.632,1
BYBIT,LTCUSDT,60,1773216000000,53.81,53.95,53.69,53.94,8069.7,434388.34,1
BYBIT,LTCUSDT,60,1773219600000,53.94,53.94,53.62,53.65,8568.9,461005.162,1
BYBIT,LTCUSDT,60,1773223200000,53.65,53.98,53.62,53.89,6190.0,332907.444,1
BYBIT,LTCUSDT,60,1773226800000,53.89,54.01,53.78,53.83,9825.3,529294.809,1
BYBIT,LTCUSDT,60,1773230400000,53.83,54.37,53.72,54.1,27879.2,1509245.991,1
BYBIT,LTCUSDT,60,1773234000000,54.1,55.02,54.08,54.57,48656.9,2656112.975,1
BYBIT,LTCUSDT,60,1773237600000,54.57,55.06,54.51,54.76,31531.0,1728268.917,1
BYBIT,LTCUSDT,60,1773241200000,54.76,54.79,54.2,54.51,19107.7,1040517.264,1
BYBIT,LTCUSDT,60,1773244800000,54.51,54.97,54.5,54.81,23745.9,1299116.058,1
BYBIT,LTCUSDT,60,1773248400000,54.81,55.12,54.57,54.87,23344.3,1280723.5,1
BYBIT,LTCUSDT,60,1773252000000,54.87,55.14,54.87,55.1,15397.8,846828.185,1
BYBIT,LTCUSDT,60,1773255600000,55.1,55.12,54.89,55.01,8835.1,485880.263,1
BYBIT,LTCUSDT,60,1773259200000,55.01,55.01,54.8,54.92,15304.7,840011.967,1
BYBIT,LTCUSDT,60,1773262800000,54.92,55.11,54.87,55.09,12335.4,678407.328,1
BYBIT,LTCUSDT,60,1773266400000,55.09,55.24,54.86,54.93,15289.0,841484.831,1
BYBIT,LTCUSDT,60,1773270000000,54.93,55.02,54.64,54.76,10034.2,549901.598,1
BYBIT,LTCUSDT,60,1773273600000,54.76,54.95,54.73,54.94,9123.2,500057.978,1
BYBIT,LTCUSDT,60,1773277200000,54.94,54.94,54.46,54.62,17651.6,964499.612,1
BYBIT,LTCUSDT,60,1773280800000,54.62,54.68,54.15,54.21,34747.4,1893632.422,1
BYBIT,LTCUSDT,60,1773284400000,54.21,54.3,54.02,54.11,9552.0,517452.737,1
BYBIT,LTCUSDT,60,1773288000000,54.11,54.21,53.98,54.08,20376.4,1102656.184,1
BYBIT,LTCUSDT,60,1773291600000,54.08,54.15,53.91,54.09,7250.6,391728.378,1
BYBIT,LTCUSDT,60,1773295200000,54.09,54.12,54.0,54.05,8125.6,439371.43,1
BYBIT,LTCUSDT,60,1773298800000,54.05,54.32,53.98,54.25,14993.5,812746.585,1
BYBIT,LTCUSDT,60,1773302400000,54.25,54.47,54.16,54.35,16414.8,891008.421,1
BYBIT,LTCUSDT,60,1773306000000,54.35,54.65,54.09,54.4,18155.1,986197.364,1
BYBIT,LTCUSDT,60,1773309600000,54.4,54.65,54.32,54.5,17711.3,965549.235,1
BYBIT,LTCUSDT,60,1773313200000,54.5,54.5,54.21,54.3,12922.4,702611.385,1
BYBIT,LTCUSDT,60,1773316800000,54.3,54.57,54.2,54.5,12207.8,664252.763,1
BYBIT,LTCUSDT,60,1773320400000,54.5,54.56,54.08,54.35,39073.1,2122218.0,1
BYBIT,LTCUSDT,60,1773324000000,54.35,54.6,53.74,54.01,48609.8,2627951.314,1
BYBIT,LTCUSDT,60,1773327600000,54.01,54.44,53.96,54.28,25438.3,1380026.487,1
BYBIT,LTCUSDT,60,1773331200000,54.28,54.44,54.08,54.38,13464.0,730734.551,1
BYBIT,LTCUSDT,60,1773334800000,54.38,54.45,54.13,54.19,9466.3,513815.085,1
BYBIT,LTCUSDT,60,1773338400000,54.19,54.35,54.03,54.07,15217.5,824190.556,1
BYBIT,LTCUSDT,60,1773342000000,54.07,54.36,53.99,54.26,15621.2,846574.045,1
BYBIT,LTCUSDT,60,1773345600000,54.26,54.3,54.0,54.12,13615.0,736617.846,1
BYBIT,LTCUSDT,60,1773349200000,54.12,54.46,54.12,54.43,8563.4,465170.576,1
BYBIT,LTCUSDT,60,1773352800000,54.43,54.49,54.31,54.46,6383.1,347203.938,1
BYBIT,LTCUSDT,60,1773356400000,54.46,54.76,54.43,54.53,24385.8,1330084.567,1
BYBIT,LTCUSDT,60,1773360000000,54.53,55.44,54.44,55.02,61396.6,3382126.483,1
BYBIT,LTCUSDT,60,1773363600000,55.02,55.31,55.01,55.24,15471.1,853729.475,1
BYBIT,LTCUSDT,60,1773367200000,55.24,55.29,54.83,55.0,19186.1,1056010.551,1
BYBIT,LTCUSDT,60,1773370800000,55.0,55.32,54.93,55.23,7250.8,399643.157,1
BYBIT,LTCUSDT,60,1773374400000,55.23,55.37,55.03,55.15,13805.8,761806.147,1
BYBIT,LTCUSDT,60,1773378000000,55.15,55.35,54.98,55.23,14975.2,826679.033,1
BYBIT,LTCUSDT,60,1773381600000,55.23,55.3,54.93,55.0,17670.1,972760.867,1
BYBIT,LTCUSDT,60,1773385200000,55.0,55.15,54.94,55.01,14166.8,779854.34,1
BYBIT,LTCUSDT,60,1773388800000,55.01,55.4,54.94,55.17,18226.3,1005640.484,1
BYBIT,LTCUSDT,60,1773392400000,55.17,55.52,55.17,55.41,15567.4,861823.353,1
BYBIT,LTCUSDT,60,1773396000000,55.41,56.15,55.38,55.92,42352.4,2362660.753,1
BYBIT,LTCUSDT,60,1773399600000,55.92,56.04,55.82,55.9,14788.2,827102.747,1
BYBIT,LTCUSDT,60,1773403200000,55.9,56.43,55.84,56.2,26268.4,1473456.606,1
BYBIT,LTCUSDT,60,1773406800000,56.2,56.66,56.05,56.45,40813.2,2300086.179,1
BYBIT,LTCUSDT,60,1773410400000,56.45,56.68,55.49,55.62,78718.4,4415734.043,1
BYBIT,LTCUSDT,60,1773414000000,55.62,55.83,55.21,55.27,71840.7,3987748.832,1
BYBIT,LTCUSDT,60,1773417600000,55.27,55.77,55.15,55.67,43561.6,2416050.941,1
BYBIT,LTCUSDT,60,1773421200000,55.67,55.93,55.11,55.32,37861.4,2101858.91,1
BYBIT,LTCUSDT,60,1773424800000,55.32,55.51,55.2,55.33,15415.2,853262.843,1
BYBIT,LTCUSDT,60,1773428400000,55.33,55.59,55.24,55.57,10228.1,566759.078,1
BYBIT,LTCUSDT,60,1773432000000,55.57,55.8,55.42,55.74,12337.7,686302.161,1
BYBIT,LTCUSDT,60,1773435600000,55.74,56.0,55.59,55.61,17455.4,974943.507,1
BYBIT,LTCUSDT,60,1773439200000,55.61,55.67,55.06,55.22,16914.4,935056.085,1
BYBIT,LTCUSDT,60,1773442800000,55.22,55.34,55.17,55.28,7031.0,388487.795,1
BYBIT,LTCUSDT,60,1773446400000,55.28,55.4,55.05,55.09,14472.5,798916.122,1
BYBIT,LTCUSDT,60,1773450000000,55.09,55.46,55.03,55.39,20541.0,1135161.726,1
BYBIT,LTCUSDT,60,1773453600000,55.39,55.6,55.34,55.54,11436.0,634035.564,1
BYBIT,LTCUSDT,60,1773457200000,55.54,55.75,55.5,55.67,13338.2,742332.164,1
BYBIT,LTCUSDT,60,1773460800000,55.67,55.78,55.47,55.5,13875.9,771690.079,1
BYBIT,LTCUSDT,60,1773464400000,55.5,55.57,55.16,55.24,11544.7,638562.738,1
BYBIT,LTCUSDT,60,1773468000000,55.24,55.24,54.61,54.79,33915.8,1860739.624,1
BYBIT,LTCUSDT,60,1773471600000,54.79,54.82,54.58,54.66,21486.9,1175329.433,1
BYBIT,LTCUSDT,60,1773475200000,54.66,54.76,54.47,54.56,24492.1,1337314.454,1
BYBIT,LTCUSDT,60,1773478800000,54.56,54.65,54.4,54.45,12049.6,657141.488,1
BYBIT,LTCUSDT,60,1773482400000,54.45,54.47,54.31,54.42,10029.0,545513.435,1
BYBIT,LTCUSDT,60,1773486000000,54.42,54.7,54.41,54.65,11433.0,624248.331,1
BYBIT,LTCUSDT,60,1773489600000,54.65,54.73,54.49,54.62,12089.5,660144.573,1
BYBIT,LTCUSDT,60,1773493200000,54.62,54.74,54.56,54.62,7245.3,396064.848,1
BYBIT,LTCUSDT,60,1773496800000,54.62,54.64,54.38,54.39,11709.6,637950.027,1
BYBIT,LTCUSDT,60,1773500400000,54.39,54.48,54.35,54.44,11415.4,621119.238,1
BYBIT,LTCUSDT,60,1773504000000,54.44,54.62,54.33,54.58,13953.3,760087.36,1
BYBIT,LTCUSDT,60,1773507600000,54.58,54.68,54.54,54.56,10019.0,547253.881,1
BYBIT,LTCUSDT,60,1773511200000,54.56,54.78,54.5,54.71,6919.1,378398.261,1
BYBIT,LTCUSDT,60,1773514800000,54.71,54.77,54.61,54.62,6403.7,350111.457,1
BYBIT,LTCUSDT,60,1773518400000,54.62,54.66,54.48,54.6,6082.1,331782.892,1
BYBIT,LTCUSDT,60,1773522000000,54.6,54.69,54.5,54.65,6964.4,380008.677,1
BYBIT,LTCUSDT,60,1773525600000,54.65,54.7,54.57,54.59,6153.7,336321.243,1
BYBIT,LTCUSDT,60,1773529200000,54.59,54.98,54.58,54.95,9311.9,510327.004,1
BYBIT,LTCUSDT,60,1773532800000,54.95,54.95,54.7,54.73,12692.9,695446.024,1
BYBIT,LTCUSDT,60,1773536400000,54.73,54.84,54.65,54.83,5121.6,280494.712,1
BYBIT,LTCUSDT,60,1773540000000,54.83,55.29,54.83,55.17,22139.4,1220159.061,1
BYBIT,LTCUSDT,60,1773543600000,55.17,55.29,55.04,55.13,17974.5,991764.115,1
BYBIT,LTCUSDT,60,1773547200000,55.13,55.34,55.08,55.25,9237.6,509693.051,1
BYBIT,LTCUSDT,60,1773550800000,55.25,55.43,55.15,55.18,9703.1,536508.019,1
BYBIT,LTCUSDT,60,1773554400000,55.18,55.27,54.98,55.07,9844.5,542159.862,1
BYBIT,LTCUSDT,60,1773558000000,55.07,55.24,55.04,55.22,6291.5,346824.346,1
BYBIT,LTCUSDT,60,1773561600000,55.22,55.37,55.18,55.37,5453.6,301371.137,1
BYBIT,LTCUSDT,60,1773565200000,55.37,55.54,55.3,55.3,6176.5,342474.094,1
BYBIT,LTCUSDT,60,1773568800000,55.3,55.44,55.25,55.4,5014.8,277643.654,1
BYBIT,LTCUSDT,60,1773572400000,55.4,55.46,55.35,55.36,3885.2,215217.972,1
BYBIT,LTCUSDT,60,1773576000000,55.36,55.48,55.25,55.37,4164.9,230576.269,1
BYBIT,LTCUSDT,60,1773579600000,55.37,55.46,55.07,55.27,14834.0,818918.255,1
BYBIT,LTCUSDT,60,1773583200000,55.27,55.34,55.03,55.25,6764.5,373441.337,1
BYBIT,LTCUSDT,60,1773586800000,55.25,55.25,55.03,55.06,4094.5,225645.78,1
BYBIT,LTCUSDT,60,1773590400000,55.06,55.19,54.94,54.97,8386.1,461653.948,1
BYBIT,LTCUSDT,60,1773594000000,54.97,55.32,54.97,55.19,12404.2,683646.366,1
BYBIT,LTCUSDT,60,1773597600000,55.19,55.25,54.88,54.96,19257.0,1061403.888,1
BYBIT,LTCUSDT,60,1773601200000,54.96,55.25,54.93,55.19,10263.2,566026.137,1
BYBIT,LTCUSDT,60,1773604800000,55.19,55.45,55.02,55.32,14360.9,793839.277,1
BYBIT,LTCUSDT,60,1773608400000,55.32,55.76,55.22,55.68,24905.2,1381287.611,1
BYBIT,LTCUSDT,60,1773612000000,55.68,56.37,55.47,56.29,60121.3,3359766.713,1
BYBIT,LTCUSDT,60,1773615600000,56.29,56.35,55.85,56.22,31386.4,1762517.756,1
BYBIT,LTCUSDT,60,1773619200000,56.22,56.45,56.0,56.1,17271.0,970787.357,1
BYBIT,LTCUSDT,60,1773622800000,56.1,56.32,55.92,56.16,22262.8,1250026.061,1
BYBIT,LTCUSDT,60,1773626400000,56.16,56.23,55.77,55.99,24401.2,1365528.347,1
BYBIT,LTCUSDT,60,1773630000000,55.99,56.98,55.88,56.62,70899.2,4011242.423,1
BYBIT,LTCUSDT,60,1773633600000,56.62,57.26,56.61,57.18,45477.5,2589639.496,1
BYBIT,LTCUSDT,60,1773637200000,57.18,57.52,57.05,57.42,37923.6,2172681.492,1
BYBIT,LTCUSDT,60,1773640800000,57.42,57.45,57.1,57.19,22341.8,1278517.611,1
BYBIT,LTCUSDT,60,1773644400000,57.19,57.63,57.18,57.36,17832.1,1024174.479,1
BYBIT,LTCUSDT,60,1773648000000,57.36,57.79,57.09,57.26,32898.9,1889141.379,1
BYBIT,LTCUSDT,60,1773651600000,57.26,57.6,57.22,57.45,20959.9,1203590.345,1
BYBIT,LTCUSDT,60,1773655200000,57.45,57.55,57.19,57.44,12308.2,705994.403,1
BYBIT,LTCUSDT,60,1773658800000,57.44,57.55,57.22,57.33,9965.7,571715.339,1
BYBIT,LTCUSDT,60,1773662400000,57.33,57.74,57.31,57.64,31866.7,1833806.808,1
BYBIT,LTCUSDT,60,1773666000000,57.64,58.37,57.5,57.93,64859.5,3755192.243,1
BYBIT,LTCUSDT,60,1773669600000,57.93,58.2,57.42,58.2,54577.7,3150872.273,1
BYBIT,LTCUSDT,60,1773673200000,58.2,58.41,57.72,57.79,38223.8,2221901.751,1
BYBIT,LTCUSDT,60,1773676800000,57.79,58.4,57.79,58.24,21694.3,1261859.861,1
BYBIT,LTCUSDT,60,1773680400000,58.24,58.46,58.13,58.33,23725.4,1383875.81,1
BYBIT,LTCUSDT,60,1773684000000,58.33,58.73,58.27,58.4,24590.3,1438180.115,1
BYBIT,LTCUSDT,60,1773687600000,58.4,58.83,58.29,58.38,23654.6,1383782.273,1
BYBIT,LTCUSDT,60,1773691200000,58.38,58.6,58.25,58.53,14883.2,868944.039,1
BYBIT,LTCUSDT,60,1773694800000,58.53,59.17,58.51,58.66,38953.9,2290920.479,1
BYBIT,LTCUSDT,60,1773698400000,58.66,58.9,58.61,58.84,20424.6,1200623.859,1
BYBIT,LTCUSDT,60,1773702000000,58.84,58.86,58.28,58.66,30205.7,1771030.929,1
BYBIT,LTCUSDT,60,1773705600000,58.66,59.01,58.43,58.83,35345.0,2077319.063,1
BYBIT,LTCUSDT,60,1773709200000,58.83,59.01,58.44,58.66,35165.5,2064747.484,1
BYBIT,LTCUSDT,60,1773712800000,58.66,59.22,58.47,58.69,58945.1,3473449.335,1
BYBIT,LTCUSDT,60,1773716400000,58.69,58.69,57.85,58.02,46793.1,2719619.639,1
BYBIT,LTCUSDT,60,1773720000000,58.02,58.14,57.35,57.65,40953.1,2363517.087,1
BYBIT,LTCUSDT,60,1773723600000,57.65,57.9,57.4,57.63,27885.0,1607876.419,1
BYBIT,LTCUSDT,60,1773727200000,57.63,57.92,57.44,57.67,15973.1,921977.72,1
BYBIT,LTCUSDT,60,1773730800000,57.67,58.07,57.66,57.86,8094.6,468858.486,1
BYBIT,LTCUSDT,60,1773734400000,57.86,58.04,57.72,57.8,13071.2,756716.761,1
BYBIT,LTCUSDT,60,1773738000000,57.8,58.01,57.61,57.78,16980.3,981319.123,1
BYBIT,LTCUSDT,60,1773741600000,57.78,57.8,57.47,57.63,16253.0,936204.266,1
BYBIT,LTCUSDT,60,1773745200000,57.63,57.86,57.59,57.64,7102.9,410126.77,1
BYBIT,LTCUSDT,60,1773748800000,57.64,57.69,57.23,57.39,19907.1,1143319.815,1
BYBIT,LTCUSDT,60,1773752400000,57.39,57.91,57.34,57.7,24747.3,1426501.263,1
BYBIT,LTCUSDT,60,1773756000000,57.7,58.07,57.48,58.02,28402.0,1641081.549,1
BYBIT,LTCUSDT,60,1773759600000,58.02,58.3,57.66,58.03,24924.8,1444937.078,1
BYBIT,LTCUSDT,60,1773763200000,58.03,58.32,57.92,58.05,28701.1,1669053.722,1
BYBIT,LTCUSDT,60,1773766800000,58.05,58.6,58.05,58.46,14903.1,869467.77,1
BYBIT,LTCUSDT,60,1773770400000,58.46,58.56,58.35,58.47,9902.4,578836.356,1
BYBIT,LTCUSDT,60,1773774000000,58.47,58.5,58.12,58.13,15028.8,875865.008,1
BYBIT,LTCUSDT,60,1773777600000,58.13,58.36,58.06,58.26,13230.6,770795.425,1
BYBIT,LTCUSDT,60,1773781200000,58.26,58.66,58.25,58.55,15854.7,927529.405,1
BYBIT,LTCUSDT,60,1773784800000,58.55,58.66,58.17,58.31,16163.3,942975.478,1
BYBIT,LTCUSDT,60,1773788400000,58.31,58.36,58.01,58.04,14136.4,822356.037,1
BYBIT,LTCUSDT,60,1773792000000,58.04,58.15,57.91,58.15,19673.0,1141887.22,1
BYBIT,LTCUSDT,60,1773795600000,58.15,58.37,58.13,58.21,5102.5,297219.521,1
BYBIT,LTCUSDT,60,1773799200000,58.21,58.42,58.19,58.35,3973.5,231671.488,1
BYBIT,LTCUSDT,60,1773802800000,58.35,58.53,58.21,58.34,6635.3,387450.351,1
BYBIT,LTCUSDT,60,1773806400000,58.34,58.35,57.92,58.05,7116.3,413425.404,1
BYBIT,LTCUSDT,60,1773810000000,58.05,58.27,57.81,57.93,25673.3,1491377.77,1
BYBIT,LTCUSDT,60,1773813600000,57.93,58.05,57.88,57.9,11097.1,643036.225,1
BYBIT,LTCUSDT,60,1773817200000,57.9,57.91,57.67,57.79,9665.4,558434.536,1
BYBIT,LTCUSDT,60,1773820800000,57.79,57.94,57.47,57.48,11747.6,678106.223,1
BYBIT,LTCUSDT,60,1773824400000,57.48,57.85,57.36,57.76,34394.3,1980863.482,1
BYBIT,LTCUSDT,60,1773828000000,57.76,57.82,57.51,57.61,10147.6,585400.291,1
BYBIT,LTCUSDT,60,1773831600000,57.61,57.67,56.3,56.53,75146.7,4276208.714,1
BYBIT,LTCUSDT,60,1773835200000,56.53,56.6,55.8,56.0,67197.5,3769446.229,1
BYBIT,LTCUSDT,60,1773838800000,56.0,56.37,55.75,56.19,35410.0,1988133.85,1
BYBIT,LTCUSDT,60,1773842400000,56.19,56.21,55.51,55.56,75942.1,4230455.712,1
BYBIT,LTCUSDT,60,1773846000000,55.56,55.76,55.29,55.49,81810.7,4542276.914,1
BYBIT,LTCUSDT,60,1773849600000,55.49,55.68,55.32,55.5,29836.4,1656139.338,1
BYBIT,LTCUSDT,60,1773853200000,55.5,55.99,55.4,55.89,15640.0,872192.07,1
BYBIT,LTCUSDT,60,1773856800000,55.89,56.27,55.59,55.7,37766.2,2115815.205,1
BYBIT,LTCUSDT,60,1773860400000,55.7,55.96,55.64,55.75,6824.1,380715.758,1
BYBIT,LTCUSDT,60,1773864000000,55.75,56.02,55.41,55.97,16414.4,914002.251,1
BYBIT,LTCUSDT,60,1773867600000,55.97,56.31,55.93,56.21,11780.7,662243.356,1
BYBIT,LTCUSDT,60,1773871200000,56.21,56.22,55.81,55.87,15601.8,873092.83,1
BYBIT,LTCUSDT,60,1773874800000,55.87,56.04,55.73,56.03,10591.1,591415.141,1
BYBIT,LTCUSDT,60,1773878400000,56.03,56.11,55.77,55.8,11463.6,640904.313,1
BYBIT,LTCUSDT,60,1773882000000,55.8,56.0,55.73,55.93,4170.9,232941.345,1
BYBIT,LTCUSDT,60,1773885600000,55.93,55.93,55.67,55.73,7594.5,423924.511,1
BYBIT,LTCUSDT,60,1773889200000,55.73,56.31,55.72,55.95,14120.8,792003.265,1
BYBIT,LTCUSDT,60,1773892800000,55.95,56.03,55.58,55.62,21457.6,1196378.147,1
BYBIT,LTCUSDT,60,1773896400000,55.62,55.72,55.47,55.55,6603.1,367120.58,1
BYBIT,LTCUSDT,60,1773900000000,55.55,55.66,55.35,55.49,15179.0,842575.24,1
BYBIT,LTCUSDT,60,1773903600000,55.49,55.56,54.8,55.14,41225.4,2274495.171,1
BYBIT,LTCUSDT,60,1773907200000,55.14,55.3,55.01,55.12,17280.2,952533.548,1
BYBIT,LTCUSDT,60,1773910800000,55.12,55.61,55.11,55.6,22137.0,1226036.245,1
BYBIT,LTCUSDT,60,1773914400000,55.6,55.64,55.35,55.37,11068.4,614025.239,1
BYBIT,LTCUSDT,60,1773918000000,55.37,55.47,55.28,55.32,9641.5,533669.715,1
BYBIT,LTCUSDT,60,1773921600000,55.32,55.34,54.83,54.87,21712.1,1196334.634,1
BYBIT,LTCUSDT,60,1773925200000,54.87,55.26,54.63,55.15,43440.8,2382045.682,1
BYBIT,LTCUSDT,60,1773928800000,55.15,55.31,54.79,55.12,19802.7,1089124.371,1
BYBIT,LTCUSDT,60,1773932400000,55.12,55.3,54.58,54.98,24669.5,1353917.546,1
BYBIT,LTCUSDT,60,1773936000000,54.98,55.06,54.79,54.9,14628.2,803797.056,1
BYBIT,LTCUSDT,60,1773939600000,54.9,55.34,54.76,55.22,12623.7,694805.476,1
BYBIT,LTCUSDT,60,1773943200000,55.22,55.29,55.12,55.26,6867.9,379259.451,1
BYBIT,LTCUSDT,60,1773946800000,55.26,55.86,55.25,55.61,27665.4,1538539.26,1
BYBIT,LTCUSDT,60,1773950400000,55.61,55.89,55.57,55.77,16542.5,923074.893,1
BYBIT,LTCUSDT,60,1773954000000,55.77,55.89,55.55,55.67,16031.5,892762.781,1
BYBIT,LTCUSDT,60,1773957600000,55.67,55.69,55.36,55.48,9630.6,534686.315,1
BYBIT,LTCUSDT,60,1773961200000,55.48,55.58,55.31,55.5,7830.0,434049.605,1
BYBIT,LTCUSDT,60,1773964800000,55.5,55.78,55.5,55.73,9986.9,555819.262,1
BYBIT,LTCUSDT,60,1773968400000,55.73,55.92,55.72,55.8,8711.1,486397.141,1
BYBIT,LTCUSDT,60,1773972000000,55.8,55.83,55.64,55.72,6046.1,336974.79,1
BYBIT,LTCUSDT,60,1773975600000,55.72,55.92,55.61,55.84,9420.9,525674.583,1
BYBIT,LTCUSDT,60,1773979200000,55.84,56.04,55.71,55.93,7338.2,410365.517,1
BYBIT,LTCUSDT,60,1773982800000,55.93,56.13,55.87,55.89,6633.7,371424.489,1
BYBIT,LTCUSDT,60,1773986400000,55.89,55.99,55.86,55.89,4750.1,265582.401,1
BYBIT,LTCUSDT,60,1773990000000,55.89,56.01,55.58,55.96,9400.2,524464.623,1
BYBIT,LTCUSDT,60,1773993600000,55.96,56.26,55.91,55.98,13880.2,778562.619,1
BYBIT,LTCUSDT,60,1773997200000,55.98,55.98,55.52,55.6,9412.5,524069.82,1
BYBIT,LTCUSDT,60,1774000800000,55.6,55.74,55.48,55.6,8324.1,462555.966,1
BYBIT,LTCUSDT,60,1774004400000,55.6,55.79,55.25,55.4,17126.0,950137.841,1
BYBIT,LTCUSDT,60,1774008000000,55.4,55.57,55.26,55.34,7302.1,404598.776,1
BYBIT,LTCUSDT,60,1774011600000,55.34,55.57,55.22,55.3,15830.4,877188.47,1
BYBIT,LTCUSDT,60,1774015200000,55.3,55.62,55.15,55.32,22429.9,1241723.324,1
BYBIT,LTCUSDT,60,1774018800000,55.32,55.59,55.17,55.56,19412.6,1075773.354,1
BYBIT,LTCUSDT,60,1774022400000,55.56,55.68,55.34,55.47,6526.0,362203.337,1
BYBIT,LTCUSDT,60,1774026000000,55.47,55.65,55.21,55.65,9630.0,533404.802,1
BYBIT,LTCUSDT,60,1774029600000,55.65,55.66,55.29,55.42,4991.2,276951.644,1
BYBIT,LTCUSDT,60,1774033200000,55.42,55.65,55.25,55.63,10742.8,595647.034,1
BYBIT,LTCUSDT,60,1774036800000,55.63,55.71,55.37,55.71,4098.1,227639.765,1
BYBIT,LTCUSDT,60,1774040400000,55.71,56.19,55.69,56.09,19137.7,1071073.55,1
BYBIT,LTCUSDT,60,1774044000000,56.09,56.43,56.09,56.15,16893.4,950932.61,1
BYBIT,LTCUSDT,60,1774047600000,56.15,56.21,55.96,56.13,8998.3,504614.233,1
BYBIT,LTCUSDT,60,1774051200000,56.13,56.43,56.11,56.38,9719.6,547068.468,1
BYBIT,LTCUSDT,60,1774054800000,56.38,56.48,56.09,56.12,10329.2,582138.639,1
BYBIT,LTCUSDT,60,1774058400000,56.12,56.34,56.1,56.26,3734.8,209904.858,1
BYBIT,LTCUSDT,60,1774062000000,56.26,56.29,56.08,56.15,5314.6,298732.443,1
BYBIT,LTCUSDT,60,1774065600000,56.15,56.27,56.11,56.16,5474.1,307611.923,1
BYBIT,LTCUSDT,60,1774069200000,56.16,56.53,56.16,56.2,13197.4,744121.414,1
BYBIT,LTCUSDT,60,1774072800000,56.2,56.32,56.17,56.22,6945.3,390727.552,1
BYBIT,LTCUSDT,60,1774076400000,56.22,56.33,56.18,56.28,5396.3,303636.787,1
BYBIT,LTCUSDT,60,1774080000000,56.28,56.35,56.15,56.35,10671.0,600231.614,1
BYBIT,LTCUSDT,60,1774083600000,56.35,56.56,56.23,56.26,9913.5,558924.74,1
BYBIT,LTCUSDT,60,1774087200000,56.26,56.27,56.0,56.06,15706.2,881507.012,1
BYBIT,LTCUSDT,60,1774090800000,56.06,56.06,55.91,55.99,7058.0,395240.038,1
BYBIT,LTCUSDT,60,1774094400000,55.99,56.04,55.88,55.92,9362.7,523871.315,1
BYBIT,LTCUSDT,60,1774098000000,55.92,55.97,55.71,55.76,13654.6,762212.595,1
BYBIT,LTCUSDT,60,1774101600000,55.76,55.93,55.56,55.61,14556.1,811680.441,1
BYBIT,LTCUSDT,60,1774105200000,55.61,55.74,55.56,55.72,8110.7,451340.19,1
BYBIT,LTCUSDT,60,1774108800000,55.72,55.75,55.52,55.66,8669.4,482319.09,1
BYBIT,LTCUSDT,60,1774112400000,55.66,55.76,55.6,55.7,4334.7,241396.153,1
BYBIT,LTCUSDT,60,1774116000000,55.7,55.98,55.7,55.96,12670.6,707664.244,1
BYBIT,LTCUSDT,60,1774119600000,55.96,56.35,55.82,55.82,47099.6,2642751.94,1
BYBIT,LTCUSDT,60,1774123200000,55.82,55.99,55.77,55.96,5507.3,307776.178,1
BYBIT,LTCUSDT,60,1774126800000,55.96,55.97,55.78,55.82,6354.3,355113.033,1
BYBIT,LTCUSDT,60,1774130400000,55.82,55.83,55.65,55.69,6293.3,350689.135,1
BYBIT,LTCUSDT,60,1774134000000,55.69,55.69,54.39,54.77,103067.8,5660971.805,1
BYBIT,LTCUSDT,60,1774137600000,54.77,54.8,54.08,54.62,77220.5,4205314.298,1
BYBIT,LTCUSDT,60,1774141200000,54.62,54.76,54.41,54.57,14113.1,770632.701,1
BYBIT,LTCUSDT,60,1774144800000,54.57,54.87,54.45,54.74,12757.6,697495.552,1
BYBIT,LTCUSDT,60,1774148400000,54.74,55.0,54.59,54.7,15830.9,867508.986,1
BYBIT,LTCUSDT,60,1774152000000,54.7,54.88,54.59,54.72,15635.2,856098.104,1
BYBIT,LTCUSDT,60,1774155600000,54.72,54.72,54.52,54.52,12511.6,683155.846,1
BYBIT,LTCUSDT,60,1774159200000,54.52,54.62,54.35,54.6,15771.0,859044.504,1
BYBIT,LTCUSDT,60,1774162800000,54.6,54.66,54.33,54.35,18305.8,997385.131,1
BYBIT,LTCUSDT,60,1774166400000,54.35,54.37,54.05,54.21,22351.7,1210909.389,1
BYBIT,LTCUSDT,60,1774170000000,54.21,54.35,54.08,54.18,12741.3,690541.353,1
BYBIT,LTCUSDT,60,1774173600000,54.18,54.25,53.95,53.96,14902.8,805887.469,1
BYBIT,LTCUSDT,60,1774177200000,53.96,54.04,53.75,53.88,23612.2,1272436.877,1
BYBIT,LTCUSDT,60,1774180800000,53.88,54.31,53.88,54.01,20056.3,1084726.822,1
BYBIT,LTCUSDT,60,1774184400000,54.01,54.26,53.96,54.12,15085.2,816517.637,1
BYBIT,LTCUSDT,60,1774188000000,54.12,54.24,53.99,54.08,13406.7,725337.854,1
BYBIT,LTCUSDT,60,1774191600000,54.08,54.22,54.04,54.21,7633.5,413277.923,1
BYBIT,LTCUSDT,60,1774195200000,54.21,54.24,54.03,54.06,9674.9,523638.23,1
BYBIT,LTCUSDT,60,1774198800000,54.06,54.16,54.0,54.06,4781.3,258548.375,1
BYBIT,LTCUSDT,60,1774202400000,54.06,54.13,53.73,53.97,25205.0,1359103.048,1
BYBIT,LTCUSDT,60,1774206000000,53.97,53.97,53.62,53.73,18300.8,983334.223,1
BYBIT,LTCUSDT,60,1774209600000,53.73,53.84,53.48,53.54,15510.1,831926.647,1
BYBIT,LTCUSDT,60,1774213200000,53.54,53.58,52.97,53.32,55139.7,2936077.822,1
BYBIT,LTCUSDT,60,1774216800000,53.32,53.73,53.06,53.65,19052.5,1018678.509,1
BYBIT,LTCUSDT,60,1774220400000,53.65,53.73,53.41,53.47,9091.7,487086.293,1
BYBIT,LTCUSDT,60,1774224000000,53.47,53.7,53.28,53.6,30704.9,1642046.698,1
BYBIT,LTCUSDT,60,1774227600000,53.6,53.81,53.48,53.63,7538.2,404872.164,1
BYBIT,LTCUSDT,60,1774231200000,53.63,54.03,53.61,53.88,20244.7,1089472.428,1
BYBIT,LTCUSDT,60,1774234800000,53.88,54.12,53.87,53.88,8986.3,485415.619,1
BYBIT,LTCUSDT,60,1774238400000,53.88,54.15,53.88,54.11,18265.3,986668.702,1
BYBIT,LTCUSDT,60,1774242000000,54.11,54.22,53.9,54.09,12267.6,663114.723,1
BYBIT,LTCUSDT,60,1774245600000,54.09,54.09,53.41,53.56,16169.7,867325.818,1
BYBIT,LTCUSDT,60,1774249200000,53.56,53.69,53.23,53.6,19160.7,1024290.941,1
BYBIT,LTCUSDT,60,1774252800000,53.6,53.85,53.53,53.58,8845.2,475278.648,1
BYBIT,LTCUSDT,60,1774256400000,53.58,53.79,53.39,53.79,9514.9,509980.078,1
BYBIT,LTCUSDT,60,1774260000000,53.79,54.08,53.71,53.81,12159.8,655028.983,1
BYBIT,LTCUSDT,60,1774263600000,53.81,56.13,53.79,54.9,411421.2,22718464.292,1
BYBIT,LTCUSDT,60,1774267200000,54.9,55.45,54.66,55.39,44092.6,2426453.514,1
BYBIT,LTCUSDT,60,1774270800000,55.39,55.86,55.16,55.74,27845.2,1543326.51,1
BYBIT,LTCUSDT,60,1774274400000,55.74,55.95,55.47,55.73,26446.2,1472265.18,1
BYBIT,LTCUSDT,60,1774278000000,55.73,55.92,55.01,55.04,32671.2,1809117.814,1
BYBIT,LTCUSDT,60,1774281600000,55.04,55.33,54.97,55.29,18567.6,1024561.441,1
BYBIT,LTCUSDT,60,1774285200000,55.29,55.56,55.14,55.45,20192.4,1117761.158,1
BYBIT,LTCUSDT,60,1774288800000,55.45,55.62,55.34,55.6,17783.2,986620.102,1
BYBIT,LTCUSDT,60,1774292400000,55.6,55.78,55.26,55.31,9992.1,554960.134,1
BYBIT,LTCUSDT,60,1774296000000,55.31,55.68,55.23,55.64,6467.1,358589.723,1
BYBIT,LTCUSDT,60,1774299600000,55.64,55.83,55.64,55.74,7171.6,399596.625,1
BYBIT,LTCUSDT,60,1774303200000,55.74,55.77,55.52,55.63,10688.9,594595.179,1
BYBIT,LTCUSDT,60,1774306800000,55.63,55.7,55.45,55.69,10174.1,565224.56,1
BYBIT,LTCUSDT,60,1774310400000,55.69,55.79,55.27,55.4,19052.2,1057027.503,1
BYBIT,LTCUSDT,60,1774314000000,55.4,55.44,55.02,55.19,15184.1,838254.969,1
BYBIT,LTCUSDT,60,1774317600000,55.19,55.48,55.14,55.22,8707.8,481235.793,1
BYBIT,LTCUSDT,60,1774321200000,55.22,55.6,55.2,55.53,3474.0,192481.483,1
BYBIT,LTCUSDT,60,1774324800000,55.53,55.62,55.3,55.4,4838.5,268266.643,1
BYBIT,LTCUSDT,60,1774328400000,55.4,55.5,55.26,55.47,5527.7,306215.138,1
BYBIT,LTCUSDT,60,1774332000000,55.47,55.72,55.45,55.6,9822.8,546236.104,1
BYBIT,LTCUSDT,60,1774335600000,55.6,55.99,55.56,55.92,19923.1,1110720.822,1
BYBIT,LTCUSDT,60,1774339200000,55.92,55.98,55.75,55.76,13681.5,764128.771,1
BYBIT,LTCUSDT,60,1774342800000,55.76,55.92,55.63,55.89,10936.7,609921.054,1
BYBIT,LTCUSDT,60,1774346400000,55.89,55.89,55.61,55.77,7806.7,435029.089,1
BYBIT,LTCUSDT,60,1774350000000,55.77,55.78,55.54,55.68,12971.8,722096.545,1
BYBIT,LTCUSDT,60,1774353600000,55.68,55.72,55.57,55.61,9062.2,504438.737,1
BYBIT,LTCUSDT,60,1774357200000,55.61,55.75,55.32,55.39,30788.1,1708789.537,1
BYBIT,LTCUSDT,60,1774360800000,55.39,55.58,55.13,55.51,45556.8,2521134.507,1
BYBIT,LTCUSDT,60,1774364400000,55.51,55.88,55.46,55.64,21126.8,1176227.629,1
BYBIT,LTCUSDT,60,1774368000000,55.64,55.89,55.53,55.68,13110.1,730489.096,1
BYBIT,LTCUSDT,60,1774371600000,55.68,55.7,55.3,55.39,17043.6,945223.187,1
BYBIT,LTCUSDT,60,1774375200000,55.39,55.86,55.32,55.61,16103.1,895868.969,1
BYBIT,LTCUSDT,60,1774378800000,55.61,55.81,55.61,55.69,12965.9,722146.944,1
BYBIT,LTCUSDT,60,1774382400000,55.69,56.35,55.66,56.14,38954.4,2184863.869,1
BYBIT,LTCUSDT,60,1774386000000,56.14,56.19,55.9,56.04,16882.8,945331.431,1
BYBIT,LTCUSDT,60,1774389600000,56.04,56.13,55.84,56.05,18720.5,1048055.941,1
BYBIT,LTCUSDT,60,1774393200000,56.05,56.45,56.03,56.35,22595.2,1272567.003,1
BYBIT,LTCUSDT,60,1774396800000,56.35,56.63,56.31,56.39,30104.5,1700051.571,1
BYBIT,LTCUSDT,60,1774400400000,56.39,56.4,56.22,56.29,20684.6,1164268.178,1
BYBIT,LTCUSDT,60,1774404000000,56.29,56.31,56.09,56.11,8253.1,464077.803,1
BYBIT,LTCUSDT,60,1774407600000,56.11,56.25,55.94,56.22,9900.0,555382.127,1
BYBIT,LTCUSDT,60,1774411200000,56.22,56.37,56.18,56.36,5151.1,289693.068,1
BYBIT,LTCUSDT,60,1774414800000,56.36,56.53,56.3,56.4,11590.6,654027.436,1
BYBIT,LTCUSDT,60,1774418400000,56.4,56.43,56.27,56.37,11881.7,669637.236,1
BYBIT,LTCUSDT,60,1774422000000,56.37,56.62,56.36,56.36,8872.8,501001.974,1
BYBIT,LTCUSDT,60,1774425600000,56.36,56.7,56.36,56.47,12519.2,707939.973,1
BYBIT,LTCUSDT,60,1774429200000,56.47,56.49,56.23,56.39,7892.9,444694.068,1
BYBIT,LTCUSDT,60,1774432800000,56.39,56.5,56.33,56.44,18819.1,1062210.642,1
BYBIT,LTCUSDT,60,1774436400000,56.44,56.64,56.32,56.4,30376.6,1715976.325,1
BYBIT,LTCUSDT,60,1774440000000,56.4,56.67,56.16,56.51,27779.9,1565801.361,1
BYBIT,LTCUSDT,60,1774443600000,56.51,56.66,56.44,56.58,5854.1,331109.529,1
BYBIT,LTCUSDT,60,1774447200000,56.58,56.69,56.47,56.56,11333.5,641446.778,1
BYBIT,LTCUSDT,60,1774450800000,56.56,56.62,55.74,56.0,61563.0,3453728.476,1
BYBIT,LTCUSDT,60,1774454400000,56.0,56.46,55.92,56.25,34256.2,1926172.7,1
BYBIT,LTCUSDT,60,1774458000000,56.25,56.4,56.19,56.29,14191.6,799012.236,1
BYBIT,LTCUSDT,60,1774461600000,56.29,56.44,56.16,56.27,8025.2,452237.601,1
BYBIT,LTCUSDT,60,1774465200000,56.27,56.37,56.19,56.28,8109.4,456262.093,1
BYBIT,LTCUSDT,60,1774468800000,56.28,56.37,56.1,56.25,7459.1,419281.257,1
BYBIT,LTCUSDT,60,1774472400000,56.25,56.5,56.19,56.31,19550.2,1102026.909,1
BYBIT,LTCUSDT,60,1774476000000,56.31,56.79,56.28,56.62,18193.1,1029704.187,1
BYBIT,LTCUSDT,60,1774479600000,56.62,56.67,56.47,56.61,7774.7,439985.296,1
BYBIT,LTCUSDT,60,1774483200000,56.61,56.64,56.34,56.39,10927.9,617386.355,1
BYBIT,LTCUSDT,60,1774486800000,56.39,56.47,56.27,56.29,5045.7,284327.32,1
BYBIT,LTCUSDT,60,1774490400000,56.29,56.3,55.81,55.99,14529.0,813660.908,1
BYBIT,LTCUSDT,60,1774494000000,55.99,56.02,55.78,55.91,6534.8,365219.664,1
BYBIT,LTCUSDT,60,1774497600000,55.91,55.92,55.82,55.85,6075.2,339463.884,1
BYBIT,LTCUSDT,60,1774501200000,55.85,55.86,55.28,55.33,32255.3,1791190.321,1
BYBIT,LTCUSDT,60,1774504800000,55.33,55.43,55.21,55.34,14812.1,819609.894,1
BYBIT,LTCUSDT,60,1774508400000,55.34,55.39,55.11,55.24,10121.3,559117.43,1
BYBIT,LTCUSDT,60,1774512000000,55.24,55.26,55.06,55.2,13449.3,741643.854,1
BYBIT,LTCUSDT,60,1774515600000,55.2,55.3,54.75,54.87,28674.9,1575919.03,1
BYBIT,LTCUSDT,60,1774519200000,54.87,54.92,54.68,54.73,21406.9,1173130.718,1
BYBIT,LTCUSDT,60,1774522800000,54.73,54.76,54.47,54.57,13117.0,716324.694,1
BYBIT,LTCUSDT,60,1774526400000,54.57,54.71,54.49,54.66,14390.1,786309.502,1
BYBIT,LTCUSDT,60,1774530000000,54.66,55.12,54.63,55.02,18798.9,1031746.37,1
BYBIT,LTCUSDT,60,1774533600000,55.02,55.17,54.83,54.96,12503.0,687744.805,1
BYBIT,LTCUSDT,60,1774537200000,54.96,54.96,54.41,54.68,23671.6,1292920.151,1
BYBIT,LTCUSDT,60,1774540800000,54.68,54.86,54.55,54.61,11790.3,645161.75,1
BYBIT,LTCUSDT,60,1774544400000,54.61,54.72,54.23,54.3,31262.4,1699586.213,1
BYBIT,LTCUSDT,60,1774548000000,54.3,54.4,54.21,54.35,16982.8,922324.664,1
BYBIT,LTCUSDT,60,1774551600000,54.35,54.5,54.24,54.25,23443.5,1274810.242,1
BYBIT,LTCUSDT,60,1774555200000,54.25,54.94,54.21,54.72,61588.9,3368382.826,1
BYBIT,LTCUSDT,60,1774558800000,54.72,54.99,54.67,54.83,11562.9,634088.502,1
BYBIT,LTCUSDT,60,1774562400000,54.83,54.87,54.58,54.72,10548.9,577400.199,1
BYBIT,LTCUSDT,60,1774566000000,54.72,54.78,54.43,54.56,9856.7,537504.568,1
BYBIT,LTCUSDT,60,1774569600000,54.56,54.71,54.48,54.59,15368.0,838944.436,1
BYBIT,LTCUSDT,60,1774573200000,54.59,55.03,54.59,54.97,4452.0,243841.846,1
BYBIT,LTCUSDT,60,1774576800000,54.97,55.0,54.83,54.88,4294.1,235763.427,1
BYBIT,LTCUSDT,60,1774580400000,54.88,55.0,54.76,54.93,5573.3,305967.558,1
BYBIT,LTCUSDT,60,1774584000000,54.93,54.96,54.61,54.95,11950.1,654590.669,1
BYBIT,LTCUSDT,60,1774587600000,54.95,55.16,54.81,54.84,8212.5,451780.187,1
BYBIT,LTCUSDT,60,1774591200000,54.84,55.03,54.84,54.94,11057.2,607718.05,1
BYBIT,LTCUSDT,60,1774594800000,54.94,54.98,54.81,54.89,7046.0,386884.058,1
BYBIT,LTCUSDT,60,1774598400000,54.89,54.96,54.36,54.66,20496.3,1120103.669,1
BYBIT,LTCUSDT,60,1774602000000,54.66,54.69,54.3,54.52,13334.9,726892.859,1
BYBIT,LTCUSDT,60,1774605600000,54.52,54.52,53.47,53.56,97998.9,5284147.61,1
BYBIT,LTCUSDT,60,1774609200000,53.56,53.89,53.43,53.8,32320.9,1736289.103,1
BYBIT,LTCUSDT,60,1774612800000,53.8,53.81,53.56,53.79,19072.9,1023885.502,1
BYBIT,LTCUSDT,60,1774616400000,53.79,54.09,53.59,53.89,26207.2,1411012.881,1
BYBIT,LTCUSDT,60,1774620000000,53.89,54.09,53.62,54.01,18236.3,981456.304,1
BYBIT,LTCUSDT,60,1774623600000,54.01,54.63,53.99,54.28,28669.9,1557494.457,1
BYBIT,LTCUSDT,60,1774627200000,54.28,54.32,53.88,54.2,21888.9,1184639.507,1
BYBIT,LTCUSDT,60,1774630800000,54.2,54.46,53.76,53.85,25959.9,1403430.777,1
BYBIT,LTCUSDT,60,1774634400000,53.85,53.87,53.56,53.72,18152.9,974570.024,1
BYBIT,LTCUSDT,60,1774638000000,53.72,53.9,53.48,53.66,20586.6,1104312.83,1
BYBIT,LTCUSDT,60,1774641600000,53.66,53.68,53.26,53.5,22278.3,1190907.662,1
BYBIT,LTCUSDT,60,1774645200000,53.5,53.65,53.46,53.63,8134.2,435593.822,1
BYBIT,LTCUSDT,60,1774648800000,53.63,53.69,53.5,53.51,7702.0,412901.648,1
BYBIT,LTCUSDT,60,1774652400000,53.51,53.71,53.35,53.69,7650.8,409324.524,1
BYBIT,LTCUSDT,60,1774656000000,53.69,53.75,53.57,53.67,8570.3,459782.331,1
BYBIT,LTCUSDT,60,1774659600000,53.67,53.68,53.22,53.46,13340.7,711992.173,1
BYBIT,LTCUSDT,60,1774663200000,53.46,53.59,53.29,53.37,10507.7,561268.354,1
BYBIT,LTCUSDT,60,1774666800000,53.37,53.56,53.34,53.53,6148.3,328537.16,1
BYBIT,LTCUSDT,60,1774670400000,53.53,53.59,53.44,53.58,5361.4,286909.815,1
BYBIT,LTCUSDT,60,1774674000000,53.58,53.71,53.53,53.7,2856.5,153256.48,1
BYBIT,LTCUSDT,60,1774677600000,53.7,53.81,53.6,53.8,12692.5,681996.947,1
BYBIT,LTCUSDT,60,1774681200000,53.8,53.86,53.78,53.84,3486.5,187642.495,1
BYBIT,LTCUSDT,60,1774684800000,53.84,53.92,53.79,53.81,5880.3,316702.992,1
BYBIT,LTCUSDT,60,1774688400000,53.81,53.81,53.66,53.72,7277.4,390847.722,1
BYBIT,LTCUSDT,60,1774692000000,53.72,53.99,53.71,53.88,15796.3,851361.682,1
BYBIT,LTCUSDT,60,1774695600000,53.88,54.04,53.88,54.03,9470.6,511292.865,1
BYBIT,LTCUSDT,60,1774699200000,54.03,54.16,53.87,53.98,9474.3,511719.347,1
BYBIT,LTCUSDT,60,1774702800000,53.98,54.89,53.96,54.58,48139.0,2626953.065,1
BYBIT,LTCUSDT,60,1774706400000,54.58,54.68,54.35,54.52,15911.2,867014.587,1
BYBIT,LTCUSDT,60,1774710000000,54.52,54.68,54.27,54.53,27795.0,1514300.325,1
BYBIT,LTCUSDT,60,1774713600000,54.53,54.68,54.49,54.68,11318.5,617909.213,1
BYBIT,LTCUSDT,60,1774717200000,54.68,54.76,53.99,54.08,38405.7,2085418.987,1
BYBIT,LTCUSDT,60,1774720800000,54.08,54.16,53.88,54.12,13896.1,750504.019,1
BYBIT,LTCUSDT,60,1774724400000,54.12,54.26,54.07,54.11,5746.5,311318.34,1
BYBIT,LTCUSDT,60,1774728000000,54.11,54.28,54.11,54.14,8891.2,481908.412,1
BYBIT,LTCUSDT,60,1774731600000,54.14,54.22,54.01,54.07,17367.5,940247.246,1
BYBIT,LTCUSDT,60,1774735200000,54.07,54.11,53.91,53.99,8500.9,459100.107,1
BYBIT,LTCUSDT,60,1774738800000,53.99,53.99,53.59,53.81,27590.7,1483833.149,1
BYBIT,LTCUSDT,60,1774742400000,53.81,53.9,53.7,53.9,8088.4,435134.89,1
BYBIT,LTCUSDT,60,1774746000000,53.9,54.08,53.86,53.99,9955.4,537403.396,1
BYBIT,LTCUSDT,60,1774749600000,53.99,54.14,53.97,54.09,3517.2,190178.887,1
BYBIT,LTCUSDT,60,1774753200000,54.09,54.35,54.08,54.26,9436.1,511886.372,1
BYBIT,LTCUSDT,60,1774756800000,54.26,54.27,54.04,54.15,5343.8,289303.257,1
BYBIT,LTCUSDT,60,1774760400000,54.15,54.17,53.98,54.14,6804.3,367800.649,1
BYBIT,LTCUSDT,60,1774764000000,54.14,54.24,54.04,54.19,4761.1,257746.71,1
BYBIT,LTCUSDT,60,1774767600000,54.19,54.19,53.93,54.03,14458.9,780858.419,1
BYBIT,LTCUSDT,60,1774771200000,54.03,54.1,53.86,54.06,15384.9,830411.597,1
BYBIT,LTCUSDT,60,1774774800000,54.06,54.06,53.86,54.01,16554.1,893359.214,1
BYBIT,LTCUSDT,60,1774778400000,54.01,54.01,53.65,53.67,15325.8,823709.097,1
BYBIT,LTCUSDT,60,1774782000000,53.67,53.97,53.65,53.84,8815.6,474409.872,1
BYBIT,LTCUSDT,60,1774785600000,53.84,53.9,53.71,53.85,7062.4,380256.989,1
BYBIT,LTCUSDT,60,1774789200000,53.85,53.86,53.55,53.59,14520.9,779333.888,1
BYBIT,LTCUSDT,60,1774792800000,53.59,53.82,53.48,53.69,23858.2,1279208.541,1
BYBIT,LTCUSDT,60,1774796400000,53.69,53.8,53.35,53.49,25294.3,1354605.61,1
BYBIT,LTCUSDT,60,1774800000000,53.49,53.6,53.3,53.31,14710.0,786075.208,1
BYBIT,LTCUSDT,60,1774803600000,53.31,53.35,53.04,53.25,27861.2,1481082.025,1
BYBIT,LTCUSDT,60,1774807200000,53.25,53.44,53.14,53.4,9593.4,511624.265,1
BYBIT,LTCUSDT,60,1774810800000,53.4,53.4,53.3,53.34,4013.8,214129.229,1
BYBIT,LTCUSDT,60,1774814400000,53.34,53.67,53.33,53.62,11067.2,592784.02,1
BYBIT,LTCUSDT,60,1774818000000,53.62,53.77,53.5,53.76,16436.3,881148.509,1
BYBIT,LTCUSDT,60,1774821600000,53.76,53.76,52.2,53.09,94712.8,4996536.516,1
BYBIT,LTCUSDT,60,1774825200000,53.09,53.39,53.04,53.3,34871.1,1856041.762,1
BYBIT,LTCUSDT,60,1774828800000,53.3,54.03,53.21,53.62,51065.9,2742157.34,1
BYBIT,LTCUSDT,60,1774832400000,53.62,53.87,53.58,53.83,13459.6,723159.886,1
BYBIT,LTCUSDT,60,1774836000000,53.83,54.28,53.76,54.05,27610.8,1492678.675,1
BYBIT,LTCUSDT,60,1774839600000,54.05,54.15,53.9,54.01,11790.7,637143.084,1
BYBIT,LTCUSDT,60,1774843200000,54.01,54.21,54.01,54.12,21302.7,1152937.27,1
BYBIT,LTCUSDT,60,1774846800000,54.12,54.18,53.42,53.66,59781.6,3220234.002,1
BYBIT,LTCUSDT,60,1774850400000,53.66,53.79,53.36,53.6,31210.2,1673067.72,1
BYBIT,LTCUSDT,60,1774854000000,53.6,54.12,53.56,54.1,17990.8,969754.808,1
BYBIT,LTCUSDT,60,1774857600000,54.1,54.39,54.07,54.12,16876.3,915702.03,1
BYBIT,LTCUSDT,60,1774861200000,54.12,54.13,53.87,53.88,12483.4,673926.379,1
BYBIT,LTCUSDT,60,1774864800000,53.88,53.88,53.66,53.84,12515.3,673003.014,1
BYBIT,LTCUSDT,60,1774868400000,53.84,54.2,53.69,53.71,33862.3,1826346.689,1
BYBIT,LTCUSDT,60,1774872000000,53.71,53.95,53.5,53.91,64073.4,3441840.51,1
BYBIT,LTCUSDT,60,1774875600000,53.91,54.01,53.69,53.73,16498.1,888924.202,1
BYBIT,LTCUSDT,60,1774879200000,53.73,53.98,53.54,53.91,19885.7,1067976.259,1
BYBIT,LTCUSDT,60,1774882800000,53.91,54.15,53.73,53.89,15157.8,817523.659,1
BYBIT,LTCUSDT,60,1774886400000,53.89,54.15,53.64,53.89,83426.1,4494345.757,1
BYBIT,LTCUSDT,60,1774890000000,53.89,53.97,53.47,53.51,14590.5,782441.952,1
BYBIT,LTCUSDT,60,1774893600000,53.51,53.57,53.26,53.32,24481.8,1308281.794,1
BYBIT,LTCUSDT,60,1774897200000,53.32,53.36,53.03,53.33,15623.1,831025.436,1
BYBIT,LTCUSDT,60,1774900800000,53.33,53.4,53.21,53.29,7989.8,426094.17,1
BYBIT,LTCUSDT,60,1774904400000,53.29,53.59,53.19,53.49,23144.1,1236881.626,1
BYBIT,LTCUSDT,60,1774908000000,53.49,53.58,53.33,53.43,8944.9,478304.276,1
BYBIT,LTCUSDT,60,1774911600000,53.43,53.43,53.13,53.31,14253.4,758820.745,1
BYBIT,LTCUSDT,60,1774915200000,53.31,53.62,53.27,53.46,62992.3,3367475.501,1
BYBIT,LTCUSDT,60,1774918800000,53.46,54.11,53.29,53.94,27738.9,1493549.956,1
BYBIT,LTCUSDT,60,1774922400000,53.94,53.97,53.82,53.83,10444.6,562964.33,1
BYBIT,LTCUSDT,60,1774926000000,53.83,53.83,53.56,53.71,13357.3,716798.577,1
BYBIT,LTCUSDT,60,1774929600000,53.71,53.82,53.57,53.67,9714.4,521512.948,1
BYBIT,LTCUSDT,60,1774933200000,53.67,53.9,53.54,53.86,5438.3,292155.314,1
BYBIT,LTCUSDT,60,1774936800000,53.86,53.88,53.72,53.87,8653.8,465604.808,1
BYBIT,LTCUSDT,60,1774940400000,53.87,53.95,53.63,53.81,8714.9,468674.629,1
BYBIT,LTCUSDT,60,1774944000000,53.81,53.99,53.46,53.61,14486.3,778065.505,1
BYBIT,LTCUSDT,60,1774947600000,53.61,53.68,53.13,53.25,23184.6,1238439.977,1
BYBIT,LTCUSDT,60,1774951200000,53.25,53.42,53.2,53.21,15369.9,819225.553,1
BYBIT,LTCUSDT,60,1774954800000,53.21,53.53,53.11,53.48,43125.2,2299494.919,1
BYBIT,LTCUSDT,60,1774958400000,53.48,53.58,53.28,53.34,14463.4,772097.734,1
BYBIT,LTCUSDT,60,1774962000000,53.34,54.04,53.33,53.9,20155.2,1083135.099,1
BYBIT,LTCUSDT,60,1774965600000,53.9,54.21,53.34,53.48,33464.2,1800929.501,1
BYBIT,LTCUSDT,60,1774969200000,53.48,53.82,53.37,53.37,12694.1,680374.959,1
BYBIT,LTCUSDT,60,1774972800000,53.37,53.96,53.29,53.79,29749.9,1597919.484,1
BYBIT,LTCUSDT,60,1774976400000,53.79,54.26,53.74,53.9,36324.1,1961865.636,1
BYBIT,LTCUSDT,60,1774980000000,53.9,54.14,53.89,54.08,12574.5,679098.463,1
BYBIT,LTCUSDT,60,1774983600000,54.08,54.16,53.93,54.04,11388.6,615468.03,1
BYBIT,LTCUSDT,60,1774987200000,54.04,54.14,53.96,54.13,11555.8,624561.671,1
BYBIT,LTCUSDT,60,1774990800000,54.13,54.13,53.8,53.9,21971.6,1184164.217,1
BYBIT,LTCUSDT,60,1774994400000,53.9,53.93,53.7,53.89,8350.4,449180.882,1
BYBIT,LTCUSDT,60,1774998000000,53.89,53.98,53.84,53.91,4348.3,234412.947,1
BYBIT,LTCUSDT,60,1775001600000,53.91,54.15,53.84,54.08,8630.6,465938.274,1
BYBIT,LTCUSDT,60,1775005200000,54.08,54.13,53.86,53.9,9938.2,536527.236,1
BYBIT,LTCUSDT,60,1775008800000,53.9,54.02,53.78,53.81,8426.4,454219.616,1
BYBIT,LTCUSDT,60,1775012400000,53.81,54.13,53.81,54.06,7200.4,388786.09,1
BYBIT,LTCUSDT,60,1775016000000,54.06,54.16,53.99,54.01,13609.8,735867.206,1
BYBIT,LTCUSDT,60,1775019600000,54.01,54.44,53.89,54.35,22578.6,1223999.203,1
BYBIT,LTCUSDT,60,1775023200000,54.35,54.74,54.34,54.58,19735.2,1077355.446,1
BYBIT,LTCUSDT,60,1775026800000,54.58,54.68,54.2,54.27,19502.3,1061440.139,1
BYBIT,LTCUSDT,60,1775030400000,54.27,54.4,54.12,54.21,20314.6,1102282.418,1
BYBIT,LTCUSDT,60,1775034000000,54.21,54.25,53.89,54.01,16917.4,914089.935,1
BYBIT,LTCUSDT,60,1775037600000,54.01,54.08,53.92,54.07,5977.5,322845.168,1
BYBIT,LTCUSDT,60,1775041200000,54.07,54.2,53.92,54.02,21685.0,1172370.186,1
BYBIT,LTCUSDT,60,1775044800000,54.02,54.41,53.91,54.17,43404.6,2350823.653,1
BYBIT,LTCUSDT,60,1775048400000,54.17,54.19,53.66,53.87,27559.4,1486964.247,1
BYBIT,LTCUSDT,60,1775052000000,53.87,54.18,53.86,54.14,12135.0,655893.252,1
BYBIT,LTCUSDT,60,1775055600000,54.14,54.25,54.0,54.22,13929.4,754334.921,1
BYBIT,LTCUSDT,60,1775059200000,54.22,54.34,54.05,54.28,12067.8,654458.388,1
BYBIT,LTCUSDT,60,1775062800000,54.28,54.58,54.2,54.21,13144.4,714713.175,1
BYBIT,LTCUSDT,60,1775066400000,54.21,54.28,54.03,54.08,7434.6,402755.485,1
BYBIT,LTCUSDT,60,1775070000000,54.08,54.24,54.06,54.16,6240.8,337949.084,1
BYBIT,LTCUSDT,60,1775073600000,54.16,54.22,54.05,54.09,5368.6,290657.411,1
BYBIT,LTCUSDT,60,1775077200000,54.09,54.4,54.09,54.31,7495.4,406888.135,1
BYBIT,LTCUSDT,60,1775080800000,54.31,54.31,53.9,53.95,12061.9,652099.567,1
BYBIT,LTCUSDT,60,1775084400000,53.95,53.99,53.74,53.79,8401.7,452534.566,1
BYBIT,LTCUSDT,60,1775088000000,53.79,54.1,53.7,54.06,10926.6,588420.226,1
BYBIT,LTCUSDT,60,1775091600000,54.06,54.06,52.83,53.1,75589.7,4029382.218,1
BYBIT,LTCUSDT,60,1775095200000,53.1,53.18,52.46,52.65,29736.1,1568751.99,1
BYBIT,LTCUSDT,60,1775098800000,52.65,52.79,52.26,52.44,42285.5,2222567.546,1
BYBIT,LTCUSDT,60,1775102400000,52.44,52.56,52.16,52.2,30547.3,1597501.775,1
BYBIT,LTCUSDT,60,1775106000000,52.2,52.32,51.91,52.27,27519.6,1433887.561,1
BYBIT,LTCUSDT,60,1775109600000,52.27,52.49,52.21,52.49,14280.8,747943.422,1
BYBIT,LTCUSDT,60,1775113200000,52.49,52.52,52.33,52.43,8348.1,437707.738,1
BYBIT,LTCUSDT,60,1775116800000,52.43,52.43,52.02,52.02,11386.6,594266.066,1
BYBIT,LTCUSDT,60,1775120400000,52.02,52.12,51.88,52.01,12660.9,658332.504,1
BYBIT,LTCUSDT,60,1775124000000,52.01,52.05,51.78,51.84,14432.0,748438.978,1
BYBIT,LTCUSDT,60,1775127600000,51.84,51.85,51.5,51.66,32507.9,1679268.105,1
BYBIT,LTCUSDT,60,1775131200000,51.66,51.76,51.54,51.62,22847.0,1179976.985,1
BYBIT,LTCUSDT,60,1775134800000,51.62,51.75,51.37,51.75,56796.4,2929406.559,1
BYBIT,LTCUSDT,60,1775138400000,51.75,52.29,51.62,52.07,74720.4,3884423.137,1
BYBIT,LTCUSDT,60,1775142000000,52.07,52.15,51.8,51.94,16260.6,845071.194,1
BYBIT,LTCUSDT,60,1775145600000,51.94,52.3,51.87,52.1,18979.5,988248.514,1
BYBIT,LTCUSDT,60,1775149200000,52.1,52.2,51.57,51.61,21318.6,1105926.578,1
BYBIT,LTCUSDT,60,1775152800000,51.61,52.05,51.6,51.99,13953.4,722460.356,1
BYBIT,LTCUSDT,60,1775156400000,51.99,52.06,51.86,52.02,13862.3,720271.984,1
BYBIT,LTCUSDT,60,1775160000000,52.02,52.14,51.9,52.05,10698.3,556691.482,1
BYBIT,LTCUSDT,60,1775163600000,52.05,52.09,51.92,52.05,15229.5,792023.271,1
BYBIT,LTCUSDT,60,1775167200000,52.05,52.13,51.94,52.06,3854.7,200597.734,1
BYBIT,LTCUSDT,60,1775170800000,52.06,52.28,52.03,52.25,5361.0,279638.048,1
BYBIT,LTCUSDT,60,1775174400000,52.25,52.39,52.23,52.38,6283.3,328755.305,1
BYBIT,LTCUSDT,60,1775178000000,52.38,52.43,52.18,52.3,13723.2,717667.643,1
BYBIT,LTCUSDT,60,1775181600000,52.3,52.48,52.1,52.24,13688.6,714880.459,1
BYBIT,LTCUSDT,60,1775185200000,52.24,52.5,52.18,52.48,8683.7,454285.072,1
BYBIT,LTCUSDT,60,1775188800000,52.48,52.69,52.48,52.64,20043.8,1054337.364,1
BYBIT,LTCUSDT,60,1775192400000,52.64,53.18,52.57,52.85,46981.8,2488294.718,1
BYBIT,LTCUSDT,60,1775196000000,52.85,52.92,52.72,52.84,12098.6,639220.086,1
BYBIT,LTCUSDT,60,1775199600000,52.84,52.99,52.73,52.82,5403.2,285388.504,1
BYBIT,LTCUSDT,60,1775203200000,52.82,53.07,52.82,52.95,16961.2,898830.132,1
BYBIT,LTCUSDT,60,1775206800000,52.95,53.02,52.78,52.88,18369.8,971735.981,1
BYBIT,LTCUSDT,60,1775210400000,52.88,52.95,52.77,52.93,19086.1,1009563.053,1
BYBIT,LTCUSDT,60,1775214000000,52.93,53.02,52.81,52.94,21428.0,1134871.585,1
BYBIT,LTCUSDT,60,1775217600000,52.94,53.22,52.81,52.95,75503.5,4000334.111,1
BYBIT,LTCUSDT,60,1775221200000,52.95,53.01,52.7,52.86,16976.3,897044.428,1
BYBIT,LTCUSDT,60,1775224800000,52.86,53.05,52.76,53.01,5552.9,293735.462,1
BYBIT,LTCUSDT,60,1775228400000,53.01,53.04,52.83,52.89,4187.8,221795.189,1
BYBIT,LTCUSDT,60,1775232000000,52.89,53.16,52.87,53.14,10404.5,551703.888,1
BYBIT,LTCUSDT,60,1775235600000,53.14,53.24,52.99,53.09,6104.9,324444.624,1
BYBIT,LTCUSDT,60,1775239200000,53.09,53.32,53.07,53.12,4563.6,242841.26,1
BYBIT,LTCUSDT,60,1775242800000,53.12,53.14,52.99,53.09,3094.4,164143.734,1
BYBIT,LTCUSDT,60,1775246400000,53.09,53.22,53.09,53.16,3688.7,196149.574,1
BYBIT,LTCUSDT,60,1775250000000,53.16,53.44,53.16,53.38,21699.7,1158144.209,1
BYBIT,LTCUSDT,60,1775253600000,53.38,53.41,53.17,53.22,7185.3,382867.776,1
BYBIT,LTCUSDT,60,1775257200000,53.22,53.22,53.09,53.19,4948.3,263071.093,1
BYBIT,LTCUSDT,60,1775260800000,53.19,53.23,53.1,53.23,7995.5,424953.088,1
BYBIT,LTCUSDT,60,1775264400000,53.23,53.29,53.17,53.28,3704.5,197159.393,1
BYBIT,LTCUSDT,60,1775268000000,53.28,53.31,53.06,53.14,8378.6,445643.593,1
BYBIT,LTCUSDT,60,1775271600000,53.14,53.19,53.09,53.18,3007.7,159819.897,1
BYBIT,LTCUSDT,60,1775275200000,53.18,53.22,53.08,53.12,2503.7,133055.631,1
BYBIT,LTCUSDT,60,1775278800000,53.12,53.12,52.96,53.01,5524.3,292977.054,1
BYBIT,LTCUSDT,60,1775282400000,53.01,53.28,52.97,53.25,5140.5,273097.463,1
BYBIT,LTCUSDT,60,1775286000000,53.25,53.28,53.16,53.18,2948.4,156891.792,1
BYBIT,LTCUSDT,60,1775289600000,53.18,53.2,53.11,53.17,2530.1,134496.552,1
BYBIT,LTCUSDT,60,1775293200000,53.17,53.27,53.05,53.08,8202.9,436111.71,1
BYBIT,LTCUSDT,60,1775296800000,53.08,53.26,53.04,53.25,5409.4,287497.549,1
BYBIT,LTCUSDT,60,1775300400000,53.25,53.32,53.23,53.31,3923.8,209078.154,1
BYBIT,LTCUSDT,60,1775304000000,53.31,53.47,53.31,53.37,6469.6,345462.152,1
BYBIT,LTCUSDT,60,1775307600000,53.37,53.39,53.2,53.35,10578.7,563793.133,1
BYBIT,LTCUSDT,60,1775311200000,53.35,53.43,53.23,53.43,8798.8,469574.093,1
BYBIT,LTCUSDT,60,1775314800000,53.43,53.61,53.4,53.44,13266.7,709744.774,1
BYBIT,LTCUSDT,60,1775318400000,53.44,53.66,53.4,53.41,12298.8,658382.612,1
BYBIT,LTCUSDT,60,1775322000000,53.41,53.66,53.36,53.62,10004.8,535367.365,1
BYBIT,LTCUSDT,60,1775325600000,53.62,53.7,53.51,53.55,13374.3,716914.705,1
BYBIT,LTCUSDT,60,1775329200000,53.55,53.84,53.49,53.51,23664.7,1270065.044,1
BYBIT,LTCUSDT,60,1775332800000,53.51,53.56,53.42,53.43,9412.7,503414.751,1
BYBIT,LTCUSDT,60,1775336400000,53.43,53.56,53.41,53.48,10987.9,587732.882,1
BYBIT,LTCUSDT,60,1775340000000,53.48,53.57,53.47,53.51,2017.3,107956.212,1
BYBIT,LTCUSDT,60,1775343600000,53.51,53.59,53.48,53.54,6815.8,364871.415,1
BYBIT,LTCUSDT,60,1775347200000,53.54,53.61,53.5,53.57,7472.2,400135.538,1
BYBIT,LTCUSDT,60,1775350800000,53.57,53.59,53.43,53.49,5840.0,312304.801,1
BYBIT,LTCUSDT,60,1775354400000,53.49,53.52,53.4,53.49,5883.7,314574.234,1
BYBIT,LTCUSDT,60,1775358000000,53.49,53.49,53.31,53.33,8409.6,449061.953,1
BYBIT,LTCUSDT,60,1775361600000,53.33,53.37,53.16,53.16,9635.0,513092.627,1
BYBIT,LTCUSDT,60,1775365200000,53.16,53.2,52.87,52.93,19051.1,1009404.189,1
BYBIT,LTCUSDT,60,1775368800000,52.93,52.94,52.59,52.85,31766.6,1675981.4,1
BYBIT,LTCUSDT,60,1775372400000,52.85,52.89,52.6,52.7,6369.9,336005.765,1
BYBIT,LTCUSDT,60,1775376000000,52.7,52.81,52.65,52.79,9403.5,495876.546,1
BYBIT,LTCUSDT,60,1775379600000,52.79,52.87,52.77,52.84,3409.8,180114.8,1
BYBIT,LTCUSDT,60,1775383200000,52.84,52.99,52.8,52.81,6425.0,339784.939,1
BYBIT,LTCUSDT,60,1775386800000,52.81,52.88,52.77,52.85,4512.6,238455.677,1
BYBIT,LTCUSDT,60,1775390400000,52.85,52.85,52.55,52.71,11582.6,609982.613,1
BYBIT,LTCUSDT,60,1775394000000,52.71,52.91,52.64,52.87,23925.9,1263299.29,1
BYBIT,LTCUSDT,60,1775397600000,52.87,52.95,52.83,52.87,5278.9,279185.442,1
BYBIT,LTCUSDT,60,1775401200000,52.87,53.44,52.78,53.18,24669.6,1312326.19,1
BYBIT,LTCUSDT,60,1775404800000,53.18,53.3,53.05,53.11,12332.0,655543.804,1
BYBIT,LTCUSDT,60,1775408400000,53.11,53.37,53.07,53.36,5543.4,294873.86,1
BYBIT,LTCUSDT,60,1775412000000,53.36,53.51,53.31,53.37,9211.8,492157.003,1
BYBIT,LTCUSDT,60,1775415600000,53.37,53.48,53.28,53.44,3868.6,206567.13,1
BYBIT,LTCUSDT,60,1775419200000,53.44,53.62,53.44,53.61,10347.2,553946.11,1
BYBIT,LTCUSDT,60,1775422800000,53.61,53.67,53.45,53.53,11868.3,636053.874,1
BYBIT,LTCUSDT,60,1775426400000,53.53,53.79,53.35,53.74,20876.0,1118140.422,1
BYBIT,LTCUSDT,60,1775430000000,53.74,54.17,53.71,54.09,39299.7,2118404.75,1
BYBIT,LTCUSDT,60,1775433600000,54.09,54.44,54.04,54.14,21662.2,1174804.433,1
BYBIT,LTCUSDT,60,1775437200000,54.14,54.16,53.94,54.02,15066.8,814197.752,1
BYBIT,LTCUSDT,60,1775440800000,54.02,54.46,54.02,54.31,12571.0,682792.057,1
BYBIT,LTCUSDT,60,1775444400000,54.31,54.41,54.23,54.26,12825.6,696721.811,1
BYBIT,LTCUSDT,60,1775448000000,54.26,54.45,54.18,54.3,22185.3,1204969.492,1
BYBIT,LTCUSDT,60,1775451600000,54.3,54.43,53.98,54.28,40122.9,2175277.464,1
BYBIT,LTCUSDT,60,1775455200000,54.28,54.35,54.06,54.16,21361.4,1158389.416,1
BYBIT,LTCUSDT,60,1775458800000,54.16,54.18,53.97,54.03,8996.0,486360.08,1
BYBIT,LTCUSDT,60,1775462400000,54.03,54.38,54.0,54.17,38284.7,2074231.452,1
BYBIT,LTCUSDT,60,1775466000000,54.17,54.6,54.16,54.35,20212.9,1099657.054,1
BYBIT,LTCUSDT,60,1775469600000,54.35,54.49,54.27,54.31,11381.0,618878.657,1
BYBIT,LTCUSDT,60,1775473200000,54.31,54.36,54.17,54.31,19257.4,1044386.781,1
BYBIT,LTCUSDT,60,1775476800000,54.31,54.35,54.12,54.13,10073.0,546532.822,1
BYBIT,LTCUSDT,60,1775480400000,54.13,54.4,54.1,54.14,10279.0,557561.027,1
BYBIT,LTCUSDT,60,1775484000000,54.14,54.29,53.99,54.28,14363.9,778069.835,1
BYBIT,LTCUSDT,60,1775487600000,54.28,54.31,54.09,54.25,13118.1,710773.164,1
BYBIT,LTCUSDT,60,1775491200000,54.25,54.37,54.05,54.08,9713.0,526494.3,1
BYBIT,LTCUSDT,60,1775494800000,54.08,54.09,53.76,53.96,22789.3,1229080.902,1
BYBIT,LTCUSDT,60,1775498400000,53.96,54.08,53.9,53.98,9938.3,536458.177,1
BYBIT,LTCUSDT,60,1775502000000,53.98,54.01,53.83,53.97,10288.2,554927.677,1
BYBIT,LTCUSDT,60,1775505600000,53.97,54.0,53.9,53.92,3144.0,169618.093,1
BYBIT,LTCUSDT,60,1775509200000,53.92,53.92,53.72,53.8,11226.1,604114.735,1
BYBIT,LTCUSDT,60,1775512800000,53.8,53.83,53.44,53.45,12085.7,648551.389,1
BYBIT,LTCUSDT,60,1775516400000,53.45,53.52,53.15,53.49,19806.4,1056653.266,1
BYBIT,LTCUSDT,60,1775520000000,53.49,53.59,53.4,53.48,12130.7,648729.178,1
BYBIT,LTCUSDT,60,1775523600000,53.48,53.57,53.35,53.37,15271.0,816558.913,1
BYBIT,LTCUSDT,60,1775527200000,53.37,53.55,53.27,53.5,3249.8,173633.394,1
BYBIT,LTCUSDT,60,1775530800000,53.5,53.57,53.44,53.48,3418.3,182937.303,1
BYBIT,LTCUSDT,60,1775534400000,53.48,53.56,53.36,53.48,4023.6,215203.503,1
BYBIT,LTCUSDT,60,1775538000000,53.48,53.48,53.16,53.23,8539.1,454779.391,1
BYBIT,LTCUSDT,60,1775541600000,53.23,53.29,53.14,53.26,6609.1,351619.634,1
BYBIT,LTCUSDT,60,1775545200000,53.26,53.37,53.22,53.29,3760.9,200350.005,1
BYBIT,LTCUSDT,60,1775548800000,53.29,53.47,53.28,53.43,7652.0,408498.16,1
BYBIT,LTCUSDT,60,1775552400000,53.43,53.56,53.37,53.41,7387.5,395007.396,1
BYBIT,LTCUSDT,60,1775556000000,53.41,53.46,52.99,53.05,24002.2,1277220.273,1
BYBIT,LTCUSDT,60,1775559600000,53.05,53.21,53.04,53.16,8232.7,437253.28,1
BYBIT,LTCUSDT,60,1775563200000,53.16,53.45,52.88,53.27,46758.4,2485754.324,1
BYBIT,LTCUSDT,60,1775566800000,53.27,53.62,53.27,53.44,12467.2,666583.369,1
BYBIT,LTCUSDT,60,1775570400000,53.44,53.46,53.14,53.15,20074.0,1069933.856,1
BYBIT,LTCUSDT,60,1775574000000,53.15,53.46,53.0,53.37,19122.0,1017975.819,1
BYBIT,LTCUSDT,60,1775577600000,53.37,53.69,53.32,53.56,14736.2,788393.97,1
BYBIT,LTCUSDT,60,1775581200000,53.56,53.93,53.45,53.64,19226.1,1032051.934,1
BYBIT,LTCUSDT,60,1775584800000,53.64,53.66,53.26,53.33,11471.0,613104.366,1
BYBIT,LTCUSDT,60,1775588400000,53.33,53.77,53.3,53.73,19221.5,1030011.955,1
BYBIT,LTCUSDT,60,1775592000000,53.73,53.89,53.69,53.72,14298.3,769053.932,1
BYBIT,LTCUSDT,60,1775595600000,53.72,54.21,53.7,54.11,29118.1,1573015.251,1
BYBIT,LTCUSDT,60,1775599200000,54.11,55.04,54.11,54.99,76258.2,4157108.918,1
BYBIT,LTCUSDT,60,1775602800000,54.99,55.71,54.91,55.35,65610.8,3627631.489,1
BYBIT,LTCUSDT,60,1775606400000,55.35,55.56,54.98,55.13,47292.5,2612695.923,1
BYBIT,LTCUSDT,60,1775610000000,55.13,55.15,54.89,54.99,13939.3,767106.628,1
BYBIT,LTCUSDT,60,1775613600000,54.99,55.19,54.95,55.04,7905.8,435184.133,1
BYBIT,LTCUSDT,60,1775617200000,55.04,55.11,54.91,54.96,3825.9,210430.203,1
BYBIT,LTCUSDT,60,1775620800000,54.96,55.16,54.96,54.99,10838.3,596930.124,1
BYBIT,LTCUSDT,60,1775624400000,54.99,55.2,54.99,55.09,5703.6,314407.356,1
BYBIT,LTCUSDT,60,1775628000000,55.09,55.13,54.99,55.04,8689.1,478517.098,1
BYBIT,LTCUSDT,60,1775631600000,55.04,55.19,54.97,55.1,7921.2,436059.557,1
BYBIT,LTCUSDT,60,1775635200000,55.1,55.22,55.05,55.18,10475.5,577500.781,1
BYBIT,LTCUSDT,60,1775638800000,55.18,55.19,55.02,55.1,5619.2,309643.536,1
BYBIT,LTCUSDT,60,1775642400000,55.1,55.19,55.04,55.04,4219.0,232558.173,1
BYBIT,LTCUSDT,60,1775646000000,55.04,55.09,54.76,55.06,14902.5,818814.627,1
BYBIT,LTCUSDT,60,1775649600000,55.06,55.09,54.85,55.05,16447.5,904233.846,1
BYBIT,LTCUSDT,60,1775653200000,55.05,55.34,55.05,55.14,32905.0,1816809.97,1
BYBIT,LTCUSDT,60,1775656800000,55.14,55.19,54.29,54.48,33746.5,1844266.698,1
BYBIT,LTCUSDT,60,1775660400000,54.48,54.64,54.44,54.61,18173.8,990878.941,1
BYBIT,LTCUSDT,60,1775664000000,54.61,54.61,54.49,54.51,4388.9,239390.537,1
BYBIT,LTCUSDT,60,1775667600000,54.51,54.69,54.37,54.67,8082.8,441192.332,1
BYBIT,LTCUSDT,60,1775671200000,54.67,54.67,54.12,54.14,8924.7,485102.516,1
BYBIT,LTCUSDT,60,1775674800000,54.14,54.31,53.94,54.28,17994.5,973094.807,1
BYBIT,LTCUSDT,60,1775678400000,54.28,54.36,54.21,54.27,3796.7,206125.744,1
BYBIT,LTCUSDT,60,1775682000000,54.27,54.49,54.25,54.38,6856.1,372569.098,1
BYBIT,LTCUSDT,60,1775685600000,54.38,54.4,54.04,54.04,7003.4,379563.338,1
BYBIT,LTCUSDT,60,1775689200000,54.04,54.07,53.85,53.92,10556.6,569452.326,1
BYBIT,LTCUSDT,60,1775692800000,53.92,53.94,53.71,53.84,17076.1,919221.919,1
BYBIT,LTCUSDT,60,1775696400000,53.84,53.91,53.58,53.91,14190.1,762405.657,1
BYBIT,LTCUSDT,60,1775700000000,53.91,54.08,53.9,54.03,8271.0,446687.997,1
BYBIT,LTCUSDT,60,1775703600000,54.03,54.07,53.9,53.94,5306.1,286360.287,1
BYBIT,LTCUSDT,60,1775707200000,53.94,54.01,53.87,53.87,5108.0,275580.651,1
BYBIT,LTCUSDT,60,1775710800000,53.87,54.05,53.81,53.82,5571.4,300240.299,1
BYBIT,LTCUSDT,60,1775714400000,53.82,53.94,53.8,53.9,4345.1,234162.64,1
BYBIT,LTCUSDT,60,1775718000000,53.9,54.02,53.9,53.93,3857.1,208140.307,1
BYBIT,LTCUSDT,60,1775721600000,53.93,54.01,53.85,53.91,6248.1,336998.543,1
BYBIT,LTCUSDT,60,1775725200000,53.91,54.01,53.81,53.94,5864.6,316176.23,1
BYBIT,LTCUSDT,60,1775728800000,53.94,53.95,53.75,53.76,11017.9,593612.387,1
BYBIT,LTCUSDT,60,1775732400000,53.76,53.81,53.64,53.73,12631.1,678621.614,1
BYBIT,LTCUSDT,60,1775736000000,53.73,53.96,53.7,53.95,15935.2,857837.539,1
BYBIT,LTCUSDT,60,1775739600000,53.95,53.98,53.78,53.86,8594.7,463226.544,1
BYBIT,LTCUSDT,60,1775743200000,53.86,54.17,53.63,54.1,13379.0,721010.975,1
BYBIT,LTCUSDT,60,1775746800000,54.1,54.87,54.06,54.69,28195.6,1538807.103,1
BYBIT,LTCUSDT,60,1775750400000,54.69,54.85,54.42,54.56,15041.3,821819.209,1
BYBIT,LTCUSDT,60,1775754000000,54.56,54.69,54.38,54.6,26465.5,1443451.623,1
BYBIT,LTCUSDT,60,1775757600000,54.6,54.63,54.38,54.6,11326.1,617405.376,1
BYBIT,LTCUSDT,60,1775761200000,54.6,54.79,54.5,54.72,11910.4,651223.77,1
BYBIT,LTCUSDT,60,1775764800000,54.72,54.86,54.7,54.85,8765.0,480355.225,1
BYBIT,LTCUSDT,60,1775768400000,54.85,55.0,54.72,54.75,19378.5,1063488.621,1
BYBIT,LTCUSDT,60,1775772000000,54.75,55.25,54.66,54.69,13193.6,725667.612,1
BYBIT,LTCUSDT,60,1775775600000,54.69,54.73,54.42,54.51,12254.7,668281.777,1
BYBIT,LTCUSDT,60,1775779200000,54.51,54.52,54.27,54.47,12110.7,658660.909,1
BYBIT,LTCUSDT,60,1775782800000,54.47,54.63,54.23,54.41,10110.3,550743.212,1
BYBIT,LTCUSDT,60,1775786400000,54.41,54.58,54.39,54.41,2980.8,162369.514,1
BYBIT,LTCUSDT,60,1775790000000,54.41,54.52,54.26,54.39,8053.1,437924.906,1
BYBIT,LTCUSDT,60,1775793600000,54.39,54.59,54.39,54.53,3475.5,189320.942,1
BYBIT,LTCUSDT,60,1775797200000,54.53,54.65,54.42,54.58,8001.7,436810.387,1
BYBIT,LTCUSDT,60,1775800800000,54.58,54.64,54.41,54.44,4343.1,236824.116,1
BYBIT,LTCUSDT,60,1775804400000,54.44,54.53,54.26,54.31,9548.1,519379.961,1
BYBIT,LTCUSDT,60,1775808000000,54.31,54.57,54.19,54.37,9527.8,517963.478,1
BYBIT,LTCUSDT,60,1775811600000,54.37,54.58,54.37,54.52,7358.1,401071.636,1
BYBIT,LTCUSDT,60,1775815200000,54.52,54.53,54.42,54.46,3749.9,204231.022,1
BYBIT,LTCUSDT,60,1775818800000,54.46,54.72,54.44,54.62,7066.2,386094.216,1
BYBIT,LTCUSDT,60,1775822400000,54.62,54.95,54.62,54.95,21777.6,1193994.228,1
BYBIT,LTCUSDT,60,1775826000000,54.95,54.99,54.66,54.86,10619.8,582470.675,1
BYBIT,LTCUSDT,60,1775829600000,54.86,55.32,54.83,55.28,20331.1,1120556.306,1
BYBIT,LTCUSDT,60,1775833200000,55.28,55.48,54.83,54.88,22656.6,1250162.91,1
BYBIT,LTCUSDT,60,1775836800000,54.88,55.15,54.88,55.1,7927.8,436297.907,1
BYBIT,LTCUSDT,60,1775840400000,55.1,55.1,54.89,55.01,4834.3,265923.376,1
BYBIT,LTCUSDT,60,1775844000000,55.01,55.11,54.96,55.09,5677.8,312430.908,1
BYBIT,LTCUSDT,60,1775847600000,55.09,55.22,55.08,55.21,4317.2,238060.394,1
BYBIT,LTCUSDT,60,1775851200000,55.21,55.4,55.07,55.32,8593.3,474580.447,1
BYBIT,LTCUSDT,60,1775854800000,55.32,55.35,55.04,55.13,13408.2,739955.845,1
BYBIT,LTCUSDT,60,1775858400000,55.13,55.17,54.93,54.97,6047.4,332710.504,1
BYBIT,LTCUSDT,60,1775862000000,54.97,54.99,54.85,54.93,3549.3,194887.347,1
BYBIT,LTCUSDT,60,1775865600000,54.93,54.93,54.68,54.7,8447.8,462605.308,1
BYBIT,LTCUSDT,60,1775869200000,54.7,54.8,54.58,54.78,5611.4,306760.892,1
BYBIT,LTCUSDT,60,1775872800000,54.78,54.83,54.63,54.64,3540.7,193828.684,1
BYBIT,LTCUSDT,60,1775876400000,54.64,54.73,54.59,54.68,6026.0,329429.227,1
BYBIT,LTCUSDT,60,1775880000000,54.68,54.75,54.6,54.61,4221.7,230851.731,1
BYBIT,LTCUSDT,60,1775883600000,54.61,54.64,54.45,54.46,4129.3,225197.206,1
BYBIT,LTCUSDT,60,1775887200000,54.46,54.53,54.36,54.53,3720.7,202629.865,1
BYBIT,LTCUSDT,60,1775890800000,54.53,54.61,54.49,54.54,3544.0,193303.84,1
BYBIT,LTCUSDT,60,1775894400000,54.54,54.61,54.48,54.56,3796.1,207042.128,1
BYBIT,LTCUSDT,60,1775898000000,54.56,54.66,54.5,54.63,4524.2,246944.137,1
BYBIT,LTCUSDT,60,1775901600000,54.63,54.65,54.48,54.52,2413.6,131664.221,1
BYBIT,LTCUSDT,60,1775905200000,54.52,54.54,54.45,54.5,5347.2,291415.267,1
BYBIT,LTCUSDT,60,1775908800000,54.5,54.64,54.49,54.59,4410.4,240683.865,1
BYBIT,LTCUSDT,60,1775912400000,54.59,54.6,54.3,54.39,10006.0,544583.055,1
BYBIT,LTCUSDT,60,1775916000000,54.39,54.51,54.38,54.48,3441.3,187386.526,1
BYBIT,LTCUSDT,60,1775919600000,54.48,54.65,54.47,54.55,5414.3,295395.42,1
BYBIT,LTCUSDT,60,1775923200000,54.55,54.95,54.49,54.89,18127.9,992576.589,1
BYBIT,LTCUSDT,60,1775926800000,54.89,55.08,54.75,54.93,18539.5,1018363.724,1
BYBIT,LTCUSDT,60,1775930400000,54.93,55.54,54.92,55.42,21914.0,1212161.754,1
BYBIT,LTCUSDT,60,1775934000000,55.42,55.68,55.36,55.6,26717.1,1482716.253,1
BYBIT,LTCUSDT,60,1775937600000,55.6,55.62,55.21,55.24,16104.1,891936.005,1
BYBIT,LTCUSDT,60,1775941200000,55.24,55.36,55.16,55.27,4559.0,252007.075,1
BYBIT,LTCUSDT,60,1775944800000,55.27,55.44,55.11,55.22,7556.5,417514.9,1
BYBIT,LTCUSDT,60,1775948400000,55.22,55.23,54.92,55.01,6674.0,367192.65,1
BYBIT,LTCUSDT,60,1775952000000,55.01,55.02,54.86,54.93,7642.0,419798.751,1
BYBIT,LTCUSDT,60,1775955600000,54.93,54.97,53.72,53.91,46115.0,2497569.881,1
BYBIT,LTCUSDT,60,1775959200000,53.91,54.18,53.77,54.13,21081.0,1138407.685,1
BYBIT,LTCUSDT,60,1775962800000,54.13,54.17,53.99,54.0,6739.1,364427.104,1
BYBIT,LTCUSDT,60,1775966400000,54.0,54.06,53.87,53.97,7373.5,397963.359,1
BYBIT,LTCUSDT,60,1775970000000,53.97,54.02,53.89,53.94,10036.5,541393.492,1
BYBIT,LTCUSDT,60,1775973600000,53.94,54.0,53.81,53.83,8966.1,483662.521,1
BYBIT,LTCUSDT,60,1775977200000,53.83,53.86,53.7,53.8,8381.3,450678.45,1
BYBIT,LTCUSDT,60,1775980800000,53.8,53.92,53.76,53.81,8119.8,437044.449,1
BYBIT,LTCUSDT,60,1775984400000,53.81,53.82,53.69,53.71,4863.9,261406.514,1
BYBIT,LTCUSDT,60,1775988000000,53.71,53.82,53.6,53.67,8839.9,474871.329,1
BYBIT,LTCUSDT,60,1775991600000,53.67,53.9,53.62,53.85,5920.6,318451.988,1
BYBIT,LTCUSDT,60,1775995200000,53.85,53.92,53.62,53.69,13292.6,714465.687,1
BYBIT,LTCUSDT,60,1775998800000,53.69,53.81,53.54,53.57,12410.9,666157.863,1
BYBIT,LTCUSDT,60,1776002400000,53.57,53.67,53.54,53.57,7620.5,408346.043,1
BYBIT,LTCUSDT,60,1776006000000,53.57,53.6,53.42,53.52,12826.0,686396.019,1
BYBIT,LTCUSDT,60,1776009600000,53.52,53.63,53.49,53.58,5411.1,289890.581,1
BYBIT,LTCUSDT,60,1776013200000,53.58,53.86,53.58,53.8,10232.4,549702.697,1
BYBIT,LTCUSDT,60,1776016800000,53.8,53.9,53.76,53.77,6986.9,376013.787,1
BYBIT,LTCUSDT,60,1776020400000,53.77,53.8,53.68,53.68,7715.6,414616.906,1
BYBIT,LTCUSDT,60,1776024000000,53.68,53.92,53.61,53.86,10959.4,589269.381,1
BYBIT,LTCUSDT,60,1776027600000,53.86,53.9,53.67,53.77,6585.9,354010.858,1
BYBIT,LTCUSDT,60,1776031200000,53.77,53.78,53.36,53.56,30283.2,1619339.517,1
BYBIT,LTCUSDT,60,1776034800000,53.56,53.56,53.31,53.45,7062.0,377158.596,1
BYBIT,LTCUSDT,60,1776038400000,53.45,53.76,53.41,53.7,14097.6,755542.138,1
BYBIT,LTCUSDT,60,1776042000000,53.7,53.79,53.66,53.79,4032.3,216621.645,1
BYBIT,LTCUSDT,60,1776045600000,53.79,53.82,53.66,53.71,3679.2,197641.609,1
BYBIT,LTCUSDT,60,1776049200000,53.71,53.78,53.68,53.69,3751.8,201564.074,1
BYBIT,LTCUSDT,60,1776052800000,53.69,53.73,53.49,53.52,4891.5,262424.965,1
BYBIT,LTCUSDT,60,1776056400000,53.52,53.65,53.46,53.65,3560.7,190626.228,1
BYBIT,LTCUSDT,60,1776060000000,53.65,53.85,53.57,53.58,11881.0,638173.879,1
BYBIT,LTCUSDT,60,1776063600000,53.58,53.6,52.92,53.14,101601.6,5404879.003,1
BYBIT,LTCUSDT,60,1776067200000,53.14,53.18,52.92,53.03,14832.6,786777.545,1
BYBIT,LTCUSDT,60,1776070800000,53.03,53.22,52.84,52.88,11379.7,603111.376,1
BYBIT,LTCUSDT,60,1776074400000,52.88,52.88,52.72,52.82,17186.8,907646.776,1
BYBIT,LTCUSDT,60,1776078000000,52.82,52.92,52.62,52.78,35117.6,1853409.296,1
BYBIT,LTCUSDT,60,1776081600000,52.78,52.99,52.71,52.9,15181.3,802209.202,1
BYBIT,LTCUSDT,60,1776085200000,52.9,53.15,52.77,53.11,23151.0,1225572.634,1
BYBIT,LTCUSDT,60,1776088800000,53.11,53.37,52.74,53.37,23938.2,1269025.354,1
BYBIT,LTCUSDT,60,1776092400000,53.37,53.37,52.87,52.91,17291.5,918122.969,1
BYBIT,LTCUSDT,60,1776096000000,52.91,53.16,52.67,53.06,22491.3,1190230.13,1
BYBIT,LTCUSDT,60,1776099600000,53.06,53.23,52.99,53.01,12977.0,689063.296,1
BYBIT,LTCUSDT,60,1776103200000,53.01,53.04,52.88,53.01,13456.8,712657.623,1
BYBIT,LTCUSDT,60,1776106800000,53.01,53.75,52.98,53.69,26471.6,1412219.641,1
BYBIT,LTCUSDT,60,1776110400000,53.69,53.71,53.35,53.38,12973.6,694157.443,1
BYBIT,LTCUSDT,60,1776114000000,53.38,53.64,53.31,53.57,16319.9,872073.691,1
BYBIT,LTCUSDT,60,1776117600000,53.57,54.59,53.56,54.49,48437.9,2627968.631,1
BYBIT,LTCUSDT,60,1776121200000,54.49,54.71,54.32,54.59,39975.8,2179785.427,1
BYBIT,LTCUSDT,60,1776124800000,54.59,54.63,54.16,54.2,24283.6,1319615.207,1
BYBIT,LTCUSDT,60,1776128400000,54.2,54.45,54.03,54.35,13731.0,744616.967,1
BYBIT,LTCUSDT,60,1776132000000,54.35,54.46,54.21,54.21,6080.7,330611.569,1
BYBIT,LTCUSDT,60,1776135600000,54.21,54.27,54.16,54.18,5415.0,293498.935,1
BYBIT,LTCUSDT,60,1776139200000,54.18,54.35,54.15,54.26,5832.5,316397.925,1
BYBIT,LTCUSDT,60,1776142800000,54.26,54.26,53.98,54.01,10292.0,556546.326,1
BYBIT,LTCUSDT,60,1776146400000,54.01,54.19,54.01,54.19,6643.9,359471.754,1
BYBIT,LTCUSDT,60,1776150000000,54.19,54.39,54.17,54.35,12540.6,680588.297,1
BYBIT,LTCUSDT,60,1776153600000,54.35,54.71,54.3,54.67,14068.0,767236.299,1
BYBIT,LTCUSDT,60,1776157200000,54.67,54.87,54.63,54.7,13052.0,714547.271,1
BYBIT,LTCUSDT,60,1776160800000,54.7,54.77,54.41,54.52,14723.3,803487.397,1
BYBIT,LTCUSDT,60,1776164400000,54.52,54.62,54.41,54.51,11759.3,640986.774,1
BYBIT,LTCUSDT,60,1776168000000,54.51,54.71,54.36,54.41,17551.7,957205.688,1
BYBIT,LTCUSDT,60,1776171600000,54.41,55.23,54.41,55.15,37275.7,2046472.269,1
BYBIT,LTCUSDT,60,1776175200000,55.15,55.23,54.7,54.81,47571.7,2615480.319,1
BYBIT,LTCUSDT,60,1776178800000,54.81,54.89,54.42,54.68,27051.4,1477938.095,1
BYBIT,LTCUSDT,60,1776182400000,54.68,54.91,54.45,54.58,23672.1,1295390.517,1
BYBIT,LTCUSDT,60,1776186000000,54.58,54.84,54.45,54.74,17043.9,931412.877,1
BYBIT,LTCUSDT,60,1776189600000,54.74,54.88,54.13,54.26,24425.1,1329674.945,1
BYBIT,LTCUSDT,60,1776193200000,54.26,54.5,54.18,54.48,18330.2,996696.057,1
BYBIT,LTCUSDT,60,1776196800000,54.48,54.6,54.26,54.3,13608.7,740567.61,1
BYBIT,LTCUSDT,60,1776200400000,54.3,54.6,54.28,54.59,12353.0,672866.111,1
BYBIT,LTCUSDT,60,1776204000000,54.59,54.62,54.14,54.22,21789.6,1182577.608,1
BYBIT,LTCUSDT,60,1776207600000,54.22,54.36,54.14,54.25,7067.4,383427.858,1
BYBIT,LTCUSDT,60,1776211200000,54.25,54.48,54.24,54.36,10136.9,551105.601,1
BYBIT,LTCUSDT,60,1776214800000,54.36,54.45,54.28,54.3,5598.2,304311.62,1
BYBIT,LTCUSDT,60,1776218400000,54.3,54.32,53.97,54.09,11366.4,615130.001,1
BYBIT,LTCUSDT,60,1776222000000,54.09,54.12,53.98,54.05,4960.6,268038.834,1
BYBIT,LTCUSDT,60,1776225600000,54.05,54.16,54.02,54.14,6054.1,327497.081,1
BYBIT,LTCUSDT,60,1776229200000,54.14,54.23,53.86,53.99,12491.9,674649.13,1
BYBIT,LTCUSDT,60,1776232800000,53.99,54.01,53.77,53.89,14026.7,755598.805,1
BYBIT,LTCUSDT,60,1776236400000,53.89,54.04,53.85,53.98,7966.2,429846.532,1
BYBIT,LTCUSDT,60,1776240000000,53.98,54.39,53.95,54.32,15845.6,859291.307,1
BYBIT,LTCUSDT,60,1776243600000,54.32,54.39,54.12,54.2,8407.0,455755.326,1
BYBIT,LTCUSDT,60,1776247200000,54.2,54.51,54.16,54.29,6705.3,364319.598,1
BYBIT,LTCUSDT,60,1776250800000,54.29,54.58,54.29,54.48,12484.6,680065.203,1
BYBIT,LTCUSDT,60,1776254400000,54.48,54.72,54.41,54.6,22779.4,1242360.372,1
BYBIT,LTCUSDT,60,1776258000000,54.6,55.05,54.48,54.83,28018.3,1536612.271,1
BYBIT,LTCUSDT,60,1776261600000,54.83,55.23,54.74,55.09,24371.2,1342224.448,1
BYBIT,LTCUSDT,60,1776265200000,55.09,55.2,54.81,55.04,15261.0,839768.031,1
BYBIT,LTCUSDT,60,1776268800000,55.04,55.2,54.91,55.0,13154.8,724415.99,1
BYBIT,LTCUSDT,60,1776272400000,55.0,55.17,54.92,55.12,15816.5,870379.617,1
BYBIT,LTCUSDT,60,1776276000000,55.12,55.26,55.04,55.16,11125.9,613806.428,1
BYBIT,LTCUSDT,60,1776279600000,55.16,55.63,55.13,55.48,31185.2,1729168.969,1
BYBIT,LTCUSDT,60,1776283200000,55.48,55.5,55.12,55.22,9843.7,543921.808,1
BYBIT,LTCUSDT,60,1776286800000,55.22,55.25,55.05,55.24,9679.7,534116.598,1
BYBIT,LTCUSDT,60,1776290400000,55.24,55.54,55.18,55.2,12061.2,667622.16,1
BYBIT,LTCUSDT,60,1776294000000,55.2,55.2,54.98,55.12,9965.4,548804.817,1
BYBIT,LTCUSDT,60,1776297600000,55.12,55.2,54.93,55.04,9652.8,531528.543,1
BYBIT,LTCUSDT,60,1776301200000,55.04,55.06,54.78,54.93,8861.3,486375.449,1
BYBIT,LTCUSDT,60,1776304800000,54.93,55.4,54.93,55.2,11439.7,630911.188,1
BYBIT,LTCUSDT,60,1776308400000,55.2,55.34,55.11,55.27,7010.1,387043.966,1
BYBIT,LTCUSDT,60,1776312000000,55.27,55.68,55.19,55.42,16112.8,893761.511,1
BYBIT,LTCUSDT,60,1776315600000,55.42,55.53,55.28,55.44,6840.4,378926.707,1
BYBIT,LTCUSDT,60,1776319200000,55.44,55.58,55.31,55.54,9341.5,518191.538,1
BYBIT,LTCUSDT,60,1776322800000,55.54,55.61,55.38,55.53,7732.6,429083.346,1
BYBIT,LTCUSDT,60,1776326400000,55.53,55.67,55.42,55.43,18822.2,1046118.381,1
BYBIT,LTCUSDT,60,1776330000000,55.43,55.61,55.34,55.43,10310.1,571543.758,1
BYBIT,LTCUSDT,60,1776333600000,55.43,55.54,55.21,55.3,12671.6,701262.64,1
BYBIT,LTCUSDT,60,1776337200000,55.3,55.33,55.18,55.25,8937.8,493763.753,1
BYBIT,LTCUSDT,60,1776340800000,55.25,55.55,55.25,55.4,13509.2,748491.157,1
BYBIT,LTCUSDT,60,1776344400000,55.4,55.94,54.68,55.1,103724.8,5751385.85,1
BYBIT,LTCUSDT,60,1776348000000,55.1,55.17,54.55,54.98,54741.9,3006148.417,1
BYBIT,LTCUSDT,60,1776351600000,54.98,55.91,54.92,55.84,36314.6,2016461.287,1
BYBIT,LTCUSDT,60,1776355200000,55.84,56.09,55.2,55.41,45105.2,2512439.726,1
BYBIT,LTCUSDT,60,1776358800000,55.41,55.86,55.24,55.82,21241.2,1181174.585,1
BYBIT,LTCUSDT,60,1776362400000,55.82,56.57,55.78,56.43,35464.9,1991696.836,1
BYBIT,LTCUSDT,60,1776366000000,56.43,56.53,56.21,56.5,20452.6,1152819.318,1
BYBIT,LTCUSDT,60,1776369600000,56.5,56.54,55.89,56.06,25116.5,1411481.96,1
BYBIT,LTCUSDT,60,1776373200000,56.06,56.15,55.68,55.95,18349.8,1026222.993,1
BYBIT,LTCUSDT,60,1776376800000,55.95,56.23,55.94,56.17,8613.5,483174.494,1
BYBIT,LTCUSDT,60,1776380400000,56.17,56.41,56.13,56.32,4860.0,273402.548,1
BYBIT,LTCUSDT,60,1776384000000,56.32,56.36,56.01,56.1,14881.1,835880.789,1
BYBIT,LTCUSDT,60,1776387600000,56.1,56.18,55.73,55.94,16762.0,937411.529,1
BYBIT,LTCUSDT,60,1776391200000,55.94,56.03,55.56,55.76,11231.2,626633.811,1
BYBIT,LTCUSDT,60,1776394800000,55.76,55.78,55.55,55.56,5138.5,286172.884,1
BYBIT,LTCUSDT,60,1776398400000,55.56,55.79,55.54,55.63,6295.5,350704.217,1
BYBIT,LTCUSDT,60,1776402000000,55.63,55.64,55.29,55.37,10762.3,596142.629,1
BYBIT,LTCUSDT,60,1776405600000,55.37,55.87,55.36,55.77,6985.0,388483.538,1
BYBIT,LTCUSDT,60,1776409200000,55.77,55.99,55.74,55.94,10852.9,606039.294,1
BYBIT,LTCUSDT,60,1776412800000,55.94,56.2,55.89,56.11,11173.6,625886.208,1
BYBIT,LTCUSDT,60,1776416400000,56.11,56.38,55.97,56.13,16269.4,912810.616,1
BYBIT,LTCUSDT,60,1776420000000,56.13,56.18,55.8,55.94,15050.9,842399.244,1
BYBIT,LTCUSDT,60,1776423600000,55.94,56.3,55.91,56.15,11037.1,619387.915,1
BYBIT,LTCUSDT,60,1776427200000,56.15,56.65,56.04,56.59,24568.5,1385686.765,1
BYBIT,LTCUSDT,60,1776430800000,56.59,57.39,56.52,57.25,113327.7,6466771.409,1
BYBIT,LTCUSDT,60,1776434400000,57.25,57.32,56.92,56.98,32768.4,1872294.72,1
BYBIT,LTCUSDT,60,1776438000000,56.98,56.99,56.35,56.51,39054.1,2209393.545,1
BYBIT,LTCUSDT,60,1776441600000,56.51,57.06,56.51,57.05,27427.8,1558092.765,1
BYBIT,LTCUSDT,60,1776445200000,57.05,57.06,56.44,56.62,31922.4,1811030.379,1
BYBIT,LTCUSDT,60,1776448800000,56.62,56.68,56.27,56.6,13804.2,779006.626,1
BYBIT,LTCUSDT,60,1776452400000,56.6,56.85,56.45,56.72,13580.4,769594.661,1
BYBIT,LTCUSDT,60,1776456000000,56.72,56.8,56.43,56.59,8279.2,468538.059,1
BYBIT,LTCUSDT,60,1776459600000,56.59,56.72,56.46,56.65,10398.9,588802.051,1
BYBIT,LTCUSDT,60,1776463200000,56.65,56.77,56.53,56.55,7353.8,416397.926,1
BYBIT,LTCUSDT,60,1776466800000,56.55,56.55,56.25,56.34,12151.6,685075.861,1
BYBIT,LTCUSDT,60,1776470400000,56.34,56.52,56.22,56.42,8224.4,463594.207,1
BYBIT,LTCUSDT,60,1776474000000,56.42,56.56,56.24,56.3,10439.9,587935.483,1
BYBIT,LTCUSDT,60,1776477600000,56.3,56.47,56.15,56.41,8617.2,485546.862,1
BYBIT,LTCUSDT,60,1776481200000,56.41,56.41,56.17,56.2,5498.9,309398.425,1
BYBIT,LTCUSDT,60,1776484800000,56.2,56.29,56.03,56.14,6586.4,369706.279,1
BYBIT,LTCUSDT,60,1776488400000,56.14,56.32,56.13,56.26,12549.2,705802.705,1
BYBIT,LTCUSDT,60,1776492000000,56.26,56.39,56.21,56.33,5602.4,315513.056,1
BYBIT,LTCUSDT,60,1776495600000,56.33,56.62,56.31,56.55,9570.2,540722.617,1
BYBIT,LTCUSDT,60,1776499200000,56.55,56.57,56.02,56.31,24861.5,1398104.415,1
BYBIT,LTCUSDT,60,1776502800000,56.31,56.34,55.89,56.23,20394.4,1144247.606,1
BYBIT,LTCUSDT,60,1776506400000,56.23,56.23,55.86,56.14,13917.9,779274.239,1
BYBIT,LTCUSDT,60,1776510000000,56.14,56.16,55.69,55.97,17317.4,967926.771,1
BYBIT,LTCUSDT,60,1776513600000,55.97,56.07,55.77,55.98,9838.4,550372.016,1
BYBIT,LTCUSDT,60,1776517200000,55.98,56.04,55.52,55.83,21650.2,1207093.153,1
BYBIT,LTCUSDT,60,1776520800000,55.83,55.93,55.62,55.93,9429.5,526192.772,1
BYBIT,LTCUSDT,60,1776524400000,55.93,56.06,55.75,55.79,18248.4,1020557.511,1
BYBIT,LTCUSDT,60,1776528000000,55.79,55.95,55.61,55.76,13242.1,738721.193,1
BYBIT,LTCUSDT,60,1776531600000,55.76,55.86,55.55,55.82,11274.2,628029.723,1
BYBIT,LTCUSDT,60,1776535200000,55.82,55.84,55.19,55.23,34172.1,1894855.332,1
BYBIT,LTCUSDT,60,1776538800000,55.23,55.45,55.21,55.39,17658.5,977514.782,1
BYBIT,LTCUSDT,60,1776542400000,55.39,55.53,55.28,55.46,13925.8,771364.355,1
BYBIT,LTCUSDT,60,1776546000000,55.46,55.63,55.46,55.63,14597.8,810562.29,1
BYBIT,LTCUSDT,60,1776549600000,55.63,55.7,55.49,55.69,5263.2,292745.427,1
BYBIT,LTCUSDT,60,1776553200000,55.69,55.81,55.6,55.61,15771.1,879276.816,1
BYBIT,LTCUSDT,60,1776556800000,55.61,55.66,55.44,55.62,10642.6,591276.691,1
BYBIT,LTCUSDT,60,1776560400000,55.62,55.73,55.4,55.53,6989.6,388168.669,1
BYBIT,LTCUSDT,60,1776564000000,55.53,55.62,55.29,55.44,6418.4,355869.99,1
BYBIT,LTCUSDT,60,1776567600000,55.44,55.65,55.28,55.46,7893.7,438070.625,1
BYBIT,LTCUSDT,60,1776571200000,55.46,55.78,55.41,55.61,22650.8,1259005.668,1
BYBIT,LTCUSDT,60,1776574800000,55.61,55.7,55.49,55.65,4947.4,275199.783,1
BYBIT,LTCUSDT,60,1776578400000,55.65,55.66,55.16,55.5,23870.3,1321673.252,1
BYBIT,LTCUSDT,60,1776582000000,55.5,55.53,54.65,55.08,40653.1,2235454.052,1
BYBIT,LTCUSDT,60,1776585600000,55.08,55.2,55.01,55.08,5426.4,298860.589,1
BYBIT,LTCUSDT,60,1776589200000,55.08,55.13,54.96,55.0,10683.4,587881.354,1
BYBIT,LTCUSDT,60,1776592800000,55.0,55.09,54.86,54.96,6559.0,360349.205,1
BYBIT,LTCUSDT,60,1776596400000,54.96,55.23,54.89,55.16,23874.5,1315479.643,1
BYBIT,LTCUSDT,60,1776600000000,55.16,55.35,55.13,55.25,13083.5,722642.946,1
BYBIT,LTCUSDT,60,1776603600000,55.25,55.68,55.24,55.43,27876.8,1545998.998,1
BYBIT,LTCUSDT,60,1776607200000,55.43,55.66,55.22,55.51,10882.8,603063.814,1
BYBIT,LTCUSDT,60,1776610800000,55.51,55.51,55.06,55.43,11327.9,626613.877,1
BYBIT,LTCUSDT,60,1776614400000,55.43,55.51,55.14,55.25,4848.3,268145.879,1
BYBIT,LTCUSDT,60,1776618000000,55.25,55.25,54.53,54.61,34941.3,1915930.566,1
BYBIT,LTCUSDT,60,1776621600000,54.61,54.73,54.47,54.6,28076.2,1532087.258,1
BYBIT,LTCUSDT,60,1776625200000,54.6,54.86,54.59,54.7,7370.8,403485.027,1
BYBIT,LTCUSDT,60,1776628800000,54.7,54.7,54.44,54.49,19649.8,1071725.635,1
BYBIT,LTCUSDT,60,1776632400000,54.49,54.77,54.47,54.55,11602.4,633465.796,1
BYBIT,LTCUSDT,60,1776636000000,54.55,54.55,53.97,54.12,56732.7,3079667.287,1
BYBIT,LTCUSDT,60,1776639600000,54.12,54.12,53.85,54.02,19621.8,1058955.068,1
BYBIT,LTCUSDT,60,1776643200000,54.02,54.38,53.96,54.35,26735.7,1447882.339,1
BYBIT,LTCUSDT,60,1776646800000,54.35,54.54,54.29,54.42,10052.2,546948.485,1
BYBIT,LTCUSDT,60,1776650400000,54.42,54.58,54.3,54.47,5157.9,280860.842,1
BYBIT,LTCUSDT,60,1776654000000,54.47,54.63,54.46,54.62,4596.7,250660.6,1
BYBIT,LTCUSDT,60,1776657600000,54.62,54.82,54.49,54.77,13527.1,739246.648,1
BYBIT,LTCUSDT,60,1776661200000,54.77,54.79,54.43,54.57,11776.7,642740.553,1
BYBIT,LTCUSDT,60,1776664800000,54.57,54.92,54.54,54.84,20543.9,1124692.495,1
BYBIT,LTCUSDT,60,1776668400000,54.84,55.4,54.8,54.93,20917.0,1152005.828,1
BYBIT,LTCUSDT,60,1776672000000,54.93,55.01,54.74,54.78,12182.7,668467.741,1
BYBIT,LTCUSDT,60,1776675600000,54.78,55.1,54.74,55.04,6166.6,338853.033,1
BYBIT,LTCUSDT,60,1776679200000,55.04,55.22,54.98,54.98,11987.7,660597.326,1
BYBIT,LTCUSDT,60,1776682800000,54.98,55.0,54.67,54.86,18496.1,1014566.085,1
BYBIT,LTCUSDT,60,1776686400000,54.86,55.1,54.78,55.02,17349.2,953297.118,1
BYBIT,LTCUSDT,60,1776690000000,55.02,55.22,54.95,55.09,24729.3,1362348.126,1
BYBIT,LTCUSDT,60,1776693600000,55.09,55.33,54.76,54.84,25648.1,1411264.889,1
BYBIT,LTCUSDT,60,1776697200000,54.84,55.16,54.61,55.13,27535.3,1512646.082,1
BYBIT,LTCUSDT,60,1776700800000,55.13,55.15,54.82,54.86,18857.0,1036146.806,1
BYBIT,LTCUSDT,60,1776704400000,54.86,55.24,54.83,55.14,18739.6,1033026.81,1
BYBIT,LTCUSDT,60,1776708000000,55.14,55.37,55.13,55.3,12182.1,673224.082,1
BYBIT,LTCUSDT,60,1776711600000,55.3,55.34,55.12,55.17,14763.8,815332.32,1
BYBIT,LTCUSDT,60,1776715200000,55.17,55.21,55.03,55.2,14691.4,809572.456,1
BYBIT,LTCUSDT,60,1776718800000,55.2,55.33,55.0,55.15,18513.5,1020755.018,1
BYBIT,LTCUSDT,60,1776722400000,55.15,55.24,54.97,55.0,7088.2,390702.872,1
BYBIT,LTCUSDT,60,1776726000000,55.0,55.0,54.86,54.99,8823.4,484644.164,1
BYBIT,LTCUSDT,60,1776729600000,54.99,55.15,54.97,55.11,7322.0,403185.303,1
BYBIT,LTCUSDT,60,1776733200000,55.11,55.21,54.94,54.95,7529.7,414916.073,1
BYBIT,LTCUSDT,60,1776736800000,54.95,54.97,54.77,54.78,11681.4,640896.568,1
BYBIT,LTCUSDT,60,1776740400000,54.78,54.81,54.63,54.77,7683.3,420544.264,1
BYBIT,LTCUSDT,60,1776744000000,54.77,54.95,54.75,54.94,7008.7,384421.809,1
BYBIT,LTCUSDT,60,1776747600000,54.94,55.1,54.94,54.95,4792.6,263723.094,1
BYBIT,LTCUSDT,60,1776751200000,54.95,55.13,54.84,55.05,4770.1,262308.955,1
BYBIT,LTCUSDT,60,1776754800000,55.05,55.38,54.96,55.29,39218.2,2167007.293,1
BYBIT,LTCUSDT,60,1776758400000,55.29,55.46,55.14,55.21,17664.2,976102.029,1
BYBIT,LTCUSDT,60,1776762000000,55.21,55.48,55.19,55.46,10977.5,607394.318,1
BYBIT,LTCUSDT,60,1776765600000,55.46,55.63,55.43,55.51,11379.4,632078.314,1
BYBIT,LTCUSDT,60,1776769200000,55.51,55.52,55.28,55.42,19536.8,1081738.326,1
BYBIT,LTCUSDT,60,1776772800000,55.42,55.47,55.18,55.34,13850.3,766158.293,1
BYBIT,LTCUSDT,60,1776776400000,55.34,55.46,55.21,55.41,20788.0,1150465.958,1
BYBIT,LTCUSDT,60,1776780000000,55.41,55.83,55.32,55.4,28883.4,1606224.374,1
BYBIT,LTCUSDT,60,1776783600000,55.4,55.56,55.27,55.33,17370.4,962288.367,1
BYBIT,LTCUSDT,60,1776787200000,55.33,55.44,55.01,55.02,15491.6,855682.857,1
BYBIT,LTCUSDT,60,1776790800000,55.02,55.31,54.7,55.11,31584.2,1736860.434,1
BYBIT,LTCUSDT,60,1776794400000,55.11,55.14,54.92,55.09,17422.7,958685.415,1
BYBIT,LTCUSDT,60,1776798000000,55.09,55.3,54.75,54.81,18260.7,1004542.131,1
BYBIT,LTCUSDT,60,1776801600000,54.81,55.27,54.8,55.09,22989.4,1267103.317,1
BYBIT,LTCUSDT,60,1776805200000,55.09,55.18,55.01,55.12,7390.8,407040.264,1
BYBIT,LTCUSDT,60,1776808800000,55.12,55.17,54.94,55.1,4617.0,254103.94,1
BYBIT,LTCUSDT,60,1776812400000,55.1,55.57,55.09,55.52,12264.8,678694.566,1
BYBIT,LTCUSDT,60,1776816000000,55.52,55.72,55.51,55.64,11888.3,661141.003,1
BYBIT,LTCUSDT,60,1776819600000,55.64,55.66,55.45,55.58,8407.5,467123.057,1
BYBIT,LTCUSDT,60,1776823200000,55.58,56.08,55.52,55.92,27561.5,1540058.965,1
BYBIT,LTCUSDT,60,1776826800000,55.92,55.92,55.64,55.81,8892.4,496059.596,1
BYBIT,LTCUSDT,60,1776830400000,55.81,55.94,55.78,55.91,7859.8,438988.472,1
BYBIT,LTCUSDT,60,1776834000000,55.91,56.45,55.82,56.25,37107.3,2086048.871,1
BYBIT,LTCUSDT,60,1776837600000,56.25,56.26,56.09,56.25,6436.6,361565.777,1
BYBIT,LTCUSDT,60,1776841200000,56.25,56.28,56.11,56.15,7340.7,412375.247,1
BYBIT,LTCUSDT,60,1776844800000,56.15,56.3,56.14,56.21,6493.8,365128.295,1
BYBIT,LTCUSDT,60,1776848400000,56.21,56.25,55.89,56.0,13523.1,758510.103,1
BYBIT,LTCUSDT,60,1776852000000,56.0,56.2,55.78,56.17,40124.0,2245574.631,1
BYBIT,LTCUSDT,60,1776855600000,56.17,56.27,56.04,56.2,10776.1,605210.349,1
BYBIT,LTCUSDT,60,1776859200000,56.2,56.27,56.02,56.09,16274.0,913302.092,1
BYBIT,LTCUSDT,60,1776862800000,56.09,56.27,55.99,56.19,24557.9,1379306.744,1
BYBIT,LTCUSDT,60,1776866400000,56.19,56.44,56.13,56.4,20915.5,1176670.761,1
BYBIT,LTCUSDT,60,1776870000000,56.4,56.51,56.22,56.43,22206.1,1251743.131,1
BYBIT,LTCUSDT,60,1776873600000,56.43,56.45,56.01,56.02,12883.5,724511.691,1
BYBIT,LTCUSDT,60,1776877200000,56.02,56.19,55.98,56.09,9270.3,519861.009,1
BYBIT,LTCUSDT,60,1776880800000,56.09,56.17,56.04,56.09,6382.9,358123.403,1
BYBIT,LTCUSDT,60,1776884400000,56.09,56.13,55.79,55.94,14278.0,799112.865,1
BYBIT,LTCUSDT,60,1776888000000,55.94,55.95,55.71,55.74,10265.8,573072.415,1
BYBIT,LTCUSDT,60,1776891600000,55.74,56.07,55.74,55.98,16345.7,915033.548,1
BYBIT,LTCUSDT,60,1776895200000,55.98,56.0,55.75,55.82,4782.4,267217.793,1
BYBIT,LTCUSDT,60,1776898800000,55.82,55.82,55.39,55.47,22662.3,1258584.6,1
BYBIT,LTCUSDT,60,1776902400000,55.47,55.65,55.14,55.56,38201.5,2119520.689,1
BYBIT,LTCUSDT,60,1776906000000,55.56,55.89,55.39,55.62,24117.7,1342954.429,1
BYBIT,LTCUSDT,60,1776909600000,55.62,55.64,54.94,55.12,47197.0,2604699.376,1
BYBIT,LTCUSDT,60,1776913200000,55.12,55.14,54.86,55.09,16450.4,904936.914,1
BYBIT,LTCUSDT,60,1776916800000,55.09,55.2,55.01,55.09,8666.7,477416.954,1
BYBIT,LTCUSDT,60,1776920400000,55.09,55.21,55.04,55.14,18181.9,1001921.266,1
BYBIT,LTCUSDT,60,1776924000000,55.14,55.31,55.14,55.22,7956.8,439574.491,1
BYBIT,LTCUSDT,60,1776927600000,55.22,55.24,55.07,55.14,18786.9,1036185.853,1
BYBIT,LTCUSDT,60,1776931200000,55.14,55.21,55.03,55.19,14587.7,804035.555,1
BYBIT,LTCUSDT,60,1776934800000,55.19,55.19,54.89,55.11,19278.6,1060730.685,1
BYBIT,LTCUSDT,60,1776938400000,55.11,55.14,54.9,55.09,12380.7,681119.663,1
BYBIT,LTCUSDT,60,1776942000000,55.09,55.46,55.09,55.41,11551.6,638757.892,1
BYBIT,LTCUSDT,60,1776945600000,55.41,55.67,55.41,55.55,30803.9,1710347.769,1
BYBIT,LTCUSDT,60,1776949200000,55.55,55.66,55.48,55.52,8704.6,483635.625,1
BYBIT,LTCUSDT,60,1776952800000,55.52,55.71,55.39,55.69,12226.9,679068.458,1
BYBIT,LTCUSDT,60,1776956400000,55.69,55.96,55.58,55.85,14948.9,834401.812,1
BYBIT,LTCUSDT,60,1776960000000,55.85,55.86,55.53,55.57,8023.2,446871.195,1
BYBIT,LTCUSDT,60,1776963600000,55.57,55.66,55.09,55.45,41937.7,2323718.369,1
BYBIT,LTCUSDT,60,1776967200000,55.45,55.57,55.27,55.31,23069.3,1278818.091,1
BYBIT,LTCUSDT,60,1776970800000,55.31,55.54,55.24,55.46,13787.1,763731.9,1
BYBIT,LTCUSDT,60,1776974400000,55.46,55.92,55.44,55.75,16318.9,908573.921,1
BYBIT,LTCUSDT,60,1776978000000,55.75,55.93,55.74,55.78,7737.4,432198.729,1
BYBIT,LTCUSDT,60,1776981600000,55.78,56.13,55.77,56.07,11268.7,631000.147,1
BYBIT,LTCUSDT,60,1776985200000,56.07,56.21,55.94,56.18,13784.5,773336.604,1
BYBIT,LTCUSDT,60,1776988800000,56.18,56.24,56.05,56.09,12196.0,685136.391,1
BYBIT,LTCUSDT,60,1776992400000,56.09,56.1,55.83,56.07,11460.0,641238.823,1
BYBIT,LTCUSDT,60,1776996000000,56.07,56.14,55.95,56.02,6734.2,377504.259,1
BYBIT,LTCUSDT,60,1776999600000,56.02,56.04,55.72,55.84,14938.2,834438.94,1
BYBIT,LTCUSDT,60,1777003200000,55.84,55.91,55.74,55.85,4476.6,249890.64,1
BYBIT,LTCUSDT,60,1777006800000,55.85,56.11,55.74,56.02,6685.8,373921.817,1
BYBIT,LTCUSDT,60,1777010400000,56.02,56.09,55.89,55.97,6161.8,344964.395,1
BYBIT,LTCUSDT,60,1777014000000,55.97,56.08,55.95,56.08,4987.1,279296.719,1
BYBIT,LTCUSDT,60,1777017600000,56.08,56.15,55.98,56.04,5641.1,316306.918,1
BYBIT,LTCUSDT,60,1777021200000,56.04,56.1,55.79,56.05,9328.1,521914.244,1
BYBIT,LTCUSDT,60,1777024800000,56.05,56.3,55.99,56.13,12345.5,693267.372,1
BYBIT,LTCUSDT,60,1777028400000,56.13,56.48,56.13,56.37,26472.2,1492052.979,1
BYBIT,LTCUSDT,60,1777032000000,56.37,56.39,56.07,56.12,17107.6,961428.139,1
BYBIT,LTCUSDT,60,1777035600000,56.12,56.35,56.11,56.2,10980.1,617225.911,1
BYBIT,LTCUSDT,60,1777039200000,56.2,56.25,56.03,56.21,8374.9,470346.606,1
BYBIT,LTCUSDT,60,1777042800000,56.21,56.65,55.99,56.56,25784.5,1453951.731,1
BYBIT,LTCUSDT,60,1777046400000,56.56,56.58,56.36,56.53,9190.5,518856.487,1
BYBIT,LTCUSDT,60,1777050000000,56.53,56.58,56.42,56.45,8257.1,466441.445,1
BYBIT,LTCUSDT,60,1777053600000,56.45,56.59,56.31,56.55,7570.8,427491.368,1
BYBIT,LTCUSDT,60,1777057200000,56.55,56.69,56.46,56.67,6439.4,364521.788,1
BYBIT,LTCUSDT,60,1777060800000,56.67,56.68,56.47,56.61,10928.2,618206.11,1
BYBIT,LTCUSDT,60,1777064400000,56.61,56.74,56.46,56.56,12359.6,699633.371,1
BYBIT,LTCUSDT,60,1777068000000,56.56,56.59,56.41,56.43,4518.5,255257.182,1
BYBIT,LTCUSDT,60,1777071600000,56.43,56.5,56.31,56.5,6076.6,342800.921,1
BYBIT,LTCUSDT,60,1777075200000,56.5,56.51,56.31,56.4,14648.0,826527.994,1
BYBIT,LTCUSDT,60,1777078800000,56.4,56.59,56.32,56.52,4411.9,249183.96,1
BYBIT,LTCUSDT,60,1777082400000,56.52,56.66,56.43,56.63,5655.2,319828.614,1
BYBIT,LTCUSDT,60,1777086000000,56.63,56.67,56.5,56.65,3207.8,181552.092,1
BYBIT,LTCUSDT,60,1777089600000,56.65,56.69,56.43,56.49,4997.0,282498.345,1
BYBIT,LTCUSDT,60,1777093200000,56.49,56.49,56.32,56.41,10919.5,615864.994,1
BYBIT,LTCUSDT,60,1777096800000,56.41,56.47,56.34,56.34,5783.6,326271.038,1
BYBIT,LTCUSDT,60,1777100400000,56.34,56.45,56.23,56.36,10888.4,613485.674,1
BYBIT,LTCUSDT,60,1777104000000,56.36,56.55,56.34,56.39,10702.4,603777.273,1
BYBIT,LTCUSDT,60,1777107600000,56.39,56.5,56.34,56.47,5300.6,299014.088,1
BYBIT,LTCUSDT,60,1777111200000,56.47,56.49,56.37,56.4,3786.6,213717.974,1
BYBIT,LTCUSDT,60,1777114800000,56.4,56.4,56.14,56.23,12286.6,691224.771,1
BYBIT,LTCUSDT,60,1777118400000,56.23,56.32,56.14,56.23,7346.4,413005.885,1
BYBIT,LTCUSDT,60,1777122000000,56.23,56.43,56.23,56.33,4511.3,254213.329,1
BYBIT,LTCUSDT,60,1777125600000,56.33,56.42,56.32,56.35,6006.7,338519.338,1
BYBIT,LTCUSDT,60,1777129200000,56.35,56.57,56.29,56.41,8899.4,502440.406,1
BYBIT,LTCUSDT,60,1777132800000,56.41,56.51,56.18,56.4,9858.1,555664.29,1
BYBIT,LTCUSDT,60,1777136400000,56.4,56.44,56.13,56.14,9931.5,558886.276,1
BYBIT,LTCUSDT,60,1777140000000,56.14,56.17,55.75,55.98,46374.7,2595014.779,1
BYBIT,LTCUSDT,60,1777143600000,55.98,56.07,55.91,56.03,16605.2,930317.775,1
BYBIT,LTCUSDT,60,1777147200000,56.03,56.07,55.9,55.96,15481.5,866947.37,1
BYBIT,LTCUSDT,60,1777150800000,55.96,56.04,55.91,55.94,13871.4,776209.445,1
BYBIT,LTCUSDT,60,1777154400000,55.94,56.09,55.91,55.99,9094.2,509419.838,1
BYBIT,LTCUSDT,60,1777158000000,55.99,56.03,55.93,56.02,5286.8,295994.988,1
BYBIT,LTCUSDT,60,1777161600000,56.02,56.03,55.83,55.92,14675.7,820559.181,1
BYBIT,LTCUSDT,60,1777165200000,55.92,56.0,55.83,55.84,8071.3,451177.682,1
BYBIT,LTCUSDT,60,1777168800000,55.84,55.97,55.83,55.86,4901.7,273896.977,1
BYBIT,LTCUSDT,60,1777172400000,55.86,55.93,55.71,55.81,8430.3,470644.618,1
BYBIT,LTCUSDT,60,1777176000000,55.81,55.94,55.73,55.87,7685.0,429026.719,1
BYBIT,LTCUSDT,60,1777179600000,55.87,56.21,55.83,56.0,16188.2,907799.891,1
BYBIT,LTCUSDT,60,1777183200000,56.0,56.21,56.0,56.15,7782.0,436625.961,1
BYBIT,LTCUSDT,60,1777186800000,56.15,56.28,56.1,56.26,6323.8,355533.636,1
BYBIT,LTCUSDT,60,1777190400000,56.26,56.28,56.11,56.21,6720.1,377720.574,1
BYBIT,LTCUSDT,60,1777194000000,56.21,56.22,56.1,56.17,7245.9,406914.648,1
BYBIT,LTCUSDT,60,1777197600000,56.17,56.27,56.14,56.2,6125.0,344358.414,1
BYBIT,LTCUSDT,60,1777201200000,56.2,56.32,56.18,56.25,4868.1,273844.55,1
BYBIT,LTCUSDT,60,1777204800000,56.25,56.31,56.04,56.07,9826.0,552200.709,1
BYBIT,LTCUSDT,60,1777208400000,56.07,56.08,55.9,55.93,9310.7,521178.543,1
BYBIT,LTCUSDT,60,1777212000000,55.93,56.09,55.82,55.95,13877.3,776709.555,1
BYBIT,LTCUSDT,60,1777215600000,55.95,56.02,55.88,56.01,9957.6,557263.493,1
BYBIT,LTCUSDT,60,1777219200000,56.01,56.03,55.78,55.82,6052.3,338270.073,1
BYBIT,LTCUSDT,60,1777222800000,55.82,55.94,55.75,55.92,18661.6,1042097.913,1
BYBIT,LTCUSDT,60,1777226400000,55.92,56.2,55.89,56.18,10159.0,569787.561,1
BYBIT,LTCUSDT,60,1777230000000,56.18,56.38,56.18,56.28,15574.2,876712.254,1
BYBIT,LTCUSDT,60,1777233600000,56.28,56.35,56.14,56.14,10169.0,572270.818,1
BYBIT,LTCUSDT,60,1777237200000,56.14,56.29,55.94,56.23,18430.3,1034795.521,1
BYBIT,LTCUSDT,60,1777240800000,56.23,56.43,56.08,56.19,9088.6,511405.249,1
BYBIT,LTCUSDT,60,1777244400000,56.19,56.35,56.11,56.24,3697.6,207826.736,1
BYBIT,LTCUSDT,60,1777248000000,56.24,56.44,56.03,56.42,20793.2,1169659.158,1
BYBIT,LTCUSDT,60,1777251600000,56.42,56.69,56.21,56.61,21833.0,1233646.806,1
BYBIT,LTCUSDT,60,1777255200000,56.61,56.73,56.42,56.57,16308.4,922092.761,1
BYBIT,LTCUSDT,60,1777258800000,56.57,56.76,56.56,56.62,31111.7,1763149.848,1
BYBIT,LTCUSDT,60,1777262400000,56.62,56.62,56.4,56.43,10016.0,566083.045,1
BYBIT,LTCUSDT,60,1777266000000,56.43,56.45,55.41,55.48,68431.2,3816942.506,1
BYBIT,LTCUSDT,60,1777269600000,55.48,55.52,55.19,55.44,30305.5,1677839.153,1
BYBIT,LTCUSDT,60,1777273200000,55.44,55.47,55.25,55.26,15943.3,883001.808,1
BYBIT,LTCUSDT,60,1777276800000,55.26,55.39,55.17,55.39,16861.5,932241.713,1
BYBIT,LTCUSDT,60,1777280400000,55.39,55.48,55.33,55.38,60945.5,3377641.885,1
BYBIT,LTCUSDT,60,1777284000000,55.38,55.46,55.31,55.31,5160.5,285846.14,1
BYBIT,LTCUSDT,60,1777287600000,55.31,55.39,55.23,55.39,3454.2,190997.307,1
BYBIT,LTCUSDT,60,1777291200000,55.39,55.44,55.25,55.41,40549.5,2244618.554,1
BYBIT,LTCUSDT,60,1777294800000,55.41,55.85,55.4,55.65,49179.9,2734691.632,1
BYBIT,LTCUSDT,60,1777298400000,55.65,55.88,55.54,55.7,20745.5,1155699.291,1
BYBIT,LTCUSDT,60,1777302000000,55.7,55.73,54.91,55.16,57982.7,3202554.573,1
BYBIT,LTCUSDT,60,1777305600000,55.16,55.41,55.07,55.24,10510.0,580700.51,1
BYBIT,LTCUSDT,60,1777309200000,55.24,55.48,55.21,55.29,11740.9,650014.885,1
BYBIT,LTCUSDT,60,1777312800000,55.29,55.34,55.04,55.3,17522.7,966368.998,1
BYBIT,LTCUSDT,60,1777316400000,55.3,55.35,55.07,55.28,9472.6,523151.713,1
BYBIT,LTCUSDT,60,1777320000000,55.28,55.38,55.26,55.37,8072.8,446674.067,1
BYBIT,LTCUSDT,60,1777323600000,55.37,55.41,55.25,55.26,9854.1,545041.73,1
BYBIT,LTCUSDT,60,1777327200000,55.26,55.4,55.2,55.38,6734.8,372252.364,1
BYBIT,LTCUSDT,60,1777330800000,55.38,55.57,55.34,55.54,10225.2,567273.922,1
BYBIT,LTCUSDT,60,1777334400000,55.54,55.61,55.42,55.43,12073.3,670082.112,1
BYBIT,LTCUSDT,60,1777338000000,55.43,55.47,55.35,55.43,2632.3,145864.946,1
BYBIT,LTCUSDT,60,1777341600000,55.43,55.56,55.26,55.41,6323.6,350261.677,1
BYBIT,LTCUSDT,60,1777345200000,55.41,55.42,55.31,55.37,3061.9,169500.26,1
BYBIT,LTCUSDT,60,1777348800000,55.37,55.47,55.31,55.36,4533.6,251023.654,1
BYBIT,LTCUSDT,60,1777352400000,55.36,55.45,55.24,55.26,9172.8,507561.428,1
BYBIT,LTCUSDT,60,1777356000000,55.26,55.33,55.02,55.16,5428.2,299595.231,1
BYBIT,LTCUSDT,60,1777359600000,55.16,55.24,54.98,55.19,9335.8,514688.323,1
BYBIT,LTCUSDT,60,1777363200000,55.19,55.37,55.12,55.18,7798.1,430618.956,1
BYBIT,LTCUSDT,60,1777366800000,55.18,55.2,55.04,55.08,7397.6,407809.876,1
BYBIT,LTCUSDT,60,1777370400000,55.08,55.17,54.99,55.04,9155.6,504070.546,1
BYBIT,LTCUSDT,60,1777374000000,55.04,55.06,54.91,54.94,10925.8,600647.03,1
BYBIT,LTCUSDT,60,1777377600000,54.94,55.11,54.89,55.07,14949.4,822029.519,1
BYBIT,LTCUSDT,60,1777381200000,55.07,55.08,54.78,54.96,21800.9,1197387.255,1
BYBIT,LTCUSDT,60,1777384800000,54.96,54.96,54.66,54.89,15202.2,833117.809,1
BYBIT,LTCUSDT,60,1777388400000,54.89,55.08,54.88,55.03,6780.6,372859.751,1
BYBIT,LTCUSDT,60,1777392000000,55.03,55.13,54.97,55.07,6882.3,378864.448,1
BYBIT,LTCUSDT,60,1777395600000,55.07,55.24,54.95,55.14,6235.0,343722.133,1
BYBIT,LTCUSDT,60,1777399200000,55.14,55.28,55.12,55.25,4905.6,270835.678,1
BYBIT,LTCUSDT,60,1777402800000,55.25,55.43,55.15,55.41,22304.0,1234094.23,1
BYBIT,LTCUSDT,60,1777406400000,55.41,55.5,55.39,55.47,11214.1,621841.602,1
BYBIT,LTCUSDT,60,1777410000000,55.47,55.58,55.4,55.52,16444.9,912624.975,1
BYBIT,LTCUSDT,60,1777413600000,55.52,55.61,55.38,55.41,6121.3,339820.744,1
BYBIT,LTCUSDT,60,1777417200000,55.41,55.74,55.41,55.68,6603.4,367015.874,1
BYBIT,LTCUSDT,60,1777420800000,55.68,55.7,55.55,55.66,10917.3,607324.879,1
BYBIT,LTCUSDT,60,1777424400000,55.66,55.73,55.48,55.64,5446.1,302891.462,1
BYBIT,LTCUSDT,60,1777428000000,55.64,55.73,55.53,55.55,4102.2,228073.628,1
BYBIT,LTCUSDT,60,1777431600000,55.55,55.91,55.55,55.91,10009.0,557873.115,1
BYBIT,LTCUSDT,60,1777435200000,55.91,56.07,55.81,55.96,15488.1,866752.236,1
BYBIT,LTCUSDT,60,1777438800000,55.96,56.0,55.87,55.92,4071.7,227752.661,1
BYBIT,LTCUSDT,60,1777442400000,55.92,55.95,55.8,55.89,7171.0,400673.91,1
BYBIT,LTCUSDT,60,1777446000000,55.89,56.08,55.83,55.99,7732.3,432760.429,1
BYBIT,LTCUSDT,60,1777449600000,55.99,56.01,55.86,55.89,3300.8,184590.819,1
BYBIT,LTCUSDT,60,1777453200000,55.89,57.28,55.84,57.24,54045.4,3064431.838,1
BYBIT,LTCUSDT,60,1777456800000,57.24,57.69,56.99,57.16,100119.4,5744192.867,1
BYBIT,LTCUSDT,60,1777460400000,57.16,57.16,56.59,56.77,37967.3,2156511.009,1
BYBIT,LTCUSDT,60,1777464000000,56.77,56.93,56.38,56.89,50538.2,2858653.933,1
BYBIT,LTCUSDT,60,1777467600000,56.89,57.0,55.96,56.19,53301.1,3004080.432,1
BYBIT,LTCUSDT,60,1777471200000,56.19,56.25,55.99,56.08,15236.6,854975.06,1
BYBIT,LTCUSDT,60,1777474800000,56.08,56.13,54.97,55.17,75700.7,4192210.774,1
BYBIT,LTCUSDT,60,1777478400000,55.17,55.31,55.08,55.22,28741.8,1586939.553,1
BYBIT,LTCUSDT,60,1777482000000,55.22,55.54,55.21,55.51,19571.2,1083564.911,1
BYBIT,LTCUSDT,60,1777485600000,55.51,55.56,54.32,54.87,120603.0,6592749.14,1
BYBIT,LTCUSDT,60,1777489200000,54.87,54.92,54.49,54.74,14107.6,772176.942,1
BYBIT,LTCUSDT,60,1777492800000,54.74,54.99,54.67,54.92,16929.1,928125.775,1
BYBIT,LTCUSDT,60,1777496400000,54.92,55.34,54.83,55.15,22874.8,1259788.403,1
BYBIT,LTCUSDT,60,1777500000000,55.15,55.24,55.09,55.23,11475.8,632993.251,1
BYBIT,LTCUSDT,60,1777503600000,55.23,55.31,55.17,55.27,8686.9,479822.0,1
BYBIT,LTCUSDT,60,1777507200000,55.27,55.65,55.22,55.62,21607.5,1197462.15,1
BYBIT,LTCUSDT,60,1777510800000,55.62,55.69,55.44,55.59,5821.7,323556.291,1
BYBIT,LTCUSDT,60,1777514400000,55.59,55.65,55.11,55.23,16039.5,888679.906,1
BYBIT,LTCUSDT,60,1777518000000,55.23,55.41,55.17,55.31,5527.5,305630.777,1
BYBIT,LTCUSDT,60,1777521600000,55.31,55.31,54.97,54.97,10078.2,555881.265,1
BYBIT,LTCUSDT,60,1777525200000,54.97,55.22,54.9,55.14,6046.0,332968.409,1
BYBIT,LTCUSDT,60,1777528800000,55.14,55.33,55.09,55.3,6653.1,367495.782,1
BYBIT,LTCUSDT,60,1777532400000,55.3,55.65,55.28,55.56,11161.7,619393.302,1
BYBIT,LTCUSDT,60,1777536000000,55.56,55.62,55.46,55.56,7466.5,414610.312,1
BYBIT,LTCUSDT,60,1777539600000,55.56,55.92,55.51,55.75,12810.6,714064.557,1
BYBIT,LTCUSDT,60,1777543200000,55.75,55.82,55.58,55.67,7728.7,430419.866,1
BYBIT,LTCUSDT,60,1777546800000,55.67,55.88,55.57,55.68,14691.1,818515.807,1
BYBIT,LTCUSDT,60,1777550400000,55.68,55.95,55.61,55.61,8846.1,493550.318,1
BYBIT,LTCUSDT,60,1777554000000,55.61,55.81,55.47,55.68,14460.2,804044.922,1
BYBIT,LTCUSDT,60,1777557600000,55.68,55.83,55.5,55.64,10447.5,581408.292,1
BYBIT,LTCUSDT,60,1777561200000,55.64,55.77,55.57,55.58,7819.2,435110.218,1
BYBIT,LTCUSDT,60,1777564800000,55.58,55.65,55.39,55.55,7513.9,417207.37,1
BYBIT,LTCUSDT,60,1777568400000,55.55,55.55,55.36,55.46,4659.3,258317.989,1
BYBIT,LTCUSDT,60,1777572000000,55.46,55.59,55.44,55.46,5282.1,293239.807,1
BYBIT,LTCUSDT,60,1777575600000,55.46,55.58,55.26,55.26,7707.8,427206.682,1
BYBIT,LTCUSDT,60,1777579200000,55.26,55.35,55.16,55.25,14749.7,814873.978,1
BYBIT,LTCUSDT,60,1777582800000,55.25,55.29,55.02,55.05,11489.5,633887.068,1
BYBIT,LTCUSDT,60,1777586400000,55.05,55.19,55.03,55.05,5097.9,280969.892,1
BYBIT,LTCUSDT,60,1777590000000,55.05,55.2,55.02,55.14,3834.5,211306.691,1
BYBIT,LTCUSDT,60,1777593600000,55.14,55.25,55.12,55.17,8748.6,482776.993,1
BYBIT,LTCUSDT,60,1777597200000,55.17,55.32,55.17,55.28,6096.3,336865.124,1
BYBIT,LTCUSDT,60,1777600800000,55.28,55.29,55.16,55.27,3772.5,208311.836,1
BYBIT,LTCUSDT,60,1777604400000,55.27,55.63,55.12,55.38,12621.6,699146.283,1
BYBIT,LTCUSDT,60,1777608000000,55.38,55.47,55.17,55.21,7128.4,394479.101,1
BYBIT,LTCUSDT,60,1777611600000,55.21,55.41,55.18,55.27,5730.3,316971.826,1
BYBIT,LTCUSDT,60,1777615200000,55.27,55.42,55.13,55.21,14169.7,783019.951,1
BYBIT,LTCUSDT,60,1777618800000,55.21,55.34,55.15,55.27,10600.0,585451.509,1
BYBIT,LTCUSDT,60,1777622400000,55.27,55.34,55.18,55.25,5325.7,294241.922,1
BYBIT,LTCUSDT,60,1777626000000,55.25,55.25,54.93,55.01,12590.3,692952.648,1
BYBIT,LTCUSDT,60,1777629600000,55.01,55.16,54.84,55.15,8689.9,478003.038,1
BYBIT,LTCUSDT,60,1777633200000,55.15,55.21,55.05,55.12,5242.8,289040.728,1
BYBIT,LTCUSDT,60,1777636800000,55.12,55.45,55.08,55.24,11792.8,651812.51,1
BYBIT,LTCUSDT,60,1777640400000,55.24,55.56,55.24,55.51,12303.2,681776.561,1
BYBIT,LTCUSDT,60,1777644000000,55.51,55.68,55.34,55.6,22974.9,1275770.012,1
BYBIT,LTCUSDT,60,1777647600000,55.6,55.79,55.46,55.63,20496.1,1139970.105,1
BYBIT,LTCUSDT,60,1777651200000,55.63,55.74,55.4,55.64,17749.6,985885.316,1
BYBIT,LTCUSDT,60,1777654800000,55.64,55.81,55.57,55.76,6203.9,345472.398,1
BYBIT,LTCUSDT,60,1777658400000,55.76,55.95,55.73,55.86,25656.8,1432738.01,1
BYBIT,LTCUSDT,60,1777662000000,55.86,55.99,55.6,55.72,27637.9,1541277.086,1
BYBIT,LTCUSDT,60,1777665600000,55.72,55.77,55.47,55.56,9587.2,533058.597,1
BYBIT,LTCUSDT,60,1777669200000,55.56,55.68,55.45,55.53,16933.1,941170.177,1
BYBIT,LTCUSDT,60,1777672800000,55.53,55.63,55.4,55.43,12057.0,669117.821,1
BYBIT,LTCUSDT,60,1777676400000,55.43,55.43,55.26,55.37,7398.3,409443.77,1
BYBIT,LTCUSDT,60,1777680000000,55.37,55.52,55.33,55.5,6778.3,375575.989,1
BYBIT,LTCUSDT,60,1777683600000,55.5,55.59,55.44,55.53,2137.1,118649.497,1
BYBIT,LTCUSDT,60,1777687200000,55.53,55.65,55.46,55.53,5624.3,312463.949,1
BYBIT,LTCUSDT,60,1777690800000,55.53,55.67,55.48,55.6,5675.0,315310.059,1
BYBIT,LTCUSDT,60,1777694400000,55.6,55.6,55.27,55.32,9970.3,552563.121,1
BYBIT,LTCUSDT,60,1777698000000,55.32,55.39,55.24,55.31,12609.1,697576.05,1
BYBIT,LTCUSDT,60,1777701600000,55.31,55.45,55.29,55.44,4872.5,269813.533,1
BYBIT,LTCUSDT,60,1777705200000,55.44,55.46,55.35,55.36,2544.9,141008.104,1
BYBIT,LTCUSDT,60,1777708800000,55.36,55.42,55.31,55.35,2164.1,119826.101,1
BYBIT,LTCUSDT,60,1777712400000,55.35,55.44,55.32,55.41,4676.3,259007.566,1
BYBIT,LTCUSDT,60,1777716000000,55.41,55.45,55.36,55.37,2314.0,128192.057,1
BYBIT,LTCUSDT,60,1777719600000,55.37,55.37,55.09,55.19,14227.3,785206.2,1
BYBIT,LTCUSDT,60,1777723200000,55.19,55.29,55.1,55.18,14361.4,792540.612,1
BYBIT,LTCUSDT,60,1777726800000,55.18,55.38,55.17,55.3,4956.0,273980.693,1
BYBIT,LTCUSDT,60,1777730400000,55.3,55.38,55.2,55.31,14190.0,784519.312,1
BYBIT,LTCUSDT,60,1777734000000,55.31,55.36,55.24,55.36,5546.9,306737.748,1
BYBIT,LTCUSDT,60,1777737600000,55.36,55.42,55.3,55.38,4663.6,258093.723,1
BYBIT,LTCUSDT,60,1777741200000,55.38,55.39,55.13,55.2,15423.6,852177.271,1
BYBIT,LTCUSDT,60,1777744800000,55.2,55.28,55.11,55.17,12924.9,713632.344,1
BYBIT,LTCUSDT,60,1777748400000,55.17,55.31,55.14,55.26,6383.5,352575.542,1
BYBIT,LTCUSDT,60,1777752000000,55.26,55.28,55.0,55.11,19416.4,1070285.282,1
BYBIT,LTCUSDT,60,1777755600000,55.11,55.42,55.03,55.25,20506.5,1131923.713,1
BYBIT,LTCUSDT,60,1777759200000,55.25,55.3,55.13,55.25,8249.7,455476.765,1
BYBIT,LTCUSDT,60,1777762800000,55.25,55.36,55.11,55.33,8732.4,482660.337,1
BYBIT,LTCUSDT,60,1777766400000,55.33,55.37,55.1,55.21,10080.5,556669.517,1
BYBIT,LTCUSDT,60,1777770000000,55.21,55.22,54.94,55.01,7102.1,390751.59,1
BYBIT,LTCUSDT,60,1777773600000,55.01,55.04,54.87,54.91,7396.7,406444.177,1
BYBIT,LTCUSDT,60,1777777200000,54.91,55.06,54.86,55.01,4717.1,259320.536,1
BYBIT,LTCUSDT,60,1777780800000,55.01,55.01,54.86,55.01,7428.6,408103.844,1
BYBIT,LTCUSDT,60,1777784400000,55.01,55.05,54.91,54.92,3117.1,171361.248,1
BYBIT,LTCUSDT,60,1777788000000,54.92,55.04,54.81,54.96,9036.0,495895.359,1
BYBIT,LTCUSDT,60,1777791600000,54.96,55.11,54.95,55.0,14619.7,804931.899,1
BYBIT,LTCUSDT,60,1777795200000,55.0,55.04,54.91,54.91,5487.4,301725.651,1
BYBIT,LTCUSDT,60,1777798800000,54.91,55.09,54.88,55.05,4967.3,273231.595,1
BYBIT,LTCUSDT,60,1777802400000,55.05,55.11,54.87,54.87,3992.1,219673.688,1
BYBIT,LTCUSDT,60,1777806000000,54.87,55.32,54.81,55.13,15442.2,851076.198,1
BYBIT,LTCUSDT,60,1777809600000,55.13,55.31,55.13,55.2,8021.1,442851.681,1
BYBIT,LTCUSDT,60,1777813200000,55.2,55.25,55.12,55.17,9366.1,516766.619,1
BYBIT,LTCUSDT,60,1777816800000,55.17,55.28,55.09,55.27,16068.7,886497.389,1
BYBIT,LTCUSDT,60,1777820400000,55.27,55.37,55.23,55.31,15881.6,878305.624,1
BYBIT,LTCUSDT,60,1777824000000,55.31,55.37,55.26,55.32,9113.2,504043.892,1
BYBIT,LTCUSDT,60,1777827600000,55.32,55.39,55.2,55.27,8986.7,497069.732,1
BYBIT,LTCUSDT,60,1777831200000,55.27,55.33,55.22,55.28,12656.0,699622.968,1
BYBIT,LTCUSDT,60,1777834800000,55.28,55.47,55.27,55.4,14709.3,814390.308,1
BYBIT,LTCUSDT,60,1777838400000,55.4,55.65,55.38,55.45,18919.3,1049756.645,1
BYBIT,LTCUSDT,60,1777842000000,55.45,55.57,55.28,55.39,16017.1,887765.73,1
BYBIT,LTCUSDT,60,1777845600000,55.39,55.72,55.39,55.59,10043.6,558446.312,1
BYBIT,LTCUSDT,60,1777849200000,55.59,55.68,55.23,55.26,8975.0,497116.016,1
BYBIT,LTCUSDT,60,1777852800000,55.26,55.27,54.95,55.15,19796.8,1090061.741,1
BYBIT,LTCUSDT,60,1777856400000,55.15,55.75,55.01,55.69,33059.0,1834015.435,1
BYBIT,LTCUSDT,60,1777860000000,55.69,56.21,55.63,56.06,49896.5,2788526.31,1
BYBIT,LTCUSDT,60,1777863600000,56.06,56.12,55.89,56.08,23194.4,1299532.734,1
BYBIT,LTCUSDT,60,1777867200000,56.08,56.39,56.08,56.17,13768.4,774284.662,1
BYBIT,LTCUSDT,60,1777870800000,56.17,56.22,55.99,56.13,17530.2,983429.799,1
BYBIT,LTCUSDT,60,1777874400000,56.13,56.19,55.75,56.07,29982.5,1678863.686,1
BYBIT,LTCUSDT,60,1777878000000,56.07,56.14,55.84,55.87,8224.4,460271.3,1
BYBIT,LTCUSDT,60,1777881600000,55.87,55.87,55.72,55.75,10668.9,595186.065,1
BYBIT,LTCUSDT,60,1777885200000,55.75,55.91,55.68,55.87,11725.7,653975.082,1
BYBIT,LTCUSDT,60,1777888800000,55.87,55.91,54.91,55.24,87585.1,4836363.193,1
BYBIT,LTCUSDT,60,1777892400000,55.24,55.36,55.05,55.19,14714.9,811874.931,1
BYBIT,LTCUSDT,60,1777896000000,55.19,55.38,55.17,55.19,14427.9,797178.284,1
BYBIT,LTCUSDT,60,1777899600000,55.19,55.28,54.99,55.06,50277.7,2769901.204,1
BYBIT,LTCUSDT,60,1777903200000,55.06,55.7,54.89,55.57,28441.3,1573467.583,1
BYBIT,LTCUSDT,60,1777906800000,55.57,55.63,55.0,55.2,38517.7,2127009.961,1
BYBIT,LTCUSDT,60,1777910400000,55.2,55.32,55.0,55.13,26267.6,1448336.267,1
BYBIT,LTCUSDT,60,1777914000000,55.13,55.45,55.11,55.28,17438.6,964512.744,1
BYBIT,LTCUSDT,60,1777917600000,55.28,55.48,55.19,55.24,8173.4,451871.088,1
BYBIT,LTCUSDT,60,1777921200000,55.24,55.25,55.1,55.17,10403.0,573950.707,1
BYBIT,LTCUSDT,60,1777924800000,55.17,55.24,55.03,55.1,7633.7,420747.305,1
BYBIT,LTCUSDT,60,1777928400000,55.1,55.33,55.08,55.22,14146.7,781642.743,1
BYBIT,LTCUSDT,60,1777932000000,55.22,55.31,54.9,55.01,28838.4,1588266.838,1
BYBIT,LTCUSDT,60,1777935600000,55.01,55.02,54.86,54.91,12172.5,668718.707,1
BYBIT,LTCUSDT,60,1777939200000,54.91,55.08,54.74,55.04,23271.8,1277633.098,1
BYBIT,LTCUSDT,60,1777942800000,55.04,55.08,54.94,55.01,13059.1,718455.559,1
BYBIT,LTCUSDT,60,1777946400000,55.01,55.2,54.99,55.05,7944.7,437820.51,1
BYBIT,LTCUSDT,60,1777950000000,55.05,55.24,55.01,55.07,6962.0,383864.419,1
BYBIT,LTCUSDT,60,1777953600000,55.07,55.24,55.03,55.08,5257.1,289844.585,1
BYBIT,LTCUSDT,60,1777957200000,55.08,55.27,55.03,55.15,11424.1,629904.389,1
BYBIT,LTCUSDT,60,1777960800000,55.15,55.21,54.95,55.13,11869.3,653524.882,1
BYBIT,LTCUSDT,60,1777964400000,55.13,55.35,55.11,55.27,11469.9,633538.803,1
BYBIT,LTCUSDT,60,1777968000000,55.27,55.42,55.24,55.34,6406.0,354503.422,1
BYBIT,LTCUSDT,60,1777971600000,55.34,55.37,55.19,55.24,9532.0,526889.233,1
BYBIT,LTCUSDT,60,1777975200000,55.24,55.44,55.17,55.4,11459.9,634103.974,1
BYBIT,LTCUSDT,60,1777978800000,55.4,55.52,55.27,55.5,14889.1,825128.946,1
BYBIT,LTCUSDT,60,1777982400000,55.5,55.59,55.37,55.57,9482.9,526056.475,1
BYBIT,LTCUSDT,60,1777986000000,55.57,55.9,55.57,55.77,24389.8,1360000.829,1
BYBIT,LTCUSDT,60,1777989600000,55.77,55.78,55.39,55.6,26600.0,1478468.869,1
BYBIT,LTCUSDT,60,1777993200000,55.6,55.75,55.48,55.58,8109.9,451110.853,1
BYBIT,LTCUSDT,60,1777996800000,55.58,55.73,55.39,55.55,8764.0,486977.728,1
BYBIT,LTCUSDT,60,1778000400000,55.55,55.69,55.43,55.56,7047.8,391805.67,1
BYBIT,LTCUSDT,60,1778004000000,55.56,55.74,55.56,55.69,6627.6,368891.883,1
BYBIT,LTCUSDT,60,1778007600000,55.69,56.06,55.66,56.03,22416.9,1253562.091,1
BYBIT,LTCUSDT,60,1778011200000,56.03,56.38,56.03,56.32,29602.8,1663988.344,1
BYBIT,LTCUSDT,60,1778014800000,56.32,56.61,56.28,56.43,33214.1,1875640.143,1
BYBIT,LTCUSDT,60,1778018400000,56.43,56.59,56.13,56.4,32641.7,1841038.992,1
BYBIT,LTCUSDT,60,1778022000000,56.4,56.44,56.19,56.3,16923.1,952713.48,1
BYBIT,LTCUSDT,60,1778025600000,56.3,56.52,56.05,56.22,21325.4,1200793.631,1
BYBIT,LTCUSDT,60,1778029200000,56.22,56.59,56.2,56.58,10173.1,574230.357,1
BYBIT,LTCUSDT,60,1778032800000,56.58,56.64,56.26,56.54,16840.6,950283.996,1
BYBIT,LTCUSDT,60,1778036400000,56.54,56.74,56.5,56.71,15989.1,905253.308,1
BYBIT,LTCUSDT,60,1778040000000,56.71,56.82,56.53,56.73,20170.6,1144097.335,1
BYBIT,LTCUSDT,60,1778043600000,56.73,56.83,56.53,56.8,10949.9,620484.656,1
BYBIT,LTCUSDT,60,1778047200000,56.8,56.93,56.62,56.86,17992.8,1022215.646,1
BYBIT,LTCUSDT,60,1778050800000,56.86,57.25,56.85,57.1,24286.4,1386334.492,1
BYBIT,LTCUSDT,60,1778054400000,57.1,57.88,57.1,57.81,40624.3,2336996.543,1
BYBIT,LTCUSDT,60,1778058000000,57.81,57.85,57.42,57.77,40499.4,2334045.912,1
BYBIT,LTCUSDT,60,1778061600000,57.77,57.91,57.6,57.67,13787.7,796024.783,1
BYBIT,LTCUSDT,60,1778065200000,57.67,57.89,57.59,57.67,19105.3,1102901.705,1
BYBIT,LTCUSDT,60,1778068800000,57.67,57.84,57.5,57.77,25596.0,1476578.807,1
BYBIT,LTCUSDT,60,1778072400000,57.77,57.77,56.82,56.92,53130.1,3041407.024,1
BYBIT,LTCUSDT,60,1778076000000,56.92,57.13,56.41,56.8,44314.1,2517676.513,1
BYBIT,LTCUSDT,60,1778079600000,56.8,57.1,56.72,57.06,15379.0,876376.952,1
BYBIT,LTCUSDT,60,1778083200000,57.06,57.22,56.83,56.99,13275.5,757243.753,1
BYBIT,LTCUSDT,60,1778086800000,56.99,57.06,56.82,56.89,7852.1,447093.567,1
BYBIT,LTCUSDT,60,1778090400000,56.89,56.93,56.71,56.78,8701.5,494464.758,1
BYBIT,LTCUSDT,60,1778094000000,56.78,56.99,56.72,56.91,6750.6,383962.796,1
BYBIT,LTCUSDT,60,1778097600000,56.91,57.04,56.7,56.87,8180.5,465112.288,1
BYBIT,LTCUSDT,60,1778101200000,56.87,57.09,56.75,57.0,9924.1,564750.159,1
BYBIT,LTCUSDT,60,1778104800000,57.0,57.01,56.61,56.69,11396.5,646558.974,1
BYBIT,LTCUSDT,60,1778108400000,56.69,56.72,56.37,56.72,15500.6,875934.56,1
BYBIT,LTCUSDT,60,1778112000000,56.72,56.79,56.38,56.44,11414.5,646459.299,1
BYBIT,LTCUSDT,60,1778115600000,56.44,56.45,56.16,56.24,14694.2,827161.682,1
BYBIT,LTCUSDT,60,1778119200000,56.24,56.39,56.17,56.33,10118.8,569481.757,1
BYBIT,LTCUSDT,60,1778122800000,56.33,56.35,56.14,56.16,6503.8,365739.583,1
BYBIT,LTCUSDT,60,1778126400000,56.16,56.52,56.13,56.48,6795.3,382991.555,1
BYBIT,LTCUSDT,60,1778130000000,56.48,56.77,56.46,56.65,14975.7,848619.084,1
BYBIT,LTCUSDT,60,1778133600000,56.65,56.98,56.48,56.98,12852.8,729826.685,1
BYBIT,LTCUSDT,60,1778137200000,56.98,57.09,56.91,57.09,10095.1,575701.892,1
BYBIT,LTCUSDT,60,1778140800000,57.09,57.14,56.86,56.91,26890.4,1532292.22,1
BYBIT,LTCUSDT,60,1778144400000,56.91,56.93,56.74,56.77,7527.5,427835.229,1
BYBIT,LTCUSDT,60,1778148000000,56.77,56.93,56.6,56.89,11388.2,646786.175,1
BYBIT,LTCUSDT,60,1778151600000,56.89,57.23,56.89,57.09,20869.6,1191718.186,1
BYBIT,LTCUSDT,60,1778155200000,57.09,57.36,57.09,57.34,25888.2,1482429.218,1
BYBIT,LTCUSDT,60,1778158800000,57.34,57.34,56.87,56.96,22923.7,1309253.929,1
BYBIT,LTCUSDT,60,1778162400000,56.96,57.01,56.25,56.51,38635.2,2187181.102,1
BYBIT,LTCUSDT,60,1778166000000,56.51,56.64,56.04,56.21,36355.7,2047394.964,1
BYBIT,LTCUSDT,60,1778169600000,56.21,56.42,56.08,56.2,21716.2,1221550.013,1
BYBIT,LTCUSDT,60,1778173200000,56.2,56.63,56.02,56.59,33646.5,1896110.764,1
BYBIT,LTCUSDT,60,1778176800000,56.59,56.74,56.47,56.55,17790.4,1007440.841,1
BYBIT,LTCUSDT,60,1778180400000,56.55,56.56,56.31,56.43,11602.3,654884.813,1
BYBIT,LTCUSDT,60,1778184000000,56.43,56.73,56.3,56.32,11629.7,657658.103,1
BYBIT,LTCUSDT,60,1778187600000,56.32,56.48,56.11,56.34,21318.4,1199909.329,1
BYBIT,LTCUSDT,60,1778191200000,56.34,56.44,56.12,56.34,11252.7,633371.34,1
BYBIT,LTCUSDT,60,1778194800000,56.34,56.5,56.3,56.4,4500.3,253867.835,1
BYBIT,LTCUSDT,60,1778198400000,56.4,56.55,56.4,56.55,11727.1,662345.781,1
BYBIT,LTCUSDT,60,1778202000000,56.55,56.62,56.33,56.42,4207.3,237525.825,1
BYBIT,LTCUSDT,60,1778205600000,56.42,56.44,56.11,56.25,8502.1,478502.69,1
BYBIT,LTCUSDT,60,1778209200000,56.25,56.5,56.03,56.37,7895.5,443997.525,1
BYBIT,LTCUSDT,60,1778212800000,56.37,56.57,56.35,56.49,5330.0,300987.713,1
BYBIT,LTCUSDT,60,1778216400000,56.49,56.6,56.43,56.44,6576.8,371633.683,1
BYBIT,LTCUSDT,60,1778220000000,56.44,56.44,56.2,56.35,10329.1,581470.162,1
BYBIT,LTCUSDT,60,1778223600000,56.35,56.51,56.17,56.5,5274.1,297042.284,1
BYBIT,LTCUSDT,60,1778227200000,56.5,56.58,56.38,56.51,12319.1,695912.999,1
BYBIT,LTCUSDT,60,1778230800000,56.51,56.68,56.36,56.47,9453.1,534573.524,1
BYBIT,LTCUSDT,60,1778234400000,56.47,56.59,56.4,56.43,11602.6,655449.919,1
BYBIT,LTCUSDT,60,1778238000000,56.43,56.58,56.41,56.55,6558.7,370585.997,1
BYBIT,LTCUSDT,60,1778241600000,56.55,56.79,56.5,56.66,14562.4,825366.223,1
BYBIT,LTCUSDT,60,1778245200000,56.66,56.74,56.41,56.53,12982.7,734535.548,1
BYBIT,LTCUSDT,60,1778248800000,56.53,57.35,56.53,57.18,36215.2,2066815.397,1
BYBIT,LTCUSDT,60,1778252400000,57.18,57.86,56.91,57.8,43798.2,2513147.004,1
BYBIT,LTCUSDT,60,1778256000000,57.8,57.83,57.38,57.63,20313.5,1169991.019,1
BYBIT,LTCUSDT,60,1778259600000,57.63,58.39,57.59,58.22,49642.7,2883202.132,1
BYBIT,LTCUSDT,60,1778263200000,58.22,58.97,58.19,58.49,63877.7,3743958.114,1
BYBIT,LTCUSDT,60,1778266800000,58.49,58.6,58.26,58.44,28651.1,1674060.588,1
BYBIT,LTCUSDT,60,1778270400000,58.44,58.45,57.97,58.03,16017.6,932028.94,1
BYBIT,LTCUSDT,60,1778274000000,58.03,58.47,58.0,58.32,17852.5,1039143.656,1
BYBIT,LTCUSDT,60,1778277600000,58.32,58.54,58.31,58.34,6088.3,355801.895,1
BYBIT,LTCUSDT,60,1778281200000,58.34,58.34,58.09,58.29,7419.5,431768.635,1
BYBIT,LTCUSDT,60,1778284800000,58.29,58.66,58.24,58.56,15510.5,907235.734,1
BYBIT,LTCUSDT,60,1778288400000,58.56,59.1,58.55,58.95,21519.1,1266739.031,1
BYBIT,LTCUSDT,60,1778292000000,58.95,59.01,58.67,58.79,20341.4,1196089.206,1
BYBIT,LTCUSDT,60,1778295600000,58.79,58.88,58.52,58.67,38103.8,2238369.66,1
BYBIT,LTCUSDT,60,1778299200000,58.67,58.85,58.59,58.61,13439.4,788773.012,1
BYBIT,LTCUSDT,60,1778302800000,58.61,58.73,58.48,58.64,8848.0,518283.583,1
BYBIT,LTCUSDT,60,1778306400000,58.64,58.77,58.42,58.48,12620.7,739139.241,1
BYBIT,LTCUSDT,60,1778310000000,58.48,58.58,58.39,58.49,7115.8,416173.854,1
BYBIT,LTCUSDT,60,1778313600000,58.49,58.74,58.49,58.66,9219.1,540842.897,1
BYBIT,LTCUSDT,60,1778317200000,58.66,58.67,58.15,58.21,30002.6,1748913.52,1
BYBIT,LTCUSDT,60,1778320800000,58.21,58.35,58.14,58.24,8510.3,495431.185,1
BYBIT,LTCUSDT,60,1778324400000,58.24,58.36,58.16,58.2,20045.2,1168025.486,1
BYBIT,LTCUSDT,60,1778328000000,58.2,58.31,58.09,58.18,13845.2,805992.474,1
BYBIT,LTCUSDT,60,1778331600000,58.18,58.18,57.88,58.06,21211.1,1230734.608,1
BYBIT,LTCUSDT,60,1778335200000,58.06,58.06,57.64,57.75,26101.3,1507937.423,1
BYBIT,LTCUSDT,60,1778338800000,57.75,57.82,57.58,57.72,15605.9,900605.563,1
BYBIT,LTCUSDT,60,1778342400000,57.72,57.95,57.65,57.84,21294.8,1231645.727,1
BYBIT,LTCUSDT,60,1778346000000,57.84,58.18,57.84,58.02,21190.1,1229813.821,1
BYBIT,LTCUSDT,60,1778349600000,58.02,58.19,57.99,58.1,20056.2,1165301.742,1
BYBIT,LTCUSDT,60,1778353200000,58.1,58.12,57.98,58.09,8071.3,468574.558,1
BYBIT,LTCUSDT,60,1778356800000,58.09,58.1,57.97,58.07,4971.8,288492.665,1
BYBIT,LTCUSDT,60,1778360400000,58.07,58.19,58.01,58.17,10954.2,636491.705,1
BYBIT,LTCUSDT,60,1778364000000,58.17,58.27,58.1,58.18,6042.6,351571.119,1
BYBIT,LTCUSDT,60,1778367600000,58.18,58.24,57.93,57.96,7715.1,447498.258,1
BYBIT,LTCUSDT,60,1778371200000,57.96,58.12,57.84,57.94,13015.6,754670.574,1
BYBIT,LTCUSDT,60,1778374800000,57.94,57.94,57.64,57.77,9201.1,531381.284,1
BYBIT,LTCUSDT,60,1778378400000,57.77,57.94,57.65,57.91,5954.8,344579.97,1
BYBIT,LTCUSDT,60,1778382000000,57.91,58.02,57.83,57.92,4636.8,268640.985,1
BYBIT,LTCUSDT,60,1778385600000,57.92,58.02,57.82,57.97,4490.1,259946.876,1
BYBIT,LTCUSDT,60,1778389200000,57.97,58.08,57.87,57.98,3458.7,200557.865,1
BYBIT,LTCUSDT,60,1778392800000,57.98,58.1,57.94,58.07,7771.6,451132.725,1
BYBIT,LTCUSDT,60,1778396400000,58.07,58.33,58.06,58.27,7584.4,441698.811,1
BYBIT,LTCUSDT,60,1778400000000,58.27,58.69,58.26,58.51,19772.1,1157765.668,1
BYBIT,LTCUSDT,60,1778403600000,58.51,58.6,58.38,58.44,10534.7,615971.955,1
BYBIT,LTCUSDT,60,1778407200000,58.44,58.49,58.14,58.38,42634.9,2484880.281,1
BYBIT,LTCUSDT,60,1778410800000,58.38,58.42,58.14,58.37,6679.3,389419.393,1
BYBIT,LTCUSDT,60,1778414400000,58.37,58.46,58.2,58.46,6344.6,369948.452,1
BYBIT,LTCUSDT,60,1778418000000,58.46,58.81,58.4,58.74,13887.4,813878.876,1
BYBIT,LTCUSDT,60,1778421600000,58.74,58.8,58.49,58.63,11155.7,654371.665,1
BYBIT,LTCUSDT,60,1778425200000,58.63,59.04,58.61,59.03,22491.6,1323052.527,1
BYBIT,LTCUSDT,60,1778428800000,59.03,59.53,58.98,59.37,69692.6,4130030.228,1
BYBIT,LTCUSDT,60,1778432400000,59.37,59.72,59.25,59.64,38328.6,2280782.499,1
BYBIT,LTCUSDT,60,1778436000000,59.64,59.93,59.56,59.8,33753.4,2016827.27,1
BYBIT,LTCUSDT,60,1778439600000,59.8,59.98,59.54,59.69,36599.0,2184598.85,1
BYBIT,LTCUSDT,60,1778443200000,59.69,59.96,57.99,58.36,116765.7,6863377.554,1
BYBIT,LTCUSDT,60,1778446800000,58.36,58.86,58.17,58.57,36827.7,2155576.002,1
BYBIT,LTCUSDT,60,1778450400000,58.57,59.98,58.48,59.92,57500.3,3415315.864,1
BYBIT,LTCUSDT,60,1778454000000,59.92,60.55,59.76,60.37,56610.0,3407356.396,1
BYBIT,LTCUSDT,60,1778457600000,60.37,60.54,59.24,59.54,40117.4,2401094.776,1
BYBIT,LTCUSDT,60,1778461200000,59.54,59.74,59.37,59.53,16423.7,977890.479,1
BYBIT,LTCUSDT,60,1778464800000,59.53,59.61,58.85,58.94,15150.9,895146.151,1
BYBIT,LTCUSDT,60,1778468400000,58.94,58.97,58.38,58.69,14123.7,828831.143,1
BYBIT,LTCUSDT,60,1778472000000,58.69,58.81,58.44,58.68,16344.4,958288.042,1
BYBIT,LTCUSDT,60,1778475600000,58.68,59.01,58.62,58.89,8775.2,516684.323,1
BYBIT,LTCUSDT,60,1778479200000,58.89,59.03,58.65,58.77,9193.6,540561.94,1
BYBIT,LTCUSDT,60,1778482800000,58.77,58.86,58.63,58.82,15637.4,918230.667,1
BYBIT,LTCUSDT,60,1778486400000,58.82,58.87,58.38,58.61,31250.0,1831381.176,1
BYBIT,LTCUSDT,60,1778490000000,58.61,58.73,58.54,58.7,9679.8,567633.142,1
BYBIT,LTCUSDT,60,1778493600000,58.7,58.88,58.48,58.48,16145.3,947802.688,1
BYBIT,LTCUSDT,60,1778497200000,58.48,58.71,58.48,58.7,11014.6,645572.652,1
BYBIT,LTCUSDT,60,1778500800000,58.7,58.73,58.44,58.47,18632.0,1091067.414,1
BYBIT,LTCUSDT,60,1778504400000,58.47,58.71,58.25,58.43,37850.4,2213612.867,1
BYBIT,LTCUSDT,60,1778508000000,58.43,58.61,57.99,58.42,32921.4,1917911.83,1
BYBIT,LTCUSDT,60,1778511600000,58.42,59.0,58.27,58.97,29151.3,1715322.079,1
BYBIT,LTCUSDT,60,1778515200000,58.97,59.29,58.81,58.87,33147.7,1958125.118,1
BYBIT,LTCUSDT,60,1778518800000,58.87,59.13,58.64,59.06,19462.3,1144626.171,1
BYBIT,LTCUSDT,60,1778522400000,59.06,59.13,58.81,58.83,12865.8,758985.876,1
BYBIT,LTCUSDT,60,1778526000000,58.83,59.02,58.7,58.92,15348.6,903808.522,1
BYBIT,LTCUSDT,60,1778529600000,58.92,59.07,58.57,58.77,28573.3,1679762.476,1
BYBIT,LTCUSDT,60,1778533200000,58.77,58.91,58.62,58.65,24862.1,1462300.22,1
BYBIT,LTCUSDT,60,1778536800000,58.65,58.82,58.59,58.6,6392.5,375159.727,1
BYBIT,LTCUSDT,60,1778540400000,58.6,58.6,58.34,58.48,9376.6,548226.78,1
BYBIT,LTCUSDT,60,1778544000000,58.48,58.62,58.31,58.39,9978.5,583117.513,1
BYBIT,LTCUSDT,60,1778547600000,58.39,58.43,57.64,57.86,40821.6,2365942.852,1
BYBIT,LTCUSDT,60,1778551200000,57.86,58.17,57.79,58.17,13795.9,799835.838,1
BYBIT,LTCUSDT,60,1778554800000,58.17,58.22,57.97,58.01,3850.6,223772.709,1
BYBIT,LTCUSDT,60,1778558400000,58.01,58.25,57.97,58.17,8349.8,485132.039,1
BYBIT,LTCUSDT,60,1778562000000,58.17,58.36,58.17,58.24,5511.0,321212.244,1
BYBIT,LTCUSDT,60,1778565600000,58.24,58.36,58.18,58.21,3774.8,219842.504,1
BYBIT,LTCUSDT,60,1778569200000,58.21,58.45,58.03,58.36,14201.5,827379.113,1
BYBIT,LTCUSDT,60,1778572800000,58.36,58.41,58.07,58.1,16337.1,951175.24,1
BYBIT,LTCUSDT,60,1778576400000,58.1,58.29,57.9,58.21,16838.5,977483.871,1
BYBIT,LTCUSDT,60,1778580000000,58.21,58.28,57.78,57.94,15577.8,902378.056,1
BYBIT,LTCUSDT,60,1778583600000,57.94,57.99,57.63,57.83,18202.6,1051619.778,1
BYBIT,LTCUSDT,60,1778587200000,57.83,57.88,57.36,57.76,31179.9,1797082.302,1
BYBIT,LTCUSDT,60,1778590800000,57.76,57.84,57.22,57.28,26071.9,1498812.116,1
BYBIT,LTCUSDT,60,1778594400000,57.28,57.56,57.02,57.18,43361.6,2483054.998,1
BYBIT,LTCUSDT,60,1778598000000,57.18,57.4,57.04,57.25,23088.3,1321493.773,1
BYBIT,LTCUSDT,60,1778601600000,57.25,57.36,57.07,57.15,16954.4,969882.803,1
BYBIT,LTCUSDT,60,1778605200000,57.15,57.62,57.15,57.51,17310.4,993362.571,1
BYBIT,LTCUSDT,60,1778608800000,57.51,57.63,57.48,57.52,8779.2,505461.805,1
BYBIT,LTCUSDT,60,1778612400000,57.52,57.79,57.52,57.74,10280.9,593153.524,1
BYBIT,LTCUSDT,60,1778616000000,57.74,57.86,57.72,57.83,7873.8,455097.665,1
BYBIT,LTCUSDT,60,1778619600000,57.83,58.35,57.83,58.17,42631.2,2478709.996,1
BYBIT,LTCUSDT,60,1778623200000,58.17,58.25,57.83,57.9,11108.3,643947.896,1
BYBIT,LTCUSDT,60,1778626800000,57.9,58.08,57.79,58.08,8010.3,464157.05,1
BYBIT,LTCUSDT,60,1778630400000,58.08,58.13,57.61,57.9,36039.3,2084034.027,1
BYBIT,LTCUSDT,60,1778634000000,57.9,58.35,57.9,58.19,18962.7,1103821.319,1
BYBIT,LTCUSDT,60,1778637600000,58.19,58.38,58.12,58.26,16827.1,980463.33,1
BYBIT,LTCUSDT,60,1778641200000,58.26,58.54,58.22,58.49,10288.5,600631.018,1
BYBIT,LTCUSDT,60,1778644800000,58.49,58.57,58.35,58.4,9332.5,545464.139,1
BYBIT,LTCUSDT,60,1778648400000,58.4,58.43,58.04,58.12,17560.6,1021592.904,1
BYBIT,LTCUSDT,60,1778652000000,58.12,58.35,58.06,58.2,19789.7,1152910.913,1
BYBIT,LTCUSDT,60,1778655600000,58.2,58.45,58.19,58.45,5686.9,331621.649,1
BYBIT,LTCUSDT,60,1778659200000,58.45,58.69,58.4,58.66,8956.9,524287.417,1
BYBIT,LTCUSDT,60,1778662800000,58.66,58.92,58.65,58.91,10741.7,631572.161,1
BYBIT,LTCUSDT,60,1778666400000,58.91,58.95,58.47,58.58,27926.9,1638691.33,1
BYBIT,LTCUSDT,60,1778670000000,58.58,58.63,58.04,58.12,29557.2,1722533.749,1
BYBIT,LTCUSDT,60,1778673600000,58.12,58.22,57.41,57.74,61142.0,3529952.53,1
BYBIT,LTCUSDT,60,1778677200000,57.74,57.9,57.13,57.19,43132.8,2482354.726,1
BYBIT,LTCUSDT,60,1778680800000,57.19,57.39,56.9,57.26,69145.3,3948568.87,1
BYBIT,LTCUSDT,60,1778684400000,57.26,57.42,56.22,56.29,77307.7,4383162.834,1
BYBIT,LTCUSDT,60,1778688000000,56.29,56.91,56.29,56.83,22323.0,1265086.071,1
BYBIT,LTCUSDT,60,1778691600000,56.83,57.02,56.83,56.88,13655.4,777727.366,1
BYBIT,LTCUSDT,60,1778695200000,56.88,57.12,56.87,56.97,10740.2,612126.519,1
BYBIT,LTCUSDT,60,1778698800000,56.97,57.01,56.68,56.74,16688.9,948504.258,1
BYBIT,LTCUSDT,60,1778702400000,56.74,56.98,56.74,56.85,7911.6,449710.524,1
BYBIT,LTCUSDT,60,1778706000000,56.85,56.85,56.56,56.59,14869.6,842792.156,1
BYBIT,LTCUSDT,60,1778709600000,56.59,57.0,56.51,56.96,6108.9,346623.008,1
BYBIT,LTCUSDT,60,1778713200000,56.96,57.05,56.85,56.95,5086.4,289766.311,1
BYBIT,LTCUSDT,60,1778716800000,56.95,57.2,56.95,57.11,9216.9,526142.682,1
BYBIT,LTCUSDT,60,1778720400000,57.11,57.19,57.04,57.11,6362.9,363341.565,1
BYBIT,LTCUSDT,60,1778724000000,57.11,57.21,56.91,56.93,4917.1,280651.31,1
BYBIT,LTCUSDT,60,1778727600000,56.93,57.03,56.61,56.68,19226.6,1091846.915,1
BYBIT,LTCUSDT,60,1778731200000,56.68,56.96,56.61,56.92,10009.9,568750.645,1
BYBIT,LTCUSDT,60,1778734800000,56.92,57.33,56.91,57.25,10917.0,623527.16,1
BYBIT,LTCUSDT,60,1778738400000,57.25,57.29,57.08,57.18,4969.6,284249.011,1
BYBIT,LTCUSDT,60,1778742000000,57.18,57.21,56.99,57.07,10291.6,587764.165,1
BYBIT,LTCUSDT,60,1778745600000,57.07,57.2,56.95,57.08,4453.2,254172.772,1
BYBIT,LTCUSDT,60,1778749200000,57.08,57.12,56.82,56.94,12000.9,683390.401,1
BYBIT,LTCUSDT,60,1778752800000,56.94,57.12,56.87,57.08,6488.7,369685.712,1
BYBIT,LTCUSDT,60,1778756400000,57.08,57.1,56.86,56.91,7280.9,414900.691,1
BYBIT,LTCUSDT,60,1778760000000,56.91,57.32,56.88,57.27,11396.1,651088.13,1
BYBIT,LTCUSDT,60,1778763600000,57.27,57.58,57.23,57.45,32894.2,1888809.072,1
BYBIT,LTCUSDT,60,1778767200000,57.45,58.23,57.29,58.17,40891.4,2363287.3,1
BYBIT,LTCUSDT,60,1778770800000,58.17,58.25,57.8,58.08,19679.0,1141759.927,1
BYBIT,LTCUSDT,60,1778774400000,58.08,58.33,57.78,58.3,23014.7,1336741.146,1
BYBIT,LTCUSDT,60,1778778000000,58.3,58.48,58.07,58.41,27289.3,1591061.614,1
BYBIT,LTCUSDT,60,1778781600000,58.41,59.23,58.28,59.17,93400.0,5500673.477,1
BYBIT,LTCUSDT,60,1778785200000,59.17,59.54,58.81,58.9,45092.8,2667700.757,1
BYBIT,LTCUSDT,60,1778788800000,58.9,58.95,58.33,58.58,24904.8,1458968.525,1
BYBIT,LTCUSDT,60,1778792400000,58.58,58.67,58.36,58.56,16916.7,990621.402,1
BYBIT,LTCUSDT,60,1778796000000,58.56,58.89,58.51,58.54,21187.4,1243572.188,1
BYBIT,LTCUSDT,60,1778799600000,58.54,58.54,58.11,58.19,36732.9,2141061.862,1
BYBIT,LTCUSDT,60,1778803200000,58.19,58.48,58.14,58.28,24752.1,1443703.529,1
BYBIT,LTCUSDT,60,1778806800000,58.28,58.38,57.93,57.96,13001.8,755419.777,1
BYBIT,LTCUSDT,60,1778810400000,57.96,58.34,57.82,58.26,30077.7,1747683.564,1
BYBIT,LTCUSDT,60,1778814000000,58.26,58.27,57.92,58.07,10192.4,591225.991,1
BYBIT,LTCUSDT,60,1778817600000,58.07,58.07,57.67,57.68,7497.2,433744.263,1
BYBIT,LTCUSDT,60,1778821200000,57.68,57.88,57.28,57.32,27386.8,1576992.552,1
BYBIT,LTCUSDT,60,1778824800000,57.32,57.94,57.28,57.93,12956.2,747660.246,1
BYBIT,LTCUSDT,60,1778828400000,57.93,58.38,57.84,58.23,22238.3,1294275.57,1
BYBIT,LTCUSDT,60,1778832000000,58.23,58.48,58.1,58.42,14277.6,832266.118,1
BYBIT,LTCUSDT,60,1778835600000,58.42,58.45,57.99,58.11,16354.0,951413.186,1
BYBIT,LTCUSDT,60,1778839200000,58.11,58.33,57.85,58.28,10691.9,620913.866,1
BYBIT,LTCUSDT,60,1778842800000,58.28,58.28,57.96,58.06,10278.7,597311.8,1
BYBIT,LTCUSDT,60,1778846400000,58.06,58.14,57.68,57.85,12754.2,738463.428,1
BYBIT,LTCUSDT,60,1778850000000,57.85,57.85,56.38,56.49,81280.4,4632124.589,1
BYBIT,LTCUSDT,60,1778853600000,56.49,56.95,56.34,56.82,44826.3,2542417.676,1
BYBIT,LTCUSDT,60,1778857200000,56.82,56.98,56.65,56.89,15086.6,857798.489,1
BYBIT,LTCUSDT,60,1778860800000,56.89,57.42,56.78,57.35,29825.2,1703896.927,1
BYBIT,LTCUSDT,60,1778864400000,57.35,57.47,57.21,57.37,23457.2,1344584.019,1
BYBIT,LTCUSDT,60,1778868000000,57.37,57.46,57.27,57.34,5663.2,324818.894,1
BYBIT,LTCUSDT,60,1778871600000,57.34,57.34,57.11,57.22,6509.9,372525.978,1
BYBIT,LTCUSDT,60,1778875200000,57.22,57.32,57.11,57.25,6267.3,358618.205,1
BYBIT,LTCUSDT,60,1778878800000,57.25,57.45,57.13,57.15,7968.3,456716.438,1
BYBIT,LTCUSDT,60,1778882400000,57.15,57.48,57.15,57.44,7155.9,410452.207,1
BYBIT,LTCUSDT,60,1778886000000,57.44,57.53,57.35,57.46,4936.3,283622.933,1
BYBIT,LTCUSDT,60,1778889600000,57.46,57.62,57.17,57.59,32111.8,1844736.685,1
BYBIT,LTCUSDT,60,1778893200000,57.59,57.68,57.24,57.3,35108.1,2018982.999,1
BYBIT,LTCUSDT,60,1778896800000,57.3,57.33,57.07,57.14,11204.0,640535.027,1
BYBIT,LTCUSDT,60,1778900400000,57.14,57.27,57.07,57.11,3402.0,194451.345,1
BYBIT,LTCUSDT,60,1778904000000,57.11,57.13,56.67,56.83,19000.9,1080057.718,1
BYBIT,LTCUSDT,60,1778907600000,56.83,56.92,56.74,56.79,8011.3,455539.93,1
BYBIT,LTCUSDT,60,1778911200000,56.79,56.83,56.03,56.24,30272.4,1706106.669,1
BYBIT,LTCUSDT,60,1778914800000,56.24,56.31,55.65,56.07,47703.4,2667773.338,1
BYBIT,LTCUSDT,60,1778918400000,56.07,56.26,56.06,56.11,11841.8,665022.112,1
BYBIT,LTCUSDT,60,1778922000000,56.11,56.13,55.61,55.68,33422.3,1867519.206,1
BYBIT,LTCUSDT,60,1778925600000,55.68,55.92,55.52,55.78,27769.8,1546121.82,1
BYBIT,LTCUSDT,60,1778929200000,55.78,55.96,55.78,55.89,9409.8,525980.469,1
BYBIT,LTCUSDT,60,1778932800000,55.89,56.04,55.87,55.99,4972.2,278218.758,1
BYBIT,LTCUSDT,60,1778936400000,55.99,56.1,55.92,56.0,11941.4,668907.941,1
BYBIT,LTCUSDT,60,1778940000000,56.0,56.23,55.84,56.16,10601.1,594402.84,1
BYBIT,LTCUSDT,60,1778943600000,56.16,56.28,56.11,56.2,5406.4,303838.648,1
BYBIT,LTCUSDT,60,1778947200000,56.2,56.35,56.1,56.14,10272.0,577564.078,1
BYBIT,LTCUSDT,60,1778950800000,56.14,56.3,56.13,56.22,7047.4,395972.662,1
BYBIT,LTCUSDT,60,1778954400000,56.22,56.25,56.14,56.17,5358.1,301108.349,1
BYBIT,LTCUSDT,60,1778958000000,56.17,56.17,56.09,56.11,3227.6,181151.169,1
BYBIT,LTCUSDT,60,1778961600000,56.11,56.23,56.11,56.15,3569.0,200490.073,1
BYBIT,LTCUSDT,60,1778965200000,56.15,56.22,56.08,56.13,13978.0,784890.968,1
BYBIT,LTCUSDT,60,1778968800000,56.13,56.14,55.99,56.03,12352.8,692303.734,1
BYBIT,LTCUSDT,60,1778972400000,56.03,56.23,55.97,56.11,7692.1,431822.245,1
BYBIT,LTCUSDT,60,1778976000000,56.11,56.22,55.93,56.0,15267.4,856379.994,1
BYBIT,LTCUSDT,60,1778979600000,56.0,56.03,55.72,55.78,13221.0,738463.713,1
BYBIT,LTCUSDT,60,1778983200000,55.78,55.95,55.77,55.9,6121.7,342120.151,1
BYBIT,LTCUSDT,60,1778986800000,55.9,56.24,55.9,56.16,23891.5,1340239.396,1
BYBIT,LTCUSDT,60,1778990400000,56.16,56.31,56.14,56.24,5015.6,282131.113,1
BYBIT,LTCUSDT,60,1778994000000,56.24,56.4,56.19,56.2,9044.0,508875.987,1
BYBIT,LTCUSDT,60,1778997600000,56.2,56.24,56.12,56.17,2749.0,154424.963,1
BYBIT,LTCUSDT,60,1779001200000,56.17,56.37,56.1,56.3,11981.7,673845.232,1
BYBIT,LTCUSDT,60,1779004800000,56.3,56.34,56.19,56.2,3477.9,195624.085,1
BYBIT,LTCUSDT,60,1779008400000,56.2,56.3,56.15,56.28,6039.1,339483.576,1
BYBIT,LTCUSDT,60,1779012000000,56.28,56.48,56.27,56.39,14721.6,830239.314,1
BYBIT,LTCUSDT,60,1779015600000,56.39,56.4,56.21,56.33,7501.3,422316.663,1
BYBIT,LTCUSDT,60,1779019200000,56.33,56.44,56.25,56.26,9695.9,546442.852,1
BYBIT,LTCUSDT,60,1779022800000,56.26,56.27,55.95,56.07,10047.1,563274.146,1
BYBIT,LTCUSDT,60,1779026400000,56.07,56.07,55.72,55.86,14990.2,837683.749,1
BYBIT,LTCUSDT,60,1779030000000,55.86,55.97,55.74,55.95,8210.4,458700.821,1
BYBIT,LTCUSDT,60,1779033600000,55.95,56.02,55.8,55.83,16925.6,945761.496,1
BYBIT,LTCUSDT,60,1779037200000,55.83,55.87,55.62,55.84,12377.5,689946.823,1
BYBIT,LTCUSDT,60,1779040800000,55.84,55.93,55.69,55.9,6807.1,380018.17,1
BYBIT,LTCUSDT,60,1779044400000,55.9,56.05,55.9,56.03,5680.0,317844.586,1
BYBIT,LTCUSDT,60,1779048000000,56.03,56.09,55.97,56.02,5924.7,331957.799,1
BYBIT,LTCUSDT,60,1779051600000,56.02,56.21,55.96,56.15,12122.2,679726.315,1
BYBIT,LTCUSDT,60,1779055200000,56.15,56.15,55.7,55.82,8588.1,480058.373,1
BYBIT,LTCUSDT,60,1779058800000,55.82,55.83,53.73,54.55,245460.1,13405010.398,1
BYBIT,LTCUSDT,60,1779062400000,54.55,54.55,54.13,54.29,30114.2,1636432.253,1
BYBIT,LTCUSDT,60,1779066000000,54.29,54.35,53.8,54.02,34503.5,1863807.087,1
BYBIT,LTCUSDT,60,1779069600000,54.02,54.27,54.01,54.19,34722.4,1881877.117,1
BYBIT,LTCUSDT,60,1779073200000,54.19,54.36,54.05,54.15,11732.1,636004.197,1
BYBIT,LTCUSDT,60,1779076800000,54.15,54.32,53.99,54.25,15759.7,854150.026,1
BYBIT,LTCUSDT,60,1779080400000,54.25,54.29,53.97,54.02,10222.9,553177.651,1
BYBIT,LTCUSDT,60,1779084000000,54.02,54.09,53.45,53.8,58952.4,3166143.705,1
BYBIT,LTCUSDT,60,1779087600000,53.8,53.88,53.52,53.68,15403.4,827164.908,1
BYBIT,LTCUSDT,60,1779091200000,53.68,53.82,53.63,53.74,8073.5,433649.436,1
BYBIT,LTCUSDT,60,1779094800000,53.74,53.75,53.54,53.56,7253.8,389122.689,1
BYBIT,LTCUSDT,60,1779098400000,53.56,53.58,53.32,53.46,15056.6,804988.915,1
BYBIT,LTCUSDT,60,1779102000000,53.46,54.01,53.42,53.8,17756.9,953454.322,1
BYBIT,LTCUSDT,60,1779105600000,53.8,54.11,53.79,54.01,24622.0,1328215.733,1
BYBIT,LTCUSDT,60,1779109200000,54.01,54.02,53.47,53.79,24051.5,1292278.475,1
BYBIT,LTCUSDT,60,1779112800000,53.79,53.82,53.35,53.53,36013.1,1928994.663,1
BYBIT,LTCUSDT,60,1779116400000,53.53,53.6,53.1,53.49,37698.2,2010526.732,1
BYBIT,LTCUSDT,60,1779120000000,53.49,53.67,53.37,53.59,13891.8,743609.172,1
BYBIT,LTCUSDT,60,1779123600000,53.59,53.81,53.54,53.74,11279.2,605660.759,1
BYBIT,LTCUSDT,60,1779127200000,53.74,53.78,53.4,53.57,10794.6,578221.334,1
BYBIT,LTCUSDT,60,1779130800000,53.57,54.28,53.56,54.18,26423.0,1426812.964,1
BYBIT,LTCUSDT,60,1779134400000,54.18,54.42,54.05,54.15,28791.3,1563275.835,1
BYBIT,LTCUSDT,60,1779138000000,54.15,54.45,54.03,54.4,12075.6,654493.721,1
BYBIT,LTCUSDT,60,1779141600000,54.4,54.53,54.3,54.47,12469.9,678629.451,1
BYBIT,LTCUSDT,60,1779145200000,54.47,54.53,54.26,54.34,5517.8,299906.933,1
BYBIT,LTCUSDT,60,1779148800000,54.34,54.57,54.31,54.34,8431.1,458707.229,1
BYBIT,LTCUSDT,60,1779152400000,54.34,54.34,54.15,54.21,7142.4,387565.723,1
BYBIT,LTCUSDT,60,1779156000000,54.21,54.41,54.07,54.14,19965.4,1081648.12,1
BYBIT,LTCUSDT,60,1779159600000,54.14,54.41,54.11,54.28,5512.5,299202.718,1
BYBIT,LTCUSDT,60,1779163200000,54.28,54.48,54.22,54.38,9204.0,500245.954,1
BYBIT,LTCUSDT,60,1779166800000,54.38,54.4,54.11,54.31,8141.4,441671.722,1
BYBIT,LTCUSDT,60,1779170400000,54.31,54.48,54.3,54.43,8668.7,471605.941,1
BYBIT,LTCUSDT,60,1779174000000,54.43,54.49,54.36,54.44,14602.6,794813.927,1
BYBIT,LTCUSDT,60,1779177600000,54.44,54.45,54.19,54.2,8146.4,442151.38,1
BYBIT,LTCUSDT,60,1779181200000,54.2,54.26,53.97,54.15,13268.1,717991.947,1
BYBIT,LTCUSDT,60,1779184800000,54.15,54.31,53.9,54.23,41929.7,2269400.024,1
BYBIT,LTCUSDT,60,1779188400000,54.23,54.25,53.81,53.91,45588.7,2458748.87,1
BYBIT,LTCUSDT,60,1779192000000,53.91,54.21,53.82,54.15,51546.0,2788525.323,1
BYBIT,LTCUSDT,60,1779195600000,54.15,54.33,53.98,54.17,18889.7,1023057.004,1
BYBIT,LTCUSDT,60,1779199200000,54.17,54.24,53.43,53.68,70600.8,3798554.559,1
BYBIT,LTCUSDT,60,1779202800000,53.68,53.85,53.65,53.79,30709.1,1650649.025,1
BYBIT,LTCUSDT,60,1779206400000,53.79,54.26,53.74,54.13,60470.4,3270616.887,1
BYBIT,LTCUSDT,60,1779210000000,54.13,54.18,54.0,54.12,7801.0,422042.315,1
BYBIT,LTCUSDT,60,1779213600000,54.12,54.2,53.87,54.01,24022.1,1297355.056,1
BYBIT,LTCUSDT,60,1779217200000,54.01,54.23,53.98,54.04,8219.4,444642.945,1
BYBIT,LTCUSDT,60,1779220800000,54.04,54.22,53.98,54.15,5628.2,304393.362,1
BYBIT,LTCUSDT,60,1779224400000,54.15,54.33,54.11,54.21,17752.7,962510.026,1
BYBIT,LTCUSDT,60,1779228000000,54.21,54.28,54.06,54.24,5648.7,306005.334,1
BYBIT,LTCUSDT,60,1779231600000,54.24,54.5,54.18,54.48,7822.4,425189.84,1
BYBIT,LTCUSDT,60,1779235200000,54.48,54.54,53.63,53.73,106077.1,5728162.932,1
BYBIT,LTCUSDT,60,1779238800000,53.73,54.12,53.14,53.6,134391.8,7200127.885,1
BYBIT,LTCUSDT,60,1779242400000,53.6,53.72,53.53,53.62,11135.8,597110.84,1
BYBIT,LTCUSDT,60,1779246000000,53.62,53.91,53.58,53.77,7757.9,417210.503,1
BYBIT,LTCUSDT,60,1779249600000,53.77,53.85,53.64,53.84,7975.0,428875.421,1
BYBIT,LTCUSDT,60,1779253200000,53.84,54.21,53.84,54.12,19919.1,1076577.739,1
BYBIT,LTCUSDT,60,1779256800000,54.12,54.26,54.1,54.22,3729.3,201990.866,1
BYBIT,LTCUSDT,60,1779260400000,54.22,54.25,54.06,54.11,8697.9,471059.714,1
BYBIT,LTCUSDT,60,1779264000000,54.11,54.27,54.06,54.15,10640.4,576248.976,1
BYBIT,LTCUSDT,60,1779267600000,54.15,54.19,54.0,54.06,5255.5,284212.682,1
BYBIT,LTCUSDT,60,1779271200000,54.06,54.17,53.96,54.02,4271.3,230994.561,1
BYBIT,LTCUSDT,60,1779274800000,54.02,54.06,53.73,53.81,7952.6,428395.306,1
BYBIT,LTCUSDT,60,1779278400000,53.81,54.39,53.79,54.23,69595.0,3771196.231,1
BYBIT,LTCUSDT,60,1779282000000,54.23,54.24,53.52,53.8,64931.2,3489627.859,1
BYBIT,LTCUSDT,60,1779285600000,53.8,54.32,53.65,54.24,83409.1,4519025.089,1
BYBIT,LTCUSDT,60,1779289200000,54.24,54.46,54.08,54.25,28363.3,1540295.828,1
BYBIT,LTCUSDT,60,1779292800000,54.25,54.33,53.96,54.22,15328.7,830181.242,1
BYBIT,LTCUSDT,60,1779296400000,54.22,54.43,54.15,54.31,13916.6,755926.879,1
BYBIT,LTCUSDT,60,1779300000000,54.31,54.31,54.1,54.17,13579.9,735634.006,1
BYBIT,LTCUSDT,60,1779303600000,54.17,54.29,54.1,54.19,6005.6,325495.838,1
BYBIT,LTCUSDT,60,1779307200000,54.19,54.25,53.96,54.12,13965.6,755902.791,1
BYBIT,LTCUSDT,60,1779310800000,54.12,54.3,53.99,54.01,16698.7,905120.641,1
BYBIT,LTCUSDT,60,1779314400000,54.01,54.03,53.79,54.0,10619.0,572594.597,1
BYBIT,LTCUSDT,60,1779318000000,54.0,54.0,53.84,53.93,4814.7,259520.989,1
BYBIT,LTCUSDT,60,1779321600000,53.93,54.18,53.84,54.12,10053.4,542345.78,1
BYBIT,LTCUSDT,60,1779325200000,54.12,54.33,54.09,54.24,10013.8,542454.008,1
BYBIT,LTCUSDT,60,1779328800000,54.24,54.46,54.17,54.31,14890.3,809755.05,1
BYBIT,LTCUSDT,60,1779332400000,54.31,54.47,54.26,54.44,5233.7,284606.399,1
BYBIT,LTCUSDT,60,1779336000000,54.44,54.49,54.32,54.41,5535.6,301297.244,1
BYBIT,LTCUSDT,60,1779339600000,54.41,54.48,54.22,54.34,11936.9,648780.605,1
BYBIT,LTCUSDT,60,1779343200000,54.34,54.47,54.2,54.24,10376.5,564399.506,1
BYBIT,LTCUSDT,60,1779346800000,54.24,54.51,54.19,54.44,9684.9,526371.185,1
BYBIT,LTCUSDT,60,1779350400000,54.44,54.66,54.31,54.34,18784.5,1023134.638,1
BYBIT,LTCUSDT,60,1779354000000,54.34,54.35,53.97,53.99,14743.9,797934.06,1
BYBIT,LTCUSDT,60,1779357600000,53.99,54.08,53.32,53.36,70007.3,3748887.089,1
BYBIT,LTCUSDT,60,1779361200000,53.36,53.57,53.26,53.48,32412.1,1730481.902,1
BYBIT,LTCUSDT,60,1779364800000,53.48,53.81,53.46,53.67,16944.3,908053.628,1
BYBIT,LTCUSDT,60,1779368400000,53.67,53.94,53.51,53.82,29245.0,1571194.384,1
BYBIT,LTCUSDT,60,1779372000000,53.82,54.04,53.52,53.8,122066.2,6565801.492,1
BYBIT,LTCUSDT,60,1779375600000,53.8,54.01,53.73,53.93,9166.1,493998.919,1
BYBIT,LTCUSDT,60,1779379200000,53.93,54.0,53.58,53.76,21791.2,1171249.441,1
BYBIT,LTCUSDT,60,1779382800000,53.76,54.4,53.76,54.22,42960.4,2328574.26,1
BYBIT,LTCUSDT,60,1779386400000,54.22,54.42,53.97,54.09,27406.3,1487277.506,1
BYBIT,LTCUSDT,60,1779390000000,54.09,54.25,53.93,54.2,14962.5,809395.519,1
BYBIT,LTCUSDT,60,1779393600000,54.2,54.29,54.11,54.2,5337.1,289222.297,1
BYBIT,LTCUSDT,60,1779397200000,54.2,54.39,54.18,54.22,16894.2,917611.807,1
BYBIT,LTCUSDT,60,1779400800000,54.22,54.3,54.08,54.15,5058.1,274098.745,1
BYBIT,LTCUSDT,60,1779404400000,54.15,54.24,54.04,54.14,6373.7,345127.889,1
BYBIT,LTCUSDT,60,1779408000000,54.14,54.32,54.11,54.2,19004.1,1030466.616,1
BYBIT,LTCUSDT,60,1779411600000,54.2,54.28,54.09,54.27,6317.0,342236.853,1
BYBIT,LTCUSDT,60,1779415200000,54.27,54.43,54.24,54.33,5001.2,271778.14,1
BYBIT,LTCUSDT,60,1779418800000,54.33,54.37,54.18,54.3,3785.7,205519.728,1
BYBIT,LTCUSDT,60,1779422400000,54.3,54.45,54.21,54.26,6411.1,348554.887,1
BYBIT,LTCUSDT,60,1779426000000,54.26,54.51,54.22,54.28,12336.0,670722.918,1
BYBIT,LTCUSDT,60,1779429600000,54.28,54.29,54.09,54.1,9429.4,510906.172,1
BYBIT,LTCUSDT,60,1779433200000,54.1,54.45,53.99,54.34,10901.2,591476.32,1
BYBIT,LTCUSDT,60,1779436800000,54.34,54.56,54.17,54.25,22662.9,1232246.87,1
BYBIT,LTCUSDT,60,1779440400000,54.25,54.26,54.02,54.1,15162.8,821012.758,1
BYBIT,LTCUSDT,60,1779444000000,54.1,54.15,53.94,54.05,17378.0,938914.97,1
BYBIT,LTCUSDT,60,1779447600000,54.05,54.23,53.93,54.21,8488.8,459150.9,1
BYBIT,LTCUSDT,60,1779451200000,54.21,54.35,54.07,54.2,18765.4,1016942.998,1
BYBIT,LTCUSDT,60,1779454800000,54.2,54.34,54.07,54.29,34027.3,1845043.921,1
BYBIT,LTCUSDT,60,1779458400000,54.29,54.29,53.73,53.75,31447.6,1697927.273,1
BYBIT,LTCUSDT,60,1779462000000,53.75,54.04,53.61,53.98,24608.5,1324213.549,1
BYBIT,LTCUSDT,60,1779465600000,53.98,54.2,53.92,54.19,9466.4,511414.003,1
BYBIT,LTCUSDT,60,1779469200000,54.19,54.39,54.08,54.16,18314.2,993428.474,1
BYBIT,LTCUSDT,60,1779472800000,54.16,54.18,53.21,53.63,64458.1,3462020.77,1
BYBIT,LTCUSDT,60,1779476400000,53.63,53.71,52.73,53.21,141553.0,7509214.865,1
BYBIT,LTCUSDT,60,1779480000000,53.21,53.39,53.01,53.22,28454.5,1513282.071,1
BYBIT,LTCUSDT,60,1779483600000,53.22,53.45,53.19,53.37,20853.5,1112073.789,1
BYBIT,LTCUSDT,60,1779487200000,53.37,53.44,53.17,53.33,12313.2,656413.523,1
BYBIT,LTCUSDT,60,1779490800000,53.33,53.43,52.23,52.61,76457.4,4030220.419,1
BYBIT,LTCUSDT,60,1779494400000,52.61,52.72,52.38,52.64,55092.4,2896449.404,1
BYBIT,LTCUSDT,60,1779498000000,52.64,52.85,52.6,52.83,12305.4,648303.224,1
BYBIT,LTCUSDT,60,1779501600000,52.83,52.95,52.77,52.89,9420.5,497855.231,1
BYBIT,LTCUSDT,60,1779505200000,52.89,53.11,52.89,52.92,10928.7,579033.803,1
BYBIT,LTCUSDT,60,1779508800000,52.92,52.96,52.73,52.75,7408.3,391470.121,1
BYBIT,LTCUSDT,60,1779512400000,52.75,52.77,52.57,52.71,5218.3,274818.736,1
BYBIT,LTCUSDT,60,1779516000000,52.71,52.83,52.61,52.67,9304.2,490577.017,1
BYBIT,LTCUSDT,60,1779519600000,52.67,52.71,51.42,51.88,103468.8,5373405.616,1
BYBIT,LTCUSDT,60,1779523200000,51.88,52.05,51.72,52.03,28986.6,1504178.101,1
BYBIT,LTCUSDT,60,1779526800000,52.03,52.13,51.88,51.95,8422.3,438058.167,1
BYBIT,LTCUSDT,60,1779530400000,51.95,52.14,51.93,52.08,7200.8,374735.499,1
BYBIT,LTCUSDT,60,1779534000000,52.08,52.17,51.93,51.93,7397.9,385164.256,1
BYBIT,LTCUSDT,60,1779537600000,51.93,52.12,51.84,52.11,21693.9,1127728.942,1
BYBIT,LTCUSDT,60,1779541200000,52.11,52.55,52.11,52.49,12317.1,644938.109,1
BYBIT,LTCUSDT,60,1779544800000,52.49,52.76,52.39,52.72,9372.3,492552.906,1
BYBIT,LTCUSDT,60,1779548400000,52.72,52.88,52.63,52.84,14670.2,774051.952,1
BYBIT,LTCUSDT,60,1779552000000,52.84,52.93,52.72,52.77,15403.0,813589.013,1
BYBIT,LTCUSDT,60,1779555600000,52.77,52.92,52.74,52.86,11286.3,596010.992,1
BYBIT,LTCUSDT,60,1779559200000,52.86,53.39,52.85,53.23,29251.8,1557349.079,1
BYBIT,LTCUSDT,60,1779562800000,53.23,53.36,53.14,53.3,9998.9,532306.767,1
BYBIT,LTCUSDT,60,1779566400000,53.3,54.13,53.18,54.13,54449.6,2925721.36,1
BYBIT,LTCUSDT,60,1779570000000,54.13,54.22,53.57,53.7,22832.4,1230604.212,1
BYBIT,LTCUSDT,60,1779573600000,53.7,53.81,53.23,53.44,30667.3,1638615.921,1
BYBIT,LTCUSDT,60,1779577200000,53.44,53.57,53.37,53.44,8717.2,465994.937,1
BYBIT,LTCUSDT,60,1779580800000,53.44,53.5,53.31,53.48,21051.0,1123779.454,1
BYBIT,LTCUSDT,60,1779584400000,53.48,53.52,53.38,53.46,4566.6,244015.796,1
BYBIT,LTCUSDT,60,1779588000000,53.46,53.47,53.24,53.38,9146.8,487885.445,1
BYBIT,LTCUSDT,60,1779591600000,53.38,53.44,53.27,53.33,3949.4,210735.903,1
BYBIT,LTCUSDT,60,1779595200000,53.33,53.45,53.33,53.37,10008.3,534372.073,1
BYBIT,LTCUSDT,60,1779598800000,53.37,53.4,53.18,53.35,9006.0,479786.8,1
BYBIT,LTCUSDT,60,1779602400000,53.35,53.56,53.33,53.5,5339.1,285325.665,1
BYBIT,LTCUSDT,60,1779606000000,53.5,53.52,53.3,53.36,5644.4,301487.018,1
BYBIT,LTCUSDT,60,1779609600000,53.36,53.47,53.29,53.44,5236.2,279601.285,1
BYBIT,LTCUSDT,60,1779613200000,53.44,53.54,53.41,53.47,10660.4,570140.304,1
BYBIT,LTCUSDT,60,1779616800000,53.47,53.63,53.36,53.45,6155.4,329192.054,1
BYBIT,LTCUSDT,60,1779620400000,53.45,53.62,53.45,53.58,8643.1,462762.153,1
BYBIT,LTCUSDT,60,1779624000000,53.58,53.6,53.25,53.43,35562.6,1898485.778,1
BYBIT,LTCUSDT,60,1779627600000,53.43,53.49,53.05,53.15,12885.4,686609.311,1
BYBIT,LTCUSDT,60,1779631200000,53.15,53.19,52.52,52.87,36139.2,1910845.937,1
BYBIT,LTCUSDT,60,1779634800000,52.87,52.87,52.72,52.76,11096.1,585826.596,1
BYBIT,LTCUSDT,60,1779638400000,52.76,52.91,52.66,52.81,8291.0,437646.994,1
BYBIT,LTCUSDT,60,1779642000000,52.81,52.89,52.77,52.87,2472.7,130669.887,1
BYBIT,LTCUSDT,60,1779645600000,52.87,52.89,52.73,52.8,19939.1,1053176.609,1
BYBIT,LTCUSDT,60,1779649200000,52.8,52.85,52.67,52.79,4777.4,251974.88,1
BYBIT,LTCUSDT,60,1779652800000,52.79,52.81,52.56,52.6,5492.5,289345.719,1
BYBIT,LTCUSDT,60,1779656400000,52.6,52.68,51.95,52.1,30309.9,1583521.856,1
BYBIT,LTCUSDT,60,1779660000000,52.1,52.73,52.09,52.56,22947.4,1206227.798,1
BYBIT,LTCUSDT,60,1779663600000,52.56,52.86,52.56,52.73,11260.2,593798.206,1
BYBIT,LTCUSDT,60,1779667200000,52.73,52.96,52.72,52.81,5927.4,313273.667,1
BYBIT,LTCUSDT,60,1779670800000,52.81,52.83,52.5,52.52,12620.7,665722.141,1
BYBIT,LTCUSDT,60,1779674400000,52.52,52.87,52.52,52.59,4446.4,234331.6,1
BYBIT,LTCUSDT,60,1779678000000,52.59,52.65,52.46,52.55,7788.2,409205.804,1
BYBIT,LTCUSDT,60,1779681600000,52.55,52.76,52.48,52.74,12336.0,649152.188,1
BYBIT,LTCUSDT,60,1779685200000,52.74,52.95,52.69,52.88,14488.1,765395.682,1
BYBIT,LTCUSDT,60,1779688800000,52.88,52.98,52.74,52.88,8246.5,435958.582,1
BYBIT,LTCUSDT,60,1779692400000,52.88,52.98,52.78,52.94,13195.8,697883.731,1
BYBIT,LTCUSDT,60,1779696000000,52.94,53.04,52.88,52.99,6133.5,324899.841,1
BYBIT,LTCUSDT,60,1779699600000,52.99,53.11,52.92,52.94,3914.2,207531.746,1
BYBIT,LTCUSDT,60,1779703200000,52.94,52.96,52.8,52.83,4582.2,242309.527,1
BYBIT,LTCUSDT,60,1779706800000,52.83,52.86,52.64,52.67,11666.4,615470.96,1
BYBIT,LTCUSDT,60,1779710400000,52.67,52.79,52.55,52.74,40779.5,2148297.151,1
BYBIT,LTCUSDT,60,1779714000000,52.74,52.86,52.69,52.77,15048.3,794208.394,1
BYBIT,LTCUSDT,60,1779717600000,52.77,52.88,52.75,52.85,8733.9,461351.06,1
BYBIT,LTCUSDT,60,1779721200000,52.85,52.94,52.58,52.7,13253.7,699048.248,1
BYBIT,LTCUSDT,60,1779724800000,52.7,53.14,52.7,53.07,20430.3,1080847.24,1
BYBIT,LTCUSDT,60,1779728400000,53.07,53.1,52.85,52.93,7982.4,422953.098,1
BYBIT,LTCUSDT,60,1779732000000,52.93,53.02,52.91,52.92,2806.2,148646.125,1
BYBIT,LTCUSDT,60,1779735600000,52.92,52.98,52.76,52.84,6667.1,352623.804,1
BYBIT,LTCUSDT,60,1779739200000,52.84,52.94,52.62,52.73,18594.2,981166.855,1
BYBIT,LTCUSDT,60,1779742800000,52.73,52.91,52.7,52.75,19556.6,1032061.008,1
BYBIT,LTCUSDT,60,1779746400000,52.75,52.79,52.42,52.48,9236.5,485429.737,1
BYBIT,LTCUSDT,60,1779750000000,52.48,52.71,52.42,52.68,6924.4,364376.094,1
BYBIT,LTCUSDT,60,1779753600000,52.68,52.7,52.26,52.47,23771.6,1248164.457,1
BYBIT,LTCUSDT,60,1779757200000,52.47,52.49,52.07,52.23,16085.3,840486.74,1
BYBIT,LTCUSDT,60,1779760800000,52.23,52.27,52.12,52.2,4997.5,260883.214,1
BYBIT,LTCUSDT,60,1779764400000,52.2,52.28,52.08,52.28,4773.8,249095.131,1
BYBIT,LTCUSDT,60,1779768000000,52.28,52.5,52.2,52.42,6394.4,334937.775,1
BYBIT,LTCUSDT,60,1779771600000,52.42,52.65,52.34,52.57,6220.5,326552.267,1
BYBIT,LTCUSDT,60,1779775200000,52.57,52.59,52.39,52.52,4800.8,251997.413,1
BYBIT,LTCUSDT,60,1779778800000,52.52,52.53,52.27,52.32,8196.0,429168.814,1
BYBIT,LTCUSDT,60,1779782400000,52.32,52.39,52.27,52.33,4904.4,256754.913,1
BYBIT,LTCUSDT,60,1779786000000,52.33,52.42,52.23,52.29,8015.4,419309.352,1
BYBIT,LTCUSDT,60,1779789600000,52.29,52.95,52.23,52.82,13434.4,708749.91,1
BYBIT,LTCUSDT,60,1779793200000,52.82,52.9,52.75,52.77,11172.4,590248.012,1
BYBIT,LTCUSDT,60,1779796800000,52.77,52.84,52.62,52.82,21100.8,1112764.825,1
BYBIT,LTCUSDT,60,1779800400000,52.82,52.85,52.46,52.73,14812.7,779937.095,1
BYBIT,LTCUSDT,60,1779804000000,52.73,53.08,52.51,52.64,16857.5,889989.036,1
BYBIT,LTCUSDT,60,1779807600000,52.64,52.69,52.11,52.36,22010.6,1152862.943,1
BYBIT,LTCUSDT,60,1779811200000,52.36,52.36,51.99,52.14,13470.9,702312.791,1
BYBIT,LTCUSDT,60,1779814800000,52.14,52.22,51.58,51.76,43180.1,2235673.387,1
BYBIT,LTCUSDT,60,1779818400000,51.76,52.07,51.72,51.79,12721.5,659972.515,1
BYBIT,LTCUSDT,60,1779822000000,51.79,51.94,51.61,51.9,39379.8,2038426.828,1
BYBIT,LTCUSDT,60,1779825600000,51.9,51.97,51.84,51.97,8244.3,427958.566,1
BYBIT,LTCUSDT,60,1779829200000,51.97,52.13,51.78,51.94,16919.9,878053.678,1
BYBIT,LTCUSDT,60,1779832800000,51.94,52.04,51.84,51.95,4608.4,239281.099,1
BYBIT,LTCUSDT,60,1779836400000,51.95,52.07,51.86,51.89,12724.3,661227.395,1
BYBIT,LTCUSDT,60,1779840000000,51.89,52.18,51.89,52.17,17651.2,918756.756,1
BYBIT,LTCUSDT,60,1779843600000,52.17,52.18,51.98,52.02,5049.8,262913.757,1
BYBIT,LTCUSDT,60,1779847200000,52.02,52.13,51.91,52.13,2853.8,148422.539,1
BYBIT,LTCUSDT,60,1779850800000,52.13,52.17,51.95,52.0,4478.4,233133.272,1
BYBIT,LTCUSDT,60,1779854400000,52.0,52.13,51.69,52.12,21247.4,1101462.431,1
BYBIT,LTCUSDT,60,1779858000000,52.12,52.27,52.11,52.23,9358.9,488413.348,1
BYBIT,LTCUSDT,60,1779861600000,52.23,52.32,52.14,52.26,26605.8,1389701.327,1
BYBIT,LTCUSDT,60,1779865200000,52.26,52.37,52.24,52.37,6693.7,350154.858,1
BYBIT,LTCUSDT,60,1779868800000,52.37,52.51,52.2,52.23,9906.6,518736.019,1
BYBIT,LTCUSDT,60,1779872400000,52.23,52.35,52.11,52.23,6510.5,340145.154,1
BYBIT,LTCUSDT,60,1779876000000,52.23,52.4,52.2,52.28,5479.1,286567.026,1
BYBIT,LTCUSDT,60,1779879600000,52.28,52.39,52.17,52.17,4659.8,243501.505,1
BYBIT,LTCUSDT,60,1779883200000,52.17,52.57,52.12,52.35,22000.2,1152682.359,1
BYBIT,LTCUSDT,60,1779886800000,52.35,52.43,51.88,52.23,32893.6,1713865.789,1
BYBIT,LTCUSDT,60,1779890400000,52.23,52.4,52.09,52.35,11159.8,583003.797,1
BYBIT,LTCUSDT,60,1779894000000,52.35,52.88,52.33,52.64,76225.2,4014775.375,1
BYBIT,LTCUSDT,60,1779897600000,52.64,52.71,52.28,52.43,12144.5,637040.872,1
BYBIT,LTCUSDT,60,1779901200000,52.43,52.45,51.97,52.11,18712.9,976090.045,1
BYBIT,LTCUSDT,60,1779904800000,52.11,52.35,51.97,52.33,13937.0,727088.95,1
BYBIT,LTCUSDT,60,1779908400000,52.33,52.54,52.32,52.43,8996.2,471732.105,1
BYBIT,LTCUSDT,60,1779912000000,52.43,52.52,52.33,52.5,10305.5,540483.593,1
BYBIT,LTCUSDT,60,1779915600000,52.5,52.52,51.61,51.87,29465.2,1533004.189,1
BYBIT,LTCUSDT,60,1779919200000,51.87,52.08,51.79,51.84,23757.9,1234641.55,1
BYBIT,LTCUSDT,60,1779922800000,51.84,52.01,51.77,51.94,7830.8,406567.146,1
BYBIT,LTCUSDT,60,1779926400000,51.94,52.09,51.92,51.99,10337.3,537281.689,1
BYBIT,LTCUSDT,60,1779930000000,51.99,52.02,51.61,51.77,11011.1,569914.145,1
BYBIT,LTCUSDT,60,1779933600000,51.77,51.91,51.66,51.82,5214.4,270086.138,1
BYBIT,LTCUSDT,60,1779937200000,51.82,51.82,50.86,50.98,80160.2,4103394.633,1
BYBIT,LTCUSDT,60,1779940800000,50.98,50.98,50.48,50.78,58682.7,2974453.115,1
BYBIT,LTCUSDT,60,1779944400000,50.78,50.78,50.28,50.41,54818.5,2763870.058,1
BYBIT,LTCUSDT,60,1779948000000,50.41,50.61,50.35,50.58,24704.6,1247568.303,1
BYBIT,LTCUSDT,60,1779951600000,50.58,50.86,50.57,50.81,16305.9,827174.296,1
BYBIT,LTCUSDT,60,1779955200000,50.81,50.84,50.6,50.68,9435.2,478786.407,1
BYBIT,LTCUSDT,60,1779958800000,50.68,50.92,50.67,50.88,9469.5,480965.475,1
BYBIT,LTCUSDT,60,1779962400000,50.88,50.98,50.73,50.73,15369.6,781475.821,1
BYBIT,LTCUSDT,60,1779966000000,50.73,50.81,50.63,50.7,7918.5,401631.794,1
BYBIT,LTCUSDT,60,1779969600000,50.7,50.93,50.53,50.91,22020.8,1116920.13,1
BYBIT,LTCUSDT,60,1779973200000,50.91,51.07,50.75,50.97,20454.8,1041446.952,1
BYBIT,LTCUSDT,60,1779976800000,50.97,51.28,50.55,51.09,32764.0,1669122.309,1
BYBIT,LTCUSDT,60,1779980400000,51.09,51.4,50.82,51.39,22086.6,1132052.321,1
BYBIT,LTCUSDT,60,1779984000000,51.39,51.98,51.23,51.88,23690.8,1224299.789,1
BYBIT,LTCUSDT,60,1779987600000,51.88,52.11,51.7,52.02,13207.2,685595.888,1
BYBIT,LTCUSDT,60,1779991200000,52.02,52.11,51.74,51.95,32290.3,1678045.442,1
BYBIT,LTCUSDT,60,1779994800000,51.95,51.95,51.72,51.73,10426.5,540500.868,1
BYBIT,LTCUSDT,60,1779998400000,51.73,51.95,51.61,51.89,12505.4,647604.331,1
BYBIT,LTCUSDT,60,1780002000000,51.89,52.08,51.83,51.83,14895.0,774049.298,1
BYBIT,LTCUSDT,60,1780005600000,51.83,51.89,51.67,51.67,7543.7,390302.74,1
BYBIT,LTCUSDT,60,1780009200000,51.67,51.81,51.61,51.64,4106.7,212331.598,1
BYBIT,LTCUSDT,60,1780012800000,51.64,51.74,51.64,51.69,8592.0,444154.966,1
BYBIT,LTCUSDT,60,1780016400000,51.69,51.79,51.61,51.72,7443.0,384914.817,1
BYBIT,LTCUSDT,60,1780020000000,51.72,51.76,51.55,51.57,6032.2,311536.565,1
BYBIT,LTCUSDT,60,1780023600000,51.57,51.83,51.57,51.66,5974.0,308990.026,1
BYBIT,LTCUSDT,60,1780027200000,51.66,51.71,51.33,51.63,10428.3,536871.541,1
BYBIT,LTCUSDT,60,1780030800000,51.63,51.71,51.57,51.71,5387.3,278214.371,1
BYBIT,LTCUSDT,60,1780034400000,51.71,51.99,51.71,51.83,10986.8,569715.825,1
BYBIT,LTCUSDT,60,1780038000000,51.83,51.88,51.53,51.69,14820.1,766850.731,1
BYBIT,LTCUSDT,60,1780041600000,51.69,51.83,51.67,51.71,11509.7,595615.552,1
BYBIT,LTCUSDT,60,1780045200000,51.71,51.88,51.7,51.79,6200.3,321126.887,1
BYBIT,LTCUSDT,60,1780048800000,51.79,51.84,51.67,51.78,8103.1,419221.259,1
BYBIT,LTCUSDT,60,1780052400000,51.78,51.83,51.53,51.63,6655.6,343828.188,1
BYBIT,LTCUSDT,60,1780056000000,51.63,51.69,51.45,51.58,8062.8,415628.78,1
BYBIT,LTCUSDT,60,1780059600000,51.58,51.77,51.43,51.72,8695.0,448515.358,1
BYBIT,LTCUSDT,60,1780063200000,51.72,51.84,51.12,51.55,35149.0,1809326.559,1
BYBIT,LTCUSDT,60,1780066800000,51.55,52.34,51.52,52.19,74494.7,3868322.808,1
BYBIT,LTCUSDT,60,1780070400000,52.19,52.33,51.84,52.13,53456.9,2783816.049,1
BYBIT,LTCUSDT,60,1780074000000,52.13,52.3,52.04,52.08,12371.5,645547.024,1
BYBIT,LTCUSDT,60,1780077600000,52.08,52.13,51.66,51.81,23476.9,1216245.306,1
BYBIT,LTCUSDT,60,1780081200000,51.81,51.89,51.48,51.88,15341.6,792939.307,1
BYBIT,LTCUSDT,60,1780084800000,51.88,52.01,51.81,51.9,11240.5,583523.069,1
BYBIT,LTCUSDT,60,1780088400000,51.9,52.04,51.68,51.68,16713.0,867320.929,1
BYBIT,LTCUSDT,60,1780092000000,51.68,51.9,51.67,51.82,4882.9,252732.189,1
BYBIT,LTCUSDT,60,1780095600000,51.82,51.92,51.77,51.88,8686.3,450615.608,1
BYBIT,LTCUSDT,60,1780099200000,51.88,52.19,51.82,52.12,16186.4,841271.651,1
BYBIT,LTCUSDT,60,1780102800000,52.12,52.5,52.07,52.35,18065.2,945731.103,1
BYBIT,LTCUSDT,60,1780106400000,52.35,52.49,52.35,52.43,4538.0,237869.293,1
BYBIT,LTCUSDT,60,1780110000000,52.43,52.49,52.32,52.42,5577.5,292438.177,1
BYBIT,LTCUSDT,60,1780113600000,52.42,52.47,52.08,52.23,18524.8,967364.407,1
BYBIT,LTCUSDT,60,1780117200000,52.23,52.42,52.18,52.4,13320.8,696809.351,1
BYBIT,LTCUSDT,60,1780120800000,52.4,52.47,52.33,52.38,5047.4,264505.107,1
BYBIT,LTCUSDT,60,1780124400000,52.38,52.41,52.32,52.41,2221.6,116330.527,1
BYBIT,LTCUSDT,60,1780128000000,52.41,52.48,52.38,52.47,4069.1,213392.979,1
BYBIT,LTCUSDT,60,1780131600000,52.47,52.67,52.42,52.67,8967.0,471294.695,1
BYBIT,LTCUSDT,60,1780135200000,52.67,52.68,52.52,52.58,6880.4,361685.726,1
BYBIT,LTCUSDT,60,1780138800000,52.58,52.72,52.47,52.5,6662.9,350282.648,1
BYBIT,LTCUSDT,60,1780142400000,52.5,52.64,52.48,52.62,6877.1,361377.617,1
BYBIT,LTCUSDT,60,1780146000000,52.62,52.7,52.53,52.7,5516.6,290250.587,1
BYBIT,LTCUSDT,60,1780149600000,52.7,52.75,52.38,52.5,28017.6,1472655.774,1
BYBIT,LTCUSDT,60,1780153200000,52.5,52.53,52.32,52.37,10583.6,554642.207,1
BYBIT,LTCUSDT,60,1780156800000,52.37,52.43,52.14,52.32,37604.1,1965580.074,1
BYBIT,LTCUSDT,60,1780160400000,52.32,52.41,52.21,52.38,6618.8,346174.791,1
BYBIT,LTCUSDT,60,1780164000000,52.38,52.43,52.28,52.42,3790.8,198530.963,1
BYBIT,LTCUSDT,60,1780167600000,52.42,52.52,52.38,52.48,3951.7,207262.087,1
BYBIT,LTCUSDT,60,1780171200000,52.48,52.55,52.45,52.51,4887.4,256624.456,1
BYBIT,LTCUSDT,60,1780174800000,52.51,52.58,52.48,52.53,16901.8,887912.386,1
BYBIT,LTCUSDT,60,1780178400000,52.53,52.53,52.28,52.38,8672.0,454593.514,1
BYBIT,LTCUSDT,60,1780182000000,52.38,52.47,52.3,52.43,4116.2,215608.239,1
BYBIT,LTCUSDT,60,1780185600000,52.43,52.51,52.34,52.44,41449.0,2173021.226,1
BYBIT,LTCUSDT,60,1780189200000,52.44,52.6,52.44,52.55,7167.9,376574.89,1
BYBIT,LTCUSDT,60,1780192800000,52.55,52.72,52.41,52.62,35228.4,1851846.754,1
BYBIT,LTCUSDT,60,1780196400000,52.62,52.72,52.61,52.62,8455.6,445321.271,1
BYBIT,LTCUSDT,60,1780200000000,52.62,52.69,52.57,52.61,4481.3,235788.423,1
BYBIT,LTCUSDT,60,1780203600000,52.61,52.61,52.43,52.49,7954.9,417827.93,1
BYBIT,LTCUSDT,60,1780207200000,52.49,52.51,52.37,52.46,11497.3,603079.035,1
BYBIT,LTCUSDT,60,1780210800000,52.46,52.46,52.2,52.3,18896.1,988809.147,1
BYBIT,LTCUSDT,60,1780214400000,52.3,52.45,52.3,52.42,6902.0,361490.175,1
BYBIT,LTCUSDT,60,1780218000000,52.42,52.55,52.33,52.36,16039.8,841394.488,1
BYBIT,LTCUSDT,60,1780221600000,52.36,52.38,52.23,52.33,11001.1,575222.288,1
BYBIT,LTCUSDT,60,1780225200000,52.33,52.39,52.25,52.3,3762.8,196820.886,1
BYBIT,LTCUSDT,60,1780228800000,52.3,52.41,52.22,52.38,7079.7,370562.209,1
BYBIT,LTCUSDT,60,1780232400000,52.38,52.6,52.34,52.44,9829.5,515890.302,1
BYBIT,LTCUSDT,60,1780236000000,52.44,52.44,51.77,51.92,45956.0,2390231.072,1
BYBIT,LTCUSDT,60,1780239600000,51.92,52.13,51.91,51.91,9586.5,498355.219,1
BYBIT,LTCUSDT,60,1780243200000,51.91,51.96,51.48,51.56,32450.3,1677027.83,1
BYBIT,LTCUSDT,60,1780246800000,51.56,51.72,51.34,51.68,25632.6,1321158.639,1
BYBIT,LTCUSDT,60,1780250400000,51.68,51.69,51.51,51.6,6476.9,334109.635,1
BYBIT,LTCUSDT,60,1780254000000,51.6,51.63,51.44,51.6,3607.3,185943.197,1
BYBIT,LTCUSDT,60,1780257600000,51.6,51.87,51.6,51.8,10048.2,519931.471,1
BYBIT,LTCUSDT,60,1780261200000,51.8,52.01,51.79,51.99,14629.7,759021.391,1
BYBIT,LTCUSDT,60,1780264800000,51.99,52.21,51.85,52.15,14349.5,747770.952,1
BYBIT,LTCUSDT,60,1780268400000,52.15,52.31,51.87,52.06,11401.6,593868.676,1
BYBIT,LTCUSDT,60,1780272000000,52.06,52.26,52.02,52.21,16049.3,836549.778,1
BYBIT,LTCUSDT,60,1780275600000,52.21,52.22,51.43,51.43,20502.3,1061812.244,1
BYBIT,LTCUSDT,60,1780279200000,51.43,52.16,51.4,52.02,16235.4,841950.817,1
BYBIT,LTCUSDT,60,1780282800000,52.02,52.2,51.93,51.96,13115.6,682725.054,1
BYBIT,LTCUSDT,60,1780286400000,51.96,52.03,51.53,51.68,10800.5,558647.992,1
BYBIT,LTCUSDT,60,1780290000000,51.68,51.73,51.5,51.55,4784.6,246935.267,1
BYBIT,LTCUSDT,60,1780293600000,51.55,51.58,51.17,51.3,18516.2,950355.767,1
BYBIT,LTCUSDT,60,1780297200000,51.3,51.38,50.96,50.97,25556.7,1307353.213,1
BYBIT,LTCUSDT,60,1780300800000,50.97,51.09,50.78,51.01,22357.6,1138713.913,1
BYBIT,LTCUSDT,60,1780304400000,51.01,51.39,51.01,51.18,16618.8,851199.006,1
BYBIT,LTCUSDT,60,1780308000000,51.18,51.28,51.02,51.06,14204.4,726729.159,1
BYBIT,LTCUSDT,60,1780311600000,51.06,51.17,50.85,50.98,8637.6,440407.001,1
BYBIT,LTCUSDT,60,1780315200000,50.98,51.15,50.79,51.08,16590.3,845905.243,1
BYBIT,LTCUSDT,60,1780318800000,51.08,51.1,50.58,50.91,47902.9,2435086.5,1
BYBIT,LTCUSDT,60,1780322400000,50.91,50.96,50.46,50.58,36331.3,1842468.018,1
BYBIT,LTCUSDT,60,1780326000000,50.58,50.65,50.07,50.37,46899.3,2360726.761,1
BYBIT,LTCUSDT,60,1780329600000,50.37,50.66,50.07,50.66,26993.7,1358985.866,1
BYBIT,LTCUSDT,60,1780333200000,50.66,51.03,50.64,50.93,41404.3,2105400.015,1
BYBIT,LTCUSDT,60,1780336800000,50.93,51.0,50.66,50.76,19811.6,1007019.891,1
BYBIT,LTCUSDT,60,1780340400000,50.76,50.99,50.63,50.86,24516.8,1247001.838,1
BYBIT,LTCUSDT,60,1780344000000,50.86,50.99,50.72,50.97,8916.3,453665.961,1
BYBIT,LTCUSDT,60,1780347600000,50.97,50.97,50.64,50.68,14801.1,750494.082,1
BYBIT,LTCUSDT,60,1780351200000,50.68,50.82,50.44,50.79,10873.5,550009.024,1
BYBIT,LTCUSDT,60,1780354800000,50.79,50.92,50.64,50.77,10012.5,508580.228,1
BYBIT,LTCUSDT,60,1780358400000,50.77,50.81,50.53,50.59,14822.1,751042.851,1
BYBIT,LTCUSDT,60,1780362000000,50.59,50.69,50.26,50.27,10903.6,550319.322,1
BYBIT,LTCUSDT,60,1780365600000,50.27,50.32,49.83,50.11,38941.2,1947919.844,1
BYBIT,LTCUSDT,60,1780369200000,50.11,50.26,49.97,50.24,18849.0,944060.311,1
BYBIT,LTCUSDT,60,1780372800000,50.24,50.28,49.7,49.84,25299.0,1264161.27,1
BYBIT,LTCUSDT,60,1780376400000,49.84,49.84,49.26,49.38,64315.2,3182746.981,1
BYBIT,LTCUSDT,60,1780380000000,49.38,49.52,49.19,49.35,31889.6,1572927.652,1
BYBIT,LTCUSDT,60,1780383600000,49.35,49.61,49.09,49.42,21252.5,1049497.349,1
BYBIT,LTCUSDT,60,1780387200000,49.42,49.58,49.31,49.39,12982.7,641946.916,1
BYBIT,LTCUSDT,60,1780390800000,49.39,49.43,49.11,49.29,22722.1,1119711.649,1
BYBIT,LTCUSDT,60,1780394400000,49.29,49.62,49.23,49.58,19326.2,956013.365,1
BYBIT,LTCUSDT,60,1780398000000,49.58,49.58,49.32,49.33,9375.8,463256.248,1
BYBIT,LTCUSDT,60,1780401600000,49.33,49.45,49.1,49.44,11888.5,585886.098,1
BYBIT,LTCUSDT,60,1780405200000,49.44,49.55,49.17,49.21,23043.4,1138280.956,1
BYBIT,LTCUSDT,60,1780408800000,49.21,49.28,47.94,48.35,166777.1,8088931.27,1
BYBIT,LTCUSDT,60,1780412400000,48.35,48.39,47.43,47.8,143117.6,6844126.523,1
BYBIT,LTCUSDT,60,1780416000000,47.8,48.5,47.69,48.18,45684.3,2201795.922,1
BYBIT,LTCUSDT,60,1780419600000,48.18,48.49,48.16,48.4,21430.6,1036227.433,1
BYBIT,LTCUSDT,60,1780423200000,48.4,48.53,48.11,48.33,43851.5,2119412.378,1
BYBIT,LTCUSDT,60,1780426800000,48.33,48.37,47.35,48.1,76185.2,3641535.924,1
BYBIT,LTCUSDT,60,1780430400000,48.1,48.45,47.94,48.26,29916.0,1442331.145,1
BYBIT,LTCUSDT,60,1780434000000,48.26,48.5,48.1,48.13,31305.1,1512383.729,1
BYBIT,LTCUSDT,60,1780437600000,48.13,48.14,46.55,46.74,108032.5,5096598.929,1
BYBIT,LTCUSDT,60,1780441200000,46.74,46.98,46.25,46.87,94235.7,4396585.376,1
BYBIT,LTCUSDT,60,1780444800000,46.87,47.42,46.87,47.33,56089.9,2646353.052,1
BYBIT,LTCUSDT,60,1780448400000,47.33,47.6,47.17,47.56,20826.4,987448.713,1
BYBIT,LTCUSDT,60,1780452000000,47.56,47.74,47.44,47.63,12303.8,585493.926,1
BYBIT,LTCUSDT,60,1780455600000,47.63,47.74,46.79,47.0,79470.8,3756139.545,1
BYBIT,LTCUSDT,60,1780459200000,47.0,47.8,47.0,47.76,26384.8,1252632.796,1
BYBIT,LTCUSDT,60,1780462800000,47.76,48.25,47.76,48.08,43404.6,2084376.063,1
BYBIT,LTCUSDT,60,1780466400000,48.08,48.41,47.99,48.2,16165.7,779725.094,1
BYBIT,LTCUSDT,60,1780470000000,48.2,48.47,48.12,48.38,22616.8,1092855.276,1
BYBIT,LTCUSDT,60,1780473600000,48.38,48.52,48.3,48.31,14523.7,702799.239,1
BYBIT,LTCUSDT,60,1780477200000,48.31,48.35,47.96,48.12,40329.5,1941521.132,1
BYBIT,LTCUSDT,60,1780480800000,48.12,48.35,48.1,48.3,13015.9,628023.326,1
BYBIT,LTCUSDT,60,1780484400000,48.3,48.46,48.06,48.18,13457.4,649559.914,1
BYBIT,LTCUSDT,60,1780488000000,48.18,48.24,47.86,48.2,19924.3,957589.774,1
BYBIT,LTCUSDT,60,1780491600000,48.2,48.27,47.76,47.98,28538.6,1370272.957,1
BYBIT,LTCUSDT,60,1780495200000,47.98,48.0,47.57,47.84,62729.0,2993645.59,1
BYBIT,LTCUSDT,60,1780498800000,47.84,47.89,47.54,47.62,28674.2,1367196.14,1
BYBIT,LTCUSDT,60,1780502400000,47.62,47.66,47.08,47.55,44725.6,2118414.657,1
BYBIT,LTCUSDT,60,1780506000000,47.55,47.81,47.24,47.68,28368.8,1347979.485,1
BYBIT,LTCUSDT,60,1780509600000,47.68,47.74,47.36,47.42,25711.7,1220164.862,1
BYBIT,LTCUSDT,60,1780513200000,47.42,47.68,47.14,47.27,36688.3,1739711.19,1
BYBIT,LTCUSDT,60,1780516800000,47.27,47.57,46.82,46.98,47922.7,2259927.622,1
BYBIT,LTCUSDT,60,1780520400000,46.98,47.94,46.9,47.89,59034.7,2802746.26,1
BYBIT,LTCUSDT,60,1780524000000,47.89,48.03,47.49,47.62,23787.0,1134373.321,1
BYBIT,LTCUSDT,60,1780527600000,47.62,47.64,47.09,47.1,19968.0,943983.53,1
BYBIT,LTCUSDT,60,1780531200000,47.1,47.45,46.62,46.78,56708.3,2664301.506,1
BYBIT,LTCUSDT,60,1780534800000,46.78,46.9,45.19,45.29,131528.6,6041321.145,1
BYBIT,LTCUSDT,60,1780538400000,45.29,45.83,43.86,45.78,199138.2,8924522.953,1
BYBIT,LTCUSDT,60,1780542000000,45.78,46.88,45.78,46.78,38670.5,1797063.349,1
BYBIT,LTCUSDT,60,1780545600000,46.78,46.92,46.41,46.47,22034.2,1028072.772,1
BYBIT,LTCUSDT,60,1780549200000,46.47,46.47,45.99,46.23,35538.2,1642322.657,1
BYBIT,LTCUSDT,60,1780552800000,46.23,46.81,46.19,46.56,15797.7,736285.907,1
BYBIT,LTCUSDT,60,1780556400000,46.56,46.61,46.1,46.17,26050.1,1207091.987,1
BYBIT,LTCUSDT,60,1780560000000,46.17,46.5,45.81,46.38,33960.7,1567570.069,1
BYBIT,LTCUSDT,60,1780563600000,46.38,46.39,45.42,46.01,76923.6,3529171.381,1
BYBIT,LTCUSDT,60,1780567200000,46.01,46.03,45.02,45.22,80065.2,3634497.699,1
BYBIT,LTCUSDT,60,1780570800000,45.22,45.59,45.02,45.59,50227.5,2275122.329,1
BYBIT,LTCUSDT,60,1780574400000,45.59,46.66,45.47,46.57,33988.8,1566138.312,1
BYBIT,LTCUSDT,60,1780578000000,46.57,46.85,46.02,46.82,39018.0,1813996.487,1
BYBIT,LTCUSDT,60,1780581600000,46.82,46.89,46.16,46.32,23256.2,1081216.295,1
BYBIT,LTCUSDT,60,1780585200000,46.32,46.54,46.11,46.33,26471.2,1225974.882,1
BYBIT,LTCUSDT,60,1780588800000,46.33,46.41,45.98,46.32,24653.3,1138334.166,1
BYBIT,LTCUSDT,60,1780592400000,46.32,46.45,45.78,46.17,37075.6,1709035.155,1
BYBIT,LTCUSDT,60,1780596000000,46.17,46.63,45.94,46.48,30545.2,1414586.206,1
BYBIT,LTCUSDT,60,1780599600000,46.48,46.59,46.15,46.24,20320.5,942243.906,1
BYBIT,LTCUSDT,60,1780603200000,46.24,46.26,45.94,46.04,18246.3,840243.116,1
BYBIT,LTCUSDT,60,1780606800000,46.04,46.18,45.0,45.1,53382.3,2427292.224,1
BYBIT,LTCUSDT,60,1780610400000,45.1,45.72,45.06,45.67,27816.9,1261019.335,1
BYBIT,LTCUSDT,60,1780614000000,45.67,45.82,45.11,45.61,35689.2,1621870.661,1
BYBIT,LTCUSDT,60,1780617600000,45.61,45.81,45.36,45.38,23395.3,1066116.913,1
BYBIT,LTCUSDT,60,1780621200000,45.38,45.73,45.04,45.63,25862.3,1174124.036,1
BYBIT,LTCUSDT,60,1780624800000,45.63,45.67,44.8,44.86,32755.3,1478551.244,1
BYBIT,LTCUSDT,60,1780628400000,44.86,45.22,44.6,44.82,26857.0,1204449.831,1
BYBIT,LTCUSDT,60,1780632000000,44.82,45.44,44.7,45.37,35972.5,1623349.089,1
BYBIT,LTCUSDT,60,1780635600000,45.37,45.45,44.26,44.3,45568.4,2039750.188,1
BYBIT,LTCUSDT,60,1780639200000,44.3,44.46,42.62,43.32,236296.5,10263193.274,1
BYBIT,LTCUSDT,60,1780642800000,43.32,44.19,42.63,44.16,100366.9,4363664.619,1
BYBIT,LTCUSDT,60,1780646400000,44.16,44.16,43.63,43.8,29553.3,1295307.38,1
BYBIT,LTCUSDT,60,1780650000000,43.8,44.64,43.8,44.55,56033.9,2479447.491,1
BYBIT,LTCUSDT,60,1780653600000,44.55,44.62,44.16,44.23,62929.3,2785478.702,1
BYBIT,LTCUSDT,60,1780657200000,44.23,44.4,43.9,44.02,44776.2,1977356.426,1
BYBIT,LTCUSDT,60,1780660800000,44.02,44.25,43.54,43.98,77312.1,3389985.564,1
BYBIT,LTCUSDT,60,1780664400000,43.98,44.56,43.2,43.21,146897.0,6478193.61,1
BYBIT,LTCUSDT,60,1780668000000,43.21,43.69,42.89,43.38,137566.2,5962252.47,1
BYBIT,LTCUSDT,60,1780671600000,43.38,43.47,42.69,43.18,154465.0,6655359.132,1
BYBIT,LTCUSDT,60,1780675200000,43.18,44.0,42.59,43.91,273886.7,11880591.674,1
BYBIT,LTCUSDT,60,1780678800000,43.91,44.16,43.44,43.66,58218.1,2548285.323,1
BYBIT,LTCUSDT,60,1780682400000,43.66,43.88,42.52,42.68,109968.3,4737681.219,1
BYBIT,LTCUSDT,60,1780686000000,42.68,43.22,41.92,43.0,165717.5,7040629.344,1
BYBIT,LTCUSDT,60,1780689600000,43.0,43.75,42.49,43.59,95454.9,4122870.343,1
BYBIT,LTCUSDT,60,1780693200000,43.59,43.99,43.57,43.87,32601.8,1427770.643,1
BYBIT,LTCUSDT,60,1780696800000,43.87,43.89,43.22,43.54,122497.0,5331726.734,1
BYBIT,LTCUSDT,60,1780700400000,43.54,43.7,42.65,43.28,49774.1,2149262.151,1
BYBIT,LTCUSDT,60,1780704000000,43.28,43.91,43.27,43.8,32182.2,1406717.721,1
BYBIT,LTCUSDT,60,1780707600000,43.8,43.98,43.45,43.46,23746.8,1036898.046,1
BYBIT,LTCUSDT,60,1780711200000,43.46,43.52,43.15,43.2,23316.3,1010527.001,1
BYBIT,LTCUSDT,60,1780714800000,43.2,43.21,42.58,42.64,34226.5,1468026.972,1
BYBIT,LTCUSDT,60,1780718400000,42.64,42.82,40.76,40.95,209893.2,8691289.428,1
BYBIT,LTCUSDT,60,1780722000000,40.95,42.1,40.45,42.05,138012.0,5701747.418,1
BYBIT,LTCUSDT,60,1780725600000,42.05,42.67,42.05,42.26,59598.9,2523404.475,1
BYBIT,LTCUSDT,60,1780729200000,42.26,42.91,42.18,42.79,57282.3,2440016.499,1
BYBIT,LTCUSDT,60,1780732800000,42.79,43.39,42.54,43.21,65399.5,2815978.312,1
BYBIT,LTCUSDT,60,1780736400000,43.21,43.51,42.86,42.99,25122.8,1084573.258,1
BYBIT,LTCUSDT,60,1780740000000,42.99,42.99,42.11,42.58,82002.0,3483033.136,1
BYBIT,LTCUSDT,60,1780743600000,42.58,42.9,42.51,42.75,26267.5,1121613.304,1
BYBIT,LTCUSDT,60,1780747200000,42.75,43.02,42.51,42.87,27609.6,1179538.64,1
BYBIT,LTCUSDT,60,1780750800000,42.87,42.94,42.6,42.73,13714.9,586845.973,1
BYBIT,LTCUSDT,60,1780754400000,42.73,42.92,42.46,42.47,12067.1,515265.787,1
BYBIT,LTCUSDT,60,1780758000000,42.47,42.54,41.95,42.32,30957.1,1307633.306,1
BYBIT,LTCUSDT,60,1780761600000,42.32,42.51,41.84,41.91,35351.3,1488203.336,1
BYBIT,LTCUSDT,60,1780765200000,41.91,42.16,41.73,42.04,41423.1,1737249.04,1
BYBIT,LTCUSDT,60,1780768800000,42.04,42.31,41.97,42.19,21692.3,914315.518,1
BYBIT,LTCUSDT,60,1780772400000,42.19,42.33,40.91,41.12,120609.1,4996342.017,1
BYBIT,LTCUSDT,60,1780776000000,41.12,41.19,40.74,41.15,52935.8,2169814.057,1
BYBIT,LTCUSDT,60,1780779600000,41.15,41.86,41.15,41.6,30515.4,1266325.157,1
BYBIT,LTCUSDT,60,1780783200000,41.6,41.62,40.83,41.0,34400.2,1413386.518,1
BYBIT,LTCUSDT,60,1780786800000,41.0,41.37,40.98,41.35,20224.7,832140.272,1
BYBIT,LTCUSDT,60,1780790400000,41.35,41.48,41.12,41.26,24581.4,1016023.495,1
BYBIT,LTCUSDT,60,1780794000000,41.26,42.19,41.2,42.03,53908.1,2258439.497,1
BYBIT,LTCUSDT,60,1780797600000,42.03,42.04,41.45,41.77,55141.4,2297629.709,1
BYBIT,LTCUSDT,60,1780801200000,41.77,42.07,41.72,41.91,26326.4,1102662.795,1
BYBIT,LTCUSDT,60,1780804800000,41.91,41.93,41.22,41.7,25915.0,1076353.016,1
BYBIT,LTCUSDT,60,1780808400000,41.7,41.85,41.51,41.59,86370.8,3599911.605,1
BYBIT,LTCUSDT,60,1780812000000,41.59,42.19,41.41,41.93,59113.3,2481702.825,1
BYBIT,LTCUSDT,60,1780815600000,41.93,41.99,41.75,41.91,44703.6,1871556.608,1
BYBIT,LTCUSDT,60,1780819200000,41.91,42.5,41.65,42.47,57489.5,2421559.494,1
BYBIT,LTCUSDT,60,1780822800000,42.47,42.67,42.18,42.28,74563.8,3164725.267,1
BYBIT,LTCUSDT,60,1780826400000,42.28,42.5,42.03,42.19,42950.8,1816745.835,1
BYBIT,LTCUSDT,60,1780830000000,42.19,42.43,42.15,42.33,16472.8,696335.757,1
BYBIT,LTCUSDT,60,1780833600000,42.33,42.33,41.5,41.83,71501.9,2988092.419,1
BYBIT,LTCUSDT,60,1780837200000,41.83,42.13,41.73,42.03,49096.1,2058966.646,1
BYBIT,LTCUSDT,60,1780840800000,42.03,42.43,41.95,42.24,32985.1,1391666.683,1
BYBIT,LTCUSDT,60,1780844400000,42.24,42.34,41.93,42.05,20939.4,882750.586,1
BYBIT,LTCUSDT,60,1780848000000,42.05,42.12,41.65,41.84,28436.2,1191892.988,1
BYBIT,LTCUSDT,60,1780851600000,41.84,42.16,41.78,41.99,17523.4,735901.113,1
BYBIT,LTCUSDT,60,1780855200000,41.99,42.1,41.82,41.86,16889.9,708708.999,1
BYBIT,LTCUSDT,60,1780858800000,41.86,41.86,41.05,41.33,73516.7,3038348.829,1
BYBIT,LTCUSDT,60,1780862400000,41.33,41.71,41.24,41.59,16947.6,703357.811,1
BYBIT,LTCUSDT,60,1780866000000,41.59,41.62,41.23,41.54,25452.1,1054685.938,1
BYBIT,LTCUSDT,60,1780869600000,41.54,43.42,41.49,42.72,201196.2,8615544.204,1
BYBIT,LTCUSDT,60,1780873200000,42.72,43.12,42.63,42.8,45604.2,1953656.41,1
BYBIT,LTCUSDT,60,1780876800000,42.8,43.13,42.66,42.98,52470.7,2249670.161,1
BYBIT,LTCUSDT,60,1780880400000,42.98,43.03,42.01,42.35,56067.1,2374635.89,1
BYBIT,LTCUSDT,60,1780884000000,42.35,42.54,42.26,42.39,22794.6,966386.792,1
BYBIT,LTCUSDT,60,1780887600000,42.39,42.69,42.32,42.49,16655.8,707765.261,1
BYBIT,LTCUSDT,60,1780891200000,42.49,42.55,42.07,42.13,13558.9,573036.064,1
BYBIT,LTCUSDT,60,1780894800000,42.13,42.33,42.06,42.32,16975.1,716414.834,1
BYBIT,LTCUSDT,60,1780898400000,42.32,42.73,42.32,42.54,19357.4,823269.434,1
BYBIT,LTCUSDT,60,1780902000000,42.54,42.88,42.43,42.81,19072.4,814784.91,1
BYBIT,LTCUSDT,60,1780905600000,42.81,42.82,42.41,42.51,22656.7,965879.265,1
BYBIT,LTCUSDT,60,1780909200000,42.51,43.02,42.49,42.99,33180.5,1421013.278,1
BYBIT,LTCUSDT,60,1780912800000,42.99,43.09,42.81,42.86,19104.0,820045.055,1
BYBIT,LTCUSDT,60,1780916400000,42.86,43.29,42.68,43.12,28143.2,1210937.861,1
BYBIT,LTCUSDT,60,1780920000000,43.12,43.38,42.77,43.31,42059.8,1811734.688,1
BYBIT,LTCUSDT,60,1780923600000,43.31,43.4,42.89,42.93,35414.3,1528384.696,1
BYBIT,LTCUSDT,60,1780927200000,42.93,43.28,42.84,43.22,29090.7,1253246.986,1
BYBIT,LTCUSDT,60,1780930800000,43.22,43.51,43.05,43.1,30629.6,1326323.395,1
BYBIT,LTCUSDT,60,1780934400000,43.1,43.32,42.98,42.99,28500.5,1229144.966,1
BYBIT,LTCUSDT,60,1780938000000,42.99,43.32,42.86,43.3,22839.2,984380.79,1
BYBIT,LTCUSDT,60,1780941600000,43.3,43.42,43.25,43.3,8775.0,380393.0,1
BYBIT,LTCUSDT,60,1780945200000,43.3,43.54,43.26,43.37,27358.7,1187705.662,1
BYBIT,LTCUSDT,60,1780948800000,43.37,43.41,43.08,43.31,25115.8,1085939.923,1
BYBIT,LTCUSDT,60,1780952400000,43.31,43.8,43.31,43.56,31142.1,1357874.048,1
BYBIT,LTCUSDT,60,1780956000000,43.56,43.56,43.23,43.35,16244.8,705052.401,1
BYBIT,LTCUSDT,60,1780959600000,43.35,43.43,42.96,42.99,20564.0,887749.701,1
BYBIT,LTCUSDT,60,1780963200000,42.99,43.12,42.16,42.3,121855.4,5180691.925,1
BYBIT,LTCUSDT,60,1780966800000,42.3,42.53,42.27,42.47,27728.1,1176148.248,1
BYBIT,LTCUSDT,60,1780970400000,42.47,42.6,42.26,42.58,14023.7,595079.111,1
BYBIT,LTCUSDT,60,1780974000000,42.58,42.63,42.39,42.49,15057.8,639898.963,1
BYBIT,LTCUSDT,60,1780977600000,42.49,43.0,42.41,42.81,31546.6,1349058.803,1
BYBIT,LTCUSDT,60,1780981200000,42.81,43.04,42.71,42.89,10350.6,443853.074,1
BYBIT,LTCUSDT,60,1780984800000,42.89,43.03,42.84,42.88,9475.2,406802.176,1
BYBIT,LTCUSDT,60,1780988400000,42.88,43.01,42.68,42.85,14741.7,631505.069,1
BYBIT,LTCUSDT,60,1780992000000,42.85,42.88,42.59,42.68,16632.3,710447.63,1
BYBIT,LTCUSDT,60,1780995600000,42.68,42.78,42.38,42.41,13195.1,561311.723,1
BYBIT,LTCUSDT,60,1780999200000,42.41,42.54,42.3,42.43,35162.2,1490830.984,1
BYBIT,LTCUSDT,60,1781002800000,42.43,42.48,42.23,42.46,14431.0,611153.38,1
BYBIT,LTCUSDT,60,1781006400000,42.46,42.7,42.45,42.66,19234.4,818554.368,1
BYBIT,LTCUSDT,60,1781010000000,42.66,42.79,42.39,42.61,26893.7,1144864.37,1
BYBIT,LTCUSDT,60,1781013600000,42.61,42.72,42.01,42.37,82947.2,3507340.406,1
BYBIT,LTCUSDT,60,1781017200000,42.37,42.55,41.94,41.96,57890.8,2446547.891,1
BYBIT,LTCUSDT,60,1781020800000,41.96,42.37,41.79,42.27,67433.4,2833787.017,1
BYBIT,LTCUSDT,60,1781024400000,42.27,42.94,42.26,42.73,41945.5,1789567.102,1
BYBIT,LTCUSDT,60,1781028000000,42.73,43.25,42.68,43.07,24267.1,1043414.866,1
BYBIT,LTCUSDT,60,1781031600000,43.07,43.48,43.0,43.37,56087.0,2427798.373,1
BYBIT,LTCUSDT,60,1781035200000,43.37,43.46,43.24,43.42,22308.3,967000.272,1
BYBIT,LTCUSDT,60,1781038800000,43.42,43.51,43.17,43.22,26788.5,1160523.907,1
BYBIT,LTCUSDT,60,1781042400000,43.22,43.25,42.95,42.97,19305.9,831581.129,1
BYBIT,LTCUSDT,60,1781046000000,42.97,43.08,42.85,42.98,14719.1,632502.416,1
BYBIT,LTCUSDT,60,1781049600000,42.98,43.19,42.79,43.16,23526.4,1012110.374,1
BYBIT,LTCUSDT,60,1781053200000,43.16,43.21,42.85,42.86,11080.3,476998.936,1
BYBIT,LTCUSDT,60,1781056800000,42.86,42.93,42.4,42.54,11298.6,481804.169,1
BYBIT,LTCUSDT,60,1781060400000,42.54,42.69,42.46,42.63,10185.7,433718.425,1
BYBIT,LTCUSDT,60,1781064000000,42.63,42.73,42.31,42.35,11247.7,478250.234,1
BYBIT,LTCUSDT,60,1781067600000,42.35,42.51,42.25,42.47,8252.1,349702.686,1
BYBIT,LTCUSDT,60,1781071200000,42.47,42.53,42.26,42.37,9514.2,403491.345,1
BYBIT,LTCUSDT,60,1781074800000,42.37,42.69,42.35,42.54,19894.0,845687.281,1
BYBIT,LTCUSDT,60,1781078400000,42.54,42.55,42.19,42.29,12990.9,550546.865,1
BYBIT,LTCUSDT,60,1781082000000,42.29,42.4,42.02,42.26,44033.1,1856759.945,1
BYBIT,LTCUSDT,60,1781085600000,42.26,42.29,42.02,42.18,19452.8,820091.783,1
BYBIT,LTCUSDT,60,1781089200000,42.18,42.2,41.84,42.05,77164.7,3242114.56,1
BYBIT,LTCUSDT,60,1781092800000,42.05,42.76,41.96,42.52,72054.5,3056951.267,1
BYBIT,LTCUSDT,60,1781096400000,42.52,43.07,42.46,42.73,42265.6,1807004.514,1
BYBIT,LTCUSDT,60,1781100000000,42.73,42.87,42.35,42.53,29619.7,1261434.598,1
BYBIT,LTCUSDT,60,1781103600000,42.53,42.94,42.3,42.81,39447.9,1681759.429,1
BYBIT,LTCUSDT,60,1781107200000,42.81,42.81,42.25,42.37,31342.2,1333144.578,1
BYBIT,LTCUSDT,60,1781110800000,42.37,42.47,41.73,41.91,66106.5,2770620.144,1
BYBIT,LTCUSDT,60,1781114400000,41.91,42.01,41.65,41.93,53782.7,2247704.531,1
BYBIT,LTCUSDT,60,1781118000000,41.93,41.96,41.5,41.6,37761.2,1573282.349,1
BYBIT,LTCUSDT,60,1781121600000,41.6,41.78,41.45,41.65,32043.6,1334703.094,1
BYBIT,LTCUSDT,60,1781125200000,41.65,41.66,41.21,41.36,33789.4,1400100.234,1
BYBIT,LTCUSDT,60,1781128800000,41.36,41.7,41.27,41.48,24149.3,1002055.644,1
BYBIT,LTCUSDT,60,1781132400000,41.48,41.77,41.33,41.7,19307.9,802875.827,1
BYBIT,LTCUSDT,60,1781136000000,41.7,41.98,41.69,41.86,14831.5,621112.14,1
BYBIT,LTCUSDT,60,1781139600000,41.86,42.35,41.86,42.26,16280.6,685558.776,1
BYBIT,LTCUSDT,60,1781143200000,42.26,42.31,42.02,42.22,10011.1,422026.762,1
BYBIT,LTCUSDT,60,1781146800000,42.22,42.87,42.1,42.76,46543.4,1982769.63,1
BYBIT,LTCUSDT,60,1781150400000,42.76,42.84,42.61,42.75,18493.5,790103.218,1
BYBIT,LTCUSDT,60,1781154000000,42.75,42.75,42.57,42.58,5917.8,252399.556,1
BYBIT,LTCUSDT,60,1781157600000,42.58,42.75,42.47,42.53,8304.5,353799.044,1
BYBIT,LTCUSDT,60,1781161200000,42.53,42.61,42.44,42.52,6786.7,288407.203,1
BYBIT,LTCUSDT,60,1781164800000,42.52,42.78,42.51,42.66,9377.5,400147.759,1
BYBIT,LTCUSDT,60,1781168400000,42.66,42.66,42.41,42.5,16133.9,685483.542,1
BYBIT,LTCUSDT,60,1781172000000,42.5,42.62,42.4,42.61,17390.4,739488.538,1
BYBIT,LTCUSDT,60,1781175600000,42.61,42.71,42.49,42.61,19533.3,831684.108,1
BYBIT,LTCUSDT,60,1781179200000,42.61,42.62,42.25,42.52,33051.7,1402901.023,1
BYBIT,LTCUSDT,60,1781182800000,42.52,42.68,42.34,42.53,18220.5,774408.061,1
BYBIT,LTCUSDT,60,1781186400000,42.53,42.58,42.29,42.34,15609.1,662275.025,1
BYBIT,LTCUSDT,60,1781190000000,42.34,42.41,41.9,42.07,31988.1,1346805.874,1
BYBIT,LTCUSDT,60,1781193600000,42.07,42.3,41.99,42.11,23168.1,975689.875,1
BYBIT,LTCUSDT,60,1781197200000,42.11,42.91,41.96,42.78,77123.6,3277539.223,1
BYBIT,LTCUSDT,60,1781200800000,42.78,42.86,42.5,42.63,19192.1,818103.618,1
BYBIT,LTCUSDT,60,1781204400000,42.63,42.82,42.47,42.59,14581.4,621444.849,1
BYBIT,LTCUSDT,60,1781208000000,42.59,42.64,42.33,42.41,13008.3,552148.275,1
BYBIT,LTCUSDT,60,1781211600000,42.41,42.68,42.38,42.58,13516.8,575168.619,1
BYBIT,LTCUSDT,60,1781215200000,42.58,42.77,42.52,42.62,10372.1,442082.342,1
BYBIT,LTCUSDT,60,1781218800000,42.62,42.7,42.42,42.44,14662.7,624112.449,1
BYBIT,LTCUSDT,60,1781222400000,42.44,42.69,42.41,42.47,18274.1,777655.793,1
BYBIT,LTCUSDT,60,1781226000000,42.47,42.57,42.37,42.53,7579.9,321822.264,1
BYBIT,LTCUSDT,60,1781229600000,42.53,42.73,42.5,42.53,11181.3,476452.187,1
BYBIT,LTCUSDT,60,1781233200000,42.53,42.66,42.4,42.64,17980.4,764531.97,1
BYBIT,LTCUSDT,60,1781236800000,42.64,42.75,42.57,42.69,11926.2,508841.743,1
BYBIT,LTCUSDT,60,1781240400000,42.69,42.69,42.48,42.55,9761.3,415781.394,1
BYBIT,LTCUSDT,60,1781244000000,42.55,42.59,42.13,42.29,16836.6,713030.154,1
BYBIT,LTCUSDT,60,1781247600000,42.29,42.61,42.29,42.55,11973.9,508250.241,1
BYBIT,LTCUSDT,60,1781251200000,42.55,42.82,42.55,42.78,11251.3,480555.944,1
BYBIT,LTCUSDT,60,1781254800000,42.78,43.18,42.77,43.09,15482.1,665205.636,1
BYBIT,LTCUSDT,60,1781258400000,43.09,43.13,42.86,42.93,7746.2,332994.414,1
BYBIT,LTCUSDT,60,1781262000000,42.93,43.12,42.92,43.0,8640.3,371693.659,1
BYBIT,LTCUSDT,60,1781265600000,43.0,43.05,42.8,43.05,28567.3,1226128.691,1
BYBIT,LTCUSDT,60,1781269200000,43.05,43.07,42.67,42.79,24431.3,1047247.404,1
BYBIT,LTCUSDT,60,1781272800000,42.79,43.44,42.74,43.38,30662.7,1321719.34,1
BYBIT,LTCUSDT,60,1781276400000,43.38,43.52,42.74,42.81,40704.7,1759435.82,1
BYBIT,LTCUSDT,60,1781280000000,42.81,43.21,42.69,43.21,30852.5,1326067.502,1
BYBIT,LTCUSDT,60,1781283600000,43.21,43.23,42.97,42.99,15707.0,676983.163,1
BYBIT,LTCUSDT,60,1781287200000,42.99,43.07,42.8,42.89,16128.5,692744.46,1
BYBIT,LTCUSDT,60,1781290800000,42.89,43.18,42.89,42.95,12458.8,536146.969,1
BYBIT,LTCUSDT,60,1781294400000,42.95,43.03,42.82,42.88,11595.8,497723.522,1
BYBIT,LTCUSDT,60,1781298000000,42.88,43.05,42.83,42.9,11509.8,494623.174,1
BYBIT,LTCUSDT,60,1781301600000,42.9,43.04,42.88,42.95,6476.2,278150.177,1
BYBIT,LTCUSDT,60,1781305200000,42.95,43.07,42.87,43.05,5203.1,223629.677,1
BYBIT,LTCUSDT,60,1781308800000,43.05,43.36,42.94,43.28,16176.4,697569.982,1
BYBIT,LTCUSDT,60,1781312400000,43.28,43.53,43.26,43.43,13532.2,587088.307,1
BYBIT,LTCUSDT,60,1781316000000,43.43,43.45,43.17,43.24,9573.6,414535.892,1
BYBIT,LTCUSDT,60,1781319600000,43.24,43.38,43.16,43.35,10757.8,465548.208,1
BYBIT,LTCUSDT,60,1781323200000,43.35,43.39,43.2,43.21,8253.6,357380.392,1
BYBIT,LTCUSDT,60,1781326800000,43.21,43.28,43.01,43.15,13491.8,582177.944,1
BYBIT,LTCUSDT,60,1781330400000,43.15,43.33,43.12,43.3,7191.1,310928.073,1
BYBIT,LTCUSDT,60,1781334000000,43.3,43.54,43.22,43.47,18039.0,783225.183,1
BYBIT,LTCUSDT,60,1781337600000,43.47,43.83,43.39,43.63,17338.2,756800.416,1
BYBIT,LTCUSDT,60,1781341200000,43.63,43.74,43.54,43.55,12807.3,559063.049,1
BYBIT,LTCUSDT,60,1781344800000,43.55,43.75,43.55,43.73,8342.0,364489.977,1
BYBIT,LTCUSDT,60,1781348400000,43.73,43.9,43.73,43.75,6454.9,282855.459,1
BYBIT,LTCUSDT,60,1781352000000,43.75,43.97,43.74,43.92,13077.7,573667.912,1
BYBIT,LTCUSDT,60,1781355600000,43.92,44.01,43.78,43.86,16702.6,733350.042,1
BYBIT,LTCUSDT,60,1781359200000,43.86,43.94,43.78,43.86,7383.1,323861.057,1
BYBIT,LTCUSDT,60,1781362800000,43.86,44.09,43.84,44.02,11337.2,498481.799,1
BYBIT,LTCUSDT,60,1781366400000,44.02,44.03,43.65,43.8,13932.2,609933.694,1
BYBIT,LTCUSDT,60,1781370000000,43.8,43.84,43.52,43.6,8014.0,349949.229,1
BYBIT,LTCUSDT,60,1781373600000,43.6,43.75,43.58,43.66,7388.1,322465.523,1
BYBIT,LTCUSDT,60,1781377200000,43.66,43.82,43.63,43.76,9142.3,399610.479,1
BYBIT,LTCUSDT,60,1781380800000,43.76,43.97,43.68,43.86,43983.3,1928367.973,1
BYBIT,LTCUSDT,60,1781384400000,43.86,44.37,43.86,44.22,28458.9,1254750.254,1
BYBIT,LTCUSDT,60,1781388000000,44.22,44.33,44.13,44.3,12379.4,547476.67,1
BYBIT,LTCUSDT,60,1781391600000,44.3,44.36,44.22,44.31,7935.8,351554.745,1
BYBIT,LTCUSDT,60,1781395200000,44.31,44.52,44.25,44.4,16232.6,720450.515,1
BYBIT,LTCUSDT,60,1781398800000,44.4,44.64,44.31,44.38,14995.9,666839.933,1
BYBIT,LTCUSDT,60,1781402400000,44.38,44.49,44.22,44.34,21044.8,932844.659,1
BYBIT,LTCUSDT,60,1781406000000,44.34,44.47,44.23,44.42,14430.2,639848.141,1
BYBIT,LTCUSDT,60,1781409600000,44.42,44.45,44.04,44.13,17016.4,752484.099,1
BYBIT,LTCUSDT,60,1781413200000,44.13,44.17,43.96,44.11,10942.3,482256.772,1
BYBIT,LTCUSDT,60,1781416800000,44.11,44.25,44.08,44.1,7144.3,315539.806,1
BYBIT,LTCUSDT,60,1781420400000,44.1,44.11,43.86,44.03,36796.3,1618234.559,1
BYBIT,LTCUSDT,60,1781424000000,44.03,44.17,43.98,44.12,12376.2,545856.056,1
BYBIT,LTCUSDT,60,1781427600000,44.12,44.27,44.0,44.22,12088.6,533439.348,1
BYBIT,LTCUSDT,60,1781431200000,44.22,44.28,44.0,44.03,26454.4,1167915.02,1
BYBIT,LTCUSDT,60,1781434800000,44.03,44.13,43.9,44.04,15418.3,678228.073,1
BYBIT,LTCUSDT,60,1781438400000,44.04,44.08,43.86,43.95,12102.0,532217.286,1
BYBIT,LTCUSDT,60,1781442000000,43.95,43.99,43.77,43.94,14525.9,637455.992,1
BYBIT,LTCUSDT,60,1781445600000,43.94,44.03,43.7,43.9,14221.9,623497.871,1
BYBIT,LTCUSDT,60,1781449200000,43.9,44.06,43.89,44.01,9069.9,398943.781,1
BYBIT,LTCUSDT,60,1781452800000,44.01,44.23,43.99,44.03,11061.4,487970.994,1
BYBIT,LTCUSDT,60,1781456400000,44.03,44.18,43.86,43.92,8838.8,389386.401,1
BYBIT,LTCUSDT,60,1781460000000,43.92,44.04,43.89,44.04,10272.2,451672.18,1
BYBIT,LTCUSDT,60,1781463600000,44.04,44.22,44.02,44.17,7721.9,340617.139,1
BYBIT,LTCUSDT,60,1781467200000,44.17,44.46,44.14,44.41,17023.0,755091.484,1
BYBIT,LTCUSDT,60,1781470800000,44.41,44.98,44.33,44.83,41308.6,1846567.435,1
BYBIT,LTCUSDT,60,1781474400000,44.83,45.13,44.74,45.1,35141.0,1579114.512,1
BYBIT,LTCUSDT,60,1781478000000,45.1,45.42,45.05,45.36,15596.7,705022.492,1
BYBIT,LTCUSDT,60,1781481600000,45.36,45.43,45.03,45.23,29318.1,1326166.181,1
BYBIT,LTCUSDT,60,1781485200000,45.23,45.29,44.96,45.09,21613.4,974881.294,1
BYBIT,LTCUSDT,60,1781488800000,45.09,45.36,45.02,45.23,19213.5,869408.67,1
BYBIT,LTCUSDT,60,1781492400000,45.23,45.36,45.19,45.29,11880.8,538009.748,1
BYBIT,LTCUSDT,60,1781496000000,45.29,45.29,45.05,45.07,12300.2,555519.052,1
BYBIT,LTCUSDT,60,1781499600000,45.07,45.54,45.04,45.5,18270.8,828597.044,1
BYBIT,LTCUSDT,60,1781503200000,45.5,45.52,45.25,45.28,26122.6,1185333.666,1
BYBIT,LTCUSDT,60,1781506800000,45.28,45.28,45.04,45.06,23199.0,1047413.283,1
BYBIT,LTCUSDT,60,1781510400000,45.06,45.22,45.02,45.13,8335.8,376418.334,1
BYBIT,LTCUSDT,60,1781514000000,45.13,45.17,44.73,44.91,33197.8,1492818.604,1
BYBIT,LTCUSDT,60,1781517600000,44.91,46.13,44.83,45.64,155861.0,7106494.035,1
BYBIT,LTCUSDT,60,1781521200000,45.64,46.02,45.41,45.76,53523.5,2448147.487,1
BYBIT,LTCUSDT,60,1781524800000,45.76,45.97,45.59,45.84,35481.7,1623296.696,1
BYBIT,LTCUSDT,60,1781528400000,45.84,46.28,45.78,46.08,55914.1,2577379.937,1
BYBIT,LTCUSDT,60,1781532000000,46.08,46.08,45.65,45.77,49651.4,2278364.795,1
BYBIT,LTCUSDT,60,1781535600000,45.77,46.1,45.34,46.05,46004.1,2099824.961,1
BYBIT,LTCUSDT,60,1781539200000,46.05,46.24,45.93,46.1,38580.1,1777686.198,1
BYBIT,LTCUSDT,60,1781542800000,46.1,46.1,45.69,45.95,39192.9,1799587.83,1
BYBIT,LTCUSDT,60,1781546400000,45.95,45.97,45.67,45.76,32263.3,1478196.125,1
BYBIT,LTCUSDT,60,1781550000000,45.76,45.83,45.38,45.62,30221.8,1377173.606,1
BYBIT,LTCUSDT,60,1781553600000,45.62,45.76,45.53,45.62,12966.5,591969.638,1
BYBIT,LTCUSDT,60,1781557200000,45.62,45.81,45.6,45.73,13114.9,599689.662,1
BYBIT,LTCUSDT,60,1781560800000,45.73,45.79,45.42,45.63,11953.3,545320.144,1
BYBIT,LTCUSDT,60,1781564400000,45.63,45.84,45.59,45.71,10760.7,492066.267,1
BYBIT,LTCUSDT,60,1781568000000,45.71,45.86,45.59,45.63,16021.5,732672.347,1
BYBIT,LTCUSDT,60,1781571600000,45.63,45.96,45.62,45.78,9212.0,421806.589,1
BYBIT,LTCUSDT,60,1781575200000,45.78,45.87,45.27,45.49,29543.7,1343375.49,1
BYBIT,LTCUSDT,60,1781578800000,45.49,45.89,45.44,45.82,13279.2,606713.619,1
BYBIT,LTCUSDT,60,1781582400000,45.82,45.83,45.35,45.44,16738.4,762546.584,1
BYBIT,LTCUSDT,60,1781586000000,45.44,45.62,45.44,45.51,15006.6,683452.517,1
BYBIT,LTCUSDT,60,1781589600000,45.51,45.65,45.44,45.6,9761.0,444441.966,1
BYBIT,LTCUSDT,60,1781593200000,45.6,45.8,45.47,45.77,15599.9,712074.834,1
BYBIT,LTCUSDT,60,1781596800000,45.77,46.31,45.74,46.24,15487.9,712877.695,1
BYBIT,LTCUSDT,60,1781600400000,46.24,46.34,45.52,45.54,50913.2,2336668.825,1
BYBIT,LTCUSDT,60,1781604000000,45.54,45.68,45.48,45.5,13149.2,599396.249,1
BYBIT,LTCUSDT,60,1781607600000,45.5,45.61,45.32,45.5,14921.4,677953.225,1
BYBIT,LTCUSDT,60,1781611200000,45.5,45.73,45.42,45.56,19401.5,884396.265,1
BYBIT,LTCUSDT,60,1781614800000,45.56,45.59,45.05,45.06,28505.1,1289098.864,1
BYBIT,LTCUSDT,60,1781618400000,45.06,45.2,44.39,44.77,64811.4,2900793.162,1
BYBIT,LTCUSDT,60,1781622000000,44.77,44.99,44.69,44.89,29064.9,1302819.086,1
BYBIT,LTCUSDT,60,1781625600000,44.89,45.07,44.84,44.96,16101.9,723895.007,1
BYBIT,LTCUSDT,60,1781629200000,44.96,45.49,44.94,45.42,20106.1,907448.17,1
BYBIT,LTCUSDT,60,1781632800000,45.42,45.78,45.41,45.62,19553.8,891535.753,1
BYBIT,LTCUSDT,60,1781636400000,45.62,45.62,45.23,45.44,21735.0,986656.247,1
BYBIT,LTCUSDT,60,1781640000000,45.44,45.72,45.35,45.66,11136.8,507399.183,1
BYBIT,LTCUSDT,60,1781643600000,45.66,45.86,45.62,45.79,18839.2,862407.749,1
BYBIT,LTCUSDT,60,1781647200000,45.79,46.05,45.71,45.86,9793.6,449190.393,1
BYBIT,LTCUSDT,60,1781650800000,45.86,45.94,45.59,45.67,6704.3,306704.74,1
BYBIT,LTCUSDT,60,1781654400000,45.67,45.93,45.62,45.65,13393.4,612642.157,1
BYBIT,LTCUSDT,60,1781658000000,45.65,45.81,45.39,45.75,16288.0,742481.941,1
BYBIT,LTCUSDT,60,1781661600000,45.75,45.95,45.62,45.71,7533.8,344770.737,1
BYBIT,LTCUSDT,60,1781665200000,45.71,45.73,45.51,45.64,3876.6,176819.514,1
BYBIT,LTCUSDT,60,1781668800000,45.64,45.88,45.54,45.69,4869.5,222479.124,1
BYBIT,LTCUSDT,60,1781672400000,45.69,45.76,45.51,45.61,5677.8,259064.759,1
BYBIT,LTCUSDT,60,1781676000000,45.61,45.76,45.42,45.55,3981.8,181418.068,1
BYBIT,LTCUSDT,60,1781679600000,45.55,45.72,45.38,45.51,15096.3,687467.252,1
BYBIT,LTCUSDT,60,1781683200000,45.51,45.58,45.24,45.34,27276.9,1238144.521,1
BYBIT,LTCUSDT,60,1781686800000,45.34,45.4,45.17,45.32,10760.5,487389.548,1
BYBIT,LTCUSDT,60,1781690400000,45.32,45.37,45.08,45.12,9456.9,427234.939,1
BYBIT,LTCUSDT,60,1781694000000,45.12,45.17,44.86,45.05,22310.5,1004175.211,1
BYBIT,LTCUSDT,60,1781697600000,45.05,45.31,44.85,45.31,23347.4,1051040.924,1
BYBIT,LTCUSDT,60,1781701200000,45.31,45.44,45.01,45.22,17320.1,783167.304,1
BYBIT,LTCUSDT,60,1781704800000,45.22,45.4,44.86,45.11,27851.4,1255651.189,1
BYBIT,LTCUSDT,60,1781708400000,45.11,45.7,45.08,45.65,17755.7,807495.446,1
BYBIT,LTCUSDT,60,1781712000000,45.65,45.9,45.51,45.53,16706.5,763462.89,1
BYBIT,LTCUSDT,60,1781715600000,45.53,45.78,45.4,45.78,12943.2,589853.3,1
BYBIT,LTCUSDT,60,1781719200000,45.78,45.8,44.91,45.54,90177.8,4091524.821,1
BYBIT,LTCUSDT,60,1781722800000,45.54,45.63,44.56,44.78,62771.0,2815191.34,1
BYBIT,LTCUSDT,60,1781726400000,44.78,45.04,44.66,45.02,13915.0,624196.332,1
BYBIT,LTCUSDT,60,1781730000000,45.02,45.02,44.68,44.73,9125.5,409483.202,1
BYBIT,LTCUSDT,60,1781733600000,44.73,44.9,44.35,44.79,15159.9,676311.648,1
BYBIT,LTCUSDT,60,1781737200000,44.79,45.02,44.66,44.89,23117.7,1036163.372,1
BYBIT,LTCUSDT,60,1781740800000,44.89,44.92,44.74,44.77,14813.8,664395.077,1
BYBIT,LTCUSDT,60,1781744400000,44.77,44.99,44.76,44.9,9452.0,424498.378,1
BYBIT,LTCUSDT,60,1781748000000,44.9,45.01,44.83,44.85,12236.3,549597.136,1
BYBIT,LTCUSDT,60,1781751600000,44.85,44.87,44.4,44.45,16206.1,722257.296,1
BYBIT,LTCUSDT,60,1781755200000,44.45,44.47,44.12,44.24,16402.7,725928.238,1
BYBIT,LTCUSDT,60,1781758800000,44.24,44.29,44.06,44.29,9663.9,426852.194,1
BYBIT,LTCUSDT,60,1781762400000,44.29,44.43,44.17,44.39,11228.5,497589.295,1
BYBIT,LTCUSDT,60,1781766000000,44.39,44.57,44.27,44.48,9354.6,415563.102,1
BYBIT,LTCUSDT,60,1781769600000,44.48,44.56,44.4,44.42,9493.0,422225.238,1
BYBIT,LTCUSDT,60,1781773200000,44.42,44.46,44.21,44.26,18647.2,826324.216,1
BYBIT,LTCUSDT,60,1781776800000,44.26,44.26,44.07,44.14,8765.6,386927.547,1
BYBIT,LTCUSDT,60,1781780400000,44.14,44.2,43.92,43.98,22251.3,979011.221,1
BYBIT,LTCUSDT,60,1781784000000,43.98,44.15,43.95,44.09,16117.0,710047.844,1
BYBIT,LTCUSDT,60,1781787600000,44.09,44.22,43.85,44.01,66222.0,2907291.246,1
BYBIT,LTCUSDT,60,1781791200000,44.01,44.26,43.87,43.98,32794.4,1445122.802,1
BYBIT,LTCUSDT,60,1781794800000,43.98,43.98,42.97,43.07,132594.4,5763964.372,1
BYBIT,LTCUSDT,60,1781798400000,43.07,43.36,43.04,43.34,23229.9,1003963.52,1
BYBIT,LTCUSDT,60,1781802000000,43.34,43.36,43.04,43.22,27881.3,1205012.475,1
BYBIT,LTCUSDT,60,1781805600000,43.22,43.4,43.16,43.24,10707.9,463477.873,1
BYBIT,LTCUSDT,60,1781809200000,43.24,43.54,43.14,43.49,11341.7,491660.455,1
BYBIT,LTCUSDT,60,1781812800000,43.49,43.7,43.49,43.67,12111.6,528318.341,1
BYBIT,LTCUSDT,60,1781816400000,43.67,43.72,43.55,43.72,13935.8,608080.338,1
BYBIT,LTCUSDT,60,1781820000000,43.72,43.81,43.61,43.8,4065.2,177681.862,1
BYBIT,LTCUSDT,60,1781823600000,43.8,43.86,43.67,43.83,5998.8,262567.193,1
BYBIT,LTCUSDT,60,1781827200000,43.83,43.91,43.76,43.82,11659.8,511089.895,1
BYBIT,LTCUSDT,60,1781830800000,43.82,43.94,43.7,43.94,7404.8,324534.727,1
BYBIT,LTCUSDT,60,1781834400000,43.94,44.01,43.75,43.81,10049.3,440466.539,1
BYBIT,LTCUSDT,60,1781838000000,43.81,43.88,43.37,43.55,32997.4,1437373.37,1
BYBIT,LTCUSDT,60,1781841600000,43.55,43.65,43.15,43.24,12879.1,558384.654,1
BYBIT,LTCUSDT,60,1781845200000,43.24,43.52,43.23,43.47,7158.5,310803.624,1
BYBIT,LTCUSDT,60,1781848800000,43.47,43.55,43.32,43.52,21208.6,921271.082,1
BYBIT,LTCUSDT,60,1781852400000,43.52,43.54,43.25,43.41,19159.6,831411.244,1
BYBIT,LTCUSDT,60,1781856000000,43.41,43.53,43.33,43.46,9731.0,422451.137,1
BYBIT,LTCUSDT,60,1781859600000,43.46,43.48,43.23,43.39,8280.7,359108.186,1
BYBIT,LTCUSDT,60,1781863200000,43.39,43.48,43.3,43.42,9175.6,397945.215,1
BYBIT,LTCUSDT,60,1781866800000,43.42,43.57,43.34,43.46,7697.1,334544.367,1
BYBIT,LTCUSDT,60,1781870400000,43.46,43.71,43.31,43.71,12581.9,546990.304,1
BYBIT,LTCUSDT,60,1781874000000,43.71,44.06,43.6,44.0,16201.1,710187.394,1
BYBIT,LTCUSDT,60,1781877600000,44.0,44.21,43.9,44.07,10368.0,457022.62,1
BYBIT,LTCUSDT,60,1781881200000,44.07,44.44,44.03,44.42,13918.2,615916.171,1
BYBIT,LTCUSDT,60,1781884800000,44.42,44.56,44.21,44.27,21516.0,955399.224,1
BYBIT,LTCUSDT,60,1781888400000,44.27,44.42,44.09,44.12,20901.6,924178.251,1
BYBIT,LTCUSDT,60,1781892000000,44.12,44.17,43.98,44.15,8912.6,392721.269,1
BYBIT,LTCUSDT,60,1781895600000,44.15,44.19,43.84,43.9,11344.3,498625.166,1
BYBIT,LTCUSDT,60,1781899200000,43.9,44.07,43.82,44.07,6821.0,299659.834,1
BYBIT,LTCUSDT,60,1781902800000,44.07,44.12,43.76,43.78,11678.5,513630.804,1
BYBIT,LTCUSDT,60,1781906400000,43.78,43.86,43.71,43.81,8584.4,375871.976,1
BYBIT,LTCUSDT,60,1781910000000,43.81,44.14,43.75,44.02,10080.1,442938.093,1
BYBIT,LTCUSDT,60,1781913600000,44.02,44.14,43.89,43.89,11272.3,496078.818,1
BYBIT,LTCUSDT,60,1781917200000,43.89,44.02,43.86,43.93,4175.2,183385.43,1
BYBIT,LTCUSDT,60,1781920800000,43.93,43.93,43.78,43.86,3198.7,140267.774,1
BYBIT,LTCUSDT,60,1781924400000,43.86,43.95,43.82,43.88,3872.9,170016.313,1
BYBIT,LTCUSDT,60,1781928000000,43.88,44.02,43.84,43.96,5422.6,238133.589,1
BYBIT,LTCUSDT,60,1781931600000,43.96,44.3,43.96,44.16,12040.1,531534.369,1
BYBIT,LTCUSDT,60,1781935200000,44.16,44.35,44.15,44.34,6012.7,266111.436,1
BYBIT,LTCUSDT,60,1781938800000,44.34,44.34,44.08,44.11,10180.2,449922.242,1
BYBIT,LTCUSDT,60,1781942400000,44.11,44.14,44.01,44.09,6382.1,281214.13,1
BYBIT,LTCUSDT,60,1781946000000,44.09,44.28,44.09,44.26,3265.6,144311.835,1
BYBIT,LTCUSDT,60,1781949600000,44.26,44.29,44.14,44.25,3149.0,139233.043,1
BYBIT,LTCUSDT,60,1781953200000,44.25,44.29,44.11,44.22,8313.0,367382.441,1
BYBIT,LTCUSDT,60,1781956800000,44.22,44.29,44.18,44.26,4802.4,212464.534,1
BYBIT,LTCUSDT,60,1781960400000,44.26,44.26,43.97,44.06,12472.3,549750.267,1
BYBIT,LTCUSDT,60,1781964000000,44.06,44.34,43.75,44.14,24308.1,1071066.694,1
BYBIT,LTCUSDT,60,1781967600000,44.14,44.41,44.08,44.28,14989.8,663395.365,1
BYBIT,LTCUSDT,60,1781971200000,44.28,44.37,44.11,44.28,6082.7,269120.138,1
BYBIT,LTCUSDT,60,1781974800000,44.28,44.29,43.86,43.99,7291.6,320986.131,1
BYBIT,LTCUSDT,60,1781978400000,43.99,44.17,43.98,44.07,3504.0,154431.605,1
BYBIT,LTCUSDT,60,1781982000000,44.07,44.24,44.06,44.11,3977.1,175581.192,1
BYBIT,LTCUSDT,60,1781985600000,44.11,44.15,44.03,44.14,6274.9,276724.555,1
BYBIT,LTCUSDT,60,1781989200000,44.14,44.37,44.12,44.32,8896.3,394154.728,1
BYBIT,LTCUSDT,60,1781992800000,44.32,44.6,44.27,44.49,12029.1,534608.87,1
BYBIT,LTCUSDT,60,1781996400000,44.49,44.61,44.4,44.51,32498.6,1447456.175,1
BYBIT,LTCUSDT,60,1782000000000,44.51,44.56,44.44,44.54,14385.8,640195.415,1
BYBIT,LTCUSDT,60,1782003600000,44.54,44.59,44.41,44.56,4146.6,184519.481,1
BYBIT,LTCUSDT,60,1782007200000,44.56,44.58,44.46,44.51,4772.0,212392.705,1
BYBIT,LTCUSDT,60,1782010800000,44.51,44.58,44.45,44.49,4963.3,220963.853,1
BYBIT,LTCUSDT,60,1782014400000,44.49,44.73,44.44,44.46,7336.8,327365.641,1
BYBIT,LTCUSDT,60,1782018000000,44.46,44.49,44.36,44.46,12799.4,568533.278,1
BYBIT,LTCUSDT,60,1782021600000,44.46,44.81,44.45,44.72,15676.6,700107.831,1
BYBIT,LTCUSDT,60,1782025200000,44.72,44.9,44.64,44.79,9146.2,409414.397,1
BYBIT,LTCUSDT,60,1782028800000,44.79,44.88,44.64,44.79,16611.4,743712.656,1
BYBIT,LTCUSDT,60,1782032400000,44.79,44.95,44.75,44.94,9337.2,418738.102,1
BYBIT,LTCUSDT,60,1782036000000,44.94,45.32,44.93,45.07,37085.3,1672051.558,1
BYBIT,LTCUSDT,60,1782039600000,45.07,45.13,44.87,44.98,7470.9,336022.565,1
BYBIT,LTCUSDT,60,1782043200000,44.98,45.11,44.87,45.09,7256.7,326569.063,1
BYBIT,LTCUSDT,60,1782046800000,45.09,45.16,44.94,45.09,5779.0,260510.819,1
BYBIT,LTCUSDT,60,1782050400000,45.09,45.35,45.04,45.34,7933.8,358643.818,1
BYBIT,LTCUSDT,60,1782054000000,45.34,46.05,45.29,45.91,35512.6,1623855.417,1
BYBIT,LTCUSDT,60,1782057600000,45.91,45.92,45.22,45.32,38760.4,1764522.166,1
BYBIT,LTCUSDT,60,1782061200000,45.32,45.44,45.09,45.15,16782.0,759788.773,1
BYBIT,LTCUSDT,60,1782064800000,45.15,45.18,44.98,45.1,21228.5,956887.072,1
BYBIT,LTCUSDT,60,1782068400000,45.1,45.38,45.07,45.24,31810.7,1439013.171,1
BYBIT,LTCUSDT,60,1782072000000,45.24,45.26,44.93,45.02,10342.7,466243.07,1
BYBIT,LTCUSDT,60,1782075600000,45.02,45.03,44.59,44.9,26537.9,1188341.391,1
BYBIT,LTCUSDT,60,1782079200000,44.9,44.95,44.62,44.76,8464.3,378967.254,1
BYBIT,LTCUSDT,60,1782082800000,44.76,44.76,44.37,44.43,14051.4,625447.379,1
BYBIT,LTCUSDT,60,1782086400000,44.43,44.94,44.43,44.88,17556.2,784432.411,1
BYBIT,LTCUSDT,60,1782090000000,44.88,45.57,44.8,45.19,27722.2,1254827.773,1
BYBIT,LTCUSDT,60,1782093600000,45.19,45.2,45.0,45.01,5845.3,263484.248,1
BYBIT,LTCUSDT,60,1782097200000,45.01,45.03,44.82,44.89,9287.7,417111.657,1
BYBIT,LTCUSDT,60,1782100800000,44.89,44.99,44.86,44.92,3795.5,170526.918,1
BYBIT,LTCUSDT,60,1782104400000,44.92,45.09,44.88,44.94,3422.9,153939.729,1
BYBIT,LTCUSDT,60,1782108000000,44.94,45.0,44.79,44.82,6538.1,293423.423,1
BYBIT,LTCUSDT,60,1782111600000,44.82,45.11,44.8,44.96,6276.1,282444.949,1
BYBIT,LTCUSDT,60,1782115200000,44.96,45.05,44.82,44.84,8019.3,360165.549,1
BYBIT,LTCUSDT,60,1782118800000,44.84,44.91,44.64,44.82,14479.9,647826.24,1
BYBIT,LTCUSDT,60,1782122400000,44.82,44.87,44.7,44.75,3312.5,148353.744,1
BYBIT,LTCUSDT,60,1782126000000,44.75,45.29,44.73,45.23,20441.9,921516.731,1
BYBIT,LTCUSDT,60,1782129600000,45.23,45.55,45.18,45.51,10444.4,473396.241,1
BYBIT,LTCUSDT,60,1782133200000,45.51,45.8,45.35,45.67,19463.5,887407.113,1
BYBIT,LTCUSDT,60,1782136800000,45.67,45.69,45.05,45.16,27673.0,1255007.615,1
BYBIT,LTCUSDT,60,1782140400000,45.16,45.43,45.06,45.12,18485.7,836693.413,1
BYBIT,LTCUSDT,60,1782144000000,45.12,45.12,44.87,45.05,12322.7,554634.427,1
BYBIT,LTCUSDT,60,1782147600000,45.05,45.07,44.73,44.91,15964.2,716465.252,1
BYBIT,LTCUSDT,60,1782151200000,44.91,44.98,44.63,44.69,14653.1,656563.515,1
BYBIT,LTCUSDT,60,1782154800000,44.69,44.7,44.44,44.6,12734.2,567569.75,1
BYBIT,LTCUSDT,60,1782158400000,44.6,44.7,44.47,44.52,10281.9,458611.603,1
BYBIT,LTCUSDT,60,1782162000000,44.52,44.65,44.43,44.65,10099.5,449801.497,1
BYBIT,LTCUSDT,60,1782165600000,44.65,44.69,44.23,44.5,24647.7,1094064.885,1
BYBIT,LTCUSDT,60,1782169200000,44.5,44.67,44.45,44.52,6730.9,299802.753,1
BYBIT,LTCUSDT,60,1782172800000,44.52,44.58,44.36,44.55,14919.8,663624.514,1
BYBIT,LTCUSDT,60,1782176400000,44.55,44.65,44.32,44.54,7030.9,312886.044,1
BYBIT,LTCUSDT,60,1782180000000,44.54,44.61,44.39,44.57,6094.6,271357.157,1
BYBIT,LTCUSDT,60,1782183600000,44.57,44.57,44.43,44.56,6762.5,300767.632,1
BYBIT,LTCUSDT,60,1782187200000,44.56,44.6,44.36,44.39,4806.9,213709.197,1
BYBIT,LTCUSDT,60,1782190800000,44.39,44.46,44.18,44.32,17563.0,777271.862,1
BYBIT,LTCUSDT,60,1782194400000,44.32,44.36,43.73,43.92,58948.6,2589245.487,1
BYBIT,LTCUSDT,60,1782198000000,43.92,44.05,43.76,43.77,15964.3,701078.179,1
BYBIT,LTCUSDT,60,1782201600000,43.77,43.8,43.07,43.28,64791.2,2811888.277,1
BYBIT,LTCUSDT,60,1782205200000,43.28,43.5,43.28,43.34,14842.0,644037.999,1
BYBIT,LTCUSDT,60,1782208800000,43.34,43.5,43.31,43.36,10882.2,472264.196,1
BYBIT,LTCUSDT,60,1782212400000,43.36,43.63,43.34,43.45,18918.1,822703.876,1
BYBIT,LTCUSDT,60,1782216000000,43.45,43.47,43.16,43.2,19762.3,856039.919,1
BYBIT,LTCUSDT,60,1782219600000,43.2,43.5,43.12,43.34,31307.3,1355419.357,1
BYBIT,LTCUSDT,60,1782223200000,43.34,43.39,42.51,42.56,82534.4,3548002.341,1
BYBIT,LTCUSDT,60,1782226800000,42.56,42.56,41.74,41.92,95863.4,4041162.702,1
BYBIT,LTCUSDT,60,1782230400000,41.92,42.19,41.84,42.03,46546.3,1956199.936,1
BYBIT,LTCUSDT,60,1782234000000,42.03,42.21,41.84,42.05,25233.9,1059552.837,1
BYBIT,LTCUSDT,60,1782237600000,42.05,42.12,41.77,41.96,20648.9,866653.969,1
BYBIT,LTCUSDT,60,1782241200000,41.96,42.05,41.8,41.88,17668.3,740792.736,1
BYBIT,LTCUSDT,60,1782244800000,41.88,42.03,41.81,41.85,13886.1,582156.092,1
BYBIT,LTCUSDT,60,1782248400000,41.85,41.99,41.82,41.95,15710.6,658203.187,1
BYBIT,LTCUSDT,60,1782252000000,41.95,42.08,41.89,42.0,15467.0,649410.8,1
BYBIT,LTCUSDT,60,1782255600000,42.0,42.2,41.91,42.15,8552.9,359747.513,1
BYBIT,LTCUSDT,60,1782259200000,42.15,42.3,42.13,42.25,10914.4,460866.492,1
BYBIT,LTCUSDT,60,1782262800000,42.25,42.33,42.13,42.21,11261.2,475537.581,1
BYBIT,LTCUSDT,60,1782266400000,42.21,42.22,41.9,41.95,11143.1,468456.025,1
BYBIT,LTCUSDT,60,1782270000000,41.95,42.01,41.7,41.73,17966.8,751465.672,1
BYBIT,LTCUSDT,60,1782273600000,41.73,41.79,41.46,41.75,27159.2,1130675.551,1
BYBIT,LTCUSDT,60,1782277200000,41.75,42.09,41.75,42.02,14097.0,590994.841,1
BYBIT,LTCUSDT,60,1782280800000,42.02,42.15,41.93,42.11,10409.1,437794.899,1
BYBIT,LTCUSDT,60,1782284400000,42.11,42.15,41.96,42.04,12107.0,508933.876,1
BYBIT,LTCUSDT,60,1782288000000,42.04,42.18,41.95,42.15,13556.8,570257.618,1
BYBIT,LTCUSDT,60,1782291600000,42.15,42.15,42.02,42.08,7636.0,321350.128,1
BYBIT,LTCUSDT,60,1782295200000,42.08,42.08,41.84,41.85,12998.8,545073.578,1
BYBIT,LTCUSDT,60,1782298800000,41.85,42.38,41.76,42.2,23980.6,1008355.241,1
BYBIT,LTCUSDT,60,1782302400000,42.2,42.24,42.11,42.14,12522.6,528418.127,1
BYBIT,LTCUSDT,60,1782306000000,42.14,42.16,41.33,41.58,71794.1,2986799.764,1
BYBIT,LTCUSDT,60,1782309600000,41.58,41.78,41.43,41.66,32850.4,1366869.853,1
BYBIT,LTCUSDT,60,1782313200000,41.66,41.67,40.67,40.7,70777.2,2906739.629,1
BYBIT,LTCUSDT,60,1782316800000,40.7,41.03,40.05,40.26,104480.0,4227650.058,1
BYBIT,LTCUSDT,60,1782320400000,40.26,40.58,39.01,39.43,182617.5,7246234.139,1
BYBIT,LTCUSDT,60,1782324000000,39.43,40.12,39.35,39.75,53833.0,2140145.677,1
BYBIT,LTCUSDT,60,1782327600000,39.75,40.11,39.61,40.07,41478.2,1652439.44,1
BYBIT,LTCUSDT,60,1782331200000,40.07,40.89,39.98,40.74,42738.6,1728536.534,1
BYBIT,LTCUSDT,60,1782334800000,40.74,40.95,40.62,40.94,15742.0,641670.297,1
BYBIT,LTCUSDT,60,1782338400000,40.94,41.2,40.9,40.93,17346.6,712084.601,1
BYBIT,LTCUSDT,60,1782342000000,40.93,41.26,40.73,41.16,47639.5,1954839.885,1
BYBIT,LTCUSDT,60,1782345600000,41.16,41.24,41.02,41.09,24541.6,1009543.142,1
BYBIT,LTCUSDT,60,1782349200000,41.09,41.19,41.05,41.16,7790.4,320419.847,1
BYBIT,LTCUSDT,60,1782352800000,41.16,41.2,41.02,41.2,10505.2,432039.839,1
BYBIT,LTCUSDT,60,1782356400000,41.2,41.29,41.12,41.25,9480.8,390627.142,1
BYBIT,LTCUSDT,60,1782360000000,41.25,41.65,41.16,41.58,13681.4,565898.03,1
BYBIT,LTCUSDT,60,1782363600000,41.58,41.96,41.57,41.87,20217.8,845541.959,1
BYBIT,LTCUSDT,60,1782367200000,41.87,41.97,41.7,41.76,18968.8,792873.126,1
BYBIT,LTCUSDT,60,1782370800000,41.76,41.78,41.53,41.72,35321.9,1470825.209,1
BYBIT,LTCUSDT,60,1782374400000,41.72,41.8,41.61,41.74,9940.6,414773.367,1
BYBIT,LTCUSDT,60,1782378000000,41.74,41.88,41.68,41.83,5981.6,249979.549,1
BYBIT,LTCUSDT,60,1782381600000,41.83,41.83,41.49,41.52,14125.9,588737.849,1
BYBIT,LTCUSDT,60,1782385200000,41.52,41.56,41.27,41.33,10974.3,454017.648,1
BYBIT,LTCUSDT,60,1782388800000,41.33,41.43,40.87,41.42,35088.4,1446242.867,1
BYBIT,LTCUSDT,60,1782392400000,41.42,41.61,39.23,39.41,168105.5,6769408.793,1
BYBIT,LTCUSDT,60,1782396000000,39.41,40.81,39.41,40.32,146742.9,5900763.444,1
BYBIT,LTCUSDT,60,1782399600000,40.32,40.46,39.83,40.4,49940.8,2006003.63,1
BYBIT,LTCUSDT,60,1782403200000,40.4,40.77,40.23,40.35,35598.1,1441522.945,1
BYBIT,LTCUSDT,60,1782406800000,40.35,41.07,40.35,41.01,51452.2,2099785.127,1
BYBIT,LTCUSDT,60,1782410400000,41.01,41.08,40.43,40.67,71460.7,2910711.069,1
BYBIT,LTCUSDT,60,1782414000000,40.67,40.69,40.44,40.69,23581.1,956638.885,1
BYBIT,LTCUSDT,60,1782417600000,40.69,40.99,40.69,40.76,26230.4,1071114.581,1
BYBIT,LTCUSDT,60,1782421200000,40.76,41.2,40.75,41.2,33587.2,1375925.501,1
BYBIT,LTCUSDT,60,1782424800000,41.2,41.23,40.96,40.98,20105.9,826021.799,1
BYBIT,LTCUSDT,60,1782428400000,40.98,41.19,40.85,40.89,10926.7,448011.433,1
BYBIT,LTCUSDT,60,1782432000000,40.89,41.1,40.89,40.99,10471.3,429249.059,1
BYBIT,LTCUSDT,60,1782435600000,40.99,41.05,40.71,40.86,13139.4,536467.2,1
BYBIT,LTCUSDT,60,1782439200000,40.86,40.9,39.97,40.22,66933.0,2696430.593,1
BYBIT,LTCUSDT,60,1782442800000,40.22,41.24,40.0,41.2,58977.0,2398060.075,1
BYBIT,LTCUSDT,60,1782446400000,41.2,41.34,41.06,41.13,20901.7,860714.337,1
BYBIT,LTCUSDT,60,1782450000000,41.13,41.46,41.08,41.27,28002.4,1156099.676,1
BYBIT,LTCUSDT,60,1782453600000,41.27,41.73,41.14,41.69,33054.6,1372283.664,1
BYBIT,LTCUSDT,60,1782457200000,41.69,41.94,41.69,41.86,19186.8,802390.852,1
BYBIT,LTCUSDT,60,1782460800000,41.86,41.89,41.38,41.52,25834.8,1073941.752,1
BYBIT,LTCUSDT,60,1782464400000,41.52,41.72,41.24,41.27,36911.7,1531191.782,1
BYBIT,LTCUSDT,60,1782468000000,41.27,41.38,41.1,41.21,20992.1,865855.978,1
BYBIT,LTCUSDT,60,1782471600000,41.21,41.4,40.75,40.88,32305.2,1325369.12,1
BYBIT,LTCUSDT,60,1782475200000,40.88,41.02,40.35,40.5,40152.9,1634044.826,1
BYBIT,LTCUSDT,60,1782478800000,40.5,41.31,40.13,41.3,63992.7,2601362.735,1
BYBIT,LTCUSDT,60,1782482400000,41.3,41.34,40.89,41.0,43600.4,1794842.799,1
BYBIT,LTCUSDT,60,1782486000000,41.0,41.53,40.99,41.36,29509.3,1219243.603,1
BYBIT,LTCUSDT,60,1782489600000,41.36,41.91,41.34,41.6,35487.5,1474905.918,1
BYBIT,LTCUSDT,60,1782493200000,41.6,41.96,41.58,41.87,19056.4,797291.281,1
BYBIT,LTCUSDT,60,1782496800000,41.87,42.02,41.58,41.63,13561.9,566967.447,1
BYBIT,LTCUSDT,60,1782500400000,41.63,41.92,41.51,41.66,30157.9,1259566.847,1
BYBIT,LTCUSDT,60,1782504000000,41.66,42.13,41.66,41.69,49150.4,2059173.103,1
BYBIT,LTCUSDT,60,1782507600000,41.69,41.93,41.63,41.83,11436.1,477486.953,1
BYBIT,LTCUSDT,60,1782511200000,41.83,41.96,41.61,41.93,12104.8,505678.013,1
BYBIT,LTCUSDT,60,1782514800000,41.93,41.99,41.81,41.88,5816.9,243777.967,1
BYBIT,LTCUSDT,60,1782518400000,41.88,41.98,41.68,41.87,12008.0,502327.417,1
BYBIT,LTCUSDT,60,1782522000000,41.87,42.07,41.81,42.03,7788.8,326921.356,1
BYBIT,LTCUSDT,60,1782525600000,42.03,42.34,41.96,42.3,16897.1,713156.748,1
BYBIT,LTCUSDT,60,1782529200000,42.3,42.31,42.1,42.24,10386.7,438628.899,1
BYBIT,LTCUSDT,60,1782532800000,42.24,42.42,42.2,42.22,13994.6,592589.216,1
BYBIT,LTCUSDT,60,1782536400000,42.22,42.34,42.16,42.3,12481.9,527023.43,1
BYBIT,LTCUSDT,60,1782540000000,42.3,42.33,42.11,42.17,9072.2,383088.701,1
BYBIT,LTCUSDT,60,1782543600000,42.17,42.49,42.1,42.4,25050.4,1060034.61,1
BYBIT,LTCUSDT,60,1782547200000,42.4,42.68,42.32,42.68,22366.7,949228.588,1
BYBIT,LTCUSDT,60,1782550800000,42.68,42.87,42.49,42.6,41535.2,1772218.632,1
BYBIT,LTCUSDT,60,1782554400000,42.6,42.72,42.46,42.7,26028.8,1108204.68,1
BYBIT,LTCUSDT,60,1782558000000,42.7,42.7,42.37,42.46,10050.8,426967.111,1
BYBIT,LTCUSDT,60,1782561600000,42.46,42.81,42.44,42.76,11355.9,484216.948,1
BYBIT,LTCUSDT,60,1782565200000,42.76,43.07,42.71,43.04,57121.0,2452472.993,1
BYBIT,LTCUSDT,60,1782568800000,43.04,43.15,42.83,42.87,14506.3,624166.159,1
BYBIT,LTCUSDT,60,1782572400000,42.87,43.12,42.85,43.09,15120.4,649734.175,1
BYBIT,LTCUSDT,60,1782576000000,43.09,43.27,43.03,43.12,14357.9,619279.732,1
BYBIT,LTCUSDT,60,1782579600000,43.12,43.12,42.68,42.8,32341.3,1385237.978,1
BYBIT,LTCUSDT,60,1782583200000,42.8,42.81,42.58,42.71,11619.0,495867.979,1
BYBIT,LTCUSDT,60,1782586800000,42.71,42.81,42.15,42.3,34334.4,1455499.468,1
BYBIT,LTCUSDT,60,1782590400000,42.3,42.42,42.3,42.41,7482.3,317008.526,1
BYBIT,LTCUSDT,60,1782594000000,42.41,42.58,42.14,42.22,20419.7,865761.011,1
BYBIT,LTCUSDT,60,1782597600000,42.22,42.3,41.85,42.29,23736.7,999405.791,1
BYBIT,LTCUSDT,60,1782601200000,42.29,42.38,42.11,42.14,8186.7,345459.032,1
BYBIT,LTCUSDT,60,1782604800000,42.14,42.27,42.1,42.21,13300.6,561003.094,1
BYBIT,LTCUSDT,60,1782608400000,42.21,42.24,42.08,42.17,5574.0,235020.173,1
BYBIT,LTCUSDT,60,1782612000000,42.17,42.24,41.88,42.05,15167.8,638393.927,1
BYBIT,LTCUSDT,60,1782615600000,42.05,42.23,42.05,42.22,3995.4,168304.364,1
BYBIT,LTCUSDT,60,1782619200000,42.22,42.32,42.14,42.26,5472.7,231155.597,1
BYBIT,LTCUSDT,60,1782622800000,42.26,42.31,42.05,42.28,14129.1,596127.109,1
BYBIT,LTCUSDT,60,1782626400000,42.28,42.36,42.04,42.35,13338.7,563081.918,1
BYBIT,LTCUSDT,60,1782630000000,42.35,42.51,42.3,42.5,13531.6,574005.981,1
BYBIT,LTCUSDT,60,1782633600000,42.5,43.01,42.44,42.93,31357.0,1340064.425,1
BYBIT,LTCUSDT,60,1782637200000,42.93,43.13,42.7,42.76,21563.9,926833.712,1
BYBIT,LTCUSDT,60,1782640800000,42.76,43.01,42.7,42.84,26544.7,1136843.123,1
BYBIT,LTCUSDT,60,1782644400000,42.84,43.32,42.84,43.29,13965.2,602008.559,1
BYBIT,LTCUSDT,60,1782648000000,43.29,43.35,43.01,43.12,25084.4,1083234.809,1
BYBIT,LTCUSDT,60,1782651600000,43.12,43.15,42.84,42.95,26112.5,1121666.993,1
BYBIT,LTCUSDT,60,1782655200000,42.95,43.25,42.95,43.04,18752.7,808347.692,1
BYBIT,LTCUSDT,60,1782658800000,43.04,43.18,42.77,42.89,26238.7,1127655.776,1
BYBIT,LTCUSDT,60,1782662400000,42.89,42.96,42.67,42.85,18725.0,801723.931,1
BYBIT,LTCUSDT,60,1782666000000,42.85,42.95,42.56,42.78,11029.6,471376.263,1
BYBIT,LTCUSDT,60,1782669600000,42.78,43.11,42.61,42.61,27646.4,1185635.307,1
BYBIT,LTCUSDT,60,1782673200000,42.61,42.64,42.32,42.51,22974.3,976366.798,1
BYBIT,LTCUSDT,60,1782676800000,42.51,42.66,42.42,42.62,18504.1,787414.669,1
BYBIT,LTCUSDT,60,1782680400000,42.62,42.67,42.02,42.11,34550.5,1464449.229,1
BYBIT,LTCUSDT,60,1782684000000,42.11,42.59,41.99,42.11,33042.1,1398011.603,1
BYBIT,LTCUSDT,60,1782687600000,42.11,42.68,42.08,42.48,29486.3,1251768.197,1
BYBIT,LTCUSDT,60,1782691200000,42.48,43.05,42.32,42.9,67416.8,2883340.732,1
BYBIT,LTCUSDT,60,1782694800000,42.9,42.97,42.58,42.88,25184.3,1078569.746,1
BYBIT,LTCUSDT,60,1782698400000,42.88,43.15,42.44,42.93,27588.3,1181598.825,1
BYBIT,LTCUSDT,60,1782702000000,42.93,43.25,42.69,43.23,51773.9,2227973.035,1
BYBIT,LTCUSDT,60,1782705600000,43.23,43.25,42.81,42.96,7968.0,342540.168,1
BYBIT,LTCUSDT,60,1782709200000,42.96,42.99,42.63,42.92,57772.0,2471771.233,1
BYBIT,LTCUSDT,60,1782712800000,42.92,43.0,42.72,42.77,17569.4,753247.279,1
BYBIT,LTCUSDT,60,1782716400000,42.77,42.88,42.6,42.64,9073.6,387916.173,1
BYBIT,LTCUSDT,60,1782720000000,42.64,42.66,42.23,42.32,22610.3,959135.905,1
BYBIT,LTCUSDT,60,1782723600000,42.32,42.65,42.29,42.44,31570.5,1341235.441,1
BYBIT,LTCUSDT,60,1782727200000,42.44,42.53,42.18,42.32,16849.9,713398.963,1
BYBIT,LTCUSDT,60,1782730800000,42.32,42.53,42.18,42.28,15576.2,658870.2,1
BYBIT,LTCUSDT,60,1782734400000,42.28,42.81,42.09,42.49,37434.3,1591897.122,1
BYBIT,LTCUSDT,60,1782738000000,42.49,42.78,42.36,42.57,27165.2,1155760.468,1
BYBIT,LTCUSDT,60,1782741600000,42.57,42.68,42.21,42.47,25633.5,1086401.02,1
BYBIT,LTCUSDT,60,1782745200000,42.47,42.68,42.13,42.49,31276.0,1326222.788,1
BYBIT,LTCUSDT,60,1782748800000,42.49,42.69,42.23,42.57,19763.7,839325.317,1
BYBIT,LTCUSDT,60,1782752400000,42.57,43.21,42.52,43.09,35566.1,1527561.724,1
BYBIT,LTCUSDT,60,1782756000000,43.09,43.31,43.04,43.28,14919.2,643839.211,1
BYBIT,LTCUSDT,60,1782759600000,43.28,43.41,43.19,43.37,18636.3,807341.51,1
BYBIT,LTCUSDT,60,1782763200000,43.37,43.41,43.2,43.34,28113.9,1217527.044,1
BYBIT,LTCUSDT,60,1782766800000,43.34,43.41,43.17,43.36,20841.0,902224.871,1
BYBIT,LTCUSDT,60,1782770400000,43.36,43.36,43.14,43.15,10517.5,454697.701,1
BYBIT,LTCUSDT,60,1782774000000,43.15,43.2,43.01,43.17,8885.6,383212.194,1
BYBIT,LTCUSDT,60,1782777600000,43.17,43.17,42.77,42.78,17367.2,745739.128,1
BYBIT,LTCUSDT,60,1782781200000,42.78,42.83,42.48,42.59,18969.4,808255.267,1
BYBIT,LTCUSDT,60,1782784800000,42.59,42.66,42.43,42.62,10002.7,425397.755,1
BYBIT,LTCUSDT,60,1782788400000,42.62,42.68,42.42,42.47,7674.1,326418.171,1
BYBIT,LTCUSDT,60,1782792000000,42.47,42.58,42.35,42.53,20811.4,883153.298,1
BYBIT,LTCUSDT,60,1782795600000,42.53,42.6,42.46,42.6,7641.1,325051.994,1
BYBIT,LTCUSDT,60,1782799200000,42.6,42.77,42.54,42.73,6540.1,278843.455,1
BYBIT,LTCUSDT,60,1782802800000,42.73,42.81,42.43,42.57,23063.9,983889.014,1
BYBIT,LTCUSDT,60,1782806400000,42.57,42.59,42.25,42.43,26583.8,1126924.666,1
BYBIT,LTCUSDT,60,1782810000000,42.43,42.47,42.24,42.46,7141.5,302586.488,1
BYBIT,LTCUSDT,60,1782813600000,42.46,42.51,42.32,42.32,11493.7,487782.734,1
BYBIT,LTCUSDT,60,1782817200000,42.32,42.5,42.2,42.37,12861.1,544501.314,1
BYBIT,LTCUSDT,60,1782820800000,42.37,42.37,41.92,41.92,40871.7,1721332.022,1
BYBIT,LTCUSDT,60,1782824400000,41.92,42.24,41.91,42.17,37060.7,1558483.718,1
BYBIT,LTCUSDT,60,1782828000000,42.17,42.5,41.67,41.71,48180.3,2033072.369,1
BYBIT,LTCUSDT,60,1782831600000,41.71,41.92,41.55,41.69,42013.8,1751487.754,1
BYBIT,LTCUSDT,60,1782835200000,41.69,41.88,41.57,41.83,27327.0,1140405.054,1
BYBIT,LTCUSDT,60,1782838800000,41.83,41.93,41.75,41.79,12196.5,510298.934,1
BYBIT,LTCUSDT,60,1782842400000,41.79,41.93,41.65,41.8,10758.7,449619.524,1
BYBIT,LTCUSDT,60,1782846000000,41.8,41.96,41.7,41.83,13282.8,555533.91,1
BYBIT,LTCUSDT,60,1782849600000,41.83,41.83,41.6,41.69,6588.9,274861.173,1
BYBIT,LTCUSDT,60,1782853200000,41.69,41.88,41.58,41.88,12703.4,529884.455,1
BYBIT,LTCUSDT,60,1782856800000,41.88,41.94,41.73,41.82,5955.2,249104.044,1
BYBIT,LTCUSDT,60,1782860400000,41.82,41.94,41.79,41.92,4109.3,172023.248,1
BYBIT,LTCUSDT,60,1782864000000,41.92,41.94,41.76,41.85,9405.1,393655.537,1
BYBIT,LTCUSDT,60,1782867600000,41.85,42.21,41.29,42.11,73568.3,3061544.134,1
BYBIT,LTCUSDT,60,1782871200000,42.11,42.61,42.08,42.59,15434.2,655096.776,1
BYBIT,LTCUSDT,60,1782874800000,42.59,42.92,42.56,42.81,23586.2,1008209.142,1
BYBIT,LTCUSDT,60,1782878400000,42.81,42.9,42.61,42.83,15051.0,643834.449,1
BYBIT,LTCUSDT,60,1782882000000,42.83,42.91,42.63,42.66,14752.8,630357.922,1
BYBIT,LTCUSDT,60,1782885600000,42.66,42.69,42.26,42.35,15781.3,670174.109,1
BYBIT,LTCUSDT,60,1782889200000,42.35,42.4,42.16,42.19,13601.8,574866.893,1
BYBIT,LTCUSDT,60,1782892800000,42.19,42.26,41.99,42.26,14459.2,608867.11,1
BYBIT,LTCUSDT,60,1782896400000,42.26,42.4,42.13,42.19,14596.2,616849.419,1
BYBIT,LTCUSDT,60,1782900000000,42.19,42.24,41.76,41.87,29460.6,1235000.296,1
BYBIT,LTCUSDT,60,1782903600000,41.87,41.97,41.74,41.76,25138.7,1052675.038,1
BYBIT,LTCUSDT,60,1782907200000,41.76,41.79,41.09,41.23,63045.8,2610162.823,1
BYBIT,LTCUSDT,60,1782910800000,41.23,41.84,41.15,41.84,42670.5,1768688.609,1
BYBIT,LTCUSDT,60,1782914400000,41.84,42.24,41.71,42.08,26554.9,1115298.117,1
BYBIT,LTCUSDT,60,1782918000000,42.08,42.88,42.06,42.49,37773.7,1606321.045,1
BYBIT,LTCUSDT,60,1782921600000,42.49,42.71,42.31,42.35,16644.4,707205.504,1
BYBIT,LTCUSDT,60,1782925200000,42.35,42.57,42.2,42.49,14524.7,615162.17,1
BYBIT,LTCUSDT,60,1782928800000,42.49,42.55,42.31,42.39,15037.1,638213.961,1
BYBIT,LTCUSDT,60,1782932400000,42.39,42.52,42.35,42.43,11045.7,468851.961,1
BYBIT,LTCUSDT,60,1782936000000,42.43,42.58,42.33,42.56,10723.2,455195.341,1
BYBIT,LTCUSDT,60,1782939600000,42.56,43.69,42.56,43.41,103234.9,4453245.52,1
BYBIT,LTCUSDT,60,1782943200000,43.41,43.63,42.93,42.98,57269.4,2482514.464,1
BYBIT,LTCUSDT,60,1782946800000,42.98,42.98,42.62,42.68,16122.5,690200.484,1
BYBIT,LTCUSDT,60,1782950400000,42.68,42.79,42.39,42.52,29351.2,1248850.847,1
BYBIT,LTCUSDT,60,1782954000000,42.52,42.95,42.5,42.79,12688.5,542097.315,1
BYBIT,LTCUSDT,60,1782957600000,42.79,42.96,42.74,42.79,8081.0,346408.558,1
BYBIT,LTCUSDT,60,1782961200000,42.79,43.32,42.66,43.24,31598.0,1357652.916,1
BYBIT,LTCUSDT,60,1782964800000,43.24,43.24,43.0,43.11,14635.9,630867.472,1
BYBIT,LTCUSDT,60,1782968400000,43.11,43.15,42.73,42.84,11325.3,486666.654,1
BYBIT,LTCUSDT,60,1782972000000,42.84,42.87,42.58,42.62,19106.2,816397.339,1
BYBIT,LTCUSDT,60,1782975600000,42.62,42.73,42.52,42.67,11055.2,471195.257,1
BYBIT,LTCUSDT,60,1782979200000,42.67,42.94,42.64,42.92,10069.8,430822.344,1
BYBIT,LTCUSDT,60,1782982800000,42.92,43.37,42.77,43.22,35530.3,1530854.015,1
BYBIT,LTCUSDT,60,1782986400000,43.22,43.4,43.2,43.27,17479.5,757033.191,1
BYBIT,LTCUSDT,60,1782990000000,43.27,43.44,42.81,43.01,44356.2,1912279.349,1
BYBIT,LTCUSDT,60,1782993600000,43.01,43.24,42.89,43.22,27743.4,1194523.517,1
BYBIT,LTCUSDT,60,1782997200000,43.22,43.77,43.2,43.59,48392.1,2106073.536,1
BYBIT,LTCUSDT,60,1783000800000,43.59,43.9,43.38,43.53,45993.4,2004073.758,1
BYBIT,LTCUSDT,60,1783004400000,43.53,43.59,43.3,43.37,27865.4,1209413.768,1
BYBIT,LTCUSDT,60,1783008000000,43.37,43.49,43.19,43.41,24648.7,1068734.465,1
BYBIT,LTCUSDT,60,1783011600000,43.41,43.58,43.35,43.39,18240.7,792425.048,1
BYBIT,LTCUSDT,60,1783015200000,43.39,43.79,43.39,43.66,19517.7,852554.298,1
BYBIT,LTCUSDT,60,1783018800000,43.66,43.69,43.35,43.39,23588.9,1025675.075,1
BYBIT,LTCUSDT,60,1783022400000,43.39,43.51,43.24,43.39,18830.5,816058.292,1
BYBIT,LTCUSDT,60,1783026000000,43.39,43.56,43.33,43.4,13720.1,596430.099,1
BYBIT,LTCUSDT,60,1783029600000,43.4,43.53,43.31,43.46,7334.3,318264.316,1
BYBIT,LTCUSDT,60,1783033200000,43.46,43.54,43.37,43.52,4187.1,181968.451,1
BYBIT,LTCUSDT,60,1783036800000,43.52,43.57,43.37,43.52,8851.5,384682.99,1
BYBIT,LTCUSDT,60,1783040400000,43.52,43.84,43.47,43.62,12279.3,536691.898,1
BYBIT,LTCUSDT,60,1783044000000,43.62,43.76,43.44,43.52,10858.0,473359.548,1
BYBIT,LTCUSDT,60,1783047600000,43.52,43.54,43.06,43.19,31089.6,1345178.86,1
BYBIT,LTCUSDT,60,1783051200000,43.19,43.24,43.11,43.17,11901.3,513914.849,1
BYBIT,LTCUSDT,60,1783054800000,43.17,43.39,43.1,43.26,7551.7,326415.427,1
BYBIT,LTCUSDT,60,1783058400000,43.26,43.36,43.19,43.27,5257.3,227494.547,1
BYBIT,LTCUSDT,60,1783062000000,43.27,43.33,43.2,43.2,3746.8,162150.832,1
BYBIT,LTCUSDT,60,1783065600000,43.2,43.46,43.18,43.22,14412.7,624016.058,1
BYBIT,LTCUSDT,60,1783069200000,43.22,43.41,43.18,43.34,7384.3,319853.283,1
BYBIT,LTCUSDT,60,1783072800000,43.34,43.6,43.32,43.54,14860.7,645864.371,1
BYBIT,LTCUSDT,60,1783076400000,43.54,43.67,43.41,43.61,8636.7,375873.622,1
BYBIT,LTCUSDT,60,1783080000000,43.61,43.69,43.44,43.51,5785.1,251876.308,1
BYBIT,LTCUSDT,60,1783083600000,43.51,43.76,43.49,43.68,15192.8,663209.22,1
BYBIT,LTCUSDT,60,1783087200000,43.68,43.68,43.22,43.59,18035.2,783200.196,1
BYBIT,LTCUSDT,60,1783090800000,43.59,43.91,43.49,43.59,25364.3,1109087.625,1
BYBIT,LTCUSDT,60,1783094400000,43.59,43.79,43.43,43.74,13568.1,591872.773,1
BYBIT,LTCUSDT,60,1783098000000,43.74,44.05,43.68,44.05,39490.4,1735358.169,1
BYBIT,LTCUSDT,60,1783101600000,44.05,44.15,43.89,44.12,27164.1,1196466.661,1
BYBIT,LTCUSDT,60,1783105200000,44.12,44.41,44.09,44.27,34251.8,1515563.858,1
BYBIT,LTCUSDT,60,1783108800000,44.27,45.31,44.16,45.18,96034.9,4304650.628,1
BYBIT,LTCUSDT,60,1783112400000,45.18,45.32,44.83,45.25,27535.1,1242281.275,1
BYBIT,LTCUSDT,60,1783116000000,45.25,45.28,44.71,44.88,23484.4,1054225.887,1
BYBIT,LTCUSDT,60,1783119600000,44.88,44.9,44.72,44.79,11513.0,515923.14,1
BYBIT,LTCUSDT,60,1783123200000,44.79,44.94,44.59,44.62,23069.0,1032912.791,1
BYBIT,LTCUSDT,60,1783126800000,44.62,44.62,44.07,44.21,26992.9,1194985.673,1
BYBIT,LTCUSDT,60,1783130400000,44.21,44.34,44.14,44.28,9563.5,422937.683,1
BYBIT,LTCUSDT,60,1783134000000,44.28,44.39,44.07,44.32,10658.7,471745.918,1
BYBIT,LTCUSDT,60,1783137600000,44.32,44.54,44.17,44.49,16548.7,734060.134,1
BYBIT,LTCUSDT,60,1783141200000,44.49,44.51,44.3,44.45,5533.5,245749.928,1
BYBIT,LTCUSDT,60,1783144800000,44.45,44.52,44.02,44.2,12558.0,554923.999,1
BYBIT,LTCUSDT,60,1783148400000,44.2,44.31,43.92,44.21,18165.7,801932.905,1
BYBIT,LTCUSDT,60,1783152000000,44.21,44.5,44.15,44.48,14011.0,621171.851,1
BYBIT,LTCUSDT,60,1783155600000,44.48,44.53,44.17,44.27,16666.5,739466.173,1
BYBIT,LTCUSDT,60,1783159200000,44.27,44.4,44.19,44.31,12127.6,537245.915,1
BYBIT,LTCUSDT,60,1783162800000,44.31,44.38,44.16,44.35,6606.9,292515.382,1
BYBIT,LTCUSDT,60,1783166400000,44.35,44.54,44.35,44.51,8726.0,387927.518,1
BYBIT,LTCUSDT,60,1783170000000,44.51,44.73,44.22,44.33,19525.4,868362.505,1
BYBIT,LTCUSDT,60,1783173600000,44.33,44.78,44.33,44.77,14792.5,658959.194,1
BYBIT,LTCUSDT,60,1783177200000,44.77,45.21,44.77,45.13,36802.8,1658246.936,1
BYBIT,LTCUSDT,60,1783180800000,45.13,45.41,45.05,45.32,19253.5,871245.381,1
BYBIT,LTCUSDT,60,1783184400000,45.32,45.69,45.12,45.55,35747.3,1625877.734,1
BYBIT,LTCUSDT,60,1783188000000,45.55,45.6,45.26,45.34,12591.0,571397.926,1
BYBIT,LTCUSDT,60,1783191600000,45.34,45.38,45.07,45.14,11008.8,497149.396,1
BYBIT,LTCUSDT,60,1783195200000,45.14,45.17,44.82,45.0,18226.6,819746.833,1
BYBIT,LTCUSDT,60,1783198800000,45.0,45.21,44.96,45.11,16293.4,734933.927,1
BYBIT,LTCUSDT,60,1783202400000,45.11,45.11,44.93,45.03,6904.7,310685.403,1
BYBIT,LTCUSDT,60,1783206000000,45.03,45.04,44.62,44.81,20154.7,903107.743,1
BYBIT,LTCUSDT,60,1783209600000,44.81,44.82,44.23,44.39,20560.0,915271.34,1
BYBIT,LTCUSDT,60,1783213200000,44.39,44.46,44.21,44.35,11545.7,511716.029,1
BYBIT,LTCUSDT,60,1783216800000,44.35,44.35,44.1,44.23,10483.1,463800.656,1
BYBIT,LTCUSDT,60,1783220400000,44.23,44.27,44.14,44.26,4806.9,212562.722,1
BYBIT,LTCUSDT,60,1783224000000,44.26,44.42,44.19,44.22,5750.4,254901.024,1
BYBIT,LTCUSDT,60,1783227600000,44.22,44.26,44.03,44.15,10542.0,464941.299,1
BYBIT,LTCUSDT,60,1783231200000,44.15,44.29,44.07,44.25,4606.1,203548.981,1
BYBIT,LTCUSDT,60,1783234800000,44.25,44.42,44.21,44.39,9404.7,416958.752,1
BYBIT,LTCUSDT,60,1783238400000,44.39,44.47,44.36,44.44,7026.7,312117.023,1
BYBIT,LTCUSDT,60,1783242000000,44.44,44.47,43.94,44.18,27683.2,1223673.719,1
BYBIT,LTCUSDT,60,1783245600000,44.18,44.69,44.11,44.64,10642.6,473290.388,1
BYBIT,LTCUSDT,60,1783249200000,44.64,44.78,44.57,44.76,11789.2,526935.419,1
BYBIT,LTCUSDT,60,1783252800000,44.76,44.94,44.67,44.72,18228.6,816439.277,1
BYBIT,LTCUSDT,60,1783256400000,44.72,44.88,44.64,44.88,11990.6,536614.786,1
BYBIT,LTCUSDT,60,1783260000000,44.88,45.2,44.77,45.15,21605.9,971721.194,1
BYBIT,LTCUSDT,60,1783263600000,45.15,45.6,45.07,45.4,41218.1,1869787.508,1
BYBIT,LTCUSDT,60,1783267200000,45.4,45.87,44.97,45.05,52579.0,2388417.647,1
BYBIT,LTCUSDT,60,1783270800000,45.05,45.45,45.04,45.44,13121.1,594054.609,1
BYBIT,LTCUSDT,60,1783274400000,45.44,46.06,45.38,45.77,51691.5,2368675.627,1
BYBIT,LTCUSDT,60,1783278000000,45.77,45.85,45.54,45.64,18990.2,867706.778,1
BYBIT,LTCUSDT,60,1783281600000,45.64,45.74,45.42,45.51,15013.9,684077.76,1
BYBIT,LTCUSDT,60,1783285200000,45.51,45.77,45.27,45.58,32037.8,1457896.214,1
BYBIT,LTCUSDT,60,1783288800000,45.58,46.12,45.51,45.88,37986.3,1741591.022,1
BYBIT,LTCUSDT,60,1783292400000,45.88,46.09,45.67,45.77,25405.7,1165855.789,1
BYBIT,LTCUSDT,60,1783296000000,45.77,45.99,45.47,45.94,37036.5,1690384.906,1
BYBIT,LTCUSDT,60,1783299600000,45.94,45.96,45.38,45.44,18685.7,853189.336,1
BYBIT,LTCUSDT,60,1783303200000,45.44,45.52,45.08,45.3,17335.1,785774.303,1
BYBIT,LTCUSDT,60,1783306800000,45.3,45.31,44.95,45.23,19162.1,864070.382,1
BYBIT,LTCUSDT,60,1783310400000,45.23,45.25,45.06,45.15,5202.0,234923.694,1
BYBIT,LTCUSDT,60,1783314000000,45.15,45.16,44.79,44.94,16257.4,731066.481,1
BYBIT,LTCUSDT,60,1783317600000,44.94,45.03,44.63,44.94,59113.7,2649358.765,1
BYBIT,LTCUSDT,60,1783321200000,44.94,44.94,44.67,44.86,18476.1,827767.251,1
BYBIT,LTCUSDT,60,1783324800000,44.86,44.96,44.58,44.75,19812.0,886110.173,1
BYBIT,LTCUSDT,60,1783328400000,44.75,44.97,44.32,44.5,56671.8,2525283.367,1
BYBIT,LTCUSDT,60,1783332000000,44.5,44.76,44.43,44.72,18517.4,825918.626,1
BYBIT,LTCUSDT,60,1783335600000,44.72,44.73,44.37,44.41,35477.8,1580194.92,1
BYBIT,LTCUSDT,60,1783339200000,44.41,44.43,44.02,44.1,62273.9,2753425.235,1
BYBIT,LTCUSDT,60,1783342800000,44.1,44.39,43.7,44.23,87751.1,3857302.49,1
BYBIT,LTCUSDT,60,1783346400000,44.23,44.41,44.11,44.29,26528.9,1173529.499,1
BYBIT,LTCUSDT,60,1783350000000,44.29,44.99,44.29,44.96,25747.0,1148851.825,1
BYBIT,LTCUSDT,60,1783353600000,44.96,45.18,44.82,45.14,27871.9,1255421.244,1
BYBIT,LTCUSDT,60,1783357200000,45.14,45.26,44.98,45.06,13881.9,626438.831,1
BYBIT,LTCUSDT,60,1783360800000,45.06,45.24,44.99,45.16,14728.2,664404.377,1
BYBIT,LTCUSDT,60,1783364400000,45.16,45.29,45.04,45.16,12886.5,582396.017,1
BYBIT,LTCUSDT,60,1783368000000,45.16,45.16,44.89,44.98,14983.1,674187.718,1
BYBIT,LTCUSDT,60,1783371600000,44.98,45.6,44.95,45.46,32431.6,1470604.091,1
BYBIT,LTCUSDT,60,1783375200000,45.46,45.49,45.12,45.16,14044.5,635951.456,1
BYBIT,LTCUSDT,60,1783378800000,45.16,45.21,44.77,44.81,20435.0,918498.33,1
BYBIT,LTCUSDT,60,1783382400000,44.81,44.95,44.7,44.93,10890.0,488101.426,1
BYBIT,LTCUSDT,60,1783386000000,44.93,44.93,44.6,44.66,12505.9,559258.801,1
BYBIT,LTCUSDT,60,1783389600000,44.66,44.7,44.28,44.31,12062.8,536000.924,1
BYBIT,LTCUSDT,60,1783393200000,44.31,44.34,44.0,44.08,13303.8,587381.549,1
BYBIT,LTCUSDT,60,1783396800000,44.08,44.12,43.83,43.96,11463.1,504454.325,1
BYBIT,LTCUSDT,60,1783400400000,43.96,44.1,43.79,44.05,10982.2,482723.643,1
BYBIT,LTCUSDT,60,1783404000000,44.05,44.18,43.93,44.15,19391.1,854096.716,1
BYBIT,LTCUSDT,60,1783407600000,44.15,44.22,44.0,44.0,10678.6,471106.562,1
BYBIT,LTCUSDT,60,1783411200000,44.0,44.06,43.92,44.0,12489.7,549469.556,1
BYBIT,LTCUSDT,60,1783414800000,44.0,44.1,43.97,44.04,8994.8,396055.621,1
BYBIT,LTCUSDT,60,1783418400000,44.04,44.19,43.88,43.89,16694.4,735090.659,1
BYBIT,LTCUSDT,60,1783422000000,43.89,44.16,43.78,44.14,11613.2,510841.606,1
BYBIT,LTCUSDT,60,1783425600000,44.14,44.33,43.99,43.99,10445.3,461513.355,1
BYBIT,LTCUSDT,60,1783429200000,43.99,44.07,43.76,43.85,29710.5,1304431.242,1
BYBIT,LTCUSDT,60,1783432800000,43.85,44.3,43.74,44.27,25803.5,1134049.701,1
BYBIT,LTCUSDT,60,1783436400000,44.27,44.69,44.04,44.66,40258.9,1783416.319,1
BYBIT,LTCUSDT,60,1783440000000,44.66,44.86,44.41,44.69,24244.4,1082465.146,1
BYBIT,LTCUSDT,60,1783443600000,44.69,44.74,44.41,44.54,18774.8,836135.023,1
BYBIT,LTCUSDT,60,1783447200000,44.54,44.55,44.03,44.04,22074.2,977579.284,1
BYBIT,LTCUSDT,60,1783450800000,44.04,44.09,43.68,43.98,29226.4,1283383.574,1
BYBIT,LTCUSDT,60,1783454400000,43.98,44.09,43.92,44.02,12138.2,534112.687,1
BYBIT,LTCUSDT,60,1783458000000,44.02,44.08,43.73,43.82,13937.3,612054.533,1
BYBIT,LTCUSDT,60,1783461600000,43.82,43.98,43.63,43.93,12688.0,555867.03,1
BYBIT,LTCUSDT,60,1783465200000,43.93,44.04,43.84,43.87,5522.8,242613.931,1
BYBIT,LTCUSDT,60,1783468800000,43.87,43.96,43.76,43.87,17668.1,774851.082,1
BYBIT,LTCUSDT,60,1783472400000,43.87,43.98,43.47,43.75,48464.6,2118207.277,1
BYBIT,LTCUSDT,60,1783476000000,43.75,43.79,43.46,43.61,34824.0,1519917.781,1
BYBIT,LTCUSDT,60,1783479600000,43.61,43.72,43.43,43.46,15991.7,696383.975,1
BYBIT,LTCUSDT,60,1783483200000,43.46,43.72,43.3,43.59,75098.2,3262707.607,1
BYBIT,LTCUSDT,60,1783486800000,43.59,43.79,43.54,43.65,14909.8,650868.19,1
BYBIT,LTCUSDT,60,1783490400000,43.65,43.66,43.37,43.54,24323.3,1058568.988,1
BYBIT,LTCUSDT,60,1783494000000,43.54,43.92,43.44,43.83,23598.1,1032914.767,1
BYBIT,LTCUSDT,60,1783497600000,43.83,44.05,43.27,43.41,64321.4,2804702.207,1
BYBIT,LTCUSDT,60,1783501200000,43.41,43.45,43.14,43.33,24897.0,1077941.002,1
BYBIT,LTCUSDT,60,1783504800000,43.33,43.4,43.19,43.38,9227.4,399608.58,1
BYBIT,LTCUSDT,60,1783508400000,43.38,43.76,43.33,43.63,16444.2,715904.329,1
BYBIT,LTCUSDT,60,1783512000000,43.63,43.92,43.57,43.61,35929.0,1571763.557,1
BYBIT,LTCUSDT,60,1783515600000,43.61,43.77,43.33,43.55,30725.2,1337480.691,1
BYBIT,LTCUSDT,60,1783519200000,43.55,43.83,43.49,43.64,27201.4,1187303.419,1
BYBIT,LTCUSDT,60,1783522800000,43.64,43.7,43.15,43.32,22848.1,990128.453,1
BYBIT,LTCUSDT,60,1783526400000,43.32,43.63,43.26,43.59,22532.6,979861.349,1
BYBIT,LTCUSDT,60,1783530000000,43.59,43.72,43.42,43.44,9788.7,426699.715,1
BYBIT,LTCUSDT,60,1783533600000,43.44,43.59,43.41,43.53,6433.0,279813.565,1
BYBIT,LTCUSDT,60,1783537200000,43.53,43.58,43.3,43.41,11677.5,506551.294,1
BYBIT,LTCUSDT,60,1783540800000,43.41,43.5,43.31,43.33,12178.8,528634.411,1
BYBIT,LTCUSDT,60,1783544400000,43.33,43.55,43.26,43.47,14757.2,639629.071,1
BYBIT,LTCUSDT,60,1783548000000,43.47,43.54,43.42,43.51,5709.6,248174.612,1
BYBIT,LTCUSDT,60,1783551600000,43.51,43.65,43.46,43.63,6458.1,281137.285,1
BYBIT,LTCUSDT,60,1783555200000,43.63,43.72,43.57,43.65,15995.4,698138.757,1
BYBIT,LTCUSDT,60,1783558800000,43.65,44.07,43.6,43.63,21551.8,944391.686,1
BYBIT,LTCUSDT,60,1783562400000,43.63,43.87,43.44,43.44,15678.9,684874.761,1
BYBIT,LTCUSDT,60,1783566000000,43.44,43.7,43.41,43.7,11066.7,481995.712,1
BYBIT,LTCUSDT,60,1783569600000,43.7,44.01,43.68,43.98,9773.9,428318.637,1
BYBIT,LTCUSDT,60,1783573200000,43.98,44.19,43.92,44.17,21088.6,929310.01,1
BYBIT,LTCUSDT,60,1783576800000,44.17,44.29,44.05,44.22,17345.6,766329.646,1
BYBIT,LTCUSDT,60,1783580400000,44.22,44.3,43.98,44.01,14653.2,646660.682,1
BYBIT,LTCUSDT,60,1783584000000,44.01,44.13,43.93,43.94,9541.1,420012.875,1
BYBIT,LTCUSDT,60,1783587600000,43.94,43.97,43.8,43.93,7699.2,337806.358,1
BYBIT,LTCUSDT,60,1783591200000,43.93,43.94,43.7,43.76,8437.4,369784.822,1
BYBIT,LTCUSDT,60,1783594800000,43.76,43.87,43.69,43.85,12813.5,560960.917,1
BYBIT,LTCUSDT,60,1783598400000,43.85,43.97,43.76,43.92,24938.4,1094139.7,1
BYBIT,LTCUSDT,60,1783602000000,43.92,44.23,43.79,44.17,18965.5,834360.72,1
BYBIT,LTCUSDT,60,1783605600000,44.17,44.22,43.79,43.81,15328.6,674115.239,1
BYBIT,LTCUSDT,60,1783609200000,43.81,44.21,43.8,43.94,25755.2,1134365.401,1
BYBIT,LTCUSDT,60,1783612800000,43.94,44.04,43.76,43.86,9188.2,403412.839,1
BYBIT,LTCUSDT,60,1783616400000,43.86,44.04,43.86,43.97,11478.5,504705.012,1
BYBIT,LTCUSDT,60,1783620000000,43.97,44.25,43.95,44.07,21295.0,939831.549,1
BYBIT,LTCUSDT,60,1783623600000,44.07,44.27,43.95,43.95,17246.8,760754.671,1
BYBIT,LTCUSDT,60,1783627200000,43.95,44.05,43.88,43.91,10615.5,466565.798,1
BYBIT,LTCUSDT,60,1783630800000,43.91,43.99,43.86,43.89,9815.2,431190.696,1
BYBIT,LTCUSDT,60,1783634400000,43.89,44.0,43.87,43.93,4645.8,204122.862,1
BYBIT,LTCUSDT,60,1783638000000,43.93,43.98,43.65,43.77,18415.3,805770.07,1
BYBIT,LTCUSDT,60,1783641600000,43.77,43.82,43.55,43.67,12684.7,553742.349,1
BYBIT,LTCUSDT,60,1783645200000,43.67,44.35,43.57,44.16,39965.4,1763151.937,1
BYBIT,LTCUSDT,60,1783648800000,44.16,44.37,44.11,44.37,12905.2,570800.666,1
BYBIT,LTCUSDT,60,1783652400000,44.37,44.38,44.13,44.35,16842.0,745842.479,1
BYBIT,LTCUSDT,60,1783656000000,44.35,44.43,44.31,44.38,15298.8,678464.18,1
BYBIT,LTCUSDT,60,1783659600000,44.38,44.68,44.37,44.38,20466.5,911145.935,1
BYBIT,LTCUSDT,60,1783663200000,44.38,44.42,44.31,44.32,19236.2,852999.132,1
BYBIT,LTCUSDT,60,1783666800000,44.32,44.39,44.26,44.27,9821.0,435245.867,1
BYBIT,LTCUSDT,60,1783670400000,44.27,44.61,44.26,44.48,34630.4,1541629.601,1
BYBIT,LTCUSDT,60,1783674000000,44.48,44.54,44.37,44.54,12801.6,569160.855,1
BYBIT,LTCUSDT,60,1783677600000,44.54,44.62,44.4,44.59,17665.7,786292.742,1
BYBIT,LTCUSDT,60,1783681200000,44.59,44.63,44.48,44.56,7280.8,324330.348,1
BYBIT,LTCUSDT,60,1783684800000,44.56,44.68,44.45,44.52,23210.5,1034721.731,1
BYBIT,LTCUSDT,60,1783688400000,44.52,44.72,44.46,44.64,12684.5,565505.174,1
BYBIT,LTCUSDT,60,1783692000000,44.64,44.67,44.01,44.37,38425.6,1702205.19,1
BYBIT,LTCUSDT,60,1783695600000,44.37,44.77,44.37,44.72,18707.6,834492.344,1
BYBIT,LTCUSDT,60,1783699200000,44.72,44.75,44.55,44.71,13505.3,603109.599,1
BYBIT,LTCUSDT,60,1783702800000,44.71,44.72,44.49,44.51,8101.4,361230.427,1
BYBIT,LTCUSDT,60,1783706400000,44.51,44.65,44.35,44.45,14030.9,624674.11,1
BYBIT,LTCUSDT,60,1783710000000,44.45,44.65,44.42,44.6,6615.0,294799.788,1
BYBIT,LTCUSDT,60,1783713600000,44.6,44.65,44.48,44.53,4298.8,191529.653,1
BYBIT,LTCUSDT,60,1783717200000,44.53,44.73,44.51,44.65,11832.2,528055.56,1
BYBIT,LTCUSDT,60,1783720800000,44.65,44.76,44.63,44.74,5043.2,225485.447,1
BYBIT,LTCUSDT,60,1783724400000,44.74,44.92,44.7,44.75,16462.7,738006.574,1
BYBIT,LTCUSDT,60,1783728000000,44.75,44.76,44.59,44.74,13003.3,580955.395,1
BYBIT,LTCUSDT,60,1783731600000,44.74,44.82,44.67,44.71,6243.1,279377.57,1
BYBIT,LTCUSDT,60,1783735200000,44.71,44.71,44.57,44.7,6028.7,269188.132,1
BYBIT,LTCUSDT,60,1783738800000,44.7,44.75,44.65,44.72,3978.1,177810.179,1
BYBIT,LTCUSDT,60,1783742400000,44.72,44.78,44.67,44.76,3382.5,151287.743,1
BYBIT,LTCUSDT,60,1783746000000,44.76,44.94,44.73,44.93,7798.6,349736.324,1
BYBIT,LTCUSDT,60,1783749600000,44.93,45.07,44.89,44.92,12759.3,573902.356,1
BYBIT,LTCUSDT,60,1783753200000,44.92,45.02,44.86,44.98,11614.1,522087.278,1
BYBIT,LTCUSDT,60,1783756800000,44.98,45.06,44.94,45.04,6730.7,302835.886,1
BYBIT,LTCUSDT,60,1783760400000,45.04,45.15,44.94,44.96,12301.7,554057.565,1
BYBIT,LTCUSDT,60,1783764000000,44.96,45.02,44.87,45.01,6140.3,276039.291,1
BYBIT,LTCUSDT,60,1783767600000,45.01,45.13,45.01,45.1,5257.7,237072.81,1
BYBIT,LTCUSDT,60,1783771200000,45.1,45.17,45.08,45.13,5019.1,226519.105,1
BYBIT,LTCUSDT,60,1783774800000,45.13,45.14,44.92,44.93,5451.3,245341.624,1
BYBIT,LTCUSDT,60,1783778400000,44.93,45.27,44.93,45.13,10475.0,472854.057,1
BYBIT,LTCUSDT,60,1783782000000,45.13,45.29,44.96,45.11,17639.8,795705.272,1
BYBIT,LTCUSDT,60,1783785600000,45.11,45.16,45.02,45.06,6821.4,307533.61,1
BYBIT,LTCUSDT,60,1783789200000,45.06,45.17,44.99,45.09,4646.5,209614.721,1
BYBIT,LTCUSDT,60,1783792800000,45.09,45.27,45.05,45.23,8016.0,362344.479,1
BYBIT,LTCUSDT,60,1783796400000,45.23,45.41,45.2,45.36,8498.0,385219.691,1
BYBIT,LTCUSDT,60,1783800000000,45.36,45.45,45.34,45.39,6329.5,287357.74,1
BYBIT,LTCUSDT,60,1783803600000,45.39,45.53,45.28,45.35,10886.5,494679.595,1
BYBIT,LTCUSDT,60,1783807200000,45.35,45.4,45.07,45.15,19475.8,879512.163,1
BYBIT,LTCUSDT,60,1783810800000,45.15,45.15,44.6,44.63,26253.1,1176693.642,1
BYBIT,LTCUSDT,60,1783814400000,44.63,44.66,44.28,44.45,79009.9,3509981.115,1
BYBIT,LTCUSDT,60,1783818000000,44.45,44.75,44.43,44.72,10599.7,472933.492,1
BYBIT,LTCUSDT,60,1783821600000,44.72,44.72,44.6,44.63,7355.1,328388.597,1
BYBIT,LTCUSDT,60,1783825200000,44.63,44.8,44.62,44.74,5386.8,240774.443,1
BYBIT,LTCUSDT,60,1783828800000,44.74,44.76,44.54,44.58,5391.3,240940.678,1
BYBIT,LTCUSDT,60,1783832400000,44.58,44.63,44.48,44.61,4693.9,209131.064,1
BYBIT,LTCUSDT,60,1783836000000,44.61,44.61,44.35,44.47,16221.3,720532.71,1
BYBIT,LTCUSDT,60,1783839600000,44.47,44.54,44.42,44.49,3486.0,155037.959,1
BYBIT,LTCUSDT,60,1783843200000,44.49,44.59,44.47,44.57,5891.8,262441.825,1
BYBIT,LTCUSDT,60,1783846800000,44.57,44.57,44.38,44.52,9291.0,413396.393,1
BYBIT,LTCUSDT,60,1783850400000,44.52,44.53,44.43,44.48,2880.0,128094.594,1
BYBIT,LTCUSDT,60,1783854000000,44.48,44.68,44.4,44.66,5772.9,257084.256,1
BYBIT,LTCUSDT,60,1783857600000,44.66,44.76,44.6,44.73,5165.1,230808.177,1
BYBIT,LTCUSDT,60,1783861200000,44.73,44.76,44.59,44.59,13489.6,603002.822,1
BYBIT,LTCUSDT,60,1783864800000,44.59,44.84,44.52,44.8,14797.5,661745.422,1
BYBIT,LTCUSDT,60,1783868400000,44.8,44.86,44.75,44.76,6671.6,298888.415,1
BYBIT,LTCUSDT,60,1783872000000,44.76,44.84,44.7,44.77,5536.4,247816.149,1
BYBIT,LTCUSDT,60,1783875600000,44.77,44.79,44.47,44.5,7488.1,334296.637,1
BYBIT,LTCUSDT,60,1783879200000,44.5,44.61,44.48,44.58,13597.3,605515.039,1
BYBIT,LTCUSDT,60,1783882800000,44.58,44.67,44.51,44.62,3752.4,167331.113,1
BYBIT,LTCUSDT,60,1783886400000,44.62,44.63,44.48,44.56,4716.3,210141.954,1
BYBIT,LTCUSDT,60,1783890000000,44.56,44.66,44.3,44.35,14924.9,663873.979,1
BYBIT,LTCUSDT,60,1783893600000,44.35,44.35,44.01,44.15,28597.6,1261722.601,1
BYBIT,LTCUSDT,60,1783897200000,44.15,44.15,43.94,43.97,8571.5,377252.439,1
BYBIT,LTCUSDT,60,1783900800000,43.97,44.51,43.87,44.18,49333.8,2180642.18,1
BYBIT,LTCUSDT,60,1783904400000,44.18,44.24,43.85,43.88,10804.0,475765.87,1
BYBIT,LTCUSDT,60,1783908000000,43.88,44.02,43.73,43.83,22134.7,971000.069,1
BYBIT,LTCUSDT,60,1783911600000,43.83,43.83,43.33,43.5,39685.9,1728557.595,1
BYBIT,LTCUSDT,60,1783915200000,43.5,43.66,43.44,43.45,5311.8,231255.919,1
BYBIT,LTCUSDT,60,1783918800000,43.45,43.81,43.34,43.78,22591.5,985775.989,1
BYBIT,LTCUSDT,60,1783922400000,43.78,43.86,43.71,43.8,5371.6,235151.882,1
BYBIT,LTCUSDT,60,1783926000000,43.8,43.99,43.78,43.88,6418.5,281734.721,1
BYBIT,LTCUSDT,60,1783929600000,43.88,43.99,43.84,43.9,9147.5,401632.632,1
BYBIT,LTCUSDT,60,1783933200000,43.9,43.9,43.79,43.85,4174.7,183055.352,1
BYBIT,LTCUSDT,60,1783936800000,43.85,43.85,43.64,43.7,7604.2,332599.378,1
BYBIT,LTCUSDT,60,1783940400000,43.7,43.76,43.35,43.36,11387.7,495338.325,1
BYBIT,LTCUSDT,60,1783944000000,43.36,43.42,43.21,43.37,19344.8,837854.66,1
BYBIT,LTCUSDT,60,1783947600000,43.37,43.42,43.2,43.21,25389.5,1099431.721,1
BYBIT,LTCUSDT,60,1783951200000,43.21,43.58,43.06,43.56,37288.1,1614421.969,1
BYBIT,LTCUSDT,60,1783954800000,43.56,43.64,43.43,43.45,12456.0,542301.817,1
BYBIT,LTCUSDT,60,1783958400000,43.45,43.49,43.23,43.29,14730.7,638640.58,1
BYBIT,LTCUSDT,60,1783962000000,43.29,43.36,42.93,42.98,18262.4,787649.515,1
BYBIT,LTCUSDT,60,1783965600000,42.98,43.17,42.86,43.07,18296.1,787122.36,1
BYBIT,LTCUSDT,60,1783969200000,43.07,43.32,43.04,43.29,8534.6,368608.392,1
BYBIT,LTCUSDT,60,1783972800000,43.29,43.31,43.12,43.24,7032.8,303689.909,1
BYBIT,LTCUSDT,60,1783976400000,43.24,43.35,43.05,43.17,10709.5,463187.991,1
BYBIT,LTCUSDT,60,1783980000000,43.17,43.42,43.14,43.28,6605.0,285978.609,1
BYBIT,LTCUSDT,60,1783983600000,43.28,43.53,43.24,43.53,8391.3,364379.519,1
BYBIT,LTCUSDT,60,1783987200000,43.53,43.78,43.46,43.78,16302.7,711832.175,1
BYBIT,LTCUSDT,60,1783990800000,43.78,43.81,43.63,43.65,4816.5,210601.953,1
BYBIT,LTCUSDT,60,1783994400000,43.65,43.7,43.42,43.56,7848.8,341773.622,1
BYBIT,LTCUSDT,60,1783998000000,43.56,43.67,43.4,43.67,5165.6,224968.193,1
BYBIT,LTCUSDT,60,1784001600000,43.67,43.72,43.56,43.68,5695.3,248583.099,1
BYBIT,LTCUSDT,60,1784005200000,43.68,43.83,43.66,43.81,7306.5,319786.627,1
BYBIT,LTCUSDT,60,1784008800000,43.81,43.82,43.64,43.7,6660.7,291100.606,1
BYBIT,LTCUSDT,60,1784012400000,43.7,43.72,43.51,43.56,7114.7,310271.79,1
BYBIT,LTCUSDT,60,1784016000000,43.56,43.65,43.51,43.61,5104.2,222477.477,1
BYBIT,LTCUSDT,60,1784019600000,43.61,43.73,43.55,43.7,8055.3,351511.08,1
BYBIT,LTCUSDT,60,1784023200000,43.7,43.78,43.57,43.7,8626.3,376876.586,1
BYBIT,LTCUSDT,60,1784026800000,43.7,43.77,43.66,43.66,10328.8,451585.163,1
BYBIT,LTCUSDT,60,1784030400000,43.66,44.57,43.58,44.52,50919.0,2244049.818,1
BYBIT,LTCUSDT,60,1784034000000,44.52,44.86,44.43,44.65,53088.8,2369144.241,1
BYBIT,LTCUSDT,60,1784037600000,44.65,44.73,44.47,44.65,40377.1,1800056.08,1
BYBIT,LTCUSDT,60,1784041200000,44.65,44.98,44.48,44.75,25806.2,1154112.402,1
BYBIT,LTCUSDT,60,1784044800000,44.75,44.86,44.56,44.57,22472.3,1004503.186,1
BYBIT,LTCUSDT,60,1784048400000,44.57,44.64,44.26,44.63,49578.9,2203327.017,1
BYBIT,LTCUSDT,60,1784052000000,44.63,44.72,44.46,44.71,23414.9,1043566.718,1
BYBIT,LTCUSDT,60,1784055600000,44.71,44.99,44.7,44.93,23471.9,1053060.056,1
BYBIT,LTCUSDT,60,1784059200000,44.93,44.98,44.84,44.98,13448.8,603672.534,1
BYBIT,LTCUSDT,60,1784062800000,44.98,45.06,44.9,45.06,15080.6,678009.248,1
BYBIT,LTCUSDT,60,1784066400000,45.06,45.24,44.92,45.12,16568.2,747477.985,1
BYBIT,LTCUSDT,60,1784070000000,45.12,45.49,45.11,45.37,26414.0,1197810.605,1
BYBIT,LTCUSDT,60,1784073600000,45.37,45.49,45.11,45.26,32812.5,1485047.376,1
BYBIT,LTCUSDT,60,1784077200000,45.26,45.28,44.9,44.95,21571.9,971825.131,1
BYBIT,LTCUSDT,60,1784080800000,44.95,45.0,44.75,44.79,26544.4,1190660.896,1
BYBIT,LTCUSDT,60,1784084400000,44.79,45.02,44.59,44.91,36633.8,1641770.1,1
BYBIT,LTCUSDT,60,1784088000000,44.91,44.94,44.59,44.74,16582.3,741777.568,1
BYBIT,LTCUSDT,60,1784091600000,44.74,44.91,44.62,44.9,5407.2,241960.248,1
BYBIT,LTCUSDT,60,1784095200000,44.9,45.17,44.86,45.0,20736.5,934074.722,1
BYBIT,LTCUSDT,60,1784098800000,45.0,45.16,44.82,45.12,12125.9,545618.214,1
BYBIT,LTCUSDT,60,1784102400000,45.12,45.33,45.08,45.29,10629.6,480499.283,1
BYBIT,LTCUSDT,60,1784106000000,45.29,46.07,45.29,45.77,80100.0,3661643.339,1
BYBIT,LTCUSDT,60,1784109600000,45.77,46.03,45.43,45.48,42597.5,1948534.478,1
BYBIT,LTCUSDT,60,1784113200000,45.48,45.58,45.31,45.38,25682.3,1166781.834,1
BYBIT,LTCUSDT,60,1784116800000,45.38,45.65,45.29,45.63,41609.6,1891275.78,1
BYBIT,LTCUSDT,60,1784120400000,45.63,45.75,45.31,45.44,31487.0,1435069.737,1
BYBIT,LTCUSDT,60,1784124000000,45.44,45.62,45.32,45.55,21577.6,981851.653,1
BYBIT,LTCUSDT,60,1784127600000,45.55,45.92,45.45,45.7,32515.3,1485737.939,1
BYBIT,LTCUSDT,60,1784131200000,45.7,45.74,44.83,45.13,71244.9,3212648.415,1
BYBIT,LTCUSDT,60,1784134800000,45.13,45.27,45.03,45.23,14230.0,642544.641,1
BYBIT,LTCUSDT,60,1784138400000,45.23,45.32,44.97,45.01,21325.1,963168.518,1
BYBIT,LTCUSDT,60,1784142000000,45.01,45.08,44.87,44.89,15709.3,706304.809,1
BYBIT,LTCUSDT,60,1784145600000,44.89,45.13,44.87,45.07,9290.8,418100.451,1
BYBIT,LTCUSDT,60,1784149200000,45.07,45.2,44.94,44.98,29000.0,1307872.222,1
BYBIT,LTCUSDT,60,1784152800000,44.98,45.18,44.93,45.1,20938.9,943430.041,1
BYBIT,LTCUSDT,60,1784156400000,45.1,45.2,45.02,45.13,12365.5,557818.759,1
BYBIT,LTCUSDT,60,1784160000000,45.13,45.29,44.93,45.05,26567.2,1199239.955,1
BYBIT,LTCUSDT,60,1784163600000,45.05,45.25,44.93,45.19,6801.6,306798.514,1
BYBIT,LTCUSDT,60,1784167200000,45.19,45.29,45.14,45.29,5353.7,242207.264,1
BYBIT,LTCUSDT,60,1784170800000,45.29,45.3,45.11,45.16,6059.1,273815.577,1
BYBIT,LTCUSDT,60,1784174400000,45.16,45.28,45.15,45.22,6264.1,283254.955,1
BYBIT,LTCUSDT,60,1784178000000,45.22,45.39,45.21,45.26,12317.1,557798.345,1
BYBIT,LTCUSDT,60,1784181600000,45.26,45.36,44.98,45.13,11412.8,515840.321,1
BYBIT,LTCUSDT,60,1784185200000,45.13,45.13,44.75,44.84,14392.0,646007.96,1
BYBIT,LTCUSDT,60,1784188800000,44.84,44.95,44.54,44.71,54371.3,2432111.243,1
BYBIT,LTCUSDT,60,1784192400000,44.71,44.77,44.56,44.64,23257.9,1038970.527,1
BYBIT,LTCUSDT,60,1784196000000,44.64,44.76,44.6,44.65,10424.3,465722.873,1
BYBIT,LTCUSDT,60,1784199600000,44.65,44.66,44.45,44.55,15842.6,705823.123,1
BYBIT,LTCUSDT,60,1784203200000,44.55,44.57,44.33,44.48,36177.3,1607346.115,1
BYBIT,LTCUSDT,60,1784206800000,44.48,44.81,44.47,44.71,17142.0,765856.546,1
BYBIT,LTCUSDT,60,1784210400000,44.71,44.99,44.7,44.92,14293.6,641592.141,1
BYBIT,LTCUSDT,60,1784214000000,44.92,45.28,44.76,45.2,41167.7,1855929.025,1
BYBIT,LTCUSDT,60,1784217600000,45.2,45.32,45.05,45.23,19208.0,867660.123,1
BYBIT,LTCUSDT,60,1784221200000,45.23,45.26,44.93,45.07,12694.7,572221.642,1
BYBIT,LTCUSDT,60,1784224800000,45.07,45.27,45.04,45.22,7929.0,358201.627,1
BYBIT,LTCUSDT,60,1784228400000,45.22,45.3,45.11,45.21,11391.1,514948.745,1
BYBIT,LTCUSDT,60,1784232000000,45.21,45.22,45.03,45.04,6076.9,274231.045,1
BYBIT,LTCUSDT,60,1784235600000,45.04,45.33,45.04,45.25,10725.9,485095.814,1
BYBIT,LTCUSDT,60,1784239200000,45.25,45.35,44.99,45.02,10423.2,471143.215,1
BYBIT,LTCUSDT,60,1784242800000,45.02,45.03,44.76,44.91,19678.4,883134.447,1
BYBIT,LTCUSDT,60,1784246400000,44.91,45.29,44.83,45.28,26919.3,1211481.889,1
BYBIT,LTCUSDT,60,1784250000000,45.28,45.35,44.94,44.94,12745.5,575592.534,1
BYBIT,LTCUSDT,60,1784253600000,44.94,45.04,44.75,44.96,17802.6,798703.777,1
BYBIT,LTCUSDT,60,1784257200000,44.96,45.88,44.96,45.52,75536.6,3443958.749,1
BYBIT,LTCUSDT,60,1784260800000,45.52,45.69,45.21,45.47,26777.7,1216921.261,1
BYBIT,LTCUSDT,60,1784264400000,45.47,45.59,45.07,45.11,26216.9,1187266.412,1
BYBIT,LTCUSDT,60,1784268000000,45.11,45.17,44.8,44.86,33518.0,1508770.333,1
BYBIT,LTCUSDT,60,1784271600000,44.86,44.95,44.62,44.72,29184.5,1305540.618,1
BYBIT,LTCUSDT,60,1784275200000,44.72,44.73,44.13,44.29,35961.5,1597114.116,1
BYBIT,LTCUSDT,60,1784278800000,44.29,44.69,44.27,44.59,19870.4,884238.729,1
BYBIT,LTCUSDT,60,1784282400000,44.59,44.95,44.51,44.54,31643.7,1414986.585,1
BYBIT,LTCUSDT,60,1784286000000,44.54,44.57,44.13,44.37,27693.5,1226666.135,1
BYBIT,LTCUSDT,60,1784289600000,44.37,44.42,44.22,44.34,19994.9,886113.651,1
BYBIT,LTCUSDT,60,1784293200000,44.34,44.61,44.06,44.58,44469.7,1967828.402,1
BYBIT,LTCUSDT,60,1784296800000,44.58,44.82,44.45,44.51,23922.4,1067901.664,1
BYBIT,LTCUSDT,60,1784300400000,44.51,44.82,44.33,44.72,28919.8,1289233.667,1
BYBIT,LTCUSDT,60,1784304000000,44.72,44.97,44.6,44.84,20390.2,913167.072,1
BYBIT,LTCUSDT,60,1784307600000,44.84,45.09,44.82,44.91,26450.4,1189692.497,1
BYBIT,LTCUSDT,60,1784311200000,44.91,45.09,44.88,44.98,14710.5,661425.167,1
BYBIT,LTCUSDT,60,1784314800000,44.98,45.11,44.8,45.08,12267.6,551820.989,1
BYBIT,LTCUSDT,60,1784318400000,45.08,45.08,44.96,45.02,6428.3,289291.044,1
BYBIT,LTCUSDT,60,1784322000000,45.02,45.32,44.99,44.99,21371.6,965109.297,1
BYBIT,LTCUSDT,60,1784325600000,44.99,45.12,44.97,45.05,3590.8,161743.112,1
BYBIT,LTCUSDT,60,1784329200000,45.05,45.16,44.99,45.14,7761.0,350015.653,1
BYBIT,LTCUSDT,60,1784332800000,45.14,45.27,45.05,45.09,14137.7,638086.525,1
BYBIT,LTCUSDT,60,1784336400000,45.09,45.41,45.09,45.34,18741.8,848920.327,1
BYBIT,LTCUSDT,60,1784340000000,45.34,45.57,45.34,45.54,25383.4,1153679.623,1
BYBIT,LTCUSDT,60,1784343600000,45.54,45.6,45.41,45.54,10666.4,485210.719,1
BYBIT,LTCUSDT,60,1784347200000,45.54,45.55,45.37,45.46,6700.6,304545.085,1
BYBIT,LTCUSDT,60,1784350800000,45.46,45.51,45.34,45.39,7182.1,326322.692,1
BYBIT,LTCUSDT,60,1784354400000,45.39,45.46,45.37,45.43,3728.0,169281.929,1
BYBIT,LTCUSDT,60,1784358000000,45.43,45.67,45.4,45.47,13091.3,596602.447,1
BYBIT,LTCUSDT,60,1784361600000,45.47,45.53,45.39,45.41,12244.5,556676.952,1
BYBIT,LTCUSDT,60,1784365200000,45.41,45.46,45.33,45.4,6484.3,294357.679,1
BYBIT,LTCUSDT,60,1784368800000,45.4,45.48,45.28,45.36,5608.1,254487.324,1
BYBIT,LTCUSDT,60,1784372400000,45.36,45.5,45.33,45.49,7821.4,355215.136,1
BYBIT,LTCUSDT,60,1784376000000,45.49,45.76,45.49,45.67,17709.4,808011.43,1
BYBIT,LTCUSDT,60,1784379600000,45.67,45.85,45.64,45.76,14480.1,662084.272,1
BYBIT,LTCUSDT,60,1784383200000,45.76,46.58,45.61,46.32,81422.0,3759168.658,1
BYBIT,LTCUSDT,60,1784386800000,46.32,46.65,46.14,46.22,72137.4,3351023.548,1
BYBIT,LTCUSDT,60,1784390400000,46.22,47.2,46.01,47.16,94171.0,4390044.364,1
BYBIT,LTCUSDT,60,1784394000000,47.16,47.86,47.0,47.44,88145.2,4180729.82,1
BYBIT,LTCUSDT,60,1784397600000,47.44,47.59,47.07,47.09,58596.4,2774691.734,1
BYBIT,LTCUSDT,60,1784401200000,47.09,47.3,46.64,46.84,37689.1,1769972.072,1
BYBIT,LTCUSDT,60,1784404800000,46.84,47.09,46.76,46.98,33240.0,1558363.838,1
BYBIT,LTCUSDT,60,1784408400000,46.98,47.14,46.7,46.77,23271.9,1092489.534,1
BYBIT,LTCUSDT,60,1784412000000,46.77,46.99,46.74,46.96,13312.1,623594.196,1
BYBIT,LTCUSDT,60,1784415600000,46.96,47.09,46.87,46.98,14855.5,697998.121,1
BYBIT,LTCUSDT,60,1784419200000,46.98,47.15,46.66,46.95,29221.9,1369935.75,1
BYBIT,LTCUSDT,60,1784422800000,46.95,46.96,46.76,46.78,12245.6,573898.362,1
BYBIT,LTCUSDT,60,1784426400000,46.78,47.21,46.78,47.19,14994.1,704958.806,1
BYBIT,LTCUSDT,60,1784430000000,47.19,47.2,46.78,46.87,13938.0,653952.108,1
BYBIT,LTCUSDT,60,1784433600000,46.87,46.92,46.67,46.86,12435.3,581370.554,1
BYBIT,LTCUSDT,60,1784437200000,46.86,46.93,46.73,46.75,8608.6,403045.586,1
BYBIT,LTCUSDT,60,1784440800000,46.75,46.84,46.74,46.83,8171.0,382336.376,1
BYBIT,LTCUSDT,60,1784444400000,46.83,47.17,46.8,47.05,18501.3,870234.469,1
BYBIT,LTCUSDT,60,1784448000000,47.05,47.1,46.8,46.86,15070.9,707418.794,1
BYBIT,LTCUSDT,60,1784451600000,46.86,46.88,46.67,46.79,13438.1,628539.367,1
BYBIT,LTCUSDT,60,1784455200000,46.79,47.04,46.75,47.02,11960.3,561422.843,1
BYBIT,LTCUSDT,60,1784458800000,47.02,47.2,46.85,46.94,26569.5,1249660.646,1
BYBIT,LTCUSDT,60,1784462400000,46.94,47.15,46.82,47.07,23768.3,1117696.355,1
BYBIT,LTCUSDT,60,1784466000000,47.07,47.45,46.96,47.32,46127.1,2178047.924,1
BYBIT,LTCUSDT,60,1784469600000,47.32,47.43,47.05,47.29,21998.4,1039472.808,1
BYBIT,LTCUSDT,60,1784473200000,47.29,47.39,47.13,47.17,20179.8,953524.485,1
BYBIT,LTCUSDT,60,1784476800000,47.17,47.31,46.98,47.14,21208.2,999878.674,1
BYBIT,LTCUSDT,60,1784480400000,47.14,47.54,46.91,47.46,23899.1,1129531.673,1
BYBIT,LTCUSDT,60,1784484000000,47.46,47.61,47.13,47.44,47684.4,2261799.429,1
BYBIT,LTCUSDT,60,1784487600000,47.44,47.64,47.33,47.64,18942.6,899546.965,1
BYBIT,LTCUSDT,60,1784491200000,47.64,47.79,47.47,47.54,22758.0,1083169.151,1
BYBIT,LTCUSDT,60,1784494800000,47.54,47.7,47.33,47.61,20631.9,979434.806,1
BYBIT,LTCUSDT,60,1784498400000,47.61,47.86,47.37,47.39,25757.2,1227407.283,1
BYBIT,LTCUSDT,60,1784502000000,47.39,47.4,46.98,47.03,31014.4,1462042.596,1
BYBIT,LTCUSDT,60,1784505600000,47.03,47.75,46.79,47.38,57766.3,2736049.84,1
BYBIT,LTCUSDT,60,1784509200000,47.38,47.79,46.99,47.09,40089.7,1901234.446,1
BYBIT,LTCUSDT,60,1784512800000,47.09,47.33,47.05,47.19,10319.9,486833.221,1
BYBIT,LTCUSDT,60,1784516400000,47.19,47.36,46.97,47.16,13177.8,621176.759,1
BYBIT,LTCUSDT,60,1784520000000,47.16,47.21,46.92,46.98,17583.7,826622.297,1
BYBIT,LTCUSDT,60,1784523600000,46.98,47.32,46.7,46.99,38135.6,1793097.819,1
BYBIT,LTCUSDT,60,1784527200000,46.99,47.24,46.4,46.78,57321.9,2678232.4,1
BYBIT,LTCUSDT,60,1784530800000,46.78,46.98,46.57,46.97,23480.3,1097566.788,1
BYBIT,LTCUSDT,60,1784534400000,46.97,47.03,46.4,46.47,47361.3,2212274.719,1
BYBIT,LTCUSDT,60,1784538000000,46.47,46.79,46.37,46.72,27337.2,1274285.541,1
BYBIT,LTCUSDT,60,1784541600000,46.72,47.05,46.62,47.02,12973.8,608068.746,1
BYBIT,LTCUSDT,60,1784545200000,47.02,47.5,47.0,47.42,50458.1,2383838.277,1
BYBIT,LTCUSDT,60,1784548800000,47.42,47.42,46.87,46.9,41246.9,1945921.883,1
BYBIT,LTCUSDT,60,1784552400000,46.9,46.98,46.47,46.66,53558.3,2502758.6,1
BYBIT,LTCUSDT,60,1784556000000,46.66,46.94,46.52,46.66,18952.3,885407.426,1
BYBIT,LTCUSDT,60,1784559600000,46.66,47.57,46.65,47.47,52643.5,2480561.834,1
BYBIT,LTCUSDT,60,1784563200000,47.47,47.5,47.14,47.35,32114.5,1519040.611,1
BYBIT,LTCUSDT,60,1784566800000,47.35,47.7,47.2,47.3,36371.9,1726264.574,1
BYBIT,LTCUSDT,60,1784570400000,47.3,47.5,46.95,47.01,29385.3,1388321.26,1
BYBIT,LTCUSDT,60,1784574000000,47.01,47.23,46.89,47.05,23885.1,1125341.339,1
BYBIT,LTCUSDT,60,1784577600000,47.05,47.42,46.95,47.38,8814.5,416308.642,1
BYBIT,LTCUSDT,60,1784581200000,47.38,47.54,47.35,47.51,10493.5,497908.738,1
BYBIT,LTCUSDT,60,1784584800000,47.51,47.51,47.22,47.28,13950.8,660366.281,1
BYBIT,LTCUSDT,60,1784588400000,47.28,47.4,47.23,47.33,4774.5,225924.312,1
BYBIT,LTCUSDT,60,1784592000000,47.33,47.47,47.26,47.36,7756.7,367585.124,1
BYBIT,LTCUSDT,60,1784595600000,47.36,47.39,47.19,47.23,9342.4,441846.934,1
BYBIT,LTCUSDT,60,1784599200000,47.23,47.33,47.09,47.28,8111.7,382986.718,1
BYBIT,LTCUSDT,60,1784602800000,47.28,47.45,47.24,47.27,5518.8,261215.861,1
BYBIT,LTCUSDT,60,1784606400000,47.27,47.66,47.23,47.27,24885.6,1181257.958,1
BYBIT,LTCUSDT,60,1784610000000,47.27,47.59,47.25,47.41,12740.2,604453.107,1
BYBIT,LTCUSDT,60,1784613600000,47.41,47.61,47.29,47.54,19935.5,946662.355,1
BYBIT,LTCUSDT,60,1784617200000,47.54,47.57,47.44,47.51,10254.8,487217.694,1
BYBIT,LTCUSDT,60,1784620800000,47.51,47.76,47.45,47.57,17461.1,831763.549,1
BYBIT,LTCUSDT,60,1784624400000,47.57,47.73,47.38,47.64,21769.0,1034673.851,1
BYBIT,LTCUSDT,60,1784628000000,47.64,47.68,47.27,47.28,39256.6,1864741.382,1
BYBIT,LTCUSDT,60,1784631600000,47.28,47.52,47.22,47.36,10489.1,496845.599,1
BYBIT,LTCUSDT,60,1784635200000,47.36,47.55,47.33,47.48,17689.0,839583.401,1
BYBIT,LTCUSDT,60,1784638800000,47.48,47.91,47.39,47.86,50259.6,2396002.57,1
BYBIT,LTCUSDT,60,1784642400000,47.86,48.12,47.68,47.79,42239.9,2024652.874,1
BYBIT,LTCUSDT,60,1784646000000,47.79,47.89,47.63,47.85,17199.6,820983.601,1
BYBIT,LTCUSDT,60,1784649600000,47.85,47.85,47.45,47.64,27364.6,1303543.239,1
BYBIT,LTCUSDT,60,1784653200000,47.64,47.69,47.07,47.26,29849.2,1412425.49,1
BYBIT,LTCUSDT,60,1784656800000,47.26,47.45,47.19,47.38,8628.9,408448.026,1
BYBIT,LTCUSDT,60,1784660400000,47.38,47.42,47.06,47.13,21768.8,1026948.328,1
BYBIT,LTCUSDT,60,1784664000000,47.13,47.15,46.84,46.88,13829.7,649653.845,1
BYBIT,LTCUSDT,60,1784667600000,46.88,47.03,46.81,46.9,11940.3,560083.729,1
BYBIT,LTCUSDT,60,1784671200000,46.9,46.91,46.64,46.84,10867.2,508230.792,1
BYBIT,LTCUSDT,60,1784674800000,46.84,46.84,46.66,46.82,16264.6,760062.436,1
BYBIT,LTCUSDT,60,1784678400000,46.82,46.98,46.73,46.83,26872.4,1258357.646,1
BYBIT,LTCUSDT,60,1784682000000,46.83,46.91,46.74,46.79,9127.6,427287.311,1
BYBIT,LTCUSDT,60,1784685600000,46.79,46.87,46.52,46.59,20376.0,950281.771,1
BYBIT,LTCUSDT,60,1784689200000,46.59,46.73,46.55,46.57,10636.2,495955.564,1
BYBIT,LTCUSDT,60,1784692800000,46.57,46.69,46.53,46.64,8857.6,412984.705,1
BYBIT,LTCUSDT,60,1784696400000,46.64,46.64,46.31,46.39,23953.4,1112124.787,1
BYBIT,LTCUSDT,60,1784700000000,46.39,46.49,46.29,46.43,10528.1,488549.639,1
BYBIT,LTCUSDT,60,1784703600000,46.43,46.55,46.36,46.41,13556.5,629481.425,1
BYBIT,LTCUSDT,60,1784707200000,46.41,46.5,46.37,46.42,12553.3,582831.304,1
BYBIT,LTCUSDT,60,1784710800000,46.42,46.54,46.38,46.5,15684.0,728640.022,1
BYBIT,LTCUSDT,60,1784714400000,46.5,46.6,46.4,46.54,15003.0,697632.353,1
BYBIT,LTCUSDT,60,1784718000000,46.54,46.56,46.42,46.53,12620.7,586631.413,1
BYBIT,LTCUSDT,60,1784721600000,46.53,46.74,46.48,46.7,15936.0,742403.474,1
BYBIT,LTCUSDT,60,1784725200000,46.7,46.85,46.65,46.83,20459.4,956647.007,1
BYBIT,LTCUSDT,60,1784728800000,46.83,47.0,46.53,46.75,13783.1,644497.149,1
BYBIT,LTCUSDT,60,1784732400000,46.75,46.91,46.74,46.81,13500.6,632244.996,1
BYBIT,LTCUSDT,60,1784736000000,46.81,47.03,46.73,46.96,12078.9,566401.94,1
BYBIT,LTCUSDT,60,1784739600000,46.96,47.15,46.85,47.03,16653.8,782802.309,1
BYBIT,LTCUSDT,60,1784743200000,47.03,47.14,46.92,47.12,12586.1,592042.075,1
BYBIT,LTCUSDT,60,1784746800000,47.12,47.19,46.94,47.14,15468.4,728681.459,1
BYBIT,LTCUSDT,60,1784750400000,47.14,47.28,47.04,47.26,20067.3,946782.804,1
BYBIT,LTCUSDT,60,1784754000000,47.26,47.61,47.23,47.5,24625.8,1168122.708,1
BYBIT,LTCUSDT,60,1784757600000,47.5,47.51,47.07,47.1,15045.0,711030.626,1
BYBIT,LTCUSDT,60,1784761200000,47.1,47.13,46.86,47.11,16365.7,768979.048,1
BYBIT,LTCUSDT,60,1784764800000,47.11,47.34,47.03,47.24,27309.7,1288676.612,1
BYBIT,LTCUSDT,60,1784768400000,47.24,47.39,47.15,47.17,20180.6,954268.71,1
BYBIT,LTCUSDT,60,1784772000000,47.17,47.31,47.1,47.25,8733.8,412485.18,1
BYBIT,LTCUSDT,60,1784775600000,47.25,47.29,46.99,47.27,8080.6,380954.849,1
BYBIT,LTCUSDT,60,1784779200000,47.27,47.27,47.11,47.14,5111.4,241220.817,1
BYBIT,LTCUSDT,60,1784782800000,47.14,47.26,47.03,47.04,4843.0,228325.927,1
BYBIT,LTCUSDT,60,1784786400000,47.04,47.21,46.88,47.2,32979.5,1551784.002,1
BYBIT,LTCUSDT,60,1784790000000,47.2,47.2,46.79,46.91,20702.8,972486.921,1
BYBIT,LTCUSDT,60,1784793600000,46.91,47.17,46.86,47.16,10866.5,510812.836,1
BYBIT,LTCUSDT,60,1784797200000,47.16,47.27,46.91,46.95,13816.1,650758.396,1
BYBIT,LTCUSDT,60,1784800800000,46.95,46.96,46.75,46.76,19430.5,910200.188,1
BYBIT,LTCUSDT,60,1784804400000,46.76,46.94,46.71,46.9,21070.0,986370.627,1
BYBIT,LTCUSDT,60,1784808000000,46.9,47.08,46.78,46.93,39376.4,1848195.224,1
BYBIT,LTCUSDT,60,1784811600000,46.93,46.94,46.62,46.69,19614.2,916714.701,1
BYBIT,LTCUSDT,60,1784815200000,46.69,46.77,46.49,46.55,24668.1,1150131.454,1
BYBIT,LTCUSDT,60,1784818800000,46.55,46.56,46.17,46.38,40172.1,1861277.778,1
BYBIT,LTCUSDT,60,1784822400000,46.38,46.58,46.25,46.51,13579.2,630258.771,1
BYBIT,LTCUSDT,60,1784826000000,46.51,46.66,46.36,46.43,10879.5,506543.846,1
BYBIT,LTCUSDT,60,1784829600000,46.43,46.82,46.43,46.76,17693.7,825882.179,1
BYBIT,LTCUSDT,60,1784833200000,46.76,46.93,46.76,46.89,10456.5,489941.749,1
BYBIT,LTCUSDT,60,1784836800000,46.89,47.38,46.77,47.38,35348.8,1665122.071,1
BYBIT,LTCUSDT,60,1784840400000,47.38,47.54,47.1,47.13,33704.4,1596992.819,1
BYBIT,LTCUSDT,60,1784844000000,47.13,47.21,46.94,47.17,9342.1,440028.648,1
BYBIT,LTCUSDT,60,1784847600000,47.17,47.23,46.91,46.93,11535.5,542980.01,1
BYBIT,LTCUSDT,60,1784851200000,46.93,47.09,46.85,47.08,20863.7,980498.909,1
BYBIT,LTCUSDT,60,1784854800000,47.08,47.21,46.92,46.94,7300.0,343407.27,1
BYBIT,LTCUSDT,60,1784858400000,46.94,47.0,46.54,46.63,13672.9,639109.749,1
BYBIT,LTCUSDT,60,1784862000000,46.63,46.86,46.58,46.74,8191.1,382836.607,1
BYBIT,LTCUSDT,60,1784865600000,46.74,46.82,46.64,46.67,5499.8,257045.784,1
BYBIT,LTCUSDT,60,1784869200000,46.67,46.82,46.63,46.67,6757.4,315705.501,1
BYBIT,LTCUSDT,60,1784872800000,46.67,46.98,46.66,46.97,7320.4,343127.365,1
BYBIT,LTCUSDT,60,1784876400000,46.97,47.39,46.84,46.95,33138.4,1562478.81,1
BYBIT,LTCUSDT,60,1784880000000,46.95,46.96,46.61,46.82,19931.4,932804.685,1
BYBIT,LTCUSDT,60,1784883600000,46.82,46.82,46.51,46.7,12080.4,563668.306,1
BYBIT,LTCUSDT,60,1784887200000,46.7,46.7,46.07,46.2,33653.7,1558428.354,1
BYBIT,LTCUSDT,60,1784890800000,46.2,46.34,46.14,46.32,12337.7,570625.862,1
BYBIT,LTCUSDT,60,1784894400000,46.32,46.4,46.2,46.24,14619.0,676935.651,1
BYBIT,LTCUSDT,60,1784898000000,46.24,46.39,46.06,46.2,28395.5,1312388.887,1
BYBIT,LTCUSDT,60,1784901600000,46.2,46.29,45.93,46.28,26806.0,1235606.238,1
BYBIT,LTCUSDT,60,1784905200000,46.28,46.51,46.16,46.35,21729.2,1006984.573,1
BYBIT,LTCUSDT,60,1784908800000,46.35,46.45,46.15,46.26,14169.8,656352.764,1
BYBIT,LTCUSDT,60,1784912400000,46.26,46.35,46.23,46.31,9453.5,437580.126,1
BYBIT,LTCUSDT,60,1784916000000,46.31,46.31,46.1,46.18,9840.8,454370.995,1
BYBIT,LTCUSDT,60,1784919600000,46.18,46.21,46.06,46.17,6202.3,286191.113,1
BYBIT,LTCUSDT,60,1784923200000,46.17,46.29,46.11,46.19,13836.3,639459.276,1
BYBIT,LTCUSDT,60,1784926800000,46.19,46.32,46.08,46.11,16469.5,761200.908,1
BYBIT,LTCUSDT,60,1784930400000,46.11,46.28,46.07,46.24,5076.3,234430.227,1
BYBIT,LTCUSDT,60,1784934000000,46.24,46.34,46.19,46.32,3907.4,180840.999,1
BYBIT,LTCUSDT,60,1784937600000,46.32,46.38,46.21,46.27,13281.7,614384.65,1
BYBIT,LTCUSDT,60,1784941200000,46.27,46.36,46.19,46.28,6441.3,298084.364,1
BYBIT,LTCUSDT,60,1784944800000,46.28,46.42,46.26,46.38,4194.6,194476.567,1
BYBIT,LTCUSDT,60,1784948400000,46.38,46.38,46.21,46.25,4912.6,227358.502,1
BYBIT,LTCUSDT,60,1784952000000,46.25,46.34,46.25,46.31,3205.3,148342.144,1
BYBIT,LTCUSDT,60,1784955600000,46.31,46.34,46.16,46.19,3640.2,168285.827,1
BYBIT,LTCUSDT,60,1784959200000,46.19,46.23,45.98,46.1,13522.3,623086.708,1
BYBIT,LTCUSDT,60,1784962800000,46.1,46.13,46.02,46.04,4702.4,216711.169,1
BYBIT,LTCUSDT,60,1784966400000,46.04,46.1,45.81,45.84,32350.7,1486461.129,1
BYBIT,LTCUSDT,60,1784970000000,45.84,45.97,45.78,45.91,21282.3,975456.358,1
BYBIT,LTCUSDT,60,1784973600000,45.91,45.95,45.83,45.89,10182.1,467151.307,1
BYBIT,LTCUSDT,60,1784977200000,45.89,45.94,45.79,45.89,6632.3,304199.034,1
BYBIT,LTCUSDT,60,1784980800000,45.89,46.02,45.88,45.99,11958.0,549413.81,1
BYBIT,LTCUSDT,60,1784984400000,45.99,46.15,45.95,46.0,13006.1,599128.001,1
BYBIT,LTCUSDT,60,1784988000000,46.0,46.01,45.77,45.92,22708.1,1040781.714,1
BYBIT,LTCUSDT,60,1784991600000,45.92,46.13,45.91,46.06,10475.1,482395.948,1
BYBIT,LTCUSDT,60,1784995200000,46.06,46.19,45.98,46.14,16118.6,742414.183,1
BYBIT,LTCUSDT,60,1784998800000,46.14,46.29,46.08,46.2,11902.3,549845.404,1
BYBIT,LTCUSDT,60,1785002400000,46.2,46.3,46.17,46.26,4950.7,228935.361,1
BYBIT,LTCUSDT,60,1785006000000,46.26,46.5,46.24,46.45,27136.7,1259124.386,1
BYBIT,LTCUSDT,60,1785009600000,46.45,46.5,46.39,46.49,10070.1,467666.946,1
BYBIT,LTCUSDT,60,1785013200000,46.49,46.67,46.4,46.52,28565.6,1328218.599,1
BYBIT,LTCUSDT,60,1785016800000,46.52,46.58,46.46,46.53,6867.2,319509.578,1
BYBIT,LTCUSDT,60,1785020400000,46.53,46.55,46.47,46.52,3157.0,146817.229,1
BYBIT,LTCUSDT,60,1785024000000,46.52,46.61,46.44,46.53,10356.5,481938.042,1
BYBIT,LTCUSDT,60,1785027600000,46.53,46.69,46.45,46.64,6906.9,321651.751,1
BYBIT,LTCUSDT,60,1785031200000,46.64,46.73,46.57,46.72,6034.2,281466.36,1
BYBIT,LTCUSDT,60,1785034800000,46.72,46.81,46.69,46.74,8366.5,391187.352,1
BYBIT,LTCUSDT,60,1785038400000,46.74,46.78,46.66,46.74,3839.4,179407.407,1
BYBIT,LTCUSDT,60,1785042000000,46.74,46.86,46.65,46.75,7378.8,345309.08,1
BYBIT,LTCUSDT,60,1785045600000,46.75,46.88,46.63,46.88,11937.9,557827.582,1
BYBIT,LTCUSDT,60,1785049200000,46.88,46.96,46.73,46.95,19967.7,935366.281,1
BYBIT,LTCUSDT,60,1785052800000,46.95,47.09,46.9,47.06,21236.6,998555.343,1
BYBIT,LTCUSDT,60,1785056400000,47.06,47.27,47.05,47.15,18255.4,861135.878,1
BYBIT,LTCUSDT,60,1785060000000,47.15,47.22,47.09,47.17,7739.3,365052.024,1
BYBIT,LTCUSDT,60,1785063600000,47.17,47.2,47.08,47.14,5083.4,239619.647,1
BYBIT,LTCUSDT,60,1785067200000,47.14,47.31,47.09,47.31,9202.5,434484.168,1
BYBIT,LTCUSDT,60,1785070800000,47.31,47.33,46.99,47.05,20800.4,980868.381,1
BYBIT,LTCUSDT,60,1785074400000,47.05,47.08,46.59,47.04,45788.8,2145898.084,1
BYBIT,LTCUSDT,60,1785078000000,47.04,47.77,46.99,47.72,34170.5,1620348.874,1
BYBIT,LTCUSDT,60,1785081600000,47.72,48.15,47.54,47.95,53560.3,2563107.286,1
BYBIT,LTCUSDT,60,1785085200000,47.95,48.0,47.64,47.74,15611.7,746312.882,1
BYBIT,LTCUSDT,60,1785088800000,47.74,48.02,47.58,47.9,24755.8,1182301.318,1
BYBIT,LTCUSDT,60,1785092400000,47.9,48.04,47.81,47.83,14711.4,704466.031,1
BYBIT,LTCUSDT,60,1785096000000,47.83,47.89,47.66,47.66,10554.5,503950.273,1
BYBIT,LTCUSDT,60,1785099600000,47.66,47.74,47.53,47.61,15485.9,737040.435,1
BYBIT,LTCUSDT,60,1785103200000,47.61,48.23,47.61,48.01,33561.2,1611897.368,1
BYBIT,LTCUSDT,60,1785106800000,48.01,48.03,47.74,47.82,30219.9,1446857.462,1
BYBIT,LTCUSDT,60,1785110400000,47.82,47.82,47.37,47.43,22752.4,1082010.668,1
BYBIT,LTCUSDT,60,1785114000000,47.43,47.45,47.18,47.37,10145.0,479932.256,1
BYBIT,LTCUSDT,60,1785117600000,47.37,47.37,47.21,47.32,5527.5,261581.452,1
BYBIT,LTCUSDT,60,1785121200000,47.32,47.41,47.21,47.37,5819.5,275259.737,1
BYBIT,LTCUSDT,60,1785124800000,47.37,47.49,47.3,47.42,5864.9,278014.993,1
BYBIT,LTCUSDT,60,1785128400000,47.42,47.68,47.36,47.36,18956.7,901035.456,1
BYBIT,LTCUSDT,60,1785132000000,47.36,47.57,47.29,47.36,20895.1,990696.153,1
BYBIT,LTCUSDT,60,1785135600000,47.36,47.41,47.24,47.29,6719.3,317971.3,1
BYBIT,LTCUSDT,60,1785139200000,47.29,47.3,46.81,47.01,34369.2,1615187.953,1
BYBIT,LTCUSDT,60,1785142800000,47.01,47.13,46.91,46.93,16065.1,754834.148,1
BYBIT,LTCUSDT,60,1785146400000,46.93,47.07,46.9,47.02,5114.3,240232.523,1
BYBIT,LTCUSDT,60,1785150000000,47.02,47.04,46.92,47.0,5437.3,255477.993,1
BYBIT,LTCUSDT,60,1785153600000,47.0,47.05,46.74,46.96,9670.0,453635.598,1
BYBIT,LTCUSDT,60,1785157200000,46.96,47.34,46.93,47.16,18555.2,874912.371,1
BYBIT,LTCUSDT,60,1785160800000,47.16,47.21,46.13,46.41,68204.9,3172174.232,1
BYBIT,LTCUSDT,60,1785164400000,46.41,46.45,46.21,46.34,17838.7,826422.202,1
BYBIT,LTCUSDT,60,1785168000000,46.34,46.57,46.16,46.49,23318.1,1081098.159,1
BYBIT,LTCUSDT,60,1785171600000,46.49,46.59,46.44,46.46,13737.2,639223.021,1
BYBIT,LTCUSDT,60,1785175200000,46.46,46.5,46.24,46.36,22435.4,1039284.906,1
BYBIT,LTCUSDT,60,1785178800000,46.36,46.56,46.32,46.53,13770.4,640162.722,1
BYBIT,LTCUSDT,60,1785182400000,46.53,46.72,46.44,46.71,14717.3,684918.371,1
BYBIT,LTCUSDT,60,1785186000000,46.71,46.74,46.46,46.55,13602.4,634312.527,1
BYBIT,LTCUSDT,60,1785189600000,46.55,46.56,46.06,46.07,21117.0,976834.98,1
BYBIT,LTCUSDT,60,1785193200000,46.07,46.14,45.93,46.03,31060.6,1429460.991,1
BYBIT,LTCUSDT,60,1785196800000,46.03,46.11,45.93,45.99,19942.7,917509.573,1
BYBIT,LTCUSDT,60,1785200400000,45.99,46.2,45.89,46.12,44797.7,2058379.378,1
BYBIT,LTCUSDT,60,1785204000000,46.12,46.44,46.05,46.25,26976.5,1248413.179,1
BYBIT,LTCUSDT,60,1785207600000,46.25,46.37,46.23,46.26,8976.1,415516.984,1
BYBIT,LTCUSDT,60,1785211200000,46.26,46.37,46.15,46.29,14332.8,662952.44,1
BYBIT,LTCUSDT,60,1785214800000,46.29,46.4,46.2,46.2,6671.9,308912.423,1
BYBIT,LTCUSDT,60,1785218400000,46.2,46.42,46.07,46.41,12372.5,572135.236,1
BYBIT,LTCUSDT,60,1785222000000,46.41,46.43,46.3,46.42,9987.5,463095.471,1
BYBIT,LTCUSDT,60,1785225600000,46.42,46.45,46.22,46.22,11949.7,553550.843,1
BYBIT,LTCUSDT,60,1785229200000,46.22,46.52,46.22,46.45,12623.7,585760.585,1
BYBIT,LTCUSDT,60,1785232800000,46.45,46.55,46.39,46.49,9556.3,444225.252,1
BYBIT,LTCUSDT,60,1785236400000,46.49,46.6,46.38,46.56,13774.9,640383.782,1
BYBIT,LTCUSDT,60,1785240000000,46.56,46.67,46.5,46.64,13819.2,643681.909,1
BYBIT,LTCUSDT,60,1785243600000,46.64,46.66,46.04,46.11,32004.1,1482213.965,1
BYBIT,LTCUSDT,60,1785247200000,46.11,46.25,45.95,46.17,25184.7,1161860.223,1
BYBIT,LTCUSDT,60,1785250800000,46.17,46.55,46.05,46.54,22957.1,1064189.486,1
BYBIT,LTCUSDT,60,1785254400000,46.54,46.6,46.31,46.52,19140.6,888953.7,1
BYBIT,LTCUSDT,60,1785258000000,46.52,46.52,46.16,46.29,11566.6,535490.386,1
BYBIT,LTCUSDT,60,1785261600000,46.29,46.39,46.19,46.26,6051.5,280195.881,1
BYBIT,LTCUSDT,60,1785265200000,46.26,46.45,46.24,46.45,8045.1,373010.821,1
BYBIT,LTCUSDT,60,1785268800000,46.45,46.54,46.41,46.46,8041.7,373746.883,1
BYBIT,LTCUSDT,60,1785272400000,46.46,46.58,46.38,46.38,13542.6,629621.39,1
BYBIT,LTCUSDT,60,1785276000000,46.38,46.39,45.97,45.98,9611.6,443739.125,1
BYBIT,LTCUSDT,60,1785279600000,45.98,46.18,45.93,46.18,6843.9,315112.921,1
BYBIT,LTCUSDT,60,1785283200000,46.18,46.38,46.16,46.29,17480.1,809174.888,1
BYBIT,LTCUSDT,60,1785286800000,46.29,46.29,45.99,46.01,12366.7,569886.801,1
BYBIT,LTCUSDT,60,1785290400000,46.01,46.27,45.92,46.2,10283.6,474362.817,1
BYBIT,LTCUSDT,60,1785294000000,46.2,46.21,45.19,45.29,85472.1,3900467.661,1
BYBIT,LTCUSDT,60,1785297600000,45.29,45.39,44.94,45.13,53151.2,2398504.05,1
BYBIT,LTCUSDT,60,1785301200000,45.13,45.37,45.05,45.27,19608.4,886918.447,1
BYBIT,LTCUSDT,60,1785304800000,45.27,45.51,45.25,45.26,27967.6,1269005.456,1
BYBIT,LTCUSDT,60,1785308400000,45.26,45.27,45.07,45.22,20347.9,918977.403,1
BYBIT,LTCUSDT,60,1785312000000,45.22,45.23,45.0,45.13,19786.9,892535.685,1
BYBIT,LTCUSDT,60,1785315600000,45.13,45.47,45.12,45.41,12022.2,545243.957,1
BYBIT,LTCUSDT,60,1785319200000,45.41,45.45,45.13,45.18,7894.5,357889.117,1
BYBIT,LTCUSDT,60,1785322800000,45.18,45.4,45.18,45.33,7558.9,342602.495,1
BYBIT,LTCUSDT,60,1785326400000,45.33,45.36,45.18,45.28,9422.6,426549.183,1
BYBIT,LTCUSDT,60,1785330000000,45.28,45.43,45.18,45.36,13335.7,603879.899,1
BYBIT,LTCUSDT,60,1785333600000,45.36,45.41,44.86,44.94,18691.2,842385.369,1
BYBIT,LTCUSDT,60,1785337200000,44.94,45.1,44.79,44.97,19834.4,892022.179,1
BYBIT,LTCUSDT,60,1785340800000,44.97,45.19,44.91,45.18,12913.3,581888.549,1
BYBIT,LTCUSDT,60,1785344400000,45.18,45.49,45.18,45.48,11497.9,521044.555,1
BYBIT,LTCUSDT,60,1785348000000,45.48,45.85,45.17,45.56,42151.6,1920283.109,1
BYBIT,LTCUSDT,60,1785351600000,45.56,45.61,44.9,44.93,18907.9,853741.259,1
BYBIT,LTCUSDT,60,1785355200000,44.93,44.97,44.3,44.45,52542.0,2343422.915,1
BYBIT,LTCUSDT,60,1785358800000,44.45,44.8,44.32,44.79,26641.2,1186834.223,1
BYBIT,LTCUSDT,60,1785362400000,44.79,45.2,44.78,45.2,16371.8,737608.595,1
BYBIT,LTCUSDT,60,1785366000000,45.2,45.49,45.08,45.41,10321.3,467312.804,1
BYBIT,LTCUSDT,60,1785369600000,45.41,45.5,45.03,45.06,19970.9,903935.055,1
BYBIT,LTCUSDT,60,1785373200000,45.06,45.44,45.06,45.38,6536.8,295857.407,1
BYBIT,LTCUSDT,60,1785376800000,45.38,45.43,45.22,45.25,4818.7,218387.105,1
BYBIT,LTCUSDT,60,1785380400000,45.25,45.55,45.25,45.4,10924.2,496432.142,1
BYBIT,LTCUSDT,60,1785384000000,45.4,45.42,45.28,45.34,4606.8,208895.733,1
BYBIT,LTCUSDT,60,1785387600000,45.34,45.51,45.28,45.45,6192.2,281250.536,1
BYBIT,LTCUSDT,60,1785391200000,45.45,45.5,45.38,45.48,4053.8,184219.127,1
BYBIT,LTCUSDT,60,1785394800000,45.48,45.55,45.27,45.32,8138.1,369442.606,1
BYBIT,LTCUSDT,60,1785398400000,45.32,45.4,45.23,45.34,5133.5,232619.37,1
BYBIT,LTCUSDT,60,1785402000000,45.34,45.36,45.08,45.12,13480.9,609581.409,1
BYBIT,LTCUSDT,60,1785405600000,45.12,45.38,45.09,45.16,9324.3,422026.822,1
BYBIT,LTCUSDT,60,1785409200000,45.16,45.54,45.09,45.42,17141.4,776568.926,1
BYBIT,LTCUSDT,60,1785412800000,45.42,45.44,45.16,45.23,13039.0,590706.5,1
BYBIT,LTCUSDT,60,1785416400000,45.23,45.46,45.16,45.41,12240.5,554463.673,1
BYBIT,LTCUSDT,60,1785420000000,45.41,45.43,45.19,45.22,12542.1,568326.969,1
BYBIT,LTCUSDT,60,1785423600000,45.22,45.35,44.85,45.13,21682.1,976548.017,1
BYBIT,LTCUSDT,60,1785427200000,45.13,45.36,45.08,45.36,10940.0,494647.378,1
BYBIT,LTCUSDT,60,1785430800000,45.36,45.4,45.26,45.35,9884.8,448125.749,1
BYBIT,LTCUSDT,60,1785434400000,45.35,45.38,45.18,45.29,4945.4,224048.877,1
BYBIT,LTCUSDT,60,1785438000000,45.29,45.55,45.21,45.41,28059.8,1275375.923,1
BYBIT,LTCUSDT,60,1785441600000,45.41,45.69,45.4,45.64,12366.6,562725.87,1
BYBIT,LTCUSDT,60,1785445200000,45.64,45.79,45.62,45.77,21571.6,986349.482,1
BYBIT,LTCUSDT,60,1785448800000,45.77,45.81,45.59,45.67,12228.3,558891.384,1
BYBIT,LTCUSDT,60,1785452400000,45.67,45.78,45.52,45.55,9182.6,419047.303,1
BYBIT,LTCUSDT,60,1785456000000,45.55,45.74,45.52,45.63,18372.9,838176.548,1
BYBIT,LTCUSDT,60,1785459600000,45.63,45.87,45.48,45.55,11805.4,539723.552,1
BYBIT,LTCUSDT,60,1785463200000,45.55,45.57,45.23,45.29,11703.0,531005.185,1
BYBIT,LTCUSDT,60,1785466800000,45.29,45.39,45.23,45.37,7610.9,344847.43,1
BYBIT,LTCUSDT,60,1785470400000,45.37,45.38,45.17,45.34,6725.3,304512.977,1
BYBIT,LTCUSDT,60,1785474000000,45.34,45.45,45.31,45.41,4337.4,196942.036,1
BYBIT,LTCUSDT,60,1785477600000,45.41,45.43,45.18,45.32,7938.9,359666.407,1
BYBIT,LTCUSDT,60,1785481200000,45.32,45.37,45.1,45.34,8431.1,381150.886,1
BYBIT,LTCUSDT,60,1785484800000,45.34,45.39,45.19,45.2,4747.2,214958.77,1
BYBIT,LTCUSDT,60,1785488400000,45.2,45.23,44.95,44.97,17761.5,801457.494,1
BYBIT,LTCUSDT,60,1785492000000,44.97,45.13,44.89,45.04,7408.1,333594.178,1
BYBIT,LTCUSDT,60,1785495600000,45.04,45.12,44.81,44.85,10662.5,479509.089,1
BYBIT,LTCUSDT,60,1785499200000,44.85,45.18,44.72,45.11,13394.9,601775.0,1
BYBIT,LTCUSDT,60,1785502800000,45.11,45.28,44.93,44.97,20456.1,922493.346,1
BYBIT,LTCUSDT,60,1785506400000,44.97,45.18,44.7,44.84,26448.2,1187857.801,1
BYBIT,LTCUSDT,60,1785510000000,44.84,45.01,44.78,44.88,7829.7,351484.389,1
BYBIT,LTCUSDT,60,1785513600000,44.88,44.96,44.6,44.77,18250.9,816584.419,1
BYBIT,LTCUSDT,60,1785517200000,44.77,44.95,44.7,44.93,8464.1,379430.277,1
BYBIT,LTCUSDT,60,1785520800000,44.93,44.96,44.8,44.9,5823.2,261417.624,1
BYBIT,LTCUSDT,60,1785524400000,44.9,44.98,44.81,44.84,5071.6,227770.973,1
BYBIT,LTCUSDT,60,1785528000000,44.84,44.95,44.51,44.61,28314.3,1266985.24,1
BYBIT,LTCUSDT,60,1785531600000,44.61,44.77,44.52,44.64,16653.1,743473.916,1
BYBIT,LTCUSDT,60,1785535200000,44.64,44.68,44.2,44.21,17969.3,798653.776,1
BYBIT,LTCUSDT,60,1785538800000,44.21,44.33,44.16,44.28,14633.6,647451.267,1
BYBIT,LTCUSDT,60,1785542400000,44.28,44.38,44.14,44.27,20849.0,923562.012,1
BYBIT,LTCUSDT,60,1785546000000,44.27,44.33,44.17,44.24,16441.0,727691.025,1
BYBIT,LTCUSDT,60,1785549600000,44.24,44.52,44.24,44.49,5364.6,238084.868,1
BYBIT,LTCUSDT,60,1785553200000,44.49,44.57,44.45,44.56,5887.7,262072.193,1
BYBIT,LTCUSDT,60,1785556800000,44.56,44.75,44.52,44.7,9978.1,445382.22,1
BYBIT,LTCUSDT,60,1785560400000,44.7,44.7,44.35,44.42,12954.1,576212.748,1
BYBIT,LTCUSDT,60,1785564000000,44.42,44.61,44.42,44.54,8418.5,374784.325,1
BYBIT,LTCUSDT,60,1785567600000,44.54,44.64,44.48,44.49,7978.6,355497.584,1
BYBIT,LTCUSDT,60,1785571200000,44.49,44.58,44.32,44.43,9711.3,431522.634,1
BYBIT,LTCUSDT,60,1785574800000,44.43,44.5,44.32,44.35,4644.3,206273.009,1
BYBIT,LTCUSDT,60,1785578400000,44.35,44.42,44.16,44.29,7281.5,322327.09,1
BYBIT,LTCUSDT,60,1785582000000,44.29,44.37,44.24,44.31,5754.7,254935.122,1
BYBIT,LTCUSDT,60,1785585600000,44.31,44.36,44.24,44.36,3609.3,159894.76,1
BYBIT,LTCUSDT,60,1785589200000,44.36,44.36,44.2,44.27,7384.3,326758.107,1
BYBIT,LTCUSDT,60,1785592800000,44.27,44.3,44.04,44.16,11568.3,510644.078,1
BYBIT,LTCUSDT,60,1785596400000,44.16,44.19,44.04,44.08,8278.0,365143.176,1
BYBIT,LTCUSDT,60,1785600000000,44.08,44.2,43.95,44.04,14164.3,624262.332,1
BYBIT,LTCUSDT,60,1785603600000,44.04,44.15,43.86,43.96,25801.9,1134448.283,1
BYBIT,LTCUSDT,60,1785607200000,43.96,44.01,43.59,43.88,90778.7,3980276.111,1
BYBIT,LTCUSDT,60,1785610800000,43.88,44.07,43.85,43.99,22150.8,973593.658,1
BYBIT,LTCUSDT,60,1785614400000,43.99,44.04,43.91,44.02,10675.6,469416.218,1
BYBIT,LTCUSDT,60,1785618000000,44.02,44.14,43.97,44.13,11662.3,513511.834,1
BYBIT,LTCUSDT,60,1785621600000,44.13,44.22,44.07,44.18,4290.5,189473.626,1
BYBIT,LTCUSDT,60,1785625200000,44.18,44.22,44.13,44.21,4886.4,215875.448,1
BYBIT,LTCUSDT,60,1785628800000,44.21,44.24,44.1,44.18,16824.2,743436.134,1
BYBIT,LTCUSDT,60,1785632400000,44.18,44.67,44.18,44.54,31481.0,1399074.054,1
BYBIT,LTCUSDT,60,1785636000000,44.54,44.77,44.52,44.61,15832.8,706970.861,1
BYBIT,LTCUSDT,60,1785639600000,44.61,44.71,44.59,44.63,5739.9,256280.43,1
BYBIT,LTCUSDT,60,1785643200000,44.63,44.71,44.58,44.6,10360.0,462403.843,1
BYBIT,LTCUSDT,60,1785646800000,44.6,44.7,44.54,44.65,7130.0,318253.096,1
BYBIT,LTCUSDT,60,1785650400000,44.65,44.83,44.65,44.8,13382.5,598911.795,1
BYBIT,LTCUSDT,60,1785654000000,44.8,44.86,44.73,44.82,8928.5,400030.189,1
BYBIT,LTCUSDT,60,1785657600000,44.82,44.83,44.63,44.69,6855.8,306646.578,1
BYBIT,LTCUSDT,60,1785661200000,44.69,44.84,44.62,44.81,9295.5,416083.15,1
BYBIT,LTCUSDT,60,1785664800000,44.81,44.81,44.65,44.66,5821.8,260321.046,1
BYBIT,LTCUSDT,60,1785668400000,44.66,44.69,44.54,44.61,10736.9,478836.796,1
BYBIT,LTCUSDT,60,1785672000000,44.61,44.7,44.59,44.66,3275.0,146223.377,1
BYBIT,LTCUSDT,60,1785675600000,44.66,44.69,44.54,44.67,5856.3,261258.613,1
BYBIT,LTCUSDT,60,1785679200000,44.67,44.71,44.56,44.65,4973.1,221947.629,1
BYBIT,LTCUSDT,60,1785682800000,44.65,44.77,44.64,44.72,3622.0,161945.007,1
BYBIT,LTCUSDT,60,1785686400000,44.72,44.84,44.67,44.82,8643.7,387057.795,1
BYBIT,LTCUSDT,60,1785690000000,44.82,44.99,44.78,44.95,7467.2,335451.835,1
BYBIT,LTCUSDT,60,1785693600000,44.95,45.02,44.88,44.92,12007.0,539622.031,1
BYBIT,LTCUSDT,60,1785697200000,44.92,45.0,44.78,45.0,6392.6,286766.414,1
BYBIT,LTCUSDT,60,1785700800000,45.0,45.01,44.78,44.85,6149.5,276102.586,1
BYBIT,LTCUSDT,60,1785704400000,44.85,44.99,44.81,44.91,12119.3,544034.4,1
BYBIT,LTCUSDT,60,1785708000000,44.91,45.01,44.72,44.76,9827.7,440640.929,1
BYBIT,LTCUSDT,60,1785711600000,44.76,44.77,44.62,44.66,8433.8,376782.574,1
BYBIT,LTCUSDT,60,1785715200000,44.66,44.75,44.57,44.7,10716.4,478535.469,1
BYBIT,LTCUSDT,60,1785718800000,44.7,44.71,44.58,44.61,3267.5,145837.144,1
BYBIT,LTCUSDT,60,1785722400000,44.61,44.62,44.47,44.53,4964.5,221137.461,1
BYBIT,LTCUSDT,60,1785726000000,44.53,44.55,44.26,44.4,10781.8,478499.484,1
BYBIT,LTCUSDT,60,1785729600000,44.4,44.54,44.37,44.38,6983.3,310401.531,1
BYBIT,LTCUSDT,60,1785733200000,44.38,44.52,44.32,44.51,6147.5,273160.594,1
BYBIT,LTCUSDT,60,1785736800000,44.51,44.54,44.31,44.35,6450.0,286488.083,1
BYBIT,LTCUSDT,60,1785740400000,44.35,44.36,44.08,44.12,14955.5,661171.737,1
BYBIT,LTCUSDT,60,1785744000000,44.12,44.17,44.0,44.06,9827.9,433294.266,1
BYBIT,LTCUSDT,60,1785747600000,44.06,44.41,44.02,44.38,20247.4,895105.295,1
BYBIT,LTCUSDT,60,1785751200000,44.38,44.38,44.18,44.23,5779.0,255706.025,1
BYBIT,LTCUSDT,60,1785754800000,44.23,44.23,44.09,44.09,7087.8,313045.723,1
BYBIT,LTCUSDT,60,1785758400000,44.09,44.12,44.03,44.07,5641.0,248643.069,1
BYBIT,LTCUSDT,60,1785762000000,44.07,44.39,44.01,44.38,16269.5,719551.091,1
BYBIT,LTCUSDT,60,1785765600000,44.38,44.48,44.23,44.43,18051.9,800678.425,1
BYBIT,LTCUSDT,60,1785769200000,44.43,44.45,44.21,44.25,18897.3,838341.916,1
BYBIT,LTCUSDT,60,1785772800000,44.25,44.42,44.12,44.2,23282.7,1030533.641,1
BYBIT,LTCUSDT,60,1785776400000,44.2,44.33,44.09,44.12,7294.1,322440.045,1
BYBIT,LTCUSDT,60,1785780000000,44.12,44.22,44.06,44.2,8669.4,382634.433,1
BYBIT,LTCUSDT,60,1785783600000,44.2,44.34,44.16,44.29,5008.5,221727.386,1
BYBIT,LTCUSDT,60,1785787200000,44.29,44.48,44.27,44.47,6166.8,273900.327,1
BYBIT,LTCUSDT,60,1785790800000,44.47,44.49,44.32,44.32,8309.4,368977.449,1
BYBIT,LTCUSDT,60,1785794400000,44.32,44.34,44.11,44.17,14085.7,622316.145,1
BYBIT,LTCUSDT,60,1785798000000,44.17,44.28,44.15,44.26,4071.7,179977.481,1
BYBIT,LTCUSDT,60,1785801600000,44.26,44.3,44.1,44.14,5954.3,263120.066,1
BYBIT,LTCUSDT,60,1785805200000,44.14,44.36,44.03,44.33,9033.0,399343.052,1
BYBIT,LTCUSDT,60,1785808800000,44.33,44.46,44.22,44.32,6947.0,307936.017,1
BYBIT,LTCUSDT,60,1785812400000,44.32,44.39,44.21,44.34,4972.5,220269.25,1
BYBIT,LTCUSDT,60,1785816000000,44.34,44.54,44.33,44.4,7023.2,312101.305,1
BYBIT,LTCUSDT,60,1785819600000,44.4,44.46,44.34,44.46,5413.8,240318.457,1
BYBIT,LTCUSDT,60,1785823200000,44.46,44.54,44.3,44.3,9444.9,419803.296,1
BYBIT,LTCUSDT,60,1785826800000,44.3,44.31,44.02,44.25,25459.3,1124012.947,1
BYBIT,LTCUSDT,60,1785830400000,44.25,44.31,44.16,44.18,6191.0,273761.359,1
BYBIT,LTCUSDT,60,1785834000000,44.18,44.34,44.17,44.27,12789.8,565881.265,1
BYBIT,LTCUSDT,60,1785837600000,44.27,44.32,44.17,44.26,7619.0,337152.444,1
BYBIT,LTCUSDT,60,1785841200000,44.26,44.38,44.18,44.33,9659.8,427986.283,1
BYBIT,LTCUSDT,60,1785844800000,44.33,44.39,44.2,44.25,6959.1,308136.102,1
BYBIT,LTCUSDT,60,1785848400000,44.25,44.37,44.11,44.17,26684.9,1180023.929,1
BYBIT,LTCUSDT,60,1785852000000,44.17,44.48,44.08,44.45,14854.7,657603.372,1
BYBIT,LTCUSDT,60,1785855600000,44.45,44.52,44.21,44.34,17638.1,782762.793,1
BYBIT,LTCUSDT,60,1785859200000,44.34,44.61,44.33,44.61,14688.3,653559.837,1
BYBIT,LTCUSDT,60,1785862800000,44.61,44.73,44.51,44.51,21628.3,965153.039,1
BYBIT,LTCUSDT,60,1785866400000,44.51,44.81,44.49,44.72,9914.0,442753.533,1
BYBIT,LTCUSDT,60,1785870000000,44.72,44.84,44.64,44.66,8839.5,395532.435,1
BYBIT,LTCUSDT,60,1785873600000,44.66,44.94,44.53,44.84,10628.2,475305.313,1
BYBIT,LTCUSDT,60,1785877200000,44.84,44.92,44.78,44.91,10879.4,488072.366,1
BYBIT,LTCUSDT,60,1785880800000,44.91,44.96,44.83,44.9,11989.8,538336.736,1
BYBIT,LTCUSDT,60,1785884400000,44.9,45.13,44.79,44.81,16558.0,744535.472,1
BYBIT,LTCUSDT,60,1785888000000,44.81,45.11,44.8,45.07,21330.5,959415.168,1
BYBIT,LTCUSDT,60,1785891600000,45.07,45.28,45.0,45.21,10597.6,478375.002,1
BYBIT,LTCUSDT,60,1785895200000,45.21,45.27,45.06,45.26,8793.4,397081.812,1
BYBIT,LTCUSDT,60,1785898800000,45.26,45.32,44.71,44.79,19216.7,864001.257,1
BYBIT,LTCUSDT,60,1785902400000,44.79,44.84,44.69,44.83,5429.0,242969.513,1
BYBIT,LTCUSDT,60,1785906000000,44.83,44.99,44.83,44.98,5678.0,255082.561,1
BYBIT,LTCUSDT,60,1785909600000,44.98,45.0,44.86,44.87,7778.8,349490.124,1
BYBIT,LTCUSDT,60,1785913200000,44.87,44.93,44.77,44.86,6306.5,282881.066,1
BYBIT,LTCUSDT,60,1785916800000,44.86,44.92,44.78,44.84,9117.9,408812.207,1
BYBIT,LTCUSDT,60,1785920400000,44.84,44.96,44.81,44.88,8924.8,400538.091,1
BYBIT,LTCUSDT,60,1785924000000,44.88,45.02,44.69,44.75,16422.2,736971.961,1
BYBIT,LTCUSDT,60,1785927600000,44.75,44.86,44.71,44.73,3260.2,145976.503,1
BYBIT,LTCUSDT,60,1785931200000,44.73,45.03,44.7,44.98,15586.9,699827.287,1
BYBIT,LTCUSDT,60,1785934800000,44.98,45.18,44.79,45.01,30072.7,1353592.996,1
BYBIT,LTCUSDT,60,1785938400000,45.01,45.2,44.95,45.16,28557.4,1287646.335,1
BYBIT,LTCUSDT,60,1785942000000,45.16,45.24,44.94,44.98,24451.4,1101365.746,1
BYBIT,LTCUSDT,60,1785945600000,44.98,45.26,44.97,45.17,7013.8,316715.674,1
BYBIT,LTCUSDT,60,1785949200000,45.17,45.4,45.12,45.34,8963.2,406000.439,1
BYBIT,LTCUSDT,60,1785952800000,45.34,45.36,45.23,45.33,9402.9,425946.103,1
BYBIT,LTCUSDT,60,1785956400000,45.33,45.33,45.16,45.23,7139.2,323066.357,1
BYBIT,LTCUSDT,60,1785960000000,45.23,45.38,45.18,45.29,6679.2,302493.025,1
BYBIT,LTCUSDT,60,1785963600000,45.29,45.29,45.1,45.24,9112.6,412067.114,1
BYBIT,LTCUSDT,60,1785967200000,45.24,45.31,45.2,45.22,2574.5,116513.68,1
BYBIT,LTCUSDT,60,1785970800000,45.22,45.34,45.15,45.3,4800.7,217263.712,1
BYBIT,LTCUSDT,60,1785974400000,45.3,45.44,45.29,45.34,9548.0,433134.722,1
BYBIT,LTCUSDT,60,1785978000000,45.34,45.36,45.11,45.21,6461.8,292335.024,1
BYBIT,LTCUSDT,60,1785981600000,45.21,45.22,44.91,44.96,17627.3,793712.046,1
BYBIT,LTCUSDT,60,1785985200000,44.96,44.96,44.89,44.92,4189.2,188228.734,1
BYBIT,LTCUSDT,60,1785988800000,44.92,45.11,44.86,45.08,3706.4,166841.877,1
BYBIT,LTCUSDT,60,1785992400000,45.08,45.17,45.0,45.03,3404.7,153418.7,1
BYBIT,LTCUSDT,60,1785996000000,45.03,45.07,44.98,45.05,3598.3,162011.208,1
BYBIT,LTCUSDT,60,1785999600000,45.05,45.09,44.94,45.0,5651.5,254433.177,1
BYBIT,LTCUSDT,60,1786003200000,45.0,45.1,44.97,45.08,2829.0,127379.77,1
BYBIT,LTCUSDT,60,1786006800000,45.08,45.1,44.92,44.94,11792.7,530494.528,1
BYBIT,LTCUSDT,60,1786010400000,44.94,44.97,44.84,44.87,7438.8,334091.242,1
BYBIT,LTCUSDT,60,1786014000000,44.87,45.03,44.75,45.03,9642.7,432736.878,1
BYBIT,LTCUSDT,60,1786017600000,45.03,45.37,45.01,45.17,14543.3,656858.754,1
BYBIT,LTCUSDT,60,1786021200000,45.17,45.52,45.03,45.47,14134.4,640586.438,1
BYBIT,LTCUSDT,60,1786024800000,45.47,45.57,45.32,45.53,15167.5,689583.518,1
BYBIT,LTCUSDT,60,1786028400000,45.53,45.74,45.53,45.67,22200.0,1012775.315,1
BYBIT,LTCUSDT,60,1786032000000,45.67,45.74,45.55,45.71,15939.5,727371.614,1
BYBIT,LTCUSDT,60,1786035600000,45.71,45.8,45.62,45.62,7499.4,342738.373,1
BYBIT,LTCUSDT,60,1786039200000,45.62,45.65,45.36,45.49,10290.8,468331.749,1
BYBIT,LTCUSDT,60,1786042800000,45.49,45.51,45.34,45.37,8012.2,363986.626,1
BYBIT,LTCUSDT,60,1786046400000,45.37,45.55,45.36,45.47,7258.7,330071.514,1
BYBIT,LTCUSDT,60,1786050000000,45.47,45.64,45.47,45.5,6216.3,283125.037,1
BYBIT,LTCUSDT,60,1786053600000,45.5,45.53,45.38,45.44,5516.9,250759.874,1
BYBIT,LTCUSDT,60,1786057200000,45.44,45.44,45.31,45.42,4569.9,207340.845,1
BYBIT,LTCUSDT,60,1786060800000,45.42,45.59,45.37,45.53,14244.2,648436.559,1
BYBIT,LTCUSDT,60,1786064400000,45.53,45.65,45.53,45.6,5198.0,237057.631,1
BYBIT,LTCUSDT,60,1786068000000,45.6,45.68,45.5,45.5,6930.4,315967.625,1
BYBIT,LTCUSDT,60,1786071600000,45.5,45.59,45.43,45.47,5008.8,227948.813,1
BYBIT,LTCUSDT,60,1786075200000,45.47,45.48,45.3,45.4,15962.3,724477.418,1
BYBIT,LTCUSDT,60,1786078800000,45.4,45.48,45.34,45.45,2390.7,108593.859,1
BYBIT,LTCUSDT,60,1786082400000,45.45,45.62,45.44,45.56,6179.4,281517.867,1
BYBIT,LTCUSDT,60,1786086000000,45.56,45.67,45.51,45.56,5696.8,259848.458,1
BYBIT,LTCUSDT,60,1786089600000,45.56,45.82,45.54,45.8,11016.6,503453.252,1
BYBIT,LTCUSDT,60,1786093200000,45.8,45.92,45.69,45.71,14082.4,644836.609,1
BYBIT,LTCUSDT,60,1786096800000,45.71,45.8,45.66,45.67,10479.8,479218.665,1
BYBIT,LTCUSDT,60,1786100400000,45.67,45.85,45.65,45.69,10698.0,489619.807,1
BYBIT,LTCUSDT,60,1786104000000,45.69,45.98,45.65,45.76,27740.6,1269971.721,1
BYBIT,LTCUSDT,60,1786107600000,45.76,45.82,45.66,45.68,8946.5,409120.672,1
BYBIT,LTCUSDT,60,1786111200000,45.68,45.78,45.57,45.62,8234.1,375895.691,1
BYBIT,LTCUSDT,60,1786114800000,45.62,46.03,45.55,45.92,30768.4,1411869.747,1
BYBIT,LTCUSDT,60,1786118400000,45.92,46.04,45.81,45.82,11215.2,515162.543,1
BYBIT,LTCUSDT,60,1786122000000,45.82,45.82,45.38,45.45,20244.6,922774.321,1
BYBIT,LTCUSDT,60,1786125600000,45.45,45.48,45.34,45.42,6253.3,283997.507,1
BYBIT,LTCUSDT,60,1786129200000,45.42,45.55,45.24,45.36,26871.1,1219446.739,1
BYBIT,LTCUSDT,60,1786132800000,45.36,45.52,45.33,45.5,8998.1,408735.304,1
BYBIT,LTCUSDT,60,1786136400000,45.5,45.6,45.43,45.44,7730.6,351821.819,1
BYBIT,LTCUSDT,60,1786140000000,45.44,45.56,45.38,45.42,6098.4,277193.618,1
BYBIT,LTCUSDT,60,1786143600000,45.42,45.6,45.4,45.52,3939.4,179362.204,1
BYBIT,LTCUSDT,60,1786147200000,45.52,45.52,45.41,45.47,4285.2,194855.988,1
BYBIT,LTCUSDT,60,1786150800000,45.47,45.6,45.46,45.52,2646.7,120536.798,1
BYBIT,LTCUSDT,60,1786154400000,45.52,45.6,45.51,45.52,2198.2,100157.963,1
BYBIT,LTCUSDT,60,1786158000000,45.52,45.61,45.48,45.54,10318.3,469947.948,1
BYBIT,LTCUSDT,60,1786161600000,45.54,45.55,45.44,45.49,6566.0,298728.444,1
BYBIT,LTCUSDT,60,1786165200000,45.49,45.55,45.47,45.47,2389.4,108755.333,1
BYBIT,LTCUSDT,60,1786168800000,45.47,45.55,45.44,45.53,2777.7,126427.434,1
BYBIT,LTCUSDT,60,1786172400000,45.53,45.54,45.48,45.51,2912.3,132552.78,1
BYBIT,LTCUSDT,60,1786176000000,45.51,45.6,45.46,45.54,4300.2,195775.097,1
BYBIT,LTCUSDT,60,1786179600000,45.54,45.58,45.5,45.56,3864.3,175987.139,1
BYBIT,LTCUSDT,60,1786183200000,45.56,45.59,45.47,45.59,2562.6,116652.372,1
BYBIT,LTCUSDT,60,1786186800000,45.59,45.65,45.49,45.55,4295.6,195714.708,1
BYBIT,LTCUSDT,60,1786190400000,45.55,45.63,45.47,45.59,4000.4,182196.346,1
BYBIT,LTCUSDT,60,1786194000000,45.59,45.62,45.57,45.61,2470.1,112612.062,1
BYBIT,LTCUSDT,60,1786197600000,45.61,45.8,45.59,45.77,6999.0,319948.566,1
BYBIT,LTCUSDT,60,1786201200000,45.77,45.88,45.73,45.86,10785.6,494047.582,1
BYBIT,LTCUSDT,60,1786204800000,45.86,45.87,45.74,45.78,5354.6,245321.24,1
BYBIT,LTCUSDT,60,1786208400000,45.78,45.86,45.75,45.84,3406.1,156020.688,1
BYBIT,LTCUSDT,60,1786212000000,45.84,45.94,45.82,45.92,5711.0,261931.142,1
BYBIT,LTCUSDT,60,1786215600000,45.92,45.99,45.8,45.95,5934.8,272322.931,1
BYBIT,LTCUSDT,60,1786219200000,45.95,46.09,45.91,46.05,8425.2,387726.325,1
BYBIT,LTCUSDT,60,1786222800000,46.05,46.08,46.0,46.04,4552.4,209557.05,1
BYBIT,LTCUSDT,60,1786226400000,46.04,46.07,45.94,45.98,3292.6,151459.762,1
BYBIT,LTCUSDT,60,1786230000000,45.98,46.02,45.91,45.98,3098.1,142381.014,1
BYBIT,LTCUSDT,60,1786233600000,45.98,46.14,45.97,46.09,12150.2,559560.43,1
BYBIT,LTCUSDT,60,1786237200000,46.09,46.13,45.99,46.06,6379.4,293885.85,1
BYBIT,LTCUSDT,60,1786240800000,46.06,46.06,45.87,45.9,4250.1,195277.166,1
BYBIT,LTCUSDT,60,1786244400000,45.9,46.01,45.85,45.93,4897.6,225007.429,1
BYBIT,LTCUSDT,60,1786248000000,45.93,46.02,45.91,45.91,2948.6,135533.143,1
BYBIT,LTCUSDT,60,1786251600000,45.91,46.04,45.87,45.94,4584.7,210702.346,1
BYBIT,LTCUSDT,60,1786255200000,45.94,46.08,45.93,46.06,5004.3,230316.961,1
BYBIT,LTCUSDT,60,1786258800000,46.06,46.17,45.91,46.14,19898.6,916435.671,1
BYBIT,LTCUSDT,60,1786262400000,46.14,46.32,46.06,46.22,21221.6,980216.95,1
BYBIT,LTCUSDT,60,1786266000000,46.22,46.27,46.11,46.18,6780.0,313163.044,1
BYBIT,LTCUSDT,60,1786269600000,46.18,46.2,46.01,46.07,8959.1,412876.751,1
BYBIT,LTCUSDT,60,1786273200000,46.07,46.28,46.07,46.24,5926.5,273609.964,1
BYBIT,LTCUSDT,60,1786276800000,46.24,46.29,46.13,46.15,4466.6,206387.179,1
BYBIT,LTCUSDT,60,1786280400000,46.15,46.34,46.15,46.31,4375.3,202389.796,1
BYBIT,LTCUSDT,60,1786284000000,46.31,46.44,46.26,46.38,10293.3,477051.777,1
BYBIT,LTCUSDT,60,1786287600000,46.38,46.48,46.31,46.41,7768.5,360418.776,1
BYBIT,LTCUSDT,60,1786291200000,46.41,46.45,46.2,46.27,8770.9,406146.148,1
BYBIT,LTCUSDT,60,1786294800000,46.27,46.3,46.14,46.16,8072.3,373057.065,1
BYBIT,LTCUSDT,60,1786298400000,46.16,46.22,46.15,46.2,3793.1,175198.303,1
BYBIT,LTCUSDT,60,1786302000000,46.2,46.21,46.1,46.12,5849.6,269920.702,1
BYBIT,LTCUSDT,60,1786305600000,46.12,46.13,46.01,46.07,10342.0,476502.56,1
BYBIT,LTCUSDT,60,1786309200000,46.07,46.09,45.96,46.08,6370.3,293157.551,1
BYBIT,LTCUSDT,60,1786312800000,46.08,46.17,45.56,45.64,22041.5,1009866.249,1
BYBIT,LTCUSDT,60,1786316400000,45.64,45.64,45.37,45.43,17611.2,801363.275,1
BYBIT,LTCUSDT,60,1786320000000,45.43,45.57,45.3,45.48,22487.4,1021308.905,1
BYBIT,LTCUSDT,60,1786323600000,45.48,45.75,45.44,45.6,6941.4,316344.575,1
BYBIT,LTCUSDT,60,1786327200000,45.6,45.6,45.31,45.48,8452.6,384050.872,1
BYBIT,LTCUSDT,60,1786330800000,45.48,45.49,45.27,45.31,5254.9,238486.435,1
BYBIT,LTCUSDT,60,1786334400000,45.31,45.41,45.18,45.26,9972.2,451564.467,1
BYBIT,LTCUSDT,60,1786338000000,45.26,45.49,45.26,45.44,4510.6,204751.991,1
BYBIT,LTCUSDT,60,1786341600000,45.44,45.55,45.42,45.53,7506.3,341437.579,1
BYBIT,LTCUSDT,60,1786345200000,45.53,45.56,45.45,45.53,3497.8,159211.323,1
BYBIT,LTCUSDT,60,1786348800000,45.53,45.57,45.35,45.42,11968.2,544007.358,1
BYBIT,LTCUSDT,60,1786352400000,45.42,45.48,45.36,45.42,5866.9,266521.215,1
BYBIT,LTCUSDT,60,1786356000000,45.42,45.54,45.36,45.37,5089.9,231386.413,1
BYBIT,LTCUSDT,60,1786359600000,45.37,45.38,45.29,45.37,6263.5,283950.105,1
BYBIT,LTCUSDT,60,1786363200000,45.37,45.46,45.33,45.37,5223.9,237134.437,1
BYBIT,LTCUSDT,60,1786366800000,45.37,45.5,45.21,45.32,14787.3,670330.703,1
BYBIT,LTCUSDT,60,1786370400000,45.32,45.52,45.31,45.39,8825.2,400908.151,1
BYBIT,LTCUSDT,60,1786374000000,45.39,45.41,45.03,45.2,18388.0,830771.225,1
BYBIT,LTCUSDT,60,1786377600000,45.2,45.29,45.02,45.1,18082.2,816400.294,1
BYBIT,LTCUSDT,60,1786381200000,45.1,45.27,45.04,45.06,4004.9,180895.871,1
BYBIT,LTCUSDT,60,1786384800000,45.06,45.17,44.97,45.05,9739.1,438966.819,1
BYBIT,LTCUSDT,60,1786388400000,45.05,45.17,44.97,45.1,9138.8,412014.149,1
BYBIT,LTCUSDT,60,1786392000000,45.1,45.17,44.99,45.02,9326.8,420238.213,1
BYBIT,LTCUSDT,60,1786395600000,45.02,45.15,45.0,45.04,5145.7,232041.555,1
BYBIT,LTCUSDT,60,1786399200000,45.04,45.17,45.0,45.13,6546.8,295372.902,1
BYBIT,LTCUSDT,60,1786402800000,45.13,45.19,45.08,45.1,6059.8,273502.099,1
BYBIT,LTCUSDT,60,1786406400000,45.1,45.17,45.05,45.13,10040.8,452903.31,1
BYBIT,LTCUSDT,60,1786410000000,45.13,45.23,45.07,45.23,3489.8,157624.024,1
BYBIT,LTCUSDT,60,1786413600000,45.23,45.28,45.17,45.17,2953.7,133643.615,1
BYBIT,LTCUSDT,60,1786417200000,45.17,45.23,45.17,45.2,1234.5,55800.931,1
BYBIT,LTCUSDT,60,1786420800000,45.2,45.21,45.12,45.14,2387.2,107821.609,1
BYBIT,LTCUSDT,60,1786424400000,45.14,45.17,45.02,45.07,3396.5,153170.922,1
BYBIT,LTCUSDT,60,1786428000000,45.07,45.17,45.0,45.07,4683.5,211111.696,1
BYBIT,LTCUSDT,60,1786431600000,45.07,45.15,44.99,45.13,4641.7,209182.514,1
BYBIT,LTCUSDT,60,1786435200000,45.13,45.26,45.1,45.24,2653.6,119851.58,1
BYBIT,LTCUSDT,60,1786438800000,45.24,45.55,45.24,45.55,13631.6,619190.561,1
BYBIT,LTCUSDT,60,1786442400000,45.55,45.55,45.37,45.42,4837.5,219826.771,1
BYBIT,LTCUSDT,60,1786446000000,45.42,45.48,45.34,45.44,4699.3,213430.932,1
BYBIT,LTCUSDT,60,1786449600000,45.44,45.45,45.27,45.33,8047.8,364972.532,1
BYBIT,LTCUSDT,60,1786453200000,45.33,45.43,44.98,45.0,12107.4,547859.283,1
BYBIT,LTCUSDT,60,1786456800000,45.0,45.13,44.91,45.0,24384.1,1096997.806,1
BYBIT,LTCUSDT,60,1786460400000,45.0,45.16,44.88,45.01,14199.7,639107.155,1
BYBIT,LTCUSDT,60,1786464000000,45.01,45.14,44.97,45.01,8240.7,371431.242,1
BYBIT,LTCUSDT,60,1786467600000,45.01,45.27,45.01,45.24,5629.1,254361.555,1
BYBIT,LTCUSDT,60,1786471200000,45.24,45.39,45.16,45.36,9744.2,441409.624,1
BYBIT,LTCUSDT,60,1786474800000,45.36,45.49,45.29,45.47,7590.2,344367.752,1
BYBIT,LTCUSDT,60,1786478400000,45.47,45.53,45.42,45.46,7174.6,326262.025,1
BYBIT,LTCUSDT,60,1786482000000,45.46,45.52,45.42,45.47,3266.0,148486.599,1
BYBIT,LTCUSDT,60,1786485600000,45.47,45.53,45.4,45.45,4646.3,211162.294,1
BYBIT,LTCUSDT,60,1786489200000,45.45,45.56,45.44,45.48,2981.6,135670.946,1
BYBIT,LTCUSDT,60,1786492800000,45.48,45.56,45.44,45.52,9514.1,432820.889,1
BYBIT,LTCUSDT,60,1786496400000,45.52,45.6,45.42,45.44,6243.6,284248.651,1
BYBIT,LTCUSDT,60,1786500000000,45.44,45.44,45.36,45.39,4064.3,184519.134,1
BYBIT,LTCUSDT,60,1786503600000,45.39,45.42,45.33,45.36,2201.2,99879.622,1
BYBIT,LTCUSDT,60,1786507200000,45.36,45.39,45.27,45.37,2075.0,94050.587,1
BYBIT,LTCUSDT,60,1786510800000,45.37,45.43,45.24,45.3,3845.1,174320.263,1
BYBIT,LTCUSDT,60,1786514400000,45.3,45.38,45.23,45.28,5749.9,260549.919,1
BYBIT,LTCUSDT,60,1786518000000,45.28,45.31,45.19,45.28,2541.7,115040.972,1
BYBIT,LTCUSDT,60,1786521600000,45.28,45.36,45.24,45.27,2682.6,121515.539,1
BYBIT,LTCUSDT,60,1786525200000,45.27,45.46,45.26,45.44,6352.5,288229.691,1
BYBIT,LTCUSDT,60,1786528800000,45.44,45.5,45.38,45.39,4416.2,200610.853,1
BYBIT,LTCUSDT,60,1786532400000,45.39,45.45,45.34,45.43,2694.5,122268.688,1
BYBIT,LTCUSDT,60,1786536000000,45.43,45.66,45.34,45.47,25175.9,1145702.372,1
BYBIT,LTCUSDT,60,1786539600000,45.47,45.62,45.41,45.55,7803.4,355289.459,1
BYBIT,LTCUSDT,60,1786543200000,45.55,45.56,44.95,44.96,30378.3,1371647.836,1
BYBIT,LTCUSDT,60,1786546800000,44.96,45.15,44.93,45.03,9753.4,439283.944,1
BYBIT,LTCUSDT,60,1786550400000,45.03,45.13,45.02,45.12,6055.7,272947.634,1
BYBIT,LTCUSDT,60,1786554000000,45.12,45.17,45.01,45.16,5618.9,253580.436,1
BYBIT,LTCUSDT,60,1786557600000,45.16,45.16,44.99,45.06,6340.4,285762.805,1
BYBIT,LTCUSDT,60,1786561200000,45.06,45.1,44.63,44.75,35298.6,1580444.309,1
BYBIT,LTCUSDT,60,1786564800000,44.75,44.85,44.7,44.8,8229.7,368651.631,1
BYBIT,LTCUSDT,60,1786568400000,44.8,44.91,44.64,44.78,12857.3,575613.428,1
BYBIT,LTCUSDT,60,1786572000000,44.78,44.92,44.75,44.83,4749.0,213018.972,1
BYBIT,LTCUSDT,60,1786575600000,44.83,44.92,44.78,44.86,6053.1,271526.304,1
BYBIT,LTCUSDT,60,1786579200000,44.86,44.95,44.78,44.78,16042.2,719509.879,1
BYBIT,LTCUSDT,60,1786582800000,44.78,44.85,44.65,44.82,7555.7,338175.038,1
BYBIT,LTCUSDT,60,1786586400000,44.82,44.85,44.76,44.85,2920.6,130810.107,1
BYBIT,LTCUSDT,60,1786590000000,44.85,44.94,44.84,44.94,4530.4,203377.492,1
BYBIT,LTCUSDT,60,1786593600000,44.94,44.94,44.86,44.88,4229.3,189839.036,1
BYBIT,LTCUSDT,60,1786597200000,44.88,45.04,44.83,45.02,6504.3,292328.038,1
BYBIT,LTCUSDT,60,1786600800000,45.02,45.04,44.94,45.0,4872.6,219162.843,1
BYBIT,LTCUSDT,60,1786604400000,45.0,45.01,44.84,44.87,4748.3,213193.121,1
BYBIT,LTCUSDT,60,1786608000000,44.87,44.88,44.79,44.86,6163.9,276355.437,1
BYBIT,LTCUSDT,60,1786611600000,44.86,44.94,44.83,44.92,4865.0,218342.055,1
BYBIT,LTCUSDT,60,1786615200000,44.92,44.93,44.78,44.83,4914.5,220364.492,1
BYBIT,LTCUSDT,60,1786618800000,44.83,44.85,44.66,44.68,8250.8,369136.133,1
BYBIT,LTCUSDT,60,1786622400000,44.68,44.88,44.64,44.86,13392.4,599580.917,1
BYBIT,LTCUSDT,60,1786626000000,44.86,45.01,44.71,44.71,8385.6,376623.107,1
BYBIT,LTCUSDT,60,1786629600000,44.71,44.92,44.63,44.85,18348.2,821995.786,1
BYBIT,LTCUSDT,60,1786633200000,44.85,44.91,44.68,44.69,5083.1,227652.501,1
BYBIT,LTCUSDT,60,1786636800000,44.69,44.83,44.67,44.73,12379.7,553960.536,1
BYBIT,LTCUSDT,60,1786640400000,44.73,44.8,44.68,44.73,7582.7,339240.51,1
BYBIT,LTCUSDT,60,1786644000000,44.73,44.75,44.63,44.7,11662.3,521074.503,1
BYBIT,LTCUSDT,60,1786647600000,44.7,44.76,44.67,44.76,5843.6,261290.324,1
BYBIT,LTCUSDT,60,1786651200000,44.76,44.79,44.7,44.74,4107.0,183781.708,1
BYBIT,LTCUSDT,60,1786654800000,44.74,44.78,44.69,44.71,3040.9,136030.095,1
BYBIT,LTCUSDT,60,1786658400000,44.71,44.85,44.7,44.82,5362.6,240076.447,1
BYBIT,LTCUSDT,60,1786662000000,44.82,44.84,44.73,44.81,4899.2,219470.472,1
BYBIT,LTCUSDT,60,1786665600000,44.81,44.88,44.69,44.71,14094.4,630872.276,1
BYBIT,LTCUSDT,60,1786669200000,44.71,44.77,44.69,44.76,4728.4,211518.642,1
BYBIT,LTCUSDT,60,1786672800000,44.76,44.84,44.74,44.82,3188.6,142794.048,1
BYBIT,LTCUSDT,60,1786676400000,44.82,44.91,44.78,44.78,5217.2,233997.252,1
BYBIT,LTCUSDT,60,1786680000000,44.78,44.82,44.72,44.72,2440.3,109236.681,1
BYBIT,LTCUSDT,60,1786683600000,44.72,44.78,44.68,44.78,2706.9,121085.091,1
BYBIT,LTCUSDT,60,1786687200000,44.78,44.78,44.68,44.68,2730.9,122122.41,1
BYBIT,LTCUSDT,60,1786690800000,44.68,44.71,44.55,44.62,20590.9,918755.066,1
BYBIT,LTCUSDT,60,1786694400000,44.62,44.65,44.46,44.59,20765.5,924647.886,1
BYBIT,LTCUSDT,60,1786698000000,44.59,44.72,44.58,44.64,6050.1,270124.117,1
BYBIT,LTCUSDT,60,1786701600000,44.64,44.67,44.51,44.52,4712.1,210073.604,1
BYBIT,LTCUSDT,60,1786705200000,44.52,44.56,44.47,44.53,8045.0,358216.837,1
BYBIT,LTCUSDT,60,1786708800000,44.53,44.56,44.29,44.38,36823.9,1635191.479,1
BYBIT,LTCUSDT,60,1786712400000,44.38,44.48,44.15,44.18,17905.7,793716.646,1
BYBIT,LTCUSDT,60,1786716000000,44.18,44.25,43.92,43.95,31974.6,1408545.158,1
BYBIT,LTCUSDT,60,1786719600000,43.95,43.96,43.66,43.89,61964.2,2713550.366,1
BYBIT,LTCUSDT,60,1786723200000,43.89,44.04,43.8,44.04,29798.6,1308846.649,1
BYBIT,LTCUSDT,60,1786726800000,44.04,44.09,43.78,43.81,21432.9,942173.699,1
BYBIT,LTCUSDT,60,1786730400000,43.81,43.95,43.67,43.67,10338.5,453094.905,1
BYBIT,LTCUSDT,60,1786734000000,43.67,43.7,43.35,43.6,36167.4,1573811.557,1
BYBIT,LTCUSDT,60,1786737600000,43.6,43.68,43.49,43.5,4517.9,196919.823,1
BYBIT,LTCUSDT,60,1786741200000,43.5,43.62,43.5,43.54,3661.5,159459.881,1
BYBIT,LTCUSDT,60,1786744800000,43.54,43.63,43.53,43.58,5375.3,234302.702,1
BYBIT,LTCUSDT,60,1786748400000,43.58,43.82,43.58,43.82,14855.5,648682.319,1
BYBIT,LTCUSDT,60,1786752000000,43.82,43.87,43.63,43.64,17223.9,753488.447,1
BYBIT,LTCUSDT,60,1786755600000,43.64,43.84,43.62,43.82,7855.3,343404.826,1
BYBIT,LTCUSDT,60,1786759200000,43.82,43.99,43.76,43.98,5272.9,231324.897,1
BYBIT,LTCUSDT,60,1786762800000,43.98,44.02,43.84,43.94,8476.9,372502.681,1
BYBIT,LTCUSDT,60,1786766400000,43.94,44.09,43.94,43.98,8569.8,377255.835,1
BYBIT,LTCUSDT,60,1786770000000,43.98,44.08,43.95,43.97,4555.7,200442.85,1
BYBIT,LTCUSDT,60,1786773600000,43.97,44.07,43.96,44.05,8455.3,372216.212,1
BYBIT,LTCUSDT,60,1786777200000,44.05,44.09,43.98,43.99,4789.4,210875.04,1
BYBIT,LTCUSDT,60,1786780800000,43.99,44.01,43.92,43.94,6974.6,306630.756,1
BYBIT,LTCUSDT,60,1786784400000,43.94,44.04,43.92,44.03,7499.4,329886.173,1
BYBIT,LTCUSDT,60,1786788000000,44.03,44.08,44.0,44.04,2586.4,113908.136,1
BYBIT,LTCUSDT,60,1786791600000,44.04,44.07,43.93,44.02,6496.0,285870.617,1
BYBIT,LTCUSDT,60,1786795200000,44.02,44.12,44.01,44.09,9602.1,423162.741,1
BYBIT,LTCUSDT,60,1786798800000,44.09,44.14,44.08,44.13,4389.3,193647.468,1
BYBIT,LTCUSDT,60,1786802400000,44.13,44.17,44.04,44.1,3945.1,174024.057,1
BYBIT,LTCUSDT,60,1786806000000,44.1,44.27,44.07,44.23,6030.0,266519.783,1
BYBIT,LTCUSDT,60,1786809600000,44.23,44.27,44.11,44.12,6307.2,278763.685,1
BYBIT,LTCUSDT,60,1786813200000,44.12,44.22,44.04,44.19,7138.1,314900.824,1
BYBIT,LTCUSDT,60,1786816800000,44.19,44.28,44.12,44.23,5678.5,251010.205,1
BYBIT,LTCUSDT,60,1786820400000,44.23,44.3,44.21,44.22,4129.9,182799.866,1
BYBIT,LTCUSDT,60,1786824000000,44.22,44.23,44.12,44.16,4397.3,194304.938,1
BYBIT,LTCUSDT,60,1786827600000,44.16,44.17,44.04,44.07,4139.1,182463.922,1
BYBIT,LTCUSDT,60,1786831200000,44.07,44.17,44.07,44.12,5419.6,239086.873,1
BYBIT,LTCUSDT,60,1786834800000,44.12,44.12,44.01,44.07,3834.1,168971.368,1
BYBIT,LTCUSDT,60,1786838400000,44.07,44.2,44.05,44.16,9060.3,399635.693,1
BYBIT,LTCUSDT,60,1786842000000,44.16,44.21,44.13,44.2,3036.7,134162.099,1
BYBIT,LTCUSDT,60,1786845600000,44.2,44.27,44.16,44.25,4047.5,178946.51,1
BYBIT,LTCUSDT,60,1786849200000,44.25,44.3,44.21,44.22,3628.0,160604.147,1
BYBIT,LTCUSDT,60,1786852800000,44.22,44.28,44.19,44.22,2054.5,90863.492,1
BYBIT,LTCUSDT,60,1786856400000,44.22,44.26,44.12,44.13,3322.4,146779.0,1
BYBIT,LTCUSDT,60,1786860000000,44.13,44.19,44.11,44.18,4075.2,179880.153,1
BYBIT,LTCUSDT,60,1786863600000,44.18,44.29,44.17,44.29,2750.3,121656.323,1
BYBIT,LTCUSDT,60,1786867200000,44.29,44.39,44.27,44.37,8688.7,385287.647,1
BYBIT,LTCUSDT,60,1786870800000,44.37,44.4,44.33,44.37,5497.8,243881.231,1
BYBIT,LTCUSDT,60,1786874400000,44.37,44.39,44.28,44.34,5401.7,239533.345,1
BYBIT,LTCUSDT,60,1786878000000,44.34,44.39,44.31,44.38,1764.3,78243.231,1
BYBIT,LTCUSDT,60,1786881600000,44.38,44.38,44.23,44.28,4194.6,185784.364,1
BYBIT,LTCUSDT,60,1786885200000,44.28,44.3,44.21,44.27,3267.2,144581.07,1
BYBIT,LTCUSDT,60,1786888800000,44.27,44.34,44.26,44.34,2096.2,92841.396,1
BYBIT,LTCUSDT,60,1786892400000,44.34,44.79,44.33,44.7,22185.8,989737.814,1
BYBIT,LTCUSDT,60,1786896000000,44.7,44.72,44.5,44.53,10538.5,470086.361,1
BYBIT,LTCUSDT,60,1786899600000,44.53,44.55,44.45,44.48,5653.8,251602.288,1
BYBIT,LTCUSDT,60,1786903200000,44.48,44.51,44.43,44.46,2563.2,114007.472,1
BYBIT,LTCUSDT,60,1786906800000,44.46,44.56,44.45,44.53,4868.6,216710.264,1
BYBIT,LTCUSDT,60,1786910400000,44.53,44.56,44.43,44.43,4484.3,199631.896,1
BYBIT,LTCUSDT,60,1786914000000,44.43,44.43,44.01,44.12,20001.1,884896.152,1
BYBIT,LTCUSDT,60,1786917600000,44.12,44.16,44.03,44.1,6061.6,267293.555,1
BYBIT,LTCUSDT,60,1786921200000,44.1,44.21,44.07,44.11,5522.9,243902.48,1
BYBIT,LTCUSDT,60,1786924800000,44.11,44.16,44.07,44.12,4249.5,187467.015,1
BYBIT,LTCUSDT,60,1786928400000,44.12,44.37,44.11,44.29,5910.5,261677.758,1
BYBIT,LTCUSDT,60,1786932000000,44.29,44.45,44.23,44.39,7681.7,340581.557,1
BYBIT,LTCUSDT,60,1786935600000,44.39,44.42,44.22,44.23,5072.9,224786.843,1
BYBIT,LTCUSDT,60,1786939200000,44.23,44.28,44.23,44.25,2101.6,93014.164,1
BYBIT,LTCUSDT,60,1786942800000,44.25,44.3,44.21,44.22,2990.9,132333.778,1
BYBIT,LTCUSDT,60,1786946400000,44.22,44.29,44.16,44.18,8869.0,392204.635,1
BYBIT,LTCUSDT,60,1786950000000,44.18,44.18,44.09,44.1,5119.4,225906.883,1
BYBIT,LTCUSDT,60,1786953600000,44.1,44.11,43.83,43.83,21372.6,938609.376,1
BYBIT,LTCUSDT,60,1786957200000,43.83,44.07,43.8,43.98,11487.6,504709.092,1
BYBIT,LTCUSDT,60,1786960800000,43.98,44.24,43.95,44.14,10652.2,469640.31,1
BYBIT,LTCUSDT,60,1786964400000,44.14,44.24,44.14,44.18,3475.5,153577.067,1
BYBIT,LTCUSDT,60,1786968000000,44.18,44.21,44.12,44.16,4155.9,183601.17,1
BYBIT,LTCUSDT,60,1786971600000,44.16,44.38,44.15,44.27,6759.0,299336.876,1
BYBIT,LTCUSDT,60,1786975200000,44.27,44.49,44.25,44.48,5332.5,236437.397,1
BYBIT,LTCUSDT,60,1786978800000,44.48,44.48,44.31,44.33,10165.6,451178.372,1
BYBIT,LTCUSDT,60,1786982400000,44.33,44.54,44.32,44.49,7282.9,323718.034,1
BYBIT,LTCUSDT,60,1786986000000,44.49,44.58,44.37,44.51,14060.0,625308.88,1
BYBIT,LTCUSDT,60,1786989600000,44.51,44.61,44.46,44.61,6191.7,275856.809,1
BYBIT,LTCUSDT,60,1786993200000,44.61,44.61,44.45,44.46,3880.1,172775.032,1
BYBIT,LTCUSDT,60,1786996800000,44.46,44.56,44.4,44.54,3533.6,157109.046,1
BYBIT,LTCUSDT,60,1787000400000,44.54,44.6,44.53,44.54,3176.4,141529.167,1
BYBIT,LTCUSDT,60,1787004000000,44.54,44.57,44.39,44.42,1703.8,75768.99,1
BYBIT,LTCUSDT,60,1787007600000,44.42,44.55,44.41,44.55,1522.8,67719.395,1
BYBIT,LTCUSDT,60,1787011200000,44.55,44.62,44.5,44.6,6499.5,289705.562,1
BYBIT,LTCUSDT,60,1787014800000,44.6,44.61,44.39,44.43,3048.6,135711.516,1
BYBIT,LTCUSDT,60,1787018400000,44.43,44.5,44.12,44.15,13802.2,611593.308,1
BYBIT,LTCUSDT,60,1787022000000,44.15,44.32,44.14,44.3,6566.5,290390.701,1
BYBIT,LTCUSDT,60,1787025600000,44.3,44.35,44.25,44.31,1491.8,66085.562,1
BYBIT,LTCUSDT,60,1787029200000,44.31,44.32,44.18,44.23,2474.5,109507.698,1
BYBIT,LTCUSDT,60,1787032800000,44.23,44.57,44.21,44.52,5906.4,262349.164,1
BYBIT,LTCUSDT,60,1787036400000,44.52,44.59,44.48,44.5,4878.4,217234.412,1
BYBIT,LTCUSDT,60,1787040000000,44.5,44.61,44.41,44.58,9698.0,431721.973,1
BYBIT,LTCUSDT,60,1787043600000,44.58,44.67,44.49,44.58,7230.9,322351.93,1
BYBIT,LTCUSDT,60,1787047200000,44.58,44.6,44.47,44.47,8195.5,365103.93,1
BYBIT,LTCUSDT,60,1787050800000,44.47,44.59,44.46,44.54,4764.6,212055.116,1
BYBIT,LTCUSDT,60,1787054400000,44.54,44.56,44.48,44.51,1979.4,88146.695,1
BYBIT,LTCUSDT,60,1787058000000,44.51,44.57,44.38,44.42,6779.9,301474.849,1
BYBIT,LTCUSDT,60,1787061600000,44.42,44.75,44.33,44.36,13080.2,582615.364,1
BYBIT,LTCUSDT,60,1787065200000,44.36,44.39,44.12,44.18,18043.6,798928.16,1
BYBIT,LTCUSDT,60,1787068800000,44.18,44.42,44.18,44.4,7005.2,310345.235,1
BYBIT,LTCUSDT,60,1787072400000,44.4,44.4,44.25,44.27,4681.1,207323.92,1
BYBIT,LTCUSDT,60,1787076000000,44.27,44.49,44.27,44.49,4129.0,183305.878,1
BYBIT,LTCUSDT,60,1787079600000,44.49,44.58,44.47,44.5,4400.1,195950.788,1
BYBIT,LTCUSDT,60,1787083200000,44.5,44.57,44.45,44.56,2570.3,114407.75,1
BYBIT,LTCUSDT,60,1787086800000,44.56,44.6,44.45,44.47,2988.3,133089.139,1
BYBIT,LTCUSDT,60,1787090400000,44.47,44.47,44.33,44.33,3634.5,161325.077,1
BYBIT,LTCUSDT,60,1787094000000,44.33,44.59,44.24,44.36,16293.3,724124.718,1
BYBIT,LTCUSDT,60,1787097600000,44.36,44.42,44.32,44.34,5272.4,233881.487,1
BYBIT,LTCUSDT,60,1787101200000,44.34,44.43,44.32,44.41,2620.1,116306.993,1
BYBIT,LTCUSDT,60,1787104800000,44.41,44.41,44.31,44.37,4018.4,178292.455,1
BYBIT,LTCUSDT,60,1787108400000,44.37,44.52,44.36,44.37,4576.1,203455.403,1
BYBIT,LTCUSDT,60,1787112000000,44.37,44.41,44.34,44.36,6822.6,302725.73,1
BYBIT,LTCUSDT,60,1787115600000,44.36,44.45,44.35,44.38,3129.6,138962.628,1
BYBIT,LTCUSDT,60,1787119200000,44.38,44.52,44.36,44.5,3647.6,162197.003,1
BYBIT,LTCUSDT,60,1787122800000,44.5,44.56,44.46,44.49,5223.7,232459.049,1
BYBIT,LTCUSDT,60,1787126400000,44.49,44.99,44.46,44.95,56863.4,2547733.594,1
BYBIT,LTCUSDT,60,1787130000000,44.95,45.04,44.84,44.86,19721.2,886539.899,1
BYBIT,LTCUSDT,60,1787133600000,44.86,44.88,44.75,44.87,6100.9,273388.997,1
BYBIT,LTCUSDT,60,1787137200000,44.87,45.01,44.76,44.81,34221.4,1537782.45,1
BYBIT,LTCUSDT,60,1787140800000,44.81,44.98,44.79,44.89,22517.0,1010672.766,1
BYBIT,LTCUSDT,60,1787144400000,44.89,45.04,44.84,44.95,22475.4,1010031.557,1
BYBIT,LTCUSDT,60,1787148000000,44.95,45.37,44.93,45.29,27562.2,1245045.653,1
BYBIT,LTCUSDT,60,1787151600000,45.29,46.18,45.17,45.67,96399.6,4408234.335,1
BYBIT,LTCUSDT,60,1787155200000,45.67,45.91,45.61,45.81,23947.0,1096401.881,1
BYBIT,LTCUSDT,60,1787158800000,45.81,45.83,45.53,45.72,18210.2,831539.848,1
BYBIT,LTCUSDT,60,1787162400000,45.72,45.86,45.63,45.86,10819.5,495072.647,1
BYBIT,LTCUSDT,60,1787166000000,45.86,46.03,45.77,46.0,11005.4,505183.691,1
BYBIT,LTCUSDT,60,1787169600000,46.0,46.69,46.0,46.61,51443.3,2385905.749,1
BYBIT,LTCUSDT,60,1787173200000,46.61,47.23,46.49,47.14,95454.7,4478497.237,1
BYBIT,LTCUSDT,60,1787176800000,47.14,47.23,46.42,46.61,34013.1,1587020.3,1
BYBIT,LTCUSDT,60,1787180400000,46.61,46.76,46.47,46.76,8999.0,419414.618,1
BYBIT,LTCUSDT,60,1787184000000,46.76,47.24,46.76,47.05,28877.4,1357634.202,1
BYBIT,LTCUSDT,60,1787187600000,47.05,47.15,46.85,47.06,15704.9,737643.667,1
BYBIT,LTCUSDT,60,1787191200000,47.06,47.08,46.73,46.75,17192.1,807117.904,1
BYBIT,LTCUSDT,60,1787194800000,46.75,46.81,46.47,46.73,9676.5,451239.189,1
BYBIT,LTCUSDT,60,1787198400000,46.73,46.91,46.68,46.85,7971.1,373193.955,1
BYBIT,LTCUSDT,60,1787202000000,46.85,46.89,46.7,46.77,7550.6,353285.49,1
BYBIT,LTCUSDT,60,1787205600000,46.77,47.02,46.74,46.94,7399.2,347173.589,1
BYBIT,LTCUSDT,60,1787209200000,46.94,46.97,46.64,46.81,10723.0,501643.172,1
BYBIT,LTCUSDT,60,1787212800000,46.81,47.6,46.78,47.51,31568.0,1492963.852,1
BYBIT,LTCUSDT,60,1787216400000,47.51,47.59,47.11,47.16,41366.8,1960586.673,1
BYBIT,LTCUSDT,60,1787220000000,47.16,47.51,47.12,47.35,13793.3,653338.66,1
BYBIT,LTCUSDT,60,1787223600000,47.35,47.55,47.24,47.35,11996.5,568627.868,1
BYBIT,LTCUSDT,60,1787227200000,47.35,47.46,47.08,47.44,21613.3,1021785.024,1
BYBIT,LTCUSDT,60,1787230800000,47.44,47.49,47.09,47.38,14660.5,692870.372,1
BYBIT,LTCUSDT,60,1787234400000,47.38,47.81,47.31,47.77,18669.7,886528.29,1
BYBIT,LTCUSDT,60,1787238000000,47.77,48.19,47.57,48.0,61745.0,2954691.794,1
BYBIT,LTCUSDT,60,1787241600000,48.0,48.54,47.68,48.48,35260.5,1694679.682,1
BYBIT,LTCUSDT,60,1787245200000,48.48,48.55,48.16,48.3,30457.8,1472548.629,1
BYBIT,LTCUSDT,60,1787248800000,48.3,48.57,47.86,48.01,60606.1,2919325.956,1
BYBIT,LTCUSDT,60,1787252400000,48.01,48.19,47.73,47.83,17774.5,852572.345,1
BYBIT,LTCUSDT,60,1787256000000,47.83,48.25,47.72,48.08,25631.8,1230131.111,1
BYBIT,LTCUSDT,60,1787259600000,48.08,48.19,48.01,48.11,14882.6,715703.757,1
BYBIT,LTCUSDT,60,1787263200000,48.11,48.11,47.75,47.8,9400.4,450506.111,1
BYBIT,LTCUSDT,60,1787266800000,47.8,48.08,47.67,47.8,20842.0,997047.212,1
BYBIT,LTCUSDT,60,1787270400000,47.8,48.19,47.75,47.93,31743.9,1523344.425,1
BYBIT,LTCUSDT,60,1787274000000,47.93,48.51,47.91,48.38,31789.2,1533020.812,1
BYBIT,LTCUSDT,60,1787277600000,48.38,48.41,48.07,48.08,18670.7,900424.821,1
BYBIT,LTCUSDT,60,1787281200000,48.08,48.43,47.95,48.29,23173.4,1116567.635,1
BYBIT,LTCUSDT,60,1787284800000,48.29,48.71,48.29,48.69,28875.7,1399468.09,1
BYBIT,LTCUSDT,60,1787288400000,48.69,48.73,48.47,48.63,17411.7,846960.195,1
BYBIT,LTCUSDT,60,1787292000000,48.63,48.95,48.49,48.82,27364.0,1333565.928,1
BYBIT,LTCUSDT,60,1787295600000,48.82,49.92,48.78,49.59,88635.5,4381631.679,1
BYBIT,LTCUSDT,60,1787299200000,49.59,51.43,49.59,51.42,147681.3,7479209.368,1
BYBIT,LTCUSDT,60,1787302800000,51.42,51.46,49.71,50.68,151803.5,7652778.453,1
BYBIT,LTCUSDT,60,1787306400000,50.68,50.99,50.37,50.87,40621.5,2056713.625,1
BYBIT,LTCUSDT,60,1787310000000,50.87,50.97,49.96,50.19,61026.9,3078065.335,1
BYBIT,LTCUSDT,60,1787313600000,50.19,50.79,50.12,50.58,40859.3,2060197.765,1
BYBIT,LTCUSDT,60,1787317200000,50.58,50.94,50.18,50.9,41990.7,2123158.046,1
BYBIT,LTCUSDT,60,1787320800000,50.9,51.52,50.54,51.49,32262.1,1644963.059,1
BYBIT,LTCUSDT,60,1787324400000,51.49,52.07,51.43,51.82,73284.5,3794947.834,1
BYBIT,LTCUSDT,60,1787328000000,51.82,52.23,51.11,51.81,65095.5,3361089.006,1
BYBIT,LTCUSDT,60,1787331600000,51.81,52.03,51.21,51.86,37411.7,1933318.524,1
BYBIT,LTCUSDT,60,1787335200000,51.86,52.08,51.42,51.61,27222.7,1408601.328,1
BYBIT,LTCUSDT,60,1787338800000,51.61,52.35,51.26,51.64,39378.9,2042699.867,1
BYBIT,LTCUSDT,60,1787342400000,51.64,52.39,51.43,52.37,42081.6,2190895.742,1
BYBIT,LTCUSDT,60,1787346000000,52.37,52.8,52.09,52.66,65498.8,3440066.427,1
BYBIT,LTCUSDT,60,1787349600000,52.66,54.16,52.54,53.77,136344.0,7271839.909,1
BYBIT,LTCUSDT,60,1787353200000,53.77,53.93,52.92,53.16,59026.5,3154344.773,1
BYBIT,LTCUSDT,60,1787356800000,53.16,53.86,52.7,53.85,50900.9,2714888.082,1
BYBIT,LTCUSDT,60,1787360400000,53.85,54.15,52.96,53.13,130061.8,6966633.373,1
BYBIT,LTCUSDT,60,1787364000000,53.13,54.59,53.13,54.47,99451.4,5370382.087,1
BYBIT,LTCUSDT,60,1787367600000,54.47,54.99,53.88,54.22,130038.1,7072680.761,1
BYBIT,LTCUSDT,60,1787371200000,54.22,55.44,53.77,54.91,100638.1,5506098.279,1
BYBIT,LTCUSDT,60,1787374800000,54.91,55.18,50.09,51.99,434848.7,22564875.052,1
BYBIT,LTCUSDT,60,1787378400000,51.99,52.12,51.16,51.99,74406.6,3848889.258,1
BYBIT,LTCUSDT,60,1787382000000,51.99,52.4,51.64,51.92,39242.0,2041244.102,1
BYBIT,LTCUSDT,60,1787385600000,51.92,52.12,50.94,51.35,70393.0,3615587.629,1
BYBIT,LTCUSDT,60,1787389200000,51.35,51.92,50.95,51.65,52215.2,2693257.116,1
BYBIT,LTCUSDT,60,1787392800000,51.65,51.68,50.45,51.31,83647.9,4266754.656,1
BYBIT,LTCUSDT,60,1787396400000,51.31,51.51,51.01,51.41,36295.7,1861240.722,1
BYBIT,LTCUSDT,60,1787400000000,51.41,51.86,51.29,51.66,20178.3,1040972.932,1
BYBIT,LTCUSDT,60,1787403600000,51.66,52.21,51.5,52.2,22406.7,1162024.477,1
BYBIT,LTCUSDT,60,1787407200000,52.2,52.26,51.48,51.9,49105.5,2544946.375,1
BYBIT,LTCUSDT,60,1787410800000,51.9,52.13,51.39,51.93,26793.7,1389123.719,1
BYBIT,LTCUSDT,60,1787414400000,51.93,52.55,51.74,52.3,27595.2,1440598.52,1
BYBIT,LTCUSDT,60,1787418000000,52.3,52.73,52.2,52.61,22988.5,1208057.389,1
BYBIT,LTCUSDT,60,1787421600000,52.61,52.98,52.57,52.93,32025.6,1690028.442,1
BYBIT,LTCUSDT,60,1787425200000,52.93,53.71,52.8,53.18,34100.1,1819452.791,1
BYBIT,LTCUSDT,60,1787428800000,53.18,53.48,52.75,52.91,42625.2,2264795.577,1
BYBIT,LTCUSDT,60,1787432400000,52.91,52.92,51.83,51.96,42285.1,2216052.774,1
BYBIT,LTCUSDT,60,1787436000000,51.96,52.73,51.77,52.57,24265.0,1269618.515,1
BYBIT,LTCUSDT,60,1787439600000,52.57,52.68,52.07,52.45,15432.7,809080.513,1
BYBIT,LTCUSDT,60,1787443200000,52.45,52.93,52.25,52.76,25764.2,1354042.056,1
BYBIT,LTCUSDT,60,1787446800000,52.76,52.76,52.01,52.04,11581.1,607187.813,1
BYBIT,LTCUSDT,60,1787450400000,52.04,52.04,51.36,51.55,25248.6,1305112.709,1
BYBIT,LTCUSDT,60,1787454000000,51.55,51.62,51.06,51.19,13967.4,716646.394,1
BYBIT,LTCUSDT,60,1787457600000,51.19,51.51,50.63,51.09,31812.3,1621886.292,1
BYBIT,LTCUSDT,60,1787461200000,51.09,51.3,50.57,50.72,40721.7,2077198.17,1
BYBIT,LTCUSDT,60,1787464800000,50.72,51.34,50.64,51.18,13975.5,713240.386,1
BYBIT,LTCUSDT,60,1787468400000,51.18,51.46,51.09,51.22,8671.8,444878.703,1
BYBIT,LTCUSDT,60,1787472000000,51.22,51.9,51.13,51.73,23834.4,1231578.83,1
BYBIT,LTCUSDT,60,1787475600000,51.73,51.98,51.64,51.8,13197.3,684066.39,1
BYBIT,LTCUSDT,60,1787479200000,51.8,52.26,51.8,52.11,11206.2,583433.293,1
BYBIT,LTCUSDT,60,1787482800000,52.11,52.46,52.07,52.26,19707.9,1029469.165,1
BYBIT,LTCUSDT,60,1787486400000,52.26,52.58,51.99,52.5,18984.2,992391.721,1
BYBIT,LTCUSDT,60,1787490000000,52.5,53.08,52.4,52.99,26880.4,1417146.212,1
BYBIT,LTCUSDT,60,1787493600000,52.99,53.18,51.63,52.12,78452.9,4098026.408,1
BYBIT,LTCUSDT,60,1787497200000,52.12,52.28,51.62,52.01,27152.3,1411840.409,1
BYBIT,LTCUSDT,60,1787500800000,52.01,52.28,51.91,52.28,10827.7,563605.892,1
BYBIT,LTCUSDT,60,1787504400000,52.28,52.48,52.06,52.32,12661.6,662461.057,1
BYBIT,LTCUSDT,60,1787508000000,52.32,52.46,52.22,52.4,5434.9,284459.592,1
BYBIT,LTCUSDT,60,1787511600000,52.4,52.43,52.03,52.28,8585.5,448463.355,1
BYBIT,LTCUSDT,60,1787515200000,52.28,52.48,52.15,52.35,9797.8,512518.696,1
BYBIT,LTCUSDT,60,1787518800000,52.35,52.79,52.35,52.44,20644.4,1086333.006,1
BYBIT,LTCUSDT,60,1787522400000,52.44,52.6,52.15,52.35,23574.2,1234321.448,1
BYBIT,LTCUSDT,60,1787526000000,52.35,52.63,52.2,52.26,15451.8,809293.183,1
BYBIT,LTCUSDT,60,1787529600000,52.26,52.36,51.55,52.12,38617.4,2004512.071,1
BYBIT,LTCUSDT,60,1787533200000,52.12,52.18,51.3,51.42,37248.9,1923614.326,1
BYBIT,LTCUSDT,60,1787536800000,51.42,51.99,51.2,51.87,20364.7,1050142.72,1
BYBIT,LTCUSDT,60,1787540400000,51.87,51.9,51.46,51.65,11240.1,580592.568,1
BYBIT,LTCUSDT,60,1787544000000,51.65,52.24,51.65,51.94,8381.4,435400.321,1
BYBIT,LTCUSDT,60,1787547600000,51.94,52.18,51.75,52.04,19303.6,1003168.053,1
BYBIT,LTCUSDT,60,1787551200000,52.04,52.18,51.76,52.11,17842.3,928103.006,1
BYBIT,LTCUSDT,60,1787554800000,52.11,52.48,52.0,52.1,22710.6,1185431.541,1
BYBIT,LTCUSDT,60,1787558400000,52.1,52.2,51.56,51.93,24662.4,1279740.277,1
BYBIT,LTCUSDT,60,1787562000000,51.93,53.54,51.89,53.14,145144.7,7688467.183,1
BYBIT,LTCUSDT,60,1787565600000,53.14,54.06,52.5,52.53,181728.9,9688967.719,1
BYBIT,LTCUSDT,60,1787569200000,52.53,53.2,52.31,52.96,76283.4,4029567.952,1
BYBIT,LTCUSDT,60,1787572800000,52.96,53.75,52.5,53.44,78122.0,4147124.176,1
BYBIT,LTCUSDT,60,1787576400000,53.44,53.47,51.8,52.04,99614.4,5234422.461,1
BYBIT,LTCUSDT,60,1787580000000,52.04,52.7,51.91,52.6,65523.6,3428868.163,1
BYBIT,LTCUSDT,60,1787583600000,52.6,52.94,52.12,52.34,64832.6,3405510.043,1
BYBIT,LTCUSDT,60,1787587200000,52.34,52.78,52.33,52.38,44170.1,2321840.103,1
BYBIT,LTCUSDT,60,1787590800000,52.38,52.42,51.6,51.8,79117.5,4108819.616,1
BYBIT,LTCUSDT,60,1787594400000,51.8,52.12,51.69,51.87,22573.4,1171561.799,1
BYBIT,LTCUSDT,60,1787598000000,51.87,51.97,51.44,51.57,36898.7,1904867.995,1
BYBIT,LTCUSDT,60,1787601600000,51.57,51.75,51.33,51.72,19428.0,1000376.079,1
BYBIT,LTCUSDT,60,1787605200000,51.72,51.84,51.61,51.81,10178.8,526627.856,1
BYBIT,LTCUSDT,60,1787608800000,51.81,51.87,51.38,51.5,9441.2,487099.766,1
BYBIT,LTCUSDT,60,1787612400000,51.5,51.7,51.22,51.61,20501.7,1055247.591,1
BYBIT,LTCUSDT,60,1787616000000,51.61,52.15,51.38,52.08,25917.2,1340852.04,1
BYBIT,LTCUSDT,60,1787619600000,52.08,52.34,51.96,52.29,16925.2,883379.153,1
BYBIT,LTCUSDT,60,1787623200000,52.29,52.95,52.02,52.48,43341.0,2278516.31,1
BYBIT,LTCUSDT,60,1787626800000,52.48,52.7,52.27,52.3,19827.6,1041017.307,1
BYBIT,LTCUSDT,60,1787630400000,52.3,52.48,52.09,52.35,25099.8,1312992.849,1
BYBIT,LTCUSDT,60,1787634000000,52.35,52.72,52.32,52.58,9120.9,479671.679,1
BYBIT,LTCUSDT,60,1787637600000,52.58,52.65,51.83,51.96,51700.8,2699296.769,1
BYBIT,LTCUSDT,60,1787641200000,51.96,52.23,51.11,51.61,49118.6,2540265.821,1
BYBIT,LTCUSDT,60,1787644800000,51.61,51.94,51.51,51.63,19163.7,991720.257,1
BYBIT,LTCUSDT,60,1787648400000,51.63,51.71,50.92,51.25,34352.9,1760693.398,1
BYBIT,LTCUSDT,60,1787652000000,51.25,51.51,51.08,51.4,24000.2,1233240.988,1
BYBIT,LTCUSDT,60,1787655600000,51.4,51.44,51.0,51.05,20959.9,1072958.643,1
BYBIT,LTCUSDT,60,1787659200000,51.05,51.39,50.78,51.3,30612.5,1562826.471,1
BYBIT,LTCUSDT,60,1787662800000,51.3,51.32,50.25,50.75,67306.8,3411724.094,1
BYBIT,LTCUSDT,60,1787666400000,50.75,51.23,50.6,50.89,33148.2,1689858.461,1
BYBIT,LTCUSDT,60,1787670000000,50.89,51.15,50.77,51.14,19084.0,972724.547,1
BYBIT,LTCUSDT,60,1787673600000,51.14,51.2,50.87,51.0,18723.0,955883.314,1
BYBIT,LTCUSDT,60,1787677200000,51.0,51.06,50.68,50.99,10576.2,537796.671,1
BYBIT,LTCUSDT,60,1787680800000,50.99,51.18,50.94,51.07,10715.8,547186.522,1
BYBIT,LTCUSDT,60,1787684400000,51.07,51.1,50.68,50.8,12311.0,625957.564,1
BYBIT,LTCUSDT,60,1787688000000,50.8,50.85,49.8,50.04,59686.9,3003251.369,1
BYBIT,LTCUSDT,60,1787691600000,50.04,50.35,49.26,50.31,64800.1,3226487.713,1
BYBIT,LTCUSDT,60,1787695200000,50.31,50.7,50.31,50.48,10447.1,527796.853,1
BYBIT,LTCUSDT,60,1787698800000,50.48,50.55,49.83,49.93,10142.9,508194.18,1
BYBIT,LTCUSDT,60,1787702400000,49.93,50.3,49.73,50.2,15607.7,779694.093,1
BYBIT,LTCUSDT,60,1787706000000,50.2,50.44,50.07,50.29,9533.9,479313.376,1
BYBIT,LTCUSDT,60,1787709600000,50.29,50.46,49.99,50.43,10965.4,551082.386,1
BYBIT,LTCUSDT,60,1787713200000,50.43,50.52,50.21,50.29,6081.9,306286.618,1
BYBIT,LTCUSDT,60,1787716800000,50.29,50.37,49.91,49.96,10890.3,546374.401,1
BYBIT,LTCUSDT,60,1787720400000,49.96,50.41,49.84,50.33,12055.2,604448.544,1
BYBIT,LTCUSDT,60,1787724000000,50.33,50.4,49.95,50.12,29640.0,1487500.317,1
BYBIT,LTCUSDT,60,1787727600000,50.12,50.33,50.0,50.15,16466.0,825914.955,1
BYBIT,LTCUSDT,60,1787731200000,50.15,50.42,50.09,50.17,14331.2,720731.689,1
BYBIT,LTCUSDT,60,1787734800000,50.17,50.32,49.91,50.09,12714.7,637408.799,1
BYBIT,LTCUSDT,60,1787738400000,50.09,50.68,49.91,50.67,15355.6,773577.733,1
BYBIT,LTCUSDT,60,1787742000000,50.67,50.79,50.36,50.52,20132.9,1018855.351,1
BYBIT,LTCUSDT,60,1787745600000,50.52,50.87,50.15,50.42,36635.6,1851585.46,1
BYBIT,LTCUSDT,60,1787749200000,50.42,50.42,49.85,50.15,27358.3,1368895.092,1
BYBIT,LTCUSDT,60,1787752800000,50.15,50.27,49.44,49.48,33647.8,1674273.305,1
BYBIT,LTCUSDT,60,1787756400000,49.48,49.62,49.16,49.52,41805.0,2063777.544,1
BYBIT,LTCUSDT,60,1787760000000,49.52,49.81,49.45,49.75,29661.3,1470942.123,1
BYBIT,LTCUSDT,60,1787763600000,49.75,50.0,49.67,49.89,10218.4,509359.406,1
BYBIT,LTCUSDT,60,1787767200000,49.89,49.98,49.76,49.9,13117.8,654422.704,1
BYBIT,LTCUSDT,60,1787770800000,49.9,49.96,49.72,49.8,8390.8,418178.209,1
BYBIT,LTCUSDT,60,1787774400000,49.8,49.89,49.58,49.89,8033.6,399868.898,1
BYBIT,LTCUSDT,60,1787778000000,49.89,50.15,49.77,50.08,20945.9,1045616.288,1
BYBIT,LTCUSDT,60,1787781600000,50.08,50.43,49.95,50.04,16523.0,829427.431,1
BYBIT,LTCUSDT,60,1787785200000,50.04,50.54,50.0,50.48,6461.8,324949.934,1
BYBIT,LTCUSDT,60,1787788800000,50.48,50.48,49.83,49.85,13312.5,667312.125,1
BYBIT,LTCUSDT,60,1787792400000,49.85,50.15,49.74,49.94,11121.5,554891.522,1
BYBIT,LTCUSDT,60,1787796000000,49.94,50.07,49.83,49.88,4790.2,239198.54,1
BYBIT,LTCUSDT,60,1787799600000,49.88,50.07,49.73,49.92,5177.6,258614.806,1
BYBIT,LTCUSDT,60,1787803200000,49.92,49.99,49.61,49.68,12078.4,601081.797,1
BYBIT,LTCUSDT,60,1787806800000,49.68,49.76,49.36,49.72,13119.4,650240.993,1
BYBIT,LTCUSDT,60,1787810400000,49.72,49.77,49.5,49.72,10015.3,497363.041,1
BYBIT,LTCUSDT,60,1787814000000,49.72,49.82,49.6,49.75,6524.2,324327.539,1
BYBIT,LTCUSDT,60,1787817600000,49.75,50.27,49.66,50.18,53989.7,2699174.995,1
BYBIT,LTCUSDT,60,1787821200000,50.18,50.47,50.0,50.23,28960.6,1454218.937,1
BYBIT,LTCUSDT,60,1787824800000,50.23,50.31,49.57,49.87,21313.9,1063326.55,1
BYBIT,LTCUSDT,60,1787828400000,49.87,50.07,49.63,49.82,13866.1,691506.068,1
BYBIT,LTCUSDT,60,1787832000000,49.82,49.92,49.57,49.61,14691.8,731105.543,1
BYBIT,LTCUSDT,60,1787835600000,49.61,50.13,49.61,50.03,22861.0,1140226.91,1
BYBIT,LTCUSDT,60,1787839200000,50.03,50.45,49.77,50.2,30576.6,1535300.012,1
BYBIT,LTCUSDT,60,1787842800000,50.2,50.49,49.86,50.14,44281.6,2221614.958,1
BYBIT,LTCUSDT,60,1787846400000,50.14,50.46,50.05,50.2,31894.5,1603707.296,1
BYBIT,LTCUSDT,60,1787850000000,50.2,50.45,49.97,50.13,17189.9,864606.254,1
BYBIT,LTCUSDT,60,1787853600000,50.13,50.16,49.65,49.92,25026.2,1248506.504,1
BYBIT,LTCUSDT,60,1787857200000,49.92,50.05,49.86,49.93,13695.9,684018.287,1
BYBIT,LTCUSDT,60,1787860800000,49.93,50.08,49.82,49.97,7557.6,377510.701,1
BYBIT,LTCUSDT,60,1787864400000,49.97,50.01,49.76,49.96,11046.2,551070.466,1
BYBIT,LTCUSDT,60,1787868000000,49.96,50.17,49.94,49.96,7225.0,361525.73,1
BYBIT,LTCUSDT,60,1787871600000,49.96,49.98,49.84,49.88,7093.2,353945.064,1
BYBIT,LTCUSDT,60,1787875200000,49.88,50.14,49.61,50.04,22748.2,1133911.621,1
BYBIT,LTCUSDT,60,1787878800000,50.04,50.48,49.92,49.95,17961.5,901242.876,1
BYBIT,LTCUSDT,60,1787882400000,49.95,49.95,48.83,49.32,77688.7,3826275.479,1
BYBIT,LTCUSDT,60,1787886000000,49.32,49.42,49.13,49.32,14757.8,727714.256,1
BYBIT,LTCUSDT,60,1787889600000,49.32,49.44,49.06,49.22,9281.2,457126.477,1
BYBIT,LTCUSDT,60,1787893200000,49.22,49.29,48.98,49.16,5068.4,249249.878,1
BYBIT,LTCUSDT,60,1787896800000,49.16,49.41,49.16,49.35,10013.6,493379.069,1
BYBIT,LTCUSDT,60,1787900400000,49.35,49.36,49.1,49.16,2551.0,125467.111,1
BYBIT,LTCUSDT,60,1787904000000,49.16,49.27,48.9,48.95,21138.2,1037784.154,1
BYBIT,LTCUSDT,60,1787907600000,48.95,49.09,48.73,48.91,31048.2,1520479.205,1
BYBIT,LTCUSDT,60,1787911200000,48.91,49.06,48.65,49.04,17879.8,872900.307,1
BYBIT,LTCUSDT,60,1787914800000,49.04,49.16,48.98,49.07,9746.8,478271.593,1
BYBIT,LTCUSDT,60,1787918400000,49.07,49.14,48.68,49.03,66795.2,3267913.334,1
BYBIT,LTCUSDT,60,1787922000000,49.03,49.12,48.81,49.03,17037.5,834293.435,1
BYBIT,LTCUSDT,60,1787925600000,49.03,49.46,48.4,49.32,59132.8,2892444.944,1
BYBIT,LTCUSDT,60,1787929200000,49.32,49.46,48.45,48.55,24466.1,1198246.713,1
BYBIT,LTCUSDT,60,1787932800000,48.55,48.84,47.9,48.83,105184.8,5075240.932,1
BYBIT,LTCUSDT,60,1787936400000,48.83,49.06,48.73,49.03,23285.0,1138116.135,1
BYBIT,LTCUSDT,60,1787940000000,49.03,49.05,48.54,48.85,17097.3,833514.021,1
BYBIT,LTCUSDT,60,1787943600000,48.85,49.22,48.85,49.16,6813.9,334407.478,1
BYBIT,LTCUSDT,60,1787947200000,49.16,49.52,49.12,49.52,15659.8,772237.762,1
BYBIT,LTCUSDT,60,1787950800000,49.52,49.57,49.08,49.21,17206.9,847931.22,1
BYBIT,LTCUSDT,60,1787954400000,49.21,49.39,49.21,49.29,13269.6,654201.001,1
BYBIT,LTCUSDT,60,1787958000000,49.29,49.3,49.2,49.3,5619.0,276728.214,1
BYBIT,LTCUSDT,60,1787961600000,49.3,49.47,49.16,49.18,8700.0,429415.424,1
BYBIT,LTCUSDT,60,1787965200000,49.18,49.18,49.04,49.16,6094.3,299290.479,1
BYBIT,LTCUSDT,60,1787968800000,49.16,49.23,48.93,48.97,7090.9,347768.471,1
BYBIT,LTCUSDT,60,1787972400000,48.97,49.0,48.83,48.88,5622.3,275007.692,1
BYBIT,LTCUSDT,60,1787976000000,48.88,49.11,48.88,49.06,4480.0,219404.653,1
BYBIT,LTCUSDT,60,1787979600000,49.06,49.19,49.04,49.17,2375.4,116687.542,1
BYBIT,LTCUSDT,60,1787983200000,49.17,49.31,48.97,49.26,6671.7,327996.731,1
BYBIT,LTCUSDT,60,1787986800000,49.26,49.31,49.13,49.21,6367.2,313383.461,1
BYBIT,LTCUSDT,60,1787990400000,49.21,49.28,48.91,49.01,13138.9,644835.19,1
BYBIT,LTCUSDT,60,1787994000000,49.01,49.01,48.81,48.84,10214.3,499592.422,1
BYBIT,LTCUSDT,60,1787997600000,48.84,48.85,48.68,48.78,8252.5,402488.903,1
BYBIT,LTCUSDT,60,1788001200000,48.78,48.82,48.67,48.69,4118.9,200813.781,1
BYBIT,LTCUSDT,60,1788004800000,48.69,48.86,48.68,48.76,5491.4,267818.482,1
BYBIT,LTCUSDT,60,1788008400000,48.76,48.94,48.7,48.9,6108.8,298220.1,1
BYBIT,LTCUSDT,60,1788012000000,48.9,49.29,48.89,49.14,19162.7,940967.244,1
BYBIT,LTCUSDT,60,1788015600000,49.14,49.14,48.95,49.05,5312.3,260631.928,1
BYBIT,LTCUSDT,60,1788019200000,49.05,49.17,48.84,48.85,6482.5,317823.994,1
BYBIT,LTCUSDT,60,1788022800000,48.85,48.93,48.67,48.74,7072.3,345111.098,1
BYBIT,LTCUSDT,60,1788026400000,48.74,48.83,48.48,48.74,20200.2,982669.391,1
BYBIT,LTCUSDT,60,1788030000000,48.74,48.9,48.69,48.86,6214.1,303254.998,1
BYBIT,LTCUSDT,60,1788033600000,48.86,49.01,48.84,48.89,7567.4,370241.978,1
BYBIT,LTCUSDT,60,1788037200000,48.89,48.97,48.77,48.87,9917.9,484844.388,1
BYBIT,LTCUSDT,60,1788040800000,48.87,48.93,48.85,48.92,2573.1,125798.805,1
BYBIT,LTCUSDT,60,1788044400000,48.92,49.0,48.84,48.99,5426.7,265447.882,1
BYBIT,LTCUSDT,60,1788048000000,48.99,48.99,48.71,48.75,12849.6,627549.334,1
BYBIT,LTCUSDT,60,1788051600000,48.75,48.81,48.71,48.77,6670.9,325155.338,1
BYBIT,LTCUSDT,60,1788055200000,48.77,48.92,48.74,48.87,3887.6,189875.524,1
BYBIT,LTCUSDT,60,1788058800000,48.87,48.92,48.83,48.86,2746.1,134212.596,1
BYBIT,LTCUSDT,60,1788062400000,48.86,48.9,48.69,48.81,5013.3,244798.217,1
BYBIT,LTCUSDT,60,1788066000000,48.81,48.94,48.81,48.94,4608.1,225264.651,1
BYBIT,LTCUSDT,60,1788069600000,48.94,49.03,48.87,49.02,5864.1,286941.814,1
BYBIT,LTCUSDT,60,1788073200000,49.02,49.02,48.83,48.88,7156.0,350208.972,1
BYBIT,LTCUSDT,60,1788076800000,48.88,49.01,48.88,49.0,4746.0,232305.55,1
BYBIT,LTCUSDT,60,1788080400000,49.0,49.16,48.97,49.08,6151.2,301844.646,1
BYBIT,LTCUSDT,60,1788084000000,49.08,49.27,49.05,49.22,5625.9,276682.607,1
BYBIT,LTCUSDT,60,1788087600000,49.22,49.35,49.14,49.32,6465.1,318306.274,1
BYBIT,LTCUSDT,60,1788091200000,49.32,49.75,49.26,49.65,27913.8,1383468.893,1
BYBIT,LTCUSDT,60,1788094800000,49.65,49.75,49.57,49.62,9240.3,458840.713,1
BYBIT,LTCUSDT,60,1788098400000,49.62,49.95,49.55,49.86,15380.2,765113.974,1
BYBIT,LTCUSDT,60,1788102000000,49.86,50.09,49.74,49.99,13459.8,672092.012,1
BYBIT,LTCUSDT,60,1788105600000,49.99,50.09,49.84,50.01,14082.8,703861.407,1
BYBIT,LTCUSDT,60,1788109200000,50.01,50.01,49.68,49.88,12746.4,635260.159,1
BYBIT,LTCUSDT,60,1788112800000,49.88,50.0,49.75,49.9,12052.4,601317.532,1
BYBIT,LTCUSDT,60,1788116400000,49.9,49.9,49.48,49.68,12816.9,636581.027,1
BYBIT,LTCUSDT,60,1788120000000,49.68,49.75,49.09,49.26,26088.3,1287906.199,1
BYBIT,LTCUSDT,60,1788123600000,49.26,49.29,48.83,49.12,22296.5,1093414.295,1
BYBIT,LTCUSDT,60,1788127200000,49.12,49.27,48.6,48.77,28612.0,1396314.313,1
BYBIT,LTCUSDT,60,1788130800000,48.77,48.78,47.26,47.91,128472.5,6157913.37,1
BYBIT,LTCUSDT,60,1788134400000,47.91,48.44,47.68,48.29,27947.8,1340780.549,1
BYBIT,LTCUSDT,60,1788138000000,48.29,48.35,47.83,47.94,17058.4,819628.247,1
BYBIT,LTCUSDT,60,1788141600000,47.94,48.28,47.91,48.09,9680.8,465950.708,1
BYBIT,LTCUSDT,60,1788145200000,48.09,48.46,48.05,48.41,6010.2,290140.505,1
BYBIT,LTCUSDT,60,1788148800000,48.41,48.41,48.03,48.27,9579.0,461642.381,1
BYBIT,LTCUSDT,60,1788152400000,48.27,48.64,48.22,48.56,19894.1,965205.139,1
BYBIT,LTCUSDT,60,1788156000000,48.56,48.75,48.51,48.61,12912.9,627827.094,1
BYBIT,LTCUSDT,60,1788159600000,48.61,48.68,48.51,48.58,6857.9,333044.718,1
BYBIT,LTCUSDT,60,1788163200000,48.58,48.77,48.42,48.72,9799.2,476164.905,1
BYBIT,LTCUSDT,60,1788166800000,48.72,48.82,48.52,48.54,11484.9,558933.627,1
BYBIT,LTCUSDT,60,1788170400000,48.54,48.6,48.35,48.53,12190.5,590869.061,1
BYBIT,LTCUSDT,60,1788174000000,48.53,48.56,48.25,48.3,12149.8,587635.416,1
BYBIT,LTCUSDT,60,1788177600000,48.3,48.62,48.21,48.48,29574.5,1431693.542,1
BYBIT,LTCUSDT,60,1788181200000,48.48,48.69,48.11,48.19,17654.7,853779.297,1
BYBIT,LTCUSDT,60,1788184800000,48.19,48.59,48.08,48.4,13901.3,671756.331,1
BYBIT,LTCUSDT,60,1788188400000,48.4,48.59,48.27,48.5,7190.1,348258.9,1
BYBIT,LTCUSDT,60,1788192000000,48.5,48.58,48.24,48.32,13789.6,667301.023,1
BYBIT,LTCUSDT,60,1788195600000,48.32,48.65,48.28,48.54,7637.3,369930.861,1
BYBIT,LTCUSDT,60,1788199200000,48.54,48.94,48.48,48.86,19953.4,971955.564,1
BYBIT,LTCUSDT,60,1788202800000,48.86,48.94,48.82,48.92,5517.8,269754.51,1
BYBIT,LTCUSDT,60,1788206400000,48.92,49.02,48.77,48.84,7704.9,376714.015,1
BYBIT,LTCUSDT,60,1788210000000,48.84,48.84,48.61,48.61,7564.4,368611.297,1
BYBIT,LTCUSDT,60,1788213600000,48.61,48.67,48.5,48.54,5381.8,261412.779,1
BYBIT,LTCUSDT,60,1788217200000,48.54,48.55,48.4,48.52,10784.4,522587.539,1
BYBIT,LTCUSDT,60,1788220800000,48.52,48.8,48.48,48.71,9493.6,462151.705,1
BYBIT,LTCUSDT,60,1788224400000,48.71,48.85,48.64,48.67,8652.1,421811.622,1
BYBIT,LTCUSDT,60,1788228000000,48.67,48.76,48.55,48.72,7529.9,366454.918,1
BYBIT,LTCUSDT,60,1788231600000,48.72,48.98,48.7,48.95,6645.9,324821.314,1
BYBIT,LTCUSDT,60,1788235200000,48.95,48.99,48.71,48.73,7934.9,387695.473,1
BYBIT,LTCUSDT,60,1788238800000,48.73,49.13,48.72,49.11,12314.0,602845.394,1
BYBIT,LTCUSDT,60,1788242400000,49.11,49.11,48.82,48.82,15748.6,771385.403,1
BYBIT,LTCUSDT,60,1788246000000,48.82,48.97,48.76,48.86,4559.8,222790.438,1
BYBIT,LTCUSDT,60,1788249600000,48.86,48.9,48.31,48.35,23705.8,1151666.672,1
BYBIT,LTCUSDT,60,1788253200000,48.35,48.59,48.24,48.59,7066.8,342151.316,1
BYBIT,LTCUSDT,60,1788256800000,48.59,48.99,48.53,48.94,7512.2,366665.702,1
BYBIT,LTCUSDT,60,1788260400000,48.94,49.13,48.76,49.05,10512.6,515031.873,1
BYBIT,LTCUSDT,60,1788264000000,49.05,49.26,48.83,49.1,24140.7,1185113.795,1
BYBIT,LTCUSDT,60,1788267600000,49.1,49.51,48.91,49.4,22235.9,1095595.745,1
BYBIT,LTCUSDT,60,1788271200000,49.4,49.79,49.37,49.6,14159.9,702398.159,1
BYBIT,LTCUSDT,60,1788274800000,49.6,49.93,49.27,49.83,14602.2,723872.494,1
BYBIT,LTCUSDT,60,1788278400000,49.83,49.87,49.38,49.67,14857.0,736562.992,1
BYBIT,LTCUSDT,60,1788282000000,49.67,49.91,49.44,49.6,17775.0,882192.501,1
BYBIT,LTCUSDT,60,1788285600000,49.6,49.66,48.77,49.3,28331.4,1392635.742,1
BYBIT,LTCUSDT,60,1788289200000,49.3,49.61,49.2,49.48,8393.7,414666.575,1
BYBIT,LTCUSDT,60,1788292800000,49.48,49.7,49.27,49.58,11835.6,586240.001,1
BYBIT,LTCUSDT,60,1788296400000,49.58,49.92,49.24,49.9,13253.9,657641.522,1
BYBIT,LTCUSDT,60,1788300000000,49.9,50.07,49.47,49.48,11200.7,558463.473,1
BYBIT,LTCUSDT,60,1788303600000,49.48,49.64,49.35,49.53,6203.9,307041.716,1
BYBIT,LTCUSDT,60,1788307200000,49.53,49.81,49.04,49.13,30026.3,1483094.712,1
BYBIT,LTCUSDT,60,1788310800000,49.13,49.29,48.81,49.0,12070.9,592261.775,1
BYBIT,LTCUSDT,60,1788314400000,49.0,49.31,48.95,49.29,7941.9,390414.639,1
BYBIT,LTCUSDT,60,1788318000000,49.29,49.54,49.07,49.13,7538.7,371720.898,1
BYBIT,LTCUSDT,60,1788321600000,49.13,49.44,48.95,49.38,9097.8,447278.156,1
BYBIT,LTCUSDT,60,1788325200000,49.38,49.49,49.23,49.39,3455.1,170670.463,1
BYBIT,LTCUSDT,60,1788328800000,49.39,49.72,49.25,49.45,18799.5,930228.363,1
BYBIT,LTCUSDT,60,1788332400000,49.45,49.71,48.97,49.14,29334.6,1448854.681,1
BYBIT,LTCUSDT,60,1788336000000,49.14,49.17,48.66,48.79,20819.4,1017928.863,1
BYBIT,LTCUSDT,60,1788339600000,48.79,48.89,48.58,48.8,17063.0,831477.701,1
BYBIT,LTCUSDT,60,1788343200000,48.8,48.8,48.46,48.72,9600.6,466786.473,1
BYBIT,LTCUSDT,60,1788346800000,48.72,48.8,48.55,48.78,7732.3,376350.023,1
BYBIT,LTCUSDT,60,1788350400000,48.78,48.89,48.65,48.71,14093.8,687458.697,1
BYBIT,LTCUSDT,60,1788354000000,48.71,49.25,48.71,49.19,14049.8,688349.603,1
BYBIT,LTCUSDT,60,1788357600000,49.19,49.36,49.06,49.06,10086.6,496421.551,1
BYBIT,LTCUSDT,60,1788361200000,49.06,49.49,48.94,49.38,17542.2,863881.061,1
BYBIT,LTCUSDT,60,1788364800000,49.38,49.64,49.29,49.34,19201.8,949089.129,1
BYBIT,LTCUSDT,60,1788368400000,49.34,49.53,49.22,49.5,18916.3,934022.155,1
BYBIT,LTCUSDT,60,1788372000000,49.5,49.75,49.38,49.7,9300.3,460763.585,1
BYBIT,LTCUSDT,60,1788375600000,49.7,49.84,49.56,49.77,13589.3,675253.731,1
BYBIT,LTCUSDT,60,1788379200000,49.77,49.98,49.67,49.71,15103.2,752533.365,1
BYBIT,LTCUSDT,60,1788382800000,49.71,49.89,49.49,49.84,9913.7,492462.907,1
BYBIT,LTCUSDT,60,1788386400000,49.84,49.84,49.46,49.49,5796.9,287561.246,1
BYBIT,LTCUSDT,60,1788390000000,49.49,49.67,49.46,49.65,2106.2,104390.719,1
BYBIT,LTCUSDT,60,1788393600000,49.65,49.81,49.57,49.59,7043.0,350043.165,1
BYBIT,LTCUSDT,60,1788397200000,49.59,50.03,49.44,49.71,23777.2,1185377.215,1
BYBIT,LTCUSDT,60,1788400800000,49.71,50.19,49.7,50.17,14855.1,741902.311,1
BYBIT,LTCUSDT,60,1788404400000,50.17,50.2,50.02,50.1,7612.7,381418.698,1
BYBIT,LTCUSDT,60,1788408000000,50.1,50.33,50.03,50.33,5696.0,285867.359,1
BYBIT,LTCUSDT,60,1788411600000,50.33,50.36,49.8,50.14,11007.6,550928.653,1
BYBIT,LTCUSDT,60,1788415200000,50.14,50.35,50.06,50.3,8915.5,447590.263,1
BYBIT,LTCUSDT,60,1788418800000,50.3,50.54,50.28,50.4,18426.3,928786.908,1
BYBIT,LTCUSDT,60,1788422400000,50.4,50.88,50.4,50.78,38367.8,1947509.068,1
BYBIT,LTCUSDT,60,1788426000000,50.78,50.88,50.37,50.54,23439.9,1187245.133,1
BYBIT,LTCUSDT,60,1788429600000,50.54,50.72,50.44,50.62,6363.5,321909.042,1
BYBIT,LTCUSDT,60,1788433200000,50.62,50.97,50.5,50.9,12996.9,659289.92,1
BYBIT,LTCUSDT,60,1788436800000,50.9,51.06,50.75,50.98,15954.6,812543.847,1
BYBIT,LTCUSDT,60,1788440400000,50.98,51.0,50.63,50.73,16205.1,824007.403,1
BYBIT,LTCUSDT,60,1788444000000,50.73,51.23,50.64,51.13,23104.5,1177689.52,1
BYBIT,LTCUSDT,60,1788447600000,51.13,51.32,50.93,51.26,30134.6,1541466.897,1
BYBIT,LTCUSDT,60,1788451200000,51.26,51.32,50.95,51.26,16486.1,843139.372,1
BYBIT,LTCUSDT,60,1788454800000,51.26,51.39,51.19,51.23,20392.3,1046062.138,1
BYBIT,LTCUSDT,60,1788458400000,51.23,51.34,51.15,51.29,21872.5,1120783.168,1
BYBIT,LTCUSDT,60,1788462000000,51.29,51.76,51.29,51.63,26748.0,1379703.559,1
BYBIT,LTCUSDT,60,1788465600000,51.63,51.72,51.44,51.59,12804.9,660993.882,1
BYBIT,LTCUSDT,60,1788469200000,51.59,51.84,51.51,51.67,12281.9,634680.326,1
BYBIT,LTCUSDT,60,1788472800000,51.67,51.74,51.14,51.2,18158.9,932545.748,1
BYBIT,LTCUSDT,60,1788476400000,51.2,51.49,51.2,51.46,7357.0,377858.64,1
BYBIT,LTCUSDT,60,1788480000000,51.46,51.58,50.99,51.0,30042.8,1540341.952,1
BYBIT,LTCUSDT,60,1788483600000,51.0,51.11,50.95,51.09,9847.8,502485.87,1
BYBIT,LTCUSDT,60,1788487200000,51.09,51.14,50.97,51.14,4558.8,232666.614,1
BYBIT,LTCUSDT,60,1788490800000,51.14,51.2,51.01,51.06,4484.4,229238.661,1
BYBIT,LTCUSDT,60,1788494400000,51.06,51.3,51.02,51.08,8725.7,446593.368,1
BYBIT,LTCUSDT,60,1788498000000,51.08,51.12,50.69,50.82,12187.4,620471.745,1
BYBIT,LTCUSDT,60,1788501600000,50.82,50.96,50.74,50.96,6817.7,346668.642,1
BYBIT,LTCUSDT,60,1788505200000,50.96,51.23,50.95,51.18,11685.1,597362.066,1
BYBIT,LTCUSDT,60,1788508800000,51.18,51.32,50.99,51.29,8071.2,412734.566,1
BYBIT,LTCUSDT,60,1788512400000,51.29,51.4,51.1,51.16,7009.7,359195.008,1
BYBIT,LTCUSDT,60,1788516000000,51.16,51.23,51.01,51.15,4069.8,208066.468,1
BYBIT,LTCUSDT,60,1788519600000,51.15,51.33,51.08,51.26,7879.7,403382.675,1
BYBIT,LTCUSDT,60,1788523200000,51.26,51.37,49.73,50.41,102463.9,5160193.125,1
BYBIT,LTCUSDT,60,1788526800000,50.41,50.73,50.29,50.46,13537.4,682866.625,1
BYBIT,LTCUSDT,60,1788530400000,50.46,50.51,49.76,49.99,23917.7,1199717.947,1
BYBIT,LTCUSDT,60,1788534000000,49.99,50.29,49.9,50.22,7535.5,378032.43,1
BYBIT,LTCUSDT,60,1788537600000,50.22,50.55,50.17,50.46,5013.4,252697.84,1
BYBIT,LTCUSDT,60,1788541200000,50.46,50.46,50.2,50.21,4624.6,232830.606,1
BYBIT,LTCUSDT,60,1788544800000,50.21,50.41,50.21,50.41,5050.3,254032.348,1
BYBIT,LTCUSDT,60,1788548400000,50.41,50.66,50.4,50.63,6359.5,321455.191,1
BYBIT,LTCUSDT,60,1788552000000,50.63,50.79,50.58,50.75,5791.0,293425.314,1
BYBIT,LTCUSDT,60,1788555600000,50.75,50.87,50.62,50.67,5451.4,276635.806,1
BYBIT,LTCUSDT,60,1788559200000,50.67,50.82,50.58,50.66,6372.1,322903.429,1
BYBIT,LTCUSDT,60,1788562800000,50.66,50.84,50.56,50.72,6315.6,320127.82,1
BYBIT,LTCUSDT,60,1788566400000,50.72,51.15,50.69,50.98,10947.8,558284.759,1
BYBIT,LTCUSDT,60,1788570000000,50.98,51.89,50.9,51.32,37869.8,1947210.787,1
BYBIT,LTCUSDT,60,1788573600000,51.32,52.23,51.27,52.15,38485.9,1990444.156,1
BYBIT,LTCUSDT,60,1788577200000,52.15,52.78,52.09,52.43,42440.9,2226027.193,1
BYBIT,LTCUSDT,60,1788580800000,52.43,52.68,52.19,52.55,21954.1,1150720.817,1
BYBIT,LTCUSDT,60,1788584400000,52.55,52.91,52.33,52.75,22707.3,1196493.623,1
BYBIT,LTCUSDT,60,1788588000000,52.75,53.8,52.74,53.57,51546.8,2755743.533,1
BYBIT,LTCUSDT,60,1788591600000,53.57,54.32,53.52,53.7,68627.7,3700824.42,1
BYBIT,LTCUSDT,60,1788595200000,53.7,53.86,52.89,53.03,48039.8,2556583.849,1
BYBIT,LTCUSDT,60,1788598800000,53.03,53.1,52.8,52.99,20824.6,1102420.437,1
BYBIT,LTCUSDT,60,1788602400000,52.99,53.1,52.74,52.89,24348.4,1288224.544,1
BYBIT,LTCUSDT,60,1788606000000,52.89,53.0,52.76,52.93,9642.8,510092.556,1
BYBIT,LTCUSDT,60,1788609600000,52.93,53.65,52.85,53.58,37670.2,2010500.708,1
BYBIT,LTCUSDT,60,1788613200000,53.58,54.05,53.45,53.79,37395.9,2011745.141,1
BYBIT,LTCUSDT,60,1788616800000,53.79,54.01,53.63,53.77,18142.6,976656.337,1
BYBIT,LTCUSDT,60,1788620400000,53.77,54.39,53.42,53.64,28161.4,1517076.32,1
BYBIT,LTCUSDT,60,1788624000000,53.64,54.42,53.63,54.37,25515.9,1379032.564,1
BYBIT,LTCUSDT,60,1788627600000,54.37,54.95,54.24,54.89,46227.0,2527080.33,1
BYBIT,LTCUSDT,60,1788631200000,54.89,55.11,54.46,54.47,47423.9,2595817.873,1
BYBIT,LTCUSDT,60,1788634800000,54.47,54.64,54.05,54.21,20683.9,1124107.942,1
BYBIT,LTCUSDT,60,1788638400000,54.21,54.29,53.52,53.83,41223.7,2219008.895,1
BYBIT,LTCUSDT,60,1788642000000,53.83,54.48,53.73,54.46,21715.3,1174601.309,1
BYBIT,LTCUSDT,60,1788645600000,54.46,55.3,54.28,54.79,141572.3,7740848.634,1
BYBIT,LTCUSDT,60,1788649200000,54.79,54.93,54.52,54.65,21603.3,1182629.168,1
BYBIT,LTCUSDT,60,1788652800000,54.65,54.77,54.29,54.38,35985.3,1964369.356,1
BYBIT,LTCUSDT,60,1788656400000,54.38,54.83,54.3,54.8,12097.2,660266.874,1
BYBIT,LTCUSDT,60,1788660000000,54.8,54.91,54.55,54.64,10212.1,559009.302,1
BYBIT,LTCUSDT,60,1788663600000,54.64,55.12,54.5,54.69,24669.5,1351825.629,1
BYBIT,LTCUSDT,60,1788667200000,54.69,54.7,54.16,54.25,18481.7,1003735.416,1
BYBIT,LTCUSDT,60,1788670800000,54.25,54.7,53.91,54.28,29261.7,1587171.164,1
BYBIT,LTCUSDT,60,1788674400000,54.28,54.29,54.0,54.21,5673.7,307227.409,1
BYBIT,LTCUSDT,60,1788678000000,54.21,54.27,53.33,53.94,62467.5,3357442.948,1
BYBIT,LTCUSDT,60,1788681600000,53.94,54.37,53.83,54.13,23282.4,1259416.323,1
BYBIT,LTCUSDT,60,1788685200000,54.13,54.36,54.06,54.18,16027.0,868822.927,1
BYBIT,LTCUSDT,60,1788688800000,54.18,54.4,54.1,54.29,9722.7,527680.716,1
BYBIT,LTCUSDT,60,1788692400000,54.29,54.64,54.18,54.6,17428.3,948459.456,1
BYBIT,LTCUSDT,60,1788696000000,54.6,54.67,54.2,54.28,23648.6,1287466.305,1
BYBIT,LTCUSDT,60,1788699600000,54.28,54.67,53.95,54.57,36157.5,1960585.219,1
BYBIT,LTCUSDT,60,1788703200000,54.57,54.57,53.7,54.22,39156.9,2119743.356,1
BYBIT,LTCUSDT,60,1788706800000,54.22,54.46,53.88,54.45,16655.5,903889.838,1
BYBIT,LTCUSDT,60,1788710400000,54.45,54.76,54.41,54.56,15680.5,856148.286,1
BYBIT,LTCUSDT,60,1788714000000,54.56,54.59,53.96,54.11,41734.3,2264147.111,1
BYBIT,LTCUSDT,60,1788717600000,54.11,54.46,53.97,54.16,27943.8,1514889.773,1
BYBIT,LTCUSDT,60,1788721200000,54.16,54.2,53.83,54.02,15720.9,849450.524,1
BYBIT,LTCUSDT,60,1788724800000,54.02,54.37,54.01,54.33,10763.2,582799.518,1
BYBIT,LTCUSDT,60,1788728400000,54.33,55.1,54.33,54.6,31730.2,1735052.178,1
BYBIT,LTCUSDT,60,1788732000000,54.6,54.79,54.51,54.7,14750.7,806028.692,1
BYBIT,LTCUSDT,60,1788735600000,54.7,55.05,54.62,54.92,27712.6,1520121.085,1
BYBIT,LTCUSDT,60,1788739200000,54.92,56.26,54.83,55.4,83052.2,4613172.9,1
BYBIT,LTCUSDT,60,1788742800000,55.4,55.49,54.21,54.3,30584.4,1672820.575,1
BYBIT,LTCUSDT,60,1788746400000,54.3,54.9,54.08,54.24,51832.6,2820238.164,1
BYBIT,LTCUSDT,60,1788750000000,54.24,54.4,53.85,54.11,15934.1,861648.459,1
BYBIT,LTCUSDT,60,1788753600000,54.11,54.45,54.03,54.43,12958.1,703094.701,1
BYBIT,LTCUSDT,60,1788757200000,54.43,54.69,54.38,54.43,10609.5,578320.986,1
BYBIT,LTCUSDT,60,1788760800000,54.43,54.94,54.36,54.45,36118.1,1971053.858,1
BYBIT,LTCUSDT,60,1788764400000,54.45,54.73,54.17,54.46,21880.1,1190703.94,1
BYBIT,LTCUSDT,60,1788768000000,54.46,54.93,54.43,54.49,21403.2,1168350.211,1
BYBIT,LTCUSDT,60,1788771600000,54.49,56.18,54.47,55.47,61601.5,3421761.45,1
BYBIT,LTCUSDT,60,1788775200000,55.47,56.4,55.47,55.92,52522.6,2940863.344,1
BYBIT,LTCUSDT,60,1788778800000,55.92,56.05,55.62,55.82,28094.6,1569134.144,1
BYBIT,LTCUSDT,60,1788782400000,55.82,59.21,55.82,59.06,143486.3,8249526.161,1
BYBIT,LTCUSDT,60,1788786000000,59.06,59.39,57.36,57.45,137178.4,7998264.955,1
BYBIT,LTCUSDT,60,1788789600000,57.45,57.6,56.17,57.01,104115.0,5921952.786,1
BYBIT,LTCUSDT,60,1788793200000,57.01,57.06,55.14,55.37,90575.1,5052838.84,1
BYBIT,LTCUSDT,60,1788796800000,55.37,55.95,55.34,55.55,41556.4,2310822.245,1
BYBIT,LTCUSDT,60,1788800400000,55.55,55.73,55.12,55.17,23059.4,1277896.959,1
BYBIT,LTCUSDT,60,1788804000000,55.17,55.35,54.87,55.07,26330.2,1450128.77,1
BYBIT,LTCUSDT,60,1788807600000,55.07,55.32,54.87,55.22,18603.3,1025565.291,1
BYBIT,LTCUSDT,60,1788811200000,55.22,55.35,54.91,55.33,14541.1,801307.5,1
BYBIT,LTCUSDT,60,1788814800000,55.33,55.7,55.31,55.56,21425.0,1189394.425,1
BYBIT,LTCUSDT,60,1788818400000,55.56,55.72,55.0,55.25,14516.6,804229.499,1
BYBIT,LTCUSDT,60,1788822000000,55.25,55.44,55.03,55.16,51498.8,2841529.415,1
BYBIT,LTCUSDT,60,1788825600000,55.16,55.61,55.07,55.6,14459.6,801161.267,1
BYBIT,LTCUSDT,60,1788829200000,55.6,55.82,55.51,55.8,17541.8,975521.328,1
BYBIT,LTCUSDT,60,1788832800000,55.8,56.21,55.16,55.16,33995.7,1893152.085,1
BYBIT,LTCUSDT,60,1788836400000,55.16,55.38,55.0,55.04,18626.2,1028245.475,1
BYBIT,LTCUSDT,60,1788840000000,55.04,55.31,54.83,55.08,14212.3,782268.023,1
BYBIT,LTCUSDT,60,1788843600000,55.08,55.41,54.97,55.02,18243.6,1007616.828,1
BYBIT,LTCUSDT,60,1788847200000,55.02,55.11,54.48,54.8,30462.8,1668206.517,1
BYBIT,LTCUSDT,60,1788850800000,54.8,55.31,54.8,55.11,11361.4,626283.709,1
BYBIT,LTCUSDT,60,1788854400000,55.11,55.57,54.91,55.41,17701.0,978302.882,1
BYBIT,LTCUSDT,60,1788858000000,55.41,55.75,55.11,55.67,16708.3,927376.976,1
BYBIT,LTCUSDT,60,1788861600000,55.67,55.79,55.47,55.53,17067.4,949442.643,1
BYBIT,LTCUSDT,60,1788865200000,55.53,55.65,55.07,55.37,19753.5,1092521.264,1
BYBIT,LTCUSDT,60,1788868800000,55.37,55.65,55.16,55.39,29061.2,1608459.897,1
BYBIT,LTCUSDT,60,1788872400000,55.39,55.72,54.5,54.84,49431.5,2717774.213,1
BYBIT,LTCUSDT,60,1788876000000,54.84,54.94,54.36,54.58,34891.8,1907416.507,1
BYBIT,LTCUSDT,60,1788879600000,54.58,55.22,54.57,54.96,40193.8,2209557.99,1
BYBIT,LTCUSDT,60,1788883200000,54.96,54.96,54.29,54.46,21886.6,1193438.386,1
BYBIT,LTCUSDT,60,1788886800000,54.46,54.62,54.06,54.17,18111.7,983254.267,1
BYBIT,LTCUSDT,60,1788890400000,54.17,54.52,53.78,53.94,34266.4,1854582.924,1
BYBIT,LTCUSDT,60,1788894000000,53.94,54.32,53.88,54.18,19060.7,1031004.233,1
BYBIT,LTCUSDT,60,1788897600000,54.18,54.39,53.93,54.14,15067.5,815765.982,1
BYBIT,LTCUSDT,60,1788901200000,54.14,54.26,53.99,54.09,8432.8,456654.222,1
BYBIT,LTCUSDT,60,1788904800000,54.09,54.35,54.06,54.35,4895.8,265450.818,1
BYBIT,LTCUSDT,60,1788908400000,54.35,54.4,54.2,54.26,4944.4,268527.172,1
BYBIT,LTCUSDT,60,1788912000000,54.26,54.5,54.15,54.28,14331.2,778770.675,1
BYBIT,LTCUSDT,60,1788915600000,54.28,54.33,54.04,54.19,6725.0,364695.948,1
BYBIT,LTCUSDT,60,1788919200000,54.19,54.21,53.94,54.02,6189.3,334565.893,1
BYBIT,LTCUSDT,60,1788922800000,54.02,54.04,53.62,53.68,9237.2,497297.857,1
BYBIT,LTCUSDT,60,1788926400000,53.68,54.43,53.68,54.38,24858.4,1341991.469,1
BYBIT,LTCUSDT,60,1788930000000,54.38,54.44,53.94,54.02,7503.4,406447.033,1
BYBIT,LTCUSDT,60,1788933600000,54.02,54.5,53.95,54.41,7409.2,402423.079,1
BYBIT,LTCUSDT,60,1788937200000,54.41,54.66,54.35,54.39,6995.7,381067.311,1
BYBIT,LTCUSDT,60,1788940800000,54.39,54.74,54.33,54.68,9805.7,535056.381,1
BYBIT,LTCUSDT,60,1788944400000,54.68,54.75,54.04,54.07,11387.9,619532.237,1
BYBIT,LTCUSDT,60,1788948000000,54.07,54.13,53.79,53.95,22902.0,1236014.203,1
BYBIT,LTCUSDT,60,1788951600000,53.95,54.3,53.48,54.28,21492.1,1155687.78,1
BYBIT,LTCUSDT,60,1788955200000,54.28,54.4,54.0,54.17,16105.5,872640.816,1
BYBIT,LTCUSDT,60,1788958800000,54.17,54.45,53.89,54.1,17316.7,938189.733,1
BYBIT,LTCUSDT,60,1788962400000,54.1,54.34,53.73,54.2,16338.2,883461.284,1
BYBIT,LTCUSDT,60,1788966000000,54.2,54.43,53.26,54.02,39131.5,2104849.627,1
BYBIT,LTCUSDT,60,1788969600000,54.02,54.25,53.75,54.09,28001.6,1513450.024,1
BYBIT,LTCUSDT,60,1788973200000,54.09,54.52,54.03,54.33,13065.9,709576.542,1
BYBIT,LTCUSDT,60,1788976800000,54.33,54.39,54.04,54.1,8174.0,442967.612,1
BYBIT,LTCUSDT,60,1788980400000,54.1,54.13,53.4,53.47,13534.0,727290.282,1
BYBIT,LTCUSDT,60,1788984000000,53.47,53.72,53.16,53.66,33570.6,1793823.906,1
BYBIT,LTCUSDT,60,1788987600000,53.66,53.68,53.08,53.37,15939.3,849896.461,1
BYBIT,LTCUSDT,60,1788991200000,53.37,53.45,52.32,52.65,129299.0,6841520.345,1
BYBIT,LTCUSDT,60,1788994800000,52.65,53.19,52.63,53.16,11818.3,625934.825,1
BYBIT,LTCUSDT,60,1788998400000,53.16,53.26,52.92,52.99,19634.1,1042454.094,1
BYBIT,LTCUSDT,60,1789002000000,52.99,53.36,52.56,52.68,23700.7,1253277.394,1
BYBIT,LTCUSDT,60,1789005600000,52.68,53.0,52.6,52.97,10705.0,564893.805,1
BYBIT,LTCUSDT,60,1789009200000,52.97,53.01,52.74,52.79,13802.6,729644.267,1
BYBIT,LTCUSDT,60,1789012800000,52.79,52.93,52.65,52.69,10928.0,576638.398,1
BYBIT,LTCUSDT,60,1789016400000,52.69,52.87,52.53,52.84,7842.3,413448.209,1
BYBIT,LTCUSDT,60,1789020000000,52.84,52.91,52.52,52.79,11602.1,611544.251,1
BYBIT,LTCUSDT,60,1789023600000,52.79,52.79,52.19,52.38,21562.0,1129361.32,1
BYBIT,LTCUSDT,60,1789027200000,52.38,52.59,52.24,52.38,19221.0,1007811.099,1
BYBIT,LTCUSDT,60,1789030800000,52.38,52.49,52.19,52.35,6018.8,314876.179,1
BYBIT,LTCUSDT,60,1789034400000,52.35,52.45,52.2,52.24,8284.5,433662.293,1
BYBIT,LTCUSDT,60,1789038000000,52.24,52.42,52.08,52.18,20079.8,1048259.484,1
BYBIT,LTCUSDT,60,1789041600000,52.18,52.55,51.58,51.8,34995.5,1819956.558,1
BYBIT,LTCUSDT,60,1789045200000,51.8,52.54,51.76,52.35,35901.9,1871919.126,1
BYBIT,LTCUSDT,60,1789048800000,52.35,52.52,52.04,52.35,12874.3,673925.438,1
BYBIT,LTCUSDT,60,1789052400000,52.35,52.35,52.02,52.18,11881.6,619576.733,1
BYBIT,LTCUSDT,60,1789056000000,52.18,52.26,51.6,52.23,23966.4,1244099.952,1
BYBIT,LTCUSDT,60,1789059600000,52.23,52.5,52.14,52.31,20850.7,1090995.237,1
BYBIT,LTCUSDT,60,1789063200000,52.31,52.44,51.98,52.39,9432.2,491937.178,1
BYBIT,LTCUSDT,60,1789066800000,52.39,52.44,52.08,52.09,13703.7,716442.533,1
BYBIT,LTCUSDT,60,1789070400000,52.09,52.42,52.07,52.31,7617.9,398267.432,1
BYBIT,LTCUSDT,60,1789074000000,52.31,52.39,52.25,52.34,2629.4,137554.241,1
BYBIT,LTCUSDT,60,1789077600000,52.34,52.65,52.26,52.3,5910.8,310131.295,1
BYBIT,LTCUSDT,60,1789081200000,52.3,52.39,51.95,52.08,7012.7,365631.636,1
BYBIT,LTCUSDT,60,1789084800000,52.08,52.8,52.08,52.57,24502.4,1285698.689,1
BYBIT,LTCUSDT,60,1789088400000,52.57,52.97,52.47,52.78,17973.2,947237.983,1
BYBIT,LTCUSDT,60,1789092000000,52.78,52.86,52.48,52.79,6689.5,352711.751,1
BYBIT,LTCUSDT,60,1789095600000,52.79,53.06,52.64,53.03,14590.2,770393.455,1
BYBIT,LTCUSDT,60,1789099200000,53.03,53.18,52.74,52.78,7716.9,408712.439,1
BYBIT,LTCUSDT,60,1789102800000,52.78,52.91,52.62,52.89,9623.9,507873.486,1
BYBIT,LTCUSDT,60,1789106400000,52.89,53.13,52.82,52.92,10425.0,552672.232,1
BYBIT,LTCUSDT,60,1789110000000,52.92,53.3,52.92,53.07,7555.3,401577.348,1
BYBIT,LTCUSDT,60,1789113600000,53.07,53.23,52.94,53.09,10653.3,565630.807,1
BYBIT,LTCUSDT,60,1789117200000,53.09,53.09,52.37,52.55,18580.6,979311.555,1
BYBIT,LTCUSDT,60,1789120800000,52.55,52.66,52.16,52.16,18748.2,982655.522,1
BYBIT,LTCUSDT,60,1789124400000,52.16,52.36,51.89,52.33,11031.9,574641.232,1
BYBIT,LTCUSDT,60,1789128000000,52.33,53.33,52.03,53.33,57940.8,3056301.045,1
BYBIT,LTCUSDT,60,1789131600000,53.33,54.2,53.05,54.17,44990.4,2410052.518,1
BYBIT,LTCUSDT,60,1789135200000,54.17,54.24,53.4,53.7,37779.4,2037086.684,1
BYBIT,LTCUSDT,60,1789138800000,53.7,54.15,52.99,53.29,27786.2,1489316.121,1
BYBIT,LTCUSDT,60,1789142400000,53.29,54.06,53.26,54.03,27551.7,1479167.9,1
BYBIT,LTCUSDT,60,1789146000000,54.03,54.11,53.62,53.79,13793.2,743439.675,1
BYBIT,LTCUSDT,60,1789149600000,53.79,53.82,52.92,53.06,24687.7,1316548.648,1
BYBIT,LTCUSDT,60,1789153200000,53.06,53.49,52.9,53.45,11011.0,586016.645,1
BYBIT,LTCUSDT,60,1789156800000,53.45,53.73,53.35,53.55,12675.6,678607.089,1
BYBIT,LTCUSDT,60,1789160400000,53.55,53.8,52.96,53.05,9892.6,527798.375,1
BYBIT,LTCUSDT,60,1789164000000,53.05,53.24,52.79,52.9,14618.7,774886.277,1
BYBIT,LTCUSDT,60,1789167600000,52.9,53.29,52.9,53.25,4813.6,255839.657,1
BYBIT,LTCUSDT,60,1789171200000,53.25,53.38,53.14,53.17,10850.4,577595.944,1
BYBIT,LTCUSDT,60,1789174800000,53.17,53.69,53.1,53.63,11026.3,589809.627,1
BYBIT,LTCUSDT,60,1789178400000,53.63,54.0,53.58,53.98,9681.4,521225.291,1
BYBIT,LTCUSDT,60,1789182000000,53.98,54.03,53.83,53.95,8477.0,457004.657,1
BYBIT,LTCUSDT,60,1789185600000,53.95,53.96,53.6,53.72,7185.3,386318.08,1
BYBIT,LTCUSDT,60,1789189200000,53.72,53.83,53.57,53.78,6089.6,327174.014,1
BYBIT,LTCUSDT,60,1789192800000,53.78,53.89,53.65,53.73,7639.8,410907.73,1
BYBIT,LTCUSDT,60,1789196400000,53.73,54.12,53.72,54.01,4635.2,250152.745,1
BYBIT,LTCUSDT,60,1789200000000,54.01,54.17,53.95,54.16,9151.7,494929.385,1
BYBIT,LTCUSDT,60,1789203600000,54.16,54.18,54.0,54.09,9044.7,489364.931,1
BYBIT,LTCUSDT,60,1789207200000,54.09,54.2,53.97,54.07,10077.2,544934.042,1
BYBIT,LTCUSDT,60,1789210800000,54.07,54.2,53.92,53.97,6241.7,337389.012,1
BYBIT,LTCUSDT,60,1789214400000,53.97,54.01,53.85,53.94,8165.4,440385.602,1
BYBIT,LTCUSDT,60,1789218000000,53.94,54.03,53.7,53.82,8408.4,452632.895,1
BYBIT,LTCUSDT,60,1789221600000,53.82,54.02,53.76,53.96,3916.4,211177.999,1
BYBIT,LTCUSDT,60,1789225200000,53.96,54.19,53.96,54.01,10636.4,575273.4,1
BYBIT,LTCUSDT,60,1789228800000,54.01,54.09,53.88,53.89,5520.6,298037.194,1
BYBIT,LTCUSDT,60,1789232400000,53.89,53.98,53.81,53.95,3172.3,171023.491,1
BYBIT,LTCUSDT,60,1789236000000,53.95,53.95,53.65,53.71,14850.2,798623.89,1
BYBIT,LTCUSDT,60,1789239600000,53.71,53.77,53.53,53.64,7491.3,402021.424,1
BYBIT,LTCUSDT,60,1789243200000,53.64,53.77,53.62,53.63,3308.2,177721.177,1
BYBIT,LTCUSDT,60,1789246800000,53.63,53.71,53.45,53.52,3703.4,198472.638,1
BYBIT,LTCUSDT,60,1789250400000,53.52,53.62,53.42,53.48,8156.5,436315.623,1
BYBIT,LTCUSDT,60,1789254000000,53.48,53.63,53.46,53.61,1663.3,89036.236,1
BYBIT,LTCUSDT,60,1789257600000,53.61,53.81,53.6,53.74,8637.4,463913.229,1
BYBIT,LTCUSDT,60,1789261200000,53.74,53.91,53.74,53.87,8089.4,435304.237,1
BYBIT,LTCUSDT,60,1789264800000,53.87,53.87,53.61,53.61,5500.6,295588.705,1
BYBIT,LTCUSDT,60,1789268400000,53.61,53.7,53.49,53.51,8887.7,476224.939,1
BYBIT,LTCUSDT,60,1789272000000,53.51,53.83,53.49,53.78,4328.9,232239.672,1
BYBIT,LTCUSDT,60,1789275600000,53.78,54.55,53.74,54.25,44337.8,2404804.838,1
BYBIT,LTCUSDT,60,1789279200000,54.25,54.3,53.82,54.01,10431.8,564173.368,1
BYBIT,LTCUSDT,60,1789282800000,54.01,54.24,53.93,54.04,8909.7,482204.83,1
BYBIT,LTCUSDT,60,1789286400000,54.04,54.09,53.57,53.64,20291.1,1091950.632,1
BYBIT,LTCUSDT,60,1789290000000,53.64,53.78,53.32,53.72,14974.5,802190.86,1
BYBIT,LTCUSDT,60,1789293600000,53.72,53.94,53.45,53.54,14016.3,753291.699,1
BYBIT,LTCUSDT,60,1789297200000,53.54,53.8,53.45,53.75,12172.8,653201.108,1
BYBIT,LTCUSDT,60,1789300800000,53.75,53.75,53.46,53.61,6765.5,362416.554,1
BYBIT,LTCUSDT,60,1789304400000,53.61,53.71,53.21,53.67,7571.1,404441.66,1
BYBIT,LTCUSDT,60,1789308000000,53.67,54.35,53.66,54.23,17105.9,925913.945,1
BYBIT,LTCUSDT,60,1789311600000,54.23,54.52,53.99,54.46,16305.5,885200.213,1
BYBIT,LTCUSDT,60,1789315200000,54.46,54.78,54.27,54.71,16638.6,907208.371,1
BYBIT,LTCUSDT,60,1789318800000,54.71,54.92,54.52,54.59,11425.7,625059.678,1
BYBIT,LTCUSDT,60,1789322400000,54.59,55.22,54.58,54.99,16400.3,900981.792,1
BYBIT,LTCUSDT,60,1789326000000,54.99,55.05,54.69,54.84,8501.0,466210.819,1
BYBIT,LTCUSDT,60,1789329600000,54.84,55.01,54.8,54.89,4197.4,230380.939,1
BYBIT,LTCUSDT,60,1789333200000,54.89,54.91,54.59,54.62,7389.1,404412.903,1
BYBIT,LTCUSDT,60,1789336800000,54.62,54.62,53.32,53.56,41857.3,2249363.654,1
BYBIT,LTCUSDT,60,1789340400000,53.56,53.85,53.51,53.72,11509.7,618282.165,1
BYBIT,LTCUSDT,60,1789344000000,53.72,54.21,53.54,54.09,21724.5,1171885.073,1
BYBIT,LTCUSDT,60,1789347600000,54.09,54.32,53.81,54.28,13274.4,717548.942,1
BYBIT,LTCUSDT,60,1789351200000,54.28,54.47,54.15,54.35,12260.0,666403.562,1
BYBIT,LTCUSDT,60,1789354800000,54.35,54.55,54.17,54.29,11981.8,651047.775,1
BYBIT,LTCUSDT,60,1789358400000,54.29,54.45,54.04,54.33,11503.3,623499.191,1
BYBIT,LTCUSDT,60,1789362000000,54.33,54.35,53.94,54.04,7633.6,412761.028,1
BYBIT,LTCUSDT,60,1789365600000,54.04,54.26,54.0,54.03,10564.1,572074.048,1
BYBIT,LTCUSDT,60,1789369200000,54.03,54.12,53.68,53.9,15301.1,823726.39,1
BYBIT,LTCUSDT,60,1789372800000,53.9,54.11,53.78,53.81,10145.5,546823.738,1
BYBIT,LTCUSDT,60,1789376400000,53.81,54.13,53.67,53.95,14866.7,800543.18,1
BYBIT,LTCUSDT,60,1789380000000,53.95,54.01,53.69,53.78,8731.2,470097.007,1
BYBIT,LTCUSDT,60,1789383600000,53.78,53.87,53.46,53.53,8327.3,446664.926,1
BYBIT,LTCUSDT,60,1789387200000,53.53,53.72,53.47,53.49,9788.0,524561.517,1
BYBIT,LTCUSDT,60,1789390800000,53.49,53.79,53.37,53.63,14834.0,794302.629,1
BYBIT,LTCUSDT,60,1789394400000,53.63,53.93,53.56,53.74,12532.2,673815.82,1
BYBIT,LTCUSDT,60,1789398000000,53.74,53.91,53.5,53.63,15554.7,835744.876,1
BYBIT,LTCUSDT,60,1789401600000,53.63,54.31,53.58,54.16,17748.7,958670.675,1
BYBIT,LTCUSDT,60,1789405200000,54.16,54.17,53.91,54.12,9997.8,540534.851,1
BYBIT,LTCUSDT,60,1789408800000,54.12,54.34,53.97,54.1,13359.0,723584.936,1
BYBIT,LTCUSDT,60,1789412400000,54.1,54.13,53.76,53.82,13957.8,752555.324,1
BYBIT,LTCUSDT,60,1789416000000,53.82,54.45,53.8,53.94,17486.9,946003.682,1
BYBIT,LTCUSDT,60,1789419600000,53.94,53.94,53.15,53.32,33055.2,1767061.088,1
BYBIT,LTCUSDT,60,1789423200000,53.32,53.52,53.21,53.37,10773.9,574829.234,1
BYBIT,LTCUSDT,60,1789426800000,53.37,53.42,53.03,53.1,9355.9,497497.127,1
BYBIT,LTCUSDT,60,1789430400000,53.1,53.1,52.56,52.6,18827.3,994838.807,1
BYBIT,LTCUSDT,60,1789434000000,52.6,53.04,52.53,52.82,24456.2,1292509.275,1
BYBIT,LTCUSDT,60,1789437600000,52.82,53.05,52.71,52.98,4728.6,250164.004,1
BYBIT,LTCUSDT,60,1789441200000,52.98,52.99,52.81,52.92,5667.5,299698.202,1
BYBIT,LTCUSDT,60,1789444800000,52.92,52.93,52.63,52.75,6960.7,367321.856,1
BYBIT,LTCUSDT,60,1789448400000,52.75,52.8,52.49,52.71,6042.2,318045.249,1
BYBIT,LTCUSDT,60,1789452000000,52.71,52.98,52.65,52.75,9047.6,477967.497,1
BYBIT,LTCUSDT,60,1789455600000,52.75,52.92,52.52,52.53,10395.6,548381.519,1
BYBIT,LTCUSDT,60,1789459200000,52.53,52.6,52.43,52.54,11965.4,628236.919,1
BYBIT,LTCUSDT,60,1789462800000,52.54,52.66,52.5,52.57,6809.6,357953.743,1
BYBIT,LTCUSDT,60,1789466400000,52.57,52.6,52.46,52.54,10700.0,561999.473,1
BYBIT,LTCUSDT,60,1789470000000,52.54,52.59,52.23,52.37,15309.6,801156.58,1
BYBIT,LTCUSDT,60,1789473600000,52.37,52.7,52.29,52.57,13681.6,717450.802,1
BYBIT,LTCUSDT,60,1789477200000,52.57,52.8,52.11,52.44,17463.6,915167.301,1
BYBIT,LTCUSDT,60,1789480800000,52.44,52.51,51.3,51.55,48771.4,2524396.408,1
BYBIT,LTCUSDT,60,1789484400000,51.55,52.01,51.45,51.84,28385.0,1471072.258,1
BYBIT,LTCUSDT,60,1789488000000,51.84,51.87,51.55,51.77,9399.5,486425.422,1
BYBIT,LTCUSDT,60,1789491600000,51.77,52.22,51.6,51.98,11710.1,607893.58,1
BYBIT,LTCUSDT,60,1789495200000,51.98,52.08,50.76,51.71,80996.5,4148142.41,1
BYBIT,LTCUSDT,60,1789498800000,51.71,51.81,51.42,51.66,32746.3,1688359.108,1
BYBIT,LTCUSDT,60,1789502400000,51.66,51.71,51.15,51.39,17123.5,879692.362,1
BYBIT,LTCUSDT,60,1789506000000,51.39,51.4,50.85,50.91,11996.1,613531.511,1
BYBIT,LTCUSDT,60,1789509600000,50.91,51.31,50.79,51.21,11034.2,563264.483,1
BYBIT,LTCUSDT,60,1789513200000,51.21,51.48,51.21,51.23,4872.2,250142.113,1
BYBIT,LTCUSDT,60,1789516800000,51.23,51.26,51.02,51.09,4245.7,217218.896,1
BYBIT,LTCUSDT,60,1789520400000,51.09,51.23,50.48,50.6,31206.0,1587679.411,1
BYBIT,LTCUSDT,60,1789524000000,50.6,51.2,50.59,50.94,14597.8,743773.73,1
BYBIT,LTCUSDT,60,1789527600000,50.94,51.36,50.94,51.19,10202.5,521796.164,1
BYBIT,LTCUSDT,60,1789531200000,51.19,51.29,51.02,51.14,13964.0,714680.131,1
BYBIT,LTCUSDT,60,1789534800000,51.14,51.17,50.98,51.1,7460.4,381143.475,1
BYBIT,LTCUSDT,60,1789538400000,51.1,51.2,50.95,51.18,8401.7,428923.543,1
BYBIT,LTCUSDT,60,1789542000000,51.18,51.31,50.96,50.98,8591.1,439286.069,1
BYBIT,LTCUSDT,60,1789545600000,50.98,50.99,50.66,50.75,13788.4,700668.028,1
BYBIT,LTCUSDT,60,1789549200000,50.75,50.93,50.67,50.91,14661.8,744531.935,1
BYBIT,LTCUSDT,60,1789552800000,50.91,50.92,50.56,50.68,9859.2,500410.552,1
BYBIT,LTCUSDT,60,1789556400000,50.68,50.98,50.49,50.85,21512.7,1090838.394,1
BYBIT,LTCUSDT,60,1789560000000,50.85,50.89,50.5,50.58,19240.8,974878.536,1
BYBIT,LTCUSDT,60,1789563600000,50.58,50.9,50.35,50.72,41600.2,2106767.024,1
BYBIT,LTCUSDT,60,1789567200000,50.72,50.72,50.18,50.28,34930.1,1759670.332,1
BYBIT,LTCUSDT,60,1789570800000,50.28,50.59,50.2,50.4,18096.8,912522.245,1
BYBIT,LTCUSDT,60,1789574400000,50.4,50.7,50.37,50.63,9917.1,501252.164,1
BYBIT,LTCUSDT,60,1789578000000,50.63,50.76,50.22,50.64,13269.2,669822.417,1
BYBIT,LTCUSDT,60,1789581600000,50.64,51.32,50.11,50.68,44334.8,2250809.416,1
BYBIT,LTCUSDT,60,1789585200000,50.68,51.05,50.3,50.85,13049.0,661458.274,1
BYBIT,LTCUSDT,60,1789588800000,50.85,51.39,50.76,51.37,15755.0,806361.8,1
BYBIT,LTCUSDT,60,1789592400000,51.37,51.39,51.08,51.31,7195.7,368997.041,1
BYBIT,LTCUSDT,60,1789596000000,51.31,51.33,50.87,50.96,11768.4,600885.051,1
BYBIT,LTCUSDT,60,1789599600000,50.96,51.77,50.91,51.65,28130.9,1448720.13,1
BYBIT,LTCUSDT,60,1789603200000,51.65,51.73,51.5,51.7,17971.5,927605.521,1
BYBIT,LTCUSDT,60,1789606800000,51.7,52.16,51.58,51.99,12625.9,655813.933,1
BYBIT,LTCUSDT,60,1789610400000,51.99,52.11,51.79,51.99,7837.2,407281.685,1
BYBIT,LTCUSDT,60,1789614000000,51.99,52.27,51.97,52.22,6438.9,335693.142,1
BYBIT,LTCUSDT,60,1789617600000,52.22,52.26,51.81,52.11,10670.9,555194.151,1
BYBIT,LTCUSDT,60,1789621200000,52.11,52.14,51.88,51.9,6792.1,353137.819,1
BYBIT,LTCUSDT,60,1789624800000,51.9,52.48,51.89,52.35,9804.2,511617.465,1
BYBIT,LTCUSDT,60,1789628400000,52.35,52.8,52.34,52.7,15556.6,818414.369,1
BYBIT,LTCUSDT,60,1789632000000,52.7,52.93,52.66,52.84,15568.1,821946.498,1
BYBIT,LTCUSDT,60,1789635600000,52.84,52.92,52.62,52.66,13983.8,738192.058,1
BYBIT,LTCUSDT,60,1789639200000,52.66,52.74,52.52,52.73,9184.3,483302.537,1
BYBIT,LTCUSDT,60,1789642800000,52.73,52.87,52.6,52.85,7422.8,391423.188,1
BYBIT,LTCUSDT,60,1789646400000,52.85,53.07,52.76,52.8,37056.9,1962603.029,1
BYBIT,LTCUSDT,60,1789650000000,52.8,52.89,52.45,52.81,12954.5,682280.234,1
BYBIT,LTCUSDT,60,1789653600000,52.81,53.22,52.64,52.97,32967.6,1748778.192,1
BYBIT,LTCUSDT,60,1789657200000,52.97,53.69,52.74,53.68,16806.7,894287.572,1
BYBIT,LTCUSDT,60,1789660800000,53.68,53.72,53.31,53.72,25422.7,1360604.093,1
BYBIT,LTCUSDT,60,1789664400000,53.72,53.95,53.63,53.74,13425.4,722308.389,1
BYBIT,LTCUSDT,60,1789668000000,53.74,53.83,53.4,53.4,13038.6,698697.699,1
BYBIT,LTCUSDT,60,1789671600000,53.4,54.02,53.37,53.84,42001.1,2258075.999,1
BYBIT,LTCUSDT,60,1789675200000,53.84,53.97,53.81,53.87,9057.8,488114.929,1
BYBIT,LTCUSDT,60,1789678800000,53.87,53.98,53.69,53.88,9361.1,504124.347,1
BYBIT,LTCUSDT,60,1789682400000,53.88,53.93,53.6,53.85,10341.6,556141.038,1
BYBIT,LTCUSDT,60,1789686000000,53.85,53.98,53.84,53.91,5942.5,320375.557,1
BYBIT,LTCUSDT,60,1789689600000,53.91,54.43,53.88,54.36,12594.9,683029.061,1
BYBIT,LTCUSDT,60,1789693200000,54.36,54.52,54.2,54.51,15600.7,848648.915,1
BYBIT,LTCUSDT,60,1789696800000,54.51,54.54,54.21,54.37,13952.6,758491.297,1
BYBIT,LTCUSDT,60,1789700400000,54.37,54.9,54.32,54.69,15219.6,831980.156,1
BYBIT,LTCUSDT,60,1789704000000,54.69,54.97,54.29,54.69,40817.5,2230345.978,1
BYBIT,LTCUSDT,60,1789707600000,54.69,54.96,54.62,54.79,31137.5,1706756.498,1
BYBIT,LTCUSDT,60,1789711200000,54.79,55.01,54.78,54.95,24063.9,1321161.247,1
BYBIT,LTCUSDT,60,1789714800000,54.95,55.21,54.88,55.16,19146.0,1054566.518,1
BYBIT,LTCUSDT,60,1789718400000,55.16,55.85,55.04,55.8,33555.8,1860302.273,1
BYBIT,LTCUSDT,60,1789722000000,55.8,56.0,55.48,55.7,18863.5,1050538.206,1
BYBIT,LTCUSDT,60,1789725600000,55.7,55.73,55.44,55.49,20168.1,1121167.002,1
BYBIT,LTCUSDT,60,1789729200000,55.49,55.49,54.95,55.17,36629.2,2019197.71,1
BYBIT,LTCUSDT,60,1789732800000,55.17,55.24,54.84,55.2,24555.4,1352417.009,1
BYBIT,LTCUSDT,60,1789736400000,55.2,55.88,55.0,55.48,36804.0,2041303.577,1
BYBIT,LTCUSDT,60,1789740000000,55.48,55.97,55.37,55.97,25696.6,1429756.785,1
BYBIT,LTCUSDT,60,1789743600000,55.97,56.13,55.53,55.88,36072.2,2015242.216,1
BYBIT,LTCUSDT,60,1789747200000,55.88,56.33,55.81,56.17,22148.1,1243224.87,1
BYBIT,LTCUSDT,60,1789750800000,56.17,56.65,55.8,56.41,27901.5,1570587.372,1
BYBIT,LTCUSDT,60,1789754400000,56.41,56.98,56.27,56.83,20295.7,1150609.839,1
BYBIT,LTCUSDT,60,1789758000000,56.83,57.34,56.79,57.05,26859.4,1532077.349,1
BYBIT,LTCUSDT,60,1789761600000,57.05,57.42,56.94,57.22,20199.0,1154689.716,1
BYBIT,LTCUSDT,60,1789765200000,57.22,57.35,57.08,57.19,12203.2,698243.783,1
BYBIT,LTCUSDT,60,1789768800000,57.19,57.98,56.95,57.76,58999.3,3394583.162,1
BYBIT,LTCUSDT,60,1789772400000,57.76,58.2,57.54,58.14,24836.5,1436381.506,1
BYBIT,LTCUSDT,60,1789776000000,58.14,59.0,58.11,58.45,79418.7,4656119.679,1
BYBIT,LTCUSDT,60,1789779600000,58.45,58.62,57.62,58.5,37618.0,2187995.228,1
BYBIT,LTCUSDT,60,1789783200000,58.5,58.96,58.4,58.6,14275.0,837875.105,1
BYBIT,LTCUSDT,60,1789786800000,58.6,59.09,58.56,59.07,18328.2,1076404.356,1
BYBIT,LTCUSDT,60,1789790400000,59.07,59.18,57.9,58.18,25950.5,1518663.644,1
BYBIT,LTCUSDT,60,1789794000000,58.18,58.44,57.31,57.54,28735.9,1662113.237,1
BYBIT,LTCUSDT,60,1789797600000,57.54,57.57,57.06,57.25,28738.9,1645541.286,1
BYBIT,LTCUSDT,60,1789801200000,57.25,57.4,56.72,56.83,15679.2,893176.586,1
BYBIT,LTCUSDT,60,1789804800000,56.83,57.35,56.7,57.26,15627.8,892912.093,1
BYBIT,LTCUSDT,60,1789808400000,57.26,57.36,56.99,57.23,13778.3,787212.5,1
BYBIT,LTCUSDT,60,1789812000000,57.23,57.45,57.0,57.0,15684.8,898221.786,1
BYBIT,LTCUSDT,60,1789815600000,57.0,58.55,57.0,58.0,64345.6,3717896.76,1
BYBIT,LTCUSDT,60,1789819200000,58.0,58.29,57.78,58.01,25904.8,1502956.058,1
BYBIT,LTCUSDT,60,1789822800000,58.01,58.02,57.5,57.8,12987.4,750786.184,1
BYBIT,LTCUSDT,60,1789826400000,57.8,57.97,57.55,57.8,23088.8,1333950.54,1
BYBIT,LTCUSDT,60,1789830000000,57.8,58.16,57.77,57.99,19955.2,1156862.334,1
BYBIT,LTCUSDT,60,1789833600000,57.99,58.19,57.76,57.93,22567.4,1308931.209,1
BYBIT,LTCUSDT,60,1789837200000,57.93,58.11,57.32,57.57,31017.9,1789803.823,1
BYBIT,LTCUSDT,60,1789840800000,57.57,57.83,57.27,57.54,24670.1,1420343.84,1
BYBIT,LTCUSDT,60,1789844400000,57.54,58.23,57.5,58.05,18374.6,1064453.124,1
BYBIT,LTCUSDT,60,1789848000000,58.05,58.25,57.63,57.72,26839.6,1554986.757,1
BYBIT,LTCUSDT,60,1789851600000,57.72,57.9,56.82,57.11,37833.6,2166993.166,1
BYBIT,LTCUSDT,60,1789855200000,57.11,58.17,56.81,57.77,24617.3,1414627.067,1
BYBIT,LTCUSDT,60,1789858800000,57.77,58.43,57.67,58.24,13242.9,767237.387,1
BYBIT,LTCUSDT,60,1789862400000,58.24,58.38,57.9,58.02,20004.0,1161297.424,1
BYBIT,LTCUSDT,60,1789866000000,58.02,58.07,57.43,57.84,8826.9,509537.774,1
BYBIT,LTCUSDT,60,1789869600000,57.84,58.08,56.51,56.67,34389.3,1963445.091,1
BYBIT,LTCUSDT,60,1789873200000,56.67,57.48,56.55,57.22,20971.5,1195778.604,1
BYBIT,LTCUSDT,60,1789876800000,57.22,57.25,56.74,56.98,8992.5,512523.268,1
BYBIT,LTCUSDT,60,1789880400000,56.98,57.25,56.81,57.17,9186.1,524129.814,1
BYBIT,LTCUSDT,60,1789884000000,57.17,57.25,56.66,56.88,16228.0,923599.044,1
BYBIT,LTCUSDT,60,1789887600000,56.88,56.99,56.65,56.72,6608.3,375345.689,1
BYBIT,LTCUSDT,60,1789891200000,56.72,57.03,56.55,56.62,12549.0,712670.797,1
BYBIT,LTCUSDT,60,1789894800000,56.62,57.34,56.62,56.9,19710.3,1124830.903,1
BYBIT,LTCUSDT,60,1789898400000,56.9,57.18,56.71,56.89,9797.9,557804.146,1
BYBIT,LTCUSDT,60,1789902000000,56.89,57.18,56.83,57.18,9203.7,524380.105,1
BYBIT,LTCUSDT,60,1789905600000,57.18,57.24,56.88,57.13,12611.2,720089.689,1
BYBIT,LTCUSDT,60,1789909200000,57.13,57.13,56.72,56.97,6312.6,359341.626,1
BYBIT,LTCUSDT,60,1789912800000,56.97,57.3,56.73,56.94,15048.0,857919.753,1
BYBIT,LTCUSDT,60,1789916400000,56.94,57.64,56.94,57.58,14016.2,803141.151,1
BYBIT,LTCUSDT,60,1789920000000,57.58,59.25,57.4,58.99,57222.5,3342553.698,1
BYBIT,LTCUSDT,60,1789923600000,58.99,59.33,58.44,58.78,42460.7,2498005.801,1
BYBIT,LTCUSDT,60,1789927200000,58.78,58.93,58.1,58.22,25388.6,1485646.324,1
BYBIT,LTCUSDT,60,1789930800000,58.22,59.12,58.2,58.95,23091.9,1353923.287,1
BYBIT,LTCUSDT,60,1789934400000,58.95,59.0,58.59,58.64,11373.3,668297.632,1
BYBIT,LTCUSDT,60,1789938000000,58.64,58.85,58.02,58.82,24120.5,1408552.092,1
BYBIT,LTCUSDT,60,1789941600000,58.82,59.07,58.58,58.77,13411.8,789660.17,1
BYBIT,LTCUSDT,60,1789945200000,58.77,58.89,58.59,58.68,9053.1,531734.605,1
BYBIT,LTCUSDT,60,1789948800000,58.68,59.4,58.67,59.14,54623.7,3228794.85,1
BYBIT,LTCUSDT,60,1789952400000,59.14,59.93,58.3,58.52,41191.4,2440410.699,1
BYBIT,LTCUSDT,60,1789956000000,58.52,59.04,58.39,58.79,12048.5,707059.176,1
BYBIT,LTCUSDT,60,1789959600000,58.79,59.2,58.79,58.97,10260.1,605693.13,1
BYBIT,LTCUSDT,60,1789963200000,58.97,58.97,58.43,58.49,14031.6,822492.409,1
BYBIT,LTCUSDT,60,1789966800000,58.49,58.54,58.05,58.25,23580.3,1374076.848,1
BYBIT,LTCUSDT,60,1789970400000,58.25,58.68,58.11,58.42,15911.2,929327.682,1
BYBIT,LTCUSDT,60,1789974000000,58.42,58.68,58.18,58.45,13970.1,816236.991,1
BYBIT,LTCUSDT,60,1789977600000,58.45,59.29,58.31,59.1,50223.0,2959091.65,1
BYBIT,LTCUSDT,60,1789981200000,59.1,59.99,58.92,59.22,77344.4,4600791.069,1
BYBIT,LTCUSDT,60,1789984800000,59.22,60.48,59.07,60.43,52097.5,3120863.573,1
BYBIT,LTCUSDT,60,1789988400000,60.43,60.67,60.13,60.26,38318.7,2313820.069,1
BYBIT,LTCUSDT,60,1789992000000,60.26,63.18,60.07,62.72,149159.1,9252892.28,1
BYBIT,LTCUSDT,60,1789995600000,62.72,63.81,61.81,62.46,117100.2,7353284.596,1
BYBIT,LTCUSDT,60,1789999200000,62.46,62.86,61.54,62.76,56147.7,3489433.864,1
BYBIT,LTCUSDT,60,1790002800000,62.76,62.93,61.89,62.88,39552.2,2470187.403,1
BYBIT,LTCUSDT,60,1790006400000,62.88,63.53,61.75,62.07,61806.7,3876536.209,1
BYBIT,LTCUSDT,60,1790010000000,62.07,62.53,61.27,61.48,28672.7,1773139.296,1
BYBIT,LTCUSDT,60,1790013600000,61.48,61.84,61.11,61.72,25138.3,1544834.858,1
BYBIT,LTCUSDT,60,1790017200000,61.72,62.32,61.43,62.31,20528.5,1269177.267,1
BYBIT,LTCUSDT,60,1790020800000,62.31,62.93,62.05,62.36,37436.5,2336033.736,1
BYBIT,LTCUSDT,60,1790024400000,62.36,62.48,61.75,61.97,16054.2,996796.579,1
BYBIT,LTCUSDT,60,1790028000000,61.97,62.09,61.38,61.64,13771.1,850253.34,1
BYBIT,LTCUSDT,60,1790031600000,61.64,62.11,61.6,61.98,8526.6,527992.046,1
BYBIT,LTCUSDT,60,1790035200000,61.98,62.39,61.39,61.49,19848.0,1229805.891,1
BYBIT,LTCUSDT,60,1790038800000,61.49,61.67,60.92,61.12,34207.9,2095557.611,1
BYBIT,LTCUSDT,60,1790042400000,61.12,61.2,60.34,60.49,50568.9,3071364.039,1
BYBIT,LTCUSDT,60,1790046000000,60.49,61.07,60.18,61.04,40595.3,2459907.045,1
BYBIT,LTCUSDT,60,1790049600000,61.04,61.35,60.57,60.71,21849.0,1332075.305,1
BYBIT,LTCUSDT,60,1790053200000,60.71,61.16,60.35,61.03,15578.7,947246.392,1
BYBIT,LTCUSDT,60,1790056800000,61.03,61.13,60.57,60.68,16680.1,1014733.025,1
BYBIT,LTCUSDT,60,1790060400000,60.68,60.89,60.48,60.65,13047.9,791345.524,1
BYBIT,LTCUSDT,60,1790064000000,60.65,61.05,60.14,60.86,25236.5,1529918.723,1
BYBIT,LTCUSDT,60,1790067600000,60.86,61.0,60.29,60.44,21885.3,1323280.871,1
BYBIT,LTCUSDT,60,1790071200000,60.44,60.47,59.72,60.07,43122.3,2589736.463,1
