exchange,symbol,interval,open_time_ms,open,high,low,close,volume_base,turnover_quote,is_closed
BYBIT,LINKUSDT,240,1769342400000,12.078,12.109,11.933,11.955,595885.5,7150689.839,1
BYBIT,LINKUSDT,240,1769356800000,11.955,11.956,11.378,11.428,3028219.7,35344316.2152,1
BYBIT,LINKUSDT,240,1769371200000,11.428,11.533,11.354,11.517,990977.0,11352572.8728,1
BYBIT,LINKUSDT,240,1769385600000,11.517,11.859,11.5,11.696,892650.9,10451705.0088,1
BYBIT,LINKUSDT,240,1769400000000,11.696,11.876,11.695,11.855,363971.5,4293769.8949,1
BYBIT,LINKUSDT,240,1769414400000,11.855,11.952,11.759,11.798,524775.1,6212173.4461,1
BYBIT,LINKUSDT,240,1769428800000,11.798,12.122,11.796,11.913,1291956.3,15424599.6399,1
BYBIT,LINKUSDT,240,1769443200000,11.913,12.021,11.817,11.921,808412.4,9642222.8064,1
BYBIT,LINKUSDT,240,1769457600000,11.921,12.029,11.859,11.94,504917.8,6034043.5584,1
BYBIT,LINKUSDT,240,1769472000000,11.94,12.054,11.921,11.99,289677.3,3474513.9748,1
BYBIT,LINKUSDT,240,1769486400000,11.99,12.055,11.931,11.976,346170.1,4152998.8933,1
BYBIT,LINKUSDT,240,1769500800000,11.976,12.005,11.867,11.893,361396.5,4304041.1997,1
BYBIT,LINKUSDT,240,1769515200000,11.893,12.002,11.831,11.991,599113.4,7136998.5147,1
BYBIT,LINKUSDT,240,1769529600000,11.991,12.182,11.846,11.967,1164637.3,13991062.5801,1
BYBIT,LINKUSDT,240,1769544000000,11.967,12.15,11.964,12.035,712270.0,8594907.633,1
BYBIT,LINKUSDT,240,1769558400000,12.035,12.056,11.951,11.973,313743.5,3763456.659,1
BYBIT,LINKUSDT,240,1769572800000,11.973,11.988,11.882,11.934,393072.7,4689311.4473,1
BYBIT,LINKUSDT,240,1769587200000,11.934,12.047,11.851,12.032,609635.0,7284915.3532,1
BYBIT,LINKUSDT,240,1769601600000,12.032,12.032,11.701,11.756,1142243.4,13539737.3997,1
BYBIT,LINKUSDT,240,1769616000000,11.756,11.897,11.685,11.837,1060892.0,12499898.7492,1
BYBIT,LINKUSDT,240,1769630400000,11.837,11.933,11.745,11.834,518161.5,6137130.6455,1
BYBIT,LINKUSDT,240,1769644800000,11.834,11.862,11.599,11.637,759853.1,8889381.7193,1
BYBIT,LINKUSDT,240,1769659200000,11.637,11.647,11.536,11.623,534565.4,6206061.8202,1
BYBIT,LINKUSDT,240,1769673600000,11.623,11.655,11.506,11.54,574873.8,6645476.9202,1
BYBIT,LINKUSDT,240,1769688000000,11.54,11.607,10.853,11.021,2575777.9,28781549.3536,1
BYBIT,LINKUSDT,240,1769702400000,11.021,11.191,10.82,10.942,2038039.9,22398776.128,1
BYBIT,LINKUSDT,240,1769716800000,10.942,11.136,10.917,11.113,559190.3,6185286.93,1
BYBIT,LINKUSDT,240,1769731200000,11.113,11.157,10.595,10.858,2810871.0,30426617.508,1
BYBIT,LINKUSDT,240,1769745600000,10.858,10.983,10.652,10.834,929843.0,10066413.309,1
BYBIT,LINKUSDT,240,1769760000000,10.834,10.899,10.724,10.859,1110187.2,11972592.2554,1
BYBIT,LINKUSDT,240,1769774400000,10.859,10.868,10.583,10.767,2057247.5,22074613.6328,1
BYBIT,LINKUSDT,240,1769788800000,10.767,10.991,10.498,10.9,2210077.7,23804701.1215,1
BYBIT,LINKUSDT,240,1769803200000,10.9,10.9,10.692,10.784,1364819.5,14709955.7679,1
BYBIT,LINKUSDT,240,1769817600000,10.784,10.827,10.722,10.736,257305.5,2773063.8614,1
BYBIT,LINKUSDT,240,1769832000000,10.736,10.778,10.55,10.611,442624.2,4716551.1609,1
BYBIT,LINKUSDT,240,1769846400000,10.611,10.628,10.356,10.49,1268669.8,13287819.7899,1
BYBIT,LINKUSDT,240,1769860800000,10.49,10.503,9.91,10.04,2854907.9,28929860.8933,1
BYBIT,LINKUSDT,240,1769875200000,10.04,10.173,8.951,9.659,9338456.7,89451942.0952,1
BYBIT,LINKUSDT,240,1769889600000,9.659,10.031,9.554,9.982,1691310.8,16511273.4643,1
BYBIT,LINKUSDT,240,1769904000000,9.982,10.07,9.908,10.038,682337.2,6826021.1248,1
BYBIT,LINKUSDT,240,1769918400000,10.038,10.074,9.856,9.936,621733.3,6200421.7194,1
BYBIT,LINKUSDT,240,1769932800000,9.936,10.016,9.766,9.868,912914.1,9029545.2903,1
BYBIT,LINKUSDT,240,1769947200000,9.868,9.901,9.408,9.53,1555383.9,15014837.9889,1
BYBIT,LINKUSDT,240,1769961600000,9.53,9.714,9.395,9.525,1812419.1,17286036.9064,1
BYBIT,LINKUSDT,240,1769976000000,9.525,9.655,9.211,9.403,2418327.2,22808808.3156,1
BYBIT,LINKUSDT,240,1769990400000,9.403,9.64,9.013,9.372,3031917.5,28281458.3533,1
BYBIT,LINKUSDT,240,1770004800000,9.372,9.489,9.065,9.388,3365220.6,31250631.9255,1
BYBIT,LINKUSDT,240,1770019200000,9.388,9.643,9.376,9.529,1746842.8,16620729.0431,1
BYBIT,LINKUSDT,240,1770033600000,9.529,10.021,9.529,9.926,2309192.7,22569663.3929,1
BYBIT,LINKUSDT,240,1770048000000,9.926,9.993,9.769,9.785,970107.8,9595792.0415,1
BYBIT,LINKUSDT,240,1770062400000,9.785,9.856,9.697,9.801,693502.2,6788556.5736,1
BYBIT,LINKUSDT,240,1770076800000,9.801,9.842,9.577,9.77,825737.5,8040655.3127,1
BYBIT,LINKUSDT,240,1770091200000,9.77,9.853,9.648,9.73,564343.3,5493718.5175,1
BYBIT,LINKUSDT,240,1770105600000,9.73,9.751,9.52,9.579,1107846.6,10641900.8276,1
BYBIT,LINKUSDT,240,1770120000000,9.579,9.767,9.485,9.744,1612521.8,15533630.3854,1
BYBIT,LINKUSDT,240,1770134400000,9.744,9.746,9.082,9.471,3868828.9,36219053.1016,1
BYBIT,LINKUSDT,240,1770148800000,9.471,9.89,9.388,9.483,2422713.4,23380328.7494,1
BYBIT,LINKUSDT,240,1770163200000,9.483,9.767,9.445,9.723,801510.2,7715400.5819,1
BYBIT,LINKUSDT,240,1770177600000,9.723,9.746,9.577,9.673,741917.0,7162649.6224,1
BYBIT,LINKUSDT,240,1770192000000,9.673,9.731,9.478,9.576,987934.7,9488767.4893,1
BYBIT,LINKUSDT,240,1770206400000,9.576,9.606,9.128,9.212,2364765.8,22128052.5182,1
BYBIT,LINKUSDT,240,1770220800000,9.212,9.454,9.019,9.436,3482226.0,32000502.1027,1
BYBIT,LINKUSDT,240,1770235200000,9.436,9.459,9.045,9.248,1372118.0,12686677.6825,1
BYBIT,LINKUSDT,240,1770249600000,9.248,9.347,9.069,9.089,1512069.5,13927234.6572,1
BYBIT,LINKUSDT,240,1770264000000,9.089,9.218,8.965,9.051,2016710.5,18300370.0607,1
BYBIT,LINKUSDT,240,1770278400000,9.051,9.259,8.792,8.935,2043696.2,18423761.2097,1
BYBIT,LINKUSDT,240,1770292800000,8.935,9.063,8.301,8.458,6119592.4,53185747.9816,1
BYBIT,LINKUSDT,240,1770307200000,8.458,8.666,8.209,8.252,4996727.0,42023662.3765,1
BYBIT,LINKUSDT,240,1770321600000,8.252,8.318,7.842,7.909,6544300.8,52534476.0158,1
BYBIT,LINKUSDT,240,1770336000000,7.909,8.23,7.145,8.027,9737244.4,74241745.2895,1
BYBIT,LINKUSDT,240,1770350400000,8.027,8.364,7.991,8.075,1484232.8,12128370.8223,1
BYBIT,LINKUSDT,240,1770364800000,8.075,8.346,7.983,8.319,1644025.7,13411275.8995,1
BYBIT,LINKUSDT,240,1770379200000,8.319,8.627,8.26,8.577,1841643.1,15568217.8404,1
BYBIT,LINKUSDT,240,1770393600000,8.577,8.993,8.547,8.838,2445746.5,21546435.6868,1
BYBIT,LINKUSDT,240,1770408000000,8.838,8.999,8.755,8.877,1207165.2,10715023.8562,1
BYBIT,LINKUSDT,240,1770422400000,8.877,8.948,8.783,8.924,1173428.2,10403375.9257,1
BYBIT,LINKUSDT,240,1770436800000,8.924,9.036,8.593,8.682,1896587.1,16741746.678,1
BYBIT,LINKUSDT,240,1770451200000,8.682,8.737,8.571,8.648,807951.5,6997950.0468,1
BYBIT,LINKUSDT,240,1770465600000,8.648,8.937,8.64,8.817,1147193.3,10075542.1741,1
BYBIT,LINKUSDT,240,1770480000000,8.817,9.051,8.774,8.939,4610623.4,41079596.4204,1
BYBIT,LINKUSDT,240,1770494400000,8.939,9.02,8.846,8.901,523651.3,4682868.8678,1
BYBIT,LINKUSDT,240,1770508800000,8.901,8.961,8.816,8.821,456829.4,4058755.5498,1
BYBIT,LINKUSDT,240,1770523200000,8.821,8.868,8.776,8.827,301996.2,2664939.0105,1
BYBIT,LINKUSDT,240,1770537600000,8.827,9.011,8.793,8.996,779333.5,6939785.0569,1
BYBIT,LINKUSDT,240,1770552000000,8.996,9.046,8.844,8.884,700714.7,6270243.3338,1
BYBIT,LINKUSDT,240,1770566400000,8.884,8.968,8.707,8.952,800097.6,7075184.2719,1
BYBIT,LINKUSDT,240,1770580800000,8.952,9.019,8.747,8.818,734274.1,6503016.0544,1
BYBIT,LINKUSDT,240,1770595200000,8.818,8.892,8.725,8.878,909977.8,8018128.2538,1
BYBIT,LINKUSDT,240,1770609600000,8.878,8.879,8.714,8.726,497571.7,4374017.1697,1
BYBIT,LINKUSDT,240,1770624000000,8.726,8.753,8.445,8.559,1349202.0,11581338.7639,1
BYBIT,LINKUSDT,240,1770638400000,8.559,8.754,8.519,8.75,1139816.0,9827934.4561,1
BYBIT,LINKUSDT,240,1770652800000,8.75,8.99,8.653,8.964,1399777.1,12406413.696,1
BYBIT,LINKUSDT,240,1770667200000,8.964,9.013,8.783,8.833,728940.2,6477381.5702,1
BYBIT,LINKUSDT,240,1770681600000,8.833,8.879,8.634,8.684,589756.2,5171572.3519,1
BYBIT,LINKUSDT,240,1770696000000,8.684,8.728,8.477,8.538,938801.5,8065672.4134,1
BYBIT,LINKUSDT,240,1770710400000,8.538,8.62,8.489,8.5,633629.7,5415348.3672,1
BYBIT,LINKUSDT,240,1770724800000,8.5,8.669,8.468,8.57,1283404.7,10974006.8374,1
BYBIT,LINKUSDT,240,1770739200000,8.57,8.653,8.46,8.539,823275.0,7042496.5868,1
BYBIT,LINKUSDT,240,1770753600000,8.539,8.58,8.475,8.569,395214.3,3370387.4039,1
BYBIT,LINKUSDT,240,1770768000000,8.569,8.61,8.454,8.536,593181.1,5074956.1225,1
BYBIT,LINKUSDT,240,1770782400000,8.536,8.547,8.273,8.316,1469104.8,12308123.9731,1
BYBIT,LINKUSDT,240,1770796800000,8.316,8.319,8.188,8.27,831690.6,6863031.1746,1
BYBIT,LINKUSDT,240,1770811200000,8.27,8.558,8.123,8.235,2762075.6,22948374.0189,1
BYBIT,LINKUSDT,240,1770825600000,8.235,8.369,8.135,8.312,1360128.2,11248506.7017,1
BYBIT,LINKUSDT,240,1770840000000,8.312,8.453,8.25,8.318,1214805.5,10136476.3651,1
BYBIT,LINKUSDT,240,1770854400000,8.318,8.461,8.318,8.423,521325.5,4371867.8802,1
BYBIT,LINKUSDT,240,1770868800000,8.423,8.512,8.349,8.454,611646.0,5157811.7984,1
BYBIT,LINKUSDT,240,1770883200000,8.454,8.593,8.395,8.552,735661.2,6258468.4726,1
BYBIT,LINKUSDT,240,1770897600000,8.552,8.573,8.342,8.35,1183198.2,10029388.5775,1
BYBIT,LINKUSDT,240,1770912000000,8.35,8.418,8.164,8.302,2185478.7,18061201.4324,1
BYBIT,LINKUSDT,240,1770926400000,8.302,8.426,8.215,8.41,651796.6,5423465.3225,1
BYBIT,LINKUSDT,240,1770940800000,8.41,8.447,8.343,8.424,635161.5,5337871.7013,1
BYBIT,LINKUSDT,240,1770955200000,8.424,8.424,8.296,8.374,468227.5,3919073.192,1
BYBIT,LINKUSDT,240,1770969600000,8.374,8.471,8.359,8.433,420514.7,3546332.2108,1
BYBIT,LINKUSDT,240,1770984000000,8.433,8.82,8.394,8.701,1702694.4,14615256.734,1
BYBIT,LINKUSDT,240,1770998400000,8.701,8.908,8.68,8.797,1158368.9,10208082.0314,1
BYBIT,LINKUSDT,240,1771012800000,8.797,8.863,8.754,8.762,445571.5,3922839.0643,1
BYBIT,LINKUSDT,240,1771027200000,8.762,8.889,8.752,8.844,767480.3,6774534.268,1
BYBIT,LINKUSDT,240,1771041600000,8.844,8.894,8.794,8.883,254231.2,2246652.4926,1
BYBIT,LINKUSDT,240,1771056000000,8.883,9.038,8.88,9.031,755204.9,6769165.3337,1
BYBIT,LINKUSDT,240,1771070400000,9.031,9.045,8.897,9.034,837200.6,7510788.7527,1
BYBIT,LINKUSDT,240,1771084800000,9.034,9.182,8.965,9.166,799881.0,7265874.3192,1
BYBIT,LINKUSDT,240,1771099200000,9.166,9.203,9.07,9.084,666375.4,6086853.6518,1
BYBIT,LINKUSDT,240,1771113600000,9.084,9.115,8.927,9.063,1050400.2,9483450.1066,1
BYBIT,LINKUSDT,240,1771128000000,9.063,9.239,9.06,9.197,1047779.2,9584714.4342,1
BYBIT,LINKUSDT,240,1771142400000,9.197,9.239,9.027,9.05,764901.7,6973554.2357,1
BYBIT,LINKUSDT,240,1771156800000,9.05,9.058,8.757,8.863,1764117.9,15664182.8851,1
BYBIT,LINKUSDT,240,1771171200000,8.863,8.879,8.594,8.639,1619390.8,14127121.578,1
BYBIT,LINKUSDT,240,1771185600000,8.639,8.785,8.602,8.777,680705.0,5922332.5693,1
BYBIT,LINKUSDT,240,1771200000000,8.777,8.85,8.693,8.744,542224.9,4750094.5394,1
BYBIT,LINKUSDT,240,1771214400000,8.744,8.817,8.662,8.76,661654.6,5787587.1847,1
BYBIT,LINKUSDT,240,1771228800000,8.76,8.886,8.691,8.785,518019.7,4560996.5199,1
BYBIT,LINKUSDT,240,1771243200000,8.785,8.984,8.644,8.704,2252664.2,19814675.6371,1
BYBIT,LINKUSDT,240,1771257600000,8.704,8.831,8.702,8.781,652196.0,5721803.4824,1
BYBIT,LINKUSDT,240,1771272000000,8.781,8.965,8.757,8.933,697675.4,6202600.2207,1
BYBIT,LINKUSDT,240,1771286400000,8.933,8.99,8.858,8.919,520685.6,4654749.1471,1
BYBIT,LINKUSDT,240,1771300800000,8.919,8.956,8.794,8.864,398461.7,3535082.5472,1
BYBIT,LINKUSDT,240,1771315200000,8.864,8.889,8.725,8.764,518278.4,4549097.0345,1
BYBIT,LINKUSDT,240,1771329600000,8.764,8.909,8.656,8.77,1400649.8,12295107.949,1
BYBIT,LINKUSDT,240,1771344000000,8.77,8.949,8.687,8.875,1452249.2,12828081.4206,1
BYBIT,LINKUSDT,240,1771358400000,8.875,8.897,8.813,8.824,442226.7,3914987.906,1
BYBIT,LINKUSDT,240,1771372800000,8.824,8.899,8.74,8.879,505645.7,4455326.9618,1
BYBIT,LINKUSDT,240,1771387200000,8.879,8.932,8.819,8.912,411376.8,3646018.5797,1
BYBIT,LINKUSDT,240,1771401600000,8.912,8.997,8.756,8.762,631775.3,5606464.7157,1
BYBIT,LINKUSDT,240,1771416000000,8.762,8.893,8.656,8.796,1157117.8,10126673.5061,1
BYBIT,LINKUSDT,240,1771430400000,8.796,8.799,8.514,8.568,1346328.1,11658429.9248,1
BYBIT,LINKUSDT,240,1771444800000,8.568,8.611,8.516,8.597,488304.3,4183510.1907,1
BYBIT,LINKUSDT,240,1771459200000,8.597,8.681,8.565,8.665,530335.0,4580887.8577,1
BYBIT,LINKUSDT,240,1771473600000,8.665,8.747,8.617,8.696,406952.4,3535555.753,1
BYBIT,LINKUSDT,240,1771488000000,8.696,8.697,8.555,8.564,677148.0,5837472.847,1
BYBIT,LINKUSDT,240,1771502400000,8.564,8.6,8.361,8.438,1646046.5,13918098.9616,1
BYBIT,LINKUSDT,240,1771516800000,8.438,8.543,8.339,8.509,1071860.1,9063620.6112,1
BYBIT,LINKUSDT,240,1771531200000,8.509,8.574,8.474,8.572,430195.8,3666210.79,1
BYBIT,LINKUSDT,240,1771545600000,8.572,8.646,8.559,8.6,473312.3,4075004.7669,1
BYBIT,LINKUSDT,240,1771560000000,8.6,8.676,8.519,8.647,481545.0,4144800.143,1
BYBIT,LINKUSDT,240,1771574400000,8.647,8.726,8.602,8.62,560988.5,4866752.8672,1
BYBIT,LINKUSDT,240,1771588800000,8.62,8.839,8.451,8.825,1948954.4,16848025.7856,1
BYBIT,LINKUSDT,240,1771603200000,8.825,8.968,8.693,8.898,1947108.9,17218523.2997,1
BYBIT,LINKUSDT,240,1771617600000,8.898,9.009,8.879,8.938,556528.6,4979121.8945,1
BYBIT,LINKUSDT,240,1771632000000,8.938,8.98,8.852,8.886,352524.8,3142056.1594,1
BYBIT,LINKUSDT,240,1771646400000,8.886,8.917,8.853,8.862,187924.9,1668622.2032,1
BYBIT,LINKUSDT,240,1771660800000,8.862,8.982,8.857,8.938,388924.3,3473185.3795,1
BYBIT,LINKUSDT,240,1771675200000,8.938,9.047,8.894,8.93,616846.7,5526704.7368,1
BYBIT,LINKUSDT,240,1771689600000,8.93,8.989,8.84,8.929,763371.4,6797962.161,1
BYBIT,LINKUSDT,240,1771704000000,8.929,8.946,8.863,8.868,317121.5,2820512.8822,1
BYBIT,LINKUSDT,240,1771718400000,8.868,8.894,8.792,8.837,349809.1,3093082.9268,1
BYBIT,LINKUSDT,240,1771732800000,8.837,8.868,8.8,8.849,218228.3,1928918.681,1
BYBIT,LINKUSDT,240,1771747200000,8.849,8.863,8.785,8.831,248385.9,2190875.1139,1
BYBIT,LINKUSDT,240,1771761600000,8.831,8.837,8.68,8.705,869635.7,7595500.8244,1
BYBIT,LINKUSDT,240,1771776000000,8.705,8.708,8.602,8.638,463284.6,4004773.7531,1
BYBIT,LINKUSDT,240,1771790400000,8.638,8.703,8.6,8.674,293935.0,2544443.7695,1
BYBIT,LINKUSDT,240,1771804800000,8.674,8.69,8.165,8.249,2412702.0,20077106.5164,1
BYBIT,LINKUSDT,240,1771819200000,8.249,8.373,8.169,8.351,740895.7,6136741.6827,1
BYBIT,LINKUSDT,240,1771833600000,8.351,8.558,8.305,8.471,775017.1,6546230.9122,1
BYBIT,LINKUSDT,240,1771848000000,8.471,8.576,8.393,8.415,1190560.8,10090882.4545,1
BYBIT,LINKUSDT,240,1771862400000,8.415,8.457,8.177,8.227,1563496.9,12972570.213,1
BYBIT,LINKUSDT,240,1771876800000,8.227,8.34,8.199,8.263,878092.3,7273930.7204,1
BYBIT,LINKUSDT,240,1771891200000,8.263,8.332,8.111,8.204,1265595.7,10411108.4499,1
BYBIT,LINKUSDT,240,1771905600000,8.204,8.228,8.119,8.149,1128071.8,9216913.7974,1
BYBIT,LINKUSDT,240,1771920000000,8.149,8.198,8.102,8.172,559891.8,4567355.8699,1
BYBIT,LINKUSDT,240,1771934400000,8.172,8.225,8.047,8.21,1206882.9,9818813.2118,1
BYBIT,LINKUSDT,240,1771948800000,8.21,8.273,8.169,8.227,930775.6,7661103.5807,1
BYBIT,LINKUSDT,240,1771963200000,8.227,8.257,8.162,8.191,456941.8,3751097.677,1
BYBIT,LINKUSDT,240,1771977600000,8.191,8.627,8.176,8.501,2038005.7,17317085.149,1
BYBIT,LINKUSDT,240,1771992000000,8.501,8.55,8.352,8.475,935729.6,7909816.3562,1
BYBIT,LINKUSDT,240,1772006400000,8.475,8.666,8.435,8.657,863235.5,7393530.6255,1
BYBIT,LINKUSDT,240,1772020800000,8.657,9.331,8.639,9.28,3414857.9,30773258.8904,1
BYBIT,LINKUSDT,240,1772035200000,9.28,9.51,9.28,9.472,2205904.8,20793048.4487,1
BYBIT,LINKUSDT,240,1772049600000,9.472,9.584,9.181,9.265,1850508.9,17421663.6076,1
BYBIT,LINKUSDT,240,1772064000000,9.265,9.334,9.145,9.218,1092523.5,10091385.2038,1
BYBIT,LINKUSDT,240,1772078400000,9.218,9.335,9.19,9.203,945640.7,8750566.5879,1
BYBIT,LINKUSDT,240,1772092800000,9.203,9.317,9.168,9.207,902695.1,8342468.9457,1
BYBIT,LINKUSDT,240,1772107200000,9.207,9.309,9.022,9.116,1502298.8,13751454.4542,1
BYBIT,LINKUSDT,240,1772121600000,9.116,9.138,8.853,9.091,1754430.0,15754446.3042,1
BYBIT,LINKUSDT,240,1772136000000,9.091,9.14,9.037,9.092,419973.7,3818418.3324,1
BYBIT,LINKUSDT,240,1772150400000,9.092,9.195,8.997,9.182,728400.5,6612788.9479,1
BYBIT,LINKUSDT,240,1772164800000,9.182,9.294,9.118,9.173,849477.5,7813514.9706,1
BYBIT,LINKUSDT,240,1772179200000,9.173,9.232,8.801,8.842,1206517.1,10855528.1427,1
BYBIT,LINKUSDT,240,1772193600000,8.842,8.862,8.726,8.81,1589794.0,13988470.9306,1
BYBIT,LINKUSDT,240,1772208000000,8.81,8.811,8.64,8.668,1127182.5,9816081.956,1
BYBIT,LINKUSDT,240,1772222400000,8.668,8.729,8.543,8.706,655366.9,5673476.2898,1
BYBIT,LINKUSDT,240,1772236800000,8.706,8.744,8.659,8.673,437533.1,3809172.128,1
BYBIT,LINKUSDT,240,1772251200000,8.673,8.691,8.218,8.345,2888586.5,24296448.5329,1
BYBIT,LINKUSDT,240,1772265600000,8.345,8.345,8.203,8.27,1356727.3,11230726.8639,1
BYBIT,LINKUSDT,240,1772280000000,8.27,8.537,8.27,8.43,2168890.7,18237466.5309,1
BYBIT,LINKUSDT,240,1772294400000,8.43,8.728,8.397,8.681,1697715.5,14514955.1021,1
BYBIT,LINKUSDT,240,1772308800000,8.681,8.94,8.66,8.84,1471124.5,12945054.5054,1
BYBIT,LINKUSDT,240,1772323200000,8.84,9.203,8.737,9.051,1694223.6,15301703.1313,1
BYBIT,LINKUSDT,240,1772337600000,9.051,9.094,8.922,8.973,875061.7,7876978.4734,1
BYBIT,LINKUSDT,240,1772352000000,8.973,8.995,8.835,8.87,873950.3,7777858.4763,1
BYBIT,LINKUSDT,240,1772366400000,8.87,9.052,8.781,8.913,1354284.5,12102891.9985,1
BYBIT,LINKUSDT,240,1772380800000,8.913,8.971,8.666,8.69,1810096.9,15945854.0155,1
BYBIT,LINKUSDT,240,1772395200000,8.69,8.782,8.534,8.669,1513339.4,13071518.1199,1
BYBIT,LINKUSDT,240,1772409600000,8.669,8.884,8.657,8.821,922084.1,8083477.7045,1
BYBIT,LINKUSDT,240,1772424000000,8.821,8.846,8.603,8.668,728504.7,6364336.242,1
BYBIT,LINKUSDT,240,1772438400000,8.668,8.764,8.58,8.689,991976.9,8607285.5072,1
BYBIT,LINKUSDT,240,1772452800000,8.689,9.177,8.582,9.102,2357132.2,20918765.527,1
BYBIT,LINKUSDT,240,1772467200000,9.102,9.266,8.945,9.032,1822402.6,16560587.9655,1
BYBIT,LINKUSDT,240,1772481600000,9.032,9.104,8.916,8.945,911813.3,8216504.2491,1
BYBIT,LINKUSDT,240,1772496000000,8.945,9.007,8.84,8.88,721444.0,6438398.0124,1
BYBIT,LINKUSDT,240,1772510400000,8.88,8.93,8.767,8.789,597367.8,5271651.289,1
BYBIT,LINKUSDT,240,1772524800000,8.789,8.802,8.598,8.669,909114.1,7878710.9286,1
BYBIT,LINKUSDT,240,1772539200000,8.669,8.783,8.554,8.741,1440436.9,12477242.6324,1
BYBIT,LINKUSDT,240,1772553600000,8.741,8.924,8.702,8.803,1435444.6,12640937.5269,1
BYBIT,LINKUSDT,240,1772568000000,8.803,8.881,8.674,8.805,741027.2,6506618.0354,1
BYBIT,LINKUSDT,240,1772582400000,8.805,8.894,8.682,8.754,869824.1,7639461.9048,1
BYBIT,LINKUSDT,240,1772596800000,8.754,8.919,8.684,8.895,778126.4,6821049.7368,1
BYBIT,LINKUSDT,240,1772611200000,8.895,9.293,8.879,9.126,2095801.3,19181272.7454,1
BYBIT,LINKUSDT,240,1772625600000,9.126,9.504,9.024,9.495,2292552.9,21219914.8125,1
BYBIT,LINKUSDT,240,1772640000000,9.495,9.626,9.356,9.523,1684833.8,15989505.1968,1
BYBIT,LINKUSDT,240,1772654400000,9.523,9.56,9.288,9.345,947122.8,8931104.5141,1
BYBIT,LINKUSDT,240,1772668800000,9.345,9.383,9.23,9.257,806846.7,7506876.2007,1
BYBIT,LINKUSDT,240,1772683200000,9.257,9.352,9.174,9.21,620375.8,5746760.2066,1
BYBIT,LINKUSDT,240,1772697600000,9.21,9.457,9.191,9.391,974403.7,9096670.5549,1
BYBIT,LINKUSDT,240,1772712000000,9.391,9.484,9.166,9.23,1975440.6,18465292.1354,1
BYBIT,LINKUSDT,240,1772726400000,9.23,9.27,9.065,9.179,1135789.2,10390995.8531,1
BYBIT,LINKUSDT,240,1772740800000,9.179,9.318,9.163,9.197,605119.0,5589912.875,1
BYBIT,LINKUSDT,240,1772755200000,9.197,9.295,9.16,9.258,493001.8,4553773.7247,1
BYBIT,LINKUSDT,240,1772769600000,9.258,9.29,9.146,9.271,451942.6,4160718.7835,1
BYBIT,LINKUSDT,240,1772784000000,9.271,9.272,9.049,9.07,706146.4,6454460.5881,1
BYBIT,LINKUSDT,240,1772798400000,9.07,9.131,8.739,8.785,2035784.7,18200058.7026,1
BYBIT,LINKUSDT,240,1772812800000,8.785,8.829,8.666,8.784,1050254.5,9191498.6575,1
BYBIT,LINKUSDT,240,1772827200000,8.784,8.823,8.73,8.791,443561.5,3889990.041,1
BYBIT,LINKUSDT,240,1772841600000,8.791,8.851,8.754,8.785,305010.5,2683442.2583,1
BYBIT,LINKUSDT,240,1772856000000,8.785,8.815,8.727,8.802,393892.1,3455159.9305,1
BYBIT,LINKUSDT,240,1772870400000,8.802,8.82,8.741,8.794,448579.8,3941060.3513,1
BYBIT,LINKUSDT,240,1772884800000,8.794,8.814,8.72,8.748,376134.1,3298193.4209,1
BYBIT,LINKUSDT,240,1772899200000,8.748,8.808,8.635,8.656,603884.8,5263825.4098,1
BYBIT,LINKUSDT,240,1772913600000,8.656,8.71,8.63,8.692,339337.0,2945476.3987,1
BYBIT,LINKUSDT,240,1772928000000,8.692,8.711,8.577,8.597,464009.3,4012072.1589,1
BYBIT,LINKUSDT,240,1772942400000,8.597,8.663,8.524,8.629,438119.0,3765087.74,1
BYBIT,LINKUSDT,240,1772956800000,8.629,8.771,8.585,8.648,599189.9,5198081.4129,1
BYBIT,LINKUSDT,240,1772971200000,8.648,8.67,8.534,8.562,891693.0,7657817.6117,1
BYBIT,LINKUSDT,240,1772985600000,8.562,8.664,8.498,8.639,618033.8,5291730.7315,1
BYBIT,LINKUSDT,240,1773000000000,8.639,8.696,8.389,8.507,1649476.4,14065018.9684,1
BYBIT,LINKUSDT,240,1773014400000,8.507,8.791,8.5,8.679,1441088.3,12412481.0918,1
BYBIT,LINKUSDT,240,1773028800000,8.679,8.869,8.642,8.734,1189838.2,10422567.6034,1
BYBIT,LINKUSDT,240,1773043200000,8.734,8.852,8.706,8.767,978499.4,8582574.1091,1
BYBIT,LINKUSDT,240,1773057600000,8.767,8.966,8.767,8.919,1749897.4,15559818.3085,1
BYBIT,LINKUSDT,240,1773072000000,8.919,9.1,8.858,9.0,1632072.0,14620465.4749,1
BYBIT,LINKUSDT,240,1773086400000,9.0,9.032,8.841,8.861,900339.1,8064909.4583,1
BYBIT,LINKUSDT,240,1773100800000,8.861,9.079,8.845,8.933,825717.8,7398643.5577,1
BYBIT,LINKUSDT,240,1773115200000,8.933,9.077,8.933,9.077,745028.3,6712021.4973,1
BYBIT,LINKUSDT,240,1773129600000,9.077,9.157,9.057,9.065,727800.0,6625135.3095,1
BYBIT,LINKUSDT,240,1773144000000,9.065,9.178,8.854,9.13,1478465.6,13352129.8727,1
BYBIT,LINKUSDT,240,1773158400000,9.13,9.175,8.913,8.967,1099787.5,9961431.4387,1
BYBIT,LINKUSDT,240,1773172800000,8.967,9.007,8.903,8.98,538229.1,4823400.7134,1
BYBIT,LINKUSDT,240,1773187200000,8.98,9.007,8.909,8.925,598364.8,5362030.5038,1
BYBIT,LINKUSDT,240,1773201600000,8.925,9.034,8.861,8.884,565651.4,5053970.7163,1
BYBIT,LINKUSDT,240,1773216000000,8.884,8.966,8.875,8.906,457408.3,4076493.783,1
BYBIT,LINKUSDT,240,1773230400000,8.906,9.167,8.88,8.99,1543698.9,13938568.9009,1
BYBIT,LINKUSDT,240,1773244800000,8.99,9.148,8.964,9.082,849334.7,7694478.4711,1
BYBIT,LINKUSDT,240,1773259200000,9.082,9.109,8.975,8.992,331279.8,2996605.9157,1
BYBIT,LINKUSDT,240,1773273600000,8.992,9.015,8.83,8.86,641492.9,5722207.9351,1
BYBIT,LINKUSDT,240,1773288000000,8.86,8.957,8.838,8.942,477908.6,4249019.8641,1
BYBIT,LINKUSDT,240,1773302400000,8.942,9.104,8.919,9.024,874340.5,7876839.7816,1
BYBIT,LINKUSDT,240,1773316800000,9.024,9.094,8.891,9.029,1067646.6,9606274.08,1
BYBIT,LINKUSDT,240,1773331200000,9.029,9.076,8.956,9.03,535957.4,4830465.4389,1
BYBIT,LINKUSDT,240,1773345600000,9.03,9.085,8.959,9.052,568200.7,5125076.691,1
BYBIT,LINKUSDT,240,1773360000000,9.052,9.394,9.03,9.279,1622121.6,15018365.3716,1
BYBIT,LINKUSDT,240,1773374400000,9.279,9.294,9.166,9.189,774646.5,7145883.1408,1
BYBIT,LINKUSDT,240,1773388800000,9.189,9.324,9.155,9.267,1014974.5,9400796.4903,1
BYBIT,LINKUSDT,240,1773403200000,9.267,9.59,9.229,9.259,3443891.2,32501653.7992,1
BYBIT,LINKUSDT,240,1773417600000,9.259,9.326,9.095,9.138,1581746.2,14545552.8396,1
BYBIT,LINKUSDT,240,1773432000000,9.138,9.194,9.008,9.081,694399.4,6316315.3187,1
BYBIT,LINKUSDT,240,1773446400000,9.081,9.127,9.017,9.111,468458.1,4251919.2307,1
BYBIT,LINKUSDT,240,1773460800000,9.111,9.138,8.954,8.975,599984.0,5418485.1258,1
BYBIT,LINKUSDT,240,1773475200000,8.975,9.003,8.917,8.988,536411.1,4804602.1464,1
BYBIT,LINKUSDT,240,1773489600000,8.988,9.014,8.955,8.999,539003.3,4843747.8083,1
BYBIT,LINKUSDT,240,1773504000000,8.999,9.052,8.976,9.02,335933.5,3027853.7625,1
BYBIT,LINKUSDT,240,1773518400000,9.02,9.175,9.009,9.163,401927.5,3656167.9948,1
BYBIT,LINKUSDT,240,1773532800000,9.163,9.254,9.109,9.205,683163.5,6272458.2391,1
BYBIT,LINKUSDT,240,1773547200000,9.205,9.264,9.184,9.213,452913.8,4174328.6177,1
BYBIT,LINKUSDT,240,1773561600000,9.213,9.317,9.213,9.271,486747.3,4512626.4514,1
BYBIT,LINKUSDT,240,1773576000000,9.271,9.275,9.134,9.151,722971.1,6643663.6522,1
BYBIT,LINKUSDT,240,1773590400000,9.151,9.233,9.115,9.194,464194.5,4255837.4564,1
BYBIT,LINKUSDT,240,1773604800000,9.194,9.548,9.171,9.489,1467335.9,13760750.8445,1
BYBIT,LINKUSDT,240,1773619200000,9.489,9.815,9.405,9.689,1989939.3,19112136.0999,1
BYBIT,LINKUSDT,240,1773633600000,9.689,9.827,9.666,9.679,1805349.9,17587318.5636,1
BYBIT,LINKUSDT,240,1773648000000,9.679,9.729,9.553,9.654,1083201.0,10445022.1005,1
BYBIT,LINKUSDT,240,1773662400000,9.654,9.813,9.589,9.715,2123750.3,20628831.7659,1
BYBIT,LINKUSDT,240,1773676800000,9.715,9.965,9.703,9.926,1383606.5,13634190.2824,1
BYBIT,LINKUSDT,240,1773691200000,9.926,10.081,9.856,9.915,1274151.0,12701938.8933,1
BYBIT,LINKUSDT,240,1773705600000,9.915,10.016,9.774,9.823,1693891.5,16789435.7629,1
BYBIT,LINKUSDT,240,1773720000000,9.823,9.851,9.679,9.792,926941.3,9048878.7666,1
BYBIT,LINKUSDT,240,1773734400000,9.792,9.83,9.725,9.757,728701.5,7118947.2797,1
BYBIT,LINKUSDT,240,1773748800000,9.757,9.932,9.707,9.794,1207959.2,11833979.3713,1
BYBIT,LINKUSDT,240,1773763200000,9.794,9.908,9.784,9.8,654886.3,6449868.1528,1
BYBIT,LINKUSDT,240,1773777600000,9.8,9.906,9.769,9.785,390898.2,3844943.866,1
BYBIT,LINKUSDT,240,1773792000000,9.785,9.92,9.75,9.884,357289.2,3514024.9562,1
BYBIT,LINKUSDT,240,1773806400000,9.884,9.89,9.772,9.808,387162.5,3801372.9652,1
BYBIT,LINKUSDT,240,1773820800000,9.808,9.882,9.521,9.552,1220503.4,11835231.6042,1
BYBIT,LINKUSDT,240,1773835200000,9.552,9.552,9.122,9.201,2010962.6,18753100.0029,1
BYBIT,LINKUSDT,240,1773849600000,9.201,9.305,9.091,9.165,1141796.4,10496758.7454,1
BYBIT,LINKUSDT,240,1773864000000,9.165,9.257,9.081,9.221,761204.0,6992156.3691,1
BYBIT,LINKUSDT,240,1773878400000,9.221,9.334,9.157,9.247,541006.2,4997408.3475,1
BYBIT,LINKUSDT,240,1773892800000,9.247,9.255,9.031,9.089,892414.2,8153689.7722,1
BYBIT,LINKUSDT,240,1773907200000,9.089,9.168,9.059,9.088,633459.4,5773153.8185,1
BYBIT,LINKUSDT,240,1773921600000,9.088,9.089,8.887,8.957,1619115.9,14503668.0379,1
BYBIT,LINKUSDT,240,1773936000000,8.957,9.089,8.892,9.028,793903.7,7138171.774,1
BYBIT,LINKUSDT,240,1773950400000,9.028,9.093,9.005,9.039,433572.1,3923558.3012,1
BYBIT,LINKUSDT,240,1773964800000,9.039,9.155,9.033,9.113,448472.5,4078380.0952,1
BYBIT,LINKUSDT,240,1773979200000,9.113,9.147,9.024,9.11,404952.7,3682807.6899,1
BYBIT,LINKUSDT,240,1773993600000,9.11,9.204,9.05,9.083,590227.6,5381269.0833,1
BYBIT,LINKUSDT,240,1774008000000,9.083,9.119,8.963,9.022,1115770.5,10074940.089,1
BYBIT,LINKUSDT,240,1774022400000,9.022,9.061,8.953,9.035,502453.7,4525521.3734,1
BYBIT,LINKUSDT,240,1774036800000,9.035,9.157,8.976,9.107,412521.3,3746238.7362,1
BYBIT,LINKUSDT,240,1774051200000,9.107,9.172,9.105,9.123,279273.4,2551791.665,1
BYBIT,LINKUSDT,240,1774065600000,9.123,9.146,9.095,9.122,287734.0,2624112.446,1
BYBIT,LINKUSDT,240,1774080000000,9.122,9.162,9.085,9.101,211447.1,1927797.1261,1
BYBIT,LINKUSDT,240,1774094400000,9.101,9.136,9.048,9.098,364827.6,3315161.3747,1
BYBIT,LINKUSDT,240,1774108800000,9.098,9.104,9.037,9.064,432810.6,3922683.2846,1
BYBIT,LINKUSDT,240,1774123200000,9.064,9.105,8.756,8.819,1318485.9,11749053.7961,1
BYBIT,LINKUSDT,240,1774137600000,8.819,8.964,8.671,8.9,1702375.1,15002004.0415,1
BYBIT,LINKUSDT,240,1774152000000,8.9,8.939,8.832,8.836,530360.2,4719435.7609,1
BYBIT,LINKUSDT,240,1774166400000,8.836,8.86,8.74,8.75,613233.5,5393248.8632,1
BYBIT,LINKUSDT,240,1774180800000,8.75,8.831,8.75,8.79,505008.6,4435416.7541,1
BYBIT,LINKUSDT,240,1774195200000,8.79,8.8,8.683,8.704,521154.8,4556383.8546,1
BYBIT,LINKUSDT,240,1774209600000,8.704,8.754,8.568,8.683,1161416.9,10062202.4284,1
BYBIT,LINKUSDT,240,1774224000000,8.683,8.774,8.627,8.698,694919.6,6044564.8019,1
BYBIT,LINKUSDT,240,1774238400000,8.698,8.776,8.571,8.643,761489.2,6602214.9019,1
BYBIT,LINKUSDT,240,1774252800000,8.643,9.245,8.572,8.969,5634858.9,50609652.8061,1
BYBIT,LINKUSDT,240,1774267200000,8.969,9.282,8.902,9.041,2576601.5,23449412.0737,1
BYBIT,LINKUSDT,240,1774281600000,9.041,9.213,8.987,9.121,1090892.5,9922778.0821,1
BYBIT,LINKUSDT,240,1774296000000,9.121,9.174,9.064,9.103,453337.5,4135108.9553,1
BYBIT,LINKUSDT,240,1774310400000,9.103,9.137,9.004,9.085,505373.5,4580594.5408,1
BYBIT,LINKUSDT,240,1774324800000,9.085,9.255,9.001,9.238,890577.6,8122676.6897,1
BYBIT,LINKUSDT,240,1774339200000,9.238,9.254,9.161,9.24,827586.4,7630001.2409,1
BYBIT,LINKUSDT,240,1774353600000,9.24,9.248,9.035,9.112,1264751.4,11553538.5954,1
BYBIT,LINKUSDT,240,1774368000000,9.112,9.159,9.009,9.056,840531.3,7622926.7487,1
BYBIT,LINKUSDT,240,1774382400000,9.056,9.269,9.052,9.245,783599.6,7209934.3055,1
BYBIT,LINKUSDT,240,1774396800000,9.245,9.31,9.173,9.238,542775.1,5019301.8115,1
BYBIT,LINKUSDT,240,1774411200000,9.238,9.358,9.225,9.282,751179.3,6994929.1822,1
BYBIT,LINKUSDT,240,1774425600000,9.282,9.458,9.282,9.412,845683.6,7933476.295,1
BYBIT,LINKUSDT,240,1774440000000,9.412,9.488,9.286,9.362,1004913.4,9442888.5895,1
BYBIT,LINKUSDT,240,1774454400000,9.362,9.468,9.294,9.343,899450.8,8436085.2265,1
BYBIT,LINKUSDT,240,1774468800000,9.343,9.4,9.273,9.372,481650.7,4495254.1938,1
BYBIT,LINKUSDT,240,1774483200000,9.372,9.384,9.218,9.249,403553.0,3752869.866,1
BYBIT,LINKUSDT,240,1774497600000,9.249,9.249,9.063,9.098,777188.2,7099072.591,1
BYBIT,LINKUSDT,240,1774512000000,9.098,9.104,8.915,8.94,947756.2,8520027.3208,1
BYBIT,LINKUSDT,240,1774526400000,8.94,9.027,8.847,8.927,975917.2,8729051.2539,1
BYBIT,LINKUSDT,240,1774540800000,8.927,8.945,8.804,8.829,639331.8,5668304.2111,1
BYBIT,LINKUSDT,240,1774555200000,8.829,8.978,8.815,8.908,1059754.3,9458864.8501,1
BYBIT,LINKUSDT,240,1774569600000,8.908,8.978,8.881,8.909,315806.2,2817530.9676,1
BYBIT,LINKUSDT,240,1774584000000,8.909,8.942,8.84,8.903,496294.4,4412889.4864,1
BYBIT,LINKUSDT,240,1774598400000,8.903,8.922,8.544,8.59,1674510.9,14553505.6228,1
BYBIT,LINKUSDT,240,1774612800000,8.59,8.677,8.518,8.606,1247222.9,10702253.6545,1
BYBIT,LINKUSDT,240,1774627200000,8.606,8.632,8.48,8.537,841244.6,7193483.9111,1
BYBIT,LINKUSDT,240,1774641600000,8.537,8.573,8.487,8.562,458658.9,3912754.9212,1
BYBIT,LINKUSDT,240,1774656000000,8.562,8.566,8.496,8.514,253619.9,2163177.6675,1
BYBIT,LINKUSDT,240,1774670400000,8.514,8.599,8.497,8.597,237895.6,2034323.1428,1
BYBIT,LINKUSDT,240,1774684800000,8.597,8.609,8.466,8.535,368069.3,3137238.1383,1
BYBIT,LINKUSDT,240,1774699200000,8.535,8.691,8.509,8.634,861550.9,7422019.4142,1
BYBIT,LINKUSDT,240,1774713600000,8.634,8.648,8.577,8.597,318365.2,2742220.3052,1
BYBIT,LINKUSDT,240,1774728000000,8.597,8.621,8.371,8.43,1037221.5,8795472.9611,1
BYBIT,LINKUSDT,240,1774742400000,8.43,8.583,8.408,8.538,499385.5,4243229.2962,1
BYBIT,LINKUSDT,240,1774756800000,8.538,8.538,8.487,8.51,355427.4,3026167.9311,1
BYBIT,LINKUSDT,240,1774771200000,8.51,8.537,8.445,8.5,440856.3,3746663.7183,1
BYBIT,LINKUSDT,240,1774785600000,8.5,8.505,8.386,8.422,711614.0,6004583.7302,1
BYBIT,LINKUSDT,240,1774800000000,8.422,8.465,8.39,8.415,425601.1,3586439.0981,1
BYBIT,LINKUSDT,240,1774814400000,8.415,8.483,8.197,8.409,1588357.0,13262400.126,1
BYBIT,LINKUSDT,240,1774828800000,8.409,8.666,8.396,8.63,1184259.7,10119941.7834,1
BYBIT,LINKUSDT,240,1774843200000,8.63,8.748,8.63,8.74,626046.6,5439362.8798,1
BYBIT,LINKUSDT,240,1774857600000,8.74,8.897,8.722,8.861,1118166.8,9844248.2337,1
BYBIT,LINKUSDT,240,1774872000000,8.861,8.919,8.773,8.824,1252234.7,11091315.0193,1
BYBIT,LINKUSDT,240,1774886400000,8.824,8.837,8.56,8.62,1464357.1,12785204.4132,1
BYBIT,LINKUSDT,240,1774900800000,8.62,8.724,8.579,8.619,503526.3,4352635.7843,1
BYBIT,LINKUSDT,240,1774915200000,8.619,8.851,8.593,8.742,735068.1,6420667.6645,1
BYBIT,LINKUSDT,240,1774929600000,8.742,8.773,8.665,8.706,550852.4,4804464.9936,1
BYBIT,LINKUSDT,240,1774944000000,8.706,8.711,8.502,8.612,1017957.0,8745773.5936,1
BYBIT,LINKUSDT,240,1774958400000,8.612,8.803,8.583,8.621,1395672.7,12117167.7172,1
BYBIT,LINKUSDT,240,1774972800000,8.621,8.884,8.615,8.771,1647307.5,14474640.3902,1
BYBIT,LINKUSDT,240,1774987200000,8.771,8.813,8.704,8.776,413039.8,3620365.817,1
BYBIT,LINKUSDT,240,1775001600000,8.776,8.83,8.737,8.816,500597.6,4396010.4995,1
BYBIT,LINKUSDT,240,1775016000000,8.816,9.19,8.788,9.055,1161047.9,10426843.2628,1
BYBIT,LINKUSDT,240,1775030400000,9.055,9.102,8.982,9.017,706222.8,6380740.3015,1
BYBIT,LINKUSDT,240,1775044800000,9.017,9.085,8.914,9.002,1153922.3,10377669.3473,1
BYBIT,LINKUSDT,240,1775059200000,9.002,9.143,8.95,9.013,944234.8,8524297.7936,1
BYBIT,LINKUSDT,240,1775073600000,9.013,9.036,8.921,8.937,606688.4,5444982.339,1
BYBIT,LINKUSDT,240,1775088000000,8.937,9.004,8.516,8.562,2928218.7,25624042.5067,1
BYBIT,LINKUSDT,240,1775102400000,8.562,8.568,8.494,8.561,831030.4,7092662.7322,1
BYBIT,LINKUSDT,240,1775116800000,8.561,8.561,8.447,8.478,767326.8,6516127.7556,1
BYBIT,LINKUSDT,240,1775131200000,8.478,8.637,8.415,8.561,1991271.2,16985358.4545,1
BYBIT,LINKUSDT,240,1775145600000,8.561,8.653,8.519,8.609,733098.4,6295435.9333,1
BYBIT,LINKUSDT,240,1775160000000,8.609,8.652,8.585,8.627,477743.6,4120157.4494,1
BYBIT,LINKUSDT,240,1775174400000,8.627,8.671,8.585,8.645,612683.0,5285309.7073,1
BYBIT,LINKUSDT,240,1775188800000,8.645,8.759,8.633,8.71,490468.1,4261690.9709,1
BYBIT,LINKUSDT,240,1775203200000,8.71,8.739,8.655,8.72,361901.1,3149848.2737,1
BYBIT,LINKUSDT,240,1775217600000,8.72,8.809,8.649,8.691,716759.2,6245072.551,1
BYBIT,LINKUSDT,240,1775232000000,8.691,8.727,8.641,8.673,536651.7,4659397.1198,1
BYBIT,LINKUSDT,240,1775246400000,8.673,8.71,8.635,8.653,379988.3,3295069.6268,1
BYBIT,LINKUSDT,240,1775260800000,8.653,8.653,8.614,8.637,317414.2,2740464.9263,1
BYBIT,LINKUSDT,240,1775275200000,8.637,8.676,8.626,8.654,185757.8,1606629.5132,1
BYBIT,LINKUSDT,240,1775289600000,8.654,8.671,8.622,8.655,175559.6,1518285.2944,1
BYBIT,LINKUSDT,240,1775304000000,8.655,8.705,8.604,8.68,453263.3,3923379.8373,1
BYBIT,LINKUSDT,240,1775318400000,8.68,8.776,8.66,8.72,451605.6,3934558.9782,1
BYBIT,LINKUSDT,240,1775332800000,8.72,8.724,8.672,8.687,242416.9,2108717.4866,1
BYBIT,LINKUSDT,240,1775347200000,8.687,8.691,8.635,8.646,230421.4,1996278.279,1
BYBIT,LINKUSDT,240,1775361600000,8.646,8.654,8.506,8.528,605718.0,5188772.2059,1
BYBIT,LINKUSDT,240,1775376000000,8.528,8.576,8.521,8.542,341933.6,2920288.0025,1
BYBIT,LINKUSDT,240,1775390400000,8.542,8.676,8.468,8.593,685077.3,5862448.2964,1
BYBIT,LINKUSDT,240,1775404800000,8.593,8.642,8.567,8.619,388950.2,3346143.3616,1
BYBIT,LINKUSDT,240,1775419200000,8.619,8.865,8.559,8.817,1187228.4,10350751.0021,1
BYBIT,LINKUSDT,240,1775433600000,8.817,9.024,8.817,8.926,1181522.6,10548164.4274,1
BYBIT,LINKUSDT,240,1775448000000,8.926,8.996,8.898,8.956,599992.3,5363627.5842,1
BYBIT,LINKUSDT,240,1775462400000,8.956,9.147,8.952,9.04,966239.2,8746773.3538,1
BYBIT,LINKUSDT,240,1775476800000,9.04,9.084,8.991,9.081,821227.9,7419013.7325,1
BYBIT,LINKUSDT,240,1775491200000,9.081,9.096,8.932,8.982,746138.0,6717040.1353,1
BYBIT,LINKUSDT,240,1775505600000,8.982,9.016,8.722,8.794,930120.7,8239917.4024,1
BYBIT,LINKUSDT,240,1775520000000,8.794,8.843,8.724,8.786,575714.2,5060166.7848,1
BYBIT,LINKUSDT,240,1775534400000,8.786,8.824,8.724,8.761,430719.7,3775539.2847,1
BYBIT,LINKUSDT,240,1775548800000,8.761,8.895,8.667,8.677,1054454.5,9258804.5845,1
BYBIT,LINKUSDT,240,1775563200000,8.677,8.706,8.565,8.614,1486412.1,12838015.702,1
BYBIT,LINKUSDT,240,1775577600000,8.614,8.751,8.588,8.738,962960.6,8345013.8207,1
BYBIT,LINKUSDT,240,1775592000000,8.738,9.409,8.707,9.282,3290651.6,29867595.5345,1
BYBIT,LINKUSDT,240,1775606400000,9.282,9.332,9.167,9.174,927110.8,8557588.7339,1
BYBIT,LINKUSDT,240,1775620800000,9.174,9.267,9.174,9.249,601901.7,5553546.4093,1
BYBIT,LINKUSDT,240,1775635200000,9.249,9.268,9.144,9.181,426617.0,3926931.3636,1
BYBIT,LINKUSDT,240,1775649600000,9.181,9.262,8.961,9.025,1231896.1,11232172.7766,1
BYBIT,LINKUSDT,240,1775664000000,9.025,9.112,8.928,8.983,621882.4,5604622.3685,1
BYBIT,LINKUSDT,240,1775678400000,8.983,9.033,8.833,8.851,756735.2,6754372.2196,1
BYBIT,LINKUSDT,240,1775692800000,8.851,8.853,8.685,8.756,987881.3,8647415.9425,1
BYBIT,LINKUSDT,240,1775707200000,8.756,8.794,8.742,8.75,506872.9,4443981.8251,1
BYBIT,LINKUSDT,240,1775721600000,8.75,8.799,8.733,8.76,506719.5,4441052.5531,1
BYBIT,LINKUSDT,240,1775736000000,8.76,8.97,8.686,8.938,1214769.1,10707883.4259,1
BYBIT,LINKUSDT,240,1775750400000,8.938,9.035,8.861,9.003,879780.2,7883791.1006,1
BYBIT,LINKUSDT,240,1775764800000,9.003,9.18,8.928,8.943,825260.2,7462898.9066,1
BYBIT,LINKUSDT,240,1775779200000,8.943,9.005,8.885,8.909,553822.8,4949247.2699,1
BYBIT,LINKUSDT,240,1775793600000,8.909,8.991,8.883,8.894,344087.3,3074180.7925,1
BYBIT,LINKUSDT,240,1775808000000,8.894,9.016,8.875,8.983,485197.2,4341579.5636,1
BYBIT,LINKUSDT,240,1775822400000,8.983,9.162,8.958,9.053,1259457.9,11408773.1158,1
BYBIT,LINKUSDT,240,1775836800000,9.053,9.16,9.028,9.153,669148.1,6086247.7661,1
BYBIT,LINKUSDT,240,1775851200000,9.153,9.171,9.061,9.08,579785.4,5285403.9211,1
BYBIT,LINKUSDT,240,1775865600000,9.08,9.108,9.027,9.047,340160.9,3083612.4546,1
BYBIT,LINKUSDT,240,1775880000000,9.047,9.074,8.969,9.005,294855.4,2655673.2915,1
BYBIT,LINKUSDT,240,1775894400000,9.005,9.046,8.983,9.008,252227.5,2272386.1947,1
BYBIT,LINKUSDT,240,1775908800000,9.008,9.042,8.946,9.021,379789.1,3415150.428,1
BYBIT,LINKUSDT,240,1775923200000,9.021,9.282,9.015,9.259,924020.2,8475380.6927,1
BYBIT,LINKUSDT,240,1775937600000,9.259,9.266,9.041,9.064,709498.0,6498069.8918,1
BYBIT,LINKUSDT,240,1775952000000,9.064,9.075,8.741,8.789,1243152.8,11018061.2532,1
BYBIT,LINKUSDT,240,1775966400000,8.789,8.808,8.753,8.792,367396.5,3226815.771,1
BYBIT,LINKUSDT,240,1775980800000,8.792,8.806,8.743,8.781,255993.6,2247289.238,1
BYBIT,LINKUSDT,240,1775995200000,8.781,8.824,8.679,8.709,683984.6,5982826.4711,1
BYBIT,LINKUSDT,240,1776009600000,8.709,8.801,8.696,8.759,333469.9,2918783.6225,1
BYBIT,LINKUSDT,240,1776024000000,8.759,8.839,8.708,8.729,605992.5,5309374.4957,1
BYBIT,LINKUSDT,240,1776038400000,8.729,8.832,8.717,8.775,399822.8,3510977.3959,1
BYBIT,LINKUSDT,240,1776052800000,8.775,8.806,8.711,8.725,509859.7,4464301.231,1
BYBIT,LINKUSDT,240,1776067200000,8.725,8.753,8.691,8.726,380584.1,3317943.2629,1
BYBIT,LINKUSDT,240,1776081600000,8.726,8.911,8.682,8.817,1141047.7,10045722.2826,1
BYBIT,LINKUSDT,240,1776096000000,8.817,9.032,8.774,9.016,1179572.7,10503503.6572,1
BYBIT,LINKUSDT,240,1776110400000,9.016,9.434,8.948,9.355,2083529.7,19238172.0153,1
BYBIT,LINKUSDT,240,1776124800000,9.355,9.38,9.176,9.212,826292.9,7654768.3365,1
BYBIT,LINKUSDT,240,1776139200000,9.212,9.243,9.133,9.213,635404.2,5847504.34,1
BYBIT,LINKUSDT,240,1776153600000,9.213,9.252,9.158,9.171,615592.3,5663542.8571,1
BYBIT,LINKUSDT,240,1776168000000,9.171,9.292,9.06,9.124,1589344.2,14568539.9933,1
BYBIT,LINKUSDT,240,1776182400000,9.124,9.173,8.922,8.98,982361.8,8869763.3541,1
BYBIT,LINKUSDT,240,1776196800000,8.98,9.051,8.963,9.014,585111.2,5269351.2221,1
BYBIT,LINKUSDT,240,1776211200000,9.014,9.105,9.013,9.065,427681.9,3872849.4156,1
BYBIT,LINKUSDT,240,1776225600000,9.065,9.108,8.987,9.009,408252.4,3690015.8584,1
BYBIT,LINKUSDT,240,1776240000000,9.009,9.148,9.0,9.134,470325.5,4272128.6335,1
BYBIT,LINKUSDT,240,1776254400000,9.134,9.242,9.1,9.158,894188.4,8188703.7969,1
BYBIT,LINKUSDT,240,1776268800000,9.158,9.37,9.148,9.32,909994.7,8428150.8627,1
BYBIT,LINKUSDT,240,1776283200000,9.32,9.351,9.219,9.258,547388.9,5077233.4626,1
BYBIT,LINKUSDT,240,1776297600000,9.258,9.329,9.203,9.275,360469.1,3340600.8145,1
BYBIT,LINKUSDT,240,1776312000000,9.275,9.36,9.248,9.29,970230.6,9027850.9887,1
BYBIT,LINKUSDT,240,1776326400000,9.29,9.327,9.208,9.279,455025.2,4213901.1547,1
BYBIT,LINKUSDT,240,1776340800000,9.279,9.462,9.119,9.452,2053520.8,19073971.7759,1
BYBIT,LINKUSDT,240,1776355200000,9.452,9.65,9.293,9.642,1757801.1,16628341.591,1
BYBIT,LINKUSDT,240,1776369600000,9.642,9.672,9.46,9.593,907702.2,8650190.1795,1
BYBIT,LINKUSDT,240,1776384000000,9.593,9.611,9.388,9.41,672773.3,6380696.3315,1
BYBIT,LINKUSDT,240,1776398400000,9.41,9.468,9.334,9.466,615418.3,5783297.433,1
BYBIT,LINKUSDT,240,1776412800000,9.466,9.599,9.449,9.513,790729.4,7520695.9195,1
BYBIT,LINKUSDT,240,1776427200000,9.513,9.863,9.453,9.747,2370506.2,22975078.8617,1
BYBIT,LINKUSDT,240,1776441600000,9.747,9.827,9.623,9.662,785826.9,7638849.5316,1
BYBIT,LINKUSDT,240,1776456000000,9.662,9.704,9.574,9.606,435719.1,4198773.484,1
BYBIT,LINKUSDT,240,1776470400000,9.606,9.643,9.533,9.556,365162.9,3502780.5496,1
BYBIT,LINKUSDT,240,1776484800000,9.556,9.624,9.543,9.597,294097.4,2820292.2499,1
BYBIT,LINKUSDT,240,1776499200000,9.597,9.598,9.333,9.397,1185763.6,11198926.6831,1
BYBIT,LINKUSDT,240,1776513600000,9.397,9.444,9.302,9.378,1000375.3,9375306.6678,1
BYBIT,LINKUSDT,240,1776528000000,9.378,9.41,9.251,9.276,710601.2,6623434.0469,1
BYBIT,LINKUSDT,240,1776542400000,9.276,9.339,9.26,9.275,289705.9,2694894.886,1
BYBIT,LINKUSDT,240,1776556800000,9.275,9.29,9.156,9.22,689094.6,6351665.3848,1
BYBIT,LINKUSDT,240,1776571200000,9.22,9.285,9.092,9.169,809563.4,7445458.2184,1
BYBIT,LINKUSDT,240,1776585600000,9.169,9.218,9.105,9.21,371994.9,3410336.1915,1
BYBIT,LINKUSDT,240,1776600000000,9.21,9.366,9.195,9.279,704275.3,6529925.1568,1
BYBIT,LINKUSDT,240,1776614400000,9.279,9.29,9.102,9.177,745259.1,6834011.0471,1
BYBIT,LINKUSDT,240,1776628800000,9.177,9.177,8.993,9.057,984262.5,8925462.906,1
BYBIT,LINKUSDT,240,1776643200000,9.057,9.201,9.044,9.188,451420.1,4122753.6937,1
BYBIT,LINKUSDT,240,1776657600000,9.188,9.355,9.094,9.242,651090.8,6010173.3722,1
BYBIT,LINKUSDT,240,1776672000000,9.242,9.306,9.147,9.206,1276932.4,11786856.3523,1
BYBIT,LINKUSDT,240,1776686400000,9.206,9.291,9.129,9.26,1021573.7,9417709.1029,1
BYBIT,LINKUSDT,240,1776700800000,9.26,9.347,9.202,9.318,641960.5,5963485.581,1
BYBIT,LINKUSDT,240,1776715200000,9.318,9.398,9.256,9.28,578648.1,5395884.8463,1
BYBIT,LINKUSDT,240,1776729600000,9.28,9.348,9.232,9.282,335708.0,3119575.9467,1
BYBIT,LINKUSDT,240,1776744000000,9.282,9.388,9.268,9.358,336948.1,3146407.7633,1
BYBIT,LINKUSDT,240,1776758400000,9.358,9.484,9.345,9.407,565060.4,5313776.6077,1
BYBIT,LINKUSDT,240,1776772800000,9.407,9.472,9.328,9.412,991392.5,9311819.0591,1
BYBIT,LINKUSDT,240,1776787200000,9.412,9.436,9.234,9.265,1132566.6,10561237.8993,1
BYBIT,LINKUSDT,240,1776801600000,9.265,9.408,9.259,9.392,798398.8,7458836.6239,1
BYBIT,LINKUSDT,240,1776816000000,9.392,9.524,9.371,9.5,687860.3,6505553.8868,1
BYBIT,LINKUSDT,240,1776830400000,9.5,9.55,9.466,9.496,705752.5,6714586.5624,1
BYBIT,LINKUSDT,240,1776844800000,9.496,9.541,9.469,9.522,329643.8,3135384.4683,1
BYBIT,LINKUSDT,240,1776859200000,9.522,9.549,9.455,9.484,627153.5,5962113.7881,1
BYBIT,LINKUSDT,240,1776873600000,9.484,9.505,9.372,9.409,460217.4,4345398.1925,1
BYBIT,LINKUSDT,240,1776888000000,9.409,9.413,9.277,9.284,527321.7,4931439.7738,1
BYBIT,LINKUSDT,240,1776902400000,9.284,9.31,9.139,9.174,934515.9,8613815.9574,1
BYBIT,LINKUSDT,240,1776916800000,9.174,9.259,9.16,9.23,437322.0,4029909.234,1
BYBIT,LINKUSDT,240,1776931200000,9.23,9.271,9.158,9.257,711784.9,6547696.367,1
BYBIT,LINKUSDT,240,1776945600000,9.257,9.382,9.232,9.344,667924.1,6208562.0563,1
BYBIT,LINKUSDT,240,1776960000000,9.344,9.352,9.146,9.265,939491.5,8686550.138,1
BYBIT,LINKUSDT,240,1776974400000,9.265,9.354,9.26,9.341,595568.0,5536156.6378,1
BYBIT,LINKUSDT,240,1776988800000,9.341,9.387,9.248,9.288,422179.0,3940539.3077,1
BYBIT,LINKUSDT,240,1777003200000,9.288,9.309,9.24,9.285,301500.1,2796394.1718,1
BYBIT,LINKUSDT,240,1777017600000,9.285,9.377,9.245,9.349,465958.0,4337182.8451,1
BYBIT,LINKUSDT,240,1777032000000,9.349,9.392,9.289,9.365,544858.9,5091843.8604,1
BYBIT,LINKUSDT,240,1777046400000,9.365,9.427,9.321,9.401,360330.0,3376407.1764,1
BYBIT,LINKUSDT,240,1777060800000,9.401,9.44,9.346,9.37,295185.9,2773849.859,1
BYBIT,LINKUSDT,240,1777075200000,9.37,9.426,9.342,9.416,206252.4,1936529.7246,1
BYBIT,LINKUSDT,240,1777089600000,9.416,9.442,9.387,9.395,209354.7,1970567.5241,1
BYBIT,LINKUSDT,240,1777104000000,9.395,9.431,9.364,9.383,179893.5,1691717.8907,1
BYBIT,LINKUSDT,240,1777118400000,9.383,9.413,9.324,9.341,320231.2,3003248.1861,1
BYBIT,LINKUSDT,240,1777132800000,9.341,9.358,9.283,9.3,395992.6,3686471.53,1
BYBIT,LINKUSDT,240,1777147200000,9.3,9.359,9.288,9.341,224404.0,2093485.9874,1
BYBIT,LINKUSDT,240,1777161600000,9.341,9.342,9.293,9.318,278498.7,2593339.5796,1
BYBIT,LINKUSDT,240,1777176000000,9.318,9.418,9.308,9.414,381233.0,3578616.8653,1
BYBIT,LINKUSDT,240,1777190400000,9.414,9.481,9.398,9.462,366768.9,3460308.6044,1
BYBIT,LINKUSDT,240,1777204800000,9.462,9.493,9.412,9.486,365707.9,3458730.6962,1
BYBIT,LINKUSDT,240,1777219200000,9.486,9.53,9.423,9.475,496105.1,4699824.7705,1
BYBIT,LINKUSDT,240,1777233600000,9.475,9.517,9.408,9.479,569790.4,5394295.7859,1
BYBIT,LINKUSDT,240,1777248000000,9.479,9.588,9.436,9.541,722788.5,6888981.2301,1
BYBIT,LINKUSDT,240,1777262400000,9.541,9.557,9.295,9.304,1172672.1,11000804.9631,1
BYBIT,LINKUSDT,240,1777276800000,9.304,9.354,9.296,9.329,469830.4,4381163.4693,1
BYBIT,LINKUSDT,240,1777291200000,9.329,9.363,9.147,9.18,1169828.7,10827800.1602,1
BYBIT,LINKUSDT,240,1777305600000,9.18,9.246,9.157,9.215,508891.4,4684701.5413,1
BYBIT,LINKUSDT,240,1777320000000,9.215,9.327,9.206,9.315,324433.9,2999542.3735,1
BYBIT,LINKUSDT,240,1777334400000,9.315,9.324,9.243,9.28,308712.9,2866329.6954,1
BYBIT,LINKUSDT,240,1777348800000,9.28,9.31,9.203,9.253,385879.2,3571827.5857,1
BYBIT,LINKUSDT,240,1777363200000,9.253,9.273,9.176,9.199,270371.8,2493698.6443,1
BYBIT,LINKUSDT,240,1777377600000,9.199,9.244,9.142,9.218,710438.3,6530329.3142,1
BYBIT,LINKUSDT,240,1777392000000,9.218,9.277,9.187,9.273,343242.4,3168454.3078,1
BYBIT,LINKUSDT,240,1777406400000,9.273,9.285,9.218,9.236,242127.4,2239100.5612,1
BYBIT,LINKUSDT,240,1777420800000,9.236,9.317,9.208,9.304,501324.1,4645807.8153,1
BYBIT,LINKUSDT,240,1777435200000,9.304,9.393,9.295,9.314,404703.2,3782386.8893,1
BYBIT,LINKUSDT,240,1777449600000,9.314,9.411,9.261,9.352,530836.9,4964374.5117,1
BYBIT,LINKUSDT,240,1777464000000,9.352,9.354,9.073,9.094,1226764.6,11281566.29,1
BYBIT,LINKUSDT,240,1777478400000,9.094,9.159,8.904,9.009,1450421.9,13070890.4948,1
BYBIT,LINKUSDT,240,1777492800000,9.009,9.133,9.005,9.108,414642.3,3761049.2254,1
BYBIT,LINKUSDT,240,1777507200000,9.108,9.183,9.056,9.103,414449.7,3780634.7193,1
BYBIT,LINKUSDT,240,1777521600000,9.103,9.125,9.015,9.123,335341.3,3041924.5923,1
BYBIT,LINKUSDT,240,1777536000000,9.123,9.162,9.091,9.12,380367.7,3469168.6005,1
BYBIT,LINKUSDT,240,1777550400000,9.12,9.169,9.078,9.131,398929.5,3641795.2178,1
BYBIT,LINKUSDT,240,1777564800000,9.131,9.148,9.085,9.127,186874.7,1704369.0702,1
BYBIT,LINKUSDT,240,1777579200000,9.127,9.143,9.08,9.099,179518.3,1635325.0295,1
BYBIT,LINKUSDT,240,1777593600000,9.099,9.206,9.099,9.162,340906.1,3117442.1146,1
BYBIT,LINKUSDT,240,1777608000000,9.162,9.177,9.125,9.148,284201.1,2600815.2912,1
BYBIT,LINKUSDT,240,1777622400000,9.148,9.187,9.113,9.144,284249.5,2600843.6082,1
BYBIT,LINKUSDT,240,1777636800000,9.144,9.272,9.138,9.222,931536.9,8589533.8559,1
BYBIT,LINKUSDT,240,1777651200000,9.222,9.247,9.163,9.171,346817.7,3190099.901,1
BYBIT,LINKUSDT,240,1777665600000,9.171,9.177,9.061,9.092,512146.3,4663104.8847,1
BYBIT,LINKUSDT,240,1777680000000,9.092,9.128,9.079,9.112,237942.2,2165653.1619,1
BYBIT,LINKUSDT,240,1777694400000,9.112,9.113,9.061,9.078,206518.8,1876326.8539,1
BYBIT,LINKUSDT,240,1777708800000,9.078,9.096,9.066,9.071,197908.4,1797241.8205,1
BYBIT,LINKUSDT,240,1777723200000,9.071,9.2,9.069,9.158,812599.1,7423487.5939,1
BYBIT,LINKUSDT,240,1777737600000,9.158,9.172,9.114,9.161,243743.7,2229778.7587,1
BYBIT,LINKUSDT,240,1777752000000,9.161,9.249,9.155,9.173,387067.3,3559217.1837,1
BYBIT,LINKUSDT,240,1777766400000,9.173,9.179,9.072,9.088,285309.8,2599450.6332,1
BYBIT,LINKUSDT,240,1777780800000,9.088,9.127,9.064,9.111,265197.6,2411167.5718,1
BYBIT,LINKUSDT,240,1777795200000,9.111,9.197,9.103,9.169,442018.7,4041859.0202,1
BYBIT,LINKUSDT,240,1777809600000,9.169,9.204,9.116,9.149,832486.6,7623442.9708,1
BYBIT,LINKUSDT,240,1777824000000,9.149,9.171,9.13,9.155,214145.6,1959879.1085,1
BYBIT,LINKUSDT,240,1777838400000,9.155,9.218,9.107,9.122,578760.0,5302095.9816,1
BYBIT,LINKUSDT,240,1777852800000,9.122,9.352,9.081,9.344,1327471.0,12263477.8847,1
BYBIT,LINKUSDT,240,1777867200000,9.344,9.396,9.251,9.318,599931.3,5595612.6405,1
BYBIT,LINKUSDT,240,1777881600000,9.318,9.649,9.283,9.421,3304241.4,31133013.9551,1
BYBIT,LINKUSDT,240,1777896000000,9.421,9.54,9.342,9.412,1281945.2,12092673.4123,1
BYBIT,LINKUSDT,240,1777910400000,9.412,9.507,9.34,9.388,807238.4,7600837.8092,1
BYBIT,LINKUSDT,240,1777924800000,9.388,9.419,9.313,9.351,524029.7,4907098.9463,1
BYBIT,LINKUSDT,240,1777939200000,9.351,9.542,9.348,9.503,631713.2,5964694.9248,1
BYBIT,LINKUSDT,240,1777953600000,9.503,9.629,9.492,9.601,632117.1,6042577.9242,1
BYBIT,LINKUSDT,240,1777968000000,9.601,9.731,9.506,9.73,1724276.7,16562915.3872,1
BYBIT,LINKUSDT,240,1777982400000,9.73,9.81,9.633,9.72,968567.6,9414326.8746,1
BYBIT,LINKUSDT,240,1777996800000,9.72,9.74,9.663,9.723,334783.8,3248824.7714,1
BYBIT,LINKUSDT,240,1778011200000,9.723,9.846,9.718,9.762,712691.9,6971899.2582,1
BYBIT,LINKUSDT,240,1778025600000,9.762,9.867,9.752,9.853,557053.7,5462869.2733,1
BYBIT,LINKUSDT,240,1778040000000,9.853,9.912,9.782,9.87,642511.9,6333284.3866,1
BYBIT,LINKUSDT,240,1778054400000,9.87,10.244,9.861,10.175,1873767.4,18913496.8919,1
BYBIT,LINKUSDT,240,1778068800000,10.175,10.205,9.873,10.028,1567891.0,15704615.7035,1
BYBIT,LINKUSDT,240,1778083200000,10.028,10.07,9.937,10.011,662125.0,6618596.906,1
BYBIT,LINKUSDT,240,1778097600000,10.011,10.053,9.93,9.991,441629.7,4414245.1802,1
BYBIT,LINKUSDT,240,1778112000000,9.991,10.005,9.842,9.861,551934.8,5465312.9788,1
BYBIT,LINKUSDT,240,1778126400000,9.861,10.127,9.854,10.111,575912.5,5765418.9975,1
BYBIT,LINKUSDT,240,1778140800000,10.111,10.116,9.95,10.021,567741.2,5690889.3852,1
BYBIT,LINKUSDT,240,1778155200000,10.021,10.071,9.797,9.861,999258.3,9898827.6081,1
BYBIT,LINKUSDT,240,1778169600000,9.861,9.945,9.8,9.888,550166.6,5441037.3294,1
BYBIT,LINKUSDT,240,1778184000000,9.888,9.946,9.803,9.842,428178.2,4217464.1848,1
BYBIT,LINKUSDT,240,1778198400000,9.842,9.881,9.761,9.853,460604.6,4525741.3684,1
BYBIT,LINKUSDT,240,1778212800000,9.853,9.889,9.791,9.887,315001.9,3100066.5339,1
BYBIT,LINKUSDT,240,1778227200000,9.887,9.947,9.831,9.932,1075057.5,10639790.5178,1
BYBIT,LINKUSDT,240,1778241600000,9.932,10.098,9.88,10.09,1104859.8,11023023.7451,1
BYBIT,LINKUSDT,240,1778256000000,10.09,10.493,10.031,10.372,1950550.4,20097376.5106,1
BYBIT,LINKUSDT,240,1778270400000,10.372,10.391,10.273,10.341,791683.1,8179690.8221,1
BYBIT,LINKUSDT,240,1778284800000,10.341,10.607,10.312,10.537,978077.9,10273405.9076,1
BYBIT,LINKUSDT,240,1778299200000,10.537,10.605,10.445,10.457,623340.1,6549270.7145,1
BYBIT,LINKUSDT,240,1778313600000,10.457,10.503,10.392,10.455,621614.7,6486250.9879,1
BYBIT,LINKUSDT,240,1778328000000,10.455,10.475,10.277,10.329,833082.0,8629799.948,1
BYBIT,LINKUSDT,240,1778342400000,10.329,10.45,10.29,10.436,503337.6,5225651.769,1
BYBIT,LINKUSDT,240,1778356800000,10.436,10.44,10.349,10.368,252994.0,2629523.039,1
BYBIT,LINKUSDT,240,1778371200000,10.368,10.392,10.279,10.345,571139.2,5902073.6263,1
BYBIT,LINKUSDT,240,1778385600000,10.345,10.45,10.327,10.415,342363.3,3554067.7961,1
BYBIT,LINKUSDT,240,1778400000000,10.415,10.543,10.409,10.472,562406.5,5895918.5278,1
BYBIT,LINKUSDT,240,1778414400000,10.472,10.619,10.44,10.613,651157.2,6872532.3318,1
BYBIT,LINKUSDT,240,1778428800000,10.613,10.861,10.582,10.835,1212464.4,13020949.1235,1
BYBIT,LINKUSDT,240,1778443200000,10.835,10.865,10.426,10.716,1736350.2,18461484.5202,1
BYBIT,LINKUSDT,240,1778457600000,10.716,10.752,10.423,10.521,940213.7,9961243.2805,1
BYBIT,LINKUSDT,240,1778472000000,10.521,10.608,10.457,10.521,462089.7,4870241.1266,1
BYBIT,LINKUSDT,240,1778486400000,10.521,10.651,10.505,10.574,466380.5,4929685.5744,1
BYBIT,LINKUSDT,240,1778500800000,10.574,10.594,10.375,10.574,1018237.0,10689936.8502,1
BYBIT,LINKUSDT,240,1778515200000,10.574,10.688,10.53,10.675,869648.4,9238367.6248,1
BYBIT,LINKUSDT,240,1778529600000,10.675,10.701,10.535,10.589,464055.0,4921822.5295,1
BYBIT,LINKUSDT,240,1778544000000,10.589,10.589,10.391,10.459,538899.0,5655313.2708,1
BYBIT,LINKUSDT,240,1778558400000,10.459,10.518,10.378,10.43,339032.0,3545899.9413,1
BYBIT,LINKUSDT,240,1778572800000,10.43,10.443,10.224,10.259,963831.0,9931529.1306,1
BYBIT,LINKUSDT,240,1778587200000,10.259,10.354,10.1,10.152,2189445.4,22435610.7403,1
BYBIT,LINKUSDT,240,1778601600000,10.152,10.322,10.12,10.315,726063.1,7416045.2935,1
BYBIT,LINKUSDT,240,1778616000000,10.315,10.351,10.278,10.281,263873.7,2720596.6226,1
BYBIT,LINKUSDT,240,1778630400000,10.281,10.477,10.264,10.465,553231.1,5744365.5782,1
BYBIT,LINKUSDT,240,1778644800000,10.465,10.577,10.389,10.571,685121.2,7191719.0949,1
BYBIT,LINKUSDT,240,1778659200000,10.571,10.799,10.469,10.48,1207815.6,12852379.2453,1
BYBIT,LINKUSDT,240,1778673600000,10.48,10.508,10.032,10.062,2512999.1,25721816.1758,1
BYBIT,LINKUSDT,240,1778688000000,10.062,10.242,10.053,10.163,613653.9,6240202.1351,1
BYBIT,LINKUSDT,240,1778702400000,10.163,10.227,10.112,10.21,391507.8,3982655.2154,1
BYBIT,LINKUSDT,240,1778716800000,10.21,10.268,10.086,10.106,566625.3,5771657.5552,1
BYBIT,LINKUSDT,240,1778731200000,10.106,10.321,10.088,10.22,498646.3,5106480.0434,1
BYBIT,LINKUSDT,240,1778745600000,10.22,10.289,10.179,10.232,448598.0,4589670.5906,1
BYBIT,LINKUSDT,240,1778760000000,10.232,10.656,10.203,10.632,1553164.4,16148784.4618,1
BYBIT,LINKUSDT,240,1778774400000,10.632,10.773,10.561,10.623,1990996.4,21237951.117,1
BYBIT,LINKUSDT,240,1778788800000,10.623,10.643,10.458,10.477,577188.2,6092958.7701,1
BYBIT,LINKUSDT,240,1778803200000,10.477,10.555,10.344,10.411,708422.2,7391790.9058,1
BYBIT,LINKUSDT,240,1778817600000,10.411,10.415,10.201,10.368,873019.7,8987854.8014,1
BYBIT,LINKUSDT,240,1778832000000,10.368,10.371,10.244,10.3,626145.8,6456017.2371,1
BYBIT,LINKUSDT,240,1778846400000,10.3,10.308,9.959,10.022,1879867.4,18969238.463,1
BYBIT,LINKUSDT,240,1778860800000,10.022,10.132,9.998,10.058,512387.2,5163604.9453,1
BYBIT,LINKUSDT,240,1778875200000,10.058,10.081,10.019,10.064,411647.7,4136867.1204,1
BYBIT,LINKUSDT,240,1778889600000,10.064,10.099,10.033,10.059,286221.6,2881138.2007,1
BYBIT,LINKUSDT,240,1778904000000,10.059,10.059,9.72,9.815,1579441.3,15625698.3798,1
BYBIT,LINKUSDT,240,1778918400000,9.815,9.834,9.612,9.645,1087831.2,10551319.8241,1
BYBIT,LINKUSDT,240,1778932800000,9.645,9.712,9.619,9.704,644653.6,6225599.5959,1
BYBIT,LINKUSDT,240,1778947200000,9.704,9.775,9.695,9.742,335162.5,3266112.9372,1
BYBIT,LINKUSDT,240,1778961600000,9.742,9.772,9.704,9.712,208743.5,2032708.3766,1
BYBIT,LINKUSDT,240,1778976000000,9.712,9.73,9.625,9.718,477008.1,4619350.4372,1
BYBIT,LINKUSDT,240,1778990400000,9.718,9.821,9.712,9.772,266049.8,2599037.9015,1
BYBIT,LINKUSDT,240,1779004800000,9.772,9.849,9.744,9.788,403057.7,3946333.8647,1
BYBIT,LINKUSDT,240,1779019200000,9.788,9.835,9.648,9.709,1452419.4,14158040.0553,1
BYBIT,LINKUSDT,240,1779033600000,9.709,9.762,9.647,9.748,348502.2,3379372.5435,1
BYBIT,LINKUSDT,240,1779048000000,9.748,9.772,9.31,9.56,2008684.7,19117919.4442,1
BYBIT,LINKUSDT,240,1779062400000,9.56,9.577,9.448,9.508,785520.4,7477791.9697,1
BYBIT,LINKUSDT,240,1779076800000,9.508,9.568,9.42,9.468,764668.1,7248130.8391,1
BYBIT,LINKUSDT,240,1779091200000,9.468,9.563,9.397,9.509,498919.9,4721575.8193,1
BYBIT,LINKUSDT,240,1779105600000,9.509,9.602,9.339,9.419,1411168.7,13340882.3725,1
BYBIT,LINKUSDT,240,1779120000000,9.419,9.53,9.295,9.507,993387.6,9335460.4406,1
BYBIT,LINKUSDT,240,1779134400000,9.507,9.615,9.468,9.601,493075.7,4710943.7657,1
BYBIT,LINKUSDT,240,1779148800000,9.601,9.724,9.575,9.696,595300.5,5744171.1442,1
BYBIT,LINKUSDT,240,1779163200000,9.696,9.824,9.655,9.792,698739.7,6808061.5714,1
BYBIT,LINKUSDT,240,1779177600000,9.792,9.793,9.529,9.538,749169.3,7218470.6879,1
BYBIT,LINKUSDT,240,1779192000000,9.538,9.612,9.432,9.485,1115308.6,10624265.7797,1
BYBIT,LINKUSDT,240,1779206400000,9.485,9.559,9.451,9.465,549711.2,5225068.6994,1
BYBIT,LINKUSDT,240,1779220800000,9.465,9.493,9.429,9.445,280525.1,2655465.857,1
BYBIT,LINKUSDT,240,1779235200000,9.445,9.511,9.374,9.485,888919.9,8392078.957,1
BYBIT,LINKUSDT,240,1779249600000,9.485,9.626,9.457,9.575,515614.4,4931777.8166,1
BYBIT,LINKUSDT,240,1779264000000,9.575,9.637,9.525,9.543,409206.1,3922483.616,1
BYBIT,LINKUSDT,240,1779278400000,9.543,9.654,9.478,9.626,1046159.5,10030436.3981,1
BYBIT,LINKUSDT,240,1779292800000,9.626,9.691,9.56,9.654,837073.9,8063882.8985,1
BYBIT,LINKUSDT,240,1779307200000,9.654,9.666,9.564,9.63,367344.6,3535780.1627,1
BYBIT,LINKUSDT,240,1779321600000,9.63,9.765,9.625,9.756,514580.2,4993961.766,1
BYBIT,LINKUSDT,240,1779336000000,9.756,9.772,9.62,9.688,437120.3,4233910.9468,1
BYBIT,LINKUSDT,240,1779350400000,9.688,9.758,9.513,9.545,730322.3,7020953.5954,1
BYBIT,LINKUSDT,240,1779364800000,9.545,9.683,9.519,9.643,811458.0,7783276.6179,1
BYBIT,LINKUSDT,240,1779379200000,9.643,9.852,9.603,9.798,1410539.5,13758294.4113,1
BYBIT,LINKUSDT,240,1779393600000,9.798,9.811,9.691,9.752,584906.5,5706210.3776,1
BYBIT,LINKUSDT,240,1779408000000,9.752,9.833,9.707,9.822,428614.9,4187398.7302,1
BYBIT,LINKUSDT,240,1779422400000,9.822,9.863,9.747,9.818,664634.4,6519227.6887,1
BYBIT,LINKUSDT,240,1779436800000,9.818,9.893,9.757,9.888,753316.8,7399054.3004,1
BYBIT,LINKUSDT,240,1779451200000,9.888,10.032,9.734,9.803,1833874.6,18167745.1454,1
BYBIT,LINKUSDT,240,1779465600000,9.803,9.854,9.366,9.462,3099495.2,29738387.0463,1
BYBIT,LINKUSDT,240,1779480000000,9.462,9.57,9.354,9.413,996195.6,9434331.1145,1
BYBIT,LINKUSDT,240,1779494400000,9.413,9.433,9.336,9.401,452656.5,4251407.2796,1
BYBIT,LINKUSDT,240,1779508800000,9.401,9.406,9.044,9.12,1490204.8,13711894.6473,1
BYBIT,LINKUSDT,240,1779523200000,9.12,9.213,9.091,9.177,677361.2,6198839.5097,1
BYBIT,LINKUSDT,240,1779537600000,9.177,9.362,9.143,9.313,1127199.8,10449520.7459,1
BYBIT,LINKUSDT,240,1779552000000,9.313,9.424,9.279,9.399,447710.3,4186860.8526,1
BYBIT,LINKUSDT,240,1779566400000,9.399,9.78,9.383,9.557,1569557.0,15067756.8983,1
BYBIT,LINKUSDT,240,1779580800000,9.557,9.614,9.52,9.536,326796.6,3128529.1717,1
BYBIT,LINKUSDT,240,1779595200000,9.536,9.63,9.488,9.554,847528.1,8101260.2693,1
BYBIT,LINKUSDT,240,1779609600000,9.554,9.646,9.537,9.593,373981.7,3588380.4799,1
BYBIT,LINKUSDT,240,1779624000000,9.593,9.595,9.336,9.427,618670.6,5848919.2608,1
BYBIT,LINKUSDT,240,1779638400000,9.427,9.48,9.404,9.426,284873.4,2690043.3294,1
BYBIT,LINKUSDT,240,1779652800000,9.426,9.454,9.244,9.426,705536.4,6609058.9963,1
BYBIT,LINKUSDT,240,1779667200000,9.426,9.487,9.361,9.387,338032.8,3187174.4091,1
BYBIT,LINKUSDT,240,1779681600000,9.387,9.544,9.379,9.519,602563.6,5712257.3653,1
BYBIT,LINKUSDT,240,1779696000000,9.519,9.611,9.491,9.529,663544.3,6342681.4319,1
BYBIT,LINKUSDT,240,1779710400000,9.529,9.656,9.515,9.597,424628.5,4070982.3857,1
BYBIT,LINKUSDT,240,1779724800000,9.597,9.669,9.522,9.551,296523.1,2842970.8614,1
BYBIT,LINKUSDT,240,1779739200000,9.551,9.571,9.443,9.501,420656.5,3995503.1986,1
BYBIT,LINKUSDT,240,1779753600000,9.501,9.505,9.356,9.41,490364.5,4619768.5513,1
BYBIT,LINKUSDT,240,1779768000000,9.41,9.562,9.402,9.48,448754.4,4259465.224,1
BYBIT,LINKUSDT,240,1779782400000,9.48,9.639,9.456,9.569,1009018.7,9647035.7053,1
BYBIT,LINKUSDT,240,1779796800000,9.569,9.679,9.394,9.468,1156469.7,11026917.3802,1
BYBIT,LINKUSDT,240,1779811200000,9.468,9.474,9.322,9.396,1256132.8,11813210.8314,1
BYBIT,LINKUSDT,240,1779825600000,9.396,9.422,9.341,9.379,357627.8,3354247.1396,1
BYBIT,LINKUSDT,240,1779840000000,9.379,9.467,9.378,9.39,375506.4,3540145.9203,1
BYBIT,LINKUSDT,240,1779854400000,9.39,9.449,9.283,9.435,631576.1,5921164.0519,1
BYBIT,LINKUSDT,240,1779868800000,9.435,9.443,9.329,9.353,493435.3,4627452.389,1
BYBIT,LINKUSDT,240,1779883200000,9.353,9.484,9.266,9.432,1368291.6,12842853.7999,1
BYBIT,LINKUSDT,240,1779897600000,9.432,9.455,9.219,9.32,542063.9,5044102.0227,1
BYBIT,LINKUSDT,240,1779912000000,9.32,9.352,9.1,9.133,870032.9,7995362.9415,1
BYBIT,LINKUSDT,240,1779926400000,9.133,9.151,8.874,8.881,1726182.2,15552266.9273,1
BYBIT,LINKUSDT,240,1779940800000,8.881,8.909,8.757,8.897,1599602.2,14126141.9648,1
BYBIT,LINKUSDT,240,1779955200000,8.897,8.928,8.837,8.86,432188.8,3836182.897,1
BYBIT,LINKUSDT,240,1779969600000,8.86,8.961,8.786,8.893,1060053.9,9401037.3373,1
BYBIT,LINKUSDT,240,1779984000000,8.893,9.088,8.859,8.989,842723.7,7596472.2736,1
BYBIT,LINKUSDT,240,1779998400000,8.989,9.064,8.958,8.999,401946.8,3621971.5312,1
BYBIT,LINKUSDT,240,1780012800000,8.999,9.046,8.935,8.94,261728.7,2355737.5885,1
BYBIT,LINKUSDT,240,1780027200000,8.94,9.041,8.906,8.997,334507.0,3002823.9441,1
BYBIT,LINKUSDT,240,1780041600000,8.997,9.05,8.913,8.94,278052.0,2499163.2534,1
BYBIT,LINKUSDT,240,1780056000000,8.94,9.133,8.789,9.065,1730266.6,15492172.2347,1
BYBIT,LINKUSDT,240,1780070400000,9.065,9.128,8.92,8.997,841106.7,7602901.925,1
BYBIT,LINKUSDT,240,1780084800000,8.997,9.045,8.948,9.018,400837.5,3607569.7422,1
BYBIT,LINKUSDT,240,1780099200000,9.018,9.311,9.016,9.238,824858.2,7565979.383,1
BYBIT,LINKUSDT,240,1780113600000,9.238,9.273,9.082,9.156,806555.9,7386051.8824,1
BYBIT,LINKUSDT,240,1780128000000,9.156,9.175,9.108,9.134,238919.7,2182548.8594,1
BYBIT,LINKUSDT,240,1780142400000,9.134,9.236,9.125,9.197,396225.5,3636744.9219,1
BYBIT,LINKUSDT,240,1780156800000,9.197,9.262,9.182,9.258,266913.5,2463359.5865,1
BYBIT,LINKUSDT,240,1780171200000,9.258,9.287,9.153,9.185,465221.0,4289766.3484,1
BYBIT,LINKUSDT,240,1780185600000,9.185,9.296,9.177,9.256,420728.0,3886122.7679,1
BYBIT,LINKUSDT,240,1780200000000,9.256,9.26,9.168,9.197,549819.7,5069134.8328,1
BYBIT,LINKUSDT,240,1780214400000,9.197,9.271,9.152,9.225,687999.3,6331925.9414,1
BYBIT,LINKUSDT,240,1780228800000,9.225,9.264,9.044,9.089,1164998.9,10635523.8147,1
BYBIT,LINKUSDT,240,1780243200000,9.089,9.106,8.979,9.033,867624.5,7830752.6848,1
BYBIT,LINKUSDT,240,1780257600000,9.033,9.216,9.033,9.143,418099.5,3810726.5351,1
BYBIT,LINKUSDT,240,1780272000000,9.143,9.207,9.023,9.173,476040.5,4351102.9325,1
BYBIT,LINKUSDT,240,1780286400000,9.173,9.192,8.951,8.963,755841.3,6827678.6917,1
BYBIT,LINKUSDT,240,1780300800000,8.963,9.045,8.927,8.995,782533.0,7041264.0359,1
BYBIT,LINKUSDT,240,1780315200000,8.995,9.034,8.842,8.909,1735070.4,15483682.8747,1
BYBIT,LINKUSDT,240,1780329600000,8.909,9.106,8.858,9.077,835251.2,7534459.577,1
BYBIT,LINKUSDT,240,1780344000000,9.077,9.082,8.94,9.052,452119.1,4077651.2769,1
BYBIT,LINKUSDT,240,1780358400000,9.052,9.067,8.802,9.014,1013165.4,9069715.7258,1
BYBIT,LINKUSDT,240,1780372800000,9.014,9.028,8.779,8.839,1305362.2,11600477.4842,1
BYBIT,LINKUSDT,240,1780387200000,8.839,8.863,8.767,8.812,597368.8,5268191.7541,1
BYBIT,LINKUSDT,240,1780401600000,8.812,8.872,8.472,8.563,2840966.5,24566059.1318,1
BYBIT,LINKUSDT,240,1780416000000,8.563,8.742,8.368,8.519,1932063.8,16558586.0981,1
BYBIT,LINKUSDT,240,1780430400000,8.519,8.584,8.239,8.369,1689677.3,14181979.2181,1
BYBIT,LINKUSDT,240,1780444800000,8.369,8.435,8.164,8.222,1031709.7,8592511.7048,1
BYBIT,LINKUSDT,240,1780459200000,8.222,8.566,8.22,8.541,896801.3,7581580.8393,1
BYBIT,LINKUSDT,240,1780473600000,8.541,8.612,8.462,8.531,539253.7,4600393.6028,1
BYBIT,LINKUSDT,240,1780488000000,8.531,8.556,8.369,8.376,924479.9,7827016.3611,1
BYBIT,LINKUSDT,240,1780502400000,8.376,8.39,8.181,8.206,2009594.8,16657378.9844,1
BYBIT,LINKUSDT,240,1780516800000,8.206,8.462,8.095,8.329,1277704.0,10574878.4223,1
BYBIT,LINKUSDT,240,1780531200000,8.329,8.392,7.784,8.291,2837193.0,22922874.1719,1
BYBIT,LINKUSDT,240,1780545600000,8.291,8.33,8.054,8.062,980579.8,7994149.5588,1
BYBIT,LINKUSDT,240,1780560000000,8.062,8.089,7.796,7.934,1778940.1,14068587.4749,1
BYBIT,LINKUSDT,240,1780574400000,7.934,8.129,7.896,8.044,1304218.8,10491568.9316,1
BYBIT,LINKUSDT,240,1780588800000,8.044,8.128,7.953,8.053,777738.4,6255317.2165,1
BYBIT,LINKUSDT,240,1780603200000,8.053,8.069,7.879,8.011,948063.9,7549315.3382,1
BYBIT,LINKUSDT,240,1780617600000,8.011,8.034,7.76,7.784,1280308.5,10094098.8124,1
BYBIT,LINKUSDT,240,1780632000000,7.784,7.893,7.327,7.623,3808485.7,28891917.9354,1
BYBIT,LINKUSDT,240,1780646400000,7.623,7.675,7.498,7.552,1564001.2,11867563.3942,1
BYBIT,LINKUSDT,240,1780660800000,7.552,7.656,7.236,7.288,4775663.5,35539108.603,1
BYBIT,LINKUSDT,240,1780675200000,7.288,7.512,7.11,7.301,4351259.5,31824072.7934,1
BYBIT,LINKUSDT,240,1780689600000,7.301,7.547,7.213,7.359,2133718.7,15813938.0219,1
BYBIT,LINKUSDT,240,1780704000000,7.359,7.449,7.243,7.27,789788.2,5814585.0908,1
BYBIT,LINKUSDT,240,1780718400000,7.27,7.4,6.989,7.392,2473490.2,17803540.5101,1
BYBIT,LINKUSDT,240,1780732800000,7.392,7.467,7.193,7.313,1706200.8,12499708.3027,1
BYBIT,LINKUSDT,240,1780747200000,7.313,7.434,7.273,7.376,1111008.7,8174025.5467,1
BYBIT,LINKUSDT,240,1780761600000,7.376,7.412,7.289,7.297,868127.5,6368487.4572,1
BYBIT,LINKUSDT,240,1780776000000,7.297,7.403,7.277,7.391,575975.3,4225904.434,1
BYBIT,LINKUSDT,240,1780790400000,7.391,7.601,7.369,7.576,1032932.3,7776428.1576,1
BYBIT,LINKUSDT,240,1780804800000,7.576,7.725,7.526,7.713,848057.3,6486755.2135,1
BYBIT,LINKUSDT,240,1780819200000,7.713,7.854,7.666,7.756,813110.0,6307710.9914,1
BYBIT,LINKUSDT,240,1780833600000,7.756,7.792,7.61,7.722,933233.1,7179262.5751,1
BYBIT,LINKUSDT,240,1780848000000,7.722,7.775,7.549,7.59,674634.8,5172995.3408,1
BYBIT,LINKUSDT,240,1780862400000,7.59,8.039,7.567,7.914,1768749.0,13915342.2349,1
BYBIT,LINKUSDT,240,1780876800000,7.914,8.013,7.817,7.851,1053219.6,8331070.7468,1
BYBIT,LINKUSDT,240,1780891200000,7.851,7.932,7.717,7.903,676868.7,5289257.0732,1
BYBIT,LINKUSDT,240,1780905600000,7.903,8.002,7.832,7.963,920304.6,7276881.6708,1
BYBIT,LINKUSDT,240,1780920000000,7.963,8.109,7.872,8.022,1382430.2,11056723.5621,1
BYBIT,LINKUSDT,240,1780934400000,8.022,8.075,7.956,8.058,536071.7,4300226.5154,1
BYBIT,LINKUSDT,240,1780948800000,8.058,8.12,7.969,7.992,449326.4,3613930.0179,1
BYBIT,LINKUSDT,240,1780963200000,7.992,8.008,7.79,7.877,1103564.7,8684651.9664,1
BYBIT,LINKUSDT,240,1780977600000,7.877,8.02,7.846,7.931,784797.8,6241916.1359,1
BYBIT,LINKUSDT,240,1780992000000,7.931,7.934,7.831,7.879,574053.1,4521218.9801,1
BYBIT,LINKUSDT,240,1781006400000,7.879,7.948,7.706,7.717,1417080.2,11078827.8525,1
BYBIT,LINKUSDT,240,1781020800000,7.717,7.896,7.645,7.869,1095744.7,8515355.3471,1
BYBIT,LINKUSDT,240,1781035200000,7.869,7.926,7.797,7.834,419685.2,3299569.6938,1
BYBIT,LINKUSDT,240,1781049600000,7.834,7.87,7.71,7.745,376229.2,2932981.4942,1
BYBIT,LINKUSDT,240,1781064000000,7.745,7.801,7.651,7.774,460653.9,3555584.3039,1
BYBIT,LINKUSDT,240,1781078400000,7.774,7.777,7.605,7.64,1316717.5,10094733.7828,1
BYBIT,LINKUSDT,240,1781092800000,7.64,7.895,7.623,7.8,1886599.2,14646495.9499,1
BYBIT,LINKUSDT,240,1781107200000,7.8,7.817,7.59,7.612,1440929.9,11049316.4517,1
BYBIT,LINKUSDT,240,1781121600000,7.612,7.633,7.475,7.554,1070819.9,8078449.6402,1
BYBIT,LINKUSDT,240,1781136000000,7.554,7.853,7.554,7.799,1117345.8,8641251.8854,1
BYBIT,LINKUSDT,240,1781150400000,7.799,7.821,7.743,7.766,453748.0,3530150.899,1
BYBIT,LINKUSDT,240,1781164800000,7.766,7.879,7.766,7.853,674567.7,5274033.3042,1
BYBIT,LINKUSDT,240,1781179200000,7.853,7.855,7.705,7.753,1293465.3,10060033.7305,1
BYBIT,LINKUSDT,240,1781193600000,7.753,7.979,7.681,7.938,1841638.6,14446906.1794,1
BYBIT,LINKUSDT,240,1781208000000,7.938,7.954,7.867,7.882,496248.8,3925809.157,1
BYBIT,LINKUSDT,240,1781222400000,7.882,7.93,7.846,7.9,296100.7,2335888.5642,1
BYBIT,LINKUSDT,240,1781236800000,7.9,7.93,7.75,7.809,357316.2,2799215.4671,1
BYBIT,LINKUSDT,240,1781251200000,7.809,7.937,7.808,7.895,386169.5,3046276.4119,1
BYBIT,LINKUSDT,240,1781265600000,7.895,8.006,7.779,7.811,1071213.6,8451231.0949,1
BYBIT,LINKUSDT,240,1781280000000,7.811,7.918,7.794,7.834,467956.1,3677381.9683,1
BYBIT,LINKUSDT,240,1781294400000,7.834,7.869,7.813,7.862,202968.8,1591713.341,1
BYBIT,LINKUSDT,240,1781308800000,7.862,7.944,7.855,7.888,238414.6,1883701.9093,1
BYBIT,LINKUSDT,240,1781323200000,7.888,7.965,7.853,7.957,304320.3,2407866.6086,1
BYBIT,LINKUSDT,240,1781337600000,7.957,7.988,7.939,7.984,282614.6,2250569.9041,1
BYBIT,LINKUSDT,240,1781352000000,7.984,8.037,7.969,8.021,355317.1,2842080.9188,1
BYBIT,LINKUSDT,240,1781366400000,8.021,8.024,7.936,7.985,472727.9,3772329.9771,1
BYBIT,LINKUSDT,240,1781380800000,7.985,8.06,7.95,7.98,283547.9,2263918.5748,1
BYBIT,LINKUSDT,240,1781395200000,7.98,8.001,7.944,7.958,227529.2,1812165.5661,1
BYBIT,LINKUSDT,240,1781409600000,7.958,7.96,7.88,7.9,306145.9,2424882.0818,1
BYBIT,LINKUSDT,240,1781424000000,7.9,7.946,7.877,7.922,212258.8,1680885.2923,1
BYBIT,LINKUSDT,240,1781438400000,7.922,7.926,7.791,7.836,338718.6,2659331.3486,1
BYBIT,LINKUSDT,240,1781452800000,7.836,7.872,7.779,7.815,399935.9,3128561.3291,1
BYBIT,LINKUSDT,240,1781467200000,7.815,8.179,7.802,8.175,1536770.4,12271801.8798,1
BYBIT,LINKUSDT,240,1781481600000,8.175,8.213,8.1,8.191,485739.6,3967212.5171,1
BYBIT,LINKUSDT,240,1781496000000,8.191,8.225,8.145,8.178,373525.0,3057160.1382,1
BYBIT,LINKUSDT,240,1781510400000,8.178,8.45,8.158,8.303,1489228.8,12381212.6155,1
BYBIT,LINKUSDT,240,1781524800000,8.303,8.594,8.276,8.558,1347739.5,11373693.7561,1
BYBIT,LINKUSDT,240,1781539200000,8.558,8.581,8.368,8.404,687025.9,5825077.7559,1
BYBIT,LINKUSDT,240,1781553600000,8.404,8.42,8.244,8.294,415974.2,3462507.7209,1
BYBIT,LINKUSDT,240,1781568000000,8.294,8.332,8.145,8.248,524955.7,4322580.6373,1
BYBIT,LINKUSDT,240,1781582400000,8.248,8.29,8.174,8.281,342357.7,2819072.2602,1
BYBIT,LINKUSDT,240,1781596800000,8.281,8.424,8.271,8.327,526208.7,4390392.1136,1
BYBIT,LINKUSDT,240,1781611200000,8.327,8.473,8.088,8.192,1369058.7,11285169.4346,1
BYBIT,LINKUSDT,240,1781625600000,8.192,8.322,8.159,8.252,482673.8,3981124.7623,1
BYBIT,LINKUSDT,240,1781640000000,8.252,8.351,8.236,8.273,635036.2,5283456.9252,1
BYBIT,LINKUSDT,240,1781654400000,8.273,8.411,8.25,8.347,377241.4,3139351.8872,1
BYBIT,LINKUSDT,240,1781668800000,8.347,8.392,8.259,8.288,359364.8,2989708.151,1
BYBIT,LINKUSDT,240,1781683200000,8.288,8.294,8.109,8.151,593340.1,4854949.6311,1
BYBIT,LINKUSDT,240,1781697600000,8.151,8.296,8.079,8.288,922606.6,7542232.676,1
BYBIT,LINKUSDT,240,1781712000000,8.288,8.365,8.001,8.03,2199438.9,17984634.6607,1
BYBIT,LINKUSDT,240,1781726400000,8.03,8.102,7.934,8.087,671524.1,5397867.4741,1
BYBIT,LINKUSDT,240,1781740800000,8.087,8.131,8.01,8.024,309310.3,2500619.7018,1
BYBIT,LINKUSDT,240,1781755200000,8.024,8.04,7.884,8.025,554316.7,4409915.6617,1
BYBIT,LINKUSDT,240,1781769600000,8.025,8.061,7.965,7.983,355291.7,2847920.6446,1
BYBIT,LINKUSDT,240,1781784000000,7.983,8.121,7.767,7.784,1672981.9,13303835.8345,1
BYBIT,LINKUSDT,240,1781798400000,7.784,7.934,7.776,7.912,691754.4,5421563.8001,1
BYBIT,LINKUSDT,240,1781812800000,7.912,8.014,7.912,8.011,405104.4,3228860.5787,1
BYBIT,LINKUSDT,240,1781827200000,8.011,8.036,7.772,7.876,1005212.4,7925783.9276,1
BYBIT,LINKUSDT,240,1781841600000,7.876,7.913,7.803,7.842,463346.9,3639904.5307,1
BYBIT,LINKUSDT,240,1781856000000,7.842,7.873,7.797,7.809,389050.3,3046401.5195,1
BYBIT,LINKUSDT,240,1781870400000,7.809,7.948,7.764,7.903,702851.7,5527542.4694,1
BYBIT,LINKUSDT,240,1781884800000,7.903,7.933,7.842,7.875,371786.4,2932905.7422,1
BYBIT,LINKUSDT,240,1781899200000,7.875,7.962,7.846,7.945,373100.3,2950454.0825,1
BYBIT,LINKUSDT,240,1781913600000,7.945,7.956,7.858,7.888,342612.1,2705001.9377,1
BYBIT,LINKUSDT,240,1781928000000,7.888,8.006,7.878,7.96,448645.0,3573062.4182,1
BYBIT,LINKUSDT,240,1781942400000,7.96,7.979,7.92,7.933,314011.3,2495528.333,1
BYBIT,LINKUSDT,240,1781956800000,7.933,8.005,7.819,7.964,824359.8,6531300.9813,1
BYBIT,LINKUSDT,240,1781971200000,7.964,7.965,7.859,7.896,337628.6,2670826.4674,1
BYBIT,LINKUSDT,240,1781985600000,7.896,8.009,7.885,7.982,235740.4,1874635.1142,1
BYBIT,LINKUSDT,240,1782000000000,7.982,7.987,7.934,7.966,169546.6,1349563.9172,1
BYBIT,LINKUSDT,240,1782014400000,7.966,7.982,7.914,7.945,137855.7,1094827.1864,1
BYBIT,LINKUSDT,240,1782028800000,7.945,8.007,7.894,7.93,315870.8,2512453.2256,1
BYBIT,LINKUSDT,240,1782043200000,7.93,7.985,7.898,7.982,235591.5,1870404.0603,1
BYBIT,LINKUSDT,240,1782057600000,7.982,7.985,7.902,7.95,208012.1,1651711.4087,1
BYBIT,LINKUSDT,240,1782072000000,7.95,7.954,7.765,7.777,647735.5,5073145.9591,1
BYBIT,LINKUSDT,240,1782086400000,7.777,8.016,7.775,7.865,875862.1,6931674.2685,1
BYBIT,LINKUSDT,240,1782100800000,7.865,7.989,7.851,7.959,611444.6,4847661.6204,1
BYBIT,LINKUSDT,240,1782115200000,7.959,8.09,7.942,8.082,857539.0,6878624.5895,1
BYBIT,LINKUSDT,240,1782129600000,8.082,8.149,7.97,7.983,974745.3,7858848.0468,1
BYBIT,LINKUSDT,240,1782144000000,7.983,7.995,7.88,7.909,680064.6,5399258.5405,1
BYBIT,LINKUSDT,240,1782158400000,7.909,7.936,7.816,7.869,464633.8,3660527.5261,1
BYBIT,LINKUSDT,240,1782172800000,7.869,7.91,7.824,7.898,309064.7,2433126.2142,1
BYBIT,LINKUSDT,240,1782187200000,7.898,7.902,7.632,7.656,1045905.1,8083455.6584,1
BYBIT,LINKUSDT,240,1782201600000,7.656,7.664,7.473,7.61,1366912.9,10319570.6077,1
BYBIT,LINKUSDT,240,1782216000000,7.61,7.693,7.539,7.617,1777735.3,13541463.2573,1
BYBIT,LINKUSDT,240,1782230400000,7.617,7.668,7.538,7.573,686723.4,5218168.376,1
BYBIT,LINKUSDT,240,1782244800000,7.573,7.642,7.565,7.629,387099.1,2940059.4533,1
BYBIT,LINKUSDT,240,1782259200000,7.629,7.66,7.547,7.58,365306.5,2782271.8319,1
BYBIT,LINKUSDT,240,1782273600000,7.58,7.667,7.525,7.602,333040.2,2536379.3517,1
BYBIT,LINKUSDT,240,1782288000000,7.602,7.694,7.533,7.63,573688.4,4359413.178,1
BYBIT,LINKUSDT,240,1782302400000,7.63,7.637,7.36,7.363,2009380.6,15047090.5729,1
BYBIT,LINKUSDT,240,1782316800000,7.363,7.45,7.114,7.237,2867513.5,20755917.437,1
BYBIT,LINKUSDT,240,1782331200000,7.237,7.477,7.227,7.422,961845.9,7099176.9362,1
BYBIT,LINKUSDT,240,1782345600000,7.422,7.441,7.379,7.4,286173.2,2118969.3922,1
BYBIT,LINKUSDT,240,1782360000000,7.4,7.548,7.376,7.532,664004.5,4980998.0432,1
BYBIT,LINKUSDT,240,1782374400000,7.532,7.534,7.416,7.434,348039.9,2598610.7472,1
BYBIT,LINKUSDT,240,1782388800000,7.434,7.501,7.0,7.211,4073037.2,29352931.3352,1
BYBIT,LINKUSDT,240,1782403200000,7.211,7.282,7.132,7.175,1100578.0,7945169.422,1
BYBIT,LINKUSDT,240,1782417600000,7.175,7.297,7.175,7.243,438887.7,3176231.0216,1
BYBIT,LINKUSDT,240,1782432000000,7.243,7.262,7.008,7.2,1237611.8,8810385.1076,1
BYBIT,LINKUSDT,240,1782446400000,7.2,7.338,7.153,7.322,533549.1,3863236.9977,1
BYBIT,LINKUSDT,240,1782460800000,7.322,7.331,7.121,7.144,567685.9,4093928.6541,1
BYBIT,LINKUSDT,240,1782475200000,7.144,7.354,7.049,7.332,2084213.5,15018451.7894,1
BYBIT,LINKUSDT,240,1782489600000,7.332,7.396,7.283,7.322,790303.3,5805016.9488,1
BYBIT,LINKUSDT,240,1782504000000,7.322,7.383,7.283,7.348,468805.5,3437661.4801,1
BYBIT,LINKUSDT,240,1782518400000,7.348,7.411,7.319,7.361,348369.7,2568653.9257,1
BYBIT,LINKUSDT,240,1782532800000,7.361,7.399,7.342,7.38,232245.6,1711891.0377,1
BYBIT,LINKUSDT,240,1782547200000,7.38,7.382,7.326,7.353,198372.9,1458933.1221,1
BYBIT,LINKUSDT,240,1782561600000,7.353,7.472,7.336,7.45,302524.0,2242048.6758,1
BYBIT,LINKUSDT,240,1782576000000,7.45,7.464,7.298,7.322,496667.5,3664981.7858,1
BYBIT,LINKUSDT,240,1782590400000,7.322,7.343,7.24,7.291,338425.7,2469806.7221,1
BYBIT,LINKUSDT,240,1782604800000,7.291,7.313,7.264,7.3,255261.4,1861160.5451,1
BYBIT,LINKUSDT,240,1782619200000,7.3,7.305,7.217,7.3,301159.9,2186179.444,1
BYBIT,LINKUSDT,240,1782633600000,7.3,7.354,7.226,7.283,507984.8,3697548.5639,1
BYBIT,LINKUSDT,240,1782648000000,7.283,7.328,7.236,7.312,401697.8,2926790.9331,1
BYBIT,LINKUSDT,240,1782662400000,7.312,7.316,7.19,7.224,373077.2,2700131.8263,1
BYBIT,LINKUSDT,240,1782676800000,7.224,7.295,7.153,7.265,553024.1,3996976.3832,1
BYBIT,LINKUSDT,240,1782691200000,7.265,7.365,7.175,7.328,533205.7,3880946.9943,1
BYBIT,LINKUSDT,240,1782705600000,7.328,7.35,7.215,7.318,350038.3,2551517.073,1
BYBIT,LINKUSDT,240,1782720000000,7.318,7.36,7.274,7.302,414599.0,3033781.4656,1
BYBIT,LINKUSDT,240,1782734400000,7.302,7.406,7.197,7.323,1260483.0,9193592.0535,1
BYBIT,LINKUSDT,240,1782748800000,7.323,7.497,7.276,7.469,1088908.9,8091511.5489,1
BYBIT,LINKUSDT,240,1782763200000,7.469,7.473,7.369,7.379,477169.9,3547333.1691,1
BYBIT,LINKUSDT,240,1782777600000,7.379,7.395,7.27,7.289,668902.3,4893589.1376,1
BYBIT,LINKUSDT,240,1782792000000,7.289,7.322,7.265,7.296,340636.7,2485684.5953,1
BYBIT,LINKUSDT,240,1782806400000,7.296,7.3,7.24,7.253,610868.2,4437962.1124,1
BYBIT,LINKUSDT,240,1782820800000,7.253,7.266,7.117,7.153,1127889.8,8102667.5138,1
BYBIT,LINKUSDT,240,1782835200000,7.153,7.231,7.119,7.208,581316.7,4173849.4996,1
BYBIT,LINKUSDT,240,1782849600000,7.208,7.212,7.144,7.196,251465.5,1804857.7077,1
BYBIT,LINKUSDT,240,1782864000000,7.196,7.303,7.069,7.287,760439.2,5466894.0734,1
BYBIT,LINKUSDT,240,1782878400000,7.287,7.333,7.175,7.202,481088.0,3481209.7575,1
BYBIT,LINKUSDT,240,1782892800000,7.202,7.261,7.171,7.217,346612.6,2505596.8692,1
BYBIT,LINKUSDT,240,1782907200000,7.217,7.457,7.185,7.411,1062503.0,7779997.6419,1
BYBIT,LINKUSDT,240,1782921600000,7.411,7.445,7.347,7.375,496007.1,3662548.5723,1
BYBIT,LINKUSDT,240,1782936000000,7.375,7.533,7.343,7.354,866940.1,6454271.0019,1
BYBIT,LINKUSDT,240,1782950400000,7.354,7.545,7.3,7.533,817067.0,6053261.6802,1
BYBIT,LINKUSDT,240,1782964800000,7.533,7.538,7.425,7.449,324164.4,2424189.6633,1
BYBIT,LINKUSDT,240,1782979200000,7.449,7.66,7.444,7.652,971718.1,7373903.5723,1
BYBIT,LINKUSDT,240,1782993600000,7.652,7.94,7.638,7.782,2086090.1,16283660.7469,1
BYBIT,LINKUSDT,240,1783008000000,7.782,7.814,7.719,7.74,486490.6,3774960.6522,1
BYBIT,LINKUSDT,240,1783022400000,7.74,7.755,7.691,7.742,289785.8,2239842.0937,1
BYBIT,LINKUSDT,240,1783036800000,7.742,7.827,7.716,7.761,459727.4,3569958.6277,1
BYBIT,LINKUSDT,240,1783051200000,7.761,7.803,7.723,7.763,443027.9,3436136.3031,1
BYBIT,LINKUSDT,240,1783065600000,7.763,7.876,7.76,7.87,579386.2,4529877.5495,1
BYBIT,LINKUSDT,240,1783080000000,7.87,7.894,7.807,7.843,611829.5,4801022.1323,1
BYBIT,LINKUSDT,240,1783094400000,7.843,7.974,7.813,7.942,489168.4,3865744.2016,1
BYBIT,LINKUSDT,240,1783108800000,7.942,8.037,7.922,7.971,602892.1,4810507.5618,1
BYBIT,LINKUSDT,240,1783123200000,7.971,7.988,7.891,7.918,320604.7,2540637.1143,1
BYBIT,LINKUSDT,240,1783137600000,7.918,7.973,7.888,7.919,349717.5,2770307.5991,1
BYBIT,LINKUSDT,240,1783152000000,7.919,7.94,7.876,7.908,286038.5,2260705.6453,1
BYBIT,LINKUSDT,240,1783166400000,7.908,8.097,7.907,8.085,599381.3,4796401.3797,1
BYBIT,LINKUSDT,240,1783180800000,8.085,8.172,8.052,8.071,496100.0,4021438.4378,1
BYBIT,LINKUSDT,240,1783195200000,8.071,8.084,7.966,8.001,280982.0,2256220.0636,1
BYBIT,LINKUSDT,240,1783209600000,8.001,8.002,7.871,7.889,337590.0,2675718.5093,1
BYBIT,LINKUSDT,240,1783224000000,7.889,7.925,7.84,7.92,269759.3,2127609.903,1
BYBIT,LINKUSDT,240,1783238400000,7.92,7.939,7.83,7.884,332804.1,2623385.0637,1
BYBIT,LINKUSDT,240,1783252800000,7.884,8.004,7.867,7.96,299933.9,2382030.6061,1
BYBIT,LINKUSDT,240,1783267200000,7.96,8.03,7.934,8.014,339363.0,2709185.941,1
BYBIT,LINKUSDT,240,1783281600000,8.014,8.151,7.971,8.059,529947.6,4273239.5225,1
BYBIT,LINKUSDT,240,1783296000000,8.059,8.129,7.966,7.992,384792.5,3092424.136,1
BYBIT,LINKUSDT,240,1783310400000,7.992,8.001,7.901,7.947,564467.1,4482246.5303,1
BYBIT,LINKUSDT,240,1783324800000,7.947,7.982,7.881,7.918,435014.0,3451924.2959,1
BYBIT,LINKUSDT,240,1783339200000,7.918,8.023,7.754,8.016,1686242.1,13257924.741,1
BYBIT,LINKUSDT,240,1783353600000,8.016,8.081,7.981,7.999,636043.5,5106295.9763,1
BYBIT,LINKUSDT,240,1783368000000,7.999,8.168,7.97,8.016,605557.1,4888854.4363,1
BYBIT,LINKUSDT,240,1783382400000,8.016,8.069,7.873,7.883,649486.9,5162125.989,1
BYBIT,LINKUSDT,240,1783396800000,7.883,7.942,7.81,7.901,532689.0,4201059.8491,1
BYBIT,LINKUSDT,240,1783411200000,7.901,7.955,7.879,7.92,611082.0,4830160.989,1
BYBIT,LINKUSDT,240,1783425600000,7.92,8.019,7.793,7.994,953537.6,7531485.2903,1
BYBIT,LINKUSDT,240,1783440000000,7.994,8.044,7.854,7.923,562752.5,4477281.0291,1
BYBIT,LINKUSDT,240,1783454400000,7.923,7.936,7.797,7.856,444563.1,3498627.9596,1
BYBIT,LINKUSDT,240,1783468800000,7.856,7.894,7.658,7.691,1162299.3,8993299.5852,1
BYBIT,LINKUSDT,240,1783483200000,7.691,7.725,7.646,7.697,420820.7,3233046.5266,1
BYBIT,LINKUSDT,240,1783497600000,7.697,7.717,7.54,7.63,1069659.4,8145599.5418,1
BYBIT,LINKUSDT,240,1783512000000,7.63,7.636,7.518,7.548,812165.9,6163195.5243,1
BYBIT,LINKUSDT,240,1783526400000,7.548,7.658,7.539,7.639,418754.3,3184067.6953,1
BYBIT,LINKUSDT,240,1783540800000,7.639,7.66,7.588,7.637,292571.6,2230753.0855,1
BYBIT,LINKUSDT,240,1783555200000,7.637,7.706,7.567,7.62,576464.7,4401900.3385,1
BYBIT,LINKUSDT,240,1783569600000,7.62,7.781,7.612,7.724,543608.5,4193609.3325,1
BYBIT,LINKUSDT,240,1783584000000,7.724,7.77,7.702,7.735,401690.1,3108807.1271,1
BYBIT,LINKUSDT,240,1783598400000,7.735,7.77,7.673,7.696,559284.0,4317185.5836,1
BYBIT,LINKUSDT,240,1783612800000,7.696,7.806,7.669,7.766,517633.3,4013916.7179,1
BYBIT,LINKUSDT,240,1783627200000,7.766,7.781,7.719,7.73,223591.1,1733539.2962,1
BYBIT,LINKUSDT,240,1783641600000,7.73,7.934,7.704,7.902,697391.8,5476835.391,1
BYBIT,LINKUSDT,240,1783656000000,7.902,7.921,7.872,7.894,212838.4,1680808.7354,1
BYBIT,LINKUSDT,240,1783670400000,7.894,8.011,7.891,7.988,612013.1,4872634.4773,1
BYBIT,LINKUSDT,240,1783684800000,7.988,8.015,7.852,7.92,1018130.2,8082521.6375,1
BYBIT,LINKUSDT,240,1783699200000,7.92,7.967,7.881,7.912,371175.8,2942600.0609,1
BYBIT,LINKUSDT,240,1783713600000,7.912,7.967,7.891,7.964,219082.0,1738731.2564,1
BYBIT,LINKUSDT,240,1783728000000,7.964,8.005,7.937,7.993,307500.1,2451256.0041,1
BYBIT,LINKUSDT,240,1783742400000,7.993,8.018,7.966,7.987,238647.7,1907397.7021,1
BYBIT,LINKUSDT,240,1783756800000,7.987,8.012,7.969,7.999,251004.0,2006237.5055,1
BYBIT,LINKUSDT,240,1783771200000,7.999,8.087,7.993,8.055,523461.0,4209805.7716,1
BYBIT,LINKUSDT,240,1783785600000,8.055,8.115,8.031,8.075,461932.3,3731715.6469,1
BYBIT,LINKUSDT,240,1783800000000,8.075,8.077,7.902,7.908,519093.7,4142147.6788,1
BYBIT,LINKUSDT,240,1783814400000,7.908,8.038,7.853,8.034,527132.3,4177972.1798,1
BYBIT,LINKUSDT,240,1783828800000,8.034,8.042,7.923,7.971,391728.0,3125376.2903,1
BYBIT,LINKUSDT,240,1783843200000,7.971,8.033,7.969,8.027,269361.6,2158158.5935,1
BYBIT,LINKUSDT,240,1783857600000,8.027,8.095,8.011,8.067,300464.3,2420509.9945,1
BYBIT,LINKUSDT,240,1783872000000,8.067,8.08,8.018,8.073,255113.2,2052748.5066,1
BYBIT,LINKUSDT,240,1783886400000,8.073,8.106,7.942,7.992,364444.6,2922336.7645,1
BYBIT,LINKUSDT,240,1783900800000,7.992,8.132,7.864,7.915,1188665.1,9527332.9697,1
BYBIT,LINKUSDT,240,1783915200000,7.915,7.99,7.878,7.972,490269.6,3890120.2351,1
BYBIT,LINKUSDT,240,1783929600000,7.972,8.009,7.926,7.93,304167.5,2424836.293,1
BYBIT,LINKUSDT,240,1783944000000,7.93,7.988,7.851,7.932,805557.2,6373074.9149,1
BYBIT,LINKUSDT,240,1783958400000,7.932,7.949,7.789,7.9,662786.0,5207702.8501,1
BYBIT,LINKUSDT,240,1783972800000,7.9,7.907,7.788,7.885,332252.6,2608105.1056,1
BYBIT,LINKUSDT,240,1783987200000,7.885,7.955,7.859,7.915,385381.0,3050952.1392,1
BYBIT,LINKUSDT,240,1784001600000,7.915,7.987,7.91,7.919,356218.2,2828808.6405,1
BYBIT,LINKUSDT,240,1784016000000,7.919,7.993,7.893,7.987,405062.6,3217639.8559,1
BYBIT,LINKUSDT,240,1784030400000,7.987,8.398,7.944,8.293,2691048.5,22108875.8731,1
BYBIT,LINKUSDT,240,1784044800000,8.293,8.311,8.197,8.288,782715.1,6467160.4766,1
BYBIT,LINKUSDT,240,1784059200000,8.288,8.347,8.245,8.34,295366.5,2449455.5597,1
BYBIT,LINKUSDT,240,1784073600000,8.34,8.354,8.265,8.317,492472.6,4091853.3993,1
BYBIT,LINKUSDT,240,1784088000000,8.317,8.407,8.304,8.328,375358.9,3135960.0841,1
BYBIT,LINKUSDT,240,1784102400000,8.328,8.435,8.325,8.419,570559.3,4779317.7753,1
BYBIT,LINKUSDT,240,1784116800000,8.419,8.627,8.398,8.548,1364441.8,11638282.988,1
BYBIT,LINKUSDT,240,1784131200000,8.548,8.566,8.415,8.499,781917.0,6644021.7721,1
BYBIT,LINKUSDT,240,1784145600000,8.499,8.577,8.485,8.533,425118.1,3627810.6504,1
BYBIT,LINKUSDT,240,1784160000000,8.533,8.56,8.448,8.524,425377.3,3619630.6509,1
BYBIT,LINKUSDT,240,1784174400000,8.524,8.563,8.459,8.512,489421.0,4171017.9303,1
BYBIT,LINKUSDT,240,1784188800000,8.512,8.515,8.394,8.443,717874.2,6057065.6924,1
BYBIT,LINKUSDT,240,1784203200000,8.443,8.493,8.37,8.441,817857.4,6896395.4601,1
BYBIT,LINKUSDT,240,1784217600000,8.441,8.449,8.351,8.4,545083.5,4576251.9815,1
BYBIT,LINKUSDT,240,1784232000000,8.4,8.46,8.307,8.337,448153.4,3756005.7069,1
BYBIT,LINKUSDT,240,1784246400000,8.337,8.364,8.252,8.277,549561.6,4561813.411,1
BYBIT,LINKUSDT,240,1784260800000,8.277,8.3,8.15,8.168,566858.2,4648673.1528,1
BYBIT,LINKUSDT,240,1784275200000,8.168,8.219,8.128,8.198,410284.4,3355085.3499,1
BYBIT,LINKUSDT,240,1784289600000,8.198,8.199,8.001,8.163,1168788.2,9463191.328,1
BYBIT,LINKUSDT,240,1784304000000,8.163,8.283,8.138,8.244,495911.1,4075286.6787,1
BYBIT,LINKUSDT,240,1784318400000,8.244,8.278,8.212,8.249,228454.0,1882882.1349,1
BYBIT,LINKUSDT,240,1784332800000,8.249,8.295,8.232,8.277,198033.9,1636261.1128,1
BYBIT,LINKUSDT,240,1784347200000,8.277,8.28,8.231,8.246,138314.0,1140915.6317,1
BYBIT,LINKUSDT,240,1784361600000,8.246,8.29,8.205,8.282,207040.1,1707105.1587,1
BYBIT,LINKUSDT,240,1784376000000,8.282,8.335,8.247,8.269,488032.8,4045794.615,1
BYBIT,LINKUSDT,240,1784390400000,8.269,8.353,8.255,8.33,406517.3,3374296.7682,1
BYBIT,LINKUSDT,240,1784404800000,8.33,8.376,8.321,8.342,213569.7,1783296.7771,1
BYBIT,LINKUSDT,240,1784419200000,8.342,8.387,8.327,8.341,184195.4,1538234.8726,1
BYBIT,LINKUSDT,240,1784433600000,8.341,8.375,8.323,8.363,144076.7,1202888.3413,1
BYBIT,LINKUSDT,240,1784448000000,8.363,8.382,8.318,8.354,149822.1,1252195.7705,1
BYBIT,LINKUSDT,240,1784462400000,8.354,8.389,8.317,8.353,285144.7,2380414.8075,1
BYBIT,LINKUSDT,240,1784476800000,8.353,8.375,8.28,8.333,329657.4,2742505.1122,1
BYBIT,LINKUSDT,240,1784491200000,8.333,8.408,8.316,8.38,393298.6,3289292.1091,1
BYBIT,LINKUSDT,240,1784505600000,8.38,8.533,8.36,8.45,594535.4,5021670.6252,1
BYBIT,LINKUSDT,240,1784520000000,8.45,8.465,8.284,8.355,499994.3,4173749.3685,1
BYBIT,LINKUSDT,240,1784534400000,8.355,8.514,8.298,8.504,626023.9,5265108.3676,1
BYBIT,LINKUSDT,240,1784548800000,8.504,8.565,8.3,8.549,974312.0,8223129.3303,1
BYBIT,LINKUSDT,240,1784563200000,8.549,8.639,8.5,8.551,934452.0,7998413.623,1
BYBIT,LINKUSDT,240,1784577600000,8.551,8.61,8.516,8.585,471546.7,4036983.9848,1
BYBIT,LINKUSDT,240,1784592000000,8.585,8.649,8.56,8.634,517617.9,4455254.1328,1
BYBIT,LINKUSDT,240,1784606400000,8.634,8.754,8.62,8.734,719265.5,6260498.0893,1
BYBIT,LINKUSDT,240,1784620800000,8.734,8.759,8.678,8.701,517088.8,4504038.8939,1
BYBIT,LINKUSDT,240,1784635200000,8.701,8.734,8.645,8.685,589347.1,5124298.8564,1
BYBIT,LINKUSDT,240,1784649600000,8.685,8.697,8.583,8.619,384313.5,3316684.6789,1
BYBIT,LINKUSDT,240,1784664000000,8.619,8.657,8.595,8.654,244261.8,2106615.525,1
BYBIT,LINKUSDT,240,1784678400000,8.654,8.722,8.649,8.682,305900.4,2660272.3188,1
BYBIT,LINKUSDT,240,1784692800000,8.682,8.742,8.568,8.577,531976.4,4599412.0796,1
BYBIT,LINKUSDT,240,1784707200000,8.577,8.678,8.572,8.636,358139.3,3087883.8832,1
BYBIT,LINKUSDT,240,1784721600000,8.636,8.757,8.57,8.685,727645.0,6306158.8852,1
BYBIT,LINKUSDT,240,1784736000000,8.685,8.73,8.579,8.615,706439.0,6103909.0418,1
BYBIT,LINKUSDT,240,1784750400000,8.615,8.653,8.58,8.625,453524.8,3911362.0336,1
BYBIT,LINKUSDT,240,1784764800000,8.625,8.682,8.581,8.584,245235.8,2114603.5379,1
BYBIT,LINKUSDT,240,1784779200000,8.584,8.619,8.519,8.531,363575.9,3113421.2556,1
BYBIT,LINKUSDT,240,1784793600000,8.531,8.657,8.52,8.635,345702.4,2975602.528,1
BYBIT,LINKUSDT,240,1784808000000,8.635,8.636,8.411,8.49,778333.9,6617925.7121,1
BYBIT,LINKUSDT,240,1784822400000,8.49,8.508,8.427,8.455,362238.3,3067610.8605,1
BYBIT,LINKUSDT,240,1784836800000,8.455,8.524,8.443,8.466,215608.0,1830040.2718,1
BYBIT,LINKUSDT,240,1784851200000,8.466,8.467,8.388,8.451,299669.0,2526870.16,1
BYBIT,LINKUSDT,240,1784865600000,8.451,8.576,8.413,8.557,408269.0,3467357.1089,1
BYBIT,LINKUSDT,240,1784880000000,8.557,8.559,8.425,8.458,288490.9,2448611.493,1
BYBIT,LINKUSDT,240,1784894400000,8.458,8.483,8.287,8.364,998325.4,8340723.0438,1
BYBIT,LINKUSDT,240,1784908800000,8.364,8.369,8.306,8.355,322249.8,2687812.2688,1
BYBIT,LINKUSDT,240,1784923200000,8.355,8.364,8.292,8.335,283811.8,2362402.2621,1
BYBIT,LINKUSDT,240,1784937600000,8.335,8.359,8.311,8.337,269195.1,2242512.7541,1
BYBIT,LINKUSDT,240,1784952000000,8.337,8.351,8.284,8.291,241353.7,2004758.4733,1
BYBIT,LINKUSDT,240,1784966400000,8.291,8.314,8.26,8.312,194656.0,1612658.1659,1
BYBIT,LINKUSDT,240,1784980800000,8.312,8.395,8.306,8.38,456134.0,3812456.7032,1
BYBIT,LINKUSDT,240,1784995200000,8.38,8.432,8.369,8.399,259801.6,2182704.1479,1
BYBIT,LINKUSDT,240,1785009600000,8.399,8.4,8.347,8.377,236478.7,1979080.8794,1
BYBIT,LINKUSDT,240,1785024000000,8.377,8.426,8.371,8.423,121203.5,1017770.7517,1
BYBIT,LINKUSDT,240,1785038400000,8.423,8.472,8.396,8.418,205062.1,1729657.7601,1
BYBIT,LINKUSDT,240,1785052800000,8.418,8.438,8.399,8.43,106495.9,896417.1007,1
BYBIT,LINKUSDT,240,1785067200000,8.43,8.595,8.417,8.592,484092.0,4115773.6167,1
BYBIT,LINKUSDT,240,1785081600000,8.592,8.661,8.553,8.576,511315.9,4398833.1791,1
BYBIT,LINKUSDT,240,1785096000000,8.576,8.839,8.563,8.82,868278.6,7586291.4585,1
BYBIT,LINKUSDT,240,1785110400000,8.82,8.825,8.718,8.771,365983.3,3209350.9475,1
BYBIT,LINKUSDT,240,1785124800000,8.771,8.922,8.755,8.806,650888.3,5754437.6692,1
BYBIT,LINKUSDT,240,1785139200000,8.806,8.82,8.745,8.751,332676.0,2922885.8632,1
BYBIT,LINKUSDT,240,1785153600000,8.751,8.814,8.518,8.571,1272376.8,11026288.0216,1
BYBIT,LINKUSDT,240,1785168000000,8.571,8.653,8.547,8.629,548567.6,4721046.7746,1
BYBIT,LINKUSDT,240,1785182400000,8.629,8.642,8.342,8.377,796643.2,6742352.7778,1
BYBIT,LINKUSDT,240,1785196800000,8.377,8.381,8.276,8.331,524324.0,4368172.0235,1
BYBIT,LINKUSDT,240,1785211200000,8.331,8.375,8.298,8.313,286445.6,2389590.15,1
BYBIT,LINKUSDT,240,1785225600000,8.313,8.329,8.266,8.283,391982.2,3253620.226,1
BYBIT,LINKUSDT,240,1785240000000,8.283,8.395,8.189,8.378,913350.9,7572077.48,1
BYBIT,LINKUSDT,240,1785254400000,8.378,8.415,8.305,8.38,334043.3,2793416.6003,1
BYBIT,LINKUSDT,240,1785268800000,8.38,8.449,8.353,8.441,340305.9,2857149.8667,1
BYBIT,LINKUSDT,240,1785283200000,8.441,8.515,8.326,8.331,530977.4,4477479.5403,1
BYBIT,LINKUSDT,240,1785297600000,8.331,8.437,8.284,8.436,383194.2,3205546.3072,1
BYBIT,LINKUSDT,240,1785312000000,8.436,8.477,8.372,8.402,337527.5,2843303.4498,1
BYBIT,LINKUSDT,240,1785326400000,8.402,8.403,8.24,8.269,693354.3,5760459.6907,1
BYBIT,LINKUSDT,240,1785340800000,8.269,8.441,8.22,8.23,1242067.7,10345336.5726,1
BYBIT,LINKUSDT,240,1785355200000,8.23,8.337,8.16,8.33,586737.7,4833270.2143,1
BYBIT,LINKUSDT,240,1785369600000,8.33,8.396,8.274,8.333,336672.0,2809404.8054,1
BYBIT,LINKUSDT,240,1785384000000,8.333,8.336,8.257,8.284,346123.4,2868863.0303,1
BYBIT,LINKUSDT,240,1785398400000,8.284,8.465,8.272,8.456,483802.6,4052793.2573,1
BYBIT,LINKUSDT,240,1785412800000,8.456,8.528,8.411,8.479,706416.8,5985480.0918,1
BYBIT,LINKUSDT,240,1785427200000,8.479,8.513,8.445,8.485,346373.7,2939558.4506,1
BYBIT,LINKUSDT,240,1785441600000,8.485,8.521,8.446,8.448,326319.9,2765377.8432,1
BYBIT,LINKUSDT,240,1785456000000,8.448,8.509,8.316,8.364,517717.4,4350701.161,1
BYBIT,LINKUSDT,240,1785470400000,8.364,8.385,8.239,8.293,533075.8,4429002.0659,1
BYBIT,LINKUSDT,240,1785484800000,8.293,8.325,8.208,8.258,491286.7,4061720.179,1
BYBIT,LINKUSDT,240,1785499200000,8.258,8.272,8.016,8.108,1626548.3,13222748.6393,1
BYBIT,LINKUSDT,240,1785513600000,8.108,8.199,8.097,8.168,305749.0,2493845.2234,1
BYBIT,LINKUSDT,240,1785528000000,8.168,8.179,8.126,8.167,280263.0,2285820.1402,1
BYBIT,LINKUSDT,240,1785542400000,8.167,8.245,8.167,8.205,215710.6,1770034.5698,1
BYBIT,LINKUSDT,240,1785556800000,8.205,8.236,8.128,8.134,223070.1,1825077.4872,1
BYBIT,LINKUSDT,240,1785571200000,8.134,8.138,8.077,8.086,172797.2,1400472.8728,1
BYBIT,LINKUSDT,240,1785585600000,8.086,8.113,8.081,8.096,166932.5,1351924.2631,1
BYBIT,LINKUSDT,240,1785600000000,8.096,8.108,7.885,8.0,1150645.0,9185593.7347,1
BYBIT,LINKUSDT,240,1785614400000,8.0,8.081,7.992,8.064,303416.1,2440547.4014,1
BYBIT,LINKUSDT,240,1785628800000,8.064,8.306,8.053,8.288,915733.4,7511595.5434,1
BYBIT,LINKUSDT,240,1785643200000,8.288,8.414,8.278,8.376,540136.5,4517411.339,1
BYBIT,LINKUSDT,240,1785657600000,8.376,8.389,8.265,8.277,360299.2,2999981.3285,1
BYBIT,LINKUSDT,240,1785672000000,8.277,8.309,8.265,8.272,205287.4,1701315.9388,1
BYBIT,LINKUSDT,240,1785686400000,8.272,8.365,8.246,8.328,251794.3,2090531.0043,1
BYBIT,LINKUSDT,240,1785700800000,8.328,8.448,8.317,8.379,441855.7,3702164.9194,1
BYBIT,LINKUSDT,240,1785715200000,8.379,8.387,8.222,8.249,469189.7,3901370.4819,1
BYBIT,LINKUSDT,240,1785729600000,8.249,8.279,8.211,8.215,338019.1,2785964.8622,1
BYBIT,LINKUSDT,240,1785744000000,8.215,8.263,8.153,8.184,446839.6,3667554.1972,1
BYBIT,LINKUSDT,240,1785758400000,8.184,8.314,8.158,8.244,812741.1,6701653.9212,1
BYBIT,LINKUSDT,240,1785772800000,8.244,8.282,8.218,8.229,327119.0,2697934.3051,1
BYBIT,LINKUSDT,240,1785787200000,8.229,8.262,8.165,8.183,251651.8,2065402.2027,1
BYBIT,LINKUSDT,240,1785801600000,8.183,8.227,8.11,8.191,444098.8,3624584.4634,1
BYBIT,LINKUSDT,240,1785816000000,8.191,8.259,8.117,8.17,426669.5,3488701.8721,1
BYBIT,LINKUSDT,240,1785830400000,8.17,8.219,8.121,8.213,486525.5,3975723.2856,1
BYBIT,LINKUSDT,240,1785844800000,8.213,8.263,8.135,8.19,786328.8,6445926.8518,1
BYBIT,LINKUSDT,240,1785859200000,8.19,8.247,8.159,8.213,361513.4,2964571.1647,1
BYBIT,LINKUSDT,240,1785873600000,8.213,8.224,8.135,8.143,647740.8,5296836.8899,1
BYBIT,LINKUSDT,240,1785888000000,8.143,8.192,8.087,8.121,434673.3,3535688.7426,1
BYBIT,LINKUSDT,240,1785902400000,8.121,8.199,8.117,8.183,364447.9,2973773.9101,1
BYBIT,LINKUSDT,240,1785916800000,8.183,8.202,8.142,8.148,277477.2,2269070.901,1
BYBIT,LINKUSDT,240,1785931200000,8.148,8.223,8.061,8.107,887637.3,7222612.5481,1
BYBIT,LINKUSDT,240,1785945600000,8.107,8.25,8.102,8.183,480964.2,3943141.2549,1
BYBIT,LINKUSDT,240,1785960000000,8.183,8.222,8.124,8.154,298836.9,2441306.7088,1
BYBIT,LINKUSDT,240,1785974400000,8.154,8.191,8.091,8.112,433567.4,3524194.8325,1
BYBIT,LINKUSDT,240,1785988800000,8.112,8.219,8.101,8.183,479481.4,3927904.8636,1
BYBIT,LINKUSDT,240,1786003200000,8.183,8.206,8.061,8.155,1214086.3,9856679.2998,1
BYBIT,LINKUSDT,240,1786017600000,8.155,8.271,8.098,8.221,627292.4,5136243.518,1
BYBIT,LINKUSDT,240,1786032000000,8.221,8.338,8.185,8.194,697894.4,5767601.9287,1
BYBIT,LINKUSDT,240,1786046400000,8.194,8.234,8.151,8.19,352248.6,2886230.7696,1
BYBIT,LINKUSDT,240,1786060800000,8.19,8.246,8.133,8.133,378468.5,3104927.0385,1
BYBIT,LINKUSDT,240,1786075200000,8.133,8.205,8.097,8.181,631388.2,5137204.0113,1
BYBIT,LINKUSDT,240,1786089600000,8.181,8.243,8.181,8.213,423975.6,3484186.3532,1
BYBIT,LINKUSDT,240,1786104000000,8.213,8.309,8.212,8.274,839636.0,6939990.1576,1
BYBIT,LINKUSDT,240,1786118400000,8.274,8.313,8.159,8.21,729386.0,5992293.6433,1
BYBIT,LINKUSDT,240,1786132800000,8.21,8.218,8.148,8.182,220457.4,1803442.7484,1
BYBIT,LINKUSDT,240,1786147200000,8.182,8.272,8.16,8.258,322924.0,2649935.7654,1
BYBIT,LINKUSDT,240,1786161600000,8.258,8.307,8.23,8.258,589167.0,4864554.7466,1
BYBIT,LINKUSDT,240,1786176000000,8.258,8.355,8.25,8.325,324041.7,2692761.7871,1
BYBIT,LINKUSDT,240,1786190400000,8.325,8.393,8.299,8.34,431086.6,3596892.0177,1
BYBIT,LINKUSDT,240,1786204800000,8.34,8.363,8.319,8.328,163159.6,1360036.6042,1
BYBIT,LINKUSDT,240,1786219200000,8.328,8.348,8.29,8.303,174960.2,1456699.2109,1
BYBIT,LINKUSDT,240,1786233600000,8.303,8.333,8.259,8.281,467844.8,3879917.0859,1
BYBIT,LINKUSDT,240,1786248000000,8.281,8.35,8.254,8.337,349002.6,2898731.4738,1
BYBIT,LINKUSDT,240,1786262400000,8.337,8.355,8.286,8.294,225233.9,1871238.896,1
BYBIT,LINKUSDT,240,1786276800000,8.294,8.363,8.273,8.349,443814.4,3691284.9683,1
BYBIT,LINKUSDT,240,1786291200000,8.349,8.355,8.304,8.315,196352.0,1635372.3672,1
BYBIT,LINKUSDT,240,1786305600000,8.315,8.387,8.168,8.181,1006232.8,8303928.8611,1
BYBIT,LINKUSDT,240,1786320000000,8.181,8.255,8.15,8.182,717091.7,5875502.2416,1
BYBIT,LINKUSDT,240,1786334400000,8.182,8.242,8.173,8.219,245949.5,2021279.5972,1
BYBIT,LINKUSDT,240,1786348800000,8.219,8.32,8.189,8.304,847893.2,6994620.6025,1
BYBIT,LINKUSDT,240,1786363200000,8.304,8.365,8.248,8.301,821571.4,6815003.2451,1
BYBIT,LINKUSDT,240,1786377600000,8.301,8.314,8.203,8.271,661728.2,5464786.8725,1
BYBIT,LINKUSDT,240,1786392000000,8.271,8.32,8.252,8.296,216310.3,1793594.9596,1
BYBIT,LINKUSDT,240,1786406400000,8.296,8.46,8.287,8.387,923531.7,7751561.4673,1
BYBIT,LINKUSDT,240,1786420800000,8.387,8.477,8.359,8.471,685860.4,5771092.7128,1
BYBIT,LINKUSDT,240,1786435200000,8.471,8.712,8.435,8.676,1866203.8,16069900.5698,1
BYBIT,LINKUSDT,240,1786449600000,8.676,8.698,8.492,8.558,1390941.5,11964686.1761,1
BYBIT,LINKUSDT,240,1786464000000,8.558,8.613,8.527,8.612,595497.9,5103145.8831,1
BYBIT,LINKUSDT,240,1786478400000,8.612,8.816,8.61,8.775,1289712.0,11254188.1468,1
BYBIT,LINKUSDT,240,1786492800000,8.775,8.822,8.709,8.72,602115.0,5277358.9923,1
BYBIT,LINKUSDT,240,1786507200000,8.72,8.762,8.675,8.749,381437.0,3325889.2748,1
BYBIT,LINKUSDT,240,1786521600000,8.749,8.88,8.732,8.872,768536.8,6774175.6683,1
BYBIT,LINKUSDT,240,1786536000000,8.872,8.889,8.691,8.777,1306576.2,11498537.9733,1
BYBIT,LINKUSDT,240,1786550400000,8.777,8.788,8.712,8.739,370074.9,3241234.3587,1
BYBIT,LINKUSDT,240,1786564800000,8.739,8.782,8.618,8.668,691162.1,5998734.6307,1
BYBIT,LINKUSDT,240,1786579200000,8.668,8.732,8.614,8.72,463179.6,4017259.9594,1
BYBIT,LINKUSDT,240,1786593600000,8.72,8.813,8.72,8.75,403717.7,3539932.7625,1
BYBIT,LINKUSDT,240,1786608000000,8.75,8.762,8.669,8.686,478726.2,4170526.8541,1
BYBIT,LINKUSDT,240,1786622400000,8.686,8.86,8.674,8.74,840081.0,7385139.3858,1
BYBIT,LINKUSDT,240,1786636800000,8.74,8.829,8.675,8.823,567203.0,4961835.4916,1
BYBIT,LINKUSDT,240,1786651200000,8.823,8.904,8.814,8.882,567038.3,5022295.804,1
BYBIT,LINKUSDT,240,1786665600000,8.882,8.885,8.809,8.813,242968.3,2148459.7259,1
BYBIT,LINKUSDT,240,1786680000000,8.813,8.833,8.742,8.765,338889.1,2974743.5134,1
BYBIT,LINKUSDT,240,1786694400000,8.765,8.88,8.722,8.826,1135496.6,10002622.9584,1
BYBIT,LINKUSDT,240,1786708800000,8.826,8.883,8.755,8.851,944414.7,8326288.489,1
BYBIT,LINKUSDT,240,1786723200000,8.851,9.013,8.823,8.982,1241062.0,11072907.2978,1
BYBIT,LINKUSDT,240,1786737600000,8.982,9.011,8.92,8.965,472469.0,4233547.197,1
BYBIT,LINKUSDT,240,1786752000000,8.965,9.745,8.963,9.576,3295583.8,30965150.0658,1
BYBIT,LINKUSDT,240,1786766400000,9.576,9.602,9.313,9.331,1064807.5,10067666.756,1
BYBIT,LINKUSDT,240,1786780800000,9.331,9.386,9.217,9.304,900223.0,8373018.2659,1
BYBIT,LINKUSDT,240,1786795200000,9.304,9.525,9.299,9.506,1013467.3,9569529.5066,1
BYBIT,LINKUSDT,240,1786809600000,9.506,9.626,9.483,9.579,1040657.0,9951837.5486,1
BYBIT,LINKUSDT,240,1786824000000,9.579,9.596,9.46,9.466,459226.6,4381506.8787,1
BYBIT,LINKUSDT,240,1786838400000,9.466,9.506,9.391,9.393,485198.0,4585900.7509,1
BYBIT,LINKUSDT,240,1786852800000,9.393,9.402,9.312,9.372,591419.0,5534272.8549,1
BYBIT,LINKUSDT,240,1786867200000,9.372,9.453,9.366,9.411,508717.3,4788851.2169,1
BYBIT,LINKUSDT,240,1786881600000,9.411,9.413,9.289,9.387,761366.2,7114099.5095,1
BYBIT,LINKUSDT,240,1786896000000,9.387,9.474,9.362,9.457,826689.9,7784784.6123,1
BYBIT,LINKUSDT,240,1786910400000,9.457,9.49,9.329,9.385,526504.2,4949360.4753,1
BYBIT,LINKUSDT,240,1786924800000,9.385,9.567,9.356,9.483,751751.0,7132128.3976,1
BYBIT,LINKUSDT,240,1786939200000,9.483,9.502,9.403,9.405,525471.2,4966113.4635,1
BYBIT,LINKUSDT,240,1786953600000,9.405,9.556,9.361,9.509,610623.4,5766630.9668,1
BYBIT,LINKUSDT,240,1786968000000,9.509,9.567,9.436,9.516,705016.3,6709185.0463,1
BYBIT,LINKUSDT,240,1786982400000,9.516,9.568,9.454,9.488,642094.4,6106193.6947,1
BYBIT,LINKUSDT,240,1786996800000,9.488,9.55,9.467,9.538,278992.9,2650660.6088,1
BYBIT,LINKUSDT,240,1787011200000,9.538,9.544,9.325,9.415,647551.1,6097893.723,1
BYBIT,LINKUSDT,240,1787025600000,9.415,9.522,9.383,9.424,643563.8,6076631.1892,1
BYBIT,LINKUSDT,240,1787040000000,9.424,9.491,9.375,9.436,453468.2,4282904.127,1
BYBIT,LINKUSDT,240,1787054400000,9.436,9.554,9.395,9.474,776944.1,7362167.4633,1
BYBIT,LINKUSDT,240,1787068800000,9.474,9.538,9.443,9.494,350418.6,3325672.9994,1
BYBIT,LINKUSDT,240,1787083200000,9.494,9.556,9.458,9.531,395036.6,3753783.3599,1
BYBIT,LINKUSDT,240,1787097600000,9.531,9.722,9.481,9.696,768940.1,7384472.3753,1
BYBIT,LINKUSDT,240,1787112000000,9.696,9.717,9.554,9.69,767145.5,7389121.0589,1
BYBIT,LINKUSDT,240,1787126400000,9.69,9.837,9.656,9.761,1457937.8,14213342.9271,1
BYBIT,LINKUSDT,240,1787140800000,9.761,10.05,9.648,9.913,2385865.8,23439221.8906,1
BYBIT,LINKUSDT,240,1787155200000,9.913,10.148,9.843,10.109,1588638.6,15885367.2519,1
BYBIT,LINKUSDT,240,1787169600000,10.109,10.891,10.09,10.547,3000682.5,31784941.5474,1
BYBIT,LINKUSDT,240,1787184000000,10.547,10.619,10.361,10.436,726954.7,7637250.0672,1
BYBIT,LINKUSDT,240,1787198400000,10.436,10.587,10.406,10.542,609647.8,6399924.7722,1
BYBIT,LINKUSDT,240,1787212800000,10.542,10.759,10.532,10.661,1210167.0,12892783.0823,1
BYBIT,LINKUSDT,240,1787227200000,10.661,10.729,10.505,10.707,1037021.3,10997139.3097,1
BYBIT,LINKUSDT,240,1787241600000,10.707,10.872,10.603,10.65,1256990.0,13482056.4631,1
BYBIT,LINKUSDT,240,1787256000000,10.65,10.713,10.48,10.683,755936.4,8017808.8849,1
BYBIT,LINKUSDT,240,1787270400000,10.683,11.034,10.679,10.901,1705387.8,18535157.7662,1
BYBIT,LINKUSDT,240,1787284800000,10.901,11.86,10.855,11.543,2080472.0,23543735.4967,1
BYBIT,LINKUSDT,240,1787299200000,11.543,11.747,11.222,11.274,2264064.1,25957491.7914,1
BYBIT,LINKUSDT,240,1787313600000,11.274,11.633,11.231,11.517,1336505.1,15260024.6044,1
BYBIT,LINKUSDT,240,1787328000000,11.517,11.682,11.4,11.657,950206.8,10994747.0118,1
BYBIT,LINKUSDT,240,1787342400000,11.657,12.399,11.62,11.989,1795954.8,21662248.2237,1
BYBIT,LINKUSDT,240,1787356800000,11.989,12.462,11.861,12.374,1323465.7,16142361.2432,1
BYBIT,LINKUSDT,240,1787371200000,12.374,12.614,10.751,11.749,5288070.2,62209400.449,1
BYBIT,LINKUSDT,240,1787385600000,11.749,11.832,11.36,11.689,1939341.3,22484352.2863,1
BYBIT,LINKUSDT,240,1787400000000,11.689,11.902,11.468,11.613,1351181.6,15790055.6548,1
BYBIT,LINKUSDT,240,1787414400000,11.613,11.815,11.523,11.739,1009769.0,11826994.2024,1
BYBIT,LINKUSDT,240,1787428800000,11.739,11.808,11.445,11.646,601317.2,6983545.0274,1
BYBIT,LINKUSDT,240,1787443200000,11.646,11.749,11.416,11.453,898486.0,10396085.0607,1
BYBIT,LINKUSDT,240,1787457600000,11.453,11.514,11.034,11.305,1889858.7,21263578.6522,1
BYBIT,LINKUSDT,240,1787472000000,11.305,11.468,11.267,11.408,1292436.5,14689851.2971,1
BYBIT,LINKUSDT,240,1787486400000,11.408,11.654,11.241,11.455,1746261.8,20031020.6808,1
BYBIT,LINKUSDT,240,1787500800000,11.455,11.61,11.427,11.488,743398.3,8565653.9347,1
BYBIT,LINKUSDT,240,1787515200000,11.488,11.732,11.432,11.538,817011.8,9459108.5318,1
BYBIT,LINKUSDT,240,1787529600000,11.538,11.555,11.289,11.347,834924.4,9534283.3948,1
BYBIT,LINKUSDT,240,1787544000000,11.347,11.677,11.343,11.513,728333.0,8392837.0242,1
BYBIT,LINKUSDT,240,1787558400000,11.513,11.753,11.355,11.718,892135.9,10318479.393,1
BYBIT,LINKUSDT,240,1787572800000,11.718,11.783,11.484,11.566,1474947.7,17193213.3158,1
BYBIT,LINKUSDT,240,1787587200000,11.566,11.699,11.413,11.552,1035092.2,11946655.1429,1
BYBIT,LINKUSDT,240,1787601600000,11.552,11.68,11.497,11.622,446166.9,5175303.2552,1
BYBIT,LINKUSDT,240,1787616000000,11.622,11.96,11.584,11.743,1148873.3,13546771.6499,1
BYBIT,LINKUSDT,240,1787630400000,11.743,11.837,11.464,11.581,943275.1,11031834.3264,1
BYBIT,LINKUSDT,240,1787644800000,11.581,11.69,11.51,11.546,572490.9,6635512.2247,1
BYBIT,LINKUSDT,240,1787659200000,11.546,11.647,11.339,11.575,927364.9,10676084.5245,1
BYBIT,LINKUSDT,240,1787673600000,11.575,11.598,11.43,11.45,614390.7,7075647.8823,1
BYBIT,LINKUSDT,240,1787688000000,11.45,11.472,11.12,11.285,1083612.1,12242575.4878,1
BYBIT,LINKUSDT,240,1787702400000,11.285,11.442,11.225,11.391,475251.0,5396322.4219,1
BYBIT,LINKUSDT,240,1787716800000,11.391,11.45,11.301,11.324,580667.7,6598259.9425,1
BYBIT,LINKUSDT,240,1787731200000,11.324,11.482,11.21,11.384,634484.3,7199588.9373,1
BYBIT,LINKUSDT,240,1787745600000,11.384,11.492,11.028,11.226,1643499.7,18426408.4602,1
BYBIT,LINKUSDT,240,1787760000000,11.226,11.341,11.13,11.297,533660.5,6001065.9788,1
BYBIT,LINKUSDT,240,1787774400000,11.297,11.621,11.203,11.617,557602.2,6393254.542,1
BYBIT,LINKUSDT,240,1787788800000,11.617,11.623,11.44,11.516,472249.7,5446294.3842,1
BYBIT,LINKUSDT,240,1787803200000,11.516,11.676,11.49,11.663,483113.6,5595835.0102,1
BYBIT,LINKUSDT,240,1787817600000,11.663,11.918,11.631,11.738,1251010.4,14742865.1693,1
BYBIT,LINKUSDT,240,1787832000000,11.738,11.98,11.673,11.918,1850110.0,21835875.0827,1
BYBIT,LINKUSDT,240,1787846400000,11.918,11.952,11.749,11.852,559716.0,6642006.4367,1
BYBIT,LINKUSDT,240,1787860800000,11.852,11.972,11.832,11.91,364385.2,4338022.7126,1
BYBIT,LINKUSDT,240,1787875200000,11.91,12.075,11.665,11.704,838189.1,9934271.4893,1
BYBIT,LINKUSDT,240,1787889600000,11.704,11.845,11.654,11.69,544964.3,6404474.2314,1
BYBIT,LINKUSDT,240,1787904000000,11.69,11.791,11.602,11.773,602535.5,7043143.6114,1
BYBIT,LINKUSDT,240,1787918400000,11.773,11.88,11.543,11.561,1319979.6,15442745.6741,1
BYBIT,LINKUSDT,240,1787932800000,11.561,11.578,11.244,11.383,1651982.0,18847984.2597,1
BYBIT,LINKUSDT,240,1787947200000,11.383,11.446,11.289,11.424,422213.4,4802635.7782,1
BYBIT,LINKUSDT,240,1787961600000,11.424,11.47,11.33,11.333,276702.8,3153872.751,1
BYBIT,LINKUSDT,240,1787976000000,11.333,11.39,11.286,11.317,269679.2,3059433.1934,1
BYBIT,LINKUSDT,240,1787990400000,11.317,11.352,11.27,11.296,248687.2,2812119.0618,1
BYBIT,LINKUSDT,240,1788004800000,11.296,11.487,11.296,11.382,348298.3,3967949.0621,1
BYBIT,LINKUSDT,240,1788019200000,11.382,11.463,11.358,11.426,265032.6,3022374.8101,1
BYBIT,LINKUSDT,240,1788033600000,11.426,11.481,11.404,11.448,309221.1,3536965.25,1
BYBIT,LINKUSDT,240,1788048000000,11.448,11.456,11.36,11.379,237563.4,2707039.8669,1
BYBIT,LINKUSDT,240,1788062400000,11.379,11.443,11.325,11.383,212610.3,2420803.1478,1
BYBIT,LINKUSDT,240,1788076800000,11.383,11.413,11.331,11.408,187241.7,2129157.0508,1
BYBIT,LINKUSDT,240,1788091200000,11.408,11.622,11.395,11.556,640641.1,7370990.4176,1
BYBIT,LINKUSDT,240,1788105600000,11.556,11.79,11.519,11.588,755537.8,8818902.722,1
BYBIT,LINKUSDT,240,1788120000000,11.588,11.611,10.983,11.134,1306301.2,14752972.1629,1
BYBIT,LINKUSDT,240,1788134400000,11.134,11.24,11.024,11.157,591081.5,6580322.1507,1
BYBIT,LINKUSDT,240,1788148800000,11.157,11.318,11.088,11.263,821447.2,9239559.7001,1
BYBIT,LINKUSDT,240,1788163200000,11.263,11.354,11.205,11.241,327157.1,3690459.8,1
BYBIT,LINKUSDT,240,1788177600000,11.241,11.394,11.153,11.378,809845.2,9131245.2676,1
BYBIT,LINKUSDT,240,1788192000000,11.378,11.493,11.283,11.395,488388.4,5559750.7917,1
BYBIT,LINKUSDT,240,1788206400000,11.395,11.433,11.272,11.314,396287.7,4495495.6646,1
BYBIT,LINKUSDT,240,1788220800000,11.314,11.488,11.29,11.427,445867.9,5070386.4726,1
BYBIT,LINKUSDT,240,1788235200000,11.427,11.515,11.401,11.466,318699.7,3655535.8594,1
BYBIT,LINKUSDT,240,1788249600000,11.466,11.488,11.278,11.459,545432.5,6200980.2275,1
BYBIT,LINKUSDT,240,1788264000000,11.459,11.514,11.309,11.422,550604.9,6281356.7914,1
BYBIT,LINKUSDT,240,1788278400000,11.422,11.444,11.048,11.211,713236.5,8020705.655,1
BYBIT,LINKUSDT,240,1788292800000,11.211,11.262,11.094,11.226,421088.9,4709566.7509,1
BYBIT,LINKUSDT,240,1788307200000,11.226,11.288,11.065,11.199,410350.1,4587038.3978,1
BYBIT,LINKUSDT,240,1788321600000,11.199,11.302,11.146,11.202,383230.0,4306448.3742,1
BYBIT,LINKUSDT,240,1788336000000,11.202,11.227,10.903,11.018,693968.5,7656063.3177,1
BYBIT,LINKUSDT,240,1788350400000,11.018,11.209,10.958,11.082,604733.4,6697990.0314,1
BYBIT,LINKUSDT,240,1788364800000,11.082,11.178,11.015,11.107,507705.3,5636842.5057,1
BYBIT,LINKUSDT,240,1788379200000,11.107,11.165,11.02,11.112,364037.0,4038931.2088,1
BYBIT,LINKUSDT,240,1788393600000,11.112,11.223,10.987,11.189,529017.1,5882232.7542,1
BYBIT,LINKUSDT,240,1788408000000,11.189,11.275,11.098,11.173,507344.6,5686819.0582,1
BYBIT,LINKUSDT,240,1788422400000,11.173,11.322,11.12,11.263,427004.7,4789321.2722,1
BYBIT,LINKUSDT,240,1788436800000,11.263,11.854,11.25,11.776,1290846.4,14933632.8543,1
BYBIT,LINKUSDT,240,1788451200000,11.776,11.87,11.625,11.852,631049.6,7420524.7179,1
BYBIT,LINKUSDT,240,1788465600000,11.852,11.958,11.763,11.825,681726.7,8085448.4017,1
BYBIT,LINKUSDT,240,1788480000000,11.825,11.941,11.746,11.875,540054.1,6395112.3918,1
BYBIT,LINKUSDT,240,1788494400000,11.875,11.998,11.81,11.921,491683.8,5857543.0906,1
BYBIT,LINKUSDT,240,1788508800000,11.921,12.157,11.879,12.023,1011937.5,12173922.5136,1
BYBIT,LINKUSDT,240,1788523200000,12.023,12.054,11.438,11.652,2337757.4,27256147.9582,1
BYBIT,LINKUSDT,240,1788537600000,11.652,11.727,11.57,11.701,430777.6,5025106.3356,1
BYBIT,LINKUSDT,240,1788552000000,11.701,11.712,11.586,11.624,288833.8,3362563.5839,1
BYBIT,LINKUSDT,240,1788566400000,11.624,11.699,11.584,11.661,345441.0,4022049.8925,1
BYBIT,LINKUSDT,240,1788580800000,11.661,11.774,11.606,11.734,348075.5,4062747.7753,1
BYBIT,LINKUSDT,240,1788595200000,11.734,11.873,11.711,11.719,608589.9,7170617.4128,1
BYBIT,LINKUSDT,240,1788609600000,11.719,11.953,11.719,11.939,576315.9,6829394.2906,1
BYBIT,LINKUSDT,240,1788624000000,11.939,12.229,11.888,11.999,1301822.6,15696657.0015,1
BYBIT,LINKUSDT,240,1788638400000,11.999,12.099,11.929,12.04,508065.1,6104627.4968,1
BYBIT,LINKUSDT,240,1788652800000,12.04,12.458,12.035,12.213,855458.7,10469985.9086,1
BYBIT,LINKUSDT,240,1788667200000,12.213,12.321,12.11,12.202,628481.6,7672564.4148,1
BYBIT,LINKUSDT,240,1788681600000,12.202,12.308,12.157,12.268,527003.4,6458507.9049,1
BYBIT,LINKUSDT,240,1788696000000,12.268,12.396,12.049,12.213,1131994.3,13856544.7085,1
BYBIT,LINKUSDT,240,1788710400000,12.213,12.42,12.192,12.372,633648.3,7809485.3943,1
BYBIT,LINKUSDT,240,1788724800000,12.372,13.343,12.321,13.223,2820390.3,36512894.5378,1
BYBIT,LINKUSDT,240,1788739200000,13.223,13.33,12.938,13.02,962103.1,12630125.226,1
BYBIT,LINKUSDT,240,1788753600000,13.02,13.676,13.011,13.184,1619106.7,21543693.473,1
BYBIT,LINKUSDT,240,1788768000000,13.184,13.518,13.129,13.171,1104761.4,14710704.5724,1
BYBIT,LINKUSDT,240,1788782400000,13.171,13.326,12.834,12.859,1608035.4,20958161.9377,1
BYBIT,LINKUSDT,240,1788796800000,12.859,12.959,12.679,12.823,748468.9,9602532.9476,1
BYBIT,LINKUSDT,240,1788811200000,12.823,12.824,12.602,12.738,719992.8,9165794.4981,1
BYBIT,LINKUSDT,240,1788825600000,12.738,12.803,12.547,12.65,666708.2,8471881.3945,1
BYBIT,LINKUSDT,240,1788840000000,12.65,12.719,12.562,12.672,638978.8,8082304.7603,1
BYBIT,LINKUSDT,240,1788854400000,12.672,12.782,12.447,12.491,837549.2,10557627.2806,1
BYBIT,LINKUSDT,240,1788868800000,12.491,12.716,12.275,12.683,1264290.5,15784236.2285,1
BYBIT,LINKUSDT,240,1788883200000,12.683,12.788,12.529,12.561,724091.7,9174195.9632,1
BYBIT,LINKUSDT,240,1788897600000,12.561,12.611,12.434,12.509,536222.0,6710776.2249,1
BYBIT,LINKUSDT,240,1788912000000,12.509,12.561,12.361,12.388,476352.3,5934651.1501,1
BYBIT,LINKUSDT,240,1788926400000,12.388,12.631,12.385,12.482,592470.7,7424079.1836,1
BYBIT,LINKUSDT,240,1788940800000,12.482,12.513,11.936,12.103,1710254.3,20771066.4101,1
BYBIT,LINKUSDT,240,1788955200000,12.103,12.224,11.81,11.993,1322889.8,15951162.1661,1
BYBIT,LINKUSDT,240,1788969600000,11.993,12.047,11.845,11.856,518933.4,6203333.9739,1
BYBIT,LINKUSDT,240,1788984000000,11.856,11.89,11.57,11.794,1093542.2,12836251.4426,1
BYBIT,LINKUSDT,240,1788998400000,11.794,11.869,11.632,11.805,724221.2,8517494.0658,1
BYBIT,LINKUSDT,240,1789012800000,11.805,11.884,11.718,11.775,435911.5,5146510.9402,1
BYBIT,LINKUSDT,240,1789027200000,11.775,11.874,11.739,11.809,501898.2,5920344.9088,1
BYBIT,LINKUSDT,240,1789041600000,11.809,11.839,11.457,11.624,1355447.8,15779611.7992,1
BYBIT,LINKUSDT,240,1789056000000,11.624,11.722,11.48,11.608,564186.2,6553099.4929,1
BYBIT,LINKUSDT,240,1789070400000,11.608,11.641,11.419,11.448,598170.5,6890787.9954,1
BYBIT,LINKUSDT,240,1789084800000,11.448,11.525,11.374,11.489,493400.6,5656820.1947,1
BYBIT,LINKUSDT,240,1789099200000,11.489,11.601,11.465,11.469,499571.2,5758873.5066,1
BYBIT,LINKUSDT,240,1789113600000,11.469,11.539,11.292,11.392,763361.0,8699800.8049,1
BYBIT,LINKUSDT,240,1789128000000,11.392,12.204,11.246,11.699,2170584.3,25514382.7911,1
BYBIT,LINKUSDT,240,1789142400000,11.699,11.809,11.489,11.606,770601.8,8980713.6194,1
BYBIT,LINKUSDT,240,1789156800000,11.606,11.643,11.455,11.541,499125.9,5763911.3457,1
BYBIT,LINKUSDT,240,1789171200000,11.541,11.563,11.439,11.474,306228.2,3523892.7014,1
BYBIT,LINKUSDT,240,1789185600000,11.474,11.572,11.473,11.559,263758.3,3037758.7998,1
BYBIT,LINKUSDT,240,1789200000000,11.559,11.575,11.502,11.563,283308.6,3270867.646,1
BYBIT,LINKUSDT,240,1789214400000,11.563,11.616,11.512,11.581,343730.2,3974248.2779,1
BYBIT,LINKUSDT,240,1789228800000,11.581,11.597,11.45,11.467,449756.9,5176797.3278,1
BYBIT,LINKUSDT,240,1789243200000,11.467,11.529,11.454,11.497,292335.5,3361838.5459,1
BYBIT,LINKUSDT,240,1789257600000,11.497,11.526,11.456,11.473,284836.7,3273791.6809,1
BYBIT,LINKUSDT,240,1789272000000,11.473,11.558,11.394,11.419,338645.8,3879586.1154,1
BYBIT,LINKUSDT,240,1789286400000,11.419,11.443,11.229,11.287,663811.0,7518585.3422,1
BYBIT,LINKUSDT,240,1789300800000,11.287,11.334,11.18,11.251,592254.8,6667410.898,1
BYBIT,LINKUSDT,240,1789315200000,11.251,11.495,11.251,11.408,771304.1,8813251.5345,1
BYBIT,LINKUSDT,240,1789329600000,11.408,11.474,11.15,11.194,792082.7,8921211.9341,1
BYBIT,LINKUSDT,240,1789344000000,11.194,11.435,11.11,11.369,489513.4,5523925.1424,1
BYBIT,LINKUSDT,240,1789358400000,11.369,11.461,11.353,11.402,405586.8,4624406.5379,1
BYBIT,LINKUSDT,240,1789372800000,11.402,11.48,11.309,11.382,621815.0,7079569.2254,1
BYBIT,LINKUSDT,240,1789387200000,11.382,11.48,11.24,11.457,640038.4,7282639.7876,1
BYBIT,LINKUSDT,240,1789401600000,11.457,11.75,11.431,11.731,809745.9,9385444.7048,1
BYBIT,LINKUSDT,240,1789416000000,11.731,11.957,11.494,11.51,620875.8,7272981.1628,1
BYBIT,LINKUSDT,240,1789430400000,11.51,11.621,11.448,11.499,409158.5,4724129.256,1
BYBIT,LINKUSDT,240,1789444800000,11.499,11.508,11.318,11.333,448466.1,5118974.6146,1
BYBIT,LINKUSDT,240,1789459200000,11.333,11.421,11.293,11.373,330434.9,3754699.0821,1
BYBIT,LINKUSDT,240,1789473600000,11.373,11.498,11.027,11.267,1054735.0,11874165.9713,1
BYBIT,LINKUSDT,240,1789488000000,11.267,11.405,10.782,11.083,1651436.7,18310236.6116,1
BYBIT,LINKUSDT,240,1789502400000,11.083,11.111,10.805,10.876,758877.1,8301540.3959,1
BYBIT,LINKUSDT,240,1789516800000,10.876,10.93,10.757,10.816,387566.5,4205106.474,1
BYBIT,LINKUSDT,240,1789531200000,10.816,10.904,10.734,10.751,581865.5,6301035.0533,1
BYBIT,LINKUSDT,240,1789545600000,10.751,10.904,10.669,10.87,612067.7,6596633.5449,1
BYBIT,LINKUSDT,240,1789560000000,10.87,10.875,10.608,10.67,949337.5,10160103.3975,1
BYBIT,LINKUSDT,240,1789574400000,10.67,10.951,10.609,10.923,1265731.1,13650946.3728,1
BYBIT,LINKUSDT,240,1789588800000,10.923,11.067,10.841,11.049,636686.4,6976219.4801,1
BYBIT,LINKUSDT,240,1789603200000,11.049,11.178,10.976,11.126,560704.7,6217492.8289,1
BYBIT,LINKUSDT,240,1789617600000,11.126,11.232,11.043,11.169,520300.6,5803317.3249,1
BYBIT,LINKUSDT,240,1789632000000,11.169,11.236,11.091,11.175,491373.5,5482139.225,1
BYBIT,LINKUSDT,240,1789646400000,11.175,11.427,11.137,11.371,747994.4,8447362.6069,1
BYBIT,LINKUSDT,240,1789660800000,11.371,11.428,11.276,11.309,537186.8,6094568.3445,1
BYBIT,LINKUSDT,240,1789675200000,11.309,11.407,11.245,11.38,502712.7,5699506.2386,1
BYBIT,LINKUSDT,240,1789689600000,11.38,11.79,11.337,11.756,664282.9,7693273.7845,1
BYBIT,LINKUSDT,240,1789704000000,11.756,11.861,11.652,11.822,945828.5,11138331.7987,1
BYBIT,LINKUSDT,240,1789718400000,11.822,11.964,11.725,11.824,874497.5,10359267.8472,1
BYBIT,LINKUSDT,240,1789732800000,11.824,12.24,11.767,12.145,1106078.2,13286950.2582,1
BYBIT,LINKUSDT,240,1789747200000,12.145,12.387,12.081,12.382,716831.5,8759595.1985,1
BYBIT,LINKUSDT,240,1789761600000,12.382,12.418,12.218,12.224,467048.6,5759094.2259,1
BYBIT,LINKUSDT,240,1789776000000,12.224,12.492,12.21,12.399,536577.9,6631423.5103,1
BYBIT,LINKUSDT,240,1789790400000,12.399,12.45,12.253,12.293,292440.9,3609058.2736,1
BYBIT,LINKUSDT,240,1789804800000,12.293,12.61,12.284,12.52,547127.6,6836066.3485,1
BYBIT,LINKUSDT,240,1789819200000,12.52,12.644,12.42,12.565,722688.6,9056277.4705,1
BYBIT,LINKUSDT,240,1789833600000,12.565,12.688,12.453,12.494,586249.4,7362277.5801,1
BYBIT,LINKUSDT,240,1789848000000,12.494,12.539,12.276,12.414,560868.4,6951344.8011,1
BYBIT,LINKUSDT,240,1789862400000,12.414,12.446,11.921,12.079,825287.4,10046249.2055,1
BYBIT,LINKUSDT,240,1789876800000,12.079,12.083,11.939,11.966,405973.1,4875032.9743,1
BYBIT,LINKUSDT,240,1789891200000,11.966,12.084,11.907,12.065,443078.8,5312590.3826,1
BYBIT,LINKUSDT,240,1789905600000,12.065,12.379,12.026,12.37,662274.0,8046150.0951,1
BYBIT,LINKUSDT,240,1789920000000,12.37,12.601,12.309,12.529,839314.0,10461168.7479,1
BYBIT,LINKUSDT,240,1789934400000,12.529,12.564,12.32,12.513,447965.5,5582706.3023,1
BYBIT,LINKUSDT,240,1789948800000,12.513,12.796,12.443,12.676,835381.1,10554044.53,1
BYBIT,LINKUSDT,240,1789963200000,12.676,12.7,12.469,12.555,597948.7,7515791.2097,1
BYBIT,LINKUSDT,240,1789977600000,12.555,13.135,12.548,13.04,1146568.4,14812284.1094,1
BYBIT,LINKUSDT,240,1789992000000,13.04,13.166,12.861,13.013,911902.3,11857104.4892,1
BYBIT,LINKUSDT,240,1790006400000,13.013,13.075,12.733,13.024,1127896.4,14526843.326,1
BYBIT,LINKUSDT,240,1790020800000,13.024,13.289,13.017,13.177,938626.8,12349455.0455,1
BYBIT,LINKUSDT,240,1790035200000,13.177,13.229,12.857,12.991,853462.9,11112015.0854,1
BYBIT,LINKUSDT,240,1790049600000,12.991,13.052,12.8,12.889,649557.7,8384552.8621,1
